generation,fitness,chromosome
0,1.2766066469236885,"0,3,1,0,2,4,4,1,0,4,0,1,0,0,2,3,0,0,2,4,2,4,2,1,1,2,1,4,1,0,2,2,0,3,4,4,1,1,0,0,1,2,4,1,2,3,2,3,4,0,1,1,3,0,1,3,1,2,0,2,4,2,0,4,4,4,2,1,0,1,1,4,3,0,1,2,3,3,4,2,3,1,0,3,4,2,1,4,1,4,0,0,3,1,4,3,2,3,0,1,0,1,0,2,2,1,2,3,1,0,1,4,2,4,1,3,4,0,1,3,2,4,1,3,3,3,2,4,3,1,1,1,1,1,3,0,0,3,0,2,2,3,3,3,4,0,3,3,2,3,1,4,1,3,2,1,4,3,1,2,0,1,0,4,2,3,2,0,4,3,3,4,3,2,3,3,2,4,3,3,4,2,3,3,0,4,4,3,4,4,2,2,4,0,4,3,2,0,0,3,3,3,0,4,3,2,0,4,2,2,4,3,1,0,4,0,2,1,2,1,1,4,0,1,1,0,1,2,2,3,0,0,1,4,4,4,2,3,0,4,1,1,0,1,2,0,3,4,3,2,0,4,4,1,4,4,4,1,4,4,3,1,1,3,3,4,3,2,0,3,2,3,1,4,4,2,3,1"
1,1.3108586992676943,"0,3,1,0,2,4,4,1,0,4,0,1,0,0,2,3,0,0,2,4,2,4,2,1,1,2,1,4,1,0,2,2,4,3,4,4,1,1,0,0,1,2,4,1,1,3,2,3,4,0,1,1,3,0,1,3,1,2,0,2,4,2,0,4,4,4,2,1,0,1,3,3,1,2,0,4,4,4,0,2,3,4,1,0,4,2,2,4,3,3,1,4,2,0,4,3,2,4,1,1,4,0,2,4,3,2,0,0,3,4,3,4,1,2,4,2,3,2,0,4,1,4,2,1,4,2,2,0,1,2,1,2,4,4,0,3,2,2,1,3,1,4,3,1,2,2,3,4,0,1,0,1,3,3,4,0,2,3,0,2,2,1,3,4,2,0,1,2,3,1,1,4,4,2,1,4,3,2,0,0,1,2,1,1,2,3,1,0,2,2,0,4,3,0,2,2,3,1,1,1,0,4,1,4,4,3,2,3,0,4,0,0,0,0,2,0,3,4,0,4,0,3,3,3,1,2,0,3,3,4,3,2,1,1,3,4,0,3,1,2,3,2,0,0,3,3,2,1,3,4,0,4,1,2,4,1,3,0,0,1,0,3,1,4,0,1,2,4,4,3,1,4,0,0,0,2,3,2"
2,1.3608925771506284,"0,3,1,0,2,4,4,1,0,4,0,1,0,0,2,3,0,0,2,4,2,4,0,1,1,2,1,4,1,0,2,2,4,3,4,4,1,1,0,0,1,2,4,1,1,3,2,3,4,0,1,1,3,0,1,3,1,2,0,2,4,2,0,4,4,4,2,1,0,1,1,4,3,0,1,2,3,3,4,2,3,1,0,3,4,2,1,4,1,4,0,0,3,1,4,3,2,3,0,1,0,1,0,2,2,1,2,3,1,0,1,4,2,4,1,3,4,0,1,3,2,4,1,3,3,3,2,4,3,1,1,1,1,1,3,0,0,3,0,0,2,3,3,3,4,0,3,1,2,3,1,4,1,3,2,1,4,3,1,2,0,1,0,4,2,3,2,0,4,3,3,4,3,2,3,3,2,4,3,3,4,2,3,3,0,4,4,3,4,4,2,2,4,0,4,3,2,0,0,3,3,3,0,4,3,2,0,4,2,2,4,3,1,0,4,0,2,1,2,1,1,4,0,1,1,0,4,2,2,3,0,0,1,4,4,4,2,3,2,2,0,3,2,3,0,4,2,0,0,4,0,2,0,2,0,3,0,0,1,3,2,4,1,2,1,1,2,4,1,3,2,0,3,2,2,0,4,1"
3,1.3651477894336534,"0,3,1,2,2,4,4,1,0,4,0,1,3,0,2,3,0,0,2,4,2,4,0,1,4,2,1,4,1,0,2,2,4,3,4,4,1,1,0,0,1,2,1,1,0,3,2,3,4,0,1,1,3,0,1,3,1,2,0,2,4,2,0,4,4,4,2,1,0,1,1,4,3,0,1,2,3,3,4,2,3,1,0,3,4,2,0,4,1,4,0,0,3,1,4,3,2,3,0,1,0,1,0,0,2,1,2,3,1,0,1,4,2,4,1,3,0,0,1,3,2,4,1,3,3,3,2,4,3,1,1,1,1,1,3,0,0,3,0,0,2,3,3,3,4,0,3,1,2,3,1,4,1,3,2,1,4,3,1,2,0,1,0,2,2,3,2,0,4,3,3,4,3,2,3,4,2,4,3,3,4,2,3,3,0,4,4,3,4,4,2,2,4,0,4,3,2,0,0,3,0,3,0,4,3,2,0,4,2,2,4,3,1,0,4,0,2,1,2,1,1,4,0,1,1,0,4,2,2,4,2,1,1,1,4,4,2,4,2,1,0,3,2,3,0,4,2,4,3,3,0,2,4,0,1,0,3,0,1,0,2,4,4,2,1,1,4,2,3,4,2,0,3,2,2,3,0,3"
4,1.349344831090253,"0,3,1,2,2,4,4,1,0,4,0,1,3,0,2,3,3,0,2,4,2,4,0,1,4,2,1,4,1,0,2,2,4,3,4,4,1,1,0,0,1,2,4,1,0,3,2,3,4,0,1,1,3,0,1,4,1,2,0,2,4,2,0,4,4,4,2,1,0,1,1,4,3,0,1,2,3,3,4,2,3,1,0,3,4,2,0,4,1,4,0,0,3,1,4,3,2,3,0,1,0,1,0,0,2,1,2,3,1,0,1,4,2,4,1,3,0,0,1,3,2,4,1,3,3,3,2,4,3,1,1,1,1,1,3,0,0,3,0,0,1,3,3,3,4,0,2,1,2,3,1,4,1,3,2,1,4,3,1,2,0,1,0,2,2,3,2,0,4,3,3,4,3,2,3,4,2,4,3,3,4,2,3,3,0,4,4,3,4,4,2,2,4,0,4,3,2,0,0,3,0,3,0,4,3,2,0,4,2,2,4,3,1,0,4,0,2,1,0,1,1,4,0,1,1,4,4,2,2,4,3,2,1,1,4,4,2,4,2,1,0,3,2,3,0,4,2,4,3,3,0,2,4,0,1,0,3,0,1,0,2,4,4,2,1,1,4,2,3,4,2,0,3,2,2,3,0,3"
5,1.350953076102209,"0,3,1,2,2,4,4,1,0,4,0,1,3,0,2,3,3,0,2,4,2,4,0,1,4,2,1,4,1,0,2,2,4,3,4,4,1,1,0,0,1,2,4,1,0,3,2,3,4,0,1,2,3,0,1,4,1,2,0,2,4,2,0,4,4,4,2,1,0,1,1,4,3,0,0,2,3,3,4,2,3,3,0,3,4,2,0,1,1,4,0,0,3,1,0,3,2,3,0,1,0,1,0,3,2,1,2,3,1,0,1,4,2,4,1,3,0,0,1,2,2,4,1,3,3,3,2,4,3,1,1,1,1,1,3,0,0,3,0,0,2,3,3,3,4,0,3,1,2,3,1,4,1,3,2,1,1,3,1,2,0,1,0,2,2,3,2,0,4,3,3,2,3,1,0,4,2,4,3,3,4,2,3,3,0,4,4,3,4,4,2,2,4,0,4,3,2,0,0,3,0,3,0,4,3,2,0,4,2,2,4,3,1,0,4,0,2,1,2,1,1,4,0,1,1,0,4,2,2,3,2,1,1,1,4,4,2,4,2,1,0,3,2,3,0,4,2,4,3,3,0,2,4,0,1,0,3,0,1,0,2,4,4,2,1,1,4,2,3,3,2,0,3,2,2,4,0,3"
6,1.3657050315077484,"0,3,1,2,2,4,4,1,0,4,0,1,3,0,2,3,0,0,2,4,2,4,0,1,4,2,1,4,1,0,2,2,4,3,4,4,1,1,0,1,1,2,1,1,0,3,3,2,4,0,1,1,3,0,1,3,1,2,0,2,4,2,0,4,4,4,2,1,0,1,1,4,3,0,1,2,3,3,4,2,3,1,0,3,4,2,0,4,2,4,0,0,3,1,4,3,2,4,0,1,0,1,0,0,2,1,2,3,1,0,1,4,2,4,1,3,1,0,1,3,2,4,1,3,3,3,2,4,3,1,1,1,1,1,3,0,0,3,0,0,2,3,3,3,4,0,3,1,2,3,1,4,1,3,2,1,4,3,1,2,0,1,0,2,2,3,2,2,4,3,3,4,3,2,3,4,2,4,3,3,4,2,3,3,0,4,4,3,4,4,2,2,4,0,4,3,2,0,0,3,0,3,0,4,3,2,0,4,0,2,4,3,1,0,4,0,1,1,2,0,1,4,0,1,1,0,4,2,2,4,2,1,1,1,4,4,2,4,2,1,0,3,2,3,0,4,2,4,3,3,0,2,4,0,1,0,3,0,1,0,2,4,4,2,1,1,4,2,3,3,2,0,3,2,2,3,0,3"
7,1.366322713684723,"0,3,1,2,2,4,4,2,0,4,3,1,3,0,2,3,0,0,2,4,2,4,0,1,4,2,1,4,1,0,2,2,4,3,4,4,1,1,0,1,1,2,1,1,0,3,3,2,4,0,1,1,3,0,1,3,1,2,0,2,4,2,0,4,4,4,2,1,0,1,1,4,3,0,1,2,3,3,4,2,3,1,0,3,4,2,0,4,2,4,0,0,3,1,4,3,2,4,0,1,0,1,0,0,2,1,2,3,1,0,1,4,2,4,1,3,1,0,1,3,2,4,1,3,3,3,2,4,3,1,1,1,1,1,3,0,0,3,0,0,2,3,3,3,4,0,3,1,2,3,1,4,1,3,2,1,4,3,1,2,0,1,0,2,2,3,2,2,4,3,3,4,3,2,3,4,2,4,3,3,4,2,3,3,0,4,4,3,4,4,2,2,4,0,4,0,2,0,0,0,0,3,0,4,1,2,0,4,0,0,4,3,1,0,4,0,2,1,2,3,1,4,0,1,1,3,4,1,2,4,2,1,1,1,4,4,2,2,3,1,0,3,2,3,0,4,2,4,3,3,0,2,4,0,1,0,3,0,1,0,2,4,4,2,1,1,4,2,3,3,2,0,3,2,2,3,0,0"
8,1.3646631072506654,"0,3,1,2,2,4,4,2,0,4,3,1,3,0,2,3,0,0,2,4,2,4,0,1,4,2,1,4,1,0,2,2,4,3,4,4,1,1,0,1,1,2,1,1,0,3,3,2,4,0,1,1,3,0,1,3,1,2,0,2,4,2,0,4,4,4,2,1,0,1,1,4,3,0,1,2,3,3,4,2,3,1,0,3,4,2,0,4,2,4,0,0,3,1,4,3,2,4,0,1,0,1,0,0,2,1,2,3,1,0,1,4,2,4,1,3,1,0,1,3,2,4,1,3,3,3,2,4,3,1,1,1,1,1,3,0,0,3,0,0,2,3,3,3,4,0,3,1,2,3,1,4,1,3,2,1,4,3,1,2,0,1,0,2,2,3,2,2,4,3,3,4,3,2,3,4,2,4,3,3,4,2,3,3,0,4,4,3,4,4,2,2,4,0,4,0,2,0,0,0,0,3,0,4,1,2,0,4,0,0,4,3,1,0,4,0,2,1,2,3,1,4,2,2,1,0,4,1,2,4,2,1,1,1,4,4,2,2,3,1,0,3,2,3,3,4,2,4,3,3,0,2,4,0,1,0,3,0,1,0,2,4,4,2,1,1,4,2,3,3,2,0,3,2,2,3,0,0"
9,1.3668398116915204,"0,3,1,2,2,4,4,2,0,4,3,1,3,0,2,3,0,0,2,4,2,4,0,1,4,2,1,4,1,0,2,2,4,3,4,4,1,1,0,1,1,2,1,1,0,3,3,2,4,0,1,1,3,0,1,3,1,2,0,2,4,2,0,4,4,4,2,1,0,1,1,4,3,0,1,2,3,3,4,2,3,1,0,3,4,2,0,4,2,4,0,0,3,1,4,3,2,4,0,1,0,1,0,0,2,1,2,3,1,0,1,4,2,4,1,3,1,0,1,3,2,4,1,3,3,3,2,4,3,1,1,1,1,1,3,0,0,3,0,0,2,3,3,3,4,0,1,1,2,3,1,4,1,3,2,1,4,3,1,2,0,1,0,2,2,3,2,2,4,3,3,4,3,2,3,4,2,4,3,3,4,2,3,3,0,4,4,3,4,4,2,2,4,0,4,0,2,0,0,0,0,3,0,4,1,2,0,4,0,0,4,3,1,0,4,0,2,1,2,3,1,4,2,2,1,0,4,1,0,4,2,1,1,1,4,4,2,2,3,1,0,3,2,3,3,4,2,4,3,3,0,2,4,0,1,0,3,0,1,0,2,4,4,2,1,1,4,2,3,3,2,4,3,2,2,3,0,0"
10,1.367295853511685,"0,3,1,2,2,4,4,2,0,4,3,1,3,0,2,3,0,0,2,4,2,4,0,1,4,2,1,4,1,0,2,3,4,3,4,4,1,1,0,1,1,2,1,1,0,3,3,2,4,0,1,1,3,0,1,3,1,2,0,2,4,2,0,4,4,4,2,1,0,1,1,4,3,0,1,2,3,3,4,2,3,1,0,3,4,2,0,4,2,4,0,2,3,1,4,3,2,4,0,1,0,1,0,0,2,1,2,3,1,0,1,4,2,4,1,3,1,0,1,3,2,4,1,3,3,3,2,4,3,1,1,1,1,1,3,0,0,3,0,0,2,3,3,3,4,0,1,1,2,3,1,4,1,3,2,1,4,3,1,2,0,1,0,2,2,3,2,2,4,3,3,4,3,2,3,4,2,4,3,3,4,2,3,3,0,4,4,3,4,4,2,2,4,0,4,0,2,0,0,0,0,3,0,4,1,2,0,4,0,0,4,3,1,0,4,0,2,1,2,3,1,4,2,2,1,0,4,1,0,4,2,1,1,1,4,4,2,2,3,1,0,3,2,3,3,4,2,4,0,3,0,2,4,0,1,0,3,0,1,0,2,4,4,2,1,1,4,2,3,3,2,4,3,2,2,3,0,0"
11,1.3676428547852086,"0,3,1,2,2,4,4,2,0,4,3,1,3,0,2,3,0,0,2,4,2,4,0,1,4,2,1,4,1,0,2,3,4,3,4,4,1,1,0,1,1,2,3,1,0,3,3,2,4,0,1,1,3,0,1,3,1,2,0,2,4,2,0,4,4,4,2,1,0,1,1,4,3,0,1,2,3,3,4,2,3,1,0,3,4,2,0,4,2,4,0,2,3,1,4,3,2,4,0,1,0,1,0,0,2,1,2,3,1,0,1,4,2,4,1,3,1,0,1,3,2,4,1,3,3,3,2,4,3,1,1,1,1,1,3,0,0,3,0,0,2,3,3,3,4,0,1,1,2,3,1,4,1,3,2,1,4,3,1,2,0,1,0,2,2,3,2,2,4,3,3,3,3,2,3,4,2,4,3,1,4,2,3,3,0,4,4,3,4,4,2,2,4,0,4,0,2,0,0,0,0,3,0,4,1,2,0,4,0,0,4,3,1,0,4,0,2,1,2,3,1,4,2,2,1,0,4,1,0,4,2,1,1,1,4,4,2,2,3,1,0,3,2,4,3,4,2,4,0,3,0,2,4,0,1,0,3,0,1,0,2,4,4,2,1,1,4,2,3,3,2,4,3,2,2,3,0,0"
12,1.3677122750914674,"0,3,1,2,2,4,4,2,0,4,3,1,3,0,2,3,0,0,2,1,2,4,0,1,4,2,1,4,1,0,2,3,4,3,4,4,1,1,0,1,1,2,3,1,0,3,3,2,4,0,1,1,3,0,1,3,1,2,0,2,4,2,0,4,4,4,2,1,0,1,1,4,3,0,1,2,3,3,4,2,3,1,0,3,4,2,0,4,2,4,0,2,3,1,4,3,2,4,0,1,0,1,0,0,2,1,2,3,1,0,1,4,2,4,1,3,1,0,1,3,2,4,1,3,3,3,2,4,3,1,1,1,1,1,3,0,0,3,0,0,2,3,3,3,4,0,1,1,2,3,1,4,1,3,2,1,4,3,1,2,0,1,0,2,2,3,2,2,4,3,3,3,3,2,3,4,2,4,3,1,4,2,3,3,0,4,4,3,4,4,2,2,4,0,4,0,2,0,0,0,0,3,0,4,1,2,0,4,0,0,4,3,1,0,4,0,2,1,2,3,1,4,2,2,1,0,4,1,0,4,2,1,1,1,4,4,2,2,3,1,0,3,2,4,3,4,2,4,0,3,0,2,4,0,1,0,3,0,1,0,2,4,4,2,0,1,4,2,3,3,2,4,3,2,2,3,0,0"
13,1.3614834964492017,"0,3,1,2,2,4,4,2,0,4,3,3,3,0,2,3,0,0,2,1,2,4,0,1,4,2,1,4,1,0,2,3,4,3,4,4,1,1,0,1,1,2,3,1,0,3,3,2,4,0,1,1,3,0,1,3,1,2,0,2,4,2,0,4,4,4,2,1,0,1,1,4,3,0,1,2,3,3,4,2,3,1,0,3,4,2,0,4,2,4,0,2,3,1,1,3,2,3,0,1,1,1,0,0,4,1,2,3,1,0,1,4,2,4,1,3,1,0,1,3,2,4,1,3,3,3,2,4,3,1,1,1,1,1,3,0,0,3,0,0,0,3,3,3,4,0,1,1,2,3,1,4,1,3,2,1,4,3,1,2,0,1,0,2,2,3,2,2,4,3,3,3,3,2,3,4,2,4,3,1,4,2,3,3,0,4,4,3,4,4,2,2,4,0,4,0,2,0,0,0,0,3,0,4,1,2,0,4,0,0,4,3,1,0,4,0,2,1,2,3,1,4,4,2,2,0,4,1,0,4,2,1,1,1,4,4,2,2,3,1,0,3,2,4,3,4,2,4,0,3,0,2,4,0,1,0,1,0,1,0,2,4,4,2,0,1,4,2,3,3,2,4,3,2,2,3,3,0"
14,1.3595746230569348,"0,3,1,2,2,4,4,2,0,4,3,3,3,0,2,3,0,0,2,1,2,4,0,1,4,2,1,4,1,0,2,3,4,3,4,4,1,1,0,1,1,4,3,1,0,3,3,2,4,0,1,1,3,0,1,3,1,2,0,2,4,2,0,4,4,4,2,1,0,1,1,4,3,0,1,2,3,3,4,2,3,1,0,3,4,2,0,4,2,4,0,2,3,1,1,3,2,3,0,1,1,1,0,0,4,1,2,3,1,0,1,4,2,4,1,3,1,0,1,3,2,4,1,3,3,3,2,4,3,1,1,1,1,1,3,0,0,3,0,0,0,3,3,3,4,0,1,1,2,3,1,4,1,3,2,1,4,3,1,2,0,1,0,2,2,3,2,2,4,3,3,3,3,2,3,4,2,4,3,1,4,2,3,3,0,4,4,3,4,4,2,2,4,0,4,0,2,0,0,0,0,3,0,4,1,2,0,4,0,0,4,3,1,0,4,0,2,1,2,3,1,4,4,2,2,0,4,1,0,4,2,1,1,1,4,4,2,2,3,1,0,3,2,4,0,4,2,4,0,3,0,2,4,0,1,0,1,0,1,0,2,4,4,2,0,1,4,2,3,3,2,4,3,2,2,3,3,0"
15,1.3660567785578839,"0,3,1,2,2,4,4,2,0,4,3,3,3,0,2,3,0,0,2,1,2,4,0,1,4,2,1,4,1,0,2,3,0,3,4,4,1,1,0,1,1,4,3,1,0,3,3,2,4,0,1,1,3,0,1,3,1,2,0,2,4,2,0,4,4,4,2,1,0,1,1,4,3,0,1,2,3,3,4,2,3,1,0,3,4,2,0,4,2,4,0,2,3,1,4,3,3,4,0,1,0,1,0,0,2,1,2,4,1,0,1,4,2,4,1,3,1,0,1,3,2,4,1,3,3,3,2,4,3,1,1,1,1,1,3,4,0,3,0,0,2,3,3,3,4,0,1,1,2,3,1,4,1,3,2,1,4,3,1,2,0,1,0,2,2,3,2,2,4,3,3,3,3,2,3,4,2,4,3,1,4,2,3,3,0,4,4,3,4,4,2,2,0,0,4,0,2,0,0,0,0,3,0,4,1,2,0,4,0,0,4,3,1,0,4,0,2,1,2,3,1,4,2,2,1,0,4,1,0,4,2,1,1,1,4,4,2,2,3,1,0,3,2,4,3,4,2,4,0,3,0,2,4,0,1,0,3,0,1,0,2,4,2,2,0,1,4,2,4,3,2,4,3,2,2,3,0,0"
16,1.3474652611720435,"0,3,1,2,2,4,4,2,0,4,3,3,3,0,2,3,0,0,2,1,2,4,1,1,4,2,1,4,1,1,2,3,4,3,4,4,1,1,0,1,1,2,3,1,0,3,3,2,4,0,1,4,3,0,1,3,1,2,0,2,4,2,0,4,4,4,2,0,0,1,1,4,3,0,1,2,3,3,4,2,3,1,0,3,4,2,0,4,2,4,0,2,3,1,4,4,1,4,4,1,0,1,0,0,2,1,2,3,1,0,1,4,2,4,1,3,1,0,1,3,2,4,1,3,3,3,2,4,3,1,1,0,1,1,3,4,0,3,0,0,2,3,3,3,4,0,1,3,2,3,1,4,1,3,2,1,4,3,1,2,0,1,3,2,2,3,2,2,4,3,3,3,3,1,3,2,2,4,3,1,4,2,3,3,0,4,4,3,4,4,2,2,0,0,4,0,2,0,0,0,0,3,0,4,1,2,0,4,2,3,4,3,1,0,4,0,2,1,2,3,1,4,2,2,1,0,4,1,0,4,2,1,1,1,4,4,2,2,3,1,0,3,2,4,3,4,2,4,0,3,0,2,4,0,1,0,3,0,1,0,2,4,4,2,0,1,4,2,4,3,2,4,3,2,2,3,0,0"
17,1.3667870065157182,"0,3,1,2,2,4,4,2,0,4,3,3,3,0,2,3,0,3,2,1,2,4,0,1,4,2,1,4,1,0,2,3,4,3,4,4,1,1,0,1,1,2,3,1,0,3,3,2,4,0,1,1,3,0,1,3,1,2,0,2,4,2,0,4,4,4,2,1,0,1,1,4,3,0,1,2,3,3,4,2,3,1,0,3,4,2,0,4,2,4,0,2,3,1,4,3,2,4,0,1,0,1,0,0,2,1,2,3,1,0,1,4,2,4,1,3,1,0,1,3,2,4,1,3,0,3,2,3,3,1,1,0,1,1,3,4,0,3,0,0,2,3,3,3,4,0,1,1,2,3,1,4,1,3,3,1,4,3,1,2,0,1,1,2,2,4,2,2,4,3,3,3,3,1,3,2,2,4,3,1,4,2,3,3,0,4,4,3,4,4,2,2,0,0,4,0,2,0,0,0,0,3,0,4,0,2,0,4,0,0,4,3,1,0,4,0,2,1,2,3,1,4,2,2,1,0,4,1,0,4,2,1,1,1,4,4,2,2,3,1,0,3,2,4,3,4,2,4,0,3,0,2,4,0,1,0,3,0,1,0,2,4,4,2,0,1,4,2,4,3,2,4,3,2,2,3,0,0"
18,1.3684650426436238,"0,3,1,2,2,4,4,2,0,4,3,3,3,0,2,3,0,3,2,1,2,4,0,1,4,2,1,4,1,0,2,3,4,3,4,4,1,1,0,1,1,2,3,1,0,3,3,2,4,0,1,1,3,0,1,3,1,2,0,2,4,2,0,4,4,4,2,1,0,1,1,4,3,0,1,2,3,3,4,2,3,1,0,3,4,2,0,4,2,4,0,2,3,1,4,3,2,4,4,1,0,1,0,0,2,1,2,3,1,0,1,4,2,4,1,3,1,0,1,3,2,4,1,3,0,3,2,3,3,1,1,0,1,1,3,4,0,3,0,0,2,3,3,3,4,0,1,1,2,3,1,4,1,3,3,1,4,3,1,2,0,1,1,2,2,4,2,2,4,3,3,3,3,1,3,2,2,4,3,1,4,2,3,3,0,4,4,3,4,4,2,2,0,0,4,0,2,0,0,0,0,3,0,4,1,2,0,4,0,0,4,3,1,0,4,0,2,1,2,3,1,4,2,2,1,0,4,1,0,4,2,1,1,1,4,4,2,2,3,1,0,3,2,4,3,4,2,4,0,3,0,2,4,0,1,0,3,0,1,0,2,4,4,2,0,1,4,2,4,3,2,4,3,2,2,3,0,0"
19,1.3642573978119266,"0,3,1,2,2,4,4,2,0,4,3,3,3,0,2,3,0,3,2,1,2,4,0,1,4,2,1,4,1,0,2,3,4,3,4,4,1,1,0,1,1,2,3,1,0,3,3,2,4,0,1,1,3,2,1,3,1,2,0,2,4,2,0,4,4,4,2,1,0,1,1,4,3,0,1,2,3,3,4,2,3,1,0,3,4,2,0,4,2,4,0,2,3,1,4,3,2,4,4,1,0,1,0,0,2,1,2,3,1,0,1,4,2,4,1,3,1,0,1,3,2,4,1,3,0,3,2,3,3,1,1,0,1,1,3,4,0,3,0,0,2,3,3,3,4,0,1,1,2,3,1,4,1,3,3,1,4,3,1,2,0,1,1,2,2,4,2,2,4,3,3,3,3,1,3,2,2,4,3,1,4,2,3,3,0,4,4,3,4,4,2,2,0,0,4,0,2,0,0,0,0,3,0,4,1,2,0,4,0,0,4,3,1,0,4,0,2,1,2,3,1,4,2,2,1,0,4,1,0,4,2,1,1,1,4,4,2,2,3,1,0,3,2,4,3,4,2,4,0,3,0,2,4,0,1,0,3,0,1,0,2,4,4,2,0,1,4,3,4,3,2,4,3,2,2,3,0,0"
20,1.369774075803195,"0,4,1,2,2,4,4,2,0,4,3,3,3,0,2,3,0,3,2,1,2,4,0,3,4,2,1,4,1,0,2,3,1,3,4,3,1,1,0,1,1,4,3,1,0,3,3,2,4,0,1,0,3,0,1,2,1,2,0,2,4,2,0,4,4,4,2,1,0,1,1,4,3,0,1,2,3,3,4,2,3,1,0,3,4,2,0,4,2,4,0,2,3,1,4,3,2,4,4,1,0,1,0,0,2,1,2,3,1,0,1,4,2,4,1,3,1,0,1,3,2,4,1,3,0,3,1,3,3,1,1,0,1,1,3,4,0,3,0,0,2,3,3,3,4,0,1,1,2,3,1,4,1,3,3,1,4,3,1,2,0,1,1,2,2,4,2,2,4,3,3,3,3,1,3,2,2,4,3,1,4,2,3,3,0,4,4,2,4,4,2,2,0,0,4,3,2,0,0,0,0,3,0,4,0,2,0,4,0,0,4,3,1,0,4,0,2,1,2,3,1,4,2,2,1,0,4,1,0,4,2,1,1,1,4,4,2,2,3,1,0,3,2,4,3,4,2,4,0,3,0,2,4,0,1,0,3,0,1,0,2,4,4,2,0,1,4,2,4,3,2,4,3,2,2,3,0,0"
21,1.3697864381985814,"0,4,1,2,2,4,4,2,0,4,3,3,3,0,2,3,0,3,2,1,2,4,0,3,4,2,1,4,1,0,2,3,1,3,4,3,1,1,0,1,1,4,3,1,0,3,3,2,4,0,1,0,3,0,1,2,1,2,0,2,4,2,0,4,4,2,2,1,0,1,1,4,3,0,1,2,3,3,4,2,3,1,0,3,4,2,0,4,2,4,0,2,3,1,4,3,2,4,4,1,0,1,0,0,2,1,2,3,1,0,1,4,2,4,1,3,1,3,1,3,2,4,1,3,0,3,1,3,3,1,1,0,1,1,3,4,0,3,0,0,2,3,3,3,4,0,1,1,2,3,1,4,1,3,3,1,4,3,1,2,0,1,1,2,2,4,2,2,4,3,3,3,3,1,3,2,2,4,3,1,4,2,3,3,0,4,4,2,4,4,2,2,4,0,4,0,2,0,0,0,0,3,0,4,0,2,0,4,0,0,4,3,1,0,4,0,2,1,2,3,1,4,2,2,1,0,4,1,0,4,2,1,1,1,4,4,2,2,3,1,0,3,2,4,3,4,2,4,0,3,0,2,4,0,1,0,3,0,1,0,2,4,4,2,0,1,4,2,4,3,2,4,3,2,2,3,0,0"
22,1.3658771407664214,"0,4,1,2,2,4,4,2,0,4,3,3,3,0,2,3,0,3,2,1,2,4,0,3,4,2,1,4,1,0,2,3,1,3,4,3,1,1,0,1,1,4,3,1,0,3,3,2,4,0,1,0,3,0,1,2,1,2,0,2,4,2,0,4,4,2,2,1,0,1,1,4,3,0,1,2,3,3,4,2,3,1,0,3,4,2,0,4,2,4,0,2,3,1,4,3,2,4,4,1,0,1,0,0,2,1,2,3,1,0,1,4,2,4,1,3,1,3,1,3,2,4,1,3,0,3,1,3,3,1,1,0,1,1,3,4,0,3,0,0,2,3,3,3,4,0,1,1,2,3,1,4,1,3,3,1,4,3,1,2,0,1,1,2,2,4,2,2,4,3,3,3,3,1,3,2,2,4,3,1,4,2,0,3,0,4,4,2,4,4,2,2,4,0,4,3,2,0,0,0,0,3,0,4,0,2,0,4,0,0,4,3,1,0,4,0,2,1,2,3,1,4,2,2,1,0,4,1,0,4,2,1,1,1,4,4,2,2,3,1,0,3,2,4,3,4,2,4,0,3,0,2,4,0,1,0,3,4,1,0,2,4,4,2,0,1,4,2,4,3,2,4,3,2,2,3,0,0"
23,1.3685449371480847,"0,4,1,2,2,4,4,2,0,4,3,3,3,0,2,3,0,3,2,1,2,4,0,3,4,2,1,4,1,0,2,3,1,3,4,3,1,1,0,1,1,4,3,1,0,3,3,2,4,0,1,0,3,0,1,2,1,2,0,2,4,2,0,4,4,2,2,1,0,1,1,4,3,0,1,2,3,3,4,2,3,1,0,3,4,2,0,4,0,4,0,2,2,1,4,3,2,4,4,1,0,1,0,0,2,1,2,3,1,0,1,4,2,4,1,3,1,0,1,3,2,4,1,3,0,3,1,3,3,1,1,0,1,1,3,4,2,3,0,0,2,3,3,3,4,0,1,2,2,3,1,4,1,3,3,1,4,3,1,2,3,1,1,2,2,4,2,2,4,3,3,3,3,1,0,2,2,4,3,1,4,2,3,3,0,3,4,2,4,4,2,2,0,0,4,3,0,0,0,0,0,3,0,4,0,2,4,4,1,0,4,3,0,0,4,0,2,1,2,3,1,4,2,2,1,0,4,1,0,4,2,1,1,1,4,4,1,2,3,1,0,3,2,4,3,4,2,4,0,0,0,2,4,0,1,0,3,3,1,0,2,4,4,2,0,1,4,2,4,3,2,4,3,2,3,3,0,0"
24,1.3544644950915221,"0,4,1,2,2,4,4,2,0,4,3,3,3,0,2,3,0,3,2,1,2,4,0,3,4,2,1,4,1,0,2,3,1,3,4,3,1,1,0,1,1,4,3,1,0,3,3,2,4,0,1,0,3,0,1,2,1,2,0,3,4,2,0,4,4,2,2,1,0,1,1,4,3,0,1,2,3,3,4,2,3,1,0,3,4,2,0,4,0,4,0,2,2,1,4,3,2,4,4,1,0,1,0,0,2,1,2,3,1,0,1,4,2,4,1,3,1,0,1,3,2,4,1,3,0,3,1,3,3,1,1,0,1,1,3,4,2,3,0,0,2,3,3,3,4,0,1,2,2,3,1,4,1,3,1,1,4,3,1,2,3,1,1,2,2,4,2,2,4,3,3,3,3,1,0,2,2,4,3,1,4,2,0,3,0,4,2,2,4,4,2,2,4,0,4,3,2,0,0,0,4,3,0,4,0,2,0,4,0,0,4,3,1,0,4,0,2,1,2,3,1,4,2,2,1,0,4,1,3,4,2,1,1,1,4,4,2,2,3,1,0,3,2,4,3,4,2,4,0,3,0,2,4,0,1,1,3,0,1,0,2,4,4,2,0,1,4,2,4,3,2,0,2,2,2,3,0,0"
25,1.350228499631582,"0,4,1,2,2,4,4,2,0,4,3,3,3,0,2,3,0,3,2,1,2,4,0,3,4,2,1,4,1,0,2,3,1,3,4,3,1,1,0,1,1,4,3,1,0,3,3,2,4,0,1,0,3,0,1,2,1,2,0,3,4,2,0,4,4,2,2,1,0,1,1,4,3,0,1,2,3,3,4,2,3,1,0,3,4,2,0,4,0,4,0,2,2,1,4,3,2,4,4,1,0,1,0,0,2,1,2,3,1,0,1,4,2,4,1,3,1,0,1,3,2,4,1,3,0,3,1,3,3,1,1,0,1,1,3,4,2,3,0,0,2,3,3,3,4,0,1,2,2,3,1,4,1,4,1,1,4,3,1,2,3,1,1,2,2,4,2,2,4,3,3,3,3,1,0,2,2,4,3,1,4,2,0,3,0,4,2,2,4,4,2,2,4,0,4,3,2,0,0,0,4,3,0,4,0,2,0,4,0,0,4,3,1,0,4,0,2,1,2,3,1,4,2,2,1,0,4,1,3,4,2,1,1,1,4,4,2,2,3,1,0,3,2,4,3,4,2,4,0,3,0,2,4,0,1,1,3,0,1,0,2,4,4,2,0,1,4,2,4,3,2,0,2,2,2,3,0,0"
26,1.3667135531751806,"0,4,1,2,2,4,4,2,0,4,3,3,3,0,2,3,0,3,2,1,2,4,0,3,4,2,1,4,1,0,2,3,1,3,4,3,1,1,0,1,1,4,3,1,0,3,3,2,4,0,1,0,3,0,1,2,1,2,0,2,4,2,0,4,4,2,2,1,0,1,1,4,3,0,1,2,3,3,4,2,3,1,0,3,4,2,1,4,0,4,0,2,2,1,4,3,2,4,4,1,0,1,0,0,2,1,2,3,1,1,1,4,2,4,1,3,1,0,1,3,2,4,1,3,0,3,1,3,3,1,1,0,2,1,3,4,2,3,0,0,2,3,3,3,4,0,1,2,2,3,1,4,1,3,1,1,4,3,1,2,3,1,1,2,2,4,2,2,4,3,3,3,3,1,0,2,2,4,3,1,4,2,3,3,0,3,4,2,4,4,2,2,0,0,4,3,0,0,0,0,0,3,0,4,0,2,4,4,1,0,4,3,0,0,4,0,2,1,2,3,1,0,2,2,1,0,4,1,0,4,2,1,1,1,4,4,1,2,3,1,0,3,2,4,3,4,2,4,0,0,0,2,4,0,1,0,3,3,1,0,2,4,4,2,0,1,4,2,4,3,2,4,3,2,3,3,0,0"
27,1.363293062342806,"0,4,1,2,2,4,4,2,0,4,3,3,3,0,2,3,0,3,2,1,2,4,0,3,4,2,1,4,1,0,2,3,1,3,4,3,1,1,0,1,1,4,3,1,0,3,3,2,4,0,1,0,2,0,1,2,1,2,0,2,4,2,0,4,4,2,2,1,4,1,1,4,3,0,1,3,3,3,4,2,3,1,0,3,4,2,0,4,0,4,0,2,2,1,4,3,2,4,4,1,0,1,0,0,2,1,2,3,1,0,1,4,2,4,1,3,1,0,1,2,2,4,1,3,0,3,1,3,3,1,1,0,1,1,3,4,2,3,0,0,2,1,3,3,4,0,1,2,0,3,1,4,1,3,1,1,4,3,1,2,3,1,1,2,2,4,2,2,4,3,3,3,3,1,0,2,2,4,3,1,4,2,3,3,0,3,4,2,4,4,2,2,0,0,4,3,0,0,0,0,0,3,0,4,0,2,4,4,1,0,4,3,0,0,4,0,3,1,2,3,1,4,2,2,1,0,4,1,0,4,2,1,1,1,4,4,1,2,3,1,0,3,2,4,3,4,2,4,0,0,0,2,4,0,1,0,3,3,1,0,2,4,4,2,0,1,4,2,4,3,2,4,0,2,3,3,0,0"
28,1.3712403590409636,"0,4,1,2,2,4,4,2,0,4,3,3,3,0,2,3,0,3,2,1,2,4,0,3,4,2,1,4,1,0,2,3,1,3,4,3,1,1,0,1,1,4,3,1,0,3,3,2,4,0,4,0,2,0,1,2,1,2,0,2,4,2,0,4,4,2,2,1,4,1,1,4,3,0,1,3,3,3,1,2,3,1,0,3,4,2,0,4,0,3,0,2,2,1,4,3,2,4,4,1,0,1,0,0,2,1,2,3,1,0,1,4,2,4,1,3,1,0,1,2,2,4,1,3,0,3,1,3,3,1,1,0,1,1,3,4,2,2,0,0,2,3,3,3,4,0,1,2,2,3,1,4,1,3,1,1,4,3,1,2,3,1,1,2,2,4,2,2,4,3,3,3,3,1,0,2,2,4,3,1,4,2,3,3,0,3,4,2,4,4,2,2,0,0,4,3,0,0,0,0,0,3,0,4,0,2,4,4,1,0,4,3,0,0,4,0,3,1,2,3,1,4,2,2,1,0,4,3,0,4,2,1,1,1,4,4,1,2,3,1,0,3,2,4,3,4,2,4,0,0,0,2,4,0,1,0,3,3,1,0,2,4,4,2,0,1,4,2,4,3,2,4,0,2,3,3,0,0"
29,1.3691886146487866,"0,4,1,2,2,4,4,2,0,4,3,3,3,0,2,3,0,3,2,1,2,4,0,3,4,2,1,4,1,0,2,3,1,3,4,3,1,1,0,1,1,4,3,1,0,3,3,4,4,0,4,0,2,0,1,2,1,2,0,2,4,2,0,4,4,2,2,1,4,1,1,4,3,0,1,3,3,3,1,2,3,1,0,3,4,2,0,4,0,3,0,2,2,1,4,3,2,4,4,1,0,1,0,0,2,1,2,3,1,0,1,4,2,4,1,3,1,0,1,2,2,4,1,3,0,3,1,3,3,1,1,0,1,1,3,4,2,2,0,0,2,3,3,3,4,0,1,2,2,3,1,4,1,3,1,1,4,3,1,2,3,1,1,2,2,4,2,2,4,3,3,3,3,1,0,2,2,4,3,1,4,2,3,3,0,3,4,2,4,4,2,2,0,0,4,3,0,0,0,0,0,3,0,4,0,2,4,4,4,0,1,3,0,0,4,0,3,1,2,3,1,4,2,2,1,0,4,1,0,4,2,1,1,1,4,4,1,2,3,1,0,3,3,4,3,4,2,4,0,0,0,2,4,0,1,0,3,3,1,0,2,4,4,2,0,1,4,2,4,3,2,4,0,2,3,3,0,0"
30,1.3636853581681674,"0,4,1,2,2,4,4,2,0,4,3,3,3,0,2,3,0,3,2,1,2,4,0,3,4,2,1,4,1,0,2,3,1,3,4,3,1,1,0,1,1,4,3,1,0,3,3,2,4,3,4,0,2,0,1,2,1,2,0,2,4,2,0,4,4,2,2,1,4,1,1,4,3,0,1,3,3,3,3,2,3,1,0,0,4,2,0,4,0,3,0,2,2,1,4,3,2,4,4,1,0,1,0,0,2,1,2,3,1,0,1,4,2,4,1,3,1,0,1,2,2,3,1,3,0,3,1,3,3,1,1,0,1,1,3,4,2,2,0,0,2,3,3,3,4,0,1,2,2,3,1,4,1,3,1,1,4,3,1,2,3,1,1,2,2,4,2,2,4,3,3,3,3,1,0,2,2,4,3,1,4,2,3,3,0,3,4,2,4,4,2,2,0,0,4,3,0,0,0,0,0,3,0,4,0,2,4,4,4,0,1,3,0,0,4,0,3,1,2,3,1,4,2,2,1,0,4,2,0,4,2,1,1,1,4,4,1,2,3,1,0,3,2,4,3,4,2,4,0,0,0,2,4,0,1,0,3,3,1,0,2,4,4,2,0,1,4,2,4,3,2,4,0,2,3,3,0,0"
31,1.372745164756515,"0,4,1,2,2,4,4,2,1,4,3,3,3,0,2,3,0,3,2,1,2,4,0,3,4,2,1,4,1,0,2,3,1,3,4,3,1,1,0,1,1,4,3,1,0,3,3,2,4,3,4,0,2,0,1,2,1,2,0,2,4,2,0,4,4,2,2,1,4,1,1,4,3,0,1,3,3,3,3,2,3,1,0,0,4,2,0,4,0,3,0,2,2,1,4,3,2,4,4,1,0,1,0,0,2,1,2,3,1,0,1,4,2,4,1,3,1,0,1,2,2,3,1,3,0,3,1,3,3,1,1,0,1,1,3,4,2,2,0,0,2,3,3,3,4,0,1,0,2,3,1,4,1,3,1,1,4,3,1,2,3,1,1,2,2,4,2,2,4,3,3,3,3,1,0,2,2,4,3,1,4,2,3,3,0,4,4,2,4,4,2,2,0,0,4,3,0,0,0,0,0,3,0,4,0,2,4,4,4,0,1,3,0,0,4,0,3,1,2,3,1,4,2,2,1,0,4,1,4,4,2,1,1,1,4,4,1,2,3,1,0,3,2,4,3,4,2,2,0,0,0,2,4,0,1,0,4,3,1,0,2,4,4,2,0,0,4,2,4,3,2,4,0,2,3,3,0,0"
32,1.3702384734541302,"0,4,1,2,2,3,4,2,1,4,3,3,3,0,2,3,0,3,2,1,2,4,0,3,4,2,1,4,1,0,2,3,1,3,4,3,1,1,0,1,1,4,3,1,0,3,3,2,4,3,4,0,2,0,1,2,1,2,0,2,4,2,0,4,4,2,2,1,4,1,1,4,3,0,1,3,3,3,3,2,3,1,0,0,4,2,0,4,0,3,0,2,2,1,4,3,2,4,4,1,0,1,0,0,2,1,2,3,1,0,1,4,2,4,3,3,1,0,1,2,2,3,1,3,0,3,1,3,3,1,1,0,1,1,3,4,2,2,0,0,2,3,3,3,4,0,1,0,2,3,1,4,1,1,1,1,4,3,1,2,3,1,1,2,2,4,2,2,4,3,3,3,3,1,0,2,2,4,3,1,4,2,3,3,1,4,4,2,4,4,2,2,0,0,4,3,0,0,0,0,0,3,0,4,0,2,4,4,4,0,1,3,0,0,4,0,3,1,2,3,1,4,2,2,1,0,4,1,4,4,2,1,0,1,4,4,1,2,3,1,0,3,2,4,3,4,2,4,0,0,0,2,4,0,1,0,3,0,1,0,2,4,4,2,0,0,4,2,4,3,2,4,0,2,3,3,0,0"
33,1.3729600715365333,"0,4,1,2,2,3,4,2,1,4,3,3,3,0,2,3,0,3,2,1,2,4,0,3,4,2,1,4,1,0,2,3,1,3,4,3,1,1,0,1,1,4,3,1,0,3,3,2,4,3,4,0,2,0,1,2,1,2,0,2,4,2,0,4,4,2,2,1,4,1,1,4,3,0,1,3,3,3,3,2,3,1,0,0,4,2,0,4,0,3,0,2,2,1,4,3,2,4,4,1,0,1,0,0,2,1,2,3,3,0,1,4,2,4,1,3,1,0,1,2,2,3,1,4,0,3,1,3,3,1,1,0,1,1,3,4,2,2,0,0,2,3,3,3,4,0,1,0,2,3,1,4,1,3,1,1,4,3,1,2,3,1,1,2,2,4,2,2,4,3,3,3,3,1,0,2,2,4,3,1,4,2,3,3,0,4,4,2,4,4,2,2,0,1,4,3,0,0,0,0,0,3,0,4,0,2,4,4,4,0,1,3,0,0,4,0,3,1,2,3,1,4,2,2,1,0,4,1,4,4,2,1,1,1,4,4,1,2,3,1,0,3,2,4,3,4,2,2,0,0,0,2,4,0,1,0,4,3,1,0,2,4,4,2,0,0,4,2,4,3,2,4,0,2,3,3,0,0"
34,1.3697899640003146,"0,4,1,2,2,3,4,2,1,4,3,3,3,0,2,3,0,3,2,1,2,4,0,3,4,2,1,4,1,0,2,3,1,3,4,3,1,1,0,1,1,4,3,1,1,3,3,2,4,3,4,0,2,0,1,2,4,2,0,2,4,2,0,4,4,2,2,1,4,1,1,4,3,0,1,3,3,3,3,2,3,1,0,0,4,2,0,4,0,3,0,2,2,1,4,3,2,4,4,1,0,1,0,0,2,1,2,3,3,0,1,4,2,4,1,3,1,0,1,2,2,3,1,4,0,3,1,3,3,1,1,0,1,1,3,4,2,2,0,0,2,3,3,3,0,0,1,0,2,3,1,4,1,3,1,1,4,3,1,2,3,1,1,2,2,4,2,2,0,3,3,3,3,1,0,2,2,4,3,1,4,2,3,3,0,4,4,2,4,4,2,2,0,1,4,3,0,0,0,0,0,3,0,4,0,2,4,4,4,0,1,3,0,0,4,0,3,1,2,3,1,4,2,2,1,0,4,1,4,4,2,1,1,1,4,4,1,2,2,1,0,3,2,4,4,4,2,2,0,0,0,2,4,0,1,0,4,3,1,0,2,4,4,2,0,0,4,2,4,3,2,4,0,2,3,3,0,0"
35,1.3714099984841663,"0,4,1,2,2,3,4,2,1,4,3,3,3,0,2,3,0,3,2,1,2,4,0,3,4,2,1,4,1,0,2,3,1,3,4,3,1,1,0,1,1,4,3,1,1,3,3,2,4,3,4,0,2,0,1,2,4,2,0,2,4,2,0,4,4,2,2,1,4,1,1,4,3,0,1,3,4,3,3,2,3,1,0,0,4,2,0,4,0,3,0,2,2,1,4,3,2,4,4,1,0,1,0,0,2,1,2,3,3,0,1,4,2,4,1,3,1,0,1,2,2,3,1,4,0,3,1,3,3,1,1,0,1,1,3,4,2,2,0,0,2,3,3,3,0,0,1,0,2,3,1,4,1,3,1,1,4,3,1,2,3,1,1,2,2,4,2,2,0,3,3,3,3,1,0,2,2,4,3,1,4,2,3,3,0,4,4,2,4,4,2,2,0,1,4,3,0,0,0,0,0,3,0,4,0,2,4,4,4,0,1,3,0,0,4,0,3,1,2,3,1,4,2,2,1,0,4,1,4,4,2,1,1,1,4,4,1,2,3,1,0,3,4,4,3,4,2,2,0,0,0,2,4,0,1,0,4,3,1,0,2,4,4,2,0,0,4,2,4,3,2,4,0,2,3,3,0,0"
36,1.3740264228021755,"0,4,1,2,2,3,4,2,1,4,3,3,3,0,2,3,0,3,2,1,2,4,0,3,4,2,1,4,1,0,2,3,1,3,4,3,1,1,0,1,1,4,3,1,1,3,3,2,4,3,4,0,2,0,1,2,4,2,0,2,4,2,0,4,4,2,2,1,4,1,1,4,3,0,1,3,4,3,3,2,3,1,0,0,4,2,0,4,0,3,0,2,2,1,3,3,2,4,4,1,0,1,0,0,2,1,2,3,3,0,1,4,2,4,1,3,1,0,1,2,2,3,1,4,0,3,1,3,3,1,1,0,1,1,3,4,2,2,0,0,2,3,3,3,0,0,1,0,2,3,1,4,1,3,1,1,4,3,1,2,3,1,1,2,2,4,2,2,0,3,3,3,3,1,0,2,2,4,3,1,4,2,3,3,0,4,4,2,4,4,2,2,0,1,4,3,0,0,0,0,0,3,0,4,0,0,4,4,4,0,1,3,0,0,4,0,3,1,2,3,1,4,2,2,1,1,4,1,4,4,2,1,1,1,4,4,1,2,3,1,0,3,2,4,3,4,2,2,0,0,0,2,4,0,1,0,4,3,1,0,2,4,4,2,0,0,4,2,4,3,2,4,0,2,3,3,0,0"
37,1.3740264228021755,"0,4,1,2,2,3,4,2,1,4,3,3,3,0,2,3,0,3,2,1,2,4,0,3,4,2,1,4,1,0,2,3,1,3,4,3,1,1,0,1,1,4,3,1,1,3,3,2,4,3,4,0,2,0,1,2,4,2,0,2,4,2,0,4,4,2,2,1,4,1,1,4,3,0,1,3,4,3,3,2,3,1,0,0,4,2,0,4,0,3,0,2,2,1,3,3,2,4,4,1,0,1,0,0,2,1,2,3,3,0,1,4,2,4,1,3,1,0,1,2,2,3,1,4,0,3,1,3,3,1,1,0,1,1,3,4,2,2,0,0,2,3,3,3,0,0,1,0,2,3,1,4,1,3,1,1,4,3,1,2,3,1,1,2,2,4,2,2,0,3,3,3,3,1,0,2,2,4,3,1,4,2,3,3,0,4,4,2,4,4,2,2,0,1,4,3,0,0,0,0,0,3,0,4,0,0,4,4,4,0,1,3,0,0,4,0,3,1,2,3,1,4,2,2,1,1,4,1,4,4,2,1,1,1,4,4,1,2,3,1,0,3,2,4,3,4,2,2,0,0,0,2,4,0,1,0,4,3,1,0,2,4,4,2,0,0,4,2,4,3,2,4,0,2,3,3,0,0"
38,1.3745083378255665,"0,4,1,2,2,3,4,2,1,4,3,3,3,0,2,3,0,3,2,1,2,4,0,3,4,2,1,4,1,0,2,3,1,3,4,3,1,1,0,1,1,4,3,1,1,3,3,2,4,3,4,0,2,0,1,2,4,2,0,2,4,2,0,4,4,2,2,1,4,1,1,4,3,0,1,3,4,3,3,2,4,1,0,0,4,2,0,4,0,3,0,2,2,1,3,3,2,4,4,1,0,1,0,0,2,1,2,3,3,0,1,4,2,4,1,3,1,0,1,2,2,3,1,4,0,3,1,3,3,1,1,0,1,1,3,4,2,2,0,0,2,3,3,3,0,0,1,0,2,3,1,4,1,3,1,1,4,3,1,2,3,1,1,2,2,4,2,2,0,3,3,3,3,1,0,2,2,4,3,1,4,2,3,3,0,4,4,2,4,4,2,2,0,1,4,3,0,0,0,0,0,3,0,4,0,0,4,4,4,0,1,3,0,0,4,0,3,1,2,3,1,4,2,2,1,1,4,1,4,4,2,1,1,1,4,4,1,2,3,1,2,3,2,4,3,4,2,2,0,0,0,2,4,0,1,0,4,3,1,0,2,4,4,2,0,0,4,2,4,3,2,4,0,2,3,3,0,0"
39,1.37286519471048,"0,4,1,2,2,3,4,2,1,4,3,3,3,0,2,3,0,3,2,1,2,4,0,3,4,0,1,4,1,0,2,3,1,3,4,3,1,1,0,1,1,4,3,1,1,3,3,2,4,3,4,0,2,0,1,2,4,4,0,2,4,2,0,4,4,2,2,1,4,1,1,4,3,0,1,3,4,3,3,2,4,1,0,0,4,2,0,2,0,3,0,2,2,1,3,3,0,4,4,1,0,1,0,0,2,0,2,3,3,0,1,4,2,4,1,3,1,0,1,2,2,3,1,4,0,3,1,3,3,1,1,0,1,1,3,4,2,2,0,0,2,3,3,3,0,0,1,0,2,3,1,4,1,3,1,1,4,3,1,2,3,1,1,2,2,4,2,2,0,3,3,3,3,1,0,2,2,4,3,1,4,2,3,3,0,4,4,2,4,4,2,2,0,1,4,3,0,0,0,0,0,3,0,4,0,0,4,4,4,0,1,3,0,0,4,0,3,1,2,3,1,4,2,2,1,1,4,1,4,4,2,1,1,1,4,4,1,2,3,1,2,3,2,4,3,4,2,2,2,0,0,2,4,0,1,0,4,3,1,0,2,4,4,2,0,0,4,2,4,3,2,4,0,2,3,3,0,0"
40,1.365721979809554,"0,4,1,2,2,3,4,2,1,4,3,3,3,0,2,3,0,3,2,1,2,4,0,3,4,0,1,4,1,0,2,3,1,3,4,3,1,1,0,1,1,3,3,1,1,3,3,2,4,3,4,0,2,0,1,2,4,4,0,2,4,2,0,4,4,2,2,1,4,1,1,4,3,0,1,3,4,3,3,2,4,1,0,0,4,2,0,2,0,3,0,2,2,1,3,3,0,4,4,1,0,1,0,0,2,0,2,3,3,0,1,4,2,4,1,0,1,0,1,2,2,3,1,4,0,3,1,3,3,1,1,0,1,1,3,4,2,2,0,0,2,3,3,3,0,0,1,0,2,3,1,4,1,3,1,1,4,3,1,2,3,1,1,2,2,4,2,1,0,3,3,3,3,1,0,2,2,4,3,1,4,2,3,3,0,4,4,2,4,4,2,4,0,1,4,3,0,0,0,0,0,3,0,4,0,0,4,4,4,0,1,3,0,3,4,0,3,1,2,3,1,4,2,2,1,1,4,1,4,4,2,1,1,1,4,4,1,2,3,1,2,3,2,4,3,4,2,2,2,0,0,2,4,0,1,0,4,3,1,0,2,4,4,2,0,0,4,2,4,3,2,4,0,2,3,3,0,0"
41,1.3694442666320525,"0,4,1,2,2,3,4,2,1,4,3,3,3,0,2,3,0,3,2,1,2,4,0,3,4,0,1,4,1,0,2,3,1,3,4,3,1,1,0,1,1,3,3,1,1,3,3,2,4,3,4,0,2,0,1,2,4,4,0,2,4,2,0,4,4,2,2,1,4,1,1,4,3,0,1,3,4,3,3,2,4,1,0,0,4,2,0,2,0,3,0,2,2,1,4,3,0,4,4,1,0,1,0,0,2,0,2,3,3,0,1,4,2,4,1,3,1,0,1,2,2,3,1,4,0,3,1,3,3,1,1,0,1,1,3,4,2,2,0,0,2,3,3,3,0,0,1,0,2,3,1,4,1,3,1,1,4,3,1,2,3,1,1,2,2,4,2,2,0,3,3,3,3,1,0,2,2,4,3,1,4,2,3,3,0,4,4,2,4,4,2,2,0,1,4,3,0,0,0,3,0,3,0,4,0,0,4,4,4,0,1,3,0,4,4,0,3,1,2,3,1,4,2,2,1,1,4,1,4,4,2,1,1,1,4,4,1,2,3,1,2,3,2,4,3,4,2,2,2,0,2,2,4,0,1,0,4,3,1,0,2,4,4,2,0,0,4,2,4,3,2,4,0,2,3,3,0,0"
42,1.357915313801838,"0,4,1,2,2,3,4,2,1,4,3,3,3,0,2,3,0,3,2,1,2,4,0,3,4,0,1,4,1,0,2,3,1,3,4,3,1,1,0,1,1,3,3,1,1,3,3,2,4,3,4,0,2,0,1,2,4,4,0,2,4,2,0,4,4,2,2,1,4,1,1,4,3,0,1,3,4,3,3,2,4,1,0,0,4,2,0,4,0,3,0,2,2,1,3,3,2,4,4,1,0,1,0,0,2,0,2,3,3,0,1,4,2,4,1,3,1,0,1,2,2,3,1,4,0,3,1,3,3,1,1,0,1,1,3,4,2,2,0,0,2,3,3,3,0,0,1,0,2,3,1,3,1,3,1,1,4,3,1,2,3,1,1,2,2,4,2,2,0,3,0,3,3,1,0,2,2,4,3,1,4,2,3,1,0,4,2,2,1,4,2,2,0,1,4,3,0,0,0,0,0,3,0,4,0,0,4,4,4,0,3,3,0,0,4,4,1,1,2,3,1,0,2,2,1,1,4,1,4,4,2,1,1,3,4,4,1,2,3,1,2,3,2,4,3,3,2,2,2,0,0,2,4,0,1,0,4,3,1,0,2,4,4,2,0,0,4,2,4,3,2,4,0,2,3,3,0,0"
43,1.357917902763853,"0,4,1,2,2,3,4,2,1,4,3,3,3,0,2,3,0,3,2,1,2,4,0,3,4,0,1,4,1,0,2,3,1,3,4,3,1,1,0,1,1,3,3,1,1,3,3,2,4,3,4,0,2,0,3,2,4,2,0,2,4,2,1,4,4,2,2,1,4,1,1,4,3,0,1,3,4,3,3,2,0,1,0,0,4,2,0,4,0,3,0,2,2,1,3,3,2,1,4,1,0,1,0,0,2,0,2,3,3,0,1,3,2,4,1,3,1,0,1,2,2,3,1,4,0,3,1,3,3,1,1,0,1,1,3,4,2,2,0,0,2,3,3,3,0,0,1,0,2,3,1,3,1,3,1,1,4,1,1,2,3,1,1,2,2,4,2,0,0,2,3,3,3,1,0,2,2,4,3,1,4,2,3,3,0,4,4,2,4,4,2,2,0,1,4,3,0,0,0,0,0,3,0,4,0,0,4,4,4,0,1,3,0,0,4,0,3,1,2,3,1,4,2,2,1,1,4,1,4,4,2,1,0,1,4,4,1,2,3,1,2,3,2,4,3,4,2,2,2,0,0,2,4,0,1,0,4,3,1,0,2,4,4,2,0,0,4,2,4,3,2,4,4,2,3,3,0,0"
44,1.3717549525551327,"0,4,1,2,2,3,4,2,1,4,3,3,3,0,2,3,0,3,2,1,2,4,0,3,4,0,1,4,1,0,2,3,1,3,4,3,1,1,0,1,1,4,3,1,1,3,3,2,4,3,4,0,2,1,1,2,4,2,0,2,4,2,0,4,4,2,2,1,4,1,1,4,3,0,1,3,4,3,3,2,4,4,0,0,4,2,0,2,0,3,0,2,2,1,3,3,2,4,4,1,0,1,0,0,2,0,2,3,3,0,1,4,2,4,1,3,1,0,1,2,2,3,1,4,0,3,1,3,3,1,1,0,1,2,3,4,2,2,0,0,2,3,3,3,0,0,1,0,2,3,1,3,1,3,1,1,4,1,1,2,3,1,1,2,2,4,2,0,0,3,3,3,3,1,0,2,2,4,3,1,4,3,3,3,0,4,4,2,4,4,2,2,0,1,4,3,0,0,0,0,0,3,0,4,0,0,4,4,4,0,1,3,0,0,4,0,3,1,2,1,1,4,2,2,1,1,4,1,4,4,2,1,1,1,4,4,1,2,3,1,2,3,2,4,3,4,2,2,2,0,0,2,4,0,1,0,4,3,1,0,2,4,4,2,0,0,0,2,4,3,2,4,0,2,3,3,0,0"
45,1.3687161865843636,"0,4,1,2,2,3,4,2,1,4,3,3,3,0,2,3,0,3,2,1,2,4,0,3,4,0,1,4,1,0,2,3,1,3,4,3,1,1,0,1,1,4,3,1,1,3,3,0,4,3,4,0,2,1,1,2,4,2,0,2,4,2,0,4,4,2,2,1,4,1,1,4,3,0,1,3,4,3,3,2,4,4,0,0,4,2,0,2,0,3,0,2,2,1,3,3,2,4,4,1,0,1,0,0,2,0,2,3,3,0,1,4,2,4,1,3,1,0,1,2,2,3,1,4,0,3,1,3,3,1,1,0,0,2,3,4,2,2,0,0,2,3,3,3,0,0,1,0,2,3,1,3,1,3,1,1,4,1,1,2,3,1,1,2,2,4,2,0,0,3,3,3,3,1,0,2,2,4,3,1,4,3,3,3,0,4,4,2,4,4,2,2,0,1,4,3,0,0,0,0,0,0,0,4,0,0,4,4,4,0,1,3,0,0,4,0,3,1,2,3,1,4,2,2,1,1,4,1,4,4,2,1,1,1,4,4,1,2,3,1,2,3,2,4,3,4,2,2,2,0,0,2,4,4,1,0,4,3,1,0,2,4,4,2,0,0,4,2,4,3,2,4,0,2,3,3,0,0"
46,1.3747429957929616,"0,0,1,2,2,3,4,2,1,4,3,3,3,0,2,3,0,3,2,1,2,4,0,3,4,0,1,4,1,0,2,3,1,3,4,3,1,1,0,1,1,4,3,1,1,3,3,2,4,3,4,0,2,1,1,2,4,2,0,2,4,2,0,4,4,2,2,1,4,1,1,4,3,0,1,3,4,3,3,2,4,4,0,0,4,2,0,2,0,3,0,2,2,1,3,3,2,4,4,1,0,1,0,0,2,0,2,3,3,2,1,4,2,4,1,3,1,0,1,2,2,3,1,4,0,3,1,3,3,1,1,0,1,2,3,4,2,2,0,0,2,3,3,3,0,0,1,0,2,3,1,3,1,3,1,1,4,1,1,2,3,1,1,2,2,4,2,0,0,3,3,3,3,1,0,2,2,4,3,1,4,3,3,3,0,4,4,2,4,4,2,2,0,1,4,3,0,0,0,0,0,0,0,4,0,0,4,4,4,0,1,3,0,0,4,0,3,1,2,3,1,4,2,2,1,1,4,1,4,4,2,1,1,1,4,4,1,2,3,1,2,3,2,4,3,4,2,2,2,0,0,2,4,4,1,0,4,3,1,0,2,4,4,2,0,0,4,2,4,3,2,4,0,2,3,3,0,0"
47,1.3718791319641586,"0,0,1,2,2,3,4,2,1,4,3,3,3,0,2,3,0,3,2,1,2,4,0,3,4,0,1,4,1,0,2,3,1,3,4,3,1,1,0,1,1,4,3,1,1,3,3,2,4,3,4,0,2,1,1,2,4,2,0,2,4,2,0,4,4,2,2,1,4,1,1,4,3,0,1,3,4,3,3,2,4,4,0,0,4,2,0,2,0,3,0,2,2,1,3,3,2,4,4,1,0,1,4,0,2,0,2,3,3,0,1,4,2,4,0,3,2,1,1,1,2,3,2,1,0,3,1,3,3,1,1,0,1,1,3,4,2,2,0,0,2,3,3,3,0,0,1,3,2,3,1,3,1,3,1,1,4,1,1,2,3,1,1,2,2,4,3,0,0,3,3,3,3,1,0,2,2,4,3,1,4,3,3,3,0,4,4,2,4,4,2,2,0,1,4,3,0,0,0,0,0,0,0,4,0,0,4,4,4,0,1,3,0,0,4,0,3,1,2,3,1,4,2,2,1,1,4,1,4,4,2,1,1,1,4,4,1,2,3,1,2,3,2,4,3,4,2,2,2,0,0,2,4,4,1,0,4,3,1,0,2,4,4,2,0,0,2,2,4,3,2,4,0,2,3,3,0,0"
48,1.3636483962881747,"0,0,1,2,2,3,4,2,1,4,3,3,3,0,2,3,0,3,2,1,2,4,0,3,4,0,1,4,1,0,2,3,1,3,4,3,1,1,0,1,1,4,3,1,1,3,3,2,4,3,4,0,2,1,1,1,4,2,0,2,4,2,0,4,4,2,2,1,4,1,1,4,3,0,1,3,4,3,3,4,4,4,0,0,4,2,0,2,0,3,0,2,2,1,3,3,2,4,4,1,0,1,0,0,2,0,2,3,3,3,1,4,2,4,1,3,1,0,1,2,2,3,1,4,0,3,1,3,3,1,1,0,1,2,3,4,2,2,0,0,2,3,3,3,0,0,1,0,2,3,1,3,1,3,1,1,4,1,1,2,3,1,1,2,2,4,2,0,0,3,3,3,3,1,0,2,2,4,3,1,4,3,3,3,0,4,4,2,4,4,2,2,0,1,4,3,0,0,0,0,0,0,0,4,0,0,4,4,4,0,1,3,0,1,4,0,3,1,2,3,1,4,2,2,1,1,4,1,4,2,2,1,1,1,4,4,1,2,3,1,2,3,2,4,3,4,2,2,2,0,0,2,2,4,1,0,4,3,1,0,2,4,4,2,0,0,0,1,4,3,2,4,0,2,3,3,0,0"
49,1.3731085914932113,"0,0,1,2,2,3,4,4,1,4,3,3,3,0,2,3,0,3,2,1,2,4,0,3,4,0,1,4,3,0,2,3,1,3,1,3,1,1,0,1,1,4,3,1,1,3,3,2,4,3,4,0,2,1,1,2,4,2,0,2,4,2,0,4,4,2,2,1,4,1,1,4,3,0,1,3,4,3,3,2,4,4,0,0,4,2,0,2,0,4,0,2,2,1,3,3,2,4,4,1,0,1,0,0,2,0,2,3,3,2,1,4,2,4,1,3,1,0,1,2,2,3,1,4,0,3,1,3,3,1,1,2,1,2,3,4,2,2,0,0,2,3,3,3,0,0,1,0,2,3,1,3,1,3,1,1,4,1,1,2,3,1,1,2,2,4,3,0,0,3,3,3,3,1,0,2,2,4,3,1,4,3,3,3,0,4,4,2,4,4,2,2,0,1,4,3,0,0,0,0,0,0,0,4,0,0,4,4,4,0,1,3,0,0,4,0,3,1,2,3,1,4,2,2,1,1,4,1,4,4,2,1,1,1,4,4,1,2,3,1,2,3,2,4,3,1,2,2,2,0,0,2,4,4,1,0,4,3,1,0,2,4,0,2,0,0,4,2,4,3,2,4,0,2,3,3,2,0"
50,1.3772842584592107,"0,0,1,2,2,3,4,4,1,4,3,3,3,0,2,3,0,3,2,1,2,4,0,3,4,0,1,4,3,0,2,3,1,3,1,3,1,1,0,1,1,4,3,1,1,3,3,2,4,3,4,0,2,1,1,2,4,2,0,2,4,2,0,4,4,2,2,1,4,1,1,4,3,0,1,3,4,3,3,2,4,4,0,0,4,2,0,2,0,4,0,2,2,1,3,3,2,4,4,1,0,1,0,0,2,0,2,3,3,2,1,4,2,4,1,3,1,0,1,2,2,3,1,4,0,3,1,3,3,1,1,2,1,2,3,4,2,2,0,0,2,3,3,3,0,0,1,0,2,3,1,3,1,3,1,1,4,1,1,2,3,1,1,2,2,4,3,0,0,3,3,3,3,1,0,2,2,4,3,1,4,3,3,3,0,4,4,2,4,4,2,2,0,1,4,3,0,0,0,0,0,0,0,4,0,0,4,4,4,0,1,3,0,0,4,0,3,1,2,3,1,4,2,2,1,1,4,1,4,4,2,1,1,1,4,4,1,2,3,1,2,3,2,4,3,4,2,2,4,0,0,2,4,4,1,0,4,0,1,0,2,4,0,2,0,0,4,2,4,3,2,4,0,2,3,3,2,0"
51,1.3714531677592654,"0,0,1,2,2,3,4,4,1,4,3,3,3,0,2,3,0,3,2,1,2,4,0,3,4,0,1,4,3,0,2,3,1,3,1,3,1,1,0,1,1,4,3,1,1,3,3,2,4,3,4,0,2,1,1,2,4,2,0,2,4,2,0,4,4,2,2,1,4,1,1,4,3,0,1,3,4,3,3,2,4,4,0,0,4,2,0,2,0,4,0,2,2,1,3,3,2,4,4,1,0,1,0,0,2,0,2,3,3,2,1,4,2,4,1,3,1,0,1,2,2,3,1,4,0,3,1,3,3,1,1,2,1,2,3,4,2,2,0,0,2,3,3,3,0,0,1,0,2,3,1,3,1,3,1,1,4,1,1,2,3,1,1,2,2,4,3,0,0,3,3,3,3,1,0,2,2,4,3,1,4,3,3,3,0,4,4,2,4,4,2,2,0,1,4,3,0,0,0,0,0,0,0,4,0,0,4,4,4,0,1,4,0,0,4,0,3,1,2,3,1,4,2,2,4,1,4,1,4,4,2,1,1,1,3,4,1,2,3,1,2,3,2,4,3,4,2,2,2,0,0,2,4,4,1,0,4,1,0,4,2,4,4,2,0,0,4,1,4,3,2,4,0,2,3,3,0,0"
52,1.3703046134851171,"0,0,1,2,2,3,4,4,1,4,3,3,3,0,2,3,0,3,2,1,2,4,0,3,4,0,1,4,3,0,2,3,1,3,1,3,1,1,0,1,1,4,3,1,1,3,3,2,4,3,4,0,2,1,1,2,4,2,0,2,4,2,0,4,4,2,2,1,4,1,1,4,3,0,1,3,4,3,3,2,4,4,0,0,4,2,0,2,0,3,0,2,2,1,3,3,2,4,4,0,0,1,0,0,2,0,2,3,3,2,1,4,2,4,1,3,1,0,1,2,2,3,1,4,0,3,1,3,3,1,1,2,1,2,3,4,2,2,0,0,3,3,3,3,0,0,1,0,2,3,1,3,1,3,1,1,4,1,1,2,3,1,1,2,2,4,3,0,0,3,3,3,3,1,0,2,2,4,3,1,4,3,3,3,0,4,4,2,4,4,2,2,0,1,4,3,0,0,0,0,0,0,0,4,0,0,4,4,4,0,1,3,0,0,4,0,3,1,2,3,1,4,2,2,1,1,4,1,4,4,2,1,1,1,4,4,1,2,3,1,2,3,2,4,3,4,2,2,4,0,0,2,4,4,1,0,4,0,1,0,2,4,0,2,0,0,4,2,4,3,2,4,0,2,3,3,2,0"
53,1.3736837012553482,"0,0,1,2,2,3,4,4,1,4,3,3,3,0,2,3,0,3,2,1,2,4,0,3,4,0,1,4,3,0,2,3,1,3,1,3,1,1,0,1,1,4,3,1,1,3,3,2,4,3,4,4,2,1,1,2,4,2,0,2,4,2,0,4,4,2,2,1,4,1,1,4,3,0,1,3,4,3,3,2,4,4,0,0,4,2,0,2,0,3,0,2,2,1,3,3,3,4,4,0,0,1,0,0,2,0,2,3,3,2,1,4,2,4,1,3,1,0,1,2,2,3,1,4,0,3,1,3,1,1,1,2,1,2,3,4,2,2,0,0,2,3,3,3,0,0,1,0,2,3,1,3,1,3,1,1,4,1,2,2,3,1,1,2,2,4,3,0,3,3,3,3,3,1,0,2,0,4,3,1,4,3,3,3,0,4,4,2,1,4,2,2,0,1,4,3,0,0,0,0,0,0,0,4,0,0,4,4,4,3,1,4,0,0,4,0,3,1,2,3,1,4,2,2,4,1,2,1,4,4,2,1,1,1,3,4,1,2,3,1,2,3,2,4,3,4,2,2,2,0,0,2,4,4,1,0,4,1,0,4,2,4,4,2,0,0,1,1,4,0,2,4,0,2,3,3,0,0"
54,1.3733378722097633,"0,0,1,2,2,3,4,4,1,4,3,3,3,0,2,3,0,3,2,1,2,4,0,3,4,0,1,4,3,0,2,3,1,3,1,3,1,1,0,1,1,4,3,1,1,3,3,2,4,3,4,0,2,1,1,2,4,2,0,2,4,2,0,4,4,2,2,1,4,1,1,4,3,0,1,4,4,3,3,3,4,4,0,0,4,2,0,2,0,3,0,2,2,1,3,3,2,4,4,1,0,1,0,0,2,0,2,3,4,2,1,4,4,4,1,3,1,0,1,2,2,3,1,4,0,3,1,3,3,1,1,2,1,2,3,4,2,2,0,0,2,3,3,3,0,0,1,0,2,3,1,3,1,3,1,1,4,1,1,2,3,1,1,2,2,4,3,0,0,3,3,3,3,1,0,2,2,4,3,1,4,3,3,3,0,4,4,2,2,4,2,2,0,1,2,3,0,0,0,0,0,0,0,4,0,0,4,4,4,4,1,4,0,0,4,0,3,1,2,3,1,4,2,2,4,1,2,1,4,4,2,1,1,1,3,4,1,2,3,1,2,3,2,4,3,4,2,2,2,0,0,2,4,4,1,0,4,1,0,4,2,4,4,2,0,0,1,1,4,0,2,4,0,2,3,3,0,0"
55,1.3763319551504798,"0,0,1,2,2,3,4,4,1,4,3,3,3,0,2,3,0,3,2,1,2,4,0,3,4,0,1,4,3,0,2,3,1,3,1,3,1,1,0,1,1,4,3,1,1,3,3,2,4,3,4,0,2,1,1,2,4,2,0,2,4,2,0,4,4,2,2,1,4,1,1,4,3,0,0,3,4,3,3,2,4,4,0,0,4,2,0,2,0,3,0,2,2,1,3,3,2,4,4,1,0,1,0,0,2,0,2,3,3,2,1,4,2,4,1,3,1,0,1,2,2,3,1,4,0,3,1,3,3,1,1,2,1,2,3,4,2,2,0,0,2,3,3,3,0,0,1,0,2,3,1,3,1,3,1,1,4,1,1,2,3,1,1,2,2,4,3,0,0,3,3,3,3,1,0,2,2,4,3,1,4,3,3,3,0,4,4,2,4,4,2,2,0,1,4,3,0,0,0,0,0,0,0,0,0,0,4,4,4,0,1,4,0,0,4,0,3,1,2,3,1,4,2,2,4,1,2,1,4,4,2,1,1,1,3,4,1,2,3,1,2,3,2,4,3,4,2,2,2,0,0,2,4,4,1,0,4,1,0,4,2,4,4,2,0,0,1,1,4,0,2,4,0,2,3,3,4,0"
56,1.377513475639417,"0,0,1,2,2,3,4,4,1,4,3,3,3,0,2,3,0,3,2,1,2,4,0,3,4,0,1,4,3,0,2,3,4,3,1,3,1,1,0,1,1,4,3,1,1,3,3,2,4,3,4,0,2,1,1,2,4,2,0,2,4,2,0,4,4,2,2,1,4,1,1,4,3,0,0,3,4,3,3,2,4,4,0,0,4,2,0,2,0,3,0,2,2,1,3,3,2,4,4,1,0,1,0,0,2,0,2,3,3,2,1,4,2,4,1,3,1,0,1,2,2,3,1,4,0,3,1,3,3,1,1,2,1,2,3,4,2,2,0,0,2,3,3,3,0,0,1,0,2,3,1,3,1,3,1,1,4,1,1,2,3,1,1,2,2,4,3,0,0,3,3,3,3,1,0,2,2,4,3,1,4,3,3,3,0,4,4,2,4,4,2,2,0,1,4,3,0,0,0,0,0,0,0,0,1,0,4,4,4,0,1,4,0,0,4,0,3,1,2,3,1,4,2,2,4,1,2,1,4,4,2,1,1,1,3,4,1,2,3,1,2,3,2,4,3,4,2,2,2,0,0,2,4,4,1,0,4,1,0,4,2,4,4,2,0,0,1,1,4,0,2,4,0,2,3,3,4,0"
57,1.370119834305502,"0,0,1,2,2,3,4,4,1,4,3,3,3,0,2,3,0,3,2,1,2,4,0,3,4,0,1,4,3,0,2,3,4,3,1,3,1,1,0,1,1,4,3,1,1,3,3,2,4,3,4,0,2,1,1,2,4,2,0,2,4,2,0,4,4,2,2,1,4,1,1,4,3,0,0,3,4,3,3,2,4,4,0,0,4,2,0,2,0,3,0,2,2,1,3,3,2,4,4,1,0,1,0,0,2,0,2,3,3,2,1,4,2,4,1,3,1,1,1,2,2,3,3,4,0,3,1,3,3,1,1,2,1,2,3,4,2,2,0,0,2,3,3,3,0,0,1,0,2,3,1,3,1,3,1,1,4,1,1,2,3,1,0,2,2,4,3,0,0,3,3,3,3,1,0,2,2,4,3,1,4,3,3,3,0,4,4,2,4,4,2,2,0,1,4,3,0,0,0,0,0,0,0,0,0,0,4,4,4,0,1,4,0,0,4,0,3,1,2,3,1,4,2,2,4,1,2,1,4,4,2,1,1,1,3,4,1,2,3,1,2,3,2,4,3,4,2,2,2,4,0,2,4,4,1,0,4,1,0,4,2,4,4,2,0,0,1,1,4,0,2,4,0,2,3,3,4,0"
58,1.374340159179994,"0,0,1,2,2,3,4,4,1,4,3,3,3,0,2,3,1,3,2,1,2,4,0,3,4,0,1,4,3,0,2,3,4,3,1,3,1,1,0,1,1,4,3,1,1,3,3,2,4,3,4,0,2,1,1,2,4,2,1,2,4,2,0,4,4,2,2,1,4,1,1,4,3,0,0,3,4,3,3,2,4,4,0,0,4,2,0,2,0,3,0,2,2,1,3,3,2,4,4,1,0,1,0,0,2,0,2,3,3,2,1,4,2,4,1,3,1,1,1,2,2,3,3,4,0,3,1,3,3,1,1,2,1,2,3,4,2,2,0,0,2,3,3,3,0,0,1,0,2,3,1,3,1,3,1,1,4,1,1,2,3,1,0,2,2,4,3,0,0,3,3,3,3,1,0,2,2,4,3,1,4,3,3,3,0,4,4,2,4,4,2,2,0,1,4,3,0,0,0,0,0,0,0,0,0,0,4,4,4,0,1,4,0,0,4,0,3,1,2,3,1,4,2,2,4,1,2,1,4,4,2,1,1,1,3,4,1,2,3,1,2,3,2,4,3,4,2,2,2,4,0,2,4,4,1,0,4,1,0,4,2,4,4,2,0,0,1,1,4,0,2,4,0,2,3,3,4,0"
59,1.378651747309338,"0,0,1,2,2,3,2,4,1,4,3,3,3,0,2,3,1,3,2,1,2,4,0,3,4,0,1,4,3,0,2,3,4,3,1,3,1,1,0,1,1,4,3,1,1,3,3,2,4,3,4,0,2,1,1,2,4,2,1,2,4,2,0,4,4,2,2,1,4,1,1,4,3,0,0,3,4,3,3,2,4,4,0,0,4,2,0,2,0,3,0,2,2,1,3,3,2,4,4,1,0,1,0,0,2,0,2,3,3,2,1,4,2,4,1,3,1,1,1,2,2,3,3,4,0,3,1,3,3,1,1,2,0,2,3,4,2,2,0,0,2,2,3,3,0,0,1,0,2,3,1,3,1,3,1,1,4,1,1,2,3,1,0,2,2,4,3,0,0,3,3,3,3,1,0,2,1,4,3,1,4,3,3,3,0,4,4,2,4,4,2,2,0,1,4,3,0,0,0,0,0,0,0,0,0,0,4,4,4,0,1,4,0,0,4,0,3,1,2,3,1,4,0,2,4,1,2,1,4,4,2,1,1,1,3,4,1,2,3,1,2,3,2,4,3,4,2,2,2,4,0,2,4,4,1,0,4,1,0,4,2,4,4,2,0,0,1,1,4,0,2,4,0,2,3,3,4,0"
60,1.377510437171537,"0,0,1,2,2,3,2,4,1,4,3,3,3,0,2,3,1,3,2,1,2,4,0,3,4,0,1,4,3,0,2,3,4,3,1,3,1,1,0,1,1,4,3,1,1,3,3,2,4,3,4,0,2,1,1,2,4,2,1,2,4,2,0,4,4,2,2,1,4,1,1,4,3,0,0,3,4,3,3,2,4,4,0,0,4,2,0,2,0,3,0,2,2,1,3,3,2,4,4,1,0,1,0,0,2,0,2,3,3,2,1,4,2,4,0,3,1,1,1,2,2,3,3,4,0,3,1,3,3,1,1,2,0,2,3,4,2,2,0,0,2,2,3,3,0,0,1,0,2,3,1,3,1,3,1,1,4,1,1,2,3,1,0,2,2,4,3,0,0,3,3,3,3,1,0,2,1,4,3,1,4,3,3,3,0,4,4,2,4,4,2,2,0,1,4,3,0,0,0,1,0,0,0,0,0,0,4,4,4,0,1,4,0,0,1,0,3,1,2,3,1,4,2,2,0,4,2,1,4,4,2,1,1,1,3,4,1,2,3,1,2,3,2,4,3,4,2,2,2,4,0,4,4,4,1,0,4,1,0,4,2,4,4,2,0,0,1,1,4,0,2,4,0,2,3,3,4,0"
61,1.3608726509457232,"0,0,1,2,2,3,2,4,1,4,3,3,3,0,2,3,1,3,2,1,2,4,0,3,4,0,1,4,3,0,2,3,4,3,1,3,1,1,0,1,1,4,3,1,1,3,3,2,4,3,4,0,2,1,1,2,4,2,1,2,4,2,0,4,4,2,2,1,4,1,1,4,3,0,0,3,4,2,3,2,4,4,0,0,4,2,0,2,0,1,0,2,2,1,4,3,2,4,4,1,0,1,0,0,2,0,2,3,3,2,1,4,2,4,0,3,1,1,1,2,2,3,3,4,0,3,1,3,3,1,1,2,0,2,3,4,2,2,0,0,2,2,3,3,0,0,1,0,2,3,1,3,1,3,1,1,4,1,1,2,3,1,0,2,2,4,3,0,0,3,3,3,3,1,0,1,4,4,3,1,4,3,3,3,0,4,4,2,4,4,2,2,0,1,4,3,0,0,0,1,0,0,0,0,0,0,4,4,4,0,1,4,0,0,1,0,3,1,2,3,1,4,2,2,0,4,2,1,4,4,2,1,1,1,3,4,1,2,3,1,2,3,2,4,3,0,2,2,2,4,0,4,4,4,1,0,4,1,0,4,2,4,4,2,0,0,1,1,4,0,2,4,0,2,3,3,4,0"
62,1.3787619040152084,"0,0,1,2,2,3,2,4,1,4,3,3,3,0,2,3,0,3,2,1,2,4,0,3,4,2,1,4,3,0,2,3,1,3,1,3,1,1,0,1,1,4,3,1,1,3,3,2,4,3,4,0,2,1,1,2,4,2,1,2,4,2,0,4,4,2,2,1,4,1,1,4,3,0,0,3,4,3,3,2,4,4,0,0,4,2,0,2,0,3,0,2,4,1,3,3,2,4,4,1,0,1,0,0,2,0,2,3,3,2,1,4,2,4,1,3,1,1,1,2,2,3,3,4,0,3,1,3,3,1,1,2,0,2,3,4,2,2,0,0,2,2,3,3,0,0,1,0,2,3,1,3,1,3,1,1,4,1,1,2,3,1,0,2,2,4,3,0,0,3,3,3,3,1,0,2,1,4,3,1,4,3,3,3,0,4,4,2,4,4,2,2,0,1,4,3,0,0,0,0,0,0,0,0,0,0,4,4,4,0,1,4,0,0,4,0,3,1,2,3,1,4,0,2,4,1,2,1,4,4,2,1,1,1,3,4,1,2,3,1,2,3,2,4,3,4,2,2,2,4,0,2,4,4,1,0,4,1,0,4,2,4,4,2,0,0,1,1,4,0,2,4,0,2,3,3,4,0"
63,1.3791629847226958,"0,0,1,2,2,3,2,4,1,4,3,3,3,0,1,3,0,3,2,1,2,4,0,3,4,2,1,4,3,0,2,3,1,3,1,3,1,1,0,1,1,4,3,1,1,3,3,2,4,3,4,0,2,1,1,2,4,2,1,2,4,2,0,4,4,2,2,1,4,1,1,4,3,0,0,3,4,3,3,2,4,4,0,0,4,2,0,2,0,3,0,2,4,1,3,3,2,4,4,1,0,1,0,0,2,0,2,3,3,2,1,4,2,4,1,3,1,1,1,2,2,3,3,4,0,3,1,3,3,1,1,2,0,2,3,4,2,0,0,0,2,2,3,3,4,0,1,0,2,3,1,3,1,3,1,1,4,1,1,4,3,1,0,2,2,4,3,0,0,3,3,3,3,1,0,2,1,4,3,1,4,3,3,3,0,4,4,2,4,4,2,2,0,1,4,3,0,0,0,0,0,0,0,0,0,0,4,4,4,0,1,4,0,0,4,0,3,1,2,3,1,2,0,2,4,1,2,1,4,4,2,1,1,1,3,4,2,2,3,1,2,3,2,4,3,4,2,2,2,4,0,2,4,4,1,0,4,1,0,1,2,4,4,2,0,0,1,1,2,0,2,4,0,2,3,3,4,0"
64,1.3793484430648946,"0,0,1,2,2,3,2,4,1,4,3,3,3,0,1,3,0,3,2,1,2,4,0,3,4,2,1,4,3,0,2,3,1,3,1,3,1,1,0,1,1,4,3,1,1,3,3,2,4,3,4,0,2,1,1,2,4,2,1,2,4,2,0,4,4,2,2,1,4,1,1,4,3,0,0,3,4,3,3,2,4,4,0,0,4,2,0,2,0,3,0,2,4,1,3,3,2,4,4,1,0,1,0,0,2,0,2,3,3,2,1,4,2,4,1,3,1,1,1,2,2,3,3,4,0,3,1,3,3,1,1,2,0,2,3,4,2,0,0,0,2,2,3,3,4,0,1,0,2,3,1,3,1,3,1,1,4,1,1,4,3,1,0,2,2,4,3,0,0,3,3,3,3,3,0,2,1,4,3,1,4,3,3,3,0,4,4,2,4,4,2,2,0,1,4,3,0,0,0,0,0,0,0,0,0,0,4,4,4,0,1,4,0,0,4,0,3,1,2,3,1,2,0,2,4,1,2,1,4,4,2,1,1,1,3,4,2,2,3,1,2,3,2,4,3,4,2,2,2,4,0,2,4,4,1,0,4,1,0,1,2,4,4,2,0,0,1,1,2,0,2,4,0,2,3,3,4,0"
65,1.3770161624904393,"0,0,1,2,2,3,2,4,1,4,3,3,3,0,1,3,0,3,2,1,2,4,0,3,4,2,1,4,3,0,2,3,1,3,1,3,1,1,0,1,1,4,3,1,1,3,3,2,4,3,4,0,2,1,1,2,4,2,1,2,4,2,0,4,4,2,2,1,4,1,1,4,3,0,0,3,4,3,3,2,4,4,0,0,4,2,0,2,0,3,0,2,4,1,3,3,4,4,4,1,0,1,0,0,2,0,2,3,3,2,1,4,2,4,1,3,1,1,1,2,2,3,3,4,0,3,1,3,3,1,1,2,4,2,3,4,2,0,0,0,2,2,3,3,4,0,1,0,2,3,1,3,1,3,1,1,4,1,1,4,3,1,0,2,2,4,3,0,0,3,3,3,3,3,0,2,1,4,3,1,4,3,3,3,0,4,4,2,4,4,2,2,0,1,4,3,0,0,0,0,0,0,0,0,0,0,4,4,4,0,1,4,0,0,4,0,3,1,2,3,1,2,0,2,1,1,2,1,4,0,2,1,1,1,3,4,2,2,3,1,2,0,2,4,3,4,2,2,2,4,0,2,4,4,1,0,4,1,0,1,2,4,4,2,0,0,1,1,2,0,2,4,1,2,3,3,4,0"
66,1.3796846856996854,"0,0,1,2,2,3,2,4,1,4,3,3,3,0,1,3,0,3,2,1,2,4,0,3,4,2,1,4,3,0,2,3,1,3,1,3,1,1,0,1,1,4,3,1,1,3,3,2,4,3,4,0,2,1,1,2,4,2,1,2,4,2,0,4,4,2,2,1,4,1,1,4,3,0,0,3,4,3,3,2,4,4,0,0,4,2,0,2,0,3,0,2,4,1,3,3,2,4,4,1,0,1,0,0,2,0,2,2,3,2,1,4,2,4,1,3,1,1,1,2,2,3,3,4,0,3,1,3,3,1,1,2,0,2,3,4,2,0,0,0,2,2,3,3,4,0,1,0,2,3,1,3,1,3,1,1,4,1,1,4,3,1,0,2,2,4,3,0,0,3,3,3,3,3,0,2,1,4,3,1,4,3,3,3,0,4,4,2,4,4,1,2,0,1,4,3,0,0,0,0,0,0,0,0,0,0,4,4,4,0,1,4,0,0,4,0,3,1,2,3,1,2,0,2,4,1,2,1,4,4,2,1,1,1,3,4,2,2,3,1,2,3,2,4,3,4,2,2,2,4,0,2,4,4,1,0,4,1,0,1,2,4,4,2,0,0,1,1,2,0,2,4,0,2,3,3,4,0"
67,1.3799337169709338,"0,0,1,2,2,3,2,4,1,4,3,3,3,0,1,3,0,3,2,1,2,4,0,3,4,2,1,4,3,0,2,3,1,3,1,3,1,1,0,1,1,4,3,1,1,3,3,2,4,3,4,0,2,1,1,2,4,2,1,2,4,2,0,4,4,2,2,1,4,1,1,4,3,0,0,3,4,3,3,2,4,4,0,0,4,2,0,2,0,3,0,2,4,1,3,3,2,4,4,1,0,1,0,0,2,0,2,2,3,2,1,4,2,4,1,3,1,1,1,2,2,3,3,4,0,3,1,3,3,1,1,2,0,2,3,4,2,0,0,0,2,2,3,3,4,0,1,0,2,3,1,3,1,3,1,1,4,1,1,4,3,1,0,2,2,4,3,0,0,3,3,3,3,3,0,2,1,4,3,1,4,3,3,3,0,4,4,2,4,4,1,2,0,1,4,3,0,0,0,0,0,0,0,0,0,0,4,4,4,0,1,4,0,0,4,0,3,1,2,3,1,2,0,2,4,1,2,1,4,4,2,1,1,1,3,4,2,2,3,1,2,3,2,4,3,4,2,2,2,4,0,2,4,4,1,0,4,1,4,1,2,4,4,2,0,0,1,1,2,0,2,4,0,2,3,3,4,0"
68,1.3639484893398401,"0,0,1,2,2,3,2,4,1,4,3,3,3,0,1,3,4,3,2,1,2,4,0,3,4,2,1,4,3,0,2,3,1,3,1,3,1,1,0,1,1,4,3,1,1,3,3,2,4,3,4,0,2,1,1,2,4,2,1,2,4,2,0,4,4,2,2,1,4,1,1,4,3,0,0,3,4,3,3,2,4,4,0,0,4,2,0,2,0,3,0,2,4,1,3,3,2,4,4,1,0,1,0,0,2,0,2,2,3,2,1,4,4,4,1,3,1,1,1,2,2,3,3,4,0,3,1,3,3,1,1,2,0,2,3,4,2,0,0,0,2,2,3,3,4,0,1,0,2,2,1,3,1,1,1,1,4,1,1,4,3,1,0,2,2,4,3,0,0,3,3,3,3,3,0,2,1,4,3,1,4,3,3,3,0,4,4,2,4,4,1,2,0,1,4,3,0,0,0,0,0,0,0,0,0,0,4,4,2,0,1,4,0,0,4,0,3,1,2,3,1,2,0,2,4,1,2,1,4,4,2,1,1,1,3,4,2,2,3,1,2,3,2,4,3,4,2,2,1,4,0,2,4,4,1,0,4,1,4,1,2,4,4,2,0,0,1,1,2,0,2,4,0,2,3,3,4,0"
69,1.3774400576563313,"0,0,1,2,2,3,2,4,1,4,3,3,3,0,1,3,4,3,2,1,2,4,0,3,4,2,1,4,3,0,2,3,1,3,1,3,1,1,0,1,1,4,3,1,1,3,3,2,4,3,4,0,2,1,1,2,4,2,1,2,1,2,0,4,4,2,2,1,4,1,1,4,3,0,0,3,2,3,3,2,4,4,0,0,4,2,0,2,0,3,0,2,4,1,3,3,2,4,4,1,0,1,0,0,2,0,2,2,3,2,1,4,2,4,1,3,1,1,1,2,2,3,3,4,0,3,1,3,3,1,1,2,0,2,3,4,3,0,0,0,2,2,3,3,4,0,1,0,4,3,1,3,1,3,1,1,4,1,1,4,3,1,0,2,2,4,3,0,4,3,3,3,3,3,0,2,0,4,3,2,4,3,3,3,0,4,4,2,4,4,1,2,0,1,4,3,0,0,0,0,0,0,0,0,0,0,4,4,0,0,1,4,0,0,4,0,3,1,2,2,1,2,0,2,4,1,2,1,4,4,2,1,1,1,3,4,2,2,3,1,2,3,4,4,3,4,2,2,2,4,0,2,4,4,1,0,4,1,4,1,2,4,4,2,0,0,1,1,2,0,2,4,1,2,3,3,4,0"
70,1.3817997713438148,"0,0,1,2,2,3,2,4,3,4,3,3,3,0,1,3,4,3,2,1,2,4,0,3,4,2,1,4,0,0,2,3,1,3,1,3,1,1,0,1,1,4,3,1,1,3,3,2,4,3,4,0,2,1,1,2,4,2,1,2,1,2,0,4,4,2,2,1,4,1,4,4,0,0,0,3,2,3,3,2,4,4,0,0,4,2,0,2,0,3,0,2,4,1,3,3,2,4,4,1,0,1,0,0,2,0,2,2,3,2,1,4,2,4,1,3,1,1,1,2,2,3,3,4,0,3,1,3,3,1,1,2,0,2,3,4,3,0,0,2,2,2,3,3,4,0,1,0,4,3,1,3,1,3,1,1,4,1,1,4,3,1,0,2,2,4,3,0,4,3,3,3,3,3,0,2,4,4,3,2,4,3,3,3,0,4,4,2,4,4,1,2,0,1,1,3,0,0,0,0,0,0,0,0,0,0,0,4,4,0,1,4,0,0,4,0,3,1,2,3,1,2,0,2,4,1,2,1,4,4,2,1,1,1,3,4,2,2,3,1,2,3,3,4,3,4,2,2,2,4,0,2,4,4,1,0,4,1,4,1,2,4,4,2,0,0,1,1,2,0,2,1,0,2,3,3,4,0"
71,1.3773630596592468,"0,0,1,2,2,3,2,0,3,4,3,3,3,0,1,3,4,3,2,1,2,4,0,3,4,2,1,4,0,0,2,3,1,3,1,3,1,1,0,1,1,4,3,1,1,3,3,2,4,3,4,0,2,1,1,2,4,2,1,2,1,2,0,4,4,2,2,1,4,1,4,4,0,0,0,3,2,3,3,2,4,4,0,0,4,2,0,2,0,3,0,2,4,1,3,3,2,4,4,1,0,1,0,0,2,0,2,2,3,2,1,4,2,4,1,3,1,1,1,2,2,3,3,4,0,3,1,3,3,1,1,2,0,2,3,4,3,0,0,2,2,2,3,3,4,0,1,0,4,3,1,3,1,3,1,1,4,1,1,4,3,1,0,2,2,4,3,0,4,3,3,3,3,3,0,2,3,4,3,2,4,3,3,3,0,4,4,2,4,4,1,2,0,1,1,3,0,0,0,0,0,0,0,0,0,0,0,4,4,0,1,4,0,0,4,0,3,1,2,3,1,2,0,2,4,1,2,1,4,4,2,1,1,1,3,4,2,2,3,1,2,3,3,4,3,4,2,2,2,4,0,2,4,4,1,0,4,1,4,1,2,4,4,2,0,0,1,1,2,0,2,1,0,2,3,3,4,0"
72,1.3814752830358783,"0,0,1,2,2,3,2,0,3,4,3,3,1,0,1,3,4,3,2,1,2,4,0,3,4,2,1,4,0,0,2,3,1,3,1,3,1,1,0,1,1,4,3,1,1,3,3,2,4,3,4,0,2,1,1,2,4,2,1,2,1,2,0,4,4,2,2,1,4,1,4,4,0,0,0,3,2,3,3,2,4,4,0,0,4,2,0,2,0,3,0,2,4,1,3,3,2,4,4,1,0,1,0,0,2,0,2,4,3,2,1,4,2,4,1,3,1,1,1,2,2,3,3,4,0,3,1,3,3,1,1,2,0,2,3,4,3,0,0,2,2,2,3,3,4,0,1,0,4,3,1,3,1,3,1,1,4,1,1,4,3,1,0,2,2,4,3,0,2,3,3,3,3,3,0,2,4,4,3,2,4,3,4,3,0,4,4,2,4,4,1,2,0,1,1,3,0,0,0,0,0,0,0,0,0,0,0,4,4,0,1,4,0,0,4,0,3,3,2,3,1,2,0,2,4,1,2,1,4,4,2,1,1,1,3,4,2,2,3,1,2,3,3,4,3,4,2,2,2,4,0,2,4,4,1,0,4,1,4,1,2,4,4,2,3,0,1,1,2,0,2,1,0,2,3,3,4,0"
73,1.3772904536315527,"0,0,1,2,2,3,2,0,3,4,3,3,1,0,1,3,4,3,2,1,2,4,0,3,4,2,1,4,0,0,2,3,1,3,1,3,1,1,0,1,1,4,3,1,1,3,3,2,4,3,4,0,2,1,1,2,4,2,1,2,1,2,0,4,4,2,2,1,4,1,4,4,0,0,0,3,2,3,3,2,4,4,0,0,4,2,0,2,0,3,0,2,4,1,3,3,2,4,4,1,0,1,0,0,2,0,2,4,3,2,1,4,2,4,1,3,1,1,1,2,2,3,3,4,0,3,1,3,3,1,1,2,0,2,3,4,3,0,0,2,2,2,3,3,4,0,1,0,4,3,1,3,1,3,1,1,4,4,1,4,3,1,0,2,2,4,3,0,2,3,3,3,3,3,0,2,4,4,3,2,4,3,4,3,0,4,4,2,4,4,1,2,0,1,1,3,0,0,0,0,0,0,0,0,0,0,0,4,4,0,1,4,0,0,4,0,3,3,2,3,1,2,0,2,4,1,0,1,4,4,2,1,1,1,3,4,2,2,3,1,2,3,3,4,3,4,2,2,2,4,0,2,4,4,1,0,4,1,4,1,2,4,4,2,3,0,1,1,2,0,2,1,0,2,3,3,4,0"
74,1.3800148586760264,"0,0,1,2,2,3,2,0,3,4,3,3,1,0,1,3,4,3,2,1,2,4,0,3,4,2,1,4,0,0,2,3,1,3,1,3,1,1,0,1,1,4,3,1,1,3,3,2,4,1,4,0,2,1,1,2,4,2,1,2,1,2,0,4,4,2,2,1,4,1,4,4,0,0,0,3,2,3,3,2,4,4,0,0,4,2,0,2,0,3,0,2,4,1,3,3,2,4,4,1,0,1,0,0,2,0,2,2,3,2,1,4,2,4,1,3,1,1,1,2,2,3,3,4,0,3,1,3,3,1,1,2,0,2,3,4,3,0,0,2,2,2,3,3,4,0,1,0,4,3,1,3,1,3,1,1,4,1,1,4,3,1,0,2,2,4,3,0,4,3,3,3,3,3,0,2,4,4,3,2,4,3,3,3,0,4,4,4,4,4,1,2,0,1,1,3,0,0,0,0,0,0,0,0,0,0,2,4,4,0,0,4,0,0,4,0,3,1,2,3,1,2,0,2,4,1,2,1,4,4,2,1,1,1,3,4,2,2,3,1,2,3,3,4,3,4,2,2,2,4,0,2,4,4,1,0,4,1,4,1,2,4,4,2,0,0,1,1,2,0,2,1,0,2,3,3,4,0"
75,1.376953563316179,"0,0,1,2,2,3,2,0,3,4,3,3,1,0,1,3,4,3,2,1,2,4,0,3,4,2,1,4,0,0,2,3,1,3,1,3,1,3,0,1,1,4,3,1,1,3,3,2,4,3,4,0,2,1,1,2,4,2,1,2,1,2,0,4,4,2,2,1,4,1,4,4,0,0,0,3,2,3,3,2,4,4,0,0,4,3,0,2,1,3,0,2,4,1,3,3,2,4,4,1,0,1,0,0,2,0,2,2,3,2,1,4,2,4,1,3,1,1,1,2,2,3,3,4,0,3,1,3,3,1,1,2,0,2,3,4,3,0,0,2,2,2,3,3,4,0,1,0,4,3,1,3,1,3,1,1,4,1,1,4,3,1,0,2,2,4,3,0,4,3,3,3,3,3,0,2,4,4,3,2,4,3,3,3,0,4,4,4,4,4,1,2,0,1,1,3,0,0,0,0,0,0,0,0,0,0,0,4,4,0,0,4,0,0,4,0,3,1,2,3,1,2,0,2,4,1,2,1,4,4,2,1,1,1,3,4,2,2,3,1,2,3,3,4,3,4,2,2,2,4,0,2,4,4,1,0,4,1,4,1,2,4,4,2,0,0,1,1,2,0,2,1,0,2,3,3,4,0"
76,1.378641396801406,"0,0,1,2,2,3,2,0,3,4,3,3,1,0,1,3,4,3,2,1,2,4,0,3,4,2,1,4,0,0,3,3,1,3,1,3,1,1,0,1,1,4,3,1,1,3,3,2,4,3,4,0,2,1,1,2,4,2,1,2,1,2,0,4,4,2,2,1,4,1,4,4,0,0,0,3,2,3,3,2,4,4,0,0,4,2,0,2,0,0,0,2,4,1,3,3,2,4,2,1,0,1,0,0,2,0,2,2,3,2,1,4,2,4,1,3,1,1,1,2,2,3,3,4,0,3,1,3,3,1,1,2,0,2,3,4,3,0,0,2,2,2,3,3,4,0,1,0,4,3,1,3,1,3,1,1,4,1,1,4,3,1,0,2,2,4,3,0,4,3,3,3,3,3,0,2,4,4,3,2,4,3,3,3,0,4,4,4,4,4,1,2,0,1,1,3,0,0,0,0,0,0,0,0,0,0,0,4,4,0,1,4,0,0,4,0,3,1,2,3,1,2,0,2,4,1,2,1,4,4,2,1,1,1,3,4,2,2,3,1,2,3,2,4,3,4,2,2,2,4,0,2,4,4,1,0,4,1,4,1,2,4,4,2,0,0,1,1,2,0,2,1,0,2,3,3,4,0"
77,1.3834351756174446,"0,0,1,2,2,3,2,0,3,4,3,3,1,0,1,3,4,3,2,1,2,4,0,3,4,2,1,4,0,0,3,3,1,3,1,3,1,1,3,1,1,4,1,1,1,3,3,2,4,3,4,0,2,1,0,2,4,2,1,4,2,2,0,4,4,2,2,0,0,1,4,4,1,0,0,3,2,3,3,2,4,4,0,0,4,2,0,2,0,3,0,2,4,1,3,3,2,4,4,1,0,1,0,2,2,0,2,2,3,2,1,4,2,4,1,3,1,1,1,2,2,3,3,4,0,3,1,3,3,1,1,2,0,2,3,4,3,0,0,2,2,2,4,3,4,0,1,0,4,3,1,3,1,3,1,1,4,1,1,4,3,1,0,2,2,4,3,0,4,3,3,3,3,3,0,2,4,4,3,2,4,3,3,3,0,4,4,4,4,4,1,2,0,1,1,3,0,0,0,0,0,0,0,0,0,0,0,4,4,0,1,4,0,0,4,0,3,1,2,3,1,2,2,2,4,1,2,1,0,4,2,1,1,1,3,4,2,2,3,1,2,3,3,4,3,4,2,2,2,4,0,2,4,4,1,0,4,1,4,1,2,4,4,2,0,0,1,1,2,0,2,1,0,2,3,3,4,0"
78,1.3841283886177642,"0,0,1,2,2,3,2,0,3,0,3,3,1,0,1,3,4,3,2,1,2,4,0,3,4,2,1,3,0,0,3,3,1,3,1,3,1,1,3,1,1,4,1,1,1,3,3,2,4,3,4,0,2,1,0,2,4,2,1,4,2,2,0,4,4,2,2,0,0,1,4,4,1,0,0,3,2,3,3,2,4,4,0,0,4,2,0,2,0,3,4,2,4,1,3,3,2,4,4,1,0,1,0,2,2,0,2,2,3,2,1,4,2,4,1,3,1,1,1,2,2,3,3,4,0,3,1,3,3,1,1,2,4,2,3,3,3,0,0,2,2,2,4,3,4,0,1,0,4,3,1,3,1,3,1,1,4,1,1,4,3,1,0,2,2,4,3,0,4,3,3,3,3,3,0,2,4,4,3,2,4,3,3,3,0,4,4,4,4,4,1,2,0,1,1,3,0,0,0,0,0,0,0,0,0,0,0,4,4,0,1,4,0,0,4,0,3,1,2,3,1,2,2,2,4,1,2,1,0,4,2,1,1,1,3,4,2,2,3,1,2,3,3,4,4,4,2,2,2,4,0,2,4,4,1,0,4,1,4,1,2,0,4,2,0,0,1,1,2,1,2,4,0,2,3,3,4,0"
79,1.3842329987526858,"0,0,1,2,2,3,2,0,3,0,3,3,1,0,1,3,4,3,2,1,2,4,0,3,4,2,1,3,0,0,3,3,1,3,1,3,1,1,3,1,1,4,1,1,1,3,3,2,4,3,4,0,2,1,0,2,4,2,1,4,2,2,0,4,4,2,2,0,0,1,4,4,1,0,0,3,2,3,3,2,4,4,0,0,4,2,0,2,0,3,4,2,4,1,3,3,2,4,4,1,0,1,0,2,2,0,2,2,3,2,1,4,2,4,1,3,1,1,1,2,2,3,3,4,0,3,1,3,3,1,1,2,4,2,3,3,3,0,0,2,2,2,4,3,4,0,1,0,4,3,1,3,1,3,1,1,4,1,1,4,3,1,0,2,2,4,3,0,4,3,3,3,3,3,0,2,4,4,3,2,4,3,3,3,0,4,4,4,4,4,1,2,0,1,1,3,0,0,0,0,0,0,0,0,0,0,0,4,4,0,1,4,0,0,4,0,3,1,2,3,1,2,2,2,4,1,2,1,0,4,2,1,1,1,3,4,2,2,3,1,2,3,3,4,4,4,2,2,2,1,0,2,4,4,1,0,4,1,4,1,2,4,4,2,0,0,1,1,2,0,2,1,0,2,3,3,4,0"
80,1.3845072968647278,"0,0,1,2,2,3,2,0,3,0,3,3,1,0,1,3,4,3,2,1,2,4,0,3,4,2,1,3,0,0,3,3,1,3,1,3,1,1,3,1,1,4,1,1,1,3,3,2,4,3,4,0,2,1,0,2,4,2,1,4,2,2,0,4,4,2,2,0,0,1,4,4,1,0,0,3,2,3,3,2,4,4,0,0,4,2,0,2,0,3,4,2,4,1,3,3,2,4,4,1,0,1,0,2,2,0,2,2,3,2,1,4,2,4,1,3,1,1,1,2,2,3,3,4,0,3,1,3,3,1,1,2,4,4,3,3,3,0,0,2,2,2,4,3,4,0,1,0,4,3,1,3,1,3,1,1,4,1,1,4,3,1,0,2,2,4,3,0,4,3,3,3,3,3,0,2,4,4,3,2,4,3,3,3,0,4,4,4,4,4,1,2,0,1,1,3,0,0,0,0,0,0,0,0,0,0,0,4,4,0,1,4,0,0,4,0,3,1,2,3,1,2,2,2,4,1,2,1,0,4,2,1,1,1,3,4,2,2,0,1,2,3,3,4,4,4,2,2,2,1,0,2,4,4,1,0,4,1,4,1,2,4,4,2,0,0,1,1,2,0,2,1,0,2,3,3,4,0"
81,1.3839845440751943,"0,0,1,2,2,3,2,0,3,0,3,3,1,0,1,3,4,3,2,1,2,4,0,3,4,2,1,3,0,0,3,3,1,3,1,3,1,1,3,1,1,4,1,1,1,3,3,2,4,3,4,0,2,1,0,2,4,2,3,4,2,2,0,4,4,2,2,0,0,1,4,4,1,0,0,1,2,3,3,2,4,4,0,0,4,2,0,2,0,3,4,2,4,1,3,3,2,4,4,1,0,1,0,2,2,0,2,2,3,2,1,4,2,1,1,3,1,1,1,2,2,3,3,4,0,3,1,3,3,1,1,2,4,4,3,3,3,0,0,2,2,2,4,3,4,0,1,0,4,3,1,3,1,3,1,1,4,1,1,4,3,1,0,2,2,4,3,0,4,3,3,3,3,3,0,2,4,4,3,2,4,3,3,3,0,1,4,4,4,4,1,2,0,1,1,3,0,0,0,0,0,0,0,0,0,0,0,4,4,0,1,4,0,0,4,0,3,1,2,3,1,2,2,2,4,1,2,1,0,4,2,0,1,1,3,4,2,2,3,1,2,3,3,4,4,4,2,2,2,4,0,2,4,4,1,0,4,1,4,1,2,4,4,2,0,0,1,1,2,0,2,1,0,2,3,3,4,2"
82,1.379920416603847,"0,0,1,2,2,3,2,0,3,0,3,3,1,0,1,3,4,3,2,1,2,4,0,3,4,2,1,3,0,0,3,3,1,3,1,3,1,1,3,1,1,4,1,1,1,3,3,2,4,3,4,0,2,1,0,2,4,2,3,4,2,2,0,4,4,2,2,0,0,1,4,4,1,0,0,1,2,3,3,2,4,4,0,0,4,2,0,2,0,3,4,2,4,1,3,3,2,4,4,1,0,1,0,2,2,0,2,2,3,2,1,4,2,4,1,3,1,1,1,2,2,3,3,4,0,3,1,3,3,1,1,2,4,4,3,3,3,0,0,2,2,2,4,3,4,0,1,0,4,3,1,3,1,3,1,1,4,1,1,0,3,1,0,2,2,4,3,0,4,3,3,3,3,3,0,2,4,4,3,2,3,3,3,3,0,4,4,4,4,4,1,2,0,1,1,3,0,0,0,0,0,0,0,0,0,0,0,4,4,0,1,4,0,0,4,0,3,1,2,3,1,2,2,2,4,1,2,1,0,4,2,1,1,1,3,4,2,2,0,1,2,3,3,4,4,4,2,2,2,1,0,2,4,4,1,0,4,1,4,1,2,4,4,2,0,0,1,1,2,0,2,1,0,2,3,3,4,0"
83,1.385322536149765,"0,0,1,2,2,3,2,0,3,0,3,3,1,0,1,3,4,3,2,1,2,4,0,3,4,2,1,3,0,0,3,3,1,3,1,3,1,1,3,1,1,4,1,1,1,3,3,0,4,3,4,0,2,1,0,2,4,2,3,4,2,2,0,4,4,2,2,0,0,1,4,4,1,0,0,1,2,3,3,2,0,4,0,0,4,2,0,2,0,3,4,2,4,1,3,3,2,4,4,1,0,1,0,2,2,0,2,2,3,2,1,4,2,4,1,3,1,1,1,2,2,3,3,4,1,3,1,3,3,1,1,2,4,4,3,3,3,0,0,2,2,2,4,3,4,0,1,0,4,3,1,3,1,3,1,1,4,1,1,4,3,1,0,2,2,4,3,0,4,3,3,3,3,3,0,2,4,4,3,2,4,3,3,3,0,4,4,4,4,4,1,2,0,1,1,1,0,0,0,0,0,0,0,0,0,0,0,4,4,0,1,4,0,0,4,0,3,1,2,3,1,2,2,2,4,1,2,1,0,0,2,1,1,1,3,4,2,2,3,1,2,3,2,4,4,4,2,2,2,4,0,2,4,4,1,0,4,1,4,1,2,4,4,2,0,0,1,3,2,0,2,1,0,2,3,3,4,2"
84,1.385405566193141,"0,0,1,2,2,3,2,0,3,0,3,3,1,0,1,3,4,3,2,1,2,4,0,3,4,2,1,3,0,0,3,3,1,3,1,3,1,1,3,1,1,4,1,1,1,3,3,0,4,3,4,0,2,1,0,2,4,2,3,4,2,2,0,4,4,2,2,0,0,1,4,4,1,0,0,1,2,3,3,2,0,4,0,0,4,2,0,2,0,3,4,2,4,1,3,3,2,4,4,1,0,1,0,2,2,0,2,2,3,2,1,4,2,4,1,3,1,1,1,2,2,3,3,4,1,3,1,3,3,1,1,2,4,4,3,3,3,0,0,2,2,2,4,3,4,0,1,0,4,3,1,3,1,3,1,1,4,1,1,4,3,1,0,2,2,4,3,0,4,3,3,3,3,3,0,2,4,4,3,2,4,3,3,3,0,4,4,4,4,4,1,2,0,1,1,1,0,0,0,0,0,0,0,0,0,0,0,4,4,0,1,4,0,0,4,0,3,4,2,3,1,2,2,2,4,1,2,1,0,0,2,1,1,1,3,4,2,2,3,1,2,3,2,4,4,4,2,2,2,4,0,2,4,4,1,0,4,1,4,1,2,4,4,2,0,0,1,3,2,0,2,1,0,2,3,3,4,2"
85,1.3779756290865253,"0,0,1,2,2,3,2,0,3,0,3,3,1,0,1,3,4,3,2,1,2,4,0,3,4,2,1,3,0,0,3,3,1,3,1,3,1,1,3,1,1,4,1,1,1,3,3,0,4,3,4,0,2,1,0,2,4,2,3,4,2,2,0,4,4,2,2,0,0,1,4,4,1,0,0,1,2,3,3,2,0,4,0,0,4,2,0,2,0,3,4,2,4,1,3,3,2,4,4,1,0,1,0,2,2,0,3,2,3,2,1,4,2,4,1,3,1,1,1,2,2,3,3,4,1,3,1,3,3,1,1,2,4,4,3,3,3,0,0,2,2,2,4,3,4,0,1,0,4,3,1,3,1,3,1,1,4,1,1,4,3,1,3,2,2,4,3,0,4,3,3,3,3,3,0,2,4,4,3,2,4,3,3,3,0,4,4,4,4,4,1,2,0,1,1,1,0,0,0,0,0,0,0,0,0,0,0,4,4,0,1,4,0,0,4,0,3,2,2,3,1,2,2,2,4,1,2,1,0,0,2,1,1,1,3,4,2,2,3,1,0,3,2,4,4,4,2,0,2,4,0,2,4,4,1,0,4,1,4,1,2,4,4,2,0,0,1,3,2,0,2,1,0,2,3,3,4,2"
86,1.3812873606903455,"0,0,1,2,2,3,2,0,3,0,3,3,1,0,1,3,4,3,2,1,2,4,0,3,4,2,1,3,0,0,3,3,1,3,1,3,1,1,3,1,1,4,1,1,1,3,3,0,4,3,4,0,2,1,0,2,4,2,3,4,2,2,0,4,4,2,2,0,0,1,4,4,1,0,0,1,2,3,3,2,0,4,0,0,4,2,0,2,0,3,4,2,4,1,3,3,2,4,4,1,0,1,0,2,2,0,2,2,3,2,1,4,2,4,1,3,1,1,1,2,2,3,3,4,1,3,1,3,3,1,1,2,4,4,3,3,3,0,0,2,2,2,4,3,4,0,1,0,4,3,1,3,1,3,1,1,4,1,1,4,3,1,0,2,2,4,3,0,4,3,3,3,3,3,0,2,4,4,3,2,4,3,3,3,0,4,4,4,4,4,1,2,0,1,1,1,0,0,0,0,0,0,0,0,0,0,0,4,4,0,1,4,0,0,4,0,3,4,2,3,1,2,2,2,4,1,2,1,0,0,2,1,1,1,3,4,2,2,3,2,2,3,2,4,4,4,2,2,2,4,0,2,4,4,1,0,4,1,4,1,2,4,4,2,0,0,1,3,2,0,2,1,0,2,3,3,4,2"
87,1.3839556586258273,"0,0,1,2,2,3,2,0,3,0,3,3,1,0,1,3,4,3,2,1,2,4,0,3,4,2,1,3,0,0,3,3,1,3,1,3,1,1,3,1,1,4,1,1,1,3,3,0,4,3,4,0,2,1,0,2,4,2,3,4,2,2,0,4,4,2,2,0,0,1,4,4,1,0,0,1,2,3,3,2,0,4,0,0,4,2,0,2,0,3,4,2,4,1,3,3,2,4,4,1,0,1,0,2,2,0,2,2,3,2,1,0,2,4,1,3,1,1,1,2,2,3,3,4,1,3,1,3,3,1,1,2,4,4,4,3,3,0,0,2,2,2,4,3,4,0,1,0,4,3,1,3,1,3,1,1,4,1,1,4,3,1,0,2,2,3,0,0,4,3,3,3,3,3,0,2,4,4,3,2,4,3,3,3,0,4,4,4,4,4,1,2,0,1,1,1,0,0,0,0,0,0,0,0,0,0,0,4,4,0,1,4,0,0,4,0,3,4,2,3,1,2,2,2,4,1,2,1,1,0,3,1,1,1,3,4,2,2,3,1,2,3,2,4,4,4,2,2,2,4,0,2,4,4,1,0,4,1,4,1,2,4,4,2,0,0,1,3,2,0,2,1,0,2,3,3,4,2"
88,1.368487652651022,"0,0,1,2,2,3,2,0,3,0,3,3,1,0,1,3,4,3,2,1,2,4,0,3,4,2,1,3,0,0,3,3,1,3,1,3,1,1,3,1,1,4,1,2,1,3,3,0,4,3,4,0,2,1,0,2,4,2,3,4,2,2,0,4,4,2,2,0,0,1,4,4,1,0,0,1,2,3,3,2,0,2,0,0,4,2,0,2,0,3,4,2,4,1,3,3,2,4,4,1,0,1,0,2,2,0,2,2,3,2,1,4,2,4,1,3,1,1,1,2,2,3,3,3,1,3,1,3,3,1,0,2,4,4,3,3,1,0,0,2,2,2,4,3,4,0,1,0,4,4,1,3,1,4,1,1,4,1,1,4,3,1,0,2,2,3,3,0,4,3,3,3,3,3,0,2,4,4,3,2,4,3,3,3,0,4,4,4,4,4,1,2,0,1,1,1,0,0,0,0,0,0,0,0,0,0,0,4,4,0,1,4,0,0,4,0,3,4,2,3,4,2,2,2,4,1,2,1,0,0,3,1,1,1,3,4,2,2,3,1,2,3,2,4,4,4,2,2,2,4,0,2,4,4,1,0,4,1,4,1,2,4,4,2,0,0,1,3,2,0,2,3,0,2,3,3,4,2"
89,1.38660693890092,"0,0,1,2,2,3,2,0,3,0,3,3,1,0,1,3,4,3,2,1,2,4,0,3,4,2,1,3,0,0,3,3,1,3,1,3,1,1,1,1,1,4,1,1,1,3,3,0,4,3,4,0,2,1,0,2,4,2,3,4,2,2,0,4,4,2,2,0,0,1,4,4,1,0,0,1,2,3,3,2,0,4,0,0,4,2,0,2,0,3,4,2,4,1,3,3,2,4,4,1,0,1,0,2,2,0,2,2,3,2,1,4,2,4,1,3,1,1,1,2,2,3,3,4,1,3,1,3,3,1,1,2,4,4,4,3,3,0,0,2,2,2,4,3,4,0,1,0,4,3,1,3,1,3,1,1,4,1,1,4,3,1,0,2,2,3,3,0,4,3,3,3,3,3,0,2,4,4,3,2,4,3,3,3,0,4,4,4,4,4,1,2,0,1,1,1,0,0,0,0,0,0,0,0,0,0,0,4,4,0,1,4,0,0,4,0,3,4,2,3,1,2,2,2,4,1,2,1,0,0,3,1,1,1,3,4,2,2,3,1,2,3,2,4,4,4,2,2,2,4,0,2,4,4,1,0,4,1,4,1,2,4,4,2,0,0,1,3,2,0,2,1,0,2,3,3,4,2"
90,1.38685251414666,"0,0,1,2,2,3,2,0,3,0,3,3,1,0,1,3,4,3,2,1,2,4,0,3,4,2,1,3,0,0,3,3,1,3,1,3,1,1,1,1,1,4,1,1,1,3,3,0,4,3,4,0,2,1,0,2,4,2,3,4,2,2,0,4,4,2,2,0,0,1,4,4,1,0,0,1,2,3,3,2,0,4,0,0,4,2,0,2,0,3,4,2,4,1,3,3,2,4,4,1,0,1,0,2,2,0,2,2,3,2,1,4,2,4,1,3,1,1,1,2,2,3,3,4,1,3,1,3,3,1,1,2,4,4,4,3,3,0,0,2,2,2,4,3,4,0,1,0,4,3,1,3,1,3,1,1,4,1,1,4,3,1,0,2,2,3,3,0,4,3,3,3,3,3,0,2,4,4,3,2,4,3,3,3,0,4,4,4,4,4,1,2,0,1,1,1,0,0,0,0,0,0,0,0,0,0,0,4,4,0,1,4,0,0,4,0,3,4,2,3,1,2,2,2,4,1,2,1,0,0,3,1,1,1,3,4,2,2,3,1,2,3,2,4,4,4,2,2,2,4,0,2,4,4,1,0,4,1,4,1,2,2,4,2,0,0,1,3,2,0,2,1,0,2,3,3,4,4"
91,1.3872062357772117,"0,0,1,2,2,3,2,0,3,0,3,3,2,0,1,3,4,3,2,1,2,4,0,3,4,2,1,3,0,0,3,3,1,3,1,3,1,1,1,1,1,4,1,1,1,3,3,0,4,3,4,0,2,1,0,2,4,2,3,4,2,2,0,4,4,2,2,0,0,1,4,4,1,0,0,1,2,3,3,2,0,4,0,0,4,2,0,2,0,3,4,2,4,1,3,3,2,4,4,1,0,1,0,1,2,0,2,2,3,2,1,4,2,4,1,3,1,1,1,2,2,3,3,4,1,3,1,3,3,1,1,2,4,4,4,3,3,0,2,2,2,2,4,3,4,0,1,0,4,3,1,3,1,3,1,1,4,1,1,4,3,1,0,2,2,3,3,0,4,3,3,3,3,3,0,2,4,4,3,2,4,3,3,3,0,4,4,4,4,4,1,2,0,1,1,1,0,0,0,0,0,0,0,0,0,0,0,4,4,0,1,4,0,0,4,0,3,4,2,3,1,2,2,2,4,1,2,1,0,0,3,1,1,1,3,4,2,2,3,1,2,3,2,4,4,4,2,2,2,4,0,2,4,4,1,0,4,1,4,1,2,2,4,2,0,0,1,3,2,0,2,1,0,2,3,3,4,4"
92,1.3872036888943997,"0,0,1,2,2,3,2,0,3,0,3,3,2,0,1,3,4,3,2,1,2,4,0,3,4,2,1,3,0,0,3,3,1,3,1,3,1,1,1,1,1,4,1,1,1,3,3,0,4,3,4,0,2,1,0,2,4,2,3,4,2,2,0,4,4,2,2,0,0,1,4,4,1,0,0,1,2,3,3,2,0,4,0,0,4,2,0,2,0,3,4,2,4,1,3,3,2,4,4,1,0,1,0,1,2,0,0,2,3,2,1,4,2,4,1,3,1,1,1,2,2,3,3,4,1,3,1,3,3,1,1,2,4,4,4,3,3,0,2,2,2,2,4,3,4,0,1,0,4,3,1,3,1,3,1,1,4,1,1,4,3,1,0,2,2,3,3,0,4,3,3,3,3,3,0,2,4,4,3,2,4,3,3,3,0,4,4,4,4,4,1,2,0,1,1,1,0,0,0,0,0,0,0,0,0,0,0,4,4,0,1,4,0,0,4,0,3,4,2,3,1,2,2,2,4,1,2,1,0,0,3,1,1,1,3,4,2,2,3,1,2,3,2,4,4,4,2,2,2,4,0,2,4,2,1,0,4,1,4,1,2,2,4,2,0,0,1,3,2,0,2,1,0,2,3,3,4,4"
93,1.3864632181926468,"0,0,1,2,2,3,2,0,3,0,3,3,2,0,1,3,4,3,2,1,2,4,0,3,4,2,1,3,0,0,3,3,1,3,1,3,1,1,1,1,1,4,1,1,1,3,3,0,4,3,4,0,2,1,0,2,4,2,3,4,2,2,0,4,4,2,2,0,0,1,4,4,1,0,0,1,2,3,3,2,0,4,0,0,4,2,0,2,0,3,4,2,4,1,3,3,2,4,4,1,0,1,0,1,2,0,2,2,3,2,1,4,2,4,1,3,1,1,1,2,2,3,3,4,1,3,1,3,3,1,1,2,4,4,4,3,3,0,2,2,2,2,4,3,4,0,1,0,4,3,1,3,1,3,1,1,4,1,1,4,3,1,0,2,2,3,3,0,4,3,3,3,3,3,0,2,4,4,3,2,4,3,3,3,0,4,4,4,4,4,1,2,0,1,1,1,0,0,0,0,0,0,0,0,0,0,0,4,4,0,1,4,0,0,3,0,3,4,2,3,1,2,2,2,4,1,2,1,0,0,3,1,1,1,3,4,2,2,3,1,2,3,2,4,4,4,2,2,2,4,0,2,4,4,1,0,4,1,4,1,2,2,4,2,0,0,1,3,2,0,2,1,0,2,3,3,4,4"
94,1.387461063960493,"0,0,1,2,2,3,2,0,3,0,3,3,2,0,1,3,4,3,2,1,2,4,0,3,4,2,1,3,0,3,3,3,1,3,1,3,1,1,1,1,1,4,1,1,1,3,3,0,4,3,4,0,2,1,0,2,4,2,3,4,2,2,0,4,4,2,2,0,0,1,4,4,1,0,0,1,2,3,3,2,0,4,0,0,4,2,0,2,0,3,4,2,4,1,3,3,2,4,4,1,0,1,0,1,2,0,2,2,3,2,1,4,2,4,1,3,1,1,1,2,2,3,3,4,1,3,1,3,3,1,1,2,4,4,4,3,3,0,2,2,2,2,4,3,4,0,1,0,4,3,1,3,1,3,1,1,4,1,1,4,3,1,0,2,2,3,3,0,4,3,3,3,3,3,0,0,4,4,2,2,4,3,3,3,0,4,4,4,4,4,1,2,0,1,1,1,0,0,0,0,0,0,0,0,0,0,0,4,4,0,1,4,0,0,4,0,3,4,2,3,1,2,2,2,4,1,2,1,0,0,3,1,1,1,3,4,2,2,3,1,2,3,2,4,4,4,2,2,2,4,0,2,4,4,1,0,4,1,4,1,2,2,4,2,0,0,1,3,2,0,2,1,0,2,3,3,4,4"
95,1.3877068314049765,"0,0,1,2,2,3,2,0,3,0,3,3,2,0,1,3,4,3,2,1,2,4,0,3,4,2,1,3,0,3,3,3,1,3,1,3,1,1,1,1,1,4,1,1,1,3,3,0,4,3,4,0,2,1,0,2,4,2,3,0,2,2,0,4,1,2,2,0,0,1,4,4,1,0,0,1,2,3,3,2,0,4,0,0,4,2,0,2,0,3,4,2,4,1,3,3,2,4,4,1,0,1,0,1,2,0,2,2,3,2,1,4,2,4,1,3,1,4,1,2,2,3,3,4,1,3,1,3,3,1,1,2,4,4,4,3,3,0,2,2,2,2,4,3,4,0,1,0,4,3,1,3,1,3,1,1,4,1,1,4,3,1,0,2,2,3,3,0,4,3,3,3,3,3,0,0,4,4,2,2,4,3,3,3,0,4,4,4,4,4,1,2,0,1,1,1,0,0,0,0,0,0,0,0,0,0,0,4,4,0,1,4,0,0,4,0,3,4,2,3,1,2,2,2,4,1,2,1,0,0,3,1,1,1,3,4,2,2,3,1,2,3,2,4,4,4,2,2,2,4,0,2,4,4,1,0,4,1,4,1,2,2,4,2,0,0,1,3,2,0,2,1,0,2,3,3,4,4"
96,1.3877068314049765,"0,0,1,2,2,3,2,0,3,0,3,3,2,0,1,3,4,3,2,1,2,4,0,3,4,2,1,3,0,3,3,3,1,3,1,3,1,1,1,1,1,4,1,1,1,3,3,0,4,3,4,0,2,1,0,2,4,2,3,0,2,2,0,4,1,2,2,0,0,1,4,4,1,0,0,1,2,3,3,2,0,4,0,0,4,2,0,2,0,3,4,2,4,1,3,3,2,4,4,1,0,1,0,1,2,0,2,2,3,2,1,4,2,4,1,3,1,4,1,2,2,3,3,4,1,3,1,3,3,1,1,2,4,4,4,3,3,0,2,2,2,2,4,3,4,0,1,0,4,3,1,3,1,3,1,1,4,1,1,4,3,1,0,2,2,3,3,0,4,3,3,3,3,3,0,0,4,4,2,2,4,3,3,3,0,4,4,4,4,4,1,2,0,1,1,1,0,0,0,0,0,0,0,0,0,0,0,4,4,0,1,4,0,0,4,0,3,4,2,3,1,2,2,2,4,1,2,1,0,0,3,1,1,1,3,4,2,2,3,1,2,3,2,4,4,4,2,2,2,4,0,2,4,4,1,0,4,1,4,1,2,2,4,2,0,0,1,3,2,0,2,1,0,2,3,3,4,4"
97,1.3837131801786655,"0,0,1,2,2,3,2,0,3,0,3,3,2,0,1,3,4,3,2,1,2,4,0,3,4,2,1,3,0,3,3,3,1,3,1,3,1,1,1,1,1,4,1,1,1,3,3,0,4,3,4,0,4,1,0,2,4,2,3,0,2,2,0,4,1,2,2,0,0,1,4,4,1,0,0,1,2,3,3,2,0,4,0,0,4,2,0,2,0,2,4,2,4,1,3,3,0,4,4,1,0,1,0,1,2,0,2,2,3,2,1,4,2,4,1,3,1,4,1,2,2,3,3,4,1,3,1,3,3,1,1,2,4,4,4,3,3,0,2,2,2,2,4,3,4,0,1,0,4,3,1,3,1,3,1,1,4,1,1,4,3,1,0,2,2,3,3,0,4,3,3,3,3,3,0,0,4,4,1,2,4,3,3,3,0,4,4,4,4,4,1,2,0,1,1,1,0,0,0,0,0,0,0,0,0,0,0,4,4,0,1,4,0,0,4,0,3,4,2,3,1,2,2,2,4,1,2,1,0,0,3,1,1,1,3,4,2,2,3,1,2,3,2,4,4,4,2,2,2,4,0,2,4,4,1,0,4,1,4,1,2,2,4,2,0,0,1,3,2,0,2,1,2,2,3,3,4,4"
98,1.377985762794079,"0,0,1,2,2,3,2,0,3,0,3,3,2,0,1,3,4,3,2,1,2,4,0,3,4,2,1,3,0,3,3,3,1,3,1,3,1,1,1,1,1,4,1,1,1,3,3,0,4,3,4,0,4,1,0,2,4,2,3,0,2,2,0,4,1,2,2,0,0,1,4,4,1,0,0,1,2,2,3,2,0,4,0,0,4,2,0,2,0,2,4,2,4,1,3,3,0,4,4,1,0,1,0,1,2,0,2,2,3,2,1,4,2,4,1,3,1,4,1,2,2,3,3,4,1,3,1,3,3,1,1,2,4,4,4,3,3,0,2,2,2,2,4,3,4,0,1,0,4,3,1,3,1,3,3,1,4,1,1,4,3,1,0,2,2,3,3,0,4,3,3,3,3,3,0,0,4,4,1,2,4,3,3,3,0,4,4,4,4,4,1,2,0,4,1,1,0,0,0,0,0,0,0,0,0,0,0,4,4,0,1,4,0,0,4,0,3,1,2,3,1,2,2,2,4,3,2,1,0,0,3,1,1,1,3,4,2,2,3,1,2,3,2,4,4,4,2,2,2,4,0,4,4,4,1,0,4,1,4,1,2,2,4,2,0,0,1,3,2,0,2,1,0,2,1,3,4,4"
99,1.3881094329309904,"0,0,1,2,2,3,2,0,3,0,3,3,2,0,1,3,4,3,2,1,2,4,0,3,4,2,1,3,0,3,3,3,1,3,1,3,1,1,1,1,1,4,1,1,1,3,3,0,4,3,4,0,2,1,0,2,4,2,3,0,2,2,0,4,4,2,2,0,0,1,3,4,1,0,0,1,2,3,3,2,0,4,0,0,4,2,0,2,0,3,4,2,4,1,3,3,2,4,4,1,0,1,0,1,2,0,2,2,3,2,1,4,2,4,1,3,1,4,1,2,2,3,3,4,1,3,1,3,3,1,1,2,4,4,4,3,3,0,2,2,2,2,4,3,4,0,1,0,4,3,1,3,1,3,1,1,4,1,1,4,3,1,0,2,2,3,3,0,4,3,3,3,3,3,0,0,4,4,2,2,4,3,3,3,0,4,4,4,4,4,1,2,0,1,1,1,0,0,0,0,0,0,0,0,0,0,0,4,4,0,1,4,0,0,4,0,3,4,2,3,1,2,2,2,4,1,2,1,0,0,3,1,1,1,3,4,2,2,3,1,2,3,2,4,4,4,2,2,2,4,0,2,4,4,1,0,4,1,4,1,2,2,4,2,0,0,1,3,2,0,2,1,0,2,3,3,4,4"
100,1.3854219867934192,"0,0,1,2,2,3,2,0,3,0,3,3,2,0,1,3,4,3,2,1,2,4,0,3,4,2,1,3,0,3,3,3,1,3,1,3,1,1,1,1,4,4,1,1,1,3,3,0,4,3,4,0,2,1,0,2,4,2,3,0,2,2,0,4,4,2,2,0,0,1,3,4,1,0,0,1,2,3,3,2,0,4,0,0,4,2,0,2,0,3,4,2,4,1,3,3,2,4,4,1,0,1,0,1,2,0,2,2,3,2,1,4,2,4,1,3,1,4,1,2,2,3,3,4,1,3,1,3,3,1,1,2,4,4,4,3,3,0,2,2,2,2,4,3,4,0,1,0,4,3,1,3,1,3,1,1,4,1,1,4,3,1,0,2,2,3,3,0,4,3,3,3,3,3,0,0,4,4,2,2,4,3,1,3,0,4,4,4,4,4,1,2,0,1,1,1,0,0,0,0,0,0,0,0,0,0,3,4,4,0,1,4,0,0,4,0,3,4,2,3,1,2,2,2,4,1,2,1,0,0,1,1,1,1,3,4,2,2,3,1,2,3,2,4,4,4,2,4,2,4,0,2,4,4,1,0,4,1,4,1,2,2,4,2,0,0,1,3,2,0,2,1,0,2,3,3,4,4"
101,1.3862782915543228,"0,0,1,2,2,3,2,0,3,0,3,3,2,0,1,3,4,3,2,1,2,4,0,3,4,2,1,3,0,4,3,3,1,3,1,3,1,1,1,1,1,4,1,1,1,3,3,0,4,3,4,0,2,1,0,2,4,2,3,0,2,2,0,4,4,2,2,0,0,1,3,4,1,0,0,1,2,3,3,2,0,4,0,0,4,2,0,2,0,3,4,2,4,1,1,3,2,4,4,1,0,1,0,1,2,0,2,2,3,2,1,4,2,4,1,3,1,4,1,2,2,3,3,4,1,3,1,3,3,1,1,2,4,4,4,3,3,0,2,2,2,2,4,3,4,0,1,0,4,3,1,3,1,3,1,1,4,1,1,4,3,1,0,2,2,3,3,0,4,3,3,3,3,3,0,0,4,4,2,2,4,3,3,3,0,4,4,4,4,4,1,2,0,1,1,1,0,0,0,0,0,0,0,0,0,0,0,4,4,0,1,4,0,0,4,0,3,4,2,3,1,2,2,2,4,1,2,1,0,0,3,1,1,1,3,4,2,2,3,1,2,3,2,4,4,4,2,2,2,4,0,2,4,4,1,0,4,1,4,1,2,2,4,2,0,0,1,3,2,0,2,1,0,2,3,3,4,4"
102,1.3890910461962291,"0,0,1,2,2,3,2,0,3,0,3,3,2,0,1,3,4,3,2,1,2,4,0,3,4,2,1,3,0,4,3,3,3,3,1,3,1,1,1,1,1,4,1,1,1,3,3,0,4,3,4,0,2,1,0,2,4,2,3,0,2,2,0,4,4,2,2,0,0,1,3,4,1,0,0,1,2,3,3,2,0,4,0,0,4,2,0,2,0,3,4,2,4,1,3,3,2,4,4,1,0,1,0,1,2,0,2,2,3,2,1,4,2,4,1,3,1,4,4,2,2,1,0,3,1,3,1,3,3,1,1,2,4,4,4,3,3,0,2,2,1,2,4,3,4,0,1,0,4,3,1,3,1,3,1,1,4,1,1,4,3,1,0,2,2,3,3,0,4,3,3,3,3,3,0,0,2,4,2,2,4,3,3,3,0,4,4,4,4,4,1,2,4,1,1,1,0,0,0,0,0,0,0,0,0,0,0,4,4,0,1,4,0,0,4,0,3,4,2,3,1,2,2,2,4,1,2,1,0,0,3,1,1,1,3,4,2,2,3,1,2,3,2,4,4,4,2,2,2,4,0,2,4,4,1,0,4,1,4,1,2,2,4,2,0,0,1,3,2,0,2,1,0,2,3,3,4,4"
103,1.3891985660373352,"0,0,1,2,2,3,2,0,3,0,3,3,2,0,1,3,4,3,2,1,2,4,0,3,4,2,1,3,0,4,3,3,3,3,1,3,1,1,1,1,1,4,1,1,1,3,3,0,4,3,4,0,2,1,0,2,4,2,3,0,2,2,0,4,4,2,2,0,0,1,3,4,1,0,0,1,2,3,3,2,0,4,0,0,4,2,0,2,0,3,4,2,4,1,3,3,2,4,4,1,0,1,0,1,2,0,2,2,3,2,1,4,2,4,1,3,1,4,4,2,2,1,0,3,1,3,1,3,3,1,1,2,4,4,4,3,3,0,2,2,2,0,4,3,1,0,1,0,4,3,1,3,1,3,1,1,4,1,1,4,3,1,0,2,2,3,3,0,4,3,3,3,3,3,0,0,2,4,2,2,4,3,3,3,0,4,4,4,4,4,1,2,4,1,1,1,0,0,0,0,0,0,0,0,0,0,0,4,4,0,1,4,0,0,4,1,3,4,2,3,1,2,2,2,4,1,2,1,0,0,3,1,1,1,3,4,2,2,3,1,2,3,2,4,4,4,2,2,2,4,0,2,4,4,1,0,4,1,4,1,2,2,4,2,0,0,1,3,2,0,2,1,0,2,3,3,4,4"
104,1.389327463435054,"0,0,1,2,2,3,2,0,3,0,3,3,2,0,1,3,4,3,2,1,2,4,0,3,4,2,1,3,0,4,3,3,3,3,1,3,1,1,1,1,1,4,1,1,1,3,3,0,4,3,4,0,2,1,0,2,4,2,3,0,2,2,0,4,4,2,2,0,0,1,3,4,1,0,0,1,2,3,3,2,0,4,0,0,4,2,0,2,0,3,4,2,4,1,3,3,2,4,4,1,0,1,0,1,2,0,2,2,3,2,1,4,2,4,1,3,1,4,4,2,2,1,0,3,1,3,1,3,3,1,1,2,4,4,4,3,3,0,2,2,2,0,4,3,1,0,1,0,4,3,1,3,1,3,1,1,4,1,1,4,3,1,0,2,2,3,3,0,4,3,3,3,3,3,0,0,2,4,2,2,4,3,3,3,0,4,4,4,4,4,1,2,4,1,1,1,0,0,0,0,0,0,0,0,0,0,0,4,4,0,1,4,0,0,4,1,3,4,2,3,1,2,2,2,4,4,2,1,0,0,3,1,1,1,3,4,2,2,3,1,2,3,2,4,4,4,2,2,2,4,0,2,4,4,1,0,4,1,4,1,2,2,4,2,0,0,1,3,2,0,2,1,0,2,3,3,4,4"
105,1.3711961934627883,"0,0,1,2,2,3,2,0,3,0,3,3,2,0,1,3,4,3,2,1,2,4,0,3,4,2,1,3,0,4,3,3,3,3,1,3,1,1,1,1,1,4,1,1,1,3,3,0,4,3,4,0,2,1,0,2,4,2,3,0,2,2,0,4,4,2,2,0,0,1,3,4,1,0,0,1,2,3,2,2,0,4,0,0,4,2,0,2,0,3,4,2,4,1,0,3,2,4,4,1,0,1,0,1,2,0,2,2,3,2,1,4,2,4,1,3,1,4,1,2,2,3,3,4,1,3,1,3,3,1,1,2,4,4,4,3,3,0,2,2,1,2,4,3,4,1,1,0,4,3,1,3,1,3,1,1,1,1,1,4,3,1,0,2,2,3,3,2,4,3,3,3,3,3,0,0,2,4,2,2,4,3,3,3,0,4,4,4,4,4,1,2,4,2,1,1,0,0,0,0,0,0,0,0,0,0,0,4,4,0,1,4,0,0,4,0,3,4,2,3,1,2,2,4,4,4,2,1,1,0,3,1,1,1,3,4,2,2,3,1,2,3,2,4,4,4,2,2,2,4,0,2,4,4,1,0,4,1,4,1,2,2,4,2,0,0,1,3,2,0,2,1,0,2,3,3,4,4"
106,1.3879465314661645,"0,0,1,2,2,3,2,0,3,0,3,3,2,0,1,3,4,3,2,1,2,4,0,3,4,2,1,3,0,4,3,3,3,3,1,3,1,1,1,1,1,4,1,1,1,3,3,0,4,3,4,0,2,1,0,2,4,2,3,0,2,2,0,0,4,2,2,0,0,1,3,4,1,0,0,1,2,3,3,2,0,4,0,0,4,2,0,2,0,3,4,2,4,1,3,3,2,4,4,1,0,1,0,1,2,0,2,2,3,2,1,4,2,4,1,3,1,4,4,2,2,1,0,3,1,3,1,3,3,1,1,2,4,4,4,3,3,0,2,2,2,0,4,3,1,3,1,0,4,3,1,3,1,3,1,1,4,1,4,4,3,1,0,2,2,3,3,0,4,3,3,3,3,3,0,0,2,4,2,2,4,3,3,3,0,4,4,4,4,4,1,2,4,1,1,1,0,0,0,0,0,0,0,0,0,0,0,4,4,0,1,4,0,0,4,1,3,4,0,3,1,2,2,2,4,1,2,1,0,0,3,1,1,1,3,4,2,2,3,1,2,3,2,4,4,4,2,2,2,4,1,2,4,4,1,0,4,1,4,1,2,2,4,2,0,0,1,3,2,0,2,1,0,2,3,3,4,4"
107,1.3852368713290062,"0,0,1,2,2,3,2,0,3,0,3,3,2,0,1,3,4,3,2,1,2,4,0,3,4,2,1,2,0,4,3,3,3,3,1,3,1,1,1,1,1,4,1,1,1,3,3,0,4,3,4,0,2,1,0,2,4,2,3,0,2,2,0,4,4,2,2,0,0,3,3,4,1,0,0,1,2,3,3,2,0,4,0,0,4,2,0,2,0,3,4,2,4,1,3,3,2,4,4,1,0,1,0,1,2,0,2,2,3,2,1,4,2,4,1,3,1,4,4,2,2,1,0,3,1,3,1,3,3,1,1,2,4,4,4,3,3,0,2,2,2,0,4,3,1,0,1,0,4,3,1,3,1,3,1,1,4,1,1,4,3,1,0,2,2,3,3,0,4,3,3,3,3,3,0,0,2,4,2,2,4,3,3,3,0,4,4,4,4,4,1,2,4,1,1,1,0,0,0,0,0,0,0,0,0,0,0,4,4,0,1,4,0,0,4,1,3,4,2,3,0,2,2,2,4,4,2,1,0,0,3,1,1,1,3,4,2,2,3,1,2,3,2,4,4,4,2,2,2,4,1,2,4,4,1,0,4,1,4,1,2,2,4,2,0,0,1,3,2,0,2,1,0,2,3,3,4,4"
108,1.3897320645976208,"0,0,1,2,2,3,2,0,3,0,3,3,2,0,1,3,4,3,2,1,2,4,0,3,4,2,1,2,0,4,3,3,3,3,1,3,1,1,1,1,1,4,1,1,1,3,3,0,4,3,4,0,2,1,0,2,4,2,3,0,2,2,0,4,4,2,2,0,0,3,3,4,1,0,0,1,2,3,3,2,0,4,0,0,4,2,0,2,0,3,4,2,4,1,3,3,2,4,4,1,0,1,0,1,2,0,2,2,3,2,1,4,2,4,1,3,1,4,4,2,2,1,0,3,1,3,1,3,3,1,1,2,4,4,4,3,3,0,2,2,2,0,4,3,1,0,1,0,4,3,1,3,1,3,1,1,4,1,4,4,3,1,0,2,1,3,3,0,4,3,3,3,3,3,0,0,2,4,2,2,4,3,3,3,0,4,4,4,4,4,1,2,4,1,1,1,0,0,0,0,0,0,0,0,0,0,0,4,1,0,1,4,0,0,4,1,3,4,2,3,1,2,2,2,4,4,2,1,0,0,3,1,1,1,3,4,2,2,3,1,2,3,2,4,4,4,2,2,2,4,0,2,4,4,1,0,4,1,4,1,2,2,4,2,0,0,1,3,2,0,2,1,0,2,3,3,4,4"
109,1.3877556808199296,"0,0,1,2,2,3,2,0,3,0,3,3,2,0,1,3,4,3,2,1,2,4,0,3,4,2,1,2,0,4,3,3,3,3,1,3,1,1,1,1,1,4,1,1,1,3,3,0,4,3,4,0,2,1,0,2,4,2,3,0,2,2,0,4,4,2,2,0,0,3,3,4,1,0,0,1,2,3,3,2,0,4,0,0,4,2,0,2,0,3,4,2,4,1,3,3,2,4,4,1,0,1,0,1,2,0,2,2,3,2,1,4,2,4,1,3,1,4,4,2,2,1,0,3,1,3,1,3,3,1,1,2,4,4,4,3,3,0,2,2,2,0,4,3,1,0,1,0,4,3,1,3,1,3,1,1,4,1,1,4,3,1,0,2,2,3,3,0,4,3,3,3,3,3,0,0,2,4,2,2,4,3,3,3,0,4,4,4,4,4,1,2,4,1,1,1,0,0,0,0,0,0,0,0,0,0,0,4,1,0,1,4,0,0,4,1,3,4,2,3,1,2,2,2,4,4,2,1,0,0,3,1,1,1,3,4,2,2,3,1,2,3,2,4,4,4,2,2,2,4,0,2,4,4,1,0,4,1,4,1,2,2,4,2,0,0,1,3,2,0,2,1,0,2,3,3,4,4"
110,1.3845789336446845,"0,0,1,2,2,3,2,0,3,0,3,3,2,0,1,3,4,3,2,1,2,4,0,3,4,2,1,2,0,4,3,3,3,3,1,3,1,1,1,1,1,4,1,1,1,3,3,0,4,3,4,0,2,1,0,2,4,2,3,0,2,2,0,4,4,2,2,0,0,3,3,4,1,0,0,1,2,3,3,2,0,4,0,0,4,2,0,2,0,3,4,2,4,0,3,3,2,4,4,1,0,1,0,1,2,0,2,2,3,2,1,4,2,4,1,3,1,4,4,2,3,1,0,3,1,3,1,3,3,1,1,2,4,4,4,3,3,0,2,2,2,0,4,3,1,0,1,0,4,3,1,3,1,3,1,1,4,1,1,4,3,1,0,2,2,3,3,0,4,3,3,3,3,3,0,0,2,4,2,2,4,3,3,3,0,4,4,4,4,4,1,2,4,1,1,1,0,0,0,0,0,0,0,0,0,0,0,4,1,0,1,4,0,0,4,1,3,4,2,3,1,2,2,2,4,4,2,1,0,0,3,1,1,1,3,4,2,2,3,1,2,3,2,4,4,4,2,2,2,4,0,2,4,4,1,0,4,1,4,1,2,2,4,2,0,0,1,3,2,0,2,1,0,2,3,3,4,4"
111,1.3867116074971235,"0,0,1,2,2,3,2,0,3,0,3,3,2,0,1,3,4,3,2,1,2,4,2,3,4,2,1,2,0,4,3,3,3,3,1,3,1,1,1,1,1,4,1,1,1,3,3,0,4,3,4,0,2,1,0,2,4,2,3,0,2,2,0,4,4,2,2,0,0,3,3,4,1,0,0,1,2,3,3,2,0,4,0,0,4,2,0,2,0,3,4,2,4,1,3,3,2,4,4,1,0,3,0,1,2,0,2,2,3,2,1,4,2,4,1,3,1,4,4,2,3,1,0,3,1,3,1,3,3,1,1,2,4,4,4,3,3,0,2,2,2,0,4,3,1,0,1,0,4,3,1,3,1,3,1,1,4,1,1,4,3,1,0,2,2,3,3,0,4,3,3,3,3,3,0,0,2,4,2,2,4,3,3,3,0,4,4,4,4,4,1,2,4,1,1,1,0,0,0,0,0,0,0,0,0,0,0,4,1,0,1,4,0,0,4,1,3,4,2,3,1,2,2,2,4,4,1,1,0,0,3,1,1,1,3,4,2,2,3,1,2,3,2,4,4,4,2,0,2,4,0,2,4,4,1,0,4,1,4,1,2,2,4,2,0,0,1,3,2,0,2,1,0,2,3,3,4,4"
112,1.3902909706345699,"0,0,1,2,2,3,2,0,3,0,3,3,2,0,1,3,4,3,2,1,2,4,0,3,4,2,1,2,0,1,3,3,3,3,1,3,1,1,1,1,1,4,1,1,1,3,3,0,4,3,4,0,2,1,4,2,4,2,3,0,2,2,0,4,4,2,2,0,0,3,3,4,1,0,0,1,2,3,3,2,0,4,0,0,4,2,0,2,0,3,4,2,4,1,3,3,2,4,4,1,0,1,0,1,2,0,2,2,3,2,1,4,2,4,1,3,1,4,4,2,2,1,0,3,1,3,1,3,3,1,1,2,4,4,4,3,3,0,2,2,2,0,4,3,1,0,4,0,4,3,3,3,1,3,1,1,4,1,1,4,3,1,0,2,1,3,3,0,4,3,3,3,3,3,0,0,2,4,2,2,4,3,3,1,0,4,4,4,4,4,1,2,4,1,1,1,0,0,0,0,0,0,0,0,0,0,0,4,1,0,1,4,0,0,4,1,3,4,2,3,1,2,2,2,4,4,2,1,0,0,3,1,1,1,3,4,2,2,3,1,2,3,2,4,4,4,2,2,2,4,0,2,4,4,1,0,4,1,0,1,2,2,4,2,0,0,1,3,2,0,2,1,0,2,3,3,4,4"
113,1.3858228332285332,"0,0,1,2,2,3,2,0,3,0,3,3,2,0,1,3,4,3,2,1,2,4,0,3,4,2,1,2,0,1,3,3,3,3,3,3,1,1,1,1,1,4,1,1,1,3,3,0,4,3,4,0,2,1,4,2,4,2,3,0,2,2,1,4,4,2,2,0,0,3,3,4,1,0,0,1,2,3,3,2,0,4,0,0,4,2,0,2,0,3,4,2,4,1,3,3,2,4,4,1,0,1,0,1,2,0,2,2,3,2,1,4,2,4,1,3,1,4,4,2,2,1,0,3,1,3,1,3,3,1,1,1,4,4,4,3,4,0,2,2,2,0,4,3,1,0,4,0,4,3,3,3,1,3,1,1,4,1,1,4,3,1,0,2,1,3,3,0,4,3,3,3,3,3,0,0,2,4,2,2,4,3,3,3,0,4,4,4,4,4,1,2,4,1,1,1,0,0,0,0,0,0,0,0,0,0,0,4,1,0,1,4,0,0,4,1,3,4,2,3,1,2,2,2,4,4,2,1,0,0,3,1,1,1,3,4,2,2,3,1,2,3,2,4,4,0,2,2,2,4,0,2,4,4,1,0,4,1,0,1,2,2,4,2,0,0,1,3,2,0,2,1,0,2,3,3,0,4"
114,1.3917566746191483,"0,0,1,2,2,3,2,0,3,0,3,3,2,0,1,3,4,3,2,1,2,4,0,3,4,2,1,2,0,1,3,3,3,3,3,3,1,1,1,1,1,4,1,1,1,3,3,0,4,3,4,0,2,1,4,2,4,2,3,0,2,2,1,4,4,2,2,0,0,3,3,4,1,0,0,1,2,3,3,2,0,4,0,0,4,2,0,2,0,3,4,2,4,1,3,3,2,4,4,1,0,1,0,1,2,0,2,2,3,2,1,4,2,4,1,3,1,4,4,2,2,1,0,3,1,3,1,3,3,1,1,1,4,4,4,3,3,0,2,2,2,0,4,3,1,0,4,0,4,3,3,3,1,3,1,1,4,1,1,4,3,1,0,2,1,3,3,0,4,3,3,3,3,3,0,0,2,4,2,2,4,3,3,3,0,4,4,4,4,4,1,2,4,1,1,1,0,0,0,0,0,0,0,0,0,0,0,4,1,0,1,4,0,0,4,4,3,4,2,3,1,2,2,2,4,4,2,1,0,2,3,1,1,1,3,4,2,2,3,1,2,0,2,4,4,4,2,2,2,4,0,2,4,4,1,0,4,1,0,1,2,2,4,2,0,0,1,3,2,0,1,1,0,2,3,3,4,4"
115,1.392220002831487,"0,0,1,2,2,3,2,0,3,0,3,3,2,0,1,3,4,3,2,1,2,4,0,3,4,2,1,2,0,1,3,3,3,3,3,3,1,1,1,1,1,4,1,1,1,3,3,0,4,3,4,0,2,1,4,2,4,2,3,0,2,2,1,4,4,2,2,0,0,3,3,4,1,0,0,1,2,3,3,2,0,4,0,0,4,2,0,2,0,3,4,2,4,1,3,3,2,4,4,1,0,0,0,1,2,0,2,2,3,2,1,4,2,4,1,3,1,4,4,2,2,1,0,3,1,3,1,3,3,1,1,1,4,4,4,3,3,0,2,2,2,0,4,3,1,0,4,0,4,3,3,3,1,3,1,1,4,1,1,4,3,1,0,2,1,3,3,0,4,3,3,3,3,3,0,0,2,4,2,2,4,3,3,3,0,4,4,4,4,4,1,2,4,1,1,1,0,0,0,0,0,0,0,0,0,0,0,4,1,0,1,4,0,0,4,4,3,4,2,3,1,2,2,2,4,4,2,1,0,2,3,1,1,1,3,4,2,2,3,1,2,0,2,4,4,4,2,2,2,4,0,2,4,4,1,0,4,1,0,1,2,2,4,2,0,0,1,3,2,0,1,1,0,2,3,3,4,4"
116,1.3879683874946203,"0,0,1,2,2,3,2,0,3,0,3,3,2,0,1,3,4,3,2,1,2,4,0,3,4,2,1,2,0,1,3,3,3,3,3,3,1,1,1,1,1,4,1,1,1,3,3,0,4,3,0,0,2,1,4,2,4,2,3,0,2,2,1,4,4,2,2,0,0,3,3,4,1,0,0,1,2,3,3,2,0,4,0,0,4,2,0,2,0,3,4,2,4,1,3,3,2,4,4,1,0,0,0,1,2,0,2,2,3,2,4,4,2,4,1,3,1,4,4,2,2,1,0,3,1,3,1,3,3,1,1,1,4,4,4,3,3,0,2,2,2,0,4,3,1,0,4,0,4,3,3,3,1,3,1,1,4,1,1,4,3,1,0,2,1,3,3,0,4,3,3,3,3,3,0,0,2,4,2,2,4,3,3,3,0,4,4,4,4,4,1,2,4,1,1,1,0,0,0,0,0,0,0,0,0,0,0,4,1,0,1,4,0,0,4,4,3,4,2,3,1,2,2,2,4,4,2,1,0,2,3,1,1,1,3,4,2,2,3,1,2,0,2,4,4,4,2,2,2,4,0,2,4,4,1,0,4,1,0,1,2,2,4,2,0,0,1,3,2,0,1,1,0,2,3,3,4,4"
117,1.3762013842668002,"0,0,1,2,2,3,2,0,3,0,3,3,2,0,1,3,4,2,2,1,2,4,0,3,4,2,1,2,0,1,3,3,3,3,3,3,1,1,1,1,1,4,1,1,1,3,3,0,4,3,0,0,2,1,4,2,4,2,3,0,2,2,1,4,4,2,2,0,0,3,3,4,1,0,0,1,2,3,3,2,0,0,0,0,4,2,0,2,0,3,4,2,4,1,3,3,2,4,4,1,0,0,0,1,2,0,2,2,3,2,4,4,2,4,1,3,1,4,4,2,2,1,0,3,1,3,1,3,3,1,1,1,4,4,4,3,1,0,2,2,0,0,4,3,1,0,4,0,4,3,3,3,1,3,1,1,4,1,1,4,3,1,0,2,1,3,3,0,4,3,3,3,3,3,4,0,2,4,2,2,4,1,3,3,0,4,4,4,4,4,1,2,4,1,1,1,0,0,0,0,0,0,0,0,0,0,0,4,1,0,1,2,0,0,4,4,3,1,2,3,1,2,2,2,4,4,2,1,0,2,3,1,1,1,3,4,2,2,3,1,2,0,2,4,4,4,2,2,2,4,0,2,4,4,1,0,4,1,0,1,2,2,4,2,0,0,1,3,2,0,1,1,0,2,3,3,4,4"
118,1.3881736981215027,"0,0,1,2,2,3,2,0,3,0,3,3,2,0,1,3,4,2,2,1,2,4,0,3,4,2,1,2,0,1,3,3,3,3,3,3,1,1,1,1,1,4,1,1,1,3,3,0,4,3,4,0,2,1,1,2,4,2,1,0,2,2,1,4,4,2,2,0,0,3,3,4,1,0,0,1,2,3,3,2,0,4,0,0,4,2,0,2,0,3,4,2,4,1,3,3,2,4,4,1,0,0,0,1,2,0,2,2,3,2,1,4,2,4,1,3,1,4,4,2,2,1,0,3,1,3,1,3,3,1,1,1,4,4,4,3,3,0,2,2,2,0,4,3,1,0,4,0,4,3,3,3,1,3,1,1,4,1,1,4,0,1,0,2,1,3,3,0,4,3,3,3,3,3,0,0,2,4,2,2,4,3,3,3,0,4,4,4,4,4,1,2,4,1,1,1,0,0,0,0,0,0,0,0,0,0,0,4,1,0,1,4,0,0,4,4,3,4,2,3,1,2,2,2,4,4,2,1,0,2,3,1,1,1,3,4,2,2,3,1,2,0,2,4,4,4,2,2,2,4,0,2,4,4,3,0,4,1,0,1,2,2,4,2,0,0,1,3,2,0,1,1,0,2,3,3,4,4"
119,1.3839473208576805,"0,0,1,2,2,3,2,0,3,0,3,3,2,0,1,3,4,2,2,1,2,4,0,3,4,2,1,2,0,1,3,3,3,3,3,3,1,1,1,1,1,4,1,4,1,3,3,0,4,3,4,0,2,1,1,2,4,2,4,0,2,2,1,4,4,2,2,0,0,3,3,4,1,0,0,1,2,3,3,2,0,4,0,0,4,2,0,2,0,3,4,2,1,1,3,3,2,4,4,1,0,0,0,1,2,0,2,2,3,2,1,4,2,4,1,3,1,4,4,2,2,1,0,2,1,3,1,3,3,1,1,1,4,4,4,3,1,0,2,2,2,0,4,3,1,4,4,0,4,3,3,3,1,3,1,1,4,2,1,4,3,1,0,3,0,3,3,0,4,3,3,3,3,3,0,0,1,4,2,2,4,1,3,3,0,4,4,4,4,4,1,2,4,1,1,1,0,0,0,0,0,0,0,0,0,0,0,4,1,0,1,2,0,0,4,4,3,4,2,3,1,2,2,2,4,4,2,1,0,2,3,1,1,1,3,4,2,2,3,1,2,0,2,4,4,4,2,2,2,4,0,2,4,4,3,0,4,1,0,1,2,2,4,2,0,0,1,3,2,0,1,1,0,2,3,3,4,4"
120,1.3929300602619552,"0,0,1,2,2,3,2,0,3,0,3,3,2,0,1,3,4,2,2,1,2,4,0,3,4,2,1,2,0,1,3,3,3,3,3,3,1,1,1,1,1,4,1,4,1,3,3,0,4,3,4,0,2,1,1,2,4,2,4,0,2,2,1,4,4,2,2,0,0,3,3,4,1,0,0,1,2,3,3,2,0,4,0,0,4,2,0,2,0,3,4,2,4,1,3,3,2,4,4,1,0,0,0,1,2,0,2,2,3,2,1,4,2,4,1,3,1,4,4,2,2,1,0,3,1,3,1,3,3,1,1,1,4,4,4,3,3,0,2,2,2,0,4,3,1,0,4,0,4,3,3,3,1,3,1,1,4,1,1,4,3,1,0,2,1,3,3,0,4,3,3,3,3,3,0,0,2,4,2,2,4,3,3,3,0,4,4,4,4,4,1,2,4,1,1,1,0,0,0,0,0,0,0,0,0,0,0,4,1,0,1,4,0,0,2,4,3,4,2,3,1,2,2,2,4,4,2,1,0,2,3,1,1,1,3,4,2,2,3,1,1,0,2,4,4,4,2,2,2,4,0,2,4,4,3,0,4,1,0,1,2,2,4,2,0,0,1,3,2,0,1,1,0,2,3,3,4,4"
121,1.3855065054158964,"0,0,1,2,2,3,1,0,3,0,3,3,2,0,1,3,4,2,2,1,2,4,0,3,4,2,1,2,0,1,3,3,3,3,3,3,1,1,1,1,1,4,1,4,1,3,3,0,4,3,4,0,2,1,1,2,4,2,4,0,2,2,1,4,4,2,2,0,0,3,3,4,1,0,0,1,2,3,3,2,0,4,0,0,4,2,0,2,0,3,4,2,4,1,3,3,2,4,4,1,0,0,0,1,2,0,2,2,3,2,1,4,2,4,1,3,1,4,4,2,2,1,0,3,1,3,1,3,3,1,1,1,4,4,4,3,3,0,2,2,2,0,4,3,1,0,4,0,4,3,3,3,1,3,1,1,4,1,1,4,3,1,0,2,1,3,3,0,4,3,3,3,3,3,0,0,2,4,2,2,4,3,3,3,0,4,4,4,4,4,1,4,4,1,1,1,0,0,0,0,0,0,0,0,0,0,0,4,1,0,1,4,0,0,2,4,3,4,2,3,1,2,2,2,4,4,2,1,0,2,3,1,1,1,3,4,2,2,3,1,1,0,2,4,4,4,2,2,2,4,0,2,4,4,3,0,4,1,0,1,2,2,4,2,0,0,1,0,2,0,1,1,0,2,3,3,4,4"
122,1.3934434023818816,"0,0,1,2,2,3,1,0,3,0,3,3,2,0,1,3,3,2,2,1,2,4,0,3,4,2,1,2,0,1,3,3,3,3,3,3,1,1,1,1,1,4,1,4,1,3,3,0,4,3,4,0,2,1,1,2,4,2,4,0,2,2,1,4,4,2,2,0,0,3,3,4,1,0,0,1,2,3,3,2,0,4,0,0,4,2,0,2,0,4,4,2,4,1,3,3,2,4,4,1,0,0,0,1,2,0,2,2,3,1,1,4,2,4,1,3,1,4,4,2,2,1,0,3,1,3,1,3,3,1,1,1,4,4,4,3,3,0,2,2,2,0,4,3,1,0,4,0,4,3,3,3,1,3,1,0,4,1,1,4,3,1,0,2,1,3,3,0,4,3,3,3,3,3,0,0,2,4,2,2,4,3,3,3,0,4,4,4,4,4,1,2,4,1,1,1,0,0,0,0,0,0,0,0,0,0,0,4,1,0,1,4,0,0,2,4,3,4,2,3,1,2,2,2,4,4,2,1,0,2,3,1,1,1,3,4,2,2,3,1,1,2,2,4,4,4,2,2,2,4,0,2,4,4,3,0,4,1,0,1,2,2,4,2,0,0,1,3,2,0,1,1,0,2,3,3,4,4"
123,1.3883970333851938,"0,0,1,4,2,3,1,0,3,0,3,3,2,0,1,3,4,2,2,1,2,4,0,3,4,2,1,2,0,1,3,3,3,3,3,3,1,1,1,1,1,4,1,4,1,3,3,0,4,3,4,0,2,1,1,2,4,2,4,0,2,2,1,4,4,2,2,0,0,1,3,4,1,0,0,1,2,3,3,2,0,4,0,0,4,2,0,2,0,3,4,2,4,1,3,3,2,4,4,1,0,0,0,1,2,0,2,2,3,1,1,3,2,4,1,3,1,4,4,2,2,1,0,3,1,3,1,3,3,1,1,1,4,4,4,3,3,0,2,2,2,0,4,3,1,0,4,0,4,3,3,3,2,3,1,1,4,1,1,4,3,3,0,2,1,3,3,4,4,3,3,3,3,3,0,0,2,4,2,2,4,3,3,3,0,4,4,4,4,4,1,2,4,1,1,1,0,0,0,0,0,0,0,0,0,0,0,4,1,0,1,4,0,0,2,4,3,4,2,3,1,2,2,2,4,4,2,1,0,2,3,1,1,1,3,4,2,2,3,1,1,2,2,4,4,4,2,2,2,3,0,2,4,4,3,0,4,1,0,1,2,2,4,2,0,0,1,3,2,0,1,1,0,2,3,3,4,4"
124,1.3925537567479194,"0,0,1,4,2,3,1,0,3,0,3,3,2,0,1,3,4,2,2,1,2,4,0,3,4,2,1,2,0,1,3,3,3,3,3,3,1,1,1,1,1,4,1,4,1,3,3,0,4,3,4,0,2,1,1,2,4,2,4,0,2,2,1,4,4,2,2,0,0,1,3,4,1,0,0,1,2,3,3,2,0,4,0,0,4,2,0,2,0,3,4,2,4,1,3,3,2,4,4,1,0,0,0,1,2,0,2,2,3,1,1,3,2,4,1,3,1,4,4,2,2,1,0,3,1,3,1,3,3,1,1,1,4,4,4,3,3,0,2,2,2,0,4,3,1,0,4,0,4,3,3,3,2,3,1,1,4,1,1,4,3,3,0,2,1,3,3,0,4,3,3,3,3,3,0,0,2,4,2,2,4,3,3,3,0,4,4,4,4,4,1,2,4,1,1,1,0,0,0,0,0,0,0,0,0,0,0,4,1,0,1,4,0,0,2,4,3,4,2,3,1,2,2,2,4,4,2,1,0,2,3,1,1,1,3,4,2,2,3,1,1,2,2,4,4,4,2,2,2,4,0,2,4,1,3,0,4,2,0,1,2,2,4,2,0,0,1,3,2,0,1,1,0,2,3,3,4,4"
125,1.3940818484527873,"0,0,1,4,2,3,1,0,3,0,3,3,2,0,1,3,2,2,2,1,2,4,0,3,4,2,1,2,0,1,3,3,3,3,3,3,1,1,1,1,1,4,1,4,1,3,3,0,4,3,4,0,2,1,1,2,4,2,4,0,2,2,1,4,4,2,2,0,0,3,3,4,1,0,0,1,2,3,3,2,0,4,0,0,4,2,0,2,0,0,4,2,4,1,3,3,2,4,4,1,0,0,0,1,2,0,2,2,3,1,1,4,2,4,1,3,1,4,4,2,2,1,0,3,1,3,1,3,3,1,1,1,4,4,4,3,3,0,2,2,2,0,4,3,1,0,4,0,4,3,3,3,2,3,1,1,4,1,1,4,3,3,0,2,1,3,3,0,4,3,3,3,3,3,0,0,2,4,2,2,4,3,3,3,0,4,4,4,4,4,1,2,4,1,1,1,0,0,0,0,0,0,0,0,0,0,0,4,1,0,1,4,0,0,2,4,3,4,2,3,1,2,2,0,4,4,2,1,0,2,3,1,1,1,3,4,2,2,3,1,1,2,2,4,4,4,2,2,2,4,0,2,4,4,3,0,4,1,2,1,2,2,4,2,0,0,1,3,2,0,1,1,0,2,3,3,4,4"
126,1.3920617990594732,"0,0,1,4,2,3,1,0,3,0,3,3,2,0,1,3,2,2,2,1,2,4,0,3,4,2,1,2,0,1,3,3,3,3,3,3,1,1,1,1,1,4,1,4,1,3,3,0,4,3,4,0,2,1,1,2,4,2,4,0,2,2,1,4,4,2,2,0,0,3,3,4,1,0,0,1,2,3,3,2,0,4,0,0,4,2,0,0,0,0,4,2,4,1,3,3,2,4,4,1,0,0,0,1,2,0,2,2,3,1,1,4,2,4,1,3,1,4,4,2,2,1,0,3,1,3,1,3,3,1,1,1,4,4,4,3,3,0,2,2,2,0,4,3,1,0,4,0,4,3,3,3,2,3,1,1,4,1,1,4,3,3,0,2,1,3,3,0,4,3,3,3,3,3,0,0,2,4,2,2,4,3,3,3,0,4,4,4,4,4,1,2,4,1,1,1,0,0,0,0,0,0,0,0,0,0,0,4,1,0,1,4,0,0,2,4,3,4,2,3,1,2,2,0,4,4,2,1,0,2,3,1,1,1,3,4,2,2,3,1,1,2,2,4,4,4,2,2,2,4,0,2,4,4,3,0,4,1,2,1,2,2,4,2,0,0,1,3,2,0,1,1,0,2,3,3,4,4"
127,1.395006360189665,"0,0,1,4,2,3,1,0,3,0,3,3,2,0,1,3,2,2,2,1,2,4,0,3,4,2,1,2,0,1,3,3,3,3,3,3,1,1,1,1,1,4,1,4,1,3,3,0,4,3,4,0,2,1,1,2,4,2,4,0,2,2,1,4,4,2,2,0,0,3,3,4,1,0,0,1,2,3,3,2,0,4,0,0,4,2,0,2,0,4,4,2,4,1,3,3,2,4,4,1,0,0,0,1,2,0,2,2,3,1,1,4,2,4,1,3,1,4,4,2,2,1,0,3,1,3,1,3,3,1,1,1,4,4,4,3,3,0,2,2,2,0,4,3,1,0,4,0,4,3,3,3,2,3,1,1,4,1,1,4,3,3,0,2,1,3,3,0,4,3,3,3,3,3,0,0,2,4,2,2,4,3,3,3,0,4,4,4,4,4,1,2,4,1,1,1,0,0,0,0,0,0,0,0,0,0,0,4,0,0,1,4,0,0,2,4,3,4,2,3,1,2,2,0,4,4,2,1,0,2,3,1,1,1,3,4,2,2,3,1,1,2,2,4,4,4,2,2,2,1,0,2,4,2,3,0,4,1,2,1,2,4,4,2,0,0,1,3,2,0,1,1,0,2,3,3,4,4"
128,1.3917333179360212,"0,0,1,4,2,3,1,0,3,0,3,3,2,0,1,3,2,2,2,1,2,4,0,3,4,2,1,2,0,1,3,3,3,3,3,3,1,1,1,1,1,4,1,4,1,3,3,0,4,3,4,0,2,1,1,2,4,2,4,0,2,2,1,4,4,2,2,0,0,3,3,4,1,0,0,1,2,3,3,2,0,4,0,0,4,2,0,2,0,4,4,2,4,1,3,3,2,4,4,1,0,0,0,1,2,0,2,2,3,1,1,4,2,4,1,3,1,4,4,2,2,1,0,3,1,3,1,3,3,1,1,1,4,4,4,3,3,0,2,2,2,0,4,3,1,0,4,0,4,3,3,3,2,3,1,1,4,1,1,4,3,3,0,2,1,3,3,0,4,3,3,3,3,3,0,0,2,4,2,2,4,3,3,3,0,4,4,4,4,4,1,2,4,1,1,1,0,0,0,0,0,0,0,0,0,0,0,4,0,0,1,4,0,0,2,4,3,4,2,3,1,2,2,0,4,4,2,1,0,2,3,1,1,1,3,4,2,2,3,1,1,2,2,4,4,4,2,2,2,4,0,2,4,4,3,0,4,1,2,1,2,2,4,2,0,0,1,1,2,0,1,1,0,2,3,3,4,4"
129,1.394638550669808,"0,0,1,4,2,3,1,0,3,0,3,3,2,0,1,3,2,2,2,1,2,4,0,3,4,2,1,2,0,3,3,3,3,3,3,3,1,1,1,1,1,4,1,4,1,3,3,0,4,3,4,0,2,1,1,2,4,2,4,0,2,2,1,4,4,2,2,0,0,3,3,4,1,0,0,1,2,3,3,2,0,4,0,0,4,2,0,2,0,4,4,2,4,1,3,3,2,4,4,1,0,0,0,1,2,0,2,2,3,1,1,4,2,4,1,3,1,4,4,2,2,1,0,3,1,3,1,3,3,1,1,1,4,4,4,3,3,0,2,2,2,0,4,3,1,0,4,0,4,3,3,3,2,3,1,1,4,1,1,4,3,3,0,2,1,3,3,0,4,3,3,3,3,3,0,0,2,4,2,2,4,3,3,3,0,4,4,4,4,4,1,2,4,1,1,1,0,0,0,0,0,0,0,0,0,0,0,4,0,0,1,4,0,0,2,4,3,4,2,3,1,2,2,0,4,4,2,1,0,2,3,1,1,1,3,4,2,2,3,1,1,2,2,4,4,4,2,2,2,1,0,2,4,2,3,0,4,1,1,1,2,4,4,2,0,0,1,3,2,0,1,1,0,2,3,3,4,4"
130,1.3936755361610031,"0,0,1,4,2,3,1,0,3,0,3,3,2,0,1,3,2,2,2,1,2,4,0,3,4,2,1,2,0,3,3,3,3,3,3,3,1,1,1,1,1,4,1,4,1,3,3,0,4,3,4,0,2,1,1,2,4,2,4,0,2,2,1,4,4,2,2,0,0,3,3,4,1,0,0,1,2,3,3,2,0,4,0,0,4,2,0,2,0,4,4,2,4,1,3,3,2,4,4,1,0,0,0,1,2,0,2,2,3,1,1,4,2,4,1,3,1,4,4,2,1,1,0,3,1,3,1,3,3,1,1,1,4,4,4,3,3,0,2,2,2,0,4,3,1,0,4,0,4,3,3,3,2,3,1,1,4,1,1,4,3,3,0,2,1,3,3,0,4,3,3,3,3,3,0,0,2,4,2,2,4,3,3,3,0,4,4,4,4,4,1,2,4,1,1,1,2,0,0,0,0,0,0,0,0,0,0,4,0,0,1,4,0,0,2,4,3,4,2,3,1,2,2,0,4,4,2,1,0,2,3,1,1,1,3,4,2,2,3,1,1,2,2,4,4,4,2,2,2,1,0,2,4,2,3,0,4,1,1,1,2,4,4,2,0,0,1,3,2,0,1,1,0,2,3,3,4,4"
131,1.3924032013420362,"0,0,1,4,2,3,1,0,3,0,3,3,2,0,1,3,2,2,2,1,2,4,0,3,4,2,1,2,0,3,3,3,3,3,3,3,1,1,1,1,1,4,1,4,1,3,3,0,4,3,4,0,2,1,1,2,4,2,4,0,2,2,1,4,4,2,2,0,0,1,3,4,1,0,0,1,2,3,3,2,0,4,0,0,4,2,0,2,0,4,4,2,4,1,3,3,2,4,4,1,0,0,0,1,2,0,2,2,3,1,1,4,2,4,1,3,1,4,4,2,1,1,0,3,1,3,1,3,3,1,1,1,4,4,4,3,3,0,2,2,2,0,4,3,1,0,4,0,4,3,3,3,2,3,1,1,4,1,1,4,3,3,0,2,1,3,3,0,4,3,3,3,3,3,0,0,2,4,2,2,4,3,3,3,0,4,4,4,4,4,1,2,4,1,1,2,0,0,0,0,1,0,0,0,0,0,0,4,0,0,1,4,0,0,2,4,3,4,2,3,1,2,2,0,1,4,2,1,0,2,3,1,1,1,3,4,2,2,3,1,1,0,2,4,4,4,2,2,2,2,0,2,4,2,3,0,4,1,2,1,2,4,4,0,0,0,1,3,2,2,1,1,0,2,3,3,4,4"
132,1.3958066997543424,"0,0,1,4,2,3,1,0,3,0,3,3,2,0,1,3,2,2,2,1,2,4,0,3,4,2,1,2,0,1,3,3,3,3,3,3,1,1,1,1,1,4,1,4,1,3,3,0,4,3,4,0,2,1,1,2,4,2,4,0,2,2,1,4,4,2,2,0,0,3,3,4,1,0,0,1,2,3,3,2,0,4,0,0,4,2,0,2,0,4,4,2,4,1,3,3,2,4,4,1,0,0,0,1,2,0,2,2,3,1,1,4,2,4,1,3,1,4,4,2,2,1,0,3,1,3,1,3,3,1,1,1,4,4,4,3,3,0,2,2,2,0,4,3,1,0,4,0,4,3,3,3,2,3,1,1,4,1,1,4,3,3,1,2,1,3,3,0,4,3,3,3,3,3,0,0,2,4,2,2,4,3,3,3,0,4,4,4,4,4,1,2,4,1,1,1,0,0,0,0,0,0,0,0,0,0,0,0,0,0,1,4,0,0,2,4,3,4,2,3,1,2,2,4,4,4,2,1,0,2,3,1,1,1,3,4,2,2,3,1,1,2,2,4,4,4,2,2,2,1,0,2,4,2,3,0,4,1,2,1,2,4,4,2,0,0,1,3,0,0,1,1,0,2,3,3,4,4"
133,1.3775237189316425,"0,0,1,4,2,4,1,0,3,0,3,3,2,0,1,3,2,4,2,1,2,4,0,3,4,2,1,2,0,1,3,3,3,3,3,3,1,1,1,1,1,4,1,4,1,3,3,0,4,3,4,0,2,1,1,2,4,2,4,0,2,2,1,2,4,2,2,0,0,3,3,4,1,0,0,1,2,3,3,2,0,4,0,0,4,2,0,2,0,4,4,2,4,1,3,3,2,4,4,1,0,0,0,1,2,0,2,2,3,1,1,4,2,4,1,3,1,4,4,2,2,1,0,3,1,3,1,3,3,1,1,1,4,4,4,3,3,0,2,2,3,0,4,3,1,0,4,0,4,3,3,3,4,3,1,0,4,1,1,4,3,3,1,2,1,3,3,0,4,3,3,3,3,3,0,0,2,4,2,2,4,3,3,3,0,4,4,4,4,4,1,2,4,1,1,1,0,0,0,0,0,0,0,0,0,0,0,0,1,0,1,4,0,0,2,4,2,4,2,3,1,2,2,4,4,4,2,1,0,2,3,1,1,1,0,4,2,2,3,1,1,2,2,4,4,0,2,2,0,1,0,2,4,2,1,4,4,1,2,1,2,4,4,2,0,3,1,3,2,0,1,1,0,2,3,3,4,4"
134,1.391689090127427,"0,0,1,4,2,4,1,0,3,0,3,3,2,0,1,3,2,4,2,1,2,4,0,3,4,2,1,2,0,4,3,3,3,3,3,3,1,1,1,1,1,4,1,4,1,3,3,0,4,3,4,0,2,1,1,2,4,2,4,0,2,2,1,2,4,1,2,0,0,3,3,4,1,0,0,1,2,3,3,2,0,4,0,0,4,2,0,2,0,4,4,2,4,1,3,3,2,4,4,1,0,0,0,1,2,0,2,2,3,1,1,4,2,4,1,3,1,2,4,2,2,1,0,3,1,3,1,3,3,1,1,1,4,4,4,3,3,0,2,2,3,0,4,3,1,0,4,0,4,3,3,3,2,3,1,1,4,1,1,4,3,3,1,2,1,3,3,0,4,3,3,3,3,3,0,0,2,4,2,2,4,3,3,3,0,4,4,4,4,4,1,2,4,1,1,1,0,0,0,0,0,0,0,0,0,0,0,0,0,0,4,0,0,0,2,4,3,2,2,3,1,2,2,4,4,4,2,1,0,2,3,1,1,1,3,4,2,2,3,1,1,2,2,4,4,4,2,2,2,1,0,2,4,2,3,0,4,1,2,1,2,4,4,2,0,0,1,3,0,0,1,1,0,2,3,3,4,4"
135,1.393438127092756,"0,0,1,4,2,4,1,0,3,0,3,3,2,0,1,3,2,4,2,1,2,4,0,3,4,2,1,2,0,4,3,3,3,3,3,3,1,1,1,1,1,4,1,4,1,3,3,0,4,3,4,0,2,1,1,2,4,2,4,0,2,2,1,2,4,1,2,0,0,3,3,4,1,0,0,1,2,3,3,2,0,4,0,0,4,2,0,2,1,4,4,2,4,1,3,3,2,4,4,1,0,0,0,1,2,0,2,2,3,1,1,4,2,4,1,3,1,2,4,2,2,1,0,3,1,3,1,3,3,1,1,1,4,4,4,3,3,0,2,2,3,0,4,3,1,0,4,0,4,3,3,3,2,3,1,1,4,1,1,4,3,3,1,2,1,3,3,0,4,3,3,3,3,3,0,0,2,4,2,2,4,3,3,3,0,4,4,4,4,4,1,2,4,1,1,1,0,0,0,0,0,0,0,0,0,0,0,0,0,0,4,0,0,0,2,4,3,2,2,3,1,2,2,4,4,4,2,1,0,2,3,1,1,1,3,4,2,2,3,1,1,2,2,4,4,4,2,2,2,1,0,2,4,2,3,0,4,1,2,1,2,4,4,2,0,0,1,3,2,0,1,1,0,2,3,3,4,4"
136,1.390207451967047,"0,0,1,4,2,3,1,0,3,0,3,3,2,0,1,3,2,4,2,1,2,4,0,3,4,2,1,2,0,1,3,3,3,3,3,3,1,1,1,1,1,4,1,4,1,3,3,0,4,3,4,0,2,1,1,2,4,2,4,0,2,2,1,2,4,2,2,0,0,3,3,4,1,0,0,1,2,3,3,2,0,4,0,1,4,2,0,2,0,4,4,2,4,1,3,3,2,4,4,1,0,0,0,1,2,0,2,2,3,1,1,4,2,4,1,3,1,4,4,0,2,1,0,3,1,3,1,3,3,1,1,1,4,4,4,3,3,0,2,2,2,0,4,3,1,0,4,0,4,3,3,3,2,3,1,1,4,1,1,4,3,3,1,2,1,3,3,0,4,3,3,2,3,3,0,0,2,4,2,2,4,3,3,3,0,0,4,4,4,4,1,2,4,1,1,1,0,0,0,0,0,0,0,0,0,0,0,0,1,0,1,4,0,0,2,4,3,4,2,3,1,2,2,4,4,4,2,1,0,2,3,1,1,1,3,4,2,2,3,1,1,2,2,4,4,4,2,2,2,1,0,2,4,2,3,0,4,1,2,4,2,4,4,2,0,0,1,3,2,0,1,1,0,2,3,3,4,4"
137,1.3960671118719523,"0,0,1,4,2,3,1,0,3,0,3,3,2,0,1,3,2,4,4,1,2,4,0,3,4,2,1,2,0,1,3,3,3,3,3,3,3,1,1,1,1,4,1,4,1,3,3,0,4,3,4,0,2,1,1,2,4,2,4,0,2,2,1,2,4,2,2,0,0,3,3,4,1,0,0,1,2,3,3,2,0,4,0,0,2,2,0,2,0,4,4,2,4,1,3,3,2,4,4,1,0,1,0,1,2,0,2,2,3,1,1,4,2,4,1,3,1,4,4,2,2,1,0,3,1,3,1,3,3,1,1,1,4,4,4,3,3,0,2,2,2,0,4,3,1,0,4,0,4,3,3,3,2,3,1,1,4,1,1,4,3,3,1,2,1,3,3,0,4,3,3,3,3,3,0,0,2,4,2,2,4,3,3,3,0,0,4,4,4,4,1,2,4,1,1,1,0,0,0,0,0,0,0,0,0,0,0,0,0,0,1,4,0,0,2,4,3,4,2,3,1,2,2,4,4,4,2,1,0,2,3,1,1,1,3,4,2,2,3,1,1,2,2,4,4,4,2,2,2,1,0,2,4,2,3,0,4,1,2,1,2,4,4,2,0,0,1,3,2,0,1,1,0,2,3,3,4,4"
138,1.3959849757560132,"0,0,1,4,2,3,1,0,3,0,3,3,2,0,1,3,2,4,4,1,2,4,0,3,4,2,1,2,0,1,3,3,3,3,3,3,3,1,1,1,1,4,1,4,1,3,3,0,4,3,4,0,2,1,1,2,4,2,4,0,2,2,1,2,4,2,2,0,0,3,3,4,1,0,0,1,2,3,3,2,3,4,0,0,2,2,0,2,0,4,4,2,4,1,3,3,2,4,4,1,0,0,0,1,2,0,2,2,3,1,1,4,2,4,1,3,1,4,4,2,2,1,0,3,1,3,1,3,3,1,1,1,4,4,4,3,3,0,2,2,2,0,4,0,1,0,4,0,4,3,3,3,2,3,1,1,4,1,1,4,3,3,1,2,1,3,3,0,4,3,3,3,3,3,0,0,2,4,2,2,4,3,3,3,0,0,4,4,4,4,1,2,4,1,1,1,0,0,0,0,0,0,0,0,0,0,0,0,0,0,1,4,0,0,2,4,3,4,2,3,1,2,2,4,4,4,2,1,0,2,3,1,1,1,3,4,2,2,3,1,1,2,2,4,4,4,2,2,2,1,0,1,4,2,3,0,4,1,2,1,2,4,4,2,0,0,1,3,2,0,1,1,0,2,3,3,4,4"
139,1.3936758390095163,"0,0,1,4,2,3,1,0,3,0,3,3,2,0,1,3,2,4,4,1,2,4,0,3,4,2,1,2,0,1,3,3,3,3,3,3,3,1,1,1,1,4,1,4,1,3,3,0,4,3,4,0,2,1,1,2,4,2,4,0,2,2,1,2,4,2,2,0,0,3,3,4,1,0,0,1,2,3,3,2,0,4,0,0,2,2,0,2,0,4,4,2,4,1,3,3,2,4,4,1,0,0,0,1,2,0,2,2,3,1,1,4,2,4,1,3,1,4,4,2,2,1,0,3,1,3,1,3,3,1,1,1,4,4,4,3,3,0,2,2,2,0,4,3,1,0,4,0,4,3,3,3,2,3,1,1,4,1,1,4,3,3,1,2,1,3,3,0,4,3,3,3,3,3,0,0,2,4,2,2,4,3,3,3,0,0,4,4,4,4,1,2,4,1,1,1,0,0,0,0,0,0,0,0,0,0,0,0,0,0,1,4,0,0,2,4,3,4,2,3,1,2,2,4,4,4,2,1,0,2,3,1,1,1,3,4,2,2,3,1,1,2,2,4,4,4,2,2,2,1,0,2,4,2,1,0,4,1,2,1,2,4,4,2,0,0,1,1,2,0,1,1,0,2,3,3,4,4"
140,1.3946275228670544,"0,0,1,4,2,3,1,0,3,4,3,3,2,0,1,3,2,4,4,1,2,4,0,3,4,2,1,2,0,1,3,3,3,3,3,3,3,1,1,1,1,4,1,4,1,3,3,0,4,3,4,0,2,1,1,2,4,2,4,0,2,2,1,2,4,2,2,0,0,3,3,4,1,0,0,1,2,3,3,2,0,4,0,0,2,2,0,2,0,4,4,2,4,1,3,3,2,4,4,1,0,0,0,1,2,0,2,2,3,1,1,4,2,4,1,3,1,4,4,2,2,1,0,3,1,3,1,3,3,1,1,1,4,4,4,3,3,0,2,2,2,0,4,0,1,0,4,0,4,3,3,3,2,3,1,1,4,1,1,4,3,3,1,2,1,3,3,0,4,3,3,3,3,3,0,0,2,4,2,2,4,3,3,3,0,0,4,4,4,4,1,2,4,1,1,1,0,0,0,0,0,0,0,0,0,0,0,0,0,0,1,4,0,0,2,4,3,4,2,3,1,4,2,4,4,0,2,1,0,2,3,1,1,1,3,4,2,2,3,1,1,2,2,4,4,4,3,2,2,2,4,2,4,2,3,0,4,1,2,1,2,4,4,2,0,0,1,1,2,0,1,1,0,2,3,3,4,4"
141,1.388889899626712,"0,0,1,4,2,3,1,0,3,4,3,3,2,0,1,3,2,4,4,1,2,4,0,3,4,2,1,2,0,1,3,3,3,3,3,3,3,1,1,1,1,4,1,4,1,3,3,0,4,3,4,0,2,1,1,2,4,2,4,0,2,2,1,2,4,2,2,0,0,3,3,4,1,0,0,1,2,3,3,2,0,4,0,0,2,2,0,2,0,4,4,2,4,1,3,3,2,4,4,1,0,0,0,1,2,0,2,2,3,1,1,4,2,4,1,3,1,4,4,2,2,1,0,3,1,3,1,3,3,1,1,1,4,4,4,3,3,0,2,2,2,0,4,0,1,0,4,0,4,3,3,3,2,3,1,1,4,1,1,4,3,3,1,2,1,3,3,0,4,3,3,3,3,3,0,0,2,4,2,2,4,3,3,3,0,0,4,4,4,4,1,2,4,1,1,1,0,0,0,0,0,0,0,0,0,0,0,0,0,0,1,4,0,0,2,4,3,4,2,3,1,2,2,4,4,4,2,1,0,2,3,1,1,1,3,4,2,2,3,1,0,2,2,4,4,4,2,2,2,1,0,2,4,2,3,0,4,1,2,1,2,4,4,2,0,0,1,3,2,0,1,1,0,0,3,3,4,4"
142,1.3926147753224511,"0,0,1,4,2,3,1,0,3,4,3,3,2,0,1,3,2,4,4,1,2,4,0,3,4,2,1,2,0,1,3,3,3,3,3,3,3,1,1,1,1,4,1,4,1,3,3,0,4,3,4,0,2,1,1,2,4,2,4,0,2,2,1,2,4,2,2,0,0,3,3,4,1,0,0,1,2,3,3,2,0,4,0,0,2,2,0,2,0,4,4,2,4,1,3,3,2,4,4,1,0,0,0,1,2,0,2,2,3,1,1,4,2,4,1,3,1,4,4,2,2,1,0,3,1,3,1,3,3,1,1,1,4,4,4,3,3,0,2,2,2,0,4,0,1,2,4,0,4,3,3,3,2,3,1,1,4,1,1,4,3,3,1,2,1,3,3,0,4,3,3,3,3,3,0,0,2,4,2,2,4,3,3,3,0,0,4,4,4,4,1,2,4,1,1,1,0,0,0,0,0,0,0,0,1,0,0,0,0,0,1,4,0,0,2,4,3,4,2,3,1,2,2,4,4,4,2,1,0,2,3,1,1,1,3,4,2,2,3,1,1,2,2,4,4,4,2,2,2,1,0,2,4,2,3,0,4,1,2,1,2,4,4,2,0,0,1,3,2,0,1,1,0,2,3,3,4,4"
143,1.397678926276831,"0,0,1,4,2,3,1,0,3,4,3,3,2,0,1,3,2,4,4,1,2,4,0,3,4,2,1,2,0,1,3,3,3,3,3,3,3,1,1,1,1,4,1,4,1,3,3,0,4,3,4,0,2,1,1,2,4,2,4,0,2,2,1,2,4,2,2,0,0,3,3,4,1,0,0,1,2,3,3,2,0,4,0,0,2,2,0,2,0,4,4,2,4,1,3,3,2,4,4,1,0,0,0,1,2,0,2,2,3,1,1,4,2,4,1,3,1,4,4,2,2,1,0,3,1,3,1,3,3,1,1,1,4,4,4,3,3,0,2,2,2,0,4,0,1,0,4,0,4,3,3,3,2,3,1,1,4,1,1,4,3,3,1,2,1,3,3,0,4,3,3,3,3,3,0,0,2,4,2,2,4,3,3,3,0,0,4,4,4,4,1,2,4,1,1,1,0,0,0,0,0,0,0,0,0,0,0,0,0,0,1,4,0,2,2,4,3,4,2,3,1,2,2,4,0,4,2,1,0,2,3,1,1,1,3,4,2,1,3,1,1,2,2,4,4,4,2,2,2,1,0,2,4,2,3,0,4,1,4,1,2,4,4,2,0,0,1,3,2,0,1,1,0,2,3,3,4,4"
144,1.3978666996455331,"0,0,1,4,2,3,1,0,3,4,3,3,2,0,1,3,2,4,4,1,2,4,0,2,4,2,1,2,0,1,3,3,3,3,3,3,3,1,1,1,1,4,1,4,1,3,3,0,4,3,4,0,2,1,1,2,4,2,4,0,2,2,1,2,4,2,2,0,0,3,3,4,1,0,0,1,2,3,3,2,0,4,0,0,2,2,0,2,0,4,4,2,4,1,3,3,3,4,4,1,0,0,0,1,2,0,2,2,3,1,1,4,2,4,1,3,1,4,4,2,2,1,0,3,1,3,1,3,3,1,1,1,4,4,4,3,3,0,2,2,2,0,4,0,1,0,4,0,4,3,3,3,2,3,1,1,4,1,1,4,3,3,1,2,1,3,3,0,4,3,3,3,3,3,0,0,2,4,2,2,4,3,3,3,0,0,4,4,4,4,1,2,4,1,1,1,0,0,0,0,0,0,0,0,0,0,0,0,0,0,1,4,0,2,2,4,3,4,2,3,1,2,2,4,0,4,2,1,0,2,3,1,1,1,3,4,2,1,3,1,1,2,2,4,4,4,2,2,2,1,0,2,4,2,3,0,4,1,4,1,2,4,4,2,0,0,1,3,2,0,1,1,0,2,3,3,4,4"
145,1.398008392750818,"0,0,1,4,2,3,1,0,3,4,3,3,2,0,1,3,2,4,4,1,2,4,0,2,4,2,1,2,0,1,3,3,3,3,3,3,3,1,1,1,1,4,1,4,1,3,3,0,4,3,4,0,2,1,1,0,4,2,4,0,2,2,1,2,4,2,2,0,0,3,3,4,1,0,0,1,2,3,3,2,0,4,0,0,2,2,0,2,0,4,4,2,4,1,3,3,3,4,4,1,0,0,0,1,2,2,2,2,3,1,1,4,2,4,1,3,1,4,4,2,2,1,0,3,1,3,1,3,3,1,1,1,4,4,4,3,3,0,2,2,2,0,4,0,1,0,4,0,4,3,3,3,2,3,1,1,4,1,1,4,3,3,1,2,1,3,3,0,4,3,3,3,3,3,0,0,2,4,2,2,4,3,3,3,0,0,4,4,4,4,1,2,4,1,1,1,0,0,0,0,0,0,0,0,0,0,0,0,0,0,1,4,0,2,2,4,3,4,2,3,1,2,2,2,0,4,2,1,0,2,3,1,1,1,3,4,2,1,3,1,1,2,2,4,4,4,2,2,2,1,0,2,4,2,3,0,4,1,4,1,2,4,4,2,0,0,1,3,2,0,1,1,0,2,3,3,4,4"
146,1.38091907270974,"0,0,1,4,2,3,1,0,3,4,3,3,2,0,1,3,2,4,4,1,2,4,0,2,4,2,1,2,0,1,3,3,3,3,3,3,3,1,1,1,1,4,1,4,1,3,3,0,4,3,4,0,2,1,1,0,4,2,4,0,2,2,1,2,4,2,2,0,0,3,3,4,1,0,0,1,2,3,3,2,0,4,0,0,2,2,0,2,0,4,4,3,4,1,3,3,3,4,4,1,0,0,0,1,2,4,2,2,3,4,1,4,2,4,1,3,1,4,4,2,0,1,0,3,1,3,1,3,3,1,1,1,4,4,4,3,3,0,2,2,2,0,4,0,1,0,4,0,4,3,3,3,2,3,1,1,4,1,1,4,3,3,1,2,1,3,3,0,4,3,3,3,3,3,0,0,2,4,2,2,4,3,3,3,0,0,4,4,4,4,1,2,4,1,1,1,0,0,0,0,0,0,0,0,0,0,0,0,0,0,1,4,0,2,2,4,3,4,2,3,1,2,2,2,0,4,2,1,0,2,3,1,1,1,3,4,2,1,3,1,1,2,2,4,4,4,2,2,2,1,0,2,4,2,3,0,4,1,4,1,2,4,4,2,0,0,1,3,1,0,1,1,0,2,3,3,4,4"
147,1.3980766386411017,"0,0,1,4,2,3,1,0,3,4,3,3,2,0,1,3,2,4,4,1,2,4,0,2,4,2,1,2,0,1,3,3,3,3,3,3,3,1,1,1,1,4,1,4,1,3,3,0,4,3,4,0,2,1,1,0,4,2,4,0,2,2,1,2,4,2,2,0,0,3,3,4,1,0,0,1,2,3,3,2,0,4,0,0,2,2,0,2,0,4,4,2,4,1,3,3,3,4,4,1,0,0,0,1,2,2,2,2,3,1,1,4,2,4,1,3,1,4,4,2,2,1,0,3,1,3,1,3,3,1,1,1,4,4,4,3,3,0,2,2,2,0,4,0,1,0,4,0,4,3,3,3,2,3,1,1,4,1,1,4,3,3,1,2,1,3,3,0,4,3,3,3,3,3,0,0,2,4,2,2,4,3,3,3,0,0,4,4,4,4,1,2,4,1,1,1,0,0,0,0,0,0,0,0,0,0,0,0,0,0,1,4,0,2,2,4,3,4,4,3,1,2,2,2,0,4,2,1,0,2,3,1,1,1,3,4,2,1,3,1,1,2,2,4,4,4,2,2,2,1,0,2,4,2,3,0,4,1,4,1,2,4,4,2,0,0,1,3,2,0,1,1,0,2,3,3,4,4"
148,1.3876968120548208,"0,0,1,4,2,3,1,0,3,4,3,3,2,0,1,3,2,4,4,1,2,4,0,2,3,2,1,2,0,1,3,3,3,3,3,3,3,1,1,1,1,4,1,4,1,3,3,0,4,3,4,0,2,1,1,0,4,2,4,0,2,2,1,2,4,2,2,0,0,3,3,4,1,0,0,1,1,3,3,2,0,4,0,0,2,2,0,2,0,4,4,2,4,1,3,3,3,4,4,1,0,0,0,1,2,2,2,2,3,1,1,4,2,4,1,3,1,4,4,2,2,1,0,3,1,3,1,3,3,1,1,1,4,4,4,3,3,0,2,2,2,0,4,0,1,0,4,0,4,3,3,3,2,3,1,1,4,1,1,4,3,3,1,2,1,3,3,0,4,3,3,3,3,3,0,0,2,4,2,2,4,3,3,3,0,0,4,4,4,4,1,2,4,1,1,1,0,0,1,0,0,0,0,0,0,0,0,0,0,2,1,4,0,2,2,4,3,4,2,3,4,2,2,0,0,4,2,1,0,2,2,1,1,1,3,4,2,1,3,1,1,1,2,4,4,4,2,2,2,1,0,2,4,2,3,0,4,1,4,1,2,4,4,2,0,0,1,3,2,0,1,1,0,2,0,3,4,4"
149,1.397394573838465,"0,0,1,4,2,3,1,0,3,4,3,3,2,0,1,3,2,4,4,1,2,4,0,2,3,2,1,2,0,1,3,3,3,3,3,3,3,1,1,1,1,4,1,4,1,3,3,0,4,3,4,0,2,1,1,0,4,2,4,0,2,2,1,2,4,2,2,0,0,3,3,4,1,0,0,1,1,3,3,2,0,4,0,0,2,2,0,2,0,4,4,2,4,1,3,3,3,4,4,1,0,0,0,1,2,2,2,2,3,1,1,4,2,4,1,3,1,4,4,2,2,0,0,3,2,3,1,3,3,1,1,1,4,4,4,3,3,0,2,2,2,2,4,0,1,0,4,0,4,3,3,3,2,3,1,1,4,1,1,4,3,3,1,2,1,3,3,4,4,3,3,1,3,3,0,0,2,4,2,2,4,3,3,3,0,0,4,4,4,4,1,2,4,1,1,1,0,0,0,0,0,0,0,0,0,0,0,0,0,0,1,4,0,2,2,4,3,4,4,3,1,2,2,2,0,4,2,1,0,2,3,1,1,1,3,4,2,1,3,1,1,2,2,4,4,4,2,2,2,1,0,2,4,2,3,0,4,1,4,1,2,4,4,2,0,0,1,3,2,0,1,1,0,2,3,3,4,4"
150,1.3825181016334733,"0,0,1,4,2,3,1,0,3,4,3,3,2,0,1,3,2,4,4,1,2,4,0,2,3,2,1,2,0,1,3,3,3,3,3,3,3,0,2,1,3,4,1,4,1,3,3,0,0,3,4,0,2,1,1,0,4,2,4,0,2,2,1,2,4,2,2,0,0,3,3,4,1,0,0,1,2,3,3,2,0,4,0,0,2,2,0,3,0,4,2,2,4,1,3,3,3,4,4,1,0,0,0,1,2,2,2,2,3,1,1,4,2,4,1,0,1,4,4,2,2,1,0,3,1,3,1,3,3,1,1,1,4,4,4,3,3,0,0,2,2,0,4,0,1,0,4,0,4,3,3,3,2,2,1,1,4,1,1,4,3,3,1,2,1,3,3,0,4,3,3,3,3,3,0,0,2,4,2,2,4,3,1,3,0,0,4,4,4,4,1,2,4,1,1,1,1,0,0,3,0,0,0,0,0,0,0,0,0,4,1,4,0,2,3,4,3,4,2,3,1,2,2,2,0,4,2,1,0,2,3,1,1,1,3,4,2,1,3,1,1,2,2,4,4,4,2,2,2,1,0,2,4,2,2,0,4,1,4,1,2,4,4,2,0,0,1,3,2,0,2,1,4,2,3,3,4,4"
151,1.3878200767565274,"0,0,1,4,2,3,1,0,3,4,3,3,2,0,1,3,2,4,4,1,2,4,0,2,2,2,1,2,0,1,3,3,3,3,4,3,3,1,2,3,1,4,1,4,1,3,3,0,4,3,4,0,4,1,1,0,4,2,4,0,2,2,1,2,0,2,2,0,0,3,3,4,1,1,0,1,1,3,3,2,0,4,2,0,2,2,0,2,0,4,4,2,4,0,3,3,1,4,4,1,0,0,0,1,2,2,2,2,3,1,1,4,2,4,1,3,1,4,4,2,2,0,0,3,2,3,1,3,3,1,1,1,4,4,4,3,3,0,2,2,2,2,4,0,1,0,4,0,4,3,3,3,2,2,1,1,0,1,1,2,3,3,1,2,1,3,3,0,4,3,1,3,3,3,0,0,2,4,2,2,4,3,1,3,0,0,4,4,4,4,1,2,4,1,1,3,1,0,0,0,0,0,0,0,0,0,0,0,0,4,1,4,0,2,3,4,3,4,3,3,1,2,2,2,0,4,2,1,0,2,3,3,1,4,3,4,2,1,3,1,1,3,2,4,4,4,2,2,2,1,0,2,4,2,3,0,4,1,4,1,2,4,4,0,0,0,1,3,2,0,1,1,0,2,3,3,4,4"
152,1.3984347699457165,"0,0,1,4,2,3,1,0,3,4,3,3,2,0,1,3,2,4,4,1,2,4,0,2,2,2,1,2,0,1,3,3,3,3,3,3,3,1,1,1,1,4,1,4,1,3,3,0,4,3,4,0,2,1,1,0,4,2,4,0,2,2,1,2,4,2,2,0,0,3,3,4,1,0,0,1,2,3,3,2,0,4,0,0,2,2,0,2,0,4,4,2,2,1,3,3,3,4,4,1,0,0,0,1,2,2,2,2,3,1,1,4,2,4,1,3,1,4,4,2,2,1,0,3,1,3,1,3,3,1,1,1,4,4,4,3,3,0,2,2,2,0,4,0,1,0,4,0,4,3,3,3,2,3,1,1,4,1,1,4,3,3,1,2,1,3,3,0,4,3,3,3,3,3,0,0,2,4,2,2,4,3,3,3,0,0,4,4,4,4,1,2,4,1,1,1,0,0,0,0,0,0,0,0,0,0,0,0,0,0,1,4,4,2,2,4,3,4,4,3,1,2,2,2,0,4,2,1,4,2,3,1,1,1,3,4,2,1,3,1,1,2,2,4,4,4,2,2,2,1,0,2,4,2,3,0,4,1,4,1,2,4,4,0,0,0,1,3,2,0,1,1,0,2,3,3,4,4"
153,1.3985372548987354,"0,0,1,4,2,3,1,0,3,4,3,3,2,0,1,3,1,4,4,1,2,4,0,2,2,2,1,2,0,1,3,3,3,3,3,3,3,1,1,1,1,4,1,4,1,3,3,0,4,3,4,0,2,1,1,0,4,2,4,0,2,2,1,2,4,2,2,0,0,3,3,4,1,0,0,1,2,3,3,2,0,4,0,0,2,2,0,2,0,4,4,2,2,1,3,3,3,4,4,1,0,0,0,1,2,2,2,2,3,1,1,4,2,4,1,3,1,4,4,2,2,1,0,3,1,3,1,3,3,1,1,1,4,4,4,3,3,0,2,2,2,0,4,0,1,0,4,0,4,3,3,3,2,3,2,1,4,1,1,4,3,3,1,2,1,3,3,0,4,3,3,3,3,3,0,0,2,4,2,2,4,3,3,3,0,0,4,4,4,4,1,2,4,1,1,1,0,0,0,0,0,0,0,0,0,0,0,0,0,0,1,4,4,2,2,4,3,4,4,3,1,2,2,2,0,4,2,1,4,2,3,1,1,1,3,4,2,1,3,1,1,2,2,4,4,4,2,2,2,1,0,2,0,2,3,0,4,1,4,1,2,4,4,0,0,0,1,3,2,0,1,1,0,2,3,3,4,4"
154,1.3961253810120038,"0,0,1,4,2,3,1,0,3,4,3,3,2,0,1,3,1,4,4,1,2,4,0,2,2,2,1,2,0,1,3,3,3,3,3,3,3,1,1,1,1,4,1,4,1,3,3,0,4,3,4,0,2,1,1,0,4,2,4,0,2,2,1,2,4,2,2,0,0,3,3,4,1,0,0,1,2,3,3,2,0,4,0,0,2,2,0,2,0,4,4,2,2,1,3,3,3,4,4,1,0,0,0,1,2,2,2,2,3,1,1,4,2,4,1,3,1,4,4,2,2,1,0,3,1,3,1,3,3,3,1,1,4,4,4,3,3,0,2,2,2,0,4,0,1,0,4,0,4,3,3,3,2,3,2,1,4,1,1,4,3,3,1,2,1,3,3,0,4,3,3,3,3,3,0,0,2,4,2,2,4,3,4,3,0,0,4,4,4,4,1,2,4,1,1,1,0,0,0,0,0,0,0,0,0,0,0,0,0,0,1,4,4,2,2,4,3,4,4,3,1,2,2,2,0,4,2,1,4,2,3,1,1,1,3,4,2,1,3,1,1,2,2,4,4,4,2,2,4,1,0,2,0,2,3,0,4,1,4,1,2,4,4,0,0,0,1,3,2,0,1,1,0,2,3,3,4,4"
155,1.3988239366549724,"0,0,1,4,2,3,1,0,3,4,3,3,2,0,1,3,1,4,4,1,2,4,0,2,2,2,1,2,0,1,3,3,3,3,3,3,3,1,1,1,1,4,1,4,1,3,3,0,4,3,4,0,2,1,1,0,4,2,4,0,2,2,1,2,4,2,2,0,0,3,3,4,1,0,0,1,2,3,3,2,0,4,0,0,4,2,0,2,0,4,4,2,2,1,3,3,3,4,4,1,0,0,0,1,2,2,2,2,3,1,1,4,2,4,1,3,1,4,4,2,2,1,0,3,1,3,1,3,3,1,1,1,4,4,4,3,3,0,2,2,2,0,4,0,1,0,4,0,4,3,3,3,2,3,2,1,4,1,1,4,3,3,1,2,1,3,3,0,4,3,3,3,3,3,0,0,2,4,2,2,4,3,3,3,0,0,4,4,4,4,1,2,4,1,1,1,0,0,0,0,0,0,0,0,0,0,0,0,0,0,1,4,4,2,2,4,3,4,4,3,1,2,2,2,4,4,2,1,4,2,3,1,1,1,3,4,2,1,3,1,1,2,2,4,4,4,2,2,2,1,0,2,0,2,3,0,4,1,4,1,2,4,4,0,0,0,1,3,2,0,1,1,0,2,3,3,2,4"
156,1.3997808161072995,"0,0,1,4,2,3,1,0,3,4,3,3,2,0,1,3,1,4,4,1,4,4,0,2,0,2,1,2,0,1,3,3,3,3,3,3,3,1,1,1,1,4,1,4,1,3,3,0,4,3,4,0,2,1,1,0,4,2,4,0,2,2,1,2,4,2,2,0,0,3,3,4,1,0,0,1,2,3,3,2,0,4,0,0,4,4,0,2,0,4,4,2,2,1,3,3,3,4,4,1,0,0,0,1,2,2,2,2,3,1,1,4,2,4,1,3,1,4,4,2,2,1,0,3,1,3,3,3,3,1,1,1,4,4,4,3,3,0,2,2,2,0,4,0,1,0,4,0,4,3,3,3,2,3,2,1,4,1,1,4,3,3,1,2,1,3,3,0,4,3,3,3,3,3,0,0,2,4,2,2,4,3,3,3,0,0,4,4,4,4,1,2,4,1,1,1,0,0,0,0,0,0,0,0,0,0,0,0,0,0,1,4,4,2,2,4,3,4,4,3,1,2,2,2,4,4,2,1,4,2,3,1,1,1,3,2,2,1,3,1,1,2,2,4,1,4,2,2,2,1,0,2,0,2,3,2,4,1,4,1,2,4,4,0,0,0,1,3,2,0,1,1,0,2,3,3,2,4"
157,1.4000489552288107,"0,0,1,4,2,3,1,0,3,4,3,3,2,0,1,3,1,4,4,1,4,4,0,2,0,2,1,2,0,1,3,3,3,3,3,3,3,1,1,1,1,4,1,4,1,3,3,0,2,3,4,0,2,1,1,0,4,2,4,0,2,2,1,2,4,2,2,0,0,3,3,4,1,0,0,1,2,3,3,2,0,4,0,0,4,4,0,2,0,4,4,2,2,1,3,3,3,4,4,1,0,0,0,1,2,2,2,2,3,1,1,4,2,4,1,3,1,4,4,2,2,1,0,3,1,3,3,3,3,1,1,1,4,4,4,3,3,0,2,2,2,0,4,0,1,0,4,0,4,3,3,3,2,3,2,1,4,1,1,4,3,3,1,2,1,3,3,0,4,3,3,3,3,3,0,0,2,4,2,2,4,3,3,3,0,0,4,4,4,4,1,2,4,1,1,1,0,0,0,0,0,0,0,0,0,0,0,0,0,0,1,4,4,2,2,4,3,4,4,3,1,2,2,2,4,4,2,1,4,2,3,1,1,1,3,2,2,1,3,1,1,4,2,4,1,4,2,2,2,1,0,2,0,2,3,2,4,1,4,1,2,4,4,0,0,0,1,3,2,0,1,1,0,2,3,3,2,4"
158,1.4005133225472381,"0,0,1,4,2,3,1,0,3,4,3,3,2,0,1,3,1,4,4,1,4,4,0,2,0,2,1,2,0,1,3,3,3,3,3,3,3,1,1,1,1,4,1,4,1,3,3,0,2,3,4,0,2,1,1,0,4,2,4,0,2,2,1,2,4,2,2,0,0,3,3,4,1,0,0,1,2,3,3,2,0,4,0,0,4,4,0,2,0,4,4,2,2,1,3,3,3,4,4,1,0,0,0,1,2,2,2,2,3,1,1,4,2,4,1,3,1,4,4,2,2,1,0,3,1,3,3,3,3,1,1,1,4,4,4,3,3,0,2,2,2,0,4,0,1,0,4,0,4,3,3,3,2,3,2,1,4,1,1,4,3,3,1,2,1,3,3,0,4,3,3,3,3,3,0,0,2,4,2,2,4,3,3,3,0,0,4,4,4,4,1,2,4,1,1,1,0,0,0,0,0,0,0,0,0,0,0,0,0,0,1,4,4,2,2,4,3,4,4,3,1,2,2,2,4,4,2,1,4,2,3,1,1,1,3,2,2,1,0,1,1,4,2,4,1,4,2,2,2,1,0,2,2,2,3,2,4,1,4,1,2,4,4,0,0,0,1,3,2,0,1,1,0,2,3,3,2,4"
159,1.3960981574169715,"0,0,1,4,2,3,1,0,3,4,3,3,2,0,1,3,1,4,4,1,4,4,0,2,0,2,1,2,0,1,3,3,3,3,3,3,3,1,1,1,1,4,1,4,1,3,3,0,2,3,4,0,2,1,1,0,4,2,4,0,2,2,1,2,4,2,2,0,0,3,3,4,1,0,0,1,2,3,3,2,0,4,0,0,4,4,0,2,0,4,4,2,2,1,3,3,3,4,4,1,0,0,0,1,2,2,2,2,3,1,1,4,2,4,1,3,1,4,4,2,2,1,0,3,1,3,3,3,3,1,1,1,4,4,4,3,3,0,2,2,2,0,4,0,1,0,4,0,4,3,3,3,2,3,2,1,4,1,1,4,3,3,1,2,1,3,3,0,4,3,3,3,3,3,0,0,2,4,2,2,4,3,3,3,1,0,4,4,4,4,1,2,4,1,1,1,0,0,0,0,0,0,0,0,0,0,0,0,0,0,1,4,4,2,2,4,3,4,4,3,1,2,2,2,4,4,2,1,4,2,3,1,1,1,3,2,2,1,0,1,1,4,2,4,1,4,2,2,2,1,0,2,2,2,3,2,4,1,4,1,2,4,4,0,0,0,1,3,2,0,1,1,0,2,3,3,2,4"
160,1.4005133225472381,"0,0,1,4,2,3,1,0,3,4,3,3,2,0,1,3,1,4,4,1,4,4,0,2,0,2,1,2,0,1,3,3,3,3,3,3,3,1,1,1,1,4,1,4,1,3,3,0,2,3,4,0,2,1,1,0,4,2,4,0,2,2,1,2,4,2,2,0,0,3,3,4,1,0,0,1,2,3,3,2,0,4,0,0,4,4,0,2,0,4,4,2,2,1,3,3,3,4,4,1,0,0,0,1,2,2,2,2,3,1,1,4,2,4,1,3,1,4,4,2,2,1,0,3,1,3,3,3,3,1,1,1,4,4,4,3,3,0,2,2,2,0,4,0,1,0,4,0,4,3,3,3,2,3,2,1,4,1,1,4,3,3,1,2,1,3,3,0,4,3,3,3,3,3,0,0,2,4,2,2,4,3,3,3,0,0,4,4,4,4,1,2,4,1,1,1,0,0,0,0,0,0,0,0,0,0,0,0,0,0,1,4,4,2,2,4,3,4,4,3,1,2,2,2,4,4,2,1,4,2,3,1,1,1,3,2,2,1,0,1,1,4,2,4,1,4,2,2,2,1,0,2,2,2,3,2,4,1,4,1,2,4,4,0,0,0,1,3,2,0,1,1,0,2,3,3,2,4"
161,1.398432621118132,"0,0,1,4,2,3,1,0,3,4,3,3,2,0,1,3,1,4,4,1,4,4,0,2,0,2,1,2,0,1,3,3,3,3,3,3,3,1,1,1,1,4,1,4,1,3,3,0,2,3,4,0,2,1,1,0,4,2,4,0,2,2,1,2,4,2,2,0,0,3,3,4,1,0,0,1,4,3,3,2,0,4,0,0,4,4,0,2,0,4,4,2,2,1,3,3,3,4,4,1,0,0,0,1,2,2,2,2,3,1,1,4,2,4,1,3,1,4,4,2,2,1,0,3,1,3,3,3,3,1,1,1,4,4,4,3,3,0,2,2,2,0,4,0,1,0,4,0,4,3,3,3,2,3,2,1,4,1,1,4,3,3,1,2,1,3,3,0,4,3,3,3,3,3,0,0,2,4,2,2,4,3,3,3,0,0,4,4,4,4,1,2,4,1,1,1,0,0,0,0,0,0,0,0,0,0,0,0,0,0,1,4,4,2,2,4,3,4,4,3,1,2,2,2,0,4,2,1,4,2,3,1,1,1,3,2,2,1,0,1,1,4,2,1,1,4,2,2,2,1,0,2,2,2,3,2,4,1,4,1,2,4,4,0,0,0,1,3,2,0,1,1,0,2,3,3,2,4"
162,1.3987276902844525,"0,0,1,4,2,3,1,0,3,4,3,3,2,0,1,3,1,4,4,1,4,4,0,2,0,2,1,2,0,1,3,3,3,3,3,3,3,1,1,1,1,4,1,4,1,3,3,0,2,3,4,0,2,1,1,0,4,2,4,0,2,2,1,2,4,2,2,0,0,3,3,4,1,0,0,1,4,3,3,2,0,4,0,0,4,4,0,2,0,4,4,2,2,1,3,3,3,4,4,1,0,0,0,1,2,2,2,2,3,1,1,4,2,4,1,3,1,4,4,2,2,1,0,3,1,3,3,3,3,1,1,1,4,4,4,3,3,0,2,2,2,0,4,0,1,0,4,0,4,3,3,3,2,3,2,1,4,1,1,4,3,3,1,2,1,3,3,0,4,3,3,3,3,3,0,0,2,4,2,2,4,3,3,3,0,0,4,4,4,4,1,2,4,1,1,1,0,0,0,0,0,0,0,0,0,0,0,0,0,0,1,4,4,2,2,4,3,4,4,3,1,2,2,2,4,4,2,1,4,2,3,1,1,1,3,2,2,1,0,1,1,4,2,4,1,4,2,2,2,1,0,2,2,2,3,2,4,1,4,1,2,4,4,0,0,0,1,3,2,0,1,1,0,2,3,3,2,4"
163,1.400693851143929,"0,0,1,4,2,3,1,0,3,4,3,3,2,0,1,3,1,4,4,1,4,4,0,2,0,2,1,2,0,1,3,3,3,3,3,3,3,1,1,1,1,4,1,4,1,3,3,0,2,3,4,0,2,1,1,0,4,2,4,0,2,2,1,2,4,2,2,0,0,3,3,4,1,0,0,1,4,3,3,2,0,4,0,0,4,4,0,2,0,4,4,2,2,1,3,3,3,4,4,1,0,0,0,1,2,2,2,2,3,1,1,4,2,4,1,3,1,4,4,2,2,1,0,3,1,3,3,3,3,1,1,1,4,4,4,3,3,0,2,2,2,0,4,0,1,0,4,0,4,3,3,3,2,3,2,1,4,1,1,4,3,3,1,2,1,3,3,0,4,3,3,3,3,3,0,0,2,4,2,2,4,3,3,3,0,0,4,4,4,4,1,2,4,1,1,1,0,0,0,0,0,0,0,0,0,0,0,0,0,0,1,4,4,2,2,4,3,4,4,3,1,2,2,2,4,0,2,1,4,2,3,1,1,1,3,2,2,1,0,1,1,4,2,4,1,4,2,2,2,1,0,2,2,2,3,2,4,1,4,1,2,4,4,0,0,0,1,3,2,0,1,1,0,2,3,3,2,4"
164,1.4007563240064802,"0,0,1,4,2,3,1,0,3,4,3,3,2,0,1,3,1,4,4,1,4,4,0,2,0,2,1,2,0,1,3,3,3,3,3,3,3,1,1,1,1,4,2,4,1,3,3,0,2,3,4,0,2,1,1,0,4,2,4,0,2,2,1,2,4,2,2,0,0,3,3,4,1,0,0,1,4,3,3,2,0,4,0,0,4,4,0,2,0,4,4,2,2,1,3,3,3,4,4,1,0,0,0,1,2,2,2,2,3,1,1,4,2,4,1,3,1,4,4,2,2,1,0,3,1,3,3,3,3,1,1,1,4,4,4,3,3,0,2,2,2,0,4,0,1,0,4,0,4,3,3,3,2,3,2,1,4,1,1,4,3,3,1,2,1,3,3,0,4,3,3,3,3,3,0,0,2,0,2,2,4,3,3,3,0,0,4,4,4,4,1,2,4,1,1,1,0,0,0,0,0,0,0,0,0,0,0,0,0,0,1,4,4,2,2,4,3,4,4,3,1,2,2,2,4,4,1,1,4,2,3,1,1,1,3,2,2,1,0,1,1,4,2,4,1,4,2,2,2,1,0,2,2,2,3,2,4,1,4,1,2,4,4,0,0,0,1,3,2,0,1,1,0,2,3,3,2,4"
165,1.3957043469030836,"0,0,1,4,2,3,1,0,3,4,3,3,2,0,1,3,1,4,4,1,4,4,0,2,0,2,1,2,0,1,3,3,3,3,3,3,3,1,1,1,1,4,2,4,1,3,3,0,2,3,4,0,2,1,1,0,4,2,4,0,2,2,1,2,4,2,2,0,0,3,3,4,1,0,0,1,4,3,3,2,0,4,0,0,4,4,0,2,0,4,4,2,2,1,3,3,3,4,4,1,0,0,0,1,2,2,2,2,3,1,1,4,2,4,1,3,1,4,4,2,2,1,0,3,1,3,3,3,3,1,1,1,4,4,4,3,3,0,2,2,2,0,4,0,1,0,4,0,4,3,3,3,2,3,2,1,4,1,1,4,3,3,1,2,1,3,3,0,4,3,3,3,3,3,0,0,2,3,2,2,3,3,3,3,0,0,4,4,4,4,1,2,4,1,1,1,0,0,0,0,0,0,0,0,0,0,0,0,0,0,1,4,4,2,2,4,3,4,4,3,1,2,2,2,4,4,1,1,4,2,3,1,1,1,3,2,2,1,0,1,1,4,2,4,1,4,2,2,2,1,0,2,2,2,3,2,4,1,4,1,2,4,4,0,0,0,1,3,2,0,1,1,0,2,3,3,2,2"
166,1.4011760255320354,"0,0,1,4,2,3,1,0,3,4,3,3,2,0,1,3,1,4,4,1,4,4,0,2,0,2,1,2,0,1,3,3,3,3,3,3,3,1,1,1,1,4,4,4,1,3,3,0,2,3,4,0,2,1,1,0,4,2,4,0,2,2,1,2,4,2,2,0,0,3,3,4,1,0,0,1,4,3,3,2,0,4,0,4,4,4,0,2,0,4,4,2,2,1,3,3,3,4,4,1,0,0,0,1,2,2,2,2,3,1,1,0,2,4,1,3,1,4,4,2,2,1,0,3,1,3,3,3,3,1,1,1,4,4,4,3,3,0,2,2,2,0,4,0,1,0,4,0,4,3,3,3,2,3,2,1,4,1,1,4,3,3,1,2,1,3,3,0,4,3,3,3,3,3,0,0,2,4,2,2,4,3,3,3,0,0,4,4,4,4,1,2,4,1,1,1,0,0,0,0,0,0,0,0,0,0,0,0,0,0,1,4,4,2,2,0,3,4,4,3,1,2,2,2,4,4,2,1,4,2,3,1,1,1,3,2,0,1,2,1,1,4,2,4,1,4,2,2,2,1,0,2,2,2,3,2,4,1,4,1,2,4,4,0,0,0,1,3,2,0,1,1,0,2,3,3,2,2"
167,1.4011009261533744,"0,0,1,4,2,3,1,0,3,4,3,3,2,0,1,3,1,4,4,4,4,4,0,2,0,2,1,2,0,1,3,3,3,3,3,3,3,1,1,1,1,4,4,4,1,3,3,0,2,3,4,0,2,1,1,0,4,2,4,0,2,2,1,2,4,2,2,0,0,3,3,4,1,0,0,1,4,3,3,2,0,4,0,4,1,4,0,2,0,4,4,2,2,1,3,3,3,4,4,1,0,0,0,1,2,2,2,2,3,1,1,0,2,4,1,3,1,4,4,2,2,1,0,3,1,3,3,3,3,1,1,1,4,4,4,3,3,0,2,2,2,0,4,0,1,0,4,0,4,3,3,3,2,3,2,1,4,1,1,4,3,3,1,2,1,3,3,0,4,3,3,3,3,3,0,0,2,4,2,2,4,3,3,3,0,0,4,4,4,4,1,2,4,1,1,1,0,0,0,0,0,0,0,0,0,0,0,0,0,0,1,4,4,2,2,0,3,4,4,3,1,2,2,2,4,4,2,1,4,2,3,1,1,1,3,2,0,1,2,1,1,4,2,4,1,4,2,2,2,1,0,2,2,2,3,2,4,1,4,1,2,4,4,0,0,0,1,3,2,0,1,1,0,2,3,3,2,2"
168,1.3962817386377833,"0,0,1,4,2,3,1,0,3,4,3,3,2,0,1,3,1,4,4,4,4,4,0,2,0,2,1,2,0,1,3,3,3,3,3,3,3,1,1,1,1,4,4,4,1,3,3,0,2,3,4,0,2,1,1,0,4,2,4,0,2,2,1,2,4,2,2,0,0,3,3,4,1,0,0,1,4,3,3,2,0,4,0,4,1,4,0,2,0,4,4,2,2,1,3,3,3,4,4,1,0,0,0,1,2,2,2,2,3,1,1,0,2,4,1,3,1,4,4,2,2,1,2,3,1,3,3,3,3,1,1,1,4,4,4,3,3,0,2,2,2,0,4,0,2,0,4,0,4,3,3,3,2,3,2,1,4,1,1,4,3,3,1,2,1,3,3,0,4,3,3,3,3,3,0,0,2,4,2,2,4,3,3,3,0,0,3,4,4,4,1,2,4,1,1,1,0,0,0,0,0,0,0,0,0,0,0,0,0,0,1,4,4,2,2,0,3,4,4,3,1,2,2,2,4,4,2,1,4,2,3,1,1,1,3,2,4,1,2,1,1,4,2,4,1,4,2,2,2,1,0,0,2,2,3,2,4,1,4,1,2,4,4,0,0,0,1,3,2,0,1,1,0,2,3,3,2,2"
169,1.3701283297864488,"0,0,1,4,2,3,1,2,3,4,3,3,2,0,1,3,1,4,4,1,4,4,0,2,0,2,1,2,0,1,3,3,3,3,3,3,3,1,1,1,1,4,1,4,1,1,3,0,2,3,4,0,2,1,1,0,4,2,4,0,2,2,1,2,4,2,2,0,0,3,3,4,1,0,0,1,4,3,3,2,0,4,0,4,1,4,0,2,0,4,4,2,2,1,3,3,3,4,4,1,0,0,0,1,2,2,2,2,3,1,1,0,2,4,1,3,1,4,4,2,2,1,0,3,1,3,3,3,3,1,1,1,4,4,4,3,3,0,2,2,2,0,4,0,1,0,4,0,4,3,3,3,2,3,2,1,4,1,1,4,3,3,1,2,1,3,3,0,4,3,3,3,3,3,0,3,2,4,2,2,4,3,3,3,2,0,4,4,4,4,1,2,4,1,1,1,0,0,0,0,0,0,0,0,0,0,0,0,0,0,1,4,4,2,2,0,3,4,4,3,1,2,2,2,4,4,2,1,4,2,3,1,1,1,3,2,0,1,2,1,1,4,2,4,1,4,2,2,2,1,0,2,2,2,3,2,4,1,4,1,2,2,4,0,0,0,1,3,2,0,1,1,0,2,3,3,2,2"
170,1.3993268268113082,"0,0,1,4,2,3,1,2,3,4,3,3,2,0,1,3,1,4,4,1,4,4,0,2,0,2,1,2,0,1,3,3,3,3,3,3,3,1,1,1,1,4,4,4,1,3,3,0,2,3,4,0,2,1,1,0,4,2,4,2,2,2,1,4,4,2,2,0,0,3,3,4,1,0,0,1,4,3,3,2,0,4,0,4,1,4,0,2,0,4,4,2,2,1,3,3,3,4,4,1,0,0,0,1,2,2,2,2,3,1,1,0,2,4,1,3,1,4,4,2,2,1,0,3,1,3,3,3,3,1,1,1,4,4,4,3,3,0,2,2,2,0,4,0,1,0,4,0,4,3,3,3,2,3,2,1,4,4,1,4,3,3,1,2,1,3,3,0,4,3,3,3,3,3,0,0,2,4,2,2,4,3,3,3,0,0,4,4,4,4,1,2,3,1,1,1,0,0,0,0,0,0,0,0,0,0,0,0,0,0,1,4,4,2,2,0,3,4,4,3,1,2,2,2,4,4,2,1,4,2,3,1,1,1,3,2,0,1,2,1,1,4,2,4,1,4,2,2,2,1,0,2,2,2,0,2,4,1,4,1,2,4,4,0,0,0,1,3,2,0,1,1,0,2,3,3,2,2"
171,1.3973169717112945,"0,0,1,4,2,3,1,2,3,4,3,3,2,0,1,3,1,4,1,1,4,4,0,2,0,2,1,2,0,1,3,3,3,3,3,3,3,1,1,1,1,4,4,4,1,3,3,0,2,3,4,0,2,1,1,0,4,2,4,2,2,2,1,4,4,2,2,0,0,3,3,4,1,0,0,1,4,3,3,2,0,4,0,4,1,4,0,2,0,4,4,2,2,1,3,3,3,4,4,1,0,0,0,1,2,2,2,2,3,1,1,0,2,4,1,3,1,4,4,2,2,1,0,3,1,3,3,3,3,1,1,1,4,4,4,3,3,0,2,2,2,0,4,0,1,0,4,0,4,3,3,3,2,3,2,1,4,4,1,4,3,3,1,2,1,3,3,0,4,3,3,3,3,3,0,0,2,4,2,2,4,3,3,3,0,0,4,4,4,4,1,2,3,1,1,1,0,0,0,0,0,0,0,0,0,0,0,0,0,0,1,4,4,2,2,0,3,4,4,3,1,2,2,2,4,4,2,1,4,2,3,1,1,1,3,2,0,1,1,1,4,4,2,4,1,4,2,2,2,1,0,2,2,2,0,2,4,1,4,1,2,4,4,0,4,0,1,3,2,0,1,1,0,2,3,3,2,2"
172,1.4014683277329576,"0,0,1,4,2,3,1,2,3,4,3,3,2,0,1,3,1,4,1,1,4,4,0,2,0,2,1,2,0,1,3,3,3,3,3,3,3,1,1,1,1,4,4,4,1,3,3,0,2,3,4,0,2,1,1,0,4,2,4,0,2,2,1,4,4,2,2,0,0,3,3,4,1,0,0,1,4,3,3,2,0,4,0,4,1,4,0,2,0,4,4,2,2,1,3,3,3,4,4,1,0,0,0,1,2,2,2,2,3,1,1,0,2,4,1,3,1,4,4,2,2,1,0,3,1,3,3,3,3,1,1,1,4,4,4,3,3,0,2,2,2,0,4,0,1,0,4,0,4,3,3,3,2,3,2,1,4,4,1,4,3,3,1,2,1,3,3,0,4,3,3,3,3,3,0,0,2,4,2,2,4,3,3,3,0,0,4,4,4,4,1,2,3,1,1,1,0,0,0,0,0,0,0,0,0,0,0,0,0,0,1,4,4,2,2,0,3,4,4,3,1,2,2,2,4,4,2,1,4,2,3,1,1,1,3,2,0,1,2,1,1,4,2,4,1,4,2,2,2,1,0,2,2,2,0,2,4,1,4,1,2,4,4,0,0,0,1,3,2,0,1,1,0,2,3,3,2,2"
173,1.3934330971726376,"0,0,1,4,2,3,1,2,3,4,3,3,2,0,1,3,1,4,1,1,4,4,0,2,0,2,1,2,0,1,3,3,3,3,3,3,3,1,1,1,1,4,4,4,1,3,3,0,2,3,4,0,2,1,1,0,4,2,4,0,2,2,1,4,4,2,2,0,0,3,3,4,1,0,1,1,4,3,3,2,0,4,0,4,1,4,0,2,0,4,4,2,2,1,3,3,3,4,4,1,0,0,0,1,2,2,2,2,3,1,1,0,2,4,4,3,1,4,4,2,2,1,0,3,1,3,3,3,3,1,1,1,4,4,4,3,3,0,2,2,2,0,4,0,1,0,4,0,4,3,3,3,2,3,2,1,4,4,1,4,3,3,1,2,1,3,3,0,4,3,3,3,3,3,0,0,2,4,2,4,4,3,3,4,0,0,4,4,4,4,1,2,3,1,2,1,0,0,0,0,0,0,0,0,0,0,0,0,2,0,1,4,4,2,2,0,3,4,1,3,1,2,2,2,4,4,0,1,2,2,3,3,1,1,3,2,0,1,2,1,1,4,2,4,4,4,2,2,2,1,0,2,2,2,0,2,4,1,4,1,2,4,4,0,0,0,1,3,2,0,1,1,0,2,3,3,2,2"
174,1.3979368149049085,"0,0,1,4,2,3,1,2,3,4,3,3,2,0,1,3,1,4,1,1,4,4,0,2,0,2,1,2,0,1,3,3,3,3,3,3,3,1,1,1,1,4,4,4,1,3,3,0,2,3,4,0,2,1,1,0,4,2,4,0,2,2,1,4,4,2,2,0,0,3,3,4,1,0,1,1,4,3,3,2,0,4,0,4,1,4,0,2,0,4,4,2,2,1,3,3,3,4,4,1,0,0,0,1,2,2,2,2,3,1,1,0,2,4,4,3,1,4,4,0,2,1,0,3,1,3,3,3,3,1,1,1,4,4,4,3,3,0,2,2,2,0,4,0,1,0,4,0,4,3,3,3,2,3,2,1,3,4,1,4,3,3,1,2,1,3,3,2,4,3,3,3,3,3,0,0,2,4,2,2,4,3,3,3,0,0,4,4,4,4,4,2,3,1,1,1,0,0,0,0,0,0,0,0,0,0,0,0,0,0,1,4,4,2,2,0,3,4,4,3,1,2,2,2,4,4,2,1,4,2,3,1,1,1,3,2,0,1,2,1,1,4,2,4,1,4,2,2,2,1,0,2,2,3,0,2,4,1,4,1,2,4,4,0,0,0,1,3,2,0,1,1,0,2,3,3,2,2"
175,1.3972120705224582,"0,0,1,4,2,3,1,2,3,4,3,3,2,0,1,3,1,4,1,1,4,4,0,2,0,2,1,2,0,1,3,3,3,3,3,3,3,1,1,1,1,4,4,4,1,3,3,0,2,3,4,0,2,1,1,0,4,2,4,0,2,2,1,4,4,2,2,0,0,3,3,4,1,0,0,1,4,3,3,2,0,4,0,4,1,4,0,2,0,4,4,2,2,1,3,3,3,4,4,1,0,0,0,1,2,2,2,2,3,1,1,0,2,4,2,3,1,4,3,0,2,1,0,3,1,3,2,3,3,1,1,1,4,4,4,3,3,0,2,2,2,0,4,0,1,0,4,0,4,3,3,3,2,3,2,1,4,4,1,4,3,3,1,2,1,3,3,0,4,3,3,3,3,3,0,0,2,4,2,4,4,3,3,3,0,0,4,4,4,4,1,2,3,1,1,1,0,0,0,0,0,0,0,0,0,0,2,0,0,0,1,4,4,2,2,0,3,4,4,3,1,2,2,2,4,4,2,1,4,2,3,1,1,1,3,2,0,1,2,1,1,4,2,4,1,4,2,2,2,1,0,2,2,2,0,2,4,1,4,1,2,4,4,0,0,0,1,3,2,0,1,1,0,2,3,3,2,2"
176,1.4017206540146256,"0,0,1,4,2,3,1,2,3,4,3,3,2,0,1,3,1,4,1,1,4,4,0,2,0,2,1,2,0,1,3,3,3,3,3,3,3,1,1,1,1,4,4,4,1,3,3,0,2,3,4,0,2,1,1,0,4,2,4,0,2,2,1,4,4,2,2,0,0,3,3,4,1,0,0,1,4,3,3,2,2,4,0,4,1,4,0,2,0,4,4,2,3,1,3,3,3,4,4,1,0,0,0,1,2,2,2,2,3,1,4,0,2,4,1,3,1,4,4,2,2,1,0,1,1,3,3,3,3,1,1,1,4,4,4,3,3,0,2,2,2,0,4,0,1,0,4,0,4,3,3,3,2,3,2,1,4,4,1,4,3,3,1,2,1,3,3,0,4,3,3,3,3,3,0,0,2,4,2,2,4,3,3,3,0,0,4,4,4,4,1,0,3,1,1,1,0,0,0,0,0,0,0,0,0,0,0,0,0,0,1,4,4,2,2,0,3,4,4,3,1,2,2,2,4,4,2,1,4,2,3,1,1,1,3,2,0,1,2,1,1,4,2,4,1,4,2,2,2,1,0,2,2,2,0,2,4,1,4,1,2,4,4,0,0,0,1,3,2,0,1,1,0,2,3,3,2,2"
177,1.3975779369163224,"0,0,1,4,2,3,1,2,3,4,3,3,2,0,1,3,1,4,1,1,4,4,0,2,0,2,1,2,0,1,3,3,3,3,3,3,3,1,1,1,1,4,4,4,1,3,3,0,2,3,4,0,2,1,1,0,4,2,4,0,2,2,1,4,4,2,2,0,0,3,3,4,1,0,0,1,4,3,3,2,2,4,2,4,1,4,0,2,0,4,4,2,3,1,3,3,3,4,4,1,0,0,0,1,2,2,2,2,3,1,4,0,2,4,1,3,1,4,4,2,2,1,0,1,1,3,3,3,3,1,1,1,4,4,4,3,3,0,2,2,2,0,4,0,1,0,4,0,4,3,3,3,2,3,2,1,4,4,1,4,3,3,1,2,1,3,2,0,4,3,3,3,3,3,0,0,2,4,2,2,4,3,3,3,0,0,4,4,4,4,1,0,3,1,1,1,0,0,0,0,0,0,0,0,0,0,0,0,0,0,1,4,4,2,2,0,3,4,4,3,1,2,2,2,4,4,2,1,4,2,3,1,1,1,3,2,0,1,2,1,1,4,2,4,1,4,2,2,2,1,0,2,2,2,0,2,4,1,4,1,2,4,4,0,0,0,1,3,2,0,1,1,0,2,3,3,2,2"
178,1.4020813177478209,"0,0,1,4,2,3,1,2,3,4,3,3,2,0,1,3,1,4,1,1,4,4,0,2,0,2,1,2,0,1,3,3,3,3,3,3,3,1,1,1,1,4,4,4,1,3,3,0,2,3,4,0,2,1,1,0,4,2,4,0,2,2,1,4,4,2,2,0,0,3,3,4,1,0,0,1,4,3,3,2,2,4,2,4,1,4,0,2,0,4,4,2,3,1,3,3,3,4,4,1,0,0,0,1,2,2,2,2,3,1,4,0,2,4,1,3,1,4,4,2,2,1,0,1,1,3,3,3,3,1,1,1,4,4,2,3,3,0,2,2,2,0,4,0,1,0,4,0,4,3,3,3,2,3,2,1,4,4,1,4,3,3,1,2,1,3,3,0,4,3,3,3,3,3,0,0,2,4,2,2,4,3,3,3,0,0,4,4,4,4,1,0,3,1,1,1,0,0,0,0,0,0,0,0,0,0,0,0,0,0,1,4,4,2,2,0,3,4,4,3,1,2,2,2,4,4,2,1,4,2,3,1,1,1,3,2,0,1,2,1,1,4,2,4,1,4,2,2,2,1,0,2,4,2,0,2,4,1,4,1,2,4,4,0,0,0,1,3,2,0,1,1,0,0,3,3,2,2"
179,1.4021134457715498,"0,0,1,4,2,3,1,2,3,4,3,3,2,0,1,3,1,4,1,1,4,4,0,2,0,2,1,2,0,1,3,3,3,3,3,3,3,1,1,1,1,4,4,4,1,3,3,0,2,3,4,0,2,1,1,0,4,2,4,0,2,2,1,4,4,2,2,0,0,3,3,4,1,0,0,1,4,3,3,2,2,4,2,4,1,4,0,2,0,4,4,2,3,1,3,3,3,4,4,1,0,0,0,1,2,2,2,2,3,1,4,0,2,4,1,3,1,4,4,2,2,1,0,1,1,3,3,3,3,1,1,1,4,4,2,3,3,0,2,2,2,0,4,0,1,0,4,0,1,3,3,3,2,3,2,3,4,4,1,4,3,3,1,2,1,3,3,0,4,3,3,3,3,3,0,0,2,4,2,2,4,3,3,3,0,0,4,4,4,4,1,0,4,1,1,2,0,0,0,0,0,0,0,0,0,0,0,0,0,0,1,4,4,2,2,0,3,4,4,3,1,2,2,2,4,4,2,1,4,2,3,1,1,1,3,2,0,1,4,1,1,4,2,4,1,4,2,2,2,1,0,2,2,2,0,2,4,1,4,1,2,4,4,0,0,0,1,3,2,0,1,1,0,0,3,3,2,2"
180,1.4022139241800586,"0,0,1,4,2,3,1,2,3,4,3,3,2,0,1,3,1,4,1,1,4,4,0,2,0,2,1,2,0,1,3,3,3,3,3,3,3,1,1,1,1,4,4,4,1,3,3,0,2,3,4,0,2,1,1,0,4,2,4,0,2,2,1,4,4,2,2,0,0,3,3,4,1,0,0,1,4,3,3,2,2,4,2,4,1,4,0,2,0,4,4,2,3,1,3,3,3,4,4,1,0,0,0,1,2,2,2,2,3,1,4,0,2,4,1,3,1,4,4,2,2,1,0,1,1,3,3,3,3,1,1,1,4,4,2,3,3,0,2,2,2,0,4,0,1,0,4,0,1,3,3,3,2,3,2,3,1,4,1,4,3,3,1,2,1,3,3,0,4,3,3,3,3,3,0,0,2,4,2,2,4,3,3,3,0,0,4,4,4,4,1,0,4,1,1,2,0,0,0,0,0,0,0,0,0,0,0,0,0,0,1,4,4,2,2,0,3,4,4,3,1,2,2,2,4,4,2,1,4,2,3,1,1,1,3,2,0,1,4,1,1,4,2,4,1,4,2,2,2,1,0,2,2,2,0,2,4,1,4,1,2,4,4,0,0,0,4,3,2,0,1,1,0,0,3,3,2,2"
181,1.4026647797207825,"0,0,1,4,2,3,1,2,3,4,3,3,2,0,1,3,1,4,1,1,4,4,0,2,0,2,1,2,0,1,3,3,3,3,3,3,3,1,1,1,1,4,4,4,1,3,3,0,2,3,4,0,2,1,1,0,4,2,4,0,2,2,1,4,4,2,2,0,0,3,3,4,1,0,0,1,4,3,3,2,2,4,2,4,1,4,0,2,0,4,4,2,3,1,3,3,3,4,4,1,0,0,0,1,2,2,2,2,3,1,4,0,2,4,1,3,1,4,4,2,2,1,0,1,1,3,3,3,3,1,1,1,4,4,2,3,3,0,2,2,2,0,4,0,1,0,4,0,1,3,3,3,2,3,2,3,1,4,1,4,3,3,1,2,1,3,3,0,4,3,3,3,3,3,0,0,2,2,2,2,4,3,3,3,0,0,4,4,4,4,1,0,4,1,1,4,0,0,0,0,0,0,0,0,0,0,0,0,0,0,1,4,4,2,2,0,3,4,4,3,1,2,2,2,4,4,2,1,4,2,3,1,1,1,3,2,0,1,4,1,1,4,2,4,1,4,2,2,2,1,0,2,2,2,0,2,4,1,4,1,2,4,4,0,0,0,4,3,2,0,1,1,0,0,3,3,2,2"
182,1.4019536761398266,"0,0,1,4,2,3,1,2,3,4,3,3,2,0,1,3,1,4,1,1,4,4,0,2,0,2,1,2,0,1,3,3,3,3,3,3,3,1,1,1,1,4,4,4,1,3,3,0,2,3,4,0,2,1,1,0,4,2,4,0,2,2,1,4,4,2,2,0,0,3,3,4,1,0,0,1,4,3,3,2,2,4,2,4,1,4,0,2,0,4,4,2,3,1,3,3,3,4,4,1,0,0,0,1,2,2,2,2,3,1,4,0,2,4,1,3,1,4,4,2,2,1,0,1,1,3,3,3,3,1,1,1,4,4,2,3,3,0,2,3,2,0,4,0,1,0,4,0,1,3,3,3,2,3,2,3,1,4,1,4,3,3,1,2,1,3,3,0,4,3,3,3,3,3,0,0,2,2,2,2,4,3,3,3,0,0,4,4,4,4,1,0,4,1,1,4,0,0,0,0,0,0,0,0,0,0,0,0,0,0,1,4,4,2,2,0,3,4,4,3,1,2,2,2,4,4,2,1,4,2,3,1,1,1,3,2,0,1,4,1,1,4,2,4,1,4,2,2,2,1,0,2,2,2,0,2,4,1,1,1,2,4,4,0,0,0,4,3,2,0,1,1,0,0,3,3,2,2"
183,1.4004705248471376,"0,0,1,4,2,3,1,2,3,4,3,3,2,0,1,3,1,4,1,1,4,4,2,2,0,2,1,2,0,1,3,3,3,3,3,3,3,1,1,1,1,4,4,4,1,3,3,0,2,3,4,0,2,1,1,0,4,2,4,0,2,2,1,4,4,2,2,0,0,3,3,4,1,0,0,1,4,3,3,2,2,4,2,4,1,4,0,2,0,4,4,2,3,1,3,3,3,4,4,1,0,0,0,1,2,2,2,2,1,1,4,0,2,4,1,3,1,4,4,2,2,4,0,1,1,3,3,3,3,1,1,1,4,4,2,3,3,0,1,3,2,0,4,0,1,0,4,0,1,3,3,3,2,3,2,3,1,4,1,4,3,3,1,2,1,3,3,0,4,3,3,3,3,3,0,0,2,2,2,2,4,3,3,3,0,0,4,4,4,4,1,0,4,4,1,4,0,0,0,0,0,0,0,0,0,0,0,0,0,0,1,4,4,2,2,0,3,4,4,3,1,2,2,2,4,4,2,1,4,2,3,1,1,1,3,2,0,1,4,1,1,4,2,4,1,4,2,2,2,1,0,2,2,2,0,2,4,1,1,1,2,4,4,0,0,0,4,3,2,0,1,1,0,0,3,3,2,2"
184,1.4014716257833488,"0,0,1,4,2,3,1,2,3,4,3,3,2,0,1,3,1,4,1,1,4,4,2,2,0,2,1,2,0,1,3,3,3,3,3,3,3,1,1,1,1,4,4,4,1,3,3,0,2,3,4,0,2,1,1,0,4,2,4,0,2,2,1,4,4,2,2,0,0,3,3,4,1,0,0,1,4,3,3,2,2,4,2,4,1,4,0,2,0,4,4,2,3,1,3,3,3,4,4,1,0,0,0,1,2,2,2,2,1,1,4,0,2,4,1,3,1,4,4,2,2,4,0,1,1,3,3,3,3,1,1,1,4,4,2,3,3,0,2,3,2,0,4,0,1,0,4,0,1,3,3,3,3,3,2,3,1,4,1,4,3,3,1,2,1,3,3,0,4,3,3,3,3,3,0,0,2,2,2,2,4,3,3,3,0,0,4,4,4,4,1,0,4,1,1,4,0,0,0,0,0,0,0,0,0,0,0,0,0,0,1,4,4,2,2,0,3,4,4,3,1,2,2,2,4,4,2,1,4,2,3,1,1,1,3,2,0,1,4,1,1,4,2,4,1,4,2,2,2,1,0,2,0,2,0,2,4,1,1,1,2,4,4,0,0,0,4,3,2,0,1,1,0,0,3,3,2,2"
185,1.4031778532836985,"0,0,1,4,2,3,1,2,3,4,3,3,2,0,1,3,1,4,1,1,4,4,2,2,0,2,1,2,0,1,3,3,3,3,3,3,3,1,1,1,1,4,4,4,1,3,3,0,2,3,4,0,2,1,1,0,4,2,4,0,2,2,1,4,4,2,2,0,0,3,3,4,1,0,0,1,4,3,3,2,2,4,2,4,1,4,0,2,0,4,4,2,3,1,3,3,3,4,4,2,0,0,0,1,2,2,2,2,1,1,4,0,2,4,1,3,1,4,4,2,2,4,0,1,1,3,3,3,3,1,1,1,4,4,2,3,3,0,2,3,2,0,4,0,1,0,4,0,1,3,3,3,3,3,2,3,1,4,1,4,3,3,1,2,1,3,3,0,4,3,3,3,3,3,0,0,2,2,2,2,4,3,3,3,0,0,4,4,1,4,1,0,4,1,1,4,0,0,0,0,0,0,0,0,0,0,0,0,0,0,1,4,4,2,2,0,3,4,4,3,1,2,2,2,4,4,2,1,4,2,3,1,1,1,3,2,0,1,4,1,1,4,2,4,1,4,2,2,2,1,0,2,0,2,0,2,4,1,1,1,2,4,4,0,0,0,4,3,2,0,1,1,0,0,3,3,2,2"
186,1.4033416400157017,"0,0,1,4,2,3,1,2,3,4,3,3,2,0,1,3,1,4,1,1,4,4,2,2,0,2,1,2,0,1,3,3,3,3,3,3,3,1,1,1,1,4,4,4,1,3,3,0,2,3,4,0,2,1,1,0,4,2,4,0,2,2,1,4,4,2,2,0,0,3,3,4,1,0,0,1,4,3,3,2,2,4,2,4,1,4,0,2,0,4,4,2,3,1,3,3,3,4,4,2,0,0,0,1,2,2,2,2,1,1,4,0,2,4,1,3,1,4,4,2,2,4,0,1,1,3,3,3,3,1,1,1,4,4,2,3,3,0,2,3,2,0,4,2,0,0,4,0,1,3,3,3,3,3,2,3,1,4,1,4,3,3,1,2,1,3,3,0,4,3,3,3,3,3,0,0,2,2,2,2,4,3,3,3,0,0,4,4,1,4,1,0,4,1,1,4,0,0,0,0,0,0,0,0,0,0,0,0,0,0,1,4,4,2,2,0,3,4,4,3,1,2,2,2,4,4,2,1,4,2,3,1,1,1,3,2,0,1,4,1,1,4,2,4,1,4,2,2,2,1,0,2,0,2,0,2,4,1,1,1,2,4,4,0,0,0,4,3,2,0,1,1,0,0,3,3,2,2"
187,1.4011090195308316,"0,0,1,4,2,3,1,2,3,4,3,3,2,0,1,3,1,4,1,1,4,4,2,2,0,2,1,2,0,1,3,3,3,3,3,3,3,1,1,1,1,4,4,4,1,3,3,0,2,3,4,0,2,1,1,0,4,1,4,0,2,2,1,4,4,2,2,0,0,3,3,4,1,0,0,1,4,3,3,2,2,4,2,4,1,4,0,2,0,4,4,2,3,1,3,3,3,4,4,2,0,0,0,1,2,2,2,2,1,1,4,0,2,4,1,3,1,4,4,2,2,4,0,1,1,3,3,3,3,1,1,1,4,4,2,3,3,0,2,3,2,0,4,2,0,2,4,0,1,3,3,3,3,3,2,3,1,4,1,4,3,3,1,2,1,3,3,0,4,3,3,3,3,3,0,0,2,2,2,2,4,3,3,3,0,0,4,4,1,4,1,0,4,1,1,4,0,0,0,0,0,0,0,0,0,0,0,0,0,0,1,0,4,2,2,0,3,4,4,3,1,2,2,2,4,4,2,1,4,2,3,1,1,1,3,2,0,1,4,1,1,4,2,4,1,4,2,2,2,1,0,2,0,2,0,2,4,1,1,1,2,4,4,0,0,0,4,3,2,0,1,1,0,0,3,3,2,2"
188,1.4041807594968325,"0,0,1,4,2,3,1,2,3,4,3,3,2,0,1,3,1,4,1,1,4,4,2,2,0,2,1,2,0,1,3,3,3,3,3,3,3,1,1,1,1,4,4,4,1,3,3,0,2,4,4,0,2,1,1,0,4,1,4,0,2,2,1,4,4,2,2,0,0,3,3,4,1,0,0,1,4,3,3,2,2,4,2,4,1,1,0,2,0,4,4,2,3,1,3,3,3,4,4,2,0,0,0,1,2,2,2,2,1,1,4,0,2,4,1,3,1,4,4,2,2,4,0,1,1,3,3,3,3,1,1,1,4,4,2,3,3,0,2,3,2,0,4,2,0,0,4,0,1,3,3,3,3,3,2,3,1,4,4,4,3,3,1,2,1,3,3,0,4,3,3,3,3,3,0,0,2,2,2,2,4,3,3,3,0,0,4,4,1,4,1,0,4,1,1,4,0,0,0,0,0,0,0,0,0,0,0,0,0,0,1,4,4,2,2,0,3,4,4,3,1,2,2,2,4,4,2,1,4,2,3,1,1,1,3,2,0,1,4,1,1,4,2,4,1,4,2,2,2,1,0,2,0,2,0,2,4,1,1,1,2,4,4,0,0,0,4,3,2,0,1,1,0,0,3,3,2,2"
189,1.4040259355116045,"0,0,1,4,2,3,1,2,3,4,3,3,2,0,1,3,1,4,1,1,4,4,2,2,0,2,1,2,0,1,3,3,3,3,3,3,3,1,1,1,1,4,4,4,1,3,3,0,2,4,4,0,2,1,1,0,4,1,4,0,2,2,1,4,4,2,2,0,0,3,3,4,1,0,0,1,4,3,3,2,2,4,2,4,1,1,0,2,2,4,4,2,3,1,3,3,3,4,4,2,0,0,0,1,2,2,2,2,1,1,4,0,2,4,1,3,1,4,4,2,2,4,0,1,1,3,3,3,3,1,1,1,4,4,2,3,3,0,2,3,2,0,4,2,0,0,4,0,1,3,3,3,3,3,2,3,1,4,4,3,3,3,1,2,1,3,3,0,4,3,3,3,3,3,0,0,2,2,2,2,4,4,3,3,0,0,4,4,1,4,1,0,4,1,1,4,0,0,0,0,0,0,0,0,0,0,0,0,0,0,1,4,4,2,2,0,3,4,4,3,1,2,0,2,4,4,2,1,4,2,3,1,1,1,3,2,0,1,4,1,1,4,2,4,1,4,2,2,2,1,0,2,0,2,0,2,4,1,1,1,2,4,4,0,0,0,4,3,2,0,1,1,0,0,3,3,2,2"
190,1.3973679740752933,"0,0,1,4,2,3,1,2,3,4,3,3,2,0,1,3,1,4,1,1,4,4,2,2,0,2,1,2,0,1,3,3,3,3,3,3,3,1,1,1,1,4,4,4,1,3,3,0,2,4,4,0,2,1,1,0,4,1,4,0,2,2,1,4,4,2,2,0,0,3,3,4,1,0,0,1,4,3,3,2,2,4,2,4,1,1,0,2,2,4,4,2,3,1,3,3,3,4,4,2,0,0,0,1,2,2,2,2,1,1,4,0,2,4,1,3,1,4,4,2,2,4,0,1,1,3,3,3,3,1,1,1,4,4,2,3,3,0,4,3,2,0,4,2,0,0,4,0,1,3,3,3,3,3,2,3,1,4,4,3,3,3,1,2,1,3,3,0,4,3,3,3,3,3,0,0,2,2,2,2,4,4,3,3,0,0,4,4,1,4,1,0,4,0,1,4,0,0,0,0,0,0,0,0,0,0,0,0,0,0,1,4,4,2,2,0,3,4,4,3,1,0,2,2,4,4,2,1,4,2,3,1,1,1,3,2,0,1,4,1,1,4,2,4,1,4,2,2,2,1,0,2,0,2,0,2,4,1,1,1,2,4,4,0,0,0,4,3,2,0,1,1,0,0,3,3,2,2"
191,1.3973500409846698,"0,0,1,4,2,3,1,2,3,4,3,3,2,0,1,3,1,4,1,1,4,4,2,2,0,2,1,2,0,1,3,3,3,3,3,3,3,1,1,1,1,4,4,4,1,3,3,0,2,4,4,0,2,1,1,0,4,1,4,0,2,2,1,4,4,2,2,0,0,3,3,4,1,0,0,1,4,3,3,2,2,4,2,4,1,1,0,2,0,4,4,2,3,1,3,3,3,4,4,2,0,0,0,1,2,2,2,2,1,1,4,0,2,4,1,3,1,4,4,2,2,4,0,1,1,3,3,3,3,1,1,1,4,4,2,3,3,0,2,3,2,0,4,2,0,0,4,0,1,3,3,3,3,3,2,3,1,4,4,3,3,3,1,2,1,3,3,0,4,3,3,3,3,3,0,0,2,2,2,2,4,4,3,3,0,0,4,4,1,4,1,0,4,1,1,4,0,0,0,0,0,0,0,0,0,0,0,4,0,0,1,4,4,2,2,0,3,4,4,3,1,2,2,2,4,4,2,1,4,2,3,1,1,1,3,2,0,1,4,1,1,4,2,4,1,4,2,2,2,2,0,2,0,2,0,2,4,1,1,1,2,4,4,0,2,0,4,3,2,0,1,1,0,0,3,3,2,2"
192,1.40369448594636,"0,0,1,4,2,3,1,2,3,4,3,3,2,0,1,3,1,4,1,1,4,4,2,2,0,2,1,2,0,1,3,3,3,3,3,3,3,1,1,1,1,4,4,4,1,3,3,0,2,4,4,0,2,1,1,0,4,1,4,0,2,2,1,4,4,2,2,0,0,3,3,4,1,0,0,1,4,3,3,2,2,4,2,4,1,1,0,2,0,4,4,2,3,1,3,3,3,4,3,2,0,0,0,1,2,2,2,2,1,1,4,0,2,4,1,3,1,4,4,2,2,4,0,1,1,3,3,3,3,1,1,1,4,4,2,3,3,0,2,3,2,0,4,2,0,0,4,0,1,3,3,3,3,3,2,3,1,4,4,3,3,3,1,2,1,3,3,0,2,3,3,3,3,3,0,0,2,2,2,2,4,4,3,3,0,0,4,4,1,4,1,0,4,1,1,4,0,0,0,0,0,0,0,0,0,0,0,0,0,0,1,4,4,2,2,0,3,4,4,3,1,2,2,2,4,4,2,1,4,2,3,1,1,1,3,2,0,1,4,1,1,4,2,4,1,4,2,2,2,1,0,2,0,2,0,2,4,1,1,1,2,4,4,0,0,0,4,3,2,0,1,1,0,4,3,3,2,2"
193,1.4036101788965374,"0,0,1,4,2,3,1,2,3,4,3,3,2,0,1,3,1,4,1,1,4,4,2,2,0,2,1,2,0,1,3,3,3,3,3,3,3,1,1,1,1,4,4,4,1,3,3,0,2,4,4,0,2,1,1,0,4,1,4,0,2,2,1,4,4,2,2,0,0,3,3,4,1,0,0,1,4,3,3,2,2,4,2,4,1,1,0,2,0,4,4,2,3,1,3,3,3,4,4,2,0,0,0,1,2,2,2,2,1,1,4,0,2,4,1,3,1,4,4,2,2,4,0,1,1,3,3,3,3,1,1,1,4,4,2,3,3,0,2,3,2,0,4,2,0,0,4,0,1,3,3,3,3,3,2,3,1,4,4,3,3,3,1,2,1,3,3,0,2,3,3,3,3,3,0,0,2,2,2,2,4,4,3,3,0,0,4,4,1,4,1,0,4,1,1,4,0,0,0,0,0,0,0,0,0,0,0,0,0,0,4,4,4,2,2,0,3,4,4,3,1,2,2,2,4,4,2,1,4,2,3,1,1,1,3,3,0,1,4,1,1,4,2,4,1,4,2,2,2,1,0,2,0,2,0,2,4,1,1,1,2,4,4,0,0,0,4,3,2,0,1,1,0,0,3,3,2,2"
194,1.404817234508025,"0,0,1,4,2,3,1,2,3,4,3,3,2,0,1,3,1,4,1,1,4,4,2,2,0,2,1,2,0,1,3,3,3,3,3,3,3,1,1,1,1,4,4,4,1,3,3,0,2,4,4,0,2,1,1,0,4,1,4,0,2,2,1,4,4,2,2,0,0,3,3,4,1,0,0,1,4,3,3,2,2,4,2,4,1,1,0,2,0,4,4,2,3,1,3,3,3,4,4,4,0,0,0,1,2,2,2,2,1,1,4,0,2,4,1,3,1,4,4,2,2,4,0,1,1,3,3,3,3,1,1,1,4,4,2,3,3,0,2,3,2,0,4,2,0,0,4,0,1,3,3,3,3,3,2,3,1,4,4,3,3,3,1,2,1,3,3,0,2,3,3,3,3,3,0,0,2,2,2,2,4,4,3,3,0,0,4,4,1,4,1,0,4,1,1,4,0,0,0,0,0,0,0,0,0,0,0,0,0,0,4,4,4,2,2,0,3,4,4,3,1,2,2,2,4,4,2,1,4,2,3,1,1,1,3,2,0,1,4,1,1,4,2,4,1,1,2,2,2,1,0,2,0,2,0,2,4,1,1,1,2,4,4,0,0,0,4,3,2,0,1,1,0,0,3,3,2,2"
195,1.4008368322793303,"0,0,1,4,2,3,1,2,3,4,3,3,2,0,1,3,1,4,1,1,4,4,2,2,0,2,1,2,0,1,3,3,3,3,3,3,3,1,1,1,1,4,4,4,1,3,3,0,2,4,4,0,2,1,1,0,4,1,4,0,2,2,1,4,4,2,2,0,0,3,3,4,1,0,0,1,4,3,3,2,2,4,2,4,1,1,0,2,0,4,4,2,3,1,3,3,3,4,4,4,0,0,0,1,2,2,2,2,1,1,4,0,2,4,1,3,1,4,4,2,2,4,0,1,1,3,3,3,3,1,1,1,4,4,2,3,3,0,2,3,2,0,4,2,0,0,4,0,1,3,3,3,3,3,2,3,1,4,4,3,3,3,1,2,1,3,3,0,2,3,3,3,3,3,0,0,2,2,2,2,4,4,3,3,0,0,4,4,1,4,1,0,4,1,1,4,0,0,0,0,0,0,0,0,0,0,0,0,0,0,4,4,4,2,2,4,3,4,4,3,1,2,2,2,4,4,2,1,4,2,3,1,1,1,3,2,0,1,4,1,1,4,2,4,1,1,2,2,2,1,0,2,0,0,0,2,4,1,1,1,2,4,4,0,0,0,4,3,2,0,1,1,0,0,3,3,2,2"
196,1.4051999715285672,"0,0,1,4,2,3,1,2,3,4,3,3,2,0,1,3,1,4,1,1,4,4,2,2,0,2,1,2,0,1,3,3,3,3,3,3,3,1,1,1,1,4,4,4,1,3,3,0,2,4,4,4,2,1,1,0,4,1,4,0,2,2,1,4,4,2,2,0,0,3,3,4,1,0,0,1,4,3,3,2,2,4,2,4,1,1,0,2,0,4,4,2,3,1,3,3,3,4,4,4,0,0,0,1,2,2,2,2,1,1,4,0,2,4,1,3,1,4,4,2,2,4,0,1,1,3,3,3,3,1,1,1,4,4,2,3,3,0,2,3,2,0,4,2,0,0,4,0,1,3,3,3,3,3,2,3,1,4,4,3,3,3,1,2,1,3,3,0,2,3,3,3,3,3,0,0,2,2,2,2,4,2,3,3,0,0,4,4,1,4,1,0,4,1,1,4,0,0,0,0,0,0,0,0,0,0,0,0,0,0,4,4,4,2,2,0,3,4,4,3,1,2,2,2,4,4,2,1,4,2,3,1,1,1,3,2,0,1,4,1,1,4,2,4,1,1,0,2,2,1,0,2,0,2,0,2,4,1,1,1,2,4,4,0,0,0,4,3,2,0,1,1,0,0,3,3,2,2"
197,1.3912189018969385,"0,0,1,4,2,3,1,2,3,4,3,3,2,0,1,3,1,4,1,1,4,4,2,2,0,2,1,2,0,1,3,3,3,3,3,3,3,1,1,1,1,4,4,4,1,3,3,0,2,4,4,4,2,1,1,0,4,1,4,0,2,2,1,4,4,2,2,0,0,3,3,4,1,0,0,1,4,3,3,2,2,4,2,4,1,1,0,2,0,4,4,2,3,1,3,3,3,4,4,4,0,0,0,1,2,2,2,2,1,1,4,0,2,4,1,3,1,4,4,2,2,4,0,1,1,3,3,3,3,1,1,1,4,4,2,3,3,4,2,3,2,0,4,2,0,0,4,0,1,3,3,3,3,3,2,3,1,4,4,3,3,3,1,3,1,3,3,0,2,3,3,3,3,3,0,0,2,2,2,2,4,2,3,3,0,0,4,4,1,4,1,0,4,1,1,4,0,2,0,0,4,0,0,0,0,0,0,0,0,0,4,4,4,2,2,0,3,4,4,3,1,2,2,2,4,4,2,1,4,2,3,1,1,1,3,2,0,1,4,1,1,4,2,4,1,1,0,2,2,1,0,2,0,2,0,2,4,1,1,1,2,4,4,0,0,0,4,3,2,0,1,1,0,0,3,3,2,2"
198,1.4055456703574123,"0,0,1,4,2,3,1,2,3,4,3,3,2,0,1,3,1,4,1,1,4,4,2,2,0,2,1,2,0,1,3,3,3,3,3,3,3,1,1,1,1,4,4,4,1,3,3,0,2,4,4,4,2,1,1,0,4,1,4,0,2,2,1,4,4,2,2,0,0,3,3,4,1,0,0,1,4,3,3,2,2,4,2,4,1,1,0,2,0,4,1,2,3,1,3,3,3,4,4,4,0,0,0,1,2,2,2,2,1,1,4,0,2,4,1,3,1,4,4,2,2,4,0,1,1,3,3,3,3,1,1,1,4,4,2,3,3,0,2,3,2,0,4,2,0,0,4,0,4,3,3,3,3,3,2,3,1,4,4,3,3,3,1,2,1,3,3,0,2,3,3,3,3,3,0,0,2,2,2,2,4,2,3,3,0,0,4,4,1,4,1,0,4,1,1,4,0,0,0,0,0,0,0,0,0,0,0,0,0,0,4,4,4,2,2,0,3,4,4,3,1,2,2,2,4,4,2,1,4,2,3,1,1,1,3,2,0,1,4,1,1,4,2,4,1,1,0,2,2,1,0,2,0,2,0,2,4,1,1,1,2,2,4,0,0,0,4,3,2,0,1,1,0,0,3,3,2,2"
199,1.4055947403118096,"0,0,1,4,2,3,1,2,3,4,3,3,2,0,1,3,1,4,1,1,4,4,2,2,0,2,1,2,0,1,3,3,3,3,3,3,3,1,1,1,1,4,4,4,1,3,3,0,2,4,4,4,2,1,1,0,4,1,4,0,2,2,1,4,4,2,2,0,0,3,3,4,1,0,0,1,4,3,3,2,2,4,2,4,1,1,0,2,0,4,1,2,3,1,3,3,3,4,4,4,0,0,0,1,2,2,2,2,1,1,4,0,2,4,1,3,1,4,4,2,2,4,0,1,1,3,3,3,3,1,1,1,4,4,2,3,3,0,2,3,2,0,4,2,0,0,4,0,4,3,3,3,3,3,2,3,1,4,4,3,3,3,1,2,1,3,3,0,2,3,3,3,3,3,0,0,2,2,2,2,4,2,3,3,0,0,4,4,1,4,1,0,4,1,1,4,0,0,0,0,0,0,0,0,0,0,0,0,0,0,4,4,4,2,2,0,3,4,4,3,1,2,2,2,4,4,2,1,4,2,3,1,1,1,3,2,0,1,4,1,1,4,2,4,1,1,0,2,2,1,0,2,0,2,0,2,4,1,1,1,2,2,4,4,0,0,4,3,2,0,1,1,0,0,3,3,2,2"
200,1.4057749759136131,"0,0,1,4,2,3,1,2,3,4,3,3,2,0,1,3,1,4,1,1,4,4,2,2,0,2,1,2,0,1,3,3,3,3,3,3,3,1,1,1,1,4,4,4,1,3,3,0,2,4,4,4,2,1,1,0,4,1,4,0,2,2,1,4,4,2,2,0,0,3,3,4,1,0,0,1,4,3,3,2,2,4,2,4,1,1,0,2,0,4,1,2,3,1,3,3,3,4,4,4,0,0,0,1,2,2,2,2,1,1,4,0,2,4,1,3,1,4,4,2,2,4,0,1,1,3,3,3,3,1,1,1,4,4,2,3,3,0,2,3,2,0,4,2,0,0,4,0,4,3,3,3,3,3,2,3,1,4,4,3,3,3,1,2,1,3,3,0,2,3,3,3,3,3,0,0,2,2,2,2,0,2,3,3,0,0,4,4,1,4,1,0,4,1,1,4,0,0,0,0,0,0,0,0,0,0,0,0,0,0,4,4,4,2,2,0,3,4,4,3,1,2,2,2,4,4,2,1,4,2,3,1,1,1,3,2,0,1,4,1,1,4,2,4,1,1,0,2,2,1,0,2,0,2,0,2,4,1,1,1,2,2,4,4,0,0,4,3,2,0,1,1,0,0,3,3,2,2"
201,1.404219150578036,"0,0,1,4,2,3,1,2,3,4,3,3,2,0,1,3,1,4,1,1,4,4,2,2,0,2,1,2,0,1,3,3,3,3,3,3,3,1,1,1,1,4,4,4,1,3,3,0,0,4,4,4,2,1,1,0,4,1,4,0,2,2,1,4,4,2,2,0,0,3,3,4,1,0,0,1,4,3,3,2,2,4,2,4,1,1,0,2,0,4,1,2,3,1,3,3,3,4,4,4,0,0,0,1,2,2,2,2,1,1,4,0,2,4,1,3,1,4,4,2,2,4,0,1,1,3,3,3,3,1,1,1,4,4,2,3,3,0,2,3,2,0,4,2,0,0,4,0,4,3,3,3,3,3,2,3,1,4,4,3,3,3,1,2,1,3,3,0,2,3,3,3,3,3,0,0,2,2,2,2,0,2,3,3,0,0,4,4,1,4,1,0,4,1,1,4,0,0,0,0,0,0,0,0,0,0,0,0,0,0,4,4,4,2,2,0,3,4,4,3,1,2,2,2,4,4,2,1,4,2,3,1,1,1,3,2,0,1,4,1,1,4,2,4,1,1,0,2,2,1,0,2,0,2,0,2,4,1,1,1,2,2,4,4,0,0,4,3,2,0,1,1,0,0,3,3,2,2"
202,1.4062565785599033,"0,0,1,4,2,3,1,2,3,4,3,3,2,0,1,3,1,4,1,1,4,4,2,2,0,2,1,2,0,1,3,3,3,3,3,3,3,1,1,1,1,4,4,4,1,3,3,0,0,4,4,4,2,1,1,0,4,1,4,0,2,2,1,4,4,2,2,0,0,3,3,4,1,0,0,1,4,3,3,2,2,4,2,4,1,1,0,2,2,4,1,2,3,1,3,3,3,4,4,4,0,0,0,1,2,2,2,2,1,1,4,0,2,4,1,3,1,4,4,2,2,4,0,1,1,3,3,3,3,1,1,1,4,4,2,3,3,4,2,3,2,0,4,2,0,0,4,0,4,3,3,3,3,3,2,3,1,4,4,3,3,3,1,2,1,3,3,0,2,3,3,3,3,3,0,0,2,2,2,2,0,2,3,3,0,0,4,4,1,4,1,0,4,1,1,4,0,0,0,0,0,0,0,0,0,0,0,0,0,0,4,4,4,2,2,0,3,4,4,3,1,2,2,2,4,4,2,1,4,2,3,1,1,1,3,2,0,1,4,1,1,4,2,4,1,1,0,2,2,1,0,2,0,2,0,2,4,1,1,1,2,2,4,4,0,0,4,3,2,0,1,1,0,0,3,3,2,2"
203,1.4032569011756824,"0,0,1,4,2,3,1,2,3,4,3,3,3,0,1,3,1,4,1,1,4,4,2,2,0,2,1,2,0,1,3,3,3,3,3,3,3,1,1,1,1,4,4,4,1,3,3,0,0,4,4,4,2,1,1,0,4,1,4,0,2,2,1,4,4,2,2,0,0,3,3,4,1,0,0,1,4,3,3,2,2,4,2,4,1,1,0,2,2,4,1,2,3,1,3,3,3,4,4,1,0,0,0,1,2,2,2,2,1,1,4,0,2,4,1,3,1,4,4,2,2,4,0,1,1,3,3,3,3,1,1,1,4,4,2,3,3,4,2,3,2,0,4,2,0,0,4,0,4,3,3,3,3,3,2,3,1,4,4,3,3,3,1,2,1,3,3,0,2,3,3,3,3,3,0,0,2,2,2,2,0,2,3,3,0,0,4,4,1,4,1,0,4,1,1,4,0,0,0,0,0,0,0,0,0,0,0,0,0,0,4,4,4,2,2,0,3,4,4,3,1,2,2,2,4,4,2,1,4,2,3,1,1,1,3,2,0,1,4,1,1,4,2,4,1,1,0,2,2,1,0,2,0,2,0,2,4,1,1,1,2,2,4,4,0,0,4,3,2,0,1,1,0,0,3,3,2,2"
204,1.387139204596596,"0,0,1,4,2,3,1,2,3,4,3,3,3,0,1,3,1,4,1,1,4,4,2,2,0,2,1,2,0,1,3,3,3,3,3,3,3,1,1,1,1,4,4,4,1,3,3,0,0,4,4,4,2,1,1,0,4,1,4,4,2,2,1,4,4,3,2,0,0,3,3,4,1,0,0,1,4,3,3,2,2,4,2,4,1,1,0,2,2,4,1,2,3,1,3,3,3,4,4,1,4,0,0,1,2,2,2,2,1,1,4,0,2,4,1,3,1,4,4,2,2,4,0,1,1,3,3,3,3,1,1,1,4,4,2,3,3,4,2,3,2,0,4,2,0,0,4,0,4,3,3,3,3,3,2,3,1,4,4,3,3,3,1,2,1,3,3,0,2,3,3,3,3,3,0,0,2,2,2,2,0,2,3,3,0,0,4,4,1,4,1,0,4,1,1,4,0,0,0,0,0,0,0,0,0,0,0,0,0,0,4,4,4,2,2,0,3,4,4,3,1,2,2,2,4,4,2,1,4,2,3,1,1,1,3,2,0,1,4,1,1,4,2,4,1,1,0,2,2,0,0,2,0,1,0,2,4,1,1,1,2,2,4,4,0,0,4,3,2,0,1,4,0,0,3,3,2,2"
205,1.4012527747616128,"0,0,1,4,2,3,1,2,3,4,3,3,2,0,1,3,1,4,1,1,4,4,2,2,0,2,1,2,0,1,3,3,3,3,3,3,3,1,1,1,1,4,4,4,1,3,0,0,0,4,4,4,2,1,1,0,4,1,4,0,2,2,1,4,4,2,2,0,0,3,3,4,1,0,0,1,4,3,3,2,2,4,2,4,1,1,0,2,2,4,1,2,3,1,3,3,3,4,4,4,2,0,0,1,2,0,2,2,1,1,4,0,2,4,1,3,1,4,4,2,2,4,0,1,1,3,3,3,3,1,1,1,4,4,2,3,3,4,2,3,2,0,4,2,2,0,4,0,4,3,3,3,3,3,2,3,1,4,4,3,3,3,1,2,1,3,3,0,2,3,3,3,3,3,0,0,2,2,2,2,0,2,3,3,0,0,4,4,1,4,1,0,4,1,1,4,0,0,0,0,0,0,0,0,0,0,0,0,0,0,4,4,4,2,2,0,3,4,4,3,1,2,2,2,4,4,2,1,4,2,3,1,1,1,3,0,0,1,2,1,1,4,2,4,1,1,0,2,2,1,0,2,0,2,0,2,4,1,1,1,2,2,4,4,0,0,4,3,2,0,1,1,0,0,3,3,2,2"
206,1.4021545079669415,"0,0,1,4,2,3,1,2,3,4,3,3,2,0,1,3,1,4,1,1,4,4,2,2,0,2,1,2,0,1,3,3,3,3,3,3,3,1,1,1,1,4,4,4,1,3,3,0,0,4,4,4,2,1,1,0,4,1,4,0,2,2,1,4,4,2,4,0,0,3,3,4,1,0,0,1,4,3,3,2,2,0,2,4,1,1,0,2,2,4,1,2,3,1,3,3,3,4,3,4,0,0,0,1,2,2,2,2,1,1,4,0,2,4,1,3,1,4,4,2,2,4,0,1,1,2,3,3,3,1,1,1,4,4,2,3,3,4,2,3,2,0,4,2,0,0,4,0,4,3,3,3,3,3,2,3,1,4,4,3,3,3,1,1,1,3,3,0,2,3,3,3,3,3,0,0,2,2,2,2,0,2,3,3,0,0,4,4,1,4,1,0,4,1,1,4,0,0,0,0,0,0,0,0,0,0,0,0,0,4,4,4,4,2,2,0,3,4,4,3,2,2,2,2,4,4,2,1,2,2,3,1,1,1,3,2,0,1,4,1,1,4,2,4,1,1,0,2,2,1,0,2,0,2,0,2,4,1,1,1,1,2,4,4,0,0,4,3,2,0,1,1,0,0,3,3,2,2"
207,1.4062591364070602,"0,0,1,4,2,3,1,2,3,4,3,3,2,0,1,3,1,4,1,1,4,4,2,2,0,2,1,2,0,1,3,3,3,3,3,3,3,1,1,1,1,4,4,4,1,3,3,0,0,4,4,4,2,1,1,0,4,1,4,0,2,2,1,4,4,2,0,0,0,3,3,4,1,0,0,1,4,3,3,2,2,4,2,4,1,1,0,2,2,4,1,2,3,1,3,3,3,4,4,4,0,0,0,1,2,2,2,2,1,1,4,0,2,4,1,3,1,4,4,2,2,4,0,1,1,3,3,3,3,1,1,1,4,4,2,3,3,4,2,3,2,0,4,2,0,0,4,0,4,3,3,3,3,3,2,3,1,4,4,3,3,3,1,2,1,3,3,0,2,3,3,3,3,3,0,0,2,2,2,2,0,2,3,3,0,0,4,4,1,4,1,0,4,1,1,4,0,0,0,0,0,0,0,0,0,0,0,0,0,0,4,4,4,2,2,0,3,4,4,3,1,2,2,2,4,4,2,1,4,2,3,1,1,1,3,2,0,1,4,1,1,4,2,4,1,1,0,2,2,1,0,2,0,2,0,2,4,1,1,1,2,2,4,4,0,0,4,3,2,0,1,1,0,0,3,3,2,2"
208,1.4051092905219693,"0,0,1,4,2,3,1,2,3,4,3,3,2,0,1,3,1,4,1,1,4,4,2,2,0,2,1,2,0,1,3,3,3,3,3,3,3,1,1,1,1,4,4,4,1,3,3,0,0,4,4,4,2,1,1,0,4,1,4,0,2,2,1,4,4,2,0,0,0,3,3,4,1,0,0,1,4,3,3,2,2,4,2,4,1,1,0,2,2,4,1,2,3,1,3,3,3,4,4,4,0,0,0,1,2,2,2,2,1,1,4,0,2,2,1,3,1,4,4,2,2,4,0,1,1,3,3,3,3,1,1,1,4,4,2,3,3,4,2,3,2,0,4,2,0,0,4,0,4,3,3,3,3,3,2,3,1,4,4,3,3,3,1,2,1,3,3,0,2,3,3,3,3,3,0,0,2,2,2,2,0,2,3,3,0,0,4,4,1,4,1,0,4,1,1,4,0,0,0,0,0,0,0,0,0,0,0,0,0,0,4,4,4,2,2,0,3,4,4,3,1,2,2,2,4,4,2,1,4,2,3,1,1,1,3,2,0,1,4,1,1,4,4,4,1,1,0,2,2,1,0,2,0,2,0,2,4,1,1,1,2,2,4,4,0,0,4,3,2,0,1,3,0,0,3,3,2,2"
209,1.406284644652235,"0,0,1,4,2,3,1,2,3,4,3,3,2,0,1,3,1,4,1,1,4,4,2,2,0,2,1,2,0,1,3,3,3,3,3,3,3,1,1,1,1,4,4,4,1,3,3,0,0,4,4,4,2,1,1,0,4,1,4,0,2,2,1,4,4,2,0,0,0,3,3,4,1,0,0,1,4,3,3,2,2,4,2,4,1,1,0,2,2,4,1,2,3,1,3,3,3,4,4,4,0,0,0,1,2,2,2,2,1,1,4,0,2,4,1,3,1,4,4,2,2,4,0,1,1,3,3,3,3,1,1,1,4,4,2,3,3,4,2,3,2,0,4,2,0,2,4,0,4,3,3,3,3,3,2,3,1,4,4,3,3,3,1,2,1,3,3,0,2,3,3,3,3,3,0,0,2,2,2,2,0,2,3,3,0,0,4,4,1,4,1,0,4,1,1,4,0,0,0,0,0,0,0,0,0,0,0,0,0,0,4,4,4,2,2,0,3,4,4,3,1,2,2,2,4,4,2,1,4,2,3,1,1,1,3,2,0,1,4,1,1,4,2,4,1,1,0,2,2,1,0,2,0,2,0,2,4,1,1,1,2,2,4,4,0,0,4,3,2,0,1,1,0,0,3,3,2,2"
210,1.3961460116756217,"0,0,1,4,2,3,1,2,3,4,3,3,2,0,1,3,1,4,1,1,4,4,2,2,0,2,1,2,0,1,3,3,3,3,3,3,3,1,1,1,1,4,4,4,1,3,3,0,0,4,4,4,2,1,1,0,4,1,4,0,2,2,1,4,4,2,0,0,0,3,3,4,1,0,0,1,4,3,3,2,2,4,2,4,1,1,0,2,2,4,1,2,3,1,3,3,3,4,4,4,0,0,0,1,2,2,2,2,0,1,4,0,2,2,1,3,1,4,4,2,2,4,0,1,1,3,3,3,3,1,1,1,4,4,2,3,3,4,2,3,2,0,4,2,0,2,4,0,4,3,3,3,3,3,2,3,1,4,4,3,3,3,1,2,1,3,3,0,2,3,4,3,3,3,0,0,2,2,2,2,2,2,3,3,0,0,4,4,1,4,1,0,4,1,1,4,0,0,0,0,0,0,0,0,0,0,0,0,0,0,4,4,4,2,2,0,3,4,4,3,1,2,2,2,4,4,2,1,4,2,3,1,1,1,3,2,0,1,4,1,1,4,2,4,1,1,0,2,2,1,0,2,0,2,0,2,4,3,1,1,2,2,4,4,0,0,4,3,2,0,1,1,0,0,3,3,2,2"
211,1.40631470437559,"0,0,1,4,2,3,1,2,3,4,3,3,2,0,1,3,1,4,1,1,4,4,2,2,0,2,1,2,0,1,3,3,3,3,3,3,3,1,1,1,1,4,4,4,1,3,3,0,0,4,4,4,2,1,1,0,4,1,4,0,2,2,1,4,4,2,0,0,0,3,3,4,1,0,0,1,4,3,3,2,2,4,2,4,1,1,0,2,2,4,1,2,3,1,3,3,3,4,4,4,0,0,0,1,2,0,2,2,1,1,4,0,2,4,1,3,1,4,4,2,2,4,0,1,1,3,3,3,3,1,1,1,4,2,2,3,3,4,2,3,2,0,4,2,0,2,4,0,4,3,3,3,3,3,2,3,1,4,4,3,3,3,1,2,1,3,3,0,2,3,3,3,3,3,0,0,2,2,2,2,0,2,3,3,0,0,4,4,1,4,1,0,4,1,1,4,0,0,0,0,0,0,0,0,0,0,0,0,0,0,4,4,4,2,2,0,3,4,4,3,1,2,2,4,4,4,2,1,4,2,3,1,1,1,3,2,0,1,4,1,1,4,2,4,1,1,0,2,2,1,0,2,0,2,0,2,4,1,1,1,2,2,4,4,0,0,4,3,2,0,1,1,0,0,3,3,2,2"
212,1.4033667646675034,"0,0,1,4,2,3,1,2,3,4,3,3,2,0,1,3,1,4,1,1,4,4,2,2,0,2,1,2,0,1,3,3,3,3,3,3,3,1,1,1,1,4,4,4,1,3,3,0,0,4,4,4,2,1,1,0,4,1,4,0,2,2,1,4,4,2,0,0,0,3,3,4,1,0,0,1,4,3,3,2,2,4,2,4,1,1,0,2,2,4,1,2,3,1,3,3,3,4,4,4,0,0,0,1,2,0,2,2,1,1,4,0,2,4,1,3,1,4,4,2,2,4,0,1,1,3,3,3,3,1,1,1,4,2,2,3,3,4,2,3,2,0,4,2,0,2,4,0,4,3,3,3,3,3,2,3,1,4,4,3,3,3,1,2,1,3,3,0,2,3,3,3,3,3,0,0,2,2,2,2,0,2,3,3,0,0,4,4,1,1,1,0,4,1,1,4,0,0,0,0,0,0,0,0,0,0,0,0,0,0,4,4,4,2,2,0,3,4,4,3,1,2,2,4,4,4,2,1,4,2,3,1,1,1,3,2,0,1,4,1,1,4,3,4,1,4,0,2,2,1,0,2,0,2,0,2,4,1,1,1,2,2,4,4,0,0,4,3,2,0,1,1,0,0,3,3,2,2"
213,1.4024759668805502,"0,0,1,4,2,3,1,2,3,4,3,3,2,0,1,3,1,4,1,1,4,4,2,2,0,2,1,2,0,1,3,3,3,3,3,3,3,1,1,1,1,4,4,4,1,3,3,0,0,4,4,4,2,1,1,0,4,1,4,0,2,2,1,4,4,2,0,0,0,3,3,4,1,0,0,1,4,3,3,2,2,4,2,4,1,1,0,2,2,4,1,2,3,1,3,3,3,4,4,4,0,0,0,1,2,0,2,2,1,1,4,0,2,4,1,3,1,4,4,2,2,4,0,1,1,3,3,3,3,1,1,1,4,2,2,3,3,4,2,3,2,0,4,2,0,2,4,0,4,3,3,3,3,3,2,3,1,4,4,3,3,3,1,2,1,3,3,0,2,3,3,3,3,3,0,0,2,2,2,2,0,2,3,3,0,0,4,4,1,1,1,0,4,1,1,4,0,0,0,0,0,0,0,0,0,0,0,0,0,0,4,4,4,2,2,0,3,4,4,3,1,2,2,4,4,4,2,1,4,2,3,1,1,1,3,0,0,1,4,1,1,4,2,4,1,4,0,2,2,1,0,2,0,2,0,2,4,1,1,1,2,2,4,4,0,0,4,3,2,0,1,1,0,0,3,3,2,2"
214,1.4055374323428504,"0,0,1,4,2,3,1,2,3,4,3,3,2,0,1,3,1,4,1,1,4,4,2,2,0,2,1,2,0,1,3,3,3,3,3,3,3,1,1,1,1,4,4,4,1,3,3,0,0,4,4,4,2,1,1,0,4,1,4,0,2,2,1,4,4,2,0,0,0,3,3,4,1,0,0,3,4,3,3,2,2,4,2,4,1,1,0,2,2,4,1,2,3,1,3,3,3,4,4,4,0,0,0,1,2,0,2,2,1,1,4,0,2,4,1,3,1,4,4,2,2,4,0,1,1,3,3,3,3,1,1,1,4,2,2,3,3,4,2,3,2,0,4,2,0,2,4,0,4,3,3,3,3,3,2,3,1,4,4,3,3,3,1,2,1,3,3,0,2,3,3,3,3,3,0,0,2,2,2,2,0,2,3,3,0,0,4,4,1,1,1,0,4,1,1,4,0,0,0,0,0,0,0,0,0,0,0,0,0,0,4,4,4,2,2,0,3,4,4,3,1,2,2,4,4,4,2,1,4,2,3,1,1,1,3,2,0,1,4,1,1,4,2,4,1,4,0,2,2,1,0,2,0,2,0,2,4,1,1,1,2,2,4,4,0,0,4,3,2,0,1,1,0,0,3,3,2,2"
215,1.4046550402469393,"0,0,1,4,2,3,1,2,3,4,3,3,2,0,1,3,1,4,1,1,4,4,2,2,0,2,1,2,0,1,3,3,3,3,3,3,3,1,1,1,1,4,4,4,1,3,3,0,0,4,4,4,2,1,1,0,4,1,4,0,2,2,1,4,4,2,0,0,0,3,3,4,1,0,0,1,4,3,3,2,2,4,2,4,1,1,0,2,2,4,1,2,3,1,3,3,3,4,4,4,0,0,0,1,2,0,2,2,1,1,4,0,2,4,1,3,1,4,4,2,2,4,0,1,1,3,3,3,3,1,1,1,4,2,2,3,3,4,2,3,2,0,4,2,0,2,2,0,4,3,3,3,3,3,2,3,1,4,4,3,3,3,1,2,1,3,3,0,2,3,3,3,3,3,0,0,2,2,2,2,0,2,3,3,0,0,4,4,4,1,1,0,4,1,1,4,0,0,0,0,0,0,0,0,0,0,0,0,0,0,4,4,4,2,2,0,3,4,4,3,1,2,2,4,4,4,4,1,4,2,3,1,1,1,3,2,0,1,4,1,1,4,2,4,1,4,0,2,2,1,0,2,0,2,0,2,4,1,1,1,2,2,4,4,0,0,4,3,2,0,1,1,0,0,3,3,2,2"
216,1.4067636415041038,"0,0,1,4,2,3,1,2,3,4,3,3,2,0,1,3,1,4,1,1,4,4,2,2,0,2,1,2,0,1,3,3,3,3,3,3,3,1,1,1,1,4,4,4,1,3,3,0,0,4,4,4,2,1,1,0,4,1,4,0,2,2,1,4,4,2,0,0,0,3,3,4,1,0,0,1,4,3,3,2,2,3,2,4,1,1,0,2,2,4,1,2,4,1,3,3,3,4,4,4,0,0,0,1,2,0,2,2,1,1,4,0,2,4,1,3,1,4,4,2,2,4,0,1,1,3,3,3,3,1,1,1,4,2,2,3,3,4,2,3,2,0,4,2,0,2,2,0,4,3,3,3,3,3,2,3,1,4,4,3,3,3,1,2,1,3,3,0,2,3,3,3,3,3,0,0,2,2,2,2,0,2,3,3,0,0,4,4,1,1,1,0,4,1,1,4,0,0,0,0,0,0,0,0,0,0,0,0,0,0,4,4,4,2,2,0,3,4,4,3,1,2,2,4,4,4,4,1,4,2,3,1,1,1,3,2,0,1,4,1,1,4,2,4,1,4,0,2,2,1,0,2,0,2,0,2,4,1,1,1,2,2,4,4,0,0,4,3,2,0,1,1,0,0,3,3,2,2"
217,1.4067636415041038,"0,0,1,4,2,3,1,2,3,4,3,3,2,0,1,3,1,4,1,1,4,4,2,2,0,2,1,2,0,1,3,3,3,3,3,3,3,1,1,1,1,4,4,4,1,3,3,0,0,4,4,4,2,1,1,0,4,1,4,0,2,2,1,4,4,2,0,0,0,3,3,4,1,0,0,1,4,3,3,2,2,3,2,4,1,1,0,2,2,4,1,2,4,1,3,3,3,4,4,4,0,0,0,1,2,0,2,2,1,1,4,0,2,4,1,3,1,4,4,2,2,4,0,1,1,3,3,3,3,1,1,1,4,2,2,3,3,4,2,3,2,0,4,2,0,2,2,0,4,3,3,3,3,3,2,3,1,4,4,3,3,3,1,2,1,3,3,0,2,3,3,3,3,3,0,0,2,2,2,2,0,2,3,3,0,0,4,4,1,1,1,0,4,1,1,4,0,0,0,0,0,0,0,0,0,0,0,0,0,0,4,4,4,2,2,0,3,4,4,3,1,2,2,4,4,4,4,1,4,2,3,1,1,1,3,2,0,1,4,1,1,4,2,4,1,4,0,2,2,1,0,2,0,2,0,2,4,1,1,1,2,2,4,4,0,0,4,3,2,0,1,1,0,0,3,3,2,2"
218,1.4071087221309506,"0,0,1,4,2,3,1,2,3,4,3,3,2,0,1,3,1,4,1,1,4,4,2,2,0,2,1,2,0,1,3,3,3,3,3,3,3,1,1,1,1,4,4,4,1,3,3,0,0,4,4,4,2,1,1,0,4,1,4,0,2,2,1,4,4,2,0,0,0,3,3,4,1,0,0,1,4,3,3,2,2,3,2,2,1,1,0,2,2,4,1,2,4,1,3,3,3,4,4,4,0,0,0,1,2,0,2,2,1,1,4,0,2,4,1,3,1,4,4,2,2,4,0,1,1,3,3,3,3,1,1,4,4,2,2,3,3,4,2,3,2,0,4,2,0,2,2,0,4,3,3,3,3,3,2,3,1,4,4,3,3,3,1,2,1,3,3,0,2,3,3,3,3,3,0,0,2,2,2,2,0,2,3,3,0,0,4,4,1,1,1,0,4,1,1,4,0,0,0,0,0,0,0,0,0,0,0,0,0,0,4,4,4,2,2,0,3,4,4,3,1,2,2,4,4,4,4,1,4,2,3,1,1,1,3,2,0,1,4,1,1,4,2,4,1,4,0,2,1,1,0,2,0,2,0,2,4,1,1,1,2,2,4,4,0,0,4,3,2,0,1,1,0,0,3,3,2,2"
219,1.4071087221309506,"0,0,1,4,2,3,1,2,3,4,3,3,2,0,1,3,1,4,1,1,4,4,2,2,0,2,1,2,0,1,3,3,3,3,3,3,3,1,1,1,1,4,4,4,1,3,3,0,0,4,4,4,2,1,1,0,4,1,4,0,2,2,1,4,4,2,0,0,0,3,3,4,1,0,0,1,4,3,3,2,2,3,2,2,1,1,0,2,2,4,1,2,4,1,3,3,3,4,4,4,0,0,0,1,2,0,2,2,1,1,4,0,2,4,1,3,1,4,4,2,2,4,0,1,1,3,3,3,3,1,1,4,4,2,2,3,3,4,2,3,2,0,4,2,0,2,2,0,4,3,3,3,3,3,2,3,1,4,4,3,3,3,1,2,1,3,3,0,2,3,3,3,3,3,0,0,2,2,2,2,0,2,3,3,0,0,4,4,1,1,1,0,4,1,1,4,0,0,0,0,0,0,0,0,0,0,0,0,0,0,4,4,4,2,2,0,3,4,4,3,1,2,2,4,4,4,4,1,4,2,3,1,1,1,3,2,0,1,4,1,1,4,2,4,1,4,0,2,1,1,0,2,0,2,0,2,4,1,1,1,2,2,4,4,0,0,4,3,2,0,1,1,0,0,3,3,2,2"
220,1.4052501166113907,"0,0,1,4,2,3,1,2,3,4,3,3,2,0,1,3,1,4,1,1,4,4,2,2,0,2,1,2,0,1,3,3,3,3,3,3,3,1,1,1,1,4,4,4,1,3,3,0,0,4,4,4,2,1,1,0,4,1,4,0,2,2,1,4,4,2,0,0,0,3,3,4,1,0,0,1,4,3,3,2,2,3,2,2,1,1,2,2,2,4,1,2,4,1,3,3,3,4,4,4,0,0,0,1,2,0,2,2,1,1,4,0,2,4,1,3,1,4,4,2,2,4,0,1,1,3,3,3,3,1,1,4,4,2,2,3,3,4,2,3,2,0,4,2,0,2,2,0,4,3,3,3,3,3,2,3,1,4,4,3,3,3,1,2,1,3,3,0,2,0,3,3,3,3,0,0,2,2,2,2,0,2,3,3,0,0,4,4,1,1,1,0,4,1,1,4,0,0,0,0,0,0,0,0,0,0,0,0,0,0,4,4,4,2,2,0,3,4,4,3,1,2,2,4,4,4,4,1,4,2,3,1,1,1,3,2,0,1,4,1,1,4,2,4,1,4,0,2,1,1,0,2,0,2,0,2,4,1,1,1,2,2,4,4,0,0,4,3,2,0,1,1,0,0,3,3,2,3"
221,1.3988319384772019,"0,0,1,4,2,3,1,2,3,4,3,3,2,0,1,3,1,4,1,1,4,2,2,2,0,2,1,2,0,1,3,3,3,3,3,3,3,1,1,1,1,4,4,4,1,3,3,0,0,4,4,4,2,1,1,0,4,1,4,0,2,2,1,4,4,2,0,0,0,3,3,4,1,0,0,1,4,3,3,2,2,3,2,2,1,1,2,2,2,4,1,2,4,1,3,3,3,4,4,4,0,0,0,1,2,0,2,2,1,1,4,0,2,4,1,3,1,4,4,2,2,4,0,1,1,3,3,3,3,1,1,4,4,2,2,3,3,4,2,3,2,0,4,2,0,2,2,0,4,3,3,3,3,3,2,3,1,4,4,3,3,3,1,2,1,3,3,0,2,3,3,3,3,3,0,0,2,2,2,2,0,2,3,3,0,2,4,4,1,1,1,0,4,1,1,4,0,0,0,0,0,0,0,0,0,0,0,0,0,0,4,4,4,2,2,0,3,4,4,3,1,2,2,4,4,4,4,1,4,2,3,1,1,1,3,2,0,1,4,1,1,4,2,4,1,4,0,2,1,1,0,2,0,4,0,2,2,1,1,1,2,2,4,4,0,0,4,3,2,0,1,1,0,0,3,3,2,2"
222,1.4055195535628604,"0,0,1,4,2,3,1,2,3,4,3,3,2,0,1,3,1,4,1,1,4,2,2,2,0,2,1,4,0,1,3,3,3,3,3,3,3,1,1,1,1,4,4,4,1,3,3,0,0,4,4,4,2,1,1,0,4,1,4,0,2,2,1,4,4,2,0,0,0,3,3,4,1,0,0,1,4,3,3,2,2,3,2,2,1,1,2,2,2,4,1,2,4,1,3,3,3,4,4,4,0,0,0,1,2,0,2,2,1,1,4,0,2,4,1,3,1,4,4,2,2,4,0,1,1,3,3,3,3,1,1,4,4,2,2,3,3,4,2,3,2,0,4,2,0,2,2,0,4,3,3,3,3,3,2,3,1,4,4,3,3,3,1,2,1,3,3,0,2,3,3,3,3,3,0,0,2,2,2,2,0,2,3,3,0,0,4,4,1,1,1,0,4,1,1,4,0,0,0,0,0,0,0,0,0,0,0,0,0,0,4,4,4,2,2,0,3,4,4,3,1,2,2,4,4,4,4,1,4,2,3,1,1,1,3,2,0,1,4,1,4,4,2,4,1,4,0,2,1,1,0,2,0,2,0,2,4,1,1,1,2,2,4,4,0,0,4,3,2,0,1,1,0,0,3,3,2,2"
223,1.405039996228198,"0,0,1,4,2,3,1,2,3,4,3,3,2,0,1,3,1,4,1,1,4,2,2,2,0,2,1,4,0,1,3,3,3,3,3,3,3,1,1,1,1,4,4,4,1,3,3,0,0,4,4,4,2,1,1,0,4,1,4,0,2,2,1,4,4,2,0,0,0,3,3,4,1,0,0,1,4,3,3,2,2,3,2,2,1,1,2,2,2,4,1,2,4,1,3,3,3,4,4,4,0,0,0,1,2,0,2,2,1,1,4,0,2,4,1,3,1,4,4,2,2,4,0,1,1,3,3,3,3,1,1,4,4,2,2,3,3,4,1,3,2,0,4,2,0,2,2,0,4,3,3,3,3,3,2,3,1,4,4,3,3,3,1,2,1,3,3,0,2,3,3,3,3,3,0,0,2,2,2,2,0,2,3,3,0,0,4,4,1,1,1,0,4,1,1,4,0,0,0,0,0,0,0,0,0,0,0,0,0,0,4,4,4,2,2,0,3,4,4,3,1,2,2,4,4,4,4,1,4,2,3,1,1,1,3,2,0,1,4,1,4,4,2,4,1,4,0,2,1,1,0,2,0,2,0,2,4,1,1,1,2,2,4,4,0,0,4,3,2,0,1,1,0,0,3,3,2,2"
224,1.4079047200188597,"0,0,1,4,2,3,1,2,3,4,3,3,2,0,1,3,1,4,1,1,4,2,2,2,0,2,1,4,0,1,3,3,3,3,3,3,3,1,1,1,1,4,4,4,1,3,3,0,0,4,4,4,2,1,1,0,0,1,4,0,2,2,1,4,4,2,0,0,0,3,3,4,1,0,0,1,4,3,3,2,2,3,2,2,1,1,2,2,2,4,1,2,4,1,3,3,3,4,4,4,0,0,0,1,2,0,2,2,1,1,4,0,2,4,1,3,1,4,4,2,2,4,0,1,1,3,3,3,3,1,1,4,4,2,2,3,3,4,2,3,2,0,4,2,0,2,2,0,4,3,3,3,3,3,2,3,1,4,4,3,3,3,1,2,1,3,3,0,2,3,3,3,3,3,0,0,2,2,2,2,0,2,3,3,0,0,4,4,1,1,1,0,4,1,1,4,0,0,0,0,0,0,0,0,0,0,0,0,0,0,4,4,4,2,2,0,3,4,4,3,1,2,2,4,4,4,4,1,4,2,3,1,1,1,3,2,0,1,4,1,1,4,2,4,1,4,0,2,1,1,0,2,0,2,0,2,4,1,1,1,2,2,4,4,0,0,4,3,2,0,1,1,0,0,3,3,2,2"
225,1.4079047200188597,"0,0,1,4,2,3,1,2,3,4,3,3,2,0,1,3,1,4,1,1,4,2,2,2,0,2,1,4,0,1,3,3,3,3,3,3,3,1,1,1,1,4,4,4,1,3,3,0,0,4,4,4,2,1,1,0,0,1,4,0,2,2,1,4,4,2,0,0,0,3,3,4,1,0,0,1,4,3,3,2,2,3,2,2,1,1,2,2,2,4,1,2,4,1,3,3,3,4,4,4,0,0,0,1,2,0,2,2,1,1,4,0,2,4,1,3,1,4,4,2,2,4,0,1,1,3,3,3,3,1,1,4,4,2,2,3,3,4,2,3,2,0,4,2,0,2,2,0,4,3,3,3,3,3,2,3,1,4,4,3,3,3,1,2,1,3,3,0,2,3,3,3,3,3,0,0,2,2,2,2,0,2,3,3,0,0,4,4,1,1,1,0,4,1,1,4,0,0,0,0,0,0,0,0,0,0,0,0,0,0,4,4,4,2,2,0,3,4,4,3,1,2,2,4,4,4,4,1,4,2,3,1,1,1,3,2,0,1,4,1,1,4,2,4,1,4,0,2,1,1,0,2,0,2,0,2,4,1,1,1,2,2,4,4,0,0,4,3,2,0,1,1,0,0,3,3,2,2"
226,1.404081627159764,"0,0,1,4,2,3,1,2,3,4,3,3,2,0,1,3,1,4,1,1,4,2,2,2,0,2,1,4,0,3,3,3,3,3,3,3,3,1,1,1,1,4,4,4,1,3,3,0,0,4,4,4,2,1,1,0,0,1,4,0,2,2,1,4,4,2,0,0,0,3,3,4,1,0,0,1,4,3,3,2,2,3,2,2,1,1,2,2,2,4,1,1,4,1,3,3,3,4,4,4,0,0,0,1,2,0,2,2,1,1,4,0,2,4,1,3,1,4,4,2,0,4,0,1,1,3,3,3,3,1,1,4,4,2,2,3,3,4,2,3,2,0,4,2,0,2,2,0,4,3,3,3,3,3,2,3,1,4,4,3,3,3,1,2,1,3,3,0,2,3,3,3,3,3,0,0,2,2,2,2,0,2,3,3,0,0,4,4,4,1,1,0,4,1,1,4,0,0,0,0,0,0,0,0,0,0,0,0,0,0,4,4,4,2,2,0,3,4,4,3,1,2,2,4,4,4,4,1,4,2,3,1,1,1,3,2,0,1,4,1,1,4,2,4,1,4,0,2,1,1,0,2,0,2,0,2,4,1,1,1,2,2,4,4,0,0,4,1,2,0,1,1,0,0,3,3,2,2"
227,1.4070645256958858,"0,0,1,4,2,3,1,2,3,4,3,3,2,0,1,3,1,4,1,1,4,2,2,2,0,2,1,4,0,3,3,3,3,3,3,3,3,1,1,1,1,4,4,4,1,3,3,0,0,4,4,4,2,1,1,0,0,1,4,0,2,2,1,4,4,2,0,0,0,3,3,4,1,0,0,1,4,3,3,2,2,2,2,2,1,1,2,2,2,4,1,1,4,1,3,3,3,4,4,4,0,0,0,1,2,0,2,2,1,1,4,0,2,4,1,3,1,4,4,2,2,4,0,1,1,3,3,3,3,1,1,4,4,2,2,3,3,4,2,3,2,0,4,2,0,2,2,0,4,3,3,3,3,3,2,3,1,4,4,3,3,3,1,2,1,3,3,0,2,3,3,3,3,3,0,0,2,2,2,2,0,2,3,3,0,0,4,4,4,1,1,0,4,1,1,4,0,0,0,0,0,0,0,0,0,0,0,0,0,0,4,4,4,2,2,0,3,4,4,3,1,2,2,4,4,4,4,1,4,2,3,1,1,1,3,2,0,1,4,1,1,4,2,4,1,4,0,2,1,1,0,2,0,2,0,2,4,1,1,1,2,2,4,4,0,0,4,1,2,0,1,1,0,0,3,3,2,2"
228,1.4024656372247977,"0,0,1,4,2,3,1,2,3,4,3,3,2,0,1,3,1,4,1,1,4,2,2,2,0,2,1,4,0,3,3,3,3,3,3,3,3,1,1,1,1,4,4,4,1,3,3,0,0,4,4,4,2,1,1,0,0,1,4,0,2,2,1,4,4,2,0,0,0,3,3,4,1,0,0,1,4,3,3,2,2,2,2,2,1,1,2,2,2,4,1,1,4,1,3,3,3,4,4,4,0,0,0,1,2,0,2,2,1,1,4,0,2,4,1,3,1,4,4,2,2,4,0,1,1,3,3,3,3,1,1,4,4,2,2,3,3,4,2,3,2,0,4,2,0,2,2,0,4,3,3,3,3,3,2,3,1,4,4,3,3,3,1,2,1,3,3,0,2,3,3,3,3,3,0,0,2,2,2,2,0,2,3,3,0,0,4,4,4,1,4,0,4,1,1,4,0,3,0,0,0,0,0,0,0,0,0,0,0,0,4,4,4,2,2,1,3,4,4,3,1,2,2,4,1,4,4,1,4,2,3,1,1,1,3,2,0,1,4,1,3,4,2,4,1,4,0,2,1,1,0,2,0,2,0,2,4,1,1,1,1,2,4,4,0,0,4,1,2,0,1,1,0,0,3,3,2,2"
229,1.407008983242386,"0,0,1,4,2,3,1,0,3,4,3,3,2,0,1,3,1,4,1,1,4,2,2,2,0,2,1,4,0,3,3,3,3,3,3,3,3,1,1,1,1,4,4,4,1,3,3,0,0,4,4,4,2,1,1,0,0,1,4,0,2,2,1,4,4,2,0,0,0,3,3,4,1,0,0,1,4,3,3,2,2,2,2,2,1,1,2,2,2,4,1,1,4,1,3,3,3,4,4,4,0,0,0,1,2,0,2,2,1,1,4,0,2,4,1,3,1,4,4,2,2,4,0,1,1,3,3,3,3,1,1,4,4,2,2,3,3,4,2,3,2,0,4,2,0,2,2,0,4,3,3,3,3,3,2,3,1,4,4,3,3,3,1,2,1,3,3,0,2,3,3,3,3,3,0,0,2,2,2,2,0,2,3,3,0,0,4,4,4,1,4,0,4,1,1,4,0,3,0,0,0,0,0,0,0,0,0,0,0,0,4,4,4,2,2,1,3,4,4,3,1,2,2,4,1,4,4,1,4,2,3,1,1,1,3,2,0,1,4,1,3,4,2,4,1,4,0,2,1,1,0,2,0,2,0,2,4,1,1,1,2,2,4,4,0,0,4,1,2,0,1,1,0,0,3,3,2,2"
230,1.4088360072848412,"0,0,1,4,0,3,1,2,3,4,3,3,2,0,1,3,1,4,1,1,4,2,2,2,0,2,1,4,0,3,3,3,3,3,3,3,3,1,1,1,1,4,4,4,1,3,3,0,0,4,4,4,2,1,1,0,0,1,4,0,2,2,1,4,4,2,0,0,0,3,3,4,1,0,0,1,4,3,3,2,2,3,2,2,1,1,2,2,2,4,1,1,4,1,3,3,3,4,4,4,0,0,0,1,2,0,2,2,1,1,4,0,2,4,1,3,1,4,4,2,0,4,0,1,1,3,3,3,3,1,1,4,4,2,2,3,3,4,2,3,2,0,4,2,0,2,2,0,4,3,3,3,3,3,2,3,1,4,4,3,3,3,1,2,1,3,3,0,2,3,3,3,3,3,0,0,2,2,2,2,0,2,3,3,0,0,4,4,4,1,1,0,4,1,1,4,0,0,0,0,0,0,0,0,0,0,0,0,0,0,4,4,4,2,2,2,3,4,4,3,1,2,2,4,4,4,4,1,4,2,3,1,1,1,3,2,0,1,4,1,1,4,2,4,1,4,0,2,1,1,0,2,2,2,0,2,4,1,1,1,2,2,4,4,0,0,4,1,2,0,1,1,0,0,3,3,2,2"
231,1.398734036841147,"0,0,1,4,0,3,1,2,3,4,3,3,2,0,1,3,1,4,1,1,4,2,2,2,0,2,1,4,0,3,3,3,3,3,3,3,3,1,1,1,1,4,4,4,1,3,3,0,0,4,4,4,1,1,1,0,0,1,4,0,2,2,1,4,4,2,0,0,0,3,3,4,1,0,0,1,4,3,3,2,2,3,2,2,1,1,2,2,2,4,1,1,4,1,3,3,3,4,4,4,0,0,0,1,2,0,2,2,1,1,4,0,2,4,1,3,1,4,4,2,0,4,0,1,1,3,3,3,3,1,1,4,4,2,2,3,3,4,2,3,2,0,4,2,0,2,2,0,4,3,3,3,1,3,2,3,1,4,4,3,3,3,1,2,1,3,3,0,2,3,3,3,3,3,0,0,2,2,2,2,0,2,3,3,0,0,4,4,4,1,1,0,4,1,1,4,0,0,0,0,0,0,0,0,0,0,0,0,0,0,4,4,4,2,2,2,3,4,4,3,1,2,2,4,4,4,4,1,4,2,3,1,1,1,3,2,0,1,4,1,1,4,2,4,1,4,0,2,1,1,0,2,2,2,0,2,4,1,1,1,2,2,4,4,0,0,4,1,2,0,1,1,0,0,3,3,2,2"
232,1.4000753239192318,"0,0,1,4,0,3,1,2,3,4,3,3,2,0,1,3,1,4,1,1,4,2,2,2,0,2,1,4,0,3,3,3,3,3,3,3,3,1,1,1,1,4,4,4,1,3,3,0,0,4,4,4,1,1,1,0,0,1,4,0,2,2,1,4,4,2,0,0,0,3,3,4,1,0,0,1,4,3,3,2,2,3,2,2,1,1,2,2,2,4,1,1,4,1,3,3,3,4,4,4,0,0,0,1,2,0,2,2,1,1,4,0,2,4,1,3,1,4,4,2,0,4,0,1,1,3,3,3,3,1,1,4,4,2,2,3,3,4,2,3,2,0,4,2,0,2,2,0,4,3,3,3,3,3,2,3,1,4,4,3,3,3,1,2,1,3,3,0,2,3,3,3,3,3,0,0,2,2,2,2,0,2,3,3,0,0,4,4,4,1,1,0,4,1,1,4,0,0,0,0,0,0,0,0,0,0,0,0,0,0,4,4,4,2,3,2,3,4,4,3,1,2,2,4,4,4,4,1,4,2,3,1,1,1,3,2,0,1,4,1,1,4,2,4,1,4,0,2,1,1,0,2,2,2,0,2,4,1,1,1,2,2,4,4,0,0,4,1,2,0,1,1,0,0,3,3,2,2"
233,1.4093826572066848,"0,0,1,4,0,3,1,2,3,4,3,3,2,0,1,3,1,4,1,1,4,2,2,2,0,2,1,4,0,3,3,3,3,3,3,3,3,1,1,1,1,4,4,4,1,3,3,0,0,4,4,4,1,1,1,0,0,1,4,0,2,2,1,4,4,2,0,0,0,3,3,4,1,0,0,1,4,3,3,2,2,3,2,2,1,1,2,2,2,4,1,1,4,1,3,3,3,4,4,4,0,0,0,1,2,0,2,2,1,1,4,0,2,4,1,3,1,4,4,2,0,4,0,1,1,3,3,3,3,1,1,4,4,2,2,3,3,4,2,3,2,0,4,2,0,4,2,0,4,3,3,3,3,3,2,3,1,4,4,3,3,3,1,2,2,3,3,0,2,3,3,3,3,3,0,0,2,2,2,2,0,2,3,3,0,0,4,1,4,1,1,0,4,1,1,4,0,0,0,0,0,0,0,0,0,0,0,0,0,0,4,4,4,2,2,2,3,4,4,3,1,2,2,2,4,4,4,1,4,2,3,1,1,1,3,2,0,1,4,4,1,4,2,4,1,4,0,2,1,1,0,2,2,2,0,2,4,1,1,1,2,2,4,4,0,0,4,1,2,0,1,1,0,0,3,3,2,2"
234,1.4056286542273781,"0,0,1,4,0,3,1,2,3,4,3,3,2,0,1,3,1,4,1,1,4,2,2,2,0,2,1,4,0,3,3,3,3,3,3,3,3,1,1,1,1,4,4,4,1,3,3,0,0,4,4,4,1,1,1,0,0,1,4,0,2,2,1,4,4,2,0,0,0,3,3,4,1,0,0,1,4,3,3,2,2,3,2,2,1,1,2,2,2,4,1,1,4,1,3,3,1,4,4,4,0,0,0,1,2,0,2,2,3,1,4,0,2,4,1,3,1,4,2,2,0,4,0,1,1,3,3,3,3,1,1,4,4,2,2,3,3,4,2,3,2,0,4,2,0,4,2,0,4,3,3,3,3,3,2,3,1,4,4,3,3,3,1,2,2,3,3,0,2,3,3,3,3,3,0,0,2,2,2,2,0,2,3,3,0,0,4,1,4,1,1,0,4,1,1,4,0,0,0,0,0,0,0,0,0,0,0,0,0,0,4,4,4,2,2,2,3,4,4,3,1,2,2,2,4,4,4,1,4,2,3,1,1,1,3,2,0,1,4,4,1,4,2,2,1,4,0,2,1,1,0,2,2,2,0,2,4,1,1,1,2,2,4,4,0,0,4,1,2,0,1,1,0,0,3,3,2,2"
235,1.3993377303482941,"0,0,1,4,0,3,1,2,3,4,3,3,2,0,1,3,1,4,1,1,4,2,2,2,0,2,1,4,0,3,3,3,3,3,3,3,3,1,1,1,1,4,4,4,1,3,3,0,0,4,4,4,1,4,1,0,0,1,4,0,2,2,1,4,4,2,0,0,0,3,3,4,1,0,0,1,1,3,3,2,2,3,2,2,1,1,2,2,2,4,1,1,4,1,3,3,1,4,4,4,0,0,0,1,2,0,2,2,3,1,4,0,2,4,1,3,1,4,4,2,3,4,0,1,1,3,3,3,3,1,1,4,4,2,2,3,3,4,2,3,2,0,4,2,0,4,2,0,4,3,3,3,3,3,2,3,1,4,4,3,3,3,1,4,3,3,3,0,2,3,3,3,3,3,0,0,2,2,2,2,4,2,3,3,1,0,4,1,4,1,1,0,4,1,1,4,0,0,0,0,0,0,0,0,0,0,0,0,0,0,4,4,4,2,2,2,3,4,4,3,1,2,2,2,0,4,4,1,4,2,3,1,1,1,3,2,0,1,4,4,1,4,2,2,1,4,0,2,1,1,0,2,2,2,0,2,4,1,1,1,2,2,4,4,0,0,4,1,2,0,1,1,0,0,3,3,2,2"
236,1.4098613343991953,"0,0,1,4,0,3,1,2,3,4,3,3,2,0,1,3,1,4,1,1,4,2,2,2,0,2,1,4,0,3,3,3,3,3,3,3,3,1,1,1,1,4,4,4,1,3,3,0,0,4,4,4,1,4,1,0,0,1,4,0,2,2,1,4,4,2,0,0,0,3,3,4,1,0,0,1,1,3,3,2,2,3,2,2,1,1,2,2,2,4,1,1,4,1,3,3,1,4,4,4,0,0,0,1,2,0,2,2,3,1,4,0,2,4,1,3,1,4,4,2,0,4,0,1,1,3,3,3,3,1,1,4,4,2,2,3,3,4,2,3,2,0,4,2,0,4,2,0,4,3,3,3,3,3,2,3,1,4,4,3,3,3,1,2,2,3,3,0,2,3,3,3,3,3,0,0,2,2,2,2,0,2,3,3,0,0,4,1,4,1,1,0,4,1,1,4,0,0,0,0,0,0,0,0,0,0,0,0,0,0,4,4,4,2,2,2,3,4,4,3,1,2,2,2,4,4,4,1,4,2,3,1,1,1,3,2,0,1,4,4,1,4,2,2,1,4,0,2,1,1,0,2,2,2,0,2,4,1,1,1,2,2,4,4,0,0,4,1,2,0,1,1,0,0,3,3,2,2"
237,1.4060186761281055,"0,0,1,4,0,3,1,2,3,4,3,3,2,0,1,3,1,4,1,1,4,2,2,2,0,2,1,4,0,3,3,3,3,3,3,3,3,1,1,1,1,4,4,4,1,3,3,0,0,4,4,4,1,4,1,0,0,1,4,0,2,2,1,4,4,2,0,0,0,3,3,4,1,0,0,1,1,3,3,2,2,3,2,2,1,1,2,2,2,4,1,1,4,1,3,3,1,4,4,4,0,0,0,1,2,0,2,2,3,1,4,0,2,4,1,3,1,4,4,2,0,4,0,1,1,3,3,3,3,1,1,4,4,2,2,3,3,4,2,3,2,0,4,2,0,4,2,0,4,3,3,3,3,3,2,3,1,4,4,3,3,3,1,2,2,3,3,0,2,3,3,3,3,3,0,0,2,2,2,0,0,2,2,3,0,0,4,1,4,1,1,0,4,4,1,4,0,0,0,0,0,0,0,3,0,0,0,0,0,0,4,4,4,2,2,2,4,4,4,3,1,2,2,2,4,4,3,1,4,2,3,1,1,1,3,2,0,1,4,4,1,4,2,2,1,4,4,2,1,1,0,2,2,2,0,2,4,1,1,1,2,2,4,4,0,0,4,1,2,0,1,1,0,0,3,3,2,2"
238,1.3995243871999539,"0,0,1,4,0,3,1,2,3,4,3,3,2,0,1,3,1,4,1,1,4,2,2,2,0,2,1,4,0,3,3,3,3,3,3,3,3,1,1,1,1,4,4,4,1,3,3,0,0,4,4,4,1,4,1,0,0,1,4,0,2,2,1,4,4,2,0,0,0,3,3,4,1,0,0,1,4,3,3,2,2,3,2,2,1,1,2,2,2,4,1,1,4,1,3,3,1,4,4,4,0,0,0,1,2,0,2,2,3,1,4,0,2,4,1,3,1,4,4,2,0,4,0,1,1,3,3,3,3,1,1,4,4,2,2,3,3,4,2,3,2,0,4,2,0,4,2,0,4,3,0,3,3,3,2,3,1,4,4,3,3,3,1,2,2,3,3,0,2,3,3,3,3,3,0,0,2,2,2,2,0,2,3,3,0,0,4,1,4,1,1,4,4,1,1,4,0,4,0,0,0,0,0,0,0,0,0,0,0,0,4,4,4,2,2,2,3,4,4,3,1,1,2,2,4,4,4,1,4,2,3,1,1,1,3,2,0,1,4,4,1,4,2,2,1,4,0,2,1,1,0,2,2,2,0,2,4,1,1,1,2,2,4,4,0,0,4,1,2,0,1,1,0,0,3,3,2,2"
239,1.394418401772291,"0,0,1,4,0,3,1,2,3,4,3,3,2,0,1,3,1,4,1,1,4,2,2,2,0,2,1,4,0,3,3,3,3,3,3,3,3,1,1,1,1,4,4,4,1,3,3,0,0,4,4,4,1,4,1,0,0,1,4,0,2,2,1,4,4,2,0,0,0,3,3,4,1,0,0,1,4,3,3,2,2,3,2,2,1,1,2,2,2,4,1,1,4,1,3,3,1,4,4,4,0,0,3,1,2,0,2,2,3,1,4,0,2,4,1,3,1,4,4,2,0,4,0,1,1,3,3,3,3,1,1,4,4,2,2,3,3,4,2,3,2,0,2,2,0,4,2,0,4,3,3,1,3,3,2,3,1,4,4,2,1,3,1,2,2,3,3,0,2,3,3,3,3,3,0,0,2,2,2,2,0,2,3,3,0,0,4,1,4,1,1,0,4,1,1,4,0,0,0,0,0,0,0,0,0,0,0,0,0,0,4,4,4,2,2,2,4,4,4,3,1,2,2,2,4,4,3,1,4,2,3,1,1,1,3,2,0,1,4,4,1,4,2,2,1,4,0,2,1,1,0,2,2,2,0,2,4,1,1,1,2,2,4,4,0,0,4,1,2,0,1,1,0,0,3,3,2,2"
240,1.41005636991874,"0,0,1,4,0,3,1,2,3,4,3,3,2,0,1,3,1,4,1,1,4,2,2,2,0,2,1,4,0,3,3,3,3,3,3,3,3,1,1,1,1,4,4,4,1,3,3,0,0,4,4,4,1,4,1,0,0,1,4,0,2,2,1,4,4,2,0,0,0,3,3,4,1,0,0,1,1,3,3,2,2,3,2,2,1,1,2,2,2,4,1,1,4,1,3,3,1,4,4,4,0,0,0,1,2,0,2,2,3,1,4,0,2,4,1,3,1,4,4,2,0,4,0,1,1,3,3,3,3,1,1,4,4,2,2,3,3,4,2,3,2,0,4,2,0,4,2,0,4,3,3,3,3,3,2,3,1,4,4,3,3,3,1,2,1,3,3,0,2,3,3,3,3,3,0,0,2,2,2,2,0,2,3,3,0,0,4,1,4,1,1,0,4,1,1,4,0,0,0,0,0,0,0,0,0,0,0,0,0,0,4,4,4,2,2,2,4,4,4,3,1,2,2,2,4,4,3,1,4,2,3,1,1,1,3,2,0,1,4,4,1,4,2,2,1,4,0,2,1,1,0,2,2,2,0,2,4,1,1,1,2,2,4,4,0,0,4,4,2,0,1,1,2,0,3,3,2,2"
241,1.41005636991874,"0,0,1,4,0,3,1,2,3,4,3,3,2,0,1,3,1,4,1,1,4,2,2,2,0,2,1,4,0,3,3,3,3,3,3,3,3,1,1,1,1,4,4,4,1,3,3,0,0,4,4,4,1,4,1,0,0,1,4,0,2,2,1,4,4,2,0,0,0,3,3,4,1,0,0,1,1,3,3,2,2,3,2,2,1,1,2,2,2,4,1,1,4,1,3,3,1,4,4,4,0,0,0,1,2,0,2,2,3,1,4,0,2,4,1,3,1,4,4,2,0,4,0,1,1,3,3,3,3,1,1,4,4,2,2,3,3,4,2,3,2,0,4,2,0,4,2,0,4,3,3,3,3,3,2,3,1,4,4,3,3,3,1,2,1,3,3,0,2,3,3,3,3,3,0,0,2,2,2,2,0,2,3,3,0,0,4,1,4,1,1,0,4,1,1,4,0,0,0,0,0,0,0,0,0,0,0,0,0,0,4,4,4,2,2,2,4,4,4,3,1,2,2,2,4,4,3,1,4,2,3,1,1,1,3,2,0,1,4,4,1,4,2,2,1,4,0,2,1,1,0,2,2,2,0,2,4,1,1,1,2,2,4,4,0,0,4,4,2,0,1,1,2,0,3,3,2,2"
242,1.3986973948536874,"0,0,1,4,0,3,1,2,3,4,3,3,2,0,1,3,1,4,1,1,4,2,2,2,0,2,1,4,0,3,3,3,3,3,3,3,3,1,1,1,1,4,4,4,1,3,3,0,0,4,4,4,1,4,1,0,0,1,4,0,2,2,1,4,4,2,0,0,0,3,3,4,1,0,0,1,1,3,3,2,2,3,2,2,1,1,2,2,2,4,1,1,4,1,3,3,1,4,4,4,0,0,0,1,2,0,2,2,3,1,4,0,0,4,1,3,1,4,4,2,0,4,0,1,1,3,3,3,3,1,2,4,4,4,2,3,3,4,0,3,2,0,4,2,3,4,2,0,4,3,3,3,3,3,2,3,1,4,4,3,3,3,4,2,1,3,3,0,2,3,3,3,3,3,0,0,2,2,2,2,0,2,3,3,0,0,4,1,4,1,1,0,4,1,1,4,0,0,0,0,0,0,0,0,0,0,0,0,0,0,4,4,4,2,2,2,4,4,4,3,1,2,2,2,4,4,3,1,4,2,3,1,1,1,3,2,0,1,4,4,1,4,2,2,1,4,0,2,1,1,0,2,2,2,0,2,4,1,1,1,2,2,4,4,0,0,4,4,2,0,1,1,2,0,3,3,2,2"
243,1.410226666889886,"0,0,1,4,0,3,1,2,3,4,3,3,2,0,1,3,1,4,1,1,4,2,2,2,0,2,1,4,0,3,3,3,3,3,3,3,3,1,1,1,1,4,4,4,1,3,3,0,0,4,4,4,1,4,1,0,0,1,4,0,2,2,1,4,4,2,0,0,0,3,3,4,1,0,0,1,1,3,3,2,2,3,2,2,1,1,2,2,2,4,1,1,4,1,3,3,1,4,4,4,0,0,0,1,2,0,2,2,3,1,4,0,0,4,1,3,1,4,4,2,2,4,0,1,1,3,3,3,3,1,1,4,4,2,2,3,3,4,0,3,2,0,4,2,0,4,2,0,4,3,3,3,3,3,2,3,1,4,4,3,3,3,1,2,1,3,3,0,2,3,3,3,3,3,0,0,2,2,2,2,0,2,3,3,0,0,4,1,4,1,1,0,4,1,1,4,0,0,0,0,0,0,0,0,0,0,0,0,0,0,4,4,4,2,2,2,4,4,4,3,1,2,2,2,4,4,3,1,4,2,3,1,1,1,3,2,0,1,4,4,1,4,2,2,1,4,0,2,1,1,0,2,2,2,0,2,4,1,1,1,2,2,4,4,0,0,4,4,2,0,1,1,2,0,3,3,2,2"
244,1.4076547025990631,"0,0,1,4,0,3,1,2,3,4,3,3,2,0,1,3,1,4,1,1,4,2,2,2,0,2,1,4,0,3,3,3,3,3,3,3,3,1,1,1,1,4,4,4,1,3,3,0,0,4,4,4,1,4,1,0,0,1,4,0,2,2,1,4,4,2,0,0,0,3,3,4,1,0,0,1,1,3,3,2,2,3,2,2,1,1,2,2,2,4,1,1,4,1,3,3,1,4,4,4,0,0,0,1,2,0,2,2,3,1,4,0,0,4,1,3,1,4,4,2,2,4,0,1,1,3,3,3,3,1,1,4,4,2,2,3,3,4,0,3,2,0,4,2,0,4,2,1,4,3,3,3,3,3,2,3,1,4,4,3,3,3,1,2,1,3,3,0,2,3,3,3,3,3,0,0,2,2,2,2,0,2,3,3,0,0,4,1,4,1,1,0,4,1,1,4,0,0,0,0,0,0,0,0,0,0,0,0,0,0,1,4,4,2,2,2,4,4,4,3,1,2,2,2,4,4,3,1,4,2,3,1,1,1,3,2,0,1,4,4,1,4,2,2,1,4,0,2,4,1,0,2,2,2,0,2,4,1,1,1,2,2,4,4,0,0,4,4,2,0,1,1,2,0,3,3,2,2"
245,1.4037767374075807,"0,0,1,4,0,3,1,2,3,4,3,3,2,0,1,3,1,4,1,1,4,2,2,2,0,2,1,4,0,3,3,3,3,3,3,3,3,1,1,1,1,4,4,4,1,3,3,0,0,4,4,4,1,4,1,0,0,1,4,0,2,2,1,4,4,2,0,0,0,3,3,4,1,0,0,1,1,3,3,2,2,3,2,2,1,1,2,2,2,4,1,1,4,1,3,3,1,1,4,4,0,0,0,1,2,0,2,2,3,1,4,0,0,4,1,3,1,4,4,2,2,4,0,1,1,3,3,3,3,1,1,4,4,2,2,3,3,4,0,3,2,0,4,2,0,4,2,1,4,3,3,3,3,3,2,3,1,4,4,3,3,3,1,2,1,3,3,0,2,3,3,3,3,3,0,0,2,2,2,2,0,2,3,3,0,0,4,1,4,1,1,0,4,1,1,4,0,0,0,0,0,0,0,0,0,0,0,0,0,0,1,4,4,2,2,2,4,4,4,3,1,2,2,2,4,4,3,1,4,2,3,1,1,1,3,2,0,1,4,4,1,4,2,2,1,4,0,2,4,1,0,2,2,2,0,2,4,1,1,1,2,2,4,4,0,0,4,4,2,0,1,1,2,0,3,3,2,2"
246,1.4102435974239707,"0,0,1,4,0,3,1,2,3,4,3,3,2,0,1,3,1,4,1,1,4,2,2,2,0,2,1,4,0,3,3,3,3,3,3,3,3,1,1,1,1,4,4,4,1,3,3,0,0,4,4,4,1,4,1,0,0,1,4,0,2,2,1,4,4,2,0,0,0,3,3,4,1,0,0,1,1,3,3,2,2,3,2,2,1,4,2,2,2,4,1,1,4,1,3,3,1,1,4,4,0,0,0,1,2,0,2,2,3,1,4,0,0,4,1,3,1,4,4,2,2,4,0,1,1,3,3,3,3,1,1,4,4,2,2,3,3,4,0,3,2,0,4,2,0,4,2,0,4,3,3,3,3,3,2,3,1,4,4,3,3,3,1,2,1,3,3,0,2,3,3,3,3,3,0,0,2,2,2,2,0,2,3,3,0,0,4,1,4,1,1,0,4,1,1,4,0,0,0,0,0,0,0,0,0,0,0,0,0,0,4,4,4,2,2,2,4,4,4,3,1,2,2,2,4,4,3,1,4,2,3,1,1,1,3,2,0,1,4,4,1,4,2,2,1,4,0,2,1,1,0,2,2,2,0,2,4,1,1,1,2,2,4,4,0,0,4,4,2,0,1,1,2,0,3,3,2,2"
247,1.4027302169591342,"0,0,1,4,0,3,1,2,3,4,3,3,2,0,1,3,1,4,1,1,4,2,2,2,0,2,1,4,0,3,3,3,3,3,3,3,3,1,1,1,1,4,4,4,1,3,3,0,0,4,4,4,1,4,1,0,0,1,4,0,2,2,1,4,4,2,0,0,0,3,3,4,1,0,0,1,1,3,3,2,2,3,2,2,1,4,2,2,2,4,1,1,4,1,3,3,1,1,4,4,0,0,0,1,2,0,2,1,3,1,4,0,0,4,1,3,1,4,4,2,2,0,0,1,0,3,3,3,3,1,1,4,4,2,2,3,3,4,0,3,2,0,4,2,0,4,2,0,4,3,3,3,3,3,2,3,1,4,4,3,3,3,1,2,1,3,3,0,2,3,3,3,3,3,0,0,2,2,2,2,0,2,3,3,0,0,4,1,4,1,1,0,4,1,1,4,0,0,0,0,0,0,0,0,0,0,0,0,0,0,4,4,4,2,2,2,4,4,4,3,1,2,2,2,4,4,3,1,4,2,3,1,1,1,3,2,0,1,4,4,1,4,2,2,1,4,0,2,1,1,0,2,2,2,0,2,4,1,1,1,2,2,4,4,0,0,4,4,2,0,1,1,2,0,3,3,2,2"
248,1.404257758559355,"0,0,1,4,0,3,1,2,3,4,3,3,2,0,1,3,1,4,1,1,4,2,2,2,0,2,1,4,0,3,3,3,3,3,3,3,3,1,1,1,1,4,4,4,1,3,3,0,0,4,4,4,1,4,1,0,0,1,4,0,2,2,1,4,4,2,0,0,0,3,3,4,1,0,0,1,1,3,3,2,2,3,2,2,1,4,2,2,2,4,1,1,4,1,3,3,1,1,4,4,0,0,0,1,2,0,2,1,3,1,4,0,0,4,1,3,1,4,4,2,2,1,0,1,0,3,3,3,3,1,1,4,4,2,2,3,3,4,0,3,2,0,4,2,0,4,2,0,4,3,3,3,3,3,2,3,1,4,4,3,3,3,1,2,1,3,3,0,2,3,3,3,3,3,0,0,2,2,2,2,0,2,3,3,0,0,4,1,4,1,1,0,4,1,1,4,0,0,0,0,0,0,0,0,0,0,0,0,0,0,4,4,4,2,2,2,4,4,4,3,1,2,2,2,4,4,3,1,4,2,3,1,1,1,3,2,0,1,4,4,1,4,2,2,1,4,0,2,1,1,0,2,2,2,0,2,4,1,1,1,2,2,4,4,0,0,4,4,2,0,1,1,2,0,3,3,2,2"
249,1.4032608178602257,"0,0,1,4,0,3,1,2,3,4,3,3,2,0,1,3,1,4,1,1,4,2,2,2,0,2,1,4,0,3,3,3,3,3,3,3,3,1,1,1,1,4,4,4,1,3,3,0,0,4,4,4,1,4,1,0,0,1,4,0,2,2,1,4,4,2,0,0,0,3,3,4,1,0,0,1,1,3,3,2,2,3,2,2,1,4,2,2,2,4,1,1,4,1,3,3,1,1,4,4,0,0,0,1,2,0,2,2,3,1,4,0,0,4,1,3,1,4,4,2,2,4,0,1,1,3,3,3,3,1,1,4,4,2,2,3,3,4,0,3,2,0,4,2,0,4,2,0,4,3,3,3,3,3,2,3,1,4,4,3,3,3,1,2,1,3,3,0,2,3,3,3,3,3,0,0,2,2,2,2,0,2,3,3,0,0,4,1,4,1,1,0,4,1,1,4,0,0,0,0,0,0,0,0,0,0,0,0,0,0,4,4,4,2,2,2,4,4,4,2,1,2,2,2,4,4,3,1,3,2,3,1,1,1,3,2,1,1,4,4,1,4,2,2,1,4,0,2,1,1,0,2,2,2,0,2,4,1,1,1,2,2,4,4,0,0,2,4,2,0,1,1,2,0,3,3,2,2"
250,1.4006455927936448,"0,0,1,4,0,3,1,0,3,4,3,3,2,0,1,3,1,4,1,1,4,2,2,2,0,2,1,4,0,3,3,3,3,3,3,3,3,1,1,1,1,4,4,4,1,3,3,0,0,4,4,4,1,4,1,0,0,1,4,0,2,2,1,4,4,2,0,0,0,3,3,4,1,0,0,1,1,3,3,2,2,3,2,2,1,4,2,2,2,4,1,1,4,1,3,3,1,1,4,4,0,0,0,1,2,0,2,2,3,1,4,0,0,4,1,3,1,4,4,2,2,4,0,1,1,3,3,3,3,1,1,4,4,2,2,3,3,4,0,3,2,0,4,2,0,4,2,0,4,3,3,3,3,3,2,3,1,4,4,3,3,3,1,2,1,3,3,0,2,3,3,3,3,3,0,0,2,2,2,2,2,2,3,3,0,0,4,1,4,1,1,0,4,1,1,4,0,0,0,0,0,0,0,0,0,0,0,0,0,0,4,4,4,2,2,2,4,4,4,3,1,2,2,2,4,4,3,1,4,2,3,1,1,1,3,1,0,1,4,4,1,4,2,2,1,0,0,2,1,1,0,2,2,2,0,2,4,1,1,1,2,2,4,4,0,0,4,4,2,0,1,1,4,0,3,2,2,2"
251,1.4006019003452579,"0,0,1,4,0,3,1,0,3,4,3,3,2,0,1,3,1,4,1,1,4,2,2,2,0,2,1,4,0,3,3,3,3,3,3,3,3,1,1,1,1,4,4,4,1,3,3,0,0,4,4,4,1,4,1,0,0,1,4,0,2,2,1,4,4,2,0,0,0,3,3,4,1,0,0,1,1,3,3,2,2,3,2,2,1,4,2,2,2,4,1,1,4,1,3,3,1,1,4,4,0,0,0,1,2,0,2,2,3,1,4,0,0,4,1,3,1,4,4,2,2,4,0,1,1,3,3,3,3,1,1,4,4,2,2,3,3,4,0,3,2,0,4,2,0,4,2,0,4,3,3,3,3,3,2,3,1,4,4,3,3,3,1,2,1,3,3,0,2,3,3,3,3,3,0,0,2,2,2,2,2,2,3,3,0,0,4,1,4,1,1,0,4,4,1,4,0,0,0,0,0,0,0,0,0,0,0,0,0,0,4,4,4,2,2,2,4,4,4,3,1,2,2,2,4,4,3,1,4,2,3,1,1,1,3,1,0,1,4,4,1,4,2,2,1,0,0,2,1,1,0,2,2,2,0,2,4,1,1,1,2,2,4,4,0,0,4,4,2,0,1,1,4,0,3,2,2,2"
252,1.4043461166103663,"0,0,1,4,0,3,1,0,3,4,3,3,2,0,1,3,1,4,1,1,4,2,2,2,0,2,1,4,0,3,3,3,3,3,3,3,3,1,1,1,1,4,4,4,1,3,3,0,0,4,4,4,1,4,1,0,0,1,4,0,2,2,1,4,4,2,0,0,0,3,3,4,1,0,0,1,1,3,3,2,2,3,2,2,1,4,2,2,2,4,1,1,4,1,3,3,1,1,4,4,0,0,0,1,2,0,2,2,3,1,4,0,0,4,1,3,1,4,4,2,2,4,0,1,1,3,3,3,3,1,1,4,4,2,2,3,3,4,0,3,2,0,4,2,0,4,2,0,4,3,3,3,3,3,2,3,1,4,4,3,3,3,1,2,1,3,3,0,2,3,3,3,3,3,0,0,2,2,2,2,2,2,3,3,0,0,4,1,4,1,1,0,4,2,1,4,0,0,0,0,0,0,0,0,0,0,0,0,0,0,4,4,4,2,2,2,4,4,4,3,1,2,2,2,4,4,3,1,4,2,3,1,1,1,3,1,0,1,4,4,1,4,2,2,1,0,0,2,1,1,0,2,2,2,0,2,4,1,1,1,2,2,4,4,0,0,4,4,2,0,1,1,4,0,3,2,2,2"
253,1.410657331124545,"0,0,1,4,0,3,1,0,3,4,3,3,2,0,1,3,1,4,1,1,4,2,2,2,0,2,1,4,0,3,3,3,3,3,3,3,3,1,1,1,1,4,4,4,1,3,3,0,0,4,4,4,1,4,1,0,0,1,4,0,2,2,1,4,4,2,0,0,0,3,3,4,1,0,0,1,1,3,3,2,2,2,2,2,1,4,2,2,2,4,1,1,4,1,3,3,1,1,4,4,0,0,0,1,2,0,2,2,3,1,4,0,0,4,1,3,1,4,4,2,2,4,0,1,1,3,3,3,3,1,1,4,4,2,2,3,3,4,0,3,2,0,4,2,0,4,2,0,4,3,3,3,3,3,2,3,1,4,4,3,3,3,1,2,1,3,3,0,2,3,3,3,3,3,0,0,2,2,2,2,2,2,3,3,0,0,4,1,4,1,1,0,4,1,1,4,0,0,0,0,0,0,0,0,0,0,0,0,0,0,4,4,4,2,2,2,4,4,4,3,1,2,2,2,4,4,3,3,4,2,3,1,1,1,3,2,0,1,4,4,1,4,2,2,1,4,0,2,1,1,0,2,2,2,0,2,4,1,1,1,2,2,4,4,0,0,4,4,2,0,1,1,2,0,3,3,2,2"
254,1.409766260396694,"0,0,1,4,0,3,1,0,3,4,3,3,2,0,1,3,1,4,1,1,4,2,2,2,0,2,1,4,0,3,3,3,3,3,3,3,3,1,1,1,1,4,4,4,1,3,3,0,0,4,4,4,1,4,1,0,0,1,4,0,2,2,1,4,4,2,0,0,0,3,3,4,1,0,0,1,1,3,3,2,2,2,2,2,1,4,2,2,2,4,1,1,4,1,3,3,1,1,4,4,0,0,0,1,2,0,2,2,3,1,4,0,0,4,1,3,1,4,4,2,2,2,0,1,1,3,3,3,3,1,1,4,4,2,2,3,3,4,0,3,2,0,4,2,0,4,2,0,4,3,3,3,3,3,1,3,1,4,4,3,3,3,1,2,1,3,3,0,2,3,3,3,3,3,0,0,2,2,2,2,2,2,3,3,0,0,4,1,4,1,1,0,4,1,1,4,0,0,0,0,0,0,0,0,0,0,0,0,3,0,4,4,4,2,2,2,4,4,4,3,1,2,2,2,4,4,3,3,4,2,3,1,1,1,3,2,0,1,4,4,1,4,2,2,1,4,0,2,1,1,0,2,2,2,0,2,4,1,1,1,2,2,4,4,0,0,4,4,2,0,1,1,2,0,3,3,2,2"
255,1.4097150634267859,"0,0,1,4,0,3,1,0,3,4,3,3,2,0,1,3,4,4,1,1,4,2,2,2,0,2,1,4,0,3,3,3,3,3,3,3,3,1,1,1,1,4,4,4,1,3,3,0,0,4,4,4,1,4,1,0,0,1,4,0,2,2,1,4,4,2,0,0,0,3,3,4,1,0,0,1,1,3,3,2,2,2,2,2,1,4,2,2,2,4,1,1,4,1,3,3,1,1,4,4,0,0,0,1,2,0,2,2,3,1,4,0,0,4,1,3,1,4,4,2,2,2,0,1,1,3,3,3,3,1,1,4,4,2,2,3,3,4,0,3,2,0,4,2,0,4,2,0,4,3,3,3,3,3,1,3,1,4,4,3,3,3,1,2,1,3,3,0,2,3,3,3,3,3,0,0,2,2,2,2,2,2,3,3,0,0,4,1,4,1,1,0,4,1,1,4,0,0,0,0,0,0,0,0,0,0,0,0,3,0,4,4,4,2,2,2,4,4,4,3,1,2,2,2,4,4,3,3,4,2,3,1,1,1,3,2,0,1,4,4,1,4,2,2,1,4,0,2,1,1,0,2,2,2,0,2,4,1,1,1,2,2,4,4,0,0,4,4,2,0,1,1,2,0,3,3,2,2"
256,1.4110829740316337,"0,0,1,4,0,3,1,0,3,4,3,3,2,0,1,3,4,4,1,1,4,2,2,2,0,2,1,4,0,3,3,3,3,3,3,3,3,1,1,1,1,4,4,4,1,3,3,0,0,4,4,4,1,4,1,0,0,1,4,0,0,2,1,4,4,2,0,0,0,3,3,4,1,0,0,1,1,3,3,2,2,2,2,2,1,4,2,2,2,4,1,1,4,1,3,3,1,1,4,4,0,0,0,1,2,0,2,2,3,1,4,0,0,4,1,3,1,4,4,2,2,2,0,1,1,3,3,3,3,1,1,4,4,2,2,3,3,4,0,3,2,0,4,2,0,4,2,0,4,3,3,3,3,3,1,3,1,4,4,3,3,3,1,2,1,3,3,0,2,3,3,3,3,3,0,0,2,2,2,2,2,2,3,3,0,0,4,1,4,1,1,0,4,1,1,4,0,0,0,0,0,0,0,0,0,0,0,0,0,0,4,4,4,2,2,2,4,4,4,3,1,2,2,2,4,4,3,3,4,2,3,1,1,1,3,2,0,1,4,4,1,4,2,2,1,4,0,2,1,1,0,2,2,2,0,2,4,1,1,1,2,2,4,4,0,0,4,4,2,2,1,1,2,0,3,3,2,2"
257,1.4073335245655731,"0,0,1,4,0,3,1,0,3,4,3,3,2,0,1,3,4,4,1,1,4,2,2,2,0,2,1,4,0,3,3,3,3,3,3,3,3,1,1,1,1,4,4,4,1,3,3,0,0,4,4,4,1,4,1,0,0,1,4,0,0,2,1,4,4,2,0,0,0,3,3,4,1,0,0,1,1,3,3,2,2,2,2,2,1,4,2,2,2,4,1,1,4,1,3,3,1,1,4,4,0,0,0,1,2,0,2,2,3,1,4,0,0,4,1,3,1,4,4,2,2,2,0,1,1,3,3,3,2,1,1,4,4,2,2,3,3,4,0,3,2,0,4,2,0,4,2,0,4,3,3,3,3,3,1,3,1,4,4,3,3,3,1,2,1,3,3,0,2,3,3,3,3,3,0,0,2,2,2,2,2,2,3,3,0,0,4,1,4,1,1,0,4,1,1,4,0,0,0,0,0,0,0,0,0,0,0,0,0,0,4,4,4,2,2,2,4,4,4,3,1,2,2,2,4,4,3,3,4,2,3,1,1,1,3,2,0,1,4,4,1,4,2,2,1,1,0,2,1,1,0,2,2,2,0,2,4,1,1,1,2,3,4,4,0,0,4,4,2,0,1,1,2,0,3,3,2,2"
258,1.4077137266771385,"0,0,1,4,0,3,1,0,3,4,3,3,2,0,1,3,4,4,1,1,4,2,2,2,0,2,1,4,0,3,3,3,3,3,3,3,3,1,1,1,1,4,4,4,1,3,3,0,0,4,4,4,1,4,1,0,0,1,4,0,0,2,1,4,4,2,0,0,0,3,3,4,1,0,0,1,1,3,3,2,2,2,2,2,1,4,2,2,2,4,1,1,4,1,3,3,1,1,4,4,0,0,0,1,2,0,2,2,3,1,4,0,0,4,1,3,1,4,4,2,2,2,0,1,1,3,3,3,3,1,1,4,4,2,2,3,3,4,0,3,2,0,4,2,0,4,2,0,4,3,3,3,3,3,1,2,1,4,4,3,3,3,1,2,1,3,3,0,2,3,3,3,3,3,0,0,2,2,2,2,2,2,3,3,0,0,4,1,4,1,1,0,4,1,1,4,0,0,0,0,0,0,0,0,0,0,0,0,0,0,4,4,4,2,2,2,4,4,4,3,1,2,2,2,4,4,3,3,4,2,3,1,1,1,3,2,0,1,4,4,1,4,2,2,1,4,0,2,1,1,0,0,2,2,0,2,4,1,1,1,2,2,4,4,0,0,4,4,2,2,1,1,2,0,3,3,2,2"
259,1.407751792747317,"0,0,1,4,0,3,1,0,3,4,3,3,2,0,1,3,4,4,1,1,4,2,2,2,0,2,1,4,0,3,3,3,3,3,3,3,3,1,1,1,1,4,4,4,1,3,3,0,0,4,4,4,1,4,1,0,0,1,4,0,0,2,1,4,4,2,0,0,4,3,3,4,1,0,0,1,1,3,3,2,2,2,2,2,1,4,2,2,2,4,1,1,4,1,3,3,1,1,4,4,0,0,0,1,2,0,2,2,3,1,4,0,0,4,1,3,1,4,4,2,2,2,0,1,1,3,3,3,3,1,1,4,4,2,2,3,3,4,0,3,2,0,4,2,0,4,2,0,4,3,3,3,3,3,1,3,1,4,4,3,3,3,1,2,1,3,3,0,2,3,3,3,3,3,0,0,2,2,2,2,2,2,3,1,0,0,4,1,3,1,1,0,4,1,1,4,0,0,0,0,0,0,0,0,0,0,0,0,0,0,4,4,4,2,2,2,4,4,4,3,1,2,2,2,4,4,3,3,4,2,3,1,1,1,3,2,0,1,4,4,1,4,2,2,1,4,0,2,1,1,0,2,2,2,0,2,4,1,1,1,2,2,4,4,0,0,4,4,2,0,1,1,2,1,3,3,2,2"
260,1.404467598419029,"0,0,1,4,0,3,1,0,3,4,3,3,2,0,1,3,4,4,1,1,4,2,2,2,0,2,1,4,0,3,3,3,3,3,3,3,3,1,1,1,1,4,4,4,1,3,3,0,0,4,4,4,1,4,1,0,0,1,4,0,0,2,1,4,4,2,0,0,0,3,3,4,1,0,0,1,1,3,3,2,2,2,2,2,1,4,2,2,2,4,1,1,4,1,3,3,1,1,4,4,0,0,0,1,2,0,2,2,3,1,4,0,0,4,1,3,1,4,4,2,2,2,0,1,1,3,3,3,3,1,1,4,4,2,2,3,3,4,0,3,2,0,4,2,0,4,2,0,4,3,3,3,3,3,1,3,1,4,4,3,3,3,1,2,1,3,3,0,2,3,3,3,3,3,0,0,2,2,2,2,2,2,3,3,0,0,4,1,3,1,1,0,4,1,1,4,0,0,0,0,0,0,0,3,0,0,0,0,0,0,4,4,4,2,2,2,4,4,4,3,1,2,2,2,4,4,3,3,4,2,3,1,1,1,3,2,0,1,4,4,1,4,1,2,1,4,0,2,1,1,0,2,2,2,0,2,4,1,1,1,2,2,4,4,0,0,4,4,0,2,1,1,2,0,3,3,2,2"
261,1.410575556467355,"0,0,1,4,0,3,1,0,3,4,3,3,2,0,1,3,4,4,1,1,4,2,2,2,0,2,1,4,0,3,3,3,3,3,3,3,3,1,1,1,1,4,4,4,1,3,3,0,0,4,4,4,1,4,1,0,0,1,4,0,0,2,1,4,4,2,0,0,0,3,3,4,1,0,0,1,1,3,3,2,2,2,2,2,1,4,2,2,2,4,1,1,1,1,3,3,1,1,4,4,0,0,0,1,2,0,2,1,3,1,4,0,0,4,1,3,1,4,4,2,2,2,0,1,4,3,3,3,3,1,1,4,4,2,2,3,3,4,0,3,2,0,4,2,0,4,2,0,2,3,3,3,3,3,1,3,1,4,4,3,3,3,1,2,1,3,3,0,2,3,3,3,3,3,0,0,2,2,2,2,2,2,3,3,0,0,4,1,4,1,1,0,4,1,1,4,0,0,0,0,0,0,0,0,0,0,0,0,0,0,4,4,4,2,2,2,4,4,4,3,1,2,2,2,4,4,3,3,4,4,3,1,1,1,3,2,0,1,4,4,1,4,2,2,1,4,2,2,1,1,0,2,2,2,0,2,3,1,1,1,2,2,4,4,0,0,4,4,2,2,1,1,2,0,3,3,2,2"
262,1.411354909541907,"0,0,1,4,0,3,1,0,3,4,3,3,2,0,1,3,4,4,1,1,1,2,2,2,0,2,1,4,0,3,3,3,3,3,3,3,3,1,1,1,1,4,4,4,1,3,3,0,0,4,4,4,1,4,1,0,0,1,4,0,0,2,1,4,4,2,0,0,0,3,3,4,1,0,0,1,1,3,3,2,2,2,2,2,4,4,2,2,2,4,1,1,1,1,3,3,1,1,4,4,0,0,0,1,2,0,2,1,3,1,4,0,0,4,1,3,1,4,4,2,2,2,0,1,4,3,3,3,3,1,1,4,4,2,2,3,3,4,0,3,2,0,4,2,0,4,2,0,2,3,3,3,3,3,1,3,1,4,4,3,3,3,1,2,1,3,3,0,2,3,3,3,3,3,0,0,2,2,2,2,2,2,3,3,0,0,4,1,4,1,1,0,4,1,1,4,0,0,0,0,0,0,0,0,0,0,0,0,0,0,4,4,4,2,2,2,4,4,4,3,1,2,2,2,4,4,4,3,4,4,3,1,1,1,3,2,0,1,4,4,1,4,2,2,1,4,2,2,1,1,0,2,2,2,0,2,3,1,1,1,2,2,4,4,0,0,4,4,2,2,1,1,2,0,3,3,2,2"
263,1.41153090891224,"0,0,1,4,0,3,1,0,3,4,3,3,2,0,1,3,4,4,1,1,1,2,2,2,0,2,1,4,0,3,3,3,3,3,3,3,3,1,1,1,1,4,4,4,1,3,3,0,0,4,4,4,1,4,1,0,0,1,4,0,0,2,1,4,4,2,0,0,0,3,3,4,1,0,0,1,1,3,3,2,2,2,2,2,4,4,2,2,2,4,1,1,1,1,3,3,1,1,4,4,0,0,0,1,2,0,2,1,3,1,4,0,0,4,1,3,1,4,4,2,2,2,0,3,4,3,3,3,3,1,1,4,4,2,2,3,3,4,0,0,2,0,4,2,0,4,2,0,2,3,3,3,3,3,1,3,1,4,4,3,3,3,1,2,1,3,3,0,2,3,3,3,3,3,0,0,2,2,2,2,2,2,3,3,0,0,4,1,4,1,1,0,4,1,1,4,0,0,0,0,0,0,0,0,0,0,0,0,0,0,4,4,4,2,2,2,4,4,4,3,1,2,2,2,4,4,4,3,4,4,3,1,1,1,3,2,0,1,4,4,1,4,2,2,1,4,2,2,1,1,0,2,2,2,0,2,3,1,1,1,2,2,4,4,0,0,4,4,2,2,1,1,2,0,3,3,2,2"
264,1.4124288478683373,"0,0,1,4,0,3,1,0,3,4,3,3,2,0,1,3,1,4,1,1,1,2,2,2,0,2,1,4,0,3,3,3,3,3,3,3,3,1,1,1,1,4,4,4,1,3,3,0,0,4,4,4,1,4,1,0,0,1,4,0,0,2,1,4,4,2,0,0,0,3,3,4,1,0,0,1,1,3,3,2,2,2,2,2,4,4,2,2,2,4,1,1,1,1,3,3,1,1,4,4,0,0,0,1,2,0,2,1,3,1,4,0,0,4,1,3,1,4,4,2,2,2,0,3,4,3,3,3,3,1,1,4,4,2,2,3,3,4,0,0,2,0,4,2,0,4,2,0,4,3,3,3,3,3,1,3,1,4,4,3,3,3,1,2,1,3,3,2,2,3,3,3,3,3,0,0,2,2,2,2,2,2,3,3,0,0,4,1,4,1,1,0,4,1,1,4,0,0,0,0,0,0,0,0,0,0,0,0,0,0,4,4,4,2,2,2,4,4,4,3,1,2,2,2,4,4,4,3,4,4,3,1,1,1,3,2,0,1,4,4,1,4,2,2,1,4,2,2,1,1,0,2,2,2,0,2,3,1,1,1,2,2,4,4,0,0,4,4,2,2,1,1,2,0,3,3,2,2"
265,1.4125385466219769,"0,0,1,4,0,3,1,0,3,4,3,3,2,0,1,3,1,4,3,1,1,2,2,2,0,2,1,4,0,3,3,3,3,3,3,3,3,1,1,1,1,4,4,4,1,3,3,0,0,4,4,4,1,4,1,0,0,1,4,0,0,2,1,4,4,2,0,0,0,3,3,4,1,0,0,1,1,3,3,2,2,2,2,2,4,4,2,2,2,4,1,1,1,1,3,3,1,1,4,4,0,0,0,1,2,0,2,1,3,1,4,0,0,4,1,3,1,4,4,2,2,2,0,1,4,3,3,3,3,1,1,4,4,2,2,3,3,0,0,0,2,0,4,2,0,4,2,0,4,3,3,3,3,3,1,3,1,4,4,3,3,3,1,2,1,3,3,2,2,3,3,3,3,3,0,0,2,2,2,2,2,2,3,3,0,0,4,1,4,1,1,0,4,1,1,4,0,0,0,0,0,0,0,0,0,0,0,0,0,0,4,4,4,2,2,2,4,4,4,3,1,2,2,2,4,4,4,3,4,4,3,1,1,1,3,2,0,1,4,4,1,4,2,2,1,4,2,2,1,1,0,2,2,2,0,2,3,1,1,1,2,2,4,4,0,0,4,4,2,2,1,1,2,0,3,3,2,2"
266,1.4125453818361304,"0,0,1,4,0,3,1,0,3,4,3,3,2,0,1,3,1,4,3,1,1,2,2,2,0,2,1,4,0,3,3,3,3,3,3,3,3,1,1,1,1,4,4,4,1,3,3,0,0,4,4,4,1,4,1,0,0,1,4,0,0,2,1,4,4,2,0,0,0,3,3,4,1,0,0,1,1,3,3,2,2,2,2,2,4,4,2,2,2,4,1,1,1,1,3,3,1,1,4,4,0,0,0,1,2,0,2,1,3,1,4,0,0,4,1,3,1,4,4,2,2,2,0,1,4,3,3,3,3,1,1,4,4,2,2,3,3,0,0,0,2,0,4,2,0,4,2,0,4,3,3,3,3,3,1,3,1,4,4,3,3,3,1,2,4,3,3,2,2,3,3,3,3,3,0,0,2,2,2,2,2,2,3,3,0,0,4,1,4,1,1,0,4,1,1,4,0,0,0,0,0,0,0,0,0,0,0,0,0,0,4,4,4,2,2,2,4,4,4,3,1,2,2,2,4,4,4,3,4,4,3,1,1,1,3,2,0,1,4,4,1,4,2,2,1,4,2,2,1,1,0,2,2,2,0,2,3,1,1,1,2,2,4,4,0,0,4,4,2,2,1,1,2,0,3,3,2,2"
267,1.4116164763075207,"0,0,1,4,0,3,1,0,3,4,3,3,2,0,1,3,1,4,3,1,1,2,2,2,0,2,1,4,0,3,3,3,3,3,3,3,3,1,1,1,1,4,4,4,1,3,3,0,4,4,4,4,1,4,1,0,0,1,4,0,0,2,1,4,4,2,0,0,0,3,3,4,1,0,0,1,1,3,3,2,2,2,2,2,4,4,2,2,2,1,1,1,1,1,3,3,1,1,4,4,0,0,0,1,2,0,2,1,3,1,4,0,0,4,1,3,1,4,4,2,2,2,0,1,4,3,3,3,3,1,1,4,4,2,2,3,3,0,0,0,2,0,4,2,0,4,2,0,4,3,3,3,3,3,1,3,1,4,4,3,3,3,1,2,4,3,3,2,2,3,3,3,3,3,0,0,2,2,2,2,2,2,3,3,0,0,4,1,4,1,1,0,4,1,1,4,0,0,0,0,0,0,0,0,0,0,0,0,0,0,4,4,4,2,2,2,4,4,4,3,1,2,2,2,4,4,4,3,4,4,3,1,0,1,3,2,0,1,4,4,1,4,2,2,1,4,2,2,1,1,0,2,2,2,0,2,3,1,1,1,2,2,4,4,0,0,4,4,2,2,1,1,2,0,3,3,2,2"
268,1.3973795455215234,"0,0,1,4,0,3,1,0,3,4,3,3,2,0,1,3,1,4,3,1,1,2,2,2,0,2,1,4,0,3,3,3,3,3,3,3,3,1,1,1,1,4,4,4,1,3,3,0,0,4,4,4,1,4,1,0,0,1,4,0,0,2,1,4,4,2,0,0,0,3,3,4,1,0,0,1,1,3,3,2,2,2,2,2,4,4,2,2,2,1,1,1,1,1,3,3,1,1,4,4,0,0,0,1,2,0,2,1,3,1,4,0,0,4,1,3,1,4,4,2,2,2,0,1,4,3,3,3,3,1,1,4,4,2,2,3,3,0,0,0,2,0,4,2,3,4,2,0,4,3,3,3,3,3,1,3,1,4,4,3,3,3,1,2,4,3,3,2,0,3,3,3,3,3,3,0,2,2,2,2,2,2,3,3,0,0,4,1,4,1,1,0,4,1,1,4,1,0,0,0,0,0,0,0,0,0,0,0,0,0,4,4,4,2,2,2,4,4,4,3,1,2,2,2,4,4,4,3,4,4,3,1,1,0,3,2,0,1,4,4,1,4,2,2,1,4,2,2,1,2,0,2,2,2,0,2,3,1,1,1,4,2,4,4,0,0,4,4,1,2,1,1,2,0,3,3,4,2"
269,1.4104458272853868,"0,0,1,4,0,3,1,0,3,4,3,3,2,0,1,3,1,4,3,1,1,2,2,2,0,2,1,4,0,3,3,3,3,3,3,3,3,1,1,1,1,4,4,4,1,3,3,0,0,4,4,4,1,4,1,0,0,1,4,0,0,2,1,4,4,2,0,0,0,3,3,4,1,0,0,1,1,3,3,2,2,2,2,2,4,4,2,2,2,1,1,1,1,1,3,3,1,1,4,4,0,0,0,1,2,0,2,1,3,1,4,0,0,4,1,3,1,4,4,2,2,2,0,1,4,3,3,3,3,1,1,4,4,2,2,3,3,0,0,0,2,0,4,2,0,4,2,0,4,3,3,3,3,3,1,3,1,4,4,3,3,3,1,2,4,3,3,2,2,3,3,3,3,3,0,0,2,2,2,2,2,2,3,3,0,0,4,1,4,1,1,0,4,1,1,4,0,0,0,0,0,0,0,0,0,0,0,0,0,0,4,4,4,2,2,2,4,4,4,3,1,2,2,2,4,4,4,3,4,4,3,1,1,1,3,2,0,1,4,4,1,4,2,2,1,4,2,2,1,1,0,2,2,2,0,2,3,1,1,1,2,2,4,2,0,0,4,4,2,2,4,1,2,0,3,3,2,2"
270,1.4085232164531436,"0,0,1,4,0,3,1,0,3,4,3,3,2,0,1,3,1,4,3,1,1,2,2,2,0,2,1,4,0,3,3,3,3,3,3,3,3,1,1,1,1,4,4,4,1,3,3,0,0,4,4,4,1,4,1,0,0,1,4,0,0,2,1,4,4,2,0,0,0,3,3,4,1,0,0,1,1,3,3,2,2,2,2,2,4,4,2,2,2,1,1,1,1,1,3,3,1,1,1,4,0,0,0,1,2,0,2,1,3,1,4,0,0,4,1,3,1,4,4,2,2,2,0,1,4,3,3,3,3,1,1,4,4,2,2,3,3,0,0,0,2,0,4,2,0,4,2,0,4,3,3,3,3,3,1,3,1,4,4,3,3,3,4,2,4,3,3,2,2,3,3,3,3,3,0,0,2,2,2,2,2,2,3,3,0,0,4,1,4,1,1,0,4,1,1,4,0,0,0,0,0,0,0,0,0,0,0,0,0,0,4,4,4,2,2,2,4,4,4,3,1,2,2,2,4,4,4,3,4,4,3,1,1,1,3,2,0,1,4,4,1,4,2,2,1,4,2,2,1,1,0,2,2,2,0,2,3,1,1,1,2,2,4,4,0,0,0,4,2,2,1,1,2,0,3,3,2,2"
271,1.403668749463448,"0,0,1,4,0,3,1,0,3,4,3,3,2,0,1,3,1,4,3,1,1,2,2,2,0,2,1,4,0,3,3,3,3,3,3,3,3,1,1,1,1,4,4,4,1,3,3,0,0,4,4,4,1,4,1,0,0,1,4,0,0,2,1,4,4,2,0,0,0,3,3,4,1,0,0,1,1,3,3,2,2,2,2,2,4,4,2,2,2,1,1,1,1,1,3,3,1,1,1,4,0,0,0,1,2,0,2,1,3,1,4,0,0,4,1,3,1,4,4,2,2,2,0,1,4,3,3,3,3,1,1,4,4,2,2,3,3,4,0,0,2,0,4,2,0,4,2,0,4,3,3,3,3,3,1,3,1,4,4,3,3,3,4,2,4,3,3,2,2,3,3,3,3,3,0,0,2,2,2,2,2,2,3,3,0,0,4,1,4,1,1,1,4,1,1,4,0,0,0,0,0,0,0,0,0,0,0,0,0,0,4,4,4,2,2,2,4,4,4,3,1,2,2,2,4,4,4,3,4,4,3,1,1,1,3,2,0,1,4,4,1,4,2,2,1,4,2,2,1,1,0,2,2,2,0,2,3,1,1,1,2,2,4,4,0,1,4,4,0,2,1,1,2,0,3,3,2,2"
272,1.4109636575398679,"0,0,1,4,0,3,1,0,3,4,3,3,2,0,1,3,1,4,3,1,1,2,2,2,0,2,1,4,0,3,3,3,3,3,3,3,3,1,1,1,1,4,4,3,1,3,3,0,0,4,4,4,1,4,1,0,0,1,4,0,0,2,1,4,4,2,0,0,0,3,3,4,1,0,0,1,1,3,3,2,2,2,2,2,4,4,2,2,2,1,1,1,1,1,3,3,1,1,1,4,0,0,0,1,2,0,2,1,3,1,4,0,0,4,1,3,1,4,4,2,2,2,0,1,4,3,3,3,3,1,1,0,4,2,2,3,3,4,0,0,2,0,4,2,0,4,2,0,4,3,3,3,3,3,1,3,1,4,4,3,3,3,4,2,4,3,3,2,2,3,3,3,3,3,0,0,2,2,2,4,2,2,3,3,0,0,4,1,4,1,1,1,4,1,1,4,0,0,0,0,0,0,0,0,0,0,0,0,0,0,4,4,4,2,2,2,4,4,4,3,1,2,2,2,4,4,4,3,4,4,3,1,1,1,3,2,0,0,4,4,1,4,2,2,1,4,2,2,1,1,0,2,2,2,0,2,3,1,1,1,2,2,4,4,0,0,4,4,2,2,1,1,2,0,3,3,2,2"
273,1.4100706926810325,"0,0,1,4,0,3,1,0,3,4,3,3,2,0,1,3,1,4,3,1,1,2,2,2,0,2,1,4,0,3,3,3,3,3,3,3,3,1,1,1,1,4,4,3,1,3,3,0,0,4,4,4,1,4,1,0,0,1,4,0,0,2,1,4,4,2,0,0,0,3,3,4,1,0,0,1,1,3,3,2,2,2,2,2,4,4,2,2,2,1,1,1,1,1,3,3,1,1,1,4,0,0,0,1,2,0,2,1,3,1,4,0,0,4,1,3,1,4,4,2,2,2,0,1,4,3,3,3,3,1,1,4,4,2,2,3,3,0,0,0,2,0,4,2,0,4,2,0,4,3,3,3,3,3,1,3,1,4,4,3,3,3,4,2,4,3,3,2,2,3,3,3,3,3,0,0,2,2,2,2,2,2,3,3,0,0,4,1,4,1,1,0,4,1,1,4,0,0,0,0,0,0,0,0,0,0,0,0,0,0,4,4,4,2,2,2,4,4,4,3,1,2,2,2,4,4,4,3,4,4,3,1,1,1,3,2,0,1,4,4,1,4,2,2,1,4,2,2,1,1,0,2,2,2,0,2,3,1,1,1,2,2,4,4,0,0,4,4,2,2,1,1,2,0,3,3,2,2"
274,1.4127361387261321,"0,0,1,4,0,3,1,0,3,4,3,3,2,0,1,3,1,4,3,1,1,2,2,2,0,2,1,4,0,3,3,3,3,3,3,3,3,1,1,1,1,4,4,3,1,3,3,0,0,4,4,4,1,4,1,0,0,1,4,0,0,2,1,4,4,2,0,0,0,3,3,4,1,0,0,1,1,3,3,2,2,2,2,2,4,4,2,2,2,1,1,1,1,1,3,3,1,1,1,4,0,0,0,1,2,0,2,1,3,1,4,0,0,4,1,3,1,4,4,2,2,2,0,1,4,3,3,3,3,1,1,4,4,2,2,3,3,0,0,0,2,0,4,2,0,4,2,0,4,3,3,3,3,3,1,3,1,4,4,4,3,3,4,2,4,3,3,2,2,3,3,3,3,3,0,0,2,2,2,2,2,2,3,3,0,0,4,1,4,1,1,0,4,1,1,4,0,0,0,0,0,0,0,0,0,0,0,0,0,0,4,4,4,2,2,2,4,4,4,3,1,2,2,2,4,4,4,3,4,4,3,1,1,1,3,2,0,1,4,4,1,4,2,2,1,4,2,2,1,1,0,2,2,2,0,2,3,1,1,1,2,2,4,4,0,0,4,4,2,2,1,1,2,0,3,3,2,2"
275,1.4128907131330606,"0,0,1,4,0,3,1,0,3,4,3,3,2,0,1,3,1,4,3,1,1,2,2,2,0,2,1,4,0,3,3,3,3,3,3,3,3,1,1,1,1,4,4,3,1,3,3,0,0,4,4,4,1,4,1,0,0,1,4,0,0,2,1,4,4,2,0,0,0,3,3,4,1,0,0,1,1,3,3,2,2,2,2,2,1,4,2,2,2,1,1,1,1,1,3,3,1,1,1,4,0,0,0,1,2,0,2,1,3,1,4,0,0,4,1,3,1,4,4,2,2,2,0,1,4,3,3,3,3,1,1,4,4,2,2,3,3,0,0,0,2,0,4,2,0,4,2,0,4,3,3,3,3,3,4,3,1,4,4,4,3,3,4,2,4,3,3,2,2,3,3,3,3,3,0,0,2,2,2,2,2,2,3,3,0,0,4,1,4,1,1,0,4,1,1,4,0,0,0,0,0,0,0,0,0,0,0,0,0,0,4,4,4,2,2,2,4,4,4,3,1,2,2,2,4,4,4,3,4,4,3,1,1,1,3,2,0,1,4,4,1,4,2,2,1,4,2,2,1,1,0,2,2,2,0,2,3,1,1,1,2,2,4,4,0,0,4,4,2,2,1,1,2,0,3,3,2,2"
276,1.4086381164528998,"0,0,1,4,0,3,1,0,3,4,3,3,2,0,1,3,1,4,3,1,1,2,2,2,0,2,1,2,0,3,3,3,3,3,3,3,3,1,1,1,1,4,4,3,1,3,3,0,0,4,4,4,1,4,1,0,0,1,4,0,0,2,1,4,4,2,0,0,0,3,3,4,1,0,0,1,1,3,3,2,2,2,2,2,1,4,2,2,2,1,1,1,1,1,3,3,1,1,1,4,0,0,0,1,2,0,2,1,3,1,1,0,0,4,1,3,1,4,4,2,2,2,0,1,4,3,3,3,3,1,1,4,4,2,2,3,3,0,0,0,2,0,4,2,0,4,2,0,4,3,3,3,3,3,4,3,1,4,4,4,3,3,4,2,4,3,3,2,2,3,3,3,3,3,0,0,2,2,2,2,2,2,3,3,0,0,4,1,4,1,1,0,4,1,1,4,0,0,0,0,0,0,0,0,0,0,0,0,0,0,4,4,4,2,2,2,4,4,4,3,4,2,2,2,4,4,4,3,4,4,3,1,1,1,3,2,0,1,4,4,1,4,2,2,1,4,2,2,1,1,0,2,2,2,0,2,3,1,1,1,2,2,4,4,0,0,4,4,2,2,1,1,2,0,3,3,2,2"
277,1.4105778395889887,"0,0,1,1,0,3,1,0,3,4,3,3,2,0,1,3,1,4,3,1,1,2,2,2,0,2,1,4,0,3,3,3,3,3,3,3,3,1,1,1,1,4,4,3,1,3,3,0,0,4,4,4,1,4,1,0,0,1,4,0,0,2,1,4,4,2,0,0,0,3,3,4,1,0,0,1,1,3,3,2,2,2,2,2,1,4,2,2,2,1,1,1,1,1,3,3,1,1,1,4,0,0,0,1,2,0,2,1,3,1,1,0,0,4,1,3,1,4,4,2,2,2,0,1,4,3,3,3,3,1,1,4,4,2,2,3,3,0,0,0,2,0,4,2,0,4,2,0,4,3,3,3,3,3,4,3,1,4,4,4,3,3,4,2,4,3,3,2,2,3,3,3,3,3,0,0,2,2,2,2,2,2,3,3,0,0,4,1,4,1,1,0,4,1,1,4,0,0,0,0,0,0,0,0,0,0,0,0,0,0,4,4,4,2,2,2,4,4,4,3,4,2,2,2,4,4,4,3,4,4,3,1,2,1,3,2,0,1,4,4,1,4,2,2,1,4,2,2,1,1,0,2,2,2,0,2,3,1,1,1,2,2,4,4,0,0,4,4,2,2,1,4,2,0,3,3,2,2"
278,1.4095914220981147,"0,0,1,1,0,3,1,0,3,4,3,3,2,0,1,3,1,4,1,1,1,2,2,2,0,2,1,4,0,3,3,3,3,3,3,3,3,1,1,1,1,4,4,3,1,3,3,0,0,4,4,4,1,4,1,0,0,1,4,0,0,2,1,4,4,2,0,0,0,3,3,4,1,0,0,1,1,3,3,2,2,2,2,2,1,4,2,2,2,1,1,1,1,1,3,3,1,1,1,4,0,0,0,1,2,0,2,1,3,1,1,0,0,4,1,3,1,4,4,2,2,2,0,1,4,3,3,3,3,1,1,4,4,2,2,3,3,0,0,0,2,0,4,2,0,4,4,0,4,3,3,3,3,3,4,3,1,4,4,4,3,3,4,2,4,3,3,2,2,3,3,3,3,3,0,0,2,2,2,2,2,2,3,3,0,0,4,1,4,1,1,0,4,1,1,4,0,0,0,0,0,3,0,0,0,0,0,0,0,0,4,4,4,2,2,2,4,4,4,3,4,2,2,2,4,4,3,3,4,4,3,1,1,1,3,2,0,1,4,4,1,4,2,2,4,4,2,2,1,1,0,2,2,2,0,2,3,1,1,1,2,2,4,4,0,0,4,4,2,2,1,1,2,0,3,3,2,2"
279,1.3889294718873453,"0,0,1,1,0,3,1,0,3,4,3,3,2,0,1,3,1,4,1,1,1,2,2,2,0,2,1,4,0,3,3,3,3,3,3,3,3,1,1,1,1,4,4,3,1,3,3,0,0,4,4,4,1,4,1,0,0,1,4,0,0,2,1,4,4,2,0,0,0,3,3,4,1,0,0,1,1,0,3,2,2,2,2,2,1,4,2,2,2,1,1,1,1,1,3,3,1,1,1,4,0,0,0,1,2,0,2,1,3,1,1,0,0,4,1,3,1,4,4,2,2,2,0,1,4,3,3,3,3,1,1,4,4,2,2,3,3,0,0,0,2,0,4,2,0,4,2,0,4,3,3,3,3,3,4,3,1,4,4,4,3,3,4,2,4,3,3,2,2,3,3,3,3,3,0,0,2,2,2,2,2,2,3,3,0,0,4,1,4,1,1,0,4,1,1,4,0,0,0,0,0,0,0,0,0,0,0,0,0,0,4,4,4,2,0,2,4,4,4,3,4,2,2,2,4,4,4,3,4,4,4,1,1,1,3,2,0,1,4,4,1,4,2,2,1,4,2,2,1,1,0,2,2,2,0,2,3,1,1,1,2,2,4,4,0,0,4,4,2,2,1,1,2,0,3,3,2,2"
280,1.4098599954628666,"0,0,1,1,0,3,1,0,3,4,3,3,2,0,1,3,1,4,1,1,1,2,2,2,0,2,1,4,0,3,3,3,3,3,3,3,3,1,1,1,1,4,4,3,1,3,3,0,0,4,4,4,1,4,1,0,0,1,4,0,0,2,1,4,4,2,0,0,0,3,3,4,1,0,0,1,1,3,3,2,2,2,2,2,1,4,2,2,2,1,1,1,1,1,3,3,1,1,1,4,0,0,0,1,2,0,2,1,3,1,1,0,0,4,1,3,1,4,4,2,2,2,0,1,4,3,3,3,3,1,1,4,4,2,2,3,3,0,0,0,2,0,4,2,0,4,2,0,4,3,3,3,3,3,4,3,1,4,4,4,3,3,4,2,4,3,3,2,2,3,3,3,3,3,0,0,2,2,2,2,2,2,3,3,0,0,4,1,4,1,1,0,4,1,1,4,0,0,0,0,0,0,0,0,0,0,0,0,0,0,4,4,4,2,2,2,4,4,4,3,4,2,2,2,4,4,4,3,4,4,3,1,1,1,3,2,0,1,4,4,1,4,2,2,4,4,2,2,1,1,0,2,2,2,0,2,3,1,1,1,2,2,4,4,0,0,4,4,2,2,1,1,2,0,3,3,2,2"
281,1.4108041186045561,"0,0,1,1,0,3,1,0,3,4,3,3,2,0,1,3,1,4,1,1,1,2,2,2,0,2,1,4,0,3,3,3,3,3,3,3,3,1,1,1,1,4,4,3,1,3,3,0,0,4,4,4,1,4,1,0,0,1,4,0,0,2,1,4,4,2,0,0,0,3,3,4,1,0,0,1,1,3,3,2,2,2,2,2,1,4,2,2,2,1,1,1,1,1,3,3,1,1,1,4,0,0,0,1,2,1,2,1,3,1,1,0,0,4,1,3,1,4,4,2,2,2,0,1,4,3,3,3,3,1,1,4,4,2,2,3,3,0,0,0,2,0,4,2,0,4,2,0,4,3,3,3,3,3,4,3,3,4,4,4,3,3,4,2,4,3,3,2,2,3,3,3,3,3,0,0,2,2,2,2,2,2,3,3,0,0,4,1,4,1,1,0,4,1,1,4,0,0,0,0,0,0,0,0,0,0,0,0,0,0,4,4,4,2,2,2,4,4,4,3,4,2,2,2,4,4,4,3,4,4,3,1,1,1,3,2,0,1,4,4,1,4,2,2,4,4,2,2,1,1,0,2,2,2,0,2,3,1,1,1,2,2,4,4,0,0,4,4,2,2,1,1,2,0,3,3,2,2"
282,1.412681812670957,"0,0,1,1,0,3,1,0,3,4,3,3,2,0,1,3,1,4,1,1,1,2,2,2,0,2,1,4,0,3,3,3,3,3,3,3,3,1,1,1,1,4,4,3,1,3,3,0,0,4,4,4,1,4,1,0,0,1,4,0,0,2,1,4,4,2,0,0,0,3,3,4,1,0,0,1,1,3,3,2,2,2,2,2,1,4,2,2,2,1,1,1,1,1,3,3,1,1,1,4,0,0,0,4,2,0,2,1,3,1,1,0,0,4,1,3,1,4,4,2,2,2,0,1,4,3,3,3,3,1,1,4,4,2,2,3,3,0,0,0,2,0,4,2,0,4,2,0,4,3,3,3,3,3,4,3,3,4,4,4,3,3,4,2,4,3,3,2,2,3,3,3,3,3,0,0,2,2,2,2,2,2,3,3,0,0,4,1,4,1,1,0,4,1,1,4,0,0,0,0,0,0,0,0,0,0,0,0,0,0,4,4,4,2,2,2,4,4,4,3,4,2,2,2,4,4,4,3,4,4,3,1,1,1,3,2,0,1,4,4,1,4,2,2,3,3,2,2,1,4,0,2,2,2,0,2,1,1,1,1,2,2,4,4,0,0,4,4,2,2,1,1,2,0,3,3,2,2"
283,1.4105939685354356,"0,0,1,1,0,3,1,0,3,4,3,3,2,0,1,3,1,4,1,1,1,2,2,2,0,2,1,4,0,3,3,3,3,3,3,3,3,1,1,1,1,4,4,3,1,3,3,0,0,4,4,4,1,4,1,0,0,1,4,0,0,2,1,4,4,2,0,0,0,3,3,4,1,1,0,1,1,3,3,2,2,2,2,2,1,4,2,2,2,1,1,1,1,1,3,3,1,1,1,4,0,0,0,4,2,0,2,1,3,1,1,0,0,4,1,3,1,4,4,2,2,2,0,1,4,3,3,3,3,1,1,4,4,2,2,3,3,0,0,0,2,0,4,2,0,4,2,0,4,3,3,3,3,3,4,3,3,4,4,4,3,3,4,2,4,3,3,2,2,3,3,3,3,3,0,0,2,2,2,2,2,2,3,3,0,0,4,1,4,1,1,2,4,1,1,4,0,0,0,0,0,0,0,0,0,0,0,0,0,0,4,4,4,2,2,2,4,4,4,3,4,2,2,2,0,4,4,3,4,4,3,1,1,1,3,2,0,1,4,4,1,4,2,2,4,4,2,2,1,1,0,2,2,2,0,2,3,1,1,1,2,2,4,4,0,0,4,4,2,2,1,1,2,0,3,3,2,2"
284,1.4134795263735167,"0,0,1,1,0,3,1,0,3,4,3,3,2,0,1,3,1,4,1,1,1,2,2,2,0,2,1,4,0,3,3,3,3,3,3,3,3,1,1,1,1,4,4,3,1,3,3,0,0,4,4,4,1,4,1,0,0,1,4,0,0,2,1,4,4,2,0,0,2,3,3,4,1,0,0,1,1,3,3,2,2,2,2,2,1,4,2,2,2,1,1,1,1,1,3,3,1,1,1,4,0,0,0,4,2,0,2,1,3,1,1,0,0,4,1,3,1,4,4,2,2,2,0,1,4,3,3,3,3,1,1,4,4,2,2,3,3,0,0,0,0,0,4,2,0,4,2,0,1,3,3,3,3,3,4,3,3,4,4,4,3,3,4,2,4,3,3,2,2,3,3,3,3,3,0,0,2,2,2,2,2,2,3,3,0,0,4,1,4,1,1,0,4,1,1,4,0,0,0,0,0,0,0,0,0,0,0,0,0,0,4,4,4,2,2,2,4,4,4,3,4,2,2,2,4,4,4,3,4,4,3,1,1,1,3,2,0,1,4,4,1,4,2,2,4,3,2,2,1,4,0,2,2,2,0,2,1,1,1,1,2,2,4,4,0,0,4,4,2,2,1,1,2,0,3,3,2,2"
285,1.4131161472956226,"0,0,1,1,0,3,1,0,3,4,3,3,2,0,1,3,1,4,1,1,1,2,2,2,0,2,1,4,0,3,3,3,3,3,3,3,3,1,1,1,1,4,4,3,1,3,3,0,0,4,4,4,1,4,1,0,0,1,4,0,0,2,1,2,4,2,0,0,2,3,3,4,1,0,0,1,1,3,3,2,2,2,2,2,1,4,2,2,2,1,1,1,1,1,3,3,1,1,1,4,0,0,0,4,2,0,2,1,3,1,1,0,0,4,1,3,1,4,4,2,2,2,0,1,4,3,3,3,3,1,1,4,4,2,2,3,3,0,0,0,0,0,4,4,0,4,2,0,1,3,3,3,3,3,4,3,3,4,4,4,3,3,4,2,4,3,3,2,2,3,3,3,3,3,0,0,2,2,2,2,2,2,3,3,0,0,4,1,4,1,1,0,4,1,1,4,0,0,0,0,0,0,0,0,0,0,0,0,0,0,4,4,4,2,2,2,4,4,4,3,4,2,2,4,4,4,4,3,4,4,3,1,1,1,3,2,0,1,4,4,1,4,2,2,4,3,2,2,1,4,0,2,2,2,0,2,1,1,1,1,2,2,4,4,0,0,4,4,2,2,1,1,2,0,3,3,2,2"
286,1.409790248501858,"0,0,1,1,0,3,1,0,3,4,3,3,2,0,1,3,1,4,1,1,1,2,2,2,0,2,1,4,0,3,3,3,3,3,3,3,3,1,1,3,1,4,4,3,1,3,3,0,0,4,4,4,1,4,1,0,0,1,4,0,0,2,1,2,4,2,0,0,2,3,3,4,1,0,0,1,1,3,3,2,2,2,2,2,1,4,2,2,2,1,1,1,1,1,3,3,1,1,1,4,0,0,0,4,2,0,2,1,3,1,1,0,0,4,1,3,1,4,4,2,2,2,0,1,4,3,3,3,3,1,1,4,4,2,2,3,3,0,0,0,0,0,4,4,0,4,2,0,1,3,3,3,3,3,4,3,3,4,4,4,3,3,4,2,4,3,3,2,2,3,3,3,3,3,0,0,2,2,2,2,2,2,3,3,0,0,4,1,4,1,1,0,4,1,1,4,0,0,0,1,0,0,0,0,0,0,0,0,0,0,4,4,4,2,2,2,4,4,4,3,4,2,2,2,4,4,4,3,4,4,3,1,1,1,3,2,0,1,0,4,1,4,2,2,4,3,2,2,1,4,0,2,2,2,0,2,1,1,1,1,2,2,4,4,0,0,4,4,2,2,1,1,2,0,3,3,2,2"
287,1.4060220284670777,"0,0,1,1,0,3,1,0,3,4,3,3,2,0,1,3,1,4,1,1,1,2,2,2,0,2,1,4,0,3,3,3,3,3,3,3,3,1,1,3,1,4,4,3,1,3,3,0,0,4,4,4,1,4,1,0,0,1,4,0,0,2,1,2,4,2,0,0,2,3,3,4,1,0,0,1,1,3,3,2,2,2,2,2,1,4,2,2,2,1,1,1,1,1,3,3,1,1,1,4,0,0,0,4,2,0,2,1,3,1,1,0,0,4,1,3,1,4,4,0,2,2,0,1,4,3,4,3,3,1,1,4,4,2,2,3,3,0,0,0,0,0,4,4,0,4,2,0,1,3,3,3,3,3,4,3,3,4,4,4,3,3,4,2,4,3,4,2,2,3,3,3,3,3,0,0,2,2,2,2,2,2,3,3,0,0,4,1,4,1,1,0,4,1,1,4,0,0,0,0,0,0,0,0,0,0,0,0,0,0,4,4,4,2,2,2,4,4,4,3,4,2,2,2,4,4,4,3,4,4,3,1,1,1,3,2,0,1,4,4,1,4,2,2,4,3,2,2,1,4,0,2,2,2,0,2,1,1,1,1,2,2,4,4,0,0,4,4,2,2,1,1,2,0,3,3,2,2"
288,1.4136705490150743,"0,0,1,1,0,3,1,0,3,4,3,3,2,0,1,3,1,4,1,1,1,2,2,2,0,2,1,4,0,3,3,3,3,3,3,3,3,1,1,3,1,4,4,3,1,3,3,0,0,4,4,4,1,4,1,0,0,1,4,0,0,2,1,2,4,2,0,0,2,3,3,4,1,0,0,1,1,3,3,2,2,2,2,2,1,4,2,2,2,1,1,1,1,1,3,3,1,1,1,4,0,0,0,4,2,0,2,1,3,1,1,0,0,4,1,3,1,4,4,2,2,2,0,1,4,3,3,3,3,1,1,4,4,2,2,3,3,0,0,0,0,0,4,4,0,4,2,0,1,3,3,3,3,3,4,3,3,4,4,4,3,3,4,2,4,3,3,2,2,3,3,3,3,3,0,0,2,2,2,2,2,2,3,3,0,0,4,1,4,1,1,0,4,1,1,4,0,0,0,0,0,0,0,0,0,0,0,0,0,0,4,4,4,2,2,2,4,4,4,3,4,2,2,2,4,4,4,4,4,4,3,1,1,1,3,2,0,1,4,4,1,4,2,2,4,3,2,2,1,4,0,2,2,2,0,2,1,1,1,1,2,2,4,4,0,0,4,4,2,2,1,1,2,0,3,3,2,2"
289,1.413760224114946,"0,0,1,1,0,3,1,0,3,4,3,3,2,0,1,3,1,4,1,1,1,2,2,2,0,2,1,4,0,3,3,3,3,3,3,3,3,1,1,3,1,4,4,3,1,3,3,0,0,4,4,4,1,4,1,0,0,1,4,0,0,2,1,2,4,2,0,0,2,3,3,4,1,0,0,1,1,3,3,2,2,2,2,2,1,4,2,2,2,1,1,1,1,1,3,3,1,1,1,4,0,0,0,4,2,0,2,1,3,1,1,0,0,4,1,3,1,4,4,2,2,2,0,1,4,3,3,3,3,1,1,4,4,2,2,3,3,0,0,0,0,0,4,4,0,4,2,0,1,3,3,3,3,3,4,3,3,4,4,4,3,3,4,2,4,3,3,2,2,3,3,3,3,3,0,0,2,2,2,2,2,2,3,3,0,0,4,1,4,1,1,0,4,1,1,4,0,0,0,0,0,0,0,0,0,0,0,0,0,0,4,4,4,2,2,2,4,4,4,3,4,2,2,2,4,4,4,1,4,4,3,1,1,1,3,2,0,1,4,4,1,4,2,2,4,3,2,2,1,4,0,2,2,2,0,2,1,1,1,1,2,2,4,4,0,0,4,4,2,2,1,1,2,0,3,3,2,2"
290,1.4139004473605679,"0,0,1,1,0,3,1,0,3,4,3,3,2,0,1,3,1,4,1,1,1,2,2,2,0,2,1,4,0,3,3,3,3,3,3,3,3,1,1,3,3,4,4,3,1,3,3,0,0,4,4,4,1,4,1,0,0,1,4,0,0,2,1,2,4,2,0,0,2,3,3,4,1,0,0,1,1,3,3,2,2,2,2,2,1,4,2,2,2,1,1,1,1,1,3,3,1,1,1,4,0,0,0,4,2,0,2,1,3,1,1,0,0,4,1,3,1,4,4,2,2,2,0,1,4,1,3,3,3,1,1,4,4,2,2,3,3,0,0,0,0,0,4,4,0,4,2,0,1,3,3,3,3,3,4,3,3,4,4,4,3,3,4,2,4,3,3,2,2,3,3,3,3,3,0,0,2,2,2,2,2,2,3,3,0,0,4,1,4,1,1,0,4,1,1,4,0,0,0,0,0,0,0,0,0,0,0,0,0,0,4,4,4,2,2,2,4,4,4,3,4,2,2,2,4,4,4,1,4,4,3,1,1,1,3,2,0,1,4,4,1,4,2,2,4,3,2,2,1,4,0,2,2,2,0,2,1,1,1,1,2,2,4,4,0,0,4,4,2,2,1,1,2,0,3,3,2,2"
291,1.4139044410893933,"0,0,1,1,0,3,1,0,3,4,3,3,2,0,1,3,1,4,1,1,1,2,2,2,0,2,1,4,0,3,3,3,3,3,3,3,3,1,1,3,3,4,4,3,1,3,3,0,0,4,4,4,1,4,1,0,0,4,4,0,0,2,1,2,4,2,0,0,2,3,3,4,1,0,0,1,1,3,3,2,2,2,2,2,1,4,2,2,2,1,1,1,1,1,3,3,1,1,1,4,0,0,0,4,2,0,2,1,3,1,1,0,0,4,1,3,1,4,4,2,2,2,0,1,4,1,3,3,3,1,1,4,4,2,2,3,3,0,0,0,0,0,4,4,0,4,2,0,1,3,3,3,3,3,4,3,3,4,4,4,3,3,4,2,4,3,3,2,2,3,3,3,3,3,0,0,2,2,2,2,2,2,3,3,0,0,4,1,4,1,1,0,4,1,1,4,0,0,0,0,0,0,0,0,0,0,0,0,0,0,4,4,4,2,2,2,4,4,4,3,4,2,2,2,4,4,4,1,4,4,3,1,1,1,3,2,0,1,4,4,1,4,2,2,4,3,2,2,1,4,0,2,2,2,0,2,1,1,1,1,2,2,4,4,0,0,4,4,2,2,1,1,2,0,3,3,2,2"
292,1.4087501036122885,"0,0,1,1,0,3,1,0,3,4,3,3,2,0,1,3,1,4,1,1,1,2,2,2,0,2,1,4,0,3,3,3,3,3,3,3,3,1,1,3,3,4,4,3,1,3,3,0,0,4,4,4,1,4,1,0,0,4,4,0,0,2,1,2,4,2,0,0,2,3,3,4,1,0,0,1,1,3,3,2,2,2,2,2,1,4,2,2,2,1,1,1,1,1,3,3,1,1,1,4,0,0,0,4,2,0,2,1,3,1,1,3,0,4,1,3,1,4,4,2,2,2,0,1,4,1,3,3,3,1,1,4,4,2,2,3,3,0,0,0,0,0,4,4,2,4,2,0,1,3,3,3,3,3,4,3,3,4,4,4,3,3,4,2,4,3,3,2,2,3,3,3,3,3,0,0,2,2,2,2,2,2,1,3,0,0,4,1,4,1,1,0,4,1,1,4,0,0,0,0,0,0,0,0,0,0,0,0,0,0,4,4,4,2,2,2,4,4,4,3,4,2,2,2,4,4,4,1,3,4,3,1,1,1,3,2,0,1,4,4,1,4,2,2,4,3,2,2,1,4,0,2,2,2,0,2,1,1,1,1,2,2,4,4,0,0,4,4,2,2,1,1,2,0,3,3,2,2"
293,1.4142628438917224,"0,0,1,1,0,3,1,0,3,4,3,3,2,0,1,3,1,4,1,1,1,2,2,2,0,2,1,4,0,3,3,3,3,3,3,3,3,1,1,3,3,4,4,1,1,3,3,0,0,4,4,4,1,4,1,0,0,4,4,0,0,2,1,2,4,2,0,0,2,3,3,4,1,0,0,1,1,3,3,2,2,2,2,2,1,4,2,2,2,1,1,1,1,1,3,3,1,1,1,4,0,0,0,4,2,0,2,1,3,1,1,0,0,4,1,3,1,4,4,2,2,2,0,1,4,1,3,3,3,1,1,4,4,2,2,3,3,4,0,0,2,0,4,4,0,4,2,0,1,3,3,3,3,3,4,3,3,4,4,4,3,3,4,2,4,3,3,2,2,3,3,3,3,3,0,0,2,2,2,2,2,2,3,3,0,0,4,1,4,1,1,0,4,1,1,4,0,0,0,0,0,0,0,0,0,0,0,0,0,0,4,4,4,2,2,2,4,4,4,3,4,2,2,2,4,4,4,1,4,4,3,1,1,3,3,2,0,1,4,4,1,1,2,2,4,3,0,0,1,4,0,2,2,2,0,2,1,1,1,1,2,2,4,4,0,0,4,4,2,2,1,1,2,0,3,3,2,2"
294,1.4142628438917224,"0,0,1,1,0,3,1,0,3,4,3,3,2,0,1,3,1,4,1,1,1,2,2,2,0,2,1,4,0,3,3,3,3,3,3,3,3,1,1,3,3,4,4,1,1,3,3,0,0,4,4,4,1,4,1,0,0,4,4,0,0,2,1,2,4,2,0,0,2,3,3,4,1,0,0,1,1,3,3,2,2,2,2,2,1,4,2,2,2,1,1,1,1,1,3,3,1,1,1,4,0,0,0,4,2,0,2,1,3,1,1,0,0,4,1,3,1,4,4,2,2,2,0,1,4,1,3,3,3,1,1,4,4,2,2,3,3,4,0,0,2,0,4,4,0,4,2,0,1,3,3,3,3,3,4,3,3,4,4,4,3,3,4,2,4,3,3,2,2,3,3,3,3,3,0,0,2,2,2,2,2,2,3,3,0,0,4,1,4,1,1,0,4,1,1,4,0,0,0,0,0,0,0,0,0,0,0,0,0,0,4,4,4,2,2,2,4,4,4,3,4,2,2,2,4,4,4,1,4,4,3,1,1,3,3,2,0,1,4,4,1,1,2,2,4,3,0,0,1,4,0,2,2,2,0,2,1,1,1,1,2,2,4,4,0,0,4,4,2,2,1,1,2,0,3,3,2,2"
295,1.4095984812330793,"0,0,1,1,0,3,1,0,3,4,3,3,2,0,1,3,1,4,1,1,1,2,2,2,0,2,1,4,0,3,3,3,3,3,3,3,3,1,1,3,3,4,4,1,1,3,3,0,0,4,4,4,4,1,1,0,0,4,4,0,0,2,1,2,4,2,0,0,2,0,3,4,1,0,0,1,1,3,3,2,2,2,2,2,1,4,2,2,2,1,1,1,1,1,3,3,1,1,1,4,0,0,0,4,2,0,2,1,3,1,1,0,0,4,1,3,1,4,4,2,2,2,0,1,4,1,3,3,3,1,1,4,4,2,2,3,3,4,0,0,2,0,4,4,0,4,2,0,1,3,3,3,3,3,4,3,3,4,4,4,3,3,4,2,4,3,3,2,2,3,3,3,3,3,0,0,2,2,2,2,2,2,3,3,0,0,4,1,4,1,1,0,4,1,1,4,0,0,0,0,0,0,0,0,0,0,0,0,0,0,4,4,4,2,2,2,4,4,4,3,4,2,2,2,4,4,4,1,4,4,3,1,1,3,3,2,0,1,4,4,1,1,2,2,4,3,0,0,1,4,0,2,2,2,0,2,1,1,1,1,2,2,4,4,0,0,4,4,2,2,1,1,2,0,3,3,2,2"
296,1.4110988837596317,"0,0,1,1,0,3,1,0,3,4,3,3,2,0,1,3,1,4,1,1,1,2,2,2,0,2,1,4,0,3,3,3,3,3,3,3,3,1,1,3,3,4,4,1,1,3,3,0,0,4,4,4,4,1,1,0,0,4,4,0,0,2,1,2,4,2,0,0,2,3,3,4,1,0,0,1,1,3,3,2,2,2,2,2,1,4,2,2,2,1,1,1,1,1,3,3,1,1,1,4,0,0,0,4,2,0,2,1,3,1,1,0,0,4,1,3,1,4,4,2,2,2,0,1,4,1,3,3,3,1,1,4,4,2,2,3,3,4,0,0,2,0,4,4,0,4,2,0,1,3,3,3,3,3,4,3,3,4,4,4,3,3,4,2,4,3,3,2,2,3,3,3,3,3,0,0,2,2,2,2,2,2,3,3,0,0,4,1,4,1,1,0,4,1,1,4,0,0,0,0,0,0,0,0,0,0,0,0,0,0,4,4,4,2,2,2,4,4,4,3,4,2,2,2,4,4,4,1,4,4,3,1,1,3,3,2,0,1,4,4,1,1,2,2,4,3,0,0,1,4,0,2,2,2,0,2,1,1,1,1,2,2,4,4,0,0,4,4,2,2,1,1,2,0,3,3,3,2"
297,1.4144104319431061,"0,0,1,1,0,3,1,0,3,4,3,3,2,0,1,3,1,4,1,1,1,2,2,2,0,2,1,4,0,3,3,3,3,3,3,3,3,1,1,3,3,4,4,1,1,3,3,0,0,4,4,4,4,1,1,0,0,4,4,0,0,2,1,2,4,2,0,0,2,3,3,4,1,0,0,1,1,3,3,2,2,2,2,2,1,4,2,2,2,1,1,1,1,1,3,3,1,1,1,4,0,0,0,4,2,0,2,1,3,1,1,0,0,4,1,3,1,4,4,2,2,2,0,1,4,1,3,3,3,1,1,4,4,2,2,3,3,4,0,0,2,0,4,4,0,4,2,0,1,3,3,3,3,3,4,3,3,4,4,4,3,3,4,2,4,3,3,2,2,3,3,3,3,3,0,0,2,2,2,2,2,2,3,3,0,0,4,1,4,1,1,0,4,1,1,4,0,0,0,0,0,0,0,0,0,0,0,0,0,0,4,4,4,2,2,2,4,4,4,3,4,2,2,2,4,4,4,1,4,4,3,1,1,3,3,0,0,1,4,4,1,1,2,2,4,3,0,0,1,4,0,2,2,2,0,2,1,1,1,1,2,2,4,4,2,0,4,4,2,2,1,1,2,0,3,3,2,2"
298,1.4144472694076136,"0,0,1,1,0,3,1,0,3,4,3,3,2,0,1,3,1,4,1,1,1,2,2,2,0,2,1,4,0,3,3,3,3,3,3,3,3,1,1,3,3,4,4,1,1,3,3,0,0,4,4,4,4,1,1,0,0,4,4,0,0,2,1,2,4,2,0,0,2,3,3,4,1,0,0,1,1,3,3,2,2,2,2,2,1,4,2,2,2,1,1,1,1,1,3,3,1,1,1,4,0,0,0,4,2,2,2,1,3,1,1,0,0,4,1,3,1,4,4,2,2,2,0,1,4,1,3,3,3,1,1,4,4,2,2,3,3,4,0,0,2,0,4,4,0,4,2,0,1,3,3,3,3,3,4,3,3,4,4,4,3,3,4,2,4,3,3,2,2,3,3,3,3,3,0,0,2,2,2,2,2,2,3,3,0,0,4,1,4,1,1,0,4,1,1,4,0,0,0,0,0,0,0,0,0,0,0,0,0,0,4,4,4,2,2,2,4,4,4,3,4,2,2,2,4,4,4,1,4,4,3,1,1,3,3,0,0,1,4,4,1,1,2,2,4,3,0,0,1,4,0,2,2,2,0,2,1,1,1,1,2,2,4,4,2,0,4,4,2,2,1,1,2,0,3,3,2,2"
299,1.4151316727641958,"0,0,1,1,0,3,1,0,3,4,3,3,2,0,1,3,1,4,1,1,1,2,2,2,0,2,1,4,0,3,3,3,3,3,3,3,3,1,1,3,3,4,4,1,1,3,3,0,0,4,4,4,4,1,1,0,0,4,4,0,0,2,1,2,4,0,0,0,2,3,3,4,1,0,0,1,1,3,3,2,2,2,2,2,1,4,2,2,2,1,1,1,1,1,3,3,1,1,1,4,0,0,0,4,2,2,2,1,3,1,1,0,0,4,1,3,1,4,4,2,2,2,0,1,3,1,3,3,3,1,1,4,4,2,2,3,3,4,0,0,2,0,4,4,0,4,2,0,1,3,3,3,3,3,4,3,3,4,4,4,3,3,4,2,4,3,3,2,2,3,3,3,3,3,0,0,2,2,2,2,2,2,3,3,0,0,4,1,4,1,1,0,4,1,1,4,0,0,0,0,0,0,0,0,0,0,0,0,0,0,4,4,2,2,2,2,4,4,4,3,4,2,2,2,4,4,4,1,4,4,3,1,1,3,4,0,0,1,4,4,1,1,2,2,4,3,0,0,1,4,0,2,2,2,0,2,1,1,1,1,2,2,4,4,2,0,4,4,2,2,1,1,2,0,3,3,2,2"
