generation,fitness,chromosome
0,0.3568662162383323,"0,0,4,4,3,4,0,2,4,2,4,4,0,3,3,2,2,0,0,4,1,3,3,0,4,1,3,4,3,0,0,0,3,1,3,3,0,0,4,0,4,2,3,4,4,2,3,0,3,1,2,2,4,4,4,1,2,3,1,0,3,2,0,0,1,2,1,0,4,2,2,4,0,1,3,4,1,2,2,3,2,4,1,3,1,4,1,1,3,3,4,1,2,3,2,2,0,1,4,0,2,4,1,0,4,2,3,2,3,0,1,2,4,3,0,1,3,0,3,1,2,4,2,1,0,1,4,2,2,0,3,3,1,2,2,4,4,4,4,4,4,0,1,3,0,2,0,2,0,2,0,0,3,1,3,2,1,0,2,1,3,4,4,3,3,0,3,1,3,0,3,2,2,1,1,0,2,3,4,1,0,3,2,0,4,1,0,0,3,4,2,2,3,4,4,4,1,0,1,1,0,0,3,0,1,1,1,1,2,4,3,3,0,4,2,4,0,3,0,1,3,2,1,0,4,2,4,1,1,2,4,3,4,1,0,3,2,3,2,4,4,3,2,1,3,1,4,2,4,3,3,4,4,0,3,3,0,1,4,3,3,2,1,4,0,0,4,0,4,4,1,2,1,0,3,1,2,2"
1,0.3516447805879653,"0,1,0,4,4,1,0,2,3,0,1,4,0,0,3,2,1,0,4,4,1,3,3,0,4,2,3,4,3,3,0,0,3,0,2,3,3,0,4,0,1,1,3,4,4,1,2,2,1,2,2,3,0,4,4,1,2,4,1,3,3,2,0,4,1,2,1,0,4,1,2,4,0,1,3,4,1,1,2,3,4,3,3,3,3,4,4,2,0,3,2,1,2,3,2,2,0,1,0,0,2,3,4,0,4,2,3,2,3,1,1,2,3,3,2,2,3,1,4,4,4,4,0,3,3,0,4,0,1,4,0,2,4,3,4,1,0,2,3,1,2,3,3,2,3,4,2,3,3,2,2,3,3,4,0,1,0,2,0,2,2,3,1,2,2,2,2,0,4,1,2,0,0,0,2,0,0,2,3,2,2,3,0,2,3,2,0,4,1,1,1,0,3,4,3,3,0,1,0,1,4,2,3,3,2,0,0,2,1,3,1,2,4,0,4,1,4,1,4,4,2,1,2,1,3,2,3,4,1,3,4,2,4,1,3,1,2,2,2,2,3,3,0,3,3,1,0,4,0,4,0,3,4,2,3,1,1,4,2,1,1,2,1,0,4,1,3,4,1,1,0,1,1,0,1,0,1,4"
2,0.3568136019030484,"0,4,0,4,4,1,0,2,3,1,1,4,0,0,3,2,1,0,1,4,1,3,3,0,4,4,2,3,3,0,2,0,1,0,2,4,4,3,3,1,4,1,2,2,1,4,2,4,2,3,0,2,0,4,1,1,0,1,1,4,3,4,0,4,1,1,1,2,3,0,1,0,3,3,0,1,2,1,2,4,4,1,2,3,1,1,1,4,4,2,0,4,3,1,4,4,2,3,1,4,3,0,1,3,0,2,4,4,2,0,2,3,0,1,2,1,1,2,1,2,4,1,1,3,4,2,3,1,3,3,3,4,3,0,4,4,2,3,3,0,3,3,2,3,1,4,2,0,1,4,2,4,0,2,1,0,2,1,3,4,0,0,0,1,4,3,4,4,2,0,0,3,4,3,4,0,0,3,0,1,4,0,4,4,2,2,2,3,0,3,3,2,1,3,4,0,2,3,4,4,4,2,0,2,3,2,2,1,4,0,4,2,1,2,2,3,1,0,1,4,3,4,3,2,0,0,1,0,4,3,4,2,3,0,0,0,3,0,1,0,3,1,1,0,3,0,1,2,2,0,1,1,3,3,1,1,3,2,3,3,3,2,2,4,1,0,2,3,3,0,1,1,1,1,0,0,4,0"
3,0.35608053039995996,"0,4,0,0,2,1,1,2,3,1,1,4,0,0,3,0,1,0,1,2,1,3,3,0,4,4,2,3,3,0,2,2,3,0,2,4,4,3,3,0,4,1,4,2,1,4,0,1,2,3,0,2,0,4,1,2,0,1,1,4,3,4,0,3,1,1,1,2,3,0,3,0,3,3,0,1,2,2,2,4,3,1,2,3,1,1,4,3,4,2,0,4,3,1,4,4,2,3,2,4,0,0,1,3,0,2,2,3,2,0,1,3,2,1,2,1,1,2,1,2,4,4,1,3,4,2,3,0,3,3,3,4,3,2,4,4,3,3,3,0,3,0,2,3,1,2,2,0,1,4,2,4,4,2,1,0,2,1,1,4,0,2,0,1,4,3,4,4,2,0,0,3,4,3,4,0,0,3,0,1,4,0,4,4,2,2,2,3,3,3,3,2,1,3,4,0,2,3,4,4,4,4,0,2,3,2,2,1,4,3,4,2,1,2,2,3,1,2,4,4,1,4,3,2,0,1,1,0,4,3,4,2,3,1,0,0,2,0,1,0,1,1,1,0,3,0,1,2,3,0,1,1,3,3,0,1,3,2,3,3,1,1,2,4,1,0,4,3,3,4,1,3,1,1,0,0,4,1"
4,0.365469970841189,"0,4,0,0,2,1,1,2,3,1,1,4,0,0,3,0,1,0,1,2,1,3,3,2,4,4,3,3,3,0,2,2,3,0,2,4,1,3,3,0,4,1,4,2,1,4,0,1,2,3,0,2,0,4,1,2,0,1,1,0,3,4,0,3,1,1,2,2,3,0,3,0,3,3,0,1,2,2,2,4,3,1,2,3,1,1,4,3,4,2,0,4,0,1,4,4,2,3,2,4,0,0,1,3,0,2,2,3,2,0,1,3,2,1,2,1,1,2,1,2,4,4,4,3,4,2,3,0,3,3,1,4,3,2,4,4,3,3,3,0,3,0,2,3,1,2,2,0,1,4,2,4,4,2,1,0,2,4,1,4,0,2,0,1,4,0,4,4,0,0,4,3,4,3,4,0,0,3,0,1,4,0,4,4,2,2,2,3,3,3,3,2,1,3,4,0,2,3,4,4,4,4,0,2,3,2,2,1,4,3,4,2,1,2,2,3,1,2,4,4,1,4,3,2,0,1,1,0,4,2,4,2,4,1,0,0,2,0,1,0,1,1,1,0,3,0,1,2,3,0,1,1,3,3,0,1,3,2,3,3,1,1,2,4,1,0,4,3,3,4,1,3,1,1,0,0,4,1"
5,0.36320868567087167,"0,4,0,0,2,1,1,2,3,1,1,4,0,0,3,0,1,0,1,2,1,3,3,2,4,4,3,3,3,0,2,2,3,0,2,4,1,3,3,0,4,1,4,2,1,4,0,1,2,3,0,2,0,4,1,2,0,1,1,0,3,4,0,3,1,1,2,2,3,0,3,0,3,3,0,1,2,2,2,4,3,1,2,3,1,1,4,3,4,2,0,4,0,1,4,4,2,3,2,4,3,0,1,3,0,2,2,3,2,0,1,3,2,1,2,1,1,2,1,2,4,4,4,3,4,2,3,0,3,3,1,4,3,2,4,4,3,3,3,0,3,0,2,3,1,2,2,0,1,4,2,4,4,2,1,0,2,4,1,4,0,2,0,1,4,0,4,4,0,0,4,3,4,3,4,0,0,3,0,1,4,0,4,4,2,2,2,3,3,3,3,2,1,3,4,0,2,3,4,4,4,4,0,2,3,2,3,1,4,3,4,2,1,2,2,3,1,2,4,4,1,4,3,2,0,1,1,0,4,2,4,2,4,1,0,0,2,0,0,0,1,1,1,0,3,0,1,2,3,0,1,1,3,3,0,1,3,2,3,3,1,1,2,4,1,0,4,3,3,4,1,3,1,1,0,0,4,1"
6,0.361656741384242,"0,4,0,0,2,1,1,2,3,1,1,4,0,0,3,0,1,0,1,2,1,3,3,2,4,4,3,3,3,0,2,2,3,0,2,4,1,3,3,0,4,1,4,2,1,4,0,1,2,3,0,2,0,4,1,2,0,1,1,0,3,4,0,3,1,1,2,2,3,0,3,0,3,3,0,1,2,2,2,4,3,1,2,3,1,1,4,3,4,2,0,4,0,1,4,4,2,3,2,4,3,0,1,3,0,2,2,3,2,0,1,3,2,1,2,1,1,2,1,2,4,4,4,3,4,2,3,0,3,3,1,0,3,2,4,4,3,3,3,0,3,0,3,3,1,2,2,0,1,4,2,4,4,2,1,0,2,4,1,4,0,2,0,1,4,0,4,4,0,0,4,3,4,3,4,0,0,3,0,1,4,0,4,4,2,2,2,3,3,0,0,2,1,3,4,0,2,3,4,4,4,4,0,2,3,2,3,1,4,3,4,2,1,2,2,3,1,2,4,4,1,4,3,2,0,1,1,0,4,2,4,2,4,1,0,0,2,0,0,0,1,1,1,0,3,0,1,2,3,0,1,1,3,3,0,1,3,2,3,3,1,1,1,4,1,0,4,3,3,4,1,3,1,1,0,0,4,1"
7,0.3664861622187449,"0,4,0,0,2,1,1,2,3,1,1,4,0,0,3,0,1,0,1,2,1,3,3,2,4,4,3,2,3,0,2,2,3,0,2,4,1,3,3,0,4,1,4,2,1,4,0,1,2,3,0,2,0,4,1,2,0,1,1,0,3,4,0,3,1,1,2,2,3,0,3,0,3,3,0,1,2,2,2,4,3,1,2,3,1,1,4,3,4,2,0,4,0,1,4,4,2,3,2,4,0,0,1,3,0,2,2,3,2,0,1,3,2,1,2,1,1,2,1,2,4,4,4,3,4,2,3,0,3,3,1,4,3,2,4,4,3,3,3,0,3,0,2,3,1,2,2,0,1,4,2,4,4,2,1,0,2,4,1,4,0,2,0,1,4,0,4,4,0,0,4,3,4,3,4,0,0,3,0,1,4,0,4,4,2,2,2,3,3,3,3,2,1,3,4,0,2,3,4,4,4,4,0,2,3,2,2,1,4,3,4,2,1,2,2,3,1,2,4,4,1,4,3,2,0,1,1,0,4,2,4,2,4,1,0,0,2,0,0,0,1,1,1,0,3,0,1,2,3,0,1,1,3,3,0,1,3,2,3,3,1,1,2,4,1,0,4,3,3,4,1,3,1,1,0,0,4,1"
8,0.36660934235237425,"0,4,0,0,2,1,1,2,2,1,1,4,0,0,3,0,1,0,1,2,1,3,3,2,4,4,3,3,3,0,2,4,3,0,2,4,1,3,3,0,4,1,4,2,1,4,0,1,2,3,0,2,0,4,1,2,0,1,1,0,3,4,0,3,1,1,2,2,3,0,3,0,3,3,0,1,2,2,2,4,3,1,2,3,1,1,4,3,4,2,0,4,0,1,4,4,2,3,2,4,0,0,1,3,0,2,1,3,2,0,1,3,2,1,2,1,1,2,1,2,4,4,4,3,4,2,3,0,3,3,1,4,3,2,4,4,3,3,2,0,3,0,2,3,1,2,2,0,1,4,2,4,4,2,1,0,2,4,1,4,0,2,0,1,4,0,4,4,0,0,4,3,4,3,4,0,0,3,0,1,4,0,4,4,2,2,2,3,3,3,3,2,1,3,4,0,2,3,4,4,4,4,0,2,3,2,2,1,4,3,4,2,1,2,2,3,1,2,4,4,1,4,3,2,0,1,1,0,4,2,4,2,4,1,0,0,2,0,0,0,1,1,1,0,3,0,1,2,3,0,1,1,3,3,0,1,3,2,3,3,1,1,2,4,1,0,4,3,3,4,1,3,1,1,0,0,4,3"
9,0.36611019153299146,"0,4,0,0,2,1,1,2,2,1,1,4,0,0,3,0,1,0,1,2,1,3,3,2,4,4,3,3,3,0,2,4,3,0,2,4,1,3,3,0,4,1,4,2,1,4,0,1,2,3,0,2,0,4,1,2,0,1,1,0,3,4,0,3,1,1,2,2,3,0,3,0,3,3,0,1,2,2,2,4,3,1,2,3,1,1,4,3,4,2,0,4,0,1,2,4,2,3,2,4,0,0,1,3,0,2,2,3,2,0,1,3,2,1,2,1,1,2,1,2,4,4,4,3,4,2,3,0,3,3,1,4,0,2,4,4,3,3,3,0,3,0,4,3,1,2,2,0,1,4,2,3,4,2,1,0,2,4,1,4,0,2,0,1,4,0,4,4,0,0,4,3,4,3,4,0,0,3,0,1,4,0,4,4,2,2,2,3,3,3,3,2,1,3,4,0,2,3,4,4,4,4,0,2,3,2,2,1,4,3,4,2,1,2,2,3,1,2,4,2,1,4,3,2,0,1,1,0,4,2,4,2,4,1,0,0,2,0,0,0,1,4,1,0,3,0,1,2,3,0,1,1,3,3,0,1,3,2,3,3,1,1,2,4,1,0,4,3,3,4,1,3,1,1,0,0,4,1"
10,0.36365817783081994,"0,4,0,0,2,1,1,2,2,1,1,4,0,0,3,0,1,0,1,2,1,3,3,2,4,4,3,3,3,0,2,4,3,0,2,4,1,3,3,0,4,1,4,2,1,4,0,1,2,3,0,2,0,4,1,2,0,1,1,0,3,4,0,3,1,1,2,2,3,0,3,0,3,3,0,1,2,2,2,4,2,1,2,3,1,1,4,3,4,2,0,4,0,1,4,4,2,3,2,4,0,0,1,3,0,2,2,3,2,0,1,3,2,1,2,1,1,2,1,2,4,4,4,3,4,2,3,0,3,3,1,4,3,2,4,4,3,3,3,0,3,0,2,3,1,2,2,0,1,4,2,4,4,2,1,0,2,4,1,4,0,2,2,1,4,0,4,4,0,0,4,3,4,3,4,0,0,3,0,1,4,0,4,4,2,2,2,3,3,3,3,2,1,3,4,0,2,3,4,4,4,4,0,2,3,2,2,1,4,4,4,2,1,2,2,3,1,2,4,4,1,4,3,2,0,1,1,3,4,2,4,2,4,1,0,0,2,0,0,0,1,1,1,0,3,0,1,2,3,0,3,1,3,3,0,1,3,2,3,3,2,1,2,4,1,0,4,3,3,4,1,3,1,1,0,0,4,1"
11,0.3651926071960243,"0,4,0,0,2,1,1,2,2,1,1,4,0,0,3,0,1,0,1,2,1,3,3,2,4,4,3,3,3,0,2,4,3,0,2,4,1,3,3,0,3,1,4,2,1,4,0,1,2,3,0,2,0,4,1,2,0,1,1,0,3,4,0,3,1,1,2,2,2,0,3,0,3,3,0,1,2,2,2,4,3,1,2,3,1,1,4,3,4,2,0,4,0,1,4,4,2,3,2,4,0,0,1,3,0,2,1,3,2,0,1,3,2,1,2,1,1,2,1,2,4,4,4,3,4,2,3,0,3,3,1,4,3,2,4,4,3,3,2,0,3,0,2,3,1,2,2,0,1,4,2,4,4,2,1,0,2,4,1,4,0,2,3,1,4,0,4,4,0,0,4,3,4,3,4,0,0,3,0,1,4,0,4,4,2,2,2,3,3,3,3,2,1,3,4,0,2,3,3,4,4,4,0,2,3,2,2,1,4,3,4,2,1,2,2,3,1,2,4,4,1,4,3,2,0,1,1,0,4,2,4,2,4,1,0,0,2,0,0,0,1,1,1,0,3,0,1,2,3,0,3,1,3,3,0,1,3,2,3,3,1,1,2,4,1,0,4,3,3,4,1,3,1,1,0,0,4,0"
12,0.36556634440886837,"0,4,0,1,2,1,1,2,2,1,1,4,0,0,3,0,1,0,1,2,1,3,3,2,4,4,3,3,3,0,2,4,3,0,0,4,1,3,3,0,4,1,4,2,1,4,0,1,2,3,0,2,0,4,1,2,0,1,1,0,3,4,2,3,1,1,2,2,2,0,3,0,3,3,0,1,2,2,2,4,3,1,2,3,1,1,4,3,4,2,0,4,0,1,4,4,2,3,2,4,0,0,1,3,0,2,2,3,2,0,1,3,2,1,2,1,1,2,1,2,4,4,4,3,4,2,3,0,3,3,1,4,3,2,4,4,3,3,2,0,3,0,2,3,1,2,2,0,1,4,2,4,4,2,1,0,2,0,1,4,0,2,0,1,4,0,4,4,0,0,4,4,4,3,4,0,0,3,0,1,4,0,4,4,2,2,2,3,3,3,3,2,1,3,4,0,2,3,4,4,4,4,0,2,3,2,2,1,4,3,4,2,1,2,2,3,1,2,4,4,1,4,3,2,0,1,1,3,4,2,4,3,4,1,0,0,2,0,0,0,1,1,1,0,0,0,1,2,0,0,1,1,3,3,0,1,3,2,3,3,1,1,2,4,1,0,4,3,3,4,1,3,1,1,0,0,4,1"
13,0.3663989990777676,"0,4,0,1,2,1,1,2,2,1,1,4,0,0,3,0,1,0,1,2,1,3,3,2,4,4,3,3,3,0,2,4,3,0,0,4,1,3,3,0,4,1,4,2,1,4,0,1,2,3,0,2,0,1,1,2,0,1,1,0,3,4,2,3,1,1,2,2,2,0,3,0,3,3,0,1,2,2,2,4,3,1,2,3,1,1,4,3,4,2,0,4,0,1,4,4,2,3,2,4,0,0,1,3,0,2,2,3,2,0,1,3,2,1,2,1,1,2,1,2,4,4,4,3,4,2,3,0,3,3,1,4,3,2,4,4,3,3,2,0,3,0,2,3,1,2,2,0,1,4,2,4,4,2,1,0,2,0,1,4,0,2,0,1,4,0,4,4,0,0,4,4,4,3,4,0,0,3,0,1,4,0,4,4,2,2,2,3,3,3,3,2,1,3,4,0,2,3,4,4,4,4,0,2,3,2,2,1,4,3,4,2,1,2,2,3,1,2,4,4,1,4,3,2,0,1,1,3,4,2,4,2,4,1,0,0,2,0,0,0,1,1,1,0,3,0,1,2,3,0,1,1,3,3,0,1,3,2,3,3,1,1,2,4,1,0,4,3,3,4,1,3,1,1,0,0,4,3"
14,0.3652131492564335,"0,4,0,1,2,1,1,2,2,1,1,4,1,0,3,0,0,0,1,2,1,3,3,2,4,4,3,3,3,0,2,4,3,0,0,4,1,3,3,0,4,1,4,2,1,4,0,1,2,3,0,2,0,1,1,2,0,1,1,0,3,4,0,3,1,1,2,2,2,0,3,0,3,3,0,1,2,2,2,4,3,1,2,3,1,1,4,3,4,2,0,4,0,1,4,4,2,3,2,4,0,0,1,3,0,2,2,3,2,0,1,3,2,1,2,1,1,2,1,2,4,4,4,3,4,2,3,0,3,3,1,4,3,2,4,4,3,3,2,0,3,0,3,3,1,2,2,0,1,4,2,4,4,2,1,0,2,0,1,4,0,2,0,1,4,0,4,4,0,0,4,4,4,3,4,0,0,3,0,1,4,0,4,4,2,2,2,3,3,3,3,2,1,3,4,0,2,3,4,4,4,4,0,2,3,2,2,1,4,0,4,2,1,2,2,3,1,2,4,4,1,4,3,2,0,1,1,3,4,2,4,2,4,1,0,0,2,0,0,0,1,1,1,0,3,0,1,2,3,0,1,1,3,0,0,1,3,2,3,3,1,1,2,1,1,0,4,3,3,4,1,3,1,1,0,0,4,3"
15,0.3677336344266246,"0,4,0,0,2,0,1,2,2,1,1,4,0,0,3,0,1,0,1,2,1,3,3,2,4,4,3,3,3,0,2,4,3,0,0,4,1,3,3,0,4,1,4,2,1,4,0,1,2,1,1,2,0,4,1,2,0,1,1,0,3,4,0,3,1,1,2,2,2,0,3,0,3,3,0,1,2,2,2,4,3,1,2,3,1,1,4,3,4,2,0,4,0,1,4,4,2,3,2,4,0,0,1,3,0,2,2,3,2,0,1,3,2,1,2,1,3,2,1,2,4,4,4,3,4,2,3,0,3,3,1,4,3,2,4,4,3,3,2,0,3,0,2,3,1,2,2,0,1,4,2,4,4,2,1,0,2,0,1,4,0,2,0,1,4,0,4,4,0,0,4,4,4,3,1,0,0,3,0,1,4,0,4,4,2,2,2,3,3,3,3,2,1,1,4,0,2,3,4,4,4,4,0,2,3,2,2,1,4,3,4,2,1,2,2,3,1,2,4,4,1,4,3,2,0,1,1,3,4,3,4,2,4,1,0,0,2,0,0,0,1,1,3,0,3,0,1,2,3,0,1,1,3,3,0,1,3,2,3,3,1,1,2,4,1,0,4,3,3,4,1,3,1,1,0,0,4,3"
16,0.3677405229836003,"2,4,0,0,2,0,1,2,2,1,1,4,0,0,3,0,1,0,1,2,3,3,3,2,4,4,3,3,3,0,2,4,3,0,0,4,1,3,3,0,4,1,4,2,1,4,0,1,2,1,1,2,0,4,1,2,0,1,1,0,3,4,0,3,1,1,2,2,2,0,3,0,3,3,0,1,2,2,2,4,3,1,2,3,1,1,1,3,4,4,0,4,0,1,4,4,2,3,2,4,0,0,1,3,0,2,2,3,2,0,1,3,2,1,2,1,3,2,1,2,4,4,4,3,4,2,3,0,3,3,1,4,3,2,4,4,3,3,2,0,3,0,2,3,1,2,2,0,1,4,2,4,4,2,1,0,2,0,1,4,0,2,0,1,4,0,4,4,0,0,4,4,4,3,1,0,0,3,0,1,4,0,4,4,2,2,2,3,3,3,3,2,1,1,4,0,2,3,4,4,4,4,0,2,3,2,2,1,2,3,4,2,1,2,2,3,1,4,4,4,1,4,3,2,0,1,1,3,4,3,4,2,4,1,0,0,2,0,0,0,1,1,3,0,3,0,1,2,3,0,1,1,3,3,0,1,3,2,3,1,1,1,2,4,1,0,4,3,3,4,1,3,1,1,0,0,4,3"
17,0.367913332705704,"2,4,0,0,2,0,1,2,2,1,0,4,0,0,3,0,1,0,1,2,3,3,3,2,4,4,3,4,3,0,2,4,3,0,0,4,1,3,3,0,4,1,4,2,1,4,0,1,2,1,1,2,0,4,1,2,0,1,1,0,3,4,0,3,1,1,2,2,2,0,3,0,3,3,0,1,2,2,2,4,3,1,2,3,1,1,1,3,4,4,0,4,0,1,4,4,2,3,2,4,0,0,1,3,0,2,2,3,2,0,1,3,2,1,2,1,3,2,1,2,4,4,4,3,4,2,3,0,3,3,1,4,3,2,4,4,3,3,2,0,3,0,2,3,1,2,2,0,1,4,2,4,4,2,1,0,2,0,1,4,0,2,0,1,4,0,4,4,0,0,4,4,4,3,1,0,0,3,0,1,4,0,4,4,2,2,2,3,3,3,3,2,1,1,4,0,2,3,4,4,4,4,0,2,3,2,2,1,4,3,4,2,1,3,2,3,1,2,4,4,1,4,3,2,0,1,1,3,4,3,4,2,4,1,0,0,2,0,0,0,1,1,3,0,3,0,1,2,3,0,1,1,3,3,0,1,3,2,2,3,1,1,2,4,1,0,4,3,3,4,1,3,1,1,0,0,4,3"
18,0.3643532305912414,"2,4,0,0,2,0,1,2,2,4,0,4,0,0,3,0,1,0,1,2,3,3,3,2,4,4,3,4,3,0,2,4,3,0,0,4,1,3,3,0,4,1,0,2,1,4,0,1,0,1,1,2,0,4,1,2,0,1,1,0,3,4,0,3,1,1,2,2,2,0,3,0,3,0,0,1,2,2,2,4,3,1,2,3,1,1,1,3,4,4,0,4,0,1,4,4,2,3,2,4,0,0,1,3,0,2,2,3,2,0,1,3,2,1,2,1,3,2,1,2,4,4,4,3,4,2,3,0,3,3,1,4,3,2,4,4,3,3,2,0,3,0,2,3,1,2,2,0,1,4,2,4,4,2,1,0,2,0,1,4,0,2,0,1,4,0,4,4,0,0,4,4,4,3,1,0,0,3,0,1,4,0,4,4,2,2,2,3,3,3,3,2,1,1,4,0,2,3,4,4,4,4,0,2,3,2,2,1,4,3,4,2,1,3,2,3,1,2,4,4,1,4,3,2,0,1,1,3,4,3,4,2,4,1,0,0,2,0,0,0,1,1,3,0,3,0,1,2,3,0,1,1,3,3,0,1,3,2,2,3,1,1,2,4,1,0,4,3,3,4,1,3,1,1,0,0,4,3"
19,0.3682520086969619,"2,4,0,0,2,0,1,2,2,4,0,4,0,0,3,0,1,0,1,2,3,3,3,2,4,4,3,4,3,0,2,4,3,0,0,4,1,3,3,0,4,1,4,2,1,4,0,1,2,1,1,2,0,4,1,2,0,1,1,0,3,4,0,3,1,1,2,2,2,0,3,0,3,3,0,1,2,2,2,4,3,1,2,3,1,1,1,3,4,4,0,4,0,1,4,4,2,3,2,4,0,0,1,3,0,2,2,3,2,0,1,3,2,1,2,1,3,2,1,2,4,4,4,3,4,2,3,0,3,3,1,1,3,2,4,4,3,3,2,0,3,0,2,3,1,2,2,0,1,4,2,4,4,2,1,0,2,0,1,4,0,2,0,1,4,0,4,4,0,0,4,4,4,3,1,0,0,3,0,1,4,0,4,4,2,2,2,3,3,3,3,2,1,1,4,0,2,3,4,4,4,4,0,2,3,2,2,1,4,3,4,2,1,3,2,3,1,2,4,4,1,4,3,2,0,1,1,3,4,3,4,2,4,1,0,0,2,0,0,0,1,1,3,0,3,0,1,2,3,0,1,1,3,3,0,1,3,2,2,3,1,1,2,4,1,0,4,3,3,1,1,3,1,1,0,0,4,3"
20,0.3681219093696186,"2,4,0,0,2,0,1,2,4,4,0,4,0,0,3,0,1,0,1,2,3,3,3,2,4,4,3,4,3,0,2,4,3,0,0,4,2,3,3,0,4,1,4,2,1,4,0,1,2,1,1,2,0,3,1,2,0,1,1,0,3,4,0,3,1,1,2,2,2,0,3,0,3,3,0,1,2,2,2,4,3,1,2,3,1,1,1,3,4,4,0,4,0,1,4,4,2,3,2,4,0,0,1,3,0,2,2,3,2,0,1,3,2,1,2,1,3,2,1,2,4,4,4,3,4,2,3,0,3,3,1,1,3,2,4,4,3,3,2,0,3,0,2,3,1,2,2,0,1,4,2,4,4,2,1,0,2,0,1,4,0,2,0,1,4,0,4,4,0,0,4,4,4,3,1,0,0,3,0,1,4,0,4,4,2,2,2,3,3,3,3,2,1,1,4,0,2,3,4,4,4,4,0,2,3,2,2,1,4,3,4,2,1,3,2,3,1,2,4,4,1,4,3,2,0,1,1,3,4,3,4,2,4,1,0,0,2,0,0,0,1,1,3,0,3,0,1,2,3,0,1,1,3,3,0,1,3,2,2,3,1,1,2,4,1,0,4,3,3,1,1,3,1,1,1,0,4,3"
21,0.3665455752265571,"2,4,0,0,2,0,1,2,4,4,0,4,0,0,3,0,1,0,1,2,3,3,3,2,4,4,3,4,3,0,2,4,3,0,0,4,2,3,3,0,4,1,4,2,1,4,0,1,2,1,1,2,0,3,1,2,0,1,1,0,3,4,0,3,1,1,2,2,2,0,3,0,3,3,0,1,2,2,2,4,3,1,2,3,1,1,1,3,4,4,0,4,0,1,4,4,2,3,2,4,0,0,1,3,0,2,2,3,2,0,1,3,2,1,2,1,3,2,1,2,4,4,4,3,4,2,3,0,3,3,1,1,3,2,4,4,3,3,2,0,1,0,2,3,1,2,2,0,1,4,2,1,4,2,1,0,2,0,1,4,0,2,0,1,4,0,4,4,0,0,4,4,4,3,1,0,0,3,0,1,4,0,4,4,2,2,2,3,3,3,3,2,1,1,4,0,2,3,4,4,4,4,0,2,3,2,2,1,4,3,4,2,1,3,2,3,1,2,4,4,1,4,3,2,0,1,1,3,4,3,4,2,4,1,0,0,2,0,0,1,1,1,3,0,3,0,1,2,2,0,1,1,3,3,0,1,3,2,2,3,3,1,2,4,1,0,4,3,3,1,3,3,1,1,0,0,1,3"
22,0.3665493016502087,"2,4,0,0,2,0,1,2,4,4,0,4,0,0,3,0,1,0,1,2,3,3,3,2,4,4,3,4,3,0,2,4,3,0,0,4,2,3,3,0,4,1,4,2,1,4,0,1,2,1,1,2,0,3,1,2,0,1,1,0,3,4,0,3,1,1,2,2,2,0,3,0,3,3,0,1,2,2,2,4,3,1,2,3,1,1,1,3,4,4,0,4,0,1,4,4,2,3,2,4,0,0,1,3,0,2,2,3,2,0,1,3,2,1,2,1,3,2,1,2,4,4,4,3,4,2,3,0,3,3,1,1,3,2,4,4,3,3,2,0,1,0,2,3,1,2,2,0,1,4,2,1,4,2,1,0,2,3,1,4,0,2,0,1,4,0,4,4,0,0,4,4,4,3,1,0,0,3,0,1,4,0,4,4,2,2,2,3,3,3,3,2,0,1,4,0,2,3,4,4,4,4,0,4,3,2,3,1,4,3,4,2,2,3,2,3,1,2,4,4,1,4,3,2,0,1,1,3,4,3,4,2,4,1,0,0,2,0,0,0,1,1,3,0,3,0,1,2,3,0,1,1,3,3,0,1,3,2,2,3,1,1,2,4,1,0,4,3,3,1,1,3,1,1,4,0,4,3"
23,0.3691391159634844,"2,4,0,0,2,0,1,2,4,4,0,4,0,0,3,0,1,0,1,2,3,3,3,2,4,4,3,4,3,0,2,4,3,0,0,4,2,3,3,0,4,1,4,2,1,4,0,1,2,1,1,2,0,3,1,2,0,1,1,0,3,4,0,3,1,1,2,2,2,0,3,0,3,3,0,1,2,2,2,4,3,1,2,3,1,1,1,3,4,4,0,4,0,1,4,4,2,3,2,4,0,0,1,3,0,2,2,3,2,0,1,1,2,1,2,1,3,2,1,2,4,4,4,3,4,2,3,0,3,3,1,1,3,2,4,4,3,3,2,0,1,0,2,3,1,2,2,0,1,4,2,4,4,2,1,0,2,0,1,4,0,2,0,1,4,0,4,4,0,0,4,4,4,3,1,0,0,3,0,1,4,0,4,4,2,2,2,3,3,3,3,2,1,1,4,0,2,3,4,4,4,4,0,2,3,2,2,1,4,3,4,2,1,3,2,3,1,2,4,4,1,4,3,2,0,2,1,3,4,3,4,2,4,1,0,0,2,3,0,0,1,1,3,0,3,0,1,2,3,0,1,1,3,3,0,1,3,2,2,3,1,1,2,4,1,0,4,3,3,1,1,3,1,1,0,0,4,3"
24,0.3691391159634844,"2,4,0,0,2,0,1,2,4,4,0,4,0,0,3,0,1,0,1,2,3,3,3,2,4,4,3,4,3,0,2,4,3,0,0,4,2,3,3,0,4,1,4,2,1,4,0,1,2,1,1,2,0,3,1,2,0,1,1,0,3,4,0,3,1,1,2,2,2,0,3,0,3,3,0,1,2,2,2,4,3,1,2,3,1,1,1,3,4,4,0,4,0,1,4,4,2,3,2,4,0,0,1,3,0,2,2,3,2,0,1,1,2,1,2,1,3,2,1,2,4,4,4,3,4,2,3,0,3,3,1,1,3,2,4,4,3,3,2,0,1,0,2,3,1,2,2,0,1,4,2,4,4,2,1,0,2,0,1,4,0,2,0,1,4,0,4,4,0,0,4,4,4,3,1,0,0,3,0,1,4,0,4,4,2,2,2,3,3,3,3,2,1,1,4,0,2,3,4,4,4,4,0,2,3,2,2,1,4,3,4,2,1,3,2,3,1,2,4,4,1,4,3,2,0,2,1,3,4,3,4,2,4,1,0,0,2,3,0,0,1,1,3,0,3,0,1,2,3,0,1,1,3,3,0,1,3,2,2,3,1,1,2,4,1,0,4,3,3,1,1,3,1,1,0,0,4,3"
25,0.3691391159634844,"2,4,0,0,2,0,1,2,4,4,0,4,0,0,3,0,1,0,1,2,3,3,3,2,4,4,3,4,3,0,2,4,3,0,0,4,2,3,3,0,4,1,4,2,1,4,0,1,2,1,1,2,0,3,1,2,0,1,1,0,3,4,0,3,1,1,2,2,2,0,3,0,3,3,0,1,2,2,2,4,3,1,2,3,1,1,1,3,4,4,0,4,0,1,4,4,2,3,2,4,0,0,1,3,0,2,2,3,2,0,1,1,2,1,2,1,3,2,1,2,4,4,4,3,4,2,3,0,3,3,1,1,3,2,4,4,3,3,2,0,1,0,2,3,1,2,2,0,1,4,2,4,4,2,1,0,2,0,1,4,0,2,0,1,4,0,4,4,0,0,4,4,4,3,1,0,0,3,0,1,4,0,4,4,2,2,2,3,3,3,3,2,1,1,4,0,2,3,4,4,4,4,0,2,3,2,2,1,4,3,4,2,1,3,2,3,1,2,4,4,1,4,3,2,0,2,1,3,4,3,4,2,4,1,0,0,2,3,0,0,1,1,3,0,3,0,1,2,3,0,1,1,3,3,0,1,3,2,2,3,1,1,2,4,1,0,4,3,3,1,1,3,1,1,0,0,4,3"
26,0.36734409720349503,"2,4,0,0,2,0,1,2,4,4,0,4,0,0,3,0,1,0,1,2,3,3,3,2,4,4,3,4,3,0,3,4,3,0,0,4,2,3,3,0,4,1,4,2,1,4,0,1,2,1,1,2,0,3,1,2,0,1,1,0,3,4,0,4,1,1,2,2,2,0,3,0,3,3,2,1,2,2,2,4,3,1,2,3,1,1,1,3,4,4,0,4,0,1,4,4,2,3,2,4,0,0,1,3,0,2,2,3,2,0,1,1,2,1,2,1,3,2,1,2,4,4,4,3,4,2,3,0,3,3,1,1,3,2,4,4,3,3,2,0,1,0,2,3,1,2,2,0,1,4,2,4,4,2,1,0,2,0,1,4,0,2,0,1,4,0,4,4,0,0,4,4,4,3,1,0,0,3,0,1,4,0,4,4,2,2,2,3,3,3,3,2,1,1,4,0,2,3,4,4,4,4,0,2,3,2,2,1,4,3,4,2,1,3,2,3,1,2,4,4,1,4,3,2,0,2,1,3,4,3,4,2,4,1,0,0,2,3,0,0,1,1,3,0,3,0,1,2,3,0,1,1,3,3,0,1,3,2,2,3,1,1,2,4,1,0,4,3,3,1,1,3,1,1,1,0,4,3"
27,0.3688131592092556,"2,4,0,0,2,0,1,2,4,4,0,4,0,0,3,0,1,0,1,2,3,3,3,2,4,4,3,4,2,0,3,4,3,0,0,4,2,3,3,0,4,1,4,2,1,4,0,1,2,1,1,2,0,3,1,2,0,1,1,0,3,4,0,4,1,1,2,2,2,0,3,0,3,3,2,1,2,2,2,4,3,1,2,3,1,1,1,3,4,4,0,4,0,1,4,4,2,3,2,4,0,0,1,3,0,2,2,3,2,0,1,1,2,1,2,1,3,2,1,1,4,4,0,3,4,2,3,0,3,3,1,1,3,2,4,4,3,3,2,0,1,0,2,3,1,2,2,0,1,4,2,4,4,2,1,0,2,0,1,4,0,2,0,1,4,0,4,4,0,0,4,4,4,3,1,0,0,3,0,1,4,0,4,4,2,2,2,3,3,3,3,2,1,1,4,0,2,4,4,4,4,4,0,2,3,2,2,1,4,3,4,2,1,3,2,3,1,2,4,4,1,4,3,2,0,2,1,3,4,3,4,2,4,1,0,0,2,3,0,0,1,1,3,0,3,0,1,2,3,0,1,1,3,3,0,1,3,2,2,3,1,1,2,4,1,0,4,3,3,1,1,3,1,1,0,0,4,3"
28,0.3696431738451121,"2,4,0,0,2,0,1,2,4,4,0,4,0,0,3,0,1,0,1,2,3,3,3,2,4,4,3,4,2,0,3,4,3,0,0,4,2,3,3,0,4,1,4,2,1,4,0,1,2,1,1,2,0,3,1,2,0,1,1,0,3,4,3,3,1,1,2,2,2,0,3,0,3,3,0,1,2,2,2,4,3,1,2,0,1,1,1,3,4,4,0,4,0,1,4,4,2,3,2,4,0,0,1,3,0,2,2,3,2,0,1,1,2,1,2,1,3,2,1,2,4,4,4,3,4,2,3,0,3,3,1,1,3,2,4,4,3,3,2,0,1,0,2,3,1,2,2,0,1,4,2,4,4,2,1,0,2,0,1,4,0,4,0,1,4,0,4,4,0,0,4,4,4,3,1,0,0,3,0,1,4,0,4,4,2,2,2,3,3,3,3,2,1,1,4,0,2,3,4,4,4,4,0,2,3,2,2,1,4,3,4,2,1,3,2,3,1,2,4,4,1,4,3,2,0,2,1,3,2,3,4,2,4,1,0,0,2,3,0,0,1,1,3,0,3,0,1,2,3,0,1,1,3,3,0,1,3,2,2,3,1,1,2,4,1,0,4,3,3,1,1,3,1,1,0,0,4,3"
29,0.37029071113677675,"2,4,0,0,2,0,1,2,4,4,0,4,0,0,3,0,1,0,1,2,3,3,3,2,4,4,3,4,2,0,3,4,3,0,0,4,2,3,3,0,4,1,4,2,1,4,0,1,2,1,1,2,0,3,1,2,0,1,1,0,3,4,0,3,1,1,2,2,2,4,0,1,3,3,0,1,2,2,2,4,3,1,2,3,3,1,1,3,4,0,0,4,0,1,4,4,2,3,2,4,0,0,1,3,0,2,2,3,2,3,1,1,2,1,2,1,3,2,1,2,4,4,4,3,4,2,3,0,3,3,1,1,3,2,4,4,3,3,2,0,1,0,2,3,1,2,2,0,1,4,2,4,4,2,1,0,2,0,1,4,0,4,0,1,2,0,4,4,0,0,4,4,4,3,1,0,0,3,0,1,4,0,4,4,2,2,2,3,3,3,3,2,1,1,4,0,2,4,3,4,4,4,0,2,3,2,2,1,1,4,4,2,2,3,2,3,1,2,4,4,1,4,3,2,0,0,1,3,4,3,4,2,4,1,0,0,2,3,0,0,1,1,3,0,3,0,1,2,3,0,1,1,3,3,0,1,3,0,2,3,1,1,2,4,1,0,4,3,1,1,1,3,3,1,0,0,4,3"
30,0.36867291517380363,"2,4,0,0,2,0,1,2,4,4,0,4,0,0,3,0,1,0,1,2,3,3,3,2,4,4,3,4,2,0,3,4,3,0,0,4,2,3,3,0,4,1,4,2,1,4,0,1,2,1,1,2,0,3,1,2,0,1,1,0,2,4,0,3,1,1,2,2,2,4,0,1,3,3,0,1,2,2,2,4,3,1,2,3,3,1,1,3,4,0,0,4,0,1,4,4,2,3,2,4,0,0,1,3,0,2,2,3,2,3,1,1,2,1,2,1,3,2,1,2,4,4,4,3,4,2,3,0,3,3,1,1,3,2,4,4,3,3,2,0,1,0,2,3,1,2,2,0,1,4,2,4,4,2,1,0,2,3,1,4,0,4,0,1,4,0,4,1,0,0,4,4,4,3,1,0,0,3,4,1,4,0,4,4,2,2,2,3,3,3,3,2,1,1,4,0,2,4,3,4,4,4,0,2,3,2,2,1,1,4,4,2,2,3,2,3,1,2,4,4,1,4,3,2,0,0,1,3,4,3,4,2,4,1,0,0,2,3,0,0,1,1,3,0,3,0,1,2,3,0,1,1,3,3,0,1,3,0,2,3,1,1,2,4,1,0,4,3,1,2,1,3,3,1,0,2,4,3"
31,0.3702924839435288,"2,4,0,0,2,0,1,2,4,4,0,4,0,0,3,0,1,0,1,2,3,3,3,2,4,4,3,4,2,0,3,4,3,0,0,4,2,3,3,0,4,1,4,2,1,4,0,1,2,1,1,2,0,3,1,2,0,1,1,0,2,4,0,3,1,1,2,2,2,4,0,1,3,3,0,1,2,2,2,4,3,1,2,3,3,1,1,3,4,0,0,4,0,1,4,4,2,3,3,4,0,0,1,3,0,2,2,3,2,2,1,1,2,1,2,1,3,2,1,2,4,4,4,3,4,2,3,0,3,3,1,1,3,2,4,4,3,3,2,0,1,0,2,3,1,2,2,0,1,4,2,4,4,2,1,0,2,0,1,4,0,4,0,1,2,0,4,4,0,0,4,4,4,3,1,0,0,3,0,1,4,0,4,4,2,2,2,3,3,3,3,2,1,1,4,0,2,4,3,4,4,4,0,2,3,2,2,1,1,4,4,2,2,3,3,3,1,2,4,4,1,4,3,2,0,3,1,3,4,3,4,2,4,1,0,0,2,3,0,0,1,1,3,0,3,0,1,2,3,0,1,1,3,3,0,1,4,0,2,3,1,1,2,4,1,0,4,3,1,1,1,3,3,1,0,0,4,3"
32,0.3700663708509106,"2,4,0,0,2,0,1,2,4,4,0,4,0,0,3,0,1,0,1,2,3,3,3,2,4,4,3,4,2,0,3,4,3,0,0,4,2,3,3,0,4,1,4,2,1,4,0,1,2,4,1,2,0,3,1,2,0,1,1,0,2,4,0,3,1,1,2,2,2,4,0,1,3,3,0,1,2,2,2,4,3,1,2,3,3,1,1,3,4,0,0,4,0,1,4,4,2,3,3,4,0,0,1,3,0,2,2,3,2,2,1,1,2,1,2,1,3,2,1,2,4,4,4,3,4,2,3,0,3,3,1,1,3,2,4,4,3,3,2,0,1,0,2,3,1,2,2,0,1,4,2,4,4,2,1,0,2,0,1,4,0,4,0,1,2,0,4,4,0,0,4,4,4,3,1,0,0,3,0,1,4,4,0,4,2,2,2,3,3,3,3,2,1,1,4,0,2,4,3,4,4,4,0,2,3,2,2,1,1,4,4,2,2,3,2,3,1,2,4,4,1,4,3,2,0,0,1,3,4,3,4,2,4,1,0,0,2,3,0,0,1,1,3,0,3,0,1,2,3,0,1,1,3,3,0,1,3,0,2,3,1,1,2,4,1,0,4,3,1,1,1,3,3,1,0,0,4,3"
33,0.3686856907009783,"2,4,0,0,2,0,1,2,4,4,0,4,0,0,3,0,1,0,1,2,3,3,3,2,4,4,3,4,2,0,3,4,3,0,0,4,2,3,3,0,4,1,4,2,1,4,0,1,3,1,1,2,0,3,1,2,0,1,1,0,2,4,0,3,1,1,2,2,2,4,0,1,3,3,0,1,2,2,2,4,3,1,2,3,3,1,1,3,4,0,0,4,0,1,4,4,2,3,2,3,0,0,1,3,0,2,2,3,2,3,1,1,2,1,2,1,3,2,1,2,4,4,4,3,4,2,3,0,3,3,1,1,3,2,4,4,3,3,2,0,1,0,2,3,1,2,2,0,1,4,2,4,4,2,1,0,2,0,1,4,0,4,0,1,2,0,4,4,0,0,4,4,4,3,1,2,0,3,0,1,4,4,0,4,2,2,2,3,3,3,3,2,1,1,4,0,2,4,3,4,4,4,0,2,3,2,2,1,1,4,3,2,2,3,2,3,1,2,4,4,1,4,3,2,0,0,1,3,4,3,4,2,4,1,0,0,2,3,0,0,1,1,3,0,3,0,1,2,3,0,1,1,3,3,0,1,3,0,2,3,1,1,2,4,1,0,4,3,1,1,1,3,3,1,0,0,4,3"
34,0.3693615098188243,"2,4,0,0,2,0,1,2,4,4,0,4,0,0,3,0,1,0,1,2,3,3,3,2,4,4,3,4,2,0,3,4,3,0,0,4,2,3,3,0,4,1,4,2,1,4,0,1,2,1,1,2,0,3,1,2,0,1,1,0,2,4,0,3,1,4,2,2,2,4,0,1,3,3,0,1,2,2,2,4,3,1,2,3,3,1,1,3,4,0,0,4,0,1,4,4,2,3,2,4,0,0,1,3,1,2,2,3,2,3,1,1,2,1,2,1,3,2,1,2,4,4,4,3,4,2,3,0,3,3,1,1,3,2,4,4,3,3,2,0,1,0,2,3,1,2,2,0,1,4,2,4,4,2,1,4,2,0,1,4,0,4,0,1,2,0,4,4,0,0,4,4,4,3,1,0,0,3,0,1,4,4,0,4,2,2,2,3,3,3,3,2,1,1,4,0,3,4,3,4,4,4,0,2,3,2,2,1,1,4,4,2,2,3,2,3,1,2,4,4,1,4,3,2,0,0,1,3,4,3,4,2,2,1,0,0,2,3,0,0,1,1,3,0,3,0,1,2,3,0,1,1,3,3,0,1,3,0,2,3,1,1,2,4,1,0,4,3,1,2,1,3,3,1,0,0,4,3"
35,0.36872985719055706,"2,4,0,0,2,0,1,2,4,4,0,4,0,0,3,0,1,0,1,2,3,3,3,2,4,4,3,4,2,0,3,4,3,0,0,4,4,3,3,0,4,1,4,2,1,4,0,1,2,2,1,2,0,3,1,2,0,1,1,0,2,4,0,3,1,1,2,2,2,4,0,1,3,3,0,1,2,2,2,4,3,1,2,3,3,1,1,3,4,0,0,4,0,1,1,4,2,3,2,3,0,0,1,3,0,2,2,3,2,3,1,1,2,1,2,1,3,2,1,2,4,4,4,3,4,2,3,0,3,3,1,1,3,2,4,4,3,3,2,0,1,0,2,3,1,2,2,0,1,4,2,4,4,2,1,4,2,0,1,4,1,4,0,1,2,0,4,4,0,0,4,4,4,3,1,0,0,3,0,1,4,4,0,4,2,2,2,3,3,3,3,2,1,1,4,0,3,4,3,4,4,4,0,2,3,2,2,1,1,4,4,2,2,3,2,3,1,2,4,4,1,4,3,2,0,0,1,3,4,3,4,2,2,1,0,0,2,3,0,0,1,1,3,0,3,0,1,2,3,0,1,1,3,3,0,1,3,0,2,3,1,1,2,4,1,0,4,3,1,1,1,3,3,2,0,0,4,3"
36,0.3710660750766192,"2,4,0,0,2,0,1,2,4,4,0,4,0,0,3,0,1,0,1,2,3,3,3,2,4,4,3,4,2,0,3,4,3,0,0,4,4,3,3,0,4,1,4,2,1,4,0,1,2,1,1,2,0,3,1,2,0,1,1,0,2,4,0,3,1,1,2,2,2,4,0,1,3,3,0,1,2,2,2,4,3,1,2,3,3,1,1,3,4,0,0,4,0,1,4,4,2,3,2,3,0,0,1,0,0,2,2,3,2,3,1,1,2,1,2,1,3,2,1,2,4,4,4,3,4,2,3,0,3,3,1,1,3,2,4,4,4,3,2,0,1,0,2,3,1,2,2,0,1,4,2,4,4,0,1,2,2,0,1,4,0,4,3,1,2,0,4,4,0,0,4,4,4,3,1,0,0,3,0,1,4,4,0,4,2,2,2,3,3,3,3,2,1,1,4,0,2,4,3,4,4,4,0,2,3,2,2,1,1,4,4,2,1,3,2,3,1,2,3,4,1,4,3,2,0,0,1,0,4,3,4,2,4,1,0,0,2,3,0,0,1,3,3,0,2,0,1,2,3,0,1,1,3,3,0,1,3,0,2,3,1,1,2,4,1,0,4,3,1,1,1,3,3,1,0,0,4,3"
37,0.3716910132101739,"2,4,0,0,2,0,1,2,4,4,0,4,4,0,3,0,1,0,1,2,3,3,3,2,4,4,3,4,2,0,3,4,3,0,0,4,4,3,3,0,4,1,4,2,1,4,0,1,2,1,1,2,0,3,1,2,0,1,1,0,2,4,0,3,1,1,2,2,2,4,0,3,3,3,0,1,2,2,2,4,3,1,2,3,3,1,1,3,4,0,0,4,0,1,4,4,2,3,2,3,0,0,1,0,0,2,2,3,2,3,1,1,2,1,2,1,3,2,1,2,4,4,4,3,4,2,3,0,3,3,1,1,3,2,4,4,4,3,2,0,1,0,2,3,1,2,2,0,1,4,2,4,4,0,1,2,2,0,1,4,0,4,3,1,2,0,4,4,0,0,4,4,4,3,1,0,0,3,0,1,4,4,0,4,2,2,2,3,3,3,3,2,1,1,4,0,2,4,3,4,4,4,0,2,3,2,2,1,1,4,4,2,1,3,2,3,1,2,3,4,1,4,3,2,0,0,1,0,4,3,4,2,4,1,0,1,2,3,0,0,1,3,3,0,2,0,1,2,3,0,1,1,3,3,0,1,3,0,2,3,1,1,2,4,1,0,4,3,1,1,1,3,3,1,0,0,4,3"
38,0.37184963889635797,"2,4,0,0,2,0,1,2,4,4,0,4,4,0,3,0,1,0,1,2,3,3,3,2,4,4,3,4,2,0,3,4,3,0,0,4,4,3,3,0,4,1,4,2,1,4,0,1,2,1,1,2,0,3,1,2,0,1,1,0,2,4,0,3,1,2,2,2,2,4,0,3,3,3,0,1,2,2,2,4,3,1,2,3,3,1,1,3,4,0,0,4,0,1,4,4,2,3,2,3,0,0,1,0,0,2,2,3,2,3,1,1,2,1,2,1,3,2,1,2,4,4,4,3,4,2,3,0,3,3,1,1,3,2,4,4,4,3,2,0,1,0,2,3,1,2,2,0,1,4,2,4,4,0,1,2,2,0,1,0,2,4,3,1,2,0,4,4,0,0,4,4,4,4,1,0,0,3,0,1,4,4,0,4,2,2,2,3,3,3,3,2,1,1,4,0,2,4,3,4,4,4,0,2,3,2,2,1,1,4,4,2,1,3,2,3,1,2,3,4,1,4,3,2,0,0,1,0,4,3,4,3,4,1,0,1,2,3,0,0,1,3,3,0,2,0,1,2,3,0,1,1,3,3,0,1,3,0,2,3,1,1,2,4,1,0,4,3,1,1,1,3,3,1,0,0,4,3"
39,0.3721876127856471,"2,4,0,0,2,0,1,2,4,4,0,4,4,0,3,0,1,0,1,2,3,3,3,2,4,4,3,4,2,0,3,4,3,0,0,4,4,3,3,0,4,1,4,2,1,4,0,1,2,1,1,2,0,3,1,2,0,1,1,0,2,4,0,3,1,2,2,2,2,4,0,3,3,3,0,1,2,2,2,4,3,1,2,3,3,1,1,1,4,0,0,4,0,1,4,4,2,3,2,3,0,0,1,0,0,2,2,3,2,3,1,1,2,1,2,1,3,2,1,2,4,4,1,3,4,2,3,0,3,3,1,2,3,2,4,4,4,3,2,0,1,0,2,3,1,2,2,0,3,4,2,4,4,0,1,2,2,0,1,0,2,4,3,1,2,0,4,4,0,0,4,4,4,4,1,0,0,3,0,1,4,4,0,4,2,2,2,3,3,3,3,2,1,1,4,0,2,4,1,4,4,4,0,4,3,2,2,1,1,4,4,2,2,3,2,3,1,2,3,4,1,4,3,2,0,0,1,0,4,3,4,3,4,1,0,1,2,3,0,1,1,3,3,2,0,0,1,2,3,0,1,1,3,3,0,1,3,0,0,3,1,1,2,4,1,0,4,3,1,1,1,3,3,1,0,0,4,3"
40,0.3719643716172674,"2,4,0,0,2,0,1,2,4,4,0,4,4,0,3,0,1,0,1,2,3,3,3,2,4,4,3,4,2,0,3,4,3,0,0,4,4,3,3,1,4,1,4,2,1,4,0,1,2,1,1,2,0,3,1,2,0,1,1,0,2,4,0,3,1,2,2,2,2,4,0,3,3,3,0,1,2,2,2,4,3,1,2,3,3,1,1,1,4,0,0,4,0,1,4,4,2,3,2,3,0,0,1,0,0,2,2,3,2,3,1,1,2,1,2,1,3,2,1,2,4,4,1,3,4,4,3,0,3,3,1,2,3,2,4,4,4,3,2,0,1,0,2,3,1,0,2,0,3,4,2,4,4,0,1,2,2,0,1,0,2,4,3,1,2,0,4,4,0,0,4,4,4,4,1,0,0,3,0,1,4,4,0,4,2,2,2,3,3,3,3,2,1,1,4,0,2,2,1,4,4,4,0,4,3,2,2,1,1,4,4,2,2,3,2,3,1,2,3,4,1,4,3,2,0,0,1,0,4,3,4,3,4,1,0,1,2,3,0,1,1,3,3,2,0,0,1,2,3,0,1,1,3,3,0,1,3,0,0,3,1,1,2,4,1,0,4,3,3,1,1,3,3,1,0,0,4,3"
41,0.3708541983592028,"2,4,0,0,2,0,1,2,4,4,0,4,4,0,3,0,1,0,1,2,3,3,3,2,4,4,3,4,2,0,3,4,3,0,0,4,4,3,3,1,4,0,4,2,1,4,0,1,2,1,1,2,0,3,1,2,0,1,1,0,2,4,0,3,1,2,2,2,2,4,0,3,3,3,0,1,2,2,2,4,3,1,2,3,3,1,1,1,4,0,0,4,0,1,4,4,2,3,2,3,0,0,1,0,0,2,2,3,2,3,1,1,2,1,2,1,3,2,1,2,4,4,3,3,4,2,3,0,3,3,1,2,3,2,4,4,4,3,2,0,1,0,2,3,1,2,2,0,3,4,2,4,4,0,1,2,2,0,1,0,2,4,3,1,2,0,4,4,0,0,4,4,4,4,1,0,0,3,0,4,4,2,0,4,2,2,2,3,3,3,3,1,1,1,4,0,2,4,1,4,1,4,2,4,3,2,2,1,1,4,4,2,2,3,2,3,1,0,3,4,1,4,3,2,0,0,1,0,4,3,4,3,4,1,0,1,2,3,0,1,1,3,3,2,0,0,1,2,3,0,3,1,3,3,0,1,3,0,0,3,1,1,2,4,1,0,4,3,1,1,1,3,3,1,2,0,4,3"
42,0.37234957645033046,"2,4,0,0,2,0,1,2,4,4,0,4,4,0,3,0,1,0,1,2,3,3,3,2,4,4,3,4,2,0,3,4,3,0,0,4,4,3,3,1,4,0,4,2,1,4,0,1,2,1,1,2,0,3,1,2,0,1,1,0,2,4,0,3,1,2,2,2,2,4,0,3,3,3,0,1,2,2,2,4,3,1,2,3,3,1,1,1,4,0,0,4,0,1,4,4,2,3,2,3,0,0,1,0,0,2,2,3,2,3,1,1,2,1,2,1,3,2,1,2,4,4,1,3,4,4,3,0,3,3,1,2,3,2,4,4,4,0,2,0,1,0,2,3,1,2,2,0,3,4,2,4,4,0,1,2,2,0,1,0,2,4,3,1,2,0,4,3,0,0,4,4,4,4,1,2,0,3,0,1,4,4,0,4,2,2,2,3,3,3,3,2,1,1,4,0,2,4,1,4,4,4,0,4,3,2,2,1,1,4,4,2,2,3,2,3,1,2,3,4,1,4,3,2,0,0,1,0,4,3,4,3,4,1,0,1,2,3,0,1,1,3,3,2,0,0,1,2,3,0,1,1,3,3,0,1,3,0,0,3,1,1,2,4,1,0,4,3,1,1,1,3,3,1,0,0,4,3"
43,0.3718297368494768,"2,4,0,0,2,0,1,2,4,4,0,4,4,0,3,0,1,0,1,2,3,3,3,2,4,4,3,4,2,0,3,4,3,0,0,4,4,3,3,1,4,0,2,2,1,4,0,1,2,1,1,2,0,3,1,2,0,1,1,0,2,4,0,3,1,2,2,2,2,4,0,3,3,3,0,1,2,2,2,4,3,1,2,3,3,1,1,1,4,0,0,4,0,1,4,4,2,3,2,3,0,0,1,0,0,2,2,3,2,3,1,1,2,1,2,1,3,2,1,2,4,4,1,3,4,4,3,0,3,3,1,2,3,2,4,4,4,0,2,0,1,0,2,3,1,2,2,0,3,4,2,4,4,0,1,2,2,0,1,0,2,4,3,4,2,0,4,4,0,0,4,4,4,4,1,0,0,3,0,4,4,2,0,4,2,2,2,3,3,3,3,1,1,1,4,0,2,4,1,4,1,4,2,4,3,2,2,1,1,4,4,2,2,3,2,3,1,0,3,4,1,4,3,2,0,0,1,0,4,3,4,3,4,1,0,1,2,3,0,1,1,3,3,2,0,0,1,2,3,0,1,1,3,3,0,1,3,0,0,3,1,1,2,4,1,0,4,3,1,1,1,3,3,1,0,0,4,3"
44,0.37302745209988947,"2,4,0,0,2,0,1,2,4,4,0,4,4,0,3,0,1,0,1,2,3,3,3,2,4,4,3,4,2,0,3,4,3,0,0,4,4,3,3,1,4,0,2,2,1,4,0,1,2,1,1,2,0,3,1,2,0,1,1,0,2,4,0,3,1,2,2,2,2,4,0,3,3,3,0,1,2,3,4,4,3,1,2,3,3,1,1,1,4,0,0,4,0,1,4,4,2,3,2,3,0,0,1,0,0,2,2,3,2,3,1,1,2,1,2,1,3,2,1,2,4,4,1,3,4,2,3,0,3,3,1,2,3,2,4,4,4,3,2,0,1,0,2,3,1,2,2,0,3,4,2,4,4,0,1,2,2,0,1,0,2,4,3,1,2,0,4,3,0,0,4,4,4,4,1,2,0,3,0,1,4,4,0,4,2,2,2,0,3,3,3,2,1,1,4,0,2,4,1,4,4,4,0,4,3,2,2,1,1,4,4,2,2,3,2,3,1,2,3,4,1,4,3,2,0,0,1,0,4,3,4,3,4,1,0,1,2,3,0,1,1,3,3,2,0,0,1,2,3,0,1,1,3,3,0,1,3,0,0,3,1,1,2,4,1,0,4,3,1,1,1,3,3,1,0,0,4,3"
45,0.37302745209988947,"2,4,0,0,2,0,1,2,4,4,0,4,4,0,3,0,1,0,1,2,3,3,3,2,4,4,3,4,2,0,3,4,3,0,0,4,4,3,3,1,4,0,2,2,1,4,0,1,2,1,1,2,0,3,1,2,0,1,1,0,2,4,0,3,1,2,2,2,2,4,0,3,3,3,0,1,2,3,4,4,3,1,2,3,3,1,1,1,4,0,0,4,0,1,4,4,2,3,2,3,0,0,1,0,0,2,2,3,2,3,1,1,2,1,2,1,3,2,1,2,4,4,1,3,4,2,3,0,3,3,1,2,3,2,4,4,4,3,2,0,1,0,2,3,1,2,2,0,3,4,2,4,4,0,1,2,2,0,1,0,2,4,3,1,2,0,4,3,0,0,4,4,4,4,1,2,0,3,0,1,4,4,0,4,2,2,2,0,3,3,3,2,1,1,4,0,2,4,1,4,4,4,0,4,3,2,2,1,1,4,4,2,2,3,2,3,1,2,3,4,1,4,3,2,0,0,1,0,4,3,4,3,4,1,0,1,2,3,0,1,1,3,3,2,0,0,1,2,3,0,1,1,3,3,0,1,3,0,0,3,1,1,2,4,1,0,4,3,1,1,1,3,3,1,0,0,4,3"
46,0.37191023366517445,"2,4,0,0,2,0,1,2,4,4,0,4,4,0,3,0,1,0,1,2,3,3,3,2,4,4,3,4,2,0,3,4,3,0,0,4,4,3,3,1,4,0,2,2,1,4,0,1,2,1,1,2,0,3,1,2,0,1,1,0,2,4,0,3,1,2,2,2,2,4,0,3,3,3,0,1,2,3,4,4,3,1,2,3,3,1,1,1,4,0,0,4,0,1,4,4,2,3,2,3,0,0,1,0,0,2,2,3,2,3,1,1,2,1,2,1,3,2,1,2,4,2,1,3,4,2,3,0,3,3,1,2,3,2,4,4,4,3,2,1,1,0,2,3,1,2,2,0,3,4,2,4,4,0,1,2,2,0,1,0,2,4,3,1,2,0,4,3,0,0,4,4,4,4,1,2,0,3,0,1,4,4,0,4,2,2,2,0,3,3,3,2,1,1,4,0,2,4,1,4,4,4,0,4,3,2,2,1,1,4,4,2,2,3,2,3,1,0,3,4,1,4,3,2,0,0,1,0,4,3,4,3,4,1,0,1,2,3,1,1,1,3,3,2,0,0,1,2,3,0,4,1,3,3,0,1,3,0,0,3,1,2,2,4,1,0,4,3,1,1,1,3,0,1,1,0,4,3"
47,0.36907503660615726,"2,4,0,0,2,0,1,2,4,4,0,4,4,0,3,0,1,0,1,2,3,3,3,2,4,4,1,4,2,0,3,4,2,0,0,4,4,3,3,1,4,0,2,2,1,4,0,1,2,1,1,2,1,3,1,2,0,1,3,0,2,1,0,0,3,2,1,2,2,4,0,3,3,0,0,1,2,2,3,4,3,1,2,3,3,1,1,1,4,0,0,4,0,1,4,4,2,3,2,3,0,0,1,0,1,2,2,3,2,3,1,1,2,1,2,1,3,2,1,2,4,4,0,3,4,2,3,0,3,3,2,2,3,2,4,4,4,3,2,0,1,0,2,3,1,2,2,0,3,4,2,4,4,0,1,2,0,0,1,0,2,4,2,1,3,0,4,3,0,0,4,4,4,4,1,2,0,3,0,1,4,4,0,4,2,2,2,0,3,3,3,2,1,1,4,0,2,4,1,4,4,4,0,4,3,2,2,1,1,4,4,2,2,3,2,3,1,2,3,4,1,4,3,2,0,0,1,0,4,3,4,3,4,1,0,1,4,3,0,1,1,3,3,2,0,0,1,2,3,0,1,1,3,3,0,1,3,0,0,3,1,2,2,4,1,0,4,3,1,1,1,3,0,1,1,0,4,3"
48,0.36991233094360626,"2,4,0,0,2,0,1,2,4,4,0,4,4,0,3,0,1,0,1,2,3,3,3,2,4,4,1,4,2,0,3,4,4,0,0,4,4,0,3,1,4,0,2,2,1,4,0,1,2,1,1,2,1,3,1,2,0,1,3,0,2,4,0,3,1,2,2,2,2,4,0,3,3,3,0,1,2,3,4,1,3,1,2,3,3,1,1,1,4,0,0,4,0,1,0,4,2,3,1,3,0,0,1,0,0,2,2,3,2,3,1,1,2,1,2,1,3,2,1,2,4,4,0,3,4,2,3,2,3,3,1,2,3,2,4,4,4,3,2,0,1,0,2,3,1,2,2,0,3,4,2,4,2,0,1,2,2,0,1,0,2,4,3,1,2,0,4,3,0,0,4,4,4,4,1,2,0,3,0,1,4,4,0,4,2,2,2,0,3,3,3,2,1,1,4,0,2,4,1,4,4,4,0,4,3,2,2,1,1,4,4,2,2,3,2,3,1,2,3,3,1,4,3,2,0,0,1,0,4,3,4,3,4,1,0,1,4,3,0,1,1,3,3,2,0,0,1,2,3,0,1,1,3,3,0,1,3,0,0,3,1,1,2,4,1,0,4,3,1,0,1,3,3,0,0,0,4,3"
49,0.3708634597728069,"2,4,0,0,2,0,1,2,4,4,0,4,4,0,3,0,1,0,1,2,3,3,3,2,4,4,1,4,2,0,3,4,4,0,0,4,4,0,3,1,4,0,2,2,1,4,0,1,2,1,1,2,1,3,1,2,0,1,3,0,2,4,0,3,1,2,2,2,2,4,0,3,3,3,0,1,2,3,4,1,3,1,2,3,3,1,1,1,4,0,0,4,0,1,0,4,2,3,1,3,0,0,1,0,0,2,2,3,2,3,1,1,2,1,2,1,3,2,1,2,4,4,0,3,4,2,3,2,3,3,1,2,3,2,4,4,4,3,2,0,1,0,2,3,1,2,2,0,3,4,2,4,2,0,1,2,2,0,1,0,2,4,3,1,2,0,4,3,0,0,4,4,4,4,1,2,2,3,0,1,4,4,0,4,2,0,2,0,3,3,3,3,1,1,4,0,2,4,1,4,4,4,0,4,3,2,2,1,1,4,4,2,2,3,1,3,1,3,3,4,1,4,3,2,0,2,1,0,4,3,4,3,4,1,0,1,2,3,0,1,1,3,3,2,0,0,1,2,3,0,1,1,3,3,0,3,3,0,0,3,1,1,2,4,1,0,4,3,1,1,1,3,4,1,0,0,4,3"
50,0.37337202557569943,"2,4,0,0,2,0,1,2,4,4,0,4,4,0,0,0,1,0,1,2,3,3,3,2,4,4,3,4,2,0,1,4,3,0,0,4,4,3,3,0,4,1,4,2,0,4,0,1,2,1,1,2,0,3,0,2,0,1,1,0,2,4,0,0,1,2,1,2,2,4,0,3,3,3,0,1,2,4,2,4,3,1,2,3,3,1,2,1,4,0,1,4,0,0,4,4,2,3,2,3,0,0,1,0,0,2,2,3,2,3,1,1,2,1,3,1,3,2,1,2,4,1,1,3,4,2,3,0,3,3,0,2,3,2,4,4,4,3,2,1,1,0,2,3,1,2,2,1,3,2,2,4,4,0,1,2,2,0,1,0,2,4,3,4,2,0,4,4,0,0,4,4,4,4,1,2,0,3,0,4,4,2,3,4,1,0,2,3,3,3,3,3,1,1,4,0,2,1,1,4,1,4,2,4,3,2,2,1,1,4,4,2,2,3,2,3,1,0,3,4,1,3,3,2,0,0,1,0,4,3,4,3,4,4,0,1,2,3,4,0,1,3,3,2,0,0,1,2,3,2,1,1,3,3,2,1,4,0,0,3,1,1,3,4,1,0,4,3,1,1,1,3,3,1,0,0,4,3"
51,0.3737787642778349,"2,0,0,0,2,0,1,2,4,4,0,4,4,0,0,0,1,0,1,2,3,3,3,2,4,4,3,4,2,0,1,4,3,0,0,4,4,3,3,0,4,1,4,2,0,4,0,1,2,1,1,2,0,3,0,2,0,1,1,0,2,4,0,0,1,2,1,2,2,4,0,3,3,3,0,1,2,4,2,4,3,1,2,3,3,1,2,1,4,0,1,4,0,0,4,4,2,3,2,3,0,0,1,0,0,2,2,3,2,3,1,1,2,1,3,1,3,2,1,2,4,1,1,3,4,2,3,0,3,3,0,2,3,2,4,4,4,3,2,1,1,2,2,3,1,2,2,1,3,2,2,4,4,0,1,2,2,0,1,0,2,4,3,4,2,0,4,4,0,0,4,4,4,4,1,2,0,3,0,4,4,2,3,4,1,0,2,3,3,3,3,3,1,1,4,0,2,1,1,4,1,4,2,4,3,2,2,1,1,4,4,2,2,3,2,3,1,0,3,4,1,3,3,2,0,0,1,0,4,3,4,3,4,4,0,1,2,3,4,0,1,3,3,2,0,0,1,2,3,2,1,1,3,3,2,1,4,0,0,3,1,1,3,4,1,0,4,3,1,1,1,3,3,1,0,0,4,3"
52,0.37397972903046944,"2,0,0,0,2,0,1,2,4,4,0,4,4,0,0,0,1,0,1,2,3,3,3,2,4,4,3,4,2,1,1,4,0,0,0,4,4,3,3,0,4,1,4,2,0,4,0,1,2,1,1,2,0,3,0,2,0,1,1,0,2,4,0,0,1,2,4,2,2,4,0,3,3,3,0,1,2,4,2,4,3,1,2,3,3,1,2,1,4,0,1,4,0,0,4,4,2,3,2,3,0,0,1,0,0,2,2,3,2,3,1,1,2,1,3,1,3,2,1,2,4,1,1,3,4,2,3,0,3,3,0,2,3,2,4,4,4,3,2,1,1,2,2,3,1,2,2,1,3,2,1,4,4,0,1,2,2,0,1,0,2,4,3,4,2,0,4,4,0,0,4,4,4,4,1,2,0,3,0,2,4,2,3,4,1,0,2,3,3,3,3,3,1,1,4,0,2,1,1,4,1,4,2,4,3,2,2,1,1,4,4,2,2,3,2,3,1,0,3,4,1,3,3,2,0,0,3,0,4,3,4,3,4,4,0,1,2,3,4,0,1,3,3,2,0,0,1,2,3,2,1,1,3,3,2,1,4,0,0,3,1,1,3,4,1,0,4,3,1,1,1,3,3,1,0,0,4,3"
53,0.37381899860832996,"2,0,0,0,2,0,1,2,4,4,0,4,4,0,0,0,1,0,1,2,3,3,3,2,4,4,3,4,2,1,1,4,0,0,0,4,4,3,3,0,4,1,4,2,0,4,0,1,2,1,1,2,0,3,0,2,0,1,1,0,2,4,0,0,1,2,1,2,2,4,0,3,3,3,0,1,2,4,2,4,3,1,2,3,3,1,2,1,4,0,1,4,0,0,4,4,2,3,2,3,0,0,1,0,0,2,2,3,2,3,1,1,2,1,3,1,3,2,1,2,4,1,1,3,4,2,3,0,3,3,0,2,3,2,4,4,4,3,2,1,1,2,2,3,1,2,2,1,3,2,1,4,4,0,1,2,2,0,1,0,2,4,3,4,2,0,4,4,0,0,4,4,4,4,1,0,0,3,0,2,4,2,3,4,1,0,2,3,3,3,3,3,1,1,4,0,2,1,1,4,1,4,2,4,3,2,2,1,1,4,4,2,2,3,2,3,1,0,3,4,4,3,3,2,0,0,3,0,4,3,4,3,4,4,0,1,2,3,4,0,1,3,3,2,0,0,1,2,3,2,1,1,3,3,2,1,4,0,0,3,1,1,3,4,1,0,4,3,1,1,1,3,3,1,0,0,4,3"
54,0.37459671426214375,"2,0,0,0,2,0,1,2,4,4,0,4,4,0,0,0,1,0,1,2,3,3,3,2,4,4,3,4,2,1,1,4,0,0,0,4,4,3,3,0,4,1,4,2,0,4,0,1,2,1,1,2,0,3,0,2,0,1,1,0,2,4,0,0,1,2,1,2,2,4,0,3,3,3,0,1,2,4,2,4,3,1,2,3,3,1,2,1,4,0,1,4,0,0,4,4,2,3,2,3,0,0,1,0,3,2,2,3,2,3,1,1,2,1,3,1,3,2,1,2,4,1,1,3,4,2,3,0,0,3,0,2,3,2,4,4,4,3,2,1,1,2,2,3,1,2,2,1,3,2,1,4,4,0,1,2,2,0,1,0,2,4,3,4,2,0,4,4,0,0,4,4,4,4,1,2,0,3,0,2,4,2,3,4,1,0,2,3,3,3,3,3,1,1,4,0,2,1,1,4,1,4,2,4,3,2,2,1,1,4,4,2,2,3,2,3,1,0,3,4,4,3,3,2,0,0,3,0,4,3,4,3,4,4,0,1,2,3,4,0,1,3,3,2,0,0,1,2,3,2,1,1,3,3,2,1,4,0,0,3,1,1,3,4,1,0,4,3,1,1,1,3,3,1,0,0,4,3"
55,0.3721565534945611,"2,0,0,0,2,0,1,2,4,4,0,4,4,0,0,0,1,0,1,2,3,3,3,2,4,4,0,4,2,1,1,4,0,0,0,4,4,3,3,0,4,1,4,2,0,4,0,1,2,1,1,2,0,3,0,2,0,1,1,0,2,4,0,0,1,2,1,2,2,4,0,3,3,3,0,1,2,4,2,4,3,1,2,3,3,1,2,1,4,0,1,4,0,0,4,4,2,3,2,3,0,0,1,0,3,2,2,3,2,3,1,1,3,1,3,1,3,2,1,2,4,1,1,3,4,2,3,0,0,3,0,0,3,2,4,4,4,3,2,1,1,2,2,3,1,2,2,1,3,2,1,4,4,0,1,2,2,0,1,0,2,1,3,4,2,0,4,4,0,0,4,4,4,4,1,2,0,3,0,2,4,2,3,4,1,0,2,3,3,3,3,3,1,1,4,0,2,1,1,4,1,4,2,4,3,2,2,1,1,4,4,2,2,3,2,3,1,0,3,4,4,3,3,2,0,0,3,0,4,3,4,3,4,4,0,1,2,3,4,0,1,3,3,2,0,0,1,2,3,2,1,1,3,3,2,1,4,0,0,3,1,1,3,4,1,0,4,3,1,1,1,3,3,1,0,0,4,3"
56,0.372938389271667,"2,0,0,0,2,0,1,2,4,4,0,4,4,0,0,0,1,0,1,2,3,3,3,2,4,4,0,4,2,1,1,4,0,0,0,4,4,3,3,0,4,1,4,2,0,4,0,1,2,1,1,2,0,3,0,2,0,1,1,0,2,4,0,0,1,2,1,2,2,4,0,3,3,3,0,1,2,4,2,4,3,1,2,3,3,1,2,1,4,0,1,4,0,0,4,4,2,3,2,3,0,0,1,0,3,2,2,3,2,3,1,1,3,1,3,1,3,2,1,2,4,1,1,3,4,2,3,0,0,3,0,0,3,2,4,4,4,3,2,1,2,2,2,3,1,2,2,1,3,2,1,4,4,0,1,2,2,0,1,0,2,1,3,4,2,0,4,4,0,0,4,4,4,4,1,2,0,3,0,2,4,2,3,4,1,0,2,3,3,3,3,3,1,1,4,0,2,1,1,4,1,4,2,4,3,2,2,1,1,4,4,2,2,3,2,3,1,0,3,4,4,3,3,2,0,0,3,0,4,3,4,3,4,4,0,1,2,3,4,0,1,3,3,2,0,0,1,2,3,2,1,1,3,3,2,1,4,0,0,3,1,1,3,4,1,0,4,3,1,1,1,3,3,1,0,0,4,3"
57,0.3735621003511891,"2,0,0,0,2,0,1,2,4,4,0,4,4,0,0,0,1,0,1,2,3,3,3,2,4,4,3,4,2,1,1,4,0,0,0,4,4,3,3,0,4,1,4,2,0,4,0,1,2,1,1,2,0,3,0,2,0,1,1,0,2,4,0,0,1,2,1,2,2,4,0,3,3,3,0,1,2,4,2,4,3,1,2,3,3,1,2,1,4,0,1,4,0,0,4,4,2,3,2,3,0,0,1,0,3,2,2,3,2,3,1,1,2,1,3,1,3,2,1,2,4,1,1,3,4,2,3,0,0,3,0,2,3,2,4,4,4,3,2,1,1,2,2,3,1,2,2,1,3,2,1,4,4,0,1,2,2,0,1,0,2,4,3,4,2,0,4,4,0,0,4,4,4,4,1,2,0,2,0,2,4,2,3,4,1,0,2,3,3,3,3,3,1,1,4,0,2,1,1,4,1,4,2,4,3,2,2,1,1,4,4,2,2,3,2,3,1,0,3,4,4,3,3,2,0,0,3,0,4,3,4,3,4,4,0,1,2,3,4,0,1,3,3,2,0,0,1,2,3,2,1,1,3,3,2,1,4,0,0,3,1,1,3,4,1,0,4,0,1,1,1,3,3,1,0,0,4,3"
58,0.3747758174284434,"2,0,0,0,2,0,1,2,4,4,0,4,4,0,0,0,1,0,1,2,3,3,3,2,4,4,3,4,2,1,1,4,0,0,0,4,4,3,3,0,4,1,4,2,0,4,0,1,2,1,1,2,0,3,0,2,0,1,1,0,2,4,0,0,1,2,1,2,2,4,0,3,3,3,0,1,2,4,2,4,3,1,2,3,3,1,2,1,4,0,1,4,0,0,4,4,2,3,2,3,0,0,1,0,3,2,2,3,2,3,1,1,2,1,3,1,3,2,1,2,4,1,1,3,4,2,3,0,0,3,0,2,3,2,4,4,4,3,2,1,1,2,2,3,1,2,2,1,3,2,1,4,4,0,1,2,2,0,1,0,2,4,3,4,2,0,4,4,0,4,4,4,4,4,1,2,0,3,0,2,4,2,3,4,1,0,2,3,3,3,3,3,1,1,4,0,2,1,1,0,1,4,2,4,3,2,2,1,1,4,4,2,2,3,2,3,1,0,3,4,4,3,3,2,0,0,3,0,4,3,4,3,4,4,0,1,2,3,4,0,1,3,3,2,0,0,1,2,3,2,1,1,3,3,2,1,4,0,0,3,1,1,3,4,1,0,4,3,1,1,1,3,3,1,0,0,4,3"
59,0.37369520660289557,"2,0,0,0,2,0,1,2,4,4,0,4,4,0,0,0,3,0,1,2,3,3,3,2,4,4,3,4,2,1,1,4,0,0,0,4,4,3,3,0,4,1,4,2,0,4,0,1,2,1,1,2,0,3,0,2,0,1,1,0,2,4,0,0,1,2,1,2,2,4,0,3,3,3,0,1,2,4,2,4,3,1,2,3,3,1,2,1,4,0,1,4,0,0,4,4,2,3,2,3,0,0,1,0,3,2,2,3,2,3,1,1,2,1,3,1,3,2,1,2,4,1,1,3,4,2,3,0,0,3,0,2,3,2,4,4,4,3,2,1,1,2,2,3,1,2,2,1,3,2,1,4,4,0,1,2,2,0,1,0,2,4,3,4,2,0,4,4,0,4,4,4,4,4,1,2,0,3,0,2,4,2,3,4,1,0,2,3,3,3,3,3,1,1,4,0,2,1,1,0,1,4,2,4,3,2,2,1,1,4,4,2,2,3,2,3,1,0,3,4,4,3,3,2,0,0,3,0,4,3,4,3,4,4,0,1,2,3,4,0,1,3,3,2,0,0,1,2,3,2,1,1,3,3,2,1,4,0,0,3,1,1,3,4,1,0,4,3,0,1,1,3,3,1,0,0,4,3"
60,0.37416590442547515,"2,4,0,0,2,0,1,2,4,4,0,4,4,0,0,0,3,0,1,2,3,3,3,2,4,4,3,4,2,1,1,4,0,0,0,4,4,3,3,0,4,1,4,2,0,4,0,1,2,1,1,2,0,3,0,2,0,1,1,0,2,4,0,0,1,2,1,2,2,4,0,3,3,3,0,1,2,4,2,4,3,1,2,3,3,1,2,1,4,0,1,4,0,0,4,4,2,3,2,3,0,0,1,0,3,2,2,3,2,3,1,1,2,1,3,1,3,2,1,2,4,1,1,3,4,2,3,0,0,3,0,2,3,2,4,4,4,3,2,1,1,2,2,3,1,2,2,1,3,2,1,4,4,0,1,2,2,0,1,0,0,4,3,4,2,0,4,4,0,4,4,4,4,4,1,2,0,3,0,2,4,2,3,4,1,0,2,2,3,3,3,3,1,3,4,0,2,1,1,0,1,4,2,4,3,2,2,1,1,4,4,2,2,3,2,3,1,0,3,4,4,3,3,2,0,0,3,0,4,3,4,3,4,4,0,1,2,3,4,0,1,3,3,2,0,0,1,2,3,2,1,1,3,3,2,1,4,0,0,3,1,1,3,4,1,0,4,3,1,1,1,3,3,1,0,0,4,3"
61,0.3750628102577452,"2,4,0,0,2,0,1,2,4,4,0,4,4,0,0,0,3,0,1,2,3,3,3,2,4,4,3,4,2,1,1,4,0,0,0,4,4,3,3,0,4,1,4,2,0,4,0,1,2,1,1,2,0,3,0,2,0,1,1,0,2,4,0,0,1,2,1,2,2,4,0,3,3,3,0,1,2,4,2,4,3,1,2,3,3,1,2,1,4,0,1,4,0,0,4,4,2,3,2,3,0,0,1,0,3,2,2,3,2,3,1,1,2,1,3,4,3,2,1,2,4,1,1,3,4,2,3,0,0,3,0,2,3,2,4,4,4,3,2,1,1,2,2,3,1,2,2,1,3,2,1,4,4,0,1,2,2,0,1,0,0,4,3,4,2,0,4,4,0,4,4,4,4,4,1,2,0,3,0,2,4,2,3,4,1,0,2,3,3,3,3,3,1,1,4,0,2,1,1,0,1,4,2,4,3,2,2,1,1,4,4,2,2,3,2,3,1,0,2,4,4,3,3,2,0,0,3,0,4,3,4,3,4,4,0,1,2,3,4,0,1,3,3,2,0,0,1,2,3,2,1,1,3,3,2,1,4,0,0,3,1,1,3,4,1,0,4,3,1,1,1,3,3,1,0,0,1,3"
62,0.3751755139724087,"2,4,0,0,2,0,1,2,4,4,0,4,4,0,0,0,3,0,1,2,3,3,3,2,4,4,3,4,2,1,1,4,0,0,0,4,4,3,3,0,4,1,4,2,0,4,0,1,2,1,1,2,0,3,0,2,0,1,1,0,2,4,0,0,1,2,1,2,2,4,0,3,3,3,0,1,2,4,2,4,3,1,2,3,3,1,2,1,4,0,1,4,0,0,4,4,2,3,4,3,0,0,1,0,3,2,2,3,2,3,1,1,2,1,3,4,3,2,1,2,4,1,1,3,4,2,3,0,0,3,0,2,3,2,4,4,4,3,2,1,1,2,2,3,1,2,2,1,3,2,1,4,4,0,1,2,2,0,1,0,0,4,3,4,2,0,4,4,0,4,4,4,4,4,1,2,0,3,0,2,4,2,3,4,1,0,2,3,3,3,3,3,1,1,4,0,2,1,1,0,1,4,2,4,3,2,2,1,1,4,4,2,2,3,2,3,1,0,2,1,4,3,3,2,0,0,3,0,4,3,4,3,4,4,0,1,2,3,4,0,1,3,3,2,0,0,1,2,3,2,1,1,3,3,2,1,4,0,0,3,1,1,3,4,1,0,4,3,1,1,1,3,3,1,0,0,1,3"
63,0.37609408134384176,"2,4,0,0,2,0,1,2,4,4,0,4,3,0,0,0,3,0,1,2,3,3,3,2,1,4,3,4,2,1,1,4,4,0,0,4,4,3,3,0,4,1,4,2,0,4,0,1,2,1,1,2,0,3,0,2,0,1,1,0,2,4,0,0,1,2,1,2,2,4,0,3,3,2,0,1,2,4,2,4,3,1,2,3,3,3,2,1,4,0,1,4,0,0,4,4,2,3,4,3,0,0,1,0,3,2,1,3,2,3,1,1,2,1,3,4,3,2,1,2,4,1,1,3,4,2,3,0,0,3,0,2,0,2,4,4,4,3,2,1,1,2,2,3,1,2,2,1,3,2,1,4,4,0,1,2,2,0,1,0,0,4,3,4,2,0,4,4,0,4,4,4,4,4,1,2,0,3,0,2,4,2,3,4,1,0,2,3,3,3,3,3,1,1,4,0,2,1,1,0,1,4,2,4,3,2,2,1,1,4,4,2,2,3,2,3,1,0,2,1,4,3,3,2,0,0,3,0,4,3,4,3,4,4,0,1,2,3,4,0,1,3,3,2,0,0,1,2,3,2,1,1,3,3,2,0,4,0,0,3,1,1,3,4,1,0,4,3,1,1,1,3,3,1,0,4,1,3"
64,0.3760715361191604,"2,4,0,0,2,0,1,2,4,4,0,4,3,0,0,0,3,0,1,2,3,3,3,2,1,4,3,4,2,1,1,4,4,0,0,4,4,3,3,0,4,1,4,2,0,4,0,1,2,1,1,2,0,3,0,2,0,1,1,0,2,4,0,0,1,2,1,2,2,4,0,3,3,2,0,1,2,4,2,4,3,1,2,3,3,3,2,1,4,0,1,4,0,0,4,4,2,3,4,3,0,0,1,0,3,2,1,3,2,3,1,1,2,1,3,4,3,2,1,2,4,1,1,3,4,2,3,0,0,3,0,2,3,2,4,4,4,3,2,1,1,2,2,3,1,2,2,1,3,2,1,4,4,0,1,2,2,0,1,0,0,4,3,4,2,0,4,4,0,4,4,4,4,4,1,2,0,0,0,2,4,2,3,4,1,1,2,3,3,3,3,3,1,1,4,0,2,1,1,0,1,0,2,4,3,2,2,1,1,4,4,2,2,3,2,0,1,0,2,1,3,4,3,2,0,0,3,0,4,3,4,3,4,4,0,1,2,3,4,0,4,3,3,2,0,0,1,2,3,2,1,1,3,3,2,1,4,0,0,3,1,1,3,4,1,0,4,3,1,1,1,3,3,1,0,0,1,3"
65,0.37484500251263075,"2,4,0,0,2,0,1,2,4,4,0,4,3,0,0,0,3,0,1,2,3,3,3,2,1,4,3,4,2,1,1,4,4,0,0,4,4,3,3,0,4,1,4,2,0,4,0,1,2,1,1,2,0,3,0,2,0,1,1,0,2,4,0,0,1,2,1,2,2,4,0,3,3,2,0,1,2,4,2,4,3,1,2,3,3,3,2,1,4,0,1,4,0,0,4,4,2,3,4,3,0,0,1,0,3,2,2,3,2,3,1,1,2,1,3,4,3,2,1,2,4,1,1,3,4,2,3,0,0,3,0,2,3,2,4,4,4,3,2,1,1,2,2,3,1,2,2,1,3,2,1,4,4,0,1,2,2,0,1,0,0,4,3,4,3,0,4,4,0,4,4,4,4,4,1,2,0,0,0,2,4,2,3,4,1,4,2,3,3,3,3,3,1,1,4,0,2,1,1,0,1,0,2,4,4,2,2,1,1,4,4,2,2,3,2,0,1,0,2,1,3,4,3,2,0,0,3,0,4,3,4,3,4,4,0,1,2,3,4,0,4,3,3,3,0,0,1,2,3,2,1,1,3,3,2,1,4,0,0,3,1,1,3,4,1,0,4,3,1,1,1,3,3,1,0,0,1,3"
66,0.37607719387243316,"2,4,0,0,2,0,1,2,4,4,0,4,3,0,0,0,3,0,1,2,3,3,3,2,1,4,3,4,1,1,1,4,4,0,0,4,4,3,3,0,4,1,4,2,0,4,0,1,2,1,1,2,0,3,0,2,0,1,1,0,2,4,0,0,1,2,1,2,2,4,0,3,3,2,0,1,2,4,2,4,3,1,2,3,3,3,2,1,4,0,1,4,0,0,4,4,2,3,4,1,2,0,1,0,3,2,1,3,2,3,1,1,2,3,3,4,3,2,0,2,4,1,1,3,4,2,3,0,0,3,0,2,3,2,4,4,4,3,2,1,1,2,2,3,1,2,2,1,3,2,1,4,4,0,1,2,2,0,1,0,0,4,3,4,2,0,4,4,0,4,4,4,4,4,1,2,0,0,0,2,4,2,3,4,1,1,2,3,3,3,3,3,1,1,4,0,2,1,1,0,1,0,2,4,3,2,2,1,1,4,4,2,2,3,2,0,1,0,2,1,3,4,3,2,0,0,3,0,4,3,4,3,4,4,0,1,4,3,4,0,4,3,3,2,0,0,1,2,3,2,1,1,3,3,2,2,4,0,0,3,1,1,3,4,1,0,4,3,1,1,1,3,3,1,0,0,1,3"
67,0.37606234673268857,"2,4,0,0,2,0,1,2,4,4,0,4,3,0,0,0,3,0,1,2,3,3,3,2,1,4,3,4,1,1,1,4,4,0,0,4,4,3,3,0,4,1,4,2,0,4,0,1,2,1,1,2,0,3,0,2,0,1,1,0,2,4,0,0,1,2,1,2,2,4,0,3,3,2,0,1,2,4,0,4,3,1,2,3,3,3,2,1,4,0,1,4,0,0,4,4,2,3,4,3,4,0,1,0,3,2,1,3,2,3,1,1,2,3,3,4,3,2,1,2,4,1,1,3,4,2,3,0,0,3,0,2,3,2,4,4,4,3,2,1,1,2,2,3,1,2,2,1,3,2,1,4,4,0,1,2,2,0,1,0,0,4,3,4,2,0,4,4,0,4,4,4,4,4,1,2,0,0,0,2,4,2,3,4,1,1,2,3,3,3,3,3,1,1,4,0,2,1,1,0,1,0,2,4,3,2,2,1,1,4,4,2,2,3,2,0,1,0,2,1,3,4,3,2,0,0,3,0,4,3,4,3,4,4,0,1,2,3,4,0,4,3,3,2,0,0,1,2,3,2,1,1,3,3,2,2,4,0,0,3,1,1,3,4,1,0,4,3,1,1,1,3,3,1,0,0,3,3"
68,0.37763616689813856,"2,4,0,0,2,0,1,2,4,4,0,4,3,0,0,0,3,0,1,2,3,3,3,2,1,4,3,4,1,1,1,4,4,0,0,4,4,3,3,0,4,1,4,2,0,4,0,1,2,1,1,2,0,3,0,2,0,1,1,0,2,4,0,0,1,2,1,2,2,4,0,3,3,2,0,1,2,4,0,4,3,1,2,3,3,3,2,1,4,0,1,4,0,0,4,4,2,3,4,3,0,0,1,0,3,2,1,3,2,3,1,1,2,3,3,4,3,2,1,2,2,1,1,3,4,2,3,0,0,3,0,2,3,2,4,4,4,3,2,1,1,2,2,3,1,2,2,1,3,2,1,4,4,0,1,2,2,0,1,0,0,4,3,4,2,0,4,4,0,4,4,4,4,4,1,2,0,0,0,2,4,2,3,4,1,1,2,3,3,3,3,3,1,1,4,0,2,1,1,0,1,0,2,4,3,2,2,2,1,4,4,2,2,3,2,0,1,0,2,1,3,4,3,2,0,0,3,0,4,3,4,3,4,4,0,1,2,3,4,0,4,3,3,2,0,0,1,2,3,2,1,1,3,3,2,2,4,0,0,3,1,1,3,4,1,0,4,3,1,1,1,3,3,1,4,0,1,3"
69,0.3779982064151503,"2,1,0,0,2,0,1,2,4,4,0,4,3,0,0,0,3,0,1,2,3,3,3,2,1,4,3,4,1,1,1,4,4,0,0,4,4,3,3,0,4,1,4,2,0,4,0,1,2,1,1,2,0,3,0,2,0,1,1,0,2,4,0,0,1,2,1,2,2,4,0,3,3,2,0,1,2,4,0,4,3,1,2,3,3,3,2,1,4,0,1,4,0,0,4,4,2,3,4,3,0,0,1,0,3,2,1,3,2,3,1,1,2,3,3,4,3,2,1,2,2,1,1,3,4,2,3,0,0,3,0,2,3,2,4,4,4,3,2,1,1,2,2,3,1,2,2,1,3,2,1,4,4,0,1,2,2,0,1,0,0,4,3,4,2,0,4,4,0,4,4,4,4,4,1,2,0,4,0,2,4,2,3,4,1,1,2,3,3,3,3,3,1,1,4,0,2,1,1,0,1,0,2,4,3,2,2,2,1,4,4,2,2,3,2,0,1,0,2,1,3,4,3,2,0,0,3,0,4,3,4,3,4,4,0,1,2,3,4,0,4,3,3,2,0,0,1,2,3,2,1,1,3,3,2,2,4,0,0,3,1,1,3,4,1,0,4,3,1,1,1,3,3,1,4,0,1,3"
70,0.3755977201374696,"2,1,0,0,2,0,1,2,4,4,0,4,3,0,0,0,3,0,1,2,3,3,3,2,1,4,3,4,1,1,1,4,4,0,0,4,4,3,3,0,4,1,4,2,0,4,0,1,2,1,1,2,0,3,0,2,0,1,1,0,2,4,0,0,1,2,1,2,2,4,0,3,3,2,0,1,2,4,0,4,3,1,2,3,3,3,2,1,4,0,1,4,0,0,4,4,2,3,4,3,0,0,1,0,3,2,1,3,2,3,1,1,2,3,3,4,3,2,1,2,2,1,1,3,4,2,3,0,0,3,0,2,3,2,4,4,4,3,2,1,1,2,2,3,1,2,2,1,3,2,4,4,4,4,1,2,2,0,1,0,0,4,3,4,2,0,4,4,0,4,4,4,4,4,1,2,0,4,0,2,4,2,3,4,1,4,2,3,3,3,3,3,1,1,4,0,2,1,1,0,1,0,2,4,3,2,2,2,1,4,4,2,2,3,2,0,1,0,2,1,3,4,3,2,0,0,3,0,4,3,4,3,4,4,0,1,2,3,2,0,4,3,3,2,0,0,1,2,3,2,1,1,3,3,2,2,4,0,3,3,1,1,3,4,1,0,4,3,1,1,1,3,3,1,4,0,1,3"
71,0.37846527415190995,"2,1,0,0,2,0,1,2,4,4,0,4,3,0,0,0,3,0,1,2,3,3,3,2,1,4,3,4,1,1,1,4,4,0,0,4,4,3,3,0,4,1,4,2,0,4,0,1,2,1,1,2,0,3,0,2,0,1,1,0,2,4,0,0,1,2,1,2,2,4,0,3,3,2,0,1,2,4,0,4,3,1,2,3,3,3,2,1,4,0,1,4,0,0,4,4,2,3,4,3,0,0,1,0,3,2,1,3,2,3,1,1,2,3,3,4,3,2,1,2,2,1,1,3,4,2,3,0,0,3,0,2,3,2,4,4,4,3,2,1,1,2,2,3,1,2,2,1,3,2,4,4,4,0,1,2,2,0,1,0,0,4,3,4,2,0,4,4,0,4,4,4,4,4,1,2,1,4,0,2,4,2,3,4,1,1,2,3,3,3,3,3,1,1,4,0,2,1,1,0,1,0,2,4,3,2,2,2,1,4,4,2,2,3,2,0,1,0,2,1,3,4,1,2,0,0,3,0,4,3,4,3,4,4,0,1,2,3,0,0,4,3,3,2,0,0,1,2,3,2,1,1,3,3,2,2,4,0,0,3,1,1,3,4,1,0,4,3,1,1,1,3,3,1,4,0,1,3"
72,0.3786312604659036,"2,1,0,0,2,0,1,2,4,4,0,4,3,0,0,0,3,0,1,2,3,3,3,2,1,4,3,4,1,1,1,4,4,0,0,4,4,3,3,0,4,1,4,2,0,4,0,1,2,1,1,2,0,3,0,2,0,1,1,0,2,4,0,0,1,2,1,2,2,4,0,3,3,2,0,1,2,4,0,4,3,1,2,3,3,3,2,1,4,0,1,4,0,0,4,4,2,3,4,3,0,0,1,0,3,2,1,3,2,3,1,1,2,3,3,4,3,2,1,2,2,1,1,3,4,2,3,0,0,3,0,2,3,2,4,4,4,3,2,1,1,2,2,3,1,2,2,1,3,2,4,4,4,0,1,2,2,0,1,0,0,4,3,4,2,0,4,4,0,4,4,4,4,4,1,2,0,4,0,2,4,2,3,4,1,1,2,3,3,3,3,3,1,1,4,0,2,1,1,0,1,0,2,4,3,2,2,2,1,4,4,2,2,3,2,0,1,0,2,1,3,4,1,2,0,0,3,0,4,3,4,3,4,4,0,1,2,3,0,0,4,3,3,2,0,0,1,2,3,2,1,1,3,3,2,2,4,0,0,3,1,1,3,4,1,0,4,3,1,1,1,3,3,1,4,0,1,3"
73,0.37868939890395253,"2,1,0,0,2,0,1,2,4,4,0,4,3,0,0,0,3,0,1,2,3,3,3,2,1,4,3,4,1,1,1,4,4,0,0,4,4,3,3,0,4,1,4,2,0,4,0,1,2,1,1,2,0,3,0,2,0,1,1,0,2,4,0,0,1,2,1,2,2,4,0,3,3,2,0,1,2,4,0,4,3,1,2,3,3,3,2,1,4,0,1,4,0,0,4,4,2,3,4,3,0,0,1,0,3,2,1,3,2,3,1,1,2,3,3,4,3,2,1,2,2,1,1,3,4,2,3,0,0,3,0,2,3,2,4,4,4,3,2,1,1,2,2,3,1,2,2,1,3,2,4,4,4,0,1,2,2,0,1,0,0,4,3,4,2,0,4,4,0,4,4,4,4,4,1,2,0,4,0,2,4,2,3,4,1,1,2,3,3,3,3,3,1,1,4,0,2,1,1,0,1,0,2,4,3,2,2,2,1,4,4,2,2,3,2,0,1,0,2,1,3,4,1,2,0,0,3,0,4,3,4,3,4,4,0,1,2,3,0,0,4,0,3,2,0,0,1,2,3,2,1,1,3,3,2,2,4,0,0,3,1,1,3,4,1,1,4,3,3,1,1,3,3,1,4,0,1,3"
74,0.3790790138863554,"2,1,0,0,2,0,1,2,4,4,0,4,3,0,0,4,3,0,1,2,3,3,3,2,1,4,3,4,1,1,1,4,4,0,0,4,4,3,3,0,4,1,4,2,0,4,0,1,2,1,1,2,0,3,0,2,1,1,1,0,2,4,0,0,1,2,1,2,2,4,0,3,3,2,0,1,2,4,0,4,3,1,2,3,3,3,2,1,4,0,3,4,0,0,4,4,2,3,4,3,0,0,1,0,3,2,1,3,2,3,1,1,2,3,3,4,3,2,1,2,2,1,1,3,4,2,3,0,0,3,0,2,3,2,4,4,4,3,2,1,1,2,2,3,1,2,2,1,3,2,4,4,4,0,1,2,2,0,1,0,0,4,3,4,2,0,4,4,0,4,4,4,4,4,1,2,0,4,0,2,4,2,3,4,1,1,2,3,3,3,3,3,1,1,4,0,2,1,1,0,1,0,2,4,3,2,2,2,1,4,4,2,2,3,2,0,1,0,2,1,3,4,1,2,0,0,3,0,4,3,4,3,4,4,0,1,2,3,0,0,4,3,3,2,0,0,1,2,3,2,1,1,3,3,2,2,4,0,0,3,1,1,3,4,1,0,4,3,1,1,1,3,3,1,4,0,1,3"
75,0.3794690346758633,"2,1,0,0,2,0,1,2,4,4,0,4,3,0,0,4,3,0,1,2,3,3,3,2,1,4,3,4,1,1,1,4,4,0,0,4,4,3,3,0,4,1,4,2,0,4,0,1,2,1,1,2,0,3,0,2,1,1,1,0,2,4,0,0,1,2,1,2,2,4,0,3,3,2,0,1,2,4,0,4,3,1,2,3,3,3,2,1,4,0,3,4,0,0,4,4,2,3,4,3,0,0,1,0,3,2,1,3,2,3,1,1,2,3,3,4,3,2,1,2,2,1,1,3,4,2,3,0,0,3,0,2,3,2,4,4,4,3,2,1,1,2,2,3,1,2,2,1,3,2,4,4,4,0,1,2,2,0,1,0,0,4,3,4,2,0,0,4,0,4,4,4,4,4,1,2,0,4,0,2,4,2,3,4,1,1,2,3,3,3,3,3,1,1,4,0,2,1,1,0,1,0,2,4,3,2,2,2,1,4,4,2,2,3,2,0,1,0,2,1,3,4,1,2,0,0,3,0,4,3,4,3,4,4,0,1,2,3,0,0,4,3,3,2,0,0,1,2,3,2,1,1,3,3,2,2,4,0,0,3,1,1,3,4,1,0,4,3,1,1,1,3,3,1,4,0,1,3"
76,0.3794690346758633,"2,1,0,0,2,0,1,2,4,4,0,4,3,0,0,4,3,0,1,2,3,3,3,2,1,4,3,4,1,1,1,4,4,0,0,4,4,3,3,0,4,1,4,2,0,4,0,1,2,1,1,2,0,3,0,2,1,1,1,0,2,4,0,0,1,2,1,2,2,4,0,3,3,2,0,1,2,4,0,4,3,1,2,3,3,3,2,1,4,0,3,4,0,0,4,4,2,3,4,3,0,0,1,0,3,2,1,3,2,3,1,1,2,3,3,4,3,2,1,2,2,1,1,3,4,2,3,0,0,3,0,2,3,2,4,4,4,3,2,1,1,2,2,3,1,2,2,1,3,2,4,4,4,0,1,2,2,0,1,0,0,4,3,4,2,0,0,4,0,4,4,4,4,4,1,2,0,4,0,2,4,2,3,4,1,1,2,3,3,3,3,3,1,1,4,0,2,1,1,0,1,0,2,4,3,2,2,2,1,4,4,2,2,3,2,0,1,0,2,1,3,4,1,2,0,0,3,0,4,3,4,3,4,4,0,1,2,3,0,0,4,3,3,2,0,0,1,2,3,2,1,1,3,3,2,2,4,0,0,3,1,1,3,4,1,0,4,3,1,1,1,3,3,1,4,0,1,3"
77,0.38010448148458736,"2,1,0,0,2,0,1,2,4,4,0,4,3,0,0,4,3,0,1,2,3,3,3,2,1,4,3,4,1,1,1,4,4,0,0,4,4,3,3,0,4,1,4,2,0,4,0,1,2,1,1,2,0,3,0,2,1,1,1,0,2,4,0,0,1,2,1,2,2,4,0,3,3,2,0,1,2,4,0,4,3,1,2,3,3,3,2,1,4,0,3,4,0,0,4,4,2,3,4,3,0,0,1,0,0,2,1,3,3,3,1,1,2,3,3,4,3,2,1,2,2,1,1,3,4,2,3,0,0,3,0,2,3,2,4,4,4,3,2,1,1,2,2,3,1,2,2,1,3,2,4,4,4,0,1,2,2,0,1,0,0,4,3,4,2,0,0,4,0,4,4,4,4,4,1,2,0,4,0,2,4,2,3,4,1,1,2,3,3,3,3,3,1,3,4,0,2,1,1,0,1,0,2,4,1,2,2,2,1,4,4,2,2,3,2,0,1,0,2,1,3,4,1,2,0,0,3,0,4,3,4,3,4,4,0,1,2,3,0,0,4,3,3,2,0,0,1,2,3,2,1,1,3,3,2,2,4,0,0,3,1,1,3,4,1,0,4,3,1,1,1,3,3,1,4,0,1,3"
78,0.37934280410195476,"2,1,0,0,2,0,1,2,4,4,0,4,3,0,0,4,3,0,1,2,3,3,3,2,1,4,3,4,1,1,1,4,4,0,0,4,4,3,3,0,4,1,4,2,0,4,0,1,2,1,1,2,0,3,0,2,1,1,1,0,2,4,0,0,1,2,1,2,2,4,0,3,3,2,0,1,2,4,0,4,3,1,2,3,3,3,2,1,4,0,3,4,0,0,4,4,2,3,4,3,0,0,1,0,0,2,1,3,3,3,1,1,2,3,3,4,3,1,1,2,2,1,1,3,4,2,3,0,0,3,0,2,3,2,4,4,4,3,2,1,1,2,2,3,1,2,2,1,3,2,4,4,4,0,1,2,2,0,1,0,0,4,3,4,2,0,0,4,0,4,4,4,4,4,1,2,0,4,0,2,4,2,3,4,1,1,2,3,3,3,3,3,1,3,4,0,2,1,1,0,1,0,2,4,1,2,2,2,1,4,4,2,2,3,2,0,1,0,2,1,3,4,1,2,0,0,3,0,4,3,4,3,4,4,0,1,2,3,0,0,4,3,3,2,0,0,1,2,3,2,1,1,3,3,2,2,4,0,0,3,1,1,3,4,1,0,4,3,1,1,1,3,3,1,4,0,1,3"
79,0.3783374460586852,"2,1,0,0,2,0,1,2,4,4,0,4,3,0,0,4,3,0,1,2,3,3,3,2,1,4,3,4,1,1,1,4,4,0,0,4,4,3,3,0,4,1,4,2,0,4,0,1,2,1,1,2,0,3,0,2,1,1,1,0,2,4,0,0,1,2,1,2,2,4,0,3,3,2,0,1,2,4,0,4,3,1,2,3,3,3,2,1,4,0,3,4,0,0,4,4,2,3,4,3,0,0,1,0,0,2,1,3,3,3,1,1,2,3,3,4,3,1,1,2,2,1,1,3,4,2,3,0,0,3,0,2,3,2,4,4,4,3,2,1,1,2,2,3,1,2,2,1,3,2,4,4,4,0,1,2,2,0,1,0,0,0,3,4,2,0,0,4,0,4,4,4,4,4,1,2,0,4,0,2,4,2,3,4,1,1,2,3,3,3,3,3,1,3,4,0,2,1,1,0,1,0,2,4,1,2,2,2,1,4,4,2,2,3,2,0,1,0,2,1,3,4,1,2,0,0,3,0,4,3,4,3,4,4,0,1,2,4,0,0,4,3,3,2,0,0,1,2,3,2,1,1,3,3,2,2,4,0,0,3,1,1,3,4,1,0,4,3,1,1,1,3,3,1,4,0,1,3"
80,0.38048124230697095,"2,1,0,0,2,0,1,2,4,4,0,4,3,0,0,4,3,0,1,2,3,3,3,2,1,4,3,4,1,1,1,4,4,0,0,4,4,3,3,0,4,1,4,2,0,4,0,1,2,1,1,2,0,3,0,2,1,1,1,0,2,4,0,0,1,2,1,2,2,4,0,3,3,2,0,1,2,4,0,4,3,1,2,3,3,3,2,1,4,0,3,4,0,0,4,4,2,3,4,3,0,0,1,0,0,2,1,3,3,3,1,1,2,3,3,4,3,2,1,2,2,1,1,3,4,2,3,0,0,3,0,2,3,2,2,4,4,3,2,1,1,2,2,3,1,2,2,1,3,2,4,4,4,0,1,2,2,0,1,0,0,4,3,4,2,0,0,4,0,4,4,4,4,4,1,2,0,4,0,2,4,2,3,4,1,1,2,3,3,3,3,3,1,3,4,0,2,1,1,0,1,0,2,4,1,2,2,2,1,4,4,2,2,3,2,0,1,0,2,1,3,4,1,2,0,0,3,0,4,3,4,3,4,4,0,1,2,3,0,0,4,3,3,2,0,0,1,0,3,2,1,1,3,3,2,2,4,0,0,3,1,1,3,4,1,1,4,3,1,1,4,3,3,1,4,0,1,3"
81,0.37888758206839596,"2,1,0,0,2,0,1,2,4,4,0,4,3,0,0,4,3,0,1,2,3,3,3,2,1,4,3,4,1,1,1,4,4,0,0,4,4,3,3,0,4,1,4,2,0,4,0,1,2,1,1,2,0,3,0,2,1,1,1,0,2,4,0,0,1,2,1,2,2,4,0,3,3,2,0,1,2,4,0,4,3,1,2,3,3,3,2,1,4,0,3,4,0,0,4,4,2,3,4,3,0,0,1,0,3,2,1,3,3,3,1,1,2,3,3,4,3,2,1,2,2,1,1,3,4,2,3,0,0,3,0,2,3,2,4,4,4,3,2,1,1,2,2,3,1,2,2,1,3,2,4,4,4,0,1,2,2,0,1,0,0,4,3,4,2,1,0,4,0,4,4,4,4,4,1,2,0,4,0,2,0,2,3,4,1,1,2,3,3,3,2,3,1,3,4,0,2,1,1,0,1,2,2,4,3,2,2,2,2,1,4,2,2,3,2,0,1,0,2,1,3,4,1,1,0,0,3,0,4,3,4,3,4,4,0,1,2,3,0,0,4,3,3,1,0,0,1,2,3,2,1,1,3,3,2,2,4,0,0,3,1,1,3,4,1,0,4,3,1,1,4,3,1,1,4,0,1,3"
82,0.3813963649514071,"2,1,0,0,2,0,1,2,4,4,0,4,3,0,0,4,3,0,1,2,0,3,3,2,1,4,3,4,1,3,1,4,4,0,0,4,4,3,3,0,4,1,4,2,0,4,0,1,2,1,1,2,0,3,0,2,1,1,1,0,2,4,0,0,1,2,1,2,2,4,0,3,3,2,0,1,2,4,0,4,3,1,2,3,3,3,2,1,4,0,3,4,0,0,4,4,2,3,4,3,0,0,1,0,0,2,1,3,3,3,1,1,2,3,3,4,3,2,0,2,2,1,1,3,4,1,3,0,0,3,0,2,3,2,2,4,4,3,2,1,1,2,2,3,1,2,2,1,3,2,4,4,4,0,1,2,2,0,1,0,0,4,3,4,2,4,0,4,0,4,4,4,4,4,1,2,0,4,0,2,4,2,3,4,1,1,2,3,3,3,3,3,1,3,4,0,2,1,1,0,1,0,2,4,1,2,2,2,1,1,4,2,2,3,2,0,1,0,2,1,3,4,1,2,0,0,3,0,4,3,4,3,4,4,0,1,2,3,0,0,4,3,3,2,0,0,1,2,3,2,1,1,3,3,2,2,4,0,0,3,1,1,3,4,1,1,4,3,1,1,4,3,3,1,4,0,1,3"
83,0.3810368653298691,"2,1,0,0,2,0,1,2,4,4,0,4,3,0,0,4,3,0,1,2,0,3,3,2,1,4,3,4,1,3,1,4,4,0,0,4,4,3,3,0,4,1,4,2,0,4,0,1,2,1,1,2,0,3,0,2,1,1,1,0,2,4,0,0,1,2,1,2,2,4,0,3,3,2,0,1,2,4,0,4,3,4,2,3,3,3,2,1,4,0,3,4,0,0,4,4,2,3,4,3,0,0,1,0,0,2,1,3,3,3,1,1,2,3,3,4,3,2,0,2,2,1,1,3,4,1,3,0,0,3,0,2,3,2,2,4,4,3,2,1,1,2,2,3,1,2,2,1,3,2,4,4,4,0,1,2,2,0,1,0,0,4,3,4,2,4,0,4,0,4,4,4,4,4,1,2,0,4,0,2,4,2,3,4,1,1,2,3,3,3,3,3,1,3,4,0,2,1,1,0,1,0,2,4,1,2,2,2,1,1,4,2,2,3,2,0,1,0,2,1,3,1,1,2,0,0,3,0,4,3,4,3,4,4,0,1,2,3,0,0,4,3,3,2,4,0,1,2,3,2,1,1,3,3,2,2,4,0,0,3,1,1,3,4,1,1,4,3,1,1,4,3,3,1,4,0,1,3"
84,0.38014094229304074,"2,1,0,0,2,0,1,2,4,4,0,4,3,0,0,4,3,0,1,2,0,3,3,2,1,4,3,4,1,3,1,4,4,0,0,4,4,3,3,0,4,1,4,2,0,4,0,1,2,1,1,2,0,3,0,2,1,1,1,0,2,4,0,0,1,2,1,2,2,4,0,3,3,2,0,1,2,4,0,4,3,1,2,3,3,3,2,1,4,0,3,4,0,0,4,4,2,3,4,3,0,0,1,0,0,2,1,3,3,3,1,1,2,3,3,4,3,2,0,2,2,1,2,3,4,1,3,0,0,3,0,2,3,2,2,4,4,3,2,1,1,2,2,3,1,2,2,1,3,2,4,4,4,0,1,2,2,0,1,0,0,4,3,4,2,4,0,4,0,3,4,4,4,4,1,2,0,4,0,2,4,2,3,4,1,1,2,3,3,3,3,3,1,3,4,0,2,1,1,0,1,0,2,4,1,2,2,2,1,1,4,2,2,3,2,0,1,0,2,1,3,4,1,2,0,0,3,0,4,3,4,3,4,4,0,1,2,3,0,0,4,3,3,2,0,0,1,2,3,2,1,1,3,3,2,2,4,0,0,3,1,1,3,4,1,1,4,3,1,1,4,3,3,1,4,0,1,3"
85,0.3816209430555538,"2,1,0,0,2,0,1,2,4,4,0,4,3,0,0,4,3,0,1,2,0,3,3,2,1,4,3,4,1,3,1,4,4,0,0,4,4,3,3,0,4,1,4,2,0,4,0,1,2,1,1,2,0,3,0,2,1,1,1,0,2,4,0,0,1,2,1,2,2,4,0,3,3,2,0,1,2,4,0,4,3,1,2,3,3,3,2,1,4,0,3,4,0,0,4,4,2,3,4,3,0,0,1,0,0,2,1,3,3,3,1,1,2,3,3,4,3,2,0,2,2,1,1,3,4,1,4,0,0,3,0,1,3,2,2,4,4,3,2,1,1,2,2,3,1,2,2,1,3,2,4,4,4,0,1,2,2,0,1,0,0,4,3,4,2,4,0,4,0,4,4,4,4,4,1,2,0,4,0,2,4,2,3,4,1,1,2,3,3,3,3,3,1,3,4,0,2,1,1,0,1,0,2,4,1,2,2,2,1,1,2,2,2,3,2,0,1,0,2,1,3,4,1,2,0,0,3,0,3,3,4,3,4,4,0,1,2,3,0,0,4,3,3,2,0,3,1,2,3,2,1,1,3,3,2,2,4,0,0,3,1,1,3,4,1,1,4,3,1,1,4,3,3,1,4,0,1,3"
86,0.38183448293688743,"2,1,0,0,2,0,1,2,4,4,0,4,3,0,0,4,3,0,1,2,0,3,3,2,1,4,3,4,1,3,1,4,4,0,0,4,4,3,3,0,4,1,4,2,0,4,0,1,2,1,1,2,0,3,0,2,1,1,1,0,2,4,0,0,1,2,1,2,2,4,0,3,3,2,0,1,2,4,0,4,3,1,2,3,0,3,2,1,4,0,3,4,0,0,4,4,2,3,4,3,0,0,1,0,0,2,1,3,3,3,1,1,2,3,3,4,3,2,0,2,2,1,1,3,4,1,4,0,0,3,0,2,3,2,2,4,4,3,2,1,1,2,2,3,1,2,2,1,3,2,4,4,4,0,1,2,2,0,1,0,0,4,3,4,2,4,0,4,3,4,4,4,4,4,1,2,0,4,0,2,4,2,3,4,1,1,2,4,3,3,3,3,1,3,4,0,2,1,1,0,1,0,2,2,1,2,2,2,1,3,2,2,3,3,2,0,1,0,2,1,3,4,1,2,0,0,3,0,4,3,4,3,4,4,0,1,2,3,0,0,4,3,3,2,0,0,1,2,3,2,1,1,3,3,2,2,4,0,0,3,1,1,3,4,1,1,4,3,1,1,4,3,3,1,4,0,1,3"
87,0.3796598942239787,"2,1,0,0,2,0,1,2,4,4,0,4,3,0,0,4,3,0,1,2,0,3,3,2,1,4,3,4,1,3,1,4,4,0,0,4,4,3,3,0,4,1,4,2,0,4,0,1,2,1,1,2,0,3,0,2,1,1,1,0,2,4,0,0,1,2,1,2,2,4,0,3,3,2,0,1,2,4,0,4,3,1,2,3,3,3,2,1,4,0,3,4,0,0,4,4,2,3,4,3,0,0,1,0,0,2,1,1,3,3,1,1,2,3,3,4,3,2,0,2,2,1,1,3,4,1,4,0,0,3,0,3,3,2,2,4,4,3,2,1,1,2,2,3,1,2,2,1,3,2,4,4,4,0,1,2,2,0,1,0,0,4,3,4,2,4,0,4,0,4,4,4,4,4,1,2,0,4,0,2,4,2,3,4,1,1,2,3,3,3,3,3,1,3,4,0,4,1,1,0,1,0,2,4,1,2,2,2,1,1,4,2,2,3,2,0,1,0,2,1,3,4,1,2,0,0,3,0,3,3,4,3,4,4,0,1,2,3,0,0,4,3,3,2,0,0,1,2,3,2,1,1,3,3,2,2,4,0,0,3,1,1,3,4,1,1,4,3,1,1,4,3,3,1,4,0,1,3"
88,0.38329003014296087,"2,1,0,0,2,0,1,2,4,4,0,4,3,0,0,4,3,0,1,2,0,3,3,2,1,4,3,4,1,3,1,4,4,0,0,4,4,3,3,0,4,1,3,2,0,4,4,1,2,1,1,2,0,3,0,2,1,1,2,0,2,4,0,0,1,2,1,2,2,4,0,3,3,2,0,1,2,4,0,4,3,1,2,3,3,3,2,1,4,0,3,4,0,0,4,4,2,3,4,3,0,4,1,0,0,2,1,3,3,3,1,1,2,3,3,4,3,2,1,2,2,1,1,3,4,3,4,0,0,3,0,2,3,2,2,4,4,3,2,1,1,2,2,3,1,2,2,1,3,2,4,4,4,0,1,2,2,0,1,0,0,4,3,4,2,4,0,4,0,4,4,4,4,4,1,2,0,4,0,2,4,2,0,4,1,1,2,3,3,3,3,3,1,3,4,0,2,1,1,0,1,0,2,4,1,2,2,2,1,1,4,2,2,3,2,0,1,0,2,1,3,4,1,2,0,0,3,0,3,3,4,3,3,4,0,1,2,3,0,0,4,3,0,2,0,0,1,2,3,1,1,1,3,3,2,2,4,0,0,3,1,1,3,4,1,1,4,3,1,1,4,3,3,1,4,0,1,2"
89,0.382406818530345,"2,1,0,0,2,0,1,2,4,4,0,4,3,0,0,4,3,0,1,2,0,3,3,2,1,4,3,4,1,3,1,4,4,0,0,4,4,3,3,0,4,1,3,2,0,4,4,1,2,1,1,2,0,3,0,2,1,1,2,0,2,4,0,0,1,2,1,2,2,4,0,3,3,2,0,1,2,4,0,4,3,1,2,3,3,3,2,1,4,0,3,4,0,0,4,4,2,3,4,3,0,4,1,0,0,2,1,3,3,3,1,1,2,3,3,4,3,2,1,2,2,1,1,3,4,3,4,0,0,3,0,2,3,0,2,4,4,3,2,1,1,2,2,3,1,2,2,1,3,2,4,4,4,0,1,2,2,0,1,0,0,4,3,4,2,4,0,4,0,4,4,4,4,4,1,2,0,4,0,2,4,2,0,4,1,1,2,3,3,3,3,3,1,3,4,0,2,1,1,0,1,0,2,4,1,2,2,2,1,1,4,2,2,3,2,0,1,0,2,1,3,4,1,2,0,0,3,0,3,3,4,4,3,4,0,1,2,3,0,0,4,3,0,2,0,0,1,2,3,1,1,1,3,3,2,2,4,0,0,3,1,1,3,0,1,1,4,3,1,1,4,3,3,1,4,0,1,2"
90,0.3829545695453956,"2,1,0,0,2,0,1,2,4,4,0,4,3,0,0,4,3,0,1,2,0,3,3,2,1,4,3,3,1,3,1,4,4,0,0,4,4,3,3,0,4,1,3,2,0,4,4,1,2,1,1,2,0,3,0,2,1,1,2,0,2,4,0,0,1,2,1,2,2,4,0,3,3,2,0,1,2,4,0,4,3,1,2,3,3,3,2,1,4,0,3,4,0,0,4,4,2,3,4,3,0,4,1,0,0,2,1,3,3,3,1,1,2,3,3,4,3,2,1,2,2,1,1,3,4,3,4,0,0,3,0,2,3,2,2,4,4,3,2,1,1,2,2,3,1,2,2,0,3,2,4,4,4,0,1,2,2,0,1,0,0,4,3,4,2,4,0,4,0,4,4,4,4,4,1,2,0,4,0,2,4,2,0,4,1,1,2,3,3,3,3,3,1,3,4,0,2,1,1,0,1,0,2,4,1,2,2,2,1,1,4,2,2,3,2,0,1,0,2,1,3,4,1,2,0,1,3,0,3,3,4,4,3,4,0,1,2,3,0,0,4,3,0,2,0,0,1,2,3,1,1,1,3,3,2,2,4,0,0,3,1,1,3,0,1,1,4,3,1,1,4,3,3,1,4,0,1,2"
91,0.38237625964447547,"2,1,0,0,2,0,4,2,4,4,0,4,3,0,0,4,3,0,1,2,0,3,3,2,1,4,3,3,1,3,1,4,4,0,0,4,4,3,3,0,4,1,3,2,0,4,4,1,2,1,1,2,0,3,0,2,1,1,2,0,2,4,0,0,1,2,1,2,2,4,0,3,3,2,0,1,2,4,0,4,3,1,2,3,3,3,2,1,4,0,3,4,0,0,4,4,2,3,4,3,0,4,1,0,0,2,1,3,3,3,1,1,2,3,3,4,3,2,1,2,2,1,1,3,4,3,4,0,0,3,0,2,3,2,2,4,4,3,2,1,1,2,2,3,1,2,2,1,3,2,4,4,4,0,1,2,2,0,1,0,0,4,3,4,2,4,0,4,0,4,4,4,4,4,1,2,0,4,0,2,4,2,0,4,1,1,2,3,3,3,3,3,1,3,4,0,2,1,4,0,1,0,2,4,1,2,2,2,1,1,4,2,2,3,2,0,1,0,2,1,3,4,1,2,0,0,3,0,3,3,4,4,3,4,0,1,2,3,0,0,4,3,0,2,0,0,1,2,3,1,1,1,3,3,2,2,4,0,0,3,1,1,3,0,1,1,4,3,1,1,4,3,3,1,4,0,1,2"
92,0.3816215615282476,"2,1,0,0,2,0,4,2,4,4,0,4,3,2,0,4,3,0,1,2,0,3,3,2,1,4,3,3,1,3,1,4,4,0,0,4,4,3,3,0,4,1,3,2,0,4,4,1,2,1,1,2,0,3,0,2,1,1,2,0,2,4,0,0,1,2,1,2,2,4,0,3,3,2,0,1,2,4,0,4,3,1,2,3,3,3,2,1,4,0,3,4,0,0,4,4,2,3,4,3,0,4,1,3,0,2,1,3,3,3,1,1,2,3,3,4,3,2,1,2,2,1,1,3,4,3,4,0,0,3,0,2,3,2,2,4,4,3,2,1,1,2,2,3,1,2,2,1,3,2,4,4,4,0,1,4,2,0,1,0,0,4,3,4,2,4,0,4,0,4,4,4,4,4,1,2,0,4,0,2,4,2,0,4,1,1,2,3,3,3,3,3,1,3,4,0,2,1,1,0,1,0,2,4,1,2,2,2,1,1,4,2,2,3,2,0,1,0,2,1,3,4,1,2,0,4,3,0,3,3,2,4,3,4,0,1,2,3,0,0,4,3,0,2,0,0,1,2,3,1,1,1,3,3,2,2,4,0,0,3,1,1,3,0,1,1,4,3,1,1,4,3,3,1,4,0,1,2"
93,0.38426658227051586,"2,1,0,0,2,0,4,2,4,4,0,4,3,2,0,4,3,0,1,2,0,3,3,2,1,4,3,3,1,3,1,4,4,0,0,4,4,3,3,0,4,1,3,2,0,4,4,1,2,4,1,2,0,3,0,2,1,1,2,0,2,4,0,0,1,2,1,2,2,4,0,3,3,2,0,1,2,4,0,4,3,1,2,3,3,3,2,1,4,0,3,4,0,0,4,4,2,3,4,3,0,4,1,3,0,2,1,3,3,3,1,1,2,3,3,4,3,2,1,2,2,1,1,3,4,3,4,0,0,3,0,2,3,2,2,4,4,3,2,1,1,2,2,3,1,2,2,1,3,2,4,4,4,0,0,2,2,0,1,0,0,4,3,4,2,4,0,4,0,4,4,4,4,4,1,2,0,4,0,2,4,2,0,4,1,1,2,0,3,3,3,3,1,3,4,0,2,1,1,0,1,0,2,4,1,2,2,1,1,1,4,2,2,3,2,0,1,0,2,1,3,4,1,2,0,0,3,0,3,3,4,4,3,3,0,1,2,3,0,0,4,3,0,2,0,0,1,2,3,1,1,1,3,3,2,2,4,0,0,3,1,1,1,0,1,1,4,3,1,1,4,3,3,1,4,4,1,2"
94,0.3845043170568435,"2,1,0,0,2,0,4,2,4,4,0,4,3,2,0,4,3,0,1,2,0,3,3,2,1,2,3,3,1,3,1,4,4,0,0,4,4,3,3,0,4,1,3,2,0,4,4,1,2,4,1,2,0,3,0,2,1,1,2,0,2,4,0,0,1,2,1,2,2,4,0,3,3,2,0,1,2,4,0,4,3,1,2,3,3,3,2,1,4,0,3,4,0,0,4,4,2,3,4,3,0,4,1,3,0,2,1,3,3,3,1,1,2,3,3,4,3,2,1,2,2,1,1,3,1,3,4,0,0,3,0,2,3,2,2,4,4,3,2,1,1,2,2,3,1,2,2,1,3,2,4,4,4,0,0,2,2,0,1,0,0,4,3,4,2,4,0,4,0,4,4,4,4,4,1,2,0,4,0,2,4,2,0,4,1,1,2,0,3,3,3,3,1,3,4,0,2,1,1,0,1,0,2,4,1,2,2,1,1,1,4,2,2,3,2,0,1,0,2,1,3,4,1,2,0,0,3,0,3,3,4,4,3,3,0,1,2,3,0,0,4,3,0,2,0,0,1,2,3,1,1,1,3,3,2,2,4,0,0,3,1,1,1,0,1,1,4,3,1,1,4,3,3,1,4,4,1,2"
95,0.3835139892259412,"2,1,0,0,2,0,4,2,4,4,0,4,3,2,0,4,3,0,1,2,0,3,3,2,1,2,3,3,1,3,1,4,4,0,0,4,4,3,3,0,4,1,3,2,0,4,4,1,2,4,1,2,0,3,0,2,1,1,2,0,2,4,0,0,1,2,1,2,2,4,0,3,2,2,0,1,2,4,0,4,3,1,2,3,3,3,2,1,4,0,3,4,0,0,4,4,2,3,4,3,0,4,1,3,0,2,1,3,3,3,1,1,2,3,3,4,3,2,1,2,2,1,1,3,1,3,4,0,0,3,0,2,3,2,2,4,4,3,2,1,1,2,2,3,1,2,2,1,3,2,4,4,4,0,0,2,2,0,1,0,0,4,3,4,2,4,0,4,0,4,4,4,4,4,1,2,0,4,0,2,4,2,0,4,1,1,2,0,3,3,3,3,1,3,4,0,2,1,1,0,1,0,2,4,1,2,2,1,1,1,4,2,2,3,2,0,4,0,2,1,3,4,1,2,0,0,3,0,3,3,4,4,3,3,0,1,2,3,0,0,4,3,0,2,0,0,1,2,3,1,1,1,3,3,2,2,4,0,0,3,1,1,1,0,1,1,4,3,1,1,4,3,3,1,4,4,1,2"
96,0.3851085930781876,"2,1,0,0,2,0,4,2,4,4,0,4,3,2,0,4,3,0,1,2,0,3,2,2,1,2,3,3,1,3,1,4,4,0,0,4,4,3,3,0,4,1,3,2,0,4,4,1,2,4,1,2,0,3,0,2,1,1,2,0,2,4,0,0,1,2,1,2,2,4,0,3,3,2,0,1,3,4,0,4,3,1,2,3,3,3,2,1,4,0,3,4,0,0,4,4,2,0,4,3,0,4,1,3,0,2,1,3,3,3,1,1,2,3,3,4,3,2,1,2,2,1,1,3,1,3,4,0,0,3,0,2,3,2,2,4,4,3,2,1,1,2,2,3,1,2,2,1,3,2,4,4,4,0,0,2,2,0,1,0,0,4,3,4,2,4,0,4,0,4,4,4,4,4,1,2,0,1,0,3,4,2,0,4,1,1,2,0,3,3,3,3,1,3,4,0,2,1,1,0,1,0,2,4,1,2,2,1,1,1,4,2,2,3,2,0,1,0,2,1,3,4,1,2,0,0,3,0,3,3,4,4,3,3,0,1,2,3,0,0,4,3,0,2,0,0,1,2,3,4,1,1,3,3,2,2,4,0,0,3,1,1,1,0,1,1,4,3,1,1,4,3,3,1,4,4,1,2"
97,0.3857964557282371,"2,1,0,0,2,0,4,2,4,4,0,4,3,2,0,4,3,0,1,2,0,3,2,2,1,2,3,3,1,3,1,4,4,0,0,4,4,3,3,0,4,1,3,2,0,4,4,1,2,4,1,2,0,3,0,2,1,1,2,0,2,4,0,0,1,2,1,2,2,4,0,3,3,2,0,1,3,4,4,4,3,1,2,3,3,3,2,1,4,3,3,4,0,0,4,4,2,0,4,3,0,4,1,0,0,2,1,3,3,3,1,1,2,3,3,4,3,2,1,2,2,1,1,3,1,3,4,0,0,3,0,2,3,2,2,4,4,3,2,1,1,2,2,3,1,2,2,1,3,2,4,4,4,0,0,2,2,0,1,0,0,4,3,4,2,4,0,4,0,4,4,4,4,4,1,2,0,1,0,3,4,2,0,4,1,1,2,0,3,3,3,3,1,3,4,0,2,1,1,0,1,0,2,4,1,2,2,1,1,1,4,2,2,3,2,0,1,0,2,1,3,4,1,2,0,0,3,0,3,3,4,4,3,3,0,1,2,3,0,0,4,3,0,2,0,0,1,2,3,4,1,1,3,3,2,2,4,0,0,3,1,1,1,0,1,1,4,3,1,1,4,3,3,1,4,4,1,2"
98,0.38614643681238353,"2,1,0,0,2,0,4,2,4,4,0,4,3,2,0,4,3,0,1,2,0,3,2,2,1,2,3,3,1,3,1,4,4,0,0,4,4,3,3,0,4,1,3,2,0,4,4,1,2,4,1,2,0,3,0,2,1,1,2,0,2,4,0,0,1,2,1,2,2,4,0,3,3,2,0,1,3,4,4,4,3,1,2,3,3,3,2,1,4,3,3,4,0,0,4,4,2,0,4,3,0,4,1,0,0,2,1,3,3,3,1,1,2,3,3,4,3,2,1,2,2,1,1,3,1,3,4,0,0,3,0,2,3,2,2,4,4,3,2,1,1,2,2,3,1,2,2,1,3,0,4,4,4,0,0,2,2,0,1,0,0,4,3,4,2,4,0,4,0,4,4,4,4,4,1,2,2,1,0,3,4,2,0,4,1,1,2,0,3,3,3,3,1,3,4,0,2,1,1,0,1,0,2,4,1,2,2,1,1,1,4,2,2,3,2,0,1,0,2,1,3,4,1,2,0,0,3,0,3,3,4,4,3,3,0,1,2,3,0,0,4,3,0,2,0,0,1,2,3,4,1,1,3,3,2,2,4,0,0,3,1,1,1,0,1,1,4,3,1,1,4,3,3,1,4,4,1,2"
99,0.38565153279055525,"2,1,0,0,2,0,4,2,4,4,0,4,3,2,0,4,3,0,1,2,0,3,2,2,1,2,3,3,1,3,1,4,4,0,0,4,4,3,3,0,4,1,3,2,0,4,4,1,2,4,1,2,0,3,0,2,1,1,2,0,2,4,0,0,1,2,1,2,2,4,0,3,3,2,0,1,3,4,4,4,3,1,2,3,3,3,2,1,4,3,3,4,0,0,4,4,2,0,4,3,0,4,1,0,0,2,1,3,3,3,1,1,2,3,3,4,3,2,1,2,2,1,1,3,1,3,4,0,0,3,0,2,3,2,2,4,4,3,2,1,1,2,2,3,1,2,2,1,3,0,4,4,4,0,0,2,2,0,1,0,0,4,3,4,2,4,0,4,0,4,4,4,4,4,1,2,2,1,0,3,4,2,0,4,1,1,1,0,3,3,3,3,1,3,4,0,2,1,1,0,1,0,2,4,1,2,2,1,1,1,4,2,2,3,2,0,1,0,2,1,3,4,1,2,0,0,3,0,3,3,4,4,3,3,0,1,2,3,0,0,4,3,0,2,0,0,0,2,3,4,1,1,3,3,2,2,4,0,0,3,1,1,1,0,1,1,4,3,1,1,4,3,3,1,4,4,1,2"
100,0.3853802961917554,"2,1,0,0,2,0,4,2,4,4,0,4,3,2,0,4,3,0,1,2,0,3,2,2,1,2,3,3,1,3,1,4,4,0,0,4,4,3,3,0,4,1,3,2,0,4,4,1,2,4,1,2,0,3,0,2,1,1,2,0,2,4,0,0,1,2,1,2,2,4,0,3,3,2,0,1,3,4,4,4,3,1,2,3,3,3,2,1,4,3,3,4,0,0,4,4,2,0,4,3,0,4,1,0,0,2,1,3,3,3,1,1,2,3,3,4,3,2,1,2,2,1,1,3,1,3,4,0,0,3,0,2,3,2,2,4,4,3,2,1,1,2,2,3,1,2,2,1,3,0,4,4,4,0,0,2,2,0,1,0,0,4,3,4,2,4,0,4,0,4,4,4,4,4,1,2,2,1,0,3,4,2,0,4,1,1,1,0,3,3,3,3,1,3,4,0,2,1,1,0,1,0,2,1,1,2,2,1,1,1,4,2,2,3,2,0,1,0,2,1,3,4,1,2,0,0,3,0,3,3,4,4,3,3,0,1,2,3,0,0,4,3,0,2,0,0,1,2,3,4,1,1,3,3,2,2,4,0,0,3,1,1,1,0,1,1,4,3,1,1,4,3,3,1,4,4,1,2"
101,0.3842178832961613,"2,1,0,0,2,0,4,2,4,4,0,4,3,2,0,4,3,0,1,2,0,3,2,2,1,2,3,3,1,3,1,4,4,0,0,4,4,3,3,0,4,1,3,2,0,4,4,1,2,4,1,2,0,3,0,2,1,1,2,0,2,4,0,0,1,2,1,2,2,4,0,3,3,2,0,1,3,4,4,4,3,1,2,3,3,3,2,1,4,3,3,4,0,0,4,4,2,0,4,3,0,4,1,0,0,2,1,3,3,3,1,1,2,3,3,4,3,2,1,2,2,1,1,3,1,3,4,0,0,3,0,2,3,2,2,4,4,3,2,1,1,2,2,3,1,2,2,1,3,0,4,4,4,0,0,2,2,0,1,0,0,4,3,4,2,4,0,4,0,4,4,4,4,4,1,2,2,1,0,3,4,1,0,4,1,1,1,0,3,3,3,3,1,3,4,0,2,1,1,0,1,2,2,1,1,2,2,1,1,1,4,2,2,3,2,0,1,0,0,1,3,4,1,2,0,0,3,0,3,3,4,4,3,3,0,1,2,3,0,0,4,3,0,2,0,0,1,2,3,4,1,1,3,3,2,2,4,0,0,3,1,1,1,0,1,1,4,3,1,1,4,3,3,1,4,4,1,2"
102,0.38408328315756135,"2,1,0,0,2,0,4,2,4,4,0,4,3,2,0,4,3,0,1,2,0,3,2,2,1,2,3,3,1,3,1,4,4,0,0,4,4,3,3,0,4,1,3,2,0,4,4,1,2,4,1,2,0,3,0,2,1,1,2,0,2,4,0,0,1,2,1,2,2,4,0,3,3,2,0,1,3,4,4,4,3,1,2,3,3,3,2,1,4,3,3,4,0,0,4,4,2,0,4,3,0,4,1,0,0,2,1,3,3,3,1,1,2,3,3,4,3,2,1,2,2,1,1,3,1,3,4,0,0,3,0,2,3,2,2,4,4,3,2,1,1,2,2,3,1,2,2,1,3,0,4,4,4,0,0,2,2,0,1,0,0,4,3,4,2,4,0,4,0,4,4,4,4,4,1,2,2,0,0,3,4,2,0,4,1,1,2,0,3,3,3,3,1,0,4,0,2,1,1,0,1,0,2,1,1,2,2,1,1,1,0,2,2,3,2,0,1,0,2,1,3,4,1,2,0,0,3,0,3,3,4,4,3,3,0,1,2,3,0,0,4,3,0,2,0,0,2,2,3,4,1,1,3,3,2,2,4,0,0,3,1,1,1,0,1,1,4,3,1,1,4,3,3,1,4,4,1,2"
103,0.38455621471204254,"2,1,0,0,2,0,4,2,4,4,0,4,3,2,0,4,3,0,1,2,0,3,2,2,1,2,3,3,1,3,1,4,4,0,0,4,4,3,3,0,4,1,3,2,0,4,4,1,2,4,1,2,0,3,0,2,1,1,2,0,2,4,0,0,1,2,1,2,2,4,0,3,3,2,0,1,3,4,4,4,3,1,2,3,3,3,2,1,4,3,3,4,0,0,4,4,2,0,4,3,0,4,1,0,0,2,1,3,3,3,1,1,2,3,3,4,3,2,1,2,2,1,1,3,1,3,4,0,0,3,0,2,3,2,2,4,4,3,2,1,1,2,2,3,1,2,2,1,3,0,4,4,4,0,0,2,2,0,1,0,0,4,3,4,2,4,0,4,0,4,4,4,4,4,1,2,2,1,0,0,4,2,0,4,1,1,2,0,3,3,3,3,1,3,4,0,2,1,1,0,0,0,2,1,1,2,2,1,1,1,4,2,2,3,2,0,1,0,2,1,3,4,1,2,0,0,3,0,3,3,4,4,3,3,0,1,2,3,0,0,4,3,0,2,0,0,1,2,3,1,1,1,3,3,2,2,4,0,0,3,1,1,1,0,1,1,4,3,1,1,4,3,3,1,4,4,1,2"
104,0.3846659963629626,"2,1,0,0,2,0,4,2,4,4,0,4,3,2,0,4,3,0,1,2,0,3,2,2,1,2,3,3,1,3,1,4,4,0,0,4,4,3,3,0,4,1,3,2,0,4,4,1,2,4,1,2,0,3,0,2,1,0,2,0,2,4,0,0,1,2,1,1,2,4,0,3,3,1,0,1,3,4,4,4,3,2,2,3,3,3,2,1,4,3,3,4,0,0,4,4,2,0,4,3,0,0,1,0,0,2,1,3,2,3,1,2,2,3,3,4,3,2,1,2,2,1,1,3,1,3,4,4,0,3,0,2,3,2,2,4,4,3,2,1,1,2,2,3,1,2,2,1,3,0,4,4,4,0,0,2,2,0,1,0,0,4,3,4,2,4,0,4,0,4,4,4,4,4,1,2,2,1,0,3,4,2,0,4,1,1,2,0,3,3,3,3,1,3,4,0,2,2,1,0,1,0,2,1,1,2,2,1,1,1,4,2,2,3,2,0,1,0,2,1,3,4,1,2,1,0,3,0,0,3,4,4,3,3,0,1,2,3,0,0,4,3,0,2,0,0,1,2,3,4,1,1,3,3,2,2,4,0,0,3,1,1,1,0,1,1,4,3,1,4,4,3,3,1,4,4,1,2"
105,0.38772514527075136,"2,1,0,0,2,0,4,2,4,4,0,4,3,2,0,4,3,0,1,2,0,3,2,2,1,2,3,3,1,3,1,4,4,0,0,4,4,3,3,0,4,1,3,2,0,4,4,1,2,4,1,2,0,3,0,2,1,0,2,0,2,4,0,0,1,2,1,1,2,4,0,3,3,1,0,1,3,4,4,4,3,2,2,3,3,3,2,1,4,3,3,4,0,0,4,4,2,0,4,3,0,1,1,0,0,2,1,3,3,3,1,2,2,3,3,4,3,2,1,2,2,1,1,3,1,3,4,4,0,3,0,2,3,2,2,4,4,3,2,1,1,2,2,3,1,2,2,1,3,0,4,4,4,0,0,2,2,0,1,0,0,4,3,4,2,4,0,4,0,4,4,4,4,4,1,2,2,1,0,3,4,2,0,4,1,1,2,0,3,3,3,3,1,3,4,0,2,1,1,0,1,0,2,1,1,2,2,1,1,1,4,2,2,3,2,0,1,0,2,0,3,4,1,2,0,0,3,0,3,3,4,4,3,3,0,1,2,3,0,0,4,3,0,2,0,0,1,2,3,4,1,1,3,3,2,2,4,0,0,3,1,1,1,0,1,1,4,3,1,1,4,3,3,1,4,4,1,2"
106,0.38861485996550665,"2,1,0,0,2,0,4,2,4,4,0,4,3,2,0,4,0,0,1,2,0,3,2,2,1,2,3,3,1,3,1,4,4,0,0,4,4,3,3,0,4,1,3,2,0,4,4,1,2,4,1,2,0,3,0,2,1,0,2,0,2,4,0,0,1,2,1,1,2,4,0,3,3,1,0,3,3,4,4,4,3,2,2,3,3,3,2,1,4,3,3,4,0,0,4,4,2,0,4,3,0,1,1,0,0,2,1,3,3,3,1,2,2,3,3,4,3,2,1,2,2,1,1,3,1,3,4,4,0,3,0,2,3,2,2,4,4,3,2,1,1,2,2,3,1,2,2,1,3,0,4,4,4,4,0,2,2,0,1,0,0,4,3,4,2,4,0,4,0,4,4,4,4,4,1,2,2,1,0,3,4,2,0,4,1,1,2,0,3,3,3,3,1,3,4,0,2,1,1,0,1,0,2,1,1,2,2,1,1,1,4,2,2,3,2,0,1,0,2,0,3,4,1,2,0,0,3,0,3,3,4,4,3,3,0,1,2,3,0,0,4,3,0,2,0,0,1,2,3,4,1,1,3,3,2,2,4,0,0,3,1,1,1,0,1,1,4,3,1,1,4,3,3,1,4,4,1,2"
107,0.3877531549526598,"2,1,0,0,2,0,4,2,4,4,0,4,3,2,0,4,0,0,1,2,0,3,2,2,1,2,3,3,1,3,1,4,4,0,0,4,4,3,3,0,4,1,3,2,0,4,4,1,2,4,1,2,0,3,0,2,1,0,2,0,2,4,0,0,1,2,1,1,2,4,0,3,3,1,0,3,3,4,4,4,3,2,2,3,3,3,2,1,4,3,3,4,0,0,4,4,2,0,4,3,0,1,1,0,0,2,1,3,3,3,1,2,2,3,3,4,3,2,1,2,2,1,1,3,1,3,4,4,4,3,0,2,3,2,2,4,4,3,2,1,1,2,2,3,1,2,2,1,3,0,4,4,4,4,0,2,2,0,1,0,0,4,3,4,2,4,0,4,0,4,4,4,4,4,1,2,2,1,0,3,4,2,0,4,1,1,2,0,3,3,3,3,1,3,4,0,2,1,1,0,1,0,3,4,1,2,2,1,1,1,4,2,2,3,2,0,1,0,2,0,3,4,1,2,0,0,3,0,3,3,4,4,3,3,0,1,2,3,0,0,4,3,0,2,0,0,1,2,3,1,1,1,3,3,2,2,4,0,0,3,1,1,1,0,1,1,4,3,1,1,4,3,3,1,4,4,1,2"
108,0.3898350802854868,"2,1,0,0,2,0,4,2,4,4,0,4,3,2,0,4,0,0,1,2,0,3,2,2,1,2,3,3,1,3,1,4,4,0,4,4,4,3,3,0,4,1,3,2,0,4,4,1,2,4,1,2,0,3,0,2,1,0,2,0,2,4,0,0,1,2,1,1,2,4,0,3,3,1,0,3,3,4,4,4,3,1,2,3,3,3,2,1,0,3,3,4,0,0,4,4,2,0,4,3,0,1,1,0,0,2,1,3,3,3,1,2,2,3,3,4,3,2,2,2,2,1,1,3,1,3,4,4,4,3,0,2,3,2,2,4,4,3,2,1,1,2,2,3,1,2,2,1,3,0,4,4,4,4,0,2,2,0,1,0,0,4,3,4,2,4,0,4,0,4,4,4,4,4,1,2,2,1,0,3,4,2,0,4,1,1,2,0,3,3,3,3,1,3,4,0,2,1,1,0,1,0,2,1,1,2,2,1,1,1,4,2,2,3,2,0,1,0,2,0,3,4,1,2,0,0,3,0,3,3,4,4,3,3,0,1,2,3,0,0,4,3,0,2,0,0,1,2,3,4,1,1,3,3,2,2,4,0,0,3,1,1,1,0,1,1,4,3,1,1,4,3,3,1,4,4,1,2"
109,0.38917176798081926,"2,1,0,0,2,0,4,2,4,4,0,4,3,2,0,4,0,0,1,2,0,3,2,2,1,2,3,3,1,3,1,4,4,0,4,4,4,3,3,0,4,1,3,2,0,4,4,1,2,4,1,2,0,3,0,2,1,0,2,0,2,4,0,0,1,2,1,1,2,4,0,3,3,1,0,3,3,4,4,4,3,1,2,3,3,3,2,1,0,3,3,4,0,0,4,4,2,0,4,3,0,1,1,0,0,2,1,3,3,3,1,2,2,3,3,4,3,2,2,2,2,1,1,3,1,3,4,4,4,3,0,2,3,2,2,4,4,3,2,1,1,2,2,3,1,2,2,1,3,0,4,4,4,4,0,2,2,0,1,0,0,4,3,4,2,4,0,4,0,4,4,4,4,4,1,2,2,1,0,3,4,2,0,4,1,1,2,2,3,3,3,3,1,3,4,0,2,1,1,0,1,0,2,1,1,2,2,1,1,1,4,2,2,3,2,0,1,0,2,0,3,4,1,2,0,0,3,0,3,3,4,4,3,3,0,1,2,3,0,0,4,3,0,2,0,0,1,2,3,4,1,1,3,3,2,2,4,0,0,3,1,1,1,0,1,1,4,3,1,1,4,0,3,1,4,4,1,2"
110,0.38887034374092644,"2,1,0,0,2,0,4,2,4,4,0,4,3,2,0,4,0,0,1,2,0,3,2,2,1,2,3,3,1,3,1,4,4,0,4,4,4,3,3,0,4,1,3,2,0,4,4,1,2,4,1,2,0,3,0,2,1,0,2,0,2,4,0,0,1,2,1,1,2,4,0,3,3,1,0,3,2,4,4,4,3,1,2,3,3,3,2,1,0,3,3,4,0,0,4,4,2,0,4,3,0,1,1,0,0,2,1,3,3,3,1,2,2,3,3,4,3,2,2,2,2,1,1,3,1,3,4,4,4,3,0,2,3,2,2,4,4,3,2,1,1,2,3,3,1,2,2,1,3,0,4,4,4,4,0,2,2,0,1,0,0,4,3,4,2,4,0,4,0,4,4,4,4,4,1,2,2,1,0,3,4,2,0,4,1,1,2,0,3,3,3,3,1,3,4,0,2,1,1,3,1,0,2,1,1,2,2,1,1,1,4,2,2,3,2,0,1,0,2,0,3,4,1,2,0,0,3,0,3,3,4,4,3,3,0,1,2,3,0,0,4,3,0,2,0,0,1,2,3,4,1,1,3,3,2,2,4,0,0,3,1,1,1,0,1,1,4,3,1,1,1,3,3,1,4,4,1,2"
111,0.39036112923959326,"2,1,0,0,2,0,4,2,4,4,0,4,3,2,0,4,0,0,1,2,0,3,2,2,1,2,3,3,1,3,1,4,4,0,4,4,4,3,3,0,4,1,3,2,0,4,4,1,2,4,1,2,0,3,0,2,1,0,2,0,2,3,0,0,1,2,1,1,2,4,0,3,3,1,0,3,3,4,4,4,3,1,2,3,3,3,2,1,0,3,3,4,0,0,4,4,2,0,4,3,0,1,1,0,0,2,1,3,3,3,1,2,2,3,3,4,3,3,2,2,2,1,1,3,1,3,4,4,4,3,0,2,3,2,2,4,4,3,2,1,1,2,2,2,1,2,2,1,3,0,4,4,4,4,0,2,2,0,1,0,0,4,3,4,2,4,0,4,0,4,4,4,4,4,1,2,2,1,0,3,4,2,0,4,1,1,2,0,3,3,3,3,1,3,4,0,2,1,1,0,1,0,2,1,1,2,2,1,1,1,4,2,2,3,2,0,1,0,2,0,3,4,1,2,0,0,3,0,3,3,4,4,0,3,0,1,2,3,1,0,4,3,0,2,0,0,1,2,3,4,1,1,3,3,2,2,4,0,0,3,1,1,1,0,1,1,4,3,1,1,4,3,3,1,4,4,1,2"
112,0.386662770687117,"2,1,0,0,2,0,4,2,4,4,0,4,3,2,0,4,0,0,1,2,0,3,2,2,1,2,3,3,1,3,1,4,4,0,4,4,4,3,3,0,4,1,3,2,0,4,4,1,2,4,1,2,0,3,0,2,1,0,2,0,2,4,0,0,1,2,1,1,2,4,0,3,3,1,0,3,3,4,4,4,3,1,2,3,3,3,2,1,0,3,0,4,0,0,4,4,2,0,4,3,0,1,1,0,0,2,1,3,3,3,1,2,2,3,3,4,3,2,2,2,2,1,1,3,1,3,4,4,4,3,0,2,3,2,2,4,4,3,2,1,1,2,2,2,1,2,2,1,3,0,4,2,4,4,0,2,2,0,1,0,0,4,3,4,2,4,0,4,0,4,4,4,4,4,1,2,2,1,0,3,4,2,3,4,1,1,2,0,3,3,3,3,1,3,4,0,2,1,1,1,1,0,2,1,1,1,2,1,1,1,4,1,2,3,2,0,1,0,2,0,3,4,1,3,0,0,3,0,3,3,0,4,3,3,0,1,2,3,0,0,0,3,0,2,0,0,1,2,3,4,1,1,3,3,2,1,4,0,0,3,1,1,1,0,1,1,4,3,1,1,4,3,3,1,4,4,1,2"
113,0.38825606713083455,"2,1,0,0,2,0,4,2,4,4,0,4,3,2,0,4,0,0,1,2,0,3,2,2,1,2,3,3,1,3,1,4,4,0,4,4,4,3,3,0,4,1,3,2,0,4,4,1,2,4,1,2,0,3,0,2,1,0,2,0,2,4,0,0,1,2,1,1,2,4,0,3,3,1,0,3,3,4,4,4,3,1,2,3,3,3,2,1,0,3,3,4,0,0,4,4,2,0,4,3,0,1,1,0,0,2,1,3,3,3,1,2,2,3,3,4,3,2,2,2,2,1,1,3,1,3,4,4,4,3,0,2,3,2,2,4,4,3,2,1,1,2,2,2,1,2,2,1,3,0,4,4,4,4,0,2,2,0,1,0,0,4,3,4,2,4,1,4,0,4,4,4,4,4,1,2,2,1,0,3,4,2,0,4,1,1,2,0,3,3,3,3,1,3,4,0,2,1,1,0,1,0,2,1,1,1,2,1,1,1,4,2,2,3,2,0,1,0,2,0,3,4,1,3,0,0,3,1,3,3,0,4,3,3,0,1,2,3,0,0,3,3,0,2,0,0,1,2,3,4,1,1,3,3,2,2,4,0,0,3,1,1,1,0,1,1,4,3,1,1,4,3,3,1,4,4,1,2"
114,0.39006448782932396,"2,1,0,0,2,0,4,2,4,4,0,4,3,2,0,4,0,0,1,2,0,3,2,2,1,2,3,3,1,3,1,4,4,0,4,4,4,3,3,0,4,1,3,2,0,4,4,1,2,4,1,2,0,3,0,2,1,0,2,0,2,4,0,0,1,2,1,1,2,4,0,3,3,1,0,3,3,4,4,4,3,1,2,3,3,3,2,1,0,3,3,4,0,0,4,4,2,0,4,3,0,1,1,0,0,2,1,3,3,3,1,2,2,3,3,4,3,2,2,2,2,1,1,3,1,3,4,4,4,3,0,2,3,2,2,4,4,3,2,1,1,2,2,2,1,2,2,1,3,0,4,4,4,4,0,2,2,0,1,0,4,4,3,4,2,4,0,4,0,4,4,4,4,4,1,2,2,1,0,3,4,2,0,4,1,1,2,0,3,3,3,3,1,3,4,0,2,1,1,0,1,0,2,1,1,1,2,1,1,1,4,2,2,3,2,0,1,0,2,0,3,4,1,3,0,0,3,0,3,3,0,4,3,3,0,1,2,3,0,0,3,3,0,2,0,0,1,2,3,4,1,4,3,3,2,2,4,0,0,3,1,1,1,0,1,1,4,3,1,1,4,3,3,1,4,4,1,2"
115,0.38766658038762913,"2,1,0,0,2,0,4,2,4,4,0,4,3,2,0,4,0,0,1,2,0,3,2,2,1,2,3,3,1,3,1,4,4,0,4,4,4,3,3,0,4,1,3,2,0,4,4,1,2,4,1,2,0,3,0,2,1,0,2,0,2,4,0,0,1,2,1,1,2,4,0,3,3,1,0,3,3,4,4,4,3,1,2,3,3,3,2,1,2,3,3,4,0,0,4,4,2,0,4,3,0,1,1,0,0,2,1,3,3,3,1,2,2,3,3,4,3,2,2,2,2,1,1,3,1,3,4,4,4,3,0,2,3,2,2,4,4,3,2,1,1,2,2,2,1,2,2,1,3,0,4,4,4,4,0,2,2,0,1,0,4,4,3,4,2,4,1,4,0,4,4,4,4,4,1,2,2,1,0,3,4,2,0,4,1,1,2,0,3,3,3,3,1,3,4,0,2,1,1,0,1,0,2,1,1,1,2,1,1,1,4,2,2,3,2,0,1,0,2,0,3,4,1,3,0,0,3,1,3,3,0,4,3,3,0,1,2,3,0,0,3,3,0,2,0,0,1,2,3,4,1,1,3,3,2,2,4,0,0,3,1,1,1,0,1,1,4,3,2,1,4,3,3,1,4,4,1,2"
116,0.38802158891703675,"2,1,0,0,2,0,4,2,4,4,0,4,3,2,0,4,0,0,1,2,0,3,2,2,1,2,3,3,1,3,1,4,4,0,4,4,4,3,3,0,4,1,3,2,0,4,4,1,2,4,1,2,0,3,0,2,1,0,2,0,2,4,0,0,1,2,1,1,2,4,0,3,3,1,0,3,3,4,4,4,3,1,2,3,3,3,2,1,2,3,3,4,0,0,4,4,2,0,4,3,0,1,1,0,0,2,1,3,3,3,1,2,2,3,3,4,3,2,2,2,2,1,1,3,1,3,4,4,4,3,0,2,3,2,2,4,4,3,2,1,4,2,2,2,1,2,2,1,3,0,4,4,4,4,0,2,2,0,1,0,4,4,3,4,2,4,0,4,0,4,4,4,4,4,1,2,2,1,0,3,4,2,0,4,2,1,2,0,3,3,3,3,0,3,4,0,2,1,1,0,1,0,2,1,1,1,2,1,1,1,4,2,2,3,2,0,1,0,2,0,3,4,1,3,0,0,3,0,3,3,0,4,3,3,0,1,2,3,0,0,3,3,0,2,0,0,1,2,1,4,1,1,3,3,2,2,4,0,0,3,1,1,1,0,1,1,4,3,1,1,4,3,3,0,4,4,1,2"
117,0.3908854148114744,"2,1,0,0,2,0,4,2,4,4,0,4,3,2,0,4,0,0,1,2,0,3,2,2,1,2,3,3,1,3,1,4,4,0,4,4,4,3,3,0,4,1,3,2,0,4,4,1,2,4,1,2,0,3,0,2,1,0,2,0,2,4,0,0,1,2,1,1,2,4,0,3,3,1,0,3,3,4,4,4,3,1,2,3,3,3,2,1,0,3,3,4,0,0,4,4,2,0,4,3,0,1,1,0,0,2,1,3,3,3,1,2,2,3,3,4,3,2,2,2,2,1,1,3,1,3,4,4,4,3,0,2,3,2,2,4,4,3,2,1,1,2,2,2,1,2,2,1,3,0,4,4,4,4,0,2,2,0,1,0,4,4,3,4,2,4,0,4,0,4,4,4,4,4,1,2,2,1,0,3,4,2,0,4,1,1,2,0,3,3,3,3,1,3,4,0,2,1,1,0,1,0,2,1,1,1,2,1,1,1,4,2,2,3,2,0,1,0,2,0,3,4,1,3,0,0,3,0,3,3,0,4,3,3,0,1,2,3,0,0,3,3,0,2,0,0,1,2,3,4,1,1,3,3,2,2,4,0,0,3,1,1,1,0,1,1,4,3,1,1,4,3,3,1,4,4,1,2"
118,0.39238109575314745,"2,1,0,0,2,0,4,2,4,4,0,4,3,2,0,4,0,0,1,2,0,3,2,2,1,2,3,3,1,3,1,4,4,0,4,4,4,3,3,0,4,1,3,2,0,4,4,1,2,4,1,2,0,3,0,2,1,0,2,0,2,4,0,0,1,2,1,1,2,4,0,3,3,1,0,3,3,4,4,1,2,1,2,3,3,3,2,1,0,3,3,4,0,0,4,4,2,0,4,3,0,1,1,0,0,2,1,3,3,3,0,2,2,3,3,4,3,2,2,2,2,1,1,3,1,3,4,4,4,3,0,2,3,2,2,4,4,3,2,1,1,2,2,2,1,2,2,1,3,0,4,4,4,4,0,2,2,0,3,0,4,4,3,4,2,4,0,4,0,4,4,4,4,4,1,2,2,1,0,3,4,2,0,4,1,1,2,0,3,3,3,3,1,3,4,0,2,1,1,0,1,0,2,1,1,1,2,1,1,1,4,2,2,3,2,0,1,0,2,0,3,4,1,3,0,0,3,0,3,3,0,4,3,3,0,1,2,3,0,0,3,3,0,2,0,0,1,2,3,4,1,1,3,3,2,2,4,0,0,3,1,1,1,0,1,1,4,3,1,1,4,3,1,1,4,4,1,2"
119,0.3904557063957261,"2,1,0,0,2,0,4,2,4,4,0,4,3,2,0,4,0,0,1,2,0,3,2,2,1,2,3,3,1,3,1,4,4,0,4,4,4,3,3,4,4,1,3,2,0,4,4,1,2,4,1,2,0,3,0,1,1,0,2,0,2,4,0,0,1,2,1,1,2,4,0,3,3,1,0,3,0,4,4,1,2,2,2,3,3,3,2,1,0,3,3,4,0,0,4,4,2,0,4,3,0,1,1,0,0,2,1,3,3,3,0,2,2,3,3,4,3,2,2,2,2,1,1,3,1,3,4,4,4,3,0,0,3,2,2,4,4,3,2,1,1,2,2,2,1,2,2,1,3,0,4,4,4,4,0,2,2,0,3,0,4,4,3,4,2,4,0,4,0,4,4,2,4,4,1,2,2,1,0,3,4,2,0,4,1,1,2,0,3,3,3,3,1,3,4,0,2,1,1,0,1,0,2,1,1,1,2,1,1,1,4,2,2,3,2,0,1,0,2,0,3,4,1,3,0,0,3,0,3,3,0,4,3,3,0,1,2,3,0,0,3,3,0,2,0,0,1,2,3,4,1,1,3,3,2,2,4,0,0,3,1,1,1,0,1,1,4,3,1,1,4,3,2,1,4,4,1,2"
120,0.3904129740222585,"2,1,0,0,2,0,4,2,4,4,0,4,3,2,0,4,0,0,1,2,0,3,2,2,1,2,3,3,1,3,1,4,4,0,4,4,4,3,3,4,4,1,3,2,0,4,4,1,2,4,1,2,0,3,0,1,1,0,2,2,2,4,0,0,1,2,1,1,2,4,4,3,3,1,0,3,0,4,4,1,2,2,2,3,3,3,2,1,0,3,3,4,0,0,4,4,2,0,4,3,0,1,1,0,0,2,1,3,3,3,0,2,2,3,3,4,3,2,2,2,2,1,1,3,1,3,4,4,4,3,0,0,3,2,2,4,4,3,2,1,1,2,2,2,1,2,2,1,3,0,4,4,4,4,0,2,2,0,3,0,4,4,3,4,4,4,0,4,0,4,4,4,4,4,1,0,4,1,0,3,4,2,0,4,1,1,2,0,3,3,3,3,1,3,4,0,2,1,1,0,1,1,2,1,1,1,2,1,1,1,4,2,2,3,2,0,1,0,2,0,3,4,1,3,0,0,3,0,3,3,0,4,3,3,0,1,2,3,0,0,3,3,0,2,0,0,1,2,3,4,1,1,3,3,2,2,4,0,0,3,1,1,1,0,1,1,4,3,1,1,4,3,2,1,4,4,1,2"
121,0.3931531328184709,"2,1,0,0,2,0,4,2,4,4,0,4,3,2,0,4,0,0,1,2,0,3,2,2,1,2,3,3,1,3,1,4,4,0,4,4,4,3,3,4,4,1,3,2,0,4,4,1,2,4,1,2,0,3,0,1,1,0,2,2,2,4,0,0,1,2,1,1,2,4,4,3,3,1,0,3,0,4,4,1,2,2,2,3,3,3,2,1,0,3,3,4,0,0,4,4,2,0,4,3,0,1,1,0,0,2,1,3,3,3,0,2,2,3,3,4,3,2,2,2,2,1,1,3,1,3,4,4,4,3,0,0,3,2,2,4,4,3,2,1,1,2,2,2,1,2,2,1,3,0,4,4,4,4,0,2,2,0,3,0,4,4,3,4,2,4,0,4,0,4,4,4,4,4,1,2,2,1,0,3,4,2,0,4,1,1,2,0,3,3,3,3,1,3,4,0,2,1,1,0,1,0,2,1,1,1,2,1,1,1,4,3,2,3,2,0,1,0,2,0,3,4,1,3,0,0,3,0,3,3,0,4,3,3,0,1,2,3,0,0,3,3,0,2,0,0,1,2,3,4,1,1,3,3,2,2,4,0,0,0,1,1,1,0,1,1,4,3,1,1,4,3,2,1,4,4,1,2"
122,0.39339741576580417,"2,1,0,0,2,0,4,2,4,4,0,4,3,2,0,4,0,0,1,2,0,3,2,2,1,2,3,3,1,3,1,4,4,0,4,4,4,3,3,4,4,1,3,2,0,4,4,1,2,4,1,2,0,3,0,1,1,0,2,2,2,4,0,0,1,2,1,1,2,4,4,3,3,1,0,3,0,4,4,1,2,2,2,3,3,3,2,1,0,3,3,4,0,0,4,4,2,0,4,3,0,1,1,0,0,2,1,3,3,3,0,2,2,3,3,4,3,2,2,2,2,1,1,3,1,3,4,4,4,3,0,0,3,2,2,4,4,3,2,1,1,2,2,2,1,2,2,1,3,0,4,4,4,4,0,2,2,0,3,0,4,4,3,4,2,4,0,4,0,4,4,4,4,4,1,2,2,1,0,3,4,2,0,4,1,1,2,0,3,3,3,3,1,3,4,0,2,1,1,0,1,0,2,1,1,1,2,1,1,1,4,3,2,3,2,0,1,0,2,0,3,4,1,3,0,0,3,0,3,3,0,4,3,3,0,1,2,3,0,0,3,3,0,2,0,0,1,2,3,4,1,1,3,3,2,2,4,0,0,3,1,1,1,0,1,1,2,3,1,1,4,3,2,1,4,4,1,2"
123,0.392632215910504,"2,1,0,0,2,0,4,2,4,4,0,4,3,2,0,4,0,0,1,2,0,3,2,2,1,2,3,3,1,3,1,4,4,0,4,4,4,3,3,4,4,1,3,2,0,4,4,1,2,4,1,2,0,3,0,1,1,0,2,2,2,4,0,0,1,2,1,1,2,4,4,3,3,1,0,3,0,4,4,1,2,2,2,3,3,3,2,1,0,3,3,4,0,0,4,4,2,0,4,3,0,1,1,0,0,2,1,3,3,3,0,2,2,3,3,4,3,2,2,2,2,1,1,3,1,3,4,4,4,3,0,3,3,2,2,4,4,3,2,1,1,2,2,2,1,2,2,1,3,0,4,4,4,4,0,2,2,0,3,0,4,4,3,4,2,4,0,4,0,4,4,4,4,4,1,2,2,1,0,3,4,2,0,4,1,1,2,0,3,3,3,3,1,3,4,0,2,1,1,0,1,0,2,1,1,1,2,1,1,1,4,3,2,3,2,0,1,0,2,0,3,4,1,3,0,0,3,0,3,3,0,4,3,3,0,1,2,3,0,0,3,3,0,2,0,0,1,2,3,4,1,1,3,3,2,2,4,0,0,3,1,1,1,0,1,1,4,3,1,1,4,3,2,1,4,4,1,2"
124,0.39270626781909057,"2,1,0,0,2,0,4,2,4,4,0,4,3,2,0,4,0,0,1,2,0,3,2,2,1,2,3,3,1,3,1,4,4,0,4,4,4,3,3,4,4,1,3,2,0,4,2,1,2,4,1,2,0,3,0,1,1,0,2,2,2,4,0,0,1,2,1,1,2,4,4,3,3,1,0,3,0,4,4,1,2,2,2,3,3,3,1,1,0,3,3,4,0,0,4,4,2,0,4,3,0,1,1,0,0,2,1,3,3,3,0,2,2,3,3,4,3,2,2,2,2,1,1,3,1,3,4,4,4,3,0,0,3,2,2,4,4,3,2,1,1,2,2,2,1,2,2,1,3,0,4,4,4,4,0,2,4,0,3,0,4,4,3,4,2,4,0,4,0,4,4,4,4,4,1,2,2,1,0,3,4,2,0,4,1,1,2,0,3,3,3,3,1,3,4,0,2,1,1,0,1,0,2,1,1,1,2,1,1,1,4,3,2,3,2,0,1,0,2,0,3,2,1,3,0,0,3,0,3,3,0,4,3,3,0,1,2,3,0,0,3,3,2,2,0,0,1,2,3,4,1,1,3,3,2,0,4,0,0,3,1,1,1,0,1,1,2,3,1,1,4,3,2,1,4,4,1,2"
125,0.39309130376141876,"2,1,0,0,2,0,4,2,4,4,0,4,2,2,0,4,0,0,1,0,0,3,2,2,1,2,3,3,1,3,1,4,4,0,4,4,4,3,3,4,4,1,3,2,0,4,4,1,2,4,1,2,0,3,0,1,1,0,2,2,2,4,0,0,4,2,1,1,2,4,4,3,3,1,0,3,0,4,4,1,2,2,2,3,3,3,2,1,0,3,3,4,0,0,4,4,2,0,4,3,0,1,1,0,0,2,1,3,3,3,0,2,2,3,3,4,3,2,2,2,2,1,3,3,1,3,4,4,4,3,0,0,3,2,2,4,4,3,2,1,1,2,2,2,1,1,2,1,3,0,4,4,4,4,0,2,4,0,3,0,4,4,3,2,2,4,0,4,0,4,4,4,4,4,0,2,2,1,0,3,1,2,0,4,1,1,2,0,3,3,3,3,1,3,4,0,2,1,1,0,1,0,2,1,1,1,2,1,1,1,4,3,2,3,2,0,1,0,2,0,3,4,1,3,0,0,3,0,3,3,0,4,3,3,0,1,2,3,0,0,3,3,0,2,0,0,1,2,3,4,1,1,3,3,2,2,4,0,0,3,1,1,1,0,1,1,4,3,1,1,4,3,2,1,4,4,1,2"
126,0.39487174878846815,"2,1,0,0,2,0,4,2,4,4,0,4,2,2,0,4,0,0,1,0,0,3,2,2,1,2,3,3,1,3,1,4,4,0,4,4,4,3,3,4,4,1,3,2,0,4,4,1,2,4,1,2,0,3,0,1,1,0,2,2,2,4,0,0,4,2,1,1,2,4,4,3,3,1,0,3,0,4,4,1,2,2,2,3,3,3,2,1,0,3,3,4,0,0,4,4,2,0,4,3,0,1,1,0,0,2,1,3,3,3,0,2,2,3,3,4,3,2,2,2,2,1,3,3,1,3,4,4,4,3,0,0,3,2,2,4,4,3,2,1,1,2,2,2,1,1,2,1,3,0,4,4,4,4,0,2,4,0,3,0,4,4,3,2,2,4,0,4,1,4,4,4,4,4,1,2,2,1,0,3,1,2,0,4,1,1,2,0,3,3,3,3,1,3,4,0,2,1,1,0,1,0,2,1,1,1,2,1,1,1,4,3,2,3,2,0,1,0,2,0,3,4,1,3,0,0,3,0,3,3,0,0,3,3,0,1,2,3,0,0,3,3,0,2,0,0,1,2,3,4,1,1,3,3,2,2,4,0,0,3,1,1,1,0,1,1,4,3,1,1,4,3,2,1,4,4,1,2"
127,0.39322156344476433,"2,1,0,0,2,0,4,2,4,4,0,4,2,2,0,4,0,0,1,0,0,3,2,2,1,2,3,3,1,3,1,4,4,0,4,4,4,3,3,4,4,1,3,2,0,4,4,1,2,4,1,2,0,3,0,1,1,0,2,2,2,4,0,0,4,2,1,1,2,4,4,3,3,1,0,3,0,4,4,1,2,2,2,3,3,3,2,1,0,3,3,4,0,0,4,4,2,0,4,3,0,1,1,0,0,2,1,3,3,3,0,2,2,3,3,4,3,2,2,2,2,1,3,0,1,3,4,4,4,3,0,0,3,2,2,4,4,3,2,1,1,2,2,2,1,1,2,1,3,0,4,4,4,4,0,2,4,0,0,0,4,4,3,2,2,4,0,1,0,4,4,4,4,4,1,2,2,1,0,3,1,2,0,4,1,1,2,0,3,3,3,3,1,3,4,0,2,1,1,0,1,0,2,1,1,1,2,1,1,1,4,3,2,3,2,0,1,0,2,0,3,4,1,3,0,0,3,0,3,3,0,4,3,3,0,1,2,3,0,0,3,3,0,2,0,0,1,2,3,4,1,1,3,3,2,2,4,0,0,3,1,1,1,0,1,1,4,3,1,1,4,3,2,1,4,4,1,2"
128,0.3944143755052049,"2,1,0,0,2,0,4,2,4,4,0,4,2,2,0,4,0,0,1,0,0,3,2,2,1,2,3,3,1,3,1,4,4,0,4,4,4,3,3,4,4,1,3,2,0,4,4,1,2,4,1,2,0,3,0,1,1,0,2,2,2,4,0,0,4,2,1,1,2,4,4,3,3,1,0,3,0,4,4,1,2,2,2,3,3,3,2,1,0,3,3,4,0,0,4,4,2,0,4,3,0,1,1,0,0,2,1,3,3,3,0,2,2,3,3,4,3,2,2,2,2,1,3,3,1,3,4,4,4,3,0,0,3,2,2,4,4,3,2,1,1,2,2,2,1,1,2,1,3,0,4,4,4,4,0,2,4,0,3,0,4,4,3,2,2,4,0,4,1,4,4,4,4,4,1,2,2,1,0,3,1,2,0,4,1,1,2,0,3,3,3,3,1,3,4,0,2,1,1,0,1,0,2,1,1,1,2,1,1,1,4,3,2,3,2,0,1,0,2,4,3,4,1,3,0,0,3,0,3,3,0,0,3,3,0,1,2,3,0,0,3,3,0,2,0,0,1,2,3,4,1,1,3,3,2,2,4,0,0,3,1,1,1,0,1,1,4,3,1,1,4,3,2,1,4,4,1,2"
129,0.39396857675505587,"2,1,0,0,2,0,4,2,4,4,0,4,2,2,0,4,0,0,1,0,0,3,2,2,1,2,3,3,1,3,1,4,4,0,4,4,4,3,3,4,4,1,3,2,0,4,4,1,2,4,1,2,0,3,0,1,1,0,2,2,2,4,0,0,4,2,1,1,2,4,4,3,3,1,0,3,0,4,4,1,2,2,2,3,3,3,2,1,0,3,3,4,0,0,4,4,2,0,4,3,0,1,1,0,0,2,1,3,3,3,0,2,2,3,3,4,3,2,2,2,2,1,3,3,1,3,4,4,4,3,0,0,3,2,2,4,4,3,2,1,1,2,2,2,1,1,2,1,3,0,4,4,1,4,0,2,4,0,3,0,4,4,3,2,2,4,0,4,1,4,4,4,4,4,1,2,2,1,0,3,1,2,0,4,1,1,2,0,3,3,3,3,1,3,4,0,2,1,1,0,1,0,2,1,1,1,2,1,1,1,4,3,2,3,2,0,0,0,2,4,3,4,1,3,0,0,3,0,3,3,0,0,3,3,0,1,2,3,0,0,3,3,0,2,0,0,1,2,3,4,1,1,3,3,2,2,4,0,0,3,1,1,1,0,1,1,4,3,1,1,4,3,2,1,4,4,1,2"
130,0.3950402799165253,"2,1,0,0,2,0,4,2,4,4,0,4,2,2,0,4,0,0,1,0,0,3,2,2,1,2,3,3,1,3,1,4,4,0,4,4,4,3,3,4,4,1,3,2,0,4,4,1,2,4,1,2,0,3,0,1,1,0,2,2,2,4,0,0,4,2,1,1,2,4,4,3,3,1,0,3,0,4,4,1,2,2,2,3,3,3,2,1,0,3,3,4,0,0,4,4,2,0,4,3,0,1,1,0,0,2,1,3,3,3,0,2,2,3,3,4,3,2,2,2,2,1,3,3,1,3,4,4,4,3,0,0,3,2,2,4,4,3,2,1,1,2,2,2,1,1,2,1,3,0,4,4,4,4,0,2,4,0,3,0,4,4,3,2,2,4,0,1,0,4,4,4,4,4,1,2,2,1,0,3,1,2,0,4,1,1,2,0,3,3,3,3,1,3,4,0,2,1,1,0,1,0,2,1,1,1,2,1,1,1,4,3,2,3,2,0,1,0,2,0,3,4,1,3,0,0,3,0,3,3,0,4,3,3,0,1,2,3,0,0,3,3,0,2,0,0,1,2,3,4,1,1,3,3,2,2,4,0,0,3,1,1,1,0,1,1,4,3,1,1,4,3,2,1,4,4,1,2"
131,0.39512252642443496,"2,1,0,0,2,0,4,2,4,4,0,4,2,2,0,4,0,0,1,0,0,3,2,2,1,2,3,3,1,3,1,4,4,0,4,4,4,3,3,4,4,1,3,2,0,4,4,1,2,4,1,2,0,3,0,1,1,0,2,2,2,4,0,0,4,2,1,1,2,4,4,3,3,1,0,3,0,4,4,1,2,2,2,3,3,3,2,1,0,3,3,4,0,0,4,4,2,0,4,3,0,1,1,0,0,2,1,3,3,3,0,2,2,3,3,4,3,2,2,2,2,1,3,3,1,3,4,4,4,3,0,0,3,2,2,4,4,3,2,1,1,2,2,2,1,1,2,1,3,0,4,4,4,4,0,2,4,0,3,0,4,4,3,2,2,4,0,1,2,4,4,4,4,4,1,2,2,1,0,3,1,2,0,4,1,1,2,0,3,3,3,3,1,3,4,0,2,1,1,0,1,0,2,1,1,1,2,1,1,1,4,3,2,2,2,0,1,0,2,0,3,4,1,3,0,0,3,0,3,3,0,4,3,3,0,1,2,3,0,0,3,3,0,2,0,0,1,2,3,4,1,1,3,3,2,2,4,0,0,3,1,1,1,0,1,1,4,3,1,1,4,3,2,1,4,4,1,2"
132,0.39343438039937195,"2,1,0,0,2,0,4,2,4,4,0,4,2,2,0,4,0,0,1,0,0,3,2,2,1,2,3,3,1,3,1,4,4,0,4,4,4,3,3,4,4,1,3,2,0,4,4,1,2,4,1,2,0,3,0,1,1,0,2,2,2,4,0,0,4,2,1,1,2,4,4,3,3,1,0,3,0,4,4,1,2,2,2,3,3,3,2,1,0,3,3,4,0,0,4,4,2,0,4,3,0,1,1,0,0,2,1,3,3,3,0,2,2,3,3,4,3,2,2,2,2,1,3,3,1,3,4,4,4,3,0,0,3,2,2,4,4,3,2,1,1,2,2,2,1,1,2,1,3,0,4,4,4,4,0,2,4,0,3,0,4,4,3,2,2,4,0,1,2,4,4,4,4,4,1,2,2,1,0,3,1,2,0,4,1,1,2,0,3,3,3,3,1,3,4,0,2,1,1,0,1,0,2,1,1,1,2,1,1,1,4,3,2,3,2,0,1,0,2,0,3,4,1,3,0,0,3,0,3,3,0,4,3,3,0,1,2,3,0,0,3,3,0,2,0,0,1,2,3,4,2,1,3,3,2,2,4,2,0,3,1,1,1,0,1,1,4,3,1,1,4,3,2,1,4,4,1,2"
133,0.3957704628028615,"2,1,0,0,2,0,4,2,4,4,0,4,2,2,0,4,0,0,1,0,0,3,2,2,1,2,3,3,1,3,1,4,4,0,4,4,4,3,3,4,4,1,3,2,0,4,4,1,2,4,1,2,0,3,0,1,1,0,0,2,2,4,0,0,4,2,1,1,2,4,4,3,3,1,0,3,0,4,4,1,2,2,2,3,3,3,2,1,2,3,3,4,0,0,4,4,2,0,4,3,0,1,1,0,0,2,1,3,3,3,0,2,2,3,3,4,3,2,2,2,2,1,3,3,1,3,4,4,4,3,0,0,3,2,2,4,4,3,2,1,1,2,2,2,1,1,2,1,3,0,4,4,4,4,0,2,4,0,3,0,4,4,3,2,2,4,0,1,2,4,4,4,4,4,1,2,2,1,0,3,1,2,0,4,1,1,2,0,3,3,3,3,1,3,4,0,2,1,1,0,1,0,2,1,1,1,2,1,1,1,4,3,2,3,2,0,1,0,2,0,3,4,1,3,0,0,3,0,3,3,0,4,3,3,0,1,2,3,0,0,3,3,0,2,0,0,1,2,3,4,1,1,3,3,2,2,4,0,0,3,1,1,1,0,1,1,4,3,1,1,4,3,2,1,4,4,1,2"
134,0.39381892399154184,"2,1,0,0,2,0,4,2,4,4,0,4,2,2,0,4,0,0,1,0,0,3,2,2,1,2,3,3,1,3,1,4,4,0,4,4,4,3,3,4,4,1,3,2,0,4,4,1,2,4,1,2,0,3,0,1,1,0,0,2,2,4,0,0,4,2,1,1,2,4,4,3,3,1,0,3,0,4,4,1,2,2,2,3,3,3,2,1,2,3,3,4,0,0,4,4,2,0,4,3,0,1,1,0,0,2,1,3,3,3,0,2,2,3,3,4,3,2,2,2,2,1,3,3,1,3,4,4,4,3,0,0,3,2,2,4,4,3,2,1,1,2,2,2,1,1,2,1,3,0,4,4,4,4,0,2,4,0,3,0,4,4,3,2,2,4,0,1,2,4,4,4,4,4,1,2,2,1,0,3,1,2,0,4,1,1,2,0,3,3,3,3,1,3,4,0,2,1,1,0,1,0,2,1,1,1,2,1,1,1,4,3,2,3,2,0,1,0,2,0,3,4,1,3,0,0,3,0,3,3,0,4,3,3,0,1,2,3,0,0,3,3,0,2,0,0,1,2,3,4,1,1,3,3,2,2,4,2,0,3,1,1,1,0,1,1,4,3,1,1,4,3,2,4,4,4,1,2"
135,0.3930797781297182,"2,1,0,0,1,0,4,2,4,4,0,4,2,2,0,4,0,0,1,0,0,3,2,2,1,2,3,3,1,3,1,4,4,0,4,4,4,3,3,4,4,1,3,2,0,4,4,1,2,4,1,2,0,3,0,1,1,0,0,2,2,4,0,0,4,2,1,1,2,4,4,3,3,1,0,3,0,4,4,1,2,2,2,3,3,3,2,1,0,3,3,4,0,0,4,4,1,0,4,3,0,1,1,0,0,2,1,3,3,3,0,2,2,3,3,4,3,2,2,2,2,1,3,3,1,3,4,4,4,3,0,0,3,2,2,4,4,3,2,1,1,2,2,2,1,1,2,1,3,0,4,4,4,4,0,2,4,0,3,0,4,4,3,2,2,4,0,1,2,4,4,4,4,4,1,2,2,1,0,3,1,2,0,4,1,1,2,0,3,3,3,3,1,3,4,0,2,1,1,0,1,0,2,1,1,1,2,1,1,1,4,3,2,3,2,0,1,0,2,0,3,4,1,3,0,0,3,0,3,3,0,4,3,3,0,1,2,3,0,0,3,3,0,2,0,0,1,2,3,4,1,1,3,3,2,2,4,0,0,3,1,1,1,0,1,1,4,3,1,1,4,3,2,1,4,4,1,2"
136,0.3962442193478299,"2,1,0,0,1,0,4,2,4,4,0,4,2,2,0,4,0,0,1,0,0,3,2,2,1,2,3,3,1,3,1,4,4,0,4,4,4,3,3,4,4,1,3,2,0,4,4,1,2,4,1,2,0,3,0,1,1,0,0,2,2,4,0,0,4,2,1,1,2,4,4,3,3,1,0,3,0,4,4,1,2,2,2,3,3,3,2,1,2,3,3,4,0,0,4,4,2,0,4,3,0,1,1,0,0,2,1,3,3,3,0,2,2,3,3,4,3,2,2,2,2,1,3,3,1,3,4,4,4,3,0,0,3,2,2,4,4,3,2,1,2,2,2,2,1,1,2,1,3,0,4,4,4,4,0,2,4,0,3,0,4,4,3,3,2,4,0,1,2,4,4,4,4,4,1,1,2,1,0,3,1,2,0,4,1,1,2,0,3,3,3,3,1,3,4,0,2,1,1,0,1,0,2,1,1,1,2,1,1,1,4,3,2,3,2,0,1,0,2,0,3,4,2,2,0,0,3,0,3,3,0,4,3,3,0,1,2,3,0,0,3,3,0,2,0,0,1,2,3,4,1,1,3,3,2,2,4,0,0,3,1,1,1,0,1,1,4,3,1,1,4,3,2,1,4,4,1,2"
137,0.39474326973228996,"2,1,0,0,1,0,4,2,4,4,0,4,2,2,0,4,0,0,1,0,0,3,2,2,1,2,3,3,1,3,1,4,4,0,4,4,4,3,3,4,4,1,3,2,0,4,4,1,2,4,1,2,0,3,0,1,1,0,0,2,2,4,0,0,4,2,1,1,2,4,4,3,3,1,0,3,0,4,4,1,2,2,2,3,3,3,2,1,2,3,3,4,0,0,4,4,2,0,4,3,0,1,1,0,0,2,4,3,3,3,0,2,2,3,3,4,3,2,2,2,2,1,3,3,1,3,4,4,4,3,0,0,3,2,2,4,4,3,2,1,2,2,2,2,1,1,2,1,3,4,4,4,4,4,1,2,4,0,3,0,4,4,3,3,2,4,0,1,2,4,0,4,4,4,1,1,2,1,0,3,1,2,0,4,1,1,2,0,3,3,3,3,1,3,4,0,2,1,1,0,1,0,2,1,1,1,2,1,1,1,4,3,2,3,2,0,1,0,2,0,3,4,2,2,0,0,3,0,3,3,0,4,3,3,0,1,2,3,0,0,3,3,0,2,0,0,1,2,3,4,1,1,3,3,2,2,0,0,0,3,1,1,1,0,1,1,4,3,1,1,4,3,2,1,4,4,1,2"
138,0.39672653900488886,"2,1,0,0,1,4,4,2,4,4,0,4,2,2,0,4,0,0,1,0,0,3,2,2,1,2,3,3,1,3,1,4,4,0,4,4,4,3,3,4,4,1,3,2,0,4,4,1,2,4,1,2,0,3,0,1,1,0,0,2,2,4,0,0,4,2,1,1,2,4,4,3,3,1,1,3,0,4,4,1,2,2,2,3,3,3,2,1,2,3,3,4,0,0,4,4,2,0,4,3,0,1,1,0,0,2,1,3,3,3,0,2,2,3,3,4,3,2,2,2,2,1,3,3,1,3,4,4,4,3,0,0,3,2,2,4,4,3,2,1,2,2,2,2,1,1,2,1,3,0,4,4,4,4,0,2,4,0,3,0,4,4,3,3,2,4,0,1,2,4,4,4,4,4,1,1,2,1,0,3,1,2,0,4,1,1,2,0,3,3,3,3,1,3,4,0,2,1,1,0,1,0,2,1,1,1,2,1,1,1,4,3,2,3,2,0,1,0,2,0,3,4,2,2,0,0,3,0,3,3,0,4,3,3,0,1,2,3,0,0,3,3,0,2,0,0,1,2,3,4,1,1,3,3,2,2,0,0,0,3,1,1,1,0,1,1,4,3,1,1,4,3,2,1,4,4,1,2"
139,0.3971630683739314,"2,1,0,0,1,4,4,2,4,4,0,4,2,2,0,4,0,0,1,0,0,3,2,2,1,2,3,3,1,3,1,4,4,0,4,4,4,3,3,4,4,1,3,2,0,4,4,1,2,4,1,2,0,3,0,1,1,0,0,2,2,4,0,0,4,2,1,1,2,4,4,3,3,1,0,3,0,4,4,1,2,2,2,3,3,3,2,1,2,3,3,4,0,0,4,4,2,0,4,3,0,1,1,0,0,2,1,3,3,3,0,2,2,3,3,4,3,2,2,2,2,1,3,3,1,3,4,4,4,3,0,0,3,2,2,4,4,3,2,1,2,2,2,2,1,1,2,1,3,0,4,4,4,4,0,2,4,0,3,0,4,4,3,3,2,4,0,1,2,4,4,4,4,4,1,1,2,1,0,3,1,2,0,4,1,1,2,0,3,3,3,3,1,3,4,0,2,1,1,0,1,0,2,1,1,1,2,1,1,1,4,3,2,3,2,0,1,0,2,0,3,4,2,1,0,0,3,0,3,3,0,4,3,3,0,1,2,3,0,0,3,3,0,2,0,0,1,2,3,4,1,1,3,3,2,2,0,0,0,3,1,1,1,0,1,1,4,3,1,1,4,3,2,1,4,4,2,2"
140,0.3937354890632765,"2,1,0,0,1,4,4,2,4,0,0,4,2,2,0,4,0,0,1,0,0,3,2,2,1,2,3,3,1,3,1,4,4,0,4,4,4,3,3,4,4,1,3,2,0,4,4,1,2,4,1,2,0,3,0,1,1,0,0,2,2,4,0,0,4,2,1,1,2,4,4,3,3,1,0,3,0,4,4,1,2,2,2,3,3,3,2,1,2,3,3,4,0,0,4,4,2,0,4,3,0,1,1,0,0,2,1,3,3,3,0,2,2,3,3,4,3,2,2,2,2,1,3,3,1,3,4,4,4,3,0,0,3,2,2,4,4,3,2,1,2,2,2,2,1,1,2,1,3,0,4,4,4,4,0,2,4,0,3,0,0,4,3,3,2,4,0,1,2,4,4,4,4,4,1,1,2,1,0,4,1,2,0,4,1,1,2,0,3,3,1,2,1,3,3,0,2,1,1,0,1,0,2,1,1,1,2,1,1,1,4,3,3,3,2,0,1,0,2,0,3,4,2,2,0,0,3,0,3,3,0,4,3,3,0,1,2,3,0,0,3,3,0,2,0,0,1,2,3,4,1,1,3,3,2,2,0,0,0,3,1,1,1,0,1,0,4,3,1,1,4,3,2,1,4,4,2,2"
141,0.39729305442549484,"2,1,0,0,1,4,4,2,4,0,0,4,2,2,0,4,0,0,1,0,0,3,2,2,1,2,3,3,1,3,1,4,4,0,4,4,4,3,3,4,4,1,3,2,0,4,4,1,2,4,1,2,0,3,0,1,1,0,0,2,2,4,0,0,4,2,1,1,2,4,4,3,3,1,0,3,0,4,4,1,2,2,2,3,3,3,2,1,2,3,3,4,0,0,4,4,2,0,4,3,0,1,1,0,0,2,1,3,3,3,0,2,2,3,3,4,3,2,2,2,2,1,3,3,1,3,4,4,4,3,0,0,3,2,2,4,4,3,2,1,2,2,2,2,1,1,2,1,3,0,4,4,4,4,0,2,4,0,3,0,4,4,3,3,2,4,0,1,2,4,4,4,4,4,1,1,2,1,0,3,1,2,0,4,1,1,2,0,3,3,3,3,1,3,4,0,2,1,1,0,1,0,2,1,1,1,2,1,1,1,4,3,2,3,2,0,1,0,2,0,3,4,2,1,0,0,3,0,3,3,0,4,3,3,0,1,2,3,0,0,3,3,0,2,0,0,1,2,3,4,1,1,3,3,2,2,0,0,0,3,1,1,1,0,1,1,4,3,1,1,4,3,2,1,4,4,2,2"
142,0.396148656393489,"2,1,0,0,1,4,4,2,4,0,0,4,2,2,0,4,0,0,1,0,0,3,2,2,1,2,3,3,1,3,1,4,4,0,4,4,4,3,3,4,4,1,3,2,0,4,4,1,2,4,1,2,0,3,0,1,1,0,0,2,2,4,0,0,4,2,1,1,2,4,4,3,3,1,0,3,0,4,4,1,2,2,2,3,3,3,2,1,2,3,3,4,0,0,4,4,2,0,4,3,0,3,1,0,0,2,1,3,3,3,0,2,2,3,3,4,3,2,2,2,2,1,3,3,1,3,4,4,4,3,0,0,3,4,2,4,4,3,2,1,2,2,2,2,1,1,2,1,3,0,4,4,4,4,0,2,4,0,3,0,4,4,3,3,2,4,0,1,2,4,4,4,4,4,1,1,2,1,0,3,1,2,0,4,1,1,2,0,3,0,3,3,1,3,4,0,2,1,1,2,1,0,2,1,1,1,2,1,1,1,4,3,2,3,2,3,1,0,2,0,3,4,2,1,0,0,3,0,3,3,0,4,3,3,0,1,2,3,0,0,3,3,0,2,0,0,1,2,3,4,1,1,3,3,2,2,0,0,0,3,1,1,1,0,1,1,4,3,1,1,4,3,2,1,4,4,1,2"
143,0.39397791775606766,"1,1,0,0,1,4,4,2,4,0,0,4,2,2,0,4,0,0,1,0,0,3,2,2,1,2,3,3,1,3,1,4,4,0,4,4,4,3,3,4,4,1,3,2,0,4,4,1,2,4,1,2,0,3,0,1,1,0,0,2,2,4,0,0,4,2,1,1,2,4,4,3,3,1,0,3,0,4,3,1,2,2,2,3,3,3,2,1,2,3,3,4,0,0,4,4,2,0,4,3,0,1,1,1,0,2,1,3,3,3,0,2,2,3,3,4,3,2,2,2,2,1,3,3,1,3,4,4,4,3,0,0,3,2,2,4,4,3,2,1,2,2,2,2,1,1,2,1,3,0,4,4,4,4,0,2,4,2,3,0,4,4,3,3,2,4,0,1,2,4,4,4,4,4,1,1,2,1,2,3,4,2,0,4,1,1,2,0,3,3,3,3,1,3,4,0,2,1,1,0,1,0,2,1,1,0,1,1,1,1,4,3,2,3,2,0,1,0,2,0,3,4,2,1,0,0,3,0,3,3,0,4,3,3,0,1,2,3,0,0,3,3,0,2,0,0,1,2,2,4,1,1,3,3,2,2,0,0,0,3,1,1,1,0,1,1,4,3,1,1,4,3,2,1,4,4,1,2"
144,0.3970295201565628,"1,1,0,0,1,4,4,2,4,0,0,4,2,2,0,4,0,0,1,0,0,3,2,2,1,2,3,3,1,3,3,4,4,0,4,4,4,3,3,4,4,1,3,2,0,4,4,1,2,4,1,2,0,3,0,1,1,0,0,2,2,4,0,0,4,2,1,1,2,4,4,3,3,1,0,3,0,4,4,1,2,2,2,3,3,3,2,1,2,3,3,4,0,0,4,4,2,0,4,3,0,1,1,0,0,2,1,3,3,3,0,2,2,3,3,4,3,2,2,2,2,1,3,3,1,3,4,4,4,3,0,0,3,2,2,4,4,3,2,1,2,2,2,2,1,1,2,1,3,0,4,4,4,4,0,2,4,0,3,0,4,4,3,3,2,4,0,1,2,4,4,4,4,4,1,1,2,1,0,3,1,2,0,4,1,1,2,0,3,3,3,3,1,3,4,0,2,1,1,0,1,0,2,1,1,1,2,1,1,1,4,3,2,3,2,0,1,0,2,0,3,4,2,1,0,0,3,0,3,3,0,4,1,3,0,1,2,3,0,0,3,3,0,2,0,0,1,2,3,4,1,1,3,3,2,2,0,0,0,3,1,1,1,0,1,1,4,3,1,1,4,3,2,1,4,4,2,2"
145,0.39470514513361876,"1,1,0,0,1,4,4,2,4,0,0,4,2,2,0,4,0,0,1,0,0,3,2,2,1,2,3,3,1,3,3,4,4,0,4,4,4,3,3,4,4,1,3,2,0,4,4,1,2,4,1,2,0,3,0,1,1,0,0,2,2,4,0,0,4,2,1,1,2,4,4,3,3,1,0,3,0,4,4,1,2,2,2,3,3,3,2,1,2,3,3,4,0,0,4,4,2,0,4,3,0,1,1,0,0,2,1,3,3,3,0,2,2,3,3,4,3,2,2,2,2,1,3,3,1,3,4,4,4,3,0,0,3,2,2,4,4,3,2,1,2,2,2,2,1,1,2,1,3,0,4,4,4,4,0,2,4,0,3,0,4,4,3,3,2,4,0,1,2,4,4,4,4,4,1,1,2,1,0,3,1,2,0,4,1,1,2,0,3,3,3,3,1,3,4,0,2,1,1,0,1,0,2,1,1,1,2,1,1,1,4,3,2,3,2,0,1,0,2,0,3,4,2,1,0,0,3,0,3,3,0,4,3,3,0,1,2,3,0,0,3,0,0,2,0,0,1,2,3,4,1,1,3,3,2,2,0,0,0,3,1,1,1,0,1,0,4,3,1,1,4,0,2,1,4,4,2,2"
146,0.39775872542816454,"1,1,0,0,1,4,4,2,4,0,0,4,2,2,0,4,0,0,1,0,0,3,2,2,1,2,3,3,1,3,3,4,4,0,4,4,4,3,3,4,4,1,3,2,0,4,4,1,2,4,1,2,0,3,0,1,1,0,0,2,2,4,0,0,4,2,1,1,2,4,4,3,3,1,0,3,0,4,4,1,2,2,2,3,3,3,2,1,2,3,3,4,0,0,4,4,2,0,4,3,0,1,1,0,0,2,1,3,3,3,0,2,2,3,3,4,3,2,2,2,2,1,3,3,1,3,4,4,4,3,0,0,3,2,2,4,4,3,2,1,2,2,2,2,1,1,2,1,3,0,4,4,4,4,0,2,4,0,3,0,4,4,3,3,2,4,0,1,2,4,4,4,4,4,1,1,2,1,0,2,1,2,0,4,1,1,2,0,3,3,3,3,1,3,4,0,2,1,1,0,1,0,2,1,1,1,2,1,1,1,4,3,2,3,2,0,1,0,2,0,3,4,2,1,0,0,3,0,3,3,0,4,3,3,0,1,2,3,0,0,3,3,0,2,0,0,1,2,3,4,1,1,3,3,2,2,0,0,0,3,1,1,1,0,1,1,4,3,1,1,4,3,2,1,4,4,2,2"
147,0.39775872542816454,"1,1,0,0,1,4,4,2,4,0,0,4,2,2,0,4,0,0,1,0,0,3,2,2,1,2,3,3,1,3,3,4,4,0,4,4,4,3,3,4,4,1,3,2,0,4,4,1,2,4,1,2,0,3,0,1,1,0,0,2,2,4,0,0,4,2,1,1,2,4,4,3,3,1,0,3,0,4,4,1,2,2,2,3,3,3,2,1,2,3,3,4,0,0,4,4,2,0,4,3,0,1,1,0,0,2,1,3,3,3,0,2,2,3,3,4,3,2,2,2,2,1,3,3,1,3,4,4,4,3,0,0,3,2,2,4,4,3,2,1,2,2,2,2,1,1,2,1,3,0,4,4,4,4,0,2,4,0,3,0,4,4,3,3,2,4,0,1,2,4,4,4,4,4,1,1,2,1,0,2,1,2,0,4,1,1,2,0,3,3,3,3,1,3,4,0,2,1,1,0,1,0,2,1,1,1,2,1,1,1,4,3,2,3,2,0,1,0,2,0,3,4,2,1,0,0,3,0,3,3,0,4,3,3,0,1,2,3,0,0,3,3,0,2,0,0,1,2,3,4,1,1,3,3,2,2,0,0,0,3,1,1,1,0,1,1,4,3,1,1,4,3,2,1,4,4,2,2"
148,0.39727102322487706,"1,1,0,0,1,4,4,2,4,0,0,4,2,2,0,4,0,0,1,0,0,3,2,2,1,2,3,3,1,3,3,4,4,0,4,4,4,3,3,4,4,1,3,2,0,4,4,1,2,4,1,2,0,3,0,1,1,0,0,2,2,4,0,0,4,2,1,1,2,4,4,3,3,1,0,3,0,4,4,1,2,2,2,3,3,3,2,1,2,3,3,4,0,0,4,4,2,0,4,3,0,1,1,0,0,2,1,3,3,3,0,2,2,3,3,4,3,2,2,2,2,1,3,3,1,3,4,4,4,3,0,0,3,2,2,4,4,3,2,1,2,2,2,2,1,1,2,1,3,0,4,4,4,4,0,2,4,0,2,0,4,4,3,3,2,4,0,1,2,4,4,4,4,4,1,1,2,1,0,2,1,2,0,4,1,1,2,0,3,3,3,3,1,3,4,0,2,1,1,0,1,0,2,1,1,1,2,1,1,1,4,3,2,3,2,0,1,0,2,0,3,4,2,1,0,0,3,0,3,3,0,4,3,3,0,1,2,3,0,0,3,3,0,2,0,0,1,2,3,4,1,1,3,3,2,2,0,0,0,3,1,1,1,0,1,1,4,3,1,1,4,3,2,1,4,4,2,2"
149,0.3985132194248821,"1,1,0,0,1,4,4,2,4,0,0,4,2,2,0,4,0,0,4,0,0,3,2,2,1,2,3,3,1,3,3,4,4,0,4,4,4,3,3,4,4,1,3,2,0,4,4,1,2,4,1,2,0,3,0,1,1,0,0,2,2,4,0,0,4,2,1,1,2,4,4,3,3,1,0,3,0,4,4,1,2,2,2,3,3,3,2,1,2,3,3,4,0,0,4,4,2,0,4,3,0,1,1,0,0,2,1,3,3,3,0,2,2,3,3,4,3,2,2,2,2,1,3,3,1,3,4,4,4,3,0,0,3,2,2,4,4,3,2,1,2,2,2,2,1,1,2,1,3,0,4,4,4,4,0,2,4,0,3,0,4,4,3,3,2,4,0,1,2,4,4,4,4,4,1,1,2,1,0,2,1,2,0,4,1,1,2,0,3,3,3,3,1,3,4,0,2,1,1,0,1,1,2,1,1,1,2,1,1,1,4,3,2,3,2,0,1,0,2,0,3,4,2,1,0,0,3,0,3,3,0,4,3,3,0,1,2,3,0,0,3,3,0,2,0,0,1,2,3,4,1,1,3,3,2,2,0,0,0,3,1,1,1,0,1,1,4,3,1,1,4,3,2,1,4,4,2,2"
150,0.3988694946085684,"1,1,0,0,1,4,4,2,4,0,0,4,2,1,0,4,0,0,4,0,0,3,2,2,1,2,3,3,1,3,3,4,4,0,4,4,4,3,3,4,4,1,3,2,0,4,4,1,2,4,1,2,0,3,0,1,1,0,0,2,2,4,0,0,4,2,1,1,2,4,4,3,3,1,0,3,0,4,4,1,2,2,2,3,3,3,2,1,2,3,3,4,0,0,4,4,2,0,4,3,0,1,1,0,0,2,1,3,3,3,0,2,2,3,3,4,3,0,2,2,2,1,3,3,1,3,4,4,4,3,0,0,3,2,2,4,4,3,2,1,2,2,2,2,1,1,2,1,3,0,4,4,4,4,0,2,4,0,3,0,4,4,3,3,2,4,0,1,2,4,4,4,4,4,1,1,2,1,0,2,1,2,0,4,1,1,2,0,3,3,3,3,1,3,4,0,2,1,1,0,1,1,2,1,1,1,2,1,1,1,4,3,2,3,2,0,1,0,2,0,3,4,2,1,0,0,3,0,3,3,0,4,3,3,0,1,2,3,0,0,3,3,0,2,0,0,1,2,3,4,1,2,3,3,2,2,0,0,0,3,1,1,1,0,1,1,4,3,1,1,4,3,2,1,4,4,2,2"
151,0.3965824103464884,"1,1,0,0,1,4,4,2,4,0,0,4,2,1,0,4,0,0,4,0,0,3,2,2,1,2,3,3,1,3,3,4,4,0,4,4,4,3,3,4,4,1,3,2,0,4,4,1,2,4,1,2,0,3,0,1,1,0,0,2,2,4,0,0,4,2,1,1,2,4,4,3,3,1,0,3,0,4,4,1,2,2,2,3,3,3,2,1,2,3,3,4,0,0,4,4,2,0,4,3,0,2,1,0,0,2,1,3,3,3,1,2,2,3,3,4,3,2,2,2,2,1,3,3,1,3,4,4,4,3,0,0,3,2,2,4,4,3,2,1,2,2,2,2,1,1,2,1,3,0,4,4,4,4,0,2,4,0,3,0,4,4,3,3,2,4,0,1,2,4,4,4,4,4,1,1,2,1,0,2,3,2,0,4,1,1,2,0,3,3,3,3,1,3,4,0,2,0,1,0,1,1,2,1,1,1,2,1,1,1,4,3,2,3,2,0,1,0,2,0,3,4,2,1,0,0,3,0,3,3,0,4,3,3,0,1,2,3,0,0,3,3,0,2,0,0,2,2,3,4,1,1,3,3,2,2,0,0,0,3,1,1,1,0,1,1,4,3,1,1,4,3,2,1,4,4,2,2"
152,0.3993233223669333,"1,1,0,0,1,4,4,2,4,0,0,4,2,1,0,4,0,0,4,0,0,3,2,2,1,2,3,3,1,3,3,4,4,0,4,4,4,3,3,4,4,1,3,2,0,4,4,1,2,4,1,2,0,3,0,1,1,0,0,2,2,4,0,0,4,2,1,1,2,4,4,3,3,1,0,3,3,4,4,1,2,2,2,3,3,3,2,1,2,3,3,4,0,0,4,4,2,0,4,3,0,0,1,0,0,2,1,3,3,3,0,2,2,3,3,4,3,2,2,2,2,1,3,3,1,3,4,4,4,3,0,0,3,2,2,4,4,3,2,1,1,2,2,2,1,1,2,1,3,0,4,4,4,4,0,2,4,0,3,0,4,4,3,3,2,4,4,1,2,4,4,4,4,4,1,2,2,1,0,2,1,2,0,4,1,1,2,0,3,3,3,0,1,3,4,0,2,1,1,0,1,1,2,1,1,1,2,1,1,1,4,3,2,3,2,2,1,0,2,0,3,4,2,1,0,0,3,0,3,3,0,0,3,3,0,1,2,3,0,0,3,3,0,2,0,0,1,2,3,4,1,1,3,3,2,2,0,0,0,3,1,1,1,0,1,1,4,3,1,1,4,3,2,1,4,4,2,2"
153,0.39752781663096176,"1,1,0,0,1,4,4,2,4,0,0,4,2,1,0,4,0,0,4,0,0,3,2,2,1,2,3,3,1,3,3,4,4,0,4,4,4,3,3,4,4,1,3,2,0,4,4,1,2,4,1,2,0,3,0,1,1,0,0,2,2,4,0,0,4,2,1,1,2,4,4,3,3,1,0,3,3,4,4,1,2,2,2,3,3,3,2,1,2,3,3,4,0,0,4,4,2,0,4,3,0,0,4,0,0,2,1,3,3,3,0,2,2,3,3,4,3,2,2,2,2,1,3,3,1,3,4,4,4,3,0,0,3,2,2,4,4,3,2,1,1,2,2,2,1,1,2,1,3,0,4,4,4,4,0,2,4,0,3,0,4,4,3,3,2,4,4,1,2,4,4,4,4,4,1,2,2,1,0,2,1,2,0,4,1,1,2,0,3,3,3,0,0,3,4,0,2,1,1,0,1,1,2,1,1,1,2,1,1,1,4,3,2,3,2,2,1,0,2,0,3,4,2,1,0,0,3,0,3,3,0,0,3,3,0,1,2,3,0,0,3,3,0,2,0,0,1,2,3,4,1,1,3,3,2,2,0,0,0,3,1,1,1,0,1,1,4,3,1,1,4,3,2,1,4,4,2,2"
154,0.39723002181282113,"1,1,0,0,1,4,4,2,4,0,0,4,2,1,0,4,0,0,4,0,0,3,2,2,1,2,3,3,1,3,3,4,4,0,4,4,4,3,3,4,4,1,3,2,0,4,4,1,2,4,1,2,0,3,0,1,1,0,0,2,2,4,0,0,4,2,1,1,2,4,4,3,3,1,0,3,3,4,4,1,2,2,2,3,3,3,2,1,2,2,3,4,0,0,4,4,2,0,4,3,0,0,1,0,0,2,1,3,3,3,0,2,2,3,3,4,3,2,2,2,2,1,3,3,1,3,4,4,4,3,0,0,3,2,2,4,4,3,2,1,1,2,2,2,1,1,2,1,3,0,4,4,4,4,0,2,4,0,3,0,4,4,3,3,2,4,4,3,2,4,4,4,4,4,1,2,2,1,0,2,1,2,0,4,1,1,2,0,3,3,3,0,1,3,4,0,2,1,1,0,1,1,2,1,1,1,2,1,1,1,4,3,2,3,2,2,1,0,2,0,3,4,2,1,0,0,3,0,3,3,0,0,3,3,0,1,2,3,0,0,3,3,0,2,0,0,1,2,3,4,1,1,3,3,2,2,0,0,0,3,3,1,1,0,1,1,4,3,1,1,4,3,2,1,4,4,2,2"
155,0.3994879715023212,"1,1,0,0,1,4,4,2,4,0,0,4,2,1,0,4,0,0,4,0,0,3,2,2,1,2,3,3,1,3,3,4,4,0,4,4,4,3,3,4,4,1,3,2,0,4,4,1,2,4,1,2,0,3,0,1,1,0,0,2,2,4,0,0,4,2,1,1,2,4,4,3,3,1,0,3,3,4,4,1,2,2,2,3,3,3,2,1,2,3,3,4,0,0,4,4,2,0,4,3,0,0,1,0,0,2,1,3,3,3,0,2,2,3,3,4,3,2,2,2,2,1,3,3,1,3,4,4,4,3,0,0,3,2,2,4,4,3,2,1,1,2,2,2,1,1,2,1,3,0,4,4,4,4,0,2,4,0,3,0,4,4,3,3,2,4,4,1,2,4,4,4,4,4,1,2,2,1,0,2,1,2,0,4,1,1,2,0,3,3,3,0,1,3,4,0,2,1,1,0,1,1,2,1,1,1,2,1,1,1,4,3,2,3,2,2,1,0,2,0,3,2,2,1,0,0,3,0,3,3,0,0,3,3,0,1,2,3,0,0,3,3,0,2,0,0,1,2,3,4,1,1,3,3,2,2,0,0,0,3,1,1,1,0,1,1,4,3,1,1,4,3,2,1,4,4,2,2"
156,0.3995182319267006,"1,1,0,0,1,4,4,2,4,0,0,4,2,1,0,4,0,0,4,0,0,3,2,2,1,2,3,3,1,3,3,4,4,0,4,4,4,3,3,4,4,1,3,2,0,4,4,1,2,4,1,2,0,3,0,1,1,0,0,2,2,4,0,0,4,2,1,1,2,4,4,3,3,1,0,3,3,4,4,1,2,2,2,3,3,3,2,1,2,3,3,4,0,0,4,4,2,0,4,3,0,0,1,0,0,2,1,3,3,3,0,2,0,3,3,4,3,2,2,2,2,1,3,3,1,3,4,4,4,3,0,0,3,2,2,4,4,3,2,1,1,2,2,2,1,1,2,1,3,0,4,4,4,4,0,2,4,0,3,0,4,4,3,3,2,4,4,1,2,4,4,4,4,4,1,2,2,1,0,2,1,2,0,4,1,1,2,0,3,3,3,0,1,3,4,0,2,1,1,0,1,1,2,1,1,1,2,1,1,1,4,3,2,3,2,2,1,0,2,0,3,2,2,1,0,0,3,0,3,3,0,0,3,3,0,1,2,3,0,0,3,3,0,2,0,0,1,2,3,4,1,1,3,3,2,2,0,0,0,3,1,1,1,0,1,1,4,3,1,1,4,3,2,1,4,4,2,2"
157,0.3973046443251875,"1,1,0,0,1,4,4,2,4,0,0,4,2,1,0,4,0,0,4,0,0,3,2,2,1,2,3,3,1,3,3,4,4,0,4,4,4,3,3,4,4,1,3,2,0,4,4,1,2,4,1,2,0,3,0,1,1,0,0,2,2,4,0,0,4,2,1,1,2,4,4,3,3,1,0,3,3,4,4,1,2,2,2,3,3,2,2,1,2,3,3,4,0,0,4,4,2,0,4,3,0,0,1,0,0,2,1,3,3,3,0,2,1,3,3,4,3,2,2,2,2,1,3,3,1,3,4,4,4,3,0,0,3,2,2,4,4,3,2,1,1,2,2,2,1,1,2,1,3,0,4,4,4,4,0,2,4,0,3,0,4,4,3,3,2,4,4,1,2,4,4,4,4,4,1,2,2,1,0,2,1,2,0,4,1,1,2,0,3,3,3,0,1,3,4,0,2,1,1,0,1,1,2,1,1,1,2,1,1,1,4,3,2,3,2,2,1,0,2,0,3,2,2,1,0,0,2,0,3,3,0,0,3,3,0,1,2,3,0,0,3,3,0,2,0,0,1,2,3,4,1,1,3,3,2,2,0,0,0,3,1,1,1,0,1,1,4,3,1,1,4,3,2,1,4,4,2,2"
158,0.40003034095069306,"1,1,0,0,1,4,4,2,4,0,0,4,2,1,0,4,0,0,4,0,0,3,2,2,1,2,3,3,1,3,3,4,4,0,4,4,4,3,3,4,4,1,3,2,0,4,4,1,2,4,1,3,0,3,0,1,1,0,0,2,2,4,0,0,4,2,1,1,2,4,4,3,3,1,0,3,3,4,4,1,2,2,2,3,3,3,2,1,2,3,3,4,0,0,4,4,2,0,4,3,0,0,1,0,0,2,1,3,3,3,0,2,2,3,3,4,3,2,2,2,2,1,3,3,1,3,4,4,4,3,0,0,3,2,2,4,4,3,2,1,1,2,2,2,1,1,2,1,3,0,4,4,4,4,0,2,4,0,3,0,4,4,3,3,1,4,4,1,2,4,4,4,4,4,1,2,2,1,0,2,1,2,0,4,1,1,2,0,3,0,3,0,1,3,4,0,2,1,1,0,1,1,2,1,1,1,2,1,1,1,4,3,2,3,2,2,1,0,2,0,3,2,2,1,0,0,3,0,3,3,0,0,3,3,0,1,2,3,0,4,3,3,0,2,0,0,1,2,3,4,1,1,3,3,2,2,0,0,0,3,1,1,1,0,1,1,4,3,1,1,4,3,2,1,4,4,2,2"
159,0.40042647570684337,"1,1,0,0,1,4,4,2,4,0,0,4,2,1,0,4,0,0,4,0,0,3,2,2,1,2,3,3,1,3,3,4,4,0,4,4,4,3,3,4,4,1,3,2,0,4,4,1,2,4,1,3,0,3,0,2,1,0,0,2,2,4,0,0,4,2,1,1,2,4,4,3,3,1,0,3,3,4,4,1,2,2,2,3,3,3,2,1,2,3,3,4,0,0,4,4,2,0,4,3,0,0,1,0,0,2,1,3,3,3,0,2,2,3,3,4,3,2,2,2,2,1,3,3,1,3,4,4,4,3,0,0,3,2,2,4,4,3,2,1,1,2,2,2,1,1,2,1,3,0,4,4,4,4,0,2,4,0,3,0,4,4,3,3,1,4,4,1,2,4,4,4,4,4,1,2,2,1,0,2,1,2,0,4,1,1,2,0,3,0,3,0,1,3,0,0,2,1,1,0,1,1,2,1,1,1,2,1,1,1,4,3,2,3,2,2,1,0,2,0,3,2,2,1,0,0,3,0,3,3,0,0,3,3,0,1,2,3,0,4,3,3,0,2,0,0,1,2,3,4,1,1,3,3,2,2,0,0,0,3,1,1,1,0,1,1,4,3,1,1,4,3,2,1,4,4,2,2"
160,0.40018177535733024,"1,1,0,0,1,4,4,2,4,0,0,4,2,1,0,4,0,0,4,0,0,3,2,2,1,2,3,3,1,3,3,4,4,0,4,4,4,3,3,4,4,1,3,2,0,4,4,1,2,4,1,3,0,3,0,2,1,0,0,2,2,4,0,0,4,2,1,1,2,4,4,3,3,1,0,3,3,4,4,1,2,2,2,2,3,3,2,1,2,3,3,4,0,0,4,4,2,0,4,3,0,0,1,0,0,2,1,3,3,3,0,2,2,3,3,4,3,2,3,2,2,1,3,3,1,3,4,4,4,3,0,0,3,2,2,4,4,3,2,1,1,2,2,2,1,1,2,1,3,0,4,4,4,4,0,2,4,0,3,0,4,4,3,3,1,4,4,1,2,4,4,4,4,4,1,2,2,1,0,2,1,2,0,4,1,1,2,0,3,0,3,0,1,3,0,0,2,1,1,0,1,1,2,1,1,1,2,1,1,1,4,3,2,3,2,2,1,0,2,0,3,2,2,1,0,0,3,0,3,3,0,2,3,3,0,1,2,3,0,4,3,3,0,2,0,0,1,2,3,4,1,1,3,3,2,2,0,0,0,3,1,1,1,0,1,1,4,3,1,1,4,3,2,1,4,4,2,2"
161,0.3979509449664393,"1,1,0,0,1,4,4,2,4,0,0,4,2,1,0,4,0,0,4,0,0,3,2,2,1,2,3,3,1,3,3,4,4,0,4,4,4,3,3,4,4,1,3,2,0,4,4,1,2,4,1,3,0,3,0,2,1,0,0,2,2,4,0,0,4,2,1,1,2,4,4,3,3,1,0,3,3,4,4,1,2,2,2,2,3,3,2,1,2,3,3,4,0,0,4,4,2,0,4,3,0,0,1,0,0,2,1,3,3,3,0,2,2,3,3,4,3,2,3,2,2,1,3,3,1,3,4,4,4,3,0,0,3,2,2,4,4,3,2,1,1,2,2,2,1,1,2,1,3,0,4,4,4,4,0,2,4,0,3,0,4,4,3,3,1,4,4,1,2,4,4,4,4,4,1,2,2,1,0,2,1,2,0,4,1,1,2,0,3,0,3,0,1,3,0,0,2,1,1,0,1,1,2,1,1,1,2,1,1,1,4,3,2,3,2,2,1,0,2,0,3,2,2,1,0,0,3,0,3,3,0,2,3,3,0,1,2,3,0,4,3,3,0,2,0,0,1,2,3,3,1,1,3,3,2,2,0,0,0,3,1,1,1,0,1,1,4,3,1,1,4,3,2,1,0,4,2,2"
162,0.4001854674679087,"1,1,0,0,1,4,4,2,4,0,0,4,2,1,0,4,0,0,4,0,0,3,2,2,1,2,3,3,1,3,3,4,4,0,4,4,4,3,3,4,4,1,3,2,0,4,4,1,2,4,1,3,0,3,0,2,1,0,0,2,2,4,0,0,4,2,1,1,2,4,4,4,3,1,0,3,3,4,4,1,2,2,2,2,3,3,2,1,2,3,3,4,0,0,4,4,2,0,4,3,0,0,1,0,0,2,1,3,3,3,0,2,2,3,3,4,3,3,3,2,2,1,3,3,1,3,4,4,4,3,0,0,3,2,2,4,4,3,2,1,1,2,2,2,1,1,2,1,3,0,4,4,4,4,0,2,4,0,3,0,4,4,3,3,1,4,4,1,2,4,4,4,4,4,1,2,2,1,0,2,1,2,0,4,1,1,2,0,3,0,3,0,1,3,0,0,2,1,1,0,1,1,2,1,1,1,2,1,1,1,4,3,2,3,2,2,1,0,2,0,3,2,2,1,0,0,3,0,3,3,0,0,3,3,0,1,2,3,0,4,3,3,0,2,0,0,1,2,3,4,1,1,3,3,2,2,4,0,0,3,1,1,1,0,1,1,4,3,1,1,4,3,2,1,4,4,2,2"
163,0.3996157072515352,"1,1,0,0,1,4,4,2,4,0,0,4,2,1,0,4,0,0,4,0,0,3,2,2,1,2,3,3,1,3,3,4,4,0,4,4,4,3,3,4,4,1,3,2,0,4,4,1,2,4,1,3,0,3,0,2,1,0,0,2,2,4,0,0,4,2,1,1,2,4,4,3,3,1,0,3,3,4,4,1,2,2,2,2,3,3,2,1,2,3,3,4,0,0,4,4,2,0,4,3,0,0,1,0,0,2,1,3,3,3,0,2,2,3,3,4,3,2,3,2,2,1,3,3,1,3,4,4,4,3,0,0,3,2,2,4,4,3,2,1,1,2,2,2,1,1,3,1,3,0,4,4,4,4,0,2,4,0,3,0,4,4,3,3,1,4,4,1,2,4,4,4,4,4,1,2,2,1,0,2,1,2,0,4,1,1,2,0,3,0,3,0,1,3,0,0,2,1,2,0,1,1,2,1,1,1,2,1,1,1,4,3,2,3,2,2,1,0,2,0,3,2,2,1,0,0,3,0,3,3,0,0,3,3,0,1,2,3,0,4,3,3,0,2,0,0,1,2,3,4,1,1,3,3,2,2,4,0,0,3,1,1,1,0,1,1,4,3,1,1,4,3,2,1,4,4,2,2"
164,0.3985894429006703,"1,1,0,0,1,4,4,2,4,0,0,4,2,4,0,4,0,0,4,0,0,3,2,2,1,2,3,3,1,3,3,4,4,0,4,4,4,3,3,4,4,1,3,2,0,4,4,1,2,4,1,3,0,3,0,2,1,0,0,2,2,4,0,0,4,2,1,1,2,4,4,3,3,1,0,3,3,4,4,1,2,2,2,2,3,3,2,1,2,3,3,4,0,0,4,4,2,0,4,3,0,0,1,0,0,2,1,3,3,3,0,2,2,3,3,4,3,2,3,2,2,1,3,3,1,3,4,4,4,3,0,0,3,2,2,4,4,3,2,1,1,2,2,2,1,1,2,1,3,0,4,4,4,4,0,2,4,0,3,0,4,4,3,3,1,4,4,1,2,4,4,4,4,4,1,2,2,1,4,2,1,2,0,4,1,1,2,0,3,0,3,0,1,3,0,0,2,1,1,0,1,1,2,1,1,1,2,1,1,1,4,3,2,3,2,2,1,0,2,0,3,2,2,1,0,0,3,0,3,3,0,0,3,3,0,1,2,3,0,4,3,4,0,2,0,0,1,2,3,4,1,1,3,3,2,2,0,0,0,3,1,1,1,0,1,1,4,3,1,1,4,3,2,1,4,4,2,2"
165,0.39956633673004754,"1,1,0,0,1,4,4,2,4,0,0,4,2,4,0,4,0,0,4,0,0,3,2,2,1,2,3,3,1,3,3,4,4,0,4,4,4,3,3,4,4,1,3,2,0,4,4,1,2,4,1,3,0,3,0,2,1,0,0,2,2,4,0,0,4,2,1,1,2,4,4,3,3,1,0,3,3,4,4,1,2,2,2,2,3,3,2,1,2,3,3,4,0,0,4,4,2,0,4,3,0,0,1,0,0,2,1,3,3,3,0,2,2,3,3,4,3,2,3,2,2,1,3,3,1,3,4,4,4,3,0,0,3,2,2,4,4,3,2,1,1,2,2,2,1,1,2,1,3,0,4,4,4,4,0,2,4,0,3,0,4,4,3,3,1,4,4,1,2,4,4,4,4,4,1,2,2,1,0,2,1,2,0,4,1,1,2,0,3,0,3,0,1,3,0,0,3,1,1,0,1,1,2,1,1,1,2,1,1,1,4,3,2,3,2,2,1,0,2,0,3,2,2,1,0,0,3,0,3,3,0,0,3,3,0,1,2,3,0,4,3,3,0,2,0,0,1,2,3,4,1,1,3,3,2,2,0,0,0,3,1,1,1,0,1,1,4,3,1,1,4,3,2,1,4,4,2,2"
166,0.39830346750039103,"1,1,0,0,1,4,4,2,4,0,0,4,2,4,0,4,0,0,4,0,0,3,2,2,1,2,3,3,1,3,3,4,4,0,4,4,4,3,3,4,4,1,3,2,0,4,4,1,2,4,1,3,0,3,0,2,1,0,0,2,2,4,0,0,4,2,1,1,2,4,4,3,3,1,0,3,3,4,4,1,2,2,2,2,3,3,2,1,2,3,3,4,0,0,4,4,2,0,4,3,0,0,1,0,0,2,1,3,3,3,0,2,2,3,3,4,3,2,3,2,2,1,3,3,1,3,4,4,4,3,0,0,3,2,2,4,4,3,2,1,1,2,2,2,1,1,3,1,3,0,4,4,4,4,0,2,4,0,3,0,4,4,3,3,1,4,4,1,2,4,4,4,4,4,1,2,2,1,4,2,1,2,0,4,1,1,2,0,3,0,3,0,1,3,0,0,2,1,2,0,1,1,2,1,1,1,2,1,1,1,4,3,2,3,2,2,1,0,2,0,3,2,2,1,0,0,3,0,3,3,0,0,3,3,0,1,2,3,0,4,3,3,0,2,0,0,1,2,3,4,1,1,3,3,2,2,0,0,0,3,1,1,1,0,1,1,4,3,1,1,4,3,2,1,4,4,2,2"
167,0.39783370166702636,"1,1,0,0,1,4,4,2,4,0,0,4,2,1,0,4,0,0,4,0,0,2,2,2,1,2,3,3,1,3,3,4,4,0,4,4,4,3,3,4,4,1,3,2,0,4,4,1,2,4,1,3,0,3,0,2,1,3,0,2,2,4,0,0,4,2,1,1,2,4,4,3,3,1,0,3,3,4,4,1,2,2,2,2,3,3,2,1,2,3,3,4,0,0,4,4,2,0,4,3,0,0,1,0,0,2,1,3,3,3,0,2,2,3,3,4,3,2,3,2,2,1,3,3,1,3,4,4,4,3,0,0,3,2,2,4,4,3,2,1,1,2,2,2,1,1,2,1,3,0,4,4,4,4,0,2,4,0,3,0,4,4,3,3,1,4,4,1,2,4,4,4,4,4,1,2,2,1,0,2,1,2,0,4,1,1,2,0,1,0,3,0,1,3,0,0,2,1,1,0,1,1,2,1,1,1,2,1,1,1,4,3,2,3,2,2,1,0,2,0,3,2,2,1,0,0,3,2,3,3,0,0,3,3,0,1,2,3,0,4,3,3,0,2,0,0,1,4,3,4,1,1,3,3,2,2,4,0,0,3,1,1,3,0,1,1,4,3,1,1,4,3,2,1,4,4,2,2"
168,0.39947553467511193,"1,1,0,0,1,4,4,2,4,0,0,4,2,1,0,4,0,0,4,0,0,2,2,2,1,2,3,3,1,3,3,4,4,0,4,4,4,3,3,4,4,1,3,2,0,4,4,1,2,4,1,3,0,3,0,2,1,3,0,2,2,4,0,0,4,2,1,1,2,4,4,3,3,1,0,3,3,4,4,1,2,2,2,2,3,3,2,1,2,3,3,4,0,0,4,4,2,0,4,4,0,0,1,0,0,2,1,3,3,3,0,2,2,3,3,4,3,2,3,2,2,1,3,3,1,3,4,4,4,3,0,0,3,2,2,4,4,3,2,1,1,2,2,2,1,1,2,1,3,0,4,4,4,4,0,0,4,0,3,0,4,4,3,3,1,4,4,1,2,4,4,4,4,4,1,2,2,1,4,2,1,2,0,4,1,1,2,0,3,0,3,0,1,3,0,0,2,1,1,0,1,1,2,1,1,1,2,1,1,1,0,3,2,3,2,2,1,0,2,0,3,2,2,1,0,0,1,0,3,3,3,0,3,3,0,1,2,3,0,4,3,3,0,2,0,0,1,2,3,4,1,3,3,3,2,2,0,0,0,3,1,1,1,0,1,2,4,3,1,1,4,3,4,1,4,4,2,2"
169,0.3987123193189193,"1,1,0,0,1,4,4,2,4,0,0,4,2,1,0,4,0,0,4,0,0,2,2,2,1,2,3,3,1,3,3,4,4,0,4,4,4,3,3,4,4,1,3,2,0,4,4,1,2,4,1,3,0,3,0,2,1,3,0,2,2,4,0,0,4,2,1,2,2,4,4,3,3,1,0,3,3,4,4,1,2,2,2,2,3,3,2,1,2,3,3,4,0,0,4,4,2,0,4,4,0,0,1,0,0,2,1,3,3,3,0,2,2,3,3,4,3,2,3,2,2,1,3,3,1,3,4,4,4,3,0,0,3,2,2,4,4,3,2,1,1,2,2,2,1,1,2,1,3,0,4,4,4,4,0,0,4,0,3,0,4,4,3,3,1,4,4,1,2,4,4,4,4,4,1,2,2,1,4,2,1,2,0,4,1,3,2,0,3,0,3,0,1,3,0,0,2,1,1,0,1,1,2,1,1,2,2,1,1,1,0,3,2,3,2,2,1,0,2,0,3,2,2,1,0,0,3,0,3,3,3,0,3,3,0,1,2,3,0,4,3,3,0,2,0,0,1,2,3,4,1,1,3,3,2,2,0,0,0,3,1,1,1,0,1,1,4,3,1,1,4,3,2,1,4,4,1,2"
170,0.39760444955270174,"1,1,0,0,1,4,4,2,4,0,0,4,2,1,0,4,0,0,4,0,0,2,2,2,1,2,3,3,1,3,3,4,4,0,4,4,4,3,3,4,2,1,3,2,0,4,4,1,2,4,1,3,0,3,0,2,1,3,0,2,2,4,0,0,4,2,1,2,2,4,4,3,3,1,0,3,3,4,4,1,2,2,2,2,3,3,2,1,2,3,3,4,0,0,4,4,2,0,4,4,0,0,1,0,0,2,1,3,3,3,0,2,2,3,3,4,3,2,3,2,2,1,3,3,1,3,4,4,4,3,0,0,3,2,2,4,4,3,4,1,1,2,2,2,1,1,2,1,3,0,4,4,4,4,0,0,4,0,3,0,4,4,3,3,1,4,4,1,2,4,4,4,4,4,1,2,2,1,4,2,1,2,0,4,1,3,2,0,3,0,3,0,1,3,0,0,2,1,1,0,1,1,2,1,1,2,2,1,1,1,0,3,2,3,2,2,1,0,2,0,3,2,2,1,0,0,3,0,3,3,3,0,3,3,0,1,1,3,0,4,3,3,0,2,0,0,1,2,3,4,1,1,3,3,2,2,0,0,0,3,1,1,1,0,1,1,4,3,1,1,4,3,3,1,4,4,1,2"
171,0.400366703683444,"1,1,0,0,1,4,4,2,4,0,0,4,2,1,0,4,0,0,4,0,0,2,2,2,1,2,3,3,1,3,3,4,4,0,4,4,4,3,3,4,4,1,3,2,0,4,4,1,2,4,1,3,0,3,0,2,1,3,0,2,2,4,0,0,4,2,1,1,2,4,4,3,3,1,0,3,3,4,4,1,2,2,2,2,3,3,2,1,2,3,3,4,0,0,4,4,2,0,4,4,0,0,1,0,0,2,1,3,3,3,0,2,2,3,3,4,3,2,3,2,2,1,3,3,1,3,4,4,4,3,0,0,3,2,2,4,4,3,2,1,1,2,2,2,1,1,2,1,3,0,4,4,4,4,0,0,4,0,3,0,4,4,3,3,1,4,4,1,2,4,4,4,4,4,1,2,2,1,4,2,1,2,0,4,1,1,2,0,3,0,3,0,1,3,0,0,2,1,1,0,1,1,2,1,1,1,2,1,1,1,0,3,2,3,2,2,1,0,2,0,3,2,2,1,0,0,3,0,3,3,3,0,3,3,0,1,2,3,0,4,3,3,0,2,0,0,1,2,4,4,1,1,3,3,2,2,0,0,0,3,1,1,1,0,1,1,4,3,1,1,4,3,2,1,4,4,2,2"
172,0.4007362990193449,"1,1,0,0,1,4,4,2,4,0,0,4,2,1,0,4,0,0,4,0,0,2,2,2,1,2,3,3,1,3,3,4,4,0,4,4,4,3,3,4,4,1,3,2,0,4,4,1,2,4,1,3,0,3,0,2,1,3,0,2,2,4,0,0,4,2,1,1,2,4,4,3,3,1,0,3,3,4,4,1,2,2,2,2,3,3,2,1,2,3,3,4,0,0,4,4,2,0,4,4,0,0,1,0,0,2,1,3,3,3,0,2,2,3,3,4,3,2,3,2,2,1,3,3,1,3,4,4,4,3,0,0,3,2,2,4,4,3,1,1,1,2,2,2,1,1,2,1,3,0,4,4,4,4,0,0,4,0,3,0,4,4,3,3,1,4,4,1,2,4,4,4,4,4,1,2,2,1,4,2,1,2,0,4,1,1,2,0,3,0,3,0,1,3,0,0,2,1,1,0,1,1,2,1,1,1,2,1,1,1,0,3,0,3,2,2,1,0,2,0,3,2,2,1,0,0,3,0,3,3,3,0,3,3,0,2,2,3,0,4,3,3,0,2,0,0,1,2,3,4,1,1,3,3,2,2,0,0,0,3,1,1,1,0,1,1,4,3,1,1,4,3,2,1,4,4,2,2"
173,0.40044298351141494,"1,1,0,0,1,4,4,2,4,0,4,4,2,1,0,4,0,0,4,0,0,2,2,2,1,2,3,3,1,3,1,4,4,0,4,4,4,3,3,4,4,1,3,2,0,4,4,1,2,4,1,3,0,3,0,2,1,3,0,2,2,4,0,0,4,2,1,1,2,4,4,3,3,1,0,3,3,4,4,1,2,2,2,2,3,3,2,1,2,3,3,4,0,0,4,4,2,0,4,4,0,0,1,0,0,2,1,3,3,3,0,2,2,3,3,4,3,2,3,2,2,1,3,3,1,3,4,4,4,3,0,0,3,2,2,4,4,3,1,1,1,2,2,2,1,1,2,1,3,0,4,4,4,4,0,0,4,0,3,0,4,4,3,3,1,4,4,1,2,4,4,4,4,4,1,2,2,1,4,2,1,2,0,4,1,1,2,0,3,0,3,0,1,3,0,0,2,1,1,0,1,1,2,1,1,1,2,1,1,1,0,3,2,3,2,2,1,0,2,0,3,2,2,1,0,0,3,0,3,3,3,0,3,3,0,2,2,3,0,4,3,3,0,2,0,0,1,2,3,4,1,1,3,3,2,2,0,0,0,3,1,1,1,0,1,1,4,3,1,1,4,3,2,1,4,4,2,2"
174,0.40044298351141494,"1,1,0,0,1,4,4,2,4,0,4,4,2,1,0,4,0,0,4,0,0,2,2,2,1,2,3,3,1,3,1,4,4,0,4,4,4,3,3,4,4,1,3,2,0,4,4,1,2,4,1,3,0,3,0,2,1,3,0,2,2,4,0,0,4,2,1,1,2,4,4,3,3,1,0,3,3,4,4,1,2,2,2,2,3,3,2,1,2,3,3,4,0,0,4,4,2,0,4,4,0,0,1,0,0,2,1,3,3,3,0,2,2,3,3,4,3,2,3,2,2,1,3,3,1,3,4,4,4,3,0,0,3,2,2,4,4,3,1,1,1,2,2,2,1,1,2,1,3,0,4,4,4,4,0,0,4,0,3,0,4,4,3,3,1,4,4,1,2,4,4,4,4,4,1,2,2,1,4,2,1,2,0,4,1,1,2,0,3,0,3,0,1,3,0,0,2,1,1,0,1,1,2,1,1,1,2,1,1,1,0,3,2,3,2,2,1,0,2,0,3,2,2,1,0,0,3,0,3,3,3,0,3,3,0,2,2,3,0,4,3,3,0,2,0,0,1,2,3,4,1,1,3,3,2,2,0,0,0,3,1,1,1,0,1,1,4,3,1,1,4,3,2,1,4,4,2,2"
175,0.4017960285785327,"1,1,0,0,1,4,4,2,4,0,4,4,2,1,0,4,0,0,4,0,0,2,2,2,1,2,3,3,1,3,1,4,4,0,4,4,4,3,3,4,4,1,3,2,0,4,4,1,2,4,1,3,0,3,0,2,1,3,0,2,2,4,0,0,4,2,1,1,2,4,4,3,3,1,0,3,3,4,4,2,2,2,2,2,3,3,2,1,2,3,3,4,0,0,4,4,2,0,4,4,0,0,1,0,0,2,1,3,3,3,0,2,2,3,3,4,3,2,3,2,2,1,3,3,1,3,4,4,4,3,0,0,3,2,2,4,4,3,1,1,1,2,2,2,1,1,2,1,3,0,4,4,4,4,0,0,4,0,3,0,4,4,3,3,1,4,4,1,2,4,4,4,4,4,1,2,2,1,4,2,1,2,0,4,1,1,2,0,3,0,3,0,1,3,0,0,2,1,1,0,1,1,2,1,1,1,2,1,1,1,0,3,2,3,2,2,1,0,2,0,3,2,2,1,0,0,3,0,3,3,3,0,3,3,0,2,2,3,0,4,3,3,0,2,0,0,1,2,3,0,1,1,3,3,2,2,0,0,0,3,1,1,1,0,1,1,0,3,1,1,4,3,2,1,4,4,2,2"
176,0.40069015749735726,"1,1,0,0,1,4,4,2,4,0,4,4,2,1,0,4,0,0,4,0,0,2,2,2,1,2,3,3,1,3,1,4,4,0,4,4,4,3,3,4,4,1,3,2,0,4,4,1,2,4,1,3,0,3,0,2,1,3,0,2,2,4,0,0,4,2,1,1,2,4,4,3,3,1,0,3,3,4,4,2,2,2,2,2,3,3,2,1,2,3,3,4,0,0,4,4,2,0,4,4,0,0,1,0,0,2,1,3,3,3,0,2,2,3,3,4,3,2,3,2,2,1,3,3,1,3,4,4,4,3,0,0,3,2,2,4,4,3,1,1,1,2,2,2,1,1,2,1,3,0,4,4,4,4,0,0,4,0,3,0,4,4,3,3,1,4,4,1,2,4,4,4,4,4,1,2,2,1,4,2,1,2,0,4,1,1,2,0,3,0,3,0,1,3,0,0,2,1,1,0,1,1,2,1,1,1,2,1,1,1,0,3,2,3,2,2,1,0,2,0,3,2,2,1,0,0,3,0,3,3,3,0,3,3,0,2,2,1,0,4,3,3,0,2,0,0,1,2,3,0,1,1,3,3,2,2,0,0,0,3,1,1,1,0,1,1,0,3,1,1,4,3,2,1,4,4,2,2"
177,0.40227505542001324,"1,1,0,0,1,4,4,2,4,0,4,4,2,1,0,4,0,0,4,0,0,2,2,2,1,2,3,3,1,3,1,4,4,0,4,4,4,3,3,4,4,1,3,2,0,4,4,1,2,4,1,3,0,3,0,2,1,3,0,2,2,4,0,0,4,2,1,1,2,4,4,3,3,1,0,3,3,4,4,1,2,2,2,2,3,3,2,1,2,3,3,4,0,0,4,4,2,0,4,4,0,0,1,0,0,2,1,3,3,3,0,2,2,3,3,4,3,2,3,2,2,1,3,3,1,3,4,4,4,3,0,0,3,2,2,4,4,3,1,1,1,2,3,2,1,1,2,1,3,0,4,4,4,4,0,0,4,0,3,0,4,4,3,3,1,4,4,2,2,4,4,4,4,4,1,2,2,1,4,2,1,2,0,4,1,1,2,0,3,0,3,0,1,3,0,0,2,1,1,0,1,1,2,1,1,1,2,1,1,1,0,3,2,3,2,2,1,0,2,0,3,2,2,1,0,0,3,0,3,3,3,0,3,3,0,2,2,3,0,4,3,3,0,2,0,0,1,2,3,0,1,1,3,3,2,2,0,0,0,3,1,1,1,0,1,1,0,3,1,1,4,3,2,1,4,4,2,2"
178,0.4016995958905731,"1,1,0,0,1,4,4,2,4,0,4,4,2,1,0,4,0,0,4,0,0,2,2,2,1,2,3,3,1,3,1,4,4,0,4,4,4,3,3,4,4,1,3,2,0,4,4,1,2,4,1,3,0,3,0,2,1,3,0,2,2,4,0,0,4,2,1,1,2,4,4,3,3,1,0,3,3,4,4,1,2,2,2,2,3,3,2,1,2,3,3,4,0,0,4,4,2,0,4,4,0,0,1,0,0,2,1,3,3,3,0,2,2,3,3,4,3,2,3,2,2,1,3,3,1,3,4,4,4,3,0,0,3,2,2,4,4,3,1,1,1,2,3,2,1,1,2,1,3,0,4,4,4,4,0,0,4,0,3,0,4,4,3,3,1,4,4,2,2,4,4,4,4,4,1,2,2,1,4,2,1,2,0,4,1,1,2,0,3,0,3,0,1,3,0,0,2,1,1,0,1,1,2,1,1,1,2,1,1,1,0,3,2,3,2,2,1,0,2,0,3,2,2,1,0,0,3,0,3,3,3,0,3,3,0,2,2,3,0,4,3,3,0,2,0,0,1,2,4,0,1,1,3,3,2,2,0,0,3,3,1,1,1,0,0,1,0,3,1,1,4,3,2,1,4,4,2,2"
179,0.40061575892983275,"1,1,0,0,1,4,4,2,4,0,4,4,2,1,0,4,0,0,4,0,0,2,2,2,1,2,3,3,1,3,1,4,4,0,4,4,4,3,3,4,4,1,3,2,0,4,4,1,2,4,1,3,0,3,0,2,1,3,0,2,2,4,0,0,4,2,1,3,2,4,4,3,3,1,0,3,3,4,4,1,2,2,2,2,3,3,2,1,2,3,3,4,0,0,4,4,2,0,4,4,0,4,1,0,0,2,1,3,3,3,0,2,2,3,3,4,3,2,3,2,2,1,3,3,1,3,4,4,4,3,0,0,3,2,2,4,4,3,1,1,1,2,2,2,1,1,2,1,3,0,4,4,4,4,0,0,4,0,3,0,4,4,3,3,1,4,4,2,2,4,4,4,4,4,1,2,2,1,4,2,1,2,0,4,1,1,2,0,3,0,3,0,1,3,0,0,2,1,1,0,1,1,0,1,1,1,2,1,1,1,0,3,2,3,2,2,1,0,2,0,3,2,2,1,0,0,3,0,3,3,3,0,3,3,0,2,2,3,0,4,3,3,0,2,0,0,1,0,3,0,1,1,3,3,2,2,0,4,0,3,1,1,1,0,1,1,0,3,1,1,4,3,2,1,4,4,2,2"
180,0.40386854548235307,"1,1,0,0,1,4,4,2,4,0,4,4,2,1,0,4,0,0,4,0,0,2,2,2,1,2,3,3,1,3,1,4,4,4,4,4,4,3,3,4,4,1,3,2,0,4,4,1,2,4,1,3,0,3,0,2,1,3,0,2,2,4,0,0,4,2,1,1,2,4,4,3,3,1,0,3,3,4,4,2,2,2,2,2,3,3,2,1,2,3,3,4,0,0,4,4,0,0,4,4,0,0,1,0,0,2,1,3,3,3,0,2,2,3,3,4,3,2,3,2,2,1,3,3,1,3,4,4,4,3,0,0,3,2,2,4,4,3,1,1,1,2,3,2,1,1,2,1,3,0,4,4,4,4,0,0,4,0,3,0,4,4,3,3,1,4,4,2,2,4,4,4,4,4,1,2,2,1,4,2,1,2,0,4,1,1,2,0,3,0,3,0,1,3,0,0,1,1,1,0,1,1,1,1,1,1,2,1,1,1,0,3,2,3,2,2,1,0,2,0,3,2,2,1,0,0,3,0,3,3,3,0,3,3,0,2,2,3,0,4,3,3,0,2,0,0,1,2,3,0,1,1,3,3,2,2,0,0,0,3,1,1,1,0,1,1,0,3,1,1,4,3,2,1,4,4,2,2"
181,0.4046347041853136,"1,1,0,0,1,4,4,2,4,0,4,4,2,1,0,4,0,0,4,0,0,2,2,2,1,2,3,3,1,3,1,4,4,4,4,4,4,0,3,4,4,1,3,2,0,4,4,1,2,4,1,3,0,3,0,2,1,3,0,2,2,4,0,0,4,2,1,1,2,4,4,3,3,1,0,3,3,4,4,2,2,2,2,2,3,3,2,1,2,3,3,4,0,0,4,4,0,0,4,4,0,0,1,0,0,2,1,3,3,3,0,2,2,3,3,4,3,2,3,2,2,2,3,3,1,3,4,4,4,3,0,0,3,2,2,4,4,3,1,1,2,2,3,2,1,1,2,1,3,0,4,4,4,4,0,0,4,0,3,0,4,4,3,3,1,4,4,2,2,4,4,4,4,4,1,2,2,1,4,2,1,2,0,4,1,1,2,3,3,0,3,0,1,3,0,0,1,1,1,0,1,1,1,1,1,1,2,1,1,1,0,3,2,3,2,2,1,0,2,0,3,2,2,1,0,0,3,0,3,3,3,0,3,3,0,2,2,3,0,4,3,3,0,2,0,0,1,2,3,0,1,1,3,3,2,2,0,0,0,3,1,1,1,0,1,1,0,3,1,1,4,3,2,1,4,4,2,2"
182,0.40428632103773526,"1,1,0,0,1,4,4,2,4,0,4,4,2,1,0,4,0,0,4,0,0,2,2,2,1,2,3,3,1,3,1,4,4,4,4,4,4,0,3,4,4,1,3,2,0,4,4,1,2,4,1,3,0,3,0,2,1,3,0,2,2,4,0,0,4,2,1,1,2,4,4,3,3,1,0,3,3,4,4,2,2,2,2,2,3,3,2,1,2,3,3,4,0,0,4,4,0,0,4,4,0,0,1,0,0,2,1,3,3,3,0,2,2,3,3,4,3,2,3,2,2,2,3,3,1,3,4,4,4,3,0,0,3,2,2,4,4,3,1,1,2,2,1,2,1,1,2,1,3,0,4,4,4,4,0,0,4,0,3,0,4,4,3,3,1,4,4,2,2,4,4,4,4,4,2,2,0,1,4,2,1,2,0,4,1,1,2,3,3,0,3,0,1,3,0,0,1,1,1,0,1,1,1,1,1,1,2,1,1,1,0,3,2,3,2,2,1,0,2,0,3,2,2,1,0,0,3,0,3,3,3,0,3,3,0,2,2,3,0,4,3,3,0,2,3,0,1,2,3,0,1,1,3,3,2,2,0,0,0,3,1,1,1,0,1,1,0,3,1,1,4,3,2,1,4,4,2,2"
183,0.40410006947700405,"1,1,0,0,1,4,4,2,4,0,4,4,2,1,0,4,0,0,4,0,0,2,2,2,1,2,3,3,1,3,1,4,4,4,4,4,4,0,3,4,4,1,3,0,0,4,4,1,2,4,1,3,0,3,0,2,1,3,0,2,2,4,0,0,4,2,1,1,2,4,4,3,3,1,0,3,3,4,4,2,2,2,2,2,3,1,2,1,2,3,3,4,0,0,4,4,0,0,0,4,0,0,1,0,0,2,1,3,3,3,0,2,2,3,3,4,3,2,3,2,2,2,3,3,1,3,4,4,4,3,0,0,3,2,2,4,4,3,1,1,2,2,1,2,1,3,2,1,3,0,4,4,4,4,0,0,4,0,3,0,4,4,3,3,1,4,4,2,2,4,4,4,4,4,1,2,2,3,4,2,1,2,0,4,1,1,2,3,3,0,3,0,1,3,3,0,1,1,1,0,1,1,1,1,1,1,2,1,1,1,0,3,2,3,2,2,1,0,2,0,3,2,2,1,0,0,3,0,3,3,3,0,3,3,0,2,2,3,1,4,3,3,0,2,0,0,1,2,3,0,1,1,3,3,2,2,0,0,0,3,1,1,1,0,1,1,0,3,1,1,4,3,2,1,4,4,2,2"
184,0.4045932611651171,"1,1,0,0,1,4,4,2,4,0,4,4,2,1,0,4,0,0,4,0,0,2,2,2,1,2,3,3,1,3,1,4,4,4,4,4,4,0,3,4,4,1,3,0,0,4,4,1,2,4,1,3,0,3,0,2,1,3,0,2,2,4,0,0,4,2,1,1,2,4,4,3,3,1,0,3,3,4,4,2,2,2,2,2,3,3,2,1,2,3,3,4,0,0,4,4,0,0,4,4,0,0,1,0,0,2,1,3,3,3,0,2,2,3,3,4,3,2,3,2,2,1,3,3,1,3,4,4,4,3,0,0,3,2,2,4,4,2,1,1,2,2,3,2,1,1,2,1,3,0,4,4,4,4,0,0,4,0,3,0,4,4,3,3,1,4,4,2,2,4,4,4,4,4,1,2,2,1,4,2,1,2,0,4,1,1,2,3,3,0,3,0,1,3,0,0,1,1,1,0,1,1,1,1,1,1,2,1,1,1,0,3,2,3,2,2,1,0,2,0,3,2,2,1,0,0,3,0,3,3,3,0,3,3,0,2,2,3,0,4,3,3,0,2,0,0,1,2,3,0,1,1,3,3,2,2,0,0,0,3,1,1,1,0,1,1,0,3,1,1,4,3,2,1,4,4,2,2"
185,0.40567453638564593,"1,1,0,0,1,4,4,2,4,0,4,4,2,1,0,4,0,0,4,0,0,2,2,2,1,2,3,3,2,3,1,4,4,4,4,4,4,0,3,4,4,1,3,0,0,4,4,1,2,4,1,3,0,3,0,2,1,3,0,2,2,3,0,0,4,2,1,1,2,4,4,3,3,1,1,3,3,4,4,2,2,2,2,2,3,3,2,1,2,3,3,4,0,0,4,4,0,0,4,4,0,0,1,0,0,2,1,3,3,3,0,2,2,3,3,4,3,2,3,2,2,1,3,3,1,3,4,4,4,3,0,0,3,2,2,4,4,2,1,1,2,2,3,2,1,1,2,1,3,0,4,4,4,4,0,0,4,0,3,0,4,4,3,3,1,4,4,2,2,4,4,4,4,4,1,2,2,1,4,2,1,2,0,4,1,1,2,3,3,0,3,0,1,3,0,0,1,1,1,0,1,1,1,1,1,1,2,1,1,1,0,3,2,3,2,2,1,0,2,0,3,2,2,1,0,0,3,0,3,3,3,0,3,3,0,2,2,3,0,4,3,3,0,2,0,0,1,2,3,0,1,1,3,3,2,2,0,0,0,3,1,1,1,0,1,1,0,3,1,1,4,3,2,1,4,4,2,2"
186,0.40567453638564593,"1,1,0,0,1,4,4,2,4,0,4,4,2,1,0,4,0,0,4,0,0,2,2,2,1,2,3,3,2,3,1,4,4,4,4,4,4,0,3,4,4,1,3,0,0,4,4,1,2,4,1,3,0,3,0,2,1,3,0,2,2,3,0,0,4,2,1,1,2,4,4,3,3,1,1,3,3,4,4,2,2,2,2,2,3,3,2,1,2,3,3,4,0,0,4,4,0,0,4,4,0,0,1,0,0,2,1,3,3,3,0,2,2,3,3,4,3,2,3,2,2,1,3,3,1,3,4,4,4,3,0,0,3,2,2,4,4,2,1,1,2,2,3,2,1,1,2,1,3,0,4,4,4,4,0,0,4,0,3,0,4,4,3,3,1,4,4,2,2,4,4,4,4,4,1,2,2,1,4,2,1,2,0,4,1,1,2,3,3,0,3,0,1,3,0,0,1,1,1,0,1,1,1,1,1,1,2,1,1,1,0,3,2,3,2,2,1,0,2,0,3,2,2,1,0,0,3,0,3,3,3,0,3,3,0,2,2,3,0,4,3,3,0,2,0,0,1,2,3,0,1,1,3,3,2,2,0,0,0,3,1,1,1,0,1,1,0,3,1,1,4,3,2,1,4,4,2,2"
187,0.4011918113498591,"1,1,0,0,1,4,3,2,4,0,4,4,2,1,0,4,0,0,4,0,0,2,2,2,1,2,3,3,2,3,1,4,4,4,4,4,4,0,3,4,4,1,2,0,0,4,4,1,2,4,1,3,0,3,0,2,1,3,0,2,2,3,0,0,4,2,1,1,2,4,4,3,3,3,1,3,3,4,4,2,2,2,2,2,3,3,2,1,2,3,3,4,0,0,4,4,0,0,4,4,0,0,1,0,0,2,1,3,3,3,0,2,2,3,3,4,3,2,3,2,2,1,3,3,1,3,4,4,4,3,0,0,3,2,3,4,4,2,1,1,2,2,3,2,1,1,2,1,3,0,4,4,4,4,0,0,4,0,3,0,4,4,3,3,1,4,4,2,2,4,4,4,4,4,1,2,2,1,4,2,1,2,0,4,1,1,2,3,3,0,3,0,1,4,0,0,1,1,1,0,1,1,1,1,1,1,2,1,1,1,0,3,2,3,2,2,1,0,2,0,3,2,2,1,0,0,3,0,3,3,3,0,3,3,0,2,2,3,0,4,3,3,0,2,0,0,1,2,3,0,1,1,3,3,0,2,0,0,3,3,1,1,1,0,1,1,0,3,4,1,4,3,4,1,4,4,2,2"
188,0.4059520680629283,"1,1,0,0,1,4,3,2,4,0,4,4,2,1,0,4,0,0,4,0,0,2,2,2,1,2,3,3,2,3,0,4,4,4,4,4,4,0,3,4,4,1,3,0,0,4,4,1,2,4,1,3,0,3,0,2,1,3,0,2,2,3,0,0,4,2,1,1,2,4,4,3,3,1,1,3,3,4,4,2,2,2,2,2,3,3,2,1,2,3,3,4,0,0,4,4,0,0,4,4,0,0,1,0,0,2,1,3,3,3,0,2,2,3,3,4,3,2,3,2,2,1,3,3,1,3,4,4,4,3,0,0,3,2,2,4,4,0,1,1,2,2,3,2,1,1,2,1,3,0,4,4,4,4,0,0,4,0,3,0,4,4,3,3,1,4,4,2,2,4,4,4,4,4,1,2,2,1,4,2,1,2,0,4,1,2,2,3,3,0,3,1,1,4,0,0,1,1,1,0,1,1,1,1,1,1,2,1,1,1,0,3,2,3,2,2,1,0,2,0,3,2,2,1,0,0,3,0,3,3,3,0,3,3,0,2,2,3,0,4,3,3,0,2,0,0,1,2,3,0,1,1,3,3,2,2,0,0,0,3,1,1,1,0,1,1,0,3,1,1,4,3,2,1,4,4,2,2"
189,0.4050963850272797,"1,1,0,0,1,4,3,2,4,0,4,4,2,1,0,4,0,0,4,0,0,2,2,2,1,2,3,3,2,3,0,4,4,4,4,4,4,0,3,4,4,1,3,0,0,4,4,1,2,4,1,3,0,3,0,3,1,3,0,2,2,3,0,0,4,2,1,1,2,4,4,3,3,1,1,3,3,4,4,2,2,2,2,2,3,3,2,1,2,3,3,4,0,0,4,4,0,0,4,4,0,0,1,0,0,2,1,3,3,3,0,2,2,3,3,4,3,2,3,2,2,1,3,3,1,3,4,4,4,3,0,0,3,2,2,4,4,2,1,1,2,2,3,2,1,1,2,1,3,0,4,4,4,4,0,0,4,0,3,0,4,4,3,3,1,4,4,2,2,4,4,4,4,4,1,2,2,1,4,2,1,2,0,4,1,1,2,3,3,0,3,1,1,4,0,0,1,1,1,0,1,1,1,1,1,1,2,1,1,1,0,3,2,3,2,2,1,0,2,0,3,2,2,1,0,0,3,0,3,3,3,0,3,3,0,2,2,3,0,4,3,3,0,2,0,0,1,2,3,0,1,1,3,3,2,2,0,0,0,3,1,1,1,0,1,1,0,3,4,1,4,3,2,1,4,4,2,2"
190,0.40391507780133434,"1,1,0,0,1,4,3,2,4,0,4,4,2,1,3,4,0,0,4,0,0,2,2,2,1,2,3,3,2,3,0,4,4,4,4,4,4,0,3,4,4,1,3,0,0,4,4,1,2,4,1,3,0,3,0,2,1,3,0,2,2,3,0,0,4,2,1,1,2,4,4,3,3,1,1,3,3,4,4,2,2,2,2,2,3,3,2,1,2,3,3,4,0,0,4,4,0,0,4,4,0,0,1,0,0,2,1,3,3,3,0,2,2,3,3,4,3,2,3,2,2,1,3,3,1,3,4,4,4,3,0,0,3,2,2,4,4,2,1,1,2,2,3,2,1,1,2,1,3,0,4,4,4,4,0,0,4,0,3,0,4,4,3,3,1,4,4,2,2,4,4,4,4,4,1,2,2,1,4,2,1,2,0,4,1,1,2,3,3,0,3,1,1,4,0,0,1,1,1,0,1,1,1,1,1,1,2,1,1,1,0,3,2,3,2,2,1,0,2,0,3,2,2,1,0,0,3,0,3,3,3,0,3,3,0,2,2,3,0,4,3,3,0,2,0,0,1,2,3,0,1,1,3,3,2,2,0,0,0,3,4,1,1,0,1,1,0,3,1,1,4,3,2,1,2,4,2,2"
191,0.4051945421957118,"1,1,0,0,1,4,3,2,4,0,4,4,2,1,3,4,0,0,4,0,0,2,2,2,1,2,3,3,2,3,0,4,4,4,4,4,4,0,3,4,4,1,3,0,0,4,4,1,2,4,1,3,0,3,0,2,1,3,0,2,2,0,0,0,4,2,1,1,2,4,4,3,3,1,1,3,3,4,4,2,2,2,2,2,3,3,2,1,2,3,3,4,0,0,4,4,0,0,4,4,0,0,1,0,0,2,1,3,3,3,0,2,2,3,3,4,3,2,3,2,2,1,3,3,1,3,4,4,4,3,0,0,3,2,2,4,4,2,1,1,2,2,3,2,1,1,2,1,3,0,4,4,4,4,0,0,4,0,3,0,4,4,3,3,1,4,3,2,2,4,4,4,4,4,1,2,2,3,0,2,1,2,0,4,1,1,2,3,3,0,3,1,1,4,0,4,1,1,1,0,1,1,1,1,1,1,2,1,1,1,0,3,2,3,2,2,1,0,2,0,3,2,2,1,0,0,3,0,3,3,3,0,3,4,0,2,2,3,0,4,3,3,0,2,0,0,1,2,3,0,1,1,3,3,2,2,0,0,0,3,1,1,1,0,1,1,0,3,1,1,4,3,2,1,4,4,2,2"
192,0.4064603123625928,"1,1,0,0,1,4,3,2,4,0,4,4,2,1,3,4,0,0,4,0,0,2,2,2,1,2,3,3,2,3,0,4,4,4,4,4,4,0,3,4,4,1,3,0,0,4,4,1,2,4,1,3,0,3,0,2,1,3,0,2,2,0,0,0,4,2,1,1,2,4,4,3,3,1,1,3,3,4,4,2,2,2,2,2,3,3,2,1,2,3,3,4,0,0,4,4,0,0,4,4,0,0,1,0,0,2,1,3,3,3,0,2,2,3,3,4,3,2,3,2,2,1,3,3,1,3,4,4,4,3,0,0,3,2,2,4,4,2,1,1,2,2,3,2,1,1,2,1,3,0,4,4,4,4,0,0,4,0,3,0,4,4,3,3,1,4,4,2,2,4,4,4,4,4,1,2,2,1,4,2,1,2,0,4,1,1,2,3,3,0,3,1,1,4,0,0,1,1,1,0,1,1,1,1,1,1,2,1,1,1,0,3,2,3,2,2,1,0,2,0,3,2,2,1,0,0,3,0,3,3,3,0,3,3,0,2,2,3,0,4,3,3,0,2,0,0,1,2,3,0,1,1,3,3,2,2,0,0,0,3,1,1,1,0,1,1,0,3,1,1,4,3,2,1,4,4,2,2"
193,0.40482616580893827,"1,1,0,0,1,4,3,2,4,0,4,4,2,1,3,4,0,0,4,0,0,2,2,2,1,2,3,3,2,3,0,4,4,4,4,4,4,0,3,4,4,1,3,0,0,4,4,1,2,4,1,3,0,3,0,2,1,3,0,2,2,0,0,0,4,2,1,1,2,4,4,3,3,1,1,3,3,4,4,2,2,2,2,2,3,3,2,1,2,3,3,4,0,1,4,4,0,0,4,4,0,0,1,0,0,2,2,3,3,3,0,2,2,3,3,4,3,2,3,2,2,1,3,3,1,3,4,4,4,3,0,0,3,2,2,4,4,2,1,4,2,2,3,2,1,1,2,1,3,0,4,4,4,4,0,0,4,0,3,0,4,4,3,3,1,4,4,2,2,4,4,4,4,4,1,2,2,1,1,2,1,2,0,4,1,1,2,3,3,0,3,1,1,4,0,0,1,1,1,0,1,1,1,1,1,1,0,1,1,1,3,3,2,3,2,2,3,0,2,0,3,2,2,1,0,0,3,0,3,3,3,0,3,3,0,2,2,3,0,4,3,3,0,2,0,0,1,2,3,0,1,1,3,3,2,2,0,0,0,3,1,1,1,0,1,1,0,3,1,1,4,3,2,1,4,4,2,2"
194,0.4060855221368752,"1,1,0,0,1,4,3,2,4,0,4,4,2,1,3,4,0,0,4,0,0,2,2,2,1,2,3,3,2,3,0,4,4,4,4,4,4,0,3,4,4,1,3,0,0,4,4,1,2,4,1,3,0,3,0,2,1,3,0,2,2,0,0,0,4,2,1,1,2,4,4,3,3,1,1,3,3,4,4,2,2,2,2,2,3,3,2,1,2,3,3,4,0,0,4,4,0,0,4,4,0,0,1,0,0,2,1,3,3,3,0,2,2,3,3,4,3,2,3,2,2,1,3,3,1,3,4,4,4,3,0,0,3,2,2,4,4,2,1,1,2,3,3,2,1,1,2,1,3,0,4,4,4,4,0,0,4,0,3,0,4,4,3,0,1,4,4,2,2,4,4,4,4,4,1,2,2,1,4,2,1,2,0,4,1,1,2,3,3,0,3,1,1,4,0,0,1,1,1,0,1,1,1,1,1,1,2,1,1,1,0,3,2,2,2,2,1,0,2,0,3,2,2,1,0,0,3,0,3,3,3,0,3,3,0,2,2,3,0,4,3,3,0,2,0,0,1,2,3,0,1,1,3,3,2,2,0,0,0,3,1,1,1,0,1,1,0,3,1,1,4,3,2,1,4,4,2,2"
195,0.4065531450242153,"1,1,0,0,1,4,3,2,4,0,4,4,2,1,3,4,0,0,4,0,0,2,2,2,1,2,3,3,2,3,0,4,4,4,4,4,4,0,3,4,4,1,3,0,0,4,4,1,2,4,1,3,0,3,0,2,1,3,0,2,2,0,0,0,4,2,1,1,2,4,4,3,3,1,1,3,3,4,4,2,2,2,2,2,3,3,2,1,2,3,3,4,0,0,4,4,0,0,4,4,0,0,1,0,0,2,1,3,3,3,0,2,2,3,3,4,3,2,3,2,2,1,3,3,1,3,4,4,4,3,0,0,3,2,2,4,4,2,1,1,2,3,3,2,1,1,2,1,3,0,4,4,4,4,0,0,4,0,3,0,4,4,3,3,1,4,4,2,2,4,4,4,4,4,1,2,2,1,4,2,1,2,0,4,1,1,2,3,3,0,3,1,1,4,0,0,1,1,1,0,1,1,1,1,1,1,2,1,1,1,0,3,2,2,2,2,1,0,2,0,3,2,2,1,0,0,3,0,3,3,3,0,3,3,0,2,2,3,0,4,3,3,0,2,0,0,1,2,3,0,1,1,3,3,2,2,0,0,0,3,1,1,1,0,1,1,0,3,1,1,4,3,2,1,4,4,2,2"
196,0.4056919646316367,"1,1,0,0,1,4,3,2,4,0,4,4,2,1,3,4,0,0,4,0,0,2,2,2,1,2,3,3,2,3,0,4,4,4,4,4,4,0,3,4,4,1,3,0,0,4,4,1,2,4,1,3,0,3,0,2,1,3,0,2,2,0,0,0,4,2,1,1,2,4,4,3,3,1,1,3,3,4,4,2,2,2,2,2,3,3,2,1,2,3,3,4,0,0,4,4,0,0,4,4,0,0,1,0,0,2,1,3,3,3,0,2,2,3,3,4,3,2,3,2,2,1,3,3,1,3,4,4,4,3,0,0,3,2,2,4,4,2,1,1,2,3,3,2,1,1,2,1,3,0,4,4,4,4,0,0,4,0,3,0,4,4,3,3,1,4,4,2,2,4,4,4,4,4,2,2,2,1,4,2,1,2,0,4,1,1,2,3,3,0,3,1,1,1,0,0,1,1,1,0,1,1,1,1,1,1,2,1,1,1,0,3,2,2,2,2,1,0,2,0,3,2,2,1,0,0,3,0,3,3,3,0,3,3,0,2,2,3,0,4,3,3,0,2,0,0,1,2,3,0,1,1,3,3,2,2,0,0,0,3,1,1,1,0,1,1,0,3,1,1,4,3,2,1,4,4,2,2"
197,0.4067250348107851,"1,1,0,0,1,4,3,2,4,0,4,4,2,1,3,4,0,0,4,0,0,2,2,2,1,2,3,3,2,3,0,4,4,4,4,4,4,0,3,4,4,1,3,0,0,4,4,1,2,4,1,3,0,3,0,2,1,3,0,2,2,0,0,0,4,2,1,1,2,4,4,3,4,1,1,3,3,4,4,2,2,2,2,2,3,3,2,1,2,3,3,4,0,0,4,4,0,0,0,4,0,4,1,0,0,2,1,3,3,3,0,2,2,3,3,4,3,2,3,2,2,1,3,3,1,3,4,4,4,3,0,0,3,2,2,4,4,2,1,1,2,3,3,2,1,1,2,1,3,0,4,4,4,4,0,0,4,0,3,0,4,4,3,3,1,4,4,2,2,4,4,4,4,4,1,2,2,1,4,2,1,2,0,4,1,1,2,3,3,0,3,1,1,4,0,0,1,1,1,0,1,1,1,1,1,1,2,1,1,1,0,3,2,2,2,2,3,0,2,0,3,2,2,1,0,0,3,0,3,3,3,0,3,3,0,2,2,3,0,4,3,3,0,2,0,0,1,2,3,0,1,1,3,3,2,2,0,0,0,3,1,1,1,0,1,1,0,3,1,1,4,3,2,1,4,4,2,2"
198,0.4067218865789252,"1,1,0,0,1,4,3,2,4,0,4,4,2,1,3,4,0,0,4,0,0,2,2,2,1,2,3,3,2,3,0,4,4,4,4,4,4,0,3,4,4,1,3,0,0,4,4,1,2,4,1,3,0,3,0,2,1,3,0,2,2,0,0,0,4,2,1,1,2,4,4,3,3,1,1,3,3,4,4,2,2,2,2,2,3,3,2,1,2,3,3,4,0,0,4,4,0,0,0,4,0,4,1,0,0,2,1,3,3,3,0,2,2,3,3,4,3,2,3,2,2,1,3,3,1,3,4,4,4,3,0,0,3,2,2,4,4,2,1,1,2,3,3,2,1,1,2,1,3,0,4,4,4,4,0,1,4,0,4,0,4,4,3,3,1,4,4,2,2,4,4,4,4,4,1,2,2,1,4,2,1,2,0,4,1,1,2,3,3,0,3,1,1,4,0,0,1,1,1,0,1,1,1,1,1,1,2,1,1,1,0,3,2,2,2,2,3,0,2,0,3,2,2,1,0,0,3,0,3,3,3,0,3,3,0,2,2,3,0,4,3,3,0,2,0,0,1,2,3,0,1,1,3,3,2,2,0,0,0,3,1,1,1,0,1,1,0,3,1,1,4,3,2,1,4,4,2,2"
199,0.4060839304184985,"1,1,0,0,1,4,3,2,4,0,4,4,2,1,3,4,0,0,4,0,0,2,2,2,1,2,3,3,2,3,0,4,4,4,4,4,4,0,3,4,4,1,3,0,0,4,4,1,2,4,1,3,0,3,0,2,1,3,0,2,2,0,0,0,4,2,1,1,2,4,4,3,3,1,1,3,3,4,4,2,2,2,2,2,3,3,2,1,2,3,3,4,0,0,4,4,0,0,0,4,0,4,1,0,0,2,1,3,3,3,0,2,2,3,3,4,3,2,3,2,2,1,3,3,1,3,4,4,4,3,0,0,3,2,2,4,4,2,1,1,2,3,3,2,1,1,2,1,3,0,4,4,4,4,0,0,4,0,4,0,4,4,3,3,1,4,4,2,2,4,4,4,4,4,1,2,2,1,4,2,1,2,0,4,1,1,2,3,3,0,3,1,1,4,0,0,1,1,1,0,1,1,1,1,1,1,2,1,1,1,0,3,2,2,2,2,3,0,2,0,3,2,2,1,0,0,3,0,3,3,3,0,3,3,0,2,2,3,0,4,3,3,0,2,0,0,1,2,3,0,1,1,3,3,2,2,0,0,0,3,1,1,1,0,1,1,0,4,1,1,4,3,2,1,4,4,2,2"
200,0.4066451126587551,"1,1,0,0,1,4,3,2,4,0,4,4,2,1,3,4,0,0,4,0,0,2,2,2,1,2,3,3,2,3,0,4,4,4,4,4,4,0,3,4,4,1,3,0,0,4,4,1,2,4,1,3,0,3,0,2,1,3,0,2,2,0,0,0,4,2,1,1,2,4,4,3,3,1,1,3,3,4,4,2,2,2,2,2,3,3,2,1,2,3,3,4,0,0,4,4,0,0,0,4,0,4,1,0,0,2,1,3,3,3,0,2,2,3,3,4,3,2,3,2,2,1,1,3,1,3,4,4,4,3,0,0,3,2,2,4,4,2,1,1,2,3,3,2,1,1,2,1,3,0,4,4,4,4,0,0,4,0,4,0,4,4,3,3,2,4,4,2,2,4,4,4,4,4,1,2,2,1,4,2,1,2,0,4,1,1,2,3,3,0,3,1,1,4,0,4,1,1,1,0,1,1,1,1,1,1,2,1,1,1,0,3,2,2,2,2,3,0,1,0,3,2,2,1,0,0,3,0,3,3,3,0,3,3,0,2,2,3,0,4,3,3,0,2,0,0,1,2,3,0,1,1,3,3,2,2,0,0,0,3,1,1,1,0,1,1,0,3,1,1,4,3,2,1,4,4,2,2"
201,0.4066879289482502,"1,1,0,0,1,4,3,2,4,0,4,4,2,1,3,4,0,0,4,0,0,2,2,2,1,2,3,3,2,3,0,4,4,4,4,4,4,0,3,4,4,1,3,0,0,4,4,1,2,4,1,3,0,3,0,2,1,3,0,2,2,0,0,0,4,2,1,1,2,4,4,3,3,1,1,3,3,4,4,2,2,2,2,2,3,3,2,1,2,3,3,4,0,0,4,4,0,0,0,4,0,4,1,0,0,2,1,3,3,3,0,2,2,3,3,4,3,2,3,2,2,1,1,3,4,3,4,4,4,3,0,0,3,2,2,4,4,2,1,1,2,3,3,2,1,1,2,1,3,0,4,4,4,4,0,0,4,0,0,0,4,4,3,3,2,4,4,2,2,4,4,4,4,4,1,2,2,1,4,2,1,2,0,4,1,1,2,3,3,0,3,1,1,4,0,0,1,1,1,0,1,1,1,1,1,1,2,1,1,1,3,3,2,2,2,2,3,0,1,0,3,2,2,1,0,0,3,0,3,3,3,0,3,3,0,2,2,3,0,4,3,3,0,2,0,0,1,2,3,0,1,1,3,3,3,2,0,0,0,3,1,1,1,0,1,1,0,3,1,1,4,3,2,1,4,4,2,2"
202,0.4074758322445076,"1,1,0,0,1,4,3,2,4,2,4,4,2,1,3,4,0,0,4,0,0,2,2,2,1,2,3,3,2,3,0,4,4,4,4,4,4,0,3,4,4,1,3,0,0,4,4,1,2,4,1,3,0,3,0,2,1,3,0,2,2,0,0,0,4,2,1,1,2,4,4,3,3,1,1,3,3,4,4,2,2,2,2,2,3,3,2,1,2,3,3,4,0,0,4,4,0,0,0,4,0,4,1,0,0,2,1,3,3,3,0,2,2,3,3,4,3,2,3,2,2,1,1,3,4,3,4,4,4,3,0,0,3,2,2,4,4,2,1,1,2,3,3,2,1,1,2,1,3,0,4,4,4,4,0,0,4,0,0,0,4,4,3,3,2,4,4,2,2,4,4,4,4,4,1,2,2,1,4,2,1,2,0,4,1,1,2,3,3,0,3,1,1,4,0,0,1,1,1,0,1,1,1,1,1,1,2,1,1,1,3,3,2,2,2,2,3,0,1,0,3,2,2,1,0,0,3,0,3,3,3,0,3,3,0,2,2,3,0,4,3,3,0,2,0,0,1,2,3,0,1,1,3,3,2,2,0,0,0,3,1,1,1,0,1,1,0,3,1,1,4,3,2,1,4,4,2,2"
203,0.4079750096703824,"1,1,0,0,1,4,3,2,4,2,4,4,2,1,3,4,0,0,4,0,0,2,2,2,1,2,3,3,2,3,0,4,4,4,4,4,4,0,3,4,4,1,3,0,0,4,4,1,2,4,1,3,0,3,0,1,1,3,0,2,2,0,0,0,4,2,1,1,2,4,4,3,3,1,1,3,3,4,4,2,2,2,2,2,3,3,2,1,2,3,3,4,0,0,4,4,0,0,0,4,0,4,1,0,0,2,1,3,3,3,0,2,2,3,3,4,3,2,3,2,2,1,1,3,4,3,4,4,4,3,0,0,3,2,2,4,4,2,1,1,2,3,3,2,1,1,2,1,3,0,4,4,4,4,0,0,4,0,0,0,4,4,3,3,2,4,4,2,2,4,4,4,4,4,1,2,2,1,4,2,1,2,0,4,1,1,2,3,3,0,3,1,1,4,0,0,1,1,1,0,1,1,1,1,1,1,2,1,1,1,3,3,2,2,2,2,3,0,1,0,3,2,2,1,0,0,3,0,3,3,3,0,3,3,0,2,2,3,0,4,3,3,0,2,0,0,1,2,3,0,1,1,3,3,2,2,0,0,0,3,1,1,1,0,1,1,0,3,1,1,4,3,2,1,4,4,2,2"
204,0.4039369486347131,"1,1,0,0,1,4,3,2,4,2,4,4,2,1,3,4,0,0,4,0,0,2,2,2,1,2,3,3,2,3,0,4,4,4,4,4,4,0,3,4,4,1,3,0,0,4,4,1,2,4,1,3,0,3,0,1,1,3,0,2,2,0,0,0,4,2,1,1,2,4,4,3,3,1,1,3,3,4,4,2,2,2,2,2,3,3,2,1,2,3,3,4,0,0,4,4,0,0,0,4,0,4,1,0,0,2,1,3,3,3,0,2,2,3,3,4,3,2,3,2,2,1,1,3,4,3,4,4,4,3,0,0,3,2,3,4,4,2,1,1,2,3,3,2,1,1,2,1,3,0,4,4,4,4,0,0,4,0,0,0,4,4,3,3,2,4,4,2,2,4,4,4,4,4,1,2,2,1,4,2,1,2,0,4,1,1,2,3,3,0,3,1,1,4,0,0,1,1,1,0,1,1,1,1,1,1,2,1,1,1,3,3,2,2,2,2,3,0,1,0,3,2,2,1,0,0,3,0,3,3,3,0,3,3,1,2,2,3,1,4,3,3,0,2,0,0,1,2,3,0,1,1,3,3,2,2,0,0,0,3,1,1,1,0,1,1,0,3,1,1,4,3,2,1,4,4,2,2"
205,0.4057933223022119,"1,1,0,0,1,4,3,2,4,2,4,4,2,1,3,4,0,0,4,0,0,2,2,2,1,2,3,3,2,3,0,4,4,4,4,4,4,0,3,4,4,1,3,0,0,4,4,1,2,4,1,3,0,3,0,1,1,3,0,2,2,0,0,0,4,2,1,1,2,4,4,3,3,1,1,3,3,4,4,2,2,2,0,2,3,3,2,1,2,3,3,4,0,0,4,4,0,0,0,4,0,4,1,0,0,2,1,3,3,3,0,2,2,3,3,4,3,2,3,2,2,1,1,3,4,3,4,4,4,3,0,0,3,2,3,4,4,2,1,1,2,3,3,2,1,1,2,1,3,0,4,4,4,4,0,0,4,0,0,0,4,4,3,3,2,4,4,2,2,4,4,4,4,4,1,2,2,1,4,2,1,2,0,0,1,1,2,3,3,0,3,1,1,4,0,3,1,1,1,0,1,1,1,1,1,1,2,1,1,1,3,3,2,2,2,2,3,0,1,0,3,2,2,1,0,0,3,0,3,3,0,0,3,3,0,2,2,3,0,4,3,3,0,2,0,0,1,2,3,0,1,1,3,3,2,2,0,0,0,3,1,1,1,0,1,1,0,3,1,1,4,3,2,1,4,4,2,2"
206,0.406700083121792,"1,1,0,0,1,4,3,2,4,2,4,4,2,1,3,4,0,0,4,0,0,2,2,2,1,2,3,3,2,3,0,4,4,4,4,4,4,0,3,4,4,1,3,0,0,4,4,1,2,4,1,3,0,3,0,1,1,3,0,2,2,0,0,0,4,2,1,1,2,4,4,3,3,1,1,3,3,4,4,2,2,2,2,2,3,3,2,1,2,3,3,4,0,0,4,4,0,0,0,4,0,2,1,0,0,2,1,3,3,3,0,2,2,3,3,4,3,2,3,2,2,1,1,3,4,3,4,4,4,3,0,0,3,2,2,4,4,2,1,1,2,3,3,2,1,1,2,1,3,0,4,4,4,4,0,0,4,0,0,0,4,4,3,3,2,4,4,2,2,4,4,4,4,4,1,2,2,1,4,2,1,2,2,4,1,1,2,3,3,0,3,1,1,4,0,0,1,1,1,0,1,1,1,1,1,1,2,1,1,1,3,3,2,2,2,2,3,0,1,0,3,2,2,1,0,0,3,0,3,3,3,0,3,3,0,2,2,3,0,4,3,3,0,2,0,0,1,2,3,0,1,1,3,3,2,2,0,0,0,3,1,1,1,0,1,1,0,3,1,1,4,3,2,1,4,4,2,2"
207,0.4091608192746314,"1,1,0,0,1,4,3,2,4,2,4,4,2,1,3,4,0,0,4,0,0,2,0,2,1,2,3,3,2,3,0,4,4,4,4,4,4,0,3,4,4,1,3,0,0,4,4,1,2,4,1,3,0,3,0,1,1,3,0,2,2,0,0,0,4,2,1,1,2,4,4,3,3,1,1,3,3,4,4,2,2,2,2,2,3,3,2,1,2,3,3,4,0,0,4,4,0,0,0,4,0,2,1,0,0,2,1,3,3,3,0,2,2,3,3,4,3,2,3,2,2,1,1,3,4,3,4,4,4,3,0,0,3,2,2,4,4,2,1,1,2,3,3,2,1,1,2,1,3,0,4,4,4,4,0,0,4,0,0,0,4,4,3,3,2,4,4,2,2,4,4,4,4,4,1,2,2,1,4,2,1,2,0,4,1,1,2,3,3,0,3,1,1,4,0,0,1,1,1,0,1,1,1,1,1,1,1,1,1,1,3,3,2,2,2,2,3,0,1,0,3,2,2,1,0,0,3,0,3,3,3,0,3,3,0,2,2,3,0,4,3,3,0,2,0,0,1,2,3,0,1,1,3,3,2,2,0,0,0,3,1,1,1,0,1,1,0,3,1,2,4,3,2,1,4,4,2,2"
208,0.4011122669456844,"1,1,0,0,1,4,3,2,4,2,4,4,2,1,3,4,0,0,4,0,0,2,0,2,1,2,3,3,2,3,0,4,4,4,4,4,4,0,3,4,4,1,3,0,0,4,4,1,2,4,1,3,0,3,0,1,1,3,0,2,2,2,0,0,4,2,1,1,2,4,4,3,3,1,1,3,3,4,4,2,2,2,2,2,3,3,2,1,2,3,3,4,0,0,4,4,0,0,0,4,0,2,1,0,0,2,1,3,3,3,0,2,2,3,3,4,3,2,3,2,2,1,1,3,4,3,4,4,4,3,0,0,3,2,2,4,4,2,1,1,2,3,3,2,1,1,2,1,3,0,4,4,4,4,0,0,4,0,2,0,4,4,3,3,2,4,4,2,2,4,4,4,4,4,1,2,2,3,4,2,1,2,0,4,1,1,2,3,3,0,3,1,1,2,0,0,1,1,1,0,1,1,1,1,1,1,1,4,1,1,3,3,3,2,2,2,3,3,1,0,3,2,2,1,0,0,3,0,3,3,3,0,3,3,0,2,2,3,0,4,3,3,2,2,0,0,1,2,3,0,1,1,3,3,2,2,0,0,0,3,1,1,1,0,1,1,0,3,1,2,4,3,2,1,4,4,2,2"
209,0.4093067803039665,"1,1,0,0,1,4,3,2,4,2,4,4,2,1,3,4,0,0,4,0,0,2,0,2,1,2,3,3,2,3,0,4,4,4,4,4,4,0,3,4,4,1,3,0,0,4,4,1,2,4,1,3,0,3,0,1,1,3,0,2,2,2,0,0,4,2,1,1,2,4,4,3,3,1,1,3,3,4,4,2,2,2,2,2,3,3,2,1,2,3,3,4,0,0,4,4,0,0,0,4,0,2,1,0,0,2,1,3,3,3,0,2,2,3,3,4,3,1,0,2,2,1,1,3,4,3,4,4,4,3,0,0,3,2,2,4,4,2,1,1,2,3,3,2,1,1,2,1,3,0,4,4,4,4,0,0,4,0,0,0,4,4,3,3,2,4,4,2,2,4,4,4,4,4,1,2,2,1,4,2,1,2,0,4,1,1,2,3,3,0,3,1,1,4,0,0,1,1,1,0,1,1,1,1,1,1,1,1,1,1,3,3,2,2,2,2,3,0,1,0,3,2,2,1,0,0,3,0,3,3,3,0,3,3,0,2,2,3,0,4,3,3,0,2,0,0,1,2,3,0,1,1,3,3,2,2,0,0,0,3,1,1,1,0,1,1,0,3,1,2,4,3,2,1,4,4,2,2"
210,0.4065759775517611,"1,1,0,0,1,4,3,2,4,2,4,4,2,1,3,4,3,0,4,0,0,2,0,2,1,2,3,3,2,3,0,4,4,4,4,4,4,0,3,4,4,1,3,0,0,4,4,1,2,4,1,3,0,3,0,1,1,3,0,2,2,2,0,0,4,2,1,1,2,4,4,3,3,1,1,3,3,4,4,2,2,2,2,2,3,3,2,1,2,3,3,4,0,0,4,4,0,0,0,4,0,2,1,0,0,2,1,3,3,3,0,2,2,3,3,4,3,1,0,2,2,1,1,3,4,3,4,4,4,3,0,0,3,2,1,4,4,2,1,1,2,3,3,2,1,1,2,1,3,0,4,4,4,4,0,0,4,0,0,0,4,4,3,3,2,4,4,2,2,4,4,4,4,4,1,2,2,1,4,2,1,2,0,4,1,1,2,3,3,0,3,1,1,4,0,0,1,1,1,0,1,1,1,1,3,1,1,1,2,1,3,3,2,2,2,2,3,0,3,0,3,2,2,1,0,0,3,0,3,3,3,0,3,3,0,2,2,3,0,4,3,3,0,2,0,0,1,2,3,0,1,1,3,3,2,2,0,0,0,3,1,1,1,0,1,1,0,3,1,2,4,3,2,1,4,4,1,2"
211,0.40977793409518926,"1,1,0,0,1,4,3,2,4,2,4,4,2,1,3,4,3,0,4,0,0,2,0,2,1,2,3,3,2,3,0,4,4,4,4,4,4,0,3,4,4,1,3,0,0,4,4,1,2,4,1,3,0,3,0,1,1,3,0,2,2,2,0,0,4,2,1,1,2,4,4,3,3,1,1,3,3,4,4,2,2,2,2,2,3,3,2,1,2,3,3,4,0,0,4,4,0,0,0,4,0,2,1,0,0,2,1,3,3,3,0,2,2,3,3,4,3,1,0,2,2,1,1,3,4,3,4,4,4,3,0,0,3,2,2,4,4,2,1,1,2,3,3,2,1,1,2,1,3,0,4,4,4,4,0,0,4,0,0,0,4,4,3,3,2,4,4,2,2,4,4,4,4,4,1,2,2,1,4,2,1,2,0,4,1,1,2,3,3,0,3,1,1,4,0,0,1,1,1,0,1,1,1,1,1,1,1,1,1,1,3,3,2,2,2,2,3,0,1,0,3,2,2,2,0,0,3,0,3,3,3,0,3,3,0,2,2,3,0,4,3,3,0,2,0,0,1,2,3,0,1,1,3,3,2,2,0,0,0,3,1,1,1,0,1,1,0,3,1,2,4,3,2,1,4,4,2,2"
212,0.41011968110617003,"1,1,0,0,1,4,3,2,4,2,4,4,2,1,3,4,3,0,4,0,0,2,0,2,1,2,3,3,2,3,0,4,4,4,4,4,4,0,3,4,4,1,3,0,0,4,4,1,2,4,0,3,0,3,0,1,1,3,0,2,2,2,0,0,4,2,1,1,2,4,4,3,3,1,1,3,3,4,4,2,2,2,2,2,3,3,2,1,2,3,3,4,0,0,4,4,0,0,0,4,0,2,1,0,0,2,1,3,3,3,0,2,2,3,3,4,3,1,0,2,2,1,1,3,4,3,4,4,4,3,0,0,3,2,2,4,4,2,1,1,2,3,3,2,1,1,2,1,3,0,4,4,4,4,0,0,4,0,0,0,4,4,3,3,2,4,4,2,2,4,4,4,4,4,1,2,2,1,4,2,1,2,0,4,1,1,2,3,3,0,3,1,1,4,0,0,1,1,1,0,1,1,1,1,1,1,1,1,1,1,3,3,2,2,2,2,3,0,1,0,3,2,2,2,0,0,3,0,3,3,3,0,3,3,0,0,2,3,0,4,3,3,2,2,0,0,1,2,3,0,1,1,3,3,2,2,0,0,0,3,1,1,1,0,1,1,0,3,1,2,4,3,2,1,4,4,2,2"
213,0.40801700214241804,"1,1,0,0,1,4,3,2,4,2,4,4,2,1,3,4,3,0,4,0,0,2,0,2,1,2,3,3,2,3,0,4,4,4,4,4,4,0,3,4,4,1,3,0,0,4,4,1,4,4,0,3,0,3,0,1,1,3,0,2,2,2,0,0,4,2,1,1,2,4,4,3,3,1,1,3,3,4,4,2,2,2,2,2,3,3,2,1,2,3,3,4,0,0,4,4,0,0,0,4,0,2,1,0,0,2,1,3,3,3,0,2,2,3,3,4,3,1,0,2,2,1,1,3,4,3,4,4,4,3,0,0,3,2,2,4,4,2,1,1,2,3,3,2,1,1,2,1,3,0,4,4,4,4,0,0,4,0,0,0,4,4,3,3,2,4,4,2,2,4,4,4,4,4,1,2,2,1,4,2,1,2,0,4,1,1,2,3,3,0,3,1,1,4,0,0,1,1,1,0,1,1,1,1,1,1,1,1,1,1,3,3,2,2,4,2,3,0,1,0,3,2,2,2,0,0,3,0,3,3,3,0,3,3,0,2,2,3,0,4,3,3,1,2,0,0,1,2,3,0,1,1,3,3,2,2,0,0,0,3,1,1,1,0,3,1,0,3,1,2,4,3,2,1,4,4,2,2"
214,0.41012083991616227,"1,1,0,0,1,4,3,2,4,2,4,4,2,1,3,4,3,0,4,0,0,2,0,2,1,2,3,3,2,3,0,4,4,4,4,4,4,0,3,4,4,1,3,0,0,4,4,1,4,4,0,3,0,3,0,1,1,3,0,2,2,2,0,0,4,2,1,1,2,4,4,3,3,1,1,3,3,4,4,2,2,2,2,2,3,3,2,1,2,3,3,4,0,0,4,4,0,0,0,4,0,2,1,0,0,2,1,3,3,3,0,2,2,3,3,4,3,1,0,2,2,1,1,3,4,3,4,4,4,3,0,0,3,2,2,4,4,2,1,1,2,3,3,2,1,1,2,1,3,0,4,4,4,4,0,0,4,0,0,0,4,4,3,3,2,4,4,2,2,4,4,4,4,4,1,2,2,1,4,2,1,2,0,4,1,1,2,3,3,0,3,1,1,4,0,0,1,1,1,0,1,1,1,1,1,1,1,1,1,1,3,3,2,2,2,2,3,0,1,0,3,2,2,2,0,0,3,0,3,3,3,0,3,3,0,0,2,3,0,4,3,3,2,2,0,0,1,2,3,0,1,1,3,3,2,1,0,0,0,3,1,1,1,0,1,1,0,3,1,2,4,3,2,1,4,4,2,2"
215,0.4088797716052371,"1,1,0,0,1,4,3,2,4,2,4,4,2,1,3,4,3,0,4,0,0,2,0,2,1,2,3,3,2,3,0,4,4,4,4,4,4,0,3,4,4,1,3,0,0,4,4,1,4,4,0,3,0,3,0,1,1,3,0,2,2,2,0,0,4,2,1,1,2,4,4,3,3,1,1,3,3,4,4,2,2,2,2,2,3,3,2,1,2,3,3,4,0,0,4,4,0,0,0,4,0,2,1,0,0,2,1,3,3,1,0,2,2,3,3,4,3,1,0,2,2,1,1,3,4,3,4,4,4,3,0,0,3,2,2,4,4,2,1,1,2,3,3,2,1,1,2,1,3,0,4,4,4,4,0,0,4,0,4,0,4,4,3,3,2,4,4,2,2,4,4,4,4,4,1,2,2,1,4,2,1,2,0,4,1,1,2,3,3,0,3,1,1,4,0,0,1,1,1,0,1,1,1,1,1,1,1,1,1,1,3,3,2,2,2,2,3,0,1,0,3,2,2,2,0,0,3,0,3,3,3,0,3,3,0,0,2,3,0,4,3,3,2,2,0,0,1,2,3,0,1,1,3,3,2,2,0,0,0,3,1,1,1,0,1,1,0,3,1,2,4,3,2,1,4,4,2,2"
216,0.4100514297802321,"1,1,0,0,1,4,3,1,4,2,4,4,2,1,3,4,3,0,4,0,0,2,0,2,1,2,3,3,2,3,0,4,4,4,4,4,4,0,3,4,4,1,3,0,0,4,4,1,4,0,0,3,0,3,0,1,1,3,0,2,2,2,0,0,4,2,1,1,2,4,4,3,3,1,1,3,3,4,4,2,2,2,2,2,3,3,2,1,2,3,3,4,0,0,4,4,0,0,0,4,0,2,1,0,0,2,1,3,3,3,0,2,2,3,3,4,3,1,0,2,2,1,1,3,4,3,4,4,4,3,0,0,3,2,2,4,4,2,1,1,2,3,3,2,1,1,2,1,3,0,4,4,4,4,0,0,4,0,0,0,4,4,3,3,2,4,4,2,2,4,4,4,4,4,1,2,2,1,4,2,1,2,0,4,1,1,2,3,3,0,3,1,1,4,0,0,1,1,1,0,1,1,1,1,1,1,1,1,1,1,3,3,2,2,2,2,3,0,1,0,3,2,2,2,0,0,3,0,3,3,3,0,3,3,0,0,2,3,0,4,3,3,2,2,0,0,1,2,3,0,1,1,3,3,2,2,3,0,0,3,1,1,1,0,1,1,0,3,1,2,4,3,2,1,4,4,2,2"
217,0.41076722557887463,"1,1,0,0,1,4,3,1,4,2,4,4,2,1,3,4,3,0,4,0,0,2,0,2,1,2,3,3,2,3,0,4,4,4,4,4,4,0,3,4,4,1,3,0,0,4,4,1,4,0,0,3,0,3,0,1,1,3,0,2,2,2,0,0,4,2,1,1,2,4,4,3,3,1,1,3,3,4,4,2,2,2,2,2,3,3,2,1,2,3,3,4,0,0,4,4,0,0,0,4,0,2,1,0,0,2,1,3,3,3,0,2,2,3,3,4,3,1,0,2,2,1,1,3,4,3,4,4,4,3,0,0,3,2,2,4,4,2,1,1,2,3,3,2,1,1,2,1,3,0,4,4,4,4,0,0,4,0,0,0,4,4,3,3,2,4,4,2,2,4,4,4,4,4,1,2,2,1,4,2,1,2,0,4,1,1,2,3,3,0,3,1,1,4,0,0,1,1,1,0,1,1,1,1,1,1,1,1,1,1,3,3,2,2,2,2,3,0,1,0,3,2,2,2,0,0,3,0,3,3,3,0,3,3,0,2,2,3,0,4,3,3,2,2,0,0,1,2,3,0,1,1,3,3,2,2,0,0,0,3,1,1,1,0,1,1,0,3,1,2,4,3,2,1,4,4,2,2"
218,0.4061376108732418,"1,1,0,0,1,4,3,2,4,2,4,4,2,1,3,4,3,0,4,0,0,2,0,2,1,2,3,3,2,3,0,4,4,4,4,4,4,0,3,4,4,1,3,0,0,4,4,1,4,0,0,3,0,3,0,1,1,3,0,2,2,2,0,2,4,2,2,1,2,4,4,3,3,1,1,3,3,4,4,2,2,2,2,2,3,3,2,1,2,3,3,4,0,0,4,4,0,0,0,4,4,2,1,0,0,2,1,3,3,3,0,2,2,3,3,4,3,1,0,2,2,1,1,3,4,3,4,4,4,3,0,0,3,2,2,4,4,2,1,1,2,3,3,2,1,1,2,1,3,0,3,4,4,4,0,0,4,0,0,0,4,4,3,3,2,4,4,2,2,4,4,4,4,4,1,2,2,1,4,2,1,2,0,4,1,1,2,3,3,0,3,1,1,4,0,0,1,1,1,0,1,1,1,1,1,1,1,1,1,1,3,3,2,2,2,2,3,0,1,0,3,2,2,2,0,0,3,0,3,3,3,0,3,3,0,2,2,3,0,4,3,3,2,2,0,0,1,2,3,0,1,1,3,3,2,2,0,0,0,3,1,1,1,0,1,1,0,3,1,2,4,3,2,1,4,4,2,2"
219,0.4067384066535639,"1,1,0,0,1,4,3,2,4,2,4,4,2,1,3,4,3,0,4,0,0,2,0,2,1,2,3,3,2,3,0,4,4,4,4,4,4,0,3,4,4,1,3,1,0,4,4,1,1,0,0,3,0,3,0,1,1,3,0,2,2,2,0,0,4,2,1,1,2,4,4,3,3,1,1,3,3,4,4,2,2,2,2,2,3,3,2,1,2,3,3,4,0,0,4,4,0,0,0,4,0,2,1,0,0,2,1,3,3,3,0,2,2,3,3,4,3,1,0,2,2,1,1,3,4,3,4,4,4,3,0,0,3,2,2,4,4,2,1,1,2,3,3,2,1,0,2,1,3,0,4,4,4,4,0,0,4,0,0,0,4,4,3,3,2,4,4,2,2,4,4,4,4,4,1,2,2,1,4,2,1,2,0,4,1,1,2,3,3,0,3,4,1,4,0,0,1,1,1,0,1,1,1,1,1,1,1,1,1,2,3,3,2,2,2,2,3,0,1,0,3,2,2,2,0,0,3,0,3,3,3,0,3,3,0,2,2,3,0,4,3,3,2,2,0,0,1,2,3,0,1,1,3,3,2,2,0,0,0,3,1,1,1,0,1,1,2,3,1,2,4,3,2,1,4,4,2,2"
220,0.41024848183319135,"1,1,0,0,1,4,3,2,4,2,4,4,2,1,3,4,3,0,4,0,0,2,0,2,1,2,3,3,2,3,0,4,4,4,4,4,4,0,3,4,4,1,3,1,0,4,4,1,1,0,0,3,0,3,0,1,1,3,0,2,2,2,0,0,4,2,1,1,2,4,4,3,3,1,1,3,3,4,4,2,2,2,2,2,3,3,2,1,2,3,3,4,0,0,4,4,0,0,0,4,0,2,1,0,0,2,1,3,3,3,0,2,2,3,3,4,3,1,0,2,2,1,1,3,4,3,4,4,4,3,0,0,3,2,2,4,4,2,1,1,2,3,3,2,1,1,2,1,3,0,4,4,4,4,0,0,4,0,0,0,4,4,3,3,2,4,4,2,2,4,4,4,4,4,1,2,2,1,4,2,1,2,0,4,1,1,4,3,3,0,3,1,1,4,0,0,1,1,1,1,1,1,1,1,1,1,1,1,1,1,3,3,2,2,2,2,3,0,1,0,3,2,2,2,0,0,3,0,3,3,3,0,3,3,0,2,2,3,0,4,3,3,2,2,0,0,1,2,3,0,1,1,3,3,2,2,0,0,0,3,1,1,1,0,1,1,0,3,1,2,4,3,2,1,4,4,2,2"
221,0.40880945690802856,"1,1,0,0,1,4,3,2,4,2,4,4,2,1,3,4,3,0,4,0,0,2,0,2,1,2,3,3,2,3,0,4,4,4,4,4,4,0,3,4,4,1,3,1,0,4,4,1,1,0,0,3,0,3,0,1,1,3,0,2,2,2,0,0,4,2,1,1,2,4,4,3,3,1,1,3,3,4,4,2,2,2,2,2,3,3,2,1,2,3,3,4,0,0,4,4,0,0,0,4,0,2,1,0,0,2,1,3,3,3,0,2,2,3,3,4,3,1,0,2,2,1,1,3,4,3,4,4,4,3,0,0,3,0,2,4,4,2,1,1,2,3,3,2,1,1,2,1,3,0,4,4,4,4,0,2,4,0,0,0,4,4,3,3,2,4,4,2,2,4,4,4,4,4,1,2,2,1,4,2,1,2,0,4,1,1,4,3,2,0,3,1,1,4,0,0,1,1,1,1,1,1,1,1,1,1,1,1,1,1,3,3,2,2,2,2,3,0,1,0,3,2,2,2,0,0,3,0,3,3,3,0,3,3,0,2,2,3,0,4,3,3,2,2,0,0,1,2,3,0,1,1,3,3,2,2,0,0,0,3,1,1,1,0,1,1,0,3,1,2,4,3,2,1,4,4,2,2"
222,0.4089775969190143,"1,1,0,0,1,4,3,2,4,2,4,4,2,1,3,4,3,0,4,0,0,2,0,2,1,2,3,3,2,3,0,4,4,4,4,4,4,0,3,4,4,1,3,1,0,4,4,1,1,0,0,3,0,3,0,1,1,3,0,2,2,2,0,0,4,2,1,1,2,4,4,3,3,1,1,3,3,4,4,2,2,2,2,2,3,3,2,1,2,3,3,4,0,0,4,4,0,0,0,4,0,2,1,0,0,2,1,3,3,3,0,2,2,3,3,4,3,1,0,2,2,1,1,3,4,3,4,4,4,3,0,0,3,2,2,4,4,2,1,1,2,3,3,2,1,1,2,1,3,0,4,4,4,4,0,0,4,0,0,0,4,4,3,3,2,4,4,2,2,4,4,4,4,4,1,2,2,1,4,2,1,2,0,4,1,1,4,3,3,0,3,1,1,4,0,0,1,1,1,1,1,1,1,1,1,1,1,1,1,1,3,3,2,2,2,2,3,0,1,0,3,2,2,2,0,0,3,0,3,3,3,0,3,3,0,2,2,3,0,4,3,3,2,2,0,0,1,2,3,0,1,1,3,3,2,2,0,0,0,3,1,1,1,0,1,1,0,3,1,2,4,3,1,1,4,4,2,2"
223,0.4109854802328517,"1,1,0,0,1,4,3,2,4,2,4,4,2,1,3,4,3,0,4,0,0,2,0,2,1,2,3,3,2,3,0,4,4,4,4,4,4,0,3,4,4,1,3,0,0,4,4,1,4,0,0,3,0,3,0,1,1,3,0,2,2,2,0,0,4,2,1,1,2,4,4,3,3,1,1,3,3,4,4,2,2,2,2,2,3,3,2,1,2,3,3,4,0,0,4,4,0,0,0,4,0,2,1,0,0,2,1,3,3,3,0,2,2,3,3,4,3,1,0,2,2,1,1,3,4,3,4,4,4,3,0,0,3,2,2,4,4,2,1,1,2,3,3,2,1,1,2,1,3,0,4,4,4,4,0,0,4,0,0,0,4,4,3,3,2,4,4,2,2,4,4,4,4,4,1,2,2,1,4,2,1,2,0,4,1,1,4,3,3,0,3,1,1,4,0,0,1,1,1,1,1,1,1,1,1,1,1,1,1,1,3,3,2,2,2,2,3,0,1,0,3,2,2,2,0,0,3,0,3,3,3,0,3,3,0,2,2,3,0,4,3,3,2,2,0,0,1,2,3,0,1,1,3,3,2,2,0,0,0,3,1,1,1,0,1,1,0,3,1,1,4,3,2,1,4,4,2,2"
224,0.40927967931475595,"1,1,0,0,1,4,3,2,4,2,4,4,2,1,3,4,3,0,4,0,0,2,0,2,1,2,3,3,2,3,0,4,4,4,4,4,4,0,3,4,4,1,3,0,0,4,4,1,4,0,0,3,0,3,0,1,1,3,0,2,2,2,0,0,4,2,1,1,2,4,4,3,3,1,1,3,3,4,4,2,2,2,2,2,3,3,2,1,2,3,3,4,0,0,4,4,0,0,0,4,0,2,1,0,0,2,1,3,3,3,0,2,2,3,3,4,3,1,0,2,2,1,1,3,4,3,4,4,4,3,0,0,3,2,2,4,4,2,1,1,2,3,3,2,1,1,2,1,3,0,4,4,4,4,0,0,4,0,0,0,4,4,3,3,2,4,4,2,2,4,4,4,4,4,1,2,2,1,4,2,1,2,0,4,1,1,4,3,3,0,3,1,1,4,0,0,1,1,1,1,1,1,1,1,1,1,1,1,1,1,3,3,2,2,1,2,3,0,1,0,3,2,2,2,0,0,3,0,3,3,3,0,3,3,0,2,2,3,0,4,3,3,2,2,0,0,1,2,3,0,1,1,3,3,2,2,0,0,0,3,1,1,1,0,1,1,0,3,1,1,4,3,2,1,4,4,2,2"
225,0.4117203988269818,"1,1,0,0,1,4,3,2,4,2,4,4,2,1,3,4,3,0,0,0,0,2,0,2,1,2,3,3,2,3,0,4,4,4,4,4,4,0,3,4,4,1,3,0,0,4,4,1,4,0,0,3,0,3,0,1,1,3,0,2,2,2,0,0,4,2,1,1,2,4,4,3,3,1,1,3,3,4,4,2,2,2,2,2,3,3,2,1,2,3,3,4,0,0,4,4,0,0,0,4,0,2,1,0,0,2,1,3,3,3,0,2,2,3,3,4,3,1,0,2,2,1,1,3,4,3,4,4,4,3,0,0,3,2,2,4,4,2,1,1,2,3,3,2,1,1,2,1,3,0,4,4,4,4,0,0,4,0,0,0,4,4,3,3,2,4,4,2,2,4,4,4,4,4,1,2,2,1,4,2,1,2,0,4,1,1,4,3,3,0,3,1,1,4,0,0,1,1,1,1,1,1,1,1,1,1,1,1,1,1,3,3,2,2,2,2,3,0,1,0,3,2,2,2,0,0,3,0,3,3,3,0,3,3,0,2,2,3,0,4,3,3,2,2,0,0,1,2,3,0,1,1,3,3,2,2,0,0,0,3,1,1,1,0,1,1,0,3,1,2,4,3,2,1,4,4,2,2"
226,0.41065020902645333,"1,1,0,0,1,4,3,2,4,2,4,4,2,1,3,4,3,0,0,0,0,2,0,2,1,2,3,3,2,3,0,4,4,4,4,4,4,0,3,4,4,1,3,0,0,4,4,1,4,0,0,3,0,3,0,1,1,3,0,2,2,2,0,0,4,2,1,1,2,4,4,3,3,1,1,3,3,4,4,2,2,2,2,2,3,3,2,1,2,3,3,4,0,0,4,4,0,0,0,4,0,2,1,0,0,2,1,3,3,3,0,2,2,3,3,4,3,1,0,2,2,1,1,3,4,3,4,4,4,3,0,0,3,2,2,4,4,2,1,1,2,3,3,2,1,1,2,1,3,0,4,4,4,4,0,0,4,0,0,0,4,4,3,3,2,4,4,2,2,4,4,4,4,4,1,2,2,2,4,2,1,2,0,4,1,1,4,3,3,0,3,1,1,4,0,0,1,1,1,1,1,1,1,1,1,1,1,1,1,1,3,3,2,2,2,2,3,0,1,0,3,2,2,2,0,0,3,0,3,3,3,0,3,3,0,2,2,3,0,4,3,3,2,2,0,0,1,2,1,0,1,1,3,3,2,2,0,0,3,0,1,1,1,0,1,1,0,0,1,2,4,3,2,1,4,4,2,2"
227,0.41191061024887865,"1,1,0,0,1,4,3,2,4,2,4,4,2,1,3,4,3,0,0,0,0,2,0,2,1,2,3,3,2,3,0,4,4,4,4,4,4,0,3,4,4,1,3,0,0,4,4,1,4,0,0,3,0,3,0,1,1,3,0,2,2,2,0,0,4,2,1,1,2,4,4,3,3,1,1,3,3,4,4,2,2,2,2,2,3,3,2,1,2,3,3,4,3,0,4,4,0,0,0,4,0,2,1,0,0,2,1,3,3,3,0,2,2,3,3,4,3,1,0,2,2,1,1,3,4,3,4,4,4,3,0,0,3,2,2,4,4,2,1,1,2,1,3,2,1,1,2,1,3,0,4,4,4,4,0,0,4,0,0,0,4,4,3,3,2,4,4,2,2,4,4,4,4,4,0,2,2,2,4,2,1,2,0,4,1,1,4,3,3,0,3,1,1,4,0,0,1,1,1,1,1,1,1,1,1,1,1,1,1,1,3,3,2,2,2,2,3,0,1,0,3,2,2,2,0,0,3,0,3,3,3,0,3,3,0,2,2,3,0,4,3,3,2,2,0,0,1,2,3,0,1,1,3,3,2,2,0,0,3,3,1,1,1,1,1,1,0,0,1,2,4,3,2,1,4,4,2,2"
228,0.41191061024887865,"1,1,0,0,1,4,3,2,4,2,4,4,2,1,3,4,3,0,0,0,0,2,0,2,1,2,3,3,2,3,0,4,4,4,4,4,4,0,3,4,4,1,3,0,0,4,4,1,4,0,0,3,0,3,0,1,1,3,0,2,2,2,0,0,4,2,1,1,2,4,4,3,3,1,1,3,3,4,4,2,2,2,2,2,3,3,2,1,2,3,3,4,3,0,4,4,0,0,0,4,0,2,1,0,0,2,1,3,3,3,0,2,2,3,3,4,3,1,0,2,2,1,1,3,4,3,4,4,4,3,0,0,3,2,2,4,4,2,1,1,2,1,3,2,1,1,2,1,3,0,4,4,4,4,0,0,4,0,0,0,4,4,3,3,2,4,4,2,2,4,4,4,4,4,0,2,2,2,4,2,1,2,0,4,1,1,4,3,3,0,3,1,1,4,0,0,1,1,1,1,1,1,1,1,1,1,1,1,1,1,3,3,2,2,2,2,3,0,1,0,3,2,2,2,0,0,3,0,3,3,3,0,3,3,0,2,2,3,0,4,3,3,2,2,0,0,1,2,3,0,1,1,3,3,2,2,0,0,3,3,1,1,1,1,1,1,0,0,1,2,4,3,2,1,4,4,2,2"
229,0.41199754673084926,"1,1,0,0,1,4,3,2,4,2,4,4,2,1,3,4,3,0,0,0,0,2,0,4,1,2,3,3,2,3,0,4,4,4,4,4,4,0,3,4,4,1,3,0,0,4,4,1,4,0,0,3,0,3,0,1,1,3,0,2,2,2,0,0,4,2,1,1,2,4,4,3,3,1,1,3,3,4,4,2,2,2,2,2,3,3,2,1,2,3,3,4,3,0,4,4,0,0,0,4,0,2,1,0,0,2,1,3,3,3,0,2,2,3,3,4,3,1,0,2,2,1,1,3,4,3,4,4,4,3,0,0,3,2,2,4,4,2,1,1,2,1,3,2,1,1,2,1,3,0,4,4,4,4,0,0,4,0,0,0,4,4,3,3,2,4,4,2,2,4,4,4,4,4,0,2,2,2,4,2,1,2,0,4,1,1,4,3,3,0,3,1,1,4,0,0,1,1,1,1,1,1,1,1,1,1,1,1,1,1,3,3,2,2,2,2,3,0,1,0,3,2,2,2,0,0,3,0,3,3,3,0,3,3,0,2,2,3,0,4,3,3,2,2,0,0,1,2,3,0,1,1,3,3,2,2,0,0,3,3,1,1,1,1,1,1,0,0,1,2,4,3,2,1,4,4,2,2"
230,0.4108023405503176,"1,1,0,0,1,4,3,2,4,2,4,4,2,1,3,4,3,0,0,0,0,2,0,4,1,2,3,3,2,3,0,4,4,4,4,4,4,0,3,4,4,1,3,0,0,4,4,1,4,0,0,3,0,3,0,1,1,3,0,2,2,2,0,0,4,2,1,1,2,4,4,3,3,1,1,3,3,4,4,2,2,2,2,2,3,3,2,1,2,3,3,4,3,0,4,4,0,0,0,4,0,2,1,0,0,2,1,3,3,3,0,2,2,3,3,4,3,1,0,2,2,1,1,3,4,3,4,4,4,3,0,0,3,2,2,4,4,2,1,1,2,1,3,2,1,1,2,1,3,2,4,4,4,4,0,0,4,0,0,0,4,4,3,3,2,4,4,2,2,4,4,4,4,4,0,2,2,2,4,2,1,2,0,4,1,1,4,3,3,0,3,1,1,4,0,0,1,1,1,1,1,1,1,1,1,1,1,1,1,1,3,3,2,2,2,2,3,0,1,0,3,2,2,2,0,0,3,0,3,3,3,0,3,3,0,2,2,3,0,4,3,3,2,2,0,0,1,2,3,0,1,1,3,3,2,2,0,0,3,3,1,1,1,1,1,1,0,0,1,2,4,3,2,1,4,4,2,2"
231,0.4122008102617884,"1,1,0,0,1,4,3,2,4,2,4,4,2,1,3,4,3,0,0,0,0,2,0,4,1,2,3,3,2,3,0,4,4,4,4,4,4,0,3,4,4,1,3,0,0,4,4,1,4,0,0,3,0,3,0,1,1,3,0,2,2,2,0,0,4,1,1,1,2,4,4,3,3,1,1,3,3,4,4,2,2,2,2,2,3,3,2,1,2,3,3,4,3,0,4,4,0,0,0,4,0,2,1,0,0,2,1,3,3,3,0,2,2,3,3,4,3,0,0,2,2,1,1,3,4,3,4,4,4,3,0,0,3,2,2,4,4,2,1,1,2,1,3,2,1,1,2,1,3,0,4,4,4,4,0,0,4,0,0,0,4,4,3,3,2,4,4,2,2,4,4,4,4,4,0,2,2,2,4,2,1,2,0,4,1,1,2,3,3,0,3,1,1,4,0,0,1,1,1,1,1,1,1,1,1,1,1,1,1,1,3,3,2,2,2,2,3,0,1,0,3,2,2,2,0,0,3,0,3,3,3,0,3,3,0,2,2,3,0,4,3,3,2,2,0,0,1,2,3,0,1,1,3,3,2,2,0,0,3,3,1,1,1,1,1,1,0,0,1,2,4,3,2,1,4,4,2,2"
232,0.4086700285126137,"1,1,0,0,1,4,3,2,4,2,4,4,2,1,3,4,3,0,0,0,0,2,0,4,1,2,3,3,2,3,0,4,4,4,4,4,4,0,3,4,4,1,3,0,0,4,4,1,4,0,0,3,0,3,3,1,1,3,0,2,2,2,4,0,4,1,1,1,2,4,4,3,3,1,1,3,3,4,4,2,2,2,2,2,3,3,0,1,2,3,3,4,3,0,4,4,0,0,0,4,0,2,1,0,0,2,1,3,3,3,0,2,2,3,3,4,3,0,0,2,2,1,1,3,4,3,4,4,4,3,0,0,3,2,2,4,4,2,1,1,2,1,3,2,1,3,2,1,3,0,4,4,0,4,0,0,4,0,0,0,4,4,2,3,2,4,4,2,2,4,4,4,4,4,0,2,2,2,4,2,1,2,0,4,1,1,2,3,3,0,3,1,1,4,0,0,1,1,1,1,1,1,1,2,1,1,1,1,1,1,3,3,2,2,2,2,3,0,1,0,3,2,2,2,0,0,3,0,3,3,3,0,3,3,0,2,2,3,0,4,3,3,2,2,0,0,1,0,3,0,1,1,3,3,2,2,1,0,3,3,1,1,1,1,1,1,0,0,1,2,4,3,2,1,4,4,2,2"
233,0.4116374758720445,"1,1,0,0,1,4,3,2,4,2,4,4,2,1,3,4,3,0,0,0,0,2,0,4,1,2,3,3,2,3,0,4,4,4,4,4,4,0,3,4,4,1,3,0,0,4,4,1,4,0,0,3,0,3,0,1,1,3,0,2,2,2,0,0,4,1,1,1,2,4,4,3,3,1,1,3,3,4,4,2,2,2,2,2,3,3,2,1,2,3,3,4,3,0,4,4,0,0,0,4,0,2,1,0,0,2,1,3,3,3,0,2,2,3,3,4,3,0,0,2,2,1,1,3,4,3,4,4,4,3,0,0,3,2,2,4,4,2,1,1,2,1,3,2,1,1,2,1,3,0,4,4,4,4,0,0,4,0,0,0,4,4,3,3,2,4,4,2,2,4,4,4,4,4,0,2,2,2,4,2,1,2,0,4,1,1,2,3,3,0,3,1,1,4,0,0,1,1,1,1,1,1,1,1,1,1,1,1,1,1,3,3,2,2,2,2,3,0,1,0,3,2,2,2,0,0,3,0,3,3,3,0,3,3,0,2,2,3,0,4,3,3,2,2,0,3,1,2,3,0,1,4,3,1,2,2,0,0,3,3,1,1,1,1,1,1,0,0,1,2,4,3,2,1,4,4,2,2"
234,0.4109809872433855,"1,1,0,0,1,4,3,2,4,2,4,4,2,1,3,4,3,0,0,0,0,2,0,4,1,2,3,3,2,3,0,4,4,4,4,4,4,0,3,4,4,1,3,0,0,4,4,1,4,0,0,3,0,3,0,1,1,3,0,2,2,2,0,0,4,1,1,1,2,4,4,3,3,1,1,3,3,4,4,2,2,2,2,2,3,3,2,1,2,3,3,4,3,0,4,4,0,0,0,4,0,2,1,0,0,2,1,3,3,3,0,4,2,3,3,4,3,0,0,2,2,1,1,3,4,3,4,4,4,3,0,0,3,2,2,4,4,2,1,1,2,1,3,2,1,1,2,1,3,0,4,4,4,4,0,0,4,0,0,0,4,4,3,3,2,4,4,2,2,4,4,4,4,4,0,2,2,2,4,2,1,2,0,4,1,1,2,3,3,0,3,1,1,4,0,0,1,1,1,1,1,1,1,1,1,1,1,1,1,1,3,3,2,2,2,2,3,0,1,0,3,2,2,2,0,0,3,0,3,3,3,0,3,3,0,2,2,3,0,4,3,3,2,2,0,0,1,2,3,0,1,1,3,3,2,2,0,0,3,3,1,1,1,1,1,1,0,0,1,2,1,3,2,1,4,4,2,2"
235,0.408730461798715,"1,1,0,0,1,4,3,2,4,2,4,4,2,1,3,4,3,0,0,0,0,2,0,4,1,2,3,3,2,3,0,4,4,4,4,4,4,0,3,4,4,1,3,0,0,4,4,1,4,0,0,3,0,3,0,1,1,3,0,2,2,2,0,0,4,1,1,1,2,4,4,3,3,1,1,3,3,4,4,2,2,2,2,2,3,3,2,1,2,3,3,4,3,0,4,4,0,0,1,4,0,2,1,0,0,2,1,3,3,3,0,4,2,3,3,4,3,0,0,2,2,1,1,3,4,3,4,4,4,3,0,0,3,2,2,4,4,2,1,1,2,1,3,2,1,1,2,1,3,0,4,4,4,4,0,0,4,0,0,0,4,4,3,3,2,4,4,2,2,4,4,4,4,4,0,2,2,2,4,2,1,2,0,4,1,1,2,4,3,0,3,1,1,4,0,0,1,1,1,1,1,1,1,1,1,1,1,1,1,1,3,3,2,2,2,2,3,0,1,0,3,2,2,2,0,0,3,0,3,2,3,0,3,3,0,2,2,3,0,4,3,3,2,2,0,0,1,2,3,0,1,1,3,3,2,2,0,0,3,3,1,1,1,1,1,1,0,0,1,2,1,3,2,1,4,4,2,2"
236,0.41029353528969736,"1,1,0,0,1,4,3,2,4,2,4,4,2,1,3,4,3,0,0,0,0,2,0,4,1,2,3,3,2,3,0,4,4,4,4,4,4,0,3,4,4,1,3,0,0,4,4,1,4,0,0,3,0,3,0,1,1,3,0,2,2,2,0,0,4,1,1,1,2,4,4,3,3,1,1,3,3,4,4,2,2,2,2,2,3,3,2,1,2,3,3,4,3,0,4,4,0,0,0,4,0,2,1,0,0,2,1,3,3,3,0,2,2,3,3,4,3,0,0,2,2,1,1,3,4,3,4,4,4,3,0,0,3,2,2,4,4,2,1,1,2,1,3,2,1,1,2,1,3,0,4,4,4,4,0,0,4,0,0,0,2,4,3,3,2,4,4,2,2,4,4,4,4,4,0,2,2,2,4,2,1,2,0,4,1,1,2,3,3,0,3,1,1,4,0,0,1,1,1,1,1,1,1,1,1,1,1,1,1,1,3,3,2,2,2,2,3,0,1,0,3,2,2,2,0,0,3,0,3,3,3,0,3,3,0,2,2,3,0,4,3,3,2,2,0,0,1,2,3,0,1,1,3,3,2,2,0,0,3,3,1,1,1,1,1,1,0,0,1,2,4,3,2,1,4,4,2,2"
237,0.4121371124276349,"1,1,0,0,1,4,3,2,4,2,4,4,2,1,3,4,3,0,0,0,0,2,0,4,1,2,3,3,2,3,0,4,4,4,4,4,4,0,3,4,4,1,3,0,0,4,4,1,4,0,0,3,0,3,0,1,1,3,0,2,2,2,0,0,4,1,1,1,2,4,4,3,3,1,1,3,3,4,4,2,2,2,2,2,3,3,2,1,2,3,3,4,3,0,4,4,0,0,0,4,0,2,1,0,0,2,1,3,3,3,0,2,2,3,3,4,3,0,0,2,2,1,1,3,4,3,4,4,4,3,0,0,3,2,2,4,4,2,1,1,2,1,3,2,1,1,2,1,3,0,4,4,4,4,0,0,4,0,0,0,4,4,3,3,2,4,4,2,2,4,4,4,4,4,0,2,2,2,4,2,1,2,0,4,1,1,2,3,3,0,3,1,1,4,0,0,1,1,1,1,1,1,1,1,1,1,1,1,1,1,3,3,2,2,2,2,3,0,1,0,3,2,2,2,0,0,3,0,3,3,3,4,3,3,0,2,2,3,0,4,3,3,2,2,0,0,1,2,3,0,1,1,3,3,2,2,0,0,3,3,1,1,1,1,1,1,0,0,1,2,4,3,2,1,4,4,2,2"
238,0.41095293507419955,"1,1,0,0,1,4,3,2,4,2,4,4,2,1,3,4,3,0,0,0,0,2,0,4,1,2,3,3,2,3,0,4,4,4,4,4,4,0,3,4,4,1,3,0,0,4,4,1,4,0,0,3,0,3,0,1,1,3,0,2,2,2,0,0,4,1,1,1,2,4,4,3,3,1,1,3,3,4,4,2,2,2,2,2,3,3,2,1,2,3,3,4,3,0,4,4,0,0,0,4,0,2,1,0,0,2,1,3,3,3,0,2,2,3,3,4,3,0,0,2,2,1,1,3,4,3,4,4,4,3,0,0,3,2,2,4,4,2,1,1,2,1,3,2,1,1,2,1,3,0,4,4,0,4,0,0,4,0,0,0,4,4,3,3,2,4,4,2,2,4,4,4,4,4,0,2,2,2,4,2,1,2,0,4,1,1,2,3,3,0,3,1,1,4,0,0,1,1,1,1,1,1,1,1,1,1,1,1,1,1,3,3,2,2,2,2,3,0,1,0,3,2,2,2,0,0,4,3,3,3,3,0,3,3,0,2,2,3,0,4,3,3,2,2,0,0,1,2,3,0,1,1,3,3,2,2,0,0,3,3,1,1,1,1,1,1,0,0,1,2,4,3,2,1,4,4,2,2"
239,0.4119008387873786,"1,1,0,0,1,4,3,2,4,2,4,4,2,1,3,4,3,0,0,0,0,2,0,4,1,2,3,3,2,3,0,4,4,4,4,4,4,0,3,4,4,1,3,0,0,4,4,1,4,0,0,3,0,3,0,1,1,3,0,2,2,2,0,0,4,1,1,1,2,4,4,3,3,1,1,3,3,4,4,2,2,2,2,2,3,3,2,1,2,3,3,4,3,0,4,4,0,0,0,4,0,2,1,0,0,2,1,3,3,3,0,2,2,3,3,4,3,0,0,2,2,1,1,3,4,3,4,4,4,3,0,0,3,2,2,4,4,2,1,1,2,1,3,2,1,1,2,1,3,0,4,4,4,4,0,0,4,0,0,0,4,4,3,3,2,4,4,2,2,4,4,4,4,4,0,2,2,2,4,2,1,2,0,4,1,1,2,3,3,0,3,1,1,4,0,0,1,1,1,1,1,1,1,1,1,1,1,1,1,1,3,3,2,2,2,2,3,0,1,0,3,2,2,2,0,0,3,3,3,3,3,0,3,3,0,2,2,3,0,4,3,3,2,2,0,0,1,2,3,0,1,1,3,3,2,2,0,0,3,3,1,1,1,1,1,1,0,0,1,2,4,3,2,1,4,4,2,2"
240,0.411407198767195,"1,1,0,0,1,4,3,2,4,2,4,4,2,1,3,4,3,0,0,0,0,2,0,4,1,2,3,3,2,3,0,4,4,4,4,4,4,0,3,4,4,1,3,0,0,4,4,1,4,0,0,3,0,3,0,1,1,3,0,2,2,2,0,0,4,1,1,1,2,4,4,3,3,1,1,0,3,4,4,2,2,2,2,2,3,3,2,1,2,3,3,4,3,0,4,4,0,0,0,4,0,2,1,0,0,2,1,3,3,3,0,2,2,3,3,4,3,0,0,2,2,1,1,3,4,3,4,4,4,3,0,0,3,2,2,4,4,2,1,1,2,1,3,2,1,1,2,1,3,0,4,4,4,4,0,0,4,0,0,0,4,4,3,3,2,4,4,2,2,4,4,4,4,4,2,2,2,2,4,2,1,2,0,4,1,1,2,3,3,0,3,1,1,4,0,2,1,1,1,1,1,1,1,1,1,1,1,1,1,1,3,3,2,2,2,2,3,0,1,0,3,2,2,2,0,0,3,0,3,3,3,0,3,3,0,0,2,3,0,4,3,3,2,2,0,0,1,2,3,0,1,1,3,3,2,2,0,0,3,3,1,1,1,1,1,1,0,0,1,2,4,3,2,1,4,4,2,2"
241,0.4116065691871964,"1,1,0,0,1,4,3,2,4,2,4,4,2,1,3,4,3,0,0,0,0,2,0,4,1,2,3,3,2,3,0,4,4,4,4,4,4,0,3,4,4,1,3,0,0,4,4,1,4,0,0,3,0,3,0,1,1,3,0,2,2,2,0,0,4,1,1,1,2,4,4,3,0,1,1,3,3,4,4,2,2,2,2,2,3,3,2,1,2,3,3,3,3,0,4,4,0,0,0,4,2,2,1,0,0,2,1,3,3,3,0,2,2,3,3,4,3,0,0,2,2,1,1,3,4,3,4,4,4,3,0,0,3,2,2,4,4,2,1,1,2,1,3,2,1,1,2,1,3,0,4,4,4,4,0,0,4,0,0,0,4,4,3,3,2,4,4,2,2,4,4,4,4,4,2,2,2,2,4,2,1,2,0,4,1,1,2,3,3,0,3,1,1,4,0,0,1,3,1,1,1,1,1,1,1,1,1,1,1,1,3,3,2,2,2,2,3,0,1,0,3,2,2,2,4,0,3,0,3,3,3,0,3,0,0,0,2,3,0,4,3,3,2,2,0,0,1,2,3,0,1,1,3,3,2,2,0,0,3,3,1,1,1,1,1,1,0,0,1,2,4,3,2,1,4,4,2,2"
242,0.41260199434496475,"1,1,0,0,1,4,3,2,4,2,4,4,2,1,3,4,3,0,0,0,0,2,0,4,1,2,3,3,2,3,0,4,4,4,4,4,4,0,3,4,4,1,3,0,0,4,4,1,4,0,0,3,0,3,0,1,1,3,0,2,2,2,0,0,4,1,1,1,2,4,4,3,0,1,1,3,3,4,4,2,2,2,2,2,3,3,2,1,2,3,3,3,3,0,4,4,0,0,0,4,2,2,1,0,0,2,1,3,3,3,0,2,2,3,3,4,3,0,0,2,2,1,1,3,4,3,4,4,4,3,0,0,3,2,2,4,4,2,1,1,2,1,3,2,1,1,2,1,3,0,4,4,4,4,0,0,4,0,0,0,4,4,3,3,2,4,4,2,2,4,4,4,4,4,2,2,2,2,4,3,1,2,0,4,1,1,2,3,3,0,3,1,1,4,0,0,1,1,1,1,1,1,1,1,1,1,1,1,1,1,3,3,2,2,2,2,3,0,1,0,3,2,2,2,4,0,3,0,3,3,3,0,3,3,0,0,2,3,0,4,3,3,2,2,0,0,1,2,3,0,1,1,3,3,2,2,0,0,0,3,1,1,1,1,1,1,0,0,1,2,4,3,2,1,4,4,2,2"
243,0.4117224503285516,"1,1,0,0,1,4,3,2,4,2,4,4,2,1,3,4,3,0,0,0,0,2,0,4,1,2,3,3,2,3,0,4,4,4,4,4,4,0,3,4,4,1,3,0,0,4,4,1,4,0,0,3,0,3,0,1,1,3,0,2,2,2,0,0,4,1,1,1,2,4,4,3,0,1,1,3,3,4,4,2,2,2,2,2,3,3,2,1,2,3,3,3,3,0,4,4,0,0,0,4,2,2,1,0,0,2,1,3,3,3,0,2,2,3,3,4,3,0,0,2,2,1,1,3,4,3,4,4,4,3,0,0,3,2,2,4,4,2,1,1,2,1,3,2,1,1,2,1,3,0,4,4,4,4,0,0,4,0,0,0,4,4,3,3,2,4,4,2,2,4,4,4,4,4,2,2,2,2,4,3,1,2,0,4,1,1,2,3,3,0,3,1,1,4,0,0,1,1,1,1,1,1,1,1,1,1,1,1,1,1,3,3,2,2,2,2,3,0,1,0,3,2,2,2,4,0,3,0,3,3,3,0,3,3,0,0,2,3,0,4,3,3,2,2,0,0,1,2,3,0,1,1,3,3,2,2,0,1,0,3,1,1,1,1,1,1,0,0,1,2,4,3,2,1,4,4,2,2"
244,0.41291451026068376,"1,1,0,0,1,4,3,2,4,2,4,4,2,1,3,4,3,0,0,0,0,2,0,4,1,2,3,3,2,3,0,4,4,4,4,4,4,0,3,4,4,1,3,0,0,4,4,1,4,0,0,3,0,3,0,1,1,4,0,2,2,2,0,0,4,1,1,1,2,4,4,3,0,1,1,3,3,4,4,2,2,2,2,2,3,3,2,1,2,3,3,3,3,0,4,4,0,0,0,4,2,2,1,0,0,2,1,3,3,3,0,2,2,3,3,4,3,0,0,2,2,1,1,3,4,3,4,4,4,3,0,0,3,2,2,4,4,2,1,1,2,2,3,0,1,1,2,1,3,0,4,4,4,4,0,0,4,0,0,0,4,4,3,3,2,4,4,2,2,4,4,4,4,4,2,2,2,2,4,3,1,2,0,4,1,1,2,3,3,0,3,1,1,4,0,0,1,1,1,1,1,1,1,1,1,1,1,1,1,1,3,3,2,2,2,2,3,0,1,0,3,2,2,2,4,0,3,0,3,3,3,0,3,3,0,1,2,3,0,4,3,3,2,2,0,0,1,2,3,0,1,1,3,3,2,2,0,0,0,3,1,1,1,1,1,1,0,0,1,2,3,3,2,1,4,4,2,2"
245,0.41247725947187697,"1,1,0,0,1,4,3,2,4,2,4,4,2,1,3,4,3,0,0,0,0,2,0,4,1,2,3,3,2,3,0,4,4,4,4,4,4,0,3,4,4,1,3,0,0,4,4,1,4,0,0,3,0,3,0,1,1,4,0,2,2,2,0,0,4,1,1,1,2,4,4,3,0,1,1,3,3,4,4,2,2,2,2,2,3,3,2,1,2,3,3,3,3,0,4,4,0,0,0,4,2,2,1,0,0,2,1,3,3,3,0,2,2,3,3,4,3,0,0,2,2,1,2,3,4,3,4,4,4,3,0,0,3,2,2,4,4,2,1,1,2,2,3,0,1,1,2,1,3,0,4,4,4,4,0,0,4,0,0,0,4,4,3,3,2,4,4,2,2,4,4,4,4,4,2,2,2,2,4,3,1,2,0,4,1,1,2,3,3,0,3,1,1,4,0,0,1,1,1,1,1,1,1,1,1,1,1,1,1,1,3,3,2,2,2,2,3,0,1,0,3,2,2,2,4,0,3,0,3,3,3,0,3,3,0,1,2,3,0,4,3,3,2,2,0,0,1,2,3,0,1,1,3,3,2,2,0,0,0,3,1,1,1,1,1,1,0,0,1,2,3,3,2,1,4,4,2,2"
246,0.41285643913251535,"1,1,0,0,1,4,3,2,4,2,4,4,2,1,3,4,3,0,0,0,0,2,0,4,1,2,3,3,2,3,0,4,4,4,4,4,4,0,3,4,4,1,3,0,0,4,4,1,4,0,0,3,0,3,0,1,1,4,0,2,2,2,0,0,4,1,1,1,2,4,4,3,0,1,1,3,3,4,4,2,2,2,2,2,3,3,2,1,2,3,3,3,3,0,4,4,0,0,0,4,2,2,1,0,0,2,1,3,3,3,0,2,2,3,3,4,3,0,0,2,2,1,1,3,4,3,4,4,4,3,0,0,3,2,2,4,4,2,2,1,2,2,3,0,1,1,2,1,3,0,4,4,4,4,0,0,4,0,0,0,4,4,3,3,1,4,4,2,2,4,4,4,4,4,2,2,2,2,4,3,1,2,0,4,1,1,2,3,3,0,3,1,1,4,0,0,1,1,1,1,1,1,1,1,1,1,1,1,1,1,3,3,2,2,2,2,3,0,0,0,3,2,2,2,4,0,3,0,3,3,3,0,3,3,0,1,2,3,0,4,3,3,2,2,0,0,1,1,3,0,1,1,3,3,2,2,0,0,0,3,1,1,1,1,1,1,0,0,1,2,3,3,2,1,4,4,2,2"
247,0.41299515701588235,"1,1,0,0,1,4,3,2,4,2,4,4,2,1,3,4,3,0,0,0,0,2,0,4,1,2,3,3,2,3,0,4,4,4,4,4,4,0,3,4,4,1,3,0,0,4,4,1,4,0,0,3,0,3,0,1,1,4,2,2,2,2,0,0,4,1,1,1,2,4,4,3,0,1,1,3,3,4,4,2,2,2,2,2,3,3,2,1,2,3,3,3,3,0,4,4,0,0,0,4,2,2,1,0,0,2,1,3,3,3,0,2,2,3,3,4,3,0,0,2,2,1,1,3,4,3,4,4,4,3,0,0,3,2,2,4,4,2,2,1,2,2,3,0,1,1,2,1,3,0,4,4,4,4,0,0,4,0,0,0,4,4,3,3,1,4,4,2,2,4,4,4,4,4,2,2,2,2,4,3,1,2,0,4,1,1,2,3,3,0,3,1,1,4,0,0,1,1,1,1,1,1,1,1,1,1,1,1,1,1,3,3,2,2,2,2,3,0,0,0,3,2,2,2,4,0,3,0,3,3,3,0,3,3,0,1,2,3,0,4,3,3,2,2,0,0,1,1,3,0,1,1,3,3,2,2,0,0,0,3,1,1,1,1,1,1,0,0,1,2,3,3,2,1,4,4,2,2"
248,0.4121431362038672,"1,1,0,0,1,4,3,2,4,2,4,4,2,1,3,4,3,0,0,0,0,2,0,4,1,2,3,3,2,3,0,4,4,4,4,4,4,0,3,4,4,1,3,0,0,4,4,1,4,0,0,3,0,3,0,1,1,4,2,2,2,2,0,0,4,1,1,1,2,4,4,3,0,1,1,3,3,4,4,2,2,2,2,2,3,3,2,1,2,3,3,3,3,0,4,4,0,0,0,4,2,2,1,0,0,2,1,3,3,3,0,2,2,3,3,4,3,0,0,2,2,1,1,3,4,3,4,4,4,3,0,0,3,2,2,4,4,2,2,1,2,2,3,0,1,1,2,1,3,0,4,4,4,4,0,0,4,0,0,0,4,4,3,3,1,4,4,2,2,4,4,4,4,4,1,2,2,2,4,3,1,2,0,4,1,1,2,3,3,0,3,1,1,4,0,0,1,1,1,1,1,1,1,1,1,1,1,1,1,1,3,3,2,2,2,2,3,0,0,0,3,2,2,2,4,0,3,0,3,3,3,0,3,3,0,1,2,3,0,4,3,3,2,2,0,0,1,1,3,0,1,1,3,3,2,2,0,0,0,3,0,1,1,1,1,1,0,0,2,2,3,3,2,1,4,4,2,2"
249,0.4130247334426301,"1,1,0,0,1,4,3,2,4,2,4,4,2,1,3,4,3,0,0,0,0,2,0,4,1,2,3,3,2,3,0,4,4,4,4,4,4,0,3,4,4,1,3,0,0,4,4,1,4,0,0,3,0,3,0,1,1,4,2,2,2,2,0,0,4,1,1,1,2,4,4,3,0,1,1,3,3,4,4,2,2,2,2,2,3,3,2,1,2,3,3,3,3,0,4,4,0,0,0,4,2,2,1,0,0,2,1,3,3,3,0,2,2,3,3,4,3,0,0,2,2,1,1,3,4,3,4,4,4,3,0,0,3,2,2,4,4,2,2,1,2,2,3,0,1,1,2,1,3,0,4,4,4,4,0,0,4,0,0,0,4,4,3,3,1,4,4,2,2,4,4,4,4,4,1,2,2,2,4,3,1,2,0,4,1,1,3,3,3,0,3,1,1,4,0,0,1,1,1,1,1,1,1,1,1,1,1,1,1,1,3,3,2,2,2,2,3,0,0,0,3,2,2,2,4,0,3,0,3,3,3,0,3,3,0,1,2,3,0,4,3,3,2,2,0,0,1,1,3,0,1,1,3,3,2,2,0,0,0,3,1,1,1,1,1,1,0,0,2,2,4,3,2,1,4,4,2,2"
250,0.41330702861186613,"1,1,0,0,1,4,3,2,4,2,4,4,2,1,3,4,3,0,0,0,0,2,0,4,1,2,3,3,2,3,0,4,4,4,4,4,4,0,3,4,4,1,3,0,0,4,4,1,4,0,0,0,0,3,0,1,1,2,2,2,2,2,0,0,4,1,1,1,2,4,4,3,0,1,1,3,3,4,4,2,2,2,2,2,3,3,2,1,2,3,3,3,3,0,4,4,0,0,0,4,2,2,1,0,0,2,1,3,3,3,0,2,2,3,3,4,3,0,0,2,2,1,1,3,4,3,4,4,4,3,0,0,3,2,2,4,4,2,2,1,2,2,3,0,1,1,2,1,3,0,4,4,4,4,0,0,4,0,0,0,4,4,3,3,1,4,4,2,2,4,4,4,4,4,1,2,2,2,4,3,1,2,0,4,1,1,3,3,3,0,3,1,1,4,0,0,1,1,1,1,1,1,1,1,1,1,1,1,1,1,3,3,2,2,2,2,3,0,0,0,3,2,2,2,4,0,3,0,3,3,3,0,3,3,0,1,2,3,0,4,3,3,2,2,0,4,1,1,3,0,1,1,3,3,2,2,0,0,0,3,1,1,1,1,1,1,0,0,2,2,3,3,2,1,4,4,2,2"
251,0.4133533811073378,"1,1,0,0,1,4,3,2,4,2,4,4,2,1,3,4,3,0,0,0,0,2,0,4,1,2,3,3,2,3,0,4,4,4,4,4,4,0,3,4,4,1,3,0,0,4,4,1,4,0,0,0,0,3,0,1,1,2,2,2,2,2,0,0,4,1,1,1,2,4,4,3,0,1,1,3,3,4,4,2,2,2,2,2,3,3,2,1,2,3,3,3,3,0,4,4,0,0,0,4,2,2,1,0,0,2,1,3,3,3,0,2,2,3,3,4,3,0,0,2,2,1,1,3,4,3,4,4,4,3,0,0,3,2,2,4,4,2,2,1,2,2,3,0,1,1,2,1,3,0,4,4,4,4,0,0,4,0,0,0,4,4,3,3,1,4,4,2,2,4,4,4,4,4,1,2,2,2,4,3,1,2,0,4,1,1,3,0,3,0,3,1,1,4,0,0,1,1,1,1,1,1,1,1,1,1,1,1,1,1,3,3,2,2,2,2,3,0,0,0,3,2,2,2,4,0,3,0,3,3,3,0,3,3,0,1,2,3,0,4,3,3,2,2,0,4,1,1,3,0,1,1,3,3,2,2,0,3,0,3,1,1,1,1,1,1,0,0,2,2,3,3,2,1,4,4,2,2"
252,0.41115998472008036,"1,1,0,0,1,4,3,2,4,2,4,4,2,1,3,4,3,0,0,0,0,2,0,4,1,2,3,3,2,3,0,4,4,4,4,4,4,0,3,4,4,1,3,0,0,4,4,1,4,0,0,0,2,3,0,1,1,2,2,2,2,2,0,0,4,1,1,1,2,4,4,3,0,1,1,3,3,4,4,2,2,2,2,2,3,3,2,1,2,3,3,3,3,0,4,4,0,0,0,4,2,2,1,0,0,2,1,3,3,3,0,2,2,3,3,4,3,0,0,0,2,1,1,3,4,3,4,4,4,3,0,0,3,2,2,4,4,2,2,1,2,2,3,0,1,1,2,1,0,0,4,4,4,4,0,0,4,0,0,0,4,4,3,3,1,4,4,2,2,4,4,4,4,4,1,2,2,2,4,3,1,2,0,4,1,1,3,0,3,0,3,1,1,4,0,0,1,1,3,1,1,1,1,1,1,1,1,1,1,1,3,3,2,2,2,2,3,0,0,0,3,2,2,2,4,0,3,0,3,3,3,0,3,4,0,1,2,3,0,4,3,3,2,2,0,4,1,1,3,0,1,1,3,3,2,2,0,3,0,3,1,1,1,1,1,1,0,0,2,2,3,3,2,1,4,4,2,2"
253,0.41028014215292735,"1,1,0,0,1,4,3,2,4,2,4,4,2,1,3,4,3,0,0,0,0,2,0,4,1,2,3,3,2,3,0,4,4,4,4,4,4,0,3,4,4,1,3,0,0,4,4,1,4,0,0,0,2,3,0,1,1,2,2,2,2,2,0,0,4,1,1,1,2,4,4,3,0,1,1,3,3,4,4,2,2,2,2,2,3,3,2,1,2,3,3,3,3,0,4,0,0,0,0,4,2,2,1,0,0,2,1,3,3,3,0,2,2,3,3,4,3,0,0,2,2,1,1,3,4,3,4,4,4,3,0,0,3,2,2,4,4,2,2,1,2,2,3,0,1,1,2,1,3,0,4,4,4,4,0,0,4,0,0,0,4,4,3,3,1,4,4,2,2,4,4,4,4,4,1,2,2,2,4,3,1,2,0,4,1,1,3,0,3,0,3,1,1,4,0,0,1,1,1,1,1,1,1,1,1,1,1,1,1,1,3,3,2,2,2,2,3,0,0,0,3,2,2,2,4,0,3,0,3,3,3,0,3,3,0,1,2,3,0,4,3,3,2,2,0,4,1,1,3,0,1,1,3,3,2,2,0,3,0,3,1,1,1,1,1,1,0,0,2,2,3,1,2,1,4,4,2,2"
254,0.41029100605069835,"1,1,0,0,1,4,3,2,4,2,4,4,2,1,3,4,3,0,0,0,0,2,0,4,1,2,3,3,2,3,0,4,4,4,4,4,4,0,3,4,4,1,3,0,0,4,4,1,4,0,0,0,2,3,0,1,1,2,2,2,2,2,0,0,4,1,1,1,2,4,4,3,0,1,1,3,3,4,4,2,2,2,2,2,3,3,2,1,2,3,3,3,3,0,4,4,0,0,0,4,2,2,1,0,0,2,1,3,3,3,0,2,2,3,3,4,3,0,2,2,2,1,1,3,4,3,4,4,4,3,0,0,3,2,2,4,4,2,2,1,2,2,3,0,1,1,2,1,3,0,4,4,4,4,0,0,4,0,0,0,4,4,3,3,1,4,4,2,2,4,4,4,4,4,1,2,2,2,4,3,1,2,0,4,1,1,3,0,3,0,3,1,1,4,0,0,1,1,1,1,1,1,1,1,1,4,1,1,1,1,3,3,2,2,2,2,3,0,0,0,3,2,2,2,4,0,3,0,3,3,3,0,3,3,0,1,2,3,0,4,3,3,2,2,0,4,1,1,3,0,1,1,3,3,2,2,0,3,0,3,1,1,1,1,1,1,0,0,2,2,3,3,2,1,4,4,2,2"
255,0.4120000222849069,"1,1,0,0,1,4,3,2,4,2,4,4,2,1,3,4,3,0,0,0,0,2,0,4,1,2,3,3,2,3,0,4,4,4,4,4,4,0,3,4,4,1,3,0,0,4,4,1,4,0,0,0,2,3,0,1,1,2,2,2,2,2,0,0,4,1,1,1,2,4,4,3,0,1,1,3,3,4,4,2,2,2,2,2,3,3,2,1,2,3,3,3,3,0,4,4,0,0,0,4,2,2,1,0,0,2,1,3,3,3,0,2,2,3,3,4,3,0,0,2,2,1,1,0,4,3,4,4,4,3,0,2,3,2,2,4,4,1,2,1,2,2,3,0,1,1,2,1,3,0,4,4,4,4,0,0,4,0,0,0,4,4,3,3,1,4,4,2,2,4,4,4,4,4,1,2,2,2,4,3,1,2,0,4,1,1,3,0,3,0,3,1,1,4,0,0,1,1,1,1,1,1,1,1,1,1,1,1,1,1,3,3,2,2,2,2,3,0,0,0,3,2,2,2,4,0,3,0,3,3,3,0,3,3,0,1,2,3,0,4,3,3,2,2,0,4,1,1,3,0,1,1,3,3,2,2,0,3,0,3,1,1,1,1,1,1,0,0,2,2,3,3,2,1,4,4,2,2"
256,0.4133533811073378,"1,1,0,0,1,4,3,2,4,2,4,4,2,1,3,4,3,0,0,0,0,2,0,4,1,2,3,3,2,3,0,4,4,4,4,4,4,0,3,4,4,1,3,0,0,4,4,1,4,0,0,0,0,3,0,1,1,2,2,2,2,2,0,0,4,1,1,1,2,4,4,3,0,1,1,3,3,4,4,2,2,2,2,2,3,3,2,1,2,3,3,3,3,0,4,4,0,0,0,4,2,2,1,0,0,2,1,3,3,3,0,2,2,3,3,4,3,0,0,2,2,1,1,3,4,3,4,4,4,3,0,0,3,2,2,4,4,2,2,1,2,2,3,0,1,1,2,1,3,0,4,4,4,4,0,0,4,0,0,0,4,4,3,3,1,4,4,2,2,4,4,4,4,4,1,2,2,2,4,3,1,2,0,4,1,1,3,0,3,0,3,1,1,4,0,0,1,1,1,1,1,1,1,1,1,1,1,1,1,1,3,3,2,2,2,2,3,0,0,0,3,2,2,2,4,0,3,0,3,3,3,0,3,3,0,1,2,3,0,4,3,3,2,2,0,4,1,1,3,0,1,1,3,3,2,2,0,3,0,3,1,1,1,1,1,1,0,0,2,2,3,3,2,1,4,4,2,2"
257,0.41292612981740207,"1,1,0,0,1,4,3,2,4,2,4,4,2,1,3,4,3,0,0,0,0,2,0,4,1,2,3,3,2,3,0,4,4,4,4,4,4,0,3,4,4,1,3,0,0,4,4,1,4,0,0,0,0,3,0,1,1,2,2,2,2,2,0,0,4,1,1,1,1,4,4,3,0,1,1,3,3,4,4,2,2,2,2,2,3,3,2,1,2,3,3,3,3,0,4,4,0,0,0,4,2,2,1,0,0,2,1,3,3,3,0,2,2,3,3,4,3,0,0,2,2,1,1,3,4,3,4,4,4,3,0,0,3,2,2,4,4,2,2,1,2,2,3,0,1,1,2,1,0,0,4,4,4,4,0,0,4,0,0,0,4,4,3,3,1,4,4,2,2,4,4,4,4,4,1,2,2,2,4,3,2,2,0,4,1,1,3,0,3,0,3,1,1,4,0,0,1,1,1,1,1,1,1,1,1,1,1,1,1,1,3,3,2,2,2,2,3,0,0,0,3,2,2,2,4,0,3,0,3,3,3,0,3,3,0,1,2,3,0,4,3,3,2,2,0,4,1,1,3,0,1,1,3,3,2,2,0,3,0,3,1,1,1,1,1,1,0,0,2,2,3,3,2,1,4,4,2,2"
258,0.4115376810565467,"1,1,0,0,1,4,3,2,4,2,4,4,2,1,3,4,3,0,0,0,0,2,0,4,1,2,3,3,2,3,0,4,4,4,4,4,4,0,3,4,4,1,3,0,0,4,4,1,4,0,0,0,0,3,0,1,1,2,2,2,2,2,0,0,4,1,1,1,1,4,4,3,3,1,1,3,3,4,4,2,2,2,2,2,3,3,2,1,2,3,3,3,3,0,4,4,0,0,0,4,2,2,1,0,0,2,1,3,3,3,0,2,2,3,3,4,3,0,0,2,2,1,1,3,4,3,4,4,4,3,0,0,3,2,2,4,4,2,2,1,2,2,3,0,1,1,2,1,0,0,4,4,4,4,0,0,4,0,0,0,4,4,3,3,1,4,4,2,2,4,4,4,4,4,1,2,2,2,4,3,2,2,0,4,1,1,3,0,3,3,3,1,1,4,0,0,1,1,1,1,1,1,1,1,1,1,1,1,1,1,3,3,2,2,2,2,3,0,0,0,3,2,2,2,4,0,3,0,3,3,3,4,3,3,0,1,2,3,0,4,3,0,2,2,0,4,1,1,3,0,1,1,3,3,2,2,0,3,0,3,1,1,1,1,4,1,0,0,2,2,3,0,2,1,4,1,2,2"
259,0.4133899750812165,"1,1,0,0,1,4,3,2,4,2,4,4,2,1,3,4,3,0,0,0,0,2,0,4,1,2,3,3,2,3,0,4,4,4,4,4,4,0,3,4,4,1,3,0,0,4,4,1,4,0,0,0,0,3,0,1,1,2,2,2,2,2,0,0,4,1,1,1,1,4,4,3,3,1,1,3,3,4,4,2,2,2,2,2,3,3,2,1,2,3,3,3,3,0,4,4,0,0,0,4,2,2,1,0,0,2,1,3,3,3,0,2,2,3,3,4,3,0,0,2,2,1,1,3,4,3,4,4,4,3,0,0,3,2,2,4,4,2,2,1,2,2,3,0,1,1,2,1,0,0,4,4,4,4,0,0,4,0,0,0,4,4,3,3,1,4,4,2,2,4,4,4,4,4,1,2,2,2,4,3,2,2,0,4,1,1,3,0,3,0,3,1,1,4,0,0,1,1,1,1,1,1,1,1,1,1,1,1,1,1,3,3,2,2,2,2,3,0,0,0,3,2,2,2,4,0,3,0,3,3,3,0,3,3,0,1,2,3,0,4,3,3,2,2,0,4,1,1,3,0,1,1,3,3,2,2,0,3,0,3,1,1,1,1,1,1,0,0,2,2,3,3,2,1,4,4,2,2"
260,0.411911492582242,"1,1,0,0,1,4,3,2,4,2,4,4,2,1,3,4,3,0,0,0,0,2,0,4,1,2,3,3,2,3,0,4,4,4,4,4,4,0,3,4,4,1,3,0,0,4,4,1,4,0,0,0,0,3,0,1,1,2,2,2,2,2,0,0,4,1,1,1,1,4,4,3,3,1,1,3,3,4,4,2,2,2,2,2,3,3,2,1,2,3,3,3,3,0,4,4,0,0,0,4,2,2,1,0,0,2,1,3,3,3,3,2,2,3,3,4,3,0,0,2,2,1,1,3,4,3,4,4,4,3,0,0,3,2,2,4,4,2,2,1,2,2,3,0,1,1,2,1,0,0,4,4,4,4,0,0,4,0,0,0,4,4,3,3,1,4,4,2,2,4,4,4,4,4,1,2,2,2,4,3,2,2,1,4,1,1,3,0,3,0,3,1,1,4,0,0,1,1,1,1,1,1,1,1,1,1,1,1,1,1,3,3,2,2,2,2,3,0,0,0,3,2,2,2,4,0,3,0,3,3,3,0,3,3,0,1,2,3,0,4,3,3,2,2,0,4,1,1,3,0,1,1,3,3,2,2,0,3,0,3,1,1,1,1,1,1,0,0,2,2,3,3,2,1,4,4,2,2"
261,0.41340280713371763,"1,1,0,0,1,4,3,2,4,2,4,4,2,1,3,4,3,0,0,0,0,2,0,4,1,2,3,3,2,3,0,4,4,4,4,4,4,0,3,4,4,1,3,0,0,4,4,1,4,0,0,0,0,3,0,1,1,2,2,2,2,2,0,0,4,1,1,1,1,4,4,3,3,1,1,3,3,4,4,2,2,2,2,2,3,3,2,1,2,3,3,3,3,0,4,4,0,0,0,4,2,2,1,0,0,2,1,3,3,3,3,2,2,3,3,4,3,0,0,2,2,1,1,3,4,3,4,4,4,3,0,0,3,2,2,4,4,2,2,1,2,2,3,0,1,1,2,1,0,0,4,4,4,4,0,0,4,0,0,0,4,4,3,3,1,4,4,2,2,4,4,4,4,4,1,2,2,2,4,3,2,2,0,4,1,1,3,0,3,0,3,1,1,4,0,0,1,1,1,1,1,1,1,1,1,1,1,1,1,1,3,3,2,2,2,2,3,0,0,0,3,2,2,2,4,0,3,0,3,3,3,0,3,3,0,1,2,3,0,4,3,3,2,2,0,4,1,1,3,0,1,1,3,3,2,2,0,0,0,3,1,1,1,1,1,1,0,0,2,2,3,3,2,1,4,4,2,2"
262,0.4134340358226654,"1,1,0,3,1,4,3,2,4,2,4,4,2,1,3,4,3,0,0,0,0,2,0,4,1,2,3,3,2,3,0,4,4,4,4,4,4,0,3,4,4,1,3,0,0,4,4,1,4,0,0,0,0,3,0,1,1,2,2,2,2,2,0,0,4,1,1,1,1,4,4,3,3,1,1,3,3,4,4,2,2,2,2,2,3,3,2,1,2,3,3,3,3,0,4,4,0,0,0,4,2,2,1,0,0,2,1,3,3,3,3,2,2,3,3,4,3,0,0,2,2,1,1,3,4,3,4,4,4,3,0,0,3,2,2,4,4,2,2,1,2,2,3,0,1,1,2,1,0,0,4,4,4,4,0,0,4,0,0,0,4,4,3,3,1,4,4,2,2,4,4,4,4,4,1,2,2,2,4,3,2,2,0,4,1,1,3,0,3,0,3,1,1,4,0,0,1,1,1,1,1,1,1,1,1,1,1,1,1,1,3,3,2,2,2,2,3,0,0,0,3,2,2,2,4,0,3,0,3,3,3,0,3,3,0,1,2,3,0,4,3,3,2,2,0,4,1,1,0,0,1,1,3,3,2,2,0,0,0,3,1,1,1,1,1,1,0,0,2,2,3,3,2,1,4,4,2,2"
263,0.4130374755159126,"1,1,0,3,1,4,3,2,4,2,4,4,2,1,3,4,3,0,0,0,0,2,0,4,1,2,3,3,2,0,0,4,4,4,4,4,4,0,3,4,4,1,3,0,0,4,4,1,4,0,0,0,0,3,3,1,1,2,2,2,2,2,0,0,4,1,1,1,1,4,4,3,3,1,1,3,3,4,4,2,2,2,2,2,3,3,2,1,2,3,3,4,3,0,4,4,0,0,0,4,2,2,1,0,0,2,1,3,3,3,3,2,2,3,3,4,3,0,0,2,2,1,1,3,4,3,4,4,4,3,0,0,3,2,2,4,4,2,2,1,2,2,3,0,1,1,2,1,0,0,4,4,4,4,0,0,4,0,0,0,4,4,3,3,1,4,4,2,2,4,4,4,4,4,1,2,2,2,4,3,2,2,0,4,1,1,3,0,3,0,3,1,1,4,0,0,1,1,1,1,1,1,1,1,1,1,1,1,1,1,3,3,2,2,2,2,3,3,0,0,3,2,2,2,4,0,3,0,3,3,3,0,3,3,0,1,2,3,0,4,3,3,2,2,0,4,1,1,0,0,1,1,3,3,2,2,0,0,0,3,1,1,1,1,1,1,0,0,2,2,3,3,2,1,4,4,2,2"
264,0.41221854359715643,"1,1,0,3,1,4,3,2,4,2,4,4,2,1,3,4,3,0,0,0,0,2,0,4,1,2,3,3,2,0,0,4,4,4,4,4,4,0,3,4,4,1,3,0,0,4,4,1,4,0,0,0,0,3,3,1,1,2,2,2,2,2,0,0,4,1,1,1,1,4,4,3,3,1,1,3,3,4,4,2,2,2,2,2,3,3,2,1,2,3,3,4,3,0,4,4,0,0,0,4,2,2,1,0,0,2,1,3,3,3,3,2,2,3,3,4,3,0,0,2,2,1,1,3,4,3,4,4,4,3,0,0,3,2,2,4,4,2,2,1,2,2,3,0,1,1,2,1,0,0,4,4,4,4,0,0,4,0,0,0,4,4,3,3,1,4,4,2,2,4,4,4,4,4,1,2,2,2,4,3,2,2,0,4,1,1,3,0,2,0,3,1,1,4,0,0,1,1,1,1,1,1,1,1,1,1,1,1,1,1,3,3,2,2,2,2,3,3,0,0,3,2,2,2,4,0,3,0,3,3,3,0,3,3,0,1,2,3,0,4,3,3,2,2,0,4,1,1,0,0,1,1,3,3,2,2,0,0,0,3,1,1,1,1,1,1,0,0,2,2,3,3,2,1,4,4,2,2"
265,0.4131902284118964,"1,1,0,3,1,4,3,2,4,2,4,4,2,1,3,4,3,0,0,0,0,2,0,4,1,2,3,3,2,0,0,4,4,4,4,4,4,0,3,4,4,1,3,0,0,4,4,1,4,0,0,0,0,3,3,1,1,2,2,2,2,2,0,3,4,1,1,1,1,4,4,3,3,1,1,3,3,4,4,2,2,2,2,2,3,3,2,1,2,3,3,3,3,0,4,4,0,0,0,4,2,2,1,0,0,2,1,3,3,3,3,2,2,3,3,4,3,0,0,2,2,1,1,3,4,3,4,4,4,3,0,0,3,2,2,4,4,2,2,1,2,2,3,0,1,1,2,1,0,0,4,4,4,4,0,0,4,0,0,0,4,4,3,3,1,4,4,2,2,4,4,4,4,4,1,2,2,2,4,3,2,2,0,4,1,1,3,0,3,0,3,1,1,4,0,0,1,1,1,1,1,1,1,1,1,1,1,1,1,1,3,3,2,2,2,2,3,0,0,0,3,2,2,2,4,0,3,0,3,3,3,0,3,3,0,1,2,4,0,4,3,3,2,2,0,4,1,1,0,0,1,1,3,3,2,2,0,0,0,3,1,1,1,1,1,1,0,0,2,2,3,3,2,1,4,4,2,2"
266,0.4121266558757778,"1,1,0,3,1,4,3,2,4,2,4,4,2,1,3,4,3,0,0,0,0,2,0,4,1,2,3,3,2,0,0,4,4,4,4,4,4,3,3,4,4,1,0,0,0,4,4,1,1,0,0,0,0,3,3,1,1,2,2,2,2,2,0,3,4,1,1,1,1,4,4,3,3,1,1,3,3,4,4,2,2,2,2,2,3,3,2,1,2,3,3,3,3,0,4,4,0,0,0,4,2,2,1,0,0,2,1,3,3,3,3,2,2,0,3,4,3,0,0,2,2,1,1,3,4,3,4,4,4,3,0,0,3,2,2,4,4,2,2,1,2,2,3,0,1,1,2,1,0,0,4,4,2,4,0,0,4,0,0,0,4,4,3,3,3,4,4,2,2,4,4,4,4,4,1,2,2,2,4,3,2,2,0,4,1,1,3,0,3,0,3,1,1,4,0,0,1,1,1,1,1,1,1,1,1,1,1,1,1,1,3,3,2,2,2,2,3,0,0,0,3,2,2,2,4,0,3,0,3,3,3,0,3,0,0,1,2,4,0,4,3,3,2,2,0,4,1,1,3,0,1,1,3,3,2,2,0,0,0,3,1,1,1,1,1,1,0,0,2,2,3,3,2,1,4,4,2,2"
267,0.4141013341829028,"1,1,0,3,1,4,3,2,4,2,4,4,2,1,3,4,3,0,0,0,0,2,0,4,1,2,3,3,2,0,0,4,4,4,4,4,4,3,3,4,4,1,0,0,0,4,4,1,1,0,0,0,0,3,3,1,1,2,2,2,2,2,0,3,4,1,1,1,1,4,4,3,3,1,1,3,3,4,4,2,2,2,2,2,3,3,2,1,2,3,3,3,3,0,4,4,0,0,0,4,2,2,1,0,0,2,1,3,3,3,3,2,2,3,3,4,3,0,0,2,2,1,1,3,4,3,4,4,4,3,0,0,3,2,2,4,4,2,2,1,2,2,3,0,1,1,2,1,0,0,4,4,4,4,0,0,4,0,0,0,4,4,3,3,3,4,4,2,2,4,4,4,4,4,1,2,2,2,4,3,2,2,0,4,1,1,3,0,3,0,3,1,1,4,0,0,1,1,1,1,1,1,1,1,1,1,1,1,1,1,0,3,2,2,2,2,3,0,0,0,3,2,2,2,4,0,3,0,3,3,3,0,3,0,0,1,2,4,0,4,3,3,2,2,0,4,1,1,3,0,1,1,3,3,2,2,0,0,0,3,1,1,1,1,1,1,0,0,2,2,3,3,2,1,4,4,2,2"
268,0.41417143999159295,"1,1,0,3,1,4,3,2,4,2,4,4,2,1,3,4,3,0,0,0,0,2,0,4,1,2,3,3,2,0,0,4,4,4,4,4,4,3,3,4,4,1,0,0,0,4,4,1,1,0,0,0,0,3,3,1,1,2,2,2,2,2,0,3,4,1,1,1,1,4,4,3,3,1,1,3,3,4,4,2,2,2,2,2,3,3,2,1,2,3,3,3,3,0,4,4,0,0,0,4,2,2,1,0,0,2,1,3,3,3,3,2,2,3,3,4,3,0,0,2,2,1,1,3,4,3,4,4,4,3,0,0,3,2,2,4,4,2,2,1,2,2,4,0,1,1,2,1,0,0,4,4,4,4,0,0,4,0,0,0,4,4,3,3,3,4,4,2,2,4,4,4,4,4,1,2,2,2,4,3,2,2,0,4,1,1,3,0,3,0,3,1,1,4,0,0,1,1,1,1,1,1,1,1,1,1,1,1,1,1,0,3,2,2,2,2,3,0,0,0,3,2,2,2,4,0,3,0,3,3,3,0,3,0,0,1,2,4,0,4,3,3,2,2,0,3,1,1,3,0,1,1,3,3,2,2,0,0,0,3,1,1,1,1,1,1,0,0,2,2,3,3,2,1,4,4,2,2"
269,0.41431724273033793,"1,1,0,3,1,4,3,2,4,2,4,4,2,1,3,4,3,0,0,0,0,2,0,4,1,2,3,3,2,0,0,4,4,4,4,4,4,3,3,4,4,1,0,0,0,4,4,1,1,0,0,0,0,3,3,1,1,2,2,2,2,2,0,3,4,1,1,1,1,4,4,3,3,1,1,3,3,4,4,2,2,2,2,2,3,3,2,1,2,3,3,3,3,0,4,4,0,0,0,4,2,2,1,0,0,2,1,3,3,3,3,2,2,3,3,4,3,0,0,2,2,1,1,3,4,3,4,4,4,3,0,0,3,2,2,4,4,2,2,1,2,2,4,0,1,1,2,1,0,0,4,4,4,4,0,0,4,0,0,0,4,4,3,3,3,4,4,2,2,4,4,4,4,4,1,2,2,2,4,3,2,2,0,4,1,1,3,0,3,0,3,1,1,3,0,0,1,1,1,1,1,1,1,1,1,1,1,1,1,1,0,3,2,2,2,2,3,0,0,0,3,2,2,2,4,0,3,0,3,3,4,0,3,0,0,1,2,4,0,4,3,3,2,2,0,3,1,1,3,0,1,1,3,3,2,2,0,0,0,3,1,1,1,1,1,1,0,0,2,2,3,3,2,1,4,4,2,2"
270,0.41132710818568874,"1,1,0,3,1,4,3,2,4,2,4,4,2,1,3,4,3,0,0,0,0,2,0,4,1,2,3,3,2,0,0,4,4,4,4,4,4,3,3,4,4,1,0,0,0,4,4,1,1,0,0,0,0,3,3,1,1,2,2,2,2,2,0,3,4,1,1,1,1,4,4,3,3,1,1,3,3,4,4,2,2,2,2,2,3,3,2,1,2,3,3,3,3,3,4,4,0,0,0,4,2,2,1,0,0,2,1,3,3,3,3,2,2,3,3,4,3,0,0,2,2,1,1,3,4,3,4,4,4,3,0,0,3,2,2,4,4,2,2,1,2,2,4,0,1,1,2,1,0,0,4,4,4,4,0,0,4,0,0,0,4,4,3,3,3,4,4,2,2,4,4,4,4,4,1,2,2,2,4,3,2,2,0,4,1,1,3,0,3,0,3,1,1,3,0,0,1,1,1,1,1,1,1,1,1,1,1,1,1,1,0,3,2,2,2,2,3,1,0,0,3,2,2,2,4,0,3,0,1,3,4,0,3,0,0,1,2,4,0,4,3,3,2,2,0,3,1,1,3,0,1,1,3,3,2,2,0,0,0,3,1,1,1,1,1,1,0,0,2,2,0,3,1,1,4,4,2,2"
271,0.41358615970660506,"1,1,0,3,1,4,3,2,4,2,4,4,2,1,3,4,3,0,0,0,0,2,0,4,1,2,3,3,2,0,0,4,4,4,4,4,4,3,3,4,4,1,0,0,0,4,4,1,1,0,0,0,0,3,3,1,1,2,2,2,2,2,0,3,4,1,1,1,1,4,4,3,3,1,1,3,3,4,4,2,2,2,2,2,3,3,2,1,2,3,3,3,3,3,4,4,0,0,0,4,2,2,1,0,0,2,1,3,3,3,3,2,2,3,3,4,3,0,0,2,2,1,1,3,4,3,4,4,4,3,0,0,3,2,2,4,4,2,2,1,2,2,4,0,1,1,2,1,0,0,4,4,4,4,0,0,4,0,0,0,4,4,3,3,3,4,4,2,2,4,4,4,4,4,1,2,2,2,4,3,2,2,0,4,1,1,3,0,3,0,3,1,1,2,0,0,1,1,1,1,1,1,1,1,1,1,1,1,1,1,0,3,2,2,2,2,3,0,0,0,3,2,2,2,4,0,3,0,3,3,4,0,3,0,0,1,2,4,0,4,3,0,2,2,0,3,1,1,3,0,1,1,3,3,2,2,0,0,0,3,1,1,1,1,1,1,0,0,2,2,3,3,2,1,4,4,2,2"
272,0.413643349006335,"1,1,0,3,1,4,3,2,4,2,4,4,2,1,3,4,3,0,0,0,0,2,0,4,1,2,3,3,2,0,0,4,4,4,4,4,4,3,3,4,4,1,0,0,0,4,4,1,1,0,0,0,0,3,3,1,2,2,2,2,2,2,0,3,4,1,1,1,1,4,4,3,3,1,1,3,3,4,4,2,2,2,2,2,3,3,2,1,2,3,3,3,3,3,4,4,0,0,0,4,2,2,1,0,0,2,1,3,3,3,3,2,2,3,3,4,3,0,0,2,2,1,1,3,4,3,4,4,4,3,0,0,3,2,2,4,4,2,2,1,2,1,4,0,1,1,2,1,0,0,4,4,4,4,0,0,4,0,0,0,4,4,3,3,3,4,4,2,2,4,4,4,4,4,1,2,2,2,4,3,2,2,0,4,1,1,3,0,3,0,3,1,1,3,0,0,1,1,1,1,1,1,1,1,1,1,1,1,1,1,0,3,4,2,2,2,3,0,0,0,3,2,2,2,4,0,3,0,3,3,4,0,3,0,0,1,2,4,0,4,3,0,2,2,0,3,1,1,3,0,1,1,3,3,2,2,0,0,0,3,1,1,1,1,1,1,0,0,2,2,3,3,2,1,4,4,2,2"
273,0.4144269059200976,"1,1,0,3,1,4,3,2,4,2,4,4,2,1,3,4,3,0,0,0,0,2,0,4,1,2,3,3,2,0,0,4,4,4,4,4,4,3,3,4,4,1,0,0,0,4,4,1,1,0,0,0,0,3,3,1,2,2,2,2,2,2,0,3,4,1,1,1,1,4,4,3,3,1,1,3,3,4,4,2,2,2,2,2,3,3,2,1,2,3,3,3,3,3,4,4,0,0,0,4,2,2,1,0,0,2,1,3,3,3,3,2,2,3,3,4,3,0,0,2,2,1,1,3,4,3,4,4,4,3,0,0,3,2,2,4,4,2,2,1,2,1,4,0,1,1,2,1,0,0,4,4,4,4,0,0,4,0,0,0,4,4,3,3,3,4,4,2,2,4,4,4,4,4,1,2,2,2,4,3,2,2,0,4,1,1,3,0,3,0,3,1,1,3,0,0,1,1,1,1,1,1,1,1,1,1,1,1,1,1,0,3,2,2,2,2,3,0,0,0,3,2,2,2,4,0,3,0,3,3,4,0,3,0,0,1,2,4,0,4,3,0,2,2,0,3,1,1,3,0,1,1,3,3,2,2,0,0,0,3,1,1,1,1,1,1,0,0,2,2,3,3,2,1,4,4,2,2"
274,0.41361232400220993,"1,1,0,3,1,4,3,2,4,2,4,4,2,1,3,4,3,0,0,0,0,2,0,4,1,2,3,3,2,0,0,4,4,4,4,4,4,3,3,4,4,1,0,0,0,4,4,1,1,0,0,0,0,3,3,1,2,2,2,2,2,2,0,3,4,1,1,1,1,4,4,0,3,1,1,3,3,4,4,2,2,2,2,2,3,3,2,1,2,3,3,3,3,3,4,4,0,0,0,4,2,2,1,0,0,2,1,3,3,3,3,2,2,0,3,4,3,0,0,2,2,1,1,3,4,3,4,4,4,3,0,0,3,2,2,4,4,2,2,1,2,1,4,0,1,1,2,1,0,0,4,4,4,4,0,0,4,0,0,0,4,4,3,3,3,4,4,2,2,4,4,4,4,4,1,2,2,2,4,3,2,2,0,4,1,1,3,0,3,0,3,1,1,3,3,0,1,1,1,1,1,1,1,1,1,1,1,1,1,1,0,3,2,2,2,2,3,0,0,0,3,2,2,2,4,0,3,0,3,3,4,0,3,0,0,1,2,4,0,4,3,0,2,2,0,3,1,1,3,0,1,1,3,3,2,2,0,2,0,3,1,1,1,1,1,1,0,0,2,2,3,3,2,1,4,4,2,2"
275,0.41378565086216823,"1,1,0,3,1,4,3,2,4,2,4,4,2,1,3,4,3,0,0,0,0,2,0,4,1,2,3,3,2,0,0,4,4,4,4,4,4,3,3,4,4,1,0,0,0,4,4,1,1,0,0,0,0,3,3,1,2,2,2,2,2,2,0,3,4,1,1,1,1,4,4,0,3,1,1,3,3,4,4,2,2,2,2,2,3,3,2,1,2,3,3,3,3,3,4,4,0,0,0,4,2,2,1,0,0,2,1,3,3,3,3,2,2,0,3,4,3,0,0,2,2,1,1,3,3,3,4,4,4,3,0,0,3,2,2,4,4,2,2,1,2,1,4,0,1,1,2,1,0,0,4,4,4,4,0,0,4,0,0,0,4,4,3,3,3,4,4,2,2,4,4,4,4,4,1,2,2,2,4,3,2,2,0,4,1,1,3,0,3,0,3,1,1,3,3,0,1,1,1,1,1,1,1,1,1,1,1,1,1,1,0,3,2,2,2,2,3,0,0,0,3,2,2,2,4,0,3,0,3,3,4,4,3,0,0,1,2,4,0,4,3,0,2,2,0,3,1,1,3,0,1,1,3,3,2,2,0,0,0,3,1,1,1,1,0,1,0,0,2,2,3,3,2,1,4,4,2,2"
276,0.4125323261085625,"1,1,0,3,1,4,3,2,4,2,4,4,2,1,3,4,3,0,0,0,0,2,0,4,1,2,3,3,2,0,0,4,4,4,4,4,4,3,3,4,4,1,0,0,0,4,4,1,1,0,0,0,0,3,3,1,2,2,2,2,2,2,0,3,4,1,1,1,1,4,4,0,3,1,1,3,3,4,4,2,2,2,2,2,3,3,2,1,2,3,3,3,3,3,4,4,0,0,0,4,2,2,1,0,0,2,1,3,3,3,3,2,2,0,3,4,3,0,0,2,2,1,1,3,3,3,4,4,4,3,0,0,3,2,2,4,4,2,2,1,2,1,4,0,1,1,2,1,0,0,4,4,4,4,0,0,4,0,0,0,4,4,3,3,3,4,4,2,2,4,4,4,4,4,1,2,2,2,4,3,2,2,0,4,1,1,3,0,3,0,3,1,1,3,3,0,1,1,1,1,1,1,1,1,1,1,1,1,1,1,0,3,2,2,2,2,3,0,0,0,3,2,2,2,4,0,3,0,3,3,4,4,3,0,0,1,2,4,0,4,3,0,2,2,0,3,1,1,3,0,1,1,3,3,2,2,0,0,0,3,1,1,1,1,1,1,0,0,2,2,3,3,2,1,4,1,2,2"
277,0.4145627989673996,"1,1,0,3,1,4,3,2,4,2,4,4,2,1,3,4,3,0,0,0,0,2,0,4,1,2,3,3,2,0,0,4,4,4,4,4,4,3,3,4,4,1,0,0,0,4,4,1,1,0,0,0,0,3,3,1,2,2,2,2,2,2,0,3,4,1,1,1,1,4,4,0,3,1,1,3,3,4,4,2,2,2,2,2,3,3,2,1,2,3,3,3,3,3,4,4,0,0,0,4,2,2,1,0,0,2,1,3,3,3,3,2,2,0,3,4,3,0,0,2,2,1,1,3,3,3,4,4,4,3,0,0,3,2,2,4,4,2,2,1,2,1,4,0,1,1,2,1,0,0,4,4,4,4,0,0,4,0,0,0,4,4,3,3,3,4,4,2,2,4,4,4,4,4,1,2,2,2,4,3,2,2,0,4,1,1,3,0,3,0,3,1,1,3,3,0,1,1,1,1,1,1,1,1,1,1,1,1,1,1,0,3,2,2,2,2,3,0,0,0,3,2,2,2,4,0,3,0,3,3,4,4,3,0,0,1,2,4,0,4,3,0,2,2,0,3,1,1,3,0,1,1,3,3,2,2,0,0,0,3,1,1,1,1,1,1,0,0,2,2,3,3,2,1,4,4,2,2"
278,0.4139758727957227,"1,1,0,3,1,4,3,1,4,2,4,4,2,1,3,4,3,0,0,0,0,2,0,4,1,2,3,3,2,0,0,4,4,4,4,4,4,3,3,4,4,1,0,0,0,4,4,1,1,0,0,0,0,3,3,1,2,2,2,2,2,2,0,3,4,1,1,1,1,4,4,0,3,1,1,3,3,4,4,2,2,2,2,2,3,3,2,1,2,3,3,3,3,3,4,4,0,0,0,4,2,2,1,0,0,2,1,3,3,3,3,2,2,0,3,4,3,0,0,2,2,1,1,3,3,3,4,4,4,3,0,0,3,2,2,4,4,2,2,1,2,1,4,0,1,1,2,1,0,0,4,4,4,4,0,0,4,0,0,0,4,4,3,3,3,4,4,2,2,4,4,4,4,4,1,2,2,2,4,3,2,2,0,4,1,1,3,0,3,0,3,1,1,3,3,0,1,1,1,1,1,1,1,1,1,1,1,1,1,1,0,3,2,2,2,2,3,0,0,0,3,2,2,2,4,0,3,2,3,3,4,4,3,0,0,2,2,4,0,4,3,0,2,2,0,3,1,1,3,0,1,1,3,3,2,2,0,0,0,3,1,1,1,1,1,1,0,0,2,2,3,3,2,1,4,4,2,2"
279,0.41293664582783995,"1,1,0,3,1,4,3,1,4,2,4,4,2,1,3,4,3,3,0,0,0,2,0,4,1,2,3,3,2,0,0,4,4,4,4,4,4,3,3,4,4,1,0,0,0,4,4,1,1,0,0,0,0,3,3,1,2,2,2,2,2,2,0,3,4,1,1,1,1,4,4,0,3,1,1,3,3,4,4,2,2,2,2,2,3,3,2,1,2,3,3,3,3,3,4,4,0,0,0,4,2,2,1,0,2,2,1,3,3,3,3,2,2,0,3,4,3,0,0,2,2,1,1,3,3,3,4,4,4,3,0,0,3,2,2,4,4,2,2,1,2,1,4,0,1,1,2,1,0,0,4,4,4,4,0,0,4,0,0,0,4,4,3,3,3,4,4,2,2,4,4,4,4,4,1,2,2,2,4,3,2,2,0,4,1,1,3,0,1,0,3,1,1,3,3,0,1,1,1,1,1,1,1,1,1,1,1,1,1,1,0,3,2,2,2,2,3,0,0,0,3,2,2,2,4,0,3,0,3,3,4,4,3,0,0,2,2,4,0,4,3,0,2,2,0,3,1,1,3,0,1,1,3,3,2,2,0,0,0,3,1,1,1,1,1,1,0,0,2,2,3,3,2,1,4,4,2,2"
280,0.4145822863099026,"1,1,0,3,1,4,3,1,4,2,4,4,2,1,3,4,3,3,0,0,0,2,0,4,1,2,3,3,2,0,0,4,4,4,4,4,4,3,3,4,4,1,0,0,0,4,4,1,1,0,0,0,0,3,3,1,2,2,2,2,2,2,0,3,4,1,1,1,1,4,4,0,3,1,1,3,3,4,4,2,2,2,2,2,3,3,2,1,2,3,3,3,3,3,4,4,0,0,0,4,2,2,1,0,0,2,1,3,3,3,3,2,2,0,3,4,3,0,0,2,2,1,1,3,0,3,4,4,4,3,0,0,3,2,2,4,4,2,2,1,2,1,4,0,1,1,2,1,0,0,4,4,4,4,0,0,4,0,0,0,4,4,3,3,3,4,4,2,2,4,4,4,4,4,1,2,2,2,4,3,2,2,0,4,1,1,3,0,3,0,3,1,1,3,3,0,1,1,1,1,1,1,1,1,1,1,1,1,1,1,0,3,2,2,2,2,3,0,0,0,3,2,2,2,4,0,3,0,3,3,4,4,3,0,0,2,2,4,0,4,3,0,2,2,0,3,1,1,3,0,1,1,3,3,2,2,0,0,0,3,1,1,1,1,1,1,0,0,2,2,3,3,2,1,4,4,2,2"
281,0.41392306457361044,"1,1,0,3,1,4,3,1,4,2,4,4,2,1,3,4,3,3,0,0,0,2,0,4,1,2,3,3,2,0,0,4,4,4,4,4,4,3,3,4,4,1,0,0,0,4,4,1,1,0,0,0,0,3,3,1,2,2,2,2,2,2,0,3,4,1,1,1,1,4,4,0,3,1,1,3,3,4,4,2,2,2,2,4,3,3,2,1,2,3,3,3,3,3,4,4,0,0,0,4,2,2,1,0,0,2,1,3,3,3,3,2,2,0,3,4,3,0,0,2,2,1,1,3,0,3,4,4,4,3,0,0,3,2,2,4,4,2,2,1,2,1,4,0,1,1,2,1,0,0,4,4,4,4,0,0,4,0,0,0,4,4,3,3,3,4,4,2,2,4,4,4,4,4,1,2,2,2,4,3,2,2,0,4,1,1,3,0,3,0,3,1,1,3,3,0,1,1,1,1,1,1,1,1,1,1,1,1,1,1,0,3,2,2,2,2,3,0,0,0,3,2,2,2,4,0,3,0,3,3,4,4,3,0,0,2,2,4,0,4,3,0,2,2,0,3,1,1,3,0,1,1,3,3,2,2,0,0,0,3,1,1,1,1,1,1,0,0,2,2,3,3,2,1,4,4,2,2"
282,0.4141288898359483,"1,1,0,3,1,4,3,1,4,2,4,4,2,1,3,4,3,3,0,0,0,2,0,4,1,2,3,3,2,0,0,4,4,4,4,4,4,3,3,4,4,1,0,0,0,4,4,1,1,0,0,0,0,3,3,1,2,2,2,2,2,2,0,3,4,1,1,1,1,4,4,0,3,1,1,3,3,4,4,2,2,2,2,2,3,3,2,1,2,3,3,3,3,3,4,4,0,0,0,4,2,2,1,0,0,2,1,3,3,3,3,2,2,0,0,4,3,0,0,2,2,1,1,3,0,3,4,4,4,3,0,0,3,2,2,4,4,2,2,1,2,1,4,0,1,1,2,1,0,0,4,4,4,4,0,0,4,0,0,0,4,4,3,3,3,4,4,2,2,4,4,4,4,4,1,2,2,2,4,3,2,2,0,4,1,1,3,0,3,0,3,1,1,3,3,0,1,1,1,1,1,1,1,1,1,1,1,1,1,1,0,3,2,2,2,2,3,0,0,0,3,2,2,2,4,0,3,0,3,3,4,4,3,0,0,2,2,4,0,4,3,0,2,2,0,3,1,1,3,0,1,1,3,3,2,2,0,0,0,3,1,1,1,1,1,1,0,0,2,2,3,3,2,1,4,4,2,2"
283,0.41433945580457576,"1,1,0,3,1,4,3,1,4,2,4,4,2,1,3,4,3,3,0,0,0,2,2,4,1,2,3,3,2,0,0,4,4,4,4,4,4,3,3,4,4,1,0,0,0,4,4,1,1,0,0,0,0,3,3,1,2,2,2,2,2,2,0,3,4,1,1,1,1,4,4,0,3,1,1,3,3,4,4,2,2,2,2,2,3,3,2,1,2,3,3,3,3,3,4,4,0,0,0,4,2,2,1,0,0,2,1,3,3,3,3,2,2,0,3,4,3,0,0,2,2,1,1,3,0,3,4,4,4,3,0,0,3,2,2,4,4,2,2,1,2,1,4,0,1,1,2,1,0,0,4,4,4,4,0,0,4,0,0,0,4,4,3,3,3,4,4,2,2,4,4,4,4,4,1,2,2,2,4,3,2,2,0,4,1,1,3,0,3,0,3,1,1,3,3,0,1,1,1,1,1,1,1,1,1,1,1,1,1,1,0,3,2,2,2,2,3,0,0,0,3,2,2,2,4,0,3,0,3,3,4,4,3,0,0,2,2,4,0,4,3,0,2,2,0,3,1,1,3,0,1,1,3,3,2,2,0,0,0,3,1,1,1,1,1,1,0,0,2,2,3,3,2,1,4,4,2,2"
284,0.4140606431130915,"1,1,0,3,1,4,3,1,4,2,4,4,2,1,3,4,3,3,0,0,0,2,2,4,1,2,3,3,2,0,0,4,4,4,4,4,4,3,3,4,4,1,0,0,0,4,4,1,1,0,0,0,0,3,3,1,2,2,3,2,2,2,0,3,4,1,1,1,1,4,4,0,3,1,1,3,3,4,4,2,2,2,2,2,3,3,2,1,2,3,3,3,3,3,4,4,0,0,0,4,2,2,1,0,0,2,1,3,3,3,3,2,2,0,3,4,3,0,0,2,2,1,1,3,0,3,4,4,4,3,0,0,3,2,2,4,4,2,2,1,2,1,4,0,1,1,2,1,0,0,4,4,4,4,0,0,4,0,0,0,4,4,3,3,3,4,4,2,2,4,4,4,4,4,1,2,2,2,4,3,2,2,0,4,1,1,3,0,3,0,3,1,1,3,3,0,1,1,1,1,1,1,1,1,1,1,1,1,1,1,0,3,2,2,2,2,3,0,0,0,3,2,2,2,4,0,3,0,3,3,4,4,3,0,0,2,2,4,0,4,3,0,2,2,0,3,1,1,3,0,1,1,3,3,2,2,0,0,0,3,1,1,1,1,4,1,0,0,2,2,3,3,2,1,4,4,2,2"
285,0.41464398493170873,"1,1,0,3,1,4,3,1,4,2,4,4,2,1,3,4,3,3,0,0,0,2,2,4,1,2,3,3,2,0,0,4,4,4,4,4,4,3,3,4,4,1,0,0,0,4,4,1,1,0,0,0,0,3,3,1,2,2,3,2,2,2,0,3,4,1,1,1,1,4,4,0,3,1,1,3,3,4,4,2,2,2,2,2,3,3,2,1,2,3,3,3,3,3,4,4,0,0,0,4,2,2,1,0,0,2,1,3,3,3,3,2,2,0,3,4,3,0,0,2,2,1,1,3,0,3,4,4,4,3,0,0,3,2,2,4,4,2,2,1,2,1,4,0,1,1,2,1,0,0,4,4,4,4,0,0,4,0,0,0,4,4,3,3,3,4,4,2,2,4,4,4,4,4,1,2,2,2,4,3,2,2,0,4,1,1,3,0,3,0,3,1,1,3,3,0,1,1,1,1,1,1,1,1,1,1,1,1,1,1,0,3,2,2,2,2,3,0,0,0,3,2,2,2,4,0,3,0,3,3,4,4,3,0,0,2,2,4,0,4,3,0,2,2,0,3,1,1,3,0,1,1,3,3,2,2,0,0,0,3,1,1,1,1,1,1,0,0,2,2,3,3,2,1,4,4,2,2"
286,0.4149218995570257,"1,1,0,3,1,4,3,1,4,2,4,4,2,1,3,4,3,3,0,0,0,2,2,4,1,2,3,3,2,0,0,4,4,4,4,4,4,3,3,4,4,1,0,0,0,4,4,1,1,0,0,0,0,3,3,1,2,2,3,2,2,2,0,3,4,1,1,1,1,4,4,0,3,1,1,3,3,4,4,2,2,2,2,2,3,3,2,1,2,3,3,3,3,3,4,4,0,0,0,4,2,2,1,0,0,2,1,3,3,3,3,2,2,0,3,4,3,0,0,2,2,1,1,3,0,3,4,4,4,3,0,0,3,2,2,4,4,2,2,1,2,1,4,0,1,1,2,1,0,0,4,4,4,4,0,0,4,0,0,0,4,4,3,3,3,4,4,2,2,4,4,4,4,4,1,2,2,2,4,3,2,2,0,4,1,1,3,0,3,0,3,1,1,3,3,0,1,1,1,1,1,1,1,1,1,1,1,1,1,1,0,3,2,2,2,2,3,0,0,0,3,2,2,2,4,0,3,0,3,3,4,4,3,0,0,2,2,4,0,4,3,0,2,2,0,3,1,1,3,0,1,1,3,3,2,2,0,0,0,0,1,1,1,1,1,1,0,0,2,2,3,3,2,1,4,4,2,2"
287,0.4149218995570257,"1,1,0,3,1,4,3,1,4,2,4,4,2,1,3,4,3,3,0,0,0,2,2,4,1,2,3,3,2,0,0,4,4,4,4,4,4,3,3,4,4,1,0,0,0,4,4,1,1,0,0,0,0,3,3,1,2,2,3,2,2,2,0,3,4,1,1,1,1,4,4,0,3,1,1,3,3,4,4,2,2,2,2,2,3,3,2,1,2,3,3,3,3,3,4,4,0,0,0,4,2,2,1,0,0,2,1,3,3,3,3,2,2,0,3,4,3,0,0,2,2,1,1,3,0,3,4,4,4,3,0,0,3,2,2,4,4,2,2,1,2,1,4,0,1,1,2,1,0,0,4,4,4,4,0,0,4,0,0,0,4,4,3,3,3,4,4,2,2,4,4,4,4,4,1,2,2,2,4,3,2,2,0,4,1,1,3,0,3,0,3,1,1,3,3,0,1,1,1,1,1,1,1,1,1,1,1,1,1,1,0,3,2,2,2,2,3,0,0,0,3,2,2,2,4,0,3,0,3,3,4,4,3,0,0,2,2,4,0,4,3,0,2,2,0,3,1,1,3,0,1,1,3,3,2,2,0,0,0,0,1,1,1,1,1,1,0,0,2,2,3,3,2,1,4,4,2,2"
288,0.4149326886486758,"1,1,0,3,1,4,3,1,4,2,4,4,2,1,3,4,3,3,0,0,0,2,2,4,1,2,3,3,2,0,0,4,4,4,4,4,4,3,3,4,4,1,0,0,0,4,4,1,1,0,0,0,0,3,0,1,2,2,3,2,2,2,0,3,4,1,1,1,1,4,4,0,3,1,1,3,3,4,4,2,2,2,2,2,3,3,2,1,2,3,3,3,3,3,4,4,0,0,0,4,2,2,1,0,0,2,1,3,3,3,3,2,2,0,3,4,3,0,0,2,2,1,1,3,0,3,4,4,4,3,0,0,3,2,2,4,4,2,2,1,2,1,4,0,1,1,2,1,0,0,4,4,4,4,0,0,4,0,0,0,4,4,3,3,3,4,4,2,2,4,4,4,4,4,1,2,2,2,4,3,2,2,0,4,1,1,3,0,3,0,3,1,1,3,3,0,1,1,1,1,1,1,1,1,1,1,1,1,1,1,0,3,2,2,2,2,3,0,0,0,3,2,2,2,4,0,3,0,3,3,4,4,3,0,0,2,2,4,0,4,3,0,2,2,0,3,1,1,3,0,1,1,3,3,2,2,0,0,0,3,1,1,1,1,1,1,0,0,2,2,3,3,2,1,4,4,2,2"
289,0.41317053030180495,"1,1,0,3,1,4,3,1,4,2,4,4,2,1,3,4,3,3,0,0,0,2,2,4,1,2,3,3,2,0,0,4,4,4,4,4,4,3,3,4,4,1,0,0,0,4,4,1,1,0,0,0,0,3,0,1,2,2,3,2,2,2,0,3,4,1,1,1,1,4,4,0,3,1,1,3,3,4,4,2,2,2,2,2,3,3,2,1,2,3,3,3,3,3,4,4,0,0,0,4,2,2,1,0,0,2,1,3,3,3,3,2,2,0,3,4,3,0,0,2,2,1,1,3,0,3,4,4,4,3,0,0,3,2,2,4,4,2,2,1,2,1,4,0,1,1,2,1,0,0,4,4,4,4,0,0,4,0,0,0,4,4,3,3,3,4,4,2,2,4,4,4,4,4,1,2,2,2,4,3,2,2,0,4,0,1,3,0,3,0,3,1,1,3,3,0,1,1,1,1,1,1,1,1,1,1,1,1,1,1,0,3,2,2,2,2,3,0,0,0,3,2,2,2,4,0,3,0,3,3,4,4,3,0,0,2,2,4,3,4,3,0,2,2,1,3,1,1,3,0,1,1,3,3,2,2,0,0,0,0,1,1,1,1,1,1,0,0,2,2,3,3,2,1,4,4,2,0"
290,0.4139899271553755,"1,1,0,3,1,4,3,1,4,2,4,4,2,1,3,4,3,3,0,0,0,2,2,4,1,2,3,3,2,0,0,4,4,4,4,4,4,3,3,4,4,1,0,0,0,4,4,1,1,0,0,0,0,3,0,1,2,2,3,2,2,2,0,3,4,1,1,1,1,4,4,0,3,1,1,3,3,4,4,2,2,2,2,2,3,3,2,1,2,3,3,3,3,3,4,4,0,0,0,4,2,2,1,0,0,2,1,3,3,3,3,2,2,0,3,4,3,0,0,2,2,1,1,3,0,3,4,4,4,3,0,0,3,2,2,4,4,2,2,1,2,1,4,0,1,1,2,1,0,0,4,4,4,4,0,0,4,0,0,0,4,4,3,3,3,4,4,2,2,4,4,4,4,4,1,2,2,0,4,3,2,2,0,4,1,1,3,0,3,0,3,1,1,3,3,0,1,1,1,1,1,1,1,1,1,1,1,1,1,1,0,3,2,2,2,2,3,0,0,0,3,2,2,2,4,0,3,0,3,3,4,4,3,0,0,2,2,4,0,4,3,0,2,2,0,3,1,2,3,0,1,1,3,3,2,2,0,0,0,3,1,1,1,1,1,1,0,0,2,2,3,3,2,1,4,4,2,2"
291,0.41461868404818225,"1,1,0,3,1,4,3,1,4,2,4,4,2,1,3,4,3,3,0,0,0,2,2,4,1,2,3,3,2,0,0,4,4,4,4,4,4,3,3,4,4,1,0,0,0,4,4,1,1,0,0,0,0,3,0,1,2,2,3,2,2,2,0,3,4,1,1,1,1,4,4,0,3,1,1,3,3,4,4,2,2,2,2,2,3,3,2,1,2,3,3,3,3,3,4,4,0,0,0,4,2,2,1,0,0,2,1,3,3,3,3,2,2,0,3,4,3,0,0,2,2,1,1,3,0,3,4,4,4,3,0,0,3,2,2,4,4,2,2,1,2,1,4,0,1,1,2,1,0,0,4,4,4,4,0,0,4,0,0,0,4,4,3,3,3,4,4,2,2,4,4,4,4,4,1,2,2,2,4,3,2,2,0,4,1,1,3,0,3,0,3,1,1,3,3,0,1,1,1,1,1,1,1,1,1,1,1,1,1,1,0,3,2,2,2,2,3,0,0,0,3,2,2,2,4,0,3,0,3,3,4,4,3,0,0,2,2,4,0,4,3,0,2,2,0,3,1,1,3,0,1,1,3,3,2,2,0,3,0,3,1,1,1,1,1,1,0,0,2,2,3,3,2,1,4,4,2,2"
292,0.414985458570256,"1,1,0,3,1,4,3,1,4,2,4,4,2,1,3,4,0,3,0,0,0,2,2,4,1,2,3,3,2,0,0,4,4,4,4,4,4,3,3,4,4,1,0,0,0,4,4,1,1,0,0,0,0,3,0,1,2,2,3,2,2,2,0,3,4,1,1,1,1,4,4,0,3,1,1,3,3,4,4,2,2,2,2,2,3,3,2,1,2,3,3,3,3,3,4,4,0,0,0,4,2,2,1,0,0,2,1,3,3,3,3,2,2,0,3,4,3,0,0,2,2,1,1,3,0,3,4,4,4,3,0,0,3,2,2,4,4,2,2,1,2,1,4,0,1,1,2,1,0,0,4,4,4,4,0,0,4,0,0,0,4,4,3,3,3,4,4,2,2,4,4,4,4,4,1,2,2,2,4,3,2,2,0,4,1,1,0,0,3,0,3,1,1,3,3,0,1,1,1,1,1,1,1,1,1,1,1,1,1,1,0,3,2,2,2,2,3,0,0,0,3,2,2,2,4,0,3,0,3,3,4,4,3,0,0,2,2,4,0,4,3,0,2,2,0,3,1,1,3,0,1,1,3,3,2,2,0,3,3,3,1,1,1,1,1,1,0,0,2,2,3,3,2,1,4,4,2,2"
293,0.4150957846392181,"1,1,0,3,1,4,3,1,4,2,4,4,2,1,3,4,0,3,0,0,0,2,2,4,1,2,3,3,2,0,0,4,4,4,4,4,4,3,3,4,4,1,0,0,0,4,4,1,1,0,0,0,0,3,0,1,2,2,3,2,2,2,0,3,4,1,1,1,1,4,4,0,3,1,1,3,3,4,4,2,2,2,2,2,3,3,2,1,2,3,3,3,3,3,4,4,0,0,0,4,2,2,1,0,0,2,1,3,3,3,3,2,2,0,3,4,3,0,0,2,2,1,1,3,0,3,4,4,4,3,0,0,3,2,2,4,4,2,2,1,2,1,1,0,1,1,2,1,0,0,4,4,4,4,0,0,4,0,0,0,4,4,3,3,3,4,4,2,2,4,4,4,4,4,1,2,2,2,4,3,2,2,0,4,1,1,0,0,3,0,3,1,1,3,3,0,1,1,1,1,1,1,1,1,1,1,1,1,1,1,0,3,2,2,2,2,3,0,0,0,3,2,2,2,4,0,3,0,3,3,4,4,3,0,0,2,2,4,0,4,3,0,2,2,0,3,1,1,3,0,1,1,3,3,2,2,0,3,3,3,1,1,4,1,1,1,0,0,2,2,3,3,2,1,4,4,2,2"
294,0.4151771772773732,"1,1,0,3,1,4,3,1,4,2,4,4,2,1,3,4,0,3,0,0,0,2,2,4,1,2,3,3,2,0,0,4,4,4,4,4,4,3,3,4,4,1,0,0,0,4,4,1,1,0,0,0,0,3,0,1,2,2,3,2,2,2,0,3,4,1,1,1,1,4,4,0,3,1,1,3,3,4,4,2,2,2,2,2,3,3,2,1,2,3,3,3,3,3,4,4,0,0,0,0,2,2,1,0,0,2,1,3,3,3,3,2,2,0,3,4,3,0,0,2,2,1,1,3,0,3,4,4,4,3,0,0,3,2,2,4,4,2,2,1,2,1,1,4,1,1,2,1,0,0,4,4,4,4,0,0,4,0,0,0,4,4,3,3,3,4,4,2,2,4,4,4,4,4,1,2,2,2,4,3,2,2,0,4,1,1,0,0,3,0,3,1,1,3,3,0,1,1,1,1,1,1,1,1,1,1,1,1,1,1,0,3,2,2,2,2,3,0,0,0,3,2,2,2,4,0,3,0,3,3,4,4,3,0,0,2,2,4,0,4,3,0,2,2,0,3,1,1,3,0,1,1,3,3,2,2,0,3,3,3,1,1,4,1,1,1,0,0,2,2,3,3,2,1,4,4,2,2"
295,0.4151771772773732,"1,1,0,3,1,4,3,1,4,2,4,4,2,1,3,4,0,3,0,0,0,2,2,4,1,2,3,3,2,0,0,4,4,4,4,4,4,3,3,4,4,1,0,0,0,4,4,1,1,0,0,0,0,3,0,1,2,2,3,2,2,2,0,3,4,1,1,1,1,4,4,0,3,1,1,3,3,4,4,2,2,2,2,2,3,3,2,1,2,3,3,3,3,3,4,4,0,0,0,0,2,2,1,0,0,2,1,3,3,3,3,2,2,0,3,4,3,0,0,2,2,1,1,3,0,3,4,4,4,3,0,0,3,2,2,4,4,2,2,1,2,1,1,4,1,1,2,1,0,0,4,4,4,4,0,0,4,0,0,0,4,4,3,3,3,4,4,2,2,4,4,4,4,4,1,2,2,2,4,3,2,2,0,4,1,1,0,0,3,0,3,1,1,3,3,0,1,1,1,1,1,1,1,1,1,1,1,1,1,1,0,3,2,2,2,2,3,0,0,0,3,2,2,2,4,0,3,0,3,3,4,4,3,0,0,2,2,4,0,4,3,0,2,2,0,3,1,1,3,0,1,1,3,3,2,2,0,3,3,3,1,1,4,1,1,1,0,0,2,2,3,3,2,1,4,4,2,2"
296,0.4148416770693034,"1,1,0,3,1,4,3,1,4,2,4,4,2,1,3,4,0,3,0,0,0,2,2,4,1,2,3,3,2,0,0,4,4,4,4,4,4,3,3,4,4,1,0,0,0,4,4,1,1,0,0,0,0,3,0,1,2,2,3,2,2,2,0,3,4,1,1,1,1,4,4,0,3,1,1,3,3,4,4,2,2,2,2,2,3,3,2,1,2,3,3,3,3,3,4,4,0,0,0,0,2,2,1,0,0,2,1,3,3,3,3,2,2,0,3,4,3,0,0,2,2,1,1,3,0,3,4,4,4,3,0,0,3,2,2,4,4,1,2,1,2,1,1,4,1,1,2,1,0,0,4,4,4,4,0,0,4,0,0,0,4,4,3,3,3,4,4,2,2,4,4,4,4,4,1,2,2,2,4,3,2,2,0,4,1,1,0,0,3,0,3,1,1,3,3,0,1,1,1,1,1,1,1,1,1,1,1,1,1,1,0,3,2,2,2,2,3,0,0,0,3,2,2,2,4,0,3,0,3,3,4,4,3,0,0,2,2,4,0,4,3,0,2,2,0,3,1,1,3,0,1,1,3,3,2,2,0,3,3,3,1,1,4,1,1,1,0,0,2,2,3,3,2,1,4,4,2,2"
297,0.41428554390946304,"1,1,0,3,1,4,3,1,4,2,4,4,2,1,3,4,0,3,0,0,0,2,2,4,1,2,3,3,2,0,0,4,4,4,4,4,4,3,3,4,4,1,0,0,0,4,4,1,1,0,0,0,0,3,0,1,2,2,3,2,2,2,0,3,4,1,1,1,1,4,4,0,3,1,1,3,3,4,4,2,2,2,2,2,3,3,2,1,2,3,3,3,3,3,4,4,0,0,0,0,2,2,1,0,0,2,1,3,3,3,3,2,2,0,3,4,3,0,0,2,2,1,1,3,0,3,4,4,4,3,0,0,3,2,2,4,4,1,2,1,2,1,1,4,1,1,2,1,0,0,4,4,4,4,0,0,4,0,0,0,4,4,3,3,3,4,4,2,2,4,4,4,4,4,1,2,2,2,4,3,2,2,0,4,1,1,0,0,3,0,3,1,1,3,3,0,1,1,1,1,1,1,1,1,1,1,1,1,1,1,0,3,2,2,2,2,3,0,0,0,3,2,2,2,4,0,3,0,3,3,4,4,3,0,0,2,2,4,0,4,3,0,2,2,0,3,1,1,3,0,1,1,1,3,2,2,0,3,3,3,1,1,4,1,2,1,0,0,2,2,3,3,3,1,4,4,2,2"
298,0.411499251924787,"1,1,3,3,1,4,3,1,4,2,4,4,2,1,3,4,0,3,0,0,0,2,2,4,1,2,3,0,2,0,0,4,4,4,4,4,4,3,3,4,4,1,0,0,0,4,4,1,1,0,0,0,0,3,0,1,2,2,3,2,2,2,0,3,4,1,1,1,1,4,4,0,3,4,1,3,3,4,4,2,2,2,2,2,3,3,2,1,2,3,3,3,3,3,4,4,0,0,0,0,2,2,1,0,0,2,1,3,3,3,3,1,2,0,3,4,3,0,0,2,2,1,1,3,0,3,4,4,4,3,0,0,1,2,2,4,4,1,2,1,2,1,1,4,1,1,2,1,0,2,4,4,4,4,0,0,4,0,0,0,4,4,3,3,3,4,4,2,2,4,4,4,4,4,1,2,2,2,4,3,2,2,0,4,1,1,0,0,3,0,3,1,1,3,3,0,1,2,1,1,1,1,1,1,1,1,1,1,1,1,0,3,2,2,2,2,3,0,0,0,3,2,2,2,4,0,2,0,3,3,4,4,3,0,0,2,2,4,0,4,3,0,2,2,0,3,1,1,3,0,1,1,3,3,2,2,0,3,3,3,1,1,4,1,2,1,0,0,2,2,3,3,2,1,4,4,2,2"
299,0.4152917388464111,"1,1,3,3,1,4,3,1,4,2,4,4,2,1,3,4,0,3,0,0,0,2,2,4,1,2,3,0,2,0,0,4,4,4,4,4,4,3,3,4,4,1,0,0,0,4,4,1,1,0,0,0,0,3,0,1,2,2,3,2,2,2,0,3,4,1,1,1,1,4,4,0,3,1,1,3,3,4,4,2,2,2,2,2,3,3,2,1,2,3,3,3,3,3,4,4,0,0,3,0,2,2,1,0,0,2,1,3,3,3,3,2,2,0,3,4,0,0,0,2,2,1,1,3,0,3,4,4,4,3,0,0,3,2,2,4,4,1,2,1,2,1,1,4,1,1,2,1,0,0,4,4,4,4,0,0,4,0,0,0,4,4,3,3,3,4,4,2,2,4,4,4,4,4,1,2,2,2,4,3,2,2,0,4,1,1,0,0,3,0,3,1,1,3,3,0,1,1,1,1,1,1,1,1,1,1,1,1,1,1,0,3,2,2,2,2,3,0,0,0,3,2,2,2,4,0,3,0,3,3,4,4,3,0,0,2,2,4,0,4,3,0,2,2,0,3,1,1,3,0,1,1,3,3,2,2,0,3,3,3,1,1,4,1,2,1,0,0,2,2,3,3,2,1,4,4,2,2"
