generation,best_fitness,mean_fitness,worst_fitness
0,1.0017428791871952,1.000030302433912,0.9990298502092028
1,1.0025255161540207,1.0002667512630254,0.9987606429934495
2,1.0025255161540207,1.0005928843650225,0.9994051215008373
3,1.0028594299978955,1.000783430751679,0.9994392092152202
4,1.0030087708287776,1.0009143330911952,0.9993120611185464
5,1.0030087708287776,1.0010999801681308,0.9992365562124003
6,1.0039011485512344,1.0013289295079835,0.9999212378372546
7,1.0039011485512344,1.0017751287265402,1.0000312659510042
8,1.0053962461355446,1.0017807978352187,0.9998113087034938
9,1.00560278827796,1.002237209192471,0.9994716148133813
10,1.005685609149468,1.0027732384359356,0.9999768971395359
11,1.005685609149468,1.0032301994430026,1.0006870242153112
12,1.0063071515922601,1.0038004430265701,1.0014108418228203
13,1.0063071515922601,1.0041743630590263,1.000826112072284
14,1.0063071515922601,1.0047234656871769,1.0027396389497103
15,1.0064873457736008,1.0051612941634334,1.0034327758075556
16,1.00702012116825,1.005618644842771,1.0031115995429973
17,1.0076532882038998,1.0059430868334494,1.0042967921204584
18,1.0076532882038998,1.0062424370730267,1.0045297189821283
19,1.008060668964501,1.0063918435975756,1.0047656362958448
20,1.008060668964501,1.0063667043558042,1.004323876503849
21,1.0081521700150191,1.0064211031558958,1.0035774817491228
22,1.0085710271835753,1.006601829017881,1.004944755128655
23,1.0086176861802671,1.0072252891982927,1.0052877239449143
24,1.0087293202680523,1.007631327951956,1.0051017919596963
25,1.0092982553607033,1.0077048027061861,1.005683785477411
26,1.0092982553607033,1.0077398415678127,1.0049604824673113
27,1.00968019537042,1.0078098136301739,1.0042651173672683
28,1.0101330801493091,1.007959170661134,1.005225452786351
29,1.0101666871609178,1.0082406691367498,1.0062088764870196
30,1.0102914910915002,1.0085166954293274,1.0049193501477975
31,1.0106404708837813,1.0088436992390293,1.0071780347134571
32,1.0122190829350375,1.0092170684051072,1.0047802334890141
33,1.0122190829350375,1.0093807785789624,1.0054507657702325
34,1.0122190829350375,1.0096504456788238,1.0071742074522723
35,1.0122190829350375,1.0098454546518623,1.0052485217965943
36,1.0122190829350375,1.0102447975960671,1.0061899328601491
37,1.0126153294079034,1.0107846164241745,1.009060827459488
38,1.0126153294079034,1.011202030525321,1.008674991889723
39,1.0128765702502769,1.011537885661708,1.009732553417473
40,1.0131529125443883,1.0117872372360923,1.0100091398334832
41,1.0135601524392084,1.0119670413509008,1.009654464675863
42,1.0137699270895382,1.01209101093469,1.0080242801415447
43,1.0137699270895382,1.0118688820530317,1.0070016828416817
44,1.0138357213993179,1.0121709468638054,1.0085155258988632
45,1.0138357213993179,1.0121115197451347,1.0078450094472058
46,1.0138715513221899,1.0122130872941169,1.0084055220370653
47,1.0141179664254318,1.0123307091875446,1.009116493817677
48,1.0143972823461005,1.0126643819220653,1.0095220209453788
49,1.0144624915973028,1.0131489842676675,1.0102379105962855
50,1.0146881871302962,1.0133117127269182,1.0111573042002155
51,1.0147771949623376,1.0132741714824465,1.0094026561931282
52,1.0152991109078338,1.0134558123800492,1.0076505294920992
53,1.0152991109078338,1.0133294297057764,1.0095023471374767
54,1.0154905126859721,1.0134986520678995,1.0111922684567927
55,1.0154905126859721,1.0138043296610924,1.0012019981587172
56,1.0158138682510094,1.014145884534782,1.010827101849526
57,1.0161023708488481,1.0142784598808037,1.0112182103768903
58,1.0161023708488481,1.0144217966351603,1.0115755959630972
59,1.0161023708488481,1.0143256327475896,1.00860871967526
60,1.0161023708488481,1.014302158620924,1.0114971209113688
61,1.0163315871881293,1.0142551383726213,1.0109074568490648
62,1.016502437100865,1.0145116103953753,1.0109655529886608
63,1.0175626737909402,1.0143950797730839,1.0101486159822095
64,1.0175626737909402,1.0147776253535035,1.0115031846585631
65,1.0175626737909402,1.0147438144933054,1.0114413088034855
66,1.0182773894244477,1.0147316582473827,1.0100536749742557
67,1.0182773894244477,1.01523437643081,1.0111763631922064
68,1.0196502345765146,1.015715556417955,1.0119899432475972
69,1.0196502345765146,1.0159853590877312,1.0119122634598667
70,1.0200149769620326,1.0164426846181955,1.0088637766454365
71,1.0212567452329546,1.0161777651893011,1.0116880867804483
72,1.0213458417163785,1.01647693452707,1.0099205993622198
73,1.0213458417163785,1.01720755927976,1.0129746519999157
74,1.02179774997745,1.0180969626672094,1.0110325349335865
75,1.0219581313663022,1.018789908476314,1.012608078360301
76,1.0220780962360663,1.0199452829178004,1.0137235920947023
77,1.022177118923597,1.02062898397153,1.0156027521316777
78,1.0225851665689278,1.0208666782006317,1.0176567019723435
79,1.0231308567716053,1.0209956923822874,1.0181009846182065
80,1.0231308567716053,1.0209701455439188,1.0171436994198049
81,1.0231308567716053,1.0212080678974182,1.015285455535762
82,1.0231308567716053,1.0214469852520889,1.0181882198008143
83,1.0232456488536867,1.021410209596153,1.0192241674647815
84,1.0233124019985222,1.0213789457468685,1.01862148964215
85,1.0233124019985222,1.0211063504196936,1.0166799827852968
86,1.0233124019985222,1.0213970158861312,1.0183095731776932
87,1.0234382399012627,1.0219332569892585,1.0187376722847095
88,1.0241055841401878,1.021925539020815,1.0153651678670297
89,1.0241055841401878,1.0222346518531733,1.0182594749340246
90,1.0241055841401878,1.0224693477913143,1.018325814475661
91,1.024129956021652,1.022525821499498,1.0152836760597035
92,1.024387618042565,1.022799414731355,1.0211013589209967
93,1.02526075442419,1.0232200516835617,1.0209397030748861
94,1.02526075442419,1.023383296693963,1.0207725789823046
95,1.02526075442419,1.0235822606517906,1.0217182791626376
96,1.0255107522166815,1.0238078435018303,1.0216577311842387
97,1.02591496696582,1.0240266603241617,1.0215994428931796
98,1.02622086570637,1.0244006397752128,1.02182687713114
99,1.0262990344802216,1.02491818224151,1.0224567424346258
100,1.0266838329680208,1.024980930567012,1.0219047067843894
101,1.0266838329680208,1.0249516740975828,1.0218975895790505
102,1.0266838329680208,1.025051155357969,1.0189696707363998
103,1.0266838329680208,1.0253003922318604,1.0225644280448671
104,1.0273277072680695,1.02548963315953,1.0228919895146946
105,1.0277093892793556,1.0256101448360708,1.020331251637727
106,1.0278242656511618,1.0255574143435966,1.0189583073484112
107,1.0279872756514203,1.0255019497817062,1.02055531651877
108,1.0279872756514203,1.0254124188144733,1.0221117651325684
109,1.0279872756514203,1.025310230381166,1.0197395630358046
110,1.0279872756514203,1.0258413905280066,1.0229846882380287
111,1.0279872756514203,1.0258863658683495,1.0214801973201832
112,1.0279872756514203,1.0260853194688757,1.0216874315369207
113,1.0279872756514203,1.0264914544769876,1.0224399098235928
114,1.0281463123619676,1.0266906897366448,1.0226427599180905
115,1.028292927808401,1.0269300029079806,1.0242280944013467
116,1.0283934520959952,1.0272062397536976,1.0247957864177644
117,1.0283934520959952,1.0275270833101229,1.0260600316137891
118,1.028631026807167,1.0276449094857285,1.0256237734715645
119,1.028631026807167,1.0277979726901394,1.025576456151975
120,1.0286469744092024,1.0278766019962442,1.025103179929417
121,1.0290557538609293,1.0278519336920489,1.0237715287034819
122,1.0292577970852945,1.0277619927429869,1.0258123168131936
123,1.0292577970852945,1.0278137801928606,1.024961655033353
124,1.0292577970852945,1.0278574054893008,1.0252547439375834
125,1.0293299810320071,1.028135926568828,1.0255508856958366
126,1.0300556783744894,1.0282892033698345,1.022746394302637
127,1.0300556783744894,1.0282774597313564,1.0251109465766244
128,1.031037467072629,1.0284846063792745,1.0252082215993101
129,1.031037467072629,1.028528633943003,1.0253436350792726
130,1.031113892782486,1.028717088396718,1.0255471275035792
131,1.031113892782486,1.0290484276135583,1.0249520661759273
132,1.031113892782486,1.0288390097062214,1.025074137146468
133,1.031113892782486,1.0290082861040009,1.0227079157668624
134,1.031113892782486,1.0294475332975437,1.0262089567612274
135,1.0313025862173704,1.030007200385807,1.0268699305041031
136,1.0313025862173704,1.0303532969985099,1.028808557638511
137,1.0314683359185208,1.0304435680217912,1.029140914478297
138,1.0315228621384547,1.030555189002839,1.0259387130102273
139,1.0317113679283079,1.0306616829741453,1.0286646615523414
140,1.0325688426893929,1.030780784661868,1.0287182591954311
141,1.0325688426893929,1.0307598318189068,1.0269675815875965
142,1.0327572308275594,1.0309516743629292,1.0272679368602744
143,1.0327572308275594,1.0308229563847173,1.0246648656173258
144,1.0331258356683115,1.0307179595772546,1.018581153529962
145,1.0332153353406563,1.0310178068389817,1.0160433102397417
146,1.0332153353406563,1.0306678081352303,1.0243506129693747
147,1.033455158787874,1.0305589566778617,1.0225130958278361
148,1.033455158787874,1.0299871079298086,1.0187149586859543
149,1.033455158787874,1.0303896061496247,1.021141451658457
150,1.033455158787874,1.0305562317273749,1.0259319506994913
151,1.033455158787874,1.0308235085646782,1.0210716654836944
152,1.033455158787874,1.0304164793633368,1.0266129974390559
153,1.0335259718871022,1.030942128571301,1.0259456823751734
154,1.0344161478372051,1.0317480588430812,1.0290129571616653
155,1.0344161478372051,1.032035657918792,1.02847647219823
156,1.0344161478372051,1.0322343725678662,1.0288077916076175
157,1.0350610565786857,1.0322447638153265,1.0288451143020425
158,1.0350610565786857,1.0322318564153024,1.027107955159431
159,1.0350610565786857,1.0317896121613006,1.0177878226936792
160,1.0350610565786857,1.032103825695938,1.0259556314650387
161,1.0350610565786857,1.0319943870153145,1.026158141525216
162,1.0350610565786857,1.0324673594666067,1.0283629888052621
163,1.0350610565786857,1.0322695290509316,1.0235603878707669
164,1.0353498073369929,1.0325472800650415,1.0290304365963325
165,1.0353498073369929,1.0325553381244454,1.0243905415750247
166,1.0356734867382467,1.0326130476887856,1.0297821210237157
167,1.0358137222380723,1.032890615762922,1.0250531850379134
168,1.0360766952632727,1.033073338802558,1.0299876328487745
169,1.0360766952632727,1.0337625770868317,1.0309341624381974
170,1.0362932817107535,1.0340132535768847,1.0316426039524442
171,1.037086668200388,1.034663471827503,1.0311274423197476
172,1.037086668200388,1.0348166745557528,1.0320228326983818
173,1.0375771262679767,1.0351034335131244,1.0327135302653883
174,1.0375771262679767,1.035434417408934,1.032838504222479
175,1.0375771262679767,1.035419715894821,1.0301759419112524
176,1.0379947976512471,1.0355537279883222,1.0288899199517998
177,1.0379947976512471,1.0354495067813256,1.029100502952688
178,1.0379947976512471,1.035887224061547,1.0323723539900915
179,1.0379947976512471,1.0361462824997698,1.0335841354078412
180,1.0379947976512471,1.0363821045263888,1.0331081005113678
181,1.0379947976512471,1.03641768177964,1.0333108071840846
182,1.0379947976512471,1.0363174488748719,1.0333093079499485
183,1.0383314660480931,1.0363932774161975,1.0312704295347936
184,1.0383314660480931,1.036784999083761,1.0321391915799296
185,1.0383314660480931,1.0368546076218892,1.030605931546393
186,1.0383314660480931,1.0366733754227777,1.0312238760428407
187,1.0383669906786879,1.0363341893867146,1.0328855861683948
188,1.0392339278619445,1.0364533127085915,1.0310798939226253
189,1.0392339278619445,1.0370587674618938,1.0337210590955874
190,1.0392339278619445,1.0370204018734726,1.0280972180041537
191,1.0397161459675233,1.0365941168852617,1.0319486927282135
192,1.0397161459675233,1.0367920734665943,1.0302772480618936
193,1.0397161459675233,1.036732786470367,1.0299120284728813
194,1.0397161459675233,1.0370597651545979,1.0327828969504975
195,1.0401647695846465,1.0376857946229234,1.0340469986536822
196,1.0401647695846465,1.038052183981434,1.033918423588454
197,1.0401647695846465,1.0381944834299495,1.0358433092249082
198,1.0401647695846465,1.0381740377127298,1.0333835411477006
199,1.0401647695846465,1.0380829659179942,1.0326873597518746
200,1.0401647695846465,1.0382672016784256,1.0336455827458875
201,1.0404219720840229,1.038588800034026,1.0351115039848773
202,1.040724536758559,1.0389910737957868,1.0319203535702002
203,1.0408552854325044,1.0393107893910716,1.035861213345603
204,1.0408552854325044,1.03937507977053,1.037145420127728
205,1.0408552854325044,1.0394138842185234,1.0364723904742905
206,1.0408552854325044,1.0393298379731741,1.0361018487932727
207,1.0408552854325044,1.0391261003528107,1.0295070762024232
208,1.0416464707423627,1.039034205862114,1.03429576875566
209,1.0416464707423627,1.0392135382862753,1.0335556719366765
210,1.041796991838558,1.0393261569880623,1.0362273499242813
211,1.041796991838558,1.0396086448359778,1.0350471030872705
212,1.041796991838558,1.0395519099380204,1.0251642435716508
213,1.041796991838558,1.0396574354200354,1.0357655332719062
214,1.041796991838558,1.039927299460347,1.0361335856316152
215,1.0419002807875897,1.0399482967331868,1.0340974196875061
216,1.0420627790848607,1.0400342039035877,1.0349890714920469
217,1.0423846911102461,1.040230620678204,1.0338566755182839
218,1.0423846911102461,1.0401637679608493,1.0308115847251722
219,1.0423846911102461,1.040178465607922,1.0339149527650897
220,1.0423846911102461,1.0402798279334526,1.036904963351884
221,1.0425925756582743,1.0408401820395545,1.0384482211626178
222,1.0425925756582743,1.0408149320362492,1.037897945037471
223,1.0425925756582743,1.040823704981749,1.0374271675713884
224,1.0427073763615944,1.0403661533319946,1.0287713467487762
225,1.043028644192718,1.0404855126829315,1.0323295591352872
226,1.043028644192718,1.0409126137236038,1.0358467626138572
227,1.0433061351441217,1.0409781102306275,1.0339001533552008
228,1.0433061351441217,1.040632539106739,1.0273093391537773
229,1.0433061351441217,1.0402001353373493,1.0172753399518064
230,1.0433272492945473,1.0403549141270516,1.022458396014207
231,1.0433272492945473,1.0404970853805464,1.0336615435810523
232,1.0433272492945473,1.0403759921118911,1.0356838115535658
233,1.0434341279317665,1.0407477892920995,1.0369236926087821
234,1.0438110223979107,1.0412632333905583,1.0357713010575567
235,1.0438110223979107,1.0410076079054937,1.0088448667128924
236,1.0438110223979107,1.0410253174620543,1.036920775170342
237,1.0438110223979107,1.041480684334812,1.0355123521912208
238,1.0438110223979107,1.0411011475642336,1.0346774739925937
239,1.0438110223979107,1.0406564660888185,1.0311972461707255
240,1.0438110223979107,1.0402008434634673,1.0201919476809351
241,1.0438110223979107,1.0400590281087454,1.0280582399451954
242,1.0438110223979107,1.0411884656811596,1.0322611233594856
243,1.0438110223979107,1.0411349225524598,1.0338832094196166
244,1.0440799783131411,1.041690431529157,1.034543623043953
245,1.0441188513930535,1.042520518837662,1.039409393087936
246,1.044869990623747,1.043122567531372,1.0406923230634577
247,1.044869990623747,1.0433704048783157,1.0414905363361733
248,1.044869990623747,1.0432338460554547,1.039855893357722
249,1.044869990623747,1.0432258686817182,1.0408011111718596
250,1.045796945390168,1.0429637072092204,1.0384411284068502
251,1.045796945390168,1.042948273625359,1.036214041618102
252,1.045796945390168,1.0426614971340054,1.0370049076431085
253,1.045796945390168,1.0430612096321017,1.034201313879905
254,1.045796945390168,1.0430591811803087,1.039139652686573
255,1.0461040261617818,1.0436881139375616,1.039548730279986
256,1.0461040261617818,1.0438892353790714,1.0383198279468577
257,1.0462713923670157,1.044069902988359,1.0400167697497027
258,1.0462713923670157,1.0444688428697322,1.040228878643482
259,1.046345754208877,1.0444809453926884,1.041879640200951
260,1.046588171273661,1.0447912178451326,1.0412741390212856
261,1.046588171273661,1.044696650510544,1.040284664411847
262,1.046588171273661,1.0445595575638122,1.035031907538306
263,1.046588171273661,1.0447044493963915,1.040319714360579
264,1.046588171273661,1.044981264104797,1.0414514644991282
265,1.046588171273661,1.044689290016674,1.0414627964248557
266,1.046588171273661,1.0449022146729936,1.0428050345693358
267,1.046588171273661,1.0448225944895702,1.03880646602735
268,1.046588171273661,1.0449327027742341,1.035990872682314
269,1.046588171273661,1.0448491867110237,1.0366275496424517
270,1.0469359697266254,1.0452105421719666,1.0417937393327326
271,1.0469359697266254,1.04525014899512,1.0413842918992589
272,1.0469359697266254,1.0452784931496621,1.0368450938012401
273,1.0469359697266254,1.0453836689352074,1.0415025822070487
274,1.0473275423859878,1.045729749137069,1.043521809789471
275,1.0476494401979064,1.0456644587588564,1.0411236798117243
276,1.0476494401979064,1.045672554951635,1.040213060929933
277,1.0476494401979064,1.045421349110003,1.0400574395422724
278,1.0476494401979064,1.0455365985832323,1.0427406578105816
279,1.0476494401979064,1.0456616869902398,1.0376885475127837
280,1.0476494401979064,1.0456046958858385,1.042724363727734
281,1.0478419546135056,1.0456306380237688,1.041319932984445
282,1.0480790554383845,1.0456818879530378,1.0416846637735886
283,1.0482525552860829,1.0461477298550992,1.0428615718865526
284,1.0482525552860829,1.0464277224852334,1.041939270648734
285,1.048375428165568,1.0465820637410315,1.041134688244205
286,1.048375428165568,1.0465195696704397,1.042329881831518
287,1.048375428165568,1.0465490525998762,1.0408443333771813
288,1.048375428165568,1.046518241121934,1.043715150676709
289,1.048375428165568,1.0467484067726374,1.0427863869376888
290,1.0485976473752103,1.0471374361270396,1.0425744856158752
291,1.048799764281246,1.0474188275499214,1.0431753848881173
292,1.048799764281246,1.04746108312357,1.0446043150142548
293,1.0488846025630467,1.047399275053735,1.0443953260887846
294,1.0490865153126558,1.047208248663348,1.0435200454415623
295,1.0492807869772733,1.0471728439761636,1.0431662816123235
296,1.0492807869772733,1.0468755766727158,1.0420382748486396
297,1.049693297388888,1.0468986276519419,1.042273718735733
298,1.049693297388888,1.0470223732861257,1.0408411631474164
299,1.0498675418846517,1.0471087888686554,1.0444563894482048
300,1.0502513977012995,1.047573828048825,1.0435276395198936
301,1.0505226410596387,1.0478340472913545,1.0427525550206949
302,1.0505226410596387,1.0480456899338757,1.0433887684856107
303,1.0506609532980264,1.048076473176268,1.045263135362534
304,1.0506609532980264,1.0489725171947455,1.0459260261591041
305,1.0506609532980264,1.049243035395056,1.0441108179770686
306,1.0506609532980264,1.0492914017133408,1.046117134016653
307,1.0506609532980264,1.0496944914966313,1.0466398380460435
308,1.0510380517322269,1.0498021195797704,1.0479630850668253
309,1.0513030944315869,1.050007891803626,1.0480941355263307
310,1.0513030944315869,1.0498767418074142,1.045921914063983
311,1.0513030944315869,1.0500274356127912,1.0471056026507775
312,1.0513427326166047,1.0500248727998773,1.0467858491557438
313,1.051796562740129,1.0501967440731093,1.0477731583588206
314,1.051796562740129,1.0503316888772194,1.047574666995809
315,1.051796562740129,1.0502043552920886,1.0467415010464722
316,1.051796562740129,1.0499233699966168,1.0385853358895414
317,1.0520498211505016,1.0497592959455264,1.0449082198142534
318,1.0520498211505016,1.0498463946805077,1.0466159296073085
319,1.0521570206272903,1.0497859420736497,1.0434119424427917
320,1.0521570206272903,1.0499910039112612,1.0460287825674608
321,1.0521570206272903,1.0503544278828365,1.046992418132049
322,1.0527798131437183,1.0505925255916784,1.0480038128855003
323,1.0527798131437183,1.0505379235364682,1.045700031739996
324,1.0527798131437183,1.0500228872236819,1.037251661791716
325,1.0527798131437183,1.0497822915989814,1.0385625965134024
326,1.0527798131437183,1.0501378307039604,1.0441228362843225
327,1.0527798131437183,1.050803641776441,1.0460857170656412
328,1.0527973689987808,1.0507260350215895,1.040484587187054
329,1.0527973689987808,1.0508576304900954,1.046802431871694
330,1.0528813210074377,1.0513978646831377,1.0476822682727476
331,1.053144660542487,1.051754502242765,1.0455699074992029
332,1.0531909852138324,1.0516391831909397,1.0477236361555866
333,1.0531909852138324,1.051886030487199,1.0466642881821286
334,1.053322201974183,1.0515032979118362,1.0413602069325454
335,1.053322201974183,1.0514595072890336,1.0423003440997476
336,1.053322201974183,1.0510309721831694,1.0456450870005973
337,1.053322201974183,1.0504734384744676,1.041606418902476
338,1.053322201974183,1.0501520031725007,1.0375172930445495
339,1.053322201974183,1.0503319619594347,1.044555297239075
340,1.053322201974183,1.0504748142041314,1.0447199729483148
341,1.053353264213046,1.0509700759441045,1.0469605695649893
342,1.053353264213046,1.0510984840200992,1.0474523155419384
343,1.0539544529923093,1.051410484466753,1.0459176573545381
344,1.0539544529923093,1.051533701746481,1.0485264833539694
345,1.0542253955972551,1.0520095292872986,1.0475109558172364
346,1.0542253955972551,1.051558969464811,1.042243768924997
347,1.0542253955972551,1.0512310240806955,1.041565817744101
348,1.0542253955972551,1.050640046309951,1.027277395077523
349,1.0542253955972551,1.050896897723806,1.0435311191370151
350,1.0542253955972551,1.0512047346122393,1.0475916287337994
351,1.054728446120006,1.0515205294478687,1.045877112597982
352,1.054728446120006,1.0517566839565147,1.0483194182746252
353,1.054728446120006,1.052486130221903,1.0493263805083806
354,1.054728446120006,1.052216449767198,1.0485859736504106
355,1.055119787376986,1.0527116077023781,1.0486251055774498
356,1.0554476933516725,1.052819457454312,1.049322529537671
357,1.0554476933516725,1.0525429113434115,1.0458407150709286
358,1.0554476933516725,1.0522179579598316,1.043841612509011
359,1.0554476933516725,1.0524636165337309,1.0463811388179731
360,1.0554476933516725,1.051547178909907,1.0268464497478798
361,1.0554476933516725,1.0514122138355113,1.0195979284200671
362,1.0554476933516725,1.0515353007128376,1.0372133043968734
363,1.0554476933516725,1.0518747448800212,1.0411660374995653
364,1.0554476933516725,1.051698830886756,1.0413128817815978
365,1.0554476933516725,1.0519575106841763,1.0402309281659905
366,1.0554476933516725,1.0521548272118206,1.0471526652377048
367,1.0554476933516725,1.052576910167618,1.0473238623490821
368,1.0555707084041295,1.0534230383963448,1.0469726326369544
369,1.0555707084041295,1.053234564766188,1.0428762126614026
370,1.0555707084041295,1.0529130040525896,1.0431826745107071
371,1.0555707084041295,1.0522994228950953,1.0426198261929576
372,1.0555707084041295,1.053002686148809,1.0487923173015443
373,1.0555707084041295,1.0534212826497706,1.0501842048361554
374,1.055796879155722,1.0537969364264506,1.0504654422452298
375,1.055796879155722,1.0536612370238836,1.0493376796500142
376,1.055796879155722,1.0537688054140752,1.0511346240887571
377,1.055796879155722,1.0536227526071242,1.0503619879504447
378,1.055796879155722,1.0534143850345672,1.0328565035031685
379,1.055796879155722,1.0535817586283505,1.048607325786134
380,1.055796879155722,1.0536641690465003,1.045611365047946
381,1.0562224194359102,1.0539066451403336,1.0494286715312295
382,1.0568273526152345,1.0540300240996887,1.0496651099259873
383,1.0568273526152345,1.054217565407918,1.050641728324003
384,1.0568273526152345,1.053838522032851,1.0471875011636926
385,1.0568273526152345,1.0537488341693373,1.0436477820956638
386,1.0568273526152345,1.053740060290978,1.0439581252128565
387,1.0568273526152345,1.0529504764211952,1.0299302768396494
388,1.0568273526152345,1.0534709142100327,1.0447155072231198
389,1.0568273526152345,1.05359995853004,1.0460836184166422
390,1.0568273526152345,1.0537684800389737,1.0491633362232193
391,1.0568273526152345,1.0538692358424735,1.0415313001053543
392,1.0569337338838805,1.053977002094486,1.0477072984467835
393,1.0569337338838805,1.0542520438154728,1.0460121198766659
394,1.057098803380535,1.054795505020949,1.0481223579852181
395,1.057098803380535,1.055131621602473,1.0510130601303755
396,1.0574275304510186,1.0551119687121884,1.0497793929969903
397,1.0574275304510186,1.0552588544572712,1.0482991425208286
398,1.0574275304510186,1.0551716829067805,1.0505125260576502
399,1.0574275304510186,1.0553049081377104,1.050953916741732
400,1.0574275304510186,1.0548822909808069,1.0466968654998228
401,1.0574275304510186,1.0549453958706971,1.0439562566604565
402,1.0576109066824453,1.0549528583203098,1.0418604707009198
403,1.0576109066824453,1.0548184354328776,1.0463069838562247
404,1.0576109066824453,1.0552273726837835,1.050961875338393
405,1.0583419150692364,1.0557744064879244,1.0504985796657824
406,1.0583419150692364,1.0558231170387933,1.0510484034351144
407,1.0583419150692364,1.0561153721872296,1.053139868232265
408,1.0583419150692364,1.0564955762346502,1.0539185082844607
409,1.0583419150692364,1.0568562121857181,1.0537146217242879
410,1.058716599771071,1.0570553600173846,1.0537349653395576
411,1.058716599771071,1.0572348462378738,1.0544654476062372
412,1.058716599771071,1.0571198569579037,1.0483489088306643
413,1.058716599771071,1.0569045699051107,1.0508319987145331
414,1.059091416464184,1.0567621021286087,1.0542645272929232
415,1.059091416464184,1.0569643369430282,1.0503842375951735
416,1.059091416464184,1.057054018170441,1.0491209986231478
417,1.059091416464184,1.0569728729411727,1.051089538594331
418,1.059091416464184,1.0570087098772165,1.0525665620854314
419,1.059091416464184,1.0567970337796224,1.051422059128664
420,1.059091416464184,1.0565666506775977,1.0440236220872803
421,1.059091416464184,1.0572176865425087,1.0523980249922302
422,1.059091416464184,1.057205645028852,1.0544500578059157
423,1.0591231148594422,1.0573343872905054,1.052017197716682
424,1.0591231148594422,1.0572335315919028,1.049940870048463
425,1.0591231148594422,1.0571277880859122,1.0497929000608708
426,1.0591231148594422,1.0573253932687239,1.0483010254293499
427,1.0592138550098316,1.05747671404304,1.0550545454453597
428,1.0592138550098316,1.057373015998461,1.0535657949065849
429,1.059470481691956,1.0575909943195483,1.054038384724638
430,1.059470481691956,1.0575614914141342,1.0537194734113533
431,1.059470481691956,1.0576388645899604,1.0506587804193015
432,1.0595690220981437,1.0572909650523135,1.0516848910662724
433,1.0595690220981437,1.0572611114590336,1.0491003734611346
434,1.0595690220981437,1.056914764653033,1.0405554683761329
435,1.0595690220981437,1.057248136983408,1.0528683120940385
436,1.0595690220981437,1.057169712120724,1.0538437707751365
437,1.0595690220981437,1.057182459129156,1.0520669359813573
438,1.0600551695929066,1.0566832527584051,1.0422126041396147
439,1.0600551695929066,1.0567773982519975,1.0519423997680128
440,1.0600551695929066,1.0570658688061023,1.0533020627413237
441,1.0600551695929066,1.0578057714810098,1.0524413460621835
442,1.0603084923326522,1.0573012517504645,1.049300373714818
443,1.0603084923326522,1.0571763937421712,1.0446023144437335
444,1.0603084923326522,1.0563514127695424,1.029582030519684
445,1.0603084923326522,1.0566651403079104,1.0519561916719815
446,1.0603084923326522,1.056462674655061,1.0462100908064151
447,1.0603084923326522,1.056950260033961,1.0505327698018445
448,1.0603084923326522,1.0570370434042073,1.0485979731115442
449,1.0604102435853504,1.0571472694352362,1.0512486132111964
450,1.0604102435853504,1.057346358486559,1.0507392126625534
451,1.0606830001805254,1.05762282218859,1.0514149283138932
452,1.0606830001805254,1.0576377393158638,1.0496888856458648
453,1.0606830001805254,1.0575906141329978,1.0538483355454875
454,1.0606830001805254,1.0579349151860662,1.049646713387148
455,1.0606830001805254,1.058026909761164,1.051556041188512
456,1.0606830001805254,1.0583856313798565,1.0536396814344455
457,1.0615549776130693,1.0586788026838676,1.054815397654663
458,1.0615549776130693,1.058420885632299,1.0499240513273003
459,1.0615549776130693,1.0588679796104712,1.054522014485837
460,1.0615549776130693,1.0591557216857068,1.0548585956339096
461,1.0615549776130693,1.059064255033529,1.054851922989042
462,1.0615549776130693,1.0586192318103307,1.04917624104781
463,1.0615549776130693,1.0586646222801743,1.0487494316526325
464,1.0615549776130693,1.0586544884146607,1.054990362006297
465,1.0615549776130693,1.0593261218850507,1.0558201591958407
466,1.0615549776130693,1.0594973115873823,1.0567259602366998
467,1.0615549776130693,1.0594123329547198,1.056185981674235
468,1.0615549776130693,1.059225443666759,1.0561315304124956
469,1.061834003524602,1.0592684854260819,1.0526930171606559
470,1.061935048351281,1.0593896418769184,1.0542408443099016
471,1.061935048351281,1.0594316536389767,1.0512730730131021
472,1.061935048351281,1.0587416335599005,1.050810742599932
473,1.061935048351281,1.0588106185551487,1.0535119982988261
474,1.061935048351281,1.0588623951275533,1.05116141058796
475,1.061935048351281,1.0586545931549673,1.054243907510649
476,1.062127972124503,1.0597499313473218,1.0537786786278749
477,1.062127972124503,1.0599339620263635,1.0547219419385572
478,1.0626690742242437,1.0603848147140333,1.0558439153744914
479,1.0626690742242437,1.0601315385139525,1.0552918720978948
480,1.0626690742242437,1.059446927731098,1.0517702703971832
481,1.0626690742242437,1.0598519777298983,1.0565736980497822
482,1.0626690742242437,1.0597984692410531,1.0559207260729369
483,1.0626690742242437,1.0597174627411334,1.0521598771101388
484,1.0626690742242437,1.059424046110099,1.051678369656838
485,1.0626690742242437,1.0596359840335128,1.0521080225894175
486,1.0626690742242437,1.059902450168068,1.0503407318062912
487,1.0626690742242437,1.0603331113540397,1.0529199950490304
488,1.0626690742242437,1.0602258421013628,1.0571144311426137
489,1.0626690742242437,1.0598227899143988,1.0449299951433029
490,1.0626690742242437,1.0596663516390443,1.0541873085279088
491,1.0626690742242437,1.0602430271117251,1.0501058107047867
492,1.0626690742242437,1.0600081050036825,1.052560829328611
493,1.0626690742242437,1.0603958274378043,1.0517693156915473
494,1.0626690742242437,1.0608734518234895,1.0576305390521674
495,1.0626690742242437,1.061196558907223,1.0576858405749618
496,1.0629042433204097,1.0611391686757137,1.0503548410493688
497,1.0629042433204097,1.061030764506755,1.053987532616709
498,1.0629042433204097,1.0607490223403446,1.0557823514179179
499,1.0629042433204097,1.0606326701135067,1.0577708491185773
500,1.0629042433204097,1.0601355417337943,1.0553147930696292
501,1.0629042433204097,1.0601699041733632,1.0558145383863031
502,1.0629042433204097,1.060035062206042,1.0537318824520439
503,1.0629042433204097,1.0598815727676192,1.054153476998762
504,1.0629042433204097,1.0594054819402063,1.0542580383304245
505,1.0629042433204097,1.0595141468241867,1.0550905449842887
506,1.0629042433204097,1.0595946382271166,1.0531680042092608
507,1.0629042433204097,1.0595726452008576,1.0501122645765237
508,1.0629042433204097,1.0592484748524262,1.045701183463612
509,1.0629042433204097,1.0593874772298408,1.0498415287406055
510,1.0629042433204097,1.0591294396061217,1.0473053080567705
511,1.0629042433204097,1.0585175242433915,1.0432318714128657
512,1.0629042433204097,1.0582317185032135,1.0370184303381398
513,1.0629042433204097,1.058656480172506,1.0493111363494951
514,1.0629042433204097,1.058661297984099,1.0501749988334579
515,1.0629042433204097,1.0578660100556088,1.0490726110518613
516,1.0629042433204097,1.0586147957847816,1.0511238176406736
517,1.0629042433204097,1.0589752674550534,1.0534957418805448
518,1.0629042433204097,1.0592946197464097,1.0527591530068796
519,1.0629042433204097,1.0600631374755003,1.055606619554251
520,1.063312769713987,1.0608007026865809,1.0546346967070253
521,1.063312769713987,1.0606047131223446,1.0560567370668557
522,1.063312769713987,1.060865912912366,1.0481928339733664
523,1.063312769713987,1.0603967306039044,1.0504724280909508
524,1.063312769713987,1.0602572420553418,1.0531742904991392
525,1.06333427406706,1.0601018047715587,1.0530628165657743
526,1.06333427406706,1.0602272994346496,1.05585717641442
527,1.06333427406706,1.0605820685408465,1.053155862536023
528,1.06333427406706,1.0600501853501347,1.0465256093543895
529,1.06333427406706,1.05997360660909,1.049520654127806
530,1.0635976457005398,1.0604063755793836,1.054580395135781
531,1.0635976457005398,1.0612822235322208,1.0571065271556377
532,1.063673069155239,1.0615201233073064,1.055749430725112
533,1.063673069155239,1.0608444330111118,1.0538571009425164
534,1.0636877430998664,1.0613370022286504,1.0557138864691498
535,1.0636877430998664,1.0612542481503724,1.0507193323319581
536,1.0636877430998664,1.0616361605096416,1.0577764406302428
537,1.0636877430998664,1.0618474424081468,1.0583595357209292
538,1.0636877430998664,1.0615444017873283,1.0544388052940032
539,1.0636877430998664,1.0611592741360367,1.0571760140488724
540,1.0636877430998664,1.06116944030014,1.0560648281007674
541,1.0636877430998664,1.0614095836119395,1.056344028057985
542,1.0636877430998664,1.0611906260977648,1.0543477104866723
543,1.0636877430998664,1.0612444540190829,1.057622269423314
544,1.0636877430998664,1.0611792494476346,1.0559891102672512
545,1.0636877430998664,1.0615420300751877,1.0590719781367801
546,1.0636877430998664,1.061643623923218,1.0545972086687583
547,1.0636877430998664,1.0616275220996416,1.0569528470112983
548,1.0638501446495328,1.0616558158921814,1.0553449312308352
549,1.0638501446495328,1.0617104132830641,1.0492756885592793
550,1.0638501446495328,1.0616494975650768,1.056071796076484
551,1.0638501446495328,1.0613031613836927,1.0511392322427107
552,1.0638501446495328,1.0614474900111548,1.0583633555353422
553,1.0638501446495328,1.0623686869407403,1.0590169903981608
554,1.0638501446495328,1.0626177916875241,1.0580312552544902
555,1.063939553763832,1.0624969776683595,1.0572530311215007
556,1.063939553763832,1.0626963296795575,1.0591236172022938
557,1.0640773476697074,1.0625368773594837,1.055775724520113
558,1.0640773476697074,1.0624421453747854,1.0533742130139068
559,1.0640773476697074,1.0621982310098665,1.0565242104570514
560,1.064129198203772,1.0627075124866887,1.0582267324182402
561,1.064129198203772,1.0629361214992992,1.0579394385902081
562,1.064129198203772,1.0625970743021105,1.0590828862975266
563,1.064129198203772,1.062812187821969,1.0587877475559968
564,1.0647071107418058,1.0628030382398321,1.0555837563734918
565,1.0647071107418058,1.062395536282809,1.0546555677064129
566,1.0647071107418058,1.062523220462314,1.0564633093778226
567,1.0647071107418058,1.0625988412189062,1.057846922155901
568,1.0647071107418058,1.0618670077404508,1.044477805478199
569,1.0647071107418058,1.0618818993955843,1.0439291721852249
570,1.0647071107418058,1.0619211247175007,1.052565850011463
571,1.0647071107418058,1.0616185654098629,1.0576845236667212
572,1.0647071107418058,1.0622107950153659,1.0548820082722483
573,1.0647071107418058,1.06190558104319,1.0522092966171304
574,1.0647071107418058,1.0623223097198569,1.0584807830973977
575,1.0647071107418058,1.062164063186911,1.0548475536389126
576,1.064722077199161,1.0625126756960213,1.0556626859129765
577,1.0651052792866462,1.0625908161060689,1.0591178865994637
578,1.0651052792866462,1.062499585651991,1.058356344425298
579,1.0651297343904844,1.0624721611546337,1.0567692515263185
580,1.0651297343904844,1.0625214660499582,1.056517158469284
581,1.0651297343904844,1.0627342456892888,1.0586943250830898
582,1.0651297343904844,1.063277834238361,1.05942357314757
583,1.0651297343904844,1.063553567537269,1.0592236420459966
584,1.0651297343904844,1.0636608558369793,1.0605709021376033
585,1.0651297343904844,1.063740956385066,1.0612464595268625
586,1.0651297343904844,1.0633377192755666,1.0546210784040668
587,1.0651297343904844,1.0633568844743455,1.056434342454439
588,1.0651297343904844,1.0630370995556266,1.0584553632345428
589,1.0651297343904844,1.0629990901723967,1.0570750982092472
590,1.0651297343904844,1.0629396858131033,1.055349704835355
591,1.0651297343904844,1.062400795322026,1.0520441283563318
592,1.0651297343904844,1.0623189693383641,1.051498003251501
593,1.0651297343904844,1.0626655873167834,1.0568281381533122
594,1.0651297343904844,1.06302873252017,1.0581165783520334
595,1.0651297343904844,1.0632420808091048,1.0593906034627467
596,1.0651297343904844,1.0630671364706208,1.0566198506170261
597,1.0652401880406424,1.0633734005564963,1.060030702458937
598,1.0652401880406424,1.0638202876925948,1.0612206567124804
599,1.0652401880406424,1.0634393882661353,1.0609222805257486
600,1.0652401880406424,1.0635046745392267,1.0587881804428383
601,1.0652401880406424,1.0632050199244505,1.0562745251832044
602,1.0652401880406424,1.0632894093420657,1.0591821268489414
603,1.0652401880406424,1.0634622431472356,1.0603073698424557
604,1.0656638819195074,1.0634189336462854,1.0579166327938492
605,1.0658677673668415,1.0637216194533117,1.0587341731846103
606,1.0658677673668415,1.063663164925267,1.0546002098022518
607,1.0658677673668415,1.0634919198922888,1.058589028001472
608,1.0658677673668415,1.0640079758443843,1.059000044906183
609,1.0658677673668415,1.0643079235995199,1.0607900406233142
610,1.0658677673668415,1.0643142644684158,1.0591512396112213
611,1.0658677673668415,1.064177280972477,1.0572967481715985
612,1.0658677673668415,1.0641847724865157,1.0593495945816405
613,1.0660408349688184,1.063953937876994,1.0558471593517462
614,1.0660408349688184,1.0640512434309162,1.060225261898644
615,1.0660408349688184,1.0643831314917453,1.0607375948286228
616,1.0660408349688184,1.0641233550790303,1.0588206514266791
617,1.0660408349688184,1.0639387473901372,1.0590966882572082
618,1.066334300684435,1.063967381872628,1.0587638650217823
619,1.066334300684435,1.0643431693267562,1.0585979344935972
620,1.066334300684435,1.0645305554175872,1.0619034222385801
621,1.066334300684435,1.0646194398851847,1.058380802009407
622,1.066334300684435,1.0645637195673847,1.056405900545594
623,1.066334300684435,1.0643634588914481,1.0567998608053812
624,1.066523562899026,1.0642048966898812,1.0597697579928256
625,1.066523562899026,1.0643938304176437,1.0602933588402041
626,1.066523562899026,1.0642790557486592,1.0487624890177187
627,1.066523562899026,1.0644759777295905,1.0577808376648088
628,1.066523562899026,1.0642933078614125,1.0565533225085384
629,1.066523562899026,1.0642321307959297,1.0580247611569105
630,1.066523562899026,1.0645252776700453,1.0616003544517776
631,1.066523562899026,1.0647583311872666,1.04987069338898
632,1.066523562899026,1.0644725245601745,1.0603916092930032
633,1.066523562899026,1.0644276976365545,1.0562493067614436
634,1.066523562899026,1.0642601860400938,1.058183302690928
635,1.066523562899026,1.064271578311384,1.0573192493901897
636,1.066523562899026,1.0641355764959208,1.047046174611178
637,1.066523562899026,1.064460949994821,1.0610584223947996
638,1.066523562899026,1.0644644080803347,1.0609052133399173
639,1.066523562899026,1.0643828356438167,1.056118173276078
640,1.066523562899026,1.0641456124978603,1.0578293750877859
641,1.066523562899026,1.0637010425306164,1.0523877217738962
642,1.066523562899026,1.0640190382778234,1.0505188849427745
643,1.066523562899026,1.0646994127829352,1.0582322764991021
644,1.066523562899026,1.0646700384063876,1.061520032543062
645,1.066523562899026,1.06478876354604,1.0604695952782746
646,1.066523562899026,1.0646213046447683,1.0585209334894783
647,1.066523562899026,1.0647564109754875,1.0581727444082734
648,1.066523562899026,1.0647213398236557,1.0591497188147574
649,1.066523562899026,1.0642676340704806,1.059995752925783
650,1.0666385805092806,1.064624122384443,1.0597999603712331
651,1.0666385805092806,1.0643823852124976,1.0530883624662644
652,1.0666385805092806,1.0638245675802487,1.0587596751239998
653,1.0666385805092806,1.0637632884201917,1.0550578036213758
654,1.0666385805092806,1.063398701955155,1.040435869587997
655,1.0666385805092806,1.0636032001537883,1.0579883626726834
656,1.0666385805092806,1.0635247426850167,1.0561848823736308
657,1.0666385805092806,1.0633927631268196,1.051674572169123
658,1.0666385805092806,1.0633396069136352,1.0489950593000983
659,1.0666385805092806,1.063271142385448,1.0516224464360575
660,1.0666385805092806,1.063733584560428,1.0576783310389368
661,1.0666385805092806,1.0640834570381985,1.0603658035340113
662,1.0666385805092806,1.0644219838181486,1.05785577730888
663,1.0666385805092806,1.0643676705660114,1.058626061015004
664,1.0666784206620483,1.0645625254730118,1.0575098976600432
665,1.0666784206620483,1.0646790911859554,1.0583971961218885
666,1.0666784206620483,1.0647773256626065,1.059861929950635
667,1.0666784206620483,1.0653562980712064,1.0625685084475616
668,1.0666784206620483,1.0655161111613747,1.0606723004241716
669,1.0666784206620483,1.0656142014017849,1.0633045735163094
670,1.0668421397790455,1.065906846447242,1.0637718320044036
671,1.0668421397790455,1.065948404065339,1.0620566837187035
672,1.0668421397790455,1.0659767600449832,1.0635725733518755
673,1.0670903506166871,1.0657053278263993,1.062012489890055
674,1.0670903506166871,1.0655246736593493,1.0592607843109167
675,1.0670903506166871,1.0656110717653484,1.0624585262530584
676,1.0670903506166871,1.0652169320185692,1.0592536794238514
677,1.0670903506166871,1.0653479133090966,1.0620626348232625
678,1.0670903506166871,1.065252120134722,1.0602339123524693
679,1.0670903506166871,1.0651740563656613,1.0615434120923442
680,1.0670903506166871,1.0649289139215323,1.060820991970032
681,1.0670903506166871,1.0648612001768436,1.058024911205511
682,1.0670903506166871,1.0650742233176878,1.0604196211856305
683,1.0670903506166871,1.065388863045164,1.0602358247977217
684,1.0670903506166871,1.065418785004607,1.0622344815269278
685,1.0670903506166871,1.0654091602689724,1.0575472743737344
686,1.0670903506166871,1.065664703136506,1.0578954110683125
687,1.0670903506166871,1.0652153049054665,1.061039321329433
688,1.0670903506166871,1.0653786726419947,1.0614249827313764
689,1.0670903506166871,1.0653186412941216,1.0604450840581783
690,1.0670903506166871,1.0654623044772717,1.0595257461429848
691,1.0670903506166871,1.0652518409530773,1.0600805653081011
692,1.0670903506166871,1.0647319782637004,1.058818277500495
693,1.0670903506166871,1.0653311835372237,1.0603710895337042
694,1.0670903506166871,1.065497157588651,1.0601667140206608
695,1.0674009388741381,1.065923435740267,1.0628089295305037
696,1.0674009388741381,1.0660666433215675,1.0635254469663031
697,1.0674009388741381,1.065904437757815,1.062138451781813
698,1.0674009388741381,1.0657209120629956,1.0615345538096932
699,1.0674009388741381,1.0657713869009446,1.0583545832544652
700,1.0674009388741381,1.0656356510379497,1.0600533466680409
701,1.0674009388741381,1.0658142706778617,1.0606066490516821
702,1.0674009388741381,1.0659244554306404,1.061777501288848
703,1.0674009388741381,1.065961542818588,1.0613186968618136
704,1.0674009388741381,1.0654168447830434,1.057671326737
705,1.0674009388741381,1.0650934696959735,1.0583006589388164
706,1.0674009388741381,1.0641311460022016,1.0515977941915613
707,1.0674009388741381,1.0642853679265405,1.0561140779806792
708,1.0674009388741381,1.0644869955784466,1.0521770356567601
709,1.0674009388741381,1.0642815080478574,1.0597626987136726
710,1.0674009388741381,1.0645633482773529,1.0582795533720297
711,1.0675162750141531,1.06488027725738,1.0588848225956888
712,1.0675162750141531,1.0651666411489997,1.0618099111745651
713,1.0675162750141531,1.0649687284511686,1.0583398599812524
714,1.0675505481569902,1.0653729225433897,1.0608224929119627
715,1.0675505481569902,1.0653604191290593,1.0584771609925796
716,1.0679244888490307,1.0652755199270194,1.0614923583303348
717,1.0679244888490307,1.065592487056388,1.0606285397497248
718,1.0679244888490307,1.065308508524211,1.059058020720564
719,1.0679244888490307,1.0645650786742678,1.0561360834570452
720,1.0679244888490307,1.0642338276871852,1.0551341244698305
721,1.0679244888490307,1.0640608398227283,1.0573451175862671
722,1.0679244888490307,1.0638609587263956,1.0571090672764725
723,1.0679244888490307,1.0641075599745002,1.057620038045888
724,1.0679244888490307,1.0642181861900084,1.0462691387262808
725,1.0679244888490307,1.064109043982228,1.0418402169905965
726,1.0679244888490307,1.0641787191568313,1.0555312838032993
727,1.0679244888490307,1.063642141609177,1.0490302581122073
728,1.0679244888490307,1.0633490215885768,1.044128705804518
729,1.0679244888490307,1.062817713347951,1.0457277028008636
730,1.0679244888490307,1.0634154908843272,1.0484761586574498
731,1.0679244888490307,1.0630122799428283,1.052849320440754
732,1.0679244888490307,1.0638030512472256,1.0586620525275368
733,1.0679244888490307,1.064855307900729,1.0601673129205431
734,1.0679244888490307,1.0655801601826937,1.0614933447085053
735,1.0679244888490307,1.0654577337223463,1.0548535175246712
736,1.0679244888490307,1.065712036219047,1.0605528798971045
737,1.0679244888490307,1.065883570920889,1.0601782459306113
738,1.0679244888490307,1.0664109871512337,1.0617444708433585
739,1.0679244888490307,1.0664287907229215,1.0593271693986486
740,1.0679244888490307,1.0663351004076667,1.0591970937065653
741,1.0681605812777322,1.0661431432596467,1.0594273024735288
742,1.0681605812777322,1.0657894053223462,1.0612589782315458
743,1.0681605812777322,1.0658221896241882,1.0579138341214578
744,1.0681605812777322,1.0659420137649194,1.0581621265022583
745,1.0681605812777322,1.0655807136388884,1.0606067868729876
746,1.0681605812777322,1.065936975959489,1.0607544808944847
747,1.0681605812777322,1.0658681402359655,1.0609850016279838
748,1.0681605812777322,1.0659128848853388,1.0621316811019095
749,1.0681605812777322,1.0659840940470695,1.062445933035652
750,1.0681605812777322,1.0661996555227582,1.0610168134040037
751,1.0681605812777322,1.066215737658108,1.0608011093759142
752,1.0681605812777322,1.0662492277531612,1.060035052176413
753,1.0681605812777322,1.0659346478600646,1.0609477440392605
754,1.0681605812777322,1.0654503170211558,1.0576416893779759
755,1.0681605812777322,1.0652140910649934,1.0568731190223857
756,1.0681605812777322,1.064991461512481,1.0536081099502432
757,1.0681605812777322,1.0650016555938318,1.060389415971386
758,1.0681605812777322,1.0652129152690293,1.0615895246516776
759,1.0681605812777322,1.0651498413026637,1.060394942215225
760,1.0681605812777322,1.0653983158877598,1.0617688748859047
761,1.0681605812777322,1.065860695919019,1.0609654018517127
762,1.0681605812777322,1.0656278262830208,1.062333584654448
763,1.0681605812777322,1.065558978840937,1.0592410359600284
764,1.0681605812777322,1.065393170956775,1.0604535469738772
765,1.0681605812777322,1.0660980814072292,1.0579209566664685
766,1.0681605812777322,1.0661523750772506,1.0595286556320123
767,1.0681605812777322,1.066188378366767,1.0588947397639454
768,1.0681605812777322,1.0656469318054511,1.0559586109955488
769,1.0681605812777322,1.0651408629450685,1.0575553899934875
770,1.0681605812777322,1.0645240754207925,1.0540507876168763
771,1.0681605812777322,1.0644324908767617,1.054080145138447
772,1.0681605812777322,1.0640043967875807,1.0394594492785452
773,1.0681605812777322,1.0648095253303067,1.049190928908012
774,1.0681605812777322,1.0637048134006983,1.0418900869266117
775,1.0681605812777322,1.0637827480533952,1.031342671172697
776,1.0681605812777322,1.0644933915048551,1.0493172978933907
777,1.0681605812777322,1.065179939015873,1.0577971202537249
778,1.0681605812777322,1.065080664231056,1.054672100314913
779,1.0681605812777322,1.0650074262570026,1.0571459425978083
780,1.0681605812777322,1.0654072979075875,1.0577102253082087
781,1.0681605812777322,1.0652799285141104,1.0577076865184047
782,1.0681605812777322,1.065378682098271,1.0572346943853135
783,1.0681605812777322,1.06529691190959,1.0557922309152328
784,1.0681605812777322,1.066268497669481,1.0596137154724519
785,1.0681605812777322,1.0662719400826441,1.0614297529381045
786,1.0681605812777322,1.0660838504333523,1.0539152188112806
787,1.0681605812777322,1.0657516379199083,1.0553334089352935
788,1.0681605812777322,1.0657553970752744,1.0606494107368851
789,1.0681605812777322,1.0658826324611277,1.060792832714389
790,1.0681605812777322,1.0655585135146246,1.0600918489339852
791,1.0681605812777322,1.0657888044843034,1.0626591822219873
792,1.0681605812777322,1.066279474122424,1.058084639524211
793,1.0681605812777322,1.0663016039367335,1.0633451232376636
794,1.0681605812777322,1.06631245250448,1.0517098328148353
795,1.0681605812777322,1.0664810558171784,1.0626026314830934
796,1.0681605812777322,1.066537152798749,1.0625001460776735
797,1.0681605812777322,1.0663862323590358,1.0639514304060214
798,1.0681605812777322,1.0666696725814737,1.0635974745664678
799,1.0681605812777322,1.0668405254984148,1.0621311753632259
800,1.0681605812777322,1.0664949068460299,1.060390851077325
801,1.0681605812777322,1.0664707042849384,1.0596648214319764
802,1.0681605812777322,1.0665476532776863,1.0626350263754125
803,1.0681605812777322,1.0660749060209358,1.0613037659375912
804,1.0681605812777322,1.0660359122401672,1.055230195298591
805,1.0681605812777322,1.065864084654452,1.0582011463389507
806,1.0681605812777322,1.0656153030582052,1.0603430762469892
807,1.0681605812777322,1.0653058963260766,1.0606137161808418
808,1.0681605812777322,1.0657840923908177,1.0605352378102693
809,1.0681605812777322,1.065986039029866,1.057691001037426
810,1.0681605812777322,1.0657012795447833,1.0563755539873767
811,1.0681605812777322,1.0660228374792686,1.0622286033248565
812,1.0681605812777322,1.066598903138527,1.062915257311764
813,1.0681605812777322,1.06693056285705,1.0625818311785518
814,1.0681605812777322,1.066970936350775,1.062182147241926
815,1.0681605812777322,1.066615529660933,1.057794977163663
816,1.0681605812777322,1.0668168224453054,1.0628757691749164
817,1.0681605812777322,1.0663653132231554,1.0532651579088395
818,1.0681605812777322,1.065258792667533,1.0551083120932132
819,1.0681605812777322,1.0660274908609284,1.0595425540816967
820,1.0681605812777322,1.066079621035314,1.0608015468761556
821,1.0681605812777322,1.0667316492839494,1.0622660294965192
822,1.0681605812777322,1.0665488568337924,1.0629417280889601
823,1.0681605812777322,1.0661928498479505,1.0612199672040497
824,1.0681605812777322,1.0660492635196428,1.058469601107643
825,1.0681605812777322,1.0657685699825974,1.0574732867991483
826,1.0681605812777322,1.06579958085066,1.0622491727160164
827,1.0681605812777322,1.0661194976098538,1.0624764464119516
828,1.0681605812777322,1.0664318251488187,1.0589891210617801
829,1.0681605812777322,1.0662203723405599,1.0627512965468155
830,1.0681605812777322,1.066724368412647,1.0639820346276725
831,1.0681605812777322,1.0665501174203358,1.0603377530422264
832,1.0681605812777322,1.0661439051538755,1.0542773426055343
833,1.0681605812777322,1.0657399244880852,1.0548553614087468
834,1.0681605812777322,1.06556213570867,1.0574347608414765
835,1.0681605812777322,1.0657952553243861,1.062006036237804
836,1.0681605812777322,1.0654594647178808,1.0478945471009566
837,1.0681605812777322,1.0654628822096952,1.0581939688987636
838,1.0681605812777322,1.0650085612760543,1.0566701876855
839,1.0681605812777322,1.0648590727682155,1.0580156511009557
840,1.0681605812777322,1.064661791201535,1.0586818730268956
841,1.0681605812777322,1.0654779284681886,1.0465880342112308
842,1.0681605812777322,1.0662266397273625,1.0589584656775686
843,1.0681605812777322,1.0664988201406034,1.059767744040924
844,1.0681605812777322,1.0663012024613254,1.0616741884411887
845,1.0681605812777322,1.0664263681943462,1.0583762212230943
846,1.0681605812777322,1.066670508970256,1.062178948612289
847,1.0681605812777322,1.0660683829319166,1.0615079472333044
848,1.0681605812777322,1.065784642807564,1.0592135704369883
849,1.0681605812777322,1.065767916838439,1.0588822195034766
850,1.0681605812777322,1.066420431466196,1.062289883418725
851,1.0681605812777322,1.066724358985273,1.0633308279858944
852,1.0681605812777322,1.066606646211116,1.0602564862683932
853,1.0681605812777322,1.066235784783977,1.0558273292707299
854,1.0681605812777322,1.0659124627648113,1.0608274207683412
855,1.0681605812777322,1.0660901051654244,1.0623877534356958
856,1.0681605812777322,1.0664436961154053,1.0586356887542783
857,1.0681605812777322,1.0665231340872268,1.0612821809133386
858,1.0681605812777322,1.0663492712968743,1.0622323711564272
859,1.0681605812777322,1.0667370820036512,1.0622333609709254
860,1.0681605812777322,1.0664940203868605,1.062593489888122
861,1.0681605812777322,1.0668404008139099,1.0628216245967415
862,1.0681605812777322,1.0667861041906805,1.0589401095482784
863,1.0681605812777322,1.066752890366893,1.064038435447537
864,1.0681605812777322,1.066772418262853,1.0634496035664585
865,1.0681605812777322,1.0670549743767426,1.0648153408621415
866,1.0681605812777322,1.066781774363524,1.06329908167811
867,1.0681605812777322,1.0667203601868274,1.058477926951292
868,1.0681605812777322,1.0658707863984647,1.0590154150111966
869,1.0681605812777322,1.065229799749149,1.0506728139803165
870,1.0681605812777322,1.0644474750004136,1.020619174993706
871,1.0681605812777322,1.0649246665281675,1.0581927469460415
872,1.0681605812777322,1.0658911748370066,1.0593299490781256
873,1.0681605812777322,1.0658753785129635,1.0613714616609866
874,1.0681605812777322,1.06615775534633,1.058046702479119
875,1.0681605812777322,1.065911460983106,1.054105409841008
876,1.0681605812777322,1.065922836514921,1.0606507837312429
877,1.0681605812777322,1.0654875438912752,1.0610256870850465
878,1.0681605812777322,1.0654781836075535,1.0559601234366451
879,1.0681605812777322,1.065698379920747,1.0606795518056829
880,1.068304360124552,1.0657072096996503,1.0591112469135777
881,1.068304360124552,1.0656140892695878,1.0613985594882147
882,1.068304360124552,1.065784958633474,1.0626805314419951
883,1.068304360124552,1.0657680223054675,1.0588355617086471
884,1.068304360124552,1.0659717863996216,1.055075376492172
885,1.068304360124552,1.0658725601228725,1.0608170949768376
886,1.068304360124552,1.0663060295885733,1.0589513117017912
887,1.068304360124552,1.0663867079298763,1.0603795897322223
888,1.068304360124552,1.0662347055021202,1.062745536602772
889,1.068304360124552,1.0663244398775624,1.0620239853794886
890,1.068304360124552,1.0663754030300907,1.0608415167859184
891,1.068304360124552,1.0659502230218054,1.0590645859526244
892,1.068304360124552,1.0661379436472735,1.0609399362608571
893,1.068304360124552,1.0667677748451707,1.0610938379867985
894,1.068304360124552,1.0666492446708298,1.061407306839186
895,1.068304360124552,1.0662481828073938,1.0590705548899568
896,1.068304360124552,1.0659250789750372,1.0613363887460707
897,1.068304360124552,1.0657950560205465,1.0598434107273493
898,1.068304360124552,1.066242891736595,1.061351495354933
899,1.068304360124552,1.06655105684597,1.0605821986795962
900,1.068304360124552,1.066475766814983,1.061593926211596
901,1.068304360124552,1.0663784812901556,1.0574607661636322
902,1.068304360124552,1.066354810228259,1.06201065034141
903,1.068304360124552,1.0660719991278198,1.059105239651676
904,1.068304360124552,1.0655457405138962,1.0600591033671516
905,1.068304360124552,1.0657593247761978,1.0602749358141446
906,1.068304360124552,1.065513623478173,1.0580384861089032
907,1.068304360124552,1.0653524916256971,1.0611495659268468
908,1.068304360124552,1.065050811370766,1.0554841425561037
909,1.068304360124552,1.0643584978620069,1.0559078758132352
910,1.068304360124552,1.0645518681513322,1.0538951659590372
911,1.068304360124552,1.0647575479942875,1.0470829194491071
912,1.068304360124552,1.0636748892492291,1.052624912538259
913,1.068304360124552,1.0628426477103576,1.0418037800536135
914,1.068304360124552,1.0617080722072956,1.0417099138612802
915,1.068304360124552,1.0614125753313557,1.043061994856206
916,1.068304360124552,1.0614728698575306,1.0491187504228265
917,1.068304360124552,1.0626693694369873,1.0461253274987503
918,1.068304360124552,1.0627611705289275,1.0480542065641905
919,1.068304360124552,1.0633914307772305,1.0493817948002129
920,1.068304360124552,1.063346556813143,1.0512008380083715
921,1.068304360124552,1.0629449510229927,1.049537097429095
922,1.068304360124552,1.0631671451816915,1.0483114382448093
923,1.068304360124552,1.0637947136793509,1.048816877688487
924,1.068304360124552,1.0638240835944845,1.0546561235216168
925,1.068304360124552,1.0647664980698337,1.0598499776114079
926,1.068304360124552,1.0656283950311753,1.0596270757358361
927,1.068304360124552,1.0656307904149962,1.0590537461757896
928,1.068304360124552,1.0658744903959458,1.0582874759800753
929,1.068304360124552,1.0656336641625268,1.0615735837696245
930,1.068304360124552,1.066253738954191,1.0620014025651618
931,1.068320379556117,1.0661906798597127,1.0632179985132428
932,1.068320379556117,1.0663487883165255,1.0625099779893294
933,1.068320379556117,1.066236915927914,1.0615044670230183
934,1.068320379556117,1.0663713038489042,1.0517595156875057
935,1.068320379556117,1.0659239226289947,1.0572974054349014
936,1.068320379556117,1.0660861396548653,1.0577283296955002
937,1.068320379556117,1.0660746628258964,1.0579530630393716
938,1.068320379556117,1.0660041063491348,1.0591155885819465
939,1.068320379556117,1.0661009839266895,1.0592805033078903
940,1.068320379556117,1.0660394972554033,1.0604122764350183
941,1.068320379556117,1.0661739424158618,1.0609461865359797
942,1.068320379556117,1.065852163735869,1.0605606557442775
943,1.068320379556117,1.0659292808311676,1.058623842570968
944,1.068320379556117,1.0660090524966668,1.061314142835461
945,1.068320379556117,1.0660459530525301,1.0626047232056572
946,1.068625140201736,1.0666417505517476,1.0637335493910638
947,1.068625140201736,1.0668389851011604,1.0642003201738277
948,1.068625140201736,1.066885787883255,1.063806189175407
949,1.068625140201736,1.0671161783231198,1.062075084990826
950,1.068625140201736,1.0669922795672364,1.0626006918705941
951,1.068625140201736,1.0668546953307276,1.0614294696407605
952,1.068625140201736,1.0667861894226172,1.0633210684016432
953,1.0686377165724268,1.067067552626768,1.060277645017135
954,1.0686377165724268,1.0665801633682028,1.060665765423657
955,1.0686377165724268,1.0662494817468158,1.054529918906868
956,1.0686377165724268,1.0658420517260776,1.0566017517158566
957,1.0686377165724268,1.065578411401794,1.057033580591112
958,1.0686377165724268,1.0657735518586202,1.0490289869063942
959,1.0686377165724268,1.0659838469787348,1.0602402210757416
960,1.0686377165724268,1.0657111998704278,1.059961380604094
961,1.0686377165724268,1.0654693155038835,1.060131986912705
962,1.0686377165724268,1.065807365979914,1.0591631836085873
963,1.0686377165724268,1.0664958891778107,1.0615464524429394
964,1.0686377165724268,1.067111062132379,1.0638142908149508
965,1.0686377165724268,1.0671425136854453,1.0628118700048719
966,1.0686377165724268,1.0670804145824457,1.0623782652331126
967,1.0686521246644454,1.0667161133802427,1.060496116497369
968,1.0686521246644454,1.0664248745041163,1.0559525172797615
969,1.0686521246644454,1.0661432230279855,1.0584182764866634
970,1.0686521246644454,1.0661981220788654,1.062493376399593
971,1.0687845704065957,1.0665179475592186,1.061705480833016
972,1.0688060438255902,1.066602671090097,1.062416555391398
973,1.0688060438255902,1.0673450658098738,1.0624378211934864
974,1.0688060438255902,1.0673553038501682,1.0627946422047712
975,1.0688060438255902,1.0676275788595007,1.0637376652066148
976,1.0688060438255902,1.0675719823873324,1.0606839075344747
977,1.0688060438255902,1.0669351152426918,1.0543153524624396
978,1.0688273103138313,1.067056689557083,1.0606307966075084
979,1.0688273103138313,1.0663220562637115,1.0538457919868482
980,1.0688273103138313,1.0662661930812556,1.061482688187813
981,1.0688273103138313,1.0669531500218101,1.0629182442815832
982,1.0688273103138313,1.0672027256784238,1.0626658260334612
983,1.0688273103138313,1.0673623036052802,1.0616937247837581
984,1.0688273103138313,1.0668354194283272,1.06100654873824
985,1.068869533105635,1.0665666639813371,1.060228124782087
986,1.068869533105635,1.0666936290450981,1.0622704233328306
987,1.068869533105635,1.0669157808454954,1.0621950853827875
988,1.068869533105635,1.0669733376008872,1.063897276254516
989,1.068869533105635,1.0672529762353995,1.0629247665645747
990,1.068876490475884,1.0679127486616846,1.0643974075740856
991,1.068876490475884,1.0676920236869607,1.061384916267406
992,1.068876490475884,1.0672118495166643,1.0619517092100845
993,1.068876490475884,1.0674423400347874,1.0623138475346279
994,1.0688847540853441,1.067384755334984,1.0568044907439442
995,1.0688847540853441,1.0669274483185944,1.0445385641006808
996,1.0688847540853441,1.067030945806309,1.055865192119041
997,1.0689045663264183,1.0659431888646056,1.048322753466847
998,1.0689092427562554,1.0653804627831236,1.0544466644819515
999,1.0689092427562554,1.0659861775180068,1.0549761829256354
1000,1.0689092427562554,1.0664680468474061,1.058462163825128
1001,1.0689092427562554,1.0661949870982839,1.0598490902055755
1002,1.0689092427562554,1.0666617321094207,1.058550723255966
1003,1.0689092427562554,1.066568223038717,1.0590936621792175
1004,1.0689092427562554,1.0665977071253319,1.0544266511213425
1005,1.0689092427562554,1.066852837694981,1.0604842900030576
1006,1.0689092427562554,1.0668572565814247,1.0614797292378957
1007,1.0689092427562554,1.0666572868888808,1.058069763308533
1008,1.0689092427562554,1.0663791887298766,1.056046400720874
1009,1.0689092427562554,1.0656003301850896,1.0368333028106236
1010,1.0689092427562554,1.0668312223587402,1.0553554383510022
1011,1.0689092427562554,1.0665627399016264,1.0603011548775045
1012,1.0689092427562554,1.0665331402943652,1.0591089552337172
1013,1.0689092427562554,1.0663744822881984,1.058044519908046
1014,1.0690407423371362,1.066927083229028,1.0598351155522518
1015,1.0690407423371362,1.0668233378294856,1.061897884728734
1016,1.0690407423371362,1.0671965703251738,1.0549725464518365
1017,1.0690407423371362,1.0668049019122043,1.0604077693992349
1018,1.0690407423371362,1.0667889428880526,1.0624804361118794
1019,1.0690407423371362,1.0666820942564403,1.0599311325392757
1020,1.0690407423371362,1.0661802953007897,1.054064597413183
1021,1.0690407423371362,1.0656676940557546,1.059044957872338
1022,1.0690407423371362,1.065939012443468,1.0610812757064332
1023,1.0690407423371362,1.066252216773031,1.055687850852245
1024,1.0690407423371362,1.0662181466439684,1.0592865502334132
1025,1.0690407423371362,1.066031762411231,1.0591029631871605
1026,1.0690407423371362,1.0663954942828815,1.0614242887699705
1027,1.0690407423371362,1.0664047081386732,1.0617870513254775
1028,1.0690407423371362,1.0664769386328954,1.0582369157954317
1029,1.0690407423371362,1.0667864612345812,1.0582570314462765
1030,1.0690407423371362,1.0666390937784695,1.0625924463981913
1031,1.0690407423371362,1.0664429959482085,1.0600036440445888
1032,1.0690407423371362,1.0667245772392422,1.0597015810194577
1033,1.0690407423371362,1.0668714268935886,1.0585429729536653
1034,1.0690407423371362,1.0672833656950202,1.0596261029436265
1035,1.0690407423371362,1.0666785031420911,1.057677237766375
1036,1.0690407423371362,1.0669097883083691,1.0636411305172446
1037,1.0690407423371362,1.066736156930214,1.06245561212034
1038,1.0690407423371362,1.0666308299047722,1.0616262907021319
1039,1.0690407423371362,1.0665960298749675,1.060749445256435
1040,1.0690407423371362,1.0666180632193685,1.0597505746373739
1041,1.0690407423371362,1.066529876352259,1.062153351266867
1042,1.0690407423371362,1.0662076268012235,1.0569919548556723
1043,1.0690407423371362,1.0660847032944185,1.060713133861472
1044,1.0690407423371362,1.066406399443255,1.0601611352343951
1045,1.0690407423371362,1.06659880416657,1.0624932537572385
1046,1.0690407423371362,1.0669957712552232,1.0620324048293868
1047,1.0690407423371362,1.0675805715258249,1.059890190957317
1048,1.0690407423371362,1.0677765639052819,1.0634751155865632
1049,1.0690407423371362,1.0680359491649754,1.0630380847349534
1050,1.0690407423371362,1.0680030223220514,1.062802447580757
1051,1.0690407423371362,1.0676572870424963,1.0610329692057154
1052,1.0690407423371362,1.067627049626226,1.063290949910752
1053,1.0690407423371362,1.0674589784210793,1.0629038256579548
1054,1.0690800606377504,1.067036908189524,1.0546521252356473
1055,1.0690800606377504,1.066824076524981,1.0599175372058083
1056,1.0690800606377504,1.0667487220188763,1.059715504314394
1057,1.0690800606377504,1.0667360805998918,1.0617474248823129
1058,1.0690800606377504,1.0667648231246418,1.0620708616658763
1059,1.0690800606377504,1.0666797509692787,1.062482109610615
1060,1.0690800606377504,1.066510387550941,1.0611018469101487
1061,1.0690800606377504,1.0661821962143263,1.062224253831046
1062,1.0690800606377504,1.0667814129718594,1.0566259861320046
1063,1.0690800606377504,1.0667290716215991,1.0606514576228627
1064,1.0690800606377504,1.06625696261881,1.0593603254565056
1065,1.0690800606377504,1.0662172214156245,1.055836812285894
1066,1.0690800606377504,1.0659228202361677,1.0506973108756044
1067,1.0690800606377504,1.0666043807040801,1.0605655176001538
1068,1.0690800606377504,1.0667150214309802,1.061429371782662
1069,1.0690800606377504,1.0665544779932659,1.060345272662478
1070,1.0690800606377504,1.0666898395871351,1.0524536435787977
1071,1.0690800606377504,1.0661152335682602,1.056351436084021
1072,1.0690800606377504,1.065972454634221,1.05160807949526
1073,1.0690800606377504,1.0660684592957272,1.0572680237758312
1074,1.0690800606377504,1.066155431897175,1.0598827383490375
1075,1.069133423902059,1.0665041268900517,1.0611063789285269
1076,1.069133423902059,1.0667340037737394,1.0609925597019882
1077,1.069133423902059,1.0672365737538572,1.0640268615985682
1078,1.069133423902059,1.0674580854846933,1.0637313167622988
1079,1.069133423902059,1.0677895570548144,1.0639536855210117
1080,1.0692129988770556,1.0677272875426322,1.0619714281236994
1081,1.0692129988770556,1.0674890424097925,1.0637312885488797
1082,1.0692129988770556,1.067165435480824,1.0601786127773822
1083,1.0692129988770556,1.0671439896930677,1.0639587888593376
1084,1.0692129988770556,1.0674260690174049,1.0627019789130034
1085,1.0692129988770556,1.067327768313118,1.0623116630732101
1086,1.0692129988770556,1.0671914662283983,1.0639339618855375
1087,1.0694903790175991,1.0671766408119947,1.0595163224007247
1088,1.0694903790175991,1.066631849990889,1.0550958297686712
1089,1.0694903790175991,1.0662151082432676,1.0556517888606307
1090,1.0694903790175991,1.0656758508507913,1.0580844416975457
1091,1.0694903790175991,1.0654039318995672,1.060597815223916
1092,1.0694903790175991,1.065355318861296,1.0575486745409366
1093,1.0694903790175991,1.0660497198643553,1.0586510608380646
1094,1.0694903790175991,1.0666474461479165,1.0612337240248553
1095,1.0694903790175991,1.0667947017977788,1.061640250427493
1096,1.0694903790175991,1.0667742414290773,1.0582218685257483
1097,1.0694903790175991,1.0666562318889699,1.0549926503396228
1098,1.0694903790175991,1.0664815121141036,1.052975142970508
1099,1.0694903790175991,1.065919673204374,1.0545576072188276
1100,1.0694903790175991,1.0654859329055966,1.0533796638571706
1101,1.0694903790175991,1.065981064088175,1.0598932917725108
1102,1.0694903790175991,1.0665402790395175,1.061251968727246
1103,1.0694903790175991,1.0663208056252529,1.0573016547799858
1104,1.0694903790175991,1.0666108659615856,1.0606541034323533
1105,1.0694903790175991,1.0667123891852646,1.0626168491037775
1106,1.0694903790175991,1.0667187152370294,1.057937703039537
1107,1.0694903790175991,1.0665077394610991,1.0614141088213862
1108,1.0694903790175991,1.0666014181382528,1.0597468519082094
1109,1.0694903790175991,1.066635739126705,1.0587452382167288
1110,1.0694903790175991,1.0660011097442728,1.0557347109073443
1111,1.0694903790175991,1.066580294929565,1.0577321651955511
1112,1.0694903790175991,1.066931433075358,1.060527825256822
1113,1.0694903790175991,1.0668629356216763,1.058885279959087
1114,1.0694903790175991,1.0668108113384076,1.0605180867215966
1115,1.0694903790175991,1.0660406016887694,1.0581646048237086
1116,1.0694903790175991,1.0662301747482603,1.0603436539641005
1117,1.0694903790175991,1.0669848167568505,1.0629061485075009
1118,1.0694903790175991,1.066904826026424,1.0614132153350053
1119,1.0694903790175991,1.0669967894967192,1.0596245880683222
1120,1.0694903790175991,1.0666514427985823,1.0473927947209316
1121,1.0694903790175991,1.0658330142477295,1.051731333987372
1122,1.0694903790175991,1.0653584409721328,1.0446223512501078
1123,1.0694903790175991,1.066412169617969,1.0610235508784187
1124,1.0694903790175991,1.0675991729401104,1.0627764378844584
1125,1.0694903790175991,1.067776163195581,1.063574557531022
1126,1.0694934581185325,1.0679284213213518,1.0625093724207118
1127,1.0694934581185325,1.0675278379330135,1.0608135484411119
1128,1.0694934581185325,1.0671583286859845,1.0624420073225678
1129,1.0694934581185325,1.066534272842179,1.0472872536280229
1130,1.0694934581185325,1.0662661314201183,1.060702639079412
1131,1.0694934581185325,1.0663217203575157,1.0562576190745592
1132,1.0695239203247981,1.0653266064390063,1.0545886678004477
1133,1.0695239203247981,1.0659624113630448,1.0549760831271864
1134,1.0695239203247981,1.0665062980941817,1.0604824972801445
1135,1.0695239203247981,1.0668801247748374,1.0604698419374277
1136,1.0695239203247981,1.0670976630034992,1.0608763462499091
1137,1.0695239203247981,1.0670195743806494,1.0625498468929728
1138,1.0695239203247981,1.0671423757222027,1.0597290167290163
1139,1.0695239203247981,1.0668773126830562,1.0626766306886364
1140,1.0695239203247981,1.0675198814645233,1.0638976814818648
1141,1.0695239203247981,1.067650685794679,1.0627882729085814
1142,1.0695239203247981,1.0678548158337597,1.0644180822288214
1143,1.0695239203247981,1.0675952727458675,1.0623206508000889
1144,1.0695239203247981,1.0676485316720807,1.0634041439373736
1145,1.0695239203247981,1.0676289329535003,1.0607725217620787
1146,1.0695239203247981,1.0681529148903217,1.062698760655754
1147,1.0695239203247981,1.0683685922363666,1.0638648949091303
1148,1.0695239203247981,1.0682892365622187,1.064950144626006
1149,1.0695239203247981,1.0681920131146858,1.0631499764731944
1150,1.0695239203247981,1.0673504641140523,1.051696329096242
1151,1.0695239203247981,1.0671121699216004,1.0581577096416355
1152,1.0695239203247981,1.0673449047420538,1.0570385629934798
1153,1.0695239203247981,1.0670751998099228,1.0512289223626134
1154,1.0695239203247981,1.0670054192056417,1.0540284281791703
1155,1.0695239203247981,1.066655367941755,1.05806535372939
1156,1.0695239203247981,1.0667426005811234,1.0576647359534461
1157,1.0695239203247981,1.0663913749758371,1.0512335873546252
1158,1.0695239203247981,1.0666930541244344,1.0600512033703176
1159,1.0695239203247981,1.0672531855471064,1.0631824011464968
1160,1.0695239203247981,1.067803861710671,1.0604644367052467
1161,1.0695239203247981,1.0674590941460738,1.0627278162062275
1162,1.0695239203247981,1.0675259416985967,1.059536705979172
1163,1.0695239203247981,1.0675474447523938,1.061054700519956
1164,1.0695239203247981,1.0674742045937597,1.0600488206021375
1165,1.069524671501334,1.067488192138556,1.064342412666999
1166,1.069524671501334,1.067667986808359,1.064505820525831
1167,1.069524671501334,1.0680444672008618,1.0653063958438154
1168,1.069524671501334,1.068008391419613,1.0648759167729642
1169,1.069524671501334,1.067946619423684,1.0632040011261106
1170,1.069524671501334,1.0679157195866376,1.0617828165397012
1171,1.069524671501334,1.0678469058842133,1.0615350464658022
1172,1.0695728652784562,1.067830619831975,1.0647889159895398
1173,1.0695728652784562,1.0680208167422132,1.0643892888182385
1174,1.069790788312536,1.067300816562139,1.0618095899444246
1175,1.069790788312536,1.0675169437883938,1.0610775992135255
1176,1.069790788312536,1.0670545283702797,1.0618661160633538
1177,1.069790788312536,1.0664107907176361,1.0565605310457888
1178,1.069790788312536,1.0664265327244948,1.0593344852926396
1179,1.069790788312536,1.0668074715861382,1.0469633404573155
1180,1.069790788312536,1.0670180161752247,1.0575513849603828
1181,1.069790788312536,1.0678005228711738,1.0627293698069402
1182,1.069790788312536,1.067786306461899,1.0637282213791126
1183,1.0697966970633033,1.068007203604077,1.065006968648844
1184,1.0697966970633033,1.068054176690176,1.0633711485873267
1185,1.0697966970633033,1.068224680372398,1.059897160940905
1186,1.0697966970633033,1.0682058037902598,1.0592740410499695
1187,1.0697966970633033,1.068222775999078,1.0643327886684364
1188,1.0697966970633033,1.0680506965209364,1.0649224732709688
1189,1.0697966970633033,1.0680873300630822,1.0653002982757176
1190,1.0697966970633033,1.068373461154647,1.0648219607437743
1191,1.069977697929216,1.0682114908587854,1.063609965410398
1192,1.069977697929216,1.068158575263884,1.0641034583754374
1193,1.069977697929216,1.0678402029830896,1.0618044847644865
1194,1.069977697929216,1.067624870656268,1.0608859036154796
1195,1.069977697929216,1.066949227735249,1.0531243455169625
1196,1.069977697929216,1.0668850774612582,1.055392377500538
1197,1.069977697929216,1.0656363081154372,1.053823305397981
1198,1.069977697929216,1.065630081205217,1.0573345013315243
1199,1.069977697929216,1.0657403424713936,1.0576537262432464
1200,1.069977697929216,1.0662784935904364,1.0588902388902928
1201,1.069977697929216,1.0670219913597037,1.062549182345812
1202,1.069977697929216,1.0671521835651014,1.061323335570981
1203,1.069977697929216,1.0672334813132247,1.0600077476977317
1204,1.069977697929216,1.0677947528128824,1.062631003098589
1205,1.069977697929216,1.0681580846717935,1.0617596714741873
1206,1.069977697929216,1.0684656320579409,1.0627556901213682
1207,1.069977697929216,1.06788294906359,1.0614612216767527
1208,1.069977697929216,1.0671266540658382,1.0600654878866038
1209,1.069977697929216,1.0671771408276,1.056212846747853
1210,1.069977697929216,1.0667588081584172,1.0494310486794531
1211,1.069977697929216,1.065882613621821,1.0509456241307689
1212,1.069977697929216,1.0653070712432884,1.0335453625607385
1213,1.069977697929216,1.0651733342807033,1.053561578332883
1214,1.069977697929216,1.0646189742685142,1.051531519055147
1215,1.069977697929216,1.064775644063073,1.047616942940012
1216,1.069977697929216,1.065376195848277,1.0554387530636473
1217,1.069977697929216,1.0657439060992904,1.0599601031564905
1218,1.069977697929216,1.0659769290691314,1.054423265593103
1219,1.069977697929216,1.06538148724257,1.0570998174243342
1220,1.069977697929216,1.0654582445673348,1.057700156458039
1221,1.069977697929216,1.0657830979959582,1.0503353982046515
1222,1.069977697929216,1.0659876734561424,1.0581983399913153
1223,1.069977697929216,1.067087366924846,1.0609274806884075
1224,1.069977697929216,1.0675537041662742,1.061573868705286
1225,1.069977697929216,1.0674470285781315,1.0617808997403795
1226,1.069977697929216,1.0672316594814384,1.0607022575458984
1227,1.069977697929216,1.066729936988576,1.0591172132904603
1228,1.069977697929216,1.0671478480075935,1.05903140753497
1229,1.069977697929216,1.067183042570489,1.0613735870816265
1230,1.069977697929216,1.067387030187375,1.0620899489545024
1231,1.069977697929216,1.0673536743109107,1.0628012120718588
1232,1.069977697929216,1.0669609486002463,1.0477992481593965
1233,1.069977697929216,1.0670738701732956,1.0570016369203232
1234,1.069977697929216,1.067146242341025,1.0566119767562703
1235,1.069977697929216,1.0674632541063507,1.0587670876030768
1236,1.069977697929216,1.067342386913778,1.0571048524950795
1237,1.069977697929216,1.0675549912806919,1.0633780506657309
1238,1.069977697929216,1.0674820826550355,1.0593527131325666
1239,1.069977697929216,1.0670783577557075,1.0590497837792716
1240,1.069977697929216,1.0674997404607824,1.063068653884599
1241,1.069977697929216,1.0674517016517628,1.0620007794528652
1242,1.069977697929216,1.0669830447638369,1.0607705208413052
1243,1.069977697929216,1.0677625522852952,1.0573517304661946
1244,1.069977697929216,1.0673446043982604,1.0601788549966564
1245,1.069977697929216,1.0672559219232598,1.0597561448634847
1246,1.069977697929216,1.0669439362924507,1.0609733230148324
1247,1.069977697929216,1.0671039433177945,1.06187649508189
1248,1.069977697929216,1.067232379083615,1.0602610117486655
1249,1.069977697929216,1.0672115744626467,1.0635629369934947
1250,1.069977697929216,1.067868083664612,1.0649752047139793
1251,1.069977697929216,1.0683474586544224,1.0602705900349911
1252,1.069977697929216,1.06805104800898,1.0629223012475868
1253,1.069977697929216,1.0682230748255264,1.0652826113745613
1254,1.069977697929216,1.0680697906301402,1.065533896277021
1255,1.069977697929216,1.0675881693509555,1.060584789552118
1256,1.069977697929216,1.0679670822696805,1.0615586449853822
1257,1.069977697929216,1.0674232533749768,1.056818475205433
1258,1.069977697929216,1.0673398961761191,1.0579588406156293
1259,1.069977697929216,1.0670020510659326,1.0483696699620284
1260,1.069977697929216,1.0673049184904853,1.0586236276757173
1261,1.069977697929216,1.0674091581441618,1.0615673712617575
1262,1.069977697929216,1.067842365644713,1.0620504731336986
1263,1.069977697929216,1.0681287278457454,1.0630680033816693
1264,1.069977697929216,1.0683660693858306,1.0639644505465582
1265,1.069977697929216,1.0677882480587038,1.0593247282199054
1266,1.069977697929216,1.066896918110819,1.0476040856205282
1267,1.069977697929216,1.0663063254979084,1.058923135311887
1268,1.069977697929216,1.0656216111092263,1.049648232051756
1269,1.069977697929216,1.0667863233299137,1.0566147912845705
1270,1.069977697929216,1.0671534594662853,1.0593179617395727
1271,1.069977697929216,1.0678922306523544,1.0624663512191588
1272,1.069977697929216,1.068183143183775,1.0638394133672295
1273,1.069977697929216,1.0682173178379744,1.055874019606152
1274,1.069977697929216,1.0682495785053945,1.0630136103840788
1275,1.069977697929216,1.0684557365715712,1.0636842441067305
1276,1.069977697929216,1.0678070163692714,1.061485508442018
1277,1.070040224480557,1.0672553652056258,1.0579138758932363
1278,1.070040224480557,1.0672810427507873,1.0571845737983894
1279,1.070040224480557,1.0670140592150723,1.0582475193665126
1280,1.070040224480557,1.066807192331073,1.0615796358082223
1281,1.070040224480557,1.0660950210110212,1.0600163846285664
1282,1.070040224480557,1.0658426351851378,1.0504483549497654
1283,1.070040224480557,1.0656853522677514,1.031549033883274
1284,1.070040224480557,1.0673410315271534,1.062711968903776
1285,1.070040224480557,1.0679779880827405,1.0639027632411484
1286,1.070040224480557,1.0686932882063664,1.064829082093306
1287,1.070040224480557,1.0689545986436146,1.0653635274563156
1288,1.070040224480557,1.0687065009319816,1.0631187019041937
1289,1.070040224480557,1.0690371189647643,1.063538356956811
1290,1.070040224480557,1.0691142588441536,1.0653140081275916
1291,1.070040224480557,1.0689004763207006,1.0653484323174105
1292,1.070040224480557,1.0686654694588733,1.0640184016461256
1293,1.070040224480557,1.0684911019154462,1.064920934954232
1294,1.070040224480557,1.0687190664685429,1.0656290376183422
1295,1.070040224480557,1.0688160302383891,1.0646382960017913
1296,1.070040224480557,1.0683563183068145,1.0600984053052116
1297,1.070040224480557,1.0686058051438725,1.0649971569169725
1298,1.070040224480557,1.068823147963259,1.064803672278813
1299,1.070040224480557,1.0685257396912105,1.0650730928076928
1300,1.070040224480557,1.0684745221708318,1.064724525993423
1301,1.070040224480557,1.068154298212239,1.0599439453454713
1302,1.070040224480557,1.0683613347454906,1.0623967663627152
1303,1.0700712810394246,1.068626194764484,1.0655065872126674
1304,1.0700712810394246,1.068662153311129,1.064147274238147
1305,1.0700712810394246,1.0679464936054828,1.0502479469174384
1306,1.0700712810394246,1.067588462488057,1.057344848606682
1307,1.0700712810394246,1.067321549061279,1.061142512325362
1308,1.0700712810394246,1.0668170037549387,1.0549727126647626
1309,1.0700712810394246,1.0669203119678636,1.0548777816387913
1310,1.0700712810394246,1.0663866683256154,1.0542564052413237
1311,1.0700712810394246,1.0663969241085511,1.0585073542388552
1312,1.0700712810394246,1.0668320981229729,1.05668171274432
1313,1.0700712810394246,1.0667354617234326,1.060120710049174
1314,1.0700712810394246,1.0672138089951984,1.0625121682237038
1315,1.0700712810394246,1.0678057230302749,1.062998419761169
1316,1.0700712810394246,1.0679187012880276,1.0617707146117223
1317,1.0702997562903984,1.068082666917161,1.0615839977920742
1318,1.0702997562903984,1.068449155042167,1.059944259622017
1319,1.0702997562903984,1.0681023203923337,1.0477601689714038
1320,1.0702997562903984,1.0684849504014964,1.0594045830487007
1321,1.0702997562903984,1.0686677352558263,1.0624993405349523
1322,1.0702997562903984,1.0679179152832696,1.0579520383860617
1323,1.0702997562903984,1.0675095548937266,1.0569788684866541
1324,1.0702997562903984,1.0678469731217741,1.0619178831075293
1325,1.0702997562903984,1.0678266382121777,1.0635854275245447
1326,1.0702997562903984,1.067522851184668,1.064064325694114
1327,1.0702997562903984,1.0672992567707416,1.0608855987055403
1328,1.0702997562903984,1.0674947035427285,1.0609564359981045
1329,1.0702997562903984,1.0679318377718316,1.060917337300707
1330,1.0702997562903984,1.0674331919956086,1.0589857018663724
1331,1.0702997562903984,1.0670771623138307,1.051070565497346
1332,1.0702997562903984,1.0666798532930837,1.0523058992513419
1333,1.0702997562903984,1.0669676698438102,1.0625700402778184
1334,1.0702997562903984,1.0678325833993365,1.0579887674724144
1335,1.0702997562903984,1.0679154231471144,1.0612700258721608
1336,1.0702997562903984,1.0678299527074748,1.0571768346013695
1337,1.0702997562903984,1.067900241675819,1.060485076849628
1338,1.0702997562903984,1.0674491141601585,1.0583142521849236
1339,1.0702997562903984,1.0670969222512776,1.0568615661128593
1340,1.0702997562903984,1.0669336888745535,1.051627335015979
1341,1.0702997562903984,1.066578473387934,1.055928235395925
1342,1.0702997562903984,1.0667936265338438,1.0579162520334644
1343,1.0702997562903984,1.06749920478648,1.06151174196931
1344,1.0702997562903984,1.067293604354071,1.0504423744469316
1345,1.0702997562903984,1.0675849744923618,1.0538573421300261
1346,1.0702997562903984,1.0672283768421242,1.0576074150790562
1347,1.0702997562903984,1.0673529653454141,1.0592718082641333
1348,1.0702997562903984,1.0672352961284193,1.0527527657903877
1349,1.0702997562903984,1.0668440078285217,1.050415250004101
1350,1.0702997562903984,1.0667748108768356,1.0409262247988207
1351,1.0702997562903984,1.0668937350763736,1.0530617750293843
1352,1.0702997562903984,1.067508302477571,1.0574016407187672
1353,1.0702997562903984,1.0674774210329976,1.0602037194585288
1354,1.0702997562903984,1.0672303422071863,1.0487820762581537
1355,1.0702997562903984,1.0669822380745473,1.0583313056353825
1356,1.0702997562903984,1.0669727520118029,1.0600831406170044
1357,1.0702997562903984,1.067184582261457,1.0595449388478966
1358,1.0702997562903984,1.067475802518188,1.060313204600531
1359,1.0702997562903984,1.068205051285494,1.0643906319572563
1360,1.0702997562903984,1.068665006904296,1.0633958685469609
1361,1.0702997562903984,1.0687248476839606,1.0637527855948876
1362,1.0703044435440012,1.0688624180377122,1.0629661582734389
1363,1.0703044435440012,1.0686679328429805,1.0633414798903245
1364,1.0703044435440012,1.0684587007532702,1.0619432866140839
1365,1.0703044435440012,1.0679729285173922,1.0535824337835396
1366,1.0703044435440012,1.0681802342182796,1.0633563870113198
1367,1.0703044435440012,1.068143156465524,1.0626607199083922
1368,1.0703044435440012,1.0683301535903522,1.0618124436737628
1369,1.0703044435440012,1.068006168801923,1.060970716526078
1370,1.0703044435440012,1.0679752753050213,1.064071886530991
1371,1.0703044435440012,1.067753679730761,1.0631884400998244
1372,1.0703044435440012,1.0683204020162789,1.064123674444818
1373,1.0703044435440012,1.068561499276492,1.06437593293755
1374,1.0703044435440012,1.0687938404038162,1.0638839521110568
1375,1.0703044435440012,1.0689163429692559,1.0649172197336947
1376,1.0703044435440012,1.0688859076865642,1.0635001398618085
1377,1.0703044435440012,1.0688867825758337,1.0648134771023117
1378,1.0703044435440012,1.068720997294624,1.0619068540133165
1379,1.0703044435440012,1.0686243749475193,1.0624444405045823
1380,1.0703044435440012,1.068439548874707,1.0646596347115185
1381,1.0703044435440012,1.0687140592314086,1.0648794670284407
1382,1.0703044435440012,1.0686612103515944,1.0633082764110744
1383,1.070433087891036,1.0685743375512606,1.0619275433587538
1384,1.070433087891036,1.0682090178947243,1.062464914004725
1385,1.070433087891036,1.0672579437254424,1.055870768165387
1386,1.070433087891036,1.066500578505066,1.0570969563268264
1387,1.070433087891036,1.0665665466374306,1.0518532244319212
1388,1.070433087891036,1.0668029358612197,1.0561934795441419
1389,1.070433087891036,1.0671209367920853,1.0572038555858754
1390,1.070433087891036,1.0672179098278338,1.0534164615073762
1391,1.070433087891036,1.0671114913660993,1.0496169652229619
1392,1.070433087891036,1.066793411546754,1.0571093075219153
1393,1.070433087891036,1.067272781966667,1.0579234736139747
1394,1.070433087891036,1.067624831908343,1.0529088963592064
1395,1.070433087891036,1.0675215777877214,1.0608305598062815
1396,1.070433087891036,1.0673042896429918,1.0605367465405544
1397,1.070433087891036,1.067173632379779,1.0591284077766978
1398,1.070433087891036,1.0673310660120425,1.0601877786361498
1399,1.070433087891036,1.0679039433504132,1.0638339805052859
1400,1.070433087891036,1.067924556693004,1.062974309393421
1401,1.070433087891036,1.0684529074346987,1.0626582429026454
1402,1.070433087891036,1.0690021161367689,1.0659646469878117
1403,1.070433087891036,1.0689420791453406,1.0658254659248139
1404,1.070433087891036,1.0691520447589746,1.0662552157333762
1405,1.070433087891036,1.0689378368323037,1.0650788405999774
1406,1.070433087891036,1.069086670388821,1.0657009752478734
1407,1.070433087891036,1.0688978038365107,1.0667075447276277
1408,1.070433087891036,1.0684184640694883,1.056470367242746
1409,1.070433087891036,1.06800498728637,1.054763636583845
1410,1.070433087891036,1.0678843207595232,1.0526198744317234
1411,1.070433087891036,1.0679837622279464,1.0573856153421684
1412,1.070433087891036,1.068225175943152,1.0614097070909119
1413,1.070433087891036,1.0684257056282254,1.0647039832791805
1414,1.070433087891036,1.0685836554022448,1.0656714064353912
1415,1.070433087891036,1.068834887864081,1.0645225012334767
1416,1.070433087891036,1.0687474503654142,1.0659369212034897
1417,1.070433087891036,1.069125184488152,1.0636443938484272
1418,1.070433087891036,1.0690920707304563,1.0664870646379003
1419,1.070433087891036,1.0690940416084251,1.066210458041905
1420,1.070433087891036,1.0690159605664002,1.0641100194798259
1421,1.070433087891036,1.0687807676128873,1.0654045504866865
1422,1.070433087891036,1.0682826573376407,1.058890200411644
1423,1.070433087891036,1.0679896640666735,1.059301905158228
1424,1.070433087891036,1.0677261266959766,1.061664513958207
1425,1.070433087891036,1.0676070987141617,1.0549737893424445
1426,1.070433087891036,1.0678706740414077,1.0573535453041574
1427,1.0706059219522084,1.0675119259315884,1.0599170321988232
1428,1.0706059219522084,1.0678322113609757,1.0615007122506532
1429,1.0706059219522084,1.0676491720635644,1.062227511674576
1430,1.0706059219522084,1.0677553810127636,1.0618376265892837
1431,1.0706059219522084,1.0677123722878288,1.0598057825779303
1432,1.0706059219522084,1.0677408786539595,1.0629876998503893
1433,1.0706059219522084,1.0679928358400448,1.0639386097646104
1434,1.0706059219522084,1.068441135850625,1.0618446943609459
1435,1.0706059219522084,1.0685323659139119,1.0626796536308414
1436,1.0706059219522084,1.0681452774079607,1.0642281417686217
1437,1.0706059219522084,1.0681235363536579,1.0608817984835037
1438,1.0706059219522084,1.0681377972041044,1.0637712905123535
1439,1.0706059219522084,1.068177439431002,1.064082545615821
1440,1.0706059219522084,1.0687497114230249,1.0653829885074115
1441,1.0706059219522084,1.068639471526851,1.0642483810445045
1442,1.0706059219522084,1.068756880656806,1.0647999890285476
1443,1.0706059219522084,1.0682779867489238,1.0636818567895685
1444,1.0706059219522084,1.0681016032957578,1.0532664366888143
1445,1.0706059219522084,1.0685114085780518,1.061017377609434
1446,1.0706059219522084,1.0681612463216845,1.0564738524107027
1447,1.0706059219522084,1.0678458896241168,1.0629035065989099
1448,1.0706059219522084,1.067983520670449,1.056139476758966
1449,1.0706059219522084,1.067696128226478,1.0628768322308033
1450,1.0706059219522084,1.0679534871425056,1.061209577798511
1451,1.0706059219522084,1.0681971121382747,1.0633960350656495
1452,1.0706059219522084,1.0685426423697906,1.0629088432010314
1453,1.0706059219522084,1.0685308905858264,1.0611198394176458
1454,1.0706059219522084,1.0683755411753106,1.0627455838123459
1455,1.0706059219522084,1.068682582470595,1.0632144136585535
1456,1.0706059219522084,1.069195877691197,1.06624589745732
1457,1.0706059219522084,1.068663094694239,1.0492302991753397
1458,1.0706059219522084,1.0681548541276533,1.0554890172873477
1459,1.0706059219522084,1.0677657822565374,1.0566127679450315
1460,1.0706059219522084,1.0676021818028942,1.060822168564031
1461,1.0706059219522084,1.0673854267351521,1.056200031494065
1462,1.0706059219522084,1.068045639743473,1.0612891162000346
1463,1.0706059219522084,1.067956678223685,1.0632041451263186
1464,1.0706059219522084,1.067864770092127,1.0576720387647973
1465,1.0706059219522084,1.067982081387791,1.0611025174425461
1466,1.0706059219522084,1.0684184651129984,1.0637526583087213
1467,1.0706059219522084,1.0681020580756049,1.0621412617955928
1468,1.0706059219522084,1.0682515486993724,1.062547426212913
1469,1.0706059219522084,1.067936902384657,1.0627663756855354
1470,1.0706059219522084,1.0679194035126562,1.0623567934856373
1471,1.0706059219522084,1.0683336654117688,1.0619754413342917
1472,1.0706059219522084,1.0681646007682055,1.0631129482214274
1473,1.0706059219522084,1.0690372378880888,1.0636343480916746
1474,1.0706059219522084,1.0691171080332036,1.0655557638725028
1475,1.0706059219522084,1.0685621590755994,1.054801855536856
1476,1.0706059219522084,1.0679309664980219,1.0521978772911256
1477,1.0706059219522084,1.0678869777058468,1.0558782954564898
1478,1.0706059219522084,1.0675725165199983,1.0506800198328503
1479,1.0706059219522084,1.0671393040501147,1.050861305512421
1480,1.0706059219522084,1.0674720562321758,1.062444918213515
1481,1.0706059219522084,1.0679165960635006,1.060336702109843
1482,1.0706059219522084,1.06834222305797,1.0599094356312935
1483,1.0706059219522084,1.0683014870060399,1.0604360680564688
1484,1.0706059219522084,1.0686806094367767,1.0657188154312975
1485,1.0706059219522084,1.0686425079738249,1.063322820122744
1486,1.0706059219522084,1.0685220776209936,1.0597641642340894
1487,1.0706059219522084,1.0687221558433735,1.0638169558170931
1488,1.0706059219522084,1.0689103409837895,1.062888913138117
1489,1.0706059219522084,1.068734539923262,1.0612644436222665
1490,1.0706059219522084,1.0686765449494156,1.0586753155980748
1491,1.0706059219522084,1.068718457353446,1.0646919291695616
1492,1.0706059219522084,1.0687149552948847,1.0618086134641092
1493,1.0706059219522084,1.068898711351387,1.0630182742362988
1494,1.0706059219522084,1.0690130645214404,1.063028433883404
1495,1.0706059219522084,1.0687115296526948,1.0634611020967637
1496,1.0706059219522084,1.0684858491793652,1.0599705308396232
1497,1.0706059219522084,1.0683774931596377,1.0588948114465326
1498,1.0706059219522084,1.0682695466607663,1.0609008733498588
1499,1.0706059219522084,1.0684807648148111,1.0643582993412428
1500,1.0706066176770408,1.068322309214967,1.063937880489542
1501,1.0706066176770408,1.0684975989118306,1.0618986212363304
1502,1.0706066176770408,1.0679476079430423,1.0589710763894147
1503,1.0706066176770408,1.067708876569194,1.059895312776285
1504,1.0706066176770408,1.0681750024329473,1.051915259394566
1505,1.0706066176770408,1.0684945775676034,1.0610913072394026
1506,1.0706066176770408,1.0687753544456966,1.0647342319551591
1507,1.0706066176770408,1.0689654789716474,1.0646607665019858
1508,1.0706066176770408,1.0686665791460355,1.0644468405109837
1509,1.0706885801497048,1.06882385463405,1.0636673142667912
1510,1.0706885801497048,1.0682416503348293,1.0584940346562164
1511,1.0706885801497048,1.0678812023133413,1.0504596034013862
1512,1.0706885801497048,1.0676976039061308,1.0573658027335773
1513,1.0706885801497048,1.0674650575430529,1.0609190481715713
1514,1.0706885801497048,1.0679582189270207,1.0575513142100736
1515,1.0706885801497048,1.0683717589129977,1.0622932241883782
1516,1.0706885801497048,1.0677495627875204,1.055892589689083
1517,1.0706885801497048,1.067703285641128,1.0551938496847209
1518,1.0706885801497048,1.0677334510742456,1.055095430927585
1519,1.0706885801497048,1.0666296934378008,1.054473672972383
1520,1.0706885801497048,1.0663316803171095,1.0372145157818426
1521,1.0706885801497048,1.0667251920195606,1.049655177627903
1522,1.0706885801497048,1.067406092506014,1.0608233860248635
1523,1.0706885801497048,1.0674462576118824,1.0619143310927281
1524,1.0706885801497048,1.067517615904558,1.0600655032414013
1525,1.0706885801497048,1.0669488772759566,1.0599404769368104
1526,1.0706885801497048,1.0674188107146272,1.0615266389775448
1527,1.0706885801497048,1.067360987415966,1.0616448776125158
1528,1.0706885801497048,1.0672590109284388,1.0600282163005952
1529,1.0706885801497048,1.0680248565024153,1.0630102483424992
1530,1.0706885801497048,1.0668594477380864,1.0037215888793412
1531,1.0706885801497048,1.0670696012250467,1.0562631397420452
1532,1.0706885801497048,1.0669305605845407,1.0563786991772193
1533,1.0706885801497048,1.0662480841098356,1.0545294021724287
1534,1.0706885801497048,1.0666705213229628,1.0604875817828854
1535,1.0706885801497048,1.0670000311396313,1.0564252855534368
1536,1.0706885801497048,1.0672150976101462,1.0579543671061087
1537,1.0706885801497048,1.0669870720840562,1.0598291815084009
1538,1.0706885801497048,1.0678177684325587,1.0570575181146626
1539,1.0706885801497048,1.0679147805385216,1.0630760159679538
1540,1.0706885801497048,1.0684741711125525,1.0651805206388723
1541,1.0706885801497048,1.068778558176641,1.0637840610463343
1542,1.0706885801497048,1.0688159960285466,1.0647313556817755
1543,1.0706885801497048,1.0690381824809003,1.062170073963809
1544,1.0706885801497048,1.0689407261548756,1.0652131314496058
1545,1.0706885801497048,1.06883190948007,1.0621196276092142
1546,1.0706885801497048,1.0684037667720145,1.0589605691980042
1547,1.0706885801497048,1.0680441969719092,1.0615498012349052
1548,1.0706885801497048,1.068263378157461,1.0650841122726264
1549,1.0706885801497048,1.068163368490326,1.0572884905740767
1550,1.0706885801497048,1.0676952904901926,1.0530739446592539
1551,1.0706885801497048,1.0680094365588932,1.0624169463936524
1552,1.0706885801497048,1.0679552477933665,1.0627532295700068
1553,1.0706885801497048,1.0681670620048436,1.0620242114149785
1554,1.0706885801497048,1.068281813588056,1.0625418146982124
1555,1.0706885801497048,1.0684292900109527,1.0623440237477706
1556,1.0706885801497048,1.0678034030191659,1.0630686309286062
1557,1.0706885801497048,1.0680956322998056,1.0628369509212234
1558,1.0706908914347728,1.0682314516287625,1.0623769562099419
1559,1.0706908914347728,1.0686791996964573,1.0645584742514822
1560,1.0706908914347728,1.0688986701454064,1.0628249535460406
1561,1.0706908914347728,1.0689149507654738,1.0617017851809591
1562,1.0706908914347728,1.0686928945155016,1.0623591041567542
1563,1.0706908914347728,1.0684529075789966,1.0620932297406092
1564,1.0706908914347728,1.0685556645013707,1.0632582219070712
1565,1.0706908914347728,1.0690723544021252,1.0632210239616517
1566,1.0706908914347728,1.0690380068281795,1.0657866198435844
1567,1.0706908914347728,1.0688959544980983,1.0638546005622358
1568,1.0706908914347728,1.0683572650899713,1.062142024230312
1569,1.0706908914347728,1.0682548387159612,1.0580489316043467
1570,1.0706908914347728,1.0677590922961773,1.0548050331359793
1571,1.0706908914347728,1.0679592049558888,1.061955239806366
1572,1.0706908914347728,1.0677972114834808,1.0580524409746257
1573,1.0706908914347728,1.0679794460515526,1.0579525995144967
1574,1.0706908914347728,1.0682012324581989,1.0631006841069055
1575,1.0706908914347728,1.0685556743807603,1.0629250845240568
1576,1.0706908914347728,1.0684681175026332,1.0616328409849742
1577,1.0706908914347728,1.0683733221935836,1.064117441792422
1578,1.0707106541973352,1.0686405754454602,1.063559904590863
1579,1.0707106541973352,1.069006012978906,1.0624547337831713
1580,1.0707106541973352,1.0689720535281744,1.0651726976919136
1581,1.0707106541973352,1.068771906551389,1.0577169730929228
1582,1.0707106541973352,1.0682325699320532,1.0493921314653363
1583,1.0707106541973352,1.0686191572753423,1.0621591214281298
1584,1.0707106541973352,1.068816488359187,1.0633313680244918
1585,1.0707106541973352,1.0682348008790725,1.0571902363154053
1586,1.0707106541973352,1.068150783232423,1.0610881793184612
1587,1.0707106541973352,1.0678397995599462,1.0503890179206978
1588,1.0707106541973352,1.067411247425379,1.0547477786035695
1589,1.0707106541973352,1.0676330454058838,1.05468319274719
1590,1.0707106541973352,1.0678087943973558,1.0637893122851276
1591,1.0707106541973352,1.0677726251071806,1.0603517033330703
1592,1.0707106541973352,1.0679461182660652,1.0585125708353886
1593,1.0707106541973352,1.0680804557791783,1.0642709583236942
1594,1.0707106541973352,1.0682373987934275,1.0623340711271867
1595,1.0707106541973352,1.067965730832256,1.0598680200745327
1596,1.0707106541973352,1.0668286313847644,1.0459332850753156
1597,1.0707106541973352,1.0671149672904463,1.0517252340517074
1598,1.0707106541973352,1.0675584211350395,1.0616219945946612
1599,1.0707106541973352,1.0680091181942248,1.0623680797648278
1600,1.0707106541973352,1.068154225216849,1.0610731574478593
1601,1.0707106541973352,1.067619171693791,1.0610592504643894
1602,1.0707106541973352,1.0673281103262937,1.0587946233593017
1603,1.0707106541973352,1.0671232435200937,1.0611959482965418
1604,1.0707106541973352,1.0671077534410507,1.0610172064410717
1605,1.0707106541973352,1.067595392379366,1.0559755124777015
1606,1.0707106541973352,1.0681609525275502,1.0620192160889261
1607,1.0707106541973352,1.0691309131837732,1.064837073960235
1608,1.0707106541973352,1.0695978170678424,1.0646672844877527
1609,1.0707106541973352,1.069570544508391,1.0638800055900919
1610,1.0707106541973352,1.0696580301560843,1.0672221671123672
1611,1.0707106541973352,1.0698492809556364,1.0659767738336825
1612,1.0707106541973352,1.0695185331093993,1.0650086358569575
1613,1.0707106541973352,1.069580561818681,1.0659670970020265
1614,1.0707106541973352,1.069542440072795,1.0658067841815988
1615,1.0707106541973352,1.069834028195723,1.0667185400176402
1616,1.0707106541973352,1.0697371495462098,1.0674592884649596
1617,1.0707106541973352,1.0700822386545525,1.0683231565331488
1618,1.0707106541973352,1.0696403373965935,1.063597919433478
1619,1.0707106541973352,1.0694268028726446,1.0634960867015555
1620,1.0707106541973352,1.069280623080355,1.0615160632881313
1621,1.0707106541973352,1.0694027985765624,1.0655229572243143
1622,1.0707106541973352,1.0689893177031675,1.0614677728484574
1623,1.0707106541973352,1.0687952737243578,1.062912731902188
1624,1.0707106541973352,1.0688507661702458,1.0625691461784945
1625,1.0707106541973352,1.069170496778941,1.0654941318275268
1626,1.0707106541973352,1.0692578251840705,1.064714817805517
1627,1.0707106541973352,1.0691033839745492,1.0633147789956094
1628,1.0707106541973352,1.0688882756504159,1.0646803701780763
1629,1.0707106541973352,1.0686312988087807,1.0594765615092707
1630,1.0707106541973352,1.0687701576058264,1.0636704636001262
1631,1.0707106541973352,1.0689721627306117,1.0661490229335104
1632,1.0707106541973352,1.0693649482268615,1.0628602232085658
1633,1.0707106541973352,1.0686072645028726,1.0604094210244228
1634,1.0707106541973352,1.0682151453659199,1.0591456757576143
1635,1.0707106541973352,1.0683608505413615,1.0606645952365459
1636,1.0707106541973352,1.0686785928204943,1.0633411501924195
1637,1.0707106541973352,1.0690076790243936,1.065747360588485
1638,1.0707106541973352,1.0691518401606674,1.0655579327586016
1639,1.0707106541973352,1.0690042960604969,1.0644150154393417
1640,1.0707106541973352,1.0688788489356635,1.063550132406436
1641,1.0708749708588299,1.0693757826498618,1.0666822252008354
1642,1.0708749708588299,1.06949763652805,1.067203108682706
1643,1.0708749708588299,1.0692382085554257,1.0642412745553826
1644,1.0708749708588299,1.0690269897496238,1.062192218347685
1645,1.0708749708588299,1.069135967572095,1.0619389547983402
1646,1.0708749708588299,1.0693692422563135,1.0644395806514537
1647,1.0708749708588299,1.069147391860419,1.0641743148159186
1648,1.0708749708588299,1.0692269533190597,1.0652125323755555
1649,1.0708749708588299,1.0691065959365968,1.0628166950341542
1650,1.0708749708588299,1.069010092098711,1.062287516205326
1651,1.0708749708588299,1.0686932945822705,1.063884000131052
1652,1.0708749708588299,1.0692518218341345,1.0659138957144323
1653,1.0708749708588299,1.069212891784115,1.0651725659101734
1654,1.0708749708588299,1.0695015012568623,1.0665675119062532
1655,1.0708749708588299,1.0695925250625757,1.0660144029784013
1656,1.0708749708588299,1.0695744973633794,1.0658194751037118
1657,1.0708749708588299,1.0695878404308905,1.0652547015495593
1658,1.0708749708588299,1.0692634452812393,1.0653642334066888
1659,1.0708749708588299,1.0697338222250736,1.0664579086097525
1660,1.0708749708588299,1.0696831365275676,1.0663899898590337
1661,1.0708749708588299,1.0692502471844028,1.0623822508469276
1662,1.0708749708588299,1.0691369423116623,1.06424457638601
1663,1.0708749708588299,1.069369144652304,1.0666152296931721
1664,1.0708749708588299,1.0692997600519698,1.0662556061921935
1665,1.0708749708588299,1.0695348798533777,1.0657261832110887
1666,1.0708749708588299,1.0692177893439851,1.0636440129691636
1667,1.0708749708588299,1.0692753797548689,1.0653896626082635
1668,1.0708749708588299,1.0694300180440066,1.067170862429995
1669,1.0708749708588299,1.069669794938922,1.064398933928067
1670,1.0708749708588299,1.0696485697465852,1.066532315518254
1671,1.0708749708588299,1.0694787561428145,1.0659815577142786
1672,1.0708749708588299,1.069350178684953,1.0652859432460406
1673,1.0708749708588299,1.0689749113309877,1.0612785803402942
1674,1.0708749708588299,1.0685590718246119,1.064196287228719
1675,1.0708749708588299,1.0687233663351827,1.0595780273512065
1676,1.0708749708588299,1.068572509043949,1.062677075416036
1677,1.0708749708588299,1.0688051531475211,1.0633889614650394
1678,1.0708749708588299,1.0685455012727194,1.0610368706568063
1679,1.0708749708588299,1.0683911975648086,1.0644570639446687
1680,1.0708749708588299,1.0679158140654372,1.0555037031669798
1681,1.0708749708588299,1.0673918988537123,1.0554010444597837
1682,1.0708749708588299,1.0663447500302552,1.0505947122957537
1683,1.0708749708588299,1.067652533412513,1.0587038196184033
1684,1.0708749708588299,1.0683508354895874,1.0613039365719734
1685,1.0708749708588299,1.067929037580563,1.0586491109410212
1686,1.0708749708588299,1.0680590808455126,1.0556904576531028
1687,1.0708749708588299,1.0686274910075375,1.0615135338879509
1688,1.0708749708588299,1.068642140469237,1.062497505521657
1689,1.0708749708588299,1.068697332394398,1.0646255817009291
1690,1.0708749708588299,1.0685847253216454,1.0652470960437308
1691,1.0708749708588299,1.0688121841703793,1.0633003165198374
1692,1.0708749708588299,1.0690876695063931,1.065795147478498
1693,1.0708749708588299,1.0691422831543271,1.0603959662495983
1694,1.0708749708588299,1.0682992209474167,1.061066701427678
1695,1.0708749708588299,1.0689131190887269,1.064282628082757
1696,1.0708749708588299,1.0694393950983605,1.0644874959494919
1697,1.0708749708588299,1.069186421317621,1.06454570553277
1698,1.0708749708588299,1.0689096506534002,1.0652658130550183
1699,1.0708749708588299,1.068697319402496,1.0635932772375236
1700,1.0708749708588299,1.068574215733775,1.0545389655590225
1701,1.0708749708588299,1.0685684074824855,1.062775965845447
1702,1.0708749708588299,1.068400031602258,1.063547941864495
1703,1.0708749708588299,1.068568727161373,1.0633175485141138
1704,1.0708749708588299,1.0685863567530247,1.0656533944331859
1705,1.0708749708588299,1.0693717273366574,1.066135325738042
1706,1.0708749708588299,1.069402045875278,1.0646981663767794
1707,1.0708749708588299,1.0688140019762944,1.0641265091750514
1708,1.0708749708588299,1.0686915387966232,1.0610751384776225
1709,1.0708749708588299,1.0691949031443315,1.0640724597011109
1710,1.0708749708588299,1.069272648272252,1.0655169189709663
1711,1.0708749708588299,1.0695181557485554,1.0664154394486483
1712,1.0708749708588299,1.0696923567542078,1.0659382685393548
1713,1.0708749708588299,1.0696956649755933,1.060461744173213
1714,1.0708749708588299,1.0695969380322905,1.0632166506020593
1715,1.0708749708588299,1.0690685213939763,1.0621841031664836
1716,1.0708749708588299,1.0692076213169714,1.0653321898323556
1717,1.0708749708588299,1.0694426618928794,1.0665296519892684
1718,1.0708749708588299,1.0694720689544803,1.067130044813278
1719,1.0708749708588299,1.0695514706756113,1.0656752759207107
1720,1.0708749708588299,1.0693904581225235,1.0656237601156002
1721,1.0708749708588299,1.0695347630816054,1.065871886618463
1722,1.0708749708588299,1.0696174740105375,1.0658834569354858
1723,1.0708749708588299,1.069985393838526,1.0668592866949502
1724,1.0708749708588299,1.069864291531828,1.0644560637122478
1725,1.0708749708588299,1.0696126019963939,1.065433787109121
1726,1.0708749708588299,1.0696723177972192,1.0662905236472
1727,1.0708749708588299,1.0693087558234518,1.0654362175277734
1728,1.0708749708588299,1.0692597297857995,1.0640709395137233
1729,1.0708749708588299,1.0690721577443405,1.0639106890852352
1730,1.0708749708588299,1.0690214462551908,1.0573967387938568
1731,1.0708749708588299,1.0688395302589067,1.0646586316622533
1732,1.0708749708588299,1.068731934027086,1.0610329172018216
1733,1.0708749708588299,1.0689033603785323,1.0633423528211667
1734,1.0708749708588299,1.068972598449427,1.0633928927343617
1735,1.0708749708588299,1.0689556974933423,1.060797575651549
1736,1.0708749708588299,1.0688483975122378,1.0651244854453974
1737,1.0708749708588299,1.0691771411822222,1.0657599800787751
1738,1.0708749708588299,1.0690151510143537,1.062860590024903
1739,1.0708749708588299,1.0694852259904932,1.0658225545109923
1740,1.0708749708588299,1.0695319447165725,1.0656655412306886
1741,1.0708749708588299,1.0699049043300228,1.0674570618451302
1742,1.0708749708588299,1.069742756327792,1.0648590966260298
1743,1.0708749708588299,1.0696022356940171,1.0642554606170271
1744,1.0708749708588299,1.0692356248348442,1.0652502698809965
1745,1.0708749708588299,1.0690673872436838,1.0638076790799964
1746,1.0708749708588299,1.0692967435572605,1.0620048188020175
1747,1.0708749708588299,1.0690624303080025,1.0656963266487631
1748,1.0708749708588299,1.0687961134071382,1.06287247533152
1749,1.0708749708588299,1.0688125917940619,1.0604069374783494
1750,1.0708749708588299,1.0687877116928726,1.0616741070450173
1751,1.0708749708588299,1.0692071073311789,1.065040750390174
1752,1.0708749708588299,1.0695199007257716,1.0646959717291804
1753,1.0708749708588299,1.0691658349082127,1.0596432725334042
1754,1.0708749708588299,1.069208323779562,1.0649639396481896
1755,1.0708749708588299,1.0691956989863534,1.0600162917090807
1756,1.0708749708588299,1.0698878225816195,1.065492112414904
1757,1.0708749708588299,1.069949758949799,1.067376255728819
1758,1.0708749708588299,1.0698719243010848,1.0644251181108295
1759,1.0708749708588299,1.0699944490242117,1.066239999243589
1760,1.0708749708588299,1.0701298242833068,1.0655685663621213
1761,1.0708749708588299,1.0701173563932855,1.0676015027804968
1762,1.0708749708588299,1.0697273522830621,1.064499730701518
1763,1.0708749708588299,1.0695752787669914,1.0638319294028604
1764,1.0708749708588299,1.0690601767840109,1.063892011658337
1765,1.0708749708588299,1.0685243699895586,1.0615757972445439
1766,1.0708749708588299,1.0691040133574687,1.0625649179607508
1767,1.0708749708588299,1.0689389130454499,1.059981868607858
1768,1.0708749708588299,1.0688541499516966,1.0606927451905763
1769,1.0708749708588299,1.0693613737015228,1.0658837507866479
1770,1.0708749708588299,1.0695270931559202,1.0658024516375182
1771,1.0708749708588299,1.069386712477522,1.0647408444844952
1772,1.0708749708588299,1.0691397118874415,1.0635824326007342
1773,1.0708749708588299,1.069062979565893,1.0640537072102911
1774,1.0708749708588299,1.0693609193183633,1.0630610497320157
1775,1.0708749708588299,1.0691692677030622,1.0644391022095965
1776,1.0708749708588299,1.0691245366329318,1.0632382805388767
1777,1.0708749708588299,1.0688465149892605,1.0637809790783543
1778,1.0708749708588299,1.0688590157218827,1.0606105859795454
1779,1.0708749708588299,1.0686016609428735,1.0591798922434084
1780,1.0708749708588299,1.0689027119351366,1.0646394019548095
1781,1.0708749708588299,1.0687939875721113,1.052897035131252
1782,1.0708749708588299,1.0692337204243352,1.0642908107314804
1783,1.0708749708588299,1.068986097078882,1.0631462010597692
1784,1.0708749708588299,1.0682495105055694,1.048794045181019
1785,1.0708749708588299,1.0683573483590916,1.0545889169796214
1786,1.0708749708588299,1.0682273444998676,1.0636204521657726
1787,1.0708749708588299,1.0687398332215388,1.0638663969019644
1788,1.0708749708588299,1.0687879483434766,1.0631567685259844
1789,1.0708749708588299,1.0685268562876995,1.0604967147830746
1790,1.0708749708588299,1.0682275054772548,1.0563382818867764
1791,1.0708749708588299,1.0682907631182594,1.0514948968783653
1792,1.0708749708588299,1.0675394088315544,1.0454807919950064
1793,1.0708749708588299,1.0683693004973693,1.0543896752913673
1794,1.0708749708588299,1.0684025898924296,1.0602691947034317
1795,1.0708749708588299,1.0685673009591679,1.0634287645539295
1796,1.0708749708588299,1.0686093725733457,1.0610929568084029
1797,1.0708749708588299,1.0688471607572891,1.0610979814556034
1798,1.0708749708588299,1.0691562676346347,1.0664848545639085
1799,1.0708749708588299,1.0695992754037793,1.066059815352578
1800,1.0708749708588299,1.0694911706728605,1.063428290002478
1801,1.0708749708588299,1.0691524259443625,1.062792730974671
1802,1.0708749708588299,1.0689508942967538,1.0568255708739138
1803,1.0708749708588299,1.069033143710568,1.0654028757128107
1804,1.0708749708588299,1.069215984525586,1.0650585652322726
1805,1.0708749708588299,1.0688675286287292,1.0606728635308746
1806,1.0708749708588299,1.0691688859923332,1.0625221532945859
1807,1.0708749708588299,1.06892633033103,1.0622893522785284
1808,1.0708749708588299,1.0687953704948499,1.0636238789649477
1809,1.0708749708588299,1.068443159922814,1.056506954526899
1810,1.0708749708588299,1.067604365025471,1.0483775524665977
1811,1.0708749708588299,1.067186411987409,1.0521455509347821
1812,1.0708749708588299,1.0671460615977226,1.0589334466598221
1813,1.0708749708588299,1.0675391061155795,1.0474910789146492
1814,1.0708749708588299,1.068078892349582,1.052014453931334
1815,1.0708749708588299,1.0683850452430286,1.055482254814822
1816,1.0708749708588299,1.06853114733637,1.0635201204247506
1817,1.0708749708588299,1.0683706170567873,1.0551918489672358
1818,1.0708749708588299,1.0680598984004268,1.057786884807894
1819,1.0708749708588299,1.06838223772918,1.0555763467954857
1820,1.0708749708588299,1.0686557566862274,1.061615306345533
1821,1.0708749708588299,1.068187591306495,1.0599141318838576
1822,1.0708749708588299,1.0681034535159297,1.0584813684948555
1823,1.0708749708588299,1.068604917603433,1.060739152369272
1824,1.0708749708588299,1.0682998621801372,1.0638301513458837
1825,1.0708749708588299,1.0683566492948615,1.064859705751436
1826,1.0708749708588299,1.0690545015888921,1.0647602180222027
1827,1.0708749708588299,1.0690436542589965,1.065164656653145
1828,1.0708749708588299,1.0686229308387576,1.0595362288423247
1829,1.0708749708588299,1.0688688690187058,1.0576806328670336
1830,1.0708749708588299,1.06879612973305,1.0580241957381875
1831,1.0708749708588299,1.0684450633858946,1.0648947629751624
1832,1.0708749708588299,1.0688986216375813,1.0632698845607296
1833,1.0708749708588299,1.068853792798282,1.064013582349713
1834,1.0708749708588299,1.0682871201598905,1.0574396460974071
1835,1.0708749708588299,1.0683242527772965,1.0606526672699217
1836,1.0708749708588299,1.0682646237377995,1.0625943180877246
1837,1.0708749708588299,1.067961725467115,1.0556134001315116
1838,1.0708749708588299,1.068198853721431,1.0636010491038679
1839,1.0708749708588299,1.0679867400824137,1.058495204327696
1840,1.0708749708588299,1.0677507662202552,1.0532021591169265
1841,1.0708749708588299,1.0678912410218255,1.0593874775077716
1842,1.0708749708588299,1.0682755062186418,1.0629063730490085
1843,1.0708749708588299,1.0684322258838328,1.0636749750058923
1844,1.0708749708588299,1.0685742097287432,1.0608445232958446
1845,1.0708749708588299,1.0693918922480972,1.0651434973492773
1846,1.0708749708588299,1.0697218538514872,1.0665960602736
1847,1.0708749708588299,1.0698091449450644,1.0671034848539114
1848,1.0708749708588299,1.0698918790550367,1.0671055444670978
1849,1.0708749708588299,1.0699390675346343,1.067749299425049
1850,1.0708749708588299,1.0700236595134116,1.0673921188490212
1851,1.0708749708588299,1.0700503621212945,1.0677782753336273
1852,1.0708749708588299,1.069976037517847,1.0648314804052714
1853,1.0708749708588299,1.0697141978174367,1.0647592411418008
1854,1.0708749708588299,1.0694465711419114,1.064495837864194
1855,1.0708749708588299,1.0693743886488776,1.061984292816618
1856,1.0708749708588299,1.0692988836558173,1.0593067742551594
1857,1.0708749708588299,1.0683392251856298,1.0481660848614265
1858,1.0708749708588299,1.0684228401687492,1.059821970619583
1859,1.0708749708588299,1.067855676366308,1.0567910998081143
1860,1.0708749708588299,1.066709584891743,1.0564485239515073
1861,1.0708749708588299,1.0673104415914885,1.0563908241510875
1862,1.0708749708588299,1.065886670506822,1.0412949642765366
1863,1.0708749708588299,1.0660858691418,1.0547426996556195
1864,1.0708749708588299,1.066876902526379,1.059049197129428
1865,1.0708749708588299,1.0671999698466188,1.0586272604682347
1866,1.0708749708588299,1.0677256316338128,1.0620481774320378
1867,1.0708749708588299,1.0679780453263374,1.064553665387617
1868,1.0708749708588299,1.0683241257728768,1.0647762310754865
1869,1.0708749708588299,1.0688346198507832,1.0656227522435244
1870,1.0708749708588299,1.0690121612625625,1.0630284302214505
1871,1.0708749708588299,1.0691678498280766,1.0639020196579612
1872,1.0708749708588299,1.0688848223316614,1.0597355460158782
1873,1.0708749708588299,1.068888820887129,1.0641438058683315
1874,1.0708749708588299,1.0692359445741728,1.0657270860653005
1875,1.0708749708588299,1.0694224415270701,1.0597497704755108
1876,1.0708749708588299,1.068961099880535,1.0618610478762145
1877,1.0708749708588299,1.0683452813573031,1.0627731973277734
1878,1.0708749708588299,1.0682598237010332,1.05885518559438
1879,1.0708749708588299,1.0683425311626573,1.0633891798223942
1880,1.0708749708588299,1.0687717840468567,1.0624709757365736
1881,1.0708749708588299,1.0689244797455182,1.0549098852581738
1882,1.0708749708588299,1.068967978701331,1.057137901993977
1883,1.0708749708588299,1.0692541195921406,1.0643713475184196
1884,1.0708749708588299,1.0689448602079807,1.061026464073705
1885,1.0708749708588299,1.0692343163367417,1.0646793508300814
1886,1.0708749708588299,1.0686256396532254,1.0599642922089814
1887,1.0708749708588299,1.0687508855458645,1.0591573794758178
1888,1.0708749708588299,1.0688891230751318,1.064620837756378
1889,1.0709310219799937,1.069081385523245,1.0577613900534597
1890,1.0709310219799937,1.0692616511033015,1.0609866120575389
1891,1.0709310219799937,1.0693198184381238,1.0647032981426432
1892,1.0709310219799937,1.0697334031704842,1.0668218759087182
1893,1.0709310219799937,1.069846808914922,1.06582841706164
1894,1.0709310219799937,1.0697950197925716,1.0672011064696176
1895,1.0709310219799937,1.0697933244149227,1.0654450552025874
1896,1.0709310219799937,1.0698588733943821,1.065497104238459
1897,1.0709310219799937,1.0697750726094546,1.066873400844979
1898,1.0709310219799937,1.070052456009973,1.0680106585503104
1899,1.0709310219799937,1.0698329192232807,1.0634746923919134
1900,1.0709310219799937,1.0697993069326026,1.0667212206735586
1901,1.0709310219799937,1.069782463735003,1.0654002284299098
1902,1.0709310219799937,1.0695011319032925,1.0613390593281682
1903,1.0709310219799937,1.0694315531703447,1.0664852220523173
1904,1.0709310219799937,1.0692177454426903,1.065517896977683
1905,1.0709310219799937,1.0686952262566278,1.0608270985314556
1906,1.0709310219799937,1.0687044811285384,1.0501073588432233
1907,1.0709310219799937,1.0680854961010184,1.0637002197195173
1908,1.0709310219799937,1.0675957863308654,1.0427332421248146
1909,1.0709310219799937,1.0675827772393018,1.0545467233183103
1910,1.0709310219799937,1.0675539874314148,1.0549368787158213
1911,1.0709310219799937,1.0679861304346752,1.063328990719288
1912,1.0709310219799937,1.0684996196047551,1.0620544831245828
1913,1.0709310219799937,1.068752910984055,1.0643898531887461
1914,1.0709310219799937,1.0688518247297067,1.0640931150285746
1915,1.0709310219799937,1.068788857337596,1.064394187786058
1916,1.0709310219799937,1.0687905760786878,1.0617887282090936
1917,1.0709310219799937,1.0688854455280292,1.062890743579723
1918,1.0709310219799937,1.069082017373071,1.0661110636585267
1919,1.0710884673847716,1.0691412998332346,1.0649495075392292
1920,1.0710884673847716,1.0690194206638644,1.0651001805582991
1921,1.0710884673847716,1.0685551953144194,1.0615557097375028
1922,1.0710884673847716,1.0682494515586674,1.0591608535418118
1923,1.0710884673847716,1.067717912465659,1.0529381037794592
1924,1.0710884673847716,1.0679804398915211,1.0633250775260332
1925,1.0710884673847716,1.068456149307984,1.063530139113578
1926,1.0710884673847716,1.0683627268045006,1.0612156923424427
1927,1.0710884673847716,1.0683009018750562,1.0618167622040646
1928,1.0710884673847716,1.0682978407178627,1.062557337862126
1929,1.0710884673847716,1.0681405843382765,1.0637152916686503
1930,1.0710884673847716,1.0686087674443863,1.0596496502106363
1931,1.0710884673847716,1.0687291527155174,1.0611867207839505
1932,1.0710884673847716,1.0687566803931086,1.06362971376287
1933,1.0710884673847716,1.0688134451204163,1.0551440166715143
1934,1.0710884673847716,1.0685187551153084,1.0602044401268673
1935,1.0710884673847716,1.0679723938111971,1.0591815551314834
1936,1.0710884673847716,1.0677869822564148,1.063970335889425
1937,1.0710884673847716,1.06769288724231,1.0583476026765943
1938,1.0710884673847716,1.0673737065243833,1.0611634523703817
1939,1.0710884673847716,1.0673490977154172,1.0539215019061632
1940,1.0710884673847716,1.0678155334954782,1.062307164680672
1941,1.0710884673847716,1.0673255301484552,1.0589066540074783
1942,1.0710884673847716,1.0665242712484495,1.0592208685710807
1943,1.0710884673847716,1.0663892039862564,1.0595573563809666
1944,1.0710884673847716,1.0669179824906243,1.0625515498502147
1945,1.0710884673847716,1.0675247844646736,1.0599018321126148
1946,1.0710884673847716,1.0678385860550887,1.0613633841925179
1947,1.0710884673847716,1.0679933926660596,1.0613874779792307
1948,1.0710884673847716,1.0685066051701886,1.0610788766148251
1949,1.0710884673847716,1.0683239402302043,1.0580818585003215
1950,1.0710884673847716,1.0678017883957451,1.0623193086025662
1951,1.0710884673847716,1.067872047944265,1.0605725143579507
1952,1.0710884673847716,1.068275658575932,1.0623471120807473
1953,1.0710884673847716,1.067317208590768,1.0580253934420756
1954,1.0710884673847716,1.0673050522929568,1.0501403123414983
1955,1.0710884673847716,1.067882905392218,1.0512495790324272
1956,1.0710884673847716,1.0679510098524252,1.0617655067759895
1957,1.0710884673847716,1.068543372487957,1.0636640922953615
1958,1.0710884673847716,1.0682754521499078,1.05964049953133
1959,1.0710884673847716,1.0681787943102974,1.0631519285546807
1960,1.0710884673847716,1.068468761853713,1.0634132400487304
1961,1.0710884673847716,1.0686317225741182,1.0612790762709583
1962,1.0710884673847716,1.068828054370628,1.0652090976139168
1963,1.0710884673847716,1.068785060698521,1.0612003061612123
1964,1.0710884673847716,1.0689222998727304,1.0615458413431025
1965,1.0710884673847716,1.0690496479485585,1.065219134819357
1966,1.0710884673847716,1.0689249692886973,1.06229070518131
1967,1.0710884673847716,1.0690154686625888,1.0624122464148171
1968,1.0710884673847716,1.068851196988272,1.0629102611224357
1969,1.0710884673847716,1.06907579577539,1.0625072837678344
1970,1.0710884673847716,1.068319332993619,1.0548121030953732
1971,1.0710884673847716,1.0681335317860157,1.0604476735242567
1972,1.0710884673847716,1.0682769641500893,1.0624485297563804
1973,1.0710884673847716,1.0677598303535083,1.0588738038702064
1974,1.0710884673847716,1.067785025666201,1.0550343181358306
1975,1.0710884673847716,1.067652248470901,1.0562083623860659
1976,1.0710884673847716,1.0674631923480182,1.06018461031974
1977,1.0710884673847716,1.0680302880372032,1.0630046471977823
1978,1.0710884673847716,1.0681900287197614,1.0642102511264089
1979,1.0710884673847716,1.0682141870322552,1.0633333032609726
1980,1.0710884673847716,1.068831102401689,1.066083148192311
1981,1.0710884673847716,1.0693287168886443,1.062503041778986
1982,1.0710884673847716,1.0687748690937209,1.061474633776069
1983,1.0710884673847716,1.0680755158096569,1.0584495393806457
1984,1.0710884673847716,1.0688164029237068,1.062040264099826
1985,1.0710884673847716,1.068902878714585,1.0621373358627197
1986,1.0710884673847716,1.069208102819581,1.063499433583252
1987,1.0710884673847716,1.0690163233690273,1.062031900204506
1988,1.0710884673847716,1.0685259267709764,1.0606897400546904
1989,1.0710884673847716,1.0679120598046055,1.0512634954475493
1990,1.0710884673847716,1.067838730282459,1.0605595822712994
1991,1.0710884673847716,1.0678050765710727,1.0630567845531795
1992,1.0710884673847716,1.0683661139349718,1.0623805178338879
1993,1.0710884673847716,1.0682029710200909,1.0612087491011792
1994,1.0710884673847716,1.0681931944142617,1.0604696905334925
1995,1.0710884673847716,1.0685195823647766,1.0625611778497757
1996,1.0710884673847716,1.068242537684854,1.0588001657277153
1997,1.0710884673847716,1.0674314605415889,1.049503501615595
1998,1.0710884673847716,1.0674534940777438,1.0530834392110051
1999,1.071098337552135,1.0671833011561795,1.0591986083450724
2000,1.071098337552135,1.0677432227753263,1.0619814735465951
2001,1.071098337552135,1.0681498665292475,1.0600062647427306
2002,1.071098337552135,1.0679937902375467,1.058075535997435
2003,1.071098337552135,1.0672522078635809,1.0539942147022079
2004,1.071098337552135,1.0666235149250232,1.0533273405162955
2005,1.071098337552135,1.0663861670722488,1.0574360642909124
2006,1.071098337552135,1.0673935505913839,1.059291782835594
2007,1.071098337552135,1.0676764196704016,1.0609018551533222
2008,1.071098337552135,1.0676213137699562,1.0524433796016799
2009,1.071098337552135,1.0673108766573727,1.0569522482527933
2010,1.071098337552135,1.0678731240664918,1.0627972275272612
2011,1.071098337552135,1.0687227460840207,1.0647801485387567
2012,1.071098337552135,1.0690886485548308,1.0602039875001412
2013,1.071098337552135,1.0685061322930063,1.063273422790096
2014,1.071098337552135,1.0688444079203265,1.063174398713375
2015,1.071098337552135,1.068171457756041,1.0635329604258437
2016,1.071098337552135,1.0677822643211763,1.0600102547818115
2017,1.071098337552135,1.068259222040672,1.0590009350122815
2018,1.071098337552135,1.068331433455119,1.0634659946572458
2019,1.071098337552135,1.0683573845340224,1.0629186124138004
2020,1.071098337552135,1.0685324236822729,1.0644367827207968
2021,1.071098337552135,1.068393239513281,1.0650880652753594
2022,1.071098337552135,1.068716046725701,1.0651307468286872
2023,1.071098337552135,1.0684328115390693,1.0642342906670523
2024,1.071098337552135,1.0687439301529278,1.0629653666447145
2025,1.071098337552135,1.068952253092035,1.0642676786468468
2026,1.071098337552135,1.0690208985301841,1.064070860085262
2027,1.071098337552135,1.0686057313311332,1.0650944402274367
2028,1.071098337552135,1.0688772663127353,1.0660980361516692
2029,1.071098337552135,1.0692331982067378,1.06490151940398
2030,1.071098337552135,1.0695185465855248,1.0663488919092945
2031,1.071098337552135,1.0692945140804495,1.0640792995999133
2032,1.071098337552135,1.0695516319622562,1.063612572042254
2033,1.071098337552135,1.0694746027795987,1.0655514762943048
2034,1.071098337552135,1.0692473787058479,1.0623579476700806
2035,1.071098337552135,1.069059768100404,1.059393571843812
2036,1.071098337552135,1.0690044242985817,1.0585045304460259
2037,1.071098337552135,1.0694046926276883,1.065182201501478
2038,1.071098337552135,1.0689378006882349,1.0592328788094725
2039,1.071098337552135,1.0684533293758163,1.0618080318386818
2040,1.071098337552135,1.0680621733739861,1.0612440361094506
2041,1.071098337552135,1.0676755413206036,1.0604725647119981
2042,1.071098337552135,1.067993593016925,1.0625716649533599
2043,1.071098337552135,1.0678888700123141,1.0548815590930736
2044,1.071098337552135,1.067835820345617,1.0628403390680656
2045,1.071098337552135,1.0680760039165833,1.061141391467409
2046,1.071098337552135,1.0685105865977522,1.0637914088578928
2047,1.071098337552135,1.0686492452950942,1.0626068217987488
2048,1.071098337552135,1.0686413947238182,1.0618726470795141
2049,1.071098337552135,1.0688996442523373,1.0653407589980919
2050,1.071098337552135,1.0689741689747694,1.0595176241974382
2051,1.071098337552135,1.0688676894314866,1.0603050806187828
2052,1.071098337552135,1.0688451665716523,1.0627448920855573
2053,1.071098337552135,1.0684782652082792,1.0613834268846776
2054,1.071098337552135,1.0685307279424108,1.0633847594502561
2055,1.071098337552135,1.068253463065167,1.0639206803575814
2056,1.071098337552135,1.0681139327914964,1.0577520005798002
2057,1.071098337552135,1.0682472717743408,1.0577487390862594
2058,1.071098337552135,1.0685749868657235,1.065046479863382
2059,1.071098337552135,1.0692521846436163,1.062540720938876
2060,1.071098337552135,1.0693412430928038,1.0658990341018786
2061,1.071098337552135,1.0687867590913556,1.0601064590059592
2062,1.071098337552135,1.0689842091756139,1.0589509788915095
2063,1.071098337552135,1.069223784759948,1.0625932939214966
2064,1.071098337552135,1.0691058601673038,1.0635583095662071
2065,1.071098337552135,1.0694540813700488,1.0658778132970799
2066,1.071098337552135,1.0692334521019888,1.0652959647744793
2067,1.071098337552135,1.0693095581182046,1.066033073046579
2068,1.071098337552135,1.0691888636028697,1.0630795335291232
2069,1.071098337552135,1.0691187367551125,1.0660277175672157
2070,1.071098337552135,1.0690754926477142,1.0657656924195935
2071,1.071098337552135,1.0683912292839346,1.0606803615968037
2072,1.071098337552135,1.0682824834991822,1.0602187038617674
2073,1.071098337552135,1.068190612615784,1.0617342608832498
2074,1.071098337552135,1.068532164415663,1.0632854252783148
2075,1.071098337552135,1.0690521760758798,1.0641627762146706
2076,1.071098337552135,1.0692969884094183,1.0619769610882837
2077,1.071098337552135,1.068940837290438,1.0646945803470778
2078,1.071098337552135,1.0687615843236773,1.0649090650730335
2079,1.071098337552135,1.0683652556551093,1.064566877481762
2080,1.071098337552135,1.068187893664444,1.0596565941335196
2081,1.071120020772625,1.0687726764255014,1.061248754503441
2082,1.071120020772625,1.0684619123906283,1.063303102479334
2083,1.071120020772625,1.0686822541191678,1.0622072016689343
2084,1.071120020772625,1.0683162853671289,1.0622619213541102
2085,1.071120020772625,1.068518505604579,1.0642126989378329
2086,1.071120020772625,1.0687500615697245,1.059394671218326
2087,1.071120020772625,1.068930111289075,1.0646921596615302
2088,1.071120020772625,1.069192161717996,1.0619395840205303
2089,1.071120020772625,1.0688691708775322,1.0639026338645974
2090,1.071120020772625,1.0685404315716416,1.0598173253626793
2091,1.071120020772625,1.0682578410830825,1.0536800501784636
2092,1.071120020772625,1.0679210236315133,1.055631575793412
2093,1.071120020772625,1.0684011582869999,1.0631476114284306
2094,1.071120020772625,1.0688026271824862,1.0599100666934176
2095,1.071120020772625,1.0689127479765104,1.0634871791279565
2096,1.071120020772625,1.068972659556414,1.0623378962681247
2097,1.071120020772625,1.0688262962641308,1.0574055511321272
2098,1.071120020772625,1.0693118421282108,1.0632846214454705
2099,1.071120020772625,1.0690599547301236,1.058724322001308
2100,1.071120020772625,1.0687782401784238,1.0606836548379284
2101,1.071120020772625,1.0682049338947344,1.0568789244672576
2102,1.071120020772625,1.068592744138207,1.0614545409390517
2103,1.071120020772625,1.0686737899810974,1.0609810343007626
2104,1.0712006818925714,1.0687315827582502,1.0618555544804278
2105,1.0712006818925714,1.0688577151463219,1.064410037085733
2106,1.0712006818925714,1.0690208836906268,1.0632827382719345
2107,1.0712006818925714,1.0692914871587584,1.0648977216072586
2108,1.0712006818925714,1.0694167585661685,1.0652166926315887
2109,1.0712006818925714,1.0690225601774137,1.0614120657640267
2110,1.0712006818925714,1.068554869907576,1.0582018888788451
2111,1.0712006818925714,1.069137620141664,1.0604305538262815
2112,1.0712006818925714,1.0690038509476003,1.0652396375262638
2113,1.0712006818925714,1.0687936450840878,1.0638783437559325
2114,1.0712006818925714,1.0680991627804586,1.052559419125557
2115,1.0712006818925714,1.0689741157423722,1.0655010168772296
2116,1.0712006818925714,1.0693656017550544,1.0660562817373271
2117,1.0712006818925714,1.0689863267823412,1.0655897968492973
2118,1.0712006818925714,1.0685632971629153,1.060586540372872
2119,1.0712006818925714,1.0678109181243622,1.034397162014601
2120,1.0712006818925714,1.0683245468601688,1.0588926519346513
2121,1.0712006818925714,1.0683601528232238,1.0606924057890725
2122,1.0712006818925714,1.0680612674815952,1.0622384830081497
2123,1.0712006818925714,1.0679157471829368,1.062452498309871
2124,1.0712006818925714,1.0686143257477647,1.061798795526844
2125,1.0712006818925714,1.0689587919409207,1.0622376106430267
2126,1.0712006818925714,1.0686803977215564,1.0552428141977284
2127,1.0712006818925714,1.0690656294951202,1.0660096509512484
2128,1.0712006818925714,1.0693241243165155,1.0636136531718456
2129,1.0712006818925714,1.0690628896384713,1.0639812521530347
2130,1.0712006818925714,1.0690563334203231,1.0652395331069549
2131,1.0712006818925714,1.0688572185315266,1.0622386398687684
2132,1.0712006818925714,1.0688741086297897,1.0601634584690691
2133,1.0712006818925714,1.06863318769705,1.0584782143544214
2134,1.0712006818925714,1.0690812756839077,1.0663474475967516
2135,1.0712006818925714,1.0689801415275624,1.0624159125672046
2136,1.0712006818925714,1.0688599793836466,1.0645426461622378
2137,1.0712006818925714,1.0688525681866663,1.0596090809937548
2138,1.0712006818925714,1.0684556949650106,1.0538937287850176
2139,1.0712006818925714,1.0685423353845849,1.0633611550043476
2140,1.0712006818925714,1.0684491723676879,1.0594146520730838
2141,1.0712006818925714,1.06812555910634,1.0622741513603833
2142,1.0712006818925714,1.068849494056804,1.0625112299985062
2143,1.0712006818925714,1.0688930164195685,1.057910674490548
2144,1.0712006818925714,1.0690685498560923,1.0624615921699858
2145,1.0712006818925714,1.0688752654157831,1.0647516663214116
2146,1.0712006818925714,1.0686193643561652,1.0572470126444873
2147,1.0712006818925714,1.0686474787936482,1.0587422996496414
2148,1.0712006818925714,1.0685462438464794,1.0627864112353094
2149,1.0712006818925714,1.068816159185091,1.0646722298802311
2150,1.0712006818925714,1.069066972927533,1.0616758183608734
2151,1.0712006818925714,1.0688093476660563,1.0618809052944655
2152,1.0712006818925714,1.0686455634461982,1.0608052707543498
2153,1.0712006818925714,1.0682866197952798,1.06445069850998
2154,1.0712006818925714,1.0688336558481684,1.0626373660673298
2155,1.0712006818925714,1.0685597813788095,1.0630169135406224
2156,1.0712006818925714,1.068133485905774,1.0602366969900436
2157,1.0712006818925714,1.0680295118807388,1.0544638807755446
2158,1.0712006818925714,1.0681323932255304,1.060202690172735
2159,1.0712006818925714,1.0686558737727758,1.0618632281951839
2160,1.0712006818925714,1.0689136884239483,1.0633245625372822
2161,1.0712006818925714,1.0682303219359481,1.055995423478898
2162,1.0712006818925714,1.0682767820774202,1.0595254991405207
2163,1.0712006818925714,1.0682233531557805,1.0514112081853502
2164,1.0712006818925714,1.068534371960911,1.060900167743242
2165,1.0712006818925714,1.0683847642831952,1.0644397591201677
2166,1.0712006818925714,1.068551461293261,1.0623227428994748
2167,1.0712006818925714,1.0677344960661221,1.0549416762982338
2168,1.0712006818925714,1.0672708796747632,1.056620372422983
2169,1.0712006818925714,1.0670729511154777,1.0560518162221666
2170,1.0712006818925714,1.0666345135345672,1.0571094648320882
2171,1.0712006818925714,1.0664092974241202,1.0562579861977044
2172,1.0712006818925714,1.06764265100407,1.0556880843927372
2173,1.0712006818925714,1.067823233127485,1.0570634381226518
2174,1.0712006818925714,1.067755083501941,1.0596248914284758
2175,1.0712006818925714,1.0681786914719857,1.0572493392962021
2176,1.0712006818925714,1.067586771814591,1.057548755481691
2177,1.0712006818925714,1.0679021823960941,1.0557694122426347
2178,1.0712006818925714,1.0673928702406372,1.0445955205525532
2179,1.0712006818925714,1.0659603276670657,1.0440584031510638
2180,1.0712006818925714,1.0656544146615543,1.0476414364779567
2181,1.0712006818925714,1.0665461863817713,1.0563255700677159
2182,1.0712006818925714,1.067952860819582,1.0589633074360405
2183,1.0712006818925714,1.067988580730517,1.051868029601294
2184,1.0712006818925714,1.0682379000417763,1.0561958848490374
2185,1.0712006818925714,1.067553568249309,1.0535452532051854
2186,1.0712006818925714,1.0670995075099483,1.0546411032408212
2187,1.0712106460255835,1.0670746597551548,1.036693850191218
2188,1.0712106460255835,1.0667473494508342,1.058741470258284
2189,1.0712106460255835,1.0672368107769432,1.0555056558864417
2190,1.0712106460255835,1.0666151575240286,1.0345880591904906
2191,1.0712106460255835,1.0663163807826153,1.0568168673466514
2192,1.0712106460255835,1.0659712922365179,1.0584182355840555
2193,1.0712106460255835,1.0666791477679216,1.058187941610455
2194,1.0712106460255835,1.0682591395963121,1.059372861182772
2195,1.0712106460255835,1.068271228662845,1.0582869961253756
2196,1.0712106460255835,1.068430563499866,1.0529825967882178
2197,1.0712106460255835,1.0682447502396644,1.0624865565254873
2198,1.0712106460255835,1.0683799680070565,1.0614371461352028
2199,1.0712106460255835,1.0688249911906,1.0571689529115094
2200,1.0712106460255835,1.0689005963652844,1.065732895444675
2201,1.0712106460255835,1.0692834768800652,1.0611207478121296
2202,1.0712106460255835,1.0693702211104146,1.0642319796010624
2203,1.0712106460255835,1.0684035804285175,1.0550536410820353
2204,1.0712106460255835,1.0686071160375588,1.0480791745303581
2205,1.0712106460255835,1.0684238016555279,1.0605151896515133
2206,1.0712106460255835,1.0679159908386295,1.0611408812330465
2207,1.0712106460255835,1.0679739337038192,1.0578609654262368
2208,1.0712106460255835,1.0687704705089396,1.063862251902205
2209,1.0712106460255835,1.069163555330855,1.0597447807174178
2210,1.0712106460255835,1.0688337267498476,1.0626711230646824
2211,1.0712106460255835,1.069189104008191,1.0625023728361316
2212,1.0712106460255835,1.0692043789086154,1.0596288540398746
2213,1.0712106460255835,1.0688706970283663,1.0610552830492577
2214,1.0712106460255835,1.0689580730005719,1.061797394217268
2215,1.0712106460255835,1.0691063470833875,1.0630188614295268
2216,1.0712106460255835,1.0692174740710403,1.0631634816310083
2217,1.0712106460255835,1.069317006500496,1.0654344624459053
2218,1.0712106460255835,1.0694463540591934,1.0666922953013864
2219,1.0712106460255835,1.0696603121573434,1.0657763445033637
2220,1.0712106460255835,1.0693184466786045,1.0621795782414205
2221,1.0712106460255835,1.0695436587144855,1.0652860099896597
2222,1.0712106460255835,1.069674531513573,1.0670462198580561
2223,1.0712106460255835,1.0701411680155335,1.0666813131466073
2224,1.0712106460255835,1.0698788412774904,1.0669149510634568
2225,1.0712106460255835,1.070005227848401,1.0672082211549472
2226,1.0712106460255835,1.0698465043575387,1.066228377443277
2227,1.0712106460255835,1.069730800196956,1.066362937405469
2228,1.0712106460255835,1.0692813123808558,1.0642513337874075
2229,1.0712106460255835,1.069341475670413,1.062659366643686
2230,1.0712106460255835,1.0692662600183118,1.0630236885196256
2231,1.0712106460255835,1.069355861745005,1.0563872035752535
2232,1.0712106460255835,1.0693064555372618,1.0625389743612361
2233,1.0712106460255835,1.0691166699920625,1.0631699646685722
2234,1.0712106460255835,1.0689648578875866,1.0637278486861774
2235,1.0712106460255835,1.069088166053437,1.0643203359330538
2236,1.0712106460255835,1.068983550001197,1.0607831145796713
2237,1.0712106460255835,1.0687722602277197,1.056548890293506
2238,1.0712106460255835,1.0688747618411671,1.064743705419975
2239,1.0712106460255835,1.0691925971583038,1.061552261757701
2240,1.0712106460255835,1.0690059514393382,1.0633263991198803
2241,1.0712106460255835,1.0693245174091301,1.065310042884256
2242,1.0712106460255835,1.069709642269442,1.0650354367104724
2243,1.0712106460255835,1.0693775218462866,1.0653554138388706
2244,1.0712106460255835,1.068922475170643,1.0626887897872273
2245,1.0712106460255835,1.0688448960975996,1.0583530804558747
2246,1.0712106460255835,1.0684128268508148,1.0559548905336225
2247,1.0712106460255835,1.068577998058552,1.0589357611769834
2248,1.0712106460255835,1.069256145728962,1.0627899155577019
2249,1.0712106460255835,1.0696211603221937,1.0636643194855844
2250,1.0712106460255835,1.0693921907889152,1.0650434139935865
2251,1.0712106460255835,1.0696013341595205,1.065319042956784
2252,1.0712106460255835,1.0697960398094828,1.06685666024584
2253,1.0712106460255835,1.0699793255472527,1.0678205086247017
2254,1.0712106460255835,1.0697378290103579,1.0643798999672032
2255,1.0712106460255835,1.0694707112798858,1.065328026344417
2256,1.0712106460255835,1.069536649822358,1.0618487712066407
2257,1.0712106460255835,1.0699797355797005,1.064383518626755
2258,1.0712106460255835,1.070190428078453,1.066519131625847
2259,1.0712106460255835,1.0703778660342238,1.0674412046888215
2260,1.0712106460255835,1.0699938664940856,1.0641583990120633
2261,1.0712106460255835,1.0697557727464868,1.0663851620640317
2262,1.0712106460255835,1.0698143670713185,1.0660943163413235
2263,1.0712106460255835,1.069811842948067,1.067056801987397
2264,1.0712106460255835,1.0696592325146947,1.065507680174254
2265,1.0712106460255835,1.069581178142192,1.0663976982384078
2266,1.0712106460255835,1.0695287139317884,1.0662085091623998
2267,1.0712106460255835,1.0696347531893011,1.0662153209778964
2268,1.0712106460255835,1.0692987958762423,1.063494822737785
2269,1.0712106460255835,1.069155782767966,1.0644429209434212
2270,1.0712106460255835,1.0689147617630566,1.0581429259240374
2271,1.0712106460255835,1.0689269785011057,1.062013482745886
2272,1.0712106460255835,1.0691222522488533,1.0636869709850487
2273,1.0712106460255835,1.0692423696123063,1.0616692878406746
2274,1.0712106460255835,1.0688771119326372,1.0622854400222415
2275,1.0712106460255835,1.0689447631826048,1.0640143596676053
2276,1.0712106460255835,1.0688712777800424,1.062260804019283
2277,1.0712106460255835,1.0693053143179183,1.0642187732332775
2278,1.0712106460255835,1.069518423467357,1.0667876983197906
2279,1.0712106460255835,1.06920797369308,1.0633098297538215
2280,1.0712106460255835,1.0692921864983047,1.0664373000979244
2281,1.0712106460255835,1.069194679349918,1.0653635353004938
2282,1.0712106460255835,1.0692511599402155,1.0617829659265914
2283,1.0712106460255835,1.0693287455482317,1.0642816553443877
2284,1.0712106460255835,1.0692773328457157,1.0645539889162452
2285,1.0712106460255835,1.0691512037245663,1.063339071316186
2286,1.0712106460255835,1.069272689994286,1.0580202427730312
2287,1.0712106460255835,1.0694188303350944,1.0639805238600784
2288,1.0712106460255835,1.0692891583642716,1.0637982925647425
2289,1.0712106460255835,1.0694947669214638,1.064401573195952
2290,1.0712106460255835,1.069772935581297,1.064573074357388
2291,1.0712106460255835,1.0695086277760113,1.0636258136562684
2292,1.0712106460255835,1.07015549901445,1.067541343707631
2293,1.0712106460255835,1.070058846152643,1.0669127966475873
2294,1.0712106460255835,1.0698854120955326,1.063310215191278
2295,1.0712106460255835,1.0698204806964873,1.066026418597018
2296,1.0712106460255835,1.069752044904126,1.0631684549095741
2297,1.0712106460255835,1.0691623345647168,1.064020553815249
2298,1.0712106460255835,1.0693221722235788,1.0632362677522709
2299,1.0712106460255835,1.069283022667661,1.064646004588839
2300,1.0712106460255835,1.0693080578744232,1.0659673147147664
2301,1.0712106460255835,1.0693547351578483,1.063702243334909
2302,1.0712106460255835,1.0691884550104165,1.0614696808405237
2303,1.0712106460255835,1.0694069236912738,1.0654691355012216
2304,1.0712106460255835,1.0693495810112394,1.0660803212250616
2305,1.0712106460255835,1.069575587272219,1.0667567173945718
2306,1.0712106460255835,1.0697460033385342,1.0644562859179811
2307,1.0712106460255835,1.0693472441787346,1.064439962524276
2308,1.0712106460255835,1.0694455565724084,1.0653701099646156
2309,1.0712106460255835,1.0691277310715248,1.0611279877805853
2310,1.0712106460255835,1.06899521527129,1.0595774417282726
2311,1.0712106460255835,1.0686113063028793,1.0628046601106487
2312,1.0712106460255835,1.069322415222565,1.0651144984235952
2313,1.0712106460255835,1.0697787051532077,1.066041662161909
2314,1.0712106460255835,1.0697059966938018,1.061472014334063
2315,1.0712106460255835,1.0698833887663164,1.061029346496732
2316,1.0712106460255835,1.0696408822617374,1.0673324737056056
2317,1.0712106460255835,1.0700242230926091,1.0673941366829394
2318,1.0712106460255835,1.070221547941159,1.0656578499452491
2319,1.0712106460255835,1.0700279296748594,1.0655252493173761
2320,1.0712106460255835,1.0700844995306094,1.06672803093971
2321,1.0712106460255835,1.0699493699899985,1.0676408451878596
2322,1.0712106460255835,1.06989783919031,1.0669085494490655
2323,1.0712106460255835,1.0697566915830021,1.0644318034715028
2324,1.0712106460255835,1.0695975118453709,1.0644745055593579
2325,1.0712106460255835,1.0692999700877115,1.0660006365408088
2326,1.0712106460255835,1.0692397274310539,1.0641185767942534
2327,1.0712106460255835,1.0692069569325746,1.0628703975089424
2328,1.0712106460255835,1.069346767547386,1.0646477755257848
2329,1.0712106460255835,1.0694745552247122,1.0611901654507503
2330,1.0712106460255835,1.0686535552442544,1.0549955349510705
2331,1.0712106460255835,1.0688352899479547,1.057791414355914
2332,1.0712106460255835,1.069004941571938,1.061639381679829
2333,1.0712106460255835,1.0693608324283372,1.0650434713033996
2334,1.0712106460255835,1.0696865707984196,1.0657247084914778
2335,1.0712106460255835,1.0697267368534527,1.059891328683133
2336,1.0712106460255835,1.0697398570706058,1.0651884768822102
2337,1.0712106460255835,1.0697300539720862,1.0615671023800866
2338,1.0712106460255835,1.0696842830428508,1.066267069017937
2339,1.0712106460255835,1.069933153619978,1.065998686856215
2340,1.0712106460255835,1.0697256486926567,1.0668018414366947
2341,1.0712106460255835,1.069527674308098,1.065689896771494
2342,1.0712106460255835,1.0693453787220628,1.0641244625056951
2343,1.0712106460255835,1.0693419334627503,1.0607461099498143
2344,1.0712106460255835,1.0686572189251689,1.063724676167704
2345,1.0712106460255835,1.0690746174670114,1.0634907000342908
2346,1.0712106460255835,1.0692069810109712,1.0657097584259447
2347,1.0712106460255835,1.0692539499890905,1.0603385752012247
2348,1.0712106460255835,1.0693127726539298,1.0652846132279148
2349,1.0712106460255835,1.0695798530959935,1.0624644511817283
2350,1.0712106460255835,1.0690714816785494,1.0619066830070056
2351,1.0712106460255835,1.069040244945232,1.0609421383950366
2352,1.0712106460255835,1.0695128216458178,1.0645201878083546
2353,1.0712106460255835,1.069259475682862,1.0620724487525603
2354,1.0712106460255835,1.0688607232758596,1.062073120102594
2355,1.0712106460255835,1.0692832299410113,1.0633403959073826
2356,1.0712106460255835,1.0691985201531558,1.0652541958154078
2357,1.0712106460255835,1.0692071816421345,1.0603961530554995
2358,1.0712106460255835,1.0691730774743524,1.0652203785640422
2359,1.0712106460255835,1.0693810729321487,1.0648131559891634
2360,1.0712106460255835,1.069780025074672,1.0666209203326287
2361,1.0712106460255835,1.069770068032031,1.0647749701108413
2362,1.0712106460255835,1.069688092783405,1.0655220338921048
2363,1.0712106460255835,1.069331874137162,1.066764510999354
2364,1.0712106460255835,1.069540564607712,1.0664762620517543
2365,1.0712106460255835,1.0695526935030015,1.0634000646186883
2366,1.0712106460255835,1.0692601935209716,1.0644391565881255
2367,1.0712106460255835,1.0689392291934166,1.0573079496232847
2368,1.0712106460255835,1.0677532407371553,1.050208352904162
2369,1.0712106460255835,1.0674694639877325,1.0505420591430865
2370,1.0712106460255835,1.0675838173462864,1.0594704187848474
2371,1.0712106460255835,1.0675770105996225,1.0613671639400502
2372,1.0712106460255835,1.0678718346881428,1.0596932088952522
2373,1.0712106460255835,1.0683373791988549,1.0606293677041778
2374,1.0712106460255835,1.0685280505441774,1.062532829981775
2375,1.0712106460255835,1.068819664676971,1.060840573722689
2376,1.0712106460255835,1.0691480502022142,1.0644420183906744
2377,1.0712106460255835,1.068918926408224,1.0586022842643246
2378,1.0712106460255835,1.0683172282214186,1.0615954439770232
2379,1.0712106460255835,1.0687512849754348,1.062681408154655
2380,1.0712106460255835,1.0686595086280457,1.062923866928857
2381,1.0712106460255835,1.0688169411026964,1.0571723070603323
2382,1.0712106460255835,1.068788786497949,1.06240011869338
2383,1.0712106460255835,1.0688947146602372,1.0564888576813654
2384,1.0712106460255835,1.0689830338119781,1.0645717855810042
2385,1.0712106460255835,1.0690042074331254,1.0591668536442147
2386,1.0712106460255835,1.069390345381464,1.0612792043522767
2387,1.0712106460255835,1.0693682615933142,1.0657764615685912
2388,1.0712106460255835,1.0693750353672777,1.064122405518171
2389,1.0712106460255835,1.0692418760821747,1.0632247434682072
2390,1.0712106460255835,1.0696288128165947,1.0654901346591035
2391,1.0712106460255835,1.069600537212365,1.065678339353847
2392,1.0712106460255835,1.06942532893786,1.0635411139432427
2393,1.0712106460255835,1.0698363419220507,1.065223192573265
2394,1.0712106460255835,1.0698851235067135,1.0662217175282434
2395,1.0712106460255835,1.069563207458265,1.065346317665959
2396,1.0712106460255835,1.0694144857004781,1.0631781655263135
2397,1.0712106460255835,1.068539710006047,1.0585450556712641
2398,1.0712106460255835,1.0689479266004513,1.063975754258567
2399,1.0712106460255835,1.0691234621960148,1.0635785929090371
2400,1.0712106460255835,1.0693424542271877,1.0645644779551489
2401,1.0712106460255835,1.069335204021071,1.0656069018858743
2402,1.0712106460255835,1.0694555736831837,1.0643241054810784
2403,1.0712106460255835,1.069706604510464,1.0655556559506647
2404,1.0712106460255835,1.0697694419783548,1.065859681647852
2405,1.0712106460255835,1.0695348715047845,1.0661739660652816
2406,1.0712106460255835,1.0691248951863228,1.062615114472274
2407,1.0712106460255835,1.0691853589084952,1.0630837646939901
2408,1.0712106460255835,1.0693212524018814,1.0634489432545573
2409,1.0712106460255835,1.0699479125041231,1.0664224615493518
2410,1.0712106460255835,1.0697320046007655,1.065729680768475
2411,1.0712106460255835,1.0697440614291422,1.0648105961962768
2412,1.0712106460255835,1.0696174882330547,1.0645818796065443
2413,1.0712106460255835,1.0699194388227315,1.065502798594699
2414,1.0712106460255835,1.069718564530689,1.0647978421044573
2415,1.0712106460255835,1.0693252423323583,1.0616863278287063
2416,1.0712106460255835,1.0688000781753053,1.051098496289364
2417,1.0712106460255835,1.0696799694734436,1.0658541715947418
2418,1.0712106460255835,1.0696722439435964,1.064448337734445
2419,1.0712106460255835,1.069315903889403,1.0590073468196184
2420,1.0712106460255835,1.0689255704427871,1.0614894124343421
2421,1.0712106460255835,1.0688023391053485,1.0617053367908165
2422,1.0712106460255835,1.0689707228868395,1.0648713135339736
2423,1.0712106460255835,1.068840508399167,1.0625527840629791
2424,1.0712106460255835,1.0685293049818891,1.0591847089104456
2425,1.0712106460255835,1.0687003403293651,1.061063432018178
2426,1.0712106460255835,1.0693651159537938,1.0592390265990623
2427,1.0712106460255835,1.0692558951823319,1.0616376672739718
2428,1.0712106460255835,1.068991972008631,1.057296998200214
2429,1.0712106460255835,1.0691964263378153,1.0642096205445775
2430,1.0712106460255835,1.0689873803937293,1.0600318621061366
2431,1.0712106460255835,1.069308229444435,1.0642503444708695
2432,1.0712106460255835,1.0696343888061346,1.065465226553266
2433,1.0712106460255835,1.0694242987190465,1.0606654910467945
2434,1.0712106460255835,1.0685572577188345,1.0513171012200968
2435,1.0712106460255835,1.0692516108979382,1.063435512061032
2436,1.0712106460255835,1.0690491039140975,1.0645569651841131
2437,1.0712106460255835,1.0686301117679649,1.0521220221242231
2438,1.0712106460255835,1.0682708951029203,1.0599567241015895
2439,1.0712106460255835,1.0682869278328202,1.0611062313763335
2440,1.0712106460255835,1.0686937803334708,1.0540070872531875
2441,1.0712106460255835,1.0688931827239971,1.0631172325973632
2442,1.0712106460255835,1.0691783943931839,1.0647745352533107
2443,1.0712106460255835,1.0691919681211757,1.066231581439837
2444,1.0712106460255835,1.0692169021920281,1.0631005357194463
2445,1.0712106460255835,1.0686450700970502,1.0609218232304447
2446,1.0712106460255835,1.0681499834286483,1.057392003769639
2447,1.0712106460255835,1.0678640152613774,1.0614165908550972
2448,1.0712106460255835,1.067935135221521,1.0608749796737984
2449,1.0712106460255835,1.0671742827144606,1.0563340324343111
2450,1.0712106460255835,1.0673691156326017,1.0619627853736295
2451,1.0712106460255835,1.0682258127414919,1.063684400543388
2452,1.0712106460255835,1.0686729109080935,1.065427418533275
2453,1.0712106460255835,1.068674299124743,1.0643663891370463
2454,1.0712106460255835,1.069089081263821,1.0660128381112102
2455,1.0712106460255835,1.0693121332958402,1.0653104806056692
2456,1.0712106460255835,1.068963788934241,1.0597550667465883
2457,1.0712106460255835,1.0687624840176637,1.063889402390931
2458,1.0712106460255835,1.0694705952495607,1.066591256187661
2459,1.0712106460255835,1.0696660959103101,1.064206227528105
2460,1.0712106460255835,1.0695463424811458,1.066952962142881
2461,1.0712106460255835,1.0696442596235989,1.0658636648494322
2462,1.0712106460255835,1.069333605247007,1.0657754385239
2463,1.0712106460255835,1.0695436890844399,1.0654814256888694
2464,1.0712106460255835,1.0695694495274182,1.0620073479902068
2465,1.0712106460255835,1.0693654329153137,1.064363233748499
2466,1.0712106460255835,1.069630001358944,1.0629512348070962
2467,1.0712106460255835,1.0695443280549806,1.059602820191063
2468,1.0712106460255835,1.069485522523468,1.0623677229653086
2469,1.0712106460255835,1.0685641414718527,1.0547443898562439
2470,1.0712106460255835,1.0689351686043818,1.06153548541192
2471,1.0712106460255835,1.0690089853117484,1.064144858318623
2472,1.0712106460255835,1.0692785784778853,1.0648635723366715
2473,1.0712106460255835,1.0692344658511432,1.0668571667448474
2474,1.0712106460255835,1.069563450128189,1.0645904012857195
2475,1.0712106460255835,1.0691807393503794,1.062311397576317
2476,1.0712106460255835,1.0685365074256155,1.0635044009671337
2477,1.0712106460255835,1.06890057756443,1.0526892325541033
2478,1.0712106460255835,1.0689028222045673,1.0584018744039168
2479,1.0712106460255835,1.0685167856173308,1.0530475303787907
2480,1.0712106460255835,1.0681682542986082,1.059177126570975
2481,1.0712106460255835,1.067944733400858,1.0614554125923905
2482,1.0712106460255835,1.0685660498158425,1.0608896543548099
2483,1.0712106460255835,1.0684875378711152,1.0559599473038428
2484,1.0712106460255835,1.0689950107264539,1.0616803166227826
2485,1.0712106460255835,1.0687163657937229,1.0647335569886174
2486,1.0712106460255835,1.0692260845627717,1.0649641899839186
2487,1.0712106460255835,1.0691109734570101,1.063043653916937
2488,1.0712106460255835,1.0691615035872468,1.0640973034494676
2489,1.0712106460255835,1.0690250731790956,1.0625855354355536
2490,1.0712106460255835,1.068432420471913,1.0465345881788704
2491,1.0712106460255835,1.0686860343445148,1.0650307116477529
2492,1.0712106460255835,1.0684845789292607,1.0647083592843223
2493,1.0712106460255835,1.0683317400458359,1.062024236569667
2494,1.0712106460255835,1.0681136284993251,1.0596971669780433
2495,1.0712106460255835,1.0676793578259933,1.0578457229255331
2496,1.0712106460255835,1.0678513700556447,1.0640127667749781
2497,1.0712106460255835,1.0682691000844093,1.0649453797745594
2498,1.0712106460255835,1.0686227092627993,1.0643648384334021
2499,1.0712106460255835,1.0686786592180273,1.064618798643734
2500,1.0712118960639958,1.0687816536224768,1.062669627956378
2501,1.0712118960639958,1.0689983685129607,1.062682657389524
2502,1.0712118960639958,1.0691268787415895,1.062214595829071
2503,1.0712118960639958,1.069564943532911,1.065761573884556
2504,1.0712118960639958,1.0697305516852136,1.062409835698912
2505,1.0712118960639958,1.06932209022812,1.0621102993992895
2506,1.0712118960639958,1.0689223232744125,1.0608255914625189
2507,1.0712118960639958,1.0685353360387584,1.0606039311459234
2508,1.0712118960639958,1.0686021507312824,1.0620759036185463
2509,1.0712118960639958,1.0685350131684972,1.0620423160290677
2510,1.0712118960639958,1.0683430142905959,1.0635342147036924
2511,1.0712118960639958,1.069014253523551,1.0549687987120582
2512,1.0712118960639958,1.0693546192949517,1.0655850808472251
2513,1.0712118960639958,1.0696433255820201,1.0657928632902094
2514,1.0712118960639958,1.0693346616666226,1.0642691377085032
2515,1.0712118960639958,1.068952187863729,1.063152327196593
2516,1.0712118960639958,1.0693678265146607,1.0629063843292859
2517,1.0712118960639958,1.0689235896258529,1.0634017956242845
2518,1.0712118960639958,1.0685222532977772,1.062776562211996
2519,1.0712118960639958,1.068642806564257,1.0645820721307988
2520,1.0712118960639958,1.0686889754312916,1.0615430568084285
2521,1.0712118960639958,1.0684620864902126,1.0635854139370542
2522,1.0712118960639958,1.0690699560984058,1.0635767585455822
2523,1.0712118960639958,1.0695614529952935,1.0645969891821156
2524,1.0712118960639958,1.0700627233480424,1.0668656881084528
2525,1.0712118960639958,1.069922409602108,1.0659809618172376
2526,1.0712118960639958,1.0697073545404086,1.0629612366332175
2527,1.0712118960639958,1.0695985534254826,1.0646350207890376
2528,1.0712118960639958,1.0696648760459955,1.0629511855888227
2529,1.0712118960639958,1.0694260269265101,1.0639766136031963
2530,1.0712118960639958,1.0696050278512383,1.0650839767223208
2531,1.0712118960639958,1.0692753487986835,1.0603434658675503
2532,1.0712118960639958,1.069097115331566,1.062600905912969
2533,1.0712118960639958,1.068648198337957,1.060654158427111
2534,1.0712118960639958,1.069106815601898,1.063418595788642
2535,1.0712118960639958,1.0690385364546033,1.0620588171909686
2536,1.0712118960639958,1.068499253229648,1.056259778439527
2537,1.0712118960639958,1.0685140820134376,1.0617755357677587
2538,1.0712118960639958,1.0686913843082126,1.0567357617139834
2539,1.071332189673128,1.0689832281523763,1.0636553622444496
2540,1.071332189673128,1.0689685931754342,1.0652643570165414
2541,1.071332189673128,1.0694688891072035,1.0644051428714012
2542,1.071332189673128,1.0696675036059795,1.0651626656310764
2543,1.071332189673128,1.069426187218187,1.0648680349214612
2544,1.071332189673128,1.069366534208122,1.063085898192917
2545,1.071332189673128,1.0684606278878446,1.0565822789527985
2546,1.071332189673128,1.06820944219011,1.059251019703867
2547,1.071332189673128,1.0684788807560928,1.058857603077442
2548,1.071332189673128,1.0691323950859044,1.0661089961853023
2549,1.071332189673128,1.0692768628523606,1.064180758513968
2550,1.071332189673128,1.0692486957383587,1.0602945584167485
2551,1.071332189673128,1.0683325186962842,1.039778079106474
2552,1.071332189673128,1.0680134850665346,1.0599341769327286
2553,1.071332189673128,1.0683193410944272,1.0612676064205206
2554,1.071332189673128,1.0687904808510504,1.0640274508641656
2555,1.071332189673128,1.0687353346696584,1.055765791864378
2556,1.071332189673128,1.0686463303482356,1.0591086678561816
2557,1.071332189673128,1.0689025897618287,1.0608841256815595
2558,1.071332189673128,1.068775422012815,1.061279979058632
2559,1.071332189673128,1.068894635578861,1.063084687071582
2560,1.071332189673128,1.0690733124957164,1.063213171856546
2561,1.071332189673128,1.069519094246242,1.065046131016392
2562,1.071332189673128,1.069439182524397,1.0627359559498846
2563,1.071332189673128,1.069084530247747,1.0636394997461087
2564,1.071332189673128,1.0693346588505155,1.0634267055190147
2565,1.071332189673128,1.0691377214454532,1.0649800065554529
2566,1.071332189673128,1.069301741303069,1.0641784684761728
2567,1.071332189673128,1.069001742923072,1.0609632769804083
2568,1.071332189673128,1.0685373106240466,1.0559754138808493
2569,1.071332189673128,1.067910545700498,1.0587109833815447
2570,1.071332189673128,1.067519253913411,1.0607206225797965
2571,1.071332189673128,1.0677568383665978,1.0566075776693824
2572,1.071332189673128,1.0682376960953561,1.0605321565598973
2573,1.071332189673128,1.0681268691159438,1.0620013955709167
2574,1.071332189673128,1.068959415455753,1.0637747667515152
2575,1.071332189673128,1.069000361056311,1.0609019671056275
2576,1.071332189673128,1.0692996263255514,1.0586918806834777
2577,1.071332189673128,1.0692113152431282,1.0657678206538888
2578,1.071332189673128,1.0695636373033168,1.0648150556635
2579,1.071332189673128,1.0694934544749664,1.0653763329407917
2580,1.071332189673128,1.0691170820811167,1.0565365246582514
2581,1.071332189673128,1.0688196565673298,1.0620422653019899
2582,1.071332189673128,1.0684767738400407,1.0620160995558816
2583,1.071332189673128,1.0684237585385947,1.0544414611605457
2584,1.071332189673128,1.0688529350183087,1.0626835220142725
2585,1.071332189673128,1.069332727851901,1.0555968287135897
2586,1.071332189673128,1.0693721294422371,1.0643910470052833
2587,1.071332189673128,1.0689133577189138,1.0611954210426258
2588,1.071332189673128,1.0680952774990942,1.0596907924766974
2589,1.071332189673128,1.0677951124942229,1.057040589919266
2590,1.071332189673128,1.0679227881997793,1.0498067846378252
2591,1.071332189673128,1.0678970155984464,1.0512644888590197
2592,1.071332189673128,1.0677481604910237,1.0556087808290977
2593,1.071332189673128,1.0674633799096662,1.046755337007037
2594,1.071332189673128,1.0669068446277288,1.0569687428037988
2595,1.071332189673128,1.068350534918439,1.0603557563383847
2596,1.071332189673128,1.0690690553490876,1.0618540052697192
2597,1.071332189673128,1.0691957135511347,1.0639129694689065
2598,1.071332189673128,1.0693063416055109,1.06474995017044
2599,1.071332189673128,1.0694053238374732,1.065092301527948
2600,1.071332189673128,1.0693952984465391,1.0627828944065811
2601,1.071332189673128,1.069387175275482,1.066051459725252
2602,1.071332189673128,1.0697433224660484,1.0663644066155287
2603,1.071332189673128,1.0696074239340043,1.0609249101098928
2604,1.071332189673128,1.0694310318709384,1.0660218976008757
2605,1.071332189673128,1.0697902966978818,1.0655812270250349
2606,1.071332189673128,1.0693741427711867,1.0645605973524905
2607,1.071332189673128,1.0692638304595286,1.0626546968480868
2608,1.071332189673128,1.0696536149745939,1.066883665737584
2609,1.071332189673128,1.0696616948296809,1.0630154361065172
2610,1.071332189673128,1.0697179820132616,1.0661340450154566
2611,1.071332189673128,1.0695502782306823,1.065652462810082
2612,1.071332189673128,1.0690322502034812,1.05764655258475
2613,1.071332189673128,1.0687650770434312,1.0631686243009837
2614,1.071332189673128,1.0680144536383072,1.054999631272353
2615,1.071332189673128,1.0681088571073374,1.0590561522409327
2616,1.071332189673128,1.068570211302016,1.062753505037417
2617,1.071332189673128,1.0686860153173556,1.0654945230610047
2618,1.071332189673128,1.0688491860998044,1.0603916425589648
2619,1.071332189673128,1.0690925607551451,1.0604678376590027
2620,1.071332189673128,1.0694394594339445,1.0629407052915734
2621,1.071332189673128,1.0691152660552934,1.0648737355517777
2622,1.071332189673128,1.0690977659852587,1.0561110464760077
2623,1.071332189673128,1.069279181453052,1.0569689818138703
2624,1.071332189673128,1.0693073752400915,1.064239485354614
2625,1.071332189673128,1.0693604272304398,1.064636670341204
2626,1.071332189673128,1.0696011580538445,1.0646507112208663
2627,1.071332189673128,1.0695860222684284,1.0644210596151245
2628,1.071332189673128,1.06933479313597,1.06292013170637
2629,1.071332189673128,1.069145987798099,1.062563364274781
2630,1.071332189673128,1.069334886415513,1.0616204586317588
2631,1.071332189673128,1.0689597153829797,1.0621807658388043
2632,1.071332189673128,1.0692075047631695,1.061451059623135
2633,1.071332189673128,1.068877070299263,1.0638757739292233
2634,1.071332189673128,1.0686205525125465,1.0607351161632528
2635,1.071332189673128,1.0687839124415865,1.0617349188255347
2636,1.071332189673128,1.0686292804407294,1.0610399257848186
2637,1.071332189673128,1.0688267709161001,1.063654700098963
2638,1.071332189673128,1.0699545350148407,1.0672452648425739
2639,1.071332189673128,1.069780160229874,1.0629708710488923
2640,1.071332189673128,1.069886856675402,1.065863854678382
2641,1.071332189673128,1.0700238792905528,1.062648713924215
2642,1.071332189673128,1.0695476861133868,1.0643401341468763
2643,1.071332189673128,1.069148413318316,1.0656325850389852
2644,1.071332189673128,1.0693948238037299,1.06415806935861
2645,1.071332189673128,1.0695053949287974,1.0656674533137944
2646,1.071332189673128,1.069366271153465,1.0660459280539651
2647,1.071332189673128,1.0696169695588922,1.0649325156034646
2648,1.071332189673128,1.0696619727013839,1.0653045808745787
2649,1.071332189673128,1.0696273821027158,1.0652231196156114
2650,1.071332189673128,1.0697960511141014,1.0623070373825971
2651,1.071332189673128,1.0693573353987054,1.0654058204727428
2652,1.071332189673128,1.0692666872919947,1.0588871231412504
2653,1.071332189673128,1.0686059650776187,1.0588979996387307
2654,1.071332189673128,1.0681753941599208,1.0610478257895166
2655,1.071332189673128,1.0687160253870551,1.0610128720242493
2656,1.071332189673128,1.069063713421298,1.0615167234826108
2657,1.071332189673128,1.0691399762240854,1.0627789500850693
2658,1.071332189673128,1.069429188155061,1.0631086534726653
2659,1.071332189673128,1.0692470007984434,1.0637211265308366
2660,1.071332189673128,1.0691621220928094,1.0638804871553593
2661,1.071332189673128,1.0694793642198361,1.0590285483693198
2662,1.071332189673128,1.0689367313553868,1.065328686014834
2663,1.071332189673128,1.069127389263062,1.062277653629395
2664,1.071332189673128,1.0692962069011487,1.06488672694534
2665,1.071332189673128,1.0692771251963722,1.0660156334688575
2666,1.071332189673128,1.0689931517496531,1.0607034730586218
2667,1.071332189673128,1.0695043128292159,1.0648909590918127
2668,1.071332189673128,1.0692436012501378,1.055686297129889
2669,1.071332189673128,1.0684459012763439,1.0606411744061353
2670,1.071332189673128,1.0685158451319416,1.0619419586153303
2671,1.071332189673128,1.0688118349175568,1.0646034596010319
2672,1.071332189673128,1.0689368628189717,1.0608892947997308
2673,1.071332189673128,1.0681244309249178,1.0460105270890474
2674,1.071332189673128,1.068523240986253,1.0600763320156685
2675,1.071332189673128,1.0685238186465107,1.0593209092337674
2676,1.071332189673128,1.0693857979828834,1.0640191266469128
2677,1.071332189673128,1.0694110468039717,1.065784898983723
2678,1.071332189673128,1.0693464915639084,1.063978572033442
2679,1.071332189673128,1.069274008426954,1.0623251248177428
2680,1.071332189673128,1.069224272347155,1.0629259666093804
2681,1.071332189673128,1.069183352564346,1.064485960651885
2682,1.071332189673128,1.069133992259885,1.0578164748622543
2683,1.071332189673128,1.0692620387794833,1.0606261816755875
2684,1.071332189673128,1.069594372633989,1.065103830112468
2685,1.071332189673128,1.0695129564800803,1.065605770847841
2686,1.071332189673128,1.0697878928557203,1.0654449167428048
2687,1.0713404278203125,1.0692362815764473,1.0641078280849463
2688,1.0713404278203125,1.0688598454955456,1.0639144776809308
2689,1.0713404278203125,1.0686050347086262,1.053598770916495
2690,1.0713404278203125,1.0682770012493124,1.0591368680772963
2691,1.0713404278203125,1.0688573261749743,1.0583653642869806
2692,1.0713404278203125,1.0687203439075668,1.061334624524829
2693,1.0713404278203125,1.0693026510315407,1.0618328244929285
2694,1.0713404278203125,1.0698090050717115,1.0649900385780087
2695,1.0713404278203125,1.0696625566624818,1.063437690852155
2696,1.0713404278203125,1.0697403398692362,1.066398811181475
2697,1.0713404278203125,1.0697259092804985,1.0634563740943166
2698,1.0713404278203125,1.0697705012949372,1.062007083827022
2699,1.0713404278203125,1.0699224599634087,1.0656046394608873
2700,1.0713404278203125,1.0700610009204183,1.0663911686801453
2701,1.0713404278203125,1.0695317214615967,1.0623149799611857
2702,1.0713404278203125,1.0694242027944696,1.0638530516983806
2703,1.0713404278203125,1.069420308253736,1.0624373362723885
2704,1.0713404278203125,1.0694818762869398,1.064724950631455
2705,1.0713404278203125,1.0693985322065576,1.0643125885177387
2706,1.0713404278203125,1.069540846932325,1.0614789189421912
2707,1.0713404278203125,1.0690357048600245,1.0639656004543823
2708,1.0713404278203125,1.0692863921570963,1.065148538055378
2709,1.0713404278203125,1.0694877033269874,1.0658679242773064
2710,1.0713404278203125,1.0696397927699604,1.0641777600468751
2711,1.0713404278203125,1.0693306518913057,1.063802301737549
2712,1.0713404278203125,1.0691347754778284,1.0647131912064893
2713,1.0713404278203125,1.0694543818738034,1.0654680405180823
2714,1.0713404278203125,1.0696056853343185,1.0672032249892096
2715,1.0713404278203125,1.0696170956699658,1.0638329535448527
2716,1.0713404278203125,1.0694363155027735,1.06314640704885
2717,1.0713404278203125,1.0690246948411484,1.0646146373164271
2718,1.0713404278203125,1.0690420004642476,1.0570341472536617
2719,1.0713404278203125,1.0693902675823692,1.0643273688765982
2720,1.0713404278203125,1.0686629439484667,1.0549273102063759
2721,1.0713404278203125,1.068230261156576,1.0577909112936366
2722,1.0713404278203125,1.0680695365203554,1.0595007020318563
2723,1.0713404278203125,1.0685755185635364,1.0631310841076949
2724,1.0713404278203125,1.0684551995330183,1.053015885297307
2725,1.0713404278203125,1.068239164844323,1.058874239931011
2726,1.0713404278203125,1.0678596631837372,1.0590769904887396
2727,1.0713404278203125,1.0678534312212786,1.059641491137528
2728,1.0713404278203125,1.0672406332634838,1.0547043470070325
2729,1.0713404278203125,1.0674688050958974,1.0561052350496882
2730,1.0713404278203125,1.0682774343069246,1.0574412200661178
2731,1.0713404278203125,1.067989733690359,1.0586708077710085
2732,1.0713404278203125,1.0675886270754982,1.0525332368461178
2733,1.0713404278203125,1.0673675615749654,1.0577501246893615
2734,1.0713404278203125,1.066819661228953,1.0555288246559655
2735,1.0713404278203125,1.0668532525557821,1.0562727025557261
2736,1.0713404278203125,1.0671540110133342,1.0503299345233423
2737,1.0713404278203125,1.0675864131130448,1.0583267886974765
2738,1.0713404278203125,1.0673780740102816,1.0617776534669843
2739,1.0713404278203125,1.0674833928948608,1.0602491414902997
2740,1.0713404278203125,1.0685626688632428,1.0622679376507225
2741,1.0713404278203125,1.068709925099496,1.0611804233503517
2742,1.0713404278203125,1.0683097876617393,1.0609297678153782
2743,1.0713404278203125,1.06798379019053,1.0563104711410947
2744,1.0713404278203125,1.0680490403618164,1.0530709152047713
2745,1.0713404278203125,1.0683606734931872,1.0625023579867505
2746,1.0713404278203125,1.068638369725929,1.0636374261188806
2747,1.0713404278203125,1.068868264530993,1.0642678307034752
2748,1.0713404278203125,1.0692005223314378,1.0660478145621737
2749,1.0713404278203125,1.0694524961766383,1.066621839408171
2750,1.0713404278203125,1.0696099006722384,1.0665212408989397
2751,1.0713404278203125,1.0694828713756104,1.057297818478421
2752,1.0713404278203125,1.0687901349853535,1.059584153301032
2753,1.0713404278203125,1.0692442867989158,1.0642269805881919
2754,1.0713404278203125,1.069155611719446,1.063344849378959
2755,1.0713404278203125,1.0688383106523789,1.0590863676189284
2756,1.0713404278203125,1.0687775433084814,1.0588851546500058
2757,1.0713404278203125,1.0686974185263773,1.0610187673591154
2758,1.0713404278203125,1.0690868117438312,1.065700842362473
2759,1.0713404278203125,1.0691914783727012,1.0647703196550697
2760,1.0713404278203125,1.0689348281412085,1.060473157326758
2761,1.0713404278203125,1.0690299245558692,1.0603428109739526
2762,1.0713404278203125,1.0692551843339368,1.046579422480268
2763,1.0713404278203125,1.0687484551790352,1.0635297584955727
2764,1.0713404278203125,1.0681845506743135,1.0604585081845435
2765,1.0713404278203125,1.067802713565136,1.0609240191323095
2766,1.0713404278203125,1.0678617689544665,1.057726224288959
2767,1.0713404278203125,1.0679525866992234,1.0621218497715017
2768,1.0713404278203125,1.0673337251542985,1.05924275018775
2769,1.0713404278203125,1.06750675975662,1.0583950130313124
2770,1.0713404278203125,1.067911041679004,1.060828401117603
2771,1.0713404278203125,1.0687395659248247,1.0621526464437159
2772,1.0713404278203125,1.0690282591255362,1.0634485435466459
2773,1.0713404278203125,1.0693128138107018,1.0634248299213467
2774,1.0713404278203125,1.0690957144282802,1.0557204796172042
2775,1.0713404278203125,1.0693377860769993,1.0644940307428692
2776,1.0713404278203125,1.0693479796452008,1.0633566967940649
2777,1.0713404278203125,1.0692522370276547,1.061137546319481
2778,1.0713404278203125,1.0690817729154976,1.0608489018770413
2779,1.0713404278203125,1.0693131708760253,1.0658242899071584
2780,1.0713404278203125,1.0694798848273934,1.067659800200931
2781,1.0713404278203125,1.0697035454355497,1.0670157127094877
2782,1.0713404278203125,1.069745390357484,1.0660431209373247
2783,1.0713404278203125,1.070047646763177,1.0660983419983396
2784,1.0713404278203125,1.0697379135538605,1.0599103814046142
2785,1.0713404278203125,1.069003892236136,1.0490359321478162
2786,1.0713404278203125,1.069230885575723,1.0628517446264987
2787,1.0713404278203125,1.0691428565656018,1.060132108355551
2788,1.0713404278203125,1.0691231944198862,1.0622164404701038
2789,1.0713404278203125,1.0689043375631844,1.0629201782870785
2790,1.0713404278203125,1.069363485992501,1.0643111591975183
2791,1.0713404278203125,1.069193057085445,1.0606900729958708
2792,1.0713404278203125,1.0690606293181129,1.0638107140771886
2793,1.0713404278203125,1.0685119362984037,1.0563320716652895
2794,1.0713404278203125,1.0683397677646447,1.0553972859307508
2795,1.0713404278203125,1.0682884822929193,1.0597893195018218
2796,1.0713404278203125,1.0679908552298985,1.0598310018488255
2797,1.0713404278203125,1.0687396876938555,1.0622712568850887
2798,1.0713404278203125,1.0687515408207895,1.062505648786484
2799,1.0713404278203125,1.0688500970265293,1.0640130119088365
2800,1.0713404278203125,1.0688842126419371,1.0638999470848325
2801,1.0713404278203125,1.0689191597121444,1.064022045548485
2802,1.0713404278203125,1.0689570391545729,1.0633678731919254
2803,1.0713404278203125,1.0690053603520173,1.0656632142812836
2804,1.0713404278203125,1.068588410189988,1.0633345424496405
2805,1.0713404278203125,1.06929797381322,1.0663058095651257
2806,1.0713404278203125,1.0693646609837302,1.0649923670940793
2807,1.0713404278203125,1.0690411186596362,1.0655267055776407
2808,1.0713404278203125,1.0690574147794205,1.0586045103178003
2809,1.0713404278203125,1.06873525210245,1.0560207917246662
2810,1.0713404278203125,1.0693347526944201,1.061865664005078
2811,1.0713404278203125,1.069263242292241,1.0633358031548412
2812,1.0713404278203125,1.0688657135606294,1.0604039140444694
2813,1.0713404278203125,1.068782513507503,1.0625572967617587
2814,1.0713404278203125,1.068968222558679,1.0650978731309804
2815,1.0713404278203125,1.0695124544931038,1.063190147419972
2816,1.0713404278203125,1.0690326919628381,1.0608678296545766
2817,1.0713404278203125,1.0695792345162305,1.0639189965689908
2818,1.0713404278203125,1.0698661223322277,1.0664126365262716
2819,1.0713404278203125,1.0699690064980236,1.0660613893548336
2820,1.0713404278203125,1.0697995052814446,1.057107507762613
2821,1.0713404278203125,1.0695237836533475,1.064561614813986
2822,1.0713404278203125,1.0688529325450815,1.0616991402402776
2823,1.0713404278203125,1.0694098631599998,1.0625264644586037
2824,1.0713404278203125,1.0697256548622927,1.0638470996089775
2825,1.0713404278203125,1.0693302126873452,1.0611503134738403
2826,1.0713404278203125,1.069449449080291,1.0547700224736027
2827,1.0713404278203125,1.0687543614177062,1.058076082049685
2828,1.0713404278203125,1.0685979300692316,1.0603571397371676
2829,1.0713404278203125,1.0684140545214547,1.0629348035976052
2830,1.0713404278203125,1.0684563198265884,1.0630218649112786
2831,1.0713404278203125,1.0680052346505442,1.0596109626715307
2832,1.0713404278203125,1.0685796789049251,1.0613181043523463
2833,1.0713404278203125,1.068561750868597,1.0634512722487124
2834,1.0713404278203125,1.068668263522624,1.063992617722868
2835,1.0713404278203125,1.0693088121246463,1.057854111809735
2836,1.0713404278203125,1.0692427896759369,1.066053789572601
2837,1.0713404278203125,1.0691226271960403,1.0652933331632044
2838,1.0713404278203125,1.0684039249635797,1.0624906537206962
2839,1.0713404278203125,1.0693328530923438,1.064839656726281
2840,1.0713404278203125,1.0696952433231077,1.0638485867829142
2841,1.0713404278203125,1.0698362551581597,1.0664973604224808
2842,1.0713404278203125,1.0692929643998996,1.064509102829948
2843,1.0713404278203125,1.0693114327848945,1.0603161892083433
2844,1.0713404278203125,1.0688368760351066,1.0621092079164067
2845,1.0713404278203125,1.068616423013097,1.0591181736060835
2846,1.0713404278203125,1.0687159218540982,1.0563169041631046
2847,1.0713404278203125,1.068439559945829,1.0640741249784147
2848,1.0713404278203125,1.068893668844731,1.063904892577782
2849,1.0713404278203125,1.0692698018347124,1.0646623379570492
2850,1.0713404278203125,1.0695359151517934,1.0657064086220869
2851,1.0713404278203125,1.0694871558707806,1.0628926586867458
2852,1.0713404278203125,1.0691385131975601,1.0583414479506557
2853,1.0713404278203125,1.0688266569050082,1.0627996262867039
2854,1.0713404278203125,1.0689388186030526,1.0607708048011895
2855,1.0713404278203125,1.069131785405391,1.0638148588815954
2856,1.0713404278203125,1.0691876488406136,1.0644373658170756
2857,1.0713404278203125,1.0692045041193794,1.060708685214308
2858,1.0713404278203125,1.0691555178347236,1.0610239347780617
2859,1.0713404278203125,1.0689852155800286,1.0609082221891883
2860,1.0713404278203125,1.0689036628989832,1.0626220776226587
2861,1.0713404278203125,1.0690572093890838,1.058359803315847
2862,1.0713404278203125,1.06810016833432,1.0533616213552663
2863,1.0713404278203125,1.0680580300203897,1.0583553478790324
2864,1.0713404278203125,1.0675830071385448,1.0588567642638882
2865,1.0713404278203125,1.067740136533544,1.056230668931554
2866,1.0713404278203125,1.0675068275200956,1.0569602647713308
2867,1.0713404278203125,1.068013615263824,1.0615480477071033
2868,1.0713404278203125,1.068106991281808,1.0603204729407536
2869,1.0713404278203125,1.068612072247731,1.0610333431002528
2870,1.0713404278203125,1.0687193303095421,1.0632030326377153
2871,1.0713404278203125,1.0691323379544635,1.0638853257318481
2872,1.0713404278203125,1.0697410853208285,1.0660694717423915
2873,1.0713404278203125,1.0698183467281879,1.0659932775241578
2874,1.0713404278203125,1.0699470676848566,1.0672346164934847
2875,1.0713404278203125,1.0697037456104688,1.0678268728497837
2876,1.0713404278203125,1.0696684867894617,1.0671243611442962
2877,1.0713404278203125,1.0695812953126937,1.0666131148615428
2878,1.0713404278203125,1.0698453678568156,1.065406701194163
2879,1.0713404278203125,1.0696139594261127,1.0661277170740737
2880,1.0713404278203125,1.0696809480931837,1.0666126431007874
2881,1.0713404278203125,1.0696363541531044,1.0666244628197439
2882,1.0713404278203125,1.0696745443126148,1.062804148707034
2883,1.0713404278203125,1.0694877011159911,1.0647506935295687
2884,1.0713404278203125,1.0692659474857948,1.063141335013881
2885,1.0713404278203125,1.0691394395825318,1.0638117049832032
2886,1.0713404278203125,1.069246876144544,1.0618424096435861
2887,1.0713404278203125,1.0695823566286513,1.0625265916167552
2888,1.0713404278203125,1.069944220248332,1.0638816740939046
2889,1.0713404278203125,1.0698596167091834,1.0657033895187216
2890,1.0713404278203125,1.0695825114899562,1.058784971614415
2891,1.0713404278203125,1.0693753407258455,1.0637557492352157
2892,1.0713404278203125,1.06938625673432,1.0610497620157284
2893,1.0713404278203125,1.0695601472079148,1.064543079092853
2894,1.0713404278203125,1.06966338021938,1.0644598063507866
2895,1.0713404278203125,1.0698420765970673,1.0649469888149592
2896,1.0713404278203125,1.070204564723828,1.0638254903714555
2897,1.0713404278203125,1.0698861249890603,1.0667735886752545
2898,1.0713404278203125,1.070055662240722,1.067659069700215
2899,1.0713404278203125,1.0703086861389708,1.0673954789706168
2900,1.0713404278203125,1.0704565977815925,1.0682420048831907
2901,1.0713404278203125,1.0703562596214775,1.0667600891796687
2902,1.0713404278203125,1.0702469840063484,1.066229093124177
2903,1.0713404278203125,1.0700648554007561,1.0627981860714812
2904,1.0713404278203125,1.070087385902835,1.065403971846206
2905,1.0713404278203125,1.0703573053107982,1.0678706682852623
2906,1.0713404278203125,1.0704377984117164,1.066591323106753
2907,1.0713404278203125,1.0701047524584681,1.0674265118702522
2908,1.0713404278203125,1.0699160014122984,1.0646309773484353
2909,1.0713404278203125,1.0698991622754603,1.065856099346041
2910,1.0713404278203125,1.069959578604804,1.0660419265984984
2911,1.0713404278203125,1.0695837945569628,1.0642095343382187
2912,1.0713404278203125,1.069307539465082,1.0590222519974244
2913,1.0713404278203125,1.0690513285878909,1.0608117655094573
2914,1.0713404278203125,1.0688642857063124,1.0625169534011203
2915,1.0713404278203125,1.0690307848357283,1.0611968409329662
2916,1.0713404278203125,1.0693149542079912,1.0631010344396317
2917,1.0713404278203125,1.069657778945131,1.0645532501824944
2918,1.0713404278203125,1.0694299910337606,1.0626382071085574
2919,1.0713404278203125,1.0695041816265418,1.066366751873986
2920,1.0713404278203125,1.0696231115597084,1.0653674759173652
2921,1.0713404278203125,1.0693921891362432,1.0659152632679638
2922,1.0713404278203125,1.0691905451974373,1.0614403350081685
2923,1.0713404278203125,1.0689658926060241,1.0643093846115976
2924,1.0713404278203125,1.0689762810363552,1.066316560838302
2925,1.0713404278203125,1.0693206993198416,1.0645532826337745
2926,1.0713404278203125,1.0691239229883476,1.0656225506193793
2927,1.0713404278203125,1.0692867800320272,1.06529335003792
2928,1.0713404278203125,1.0689607634745502,1.0648672294648451
2929,1.0713404278203125,1.0692927842987168,1.0615322654720178
2930,1.0713404278203125,1.0694087168448434,1.061627109574325
2931,1.0713404278203125,1.0691364973856885,1.0635583023417265
2932,1.0713404278203125,1.0697008620208164,1.0653986095044736
2933,1.0713404278203125,1.0697847470226385,1.066613156065885
2934,1.0713404278203125,1.0696899236814266,1.0638070209665145
2935,1.0713404278203125,1.0690273515083382,1.0571552124815022
2936,1.0713404278203125,1.069163539861882,1.0620493828077349
2937,1.0713404278203125,1.0692104355674155,1.0649929168225127
2938,1.0713404278203125,1.069177199654486,1.0654332706650045
2939,1.0713404278203125,1.0690263447874049,1.0559078428802433
2940,1.0713404278203125,1.068846525529656,1.0633078054301606
2941,1.0713404278203125,1.0688996214382867,1.0595890050973629
2942,1.0713404278203125,1.0685630126819934,1.0644158881519845
2943,1.0713404278203125,1.0689231120609497,1.0642139117787501
2944,1.0713404278203125,1.0686615362046776,1.064349016205856
2945,1.0713404278203125,1.068985309865402,1.0637839123240571
2946,1.0713404278203125,1.0684933167692021,1.063643797099314
2947,1.0713404278203125,1.0681089809870248,1.0597630080567106
2948,1.0713404278203125,1.0681362686579496,1.0631204716126366
2949,1.0713404278203125,1.067971230798927,1.0595690019440707
2950,1.0713404278203125,1.0679855259206699,1.0586918269329582
2951,1.0713404278203125,1.067974064535353,1.0597642881910634
2952,1.0713404278203125,1.068269735201093,1.0606034124254804
2953,1.0713404278203125,1.0684316185283,1.0638370367437218
2954,1.0713404278203125,1.0682903381552464,1.0613269302678063
2955,1.0713404278203125,1.0685143867214275,1.059337544649901
2956,1.0713404278203125,1.0684347805425516,1.0611688176480056
2957,1.0713404278203125,1.068046963147548,1.0605280173337968
2958,1.0713404278203125,1.0685802875689001,1.062505825478929
2959,1.0713404278203125,1.0682974072536249,1.0505105480246797
2960,1.0713404278203125,1.0683690597752586,1.0612590119344538
2961,1.0713404278203125,1.0685045521347836,1.0612446732473173
2962,1.0713404278203125,1.0686064397765629,1.0629037151373222
2963,1.0713404278203125,1.0694400495208378,1.0659137002291756
2964,1.0713404278203125,1.0694477041683215,1.0662816894908789
2965,1.0713404278203125,1.0693071300773649,1.0646425589990494
2966,1.0713404278203125,1.069797277297417,1.061008702556136
2967,1.0713404278203125,1.0696510449271728,1.0654125038332198
2968,1.0713404278203125,1.0694102029039239,1.0645485503152727
2969,1.0713404278203125,1.068731894355775,1.0624485303293165
2970,1.0713404278203125,1.0682129224702046,1.0611573348484231
2971,1.0713404278203125,1.0675154583729116,1.0606501876084273
2972,1.0713404278203125,1.067657246566071,1.057579433538348
2973,1.0713404278203125,1.067210795069386,1.060446235581862
2974,1.0713404278203125,1.0670149472602326,1.0475543826507723
2975,1.0713404278203125,1.067406931899742,1.0595828095036857
2976,1.0713404278203125,1.0676680298677896,1.0586796069907587
2977,1.0713404278203125,1.0682414564506124,1.0628731271720142
2978,1.0713404278203125,1.068412113294203,1.06418934300267
2979,1.0713404278203125,1.0685947890188834,1.0639282668631842
2980,1.0713404278203125,1.0686332747750387,1.0594392095394387
2981,1.0713404278203125,1.0688269803562531,1.0651490699704296
2982,1.0713404278203125,1.068930778841305,1.0625111963863274
2983,1.0713404278203125,1.068909524241791,1.0630012678525995
2984,1.0713404278203125,1.0687237327253116,1.061835288881789
2985,1.0713404278203125,1.068873090355509,1.064041380771012
2986,1.0713404278203125,1.0689295852311922,1.0620903214001682
2987,1.0713404278203125,1.068696023638398,1.05776867860633
2988,1.0713404278203125,1.0689310060866453,1.0619775027389888
2989,1.0713404278203125,1.0690375762477755,1.05690005633776
2990,1.0713404278203125,1.0690695139634523,1.0638002091124041
2991,1.0713404278203125,1.0692076570687794,1.06561572333313
2992,1.0713404278203125,1.069344841905344,1.066548110127644
2993,1.0713404278203125,1.069686655131714,1.0662390037674703
2994,1.0713404278203125,1.069612621499671,1.063230528728531
2995,1.0713404278203125,1.0697733770892504,1.0664361437850176
2996,1.0713404278203125,1.0694756228325633,1.0660469031248327
2997,1.0713404278203125,1.0695284123973794,1.0665638179073427
2998,1.0713404278203125,1.0699173507137643,1.0647715282558745
2999,1.0713404278203125,1.0696084801669006,1.06618162135005
3000,1.0713404278203125,1.0695190243765251,1.0628445744405552
3001,1.0713404278203125,1.0690746034628302,1.0627801013163856
3002,1.0713404278203125,1.069438771037561,1.0652233595480736
3003,1.0713404278203125,1.069427220066819,1.05748331082786
3004,1.0713404278203125,1.069616270057876,1.0666233234074824
3005,1.0713404278203125,1.0696421016780855,1.0647434506043767
3006,1.0713404278203125,1.0697351200941814,1.0658884511578202
3007,1.0713404278203125,1.0695013156417281,1.065437477835789
3008,1.0713404278203125,1.0692175816435376,1.0640828824951636
3009,1.0713404278203125,1.069579190171199,1.0644916041492758
3010,1.0713404278203125,1.0700338516695025,1.066473503807994
3011,1.0713404278203125,1.0700393675083868,1.0657266849895275
3012,1.0713404278203125,1.069793750282848,1.065705425928203
3013,1.0713404278203125,1.0693351595520744,1.0639777280018254
3014,1.0713404278203125,1.069424447762504,1.063042914387701
3015,1.0713404278203125,1.069170915380735,1.0596745297716152
3016,1.0713404278203125,1.068892678734822,1.0555015347720944
3017,1.0713404278203125,1.0689103183158633,1.0628970981054597
3018,1.0713404278203125,1.0688450177037057,1.0640436163317173
3019,1.0713404278203125,1.0687494591751843,1.0621102089528158
3020,1.0713404278203125,1.0684236836052252,1.055734823730615
3021,1.0713404278203125,1.0683837455104663,1.0602809577053036
3022,1.0713404278203125,1.0681911789576661,1.0545492478613057
3023,1.0713404278203125,1.068522245293419,1.0541230644291186
3024,1.0713404278203125,1.0682681605698086,1.0611067544588777
3025,1.0713404278203125,1.0679205912891487,1.0628760353382622
3026,1.0713404278203125,1.0682866112569567,1.061870702726018
3027,1.0713404278203125,1.0690403998144473,1.0628029480937915
3028,1.0713404278203125,1.0692645081940955,1.065172841240407
3029,1.0713404278203125,1.0691854919633905,1.061665548264847
3030,1.0713404278203125,1.0692962279425249,1.0656832814559927
3031,1.0713404278203125,1.0695842807570024,1.0659638546100068
3032,1.0713404278203125,1.0695382663575088,1.0661982144766893
3033,1.0713404278203125,1.0690563704954819,1.056903543128925
3034,1.0713404278203125,1.068678450339283,1.059103045678104
3035,1.0713404278203125,1.0685993327277035,1.060538651447457
3036,1.0713404278203125,1.0681674802772074,1.0579541999317104
3037,1.0713404278203125,1.067951365186853,1.0617919143464754
3038,1.0713404278203125,1.0674987317906406,1.055056816656006
3039,1.0713404278203125,1.0670462728780221,1.0498298182475967
3040,1.0713404278203125,1.0682537688867513,1.0620505751914708
3041,1.0713404278203125,1.0682706853385384,1.059104841555621
3042,1.0713404278203125,1.0681674923173021,1.0630759011567996
3043,1.0713404278203125,1.068302324718902,1.0643746239282987
3044,1.0713404278203125,1.0686529491374062,1.0591256590829397
3045,1.0713404278203125,1.0686566761430345,1.0644706085707352
3046,1.0713404278203125,1.068855627687336,1.0647805457334796
3047,1.0713404278203125,1.069176567343542,1.0653242231229743
3048,1.0713404278203125,1.0691834671803817,1.060187205465624
3049,1.0713404278203125,1.0687746997866996,1.0584343739138455
3050,1.0713404278203125,1.0683180028953745,1.0632833579032366
3051,1.0713404278203125,1.0689203449911664,1.0644973262641093
3052,1.0713404278203125,1.0689009032915877,1.0636364661621849
3053,1.0713404278203125,1.0687206880403624,1.0645490266242785
3054,1.0713404278203125,1.0690144735086826,1.0619763284132677
3055,1.0713404278203125,1.0689633317178824,1.0638037412936887
3056,1.0713404278203125,1.068840241448694,1.061999949985349
3057,1.0713404278203125,1.0691667094679689,1.0646581497552101
3058,1.0713404278203125,1.0694497077203369,1.0667370327712589
3059,1.0713404278203125,1.0696934587622484,1.0651477694194877
3060,1.0713404278203125,1.0692787801643393,1.0641288346010023
3061,1.0713404278203125,1.0691110566127637,1.0602743225260851
3062,1.0713404278203125,1.0688680545379592,1.0612926502470483
3063,1.0713404278203125,1.0683573198403824,1.0607294196551378
3064,1.0713404278203125,1.0684914905067446,1.0628004074919877
3065,1.0713404278203125,1.0684556821148632,1.06194985233246
3066,1.0713404278203125,1.0679778380049105,1.0487909004280271
3067,1.0713404278203125,1.0685318070116627,1.0538341535098494
3068,1.0713404278203125,1.0681825186815437,1.061057976884658
3069,1.0713404278203125,1.0681305124084943,1.058431494370596
3070,1.0713404278203125,1.0679735074658536,1.0601377327473047
3071,1.0713404278203125,1.0676068695774559,1.0580312664248959
3072,1.0713404278203125,1.0680060821334074,1.0619838739366694
3073,1.0713404278203125,1.0684210583913978,1.0632249609809346
3074,1.0713404278203125,1.0690951558909805,1.0642280019313772
3075,1.0713404278203125,1.0695015178514462,1.0652516436035533
3076,1.0713404278203125,1.0703124683965088,1.0642809769532597
3077,1.0713404278203125,1.0698988541493755,1.0657752782721364
3078,1.0713404278203125,1.0701367778397026,1.066688773063381
3079,1.0713404278203125,1.0701402978418386,1.0672479120622262
3080,1.0713404278203125,1.0698074749543238,1.066235981909176
3081,1.0713404278203125,1.0697166731995102,1.065880597001086
3082,1.0713404278203125,1.069944163160932,1.0649980976412268
3083,1.0713404278203125,1.070024954271332,1.0665502889112144
3084,1.0713404278203125,1.0701198863135084,1.0660392161549854
3085,1.0713404278203125,1.0697239484303953,1.0630435953200674
3086,1.0713404278203125,1.0695325484135672,1.0651547704466486
3087,1.0713404278203125,1.0694682937740496,1.064710051360325
3088,1.0713404278203125,1.0693765599622436,1.0622944347171908
3089,1.0713404278203125,1.0693436265903582,1.0632698462792414
3090,1.0713404278203125,1.0694819137413232,1.0641911224890674
3091,1.0713404278203125,1.0693966312522407,1.0651139484118186
3092,1.0713404278203125,1.0692845387617023,1.0643291641706987
3093,1.0713404278203125,1.069600896532387,1.065623719269889
3094,1.0713404278203125,1.0695774097400583,1.0645737066732481
3095,1.0713404278203125,1.0695978862423356,1.0622756738630619
3096,1.0713404278203125,1.06957603345381,1.064693135577782
3097,1.0713404278203125,1.0695281360206483,1.060640025431319
3098,1.0713404278203125,1.0697538486361216,1.063785607033426
3099,1.0713404278203125,1.0695310745448894,1.0645625142372817
3100,1.0713404278203125,1.0695744799187628,1.0653179276590703
3101,1.0713404278203125,1.069471281862028,1.0669435473454194
3102,1.0713404278203125,1.0699782467201624,1.067292629624646
3103,1.0713404278203125,1.0696571583009025,1.06216799863842
3104,1.0713404278203125,1.0695280004506613,1.0659547381926862
3105,1.0713404278203125,1.0688393508378424,1.0575139595110867
3106,1.0713404278203125,1.0681359517624256,1.0602119293641754
3107,1.0713404278203125,1.0681775065007784,1.057005170626593
3108,1.0713404278203125,1.0688847503315844,1.063909840427519
3109,1.0713404278203125,1.0687018199505989,1.0631117719573195
3110,1.0713404278203125,1.0691778917849946,1.0654334129037084
3111,1.0713404278203125,1.0688475781662057,1.06421123907657
3112,1.0713404278203125,1.069233989615378,1.0632401693025781
3113,1.0713404278203125,1.0694055022812363,1.0602518671683125
3114,1.0713404278203125,1.0695248985135664,1.0635120271641558
3115,1.0713404278203125,1.0695639180591827,1.0627026638980164
3116,1.0713404278203125,1.0695747898385555,1.0640522913015573
3117,1.0713404278203125,1.069300592648728,1.0615481470725263
3118,1.0713404278203125,1.0696156359288544,1.0654327787439224
3119,1.0713404278203125,1.0693581564629966,1.0649881623192918
3120,1.0713404278203125,1.0691977172773592,1.0607416168294812
3121,1.0713404278203125,1.0688656636969909,1.0487220514246614
3122,1.0713404278203125,1.0684149470061097,1.0570837018343249
3123,1.0713404278203125,1.0683361700236516,1.061283419515759
3124,1.0713404278203125,1.068944631182363,1.0621963953127869
3125,1.0713404278203125,1.068863352331204,1.0594987188826912
3126,1.0713404278203125,1.068982879899362,1.0639696470878803
3127,1.0713404278203125,1.0693545498159065,1.0651859416012939
3128,1.0713404278203125,1.0696477813806144,1.06576454228059
3129,1.0713404278203125,1.06965122063268,1.0649481684962225
3130,1.0713404278203125,1.0695414939868748,1.0656715656414453
3131,1.0713404278203125,1.0693169811184728,1.0624620710169177
3132,1.0713404278203125,1.069005441015725,1.061473423260863
3133,1.0713404278203125,1.069147237180318,1.057979927615438
3134,1.0713404278203125,1.0692169320661367,1.0632722813103346
3135,1.0713404278203125,1.0691116205320628,1.0617335769349954
3136,1.0713404278203125,1.0695657950824908,1.0667985834370528
3137,1.0713404278203125,1.069846783181031,1.0664597495380232
3138,1.0713404278203125,1.0694821067760771,1.0652717480204976
3139,1.0713404278203125,1.069257159736981,1.0646358119291648
3140,1.0713404278203125,1.0690884469862545,1.062443366802703
3141,1.0713404278203125,1.0689022819808485,1.061672159616111
3142,1.071450324203813,1.068290933279138,1.0521585406390155
3143,1.071450324203813,1.0676940766769047,1.0480777346533794
3144,1.071450324203813,1.0679149832039108,1.05717463722825
3145,1.071450324203813,1.0689298419979405,1.0613878642458945
3146,1.071450324203813,1.0694504504131077,1.0615510652150013
3147,1.071450324203813,1.0697458547340202,1.0653567193147078
3148,1.071450324203813,1.0696507426957047,1.063341649005354
3149,1.071450324203813,1.0698643837724735,1.0617055800716775
3150,1.071450324203813,1.0697602774656325,1.0656367931871478
3151,1.071450324203813,1.069779785791859,1.0653946599965982
3152,1.071450324203813,1.069541292850888,1.0513019200531284
3153,1.071450324203813,1.0695399088606425,1.061812106162578
3154,1.071450324203813,1.0698184488570868,1.0648243034961096
3155,1.071450324203813,1.0699642007253098,1.0647145570492014
3156,1.071450324203813,1.0695691395542055,1.0657151947781398
3157,1.071450324203813,1.0693915729745733,1.0554915138453733
3158,1.071450324203813,1.0694483211866714,1.064613748300045
3159,1.071450324203813,1.0688353205254975,1.0603869321461488
3160,1.071450324203813,1.068538689788614,1.0597135671895908
3161,1.071450324203813,1.0687974124172397,1.059040367585723
3162,1.071450324203813,1.0686506084215983,1.062788333378627
3163,1.071450324203813,1.068460568428044,1.0629356298881607
3164,1.071450324203813,1.0691229080879678,1.0642667974940552
3165,1.071450324203813,1.0696076920739026,1.0662129655319559
3166,1.071450324203813,1.069878331592982,1.0643677340903819
3167,1.071450324203813,1.0697053740012852,1.064261836464711
3168,1.071450324203813,1.0697958162822843,1.0649225375076838
3169,1.071450324203813,1.0695338171604616,1.064034134589732
3170,1.071450324203813,1.069761865529324,1.064668136182389
3171,1.071450324203813,1.069984713012285,1.0648591049783742
3172,1.071450324203813,1.069915678986812,1.0660824318501558
3173,1.071450324203813,1.070309093630226,1.0663066248496595
3174,1.071450324203813,1.0702826013655677,1.0669405569106543
3175,1.071450324203813,1.0704929335345363,1.0679017395101789
3176,1.071450324203813,1.0703323912332532,1.0679554747738
3177,1.071450324203813,1.0701414697356717,1.065436246467527
3178,1.071450324203813,1.0701277455894493,1.0658412503133814
3179,1.071450324203813,1.0700188313450492,1.0669952188995864
3180,1.071450324203813,1.0697055764206365,1.0654989778103785
3181,1.071450324203813,1.0695774125028983,1.065949734981934
3182,1.071450324203813,1.0691568024582667,1.0646931500025996
3183,1.071450324203813,1.068610476216007,1.0552864740836483
3184,1.071450324203813,1.0682081079437196,1.0634644812760405
3185,1.071450324203813,1.068645918395701,1.062917475997268
3186,1.071450324203813,1.0683977854675575,1.0594144732552795
3187,1.071450324203813,1.068863193697027,1.0613977053213568
3188,1.071450324203813,1.06894451142355,1.0577997829898733
3189,1.071450324203813,1.0687465194736316,1.057221035667919
3190,1.071450324203813,1.0690568408480852,1.063996484198625
3191,1.071450324203813,1.069572457759396,1.0662518634165545
3192,1.071450324203813,1.069821482716212,1.0658695475562316
3193,1.071450324203813,1.0695000428758885,1.0651321269563858
3194,1.071450324203813,1.069141088591011,1.0615416619256848
3195,1.071450324203813,1.0695663256478363,1.0644887211895144
3196,1.071450324203813,1.0698204160811249,1.0641343537988677
3197,1.071450324203813,1.0698180635248986,1.0647331031904341
3198,1.071450324203813,1.069551166205834,1.0642931397422877
3199,1.071450324203813,1.069571142287437,1.0653727908159045
3200,1.071450324203813,1.0694550771971576,1.0634501254108633
3201,1.071450324203813,1.0694485938652472,1.061715930979255
3202,1.071450324203813,1.0686459709918272,1.0591382468269628
3203,1.071450324203813,1.0691459163520987,1.0631012535144007
3204,1.071450324203813,1.0696078761029988,1.0664605093392048
3205,1.071450324203813,1.0698570192030532,1.0621384160212237
3206,1.071450324203813,1.0695081348264757,1.0578838693140384
3207,1.071450324203813,1.0695876040489674,1.0664339280088844
3208,1.071450324203813,1.0696794968424357,1.0613103511962214
3209,1.071450324203813,1.0692208323450512,1.063306240323378
3210,1.071450324203813,1.0699480498233183,1.0658204889180418
3211,1.071450324203813,1.0701088424663792,1.0663692139717316
3212,1.071450324203813,1.0701302515754303,1.0661337064169425
3213,1.071450324203813,1.0699478584494817,1.0624619313483787
3214,1.071450324203813,1.0695632182636028,1.065208385948523
3215,1.071450324203813,1.0698568457908741,1.0641196359415452
3216,1.071450324203813,1.0699197195451975,1.0642486836356833
3217,1.071450324203813,1.069912844834352,1.0668632358111434
3218,1.071450324203813,1.0698529149772895,1.0574416017931312
3219,1.071450324203813,1.069339381234549,1.0627032351709795
3220,1.071450324203813,1.0694375270556191,1.0645905749977254
3221,1.071450324203813,1.0695153091833394,1.0642538842625948
3222,1.071450324203813,1.0696034595082125,1.0659768449575473
3223,1.071450324203813,1.0692336984036306,1.0531331386284273
3224,1.071450324203813,1.0693909807921493,1.0655001823405668
3225,1.071450324203813,1.0693825846124443,1.0644458485689654
3226,1.071450324203813,1.0696510512914874,1.065556755820499
3227,1.071450324203813,1.0697217230405554,1.0663300392185209
3228,1.071450324203813,1.0694930562651919,1.0663341262457027
3229,1.071450324203813,1.0696890325472095,1.0663421625005898
3230,1.071450324203813,1.0697172075998238,1.0621406774571427
3231,1.071450324203813,1.0699504469932442,1.0663742714200897
3232,1.071450324203813,1.0697974391555412,1.066471545084901
3233,1.071450324203813,1.0697357462480295,1.0614621569303573
3234,1.071450324203813,1.0694465877446182,1.0628676594925859
3235,1.071450324203813,1.0694194109518735,1.06316526049234
3236,1.071450324203813,1.069599085496142,1.0646845030225385
3237,1.071450324203813,1.0697901876729778,1.0669799398790603
3238,1.071450324203813,1.069597691590517,1.0623182015061432
3239,1.071450324203813,1.0695263694779875,1.0667495782565195
3240,1.071450324203813,1.0696700125404481,1.0595565510038152
3241,1.071450324203813,1.0696271696484603,1.0660081501961733
3242,1.071450324203813,1.0700079143964552,1.0668664550941267
3243,1.071450324203813,1.0697877511321132,1.0598141565964092
3244,1.071450324203813,1.069778535205456,1.0651074413309245
3245,1.071450324203813,1.0697894580537741,1.0671619944831527
3246,1.071450324203813,1.0703478223052043,1.0675827936050046
3247,1.071450324203813,1.0702460882978149,1.0660515688264174
3248,1.071450324203813,1.069558398799537,1.058939610885246
3249,1.071450324203813,1.0691506824051333,1.0592584175801956
3250,1.071450324203813,1.0690854309033742,1.0612170275207404
3251,1.071450324203813,1.0684763688618952,1.0619541267429482
3252,1.071450324203813,1.0687197070690582,1.0598295326635483
3253,1.071450324203813,1.0688646755297595,1.0620609084031187
3254,1.071450324203813,1.0689719575375973,1.0619123566544488
3255,1.071450324203813,1.0693260532563102,1.0635767289358378
3256,1.071450324203813,1.069407962566169,1.0645133719309512
3257,1.071450324203813,1.069323473779673,1.0622788839078603
3258,1.071450324203813,1.0686816611904892,1.0619691987824342
3259,1.071450324203813,1.06844850781482,1.0609132847001608
3260,1.071450324203813,1.0686383759959814,1.0607428624139548
3261,1.071450324203813,1.0686594893668155,1.0627911028748964
3262,1.071450324203813,1.0681656171338565,1.0579987635901311
3263,1.071450324203813,1.0681559027495415,1.0593956106806475
3264,1.071450324203813,1.0674444238942806,1.0547213008665515
3265,1.071450324203813,1.0681376764546975,1.0583892234961794
3266,1.071450324203813,1.0678872358087803,1.0617197004334646
3267,1.071450324203813,1.0681851897754346,1.0552886669978185
3268,1.071450324203813,1.0684005922544098,1.0440172542964286
3269,1.071450324203813,1.0686151124285674,1.0616790121289619
3270,1.071450324203813,1.0683421853711021,1.0614799432718622
3271,1.071450324203813,1.0691045408017776,1.0617720166130695
3272,1.071450324203813,1.0691556971895808,1.0630937414498103
3273,1.071450324203813,1.069100846815675,1.0467864448048325
3274,1.071450324203813,1.069305971983782,1.0559454227675653
3275,1.071450324203813,1.0692684346748405,1.0605180361241389
3276,1.071450324203813,1.0697987836167793,1.0619463530930995
3277,1.071450324203813,1.069557298505177,1.0649096421856974
3278,1.071450324203813,1.0698152599921578,1.0631958292607613
3279,1.071450324203813,1.0700341998330911,1.0626112704647392
3280,1.071450324203813,1.0698794815664683,1.0635956474111068
3281,1.071450324203813,1.0698727884592527,1.0584539084604339
3282,1.071450324203813,1.070127031085649,1.0664412695597194
3283,1.071450324203813,1.0702875580993811,1.064045904008533
3284,1.071450324203813,1.069937471104612,1.0569998095280204
3285,1.071450324203813,1.0696539303488146,1.0625531775834802
3286,1.071450324203813,1.0693396053905508,1.0612213401284116
3287,1.071450324203813,1.0692758990802609,1.0505109737774894
3288,1.071450324203813,1.069664629108448,1.0661470084995055
3289,1.071450324203813,1.0697182269361842,1.0655102006505945
3290,1.071450324203813,1.0691063828040914,1.0601245641015522
3291,1.071450324203813,1.0692449508007364,1.0628388839873213
3292,1.071450324203813,1.0693231679007826,1.0620242993519509
3293,1.071450324203813,1.06978785580839,1.0660503568346222
3294,1.071450324203813,1.0697191234646986,1.0645075262766923
3295,1.071450324203813,1.0692478929126075,1.0638659565816853
3296,1.071450324203813,1.0697733196635077,1.0627081102036153
3297,1.071450324203813,1.0693987325441454,1.0654860674152995
3298,1.071450324203813,1.0697614507410527,1.0653967268893338
3299,1.071450324203813,1.0698824793829256,1.0600014700780105
3300,1.071450324203813,1.0697581833417855,1.064033141271238
3301,1.071450324203813,1.0697823400837911,1.062931226269785
3302,1.071450324203813,1.069558754123667,1.058088440727285
3303,1.071450324203813,1.0691397582260864,1.0612554240062089
3304,1.071450324203813,1.069425493404826,1.0647115874239375
3305,1.071450324203813,1.0695113047836182,1.0659029282172139
3306,1.071450324203813,1.0697053611904561,1.0644453540482253
3307,1.071450324203813,1.0695893290090273,1.0640660399677033
3308,1.071450324203813,1.069781803794185,1.0657240061421278
3309,1.071450324203813,1.0699796067620788,1.0672185248668973
3310,1.071450324203813,1.0701286304415765,1.067560188940633
3311,1.071450324203813,1.0700628378332082,1.0676167696695205
3312,1.071450324203813,1.0697538558328454,1.0607781531334337
3313,1.071450324203813,1.0695206546819747,1.0594247987991205
3314,1.071450324203813,1.0694827970519425,1.0629246352118251
3315,1.071450324203813,1.069567817292346,1.0631522254683383
3316,1.071450324203813,1.0691379122476956,1.0589323686209333
3317,1.071450324203813,1.0693861791519534,1.0627532754591547
3318,1.071450324203813,1.0690859665372208,1.0557499669243744
3319,1.071450324203813,1.069539282149225,1.065011310459513
3320,1.071450324203813,1.0694640113832947,1.0649429645460742
3321,1.071450324203813,1.0695133762978357,1.06744636641036
3322,1.071450324203813,1.0697160054439683,1.0667064504044474
3323,1.071450324203813,1.0693084341601604,1.0659427027990338
3324,1.071450324203813,1.0692872611380144,1.059701177084563
3325,1.071450324203813,1.0694953919600592,1.0647648251645263
3326,1.071450324203813,1.0694353304507922,1.0663097782842355
3327,1.071450324203813,1.0696329803490148,1.059897277543995
3328,1.071450324203813,1.0697365051904724,1.061998039265057
3329,1.071450324203813,1.069257012999928,1.0648457880108027
3330,1.071450324203813,1.0694706684623767,1.0649383448453804
3331,1.071450324203813,1.0694857924673347,1.0653371535789846
3332,1.071450324203813,1.0696196117910168,1.0626477429940673
3333,1.071450324203813,1.0694442036391274,1.0503936243114171
3334,1.071450324203813,1.0692393499711503,1.0644268337566016
3335,1.071450324203813,1.0690447290562672,1.0635939950201485
3336,1.071450324203813,1.0690901414789444,1.0619427461086555
3337,1.071450324203813,1.0695554936553067,1.066907903909511
3338,1.071450324203813,1.0692687446171185,1.0652002494630441
3339,1.071450324203813,1.069588952634002,1.066508348202154
3340,1.071450324203813,1.0694534250289798,1.065864823854957
3341,1.071450324203813,1.0700065539002668,1.0648396344465898
3342,1.071450324203813,1.0699744937800715,1.0635369942058548
3343,1.071450324203813,1.0701604602342263,1.0659995792180263
3344,1.071450324203813,1.0700626030767895,1.0669545929800042
3345,1.071450324203813,1.0699372004299907,1.0656220481081737
3346,1.071450324203813,1.0699687393014963,1.065549790171715
3347,1.071450324203813,1.0700181698322917,1.0646782103180654
3348,1.071450324203813,1.070010422881101,1.0654822570311209
3349,1.071450324203813,1.0698828247969079,1.0620072913486251
3350,1.071450324203813,1.0701173840096523,1.0659845583074217
3351,1.071450324203813,1.0697924226144055,1.0664617363304163
3352,1.071450324203813,1.0696506734694706,1.0640818000237886
3353,1.071450324203813,1.069492244693742,1.065562859039642
3354,1.071450324203813,1.0695517683282665,1.065115264596495
3355,1.071450324203813,1.070056884341881,1.0673537386184735
3356,1.071450324203813,1.0701242013739154,1.0645256125060647
3357,1.071450324203813,1.06997041024531,1.0611996051433858
3358,1.071450324203813,1.0695354699166966,1.0606376937006905
3359,1.071450324203813,1.068478255492665,1.0449270743449794
3360,1.071450324203813,1.0685995337913703,1.0613403884484218
3361,1.071450324203813,1.0682900950061325,1.0537674440422191
3362,1.071450324203813,1.067566589539933,1.0530610707828552
3363,1.071450324203813,1.0678624044326481,1.059768225500052
3364,1.071450324203813,1.068310686630148,1.0617217140891604
3365,1.071450324203813,1.0675665926927458,1.052836424252782
3366,1.071450324203813,1.0670267139767082,1.0426725988393044
3367,1.071450324203813,1.068202986428966,1.0611979258615385
3368,1.071450324203813,1.0685818762044412,1.0622875931757665
3369,1.071450324203813,1.0688426519612904,1.0601851469942543
3370,1.071450324203813,1.0687011735965777,1.0623243355729115
3371,1.071450324203813,1.0685254580684913,1.065367284156108
3372,1.071450324203813,1.0683812440340192,1.0605108024665904
3373,1.071450324203813,1.068454644248431,1.0626535306643166
3374,1.071450324203813,1.0687870319059571,1.0610952738317612
3375,1.071450324203813,1.0692631397533583,1.0626145495245911
3376,1.071450324203813,1.0691809249341324,1.065378026545578
3377,1.071450324203813,1.0693521492906224,1.0598124781669824
3378,1.071450324203813,1.0695236619909039,1.066668294373307
3379,1.071450324203813,1.0693385771024067,1.0585115618062089
3380,1.071450324203813,1.069506796967439,1.0597129728439607
3381,1.071450324203813,1.0694052472724744,1.065833192273806
3382,1.071450324203813,1.0696351725917415,1.0617440723778753
3383,1.071450324203813,1.0696418161256356,1.0649362411491352
3384,1.071450324203813,1.069355098760271,1.0647176234134768
3385,1.071450324203813,1.0695005964590345,1.065021435070142
3386,1.071450324203813,1.0696141283274414,1.0658061785116901
3387,1.071450324203813,1.0692093970965109,1.0591512968082606
3388,1.071450324203813,1.068894603521339,1.0602271818227635
3389,1.071450324203813,1.0689172378604572,1.0649843326375015
3390,1.071450324203813,1.068772421569868,1.0607319372067145
3391,1.071450324203813,1.068555395939035,1.0502074145988263
3392,1.071450324203813,1.068643043202546,1.0620322618055158
3393,1.071450324203813,1.0687189772243806,1.0628050436697412
3394,1.071450324203813,1.0685642041485393,1.0620635830490932
3395,1.071450324203813,1.0682608819261632,1.0614747873585757
3396,1.071450324203813,1.067902063046522,1.0590921485008922
3397,1.071450324203813,1.067782989000538,1.0618085887980264
3398,1.071450324203813,1.0689806099418242,1.0598369630072315
3399,1.071450324203813,1.069477024442441,1.064190505387821
3400,1.071450324203813,1.0692963800663962,1.058811029304613
3401,1.071450324203813,1.0694095303282138,1.06395203745784
3402,1.071450324203813,1.0692808119175825,1.0617902679953914
3403,1.071450324203813,1.0698647257692147,1.0658298981533731
3404,1.071450324203813,1.0701893023735567,1.0651402847988158
3405,1.071450324203813,1.0699238057382052,1.0644535431534292
3406,1.071450324203813,1.0697848468814497,1.0639245708698377
3407,1.071450324203813,1.0703234294931636,1.0659510330676052
3408,1.071450324203813,1.0703318705695068,1.0678309226383844
3409,1.071450324203813,1.0704112825083165,1.0653269069231135
3410,1.071450324203813,1.0703047514075714,1.0659692615438547
3411,1.071450324203813,1.069853687178535,1.0633465970787317
3412,1.071450324203813,1.0698779264372358,1.064560888526534
3413,1.071450324203813,1.0693895905712245,1.063032785507667
3414,1.071450324203813,1.0697056833494112,1.0626033565512034
3415,1.071450324203813,1.0696580878046364,1.0607988766975027
3416,1.071450324203813,1.0696916411318584,1.063995276286589
3417,1.071450324203813,1.0697602620202937,1.0654142887137161
3418,1.071450324203813,1.069760932268805,1.0609025973808328
3419,1.071450324203813,1.0691466373068583,1.0613032100371171
3420,1.071450324203813,1.0694403908194243,1.0624697076590233
3421,1.071450324203813,1.069124282944146,1.0574220968866461
3422,1.071450324203813,1.0690324873917307,1.0575379192529035
3423,1.071450324203813,1.0691449845496948,1.062057711956689
3424,1.071450324203813,1.0693859458281794,1.0618175512755175
3425,1.071450324203813,1.0688345389065186,1.0563389780561234
3426,1.071450324203813,1.0690370059634602,1.062450918244268
3427,1.071450324203813,1.0693926522253825,1.0635198076438643
3428,1.071450324203813,1.0698997439036346,1.063908858028689
3429,1.071450324203813,1.0697392175899165,1.0653426116593745
3430,1.071450324203813,1.0699120883677424,1.0660815696935568
3431,1.071450324203813,1.0698844850928886,1.0665030439036702
3432,1.071450324203813,1.0699991211303788,1.0647720582775775
3433,1.071450324203813,1.0699605943644088,1.0673307019912506
3434,1.071450324203813,1.0699213533719267,1.0658549855551362
3435,1.071450324203813,1.0698994868058613,1.0653276800316875
3436,1.071450324203813,1.0697981924549875,1.0582048254574645
3437,1.071450324203813,1.0695637772708035,1.062646926473923
3438,1.071450324203813,1.0693067536294305,1.0654627396071832
3439,1.071450324203813,1.0695560249320415,1.0636347114061144
3440,1.071450324203813,1.069415885299432,1.0640442131305274
3441,1.071450324203813,1.0692851129756635,1.0585288406896207
3442,1.071450324203813,1.0701177191170177,1.0638307258152706
3443,1.071450324203813,1.0700993143138766,1.0655875513918327
3444,1.071450324203813,1.0701072454075196,1.0677196526670587
3445,1.071450324203813,1.0700045079251814,1.0669010321684709
3446,1.071450324203813,1.0698763049523359,1.0646759714630454
3447,1.071450324203813,1.0698694401817876,1.0667018493920637
3448,1.071450324203813,1.0698456550557958,1.0644015612021458
3449,1.071450324203813,1.069848250028936,1.063914203411105
3450,1.071450324203813,1.0696198435160456,1.0565548712366724
3451,1.071450324203813,1.0693114476783667,1.0638255232471239
3452,1.071450324203813,1.0694056270925447,1.0658995746598636
3453,1.071450324203813,1.069989529082042,1.0655596016366147
3454,1.071450324203813,1.0699792623122804,1.0668532514621283
3455,1.071450324203813,1.07027816796656,1.0664539089108642
3456,1.071450324203813,1.0700035088759376,1.0654468299109916
3457,1.071450324203813,1.0699577877484077,1.058022938836511
3458,1.071450324203813,1.0703097521097023,1.0669251300504987
3459,1.071450324203813,1.0703245627707485,1.0665595295779535
3460,1.071450324203813,1.0700867199693624,1.0655240073730101
3461,1.071450324203813,1.070089240578164,1.0577156573200326
3462,1.071450324203813,1.069396345315685,1.059479084078918
3463,1.071450324203813,1.069260324541797,1.0646868615992178
3464,1.071450324203813,1.0695280961881588,1.0648001671590077
3465,1.071450324203813,1.0702437623777852,1.0675898546984515
3466,1.071450324203813,1.0703055572170965,1.0678949005358087
3467,1.071450324203813,1.07025486736068,1.0656150520216139
3468,1.071450324203813,1.0704296976145515,1.0664034557484274
3469,1.071450324203813,1.0703203294294643,1.066622352353814
3470,1.071450324203813,1.070229777861917,1.0673084181498738
3471,1.071450324203813,1.0702760043994455,1.0661872382841393
3472,1.071450324203813,1.0701409929475854,1.066680319237471
3473,1.071450324203813,1.0702461066059763,1.0656945727653266
3474,1.071450324203813,1.070283219058926,1.0680088053563987
3475,1.071450324203813,1.070047083201124,1.0634558629892978
3476,1.071450324203813,1.0690385475279094,1.0603542592500275
3477,1.071450324203813,1.0689839159468955,1.0587272042863058
3478,1.071450324203813,1.068754643549038,1.0618364387716597
3479,1.071450324203813,1.0690104877160365,1.0586775826452368
3480,1.071450324203813,1.0685200812166817,1.0522192280844567
3481,1.071450324203813,1.0686571101102746,1.0625276625689226
3482,1.071450324203813,1.0691865265944605,1.0653586134535429
3483,1.071450324203813,1.0691805356602202,1.0635247801049732
3484,1.071450324203813,1.0694201242924588,1.0657868724596076
3485,1.071450324203813,1.0697726605425162,1.0671437384124953
3486,1.071450324203813,1.069572432904063,1.0653578891895106
3487,1.071450324203813,1.069507168887406,1.0614501257841482
3488,1.071450324203813,1.0696510151084595,1.0637360790336654
3489,1.071450324203813,1.0694614410974819,1.0636651545799216
3490,1.071450324203813,1.0694816740099682,1.067222684723855
3491,1.071450324203813,1.0694599645547214,1.064890765049493
3492,1.071450324203813,1.0694665299997772,1.064490384372875
3493,1.071450324203813,1.0697867156918943,1.06464520130273
3494,1.071450324203813,1.0697801129337272,1.066223600421384
3495,1.071450324203813,1.0693391090546445,1.0651863924993599
3496,1.071450324203813,1.069429824753662,1.060335140285901
3497,1.071450324203813,1.0697354948126798,1.0611689596798903
3498,1.071450324203813,1.0696871713418827,1.0641878953403738
3499,1.071450324203813,1.0698227402790925,1.0648049609797274
3500,1.071450324203813,1.069592691261255,1.048778488301791
3501,1.071450324203813,1.0700771916551584,1.0645698965247785
3502,1.071450324203813,1.070016548511512,1.06615811332047
3503,1.071450324203813,1.06973909324092,1.0631230387342956
3504,1.071450324203813,1.0694186736675642,1.0532167519724975
3505,1.071450324203813,1.0697479394917582,1.0522205344684359
3506,1.071450324203813,1.0695841636639245,1.0545310197634108
3507,1.071450324203813,1.0693855270395718,1.0607877677887476
3508,1.071450324203813,1.0695041140739183,1.0650615235548093
3509,1.071450324203813,1.0698967380216693,1.0658597473224485
3510,1.071450324203813,1.0695311029889212,1.0640205640457192
3511,1.071450324203813,1.06899241878245,1.054025448652119
3512,1.071450324203813,1.0690677601745753,1.0565264825064162
3513,1.071450324203813,1.0697433570000314,1.065606301270712
3514,1.071450324203813,1.069633176560836,1.0594653524823774
3515,1.071450324203813,1.0696599084694476,1.065054802316411
3516,1.071450324203813,1.0696509587466942,1.0652777728116503
3517,1.071450324203813,1.0692946967187567,1.0641457669043624
3518,1.071450324203813,1.069199241422766,1.062898392770485
3519,1.071450324203813,1.069400852169011,1.0653268131519469
3520,1.071450324203813,1.0700092045554725,1.0665470274322406
3521,1.071450324203813,1.0699540853078022,1.0677598320698645
3522,1.071450324203813,1.06966785905867,1.0589429115000102
3523,1.071450324203813,1.069603953331268,1.065402025680171
3524,1.071450324203813,1.069753197071678,1.0676234109921823
3525,1.071450324203813,1.0700884126387886,1.0680212942146698
3526,1.071450324203813,1.0702799316495062,1.0684035860827832
3527,1.071450324203813,1.0703482266996909,1.0667824731094746
3528,1.071450324203813,1.0700429602188435,1.0663903399838495
3529,1.071450324203813,1.069623611508915,1.0563432506858956
3530,1.071450324203813,1.069418364875448,1.0655649230933095
3531,1.071450324203813,1.0694849446283003,1.0651901058701352
3532,1.071450324203813,1.0693655908961284,1.0615402447184847
3533,1.071450324203813,1.0693441100797747,1.063725928211035
3534,1.071450324203813,1.0685394637273664,1.0639136497091732
3535,1.071450324203813,1.0687654751315814,1.0639045867225863
3536,1.071450324203813,1.0685706299921118,1.0598611094321941
3537,1.071450324203813,1.0688085157940463,1.0637364279571382
3538,1.071450324203813,1.0687226746269127,1.0643777402706285
3539,1.071450324203813,1.0688782157421897,1.0614411281822167
3540,1.071450324203813,1.0694041044402771,1.0627669525503318
3541,1.071450324203813,1.0695038741382992,1.0657050063774627
3542,1.071450324203813,1.0691312460021054,1.0618662149567797
3543,1.071450324203813,1.0684240769581717,1.0581938821279624
3544,1.071450324203813,1.0688209946676261,1.057021505631696
3545,1.071450324203813,1.06911807414595,1.0652340609045472
3546,1.071450324203813,1.0692982911923254,1.0643446753830441
3547,1.071450324203813,1.0694299725190064,1.066124642908035
3548,1.071450324203813,1.069593379841347,1.0660146533317931
3549,1.071450324203813,1.0698733180966187,1.0672683124260356
3550,1.071450324203813,1.069847830300531,1.0664709861288966
3551,1.071450324203813,1.069770119502832,1.0633040019252085
3552,1.071450324203813,1.0689080270400781,1.0577245549423673
3553,1.071450324203813,1.0686756284393597,1.033765276548531
3554,1.071450324203813,1.0688589508284756,1.0422888490386102
3555,1.071450324203813,1.0690684453707993,1.0645843399385961
3556,1.071450324203813,1.069298601677249,1.0620474913020796
3557,1.071450324203813,1.0694775364226827,1.0597433999980754
3558,1.071450324203813,1.069721465764565,1.0636145738512168
3559,1.071450324203813,1.0695909319411825,1.0649866497494282
3560,1.071450324203813,1.0695663544634768,1.0623316084336287
3561,1.071450324203813,1.0693703703124882,1.063168307507575
3562,1.071450324203813,1.0695028387918595,1.0653250346112872
3563,1.071450324203813,1.069653011349484,1.063476584591242
3564,1.071450324203813,1.0696176542226865,1.0570695312853085
3565,1.071450324203813,1.0694937828811542,1.062671191414072
3566,1.071450324203813,1.0697587460075986,1.061610569683596
3567,1.071450324203813,1.069673640145993,1.0619804048511474
3568,1.071450324203813,1.0698337166949794,1.0656341803530127
3569,1.071450324203813,1.0700599213403548,1.066576379321246
3570,1.071450324203813,1.0700519107427557,1.067387492251638
3571,1.071450324203813,1.0701693020262029,1.0651523690706568
3572,1.071450324203813,1.0696319042285296,1.0654272587188731
3573,1.071450324203813,1.0700162664017976,1.0648610898515483
3574,1.071450324203813,1.0701721726888704,1.0638848408601365
3575,1.071450324203813,1.0701478784303124,1.0671726488315836
3576,1.071450324203813,1.0697168956304457,1.0625010547238531
3577,1.0715115736493133,1.0696600533913179,1.0638554667208953
3578,1.0715115736493133,1.0697119686209617,1.0666505389343208
3579,1.0715115736493133,1.0699579477202095,1.0658364506858744
3580,1.0715115736493133,1.069860244216656,1.0656672313519149
3581,1.0715115736493133,1.06963655468892,1.0574558818515964
3582,1.0715115736493133,1.0698718836209182,1.064774317789076
3583,1.0715115736493133,1.069533571605472,1.0597283158482484
3584,1.0715115736493133,1.0694652919356422,1.064020634051951
3585,1.0715115736493133,1.0698344859466153,1.0652956480856979
3586,1.0715115736493133,1.0697300636364757,1.0644665931703143
3587,1.0715115736493133,1.0699915523862515,1.0608065205826003
3588,1.0715115736493133,1.0698770158301665,1.0593726617919081
3589,1.0715115736493133,1.0695114991729655,1.0633336057977294
3590,1.0715115736493133,1.069284080675409,1.0602845353755355
3591,1.0715115736493133,1.0694277807737935,1.065431752966834
3592,1.0715115736493133,1.0694499250348366,1.0634727898372507
3593,1.0715115736493133,1.0691481736594495,1.0602390449361097
3594,1.0715115736493133,1.068576929513338,1.0632352605996882
3595,1.0715115736493133,1.068586791738034,1.057248522065981
3596,1.0715115736493133,1.068889933352552,1.0611101481906962
3597,1.0715115736493133,1.069734820608219,1.0632095723203694
3598,1.0715115736493133,1.069442006616793,1.056421475089517
3599,1.0715115736493133,1.0694160689723642,1.0615252205793875
3600,1.0715115736493133,1.0694149702508735,1.0643500378962936
3601,1.0715115736493133,1.069627494063375,1.0650072198216933
3602,1.0715115736493133,1.0697630094309967,1.0651268712995996
3603,1.0715115736493133,1.0700500124830281,1.0663553538453314
3604,1.0715115736493133,1.070131506928967,1.064792779189831
3605,1.0715115736493133,1.069588055447374,1.0619434356230886
3606,1.0715115736493133,1.069989056290047,1.0656526098952135
3607,1.0715115736493133,1.070053725981503,1.0665492594862955
3608,1.0715115736493133,1.0700078523318304,1.0641876103540748
3609,1.0715115736493133,1.0702169090665652,1.0683669436979268
3610,1.0715115736493133,1.070305011422329,1.0659131340273766
3611,1.0715115736493133,1.0699679065366139,1.0657223201285628
3612,1.0715115736493133,1.0699282064923223,1.0658698940875597
3613,1.0715115736493133,1.0698701358979528,1.0633442048577542
3614,1.0715115736493133,1.0694136820232973,1.0648467936003172
3615,1.0715115736493133,1.0696490681060364,1.065953724999738
3616,1.0715115736493133,1.0698485325970304,1.0648387923561742
3617,1.0715115736493133,1.0701878487219376,1.0664634493407283
3618,1.0715115736493133,1.070104147265934,1.06703842784568
3619,1.0715115736493133,1.0699922926317444,1.0676787240142727
3620,1.0715115736493133,1.0697666624484143,1.0668896771023046
3621,1.0715115736493133,1.069278955187218,1.061312149166434
3622,1.0715115736493133,1.0691735556918447,1.0611607609467695
3623,1.0715115736493133,1.0698325467441006,1.0670239556512748
3624,1.0715115736493133,1.0701158103231438,1.0674171837023207
3625,1.0715115736493133,1.0696339163374646,1.0642759215178168
3626,1.0715115736493133,1.0698359500641867,1.0673796436204257
3627,1.0715115736493133,1.0701639434901156,1.0656034379502017
3628,1.0715115736493133,1.0702152678208936,1.066509636829853
3629,1.0715115736493133,1.0699678906921204,1.0648447342000422
3630,1.0715115736493133,1.0702856278591342,1.0648952643522456
3631,1.0715115736493133,1.0698744064456112,1.0651166104146133
3632,1.0715115736493133,1.0698799170090652,1.0645817081455469
3633,1.0715115736493133,1.0701659015155074,1.065284531586185
3634,1.0715115736493133,1.0699685610256617,1.0639423942021389
3635,1.0715115736493133,1.069849188254856,1.0622698641543664
3636,1.0715115736493133,1.069780514633994,1.0644882916419238
3637,1.0715115736493133,1.0696310498182986,1.0647508172506206
3638,1.0715115736493133,1.0692896814136024,1.0641873327465787
3639,1.0715115736493133,1.0691877344616307,1.0636342680370094
3640,1.0715115736493133,1.0693522509246496,1.065638763791465
3641,1.0715115736493133,1.0690594279326262,1.0614322743850204
3642,1.0715115736493133,1.0688242202679754,1.0645313609650098
3643,1.0715115736493133,1.0693096950452878,1.065546038247325
3644,1.0715115736493133,1.069587314394857,1.0660668755338845
3645,1.0715115736493133,1.0696317504152943,1.0646413312757808
3646,1.0715115736493133,1.069924362567518,1.0636827548433883
3647,1.0715115736493133,1.069385609431444,1.0620888303267593
3648,1.0715115736493133,1.06915750023463,1.059093425633947
3649,1.0715115736493133,1.0686663537744334,1.0635618600345467
3650,1.0715115736493133,1.0691459898726734,1.0612940395060109
3651,1.0715115736493133,1.0693020392247732,1.06495084454072
3652,1.0715115736493133,1.0692368531671559,1.0622700399269729
3653,1.0715115736493133,1.0688083732444427,1.0589777481563498
3654,1.0715115736493133,1.0691559856010628,1.0599891535709969
3655,1.0715115736493133,1.0691697875777126,1.062761278778958
3656,1.0715115736493133,1.0691908191104806,1.0647517563747035
3657,1.0715115736493133,1.0688481935284084,1.0628417213200168
3658,1.0715115736493133,1.0686944578961566,1.0601325070348184
3659,1.0715115736493133,1.0691220294647368,1.0627534003872212
3660,1.0715115736493133,1.0693727088530103,1.0635586688511935
3661,1.0715115736493133,1.0690559026395914,1.0618129999293886
3662,1.0715115736493133,1.0675036298357095,1.0442502062412993
3663,1.0715115736493133,1.0682188631439928,1.0488658945725957
3664,1.0715115736493133,1.068372920356865,1.059038613154331
3665,1.0715115736493133,1.0690377335254841,1.061878421982263
3666,1.0715115736493133,1.0697092958407586,1.0652554569860953
3667,1.0715115736493133,1.069923957748288,1.0668537825817705
3668,1.0715115736493133,1.0700198193512764,1.0620045111857634
3669,1.0715115736493133,1.070431979443061,1.0678797851375574
3670,1.0715115736493133,1.0704469472783058,1.0667940500882005
3671,1.0715115736493133,1.070610423604969,1.0676112231739416
3672,1.0715115736493133,1.0704296373544253,1.0678866104414748
3673,1.0715115736493133,1.0704625127567176,1.06740712759167
3674,1.0715115736493133,1.0706902416763924,1.066463828536101
3675,1.0715115736493133,1.0704381685072277,1.0655009584605055
3676,1.0715115736493133,1.0704801943270426,1.0660919171552155
3677,1.0715115736493133,1.0701247290906435,1.0660759044771606
3678,1.0715115736493133,1.069959091849706,1.0655859357024338
3679,1.0715115736493133,1.0694423611828787,1.065193552800506
3680,1.0715115736493133,1.0694905282035434,1.064998846577267
3681,1.0715115736493133,1.0698784588843417,1.0648623988881718
3682,1.0715115736493133,1.069668943413713,1.0610468583841537
3683,1.0715115736493133,1.069179321220319,1.0635252930253716
3684,1.0715115736493133,1.0690610555548241,1.0496874599703925
3685,1.0715115736493133,1.0695120972822125,1.0525564938666183
3686,1.0715115736493133,1.0694587856334172,1.0634649710612893
3687,1.0715115736493133,1.069566695024046,1.062777686214077
3688,1.0715115736493133,1.0695031501566399,1.0649985878077264
3689,1.0715115736493133,1.069648747091293,1.064385537638894
3690,1.0715115736493133,1.0689184445078637,1.0571594718204094
3691,1.0715115736493133,1.0687198339550843,1.0611924700113242
3692,1.0715115736493133,1.069269400136625,1.0596838382784894
3693,1.0715115736493133,1.069285575443754,1.0621575329284763
3694,1.0715115736493133,1.0695695556706106,1.061405557607321
3695,1.0715115736493133,1.0694533915589024,1.0647035425118219
3696,1.0715115736493133,1.0698630694546385,1.0645674186061096
3697,1.0715115736493133,1.0699015331204678,1.062690704282639
3698,1.0715115736493133,1.070005644196293,1.0643552783020795
3699,1.0715115736493133,1.0699670164100137,1.0640220892350962
3700,1.0715115736493133,1.0703048836371827,1.0674978868792089
3701,1.0715115736493133,1.0703976153808825,1.06773013739702
3702,1.0715115736493133,1.070616978800309,1.0682463930170552
3703,1.0715115736493133,1.070281404061462,1.067459852440785
3704,1.0715115736493133,1.0701523012892702,1.0632258033298492
3705,1.0715115736493133,1.069858923144762,1.0626536436271898
3706,1.0715115736493133,1.0691600580411427,1.061377850119575
3707,1.0715115736493133,1.0687702974999915,1.0584263699759906
3708,1.0715115736493133,1.0686398103092292,1.0599526924670328
3709,1.0715115736493133,1.06918657015001,1.0576680841551096
3710,1.0715115736493133,1.0690483784697122,1.0535154332960446
3711,1.0715115736493133,1.0698084741409126,1.062641087436904
3712,1.0715115736493133,1.0697109437636154,1.0654442470589613
3713,1.0715115736493133,1.0697830484010806,1.064908259814096
3714,1.0715115736493133,1.0693857674550973,1.0538445735620812
3715,1.0715115736493133,1.0687385054940475,1.0633053775323482
3716,1.0715115736493133,1.0686413230305007,1.0616104380416431
3717,1.0715115736493133,1.0693299582475144,1.061089666751193
3718,1.0715115736493133,1.0692952350822669,1.0644570028633102
3719,1.0715115736493133,1.0694161722118949,1.060054973765081
3720,1.0715115736493133,1.0699908159793035,1.0646256874487592
3721,1.0715115736493133,1.0698812708476257,1.0643087799140158
3722,1.0715115736493133,1.0698428299826517,1.065597424228899
3723,1.0715115736493133,1.069696539369979,1.0583769665513723
3724,1.0715115736493133,1.069508649010367,1.0519204212187914
3725,1.0715115736493133,1.069537505710662,1.0604343746153226
3726,1.0715115736493133,1.0695757794740406,1.0635854306271282
3727,1.0715115736493133,1.069371542786803,1.0630793214531173
3728,1.0715115736493133,1.0691829574858973,1.056657238932547
3729,1.0715115736493133,1.0690327736124088,1.0598932826223686
3730,1.0715115736493133,1.0692590976860448,1.0642615574805205
3731,1.0715115736493133,1.069758453464228,1.0644889177931136
3732,1.0715115736493133,1.0700215987403319,1.0645731530567382
3733,1.0715115736493133,1.0697788319833306,1.05765412233605
3734,1.0715115736493133,1.0697220612644096,1.0601072734047832
3735,1.0715115736493133,1.069695138782664,1.0619594361251599
3736,1.0715115736493133,1.0696849117408211,1.0661536965713272
3737,1.0715115736493133,1.069701961220201,1.0655236615231147
3738,1.0715115736493133,1.0701148858301168,1.06718094422525
3739,1.0715115736493133,1.0702946175097139,1.0672002762331907
3740,1.0715115736493133,1.0699738968996035,1.0644324400673268
3741,1.0715115736493133,1.0698897108500587,1.0609780780930451
3742,1.0715115736493133,1.0697995467951855,1.0634223816260882
3743,1.0715115736493133,1.0694548996067346,1.0658410931422146
3744,1.0715115736493133,1.0693788457975617,1.0608181449023881
3745,1.0715115736493133,1.0693275842683052,1.065934867864377
3746,1.0715115736493133,1.07003293033376,1.066219638606499
3747,1.0715115736493133,1.070279861765609,1.0659134465254012
3748,1.0715115736493133,1.0704666930577722,1.063503545275318
3749,1.0715115736493133,1.07047271648328,1.0641903110508513
3750,1.0715115736493133,1.0700969257254611,1.062296706782063
3751,1.0715115736493133,1.069879808212432,1.065844814042291
3752,1.0715115736493133,1.0696363676861589,1.0626889659727374
3753,1.0715115736493133,1.0694859517105568,1.0600474993401214
3754,1.0715115736493133,1.069448639862739,1.060104978600411
3755,1.0715115736493133,1.0695677849965517,1.0660184608291658
3756,1.0715115736493133,1.0698850332534446,1.0645496654943127
3757,1.0715115736493133,1.0695996741431246,1.063189785511073
3758,1.0715115736493133,1.0696443055218265,1.0658279519114724
3759,1.0715115736493133,1.069595484379682,1.0663600095842332
3760,1.0715115736493133,1.0696131414676164,1.0659972170354752
3761,1.0715115736493133,1.069626303162943,1.0657710392078692
3762,1.0715115736493133,1.0699141321738832,1.062094816971305
3763,1.0715115736493133,1.0688649803767907,1.0540493614757842
3764,1.0715115736493133,1.069011597463609,1.059151919467985
3765,1.0715115736493133,1.0688211490063337,1.0616798121073525
3766,1.0715115736493133,1.069200539435301,1.0599323222424526
3767,1.0715115736493133,1.0693131362617612,1.0630015823648273
3768,1.0715115736493133,1.0687638590180946,1.0600749925543176
3769,1.0715115736493133,1.0690093806158893,1.0619541168833573
3770,1.0715115736493133,1.0693246080396488,1.0652077381368497
3771,1.0715115736493133,1.0696614931348483,1.0658978980895146
3772,1.0715115736493133,1.0697509491924186,1.0646728379385446
3773,1.0715115736493133,1.069864617182315,1.0630404190090323
3774,1.0715115736493133,1.0698500364631445,1.0583652661762417
3775,1.0715115736493133,1.069454811857817,1.0630515787622246
3776,1.0715115736493133,1.0689363058479413,1.059067475502245
3777,1.0715115736493133,1.068860603696348,1.0619135112154383
3778,1.0715115736493133,1.0683995272684954,1.0625798187580013
3779,1.0715115736493133,1.068730709254834,1.0626458576556386
3780,1.0715115736493133,1.0692238188316536,1.0632569291781808
3781,1.0715115736493133,1.0695314750670442,1.0572169737873505
3782,1.0715115736493133,1.0698130385256024,1.0632882264734715
3783,1.0715115736493133,1.0697753607074174,1.065309053372782
3784,1.0715115736493133,1.0699844765360094,1.066317081699429
3785,1.0715115736493133,1.0702829659874609,1.0663450175845337
3786,1.0715115736493133,1.0702987849836203,1.0664815630862878
3787,1.0715115736493133,1.070274158558126,1.0673761433728137
3788,1.0715115736493133,1.069999585907527,1.0623932959193942
3789,1.0715115736493133,1.0694248263487682,1.0577179103317156
3790,1.0715115736493133,1.0690404242589635,1.064097078972504
3791,1.0715115736493133,1.0688250341468732,1.0637170504431452
3792,1.0715115736493133,1.0693700299268194,1.064399063499805
3793,1.0715115736493133,1.069623584328529,1.065931172923427
3794,1.0715115736493133,1.069577288152617,1.0668855398652775
3795,1.0715115736493133,1.0694974678643048,1.066134953296462
3796,1.0715115736493133,1.069856256190762,1.0642096624958635
3797,1.0715115736493133,1.0700896194512617,1.0664807492356536
3798,1.0715115736493133,1.0700975307803662,1.063183782419944
3799,1.0715115736493133,1.0695905576751412,1.0624199137386672
3800,1.0715115736493133,1.0693967563736606,1.0542384860337546
3801,1.0715115736493133,1.06946555907055,1.059316534668088
3802,1.0715115736493133,1.0690975686348958,1.0617323229336044
3803,1.0715115736493133,1.0695755036125774,1.0622665885822702
3804,1.0715115736493133,1.07000261690226,1.0658909309962208
3805,1.0715115736493133,1.0694071936561302,1.0628523102522784
3806,1.0715115736493133,1.0695876534907076,1.066149716403083
3807,1.0715115736493133,1.0700965091385863,1.0665360528162044
3808,1.0715115736493133,1.0696860481549713,1.0624137947992065
3809,1.0715115736493133,1.0696660257107993,1.0629879611850768
3810,1.0715115736493133,1.0697518914685176,1.0660641766633552
3811,1.0715115736493133,1.0699021834899822,1.0601742121135633
3812,1.0715115736493133,1.0700616425637883,1.0668065251807572
3813,1.0715115736493133,1.0702738241160998,1.0665970256206614
3814,1.0715115736493133,1.0704131489625544,1.0658421476571658
3815,1.0715115736493133,1.0705787247746035,1.0670791887199715
3816,1.0715115736493133,1.070290073029552,1.0664053807485223
3817,1.0715115736493133,1.0699999586479425,1.064655321639716
3818,1.0715115736493133,1.069978349316826,1.0646739108014056
3819,1.0715115736493133,1.0700099337905178,1.0653859663617993
3820,1.0715115736493133,1.070471807420791,1.0679790399115587
3821,1.0715115736493133,1.070194373770104,1.058115494297273
3822,1.0715115736493133,1.0701177224407754,1.066297842498258
3823,1.0715115736493133,1.0698099032658488,1.0642772374643195
3824,1.0715115736493133,1.0697449942928787,1.0610993269526865
3825,1.0715115736493133,1.0697960532112782,1.065506365398298
3826,1.0715115736493133,1.069663505770908,1.0597286735521263
3827,1.0715115736493133,1.0688678804003606,1.0541453518533412
3828,1.0715115736493133,1.0687823096951228,1.062513835467033
3829,1.0715115736493133,1.068926682381744,1.0567995013661462
3830,1.0715115736493133,1.068731638214568,1.0580488625601716
3831,1.0715115736493133,1.0690414066203888,1.061541637896453
3832,1.0715115736493133,1.0693123518667718,1.0658832305468113
3833,1.0715115736493133,1.0693996598581206,1.0639469718189518
3834,1.0715115736493133,1.069552694852744,1.0649768751685291
3835,1.0715115736493133,1.0694243743428211,1.065921742891884
3836,1.0715115736493133,1.0693030296315027,1.0634180771065131
3837,1.0715115736493133,1.0688927944554734,1.0629195411492218
3838,1.0715115736493133,1.0691415351318176,1.0639290340339596
3839,1.0715115736493133,1.0697869343190909,1.0662837800247082
3840,1.0715115736493133,1.069935536089477,1.0660596897694168
3841,1.0715115736493133,1.0697061887633241,1.0637892207127393
3842,1.0715115736493133,1.0696087792014755,1.0662503418717104
3843,1.0715115736493133,1.0698218265052462,1.0646679709739115
3844,1.0715115736493133,1.0699131780716111,1.0654825281066986
3845,1.0715115736493133,1.069939987410856,1.066659636818141
3846,1.0715115736493133,1.0701896422022084,1.0666921795157762
3847,1.0715115736493133,1.07024363210281,1.0656120466614576
3848,1.0715115736493133,1.0702039692176335,1.0668901791995635
3849,1.0715115736493133,1.070363989941999,1.0657544546570388
3850,1.0715115736493133,1.0704658515233256,1.0646810864665626
3851,1.0715115736493133,1.0703998339388543,1.06729647196793
3852,1.0715115736493133,1.0702112803582244,1.0666531293539927
3853,1.0715115736493133,1.0700250053345242,1.066094622306663
3854,1.0715115736493133,1.0703588503799502,1.0666513618547624
3855,1.0715115736493133,1.0705856932142022,1.0662582360746238
3856,1.0715115736493133,1.070620137648406,1.0680574687230948
3857,1.0715115736493133,1.0701125211072797,1.0649822980653827
3858,1.0715115736493133,1.0700923958648818,1.066852787135612
3859,1.0715115736493133,1.07015447164327,1.0667707792681038
3860,1.0715115736493133,1.070328691401908,1.0678100987206536
3861,1.0715115736493133,1.0701855146230177,1.0661597801691858
3862,1.0715115736493133,1.069621408191038,1.0649339247692513
3863,1.0715115736493133,1.069596861674705,1.0645724240086956
3864,1.0715115736493133,1.0693632804969495,1.063781501138538
3865,1.0715115736493133,1.0689733367167706,1.0625991680662874
3866,1.0715115736493133,1.0683093193600044,1.0562450037975397
3867,1.0715115736493133,1.0687171645595723,1.0615603878408955
3868,1.0715115736493133,1.069430220009232,1.0629010545707802
3869,1.0715115736493133,1.0698295984617798,1.0642569620820546
3870,1.0715115736493133,1.0695754875653247,1.0542622609544663
3871,1.0715115736493133,1.0692847882435326,1.064267698389001
3872,1.0715115736493133,1.0694686644923643,1.0622327530518305
3873,1.0715115736493133,1.0695494255317675,1.0657506426121617
3874,1.0715115736493133,1.0690710667616206,1.063799449692446
3875,1.0715115736493133,1.0691176752129399,1.0623249986124323
3876,1.0715115736493133,1.0690926674795875,1.0645773817094537
3877,1.0715115736493133,1.0695678041881065,1.0641660737799008
3878,1.0715115736493133,1.0695852647963306,1.0635536743619234
3879,1.0715115736493133,1.0700620050405707,1.0653338525550928
3880,1.0715115736493133,1.070069870803576,1.066100014378018
3881,1.0715115736493133,1.0701884788752305,1.0660085204494454
3882,1.0715115736493133,1.0700716124214777,1.0644563632324928
3883,1.0715115736493133,1.0699876494304013,1.0639012105873977
3884,1.0715115736493133,1.069821259828977,1.0643640251174098
3885,1.0715115736493133,1.0696231450226168,1.0621533529362468
3886,1.0715115736493133,1.069653207164257,1.0672720752208325
3887,1.0715115736493133,1.069667055281585,1.0650299296859165
3888,1.0715115736493133,1.069599941860345,1.0666315141682383
3889,1.0715115736493133,1.0696912930811846,1.0654506335443588
3890,1.0715115736493133,1.069317721542452,1.0632600040701399
3891,1.0715115736493133,1.069034284774195,1.0464953092418758
3892,1.0715115736493133,1.0691544660122134,1.064950009252727
3893,1.0715115736493133,1.0693245702033607,1.0652211807268046
3894,1.0715115736493133,1.0687365963877111,1.058723155368762
3895,1.0715115736493133,1.067738915961054,1.0607496732000876
3896,1.0715115736493133,1.067475364217273,1.054841881881197
3897,1.0715115736493133,1.0674579210410164,1.057887622697114
3898,1.0715115736493133,1.0674145573957174,1.055871929934769
3899,1.0715115736493133,1.067574080636919,1.0552841037061893
3900,1.0715115736493133,1.067043644577885,1.0417108736042944
3901,1.0715115736493133,1.067992104817765,1.0559956221103748
3902,1.0715115736493133,1.0686307009225966,1.0626673936141153
3903,1.0715115736493133,1.0691829132301967,1.0599401278343672
3904,1.0715115736493133,1.0692950906007952,1.0655422571545943
3905,1.0715115736493133,1.0695112681476087,1.0660506748981038
3906,1.0715115736493133,1.0695984239311145,1.0624182349204314
3907,1.0715115736493133,1.0696366502894095,1.0653135914915215
3908,1.0715115736493133,1.06970773918976,1.0629403257925056
3909,1.0715115736493133,1.0692904529738758,1.0523484383376038
3910,1.0715115736493133,1.0688467808211275,1.060987701611623
3911,1.0715115736493133,1.0689465029171032,1.0602564280573274
3912,1.0715115736493133,1.0688877827112468,1.0602866441780157
3913,1.0715115736493133,1.0687986537147505,1.0648563320520223
3914,1.0715115736493133,1.0688447203469555,1.064682884680835
3915,1.0715115736493133,1.0691111599727567,1.0637831439498797
3916,1.0715115736493133,1.069191306506072,1.0618531207213397
3917,1.0715115736493133,1.0688709562367498,1.0621049811238186
3918,1.0715115736493133,1.0686961007532343,1.0598862489018743
3919,1.0715115736493133,1.0684080019946096,1.0619706730705036
3920,1.0715115736493133,1.0680874349687666,1.0597678936794075
3921,1.0715115736493133,1.0680418152280984,1.0564334024478383
3922,1.0715115736493133,1.068160855540707,1.0622040406178395
3923,1.0715115736493133,1.06877867337901,1.0626106058570846
3924,1.0715115736493133,1.0687118438275323,1.061873848780258
3925,1.0715115736493133,1.0689425770083552,1.0640627879559625
3926,1.0715115736493133,1.069488418954692,1.0599748152551092
3927,1.0715115736493133,1.069670241234558,1.0633754269781994
3928,1.0715115736493133,1.0695174614675118,1.0661608173986563
3929,1.0715115736493133,1.0690911205822151,1.0589238190530095
3930,1.0715115736493133,1.0690319061398579,1.0619372997624668
3931,1.0715115736493133,1.0680932070924245,1.0509719232420127
3932,1.0715115736493133,1.0676295522489574,1.0523113262587787
3933,1.0715115736493133,1.0674123493952368,1.0492576985820783
3934,1.0715115736493133,1.0675063653111068,1.057556039064808
3935,1.0715115736493133,1.0674370209455848,1.0569856021759385
3936,1.0715115736493133,1.0674846173151114,1.0564785351172232
3937,1.0715115736493133,1.0674952206914385,1.0569347879465216
3938,1.0715115736493133,1.0672823834262222,1.055632979932818
3939,1.0715115736493133,1.0669664274848523,1.0494287185475621
3940,1.0715115736493133,1.066200415993022,1.0416816081935816
3941,1.0715115736493133,1.0652483740272634,1.0439324538727655
3942,1.0715115736493133,1.066820750868149,1.0445346884789095
3943,1.0715115736493133,1.066142611078038,1.0402595450432695
3944,1.0715115736493133,1.0666676310106205,1.058005942156405
3945,1.0715115736493133,1.0676424520478252,1.0574858070908997
3946,1.0715115736493133,1.068088160184749,1.0631827209793434
3947,1.0715115736493133,1.0691548116250826,1.0632717057158934
3948,1.0715115736493133,1.0691083066887916,1.0640533951023072
3949,1.0715115736493133,1.0693554584782283,1.0639948230086993
3950,1.0715115736493133,1.0690960664885683,1.0641316287565359
3951,1.0715115736493133,1.0690429873258238,1.0619841700902697
3952,1.0715115736493133,1.068937781297772,1.0457057670497472
3953,1.0715115736493133,1.0692489764794246,1.0638244202148255
3954,1.0715115736493133,1.0690965551415084,1.0625979974578352
3955,1.0715115736493133,1.068878298006912,1.0592692477026384
3956,1.0715115736493133,1.0684367902779577,1.0585149792963442
3957,1.0715115736493133,1.0682361842267367,1.0624929725718113
3958,1.0715115736493133,1.0686603878224061,1.064198500121275
3959,1.0715115736493133,1.0689734512737408,1.0624777580347258
3960,1.0715115736493133,1.0695586785499136,1.064790451628782
3961,1.0715115736493133,1.0692901042317775,1.0613672133873022
3962,1.0715115736493133,1.0692123609326625,1.0640414925671666
3963,1.0715115736493133,1.069015592870003,1.0648597968384026
3964,1.0715115736493133,1.069026008368799,1.0635275429960285
3965,1.0715115736493133,1.0686267062481827,1.057291955481582
3966,1.0715115736493133,1.0682167173418433,1.0586429392677128
3967,1.0715115736493133,1.067582288113975,1.0573607431246048
3968,1.0715115736493133,1.0682738341859268,1.05536283705586
3969,1.0715115736493133,1.0686810618530713,1.0631153852624489
3970,1.0715115736493133,1.0691375530132186,1.0608000472529744
3971,1.0715115736493133,1.0690352322043926,1.0651535731521702
3972,1.0715115736493133,1.069314886304618,1.0659914124472925
3973,1.0715115736493133,1.0697052522663932,1.0648295195659314
3974,1.0715115736493133,1.069856967635676,1.0638263415006117
3975,1.0715115736493133,1.0696278039210485,1.0607474475670762
3976,1.0715115736493133,1.0695031387735012,1.0652399176081855
3977,1.0715115736493133,1.0695527400923124,1.0653867069500234
3978,1.0715115736493133,1.0695946020551874,1.0662772255337307
3979,1.0715115736493133,1.0692522439685124,1.0614324203826704
3980,1.0715115736493133,1.069011029215594,1.0652789396908564
3981,1.0715115736493133,1.0692583783545653,1.060968064996865
3982,1.0715115736493133,1.0682749351886789,1.0597267743699104
3983,1.0715115736493133,1.0684811310338067,1.0616819951696939
3984,1.0715115736493133,1.06906633379368,1.061545424975919
3985,1.0715115736493133,1.068906194916235,1.0620470838283251
3986,1.0715115736493133,1.06930368580728,1.0645214127461333
3987,1.0715115736493133,1.0694655279931293,1.0651083015866167
3988,1.0715115736493133,1.0690254833972792,1.061644465671232
3989,1.0715115736493133,1.0695836253964774,1.0642520530619959
3990,1.0715115736493133,1.0692942355259007,1.0616314708800463
3991,1.0715115736493133,1.0696914019077084,1.0650462085436363
3992,1.0715115736493133,1.0701222912894282,1.0652789349988154
3993,1.0715115736493133,1.0703771848923092,1.0682036503059316
3994,1.0715115736493133,1.0704888232491445,1.0660109756105371
3995,1.0715115736493133,1.0697897409893933,1.0632916781860624
3996,1.0715115736493133,1.069395377169752,1.0591865846716926
3997,1.0715115736493133,1.0685932282481065,1.0541000944840828
3998,1.0715115736493133,1.0692138928591568,1.0537713916825515
3999,1.0715115736493133,1.0693655034141647,1.0649764053715163
4000,1.0715115736493133,1.0694079622794956,1.0660641936165678
4001,1.0715115736493133,1.0695909440139728,1.0645523099244087
4002,1.0715115736493133,1.0695749612667063,1.0622947374354723
4003,1.0715115736493133,1.0693786473312346,1.0594319084334394
4004,1.0715115736493133,1.0692564278672143,1.0614733382105892
4005,1.0715115736493133,1.0691017304479014,1.064201285010905
4006,1.0715115736493133,1.069076446658631,1.0615363150621182
4007,1.0715115736493133,1.069475207894504,1.0649335869530847
4008,1.0715115736493133,1.0692681657522807,1.0528083205960148
4009,1.0715115736493133,1.069054124748057,1.0606052234679149
4010,1.0715115736493133,1.0690957237518277,1.0628836093455365
4011,1.0715115736493133,1.0687742647435794,1.0593618691800173
4012,1.0715115736493133,1.0692139281084316,1.0618233277180336
4013,1.0715115736493133,1.069773563186684,1.0650895316660804
4014,1.0715115736493133,1.069878201381154,1.0628801036039377
4015,1.0715115736493133,1.070232955201804,1.0659727879384757
4016,1.0715115736493133,1.070089813663737,1.0662031796115596
4017,1.0715115736493133,1.0698894997763444,1.063611109151211
4018,1.0715115736493133,1.0696991134840497,1.0644544486932406
4019,1.0715115736493133,1.0699403122159694,1.062174835350075
4020,1.0715115736493133,1.0700136696046005,1.0644563956403457
4021,1.0715115736493133,1.0696819102176773,1.0631717487246535
4022,1.0715115736493133,1.0692409590791145,1.0587170654175933
4023,1.0715115736493133,1.068845693343074,1.0469781219444592
4024,1.0715115736493133,1.0690696894517109,1.062191119310105
4025,1.0715115736493133,1.0688377349549918,1.0597222143613823
4026,1.0715115736493133,1.0689322594484512,1.0520586791604976
4027,1.0715115736493133,1.0688795651743461,1.059923740605282
4028,1.0715115736493133,1.069080746433374,1.0534167755949562
4029,1.0715115736493133,1.069448660053397,1.0618181537752622
4030,1.0715115736493133,1.0695368157440472,1.0642162335804213
4031,1.0715115736493133,1.069617950413502,1.0659472621149404
4032,1.0715115736493133,1.0691262694310024,1.0633759765016217
4033,1.0715115736493133,1.0684441330945942,1.0557074712532446
4034,1.0715115736493133,1.0680966830084104,1.0550965088669075
4035,1.0715115736493133,1.0686397977675304,1.0621063113524198
4036,1.0715115736493133,1.0688931367896968,1.0654798312692606
4037,1.0715115736493133,1.0690643410196758,1.0644978117843618
4038,1.0715115736493133,1.0686694172448825,1.053192376976674
4039,1.0715115736493133,1.068611640192289,1.0606343206477016
4040,1.0715115736493133,1.069221832004382,1.0592425170525828
4041,1.0715115736493133,1.0690278906983572,1.0591263028968443
4042,1.0715115736493133,1.0692153229248604,1.062368788706162
4043,1.0715115736493133,1.068295766284823,1.0532921436080125
4044,1.0715115736493133,1.0683822725346956,1.05343345608731
4045,1.0715115736493133,1.068275882831459,1.0566128682316323
4046,1.0715115736493133,1.0685544708380896,1.050838171376409
4047,1.0715115736493133,1.0683105555111034,1.0577705238430952
4048,1.0715115736493133,1.068905731767553,1.0631864957533381
4049,1.0715115736493133,1.0689062731253598,1.0637072015169113
4050,1.0715115736493133,1.0688755445958031,1.0635228730191943
4051,1.0715115736493133,1.0693787627754117,1.065294926244507
4052,1.0715115736493133,1.0695165292452506,1.0655405263362305
4053,1.0715115736493133,1.0696286565005184,1.0660574208436864
4054,1.0715115736493133,1.0695292020321028,1.0595303524465383
4055,1.0715115736493133,1.0690944890774448,1.0604974098257745
4056,1.0715115736493133,1.068719466261329,1.0637653831533962
4057,1.0715115736493133,1.068616212250956,1.060821476615383
4058,1.0715115736493133,1.0685069143047619,1.0582499754662282
4059,1.0715115736493133,1.067769594296472,1.0595388961330678
4060,1.0715115736493133,1.067337590208075,1.0555896454123426
4061,1.0715115736493133,1.0674222930899355,1.0604954843786571
4062,1.0715115736493133,1.067541622719636,1.0601220197477454
4063,1.0715115736493133,1.0676967784762887,1.0597707917988892
4064,1.0715115736493133,1.0681199025415866,1.0568054130576439
4065,1.0715115736493133,1.0681180812918638,1.062220111122758
4066,1.0715115736493133,1.0679739287240322,1.0628241703342374
4067,1.0715115736493133,1.0683280765076943,1.0597253086811877
4068,1.0715115736493133,1.0682392056538765,1.0609100469362338
4069,1.0715115736493133,1.0687071415637819,1.0632703043212026
4070,1.0715115736493133,1.0686465500287,1.0609474512616517
4071,1.0715115736493133,1.0684018923317198,1.0615346704253414
4072,1.0715115736493133,1.0687196657027014,1.0592554319370067
4073,1.0715115736493133,1.0687404051821598,1.0629847015612275
4074,1.0715115736493133,1.06944029843115,1.0643883079370255
4075,1.0715115736493133,1.0699247365508662,1.0642075632926347
4076,1.0715115736493133,1.0700291420110992,1.065653041019775
4077,1.0715115736493133,1.0704864011677244,1.0677195904992915
4078,1.0715115736493133,1.0706271468048443,1.068338073910824
4079,1.0715115736493133,1.0703952293994912,1.065752156674769
4080,1.0715115736493133,1.0701608403544869,1.0669492975846873
4081,1.0715115736493133,1.070142209898358,1.0664756620482798
4082,1.0715115736493133,1.0698657751472114,1.0614691228082522
4083,1.0715115736493133,1.0696416163593694,1.063898136860149
4084,1.0715115736493133,1.0697279366165076,1.0648893091243234
4085,1.0715115736493133,1.069401430587932,1.0651736915608512
4086,1.0715115736493133,1.0695561870453303,1.0661121800127826
4087,1.0715115736493133,1.0695480269875361,1.0662889377617495
4088,1.0715115736493133,1.0695982297322362,1.064989590528499
4089,1.0715115736493133,1.0693141181561812,1.0620940568560866
4090,1.0715115736493133,1.0693338732954472,1.057711685604433
4091,1.0715115736493133,1.0697287612541915,1.0643579323269832
4092,1.0715115736493133,1.069424631770774,1.0620055726356874
4093,1.0715115736493133,1.0687540594856124,1.0638940284294534
4094,1.0715115736493133,1.0690150136166303,1.0641793213464041
4095,1.0715115736493133,1.0691993981231782,1.0646150483880674
4096,1.0715115736493133,1.0693435180324231,1.063769165834241
4097,1.0715115736493133,1.0692362872802723,1.063690120404146
4098,1.0715115736493133,1.069166470959234,1.065234352228071
4099,1.0715115736493133,1.0692261536610852,1.0608832393006151
4100,1.0715115736493133,1.0697969337067839,1.0599026181152746
4101,1.0715115736493133,1.069964038882143,1.0658258732467776
4102,1.0715115736493133,1.0697467724060337,1.0657746922555176
4103,1.0715115736493133,1.0692113151435827,1.0640310293305713
4104,1.0715115736493133,1.0692502981993628,1.0629065106941926
4105,1.0715115736493133,1.069337333968568,1.0582880863773942
4106,1.0715115736493133,1.0695133934363912,1.0653301771497237
4107,1.0715115736493133,1.0698970241641648,1.066260327047641
4108,1.0715115736493133,1.0701589383289993,1.0653176820818864
4109,1.0715115736493133,1.070354827325693,1.0680959204572222
4110,1.0715115736493133,1.0699236787038666,1.0616326216338972
4111,1.0715115736493133,1.0697253796516535,1.063504859761814
4112,1.0715115736493133,1.0689798170546416,1.0584939375541853
4113,1.0715115736493133,1.0688076314702,1.061314181419258
4114,1.0715115736493133,1.0693854173610786,1.0637280918512495
4115,1.0715115736493133,1.0690688396381238,1.0625139231994125
4116,1.0715115736493133,1.0694212628884272,1.0635949198440038
4117,1.0715115736493133,1.0695237369402235,1.0645214902517632
4118,1.0715115736493133,1.0692070362685626,1.0609693073337665
4119,1.0715115736493133,1.069280591378278,1.065887276938183
4120,1.0715115736493133,1.0690893054696184,1.0623598561783727
4121,1.0715115736493133,1.0682969403730735,1.0608833391706067
4122,1.0715115736493133,1.068550285238549,1.063609010705251
4123,1.0715115736493133,1.0687703826539399,1.0628081460054126
4124,1.0715115736493133,1.068818534511753,1.0596787046466232
4125,1.0715115736493133,1.0693473286043045,1.0638181140128715
4126,1.0715115736493133,1.069981186119023,1.0646208273921642
4127,1.0715115736493133,1.0700660465870755,1.0671572312606812
4128,1.0715115736493133,1.0702414114486254,1.0663087379428795
4129,1.0715115736493133,1.0699948681229479,1.0652211526367785
4130,1.0715115736493133,1.070265896603784,1.0669015167045934
4131,1.0715115736493133,1.0701929989109236,1.06661375500598
4132,1.0715115736493133,1.070467054567971,1.068247527325952
4133,1.0715115736493133,1.070295663945716,1.0649660116906885
4134,1.0715115736493133,1.0700984071753057,1.065650052468386
4135,1.0715115736493133,1.0704599323685193,1.06592642412945
4136,1.0715115736493133,1.0705930725832185,1.0632113568117014
4137,1.0715115736493133,1.070416940334761,1.067338663788416
4138,1.0715115736493133,1.0705473881482055,1.066533249169066
4139,1.0715115736493133,1.0701476954745575,1.0653445486084239
4140,1.0715115736493133,1.0702414497753225,1.0668160561163715
4141,1.0715115736493133,1.069897569817587,1.0653956636510513
4142,1.0715115736493133,1.0699927869940915,1.0647000468122458
4143,1.0715115736493133,1.0701518833549357,1.0669712947019194
4144,1.0715115736493133,1.0703650212150249,1.067157412914739
4145,1.0715115736493133,1.070396191302908,1.0658792480658126
4146,1.0715115736493133,1.0703392086338317,1.0659368254813681
4147,1.0715115736493133,1.070251904064515,1.065093613577281
4148,1.0715115736493133,1.0702437916758314,1.0669126612609836
4149,1.0715115736493133,1.0701451480964421,1.0659415347610852
4150,1.0715115736493133,1.0697228678775825,1.0582194508891933
4151,1.0715115736493133,1.0695074649422023,1.0595279950710847
4152,1.0715115736493133,1.0693137424287875,1.0650308890829683
4153,1.0715115736493133,1.0698870371838967,1.0674218618005367
4154,1.0715115736493133,1.070423718154281,1.0674718827634277
4155,1.0715115736493133,1.0702300780762628,1.0654889861716426
4156,1.0715115736493133,1.070173779020643,1.0667137499387225
4157,1.0715115736493133,1.0702448361983128,1.0653386544150236
4158,1.0715115736493133,1.0703031509276142,1.0676630551846722
4159,1.0715115736493133,1.0705149285739912,1.0673720626278302
4160,1.0715115736493133,1.0703144020110258,1.0658641076270559
4161,1.0715115736493133,1.0696689377506245,1.0640433646673184
4162,1.0715115736493133,1.0696361760924025,1.065051186407028
4163,1.0715115736493133,1.0695724669940587,1.0661413385298568
4164,1.0715115736493133,1.0699449753342616,1.0666706669975021
4165,1.0715115736493133,1.069832804866031,1.0654192465005574
4166,1.0715115736493133,1.0696570339949023,1.061354740613098
4167,1.0715115736493133,1.0700164908666827,1.064682684785423
4168,1.0715115736493133,1.0700241826016081,1.062046333649882
4169,1.0715115736493133,1.069442750885105,1.0581529987827456
4170,1.0715115736493133,1.0692154303552526,1.0614013320713482
4171,1.0715115736493133,1.0694717006742256,1.0646647104459481
4172,1.0715115736493133,1.0694784334097331,1.0637970691857919
4173,1.0715115736493133,1.069808425067328,1.0646564773301608
4174,1.0715115736493133,1.0693139244829437,1.0651654525299756
4175,1.0715115736493133,1.068919207011569,1.064046892151043
4176,1.0715115736493133,1.068860383326986,1.065147052764477
4177,1.0715115736493133,1.0690702164143802,1.0654281980409435
4178,1.0715115736493133,1.0693363779801104,1.0650799560491404
4179,1.0715115736493133,1.0695309118759166,1.065317404434515
4180,1.0715115736493133,1.0697883557895151,1.0617493596953456
4181,1.0715115736493133,1.0694003988131977,1.063452332431314
4182,1.0715115736493133,1.0697104743434922,1.0633091070629694
4183,1.0715115736493133,1.0697902560059551,1.0617372832689402
4184,1.0715115736493133,1.0697562562877407,1.0596327626041964
4185,1.0715115736493133,1.0694271766856378,1.0628196862683765
4186,1.0715115736493133,1.0692197974967836,1.0620050177442901
4187,1.0715115736493133,1.0689198079038946,1.0608420954343205
4188,1.0715115736493133,1.0692158073095848,1.0619407575106268
4189,1.0715115736493133,1.0694100646730065,1.0601763791759948
4190,1.0715115736493133,1.0698342674995165,1.0666337630099618
4191,1.0715115736493133,1.0697293277491868,1.061377352528567
4192,1.0715115736493133,1.0695573054356113,1.0599637287828174
4193,1.0715115736493133,1.0697272155686213,1.0652120363797346
4194,1.0715115736493133,1.069715397306199,1.0643755877690513
4195,1.0715115736493133,1.0698844601321007,1.0647518999381413
4196,1.0715115736493133,1.0697595370601731,1.0661456765333195
4197,1.0715115736493133,1.069694511483733,1.0635595838172487
4198,1.0715115736493133,1.069623515025673,1.0636855571950212
4199,1.0715115736493133,1.069622497118533,1.063949488382197
4200,1.0715115736493133,1.0697291801836166,1.062179252690953
4201,1.0715115736493133,1.0697563618321284,1.0642449445980926
4202,1.0715115736493133,1.0701970827672405,1.0667857202602349
4203,1.0715115736493133,1.0703250412144079,1.0668373730819436
4204,1.0715115736493133,1.0701880399981556,1.0674927740734792
4205,1.0715115736493133,1.0703597469973953,1.0671841889807046
4206,1.0715115736493133,1.0706261373580201,1.066120948269674
4207,1.0715115736493133,1.070336500659817,1.0675134224569434
4208,1.0715115736493133,1.0706911764801428,1.0684771702509335
4209,1.0715115736493133,1.0702656266879869,1.0670297425332318
4210,1.0715115736493133,1.0701792721653711,1.0652304168895146
4211,1.0715115736493133,1.0701371712071113,1.0638728725315196
4212,1.0715115736493133,1.0703951943709447,1.064343356569479
4213,1.0715115736493133,1.0701760917467629,1.065338228318799
4214,1.0715115736493133,1.0703698349146475,1.065493276273272
4215,1.0715115736493133,1.0700233623148856,1.0644104817280033
4216,1.0715115736493133,1.069404585742505,1.0513758196314704
4217,1.0715115736493133,1.0694811075024488,1.0631732431107732
4218,1.0715115736493133,1.0698362868749398,1.0620386599720817
4219,1.0715115736493133,1.0693210115540892,1.0584327343175848
4220,1.0715115736493133,1.069416064724554,1.0587240042050192
4221,1.0715115736493133,1.0692288945492454,1.0632454261889515
4222,1.0715115736493133,1.069333165046877,1.0626719069034056
4223,1.0715115736493133,1.0693057537086874,1.0627651577376238
4224,1.0715115736493133,1.0694300632291338,1.0637808444732553
4225,1.0715115736493133,1.0692494409467954,1.0594347964653046
4226,1.0715115736493133,1.0691636672483844,1.0512372775246903
4227,1.0715115736493133,1.0688670848639226,1.0628786261059946
4228,1.0715115736493133,1.0690464622900244,1.0638350665539453
4229,1.0715115736493133,1.068855293449724,1.0611519738692432
4230,1.0715115736493133,1.0684563945408723,1.0571705680874754
4231,1.0715115736493133,1.0684805898661935,1.0561880006782218
4232,1.0715115736493133,1.0685361415354613,1.0642610401120676
4233,1.0715115736493133,1.0692980817815227,1.0616606231702925
4234,1.0715115736493133,1.0696352862328533,1.0646013832552987
4235,1.0715115736493133,1.0693076829011428,1.065758583218499
4236,1.0715115736493133,1.0692926789269572,1.0639566030578314
4237,1.0715115736493133,1.069281526220934,1.0626397081637482
4238,1.0715115736493133,1.0690846749343677,1.0629770723779723
4239,1.0715115736493133,1.06897325102349,1.0620913742862972
4240,1.0715115736493133,1.068944163181527,1.0601887310495082
4241,1.0715115736493133,1.069289773007089,1.0653148658718878
4242,1.0715115736493133,1.0695218579320886,1.0608105334597475
4243,1.0715115736493133,1.0698156214497927,1.0657401211829238
4244,1.0715115736493133,1.0700955386890358,1.0657221527767562
4245,1.0715115736493133,1.0697589937241294,1.0565709277910766
4246,1.0715115736493133,1.0696804743160966,1.0656403136145318
4247,1.0715115736493133,1.069966324711953,1.0530544842624745
4248,1.0715115736493133,1.070337618307514,1.066318896665628
4249,1.0715115736493133,1.0701704135057823,1.0668330861989164
4250,1.0715115736493133,1.0701964513194662,1.0641965951419476
4251,1.0715115736493133,1.069968744053624,1.066638032892186
4252,1.0715115736493133,1.0701411725009506,1.0640777491686746
4253,1.0715115736493133,1.0701530023769228,1.0637947151362992
4254,1.0715115736493133,1.0700665751494833,1.0664980511811473
4255,1.0715115736493133,1.0696076286490652,1.065611939397335
4256,1.0715115736493133,1.0693381046101935,1.0637949102595994
4257,1.0715115736493133,1.0691236828719684,1.064698990961388
4258,1.0715115736493133,1.0693106151715417,1.0657391225534762
4259,1.0715115736493133,1.069276004030192,1.0644131515455773
4260,1.0715115736493133,1.0688072092874463,1.0504752913309547
4261,1.0715115736493133,1.0687484988067903,1.0599321116610843
4262,1.0715115736493133,1.0688740619100967,1.0586069504452875
4263,1.0715115736493133,1.0688362432800929,1.0638506065365139
4264,1.0715115736493133,1.0687487191122356,1.0623656121792835
4265,1.0715115736493133,1.0685545287855986,1.0598642004227683
4266,1.0715115736493133,1.0687367019782439,1.0623193029780598
4267,1.0715115736493133,1.068260021263294,1.0640128338148283
4268,1.0715115736493133,1.0686407404339082,1.064606248691733
4269,1.0715115736493133,1.0682877753349225,1.058567768212049
4270,1.0715115736493133,1.0680914824279473,1.0621320468011257
4271,1.0715115736493133,1.0687353509707878,1.0607516088242908
4272,1.0715115736493133,1.0691432131014937,1.0572660522435915
4273,1.0715115736493133,1.0692763196611954,1.0637509060785053
4274,1.0715115736493133,1.069666676860096,1.0658479357091197
4275,1.0715115736493133,1.069860424765725,1.0668385318655624
4276,1.0715115736493133,1.0698765991372712,1.0615636859297914
4277,1.0715115736493133,1.0696404399851358,1.0663255055000072
4278,1.0715594633864152,1.0700147990706135,1.0671067303935182
4279,1.0715594633864152,1.0703175753178855,1.0655123634083434
4280,1.0715594633864152,1.0700685609053266,1.06799474381392
4281,1.0715594633864152,1.0701644597472437,1.0672245670983906
4282,1.0715594633864152,1.0697350895198623,1.056563012963428
4283,1.0715594633864152,1.0694681005961877,1.051673243641295
4284,1.0715594633864152,1.0695082704581012,1.0617948228828678
4285,1.0715594633864152,1.069387951846665,1.0649011030794755
4286,1.0715594633864152,1.069635923738256,1.0635166764207793
4287,1.0715594633864152,1.0693024073865038,1.063723957783764
4288,1.0715594633864152,1.0691359025372706,1.0593785233947068
4289,1.0715594633864152,1.0690060292118446,1.0614245550509351
4290,1.0715594633864152,1.0689460999781395,1.0623192268309856
4291,1.0715594633864152,1.0683560432380785,1.0506369981590629
4292,1.0715594633864152,1.0680513467753614,1.0533123653554561
4293,1.0715594633864152,1.0681957850606425,1.0608796850129538
4294,1.0715594633864152,1.0681758990961396,1.0613159550150921
4295,1.0715594633864152,1.0685560669681649,1.0498034502295357
4296,1.0715594633864152,1.0683421582473946,1.060084984956846
4297,1.0715594633864152,1.0678531687666881,1.0510623321674128
4298,1.0715594633864152,1.0675469087202454,1.059366046097304
4299,1.0715594633864152,1.0679262106156375,1.060338754685353
4300,1.0715594633864152,1.0680731771856342,1.0587252958641473
4301,1.0715594633864152,1.0678146732490204,1.0609532760901337
4302,1.0715594633864152,1.068021920923378,1.0600033756161942
4303,1.0715594633864152,1.0677748593601968,1.055110810946453
4304,1.0715594633864152,1.0682129795689534,1.0631335195332268
4305,1.0715594633864152,1.0683055544989812,1.0614571870538676
4306,1.0715594633864152,1.0682005830973664,1.0584529535055753
4307,1.0715594633864152,1.0679742252603466,1.0614700739572422
4308,1.0715594633864152,1.06823754230157,1.0597773643096513
4309,1.0715594633864152,1.0683775996295157,1.0632951670519157
4310,1.0715594633864152,1.0684859892807685,1.046731447260672
4311,1.0715594633864152,1.068174913961867,1.0548392496233296
4312,1.0715594633864152,1.0680237122604885,1.059971418571061
4313,1.0715594633864152,1.06732322592325,1.032685795535886
4314,1.0715594633864152,1.0671606628257764,1.058757572390369
4315,1.0715594633864152,1.066347878026134,1.0584894123207773
4316,1.0715594633864152,1.0668110024432647,1.0558304125136364
4317,1.0715594633864152,1.066944474952856,1.06078236823882
4318,1.0715594633864152,1.067825093396702,1.0597868915974216
4319,1.0715594633864152,1.0686553716803993,1.0633902021346846
4320,1.0715594633864152,1.0689560832318608,1.0578981503200107
4321,1.0715594633864152,1.0692786126574139,1.064858541871321
4322,1.0715594633864152,1.0695972846459556,1.0663697979697078
4323,1.0715594633864152,1.069418850134947,1.064052407371821
4324,1.0715594633864152,1.0690172123586128,1.0570253473557498
4325,1.0715594633864152,1.068340981028578,1.0566365823110688
4326,1.0715594633864152,1.0680615583639348,1.0603203097590286
4327,1.0715594633864152,1.0680426970512535,1.0555199726314588
4328,1.0715594633864152,1.0681740236934267,1.0570164929073198
4329,1.0715594633864152,1.0679540441500899,1.0560486787709
4330,1.0715594633864152,1.0678826506267871,1.0567077228855286
4331,1.0715594633864152,1.068175077504198,1.0638645733353025
4332,1.0715594633864152,1.0681872628380364,1.0613778731094923
4333,1.0715594633864152,1.068210812040271,1.0613250816220292
4334,1.0715594633864152,1.0678761847736846,1.0608483432307823
4335,1.0715594633864152,1.067644984378493,1.0600861078650756
4336,1.0715594633864152,1.0674784717267092,1.0561855949856582
4337,1.0715594633864152,1.0675170137711003,1.061087514099467
4338,1.0715594633864152,1.067366143633809,1.0580926519439635
4339,1.0715594633864152,1.0666765951338564,1.05408669014935
4340,1.0715594633864152,1.0661515701285915,1.0550774819318538
4341,1.0715594633864152,1.0657597385813486,1.0474128708580328
4342,1.0715594633864152,1.0654062621348936,1.0471495995719051
4343,1.0715594633864152,1.067016265805763,1.0539208596763685
4344,1.0715594633864152,1.0672328406624223,1.0585055502405925
4345,1.0715594633864152,1.06669900644494,1.0557237694733246
4346,1.0715594633864152,1.066951999685108,1.0593357452781245
4347,1.0715594633864152,1.0674117601203725,1.0556234975809455
4348,1.0715594633864152,1.0676634750242888,1.0623693008082906
4349,1.0715594633864152,1.0679077887438493,1.0629106195620674
4350,1.0715594633864152,1.0680712440785762,1.0576815130516906
4351,1.0717424412461072,1.0681004219432828,1.0619642972858643
4352,1.0717424412461072,1.0684531204173613,1.0605759288471754
4353,1.0717424412461072,1.0683697825208152,1.063522711285106
4354,1.0717424412461072,1.0689257507332453,1.0650536538890032
4355,1.0717424412461072,1.0692466434856376,1.063633319757027
4356,1.0717424412461072,1.069701371317864,1.0648444673664001
4357,1.0717424412461072,1.0701699311759985,1.0661492685203755
4358,1.0717424412461072,1.0703436595348326,1.0673366339598276
4359,1.0717424412461072,1.0699795961811776,1.066483621363311
4360,1.0717424412461072,1.0698862765780655,1.065732395997393
4361,1.0717424412461072,1.0694593851290786,1.0649356664629728
4362,1.0717424412461072,1.0693950073702672,1.0646447346382562
4363,1.0717424412461072,1.0699599591616162,1.0663701183982905
4364,1.0717424412461072,1.0699898095516995,1.0640114569376595
4365,1.0717424412461072,1.0698685212580883,1.0642734496030792
4366,1.0717424412461072,1.0703014852193595,1.0654176508875677
4367,1.0717424412461072,1.0701217565585928,1.063540313888288
4368,1.0717424412461072,1.06997180166232,1.0635705547610015
4369,1.0717424412461072,1.0696996230386402,1.0587295912410633
4370,1.0717424412461072,1.0696084882986678,1.0661145729511092
4371,1.0717424412461072,1.0701362570101154,1.0669991734020003
4372,1.0717424412461072,1.0701763760972165,1.067991555864722
4373,1.0717424412461072,1.0701997506909908,1.0657916970433503
4374,1.0717424412461072,1.0701926027056843,1.0656316737396583
4375,1.0717424412461072,1.0698293841692694,1.0653734750380432
4376,1.0717424412461072,1.0698887450049024,1.0658695265977873
4377,1.0717424412461072,1.0698168784747133,1.0635855498398383
4378,1.0717424412461072,1.0698098348167018,1.065193031876083
4379,1.0717424412461072,1.0700424850154564,1.063053831816468
4380,1.0717424412461072,1.0696212072588893,1.0644611826795027
4381,1.0717424412461072,1.0699694608972976,1.0668364529507928
4382,1.0717424412461072,1.0697863362085869,1.065752297137159
4383,1.0717424412461072,1.0702411035265655,1.0642088657956739
4384,1.0717424412461072,1.0702540042497928,1.0656015408953097
4385,1.0717424412461072,1.069921561770217,1.065394165093758
4386,1.0717424412461072,1.0700252620673907,1.0674632344913868
4387,1.0717424412461072,1.0699461409214421,1.0649379874319769
4388,1.0717424412461072,1.0699325401778081,1.0658126764114444
4389,1.0717424412461072,1.0695488261371953,1.0598665726513488
4390,1.0717424412461072,1.0694168513018072,1.0620366691791459
4391,1.0717424412461072,1.0696265959418776,1.063464285041326
4392,1.0717424412461072,1.0692230753792493,1.0636174219572685
4393,1.0717424412461072,1.0691656893271289,1.0529994044333486
4394,1.0717424412461072,1.0693813149887008,1.0605755500881093
4395,1.0717424412461072,1.0694824892748174,1.0608384438233713
4396,1.0717424412461072,1.0695711463096151,1.0645688910890359
4397,1.0717424412461072,1.0698506729682342,1.0650306845749034
4398,1.0717424412461072,1.0697996905811975,1.0651228942864408
4399,1.0717424412461072,1.0702373938270362,1.0645807926340287
4400,1.0717424412461072,1.0702208330087557,1.0656913763743816
4401,1.0717424412461072,1.0703712234492082,1.0627664571713664
4402,1.0717424412461072,1.0702461569592217,1.0648137828456186
4403,1.0717424412461072,1.0697553809837734,1.0588646270493445
4404,1.0717424412461072,1.069761536247642,1.0661643400924274
4405,1.0717424412461072,1.0700887290405925,1.0640805479256015
4406,1.0717424412461072,1.0700139521933267,1.064708194173264
4407,1.0717424412461072,1.0696735622836475,1.0653451192109913
4408,1.0717424412461072,1.069606465743603,1.0609808668599945
4409,1.0717424412461072,1.06944919851928,1.0643335454366136
4410,1.0717424412461072,1.069327384325302,1.063011342313181
4411,1.0717424412461072,1.0693653934874099,1.064539547072785
4412,1.0717424412461072,1.069834100683751,1.0636917953309417
4413,1.0717424412461072,1.069289266859288,1.0609395461915878
4414,1.0717424412461072,1.06882830345844,1.061143437949998
4415,1.0717424412461072,1.0689291284845968,1.0574607167618288
4416,1.0717424412461072,1.0694674549037477,1.0622465651627007
4417,1.0717424412461072,1.0700031552503249,1.0667109497740397
4418,1.0717424412461072,1.0703592576261247,1.0658553553072494
4419,1.0717424412461072,1.0701842487310806,1.067169545756411
4420,1.0717424412461072,1.069987285867043,1.0657796899916216
4421,1.0717424412461072,1.070236713966673,1.0640657900014103
4422,1.0717424412461072,1.07020812208038,1.063060190562053
4423,1.0717424412461072,1.0701562496345718,1.066354073095813
4424,1.0717424412461072,1.069873003503177,1.0665396864645524
4425,1.0717424412461072,1.0698932909098868,1.0658135363574095
4426,1.0717424412461072,1.0699846815398428,1.0669528004672661
4427,1.0717424412461072,1.0698173950528347,1.0653984478561913
4428,1.0717424412461072,1.0697926350628353,1.0651806670365662
4429,1.0717424412461072,1.0696514674257316,1.0651258823131378
4430,1.0717424412461072,1.0694992036458137,1.0642755147609688
4431,1.0717424412461072,1.0692117526049965,1.0629231474047878
4432,1.0717424412461072,1.0690163935130417,1.0602211503526981
4433,1.0717424412461072,1.0689134778629656,1.0617006421233184
4434,1.0717424412461072,1.0693709250110492,1.0628955277079384
4435,1.0717424412461072,1.0693980761375659,1.0633474847352657
4436,1.0717424412461072,1.0696083518052144,1.0652519269335003
4437,1.0717424412461072,1.0699529289179242,1.0664355477968952
4438,1.0717424412461072,1.0694718904469311,1.0606797934085654
4439,1.0717424412461072,1.069529251067899,1.0654375471149282
4440,1.0717424412461072,1.069623324994651,1.0656254380482217
4441,1.0717424412461072,1.06944526353738,1.0605263489806074
4442,1.0717424412461072,1.0689726093049792,1.060537230877686
4443,1.0717424412461072,1.0689460338574994,1.064502160247675
4444,1.0717424412461072,1.0691898097807313,1.0621081758558857
4445,1.0717424412461072,1.0686833954353951,1.0581675708643745
4446,1.0717424412461072,1.0682816836413338,1.0576202527900214
4447,1.0717424412461072,1.0689621056963454,1.0636100525926737
4448,1.0717424412461072,1.0695644208470463,1.0634063106638245
4449,1.0717424412461072,1.0699107461052164,1.0663436141981553
4450,1.0717424412461072,1.0701688372006242,1.06457192532112
4451,1.0717424412461072,1.0702625868095303,1.064952971743995
4452,1.0717424412461072,1.0702233523610472,1.0615383767859128
4453,1.0717424412461072,1.0701164710648765,1.0632952871388373
4454,1.0717424412461072,1.0700230254401342,1.0648840238358879
4455,1.0717424412461072,1.0697690193635658,1.062776588835906
4456,1.0717424412461072,1.0693000064248015,1.0561983805796444
4457,1.0717424412461072,1.068776248376488,1.053933634563542
4458,1.0717424412461072,1.0694853350244484,1.064972307148067
4459,1.0717424412461072,1.0697062710462786,1.0656155202229936
4460,1.0717424412461072,1.0694867648630844,1.0663324828450609
4461,1.0717424412461072,1.0698856708202542,1.0678769999947815
4462,1.0717424412461072,1.0699698594571878,1.0658059755966534
4463,1.0717424412461072,1.0692973894250963,1.061901573597346
4464,1.0717424412461072,1.0690192282244275,1.0645906326306656
4465,1.0717424412461072,1.0694991923349093,1.06389476019869
4466,1.0717424412461072,1.069568102581794,1.0663052070508443
4467,1.0717424412461072,1.0696144462896575,1.0635812162672942
4468,1.0717424412461072,1.0697079009884751,1.0658920850976576
4469,1.0717424412461072,1.0695311653369863,1.0618989309894333
4470,1.0717424412461072,1.069401731261629,1.0636796192797366
4471,1.0717424412461072,1.0694463742884501,1.059134719160193
4472,1.0717424412461072,1.0694462325501517,1.0653282499846624
4473,1.0717424412461072,1.0695704594921325,1.0659597284790656
4474,1.0717424412461072,1.06942633125467,1.0663151829408095
4475,1.0717424412461072,1.0695341996082783,1.0636855627539608
4476,1.0717424412461072,1.069052647277475,1.0546349375367448
4477,1.0717424412461072,1.0688986405019976,1.0619168983840752
4478,1.0717424412461072,1.0684548210367182,1.0611636104114646
4479,1.0717424412461072,1.068972710585658,1.062452333732555
4480,1.0717424412461072,1.0694591489348948,1.0655360191114798
4481,1.0717424412461072,1.0695715251942632,1.066229228700712
4482,1.0717424412461072,1.0694662196410292,1.0609347148282275
4483,1.0717424412461072,1.0693547695998626,1.060825149100325
4484,1.0717424412461072,1.0692485171097943,1.0585067965051103
4485,1.0717424412461072,1.0694107111733104,1.0647233509562906
4486,1.0717424412461072,1.0698487461663588,1.0655786357423833
4487,1.0717424412461072,1.0698825734649575,1.0635749867395583
4488,1.0717424412461072,1.0698974522048736,1.0665976820739873
4489,1.0717424412461072,1.0700815464241744,1.0664896568998825
4490,1.0717424412461072,1.07040405433826,1.067431053080452
4491,1.0717424412461072,1.0702087229714967,1.0646825093717482
4492,1.0717424412461072,1.0701385093770914,1.0667462609264156
4493,1.0717424412461072,1.0702167636786761,1.0677340568788827
4494,1.0717424412461072,1.0700409696922926,1.0646419694666325
4495,1.0717424412461072,1.0695858409450052,1.0646580950320623
4496,1.0717424412461072,1.0692817114890347,1.061303891487893
4497,1.0717424412461072,1.0691862728117913,1.059582860349395
4498,1.0717424412461072,1.068735335866163,1.0615440183258396
4499,1.0717424412461072,1.0688971402036591,1.0584890049769013
4500,1.0717424412461072,1.0690331793886179,1.0617191716104797
4501,1.0717424412461072,1.0698030766970532,1.062563291847148
4502,1.0717424412461072,1.06981401658848,1.0626480922746844
4503,1.0717424412461072,1.0698187256135698,1.0629761350771072
4504,1.0717424412461072,1.069775225013255,1.064824350763851
4505,1.0717424412461072,1.0696738080222614,1.061677833197282
4506,1.0717424412461072,1.0692865616449714,1.0591947885967123
4507,1.0717424412461072,1.0688278995782794,1.0591733023005574
4508,1.0717424412461072,1.0687509753965,1.0616900256567894
4509,1.0717424412461072,1.0689975827389828,1.0629511991640905
4510,1.0717424412461072,1.069075814879303,1.060180464787755
4511,1.0717424412461072,1.068991813683607,1.0632994817336652
4512,1.0717424412461072,1.0689702047119527,1.0627784340011903
4513,1.0717424412461072,1.068277044956845,1.0597740237271667
4514,1.0717424412461072,1.0685424821999012,1.059501956222059
4515,1.0717424412461072,1.0689303677394766,1.06432626269363
4516,1.0717424412461072,1.0688634118025315,1.057127030456091
4517,1.0717424412461072,1.0690692605022418,1.0627302294091034
4518,1.0717424412461072,1.0692786922309279,1.0633505142247948
4519,1.0717424412461072,1.0692678793241748,1.0662248290698073
4520,1.0717424412461072,1.0691900050853815,1.063654923595346
4521,1.0717424412461072,1.0692792612900446,1.0635186279208275
4522,1.0717424412461072,1.069104725177128,1.0643616553635384
4523,1.0717424412461072,1.068605771164969,1.0635068905315266
4524,1.0717424412461072,1.0689978022922717,1.0628623675712219
4525,1.0717424412461072,1.069092253220914,1.0642289187030463
4526,1.0717424412461072,1.0692153420632182,1.063578117906983
4527,1.0717424412461072,1.0692810370774126,1.0628424093815434
4528,1.0717424412461072,1.0697451110381666,1.0652402328290784
4529,1.0717424412461072,1.0699059023922126,1.0586624004591516
4530,1.0717424412461072,1.069215527336192,1.063491362700658
4531,1.0717424412461072,1.069781917600051,1.0667560888348309
4532,1.0717424412461072,1.069825695927406,1.0664574127940964
4533,1.0717424412461072,1.0699216452891023,1.0616048476427125
4534,1.0717424412461072,1.0697722839841217,1.064675597570599
4535,1.0717424412461072,1.069753388569595,1.0669071843570277
4536,1.0717424412461072,1.0694652655058505,1.060133935082641
4537,1.0717424412461072,1.0691791699090123,1.0599359492614158
4538,1.0717424412461072,1.0694771459132182,1.064143839570051
4539,1.0717424412461072,1.0696590209496137,1.0639078701220543
4540,1.0717424412461072,1.0694747337379804,1.0642164586876435
4541,1.0717424412461072,1.069464272393234,1.0628411916481026
4542,1.0717424412461072,1.069429071975889,1.0634204944380694
4543,1.0717424412461072,1.0694681500864878,1.0638391985052398
4544,1.0717424412461072,1.0697750180633279,1.064885797705224
4545,1.0717424412461072,1.069779077055668,1.0633485804508758
4546,1.0717424412461072,1.0693677872699,1.0621958027852143
4547,1.0717424412461072,1.069085376118223,1.0601357897857289
4548,1.0717424412461072,1.0691674928584212,1.0565467778575357
4549,1.0717424412461072,1.0689518256825759,1.0627251258921633
4550,1.0717424412461072,1.0693016517408538,1.0522481101443393
4551,1.0717424412461072,1.0693775677176702,1.0635853266464228
4552,1.0717424412461072,1.069674007367147,1.0605553343014165
4553,1.0717424412461072,1.069811212663195,1.0649574132315371
4554,1.0717424412461072,1.0696582162884116,1.0613958898124178
4555,1.0717424412461072,1.0692690310928419,1.0638073591739063
4556,1.0717424412461072,1.0693322285886087,1.0628991430074213
4557,1.0717424412461072,1.0693677427591568,1.0665586241474556
4558,1.0717424412461072,1.0692287336925945,1.0626596399931298
4559,1.0717424412461072,1.0687195918562786,1.0544809866425513
4560,1.0717424412461072,1.0683080971161374,1.0626425066014948
4561,1.0717424412461072,1.0680683272595544,1.05476485456114
4562,1.0717424412461072,1.068881294134801,1.0578079072072293
4563,1.0717424412461072,1.0695047905556738,1.064308633919139
4564,1.0717424412461072,1.0692856508530164,1.0632922940765295
4565,1.0717424412461072,1.069013063089258,1.061033391756964
4566,1.0717424412461072,1.0687808303082642,1.055225514109893
4567,1.0717424412461072,1.068890147161618,1.0609010455131247
4568,1.0717424412461072,1.069044021743971,1.0604853910397698
4569,1.0717424412461072,1.0689995344176717,1.059321965012472
4570,1.0717424412461072,1.0679495990493606,1.037971747008152
4571,1.0717424412461072,1.0685697367250466,1.057146539937221
4572,1.0717424412461072,1.0685130842559167,1.0623812957133405
4573,1.0717424412461072,1.068901936866156,1.0619564278983762
4574,1.0717424412461072,1.0685407640346278,1.0630983146813797
4575,1.0717424412461072,1.0691350817507805,1.0643858045269052
4576,1.0717424412461072,1.0690802246712385,1.0636611116245378
4577,1.0717424412461072,1.0689947286561026,1.0601123548591622
4578,1.0717424412461072,1.0689242575713962,1.0580514717714324
4579,1.0717424412461072,1.0686939912231062,1.0617978669108028
4580,1.0717424412461072,1.0687195391661364,1.062998176151831
4581,1.0717424412461072,1.068439883015308,1.0561804824127534
4582,1.0717424412461072,1.0682368265834505,1.05622222694933
4583,1.0717424412461072,1.06822844593968,1.060089019606687
4584,1.0717424412461072,1.068786205254999,1.0615882725755306
4585,1.0717424412461072,1.069182560735583,1.0588836524916252
4586,1.0717424412461072,1.0692361777933075,1.0650630933030318
4587,1.0717424412461072,1.0694139346481903,1.0661349399233728
4588,1.0717424412461072,1.0694358096024847,1.0615195286015626
4589,1.0717424412461072,1.0689528808994495,1.0622837116313022
4590,1.0717424412461072,1.068856787830629,1.0568331267889652
4591,1.0717424412461072,1.068945160453549,1.0632394391614532
4592,1.0717424412461072,1.068942729949187,1.0647179083182534
4593,1.0717424412461072,1.0695409982616193,1.0627894866033336
4594,1.0717424412461072,1.0693583829111615,1.0656061768346685
4595,1.0717424412461072,1.0697919696583786,1.0662406022715132
4596,1.0717424412461072,1.0698895364031151,1.0656668393770412
4597,1.0717424412461072,1.0688745125107726,1.0482272371446228
4598,1.0717424412461072,1.0688888359714084,1.0592959240239332
4599,1.0717424412461072,1.0686832252987148,1.0642395511168399
4600,1.0717424412461072,1.0685661787761145,1.063319747386045
4601,1.0717424412461072,1.0685779022467605,1.0609835196678703
4602,1.0717424412461072,1.0689195347441678,1.0624250588840494
4603,1.0717424412461072,1.0693650820866298,1.0653064743318463
4604,1.0717424412461072,1.0691635285823051,1.0564550536547017
4605,1.0717424412461072,1.0692629738356358,1.0607331488218592
4606,1.0717424412461072,1.0692407487136644,1.0643990329725672
4607,1.0717424412461072,1.0696036935152224,1.0634875766819598
4608,1.0717424412461072,1.068927389733199,1.0581345532911903
4609,1.0717424412461072,1.069122617482932,1.0627735779564218
4610,1.0717424412461072,1.0689789853022238,1.059681250107795
4611,1.0717424412461072,1.069200589632934,1.064399385842148
4612,1.0717424412461072,1.0699479223242614,1.0658392297678785
4613,1.0717424412461072,1.0701297225255362,1.0664006580883063
4614,1.0717424412461072,1.0698730420393192,1.0668273101265522
4615,1.0717424412461072,1.0704085895118782,1.0677190065339954
4616,1.0717424412461072,1.070648878898032,1.0682755731449127
4617,1.0717424412461072,1.0705282424323344,1.0647507370933726
4618,1.0717424412461072,1.0700697488871662,1.0588604501077787
4619,1.0717424412461072,1.0698924165971486,1.0573322702045251
4620,1.0717424412461072,1.0699777006094182,1.0664110190805873
4621,1.0717424412461072,1.0702256599871915,1.0665058001641927
4622,1.0717424412461072,1.0700104023141668,1.0675703654707251
4623,1.0717424412461072,1.0699727065993423,1.066604393152263
4624,1.0717424412461072,1.069596728695342,1.062970352190779
4625,1.0717424412461072,1.0696845445499066,1.065423161249231
4626,1.0717424412461072,1.0695477294322555,1.0651426059272766
4627,1.0717424412461072,1.0692721324009913,1.0596203837879177
4628,1.0717424412461072,1.0690777236473743,1.06010305326547
4629,1.0717424412461072,1.068813670064919,1.0558434303992084
4630,1.0717424412461072,1.0686352759059026,1.043358529743213
4631,1.0717424412461072,1.0687708028982383,1.0550949058639723
4632,1.0717424412461072,1.068312500296325,1.0624250462755593
4633,1.0717424412461072,1.06859282306934,1.062438498536668
4634,1.0717424412461072,1.069201144650073,1.0619580263315735
4635,1.0717424412461072,1.0692272686812632,1.0623610468215081
4636,1.0717424412461072,1.0684647727174852,1.0612460226962293
4637,1.0717424412461072,1.0685956495480078,1.064325248686266
4638,1.0717424412461072,1.068657847255263,1.064088387948078
4639,1.0717424412461072,1.068895527635999,1.06220537471077
4640,1.0717424412461072,1.0683718611574793,1.0634952946908078
4641,1.0717424412461072,1.069011550977372,1.062139613564266
4642,1.0717424412461072,1.0694345217353503,1.0645306807339332
4643,1.0717424412461072,1.069369954867463,1.0650995114342856
4644,1.0717424412461072,1.068906389070208,1.0622207025622565
4645,1.0717424412461072,1.0692113873039273,1.0637969932684477
4646,1.0717424412461072,1.0693076504642314,1.063994939408663
4647,1.0717424412461072,1.0695369043036187,1.058724538207864
4648,1.0717424412461072,1.0694322146145216,1.0598592860833356
4649,1.0717424412461072,1.0698078118310546,1.064817443195814
4650,1.0717424412461072,1.0694168523503282,1.0542996528047142
4651,1.0717424412461072,1.069120859494258,1.0625861014008384
4652,1.0717424412461072,1.0690333853337741,1.0640878802690183
4653,1.0717424412461072,1.0692467416090143,1.0641810287859041
4654,1.0717424412461072,1.0692741213170063,1.0661191987704495
4655,1.0717424412461072,1.069606664598879,1.0667624933875315
4656,1.0717424412461072,1.069530443297535,1.0625320887911591
4657,1.0717424412461072,1.0694569721258524,1.0662072578869393
4658,1.0717424412461072,1.0691559936474433,1.060106613637017
4659,1.0717424412461072,1.0691864843366723,1.0642602313976854
4660,1.0717424412461072,1.0687527472972733,1.0570448320623167
4661,1.0717424412461072,1.0684761110585683,1.0603087580521482
4662,1.0717424412461072,1.0683890601463206,1.0606511013443627
4663,1.0717424412461072,1.0684701116053257,1.0636150738718995
4664,1.0717424412461072,1.0688902340131823,1.0628992211774948
4665,1.0717424412461072,1.069079213667113,1.062036355840192
4666,1.0717424412461072,1.0697877832290297,1.0645052902750307
4667,1.0717424412461072,1.0691871499793049,1.0633625874025516
4668,1.0717424412461072,1.0688139068056242,1.059877065566081
4669,1.0717424412461072,1.0681322435745195,1.0584636584740763
4670,1.0717424412461072,1.0686415060844312,1.057323881562159
4671,1.0717424412461072,1.0682841859055492,1.060561656209812
4672,1.0717424412461072,1.068218436051556,1.061238392575728
4673,1.0717424412461072,1.0678755625989627,1.0612356242866183
4674,1.0717424412461072,1.0679866226356862,1.061169212732931
4675,1.0717424412461072,1.0680637379562077,1.0625945965298107
4676,1.0717424412461072,1.0685246022989208,1.0594197071310285
4677,1.0717424412461072,1.0692555678398408,1.0639906914519333
4678,1.0717424412461072,1.069663756247296,1.0645340559304137
4679,1.0717424412461072,1.0695152662060878,1.06305071700785
4680,1.0717424412461072,1.0692867498843501,1.065384503412976
4681,1.0717424412461072,1.069517583802845,1.0654758308381385
4682,1.0717424412461072,1.0697387659107576,1.0666905072830941
4683,1.0717424412461072,1.0695845385556482,1.0607787398538462
4684,1.0717424412461072,1.0694329025183413,1.0582989453351086
4685,1.0717424412461072,1.0692163490218032,1.06176425269704
4686,1.0717424412461072,1.0698127100698733,1.0659916019592526
4687,1.0717424412461072,1.0699689672788766,1.0660283456771293
4688,1.0717424412461072,1.0695476674966407,1.0555846975637628
4689,1.0717424412461072,1.0691970854231505,1.0579052615052293
4690,1.0717424412461072,1.0686994802487153,1.0589995294924592
4691,1.0717424412461072,1.068280377523496,1.0521600697455868
4692,1.0717424412461072,1.0689599867419761,1.064202013944207
4693,1.0717424412461072,1.0684668838420044,1.0610710340554508
4694,1.0717424412461072,1.068226433695624,1.0605688654428485
4695,1.0717424412461072,1.0683258281574095,1.058315428127381
4696,1.0717424412461072,1.067580127589342,1.0591693862635996
4697,1.0717424412461072,1.0673516229295736,1.0538669958126503
4698,1.0717424412461072,1.0678793832588847,1.0587160932369546
4699,1.0717424412461072,1.067180370876772,1.0601133148808553
4700,1.0717424412461072,1.067552807228961,1.0583201378858058
4701,1.0717424412461072,1.0673790577653144,1.0593184568188305
4702,1.0717424412461072,1.0672310158050882,1.0501284818171528
4703,1.0717424412461072,1.0676845100517125,1.0587703717310801
4704,1.0717424412461072,1.0684780756638537,1.0638149417388854
4705,1.0717424412461072,1.0686597070654362,1.0622461909350096
4706,1.0717424412461072,1.0693970182731365,1.0634498105200028
4707,1.0717424412461072,1.0693755495318924,1.0648194464422467
4708,1.0717424412461072,1.0697095865009805,1.0641404646649306
4709,1.0717424412461072,1.0696658704017856,1.0642595458557365
4710,1.0717424412461072,1.069268265565288,1.054127037643144
4711,1.0717424412461072,1.0698414554435334,1.0650679253192306
4712,1.0717424412461072,1.069552237198495,1.063592329411746
4713,1.0717424412461072,1.0695042558473566,1.064385435632099
4714,1.0717424412461072,1.0700580329848959,1.0641411474405058
4715,1.0717424412461072,1.0701471375850244,1.0658847818168502
4716,1.0717424412461072,1.0702387628879544,1.0671746634061927
4717,1.0717424412461072,1.069932676782726,1.0658791410326056
4718,1.0717424412461072,1.0697514770475245,1.0607597339590737
4719,1.0717424412461072,1.0700538460109348,1.0650778795091118
4720,1.0717424412461072,1.0700506441181097,1.0624375077979924
4721,1.0717424412461072,1.0702517932562865,1.0657121260775255
4722,1.0717424412461072,1.0700163692697622,1.064234173176743
4723,1.0717424412461072,1.0699018354778225,1.0649905945197842
4724,1.0717424412461072,1.069328883440617,1.061158593249509
4725,1.0717424412461072,1.0688304946370033,1.0565581879934882
4726,1.0717424412461072,1.0687293915242413,1.0552474104076288
4727,1.0717424412461072,1.0692063354965036,1.0632247900926712
4728,1.0717424412461072,1.0693100147047965,1.0543068536413636
4729,1.0717424412461072,1.0695364564726981,1.0644634028985902
4730,1.0717424412461072,1.0697295732103007,1.065986399026591
4731,1.0717424412461072,1.0693085285587869,1.0611089888295238
4732,1.0717424412461072,1.0688625918754935,1.0542587751734218
4733,1.0717424412461072,1.068201272237998,1.0570976920319306
4734,1.0717424412461072,1.06861434592194,1.0599215419567658
4735,1.0717424412461072,1.0688258933013612,1.0616642287627667
4736,1.0717424412461072,1.0683798442357573,1.0620724715240013
4737,1.0717424412461072,1.0687453350877698,1.0617897818345625
4738,1.0717424412461072,1.068573033350925,1.062882029924343
4739,1.0717424412461072,1.0689677635423782,1.063612227243036
4740,1.0717424412461072,1.0689949871601658,1.0537409630997545
4741,1.0717424412461072,1.0683643930065032,1.0524185451007635
4742,1.0717424412461072,1.0681150277527478,1.0626153799268379
4743,1.0717424412461072,1.0686694349411494,1.0599046365702491
4744,1.0717424412461072,1.067727222732356,1.0582903301931763
4745,1.0717424412461072,1.0680965274114302,1.0604512578526744
4746,1.0717424412461072,1.0675504682651045,1.0575700574109348
4747,1.0717424412461072,1.067825418095799,1.0587247537547424
4748,1.0717424412461072,1.0679347585024555,1.0587535996990796
4749,1.0717424412461072,1.0685373355401897,1.060161822458812
4750,1.0717424412461072,1.0694028867292458,1.062260392924903
4751,1.0717424412461072,1.0698855987645894,1.062855514396615
4752,1.0717424412461072,1.0703305301471182,1.0666479619480012
4753,1.0717424412461072,1.0703194553908602,1.0653929823908883
4754,1.0717424412461072,1.070566554839435,1.067945179111659
4755,1.0717424412461072,1.0704452908859419,1.0656871701611181
4756,1.0717424412461072,1.070329790627333,1.0668134028444762
4757,1.0717424412461072,1.0702605971922743,1.0654904677518593
4758,1.0717424412461072,1.0700826038846014,1.065026158435469
4759,1.0717424412461072,1.0701190456258172,1.0664409834548032
4760,1.0717424412461072,1.0701703199942443,1.066645615234429
4761,1.0717424412461072,1.0703397994597297,1.0675143597099117
4762,1.0717424412461072,1.0703879086149586,1.0679789764207939
4763,1.0717424412461072,1.07042648293259,1.0646262097779315
4764,1.0717424412461072,1.0702103001036185,1.0656649251246795
4765,1.0717424412461072,1.0702425092995458,1.0623363210000896
4766,1.0717424412461072,1.0697359278723246,1.0559016347538503
4767,1.0717424412461072,1.0696858722833569,1.0637707489304344
4768,1.0717424412461072,1.0698983729704772,1.0660853700270516
4769,1.0717424412461072,1.0697288144087442,1.063426046258332
4770,1.0717424412461072,1.0694851873271571,1.0638706483177849
4771,1.0717424412461072,1.0698529824971386,1.060586463048082
4772,1.0717424412461072,1.0696193953546682,1.0600125292528682
4773,1.0717424412461072,1.0696460522860847,1.065739954809441
4774,1.0717424412461072,1.0700943767126758,1.0664778063532299
4775,1.0717424412461072,1.0695418843814795,1.0641012495775726
4776,1.0717424412461072,1.0699816817980867,1.0657550463339658
4777,1.0717424412461072,1.070160878806892,1.0673051517823864
4778,1.0717424412461072,1.0701571540006178,1.0585513047232804
4779,1.0717424412461072,1.0699960643815927,1.0636963736135339
4780,1.0717424412461072,1.069631241778098,1.06431099411454
4781,1.0717424412461072,1.0690319879889458,1.0377854270873734
4782,1.0717424412461072,1.0689793594254338,1.0575573146469643
4783,1.0717424412461072,1.0691788316115658,1.0567905613701585
4784,1.0717424412461072,1.0692795732513782,1.0637977147829458
4785,1.0717424412461072,1.0693397189441907,1.0654426859653965
4786,1.0717424412461072,1.069646641303657,1.064512960124769
4787,1.0717424412461072,1.0695726033364146,1.0653872603613976
4788,1.0717424412461072,1.0695047863536942,1.0625060385835932
4789,1.0717424412461072,1.0693064326045318,1.0639231675847567
4790,1.0717424412461072,1.069628935493708,1.0649596504917218
4791,1.0717424412461072,1.0695091360882893,1.06544905965626
4792,1.0717424412461072,1.0694261624687116,1.058261701812795
4793,1.0717424412461072,1.070007088528551,1.0651737705614956
4794,1.0717424412461072,1.0695842054201108,1.0613650306087772
4795,1.0717424412461072,1.0698687432236584,1.0654144316181973
4796,1.0717424412461072,1.0699582746224343,1.063391240904945
4797,1.0717424412461072,1.0698639314905314,1.067343386649109
4798,1.0717424412461072,1.0699276966861269,1.0676710848246451
4799,1.0717424412461072,1.0700893794505812,1.0655126744653323
4800,1.0717424412461072,1.0699423840159803,1.0667488166107086
4801,1.0717424412461072,1.0698564243270707,1.0664505801081707
4802,1.0717424412461072,1.069989299986584,1.0634817820665268
4803,1.0717424412461072,1.0694931416352522,1.0582927305739807
4804,1.0717424412461072,1.069927416014484,1.0665237037007829
4805,1.0717424412461072,1.0699976534435043,1.063010826249848
4806,1.0717424412461072,1.070074996391239,1.0671881829002827
4807,1.0717424412461072,1.0701914601969622,1.06445336781346
4808,1.0717424412461072,1.069895472357468,1.0672310668479426
4809,1.0717424412461072,1.0699021067427483,1.0605934778222346
4810,1.0717424412461072,1.0691164134953415,1.0609539564915507
4811,1.0717424412461072,1.0696283987154331,1.0639195462794813
4812,1.0717424412461072,1.0698323538430694,1.0638944920018811
4813,1.0717424412461072,1.0701507132472756,1.06604286147402
4814,1.0717424412461072,1.0698773003082276,1.0653680484383252
4815,1.0717424412461072,1.0697220128739164,1.0648737286246854
4816,1.0717424412461072,1.069255780472799,1.0627521537586677
4817,1.0717424412461072,1.0692642495876823,1.0604054706918153
4818,1.0717424412461072,1.0690801642852583,1.0550169940702827
4819,1.0717424412461072,1.0693981988230556,1.0588345718354875
4820,1.0717424412461072,1.0693516842869142,1.0618496596404228
4821,1.0717424412461072,1.0690212506135468,1.0613200224644295
4822,1.0717424412461072,1.068614187015803,1.0651194462257902
4823,1.0717424412461072,1.068554755512021,1.064266727209816
4824,1.0717424412461072,1.0687702022754813,1.0597989256864673
4825,1.0717424412461072,1.0692174811547341,1.056229575258268
4826,1.0717424412461072,1.0693183027859356,1.0625695753997513
4827,1.0717424412461072,1.0695609450799797,1.0651790423196714
4828,1.0717424412461072,1.069480128126728,1.049696561092066
4829,1.0717424412461072,1.0693940535781374,1.0643024372623935
4830,1.0717424412461072,1.0693579556479753,1.0633400940619973
4831,1.0717424412461072,1.0695142492398315,1.0640205780572687
4832,1.0717424412461072,1.0698163685520492,1.0645574510639433
4833,1.0717424412461072,1.0699385793323517,1.0634449895066143
4834,1.0717424412461072,1.0702000446472826,1.06693861043413
4835,1.0717424412461072,1.0703007901884398,1.0664131046559147
4836,1.0717424412461072,1.069971092329819,1.0645271428220155
4837,1.0717424412461072,1.0701825263349036,1.065667893368837
4838,1.0717424412461072,1.0699832305118335,1.0663403410752355
4839,1.0717424412461072,1.0701814965732437,1.0644019240629041
4840,1.0717424412461072,1.0699807723091859,1.0668684677801321
4841,1.0717424412461072,1.069970598241958,1.0666417405434927
4842,1.0717424412461072,1.0700746598286195,1.0641047229845055
4843,1.0717424412461072,1.0699246207846906,1.0645755575886309
4844,1.0717424412461072,1.070474480967429,1.068050869388975
4845,1.0717424412461072,1.0706823996187516,1.0660969919305872
4846,1.0717424412461072,1.0708961092687626,1.067032299965445
4847,1.0717424412461072,1.0703539090340366,1.0580780833307157
4848,1.0717424412461072,1.0698329266564144,1.0600438001089754
4849,1.0717424412461072,1.069920522413989,1.0637955545854942
4850,1.0717424412461072,1.0703853027348689,1.0667774211712622
4851,1.0717424412461072,1.070708384392682,1.0646327039916144
4852,1.0717424412461072,1.0702851576943957,1.0624597823663973
4853,1.0717424412461072,1.0700455922699001,1.0665384452550049
4854,1.0717424412461072,1.0698281095967994,1.0644386723221018
4855,1.0717424412461072,1.0699731839481694,1.0656744219598313
4856,1.0717424412461072,1.0703377989980836,1.0668488265838345
4857,1.0717424412461072,1.07024073750647,1.064737497973086
4858,1.0717424412461072,1.0696321023202011,1.0636525553793943
4859,1.0717424412461072,1.0692396901134473,1.063483764534827
4860,1.0717424412461072,1.0697444623809669,1.0647370010206032
4861,1.0717424412461072,1.0695113735621542,1.062023263293947
4862,1.0717424412461072,1.0693656311124486,1.0640193500299118
4863,1.0717424412461072,1.06939337358085,1.0647294387618242
4864,1.0717424412461072,1.0694399404179609,1.0672077794536332
4865,1.0717424412461072,1.0699560819451175,1.0667475984250963
4866,1.0717424412461072,1.069751466989634,1.063123583866667
4867,1.0717424412461072,1.0692975470906023,1.0614090371353608
4868,1.0717424412461072,1.0694467087746329,1.0644702699714788
4869,1.0717424412461072,1.0696369523262537,1.0628634884452146
4870,1.0717424412461072,1.0694154245032532,1.0542058707237416
4871,1.0717424412461072,1.0690156296717286,1.0634427401191795
4872,1.0717424412461072,1.0694747615247315,1.0605187535671985
4873,1.0717424412461072,1.069636287615545,1.0654389968707023
4874,1.0717424412461072,1.0695032568247438,1.0632572754730465
4875,1.0717424412461072,1.069844319832861,1.0650552965566118
4876,1.0717424412461072,1.0694697793989993,1.053959748790665
4877,1.0717424412461072,1.0691298315845894,1.0609098788272748
4878,1.0717424412461072,1.0691654003309443,1.063615895150468
4879,1.0717424412461072,1.0689607932887686,1.0625282342342937
4880,1.0717424412461072,1.0698571988222072,1.0668116803181946
4881,1.0717424412461072,1.069358667508129,1.0601066087026458
4882,1.0717424412461072,1.06860600116019,1.0520975405397066
4883,1.0717424412461072,1.0675418525895355,1.0451259773797794
4884,1.0717424412461072,1.0665380745238147,1.0526820553014562
4885,1.0717424412461072,1.0675758100417818,1.042489322852113
4886,1.0717424412461072,1.0668756437475269,1.048062547546829
4887,1.0717424412461072,1.067635624513255,1.049305451865426
4888,1.0717424412461072,1.0689251294490574,1.0595218681310743
4889,1.0717424412461072,1.0691854358549309,1.0586117825077161
4890,1.0717424412461072,1.0695816368081126,1.0648489564193884
4891,1.0717424412461072,1.0698788529122032,1.0670967536678682
4892,1.0717424412461072,1.0700051158696415,1.0664110506020439
4893,1.0717424412461072,1.0697189635274256,1.0657892355117347
4894,1.0717424412461072,1.0686404259395146,1.0530696835175501
4895,1.0717424412461072,1.0671779498934053,1.0176304039954251
4896,1.0717424412461072,1.0684942924167187,1.0560330795890467
4897,1.0717424412461072,1.0683682357207807,1.0548118312453447
4898,1.0717424412461072,1.0674000440468352,1.050396892150692
4899,1.0717424412461072,1.0673960094522317,1.0509758214423086
4900,1.0717424412461072,1.0683848829273521,1.0602209999320338
4901,1.0717424412461072,1.0681625110245718,1.0587367325600403
4902,1.0717424412461072,1.0688478488980495,1.0629553010378618
4903,1.0717424412461072,1.0684730194984982,1.0623249828160963
4904,1.0717424412461072,1.069139050157755,1.054012157071582
4905,1.0717424412461072,1.0693180935387716,1.058920313243593
4906,1.0717424412461072,1.069035956132921,1.0608250968273483
4907,1.0717424412461072,1.0690549132183795,1.0638442445740162
4908,1.0717424412461072,1.069247388526461,1.061111433712849
4909,1.0717424412461072,1.0695284897970945,1.065809103050992
4910,1.0717424412461072,1.069962185807802,1.0652536211873604
4911,1.0717424412461072,1.0697293662930787,1.0637042519064055
4912,1.0717424412461072,1.0691422378547002,1.0610079993959958
4913,1.0717424412461072,1.0691715265088941,1.062213248730781
4914,1.0717424412461072,1.0693882628160427,1.0635572531795177
4915,1.0717424412461072,1.070141677605045,1.0654661398317045
4916,1.0717424412461072,1.0699784185777867,1.065667584145585
4917,1.0717424412461072,1.069969704567171,1.0657192128062725
4918,1.0717424412461072,1.0694870881743705,1.0644207154619667
4919,1.0717424412461072,1.0694850393818602,1.0647465166486842
4920,1.0717424412461072,1.069320540701129,1.0616169374303792
4921,1.0717424412461072,1.0689352692936318,1.0641964596737798
4922,1.0717424412461072,1.069047373244751,1.0634621706308733
4923,1.0717424412461072,1.0696397636591473,1.0660372766356967
4924,1.0717424412461072,1.0694932968270074,1.0661805595584712
4925,1.0717424412461072,1.0697148865935835,1.0633269416702618
4926,1.0717424412461072,1.069675026645149,1.063995006102547
4927,1.0717424412461072,1.0692491873869414,1.0594107405081945
4928,1.0717424412461072,1.0692086100903497,1.0641797474914767
4929,1.0717424412461072,1.0693566664702918,1.0638343747630312
4930,1.0717424412461072,1.0690893125738312,1.0645138682667372
4931,1.0717424412461072,1.0689781919305894,1.0622747603821971
4932,1.0717424412461072,1.069295279945518,1.0612072496292357
4933,1.0717424412461072,1.0698711521698012,1.0652508505617995
4934,1.0717424412461072,1.0699321438652125,1.0546646066505896
4935,1.0717424412461072,1.069917517602407,1.0658261800370366
4936,1.0717424412461072,1.0696557218302853,1.0546300807930096
4937,1.0717424412461072,1.0697072349725627,1.0653751639733118
4938,1.0717424412461072,1.0698251792912763,1.064185615662343
4939,1.0717424412461072,1.0698515074241959,1.0647610640323206
4940,1.0717424412461072,1.0699109979469257,1.0652732988984743
4941,1.0717424412461072,1.0699710889117582,1.0637633170205887
4942,1.0717424412461072,1.0701279749221435,1.0672180904132507
4943,1.0717424412461072,1.0702342987885871,1.0657991060120544
4944,1.0717424412461072,1.0702720984789464,1.0676827712068193
4945,1.0717424412461072,1.07021937293612,1.0650586977628904
4946,1.0717424412461072,1.0705026429119622,1.0669504482065562
4947,1.0717424412461072,1.0705158968198194,1.0656008671874657
4948,1.0717424412461072,1.0703422013182504,1.0664095811655994
4949,1.0717424412461072,1.070010482072349,1.0667732421803597
4950,1.0717424412461072,1.0693574753978732,1.0631449279960123
4951,1.0717424412461072,1.0694345746038971,1.0643821997339329
4952,1.0717424412461072,1.069208350378691,1.0611951750185622
4953,1.0717424412461072,1.069071110774741,1.0644491413291424
4954,1.0717424412461072,1.0691340873251611,1.0619968991157627
4955,1.0717424412461072,1.0692259540058295,1.0645992059715441
4956,1.0717424412461072,1.068856155519714,1.0600198723062135
4957,1.0717424412461072,1.0682012647774277,1.0610991034592758
4958,1.0717424412461072,1.068515229366875,1.0616170670248888
4959,1.0717424412461072,1.0684884222275655,1.0599086906083128
4960,1.0717424412461072,1.0682747428498514,1.063703024428162
4961,1.0717424412461072,1.068710037502302,1.0583697983508822
4962,1.0717424412461072,1.0686541894304527,1.0554770467670558
4963,1.0717424412461072,1.0686586821336157,1.062351013844749
4964,1.0717424412461072,1.068710084556358,1.060203633069913
4965,1.0717424412461072,1.0683121020593274,1.0590919717056684
4966,1.0717424412461072,1.0681549251002895,1.0586000404023166
4967,1.0717424412461072,1.0677641644947091,1.058211270216347
4968,1.0717424412461072,1.0687260471630733,1.0584540171373256
4969,1.0717424412461072,1.0686067561347325,1.0574948170473637
4970,1.0717424412461072,1.068770566873107,1.0598517848847415
4971,1.0717424412461072,1.0685080048418023,1.063621734960112
4972,1.0717424412461072,1.0691168079269586,1.0601410897595331
4973,1.0717424412461072,1.0694361913862316,1.062153715981944
4974,1.0717424412461072,1.0694846603271442,1.0649749782292814
4975,1.0717424412461072,1.069424038092362,1.0630796078023912
4976,1.0717424412461072,1.0692957264053167,1.0602911055572162
4977,1.0717424412461072,1.0690459321558743,1.0617760752485128
4978,1.0717424412461072,1.0695309798003527,1.0634206287520147
4979,1.0717424412461072,1.0697245019600496,1.0602297192505699
4980,1.0717424412461072,1.0693200785117467,1.0650049207239505
4981,1.0717424412461072,1.069623586562296,1.063310303767059
4982,1.0717424412461072,1.0697122014215745,1.0653933845868955
4983,1.0717424412461072,1.0698117405256975,1.0652443111098482
4984,1.0717424412461072,1.0695939294679662,1.065552730290978
4985,1.0717424412461072,1.070264625820813,1.0644047112014356
4986,1.0717424412461072,1.0700361273346952,1.0648678547542867
4987,1.0717424412461072,1.0699436581004764,1.0615443804448013
4988,1.0717424412461072,1.0702332734468387,1.0668384445358807
4989,1.0717424412461072,1.0703268535534496,1.0641557684301584
4990,1.0717424412461072,1.0699669183987632,1.064169510336801
4991,1.0717424412461072,1.0698925469925429,1.0644521234869821
4992,1.0717424412461072,1.0692392570040488,1.0583102692180524
4993,1.0717424412461072,1.0684206093901447,1.0601243843403654
4994,1.0717424412461072,1.069193807501153,1.0639639340392488
4995,1.0717424412461072,1.0691130959779358,1.0629283295977285
4996,1.0717424412461072,1.068707082337601,1.0625593537008848
4997,1.0717424412461072,1.0689700827179882,1.0630289488925615
4998,1.0717424412461072,1.0693032597144485,1.0649123793242177
4999,1.0717424412461072,1.0692691962644978,1.064600843103133
5000,1.0717424412461072,1.069193428823466,1.0623193198847793
5001,1.0717424412461072,1.0692446194215572,1.0639127772179482
5002,1.0717424412461072,1.0689873064680808,1.0652577634008094
5003,1.0717424412461072,1.0693339788456158,1.064525107962466
5004,1.0717424412461072,1.0698980864425232,1.0657510203054232
5005,1.0717424412461072,1.0695536328888453,1.0556367462642422
5006,1.0717424412461072,1.0699814395240754,1.0635615313809859
5007,1.0717424412461072,1.0698881475870294,1.0672423724808486
5008,1.0717424412461072,1.0700026892285568,1.0650413209044616
5009,1.0717424412461072,1.0701022572817467,1.0669652615274616
5010,1.0717424412461072,1.069999859780115,1.0588158527133982
5011,1.0717424412461072,1.0693857163882092,1.0612344626398
5012,1.0717424412461072,1.069657664331301,1.0632323717251324
5013,1.0717424412461072,1.0697523816186567,1.063928010472528
5014,1.0717424412461072,1.069855227202676,1.060285519773736
5015,1.0717424412461072,1.0698435262679296,1.0637398375127292
5016,1.0717424412461072,1.0694285534547658,1.0654487759270062
5017,1.0717424412461072,1.0692863465743252,1.0626767245239188
5018,1.0717424412461072,1.068307488803066,1.0511077003858194
5019,1.0717424412461072,1.068520606473806,1.0557359930900014
5020,1.0717424412461072,1.067531611532716,1.0569861181846583
5021,1.0717424412461072,1.0673648048798636,1.0530590111485671
5022,1.0717424412461072,1.068033960457978,1.052504696256295
5023,1.0717424412461072,1.0675688208289142,1.055518678536201
5024,1.0717424412461072,1.0681010197610974,1.0571313476729551
5025,1.0717424412461072,1.068936100061148,1.0655158347182325
5026,1.0717424412461072,1.0694390764234414,1.0640803396141119
5027,1.0717424412461072,1.0696992632865956,1.0599419784072825
5028,1.0717424412461072,1.0698578196338588,1.063842533955463
5029,1.0717424412461072,1.069630259588231,1.0627223150859173
5030,1.0717424412461072,1.0696314909763829,1.0552657355175383
5031,1.0717424412461072,1.0697586565584962,1.0632281838267525
5032,1.0717424412461072,1.0700695867342729,1.0621118537009608
5033,1.0717424412461072,1.070197214076703,1.0643202130788822
5034,1.0717424412461072,1.0701923164910023,1.0659988247715528
5035,1.0717424412461072,1.069472468205901,1.0593468614205226
5036,1.0717424412461072,1.0687328039900545,1.052549023752158
5037,1.0717424412461072,1.0693401424296765,1.0617712245865705
5038,1.0717424412461072,1.069527252294325,1.060321846696156
5039,1.0717424412461072,1.0697652123858372,1.0654878647813433
5040,1.0717424412461072,1.0694804467182213,1.0645340100315603
5041,1.0717424412461072,1.0690958459008717,1.058440040090291
5042,1.0717424412461072,1.0697022723118113,1.0638171358796713
5043,1.0717424412461072,1.0697694405090157,1.0639999193152314
5044,1.0717424412461072,1.0698341772399789,1.063820871448138
5045,1.0717424412461072,1.0695206476085193,1.0628200972543582
5046,1.0717424412461072,1.069225109794723,1.0601718822842736
5047,1.0717424412461072,1.0689348598459845,1.0635539087297412
5048,1.0717424412461072,1.0687522953549584,1.0550123914275829
5049,1.0717424412461072,1.0686398054464359,1.0612343314143287
5050,1.0717424412461072,1.0688223753284467,1.0637520210115057
5051,1.0717424412461072,1.0687067122715719,1.0601475092587083
5052,1.0717424412461072,1.0690681782411762,1.0635428685693178
5053,1.0717424412461072,1.0693384969732251,1.0642823061686988
5054,1.0717424412461072,1.0697760693539913,1.0588826931436315
5055,1.0717424412461072,1.069571869591501,1.062381786104981
5056,1.0717424412461072,1.0695409743982984,1.0656101498009578
5057,1.0717424412461072,1.0697057504466678,1.065491816143979
5058,1.0717424412461072,1.0698017263109427,1.0654771260191094
5059,1.0717424412461072,1.0693548960982806,1.061022146270657
5060,1.0717424412461072,1.068829406472243,1.0634874918434525
5061,1.0717424412461072,1.0686539789415714,1.0616248708365656
5062,1.0717424412461072,1.068943634546108,1.0541806718571611
5063,1.0717424412461072,1.0684317448876772,1.0582847306785406
5064,1.0717424412461072,1.0684268175505804,1.0527019837474947
5065,1.0717424412461072,1.069013697817608,1.062237524600852
5066,1.0717424412461072,1.0682978994845775,1.0599772630370676
5067,1.0717424412461072,1.067166672127062,1.0564786348417288
5068,1.0717424412461072,1.0675513849840363,1.0572921400640758
5069,1.0717424412461072,1.068261105008906,1.0630376548086666
5070,1.0717424412461072,1.0688633521103603,1.0632758320421187
5071,1.0717424412461072,1.0693721732842143,1.0635337905696916
5072,1.0717424412461072,1.0696147635817082,1.063858126652729
5073,1.0717424412461072,1.0702813166853276,1.062494821346841
5074,1.0717424412461072,1.0699638563197713,1.0661816278372593
5075,1.0717424412461072,1.0700243117291393,1.0651882295259165
5076,1.0717424412461072,1.069364997825704,1.0500726528443187
5077,1.0717424412461072,1.0688404985617228,1.0551875572552825
5078,1.0717424412461072,1.0690358622283542,1.056734177660598
5079,1.0717424412461072,1.0690510485769595,1.0608521209950172
5080,1.0717424412461072,1.0693744657939124,1.0636713168622756
5081,1.0717424412461072,1.069052605529229,1.0545596711276835
5082,1.0717424412461072,1.0686671942223536,1.0601123941803445
5083,1.0717424412461072,1.069307449474024,1.0659893269663152
5084,1.0717424412461072,1.069265488197321,1.0639854283856671
5085,1.0717424412461072,1.0695020228466086,1.0657198388698188
5086,1.0717424412461072,1.0699545179011298,1.0669609520194763
5087,1.0717424412461072,1.0698011487547974,1.0636474313433801
5088,1.0717424412461072,1.0699089696158015,1.066726957594986
5089,1.0717424412461072,1.06950333801941,1.0640585925574941
5090,1.0717424412461072,1.0689576703421364,1.060508476159482
5091,1.0717424412461072,1.0678799156585828,1.0520957917442144
5092,1.0717424412461072,1.0681880048310404,1.0583405083199768
5093,1.0717424412461072,1.0680384827945832,1.059751455262828
5094,1.0717424412461072,1.069136810277121,1.0617258363191695
5095,1.0717424412461072,1.0700046173869877,1.0616389070981591
5096,1.0717424412461072,1.0698968910085511,1.0643204782254168
5097,1.0717424412461072,1.0698751731882683,1.0659947430544974
5098,1.0717424412461072,1.069857356345553,1.0610609088618304
5099,1.0717424412461072,1.0697305423695944,1.0655136926831377
5100,1.0717424412461072,1.0696954411060824,1.067228601370338
5101,1.0717424412461072,1.0699304412682997,1.0668521361426841
5102,1.0717424412461072,1.0701201071134192,1.0670663601831618
5103,1.0717424412461072,1.0702358818131428,1.0641159307169017
5104,1.0717424412461072,1.0696494719759593,1.0573964375912182
5105,1.0717424412461072,1.069387559402652,1.0540904264661346
5106,1.0717424412461072,1.0696295500488173,1.0636313889971913
5107,1.0717424412461072,1.069932657092869,1.065378809178707
5108,1.0717424412461072,1.0700396025290195,1.0644594772407077
5109,1.0717424412461072,1.0703981485746332,1.0629829109692794
5110,1.0717424412461072,1.070130556108848,1.0647407682163363
5111,1.0717424412461072,1.0701242552373669,1.0656256195501004
5112,1.0717424412461072,1.0700418868186243,1.0609584540099657
5113,1.0717424412461072,1.0696119225580547,1.0607002139243307
5114,1.0717424412461072,1.068921288916977,1.0473502577728602
5115,1.0717424412461072,1.0684817837667557,1.0605771415876655
5116,1.0717424412461072,1.068140639779276,1.0603206946073798
5117,1.0717424412461072,1.068561780723251,1.0623581509370363
5118,1.0717424412461072,1.0688694400981777,1.0593161219578429
5119,1.0717424412461072,1.0690839147555573,1.0643490033215035
5120,1.0717424412461072,1.0682198799290117,1.0398340100233394
5121,1.0717424412461072,1.0683656445524632,1.0563769384317916
5122,1.0717424412461072,1.0686382184795915,1.0608178572803226
5123,1.0717424412461072,1.068732346057751,1.0550850876737368
5124,1.0717424412461072,1.0688561310480797,1.0640270070838167
5125,1.0717424412461072,1.0691127134186373,1.063429113450445
5126,1.0717424412461072,1.0700040774673205,1.0601130653442117
5127,1.0717424412461072,1.0697556153156818,1.0637046017428504
5128,1.0717424412461072,1.0700237163673114,1.0663913316183378
5129,1.0717424412461072,1.0699027743414413,1.062689915511619
5130,1.0717424412461072,1.0697321570147584,1.0635708275092957
5131,1.0717424412461072,1.0689921225044128,1.051421928430087
5132,1.0717424412461072,1.0692793056323366,1.0550382793792568
5133,1.0717424412461072,1.0687442377568195,1.0635472029881696
5134,1.0717424412461072,1.0689670134448344,1.0587024761279271
5135,1.0717424412461072,1.0690257083212829,1.0591970876395038
5136,1.0717424412461072,1.0691426947932217,1.0601217561683487
5137,1.0717424412461072,1.0688831612513994,1.0621653464692558
5138,1.0717424412461072,1.0687570822345485,1.0638973852783482
5139,1.0717424412461072,1.0687904744803232,1.0638154106629054
5140,1.0717424412461072,1.0692055506919858,1.0648760605566552
5141,1.0717424412461072,1.0689506346917965,1.0644833339859767
5142,1.0717424412461072,1.0690106498390464,1.0620514014706997
5143,1.0717424412461072,1.0690275849745883,1.0638386203570906
5144,1.0717424412461072,1.0693642388927411,1.0653616880919188
5145,1.0717424412461072,1.069825704705285,1.0663258090853032
5146,1.0717424412461072,1.0697954967044334,1.0659875171126958
5147,1.0717424412461072,1.0702153072003189,1.0663466561976218
5148,1.0717424412461072,1.0699890014008084,1.064492895106234
5149,1.0717424412461072,1.0699622060236584,1.0628625750787162
5150,1.0717424412461072,1.0697090846153383,1.0587405028866008
5151,1.0717424412461072,1.0694672912507481,1.0603641064374703
5152,1.0717424412461072,1.0692698906099474,1.0652463634746419
5153,1.0717424412461072,1.0696433398266567,1.0653827691460545
5154,1.0717424412461072,1.0703635569999912,1.0640482809185028
5155,1.0717424412461072,1.0705587800168277,1.0657206075633527
5156,1.0717424412461072,1.0705036996950037,1.065146090503029
5157,1.0717424412461072,1.0704169520213949,1.065297314303323
5158,1.0717424412461072,1.070209596498578,1.064995956335869
5159,1.0717424412461072,1.0695453630091258,1.063559330251187
5160,1.0717424412461072,1.0692636800538784,1.061653530139256
5161,1.0717424412461072,1.0695900576002224,1.0650866786348119
5162,1.0717424412461072,1.06950702918109,1.0649730594353644
5163,1.0717424412461072,1.0699875309235174,1.0657737729331211
5164,1.0717424412461072,1.069925288640455,1.065657631263901
5165,1.0717424412461072,1.070196902695768,1.065473999435138
5166,1.0717424412461072,1.0703502033180947,1.0676187838036
5167,1.0717424412461072,1.070365554334707,1.0663098670743836
5168,1.0717424412461072,1.0703149563874141,1.0641907217470197
5169,1.0717424412461072,1.0704045160909288,1.0649292079316792
5170,1.0717424412461072,1.070303542586496,1.0626122651471732
5171,1.0717424412461072,1.0698574626293598,1.0657882043734077
5172,1.0717424412461072,1.0702300551163901,1.0681758214438772
5173,1.0717424412461072,1.0702490774698976,1.066500699911507
5174,1.0717424412461072,1.0704168354910981,1.0640964589367692
5175,1.0717424412461072,1.069872211971145,1.062808348386697
5176,1.0717424412461072,1.0694781169825098,1.0634284847986324
5177,1.0717424412461072,1.0693378147638177,1.0633074210833293
5178,1.0717424412461072,1.0691404825841977,1.064202511915815
5179,1.0717424412461072,1.069571283907794,1.065089803307687
5180,1.0717424412461072,1.0696447400986089,1.0609563253330312
5181,1.0717424412461072,1.0701258539830059,1.0659083258502469
5182,1.0717424412461072,1.0704484788798658,1.0644394306909817
5183,1.0717424412461072,1.0703597907173727,1.0676011668061292
5184,1.0717424412461072,1.0704365809585987,1.0665224528689108
5185,1.0717424412461072,1.0701636180419418,1.0648263203780828
5186,1.0717424412461072,1.0698978038471383,1.0653510250273155
5187,1.0717424412461072,1.0698719847044034,1.0659232287350449
5188,1.0717424412461072,1.0703480607832672,1.0669777263165665
5189,1.0717424412461072,1.0708909821486967,1.068094622349864
5190,1.0717424412461072,1.070731312664551,1.0673768186003778
5191,1.0717424412461072,1.07054644221766,1.0662547613157702
5192,1.0717424412461072,1.0698664808935747,1.0558989169638358
5193,1.0717424412461072,1.0700192054480553,1.0594010259044162
5194,1.0717424412461072,1.0691181528911584,1.0580358512737065
5195,1.0717424412461072,1.069349815065708,1.0636647409043531
5196,1.0717424412461072,1.0696102321998335,1.063968677363313
5197,1.0717424412461072,1.0697867807540222,1.0627375464962585
5198,1.0717424412461072,1.069554667518512,1.058502664879134
5199,1.0717424412461072,1.0690477513806833,1.0651857719553204
5200,1.0717424412461072,1.0688344304253734,1.0613998530090996
5201,1.0717424412461072,1.069075674173099,1.063846713609862
5202,1.0717424412461072,1.0689905603027121,1.0636005456091782
5203,1.0717424412461072,1.0688323769663082,1.0620187355570194
5204,1.0717424412461072,1.0690773181308204,1.065085002826208
5205,1.0717424412461072,1.0697205460645614,1.0655355729611982
5206,1.0717424412461072,1.0700930367913226,1.0647071316775605
5207,1.0717424412461072,1.0695763817788484,1.056753918178615
5208,1.0717424412461072,1.0696832966869916,1.0609909630337082
5209,1.0717424412461072,1.0697195402112236,1.0652069665861554
5210,1.0717424412461072,1.069683864926234,1.0654098568784947
5211,1.0717424412461072,1.069263190433308,1.0635151751352923
5212,1.0717424412461072,1.0695321902593933,1.0636390235504751
5213,1.0717424412461072,1.0693693295411897,1.0625807036336574
5214,1.0717424412461072,1.0700305707425948,1.0618796265741874
5215,1.0717424412461072,1.070210878178478,1.0665807540573606
5216,1.0717424412461072,1.0702345245413534,1.0669980895320499
5217,1.0717424412461072,1.0701886282268886,1.0646807586514884
5218,1.0717424412461072,1.0705073445906543,1.0658975082601216
5219,1.0717424412461072,1.0700410171193777,1.0656445835794282
5220,1.0717424412461072,1.0699703134219634,1.0616985494565325
5221,1.0717424412461072,1.0695046672945623,1.0635978985293584
5222,1.0717424412461072,1.0690606119763528,1.0628699432401465
5223,1.0717424412461072,1.0693659715561599,1.0623288682808183
5224,1.0717424412461072,1.069070753829654,1.0607979209061538
5225,1.0717424412461072,1.0692902788324188,1.0635361600146604
5226,1.0717424412461072,1.0688342422977717,1.0612561207822064
5227,1.0717424412461072,1.0684974641791607,1.0524715205782527
5228,1.0717424412461072,1.0680882092649315,1.0579721693651436
5229,1.0717424412461072,1.0678613026827848,1.0587800360606574
5230,1.0717424412461072,1.0686656590000132,1.0612377380095626
5231,1.0717424412461072,1.069285558159563,1.0632201321082373
5232,1.0717424412461072,1.0694082308199615,1.0659711297705776
5233,1.0717424412461072,1.0698411492744129,1.0656211281073726
5234,1.0717424412461072,1.0696482290927891,1.0670402422480043
5235,1.0717424412461072,1.0698410405979102,1.0655267825862789
5236,1.0717424412461072,1.0703925607212685,1.0663377602914446
5237,1.0717424412461072,1.0704851552424541,1.0651301959779647
5238,1.0717424412461072,1.0706824013159393,1.067386900238557
5239,1.0717424412461072,1.0705630722974744,1.0638157934402206
5240,1.0717424412461072,1.0701373783285408,1.0652393799799893
5241,1.0717424412461072,1.0698017084558913,1.0650909507042778
5242,1.0717424412461072,1.0701151271025362,1.0662862427345619
5243,1.0717424412461072,1.0699104212116497,1.0664263652961592
5244,1.0717424412461072,1.0700594219039044,1.065617908004864
5245,1.0717424412461072,1.0698617208438663,1.0650359235909437
5246,1.0717424412461072,1.0701034726760368,1.0645935668149227
5247,1.0717424412461072,1.069912807599138,1.0660562924519732
5248,1.0717424412461072,1.0702287583827035,1.066549926689555
5249,1.0717424412461072,1.070245884996536,1.0652334436405186
5250,1.0717424412461072,1.0700756478925333,1.0613024990287963
5251,1.0717424412461072,1.0700968147218617,1.0615384776978747
5252,1.0717424412461072,1.0694041691690308,1.0578187261915275
5253,1.0717424412461072,1.0686507022418672,1.0563566883257829
5254,1.0717424412461072,1.0691602932713742,1.0592715639706576
5255,1.0717424412461072,1.068956222190149,1.0540813080719353
5256,1.0717424412461072,1.0689814920514658,1.0643449998951093
5257,1.0717424412461072,1.0687850743186371,1.064168409896268
5258,1.0717424412461072,1.0691314539072267,1.0649440381488438
5259,1.0717424412461072,1.068842304737383,1.0626338454230173
5260,1.0717424412461072,1.0685451790398561,1.0608959582975948
5261,1.0717424412461072,1.0689613421541535,1.0653068338492115
5262,1.0717424412461072,1.0692938482262546,1.065308499799992
5263,1.0717424412461072,1.0689809039372153,1.0558123943026285
5264,1.0717424412461072,1.0687266321273692,1.0473558075729872
5265,1.0717424412461072,1.0687339157348006,1.0529588200870357
5266,1.0717424412461072,1.0682869907877401,1.0557019079221517
5267,1.0717424412461072,1.0680768752324319,1.0600459564408249
5268,1.0717424412461072,1.0681113735257133,1.0572774894725399
5269,1.0717424412461072,1.0687473201576199,1.0599632148726572
5270,1.0717424412461072,1.0690923989134098,1.062375032638845
5271,1.0717424412461072,1.069099518410169,1.0613514161132853
5272,1.0717424412461072,1.0684623500414536,1.0523641003016464
5273,1.0717424412461072,1.0683140532476463,1.0604706762473284
5274,1.0717424412461072,1.0688550710803797,1.060229143232235
5275,1.0717424412461072,1.0691668894034818,1.0563236651866572
5276,1.0717424412461072,1.0687859580625647,1.0575833707741487
5277,1.0717424412461072,1.0681702891886156,1.0554890349758823
5278,1.0717424412461072,1.069035700505241,1.0635162716981534
5279,1.0717424412461072,1.0688481785513884,1.060549344405568
5280,1.0717424412461072,1.0689901073378234,1.0639280467692482
5281,1.0717424412461072,1.0693262572291398,1.0632979863286771
5282,1.0717424412461072,1.0695534729414429,1.0588707993702673
5283,1.0717424412461072,1.0693402368344218,1.0635333934921793
5284,1.0717424412461072,1.0692585139321051,1.0598770955825634
5285,1.0717424412461072,1.069221904283436,1.05813552998854
5286,1.0717424412461072,1.069169189371761,1.062494724333566
5287,1.0717424412461072,1.069610459045954,1.0629299917544706
5288,1.0717424412461072,1.0694590695072783,1.065819612052458
5289,1.0717424412461072,1.0698290481185309,1.0645684598848066
5290,1.0717424412461072,1.069242721657954,1.0598551068875546
5291,1.0717424412461072,1.0688480182576783,1.0570772315776762
5292,1.0717424412461072,1.0680803870249995,1.0476409841024097
5293,1.0717424412461072,1.0678928505572423,1.057170024027809
5294,1.0717424412461072,1.0672680818177804,1.051252092867979
5295,1.0717424412461072,1.066849065652049,1.0548329515512156
5296,1.0717424412461072,1.067005020101347,1.0582356441282397
5297,1.0717424412461072,1.067698464517375,1.0607659639214195
5298,1.0717424412461072,1.0679699172928092,1.0610370821052686
5299,1.0717424412461072,1.0687601845695862,1.0638409955686066
5300,1.0717424412461072,1.0691354160140627,1.0647474759778726
5301,1.0717424412461072,1.069425846812032,1.065080851628816
5302,1.0717424412461072,1.06932904644799,1.060269761013056
5303,1.0717424412461072,1.069383673335051,1.061982308782932
5304,1.0717424412461072,1.0695590391187075,1.0651254063726114
5305,1.0717424412461072,1.0693869597039634,1.0646981282341188
5306,1.0717424412461072,1.0691727104906434,1.0571656789461386
5307,1.0717424412461072,1.0697021849243422,1.061609652834453
5308,1.0717424412461072,1.0693765449717592,1.0606021971509307
5309,1.0717424412461072,1.0694094391042526,1.065730651684882
5310,1.0717424412461072,1.069661053827355,1.0652085449647501
5311,1.0717424412461072,1.0695622306572445,1.0639443492148866
5312,1.0717424412461072,1.069635685809562,1.0649725189903745
5313,1.0717424412461072,1.0693366995400042,1.0613070306518682
5314,1.0717424412461072,1.0685129649942824,1.0589643300882559
5315,1.0717424412461072,1.068931865817824,1.0604137027030265
5316,1.0717424412461072,1.0689076063543734,1.064504690448714
5317,1.0717424412461072,1.0690124946973332,1.0655370174447674
5318,1.0717424412461072,1.0691061882252684,1.0613139501750015
5319,1.0717424412461072,1.0688771976202487,1.0628000995603695
5320,1.0717424412461072,1.0687418346216861,1.0631355633995878
5321,1.0717424412461072,1.0691064796650753,1.0653795189946165
5322,1.0717424412461072,1.069440538943648,1.0646219599226185
5323,1.0717424412461072,1.0694577280007547,1.0630255294810462
5324,1.0717424412461072,1.0694541717062185,1.0633010821595885
5325,1.0717424412461072,1.0690976864874167,1.0623797012395226
5326,1.0717424412461072,1.069170577085436,1.0627224986966386
5327,1.0717424412461072,1.0687286677040708,1.062999683988619
5328,1.0717424412461072,1.0681080016658606,1.0530666487066611
5329,1.0717424412461072,1.0684582600763277,1.0585112439566564
5330,1.0717424412461072,1.0685736311263079,1.0590481264000133
5331,1.0717424412461072,1.0687286576057478,1.0650542414744948
5332,1.0717424412461072,1.0688534589867584,1.0604820052137058
5333,1.0717424412461072,1.0690022814970706,1.0617863140230486
5334,1.0717424412461072,1.0687566193037332,1.0620010668606303
5335,1.0717424412461072,1.0687147757933828,1.0592872139120082
5336,1.0717424412461072,1.0685027448254394,1.0610218583596707
5337,1.0717424412461072,1.0685150942434163,1.0497690979731726
5338,1.0717424412461072,1.0689805466763809,1.0636213569403161
5339,1.0717424412461072,1.0690907161661594,1.0646029004797328
5340,1.0717424412461072,1.069178420464916,1.065215299821856
5341,1.0717424412461072,1.0691073852719906,1.0664414585734217
5342,1.0717424412461072,1.0692165115531105,1.0647454985469351
5343,1.0717424412461072,1.0692364424046514,1.0640220601354984
5344,1.0717424412461072,1.068797282818746,1.0553383764212856
5345,1.0717424412461072,1.0689264161633585,1.0580500832910689
5346,1.0717424412461072,1.0693769480968054,1.0594101239598939
5347,1.0717424412461072,1.0695170300460215,1.0641887512648749
5348,1.0717424412461072,1.0700304953448307,1.0653962871765221
5349,1.0717424412461072,1.0701038382156738,1.0643340375822228
5350,1.0717424412461072,1.0696245038501164,1.062757733888609
5351,1.0717424412461072,1.0689754135481702,1.0600641886160997
5352,1.0717424412461072,1.0689573057712607,1.051142010464752
5353,1.0717424412461072,1.0687674218862262,1.0584866211707078
5354,1.0717424412461072,1.0684136673064664,1.060202491234437
5355,1.0717424412461072,1.0683579530601326,1.0610797251027662
5356,1.0717424412461072,1.0676524876062787,1.0455651103477908
5357,1.0717424412461072,1.0679057279281026,1.059861258230915
5358,1.0717424412461072,1.069126653921475,1.0620426681974775
5359,1.0717424412461072,1.0696055694217919,1.0644465417323092
5360,1.0717424412461072,1.0698770152125445,1.0651876569787684
5361,1.0717424412461072,1.0697697802054364,1.06628345168974
5362,1.0717424412461072,1.0698866287879132,1.0661184203239293
5363,1.0717424412461072,1.0701704399133503,1.067862273434606
5364,1.0717424412461072,1.0699907195129164,1.0658364799990605
5365,1.0717424412461072,1.0699453852095107,1.0668704403215497
5366,1.0717424412461072,1.070320383888268,1.0666792570648003
5367,1.0717424412461072,1.0701371313903463,1.0646770406767263
5368,1.0717424412461072,1.069788143994343,1.0640451019042012
5369,1.0717424412461072,1.070418729931939,1.067225670009961
5370,1.0717424412461072,1.070287545238404,1.066507000937433
5371,1.0717424412461072,1.0703129944350287,1.0654093957720923
5372,1.0717424412461072,1.0698275035244647,1.0637176402699688
5373,1.0717424412461072,1.0696005056066256,1.0651002792339703
5374,1.0717424412461072,1.0694408605374712,1.0637987717398714
5375,1.0717424412461072,1.0690187648682512,1.062102027588654
5376,1.0717424412461072,1.0694928017585523,1.0626131509213197
5377,1.0717424412461072,1.0697545412373153,1.060591869825112
5378,1.0717424412461072,1.0697700811979187,1.0631718332364535
5379,1.0717424412461072,1.0695413491558978,1.0658886161474048
5380,1.0717424412461072,1.0695315011132636,1.0631979518376706
5381,1.0717424412461072,1.0694602015531334,1.0626244839714023
5382,1.0717424412461072,1.0693086294432925,1.0630553108539536
5383,1.0717424412461072,1.0695285228659686,1.0652744120057425
5384,1.0717424412461072,1.06949137267197,1.065382290667976
5385,1.0717424412461072,1.0698085424093065,1.060126210057562
5386,1.0717424412461072,1.0699404286884742,1.0654615915153638
5387,1.0717424412461072,1.0699996396388978,1.064172483047943
5388,1.0717424412461072,1.070025319636876,1.0658279207406065
5389,1.0717424412461072,1.0701409981459924,1.0656674685638927
5390,1.0717424412461072,1.0700695422343913,1.0669775201146838
5391,1.0717424412461072,1.0698100980244485,1.0660057230575635
5392,1.0717424412461072,1.069269953472424,1.058809466965529
5393,1.0717424412461072,1.0693914630071808,1.0623829921035035
5394,1.0717424412461072,1.0692422127847632,1.0616119645666637
5395,1.0717424412461072,1.069423748928406,1.06375641691147
5396,1.0717424412461072,1.0691993038236074,1.0641523366404249
5397,1.0717424412461072,1.0693387970679256,1.064737683773027
5398,1.0717424412461072,1.0689242287094367,1.057078185943689
5399,1.0717424412461072,1.0687747512518406,1.0644011667144073
5400,1.0717424412461072,1.068525068025736,1.0622322380887628
5401,1.0717424412461072,1.0691538615064493,1.0645448004792688
5402,1.0717424412461072,1.0692827027769534,1.0655778986117097
5403,1.0717424412461072,1.0697000891044182,1.0656604615399126
5404,1.0717424412461072,1.0691621964120541,1.06237308314876
5405,1.0717424412461072,1.0692769552252224,1.0628246632332727
5406,1.0717424412461072,1.0692498505809989,1.0645656947550277
5407,1.0717424412461072,1.0692060585442937,1.0629821615238408
5408,1.0717424412461072,1.069129352199013,1.062858488088978
5409,1.0717424412461072,1.0694859476782752,1.0590560451450508
5410,1.0717424412461072,1.069824103836923,1.0659533786520503
5411,1.0717424412461072,1.0701130776469683,1.065923576516057
5412,1.0717424412461072,1.0698968897269865,1.066452887041403
5413,1.0717424412461072,1.0695461082169748,1.051567673848529
5414,1.0717424412461072,1.069480999498144,1.0610633030978207
5415,1.0717424412461072,1.069561941768124,1.064241387113607
5416,1.0717424412461072,1.0691560130762376,1.0622647182993397
5417,1.0717424412461072,1.068525995417713,1.0542365657920156
5418,1.0717424412461072,1.0680156329630823,1.0577004753917947
5419,1.0717424412461072,1.0685155040526741,1.0587567409171643
5420,1.0717424412461072,1.0685184282171303,1.0587642528878671
5421,1.0717424412461072,1.0686767167654043,1.0593301176838774
5422,1.0717424412461072,1.069016759745332,1.0642135035313536
5423,1.0717424412461072,1.0690816620104493,1.0637727498997338
5424,1.0717424412461072,1.0689991589064192,1.0633930764802493
5425,1.0717424412461072,1.0693997512428246,1.061841266820836
5426,1.0717424412461072,1.068964399897344,1.0600693614867636
5427,1.0717424412461072,1.0691443222546377,1.0638686133466224
5428,1.0717424412461072,1.0695735775622812,1.0638258547826251
5429,1.0717424412461072,1.0690515259189162,1.0632693263113586
5430,1.0717424412461072,1.0692181817570094,1.063373775111213
5431,1.0717424412461072,1.0693970479028798,1.0656883659011482
5432,1.0717424412461072,1.069328390983824,1.0643675888102022
5433,1.0717424412461072,1.0690462610247555,1.0633043886476623
5434,1.0717424412461072,1.069687444222464,1.064557803875118
5435,1.0717424412461072,1.069417999556984,1.0629675388879471
5436,1.0717424412461072,1.0699290346744121,1.065274151069927
5437,1.0717424412461072,1.0701876864302846,1.0674475812051751
5438,1.0717424412461072,1.0704488495846045,1.0661109404494318
5439,1.0717424412461072,1.0704601664577316,1.0670855810039575
5440,1.0717424412461072,1.0703252617153445,1.0665660914941142
5441,1.0717424412461072,1.0695891725963147,1.0578827802430386
5442,1.0717424412461072,1.0690167070349792,1.040186799604331
5443,1.0717424412461072,1.0683354969454057,1.0515672943059942
5444,1.0717424412461072,1.0673737600937592,1.0497095052826184
5445,1.0717424412461072,1.0683684571977468,1.0543464312750777
5446,1.0717424412461072,1.0680998102734067,1.0550940709705778
5447,1.0717424412461072,1.068406134620512,1.064243050422994
5448,1.0717424412461072,1.0687681008454595,1.0631859105809682
5449,1.0717424412461072,1.068792962976129,1.0581213906456943
5450,1.0717424412461072,1.0684260851979577,1.0621382205355179
5451,1.0717424412461072,1.0682452079550342,1.061542007842852
5452,1.0717424412461072,1.0682450642340746,1.061009481442353
5453,1.0717424412461072,1.0676241190217568,1.054882344860897
5454,1.0717424412461072,1.0678158254550112,1.0586875870268115
5455,1.0717424412461072,1.0676925751569473,1.057524475999562
5456,1.0717424412461072,1.068544059321215,1.0626265327439925
5457,1.0717424412461072,1.0686373290524849,1.0631355785360113
5458,1.0717424412461072,1.06846317035853,1.0600435351607855
5459,1.0717424412461072,1.0687067244925987,1.0632487581604848
5460,1.0717424412461072,1.0691824335023021,1.0636931626020294
5461,1.0717424412461072,1.0694760581133544,1.066129878258123
5462,1.0717424412461072,1.0699801752528983,1.0660009915625706
5463,1.0717424412461072,1.0700032247134976,1.0657708118443963
5464,1.0717424412461072,1.0691256179061368,1.0651482662579497
5465,1.0717424412461072,1.068765701439006,1.062438610927042
5466,1.0717424412461072,1.0692854429401402,1.0632977000788133
5467,1.0717424412461072,1.068669898213003,1.0590241733407475
5468,1.0717424412461072,1.069139636351067,1.0642664046209753
5469,1.0717424412461072,1.068717460992393,1.0571110042099632
5470,1.0717424412461072,1.0688357509165827,1.062795337382303
5471,1.0717424412461072,1.069148304133719,1.065465418667833
5472,1.0717424412461072,1.0693696298902013,1.0581757691930018
5473,1.0717424412461072,1.0690418666970545,1.0515651954738099
5474,1.0717424412461072,1.0689858072069,1.058571964898663
5475,1.0717424412461072,1.0689630579001475,1.063944837512907
5476,1.0717424412461072,1.0692126353458145,1.0643410092580246
5477,1.0717424412461072,1.0691439290970501,1.0603305292119338
5478,1.0717424412461072,1.0686285444934678,1.0606992239696753
5479,1.0717424412461072,1.0688860911109588,1.0613656800825049
5480,1.0717424412461072,1.0697417183188693,1.0657573496699226
5481,1.0717424412461072,1.0700052009303598,1.065896397781416
5482,1.0717424412461072,1.069872005913392,1.0625351632723676
5483,1.0717424412461072,1.0696451266562432,1.0605570723048094
5484,1.0717424412461072,1.0691037714014824,1.0481111644047338
5485,1.0717424412461072,1.069138375452081,1.054176985033008
5486,1.0717424412461072,1.0690052989397834,1.0379624069972748
5487,1.0717424412461072,1.0687408486455945,1.0419427107123174
5488,1.0717424412461072,1.0686050324013534,1.057942941716476
5489,1.0717424412461072,1.0683940133532703,1.0600444793352302
5490,1.0717424412461072,1.0680790658901935,1.0623308108684735
5491,1.0717424412461072,1.0683935972536098,1.0616623897956523
5492,1.0717424412461072,1.0685485528923784,1.0601117338645798
5493,1.0717424412461072,1.0690024213970435,1.062465937155582
5494,1.0717424412461072,1.0692693424406823,1.0638781689874
5495,1.0717424412461072,1.069161345849501,1.0651343939192581
5496,1.0717424412461072,1.0697954325961814,1.0634502713359564
5497,1.0717424412461072,1.0700572647829538,1.0664023343866287
5498,1.0717424412461072,1.0699403905110558,1.0647776626637846
5499,1.0717424412461072,1.0701056417931911,1.0640164939382608
5500,1.0717424412461072,1.069849204319384,1.066329319180041
5501,1.0717424412461072,1.06941726377293,1.0642196226974177
5502,1.0717424412461072,1.069414467430386,1.0639946136215586
5503,1.0717424412461072,1.06956545206175,1.0623988808443905
5504,1.0717424412461072,1.069635666320232,1.0636425125312114
5505,1.0717424412461072,1.0693816379569845,1.0654735283686194
5506,1.0717424412461072,1.0688502568415401,1.0476795871120412
5507,1.0717424412461072,1.0691681454311577,1.0636447844025474
5508,1.0717424412461072,1.0691797772509937,1.0651213344757529
5509,1.0717424412461072,1.0693338118978846,1.0610699396185608
5510,1.0717424412461072,1.068577528022041,1.057362950594955
5511,1.0717424412461072,1.0692154714953994,1.06347475326277
5512,1.0717424412461072,1.0694526580748631,1.066131377124417
5513,1.0717424412461072,1.0694915799993134,1.0664992283509795
5514,1.0717424412461072,1.069812121635748,1.0638448179045525
5515,1.0717424412461072,1.0695691390764375,1.064598837257416
5516,1.0717424412461072,1.069752275744378,1.065045695586937
5517,1.0717424412461072,1.0697035180485692,1.0664144306839438
5518,1.0717424412461072,1.069806953284549,1.0633132354749253
5519,1.0717424412461072,1.0698886648248038,1.0655037452975504
5520,1.0717424412461072,1.0699454125753225,1.0646447996437134
5521,1.0717424412461072,1.0697987824705284,1.0654576924514252
5522,1.0717424412461072,1.070067709610544,1.063912463611393
5523,1.0717424412461072,1.0695452402591399,1.0626165207611225
5524,1.0717424412461072,1.0692260392906474,1.0630247366469487
5525,1.0717424412461072,1.06977995922224,1.0648470158135004
5526,1.0717424412461072,1.0694001947493463,1.063052637420176
5527,1.0717424412461072,1.0690852639798925,1.0615599794410606
5528,1.0717424412461072,1.0692004369349346,1.0634886563514514
5529,1.0717424412461072,1.0694940561471182,1.0626208045181538
5530,1.0717424412461072,1.0696777520077156,1.0656300093319322
5531,1.0717424412461072,1.0698228199627062,1.063635576868791
5532,1.0717424412461072,1.0694855364447484,1.0641517654699069
5533,1.0717424412461072,1.069103121559488,1.062731209714391
5534,1.0717424412461072,1.0692030350435642,1.064065370588654
5535,1.0717424412461072,1.0691834804348601,1.0595554633707007
5536,1.0717424412461072,1.0686640185721705,1.0482033914168458
5537,1.0717424412461072,1.0683861440256959,1.0522657004300697
5538,1.0717424412461072,1.0685127472672,1.0345376608315817
5539,1.0717424412461072,1.0692923670369276,1.0644801599985603
5540,1.0717424412461072,1.0699165280790381,1.0660990939079307
5541,1.0717424412461072,1.070191577379114,1.0654866565699859
5542,1.0717424412461072,1.0697759136928577,1.0619866345513245
5543,1.0717424412461072,1.0696386107429208,1.064190490017194
5544,1.0717424412461072,1.068676088929319,1.0524531455970827
5545,1.0717424412461072,1.068304836361481,1.0576897376403012
5546,1.0717424412461072,1.0687987635868093,1.0586301070268882
5547,1.0717424412461072,1.0686780401360285,1.0637510282295284
5548,1.0717424412461072,1.0687432638057743,1.0633928470460186
5549,1.0717424412461072,1.068463208781633,1.062001143402523
5550,1.0717424412461072,1.068751336730419,1.0628477133697183
5551,1.0717424412461072,1.0688817815789962,1.057532673902315
5552,1.0717424412461072,1.0691428219782395,1.0443173292985515
5553,1.0717424412461072,1.069135707885198,1.0619722306540766
5554,1.0717424412461072,1.0695440259484912,1.060044227943701
5555,1.0717424412461072,1.0695077657969019,1.0530527624526433
5556,1.0717424412461072,1.0690254049547925,1.0519382686639056
5557,1.0717424412461072,1.069136308410332,1.0587704485034704
5558,1.0717424412461072,1.0692539870252171,1.0583951972161367
5559,1.0717424412461072,1.0689759738095999,1.0608312143766008
5560,1.0717424412461072,1.0690299319511576,1.0607331312735435
5561,1.0717424412461072,1.0690404156373619,1.0624461996327539
5562,1.0717424412461072,1.0688079518267706,1.0626731475787956
5563,1.0717424412461072,1.0690369905355919,1.0606361417753027
5564,1.0717424412461072,1.0688211223911737,1.060321261767803
5565,1.0717424412461072,1.068879860960613,1.0619613672774593
5566,1.0717424412461072,1.0677772408546717,1.0463327553191464
5567,1.0717424412461072,1.0680722162666658,1.051876698787258
5568,1.0717424412461072,1.0689964344784686,1.0617053220152295
5569,1.0717424412461072,1.0686111117692416,1.056851527271427
5570,1.0717424412461072,1.068207672718092,1.0564376893221377
5571,1.0717424412461072,1.0680687342984754,1.0615069145383682
5572,1.0717424412461072,1.066878676981334,1.058530604731661
5573,1.0717424412461072,1.0673167382698643,1.0552357702792754
5574,1.0717424412461072,1.0671860109737425,1.0523042924266512
5575,1.0717424412461072,1.0680888672941742,1.0617298665423804
5576,1.0717424412461072,1.0679386801571982,1.0639955956287892
5577,1.0717424412461072,1.068196474600053,1.0610482455632382
5578,1.0717424412461072,1.0682538219168212,1.063930628996023
5579,1.0717424412461072,1.0694357903935479,1.0645281197700018
5580,1.0717424412461072,1.0689721152494471,1.0632392415093463
5581,1.0717424412461072,1.0683650147854644,1.0598861913585031
5582,1.0717424412461072,1.067793762101732,1.0595596295764538
5583,1.0717424412461072,1.0677175737506688,1.0494459647859276
5584,1.0717424412461072,1.068197799175588,1.057429444898383
5585,1.0717424412461072,1.067993442349946,1.0601091184724083
5586,1.0717424412461072,1.0687689685647626,1.061078156922851
5587,1.0717424412461072,1.0688872696698335,1.0611416209655837
5588,1.0717424412461072,1.068419023219965,1.062057927358701
5589,1.0717424412461072,1.0687394467441333,1.0607153899773878
5590,1.0717424412461072,1.0689138805726133,1.0638385169228715
5591,1.0717424412461072,1.0688974081340814,1.06210246870689
5592,1.0717424412461072,1.06925475180715,1.062030423910814
5593,1.0717424412461072,1.06925535643195,1.0644184870289708
5594,1.0717424412461072,1.069630574895521,1.065237871355568
5595,1.0717424412461072,1.0696289633440674,1.0564918218044383
5596,1.0717424412461072,1.0691075266919254,1.0620361955608
5597,1.0717424412461072,1.0698850860302014,1.0638201463353614
5598,1.0717424412461072,1.069639791786948,1.0620567264813476
5599,1.0717424412461072,1.0698252144019744,1.064576235228695
5600,1.0717424412461072,1.0701205676698415,1.0671607965775358
5601,1.0717424412461072,1.070143468791991,1.0670524606885818
5602,1.0717424412461072,1.0700119030573803,1.0631321286936493
5603,1.0717424412461072,1.0702886083691334,1.0666678291144356
5604,1.0717424412461072,1.0699577921310153,1.0634494402521353
5605,1.0717424412461072,1.070332079830102,1.0648413489721766
5606,1.0717424412461072,1.0700155698887472,1.0632023986678836
5607,1.0717424412461072,1.0702254282542747,1.066710619309158
5608,1.0717424412461072,1.0697565847254928,1.0635843183548277
5609,1.0717424412461072,1.069787712342004,1.0623836781197002
5610,1.0717424412461072,1.0698168393163616,1.0648500926153244
5611,1.0717424412461072,1.0695278173712395,1.0635244550015526
5612,1.0717424412461072,1.0689960367881397,1.0561555479005538
5613,1.0717424412461072,1.0687416118796944,1.062717415090678
5614,1.0717424412461072,1.0684761282060031,1.0581368881126179
5615,1.0717424412461072,1.0676798374646093,1.0542290790376738
5616,1.0717424412461072,1.0678414250920731,1.0605482123145622
5617,1.0717424412461072,1.0681606583177794,1.0578341643866622
5618,1.0717424412461072,1.068644969616255,1.0613370560813102
5619,1.0717424412461072,1.0682621524226437,1.062382529405425
5620,1.0717424412461072,1.068067262661638,1.0604051518713093
5621,1.0717424412461072,1.0677575524707212,1.050040990982729
5622,1.0717424412461072,1.0673202934449424,1.0497389154851502
5623,1.0717424412461072,1.0669865273487034,1.0567110298071585
5624,1.0717424412461072,1.067369349597265,1.0519318164113654
5625,1.0717424412461072,1.0680548152597042,1.0528303317313168
5626,1.0717424412461072,1.0688810637132358,1.0617591601707677
5627,1.0717424412461072,1.0688694952939368,1.063315166006307
5628,1.0717424412461072,1.069078453688738,1.0629610251336623
5629,1.0717424412461072,1.0686340641704133,1.051924039127743
5630,1.0717424412461072,1.0684614060740496,1.0579887307617692
5631,1.0717424412461072,1.0685152679423142,1.060543760625689
5632,1.0717424412461072,1.0691756661318492,1.0616523008757084
5633,1.0717424412461072,1.0690434100619954,1.0510442146957384
5634,1.0717424412461072,1.0690668814401947,1.0625369329002468
5635,1.0717424412461072,1.0695550072034359,1.0591795482290307
5636,1.0717424412461072,1.0698110253741497,1.062207750044649
5637,1.0717424412461072,1.0693685624902107,1.058852152283329
5638,1.0717424412461072,1.069485077953677,1.0620540073261497
5639,1.0717424412461072,1.0698595001328557,1.0658680833274117
5640,1.0717424412461072,1.0696362682608405,1.0636953421759245
5641,1.0717424412461072,1.0694888590514193,1.0631606263698536
5642,1.0717424412461072,1.0694773547603817,1.057533269795853
5643,1.0717424412461072,1.0696700451927044,1.061377237389221
5644,1.0717424412461072,1.0697085579516479,1.0631737635074148
5645,1.0717424412461072,1.0693722662404168,1.0643712177528775
5646,1.0717424412461072,1.069104865408515,1.060888855678971
5647,1.0717424412461072,1.0692943386941989,1.0623078775169974
5648,1.0717424412461072,1.0698826421264807,1.0652663555334623
5649,1.0717424412461072,1.070117879851968,1.0588086555796874
5650,1.0717424412461072,1.0697040831955624,1.0646653738672769
5651,1.0717424412461072,1.069887881595727,1.066485909871822
5652,1.0717424412461072,1.0695685717722092,1.0654340536086153
5653,1.0717424412461072,1.0694798363249214,1.0614779135769008
5654,1.0717424412461072,1.0698171991698453,1.0665989970551444
5655,1.0717424412461072,1.0695110444218245,1.0626421209109194
5656,1.0717424412461072,1.0695240851707881,1.0632493078376186
5657,1.0717424412461072,1.0695003599341046,1.0571975277169976
5658,1.0717424412461072,1.069087350727458,1.0611826643413376
5659,1.0717424412461072,1.0693763210233227,1.065245548041937
5660,1.0717424412461072,1.0695509998709534,1.0655331564484123
5661,1.0717424412461072,1.0699088881713903,1.0637698426358715
5662,1.0717424412461072,1.0700553520262737,1.065305537178677
5663,1.0717424412461072,1.070261054465612,1.0676776405409085
5664,1.0717424412461072,1.0704148762390122,1.0660482038326604
5665,1.0717424412461072,1.070324215627953,1.0665936840944634
5666,1.0717424412461072,1.07016140298205,1.0595567642485038
5667,1.0717424412461072,1.0703489757829479,1.066220608265551
5668,1.0717424412461072,1.0705043904253229,1.0630062209201323
5669,1.0717424412461072,1.070097057756232,1.0661096466294726
5670,1.0717424412461072,1.069470296723852,1.0635935581419962
5671,1.0717424412461072,1.0695772854657346,1.0583526148233675
5672,1.0717424412461072,1.0695511193476774,1.0634628576694378
5673,1.0717424412461072,1.0692580810229968,1.059953090536943
5674,1.0717424412461072,1.0683488114401753,1.0413368559442837
5675,1.0717424412461072,1.0680123959324626,1.0455698032960061
5676,1.0717424412461072,1.0680446314921272,1.0578850533983974
5677,1.0717424412461072,1.068796945553825,1.061518835988855
5678,1.0717424412461072,1.0684573218950184,1.0587426044480424
5679,1.0717424412461072,1.0686048605020595,1.0635511071822674
5680,1.0717424412461072,1.0687039833817102,1.0640302907990697
5681,1.0717424412461072,1.0687209762225998,1.0634871788953184
5682,1.0717424412461072,1.0689484493123447,1.0604203558980165
5683,1.0717424412461072,1.068940784197122,1.0607002506501901
5684,1.0717424412461072,1.0692279702076166,1.0630706466337567
5685,1.0717424412461072,1.0695216340375424,1.0614177984550133
5686,1.0717424412461072,1.0694657572635835,1.064797080457689
5687,1.0717424412461072,1.069105093340279,1.0553909061242572
5688,1.0717424412461072,1.069394614364602,1.0602835670687916
5689,1.0717424412461072,1.0696919747698912,1.0656390168253473
5690,1.0717424412461072,1.0695285412023532,1.061866217531051
5691,1.0717424412461072,1.0692721538817056,1.0549992842200997
5692,1.0717424412461072,1.0687979546600455,1.0603647353383983
5693,1.0717424412461072,1.0688222275752457,1.055747226784238
5694,1.0717424412461072,1.0680668328338814,1.0459314694196578
5695,1.0717424412461072,1.0678615167799295,1.0553121901586724
5696,1.0717424412461072,1.0688174376443818,1.0612807857305684
5697,1.0717424412461072,1.0687792631221147,1.0605134319566134
5698,1.0717424412461072,1.0686827966881598,1.0621170280867345
5699,1.0717424412461072,1.0688454980034117,1.0579818408427089
5700,1.0717424412461072,1.0687477366179599,1.0634479178185792
5701,1.0717424412461072,1.069005062256271,1.0635722973758373
5702,1.0717424412461072,1.069323287045727,1.0595829512806103
5703,1.0717424412461072,1.069252598960588,1.063602174580958
5704,1.0717424412461072,1.0697766794088193,1.0653603891653538
5705,1.0717424412461072,1.0692231315246823,1.0620236891915251
5706,1.0717424412461072,1.0693864805060924,1.0637879618136226
5707,1.0717424412461072,1.0700550317856992,1.0659503243356783
5708,1.0717424412461072,1.0700568023300756,1.0668723267909435
5709,1.0717424412461072,1.0703601764822392,1.0678317776729545
5710,1.0717424412461072,1.0701985372347886,1.0651801952559028
5711,1.0717424412461072,1.0698613182891,1.0650795088877147
5712,1.0717424412461072,1.0698417368437978,1.0651300623301445
5713,1.0717424412461072,1.070163500864629,1.0666943752783569
5714,1.0717424412461072,1.0702477257557157,1.065731731498472
5715,1.0717424412461072,1.0694077854447024,1.051339954510905
5716,1.0717424412461072,1.0688455977782636,1.0636705770386685
5717,1.0717424412461072,1.0688095027707052,1.0611900911902046
5718,1.0717424412461072,1.0688713122721532,1.0634029913243563
5719,1.0717424412461072,1.0689539862927904,1.0643089376835417
5720,1.0717424412461072,1.0691941832490437,1.0648279467514135
5721,1.0717424412461072,1.0692857581741502,1.0631213013751966
5722,1.0717424412461072,1.0692870425464227,1.0628541352545777
5723,1.0717424412461072,1.0697414109843988,1.0621291349960997
5724,1.0717424412461072,1.0692934018714875,1.056831154102221
5725,1.0717424412461072,1.0691859568834834,1.0576820718295439
5726,1.0717424412461072,1.069096521619969,1.0648990607816216
5727,1.0717424412461072,1.0701960404294173,1.0674840512075456
5728,1.0717424412461072,1.0702695577167731,1.0683425941421016
5729,1.0717424412461072,1.0703853726654446,1.0680302591432742
5730,1.0717424412461072,1.0703220493367385,1.0654809292371386
5731,1.0717424412461072,1.0702052586722806,1.0654086463977623
5732,1.0717424412461072,1.0702422022491138,1.067009186919714
5733,1.0717424412461072,1.0704634660293824,1.0662300824650848
5734,1.0717424412461072,1.070577452950631,1.0673895923891261
5735,1.0717424412461072,1.0705072342386526,1.0680673602710264
5736,1.0717424412461072,1.0705779998329799,1.0674643210830965
5737,1.0717424412461072,1.0705406891049798,1.0671199739107442
5738,1.0717424412461072,1.070389238999192,1.0674904435749601
5739,1.0717424412461072,1.0703535936946609,1.0681364420093864
5740,1.0717424412461072,1.0705203226757174,1.0679409841095358
5741,1.0717424412461072,1.07021917444433,1.0679193581173085
5742,1.0717424412461072,1.0700264672344302,1.0646926875651648
5743,1.0717424412461072,1.0694185640153355,1.062955862296236
5744,1.0717424412461072,1.0693066067981762,1.0629240018760855
5745,1.0717424412461072,1.0687815659909357,1.0596988844927453
5746,1.0717424412461072,1.0679002042735157,1.0553774503424094
5747,1.0717424412461072,1.0680974800253265,1.064133820126234
5748,1.0717424412461072,1.068927259189377,1.0637911453581572
5749,1.0717424412461072,1.0687342455602005,1.0643081490248847
5750,1.0717424412461072,1.068924019138144,1.0642958267039004
5751,1.0717424412461072,1.0692895776378029,1.063013966093249
5752,1.0717424412461072,1.0695699854154972,1.0654529976027138
5753,1.0717424412461072,1.0697794522660993,1.066679035950993
5754,1.0717424412461072,1.0698702610643678,1.0655118640364205
5755,1.0717424412461072,1.069680189079235,1.063423414612637
5756,1.0717424412461072,1.069653855695689,1.0661346554088134
5757,1.0717424412461072,1.069929774214249,1.0661383467461734
5758,1.0717424412461072,1.0702445868283463,1.0675161189241553
5759,1.0717424412461072,1.0704558195429799,1.0677772226154776
5760,1.0717424412461072,1.0704274501391386,1.0670465098479083
5761,1.0717424412461072,1.0706134633922482,1.0671361873309015
5762,1.0717424412461072,1.0704505227963712,1.066993736406665
5763,1.0717424412461072,1.0703608727221532,1.0648259647865015
5764,1.0717424412461072,1.0702341761081973,1.066100879961157
5765,1.0717424412461072,1.070383880720531,1.0661708876107143
5766,1.0717424412461072,1.0704036494837161,1.066984510638041
5767,1.0717424412461072,1.0704280668745603,1.066318681009692
5768,1.0717424412461072,1.0701077505058232,1.0616610240767814
5769,1.0717424412461072,1.0698306571724714,1.0651809298992538
5770,1.0717424412461072,1.0700873320852315,1.0661311146788117
5771,1.0717424412461072,1.0702837759217128,1.064824583933289
5772,1.0717424412461072,1.0703234194298714,1.0648253351836146
5773,1.0717424412461072,1.069830513095763,1.064874026725595
5774,1.0717424412461072,1.0701393918042887,1.0656317080478381
5775,1.0717424412461072,1.070228160301708,1.0644011712724133
5776,1.0717424412461072,1.0701152452691582,1.0654097973481444
5777,1.0717424412461072,1.070086552848639,1.064982771825257
5778,1.0717424412461072,1.0705695276091227,1.067665978221028
5779,1.0717424412461072,1.0705745861762586,1.0681914358787945
5780,1.0717424412461072,1.0705477950734008,1.0660988363378492
5781,1.0717424412461072,1.0699842077923387,1.065455233737765
5782,1.0717424412461072,1.0695619703481993,1.063225046540142
5783,1.0717424412461072,1.0697515817654972,1.0517302857759274
5784,1.0717424412461072,1.0696699728959143,1.0616922841189644
5785,1.0717424412461072,1.0694267845694534,1.057059981361447
5786,1.0717424412461072,1.0681691768126589,1.040659073845322
5787,1.0717424412461072,1.0679922031848852,1.0593552507766444
5788,1.0717424412461072,1.0679592383779315,1.0538081207468866
5789,1.0717424412461072,1.0679001423915837,1.051164394327896
5790,1.0717424412461072,1.0681185733214327,1.0605910765491129
5791,1.0717424412461072,1.0681695088515903,1.0597578178511502
5792,1.0717424412461072,1.0677833458021244,1.0463685316270424
5793,1.0717424412461072,1.0684866011750702,1.0578925131112618
5794,1.0717424412461072,1.0679225798222758,1.0425096106052303
5795,1.0717424412461072,1.0678546629411247,1.0385941381520256
5796,1.0717424412461072,1.0682497313161656,1.0636590165316844
5797,1.0717424412461072,1.0686835464187734,1.0619705706686664
5798,1.0717424412461072,1.068715337372999,1.0625259351179246
5799,1.0717424412461072,1.0686375361757667,1.0620889849260202
5800,1.0717424412461072,1.0693176248265965,1.0666858761282798
5801,1.0717424412461072,1.0696273482943959,1.0663429268617786
5802,1.0717424412461072,1.0696990036452696,1.06590952142721
5803,1.0717424412461072,1.0696758232972667,1.0612318529394855
5804,1.0717424412461072,1.069625301089602,1.0640629908828245
5805,1.0717424412461072,1.069384111314868,1.063302927332055
5806,1.0717424412461072,1.0698666966121946,1.0657118376666617
5807,1.0717424412461072,1.0699688826697942,1.066979318394597
5808,1.0717424412461072,1.0694619290867855,1.0636573403791219
5809,1.0717424412461072,1.0699772238668401,1.0613778118612767
5810,1.0717424412461072,1.0690966833089646,1.0642189358520855
5811,1.0717424412461072,1.068829846027625,1.0579701512028605
5812,1.0717424412461072,1.069018931856783,1.0622536261129119
5813,1.0717424412461072,1.068838314187136,1.0617560762975535
5814,1.0717424412461072,1.0691079418390068,1.0563067415437768
5815,1.0717424412461072,1.0686200010212876,1.0556604342954066
5816,1.0717424412461072,1.0682976218425073,1.044826958097387
5817,1.0717424412461072,1.068940407475999,1.057078515088963
5818,1.0717424412461072,1.0690918498036794,1.0641045381680132
5819,1.0717424412461072,1.0693751073254871,1.0644109575601512
5820,1.0717424412461072,1.0693880051363633,1.0637439772632296
5821,1.0717424412461072,1.0690317652521297,1.058734444845887
5822,1.0717424412461072,1.0690033751878258,1.062859960753965
5823,1.0717424412461072,1.069017745373595,1.0656648766691865
5824,1.0717424412461072,1.0691834282355783,1.0614321668064504
5825,1.0717424412461072,1.0694511865970644,1.064092738006748
5826,1.0717424412461072,1.0691855108318846,1.064597675457623
5827,1.0717424412461072,1.0691157438175944,1.0647889271024615
5828,1.0717424412461072,1.069654600351768,1.065397468417801
5829,1.0717424412461072,1.0700687190013656,1.0665914767841251
5830,1.0717424412461072,1.070138580138143,1.0632246500972014
5831,1.0717424412461072,1.0699417078501305,1.062412230511622
5832,1.0717424412461072,1.0696164495431693,1.0637131108116984
5833,1.0717424412461072,1.0695348095597565,1.0637983675800313
5834,1.0717424412461072,1.0698491946542854,1.0648129646232527
5835,1.0717424412461072,1.069386085800029,1.063403218701493
5836,1.0717424412461072,1.0682820807378781,1.0537581070179929
5837,1.0717424412461072,1.0682536043868323,1.057494820046207
5838,1.0717424412461072,1.0687119996798875,1.0604481571441933
5839,1.0717424412461072,1.068964805074951,1.0628781032413177
5840,1.0717424412461072,1.0692227483801822,1.0623164491779407
5841,1.0717424412461072,1.0689713727879544,1.0610474289978542
5842,1.0717424412461072,1.0691313742989539,1.0559621419934928
5843,1.0717424412461072,1.069171759846303,1.0635465483034603
5844,1.0717424412461072,1.0691016737508177,1.0625394695845376
5845,1.0717424412461072,1.0694404152023855,1.062833348689908
5846,1.0717424412461072,1.0691504449732003,1.0560549630125688
5847,1.0717424412461072,1.0690306552613285,1.062332048676093
5848,1.0717424412461072,1.0687417617951338,1.0596139999075982
5849,1.0717424412461072,1.068892616666168,1.0590817412071054
5850,1.0717424412461072,1.0687162739356826,1.0620370150749816
5851,1.0717424412461072,1.0689647231744792,1.060412425670784
5852,1.0717424412461072,1.0686976989751031,1.0611661110968706
5853,1.0717424412461072,1.0688887702771226,1.061742587629872
5854,1.0717424412461072,1.069058516604134,1.0629594931169688
5855,1.0717424412461072,1.0685986462535253,1.0439866108187772
5856,1.0717424412461072,1.0685937563677927,1.0528313981993644
5857,1.0717424412461072,1.0682587936736119,1.060492522334779
5858,1.0717424412461072,1.068481238329113,1.058242060577621
5859,1.0717424412461072,1.0688794986353687,1.0606741691472894
5860,1.0717424412461072,1.0692946058465536,1.062960059956398
5861,1.0717424412461072,1.0695352633210145,1.0651504633045041
5862,1.0717424412461072,1.069484633939469,1.0612557882663776
5863,1.0717424412461072,1.0688473022311769,1.0550644238764475
5864,1.0717424412461072,1.0689993016056656,1.060789152345111
5865,1.0717424412461072,1.0698368268686398,1.0660160939047316
5866,1.0717424412461072,1.0699790711324217,1.0642484701606225
5867,1.0717424412461072,1.0696601106597075,1.0560243343339368
5868,1.0717424412461072,1.069230534314216,1.0636334409966528
5869,1.0717424412461072,1.0697062015683458,1.0647376073462382
5870,1.0717424412461072,1.0692574237212755,1.0640536116034807
5871,1.0717424412461072,1.0688506501966715,1.0535748092071753
5872,1.0717424412461072,1.0684669879545015,1.050023449375225
5873,1.0717424412461072,1.068709461170626,1.0590796153988016
5874,1.0717424412461072,1.0690553903984459,1.0519075450308366
5875,1.0717424412461072,1.0685953410606808,1.0601793470928937
5876,1.0717424412461072,1.0687186389419054,1.0628691183842476
5877,1.0717424412461072,1.069190538837798,1.061383256203065
5878,1.0717424412461072,1.069339485045081,1.0650098643740513
5879,1.0717424412461072,1.0698520561781177,1.065199011347556
5880,1.0717424412461072,1.069703197662939,1.0640931431371925
5881,1.0717424412461072,1.0695635050973826,1.060923487679816
5882,1.0717424412461072,1.0692002144602506,1.0595689871802225
5883,1.0717424412461072,1.0690300643074564,1.0496207324540232
5884,1.0717424412461072,1.0688978920898955,1.052214987970625
5885,1.0717424412461072,1.0683818425475757,1.0561356119187115
5886,1.0717424412461072,1.0693048619150896,1.0633515409246146
5887,1.0717424412461072,1.069395903663575,1.062488801855413
5888,1.0717424412461072,1.0694243311530816,1.064557486988123
5889,1.0717424412461072,1.0693878526500777,1.0650133722303916
5890,1.0717424412461072,1.0697704385597435,1.0657785404561722
5891,1.0717424412461072,1.0696453370854018,1.064506001531817
5892,1.0717424412461072,1.0694714138549017,1.0606305010471995
5893,1.0717424412461072,1.0692825124485574,1.0632664859703502
5894,1.0717424412461072,1.0693841813011522,1.0661027128829197
5895,1.0717424412461072,1.0695412099577852,1.0645469135813734
5896,1.0717424412461072,1.0688062187684335,1.0554216749339216
5897,1.0717424412461072,1.0693783467097597,1.062866182663206
5898,1.0717424412461072,1.0693656560089702,1.0646679523870899
5899,1.0717424412461072,1.069723640633618,1.060454315677132
5900,1.0717424412461072,1.069572440963131,1.0576742645288855
5901,1.0717424412461072,1.0696373242658725,1.0582304884112812
5902,1.0717424412461072,1.0698135323435918,1.0599651846467129
5903,1.0717424412461072,1.0699365536836263,1.0656421388391948
5904,1.0717424412461072,1.070060116050315,1.0651941551941486
5905,1.0717424412461072,1.0699407330235604,1.0660550378693996
5906,1.0717424412461072,1.070237117322502,1.0664473089599382
5907,1.0717424412461072,1.0701112181285621,1.0653451807101295
5908,1.0717424412461072,1.0701461882184358,1.067164648151379
5909,1.0717424412461072,1.070107580685637,1.0654986330621972
5910,1.0717424412461072,1.0704041501776154,1.066792871713636
5911,1.0717424412461072,1.070334334435929,1.0621122795680995
5912,1.0717424412461072,1.0702734382274024,1.0652295000858825
5913,1.0717424412461072,1.070169441286303,1.0594277422334288
5914,1.0717424412461072,1.069719518573757,1.0633227015305342
5915,1.0717424412461072,1.070033364963317,1.0654858440355024
5916,1.0717424412461072,1.070048174053233,1.064805901318422
5917,1.0717424412461072,1.0703451448224932,1.0647279882239389
5918,1.0717424412461072,1.0702648770105931,1.0583916504441406
5919,1.0717424412461072,1.0698157275237792,1.0623252530210103
5920,1.0717424412461072,1.0697827977148784,1.0608739190858465
5921,1.0717424412461072,1.069750110033403,1.0637018338438327
5922,1.0717424412461072,1.0694776454687365,1.0639983020596444
5923,1.0717424412461072,1.0697785709466625,1.0639410738031954
5924,1.0717424412461072,1.069798818071262,1.0661006184982793
5925,1.0717424412461072,1.0698983495755756,1.0665451203353018
5926,1.0717424412461072,1.0696739068843395,1.0618591073375274
5927,1.0717424412461072,1.0691555045095513,1.0615112559556783
5928,1.0717424412461072,1.0681298336794396,1.0494555838875401
5929,1.0717424412461072,1.0681017458651447,1.0615897463311237
5930,1.0717424412461072,1.0687060546573384,1.0619921987475058
5931,1.0717424412461072,1.0689576573638915,1.0642332252455522
5932,1.0717424412461072,1.0691941162229472,1.0641761367813398
5933,1.0717424412461072,1.0692602104671973,1.0608505143483997
5934,1.0717424412461072,1.0693287525022401,1.0636198632063567
5935,1.0717424412461072,1.0689148573139233,1.0616826576670089
5936,1.0717424412461072,1.0687064529108026,1.0612006912281728
5937,1.0717424412461072,1.0691269457812744,1.0617401654204168
5938,1.0717424412461072,1.0690125958957695,1.0634439366971333
5939,1.0717424412461072,1.0687329381997355,1.0542987751737392
5940,1.0717424412461072,1.0688419689139614,1.0639367890776785
5941,1.0717424412461072,1.0685425479275728,1.0622832310016639
5942,1.0717424412461072,1.0686506472966812,1.0645458937587067
5943,1.0717424412461072,1.0685508639258194,1.0630122046416624
5944,1.0717424412461072,1.0686026777061088,1.063297943522384
5945,1.0717424412461072,1.0688477066817008,1.062665350122623
5946,1.0717424412461072,1.0688784521922434,1.0599035575764155
5947,1.0717424412461072,1.0690747677130552,1.0594933926642882
5948,1.0717424412461072,1.0691406386810738,1.0607524035909113
5949,1.0717424412461072,1.0694029200287765,1.061254081810691
5950,1.0717424412461072,1.06976206685309,1.0645214002930063
5951,1.0717424412461072,1.0697613960891696,1.0657195249108034
5952,1.0717424412461072,1.0692870184714887,1.066010889196578
5953,1.0717424412461072,1.0700196725439053,1.067244105423329
5954,1.0717424412461072,1.0699676033603922,1.0615260688852035
5955,1.0717424412461072,1.069833801693643,1.0624029788188805
5956,1.0717424412461072,1.069727581538477,1.062572833970855
5957,1.0717424412461072,1.0697647915557513,1.063559197600141
5958,1.0717424412461072,1.069262062830238,1.0592420108335143
5959,1.0717424412461072,1.069697241974743,1.061853809015226
5960,1.0717424412461072,1.0697177700906997,1.066209411400628
5961,1.0717424412461072,1.0695601737789353,1.061033337375115
5962,1.0717424412461072,1.069701378940923,1.0654607466971207
5963,1.0717424412461072,1.0694026753386137,1.0607642451931654
5964,1.0717424412461072,1.0691863625738296,1.0642928216612002
5965,1.0717424412461072,1.0690886269185333,1.0530629053380747
5966,1.0717424412461072,1.0685963562788572,1.0616998512747768
5967,1.0717424412461072,1.068723258386955,1.0618211716403074
5968,1.0717424412461072,1.0687257577176785,1.0592467050394492
5969,1.0717424412461072,1.0689084608013864,1.0635469380783786
5970,1.0717424412461072,1.0692605587827457,1.0641437846047916
5971,1.0717424412461072,1.0697734650712427,1.0622431498404303
5972,1.0717424412461072,1.0697299580654072,1.063915489004706
5973,1.0717424412461072,1.0695746637879457,1.0639967467247262
5974,1.0717424412461072,1.0692095749107198,1.0624258762610335
5975,1.0717424412461072,1.06927956241553,1.0602949787806102
5976,1.0717424412461072,1.0696910143399425,1.064364306655588
5977,1.0717424412461072,1.0698168167844635,1.0644416726933579
5978,1.0717424412461072,1.069832482865699,1.061894492045291
5979,1.0717424412461072,1.0697578112394481,1.0656432186948415
5980,1.0717424412461072,1.0696939935139604,1.0649732396145093
5981,1.0717424412461072,1.0696764799646765,1.062508604601529
5982,1.0717424412461072,1.0699172706125186,1.0645633614392798
5983,1.0717424412461072,1.0697927004247263,1.0636469189933788
5984,1.0717424412461072,1.0703615972608247,1.0648375600877793
5985,1.0717424412461072,1.0701535997705318,1.0646686886917416
5986,1.0717424412461072,1.0698898374222687,1.0594028808383535
5987,1.0717424412461072,1.0696786874470379,1.0663993994196395
5988,1.0717424412461072,1.0698249467650567,1.0661861156661319
5989,1.0717424412461072,1.069551014730199,1.0643238606490653
5990,1.0717424412461072,1.0691600001789008,1.0397525222130846
5991,1.0717424412461072,1.0690995805466823,1.0635054226634721
5992,1.0717424412461072,1.0692593992413386,1.0541942369449089
5993,1.0717424412461072,1.0693612058826636,1.065514510148241
5994,1.0717424412461072,1.0697338225211073,1.065918332596029
5995,1.0717424412461072,1.0695077246936113,1.0654178733911357
5996,1.0717424412461072,1.0694151779003582,1.0610771401970829
5997,1.0717424412461072,1.069562014822612,1.0640606439322442
5998,1.0717424412461072,1.069708525775989,1.062031448717433
5999,1.0717424412461072,1.069849256234441,1.0657485684161387
6000,1.0717424412461072,1.069957741283721,1.0648776381562295
