generation,fitness,chromosome
0,1.000685738687681,"1,1,5,3,5,3,0,3,1,3,2,4,3,4,3,0,3,2,4,3,4,5,5,1,0,4,5,3,4,4,2,0,4,3,0,1,0,5,0,5,4,2,5,4,1,1,3,3,5,1,4,3,0,2,2,3,2,3,0,4,0,0,2,5,2,2,3,5,0,3,4,3,4,2,0,0,4,0,1,0,2,2,5,3,1,1,2,4,5,4,0,5,3,0,0,2,4,5,1,0,5,2,5,1,1,1,0,5,1,5,5,2,5,1,4,2,0,2,4,4,4,1,5,0,4,5,5,1,1,4,4,2,5,1,5,4,2,3,5,4,2,2,4,0,4,3,2,4,2,1,3,2,4,1,2,2,2,2,0,1,2,0,4,5,5,1,4,1,1,0,1,2,3,5,3,2,4,2,4,5,1,4,5,0,1,0,1,5,0,0,1,0,5,1,2,2,3,3,4,1,0,2,2,1,3,3,2,2,1,5,5,4,1,3,4,3,4,0,2,5,1,3,4,0,1,1,4,3,1,3,2,0,2,1,2,5,2,1,1,2,0,4,1,3,5,3,4,3,3,1,4,3,3,5,1,3,2,0,2,4,0,5,5,3,2,5,5,3,3,1,0,0,5,5,1,1,5,3"
1,1.0026969214985955,"1,1,5,3,5,3,0,0,1,3,2,4,3,4,3,0,1,4,5,1,3,2,2,3,5,0,0,5,0,5,3,1,0,5,5,1,1,2,2,1,4,4,5,2,4,5,4,0,0,0,4,3,1,2,3,5,4,5,2,0,0,3,3,3,4,0,2,0,0,3,1,0,5,4,5,4,4,5,5,2,2,4,0,2,5,1,2,4,4,2,2,2,5,4,2,4,1,4,2,4,1,5,4,0,0,0,2,2,1,3,2,3,0,1,2,0,4,2,4,1,4,0,5,2,0,1,3,3,4,3,3,2,2,5,3,2,0,4,2,2,0,0,1,4,2,3,0,1,0,2,0,5,2,0,3,4,3,3,5,4,1,1,2,2,3,0,2,4,2,3,5,5,1,5,0,4,3,2,2,0,3,0,1,3,0,3,3,2,3,3,4,4,2,2,1,3,4,0,1,4,5,1,5,0,0,5,0,1,4,4,0,4,1,0,3,0,1,5,4,5,5,3,1,0,5,4,1,3,0,1,2,5,0,2,1,5,2,4,5,5,5,0,3,4,3,1,0,3,2,4,3,5,5,4,5,4,3,3,4,1,5,3,3,5,5,5,1,0,4,1,1,2,5,4,4,2,2,4"
2,1.0019021370511314,"1,1,5,3,5,3,0,0,1,3,2,4,3,4,5,0,1,1,5,1,3,2,2,2,5,0,0,5,0,5,3,1,0,5,5,1,1,2,2,1,4,4,5,2,4,5,4,0,0,0,4,3,1,2,3,5,4,5,0,0,0,3,3,3,4,0,2,0,0,3,2,0,5,4,5,3,4,5,4,2,2,4,0,5,5,1,2,4,4,2,2,2,5,4,3,4,1,4,2,4,1,5,4,0,0,0,2,2,1,3,4,3,0,1,2,0,4,2,4,1,5,0,5,2,0,1,3,0,4,3,3,2,2,5,3,2,0,4,2,2,0,2,1,4,2,2,0,1,0,2,0,5,2,0,3,4,4,2,5,4,1,1,2,2,3,0,2,4,2,3,5,5,1,5,0,4,3,2,2,0,3,0,1,3,0,3,3,2,3,3,4,4,2,2,1,3,4,0,1,4,5,1,5,0,0,5,0,1,4,4,0,4,1,0,3,0,1,5,4,5,5,3,1,0,5,4,1,3,0,1,2,5,0,2,1,5,2,4,5,3,5,0,3,4,3,1,0,3,5,4,3,5,5,2,5,4,3,3,4,1,2,5,3,5,3,5,1,0,4,1,1,2,5,3,4,0,2,4"
3,1.0040402361170724,"1,1,5,3,5,3,0,0,1,3,2,4,3,4,5,0,1,1,5,1,3,2,2,2,5,0,0,5,0,5,3,1,0,5,5,1,1,3,2,1,4,4,5,2,4,5,4,0,0,4,4,2,2,2,2,5,4,0,2,0,0,3,3,3,4,0,2,2,4,3,1,0,5,4,5,4,4,5,5,3,2,4,0,3,1,1,2,4,4,2,2,2,5,4,2,4,3,4,4,2,1,5,2,0,0,0,2,2,5,3,2,3,5,5,2,1,4,2,4,3,2,0,5,2,0,1,3,0,4,0,0,2,4,5,3,4,3,3,2,2,0,0,3,2,2,3,0,1,0,2,0,0,2,2,3,4,0,3,5,4,4,1,5,2,3,3,2,4,2,0,5,5,1,5,0,4,3,2,3,0,3,0,4,5,0,3,5,2,2,3,4,4,2,2,1,3,4,1,1,4,5,3,5,0,0,5,0,1,4,0,4,0,1,5,3,0,5,5,4,5,5,1,0,2,3,2,1,3,0,1,2,5,0,2,1,5,2,1,5,4,2,3,0,3,0,0,2,2,3,2,1,3,4,5,4,2,0,5,3,2,4,2,5,2,2,3,3,1,2,2,1,4,2,4,1,0,5,4"
4,1.0036183950862,"1,1,5,3,5,3,0,0,1,3,2,4,3,4,5,0,1,1,2,1,3,2,2,2,5,0,0,5,0,5,3,1,0,5,5,1,1,3,2,1,1,4,5,2,4,5,4,0,0,4,4,2,2,2,2,0,4,0,2,0,0,3,3,3,4,0,2,2,4,3,1,0,5,4,5,4,4,5,5,3,2,4,0,3,1,1,2,4,4,2,2,2,5,4,2,4,1,4,1,4,1,5,4,0,0,0,0,2,1,3,2,3,0,1,0,0,4,2,4,1,4,0,5,2,0,1,3,3,4,1,3,2,2,5,3,2,0,4,2,2,0,0,1,1,2,3,0,1,0,2,0,5,2,0,3,4,3,3,5,4,1,1,2,2,5,1,1,2,2,5,2,0,3,1,4,3,2,3,2,4,2,1,4,1,0,5,3,0,1,2,5,2,2,5,1,3,3,4,4,2,1,1,3,5,3,3,5,3,2,4,3,3,2,2,5,4,5,3,5,0,1,5,5,5,5,2,1,2,5,0,3,5,4,1,2,2,2,5,5,4,2,3,5,3,0,0,2,2,3,2,1,3,4,5,4,2,0,5,3,2,4,2,5,2,2,3,3,1,2,2,1,4,2,4,1,0,5,4"
5,1.0060025242605728,"1,1,5,3,5,3,0,0,1,3,2,4,3,4,5,0,1,1,2,1,3,2,2,2,5,0,0,3,0,5,3,1,0,5,5,1,1,3,2,1,1,4,5,2,4,5,4,0,0,4,4,2,2,2,2,0,4,0,2,0,0,3,3,3,4,0,2,2,4,3,1,0,5,4,5,4,4,5,5,4,2,4,0,2,5,1,2,4,4,2,2,4,5,4,2,2,1,4,2,4,1,5,4,0,0,0,2,2,4,3,5,3,0,1,2,0,4,2,4,1,0,0,5,2,1,1,3,3,4,3,3,2,2,5,3,2,0,4,2,2,0,0,1,4,2,3,0,4,5,2,0,5,2,0,3,4,3,3,5,4,1,1,2,2,3,0,2,4,2,3,5,5,1,5,0,4,3,2,2,0,3,0,1,3,0,3,3,2,3,3,4,4,4,2,1,3,3,0,1,4,5,1,5,0,0,5,0,1,4,4,0,4,1,0,3,0,1,5,4,5,5,3,1,0,5,4,3,3,0,1,2,2,0,2,2,2,2,2,5,4,2,3,0,3,0,0,2,2,4,2,1,0,4,5,4,2,0,5,3,2,3,2,4,4,2,3,3,4,2,2,1,4,2,4,1,0,5,4"
6,1.00718824368471,"1,1,5,3,5,3,0,0,1,3,2,4,3,4,5,0,1,1,2,1,3,2,2,2,5,0,0,3,0,5,3,1,0,5,5,1,1,3,2,1,1,4,5,2,4,5,4,0,0,4,4,2,2,2,2,0,4,0,2,0,0,3,3,3,4,0,2,2,4,3,1,0,5,4,5,4,2,5,5,2,2,4,0,3,1,1,2,5,4,2,2,2,5,4,2,4,3,4,4,2,1,5,2,0,0,0,2,2,5,3,2,3,5,5,2,5,4,2,4,3,2,0,5,2,0,1,3,0,4,0,0,2,4,5,3,4,3,3,2,2,2,0,3,2,2,3,0,1,0,2,4,5,2,2,3,4,0,3,5,4,4,1,1,2,3,3,2,0,2,1,5,5,1,5,0,4,3,2,3,0,3,0,4,5,0,3,5,2,2,3,2,4,2,2,4,3,4,1,1,4,5,1,5,0,0,5,0,1,4,4,0,4,1,0,3,0,1,5,4,5,5,3,1,0,5,4,3,3,0,1,2,5,0,2,2,2,2,2,5,4,2,3,0,3,0,0,2,2,4,2,1,0,4,5,4,2,0,5,3,2,4,2,5,4,2,3,3,1,2,2,2,4,2,4,1,0,5,4"
7,1.006361567007986,"1,1,5,3,5,3,0,0,1,3,2,4,3,4,5,1,1,1,2,1,3,2,2,2,5,0,0,3,0,5,3,1,0,5,5,1,1,3,2,1,1,1,5,2,4,5,4,0,0,4,4,2,2,2,2,0,4,0,2,0,0,3,3,3,4,0,2,2,4,3,1,0,5,4,5,4,2,5,5,2,2,4,0,3,1,1,2,5,4,2,2,2,5,4,2,4,3,4,4,2,1,5,2,0,0,0,2,2,5,3,2,3,5,5,2,5,4,2,4,3,2,0,5,2,0,1,3,0,4,0,0,2,4,5,3,4,3,3,2,2,2,0,3,2,2,3,0,1,0,2,4,5,2,2,3,4,0,3,5,4,4,1,1,2,3,3,2,0,2,1,5,5,1,5,0,4,3,2,3,0,3,0,4,5,0,3,3,2,3,3,4,4,4,2,1,3,3,0,1,4,5,1,5,0,0,5,0,1,4,4,0,4,1,0,3,0,0,5,4,5,5,3,1,0,5,4,3,3,0,1,2,5,0,2,2,2,2,2,5,4,2,3,0,3,0,0,2,2,4,2,1,0,4,5,4,2,0,5,3,2,4,2,5,4,2,3,3,1,2,2,1,4,2,4,1,0,5,4"
8,1.007512159300843,"1,1,5,3,5,3,0,0,1,3,2,4,3,4,5,1,1,1,2,2,3,2,2,2,5,0,0,3,0,5,3,1,0,5,5,1,1,3,2,1,1,1,5,2,4,5,4,0,0,4,4,2,2,2,2,0,4,0,2,0,0,3,3,3,4,0,2,2,4,3,1,0,5,4,5,4,2,5,5,2,2,4,0,3,1,1,2,5,4,2,2,2,5,4,2,4,3,4,4,2,1,5,2,0,0,0,2,2,5,3,2,3,5,5,2,5,4,2,4,3,2,0,5,2,0,1,3,0,4,0,0,2,4,5,3,4,3,3,2,2,2,0,3,2,2,3,0,1,0,2,4,5,2,2,3,4,0,3,5,4,4,1,1,2,3,3,2,0,2,1,5,5,1,5,0,4,3,2,3,0,3,0,4,5,0,3,3,2,3,3,4,1,2,2,4,3,4,1,1,4,5,1,5,0,0,5,0,1,4,4,0,4,1,0,3,0,1,5,4,5,5,3,1,0,5,4,3,0,0,1,2,5,0,2,2,2,2,2,5,4,2,3,0,3,0,2,2,2,4,2,1,0,4,5,4,2,0,5,3,2,4,2,5,4,2,3,3,3,2,2,2,4,2,4,1,0,5,4"
9,1.0087720706497518,"1,1,5,3,5,3,3,0,1,3,2,4,3,4,5,1,1,1,2,2,3,2,2,2,5,0,0,3,0,5,3,1,0,5,5,1,1,3,2,1,1,1,5,2,4,5,4,0,0,4,4,2,2,2,2,0,4,0,2,0,0,3,3,5,4,0,2,2,4,3,1,0,5,4,5,4,2,5,5,2,2,4,0,3,1,1,2,5,4,2,2,2,5,4,2,4,2,4,4,2,1,0,2,0,0,0,2,2,2,3,2,1,5,5,2,5,4,2,4,3,2,0,5,2,0,1,3,0,5,2,0,2,4,3,3,4,3,3,2,2,2,3,3,2,2,3,0,1,0,2,1,5,2,2,3,4,0,3,5,4,4,1,1,2,3,3,2,0,2,1,5,5,1,5,0,2,3,2,3,3,3,0,4,5,0,1,5,3,2,3,2,4,2,2,4,3,4,3,1,4,5,1,5,0,0,5,1,1,4,4,0,4,1,1,3,0,1,5,4,1,5,3,4,0,2,4,3,1,2,1,2,2,0,2,0,2,2,2,5,4,2,3,0,3,0,5,2,2,4,2,4,0,4,5,4,2,0,5,3,2,3,2,4,4,2,2,3,4,2,4,1,3,2,4,1,0,5,4"
10,1.0090569646160512,"1,1,5,3,5,3,3,0,1,3,2,4,3,4,5,1,1,1,2,2,3,2,2,2,5,0,0,3,0,5,3,1,0,5,5,1,1,3,2,1,1,1,5,2,4,5,4,0,0,4,4,2,2,2,2,0,4,0,2,0,0,3,3,5,4,0,2,2,4,3,1,0,5,2,5,4,2,5,5,2,2,4,0,3,1,1,2,5,4,2,2,2,5,4,2,4,2,4,4,2,1,0,2,4,0,0,2,2,2,3,2,1,0,5,2,5,0,2,4,3,2,0,5,2,0,1,3,0,5,2,0,2,4,3,3,4,3,3,2,2,2,0,3,2,2,3,0,1,0,2,4,5,2,2,3,4,4,3,5,4,4,1,1,2,3,3,2,0,2,1,5,5,1,5,0,4,3,2,3,0,3,0,4,5,0,3,3,2,3,3,4,1,2,2,4,3,4,1,1,4,5,1,5,0,0,2,0,1,4,4,0,4,1,0,3,0,1,5,4,4,4,3,1,0,5,0,3,0,0,1,2,5,0,2,2,2,2,2,5,4,2,3,0,3,0,2,2,2,4,2,1,0,4,5,4,2,0,5,3,2,4,2,5,4,2,3,3,3,2,2,2,4,2,4,1,0,5,4"
11,1.0105543516012463,"1,1,5,3,5,3,3,0,1,3,2,4,3,4,5,1,1,1,2,2,3,2,2,2,5,2,0,3,0,4,3,1,0,5,3,1,1,2,2,1,1,1,5,2,4,5,4,0,0,4,4,2,2,2,2,0,4,0,2,0,0,3,3,5,4,0,4,2,4,3,1,0,5,4,5,4,2,5,5,2,2,4,0,3,1,1,2,5,4,2,2,2,5,4,4,4,2,4,4,2,1,0,2,2,0,0,2,2,2,3,2,1,5,5,2,2,4,2,4,5,2,0,5,2,0,1,3,0,5,2,0,2,2,3,3,4,3,3,2,2,2,2,0,2,2,3,0,1,0,2,1,5,4,2,5,4,0,3,5,4,4,0,5,2,3,5,2,0,2,1,5,5,1,5,0,2,4,2,3,3,0,2,4,5,0,2,2,2,2,3,2,4,2,2,2,3,4,5,5,4,5,1,5,0,0,0,0,1,4,0,0,5,2,0,5,2,1,5,4,1,5,3,5,0,2,3,3,3,5,1,2,4,1,3,2,2,5,2,5,5,2,3,0,3,0,2,5,2,4,2,1,0,4,1,0,2,0,5,3,3,3,5,1,4,2,3,3,4,2,2,0,4,2,2,1,0,5,4"
12,1.0132271239791608,"1,1,5,3,5,3,3,0,1,3,2,4,3,4,5,1,1,1,2,2,3,2,2,2,5,2,0,3,0,4,3,1,0,5,3,1,1,2,2,1,1,1,5,2,4,5,4,0,0,4,4,2,2,2,2,0,4,0,2,0,0,4,3,5,4,0,4,2,4,3,1,0,5,4,5,4,2,5,5,2,2,4,0,3,1,1,2,5,4,2,2,2,5,4,4,4,2,4,4,2,2,0,2,2,0,0,2,2,2,3,2,1,5,5,2,2,4,2,4,5,2,0,5,2,0,1,3,0,5,2,0,2,2,3,3,4,3,3,2,2,2,2,0,2,2,3,0,1,0,2,1,5,4,2,5,0,0,3,5,4,4,0,0,2,3,5,2,0,2,1,5,5,1,5,0,2,4,2,3,3,0,2,4,5,0,2,2,2,2,3,2,4,2,2,2,3,4,5,5,4,5,1,5,0,0,0,0,1,3,0,0,5,2,0,5,2,1,5,4,1,5,3,4,0,2,3,4,3,5,1,2,2,1,2,2,2,2,2,5,5,2,3,0,3,0,2,2,2,4,2,1,0,4,1,0,2,0,5,3,3,3,2,1,4,2,3,0,4,2,2,1,4,2,2,1,4,5,4"
13,1.0134779299838304,"1,1,5,3,5,3,3,0,1,3,2,4,3,4,5,1,1,1,2,2,3,2,2,2,5,2,0,3,0,4,3,1,0,5,4,1,1,2,2,1,1,1,5,2,1,5,4,0,0,4,4,2,2,2,2,0,4,0,2,0,0,5,3,5,4,0,4,2,4,3,1,0,5,4,5,4,2,5,5,2,2,4,0,3,1,1,2,5,4,2,2,2,5,4,4,4,2,4,4,2,5,0,2,2,0,2,2,2,2,3,2,1,5,5,2,2,4,2,4,5,2,0,5,2,0,1,3,0,5,2,0,2,2,3,3,4,3,3,2,2,2,2,0,2,2,3,0,0,0,2,1,5,4,2,5,0,0,3,5,4,4,0,0,2,3,5,2,0,2,1,5,5,1,5,0,0,4,2,5,3,2,2,4,5,0,2,2,2,2,3,2,4,2,2,2,3,4,5,5,4,5,1,1,0,0,0,0,1,3,0,0,5,2,0,5,2,1,5,4,1,5,3,4,0,5,3,4,3,5,1,2,2,1,2,2,2,2,2,5,5,2,2,0,3,0,2,2,2,4,2,1,0,4,1,0,2,0,5,5,3,3,2,1,4,2,3,0,5,2,2,1,4,2,2,1,4,5,4"
14,1.013405017348235,"1,1,5,3,5,3,3,0,1,3,2,4,3,4,5,1,1,1,2,2,3,2,2,2,5,2,0,3,0,4,3,1,0,5,4,1,1,2,2,1,1,1,5,2,1,5,4,0,0,4,4,2,2,2,2,0,4,0,2,0,0,5,3,5,4,0,4,2,4,3,1,0,5,4,5,4,2,5,5,2,2,4,0,3,1,1,2,5,4,2,2,2,5,4,4,4,2,4,4,2,5,0,2,2,0,2,2,2,2,3,2,1,5,5,2,2,4,2,4,5,2,0,5,2,0,1,3,0,5,2,0,2,2,3,3,4,3,3,2,2,2,2,0,2,2,3,0,0,0,2,1,5,4,2,5,0,0,3,5,4,4,0,0,2,3,5,2,0,2,1,5,5,1,5,0,0,2,2,5,3,2,2,4,5,0,2,2,2,2,3,2,4,2,2,2,3,4,5,5,4,5,1,1,0,0,0,0,1,3,0,0,5,2,0,5,2,1,5,4,1,5,3,4,0,5,3,4,3,5,1,2,2,1,2,2,2,2,2,5,5,2,2,0,3,0,2,2,2,4,2,1,0,4,1,0,2,0,5,5,3,3,2,1,4,2,3,0,5,2,2,1,4,2,2,1,4,1,4"
15,1.0138236462068364,"1,1,5,3,5,3,3,0,1,3,2,4,3,4,5,1,1,1,2,2,3,2,2,2,5,2,0,3,0,4,3,1,0,5,4,1,1,2,2,1,1,1,5,2,1,5,4,0,0,4,4,2,2,2,2,0,4,0,2,0,0,5,2,5,4,0,4,2,4,3,1,0,5,4,5,4,2,5,5,2,2,4,0,3,1,1,2,5,4,2,2,2,5,4,4,4,2,4,4,2,2,0,2,2,0,2,2,2,2,3,2,1,5,5,2,2,4,2,4,5,1,0,5,2,0,1,3,0,5,2,0,2,2,3,3,4,3,3,2,2,2,2,0,2,2,3,0,0,0,2,1,5,4,2,5,1,0,3,5,4,4,0,0,2,3,5,2,0,2,1,5,5,1,5,0,0,4,2,5,3,2,2,4,5,0,1,2,2,2,3,2,4,2,2,2,3,4,5,5,4,5,1,1,0,0,0,0,1,3,0,0,5,2,0,4,2,1,5,4,1,5,3,4,0,2,3,4,3,5,1,2,2,1,2,2,2,2,2,5,5,2,2,0,3,0,2,2,2,4,2,1,0,4,1,0,2,0,5,5,3,3,2,1,4,2,3,0,2,2,2,1,4,2,2,1,4,5,4"
16,1.0160367507701518,"1,1,5,3,5,3,3,0,1,3,2,4,3,4,5,1,1,1,2,2,3,2,2,2,5,2,0,3,0,4,3,1,0,5,4,1,1,2,2,1,1,1,5,2,1,5,4,0,0,4,4,2,2,2,2,0,4,0,2,0,0,5,2,5,4,0,4,2,4,3,1,0,5,4,5,4,2,5,5,2,2,4,0,3,1,1,2,5,4,2,2,2,5,4,4,4,2,4,4,2,2,0,2,2,0,2,2,2,2,3,2,1,5,5,2,2,4,2,4,5,2,0,5,2,0,1,3,0,5,2,0,2,2,3,3,4,3,3,2,2,2,2,0,2,2,3,0,0,0,2,1,5,4,1,5,0,0,3,5,4,4,0,0,2,3,5,2,0,2,1,5,5,1,5,0,0,4,2,5,3,2,2,4,5,0,2,2,2,2,3,2,4,2,2,2,3,4,5,5,4,3,1,1,0,0,0,0,1,3,3,2,3,2,0,5,2,1,5,4,1,5,3,4,0,2,3,4,3,5,1,2,2,1,2,2,2,2,2,5,5,2,2,0,3,0,2,2,2,4,2,1,0,4,1,0,2,0,5,5,3,3,2,1,4,2,3,0,2,2,2,1,4,2,2,1,4,5,4"
17,1.017091141341334,"1,1,5,3,5,3,3,0,1,3,2,4,3,4,5,1,1,1,2,2,3,2,2,2,5,2,0,3,0,2,3,1,0,5,4,1,1,2,2,1,1,1,5,2,1,5,4,0,0,4,4,2,2,2,2,0,4,0,2,0,0,5,2,5,4,0,4,2,3,3,1,0,5,4,5,4,2,5,5,2,2,4,0,2,1,1,2,5,4,2,2,2,5,4,4,4,2,4,4,2,2,0,2,2,0,2,2,2,2,3,2,1,3,5,2,2,4,2,4,5,2,0,5,2,0,1,3,0,5,2,0,2,2,3,3,4,3,3,2,2,2,2,0,2,2,3,0,0,0,2,1,5,4,1,5,0,0,3,5,4,4,0,0,2,3,5,2,0,2,1,5,5,1,5,0,0,4,2,5,3,2,2,4,5,0,2,2,2,2,3,2,4,2,2,2,3,4,5,5,4,3,1,1,0,0,0,0,1,3,3,2,3,2,0,5,2,1,5,4,0,5,3,3,0,2,3,4,3,5,1,2,2,1,2,2,2,2,2,5,5,2,2,0,3,0,2,2,2,4,2,1,0,4,1,0,2,0,5,5,3,3,2,1,4,2,3,0,2,2,2,1,4,2,2,1,4,5,4"
18,1.0180440655572252,"1,1,5,3,5,3,3,0,1,3,3,4,3,4,5,1,1,1,2,2,3,2,2,2,2,2,0,3,0,2,3,1,0,5,4,1,1,2,2,1,1,1,5,2,1,5,4,0,0,4,4,2,2,2,2,0,4,0,2,0,0,5,2,5,4,0,4,2,3,5,1,0,5,4,5,4,2,5,5,2,2,4,0,2,1,1,2,5,4,2,2,2,5,4,4,4,2,4,4,2,2,0,2,2,0,2,2,2,2,3,2,1,3,5,2,2,4,2,4,5,2,0,5,2,0,1,3,0,5,2,0,2,2,3,3,4,3,3,2,2,2,2,0,2,2,3,0,0,0,2,1,5,4,1,5,0,0,3,5,4,4,0,0,2,3,5,2,0,2,1,5,5,1,5,0,0,4,2,5,3,2,2,4,5,0,2,2,2,2,3,2,4,2,2,2,3,4,5,5,4,2,1,1,0,0,0,0,1,3,3,2,3,2,0,5,2,1,5,4,0,5,3,3,0,2,3,4,3,5,1,2,2,1,2,2,2,2,2,5,5,2,2,0,3,0,2,2,2,4,2,1,0,4,1,0,2,0,5,5,3,3,2,1,4,2,3,0,2,2,2,1,4,2,2,1,4,5,4"
19,1.0180327914215517,"1,1,5,3,5,3,3,0,1,3,3,4,3,4,5,1,1,1,2,2,3,2,2,2,2,2,0,3,0,2,3,1,0,5,4,1,1,2,2,1,1,1,5,2,1,5,4,0,0,4,4,2,2,2,2,0,4,0,2,0,0,5,2,5,4,0,4,2,3,5,1,0,5,4,5,4,2,5,5,2,2,4,0,2,1,1,2,5,4,2,2,2,5,4,4,4,2,4,4,2,2,0,2,2,0,2,2,2,2,3,2,1,3,5,2,2,4,2,4,5,2,0,5,2,0,1,3,0,5,2,0,2,2,3,3,4,3,3,2,2,2,2,0,2,2,3,0,0,0,2,1,5,4,1,5,0,0,3,1,4,4,0,0,2,3,5,2,0,2,1,5,5,1,5,0,0,4,2,5,3,2,2,4,5,0,2,2,2,2,3,2,4,2,2,2,3,4,5,5,4,5,1,1,0,0,0,0,1,3,3,0,3,2,0,5,2,1,5,4,0,5,3,3,0,2,3,4,3,5,1,4,2,1,2,2,2,2,2,5,5,2,2,0,3,0,2,2,2,4,2,1,0,4,1,0,2,0,5,5,3,3,2,1,2,2,3,0,2,2,2,0,4,2,2,1,4,5,4"
20,1.018310335843412,"1,1,5,3,5,3,3,0,1,3,3,4,3,4,5,1,1,1,2,2,3,2,2,2,2,2,0,3,0,2,3,1,0,5,4,1,1,2,2,1,1,1,5,2,1,5,4,0,0,4,4,2,2,2,2,0,4,0,2,0,0,5,2,5,4,0,4,2,3,5,1,0,5,4,5,4,2,5,5,2,2,4,0,2,1,1,2,5,4,2,2,2,5,4,4,4,2,4,4,2,2,0,2,2,0,2,2,2,2,3,2,1,3,5,2,2,4,2,4,5,2,0,5,2,0,1,3,0,5,2,0,2,2,3,3,4,3,3,2,2,2,2,0,2,2,3,0,0,0,2,1,5,4,1,5,0,0,3,1,4,4,0,0,2,3,5,2,0,2,1,5,5,1,5,0,0,4,2,5,3,2,2,4,5,0,2,2,2,2,3,2,4,2,2,2,3,4,5,5,4,3,1,1,0,0,0,0,1,3,3,2,3,2,0,5,2,3,5,4,0,5,3,3,0,2,0,4,3,5,1,2,2,1,2,2,2,2,2,5,1,2,2,0,3,0,2,2,2,4,2,1,0,4,1,0,2,0,5,5,3,3,2,1,4,2,3,0,2,2,2,1,4,2,2,1,4,5,4"
21,1.0202115519149417,"1,1,5,3,5,3,3,0,1,3,3,4,3,4,5,1,1,1,2,2,3,2,2,2,2,2,0,3,0,2,3,1,0,5,4,1,1,2,2,1,1,1,5,2,1,5,4,0,0,4,4,2,2,2,2,0,4,0,2,0,0,5,2,5,4,0,4,2,3,5,1,0,5,4,5,4,2,5,5,2,2,4,0,2,1,1,2,5,4,2,2,2,5,4,4,4,2,4,4,2,2,0,2,2,0,2,2,2,2,3,2,1,3,5,2,2,4,2,4,5,2,0,5,2,1,1,3,0,5,2,0,2,2,3,3,1,3,3,2,2,2,2,2,2,2,3,0,0,0,2,1,5,4,1,5,0,0,3,5,4,4,5,0,2,3,5,2,0,2,1,5,5,1,5,0,0,4,2,5,3,2,2,4,5,0,2,2,2,2,3,2,4,2,2,2,3,4,5,5,4,3,1,1,0,0,0,0,5,3,3,2,3,2,0,5,2,3,5,4,0,5,3,3,0,2,0,4,3,5,1,2,2,1,2,2,2,2,2,5,1,2,2,0,3,0,2,2,2,4,2,1,0,4,1,0,2,0,5,5,3,3,2,2,0,2,3,0,2,2,2,3,4,2,2,1,5,5,2"
22,1.021069646340489,"1,1,5,3,5,3,3,0,1,3,3,4,3,4,5,1,1,1,2,2,3,2,2,2,2,2,0,3,0,2,3,1,0,5,4,1,1,2,2,1,1,1,5,2,1,5,4,0,0,4,4,2,2,2,2,0,4,0,2,0,2,5,2,5,4,0,3,2,3,5,1,0,5,4,0,4,2,5,5,2,2,4,0,2,1,1,2,3,4,2,2,2,5,4,4,4,2,0,4,2,2,0,2,2,0,2,2,2,2,3,2,1,3,5,2,2,4,2,4,5,2,0,5,2,1,1,3,0,5,2,0,2,2,3,3,1,3,3,2,2,2,2,2,2,2,2,0,0,0,2,1,5,4,1,5,0,0,3,5,4,4,5,0,2,3,5,2,0,2,1,5,5,1,5,0,2,4,2,5,3,2,2,4,5,0,2,2,2,2,3,2,4,2,2,2,3,4,5,5,4,3,1,1,0,0,0,0,1,3,3,2,3,2,0,5,2,3,5,4,0,5,3,3,0,2,0,4,3,5,1,2,2,1,2,2,2,2,2,5,1,2,2,0,3,0,2,2,2,4,5,3,0,4,1,0,2,0,5,5,3,3,2,2,0,2,3,0,2,2,2,3,4,2,2,1,5,5,2"
23,1.021681682513537,"1,1,5,3,2,3,3,0,1,3,3,4,3,4,5,1,1,1,2,2,3,2,2,2,2,2,0,3,0,2,3,1,0,5,4,1,1,2,2,1,1,1,5,3,1,5,4,0,0,4,4,2,2,2,2,0,4,0,2,0,2,5,2,5,4,4,3,2,3,5,1,0,5,4,0,4,2,5,5,2,2,4,0,2,1,1,2,3,4,2,2,2,5,2,4,4,2,0,4,2,2,0,2,2,0,2,2,2,2,3,2,1,3,5,2,2,4,2,4,5,2,0,5,2,1,1,1,0,5,2,0,2,2,3,3,1,3,3,2,2,2,2,2,2,2,2,0,0,0,2,1,5,1,1,5,0,0,3,5,4,4,5,0,2,3,5,2,0,2,1,5,5,1,5,0,2,4,2,5,3,2,2,4,5,0,2,2,2,4,3,2,4,2,2,2,3,4,3,5,4,3,1,1,0,0,0,0,1,3,3,2,3,2,0,5,2,3,5,4,0,5,3,3,0,2,0,4,3,5,1,2,2,1,2,2,2,2,4,5,1,2,2,4,3,0,2,2,2,4,3,3,0,4,1,0,2,0,5,5,3,3,2,2,0,2,3,0,2,2,2,3,4,2,2,1,5,5,2"
24,1.0218101927788452,"1,1,5,3,2,3,3,0,1,3,3,4,3,4,5,1,1,1,2,2,3,2,2,2,2,2,0,3,0,2,3,1,0,5,4,1,1,2,2,1,1,1,5,3,1,5,4,0,3,4,4,2,2,2,2,0,4,0,2,0,2,5,2,5,4,4,3,2,3,5,1,0,5,4,0,4,2,5,5,2,2,4,0,2,1,1,2,3,4,2,2,2,5,2,4,4,2,0,4,2,2,0,2,2,0,2,2,2,2,3,2,1,3,5,2,2,4,2,4,5,2,0,5,2,1,1,1,0,5,2,0,2,2,3,3,1,3,3,2,2,2,2,2,3,2,2,0,0,0,2,1,5,1,1,5,0,0,3,5,4,4,5,0,2,3,5,2,0,2,1,5,5,1,5,0,2,4,2,5,3,2,2,4,5,0,2,2,2,4,3,2,4,2,2,2,3,4,3,5,4,3,1,1,0,0,0,0,1,3,3,2,3,2,0,5,2,3,5,4,0,5,3,3,0,2,0,4,3,5,1,2,2,1,2,2,2,2,4,5,1,2,2,4,3,0,2,2,2,4,3,3,0,4,1,0,2,0,5,5,3,3,2,2,0,2,3,0,2,2,2,3,4,2,2,1,5,5,2"
25,1.0218101927788452,"1,1,5,3,2,3,3,0,1,3,3,4,3,4,5,1,1,1,2,2,3,2,2,2,2,2,0,3,0,2,3,1,0,5,4,1,1,2,2,1,1,1,5,3,1,5,4,0,3,4,4,2,2,2,2,0,4,0,2,0,2,5,2,5,4,4,3,2,3,5,1,0,5,4,0,4,2,5,5,2,2,4,0,2,1,1,2,3,4,2,2,2,5,2,4,4,2,0,4,2,2,0,2,2,0,2,2,2,2,3,2,1,3,5,2,2,4,2,4,5,2,0,5,2,1,1,1,0,5,2,0,2,2,3,3,1,3,3,2,2,2,2,2,3,2,2,0,0,0,2,1,5,1,1,5,0,0,3,5,4,4,5,0,2,3,5,2,0,2,1,5,5,1,5,0,2,4,2,5,3,2,2,4,5,0,2,2,2,4,3,2,4,2,2,2,3,4,3,5,4,3,1,1,0,0,0,0,1,3,3,2,3,2,0,5,2,3,5,4,0,5,3,3,0,2,0,4,3,5,1,2,2,1,2,2,2,2,4,5,1,2,2,4,3,0,2,2,2,4,3,3,0,4,1,0,2,0,5,5,3,3,2,2,0,2,3,0,2,2,2,3,4,2,2,1,5,5,2"
26,1.0226214937584666,"1,1,5,3,5,3,3,0,1,3,3,4,3,4,5,1,3,1,2,2,3,2,2,2,2,2,0,3,0,2,3,1,0,5,4,1,1,2,2,1,1,1,5,2,1,5,4,0,0,4,4,2,2,2,2,0,4,0,2,0,2,5,2,5,4,0,4,2,3,5,1,0,5,4,0,4,2,5,5,2,2,4,3,2,1,1,2,3,4,2,2,2,5,2,4,4,2,0,4,2,2,0,2,2,0,2,2,2,2,3,2,1,3,5,2,2,4,2,4,5,2,0,5,2,1,1,1,0,5,2,0,2,2,3,3,1,3,3,2,2,2,2,2,3,2,2,0,0,0,2,1,5,1,1,5,0,0,3,5,4,4,5,0,2,3,5,2,0,2,1,5,5,1,5,0,2,4,2,5,3,2,2,4,5,0,2,2,2,4,3,2,4,2,2,2,3,4,3,5,4,3,1,1,0,0,0,0,1,3,3,2,3,2,0,5,2,3,5,4,0,5,3,3,0,2,0,4,3,5,1,2,2,1,2,2,2,2,2,5,1,2,2,0,3,0,2,2,2,4,2,4,0,4,2,0,2,0,5,5,3,3,0,2,0,2,3,0,2,2,2,3,4,2,2,1,5,5,2"
27,1.02306993900895,"1,1,5,3,0,3,3,0,1,3,3,4,3,4,5,1,3,1,2,2,3,2,2,2,2,2,0,3,0,2,3,1,0,5,4,1,1,2,2,1,1,1,5,2,1,5,4,0,0,0,4,2,2,2,2,0,4,0,2,0,2,5,2,5,4,0,4,2,3,5,1,0,5,4,0,4,2,5,5,2,2,4,0,2,1,4,2,3,4,2,2,2,5,2,4,4,2,0,4,2,2,0,2,2,0,2,2,2,2,3,2,1,3,5,2,2,4,2,4,5,2,0,5,2,1,1,1,0,5,2,0,2,2,3,3,5,3,3,2,2,2,2,2,3,2,2,0,0,0,2,1,5,1,1,5,0,3,3,5,4,4,5,0,2,3,5,2,0,2,1,5,5,1,5,0,2,4,2,5,3,2,2,4,5,0,2,2,2,4,3,2,4,2,2,2,3,3,3,5,4,3,1,1,0,0,0,0,1,3,3,2,3,2,0,5,2,3,5,4,0,5,3,3,0,2,0,4,3,5,1,2,2,1,2,2,2,2,2,1,1,2,2,0,3,0,2,2,2,4,2,4,0,4,2,0,2,0,5,5,3,3,0,2,0,2,3,0,2,2,2,3,4,2,2,1,5,5,2"
28,1.0235530179439924,"1,1,5,3,0,3,3,0,1,3,3,4,3,4,5,1,3,1,2,2,3,2,2,2,2,2,0,3,0,2,3,1,0,5,4,1,1,2,2,1,1,4,5,2,1,5,1,0,0,4,4,2,2,2,2,0,4,0,2,0,2,5,2,5,4,0,4,2,3,5,1,0,5,4,0,4,2,5,5,2,2,4,0,2,1,2,2,3,4,2,2,2,5,2,4,4,2,0,4,2,2,0,2,2,0,2,2,2,2,3,2,1,3,5,2,2,4,2,4,5,2,0,5,2,1,1,1,0,5,2,0,2,2,3,3,1,3,3,2,2,2,2,2,0,2,2,0,0,0,2,1,5,4,1,5,0,0,3,5,3,4,5,0,2,3,5,2,0,2,1,1,5,1,5,0,2,4,2,5,3,2,2,1,5,0,2,2,2,4,3,5,4,2,2,2,3,4,3,5,4,3,1,1,0,0,4,0,1,3,3,2,3,2,0,5,2,3,5,4,0,4,3,3,0,2,0,4,3,5,1,2,2,1,2,2,2,2,2,5,1,2,2,0,3,0,2,2,2,4,2,3,0,4,2,0,2,0,5,5,3,3,0,2,0,2,3,0,2,2,2,3,4,2,2,1,5,5,2"
29,1.0245992431995796,"1,1,5,3,0,3,3,0,1,3,3,4,3,4,5,1,3,1,2,2,3,2,2,2,2,2,0,3,0,2,3,1,0,5,4,1,1,2,2,1,1,4,5,2,1,5,1,0,0,4,4,2,2,2,2,0,4,0,2,0,2,5,2,5,4,0,4,2,3,5,1,0,5,4,0,4,2,5,5,2,2,4,0,2,1,2,2,3,4,2,2,2,5,2,4,4,2,0,4,2,2,0,2,2,0,2,2,2,2,3,2,1,3,5,2,2,4,2,4,5,2,0,5,2,1,1,1,0,5,2,0,2,2,3,3,1,3,3,2,2,2,2,2,3,2,2,0,0,0,2,1,5,1,1,5,5,0,3,5,4,4,5,0,2,3,5,3,0,2,1,1,5,1,5,0,2,4,2,5,3,2,2,1,5,0,2,2,2,4,3,2,4,2,2,2,3,4,3,5,4,0,1,1,0,0,0,0,1,3,3,2,3,2,0,5,1,3,5,4,0,5,3,3,3,2,0,4,3,5,1,2,2,1,2,2,2,2,2,5,4,2,2,0,3,0,2,2,2,4,2,4,0,2,2,0,2,0,5,5,3,3,0,2,0,2,5,0,2,2,2,3,4,2,2,1,5,5,2"
30,1.025150674392318,"1,1,5,3,0,3,3,0,1,3,3,4,3,4,5,1,3,1,2,2,3,2,2,2,2,2,0,3,0,2,3,1,0,5,4,1,1,2,2,1,1,4,5,2,1,5,1,0,0,4,4,2,2,2,2,0,4,0,2,0,2,5,2,5,4,0,4,2,3,5,1,2,5,4,0,4,2,5,5,2,2,3,0,2,1,2,2,3,4,2,2,2,0,2,4,4,2,0,4,2,2,0,2,2,0,2,2,2,2,3,2,1,3,5,2,2,4,2,4,5,2,0,5,2,1,1,1,0,5,2,0,2,2,3,3,1,3,3,2,2,2,2,2,3,2,2,0,0,0,2,1,5,1,1,5,5,0,3,5,4,4,5,0,2,3,5,3,0,2,1,1,5,1,5,0,2,4,2,5,3,2,2,3,5,0,2,2,2,4,3,2,4,2,2,2,3,4,3,5,4,0,1,1,0,0,0,0,1,3,3,2,3,2,0,5,1,3,5,4,0,5,3,3,3,2,0,4,3,5,1,2,2,1,2,2,2,2,2,5,4,2,2,0,3,0,2,2,2,4,2,0,0,4,2,0,2,0,5,5,3,3,0,2,0,2,3,0,2,2,2,3,4,2,2,1,5,5,2"
31,1.0257095825750122,"1,1,5,3,0,3,3,0,1,3,3,4,3,4,5,1,3,1,2,2,3,2,2,2,2,2,0,3,0,2,3,1,1,5,4,1,1,2,2,1,1,4,5,2,1,5,1,0,0,4,4,2,2,2,2,0,4,0,2,0,2,5,2,5,4,0,4,2,3,5,1,2,5,4,0,4,2,5,5,2,2,3,0,2,1,2,2,3,4,2,2,2,0,2,4,4,2,0,4,2,2,0,2,2,0,2,2,2,2,3,2,1,3,5,2,2,4,2,4,5,2,0,5,2,1,1,1,0,5,2,0,2,2,3,3,1,3,3,2,0,2,2,2,3,2,2,0,0,0,2,1,5,1,1,5,5,0,3,5,4,4,5,0,2,3,5,3,0,2,1,1,5,1,5,0,2,4,2,5,3,2,2,3,5,0,2,2,2,4,3,2,4,2,2,2,3,4,3,5,4,0,1,1,0,0,0,0,1,3,3,2,3,2,0,5,1,3,5,4,0,5,3,3,3,2,0,4,3,5,1,2,2,1,2,2,0,2,2,5,4,2,2,0,3,0,2,2,2,4,2,4,0,2,2,0,2,0,5,5,3,3,0,2,0,2,5,0,2,2,2,3,4,2,2,1,5,5,2"
32,1.0262180024805667,"1,1,5,3,0,3,3,0,1,3,3,4,3,4,5,1,3,1,2,2,3,2,2,2,2,2,0,3,0,2,3,1,1,5,1,1,1,2,2,1,1,4,5,2,1,5,1,0,0,4,4,2,2,2,2,0,4,0,2,0,2,5,2,5,4,0,4,2,3,5,1,2,5,4,0,4,2,5,5,2,2,3,0,2,1,2,2,3,4,2,2,2,0,2,4,4,2,0,4,2,2,0,2,2,0,2,2,2,2,3,2,1,3,5,2,2,4,2,4,5,2,0,5,2,1,1,1,0,5,2,0,2,2,3,3,1,3,3,2,0,2,2,2,3,2,2,0,0,0,2,1,5,1,1,5,5,0,3,5,4,4,5,0,2,3,5,3,0,2,1,1,5,1,5,0,2,4,2,5,3,2,2,3,5,0,2,2,2,4,3,2,4,2,2,2,3,4,3,5,4,0,1,1,0,0,0,0,1,3,3,2,3,2,0,5,1,3,5,4,0,5,3,3,3,2,0,4,3,5,1,2,2,1,2,2,0,2,2,5,4,2,2,0,3,0,2,2,2,4,2,4,0,2,2,0,2,0,5,5,3,3,2,2,0,2,0,0,2,2,2,3,4,2,2,1,5,5,0"
33,1.0267486856793597,"1,1,5,3,0,3,3,0,1,3,3,4,3,4,5,1,3,1,2,2,3,2,2,2,2,2,0,3,0,2,3,1,1,5,1,1,1,2,2,1,5,4,5,2,1,5,1,0,0,4,4,2,2,2,2,0,4,0,2,0,2,5,2,5,4,0,4,2,3,5,1,2,5,4,0,4,2,5,5,2,2,3,0,2,1,2,2,3,4,2,2,2,0,2,4,4,2,0,4,2,2,0,2,2,0,2,2,2,2,3,2,1,3,5,2,2,4,2,4,5,2,0,5,2,1,1,1,0,5,2,0,2,2,3,3,1,1,3,2,0,2,2,2,3,2,2,0,0,0,2,1,5,1,1,5,5,0,3,5,4,4,5,0,2,3,5,3,0,2,1,1,5,1,5,0,2,4,2,5,3,2,2,3,1,0,2,2,2,4,3,2,4,2,2,2,3,4,3,4,4,0,1,1,0,0,0,0,1,3,3,2,3,2,0,5,1,3,5,4,0,5,3,3,3,2,0,4,3,5,1,2,2,1,2,4,0,2,2,5,4,2,2,0,3,0,2,2,2,4,2,4,0,2,2,0,2,0,5,5,3,3,2,2,0,2,0,0,2,2,2,3,4,2,2,1,5,5,0"
34,1.027441074233383,"3,1,5,3,0,3,3,0,1,3,3,4,3,4,5,1,3,1,2,2,3,2,2,2,2,2,0,3,0,2,3,1,1,5,1,1,1,2,2,1,5,4,5,2,1,5,1,0,0,4,4,2,2,2,2,0,4,0,2,0,2,3,2,5,4,0,4,5,3,5,1,2,5,4,0,4,2,5,5,2,2,3,0,2,1,2,2,3,4,2,2,2,0,2,1,4,2,0,4,2,2,0,2,2,0,2,2,2,2,3,2,0,3,5,2,2,4,2,4,5,2,0,5,2,1,1,1,0,5,2,0,2,2,3,3,1,1,0,2,0,2,2,2,3,2,2,0,0,0,2,1,5,1,1,5,5,0,3,5,4,4,5,0,2,3,5,3,0,2,1,1,5,1,5,0,2,4,2,5,2,2,2,3,1,0,2,2,2,4,3,2,4,2,2,2,3,4,3,4,4,0,1,1,0,0,0,0,1,3,3,2,3,2,0,5,1,3,5,4,0,5,3,3,3,1,0,4,3,5,1,2,2,1,2,2,0,2,2,5,4,2,2,0,3,0,2,2,2,4,2,4,0,2,2,0,2,0,5,5,3,3,2,2,0,2,0,0,2,2,2,3,4,2,0,1,5,5,0"
35,1.028525444312658,"3,1,5,3,0,1,3,0,1,3,5,4,3,4,5,1,3,1,2,2,3,2,2,2,2,2,0,0,0,2,3,1,1,5,1,1,1,2,2,1,5,4,5,2,1,5,1,0,0,4,4,2,2,2,2,0,4,0,2,0,2,3,2,5,4,0,4,5,3,5,1,2,5,4,0,4,2,5,5,2,2,3,0,2,1,2,2,3,4,2,2,2,0,2,1,4,2,0,4,2,2,0,2,2,0,2,2,2,2,3,2,0,3,5,2,2,4,2,4,5,2,0,5,2,1,1,1,0,5,2,0,2,2,3,3,1,1,0,2,0,2,2,2,3,2,2,0,0,0,2,1,5,1,1,5,5,0,3,5,4,4,5,4,2,3,5,3,0,2,5,1,5,1,5,0,2,4,2,5,2,2,2,3,1,0,5,2,2,4,3,2,4,2,2,2,3,4,3,4,4,0,1,3,0,0,0,0,1,3,3,2,2,2,0,4,1,3,2,4,0,5,3,3,3,2,0,4,3,5,1,2,2,1,2,2,0,2,2,5,4,2,2,0,3,0,2,2,2,4,2,4,0,2,2,0,2,0,5,5,3,3,2,2,0,2,0,0,2,2,2,3,4,2,0,1,5,5,0"
36,1.0276842730613673,"3,1,5,3,0,1,3,0,1,3,5,4,3,4,5,1,3,1,2,2,3,2,2,2,2,2,0,0,0,2,3,1,1,5,1,1,1,2,2,1,5,4,5,2,1,5,1,0,0,4,4,2,2,2,2,0,4,0,2,0,2,3,2,5,4,0,4,2,3,5,1,2,5,4,0,4,2,5,5,2,2,3,0,2,1,2,2,1,4,2,2,2,0,2,1,4,2,0,4,2,2,0,2,2,0,2,2,2,2,3,2,0,3,5,2,2,4,2,4,5,2,0,5,2,1,1,1,0,5,2,0,2,2,3,3,1,1,0,2,0,2,2,2,3,2,2,0,0,0,2,1,5,1,1,5,5,0,3,4,4,4,5,0,2,3,5,3,0,2,1,1,5,1,5,0,2,4,2,5,3,2,2,3,1,0,2,2,2,4,3,2,4,2,2,2,3,4,3,4,4,0,1,1,0,0,0,0,1,3,3,2,3,2,0,5,1,3,5,1,0,5,3,3,3,2,0,4,3,5,1,2,2,1,2,2,0,2,2,5,4,2,4,0,3,0,2,2,2,4,2,4,0,2,2,0,2,0,5,5,3,3,2,2,3,2,0,0,2,2,2,3,4,2,2,1,5,5,0"
37,1.0283234282616398,"3,1,5,3,0,1,3,0,1,3,5,4,3,4,5,1,3,1,2,2,3,2,2,2,2,2,0,0,0,2,3,1,1,5,1,1,1,2,2,1,5,4,5,2,1,5,1,0,0,4,4,2,2,2,2,0,4,0,2,0,2,3,2,5,4,0,4,2,3,5,1,2,5,4,0,4,2,5,5,2,2,3,0,2,1,2,2,3,4,2,2,2,3,2,1,4,2,0,4,2,2,0,2,2,0,2,2,2,2,3,2,0,3,5,2,2,4,2,4,5,2,0,5,2,1,1,1,0,5,2,0,2,2,3,3,1,1,0,2,0,2,2,2,3,2,2,0,0,0,2,1,5,1,1,5,5,0,3,5,4,4,5,0,2,2,5,3,0,2,1,1,5,1,5,4,2,4,2,5,3,2,2,3,1,0,2,2,2,4,3,2,4,2,2,0,3,4,3,4,4,0,1,1,0,0,0,0,1,3,3,2,3,2,0,5,3,3,5,4,0,5,3,3,3,2,0,4,3,5,1,2,2,1,2,2,0,2,2,5,4,2,2,0,3,0,2,2,2,4,2,4,0,2,2,0,2,0,5,5,3,3,2,2,0,2,0,0,2,2,1,3,4,2,0,1,5,5,0"
38,1.0277642756133485,"3,1,5,3,0,1,3,0,1,3,5,4,3,4,5,1,3,1,2,2,3,2,2,5,2,2,0,0,0,2,3,1,1,5,1,1,1,2,2,1,5,4,5,2,1,5,1,0,0,4,4,2,2,2,2,0,4,0,2,0,2,3,2,5,4,0,4,2,3,5,1,2,5,4,0,4,2,5,5,3,2,3,0,2,1,2,2,1,4,2,2,2,0,2,1,4,2,0,4,2,2,0,2,2,0,2,2,2,2,3,2,0,3,5,2,2,4,2,4,5,2,0,5,2,1,3,1,0,5,2,0,2,2,3,3,1,1,0,2,0,2,2,2,3,2,2,0,0,0,2,1,5,1,1,5,5,0,3,4,4,4,5,0,2,3,5,3,0,2,1,1,5,1,5,0,2,4,2,5,3,2,2,3,1,0,2,2,2,4,3,2,4,2,2,2,3,4,3,4,4,0,1,1,0,0,0,0,1,3,3,2,3,2,0,5,1,3,5,4,0,3,3,3,3,2,0,4,3,5,1,2,2,1,2,2,0,2,2,5,4,2,2,0,3,0,2,2,2,4,2,4,0,2,2,0,2,0,5,5,3,3,2,2,0,2,0,3,2,2,2,3,4,2,0,1,5,5,0"
39,1.028855448176499,"3,1,5,3,0,1,3,0,1,3,5,4,3,4,5,1,3,1,2,2,3,2,2,0,2,2,0,0,0,2,3,1,1,5,1,1,1,2,2,1,5,4,5,2,1,5,1,0,0,4,4,2,2,2,2,0,4,0,2,0,2,3,2,2,4,0,4,2,3,5,1,4,5,4,0,4,2,5,5,2,2,3,0,2,1,2,2,3,4,2,2,2,0,2,1,4,2,0,4,2,2,0,2,2,0,2,2,2,2,3,2,0,3,5,2,2,4,2,4,5,2,0,5,2,1,1,1,0,5,2,0,2,2,3,3,1,1,0,2,0,2,2,2,3,2,2,0,0,0,2,1,5,1,1,5,5,5,3,5,4,4,5,0,2,2,5,3,0,2,1,1,5,1,5,4,2,4,2,5,3,2,2,3,1,0,2,2,2,4,3,2,4,2,2,0,5,4,3,4,4,0,1,1,0,0,0,0,1,3,3,2,3,2,0,5,3,0,5,4,0,5,3,3,3,2,0,4,3,5,1,2,2,1,2,2,0,2,2,5,4,2,2,0,3,0,2,2,2,4,2,4,0,2,2,0,2,0,5,5,3,3,2,2,0,2,0,0,2,2,2,3,4,2,0,1,5,5,0"
40,1.0283786071755556,"3,1,5,3,0,1,3,0,1,3,5,4,3,4,5,1,3,1,2,2,3,2,2,0,2,2,0,0,0,2,3,1,1,5,1,1,1,2,2,1,5,4,5,2,1,5,1,0,0,4,4,2,2,2,2,0,4,0,2,0,2,3,2,2,4,0,4,2,3,5,1,4,5,4,0,4,2,5,5,2,2,3,0,2,1,2,2,3,4,2,2,2,0,2,1,4,2,0,4,2,2,0,2,2,0,2,2,2,2,3,2,0,3,5,2,2,4,2,4,5,2,0,5,2,1,1,1,0,5,2,0,2,2,3,3,1,1,0,2,0,2,2,2,3,2,2,0,0,0,2,1,5,1,1,5,5,0,3,4,4,4,5,0,2,3,5,3,0,2,1,1,5,1,5,0,2,4,2,5,3,2,2,3,1,0,2,2,2,4,3,2,4,2,2,2,3,4,3,4,4,0,1,1,0,0,0,0,1,3,3,2,3,2,0,5,1,3,5,4,0,3,3,3,3,2,0,4,3,5,1,2,2,1,2,2,0,2,2,5,4,2,2,0,3,0,2,2,2,4,5,4,0,2,2,0,2,0,5,5,3,3,2,2,0,2,0,0,2,2,2,3,4,2,0,1,5,5,0"
41,1.0300679939278445,"3,1,5,3,0,1,3,0,1,3,5,4,3,4,5,1,3,1,2,2,3,2,2,2,2,2,0,0,0,2,3,1,1,5,1,1,1,2,2,1,5,4,5,2,5,5,1,0,0,4,4,2,2,2,2,0,4,0,2,0,2,3,2,2,4,2,4,2,3,5,1,2,5,4,0,4,2,5,5,2,2,3,0,2,4,2,2,3,4,2,2,2,0,2,1,4,2,0,4,2,3,0,2,2,0,2,2,2,2,3,2,0,3,5,2,2,4,2,4,5,2,0,5,2,1,1,1,4,5,2,0,2,2,3,3,1,1,0,2,0,2,2,2,3,2,2,0,0,0,2,1,5,1,1,5,5,0,3,4,4,4,5,0,2,3,5,3,0,2,1,1,5,1,5,0,2,4,2,5,3,2,2,3,1,0,2,2,2,4,3,2,4,2,2,2,3,4,3,4,4,0,1,1,0,0,5,0,1,3,3,2,3,2,0,5,3,0,5,4,0,5,3,3,3,2,0,4,3,5,1,2,2,1,2,2,0,2,2,5,4,2,2,0,3,0,2,2,2,4,2,4,0,2,2,0,2,0,4,5,3,3,2,2,0,2,0,0,2,2,2,3,4,2,0,1,5,5,0"
42,1.0310226582974396,"3,1,5,3,0,1,3,0,1,3,5,4,3,4,5,1,3,1,2,2,3,2,2,2,2,2,0,0,0,2,3,1,1,5,1,1,1,2,2,1,5,4,5,2,5,5,1,0,0,4,4,2,2,2,2,0,4,0,2,0,2,3,2,2,4,0,4,2,3,5,1,2,5,4,0,4,2,5,5,2,2,3,0,2,4,2,2,3,4,2,2,2,0,2,1,4,2,2,4,2,2,0,2,2,0,2,2,2,2,3,2,0,3,5,2,2,4,2,4,5,2,0,5,2,1,1,1,4,5,2,0,2,2,3,3,1,1,0,2,0,2,2,2,3,2,2,0,0,0,2,1,5,1,1,5,4,0,3,5,4,4,5,0,2,2,5,3,0,2,1,1,5,1,5,4,2,4,2,5,3,2,2,3,1,0,2,2,2,4,3,2,4,2,2,0,3,4,3,4,4,0,0,1,0,0,0,0,1,3,3,2,3,2,0,5,3,3,5,4,0,5,3,3,3,2,0,4,3,5,1,2,2,1,2,2,0,2,2,5,4,2,2,0,3,0,2,2,3,4,2,4,2,2,2,0,0,0,4,5,3,3,2,2,0,2,0,0,2,2,2,3,4,2,0,1,5,5,0"
43,1.0308960665012759,"3,1,5,3,0,1,3,0,1,3,5,4,3,4,5,1,3,1,2,2,3,2,2,2,2,2,0,0,0,2,3,1,1,5,1,1,1,2,2,1,5,4,5,2,5,5,1,0,0,4,4,2,2,2,2,0,4,0,2,0,2,3,2,2,4,0,4,2,3,5,1,2,5,4,0,4,2,5,5,2,2,3,0,2,4,2,2,3,4,2,4,2,0,2,1,4,2,2,4,2,2,0,2,2,0,2,2,2,2,3,2,0,3,5,2,2,4,2,4,5,2,0,5,2,1,1,1,4,5,2,0,2,2,3,3,1,1,0,2,0,2,2,2,3,2,2,0,0,0,2,1,5,1,1,5,4,0,3,5,4,4,5,0,2,2,5,3,0,2,1,1,5,1,5,4,2,4,2,5,3,2,2,3,1,0,2,2,2,4,3,2,4,2,2,0,3,4,3,4,4,0,0,1,0,0,0,0,1,3,3,2,3,2,0,5,3,3,5,4,0,5,3,3,3,2,0,4,3,5,1,2,2,1,2,2,0,2,2,5,4,2,2,0,3,0,2,2,3,4,2,4,2,2,2,0,0,0,4,5,3,3,2,2,0,2,0,0,2,2,2,3,4,2,0,1,5,5,0"
44,1.0315633051116995,"3,1,5,3,0,1,3,0,1,3,5,4,3,4,5,1,3,4,2,2,3,2,2,2,2,2,0,0,0,2,3,1,1,5,1,1,1,2,2,1,5,4,5,2,5,5,1,0,0,4,4,2,2,2,2,0,4,0,2,0,2,3,2,2,4,0,4,2,3,5,1,2,5,4,0,4,2,5,5,2,2,3,0,2,4,2,2,3,4,2,2,2,0,2,1,4,2,2,4,2,2,0,2,2,0,2,2,2,2,3,2,0,3,5,2,2,4,2,4,5,2,0,5,2,1,1,1,4,5,2,0,2,2,3,3,1,1,0,2,0,2,2,2,3,2,2,0,0,0,2,1,5,1,1,5,4,0,3,5,4,4,5,0,2,2,5,3,0,2,1,1,5,1,5,4,2,4,2,5,3,2,2,3,1,0,2,2,2,4,3,2,4,2,2,0,3,4,3,4,4,0,0,1,0,0,0,0,1,3,3,2,3,2,0,5,3,3,5,4,0,5,3,3,3,2,0,4,3,5,1,2,2,1,2,2,0,2,2,5,4,2,2,0,3,0,2,2,0,4,2,4,2,2,2,0,0,0,4,5,3,3,2,2,0,2,0,0,2,2,2,3,4,2,0,1,5,5,0"
45,1.0309983999153873,"3,1,5,3,0,1,3,0,1,3,5,4,3,4,5,1,3,4,2,2,3,2,2,2,2,2,0,0,0,2,3,1,1,5,1,1,1,2,2,1,5,4,5,2,5,5,1,0,0,4,4,2,2,2,2,0,4,0,2,0,2,3,2,2,4,0,4,2,5,5,1,2,5,4,0,4,2,5,5,2,2,3,0,2,4,2,2,3,4,2,2,2,0,2,1,4,2,2,4,2,2,0,2,2,0,2,2,2,2,3,2,0,3,5,2,2,4,2,4,5,2,0,4,2,1,1,1,4,5,2,0,2,2,3,3,1,1,1,2,0,0,2,2,3,2,2,0,0,0,2,1,5,1,1,5,4,0,3,5,4,4,5,0,2,2,5,3,0,2,1,1,5,1,5,4,2,5,2,5,3,2,2,3,1,0,2,2,2,4,3,2,4,2,2,0,3,4,3,4,4,0,0,1,0,0,0,0,1,3,3,2,3,2,5,5,3,3,5,4,0,5,3,3,3,2,0,4,3,5,1,2,2,1,2,2,0,2,2,5,4,2,2,0,3,0,2,2,0,4,2,4,2,2,2,0,0,0,4,5,3,3,2,2,0,2,0,0,2,2,2,3,4,2,0,1,5,5,0"
46,1.0304496022329088,"3,1,5,3,0,1,3,0,1,3,5,4,3,4,5,1,3,4,2,2,3,2,2,2,2,2,0,0,0,2,3,1,1,5,1,1,1,2,2,1,5,4,5,2,5,5,1,0,0,4,4,2,2,2,2,0,4,0,2,0,2,3,2,2,4,0,4,2,5,5,1,2,5,4,0,4,2,5,5,2,2,3,0,2,4,2,2,3,4,2,2,2,0,2,1,4,2,2,4,2,2,0,2,2,0,2,2,2,2,3,2,0,3,5,2,2,4,2,4,5,2,0,4,2,1,1,1,4,5,2,0,2,2,3,3,1,1,1,2,0,0,2,2,3,2,2,0,0,0,2,1,5,1,1,5,4,0,3,5,4,4,5,0,2,2,5,3,0,2,1,1,5,1,5,4,2,5,2,5,3,2,2,3,1,0,2,2,2,4,3,2,4,2,2,0,3,4,3,4,4,0,0,1,0,0,0,0,1,3,1,2,3,2,5,5,3,3,5,4,0,5,3,3,3,2,0,3,3,5,1,2,2,2,2,2,1,2,2,5,4,2,2,0,3,0,2,2,0,4,2,4,2,2,2,0,0,0,4,5,3,3,2,2,0,2,0,0,2,2,2,3,4,2,0,1,5,5,0"
47,1.031111464348591,"3,1,5,3,0,1,3,0,1,3,5,4,3,4,5,1,3,4,2,2,3,2,2,2,2,2,0,0,0,2,3,1,1,5,1,1,1,2,2,1,5,4,5,2,5,5,1,0,0,4,3,2,2,2,2,0,4,0,2,0,2,3,2,2,4,0,4,2,5,5,1,2,5,4,0,4,2,5,5,2,2,3,0,2,4,2,2,3,4,2,2,2,0,2,1,4,2,2,4,2,2,0,2,2,0,2,2,2,2,3,2,0,3,5,2,2,4,2,4,5,2,0,5,2,1,1,1,4,5,2,0,2,2,3,3,1,1,0,2,0,2,2,2,3,2,2,0,0,0,2,1,5,3,1,5,4,0,5,5,1,4,5,0,2,2,5,3,0,2,1,1,5,1,5,4,2,1,2,4,3,2,2,3,1,0,2,3,2,4,3,2,4,2,2,0,3,4,3,4,3,0,0,1,0,0,0,0,1,4,3,2,3,2,0,2,3,3,0,4,0,5,3,3,3,2,0,4,3,5,1,2,2,1,2,2,0,2,2,5,4,2,2,0,3,0,2,2,0,4,2,0,2,2,2,0,0,0,4,5,2,3,2,2,0,2,0,0,2,2,2,3,4,2,0,1,5,0,0"
48,1.0329821211361663,"3,1,5,3,0,1,3,0,1,3,5,1,3,4,5,1,3,4,2,2,3,2,2,2,2,2,0,0,0,2,3,1,1,5,1,1,1,2,2,1,5,4,5,2,5,5,1,0,0,4,4,2,2,2,2,0,4,0,2,0,2,3,2,2,4,0,4,2,3,5,1,2,5,4,0,4,2,5,5,2,2,3,0,2,4,2,2,3,4,3,2,2,0,2,1,4,2,2,4,2,2,0,2,2,0,2,2,2,2,3,2,0,3,5,2,2,4,2,4,5,2,0,4,2,1,1,1,4,5,2,0,2,2,3,3,1,1,0,2,0,0,2,2,3,2,2,0,0,0,3,1,5,1,1,5,4,0,3,5,4,4,5,0,2,2,5,3,4,2,1,1,5,1,5,4,2,4,2,5,3,2,2,3,1,0,2,2,2,4,3,2,4,2,2,0,3,4,3,4,0,0,0,3,0,0,0,0,4,4,3,2,3,2,0,2,3,1,0,4,0,5,3,3,3,2,0,4,3,5,1,2,2,1,2,2,0,0,2,5,4,2,2,0,3,5,2,2,0,4,2,0,2,2,2,0,0,0,4,5,3,2,2,2,0,2,0,0,2,2,2,5,4,2,0,1,5,5,0"
49,1.0329526930267867,"3,1,5,3,0,1,3,0,1,3,5,1,3,4,5,1,3,4,2,2,3,2,2,2,2,2,0,0,0,2,3,1,1,5,1,1,1,2,2,1,5,4,5,2,5,5,1,0,0,4,4,2,2,2,2,0,4,0,2,0,2,3,2,2,4,0,4,2,3,5,1,2,5,4,0,4,2,5,5,2,2,3,0,2,4,2,2,3,4,2,2,2,0,2,1,4,2,2,4,2,2,0,2,2,0,2,2,2,2,3,2,0,3,5,2,2,4,2,4,5,2,0,4,2,1,1,1,4,5,2,0,2,2,3,3,1,1,0,2,0,0,2,2,3,2,2,0,0,0,3,1,5,1,1,5,4,0,3,5,4,4,5,0,2,2,5,3,2,2,1,1,5,1,5,4,2,4,2,5,3,2,2,3,1,0,2,2,2,4,3,2,4,2,2,0,3,4,3,4,4,0,0,3,0,0,0,0,4,3,3,2,3,2,0,2,3,1,0,4,0,5,3,3,3,2,0,4,3,5,1,2,2,1,2,2,0,0,2,5,4,2,2,1,3,0,2,2,0,4,2,0,2,2,2,0,0,4,4,5,3,3,2,2,0,2,0,0,2,2,2,3,4,2,0,1,1,5,0"
50,1.033804779793661,"3,1,5,3,0,1,3,0,1,3,5,1,3,4,5,1,3,4,2,2,3,2,2,2,2,2,0,0,0,2,3,1,1,5,1,1,1,2,2,1,5,4,5,2,5,5,1,0,0,4,4,2,2,2,2,0,0,0,2,0,2,3,2,2,4,0,4,2,3,5,1,2,5,4,0,4,2,5,5,2,2,3,0,2,4,2,2,3,4,2,2,2,0,2,1,4,2,2,4,2,2,0,2,2,0,2,2,2,2,3,2,0,3,5,2,2,4,2,4,5,2,0,4,2,1,1,1,4,5,2,0,2,2,3,3,1,1,0,2,0,0,2,2,3,2,2,0,0,0,3,1,5,1,1,5,4,0,3,5,4,4,5,0,2,2,5,3,4,2,1,1,5,1,5,4,2,4,2,5,3,2,2,3,1,0,2,2,2,4,3,2,4,2,2,0,3,4,3,4,0,0,0,3,0,0,0,0,4,4,3,2,3,2,0,2,3,1,0,4,0,5,3,3,3,2,0,4,3,5,1,2,2,1,2,2,0,0,2,5,4,2,2,3,3,5,2,2,0,4,2,0,2,2,2,0,0,0,4,5,3,2,2,2,0,2,0,0,2,2,2,3,4,2,0,1,5,5,0"
51,1.034273586858693,"3,3,5,3,0,1,3,0,1,3,5,1,3,4,5,1,3,4,2,2,3,2,2,2,2,2,0,0,0,2,3,1,1,5,1,1,1,2,2,1,5,4,5,2,5,5,1,0,0,4,4,2,2,2,2,0,0,0,2,0,2,3,2,2,4,0,4,2,3,5,1,2,5,4,0,4,2,5,5,2,2,3,0,2,4,2,2,3,4,2,2,2,0,2,1,4,2,2,4,2,2,0,2,2,0,2,2,2,2,3,2,0,3,5,2,2,4,2,4,5,2,0,4,2,1,1,1,4,5,2,0,2,2,3,3,1,1,0,2,0,0,2,2,3,2,2,0,0,0,3,1,5,1,1,5,4,3,3,5,4,4,5,0,2,2,5,3,4,2,1,1,5,1,5,4,2,4,2,5,3,2,2,3,1,0,2,2,2,4,3,2,4,2,2,0,3,4,3,4,0,0,0,3,0,0,0,0,4,4,3,2,3,2,0,2,3,3,0,4,0,5,3,3,3,2,0,4,3,5,1,2,2,1,2,2,0,0,2,2,4,2,2,3,3,5,2,2,0,4,2,0,2,2,2,0,0,0,4,5,3,2,2,0,0,2,0,0,2,2,2,5,4,2,0,1,5,5,0"
52,1.0343898049693205,"3,3,5,3,0,1,3,0,1,3,5,1,3,4,5,1,5,4,2,2,3,2,2,2,2,2,0,0,0,2,3,1,1,5,1,1,1,2,2,1,5,4,5,2,5,5,1,0,0,4,4,2,2,2,2,0,0,0,2,0,2,3,2,2,4,0,4,2,3,5,1,2,5,4,0,4,2,5,5,2,2,3,0,2,4,2,2,3,4,2,2,2,0,2,1,4,2,2,4,2,2,0,2,2,0,2,2,2,2,3,2,0,3,5,2,2,4,2,4,5,2,0,4,2,1,1,1,4,5,2,0,2,2,3,3,1,1,0,2,0,0,2,2,3,2,2,0,0,0,3,1,5,1,1,5,4,3,3,5,4,4,5,0,2,2,5,3,4,2,1,1,5,1,5,4,2,4,2,5,3,2,2,3,1,0,2,2,2,4,3,2,4,2,2,0,3,4,3,4,0,0,0,3,0,0,0,0,4,4,3,2,3,2,0,2,3,3,0,4,0,5,3,3,3,2,0,4,3,5,1,2,2,1,2,2,0,0,2,2,4,2,2,3,3,5,2,2,0,4,2,0,2,2,2,0,0,0,4,5,3,2,2,2,0,2,0,0,2,2,2,5,4,2,0,1,5,5,0"
53,1.0349455785950856,"3,3,5,3,0,1,3,0,1,3,5,1,3,4,5,1,5,4,2,2,3,2,2,2,2,2,0,0,0,2,3,1,1,5,1,1,1,2,2,1,5,4,5,2,5,5,1,0,0,4,4,2,2,2,2,0,0,0,2,0,2,3,2,2,4,0,0,2,3,5,1,2,5,4,0,4,2,5,5,2,2,3,0,2,4,2,2,3,4,2,2,2,0,2,1,4,2,2,4,2,2,0,2,2,0,2,2,2,2,3,2,0,3,5,2,2,4,2,4,5,2,0,4,2,1,1,1,4,5,2,0,2,2,3,3,1,1,0,2,0,0,2,2,3,2,2,0,0,0,3,1,5,1,1,5,4,3,3,5,4,5,5,0,2,2,5,3,4,2,1,1,5,1,5,4,2,4,2,5,3,2,2,3,1,0,2,2,2,4,3,2,4,2,2,0,3,4,3,4,0,0,0,3,0,0,0,0,4,4,3,2,3,2,0,2,3,3,0,4,0,5,3,3,3,2,0,4,3,5,1,2,2,1,2,2,0,0,2,2,4,2,2,3,3,5,2,2,0,4,2,0,2,2,2,0,0,0,4,5,3,2,2,2,0,2,0,0,2,2,2,5,4,2,0,1,5,5,0"
54,1.0347795396441102,"3,3,5,3,0,1,3,0,1,3,5,1,3,4,5,1,5,4,2,2,3,2,2,2,2,2,0,0,0,2,3,1,1,5,1,1,1,2,2,1,5,4,5,2,5,5,1,0,0,4,4,2,2,2,2,0,0,0,2,0,2,3,2,2,4,0,0,2,3,1,1,2,5,4,0,4,2,5,5,2,2,3,0,2,4,2,2,3,4,2,2,2,2,4,1,4,2,2,4,2,2,0,2,2,0,2,3,2,2,3,2,0,3,5,2,2,4,2,4,5,2,0,3,2,1,1,1,4,5,2,0,2,2,3,3,1,1,0,2,0,0,2,2,3,2,2,0,0,0,3,1,5,1,1,5,4,3,3,5,4,5,5,0,2,2,5,3,4,2,1,1,5,1,5,4,2,4,2,5,3,2,2,3,1,0,2,2,2,4,3,2,4,2,2,0,3,4,3,4,0,0,0,3,0,0,0,0,4,4,3,2,3,2,0,3,3,3,0,0,0,5,3,3,3,2,0,4,2,5,1,2,2,1,2,2,5,0,2,2,4,2,2,3,3,5,2,2,0,4,5,0,2,2,2,0,0,0,4,5,3,2,2,2,0,2,0,0,2,2,2,5,4,2,0,1,5,5,0"
55,1.0358560222847215,"3,3,5,3,0,1,3,0,1,3,5,1,3,4,5,1,5,4,2,2,3,2,2,2,2,2,0,4,0,2,3,1,1,5,1,1,1,2,2,4,5,4,5,2,5,5,1,0,0,4,4,2,2,2,2,0,0,0,2,0,2,3,2,2,4,0,0,2,3,1,1,2,5,4,0,4,2,5,5,2,2,3,0,2,4,2,2,3,4,2,2,2,2,4,1,4,2,2,4,2,2,0,2,2,0,2,3,2,2,3,2,0,3,5,2,2,4,2,4,5,2,0,3,2,1,1,1,4,5,2,0,2,2,3,3,1,1,0,2,0,0,2,2,3,2,2,0,0,0,3,1,5,1,1,5,4,3,3,5,4,5,5,0,2,2,5,3,4,2,1,1,5,1,5,4,2,4,2,5,3,2,2,3,1,0,2,2,2,4,3,2,4,2,2,0,3,4,3,4,0,0,0,3,0,0,0,0,4,4,3,2,3,2,0,3,3,3,0,0,0,5,3,3,3,2,0,4,2,5,1,2,2,1,2,2,0,0,2,2,4,2,2,3,3,5,2,2,0,4,2,0,2,2,2,0,0,0,4,5,3,2,2,2,0,2,0,0,2,2,2,5,4,2,0,1,5,5,0"
56,1.0362475470695873,"3,3,5,3,0,1,3,0,1,3,5,1,3,4,5,1,5,4,2,2,3,2,2,2,2,2,0,4,0,2,3,1,1,5,1,1,1,2,2,4,5,4,5,2,5,5,1,0,0,4,4,2,2,2,2,0,0,0,2,0,2,3,2,2,4,0,0,2,3,1,1,2,5,4,0,4,2,5,5,2,2,3,0,2,4,2,2,3,4,2,2,2,2,4,1,4,2,2,4,2,2,0,2,2,0,2,3,2,2,3,2,0,3,5,2,2,4,2,3,5,2,0,3,2,1,1,1,4,5,2,0,2,2,3,3,1,1,0,2,0,0,2,2,3,2,2,0,0,0,3,1,5,1,1,5,4,3,3,5,4,5,5,0,2,2,5,3,4,2,1,1,5,1,5,4,2,4,2,5,3,2,2,3,1,0,2,2,2,4,3,2,0,2,2,0,3,4,0,4,0,0,0,3,0,0,0,0,4,4,3,2,3,2,0,3,3,3,0,0,0,5,3,3,3,2,0,4,2,5,1,2,2,1,2,2,0,0,2,2,4,2,2,3,3,5,2,2,0,4,2,0,2,2,2,0,0,0,4,5,3,2,2,2,0,2,0,0,2,2,2,5,0,2,0,1,5,5,0"
57,1.0369271074295079,"3,0,5,3,0,1,3,0,1,3,5,1,3,4,5,1,5,4,2,2,3,2,2,2,2,2,0,4,0,2,3,1,1,5,1,1,1,2,2,4,5,4,5,2,5,5,1,0,0,4,4,2,2,2,2,0,0,0,2,0,2,3,2,2,4,0,0,2,3,1,1,2,5,4,0,4,2,5,5,2,2,3,0,2,4,2,2,3,4,2,2,2,2,4,1,4,2,2,4,2,2,0,2,2,0,2,3,2,2,3,2,0,3,5,2,2,4,2,0,5,2,0,3,2,1,1,1,4,5,2,0,2,2,3,3,1,1,0,2,0,0,2,2,3,2,2,0,0,0,2,1,5,1,1,5,4,3,3,5,4,5,5,0,2,2,5,3,4,2,1,1,5,1,5,4,2,4,2,5,3,2,2,3,1,0,2,2,2,4,3,2,0,2,2,0,3,4,0,4,0,0,0,3,0,0,0,0,4,4,3,2,3,2,0,3,3,3,0,0,0,5,3,3,3,2,0,4,2,5,1,2,2,1,2,2,0,0,2,2,4,2,2,3,3,2,2,2,0,4,2,0,2,2,2,0,0,0,4,5,3,2,2,2,0,2,0,0,2,2,2,5,4,2,0,1,5,5,3"
58,1.0369755668321607,"3,0,5,3,0,1,3,0,1,3,5,1,3,4,5,1,5,4,2,2,3,2,2,2,2,2,0,4,0,2,3,1,1,5,1,1,1,2,2,4,5,4,5,2,5,5,1,0,0,4,4,2,2,2,2,0,0,0,2,0,2,3,2,2,4,0,0,2,3,1,1,2,5,4,0,4,2,5,5,2,2,3,0,2,4,2,2,3,4,2,2,2,2,4,1,4,2,2,4,2,2,0,2,2,0,2,3,2,2,3,2,0,3,5,2,2,4,2,0,5,2,0,3,2,1,1,1,4,5,2,0,2,2,3,3,1,1,0,2,0,0,2,2,3,2,2,0,0,0,2,1,5,1,1,5,4,3,3,5,4,5,5,0,2,2,5,3,4,2,1,1,5,1,5,4,2,4,2,5,3,2,2,3,1,0,2,2,2,4,3,2,0,2,2,0,3,4,0,4,0,0,0,3,0,0,0,0,4,4,3,2,3,2,0,3,3,3,0,0,0,5,3,3,3,2,0,4,2,5,1,2,2,1,2,2,0,0,2,2,4,2,2,3,3,5,2,2,0,4,2,0,2,2,2,0,0,0,4,5,3,2,2,2,0,2,0,0,2,2,2,5,4,2,0,1,5,5,3"
59,1.0365227322253114,"3,0,5,3,0,1,3,0,1,3,5,1,3,4,5,1,5,2,2,2,3,2,2,2,2,2,0,4,0,2,3,1,1,5,1,1,1,2,2,4,5,4,5,2,5,5,1,0,0,4,4,2,2,2,2,0,0,0,2,0,2,3,2,2,4,0,0,2,3,1,1,2,5,4,0,4,2,5,5,2,2,3,0,2,4,2,2,3,4,2,2,2,2,4,1,4,2,2,4,2,2,0,2,2,0,2,3,2,2,3,2,0,3,5,2,2,4,2,0,5,2,0,3,2,1,1,1,4,5,2,0,2,2,3,3,1,1,0,2,0,0,2,2,3,0,2,0,0,0,2,5,5,1,1,5,4,3,3,5,4,5,5,0,2,2,5,3,4,2,1,1,5,1,5,4,2,4,2,5,3,2,2,5,1,0,2,2,2,4,3,2,0,2,2,0,3,4,0,4,0,0,0,3,0,0,0,0,4,4,3,2,3,2,0,3,3,3,0,0,0,5,3,3,3,2,0,4,2,5,1,2,2,1,2,2,0,0,2,2,4,2,2,3,3,5,2,2,0,3,2,0,2,2,3,0,0,0,4,5,3,2,2,2,0,2,0,0,2,2,2,5,4,2,0,1,5,5,3"
60,1.037769776551295,"3,0,5,3,0,1,3,0,1,3,5,1,3,4,5,1,5,2,0,2,3,2,2,2,2,2,0,4,0,2,3,1,1,5,1,1,1,2,2,4,5,4,5,2,5,5,1,0,0,4,4,2,2,2,2,0,0,0,2,0,2,3,2,2,4,0,0,2,3,1,1,2,5,4,0,4,2,5,5,2,2,3,0,2,4,2,2,3,4,2,2,2,2,4,1,4,2,2,4,2,2,0,2,2,0,2,3,2,2,3,2,0,3,5,2,2,4,2,0,5,2,0,3,2,1,1,1,4,5,2,0,2,2,3,3,1,1,0,2,0,0,2,2,3,2,2,0,0,0,2,1,5,1,1,5,4,3,3,5,4,5,5,0,2,2,5,3,4,2,1,1,5,1,5,4,2,4,2,5,3,2,2,3,1,0,2,2,2,4,3,2,0,2,2,0,3,4,0,4,0,0,0,0,0,0,0,0,4,4,4,2,3,2,0,3,3,3,0,0,0,5,3,3,3,2,0,4,2,5,1,0,2,1,2,2,0,0,2,2,4,2,2,3,3,2,2,2,0,4,2,0,2,2,2,0,0,0,4,5,3,2,2,2,0,2,0,0,2,2,2,5,4,2,0,1,5,4,3"
61,1.0373529945029392,"3,0,5,3,0,1,3,0,1,3,5,1,3,4,5,1,5,2,0,2,3,2,2,2,2,2,0,4,0,2,3,1,1,5,1,1,1,2,2,4,5,4,5,2,5,5,1,0,0,4,4,2,2,2,2,0,0,0,2,0,2,3,2,2,4,0,0,2,3,1,1,2,5,4,0,4,2,5,5,2,2,3,0,2,3,2,2,3,4,2,2,2,2,4,1,4,2,2,4,2,2,0,2,2,0,2,3,2,2,3,2,0,3,5,3,2,4,2,0,5,2,0,3,2,1,1,1,4,5,2,0,2,2,3,3,1,1,0,2,0,0,2,2,3,2,2,0,0,0,2,1,5,1,1,5,4,3,3,5,4,5,5,0,2,2,5,3,4,2,1,1,5,1,5,3,2,4,2,5,3,2,2,3,1,0,2,5,2,4,3,2,0,2,2,0,3,4,0,4,0,0,0,0,0,0,0,0,4,4,4,2,3,2,0,3,3,3,0,0,0,5,3,3,3,2,0,4,2,5,1,0,2,1,2,2,0,0,2,2,4,2,2,3,3,2,2,2,0,4,2,0,2,2,2,0,0,0,4,5,3,2,2,2,0,2,0,0,2,2,2,5,4,2,0,1,5,4,3"
62,1.0374854948593886,"3,0,5,3,0,1,3,0,1,3,5,1,3,4,5,1,5,2,0,2,3,2,2,2,2,2,0,4,0,2,3,1,1,5,1,1,1,2,2,4,5,4,5,2,5,5,1,0,0,4,4,2,2,2,2,0,0,0,2,0,2,3,2,2,4,0,0,2,3,1,1,2,5,4,0,4,2,5,5,2,2,3,0,2,3,2,2,3,4,2,2,2,2,4,1,4,2,2,4,2,2,0,2,2,0,2,3,2,2,3,2,0,3,5,3,2,4,2,0,5,2,0,3,2,1,1,1,4,5,2,0,2,2,3,3,1,1,0,2,0,0,2,2,3,2,2,0,0,0,2,1,1,1,1,5,4,3,3,5,4,5,5,0,2,2,5,3,4,2,1,1,5,1,5,3,2,4,2,5,3,2,2,3,1,0,2,5,2,4,3,2,0,2,2,0,3,4,0,4,0,0,0,0,0,0,0,0,4,4,4,2,3,2,0,3,3,3,0,0,0,5,3,3,3,2,0,4,2,5,1,0,2,1,2,2,0,0,2,2,4,2,2,3,3,2,2,2,0,4,2,0,2,2,2,0,0,0,4,5,3,2,2,2,0,2,0,0,2,2,2,5,4,2,0,1,5,4,3"
63,1.0374002987205033,"3,0,5,3,0,1,3,0,1,3,5,1,3,4,5,1,5,2,0,2,3,2,2,2,2,2,0,4,0,2,3,1,1,5,1,1,1,2,2,4,5,4,5,2,5,5,1,0,0,4,4,2,2,2,2,0,0,0,2,0,2,3,2,2,4,0,0,2,3,1,1,2,5,4,0,4,2,5,5,2,2,3,0,2,3,2,2,3,4,2,2,2,2,4,1,4,2,2,4,2,2,0,2,2,0,2,3,2,2,3,2,0,3,5,3,2,4,2,0,5,2,0,3,2,1,1,1,4,5,2,0,2,2,3,3,1,1,0,2,0,0,2,2,3,2,2,0,0,0,2,1,1,1,1,5,4,3,3,5,4,5,5,0,2,2,5,3,4,2,1,1,5,1,5,3,2,4,2,5,3,2,2,3,1,0,2,5,2,4,3,2,0,2,2,0,3,4,0,4,0,0,0,0,0,0,0,0,4,4,4,2,3,2,0,3,3,3,0,0,0,5,3,3,3,2,0,4,2,5,1,0,2,1,2,2,0,0,2,2,4,2,2,3,3,2,2,2,2,4,2,0,2,2,2,0,0,0,4,5,3,2,2,2,0,2,0,0,2,2,2,5,4,2,0,1,5,4,3"
64,1.0375977885581635,"3,0,5,3,0,1,3,0,1,3,5,1,3,4,5,1,5,2,0,2,3,2,2,2,2,2,2,4,0,2,3,1,1,5,1,1,1,2,2,4,5,4,5,2,5,5,1,0,0,4,4,2,2,2,2,0,0,0,2,0,2,3,2,2,4,0,0,2,3,1,1,2,5,5,0,4,2,5,5,2,2,3,0,2,3,2,2,3,4,2,2,2,2,4,1,4,2,2,4,2,2,0,2,2,0,2,3,2,2,3,2,0,3,5,2,2,4,2,0,5,2,0,3,2,1,1,1,4,5,2,0,2,2,3,3,1,1,0,2,0,0,2,2,3,2,2,0,0,0,2,1,5,1,1,5,4,3,3,5,4,5,5,0,2,2,5,3,4,2,1,1,5,1,5,4,2,4,2,5,3,2,2,3,1,0,2,2,2,4,3,2,0,2,2,0,3,4,0,4,0,0,0,0,0,0,0,0,4,4,4,2,3,2,0,3,3,3,0,0,0,5,3,3,3,2,0,4,2,5,1,0,2,1,2,2,0,0,2,2,4,2,2,3,3,2,2,2,0,4,2,0,2,2,2,0,0,0,4,5,3,2,2,2,0,2,0,0,2,2,2,5,4,2,0,1,5,4,3"
65,1.0380388330850763,"3,0,5,3,0,1,3,0,1,3,5,1,3,4,5,1,5,2,0,2,3,2,2,2,2,2,2,4,0,2,3,1,1,5,1,1,1,2,2,4,5,4,5,2,5,5,1,0,0,4,4,2,2,2,2,0,0,0,2,0,2,3,2,2,4,0,0,2,3,1,1,2,4,0,0,4,2,5,5,2,2,3,0,2,3,2,2,3,4,2,2,2,2,4,1,4,2,2,4,2,2,0,2,2,0,2,3,2,2,3,2,0,3,5,2,2,4,2,0,5,2,0,3,2,5,1,1,4,5,2,0,2,2,3,3,1,1,0,2,0,0,2,2,3,2,2,0,0,0,2,1,4,1,1,5,4,3,3,5,4,5,5,0,2,2,5,3,4,2,1,1,5,1,5,4,2,4,2,5,3,2,2,3,1,0,2,2,2,4,3,2,0,2,2,0,3,4,0,4,0,0,0,0,0,0,0,0,4,4,4,2,3,2,0,3,3,3,0,0,0,5,3,3,3,2,0,4,2,5,1,0,2,1,2,2,0,0,2,2,4,2,2,3,3,2,2,2,0,4,2,0,2,2,2,0,0,0,4,5,3,2,2,2,0,2,0,0,2,2,2,5,4,2,0,1,5,4,3"
66,1.0377887403618125,"3,0,5,3,0,1,3,0,1,3,5,1,3,4,5,1,5,2,0,2,3,2,2,2,2,2,2,4,0,2,3,1,1,5,1,1,1,2,2,4,5,4,5,2,5,5,1,0,0,4,4,2,2,2,2,0,0,0,2,0,2,3,2,2,4,0,0,2,3,1,1,2,4,0,0,4,2,5,5,2,2,3,0,2,3,2,2,3,4,2,2,2,2,4,1,4,2,2,4,2,2,0,2,2,0,2,3,2,2,3,2,0,3,5,2,2,4,2,0,5,2,0,3,2,1,1,1,4,5,2,0,2,2,3,3,1,1,0,2,0,0,2,2,3,2,2,0,0,0,2,1,5,1,1,5,4,3,3,5,4,5,5,0,2,2,5,3,4,2,1,1,5,1,5,4,2,4,2,5,3,2,2,3,1,0,2,2,2,4,3,2,0,2,2,0,3,4,0,4,0,0,0,0,0,0,0,0,4,4,4,2,3,2,0,3,3,3,0,0,0,5,3,3,3,2,0,4,2,5,1,0,2,1,2,2,0,0,2,2,4,2,2,3,3,2,2,2,0,4,2,0,2,2,2,0,0,0,4,5,3,2,1,2,0,2,0,0,2,2,2,5,4,2,0,1,5,4,3"
67,1.0381433018384245,"3,0,5,3,0,1,3,0,1,3,5,1,3,4,5,1,5,2,0,2,3,2,2,2,2,2,2,4,0,2,3,1,1,5,1,1,1,2,2,4,5,4,5,2,5,5,1,0,0,4,4,2,2,2,2,0,0,0,2,0,2,3,2,2,4,0,0,2,3,1,1,2,4,0,0,4,2,5,5,2,2,3,0,2,3,2,2,3,4,2,2,2,2,4,1,4,2,2,4,2,2,0,2,2,0,2,3,2,2,3,2,0,3,5,2,2,4,2,0,5,2,0,3,2,1,1,1,4,5,2,0,2,2,3,3,1,1,0,2,0,0,2,2,3,2,2,0,0,0,2,1,5,1,1,5,4,3,3,5,4,5,5,0,2,2,5,3,4,2,1,1,5,1,5,4,2,4,2,5,3,2,2,3,1,0,2,2,2,4,3,2,0,2,2,0,3,4,0,4,0,0,0,0,0,0,0,0,4,4,4,3,3,2,0,3,3,3,0,0,0,5,3,3,3,2,0,4,2,5,1,0,2,1,2,2,0,0,2,2,4,2,2,3,3,2,2,2,0,4,2,0,2,2,2,0,0,0,4,5,3,2,2,2,0,2,0,0,2,2,2,5,4,2,0,1,5,4,3"
68,1.0363719139922272,"3,0,5,3,0,1,3,0,1,3,5,1,3,4,5,1,5,2,0,2,3,2,2,2,2,2,2,4,0,2,3,1,1,5,1,1,1,2,2,4,5,4,5,2,5,5,1,0,0,4,4,2,2,2,2,0,0,0,2,0,2,3,2,2,4,0,0,2,3,1,1,2,4,2,0,4,2,5,5,2,2,3,0,2,3,2,2,3,4,2,2,2,2,4,1,5,2,2,4,2,2,0,2,2,0,2,3,2,2,3,2,0,3,5,2,2,4,2,0,5,3,0,3,2,1,1,1,4,5,2,0,2,2,3,3,1,1,2,2,0,0,4,2,3,2,2,0,0,0,2,1,5,1,1,5,4,3,3,5,4,5,5,0,2,2,5,3,4,2,1,1,5,1,5,4,0,4,2,5,3,2,2,3,5,0,2,2,2,4,3,2,0,2,2,0,3,4,0,4,0,0,0,0,0,0,0,0,4,4,4,2,3,2,0,3,3,3,0,0,3,5,3,3,3,2,0,4,2,5,1,5,2,1,0,2,0,0,2,2,4,2,2,3,1,2,2,2,0,4,2,0,2,2,2,0,0,0,4,5,3,4,2,1,0,0,0,0,2,2,2,5,4,2,0,1,5,1,3"
69,1.0378392939558958,"3,0,2,3,0,1,3,0,1,3,5,1,3,4,5,1,5,2,0,2,3,0,2,2,2,2,2,4,0,2,3,1,1,5,1,1,1,2,2,4,5,4,5,2,5,5,1,0,0,4,4,2,2,2,2,0,0,0,2,0,2,3,2,2,4,0,0,2,3,1,1,2,4,0,0,4,2,5,5,2,2,3,0,2,3,2,2,3,4,2,2,2,2,4,1,5,2,2,4,2,2,0,2,2,0,2,3,2,2,3,2,0,3,5,2,2,4,2,0,5,2,0,3,2,1,5,1,4,5,2,0,2,2,3,4,1,1,0,2,0,0,2,2,3,2,2,0,2,0,2,1,5,1,1,5,4,3,3,5,4,5,5,0,2,2,5,3,4,2,1,1,5,1,5,4,2,4,2,5,3,2,2,3,1,0,2,2,2,4,3,2,0,2,2,0,3,4,0,4,0,0,0,0,0,0,0,0,4,4,4,3,3,2,0,3,3,3,0,0,0,5,3,3,3,2,0,4,2,5,1,0,2,1,2,2,0,0,2,2,4,2,2,3,3,2,2,2,0,4,2,0,2,2,2,0,0,0,4,5,3,2,2,2,0,2,0,0,2,2,2,5,4,2,0,1,5,4,3"
70,1.0381597811313847,"3,0,2,3,0,1,3,0,1,3,5,1,3,4,5,1,5,2,0,2,3,0,2,2,2,2,2,4,0,2,3,1,1,5,1,1,1,2,2,4,5,4,5,2,5,5,1,0,0,4,4,2,2,2,2,0,0,0,2,0,2,3,2,2,4,0,0,2,3,1,1,2,4,0,0,4,2,5,5,2,0,3,0,2,3,2,2,3,4,2,2,2,2,4,1,4,2,2,4,2,2,0,2,2,0,2,3,2,2,3,2,0,3,5,2,2,4,2,0,5,2,0,3,2,1,1,1,4,5,2,4,2,2,3,3,1,1,0,2,0,0,2,2,3,2,2,0,0,0,2,1,5,1,1,5,3,3,3,5,4,5,5,4,2,2,5,3,4,2,1,1,5,1,5,4,2,4,2,1,3,2,2,3,1,0,2,2,2,4,3,2,0,2,2,0,3,4,0,4,0,0,0,0,0,0,4,0,4,4,4,2,3,2,0,3,3,3,0,0,0,5,3,3,3,2,0,4,2,5,1,0,2,1,2,2,0,0,2,2,4,2,2,3,3,2,2,2,0,4,2,0,2,2,2,0,0,0,4,5,3,2,2,2,0,0,0,0,2,2,2,5,4,2,0,1,5,4,3"
71,1.0385156676349794,"3,0,2,3,0,1,3,0,1,3,5,1,3,4,5,1,5,2,0,2,3,0,2,2,2,2,2,4,0,2,3,1,1,5,1,1,1,2,2,4,5,4,5,2,5,5,1,0,0,4,4,2,2,2,2,0,0,0,2,0,2,3,2,2,4,0,0,2,3,1,1,2,4,0,0,3,2,5,5,2,0,3,0,2,4,2,2,3,4,2,2,2,2,4,1,4,2,2,4,2,2,0,2,2,0,2,3,2,2,3,2,0,3,5,2,2,4,2,0,5,2,0,3,2,1,1,1,4,5,2,4,2,2,3,3,1,1,0,2,0,0,2,2,3,2,2,0,0,0,2,1,5,1,1,5,3,3,3,5,4,5,5,4,2,2,5,3,4,2,1,1,5,1,5,4,2,4,2,1,3,2,2,3,1,0,2,2,2,4,3,2,0,2,2,0,3,4,0,4,0,0,0,0,0,0,0,0,4,4,4,2,3,2,0,3,3,3,0,0,0,5,3,3,3,2,0,4,2,5,3,0,2,1,2,2,0,0,2,2,4,2,2,3,3,2,2,2,0,4,2,0,2,2,2,0,0,0,4,5,3,2,2,2,0,0,0,0,2,2,2,5,4,2,0,1,5,4,3"
72,1.0382604777100914,"3,0,2,3,0,1,3,0,1,3,5,1,3,4,5,1,5,2,0,2,3,0,2,2,2,2,2,4,0,2,3,1,1,5,1,1,1,2,2,4,5,4,5,2,5,5,1,0,0,4,4,2,2,2,2,0,0,0,2,0,2,3,2,2,4,0,0,2,4,1,1,2,4,0,0,3,2,5,5,2,0,3,0,2,4,2,2,3,4,2,2,2,2,4,1,4,2,2,4,2,2,0,2,2,0,2,3,2,2,3,2,0,3,5,2,2,4,2,0,5,2,0,3,2,1,1,1,4,5,2,4,2,2,3,3,1,1,0,2,0,0,2,2,3,2,2,0,0,0,2,1,5,1,1,5,3,3,3,5,4,5,5,4,2,2,5,3,4,2,1,1,5,1,5,4,2,4,2,1,3,2,2,3,1,0,2,2,2,4,3,2,0,2,2,0,3,4,0,4,0,0,0,0,0,0,0,0,4,4,4,2,3,2,0,3,3,3,0,0,0,5,3,3,3,2,0,4,2,5,3,0,2,1,2,2,0,0,2,2,4,2,2,3,3,2,2,2,0,4,2,0,2,2,2,0,0,0,4,5,3,2,2,2,0,0,0,0,2,2,2,5,4,2,0,1,5,4,4"
73,1.039374972937495,"3,0,2,3,0,1,3,0,1,3,5,1,3,4,5,1,5,2,0,2,3,0,2,2,2,2,2,4,0,2,3,1,1,5,1,1,1,2,2,4,5,4,5,2,5,5,1,0,0,4,4,2,2,2,2,0,0,0,2,0,2,3,2,2,4,0,0,2,3,1,1,2,4,0,0,4,2,5,5,2,2,3,0,2,3,2,2,3,4,2,2,2,2,4,1,5,2,2,4,2,2,0,2,2,0,2,3,2,2,3,2,0,3,5,2,2,4,2,0,5,2,0,3,2,1,5,1,4,5,2,0,2,2,3,3,1,1,0,2,0,0,2,2,3,2,2,0,0,0,2,1,5,1,1,5,4,3,3,5,4,5,5,0,2,2,5,3,4,2,1,1,5,1,5,0,2,4,2,5,3,2,2,3,1,0,2,2,2,4,3,2,0,2,2,0,3,4,0,4,0,0,0,0,0,0,0,0,4,4,4,2,3,2,0,3,3,3,0,0,0,5,3,3,3,2,0,4,2,5,3,0,2,1,2,2,0,0,2,2,4,2,2,3,3,2,2,2,0,4,2,0,2,2,2,0,0,0,4,5,3,2,2,2,0,0,0,0,2,2,2,5,5,2,0,1,5,4,3"
74,1.0396141045894998,"3,0,2,3,0,1,3,0,1,3,5,1,3,4,5,1,5,2,0,2,3,0,2,2,2,2,2,4,0,2,3,1,1,5,1,1,1,2,2,4,5,4,5,2,5,5,1,0,0,4,4,2,2,2,2,0,0,0,2,0,2,3,2,2,4,0,0,2,3,1,1,2,4,0,0,4,2,5,5,2,2,3,0,2,3,2,2,3,4,2,2,2,2,4,1,5,2,2,4,2,2,0,2,2,0,2,3,2,2,3,2,0,3,5,2,2,4,2,0,5,2,0,3,2,1,5,1,4,5,2,0,2,2,3,3,1,1,0,2,0,0,0,2,3,2,2,0,0,0,2,1,5,1,1,5,4,3,3,5,4,5,5,0,2,2,5,3,4,2,1,1,5,1,5,0,2,4,2,5,3,2,2,3,1,0,2,2,2,4,3,2,0,2,2,0,3,4,0,4,0,0,0,0,0,0,0,0,4,4,4,2,3,2,0,3,3,3,0,0,0,5,3,3,3,2,0,4,2,5,3,0,2,1,2,2,0,0,2,2,4,2,2,3,3,2,2,2,0,4,2,0,2,2,2,0,0,0,4,5,3,2,2,2,0,0,0,0,2,2,2,5,5,2,0,1,5,4,3"
75,1.0399402384702867,"3,0,2,3,0,1,3,0,1,3,5,1,3,4,5,1,5,2,0,2,3,0,2,2,2,2,2,4,0,2,3,1,1,5,1,1,1,2,2,4,5,4,5,2,5,5,1,0,0,4,4,2,2,2,2,0,0,0,2,0,2,3,2,2,4,0,0,2,3,1,1,2,4,0,0,4,2,5,5,2,2,3,0,2,3,2,2,3,4,2,2,2,2,4,1,5,2,2,4,2,2,0,2,2,0,2,3,2,2,3,2,0,3,5,2,2,4,2,0,5,2,0,3,2,1,5,1,4,5,2,0,2,2,3,3,1,1,0,2,0,0,0,2,3,2,2,0,0,0,2,1,5,1,1,5,4,3,3,5,4,5,5,0,2,2,5,3,4,2,1,1,5,1,5,0,2,4,2,5,3,2,2,3,1,0,2,2,2,4,3,2,0,2,2,0,3,4,0,4,0,0,0,0,0,0,0,0,4,4,4,2,3,2,0,3,3,3,0,0,0,5,3,3,3,2,0,4,2,5,3,0,2,1,2,2,0,0,2,2,4,2,2,3,3,2,2,2,0,4,2,0,2,2,2,0,0,0,4,5,3,2,2,2,0,0,0,0,2,2,2,5,4,2,0,1,5,3,3"
76,1.0399402384702867,"3,0,2,3,0,1,3,0,1,3,5,1,3,4,5,1,5,2,0,2,3,0,2,2,2,2,2,4,0,2,3,1,1,5,1,1,1,2,2,4,5,4,5,2,5,5,1,0,0,4,4,2,2,2,2,0,0,0,2,0,2,3,2,2,4,0,0,2,3,1,1,2,4,0,0,4,2,5,5,2,2,3,0,2,3,2,2,3,4,2,2,2,2,4,1,5,2,2,4,2,2,0,2,2,0,2,3,2,2,3,2,0,3,5,2,2,4,2,0,5,2,0,3,2,1,5,1,4,5,2,0,2,2,3,3,1,1,0,2,0,0,0,2,3,2,2,0,0,0,2,1,5,1,1,5,4,3,3,5,4,5,5,0,2,2,5,3,4,2,1,1,5,1,5,0,2,4,2,5,3,2,2,3,1,0,2,2,2,4,3,2,0,2,2,0,3,4,0,4,0,0,0,0,0,0,0,0,4,4,4,2,3,2,0,3,3,3,0,0,0,5,3,3,3,2,0,4,2,5,3,0,2,1,2,2,0,0,2,2,4,2,2,3,3,2,2,2,0,4,2,0,2,2,2,0,0,0,4,5,3,2,2,2,0,0,0,0,2,2,2,5,4,2,0,1,5,3,3"
77,1.0389994523408148,"3,0,2,3,0,1,3,0,1,3,5,1,3,4,5,1,5,2,0,2,3,2,2,2,2,2,2,4,0,2,3,1,1,5,1,1,1,2,2,4,5,4,5,2,5,5,1,0,0,4,4,2,2,2,2,0,0,0,3,0,2,3,2,2,4,0,0,2,3,1,3,2,4,0,0,4,2,5,5,2,2,3,0,2,3,2,2,3,4,2,2,2,2,4,1,5,2,2,4,2,2,0,2,2,0,2,3,2,2,3,2,0,3,5,2,2,4,2,0,5,2,0,3,2,1,5,1,4,5,2,0,2,2,3,3,1,1,0,2,0,0,0,2,3,2,2,0,0,0,2,1,5,1,1,5,4,3,3,5,4,5,5,0,2,2,5,3,4,2,1,1,5,1,5,0,2,4,2,5,3,2,2,3,1,0,2,2,2,4,3,2,0,2,2,0,3,4,0,4,0,0,0,0,0,0,0,0,4,4,4,2,3,2,0,3,3,3,0,0,0,5,3,3,3,2,0,4,2,5,3,0,2,1,2,2,0,0,2,2,4,2,2,3,3,2,2,2,0,4,2,0,2,2,2,0,0,0,4,5,3,5,2,2,0,0,0,0,2,2,2,5,4,2,0,1,5,4,2"
78,1.0399045708521792,"3,0,2,3,0,1,3,0,1,3,5,1,3,4,5,1,5,2,0,2,3,2,2,2,2,2,2,4,0,2,3,1,1,5,1,1,1,2,2,4,5,4,5,2,5,5,1,0,0,4,4,2,2,2,2,0,0,0,3,0,2,3,2,2,4,0,0,2,3,1,1,2,4,0,0,4,2,5,5,2,2,3,0,2,3,2,2,3,4,2,2,2,2,4,1,5,2,2,4,2,2,0,2,2,0,2,3,2,2,3,2,0,3,5,2,2,4,2,0,5,2,0,3,2,1,5,1,4,5,2,0,2,2,3,3,1,1,0,2,0,0,0,2,3,2,2,0,0,0,2,1,5,1,1,5,4,3,3,5,4,5,5,0,2,2,5,3,4,2,1,1,5,1,5,0,2,4,2,5,3,2,2,3,1,0,2,2,2,4,3,2,0,2,2,0,3,4,0,4,0,0,0,0,0,0,0,0,4,4,4,2,3,2,4,3,3,3,0,0,0,5,3,3,3,2,0,4,2,5,3,0,2,1,2,2,0,0,2,2,4,2,2,3,3,2,2,2,0,4,2,0,2,2,2,0,0,0,0,5,3,2,2,2,0,0,0,0,2,2,2,5,4,2,0,1,5,3,3"
79,1.0397916530862226,"3,0,2,3,0,1,3,0,1,3,5,1,3,4,5,1,5,2,0,2,3,2,2,2,2,2,2,4,0,2,3,1,1,5,1,1,1,2,2,4,5,4,5,2,5,5,1,0,0,4,4,2,2,2,2,0,0,0,3,0,2,3,2,2,4,0,0,2,3,1,1,2,4,0,0,4,2,5,5,2,2,3,0,2,3,2,2,3,4,2,2,2,2,4,1,5,2,2,4,2,2,0,2,2,0,2,3,2,2,3,2,0,3,5,2,2,4,2,1,5,2,0,3,2,1,5,1,4,5,2,0,2,2,3,3,1,1,0,2,0,0,0,2,3,2,2,0,0,0,2,1,5,1,1,5,4,3,3,5,4,5,5,0,2,2,5,3,4,2,1,1,5,1,5,0,2,4,2,5,3,2,2,3,5,0,2,2,2,4,3,2,0,2,2,0,3,4,0,4,0,0,0,0,0,0,0,0,4,4,4,2,3,2,4,3,3,3,0,0,0,5,3,3,3,2,0,4,2,5,3,0,2,1,2,2,0,0,2,2,4,2,2,3,3,2,2,2,0,4,2,0,2,2,2,0,0,0,4,5,3,2,2,2,0,0,0,0,2,2,2,5,4,2,0,1,5,3,3"
80,1.0398746241036383,"4,0,2,3,0,1,3,0,1,3,5,1,3,4,5,1,5,2,0,2,3,2,2,2,2,2,2,4,0,2,3,1,1,3,1,1,1,2,2,4,5,4,5,2,5,5,1,0,0,4,4,2,2,2,2,0,0,0,3,0,2,3,2,2,4,0,0,2,3,1,1,2,4,0,0,4,2,5,5,2,2,3,0,2,3,2,2,3,4,2,2,2,2,4,1,5,2,2,4,2,2,0,2,2,0,2,3,2,2,3,2,0,3,5,2,2,4,2,0,5,2,0,3,2,1,5,1,4,5,2,0,2,2,3,3,1,1,0,2,0,0,0,2,3,2,2,0,0,0,2,1,5,1,1,5,4,3,3,5,4,5,5,0,2,2,5,3,4,2,1,1,5,1,5,0,2,4,2,5,3,2,2,5,1,0,2,2,2,4,3,2,0,2,2,1,3,4,0,4,0,0,0,0,0,0,0,0,4,4,4,2,3,2,4,3,3,3,0,0,0,5,3,3,3,2,0,4,2,5,3,0,2,1,2,2,0,0,2,2,4,2,2,3,3,2,2,2,0,4,2,0,2,2,2,0,0,0,4,5,3,2,2,2,0,0,0,0,2,2,2,5,4,2,0,1,5,3,3"
81,1.040758927508418,"4,0,2,3,0,1,3,0,1,3,5,1,3,4,5,1,5,2,0,2,3,2,2,2,2,2,2,4,0,2,3,1,1,3,1,1,1,2,2,4,5,4,5,2,5,5,1,0,0,4,4,2,2,2,2,0,0,0,3,0,2,3,2,2,4,0,0,2,3,1,1,2,4,0,0,4,2,5,5,2,2,3,0,2,3,2,2,3,4,2,2,2,2,4,1,5,2,2,4,2,2,0,2,2,0,2,3,2,2,3,2,0,3,5,2,2,4,2,0,5,2,0,3,2,1,5,1,4,5,2,0,2,2,3,3,1,1,0,2,0,0,0,2,3,2,2,0,0,0,2,1,5,1,1,5,4,3,3,5,4,5,5,0,2,2,5,3,4,2,1,1,5,1,5,0,2,4,2,5,3,2,0,3,1,0,2,2,2,4,3,2,0,2,2,0,3,4,0,4,0,0,0,0,0,0,0,0,4,4,4,2,3,5,0,3,3,3,0,0,0,5,3,3,3,2,0,4,2,5,3,2,2,5,2,2,0,0,2,2,4,2,2,3,3,2,2,2,0,4,2,0,0,2,2,0,0,2,4,5,3,2,2,2,0,0,0,0,2,2,2,5,4,2,0,1,5,3,3"
82,1.0404816540790478,"4,0,2,3,0,1,3,0,1,3,5,1,3,4,5,1,5,2,0,2,3,2,2,2,2,2,2,4,0,2,3,1,1,3,1,1,1,2,2,4,5,4,5,2,5,5,1,0,0,4,4,2,2,2,2,0,0,0,3,0,2,3,2,2,4,0,0,2,3,1,1,2,4,0,0,4,2,5,5,2,2,3,0,2,3,2,2,3,4,2,2,2,2,4,1,5,2,2,4,2,2,0,2,2,0,2,3,2,2,3,2,0,3,5,2,2,4,2,0,5,2,0,3,2,1,5,1,4,5,2,0,2,2,3,3,1,1,0,2,0,0,0,2,3,2,2,0,0,0,2,1,5,1,1,5,4,3,3,5,4,5,5,0,2,2,5,3,4,2,1,1,5,1,5,0,2,4,2,5,3,2,0,3,1,0,2,2,2,4,3,2,0,2,2,0,3,4,0,4,0,0,0,0,0,0,0,0,4,4,4,2,3,5,0,3,3,3,0,0,0,5,3,3,3,2,0,4,2,5,3,2,2,5,2,2,0,0,2,2,4,2,2,3,3,2,2,2,0,4,2,0,0,2,2,0,0,0,4,3,3,2,2,2,0,0,0,0,2,2,2,5,4,2,0,1,5,3,3"
83,1.0415861636764974,"4,0,2,3,0,1,3,0,1,3,5,1,3,0,5,1,3,2,0,2,3,2,2,0,2,2,2,4,0,2,3,1,1,5,1,1,1,2,2,4,5,0,5,2,5,5,1,0,0,4,2,2,2,2,2,0,0,0,3,0,2,3,2,2,4,0,0,2,3,1,1,2,4,0,0,4,2,5,5,2,2,3,0,2,3,2,2,3,4,2,2,2,3,4,1,5,2,2,4,2,2,0,2,2,0,2,3,2,2,3,2,0,3,5,2,2,4,2,0,5,2,0,3,2,1,5,1,4,5,2,0,2,2,3,3,1,1,0,2,0,0,0,2,3,2,2,0,0,0,2,1,5,1,1,5,4,3,3,5,4,5,5,0,2,2,5,5,4,2,1,1,5,1,5,0,2,4,2,5,3,2,0,3,1,0,2,2,2,4,2,2,0,2,2,0,3,4,0,4,0,0,0,0,0,0,0,0,4,4,4,2,3,2,0,3,3,3,0,0,0,5,3,3,3,2,0,4,2,5,3,2,2,1,2,2,0,0,2,2,4,2,2,3,3,2,2,2,0,4,2,0,0,2,2,0,0,0,4,5,3,2,2,2,0,0,0,0,2,2,2,5,4,2,0,1,5,3,3"
84,1.0418880360285674,"4,0,2,3,0,1,3,0,1,3,5,1,3,0,5,1,3,2,0,2,3,2,2,0,2,2,2,4,0,2,3,1,1,5,1,1,1,2,2,4,5,0,5,2,5,5,1,0,0,4,2,2,2,2,2,0,0,0,3,0,2,3,2,2,4,0,0,2,3,1,1,2,4,0,0,4,2,5,5,2,2,3,0,0,3,2,2,3,4,2,2,2,2,4,1,5,2,2,4,2,2,0,2,2,0,2,3,2,2,3,2,0,3,5,2,2,4,2,0,5,2,0,3,2,4,5,1,4,5,2,0,2,2,3,3,1,1,0,2,0,0,0,2,3,2,2,0,0,0,2,1,5,1,1,5,4,3,3,5,4,5,5,0,2,2,5,5,4,2,1,1,5,1,5,0,2,4,2,5,3,2,0,3,1,0,2,2,5,3,2,2,0,2,2,0,3,4,0,4,0,0,0,0,0,0,0,0,4,4,4,2,3,2,0,3,3,3,0,0,0,5,3,3,3,2,0,4,2,5,3,2,2,2,2,2,0,0,2,2,4,2,2,3,3,2,2,2,0,4,2,0,0,2,2,0,0,0,4,5,3,2,2,2,0,0,0,0,2,2,2,5,4,2,0,1,5,3,3"
85,1.0423310167577988,"4,0,2,3,0,1,3,0,1,3,5,1,3,0,4,1,3,2,0,2,3,2,2,0,2,2,2,4,0,2,3,1,1,5,1,1,1,2,2,4,5,0,5,2,5,5,1,0,0,4,2,2,2,2,2,0,0,0,3,0,2,3,2,2,4,0,0,2,3,1,1,2,4,0,0,4,2,5,5,2,2,3,0,0,3,2,2,3,4,2,2,2,2,4,1,5,2,2,4,2,2,0,2,2,0,2,3,2,2,3,2,0,3,5,2,2,4,2,0,5,2,0,3,2,4,5,1,4,5,2,0,2,2,3,3,1,1,0,2,0,0,0,2,3,2,2,0,0,0,2,1,5,1,1,5,4,3,3,5,4,5,5,0,2,2,5,5,0,2,1,1,5,1,5,0,2,4,2,5,3,2,0,3,1,0,2,2,2,3,2,2,0,2,2,0,3,4,0,4,0,0,0,0,0,0,0,0,4,4,4,2,3,2,0,3,3,3,0,0,0,5,3,3,3,2,0,4,2,5,3,2,2,2,2,2,0,0,2,2,4,2,2,3,3,2,2,2,0,4,2,0,0,2,2,0,0,0,4,5,3,2,2,2,0,0,0,2,2,2,2,5,3,2,0,1,5,3,3"
86,1.042791151731775,"4,0,2,3,0,1,3,0,1,3,5,1,3,0,4,1,3,2,0,2,3,2,2,0,2,2,2,4,0,2,3,1,1,5,1,1,1,2,2,4,5,0,5,2,5,5,1,0,0,4,2,2,2,2,2,0,0,0,3,0,0,3,2,2,4,0,0,2,3,1,1,2,4,0,0,4,2,5,5,2,2,3,0,0,3,2,2,3,2,2,2,2,2,4,1,5,2,2,4,2,2,0,2,2,0,2,3,2,2,3,2,0,3,5,2,2,4,2,0,5,2,0,3,2,4,5,1,4,5,2,0,2,2,3,3,1,1,0,2,0,0,0,2,3,2,2,0,0,0,2,1,5,1,1,5,4,3,3,5,4,5,5,0,2,2,5,5,4,2,1,1,5,1,5,0,2,4,2,5,3,2,0,3,1,0,2,2,2,3,2,2,0,3,2,0,3,4,0,4,0,0,0,0,0,0,0,0,4,4,4,2,3,2,0,3,3,3,0,0,0,5,3,3,3,2,0,4,2,5,3,2,2,2,2,2,0,0,2,2,4,2,2,3,3,2,2,2,0,4,2,0,0,2,2,0,0,0,4,5,3,2,2,2,0,0,0,2,2,2,2,5,4,2,0,1,5,3,3"
87,1.0429001296792237,"4,0,2,3,0,1,3,0,1,3,5,1,3,0,4,1,3,2,0,2,3,2,2,0,2,2,2,4,0,2,3,1,1,5,1,1,1,2,2,4,5,0,5,2,5,5,1,0,0,4,2,2,2,2,2,0,0,0,3,0,0,3,2,2,4,0,0,2,3,1,1,2,4,0,0,4,2,5,5,2,2,3,0,0,3,2,2,3,4,2,2,2,2,4,1,5,2,2,4,2,2,0,2,2,0,2,3,2,2,3,2,0,3,5,2,2,4,2,0,5,2,0,3,2,4,3,1,5,5,2,0,2,2,3,3,1,1,0,2,0,0,0,2,3,2,2,0,0,0,4,1,5,1,1,2,4,3,3,1,4,5,5,0,2,2,5,5,4,2,1,1,5,1,5,0,0,4,5,5,3,2,0,3,1,0,2,2,2,3,2,2,0,2,2,0,3,4,0,4,0,0,0,0,0,0,0,0,4,4,4,2,3,2,0,3,3,3,0,0,0,5,3,3,3,2,0,4,2,5,4,2,2,2,2,2,0,0,2,2,4,2,2,3,3,2,2,2,0,4,2,0,0,2,2,0,0,0,4,5,3,2,2,2,0,0,0,2,2,2,2,5,3,2,0,1,5,3,3"
88,1.0435110145516557,"4,0,2,3,0,1,3,0,1,3,5,1,3,0,4,1,3,2,0,2,3,2,2,0,2,0,2,4,0,2,3,1,1,5,1,1,1,2,2,3,5,0,2,2,5,5,1,0,0,4,2,2,2,2,2,0,0,0,3,0,0,3,2,2,4,0,0,2,3,1,1,2,4,0,0,4,2,5,5,2,2,3,0,0,3,2,2,3,4,2,2,2,2,4,1,5,2,2,4,2,2,0,2,2,0,2,3,2,2,3,2,0,3,5,2,2,4,2,0,5,2,0,3,2,4,3,1,5,5,2,0,2,2,3,3,1,1,0,2,0,0,0,2,3,2,2,0,0,0,4,1,5,1,1,2,4,3,3,1,4,5,5,0,2,2,5,5,4,2,1,1,5,1,5,0,0,4,5,5,3,2,0,3,1,0,2,2,2,3,2,2,0,2,2,0,3,4,0,4,0,0,0,0,0,0,0,0,4,4,4,2,3,2,0,3,3,3,0,0,0,5,3,3,3,2,0,4,2,5,4,2,2,2,2,2,0,0,2,2,4,2,2,3,3,2,2,2,0,4,2,0,0,2,2,0,0,0,4,5,3,2,2,2,0,0,0,2,2,2,2,5,3,2,0,1,5,3,3"
89,1.0445458009874045,"4,0,2,3,0,1,3,0,1,3,5,1,3,0,4,1,3,2,0,2,3,2,2,0,2,0,2,4,0,2,3,1,1,5,1,1,1,2,2,3,5,0,2,2,5,5,1,0,0,4,2,2,2,2,2,0,0,0,3,0,0,3,2,2,4,0,0,2,3,1,1,2,4,0,0,4,2,5,5,2,2,3,0,0,3,2,2,3,2,2,2,2,2,4,1,5,2,2,4,2,2,0,2,2,0,2,3,2,2,3,2,0,3,5,2,2,4,2,0,5,2,0,3,2,4,3,1,5,5,2,0,2,2,3,3,1,1,0,2,0,0,0,2,3,2,2,0,0,0,4,1,5,1,1,2,2,3,3,1,4,5,5,0,2,2,5,5,4,2,1,1,5,1,1,0,0,4,2,3,3,2,0,4,1,0,2,2,2,3,2,2,0,2,2,0,3,4,0,4,0,0,0,0,0,0,0,0,4,4,4,2,3,2,0,3,3,3,0,0,0,5,3,3,3,2,0,4,2,5,3,2,2,2,2,2,0,0,2,2,4,2,2,3,3,2,2,2,0,0,2,0,0,2,2,0,0,0,4,5,3,2,2,2,0,0,0,2,2,2,2,5,3,2,0,1,5,3,3"
90,1.0445687657885225,"4,0,2,3,0,1,3,0,1,3,5,1,3,0,4,1,3,2,0,2,3,2,2,0,2,0,2,4,0,2,3,1,1,5,1,1,1,2,2,3,5,0,2,2,5,5,1,0,0,4,2,2,4,2,2,0,0,0,3,0,0,3,2,2,4,0,0,2,3,1,1,2,4,0,0,4,2,5,5,2,2,3,0,0,3,2,2,3,2,2,2,2,2,4,1,5,2,2,4,2,2,0,2,2,0,2,3,2,2,3,2,0,3,5,2,2,4,2,0,5,2,0,3,2,4,3,1,5,5,2,0,2,2,3,3,1,1,0,2,0,0,0,2,3,2,2,0,0,0,4,1,5,1,1,2,2,3,3,1,4,5,5,0,2,2,5,5,4,2,1,1,5,1,1,0,0,4,2,3,3,2,0,4,1,0,2,2,2,3,2,2,0,2,2,0,3,4,0,4,0,0,0,0,0,0,0,0,4,4,4,2,3,2,0,3,3,3,0,0,0,5,3,3,3,2,0,4,2,5,3,2,2,2,2,2,0,0,2,2,4,2,2,3,3,2,2,2,0,0,2,0,0,2,2,0,0,0,4,5,3,2,2,2,0,0,0,2,2,2,2,5,3,2,0,1,5,3,3"
91,1.0415830164000335,"4,0,2,3,0,1,3,0,1,3,5,1,3,0,4,1,3,2,0,2,3,2,2,0,2,0,0,4,0,2,3,1,1,5,1,1,1,2,2,3,5,0,2,2,5,5,1,0,0,4,2,2,2,2,2,0,0,0,3,0,0,3,2,2,4,0,2,2,3,1,1,2,4,0,0,4,2,5,5,2,2,3,0,0,3,2,2,3,2,2,2,2,2,4,1,5,2,2,4,2,4,0,2,2,0,2,4,2,2,3,2,0,3,5,2,2,4,2,0,5,2,0,3,2,4,3,1,5,5,2,0,0,2,3,3,1,1,0,2,0,0,0,2,3,2,2,0,0,0,4,1,5,1,1,2,2,3,3,1,0,5,5,0,2,2,5,5,4,2,1,1,5,1,1,0,0,4,2,3,3,2,0,4,1,0,2,2,3,3,2,2,0,2,2,5,3,4,0,4,0,0,0,0,0,0,0,0,4,3,4,2,3,2,0,3,3,3,0,0,0,5,3,3,3,2,0,4,2,1,3,2,4,2,2,2,0,0,2,2,4,2,2,3,3,1,2,2,0,0,2,0,0,2,2,0,0,0,4,5,3,2,2,2,0,0,1,2,0,2,2,5,3,0,0,4,5,3,3"
92,1.0421404939062657,"4,0,2,3,0,1,3,0,1,3,5,1,3,0,4,1,3,2,0,2,3,2,2,0,2,0,0,4,0,2,3,1,1,5,1,1,1,2,2,3,5,0,2,2,5,5,1,0,0,4,2,2,2,2,2,0,0,0,3,0,0,3,2,2,4,0,2,2,3,1,1,2,3,0,0,2,2,5,5,2,2,3,0,0,3,2,2,3,2,2,2,2,2,4,1,5,2,2,4,2,4,0,2,2,0,2,4,2,2,3,2,0,3,5,2,2,4,2,0,5,2,0,3,2,4,3,0,5,5,2,0,0,2,3,3,1,1,0,2,0,0,0,2,3,2,2,0,0,0,4,1,5,1,1,2,2,3,3,1,0,5,5,0,2,2,5,5,4,2,1,1,5,1,3,0,0,4,2,3,3,2,0,4,1,0,2,2,2,3,2,2,0,2,2,5,3,4,0,4,0,0,0,0,0,0,0,0,4,4,4,5,3,2,0,3,3,3,0,0,0,5,3,3,3,2,2,3,2,5,3,2,2,2,2,2,0,0,2,2,4,2,2,3,3,2,2,2,0,0,2,0,0,2,2,0,0,0,4,5,3,2,2,2,4,0,0,2,2,2,2,5,3,2,0,1,5,3,3"
93,1.0438922251009903,"4,0,2,3,0,1,3,0,1,3,5,1,3,0,4,1,3,2,0,2,3,2,2,0,2,0,2,4,0,2,3,1,1,5,1,1,1,2,2,3,5,0,2,2,5,5,1,0,0,4,2,2,4,2,2,0,0,0,3,0,0,3,4,2,4,0,0,2,3,1,1,2,4,0,0,4,2,5,5,2,2,3,0,0,3,2,2,3,0,2,2,2,2,4,1,5,2,2,4,2,2,0,2,2,0,2,0,2,2,3,2,0,3,5,2,2,4,2,0,5,2,0,3,2,4,3,1,5,1,2,0,2,2,3,3,1,1,0,1,0,0,0,2,3,2,2,0,0,0,4,1,5,1,1,2,2,3,3,1,4,5,5,0,2,2,5,5,4,2,1,1,5,1,1,0,0,4,2,3,3,2,0,4,1,0,2,2,2,3,2,2,0,2,2,0,3,4,0,4,0,0,0,0,0,0,0,0,4,4,4,2,3,2,0,3,3,3,0,0,0,5,3,3,3,2,0,4,2,5,3,2,2,2,2,2,0,0,2,2,4,2,2,3,3,2,2,2,0,0,2,0,0,2,2,0,0,0,4,5,3,2,2,2,0,0,0,2,2,2,2,5,3,3,0,1,5,3,3"
94,1.0442406570788814,"4,0,2,3,0,1,3,0,1,3,5,1,3,0,4,1,3,2,0,2,3,2,2,0,2,0,2,4,0,2,3,1,1,5,1,1,1,2,2,3,5,0,2,2,5,5,1,0,0,4,2,2,4,2,2,0,0,0,3,0,0,3,4,2,4,0,0,2,3,1,1,2,4,0,0,4,2,5,5,2,2,3,0,0,3,2,2,3,0,2,2,2,2,4,1,5,2,2,4,2,2,0,2,2,0,2,0,2,2,3,2,0,3,5,2,2,4,2,0,5,2,0,3,2,4,3,1,5,1,2,0,2,2,3,3,1,1,0,1,0,0,0,2,3,2,2,0,0,0,4,1,5,1,1,2,2,3,3,1,4,5,5,0,2,2,5,5,4,2,1,1,5,1,1,0,0,4,2,3,3,2,0,4,1,0,2,2,2,3,2,2,0,2,2,0,3,4,0,4,0,0,0,0,0,0,0,0,4,4,4,2,3,2,0,3,3,3,0,0,0,5,3,3,3,2,0,4,2,5,2,2,2,2,2,2,0,0,2,2,4,2,2,3,3,2,2,2,0,0,2,0,0,2,2,0,0,0,4,5,3,2,2,2,0,0,0,2,2,2,2,5,3,2,0,1,5,3,3"
95,1.0450324939830273,"4,0,2,3,0,1,3,0,1,3,5,1,3,0,4,1,3,2,0,2,3,2,2,0,2,0,2,4,0,2,3,1,1,5,1,1,1,2,2,3,5,0,2,2,5,5,1,0,0,4,2,2,4,2,2,0,0,0,3,0,0,3,4,2,4,0,0,2,3,1,1,2,4,0,0,4,2,5,5,2,2,3,0,0,3,2,2,3,2,2,2,2,2,4,1,5,2,2,4,2,2,0,2,2,3,2,0,2,2,3,2,0,3,5,2,2,2,2,0,5,2,0,3,2,4,3,1,5,5,2,0,2,2,3,3,1,5,0,0,0,0,0,2,3,2,2,0,0,0,4,1,5,1,1,2,2,3,3,1,4,5,5,0,2,2,5,5,4,2,1,1,5,1,1,0,0,4,2,3,3,2,0,4,1,0,2,2,2,3,2,2,0,2,2,0,3,4,0,4,0,0,0,0,0,0,4,0,4,4,4,2,3,2,0,3,3,3,0,0,0,5,3,3,3,2,0,4,2,5,3,2,2,2,2,2,0,0,2,2,4,2,2,3,3,2,2,2,0,0,2,0,0,2,2,0,0,0,4,5,3,2,2,2,0,0,0,2,2,2,2,5,3,2,0,1,5,3,3"
96,1.045281664774285,"4,0,2,3,0,1,3,0,1,3,5,1,3,0,4,1,3,2,0,2,3,2,2,0,2,0,2,4,0,2,3,1,1,5,1,1,1,2,2,4,5,0,2,2,5,5,1,0,0,4,2,2,4,2,2,0,0,0,3,0,0,3,4,2,4,0,0,2,3,1,1,2,4,0,0,4,2,5,5,2,2,3,0,0,3,2,2,3,2,2,2,2,2,4,1,5,2,2,4,2,2,0,2,2,3,2,0,2,2,3,2,0,3,5,2,2,2,2,0,5,2,0,3,2,4,3,1,5,5,2,0,2,2,3,3,1,5,0,0,0,0,0,2,3,2,2,0,0,0,4,1,5,1,1,2,2,3,3,1,4,5,5,0,2,2,5,5,4,2,1,1,5,1,1,0,0,4,2,3,3,2,0,4,1,0,2,2,2,3,2,2,0,2,2,0,3,4,0,4,0,0,0,0,0,0,4,0,4,4,4,2,3,2,0,3,3,3,0,0,0,5,3,3,3,2,0,4,2,5,2,2,2,2,2,2,0,0,2,2,4,2,2,3,3,2,2,2,0,0,2,0,0,2,2,0,0,0,4,5,3,2,2,2,0,0,0,2,2,2,2,5,3,2,0,1,5,3,3"
97,1.0457056068384845,"4,0,2,3,0,1,3,0,1,3,5,1,3,0,4,1,3,2,2,2,3,2,2,0,2,0,2,4,0,2,3,1,1,5,1,1,1,2,2,4,5,0,2,2,5,5,1,0,0,4,2,2,4,2,2,0,0,0,3,0,0,3,4,2,4,0,0,2,3,1,1,2,4,0,0,4,2,5,5,2,2,3,0,0,3,2,2,3,2,2,2,2,2,4,1,5,2,2,4,2,2,0,2,2,3,3,0,2,2,3,2,0,3,5,2,2,2,2,0,5,2,0,3,2,4,3,1,5,5,2,0,2,2,3,3,1,5,0,0,0,0,0,2,3,2,2,0,0,0,4,1,5,1,1,2,2,3,3,1,4,5,5,0,2,2,5,5,4,2,1,1,5,1,1,0,0,4,2,3,3,2,0,4,4,0,2,2,2,3,2,2,0,2,2,0,3,4,0,4,0,0,0,0,0,0,4,0,0,4,4,2,3,2,0,3,3,3,0,0,0,5,3,3,3,2,0,4,2,5,2,2,2,2,2,2,0,0,2,2,4,2,2,3,3,2,2,2,0,0,2,0,0,2,2,0,0,0,4,5,3,2,2,2,0,0,0,2,2,2,2,3,3,2,0,1,5,3,3"
98,1.0459289814542712,"4,0,2,3,0,1,3,0,1,3,5,1,3,0,4,1,3,2,2,2,3,2,2,0,2,0,2,4,0,2,3,1,1,5,1,1,1,2,2,4,5,0,2,2,5,5,1,0,0,4,2,2,4,2,2,0,0,0,3,0,0,3,4,2,4,0,0,2,3,1,1,2,4,0,0,4,2,5,5,2,2,3,0,0,3,2,2,3,2,2,2,2,2,4,1,5,2,2,4,2,2,0,2,2,3,2,0,2,2,3,2,0,3,5,2,2,2,2,0,5,2,0,3,2,4,3,1,5,5,2,0,2,2,3,3,1,5,0,0,0,0,0,0,3,2,2,0,0,0,4,1,5,1,1,2,2,2,3,1,4,5,5,0,2,2,5,5,4,2,1,1,5,1,1,0,0,4,2,3,3,2,0,4,1,0,2,2,2,3,2,2,0,2,2,0,3,4,0,4,0,0,0,0,0,0,4,0,0,4,4,2,3,2,0,3,3,3,0,0,0,5,3,3,3,2,0,4,2,5,2,2,2,2,4,2,0,0,2,2,4,2,2,3,3,2,2,2,0,0,2,0,0,2,2,0,0,2,0,5,3,2,2,2,0,0,0,2,2,2,2,3,3,2,0,1,5,3,3"
99,1.0459289814542712,"4,0,2,3,0,1,3,0,1,3,5,1,3,0,4,1,3,2,2,2,3,2,2,0,2,0,2,4,0,2,3,1,1,5,1,1,1,2,2,4,5,0,2,2,5,5,1,0,0,4,2,2,4,2,2,0,0,0,3,0,0,3,4,2,4,0,0,2,3,1,1,2,4,0,0,4,2,5,5,2,2,3,0,0,3,2,2,3,2,2,2,2,2,4,1,5,2,2,4,2,2,0,2,2,3,2,0,2,2,3,2,0,3,5,2,2,2,2,0,5,2,0,3,2,4,3,1,5,5,2,0,2,2,3,3,1,5,0,0,0,0,0,0,3,2,2,0,0,0,4,1,5,1,1,2,2,2,3,1,4,5,5,0,2,2,5,5,4,2,1,1,5,1,1,0,0,4,2,3,3,2,0,4,1,0,2,2,2,3,2,2,0,2,2,0,3,4,0,4,0,0,0,0,0,0,4,0,0,4,4,2,3,2,0,3,3,3,0,0,0,5,3,3,3,2,0,4,2,5,2,2,2,2,4,2,0,0,2,2,4,2,2,3,3,2,2,2,0,0,2,0,0,2,2,0,0,2,0,5,3,2,2,2,0,0,0,2,2,2,2,3,3,2,0,1,5,3,3"
100,1.0456870467880408,"4,0,4,3,0,1,3,0,1,3,5,1,3,0,4,1,3,2,2,2,3,2,2,0,2,0,2,4,0,2,3,1,1,5,1,1,1,2,2,4,5,0,2,2,5,5,1,0,0,4,2,2,4,2,2,0,0,0,3,0,0,3,4,2,4,0,0,2,3,1,1,2,4,0,0,4,2,5,5,2,2,3,0,0,3,2,2,3,2,2,2,2,2,4,1,5,2,2,4,2,2,0,2,2,3,2,0,2,2,4,2,0,3,5,2,2,2,2,0,5,2,0,3,2,4,3,1,5,5,2,0,2,2,3,3,1,5,2,0,0,0,0,0,3,2,2,0,0,0,4,1,5,1,1,2,2,2,3,1,4,5,5,0,2,2,5,5,4,2,1,1,5,1,1,0,0,4,2,3,3,2,0,4,1,0,2,2,2,3,2,2,0,2,2,0,3,4,0,4,0,0,0,0,0,0,4,0,0,4,4,2,3,2,0,3,3,3,0,0,0,5,3,3,3,2,0,4,2,5,2,2,2,2,4,2,0,0,2,2,4,2,2,3,3,2,2,2,0,0,2,0,0,2,2,0,0,2,0,5,3,2,2,2,0,0,0,2,2,2,2,3,3,2,0,1,5,3,3"
101,1.0462364515960827,"4,0,4,3,0,1,3,0,1,3,5,1,3,0,4,1,3,2,2,2,3,2,2,0,2,0,2,4,0,2,3,1,1,5,1,1,1,2,2,4,5,0,2,2,5,5,1,0,0,4,2,2,4,2,2,0,0,0,3,0,0,3,4,2,4,0,0,2,3,1,1,2,4,0,0,4,2,5,5,2,2,3,0,0,3,2,2,3,2,2,2,2,2,4,1,5,2,2,4,2,2,0,2,2,3,2,0,2,2,4,2,0,0,5,2,2,2,4,0,5,2,0,3,2,4,3,1,5,5,2,0,2,2,3,3,1,5,2,0,0,0,0,0,3,2,2,0,0,0,4,1,5,1,1,2,2,2,3,1,4,5,5,0,2,2,5,5,4,2,1,1,5,1,1,0,0,4,0,3,3,2,0,4,1,0,2,2,2,3,2,2,0,2,2,0,3,4,0,4,0,0,0,0,0,0,4,0,0,4,4,2,3,3,0,3,3,3,0,0,0,5,3,3,3,2,0,4,2,5,2,2,2,2,4,2,0,0,2,2,4,2,2,3,3,2,2,2,0,0,2,0,0,2,2,0,0,2,0,5,3,2,2,2,0,0,0,2,2,2,2,3,3,2,0,1,5,3,3"
102,1.0462364515960827,"4,0,4,3,0,1,3,0,1,3,5,1,3,0,4,1,3,2,2,2,3,2,2,0,2,0,2,4,0,2,3,1,1,5,1,1,1,2,2,4,5,0,2,2,5,5,1,0,0,4,2,2,4,2,2,0,0,0,3,0,0,3,4,2,4,0,0,2,3,1,1,2,4,0,0,4,2,5,5,2,2,3,0,0,3,2,2,3,2,2,2,2,2,4,1,5,2,2,4,2,2,0,2,2,3,2,0,2,2,4,2,0,0,5,2,2,2,4,0,5,2,0,3,2,4,3,1,5,5,2,0,2,2,3,3,1,5,2,0,0,0,0,0,3,2,2,0,0,0,4,1,5,1,1,2,2,2,3,1,4,5,5,0,2,2,5,5,4,2,1,1,5,1,1,0,0,4,0,3,3,2,0,4,1,0,2,2,2,3,2,2,0,2,2,0,3,4,0,4,0,0,0,0,0,0,4,0,0,4,4,2,3,3,0,3,3,3,0,0,0,5,3,3,3,2,0,4,2,5,2,2,2,2,4,2,0,0,2,2,4,2,2,3,3,2,2,2,0,0,2,0,0,2,2,0,0,2,0,5,3,2,2,2,0,0,0,2,2,2,2,3,3,2,0,1,5,3,3"
103,1.0457102623812655,"4,0,4,3,0,1,3,0,1,3,5,1,3,0,4,1,3,2,2,2,3,2,2,0,2,0,2,4,0,2,3,1,1,5,1,1,1,2,2,4,5,0,2,2,5,5,1,0,0,4,2,2,4,2,2,0,0,0,3,0,0,3,4,2,4,0,0,2,3,1,1,2,4,0,0,4,2,5,5,2,2,3,0,0,3,2,2,3,2,2,2,2,2,4,1,5,2,2,4,2,2,0,2,2,3,2,0,2,2,4,2,0,0,5,2,2,2,4,0,5,2,0,3,1,4,3,1,5,5,2,0,2,2,3,3,1,5,2,0,0,0,0,0,3,2,2,0,0,0,4,1,5,1,1,2,2,2,3,1,4,5,5,0,2,2,5,5,4,2,1,1,5,1,1,0,0,4,0,3,3,2,0,4,1,0,2,2,2,3,2,2,0,2,2,0,3,4,0,4,0,0,0,0,0,0,4,0,0,4,4,2,3,3,0,3,3,3,0,0,0,5,3,3,3,2,0,4,2,5,2,2,2,2,4,2,0,0,2,2,4,2,2,3,3,2,2,2,0,0,2,0,0,2,2,0,0,2,0,5,3,2,2,2,0,0,0,2,2,2,2,3,3,2,0,1,5,3,3"
104,1.0471111946926515,"4,0,4,3,0,1,3,0,1,3,5,1,3,0,4,1,3,2,2,2,3,2,2,0,2,0,2,4,0,2,3,1,1,5,1,1,1,2,2,4,5,0,2,2,5,5,1,0,0,4,2,2,4,2,2,0,0,0,3,0,0,3,4,2,4,0,0,2,3,1,1,2,4,0,0,4,2,5,5,2,2,3,0,3,3,2,2,3,2,3,2,2,2,4,1,5,2,2,4,2,2,0,2,2,3,2,0,2,2,4,2,0,0,5,2,2,2,4,0,5,2,0,3,2,4,3,1,5,5,2,0,2,2,3,3,1,5,0,0,0,0,0,0,3,2,2,0,0,0,4,1,5,1,1,2,2,2,3,3,4,5,5,0,2,2,5,5,4,2,1,1,5,1,1,0,0,4,2,3,3,2,0,4,1,0,2,2,2,3,2,2,0,2,2,4,3,4,0,4,0,0,0,0,0,0,4,0,0,4,4,2,3,3,0,3,3,2,0,0,0,5,3,3,3,2,0,2,2,5,2,2,2,2,4,2,0,0,2,2,4,3,2,3,3,2,2,2,0,0,2,0,0,2,2,0,0,2,0,5,2,2,2,2,0,0,0,2,2,2,2,3,3,2,0,1,5,3,3"
105,1.047636188102147,"4,0,4,3,0,1,3,0,1,3,5,1,3,0,4,1,3,2,2,2,3,2,2,0,2,0,2,4,0,2,3,1,1,5,1,1,1,2,2,4,5,0,2,2,5,5,1,0,0,4,2,2,4,2,2,0,0,0,3,0,0,3,4,2,4,0,0,2,0,1,1,2,4,0,0,4,2,5,5,2,2,3,0,3,3,2,2,3,2,3,2,2,2,4,1,5,2,2,4,2,2,0,2,2,0,2,0,2,2,4,2,0,0,5,2,2,2,4,0,5,2,0,3,2,4,3,1,5,5,2,0,2,2,3,3,1,5,0,0,0,0,0,0,3,2,2,0,0,0,4,1,5,1,1,2,2,2,2,3,4,5,5,0,2,2,5,5,4,2,1,1,5,1,1,0,0,4,2,3,3,2,0,4,1,0,2,2,2,3,2,2,0,2,2,4,3,4,0,4,0,0,0,0,0,0,4,0,0,4,4,2,3,3,0,3,3,2,0,5,0,5,3,3,3,2,0,2,2,5,2,2,2,2,4,2,0,0,2,2,4,3,2,3,3,2,2,2,0,0,2,0,0,2,2,0,0,2,0,5,2,2,2,2,0,0,0,2,2,2,2,2,3,2,0,1,5,3,3"
106,1.0473613259871013,"4,0,4,3,0,1,3,0,1,3,5,1,3,0,4,1,3,2,2,2,3,2,2,0,2,0,2,4,0,2,3,1,1,5,1,1,1,2,4,4,5,0,2,2,5,5,1,0,0,4,2,2,4,2,2,0,0,0,3,0,0,3,4,2,4,0,0,2,0,1,1,2,4,0,0,4,2,5,5,2,2,3,0,3,3,2,2,3,2,3,2,2,2,4,1,5,2,2,4,2,2,0,2,2,0,2,0,2,2,4,2,0,0,5,2,2,2,4,0,5,2,0,3,2,4,3,1,5,5,2,0,2,2,3,3,1,5,0,0,0,0,0,0,3,2,2,0,0,0,4,1,5,1,1,2,2,2,2,3,4,5,5,0,2,2,5,5,4,2,1,1,5,1,1,0,0,4,2,3,3,2,0,4,1,0,2,2,2,3,2,2,0,2,2,4,3,4,0,4,0,0,0,0,0,0,4,0,0,4,4,2,3,3,0,3,3,2,0,0,0,5,3,3,3,2,0,2,2,5,2,2,2,2,4,2,0,0,2,2,4,3,2,3,3,2,2,2,0,0,2,0,0,2,2,0,0,2,0,5,2,2,2,2,0,0,0,2,2,2,2,3,3,2,0,1,5,3,3"
107,1.0472435312587067,"4,0,4,3,0,1,3,0,1,3,5,1,3,0,4,1,3,2,2,2,3,2,2,0,5,0,2,4,0,2,3,1,1,5,1,1,1,2,4,4,5,0,2,2,5,5,1,0,0,4,2,2,4,2,2,0,0,0,3,0,0,3,4,2,4,0,0,2,0,1,1,2,4,0,0,4,2,5,5,2,2,3,0,3,3,2,2,3,2,3,2,2,2,4,1,5,2,2,4,2,2,0,2,2,0,2,0,2,2,4,2,0,0,5,2,2,2,4,0,5,2,0,3,2,4,3,1,5,5,2,0,2,2,3,3,1,5,0,0,0,0,0,0,3,2,2,0,0,0,4,1,5,1,1,2,2,2,2,3,4,5,5,0,2,2,5,5,4,2,1,1,5,1,1,0,0,4,2,3,3,2,0,4,1,0,2,2,2,3,2,2,0,2,2,4,3,4,0,4,0,0,0,0,0,0,4,0,0,4,4,2,3,3,0,3,3,2,0,0,0,5,3,3,3,2,0,2,2,5,2,2,2,2,4,2,0,0,2,2,5,2,2,3,3,2,2,2,0,0,2,0,0,2,2,0,0,2,0,5,2,0,2,2,1,0,0,2,2,2,2,3,3,2,0,1,5,3,3"
108,1.0475339793398968,"4,0,4,3,0,1,3,0,1,3,5,1,3,0,4,1,3,2,2,2,3,2,2,0,0,0,2,4,0,2,3,1,1,5,1,1,1,2,4,4,5,0,2,2,5,5,1,0,0,4,2,2,4,2,2,0,0,0,3,0,0,3,4,2,4,0,0,2,0,1,1,2,4,0,0,4,2,5,5,2,2,3,0,3,3,2,2,3,2,3,2,2,2,4,1,5,2,2,4,2,2,0,2,2,3,2,0,2,2,4,2,0,0,5,2,2,2,4,0,5,2,0,3,2,4,3,1,5,5,2,0,2,2,3,3,1,5,0,0,0,0,0,0,3,2,2,0,0,0,4,1,5,1,1,3,2,2,2,3,4,5,5,0,2,2,5,5,4,2,1,1,5,1,1,0,0,4,2,3,3,0,0,4,1,0,2,2,2,3,2,2,0,2,2,2,3,4,0,4,0,0,0,0,0,0,4,0,0,4,4,2,3,3,0,3,3,2,0,0,0,5,3,3,3,2,0,2,2,5,2,2,2,2,4,2,0,0,2,2,4,3,2,3,3,2,2,2,0,0,2,0,0,2,2,0,0,2,0,5,2,2,2,2,0,3,0,2,2,2,2,3,3,2,0,1,5,3,3"
109,1.0484503423508846,"4,0,4,3,0,1,3,0,1,3,5,1,3,0,4,1,3,2,2,2,3,2,2,0,0,0,2,4,0,2,3,1,1,5,1,1,1,2,4,4,5,0,2,2,5,5,1,0,0,4,2,2,4,2,2,0,0,0,3,0,0,3,4,2,4,0,0,2,0,1,1,2,4,0,0,4,2,5,5,2,2,3,0,3,3,2,2,3,2,3,2,2,2,4,1,5,2,2,4,2,2,0,2,2,3,2,0,2,2,4,2,0,0,5,2,2,2,4,0,5,2,0,3,2,4,3,1,5,5,2,0,2,2,3,3,1,5,0,0,0,0,0,0,3,2,2,0,0,0,4,1,5,1,1,3,2,2,2,3,4,5,5,0,2,2,5,5,4,2,1,1,5,1,1,0,0,4,2,3,3,0,0,4,1,0,2,2,2,3,2,2,0,2,2,2,3,4,0,4,0,0,0,0,0,0,4,0,0,4,4,4,3,3,0,3,3,2,0,0,0,5,3,3,3,2,0,2,2,5,2,2,2,2,4,2,0,0,2,2,5,2,2,3,3,2,2,2,0,0,2,0,0,2,2,0,0,2,0,5,2,0,2,2,0,0,0,2,2,2,2,3,3,2,0,1,5,3,3"
110,1.0478580406075382,"4,0,4,3,0,1,3,0,1,3,5,1,3,0,4,1,3,2,2,2,3,2,2,0,0,0,2,4,0,2,3,1,1,5,1,1,1,2,4,4,5,0,1,2,5,5,1,0,0,4,2,2,4,2,2,0,0,0,3,0,0,3,4,2,4,0,0,2,0,1,1,2,4,0,0,4,2,5,5,2,2,3,0,3,3,2,2,3,2,3,2,2,2,4,1,5,2,2,4,2,2,0,2,2,3,2,0,2,2,4,2,0,0,5,2,2,2,4,0,5,2,0,3,2,4,3,1,5,5,2,0,2,2,3,3,1,5,0,0,0,0,0,0,3,2,2,0,0,0,4,1,5,1,1,3,2,2,2,3,4,5,5,0,2,2,5,5,4,2,1,1,5,1,1,0,0,4,2,3,3,0,0,4,1,0,2,2,2,3,2,2,0,2,2,2,3,4,0,4,0,0,0,0,0,0,4,0,0,4,4,4,3,3,0,3,3,2,0,0,0,5,3,3,3,2,0,2,2,5,2,2,2,2,4,2,0,0,2,2,5,2,2,3,3,2,2,2,0,0,2,0,0,2,2,0,0,2,0,5,2,0,2,2,0,0,0,2,2,2,2,3,3,2,0,1,5,3,3"
111,1.049467345537882,"4,0,4,3,0,1,3,0,1,3,5,1,3,0,4,1,3,2,2,2,3,2,2,0,0,0,2,4,0,2,3,1,1,5,1,1,1,2,4,4,5,0,2,2,5,5,1,0,0,4,2,2,4,2,2,0,0,0,3,0,0,3,0,2,4,0,0,2,0,1,1,2,4,0,0,4,2,5,5,2,2,3,0,3,3,2,2,3,2,3,2,2,2,4,1,5,2,2,4,2,2,0,2,2,3,2,0,2,2,4,2,0,0,5,2,2,2,4,0,5,2,0,3,2,4,3,1,5,5,2,0,2,2,3,3,1,5,0,0,0,0,0,0,3,2,2,0,0,0,4,1,5,1,1,3,2,2,2,3,4,5,5,0,2,2,5,5,4,2,1,1,5,1,1,0,0,4,2,3,3,0,0,4,1,0,2,2,2,3,2,2,0,2,2,2,3,4,0,4,0,0,0,0,0,0,0,0,0,4,4,2,3,3,0,3,3,2,0,0,0,2,3,3,3,2,0,2,2,5,2,2,2,2,4,2,0,0,2,2,5,2,2,3,3,2,2,2,0,0,2,0,0,2,2,0,0,2,2,5,2,0,2,2,0,0,0,2,2,2,2,3,3,2,0,1,5,3,3"
112,1.0485126703962997,"4,0,4,3,0,1,3,0,1,3,5,1,3,0,4,1,3,2,2,2,3,2,2,0,0,0,2,4,0,2,3,1,1,5,1,1,1,2,4,4,5,0,2,2,5,5,1,0,0,4,2,2,4,2,2,0,0,0,3,0,0,3,4,2,4,0,0,2,0,1,1,2,4,0,0,4,2,5,5,2,2,3,0,3,3,2,2,3,2,4,2,2,2,4,1,5,2,2,4,2,2,0,0,2,3,2,0,2,2,4,2,0,0,5,2,2,2,4,0,5,2,0,3,2,4,3,1,5,5,2,0,2,2,3,3,1,5,0,0,0,0,0,0,3,2,2,0,0,0,4,1,5,1,1,3,2,2,2,3,4,5,5,0,2,2,5,5,4,2,1,1,5,1,1,0,0,4,2,3,3,0,0,4,1,0,2,2,2,0,2,2,0,2,2,2,3,4,0,4,0,0,0,0,0,0,4,0,0,4,4,2,3,3,0,3,3,2,0,0,0,5,3,3,3,2,0,2,2,5,2,2,2,2,4,2,0,0,2,2,5,2,2,3,3,2,2,2,0,4,2,0,0,2,2,0,0,2,0,5,2,0,2,2,0,0,0,1,2,2,2,3,3,2,0,1,5,3,3"
113,1.0501365907924836,"4,0,4,3,0,1,3,0,1,3,5,1,3,0,4,1,3,2,2,2,3,2,2,0,0,0,2,4,0,2,3,1,1,5,1,1,1,2,4,4,5,0,2,2,5,5,1,0,0,4,2,2,4,2,2,0,0,0,3,0,0,3,4,2,4,0,0,2,0,1,1,2,4,0,0,4,2,5,5,2,2,3,0,3,3,2,2,3,2,4,2,2,2,4,1,5,2,2,4,2,2,0,0,2,3,2,0,2,2,4,2,0,0,5,2,2,2,4,0,5,2,0,3,2,4,3,1,5,5,2,0,2,2,3,3,1,5,0,0,0,0,0,0,3,2,2,0,0,0,4,1,5,1,1,3,2,2,2,3,4,5,5,0,2,2,5,5,4,2,1,1,5,1,1,0,0,4,2,3,3,0,0,4,1,0,2,2,2,3,2,2,0,2,2,2,3,4,0,4,0,0,0,0,0,0,0,0,0,4,4,2,3,3,0,3,3,2,0,0,0,2,3,3,3,2,0,2,2,5,2,2,2,2,4,2,0,0,2,2,5,2,2,3,3,2,2,2,0,0,2,0,0,2,2,0,0,2,2,5,2,0,2,2,0,0,0,2,2,2,2,3,3,2,0,1,5,3,3"
114,1.0497471249960233,"4,0,4,3,0,1,3,0,1,3,5,1,3,0,4,1,3,2,2,2,3,2,2,3,0,0,2,4,0,2,3,1,1,5,1,1,1,2,4,4,5,0,2,2,5,5,1,0,0,4,2,2,4,2,2,0,0,0,3,0,0,3,4,2,4,0,0,2,0,1,1,2,4,0,0,4,2,5,5,2,5,3,0,3,3,2,2,3,2,4,2,2,2,4,1,5,2,2,4,2,2,0,0,2,3,2,0,2,2,4,2,0,0,5,2,2,2,4,0,5,2,0,3,2,4,3,1,5,5,2,0,2,2,3,3,1,5,0,0,0,0,0,0,3,2,2,0,0,0,4,1,5,1,1,3,2,2,2,3,4,5,5,0,2,2,5,5,4,2,1,1,5,1,1,0,0,4,2,3,3,0,0,4,1,0,2,2,2,3,2,2,0,2,2,2,3,4,0,4,0,0,0,0,0,0,0,0,0,0,4,2,3,3,0,3,3,2,0,0,0,2,3,0,3,2,0,2,2,5,2,2,2,2,4,2,0,0,2,2,5,2,2,3,3,2,2,2,0,0,2,0,0,2,2,0,0,2,2,5,2,0,2,2,0,0,0,2,2,2,2,3,3,2,0,1,5,3,3"
115,1.0509728186977585,"4,0,4,3,0,1,3,0,1,3,5,1,3,0,4,1,3,2,2,2,3,2,2,3,0,0,2,4,0,2,3,1,1,5,1,1,1,2,2,4,5,0,2,2,5,5,1,0,0,4,2,2,4,2,2,0,0,0,2,0,0,3,4,2,4,0,0,3,0,1,1,2,4,0,0,4,2,5,5,2,2,3,0,3,3,2,2,3,2,4,2,2,2,4,1,5,2,2,4,2,2,0,0,2,3,2,0,2,2,4,2,0,0,5,2,2,2,4,0,5,2,0,3,2,4,3,1,5,5,2,0,2,2,3,3,1,5,0,0,0,0,0,0,3,2,2,0,0,0,4,1,5,1,1,3,2,2,2,3,4,5,5,0,2,2,5,5,4,2,1,1,5,1,1,0,0,4,2,3,3,0,0,4,1,0,2,2,2,3,2,2,0,2,2,2,3,4,0,4,0,0,0,0,0,0,0,0,0,4,4,2,3,3,3,3,3,2,0,0,0,2,3,3,3,2,0,2,2,5,2,2,2,2,4,2,0,0,2,2,5,2,2,3,3,2,2,2,0,0,2,0,0,2,2,0,0,2,2,5,2,0,2,2,0,0,0,2,2,2,2,3,3,0,0,1,5,3,3"
116,1.0498855080098783,"4,0,4,3,0,1,3,0,1,3,5,1,3,0,4,1,3,2,2,2,3,2,2,3,0,0,2,4,0,2,3,1,1,5,1,1,1,2,2,4,5,0,2,2,5,5,1,0,0,4,2,2,4,2,2,0,0,0,2,0,0,3,4,2,4,0,0,3,0,1,1,2,4,0,0,4,2,5,5,1,2,3,0,3,4,2,2,3,2,4,2,2,2,4,1,5,2,2,4,2,2,0,0,2,3,2,0,2,2,4,2,0,0,5,2,2,2,4,0,1,2,0,3,2,4,3,1,5,5,2,0,2,2,3,3,1,5,0,0,0,0,0,0,4,2,2,0,0,0,4,1,5,1,1,3,2,2,2,3,4,5,5,0,2,2,5,5,4,2,1,1,5,1,1,0,0,4,2,3,3,0,0,4,1,0,2,2,2,3,2,2,0,2,2,2,3,4,0,4,0,0,0,0,0,0,0,0,0,4,4,2,3,3,0,3,3,2,0,0,0,2,3,3,3,2,0,2,2,5,2,2,2,2,4,2,0,0,2,2,5,2,2,3,3,2,2,2,0,0,2,0,0,2,2,0,0,2,2,5,2,0,2,2,0,0,0,0,2,2,2,3,3,0,0,1,5,3,3"
117,1.0497809888364704,"4,0,4,3,0,1,3,0,1,3,5,1,3,0,4,1,3,2,2,2,3,2,2,3,0,0,2,4,0,2,3,1,1,5,1,1,1,2,2,4,5,0,2,2,5,5,1,0,0,4,2,2,4,2,2,0,0,0,2,0,0,3,4,2,4,0,0,3,0,1,1,2,4,0,0,4,3,5,5,2,2,3,0,3,3,2,2,3,2,4,2,2,2,4,1,5,2,2,4,2,2,0,0,2,3,2,0,2,2,1,2,0,0,5,2,2,2,4,0,5,2,0,3,2,4,3,1,5,5,2,0,2,2,3,3,1,5,0,0,0,0,0,0,3,2,2,0,0,0,4,1,5,1,1,3,2,2,2,3,3,5,5,0,2,2,5,5,4,2,1,1,5,1,1,0,0,4,2,3,3,0,0,4,1,0,2,2,2,3,2,2,0,2,2,2,3,4,0,4,0,0,0,0,0,0,0,0,0,4,4,2,3,3,3,3,3,2,0,0,0,2,3,3,3,3,0,2,2,5,2,2,2,2,4,2,4,0,2,2,5,2,2,3,3,2,2,2,0,0,2,0,0,2,2,0,0,2,2,5,2,0,2,2,0,0,0,2,2,2,2,3,3,0,0,1,5,3,3"
118,1.051358257880522,"0,0,4,3,0,1,3,0,1,3,5,1,3,0,4,1,3,2,2,2,3,2,2,3,0,0,2,4,0,2,3,1,1,5,1,1,1,2,2,4,5,0,2,2,5,5,1,0,0,4,2,2,4,2,2,0,0,0,2,0,0,3,4,2,4,0,0,3,0,1,1,2,2,0,0,4,2,5,5,2,2,3,0,3,3,2,2,3,2,4,2,2,2,4,1,5,2,2,4,2,2,0,0,2,3,2,0,2,2,4,2,0,0,5,2,2,2,0,0,5,2,0,3,2,4,3,1,5,5,2,0,2,2,3,3,1,5,0,0,0,0,0,0,3,2,2,0,0,0,4,1,5,1,1,3,2,2,2,3,4,5,5,0,2,2,5,5,4,2,1,1,1,1,1,0,0,4,2,3,3,0,0,4,1,0,2,2,2,3,2,2,0,2,2,2,3,4,0,4,0,0,0,0,0,0,0,0,0,4,0,2,3,3,3,3,3,2,0,0,0,2,3,3,3,2,0,2,2,5,2,2,2,2,4,2,0,0,2,2,5,2,2,3,3,2,2,2,0,0,2,0,0,2,2,0,0,2,2,5,2,0,2,2,0,0,0,0,2,2,2,3,3,0,0,1,5,3,3"
119,1.051386874571794,"0,0,4,3,0,1,3,0,1,3,5,1,3,0,4,1,3,2,2,2,3,2,2,3,0,0,2,4,0,2,3,1,1,5,1,1,1,2,2,4,5,0,2,2,5,5,1,0,0,4,2,2,4,2,2,0,0,0,2,0,0,3,4,2,4,0,0,3,0,1,1,2,2,0,0,4,2,5,5,2,2,3,0,3,3,2,2,3,2,4,2,2,2,4,1,5,2,2,4,2,2,0,0,2,3,2,0,2,2,4,2,0,0,5,2,2,2,0,3,5,2,0,3,2,4,3,1,5,5,2,0,2,2,3,3,1,5,0,0,0,0,0,0,3,2,2,0,0,0,4,1,5,1,1,3,2,2,2,3,4,5,5,0,2,2,5,5,4,2,1,1,1,1,1,0,0,4,2,3,3,0,0,4,1,0,2,2,2,3,2,2,0,2,2,2,3,4,0,4,0,0,0,0,0,0,0,0,0,4,0,2,3,3,3,3,3,2,0,0,0,2,3,3,3,2,0,2,2,5,2,2,2,2,4,2,0,0,2,2,5,2,2,3,3,4,2,2,0,0,2,0,0,2,2,0,0,2,2,5,2,0,2,2,0,0,0,2,2,2,2,3,3,0,0,1,5,3,3"
120,1.0514756912957055,"0,0,4,2,0,1,3,0,1,3,5,1,3,0,4,1,3,2,2,2,3,2,2,3,0,0,2,4,0,2,3,1,1,5,1,1,1,2,2,4,5,0,2,2,5,5,1,0,0,4,2,2,4,2,2,0,0,0,2,0,0,3,4,2,4,0,0,3,0,1,1,2,4,0,0,4,2,5,5,2,2,5,0,3,3,2,2,3,2,4,2,2,2,4,1,5,2,2,4,2,2,0,0,2,3,2,0,2,2,4,2,0,0,5,2,2,2,4,0,5,2,0,3,2,4,2,1,5,5,2,0,2,2,3,3,1,5,0,0,0,0,0,0,3,2,2,0,0,0,4,1,5,1,1,3,2,2,2,3,4,5,5,0,2,2,5,5,4,2,1,1,5,1,1,0,0,4,2,3,3,0,0,4,1,0,2,2,2,3,2,2,0,2,2,2,3,4,0,4,0,0,0,0,0,0,0,0,0,4,0,2,3,3,3,3,3,2,0,0,0,2,3,3,3,2,0,2,2,5,2,2,2,2,4,2,0,0,2,2,5,2,2,3,3,2,2,2,0,0,2,0,0,2,2,0,0,2,2,5,2,0,2,2,0,0,0,2,2,2,2,3,3,0,0,1,5,3,3"
121,1.051552953238689,"0,0,4,2,0,1,3,0,1,3,5,1,3,0,4,1,3,2,2,2,3,4,2,3,0,0,2,4,0,2,3,1,1,5,1,1,1,2,2,4,5,0,2,2,5,5,1,0,0,4,2,2,4,2,2,0,0,0,2,0,0,3,4,2,4,0,0,3,0,1,1,2,4,0,0,4,2,5,5,2,2,3,0,3,3,2,2,3,2,4,2,2,2,4,1,5,2,2,4,2,2,0,0,2,3,0,0,2,2,2,2,0,0,5,2,2,2,4,0,5,2,0,3,2,4,2,1,5,5,2,0,2,2,3,3,1,5,0,0,0,0,0,0,3,2,2,0,0,0,4,1,5,1,1,1,2,2,2,0,4,5,5,0,2,2,5,5,4,2,1,1,5,1,1,0,0,4,3,3,2,0,0,4,1,0,2,2,2,3,2,2,0,2,2,2,3,4,0,4,0,0,0,0,0,0,0,0,0,4,0,2,3,3,3,3,3,2,0,0,0,2,3,3,3,2,0,2,2,5,2,2,2,2,4,2,0,0,2,2,5,2,2,3,3,2,2,2,0,0,2,0,0,2,0,0,0,2,2,5,2,0,2,2,0,0,0,2,2,2,2,3,3,0,0,1,4,3,3"
122,1.0517117667223936,"0,0,4,2,0,1,3,0,1,3,5,1,3,0,4,1,3,2,2,2,3,4,2,3,0,0,2,4,0,2,3,1,1,5,1,1,1,2,2,4,5,0,2,2,5,5,1,0,0,4,2,2,4,2,2,0,0,0,2,0,0,3,4,2,4,0,0,3,0,1,1,2,4,0,0,4,2,5,5,2,2,3,0,3,3,2,2,3,2,4,2,2,2,4,1,5,2,2,4,2,2,0,0,2,3,0,0,2,2,2,2,0,0,5,2,2,2,4,0,5,2,0,3,2,4,2,1,5,5,2,0,2,2,3,3,1,5,0,0,0,0,0,0,3,2,2,0,0,0,4,1,5,1,1,1,2,2,2,0,4,5,5,0,2,2,5,5,4,2,1,1,5,1,1,0,0,4,3,3,2,0,0,4,1,0,2,2,2,3,2,2,0,2,2,2,3,4,0,4,0,0,0,0,0,0,0,0,0,4,0,2,3,3,3,3,3,2,0,4,0,2,3,3,3,2,0,2,2,5,2,2,2,2,4,2,1,0,2,2,5,2,2,3,3,2,2,2,0,0,2,0,0,2,0,0,0,2,2,5,2,0,2,2,0,0,0,2,2,2,2,2,3,0,0,1,5,3,3"
123,1.0514814145671245,"0,0,4,2,0,1,3,0,1,3,5,1,3,0,4,1,3,2,2,2,3,4,2,3,0,0,2,4,0,2,3,1,1,5,1,1,1,2,2,4,5,0,2,2,5,5,1,0,0,4,2,2,4,2,2,0,0,0,2,0,0,3,4,2,4,0,0,3,0,1,1,2,4,0,0,4,2,5,5,2,2,3,0,3,3,2,2,3,2,4,2,2,2,4,1,5,2,2,4,2,2,0,0,2,3,0,0,2,2,2,2,0,0,5,2,2,2,4,0,5,2,0,3,2,4,2,1,5,5,2,0,2,2,3,3,1,5,0,0,0,0,0,0,3,2,2,0,0,0,4,1,5,1,1,1,2,2,2,0,4,5,5,0,2,2,5,5,4,2,1,1,5,1,1,0,0,4,3,3,2,0,2,4,1,0,2,2,2,3,2,2,0,2,2,2,3,4,0,4,0,0,0,0,0,0,0,0,0,4,0,2,3,3,3,3,3,2,0,4,0,2,3,3,3,2,0,2,2,5,2,2,2,2,4,2,1,0,2,2,5,2,2,3,3,2,2,2,0,0,2,0,0,2,0,0,0,2,2,5,2,0,2,2,0,0,0,2,2,4,2,2,3,0,0,1,5,3,3"
124,1.0520639911320828,"0,0,4,2,0,1,3,0,1,3,5,1,3,0,4,1,3,2,2,2,3,4,2,3,0,0,2,4,0,2,3,1,1,5,1,1,1,2,2,4,5,0,2,2,5,5,1,0,0,4,2,2,4,2,2,0,0,0,2,0,0,3,4,2,4,0,0,3,0,1,1,2,4,0,0,4,2,5,5,2,2,3,0,3,3,2,2,3,2,4,2,2,3,4,1,5,2,2,4,2,2,0,0,2,3,0,0,2,2,2,2,0,0,5,2,2,2,4,0,5,2,0,3,2,4,2,1,5,5,2,0,2,2,3,3,1,5,0,0,0,0,0,0,3,2,2,0,0,0,4,1,5,1,1,1,2,2,2,0,4,5,5,2,2,2,5,5,4,2,1,1,5,1,1,0,0,4,3,3,2,0,0,4,1,0,2,2,2,3,2,2,0,2,2,2,3,4,0,4,0,0,0,0,0,0,0,0,0,4,0,2,3,3,3,3,3,2,0,0,0,2,3,3,3,2,0,2,2,5,2,2,2,2,4,2,0,0,2,2,5,2,2,3,3,2,2,2,0,0,2,0,0,2,0,0,0,2,4,5,2,0,2,2,0,0,0,2,2,2,2,2,3,0,0,1,5,3,3"
125,1.0518126064533428,"0,0,4,2,0,1,3,0,1,3,5,1,3,0,4,1,3,2,2,2,3,4,2,3,0,0,2,4,0,2,3,1,1,5,1,1,1,2,2,4,5,0,2,2,5,5,1,0,0,4,2,2,4,2,2,0,0,0,2,0,0,3,4,2,4,0,0,3,0,1,1,2,4,0,0,4,2,5,5,2,2,3,0,3,3,2,2,3,2,4,2,2,3,4,1,5,2,2,4,2,2,0,0,2,3,0,0,2,2,2,2,0,0,5,2,2,2,4,0,5,2,0,3,2,4,2,1,5,5,2,0,2,2,3,3,1,5,0,0,0,0,0,0,3,2,2,0,0,0,4,1,5,1,1,1,2,2,2,0,4,5,5,0,2,2,5,5,4,2,1,1,5,1,1,0,0,4,3,3,2,0,0,4,1,0,2,2,2,3,2,2,0,2,2,2,3,4,0,4,0,0,0,0,0,0,0,0,0,4,0,2,3,3,3,3,3,2,0,0,0,2,3,3,3,2,0,2,2,5,2,2,2,2,4,2,0,0,2,2,5,2,2,3,3,2,2,2,0,0,2,0,0,2,2,0,0,2,2,5,2,0,2,2,0,0,0,2,2,2,2,2,3,0,0,1,4,3,3"
126,1.0520287975059692,"0,0,4,2,0,1,3,0,1,3,5,1,3,0,4,1,3,2,2,2,3,4,2,3,0,0,2,4,0,2,3,1,1,5,1,1,1,2,2,4,5,1,2,2,5,5,1,0,0,4,2,2,4,2,2,0,0,0,2,0,0,3,4,2,4,0,0,3,0,1,1,2,4,0,0,4,2,5,5,2,2,3,0,3,3,2,2,3,2,4,2,2,2,4,1,5,2,2,4,2,2,0,0,2,3,0,0,2,2,2,2,0,0,5,2,2,2,4,0,5,2,0,3,2,4,2,1,5,5,2,0,2,2,3,3,1,5,0,0,0,0,0,0,3,2,2,0,0,0,4,1,5,1,1,1,2,2,2,0,4,5,5,0,2,2,5,5,3,2,1,1,5,1,1,0,0,4,3,3,2,0,0,4,1,0,2,2,2,3,2,2,0,2,2,2,3,4,0,4,0,0,0,0,0,0,0,0,0,4,0,2,3,3,3,3,3,2,0,0,0,2,3,3,3,2,0,2,2,5,2,2,2,2,4,2,0,0,2,2,5,2,2,3,3,2,2,2,0,0,2,0,0,2,3,0,0,2,2,5,2,0,2,2,0,0,0,2,2,2,2,2,3,0,0,1,5,3,3"
127,1.05128751667791,"0,0,4,2,0,1,3,0,1,3,5,1,3,0,4,1,3,2,2,2,3,4,2,3,0,0,2,4,0,2,3,1,1,5,1,1,1,2,2,4,5,1,2,2,5,5,1,0,3,4,2,2,4,2,2,0,0,0,2,0,0,3,4,2,4,0,0,3,0,1,1,2,4,0,0,4,2,5,5,2,2,3,0,3,3,2,2,3,2,4,2,2,2,4,1,5,2,2,4,2,2,0,0,2,3,0,0,2,2,2,2,0,0,5,2,2,2,4,0,5,2,0,3,2,4,2,1,5,5,2,0,2,2,3,3,1,5,0,0,0,0,0,0,3,2,2,0,0,0,4,1,5,1,1,1,2,2,2,0,4,5,5,0,2,2,5,5,3,2,1,1,5,1,1,0,0,4,3,3,2,0,0,4,1,0,2,2,2,3,2,2,0,4,2,2,3,4,0,4,0,0,0,0,0,0,4,0,0,4,0,2,3,3,3,3,3,2,0,0,0,2,3,3,3,2,0,2,2,5,2,2,2,2,4,2,0,0,2,2,5,2,2,3,3,2,2,2,0,0,2,0,0,2,2,0,0,2,2,5,2,0,2,2,0,0,0,2,2,2,2,2,3,0,0,1,5,0,3"
128,1.0496465159897992,"0,0,4,2,0,1,3,0,1,3,5,1,3,0,4,1,3,2,2,2,3,4,2,3,0,0,2,4,0,2,3,1,1,5,1,1,1,2,2,4,5,1,2,2,5,5,1,0,3,4,2,2,4,2,2,0,0,0,2,0,0,3,4,2,4,0,0,3,0,1,1,2,4,0,0,4,2,5,5,2,2,4,0,3,3,2,2,3,2,4,2,2,2,4,1,5,2,2,4,2,2,0,0,2,3,0,0,2,2,2,2,0,1,5,2,2,2,4,0,5,2,0,3,2,4,2,1,5,5,2,0,2,2,3,3,1,5,0,0,0,0,0,0,1,2,2,0,5,0,4,1,5,1,1,1,2,2,2,0,4,5,5,0,2,2,5,5,3,2,1,1,5,1,1,0,0,4,3,3,2,0,0,4,1,0,2,2,2,3,2,2,0,2,2,2,3,4,0,4,0,0,0,0,0,0,0,0,0,4,0,2,3,3,3,3,3,2,0,0,0,2,3,3,3,2,0,5,2,5,2,2,2,2,4,2,0,0,2,2,5,2,2,3,3,2,2,2,0,0,2,0,0,2,2,0,0,2,2,5,2,0,2,2,0,0,0,2,2,2,2,2,3,0,0,1,5,3,3"
129,1.0529005599653742,"0,0,4,2,0,1,3,0,1,3,5,1,3,0,4,1,3,2,2,2,3,4,2,3,0,0,2,4,0,2,3,1,1,5,1,1,1,2,2,4,5,0,2,2,5,5,1,0,0,4,2,2,4,2,2,0,0,0,2,0,0,3,4,2,4,0,0,3,0,1,1,2,4,0,0,4,2,5,5,2,2,3,0,3,3,2,2,3,2,4,2,2,2,4,1,5,2,2,4,2,2,0,0,2,3,0,0,2,2,2,2,0,0,5,2,2,2,4,0,5,0,0,3,2,4,2,1,5,5,2,0,2,2,3,3,1,5,0,0,0,0,0,0,3,2,2,0,0,0,4,1,5,1,1,1,2,2,2,0,4,5,5,0,2,2,5,5,4,2,1,1,5,1,1,0,0,4,3,3,2,0,0,4,1,0,2,2,2,3,2,2,0,2,2,2,3,4,0,4,0,0,0,0,0,0,0,0,0,4,0,2,3,3,3,3,3,2,0,0,0,2,3,3,3,2,0,2,2,5,2,2,2,2,4,2,0,0,2,2,5,2,2,3,3,2,2,2,0,0,2,0,0,2,2,0,0,2,2,5,2,0,2,2,0,0,0,2,2,2,2,2,3,0,0,1,5,3,3"
130,1.0529866003941486,"0,0,4,2,0,1,3,0,1,3,5,1,3,0,4,1,3,2,2,2,3,4,2,3,0,0,2,4,0,2,3,1,1,5,1,1,1,2,2,4,5,0,2,2,5,5,1,0,0,4,2,2,4,2,2,0,0,0,2,0,0,3,4,2,4,0,0,3,0,1,1,2,4,0,0,4,2,5,5,2,2,3,0,3,3,2,2,3,2,4,2,2,2,4,1,5,2,2,4,2,2,0,0,2,3,0,0,2,2,2,2,0,0,5,2,2,2,0,0,5,0,0,3,2,4,2,1,5,5,2,0,2,2,3,3,1,5,0,0,0,0,0,0,3,2,2,0,0,0,4,1,5,1,1,1,2,2,2,0,4,5,5,0,2,2,5,5,4,2,1,1,5,1,1,0,0,4,3,3,2,0,0,4,1,0,2,2,2,3,2,2,0,2,2,2,3,4,0,4,0,0,0,0,0,0,0,0,0,4,0,2,3,3,3,3,3,2,0,0,0,2,3,3,3,2,0,2,2,5,2,2,2,2,4,2,0,0,2,2,5,2,2,3,3,2,2,2,0,0,2,0,0,2,2,0,0,2,2,5,2,0,2,2,0,0,0,2,2,2,2,2,3,0,0,1,5,3,3"
131,1.0534522948478042,"0,0,4,2,0,1,3,0,1,3,5,1,3,0,4,1,3,2,2,2,3,4,2,3,0,0,2,4,0,2,3,1,1,5,1,1,1,2,2,4,5,0,2,2,5,5,1,0,0,4,2,2,4,2,2,0,0,0,2,0,0,3,4,2,4,0,0,3,0,1,1,2,4,0,0,4,2,5,5,2,2,3,0,3,3,2,2,3,2,4,2,2,2,4,1,5,2,2,4,2,2,0,0,2,3,0,0,2,2,2,2,0,0,5,2,2,2,0,0,5,0,0,3,2,4,2,1,5,5,2,0,2,2,3,3,1,5,0,0,0,0,0,0,3,2,2,0,0,0,4,1,5,1,1,1,2,2,2,0,4,5,5,0,2,2,5,5,4,2,1,1,5,1,1,0,0,4,3,3,2,0,0,4,1,0,0,2,2,3,2,2,0,2,2,2,3,4,0,4,0,0,0,0,0,0,0,0,0,4,0,2,3,3,3,3,3,2,3,0,0,2,3,3,3,2,0,2,2,5,2,2,2,2,4,2,0,0,2,2,5,2,2,3,3,2,2,2,0,0,2,0,0,2,2,0,0,2,2,5,2,0,2,2,0,0,0,2,2,2,2,2,3,0,0,1,5,3,3"
132,1.053770842907871,"0,0,4,2,0,1,3,0,1,3,5,1,3,0,4,1,3,2,2,2,3,4,2,0,0,0,2,4,0,2,3,1,1,5,1,1,1,2,2,4,5,0,2,2,5,5,1,0,0,4,2,2,4,2,2,0,0,0,2,0,0,3,4,2,4,0,0,3,0,1,1,2,4,0,0,4,2,5,5,2,2,3,0,3,3,2,2,3,2,4,2,2,2,4,1,5,2,2,4,2,2,0,0,2,3,0,0,2,2,2,2,0,0,5,2,2,2,0,0,5,0,0,3,2,4,2,1,5,5,2,0,2,2,3,3,1,5,0,0,0,0,0,0,3,2,2,0,0,0,4,1,5,1,1,1,2,2,2,4,4,5,5,0,2,2,5,5,4,2,1,1,5,1,1,0,0,4,3,3,2,0,0,4,1,0,0,2,2,3,2,2,0,2,2,2,3,4,0,4,0,0,0,0,0,0,0,0,0,4,0,2,3,3,3,3,3,2,0,0,0,2,3,3,3,2,0,2,2,5,2,2,2,2,4,2,0,0,2,2,5,2,2,3,3,2,2,2,0,0,2,0,0,2,2,0,0,2,2,5,2,0,2,2,0,0,0,2,2,2,2,2,3,0,0,1,5,3,3"
133,1.0539382357112368,"0,0,4,2,0,1,3,0,1,3,5,1,3,0,4,1,3,2,2,2,3,4,2,0,0,0,2,4,0,2,3,1,1,5,1,1,1,2,2,4,5,0,2,2,5,5,1,0,0,4,2,2,4,2,2,0,0,0,2,0,0,3,4,2,4,0,0,3,0,1,1,2,4,0,0,4,2,5,5,2,3,3,0,3,3,2,2,3,2,4,2,2,2,4,1,5,2,2,4,2,2,0,0,2,3,0,0,2,2,2,2,0,0,5,2,2,2,0,0,5,0,0,3,2,4,2,1,5,5,2,0,2,2,3,3,1,5,0,0,0,0,0,0,3,2,2,0,0,0,4,1,5,1,1,1,2,2,2,4,4,5,5,0,2,2,5,5,4,2,1,1,5,1,1,0,0,4,3,3,2,0,0,4,1,0,0,2,2,3,2,2,0,2,2,2,3,4,0,4,0,0,0,0,0,0,0,0,0,4,0,2,3,3,3,3,3,2,0,0,0,2,3,3,3,2,0,2,2,5,2,2,2,2,4,2,0,0,2,2,5,2,2,3,3,2,2,2,0,0,2,0,0,2,2,0,0,2,2,5,2,0,2,2,0,0,0,2,2,2,2,2,3,0,0,1,5,3,3"
134,1.0539217954128517,"0,0,4,2,0,1,3,0,1,3,5,1,3,0,4,1,3,2,2,2,3,4,2,0,0,0,2,4,0,2,3,1,1,5,1,1,1,2,2,4,5,0,2,2,5,5,1,0,0,4,2,2,4,2,2,0,0,0,2,0,0,3,4,2,4,0,0,3,0,1,1,2,4,0,0,4,2,5,5,2,3,3,0,3,3,2,2,3,2,4,2,2,2,4,1,5,2,2,4,2,2,0,0,2,3,0,0,2,2,2,2,0,0,5,2,2,2,0,0,5,0,0,3,2,4,2,1,5,5,2,0,2,2,3,3,1,5,0,0,0,0,0,0,3,2,2,0,0,0,4,1,5,1,1,1,2,2,2,2,4,5,5,0,2,2,5,5,4,2,1,1,5,1,1,0,0,4,3,3,2,0,0,4,1,0,0,2,2,3,2,2,0,2,2,2,3,4,0,4,0,0,0,0,0,0,0,0,0,4,0,2,3,3,3,3,3,2,3,0,0,2,3,3,3,2,0,2,2,5,2,2,2,2,4,2,0,0,2,2,5,2,2,3,3,2,2,2,0,0,2,0,0,2,2,0,0,2,2,5,2,0,2,2,0,0,0,2,2,2,2,2,3,0,0,1,5,3,3"
135,1.0533473899975079,"0,0,4,2,0,1,3,0,1,3,5,1,3,0,4,1,3,2,2,2,3,4,2,0,0,0,2,4,0,2,3,1,1,5,1,1,1,2,2,4,5,0,2,2,5,5,1,0,0,4,2,2,4,2,2,0,0,0,2,0,0,3,4,2,4,0,0,3,0,1,1,2,4,0,0,4,2,5,5,2,3,3,0,3,3,2,2,3,2,4,2,2,2,4,1,5,2,2,4,2,2,0,0,2,3,0,0,2,2,2,2,0,0,5,2,2,2,0,0,5,0,0,3,2,4,2,1,5,5,2,0,2,2,3,3,1,5,0,0,0,0,0,0,3,2,2,0,0,0,4,1,5,1,1,1,2,2,2,2,4,5,5,0,2,2,5,5,4,2,1,1,5,1,1,0,0,2,3,3,2,0,0,4,1,0,0,2,2,3,2,2,0,2,2,2,3,4,0,4,0,0,0,0,0,0,0,0,0,4,0,2,3,3,3,3,3,2,3,0,0,2,3,3,3,2,0,2,2,5,2,2,2,3,4,2,0,0,2,2,5,2,2,3,3,2,2,2,0,0,2,0,0,2,2,0,0,2,2,5,2,0,2,2,0,0,0,2,2,2,2,2,3,0,0,1,5,3,3"
136,1.0542701978727238,"0,0,4,2,0,1,3,0,1,3,5,1,3,0,4,1,3,2,2,2,3,4,2,0,0,0,2,4,0,2,3,1,1,5,1,1,1,2,2,4,5,0,2,2,5,5,1,0,0,4,2,2,4,2,2,0,0,0,2,0,0,3,4,2,4,0,0,3,0,1,1,2,4,0,0,4,2,5,5,2,3,3,0,3,3,2,2,3,2,4,2,2,2,4,1,5,2,2,4,2,2,0,0,2,3,0,0,2,2,2,2,0,0,5,2,2,2,0,0,5,0,0,3,2,4,2,1,1,5,2,0,2,2,3,3,1,5,0,0,0,0,0,0,3,2,2,0,0,0,4,1,5,1,1,2,2,2,2,4,4,5,5,2,0,2,5,5,4,2,1,1,5,1,1,0,0,4,3,3,2,0,0,4,1,0,0,2,2,3,2,2,0,2,2,2,3,4,0,4,0,0,0,0,0,0,0,0,0,4,0,2,3,3,3,3,3,2,0,0,0,2,3,3,3,2,0,2,2,5,2,2,2,2,4,2,0,0,2,2,5,2,2,3,3,2,2,2,0,0,2,0,0,2,2,0,0,2,2,5,2,0,2,2,0,0,0,2,2,2,2,2,3,0,0,1,5,3,3"
137,1.054443166112662,"0,0,4,2,0,1,3,0,1,3,5,1,3,0,4,1,3,2,2,2,4,4,2,0,0,0,2,4,0,2,3,1,1,5,1,1,1,2,2,4,5,0,2,2,5,5,1,0,0,4,2,2,4,2,2,0,0,0,2,0,0,3,4,2,4,0,0,3,0,1,1,2,4,0,0,4,2,5,5,2,3,3,0,3,3,2,2,3,2,4,2,2,2,4,1,5,2,2,4,2,2,0,0,2,3,0,0,2,2,2,2,0,0,5,2,2,2,0,0,5,0,0,3,2,4,2,1,1,5,2,0,2,2,3,3,1,5,0,0,0,0,0,0,3,2,2,0,0,0,4,1,5,1,1,2,2,2,2,4,4,5,5,2,0,2,5,5,4,2,1,1,5,1,1,0,0,4,3,3,2,0,0,4,1,0,0,2,2,3,2,2,0,2,2,2,3,4,0,4,0,0,0,0,0,0,0,0,0,4,0,2,3,3,3,3,3,2,0,0,0,2,3,3,3,2,0,2,2,5,2,2,2,2,4,2,0,0,2,2,5,2,2,3,3,2,2,2,0,0,2,0,0,2,2,0,0,2,2,5,2,0,2,2,0,0,0,2,2,2,2,2,3,0,0,1,5,3,3"
138,1.0541027259779414,"0,0,4,2,0,1,3,0,1,3,5,1,3,0,4,1,3,2,2,2,4,4,2,0,0,0,2,4,0,2,3,1,1,5,1,1,1,2,2,4,5,0,2,2,5,5,1,0,0,4,2,2,4,2,2,0,0,0,2,0,0,3,4,2,4,0,0,3,0,1,1,2,4,0,0,4,2,5,5,2,3,3,0,3,3,2,2,3,2,4,2,2,2,4,1,5,2,2,4,2,2,0,0,2,3,0,0,2,2,2,2,0,0,5,2,2,2,0,0,5,0,0,3,2,4,2,1,1,5,2,0,2,2,3,3,1,5,0,0,0,0,0,0,3,2,2,0,0,0,4,1,5,1,1,2,2,2,2,4,4,5,5,2,0,2,5,5,4,2,1,1,5,1,1,0,0,4,3,3,2,0,0,4,1,0,0,2,2,3,2,2,0,2,2,2,3,4,0,4,0,0,0,0,0,0,0,0,0,4,0,3,3,3,3,3,3,2,0,0,0,2,3,3,3,2,0,2,2,5,2,2,2,2,4,2,0,0,2,2,5,2,2,3,3,2,2,2,0,0,2,0,0,2,2,0,0,2,2,5,2,0,2,2,0,0,0,2,2,2,2,2,3,0,0,1,5,3,3"
139,1.0542324351580001,"0,0,4,2,0,1,3,0,1,3,5,1,3,0,4,1,3,2,2,2,4,4,2,0,0,0,2,4,0,2,3,1,1,5,1,1,1,2,2,4,5,0,2,2,5,5,1,0,0,4,2,2,4,2,2,0,0,0,2,0,0,3,0,2,4,0,0,3,0,1,1,2,4,0,0,4,2,5,5,2,3,3,0,3,3,2,2,3,2,4,2,2,2,4,1,5,2,2,4,2,2,0,0,2,3,0,0,2,2,2,2,0,0,5,2,2,2,0,0,5,0,0,3,2,4,2,1,1,5,2,0,2,2,3,3,1,5,0,0,0,0,0,0,3,2,2,0,0,0,4,1,5,1,1,2,2,2,2,4,4,5,5,2,0,2,5,5,4,2,1,1,5,1,1,0,0,4,3,3,2,0,0,4,1,0,0,2,2,3,2,2,0,2,2,2,3,4,0,4,0,0,0,0,0,0,0,0,0,4,0,2,3,3,3,3,3,2,0,0,0,2,3,3,3,2,0,2,2,5,2,2,2,2,4,2,0,0,2,2,5,2,2,3,3,2,2,2,0,0,2,0,0,2,2,0,0,2,2,5,2,0,2,2,0,0,0,2,2,2,2,2,3,0,0,1,5,3,3"
140,1.0548211895379758,"0,0,4,2,0,1,3,0,1,3,5,1,3,0,4,1,3,2,2,2,5,4,2,0,0,0,2,2,0,2,3,1,1,5,1,1,1,2,2,4,5,0,2,2,5,5,1,0,0,4,2,2,4,2,2,0,0,0,2,0,0,3,4,2,4,0,0,3,0,1,1,2,4,0,0,4,2,5,5,2,3,3,0,3,3,2,2,3,0,4,2,2,2,4,1,5,2,2,4,2,2,0,0,2,3,0,0,2,2,2,2,0,0,5,2,2,2,0,0,5,0,0,3,2,4,2,1,1,5,2,0,2,2,3,3,1,5,0,0,0,0,0,0,3,2,2,0,0,0,4,1,5,1,1,2,2,2,2,4,4,5,5,0,2,2,5,5,4,2,1,1,5,1,1,0,0,4,3,3,2,0,0,4,1,0,0,2,2,3,2,2,0,2,2,2,3,4,0,4,0,0,0,0,0,0,0,0,0,4,0,2,3,3,3,3,3,2,0,5,0,2,3,3,3,2,0,2,2,5,2,2,2,2,4,2,0,0,2,2,5,2,2,3,3,2,2,2,0,4,2,0,0,2,2,0,0,2,2,5,2,0,2,2,0,0,0,2,2,2,2,2,3,0,0,1,5,3,3"
141,1.0545616489724752,"0,0,4,2,0,1,3,0,1,3,5,1,3,0,4,1,3,2,2,2,5,4,2,0,0,0,2,2,0,2,3,1,1,5,1,1,1,2,2,4,5,0,2,2,5,5,1,0,0,4,2,2,4,2,2,0,0,0,2,0,0,3,0,2,4,0,0,3,0,1,1,2,4,0,0,4,2,5,5,2,3,3,0,3,3,2,2,3,0,4,2,2,2,4,1,5,2,2,4,2,2,0,0,2,3,0,0,2,2,2,2,0,0,5,2,2,2,0,0,5,0,0,3,2,4,2,1,1,5,2,0,2,2,3,3,1,5,0,0,0,0,0,0,3,2,2,0,0,0,4,1,5,1,1,2,2,2,2,4,4,5,5,0,2,2,5,5,4,2,1,1,5,1,1,0,0,4,3,3,2,0,0,4,1,0,0,2,2,3,2,2,0,2,2,2,3,4,0,4,0,0,0,0,0,0,0,0,0,4,0,2,3,3,3,3,3,2,0,0,0,2,3,3,0,2,0,2,2,5,2,2,2,2,4,2,0,0,2,2,5,2,2,3,3,2,2,2,0,4,2,0,0,2,2,0,0,2,2,5,2,0,2,2,0,0,0,2,2,2,2,2,3,0,0,1,5,3,3"
142,1.055499885601352,"0,0,4,2,0,1,3,0,1,3,5,1,3,0,4,1,3,2,2,2,5,4,2,0,0,0,2,2,0,2,3,1,1,5,1,1,1,2,2,4,5,0,2,2,5,5,1,0,0,4,2,2,4,2,2,0,0,0,2,0,0,3,4,2,4,0,0,3,0,1,1,2,4,0,0,4,2,5,5,2,3,3,0,3,3,2,0,3,2,4,2,2,2,4,1,5,2,2,4,2,2,0,0,2,3,0,0,2,2,2,2,0,0,5,2,2,2,0,0,5,0,0,3,2,4,2,1,1,5,2,0,2,2,3,3,1,5,0,0,0,0,0,0,3,2,2,0,0,0,4,1,5,1,1,2,2,2,2,4,4,5,5,0,2,2,5,5,4,2,1,1,5,1,1,0,0,4,3,3,2,0,0,4,1,0,0,2,2,3,2,2,0,2,2,2,3,4,0,4,0,0,0,0,0,0,0,0,0,4,0,2,4,3,3,3,3,2,0,0,0,2,3,3,3,2,0,2,2,5,2,2,2,2,4,2,0,0,2,2,5,2,2,3,3,2,2,2,0,4,2,0,0,2,2,0,0,2,2,5,2,0,0,2,0,0,0,2,2,2,2,2,3,0,0,1,5,3,3"
143,1.0556114667930716,"0,0,4,2,0,1,3,0,1,3,5,1,3,0,4,1,3,2,2,2,2,4,2,0,0,0,2,2,0,2,3,1,1,5,1,1,1,2,2,4,5,0,2,2,5,5,1,0,0,4,2,2,4,2,2,0,0,0,2,0,0,3,4,2,2,0,0,3,0,1,1,2,4,0,0,4,2,5,5,2,3,3,0,3,3,2,0,3,2,4,2,2,2,4,1,5,2,2,4,2,2,0,0,2,3,0,0,2,2,2,2,0,0,5,2,2,2,0,0,5,0,0,0,2,4,2,1,1,5,2,0,2,2,3,3,1,5,0,0,0,0,0,0,3,2,2,0,0,0,4,1,5,1,1,2,2,2,2,4,4,5,5,0,2,2,5,5,4,2,1,1,5,1,1,0,0,4,3,3,2,0,0,4,1,0,0,2,2,3,2,2,0,2,2,2,3,4,2,4,0,0,0,0,0,0,0,0,0,4,0,2,3,3,3,3,3,2,0,0,0,2,3,3,3,2,5,2,2,5,2,2,2,2,4,2,0,0,2,2,5,2,2,3,3,2,2,2,0,4,2,0,0,2,2,0,0,2,2,5,2,0,0,2,0,0,0,2,2,2,2,2,3,0,0,1,5,3,3"
144,1.0566249662890295,"0,0,4,2,0,1,3,0,1,3,5,1,3,0,4,1,3,2,2,2,2,4,2,0,0,0,2,2,0,2,3,1,1,5,1,1,1,2,2,4,5,0,2,2,5,5,1,0,0,4,2,2,4,2,2,0,0,0,2,0,0,3,4,2,2,0,0,3,0,1,1,2,4,0,0,4,2,5,5,2,3,3,0,3,3,2,0,3,2,4,2,2,2,4,1,5,2,2,4,2,2,0,0,2,3,0,0,2,2,2,2,0,0,5,2,2,2,0,0,5,0,0,0,2,4,2,1,1,5,2,0,2,2,3,3,1,5,0,0,0,0,0,0,3,2,2,0,0,0,4,1,5,1,1,2,2,2,2,4,4,5,5,0,2,2,5,5,3,2,1,1,5,1,1,0,0,4,3,3,2,0,0,4,1,0,0,2,2,3,2,2,0,2,2,2,3,4,0,4,0,0,0,0,0,0,0,0,0,4,0,2,4,3,3,3,3,2,0,0,0,2,3,3,3,2,0,2,2,5,2,2,2,2,4,2,0,0,2,2,5,2,2,3,3,2,2,2,0,4,2,0,0,2,2,0,0,2,2,5,2,0,0,2,0,0,0,2,2,2,2,2,3,0,0,1,5,3,3"
145,1.0570950613682704,"0,0,4,2,0,1,3,0,1,3,5,1,3,0,4,1,3,2,2,2,2,4,2,0,0,0,2,2,0,2,3,1,1,5,1,1,1,2,2,4,5,0,2,2,5,5,1,0,0,4,2,2,4,2,2,0,0,0,2,0,0,3,4,2,2,0,0,3,0,1,1,2,4,0,0,4,2,5,5,2,3,3,0,3,3,2,0,3,2,4,2,2,2,4,1,5,2,2,4,2,2,0,0,2,3,0,0,2,2,2,2,0,0,5,2,2,2,0,0,5,0,0,0,2,4,2,1,1,5,2,0,2,2,3,3,1,5,0,0,0,0,0,0,3,2,2,0,0,0,4,1,5,1,1,2,2,2,2,4,4,5,5,0,2,2,5,5,3,2,1,1,5,1,1,0,0,4,3,3,2,0,0,4,1,0,0,2,2,3,2,2,0,0,2,2,3,4,0,4,0,0,0,0,0,0,0,0,0,4,0,2,4,3,3,3,3,2,0,0,0,2,3,3,3,2,0,2,2,5,2,2,2,2,4,2,0,0,2,2,5,2,2,3,3,2,2,2,0,4,2,0,0,2,2,0,0,2,2,5,2,0,0,2,0,0,0,2,2,2,2,2,3,0,0,1,5,3,3"
146,1.056827328674603,"0,0,4,2,0,1,3,0,1,3,5,1,3,0,4,1,3,2,2,2,2,4,2,0,0,0,2,2,0,2,3,1,1,5,1,1,1,2,2,4,5,0,2,2,5,5,1,0,0,4,2,2,4,2,2,0,0,0,2,0,0,3,4,2,2,0,0,3,0,1,1,2,4,0,0,4,2,5,5,2,3,3,0,3,3,2,0,3,2,4,2,2,2,4,1,5,2,2,4,2,2,0,0,2,3,0,0,2,2,2,2,0,0,5,2,2,2,0,0,5,0,0,0,2,4,2,1,1,5,2,0,2,2,3,3,1,5,0,0,0,0,0,0,3,2,2,0,0,0,4,1,5,1,1,2,2,2,2,4,4,1,5,0,2,2,5,5,3,2,1,1,5,1,1,0,0,4,3,3,2,0,0,4,1,0,0,2,2,3,2,2,0,0,2,2,3,4,0,4,0,0,0,0,0,0,0,0,0,4,0,2,4,3,3,3,3,2,0,0,0,2,3,3,3,2,0,2,2,5,2,2,2,2,4,2,0,0,2,2,5,2,2,3,3,2,2,2,0,4,2,0,0,2,2,0,0,2,2,5,2,0,0,2,0,0,0,2,2,2,2,2,3,0,0,1,5,3,3"
147,1.0581402625497964,"0,0,4,2,0,1,3,0,1,3,5,1,3,0,4,1,3,2,2,2,2,4,2,0,0,0,2,2,0,2,3,1,1,5,1,1,1,2,2,4,5,0,2,2,5,5,1,0,0,4,2,2,4,2,2,0,0,0,2,0,0,3,4,2,2,0,0,3,0,1,1,2,4,0,0,4,2,5,5,2,3,3,0,3,3,2,0,3,2,4,2,2,2,4,1,5,2,2,4,2,0,0,0,2,3,0,0,2,2,2,2,0,0,5,2,2,2,0,0,5,0,0,0,2,4,2,1,1,5,2,2,2,2,3,3,1,5,0,0,0,0,0,0,3,2,2,0,0,0,4,1,5,1,1,2,2,2,2,4,4,5,5,0,2,2,5,5,3,2,1,1,5,1,1,0,0,4,3,3,2,0,0,4,1,0,0,2,2,3,2,2,0,0,2,2,3,4,0,4,0,0,0,0,0,0,0,0,0,4,0,2,4,3,3,3,3,2,0,0,0,2,3,3,3,2,0,2,2,5,2,2,2,2,4,2,0,0,2,2,5,2,2,3,3,2,2,2,0,4,2,0,0,2,2,0,0,2,2,5,2,0,0,2,0,0,0,2,2,2,2,2,3,0,0,1,5,3,3"
148,1.0574035123366357,"0,0,4,2,0,1,3,0,1,3,5,1,3,0,4,1,3,2,2,2,2,4,2,0,0,0,2,2,0,2,3,1,1,5,1,1,1,2,2,4,5,0,2,2,5,5,1,0,0,4,2,2,4,2,2,0,0,0,2,0,0,3,4,2,2,0,0,3,0,1,1,2,4,0,0,4,2,5,5,3,3,3,0,3,3,2,0,3,2,1,2,2,2,4,1,5,2,2,4,2,0,0,0,2,3,0,0,2,2,2,2,0,0,5,2,2,2,0,0,5,0,0,0,2,4,2,1,1,5,2,0,2,2,3,3,1,5,0,0,0,0,0,0,3,2,2,0,0,0,4,1,5,1,1,2,2,2,2,4,4,5,5,0,2,2,5,5,3,2,1,1,5,1,1,0,0,4,3,3,2,0,0,4,1,0,0,2,2,3,2,2,0,0,2,2,3,4,0,4,0,0,0,0,0,0,0,0,0,4,0,2,4,3,3,3,3,2,0,0,0,2,3,3,3,2,0,2,2,5,2,2,2,2,4,2,0,0,2,5,5,2,2,3,3,2,2,2,0,4,2,0,0,2,2,0,0,2,2,4,2,0,0,2,0,0,0,2,2,2,2,2,3,0,0,1,5,3,3"
149,1.057065580247453,"0,0,4,2,0,1,3,0,1,3,5,1,3,0,4,1,3,2,2,2,2,4,2,0,0,0,2,2,0,2,3,1,1,5,1,1,1,2,2,4,5,0,2,2,5,5,1,0,0,4,2,2,4,2,2,0,0,0,2,0,0,3,4,2,2,0,0,3,0,1,1,2,4,2,0,4,2,5,5,0,3,3,0,3,3,2,0,3,2,4,2,2,2,4,1,5,2,2,4,2,0,0,0,2,3,0,0,2,2,2,2,0,0,5,2,2,2,0,0,5,0,0,0,2,4,2,1,1,5,2,2,2,2,3,3,1,5,0,0,0,0,0,0,3,2,2,0,0,0,4,1,5,1,1,2,2,2,2,4,4,5,5,0,2,2,5,5,3,2,1,1,5,1,1,0,0,4,3,3,2,0,0,4,1,0,0,2,2,3,2,2,0,0,2,2,3,4,0,4,0,0,0,0,0,0,0,0,0,4,0,2,4,3,3,3,3,2,0,0,0,2,3,3,3,2,0,2,2,5,2,2,2,2,4,2,0,0,2,2,5,2,2,2,3,2,2,2,0,4,2,0,0,2,2,0,0,2,2,5,2,0,0,2,0,0,0,2,2,2,2,2,3,0,0,1,5,3,3"
150,1.0583804859342445,"0,0,4,2,0,1,3,0,1,3,5,1,3,0,4,1,3,2,2,2,2,4,2,0,0,0,2,2,0,2,3,1,1,5,1,1,1,2,2,4,5,0,2,2,5,5,1,0,0,4,2,2,4,2,2,0,0,0,2,0,0,3,4,2,2,0,0,3,0,1,1,2,4,0,0,4,2,5,5,0,3,3,0,3,3,2,0,3,2,4,2,2,2,4,1,5,2,2,4,2,0,0,0,2,3,0,0,2,2,2,2,0,0,5,2,2,2,0,0,5,0,0,0,2,4,2,1,1,5,2,2,2,2,3,3,1,5,0,0,0,0,0,0,3,2,2,0,0,0,4,1,5,1,1,2,2,2,2,4,4,5,5,0,2,2,5,5,3,2,1,1,5,1,1,0,0,4,3,3,2,0,0,4,1,0,0,2,2,3,2,2,0,0,2,2,3,4,0,4,0,0,0,0,0,0,0,0,0,4,0,2,4,3,3,3,3,2,0,0,0,2,3,3,3,2,0,2,2,5,2,2,2,2,4,2,0,0,2,2,5,2,2,3,3,2,2,2,0,4,2,0,0,2,2,0,0,2,2,5,2,0,0,2,0,0,0,2,2,2,2,2,3,0,0,1,5,3,3"
151,1.0582646470416641,"0,0,4,2,0,1,3,0,1,3,5,1,3,0,4,1,3,2,2,2,2,4,2,0,0,0,2,2,0,2,3,1,1,5,1,1,1,2,2,4,5,0,2,2,5,5,1,0,0,4,2,2,4,2,2,0,0,0,2,0,0,3,4,2,2,0,0,3,0,1,1,2,4,0,0,4,2,5,5,3,3,3,0,3,3,2,0,3,4,4,2,2,2,4,1,5,2,2,4,2,0,0,0,2,3,0,0,2,2,2,2,0,0,5,2,2,2,0,0,5,0,0,0,2,4,2,1,1,5,2,2,2,2,3,3,1,5,0,0,0,0,0,0,3,2,2,0,0,0,4,1,5,1,1,2,2,2,2,4,4,5,5,0,2,2,5,5,3,2,1,1,5,1,1,0,0,4,3,3,2,0,0,4,1,0,0,2,2,3,2,2,0,0,2,2,3,4,0,4,0,0,0,0,0,0,0,0,0,4,0,2,4,3,3,3,3,2,0,0,0,2,3,3,3,2,0,2,2,5,2,2,2,2,4,2,0,0,2,2,5,2,2,3,3,2,2,2,0,4,2,0,0,2,2,0,0,2,2,5,2,0,0,2,0,0,0,2,2,2,2,2,3,0,0,1,5,3,3"
152,1.0587050304627397,"0,0,4,2,0,1,3,0,1,3,5,1,3,0,4,1,3,2,2,2,2,4,2,0,0,0,2,2,0,2,3,1,1,5,1,1,1,2,2,4,5,0,2,2,5,5,1,0,0,4,2,2,4,2,2,0,0,0,2,0,0,3,4,2,2,0,0,3,0,1,1,2,4,0,0,4,2,5,5,3,3,3,0,3,3,2,0,3,4,4,2,2,2,4,1,5,2,2,4,2,0,0,0,2,3,0,0,2,2,2,2,0,0,5,2,2,2,0,0,5,0,0,0,2,4,2,1,1,5,2,2,2,2,3,3,1,5,0,0,0,0,0,0,3,2,2,0,0,2,4,1,5,1,1,2,2,2,2,4,4,5,5,0,2,2,5,5,3,2,1,1,5,1,1,0,0,4,3,3,2,0,0,4,1,0,0,2,2,3,2,2,0,0,2,2,3,4,0,4,0,0,0,0,0,0,0,0,0,4,0,2,4,3,3,3,3,2,0,0,0,2,3,3,3,2,0,2,2,5,2,2,2,2,4,2,0,0,2,2,5,2,2,3,3,2,2,2,0,4,2,0,0,2,2,0,0,2,2,5,2,0,0,2,0,0,0,2,2,2,2,2,3,0,0,1,5,3,3"
153,1.058780999345586,"0,0,4,2,0,1,3,0,1,3,5,1,3,0,4,1,3,2,2,2,2,4,2,0,0,0,2,2,0,2,3,1,1,5,1,1,1,2,2,4,5,0,2,2,5,5,1,0,0,4,2,2,4,2,2,0,0,0,2,0,0,3,4,2,2,0,0,3,0,1,1,2,4,0,0,4,2,5,5,3,3,3,0,3,3,2,0,3,4,4,2,2,2,4,1,5,2,2,4,2,0,0,0,2,3,0,0,2,2,2,2,0,0,5,2,2,2,0,0,5,0,0,0,2,4,2,1,1,5,2,2,2,2,3,3,1,5,0,0,0,0,0,0,3,2,2,0,0,2,4,1,5,1,1,2,2,2,2,4,4,5,5,0,2,2,5,5,3,2,1,1,5,1,1,0,0,4,3,3,2,0,0,4,1,0,0,2,2,3,2,2,0,0,2,2,3,4,0,4,0,0,0,0,0,0,0,0,0,4,0,2,4,3,3,3,3,2,0,0,3,2,3,3,3,2,0,2,2,5,2,2,2,2,4,2,0,0,2,2,5,2,2,3,3,2,2,2,0,4,2,0,0,2,2,0,0,2,2,5,2,0,0,2,0,0,0,2,2,2,2,2,3,0,0,1,5,3,3"
154,1.0587106163717896,"0,0,4,2,0,1,3,0,1,3,5,1,3,0,4,1,3,2,2,2,2,4,3,0,0,0,2,2,0,2,3,1,1,5,1,1,1,2,2,4,5,0,2,2,5,5,1,0,0,4,2,2,4,2,2,0,0,0,2,0,0,3,4,2,2,0,0,3,0,1,1,2,4,0,0,4,2,5,5,3,3,3,0,3,3,2,0,3,2,4,2,2,2,4,1,5,2,2,4,2,0,0,0,2,3,0,0,2,2,2,2,0,0,5,2,2,2,0,0,5,0,0,0,2,4,2,1,1,5,2,2,2,2,3,3,1,5,0,0,0,0,0,0,3,2,2,0,0,0,4,1,5,1,1,2,2,2,2,4,4,5,5,0,2,2,5,5,3,2,1,1,5,1,1,0,0,4,3,3,2,0,0,4,1,0,0,2,2,3,2,2,0,0,2,2,2,4,0,4,0,0,0,0,0,0,0,0,0,4,0,2,4,3,3,3,3,2,0,0,0,2,3,3,3,2,0,2,2,5,2,2,2,2,4,2,0,0,2,2,5,2,2,3,3,2,2,2,0,4,2,0,0,2,2,0,0,2,2,5,2,0,0,2,0,0,0,2,2,2,2,2,2,0,0,1,5,3,2"
155,1.058643501391611,"0,0,4,2,0,1,3,0,1,3,5,1,3,0,4,1,3,2,2,2,2,4,3,0,0,0,2,2,0,2,3,1,1,5,1,1,1,2,2,4,5,0,2,2,5,5,1,0,0,4,2,2,4,2,2,0,0,0,2,0,0,3,4,2,2,0,0,3,0,1,1,2,4,0,0,4,2,5,5,3,3,3,0,3,3,2,0,3,2,4,2,2,2,4,1,5,2,2,4,2,0,0,0,2,3,2,0,2,2,2,2,0,0,5,2,2,2,0,0,5,0,0,0,2,4,2,1,1,5,2,2,2,2,3,3,5,5,0,0,0,0,0,0,3,2,2,0,0,0,4,1,5,1,1,2,2,2,2,4,4,5,5,0,2,2,5,5,3,2,1,1,5,1,1,0,0,4,3,3,2,0,0,4,1,0,0,2,2,3,2,2,0,0,2,2,2,4,0,4,0,0,0,0,0,0,0,0,0,4,0,2,4,3,3,3,3,2,0,0,0,2,3,3,3,2,0,2,2,5,2,2,2,2,4,2,0,0,2,2,5,2,2,3,3,2,2,2,0,4,2,0,0,2,2,0,0,2,2,5,2,0,0,2,0,0,0,2,2,2,2,2,2,0,0,1,5,3,3"
156,1.0582117627898937,"0,0,4,2,0,1,3,0,1,3,5,1,3,0,4,1,3,2,2,2,2,4,3,0,0,0,2,2,0,2,3,1,1,5,1,1,1,2,2,4,5,0,2,2,5,5,1,0,0,4,2,2,4,2,2,0,0,0,2,0,0,3,4,2,2,0,0,3,0,1,1,2,4,0,0,4,2,5,5,3,3,3,0,3,3,2,0,3,2,4,2,2,2,4,1,5,2,2,4,2,0,0,0,2,3,0,0,2,2,2,2,0,0,5,2,2,2,0,0,5,0,0,0,2,4,2,1,1,5,2,2,2,2,3,3,1,5,0,0,0,0,0,0,3,2,2,0,0,2,4,1,5,1,1,2,2,2,2,4,4,5,5,0,2,2,5,5,1,2,1,1,5,1,1,0,0,4,3,3,2,0,0,4,1,0,0,2,2,3,2,2,0,0,2,2,2,4,0,4,0,0,0,0,0,0,0,0,0,4,0,2,4,3,3,3,3,2,0,0,0,2,3,3,3,2,0,2,2,5,2,2,2,2,4,2,0,4,2,2,5,2,2,3,3,2,2,2,0,4,2,0,0,2,2,0,0,2,2,5,2,0,0,2,0,0,0,2,2,2,2,2,2,0,0,1,5,3,3"
157,1.0572132497822762,"0,0,4,2,0,1,3,0,1,3,5,1,3,0,4,1,3,2,2,2,2,4,3,0,0,0,2,2,0,2,3,1,1,5,1,1,1,2,2,4,5,0,4,2,5,5,1,0,0,4,2,2,4,2,2,0,0,0,2,1,0,3,4,2,2,0,0,3,0,1,1,2,4,0,0,4,2,5,5,3,3,3,0,3,3,2,0,3,2,4,2,2,2,4,1,5,2,2,4,2,0,0,0,2,3,0,0,2,2,2,2,0,0,5,2,2,2,0,0,5,0,0,0,2,4,2,1,1,5,2,2,2,2,3,3,1,5,0,0,0,0,0,0,3,2,2,0,0,2,4,1,5,1,1,2,2,2,2,4,4,5,5,0,2,2,5,5,3,2,1,1,5,1,1,0,0,4,3,3,2,0,0,4,1,0,0,2,2,3,2,2,0,0,2,2,2,4,0,4,0,0,0,0,0,0,0,0,0,4,0,2,4,3,3,3,3,0,0,0,0,2,3,3,3,2,0,2,2,5,2,2,2,2,4,2,0,0,2,2,5,2,1,3,3,2,2,2,0,4,2,0,0,2,2,0,0,2,2,5,2,0,0,2,0,0,0,2,2,2,2,2,2,0,0,1,5,3,3"
158,1.0594575600757663,"0,0,4,2,0,1,3,0,1,3,5,1,3,0,4,1,3,2,2,2,2,4,3,0,0,0,2,2,0,2,3,1,1,5,1,1,1,2,2,4,5,0,2,2,5,5,1,0,0,4,2,2,4,2,2,0,0,0,2,0,0,3,4,2,2,0,0,3,0,1,1,2,4,0,0,4,2,5,5,3,3,3,0,3,3,2,0,3,2,4,2,2,2,4,1,5,2,2,4,2,0,0,0,2,3,0,0,2,2,2,2,0,0,5,2,2,2,0,0,5,0,0,0,2,4,2,1,1,5,2,2,2,2,3,3,1,5,0,0,0,0,0,0,3,2,2,0,0,2,3,1,5,1,1,2,2,2,2,4,4,5,5,0,2,2,5,5,3,2,1,1,5,1,1,0,0,4,3,3,2,0,0,4,1,0,0,2,2,4,2,2,0,0,2,2,2,4,0,4,0,0,0,0,0,0,0,0,0,4,0,2,4,3,3,3,3,2,0,0,0,2,3,3,3,2,0,2,2,5,2,2,2,2,4,2,0,0,2,2,5,2,2,3,3,2,2,2,0,4,2,0,0,2,2,0,0,2,2,5,2,0,0,2,0,0,0,2,2,2,2,2,2,0,0,1,5,3,3"
159,1.0600221333531386,"0,0,4,2,0,1,3,0,1,3,5,1,3,0,4,1,3,2,2,2,2,4,3,0,0,0,2,2,0,2,3,1,1,5,1,1,1,2,2,4,5,0,2,2,5,5,1,0,0,4,2,2,4,2,2,0,0,0,2,0,0,3,4,2,2,0,0,3,0,1,1,2,4,0,0,4,2,5,5,3,3,3,0,3,3,2,0,3,2,4,2,2,2,4,1,5,2,2,4,2,0,0,0,2,3,0,0,2,2,2,2,0,0,5,2,2,2,0,0,5,0,0,0,2,4,2,1,1,5,2,2,2,2,3,3,1,5,0,0,0,0,0,0,3,2,2,0,0,2,3,1,5,1,1,2,2,2,2,4,4,5,5,0,2,2,5,5,3,2,1,1,5,1,1,0,0,4,3,3,2,0,0,4,1,0,0,2,2,3,2,2,0,0,2,2,2,4,0,4,0,0,0,0,0,0,0,0,0,4,0,2,4,3,3,3,3,2,0,0,0,2,3,3,3,2,0,2,2,5,2,2,2,2,4,2,0,0,2,2,5,2,2,3,3,2,2,0,0,4,2,0,0,2,2,0,0,2,2,5,2,0,0,2,0,0,0,2,2,2,2,2,2,0,0,1,5,3,3"
160,1.0604479177058934,"0,0,4,2,0,1,3,0,1,3,5,1,3,0,4,1,3,2,2,2,2,4,3,0,0,0,2,2,0,2,3,1,1,5,1,1,1,2,2,4,5,0,2,2,5,5,1,0,0,4,2,2,4,2,2,0,0,0,2,0,0,3,4,2,2,0,0,3,0,1,1,2,4,0,0,4,2,5,5,3,3,3,0,3,3,2,0,3,2,4,2,2,2,4,1,5,2,2,4,2,0,0,0,2,3,0,0,2,2,2,2,0,0,5,2,2,2,0,0,5,0,0,0,2,4,2,1,1,5,2,2,2,2,3,3,1,5,0,0,0,0,0,0,3,2,2,0,0,2,3,1,5,1,1,2,2,2,2,4,4,5,5,0,2,2,5,5,3,3,1,1,5,1,1,0,0,4,3,3,2,0,0,4,1,0,0,2,2,2,2,2,0,0,2,2,2,4,0,4,0,0,0,0,0,0,0,0,0,4,0,2,4,3,3,3,3,2,0,0,0,3,3,3,3,2,0,2,2,5,2,2,2,2,4,2,0,0,2,2,5,2,2,3,3,2,2,0,0,4,2,0,0,2,2,0,0,2,2,5,2,0,0,2,0,0,0,2,2,2,2,2,2,0,0,1,5,3,3"
161,1.0604329036405968,"0,0,4,2,0,1,3,0,1,3,5,1,3,0,4,1,3,2,2,2,2,4,3,0,0,0,2,2,0,2,3,1,1,5,1,1,1,2,2,4,5,0,2,2,5,5,1,0,0,4,2,2,4,2,2,0,0,0,2,0,0,3,4,2,2,0,0,3,0,1,1,2,4,0,0,4,2,5,5,3,3,3,0,3,3,2,0,3,2,4,2,2,2,4,1,5,2,2,4,2,0,0,0,2,3,0,0,2,2,2,2,0,0,5,2,2,2,0,0,5,0,0,0,2,4,2,1,1,5,2,2,2,2,3,3,1,5,0,0,0,0,0,0,3,2,2,0,0,2,3,1,5,1,1,2,2,2,2,4,4,5,5,0,2,2,5,5,3,3,1,1,5,1,1,0,0,4,3,3,2,0,0,4,1,0,0,2,2,3,2,2,0,0,2,2,2,4,0,4,0,0,0,0,0,0,0,0,0,4,0,2,4,3,3,3,3,2,0,0,0,2,3,3,3,2,0,2,2,5,2,2,2,2,4,2,0,0,2,2,5,2,2,3,3,2,2,0,0,4,2,0,0,2,2,0,0,2,2,5,2,0,0,2,0,0,0,2,2,2,2,2,2,0,0,1,5,3,3"
162,1.0580397101220076,"0,0,4,2,0,1,3,0,1,3,5,1,3,0,4,1,3,2,2,2,2,4,3,0,0,0,2,2,0,2,3,1,1,5,1,1,1,2,2,4,5,0,2,2,5,5,1,0,0,4,2,2,4,2,2,0,0,0,2,0,5,3,4,2,2,0,0,3,0,1,1,2,4,0,0,4,2,5,5,3,3,3,0,3,3,2,0,3,2,4,2,2,2,4,1,5,2,2,4,2,0,0,0,2,3,0,0,2,2,2,2,0,0,5,2,2,2,0,0,5,0,0,0,2,4,2,1,4,5,2,2,2,2,3,3,1,5,0,0,0,0,0,0,3,2,2,0,0,2,3,1,5,1,1,2,2,2,2,4,4,5,5,0,2,2,5,5,2,3,1,1,5,5,1,0,0,4,3,3,2,0,0,4,1,0,0,2,2,3,5,2,0,0,2,2,2,4,0,4,0,0,0,0,0,0,0,0,0,4,0,2,4,3,3,3,3,2,0,0,0,2,3,3,3,2,0,2,2,5,2,2,2,2,4,2,0,0,2,2,5,2,2,3,3,2,2,0,0,4,2,0,0,2,2,0,0,2,2,5,2,0,0,2,0,0,0,2,2,2,2,2,4,0,0,1,5,3,3"
163,1.0605565692369485,"0,0,4,2,0,1,3,0,1,3,5,1,3,0,4,1,3,2,2,2,2,4,3,0,0,0,2,2,0,2,3,1,1,5,1,1,1,2,2,4,5,0,2,2,5,5,1,0,0,2,2,2,4,2,2,0,0,0,2,0,0,3,4,2,2,0,0,2,0,1,1,2,4,0,0,4,2,5,5,3,3,3,0,3,3,2,0,3,2,4,2,2,2,4,1,5,2,2,4,2,0,0,0,2,3,0,0,2,2,2,2,0,0,5,2,2,2,0,0,5,0,0,0,2,4,2,1,1,5,2,2,2,2,3,3,1,5,0,0,0,0,0,0,4,2,2,0,0,2,3,1,5,1,1,2,2,2,2,4,4,5,5,0,2,2,5,5,3,3,1,1,5,1,1,0,0,4,3,3,2,0,0,4,1,0,0,2,2,3,2,2,0,0,2,2,2,4,0,0,0,0,0,0,0,0,0,0,0,4,0,2,4,3,3,3,3,2,0,0,0,2,3,3,3,2,0,2,2,5,2,2,2,2,4,2,0,0,2,2,5,2,2,3,3,2,2,0,0,4,2,0,0,2,2,0,0,2,2,5,2,0,0,2,0,0,0,2,2,2,2,2,4,0,0,1,5,3,3"
164,1.0606232408225922,"0,0,4,2,0,1,3,0,1,3,5,1,3,0,4,1,3,2,2,2,2,4,3,0,0,0,2,2,0,2,3,1,1,5,1,1,1,2,2,4,5,0,2,2,5,5,1,0,0,2,2,2,4,2,2,0,0,0,2,0,0,3,4,2,2,0,0,2,0,1,5,2,4,0,0,4,2,5,5,3,3,3,0,3,3,2,0,3,2,4,2,2,2,4,1,5,2,2,4,2,0,0,0,2,3,0,0,2,2,2,2,0,0,5,2,2,2,0,0,5,0,0,0,2,4,2,1,1,5,2,2,2,2,3,3,1,5,0,0,0,0,0,0,4,2,2,0,0,2,3,1,5,1,1,2,2,2,2,4,4,5,5,0,2,2,5,5,3,3,1,1,5,1,1,0,0,4,3,3,2,0,0,4,1,0,0,2,2,3,2,2,0,0,2,2,2,4,0,0,0,0,0,0,0,0,0,0,0,4,0,2,4,3,3,3,3,2,0,0,0,2,3,3,3,2,0,2,2,5,2,2,2,2,4,2,0,0,2,2,5,2,2,3,3,2,2,0,0,4,2,0,0,2,2,0,0,2,2,5,2,0,0,2,0,0,0,2,2,2,2,2,4,0,0,1,5,3,3"
165,1.0597080340347813,"0,0,4,2,0,1,3,0,1,3,5,1,3,0,4,1,3,2,2,2,2,4,3,0,0,0,2,2,0,2,3,1,1,5,1,1,1,2,2,4,5,0,2,2,5,5,1,0,0,2,2,2,4,2,2,0,0,0,2,0,0,3,4,2,2,0,0,2,0,1,1,2,4,0,0,4,2,5,5,3,3,3,0,3,3,2,0,3,2,4,2,2,2,4,1,5,2,2,4,2,0,0,0,2,3,0,0,2,2,2,2,0,0,5,2,2,2,0,0,5,0,0,0,2,4,2,1,1,5,2,2,2,2,3,3,1,5,0,0,0,0,0,0,4,2,2,0,0,2,3,1,5,1,1,2,2,2,2,4,4,5,5,0,2,2,5,5,3,3,1,1,5,1,1,0,5,4,3,3,2,0,0,4,1,0,0,2,2,3,2,2,0,0,2,2,2,4,0,0,0,0,0,0,0,0,0,0,0,4,0,2,4,3,3,3,3,2,0,0,0,2,3,3,3,2,0,2,2,5,2,2,2,2,4,2,0,0,2,2,3,2,2,3,3,2,2,0,0,4,2,0,0,2,2,0,0,2,2,5,2,0,0,2,0,0,0,2,2,2,2,2,4,0,0,1,5,3,3"
166,1.0600382076421555,"0,0,4,2,0,1,3,0,1,3,5,1,3,0,4,1,3,2,2,2,2,4,3,0,0,0,2,2,0,2,3,1,1,5,1,1,1,2,2,4,5,0,2,2,5,5,1,0,0,2,2,2,4,2,2,0,0,0,2,0,0,3,4,2,2,0,0,2,0,1,1,2,4,0,0,4,2,5,5,3,3,3,0,3,3,2,0,3,2,4,2,2,2,4,1,5,2,2,4,2,0,0,0,2,3,0,0,2,2,2,2,0,0,5,2,2,2,0,0,5,0,0,0,2,4,2,1,1,5,2,2,2,2,3,3,1,5,0,0,0,0,0,0,4,2,2,0,0,2,3,1,5,1,1,2,2,2,2,4,4,5,5,0,2,2,5,5,3,3,1,1,5,1,1,0,5,4,3,3,2,0,0,4,1,0,0,2,2,3,2,2,0,0,2,2,2,4,0,0,0,0,0,0,0,0,0,0,0,4,0,2,4,3,3,3,3,2,0,0,0,2,3,3,3,2,0,2,2,5,2,2,2,2,4,2,0,0,2,2,5,2,2,3,3,2,2,0,0,4,2,0,0,2,2,0,0,2,2,5,2,0,0,2,0,0,0,2,2,2,2,2,4,0,0,1,5,3,3"
167,1.060837848245988,"0,0,4,2,0,1,3,0,1,3,5,1,3,0,4,1,3,2,2,2,2,4,3,0,0,0,2,2,0,2,3,1,1,5,1,1,1,2,2,4,5,0,2,2,5,5,1,0,0,2,2,2,4,2,2,0,0,0,2,0,0,3,4,2,2,0,0,2,0,1,5,2,4,0,0,4,2,5,5,3,3,3,0,3,3,2,0,3,2,4,2,2,2,4,1,5,2,2,2,2,0,0,0,2,3,0,0,2,2,2,2,0,0,5,2,2,2,0,0,5,0,0,0,2,4,2,1,1,5,2,2,2,2,3,3,1,5,0,0,0,0,0,0,4,2,2,0,0,2,3,1,5,1,1,2,2,2,2,4,4,5,5,0,2,2,5,5,3,3,1,1,5,1,1,0,0,4,3,3,2,0,0,4,1,0,0,2,2,3,2,2,0,0,2,2,2,4,0,0,0,0,0,0,0,0,0,0,0,4,0,2,4,3,3,3,3,2,0,0,0,2,3,3,3,2,0,2,2,5,2,2,2,2,4,2,0,0,2,2,5,2,2,3,3,2,2,0,0,4,2,0,0,2,2,0,0,2,2,5,2,0,0,2,0,0,0,2,2,2,2,2,4,0,0,1,5,3,3"
168,1.0605672811702702,"0,0,4,2,0,1,3,0,1,3,5,1,3,0,4,1,3,2,2,2,2,4,3,0,0,0,2,2,0,2,3,1,1,5,1,1,1,2,2,4,5,0,2,2,5,5,1,0,0,2,2,2,4,2,2,0,0,0,2,0,0,3,4,2,2,0,0,2,0,1,5,2,4,0,0,4,2,5,5,3,3,3,0,3,3,2,0,3,2,4,2,2,2,4,1,5,2,2,2,2,0,0,0,2,3,0,0,2,2,2,2,0,0,5,2,2,2,0,2,5,0,0,0,2,4,2,1,1,5,2,2,2,2,3,3,1,5,0,0,0,0,0,0,4,2,2,0,0,2,3,1,5,1,1,2,2,2,2,4,4,5,5,0,2,2,5,5,3,3,1,1,5,1,1,0,0,4,3,3,2,0,0,4,1,0,0,2,2,3,2,2,0,0,2,2,2,4,0,0,0,0,0,0,0,0,0,0,0,4,0,2,4,3,3,3,3,2,0,0,0,2,3,3,5,2,0,2,2,5,2,2,2,2,4,2,0,0,2,2,5,2,2,3,3,2,2,0,0,4,2,0,0,2,2,0,0,2,2,5,2,0,0,2,0,0,0,2,2,2,2,2,4,0,0,1,5,3,3"
169,1.061686356620418,"0,0,4,2,0,1,3,0,1,3,5,1,3,0,4,1,3,2,2,2,2,4,3,0,0,0,2,2,0,2,3,1,1,5,1,1,1,2,2,4,5,0,2,2,5,5,1,0,0,2,2,2,4,2,2,0,0,0,2,0,0,3,4,2,2,0,0,2,0,1,5,2,4,0,0,4,2,5,5,3,3,3,0,3,3,2,0,3,0,4,2,2,2,4,1,5,2,2,2,2,0,0,0,2,3,0,0,2,2,2,2,0,0,5,2,2,2,0,2,5,0,0,0,2,4,2,1,1,5,2,2,2,2,3,3,1,5,0,0,0,0,0,0,4,2,2,0,0,2,2,1,5,1,1,2,4,2,2,4,4,5,5,0,2,2,5,5,3,3,1,1,5,1,1,0,0,4,3,3,2,0,0,4,1,0,0,2,2,3,2,2,0,0,2,2,2,4,0,0,0,0,0,0,0,0,0,0,0,4,0,2,4,3,3,3,3,2,0,0,0,2,3,3,3,2,0,2,2,5,2,2,2,2,4,2,0,0,2,2,5,2,2,3,3,2,2,0,0,4,2,0,0,2,2,0,0,2,2,5,2,0,0,2,0,0,0,2,2,2,2,2,4,0,0,1,5,3,3"
170,1.0601980784465292,"0,0,4,2,0,1,3,0,1,3,5,1,3,0,4,1,3,2,2,2,2,4,3,0,0,0,2,2,0,2,3,1,1,5,1,1,1,2,2,4,5,0,2,2,5,5,1,0,0,2,2,2,4,2,2,0,0,2,2,0,0,3,4,2,2,0,0,2,0,1,5,2,4,0,0,4,2,5,5,3,3,3,0,3,3,2,0,3,2,4,2,2,2,3,1,5,2,2,2,2,0,0,0,2,3,0,0,2,2,2,2,0,0,5,2,4,2,0,0,5,0,0,0,2,4,2,1,1,5,2,2,2,2,3,3,1,5,0,0,0,0,0,0,4,2,2,0,0,2,3,1,5,1,1,2,2,2,2,4,4,5,5,0,2,2,5,5,3,3,1,1,5,1,1,0,0,4,3,3,3,0,0,4,1,0,0,2,2,3,2,2,0,0,2,2,2,4,0,0,0,0,0,0,0,0,0,0,0,4,0,2,5,3,3,3,3,2,0,0,0,2,3,3,3,2,0,2,2,5,2,2,2,2,4,2,0,0,2,2,5,2,2,3,3,2,2,0,0,4,2,0,0,2,2,0,0,2,2,5,2,0,0,2,0,0,0,2,2,2,2,2,4,0,0,1,5,3,3"
171,1.0619201035594719,"0,0,4,2,0,1,3,0,1,3,5,1,3,0,4,1,3,2,2,2,2,4,3,0,0,0,2,2,0,2,3,1,1,5,1,1,1,2,2,4,5,0,2,2,5,5,1,0,0,2,2,2,4,2,2,0,0,2,2,0,0,3,4,2,2,0,0,2,0,1,5,2,4,0,0,4,2,5,5,3,3,3,0,3,3,2,0,3,0,4,2,2,2,4,1,5,2,2,2,2,0,0,0,2,3,0,0,2,2,2,2,0,0,5,2,2,2,0,2,5,0,0,0,2,4,2,1,1,5,2,2,2,2,3,3,1,5,0,0,0,0,0,0,4,2,2,0,0,2,2,1,5,1,1,2,4,2,2,4,4,5,5,0,2,2,5,5,3,3,1,1,5,1,1,0,0,4,3,3,2,0,0,4,1,0,0,2,2,3,2,2,0,0,2,2,2,4,0,0,0,0,0,0,0,0,0,0,0,4,0,2,4,3,3,3,3,2,0,0,0,2,3,3,3,2,0,2,2,5,2,2,2,2,4,2,0,0,2,2,5,2,2,3,3,2,2,0,0,4,2,0,0,2,2,0,0,2,2,5,2,0,0,2,0,0,0,2,2,2,2,2,4,0,0,1,5,3,3"
172,1.062194435419995,"0,0,4,2,0,1,3,0,1,3,5,1,3,0,4,1,3,2,2,2,2,4,3,0,0,0,2,2,0,2,3,1,1,5,1,1,1,2,2,4,5,0,2,2,5,5,1,0,0,2,2,2,4,2,2,0,0,2,2,0,0,3,4,2,2,0,0,2,0,1,5,2,4,0,0,4,2,5,5,3,3,3,0,3,3,2,0,3,0,4,2,2,2,2,1,5,2,2,2,2,0,0,0,2,3,0,0,2,2,2,2,0,0,5,2,2,2,0,2,5,0,0,0,2,4,2,1,1,5,2,2,2,2,3,3,1,5,0,0,0,0,0,0,4,2,2,0,0,2,2,1,5,1,1,2,4,2,2,4,4,5,5,0,2,2,5,5,3,3,1,1,5,1,1,0,0,4,3,3,2,0,0,4,1,0,0,2,2,3,2,2,0,0,2,2,2,4,0,0,0,0,0,0,0,0,0,0,0,4,0,2,4,3,3,3,3,4,0,0,4,2,3,3,3,2,0,2,2,5,2,2,2,2,4,2,0,0,2,2,5,2,2,3,3,2,2,0,0,4,2,0,0,2,2,0,0,2,2,5,2,0,0,2,0,0,0,2,2,2,2,2,4,0,0,1,5,3,3"
173,1.0622382798538885,"0,0,4,2,0,1,3,0,1,3,5,1,3,0,4,1,3,2,2,2,2,4,3,0,0,0,2,2,0,2,3,1,1,5,1,1,1,2,2,4,5,0,2,2,5,5,1,0,0,2,2,2,4,2,2,0,0,2,2,0,0,3,4,2,2,0,0,2,0,1,5,2,4,0,0,4,2,5,5,3,3,3,0,3,3,2,0,3,0,4,2,2,2,2,1,5,2,2,2,2,0,0,0,2,3,0,0,2,2,2,2,0,0,5,2,2,2,0,2,5,0,0,0,2,4,2,1,1,5,2,2,2,2,3,3,1,5,0,0,0,0,0,0,4,2,2,0,0,2,2,1,5,1,1,2,4,2,2,4,4,5,5,0,2,2,5,5,3,3,1,1,5,1,1,0,0,4,3,3,2,0,0,4,1,0,0,2,2,3,2,2,0,0,2,2,2,4,0,0,0,0,0,0,0,0,0,0,0,4,0,2,4,3,3,3,3,4,0,0,4,2,3,3,3,2,0,2,2,5,2,2,2,2,4,2,0,0,2,2,5,2,2,3,3,2,2,0,0,4,2,0,0,2,2,0,0,2,2,2,2,0,0,2,0,0,0,2,2,2,2,2,4,0,0,1,5,3,3"
174,1.061329125078065,"0,0,4,2,0,1,3,0,1,3,5,1,3,0,4,1,3,2,2,2,2,4,3,0,0,0,2,2,0,2,3,1,1,5,1,1,1,2,2,4,5,0,2,2,5,5,1,0,0,2,2,2,4,2,2,0,0,2,2,0,0,3,4,2,2,0,0,2,0,1,5,2,4,0,0,4,2,5,5,3,3,3,0,3,3,2,0,3,0,4,3,2,2,2,1,5,2,2,2,2,0,0,0,2,3,0,0,2,2,2,2,3,5,5,2,2,2,0,2,5,0,0,0,2,4,2,1,1,5,2,2,2,2,3,3,1,5,0,0,0,0,0,0,4,2,2,0,0,2,2,1,5,1,1,2,4,2,2,4,4,5,5,0,2,2,5,5,3,3,1,1,5,1,1,0,0,4,3,3,2,0,0,4,1,0,0,2,2,3,2,2,0,0,2,2,2,4,0,0,0,0,0,0,0,0,0,0,0,4,0,2,4,3,3,3,3,4,3,0,4,2,3,3,3,2,0,2,2,5,2,2,2,2,4,2,0,0,2,2,5,2,2,3,3,2,2,0,0,4,2,0,0,2,2,0,0,2,2,2,2,0,0,2,0,0,0,2,2,2,2,2,4,0,0,1,5,3,3"
175,1.061082998058122,"0,0,4,2,0,1,3,0,1,3,5,1,3,0,4,1,3,2,2,2,2,4,3,3,0,0,2,2,0,2,3,1,1,5,1,1,1,2,2,4,5,0,2,2,5,5,1,0,0,4,2,2,4,2,2,0,0,2,2,0,0,3,4,2,2,0,0,2,0,1,5,2,4,0,0,4,2,5,5,3,3,3,0,3,3,2,0,3,0,4,2,2,2,2,1,5,2,2,2,2,0,0,0,2,3,0,0,2,2,2,2,0,0,5,2,2,2,0,2,5,0,0,0,2,4,2,1,1,5,2,2,2,2,3,3,1,5,0,0,0,0,0,0,4,2,2,0,0,2,2,1,5,1,1,2,4,2,2,4,4,5,5,0,2,2,5,5,3,3,1,1,5,1,1,0,0,4,3,3,2,0,0,4,1,0,0,2,2,3,2,2,0,0,2,2,2,4,0,0,0,1,0,0,0,0,0,0,0,4,0,2,2,3,3,3,3,4,0,0,4,2,3,3,3,2,0,2,2,5,2,2,2,2,4,2,0,0,2,2,5,2,2,3,3,2,2,0,0,3,2,0,0,2,2,0,0,2,0,2,2,0,0,2,0,0,0,2,2,2,2,2,4,0,0,1,5,3,3"
176,1.0615613211636958,"0,0,4,2,0,1,3,0,1,3,5,1,3,0,4,1,3,2,2,2,2,4,3,3,0,0,2,2,0,2,3,1,1,5,1,1,1,2,2,4,5,0,2,2,5,5,1,0,0,4,2,2,4,2,2,0,0,2,2,0,0,3,4,2,2,0,0,2,0,1,5,2,4,0,0,4,3,5,5,3,3,3,0,3,3,2,0,3,0,4,2,2,2,2,1,5,2,2,2,2,0,0,0,2,3,0,0,2,2,2,2,0,0,5,2,2,2,0,2,5,0,0,0,2,4,2,1,1,5,5,2,2,2,3,3,1,5,0,0,0,0,0,0,4,2,2,0,0,2,2,1,5,1,1,2,4,2,2,4,4,5,5,0,2,2,5,5,3,3,1,1,5,1,1,0,0,4,3,3,2,0,0,4,1,0,0,2,2,3,2,2,0,0,2,2,2,4,0,0,0,0,0,0,0,0,0,0,0,4,0,2,4,3,3,3,3,4,4,0,4,2,3,3,3,2,0,2,2,5,2,2,2,2,4,2,0,0,2,2,5,2,2,3,3,2,2,0,0,4,2,0,0,2,2,0,0,2,2,2,2,0,0,2,0,0,0,2,2,2,2,2,4,0,0,1,5,3,3"
177,1.06102399154762,"0,0,4,2,0,1,3,0,1,3,5,1,3,0,4,1,3,2,2,2,2,4,3,3,0,0,2,2,0,2,3,1,1,5,1,1,1,2,2,4,5,0,2,2,5,5,1,0,0,4,2,2,4,2,2,0,0,2,2,0,0,3,4,2,2,0,0,2,0,1,5,2,4,0,0,4,3,5,5,3,3,3,0,3,3,2,0,3,0,4,2,2,2,2,1,5,2,2,2,2,0,0,0,2,3,0,0,2,2,2,2,0,0,5,2,2,2,0,2,5,0,0,0,2,4,2,1,1,5,5,2,2,2,3,3,1,5,0,0,0,0,0,0,4,2,2,0,0,2,2,1,5,1,1,2,4,2,2,4,4,5,5,0,2,2,5,5,3,3,1,1,5,1,1,0,0,4,3,3,2,0,0,4,1,0,0,0,2,3,2,2,0,0,2,2,2,4,0,0,0,0,0,0,0,0,0,0,0,4,0,2,4,3,3,3,3,4,4,0,4,2,3,3,3,2,0,2,2,5,2,2,2,2,4,2,0,0,2,2,5,2,2,3,3,2,2,0,0,4,2,0,0,2,2,0,0,2,2,2,2,0,0,2,0,0,0,2,2,2,2,2,4,0,0,1,5,3,3"
178,1.060702742450307,"0,0,4,2,0,1,3,0,1,3,5,1,3,0,4,1,3,2,2,2,2,4,3,0,0,0,2,2,0,2,3,4,1,5,1,1,1,2,2,4,2,0,2,2,5,5,1,0,0,2,2,2,4,2,2,0,0,2,2,0,0,3,4,2,2,0,0,2,0,1,5,2,4,0,0,4,3,5,5,3,3,3,0,3,3,2,0,3,0,4,2,2,2,2,1,5,2,2,2,2,0,0,0,2,3,0,0,2,2,2,2,0,0,5,2,2,2,0,2,5,0,0,0,2,4,2,1,1,5,5,2,2,2,3,3,1,5,0,0,0,0,0,0,4,2,2,0,0,2,2,1,5,1,1,2,4,2,2,4,4,5,5,0,2,2,5,5,3,3,1,1,5,1,1,0,0,4,3,3,2,0,0,4,1,0,0,4,2,3,2,2,0,0,2,2,2,4,0,0,0,0,0,0,0,0,0,0,0,4,0,2,4,3,3,3,3,4,0,0,4,2,3,3,3,2,0,2,3,5,2,2,2,2,4,2,0,0,2,2,5,2,2,3,3,2,2,0,0,4,2,0,0,2,2,0,0,2,2,2,2,0,0,2,0,0,0,2,2,2,2,2,4,0,0,1,5,3,3"
179,1.0630426747645474,"0,0,2,2,0,1,3,0,1,3,5,1,3,0,4,1,3,2,2,2,2,4,3,0,0,0,2,2,0,2,3,1,1,5,1,1,1,2,2,4,5,0,2,2,5,5,1,0,0,2,2,2,4,2,2,0,0,2,2,0,0,3,4,2,2,0,0,2,0,1,5,2,4,0,0,4,2,5,5,3,3,3,0,3,3,2,0,3,0,4,2,2,2,2,1,5,2,2,2,2,0,0,0,2,3,0,0,2,2,2,2,0,0,5,2,2,2,0,2,5,0,0,0,2,4,2,1,1,5,2,2,2,2,3,3,1,5,0,0,0,0,0,0,4,2,2,0,0,2,2,1,5,1,1,2,4,2,2,4,4,5,5,0,2,2,5,5,3,3,1,1,5,1,1,0,0,4,3,3,2,0,0,4,1,0,0,2,2,3,2,2,0,0,2,2,2,4,0,0,0,0,0,0,0,0,0,0,0,4,0,2,4,3,3,3,3,4,4,0,4,2,3,3,3,2,0,2,2,5,2,2,2,2,4,2,0,0,2,2,5,2,2,3,3,4,2,0,0,4,2,0,0,2,2,0,0,2,2,2,2,0,0,2,0,0,0,2,2,2,0,2,4,0,0,1,5,3,3"
180,1.063268805506638,"0,0,2,2,0,1,3,0,1,3,5,1,3,0,4,1,3,2,2,2,2,4,3,0,0,0,2,2,0,2,3,1,1,5,1,1,1,2,2,4,5,0,2,2,5,5,1,0,0,2,2,2,4,2,2,0,0,2,2,0,0,3,4,2,2,0,0,3,0,1,5,2,4,0,0,4,2,5,5,3,3,3,0,3,3,2,0,3,0,4,2,2,2,2,1,5,2,2,2,2,0,0,0,2,3,0,0,2,2,2,2,0,0,5,2,2,2,0,2,5,0,0,0,2,4,2,1,1,5,2,2,2,2,3,3,1,5,0,0,0,0,0,0,4,2,2,0,0,2,2,1,5,1,1,2,4,2,2,4,4,5,5,0,2,2,5,5,3,3,1,1,5,1,1,0,0,4,3,3,2,0,0,4,1,0,0,2,2,3,2,2,0,0,2,2,2,4,0,0,0,0,0,0,0,0,0,0,0,4,0,2,4,3,3,3,3,4,4,5,4,2,3,3,3,2,0,2,2,5,2,2,2,2,4,2,0,0,2,2,5,2,2,3,3,4,2,0,0,4,2,0,0,2,2,0,0,2,2,2,2,0,0,2,0,0,0,2,2,2,0,2,4,0,0,1,5,3,3"
181,1.0632533892935054,"0,0,2,2,0,1,3,0,1,3,5,1,3,0,4,1,3,2,2,2,2,4,3,0,0,0,2,2,0,2,3,1,1,5,1,1,1,2,2,4,5,0,2,2,5,5,1,0,0,2,2,2,4,2,2,0,0,2,2,0,0,3,4,2,2,0,0,3,0,1,5,2,4,0,0,4,2,5,5,3,3,3,0,3,3,2,0,3,0,4,2,2,2,2,1,5,2,2,2,2,0,0,0,2,3,0,0,2,2,2,2,0,0,5,2,2,2,0,2,5,0,0,0,2,4,2,1,1,5,2,2,2,2,3,3,1,5,0,0,0,0,0,0,4,2,2,0,0,2,2,1,5,1,1,2,4,2,2,4,4,5,5,0,2,2,5,5,3,3,1,1,5,1,1,0,0,4,3,3,2,0,0,4,1,0,0,2,2,3,2,2,0,0,2,2,2,4,0,0,0,0,0,0,0,0,0,0,0,4,0,2,4,3,3,3,3,2,4,0,4,2,3,3,3,2,0,2,2,5,2,2,5,2,4,2,0,0,2,2,5,2,2,3,3,4,2,0,0,4,2,0,0,2,2,0,0,2,2,2,2,0,0,2,0,0,0,2,2,2,0,2,4,0,0,1,5,3,3"
182,1.0632533892935054,"0,0,2,2,0,1,3,0,1,3,5,1,3,0,4,1,3,2,2,2,2,4,3,0,0,0,2,2,0,2,3,1,1,5,1,1,1,2,2,4,5,0,2,2,5,5,1,0,0,2,2,2,4,2,2,0,0,2,2,0,0,3,4,2,2,0,0,3,0,1,5,2,4,0,0,4,2,5,5,3,3,3,0,3,3,2,0,3,0,4,2,2,2,2,1,5,2,2,2,2,0,0,0,2,3,0,0,2,2,2,2,0,0,5,2,2,2,0,2,5,0,0,0,2,4,2,1,1,5,2,2,2,2,3,3,1,5,0,0,0,0,0,0,4,2,2,0,0,2,2,1,5,1,1,2,4,2,2,4,4,5,5,0,2,2,5,5,3,3,1,1,5,1,1,0,0,4,3,3,2,0,0,4,1,0,0,2,2,3,2,2,0,0,2,2,2,4,0,0,0,0,0,0,0,0,0,0,0,4,0,2,4,3,3,3,3,2,4,0,4,2,3,3,3,2,0,2,2,5,2,2,5,2,4,2,0,0,2,2,5,2,2,3,3,4,2,0,0,4,2,0,0,2,2,0,0,2,2,2,2,0,0,2,0,0,0,2,2,2,0,2,4,0,0,1,5,3,3"
183,1.0631364027150896,"0,0,2,2,0,1,3,0,1,3,5,1,3,0,4,1,3,2,2,2,2,4,3,0,0,0,2,2,0,2,3,1,1,5,1,1,1,2,2,4,5,0,2,2,5,5,1,0,0,2,2,2,4,2,2,0,0,2,2,0,0,3,4,2,2,0,0,3,0,1,5,2,4,0,0,4,2,5,5,3,3,3,0,3,3,2,0,3,0,4,2,2,2,2,1,5,2,2,2,2,0,0,0,2,3,0,0,2,2,2,2,0,0,5,2,2,2,0,2,5,0,0,0,2,4,2,1,1,5,2,2,2,2,3,3,1,5,0,0,0,0,0,0,4,2,2,0,0,2,2,1,5,1,1,2,4,2,2,4,4,5,5,0,2,2,5,5,3,3,1,1,5,1,1,0,0,4,3,3,2,0,0,4,1,0,0,2,2,3,2,2,0,0,2,2,2,4,0,0,0,0,0,0,0,0,0,0,0,4,0,2,4,3,3,3,3,4,4,0,4,2,3,3,3,2,0,2,2,5,2,2,2,2,4,2,0,0,2,2,5,2,2,3,3,4,2,0,0,4,2,0,0,3,2,0,0,2,2,2,2,0,0,2,0,0,0,2,2,2,0,2,4,0,0,1,5,3,3"
184,1.0631364027150896,"0,0,2,2,0,1,3,0,1,3,5,1,3,0,4,1,3,2,2,2,2,4,3,0,0,0,2,2,0,2,3,1,1,5,1,1,1,2,2,4,5,0,2,2,5,5,1,0,0,2,2,2,4,2,2,0,0,2,2,0,0,3,4,2,2,0,0,3,0,1,5,2,4,0,0,4,2,5,5,3,3,3,0,3,3,2,0,3,0,4,2,2,2,2,1,5,2,2,2,2,0,0,0,2,3,0,0,2,2,2,2,0,0,5,2,2,2,0,2,5,0,0,0,2,4,2,1,1,5,2,2,2,2,3,3,1,5,0,0,0,0,0,0,4,2,2,0,0,2,2,1,5,1,1,2,4,2,2,4,4,5,5,0,2,2,5,5,3,3,1,1,5,1,1,0,0,4,3,3,2,0,0,4,1,0,0,2,2,3,2,2,0,0,2,2,2,4,0,0,0,0,0,0,0,0,0,0,0,4,0,2,4,3,3,3,3,4,4,0,4,2,3,3,3,2,0,2,2,5,2,2,2,2,4,2,0,0,2,2,5,2,2,3,3,4,2,0,0,4,2,0,0,3,2,0,0,2,2,2,2,0,0,2,0,0,0,2,2,2,0,2,4,0,0,1,5,3,3"
185,1.063199241073004,"0,0,2,2,0,1,3,0,1,3,5,1,3,0,4,1,3,2,2,2,2,4,3,0,0,0,2,2,0,2,3,1,1,5,1,1,1,2,2,4,5,0,2,2,5,5,1,0,0,2,2,2,4,2,2,0,0,2,2,0,0,3,4,2,2,0,0,3,0,1,5,2,4,0,0,4,2,5,5,3,3,3,0,3,3,2,0,3,0,4,2,2,2,2,1,5,2,2,2,2,0,0,0,2,3,0,0,2,2,2,2,0,0,5,2,2,2,0,2,5,0,0,0,2,4,2,1,1,5,2,2,2,2,3,3,1,5,0,0,0,0,0,0,4,2,2,0,0,2,2,1,5,1,1,2,4,2,2,4,4,5,5,0,2,2,5,5,3,3,1,1,5,1,1,0,0,4,3,3,2,0,0,4,1,0,0,2,2,3,2,2,0,0,2,2,2,4,0,0,0,0,0,0,0,0,0,0,0,4,0,2,4,3,3,3,3,4,4,0,4,2,3,3,3,2,0,2,2,5,2,2,2,2,4,2,0,0,2,2,5,2,2,3,3,4,2,0,0,4,2,0,0,2,2,0,0,2,2,2,2,0,0,2,0,0,0,2,2,2,0,2,4,0,0,1,5,3,3"
186,1.063199241073004,"0,0,2,2,0,1,3,0,1,3,5,1,3,0,4,1,3,2,2,2,2,4,3,0,0,0,2,2,0,2,3,1,1,5,1,1,1,2,2,4,5,0,2,2,5,5,1,0,0,2,2,2,4,2,2,0,0,2,2,0,0,3,4,2,2,0,0,3,0,1,5,2,4,0,0,4,2,5,5,3,3,3,0,3,3,2,0,3,0,4,2,2,2,2,1,5,2,2,2,2,0,0,0,2,3,0,0,2,2,2,2,0,0,5,2,2,2,0,2,5,0,0,0,2,4,2,1,1,5,2,2,2,2,3,3,1,5,0,0,0,0,0,0,4,2,2,0,0,2,2,1,5,1,1,2,4,2,2,4,4,5,5,0,2,2,5,5,3,3,1,1,5,1,1,0,0,4,3,3,2,0,0,4,1,0,0,2,2,3,2,2,0,0,2,2,2,4,0,0,0,0,0,0,0,0,0,0,0,4,0,2,4,3,3,3,3,4,4,0,4,2,3,3,3,2,0,2,2,5,2,2,2,2,4,2,0,0,2,2,5,2,2,3,3,4,2,0,0,4,2,0,0,2,2,0,0,2,2,2,2,0,0,2,0,0,0,2,2,2,0,2,4,0,0,1,5,3,3"
187,1.0635489259913646,"0,0,2,2,0,1,3,0,1,3,5,1,3,0,4,1,3,2,2,2,2,4,3,0,0,0,2,2,0,2,3,1,1,5,1,1,1,2,2,4,5,0,2,2,5,5,1,0,0,2,2,2,4,2,2,0,0,2,2,0,0,3,4,2,2,0,0,3,0,1,5,2,4,0,0,4,2,5,5,3,3,3,0,3,2,2,0,3,0,4,2,2,2,2,1,5,2,2,2,2,0,0,0,2,3,0,0,2,2,2,2,0,0,5,2,2,2,0,2,5,0,0,0,2,4,2,1,1,5,2,2,2,2,3,3,1,5,0,0,0,0,0,0,4,2,2,0,0,2,2,1,5,1,1,2,4,2,2,4,4,5,5,0,2,2,5,5,3,3,1,1,5,1,1,0,0,4,3,3,2,0,0,4,1,0,0,2,2,3,2,2,0,0,2,2,2,4,0,0,0,0,0,0,0,0,0,0,0,4,0,2,4,3,3,3,3,4,4,0,4,2,3,3,3,2,0,2,2,5,2,2,2,2,4,2,0,0,2,2,5,2,2,3,3,4,2,0,0,4,2,0,0,2,2,0,0,2,2,2,2,0,0,2,0,0,0,2,2,2,0,2,4,0,0,1,5,3,3"
188,1.063953226708262,"0,0,2,2,0,1,3,0,1,3,5,1,3,0,4,1,2,2,2,2,2,4,3,0,0,0,2,2,0,2,3,1,1,5,1,1,1,2,2,4,5,0,2,2,5,5,1,0,0,2,2,2,4,2,2,0,0,2,1,0,0,3,4,2,2,0,0,0,0,1,5,2,4,0,0,4,2,5,5,3,3,3,0,3,3,2,0,3,0,4,2,2,2,2,1,5,2,2,2,2,0,0,0,2,3,0,0,2,2,2,2,0,0,5,2,2,2,0,2,5,0,0,0,2,4,2,1,1,5,2,2,2,2,3,3,1,5,0,0,0,0,0,0,4,2,2,0,0,2,2,1,5,1,1,2,4,2,2,4,4,5,5,2,2,2,5,5,3,3,1,1,5,1,1,0,0,4,3,3,2,0,0,4,1,0,0,2,2,3,2,2,0,0,2,2,2,4,0,0,0,0,0,0,0,0,0,0,0,4,0,2,4,3,3,3,3,4,4,0,4,2,3,3,3,2,0,2,2,5,2,2,2,2,4,2,0,0,2,2,5,2,2,3,3,4,2,0,0,4,2,0,0,2,2,0,0,2,2,2,2,0,0,2,0,0,0,2,2,2,0,2,4,0,0,1,5,3,3"
189,1.0628470164759563,"0,0,2,2,0,1,3,0,1,3,5,1,3,0,4,1,2,2,2,2,2,4,3,0,0,0,2,2,0,2,3,1,1,5,1,1,1,2,2,4,5,0,2,2,5,5,1,0,0,2,2,2,4,2,2,0,0,2,1,0,0,3,4,2,2,0,0,0,0,1,5,2,4,0,0,4,2,5,5,3,3,3,0,3,3,2,0,3,0,4,2,2,2,2,1,5,2,2,2,2,0,0,0,2,3,0,0,2,2,2,2,0,0,5,2,2,2,0,2,5,0,0,0,2,4,2,1,1,5,2,2,2,2,3,3,1,5,0,0,0,0,0,0,4,2,2,0,0,2,2,1,5,1,1,2,4,2,2,4,4,5,5,2,2,2,5,5,3,3,1,1,5,1,1,0,0,4,3,3,2,0,0,4,1,0,0,2,2,3,2,2,0,0,2,2,2,4,0,0,0,0,0,0,0,0,2,0,0,0,0,2,4,3,3,3,3,4,4,0,4,2,3,3,3,2,0,2,2,5,2,2,2,2,4,2,0,0,2,2,5,2,2,3,3,4,2,0,0,4,2,0,0,2,2,0,0,2,2,2,2,0,0,2,2,0,0,2,2,2,0,2,4,0,0,1,5,3,3"
190,1.0645026786420584,"0,0,2,2,0,1,3,0,1,3,5,1,3,0,4,1,2,2,2,2,2,4,3,0,0,0,2,2,0,2,3,1,1,5,1,1,1,2,2,4,5,0,2,2,5,5,1,0,0,2,2,2,4,2,2,0,0,2,2,0,0,3,4,2,2,0,0,0,0,1,5,2,4,0,0,4,2,5,5,3,3,3,0,3,2,2,0,3,0,4,2,2,2,2,1,5,2,2,2,2,0,0,0,2,3,0,0,2,2,2,2,0,0,5,2,2,2,0,2,5,0,0,0,2,4,2,1,1,5,2,2,2,2,3,3,1,5,0,0,0,0,0,0,4,2,2,0,0,2,2,1,5,1,1,2,4,2,2,4,4,5,5,0,2,2,5,5,3,3,1,1,5,1,1,0,0,4,3,3,2,0,0,4,1,0,0,2,2,3,2,2,0,0,2,2,2,4,0,0,0,0,0,0,0,0,0,0,0,4,0,2,4,3,3,3,3,4,4,0,4,2,3,3,3,2,0,2,2,5,2,2,2,2,4,2,0,0,2,2,5,2,2,3,3,4,4,0,0,4,2,0,0,2,2,0,0,2,2,2,2,0,0,2,0,0,0,2,2,2,0,2,4,0,0,1,5,3,3"
191,1.0632337792705187,"0,0,2,2,0,1,3,0,1,3,5,1,3,0,4,5,2,2,2,2,2,4,3,0,0,0,2,2,0,2,3,1,1,5,1,1,1,2,2,4,5,0,2,2,5,5,1,0,0,2,2,2,4,2,2,0,0,2,2,0,0,3,4,2,2,0,0,0,0,1,5,2,4,0,0,4,2,5,5,3,3,3,0,3,2,2,0,3,0,4,2,2,2,4,1,5,2,2,2,2,0,0,0,2,3,0,0,4,2,2,2,0,0,5,2,2,2,0,2,5,0,0,0,2,4,2,1,1,5,2,2,2,2,3,3,1,5,0,0,0,0,0,0,4,2,2,0,0,2,2,1,5,1,1,2,4,2,2,4,4,5,5,0,2,2,5,5,3,3,1,1,5,1,1,0,1,4,3,3,2,0,0,4,1,0,0,2,2,3,2,2,0,0,2,2,2,4,0,0,0,0,0,0,0,0,0,0,0,4,0,2,4,3,3,3,3,4,4,0,4,2,3,3,3,2,0,2,2,5,2,2,2,2,4,2,0,0,2,2,5,2,2,3,3,4,4,0,0,4,2,0,0,2,2,0,0,2,2,2,2,0,0,2,0,0,0,2,2,2,0,2,4,0,0,1,5,3,3"
192,1.0632940568208615,"0,0,2,2,0,1,3,0,1,3,5,1,3,0,4,5,2,2,2,2,2,4,3,0,0,0,2,2,0,2,3,1,1,5,1,1,1,2,2,4,5,0,2,2,5,5,1,0,0,2,2,2,4,2,2,0,0,2,2,0,0,3,4,5,2,0,0,0,0,1,5,2,0,0,0,4,2,5,5,3,3,3,0,3,2,2,0,3,0,4,2,2,2,2,1,5,2,2,2,2,0,0,0,2,3,0,0,2,2,2,2,0,0,5,2,2,2,0,2,5,0,0,0,2,4,2,1,1,5,2,2,2,2,3,3,1,5,0,0,0,0,0,0,4,2,2,0,0,2,2,1,5,1,1,2,4,2,2,4,4,5,5,0,2,2,5,5,3,3,1,1,5,1,1,0,0,4,3,3,2,0,0,4,1,0,0,2,2,3,2,2,0,0,2,2,2,4,0,0,0,0,0,0,0,0,0,0,0,4,0,2,4,3,3,3,3,4,4,2,4,2,3,3,1,2,0,2,2,5,2,2,2,2,4,2,0,0,2,2,5,2,2,3,3,4,4,0,0,4,2,0,0,2,2,0,0,2,2,2,2,0,0,2,0,0,0,2,2,2,0,2,4,0,0,1,5,3,3"
193,1.0632940568208615,"0,0,2,2,0,1,3,0,1,3,5,1,3,0,4,5,2,2,2,2,2,4,3,0,0,0,2,2,0,2,3,1,1,5,1,1,1,2,2,4,5,0,2,2,5,5,1,0,0,2,2,2,4,2,2,0,0,2,2,0,0,3,4,5,2,0,0,0,0,1,5,2,0,0,0,4,2,5,5,3,3,3,0,3,2,2,0,3,0,4,2,2,2,2,1,5,2,2,2,2,0,0,0,2,3,0,0,2,2,2,2,0,0,5,2,2,2,0,2,5,0,0,0,2,4,2,1,1,5,2,2,2,2,3,3,1,5,0,0,0,0,0,0,4,2,2,0,0,2,2,1,5,1,1,2,4,2,2,4,4,5,5,0,2,2,5,5,3,3,1,1,5,1,1,0,0,4,3,3,2,0,0,4,1,0,0,2,2,3,2,2,0,0,2,2,2,4,0,0,0,0,0,0,0,0,0,0,0,4,0,2,4,3,3,3,3,4,4,2,4,2,3,3,1,2,0,2,2,5,2,2,2,2,4,2,0,0,2,2,5,2,2,3,3,4,4,0,0,4,2,0,0,2,2,0,0,2,2,2,2,0,0,2,0,0,0,2,2,2,0,2,4,0,0,1,5,3,3"
194,1.064665411053739,"0,0,2,2,0,1,3,0,1,3,5,1,3,0,4,5,2,2,2,2,2,4,3,0,0,0,2,2,0,2,3,1,1,5,1,1,1,2,2,4,5,0,2,2,5,5,1,0,0,2,2,2,4,2,2,0,0,2,2,0,0,3,4,2,2,0,0,0,0,1,5,2,4,0,0,4,2,5,5,3,3,3,0,3,2,2,0,3,0,4,2,2,2,2,1,5,2,2,2,2,0,0,0,2,3,0,0,2,2,2,2,0,0,5,2,2,2,0,2,5,0,0,0,2,4,2,1,1,5,2,2,2,2,3,3,1,5,0,0,0,0,0,0,4,2,2,0,0,2,2,1,5,1,1,2,4,2,2,4,4,5,5,0,2,2,5,5,3,3,1,1,5,1,1,0,0,4,3,3,2,0,0,4,1,0,0,2,2,3,2,2,0,0,2,2,2,4,0,0,0,0,0,0,0,0,0,0,0,4,0,2,4,3,3,3,3,4,4,2,4,2,3,3,3,2,0,2,2,5,2,2,2,2,4,2,0,0,2,2,5,2,2,3,3,4,4,0,0,4,2,0,0,2,2,0,0,2,2,2,2,0,0,2,0,0,0,2,2,2,0,2,4,0,0,1,5,3,3"
195,1.064665411053739,"0,0,2,2,0,1,3,0,1,3,5,1,3,0,4,5,2,2,2,2,2,4,3,0,0,0,2,2,0,2,3,1,1,5,1,1,1,2,2,4,5,0,2,2,5,5,1,0,0,2,2,2,4,2,2,0,0,2,2,0,0,3,4,2,2,0,0,0,0,1,5,2,4,0,0,4,2,5,5,3,3,3,0,3,2,2,0,3,0,4,2,2,2,2,1,5,2,2,2,2,0,0,0,2,3,0,0,2,2,2,2,0,0,5,2,2,2,0,2,5,0,0,0,2,4,2,1,1,5,2,2,2,2,3,3,1,5,0,0,0,0,0,0,4,2,2,0,0,2,2,1,5,1,1,2,4,2,2,4,4,5,5,0,2,2,5,5,3,3,1,1,5,1,1,0,0,4,3,3,2,0,0,4,1,0,0,2,2,3,2,2,0,0,2,2,2,4,0,0,0,0,0,0,0,0,0,0,0,4,0,2,4,3,3,3,3,4,4,2,4,2,3,3,3,2,0,2,2,5,2,2,2,2,4,2,0,0,2,2,5,2,2,3,3,4,4,0,0,4,2,0,0,2,2,0,0,2,2,2,2,0,0,2,0,0,0,2,2,2,0,2,4,0,0,1,5,3,3"
196,1.0654300076082155,"0,0,2,2,0,1,3,0,1,3,5,1,3,0,4,5,2,2,2,2,2,4,3,0,0,0,2,2,0,2,3,1,1,5,1,1,1,2,2,4,5,0,2,2,5,5,1,0,0,2,2,2,4,2,2,0,0,2,2,0,0,3,4,2,2,0,0,0,0,1,5,2,4,0,0,4,2,5,5,3,3,3,0,3,2,2,0,3,0,4,2,2,2,2,1,5,2,2,2,2,0,0,0,2,3,0,0,2,2,2,2,0,0,5,2,2,2,0,2,5,0,0,0,2,4,2,1,1,5,2,2,2,2,3,3,1,5,0,0,0,0,0,0,4,2,0,0,0,2,2,1,5,1,1,2,4,2,2,4,4,5,5,0,3,2,5,5,3,3,1,1,5,1,1,0,0,3,3,3,2,0,0,4,1,0,0,2,2,3,2,2,0,0,2,2,2,4,0,0,0,0,0,0,0,0,0,0,0,4,0,2,4,3,3,3,3,4,4,2,4,2,3,3,3,2,0,2,2,5,2,2,2,2,4,2,0,0,2,2,5,2,2,3,3,4,4,0,0,4,2,0,0,2,2,0,0,2,2,2,2,0,0,2,0,0,0,2,2,2,0,2,4,0,0,1,5,3,3"
197,1.0640130635093814,"0,0,2,2,0,1,3,0,1,3,5,1,3,0,4,5,2,2,2,2,2,4,3,0,0,0,2,2,0,2,3,1,1,5,1,1,1,2,2,4,5,0,2,2,4,5,1,0,0,2,2,2,4,2,2,0,0,2,2,0,0,3,4,2,2,0,0,0,0,1,5,2,4,0,0,4,2,5,5,3,3,3,0,3,2,2,0,3,0,4,2,2,2,2,1,5,2,2,2,2,0,0,0,2,3,0,0,2,2,2,2,0,0,5,2,2,2,0,2,5,0,0,0,2,4,2,1,1,5,2,2,2,2,3,3,1,5,0,0,0,0,0,0,4,2,0,0,0,2,2,1,5,3,1,2,4,2,2,4,4,5,5,0,3,2,5,5,3,3,1,1,5,1,1,0,0,3,3,3,2,0,0,4,1,0,0,2,2,3,2,2,0,0,2,2,2,4,0,0,0,0,0,0,0,0,0,0,2,4,0,2,4,3,3,3,3,4,4,2,4,2,3,3,3,2,0,2,2,5,2,2,2,2,4,2,0,0,2,2,5,2,2,3,3,4,4,0,0,4,2,0,0,2,2,0,0,2,2,2,2,0,0,2,0,0,0,2,2,2,0,2,4,0,0,1,5,3,3"
198,1.0656780456202992,"0,0,2,2,0,1,3,0,1,3,5,1,3,0,4,5,2,2,2,2,2,4,3,0,0,0,2,2,0,2,3,1,1,5,1,1,1,2,2,4,5,0,2,2,4,5,1,0,0,2,2,2,4,2,2,0,0,2,2,0,0,3,4,2,2,0,0,0,0,1,5,2,4,0,0,4,2,5,5,3,3,3,0,3,2,2,0,3,0,4,2,2,2,2,1,5,2,2,2,2,0,0,0,2,3,0,0,2,2,2,2,0,0,5,2,2,2,0,2,5,0,0,0,2,4,2,1,1,5,2,2,2,2,3,3,1,5,0,0,0,0,0,0,4,2,0,0,0,2,2,1,5,1,1,2,4,2,2,4,0,5,5,0,2,2,5,5,3,3,1,1,5,1,1,0,0,3,3,3,2,0,0,4,1,0,0,2,2,3,2,2,0,0,2,2,2,4,0,0,0,0,0,0,0,0,0,0,0,4,0,2,4,3,3,3,3,4,4,2,4,2,3,3,3,2,0,2,2,5,2,2,2,2,4,2,0,0,2,2,5,2,2,3,3,4,4,0,0,4,2,0,0,2,2,0,0,2,2,2,2,0,0,2,0,0,0,2,2,2,0,2,4,0,0,1,5,3,3"
199,1.0658056673053597,"0,0,2,2,0,1,3,0,1,3,5,1,3,0,4,5,2,2,2,2,2,4,3,0,0,0,2,2,0,2,3,1,1,5,1,1,1,2,2,4,5,0,2,2,4,5,1,0,0,2,2,2,4,2,2,0,0,2,2,0,0,3,4,2,2,0,0,0,0,1,5,2,4,0,0,4,2,5,5,3,3,3,0,3,2,2,0,3,0,4,2,2,2,2,1,5,2,2,2,2,0,0,0,2,3,0,0,2,2,2,2,0,0,5,2,2,2,0,2,5,0,0,0,2,4,2,1,1,5,2,2,2,2,3,3,1,5,0,0,0,0,0,0,4,2,0,0,0,2,2,1,5,1,1,2,4,2,2,4,0,5,5,0,2,2,5,5,3,3,1,1,5,1,1,0,0,3,3,3,3,0,0,4,1,0,0,2,2,3,2,2,0,0,2,2,2,4,0,0,0,0,0,0,0,0,0,0,0,4,0,2,4,3,3,3,3,4,4,2,4,2,3,3,3,2,5,2,2,5,2,2,2,2,4,2,0,0,2,2,5,2,2,3,3,4,4,0,0,4,2,0,0,2,2,0,0,2,2,2,2,0,0,2,0,0,0,2,2,2,0,2,4,0,0,1,5,3,3"
200,1.065684988947547,"0,0,2,2,0,1,3,0,1,3,5,1,3,0,4,5,2,2,2,2,2,4,2,0,0,0,2,2,0,2,3,1,1,5,1,1,1,2,2,4,5,0,2,2,4,5,1,0,0,2,2,2,4,2,2,0,0,2,2,0,0,3,4,2,2,0,0,0,0,1,5,2,4,0,0,4,2,5,5,3,3,3,0,3,2,2,0,3,0,4,2,2,2,2,1,5,2,2,2,2,0,0,0,2,3,0,0,2,2,2,2,0,0,5,2,2,2,0,2,5,0,0,0,2,4,2,1,1,5,2,2,2,2,3,3,1,5,0,0,0,0,0,0,4,2,0,0,0,2,2,1,5,1,1,2,4,2,2,4,0,5,5,0,2,2,5,5,3,3,1,1,5,1,1,0,0,3,3,3,3,0,0,4,1,0,0,2,2,3,2,2,0,0,2,2,2,4,0,0,0,0,0,0,0,0,0,0,0,4,0,2,4,3,3,3,3,4,4,2,4,2,3,3,3,2,5,2,2,5,2,2,2,2,4,2,0,0,2,2,5,2,2,3,3,4,4,0,0,4,2,0,0,2,2,0,0,2,2,2,2,0,0,2,0,0,0,2,2,2,0,2,4,0,0,1,5,3,3"
201,1.0658580161254543,"0,0,2,2,0,1,3,0,1,3,5,1,3,0,4,5,2,2,2,2,2,0,2,0,0,0,2,2,0,2,3,1,1,5,1,1,1,2,2,4,5,0,2,2,4,5,1,0,0,2,2,2,4,2,2,0,0,2,2,0,0,3,2,2,2,0,0,0,0,1,5,2,4,0,0,4,2,5,5,3,3,3,0,3,2,2,0,3,0,4,2,2,2,2,1,5,2,2,2,2,0,0,0,2,3,0,0,2,2,2,2,0,0,5,2,2,2,0,2,5,0,0,0,2,4,2,1,1,5,2,2,2,2,3,3,1,5,0,0,0,0,0,0,4,2,0,0,0,2,2,1,5,1,1,2,4,2,2,4,0,5,5,0,2,2,5,5,3,3,1,1,5,1,1,0,0,3,3,3,3,0,0,4,1,0,0,2,2,3,2,2,0,0,2,2,2,4,0,0,0,0,0,0,0,0,0,0,0,4,0,2,4,3,3,3,3,4,4,2,4,2,3,3,3,2,5,2,2,5,2,2,2,2,4,2,0,0,2,2,5,2,2,3,3,4,4,0,0,4,2,0,0,2,2,0,0,2,2,2,2,0,0,2,0,0,0,2,2,2,0,2,4,0,0,1,5,3,3"
202,1.0659708349364423,"0,0,2,2,0,1,3,0,1,3,5,1,3,0,4,5,2,2,2,2,2,4,3,0,0,0,2,2,0,2,3,1,1,5,1,1,1,2,2,4,5,0,2,2,4,5,1,0,0,2,2,2,4,2,2,0,0,2,2,0,0,3,4,2,2,0,0,0,0,1,5,2,4,0,0,4,2,5,5,3,3,3,0,3,2,2,0,3,0,4,2,2,2,2,1,5,2,2,2,2,0,0,0,2,3,0,0,2,2,2,2,0,0,5,2,2,2,2,2,5,0,0,0,2,4,2,1,1,5,2,2,2,2,3,3,1,5,0,0,0,0,0,0,4,2,0,0,0,2,2,1,5,1,1,2,4,2,2,4,0,5,5,2,2,2,5,5,3,3,1,1,5,1,1,0,0,3,3,3,3,0,0,4,1,0,0,2,2,3,2,2,0,0,2,2,2,4,0,0,0,0,0,0,0,0,0,0,0,4,0,2,4,3,3,3,3,4,4,2,4,2,3,3,3,2,5,2,2,5,2,2,2,2,4,2,0,0,2,2,5,2,2,3,3,4,4,0,0,4,2,0,0,2,2,0,0,2,2,2,2,0,0,2,0,0,0,2,2,2,0,2,4,0,0,1,5,3,3"
203,1.0660798259008772,"0,0,2,2,0,1,3,0,1,3,5,1,3,0,4,5,2,2,2,2,2,4,3,0,0,0,2,2,0,2,3,1,1,5,1,1,1,2,2,4,5,0,2,2,4,5,1,0,0,2,2,2,4,2,2,0,0,2,2,0,0,3,4,2,2,0,0,0,0,1,5,2,4,0,0,4,2,5,5,3,3,3,0,3,2,2,0,3,0,4,2,2,2,2,1,5,2,2,2,2,0,0,0,2,4,0,0,2,2,2,2,0,0,5,2,2,2,2,2,5,0,0,0,2,4,2,1,1,5,2,2,2,2,3,3,1,5,0,0,0,0,0,0,4,2,0,0,0,2,2,1,5,1,1,2,4,2,2,4,0,5,5,0,2,2,5,5,3,3,1,1,5,1,1,0,0,3,3,3,3,0,0,4,1,0,0,2,2,3,2,2,0,0,2,2,2,4,0,0,0,0,0,0,0,0,0,0,0,4,0,2,4,3,3,3,3,4,4,2,4,2,3,3,3,2,5,2,2,5,2,2,2,2,4,2,0,0,2,2,5,2,2,3,3,4,4,0,0,4,2,0,0,2,2,0,0,2,2,2,2,0,0,2,0,0,0,2,2,2,0,2,4,0,0,1,5,3,3"
204,1.0655834880268518,"0,0,2,2,0,1,3,0,1,3,5,1,3,0,4,5,2,2,2,2,2,4,3,0,0,0,2,2,0,2,3,1,1,5,1,1,1,2,2,4,5,0,2,2,4,5,1,0,0,2,2,2,4,2,2,0,0,2,2,0,0,3,4,2,2,0,0,0,0,1,5,2,4,0,0,4,2,5,5,3,3,3,0,3,2,2,0,3,0,4,2,2,2,2,1,5,2,2,2,2,0,0,0,2,4,0,0,2,2,2,2,0,0,5,2,2,2,2,2,5,0,0,0,2,4,2,1,1,5,2,2,2,2,3,3,1,5,0,0,0,0,0,0,4,2,0,0,0,2,2,1,5,1,1,2,4,2,2,4,0,5,5,4,2,2,5,5,3,3,1,1,5,4,1,0,0,3,3,3,3,0,0,4,1,0,0,2,2,3,2,2,0,0,2,2,2,4,0,0,0,0,0,0,0,0,0,0,0,4,0,2,4,3,3,3,3,4,4,2,4,2,3,3,3,2,5,2,2,5,2,2,2,2,4,2,0,0,2,2,5,2,2,3,3,4,4,0,0,4,2,0,0,2,2,0,0,2,2,2,2,0,0,2,0,0,0,2,2,2,0,2,4,0,0,1,5,3,3"
205,1.0659762548014056,"0,0,2,2,0,1,3,0,1,3,5,1,3,0,4,5,2,2,2,2,2,4,3,0,0,0,2,2,0,2,3,1,1,5,1,1,1,2,2,4,5,0,2,2,4,5,1,0,0,2,2,2,4,2,2,0,0,2,2,0,0,3,4,2,2,0,0,0,0,1,5,2,4,0,0,4,2,5,5,3,3,3,0,3,2,2,0,3,0,4,2,2,2,2,1,5,2,2,2,2,0,0,0,2,4,0,0,2,2,2,2,0,0,5,2,2,2,2,2,5,0,0,0,2,4,2,1,1,5,2,2,2,2,3,3,1,5,0,0,0,0,0,0,4,2,0,0,0,2,2,1,5,1,1,2,4,2,2,4,0,5,5,0,2,2,5,5,3,3,1,1,5,1,1,0,0,3,3,3,3,0,0,4,1,0,0,2,2,2,2,2,0,0,2,2,2,4,0,0,0,0,0,0,0,0,0,0,0,4,0,2,4,3,3,3,3,2,4,2,4,2,3,3,3,2,3,2,2,5,2,2,2,2,4,2,0,0,2,2,5,2,2,3,3,4,4,0,0,4,2,0,0,2,2,0,0,2,2,2,2,0,0,2,0,0,0,2,2,2,0,2,4,0,0,1,5,3,3"
206,1.064239447572754,"0,0,2,2,0,1,3,0,1,3,5,1,3,0,4,5,2,2,2,1,3,0,3,5,0,0,2,2,0,2,3,1,1,5,1,1,1,2,2,4,1,0,2,2,4,5,1,0,0,2,2,2,4,2,2,0,0,2,2,0,0,3,4,2,2,0,0,0,0,1,5,2,4,0,0,4,2,5,5,3,3,3,0,3,2,2,0,3,0,4,2,2,2,2,1,5,2,2,2,2,0,1,0,2,4,0,0,2,2,2,2,0,0,5,2,2,2,2,2,5,0,0,0,2,4,2,1,1,5,2,2,2,2,3,3,1,5,0,0,0,0,0,0,4,2,0,0,0,2,2,1,5,1,1,2,4,2,2,4,0,5,5,0,2,2,5,5,3,3,1,1,5,1,1,0,0,3,3,3,3,0,0,4,1,0,0,2,2,2,2,2,0,0,2,2,2,4,0,0,0,0,0,0,0,0,0,0,0,4,0,2,4,3,3,3,3,4,4,2,4,2,3,3,3,2,5,2,2,5,2,2,2,2,4,2,0,0,2,2,5,2,2,3,3,4,4,0,0,4,2,0,0,2,2,0,0,2,2,2,2,0,0,2,0,0,0,2,2,2,0,2,4,0,0,1,5,3,3"
207,1.066284286951674,"0,0,2,2,0,1,3,0,1,3,5,1,3,0,4,5,2,2,2,2,4,4,3,0,0,0,2,2,0,2,3,1,1,5,1,1,1,2,2,4,5,0,2,2,4,5,1,0,0,2,2,2,4,2,2,0,0,2,2,0,0,3,4,2,2,0,0,0,0,1,5,2,4,0,0,4,2,5,5,3,3,3,0,3,2,2,0,3,0,4,2,2,2,2,1,5,2,2,2,2,0,0,0,2,4,0,0,2,2,2,2,0,0,5,2,2,2,2,2,5,0,0,0,2,4,2,1,1,5,2,2,2,2,3,3,1,5,0,0,0,0,0,0,4,2,0,0,0,2,2,1,5,1,1,2,4,2,2,4,0,5,5,0,2,2,5,5,3,3,1,1,5,1,1,0,0,3,3,3,3,0,0,4,1,0,0,2,2,2,2,2,0,0,2,2,2,4,0,0,0,0,0,0,0,0,0,0,0,4,0,2,4,3,3,3,3,4,4,2,4,2,3,3,3,2,5,2,2,5,2,2,2,2,4,2,0,0,2,2,5,2,2,3,3,4,4,0,0,3,2,0,0,2,2,0,0,2,2,2,2,0,0,2,0,0,0,2,2,2,0,2,4,0,0,1,5,3,3"
208,1.066389205491521,"0,0,2,2,0,1,3,0,1,3,5,1,3,0,2,5,2,2,2,2,4,4,3,0,0,0,2,2,0,2,3,1,1,5,1,1,1,2,2,4,5,0,2,2,4,5,1,0,0,2,2,2,4,2,2,0,0,2,2,0,0,3,4,2,2,0,0,0,0,1,5,2,4,0,0,4,2,5,5,3,3,3,0,3,2,2,0,3,0,4,2,2,2,2,1,5,2,2,2,2,0,0,0,2,4,0,0,2,2,2,2,0,0,5,2,2,2,2,2,5,0,0,0,2,4,2,1,1,5,2,2,2,2,3,3,1,5,0,0,0,0,0,0,4,2,0,0,0,2,2,1,5,1,1,2,4,2,2,4,0,5,5,0,2,2,5,5,3,3,1,1,5,1,1,0,0,3,3,3,3,0,0,4,1,0,0,2,2,2,2,2,0,0,2,2,2,4,0,0,0,0,0,0,0,0,0,0,0,4,0,2,4,3,3,3,3,4,4,2,4,2,3,3,3,2,5,2,2,5,2,2,2,2,4,2,0,0,2,2,5,2,2,3,3,4,4,0,0,3,2,0,0,2,2,0,0,2,2,2,2,0,0,2,0,0,0,2,2,2,0,2,4,0,0,1,5,3,3"
209,1.0657136667259697,"0,0,2,2,0,1,3,0,1,3,5,1,3,0,2,5,2,2,2,2,4,4,3,0,0,0,2,2,0,2,3,1,1,5,1,1,1,2,2,4,5,0,2,2,4,5,1,0,0,2,2,2,4,2,2,0,0,2,2,0,0,3,4,2,2,0,0,0,0,1,5,2,0,0,0,4,2,5,5,3,3,3,0,3,2,2,0,3,0,4,2,2,2,2,1,5,2,2,2,2,0,0,0,2,4,0,0,2,2,2,2,0,0,5,2,2,2,2,2,5,0,0,0,2,4,2,1,1,5,2,2,2,2,3,3,1,5,0,0,0,0,0,0,4,2,0,0,0,2,2,1,5,1,1,2,4,2,2,4,0,5,5,0,2,2,5,5,3,3,1,1,5,1,1,0,0,3,3,3,3,0,0,4,1,0,0,2,2,2,2,2,0,0,2,2,2,4,0,0,0,0,0,0,0,0,0,0,0,4,0,2,4,3,3,3,3,4,0,2,4,2,3,3,3,2,5,2,2,5,2,2,2,2,4,2,0,0,2,2,5,2,2,3,3,4,4,0,0,3,2,0,0,2,2,0,0,2,2,2,2,0,0,2,0,0,0,2,2,2,0,2,4,0,0,1,5,3,3"
210,1.0666603241040473,"0,0,2,2,0,1,3,0,1,3,5,1,3,0,2,5,2,2,2,2,4,4,3,0,0,0,2,2,0,2,2,1,1,5,1,1,1,2,2,4,5,0,2,2,4,5,1,0,0,2,2,2,4,2,2,0,0,2,2,0,0,3,4,2,2,0,0,0,0,1,5,2,4,0,0,4,2,5,5,3,3,3,0,3,2,2,0,3,0,4,2,2,2,2,1,5,2,2,2,2,0,0,0,2,4,0,0,2,2,2,2,0,0,5,2,2,2,2,2,5,0,0,0,2,4,2,1,1,5,2,2,2,2,3,3,1,5,0,0,0,0,0,0,4,2,0,0,0,2,2,1,5,1,1,2,4,2,2,4,0,5,5,0,2,2,5,5,3,3,1,1,5,1,1,0,0,3,3,3,3,0,0,4,1,0,0,2,2,2,2,2,0,0,2,2,2,4,0,0,0,0,0,0,0,0,0,0,0,4,0,2,4,3,3,3,3,4,4,2,4,2,3,3,3,2,5,2,2,5,2,2,2,4,4,2,0,0,2,2,5,2,2,3,3,4,4,0,0,3,2,0,0,2,2,0,0,2,2,2,2,0,0,2,0,0,0,2,2,2,0,2,4,0,0,1,5,3,3"
211,1.0658973327946213,"0,0,2,2,0,1,3,0,1,3,5,1,3,0,2,5,2,2,2,2,4,4,3,0,0,0,2,2,0,2,2,1,1,5,1,1,1,2,2,4,5,0,2,2,4,5,1,0,0,2,2,2,4,2,2,0,0,2,2,0,0,3,4,2,2,0,0,0,0,1,5,2,4,0,0,4,2,5,5,3,3,3,0,3,2,2,0,3,0,4,2,2,2,2,1,5,2,2,2,2,0,0,0,2,4,0,0,2,2,2,2,0,0,5,2,2,2,2,2,5,0,0,0,2,4,2,1,1,5,2,2,2,2,3,3,1,5,0,0,0,0,0,0,4,2,0,0,0,2,2,1,5,1,1,2,4,2,2,4,0,5,5,0,2,2,5,5,3,3,1,1,5,1,1,0,0,3,3,3,3,0,4,4,1,0,0,2,2,2,2,2,0,0,2,2,2,4,0,0,0,0,0,0,0,0,0,0,0,4,0,2,4,3,3,3,3,4,4,2,4,2,3,3,3,2,5,2,2,5,2,2,2,2,4,2,0,0,2,2,5,2,2,3,3,4,4,0,0,3,2,0,0,2,2,0,0,2,2,2,2,0,0,2,0,0,0,2,2,2,0,2,4,0,0,1,5,3,3"
212,1.06731392601427,"0,0,2,2,0,1,3,0,1,3,5,1,3,0,2,5,2,2,2,2,4,4,3,0,0,0,2,2,0,2,2,1,1,5,1,1,1,2,2,4,5,0,2,2,4,5,1,0,0,2,2,2,4,2,2,0,0,2,2,0,0,3,4,2,2,0,0,0,0,1,5,2,4,0,0,4,2,5,5,3,3,3,0,3,2,2,0,3,0,4,2,2,2,2,1,5,2,2,2,2,0,0,0,2,4,0,0,2,2,2,2,0,0,5,2,2,2,2,2,5,0,0,0,2,4,2,1,1,5,2,2,2,2,3,3,1,5,0,0,0,0,0,0,4,2,0,0,0,2,2,1,5,1,1,2,4,2,2,4,0,5,5,0,2,2,5,5,3,3,1,1,5,1,1,0,0,3,3,3,3,0,0,4,1,0,0,2,2,2,2,2,0,0,2,2,2,4,0,0,0,0,0,0,0,0,0,0,0,4,0,2,4,3,3,3,3,4,4,2,4,2,3,3,3,2,5,2,2,5,2,2,2,4,4,2,0,0,2,2,5,2,2,3,3,4,4,0,0,3,2,0,0,2,2,0,0,2,2,2,2,0,0,2,0,0,0,2,2,0,0,2,4,0,0,1,5,3,3"
213,1.067334571358637,"0,0,2,2,0,1,3,0,1,3,5,1,3,0,2,5,2,2,2,2,4,4,3,0,0,0,2,2,0,2,2,1,1,5,1,1,1,2,2,4,5,0,2,2,2,5,1,0,0,2,2,2,4,2,2,0,0,2,2,0,0,3,4,2,2,0,0,0,0,1,5,2,4,0,0,4,2,5,5,3,3,3,0,3,2,2,0,3,0,4,2,2,2,2,1,5,2,2,2,2,0,0,0,2,4,0,0,2,2,2,2,0,0,5,2,2,2,2,2,5,0,0,0,2,4,2,1,1,5,2,2,2,2,3,3,1,5,0,0,0,0,0,0,4,2,0,0,0,2,2,1,5,1,1,2,4,2,2,4,0,5,5,0,3,2,5,5,3,3,1,1,5,1,1,0,0,3,3,3,3,0,0,4,1,0,0,2,2,2,2,2,0,0,2,2,2,4,0,0,0,0,0,0,0,0,0,0,0,4,0,2,4,3,3,3,3,4,4,2,4,2,3,3,3,2,5,2,2,5,2,2,2,4,4,2,0,0,2,2,5,2,2,3,3,4,4,0,0,3,2,0,0,2,2,0,0,2,2,2,2,0,0,2,0,0,0,2,2,0,0,2,4,0,0,1,5,3,3"
214,1.0674192083356886,"0,0,2,2,0,1,3,0,1,3,5,1,3,0,2,5,2,2,2,2,4,4,3,0,0,0,2,2,0,2,2,1,1,5,1,1,1,2,2,4,5,0,2,2,2,5,1,0,0,2,2,2,4,2,2,0,0,2,2,0,0,3,4,2,2,0,0,0,0,1,5,2,4,0,0,4,2,5,5,3,3,3,0,3,2,2,0,3,0,4,2,2,2,2,1,5,2,2,2,2,0,0,0,2,4,0,0,2,2,2,2,0,0,5,2,2,2,2,2,5,0,0,0,2,4,2,1,1,5,2,2,2,2,3,3,1,5,0,0,0,0,0,0,4,2,0,0,0,2,2,1,5,1,1,2,4,2,2,4,0,5,5,0,3,2,5,5,3,3,1,1,5,1,1,0,0,3,3,3,3,0,0,4,1,0,0,2,2,2,2,2,0,0,2,2,2,0,0,0,0,0,0,0,0,0,0,0,0,4,0,2,4,3,3,3,3,4,4,2,4,2,3,3,3,2,5,2,2,5,2,2,2,2,4,2,0,0,2,2,5,2,2,3,3,4,4,0,0,3,2,0,0,2,2,0,0,2,2,2,2,0,0,2,0,0,0,2,2,0,0,2,4,0,0,1,5,3,3"
215,1.0674192083356886,"0,0,2,2,0,1,3,0,1,3,5,1,3,0,2,5,2,2,2,2,4,4,3,0,0,0,2,2,0,2,2,1,1,5,1,1,1,2,2,4,5,0,2,2,2,5,1,0,0,2,2,2,4,2,2,0,0,2,2,0,0,3,4,2,2,0,0,0,0,1,5,2,4,0,0,4,2,5,5,3,3,3,0,3,2,2,0,3,0,4,2,2,2,2,1,5,2,2,2,2,0,0,0,2,4,0,0,2,2,2,2,0,0,5,2,2,2,2,2,5,0,0,0,2,4,2,1,1,5,2,2,2,2,3,3,1,5,0,0,0,0,0,0,4,2,0,0,0,2,2,1,5,1,1,2,4,2,2,4,0,5,5,0,3,2,5,5,3,3,1,1,5,1,1,0,0,3,3,3,3,0,0,4,1,0,0,2,2,2,2,2,0,0,2,2,2,0,0,0,0,0,0,0,0,0,0,0,0,4,0,2,4,3,3,3,3,4,4,2,4,2,3,3,3,2,5,2,2,5,2,2,2,2,4,2,0,0,2,2,5,2,2,3,3,4,4,0,0,3,2,0,0,2,2,0,0,2,2,2,2,0,0,2,0,0,0,2,2,0,0,2,4,0,0,1,5,3,3"
216,1.0674559150863914,"0,0,2,2,0,1,3,0,1,3,5,1,3,0,2,5,2,2,2,2,4,4,3,0,0,0,2,2,0,2,2,1,1,5,1,1,1,2,2,4,5,0,2,2,2,5,1,0,0,2,2,2,4,2,2,0,0,2,2,0,0,3,4,2,2,0,0,0,0,1,5,2,4,0,0,4,2,5,5,3,3,3,0,3,2,2,0,3,0,4,2,2,2,2,1,5,2,2,2,2,0,0,0,2,4,0,0,2,2,2,2,0,0,5,2,2,2,2,4,5,0,0,0,2,4,2,1,1,5,2,2,2,2,3,3,1,5,0,0,0,0,0,0,4,2,0,0,0,2,2,1,5,1,1,2,4,2,2,4,0,5,5,0,3,2,5,5,3,3,1,1,5,1,1,0,0,3,3,3,3,0,0,4,1,0,0,2,2,2,2,2,0,0,2,2,2,0,0,0,0,0,0,0,0,0,0,0,0,4,0,2,4,3,3,3,3,4,4,2,4,2,3,3,3,2,5,2,2,5,2,2,2,2,4,2,0,0,2,2,5,2,2,3,3,4,4,0,0,3,2,0,0,2,2,0,0,2,2,2,2,0,0,2,0,0,0,2,2,0,0,2,4,0,0,1,5,3,3"
217,1.0675388193912865,"0,0,2,2,0,1,3,0,1,3,5,1,3,0,2,5,2,2,2,2,4,4,3,0,0,0,2,2,0,2,2,1,1,5,1,1,1,2,2,4,5,0,2,2,2,5,1,0,0,2,2,2,4,2,2,0,0,2,2,0,0,3,4,2,2,0,0,0,0,1,5,2,4,0,0,4,2,5,5,3,3,3,0,3,2,2,0,3,0,4,2,2,2,2,1,5,2,2,2,2,0,0,0,2,4,0,0,2,2,2,2,0,0,5,2,2,2,2,4,5,0,0,0,2,4,2,1,1,5,2,2,2,2,3,3,1,5,0,0,0,0,0,0,4,2,0,0,0,2,2,1,5,1,1,2,4,2,2,4,0,5,5,0,2,2,5,5,3,3,1,1,5,1,1,0,0,3,3,3,3,0,0,4,1,0,0,2,2,2,2,2,0,0,2,2,2,0,0,0,0,0,0,0,0,0,0,0,0,4,0,2,2,3,3,3,3,4,4,2,4,2,3,3,3,2,5,2,2,5,4,2,2,2,4,2,0,0,2,2,5,2,2,3,3,4,4,0,0,3,2,0,0,2,2,0,0,2,2,2,2,0,0,2,0,0,0,2,2,0,0,2,4,0,0,1,5,3,3"
218,1.0661770442259342,"0,0,2,2,0,1,3,0,1,3,5,1,3,0,2,5,2,2,2,2,4,3,3,0,0,0,2,2,0,2,2,1,1,5,1,1,1,2,2,4,5,0,2,2,2,5,1,0,0,2,2,2,4,2,2,0,0,2,2,0,0,3,4,2,2,0,0,0,0,1,5,2,4,0,0,4,2,5,5,3,3,3,0,3,2,2,0,3,0,4,2,2,2,2,1,5,2,2,2,2,0,0,0,2,4,0,0,2,2,2,2,0,0,5,2,2,2,2,4,5,0,0,0,2,4,2,1,1,5,2,2,2,2,3,3,1,3,0,0,0,0,0,0,4,2,0,0,0,2,2,1,5,1,1,2,4,2,2,4,0,5,5,0,2,2,5,5,3,3,1,1,5,1,1,0,0,3,3,3,3,0,0,4,1,0,0,2,2,2,2,2,0,0,2,2,2,0,0,0,0,0,0,0,0,0,0,0,0,4,0,2,2,3,3,3,3,4,4,2,4,2,3,3,3,2,5,2,2,5,4,2,2,2,4,2,0,0,2,2,5,2,2,3,3,4,3,0,0,3,2,0,0,2,2,0,0,2,2,2,2,0,0,2,0,0,4,2,2,0,0,2,2,0,0,1,5,3,3"
219,1.067432338245358,"0,0,2,2,0,1,3,0,1,3,5,1,3,0,2,5,2,2,2,2,4,4,3,0,0,0,2,2,0,2,2,1,1,5,1,1,1,2,2,4,5,0,2,2,2,5,1,0,0,2,2,2,4,2,2,0,0,2,2,0,0,3,4,2,2,0,0,0,0,1,5,2,4,0,0,4,2,5,5,3,3,3,0,3,2,2,0,3,0,4,2,2,4,2,1,5,2,2,2,2,0,0,0,2,4,0,0,2,2,2,2,0,0,5,2,2,2,2,4,5,0,0,0,2,4,2,1,1,5,2,2,2,2,3,3,1,5,0,0,0,0,0,0,4,2,0,0,0,2,2,1,5,1,1,2,4,2,2,4,0,5,5,0,3,2,5,5,3,3,1,1,5,1,1,0,0,3,3,3,3,0,0,4,1,0,0,2,2,2,2,2,0,0,2,2,2,0,0,0,0,0,0,0,0,0,0,0,0,4,0,2,4,3,3,3,3,4,4,2,4,2,3,3,3,2,5,2,2,5,2,2,2,2,4,2,0,0,2,2,5,2,2,3,3,4,4,0,0,3,2,0,0,2,2,0,0,2,2,2,2,0,0,2,0,0,0,2,2,0,0,2,2,0,0,1,5,3,3"
220,1.067147603889617,"0,0,2,2,0,1,3,0,1,3,5,1,3,0,2,5,2,2,2,2,4,4,3,0,0,0,2,2,0,2,2,1,1,5,1,1,1,2,2,4,5,0,2,2,2,5,1,0,0,2,2,2,4,2,2,0,0,2,2,0,0,3,4,2,2,0,0,0,0,1,5,2,4,0,0,4,2,5,5,3,3,3,0,3,2,2,0,3,0,4,2,2,4,2,1,5,2,2,2,2,0,0,0,2,4,0,0,2,2,2,2,0,0,5,2,2,2,2,4,5,0,0,0,2,4,2,1,1,5,2,2,2,2,3,3,1,5,0,0,0,0,0,0,4,2,0,0,0,2,2,1,4,1,1,2,4,2,2,4,0,5,5,0,2,2,5,5,3,3,1,1,5,1,1,0,0,3,3,3,3,0,0,4,1,0,0,2,2,2,2,2,0,0,2,2,2,0,0,0,0,0,0,0,0,0,0,0,0,4,0,2,2,3,3,3,3,4,4,2,4,2,3,3,3,2,5,2,2,5,4,2,2,2,4,2,0,0,2,2,5,2,2,3,3,4,4,0,0,3,2,0,0,2,2,0,0,2,2,2,2,0,0,2,0,0,0,2,2,0,0,2,2,0,0,1,5,3,3"
221,1.0667519931608103,"0,0,2,2,0,1,3,0,1,3,5,1,3,5,2,5,2,2,2,2,4,4,3,0,0,0,2,2,0,2,2,1,1,5,1,1,1,2,2,4,5,0,2,2,2,5,1,0,0,2,2,2,4,2,2,0,0,2,2,0,0,3,4,2,2,0,0,0,0,1,5,2,4,0,0,4,2,5,5,3,3,3,0,3,2,2,0,3,0,4,2,2,4,2,1,5,2,2,2,2,0,0,0,2,4,0,0,2,2,2,2,0,0,5,2,2,2,2,4,5,0,0,0,2,4,2,1,1,5,2,2,2,2,3,3,1,5,0,0,0,0,0,0,4,2,0,0,0,2,2,1,4,1,1,2,4,2,2,4,0,5,5,0,2,2,5,5,3,3,1,1,5,1,1,0,0,3,3,3,3,0,0,4,5,0,0,2,2,2,2,2,0,0,2,2,2,0,0,0,0,0,0,0,0,0,0,0,0,4,0,2,2,3,3,3,3,4,4,2,4,2,3,3,3,2,5,2,2,5,4,2,2,2,4,2,0,0,2,2,5,2,2,3,3,4,4,0,0,3,2,0,0,2,2,0,0,2,2,2,2,0,0,2,0,0,0,2,2,0,0,2,4,0,0,1,5,3,3"
222,1.066403343593349,"0,0,2,2,0,1,3,0,1,3,5,1,3,0,2,5,2,2,2,2,4,3,3,0,0,0,2,2,0,2,2,1,1,5,1,1,1,2,2,4,5,0,2,2,2,5,1,0,0,2,2,2,4,2,2,0,0,2,2,0,0,3,4,2,2,0,0,0,0,1,5,2,4,0,0,4,2,5,5,3,3,3,0,3,2,2,0,3,0,4,2,2,4,2,1,5,2,2,2,2,0,0,0,2,4,0,0,2,2,2,2,0,0,5,2,2,2,2,4,5,0,0,0,2,4,2,1,1,5,2,2,0,2,3,3,1,5,0,0,0,0,0,0,4,2,0,0,0,2,2,1,4,1,1,2,4,2,2,4,0,5,5,0,2,2,5,5,3,3,1,1,5,1,1,0,0,3,3,3,3,0,0,4,5,0,0,2,2,2,2,2,0,0,2,2,2,1,0,0,0,0,0,0,0,0,0,0,0,4,0,2,2,3,3,3,3,4,4,2,4,2,3,3,3,2,5,2,2,5,4,2,2,2,4,2,0,0,2,2,5,2,2,3,3,4,4,0,0,3,2,0,0,2,2,0,0,2,2,2,2,0,4,2,0,0,0,2,2,0,0,2,4,0,0,1,5,3,3"
223,1.0681132799754742,"0,0,2,2,0,1,3,0,1,3,5,1,3,0,2,5,2,2,2,2,4,3,3,0,0,0,2,2,0,2,2,1,1,5,1,1,1,2,2,4,5,0,2,2,2,5,1,0,0,2,2,2,4,2,2,0,0,2,2,0,0,3,4,2,2,0,0,0,0,1,5,2,4,0,0,4,2,5,5,3,3,3,0,3,2,2,0,3,0,4,2,2,2,2,1,5,2,2,2,2,0,0,0,2,4,0,0,2,2,2,2,0,0,5,2,2,2,2,4,5,0,0,0,2,4,2,1,1,5,2,2,2,2,3,3,1,5,0,0,0,0,0,0,4,0,0,0,0,2,2,1,5,1,1,4,4,2,2,4,0,5,5,0,2,2,5,5,3,3,1,1,5,1,1,0,0,3,3,3,3,0,0,4,1,0,0,2,2,2,2,2,0,0,2,2,2,0,0,0,0,0,0,0,0,0,0,0,0,4,0,2,2,3,3,3,3,4,4,2,4,2,3,3,3,2,5,2,2,5,4,2,2,2,4,2,0,0,2,2,5,2,2,3,3,4,4,0,0,3,2,0,0,2,2,0,0,2,2,2,2,0,0,2,0,0,0,2,2,0,0,2,4,0,0,1,5,3,3"
224,1.0681354061469688,"0,0,2,2,0,1,3,0,1,3,5,1,3,0,2,5,2,2,2,2,4,2,3,0,0,0,2,2,0,2,2,1,1,5,1,1,1,2,2,4,5,0,2,2,2,5,1,0,0,2,2,2,4,2,2,0,0,2,2,0,0,3,4,2,2,0,0,0,0,1,5,2,4,0,0,4,2,5,5,3,3,3,0,3,2,2,0,3,0,4,2,2,2,2,1,5,2,2,2,2,0,0,0,2,4,0,0,2,2,2,2,0,0,5,2,2,2,2,4,5,0,0,0,2,4,2,1,1,5,2,2,2,2,3,3,1,5,0,0,0,0,0,0,4,0,0,0,0,2,2,1,5,1,1,4,4,2,2,4,0,5,5,0,2,2,5,5,3,3,1,1,5,1,1,0,0,3,3,3,3,0,0,4,1,0,0,2,2,2,2,2,0,0,2,2,2,0,0,0,0,0,0,0,0,0,0,0,0,4,0,2,2,3,3,3,3,4,4,2,4,2,3,3,3,2,5,2,2,5,4,2,2,2,4,2,0,0,2,2,5,2,2,3,3,4,4,0,0,3,2,0,0,2,2,0,0,2,2,2,2,0,0,2,0,0,0,2,2,0,0,2,4,0,0,1,5,3,3"
225,1.0677523536745972,"0,0,2,2,0,1,3,0,1,3,5,1,3,0,2,5,2,2,2,2,4,2,3,0,0,0,2,2,0,2,2,1,1,5,1,1,1,2,2,4,5,0,2,2,2,5,1,0,0,2,2,2,4,2,2,0,0,2,2,0,0,3,4,2,2,0,0,0,0,1,5,2,4,0,0,4,2,5,5,3,3,3,0,3,2,2,0,3,0,4,2,2,2,2,1,5,2,2,2,2,0,0,0,2,4,0,0,2,2,2,2,0,0,5,2,2,2,2,4,5,0,0,0,2,4,2,1,1,5,2,2,2,2,3,3,1,5,0,0,0,0,0,0,4,0,0,0,0,2,2,1,5,1,1,4,4,2,2,4,0,5,5,0,2,2,5,5,3,3,1,1,5,1,1,0,0,3,3,3,3,0,0,4,1,0,0,2,2,2,2,2,0,0,2,2,2,0,0,0,0,0,0,0,0,0,0,0,0,4,0,2,2,3,3,3,3,4,2,2,4,5,3,3,3,2,5,2,2,5,4,2,2,2,4,2,0,0,2,2,5,2,2,3,3,4,4,0,0,3,2,0,0,2,2,0,0,2,2,2,2,0,0,2,0,0,0,2,2,0,0,2,4,0,0,1,5,3,3"
226,1.0684177463814497,"0,0,2,2,0,1,3,0,1,3,5,1,3,0,2,5,2,2,2,2,4,2,3,0,0,0,2,2,0,2,2,1,1,5,1,1,1,2,2,4,5,0,2,2,2,5,1,0,0,2,2,2,4,2,2,0,0,2,2,0,0,3,4,2,2,0,0,0,0,1,5,2,4,0,0,4,2,5,5,3,3,3,0,3,2,2,0,3,0,4,2,2,2,2,1,5,2,2,2,2,0,0,0,2,4,0,0,2,2,2,2,0,0,5,2,2,2,2,4,5,0,0,0,2,4,2,1,1,5,2,2,2,2,3,3,1,5,0,0,0,0,0,0,4,0,0,0,0,2,2,1,5,1,1,4,4,2,2,4,0,5,5,0,2,2,5,5,3,3,1,1,5,1,1,0,0,3,3,3,3,0,0,4,1,0,0,2,2,2,2,2,0,0,2,2,2,0,0,0,0,0,0,0,0,0,0,0,0,0,0,2,2,3,3,3,3,4,4,2,4,2,3,3,3,2,5,2,2,5,4,2,2,2,4,2,0,0,2,2,5,2,2,3,3,4,4,0,0,3,2,0,0,2,2,0,0,2,2,2,2,0,0,2,0,0,0,2,2,0,0,2,4,0,0,1,5,3,3"
227,1.0681663155978631,"0,0,2,2,0,1,3,0,1,3,5,1,3,0,2,5,2,2,2,2,4,2,3,0,0,0,2,2,0,2,2,1,1,5,1,1,1,2,2,4,5,0,2,2,2,5,1,0,0,2,2,2,4,2,2,0,0,2,2,0,0,3,4,2,2,0,0,0,0,1,5,2,4,0,0,4,2,5,5,3,3,3,0,3,2,2,0,3,0,4,2,3,2,2,1,5,2,2,2,2,0,0,0,2,4,0,0,2,2,2,2,0,0,5,2,2,2,2,4,5,0,0,0,2,4,2,1,1,5,2,2,2,2,3,3,1,5,0,0,0,0,0,0,4,0,0,0,0,2,2,1,5,1,1,4,4,2,2,4,0,5,5,0,2,2,5,5,3,3,1,1,5,1,1,0,0,3,3,3,3,0,0,4,1,0,0,2,2,2,2,2,0,0,2,2,2,0,0,0,0,0,0,0,0,0,0,0,0,0,0,2,2,3,3,3,3,4,4,2,4,2,3,3,3,2,5,2,2,5,4,2,2,2,4,2,0,0,2,2,5,2,2,3,3,4,4,0,0,3,2,0,0,2,2,0,0,2,2,2,2,0,0,2,0,0,0,2,2,0,0,2,4,0,0,1,5,3,3"
228,1.0672870671193515,"0,0,2,2,0,1,3,0,1,3,5,1,3,0,2,5,2,2,2,2,4,2,3,0,0,0,2,2,0,2,2,1,1,5,1,1,1,2,2,4,5,0,2,2,2,5,1,0,0,2,2,2,4,2,2,0,0,2,2,0,0,3,4,2,2,0,0,0,0,1,5,2,4,0,0,4,2,5,5,3,3,3,0,3,2,2,0,3,0,4,2,3,2,2,1,5,2,2,2,2,0,0,0,2,4,0,0,2,2,2,2,0,0,5,2,2,2,2,4,5,0,0,0,2,4,2,1,1,5,2,2,2,2,3,3,1,5,0,0,0,0,0,0,4,0,0,0,0,2,2,1,5,1,1,4,4,2,2,4,0,5,5,0,2,2,5,5,3,5,1,1,5,1,1,0,0,3,3,3,3,0,0,4,1,0,0,2,2,2,2,2,0,0,2,2,2,0,0,0,0,0,0,0,0,0,0,0,0,0,0,2,2,3,3,3,3,4,4,2,4,2,3,3,3,2,5,2,2,5,4,2,2,2,4,2,0,0,2,2,5,2,2,3,3,4,4,0,0,3,2,0,0,2,4,0,0,2,2,2,2,0,0,2,0,0,0,2,2,0,0,2,4,0,0,1,5,3,3"
229,1.0677737236334637,"0,0,2,2,0,1,3,0,1,3,5,1,3,0,2,5,2,2,2,2,4,2,3,0,0,0,2,2,0,2,2,1,1,5,1,1,1,2,2,4,5,0,2,2,2,5,1,0,0,3,2,2,4,2,2,0,0,2,2,0,0,3,4,2,2,0,0,0,0,1,5,2,4,0,0,4,2,5,5,3,3,3,0,3,2,2,0,3,0,4,2,3,2,2,1,5,2,2,2,2,0,0,0,2,4,0,0,2,2,2,2,0,0,5,2,2,2,2,4,5,0,0,0,2,4,2,1,1,5,2,2,2,2,3,3,1,5,0,0,0,0,0,0,4,0,0,0,0,2,2,1,5,1,1,4,4,2,2,4,0,5,5,0,2,2,5,5,3,3,1,1,5,1,1,0,0,3,3,3,3,0,0,2,1,0,0,2,2,2,2,2,0,0,2,2,2,0,0,0,0,0,0,0,0,0,0,0,0,0,0,2,2,3,3,3,3,4,4,2,4,2,3,3,3,2,5,2,2,5,4,2,2,2,4,2,0,0,2,2,5,2,2,3,3,4,4,0,0,3,2,0,0,2,2,0,0,2,2,2,2,0,0,2,0,0,0,2,2,0,0,2,4,0,0,1,5,3,3"
230,1.0674700737784122,"0,0,2,2,0,1,3,0,1,3,5,1,3,0,2,5,2,2,2,2,4,2,3,0,0,0,2,2,0,2,2,1,1,5,1,1,1,2,2,4,5,0,2,2,2,5,1,0,0,3,2,2,4,2,2,0,0,2,2,0,0,3,4,2,2,0,0,0,0,1,5,2,4,0,0,4,2,5,5,3,3,3,0,3,2,2,0,3,0,4,2,3,2,2,1,5,2,2,2,2,0,0,0,2,4,0,0,2,2,2,2,0,0,5,2,2,2,2,4,5,0,0,0,2,4,2,1,1,5,2,2,2,2,3,3,1,5,0,0,0,0,0,0,4,0,0,0,0,2,2,1,5,1,1,4,4,2,2,4,0,5,5,0,2,2,5,5,3,3,1,1,5,1,1,0,0,3,3,3,3,0,0,4,1,0,0,2,2,2,2,2,0,0,2,2,2,0,0,0,0,0,0,0,0,0,0,0,0,0,0,2,2,3,3,3,3,4,4,2,4,2,3,3,3,2,5,2,2,5,4,2,2,2,4,2,0,0,2,5,5,2,2,3,3,4,4,0,0,3,2,0,0,2,2,0,0,2,2,2,2,0,0,2,0,0,0,2,2,0,0,2,4,0,0,1,5,3,3"
231,1.0682748806196956,"0,0,2,2,0,1,3,0,1,3,5,1,3,0,2,5,2,2,2,2,4,2,3,0,0,0,2,2,0,2,2,1,1,5,1,1,1,2,2,4,2,0,2,2,2,5,1,0,0,2,2,2,4,2,2,0,0,2,2,0,0,3,4,2,2,0,0,0,0,1,5,2,4,0,0,4,2,5,5,3,3,3,0,3,2,2,0,3,0,4,2,2,2,2,1,5,2,2,2,2,0,0,0,2,4,0,0,2,2,2,2,0,0,5,2,2,2,2,4,5,0,0,0,2,4,2,1,1,5,2,2,2,2,3,3,1,5,0,0,0,0,0,0,4,0,0,0,0,2,2,1,5,1,1,4,4,2,2,4,0,5,5,0,2,2,5,5,3,3,1,1,5,1,1,0,0,3,3,3,3,0,0,4,1,0,0,2,2,2,2,2,0,0,2,2,2,0,0,0,0,0,0,0,0,0,0,0,0,0,0,2,2,3,3,3,3,4,4,2,4,2,3,3,3,2,5,2,2,5,4,2,2,2,4,2,0,0,2,2,5,2,2,3,3,4,4,0,0,3,2,0,0,2,2,0,0,2,2,2,2,0,0,2,0,0,0,2,2,0,0,2,4,0,0,1,5,3,3"
232,1.0687187453033213,"0,0,2,2,0,1,2,0,1,3,5,1,3,0,2,5,2,2,2,2,4,2,3,0,0,0,2,2,0,2,2,1,1,5,1,1,1,2,2,4,2,0,2,2,2,5,1,0,0,2,2,2,4,2,2,0,0,2,2,0,0,3,4,2,2,0,0,0,0,1,5,2,4,0,0,4,2,5,5,3,3,3,0,3,2,2,0,3,0,4,2,2,2,2,1,5,2,2,2,2,0,0,0,2,4,0,0,2,2,2,2,0,0,5,2,2,2,2,4,5,0,0,0,2,4,2,1,1,5,2,2,2,2,3,3,1,5,0,0,0,0,0,0,4,0,0,0,0,2,2,1,5,1,1,4,4,2,2,4,0,5,5,0,2,0,5,5,3,3,1,1,5,1,1,0,0,3,3,3,3,0,0,4,1,0,0,2,2,2,2,2,0,0,2,2,2,0,0,0,0,0,0,0,0,0,0,0,0,0,0,2,2,3,3,3,3,4,4,2,4,2,3,3,3,2,5,2,2,5,4,2,2,2,4,2,0,0,2,2,5,2,2,3,3,4,4,0,0,3,2,0,0,2,2,0,0,2,2,2,2,0,0,2,0,0,0,2,2,0,0,2,4,0,0,1,5,3,3"
233,1.0688342754163318,"0,0,2,2,0,1,2,0,1,3,5,1,3,0,2,5,2,2,2,2,4,2,3,0,0,0,2,2,0,2,2,1,1,5,1,1,1,2,2,4,2,0,2,2,2,5,1,0,0,2,2,2,4,2,2,0,0,2,2,0,0,3,4,2,2,0,0,0,0,1,5,2,4,0,0,4,2,5,5,3,3,3,0,3,2,2,0,3,0,4,2,2,2,2,1,5,2,2,2,2,0,0,0,2,4,0,0,2,2,2,2,0,0,5,2,2,2,2,4,5,0,0,0,2,4,2,1,1,5,2,2,2,2,3,3,1,5,0,0,0,0,0,0,4,0,0,0,0,2,2,1,5,1,1,4,4,2,2,4,0,5,5,0,2,0,5,5,3,3,1,1,5,1,1,0,0,3,3,3,3,0,0,4,1,0,0,2,2,2,2,2,0,0,2,2,2,0,0,0,0,0,0,0,0,0,0,0,0,0,0,2,2,3,3,3,3,4,4,2,4,2,3,3,3,3,5,2,2,5,4,2,2,2,4,2,0,0,2,2,5,2,2,3,3,4,4,0,0,3,2,0,0,2,2,0,0,2,2,2,2,0,0,2,0,0,0,2,2,0,0,2,4,0,0,1,5,3,3"
234,1.0670161634613085,"0,0,2,2,0,1,2,0,1,3,5,1,3,0,2,5,2,2,2,2,4,2,3,0,0,0,2,2,0,2,2,1,1,5,1,1,1,2,2,4,2,0,2,2,2,5,1,0,0,4,2,2,4,2,2,0,0,2,2,0,0,3,2,2,2,0,0,0,0,1,5,2,4,0,0,4,2,5,5,3,3,3,0,3,2,2,0,3,0,4,2,2,2,2,1,5,2,2,2,2,0,0,0,2,4,0,1,2,2,2,2,0,0,5,2,2,2,2,4,5,0,0,0,2,4,2,1,1,5,2,2,2,2,3,3,1,5,0,0,0,0,0,0,4,0,0,0,0,2,2,1,5,1,1,4,4,2,2,4,0,5,5,0,2,0,5,5,3,3,1,1,5,1,1,0,0,3,3,3,3,0,0,4,1,0,0,2,2,2,2,2,0,4,2,2,2,0,0,0,0,0,0,0,0,0,0,4,0,0,0,2,2,3,3,3,3,2,5,2,4,2,3,3,3,2,5,4,2,5,4,2,2,2,3,2,0,0,2,2,5,2,2,3,3,4,4,0,0,3,2,0,0,2,2,0,0,2,2,5,2,0,0,2,0,0,0,2,2,0,0,2,4,0,0,1,5,3,3"
235,1.0690288710570803,"0,0,2,2,0,1,2,0,1,3,5,1,3,0,2,5,2,2,2,2,4,2,3,0,0,0,2,2,0,2,2,1,1,5,1,1,1,2,2,4,2,0,2,2,2,5,1,0,0,4,2,2,4,2,2,0,0,2,2,0,0,3,4,2,2,0,0,0,0,1,5,2,4,0,0,4,2,5,5,3,3,3,0,3,2,2,0,3,0,4,2,2,2,2,1,5,2,2,2,2,0,0,0,2,4,0,0,2,2,2,2,0,0,5,2,2,2,2,4,5,0,0,0,2,4,2,1,1,5,2,2,2,2,3,3,1,5,0,0,0,0,0,0,4,0,0,0,0,2,2,1,5,1,1,4,4,2,2,4,0,5,5,3,2,0,5,5,3,3,1,1,5,1,1,0,0,3,3,3,3,0,0,4,1,0,0,2,2,2,2,2,0,0,2,2,2,0,0,0,0,0,0,0,0,0,0,0,0,0,0,2,2,3,3,3,3,2,4,2,4,2,3,3,3,4,5,2,2,5,4,2,2,2,4,2,0,0,2,2,5,2,2,3,3,4,4,0,0,3,2,0,0,2,2,0,0,2,2,2,2,0,0,2,0,0,0,2,2,0,0,2,4,0,0,1,5,3,3"
236,1.06905373218995,"0,0,2,2,0,1,2,0,1,3,5,1,3,0,2,5,2,2,2,2,4,2,3,0,0,0,2,2,0,2,2,1,1,5,1,1,1,2,2,4,2,0,2,2,2,5,1,0,0,4,2,2,4,2,2,0,0,2,2,0,0,3,4,2,2,0,0,0,0,1,5,2,4,0,0,4,2,5,5,3,3,3,0,3,2,2,0,3,0,2,2,2,2,2,1,5,2,2,2,2,0,0,0,2,4,0,0,2,2,2,2,0,0,5,2,2,2,2,4,5,0,0,0,2,4,2,1,1,5,2,2,2,2,3,3,1,5,0,0,0,0,0,0,4,0,0,0,0,2,2,1,5,1,1,4,4,2,2,4,0,5,5,3,2,0,5,5,3,3,1,1,5,1,1,0,0,3,3,3,3,0,0,4,1,0,0,2,2,2,2,2,0,0,2,2,2,0,0,0,0,0,0,0,0,0,0,0,0,0,0,2,2,3,3,3,3,2,4,2,4,2,3,3,3,4,5,2,2,5,4,2,2,2,4,2,0,0,2,2,5,2,2,3,3,4,4,0,0,3,2,0,0,2,2,0,0,2,2,2,2,0,0,2,0,0,0,2,2,0,0,2,4,0,0,1,5,3,3"
237,1.0690973445577,"0,0,2,2,0,1,2,0,1,3,5,1,3,0,2,5,2,2,2,2,4,2,3,0,0,0,2,2,0,2,2,1,1,5,1,1,1,2,2,4,2,0,2,2,2,5,1,0,0,4,2,2,4,2,2,0,0,2,2,0,0,3,4,2,2,0,0,0,0,1,5,2,4,0,0,4,2,5,5,3,3,3,0,3,2,2,0,3,0,2,2,2,2,2,1,5,2,2,2,2,0,0,0,2,4,0,0,2,2,2,2,0,0,5,2,2,2,2,4,5,0,0,0,2,4,2,1,1,5,2,2,2,2,3,3,1,5,0,0,0,0,0,0,4,0,0,0,0,2,2,1,5,1,1,4,4,2,2,4,0,5,5,3,2,0,5,5,3,3,1,1,5,1,1,0,0,3,3,3,3,0,0,4,1,0,0,2,2,2,2,2,0,0,2,2,2,0,0,0,0,0,0,0,0,0,0,0,0,0,0,2,2,3,3,3,3,2,4,2,4,2,3,3,3,4,5,2,2,5,4,2,2,2,4,2,0,0,2,2,5,2,2,3,3,4,4,0,0,3,2,0,0,2,2,0,0,2,2,4,2,0,0,2,0,0,0,2,2,0,0,2,4,0,0,1,5,3,3"
238,1.0685735178438902,"0,0,2,2,0,1,2,0,1,3,5,1,3,0,2,5,2,2,2,2,4,2,3,0,0,0,2,2,0,2,2,1,1,5,1,1,1,2,2,4,2,0,2,2,2,5,1,0,0,4,2,2,4,2,2,0,0,2,2,0,0,3,4,2,2,0,0,0,0,1,5,2,4,0,0,2,2,5,5,3,3,3,0,3,2,2,0,3,0,4,2,2,2,2,1,5,2,2,2,2,0,0,0,2,4,0,0,2,2,2,2,0,0,5,2,2,2,2,4,5,0,0,0,2,4,2,1,1,5,2,2,2,2,3,3,1,5,0,0,0,0,0,0,4,0,0,0,0,2,2,1,5,1,1,4,4,2,2,4,0,5,5,3,2,0,5,5,3,3,1,1,5,1,1,0,0,3,3,3,3,0,0,4,1,0,0,2,2,2,2,2,0,0,2,2,2,0,0,0,0,0,0,0,0,0,0,0,0,0,0,2,2,3,3,3,3,2,4,2,4,2,3,3,3,4,5,2,2,5,4,2,2,2,4,2,0,0,2,2,5,2,2,3,3,4,4,0,0,3,2,0,0,2,2,0,0,2,2,4,2,0,0,2,0,0,0,2,2,0,0,1,4,0,0,1,5,3,3"
239,1.06920113768704,"0,0,2,2,0,1,2,0,1,3,5,1,3,0,2,5,2,2,2,2,4,2,3,0,0,0,2,2,0,2,2,1,1,5,1,1,1,2,2,4,2,0,2,2,2,5,1,0,0,4,2,2,4,2,2,0,0,2,2,0,0,3,4,2,2,0,0,0,0,1,5,2,4,0,0,2,2,5,5,3,3,3,0,3,2,2,0,3,0,4,2,2,2,2,1,5,2,2,2,2,0,0,0,2,4,0,0,2,2,2,2,0,0,5,2,2,2,2,4,5,0,0,0,2,4,2,1,1,5,2,2,2,2,3,3,1,5,0,0,0,0,0,0,4,0,0,0,0,2,2,1,5,1,1,4,4,2,2,4,0,5,5,3,2,0,5,5,3,3,1,1,5,1,1,0,0,3,3,3,3,0,0,4,1,0,0,2,2,2,2,2,0,0,2,2,2,0,0,0,0,0,0,0,0,0,0,0,0,0,0,2,2,3,3,3,3,2,4,2,4,2,3,3,3,4,5,2,2,4,4,2,2,2,4,2,0,0,2,2,5,2,2,3,3,4,4,0,0,3,2,0,0,5,2,0,0,2,2,2,2,0,0,2,0,0,0,2,2,0,0,2,4,0,0,1,5,3,3"
240,1.0672310977749562,"0,0,2,2,0,1,2,0,1,3,5,1,3,0,2,5,2,2,2,2,4,2,3,0,0,0,2,2,0,2,2,1,1,5,1,1,1,2,2,4,2,0,2,2,2,5,1,0,0,4,2,2,4,2,2,0,0,2,2,0,0,3,2,2,2,0,0,0,0,1,5,2,4,0,0,2,2,5,5,3,3,3,0,3,2,2,0,3,0,4,2,2,2,2,1,5,2,2,2,2,0,0,0,2,4,0,0,2,2,2,2,0,0,5,2,2,2,2,4,5,0,0,0,2,4,2,1,1,5,2,2,2,2,3,3,1,5,0,0,0,0,0,0,4,0,0,0,0,2,2,1,5,1,1,4,4,2,2,4,0,5,5,3,2,0,5,5,3,3,1,1,5,1,1,0,0,3,3,3,3,0,0,4,5,0,0,2,2,2,2,2,0,0,2,2,2,0,0,0,0,0,0,0,0,0,0,0,0,0,0,2,2,3,3,3,3,2,4,2,4,2,3,3,3,4,5,2,2,4,3,2,1,2,1,5,0,0,2,2,5,2,2,3,3,4,1,0,0,3,2,0,0,5,2,0,0,2,2,2,2,0,0,2,0,0,0,2,2,0,0,2,4,0,0,1,5,3,3"
241,1.0682575392676976,"0,0,2,2,0,1,2,0,1,3,5,1,3,0,2,5,2,2,2,2,4,2,3,0,0,0,2,2,0,2,2,1,1,5,1,1,1,2,2,4,2,0,2,2,2,5,1,0,0,4,2,2,4,2,2,0,0,2,4,0,0,3,2,2,2,0,0,0,0,1,5,2,4,0,0,2,2,5,5,3,3,3,0,3,2,2,0,3,0,4,2,2,2,2,1,5,2,2,2,2,0,0,0,2,4,0,0,2,2,2,2,0,0,5,2,2,2,2,4,5,0,0,0,2,4,2,1,1,5,2,2,2,2,3,3,1,5,0,0,0,0,0,0,4,0,0,0,0,2,2,1,5,1,1,4,4,2,2,4,0,5,5,3,2,0,5,5,3,3,1,1,5,1,1,0,0,3,3,3,3,0,0,4,1,0,0,2,2,2,2,2,0,0,2,2,2,0,0,0,0,0,0,0,0,0,0,0,0,0,0,2,2,3,3,3,3,2,4,2,4,2,3,3,3,4,5,2,2,4,4,2,2,2,4,2,0,0,2,2,5,2,2,3,2,4,4,0,0,3,2,0,0,5,2,0,0,2,2,2,2,0,0,2,0,0,0,2,2,0,0,2,4,0,0,1,5,3,3"
242,1.068834259522034,"0,0,2,2,0,1,2,0,1,3,5,1,3,0,2,5,2,2,2,2,4,2,3,0,0,0,2,2,0,2,2,1,1,5,1,1,1,2,2,4,2,0,2,2,2,5,1,0,0,4,2,2,4,2,2,0,0,2,4,0,0,3,2,2,2,0,0,0,0,1,5,2,4,0,0,2,2,5,5,3,3,3,0,3,2,2,0,3,0,4,2,2,2,2,1,5,2,2,2,2,0,0,0,2,4,0,0,2,2,2,2,0,0,5,2,2,2,2,4,5,0,0,0,2,4,2,1,1,5,2,2,2,2,3,3,1,5,0,0,0,0,0,0,4,0,0,0,0,2,2,1,5,1,1,4,4,2,2,4,0,5,5,3,2,0,5,5,3,3,1,1,5,1,1,0,0,3,3,0,3,0,0,4,1,0,0,2,2,2,2,2,0,0,2,2,2,0,0,0,0,0,0,0,0,0,0,0,0,0,0,2,2,3,3,3,3,2,4,2,4,2,3,3,3,4,5,2,2,4,4,2,2,2,4,2,0,0,2,2,5,2,2,3,3,4,4,0,0,3,2,0,0,5,2,0,0,2,2,2,2,0,0,2,0,0,0,2,2,0,0,2,4,0,0,1,5,3,3"
243,1.0693753285019836,"0,0,2,2,0,1,2,0,1,3,5,1,3,0,2,5,2,2,2,2,4,2,3,0,0,0,2,2,0,2,2,1,1,5,1,1,1,2,2,4,2,0,2,2,2,5,1,0,0,4,2,2,4,2,2,0,0,2,4,0,0,3,2,2,2,0,0,0,0,1,5,2,4,0,0,2,2,5,5,3,3,3,0,3,2,2,0,3,0,4,2,2,2,2,1,5,2,2,2,2,0,0,0,2,4,0,0,2,2,2,2,0,0,5,2,2,2,2,4,5,0,0,0,2,4,2,1,1,5,2,2,2,2,3,3,1,5,0,0,0,0,0,0,4,0,0,0,0,2,2,1,5,1,1,4,4,2,2,4,0,5,5,3,2,0,5,5,3,3,1,1,5,1,1,0,0,3,3,3,3,0,0,4,1,0,0,2,2,2,2,2,0,0,2,2,2,0,0,0,0,0,0,0,0,0,0,0,0,0,0,2,2,3,3,3,3,2,4,2,4,2,3,3,3,4,5,2,2,4,4,2,2,2,4,2,0,0,2,2,5,2,2,3,3,4,4,0,0,3,2,0,0,5,2,0,0,2,2,2,2,0,0,2,0,0,0,2,2,0,0,2,4,0,0,1,5,3,3"
244,1.0693788637032358,"0,0,2,2,0,1,2,0,1,3,5,1,3,0,2,5,2,2,2,2,4,2,3,0,0,0,2,2,0,2,2,1,1,5,1,1,1,2,2,4,2,0,2,2,2,5,1,0,0,4,2,2,4,2,2,0,0,2,4,0,0,3,2,2,2,0,0,0,0,1,5,2,4,0,0,2,2,5,5,3,3,3,0,3,2,2,0,3,0,4,2,2,2,2,1,5,2,2,2,2,0,0,0,2,4,0,0,2,2,2,2,0,0,5,2,2,2,2,4,5,0,0,0,2,4,2,1,1,5,2,2,2,2,3,3,1,5,0,0,0,0,0,0,4,0,0,0,0,2,2,1,5,1,1,4,4,2,2,4,4,5,5,3,2,0,5,5,3,3,1,1,5,1,1,0,0,3,3,3,3,0,0,4,1,0,0,2,2,2,2,2,0,0,2,2,2,0,0,0,0,0,0,0,0,0,0,0,0,0,0,2,2,3,3,3,3,2,4,2,4,2,3,3,3,4,5,2,2,4,4,2,2,2,4,2,0,0,2,2,5,2,2,3,3,4,4,0,0,3,2,0,0,5,2,0,0,2,2,2,2,0,0,2,0,0,0,2,2,0,0,2,4,0,0,1,5,3,3"
245,1.0693788637032358,"0,0,2,2,0,1,2,0,1,3,5,1,3,0,2,5,2,2,2,2,4,2,3,0,0,0,2,2,0,2,2,1,1,5,1,1,1,2,2,4,2,0,2,2,2,5,1,0,0,4,2,2,4,2,2,0,0,2,4,0,0,3,2,2,2,0,0,0,0,1,5,2,4,0,0,2,2,5,5,3,3,3,0,3,2,2,0,3,0,4,2,2,2,2,1,5,2,2,2,2,0,0,0,2,4,0,0,2,2,2,2,0,0,5,2,2,2,2,4,5,0,0,0,2,4,2,1,1,5,2,2,2,2,3,3,1,5,0,0,0,0,0,0,4,0,0,0,0,2,2,1,5,1,1,4,4,2,2,4,4,5,5,3,2,0,5,5,3,3,1,1,5,1,1,0,0,3,3,3,3,0,0,4,1,0,0,2,2,2,2,2,0,0,2,2,2,0,0,0,0,0,0,0,0,0,0,0,0,0,0,2,2,3,3,3,3,2,4,2,4,2,3,3,3,4,5,2,2,4,4,2,2,2,4,2,0,0,2,2,5,2,2,3,3,4,4,0,0,3,2,0,0,5,2,0,0,2,2,2,2,0,0,2,0,0,0,2,2,0,0,2,4,0,0,1,5,3,3"
246,1.0695650589836119,"0,0,2,2,0,1,2,0,1,3,5,1,3,0,2,5,2,2,2,2,4,2,3,0,0,0,2,2,0,2,2,1,1,5,1,1,1,2,2,4,5,0,2,2,2,5,1,0,0,4,2,2,4,2,2,0,0,2,4,0,0,3,2,2,2,0,0,0,0,1,5,2,4,0,0,2,2,5,5,3,3,3,0,3,2,2,0,3,0,2,2,2,2,2,1,5,2,2,2,2,0,0,0,2,4,0,0,2,2,2,2,0,0,5,2,2,2,2,4,5,0,0,0,2,4,2,1,1,5,2,2,2,2,3,3,1,5,0,0,0,0,0,0,4,0,0,0,0,2,2,1,5,1,1,4,4,2,2,4,4,5,5,3,2,0,5,5,3,3,1,1,5,1,1,0,0,3,3,3,3,0,0,4,1,0,0,2,2,2,2,2,0,0,2,2,2,0,0,0,0,0,0,0,0,0,0,0,0,0,0,2,2,3,3,3,3,2,4,2,4,2,3,3,3,4,5,2,2,4,4,2,2,2,4,2,0,0,2,2,5,2,2,3,3,4,4,0,0,3,2,0,0,5,2,0,0,2,2,2,2,0,0,2,0,0,0,2,2,0,0,2,4,0,0,1,5,3,3"
247,1.0690185023314625,"0,0,2,2,0,1,2,0,1,3,5,1,3,0,2,5,2,2,2,2,4,2,3,0,0,0,2,2,0,2,2,1,1,5,1,1,1,2,2,4,5,0,2,2,2,5,1,0,0,4,2,2,4,2,2,0,0,2,4,0,0,3,2,2,2,0,0,0,0,1,5,2,4,0,0,2,2,5,5,3,3,3,0,3,2,2,0,3,0,2,2,2,2,2,1,5,2,2,2,2,0,0,0,2,4,0,0,2,2,2,2,0,0,5,2,2,2,2,4,5,0,0,0,2,4,2,1,1,5,2,2,2,2,3,3,1,5,0,0,0,0,0,0,4,0,0,0,0,2,2,1,5,1,1,4,4,2,2,4,4,5,5,3,2,0,5,5,3,3,1,1,5,1,1,0,0,3,2,3,3,0,0,4,1,0,0,2,2,2,2,2,0,0,2,2,2,0,0,0,0,0,0,0,0,0,0,0,0,0,0,2,2,3,3,3,3,2,4,2,4,2,3,3,3,4,5,2,2,4,4,4,2,2,4,2,0,0,2,2,5,2,2,3,3,4,4,0,0,3,2,0,0,5,2,0,0,2,2,2,2,0,0,2,0,0,0,2,2,0,0,2,4,0,0,1,5,3,3"
248,1.0694975551329968,"0,0,2,2,0,1,2,0,1,3,5,1,3,0,2,5,2,2,2,2,4,2,3,0,0,0,2,2,0,2,2,1,1,5,1,1,1,2,2,4,5,0,2,2,2,5,1,0,0,4,2,0,4,2,2,0,0,2,4,0,0,3,2,2,2,0,0,0,0,1,5,2,2,0,0,2,2,5,5,3,3,3,0,3,2,2,0,3,0,2,2,2,2,2,1,5,2,2,2,2,0,0,0,2,4,0,0,2,2,2,2,0,0,5,2,2,2,2,4,5,0,0,0,2,4,2,1,1,5,2,2,2,2,3,3,1,5,0,0,0,0,0,0,4,0,0,0,0,2,2,1,5,1,1,4,4,2,2,4,4,5,5,3,2,0,5,5,3,3,1,1,5,1,1,0,0,3,3,3,3,0,0,4,1,0,0,2,2,2,2,2,0,0,2,2,2,0,0,0,0,0,0,0,0,0,0,0,0,0,0,2,2,3,3,3,3,2,4,2,4,2,3,3,3,4,5,2,2,4,4,2,2,2,4,2,0,0,2,2,5,2,2,3,3,4,4,0,0,3,2,0,0,5,2,0,0,2,2,2,2,0,0,2,0,0,0,2,2,0,0,2,4,0,0,1,5,3,3"
249,1.0697866160041039,"0,0,2,2,0,1,2,0,1,3,5,1,3,0,2,5,2,2,2,2,4,2,3,0,0,0,2,2,0,2,2,1,1,5,1,1,1,2,2,4,5,0,2,2,2,5,1,0,0,4,2,2,4,2,2,0,0,2,4,0,0,3,2,2,2,0,0,0,0,1,5,2,2,0,0,2,2,5,5,3,3,3,0,3,2,2,0,3,0,2,2,2,2,2,1,5,2,2,2,2,0,0,0,2,4,0,0,2,2,2,2,0,0,5,2,2,2,2,4,5,0,0,0,2,4,2,1,1,5,2,2,2,2,3,3,1,5,0,0,0,0,0,0,4,0,0,0,0,2,2,1,5,1,1,4,4,2,2,4,4,5,5,3,2,0,5,5,3,3,1,1,5,1,1,0,0,3,3,3,3,0,0,4,1,0,0,2,2,2,2,2,0,0,2,2,2,0,0,0,0,0,0,0,0,0,0,0,0,0,0,2,2,3,3,3,3,2,4,2,4,2,3,3,3,4,5,2,2,4,4,2,2,2,4,2,0,0,2,2,5,2,2,3,3,4,4,0,0,3,2,0,0,4,2,0,0,2,2,2,2,0,0,2,0,0,0,4,2,0,0,2,4,0,0,1,5,3,3"
250,1.0697866160041039,"0,0,2,2,0,1,2,0,1,3,5,1,3,0,2,5,2,2,2,2,4,2,3,0,0,0,2,2,0,2,2,1,1,5,1,1,1,2,2,4,5,0,2,2,2,5,1,0,0,4,2,2,4,2,2,0,0,2,4,0,0,3,2,2,2,0,0,0,0,1,5,2,2,0,0,2,2,5,5,3,3,3,0,3,2,2,0,3,0,2,2,2,2,2,1,5,2,2,2,2,0,0,0,2,4,0,0,2,2,2,2,0,0,5,2,2,2,2,4,5,0,0,0,2,4,2,1,1,5,2,2,2,2,3,3,1,5,0,0,0,0,0,0,4,0,0,0,0,2,2,1,5,1,1,4,4,2,2,4,4,5,5,3,2,0,5,5,3,3,1,1,5,1,1,0,0,3,3,3,3,0,0,4,1,0,0,2,2,2,2,2,0,0,2,2,2,0,0,0,0,0,0,0,0,0,0,0,0,0,0,2,2,3,3,3,3,2,4,2,4,2,3,3,3,4,5,2,2,4,4,2,2,2,4,2,0,0,2,2,5,2,2,3,3,4,4,0,0,3,2,0,0,4,2,0,0,2,2,2,2,0,0,2,0,0,0,4,2,0,0,2,4,0,0,1,5,3,3"
251,1.0697866160041039,"0,0,2,2,0,1,2,0,1,3,5,1,3,0,2,5,2,2,2,2,4,2,3,0,0,0,2,2,0,2,2,1,1,5,1,1,1,2,2,4,5,0,2,2,2,5,1,0,0,4,2,2,4,2,2,0,0,2,4,0,0,3,2,2,2,0,0,0,0,1,5,2,2,0,0,2,2,5,5,3,3,3,0,3,2,2,0,3,0,2,2,2,2,2,1,5,2,2,2,2,0,0,0,2,4,0,0,2,2,2,2,0,0,5,2,2,2,2,4,5,0,0,0,2,4,2,1,1,5,2,2,2,2,3,3,1,5,0,0,0,0,0,0,4,0,0,0,0,2,2,1,5,1,1,4,4,2,2,4,4,5,5,3,2,0,5,5,3,3,1,1,5,1,1,0,0,3,3,3,3,0,0,4,1,0,0,2,2,2,2,2,0,0,2,2,2,0,0,0,0,0,0,0,0,0,0,0,0,0,0,2,2,3,3,3,3,2,4,2,4,2,3,3,3,4,5,2,2,4,4,2,2,2,4,2,0,0,2,2,5,2,2,3,3,4,4,0,0,3,2,0,0,4,2,0,0,2,2,2,2,0,0,2,0,0,0,4,2,0,0,2,4,0,0,1,5,3,3"
252,1.0690962470520655,"0,0,2,2,0,1,2,0,1,3,5,1,3,0,2,5,2,2,2,2,4,2,3,0,0,0,2,2,0,2,2,1,1,5,1,1,1,2,2,4,5,0,2,2,2,5,1,0,0,4,2,2,4,2,2,0,0,2,4,0,0,3,2,2,2,0,0,0,0,1,5,2,2,0,0,2,2,5,5,3,3,3,0,3,2,2,0,3,0,4,2,2,2,2,1,5,2,2,2,2,0,0,0,2,4,0,0,2,2,2,2,0,0,5,2,2,2,2,4,5,0,0,0,2,4,2,1,1,5,3,2,2,2,3,3,1,5,0,0,0,0,0,0,4,0,0,0,0,2,2,1,5,1,1,4,4,2,2,4,4,5,5,3,2,0,5,5,3,3,1,1,5,1,1,0,0,3,3,3,3,0,0,4,1,0,0,2,2,2,2,2,0,0,2,2,2,0,0,0,0,0,0,0,0,0,0,0,0,0,0,2,2,3,3,3,3,2,4,2,4,2,3,3,3,4,5,2,2,4,4,2,2,2,4,2,0,0,2,2,5,2,2,3,3,4,3,0,0,3,2,0,0,4,2,0,0,2,2,2,2,0,0,2,0,0,0,4,2,0,0,2,4,0,0,1,5,3,3"
253,1.0697866160041039,"0,0,2,2,0,1,2,0,1,3,5,1,3,0,2,5,2,2,2,2,4,2,3,0,0,0,2,2,0,2,2,1,1,5,1,1,1,2,2,4,5,0,2,2,2,5,1,0,0,4,2,2,4,2,2,0,0,2,4,0,0,3,2,2,2,0,0,0,0,1,5,2,2,0,0,2,2,5,5,3,3,3,0,3,2,2,0,3,0,2,2,2,2,2,1,5,2,2,2,2,0,0,0,2,4,0,0,2,2,2,2,0,0,5,2,2,2,2,4,5,0,0,0,2,4,2,1,1,5,2,2,2,2,3,3,1,5,0,0,0,0,0,0,4,0,0,0,0,2,2,1,5,1,1,4,4,2,2,4,4,5,5,3,2,0,5,5,3,3,1,1,5,1,1,0,0,3,3,3,3,0,0,4,1,0,0,2,2,2,2,2,0,0,2,2,2,0,0,0,0,0,0,0,0,0,0,0,0,0,0,2,2,3,3,3,3,2,4,2,4,2,3,3,3,4,5,2,2,4,4,2,2,2,4,2,0,0,2,2,5,2,2,3,3,4,4,0,0,3,2,0,0,4,2,0,0,2,2,2,2,0,0,2,0,0,0,4,2,0,0,2,4,0,0,1,5,3,3"
254,1.0692773658586703,"0,0,2,2,0,1,2,0,1,3,5,1,3,0,2,5,2,2,2,2,4,2,3,0,0,0,2,2,0,2,2,1,1,5,1,1,1,2,2,4,5,0,2,2,2,5,1,0,0,4,2,2,4,2,2,0,0,2,4,0,0,3,2,2,2,0,0,0,0,1,5,2,2,0,0,2,2,5,5,3,3,3,0,3,2,2,0,3,0,2,2,2,2,2,1,5,2,2,2,2,0,0,0,2,4,0,0,2,2,2,2,0,0,5,2,2,2,2,4,5,0,0,0,2,4,2,1,1,5,2,2,2,2,3,3,1,5,0,0,0,0,0,0,4,0,0,0,0,2,2,1,5,1,1,4,4,2,2,4,4,5,5,3,2,0,5,5,3,3,1,1,5,1,1,0,0,3,3,3,3,0,0,4,1,0,0,2,2,2,2,2,0,0,2,2,2,0,0,0,0,0,0,0,0,0,0,0,0,0,0,2,2,3,3,3,3,2,4,2,4,2,3,3,3,4,5,2,2,4,4,2,0,2,4,2,0,0,2,2,5,2,2,3,3,4,4,0,0,3,2,0,0,4,2,0,0,2,2,2,2,0,0,2,0,0,0,4,2,0,0,2,4,0,0,1,5,3,3"
255,1.0687696712630086,"0,0,2,2,0,1,2,0,1,3,5,1,3,0,2,5,2,2,2,2,4,2,3,0,0,0,2,2,0,2,2,1,1,5,1,1,1,2,2,4,5,0,2,2,2,5,1,0,0,4,2,2,4,2,2,0,0,2,4,0,0,3,2,2,2,0,0,0,0,1,5,2,2,0,0,2,2,5,5,3,3,3,0,3,2,2,0,3,0,2,2,2,2,2,1,5,2,2,2,2,0,0,0,2,4,0,0,2,2,2,2,0,0,5,2,2,2,2,4,5,0,0,0,2,4,2,1,1,5,2,2,2,2,3,3,1,5,0,0,0,0,0,0,4,0,0,0,0,2,2,1,5,1,1,4,4,2,2,4,4,5,5,3,2,0,5,5,3,3,1,1,5,1,1,0,0,3,3,3,3,0,0,4,1,0,0,2,2,2,2,2,0,0,2,2,2,0,0,0,0,0,0,0,0,0,0,0,0,0,0,2,2,3,3,3,3,2,4,2,4,2,3,3,3,4,5,2,2,4,4,2,0,2,4,2,0,0,2,2,5,2,2,3,3,4,4,0,0,3,2,0,0,4,2,0,0,2,2,2,2,0,0,2,0,4,0,4,2,0,0,2,4,0,0,1,5,3,3"
256,1.0699033394018276,"0,0,2,2,0,1,2,0,1,3,5,1,3,0,2,5,2,2,2,2,4,2,3,0,0,0,2,2,0,2,2,1,1,5,1,1,1,2,2,4,5,0,2,2,2,5,1,0,0,4,2,2,4,2,2,0,0,2,4,0,0,3,2,2,2,0,0,0,0,1,5,2,2,0,0,2,2,5,5,3,3,3,0,3,2,2,0,3,0,2,2,2,2,2,1,5,2,2,2,2,0,0,0,2,4,0,0,2,2,2,2,0,0,5,2,2,2,2,4,5,0,0,0,2,4,2,1,1,5,2,2,0,2,3,3,1,5,0,0,0,0,0,0,4,0,0,0,0,2,2,1,5,1,1,4,4,2,2,4,4,5,5,3,2,0,5,5,3,3,1,1,5,1,1,0,0,3,3,3,3,0,0,4,1,0,0,2,2,2,2,2,0,0,2,2,2,0,0,0,0,0,0,0,0,0,0,0,0,0,0,2,2,3,3,3,3,2,4,2,4,2,3,3,3,4,5,2,2,4,4,2,2,2,4,2,0,0,2,2,5,2,2,3,3,4,4,0,0,3,2,0,0,0,2,0,0,2,2,2,2,0,0,2,0,0,0,4,2,0,0,2,2,0,0,1,5,3,3"
257,1.0699434855402874,"0,0,2,2,0,1,2,0,1,3,5,1,3,0,2,5,2,2,2,2,4,2,3,0,0,0,2,2,0,2,2,1,1,5,1,1,1,2,2,4,5,0,2,2,2,5,1,0,0,4,2,2,4,2,2,0,0,2,4,0,0,3,2,2,2,0,0,0,0,1,5,2,2,0,0,2,2,5,5,3,3,3,0,3,2,2,0,3,0,2,2,2,2,2,1,5,2,2,2,2,0,0,0,2,4,0,0,2,2,2,2,0,0,5,2,2,2,2,4,5,0,0,0,2,4,2,1,1,5,2,2,0,2,3,3,1,5,0,0,0,0,0,0,4,0,0,0,0,2,2,1,5,1,1,4,4,2,2,4,4,5,5,3,2,0,5,5,3,3,1,1,5,1,1,0,0,3,3,3,3,0,0,4,1,0,0,2,2,2,2,2,0,0,2,2,2,0,0,0,0,0,0,0,0,0,0,0,0,0,0,2,2,3,3,3,3,2,4,2,4,2,3,3,3,4,5,2,2,4,4,2,2,2,4,2,0,0,2,2,5,2,2,3,3,4,4,0,0,3,2,0,0,3,2,0,0,2,2,2,2,0,0,2,0,0,0,4,2,0,0,2,2,0,0,1,5,3,3"
258,1.068091096014191,"0,0,2,2,0,1,2,0,1,3,5,1,3,0,2,5,2,2,2,2,4,2,3,0,0,0,2,2,0,2,2,1,1,5,1,1,1,2,2,4,5,0,2,2,2,5,1,0,0,4,2,2,2,2,2,0,0,2,4,0,0,3,2,2,2,0,0,0,0,1,5,2,2,0,0,2,2,5,5,3,3,3,0,3,2,2,5,3,0,2,2,2,2,2,1,5,2,2,2,2,0,0,0,2,4,0,0,2,2,2,2,0,0,5,2,2,2,2,4,5,0,0,0,2,4,2,1,1,5,2,2,0,2,3,3,1,5,0,0,0,0,0,0,4,0,0,0,0,2,2,1,5,1,1,4,4,2,2,4,4,5,5,3,2,0,5,5,3,3,1,1,5,1,1,0,0,3,3,3,3,0,0,4,1,0,0,2,2,2,2,2,0,0,2,2,2,0,0,0,0,0,0,5,0,0,0,0,0,0,0,2,2,3,3,3,3,2,4,2,4,2,3,3,3,4,5,2,2,4,4,2,2,2,4,2,0,0,2,2,5,2,2,3,3,4,4,0,0,3,2,0,0,3,2,0,2,2,2,2,2,0,0,2,0,0,0,4,2,0,0,2,2,0,0,1,5,3,3"
259,1.0699488073100796,"0,0,2,2,0,1,2,0,1,3,5,1,3,0,2,5,2,2,2,2,4,2,3,0,0,0,2,2,0,2,2,1,1,5,1,1,1,2,2,4,5,0,2,2,2,5,1,0,0,4,2,2,2,2,2,0,0,2,4,0,0,3,2,2,2,0,0,0,0,1,5,2,2,0,0,2,2,5,5,3,3,3,0,3,2,2,0,3,0,2,2,2,2,2,1,5,2,2,2,2,0,0,0,2,4,0,0,2,2,2,2,0,0,5,2,2,2,2,4,5,0,0,0,2,4,2,1,1,5,2,2,0,2,3,3,1,5,0,0,0,0,0,0,4,0,0,0,0,2,2,1,5,1,1,4,4,2,2,4,4,5,5,3,2,0,5,5,3,3,1,1,5,1,1,0,0,3,3,3,3,0,0,4,1,0,0,2,2,2,2,2,0,0,2,2,2,0,0,0,0,0,0,0,0,0,0,0,0,0,0,2,2,3,3,3,3,2,4,2,4,2,3,3,3,4,5,2,2,4,4,2,2,2,4,2,0,0,2,2,5,2,2,3,3,4,4,0,0,3,2,0,0,3,0,0,0,2,2,2,2,0,0,2,0,0,0,4,2,0,0,2,2,0,0,1,5,3,3"
260,1.0700146853577746,"0,0,2,2,0,1,2,0,1,3,5,1,3,0,2,5,2,2,2,2,4,2,3,0,0,0,2,2,0,2,2,1,1,5,1,1,1,2,2,4,5,0,2,2,2,5,1,0,0,4,2,2,2,2,2,0,0,2,4,0,0,3,2,2,2,0,0,0,0,1,5,2,2,0,0,2,2,5,5,3,3,3,3,3,2,2,0,3,0,2,2,2,2,2,1,5,2,2,2,2,0,0,0,2,4,0,0,2,2,2,2,0,0,5,2,2,2,2,4,5,0,0,0,2,4,2,1,1,5,2,2,0,2,3,3,1,5,0,0,0,0,0,0,4,0,0,0,0,2,2,1,5,1,1,4,4,2,2,4,4,5,5,3,2,0,5,5,3,3,1,1,5,1,1,0,0,3,3,3,3,0,0,4,1,0,0,2,2,2,2,2,0,0,2,2,2,0,0,0,0,0,0,0,0,0,0,0,0,0,0,2,2,3,3,3,3,2,4,2,4,2,3,3,3,4,5,2,2,4,4,2,2,2,4,2,0,0,2,2,5,2,2,3,3,4,4,0,0,3,2,0,0,3,0,0,0,2,2,2,2,0,0,2,0,0,0,4,4,0,0,2,2,0,0,1,5,3,3"
261,1.0692159201936526,"0,0,2,2,0,1,2,0,1,3,5,1,3,0,2,5,2,2,2,2,4,2,3,0,0,0,2,2,0,2,2,1,1,5,1,1,1,2,2,4,5,0,2,2,2,5,1,0,0,4,2,2,2,2,2,0,0,2,4,0,0,3,2,2,2,0,0,0,0,1,5,2,2,0,0,2,2,5,5,3,3,3,3,3,2,2,0,3,0,2,2,2,2,2,1,5,2,2,2,2,0,5,0,2,4,0,0,2,2,2,2,0,0,5,2,2,2,2,4,5,0,0,0,2,4,2,1,1,5,2,2,0,2,3,3,1,5,0,0,0,0,0,0,4,0,0,0,0,2,2,1,5,1,1,4,4,2,2,4,4,5,5,3,2,0,5,5,3,3,1,1,5,1,1,0,0,3,3,3,3,0,0,4,1,0,0,2,2,2,2,2,0,0,2,2,2,0,0,0,0,0,0,0,0,0,0,0,0,0,0,2,2,3,3,3,3,2,4,2,4,2,3,3,3,4,5,2,2,4,4,2,2,2,4,2,0,0,2,2,5,2,2,3,3,4,4,0,0,3,2,0,0,3,0,0,0,2,2,2,2,0,0,2,0,0,0,4,4,0,0,2,2,0,0,1,5,3,3"
262,1.0693301059236708,"0,0,2,2,0,1,2,0,1,3,5,1,3,0,2,5,2,2,2,2,4,2,3,0,0,0,2,2,0,2,2,1,1,5,1,1,1,2,2,4,5,0,2,2,2,5,1,0,0,4,2,2,2,2,2,0,0,2,4,0,0,3,2,2,2,0,0,0,0,1,5,2,2,0,0,2,2,5,5,3,3,3,3,3,2,2,0,3,0,2,2,2,2,2,1,5,2,2,2,2,0,0,0,2,4,0,0,2,2,2,2,0,0,5,2,2,2,2,4,5,0,0,0,2,4,2,1,1,5,2,2,0,2,3,3,1,5,0,0,0,0,0,0,4,0,0,5,0,2,2,1,5,1,1,4,4,2,2,4,4,5,5,3,2,0,5,5,3,3,1,1,5,1,1,0,0,3,3,3,3,0,0,4,1,0,0,2,2,2,2,2,0,0,2,2,2,0,0,0,0,0,0,0,0,0,0,0,0,0,0,2,2,3,3,3,3,2,4,2,4,2,3,3,3,4,0,2,2,4,4,2,2,2,4,2,0,0,2,2,5,2,2,3,3,4,4,0,0,3,2,0,0,3,0,0,0,2,2,2,2,0,0,2,0,0,0,4,4,0,0,2,2,0,0,1,5,3,3"
263,1.0701173441547045,"0,0,2,2,0,1,2,0,1,3,5,1,3,0,2,5,2,2,2,2,4,2,3,0,0,0,2,2,0,2,2,1,1,5,1,1,1,2,2,4,5,0,2,2,2,5,1,0,0,4,2,2,2,2,2,0,0,2,4,0,0,3,2,2,2,0,0,0,0,1,5,2,2,0,0,2,2,5,5,3,3,3,3,3,2,2,0,0,0,2,2,2,2,2,1,5,2,2,2,2,0,0,0,2,4,0,0,2,2,2,2,0,0,5,2,2,2,2,4,5,0,0,0,2,4,2,1,1,5,2,2,0,2,3,3,1,5,0,0,0,0,0,0,4,0,0,0,0,2,2,1,5,1,1,4,4,2,2,4,4,5,5,3,2,0,5,5,3,3,1,1,5,1,1,0,0,3,3,3,3,0,0,4,1,0,0,2,2,2,2,2,0,0,2,2,2,0,0,0,0,0,0,0,0,0,0,0,0,0,0,2,2,3,3,3,3,2,4,2,4,2,3,3,3,4,5,2,2,4,4,2,2,2,4,2,0,0,2,2,5,2,2,3,3,4,4,0,0,3,2,0,0,3,0,0,0,2,2,2,2,0,0,2,0,0,0,4,4,0,0,2,2,0,0,1,5,3,3"
264,1.0687522969745866,"0,0,2,2,0,1,2,0,1,3,5,1,3,0,2,5,2,2,2,2,4,2,3,0,0,0,2,2,0,2,2,1,1,5,1,1,1,2,2,4,5,0,2,2,2,5,1,0,0,4,2,2,2,2,2,0,0,2,4,0,0,3,2,2,2,0,0,0,0,1,5,2,2,0,0,2,2,5,5,3,3,3,3,3,2,2,0,0,0,2,2,2,2,2,1,5,2,2,2,2,0,0,0,2,4,0,0,2,2,2,2,0,0,5,2,2,2,2,4,5,0,0,0,2,4,2,1,1,5,2,2,0,2,2,3,1,5,0,0,0,0,0,0,4,0,0,0,0,2,2,1,5,1,1,4,4,2,2,4,4,5,5,3,2,0,5,5,3,3,1,1,5,1,1,0,0,3,3,3,3,0,0,4,1,0,0,2,2,2,2,2,0,0,2,2,2,0,0,0,0,0,0,0,0,0,0,0,0,0,0,2,2,3,3,3,3,2,4,2,4,2,3,3,3,4,5,2,2,4,4,2,2,2,4,2,0,0,2,2,5,2,2,3,3,4,4,0,0,3,2,0,0,3,0,0,0,2,2,2,2,0,0,2,0,0,0,4,4,0,0,2,2,0,0,1,5,3,3"
265,1.070164159918984,"0,0,2,2,0,1,2,0,1,3,5,1,3,0,2,5,2,2,2,2,4,2,3,0,0,0,2,2,0,2,2,1,1,5,1,1,1,2,2,4,5,0,2,2,2,5,1,0,0,4,2,2,2,2,2,0,0,2,4,0,0,3,2,2,2,0,0,0,0,1,5,2,2,0,0,2,2,5,5,3,3,3,3,3,2,2,0,0,0,2,2,2,2,2,1,5,2,2,2,2,0,0,0,2,4,0,0,2,2,2,2,0,0,5,2,2,2,2,4,5,0,0,0,2,4,2,1,1,5,2,2,0,2,3,3,1,5,0,0,0,0,0,0,4,0,0,0,0,2,2,1,5,1,1,4,4,2,2,4,4,5,5,3,2,0,5,5,3,3,1,1,5,1,1,0,0,3,3,3,3,0,0,4,1,0,0,2,2,2,2,2,0,0,2,2,2,0,0,0,0,0,0,0,0,0,0,0,0,0,0,2,2,3,3,3,3,2,4,4,4,2,3,3,3,4,5,2,2,4,4,2,2,2,4,2,0,0,2,2,5,2,2,3,3,4,2,0,0,3,2,0,0,3,0,0,0,2,2,2,2,0,0,2,0,0,0,4,4,0,0,2,2,0,0,1,5,3,3"
266,1.070164159918984,"0,0,2,2,0,1,2,0,1,3,5,1,3,0,2,5,2,2,2,2,4,2,3,0,0,0,2,2,0,2,2,1,1,5,1,1,1,2,2,4,5,0,2,2,2,5,1,0,0,4,2,2,2,2,2,0,0,2,4,0,0,3,2,2,2,0,0,0,0,1,5,2,2,0,0,2,2,5,5,3,3,3,3,3,2,2,0,0,0,2,2,2,2,2,1,5,2,2,2,2,0,0,0,2,4,0,0,2,2,2,2,0,0,5,2,2,2,2,4,5,0,0,0,2,4,2,1,1,5,2,2,0,2,3,3,1,5,0,0,0,0,0,0,4,0,0,0,0,2,2,1,5,1,1,4,4,2,2,4,4,5,5,3,2,0,5,5,3,3,1,1,5,1,1,0,0,3,3,3,3,0,0,4,1,0,0,2,2,2,2,2,0,0,2,2,2,0,0,0,0,0,0,0,0,0,0,0,0,0,0,2,2,3,3,3,3,2,4,4,4,2,3,3,3,4,5,2,2,4,4,2,2,2,4,2,0,0,2,2,5,2,2,3,3,4,2,0,0,3,2,0,0,3,0,0,0,2,2,2,2,0,0,2,0,0,0,4,4,0,0,2,2,0,0,1,5,3,3"
267,1.070164159918984,"0,0,2,2,0,1,2,0,1,3,5,1,3,0,2,5,2,2,2,2,4,2,3,0,0,0,2,2,0,2,2,1,1,5,1,1,1,2,2,4,5,0,2,2,2,5,1,0,0,4,2,2,2,2,2,0,0,2,4,0,0,3,2,2,2,0,0,0,0,1,5,2,2,0,0,2,2,5,5,3,3,3,3,3,2,2,0,0,0,2,2,2,2,2,1,5,2,2,2,2,0,0,0,2,4,0,0,2,2,2,2,0,0,5,2,2,2,2,4,5,0,0,0,2,4,2,1,1,5,2,2,0,2,3,3,1,5,0,0,0,0,0,0,4,0,0,0,0,2,2,1,5,1,1,4,4,2,2,4,4,5,5,3,2,0,5,5,3,3,1,1,5,1,1,0,0,3,3,3,3,0,0,4,1,0,0,2,2,2,2,2,0,0,2,2,2,0,0,0,0,0,0,0,0,0,0,0,0,0,0,2,2,3,3,3,3,2,4,4,4,2,3,3,3,4,5,2,2,4,4,2,2,2,4,2,0,0,2,2,5,2,2,3,3,4,2,0,0,3,2,0,0,3,0,0,0,2,2,2,2,0,0,2,0,0,0,4,4,0,0,2,2,0,0,1,5,3,3"
268,1.0700714455909055,"0,0,2,2,0,1,2,0,1,3,5,1,3,0,2,5,2,2,2,2,4,2,3,0,0,0,2,2,0,2,2,1,1,5,1,1,1,2,2,4,5,0,2,2,2,5,1,0,0,4,2,2,2,2,2,0,0,2,4,0,0,3,2,2,2,0,0,0,0,1,5,2,2,0,0,2,2,5,5,3,3,3,3,3,2,2,0,0,0,2,2,2,2,2,1,5,2,2,2,2,0,0,0,2,4,0,0,2,2,2,2,0,0,5,2,2,2,2,4,5,0,0,0,2,4,2,1,1,5,2,2,0,2,3,3,1,5,0,0,0,0,0,0,4,0,0,0,0,2,2,1,5,1,1,4,4,2,2,4,4,5,5,3,2,0,5,5,3,3,1,1,5,1,1,0,0,3,3,3,3,0,0,4,1,0,0,2,2,2,2,2,0,0,2,2,2,0,0,0,0,0,0,0,0,0,0,0,0,0,0,2,2,3,3,3,3,2,4,4,4,2,3,3,3,4,5,2,2,4,4,2,2,2,4,2,0,0,2,2,5,2,2,3,3,4,2,0,0,3,2,0,0,3,0,0,0,2,2,2,2,0,0,0,0,0,0,4,4,0,0,2,2,0,0,1,5,3,3"
269,1.070164159918984,"0,0,2,2,0,1,2,0,1,3,5,1,3,0,2,5,2,2,2,2,4,2,3,0,0,0,2,2,0,2,2,1,1,5,1,1,1,2,2,4,5,0,2,2,2,5,1,0,0,4,2,2,2,2,2,0,0,2,4,0,0,3,2,2,2,0,0,0,0,1,5,2,2,0,0,2,2,5,5,3,3,3,3,3,2,2,0,0,0,2,2,2,2,2,1,5,2,2,2,2,0,0,0,2,4,0,0,2,2,2,2,0,0,5,2,2,2,2,4,5,0,0,0,2,4,2,1,1,5,2,2,0,2,3,3,1,5,0,0,0,0,0,0,4,0,0,0,0,2,2,1,5,1,1,4,4,2,2,4,4,5,5,3,2,0,5,5,3,3,1,1,5,1,1,0,0,3,3,3,3,0,0,4,1,0,0,2,2,2,2,2,0,0,2,2,2,0,0,0,0,0,0,0,0,0,0,0,0,0,0,2,2,3,3,3,3,2,4,4,4,2,3,3,3,4,5,2,2,4,4,2,2,2,4,2,0,0,2,2,5,2,2,3,3,4,2,0,0,3,2,0,0,3,0,0,0,2,2,2,2,0,0,2,0,0,0,4,4,0,0,2,2,0,0,1,5,3,3"
270,1.0701714475754438,"0,0,2,2,0,1,2,0,1,3,5,1,3,0,2,5,2,2,2,2,4,2,3,0,0,0,2,2,0,2,2,1,1,5,1,1,1,2,2,4,5,0,2,2,2,5,1,0,0,4,2,2,2,2,2,0,0,2,4,0,0,3,2,2,2,0,0,0,0,1,5,2,2,0,0,2,2,5,5,3,3,3,0,3,2,2,0,0,0,2,2,2,2,2,1,5,2,2,2,2,0,0,0,2,4,0,0,2,2,2,2,0,0,5,2,2,2,2,4,5,0,0,0,2,4,2,1,1,5,2,2,0,2,3,3,1,5,0,0,0,0,0,0,4,0,0,0,0,2,2,1,5,1,1,4,4,2,2,4,4,5,5,3,2,0,5,5,3,3,1,1,5,1,1,0,0,3,3,3,3,0,0,4,1,0,0,2,2,2,2,2,0,0,2,2,2,0,0,0,0,0,0,0,0,0,0,0,0,0,0,2,2,3,3,3,3,2,4,4,4,2,3,3,3,4,5,2,2,4,4,2,2,2,4,2,0,0,2,2,5,2,2,3,3,4,2,0,0,3,2,0,0,3,0,0,0,2,2,2,2,0,0,2,0,0,0,4,4,0,0,2,2,0,0,1,5,3,3"
271,1.0702305596830006,"0,0,2,2,0,1,2,0,1,3,5,1,3,0,2,5,2,2,2,2,4,2,3,0,0,0,2,2,0,2,2,1,1,5,1,1,1,2,2,4,5,0,2,2,2,5,1,0,0,4,2,2,2,2,2,0,0,2,4,0,0,3,2,2,2,0,0,0,0,1,5,2,2,0,0,2,2,5,5,3,3,3,0,3,2,2,0,0,0,2,2,2,2,2,1,5,2,2,2,2,0,0,0,2,4,0,0,2,2,2,2,0,0,5,2,2,2,2,4,5,0,0,0,2,4,2,1,1,5,2,2,2,2,3,3,1,5,0,0,0,0,0,0,4,0,0,0,0,2,2,1,5,1,1,4,4,2,2,4,4,5,5,3,2,0,5,5,3,3,1,1,5,1,1,0,0,3,3,3,3,0,0,4,1,0,0,2,2,2,2,2,0,0,2,2,2,0,0,0,0,0,0,0,0,0,0,0,0,0,0,2,2,3,3,3,3,2,4,4,4,2,3,3,3,4,5,2,2,4,4,2,2,2,4,2,0,0,2,2,5,2,2,3,3,4,2,0,0,3,2,0,0,3,0,0,0,2,2,2,2,0,0,2,0,0,0,4,4,0,0,2,2,0,0,1,5,3,3"
272,1.0702305596830006,"0,0,2,2,0,1,2,0,1,3,5,1,3,0,2,5,2,2,2,2,4,2,3,0,0,0,2,2,0,2,2,1,1,5,1,1,1,2,2,4,5,0,2,2,2,5,1,0,0,4,2,2,2,2,2,0,0,2,4,0,0,3,2,2,2,0,0,0,0,1,5,2,2,0,0,2,2,5,5,3,3,3,0,3,2,2,0,0,0,2,2,2,2,2,1,5,2,2,2,2,0,0,0,2,4,0,0,2,2,2,2,0,0,5,2,2,2,2,4,5,0,0,0,2,4,2,1,1,5,2,2,2,2,3,3,1,5,0,0,0,0,0,0,4,0,0,0,0,2,2,1,5,1,1,4,4,2,2,4,4,5,5,3,2,0,5,5,3,3,1,1,5,1,1,0,0,3,3,3,3,0,0,4,1,0,0,2,2,2,2,2,0,0,2,2,2,0,0,0,0,0,0,0,0,0,0,0,0,0,0,2,2,3,3,3,3,2,4,4,4,2,3,3,3,4,5,2,2,4,4,2,2,2,4,2,0,0,2,2,5,2,2,3,3,4,2,0,0,3,2,0,0,3,0,0,0,2,2,2,2,0,0,2,0,0,0,4,4,0,0,2,2,0,0,1,5,3,3"
273,1.0692043830889704,"0,0,2,2,0,1,2,0,1,3,5,1,3,0,2,5,2,2,2,2,4,2,3,0,0,0,2,2,0,2,2,1,1,5,1,1,1,2,2,4,5,0,2,2,2,5,1,0,0,4,2,2,2,2,2,0,0,2,4,0,0,3,2,2,2,0,0,0,0,1,5,2,2,0,0,2,2,5,5,3,3,3,0,3,2,2,0,0,0,2,2,2,2,2,1,5,2,2,2,2,0,0,0,2,4,0,0,2,2,2,2,0,0,5,2,2,2,2,4,5,0,0,0,2,4,2,1,1,5,2,2,2,2,3,3,1,5,0,4,0,0,0,0,4,0,0,0,0,2,2,1,5,1,1,1,4,2,2,4,4,5,5,4,2,0,5,5,3,3,1,1,5,1,1,0,0,3,3,3,3,0,0,4,1,0,0,2,2,2,2,2,0,0,2,2,2,0,0,0,0,0,0,0,0,5,0,0,0,0,0,2,2,3,3,3,3,2,4,4,4,2,3,3,3,4,5,2,2,4,4,2,2,2,4,2,0,0,2,2,5,2,2,3,3,4,2,0,0,3,2,0,0,3,0,0,0,2,2,2,2,0,0,2,0,0,0,4,4,0,0,2,2,0,0,1,5,3,3"
274,1.0700191801415595,"0,0,2,2,0,1,2,0,1,3,5,1,3,0,2,5,2,2,2,2,4,2,3,0,0,0,2,2,0,2,2,1,1,5,1,1,1,2,2,4,5,0,2,2,2,5,1,0,0,4,2,2,2,2,2,0,0,2,4,0,0,3,2,2,2,0,0,0,0,1,5,2,2,0,0,2,2,5,5,3,3,3,0,3,2,2,0,0,0,2,2,2,2,2,1,5,2,2,2,2,0,0,0,2,4,0,0,2,2,2,2,0,0,5,2,2,2,2,4,5,0,0,0,2,4,2,1,1,5,2,2,2,2,3,3,1,5,0,0,0,0,0,0,4,0,0,0,0,2,2,1,5,1,1,2,4,2,2,4,4,5,5,4,2,0,5,5,3,3,1,1,5,1,1,0,0,3,3,3,3,0,0,4,1,0,0,2,2,2,2,2,0,0,2,2,2,0,0,0,0,0,0,0,0,0,0,0,0,0,0,2,2,3,3,3,3,2,4,4,4,2,3,3,3,4,5,2,2,4,4,2,2,2,4,2,0,0,2,2,5,2,2,3,3,4,2,0,0,3,2,0,0,3,0,0,0,2,2,2,2,0,0,2,0,0,0,4,4,0,0,2,2,0,0,1,5,3,3"
275,1.0702080678810086,"0,0,2,2,0,1,2,0,1,3,5,1,3,0,2,5,2,2,2,2,4,2,3,0,0,0,2,2,0,2,2,1,1,5,1,1,1,2,2,4,5,0,2,2,2,5,1,0,0,4,2,2,2,2,2,0,0,2,4,0,0,3,2,2,2,0,0,0,0,1,5,2,2,0,0,2,2,5,5,3,3,3,0,3,2,2,0,0,0,2,2,2,2,2,1,5,2,2,2,2,0,0,0,2,4,0,0,2,2,2,2,0,0,5,2,2,2,2,4,5,0,0,0,2,4,2,1,1,5,2,2,2,2,3,3,1,5,0,0,0,0,0,0,4,0,0,0,0,2,2,1,5,1,1,4,4,2,2,4,4,5,5,4,2,0,5,5,3,3,1,1,5,1,1,0,0,3,3,3,3,0,0,4,1,0,0,2,2,2,2,2,0,0,2,2,2,0,0,0,0,0,0,0,0,0,0,0,0,0,0,2,2,3,3,3,3,2,4,4,4,2,3,3,3,4,5,2,2,4,4,2,2,2,4,2,0,0,2,2,5,2,2,3,3,4,2,0,0,3,2,0,0,4,0,0,0,2,2,2,2,0,0,2,0,0,0,4,4,0,0,2,2,0,0,1,5,3,3"
276,1.0703767672224096,"0,0,2,2,0,1,2,0,1,3,5,1,3,0,2,5,2,2,2,2,4,2,3,0,0,0,2,2,0,2,2,1,1,5,1,1,1,2,2,4,5,0,2,2,2,5,1,0,0,4,2,2,2,2,2,0,0,2,4,0,0,3,2,2,2,0,0,0,0,1,5,2,2,0,0,2,2,5,5,3,3,3,0,3,2,2,0,0,0,2,2,2,2,2,1,5,2,2,2,2,0,0,0,2,4,0,0,2,2,2,2,0,0,5,2,2,2,2,4,5,0,0,0,2,4,2,1,1,5,2,2,2,2,3,3,1,5,0,0,0,0,0,0,4,0,0,0,0,2,2,1,5,1,1,4,4,2,2,4,4,5,5,4,0,0,5,5,3,3,1,1,5,1,1,0,0,3,3,3,3,0,0,4,1,0,0,2,2,2,2,2,0,0,2,2,2,0,0,0,0,0,0,0,0,0,0,0,0,0,0,2,2,3,3,3,3,2,4,4,4,2,3,3,3,4,5,2,2,4,4,2,2,2,2,2,0,0,2,2,5,2,2,3,3,4,2,0,0,3,2,0,0,3,0,0,0,2,2,2,2,0,0,2,0,0,0,4,4,0,0,2,2,0,0,1,5,3,3"
277,1.0703767672224096,"0,0,2,2,0,1,2,0,1,3,5,1,3,0,2,5,2,2,2,2,4,2,3,0,0,0,2,2,0,2,2,1,1,5,1,1,1,2,2,4,5,0,2,2,2,5,1,0,0,4,2,2,2,2,2,0,0,2,4,0,0,3,2,2,2,0,0,0,0,1,5,2,2,0,0,2,2,5,5,3,3,3,0,3,2,2,0,0,0,2,2,2,2,2,1,5,2,2,2,2,0,0,0,2,4,0,0,2,2,2,2,0,0,5,2,2,2,2,4,5,0,0,0,2,4,2,1,1,5,2,2,2,2,3,3,1,5,0,0,0,0,0,0,4,0,0,0,0,2,2,1,5,1,1,4,4,2,2,4,4,5,5,4,0,0,5,5,3,3,1,1,5,1,1,0,0,3,3,3,3,0,0,4,1,0,0,2,2,2,2,2,0,0,2,2,2,0,0,0,0,0,0,0,0,0,0,0,0,0,0,2,2,3,3,3,3,2,4,4,4,2,3,3,3,4,5,2,2,4,4,2,2,2,2,2,0,0,2,2,5,2,2,3,3,4,2,0,0,3,2,0,0,3,0,0,0,2,2,2,2,0,0,2,0,0,0,4,4,0,0,2,2,0,0,1,5,3,3"
278,1.069696725658408,"0,0,2,2,0,1,2,0,1,3,5,1,3,0,2,5,2,2,2,2,4,2,3,0,0,0,2,2,0,2,2,1,1,5,1,1,1,2,2,4,5,0,2,2,2,5,1,0,0,4,2,2,2,2,2,0,0,2,4,0,0,3,2,2,2,0,0,0,0,1,5,2,2,0,0,2,2,5,5,3,3,3,0,0,2,2,0,0,0,2,2,2,2,2,1,5,2,2,2,2,0,0,0,2,4,0,0,2,2,2,2,0,0,5,2,2,2,2,4,5,5,0,0,2,4,2,1,1,5,2,2,2,2,3,3,1,5,0,0,0,0,0,0,4,0,0,0,0,2,2,1,5,1,1,4,4,2,2,4,4,5,5,4,0,0,5,5,3,3,1,1,5,1,1,0,0,3,3,3,3,0,0,4,1,0,0,2,2,2,2,2,0,0,2,2,2,0,0,0,0,0,0,0,0,0,0,0,0,0,0,2,2,3,3,3,3,2,4,4,4,2,3,3,3,4,5,2,2,4,4,2,2,2,2,2,0,0,2,2,5,2,2,3,3,4,2,0,0,3,2,0,0,3,0,0,0,2,2,2,2,0,0,2,0,0,0,4,4,0,0,2,2,0,0,1,5,3,3"
279,1.0693867948709128,"0,0,2,2,0,1,2,0,1,3,5,1,3,0,2,5,2,2,2,2,4,2,3,0,0,0,2,2,0,2,2,1,1,5,1,1,1,2,2,4,5,0,2,2,2,5,1,0,0,4,2,2,2,2,2,0,0,2,4,0,0,3,2,2,2,0,0,0,0,1,5,2,2,0,0,2,2,5,5,3,3,3,0,0,2,2,0,0,0,2,2,2,2,2,1,5,2,2,2,2,0,0,0,2,4,0,0,2,2,2,2,0,0,5,2,2,2,2,4,5,5,0,0,2,4,2,1,1,5,2,2,2,2,3,3,1,5,0,0,0,0,0,0,4,0,0,0,0,2,2,1,5,1,1,4,4,2,2,4,4,5,5,4,0,0,5,5,3,3,1,1,5,1,1,0,0,3,3,3,3,0,0,4,1,0,0,2,2,2,2,2,0,0,2,2,2,0,0,0,0,0,0,0,0,0,0,0,0,0,0,2,2,3,3,3,3,2,4,4,4,2,3,3,3,4,5,2,2,4,4,2,2,2,2,2,0,0,2,2,3,2,2,3,3,4,2,0,0,3,2,0,0,3,0,0,0,2,2,2,2,0,0,2,0,0,0,4,4,0,0,2,2,0,0,1,5,3,3"
280,1.0703807247248855,"0,0,2,2,0,1,2,0,1,3,5,1,3,0,2,5,2,2,2,2,4,2,3,0,0,0,2,2,0,2,2,1,1,5,1,1,1,2,2,4,5,0,2,2,2,5,1,0,0,4,2,2,2,2,2,0,0,2,4,0,0,3,2,2,2,0,0,0,0,1,5,2,2,0,0,2,2,5,5,3,3,3,0,0,2,2,0,0,0,2,2,2,2,2,1,5,2,2,2,2,0,0,0,2,4,0,0,2,2,2,2,0,0,5,2,2,2,2,4,5,0,0,0,2,4,2,1,1,5,2,2,2,2,3,3,1,5,0,0,0,0,0,0,4,0,0,0,0,2,2,1,5,1,1,4,4,2,2,4,4,5,5,4,0,0,5,5,3,3,1,1,5,1,1,0,0,3,3,3,3,0,0,4,1,0,0,2,2,2,2,2,0,0,2,2,2,0,0,0,0,0,0,0,0,0,0,0,0,0,0,2,2,3,3,3,3,2,4,4,4,2,3,3,3,4,5,2,2,4,4,2,2,2,2,2,0,0,2,2,5,2,2,3,3,4,2,0,0,3,2,0,0,3,0,0,0,2,2,2,2,0,0,2,0,0,0,4,4,0,0,2,2,0,0,1,5,3,3"
281,1.0700862070783765,"0,0,2,2,0,1,2,0,1,3,5,1,3,0,2,5,2,2,2,2,4,2,3,0,0,0,2,2,0,2,2,1,1,5,1,1,1,2,2,4,5,0,2,2,2,5,1,0,0,4,2,2,2,2,2,0,0,2,4,0,0,3,2,2,2,0,0,0,0,1,5,2,2,0,0,2,2,5,5,3,3,3,0,0,2,2,0,0,0,2,2,2,2,2,1,5,2,2,2,2,0,0,0,2,4,0,0,2,2,2,2,0,0,5,2,2,2,2,4,5,0,0,0,2,4,2,1,1,5,2,2,2,2,3,3,1,5,0,0,0,0,0,0,4,0,0,0,0,2,2,1,5,1,1,4,4,2,2,4,4,5,5,4,0,0,5,5,3,3,1,1,5,1,1,0,0,3,3,5,3,0,0,4,1,0,0,2,2,2,2,2,0,0,2,2,2,0,0,0,0,0,0,0,0,0,0,0,0,0,0,2,2,3,3,3,3,2,4,4,4,2,3,3,3,4,5,2,2,4,4,2,2,2,2,2,0,0,2,2,5,2,2,3,3,4,2,0,0,3,2,0,0,3,0,0,0,2,2,2,2,0,0,2,0,0,0,4,4,0,0,2,2,0,0,1,5,3,3"
282,1.0700862070783765,"0,0,2,2,0,1,2,0,1,3,5,1,3,0,2,5,2,2,2,2,4,2,3,0,0,0,2,2,0,2,2,1,1,5,1,1,1,2,2,4,5,0,2,2,2,5,1,0,0,4,2,2,2,2,2,0,0,2,4,0,0,3,2,2,2,0,0,0,0,1,5,2,2,0,0,2,2,5,5,3,3,3,0,0,2,2,0,0,0,2,2,2,2,2,1,5,2,2,2,2,0,0,0,2,4,0,0,2,2,2,2,0,0,5,2,2,2,2,4,5,0,0,0,2,4,2,1,1,5,2,2,2,2,3,3,1,5,0,0,0,0,0,0,4,0,0,0,0,2,2,1,5,1,1,4,4,2,2,4,4,5,5,4,0,0,5,5,3,3,1,1,5,1,1,0,0,3,3,5,3,0,0,4,1,0,0,2,2,2,2,2,0,0,2,2,2,0,0,0,0,0,0,0,0,0,0,0,0,0,0,2,2,3,3,3,3,2,4,4,4,2,3,3,3,4,5,2,2,4,4,2,2,2,2,2,0,0,2,2,5,2,2,3,3,4,2,0,0,3,2,0,0,3,0,0,0,2,2,2,2,0,0,2,0,0,0,4,4,0,0,2,2,0,0,1,5,3,3"
283,1.0696671938080522,"0,0,2,2,0,1,2,0,1,3,5,1,3,0,2,5,2,2,2,2,4,2,3,0,0,0,2,2,0,2,2,1,1,5,1,1,1,2,2,4,5,0,2,2,2,5,1,0,0,4,2,2,2,2,2,0,0,2,4,0,0,3,2,2,2,0,0,0,0,1,5,2,2,0,0,2,2,5,5,3,3,3,0,0,2,2,0,0,0,2,2,2,2,2,1,5,2,2,2,2,0,0,0,2,4,0,0,2,2,2,2,0,0,5,2,2,2,2,4,5,0,0,0,2,4,2,1,1,5,2,2,2,2,3,3,1,5,5,0,0,0,0,0,4,0,0,0,0,2,2,1,5,1,1,4,4,2,2,4,4,5,5,4,0,0,5,5,3,3,1,1,5,1,1,0,0,3,3,3,3,0,0,4,5,0,0,2,2,2,2,2,0,0,5,2,2,0,0,0,0,0,0,0,0,0,0,0,0,0,0,2,2,3,3,3,3,2,4,4,4,2,3,3,3,4,5,2,2,4,4,2,2,2,2,2,0,0,2,2,5,2,2,3,3,4,2,0,0,3,2,0,0,3,0,0,0,2,2,2,2,0,0,2,0,0,0,4,4,0,0,2,2,0,0,1,5,3,3"
284,1.0696779469822615,"0,0,2,2,0,1,2,0,1,3,5,1,3,0,2,5,2,2,2,2,4,2,3,0,0,0,2,2,0,2,2,1,1,5,1,1,1,2,2,4,5,0,2,2,2,5,1,0,0,4,2,2,2,2,2,0,0,2,4,0,0,3,2,2,2,0,0,0,0,1,5,2,2,0,0,2,2,5,5,3,3,3,0,0,2,2,0,0,0,2,2,2,2,2,1,5,2,2,2,2,0,0,0,2,4,0,0,2,2,2,2,0,0,5,2,2,2,2,4,5,0,0,0,2,4,2,1,1,5,2,2,2,2,3,3,1,5,0,0,0,0,0,0,4,0,0,0,0,2,2,1,5,1,1,4,4,2,2,4,4,5,5,4,0,0,5,5,3,3,1,1,5,1,1,0,0,3,3,5,3,0,0,4,1,0,0,2,2,2,2,2,0,0,2,2,2,0,0,0,0,0,0,0,0,0,0,0,0,5,0,2,2,3,3,3,3,2,4,4,4,2,3,3,3,4,5,2,2,4,4,2,2,2,2,2,0,0,2,2,5,2,2,3,3,4,2,0,0,3,2,0,0,3,0,0,0,2,2,2,2,0,0,2,0,0,0,4,4,0,0,2,2,0,0,1,5,3,3"
285,1.0699191378202308,"0,0,2,2,0,1,2,0,1,3,5,1,3,0,2,5,2,2,2,2,4,3,3,0,0,0,2,2,0,2,2,1,1,5,1,1,1,2,2,4,5,0,2,2,2,5,1,0,0,4,2,2,2,2,2,3,0,2,4,0,0,3,2,2,2,0,0,0,0,1,5,2,2,0,0,2,2,5,5,3,3,3,0,0,2,2,0,0,0,2,2,2,2,2,1,5,2,2,2,2,0,0,0,2,4,0,0,2,2,2,2,0,0,5,2,2,2,2,4,5,0,0,0,2,4,2,1,1,5,2,2,2,2,3,3,1,5,0,0,0,0,0,0,4,0,0,0,0,2,2,1,1,1,1,4,4,2,2,4,4,5,5,4,0,0,5,5,3,3,1,1,5,1,1,0,0,3,3,3,3,0,0,4,5,0,0,2,2,2,2,2,0,0,2,2,2,0,0,0,0,0,0,0,0,0,0,0,0,0,0,2,2,3,3,3,3,2,4,4,4,2,3,3,3,4,5,2,2,4,4,2,2,2,2,2,0,0,2,2,5,2,2,3,3,4,2,0,0,3,2,0,0,3,0,0,0,2,2,2,2,0,0,2,0,0,0,4,4,0,0,2,2,0,0,1,5,3,3"
286,1.070507972067834,"0,0,2,2,0,1,2,0,1,3,5,1,3,0,2,5,2,2,2,2,4,3,3,0,0,0,2,2,0,2,2,1,1,5,1,1,1,2,2,4,5,0,2,2,2,5,1,0,0,4,2,2,2,2,2,0,0,2,4,0,0,3,2,2,2,0,0,0,0,1,5,2,2,0,0,2,2,5,5,3,3,3,0,0,2,2,0,0,0,2,2,2,2,2,1,5,2,2,2,2,0,0,0,2,4,0,0,2,2,2,2,0,0,5,2,2,2,2,4,5,0,0,0,2,4,2,1,1,5,2,2,2,2,3,3,1,5,0,0,0,0,0,0,4,0,0,0,0,2,2,1,1,1,1,4,4,2,2,4,4,5,5,4,2,0,5,5,3,3,1,1,5,1,1,0,0,3,3,3,3,0,0,4,5,0,0,2,2,2,2,2,0,0,2,2,2,0,0,0,0,0,0,0,0,0,0,0,0,0,0,2,2,3,3,3,3,2,4,4,4,2,3,3,3,4,5,2,2,4,4,2,2,2,2,2,0,0,2,2,5,2,2,3,3,4,2,0,0,3,2,0,0,3,0,0,0,2,2,2,2,0,0,2,0,0,0,4,4,0,0,2,2,0,0,1,5,3,3"
287,1.070507972067834,"0,0,2,2,0,1,2,0,1,3,5,1,3,0,2,5,2,2,2,2,4,3,3,0,0,0,2,2,0,2,2,1,1,5,1,1,1,2,2,4,5,0,2,2,2,5,1,0,0,4,2,2,2,2,2,0,0,2,4,0,0,3,2,2,2,0,0,0,0,1,5,2,2,0,0,2,2,5,5,3,3,3,0,0,2,2,0,0,0,2,2,2,2,2,1,5,2,2,2,2,0,0,0,2,4,0,0,2,2,2,2,0,0,5,2,2,2,2,4,5,0,0,0,2,4,2,1,1,5,2,2,2,2,3,3,1,5,0,0,0,0,0,0,4,0,0,0,0,2,2,1,1,1,1,4,4,2,2,4,4,5,5,4,2,0,5,5,3,3,1,1,5,1,1,0,0,3,3,3,3,0,0,4,5,0,0,2,2,2,2,2,0,0,2,2,2,0,0,0,0,0,0,0,0,0,0,0,0,0,0,2,2,3,3,3,3,2,4,4,4,2,3,3,3,4,5,2,2,4,4,2,2,2,2,2,0,0,2,2,5,2,2,3,3,4,2,0,0,3,2,0,0,3,0,0,0,2,2,2,2,0,0,2,0,0,0,4,4,0,0,2,2,0,0,1,5,3,3"
288,1.0705583591269132,"0,0,2,2,0,1,2,0,1,3,5,1,3,0,2,5,2,2,2,2,4,3,3,0,0,0,2,2,0,2,2,1,1,5,1,1,1,2,2,4,5,0,2,2,2,5,1,0,0,4,2,2,2,2,2,0,0,2,2,0,0,3,2,2,2,0,0,0,0,1,5,2,2,0,0,2,2,5,5,3,0,3,0,0,2,2,0,0,0,2,2,2,2,2,1,5,2,2,2,2,0,0,0,2,4,0,0,2,2,2,2,0,0,5,2,2,2,2,4,5,0,0,0,2,4,2,1,1,5,2,2,2,2,3,3,1,5,0,0,0,0,0,0,4,0,0,0,0,2,2,1,1,1,1,4,4,2,2,4,4,5,5,4,2,0,5,5,3,3,1,1,5,1,1,0,0,3,3,3,3,0,0,4,5,0,0,2,2,2,2,2,0,0,2,2,2,0,0,0,0,0,0,0,0,0,0,0,0,0,0,2,2,3,3,3,3,2,4,4,4,2,3,3,3,4,5,2,2,4,4,2,2,4,2,2,0,0,2,2,5,2,2,3,3,4,2,0,0,3,2,0,0,3,0,0,0,2,2,2,2,0,0,2,0,0,0,4,4,0,0,2,2,0,0,1,5,3,3"
289,1.0703379018587231,"0,0,2,2,0,1,2,0,1,3,5,1,3,0,2,5,2,2,2,2,4,3,3,0,0,0,2,2,0,2,2,1,1,5,1,1,1,2,2,4,5,0,2,2,2,5,1,0,0,4,2,2,2,2,2,0,0,2,2,0,0,3,2,2,2,0,0,0,0,1,5,2,2,0,0,2,2,5,5,3,0,3,0,0,2,2,0,0,0,2,2,2,2,2,1,5,2,2,2,2,0,0,0,2,4,0,0,2,2,2,2,0,0,5,2,2,2,2,4,5,0,0,0,2,4,2,1,1,5,4,2,2,2,3,3,1,5,0,0,0,0,0,0,4,0,0,0,0,2,2,1,1,1,1,4,4,2,2,4,4,5,5,4,2,0,5,5,3,3,1,1,5,1,1,0,0,3,3,3,3,0,0,4,5,0,0,2,2,2,2,2,0,0,2,2,2,0,0,0,0,0,0,0,0,0,0,0,0,0,0,2,2,3,3,3,3,2,4,4,4,2,3,3,3,4,5,2,2,4,4,2,2,4,2,2,0,0,2,2,5,2,2,3,3,4,2,0,0,3,2,0,0,3,0,0,0,2,2,2,2,0,0,2,0,0,0,4,4,0,0,2,2,0,0,1,5,3,3"
290,1.070412412112935,"0,0,2,2,0,1,2,0,1,3,5,1,3,0,2,5,2,2,2,2,4,3,3,0,0,0,2,2,0,2,2,1,1,5,1,1,1,2,2,4,5,0,2,2,2,5,1,0,0,4,2,2,2,2,2,0,0,2,2,0,0,3,2,2,2,0,0,0,0,1,5,2,2,0,0,2,2,5,5,3,0,3,0,0,2,2,0,0,0,2,2,2,2,2,1,5,2,2,2,2,0,0,0,2,4,0,0,2,2,2,2,0,0,5,2,2,2,2,4,5,0,0,0,2,4,2,1,1,5,2,2,2,2,3,3,1,5,0,0,0,0,0,0,4,0,0,0,0,2,2,1,1,1,1,4,4,2,2,4,4,5,5,4,2,0,5,5,3,3,1,1,5,1,1,0,0,3,3,3,3,0,0,4,5,0,0,2,2,2,2,2,0,0,2,2,2,0,0,0,0,0,0,0,0,0,0,0,0,0,0,2,2,3,3,3,3,2,4,4,4,2,3,3,3,4,5,2,2,4,4,2,2,4,2,2,0,0,2,2,5,2,2,3,3,4,2,0,0,3,2,0,0,3,0,0,0,2,2,2,2,0,0,2,0,0,0,4,0,0,0,2,2,0,0,1,5,3,3"
291,1.070628951943398,"0,0,2,2,0,1,2,0,1,3,5,1,3,0,2,5,2,2,2,2,4,3,3,0,0,0,2,2,0,2,2,1,1,5,1,1,1,2,2,4,5,0,2,2,2,5,1,0,0,4,2,2,2,2,2,0,0,2,2,0,0,3,2,2,2,0,0,0,0,1,5,2,2,0,0,2,2,5,5,3,0,3,0,0,2,2,0,0,0,2,2,2,2,2,1,5,2,2,2,2,0,0,0,2,4,0,0,2,2,2,2,0,0,5,2,2,2,2,4,5,0,0,0,2,4,2,1,1,5,2,2,2,2,3,3,1,5,0,0,0,0,0,0,4,0,0,0,0,2,2,1,1,1,1,4,4,2,2,4,4,5,5,4,2,0,5,5,3,3,1,1,5,1,1,0,0,3,3,3,3,0,0,4,5,0,0,2,2,2,2,2,0,0,2,2,2,0,0,0,0,0,0,0,0,0,0,0,0,0,0,2,2,3,3,3,3,2,4,4,4,2,3,3,3,4,4,2,2,4,5,2,2,4,2,2,0,0,2,2,5,2,2,3,3,4,2,0,0,3,2,0,0,3,0,0,0,2,2,2,2,0,0,2,0,0,0,4,4,0,0,2,2,0,0,1,5,3,3"
292,1.0706345811619484,"0,0,2,2,0,1,2,0,1,3,5,1,3,0,2,5,2,2,2,2,4,3,3,0,0,0,2,2,0,2,2,1,1,5,1,1,1,2,2,4,5,0,2,2,2,5,1,0,0,4,2,2,2,2,2,0,0,2,2,0,0,3,2,2,2,0,0,0,0,1,5,2,2,0,0,2,2,5,5,3,0,3,0,0,2,2,0,0,0,2,2,2,2,2,1,5,2,2,2,2,0,0,0,2,4,0,0,2,2,2,2,0,0,5,2,2,2,2,4,5,0,0,0,2,4,2,1,1,5,2,2,2,2,3,3,1,5,0,0,0,0,0,0,4,0,0,0,0,2,2,1,1,1,1,4,4,2,2,4,4,5,5,4,2,0,5,5,3,3,1,1,5,1,1,0,0,3,3,3,3,0,0,4,5,0,0,2,2,2,2,2,0,0,2,2,2,0,0,0,0,0,0,0,0,0,4,0,0,0,0,2,2,3,3,3,3,2,4,4,4,2,3,3,3,4,4,2,2,4,5,2,2,4,2,2,0,0,2,2,5,2,2,3,3,4,2,0,0,3,2,0,0,3,0,0,0,2,2,2,2,0,0,2,0,0,0,4,4,0,0,2,2,0,0,1,5,3,3"
293,1.0707037061599176,"0,0,2,2,0,1,2,0,1,3,5,1,3,0,2,5,2,2,2,2,4,3,3,0,0,0,2,2,0,2,2,1,1,5,1,1,1,2,2,5,5,0,2,2,2,5,1,0,0,4,2,2,2,2,2,0,0,2,2,0,0,3,2,2,2,0,0,0,0,1,5,2,2,0,0,2,2,5,5,3,0,3,0,0,2,2,0,0,0,2,2,2,2,2,1,5,2,2,2,2,0,0,0,2,4,0,0,2,2,2,2,0,0,5,2,2,2,2,4,3,0,0,0,2,4,2,1,1,5,2,2,2,2,3,3,5,5,0,0,0,0,0,0,4,0,0,0,0,2,2,1,1,1,1,4,4,2,2,4,4,5,5,4,2,0,5,5,3,3,1,1,5,1,1,0,0,3,3,3,3,0,0,4,5,0,0,2,2,2,2,2,0,0,2,2,2,0,0,0,0,0,0,0,0,0,4,0,0,0,0,2,2,3,3,3,3,2,4,4,4,2,3,3,3,4,4,2,2,4,5,2,2,4,2,2,0,0,2,2,5,2,2,3,3,4,2,0,0,3,2,0,0,3,0,0,0,2,2,2,2,0,0,2,0,0,0,4,4,0,0,2,2,0,0,1,5,3,3"
294,1.0707037061599176,"0,0,2,2,0,1,2,0,1,3,5,1,3,0,2,5,2,2,2,2,4,3,3,0,0,0,2,2,0,2,2,1,1,5,1,1,1,2,2,5,5,0,2,2,2,5,1,0,0,4,2,2,2,2,2,0,0,2,2,0,0,3,2,2,2,0,0,0,0,1,5,2,2,0,0,2,2,5,5,3,0,3,0,0,2,2,0,0,0,2,2,2,2,2,1,5,2,2,2,2,0,0,0,2,4,0,0,2,2,2,2,0,0,5,2,2,2,2,4,3,0,0,0,2,4,2,1,1,5,2,2,2,2,3,3,5,5,0,0,0,0,0,0,4,0,0,0,0,2,2,1,1,1,1,4,4,2,2,4,4,5,5,4,2,0,5,5,3,3,1,1,5,1,1,0,0,3,3,3,3,0,0,4,5,0,0,2,2,2,2,2,0,0,2,2,2,0,0,0,0,0,0,0,0,0,4,0,0,0,0,2,2,3,3,3,3,2,4,4,4,2,3,3,3,4,4,2,2,4,5,2,2,4,2,2,0,0,2,2,5,2,2,3,3,4,2,0,0,3,2,0,0,3,0,0,0,2,2,2,2,0,0,2,0,0,0,4,4,0,0,2,2,0,0,1,5,3,3"
295,1.069938519396975,"0,0,2,2,0,1,2,0,1,3,5,1,3,0,2,5,2,2,2,2,4,3,3,0,0,0,2,2,0,2,2,1,1,5,1,1,1,2,2,5,5,0,2,2,2,5,1,0,0,4,2,2,2,2,2,0,0,2,2,0,0,3,2,2,2,0,0,0,0,1,5,2,2,0,0,2,2,1,5,0,0,3,0,0,2,2,0,0,0,2,2,2,2,2,1,5,2,2,2,2,0,0,0,2,4,0,0,2,2,2,2,0,0,5,2,2,2,2,4,3,0,0,0,2,4,2,1,1,5,2,2,2,2,3,3,5,5,0,0,0,0,0,0,4,0,0,0,0,2,2,1,1,1,1,4,4,2,2,4,4,5,5,4,2,0,5,5,3,3,1,1,5,1,1,0,0,3,3,3,3,0,0,4,5,0,0,2,2,2,2,2,0,0,2,2,2,0,0,0,0,0,0,0,0,0,4,0,0,0,0,2,2,3,3,3,3,2,1,4,4,2,3,3,3,4,4,3,2,4,5,2,2,4,2,2,0,0,2,2,5,2,2,3,3,4,2,0,0,3,2,0,0,3,0,0,0,2,2,2,2,0,0,2,0,0,0,4,4,0,0,2,2,0,0,1,5,3,3"
296,1.070445264798398,"0,0,2,2,0,1,2,0,1,3,5,1,3,0,2,5,2,2,2,2,4,3,3,0,0,0,2,2,0,2,2,1,1,5,1,1,1,2,2,5,5,0,2,2,2,5,1,0,0,4,2,2,2,2,2,0,0,2,2,0,0,3,2,2,2,0,0,0,0,1,5,2,2,0,0,2,2,1,5,0,0,3,0,0,2,2,0,0,0,2,2,2,2,2,1,5,2,2,2,2,0,0,0,2,4,0,0,2,2,2,2,0,0,5,2,2,2,2,4,3,0,0,0,2,4,2,1,1,5,2,2,2,2,3,3,5,5,0,0,0,0,0,0,4,0,0,0,0,2,2,1,1,1,1,4,4,3,2,4,4,5,5,4,2,0,5,5,3,3,1,1,5,1,1,0,0,3,3,3,3,0,0,4,5,0,0,2,2,2,2,2,0,0,2,2,2,0,0,0,0,0,0,0,0,0,4,0,0,0,0,2,2,3,3,3,3,2,4,4,4,2,3,3,3,4,4,2,2,4,5,2,2,4,2,2,0,0,2,2,5,2,2,3,3,4,2,0,0,3,2,0,0,3,0,0,0,2,2,2,2,0,0,2,0,0,0,4,4,0,0,2,2,0,0,1,5,3,3"
297,1.070811759324559,"0,0,2,2,0,1,2,0,1,3,5,1,3,0,2,5,2,2,2,2,4,3,3,0,0,0,2,2,0,2,2,1,1,5,1,1,1,2,2,5,5,0,2,2,2,5,1,0,0,4,2,2,2,2,2,0,0,2,2,0,0,3,2,2,2,0,0,0,0,1,5,2,2,0,0,2,2,1,5,0,0,3,0,0,2,2,0,0,0,2,2,2,2,2,1,5,2,2,2,2,0,0,0,2,4,0,0,2,2,2,2,0,0,5,2,2,2,2,4,0,0,0,0,2,4,2,1,1,5,2,2,2,2,3,3,5,5,0,0,0,0,0,0,4,0,0,0,0,2,2,1,1,1,1,4,4,2,2,4,4,5,5,4,2,0,5,5,3,3,1,1,5,1,1,0,0,3,3,3,3,0,0,4,5,0,0,2,2,2,2,2,0,0,2,2,2,0,0,0,0,0,0,0,0,0,4,0,0,0,0,2,2,3,3,3,3,2,4,4,4,2,3,3,3,4,4,2,2,4,5,2,2,4,2,2,0,0,2,2,5,2,2,3,3,4,2,0,0,3,2,0,0,3,0,0,0,2,2,2,2,0,0,2,0,0,0,4,4,0,0,2,2,0,0,1,5,3,3"
298,1.070811759324559,"0,0,2,2,0,1,2,0,1,3,5,1,3,0,2,5,2,2,2,2,4,3,3,0,0,0,2,2,0,2,2,1,1,5,1,1,1,2,2,5,5,0,2,2,2,5,1,0,0,4,2,2,2,2,2,0,0,2,2,0,0,3,2,2,2,0,0,0,0,1,5,2,2,0,0,2,2,1,5,0,0,3,0,0,2,2,0,0,0,2,2,2,2,2,1,5,2,2,2,2,0,0,0,2,4,0,0,2,2,2,2,0,0,5,2,2,2,2,4,0,0,0,0,2,4,2,1,1,5,2,2,2,2,3,3,5,5,0,0,0,0,0,0,4,0,0,0,0,2,2,1,1,1,1,4,4,2,2,4,4,5,5,4,2,0,5,5,3,3,1,1,5,1,1,0,0,3,3,3,3,0,0,4,5,0,0,2,2,2,2,2,0,0,2,2,2,0,0,0,0,0,0,0,0,0,4,0,0,0,0,2,2,3,3,3,3,2,4,4,4,2,3,3,3,4,4,2,2,4,5,2,2,4,2,2,0,0,2,2,5,2,2,3,3,4,2,0,0,3,2,0,0,3,0,0,0,2,2,2,2,0,0,2,0,0,0,4,4,0,0,2,2,0,0,1,5,3,3"
299,1.0708396669143871,"0,0,2,2,0,1,2,0,1,3,5,1,3,0,2,5,2,2,2,2,4,3,3,0,0,0,2,2,0,2,2,1,1,5,1,1,1,2,2,5,5,0,2,2,2,5,1,0,0,4,2,2,2,2,2,0,0,2,2,0,0,3,2,2,2,0,0,0,0,1,5,2,2,0,0,2,2,1,5,0,0,0,0,0,2,2,0,0,0,2,2,2,2,2,1,5,2,2,2,2,0,0,0,2,4,0,0,2,2,2,2,0,0,5,2,2,2,2,4,0,0,0,0,2,4,2,1,1,5,2,2,2,2,3,3,5,5,0,0,0,0,0,0,4,0,0,0,0,2,2,1,1,1,1,4,4,2,2,4,4,5,5,4,2,0,5,5,3,3,1,1,5,1,1,0,0,3,3,3,3,0,0,4,5,0,0,2,2,2,2,2,0,0,2,2,2,0,0,0,0,0,0,0,0,0,4,0,0,0,0,2,2,3,3,3,3,2,4,4,4,2,3,3,3,4,4,2,2,4,5,2,2,4,2,2,0,0,2,2,5,2,2,3,3,4,2,0,0,3,2,0,0,0,0,0,0,2,2,2,2,0,0,2,0,0,0,4,4,0,0,2,2,0,0,1,5,3,3"
