generation,best_fitness,mean_fitness,worst_fitness
0,1.001067987342016,0.9997607672195217,0.9983718940014803
1,1.0027906088931369,0.9999702227261992,0.9981447320186252
2,1.0027906088931369,1.0002812142741586,0.9987230078644865
3,1.0030163330321626,1.0003889253063485,0.9988798074075916
4,1.0030163330321626,1.0007016003734466,0.9993277961660488
5,1.0030163330321626,1.000710480236134,0.9992711664188698
6,1.0030400857227395,1.0009330066069315,0.9989866135686539
7,1.0030400857227395,1.0011869435999956,0.999397503286403
8,1.00312035654508,1.0012639219446675,0.9991630324991245
9,1.0038384042981943,1.001358293453738,0.9988685151779004
10,1.0038384042981943,1.00155290965511,0.9991205696383787
11,1.0038384042981943,1.0017154857175818,0.9988147493424749
12,1.0038384042981943,1.0014415835946735,0.9991886529058633
13,1.0038384042981943,1.0015838087072788,0.999827567934641
14,1.0041462186767693,1.0018551892632264,0.9995374504545591
15,1.0043002474676417,1.001977277432733,1.0001251472552237
16,1.0043002474676417,1.0021636289894038,1.0001135877905876
17,1.0044315318450474,1.0022311055005142,0.9993844158786261
18,1.0044315318450474,1.0020917118624617,0.9990915704616343
19,1.0044315318450474,1.0024829310401133,1.0005072875992291
20,1.004611993847897,1.0027682957852817,1.0011874702021846
21,1.0050101288188322,1.0031015245523922,1.0007386208948632
22,1.0053452143963821,1.0035322723342455,1.0009752281624915
23,1.0053452143963821,1.0037418318717393,1.0015047072721417
24,1.0056107285796743,1.0040998921430797,1.0018323535041196
25,1.0056339860128478,1.0042525313749597,1.0014313819312055
26,1.0058146022608085,1.0045218698368104,1.0003416141139905
27,1.0058146022608085,1.004606480183146,1.0025892230885103
28,1.0058146022608085,1.0047489609525613,1.0027005383264582
29,1.0063640002773178,1.0048803487702274,1.0034841352478756
30,1.0065531720401628,1.0052173472083923,1.0040519952515818
31,1.006651656491703,1.0055330653851717,1.0039912689296622
32,1.0067078298691552,1.005651828312741,1.0032497314575264
33,1.0067078298691552,1.0057638712679755,1.0046558078014405
34,1.0070279320414657,1.0059565169993996,1.0027231331962505
35,1.0073198791455429,1.0060381701796128,1.0042361418999437
36,1.0073198791455429,1.0061111259864872,1.0034404832180284
37,1.0079022283922119,1.006161206343741,1.0031122462211322
38,1.0079022283922119,1.006321656423553,1.003286864577528
39,1.0079022283922119,1.0064599346624157,1.0047214638415434
40,1.0079022283922119,1.0065743683503965,1.0046754383673253
41,1.0079097766146057,1.0066769051897877,1.0046888349197194
42,1.0086078604713133,1.0069100844772705,1.0055535009680363
43,1.008984790870298,1.0070630491306456,1.0047032914771434
44,1.008984790870298,1.0073581514285412,1.0048888938919975
45,1.009295996890166,1.0075307176589052,1.0047114217443807
46,1.009295996890166,1.0077576753104547,1.0058437202151522
47,1.0093238115104377,1.0081675539845598,1.0056262692846243
48,1.0098292776968671,1.008413777748968,1.0060519006137247
49,1.0098355314826841,1.0086364872328124,1.0067409731972785
50,1.0107274599138383,1.0088398167464505,1.003939638640801
51,1.0108116662794067,1.0090391535058716,1.0073181428855424
52,1.0111404652359797,1.0094996064006059,1.0075293439812507
53,1.0118721831838648,1.0098540061542727,1.007088880914401
54,1.0118721831838648,1.0100850308646845,1.0081138009869146
55,1.0120391959848405,1.0102536213594657,1.0074439444242793
56,1.0126165406329917,1.0108786271864152,1.0072016075892791
57,1.013136673881758,1.0108841299384301,1.0021646517021936
58,1.013136673881758,1.011176797662897,1.008065235756607
59,1.013136673881758,1.0114401683228182,1.0096241266112265
60,1.0132771034281944,1.0117543597848944,1.0096692410123809
61,1.0133595180216164,1.0121704981424176,1.0099603151682202
62,1.0136836639276483,1.0123869592698937,1.0101238953809828
63,1.0136836639276483,1.012525199002196,1.010716848174782
64,1.0141757154655082,1.012643321087981,1.0101022939478974
65,1.0141757154655082,1.0127727516395466,1.0110983685283432
66,1.0146662957644081,1.0131272631652326,1.0117143196540492
67,1.0146662957644081,1.0132329825939217,1.010136651611981
68,1.0151173037299746,1.013340155807125,1.0103625105243015
69,1.0151173037299746,1.0134160868280582,1.010849537018464
70,1.0151173037299746,1.0136136802982303,1.0106357990825274
71,1.0151173037299746,1.0137468317564202,1.0115803515683697
72,1.0155186952703854,1.0141257281391878,1.0106556994813907
73,1.0155186952703854,1.0142814405907083,1.0117297584875693
74,1.0155952705176718,1.0145780505351325,1.012195103234218
75,1.016564114279554,1.0147327424031654,1.0126425140241408
76,1.016564114279554,1.0147243046144956,1.0118560676921282
77,1.0165905360643337,1.0146842659948339,1.012308325800761
78,1.0170278594206015,1.0147598313449249,1.0092817394306097
79,1.0170278594206015,1.0148390268295875,1.0096686138970181
80,1.0170278594206015,1.0149807504988047,1.0117365581375126
81,1.0170278594206015,1.0150670135444715,1.0131120169559868
82,1.0170278594206015,1.0152291572417582,1.0091762264763195
83,1.0170278594206015,1.0152891591850004,1.0115392496111535
84,1.0170881887232506,1.015366320177114,1.0122714391815548
85,1.0170881887232506,1.0155450669768407,1.0129225280873626
86,1.0170881887232506,1.0155763363466284,1.0110325123415937
87,1.0170881887232506,1.0152946829066785,1.0128126510662967
88,1.017477123373538,1.0151319995886263,1.0076190166251466
89,1.017477123373538,1.0153271668972588,1.0101649621791162
90,1.0176594695077128,1.015289807451095,1.009143448469209
91,1.0176594695077128,1.015136992688414,1.0089584487492869
92,1.0177393898854907,1.0151129501006826,1.0092068732194046
93,1.0177393898854907,1.014935193027881,1.0110325397491136
94,1.0177393898854907,1.0150148109928154,1.0096053631863953
95,1.017751419340822,1.0153382680058072,1.0110578537662192
96,1.017751419340822,1.0155989827036782,1.0111714280227995
97,1.017751419340822,1.0157534986776817,1.0108437138800557
98,1.0179390301903677,1.0162035372883877,1.0138014239862119
99,1.0183146485928365,1.0169472999329587,1.0145104452805125
100,1.0183623468850909,1.0172618461227103,1.0156310975321263
101,1.018600155401912,1.017254319148597,1.013956406801355
102,1.018600155401912,1.017389510459942,1.0155833302098776
103,1.0187148171937512,1.0172584823519135,1.009537617222016
104,1.0187379674775268,1.0170416625015632,1.0127135649752717
105,1.0192945825385238,1.0171492234405124,1.013475544302321
106,1.0192945825385238,1.0170425787476804,1.0100924598975232
107,1.0192945825385238,1.017370875705331,1.0153852382038417
108,1.0196260793065899,1.0174471115778518,1.014032335258657
109,1.0202083953848335,1.0175618254354233,1.0132127459003977
110,1.0202360908041173,1.0180743505883516,1.0158152006351013
111,1.0204163115016591,1.0185665965420732,1.0161754657637463
112,1.0206725989185776,1.0188822350487996,1.0148463358752209
113,1.0213712894462232,1.0192559074429697,1.0157176199438718
114,1.0214600216238168,1.0194735406430095,1.0173320653176472
115,1.0214600216238168,1.0199593117794827,1.0177301370979392
116,1.0217244723778638,1.0201947917145884,1.014762352056569
117,1.0219226245424344,1.0203266905301367,1.0155479731174037
118,1.0219226245424344,1.0203887635342286,1.013241235344304
119,1.0219226245424344,1.0206428064440083,1.017939581146332
120,1.0220305021934273,1.0208853043990198,1.0186730436094442
121,1.022240531894015,1.0211805963569096,1.0194376567264944
122,1.0224196483089703,1.0214857878453305,1.019910070292462
123,1.0225242609244112,1.0216289325106334,1.0197169216824995
124,1.0225242609244112,1.021801960528765,1.0199102694922109
125,1.02263939148431,1.0217378172590157,1.0201989723087768
126,1.0228375471770574,1.0218978964210372,1.020190660206243
127,1.0228375471770574,1.0220035301315433,1.0204130779397378
128,1.0229448922173305,1.0221258139497542,1.020974152824
129,1.0229841813114957,1.022109577705601,1.0197969933045683
130,1.0229841813114957,1.022203838311739,1.0205962740782086
131,1.0232674281490874,1.0222611725322246,1.0194445966910934
132,1.0233403899149178,1.0223192773686811,1.0204130566494025
133,1.0233403899149178,1.0223479410070402,1.020808335724944
134,1.0236403447436593,1.0225103042742358,1.0213754015648449
135,1.0237369391704136,1.0226709836629724,1.0209157002973002
136,1.0239505019027333,1.0227382377836391,1.0203380135352735
137,1.0244101528439298,1.0227460532902908,1.0203486914968032
138,1.0244101528439298,1.0229018812177049,1.021122198171776
139,1.0244101528439298,1.0229857565709475,1.0199059417145944
140,1.0245957971785673,1.022967999462096,1.0187196659486153
141,1.0248573948313262,1.0229986232006991,1.0194385178728818
142,1.0251788516399896,1.023165777646309,1.019337724992072
143,1.0251788516399896,1.023536317544216,1.0208307903426013
144,1.0251788516399896,1.0236658095944717,1.0206373634248345
145,1.0253865611734851,1.024031907801961,1.0202573101492178
146,1.0253865611734851,1.0240301886747332,1.0219957219823745
147,1.0255905145233288,1.0243441574352796,1.0223348239124403
148,1.0255905145233288,1.0246084154622446,1.0221275663537404
149,1.0255905145233288,1.0246730483997424,1.0226262518430413
150,1.025844976244972,1.024503204014519,1.022147416041769
151,1.0259003738773698,1.0245171490013538,1.0220020519869761
152,1.0259003738773698,1.024544301172979,1.0219716740103961
153,1.0259003738773698,1.0248723683657912,1.0219924684859683
154,1.025973395557632,1.0250704228251601,1.0235527108622602
155,1.0260730442940367,1.02517262533821,1.0228093234046125
156,1.0263433367797539,1.0250930419601447,1.0235293724597267
157,1.026471078384597,1.0252690235121282,1.023673901808102
158,1.0267028807828797,1.0253958959370855,1.0234200869601624
159,1.0267885384895827,1.02545179169505,1.0220442394634062
160,1.026854809990188,1.0254639896682969,1.0236544718939693
161,1.0270812534482379,1.0256334227351598,1.022551063047922
162,1.0270812534482379,1.0255913931903156,1.0227342229836407
163,1.0270812534482379,1.025675063707856,1.0226260883112022
164,1.0270812534482379,1.0254741075421172,1.0207136723875725
165,1.0271039098730683,1.0254887637609693,1.0231739916668467
166,1.0271039098730683,1.0256825319745757,1.022805400300952
167,1.0277535437242462,1.0258942649317513,1.024136352614942
168,1.0277535437242462,1.0259339278919581,1.0212694219453549
169,1.0277535437242462,1.025812381244834,1.0232356764544812
170,1.0284414926678944,1.0261515539615844,1.0235577327681231
171,1.0284414926678944,1.0264806055362745,1.0183227589435329
172,1.0286954286059082,1.026490139199154,1.0238485361635803
173,1.0286954286059082,1.0268014000967545,1.0243028203400681
174,1.0289687557073202,1.026824958064927,1.0223728097322011
175,1.0289687557073202,1.0263482869918061,1.0227177325527839
176,1.029389109118243,1.0267331356421006,1.0179734907393057
177,1.029389109118243,1.027159589354526,1.0226778031045265
178,1.029389109118243,1.0274005984531989,1.024210147135574
179,1.029389109118243,1.0274839707751626,1.0214148356868837
180,1.029389109118243,1.0275571599192377,1.0245116948427162
181,1.029389109118243,1.0274591113816256,1.022987644945253
182,1.0294212241599425,1.0277818514600314,1.0240824446164465
183,1.0294212241599425,1.0277107552804032,1.0242446924303248
184,1.02977037406042,1.0280885937987145,1.0243457784524588
185,1.02977037406042,1.0279123524526945,1.0251983886259417
186,1.02977037406042,1.0279139298009958,1.0254871443322304
187,1.02977037406042,1.0283115723264045,1.0239533163589605
188,1.02977037406042,1.0283187723493745,1.024344726288687
189,1.0301645097638517,1.0284922429181411,1.0260667543599729
190,1.0301798462209446,1.0287542609129372,1.0258056609283694
191,1.0307813241795916,1.0287984397453855,1.0263194073295447
192,1.0307813241795916,1.0288278622079092,1.0268581188814265
193,1.0309151734992676,1.029015965997954,1.0222438849872715
194,1.030999111256148,1.0288399014828138,1.021512082514135
195,1.030999111256148,1.0288895547422467,1.0262016184287597
196,1.030999111256148,1.0292406235219422,1.0262596484104667
197,1.0310308459947362,1.0294980155902662,1.0265048338326488
198,1.031372176168557,1.0295292347661744,1.0233861833106177
199,1.031529305536238,1.0293142218410245,1.0240583618186168
200,1.031529305536238,1.0291132093234425,1.023050592544779
201,1.031529305536238,1.0288639471037753,1.017869233834058
202,1.031529305536238,1.0287952682046557,1.02193156275511
203,1.031529305536238,1.02846479128062,1.0131147543007666
204,1.031529305536238,1.0285128027254107,1.0179901786237742
205,1.0316515545608602,1.0278817885400373,1.0145395750658268
206,1.0317136430445821,1.0279264025043826,1.0177391326930114
207,1.0317136430445821,1.0287361360219593,1.0221423114115848
208,1.0317136430445821,1.0292000276871154,1.0253195093657541
209,1.0317136430445821,1.0295029484009162,1.025191228163182
210,1.0318200584036579,1.030308686760839,1.026658886888915
211,1.0318200584036579,1.0304661603247949,1.0247088965658326
212,1.031918573945577,1.0302569049474208,1.0279431874225007
213,1.031918573945577,1.0304634291707497,1.027674882267409
214,1.0324558727206012,1.0307251382282012,1.0280059495983698
215,1.0327782872645745,1.031043332348117,1.0275217422081977
216,1.0327782872645745,1.0313253230366477,1.0276680965582359
217,1.0327782872645745,1.0313876708447456,1.0272564767506758
218,1.0327782872645745,1.0314336579244032,1.0258007497402144
219,1.0327782872645745,1.0313670394001666,1.0296717022485133
220,1.0327782872645745,1.0315485363793067,1.0294973136857517
221,1.0327782872645745,1.0312783569458575,1.0277819685538867
222,1.0327782872645745,1.0312442313063437,1.0283656325947033
223,1.0327782872645745,1.0311078788901749,1.0277429088623984
224,1.0327782872645745,1.0312686731239578,1.0282300710331365
225,1.0327782872645745,1.0312453119055267,1.0283466898604172
226,1.0327782872645745,1.031236257325192,1.0287102856045578
227,1.0327782872645745,1.0313875565527275,1.0279105254783385
228,1.0327782872645745,1.0311012718753145,1.0286908935693981
229,1.0327782872645745,1.0311607904715456,1.0286044939392829
230,1.0327782872645745,1.0310159832115817,1.027021798786451
231,1.0327782872645745,1.0312304205129383,1.0283702068558485
232,1.0328205185736916,1.0312968696110876,1.0255518924301166
233,1.0328205185736916,1.031589783626457,1.0291032212645614
234,1.0328205185736916,1.031523192598451,1.0296748544827516
235,1.0328205185736916,1.0317546598686762,1.0296561749842348
236,1.0328635908432617,1.031721235567528,1.0259081433107262
237,1.0328635908432617,1.031609234739571,1.0289828070449536
238,1.0328635908432617,1.031638366738197,1.0271144816903162
239,1.0330535254985738,1.031769024257414,1.0269733016926348
240,1.0330535254985738,1.0315893792510733,1.027378282630976
241,1.0330535254985738,1.0316980652184555,1.0281150647138129
242,1.0330535254985738,1.032003283738494,1.0304452809860667
243,1.0335620193646942,1.0321259447708848,1.0281032845805618
244,1.0335620193646942,1.0322497937678183,1.029671393159532
245,1.0335620193646942,1.032274773621526,1.0301806566913108
246,1.0335620193646942,1.0322417807663218,1.027723014945212
247,1.0335620193646942,1.031759201021493,1.028180898946634
248,1.0335620193646942,1.031576769173793,1.0245770896548283
249,1.0335620193646942,1.0317333885988704,1.0246111924608468
250,1.033615580555277,1.0323683523411618,1.0293323044535312
251,1.033615580555277,1.0325229503637077,1.029950763493661
252,1.033615580555277,1.0325774512516526,1.0306233852612454
253,1.0336422535287206,1.0326324025893334,1.0293327326856445
254,1.0336422535287206,1.0323941344193706,1.0284901102539643
255,1.0336422535287206,1.0325979592553478,1.0293872231266747
256,1.0336422535287206,1.0326263076138305,1.0284838560426082
257,1.0336422535287206,1.0324865809007673,1.0245535063532132
258,1.0337481618574798,1.032613024720032,1.0281505489275267
259,1.0338937527655354,1.032865057896981,1.028291920597726
260,1.0338937527655354,1.0329416024051838,1.030080765886055
261,1.0338937527655354,1.0330851490275894,1.031335508002535
262,1.0338937527655354,1.0332264758154672,1.030813367021486
263,1.0338937527655354,1.033156037674297,1.0301197259543666
264,1.0338937527655354,1.033014880004823,1.030093360518349
265,1.0338937527655354,1.0329623705659694,1.0302385951118245
266,1.034123087125596,1.033087262871625,1.0303913424974833
267,1.034123087125596,1.0329930095539743,1.0298051230196932
268,1.0344865319318446,1.033035968422818,1.0307532328453948
269,1.0344865319318446,1.0332420643740678,1.0296872163236155
270,1.0345256797486448,1.033445193656265,1.0311297949747205
271,1.0345619143073679,1.0336746481778436,1.0312485639669318
272,1.0346970166289915,1.0335237204248338,1.0300697552938938
273,1.0346970166289915,1.0334394673934133,1.026777412690225
274,1.0346970166289915,1.033328082082536,1.0290823598656293
275,1.0346970166289915,1.0333696338110367,1.028771160362517
276,1.0348033575794302,1.033285878315872,1.0309999722556031
277,1.0348210069160424,1.0334063131204305,1.0298840190258354
278,1.0348210069160424,1.0338594394538956,1.030665693069142
279,1.034945811622983,1.0338503682267237,1.031783033878991
280,1.034945811622983,1.0336882220446626,1.0312907803857958
281,1.034945811622983,1.0339073219458945,1.0311462159483102
282,1.0351502655637188,1.0336173115856422,1.0268289883605821
283,1.0351502655637188,1.0336820770451836,1.0310589331579507
284,1.0351502655637188,1.0336700333539321,1.0278985731978723
285,1.0351502655637188,1.0336186257669462,1.0297490671479754
286,1.035305011720993,1.0338298410220164,1.0313208408019077
287,1.0354887748259514,1.0338887460598198,1.02818352502849
288,1.0354887748259514,1.03412288935999,1.0316819452904404
289,1.0354887748259514,1.034066543828461,1.0319260108960733
290,1.0355131535066249,1.0341970158044143,1.0322870731843863
291,1.0355131535066249,1.0342026274931024,1.0322519108938328
292,1.0355131535066249,1.0345061474370332,1.0324864157926195
293,1.0358513066392834,1.034808892971007,1.0313127765493908
294,1.0358513066392834,1.0348062598124337,1.0333120696824873
295,1.0358513066392834,1.034883038122257,1.0325678357495072
296,1.0358513066392834,1.0346746333077732,1.0325886407452582
297,1.0358513066392834,1.0348697087096517,1.0316254010974548
298,1.0358513066392834,1.0347265018703151,1.0309994734697159
299,1.0358513066392834,1.0346382985738511,1.02895377226595
300,1.0358513066392834,1.0345107404721652,1.0285000101086268
301,1.0358513066392834,1.0344936553255577,1.030503834252654
302,1.0358513066392834,1.034301073396024,1.029087866818436
303,1.0358513066392834,1.0341382218782271,1.0300626372774
304,1.0358513066392834,1.0343429371948383,1.0322636674161556
305,1.0358513066392834,1.0345837322977347,1.0319887387109439
306,1.0358513066392834,1.0347840615245298,1.0330298645934797
307,1.0358513066392834,1.0349078147392652,1.0328553236019067
308,1.0358513066392834,1.034938743802516,1.0324119622097518
309,1.0358513066392834,1.0349227877390563,1.0328803833856943
310,1.0358513066392834,1.0346249811823387,1.0309743705646985
311,1.0359670543686643,1.0347991190735981,1.0323501719381012
312,1.0360036953995362,1.034970813006822,1.0321032981202447
313,1.0360036953995362,1.034858385896335,1.0316880562585915
314,1.0360036953995362,1.0348696506694877,1.0323732436295308
315,1.0360036953995362,1.0347630862460162,1.0322252270760095
316,1.0360458162990707,1.0350861221886185,1.0329993519190603
317,1.0360458162990707,1.0350271053629851,1.0328167975135312
318,1.0361394972686044,1.034963241032157,1.032991422702342
319,1.0361394972686044,1.0348649574463087,1.0314209057397363
320,1.0361394972686044,1.0349337626472528,1.0332378805001563
321,1.0361394972686044,1.0350972826262828,1.029515220459511
322,1.0361394972686044,1.035074508754423,1.0317540983160916
323,1.0361394972686044,1.0348871436456435,1.0320282792499396
324,1.0361394972686044,1.034871830098195,1.032911318908311
325,1.0361394972686044,1.0350600041908893,1.0296816630991488
326,1.0361394972686044,1.0351059118872663,1.0310681565737427
327,1.0361394972686044,1.035144232766119,1.032592215851973
328,1.0363614292543166,1.035214096411073,1.0320303007593
329,1.036983011256818,1.0350708034310572,1.031232993510558
330,1.036983011256818,1.0349742591639555,1.0272404033706772
331,1.036983011256818,1.0352154320150238,1.032798553864771
332,1.036983011256818,1.0355208862123815,1.0334703698144134
333,1.036983011256818,1.0355948711753913,1.032104118033587
334,1.0370886326963191,1.0354744855050801,1.0314682091763252
335,1.0370886326963191,1.0351632192625968,1.0310691018678306
336,1.0371778293383977,1.0355362815838234,1.0320901069002184
337,1.0371778293383977,1.0354561545646765,1.028785181594543
338,1.0372786546375692,1.0357076426722787,1.0304481625476463
339,1.0372786546375692,1.0359032708047398,1.0312466622138516
340,1.0373472884934587,1.0363212588689605,1.0336195880186696
341,1.0375259179144796,1.0365583265737204,1.0345894995975922
342,1.037830400878458,1.0366878501055434,1.031562046500249
343,1.037830400878458,1.0366900305441664,1.035209904154212
344,1.0380207218835809,1.0368221800210726,1.0356748915240805
345,1.0380207218835809,1.0368984795487595,1.0345145549383676
346,1.0380601951734396,1.0368049046330912,1.0341972302310827
347,1.0380601951734396,1.0368015897334018,1.0308850239176897
348,1.0380601951734396,1.036557524638502,1.0323946433418247
349,1.0380601951734396,1.0365911758556674,1.0341622033076296
350,1.0380601951734396,1.0365145160879126,1.0346000738130101
351,1.038526818813183,1.0364955761682488,1.0329792672209863
352,1.038526818813183,1.0366323862936395,1.0340819936871093
353,1.038526818813183,1.0372238207663234,1.0349373454746178
354,1.0385775302497824,1.037446363604408,1.0353753131913415
355,1.0385775302497824,1.0373725403065084,1.0332618017260642
356,1.0385775302497824,1.0373061917595408,1.0334237169119125
357,1.0385775302497824,1.0373263095008227,1.0343148820878043
358,1.0387114639713184,1.0372669969452466,1.033818230071886
359,1.0388534703467132,1.037429222878041,1.0345650895488858
360,1.0389985936665602,1.037340746620989,1.0328486498695346
361,1.0389985936665602,1.0374899125819765,1.0341875915716972
362,1.0389985936665602,1.0373242077204206,1.0328274614511441
363,1.0389985936665602,1.0373165309149284,1.034944896448459
364,1.0389985936665602,1.0373953227532913,1.0319485436727387
365,1.0389985936665602,1.0372243694792407,1.031375720101308
366,1.0389985936665602,1.0372372123390816,1.0323859794403156
367,1.0389985936665602,1.0368488900379504,1.0337505246792094
368,1.0389985936665602,1.0372917187522726,1.0344475229551293
369,1.0391171289290828,1.0373938755796175,1.0351143094348885
370,1.0391171289290828,1.0376334042927402,1.0347998962984875
371,1.0392135502927526,1.0377031183858807,1.0348740192818404
372,1.0392234937228826,1.0378142994772714,1.0342718865485814
373,1.0392234937228826,1.0379408193237978,1.0343472408395524
374,1.039402253750588,1.0377509556240818,1.0334855345208138
375,1.039402253750588,1.037887561314563,1.0352554987592155
376,1.0395782440370411,1.0380884712474299,1.031341137347396
377,1.0397667334153093,1.0382372234210668,1.0349940775553197
378,1.0397667334153093,1.0380494317601296,1.033733003309269
379,1.0397667334153093,1.0381002316202568,1.0357978774921852
380,1.0397667334153093,1.0380944701616344,1.0354735765279488
381,1.0401032614166996,1.0381329794512133,1.0339673287322961
382,1.0401035602720807,1.037777562872049,1.0351057977167786
383,1.0401035602720807,1.038295811280114,1.0358001269434562
384,1.0401035602720807,1.038570769139953,1.0358719661923927
385,1.0401275695716934,1.0388133591575015,1.0359557941710893
386,1.0401547422764126,1.0386497909156096,1.0334474544147958
387,1.0401547422764126,1.0384799072868982,1.0321307197905587
388,1.0401547422764126,1.038001570291193,1.0334335980073581
389,1.0401547422764126,1.0383795657938009,1.0344133808081983
390,1.0401547422764126,1.0386599837925088,1.03565317678884
391,1.0401801715563035,1.0387291073749405,1.0349208945453985
392,1.0402051239050891,1.0383657354362656,1.0341847983812207
393,1.0403204558804082,1.0389149574710357,1.0354327218112458
394,1.0403204558804082,1.0390097065722954,1.036060131476539
395,1.0407338182993104,1.0393375130638491,1.0371891178186623
396,1.0407338182993104,1.0394608366260476,1.0356267045034335
397,1.0407338182993104,1.0392274808571722,1.0306961537050383
398,1.0407338182993104,1.039101589007818,1.032183336661546
399,1.0407338182993104,1.0387648450001021,1.0340048968455706
400,1.0407338182993104,1.0391655376269988,1.0352243862546389
401,1.0409242089872541,1.0394665385761732,1.0364954147057865
402,1.0409726657925775,1.0394331837946318,1.0371355711929389
403,1.0409726657925775,1.0392168535448636,1.0340843602316279
404,1.0409898764989114,1.039089563410543,1.032103568943524
405,1.0409898764989114,1.0391709345112192,1.0358643201149715
406,1.0411449140150097,1.0391717046909934,1.0314219950542327
407,1.0411705590506106,1.0391629849228539,1.0287125857837616
408,1.041256306941132,1.0388936372964137,1.0277023037753756
409,1.041256306941132,1.0385087807937292,1.0309216359830653
410,1.041262013120381,1.0390880534486238,1.0354314407583338
411,1.0417381083644002,1.0395163548759818,1.0356274610489553
412,1.0420385164143275,1.0396484429425963,1.0368027565338302
413,1.0420385164143275,1.0399211538224458,1.0366557949913202
414,1.0420385164143275,1.0397853410101892,1.0372808296270528
415,1.0423460238461297,1.0399719684023685,1.0370809479200944
416,1.0423460238461297,1.0402643618917498,1.0375471181598512
417,1.0423460238461297,1.0405326354835125,1.0377598715390737
418,1.0423460238461297,1.0406155538299584,1.0384733719062287
419,1.0425878070773371,1.0409225449824675,1.039083101911571
420,1.0425878070773371,1.0410182979201144,1.0390773900451435
421,1.0425878070773371,1.0411405413885937,1.0387178964694366
422,1.0425878070773371,1.0413115511642292,1.0388947467984768
423,1.0425878070773371,1.0413968081810034,1.0399110693937466
424,1.0425878070773371,1.0413595028369922,1.03795670872993
425,1.0425878070773371,1.0415092513838473,1.0398171170677877
426,1.0426653745839325,1.0416539189702505,1.037891030478168
427,1.0426890783424456,1.0417182329180092,1.0359394157478148
428,1.0429775686954976,1.0417028573929576,1.0384944951537436
429,1.0430382277112593,1.0417360495917425,1.0383812705104283
430,1.0430817866041298,1.0417594332471025,1.0401458073527106
431,1.0430817866041298,1.0413931467255217,1.0365471763246412
432,1.0430817866041298,1.0411253027501999,1.0367164909096531
433,1.0430817866041298,1.0410585386990245,1.034097567372965
434,1.0430817866041298,1.0412729251325283,1.0357770366017485
435,1.0430817866041298,1.041439318543305,1.0286687916007669
436,1.0430817866041298,1.0415724953183527,1.0371851916703125
437,1.0430817866041298,1.0415433780941166,1.037281345627199
438,1.0430817866041298,1.0416976574598524,1.0364588686816407
439,1.0430817866041298,1.041664622499284,1.0383905973134024
440,1.0430817866041298,1.041701624718828,1.0396227259582238
441,1.0430817866041298,1.0416283498486285,1.0392339528712862
442,1.0430817866041298,1.0416420278689038,1.0386118950928775
443,1.0431960956269803,1.041853296068913,1.038982710074062
444,1.0431960956269803,1.041839623157659,1.0344191217218337
445,1.0431960956269803,1.0418710991259996,1.0399826388379863
446,1.0431960956269803,1.0419598647134012,1.0370723607041121
447,1.0431960956269803,1.042139807053303,1.0382807308613158
448,1.0431960956269803,1.0421419458446524,1.0391192353033083
449,1.0431960956269803,1.0421266348102576,1.0386829054933826
450,1.0432343835599491,1.0422907679160212,1.0399850721565298
451,1.0432343835599491,1.042344105538932,1.0401195408078858
452,1.0432343835599491,1.0421370610145202,1.0368347035784895
453,1.0432719669943735,1.0421146861159536,1.038640840309498
454,1.0432719669943735,1.0419622962405375,1.0379855874964432
455,1.0432719669943735,1.04176407332472,1.0371057586497898
456,1.0432815264959254,1.0414127070375125,1.034439226196112
457,1.0432815264959254,1.0416581852013391,1.0382318206634982
458,1.0432815264959254,1.0419081733379472,1.0391441534833115
459,1.0432815264959254,1.0416385408054163,1.0365376835311406
460,1.0432815264959254,1.041504588179597,1.0365187146478299
461,1.0432815264959254,1.0418422693036162,1.036087579153325
462,1.0432815264959254,1.0418627451604803,1.0392022492768338
463,1.0432815264959254,1.0421745057375436,1.039860687587736
464,1.0432815264959254,1.041982131416558,1.0384544319666804
465,1.0432815264959254,1.0418999080490265,1.0398455863593805
466,1.043349584646681,1.0419565090366516,1.0388501653018831
467,1.0434854575348707,1.0421523423511454,1.038082943381438
468,1.0434854575348707,1.0421404281928566,1.0393799798757168
469,1.0434962343222745,1.0419089465785567,1.0366919401578194
470,1.0434962343222745,1.041849553256382,1.0373824748739384
471,1.0438973989217113,1.0417404683106588,1.0377344363589522
472,1.0438973989217113,1.0418742514621373,1.0346831319403889
473,1.044017732856702,1.0421114968120104,1.037335672617843
474,1.044017732856702,1.042273500203693,1.038476005642386
475,1.044017732856702,1.0424423064783814,1.038719463636656
476,1.044017732856702,1.0426757962043078,1.040089065259312
477,1.044017732856702,1.0427985315217543,1.0382821205790118
478,1.044017732856702,1.0428557745788103,1.039660963414385
479,1.044017732856702,1.0427210643452776,1.0385170727850952
480,1.044017732856702,1.0426034243134898,1.0395912055778476
481,1.044017732856702,1.0429866115729474,1.0395937637056467
482,1.044017732856702,1.0429053397809838,1.0401359588345647
483,1.044017732856702,1.043039939023101,1.0417514831445778
484,1.044017732856702,1.0431494989629342,1.0392963886262847
485,1.0441282260848244,1.0431533590688564,1.0388587882872393
486,1.0441282260848244,1.0431830733917549,1.0419966391011672
487,1.0441282260848244,1.043038510126366,1.0413391738060827
488,1.0441282260848244,1.043122134629478,1.0409823782874095
489,1.0441282260848244,1.0431020792623094,1.0408517951709584
490,1.0441282260848244,1.0430328708066878,1.0412400740752412
491,1.0441282260848244,1.0430840264144114,1.0394948841937954
492,1.0442503079119005,1.0429741317960002,1.0408864947973926
493,1.0442503079119005,1.0431759178762043,1.0406502062198097
494,1.0442503079119005,1.0432248988025734,1.0414141202232687
495,1.0442503079119005,1.043313474410358,1.0407394850040517
496,1.0442503079119005,1.0434085179008725,1.0415742077319545
497,1.044464880724821,1.0432798966121464,1.0398867100802105
498,1.044464880724821,1.0431011504970091,1.0410262238640575
499,1.044464880724821,1.0432131954642523,1.0410695088250357
500,1.044464880724821,1.043126065875958,1.0395591287862307
501,1.04471768311833,1.0432484207711439,1.0371924671564345
502,1.04471768311833,1.0431068599650337,1.0386707680401335
503,1.04471768311833,1.043142034731041,1.040146701247914
504,1.04471768311833,1.0432324783517544,1.0407678148207071
505,1.04471768311833,1.0434380824212028,1.0410215564755214
506,1.04471768311833,1.0434868065677692,1.0387515932456284
507,1.04471768311833,1.0434175219461699,1.0394411531055132
508,1.04471768311833,1.0433336726871292,1.0399021252423775
509,1.04471768311833,1.04352994779611,1.0401413854880897
510,1.0447914305491048,1.0436480528374643,1.0404154804722459
511,1.0448180775408429,1.0438723094987967,1.0419317963442174
512,1.0448180775408429,1.0438807605234723,1.0414901338315254
513,1.0448180775408429,1.0438806932534845,1.0416692620129855
514,1.0448180775408429,1.0437612236866014,1.0410991261721674
515,1.0448180775408429,1.0437464300553312,1.0412776675688895
516,1.0448180775408429,1.0438611801173234,1.040463958380356
517,1.0448180775408429,1.0438625432929178,1.041434313044109
518,1.0448180775408429,1.0437985473448406,1.0399558506106805
519,1.0449795053876623,1.04379885451682,1.0414860227850926
520,1.0449795053876623,1.043780845221951,1.0403511577288376
521,1.0449795053876623,1.0438563487769725,1.0412268338683945
522,1.045186859883008,1.044049298743909,1.0417164409184823
523,1.045186859883008,1.0436486233514506,1.0396567470282325
524,1.045186859883008,1.0435818496773672,1.0385733581646353
525,1.0454869349103697,1.043492215372137,1.0382204314973817
526,1.0454869349103697,1.0435447962097961,1.0386983865793926
527,1.0454869349103697,1.0437694850296955,1.040894641527586
528,1.0454869349103697,1.0438176071923844,1.0399124804127773
529,1.0454869349103697,1.0437544737056146,1.0371284898483133
530,1.0454869349103697,1.044101769739178,1.0418925733336413
531,1.0458280023437845,1.0440618366301486,1.0415920572724549
532,1.0458280023437845,1.0441347528531932,1.0421835253729776
533,1.0458280023437845,1.0443345264574153,1.0422460028272953
534,1.0458280023437845,1.044579933803562,1.0416546172188692
535,1.0458280023437845,1.0447004844998597,1.0428690172965664
536,1.0458280023437845,1.0448315188292923,1.0420838864108033
537,1.0461784214424148,1.0446202908286228,1.0402326174604672
538,1.0461784214424148,1.0444640723432477,1.040502429595324
539,1.0461784214424148,1.0444770547479676,1.0422864347219334
540,1.0461784214424148,1.044525712686901,1.0403534215999093
541,1.0461784214424148,1.0445220137551765,1.0406214657267947
542,1.0461784214424148,1.04449937487572,1.039453388179207
543,1.0461784214424148,1.0438610618938235,1.0269538814062604
544,1.0461784214424148,1.0436228606938676,1.0373734116677324
545,1.0461784214424148,1.0439088925697178,1.0404814608726227
546,1.0461784214424148,1.0439680201454562,1.039207625053347
547,1.0461784214424148,1.043747737299077,1.037087514944903
548,1.0461784214424148,1.0439681529643747,1.0367117556036056
549,1.0461784214424148,1.0439797288195027,1.0401289447446591
550,1.0461784214424148,1.0443910973442392,1.040775686999718
551,1.0461784214424148,1.0440771605829526,1.0402446435792427
552,1.0461784214424148,1.0438937851684689,1.0382356240048494
553,1.0464214518220516,1.0438795092750945,1.0403722792769907
554,1.0464214518220516,1.0436114948288975,1.0369830228949772
555,1.0464214518220516,1.0432799782598055,1.0379781204802108
556,1.0465863971714318,1.0442532812406333,1.0362614129842198
557,1.0465863971714318,1.0443744180072339,1.0403248516871983
558,1.0465863971714318,1.0447236042900214,1.0402628480746001
559,1.0469140673402493,1.0447786756738007,1.0407151183483925
560,1.0469140673402493,1.0449573331491029,1.0422873711635847
561,1.0469140673402493,1.0452042077044783,1.0417030380482455
562,1.0469140673402493,1.0453850815034373,1.0409300805937627
563,1.0469140673402493,1.045357745258003,1.041898784719935
564,1.0469140673402493,1.0456738248502093,1.0440174595432983
565,1.0469718376359953,1.0457605370500327,1.0429345198922046
566,1.0469718376359953,1.045736260038865,1.0437078332935734
567,1.0471205602903788,1.0459554535693005,1.0441458086051898
568,1.0471205602903788,1.0460922812924693,1.0428712830945792
569,1.0471205602903788,1.045852775903059,1.0425417575536216
570,1.0471205602903788,1.0456668703685208,1.0419069470416422
571,1.0471205602903788,1.0456330602562536,1.0372673471733045
572,1.04718282910977,1.0455600881312577,1.0367287981736661
573,1.04718282910977,1.0450708499910262,1.0388684546901095
574,1.04718282910977,1.045336644867347,1.039604876773719
575,1.04718282910977,1.0454012805077753,1.0378859436907635
576,1.04718282910977,1.0454753676011717,1.0360808152364904
577,1.04718282910977,1.0453712824279129,1.0418079212049394
578,1.04718282910977,1.0455258626042336,1.0411662389257086
579,1.04718282910977,1.0452625377013696,1.041876830147549
580,1.04718282910977,1.0452263353681257,1.038976935412966
581,1.04718282910977,1.0453369244753354,1.039760509223552
582,1.0472507270942308,1.0453381073943353,1.0393770742221065
583,1.0472507270942308,1.0449364766023272,1.0380794215055928
584,1.0472507270942308,1.044898873244663,1.0396236465021311
585,1.0472507270942308,1.0451957756807915,1.0369711077347823
586,1.0472507270942308,1.044901250463684,1.0343592813124434
587,1.0472935618488861,1.045032684819636,1.0356442181966203
588,1.0472935618488861,1.0453346664407852,1.0386489726772516
589,1.0472935618488861,1.0451936109515456,1.0384945056940378
590,1.0472935618488861,1.0452248976888392,1.0412196519173609
591,1.0472935618488861,1.0453534724771734,1.0417659367884555
592,1.0475387852597788,1.04583747708306,1.0420663766750946
593,1.0475387852597788,1.04598763008998,1.0422932398276152
594,1.0476467069606816,1.0461154286846597,1.044456874006626
595,1.0478530534810866,1.0461810460579894,1.0380689266919134
596,1.0478530534810866,1.0463157223813548,1.043408660758434
597,1.0478774922186447,1.0467250618515442,1.0442658146914245
598,1.0478774922186447,1.046605909392827,1.0443795476883813
599,1.0480200586732193,1.0467358692912527,1.0436557367633978
600,1.0480200586732193,1.0468192979730586,1.04517570784481
601,1.0480200586732193,1.0471309080348647,1.0442565902686092
602,1.0480200586732193,1.0472126793277572,1.0451845457663946
603,1.0480200586732193,1.047223563517597,1.0453683638867204
604,1.0481201580977817,1.0473727354576965,1.0456265647716816
605,1.0481201580977817,1.0472874911242185,1.0437911037241676
606,1.0481201580977817,1.0472220063074555,1.0452493571659804
607,1.0481201580977817,1.0473756321090713,1.0457910509169606
608,1.0481201580977817,1.0473891466329066,1.0457497716025637
609,1.0487094749663644,1.0473987473117148,1.0443459825662658
610,1.0487094749663644,1.0472638910886454,1.045427964663047
611,1.0487802000206627,1.0474712449650605,1.0442517990115072
612,1.04889673741405,1.0475736630583041,1.0457504434468419
613,1.04889673741405,1.0477908763725639,1.0447041315058718
614,1.0489876861572085,1.047877433002239,1.044787627226094
615,1.0489876861572085,1.0477502888371744,1.0430249318862033
616,1.0489876861572085,1.0476226416263457,1.0448202579857864
617,1.0490472651802678,1.047633815967793,1.0448110819083591
618,1.0494302369378212,1.0477945997189424,1.0456363982700676
619,1.0494302369378212,1.0476091947232669,1.0429862820907039
620,1.0494302369378212,1.0480498679602108,1.0452723877764314
621,1.049543069531896,1.0481345277640037,1.0449769811793754
622,1.049543069531896,1.0480675093089091,1.044563693432541
623,1.049543069531896,1.0481592910833277,1.0427745131874142
624,1.049543069531896,1.0481445283132915,1.046137912375078
625,1.0498325486455897,1.048346923058034,1.0442096303542177
626,1.0498951169718642,1.048486202092229,1.0454528917133858
627,1.0498951169718642,1.048832209814532,1.0470282784275373
628,1.0499700212503909,1.0487586251785017,1.0472692195219797
629,1.0499700212503909,1.048818004810502,1.0466575443527142
630,1.049974404211962,1.048713286307095,1.0454241467603256
631,1.0503114192300202,1.0488323984234535,1.045424403613285
632,1.0503114192300202,1.04885173179336,1.0459373117135886
633,1.0503114192300202,1.0489383425040384,1.0449208686692844
634,1.0505551442204528,1.0489517067598841,1.0466172649600045
635,1.0505551442204528,1.049364084322033,1.0465363438595308
636,1.0505551442204528,1.0495012095635572,1.0473015454719428
637,1.0507119488752048,1.0495625469333687,1.0480124736224354
638,1.0507119488752048,1.0495140811340002,1.0458559592734673
639,1.0507119488752048,1.0496050127836618,1.0425156142203489
640,1.0507811957152435,1.0493561786987389,1.04451278226913
641,1.050955972790608,1.0496203389764647,1.0473598916595992
642,1.050955972790608,1.049477162660379,1.0430583140011067
643,1.0509918606909632,1.049441806636662,1.046473402658942
644,1.051010752556708,1.049401453547512,1.046581241125665
645,1.051010752556708,1.0493251908566903,1.0469720367659818
646,1.051010752556708,1.0491053594867201,1.0375836241018843
647,1.051010752556708,1.0489373652238587,1.0440195810145136
648,1.051010752556708,1.0489882423816834,1.0460630657830365
649,1.051010752556708,1.0489394001296595,1.0406451141091515
650,1.051010752556708,1.049108199885916,1.0448602015128619
651,1.051010752556708,1.0496409045574564,1.0472339964994761
652,1.051010752556708,1.049793461226572,1.0469556293615874
653,1.0512006511406056,1.0499068096248068,1.047965774310031
654,1.0512006511406056,1.049958915599707,1.047484514809686
655,1.051305716039606,1.0501703835588232,1.0472319597067197
656,1.051305716039606,1.0499573037069347,1.0430556686843167
657,1.051305716039606,1.0496922338286738,1.042764325379662
658,1.051305716039606,1.0495915413389905,1.041680548480835
659,1.051305716039606,1.0496400053298165,1.0475473578805683
660,1.051305716039606,1.0495245630052084,1.0455613144540843
661,1.051305716039606,1.0498595063967686,1.0466809427158705
662,1.051305716039606,1.0496813811108345,1.0418803785184676
663,1.051305716039606,1.049348224009709,1.04634627799657
664,1.051305716039606,1.0496628877255112,1.0450280805853729
665,1.051375963700659,1.0496373401573624,1.0437727894966593
666,1.051375963700659,1.0497437266284484,1.0441949237526444
667,1.051375963700659,1.0497363465785403,1.0458021960695927
668,1.0514643278307112,1.0500559593750578,1.0472146453488054
669,1.0514643278307112,1.0501329550987974,1.0477822646608979
670,1.0514643278307112,1.0503446440009847,1.0469499001389226
671,1.0514643278307112,1.0502883590330079,1.0462325999800304
672,1.0516137747443277,1.0504209182741568,1.048002153596095
673,1.0516137747443277,1.0504379822855165,1.0486868386417292
674,1.051637627786794,1.0502762115394617,1.046842357511605
675,1.0516940668112131,1.0502038711237787,1.0458721796169896
676,1.0516940668112131,1.0502159176874089,1.04762351803922
677,1.0516940668112131,1.0501189626075311,1.0476946404622496
678,1.0516940668112131,1.0503300371803361,1.0472119763076866
679,1.0522530515394688,1.0502704945278476,1.046788820822545
680,1.0527650432430782,1.0506884835432064,1.046023361649778
681,1.0527650432430782,1.0505684964229958,1.0445700605828616
682,1.052793208820034,1.0505790771329937,1.0470859131092976
683,1.0529396786962035,1.0506356157666117,1.0459681324636698
684,1.0530855986471483,1.0509377286258803,1.0474294308651106
685,1.0530855986471483,1.0505609286339592,1.0452963062965406
686,1.0530855986471483,1.0508912521345932,1.0456240053640822
687,1.0530855986471483,1.0505122097749033,1.0449557090597084
688,1.0533032493569614,1.051248409891373,1.0445564857404777
689,1.0533032493569614,1.0516619350161593,1.0427052550290907
690,1.0533032493569614,1.0514958715831348,1.0469782821697209
691,1.0533032493569614,1.0512576245429919,1.0464390803234283
692,1.0533032493569614,1.0518296335949515,1.0495297722905454
693,1.0533032493569614,1.051658588457903,1.0450671361331914
694,1.0533032493569614,1.051776572551852,1.0472998921460772
695,1.0533032493569614,1.051739428320638,1.0483187695166425
696,1.0533032493569614,1.051755592814356,1.04716382291655
697,1.0533161528039137,1.0519182098911046,1.0474812726815426
698,1.0533161528039137,1.0515886400462322,1.0453801875060824
699,1.0533161528039137,1.0515817906423721,1.046699109970157
700,1.053559466217026,1.0515658785063018,1.0468530976865376
701,1.053559466217026,1.051376499084815,1.0474095047111507
702,1.053559466217026,1.0513830231181984,1.0483877338950331
703,1.053559466217026,1.0513742186607433,1.0448087811228772
704,1.053559466217026,1.0514548528139323,1.0474195623404756
705,1.053559466217026,1.0515986383797233,1.0472956525023451
706,1.053559466217026,1.0512275661105317,1.044085650670599
707,1.053559466217026,1.0512534530659499,1.0449185063900663
708,1.053559466217026,1.0512543501214602,1.0398605671082797
709,1.053559466217026,1.0514036946301808,1.0477989740478082
710,1.053559466217026,1.0510824628098923,1.0450096242883953
711,1.053559466217026,1.0514203495284706,1.0464655580402564
712,1.053559466217026,1.051429008369377,1.0476405193579792
713,1.053559466217026,1.0514313677663572,1.0479127220449587
714,1.053559466217026,1.0512528501968077,1.046921616302131
715,1.053559466217026,1.0512696006047713,1.0405658050543993
716,1.0536245835404814,1.0512430820579446,1.0422695210518955
717,1.0536245835404814,1.0516245727178068,1.0470095866795643
718,1.0536245835404814,1.0518205766459552,1.0488865016262443
719,1.0536245835404814,1.0521655320796188,1.049114312838481
720,1.0536245835404814,1.0523700334659698,1.049066795956243
721,1.0536245835404814,1.0522445685064274,1.0487505479670154
722,1.0536245835404814,1.0520291053537085,1.0478819832743915
723,1.0536245835404814,1.051575057377482,1.0449360466276936
724,1.0536957881476683,1.0516174562168192,1.0451959889936302
725,1.0537399592084196,1.0511155427340149,1.0416984426178282
726,1.0537399592084196,1.0513326943121604,1.023952026400265
727,1.0537399592084196,1.0515112224705085,1.0459597020970048
728,1.0537399592084196,1.0520781340790877,1.0469900961742193
729,1.053833150522513,1.0520151361358865,1.0473922233333162
730,1.053833150522513,1.0518405320246693,1.0464535808144082
731,1.0538603334117387,1.0518448578115933,1.0431366626725518
732,1.0538603334117387,1.0517715787644721,1.048116517015838
733,1.0538603334117387,1.0518564676623003,1.0443525577856108
734,1.0540651163451715,1.0519448444265704,1.0480237868998858
735,1.0540651163451715,1.0521926273531652,1.0485185871090241
736,1.0540651163451715,1.0523963807177292,1.0486687566701138
737,1.0540651163451715,1.052521601420605,1.0489474720773337
738,1.0540822487071901,1.052837977337541,1.0496612849594076
739,1.0540822487071901,1.0530601546129852,1.0511645481051748
740,1.0540822487071901,1.0530471162677977,1.049518908828873
741,1.0542275711014104,1.052876455800096,1.0491585761464965
742,1.0542275711014104,1.052997274193512,1.050129529554267
743,1.0542446207703406,1.0531447229409756,1.0504018444339276
744,1.0542446207703406,1.0530771410823376,1.0489893933702292
745,1.0542446207703406,1.0529809646872266,1.0508295511606611
746,1.0542446207703406,1.0531635398402102,1.050523276496226
747,1.0542446207703406,1.0529820799419285,1.0501358507429421
748,1.0542446207703406,1.0532429478522087,1.0515378192581157
749,1.0542446207703406,1.0534551994535,1.0519489339734416
750,1.0548189537776902,1.0536335068234854,1.051321619514004
751,1.0548189537776902,1.053553264028484,1.0499411214519414
752,1.0548189537776902,1.053631733180219,1.0515407020778693
753,1.0548189537776902,1.0535642130370146,1.0496153083731992
754,1.0548189537776902,1.0534019516901636,1.0456092818564013
755,1.0548189537776902,1.0535877921930514,1.0493858660873991
756,1.0548189537776902,1.0533839449974374,1.0502392517112291
757,1.0548189537776902,1.0536915523731494,1.0499556283163196
758,1.0551089716502497,1.0537411189285473,1.0513033435821963
759,1.0551089716502497,1.053897637411817,1.051002578738957
760,1.0551089716502497,1.053727705825543,1.0468954698479611
761,1.0551089716502497,1.0536274327603035,1.0473592691985045
762,1.0551089716502497,1.0536958971026331,1.0492760222381472
763,1.0551089716502497,1.0536420492060656,1.0504123514670751
764,1.0551089716502497,1.0534902489192575,1.0492063297071752
765,1.0551089716502497,1.0535312957456708,1.0497665484295098
766,1.0551089716502497,1.053321600055733,1.0489440600101378
767,1.0551089716502497,1.0533947398058563,1.0490443508779443
768,1.0551089716502497,1.0536945776926996,1.0515407139306188
769,1.055436734204155,1.0537040234448345,1.0492457428559447
770,1.055436734204155,1.0539439619377842,1.0506364689788148
771,1.055436734204155,1.053803846372784,1.0488889794919312
772,1.055514863261711,1.0537086627141539,1.049671857986283
773,1.055514863261711,1.0534970479484762,1.0498092886021222
774,1.0557147416693446,1.0531584205564841,1.0480009825511591
775,1.0557147416693446,1.0530447197713348,1.047657030209489
776,1.0558966049430838,1.0534124534964957,1.0492678701268152
777,1.0558966049430838,1.0536118809694022,1.0509074171446202
778,1.0560323270682552,1.054238420567844,1.0500100782322315
779,1.0560323270682552,1.0544452388528867,1.050476973230396
780,1.0560323270682552,1.0547873996315265,1.0521336194020643
781,1.0560323270682552,1.0547853486927243,1.0511518175419678
782,1.0560323270682552,1.0547194837543397,1.0512943630267748
783,1.0560323270682552,1.0546245293061425,1.0509189616045442
784,1.0560323270682552,1.0547012220863872,1.0504290332732662
785,1.0560323270682552,1.0545492519979869,1.0503008041024677
786,1.0560323270682552,1.0546956096858944,1.0491958304230051
787,1.0560604456503129,1.0544773368898483,1.0512147293428566
788,1.056359097789197,1.0546559237604183,1.0475656846471493
789,1.056359097789197,1.054977766365424,1.0519812252892984
790,1.056359097789197,1.0552072552797365,1.0505013816914655
791,1.056359097789197,1.0553406778731185,1.0527649721687409
792,1.056359097789197,1.055318636966088,1.051828224730159
793,1.056359097789197,1.0552655579529344,1.051028666761793
794,1.056359097789197,1.0552515935310007,1.0526068685073873
795,1.056359097789197,1.0552038457009316,1.0513434220872506
796,1.056359097789197,1.0549670862743974,1.051393751596795
797,1.056359097789197,1.0549238153666523,1.0464977034409921
798,1.056359097789197,1.0548933804254015,1.050726093115104
799,1.056359097789197,1.0550502995799553,1.0504143703725997
800,1.056359097789197,1.0549817409795772,1.0498657700832668
801,1.056359097789197,1.0551198519982923,1.0527635522316519
802,1.0566669269688582,1.055225957348008,1.0523369733821553
803,1.0566669269688582,1.055075570868372,1.051716084549434
804,1.0566669269688582,1.0551032895992563,1.052971561401495
805,1.0566669269688582,1.0550110226502,1.0530397803372025
806,1.0566669269688582,1.0554189602437816,1.0528585767553282
807,1.0566669269688582,1.0554817710134439,1.0531936184169453
808,1.0566669269688582,1.0553989889443853,1.0530547289754115
809,1.0566669269688582,1.0554239927864568,1.0527431339341606
810,1.0566669269688582,1.0552362294035091,1.052856286217236
811,1.0566669269688582,1.0553811363203185,1.0519120654571532
812,1.0566669269688582,1.0552912318663108,1.0510494396508148
813,1.0566669269688582,1.0549763573583724,1.0514770988960171
814,1.0566669269688582,1.055061936716281,1.0517168755180357
815,1.0566669269688582,1.0553276570702699,1.0535680595833572
816,1.0567472425375375,1.0553552701169024,1.051947226821405
817,1.0567472425375375,1.0554793198177093,1.0526772445671106
818,1.0567472425375375,1.055422907399026,1.0503642279663652
819,1.0567472425375375,1.0553167176368086,1.0494425812091523
820,1.0567472425375375,1.0553821511258656,1.0512397811121896
821,1.0567472425375375,1.0553521436652253,1.0502801965536923
822,1.0567746834666802,1.0553161224613534,1.0502812150034386
823,1.0569714760456073,1.05518053046022,1.049339328700341
824,1.0569714760456073,1.0550762733919263,1.0499898597597737
825,1.0569714760456073,1.0549003903061496,1.0355754263372419
826,1.0569714760456073,1.0552142419102792,1.0516661870083817
827,1.0569714760456073,1.0554979655006347,1.0531733700591586
828,1.0569714760456073,1.055399201542884,1.0531788821352164
829,1.0569836578588168,1.0554314015792574,1.049897113044295
830,1.0569836578588168,1.0554405743691415,1.051055144274073
831,1.0569836578588168,1.0554440056397192,1.0525161696573466
832,1.0569836578588168,1.055389928063984,1.0518397514122917
833,1.0571110245520114,1.0556884573834535,1.0522207439986313
834,1.0571110245520114,1.0557436494780248,1.0511189911372378
835,1.0571110245520114,1.05520018080079,1.046629961813054
836,1.0571110245520114,1.0551560979601464,1.0521506277305317
837,1.0571110245520114,1.054918805142249,1.0499927633972088
838,1.0571110245520114,1.0549155639132575,1.04760225837203
839,1.0571110245520114,1.0547675403540684,1.048116578084811
840,1.0571708949164342,1.0554818823339394,1.0515685759865472
841,1.0573005920512437,1.0557748105929474,1.0531647660457857
842,1.057309045019697,1.055815051913809,1.0491571961195623
843,1.057309045019697,1.0561493479618376,1.0501601105676182
844,1.057309045019697,1.0562414930861326,1.0522195351860353
845,1.0573144137920816,1.0561004562094503,1.0519187457536954
846,1.0573144137920816,1.0558680495668982,1.0522901087597598
847,1.0573144137920816,1.056143410277305,1.0541454225690117
848,1.0573144137920816,1.056077340995738,1.0516633070729076
849,1.0573144137920816,1.0557624332176259,1.050674312336854
850,1.05756885570289,1.0556811007488853,1.0517770346121904
851,1.05756885570289,1.055412025319481,1.0505911749151284
852,1.05756885570289,1.0555773986707004,1.0508484364630266
853,1.05756885570289,1.0560072448976954,1.0484708770715847
854,1.05756885570289,1.0560435751920778,1.0524652701364092
855,1.05756885570289,1.055892524727117,1.0457528439566461
856,1.05756885570289,1.0557762863847293,1.0479480798391005
857,1.05756885570289,1.0558406113424288,1.0533460853097625
858,1.05756885570289,1.055839075882106,1.049535480233974
859,1.05756885570289,1.055626944064897,1.052193147204844
860,1.05756885570289,1.0555939950334743,1.0490227354865582
861,1.05756885570289,1.0555508991365392,1.0492933154666293
862,1.05756885570289,1.0555207187926818,1.0515076172177606
863,1.057779567807664,1.056053599869104,1.0514157733731888
864,1.057779567807664,1.0561099843527721,1.045904159594013
865,1.0578268355957907,1.0558763569749396,1.0506187677009113
866,1.0578268355957907,1.0559524737059331,1.0526805873459617
867,1.0578268355957907,1.055715335926449,1.0488131700444507
868,1.0578268355957907,1.0559398624722116,1.0521948967451393
869,1.0578268355957907,1.0559394225949368,1.0537653523971944
870,1.0578268355957907,1.0561947445298,1.051188975428452
871,1.0578268355957907,1.0558351764690923,1.046603725370904
872,1.0578268355957907,1.05607537537215,1.0484950489851452
873,1.0578268355957907,1.0564580714017742,1.0530405195595423
874,1.0578268355957907,1.0567596551483274,1.0551088060659857
875,1.0578268355957907,1.056845593257459,1.0539078418243917
876,1.0580306090007863,1.0569016450108921,1.0528478447278098
877,1.0580306090007863,1.0570466744340843,1.0537495656890339
878,1.0580306090007863,1.0568930931306246,1.0516811308988216
879,1.0580306090007863,1.0568372462058377,1.0547446102285307
880,1.0580306090007863,1.0565933006761627,1.046108707598041
881,1.0580306090007863,1.0564347926313449,1.0526642617449762
882,1.0580306090007863,1.056183424307799,1.0458412797259247
883,1.0583879264178806,1.0558960399895396,1.0500123782008957
884,1.0583879264178806,1.0559765338796978,1.048972440226453
885,1.0583879264178806,1.0558420049619173,1.0511014113017865
886,1.0583879264178806,1.0558088663284249,1.0513330209491425
887,1.0583879264178806,1.0560720012093892,1.0522513776734805
888,1.0583879264178806,1.0563516638572992,1.0482651434271033
889,1.0583879264178806,1.0554288495074935,1.0214988357510517
890,1.0586892782172361,1.0561984645429598,1.048694969194985
891,1.0586892782172361,1.0562175261813733,1.0510133163838449
892,1.058964284261078,1.0565963581374895,1.054306587325767
893,1.058964284261078,1.0568663034985335,1.054119875072856
894,1.058964284261078,1.0571654628373341,1.053767058891281
895,1.0590629815406107,1.0576057706852378,1.0544100460164811
896,1.0592657582722786,1.0578238564830307,1.052483841160182
897,1.0592657582722786,1.0577047158038848,1.0506907074797454
898,1.0592657582722786,1.05768489752638,1.054720328768648
899,1.0592657582722786,1.0577293708128408,1.0526195438007044
900,1.0592657582722786,1.0577412190052313,1.0549173481070624
901,1.0592657582722786,1.0576681377204635,1.0532978637921269
902,1.0592657582722786,1.0574801060869055,1.052856921447916
903,1.0594272168506818,1.0574433155472611,1.0540410347477471
904,1.0595508884863334,1.0579347375691235,1.0542909156836153
905,1.0595508884863334,1.057742406310721,1.0517499468998492
906,1.0596210719620403,1.0578319152436377,1.054843376609489
907,1.05979840950076,1.057703767304377,1.0531149306527963
908,1.059846303373111,1.0580310946962788,1.0532241677055962
909,1.059846303373111,1.0583253909010404,1.05311114588587
910,1.0598723563823254,1.058380251754425,1.0558360533795774
911,1.0598723563823254,1.058269780823087,1.0525125001894877
912,1.0598723563823254,1.0582126529889166,1.0554420185731384
913,1.0598723563823254,1.0582767085436853,1.0514800080025002
914,1.0599716459675155,1.0578653373019478,1.0517427497179386
915,1.0599716459675155,1.0581156429936707,1.0532424338242086
916,1.0599716459675155,1.058136985081848,1.0544814863584315
917,1.0600581160415754,1.058327819155879,1.0548227908110048
918,1.0600581160415754,1.0586192316503222,1.0550209542559388
919,1.0600581160415754,1.0585543879236898,1.0554484976779661
920,1.0602642581008057,1.0589192423019915,1.0562461007019655
921,1.0602642581008057,1.059162125687769,1.0560921787120443
922,1.0602642581008057,1.0591367145487844,1.0568608765643859
923,1.0602642581008057,1.0593857923240468,1.0572367596361323
924,1.0602642581008057,1.0594204286275506,1.0579809679549603
925,1.0604178214663527,1.059392650887146,1.0573909135985313
926,1.0604178214663527,1.059440564089079,1.0565010284207283
927,1.0604178214663527,1.0594321006944032,1.0565680879810277
928,1.0604178214663527,1.0592192254150767,1.0556496173571692
929,1.0604178214663527,1.0589884393394156,1.0406441243066804
930,1.0604178214663527,1.058929501186617,1.0547994273673782
931,1.0604178214663527,1.0590409711139523,1.0546821721699309
932,1.060542677905549,1.0590686920637815,1.0531451006228614
933,1.060542677905549,1.0588538213126606,1.050674374400975
934,1.060542677905549,1.0585692936221434,1.0544182518098015
935,1.060542677905549,1.0586364684913965,1.0537103922262923
936,1.060542677905549,1.0588249390573012,1.0552923074851348
937,1.060542677905549,1.0586091017096273,1.0518613817486997
938,1.060542677905549,1.058663649212332,1.0534060299907895
939,1.060542677905549,1.058683586948551,1.055750593862788
940,1.060542677905549,1.0590706183824106,1.0545357810508031
941,1.060542677905549,1.059405826701839,1.0569543908905226
942,1.060542677905549,1.0595968227521504,1.0567934198984892
943,1.060542677905549,1.0594320811950937,1.055194511310658
944,1.060542677905549,1.059376562459253,1.0573022703450943
945,1.0606748956872987,1.0594846150413182,1.0550523011953095
946,1.0606748956872987,1.059411284810395,1.0563675072970826
947,1.0606748956872987,1.0594593921829898,1.056043272531669
948,1.0606748956872987,1.0593293735782616,1.0569301102911937
949,1.0606748956872987,1.0594120747874625,1.057000849796234
950,1.0606748956872987,1.0594497189699672,1.0566488616482212
951,1.0606748956872987,1.059598410134411,1.057641481913906
952,1.0606939401984747,1.059666934592434,1.0549780329039447
953,1.0606939401984747,1.0594104703604474,1.052845431849435
954,1.060694472137133,1.059453488375208,1.055330115236771
955,1.060694472137133,1.0595149192630022,1.056666438190462
956,1.0609736330849107,1.0596820498188626,1.0575020797315728
957,1.0609775647363984,1.0600118847165207,1.057393784535911
958,1.0609896727831196,1.0599328267332844,1.0570528254091962
959,1.060998359216772,1.0596164664275265,1.0532699098911393
960,1.06139670626711,1.0590788647664338,1.049391386762629
961,1.06139670626711,1.0583428106723212,1.0383001296838326
962,1.06139670626711,1.058130844055746,1.0487833360541523
963,1.06139670626711,1.0591391934485108,1.0528531976993025
964,1.06139670626711,1.0589441576001886,1.0495468393124034
965,1.06139670626711,1.059018284314292,1.0542418282699764
966,1.06139670626711,1.0593405316131184,1.055472633502773
967,1.06139670626711,1.0594256323063844,1.0540218074823435
968,1.06139670626711,1.0593157173489245,1.049372232679713
969,1.06139670626711,1.059273653651637,1.0545469899012772
970,1.06139670626711,1.0594558550351467,1.055053667365399
971,1.06139670626711,1.0596202394188738,1.0568289234899841
972,1.06139670626711,1.059643881010232,1.0557510880069993
973,1.06139670626711,1.0594812726574019,1.0555550867323538
974,1.06139670626711,1.059578755197126,1.0554436480477762
975,1.06139670626711,1.059181242246605,1.0499769149073201
976,1.06139670626711,1.0589421448750276,1.050215675355519
977,1.06139670626711,1.058624131994602,1.0486285458332558
978,1.06139670626711,1.05921322994594,1.054092055220432
979,1.06139670626711,1.059638998648203,1.056447247568233
980,1.06139670626711,1.0596616408791855,1.0552894521849603
981,1.06139670626711,1.0594331995077342,1.0561148402114187
982,1.06139670626711,1.0595073595099067,1.0549714579279126
983,1.06139670626711,1.0598884386258103,1.055963963856387
984,1.06139670626711,1.0597952235520331,1.0525565858178187
985,1.06139670626711,1.0598033316943114,1.0540136099930133
986,1.06139670626711,1.0596935290992269,1.056836332950816
987,1.06139670626711,1.0598077486893767,1.0564351979758604
988,1.0614612961277672,1.059811025110232,1.0565398013693192
989,1.0614612961277672,1.0600140918890608,1.0572306078037834
990,1.0614612961277672,1.0599899419289887,1.0576935661463498
991,1.0614612961277672,1.0601321932893273,1.0550628133688142
992,1.0614612961277672,1.0601426599595554,1.0566217542449505
993,1.0617891020315648,1.060464698239149,1.0540796846006222
994,1.0617891020315648,1.0601591038156457,1.055329190639023
995,1.0620557738351848,1.0601654208308688,1.0570858769391642
996,1.0620557738351848,1.0600809031618705,1.0536177483702305
997,1.0620557738351848,1.0600833916246828,1.0534660604603703
998,1.0620557738351848,1.0598663626228864,1.053928280605924
999,1.0620557738351848,1.0598313117330616,1.0544359615228023
1000,1.0620557738351848,1.0604310011753573,1.056770568219151
1001,1.0620557738351848,1.060506134989896,1.057330182936667
1002,1.0620557738351848,1.0605937710431497,1.0549261057503103
1003,1.0620557738351848,1.060700312429193,1.057362307323361
1004,1.0620557738351848,1.060961428978075,1.0552116116499421
1005,1.0620557738351848,1.0610085387810388,1.0556177924973278
1006,1.0620557738351848,1.0607610384268988,1.055034779220636
1007,1.0620557738351848,1.0607117942556525,1.0575778408656824
1008,1.062339187053332,1.0608671058592032,1.0543385546027129
1009,1.062339187053332,1.060932153926624,1.0583782661198253
1010,1.062339187053332,1.0609915373640724,1.0556222958156505
1011,1.062339187053332,1.0607784686244566,1.0543162117650162
1012,1.062339187053332,1.0608272215102879,1.0513678445330261
1013,1.062339187053332,1.0606313717297136,1.0573843877152864
1014,1.0624357915792786,1.0607756893924067,1.0566506425459583
1015,1.0624357915792786,1.060790949497876,1.0548563024704691
1016,1.062664533564658,1.060704290440246,1.055299504842417
1017,1.062664533564658,1.0609475327630664,1.0574341728365473
1018,1.062664533564658,1.0608328583627493,1.0539844419258955
1019,1.062664533564658,1.060713430087342,1.054441034379832
1020,1.062664533564658,1.0608381003452205,1.0565178272069944
1021,1.0628005959981957,1.0609006863720372,1.0578519435884406
1022,1.062937733338965,1.0610601126502315,1.054876337878436
1023,1.062937733338965,1.060927295863435,1.0573620406237696
1024,1.062937733338965,1.0607436752761865,1.0562050291439504
1025,1.062937733338965,1.0610992621185693,1.0544970779831024
1026,1.062937733338965,1.0615069774080088,1.0594030462559147
1027,1.062937733338965,1.0618269836027316,1.0594186321519716
1028,1.062937733338965,1.0618540107158503,1.0583805827243353
1029,1.062937733338965,1.0616845816233205,1.0587196527508864
1030,1.062937733338965,1.0613169294810205,1.054098042719592
1031,1.062937733338965,1.0612568965499145,1.0552525435523672
1032,1.062937733338965,1.0612997303089302,1.0518021678622318
1033,1.062937733338965,1.061225219369301,1.057077106901127
1034,1.062937733338965,1.0612767239472936,1.0561970973604322
1035,1.0630606985595457,1.0613667695441016,1.056146933859665
1036,1.0630606985595457,1.061209243732961,1.0549959675931402
1037,1.0630606985595457,1.0614489261442888,1.058598496741019
1038,1.063216833893314,1.0614115428181758,1.0577953559835618
1039,1.0633450124471884,1.061823930352443,1.0586354493257268
1040,1.0633450124471884,1.0620747292736947,1.0586236485147826
1041,1.0633450124471884,1.0623399684445642,1.0600271494435236
1042,1.0633450124471884,1.062030673614886,1.0598507906186247
1043,1.0633450124471884,1.0622023406173207,1.0595173417579042
1044,1.0633450124471884,1.0623707761150605,1.060814729001025
1045,1.0633450124471884,1.0621593628184784,1.0551816373511214
1046,1.0633450124471884,1.0619804505851536,1.0546579043178974
1047,1.0633450124471884,1.0622862597810925,1.059434799499017
1048,1.0633450124471884,1.0624138990356533,1.0598974221565614
1049,1.0633450124471884,1.0624228650310608,1.0553692796298824
1050,1.0633450124471884,1.0620187973057644,1.0567016603768074
1051,1.063645296585593,1.0623125624955494,1.059793900363974
1052,1.063645296585593,1.0621390525443892,1.0564737934074948
1053,1.063645296585593,1.0617679281320715,1.0565151304377214
1054,1.063645296585593,1.0618207507134623,1.055669460229422
1055,1.063645296585593,1.0621429935248512,1.058985150583642
1056,1.063645296585593,1.0623546930436982,1.0586209409804876
1057,1.063645296585593,1.0619419923330304,1.0551650365375962
1058,1.063645296585593,1.061956648567059,1.0566660312709804
1059,1.0640074254420786,1.062239361563907,1.0578298501173746
1060,1.0640074254420786,1.0625373358017152,1.058507767625424
1061,1.0640074254420786,1.0624396802430232,1.0578917160483208
1062,1.0640074254420786,1.0628294019955649,1.0602747547231108
1063,1.0640074254420786,1.062771180576864,1.059374777309504
1064,1.0640074254420786,1.062593448754146,1.0583532034468948
1065,1.0642184643866393,1.0627314251341895,1.060388323704719
1066,1.0642184643866393,1.0629588226053475,1.060482656503692
1067,1.0642184643866393,1.062956635254365,1.0578170922822496
1068,1.0642184643866393,1.062678376675317,1.0565016920475876
1069,1.0642184643866393,1.062540159462793,1.0596683488211078
1070,1.0642442307635602,1.0628335852404052,1.0607437620077678
1071,1.0644418725697151,1.0630063590656864,1.061179443767032
1072,1.0644418725697151,1.0627674660286521,1.0581681503012212
1073,1.0644418725697151,1.0625995965834714,1.0541640850495697
1074,1.0644418725697151,1.0624973280249885,1.0513630565334642
1075,1.0644418725697151,1.0623561814296947,1.0549675978173456
1076,1.0644418725697151,1.0628655353694743,1.0598288328227552
1077,1.0644418725697151,1.0627174787133482,1.053640919464139
1078,1.0644418725697151,1.062045222606996,1.050117620819383
1079,1.0644418725697151,1.0608654585506152,1.050921767265971
1080,1.0644418725697151,1.0606888103786212,1.0436090051073923
1081,1.0644418725697151,1.0610943667359092,1.0507317296004581
1082,1.0644418725697151,1.0612741935779466,1.0541786004926652
1083,1.0644418725697151,1.0619633427383344,1.0567063736232942
1084,1.0647200574691982,1.0624320464259205,1.0568510472190074
1085,1.0647200574691982,1.0621577155093962,1.0543940298417276
1086,1.0647200574691982,1.062121651531691,1.0558598132737576
1087,1.0647200574691982,1.0620111154072185,1.0563133642163933
1088,1.0650684805310442,1.0624633776352521,1.0556445858117618
1089,1.0650684805310442,1.0628813702252247,1.0597180270940985
1090,1.0650684805310442,1.062859263810789,1.0592526696493243
1091,1.0650684805310442,1.0626894877658883,1.0576468264640364
1092,1.0650684805310442,1.0622451807472195,1.057813084782143
1093,1.0650684805310442,1.062436778586078,1.0548515590382823
1094,1.0650684805310442,1.0624205272626064,1.0519828434699783
1095,1.0653091957051846,1.0626529933872093,1.0578180505576031
1096,1.0653091957051846,1.0631466940474494,1.0586136392157561
1097,1.0653091957051846,1.0633917134641868,1.0603066567580184
1098,1.0653091957051846,1.0634044642621496,1.0610163404647612
1099,1.0653091957051846,1.0636147776534923,1.0607966962838637
1100,1.0653091957051846,1.0639455341608586,1.0596800089537846
1101,1.0653091957051846,1.0638330830336828,1.0571609600919851
1102,1.0657655532317394,1.0640981101707119,1.058745345900486
1103,1.0657655532317394,1.0642213172870758,1.0587623910825048
1104,1.0657655532317394,1.0642965977140428,1.0614035792671577
1105,1.0657655532317394,1.064673004544421,1.0623526360441733
1106,1.0657655532317394,1.0646962959791595,1.0627366995359615
1107,1.0657655532317394,1.0645706882149688,1.0578597530695457
1108,1.0657655532317394,1.0644940372042455,1.0610242371268468
1109,1.0657655532317394,1.064368026021597,1.0581024695612484
1110,1.0657655532317394,1.0640281009758144,1.0588196463198625
1111,1.0657655532317394,1.0636287624971084,1.0583782408083766
1112,1.0657655532317394,1.0632774604123483,1.0586956005937367
1113,1.0657655532317394,1.0633613827914743,1.050018671797495
1114,1.0657655532317394,1.0630660718555545,1.0563979711209674
1115,1.0657655532317394,1.0633467234553386,1.0513985737635059
1116,1.0657655532317394,1.0635516438871784,1.0605071525502106
1117,1.0657655532317394,1.0636738429890662,1.0599926013901961
1118,1.0657655532317394,1.064008702625567,1.0602685124311162
1119,1.0657655532317394,1.064557225051596,1.0606725800125072
1120,1.0657655532317394,1.0642983970684914,1.0576815948250649
1121,1.0657696143473743,1.063962104339347,1.0507248267113174
1122,1.0657696143473743,1.0639028440507736,1.056690767966147
1123,1.0657696143473743,1.064176262678703,1.0619274004907744
1124,1.0657696143473743,1.064110280450707,1.0584105112253428
1125,1.0661122638032565,1.0641003981048145,1.0602977256986077
1126,1.0661122638032565,1.064032445484571,1.0617572386510759
1127,1.0661607571038414,1.0644539790707976,1.0622290316068865
1128,1.0661607571038414,1.064548916948546,1.0628208461368926
1129,1.0661607571038414,1.0646361310204686,1.0558202675311794
1130,1.0661607571038414,1.0643787301934002,1.0530267142678413
1131,1.0661607571038414,1.0640225464425423,1.056192112330432
1132,1.0661607571038414,1.0643325144087878,1.0588018826900376
1133,1.0662342422194986,1.0644781231267233,1.0613346013246268
1134,1.0662342422194986,1.064833377470922,1.0612432029740635
1135,1.0662342422194986,1.0649592405461061,1.0604045429224478
1136,1.0662342422194986,1.0648967777532636,1.06139331846122
1137,1.0662342422194986,1.0648120655023474,1.0622754765786446
1138,1.0664723705577375,1.0647657492810902,1.0599346926377518
1139,1.0664723705577375,1.0649434109543032,1.060396317973539
1140,1.0664723705577375,1.0646542749307075,1.0603266304911279
1141,1.0664723705577375,1.0647236712440027,1.0601084361699447
1142,1.0664723705577375,1.065013008906797,1.0585106607933343
1143,1.0664723705577375,1.0649936013868853,1.0624308342174782
1144,1.0664723705577375,1.0651501777464434,1.061976337024917
1145,1.0664723705577375,1.0647965658708167,1.0618155713138475
1146,1.0664723705577375,1.0644490296664353,1.0468511753538234
1147,1.0664723705577375,1.0645483801793323,1.0606395314183663
1148,1.0664723705577375,1.0645525732780639,1.0592042621102415
1149,1.0664723705577375,1.0646801215372197,1.058716665052657
1150,1.0664723705577375,1.0645788635711404,1.0589944898683663
1151,1.0664723705577375,1.0644980992804123,1.0589581112645434
1152,1.0664769959598466,1.064366275142153,1.0507698349017924
1153,1.0664769959598466,1.0644058134240808,1.0592522322766125
1154,1.0664769959598466,1.0643692952525767,1.0603064857881423
1155,1.0664769959598466,1.064676390986589,1.0610676167795905
1156,1.0664769959598466,1.0642087226184744,1.0586507752644436
1157,1.0664769959598466,1.0642566878779112,1.059574843761187
1158,1.0664769959598466,1.0646110786797482,1.0589058759999113
1159,1.0664769959598466,1.0649631868349179,1.0601336820751237
1160,1.0664769959598466,1.0651870847149432,1.0596895088435032
1161,1.0665421657414225,1.0651268825001923,1.0608145160928473
1162,1.0665421657414225,1.0649893635089427,1.0599113511797162
1163,1.0665421657414225,1.0651924747255688,1.0624909870114525
1164,1.0665421657414225,1.0652574429382844,1.063266052301057
1165,1.0665421657414225,1.0650379250160307,1.0611697058420424
1166,1.0665421657414225,1.0651190739425298,1.0622115519737165
1167,1.0665421657414225,1.0653556460756184,1.0608894882886237
1168,1.0667639362100965,1.0651961304733328,1.0598740963860382
1169,1.0667639362100965,1.0650486409576347,1.0573917195608362
1170,1.0667639362100965,1.0650067958546383,1.0604628358140669
1171,1.0667639362100965,1.0650230249913442,1.0624306694921422
1172,1.0667639362100965,1.0646948703887456,1.0569153419049804
1173,1.0667639362100965,1.0645047834062453,1.0600857572254838
1174,1.0667639362100965,1.064399862335021,1.0579146008902378
1175,1.0667639362100965,1.064176532117773,1.058225927681812
1176,1.0667639362100965,1.0642309431308545,1.0590695063459699
1177,1.0667639362100965,1.06461445228331,1.058526990116417
1178,1.0667639362100965,1.0643529948336383,1.0538452579509867
1179,1.0667639362100965,1.0642019925061785,1.0591578968836586
1180,1.0667639362100965,1.0638273287011908,1.050281906045298
1181,1.0667639362100965,1.0632972403289775,1.0529863479511
1182,1.0667639362100965,1.0639139073002848,1.0539194174820157
1183,1.0667639362100965,1.0637380840105624,1.0494634821365767
1184,1.0667639362100965,1.0631154909099647,1.0572380523302318
1185,1.0667639362100965,1.0635245573314545,1.058214302266761
1186,1.0667639362100965,1.063886395498957,1.0560249853776593
1187,1.0667639362100965,1.063509143261504,1.0480202999834591
1188,1.0667639362100965,1.0633952280704948,1.056855616678195
1189,1.0667639362100965,1.0636026501546945,1.0519239913030507
1190,1.0667639362100965,1.0636323992386183,1.0546666908443298
1191,1.0667639362100965,1.0635080083952315,1.0594136177886058
1192,1.0667639362100965,1.0634015435950765,1.054275369691
1193,1.0667639362100965,1.0637158173220234,1.0580161586188295
1194,1.0667639362100965,1.063829160780267,1.0531892679038004
1195,1.0667639362100965,1.063923925764486,1.0577302916674656
1196,1.0669875261191173,1.0634738966089654,1.05906782110771
1197,1.0669875261191173,1.0638629377710647,1.053778750486895
1198,1.0669875261191173,1.0642973713208312,1.0578764180140068
1199,1.06704009421681,1.0651844180541328,1.0615847805083087
1200,1.06704009421681,1.065220902769608,1.0541826452586758
1201,1.06704009421681,1.0649766493520294,1.0561133712009532
1202,1.06704009421681,1.0648177989101857,1.062395202288152
1203,1.06704009421681,1.065012070450452,1.05819709958138
1204,1.06704009421681,1.065293452058003,1.061919599093974
1205,1.06704009421681,1.0656699010799966,1.0629830483172964
1206,1.06704009421681,1.0657001991462756,1.0617787767581335
1207,1.06704009421681,1.0657322306363326,1.0621722806597875
1208,1.0670907720681293,1.0652033747923852,1.0561824006618492
1209,1.067164447712559,1.0650201656631706,1.0548324709084245
1210,1.067164447712559,1.065277481953104,1.0574576976093721
1211,1.067164447712559,1.0648458719480371,1.0482783221476246
1212,1.067164447712559,1.0649177260330098,1.0522073615343654
1213,1.0672415423434696,1.0647287149147278,1.0594861618254576
1214,1.0672415423434696,1.0648350460415126,1.0597062148041951
1215,1.0672415423434696,1.0649017187280916,1.0599866234442574
1216,1.0672415423434696,1.0647135140746344,1.0604607890898472
1217,1.0672415423434696,1.0647747308248092,1.0583072926332244
1218,1.0672415423434696,1.0649803750545703,1.058879450298246
1219,1.0672415423434696,1.064793671488145,1.0564205931207602
1220,1.0672415423434696,1.0647055858742955,1.0575712827432682
1221,1.0672415423434696,1.0650735789360875,1.0619058790451552
1222,1.0672415423434696,1.065096646954415,1.0625494786496885
1223,1.0672415423434696,1.0652503624772303,1.0618271212800332
1224,1.0673130796675077,1.0652890488583329,1.0581244825730507
1225,1.0673130796675077,1.0652152162837252,1.0608633968531034
1226,1.0673130796675077,1.0649784245640521,1.0582516511143538
1227,1.0673130796675077,1.0646006995777277,1.0565008156746405
1228,1.0673130796675077,1.0644842476540444,1.056948147357594
1229,1.0673130796675077,1.0644008277952417,1.0574979172414767
1230,1.0673130796675077,1.065314370613269,1.0566304363286485
1231,1.0673130796675077,1.0653408289261115,1.0615182217349552
1232,1.0673130796675077,1.065815164054481,1.0626284585522958
1233,1.0673130796675077,1.0657777005958258,1.0632555507086856
1234,1.0673130796675077,1.0657973070428877,1.0589451845933013
1235,1.0673130796675077,1.0657751370666566,1.0631459383170334
1236,1.0673130796675077,1.0654039428230009,1.057980685632499
1237,1.0673130796675077,1.0652381396877968,1.0576553478849358
1238,1.0673130796675077,1.0654824857201535,1.0619546608262127
1239,1.0673130796675077,1.0658388514733965,1.0614921015658356
1240,1.067380901939576,1.0658404433951079,1.0619523244975424
1241,1.067380901939576,1.0661609468863533,1.0637767282393629
1242,1.0674340015045836,1.0662696799680353,1.062378115430467
1243,1.0674340015045836,1.0664194473768718,1.0646088676815975
1244,1.0674340015045836,1.0662407405354755,1.0613136486930426
1245,1.0674340015045836,1.0661121102435989,1.0612505955424278
1246,1.0674340015045836,1.0665277580156007,1.0644794184651822
1247,1.0674340015045836,1.066428960274858,1.0642558781466362
1248,1.0674340015045836,1.0663558642672504,1.0600498045128899
1249,1.0674340015045836,1.0662428106287272,1.0631676712056772
1250,1.0674340015045836,1.0661170709207715,1.0627521915466243
1251,1.0674340015045836,1.0661747064712161,1.0637431784549605
1252,1.0674340015045836,1.0659528199075532,1.0622316493414345
1253,1.0674340015045836,1.065727863658234,1.0591934674986403
1254,1.0674340015045836,1.0651425643498376,1.0490137071000953
1255,1.0674340015045836,1.0656011320096779,1.0591896976329154
1256,1.0674340015045836,1.0654981380853963,1.0624611468910192
1257,1.0674340015045836,1.0660865370601271,1.0628454442945667
1258,1.0674340015045836,1.0659599207356565,1.0633677419254264
1259,1.0674340015045836,1.065944288088766,1.0638238130899054
1260,1.0674340015045836,1.0661983443720189,1.0642586612416296
1261,1.0674340015045836,1.0662345599411096,1.0621786238515218
1262,1.0674340015045836,1.066080739441084,1.0614500642271276
1263,1.0674808649066714,1.0660932814759958,1.0628783192164566
1264,1.0675383696577458,1.0662607239723363,1.0620172803635206
1265,1.0675383696577458,1.0661515234137682,1.0596906595208209
1266,1.0675383696577458,1.065786616793778,1.056669215891096
1267,1.0675383696577458,1.0654262060042747,1.0600546043503518
1268,1.0675383696577458,1.0658578866683128,1.060755392777259
1269,1.0675383696577458,1.0659976064382817,1.0631060415362552
1270,1.0675383696577458,1.0659048857906286,1.0596086459313225
1271,1.0675383696577458,1.065785827416555,1.06299376757497
1272,1.0675383696577458,1.065731229844918,1.0613145266229185
1273,1.0675383696577458,1.0654555263174388,1.0605673965775946
1274,1.0675383696577458,1.0657378047490749,1.0625525029980416
1275,1.0675383696577458,1.0659811598560884,1.0628078413515172
1276,1.067779532599021,1.06607008573503,1.0623814526455613
1277,1.067779532599021,1.066029278574978,1.0615659717841497
1278,1.067779532599021,1.066097062261138,1.0587658603633678
1279,1.067779532599021,1.0660222979861282,1.0622706615502768
1280,1.067779532599021,1.0660580761644132,1.0624059363594571
1281,1.067779532599021,1.0656178867859227,1.0616395889587273
1282,1.067779532599021,1.0657098756083472,1.0497742183144672
1283,1.067779532599021,1.0655458941451843,1.062825623446671
1284,1.067784575026032,1.065826979291071,1.0617946565233853
1285,1.067784575026032,1.0659503044812129,1.062274303933172
1286,1.067784575026032,1.0656298040562189,1.0583502539997092
1287,1.0678199877822419,1.0662300622640826,1.0624707786294236
1288,1.0678199877822419,1.0662365022263758,1.0626606181792584
1289,1.0679097781193647,1.0663576280679814,1.0641593671487553
1290,1.0679097781193647,1.06632746523772,1.0619169225817047
1291,1.0679097781193647,1.0663765730008548,1.0617094361176236
1292,1.0679993099440142,1.066252984964401,1.0612381461012634
1293,1.0680866222832774,1.0662344869406108,1.0621808606953356
1294,1.0680866222832774,1.0664759707768214,1.061200193026394
1295,1.0680866222832774,1.066693330247554,1.0627501138922835
1296,1.0681593959527464,1.0668133095140315,1.0635482256666033
1297,1.0681593959527464,1.0669311060859612,1.0642644096668545
1298,1.0681593959527464,1.0665484350065066,1.0604995589761903
1299,1.068287129381676,1.0662572667062278,1.0604737771706563
1300,1.068287129381676,1.066567706662205,1.0632944295769393
1301,1.068287129381676,1.0665217453814262,1.058443894256026
1302,1.068287129381676,1.0663905441315171,1.0619938994128684
1303,1.068287129381676,1.0665615824539811,1.0626942443627971
1304,1.068287129381676,1.0662550012733172,1.0529790965144903
1305,1.068287129381676,1.0661914381126913,1.056315843441618
1306,1.068287129381676,1.0665130310662196,1.0616340509373157
1307,1.068287129381676,1.0659153527845742,1.056808919063958
1308,1.068287129381676,1.0658864415810778,1.0626720019058884
1309,1.068287129381676,1.0661471644647875,1.0613463306616535
1310,1.068287129381676,1.0661084880221057,1.0616292772000921
1311,1.068287129381676,1.0658021966737565,1.0598818193304336
1312,1.068287129381676,1.0658687036815264,1.0610667669958116
1313,1.068287129381676,1.0661741250084775,1.0622853359835343
1314,1.0684403817307315,1.0666750528484277,1.0618900610935174
1315,1.0684403817307315,1.0667402114377804,1.0631665679712028
1316,1.0684403817307315,1.0666269490835574,1.063217423074651
1317,1.0684403817307315,1.0668058969549414,1.0630056870967175
1318,1.0684403817307315,1.0667861367547276,1.059530757959633
1319,1.0684403817307315,1.0664899321662564,1.0624539410968605
1320,1.0684403817307315,1.0663298241605714,1.0601171419973725
1321,1.0686378222876538,1.066456233961861,1.0612420791090722
1322,1.0686378222876538,1.066524125151482,1.0628705282859616
1323,1.0686378222876538,1.0665699603506997,1.0627403401303126
1324,1.068716101428566,1.0665871689148878,1.062805095623178
1325,1.068716101428566,1.0664548005051424,1.0622067111739102
1326,1.068716101428566,1.066654747389614,1.0621555906189493
1327,1.068716101428566,1.0667434699032339,1.0505637102218488
1328,1.068716101428566,1.0669952498037298,1.0643554181375157
1329,1.068716101428566,1.0671518566054135,1.0637149205255627
1330,1.068716101428566,1.067264039355822,1.0610427230972128
1331,1.068716101428566,1.0671470852605298,1.0640994297919706
1332,1.068716101428566,1.0672689938495319,1.0649179317082555
1333,1.068716101428566,1.0673694964901117,1.0631470109036585
1334,1.068716101428566,1.0676475910450334,1.0640693178879148
1335,1.068716101428566,1.067795039489414,1.0660910094205922
1336,1.068716101428566,1.067820331618945,1.0663255181537794
1337,1.068734770195492,1.0677598046223822,1.065364698406262
1338,1.068734770195492,1.0678817587494138,1.063726409575335
1339,1.068734770195492,1.0674944387136704,1.0620953375681426
1340,1.068734770195492,1.0675122545419529,1.0646360178742156
1341,1.068734770195492,1.0672612899375655,1.0647575818046926
1342,1.068734770195492,1.0671821347289943,1.0648701691937696
1343,1.068734770195492,1.067071215859858,1.0620573138516798
1344,1.068734770195492,1.0668567990946571,1.0605926314295435
1345,1.068734770195492,1.066750234506219,1.063179760465197
1346,1.068734770195492,1.067007228355615,1.0629806373775597
1347,1.068734770195492,1.0673467448177238,1.0626127443734594
1348,1.068734770195492,1.0672148560787749,1.0628913651200398
1349,1.068734770195492,1.0675635743091558,1.0641733975749001
1350,1.068734770195492,1.0676611832845904,1.0621416448551289
1351,1.068734770195492,1.0673892363049824,1.0627647255102985
1352,1.068734770195492,1.0674518521335816,1.063697143891376
1353,1.068734770195492,1.0674933288541397,1.0643630415638878
1354,1.068734770195492,1.0675907471696284,1.0641316706377668
1355,1.068734770195492,1.0679438099027554,1.0648566438737357
1356,1.0687392435882628,1.0679445944799264,1.0646418438272274
1357,1.0688432183902103,1.0680410306051986,1.0653594718281687
1358,1.0688432183902103,1.068132734590551,1.0626350510595033
1359,1.0688432183902103,1.0680457208307093,1.0647923020219705
1360,1.0688432183902103,1.0680991822954886,1.0660767166934664
1361,1.0691123938170406,1.0678224696442138,1.0651969298964046
1362,1.0691123938170406,1.0678077639981318,1.0632215636123303
1363,1.0691123938170406,1.0672883878486978,1.062244941773578
1364,1.0691123938170406,1.0670809725317179,1.061805543427544
1365,1.0691123938170406,1.0669517575070215,1.06008083318009
1366,1.0692462946384265,1.0673351135471045,1.0622943138896372
1367,1.0692462946384265,1.0674188727100529,1.0643239728554983
1368,1.0692462946384265,1.0675377016989733,1.064069295478736
1369,1.0692462946384265,1.067719126493138,1.0642785394064411
1370,1.0692462946384265,1.0677169138104354,1.0638688727132664
1371,1.0692462946384265,1.0678294177648404,1.0646777645764214
1372,1.0692462946384265,1.0677050541103894,1.0621089325693591
1373,1.0692462946384265,1.068085683435275,1.0641586640706162
1374,1.0692462946384265,1.068373153426627,1.065495311295508
1375,1.0692462946384265,1.068249929980828,1.0629580632785152
1376,1.0692462946384265,1.068225061795276,1.0635130649043636
1377,1.0692506470019918,1.0680720040671776,1.0574952940794313
1378,1.0692506470019918,1.0682279798482914,1.065642231635736
1379,1.0692506470019918,1.0680305334622293,1.0648349179747392
1380,1.0692506470019918,1.0678507046466366,1.06363695261369
1381,1.0692506470019918,1.0681175857215266,1.0638301961391798
1382,1.0692506470019918,1.0679388362354925,1.064606888877166
1383,1.0692506470019918,1.0681267413078392,1.0652524748744847
1384,1.0692506470019918,1.0679060736191588,1.0639868289644845
1385,1.0692506470019918,1.0681600721186895,1.0647681685948438
1386,1.0692506470019918,1.0681829350942451,1.0619967571300997
1387,1.0692506470019918,1.0678999290847442,1.0617589677882617
1388,1.0692506470019918,1.0676718148587445,1.0633905730511954
1389,1.0692506470019918,1.0674261350780831,1.0607909414793633
1390,1.069337895512707,1.0668020456269083,1.0599850542625597
1391,1.069337895512707,1.0673889417781373,1.064649401898969
1392,1.069337895512707,1.0674355981495165,1.0638193081276028
1393,1.069337895512707,1.067270155912048,1.059014034811358
1394,1.0695104411068237,1.0673148042417884,1.0632342252720164
1395,1.0695104411068237,1.0674350974781515,1.0647383035331563
1396,1.0697432340766422,1.0672779582854934,1.0637505673816348
1397,1.0697432340766422,1.0669087273061162,1.0602642320390674
1398,1.0697432340766422,1.0675836214709407,1.0644446154013882
1399,1.0699569638943178,1.068263675214333,1.0644170570277818
1400,1.0699569638943178,1.0679732980443175,1.0612168986613186
1401,1.0699569638943178,1.06804810203124,1.06424125309275
1402,1.0699569638943178,1.0682282511705636,1.0627203517941624
1403,1.0699569638943178,1.0681824136433296,1.0650715866289937
1404,1.0699569638943178,1.0686366950910782,1.0659189386702177
1405,1.0699569638943178,1.0684462013265392,1.0659681688362292
1406,1.0699569638943178,1.0685239590093492,1.0645576548364153
1407,1.0699569638943178,1.0679127856575317,1.0613103455512143
1408,1.0699569638943178,1.0674074415872057,1.060940353458428
1409,1.0700833598813686,1.0677673815300217,1.0627689954858925
1410,1.0700833598813686,1.067536051693821,1.0626058374607747
1411,1.0700833598813686,1.0681941124836107,1.0643350286555582
1412,1.0700833598813686,1.0677401301541727,1.0544444989254709
1413,1.0700833598813686,1.0669188981896292,1.0484963537973937
1414,1.0701782732401584,1.0667592967612374,1.0464208919099616
1415,1.0701782732401584,1.0667195674532746,1.0589509896176437
1416,1.0701782732401584,1.0661609525167401,1.0553179414532827
1417,1.0701782732401584,1.0657572952821297,1.058065027685556
1418,1.0701782732401584,1.0668075660613363,1.0619036335374328
1419,1.0701782732401584,1.0674139779743492,1.0596032596556433
1420,1.0703052375824669,1.0680295262718993,1.0589193058428692
1421,1.0703052375824669,1.0682008385645176,1.0608650243379962
1422,1.0704274367440725,1.0683532025516118,1.0645338272140448
1423,1.0704274367440725,1.0682490573942882,1.0622238497365126
1424,1.0704274367440725,1.0683048100833499,1.0642763464141398
1425,1.0704274367440725,1.06852827563507,1.065549749802248
1426,1.0704274367440725,1.0685025969525959,1.065455771842503
1427,1.0704274367440725,1.0683606924659734,1.0653576240617018
1428,1.0704274367440725,1.0680860889001158,1.063151824453828
1429,1.0704274367440725,1.068120230281928,1.0638166496673649
1430,1.0704274367440725,1.0673187022049648,1.0590476463710081
1431,1.0704274367440725,1.067823835479669,1.0577853367647978
1432,1.0704274367440725,1.067368648359077,1.0522457569778596
1433,1.0704274367440725,1.0678693862118143,1.063956574489879
1434,1.0704274367440725,1.0678895972526097,1.0621281260065654
1435,1.0704274367440725,1.0683381531136775,1.063369767970316
1436,1.0704274367440725,1.068200665070653,1.065357230610109
1437,1.0704274367440725,1.068916962795666,1.0654013881956945
1438,1.0704274367440725,1.068809628796791,1.0630054761455088
1439,1.0704274367440725,1.0688288904294332,1.065212989194046
1440,1.0704274367440725,1.0685780416354562,1.0618411222664874
1441,1.0704274367440725,1.068895618812184,1.06200521475753
1442,1.0704274367440725,1.0686234258675602,1.0625002630359068
1443,1.0704274367440725,1.0684322169075455,1.0647370292570062
1444,1.0704274367440725,1.068425595900073,1.0619730608478566
1445,1.0704274367440725,1.0683559974892842,1.0654958956136416
1446,1.0704274367440725,1.0686520214944815,1.063493421502684
1447,1.0704274367440725,1.0686585654577316,1.06195500900734
1448,1.0704274367440725,1.068831985672725,1.0646245429922214
1449,1.0704274367440725,1.068772801267666,1.0634431343576516
1450,1.0704274367440725,1.068747622867077,1.06329965051382
1451,1.0704274367440725,1.068598699924744,1.05042213804406
1452,1.0704274367440725,1.0682695196441248,1.057813601839095
1453,1.0704274367440725,1.0678560123514145,1.0578923250737697
1454,1.0704274367440725,1.0677463865362737,1.0618096969068638
1455,1.0704274367440725,1.0684308528429118,1.0636463563257952
1456,1.0704274367440725,1.0686109089381046,1.0539961042445611
1457,1.0704274367440725,1.06820654936016,1.0626642766038554
1458,1.0704701825213534,1.0684371569601507,1.064946911709762
1459,1.0704701825213534,1.0686251224832528,1.0595281617715684
1460,1.0704701825213534,1.0682874328795149,1.0615021517113106
1461,1.0704701825213534,1.0683691781208882,1.0637254056199066
1462,1.0704701825213534,1.068521472273814,1.0645179661144721
1463,1.0704701825213534,1.0686095509381541,1.0650929538595577
1464,1.0704701825213534,1.0686682204341729,1.0654657856027203
1465,1.0704701825213534,1.0682243221189118,1.0604138022556702
1466,1.0704701825213534,1.0684850855444632,1.0646900767113987
1467,1.0704701825213534,1.0687339012064385,1.0653535515366284
1468,1.0704701825213534,1.0684023704187617,1.0548974623638123
1469,1.0704701825213534,1.067838688568501,1.0575930807465845
1470,1.0704701825213534,1.067637624731639,1.0623660123069203
1471,1.0704701825213534,1.0677506362636522,1.0639161724865418
1472,1.0704701825213534,1.0679805934453657,1.0628983478293748
1473,1.0704701825213534,1.067769432772164,1.0618917026259005
1474,1.0704701825213534,1.0677805495725305,1.0639375890965164
1475,1.0704701825213534,1.0674911871573123,1.0576233829055426
1476,1.0704701825213534,1.0672585149152474,1.0499044688244437
1477,1.0704701825213534,1.0668346835525224,1.056305945177924
1478,1.0704701825213534,1.0670284584220895,1.060391145403153
1479,1.0704701825213534,1.0667218935582456,1.060532781720175
1480,1.0704701825213534,1.0676384085120332,1.0633722170882884
1481,1.0704701825213534,1.0677904200848074,1.0595504802310736
1482,1.0704701825213534,1.0679495734726763,1.061231981435892
1483,1.0704701825213534,1.0681049191418095,1.0631198652759433
1484,1.0704701825213534,1.0684079326588438,1.0642905760498533
1485,1.0704701825213534,1.067981239793969,1.0588872113064451
1486,1.0704701825213534,1.0673332999538017,1.0633073965328574
1487,1.0704701825213534,1.0674709515257355,1.0623461110261372
1488,1.0704701825213534,1.0672817112634554,1.0628805307689049
1489,1.0704701825213534,1.0675821207445935,1.0620182334498323
1490,1.0704701825213534,1.0677711749363303,1.0630735453864237
1491,1.0704701825213534,1.0677587376223807,1.0620213446932396
1492,1.0704701825213534,1.0681227270257763,1.063615115679978
1493,1.0704701825213534,1.0683333312661425,1.060694576916556
1494,1.0704701825213534,1.0679085267339488,1.061099318521562
1495,1.0704701825213534,1.067545457336074,1.0582201427271825
1496,1.0704701825213534,1.0672085863204348,1.058582024753579
1497,1.0704701825213534,1.0670511292891494,1.055869334789208
1498,1.0704701825213534,1.0662655645671892,1.0546165238945093
1499,1.0704701825213534,1.06595448173618,1.0451270578289131
1500,1.0704701825213534,1.0661417802115685,1.0596438969532604
1501,1.0704701825213534,1.0657138733146956,1.0576981193639639
1502,1.0704701825213534,1.0661825552764777,1.056563839535369
1503,1.0704701825213534,1.066404388342257,1.055036327553716
1504,1.0704701825213534,1.0659592451511672,1.0560634106909617
1505,1.0704701825213534,1.065428028141894,1.0575691326358378
1506,1.0704701825213534,1.0663161100081766,1.053278299661277
1507,1.0704701825213534,1.0662537952205475,1.0593200515702377
1508,1.0704701825213534,1.0660414455475695,1.0590828809503705
1509,1.0704701825213534,1.065750480510284,1.0558316997436383
1510,1.0704701825213534,1.0655391427654868,1.058472263541208
1511,1.0704701825213534,1.0666649084830473,1.0600167518264587
1512,1.0704701825213534,1.0665832502182444,1.0627608047186543
1513,1.0704701825213534,1.0670458769937776,1.059007270997125
1514,1.0704701825213534,1.0669695952327902,1.0620513473997946
1515,1.0705950749249107,1.0671272437423822,1.0622059856979498
1516,1.0705950749249107,1.0676285870894646,1.0621853741087095
1517,1.0705950749249107,1.0677701488353644,1.0636003184853606
1518,1.0705950749249107,1.0677310757394074,1.061355442579759
1519,1.0706024236824905,1.067993420816302,1.062886966646938
1520,1.0706024236824905,1.0678779967865843,1.060678896686972
1521,1.0706024236824905,1.0685088806501393,1.0631888549172794
1522,1.0706024236824905,1.069014565165726,1.0662604812616785
1523,1.0706024236824905,1.0692169959283138,1.0660224887685974
1524,1.0706024236824905,1.0691369832611217,1.0629888437931356
1525,1.0706024236824905,1.0690860353684248,1.0665665657065744
1526,1.0706024236824905,1.0698356168865517,1.0665962305102175
1527,1.0706024236824905,1.0697349812348849,1.0671898111728562
1528,1.0706024236824905,1.0697580112980851,1.0672428976021489
1529,1.0706024236824905,1.0698266382635422,1.066827745594432
1530,1.0706024236824905,1.0698630818895185,1.06785883027654
1531,1.0707162059050745,1.069953148308053,1.0676949585228344
1532,1.0707162059050745,1.0698870748903602,1.0681711238734586
1533,1.0707162059050745,1.069813936375671,1.0675734037583267
1534,1.0707162059050745,1.069920071195698,1.0667133918464426
1535,1.0707162059050745,1.0697888916194342,1.0670072676445017
1536,1.0707162059050745,1.0698129693262266,1.066894781977429
1537,1.0707162059050745,1.0697782711719344,1.0670196365887128
1538,1.0707162059050745,1.069771385236047,1.0676071547683266
1539,1.0707162059050745,1.069722112951309,1.0675200852172912
1540,1.0708497377348496,1.0697135252240064,1.067350140382028
1541,1.0708497377348496,1.0698307702543772,1.0681941493034492
1542,1.0708497377348496,1.0697525676812776,1.066592074355107
1543,1.0708497377348496,1.0698588427819893,1.0686052164724487
1544,1.0708497377348496,1.0697446910920418,1.0681558297402114
1545,1.0708497377348496,1.0697823492575371,1.0681466816730758
1546,1.0708497377348496,1.0697256131165251,1.0678885431987875
1547,1.0708497377348496,1.0697747263918294,1.0677089084608076
1548,1.0708497377348496,1.069564248118246,1.0675094082480734
1549,1.0708497377348496,1.0696650248169337,1.0679373918240167
1550,1.0708497377348496,1.069656790835907,1.066723358468431
1551,1.0708497377348496,1.069711894867056,1.06658712416661
1552,1.0708497377348496,1.0695514838859912,1.0658589552848827
1553,1.0708497377348496,1.0695352528928823,1.0652104086757355
1554,1.0708497377348496,1.0696457898411518,1.067367688780744
1555,1.0708497377348496,1.0694667287508348,1.0660044694948083
1556,1.0708497377348496,1.0694121427014445,1.065610202210877
1557,1.0708497377348496,1.0693370398561526,1.0642336827747982
1558,1.0708497377348496,1.0692095447954457,1.0640308865196568
1559,1.0708497377348496,1.069263703527588,1.0643569673530446
1560,1.0708497377348496,1.0692562299075161,1.0655918925921855
1561,1.0708497377348496,1.069085343386993,1.0563775234954977
1562,1.0708497377348496,1.0689010637717156,1.0616078746139916
1563,1.0708497377348496,1.0688129343925938,1.0617249346662248
1564,1.0708497377348496,1.0686498000736213,1.0460844185461877
1565,1.0708497377348496,1.0689496694490574,1.0639820199368542
1566,1.0708497377348496,1.0692301213108637,1.0667047936291172
1567,1.0708497377348496,1.0697233293109392,1.065077448073
1568,1.0708497377348496,1.0695474249088364,1.061660349915133
1569,1.0708497377348496,1.0691572382689858,1.062841691460065
1570,1.0708497377348496,1.0694489552999176,1.0656292540853975
1571,1.0708497377348496,1.0695683563272818,1.0667307512837512
1572,1.0709032968013046,1.0695411424315862,1.065795631709303
1573,1.0709032968013046,1.069451189156416,1.064701740945919
1574,1.0709262618332056,1.0695552302988716,1.0634290062784526
1575,1.0709262618332056,1.068957702700506,1.0650816455104464
1576,1.0709262618332056,1.0689926471961,1.0651380369426469
1577,1.0709262618332056,1.0695006940869394,1.063653410444696
1578,1.0709262618332056,1.0694089949364358,1.065543841942503
1579,1.0709262618332056,1.0688511322479812,1.048389931688482
1580,1.0709262618332056,1.0690220468839406,1.0629406097740988
1581,1.0709347579686472,1.0693280310267916,1.0621061722259966
1582,1.0709347579686472,1.0692180620656493,1.0637436136283287
1583,1.0709347579686472,1.0687329718525325,1.0625570651272824
1584,1.0709378433068701,1.0686348399838095,1.0614468196765605
1585,1.0709378433068701,1.0689447443774691,1.0642158677842743
1586,1.0709378433068701,1.0687489653520852,1.0624309229564468
1587,1.0711630496145412,1.0681714092940355,1.0613765676330669
1588,1.0711630496145412,1.0679863533979277,1.0618160468883338
1589,1.0711630496145412,1.0682662983005755,1.060932017507949
1590,1.0711630496145412,1.068616937898759,1.0613958110174329
1591,1.0711630496145412,1.068982905501462,1.0647528362307703
1592,1.0711630496145412,1.0690579961385753,1.058525900305314
1593,1.0711630496145412,1.0687595808721897,1.0555820210593831
1594,1.0711630496145412,1.068806032008664,1.0630012452224602
1595,1.0711630496145412,1.0692318086030526,1.0652448497102682
1596,1.0711630496145412,1.0695613753895694,1.0655002416250607
1597,1.0711630496145412,1.0695479670080759,1.0649276518153639
1598,1.0711630496145412,1.0692662219194284,1.0632773358664465
1599,1.0711630496145412,1.0692987666381892,1.0642732083718704
1600,1.0711630496145412,1.06970082154617,1.066346553220857
1601,1.0711630496145412,1.0699790206768542,1.0651208063693072
1602,1.0711630496145412,1.0699008719396652,1.0669153079589442
1603,1.0711630496145412,1.0697629972632234,1.0667521775372228
1604,1.0711630496145412,1.0693730121320335,1.0647924726177824
1605,1.071193721086782,1.0692766689554838,1.0658816016860064
1606,1.0712160196263076,1.069476179308435,1.0647188273024912
1607,1.0712160196263076,1.0699358845965206,1.0658495801556198
1608,1.0712160196263076,1.0701456788338721,1.0674192973264056
1609,1.0712160196263076,1.0698609591233752,1.0644821058203797
1610,1.0712160196263076,1.0698525039777635,1.052598771692353
1611,1.0712160196263076,1.0694657594416497,1.0488175151596635
1612,1.0712160196263076,1.0699578438276196,1.0659896761900916
1613,1.0712160196263076,1.0700042376345527,1.0663788018332148
1614,1.0712160196263076,1.0701613231605065,1.0672004121649858
1615,1.0712160196263076,1.070137180537064,1.067384007129379
1616,1.0712160196263076,1.0697996370792549,1.0638660247824037
1617,1.0712160196263076,1.0692039094601256,1.062204048261251
1618,1.0712160196263076,1.0692026506461296,1.0606510134618221
1619,1.0712160196263076,1.0693971647394322,1.0672021765411346
1620,1.0712160196263076,1.0695593969044954,1.0662273497992076
1621,1.0712160196263076,1.0694455901892876,1.0646256472078215
1622,1.0712160196263076,1.0692227817775624,1.0657910781201125
1623,1.0712160196263076,1.0689656218200039,1.0619593497597242
1624,1.0712160196263076,1.0688543720600938,1.0652823569910383
1625,1.0712160196263076,1.068926524031512,1.0625286524699058
1626,1.0712968230778321,1.0688608033457814,1.060440704478407
1627,1.0712968230778321,1.0690835635511169,1.0613052176941429
1628,1.0712968230778321,1.0693823910460198,1.0660822639752552
1629,1.0712968230778321,1.0689985762056218,1.0591761896986056
1630,1.0712968230778321,1.0693566925571318,1.066206794296509
1631,1.0713947090035507,1.0697897568584134,1.0667421629684852
1632,1.0713947090035507,1.0696639966589971,1.0653301477265011
1633,1.0713947090035507,1.069533941927483,1.065364358753956
1634,1.0713947090035507,1.0695036638793856,1.064558251547709
1635,1.0713947090035507,1.0697835539634932,1.0665430865362648
1636,1.0713947090035507,1.0698071661813198,1.066309344895886
1637,1.0713947090035507,1.0698892829320865,1.0668164085787977
1638,1.0714727760827014,1.070004924882673,1.0665459055782092
1639,1.0714727760827014,1.0697369877842624,1.0629459283915912
1640,1.0714727760827014,1.0698042300936008,1.0649345921264841
1641,1.0714727760827014,1.0701768228897814,1.0664758145030124
1642,1.0714727760827014,1.0701107639539336,1.0661371814218041
1643,1.0714727760827014,1.0701126345348615,1.066073740668352
1644,1.0714727760827014,1.0701743267254369,1.0676168582307415
1645,1.0714727760827014,1.0702624274619223,1.0678981758540855
1646,1.0716582091602822,1.0702279442428253,1.064988575133044
1647,1.0716582091602822,1.0702283007964815,1.0671103350550881
1648,1.0716582091602822,1.0703922145302058,1.0674497611150489
1649,1.0716582091602822,1.070503897694257,1.0682802685681945
1650,1.0716582091602822,1.0707423637006892,1.0691364966592845
1651,1.0716582091602822,1.070693282266602,1.0688292296188044
1652,1.071727522536045,1.0706931570780152,1.0677610655348448
1653,1.071727522536045,1.0704327272003709,1.0681559551123438
1654,1.071727522536045,1.070623944568855,1.0662931652717198
1655,1.071727522536045,1.070406432450443,1.0662271983155347
1656,1.071727522536045,1.0705239841965655,1.0665006126808518
1657,1.071727522536045,1.0706746204096134,1.068334939106843
1658,1.071727522536045,1.070656370671613,1.0687733035250115
1659,1.071727522536045,1.0707049187251203,1.069128303886442
1660,1.071727522536045,1.0707592444350327,1.0685279759400097
1661,1.0717657835451548,1.070738776554815,1.0665768260210653
1662,1.0717657835451548,1.0698973173540212,1.0635499806987392
1663,1.0717657835451548,1.0703226463838398,1.065910267938347
1664,1.0717657835451548,1.0701241981653709,1.063693897346061
1665,1.0717657835451548,1.06998262398664,1.0660388942109806
1666,1.0717657835451548,1.07007109708328,1.0546784234028204
1667,1.0717804964665998,1.070413847276487,1.0632769539494862
1668,1.0717804964665998,1.0704628249231265,1.0637998449176604
1669,1.0717804964665998,1.070272592323997,1.0594408926414456
1670,1.0717804964665998,1.0700208321951075,1.0651595342229159
1671,1.0717804964665998,1.0704433585791557,1.0660759164047655
1672,1.0717804964665998,1.06988484697431,1.059260413780946
1673,1.0717804964665998,1.0696354170584936,1.062169087678637
1674,1.0717804964665998,1.0701028356682443,1.0665251020806612
1675,1.0717804964665998,1.0701499525224245,1.0655723338021812
1676,1.0717804964665998,1.06983765437721,1.0615807085477118
1677,1.0717804964665998,1.0699230046807389,1.0652291949417148
1678,1.0717804964665998,1.0698588215569467,1.0650179836232945
1679,1.0717804964665998,1.0699187838720114,1.0666488921944433
1680,1.0717804964665998,1.0692976901371534,1.0602694681820979
1681,1.0717804964665998,1.069347405546994,1.0610454844849737
1682,1.0717804964665998,1.0692976098805633,1.0634294786143326
1683,1.0717804964665998,1.0693856046022419,1.0633758778449571
1684,1.0717804964665998,1.069333066494839,1.0635087470288287
1685,1.0717804964665998,1.069287090285136,1.0616906378974347
1686,1.0717804964665998,1.0689829181964878,1.0604743778495884
1687,1.0717804964665998,1.0686415666438436,1.0629178970440396
1688,1.0717804964665998,1.0688133918145075,1.055798666701699
1689,1.0717804964665998,1.0686889126197499,1.0649065753662579
1690,1.0717804964665998,1.0690059924805626,1.0606573269410529
1691,1.0717804964665998,1.0688033773193641,1.059885064334356
1692,1.0717804964665998,1.0691333296836372,1.0624724825286753
1693,1.0717804964665998,1.0689231893089162,1.059667264081495
1694,1.0717804964665998,1.068393987186276,1.0582157316836067
1695,1.0717804964665998,1.0691072153956482,1.0608368800904764
1696,1.0717804964665998,1.0693430008631117,1.0616848664762446
1697,1.0717804964665998,1.0695505942362353,1.06204250207561
1698,1.0717804964665998,1.0693447339221187,1.0656429070146671
1699,1.0717804964665998,1.0698797288860602,1.0651141513398246
1700,1.0717804964665998,1.0698296466128565,1.0667133113068328
1701,1.0717804964665998,1.0698515251202907,1.0664641595152484
1702,1.0717804964665998,1.0694482790774977,1.0517175128890415
1703,1.0717804964665998,1.0689998735414605,1.064504152630043
1704,1.0717804964665998,1.0691036912757403,1.0616598463787694
1705,1.0717804964665998,1.0686604683477277,1.06205819460127
1706,1.0717804964665998,1.0689268308466515,1.0625073927422755
1707,1.0717804964665998,1.069095967884773,1.0647470475033964
1708,1.0717804964665998,1.0690031412033119,1.0635994063546144
1709,1.0717804964665998,1.069422476137339,1.0649906549992563
1710,1.0717804964665998,1.0694124374075828,1.0667669153254187
1711,1.0717804964665998,1.0695574978616162,1.0658044518080445
1712,1.0717804964665998,1.0697554549012032,1.0660419141008841
1713,1.0717804964665998,1.0695444089450414,1.059126934479244
1714,1.0717804964665998,1.0693061538808089,1.0552991766399828
1715,1.0717804964665998,1.069297404601169,1.065624168529071
1716,1.0717804964665998,1.0695505971426698,1.0628726528005252
1717,1.0717804964665998,1.069327378670776,1.0654981378093562
1718,1.0717804964665998,1.0701234524273702,1.0655023779975614
1719,1.071801995985317,1.0702384216732401,1.067023959033386
1720,1.0720095971396433,1.0702321223467184,1.066920366258406
1721,1.0720095971396433,1.070007552244223,1.0658360203847104
1722,1.0720095971396433,1.069853218852272,1.0632261823941669
1723,1.0720095971396433,1.0697545713526286,1.0648941260939866
1724,1.0720095971396433,1.0698002635835435,1.0669618773759004
1725,1.0720095971396433,1.0700650257217748,1.0667104755625447
1726,1.0720095971396433,1.0701435164167974,1.0651480125864565
1727,1.0720095971396433,1.0701058198229303,1.0653840227038982
1728,1.0720095971396433,1.0699087942661205,1.065944776886874
1729,1.0720095971396433,1.0700266702182293,1.066775409717743
1730,1.0720095971396433,1.070153837190264,1.061359342831094
1731,1.0720095971396433,1.0694396538472892,1.0371066533306128
1732,1.0720095971396433,1.0695846274057095,1.064433054071116
1733,1.0720095971396433,1.0692265168603623,1.0586801948411475
1734,1.0720095971396433,1.0695967240099298,1.0628937578878435
1735,1.0720095971396433,1.0696573984206097,1.0647978988214981
1736,1.0720095971396433,1.0699820743248056,1.0629827144645705
1737,1.0720095971396433,1.0700037764399486,1.0673485892630121
1738,1.0720095971396433,1.0702540443161204,1.0647046770039397
1739,1.0720095971396433,1.0695487553802354,1.0623462856886037
1740,1.0720095971396433,1.0698287767308245,1.066344868747284
1741,1.07209178412164,1.0702335360878614,1.0667630501555483
1742,1.07209178412164,1.0702604116329906,1.0663845426147553
1743,1.07209178412164,1.0701926020514276,1.0655368391687023
1744,1.07209178412164,1.0702522495729412,1.0673093610388378
1745,1.07209178412164,1.0704900913579873,1.0675879800366046
1746,1.07209178412164,1.0706706703930449,1.0658131172817702
1747,1.07209178412164,1.070514803150366,1.06620249090649
1748,1.07209178412164,1.0705661404916413,1.0688073192929337
1749,1.07209178412164,1.0707945176393698,1.06824259023638
1750,1.07209178412164,1.0709893487921305,1.0669835180241507
1751,1.072140772721887,1.0709245432481527,1.0626543354689184
1752,1.072167336333594,1.0709128919060273,1.0679844088173065
1753,1.072167336333594,1.0709974439197447,1.0683533661711475
1754,1.072216796427921,1.070915647118418,1.064715874158213
1755,1.072216796427921,1.0710436484222006,1.0685523854457257
1756,1.072216796427921,1.0712051690179585,1.0690640307954844
1757,1.072216796427921,1.0712707427227905,1.0692792740793609
1758,1.072216796427921,1.0712985090413873,1.068054868833484
1759,1.072216796427921,1.071370866471626,1.0690119499379944
1760,1.072216796427921,1.0713077010944039,1.0683258647540432
1761,1.0723306663669427,1.0710390150007263,1.0634569731667285
1762,1.0723306663669427,1.0708165867930792,1.067037083345645
1763,1.0723306663669427,1.0709126286999906,1.0674166341611513
1764,1.0723306663669427,1.0706641632234373,1.0660273390960804
1765,1.0723306663669427,1.070867277421968,1.0650379360713411
1766,1.0723306663669427,1.0707774273060229,1.0627365933296615
1767,1.0723306663669427,1.070406767228865,1.0652123618963245
1768,1.0723306663669427,1.0705146827335756,1.0658194297626895
1769,1.0723306663669427,1.0705926600930773,1.060221317655559
1770,1.0723306663669427,1.070836713325014,1.0631298539804175
1771,1.0723306663669427,1.0706872385958923,1.065912117839922
1772,1.0723314872908862,1.0707733634034327,1.0672274588886932
1773,1.0723314872908862,1.0711213962538237,1.0631122230396461
1774,1.0723314872908862,1.0710449274161236,1.0685751482071293
1775,1.0723314872908862,1.071316047826191,1.0659321498704197
1776,1.0723314872908862,1.071003326665741,1.064074123345912
1777,1.0723314872908862,1.070956005897425,1.0671739882885585
1778,1.0723314872908862,1.071267273991331,1.0674079419255011
1779,1.0723314872908862,1.0713991828865483,1.0691167125979903
1780,1.0723314872908862,1.0712239296157398,1.0682908393557333
1781,1.0723314872908862,1.0711286977801284,1.0666698368847354
1782,1.0723314872908862,1.0707499544405088,1.0568047144878363
1783,1.0723314872908862,1.0702857032151292,1.0570869267396414
1784,1.0723314872908862,1.0696137317183385,1.0407771613476755
1785,1.0723314872908862,1.070130669287882,1.0277529437329078
1786,1.0723314872908862,1.0704867327404313,1.0572713732240522
1787,1.0723314872908862,1.07011752433208,1.062187602199345
1788,1.0723314872908862,1.070455874323736,1.0615376374808225
1789,1.0723314872908862,1.0699878187618266,1.0613561052918001
1790,1.0723314872908862,1.0702061053951113,1.0652956359507475
1791,1.0723314872908862,1.070099880354814,1.0651425620698998
1792,1.0723314872908862,1.0703442602803594,1.066422710575362
1793,1.0723314872908862,1.0708026858807014,1.0669933702477117
1794,1.0723314872908862,1.0709044990918155,1.0667426918661942
1795,1.0723314872908862,1.0712568102665758,1.0688721302146362
1796,1.0723314872908862,1.0712213870674332,1.0694041600232764
1797,1.0723314872908862,1.0713435793378823,1.068696975656645
1798,1.0723973393122395,1.0715470244221357,1.069712939894011
1799,1.0723973393122395,1.071643358499131,1.067587485120319
1800,1.0723973393122395,1.071635467062789,1.0688948368261422
1801,1.0723973393122395,1.071445281068222,1.0671306780988778
1802,1.0723973393122395,1.0708427542647663,1.0515474629040724
1803,1.0723973393122395,1.0709027456429991,1.0670431783204395
1804,1.0723973393122395,1.0711033498320233,1.0644522107873768
1805,1.0723973393122395,1.0712433060238697,1.0680226815767624
1806,1.0723973393122395,1.0712855716396352,1.0683596133403734
1807,1.0723973393122395,1.0713416021731368,1.0697268342442652
1808,1.0723973393122395,1.0713554821532325,1.0681113239204683
1809,1.0724198480185712,1.0713742024764137,1.0688449635016042
1810,1.0726284539005746,1.0714729406939822,1.067646224049601
1811,1.0726284539005746,1.071297592606402,1.0657464392417653
1812,1.0726284539005746,1.0711249126939004,1.0690601106390933
1813,1.0726284539005746,1.0713047287506599,1.069294752077603
1814,1.0726284539005746,1.0712320502004375,1.0684122270123697
1815,1.0726284539005746,1.0715032926697998,1.0684920597696697
1816,1.0726284539005746,1.071324832834883,1.0651836665669814
1817,1.0726284539005746,1.0712873368766256,1.0685924210169948
1818,1.0726284539005746,1.0715532289501146,1.069283589064153
1819,1.0726284539005746,1.071736081390459,1.0702443775063708
1820,1.0726284539005746,1.0714290544234122,1.0689006387534623
1821,1.0726284539005746,1.0712938176596816,1.0588503416943564
1822,1.0726284539005746,1.0713087117127458,1.0669248004523375
1823,1.0726284539005746,1.0707468366374926,1.0646423844051058
1824,1.072656552476518,1.0704464974629277,1.0631028460046217
1825,1.072656552476518,1.0703360441959833,1.0641633133869308
1826,1.072656552476518,1.0707670207757074,1.0665700524894874
1827,1.072656552476518,1.070867638086066,1.068833717148785
1828,1.072656552476518,1.0714281122627323,1.068862461293348
1829,1.0729742589966833,1.071494523280573,1.0672644335208434
1830,1.0729742589966833,1.0716048764659338,1.0675115372417476
1831,1.0729742589966833,1.0715952179308068,1.0677590587238714
1832,1.0729742589966833,1.0713920166561275,1.058029909164289
1833,1.0729742589966833,1.0710421524236577,1.0608360429662658
1834,1.0729742589966833,1.071201110091075,1.0669424007530826
1835,1.0729742589966833,1.0716938591495384,1.0668004045296517
1836,1.0729742589966833,1.0714353332194901,1.065824808343955
1837,1.0730036646932908,1.0714566994806765,1.067107107050149
1838,1.0730420863682364,1.0719040108859879,1.0679457421971812
1839,1.0730420863682364,1.0717154128691553,1.058161155151529
1840,1.0730420863682364,1.0716497541443168,1.068759348083185
1841,1.0730420863682364,1.0713576217603826,1.067262200012523
1842,1.0730420863682364,1.071361919033673,1.0675530489032645
1843,1.0730420863682364,1.0712660775641833,1.0659159729990941
1844,1.0730420863682364,1.0713222720741076,1.0677544518080881
1845,1.0730420863682364,1.07121385784508,1.0680424390600973
1846,1.0730420863682364,1.0710014769663252,1.0661810219607952
1847,1.0730420863682364,1.0708826888408145,1.0607501239943176
1848,1.0730420863682364,1.0707133640279807,1.066676528445485
1849,1.0730420863682364,1.0708970523865906,1.0636489537942078
1850,1.0730420863682364,1.0709020552213513,1.0661467916763443
1851,1.073070666332256,1.0709528263091292,1.0678042213320227
1852,1.073070666332256,1.071312746856841,1.0680012650107835
1853,1.073070666332256,1.0715276954025317,1.0681227837096772
1854,1.073070666332256,1.0715984361567805,1.0672977863197006
1855,1.073070666332256,1.0712040677929424,1.062883144060185
1856,1.073070666332256,1.0713304841588744,1.0668361372114814
1857,1.073070666332256,1.0710939746358286,1.0665269779736235
1858,1.073070666332256,1.070939856567152,1.0670380169150038
1859,1.073070666332256,1.0712271980906996,1.0686226638478176
1860,1.073070666332256,1.0713086323594079,1.06922951064938
1861,1.073070666332256,1.0713963277243574,1.0658393206519308
1862,1.073070666332256,1.0716164289651318,1.0655820659105129
1863,1.073070666332256,1.0714548494076057,1.0660191705896538
1864,1.0731982826456465,1.0713399043991592,1.0656659415640686
1865,1.0731982826456465,1.070777264372461,1.0595054970397086
1866,1.0731982826456465,1.0710385386759516,1.0629125054769601
1867,1.0731982826456465,1.0710438769294737,1.0665402488730737
1868,1.0731982826456465,1.0714470480537275,1.066944280572163
1869,1.0731982826456465,1.07134768800774,1.06611564397894
1870,1.073279043365276,1.0710495508848976,1.0653441449856786
1871,1.0733469033059841,1.0715915165096543,1.063671008227716
1872,1.0733469033059841,1.0715616369514804,1.0677797538952727
1873,1.0733469033059841,1.0714161454121294,1.0652810200569451
1874,1.0733469033059841,1.0712089835622312,1.064314842551874
1875,1.0733469033059841,1.071215570287982,1.0653682102677349
1876,1.0733469033059841,1.0711701169756185,1.0648442481950653
1877,1.0733469033059841,1.0710506368934305,1.0669258224924396
1878,1.0733469033059841,1.0715138251029819,1.0661217653782185
1879,1.0733469033059841,1.0715423475500376,1.0683144585355389
1880,1.0733469033059841,1.07195317116939,1.0687830532138498
1881,1.0733469033059841,1.0721363756821973,1.06901491824377
1882,1.0733469033059841,1.072180004096179,1.0688643699774032
1883,1.0733469033059841,1.0721049729852175,1.0684690521590388
1884,1.0733469033059841,1.0718870631925344,1.064473417612494
1885,1.0733469033059841,1.071956096776498,1.06797599078476
1886,1.0733469033059841,1.0719746465955884,1.0676184548755727
1887,1.0733469033059841,1.0713999977183561,1.060214136269836
1888,1.0733469033059841,1.0710631660318852,1.0598379960343762
1889,1.0733469033059841,1.0707596840402676,1.059572697089107
1890,1.0733469033059841,1.0706185289745074,1.0657802054738332
1891,1.0733469033059841,1.070885075212809,1.0628717177878568
1892,1.0733469033059841,1.0710732318792342,1.0648311989822776
1893,1.0733469033059841,1.0712621054255878,1.0679247093433435
1894,1.0733469033059841,1.0716080425881678,1.0680655231839506
1895,1.0733469033059841,1.0717677517088118,1.0644922703895023
1896,1.0733469033059841,1.0717055140202776,1.067292820271184
1897,1.0733469033059841,1.071513918013344,1.0655697419568657
1898,1.0733469033059841,1.0718154275175462,1.0659771383577268
1899,1.0733469033059841,1.071738382838304,1.0613889608631553
1900,1.0733700693770956,1.0718842227878502,1.0677991983625204
1901,1.0733700693770956,1.0720026621058174,1.0675387786010637
1902,1.0733700693770956,1.0719685483505779,1.067767071131156
1903,1.0733700693770956,1.0718496272221478,1.0647513066966203
1904,1.0733700693770956,1.0718965830446272,1.0678108416166507
1905,1.0733700693770956,1.0721466974091631,1.0681097788772322
1906,1.0733700693770956,1.0718937442345122,1.0645960954153308
1907,1.0733700693770956,1.071662290522707,1.0615970938708614
1908,1.0733700693770956,1.0720754442619937,1.0688192524134061
1909,1.0733700693770956,1.0723825567853817,1.0700910965957393
1910,1.0733700693770956,1.0720395320150744,1.0676771100913203
1911,1.0733700693770956,1.0721941401172055,1.069501252554964
1912,1.0733700693770956,1.0723415946842665,1.0698655198593028
1913,1.0733700693770956,1.0724614486750068,1.070631370017418
1914,1.0733700693770956,1.072133138261516,1.0641135457346704
1915,1.0733700693770956,1.072227641692163,1.0663098524254901
1916,1.0736379086143875,1.0719972533018727,1.068282127684939
1917,1.0736379086143875,1.0721575200729023,1.069412734747964
1918,1.0736379086143875,1.071946621071431,1.0699110231823743
1919,1.0736379086143875,1.07217373998714,1.0669151711236848
1920,1.0736379086143875,1.0718960029254967,1.0676743829411206
1921,1.0736379086143875,1.0718141251277982,1.0662695027541451
1922,1.0736379086143875,1.071668650812823,1.0674484262024184
1923,1.0736379086143875,1.071613930793856,1.0647138505803433
1924,1.0736379086143875,1.07168916233832,1.0632590758900409
1925,1.0736379086143875,1.0714363818247352,1.0671449040217427
1926,1.073693706750643,1.0713798282554527,1.0679350273672519
1927,1.073693706750643,1.0715365925374,1.0602644773789414
1928,1.073693706750643,1.0711473026183196,1.0605252663016878
1929,1.073693706750643,1.0710610250160273,1.0638145632376161
1930,1.073693706750643,1.0702489008075162,1.0629917447789259
1931,1.073693706750643,1.0707540217064448,1.0598123425299693
1932,1.073693706750643,1.0708580343387637,1.0619519770490533
1933,1.073693706750643,1.0708562180168186,1.066117044496623
1934,1.0738225012285112,1.070841747049418,1.063171615439642
1935,1.0738225012285112,1.070477292217903,1.0656872973120737
1936,1.0738225012285112,1.0713261795710658,1.0675088444398484
1937,1.0738225012285112,1.0720610040013097,1.0691686963048888
1938,1.0738225012285112,1.071802819249027,1.0677000249313329
1939,1.0738225012285112,1.07176369058806,1.0630571013962247
1940,1.0738225012285112,1.0715383880504439,1.0684626433726825
1941,1.0738225012285112,1.0713322851035445,1.0672123396046873
1942,1.0738225012285112,1.0711363907659122,1.0668632634213293
1943,1.0738225012285112,1.0709122903962731,1.0668786059999409
1944,1.0738225012285112,1.0709710197902544,1.065828804539961
1945,1.0738225012285112,1.0711143283129991,1.0662586979975797
1946,1.0738225012285112,1.0716132065375243,1.0634194076529455
1947,1.0738225012285112,1.0711526997740124,1.0596951649662272
1948,1.0738225012285112,1.0711275729712015,1.0658838869318668
1949,1.0738225012285112,1.0718603138118388,1.0669363283137567
1950,1.0738225012285112,1.0720630751450093,1.0655758501773902
1951,1.0738225012285112,1.0715865386113945,1.0550439276543702
1952,1.0738225012285112,1.071804415613605,1.067861707889492
1953,1.0738225012285112,1.0720812733006826,1.067762293492426
1954,1.0738225012285112,1.0719422885723195,1.0689343295919647
1955,1.0738225012285112,1.0716388719608028,1.0666471393554884
1956,1.0738225012285112,1.0715389439846084,1.0669863519138079
1957,1.0738225012285112,1.071356174973293,1.0680451843118146
1958,1.0738225012285112,1.0718526041827245,1.0682731227463003
1959,1.0738225012285112,1.0720160261318528,1.0671431380648733
1960,1.0738225012285112,1.0722998172012694,1.0675137415242364
1961,1.0738225012285112,1.0722052483012297,1.0662398626902752
1962,1.0738225012285112,1.0720900240716993,1.069475005581172
1963,1.0738225012285112,1.072196842914088,1.0681339572289636
1964,1.0738225012285112,1.072083095511892,1.066878932197369
1965,1.07383035433303,1.0717649768724737,1.065516309000099
1966,1.07383035433303,1.071463014237984,1.0672651173836616
1967,1.07383035433303,1.0717243231988518,1.062923438080197
1968,1.07383035433303,1.0714320768400727,1.0640844394781066
1969,1.07383035433303,1.0712119393313693,1.0642221850160198
1970,1.07383035433303,1.0707828207350065,1.0657497757039776
1971,1.07383035433303,1.0711563941022333,1.0652217772773684
1972,1.07383035433303,1.071336374216533,1.0669952202451989
1973,1.07383035433303,1.0714942670505432,1.0667271353666963
1974,1.07383035433303,1.0717191176884484,1.0672904292323895
1975,1.07383035433303,1.0721948854093508,1.0666717886498214
1976,1.07383035433303,1.0721924759731318,1.0686118783507772
1977,1.07383035433303,1.0723181274846278,1.0660012473702012
1978,1.07383035433303,1.071940124621674,1.065178744223168
1979,1.07383035433303,1.0714867647707338,1.066810488684307
1980,1.07383035433303,1.071771942810658,1.0556200671915679
1981,1.07383035433303,1.0719679788144716,1.065361605140819
1982,1.07383035433303,1.072093770549061,1.0671359280145376
1983,1.07383035433303,1.0713952265378992,1.0592263941876627
1984,1.07383035433303,1.0707791033940435,1.0559304095082416
1985,1.07383035433303,1.0712715061492413,1.0602957592311482
1986,1.07383035433303,1.0713901788085534,1.066260818267161
1987,1.07383035433303,1.0715312499916312,1.0675889367128553
1988,1.07383035433303,1.0716984975432113,1.0675703432676173
1989,1.07383035433303,1.072286251434851,1.0670765114336778
1990,1.07383035433303,1.0724782012515124,1.0691498953054965
1991,1.07383035433303,1.0723787737442256,1.065421362430637
1992,1.07383035433303,1.0720995826999404,1.064238998985116
1993,1.07383035433303,1.0722272178761856,1.0656100515554847
1994,1.07383035433303,1.0713866139702093,1.0648147077791492
1995,1.07383035433303,1.0717343203205263,1.066357663679293
1996,1.07383035433303,1.0717728754175677,1.068388975151381
1997,1.07383035433303,1.072203554658327,1.0652332260023802
1998,1.07383035433303,1.0719968385091194,1.0648314149900597
1999,1.07383035433303,1.0719615631564952,1.067584289321435
2000,1.07383035433303,1.072156316496005,1.0671151472878915
2001,1.07383035433303,1.0720887791153706,1.0681013697770831
2002,1.07383035433303,1.072304741529394,1.065626231755587
2003,1.07383035433303,1.0723296268699338,1.0672465417746704
2004,1.073859003424832,1.0726673380804712,1.0695905169064692
2005,1.073859003424832,1.0730821817020741,1.0700649998982175
2006,1.073859003424832,1.0727684893432101,1.0668162755364667
2007,1.0742368407120364,1.0728008616365259,1.0685885871196408
2008,1.0742368407120364,1.072808226417938,1.06898149731878
2009,1.0742368407120364,1.0727678350173746,1.066734768648834
2010,1.0742368407120364,1.0724231649483809,1.0667031059674983
2011,1.0742368407120364,1.072305999041508,1.0666579041296589
2012,1.0742368407120364,1.072667394396863,1.0666848318769522
2013,1.0742368407120364,1.0730275636725735,1.0699668766905086
2014,1.0742368407120364,1.072978196267522,1.0705620556030229
2015,1.0742368407120364,1.0729879932255646,1.0698980357425936
2016,1.0742368407120364,1.073042557579279,1.069475927928287
2017,1.0742368407120364,1.072898175207993,1.0695825906714715
2018,1.0742368407120364,1.0726666521780472,1.0701577562961
2019,1.0742368407120364,1.07257318882611,1.0685219153596788
2020,1.0742368407120364,1.0724695254701668,1.0679055660429375
2021,1.0742368407120364,1.0722966717092222,1.064929826905422
2022,1.0742368407120364,1.0721702126067116,1.0650155694943817
2023,1.0742368407120364,1.07244199729299,1.069325762917475
2024,1.0742368407120364,1.0724568500078133,1.0683662443454582
2025,1.0742368407120364,1.0723552788347468,1.0600331824190623
2026,1.0742368407120364,1.0724382378512227,1.0673573289391132
2027,1.0742929184783352,1.0727125580361885,1.0680717536906377
2028,1.0742929184783352,1.0726581966952304,1.068887234920961
2029,1.0742929184783352,1.0725837384485204,1.0686445470734314
2030,1.0742929184783352,1.072540720366506,1.0679689575975426
2031,1.0742929184783352,1.072753830786145,1.0682526785036615
2032,1.0742929184783352,1.0729276306145084,1.0702977518716195
2033,1.0742929184783352,1.0727444578127017,1.0682732637337464
2034,1.0742929184783352,1.0724683739637044,1.0680924486362202
2035,1.0742929184783352,1.0724812070811554,1.0685521856378357
2036,1.0742929184783352,1.0725847592988025,1.0645355023887135
2037,1.0742929184783352,1.0723263870556954,1.0656133275358426
2038,1.0742929184783352,1.072673733748434,1.068581854389083
2039,1.0742929184783352,1.072835366046332,1.0664261455097597
2040,1.0742929184783352,1.072863420736688,1.0634632694303179
2041,1.0742929184783352,1.0723330985796908,1.0671270033733904
2042,1.0742929184783352,1.0722078780258208,1.0616077243249578
2043,1.0742929184783352,1.0726294641998937,1.0668380464880043
2044,1.0742929184783352,1.0724039567767971,1.069247505831077
2045,1.074351414723447,1.072375318762201,1.0615688531272869
2046,1.074351414723447,1.0724893496542898,1.0662401170077795
2047,1.074351414723447,1.0727377757345153,1.0694863902243017
2048,1.074351414723447,1.0726950200016563,1.0647967585740146
2049,1.074351414723447,1.072864064174411,1.070048630119197
2050,1.074351414723447,1.0728304445926102,1.0697142281058403
2051,1.07436687264509,1.0728275984635223,1.0654456460535777
2052,1.07436687264509,1.072825138287594,1.068454054190008
2053,1.07436687264509,1.0726071180147094,1.0641883549070041
2054,1.07436687264509,1.0720598519464424,1.0655012191336897
2055,1.07436687264509,1.072146415838147,1.066667053575756
2056,1.07436687264509,1.0725547247373541,1.0691115101905206
2057,1.07436687264509,1.072956181311887,1.0689331753330813
2058,1.074737401278243,1.0728988879483912,1.067940878629764
2059,1.074737401278243,1.0726229136368373,1.0681645056242541
2060,1.074737401278243,1.0727240071766453,1.0678577743093824
2061,1.074737401278243,1.0731512411652553,1.0704814539589915
2062,1.074737401278243,1.073140520616755,1.07017858401646
2063,1.074737401278243,1.073097164360621,1.0686098373486508
2064,1.074737401278243,1.0725188842615834,1.0679010594844356
2065,1.074737401278243,1.072809674862592,1.066089767785208
2066,1.074737401278243,1.0728800124610907,1.0675562437929693
2067,1.074737401278243,1.0725490078577855,1.0596184659747467
2068,1.074737401278243,1.07223222937778,1.0594582513593052
2069,1.0747588282243115,1.0726681895707337,1.066431061234104
2070,1.0747588282243115,1.0730271687825372,1.0692507868826646
2071,1.0747588282243115,1.0730671409267452,1.0709813227756666
2072,1.0747588282243115,1.0733686056524103,1.0714999302706283
2073,1.0747588282243115,1.0736217103028678,1.0716063996441005
2074,1.0747588282243115,1.0736995292362408,1.0681581075996966
2075,1.0747588282243115,1.0734004968177515,1.0688996996583646
2076,1.0747588282243115,1.0732964844945854,1.0695666166033566
2077,1.0747588282243115,1.0735808751966653,1.0695295884035319
2078,1.0747588282243115,1.0732458022784863,1.0697504485743767
2079,1.0747588282243115,1.072889614619864,1.0659783655307846
2080,1.0747588282243115,1.072465325039112,1.0627721880531977
2081,1.0747588282243115,1.0721665101044018,1.063633772818393
2082,1.0747588282243115,1.0721802805334206,1.0640859494253267
2083,1.0747588282243115,1.0722898083032084,1.0689999450345038
2084,1.0747588282243115,1.0727267606870639,1.06728917385046
2085,1.0747588282243115,1.0730869518805028,1.0693912049181127
2086,1.0747588282243115,1.0730451363077342,1.0671881379830517
2087,1.0747588282243115,1.0733602733594858,1.067542840293401
2088,1.0747588282243115,1.0732328459898424,1.0676969594470922
2089,1.0747588282243115,1.0726820799108188,1.0566612598164429
2090,1.0747588282243115,1.0726972557170564,1.0651949644431304
2091,1.0747588282243115,1.0721280291594424,1.0642554364150878
2092,1.0747588282243115,1.0727009277066772,1.0624907497169729
2093,1.0747588282243115,1.073129589856423,1.0669975801799911
2094,1.0747648685024562,1.0736135722591762,1.0702196577524339
2095,1.0747648685024562,1.0736290426073603,1.0703963509549361
2096,1.0747648685024562,1.0738372095496014,1.0699824707957508
2097,1.0747648685024562,1.0737559995463812,1.0667350115610292
2098,1.0747648685024562,1.0737336714426402,1.06938392511837
2099,1.0747648685024562,1.073625525763761,1.0674252342590325
2100,1.0747648685024562,1.0736190888851522,1.0689304316766102
2101,1.0747648685024562,1.0733257124461193,1.0678699868576098
2102,1.0747648685024562,1.0733056739186324,1.0681685944327932
2103,1.0747648685024562,1.0735193265950813,1.071736569477821
2104,1.0747648685024562,1.0737177488334575,1.0670985041710581
2105,1.0747648685024562,1.0736192369050124,1.068270047177847
2106,1.0747648685024562,1.0730695107445436,1.069583292853262
2107,1.0747648685024562,1.072860863532324,1.064752728374733
2108,1.0747648685024562,1.0728644737229076,1.0691325697134113
2109,1.0747648685024562,1.0725547653452083,1.066294967793639
2110,1.0747648685024562,1.0723826337903284,1.0630964204577285
2111,1.0747648685024562,1.0715907472244413,1.0631489703548072
2112,1.0747648685024562,1.0721682835347284,1.0642304764585626
2113,1.0747648685024562,1.0720647341628844,1.0661283869140266
2114,1.0747648685024562,1.0721616120427562,1.066368925482922
2115,1.0747648685024562,1.0725349665319548,1.0692901612571595
2116,1.0747648685024562,1.0731646967520845,1.0701700777778178
2117,1.0747648685024562,1.0735290845163596,1.0708356984251706
2118,1.0747648685024562,1.0735794505155212,1.066690886673994
2119,1.0747648685024562,1.073829704955603,1.0712632058773732
2120,1.0747648685024562,1.0737995863526313,1.0677146720292716
2121,1.0747648685024562,1.0736651912642927,1.071069964007748
2122,1.0748216767129306,1.073643747150104,1.0697308387178683
2123,1.0748216767129306,1.0736771854435507,1.0704858768905505
2124,1.0748216767129306,1.073492822463193,1.0681077121139007
2125,1.0748233752244092,1.0736114629909665,1.0709674055557479
2126,1.0748233752244092,1.0737047269911764,1.0678152992521297
2127,1.0748233752244092,1.0736482855272684,1.0710569792963804
2128,1.0748233752244092,1.0737174466098396,1.0699179422255218
2129,1.0748233752244092,1.0737520918439563,1.0696416027551179
2130,1.0748233752244092,1.0736601530910095,1.0697092111997704
2131,1.0748233752244092,1.0735339253888327,1.0679638268115257
2132,1.0748250811148548,1.073467904625937,1.0667900112680648
2133,1.0748530719163167,1.0734343684120635,1.0682211925854461
2134,1.0748530719163167,1.0732298350816354,1.0657674481589254
2135,1.0748530719163167,1.0732141980240615,1.067509317731125
2136,1.0748547714443313,1.0731880585761309,1.0686471858478273
2137,1.0748547714443313,1.0731224095102074,1.069702219430473
2138,1.0748547714443313,1.0731349952221452,1.0684991842544838
2139,1.0748547714443313,1.0732375132831822,1.0700242117605139
2140,1.0748547714443313,1.0732389872705073,1.0693719428433865
2141,1.0748547714443313,1.072793321117057,1.06713278047004
2142,1.0748547714443313,1.0727318977976537,1.0699268825764365
2143,1.0748547714443313,1.0725312155651638,1.0679753917399166
2144,1.07485632995181,1.0727102111970224,1.0680787333956516
2145,1.07485632995181,1.0724171242595673,1.0652616664507422
2146,1.07485632995181,1.072816823463759,1.065133793871882
2147,1.07485632995181,1.0723313015452198,1.068091885765897
2148,1.07485632995181,1.072195361890411,1.063875044517709
2149,1.07485632995181,1.0724839339991885,1.0639521089054897
2150,1.07485632995181,1.0727953641635313,1.065982300625202
2151,1.07485632995181,1.072767064323268,1.06676800989288
2152,1.07485632995181,1.0728732156054288,1.069288810475445
2153,1.07485632995181,1.0732598331225665,1.0690799485704099
2154,1.07485632995181,1.0728296053866815,1.0663608222471157
2155,1.07485632995181,1.0724974712762507,1.0666933786725272
2156,1.07485632995181,1.0727251981016326,1.0662230402055541
2157,1.07485632995181,1.072671630439363,1.0659486138262235
2158,1.07485632995181,1.0725528002784308,1.0651313999896228
2159,1.07485632995181,1.072614004632856,1.065799175175736
2160,1.07485632995181,1.0725257404066404,1.067525156423804
2161,1.07485632995181,1.0724639303463699,1.0656218142200538
2162,1.07485632995181,1.0717804024440998,1.0622669032759386
2163,1.07485632995181,1.071156748216633,1.0602284509561453
2164,1.07485632995181,1.0710989535071818,1.0579919070116004
2165,1.07485632995181,1.0720102329069794,1.0666699888501445
2166,1.07485632995181,1.0719631742176055,1.0558754984750494
2167,1.07485632995181,1.072168302051782,1.0672197670535075
2168,1.07485632995181,1.0723075231502408,1.0692227058646184
2169,1.07485632995181,1.072605816743856,1.0679639683428686
2170,1.07485632995181,1.0726496302456203,1.0668339035765366
2171,1.07485632995181,1.0726478259743337,1.0607277428534467
2172,1.07485632995181,1.072519783926606,1.0643918407714392
2173,1.0749407395692747,1.0726557369599012,1.0648666826842874
2174,1.0749407395692747,1.0728009506357088,1.0681824819307644
2175,1.0749407395692747,1.0730934027383807,1.0696383624060113
2176,1.0749407395692747,1.0733667829049416,1.069988389529228
2177,1.0749407395692747,1.0733154570105348,1.0702604508885172
2178,1.0749407395692747,1.0732629099635282,1.068231983025673
2179,1.0749407395692747,1.0732714040578393,1.0688485676146535
2180,1.0749407395692747,1.0730219135133745,1.0650129073913686
2181,1.0749407395692747,1.0731898313111259,1.0671771432372625
2182,1.0749407395692747,1.0733123644244529,1.066628103253561
2183,1.0749407395692747,1.0734579597505396,1.0695785538543365
2184,1.0749407395692747,1.0735617368614454,1.0705170967774906
2185,1.0749407395692747,1.073033249140387,1.0693649147735496
2186,1.0749407395692747,1.0729680201813765,1.0647851809935545
2187,1.0749407395692747,1.0727859853401953,1.0652410731318502
2188,1.0749407395692747,1.0728337112386959,1.0695783101461607
2189,1.0749407395692747,1.0725230699309598,1.0677624437705635
2190,1.0749407395692747,1.0722853909958296,1.0658474902871713
2191,1.0749407395692747,1.0721915806780709,1.0637960891609377
2192,1.0749407395692747,1.0726139516109203,1.0630780120882544
2193,1.0749407395692747,1.0723170276508887,1.0640548984411322
2194,1.0749407395692747,1.0718533357151059,1.0662823557299979
2195,1.0749407395692747,1.0718009104529098,1.0661380279990122
2196,1.0749407395692747,1.072252681052105,1.06831814812123
2197,1.0749407395692747,1.0721584759351845,1.065190759753794
2198,1.0749407395692747,1.0725019374139892,1.067311692394393
2199,1.0749407395692747,1.0726403253279082,1.068421144561597
2200,1.0749407395692747,1.072780817168931,1.065933004898688
2201,1.0749407395692747,1.0730036493005906,1.069034908800472
2202,1.0749407395692747,1.0734023630537788,1.068739709083149
2203,1.0749407395692747,1.073509474928688,1.0709343833610911
2204,1.0749407395692747,1.0733449125059829,1.0647885806150887
2205,1.0749407395692747,1.0735320954333591,1.0711290630346073
2206,1.0749407395692747,1.0733500538332956,1.0676710763933892
2207,1.0749407395692747,1.0734640918930642,1.0688351505773117
2208,1.0749407395692747,1.073065782414872,1.064170644594443
2209,1.0749407395692747,1.0730667784024086,1.0690222410898231
2210,1.0749407395692747,1.073117583505531,1.0677452086502512
2211,1.0749407395692747,1.072951191950657,1.0693159498638805
2212,1.0749407395692747,1.0729312098082089,1.0694762384550538
2213,1.0749407395692747,1.0730765098393802,1.0691481092222082
2214,1.0749407395692747,1.073485729546496,1.0700563524601456
2215,1.0749407395692747,1.0735979263720403,1.071094981381733
2216,1.0749407395692747,1.073728405942003,1.0716231628370554
2217,1.0749407395692747,1.0736059267310782,1.0696111438290261
2218,1.0749407395692747,1.0733513811007858,1.066403326165813
2219,1.0749407395692747,1.073356109992099,1.067188212895072
2220,1.0750196435166552,1.0734490081503225,1.0683287283663918
2221,1.0750196435166552,1.0735260582726176,1.0706126019984634
2222,1.0750196435166552,1.0734746957249393,1.0709026347030797
2223,1.0750196435166552,1.073370252615851,1.0691729633198088
2224,1.0750196435166552,1.0735992868839015,1.0698247977823994
2225,1.0750196435166552,1.0732247242846251,1.0621798463598395
2226,1.0750196435166552,1.0732180614081328,1.0702413297733258
2227,1.0750196435166552,1.0730597127306098,1.0689330717275747
2228,1.0750196435166552,1.0734373946137572,1.0683197750505184
2229,1.0750196435166552,1.0738215526116233,1.0705402953430296
2230,1.0750196435166552,1.0738192852708495,1.0707720135287615
2231,1.0750196435166552,1.0740865439142775,1.0696733067586746
2232,1.0750196435166552,1.0738598063861318,1.0687092981629407
2233,1.0750196435166552,1.0737242490743921,1.0705787408978877
2234,1.0750196435166552,1.073497628409278,1.0695766657706844
2235,1.0750196435166552,1.0736097653747074,1.0671671852179387
2236,1.0750196435166552,1.0737321102500916,1.0709531330997661
2237,1.0750196435166552,1.0737765624236355,1.0696332060913507
2238,1.0750196435166552,1.0737049278460196,1.0675882713580989
2239,1.0750196435166552,1.0736851820426292,1.0708719907229838
2240,1.0750196435166552,1.0738915067714214,1.0708652897979527
2241,1.0750196435166552,1.0738431269581385,1.0713745062175524
2242,1.0750196435166552,1.0739045058917311,1.0720022105125722
2243,1.0750196435166552,1.073978226479287,1.0716369012112337
2244,1.0750196435166552,1.0741020636528775,1.0713818607969352
2245,1.0750196435166552,1.074070134436708,1.0710326961734986
2246,1.0750196435166552,1.0741073003077655,1.069657029227375
2247,1.0750196435166552,1.0738367535603057,1.0697780875445952
2248,1.0750196435166552,1.0736883478848784,1.0670344733611974
2249,1.0750196435166552,1.0732875648730593,1.066144087171111
2250,1.0750196435166552,1.0733458156526288,1.0700788016563383
2251,1.0750196435166552,1.0729795416350612,1.066657594428868
2252,1.0750196435166552,1.0726753439128267,1.0615623719587775
2253,1.0750196435166552,1.0724680440557435,1.0638189817236072
2254,1.0750196435166552,1.0715790130019704,1.0563764538982992
2255,1.0750196435166552,1.0711423853512099,1.0632805759450035
2256,1.0750196435166552,1.071714408639853,1.05273989629691
2257,1.0750196435166552,1.0723956826615686,1.0607752191746838
2258,1.0750196435166552,1.0729280993531174,1.0568392982281913
2259,1.0750196435166552,1.07219267582532,1.065135600859129
2260,1.0750196435166552,1.0726467110273117,1.0674563222167617
2261,1.0750196435166552,1.0729788715528088,1.0682492691345038
2262,1.0750196435166552,1.0732211573032124,1.0694477836645342
2263,1.0750196435166552,1.0738181930981263,1.0714621593361273
2264,1.0750196435166552,1.073893758141263,1.0710521249911211
2265,1.0750196435166552,1.0737781230864045,1.0681311575210013
2266,1.0750196435166552,1.073571086059418,1.0674087409741597
2267,1.0750196435166552,1.073340086362581,1.0658089227999468
2268,1.0750196435166552,1.0734511999931717,1.0689153059401144
2269,1.0750196435166552,1.0733953942919978,1.0702540435008445
2270,1.0750196435166552,1.0733419948983134,1.0692247544518194
2271,1.0750196435166552,1.073600529128294,1.0714245578957826
2272,1.0750196435166552,1.0739868889157693,1.0676681965845045
2273,1.0750196435166552,1.0738155938494758,1.0712603884779377
2274,1.075081016174284,1.073883745531642,1.07122651153195
2275,1.075081016174284,1.0737721650266123,1.069460370372896
2276,1.075081016174284,1.0738659623651434,1.0701698684337702
2277,1.075081016174284,1.0738781549469516,1.0706776094143298
2278,1.075081016174284,1.0736387078062377,1.0696957423153874
2279,1.075081016174284,1.0736495398474168,1.0712770151255278
2280,1.075081016174284,1.073686041079665,1.070147983276449
2281,1.075081016174284,1.073195255369213,1.065660276428203
2282,1.075081016174284,1.0728757481895546,1.0671774574588615
2283,1.075081016174284,1.0727937482489602,1.0657142317485941
2284,1.075081016174284,1.0720588569675245,1.06123381808077
2285,1.075081016174284,1.0723466209604182,1.0627123976894646
2286,1.075081016174284,1.0728071041396108,1.066592301631616
2287,1.075081016174284,1.0729632448746078,1.06929528784638
2288,1.075081016174284,1.072908268477452,1.0674450781750462
2289,1.075081016174284,1.0729736497147433,1.0694054786338922
2290,1.0750812487830022,1.07343398056684,1.0697763950810089
2291,1.0750812487830022,1.073171174826348,1.062666955048099
2292,1.0750812487830022,1.0731952388179793,1.0670301672225442
2293,1.0750812487830022,1.0733210426536095,1.0698737074098323
2294,1.0750812487830022,1.0736123886156759,1.0688473408900108
2295,1.0750812487830022,1.0736815333190153,1.0699626823724295
2296,1.0750812487830022,1.0735505941656738,1.0699516326701335
2297,1.0750812487830022,1.0734716261172186,1.0674855615742216
2298,1.0750812487830022,1.073303969193219,1.067991717098138
2299,1.0750812487830022,1.0725438323857504,1.068429182512964
2300,1.0750812487830022,1.0726227720006376,1.0682043944649369
2301,1.0750812487830022,1.0734346826348082,1.0700559021961156
2302,1.0750812487830022,1.073296308561882,1.0631042171333747
2303,1.0750812487830022,1.0728094251530536,1.0637043053258974
2304,1.0750812487830022,1.0731668965369519,1.0686705380974857
2305,1.0750812487830022,1.073762447840282,1.0699848631061615
2306,1.0750812487830022,1.0737622334571233,1.0704831694598864
2307,1.0750812487830022,1.0738878741695073,1.0697960177130246
2308,1.0750812487830022,1.0738601866657982,1.067222730011986
2309,1.0750812487830022,1.0736220248336346,1.070231359154423
2310,1.0750812487830022,1.0737529806162123,1.071708154980291
2311,1.0750812487830022,1.0738421017487425,1.070979677539284
2312,1.0750812487830022,1.07385315889533,1.0693728971299896
2313,1.0750812487830022,1.0739162986566688,1.071272713749277
2314,1.0750812487830022,1.0737317400420852,1.0712868283229682
2315,1.0750812487830022,1.0739203102043202,1.0706977661032422
2316,1.0750812487830022,1.0738490466660018,1.0703530167773747
2317,1.0750812487830022,1.0735970336718221,1.0699346319021785
2318,1.0750812487830022,1.073602567813236,1.0681294573255717
2319,1.0750812487830022,1.0737299527621385,1.066586902134302
2320,1.0750812487830022,1.0732994392880733,1.0661206336885813
2321,1.0750812487830022,1.0734491767686538,1.0678071083157366
2322,1.0750812487830022,1.0735783182598104,1.0694005162994717
2323,1.0750812487830022,1.0728263920985461,1.05064547608598
2324,1.0750812487830022,1.0728757775916506,1.0663902862281265
2325,1.0750812487830022,1.0722823453875083,1.0651696471074839
2326,1.0750812487830022,1.0723471843997945,1.0666903903463485
2327,1.0750812487830022,1.072651625810938,1.0640230653097484
2328,1.0750812487830022,1.0725407067281814,1.065612888173376
2329,1.0750812487830022,1.0722012093350715,1.0670036476180174
2330,1.0750812487830022,1.0724130173954194,1.0676588779032068
2331,1.0750812487830022,1.0721659487846613,1.0601891376899901
2332,1.0750812487830022,1.0722322762595071,1.0632864834573577
2333,1.0750812487830022,1.0719947807891919,1.065497974380045
2334,1.0750812487830022,1.0719806926756108,1.0663396959682125
2335,1.0750812487830022,1.07282925536233,1.069859945212328
2336,1.0750812487830022,1.0733287444211,1.0697548692485648
2337,1.0750812487830022,1.0738270290059442,1.0705106883431346
2338,1.0750812487830022,1.0739030884193261,1.0704789684787683
2339,1.0750812487830022,1.074086688864796,1.0714315995248382
2340,1.0750812487830022,1.0739703515391406,1.071279704546704
2341,1.0750812487830022,1.0738168340878063,1.0688911995800967
2342,1.0750812487830022,1.0735997342057568,1.0647159852570147
2343,1.0750812487830022,1.0735805441049344,1.0677593017723843
2344,1.0750812487830022,1.073249688516401,1.0691788016388517
2345,1.0750812487830022,1.0736069464779314,1.0687349849565355
2346,1.0750812487830022,1.0734341391110334,1.067926644644562
2347,1.0750812487830022,1.0733079594328716,1.0699743739962675
2348,1.0750812487830022,1.0732959879676356,1.0683178713725963
2349,1.0750812487830022,1.0731693935344022,1.070049835264353
2350,1.0750812487830022,1.0732500154070275,1.0676272068901151
2351,1.0750812487830022,1.073035265586611,1.0660604895940913
2352,1.0750812487830022,1.072953719176117,1.0646903484299934
2353,1.0750812487830022,1.0731442552592667,1.0671594822692803
2354,1.0750812487830022,1.0730076110884632,1.068827022315479
2355,1.0750812487830022,1.0731254565681687,1.0682219950432819
2356,1.0750812487830022,1.0727326641746555,1.0664539872352292
2357,1.0750812487830022,1.073015026583704,1.0681110895961274
2358,1.0750812487830022,1.0736678169601332,1.0649868414171169
2359,1.0750812487830022,1.0732827526695952,1.0673460088268976
2360,1.0750812487830022,1.0737175264386574,1.070132990736179
2361,1.0750812487830022,1.0739407921522162,1.0696749650140247
2362,1.0750812487830022,1.0738112231114239,1.0716929412834526
2363,1.0750812487830022,1.0736880882884838,1.0676083061239021
2364,1.0750812487830022,1.073470345362638,1.0697812904443949
2365,1.075271836960358,1.0737380136104568,1.0707377601792594
2366,1.075271836960358,1.0734708658598622,1.0699271898544933
2367,1.075271836960358,1.0732990374232807,1.0708948140588694
2368,1.075271836960358,1.073565606745504,1.07059968373186
2369,1.075271836960358,1.0734552860415996,1.0678163075416576
2370,1.075271836960358,1.0733071466403028,1.069325242353637
2371,1.075271836960358,1.073563965269138,1.071458952614416
2372,1.075271836960358,1.0737758157382387,1.0709339173444914
2373,1.075271836960358,1.0734561319580995,1.0706639196801773
2374,1.075271836960358,1.073818162984968,1.071098201778078
2375,1.075271836960358,1.0735413756452032,1.070964639145784
2376,1.075271836960358,1.0735945245408152,1.0706060054836737
2377,1.075271836960358,1.0733306385409398,1.0633440354600354
2378,1.075271836960358,1.0737071719837048,1.0678931349900933
2379,1.075271836960358,1.0735665464954776,1.0640825488251417
2380,1.075271836960358,1.0736436126261832,1.069570219988001
2381,1.075271836960358,1.0737145869744993,1.0710825717538757
2382,1.0752738369183588,1.0735060195183148,1.069527256039748
2383,1.0752738369183588,1.0734133756205428,1.069132910066384
2384,1.0752738369183588,1.0736466244832032,1.071036230322295
2385,1.0752738369183588,1.0739326241177782,1.0693840483032142
2386,1.0752738369183588,1.073814791223389,1.0710744400176009
2387,1.0752738369183588,1.0736978082473612,1.0702404426938927
2388,1.0752738369183588,1.073781668645482,1.070104107784776
2389,1.0752738369183588,1.0738581863976375,1.0702613078491177
2390,1.0752738369183588,1.0737010149915889,1.0701624272602763
2391,1.0752738369183588,1.073971476225377,1.070306704293046
2392,1.0752738369183588,1.0739346972558657,1.0710853216972502
2393,1.0752738369183588,1.0741858439080607,1.071318255489149
2394,1.0752738369183588,1.0742387860617664,1.0715841200317433
2395,1.0752738369183588,1.0742869278611922,1.0707544425203457
2396,1.0752738369183588,1.0735461556237333,1.0690776787085001
2397,1.0752738369183588,1.073626029570174,1.0700250816674859
2398,1.0752738369183588,1.0738898685758267,1.0708009511957433
2399,1.0752738369183588,1.0738510251865043,1.0694994619467475
2400,1.0752738369183588,1.074008026899632,1.070417321518049
2401,1.0752738369183588,1.0742315692256825,1.0714918151414832
2402,1.0752738369183588,1.0738268444686374,1.063169115551533
2403,1.0752738369183588,1.0740192224860385,1.0714072705805833
2404,1.0752738369183588,1.0738013427434772,1.0685915811524613
2405,1.0752738369183588,1.073453270619759,1.0634324707942584
2406,1.0752738369183588,1.07309173694741,1.0627275710674455
2407,1.0752738369183588,1.072944869604713,1.0622746369381564
2408,1.0752738369183588,1.0731946772016767,1.066931670503695
2409,1.0752738369183588,1.073108626491309,1.0679020761084113
2410,1.0752738369183588,1.073500992736979,1.0701670850865894
2411,1.0752738369183588,1.0736752439107673,1.066998993185337
2412,1.0752738369183588,1.0739518911074368,1.0703411861013055
2413,1.0752738369183588,1.0737878630292672,1.069050124172414
2414,1.0752738369183588,1.0737784217454491,1.0707779376444269
2415,1.0752738369183588,1.0738496627337693,1.0704077032729729
2416,1.0752738369183588,1.0741446849959149,1.0710543632467946
2417,1.0752738369183588,1.0739977880927534,1.0695084477807566
2418,1.0752738369183588,1.0735392447220808,1.0678281020503926
2419,1.0752738369183588,1.073256493489157,1.057068634897368
2420,1.0752738369183588,1.073087375119538,1.0688444500850642
2421,1.0752738369183588,1.0727903066022073,1.0684215979076608
2422,1.0752738369183588,1.0731810425867885,1.0697821734235038
2423,1.0752738369183588,1.0732702037727426,1.0687132822343088
2424,1.0752738369183588,1.0731087484078883,1.0662385068254352
2425,1.0752738369183588,1.0732562867545827,1.0635324687316219
2426,1.0752738369183588,1.0733216304717363,1.0655576897726866
2427,1.0752738369183588,1.0731825203691585,1.070810759282547
2428,1.0752738369183588,1.073548137387219,1.07058339602933
2429,1.0752738369183588,1.073407347719387,1.069779704038549
2430,1.0752738369183588,1.0734340513949647,1.0674781551270303
2431,1.0752738369183588,1.0732320481334425,1.067874082956177
2432,1.0752738369183588,1.073269620340447,1.069496529540951
2433,1.0752738369183588,1.0732530283872648,1.069197352153038
2434,1.0752738369183588,1.0730208012992917,1.0665658838056233
2435,1.0752738369183588,1.072886290870469,1.063385099339059
2436,1.0752738369183588,1.0729599387601976,1.0645050861866778
2437,1.0752738369183588,1.0731704949737944,1.0694635929450949
2438,1.0752738369183588,1.073462135466353,1.069666636813063
2439,1.0752738369183588,1.0734140822115341,1.0704439092347073
2440,1.0752738369183588,1.0738257455699518,1.070150793027259
2441,1.0752738369183588,1.0732416537104614,1.0675902945760203
2442,1.0752738369183588,1.0735619418443236,1.0645847553608145
2443,1.0752738369183588,1.0734716549268457,1.0700266363600974
2444,1.0752738369183588,1.0735706478327725,1.0706188124818221
2445,1.0752738369183588,1.0739652546101028,1.0717244098362122
2446,1.0752738369183588,1.0739002312612305,1.0696858382219676
2447,1.0752738369183588,1.0740658296273882,1.0701003921290309
2448,1.0752738369183588,1.073741092074873,1.0716034899145856
2449,1.0752738369183588,1.0737971980590537,1.0713769893859113
2450,1.0752738369183588,1.0740250280692465,1.070556089756615
2451,1.0752738369183588,1.074059603272714,1.0713883254529064
2452,1.0752738369183588,1.0741623236732307,1.0719049743170408
2453,1.0752738369183588,1.074239926278239,1.0701083491794074
2454,1.0752738369183588,1.0743000069190851,1.0709121572187548
2455,1.0752738369183588,1.0740534698751454,1.069070932712416
2456,1.0752738369183588,1.074042560911117,1.0719981019696783
2457,1.0752738369183588,1.0739623502243554,1.0701244828691434
2458,1.0752738369183588,1.0739194382440886,1.0709252299190042
2459,1.0752738369183588,1.0733185405491152,1.0659215807681155
2460,1.0753214143147476,1.073726199377273,1.0674630483112806
2461,1.0753214143147476,1.0736861280627779,1.0681886933196971
2462,1.0753214143147476,1.0737351441521765,1.0708627087247942
2463,1.0753214143147476,1.0738457802741288,1.0696641801965892
2464,1.0753214143147476,1.073466100150158,1.068938007639714
2465,1.0753214143147476,1.0731646509567114,1.0692385040207486
2466,1.0753214143147476,1.073033420169257,1.0535887613731965
2467,1.0753214143147476,1.072521962923007,1.0593580569624432
2468,1.0753214143147476,1.0722061767199569,1.052212150631123
2469,1.0753214143147476,1.073021139108369,1.0656179085790392
2470,1.0753214143147476,1.0732138107380764,1.065305014034112
2471,1.0753214143147476,1.0730164146969332,1.066139484296078
2472,1.0753214143147476,1.0724830428169296,1.066680353794181
2473,1.0753214143147476,1.0726201247109388,1.0675908683313198
2474,1.0753214143147476,1.0729999193002373,1.0684611379256381
2475,1.0753214143147476,1.0732962520785743,1.0657252098267485
2476,1.0753214143147476,1.0732864277024128,1.0686521543030378
2477,1.0753214143147476,1.0737347746241483,1.0688004793408286
2478,1.0753214143147476,1.073626079479488,1.0700323627626065
2479,1.0753214143147476,1.073591752340086,1.0688119501993634
2480,1.0753214143147476,1.073387890793364,1.0693711674909565
2481,1.0753214143147476,1.0729554904837402,1.0647140374128516
2482,1.0753214143147476,1.0728409842414666,1.066617850257897
2483,1.0753214143147476,1.0727889676574698,1.0649706917928925
2484,1.0753214143147476,1.0724318936403252,1.0688394341220762
2485,1.0753214143147476,1.0726798548949545,1.067384435752681
2486,1.0753214143147476,1.0729103220050993,1.06853486255792
2487,1.0753214143147476,1.0728841411637526,1.058779354506651
2488,1.0753214143147476,1.0726722462293716,1.0668282399657167
2489,1.0753214143147476,1.072676216988767,1.0669442911971703
2490,1.0753214143147476,1.0731798554268805,1.068705341251375
2491,1.0753214143147476,1.0734628613165562,1.069733278932976
2492,1.0753214143147476,1.0740224143731485,1.0691936364758567
2493,1.0753214143147476,1.0739172100149483,1.0703128859632143
2494,1.0753214143147476,1.073673153040473,1.070739517894518
2495,1.0753214143147476,1.074231589961662,1.0719149407775366
2496,1.0753214143147476,1.0742355410723827,1.07062226871962
2497,1.0753214143147476,1.0742563901294861,1.0704263447060267
2498,1.0753214143147476,1.074222465560365,1.068049576998214
2499,1.0753214143147476,1.0741554120977574,1.0666560719885951
2500,1.0753214143147476,1.0740735002248614,1.0656851076510618
2501,1.0753214143147476,1.0743452773148305,1.0716655763401384
2502,1.0753214143147476,1.0742430657744924,1.0690471586877077
2503,1.0753214143147476,1.0739795573347206,1.0672217304887943
2504,1.0753214143147476,1.0742915068932115,1.071351477021669
2505,1.0753214143147476,1.0740851390599284,1.0670637154585503
2506,1.0753214143147476,1.0739447927813874,1.0715137838864879
2507,1.0753214143147476,1.0739711705937343,1.0645916649792984
2508,1.0753214143147476,1.073569203694844,1.0712759337363011
2509,1.0753214143147476,1.0739135577200736,1.0686476025034797
2510,1.0753214143147476,1.0739683735744363,1.07131482736892
2511,1.0753214143147476,1.0741277679589907,1.07094945883349
2512,1.0753214143147476,1.0741018534952942,1.0695626721596774
2513,1.0753214143147476,1.0741228024349792,1.0714028555883872
2514,1.0753214143147476,1.0741152116707824,1.0682906928520524
2515,1.0753214143147476,1.0735644190314195,1.0693396140047287
2516,1.0753214143147476,1.0732267972283072,1.0645173622801387
2517,1.0753214143147476,1.0730888307529305,1.0685119908764986
2518,1.0753214143147476,1.0730122658818437,1.061558783042476
2519,1.0753214143147476,1.0726842054069055,1.0661349121111985
2520,1.0753214143147476,1.0721765860292822,1.0651046287251669
2521,1.0753214143147476,1.071632148794409,1.0599617557805852
2522,1.0753214143147476,1.0719155849411484,1.0674009752671132
2523,1.0753214143147476,1.0728116745005485,1.0665088311403093
2524,1.0753214143147476,1.0734596219698698,1.0673149474954893
2525,1.0753214143147476,1.0731265510870711,1.0700937821934482
2526,1.0753214143147476,1.0731584766307969,1.0696622889479634
2527,1.0753214143147476,1.0732606731712608,1.0679083395178575
2528,1.0753214143147476,1.0731131475264888,1.055163737614063
2529,1.0753214143147476,1.072631682137667,1.0656796963607942
2530,1.0753214143147476,1.0722903862306363,1.067103794196576
2531,1.0753214143147476,1.0725037238749802,1.0656802577216098
2532,1.0753214143147476,1.0731403502159687,1.0679395012377253
2533,1.0753214143147476,1.073304703793024,1.0658008034019733
2534,1.0753214143147476,1.0735504747558218,1.0697808127350459
2535,1.0753214143147476,1.0736526596665383,1.0672788019231527
2536,1.0753214143147476,1.0734886878072183,1.0673535942233408
2537,1.0753214143147476,1.0728620655293803,1.0570776459896187
2538,1.0753214143147476,1.072541327323656,1.0651948401114253
2539,1.0753214143147476,1.0729264745525489,1.0653596399572034
2540,1.0753214143147476,1.0728829737313168,1.0663282713816256
2541,1.0753214143147476,1.0731583272665042,1.0680590534042405
2542,1.0753214143147476,1.07372816891911,1.0696037674197534
2543,1.0753214143147476,1.073700520340785,1.068609165174173
2544,1.0753214143147476,1.0738707481070984,1.071340187921599
2545,1.0753214143147476,1.0741329553839294,1.0713090235732914
2546,1.0753214143147476,1.0740825692544775,1.070149790528415
2547,1.0753214143147476,1.073554766888264,1.064914627724187
2548,1.0754137427446528,1.0730986661712292,1.067835661131281
2549,1.0754137427446528,1.0731442758312186,1.0678691391885027
2550,1.0754137427446528,1.0729505421314116,1.0629514495813566
2551,1.0754137427446528,1.073475325119263,1.0666356307507576
2552,1.0754137427446528,1.0734229103678634,1.0650443985933966
2553,1.0754137427446528,1.0732705804978468,1.069271068541216
2554,1.0754137427446528,1.0735259698993438,1.070026961784735
2555,1.0754137427446528,1.073898810667192,1.0704531491844598
2556,1.0754137427446528,1.073127025228972,1.0673136245609685
2557,1.0754137427446528,1.0731834764859243,1.0680043981616076
2558,1.0754137427446528,1.0729157964449667,1.0672355471761281
2559,1.0754137427446528,1.0732004317951331,1.0623832449390092
2560,1.0754137427446528,1.0731699876393068,1.0681538348219695
2561,1.0754137427446528,1.0734668491501254,1.0676147571227306
2562,1.0754137427446528,1.0735049108858046,1.0651519222560526
2563,1.0754137427446528,1.0736952521943675,1.0692759373211085
2564,1.0754137427446528,1.0735237274523228,1.0693215041606619
2565,1.0754137427446528,1.073709494648354,1.0704719997696215
2566,1.0754137427446528,1.0739955149078946,1.0712899867431789
2567,1.0754137427446528,1.074118757185465,1.0691661834705306
2568,1.0754137427446528,1.073846773926644,1.067521321206597
2569,1.0754137427446528,1.0738552674548656,1.0680549310104652
2570,1.0754137427446528,1.0736616183648315,1.0636758046560255
2571,1.0754137427446528,1.073209876323461,1.056390441427792
2572,1.0754137427446528,1.0730532694299004,1.0648094183699919
2573,1.0754137427446528,1.0729976648907469,1.0661229264437049
2574,1.0754137427446528,1.073106541848616,1.0668184144910224
2575,1.0754137427446528,1.0731441564974122,1.0667733037809288
2576,1.0754137427446528,1.072695241710415,1.0636633505264226
2577,1.0754137427446528,1.0729476397630906,1.0642476363367495
2578,1.0754137427446528,1.07305696558629,1.067484632546586
2579,1.0754137427446528,1.0729272182246579,1.0687718770815113
2580,1.0754137427446528,1.0732039554568449,1.0630440943676713
2581,1.0754137427446528,1.0729955496899486,1.06834741665342
2582,1.0754137427446528,1.0731844613736603,1.0671518793791674
2583,1.0754137427446528,1.0734086885134355,1.069664612957906
2584,1.0754137427446528,1.0732495621499851,1.0693203050461724
2585,1.0754137427446528,1.073538753882094,1.0697748027876282
2586,1.0754137427446528,1.0734982800577846,1.0663892306882619
2587,1.0754137427446528,1.0735388588154218,1.0700688620991485
2588,1.0754137427446528,1.0735434248426587,1.0658326057247065
2589,1.0754137427446528,1.0732901982951173,1.0682148524625208
2590,1.0754137427446528,1.0728657897276104,1.0670080253215295
2591,1.0754324538180204,1.0727269017920726,1.0666175610986575
2592,1.0754324538180204,1.073052981013121,1.0672871922663716
2593,1.0754324538180204,1.0730936022089166,1.0662892871061045
2594,1.0754324538180204,1.0730094163714188,1.066476022681708
2595,1.0754324538180204,1.0726864036537376,1.068562917156242
2596,1.0754324538180204,1.0729134779090537,1.0666915501681757
2597,1.0754324538180204,1.0727121518400866,1.0680844372528424
2598,1.0754324538180204,1.0729506877426744,1.068368422416285
2599,1.0754324538180204,1.072796775948683,1.0651385909330358
2600,1.0754324538180204,1.072791086212015,1.065215369914215
2601,1.0754324538180204,1.0724236451011329,1.0634721155060562
2602,1.0754324538180204,1.0720193384000907,1.0672247850847862
2603,1.0754324538180204,1.0726430152743742,1.0656481797718438
2604,1.0755414362799642,1.072821944669908,1.0681281797204991
2605,1.0755414362799642,1.0731469914016292,1.068846351366864
2606,1.0755414362799642,1.0731187740041888,1.0672849132513174
2607,1.0755414362799642,1.0724917446384916,1.059279892370363
2608,1.0755414362799642,1.07269765081093,1.0657725356821444
2609,1.0755414362799642,1.0732216580640646,1.068343371205438
2610,1.0755414362799642,1.0734795405995232,1.0695424907259368
2611,1.0755414362799642,1.0736242595866519,1.0705634076188542
2612,1.0755414362799642,1.0737083378908698,1.0701318294310298
2613,1.0755414362799642,1.074147834217318,1.0652177377290262
2614,1.0755414362799642,1.0741905551433568,1.070430185181756
2615,1.0755414362799642,1.0744095399615328,1.0712174142242292
2616,1.0755414362799642,1.0740256664572272,1.0682628900112436
2617,1.0755414362799642,1.074203153098334,1.0711559442765848
2618,1.0755414362799642,1.0739955855844676,1.0690714040114062
2619,1.0755414362799642,1.0742507907230499,1.0639943286385622
2620,1.0755414362799642,1.0740165189426771,1.068951111183476
2621,1.0755414362799642,1.0737782871194648,1.06979212394341
2622,1.0755414362799642,1.0738967467827785,1.068900799496865
2623,1.0755414362799642,1.073985138514,1.0700061965489214
2624,1.0755414362799642,1.0738175040544258,1.0676518532297505
2625,1.0755414362799642,1.0737942700582275,1.0683827303132285
2626,1.0755414362799642,1.0738645568094385,1.0693997166548166
2627,1.0755414362799642,1.0732864715169186,1.0665677621027219
2628,1.0755414362799642,1.0737066357311067,1.0685942370674626
2629,1.0755414362799642,1.0736589961364498,1.0648855016386056
2630,1.0755414362799642,1.0736336474033144,1.0685114007574477
2631,1.0755414362799642,1.0734960705394965,1.0669624954949355
2632,1.0755414362799642,1.0736851416387738,1.069078096662596
2633,1.0755414362799642,1.0739730760812112,1.0686212053630348
2634,1.0755414362799642,1.0740774489454248,1.0712342576032436
2635,1.0755414362799642,1.0745773740056617,1.0722384222693169
2636,1.0755414362799642,1.0745890362364567,1.072447494162156
2637,1.0755414362799642,1.0747175295941795,1.0727559420901902
2638,1.0755414362799642,1.0743882986747437,1.0711562625566704
2639,1.0755414362799642,1.0739867871189743,1.0643809914597129
2640,1.0755414362799642,1.07404051312508,1.0712033016174016
2641,1.0755414362799642,1.0741772670130034,1.0698869103425643
2642,1.0755414362799642,1.0742789509654787,1.0709944058367609
2643,1.0755414362799642,1.074045588784726,1.068506974226545
2644,1.0755414362799642,1.0741054070961247,1.0698416520596257
2645,1.0755414362799642,1.0740656263285009,1.0687052674469812
2646,1.0755414362799642,1.0742104684092508,1.0690044262026173
2647,1.0755414362799642,1.0745434226493256,1.071739828325098
2648,1.0755414362799642,1.074684256566879,1.0679685818893065
2649,1.0755414362799642,1.0747458523682143,1.0724192315131083
2650,1.0755414362799642,1.0747647889601328,1.0723065151598947
2651,1.0755414362799642,1.074754517496672,1.0724153467972566
2652,1.0755414362799642,1.0747655720607867,1.073075186449147
2653,1.0755414362799642,1.0748400048513163,1.0727936079199683
2654,1.0755414362799642,1.074667377373422,1.0724543080763007
2655,1.0755414362799642,1.0746592260159131,1.071916516560758
2656,1.0755414362799642,1.0745554033036147,1.071918995822914
2657,1.0755414362799642,1.0743264974401523,1.0657066310801424
2658,1.0755414362799642,1.0743440273441194,1.0703252200599527
2659,1.0755414362799642,1.073924600963433,1.0517275765772358
2660,1.0755414362799642,1.0739251817402857,1.0683112664612326
2661,1.0755414362799642,1.0736373369494678,1.0688173413714501
2662,1.0755414362799642,1.0739875243247732,1.068761625624742
2663,1.0755414362799642,1.074063503548698,1.0714785928357031
2664,1.0755414362799642,1.0740207175036587,1.0686150132036865
2665,1.0755414362799642,1.074135285822684,1.0705541219894577
2666,1.0755414362799642,1.0740109217466474,1.0696594907696513
2667,1.0755414362799642,1.073688057774635,1.069208400070484
2668,1.0755414362799642,1.0736687639043991,1.0553172528752435
2669,1.0755414362799642,1.0740312134724683,1.0712808225774781
2670,1.0755414362799642,1.0738024178449093,1.0665865600177962
2671,1.0755414362799642,1.0734031752177444,1.060428228551294
2672,1.0755414362799642,1.0726195664630422,1.0567984798734393
2673,1.0755414362799642,1.0720380875800881,1.0510223219582164
2674,1.0755414362799642,1.07328013423285,1.0662134861491506
2675,1.0755414362799642,1.0732017486256238,1.0702946642256994
2676,1.0755414362799642,1.073335676851926,1.0690027522408645
2677,1.0755414362799642,1.0731689002923337,1.0582438742526246
2678,1.0755414362799642,1.0731195994935383,1.0682058333077729
2679,1.0755414362799642,1.0734603535427487,1.0646873356124156
2680,1.0755414362799642,1.0732297337491452,1.0651888079653176
2681,1.0755414362799642,1.073349433796674,1.0678929682987603
2682,1.0755414362799642,1.074054829333205,1.0692614928365582
2683,1.0755414362799642,1.0739322485139093,1.0700312163542531
2684,1.0755414362799642,1.0734558115263062,1.0680499625154147
2685,1.0755414362799642,1.0733642685167242,1.0640549004366298
2686,1.0755414362799642,1.073700378139471,1.0685464258121806
2687,1.0755414362799642,1.073878792200447,1.0710748607439573
2688,1.0755414362799642,1.0740310427772781,1.0715843143522075
2689,1.0755414362799642,1.0737777488414886,1.0677489518159158
2690,1.0755414362799642,1.073807854747659,1.0703017279003064
2691,1.0755414362799642,1.0738226834600817,1.0710207398326037
2692,1.0755414362799642,1.0742464215469782,1.0709942262832568
2693,1.0755414362799642,1.0746068182415398,1.072353758693959
2694,1.0755414362799642,1.0745183595502583,1.0709406469601164
2695,1.0755414362799642,1.0745882998580194,1.0721324355638213
2696,1.0755414362799642,1.074499212445211,1.07254484374742
2697,1.0755414362799642,1.0743636085196042,1.0715959454391486
2698,1.0755414362799642,1.0742553268107593,1.0711760053739012
2699,1.0755414362799642,1.074094430219874,1.0717091490212138
2700,1.0755414362799642,1.0737906096673249,1.0660080634968045
2701,1.0755414362799642,1.0731673750365642,1.0691754806256921
2702,1.0755414362799642,1.0729218001066376,1.0655657021249094
2703,1.0755414362799642,1.0728143679051458,1.0677616786885888
2704,1.0755414362799642,1.0731492851569566,1.0684733576141099
2705,1.0755414362799642,1.073335110457372,1.0683230647976596
2706,1.0755414362799642,1.0735351649132034,1.069854897752552
2707,1.0755414362799642,1.0733933431618636,1.0692706519631976
2708,1.0755414362799642,1.0733747878570938,1.0692532183363603
2709,1.0755414362799642,1.0739811151763516,1.071585984082756
2710,1.0755414362799642,1.073991175865246,1.0690051186515768
2711,1.0755414362799642,1.0741033667011557,1.0700686966694455
2712,1.0755414362799642,1.0743396421776097,1.0719201035552242
2713,1.0755414362799642,1.0745185005119748,1.072070764108336
2714,1.0755414362799642,1.0746432097114083,1.069581264566066
2715,1.0755414362799642,1.0744084764299975,1.0710610576213606
2716,1.0755414362799642,1.0742715177691442,1.07168567188191
2717,1.0755414362799642,1.0744622061738263,1.071067973247039
2718,1.0755414362799642,1.0742569628317984,1.070092309545242
2719,1.0755414362799642,1.0743892887626796,1.0718159462391803
2720,1.0755414362799642,1.0745185579955416,1.0719352577685624
2721,1.0755414362799642,1.0745290521422155,1.072273976818346
2722,1.0755414362799642,1.0743779148903676,1.0718667929220957
2723,1.0755414362799642,1.0744283485993738,1.0719084874385185
2724,1.0755414362799642,1.0744163277487622,1.0701505563166123
2725,1.0755414362799642,1.074276558170427,1.0703257523850522
2726,1.0755414362799642,1.0742905679707804,1.070166527821239
2727,1.0755414362799642,1.0741957858182283,1.0701928051161027
2728,1.0755414362799642,1.074070117577849,1.069122447477417
2729,1.0755414362799642,1.0738878607919535,1.0677819618228308
2730,1.0755414362799642,1.0740796521319,1.069415286698575
2731,1.0755414362799642,1.0740971059693163,1.069477411830599
2732,1.0755414362799642,1.0738955830536554,1.069742788486077
2733,1.0755414362799642,1.0739912210587315,1.0697583892380838
2734,1.0755414362799642,1.0736898770307493,1.0700346850436835
2735,1.0755414362799642,1.0735570202492157,1.0703457275433526
2736,1.0755414362799642,1.073557857980505,1.0707915027948103
2737,1.0755414362799642,1.0735669821649805,1.0656478992511274
2738,1.0755414362799642,1.0737456298585248,1.069308404803803
2739,1.0755414362799642,1.073738473647647,1.068089984646116
2740,1.0755414362799642,1.0738508725060685,1.068520758490536
2741,1.0755414362799642,1.0738096150778487,1.0661644065815263
2742,1.0755414362799642,1.0738217215313808,1.0686014586724513
2743,1.0755414362799642,1.0737844321251984,1.069956450196282
2744,1.0755414362799642,1.0740243188313943,1.0682734843638868
2745,1.0755414362799642,1.073777366549061,1.07027694959029
2746,1.0755414362799642,1.0736884374029438,1.0656965412031545
2747,1.0755414362799642,1.0734160442496328,1.066653919545332
2748,1.0755414362799642,1.073066047718603,1.0649038422186774
2749,1.0755414362799642,1.0731800265492266,1.065672963137053
2750,1.0755414362799642,1.0730081733240318,1.0662080100353217
2751,1.0755414362799642,1.073422024377854,1.0679602718190866
2752,1.0755414362799642,1.0732632209695312,1.0676410961541547
2753,1.0755414362799642,1.073596905258529,1.068989208322918
2754,1.0755414362799642,1.0738980515545788,1.0685127707163071
2755,1.0755414362799642,1.0738434927658316,1.0691624720423034
2756,1.0755414362799642,1.0738289505024288,1.0680258559935933
2757,1.0755414362799642,1.0737700219530582,1.070350192694209
2758,1.0755414362799642,1.073798482377313,1.0690491533220687
2759,1.0755414362799642,1.0739677070012243,1.0678513516962314
2760,1.0755414362799642,1.073836293353868,1.0707675288873182
2761,1.0755414362799642,1.0738644262030181,1.0708142213709155
2762,1.0755414362799642,1.0739471404081125,1.070374360173474
2763,1.0755414362799642,1.0740784015162554,1.0694612812638025
2764,1.0755414362799642,1.0739990432632132,1.071107243844343
2765,1.0755414362799642,1.0739147956793813,1.0707226117708453
2766,1.0755414362799642,1.0741911297920752,1.0709015538690756
2767,1.0755414362799642,1.074101938572458,1.070597871976426
2768,1.0755414362799642,1.0743216437017198,1.0700357875768525
2769,1.0755414362799642,1.0743181317736217,1.064660467643778
2770,1.0755414362799642,1.074075389899981,1.0681268255658432
2771,1.0755414362799642,1.073663939889594,1.0698111443392344
2772,1.0755414362799642,1.0732620670842632,1.065202337180609
2773,1.0755414362799642,1.0727624462627832,1.061109543688078
2774,1.0755414362799642,1.0729910753426644,1.0673604000703767
2775,1.0755414362799642,1.0731528769201462,1.0682550667804043
2776,1.0755414362799642,1.072569381120695,1.0649052777316108
2777,1.0755414362799642,1.0730798396498689,1.0670009132978069
2778,1.0755414362799642,1.0730169040012496,1.0607664731079829
2779,1.0755414362799642,1.0735724021365112,1.0701665636608702
2780,1.0755414362799642,1.0737704278726863,1.0612149989906954
2781,1.0755414362799642,1.0727945590806252,1.0609860277002794
2782,1.0755414362799642,1.0727984580833292,1.0589216887639603
2783,1.0755414362799642,1.0729472165719525,1.0641999888687859
2784,1.0755414362799642,1.0727403954262982,1.0594945058826308
2785,1.0755414362799642,1.0727094784596432,1.0605020694170668
2786,1.0755414362799642,1.0722829961185258,1.065333440346725
2787,1.0755414362799642,1.0736288531509381,1.0694809706929853
2788,1.0755414362799642,1.0739424639965598,1.0707857204553062
2789,1.0755414362799642,1.0740910332229023,1.0697132948533101
2790,1.0755414362799642,1.0742787623947598,1.0703237868571065
2791,1.0755414362799642,1.074209668118251,1.0705895312981195
2792,1.0755414362799642,1.0742457786228372,1.0697757010098277
2793,1.0755414362799642,1.0743031006127655,1.0714832452665286
2794,1.0755414362799642,1.074279148063127,1.0705960775113064
2795,1.0755414362799642,1.0745816494241631,1.0683964378890263
2796,1.0755414362799642,1.0742610854769274,1.0710879806611904
2797,1.0755414362799642,1.0743277719762268,1.0725469725181431
2798,1.0755414362799642,1.0743079990019317,1.071296151215559
2799,1.0755414362799642,1.0742238690291688,1.068158680031253
2800,1.0755414362799642,1.073978367386629,1.070985210571488
2801,1.0755414362799642,1.073972735171912,1.0698456848966194
2802,1.0755414362799642,1.0740965524194577,1.0692397204002648
2803,1.0755414362799642,1.0740090734208956,1.0700334060448493
2804,1.0755986825616286,1.0742333144906397,1.0677061752908197
2805,1.0755986825616286,1.074041299128296,1.0681286992905883
2806,1.0755986825616286,1.0736754175614605,1.0679643809546662
2807,1.0755986825616286,1.0729208169093416,1.046029593617185
2808,1.0755986825616286,1.0725304606766444,1.0550806401699901
2809,1.0755986825616286,1.072520476469436,1.0589405260924973
2810,1.0755986825616286,1.0721874673151253,1.0600083817721921
2811,1.0755986825616286,1.0720956173010592,1.0542320965357443
2812,1.0755986825616286,1.072613915389248,1.0589130436434386
2813,1.0755986825616286,1.073167382063926,1.0665053829916509
2814,1.0755986825616286,1.0732170406028543,1.0603938808768159
2815,1.0755986825616286,1.073150528353744,1.0636814220299728
2816,1.0755986825616286,1.0729872193626926,1.066556957248607
2817,1.0755986825616286,1.0732432026988097,1.0634603299923486
2818,1.0755986825616286,1.073243775109609,1.069177454093601
2819,1.0755986825616286,1.0734373033997293,1.0686577883483066
2820,1.0755986825616286,1.0732897083981379,1.0618754028257023
2821,1.0755986825616286,1.073298550569196,1.0641671608238865
2822,1.0755986825616286,1.07352802389787,1.0672344709138586
2823,1.0755986825616286,1.0734635650050715,1.065492155844996
2824,1.0755986825616286,1.073281202692925,1.0670090025756838
2825,1.0755986825616286,1.07307480622138,1.0686824247306943
2826,1.0755986825616286,1.0736406395889821,1.0700729550496826
2827,1.0755986825616286,1.0733463028593726,1.0680821708858572
2828,1.0755986825616286,1.0732107221287672,1.058350289749792
2829,1.0755986825616286,1.07362755730455,1.0706728442482243
2830,1.0755986825616286,1.0740400475927157,1.0714188472653632
2831,1.0755986825616286,1.0738185091615504,1.0701562778197036
2832,1.0756694072703634,1.073446128618272,1.0628608102011923
2833,1.0756694072703634,1.07370538375122,1.0653033596109869
2834,1.0756694072703634,1.0738186285918814,1.0663243144034429
2835,1.0756694072703634,1.0738969743415197,1.0695078263537798
2836,1.0756694072703634,1.0741505066703398,1.07071104824096
2837,1.0756694072703634,1.0745192842301179,1.0714143349418572
2838,1.0756694072703634,1.0746238223217308,1.0719873116436205
2839,1.0756694072703634,1.0744166285953458,1.0715423578278367
2840,1.0756694072703634,1.0742737772465967,1.0689155665376764
2841,1.0756694072703634,1.0737243420093023,1.0684421018627812
2842,1.0756694072703634,1.0738484912371913,1.0702293422256368
2843,1.0756694072703634,1.0740477151850278,1.0706536509745797
2844,1.0756694072703634,1.073983312527373,1.0696624161358974
2845,1.0756694072703634,1.0742047868219524,1.0702423041593763
2846,1.0756694072703634,1.0742688675958925,1.0694891364032482
2847,1.0756694072703634,1.0743103352993,1.0689125618945334
2848,1.0756694072703634,1.0741701157328998,1.070052021202354
2849,1.0756694072703634,1.0740923978420944,1.0663223798540522
2850,1.0756694072703634,1.0733532167121032,1.0682215569261992
2851,1.0756694072703634,1.0740508383473872,1.0690345137764377
2852,1.0756694072703634,1.0741640028704673,1.070887329754094
2853,1.0756694072703634,1.0743254089614986,1.0720251080276242
2854,1.0756694072703634,1.0746659465757755,1.0717511811259242
2855,1.0756694072703634,1.0744393460670298,1.0669364098248861
2856,1.0756694072703634,1.0744391598340162,1.0701795078746041
2857,1.0756694072703634,1.0741880738337406,1.070650504673174
2858,1.0756694072703634,1.0743828663546617,1.070772017832468
2859,1.0756694072703634,1.0742305199043323,1.0712378608639692
2860,1.0756694072703634,1.074422019217284,1.0693557739889787
2861,1.0756694072703634,1.0745067046531707,1.069783787138641
2862,1.0756694072703634,1.0745791481378009,1.0724944788934234
2863,1.0756694072703634,1.0743826374726604,1.0673437515240223
2864,1.0756694072703634,1.074324479513435,1.0705081329267152
2865,1.0756694072703634,1.0740436320487035,1.0679990392102294
2866,1.0756694072703634,1.0737257426588052,1.068646653460108
2867,1.0756694072703634,1.073564919918571,1.0682856288906044
2868,1.0756694072703634,1.0735626922621038,1.0652737157808245
2869,1.0756694072703634,1.0737048552740636,1.0695805203911228
2870,1.0756694072703634,1.0739577435534313,1.0701520342311504
2871,1.0756694072703634,1.0737337459775145,1.0693070272188319
2872,1.0756694072703634,1.07398368910412,1.0704523141153979
2873,1.0756694072703634,1.0734563996593334,1.0688843804599393
2874,1.0756694072703634,1.0736166324458565,1.0682845404278316
2875,1.0756694072703634,1.0735556370981403,1.0699273364987143
2876,1.0756694072703634,1.073913397742265,1.0697567856366201
2877,1.0756694072703634,1.073996258626746,1.0685246003298734
2878,1.0756694072703634,1.0741404939978545,1.0706065345872413
2879,1.0756694072703634,1.0739408292504473,1.0706290522015802
2880,1.0756694072703634,1.0742197912363927,1.0695162884799432
2881,1.0756694072703634,1.0742894895354778,1.0707222667346934
2882,1.0756694072703634,1.0742421033001586,1.0702275774168042
2883,1.0757261388706394,1.0742396105777674,1.069086613109095
2884,1.0757261388706394,1.0742431858860548,1.0710294078463283
2885,1.0757261388706394,1.0745668031409743,1.0720941927300596
2886,1.0757261388706394,1.074178801135073,1.068137059699638
2887,1.0757261388706394,1.074563342807319,1.072383740144836
2888,1.0757261388706394,1.0746124642738524,1.0689618071064717
2889,1.0757261388706394,1.0743116478833687,1.0699420922592389
2890,1.0757261388706394,1.0740849691094703,1.0690245508101794
2891,1.0757261388706394,1.0738427173985594,1.0702354739307456
2892,1.0757261388706394,1.0740615677998953,1.0657544856514831
2893,1.0757261388706394,1.0743706546128815,1.0707234072709348
2894,1.0757261388706394,1.0746729829336361,1.0718666161711012
2895,1.0757261388706394,1.0746673334144297,1.0700813980572144
2896,1.0757261388706394,1.0744896984750654,1.0682921726866859
2897,1.0757261388706394,1.073730694840603,1.0671466402331478
2898,1.0757261388706394,1.0735943820543434,1.0665091835794578
2899,1.0757261388706394,1.0736838705583145,1.066250527260781
2900,1.0757261388706394,1.0735679861297325,1.069063889279982
2901,1.0757261388706394,1.0734835287589461,1.0639526329126123
2902,1.0757261388706394,1.073436389587319,1.066702321970399
2903,1.0757261388706394,1.0732906678088379,1.0661586470802744
2904,1.0757261388706394,1.0732570482408172,1.0644478015098335
2905,1.0757261388706394,1.0735884075831514,1.0675812840365788
2906,1.0757261388706394,1.0733166275951778,1.0646156590758018
2907,1.0757261388706394,1.0731147412921818,1.0687806873712973
2908,1.0757261388706394,1.073337720285596,1.067500546466485
2909,1.0757261388706394,1.0738630031397407,1.064463953264109
2910,1.0757261388706394,1.074050319449343,1.0703078896363492
2911,1.0757261388706394,1.0741601464855584,1.0697188106946018
2912,1.0757261388706394,1.0742017856736363,1.0684200542655442
2913,1.0757261388706394,1.0741123957943421,1.0706238749965415
2914,1.0757261388706394,1.0744968846017362,1.0688133087093479
2915,1.0757261388706394,1.0742410995334282,1.0717530290567066
2916,1.0757261388706394,1.0744632505316623,1.0693936548516056
2917,1.0757261388706394,1.07468754503751,1.0713692830082302
2918,1.0757261388706394,1.0745516321660182,1.0712726964145576
2919,1.0757261388706394,1.074483507302009,1.0714130264236026
2920,1.0757261388706394,1.0742574806681955,1.0705810622435965
2921,1.0757261388706394,1.0740318872320183,1.0694872174809653
2922,1.0757261388706394,1.0743694628935385,1.071391144133056
2923,1.0757261388706394,1.0746247750390894,1.0716868817793512
2924,1.0758416364129753,1.0747859144215535,1.0713958334810851
2925,1.0758416364129753,1.0746883974765349,1.071691503009303
2926,1.0758416364129753,1.0743879273525494,1.0710567218570934
2927,1.0758416364129753,1.0739444007667218,1.0668416985944582
2928,1.0758416364129753,1.0741625226738345,1.0683357643139104
2929,1.0758416364129753,1.0743496757517956,1.0713361468877436
2930,1.0758416364129753,1.074547724655401,1.0705540550179233
2931,1.0758416364129753,1.0746500662077543,1.0708559325236577
2932,1.0758416364129753,1.0749008293682978,1.0722279943807023
2933,1.0759161907786003,1.0750153275319378,1.0710653839614586
2934,1.0759161907786003,1.074523545901569,1.068846021462832
2935,1.0759161907786003,1.0742650029154601,1.0691587167835674
2936,1.0759161907786003,1.074306000882828,1.0708419939809346
2937,1.0759161907786003,1.0744257276103917,1.071744484276607
2938,1.0759161907786003,1.0745845189895022,1.0719855846855244
2939,1.0759161907786003,1.0749465523059145,1.0716351621347937
2940,1.0759161907786003,1.0747771129657702,1.0708608759179121
2941,1.0759161907786003,1.0748380505765511,1.073136369280438
2942,1.0759161907786003,1.0749047515490935,1.0732043707096417
2943,1.0759161907786003,1.0748630499436862,1.070345669488006
2944,1.0759161907786003,1.0745641392256113,1.0690551947352467
2945,1.0759161907786003,1.0745480026416823,1.071527681199076
2946,1.0759161907786003,1.0747379270348576,1.0682089410394768
2947,1.0759161907786003,1.0746726668263207,1.0709313564796865
2948,1.0759161907786003,1.0746922297022294,1.0677531518263392
2949,1.0759161907786003,1.0746992843785106,1.0683338773449087
2950,1.0759161907786003,1.0746933196483264,1.0719477353212645
2951,1.0759161907786003,1.0749216359031755,1.0721170897650567
2952,1.0759161907786003,1.0748259880359652,1.0718399871740791
2953,1.0759161907786003,1.0749251652943934,1.071335294721731
2954,1.0759161907786003,1.0745615308924352,1.0712436582489804
2955,1.0759161907786003,1.074256534309124,1.069049558863459
2956,1.0759161907786003,1.0740347970037833,1.0698138064520264
2957,1.0759161907786003,1.0739823273116493,1.0677724079045001
2958,1.0759161907786003,1.0737617453564865,1.0696467329973118
2959,1.0759161907786003,1.073830024908344,1.0692776938698625
2960,1.0759161907786003,1.0740423528426368,1.069820233510998
2961,1.0759161907786003,1.074214975568803,1.0707587056975645
2962,1.0759161907786003,1.0742688569386472,1.0705939286622215
2963,1.0759161907786003,1.0742448439047003,1.070135807030754
2964,1.0759161907786003,1.0742609776925764,1.0690809038595717
2965,1.0759161907786003,1.0743789927637732,1.0710689395670407
2966,1.0759161907786003,1.0744650691530637,1.0692392467198566
2967,1.0759161907786003,1.0749257118980604,1.0718121341932783
2968,1.0759161907786003,1.074680450309647,1.0727494385359633
2969,1.0759161907786003,1.074511249260354,1.0701570037456896
2970,1.0759161907786003,1.0746126803597347,1.070594844965842
2971,1.0759161907786003,1.0745729843004606,1.070220024650268
2972,1.0759161907786003,1.0745336264242642,1.0719168998427362
2973,1.0759161907786003,1.074559034594901,1.0694405446313615
2974,1.0759161907786003,1.0748077840352157,1.0699279581125498
2975,1.0759161907786003,1.0749104472273547,1.0718550002534541
2976,1.0759161907786003,1.075010884545312,1.0719182392890407
2977,1.0759161907786003,1.075066299871621,1.0730706050879433
2978,1.0759161907786003,1.0748512642776546,1.071499995407594
2979,1.0759161907786003,1.074418457746445,1.0674672911381673
2980,1.0759161907786003,1.074695950318437,1.0710445597316258
2981,1.0759161907786003,1.0743312775855494,1.0671365712090173
2982,1.0759161907786003,1.0743637967831006,1.0705508508701984
2983,1.0759161907786003,1.0742875304976807,1.0710568927314494
2984,1.0759161907786003,1.0744762428809351,1.0708691369482446
2985,1.0759161907786003,1.0743219099727184,1.0718677823604637
2986,1.0759161907786003,1.0742166591199633,1.069456127819481
2987,1.0759161907786003,1.0741844087591454,1.0642907640709816
2988,1.0759161907786003,1.0737626860893679,1.06936610754702
2989,1.0759161907786003,1.0736917456749306,1.0709859645174886
2990,1.0759161907786003,1.0741639980481552,1.0701996217001726
2991,1.0759161907786003,1.0740094739398964,1.0683576984104952
2992,1.0759161907786003,1.073963542344248,1.0682804491452293
2993,1.0759161907786003,1.0738036906576631,1.0638522297954462
2994,1.0759161907786003,1.073920907209108,1.0701399469458641
2995,1.0759161907786003,1.0739279181241832,1.06938382895702
2996,1.0759161907786003,1.0739402001887712,1.0703037340059678
2997,1.0759161907786003,1.0743663279670148,1.0666472435347885
2998,1.0759257889995248,1.0750031463041032,1.0710720022403446
2999,1.0759257889995248,1.075133160303475,1.0728814118687564
3000,1.0759257889995248,1.0751775091383298,1.0727168288496152
3001,1.0759257889995248,1.075166693271902,1.0725655775495353
3002,1.0759257889995248,1.075118818611102,1.0715989202691543
3003,1.0759257889995248,1.0750118391115848,1.0730933770445124
3004,1.0759257889995248,1.0753266273211135,1.072651148575015
3005,1.0759257889995248,1.0751643153478851,1.071931120260012
3006,1.0759257889995248,1.075047942920717,1.0713916193861686
3007,1.0759257889995248,1.075033044349244,1.0716818998461541
3008,1.0759257889995248,1.0748297916651068,1.0714267984987662
3009,1.0759257889995248,1.0746908671085393,1.0641078595363758
3010,1.0759257889995248,1.0743888915160091,1.070785367916582
3011,1.0759257889995248,1.0743659695628858,1.0713253954795185
3012,1.0759257889995248,1.074494171381062,1.071009446792614
3013,1.0759257889995248,1.0747343055968959,1.072415422093475
3014,1.0759257889995248,1.0751451345883414,1.0728488453807428
3015,1.0759257889995248,1.0747778425950332,1.0719248954365526
3016,1.0759257889995248,1.0747394762702605,1.0716230392816488
3017,1.0759257889995248,1.0744462849884386,1.0690647073490518
3018,1.0759257889995248,1.07430831549904,1.069739062035729
3019,1.0759257889995248,1.074714440191867,1.069828746959866
3020,1.0759257889995248,1.0744365765620594,1.0652396282966836
3021,1.0759257889995248,1.0742808463269575,1.0709096755256815
3022,1.0759257889995248,1.0740875892204083,1.0707537787252095
3023,1.0759257889995248,1.0743017558345302,1.07128609725113
3024,1.0759257889995248,1.0743526305908788,1.0665794370058284
3025,1.0759257889995248,1.074110278616962,1.0629141015217272
3026,1.0759257889995248,1.0742408867837476,1.0713681371781287
3027,1.0759257889995248,1.0744571472628226,1.0685619503137214
3028,1.0759257889995248,1.0742643773870315,1.0675832939158436
3029,1.0759257889995248,1.0741333784037432,1.0700075635040753
3030,1.0759257889995248,1.0742758813905147,1.0690250670967203
3031,1.0759257889995248,1.073947323622106,1.0629304457797755
3032,1.0759257889995248,1.0734624288517487,1.0610006637166918
3033,1.0759257889995248,1.0737040203598829,1.0692777769762767
3034,1.0759257889995248,1.0741258219597265,1.0701054731283661
3035,1.0759257889995248,1.0745280360872276,1.0700011461456644
3036,1.0759257889995248,1.0746335149130193,1.0670186771777252
3037,1.0759257889995248,1.0742313163112298,1.0694246114576387
3038,1.0759257889995248,1.0744940198213158,1.0701949629825114
3039,1.0759257889995248,1.074639612255808,1.0712114467240812
3040,1.0759257889995248,1.074968757206792,1.0646057947225351
3041,1.0759257889995248,1.0752091238661683,1.0710966695163964
3042,1.0759257889995248,1.074737129599158,1.0688378326574413
3043,1.0759257889995248,1.0746693117021044,1.072087932657757
3044,1.0759257889995248,1.0746614058562818,1.07131153370744
3045,1.0759257889995248,1.0746845061383146,1.0705623334716563
3046,1.0759257889995248,1.074619567156588,1.0646700755113687
3047,1.0759257889995248,1.0744559478335267,1.0698205705767736
3048,1.0759257889995248,1.0742248259623277,1.0597260699143607
3049,1.0759257889995248,1.0742317487811386,1.0629236046550377
3050,1.0759257889995248,1.0740623939940435,1.065818234397982
3051,1.0759257889995248,1.0743488918608028,1.067284552884967
3052,1.0759257889995248,1.0744131743613319,1.0694864490037477
3053,1.0759257889995248,1.0743582387375314,1.0689791346633752
3054,1.0759257889995248,1.0738245380714782,1.0660885743884223
3055,1.0759257889995248,1.0738800471215835,1.0704527125303787
3056,1.0759257889995248,1.0740695265737483,1.0705710574623486
3057,1.0759257889995248,1.0739326712216544,1.0697976176715036
3058,1.0759257889995248,1.0739346381615014,1.0668622616637713
3059,1.0759257889995248,1.0734589347569712,1.0640878833424998
3060,1.0759257889995248,1.0734254922986335,1.0626405198190154
3061,1.0759257889995248,1.0743128615686486,1.0665978767855937
3062,1.0759257889995248,1.0743205141519139,1.0670529402975577
3063,1.0759257889995248,1.0741104212239478,1.068294257814753
3064,1.0759257889995248,1.0746941502708187,1.0700800024156978
3065,1.0759257889995248,1.074633450785921,1.0692321222625862
3066,1.0759257889995248,1.0742581147935342,1.0655000478152643
3067,1.0759257889995248,1.0743766360258418,1.0695257647630065
3068,1.0759257889995248,1.0748031959807707,1.0715931673942827
3069,1.0759257889995248,1.0744650460718095,1.0699963298192343
3070,1.0759257889995248,1.0742039240726127,1.0685464927154873
3071,1.0759257889995248,1.0742801017439298,1.0703159839910577
3072,1.0759257889995248,1.0740708229110765,1.0644307055661473
3073,1.0759257889995248,1.0745423185325362,1.0718024109907889
3074,1.0759257889995248,1.0745962276127072,1.071456934388645
3075,1.0759257889995248,1.0745738541515788,1.072157356371177
3076,1.0759257889995248,1.0749499759012178,1.073495568947206
3077,1.0759257889995248,1.0749195342040923,1.072048517354467
3078,1.0759257889995248,1.0748842292008713,1.0715303919587778
3079,1.0759257889995248,1.0745982693214593,1.0666323918884337
3080,1.0759257889995248,1.074169062100461,1.0707072004877385
3081,1.0759257889995248,1.0739425931235609,1.0681397026502755
3082,1.0759257889995248,1.074141645807398,1.0703700619120093
3083,1.0759257889995248,1.0742750867291748,1.066928431242201
3084,1.0759257889995248,1.0745750323519117,1.07084924994348
3085,1.0759257889995248,1.0745618744462968,1.071885460100916
3086,1.0759257889995248,1.0743964855294335,1.0685342004027727
3087,1.0759257889995248,1.0741227940439027,1.066469949383997
3088,1.0759257889995248,1.074105243723877,1.0700210162300812
3089,1.0759257889995248,1.0740508823959314,1.068430937200977
3090,1.0759257889995248,1.0740147891941163,1.0694317295009304
3091,1.0759257889995248,1.0742872042109122,1.0709975426148486
3092,1.0759257889995248,1.074526640615496,1.0709343380149223
3093,1.0759257889995248,1.0745902132278133,1.071925372537568
3094,1.0759257889995248,1.0743656017914243,1.06976703267147
3095,1.0759257889995248,1.073828745372936,1.064773632633198
3096,1.0759257889995248,1.0739044989050894,1.0569073404165081
3097,1.0759257889995248,1.0740715192863974,1.0675304997778876
3098,1.0759257889995248,1.0743821561268403,1.0701246473385797
3099,1.0759257889995248,1.0742868597279358,1.0713839854208944
3100,1.0759257889995248,1.0741967695272094,1.0683009141439617
3101,1.0759257889995248,1.074117759681074,1.07040082275704
3102,1.0759257889995248,1.073834305247143,1.0682385054110974
3103,1.0759257889995248,1.0740592321726492,1.064053368020062
3104,1.0759257889995248,1.073549982024964,1.0614260655802694
3105,1.0759257889995248,1.073781774587777,1.0606215018951
3106,1.0759257889995248,1.073506810229967,1.0670634353252275
3107,1.0759257889995248,1.0733964397170557,1.066090366960732
3108,1.0759257889995248,1.0738140126482962,1.068729084822721
3109,1.0759257889995248,1.0740915624941045,1.0718455468378973
3110,1.0759257889995248,1.0743747274457192,1.0712360481861676
3111,1.0759257889995248,1.0745334004786988,1.0706601337412232
3112,1.0759257889995248,1.0745826380713126,1.0677411912264603
3113,1.0759257889995248,1.0744500316640062,1.071048297799384
3114,1.0759257889995248,1.0745697188200167,1.0703051721047845
3115,1.0759257889995248,1.0745808060204816,1.0703844998588479
3116,1.0759257889995248,1.0748047389966937,1.071464061839657
3117,1.0759257889995248,1.0748121140556113,1.0691127298954055
3118,1.0759257889995248,1.0747156423533208,1.0721717515381066
3119,1.0759257889995248,1.0747685336745056,1.0726919011817753
3120,1.0759257889995248,1.0750096809906262,1.0724770144566915
3121,1.0759257889995248,1.075157404443771,1.0709128168603759
3122,1.0759257889995248,1.0749627763163259,1.0710842089423926
3123,1.0759257889995248,1.0750359687073339,1.0719816677345846
3124,1.0759257889995248,1.074610953961562,1.071985233551054
3125,1.0759257889995248,1.0747055245197101,1.07046015290066
3126,1.0759257889995248,1.0748403653717071,1.0678280641872981
3127,1.0759257889995248,1.0749417794264977,1.0725639418418929
3128,1.0759257889995248,1.0749813907065155,1.0703639570907342
3129,1.0759257889995248,1.074951241228402,1.0719699864859402
3130,1.0759257889995248,1.0746414953951346,1.0680599894791953
3131,1.0759257889995248,1.074499859419445,1.066026849364857
3132,1.0759257889995248,1.074463957211515,1.0618751368526227
3133,1.0759257889995248,1.0747746070201185,1.0717895161823776
3134,1.0759257889995248,1.0746230875810112,1.0658386151129067
3135,1.0759257889995248,1.074629467086844,1.0712003052320151
3136,1.0759257889995248,1.0747661209298942,1.0716355631315189
3137,1.0759257889995248,1.0744762215119863,1.068611592774234
3138,1.0759257889995248,1.074507130212215,1.0693428443555535
3139,1.0759257889995248,1.074768621622882,1.073046240002631
3140,1.0759257889995248,1.0745589355717444,1.070858479322316
3141,1.0759257889995248,1.074465825112851,1.0711135937250564
3142,1.0759257889995248,1.0746403556960062,1.0716384935611054
3143,1.0759257889995248,1.0743373887931214,1.0695307203023976
3144,1.0759257889995248,1.0743091922320256,1.0676167651877413
3145,1.0759257889995248,1.0740329326256557,1.066261737143224
3146,1.0759257889995248,1.0742826328679114,1.0681736235103456
3147,1.0759257889995248,1.0740771033229028,1.0701891152065026
3148,1.0759257889995248,1.0742258801314466,1.0689992515935751
3149,1.0759257889995248,1.0744038626389618,1.0683162256571013
3150,1.0759257889995248,1.0742365326996108,1.0691490111296442
3151,1.0759257889995248,1.0743526680458837,1.0705141010204247
3152,1.0759257889995248,1.0745536078794367,1.070794354688515
3153,1.0759257889995248,1.074513924015392,1.070256358280112
3154,1.0759257889995248,1.0746093019831962,1.0700872056151407
3155,1.0759257889995248,1.0746577625254574,1.0710971886324971
3156,1.0759257889995248,1.0748480669132274,1.0714222675234768
3157,1.0759257889995248,1.074729082651601,1.070647216489391
3158,1.0759257889995248,1.07483747230432,1.0703860312000066
3159,1.0759257889995248,1.074891083854282,1.0702544293839182
3160,1.0759257889995248,1.0747992355309877,1.0719787952025062
3161,1.0759257889995248,1.0746149553297568,1.0722357875540454
3162,1.0759257889995248,1.0742882413987085,1.0691509863065756
3163,1.0759257889995248,1.0743228041890434,1.067133638372803
3164,1.0759257889995248,1.0741529292013257,1.0654271598185736
3165,1.0759257889995248,1.0739453420370249,1.068121330615369
3166,1.0759257889995248,1.0741914182235046,1.0693383903854996
3167,1.0759257889995248,1.0738968877693802,1.0565948240669996
3168,1.0759257889995248,1.0735535129193163,1.06527465685839
3169,1.0759257889995248,1.073580471830025,1.0639534861937805
3170,1.0759257889995248,1.0742337163464946,1.069545084558762
3171,1.0759257889995248,1.0739782241779163,1.0695217553486294
3172,1.0759257889995248,1.0741747597188007,1.0703485547693399
3173,1.0759257889995248,1.0740294332607474,1.0662056926990213
3174,1.0759257889995248,1.074198128634238,1.0707067849688758
3175,1.0759257889995248,1.0743809161195907,1.0697361770822715
3176,1.0759257889995248,1.0743257289076076,1.0710289849106558
3177,1.0759257889995248,1.074145470075478,1.0702861106439965
3178,1.0759257889995248,1.0743056470929806,1.071075876870902
3179,1.0759257889995248,1.0744650335491635,1.0695064811408959
3180,1.0759257889995248,1.0743932142685573,1.0709785802587253
3181,1.0759257889995248,1.0743252831612968,1.0716948233653547
3182,1.0759257889995248,1.0743096957985747,1.0716873730360503
3183,1.0759257889995248,1.0746237355068136,1.0719166046536823
3184,1.0759257889995248,1.07434660311765,1.0679136174282826
3185,1.0759257889995248,1.0745714239885071,1.0691265880706569
3186,1.0759257889995248,1.0746108420977487,1.0707590461505871
3187,1.0759257889995248,1.0743917072642601,1.0702272155306078
3188,1.0759257889995248,1.0742351377778458,1.0700597873123048
3189,1.0759257889995248,1.074576921565123,1.0707798515804607
3190,1.0759257889995248,1.0744636961744687,1.071386249990139
3191,1.0759257889995248,1.0747169506340633,1.0715380443413143
3192,1.0759257889995248,1.0744065168313361,1.0647734385911645
3193,1.0759257889995248,1.0747488337371167,1.0712762058774055
3194,1.0759257889995248,1.074823289928715,1.07231999509945
3195,1.0759257889995248,1.074493187731359,1.0678621018797672
3196,1.0759257889995248,1.0747145849260153,1.0689160382501972
3197,1.0759257889995248,1.0744080101659368,1.0689341123374843
3198,1.0759257889995248,1.0743066935881216,1.0658078285497123
3199,1.0759257889995248,1.074230736124069,1.0672042872959793
3200,1.0759257889995248,1.0746240254875448,1.0713962506864365
3201,1.0759257889995248,1.0745693918295112,1.0714247345559729
3202,1.0759257889995248,1.0745821887662586,1.0701136727835636
3203,1.0759257889995248,1.074250298386393,1.0657175830886763
3204,1.0759257889995248,1.0743396352368995,1.0666330401295032
3205,1.0759257889995248,1.0744881773816195,1.0707087625306473
3206,1.0759257889995248,1.0746797935169543,1.0713483781498128
3207,1.0759257889995248,1.0747684332196523,1.0707496890168238
3208,1.0759257889995248,1.074759614132527,1.0698173966733318
3209,1.0759257889995248,1.0748156627451027,1.0721524430291787
3210,1.0759257889995248,1.0748852550492212,1.0723748074901185
3211,1.0759257889995248,1.0748739844596111,1.0718931399596243
3212,1.0759257889995248,1.0747584032079822,1.0713329325407472
3213,1.0759257889995248,1.0745094288152506,1.0675996683236797
3214,1.0759257889995248,1.0743568220547308,1.0715654640025407
3215,1.0759257889995248,1.0744749776826366,1.0705379306303404
3216,1.0759257889995248,1.074274548906722,1.071283031923021
3217,1.0759257889995248,1.0742987271810995,1.0666944341437088
3218,1.0759257889995248,1.0738309764586864,1.0633319617761434
3219,1.0759257889995248,1.0740503147451894,1.0659815766571652
3220,1.0759257889995248,1.074578991976573,1.069463027331315
3221,1.0759257889995248,1.0746403326107539,1.0723002223597313
3222,1.0759257889995248,1.0746699742800443,1.0711708417941104
3223,1.0759257889995248,1.074919850169242,1.0727782405991668
3224,1.0759257889995248,1.0747941134080405,1.0705802208894608
3225,1.0759257889995248,1.0746719635262418,1.070679342062071
3226,1.0759257889995248,1.0748018282718008,1.0695345392516744
3227,1.0759257889995248,1.0747720859876682,1.0645969934303754
3228,1.0759257889995248,1.0749373883704707,1.071823664351302
3229,1.0759257889995248,1.0750980720473822,1.0689852424482291
3230,1.0759257889995248,1.0751075875549767,1.0728157608616826
3231,1.0759257889995248,1.0750297017227017,1.0729705431341512
3232,1.0759257889995248,1.0750031845530263,1.0722657541692575
3233,1.0759257889995248,1.074929280433596,1.0718051496460033
3234,1.0759257889995248,1.075197463385725,1.0732438996819869
3235,1.0759257889995248,1.075162683555884,1.0725401002813755
3236,1.0759257889995248,1.0747526982401494,1.070667653348588
3237,1.0759257889995248,1.0745237621516566,1.0694583406684175
3238,1.0759257889995248,1.0743460014409054,1.062515464856879
3239,1.0759257889995248,1.0744277167776375,1.0675902939670603
3240,1.0759257889995248,1.0744134945636163,1.070509246632315
3241,1.0759257889995248,1.0743565810864042,1.0695232185537054
3242,1.0759257889995248,1.074408036739137,1.0654379261554503
3243,1.0759257889995248,1.0745678749981555,1.0656121889753696
3244,1.0759257889995248,1.0747514895575236,1.06990774917081
3245,1.0759257889995248,1.0747780060311178,1.0697424593772922
3246,1.0759257889995248,1.0741254500786621,1.0698556393333227
3247,1.0759257889995248,1.0741054575910949,1.0645835862885091
3248,1.0759257889995248,1.0745726601135275,1.068326117968793
3249,1.0759257889995248,1.0745824859296602,1.07092080817239
3250,1.0759257889995248,1.0747554654555642,1.0697314636551534
3251,1.0759257889995248,1.0744966972972143,1.0695264645005391
3252,1.0759257889995248,1.0746088534598457,1.0706274618866753
3253,1.0759257889995248,1.0745202882531257,1.0713564106747708
3254,1.0759257889995248,1.0743324173582816,1.0703663912339645
3255,1.0759257889995248,1.074389724692506,1.0699298972779614
3256,1.0759257889995248,1.074630182338901,1.0709147298206618
3257,1.0759257889995248,1.0745449299502803,1.0684524654999086
3258,1.0759257889995248,1.0745092730327963,1.0702297674234653
3259,1.0759257889995248,1.0749313037187005,1.072401650272813
3260,1.0759257889995248,1.0747375646811863,1.071723406970978
3261,1.0759257889995248,1.0750012743777342,1.0723591089734676
3262,1.0759257889995248,1.0749679641993894,1.072653754879736
3263,1.0759257889995248,1.0748166628458256,1.0721880677020117
3264,1.0759257889995248,1.074777259613991,1.0713353344291865
3265,1.0759257889995248,1.0747339805229503,1.0716307480850296
3266,1.0759257889995248,1.074677121282023,1.0719222861221822
3267,1.0759257889995248,1.0747953891264452,1.0725854067500604
3268,1.0759257889995248,1.0747151828189465,1.0694118458092539
3269,1.0759257889995248,1.074621791755608,1.0728681734631584
3270,1.0759257889995248,1.0749366097185862,1.0721198137702492
3271,1.0759257889995248,1.0746411975296704,1.0712981357527689
3272,1.0759257889995248,1.07443021465854,1.0712026355019737
3273,1.0759257889995248,1.0741931674581124,1.0712711056570934
3274,1.0759257889995248,1.0743199746117673,1.070575804460111
3275,1.0759257889995248,1.0743068628345056,1.0705470497062395
3276,1.0759257889995248,1.0740967907622043,1.0704773996545836
3277,1.0759257889995248,1.0738638510799896,1.068812032550647
3278,1.0759257889995248,1.0743520356893972,1.0667368389098133
3279,1.0759257889995248,1.0741010588982096,1.0706269807157072
3280,1.0759257889995248,1.0738865618601974,1.0711909506852524
3281,1.0759257889995248,1.0743547206270228,1.0676609108463626
3282,1.0759257889995248,1.0742027205436064,1.0704179818170054
3283,1.0759257889995248,1.0745804953503688,1.0719108473252272
3284,1.0759257889995248,1.0745355020880876,1.0722771529720334
3285,1.0759257889995248,1.074594981251193,1.0724081064211317
3286,1.0759257889995248,1.0745067982264218,1.0720554700102785
3287,1.0759257889995248,1.074533886330206,1.071460674151591
3288,1.0759257889995248,1.07470229600761,1.0713569940866132
3289,1.0759257889995248,1.0744011679164964,1.0698077435960431
3290,1.0759257889995248,1.0745337237275887,1.0680826009615891
3291,1.0759257889995248,1.0747495353103766,1.071748038394906
3292,1.0759257889995248,1.074600004543325,1.0713181461670898
3293,1.0759257889995248,1.074780868844367,1.0715605602802605
3294,1.0759257889995248,1.0745897742355743,1.0711792871223174
3295,1.0759257889995248,1.0743938631941976,1.0685871565844116
3296,1.0759257889995248,1.074251752773,1.0705607778413264
3297,1.0759257889995248,1.073748391101762,1.0689981817831504
3298,1.0759257889995248,1.0740129100783766,1.0656971413715783
3299,1.0759257889995248,1.074147493544311,1.06555045784674
3300,1.0759257889995248,1.0741029431140399,1.0687423205663755
3301,1.0759257889995248,1.0742418564252978,1.0697779587603442
3302,1.0759257889995248,1.0746251193660998,1.0706352679982118
3303,1.0759257889995248,1.074516796395252,1.0704650981418116
3304,1.0759257889995248,1.0744992437609568,1.0710273340747403
3305,1.0759257889995248,1.0742622067364858,1.0685851361116165
3306,1.0759257889995248,1.07407508510723,1.0673503082437636
3307,1.0759257889995248,1.0743715291152782,1.0636186749942902
3308,1.0759257889995248,1.0742912873421409,1.0710467211049859
3309,1.0759257889995248,1.074357878129747,1.0680629745452843
3310,1.0759257889995248,1.074271922092982,1.0701242968131963
3311,1.0759257889995248,1.0740593340946207,1.0674629187867288
3312,1.0759257889995248,1.0743427587503158,1.0702063904423813
3313,1.0759257889995248,1.0744766259625684,1.069790260271092
3314,1.0759257889995248,1.074587946381243,1.072146448474372
3315,1.0759257889995248,1.0748082089080224,1.0706191330185106
3316,1.0759257889995248,1.0750261645545698,1.0720176590418498
3317,1.0759257889995248,1.0749402175299543,1.0719929093853762
3318,1.0759257889995248,1.0750879441599934,1.0725170217785136
3319,1.0759257889995248,1.0752758425149838,1.0731387517609468
3320,1.0759257889995248,1.07519899601713,1.0729523954089943
3321,1.0759257889995248,1.0747873183625083,1.0712862030642216
3322,1.0759257889995248,1.0743197729584495,1.0678163475903728
3323,1.0759257889995248,1.0741492073342236,1.0677943019921368
3324,1.0759257889995248,1.0736536453531251,1.0637236780748545
3325,1.0759257889995248,1.0734738070783474,1.0667636148410145
3326,1.0759257889995248,1.072963727670765,1.0652573179944251
3327,1.0759257889995248,1.073092302422511,1.0616595188343962
3328,1.0759257889995248,1.073859963441589,1.0648140153881043
3329,1.0759257889995248,1.0738359721484336,1.0672599777990806
3330,1.0759257889995248,1.0736936529881054,1.069064083929784
3331,1.0759257889995248,1.073981102736613,1.068751196722981
3332,1.0759257889995248,1.0739077301897888,1.0615555323998627
3333,1.0759257889995248,1.073957619893682,1.0713454909093691
3334,1.0759257889995248,1.0740379620234684,1.0692123146677055
3335,1.0759257889995248,1.0742457788319735,1.0690985763059107
3336,1.0759257889995248,1.0743108485529906,1.071082947481183
3337,1.0759257889995248,1.0742952053314312,1.0701401294001813
3338,1.0759257889995248,1.0743588913518287,1.0680570387397814
3339,1.0759257889995248,1.074462113235074,1.0697078320890843
3340,1.0759257889995248,1.074358928299283,1.0712430995010802
3341,1.0759257889995248,1.0744364657791756,1.0648331570245095
3342,1.0759257889995248,1.0743503181046166,1.0685079535119757
3343,1.0759257889995248,1.0743960392476977,1.0715318444155395
3344,1.0759257889995248,1.0743419196751178,1.0686561100857914
3345,1.0759257889995248,1.0742051909513899,1.0682647042191253
3346,1.0759257889995248,1.0740226294054829,1.0693878539668376
3347,1.0759257889995248,1.0737434586442733,1.0649697721044786
3348,1.0759257889995248,1.0735282138439886,1.067071177585845
3349,1.0759257889995248,1.073765321526198,1.0631276878296787
3350,1.0759257889995248,1.0737208417482047,1.0649642744414705
3351,1.0759257889995248,1.0741561463352454,1.0670607822871057
3352,1.0759257889995248,1.073862686788444,1.0702048647385582
3353,1.0759257889995248,1.0739277093216717,1.0706518544551802
3354,1.0759257889995248,1.073821257926224,1.0660820865363214
3355,1.0759257889995248,1.0736773725952329,1.0691578417996148
3356,1.0759257889995248,1.0733524845414935,1.069108927172806
3357,1.0759257889995248,1.0736257461897536,1.066874584494083
3358,1.0759257889995248,1.073942991649366,1.0707460589125772
3359,1.0759257889995248,1.0742510383051829,1.0701369171849802
3360,1.0759257889995248,1.0745825740587107,1.0690118437750296
3361,1.0759257889995248,1.0745812877302885,1.0706001836920582
3362,1.0759257889995248,1.0743410264089392,1.0692521731897426
3363,1.0759257889995248,1.0739508680857774,1.0667236739834778
3364,1.0759257889995248,1.0737984642358624,1.0686132214820356
3365,1.0759257889995248,1.073900119283082,1.0678076819105158
3366,1.0759257889995248,1.0738945188278068,1.069959528153881
3367,1.0759257889995248,1.0738900437083991,1.0706868845568005
3368,1.0759257889995248,1.0744057329284855,1.070372725752474
3369,1.0759257889995248,1.074637528670251,1.0684397663420326
3370,1.0759257889995248,1.0745190134028115,1.0700180628651694
3371,1.0759257889995248,1.0747203133602001,1.0703351574657711
3372,1.0759257889995248,1.0747424741262952,1.0717891944978226
3373,1.0759257889995248,1.0748745381878018,1.071147261272222
3374,1.0759257889995248,1.074700883268216,1.0696368729653338
3375,1.0759257889995248,1.07464856254528,1.0709425803240642
3376,1.0759257889995248,1.0748288075095238,1.072084711451638
3377,1.0759257889995248,1.0748138046451678,1.0729315582404795
3378,1.0759257889995248,1.074400759662997,1.0699536479447793
3379,1.0759257889995248,1.0744827860464665,1.0728361275910467
3380,1.0759257889995248,1.074603216775315,1.072181241894893
3381,1.0759257889995248,1.0748162809740074,1.0728532516610034
3382,1.0759257889995248,1.0747647960692597,1.072529312303077
3383,1.0759257889995248,1.0746083529447679,1.069612099504342
3384,1.0759257889995248,1.0744422790579058,1.071371069054845
3385,1.0759257889995248,1.0747721920160314,1.0716468526894616
3386,1.0759257889995248,1.074386844917111,1.071398896455394
3387,1.0759257889995248,1.0743525974073773,1.0702853509259513
3388,1.0759257889995248,1.0740095457100365,1.0653213801856336
3389,1.0759257889995248,1.074088278113893,1.0675456882357346
3390,1.0759257889995248,1.0733890716773482,1.0561103802082545
3391,1.0759257889995248,1.0728086334296971,1.0455943534213312
3392,1.0759257889995248,1.07260543461901,1.042482485001752
3393,1.0759257889995248,1.0721718945814827,1.0493687294510554
3394,1.0759257889995248,1.0729198649930574,1.0572377649113416
3395,1.0759257889995248,1.07370433191831,1.0606512694710664
3396,1.0759257889995248,1.0739752009249295,1.0707016249679993
3397,1.0759257889995248,1.0740613125691558,1.0625178758674658
3398,1.0759257889995248,1.0738284466679757,1.0670992493092126
3399,1.0759257889995248,1.0740033200181562,1.0666312443974744
3400,1.0759257889995248,1.073831026498266,1.0674884974035415
3401,1.0759257889995248,1.073705862896324,1.0711834056403684
3402,1.0759257889995248,1.0738657979616268,1.0662805671051516
3403,1.0759257889995248,1.0741984801715656,1.069694302935238
3404,1.0759257889995248,1.0745790888843396,1.0727724084086867
3405,1.0759257889995248,1.0742151015514678,1.068103065223898
3406,1.0759257889995248,1.0737165223611134,1.067806257900254
3407,1.0759257889995248,1.073454121964537,1.0697024726216977
3408,1.0759257889995248,1.073845942130423,1.069281947880019
3409,1.0759257889995248,1.0741300715084185,1.0701547060427994
3410,1.0759257889995248,1.0739373907426792,1.070357024725632
3411,1.0759257889995248,1.0736216917326242,1.0707316859364358
3412,1.0759257889995248,1.073582688092962,1.0692380748395889
3413,1.0759257889995248,1.073385871015007,1.0672245770720652
3414,1.0759257889995248,1.073044252488006,1.0661743604556846
3415,1.0759257889995248,1.0727351648950634,1.0559625808696793
3416,1.0759257889995248,1.0725958518703984,1.0619305171099453
3417,1.0759257889995248,1.0731865846069126,1.0661639612718297
3418,1.0759257889995248,1.0733552177986725,1.0673672290882954
3419,1.0759257889995248,1.0739885551746395,1.0663905800779327
3420,1.0759257889995248,1.0740964427570128,1.0676805732757768
3421,1.0759257889995248,1.0739250121769914,1.0602408536371903
3422,1.0759257889995248,1.0741427237896213,1.0686352075882561
3423,1.0759257889995248,1.0740479914120844,1.069147247486035
3424,1.0759257889995248,1.074303216100576,1.0685972909630728
3425,1.0759257889995248,1.0740767102970312,1.0631369164119384
3426,1.0759257889995248,1.0741218370081778,1.0691623965323407
3427,1.0759257889995248,1.0738534181707518,1.058086008445712
3428,1.0759257889995248,1.0734966913443105,1.0628078884372703
3429,1.0759257889995248,1.0735388098292864,1.0695118701462638
3430,1.0759257889995248,1.0735311416215922,1.067196767728214
3431,1.0759257889995248,1.0737563338334253,1.067269419629336
3432,1.0759257889995248,1.0736924711384639,1.067142297537972
3433,1.0759257889995248,1.0736384789369369,1.0671211870710766
3434,1.0759257889995248,1.0735843787064718,1.064996458970906
3435,1.0759257889995248,1.0740653792373807,1.0694012900445635
3436,1.0759257889995248,1.074053801151848,1.066292029577346
3437,1.0759257889995248,1.0744525371684195,1.0702623314823865
3438,1.0759257889995248,1.074473743527597,1.064785962610059
3439,1.0759257889995248,1.0742397677446,1.0699756531556033
3440,1.0759257889995248,1.0738990107202582,1.065136803557487
3441,1.0759257889995248,1.074051784729532,1.0679776991241468
3442,1.0759257889995248,1.073961335827377,1.0693001666635735
3443,1.0759257889995248,1.0739746766403961,1.0686337469341454
3444,1.0759257889995248,1.074111466866464,1.070754787081477
3445,1.0759257889995248,1.0740881639900555,1.0705213774120266
3446,1.0759257889995248,1.074082182733249,1.0659158029063422
3447,1.0759257889995248,1.0742043059177597,1.0722033533572684
3448,1.0759257889995248,1.0747232238515911,1.0705255871031012
3449,1.0759257889995248,1.0750587095031443,1.0733329528139104
3450,1.0759257889995248,1.075052589379995,1.0726724883228016
3451,1.0759257889995248,1.0752048328045598,1.0703159715037565
3452,1.0759257889995248,1.0750804354676937,1.0724087897817234
3453,1.0759257889995248,1.0749442744833717,1.0720609636107394
3454,1.0759257889995248,1.0749043690636162,1.070903899061844
3455,1.0759257889995248,1.07468902395356,1.0682630844833128
3456,1.0759257889995248,1.074705937784455,1.0713200429679708
3457,1.0759257889995248,1.0746896864460431,1.071215476234516
3458,1.0759257889995248,1.074658303829727,1.0717179052200327
3459,1.0759257889995248,1.0746087268952407,1.0704432000855784
3460,1.0759257889995248,1.074371516608317,1.0724371821964782
3461,1.0759257889995248,1.0745243316406925,1.070683688724035
3462,1.0759257889995248,1.074433034638608,1.0703618976701552
3463,1.0759257889995248,1.0745053053458116,1.0662710195638079
3464,1.0759257889995248,1.0745283957769287,1.0699083763514035
3465,1.0759257889995248,1.0744759935381063,1.071916565893623
3466,1.0759257889995248,1.0747512700714372,1.0710397540532222
3467,1.0759257889995248,1.0743765443917956,1.0701131610735244
3468,1.0759257889995248,1.074636013057148,1.0697766544833371
3469,1.0759257889995248,1.0745718658303722,1.069188754526081
3470,1.0759257889995248,1.0746833130634943,1.0718386654227283
3471,1.0759257889995248,1.0744759573706093,1.0685499270042498
3472,1.0759257889995248,1.0742093603116103,1.0700562897628796
3473,1.0759257889995248,1.0743060022283433,1.0717389482670916
3474,1.0759257889995248,1.0745805682155132,1.070804219823724
3475,1.0759257889995248,1.0745395291775812,1.0703011317924016
3476,1.0759257889995248,1.0747119795061517,1.068814931328809
3477,1.0759257889995248,1.074552646917798,1.0701325947214764
3478,1.0759257889995248,1.0746656571778646,1.0708406200054768
3479,1.0759257889995248,1.074621855073128,1.070176066150364
3480,1.0759257889995248,1.074627509304636,1.0713737390780458
3481,1.0759257889995248,1.074808034757062,1.0713564104152404
3482,1.0759257889995248,1.0747477037967275,1.071342482851503
3483,1.0759257889995248,1.074681841870682,1.0685164512288154
3484,1.0759257889995248,1.074551854986089,1.0701643998260497
3485,1.0759257889995248,1.0747378140567094,1.071706194800897
3486,1.0759257889995248,1.0749768053680366,1.0724318942180484
3487,1.0759257889995248,1.0746769779281713,1.071421748859584
3488,1.0759257889995248,1.0746921611744973,1.0712298528851307
3489,1.0759257889995248,1.0747307271398194,1.0710340489227008
3490,1.0759257889995248,1.0743596130354371,1.0693725356049764
3491,1.0759257889995248,1.074628374958349,1.0680789769264936
3492,1.0759257889995248,1.0743042006708057,1.0706542239105028
3493,1.0759257889995248,1.074247513437271,1.068727661067341
3494,1.0759257889995248,1.0738381201578,1.063083114723237
3495,1.0759257889995248,1.0737648285617027,1.068387736897368
3496,1.0759257889995248,1.0741071495955614,1.0691859480781962
3497,1.0759257889995248,1.0741145066798525,1.068786956264714
3498,1.0759257889995248,1.073973641895947,1.0690544631607666
3499,1.0759257889995248,1.0744468892464019,1.071381326697153
3500,1.0759257889995248,1.0746146712690285,1.070968454106585
3501,1.0759257889995248,1.074826056208756,1.07276567348964
3502,1.0759257889995248,1.074833837506369,1.0721495621171964
3503,1.0759257889995248,1.0744763134919613,1.0713129393719347
3504,1.0759257889995248,1.0745631633406476,1.0684039229662277
3505,1.0759257889995248,1.0744448435443656,1.071581850592136
3506,1.0759257889995248,1.0749111240511424,1.0733307027278989
3507,1.0759257889995248,1.0750784591805478,1.0735289052477253
3508,1.0759257889995248,1.0749552935664368,1.070145102756855
3509,1.0759257889995248,1.0750795747255264,1.0728362295385465
3510,1.0759257889995248,1.0751907347442757,1.0719774197291176
3511,1.0759257889995248,1.0747165759849855,1.0709782372888583
3512,1.0759257889995248,1.074529777598875,1.0680499160432348
3513,1.0759257889995248,1.074552419977998,1.0700403283500064
3514,1.0759257889995248,1.074248322286698,1.0672835588479457
3515,1.0759257889995248,1.07423637744021,1.069679249068969
3516,1.0759257889995248,1.0740194319928227,1.0704760612157198
3517,1.0759257889995248,1.0739331269257792,1.0701799936609897
3518,1.0759257889995248,1.0744960983002363,1.0716224494175088
3519,1.0759257889995248,1.0746617415622604,1.0716225270074884
3520,1.0759257889995248,1.0747429903176142,1.0719149830072072
3521,1.0759257889995248,1.0746783670531854,1.0709566700735265
3522,1.0759257889995248,1.0750084706741665,1.0723654760569088
3523,1.0759257889995248,1.0749797067199787,1.072197617825211
3524,1.0759257889995248,1.0751671262994054,1.072757843050368
3525,1.0759257889995248,1.0753812225432058,1.0732758495241466
3526,1.0759257889995248,1.075151592892613,1.068674731162277
3527,1.0759257889995248,1.0747153383182029,1.0664859110977378
3528,1.0759257889995248,1.0744515827990548,1.0714525531317707
3529,1.0759257889995248,1.0745075897015257,1.070255344245082
3530,1.0759257889995248,1.0743056610071406,1.0713154679947334
3531,1.0759257889995248,1.074513645943898,1.0719478132267066
3532,1.0759257889995248,1.0743356285270718,1.0706134908825136
3533,1.0759257889995248,1.0743511317390118,1.0705109540443312
3534,1.0759257889995248,1.0742671818341192,1.0700020447709535
3535,1.0759257889995248,1.0746542299015573,1.0720605125344844
3536,1.0759257889995248,1.0745814990835523,1.070479031195907
3537,1.0759257889995248,1.074503990087929,1.0713053383627948
3538,1.0759257889995248,1.0745365895860841,1.070835834860842
3539,1.0759257889995248,1.0744527228229543,1.0699323043733386
3540,1.0759257889995248,1.0743175775829459,1.0676956323855022
3541,1.0759257889995248,1.0747796703511063,1.0712849897879713
3542,1.0759257889995248,1.0748476821510209,1.0708618626654198
3543,1.0759257889995248,1.0747253971264004,1.0716495954660126
3544,1.0759257889995248,1.074636848093993,1.070763030095769
3545,1.0759257889995248,1.0747039603930364,1.0718608610927018
3546,1.0759257889995248,1.0746565915592656,1.070134787705813
3547,1.0759257889995248,1.0743784172599653,1.0723297396639386
3548,1.0759257889995248,1.0741930340248484,1.069979586627446
3549,1.0759257889995248,1.0740093856829909,1.0667821799879742
3550,1.0759257889995248,1.0739143370153679,1.0665527039626337
3551,1.0759257889995248,1.0739647392815277,1.0687453689192439
3552,1.0759257889995248,1.0741955908070655,1.0707514756733112
3553,1.0759257889995248,1.0741965071755288,1.070960702375816
3554,1.0759257889995248,1.0740771212337703,1.071694803858593
3555,1.0759257889995248,1.074072032298932,1.070797856986604
3556,1.0759257889995248,1.0742786897674501,1.0707244547489254
3557,1.0759257889995248,1.0745765847455493,1.072868913034287
3558,1.0759257889995248,1.0747832800745873,1.07262798324915
3559,1.0759257889995248,1.074639306353099,1.0712424910863385
3560,1.0759257889995248,1.074361988095488,1.0688071060859485
3561,1.0759257889995248,1.074150929601585,1.069849334799062
3562,1.0759257889995248,1.07373391663118,1.0647827706848503
3563,1.0759257889995248,1.073729567361848,1.0658610161571178
3564,1.0759257889995248,1.0738120109002882,1.0696000524026408
3565,1.0759257889995248,1.074364920445189,1.0707204376616546
3566,1.0759257889995248,1.0744423746770726,1.0707321413861115
3567,1.0759257889995248,1.0744730737030137,1.0711244097060826
3568,1.0759257889995248,1.074023607811565,1.069375943693069
3569,1.0759257889995248,1.0746556085846881,1.0669222792732298
3570,1.0759257889995248,1.0749452730173268,1.0726982148869104
3571,1.0759257889995248,1.0748635801902109,1.0724633936139107
3572,1.0759257889995248,1.0746903423396283,1.0721052814587786
3573,1.0759257889995248,1.0748289572728913,1.0708762040613407
3574,1.0759257889995248,1.0748888592319747,1.0711289044428147
3575,1.0759257889995248,1.0747197268339648,1.072662275912418
3576,1.0759257889995248,1.074686139661768,1.0725070597944766
3577,1.0759257889995248,1.0745006688328367,1.0706449361856079
3578,1.0759257889995248,1.07437173841961,1.0712001404480014
3579,1.0759257889995248,1.0746168145547903,1.0705481540123793
3580,1.0759257889995248,1.074866093327968,1.0709150205884599
3581,1.0759257889995248,1.0747848637743598,1.0715206650768259
3582,1.0759257889995248,1.074286240590924,1.0618439388809389
3583,1.0759257889995248,1.0746392406277019,1.0671895906153028
3584,1.0759257889995248,1.0750709601132862,1.073026557740955
3585,1.0759257889995248,1.074881647149606,1.0707424120245443
3586,1.0759257889995248,1.0748254694414803,1.0678791875938245
3587,1.0759257889995248,1.0747304918254432,1.0687473107952687
3588,1.0759257889995248,1.074957984481334,1.0726565181398007
3589,1.0759257889995248,1.0748354789394328,1.0683688407148892
3590,1.0759257889995248,1.0749670885798406,1.0725227775682917
3591,1.0759257889995248,1.0751207381506485,1.0720038516821981
3592,1.0759257889995248,1.0748185065374094,1.0723570397709645
3593,1.0759257889995248,1.0747568562179886,1.0721974020302665
3594,1.0759257889995248,1.0745517889683043,1.069224093867661
3595,1.0759257889995248,1.0747687578383107,1.0702904698647369
3596,1.0759257889995248,1.0748932640155242,1.0729847547335871
3597,1.0759257889995248,1.0747874167740463,1.0717248144335991
3598,1.0759257889995248,1.074666915369236,1.0690634384584365
3599,1.0759257889995248,1.0747201398420037,1.07077627610516
3600,1.0759257889995248,1.073905183344085,1.0539315719266544
3601,1.0759257889995248,1.0740653431096505,1.070146566970109
3602,1.0759257889995248,1.0741682915537796,1.059224429816001
3603,1.0759257889995248,1.0737587561050574,1.0698755412645349
3604,1.0759257889995248,1.0737401472432142,1.0581230601957938
3605,1.0759257889995248,1.0739508005972989,1.0666183943624215
3606,1.0759257889995248,1.0739699551898687,1.0711387998697437
3607,1.0759257889995248,1.0742386398989077,1.070271576237982
3608,1.0759257889995248,1.0742082324559454,1.0702489296391537
3609,1.0759257889995248,1.0737030680392443,1.0645603390447023
3610,1.0759257889995248,1.0732826884001978,1.0646884580320066
3611,1.0759257889995248,1.0733642451872856,1.0654211888857894
3612,1.0759257889995248,1.0737790313827562,1.0635286236998436
3613,1.0759257889995248,1.0736574164311987,1.0658226052813902
3614,1.0759257889995248,1.0738651439601912,1.0692420298818028
3615,1.0759257889995248,1.0736700618278254,1.0634150514893297
3616,1.0759257889995248,1.0739812707861371,1.0706907089490627
3617,1.0759257889995248,1.0735916272962276,1.0629390555628753
3618,1.0759257889995248,1.0738556691726355,1.0663993331755663
3619,1.0759257889995248,1.0740057988046119,1.0685470440905651
3620,1.0759257889995248,1.0742716867651094,1.0684079982692003
3621,1.0759257889995248,1.0740788864925797,1.0681698103507122
3622,1.0759257889995248,1.0740380783035164,1.0644592321257786
3623,1.0759257889995248,1.0738052106969918,1.061461714463506
3624,1.0759257889995248,1.0733822760632494,1.0656536042545288
3625,1.0759257889995248,1.0729949260614127,1.066309665078331
3626,1.0759257889995248,1.072842762756211,1.0594543682711135
3627,1.0759257889995248,1.0722385539291688,1.0620358094842848
3628,1.0759257889995248,1.0718456612252156,1.0591067252178088
3629,1.0759257889995248,1.0715194582672454,1.0632993191931646
3630,1.0759257889995248,1.0728003785312603,1.0630048945339792
3631,1.0759257889995248,1.0729240650003475,1.058838546931233
3632,1.0759257889995248,1.0731711726771307,1.069391488783259
3633,1.0759257889995248,1.0736246398499751,1.0642786602616612
3634,1.0759257889995248,1.0736562783248735,1.0660036702377522
3635,1.0759257889995248,1.0739902018639342,1.0656886135577146
3636,1.0759257889995248,1.0743359595154853,1.0689798100330683
3637,1.0759257889995248,1.0744902352390422,1.0717063007332748
3638,1.0759257889995248,1.0743471920150285,1.0660739187127282
3639,1.0759257889995248,1.0743032314591625,1.0704019097545947
3640,1.0759257889995248,1.0742193223011798,1.070637970399903
3641,1.0759257889995248,1.074315683187558,1.0679795856758565
3642,1.0759257889995248,1.0738123482708746,1.065150315163
3643,1.0759257889995248,1.0735119237921176,1.0687021338226428
3644,1.0759257889995248,1.0733534531173907,1.066310483866277
3645,1.0759257889995248,1.073914937737412,1.0706697789206345
3646,1.0759257889995248,1.0737170797149294,1.0658776146596112
3647,1.0759257889995248,1.0731665288233707,1.056207968825745
3648,1.0759257889995248,1.0732539740369176,1.063320055234051
3649,1.0759257889995248,1.0730173801221863,1.0683367937180364
3650,1.0759257889995248,1.0734722400739438,1.0687345444466199
3651,1.0759257889995248,1.0739238832203963,1.069916522790189
3652,1.0759257889995248,1.0745099943986325,1.0693339794142278
3653,1.0759257889995248,1.0746477983667757,1.0707190380613814
3654,1.0759257889995248,1.0745213351392433,1.0699228676760941
3655,1.0759257889995248,1.0744077084686432,1.0685478218442412
3656,1.0759257889995248,1.0743855127536655,1.0707936512882053
3657,1.0759257889995248,1.0744523288022314,1.0687409306459168
3658,1.0759257889995248,1.0745744705696465,1.0719277006360741
3659,1.0759257889995248,1.0747278245602614,1.0716876295893605
3660,1.0759257889995248,1.0747256534668144,1.0705569605564222
3661,1.0759257889995248,1.0743714321469335,1.0695029188699658
3662,1.0759257889995248,1.0746656520947109,1.0688838258327351
3663,1.0759257889995248,1.0746577691927548,1.0719278505704666
3664,1.0759257889995248,1.0744559943943797,1.068695509016765
3665,1.0759257889995248,1.074560146597463,1.0714634367013534
3666,1.0759257889995248,1.074543187285521,1.0708937013823243
3667,1.0759257889995248,1.0744475320544864,1.0663348119423106
3668,1.0759257889995248,1.0742740914992424,1.0647139034199773
3669,1.0759257889995248,1.074205596690537,1.067086374682012
3670,1.0759257889995248,1.0735012544644438,1.0634810994264252
3671,1.0759257889995248,1.073219607640044,1.0597945295257571
3672,1.0759257889995248,1.0732660510870122,1.0653803150885575
3673,1.0759257889995248,1.0732263328634302,1.0646182265948345
3674,1.0759257889995248,1.0740014285785717,1.0702418593187137
3675,1.0759257889995248,1.0745421573907905,1.0715414762354682
3676,1.0759257889995248,1.0749768966133448,1.0722479861333052
3677,1.0759257889995248,1.0746891828982783,1.070467521040019
3678,1.0759257889995248,1.0742046651946175,1.0637140468133293
3679,1.0759257889995248,1.0739506415662126,1.0685352282100768
3680,1.0759257889995248,1.0741515983243088,1.06453107256549
3681,1.0759257889995248,1.0742469183058765,1.0704155998284801
3682,1.0759257889995248,1.0744162796890637,1.0693788000329199
3683,1.0759257889995248,1.0741405798451498,1.068451931650043
3684,1.0759257889995248,1.0740526584889676,1.0677150845545005
3685,1.0759257889995248,1.0740076667301568,1.0684938738033625
3686,1.0759257889995248,1.0740905808561614,1.0697954719813114
3687,1.0759257889995248,1.0738925778302377,1.0683643225252029
3688,1.0759257889995248,1.0734059448130668,1.0691017529913394
3689,1.0759257889995248,1.0734223693567058,1.0689617132695828
3690,1.0759257889995248,1.0733986415237906,1.0631466075841465
3691,1.0759257889995248,1.0730242186070083,1.0504474178391479
3692,1.0759257889995248,1.073500298291028,1.0429026197248281
3693,1.0759257889995248,1.07368528814095,1.0670565651686184
3694,1.0759257889995248,1.0738457857215884,1.0695398705236796
3695,1.0759257889995248,1.074329167988114,1.070153479466729
3696,1.0759257889995248,1.0738883056299837,1.0685080493834906
3697,1.0759257889995248,1.0740415137882062,1.0719148855170197
3698,1.0759257889995248,1.0742462036081861,1.0704242177485694
3699,1.0759257889995248,1.0742468010841173,1.0700632475025618
3700,1.0759257889995248,1.0740417746376518,1.069849096927842
3701,1.0759257889995248,1.0745189815359968,1.0690777484713294
3702,1.0759257889995248,1.0746428666832315,1.0685263543954302
3703,1.0759257889995248,1.0743066238173953,1.0680071456918687
3704,1.0759257889995248,1.0739252202281557,1.068559968008742
3705,1.0759257889995248,1.073509539311384,1.0569078609379277
3706,1.0759257889995248,1.073872120969839,1.0705335774390106
3707,1.0759257889995248,1.0746253897700264,1.0704852860639886
3708,1.0759257889995248,1.0747372873920613,1.0705588976206513
3709,1.0759257889995248,1.0749584630126627,1.072378717219721
3710,1.0759257889995248,1.0749289704419833,1.0715799168708204
3711,1.0759257889995248,1.074659700800093,1.0725304964506301
3712,1.0759257889995248,1.0747668492142302,1.0718937277516214
3713,1.0759257889995248,1.0745994646581154,1.0719274750227927
3714,1.0759257889995248,1.0743782225102894,1.0704459319190034
3715,1.0759257889995248,1.0743442193415305,1.070349877615044
3716,1.0759257889995248,1.074698849284484,1.0666963522218176
3717,1.0759257889995248,1.074807894744094,1.070460727785719
3718,1.0759257889995248,1.0746432257909486,1.0670093817614967
3719,1.0759257889995248,1.0745190931907986,1.0718626944825438
3720,1.0759257889995248,1.0747409331756044,1.0697175275839943
3721,1.0759257889995248,1.074821331752906,1.0718659215697721
3722,1.0759257889995248,1.0748128105085204,1.0707218292372063
3723,1.0759257889995248,1.0746340601216338,1.071633797741788
3724,1.0759257889995248,1.0748042952013277,1.0713332053910691
3725,1.0759257889995248,1.0747370008149253,1.071234768239855
3726,1.0759257889995248,1.0747804399169711,1.069948965128608
3727,1.0759257889995248,1.0747216390579437,1.0702328737910576
3728,1.0759257889995248,1.0746678993599945,1.0694302844850376
3729,1.0759257889995248,1.0746682396205731,1.070318704726935
3730,1.0759257889995248,1.0746738253296708,1.072243057566464
3731,1.0759257889995248,1.0748275355895631,1.067576506424148
3732,1.0759257889995248,1.074865570660672,1.070271282782945
3733,1.0759257889995248,1.0747593277721006,1.070574721313708
3734,1.0759257889995248,1.0748987967352166,1.0704517571239414
3735,1.0759257889995248,1.0748768136516185,1.0699747315751595
3736,1.0759257889995248,1.0741807438363593,1.0621881670611237
3737,1.0759257889995248,1.073487600732284,1.0422419224663275
3738,1.0759257889995248,1.0734378066707215,1.0652662550209346
3739,1.0759257889995248,1.073804636019467,1.06984026311203
3740,1.0759257889995248,1.0740829543440769,1.069446782823125
3741,1.0759257889995248,1.0746152644386788,1.0708328905761895
3742,1.0759257889995248,1.0745936461335237,1.0687442877809594
3743,1.0759257889995248,1.0745676937241238,1.0681905120122437
3744,1.0759257889995248,1.0744306687791239,1.067003595014965
3745,1.0759257889995248,1.074134291547261,1.0686870775317177
3746,1.0759257889995248,1.0743899822221712,1.069443644511637
3747,1.0759257889995248,1.0749491963028879,1.0729612662730257
3748,1.0759257889995248,1.0752068915140989,1.0725200497987073
3749,1.0759257889995248,1.0752322665631773,1.0721084004915578
3750,1.0759257889995248,1.0750326669126329,1.0706936123809614
3751,1.0759257889995248,1.074791764637785,1.0718720539448978
3752,1.0759257889995248,1.0749260508074678,1.0717779059754915
3753,1.0759257889995248,1.0747125229911152,1.0697139252765853
3754,1.0759257889995248,1.0745793394613263,1.0596451996988185
3755,1.0759257889995248,1.0745643410810357,1.0641632879153191
3756,1.0759257889995248,1.0742316370001719,1.0710627292053285
3757,1.0759257889995248,1.0743153981825508,1.0698206598557831
3758,1.0759257889995248,1.0746405098332708,1.0714287778458964
3759,1.0759257889995248,1.074699240616211,1.07125575117559
3760,1.0759257889995248,1.0749848898519991,1.072090943275605
3761,1.0759257889995248,1.0749946177703256,1.07242563792971
3762,1.0759257889995248,1.0746745360947463,1.0691342718176484
3763,1.0759257889995248,1.0744302417398586,1.0664154842227775
3764,1.0759257889995248,1.0743061229919662,1.0712455298858463
3765,1.0759257889995248,1.0746018435364946,1.07007944054297
3766,1.0759257889995248,1.074461132224925,1.0696800253813663
3767,1.0759257889995248,1.0744577070808723,1.0708194478432895
3768,1.0759257889995248,1.074080430802706,1.066034725853805
3769,1.0759257889995248,1.0745752642699506,1.068596697156814
3770,1.0759257889995248,1.0745484618955046,1.0715924260064342
3771,1.0759257889995248,1.074677644806441,1.0715089849968065
3772,1.0759257889995248,1.0748095524811732,1.0721767530367476
3773,1.0759257889995248,1.0748116662174987,1.0694846799646636
3774,1.0759257889995248,1.0743702773980421,1.0550935377920827
3775,1.0759257889995248,1.0744831886296662,1.0693102226074254
3776,1.0759257889995248,1.0745705563134955,1.0688606632882602
3777,1.0759257889995248,1.074532830852214,1.0702961258773516
3778,1.0759257889995248,1.074524515329651,1.071013562285459
3779,1.0759257889995248,1.074571357442612,1.0705234988675656
3780,1.0759257889995248,1.0746484554692035,1.0704334080283198
3781,1.0759257889995248,1.0744698250837665,1.0687761841235934
3782,1.0759257889995248,1.0744619331883767,1.0681150461202638
3783,1.0759257889995248,1.0744264459531012,1.0721910921796591
3784,1.0759257889995248,1.0747084083032343,1.0721779946683638
3785,1.0759257889995248,1.0745681038403758,1.0704215034783635
3786,1.0759257889995248,1.074576460619982,1.0697065586663776
3787,1.0759257889995248,1.0743544441665964,1.0709531542729862
3788,1.0759257889995248,1.0746429145295802,1.0702500800341892
3789,1.0759257889995248,1.0746392108477847,1.0717714863100372
3790,1.0759257889995248,1.0749629262240086,1.0731304297090711
3791,1.0759257889995248,1.0748915875509828,1.072532820857591
3792,1.0759257889995248,1.0747941945270665,1.070141488603462
3793,1.0759257889995248,1.074669130943697,1.0708617297632728
3794,1.0759257889995248,1.0748612613606574,1.0695094141329569
3795,1.0759257889995248,1.0749495886499993,1.0725935968683573
3796,1.0759257889995248,1.0747957733751796,1.0717621098142902
3797,1.0759257889995248,1.0746372412304306,1.072429409196368
3798,1.0759257889995248,1.0748159620839939,1.0710623277585234
3799,1.0759257889995248,1.0748436248309938,1.0692949085135897
3800,1.0759257889995248,1.0746863185806454,1.0690249826227611
3801,1.0759257889995248,1.0745344323432549,1.0711852082906175
3802,1.0759257889995248,1.0745565213511172,1.0694405733072592
3803,1.0759257889995248,1.0746767273668298,1.0713178368343939
3804,1.0759257889995248,1.074578064243696,1.0683588397413544
3805,1.0759257889995248,1.074354905643471,1.0697061905935084
3806,1.0759257889995248,1.0742300695031815,1.064332162992133
3807,1.0759257889995248,1.0735427476341317,1.060355416083387
3808,1.0759257889995248,1.0736853341251424,1.0671877570442163
3809,1.0759257889995248,1.0740126067854334,1.0678457473628085
3810,1.0759257889995248,1.0739043533764936,1.0689049068815342
3811,1.0759257889995248,1.0739877418047294,1.0681969687875772
3812,1.0759257889995248,1.074045138394463,1.0708282274580454
3813,1.0759257889995248,1.074165606860925,1.0696360549491264
3814,1.0759257889995248,1.0742633469625131,1.0692205547689702
3815,1.0759257889995248,1.0741047843809068,1.0703238741605394
3816,1.0759257889995248,1.0746379846145684,1.0684910097166842
3817,1.0759257889995248,1.074739669016594,1.0704935846559689
3818,1.0759257889995248,1.0746276924409606,1.0710878450800765
3819,1.0759257889995248,1.0746420936539964,1.0719997101201881
3820,1.0759257889995248,1.074700234102203,1.0718239675307148
3821,1.0759257889995248,1.0746537800443499,1.0713358446762506
3822,1.0759257889995248,1.0743047022920442,1.0712940041052303
3823,1.0759257889995248,1.0743633153772962,1.0688899664453824
3824,1.0759257889995248,1.0742830765935583,1.0693782020252234
3825,1.0759257889995248,1.0743962827513855,1.0699718195200518
3826,1.0759257889995248,1.074411565335959,1.069207921815581
3827,1.0759257889995248,1.074178526697148,1.0694043184145479
3828,1.0759257889995248,1.074392473593057,1.070578250473042
3829,1.0759257889995248,1.0742446676084976,1.0679187621454673
3830,1.0759257889995248,1.0743600979300147,1.071222733396894
3831,1.0759257889995248,1.07440971908347,1.0715002722924427
3832,1.0759257889995248,1.0743804488718083,1.0712887040172157
3833,1.0759257889995248,1.0744830229461173,1.0686092854610436
3834,1.0759257889995248,1.0748840644254856,1.0724322399546025
3835,1.0759257889995248,1.0749766854436293,1.0717052798693023
3836,1.0759257889995248,1.0748334418876764,1.0718700085939825
3837,1.0759257889995248,1.074464227734669,1.0699051932798158
3838,1.0759257889995248,1.074468411932439,1.069715377186493
3839,1.0759257889995248,1.0743428985667007,1.068255865438879
3840,1.0759257889995248,1.0744648518140847,1.0715142958306993
3841,1.0759257889995248,1.074553293802474,1.0706725226081915
3842,1.0759257889995248,1.0746356228823444,1.0697317346134434
3843,1.0759257889995248,1.0747785809488595,1.0719024797396997
3844,1.0759257889995248,1.0745735616686038,1.066067668977214
3845,1.0759257889995248,1.0747013345021421,1.0705927419778596
3846,1.0759257889995248,1.0745735250100983,1.0709030723410389
3847,1.0759257889995248,1.074339293754048,1.0708476971423684
3848,1.0759257889995248,1.0742837666949105,1.0673974667503283
3849,1.0759257889995248,1.0744893425562427,1.0672292498397407
3850,1.0759257889995248,1.0741621438837803,1.0707015673061178
3851,1.0759257889995248,1.0740729508250622,1.0675179309774265
3852,1.0759257889995248,1.0740628574600684,1.0648894612799356
3853,1.0759257889995248,1.073866629766432,1.069080028534996
3854,1.0759257889995248,1.0744012039612236,1.0702572308422054
3855,1.0759257889995248,1.0745572667755825,1.0684883232718616
3856,1.0759257889995248,1.0746225960944895,1.0677733225480814
3857,1.0759257889995248,1.0746137307716297,1.070817299768104
3858,1.0759257889995248,1.0746007567635436,1.0703035835903174
3859,1.0759257889995248,1.0746497694734922,1.0696919832461549
3860,1.0759257889995248,1.0747464703865446,1.0700090340465134
3861,1.0759257889995248,1.0749156673637006,1.071375742310377
3862,1.0759257889995248,1.0749050514713883,1.0722124154894548
3863,1.0759257889995248,1.0749794245966562,1.0705027412954897
3864,1.0759257889995248,1.0751335424992965,1.07216921806687
3865,1.0759257889995248,1.0750369981291918,1.0728671076577034
3866,1.0759257889995248,1.0747103077040137,1.07146589385357
3867,1.0759257889995248,1.0745880569619992,1.0724097929640322
3868,1.0759257889995248,1.0749068100530297,1.0713345856676775
3869,1.0759257889995248,1.074770171799259,1.0688722186645885
3870,1.0759257889995248,1.0747684219447426,1.0719891620100688
3871,1.0759257889995248,1.0747007917865072,1.0722788365380176
3872,1.0759257889995248,1.0749139559238048,1.0712242642659975
3873,1.0759257889995248,1.0746301167337686,1.0714798732710786
3874,1.0759257889995248,1.0745588051120019,1.0685442099166773
3875,1.0759257889995248,1.0743542972054512,1.071749265843674
3876,1.0759257889995248,1.0745978078504266,1.0684390824580685
3877,1.0759257889995248,1.0744244372867888,1.0693392564303532
3878,1.0759257889995248,1.0741846093823404,1.0631613780550329
3879,1.0759257889995248,1.074413543111511,1.0695487805015187
3880,1.0759257889995248,1.0742328396952245,1.067578911686835
3881,1.0759257889995248,1.0742467230522594,1.0693333798545328
3882,1.0759257889995248,1.0743204071068762,1.0707089175708087
3883,1.0759257889995248,1.0747400287666558,1.0709323117033855
3884,1.0759257889995248,1.0747332285206024,1.0712263213047577
3885,1.0759257889995248,1.0749269500312528,1.0704319972643177
3886,1.0759257889995248,1.0747401692164176,1.0717475600104927
3887,1.0759257889995248,1.0747113716602434,1.0704841038204793
3888,1.0759257889995248,1.0747255296812979,1.0686109678373865
3889,1.0759257889995248,1.0745113695766062,1.067514304296845
3890,1.0759257889995248,1.0744619260102923,1.071525599940852
3891,1.0759257889995248,1.0745687670660795,1.0719509018840414
3892,1.0759257889995248,1.074632077432498,1.0713557294436469
3893,1.0759257889995248,1.0747363793539486,1.0691776974630594
3894,1.0759257889995248,1.0743907131483386,1.0712782881416834
3895,1.0759257889995248,1.074681656693515,1.0690240931972996
3896,1.0759257889995248,1.074740019746149,1.06686195780987
3897,1.0759257889995248,1.0744554293939883,1.0684203667453023
3898,1.0759257889995248,1.074578453386051,1.0698463943448766
3899,1.0759257889995248,1.0746994491396031,1.0706208148273786
3900,1.0759257889995248,1.0749379877574008,1.0724217535933813
3901,1.0759257889995248,1.0749489797915155,1.0726377385197277
3902,1.0759257889995248,1.0750259229612498,1.072105841032809
3903,1.0759257889995248,1.0750559258848684,1.0715705209757918
3904,1.0759257889995248,1.0752909675274165,1.073735814057247
3905,1.0759257889995248,1.0752677080624962,1.0707628384091243
3906,1.0759257889995248,1.0752219765192965,1.0730372976595433
3907,1.0759257889995248,1.0748872047308184,1.072593052073322
3908,1.0759257889995248,1.0747323660632986,1.0698240929145255
3909,1.0759257889995248,1.074485745066226,1.0704401033604014
3910,1.0759257889995248,1.0749515903920073,1.0696688148883489
3911,1.0759257889995248,1.075016137364612,1.0727412534886398
3912,1.0759257889995248,1.0749198467919265,1.0730073258999215
3913,1.0759257889995248,1.075040255986946,1.0695617664516852
3914,1.0759257889995248,1.0750929882264617,1.0717394337798494
3915,1.0759257889995248,1.074982190742073,1.0722327603912396
3916,1.0759257889995248,1.0749060525701057,1.0718609617047405
3917,1.0759257889995248,1.0747747763141438,1.0723564540878057
3918,1.0759257889995248,1.074983838829163,1.071608704518928
3919,1.0759257889995248,1.074632860471349,1.0711872395311892
3920,1.0759257889995248,1.0744227524183494,1.0699527797313597
3921,1.0759257889995248,1.0742078891947742,1.0690711169268583
3922,1.0759257889995248,1.073972463662724,1.0692549513953917
3923,1.0759257889995248,1.0741313541628215,1.070760646166517
3924,1.0759257889995248,1.0735632539628879,1.0646927381463562
3925,1.0759257889995248,1.0733407022833417,1.0675319264189367
3926,1.0759257889995248,1.0737589022972,1.069048249921576
3927,1.0759257889995248,1.0739923471294017,1.0705072120192964
3928,1.0759257889995248,1.0742907841859104,1.0703491079412168
3929,1.0759257889995248,1.0744286579765079,1.0708228864167957
3930,1.0759257889995248,1.0746446911330882,1.0707872019869171
3931,1.0759257889995248,1.074840760988911,1.0722365871305841
3932,1.0759257889995248,1.0751872760464376,1.0723449649428785
3933,1.0759257889995248,1.075131648682458,1.0712823426630724
3934,1.0759257889995248,1.0752949142336068,1.0736933548210192
3935,1.0759257889995248,1.0752707743035872,1.0716290453959325
3936,1.0759257889995248,1.0753428128955398,1.0730868261797766
3937,1.0759257889995248,1.0751542508139935,1.0713451488677976
3938,1.0759257889995248,1.0750822794477255,1.072227673474155
3939,1.0759257889995248,1.074918729444222,1.0713175140435816
3940,1.0759257889995248,1.0748998450824079,1.0724501497982162
3941,1.0759257889995248,1.075017595950514,1.0725562735240584
3942,1.0759257889995248,1.0748639419268444,1.0728561743012144
3943,1.0759257889995248,1.0745399715442074,1.063101255659798
3944,1.0759257889995248,1.0745590250418828,1.0713891242112537
3945,1.0759257889995248,1.0746345994439264,1.0662418277099182
3946,1.0759257889995248,1.0744244381802235,1.068079047509592
3947,1.0759257889995248,1.074384012712776,1.069889343695155
3948,1.0759257889995248,1.0741663945133038,1.0694220379895576
3949,1.0759257889995248,1.074136829382881,1.069454710969355
3950,1.0759257889995248,1.0745888646748378,1.0690296838378117
3951,1.0759257889995248,1.0740769218100465,1.0686407896566092
3952,1.0759257889995248,1.0743874453248718,1.0701839203676904
3953,1.0759257889995248,1.0748290876932232,1.0719874008111505
3954,1.0759257889995248,1.0746683296181245,1.0719898213192132
3955,1.0759257889995248,1.0745183139642458,1.071075046176972
3956,1.0759257889995248,1.0748011449610952,1.0725334507011135
3957,1.0759257889995248,1.0746667386226323,1.0664227481151465
3958,1.0759257889995248,1.0748585415482317,1.068232323258979
3959,1.0759257889995248,1.0748607238958114,1.0719171234647924
3960,1.0759257889995248,1.0750286788682033,1.0720902203124605
3961,1.0759257889995248,1.0748139093571205,1.0703522737358284
3962,1.0759257889995248,1.074660947102684,1.0713632773099753
3963,1.0759257889995248,1.0746850075532404,1.0712369835475941
3964,1.0759257889995248,1.075023057985948,1.0724577382192884
3965,1.0759257889995248,1.0749983707374287,1.0723894163176335
3966,1.0759257889995248,1.074642459867342,1.0715516708907658
3967,1.0759257889995248,1.074691653436231,1.0714620209513464
3968,1.0759257889995248,1.0746283885801708,1.0717021048067683
3969,1.0759257889995248,1.0745081616849002,1.0716317872560657
3970,1.0759257889995248,1.0743952282087796,1.0703263597204273
3971,1.0759257889995248,1.0747902869515136,1.0683759129898778
3972,1.0759257889995248,1.074898097573479,1.0703211732555813
3973,1.0759257889995248,1.0748455991606234,1.0678419449355934
3974,1.0759257889995248,1.0747210719528792,1.0709367582338938
3975,1.0759257889995248,1.0746466265966945,1.0714392267864956
3976,1.0759257889995248,1.074777281983171,1.073023237179977
3977,1.0759257889995248,1.0749341112139783,1.0716827077781483
3978,1.0759257889995248,1.0750042406124753,1.072501072211021
3979,1.0759257889995248,1.0751473969838272,1.0709511095709634
3980,1.0759257889995248,1.075117722621367,1.072750024128387
3981,1.0759257889995248,1.0747701501589872,1.0636217738202878
3982,1.0759257889995248,1.0747228500165498,1.0715614724765246
3983,1.0759257889995248,1.0747478078787864,1.071582309707404
3984,1.0759257889995248,1.0747298467474227,1.071737990020583
3985,1.0759257889995248,1.075155176335465,1.0713603041975555
3986,1.0759257889995248,1.0751301367947494,1.0725132098236017
3987,1.0759257889995248,1.0750634007052844,1.0707631549496341
3988,1.0759257889995248,1.0749120483240544,1.0713579530319812
3989,1.0759257889995248,1.07503597771692,1.0720191799749248
3990,1.0759257889995248,1.0750763068616196,1.0733456340982108
3991,1.0759257889995248,1.0748458673955386,1.0694010909435274
3992,1.0759257889995248,1.0748000647155265,1.0720847121391297
3993,1.0759257889995248,1.074876227309104,1.0710815587491287
3994,1.0759257889995248,1.0749289819329508,1.0725004373229727
3995,1.0759257889995248,1.07502307531448,1.0728260143734956
3996,1.0759257889995248,1.074965829874326,1.068849914125248
3997,1.0759257889995248,1.07507390342109,1.0724362682488078
3998,1.0759257889995248,1.0750213285553585,1.0691424450350393
3999,1.0759257889995248,1.0748418407787752,1.0712172024304394
4000,1.0759257889995248,1.0748849202439132,1.0727281166830114
4001,1.0759257889995248,1.0747716566337966,1.0693744518291233
4002,1.0759257889995248,1.0749424892006014,1.0701548163034247
4003,1.0759257889995248,1.0745583958868645,1.0720598183844976
4004,1.0759257889995248,1.0743253382437108,1.06974210931426
4005,1.0759257889995248,1.0746811031884351,1.0711820647978625
4006,1.0759257889995248,1.0748220780200324,1.070974086281224
4007,1.0759257889995248,1.0746366432446424,1.0720613926432272
4008,1.0759257889995248,1.0745519759249909,1.0706266700461808
4009,1.0759257889995248,1.074568487346496,1.0699519211406736
4010,1.0759257889995248,1.075054577162554,1.0716278834449673
4011,1.0759257889995248,1.0750996322155375,1.0732633039591029
4012,1.0759257889995248,1.0751181276503854,1.0714151527798939
4013,1.0759257889995248,1.0746536058916552,1.0621318646548046
4014,1.0759257889995248,1.0746839978514773,1.069365354353811
4015,1.0759257889995248,1.0743592254203005,1.0664967399542031
4016,1.0759257889995248,1.0742818593054664,1.0695642380750008
4017,1.0759257889995248,1.0745654236358742,1.0699444147484032
4018,1.0759257889995248,1.0747535295900368,1.0709384621983942
4019,1.0759257889995248,1.0745191277198831,1.0711620301332256
4020,1.0759257889995248,1.074516080463863,1.0715039637335848
4021,1.0759257889995248,1.0741204870386398,1.069848318985304
4022,1.0759257889995248,1.0740392677896724,1.0693426159304982
4023,1.0759257889995248,1.073951262292956,1.0699915546073644
4024,1.0759257889995248,1.074256846939366,1.0667113256584453
4025,1.0759257889995248,1.0739058721967205,1.070512900760094
4026,1.0759257889995248,1.074335580847011,1.0686509984389905
4027,1.0759257889995248,1.0740844916734933,1.068391636232993
4028,1.0759257889995248,1.0737619073977236,1.0663903518742364
4029,1.0759257889995248,1.0734227571920871,1.0678749713458329
4030,1.0759257889995248,1.074276373271862,1.0605259659578423
4031,1.0759257889995248,1.0747508156699295,1.072119677017677
4032,1.0759257889995248,1.0747630798284116,1.0702235772711626
4033,1.0759257889995248,1.0746508937381598,1.0688786060591497
4034,1.0759257889995248,1.0747815672086078,1.0723365101952502
4035,1.0759257889995248,1.074861506478912,1.072605432788926
4036,1.0759257889995248,1.0746778325704822,1.0707063257498575
4037,1.0759257889995248,1.074883217161889,1.0727274261401558
4038,1.0759257889995248,1.0748419908919835,1.0735178657809838
4039,1.0759257889995248,1.0750246073506269,1.0733023429049193
4040,1.0759257889995248,1.0750961441566904,1.0728285667693065
4041,1.0759257889995248,1.0751015983967205,1.0721335890737627
4042,1.0759257889995248,1.074749667985928,1.0692097347338145
4043,1.0759257889995248,1.074627359938027,1.0719589814376647
4044,1.0759257889995248,1.0743687363285743,1.0692593717076506
4045,1.0759257889995248,1.074183233899008,1.0689845343473507
4046,1.0759257889995248,1.074015934711511,1.0684919157696338
4047,1.0759257889995248,1.0739114497147824,1.0668217933071773
4048,1.0759257889995248,1.0739196406125275,1.0646519289958287
4049,1.0759257889995248,1.0738381896296465,1.068076632023672
4050,1.0759257889995248,1.0741167292192701,1.0689689037450527
4051,1.0759257889995248,1.074150946847672,1.0707137542713345
4052,1.0759257889995248,1.0744360230650376,1.0715764908196996
4053,1.0759257889995248,1.0749940584760307,1.0722914341713983
4054,1.0759257889995248,1.074787237846583,1.0708556406267462
4055,1.0759257889995248,1.0746770021252556,1.0709256689693645
4056,1.0759257889995248,1.0744141364669542,1.068796059658868
4057,1.0759257889995248,1.0737095977556117,1.066005257145429
4058,1.0759257889995248,1.0743853681210285,1.0668324501796889
4059,1.0759257889995248,1.0743847003955096,1.0703010028631643
4060,1.0759257889995248,1.0748629418315783,1.072367129275173
4061,1.0759257889995248,1.074348247405532,1.0624313827196001
4062,1.0759257889995248,1.0740874798809805,1.0680006067733556
4063,1.0759257889995248,1.0744315241569122,1.0679488489232976
4064,1.0759257889995248,1.0745338509516449,1.068862174372638
4065,1.0759257889995248,1.0744926659443335,1.0702830781872732
4066,1.0759257889995248,1.0750156259675245,1.0720937966001614
4067,1.0759257889995248,1.075140685781001,1.070446589165519
4068,1.0759257889995248,1.074844467892951,1.0716337455916798
4069,1.0759257889995248,1.0746659330537867,1.069104665560063
4070,1.0759257889995248,1.0745898383653656,1.0713034628651779
4071,1.0759257889995248,1.0744508422941652,1.0697917981600342
4072,1.0759257889995248,1.0739522255985925,1.065679966581892
4073,1.0759257889995248,1.073721317809908,1.0519837577726823
4074,1.0759257889995248,1.073593916412274,1.0687269951339209
4075,1.0759257889995248,1.0732214082504448,1.0641547357813081
4076,1.0759257889995248,1.073099116724608,1.0653315902154379
4077,1.0759257889995248,1.073905894050582,1.0698418510817345
4078,1.0759257889995248,1.0737486686306774,1.068215464012742
4079,1.0759257889995248,1.0741035584494965,1.0693732616157474
4080,1.0759257889995248,1.0742427675221138,1.0699422324117005
4081,1.0759257889995248,1.0747578948530114,1.070055716478346
4082,1.0759257889995248,1.0747387890337734,1.0715999605832671
4083,1.0759257889995248,1.074772432214261,1.0679439332669016
4084,1.0759257889995248,1.0749341157067773,1.0707410223674985
4085,1.0759257889995248,1.074829087313491,1.0710642659520007
4086,1.0759257889995248,1.0749859943479367,1.0710860600458705
4087,1.0759257889995248,1.0749403480651143,1.0726233629543207
4088,1.0759257889995248,1.0750516533633168,1.0720106991023088
4089,1.0759257889995248,1.0750069857538085,1.07067323813083
4090,1.0759257889995248,1.07461242725251,1.0717024861153002
4091,1.0759257889995248,1.0747302019963925,1.0704352105780273
4092,1.0759257889995248,1.0749436372652428,1.0726038293488767
4093,1.0759257889995248,1.0746531934138752,1.0716320444432499
4094,1.0759257889995248,1.0748785813092376,1.072543037623667
4095,1.0759257889995248,1.074744662009102,1.0721784102522778
4096,1.0759257889995248,1.074619213347093,1.0696749325756199
4097,1.0759257889995248,1.074311982009949,1.0698470245459832
4098,1.0759257889995248,1.0745455700874458,1.0714671519271184
4099,1.0759257889995248,1.0747505069949181,1.0693200933263898
4100,1.0759257889995248,1.0744431385086057,1.0699773958900312
4101,1.0759257889995248,1.074387460195235,1.0684938199254275
4102,1.0759257889995248,1.0742238445413488,1.0710925442956665
4103,1.0759257889995248,1.0744536064685246,1.0722674405989754
4104,1.0759257889995248,1.0747558788228664,1.0717052661768984
4105,1.0759257889995248,1.0747974983883057,1.07091714650659
4106,1.0759257889995248,1.0749214604840587,1.0720438410334492
4107,1.0759257889995248,1.0746456710312307,1.071471461307768
4108,1.0759257889995248,1.074649380239205,1.071055298628285
4109,1.0759257889995248,1.0747675749342234,1.071137340961633
4110,1.0759257889995248,1.074796137078842,1.0707334279811864
4111,1.0759257889995248,1.07485610360228,1.0724622186968584
4112,1.0759257889995248,1.0751235038096214,1.0728625700032737
4113,1.0759257889995248,1.0751189610689842,1.0737518285073824
4114,1.0759257889995248,1.0752144919310453,1.0736173137355445
4115,1.0759257889995248,1.0750333424202072,1.0733622176081907
4116,1.0759257889995248,1.074920354985825,1.0722102269587939
4117,1.0759257889995248,1.0746495921815404,1.071766643925901
4118,1.0759257889995248,1.0747919364759984,1.0710146591296623
4119,1.0759257889995248,1.0748164564493456,1.0690392768111385
4120,1.0759257889995248,1.074736759486483,1.0711445183137667
4121,1.0759257889995248,1.0747662570322978,1.0726500158219165
4122,1.0759257889995248,1.0747574835350244,1.0707128833398287
4123,1.0759257889995248,1.0743486286352089,1.0709494768134
4124,1.0759257889995248,1.0743408683714002,1.0708602069401731
4125,1.0759257889995248,1.0745172764238056,1.0712877903403522
4126,1.0759257889995248,1.0743886690047828,1.0690061888037992
4127,1.0759257889995248,1.0746548285164332,1.071153196223315
4128,1.0759257889995248,1.0743510705194026,1.0636616530605345
4129,1.0759257889995248,1.0740838207256775,1.0684868118839146
4130,1.0759257889995248,1.074129629223405,1.0693926390063453
4131,1.0759257889995248,1.0743076280105834,1.0711189721798366
4132,1.0759257889995248,1.0742817915563594,1.0671971640852678
4133,1.0759257889995248,1.0740755867330505,1.0684074316903425
4134,1.0759257889995248,1.0740673497712148,1.0700637481528161
4135,1.0759257889995248,1.0742488396372876,1.0669083537227986
4136,1.0759257889995248,1.0742380845367656,1.069458459589931
4137,1.0759257889995248,1.0739409249076608,1.069627865224568
4138,1.0759257889995248,1.073186895940189,1.0648129509689315
4139,1.0759257889995248,1.0724357213293982,1.0611694407483228
4140,1.0759257889995248,1.0727771211219612,1.0465733944674116
4141,1.0759257889995248,1.0727979917797954,1.0650476954497263
4142,1.0759257889995248,1.0735398319164886,1.06469385477993
4143,1.0759257889995248,1.074372141497496,1.0703208222883327
4144,1.0759257889995248,1.0747549624588948,1.070482295781363
4145,1.0759257889995248,1.0748478718526884,1.0726649056026485
4146,1.0759257889995248,1.0745001949815953,1.0669090143790219
4147,1.0759257889995248,1.0743686646078616,1.0666082153718475
4148,1.0759257889995248,1.0740279945826128,1.0681532532801334
4149,1.075944279054381,1.0738455368582454,1.0672610433595617
4150,1.075944279054381,1.0740467545671648,1.06944131188393
4151,1.075944279054381,1.0738263315104846,1.0664617816929192
4152,1.075944279054381,1.073808727941397,1.0660984205519268
4153,1.075944279054381,1.073607644402309,1.0683900333031984
4154,1.075944279054381,1.073695096262837,1.0652728898385069
4155,1.075944279054381,1.073763634703117,1.067931974124137
4156,1.075944279054381,1.0745625430806451,1.068546049041664
4157,1.075944279054381,1.074663600034577,1.069603519889211
4158,1.075944279054381,1.0747762107613779,1.0685366246785664
4159,1.075944279054381,1.0744578583523832,1.0703299405974058
4160,1.075944279054381,1.0742367296089212,1.0683437541496272
4161,1.075944279054381,1.0742039725675747,1.0705696408174963
4162,1.075944279054381,1.07436147151289,1.0698720222999807
4163,1.075944279054381,1.0748016306987365,1.0703729052546094
4164,1.075944279054381,1.0746394087513993,1.0710296930075462
4165,1.075944279054381,1.0743767637701982,1.066893627809268
4166,1.0759493051246858,1.0741786428856919,1.0688798870432745
4167,1.0759493051246858,1.0740508816115169,1.0668186875625132
4168,1.0759493051246858,1.073981004218084,1.0667715741537884
4169,1.0759493051246858,1.073880553096571,1.068053938900894
4170,1.0759493051246858,1.073894170725177,1.0691490021630419
4171,1.0759493051246858,1.0742727274773742,1.0693188746760414
4172,1.0759493051246858,1.074475711403292,1.0695554644794538
4173,1.0759493051246858,1.0746852368440718,1.0688110430065663
4174,1.0759493051246858,1.0744301332672037,1.0659305152540943
4175,1.0759493051246858,1.0744889858415039,1.0701498371755052
4176,1.0759493051246858,1.074292372584136,1.0691534232540194
4177,1.0759493051246858,1.0742396334226032,1.0692766243184555
4178,1.0759493051246858,1.074595526147947,1.0691713049368652
4179,1.0759493051246858,1.0746456134212605,1.0709933273491175
4180,1.0759493051246858,1.074928740240605,1.069733977178218
4181,1.0759493051246858,1.0745452570153997,1.062350160414264
4182,1.0759493051246858,1.074593495494638,1.0709409503723906
4183,1.0759493051246858,1.074645804169167,1.0702675608115901
4184,1.0759493051246858,1.074963494630366,1.0717330027031045
4185,1.0759493051246858,1.0748897488680813,1.0717433319051646
4186,1.0759493051246858,1.0747357270992175,1.0713661921545254
4187,1.0759493051246858,1.0745079911042548,1.0720055745741406
4188,1.0759493051246858,1.074751462754259,1.0720871155263785
4189,1.0759493051246858,1.0746867971474328,1.0711599165745305
4190,1.0759493051246858,1.0746331279871795,1.0720166783112917
4191,1.0759493051246858,1.0748927547086702,1.0719566683949409
4192,1.0759493051246858,1.074931497803872,1.0717238079239058
4193,1.0759493051246858,1.074500748632742,1.0577534605891001
4194,1.0759493051246858,1.0747103432285707,1.0700685258864162
4195,1.0759493051246858,1.0744367527469665,1.0706014245104574
4196,1.0759493051246858,1.074531737724704,1.071563111675025
4197,1.0759493051246858,1.074550567897428,1.0687763300111837
4198,1.0759493051246858,1.0744728081041524,1.0714332529005808
4199,1.0759493051246858,1.0746697533667557,1.0721145073046894
4200,1.0759493051246858,1.07440429311089,1.0685767660348404
4201,1.0759493051246858,1.074296599441991,1.0652960603425639
4202,1.0759493051246858,1.0743868017667273,1.069162484748867
4203,1.0759493051246858,1.0744628525124562,1.0700111909347163
4204,1.0759493051246858,1.0747300159939137,1.0716498665863954
4205,1.0759493051246858,1.0745715003088638,1.0704878959260504
4206,1.0759493051246858,1.074682144142959,1.0708218922421533
4207,1.0759493051246858,1.0744790125094779,1.0623862573688632
4208,1.0759493051246858,1.0743206457289114,1.0706657210674393
4209,1.0759493051246858,1.0744528768547505,1.0703088351951633
4210,1.0759493051246858,1.0739600391466972,1.0680703552710842
4211,1.0759493051246858,1.073710738172589,1.067571452049036
4212,1.0759493051246858,1.0738905002079822,1.0685993592906444
4213,1.0759493051246858,1.0742997184515086,1.070043632766577
4214,1.0759493051246858,1.0743916614321087,1.070798771141588
4215,1.0759493051246858,1.0741058263802647,1.0684944524003606
4216,1.0759493051246858,1.0740184413766216,1.0707542578500386
4217,1.0759493051246858,1.074524137772656,1.0707573635775474
4218,1.0759493051246858,1.0743113618538418,1.0689386328795651
4219,1.0759493051246858,1.074335301435085,1.071397381530958
4220,1.0759493051246858,1.0745674942643928,1.0703535177229635
4221,1.0759493051246858,1.0744644529171696,1.07020287807681
4222,1.0759493051246858,1.0745831404058708,1.0705109732407407
4223,1.0759493051246858,1.074863474110639,1.071796674434366
4224,1.0759493051246858,1.074898288304551,1.0720295969031233
4225,1.0759493051246858,1.0749441427529922,1.0720801883180202
4226,1.0759493051246858,1.074811049996407,1.070837391919422
4227,1.0759493051246858,1.0746861241063506,1.0694276879317606
4228,1.0759493051246858,1.0742609445853784,1.0688670574533135
4229,1.0759493051246858,1.0743553696382937,1.0721454710826221
4230,1.0759493051246858,1.0746730693847517,1.0708446652749066
4231,1.0759493051246858,1.0749248744292301,1.071763282875608
4232,1.0759493051246858,1.074858508246069,1.0695503567899363
4233,1.0759493051246858,1.0749410342154895,1.0726165226068707
4234,1.0759493051246858,1.0750380147248102,1.0728778937290886
4235,1.0759493051246858,1.0750665980109178,1.0725570193824532
4236,1.0759493051246858,1.0747747483390853,1.0724482341996473
4237,1.0759493051246858,1.0746687490641085,1.0712587527880837
4238,1.0759493051246858,1.0748278295615263,1.0693514095157208
4239,1.0759493051246858,1.0741358164271346,1.0684060273581177
4240,1.0759493051246858,1.0742123245493624,1.0690804902907032
4241,1.0759493051246858,1.0741092974219952,1.0689411329483458
4242,1.0759493051246858,1.0743008561216483,1.0693060050276602
4243,1.0759493051246858,1.0743138650641455,1.0672952394974224
4244,1.0759493051246858,1.0740787116689978,1.07073084263132
4245,1.0759493051246858,1.0745704168812293,1.0715464223502698
4246,1.0759493051246858,1.0744242669778472,1.0706935069019763
4247,1.0759493051246858,1.0741431059207645,1.0700214485002495
4248,1.0759493051246858,1.0739782147958872,1.0707174043901273
4249,1.0759493051246858,1.0742178004247764,1.0693159254138629
4250,1.0759493051246858,1.0737964770817505,1.058414427052842
4251,1.0759493051246858,1.0737585754165249,1.0674209332653444
4252,1.0759493051246858,1.0740347713368175,1.069903807176333
4253,1.0759493051246858,1.074190710261127,1.070231464036941
4254,1.0759493051246858,1.0744047410279154,1.0711263017865669
4255,1.0759493051246858,1.0744564254989408,1.0720301002039792
4256,1.0759493051246858,1.0741759264642738,1.067135306637817
4257,1.0759493051246858,1.074160922536442,1.0711112838316499
4258,1.0759493051246858,1.0742336761607363,1.0677180249551776
4259,1.0759493051246858,1.073748622649999,1.067515628057694
4260,1.0759493051246858,1.0734744718520088,1.0690929529741946
4261,1.0759493051246858,1.0731575762702568,1.0619254960537259
4262,1.0759493051246858,1.073618014069403,1.064060608855121
4263,1.0759493051246858,1.073145076537091,1.0684577370828552
4264,1.0759493051246858,1.0734804948302945,1.0684140746776605
4265,1.0759493051246858,1.0736560173604577,1.0679992259341033
4266,1.0759493051246858,1.07374979197325,1.062240302230204
4267,1.0759493051246858,1.0731427305220895,1.0645837382249383
4268,1.0759493051246858,1.0732435105541318,1.0591721773236549
4269,1.0759493051246858,1.0733345981722784,1.06571118481224
4270,1.0759493051246858,1.0733991966408383,1.0678484773311716
4271,1.0759493051246858,1.073722379493474,1.0679670593331654
4272,1.0759493051246858,1.0738457175493732,1.0676118939539196
4273,1.0759493051246858,1.0739143269934779,1.0679157807524624
4274,1.0759493051246858,1.0737214581985086,1.0670636807355904
4275,1.0759493051246858,1.073388671861159,1.0678023696518402
4276,1.0759493051246858,1.0733023469031047,1.06807610006636
4277,1.0759493051246858,1.0737952159819235,1.0686735249508603
4278,1.0759493051246858,1.0741028178562617,1.0713904948529076
4279,1.0759493051246858,1.073899795401243,1.0688437232155334
4280,1.0759493051246858,1.0740940441470879,1.070405642092436
4281,1.0759493051246858,1.0743795153794187,1.0692966718550667
4282,1.0759493051246858,1.0738891947038685,1.0666279054217984
4283,1.0759493051246858,1.0743160975392054,1.0655304230778029
4284,1.0759493051246858,1.074613996554941,1.070006388914823
4285,1.0759493051246858,1.074907380314103,1.0724874820909682
4286,1.0759493051246858,1.0750807779848777,1.0735503520259122
4287,1.0759493051246858,1.0749365870362195,1.0720719307459359
4288,1.0759493051246858,1.0748610593448653,1.0677903863990896
4289,1.0759493051246858,1.0743801721128736,1.0633271591599587
4290,1.0759493051246858,1.0743667133328736,1.067155142119677
4291,1.0759493051246858,1.0742668668713042,1.0697963315375922
4292,1.0759493051246858,1.0745373280312935,1.0719586026753956
4293,1.0759493051246858,1.0747510664786903,1.070548706842691
4294,1.0759493051246858,1.0745656979015323,1.0695639082016974
4295,1.0759493051246858,1.0743008901562476,1.067731636706959
4296,1.0759493051246858,1.0737648678492118,1.0687366468077348
4297,1.0759493051246858,1.074143897658985,1.0714285149817053
4298,1.0759493051246858,1.0738287040012429,1.0682417208139101
4299,1.0759493051246858,1.0742253668304196,1.07189607906364
4300,1.0759493051246858,1.0747384533422855,1.0711294953368753
4301,1.0759493051246858,1.074408683235435,1.07120644111068
4302,1.0759493051246858,1.0744197834846223,1.0651801033523909
4303,1.0759493051246858,1.074082983719532,1.0698518957262495
4304,1.0759493051246858,1.0743394724662825,1.069324400699456
4305,1.0759493051246858,1.0741717731151743,1.063805575340361
4306,1.0759493051246858,1.0744379804650328,1.0701485209643429
4307,1.0759493051246858,1.0743192601350504,1.0709088349499218
4308,1.0759493051246858,1.0748232418092942,1.068891998475754
4309,1.0759493051246858,1.0747562891104492,1.0724705611729077
4310,1.0759493051246858,1.074802571257287,1.0710660249536037
4311,1.0759493051246858,1.075013840734718,1.0722445404078995
4312,1.0759493051246858,1.0748576552149185,1.072485590574835
4313,1.0759493051246858,1.0747070285249434,1.0704950983204158
4314,1.0759493051246858,1.074597012731225,1.0709838033629222
4315,1.0759493051246858,1.0746790077076445,1.0720069191690784
4316,1.0759493051246858,1.074774893709361,1.0718138686140253
4317,1.0759493051246858,1.0746156137297935,1.072340782484629
4318,1.0759493051246858,1.0749086373470762,1.0707417789329243
4319,1.0759493051246858,1.0747605566848855,1.0722353343844078
4320,1.0759493051246858,1.0744422963225424,1.0701197662322592
4321,1.0759493051246858,1.074382998707921,1.0681542683006775
4322,1.0759493051246858,1.0745785584573455,1.070273295987631
4323,1.0759493051246858,1.0745948298270342,1.0712692110424291
4324,1.0759493051246858,1.0744958513002592,1.0705974088373567
4325,1.0759493051246858,1.0739390492919458,1.0683019699031564
4326,1.0759493051246858,1.0735119087013978,1.065933526544358
4327,1.0759493051246858,1.073639101065081,1.068228099477758
4328,1.0759493051246858,1.073430430397067,1.0690497560018246
4329,1.0759493051246858,1.0733422302967943,1.0695840962025518
4330,1.0759493051246858,1.0736030536198526,1.0706521533602416
4331,1.0759493051246858,1.0736636294662534,1.0648655865678118
4332,1.0759493051246858,1.073592877048459,1.06981937581898
4333,1.0759493051246858,1.0733497921269304,1.0655395501259965
4334,1.0759493051246858,1.072871782980699,1.0588218309871102
4335,1.0759493051246858,1.0734725143761783,1.069517779516479
4336,1.0759493051246858,1.0736078933591422,1.0611798266930097
4337,1.0759493051246858,1.073666717585066,1.0702144706017918
4338,1.0759493051246858,1.0739934823397872,1.069437000832187
4339,1.0759493051246858,1.0740569094677048,1.0705770354009068
4340,1.0759493051246858,1.0742718577602408,1.0705342703375544
4341,1.0759493051246858,1.0747606613704377,1.0711603226409077
4342,1.0759493051246858,1.0749138159705316,1.0716992783168515
4343,1.0759493051246858,1.0750879922939993,1.07241788487871
4344,1.0759493051246858,1.0751380398913228,1.0713402091851825
4345,1.0759493051246858,1.0750434193826643,1.071919413814745
4346,1.0759493051246858,1.074970490151987,1.0712347639872533
4347,1.0759493051246858,1.0745936731014167,1.068650875107381
4348,1.0759493051246858,1.0745715556116968,1.0701443202402534
4349,1.0759493051246858,1.0744686306206708,1.0698063511589382
4350,1.0759493051246858,1.0744703290114803,1.0687965754143245
4351,1.0759493051246858,1.0743449469489093,1.069998155000638
4352,1.0759493051246858,1.074419230308099,1.0707312381556737
4353,1.0759493051246858,1.074650692797661,1.0720022815804713
4354,1.0759493051246858,1.0745884953133327,1.0724717106391246
4355,1.0759493051246858,1.0747862461550084,1.0716126516257383
4356,1.0759493051246858,1.0749715824690995,1.071446553428439
4357,1.0759493051246858,1.0749614092478652,1.071806866902531
4358,1.0759493051246858,1.0749410038339988,1.0699842212042592
4359,1.0759493051246858,1.0748974162953941,1.0705802030687326
4360,1.0759493051246858,1.0747514059474346,1.068938512986225
4361,1.0759493051246858,1.074656952920383,1.0694497471927895
4362,1.0759493051246858,1.0745727415520028,1.0702364492945322
4363,1.0759493051246858,1.0742384111839873,1.0707250700473352
4364,1.0759493051246858,1.0745668201710665,1.0714149953752925
4365,1.0759493051246858,1.074591579948458,1.069101384840517
4366,1.0759493051246858,1.074703606812339,1.0717721587211357
4367,1.0759493051246858,1.0746845875204378,1.072364298760906
4368,1.0759493051246858,1.0745293671764247,1.0690609790812715
4369,1.0759493051246858,1.0742364470782482,1.0703840837190866
4370,1.0759493051246858,1.0745286270200436,1.0686422762441274
4371,1.0759493051246858,1.0744970913400176,1.06826526936618
4372,1.0759493051246858,1.0744725871231626,1.0670038050248176
4373,1.0759493051246858,1.0743281405563607,1.0669732064314035
4374,1.0759493051246858,1.0741626525663965,1.0666879498473882
4375,1.0759493051246858,1.0741595492586589,1.0692711878613155
4376,1.0759493051246858,1.0743948652564992,1.070870956301653
4377,1.0759493051246858,1.074565939472556,1.0701945684560092
4378,1.0759493051246858,1.0747106911047073,1.0691038638011245
4379,1.0759493051246858,1.0743960226990297,1.0654148395672958
4380,1.0759493051246858,1.0741594729824593,1.065786729905533
4381,1.0759493051246858,1.0736036077179785,1.0668605820905523
4382,1.0759493051246858,1.0735811588435151,1.0694775597048896
4383,1.0759493051246858,1.073690563184347,1.0689901018606451
4384,1.0759493051246858,1.073907903987869,1.071092168286014
4385,1.0759493051246858,1.0742961591341444,1.071906671138628
4386,1.0759493051246858,1.074589491543467,1.0705842799917877
4387,1.0759493051246858,1.0746015857509092,1.0719867298535093
4388,1.0759493051246858,1.0747249048153513,1.0724142427013947
4389,1.0759493051246858,1.0742082401396953,1.0686179261577196
4390,1.0759493051246858,1.074248186152844,1.0688275425312326
4391,1.0759493051246858,1.0743217850247924,1.0705557077965415
4392,1.0759493051246858,1.074270432256489,1.069168456838731
4393,1.0759493051246858,1.0742874290998556,1.0671478095702907
4394,1.0759493051246858,1.0738548468643463,1.0661944841500222
4395,1.0759493051246858,1.0737542322069702,1.0670308178337062
4396,1.0759493051246858,1.073873012615227,1.0689446716893605
4397,1.0759493051246858,1.073927160002389,1.0684190657085533
4398,1.0759493051246858,1.0738144244284225,1.0617020399903914
4399,1.0759493051246858,1.0739158687369759,1.0619116985904604
4400,1.0759493051246858,1.0744816786058333,1.0706989301291392
4401,1.0759493051246858,1.0744443352215738,1.0696287302427177
4402,1.0759493051246858,1.074769131408151,1.0723513745965714
4403,1.0759493051246858,1.0746261604166372,1.0725300304677594
4404,1.0759493051246858,1.0747583131198575,1.0720941107972823
4405,1.0759493051246858,1.0745070301552728,1.071086403196675
4406,1.0759493051246858,1.0744067824027297,1.0696353474041205
4407,1.0759493051246858,1.0741280110399913,1.0613921106323851
4408,1.0759493051246858,1.0740113787658567,1.0660206419854625
4409,1.0759493051246858,1.073562202960228,1.066592969270432
4410,1.0759493051246858,1.0729493590193568,1.0653826411773537
4411,1.0759493051246858,1.0729915449780467,1.0648613648578282
4412,1.0759493051246858,1.0737007245249957,1.060594236560917
4413,1.0759493051246858,1.0738958786062631,1.0683736059698776
4414,1.0759493051246858,1.0740289426357006,1.070447855783065
4415,1.0759493051246858,1.074122928977845,1.0711330751256798
4416,1.0759493051246858,1.0744297829416747,1.072109421278791
4417,1.0759493051246858,1.074470952574248,1.068299606131708
4418,1.0759493051246858,1.0744693709474007,1.0710169261704097
4419,1.0759493051246858,1.0744734492878054,1.0706501350451183
4420,1.0759493051246858,1.0742805895168162,1.0669242680940347
4421,1.0759493051246858,1.0743731627774025,1.0642559924054191
4422,1.0759493051246858,1.0737300483967218,1.0640553397152743
4423,1.0759493051246858,1.0741176279888105,1.0683256897087088
4424,1.0759493051246858,1.0745163747048518,1.0709969460848243
4425,1.0759493051246858,1.0746633281907698,1.0721512290230706
4426,1.0759493051246858,1.0746992800556234,1.0721718083966216
4427,1.0759493051246858,1.0747172683092654,1.0719167269442198
4428,1.0759493051246858,1.0748572671599144,1.0710172798791906
4429,1.0759493051246858,1.0748780114157013,1.0721690605752119
4430,1.0759493051246858,1.074754416922114,1.0696689552324365
4431,1.0759493051246858,1.074538527927273,1.06997512824855
4432,1.0759493051246858,1.0745853366619569,1.0702403805138143
4433,1.0759493051246858,1.0745309296620429,1.070762734618773
4434,1.0759493051246858,1.07485838200423,1.0729752193759845
4435,1.0759493051246858,1.07496977620954,1.072416756727212
4436,1.0759493051246858,1.0749402673765693,1.071866047110014
4437,1.0759493051246858,1.0745689938163836,1.0695736508130889
4438,1.0759493051246858,1.074685633608683,1.0715052638073306
4439,1.0759493051246858,1.0745778826708174,1.0675896127440285
4440,1.0759493051246858,1.0744588702079911,1.0668383354403064
4441,1.0759493051246858,1.0743407004498402,1.068931299221401
4442,1.0759493051246858,1.0746949633985192,1.0662358713031521
4443,1.0759493051246858,1.0746441082219145,1.0714228360659226
4444,1.0759493051246858,1.074759858929876,1.0691921268406004
4445,1.0759493051246858,1.0748893597212403,1.071945652082148
4446,1.0759493051246858,1.074938226986562,1.0719521275953805
4447,1.0759493051246858,1.074195640785266,1.0630816300375407
4448,1.0759493051246858,1.073933347013932,1.0621032858568717
4449,1.0759493051246858,1.0738736578991463,1.0654196486787797
4450,1.0759493051246858,1.0741142531739027,1.067360533839138
4451,1.0759493051246858,1.0737236446511154,1.0680866058983371
4452,1.0759493051246858,1.0734386612057,1.0692115033200909
4453,1.0759493051246858,1.073612534591962,1.070660057849844
4454,1.0759493051246858,1.0733464704344189,1.0588042949407077
4455,1.0759493051246858,1.074038350460625,1.0706718632740724
4456,1.0759493051246858,1.0745203066997306,1.0718527588866174
4457,1.0759493051246858,1.074362008652271,1.0688983200858875
4458,1.0759493051246858,1.0741653304918475,1.0645327559967368
4459,1.0759493051246858,1.0734491247662221,1.0651663850469575
4460,1.0759493051246858,1.0740250349995089,1.0695869097512671
4461,1.0759493051246858,1.074395538278499,1.0695736520292676
4462,1.0759493051246858,1.0741994317844388,1.0634335884839798
4463,1.0759493051246858,1.0741996270992538,1.0698029320060898
4464,1.0759493051246858,1.0741084806013819,1.0701888097803627
4465,1.0759493051246858,1.0743387928404697,1.068412783166628
4466,1.0759493051246858,1.074323599854577,1.0666466809469592
4467,1.0759493051246858,1.0746184149170785,1.0710177301156423
4468,1.0759493051246858,1.0747824004440716,1.0725152537204508
4469,1.0759493051246858,1.0749238739566773,1.0706531117324645
4470,1.0759493051246858,1.0742796729589947,1.0686526946006472
4471,1.0759493051246858,1.0744292933120547,1.067693233756016
4472,1.0759493051246858,1.0740953271868414,1.0705700855065667
4473,1.0759493051246858,1.0741749774142162,1.0714828961443654
4474,1.0759493051246858,1.0743270072803681,1.0716798702863741
4475,1.0759493051246858,1.07414585590049,1.0707793232916236
4476,1.0759493051246858,1.073977810328544,1.0703711348127771
4477,1.0759493051246858,1.0740328903546443,1.0710163719385877
4478,1.0759493051246858,1.0741129198716695,1.067260156063497
4479,1.0759493051246858,1.0742395562679734,1.0690144882375352
4480,1.0759493051246858,1.0744744120338958,1.070477893962035
4481,1.0759493051246858,1.0744265319793291,1.0711097411301207
4482,1.0759493051246858,1.0744414804739624,1.0717280926402806
4483,1.0759493051246858,1.0742632054171337,1.068894255916323
4484,1.0759493051246858,1.0742757582313178,1.06966908577447
4485,1.0759493051246858,1.074253439497212,1.069022560498567
4486,1.0759493051246858,1.074183922671039,1.0686323018679498
4487,1.0759493051246858,1.0736211646794347,1.0672044261764517
4488,1.0759493051246858,1.0733125994808355,1.0645019327026852
4489,1.0759493051246858,1.0735501555388678,1.0698742576594733
4490,1.0759493051246858,1.0733045152512473,1.0561919638268105
4491,1.0759493051246858,1.0735481221689367,1.066177094457894
4492,1.0759493051246858,1.0737520057915129,1.0698095894181594
4493,1.0759493051246858,1.0743463007684608,1.0688043260767812
4494,1.0759493051246858,1.0742531630267078,1.0710445183874222
4495,1.0759493051246858,1.074101591479971,1.0704933460121495
4496,1.0759493051246858,1.0740546490260638,1.0654305417788272
4497,1.0759493051246858,1.074264658398763,1.069886073245454
4498,1.0759493051246858,1.0747327185758293,1.069606973858765
4499,1.0759493051246858,1.0743247344113274,1.069377590099155
4500,1.0759493051246858,1.074170347678884,1.0665186055129572
4501,1.0759493051246858,1.0740382225376073,1.066027479056547
4502,1.0759493051246858,1.0738582122346938,1.0646682347226197
4503,1.0759493051246858,1.073751809485796,1.0669135028650225
4504,1.0759493051246858,1.0740108553755578,1.070601251395804
4505,1.0759493051246858,1.073655088032806,1.069534170621227
4506,1.0759493051246858,1.0737542590052187,1.070433889799044
4507,1.0759493051246858,1.0740408325116442,1.0707995476233563
4508,1.0759493051246858,1.074125541289534,1.06759302489208
4509,1.0759493051246858,1.074149895066872,1.0686538038008655
4510,1.0759493051246858,1.0739650789807338,1.070435784557253
4511,1.0759493051246858,1.0740266076200158,1.068675965374688
4512,1.0759493051246858,1.0739944045882557,1.063451486705865
4513,1.0759493051246858,1.0744329920800533,1.071167348162704
4514,1.0759493051246858,1.0748121315517882,1.0712822336020518
4515,1.0759493051246858,1.0750537647627376,1.0714979681963634
4516,1.0759493051246858,1.0750588246405703,1.0729852090554612
4517,1.0759493051246858,1.074647595684141,1.0658826989357362
4518,1.0759493051246858,1.0748097705705755,1.0703851090894516
4519,1.0759493051246858,1.074612868499892,1.0692940021593778
4520,1.0759493051246858,1.0746581929809869,1.0720293745901874
4521,1.0759493051246858,1.0747315372207666,1.072093809927785
4522,1.0759493051246858,1.0746290601926838,1.0705451852185757
4523,1.0759493051246858,1.0746939802412423,1.0723816090750258
4524,1.0759493051246858,1.0747462494829707,1.0708159300445779
4525,1.0759493051246858,1.074648793864848,1.0729508557462566
4526,1.0759493051246858,1.0747724609130551,1.0721657628987185
4527,1.0759493051246858,1.074912368124017,1.0718985032465387
4528,1.0759493051246858,1.074804484527376,1.0666430306200658
4529,1.0759493051246858,1.0748147741459098,1.0724673693769113
4530,1.0759493051246858,1.074577245378691,1.071640504802102
4531,1.0759493051246858,1.0745294730949064,1.0668249040537237
4532,1.0759493051246858,1.074548360290979,1.0719750383429993
4533,1.0759493051246858,1.07495082306259,1.072230488243554
4534,1.0759493051246858,1.0746500027384085,1.0710735812746681
4535,1.0759493051246858,1.0742969858347227,1.0677245184416682
4536,1.0759493051246858,1.074641487397735,1.0711261647431178
4537,1.0759493051246858,1.0745700303705452,1.0711170956526976
4538,1.0759493051246858,1.0743071796732113,1.0679165206331258
4539,1.0759493051246858,1.0741428396868806,1.0690801200531563
4540,1.0760085971068714,1.0742519651756703,1.0714197060663653
4541,1.0760085971068714,1.0739424610686592,1.0710262216949886
4542,1.0760085971068714,1.0740314923037235,1.069628751350343
4543,1.0760085971068714,1.0740282057683628,1.0707585955098582
4544,1.0760085971068714,1.0739650517123762,1.0694818579650796
4545,1.0760085971068714,1.0732458995492073,1.067220393750233
4546,1.0760085971068714,1.0735487737030234,1.0677941895948944
4547,1.0760085971068714,1.0737595752768676,1.0670817141308757
4548,1.0760085971068714,1.0739701794840826,1.0670282561825135
4549,1.0760085971068714,1.0740353727581053,1.0704396513796297
4550,1.0760085971068714,1.0742173695363577,1.0666123972215267
4551,1.0760085971068714,1.0741504923537812,1.0701150526090328
4552,1.0760085971068714,1.0740194079054297,1.069760954374243
4553,1.0760085971068714,1.0742491904254254,1.0710372749584234
4554,1.0760085971068714,1.0741595008438387,1.0664842710659388
4555,1.0760085971068714,1.074305581155496,1.0680737529741715
4556,1.0760085971068714,1.0743658338722413,1.0685680833574223
4557,1.0760085971068714,1.0744130735819082,1.0707568775780019
4558,1.0760085971068714,1.0745577995016922,1.0702502311986075
4559,1.0760085971068714,1.0743511115812523,1.0688396856441016
4560,1.0760085971068714,1.0744465811976827,1.0690996746763222
4561,1.0760085971068714,1.0745986996789234,1.0715867408170272
4562,1.0760085971068714,1.0746923272249487,1.0693045593251367
4563,1.0760085971068714,1.074580133462934,1.0689615911825432
4564,1.0760085971068714,1.0742241634632532,1.0701876172415379
4565,1.0760085971068714,1.0745360306809055,1.0721448724767286
4566,1.0760085971068714,1.0748198510902596,1.0714228976957105
4567,1.0760085971068714,1.0746457342839086,1.0660096287494951
4568,1.0760085971068714,1.074400277619498,1.0679150462447593
4569,1.0760085971068714,1.074186861695095,1.0689158809136865
4570,1.0760085971068714,1.0742382797198808,1.064942746082707
4571,1.0760085971068714,1.0747756470659753,1.0707311335295142
4572,1.0760085971068714,1.0743612580794506,1.0647000629569812
4573,1.0760085971068714,1.0746762264773597,1.0701604946524848
4574,1.0760085971068714,1.0743354810909183,1.069664893676527
4575,1.0760085971068714,1.0742516996260199,1.0716049621160788
4576,1.0760085971068714,1.0745615977446876,1.0714893630198854
4577,1.0760085971068714,1.074148056763765,1.0685248959057472
4578,1.0760085971068714,1.0740162654594365,1.066739321473709
4579,1.0760085971068714,1.0742539512019684,1.0683449986437996
4580,1.0760085971068714,1.0746198813365335,1.069823609714284
4581,1.0760085971068714,1.0747218428428886,1.0675158570016507
4582,1.0760085971068714,1.0742497817881647,1.0639229761148665
4583,1.0760085971068714,1.0735357763289206,1.0597643283618081
4584,1.0760085971068714,1.0734698488906969,1.066094521217078
4585,1.0760085971068714,1.0735467210949872,1.0681092017250107
4586,1.0760085971068714,1.073906312567007,1.071195595916298
4587,1.0760085971068714,1.0739188628463168,1.0701254992246225
4588,1.0760085971068714,1.0744101449213292,1.0660210989288181
4589,1.0760085971068714,1.0743085821580436,1.070487013227332
4590,1.0760085971068714,1.0743636988169951,1.0645071470298815
4591,1.0760085971068714,1.0743055236570946,1.0676957349114777
4592,1.0760085971068714,1.0742307675461773,1.0656751649453442
4593,1.0760085971068714,1.0738962091729412,1.069997635868917
4594,1.0760085971068714,1.074023484157275,1.0598999227047101
4595,1.0760085971068714,1.074263113749669,1.0710932723515876
4596,1.0760085971068714,1.0739344722388637,1.066868616051846
4597,1.0760085971068714,1.0741127519620204,1.0688049960621422
4598,1.0760085971068714,1.0740277536741554,1.0662366796120484
4599,1.0760085971068714,1.074352676673976,1.0685720741780154
4600,1.0760085971068714,1.0746140993991984,1.0687843099565129
4601,1.0760085971068714,1.0745732086293494,1.0699414436719308
4602,1.0760085971068714,1.0744865323842396,1.0721620582517994
4603,1.0760085971068714,1.0745930858199395,1.0693248848799086
4604,1.0760085971068714,1.0744593551089026,1.0707465975494346
4605,1.0760085971068714,1.0742802686262727,1.0690471891837006
4606,1.0760085971068714,1.0740683386656997,1.0701680778444644
4607,1.0760085971068714,1.0743923756916431,1.0696251336331506
4608,1.0760085971068714,1.0741685106606433,1.0692793419056148
4609,1.0760085971068714,1.0743267472083247,1.070835386713798
4610,1.0760085971068714,1.0747178155307036,1.0727644424105893
4611,1.0760085971068714,1.074841938702878,1.0686726509983233
4612,1.0760085971068714,1.0746611750799016,1.0718669903187235
4613,1.0760085971068714,1.0750068229237137,1.0714594944032525
4614,1.0760085971068714,1.0749164176586976,1.0651330386410425
4615,1.0760085971068714,1.0747676724649682,1.0719725952078356
4616,1.0760085971068714,1.0747293927624895,1.0717377168053304
4617,1.0760085971068714,1.0743243600981789,1.0696135470688781
4618,1.0760085971068714,1.0746071423630223,1.0692114421656296
4619,1.0760085971068714,1.0742666708732784,1.0658492832182853
4620,1.0760085971068714,1.074009005156709,1.0642932364915658
4621,1.0760085971068714,1.0742786521262344,1.0688633354296004
4622,1.0760085971068714,1.0745618048565888,1.0696858252766308
4623,1.0760085971068714,1.0745304909580606,1.0717008671508137
4624,1.0760085971068714,1.0748250562756902,1.0717672742172404
4625,1.0760085971068714,1.074808995067141,1.0720898718745542
4626,1.0760085971068714,1.0748832240583084,1.070989508231468
4627,1.0760085971068714,1.0744532424057782,1.0655600393850524
4628,1.0760085971068714,1.0743645085274807,1.0684535706835507
4629,1.0760085971068714,1.0740721165747589,1.0592477331438117
4630,1.0760085971068714,1.0735959733316696,1.0678619258740216
4631,1.0760085971068714,1.0732600013172948,1.0664128241441257
4632,1.0760085971068714,1.0730338893341327,1.0682509438394692
4633,1.0760085971068714,1.0724690234372733,1.0563886225594485
4634,1.0760085971068714,1.0720901501989002,1.0609099672336075
4635,1.0760085971068714,1.0726250612095878,1.0630684080832358
4636,1.0760085971068714,1.0733023613305617,1.0643821623878478
4637,1.0760085971068714,1.0732799409657763,1.0681804568019677
4638,1.0760085971068714,1.0729185761425335,1.0604959268836018
4639,1.0760085971068714,1.072828260502828,1.0597003880489915
4640,1.0760085971068714,1.0727185351864004,1.0666367341517655
4641,1.0760085971068714,1.0730700181010484,1.0542889644151803
4642,1.0760085971068714,1.0725867741530335,1.0665667616401073
4643,1.0760085971068714,1.0727587349531975,1.0657754691570935
4644,1.0760085971068714,1.0731002768675564,1.0633647571373845
4645,1.0760085971068714,1.0733381441588608,1.0632063316269038
4646,1.0760085971068714,1.073102923156637,1.066500371458737
4647,1.0760085971068714,1.0727778889764812,1.0646943856236453
4648,1.0760085971068714,1.0731886443544731,1.0684339807951089
4649,1.0760085971068714,1.073869545820354,1.0688741038805296
4650,1.0760085971068714,1.0739988004683638,1.0654981260223297
4651,1.0760085971068714,1.0739469027996165,1.0590412754832597
4652,1.0760085971068714,1.0741465426556365,1.0713859212980705
4653,1.0760085971068714,1.0738289121322038,1.0711165969292424
4654,1.0760085971068714,1.073723490048543,1.067397114805399
4655,1.0760085971068714,1.073851384939099,1.068332871545469
4656,1.0760085971068714,1.0743989933093392,1.0679243816661201
4657,1.0760085971068714,1.0743587151811405,1.069622959106197
4658,1.0760085971068714,1.0742248050409693,1.0712048612244491
4659,1.0760085971068714,1.0744028173799078,1.0714096053261404
4660,1.0760085971068714,1.0747373128171596,1.0718536580660993
4661,1.0760085971068714,1.07495633604712,1.07179868881185
4662,1.0760085971068714,1.0747773892220949,1.0652678035195156
4663,1.0760085971068714,1.074538112948976,1.0673192700947667
4664,1.0760085971068714,1.0740582984096623,1.062577928300486
4665,1.0760085971068714,1.0739150771010382,1.0667939083419935
4666,1.0760085971068714,1.0743217438628982,1.070500344121889
4667,1.0760085971068714,1.074296081438776,1.068757951179439
4668,1.0760085971068714,1.0743437936454856,1.0674766117956682
4669,1.0760085971068714,1.073867204501751,1.0655213456420116
4670,1.0760085971068714,1.0739837739476088,1.0686943024092876
4671,1.0760085971068714,1.0741732511237296,1.0702838615275285
4672,1.0760085971068714,1.073969085467268,1.0709720087752395
4673,1.0760085971068714,1.0740638629572252,1.0710644023123785
4674,1.0760085971068714,1.074104770748252,1.0686714567813624
4675,1.0760085971068714,1.0737939612443002,1.070745530578009
4676,1.0760085971068714,1.0742057047217828,1.0711341011685465
4677,1.0760085971068714,1.074008326956997,1.071409516769473
4678,1.0760085971068714,1.0744605743742273,1.0686315979918029
4679,1.0760085971068714,1.0746955151920556,1.0713538434834144
4680,1.0760085971068714,1.0746283702521233,1.0723564915923383
4681,1.0760085971068714,1.0748659482890894,1.0730776624929272
4682,1.0760085971068714,1.0748928808454499,1.0725484099675384
4683,1.0760085971068714,1.074904212574503,1.0721013236455383
4684,1.0760085971068714,1.0748955133049358,1.0732094906997045
4685,1.0760085971068714,1.0749995927830311,1.0718590337948941
4686,1.0760085971068714,1.0749335144720478,1.0715690850249622
4687,1.0760085971068714,1.075083446920539,1.072926017986154
4688,1.0760085971068714,1.0752707384523255,1.0733717097103836
4689,1.0760085971068714,1.0749855270932935,1.068438606562712
4690,1.0760085971068714,1.07485510321936,1.071095846330416
4691,1.0760085971068714,1.0744423561460876,1.0640483196700539
4692,1.0760085971068714,1.0744076325289094,1.0710771866793043
4693,1.0760085971068714,1.074263971744597,1.069539385472362
4694,1.0760085971068714,1.0741137327420212,1.0668082075673762
4695,1.0760085971068714,1.0739065565495602,1.064014798480158
4696,1.0760085971068714,1.0735414026892456,1.0671373618736801
4697,1.0760085971068714,1.073337984329967,1.0635380313120173
4698,1.0760085971068714,1.072952433404606,1.0648554086981614
4699,1.0760085971068714,1.0726995478094352,1.0626478219108693
4700,1.0760085971068714,1.0730624597045133,1.0679329237600903
4701,1.0760085971068714,1.07347713043946,1.0672052287074258
4702,1.0760085971068714,1.0736267472765315,1.0658929015054524
4703,1.0760085971068714,1.0735369823631296,1.066642336888856
4704,1.0760085971068714,1.0737613136652713,1.0687364187887352
4705,1.0760085971068714,1.073680806952857,1.065845732656397
4706,1.0760085971068714,1.0737070690056998,1.070274439268426
4707,1.0760085971068714,1.0736152695492702,1.0669854728803922
4708,1.0760085971068714,1.073518041933752,1.066197791539278
4709,1.0760085971068714,1.0732813348730463,1.066056560331017
4710,1.0760085971068714,1.0733123840671792,1.0666905613162823
4711,1.0760085971068714,1.0739709038403473,1.0695903813543053
4712,1.0760085971068714,1.0739770643226823,1.0704882574001608
4713,1.0760085971068714,1.074126664258148,1.0682476963848457
4714,1.0760085971068714,1.0741031906865026,1.06995798191181
4715,1.0760085971068714,1.0740456576610988,1.0676002319395257
4716,1.0760085971068714,1.074115053774152,1.0662510050508773
4717,1.0760085971068714,1.0746983996297244,1.0696085503810617
4718,1.0760085971068714,1.074866236467599,1.0702035560225875
4719,1.0760085971068714,1.074747618316166,1.0686003590028141
4720,1.0760085971068714,1.074345714918036,1.0714669140264335
4721,1.0760085971068714,1.0745537692418434,1.069677650795388
4722,1.0760085971068714,1.074516677646794,1.0703740425882928
4723,1.0760085971068714,1.0746039871805966,1.0722188519093814
4724,1.0760085971068714,1.0745120893022877,1.0692457178026884
4725,1.0760085971068714,1.0745236367533244,1.0709904846096079
4726,1.0760085971068714,1.0748351133795315,1.0707796954700444
4727,1.0760085971068714,1.07477428950128,1.0721961014137076
4728,1.0760085971068714,1.0747446931246858,1.0701206748898722
4729,1.0760085971068714,1.0748219447498522,1.0703680821147392
4730,1.0760085971068714,1.074685121014456,1.0706860667495965
4731,1.0760085971068714,1.0745015516310996,1.0702780254254667
4732,1.0760085971068714,1.074533855361328,1.0705574317908
4733,1.0760085971068714,1.074394490473946,1.0721124058177642
4734,1.0760085971068714,1.0744536769539206,1.0704548319385807
4735,1.0760085971068714,1.0738600099101578,1.0590075935770802
4736,1.0760085971068714,1.0739093660665575,1.0693091331037405
4737,1.0760085971068714,1.0737856955805853,1.0700342811459973
4738,1.0760085971068714,1.0733887093303114,1.0660340660795244
4739,1.0760085971068714,1.0735025399596734,1.0656352949982977
4740,1.0760085971068714,1.072532304941282,1.0575540197690958
4741,1.0760085971068714,1.073076093317487,1.0683935038449541
4742,1.0760085971068714,1.0731419219011866,1.0640091292751874
4743,1.0760085971068714,1.0732800674726786,1.0648657035471183
4744,1.0760085971068714,1.0736331223916,1.069819374956387
4745,1.0760085971068714,1.0744034252094274,1.070682788149684
4746,1.0760085971068714,1.0744762005215878,1.0714967997319453
4747,1.0760085971068714,1.074509331568318,1.0698248717726144
4748,1.0760085971068714,1.0749565947279762,1.0713292564904415
4749,1.0760085971068714,1.0748472273981267,1.0719415405364947
4750,1.0760085971068714,1.0748795827164657,1.0729241812880164
4751,1.0760085971068714,1.0750416529893203,1.0720008535369703
4752,1.0760085971068714,1.0748779563870692,1.0699211355251899
4753,1.0760085971068714,1.0749185611848358,1.072140233315631
4754,1.0760085971068714,1.0747021759096789,1.069634666965672
4755,1.0760085971068714,1.0745414503610105,1.0713753968244852
4756,1.0760085971068714,1.0744245734102602,1.069876550455203
4757,1.0760085971068714,1.0747499759851913,1.066120751291292
4758,1.0760085971068714,1.0745070865556596,1.0701170337908374
4759,1.0760085971068714,1.074494556075705,1.0661705566288076
4760,1.0760085971068714,1.0746449889557512,1.0715625476008905
4761,1.0760085971068714,1.0745238693548387,1.0637619245013334
4762,1.0760085971068714,1.074670226085485,1.070777724872884
4763,1.0760085971068714,1.074731395337819,1.0694119767665806
4764,1.0760085971068714,1.0747370567286498,1.072035669166964
4765,1.0760085971068714,1.0749937681271093,1.0712539797868827
4766,1.0760085971068714,1.0747179927751127,1.0681867220210952
4767,1.0760085971068714,1.0745671537018138,1.0714212809285835
4768,1.0760085971068714,1.0744323931375512,1.0692750583722572
4769,1.0760085971068714,1.0743217133702607,1.0682862886063562
4770,1.0760085971068714,1.074326236495488,1.0697370297436812
4771,1.0760085971068714,1.0745225438172048,1.0710887523086434
4772,1.0760085971068714,1.074914895048668,1.072708939648505
4773,1.0760085971068714,1.0751307827505021,1.072771996928594
4774,1.0760085971068714,1.0752346553887033,1.073616922338452
4775,1.0760085971068714,1.0754248221080396,1.0689068823027537
4776,1.0760085971068714,1.0752012593477482,1.0730197893640079
4777,1.0760085971068714,1.07506766445578,1.0720537065121776
4778,1.0760085971068714,1.075375029432483,1.0724722715639066
4779,1.0760085971068714,1.075010081359335,1.0726076725189215
4780,1.0760085971068714,1.0747975768151872,1.0710705599063886
4781,1.0760085971068714,1.074319736350743,1.067785932835898
4782,1.0760085971068714,1.074539451945439,1.0675591555226067
4783,1.0760085971068714,1.0742388727359333,1.0660032424125911
4784,1.0760085971068714,1.0737211250322642,1.0671806408809508
4785,1.0760085971068714,1.0736459110643053,1.0689667713954523
4786,1.0760085971068714,1.073965942966839,1.0706727902615423
4787,1.0760085971068714,1.0741222026392285,1.0697048417352502
4788,1.0760085971068714,1.0737116700199543,1.0698955984477454
4789,1.0760085971068714,1.073991167403119,1.0712039193847374
4790,1.0760085971068714,1.07439681831321,1.071650859074152
4791,1.0760085971068714,1.0748357485898685,1.071739542038007
4792,1.0760085971068714,1.0749530375380474,1.0711882227533072
4793,1.0760085971068714,1.0750753277521086,1.0714768332088653
4794,1.0760085971068714,1.0747555098141819,1.0697746018635177
4795,1.0760085971068714,1.0744298326191388,1.0663053693137807
4796,1.0760085971068714,1.074472351905447,1.0695963108433086
4797,1.0760085971068714,1.0746265881066879,1.0722530134313033
4798,1.0760085971068714,1.0747593263502597,1.0728597599664584
4799,1.0760085971068714,1.0748650197748275,1.0697383051295382
4800,1.0760085971068714,1.074853637420163,1.0718431986562695
4801,1.0760085971068714,1.0748712951619155,1.0727381695345564
4802,1.0760085971068714,1.0748844312331358,1.0723411397465548
4803,1.0760085971068714,1.074826412195733,1.069733400016553
4804,1.0760085971068714,1.074435337067833,1.0689027361969416
4805,1.0760085971068714,1.0748757240123104,1.0718303785365226
4806,1.0760085971068714,1.0749512109659547,1.0716541485081899
4807,1.0760085971068714,1.074809380585679,1.0725418033779226
4808,1.0760085971068714,1.074708173365552,1.0707454552500233
4809,1.0760085971068714,1.0747391735696907,1.0700559500779794
4810,1.0760085971068714,1.0740653597419447,1.0668402891230224
4811,1.0760085971068714,1.0741592266315723,1.0704777634812028
4812,1.0760085971068714,1.074410920293226,1.070285409163252
4813,1.0760085971068714,1.0740307287092548,1.0707725579971776
4814,1.0760085971068714,1.074516704989354,1.072394061855337
4815,1.0760085971068714,1.0745321892008626,1.0719208560322446
4816,1.0760085971068714,1.0745381500537718,1.0703799250319557
4817,1.0760085971068714,1.0740374545769287,1.0678132610992157
4818,1.0760085971068714,1.0739592936377036,1.070303816787405
4819,1.0760085971068714,1.0738519039947974,1.0682876363192368
4820,1.0760085971068714,1.0741296368464512,1.071329482030807
4821,1.0760085971068714,1.0743410335550043,1.0692524665625602
4822,1.0760085971068714,1.074204380850956,1.06996287343426
4823,1.0760085971068714,1.0747365660505026,1.0694073009759546
4824,1.0760085971068714,1.07471274193986,1.0717014275268966
4825,1.0760085971068714,1.0747239782271467,1.0708085431162002
4826,1.0760085971068714,1.0745560943015584,1.070966480608911
4827,1.0760085971068714,1.0748111421262927,1.0709987049681537
4828,1.0760085971068714,1.0745154208408043,1.0702386133709278
4829,1.0760085971068714,1.0740873430284008,1.0677109872576498
4830,1.0760085971068714,1.0736332115529026,1.05782119213365
4831,1.0760085971068714,1.073999687020243,1.0697991304676226
4832,1.0760085971068714,1.074459444212542,1.0671622801208809
4833,1.0760085971068714,1.0746101053599704,1.0723541714698328
4834,1.0760085971068714,1.074657260890396,1.0723204546080038
4835,1.0760085971068714,1.0749795217438154,1.0703838444424767
4836,1.0760085971068714,1.0746519128241112,1.0698889239545886
4837,1.0760085971068714,1.0740884796586607,1.0709053647320586
4838,1.0760085971068714,1.0742450829507602,1.070008917659015
4839,1.0760085971068714,1.074022805614963,1.0683179989774516
4840,1.0760085971068714,1.0741384180641598,1.0703429206158588
4841,1.0760085971068714,1.0742633578160103,1.07180254025804
4842,1.0760085971068714,1.0744679147483025,1.0698314142288299
4843,1.0760085971068714,1.074477257722154,1.0697805866031427
4844,1.0760085971068714,1.0740782976600438,1.0646015324388163
4845,1.0760085971068714,1.0738181442432988,1.0683691754508446
4846,1.0760085971068714,1.0736222086045644,1.0662513120515469
4847,1.0760085971068714,1.0734571082003637,1.0659873508677586
4848,1.0760085971068714,1.0730211356704755,1.064872653502872
4849,1.0760085971068714,1.0735944151369419,1.0675406550380802
4850,1.0760085971068714,1.0737192529801183,1.0693030974182827
4851,1.0760085971068714,1.0740776693544074,1.0689089651718617
4852,1.0760085971068714,1.0744304795157158,1.0682167416277488
4853,1.0760085971068714,1.0746209689693416,1.070907684498321
4854,1.0760085971068714,1.0746049146534897,1.0698546692929147
4855,1.0760085971068714,1.074448136733161,1.0668252889583911
4856,1.0760085971068714,1.074900564758027,1.0695589825926222
4857,1.0760085971068714,1.0747861208028526,1.0709171326336366
4858,1.0760085971068714,1.074688545095838,1.07197025570288
4859,1.0760085971068714,1.0745770917719273,1.0712744369539795
4860,1.0760085971068714,1.0748839112994326,1.0729901093875633
4861,1.0760085971068714,1.0745053663719375,1.0685570467410184
4862,1.0760085971068714,1.0743079691380581,1.0715594575205465
4863,1.0760085971068714,1.0743690562659993,1.069828566829284
4864,1.0760085971068714,1.0745317809936739,1.0697077085535498
4865,1.0760085971068714,1.0744071339204375,1.06855668305603
4866,1.0760085971068714,1.074262859771903,1.071534841607888
4867,1.0760085971068714,1.0745131539519537,1.0718197115529051
4868,1.0760085971068714,1.0745049803586415,1.0706416122197089
4869,1.0760085971068714,1.074475240623471,1.0725666292388403
4870,1.0760085971068714,1.0744442313433928,1.0691137397445374
4871,1.0760085971068714,1.0744401366660536,1.0707825270705693
4872,1.0760085971068714,1.0744671109056898,1.0714695944208215
4873,1.0760085971068714,1.0747017840363347,1.0717427466949718
4874,1.0760085971068714,1.0748084681759482,1.0724645081780961
4875,1.0760085971068714,1.0746857850157772,1.0626529457910363
4876,1.0760085971068714,1.0743852010866646,1.069851962837803
4877,1.0760085971068714,1.0743770316588488,1.071228043898149
4878,1.0760085971068714,1.0740658885670116,1.0694951761341596
4879,1.0760085971068714,1.0734524740798412,1.0641918372240702
4880,1.0760085971068714,1.0736069711853444,1.0688503234278846
4881,1.0760085971068714,1.073610165500627,1.069567494824648
4882,1.0760085971068714,1.0732454460106913,1.0631368350900317
4883,1.0760085971068714,1.073497865654557,1.0652304467604512
4884,1.0760085971068714,1.0735407483437869,1.0689929519523824
4885,1.0760085971068714,1.0739146883120638,1.0700605871236433
4886,1.0760085971068714,1.0742331675938253,1.0698476581957965
4887,1.0760085971068714,1.0739264398570292,1.0687210912265446
4888,1.0760085971068714,1.074035455158618,1.067462370590213
4889,1.0760085971068714,1.0743598180839458,1.069275102900873
4890,1.0760085971068714,1.0742695694014137,1.0607649786968005
4891,1.0760085971068714,1.0742861065899398,1.0675012513924305
4892,1.0760085971068714,1.0741721591623743,1.0694112048396995
4893,1.0760085971068714,1.0740736137618738,1.068590860908867
4894,1.0760085971068714,1.074165598491727,1.0686497633602623
4895,1.0760085971068714,1.0742121353363654,1.070462258043551
4896,1.0760085971068714,1.073952795773868,1.0666943086630842
4897,1.0760085971068714,1.0740508863261118,1.0701396699765415
4898,1.0760085971068714,1.0736259490478772,1.065702698083186
4899,1.0760085971068714,1.0734123670978275,1.068203237621116
4900,1.0760085971068714,1.07333904258737,1.0647727782956993
4901,1.0760085971068714,1.073444166211261,1.0685917728710492
4902,1.0760085971068714,1.073951413452681,1.071060552289874
4903,1.0760085971068714,1.0742237505162087,1.0721596851463975
4904,1.0760085971068714,1.0744924730306242,1.071333583475927
4905,1.0760085971068714,1.0744808951842422,1.071147132367995
4906,1.0760085971068714,1.0743425690441286,1.0669136670241697
4907,1.0760085971068714,1.0742525522361186,1.0667518061897199
4908,1.0760085971068714,1.0741754338211769,1.0691729727245818
4909,1.0760085971068714,1.0744126884481389,1.070123864299033
4910,1.0760085971068714,1.0743095042539583,1.0675113020811438
4911,1.0760085971068714,1.0740406562385911,1.0665376075772142
4912,1.0760085971068714,1.0739918805833342,1.0619880501042749
4913,1.0760085971068714,1.0742450658979592,1.068764304187399
4914,1.0760085971068714,1.0742432135599902,1.0713409829998
4915,1.0760085971068714,1.0745101271863229,1.0715082196240093
4916,1.0760085971068714,1.0747477070716644,1.0724369949750827
4917,1.0760085971068714,1.0746667689501948,1.070411995838274
4918,1.0760085971068714,1.0746853612935814,1.069112142390683
4919,1.0760085971068714,1.0746064643937485,1.0699877690179762
4920,1.0760085971068714,1.0745140028200049,1.0714617075668598
4921,1.0760085971068714,1.0744968888345154,1.0702485904522456
4922,1.0760085971068714,1.074610992235656,1.071745190118766
4923,1.0760085971068714,1.0744044012071319,1.067691284210114
4924,1.0760085971068714,1.0744792939148562,1.0706495778281875
4925,1.0760085971068714,1.074664150869348,1.0713878349110333
4926,1.0760085971068714,1.074049099322674,1.0684488939340384
4927,1.0760085971068714,1.0739634067057906,1.0677757423100025
4928,1.0760085971068714,1.07361152960923,1.0652803142639018
4929,1.0760085971068714,1.0739032206799128,1.0695024844420526
4930,1.0760085971068714,1.0741935762837311,1.0699684193087062
4931,1.0760085971068714,1.0740766527287766,1.0709791910224424
4932,1.0760085971068714,1.0743081686287286,1.0696866520912054
4933,1.0760085971068714,1.0743900891183271,1.070092209388956
4934,1.0760085971068714,1.074400975180278,1.0710204928513487
4935,1.0760085971068714,1.074551944659221,1.071144429994788
4936,1.0760085971068714,1.0741897742553472,1.0709093500531812
4937,1.0760085971068714,1.0738654522244888,1.069831391023209
4938,1.0760085971068714,1.0742577978567551,1.0700576266269555
4939,1.0760085971068714,1.0744214353124293,1.0682840862806215
4940,1.0760085971068714,1.0742719283110478,1.0677592041984623
4941,1.0760085971068714,1.0745535578962038,1.0712134435096643
4942,1.0760085971068714,1.07476291252413,1.0709438008333025
4943,1.0760085971068714,1.0750689019199475,1.0717878802032978
4944,1.0760085971068714,1.074942540040963,1.0716655279719736
4945,1.0760085971068714,1.0746533807040886,1.0618934568505498
4946,1.0760085971068714,1.0744784021093083,1.0697127012125551
4947,1.0760085971068714,1.0742516813357395,1.0649586626572078
4948,1.0760085971068714,1.0743638250882552,1.0691783028855646
4949,1.0760085971068714,1.0743889634113124,1.0687528942209235
4950,1.0760085971068714,1.0743572887853252,1.0703707050336742
4951,1.0760085971068714,1.074305920029986,1.0723423017344844
4952,1.0760085971068714,1.0736133305032987,1.0649196755607575
4953,1.0760085971068714,1.0734572964356623,1.068411033396916
4954,1.0760085971068714,1.0735486661114717,1.0694812561583786
4955,1.0760085971068714,1.0739934413132495,1.0698081218988023
4956,1.0760085971068714,1.0746204765526963,1.0714363953387394
4957,1.0760085971068714,1.07470318591374,1.0692222022391076
4958,1.0760085971068714,1.0746818377222371,1.0683368312954522
4959,1.0760085971068714,1.0744576611583014,1.069522388512224
4960,1.0760085971068714,1.0743726834596803,1.0710094012746958
4961,1.0760085971068714,1.0745410667720987,1.0678894335627256
4962,1.0760085971068714,1.0744188926592095,1.0681257695208455
4963,1.0760085971068714,1.074335032439956,1.0710835105017358
4964,1.0760085971068714,1.0745299459705437,1.071590278407485
4965,1.0760085971068714,1.0746857097078293,1.0706368313386116
4966,1.0760085971068714,1.0745830723855216,1.071787197285209
4967,1.0760085971068714,1.074766631488275,1.071053620905196
4968,1.0760085971068714,1.074669909489223,1.0711661217544386
4969,1.0760085971068714,1.0748113487707531,1.071732381374444
4970,1.0760085971068714,1.0749389598650776,1.0723351369516967
4971,1.0760085971068714,1.0749616945727478,1.0717766161865263
4972,1.0760085971068714,1.0750188263991343,1.0707578001939537
4973,1.0760085971068714,1.0748553400668732,1.0704069515125156
4974,1.0760085971068714,1.0743954750869484,1.0707545404672623
4975,1.0760085971068714,1.0744029634133756,1.0673606142061316
4976,1.0760085971068714,1.0740080715443918,1.0676802442468107
4977,1.0760085971068714,1.074124860454028,1.0690454673291898
4978,1.0760085971068714,1.0743054141220254,1.0688890493877097
4979,1.0760085971068714,1.074541997885639,1.0696824076594744
4980,1.0760085971068714,1.0743202830959668,1.0700374887491217
4981,1.0760085971068714,1.074364592030547,1.0675589993746466
4982,1.0760085971068714,1.0742778663492298,1.0690694943195593
4983,1.0760085971068714,1.0744317107581474,1.0705179607986555
4984,1.0760085971068714,1.0746387741305543,1.0699833408937283
4985,1.0760085971068714,1.0747742987171636,1.0721484789148854
4986,1.0760085971068714,1.0745618022803558,1.066831774484672
4987,1.0760085971068714,1.0746132167520805,1.0708947445995491
4988,1.0760085971068714,1.0747494502985822,1.0698265347415892
4989,1.0760085971068714,1.0748401398200367,1.0714617832166675
4990,1.0760085971068714,1.0750131740856343,1.072364126181529
4991,1.0760085971068714,1.0748286326599985,1.0724387179525467
4992,1.0760085971068714,1.0747890851207584,1.0720909094407856
4993,1.0760085971068714,1.0749115971409517,1.0719901064331494
4994,1.0760085971068714,1.0748224605795615,1.072249307561658
4995,1.0760085971068714,1.074779488366231,1.072098553069968
4996,1.0760085971068714,1.0747576349665444,1.0714975251869565
4997,1.0760085971068714,1.074768912983454,1.0714079187355423
4998,1.0760085971068714,1.0747935482260607,1.0716141270700903
4999,1.0760085971068714,1.0750238164941661,1.0725787410482641
5000,1.0760085971068714,1.075006472044746,1.0728753721923248
5001,1.0760085971068714,1.0750107802379596,1.0725740826206807
5002,1.0760085971068714,1.0750721374347671,1.0711430231850874
5003,1.0760085971068714,1.0750376618222797,1.0693691610885996
5004,1.0760085971068714,1.0750163263537615,1.0688757975256196
5005,1.0760085971068714,1.0748296337534498,1.0681438943308958
5006,1.0760085971068714,1.0742504398642472,1.064627966239338
5007,1.0760085971068714,1.073639559717313,1.0604064182729536
5008,1.0760085971068714,1.0730407510042463,1.0648315231072756
5009,1.0760085971068714,1.0728463520788507,1.0646507849960039
5010,1.0760085971068714,1.0733578259276533,1.0643165841659483
5011,1.0760085971068714,1.0734422472468366,1.065834006819208
5012,1.0760085971068714,1.0732932398362813,1.0686873062426523
5013,1.0760085971068714,1.0732397093135628,1.0670631321526476
5014,1.0760085971068714,1.0733595092765214,1.064057577173822
5015,1.0760085971068714,1.0739262770017834,1.0696332861962627
5016,1.0760085971068714,1.074041980475731,1.0699298867505855
5017,1.0760085971068714,1.0742339808249108,1.0667619945162319
5018,1.0760085971068714,1.074214614845257,1.070354226900089
5019,1.0760085971068714,1.0741388363819526,1.0692297418355408
5020,1.0760085971068714,1.0737015232833265,1.0642892164743396
5021,1.0760085971068714,1.0737994367945238,1.0699586394909326
5022,1.0760085971068714,1.073945244828658,1.0625372088878327
5023,1.0760085971068714,1.0740613472698937,1.0683754384257398
5024,1.0760085971068714,1.0742403901263435,1.0618546953903762
5025,1.0760085971068714,1.0738892575246202,1.0667896856956862
5026,1.0760085971068714,1.073765527495149,1.067643730972283
5027,1.0760085971068714,1.0733096225104861,1.0675876053177922
5028,1.0760085971068714,1.0736590371568864,1.0685588962490922
5029,1.0760085971068714,1.0744002648969389,1.069404034684962
5030,1.0760085971068714,1.0741525631175184,1.0684469163893393
5031,1.0760085971068714,1.0744307419822652,1.0703358786165202
5032,1.0760085971068714,1.0745182439371894,1.0689466402176395
5033,1.0760085971068714,1.0744960900397549,1.0685373268340088
5034,1.0760085971068714,1.0751166530936376,1.0721054410551591
5035,1.0760085971068714,1.0751213152662522,1.070091733968205
5036,1.0760085971068714,1.0750078502001705,1.0706708012784953
5037,1.0760085971068714,1.07485702212868,1.0711642280313602
5038,1.0760085971068714,1.0746228865526388,1.0715598975557945
5039,1.0760085971068714,1.0746322433044002,1.0704219866641678
5040,1.0760085971068714,1.0749034015792822,1.0715427211810309
5041,1.0760085971068714,1.074805721901478,1.0714962465627935
5042,1.0760085971068714,1.074610424473154,1.0686487180358326
5043,1.0760085971068714,1.0743996169027,1.0661063528223895
5044,1.0760085971068714,1.074226544226115,1.0698795926301536
5045,1.0760085971068714,1.0743770983676961,1.0641338560512965
5046,1.0760085971068714,1.0742521070352973,1.0708061109469988
5047,1.0760085971068714,1.0744189299101015,1.0711012487173734
5048,1.0760085971068714,1.074292588424626,1.0683986007905757
5049,1.0760085971068714,1.0742839487911344,1.0682999529099395
5050,1.0760085971068714,1.0745379380334128,1.0700552932554612
5051,1.0760085971068714,1.074395095806748,1.0677615078685854
5052,1.0760085971068714,1.074222015035973,1.070044517860554
5053,1.0760085971068714,1.074504705620921,1.0709565199456652
5054,1.0760085971068714,1.0745162440931757,1.070123430233144
5055,1.0760085971068714,1.0747790827564132,1.070990810054195
5056,1.0760085971068714,1.0747725229215794,1.0704487641382157
5057,1.0760085971068714,1.0747979474585296,1.07178654557391
5058,1.0760085971068714,1.0747965691372698,1.0713422158864552
5059,1.0760085971068714,1.0748329317769696,1.07256893977653
5060,1.0760085971068714,1.074744085630535,1.0709101006929767
5061,1.0760085971068714,1.0743785398879935,1.0707055583372584
5062,1.0760085971068714,1.0744583032048953,1.0710091250814187
5063,1.0760085971068714,1.0745912176558199,1.0726469227931112
5064,1.0760085971068714,1.0746156907881865,1.0713340181493018
5065,1.0760085971068714,1.0744404026898036,1.0693013101238664
5066,1.0760085971068714,1.074476786225939,1.0709742849243515
5067,1.0760085971068714,1.074473117115273,1.0700106993513387
5068,1.0760085971068714,1.0746634108400592,1.0726634186796686
5069,1.0760085971068714,1.0749495454745532,1.0717569966530258
5070,1.0760085971068714,1.0750708957790907,1.0712618477278615
5071,1.0760085971068714,1.0750597135319837,1.072970472353342
5072,1.0760085971068714,1.0751496006721832,1.0720469174813134
5073,1.0760085971068714,1.0747387442274325,1.0718848963917809
5074,1.0760085971068714,1.074772125082575,1.071193101393844
5075,1.0760085971068714,1.0744313404404455,1.0715797409206322
5076,1.0760085971068714,1.0739186082193708,1.056716663569273
5077,1.0760085971068714,1.073833046903895,1.067938842231686
5078,1.0760085971068714,1.0739152793460907,1.0671002664940998
5079,1.0760085971068714,1.0735813297911974,1.0700619982754667
5080,1.0760085971068714,1.073026218645304,1.0647558605209513
5081,1.0760085971068714,1.0731869704798844,1.0655371969162124
5082,1.0760085971068714,1.0734583674481244,1.0675192101049602
5083,1.0760085971068714,1.0734739774803057,1.0603076369871507
5084,1.0760085971068714,1.0735206196080487,1.067155936394731
5085,1.0760085971068714,1.073599468571693,1.0677643257195006
5086,1.0760085971068714,1.0739301628857474,1.0706576607854215
5087,1.0760085971068714,1.0742126072574147,1.0693515797194848
5088,1.0760085971068714,1.0744434707832042,1.0691126477851038
5089,1.0760085971068714,1.0741195880846832,1.0685936161992826
5090,1.0760085971068714,1.0741671403040283,1.068505602032988
5091,1.0760085971068714,1.073772622409126,1.0684360538419937
5092,1.0760085971068714,1.0732373783718858,1.0668536646467168
5093,1.0760085971068714,1.0728473494395532,1.0648766860369818
5094,1.0760085971068714,1.0723665523463537,1.062268475211551
5095,1.0760085971068714,1.0719656794364478,1.0579023754735162
5096,1.0760085971068714,1.071608597343218,1.0577927357366546
5097,1.0760085971068714,1.0716255891429207,1.0601418535186289
5098,1.0760085971068714,1.0720264432960445,1.0670231809577497
5099,1.0760085971068714,1.072446014933432,1.06677485671996
5100,1.0760085971068714,1.0726114359659575,1.0667158865469057
5101,1.0760085971068714,1.0730681769208394,1.067626846934104
5102,1.0760085971068714,1.0737086442475259,1.0702046545960608
5103,1.0760085971068714,1.0734886701634743,1.0696025584083597
5104,1.0760085971068714,1.0736298617970663,1.0678865306973497
5105,1.0760085971068714,1.0736735062613423,1.069342007468208
5106,1.0760085971068714,1.0739654588410281,1.0710604496185812
5107,1.0760085971068714,1.074233144428547,1.070252741220512
5108,1.0760085971068714,1.0739974302018451,1.0680570787247543
5109,1.0760085971068714,1.074258655865985,1.0702240520194897
5110,1.0760085971068714,1.074435444346542,1.070960674045949
5111,1.0760085971068714,1.074190487942555,1.0664173683916447
5112,1.0760085971068714,1.0739780974308357,1.0677105329431296
5113,1.0760085971068714,1.0743581731035956,1.0707416353524313
5114,1.0760085971068714,1.0745267604401256,1.0719804579347245
5115,1.0760085971068714,1.0747933438806523,1.0718759505610516
5116,1.0760085971068714,1.0745454284422444,1.0700857404545137
5117,1.0760085971068714,1.0744787961168347,1.0651240756499107
5118,1.0760085971068714,1.0746943813977692,1.069622732477901
5119,1.0760085971068714,1.0742182257203852,1.0712308503099828
5120,1.0760085971068714,1.0741120190981415,1.0704334502947064
5121,1.0760085971068714,1.0738302285155057,1.0641902007349122
5122,1.0760085971068714,1.0738996217235106,1.070406240287272
5123,1.0760085971068714,1.0741482302223266,1.0697107340675478
5124,1.0760085971068714,1.0741997950419409,1.0702618618462272
5125,1.0760085971068714,1.0742526162997228,1.0702706568189693
5126,1.0760085971068714,1.0743389374549326,1.0719898744123284
5127,1.0760085971068714,1.0741990897865157,1.0714760261897591
5128,1.0760085971068714,1.074291091063985,1.070690408462597
5129,1.0760085971068714,1.0745034354776102,1.0715655126268526
5130,1.0760085971068714,1.0747052025906683,1.0720005542637916
5131,1.0760085971068714,1.0749916653830882,1.0724021319332746
5132,1.0760085971068714,1.074546598964914,1.0622384727775858
5133,1.0760085971068714,1.074270969527301,1.0670852546248164
5134,1.0760085971068714,1.0742079851244375,1.070081593628416
5135,1.0760085971068714,1.0743635534369667,1.0714212302297066
5136,1.0760085971068714,1.0742264185632648,1.0697955661766705
5137,1.0760085971068714,1.0744090412180278,1.0655102711961164
5138,1.0760085971068714,1.074414625003274,1.0699421716547608
5139,1.0760085971068714,1.0736245502754906,1.0629079869106528
5140,1.0760085971068714,1.073934174530533,1.0693454418835504
5141,1.0760085971068714,1.0742552408343213,1.0690333802717533
5142,1.0760085971068714,1.0743082395922017,1.071054245511398
5143,1.0760085971068714,1.0743914692519936,1.0704405364665068
5144,1.0760085971068714,1.0742096671744994,1.0701746851632667
5145,1.0760085971068714,1.074004141172634,1.0627187644283995
5146,1.0760085971068714,1.0739829355081545,1.0676451300150105
5147,1.0760085971068714,1.0744321774438206,1.0693218580565569
5148,1.0760085971068714,1.0746165944811137,1.0710248146477115
5149,1.0760085971068714,1.074563326288625,1.0715031717854409
5150,1.0760085971068714,1.0748819028934633,1.0727316854770124
5151,1.0760085971068714,1.0750074547256705,1.0723059267125195
5152,1.0760085971068714,1.0750412420038975,1.072617510747593
5153,1.0760085971068714,1.074752867461797,1.0717360505396503
5154,1.0760085971068714,1.0742418407356082,1.0628764097217194
5155,1.0760085971068714,1.0741340436195022,1.0667438329874006
5156,1.0760085971068714,1.0740812960385187,1.0703812672637896
5157,1.0760085971068714,1.074238304496156,1.0703602071289688
5158,1.0760085971068714,1.0737983820428003,1.0623671298884096
5159,1.0760085971068714,1.0732079054916377,1.0681791967707917
5160,1.0760085971068714,1.072661404815715,1.0634169410023415
5161,1.0760085971068714,1.072974365936406,1.0641755803263602
5162,1.0760085971068714,1.0727404714807647,1.0655343321797859
5163,1.0760085971068714,1.072442765912842,1.0678526096027454
5164,1.0760085971068714,1.0731939415403107,1.058707690730092
5165,1.0760085971068714,1.073306349379149,1.0678580156206405
5166,1.0760085971068714,1.0735791905843706,1.0676768787499746
5167,1.0760085971068714,1.073687273358384,1.0692277231024863
5168,1.0760085971068714,1.0739008593433172,1.069636178564439
5169,1.0760085971068714,1.0740070383105658,1.0691222613014675
5170,1.0760085971068714,1.0742246544649863,1.0687222091894493
5171,1.0760085971068714,1.0737708506526282,1.0699223357371188
5172,1.0760085971068714,1.0737456707378357,1.0682916464444812
5173,1.0760085971068714,1.0733363974485806,1.0613087748589956
5174,1.0760085971068714,1.0725399376786109,1.0649076582510695
5175,1.0760085971068714,1.0722059194872258,1.0585946983833192
5176,1.0760085971068714,1.071440989267819,1.0631982811938607
5177,1.0760085971068714,1.0720969829207454,1.060261242555924
5178,1.0760085971068714,1.0723341250494633,1.0609713696107361
5179,1.0760085971068714,1.0721405387712368,1.066678862287871
5180,1.0760085971068714,1.0721345520408612,1.0670256898862762
5181,1.0760085971068714,1.0734668388019735,1.0686445817965717
5182,1.0760085971068714,1.0740825932774682,1.0705529415872013
5183,1.0760085971068714,1.074200896557181,1.0699601345216383
5184,1.0760085971068714,1.0741930224087486,1.0680645298458666
5185,1.0760085971068714,1.0741285009474313,1.0690123798216011
5186,1.0760085971068714,1.0742704020178981,1.069012240405651
5187,1.0760085971068714,1.074462930029356,1.070507801897626
5188,1.0760085971068714,1.07465801736943,1.0708999631306109
5189,1.0760085971068714,1.0747465555325242,1.0696228607804317
5190,1.0760085971068714,1.0748080111408427,1.0722456236201214
5191,1.0760085971068714,1.0746094132091528,1.0677138949444647
5192,1.0760085971068714,1.0744779068981127,1.064181158838824
5193,1.0760085971068714,1.0748613188131653,1.0729844873778962
5194,1.0760085971068714,1.0748028885049776,1.0716881475685676
5195,1.0760085971068714,1.074487438750079,1.0667611337646283
5196,1.0760085971068714,1.0742159158849116,1.0676791538347628
5197,1.0760085971068714,1.074107615456916,1.070724935880467
5198,1.0760085971068714,1.0740526470601603,1.0693154721294316
5199,1.0760085971068714,1.0735164382152187,1.0680670980621187
5200,1.0760085971068714,1.0728264885969427,1.058414164312261
5201,1.0760085971068714,1.0727035070632152,1.066671996280324
5202,1.0760085971068714,1.0725278323939995,1.057215227843096
5203,1.0760085971068714,1.073328724352802,1.0686831550899845
5204,1.0760085971068714,1.0735181613074125,1.0676162294343472
5205,1.0760085971068714,1.073573374826705,1.070541228313952
5206,1.0760085971068714,1.0741784624322313,1.070878847666848
5207,1.0760085971068714,1.074248279982458,1.070864359353714
5208,1.0760085971068714,1.074228536147042,1.0697691302087233
5209,1.0760085971068714,1.0742010900859364,1.068760586397213
5210,1.0760085971068714,1.0741352953219845,1.0701525390272573
5211,1.0760085971068714,1.074105434115993,1.068409850506984
5212,1.0760085971068714,1.074277950715689,1.0683996640221372
5213,1.0760085971068714,1.0740776791095845,1.0631004104976185
5214,1.0760085971068714,1.0740193322848584,1.0519901233832698
5215,1.0760085971068714,1.0743524027343614,1.0677576605016803
5216,1.0760085971068714,1.0744467566469766,1.070253581910776
5217,1.0760085971068714,1.0747822698230325,1.0694885369183567
5218,1.0760085971068714,1.074569194090897,1.071052423924106
5219,1.0760085971068714,1.0744918535325774,1.0707125527224621
5220,1.0760085971068714,1.0742544937789853,1.0714180579931534
5221,1.0760085971068714,1.0741909890207986,1.06564385684026
5222,1.0760085971068714,1.0742375079727067,1.0697517297494743
5223,1.0760085971068714,1.0742328111140287,1.0705094022109929
5224,1.0760085971068714,1.0739428112105325,1.0698792586289332
5225,1.0760085971068714,1.0738555567590737,1.0691357938036545
5226,1.0760085971068714,1.0736435402537414,1.0644497758880167
5227,1.0760085971068714,1.073744989899722,1.0675962069619391
5228,1.0760085971068714,1.0735249029377962,1.0682278138436767
5229,1.0760085971068714,1.0734135673572474,1.062410596341537
5230,1.0760085971068714,1.073832492952623,1.0637614119552268
5231,1.0760085971068714,1.0736940371461918,1.0697975856893898
5232,1.0760085971068714,1.0741449885486316,1.067674725154808
5233,1.0760085971068714,1.0741881303944085,1.0704210251233002
5234,1.0760085971068714,1.074108099231406,1.0709891544804386
5235,1.0760085971068714,1.073851999109358,1.0697512686735986
5236,1.0760085971068714,1.0740864230944935,1.0715728153371966
5237,1.0760085971068714,1.0742075044055406,1.0707763316620482
5238,1.0760085971068714,1.0743514118292712,1.0704202455217744
5239,1.0760085971068714,1.074495164927226,1.0721961395936581
5240,1.0760085971068714,1.0747113880527723,1.0719471030024328
5241,1.0760085971068714,1.0750443566089731,1.0714508080656087
5242,1.0760085971068714,1.074760377002443,1.0703072179623543
5243,1.0760085971068714,1.0746554296387651,1.0707346495226175
5244,1.0760085971068714,1.0746117025851678,1.068110577998344
5245,1.0760085971068714,1.0746385795625366,1.0717514250406532
5246,1.0760085971068714,1.074823365885319,1.0725298737141495
5247,1.0760085971068714,1.0747060792130256,1.0703488000025054
5248,1.0760085971068714,1.0744315657520749,1.070440525194467
5249,1.0760085971068714,1.0742588935635364,1.0691014870863338
5250,1.0760085971068714,1.074302869853299,1.071003286265919
5251,1.0760085971068714,1.0741013974456484,1.070089920044992
5252,1.0760085971068714,1.0738504601289192,1.065663855347761
5253,1.0760085971068714,1.0737245645513618,1.0662459166111726
5254,1.0760085971068714,1.0733207290211753,1.065874995489918
5255,1.0760085971068714,1.0734970545896902,1.0661301878398053
5256,1.0760085971068714,1.07327793475541,1.0681922311468912
5257,1.0760085971068714,1.0734240864745552,1.0694552011470213
5258,1.0760085971068714,1.0738244973093396,1.0703132111315
5259,1.0760085971068714,1.0739842485044222,1.0704276685940535
5260,1.0760085971068714,1.0741144183015516,1.0696077567830358
5261,1.0760085971068714,1.074304872111184,1.0669771775800723
5262,1.0760085971068714,1.0744055546348255,1.0697395641427145
5263,1.0760085971068714,1.074029253056221,1.0676381513267055
5264,1.0760085971068714,1.073816276588673,1.0691020869506365
5265,1.0760085971068714,1.0733070218325094,1.0609282979265062
5266,1.0760085971068714,1.0730504268747278,1.0644362120966495
5267,1.0760085971068714,1.0737912537465706,1.0683450793159408
5268,1.0760085971068714,1.0741213048949962,1.0701455211745037
5269,1.0760085971068714,1.0745068484452698,1.0715981367345602
5270,1.0760085971068714,1.0748234389297915,1.0721689762357487
5271,1.0760085971068714,1.0751164065022119,1.0715023211379706
5272,1.0760085971068714,1.074974095030278,1.0709367821664417
5273,1.0760085971068714,1.0744702351729223,1.0623333960712613
5274,1.0760085971068714,1.074413181338913,1.0711201051798935
5275,1.0760085971068714,1.074209461948567,1.0714898892808278
5276,1.0760085971068714,1.0743509653539647,1.0695352103170053
5277,1.0760085971068714,1.0741503420715164,1.0588420004221901
5278,1.0760085971068714,1.0742811509678463,1.0710638582739895
5279,1.0760085971068714,1.0745991781769126,1.0667214551413626
5280,1.0760085971068714,1.0745605365785302,1.0696057754033246
5281,1.0760085971068714,1.074846545834571,1.0722228611764821
5282,1.0760085971068714,1.0747431804304473,1.072399613095675
5283,1.0760085971068714,1.0745356691487082,1.0695831097536794
5284,1.0760085971068714,1.0742057757549701,1.0643748604367267
5285,1.0760085971068714,1.073726299459937,1.0620996229528066
5286,1.0760085971068714,1.0738305992209636,1.0692009472581852
5287,1.0760085971068714,1.0735103662574448,1.0677156184901528
5288,1.0760085971068714,1.0733639334276535,1.0621869665711197
5289,1.0760085971068714,1.0727196993945396,1.0565273347193949
5290,1.0760085971068714,1.0730263576006311,1.0654637223984704
5291,1.0760085971068714,1.073390066857153,1.0656919558702787
5292,1.0760085971068714,1.0734373034134341,1.068152199913093
5293,1.0760085971068714,1.0732841270283984,1.0687497408649378
5294,1.0760085971068714,1.0735337436719299,1.0666714778706505
5295,1.0760085971068714,1.07367510826907,1.0672086292792544
5296,1.0760085971068714,1.0739690962244095,1.071155990963713
5297,1.0760085971068714,1.0743307342404556,1.0713410664212306
5298,1.0760085971068714,1.0746736478320276,1.0716619725366425
5299,1.0760085971068714,1.0746887082441237,1.0712371250381671
5300,1.0760085971068714,1.0746959127855384,1.0701453714026292
5301,1.0760085971068714,1.0740736998701998,1.068949809714045
5302,1.0760085971068714,1.0737405536389573,1.0658607117927956
5303,1.0760085971068714,1.0737531560566416,1.0676352496319055
5304,1.0760085971068714,1.0733374767581234,1.0646037687291736
5305,1.0760085971068714,1.0734634577756235,1.068593911395255
5306,1.0760085971068714,1.0736865924499248,1.0680285928606719
5307,1.0760085971068714,1.0736540976327607,1.0674855965056667
5308,1.0760085971068714,1.073607676789139,1.0691354450153403
5309,1.0760085971068714,1.0737484340270955,1.068832898208321
5310,1.0760085971068714,1.0740012516493305,1.063915751759286
5311,1.0760085971068714,1.0734392504777948,1.0645410801590498
5312,1.0760085971068714,1.0742013835000603,1.0697834134183295
5313,1.0760085971068714,1.074917590974273,1.0727707690675616
5314,1.0760085971068714,1.0750126907027893,1.0719390536809157
5315,1.0760085971068714,1.0749739479526688,1.0722268166777444
5316,1.0760085971068714,1.0749563013119974,1.0710510958853001
5317,1.0760085971068714,1.0748227198545641,1.0719433942913767
5318,1.0760085971068714,1.0748242115168896,1.0731743317081714
5319,1.0760085971068714,1.0749212368686474,1.0646827913301307
5320,1.0760085971068714,1.0751073065147987,1.0722423975879496
5321,1.0760085971068714,1.075192158264109,1.0715815872205277
5322,1.0760085971068714,1.0750040120788993,1.072880497322393
5323,1.0760085971068714,1.074869488769987,1.0689128549809712
5324,1.0760085971068714,1.0746169450793612,1.0715741232514426
5325,1.0760085971068714,1.0746435067910076,1.0723090424731672
5326,1.0760085971068714,1.0746491072644957,1.0717321381536982
5327,1.0760085971068714,1.074817584469526,1.0722736647930344
5328,1.0760085971068714,1.0747003153794332,1.0638741397944829
5329,1.0760085971068714,1.0747033550620484,1.0723911080908652
5330,1.0760085971068714,1.0745699244244336,1.0692067526095128
5331,1.0760085971068714,1.0745885999149885,1.0718148655682906
5332,1.0760085971068714,1.0747250346371486,1.070196855356017
5333,1.0760085971068714,1.074362025151451,1.069659044307658
5334,1.0760085971068714,1.0744524915166793,1.070841155125748
5335,1.0760085971068714,1.0744528624050678,1.066907768536161
5336,1.0760085971068714,1.0743388759514483,1.0695805912423508
5337,1.0760085971068714,1.074482242998935,1.0714064110738133
5338,1.0760085971068714,1.0746756240084923,1.0707632096643471
5339,1.0760085971068714,1.07439807765891,1.0670878521340321
5340,1.0760085971068714,1.0742793115424893,1.068607700423743
5341,1.0760085971068714,1.074345049785606,1.0698818586184702
5342,1.0760085971068714,1.07397850160773,1.0683470969116537
5343,1.0760085971068714,1.0742094132733209,1.0682906458746924
5344,1.0760085971068714,1.0739531241496025,1.0676284951235255
5345,1.0760085971068714,1.0740322264717421,1.0678946032812358
5346,1.0760085971068714,1.0737872754459794,1.0712652925772277
5347,1.0760085971068714,1.0735335827113632,1.0658848330944048
5348,1.0760085971068714,1.073478007050528,1.0672287898318493
5349,1.0760085971068714,1.0740671207142567,1.0706926766714924
5350,1.0760085971068714,1.074352212519731,1.0706802137144162
5351,1.0760085971068714,1.0743592967433344,1.0703599978822989
5352,1.0760085971068714,1.0741513564364717,1.0692091119926577
5353,1.0760085971068714,1.0741073042383127,1.07112892858379
5354,1.0760085971068714,1.074090231779389,1.0707008743833268
5355,1.0760085971068714,1.0740714735234114,1.0674632525058996
5356,1.0760085971068714,1.0742762804115147,1.0646165918478943
5357,1.0760085971068714,1.0748464258804455,1.0705268401991237
5358,1.0760085971068714,1.0744560759671198,1.0696418673393553
5359,1.0760085971068714,1.0745194200581603,1.0645866299745208
5360,1.0760085971068714,1.0743470504755162,1.064716979564757
5361,1.0760085971068714,1.074115848758111,1.064210784930577
5362,1.0760085971068714,1.0740238542106295,1.06581039445792
5363,1.0760085971068714,1.0742069888039065,1.0703318972759321
5364,1.0760085971068714,1.0744710582274548,1.0709911451856153
5365,1.0760085971068714,1.0744397388364835,1.0709059709333717
5366,1.0760085971068714,1.0744550858063016,1.0720383418714945
5367,1.0760085971068714,1.074033041814784,1.0644763323431343
5368,1.0760085971068714,1.073055491447822,1.0539791196930908
5369,1.0760085971068714,1.0732204455305616,1.0611581253374054
5370,1.0760085971068714,1.0735905801170957,1.0631717170589376
5371,1.0760085971068714,1.0731501191422366,1.0614266741076264
5372,1.0760085971068714,1.0729063078362422,1.0587472852929665
5373,1.0760085971068714,1.0728090253354177,1.0576447822977222
5374,1.0760085971068714,1.0721151712884738,1.0650112062827528
5375,1.0760085971068714,1.0725511507348526,1.0644230556892782
5376,1.0760085971068714,1.07238917972474,1.0648725861459385
5377,1.0760085971068714,1.0729331505835198,1.0572030821055005
5378,1.0760085971068714,1.0730609852412776,1.0657075407955863
5379,1.0760085971068714,1.0732447543550083,1.0642574756978296
5380,1.0760085971068714,1.073414112793786,1.06791973250784
5381,1.0760085971068714,1.0735450465198753,1.0655111394584027
5382,1.0760085971068714,1.073478695043911,1.0698064106961485
5383,1.0760085971068714,1.0738980515027254,1.0697886257004234
5384,1.0760085971068714,1.0739526702238078,1.0695176340354402
5385,1.0760085971068714,1.0741184938572015,1.070755913862334
5386,1.0760085971068714,1.0742776587054412,1.0708757742499468
5387,1.0760085971068714,1.0744899052127017,1.0712058266514184
5388,1.0760085971068714,1.0745126695844174,1.0721034872962776
5389,1.0760085971068714,1.074579774156576,1.0721201267259628
5390,1.0760085971068714,1.0749370438245291,1.0718281068417834
5391,1.0760085971068714,1.0747309896473567,1.0705373549049817
5392,1.0760085971068714,1.0746853754392058,1.0713120316411207
5393,1.0760085971068714,1.0747459671028012,1.072012463328101
5394,1.0760085971068714,1.0743715847462405,1.0692823778480016
5395,1.0760085971068714,1.0745567010716162,1.0703316583523332
5396,1.0760085971068714,1.0744518605837923,1.066701767478163
5397,1.0760085971068714,1.0743951774650642,1.0666484925896504
5398,1.0760085971068714,1.0741247573959247,1.0668868652243826
5399,1.0760085971068714,1.0738210942430888,1.0700878622587249
5400,1.0760085971068714,1.0738432657006707,1.0685031912338798
5401,1.0760085971068714,1.074081743026926,1.0689041840657898
5402,1.0760085971068714,1.074148717860872,1.069936266166843
5403,1.0760085971068714,1.0741159168601024,1.0647108737467548
5404,1.0760085971068714,1.0738080710115796,1.0630573058415738
5405,1.0760085971068714,1.0735606941457254,1.0660992274772707
5406,1.0760085971068714,1.0738475494630555,1.0610603699671233
5407,1.0760085971068714,1.0740597059496337,1.0693526265196294
5408,1.0760085971068714,1.0738643538600647,1.0661137911949097
5409,1.0760085971068714,1.0738605159773724,1.0702762320629626
5410,1.0760085971068714,1.0740034290875036,1.0716981760216502
5411,1.0760085971068714,1.0740019787503614,1.0711508699779047
5412,1.0760085971068714,1.0742966863498362,1.068300133928187
5413,1.0760085971068714,1.0742128997131999,1.0698307454255347
5414,1.0760085971068714,1.0743023652002233,1.068334518890476
5415,1.0760085971068714,1.0743947101723679,1.0714752746054097
5416,1.0760085971068714,1.0744457664796039,1.067528788642575
5417,1.0760085971068714,1.0743544848462703,1.0706145646842429
5418,1.0760085971068714,1.0740065647993677,1.0697596062163734
5419,1.0760085971068714,1.0739561998940192,1.068909835311566
5420,1.0760085971068714,1.0734536024785368,1.0684141390562722
5421,1.0760085971068714,1.073472376161267,1.0704329128346242
5422,1.0760085971068714,1.073982143581276,1.0686666737560684
5423,1.0760085971068714,1.0739907511408326,1.0636174036975383
5424,1.0760085971068714,1.0739472085913564,1.0691426789192495
5425,1.0760085971068714,1.0740478519002261,1.0710613640150208
5426,1.0760085971068714,1.0741951816629145,1.0706654432643399
5427,1.0760085971068714,1.07405952506838,1.0654601061729543
5428,1.0760085971068714,1.0739262691951412,1.0694272094894606
5429,1.0760085971068714,1.0734088704391056,1.0614411866756615
5430,1.0760085971068714,1.074191759191932,1.0652442060639222
5431,1.0760085971068714,1.0744542575844802,1.066539409546055
5432,1.0760085971068714,1.0744004911488494,1.06718676032451
5433,1.0760085971068714,1.074400111687654,1.0679009206096022
5434,1.0760085971068714,1.0744190209874718,1.0715994369073587
5435,1.0760085971068714,1.074639160339771,1.0721924766661841
5436,1.0760085971068714,1.0746793948784348,1.0707732344830472
5437,1.0760085971068714,1.0744915592066855,1.0677875513349608
5438,1.0760085971068714,1.0744739015796505,1.0647326619080801
5439,1.0760085971068714,1.0743579616203178,1.0683561609555086
5440,1.0760085971068714,1.0744523841418883,1.0692802882322152
5441,1.0760085971068714,1.074296943888022,1.0677442628141869
5442,1.0760085971068714,1.0735951070423493,1.0681222003151998
5443,1.0760085971068714,1.073632193396082,1.0638405386652172
5444,1.0760085971068714,1.073633645467502,1.06061606127144
5445,1.0760085971068714,1.0734614275629357,1.066273939820539
5446,1.0760085971068714,1.0736687941052436,1.067664139926627
5447,1.0760085971068714,1.073912613242407,1.0703651703241857
5448,1.0760085971068714,1.074004368454869,1.070778058763678
5449,1.0760085971068714,1.0740801566017544,1.0675011480117422
5450,1.0760085971068714,1.0742510828117469,1.0696786517703423
5451,1.0760085971068714,1.074422839294176,1.071042392122921
5452,1.0760085971068714,1.0743755400437947,1.0711054286053412
5453,1.0760085971068714,1.0744116412734592,1.0706732453580987
5454,1.0760085971068714,1.0744359187717512,1.0683817088728649
5455,1.0760085971068714,1.0749164603188692,1.0713418168908524
5456,1.0760085971068714,1.074951740482814,1.0717227893829597
5457,1.0760085971068714,1.0744699074879986,1.0653791746670052
5458,1.0760085971068714,1.0747928583325632,1.0730028796966835
5459,1.0760085971068714,1.074718110595589,1.0696347907994237
5460,1.0760085971068714,1.0750168235465472,1.0718562434872134
5461,1.0760085971068714,1.0749786228893137,1.0723497883588138
5462,1.0760085971068714,1.0747649821765248,1.0691754507915308
5463,1.0760085971068714,1.0745787570567205,1.0701215942856002
5464,1.0760085971068714,1.0744589071834205,1.0664832655330903
5465,1.0760085971068714,1.0742045167141974,1.0696854053881366
5466,1.0760085971068714,1.0737792094169747,1.0655931731519073
5467,1.0760085971068714,1.073568766223152,1.067556507000176
5468,1.0760085971068714,1.0735253546691435,1.0662362015404283
5469,1.0760085971068714,1.0739525262720973,1.070650612407467
5470,1.0760085971068714,1.0742089386208844,1.0716322873904283
5471,1.0760085971068714,1.0741249074119452,1.0699522278800182
5472,1.0760085971068714,1.0739356149727741,1.0686421255797764
5473,1.0760085971068714,1.074227653403809,1.071592817584897
5474,1.0760085971068714,1.0737656744372144,1.0649521035617464
5475,1.0760085971068714,1.0738623518465087,1.0688424663073162
5476,1.0760085971068714,1.073961424034311,1.0689051881328437
5477,1.0760085971068714,1.0739377328854909,1.070233616002794
5478,1.0760085971068714,1.0739510676383985,1.0674080203417107
5479,1.0760085971068714,1.0740294496772982,1.06968548571798
5480,1.0760085971068714,1.0740052205204342,1.0707820682613418
5481,1.0760085971068714,1.073923949182535,1.0689184774553913
5482,1.0760085971068714,1.073979793018165,1.0686293343449678
5483,1.0760085971068714,1.0742934936244626,1.069114226454826
5484,1.0760085971068714,1.0742317740871155,1.0708568747324536
5485,1.0760085971068714,1.0742577735067242,1.0691066371050209
5486,1.0760085971068714,1.0741934795128718,1.066695748067751
5487,1.0760085971068714,1.0738798291133005,1.0711605692932364
5488,1.0760085971068714,1.0736940001605932,1.0704696144859858
5489,1.0760085971068714,1.0736235667114444,1.070368841522367
5490,1.0760085971068714,1.0736752983682267,1.0676231821950155
5491,1.0760085971068714,1.0736936679272968,1.0603051687605236
5492,1.0760085971068714,1.0739515590492084,1.0674231982532194
5493,1.0760085971068714,1.0735800467580396,1.0691339355111438
5494,1.0760085971068714,1.0737760907238936,1.0694682237643298
5495,1.0760085971068714,1.0740535563030633,1.066847528438906
5496,1.0760085971068714,1.0741430831938643,1.0692677888707836
5497,1.0760085971068714,1.0741227008850687,1.0707068067229364
5498,1.0760085971068714,1.0744029752851372,1.0716032044822763
5499,1.0760085971068714,1.0742907171696692,1.0720393682313607
5500,1.0760085971068714,1.0742765952246085,1.071284910625089
5501,1.0760085971068714,1.074446118717427,1.072531129969439
5502,1.0760085971068714,1.0743722245158036,1.0688176644880139
5503,1.0760085971068714,1.0743221084986678,1.0707065462156966
5504,1.0760085971068714,1.0743997444992643,1.0694441224363493
5505,1.0760085971068714,1.0740666670452677,1.0661870257436932
5506,1.0760085971068714,1.073864108206082,1.070837081564909
5507,1.0760085971068714,1.074411091212638,1.0670891059451966
5508,1.0760085971068714,1.0740311971066938,1.067308036061525
5509,1.0760085971068714,1.073862311633064,1.070059955329145
5510,1.0760085971068714,1.0742014380402656,1.0703305766196713
5511,1.0760085971068714,1.0741544511222982,1.0716944826452897
5512,1.0760085971068714,1.0742989415166815,1.0722874775798998
5513,1.0760085971068714,1.0745965253699945,1.072046731695048
5514,1.0760085971068714,1.0747898175840367,1.0716604970801025
5515,1.0760085971068714,1.0747524001523936,1.0725909343004818
5516,1.0760085971068714,1.0750004146452172,1.0736905775873693
5517,1.0760085971068714,1.0749157093945332,1.0709681703091056
5518,1.0760085971068714,1.0748510779231186,1.073001129780217
5519,1.0760085971068714,1.075130610550672,1.0734617591296165
5520,1.0760085971068714,1.0752191109236138,1.0733882171150706
5521,1.0760085971068714,1.0749831420639564,1.0700192673220006
5522,1.0760085971068714,1.0745964088681688,1.0712199010161916
5523,1.0760085971068714,1.0742854471311944,1.0654382662514363
5524,1.0760085971068714,1.0742410057151646,1.0698843377036336
5525,1.0760085971068714,1.0739118893434312,1.069637812270052
5526,1.0760085971068714,1.0735777559155297,1.0608980395956111
5527,1.0760085971068714,1.0737141556099201,1.0690756434505435
5528,1.0760085971068714,1.0736541045450372,1.070557618660657
5529,1.0760085971068714,1.0736645988793112,1.0619806813956927
5530,1.0760085971068714,1.0731624936565307,1.0684360600110936
5531,1.0760085971068714,1.0738040040461292,1.0697312781707744
5532,1.0760085971068714,1.0737355284309593,1.067294251582698
5533,1.0760085971068714,1.0737020073299852,1.0642687282016188
5534,1.0760085971068714,1.0737536151677078,1.0708867852214454
5535,1.0760085971068714,1.0742538802289399,1.0697107403343127
5536,1.0760085971068714,1.074007461952534,1.0669433639709036
5537,1.0760085971068714,1.0744491146604525,1.068537283651409
5538,1.0760085971068714,1.074469219169622,1.0699248522726452
5539,1.0760085971068714,1.0742413913035491,1.0686204543212767
5540,1.0760085971068714,1.0738665286818887,1.0679430444520495
5541,1.0760085971068714,1.0738769256143526,1.0664214106199537
5542,1.0760085971068714,1.0739507667868415,1.0672051266154272
5543,1.0760085971068714,1.0736302962037598,1.0694220588585348
5544,1.0760085971068714,1.073982904094585,1.066776430813519
5545,1.0760085971068714,1.0739490548152595,1.0701307287738093
5546,1.0760085971068714,1.073774666066764,1.0690169679212964
5547,1.0760085971068714,1.0738547494963582,1.0676859989507546
5548,1.0760085971068714,1.073889460438802,1.0616973163604717
5549,1.0760085971068714,1.0737205446503475,1.0659364141134344
5550,1.0760085971068714,1.0739324829720807,1.069338270954997
5551,1.0760085971068714,1.0740285990337526,1.068989312819549
5552,1.0760085971068714,1.0740699762127606,1.0670492354686614
5553,1.0760085971068714,1.0740144357757146,1.0680373494359983
5554,1.0760085971068714,1.0738693541999902,1.0618545946032878
5555,1.0760085971068714,1.0737597244267374,1.0688715245107783
5556,1.0760085971068714,1.0736188334396706,1.0694129636894492
5557,1.0760085971068714,1.0740317570039501,1.0711223369623828
5558,1.0760085971068714,1.0746263811526109,1.0717024649253843
5559,1.0760085971068714,1.0746912378219833,1.0717331591967612
5560,1.0760085971068714,1.0748020596463972,1.0716052346065315
5561,1.0760085971068714,1.0747350649599376,1.070970392010445
5562,1.0760085971068714,1.0745416479916092,1.0706576191109392
5563,1.0760085971068714,1.0744915323045177,1.0714381832553437
5564,1.0760085971068714,1.07448657671665,1.0704464065049009
5565,1.0760085971068714,1.0741335930911264,1.0687688730308096
5566,1.0760085971068714,1.074185230979347,1.0684995991237234
5567,1.0760085971068714,1.074075021418237,1.0622616078509788
5568,1.0760085971068714,1.0743308136078276,1.0712314246088477
5569,1.0760085971068714,1.07416658876502,1.0675319874229903
5570,1.0760085971068714,1.074087442179111,1.0702585568817589
5571,1.0760085971068714,1.073893830834672,1.0678604936630771
5572,1.0760085971068714,1.0741888162926747,1.069408354352405
5573,1.0760085971068714,1.0743860743386666,1.0702401172232279
5574,1.0760085971068714,1.0742979174533571,1.070873478875712
5575,1.0760085971068714,1.0744182964297229,1.0713035361285066
5576,1.0760085971068714,1.074374304842235,1.070453424531986
5577,1.0760085971068714,1.0743734068374318,1.072051486488504
5578,1.0760085971068714,1.0745570489737064,1.0693191397512087
5579,1.0760085971068714,1.0747724198491875,1.0712757116423055
5580,1.0760085971068714,1.0746842314008729,1.0711726022463073
5581,1.0760085971068714,1.0743096654672712,1.0677153734134182
5582,1.0760085971068714,1.0738387244044196,1.0651010525028841
5583,1.0760085971068714,1.0736304118906772,1.0673988347122805
5584,1.0760085971068714,1.0737505076486336,1.0566874333871983
5585,1.0760085971068714,1.0735086696480367,1.0643874833680267
5586,1.0760085971068714,1.073118984963987,1.066667413903637
5587,1.0760085971068714,1.0736425169001813,1.0692010680785147
5588,1.0760085971068714,1.0737775539171024,1.06895006775994
5589,1.0760085971068714,1.0736145605585208,1.0692528404551425
5590,1.0760085971068714,1.073925524783017,1.0705411499849322
5591,1.0760085971068714,1.0741588879101558,1.0711630304164423
5592,1.0760085971068714,1.0743966667072038,1.0654617345500434
5593,1.0760085971068714,1.0745506266258464,1.070779517040428
5594,1.0760085971068714,1.074632467921254,1.0687945264118124
5595,1.0760085971068714,1.0745357372639308,1.0706652373534733
5596,1.0760085971068714,1.0744786138329459,1.0691241357748744
5597,1.0760085971068714,1.074286578110773,1.0670650774040753
5598,1.0760085971068714,1.0745831236080898,1.0712725515675143
5599,1.0760085971068714,1.074296718073049,1.070218127721352
5600,1.0760085971068714,1.0748041642036719,1.0713672783601287
5601,1.0760085971068714,1.074839002969923,1.0710008320345366
5602,1.0760085971068714,1.0745067647564535,1.070664622254384
5603,1.0760085971068714,1.0741016165026291,1.069165115514972
5604,1.0760085971068714,1.07412851321325,1.0668604392415215
5605,1.0760085971068714,1.0742026570287684,1.0704736939015858
5606,1.0760085971068714,1.0741221064711235,1.066485245139986
5607,1.0760085971068714,1.073820659592684,1.068462891620987
5608,1.0760085971068714,1.073931253792206,1.070827689622105
5609,1.0760085971068714,1.0739303108849618,1.0682536108598057
5610,1.0760085971068714,1.074051275310566,1.0693000944462048
5611,1.0760085971068714,1.0742209054512648,1.0689989718039379
5612,1.0760085971068714,1.0743540576044768,1.06521915921166
5613,1.0760085971068714,1.0745891921601467,1.072335104179615
5614,1.0760085971068714,1.0747289877102215,1.0697613480839987
5615,1.0760085971068714,1.074884070583928,1.070350175794441
5616,1.0760085971068714,1.0745588192017654,1.0715589108410635
5617,1.0760085971068714,1.0744820568127955,1.071719256296872
5618,1.0760085971068714,1.0750089863799368,1.071276066525173
5619,1.0760085971068714,1.074791954496435,1.0709220706882177
5620,1.0760085971068714,1.0743276801164168,1.0680710866998675
5621,1.0760085971068714,1.0739305422393857,1.064669774919739
5622,1.0760085971068714,1.0738872308518363,1.0691527889650903
5623,1.0760085971068714,1.073781291497806,1.0625442679402053
5624,1.0760085971068714,1.0741781624376432,1.0628338776316257
5625,1.0760085971068714,1.0744626975337348,1.072478918930976
5626,1.0760085971068714,1.0744694117777351,1.0695011180594385
5627,1.0760085971068714,1.074291221681206,1.070156720593383
5628,1.0760085971068714,1.074224249315422,1.0696044848665913
5629,1.0760085971068714,1.0741406000351028,1.068333078248748
5630,1.0760085971068714,1.0740088045194969,1.0679451372839308
5631,1.0760085971068714,1.074455189140044,1.0716571682162968
5632,1.0760085971068714,1.07466809079514,1.070330160661897
5633,1.0760085971068714,1.0749567781455784,1.0717100676434235
5634,1.0760085971068714,1.0748377288011086,1.07254192786018
5635,1.0760085971068714,1.0748737856264328,1.0715399577531248
5636,1.0760085971068714,1.0749106459439934,1.07131579496507
5637,1.0760085971068714,1.0748462903856468,1.0664957686663934
5638,1.0760085971068714,1.07482368098216,1.0720997310808138
5639,1.0760085971068714,1.074958976207152,1.0714012509015434
5640,1.0760085971068714,1.0749569705790203,1.0720184664784997
5641,1.0760085971068714,1.0749807431698009,1.0731052508339893
5642,1.0760085971068714,1.0748633345529823,1.0726761243607685
5643,1.0760085971068714,1.0746240212287714,1.0701829054226524
5644,1.0760085971068714,1.0743207963204113,1.0716189427177978
5645,1.0760085971068714,1.0745679137210267,1.0722285369265907
5646,1.0760085971068714,1.0744546837781515,1.0716950221150578
5647,1.0760085971068714,1.0744295499246568,1.0700114132811323
5648,1.0760085971068714,1.0742793784331939,1.0698735832585533
5649,1.0760085971068714,1.0740072613149834,1.0707906706393482
5650,1.0760085971068714,1.0740105633346775,1.067579996226347
5651,1.0760085971068714,1.0741346579023516,1.0689588035451787
5652,1.0760085971068714,1.0740921236870946,1.0694608063143252
5653,1.0760085971068714,1.0743157366696725,1.0676569006274255
5654,1.0760085971068714,1.074225320601436,1.069318562661464
5655,1.0760085971068714,1.0745790930903565,1.0715492940946831
5656,1.0760085971068714,1.0746047126924299,1.0688243226346323
5657,1.0760085971068714,1.0747440687155811,1.07128841584797
5658,1.0760085971068714,1.0749811574956627,1.0712057081416706
5659,1.0760085971068714,1.0750597624372908,1.071963780378012
5660,1.0760085971068714,1.0749036530538512,1.0693594134392141
5661,1.0760085971068714,1.074918631576011,1.0725855042651415
5662,1.0760085971068714,1.0747284147426157,1.0714205150772247
5663,1.0760085971068714,1.0749057606483028,1.072197562608567
5664,1.0760085971068714,1.0749432961342353,1.0719176589028565
5665,1.0760085971068714,1.0749669561344577,1.071626719422159
5666,1.0760085971068714,1.0748273656658454,1.0713061011323444
5667,1.0760085971068714,1.0749343366613575,1.0708476935130193
5668,1.0760085971068714,1.0748867323934597,1.069569540947344
5669,1.0760085971068714,1.0749001699946092,1.0720598849169027
5670,1.0760085971068714,1.0748861867505353,1.0701988619249385
5671,1.0760085971068714,1.074931542997402,1.0723540124243298
5672,1.0760085971068714,1.074993869439873,1.0712682748049724
5673,1.0760085971068714,1.0748471090328555,1.070820192414863
5674,1.0760085971068714,1.0744760918240552,1.0711592375561085
5675,1.0760085971068714,1.0745581078316797,1.071086607118139
5676,1.0760085971068714,1.0747233800444524,1.06876012967443
5677,1.0760085971068714,1.0747237161915602,1.06656921133133
5678,1.0760085971068714,1.0747781887416668,1.0710370880738893
5679,1.0760085971068714,1.0747434369679865,1.0706175033359373
5680,1.0760085971068714,1.0745665310406856,1.0703522730829207
5681,1.0760085971068714,1.074206348015139,1.0678669598056583
5682,1.0760085971068714,1.0738526325707676,1.067418239922921
5683,1.0760085971068714,1.0737404577889818,1.0607121067724121
5684,1.0760085971068714,1.073277778780085,1.0648822349682343
5685,1.0760085971068714,1.0727550688009502,1.0648596589945942
5686,1.0760085971068714,1.0728513833175837,1.0643371574529035
5687,1.0760085971068714,1.0735087768665168,1.0655639110828976
5688,1.0760085971068714,1.0735039781826425,1.0644033357478853
5689,1.0760085971068714,1.0737977805012686,1.0675606967855105
5690,1.0760085971068714,1.073813343534131,1.065143505764399
5691,1.0760085971068714,1.0741625419170358,1.070293364116482
5692,1.0760085971068714,1.074642452136832,1.0717981798204412
5693,1.0760085971068714,1.074312225919953,1.0615864833027366
5694,1.0760085971068714,1.0742306022564558,1.0668359899075224
5695,1.0760085971068714,1.0743417799764798,1.070156516203468
5696,1.0760085971068714,1.07444661666002,1.0712211000336862
5697,1.0760085971068714,1.0745233731975061,1.0705055071716179
5698,1.0760085971068714,1.074747644473029,1.0720903946111677
5699,1.0760085971068714,1.0744353563209634,1.0710370418541872
5700,1.0760085971068714,1.0742804361857903,1.0686445985566277
5701,1.0760085971068714,1.074023785677088,1.0706515646126096
5702,1.0760085971068714,1.0741744943805174,1.0708916892482339
5703,1.0760085971068714,1.074337736620231,1.0700494296500813
5704,1.0760085971068714,1.0742454766241716,1.0714216056345114
5705,1.0760085971068714,1.074601332379833,1.0690808777410132
5706,1.0760085971068714,1.0743979528648289,1.0720342804144556
5707,1.0760085971068714,1.074272966592506,1.0715607470428656
5708,1.0760085971068714,1.0746613804725316,1.0723532330464676
5709,1.0760085971068714,1.0748788758079157,1.0725669721295914
5710,1.0760085971068714,1.0747112383314668,1.072111596130803
5711,1.0760085971068714,1.0747617406392873,1.0714826085176083
5712,1.0760085971068714,1.0746388191901697,1.0708922158102467
5713,1.0760085971068714,1.0747335976806474,1.0715016902865098
5714,1.0760085971068714,1.0749074018611564,1.0716689939739248
5715,1.0760085971068714,1.0746904897374407,1.0718172459894149
5716,1.0760085971068714,1.0747041406277817,1.0716498771611838
5717,1.0760085971068714,1.0746983601345408,1.0723600357582606
5718,1.0760085971068714,1.0748769358982735,1.0728568951782387
5719,1.0760085971068714,1.0748812808942265,1.072595190423411
5720,1.0760085971068714,1.0748627404556144,1.0721548756613632
5721,1.0760085971068714,1.0746095682046186,1.0716958118112516
5722,1.0760085971068714,1.0747562199474623,1.0696104992502287
5723,1.0760085971068714,1.0745776666025344,1.0713059604883097
5724,1.0760085971068714,1.0746040780021715,1.071168562872155
5725,1.0760085971068714,1.0746039785222274,1.071723528569391
5726,1.0760085971068714,1.074515242855551,1.0721838631261114
5727,1.0760085971068714,1.0746646711431103,1.0720975541238569
5728,1.0760085971068714,1.0746887446918576,1.0707851062117593
5729,1.0760085971068714,1.074322575115105,1.0699250454582123
5730,1.0760085971068714,1.0742819877023781,1.0708656606332485
5731,1.0760085971068714,1.0746287117804432,1.0702648980735558
5732,1.0760085971068714,1.074348634123632,1.0718780674405528
5733,1.0760085971068714,1.0746980003336228,1.0705738046958015
5734,1.0760085971068714,1.074720448479493,1.0724516558306114
5735,1.0760085971068714,1.0748248239180966,1.071218225945769
5736,1.0760085971068714,1.07474004761875,1.0720890623992954
5737,1.0760085971068714,1.0748656083499106,1.0715107952554659
5738,1.0760085971068714,1.074851464413571,1.0721975737006224
5739,1.0760085971068714,1.0748412571511745,1.0691093958785653
5740,1.0760085971068714,1.0745434930269453,1.0702221026059484
5741,1.0760085971068714,1.07453766597455,1.0689765929308102
5742,1.0760085971068714,1.074356861814792,1.0675130635246672
5743,1.0760085971068714,1.0739490535887974,1.0667256188596244
5744,1.0760085971068714,1.073744620816379,1.0669983615804588
5745,1.0760085971068714,1.0735699437579558,1.0691556774983113
5746,1.0760085971068714,1.0734178302898238,1.0681412941320108
5747,1.0760085971068714,1.073618433178522,1.0691168724509912
5748,1.0760085971068714,1.0739475932761655,1.0712204817733644
5749,1.0760085971068714,1.0744742486709267,1.0706576426979684
5750,1.0760085971068714,1.0744661652202856,1.0703404623213197
5751,1.0760085971068714,1.0741935121093729,1.0691740479431608
5752,1.0760085971068714,1.0742328540368402,1.0703806413462558
5753,1.0760085971068714,1.0746124952852765,1.0700192394083055
5754,1.0760085971068714,1.0744904165187084,1.0717748163324408
5755,1.0760085971068714,1.0746675545560607,1.0670103132449136
5756,1.0760085971068714,1.0743566638270017,1.0712343394551214
5757,1.0760085971068714,1.0745588493602267,1.0700270089571715
5758,1.0760085971068714,1.0742806894094685,1.0705540783446494
5759,1.0760085971068714,1.073996604369983,1.0654437275115254
5760,1.0760085971068714,1.073991093941275,1.0702138137108475
5761,1.0760085971068714,1.074123940827042,1.070138159427462
5762,1.0760085971068714,1.074352492032222,1.0713719922682419
5763,1.0760085971068714,1.0742696488792476,1.0714640248486589
5764,1.0760085971068714,1.0746555985696187,1.0720354839546047
5765,1.0760085971068714,1.074868890668892,1.0719672028601575
5766,1.0760085971068714,1.0750247818813499,1.0710328554825446
5767,1.0760085971068714,1.0748209468237804,1.0725128993372837
5768,1.0760085971068714,1.074948368616088,1.0717791429239225
5769,1.0760085971068714,1.0748325021924179,1.0694899424544482
5770,1.0760085971068714,1.074156601319166,1.0691540161289586
5771,1.0760085971068714,1.0741901526622173,1.067284936425287
5772,1.0760085971068714,1.0742383324569598,1.0681094071057777
5773,1.0760085971068714,1.0741803264004124,1.0674712576744723
5774,1.0760085971068714,1.0743250019310613,1.0708004046959536
5775,1.0760085971068714,1.0744507259430367,1.0718169238222137
5776,1.0760085971068714,1.0746468392643491,1.0702353620447227
5777,1.0760085971068714,1.0744436239880961,1.0710194256618215
5778,1.0760085971068714,1.0743194614871008,1.0713927678572817
5779,1.0760085971068714,1.0741043100894756,1.0695477213740134
5780,1.0760085971068714,1.073992001597813,1.071111695031426
5781,1.0760085971068714,1.0740386903373391,1.0712024242570402
5782,1.0760085971068714,1.0738451889888523,1.0694830639249409
5783,1.0760085971068714,1.0736644911641868,1.0696429720990972
5784,1.0760085971068714,1.074003932621862,1.0707807581033968
5785,1.0760085971068714,1.0741005948131133,1.0708622945184794
5786,1.0760085971068714,1.0742411329296226,1.0684623515509077
5787,1.0760085971068714,1.0744714068203052,1.0708492242922596
5788,1.0760085971068714,1.0741031720640786,1.0658880814273353
5789,1.0760085971068714,1.0742970334921162,1.0714388906093832
5790,1.0760085971068714,1.074074730742706,1.0704828243165623
5791,1.0760085971068714,1.0737507633087835,1.0641378145790323
5792,1.0760085971068714,1.0738575438326123,1.0688378076281373
5793,1.0760085971068714,1.0740152252326636,1.0649470234721927
5794,1.0760085971068714,1.0742842150952538,1.0670892269260128
5795,1.0760085971068714,1.0740544935578913,1.0706227760421656
5796,1.0760085971068714,1.0736435777700435,1.0605916931789905
5797,1.0760085971068714,1.0735051377068572,1.0666020970310193
5798,1.0760085971068714,1.0738874260190272,1.0691738233004713
5799,1.0760085971068714,1.0738525714490414,1.0652244590729243
5800,1.0760085971068714,1.0735547158325816,1.0668955023245204
5801,1.0760085971068714,1.0738537118031828,1.0653665276012467
5802,1.0760085971068714,1.0744924443969759,1.0716215285951527
5803,1.0760085971068714,1.0746932888771445,1.072246187528821
5804,1.0760085971068714,1.0748685259062793,1.0722714923272894
5805,1.0760085971068714,1.074735310332335,1.062126747058246
5806,1.0760085971068714,1.0746359593287418,1.0719503639579937
5807,1.0760085971068714,1.0750170727599866,1.0723646346746252
5808,1.0760085971068714,1.0748486779606552,1.0722232361409079
5809,1.0760085971068714,1.0749854098997538,1.072492548317416
5810,1.0760085971068714,1.0745279805961088,1.0700631926515336
5811,1.0760085971068714,1.0737962281231626,1.0602147237721424
5812,1.0760085971068714,1.0738457054043302,1.0660624883834102
5813,1.0760085971068714,1.0743287715316796,1.0679646917484207
5814,1.0760085971068714,1.0740842297880464,1.0682966673133634
5815,1.0760085971068714,1.0744991143005038,1.0717727910486754
5816,1.0760085971068714,1.074620948272572,1.071440627755865
5817,1.0760085971068714,1.0744710058588591,1.0706180369275349
5818,1.0760085971068714,1.0743521878506697,1.071231553112477
5819,1.0760085971068714,1.0745397692438197,1.0723076903085622
5820,1.0760085971068714,1.0746598304406905,1.0717143654450099
5821,1.0760085971068714,1.0747729756464688,1.0717177408466578
5822,1.0760085971068714,1.0746076855380189,1.068177196085292
5823,1.0760085971068714,1.0742325600583191,1.067300758920256
5824,1.0760085971068714,1.0739805544859937,1.0669207385314838
5825,1.0760085971068714,1.0740340094647234,1.0672207433224181
5826,1.0760085971068714,1.0736330088097135,1.0642842883186052
5827,1.0760085971068714,1.0740460021981206,1.069270493998058
5828,1.0760085971068714,1.0744454337488623,1.071384270264833
5829,1.0760085971068714,1.07425355377094,1.0699748442041903
5830,1.0760085971068714,1.0740437442976307,1.069772637301908
5831,1.0760085971068714,1.0738975611151087,1.069830902013169
5832,1.0760085971068714,1.0740772128228615,1.0708745550938188
5833,1.0760085971068714,1.0739489970388003,1.0691232000145774
5834,1.0760085971068714,1.0740885946304548,1.0704017408972892
5835,1.0760085971068714,1.074326384976194,1.0700772411385095
5836,1.0760085971068714,1.0744483064715595,1.0712920654628746
5837,1.0760085971068714,1.0743811061359179,1.0715924874908291
5838,1.0760085971068714,1.0741739994503678,1.0690846254228368
5839,1.0760085971068714,1.0738566411457438,1.0687021186293748
5840,1.0760085971068714,1.0738740534075764,1.0698276404006257
5841,1.0760085971068714,1.0735348501204292,1.0612243813768316
5842,1.0760085971068714,1.0733082909261464,1.0630607689722344
5843,1.0760085971068714,1.0727822464152006,1.05788553354067
5844,1.0760085971068714,1.0725357320018256,1.0627796258666475
5845,1.0760085971068714,1.0731821370733412,1.0638703202406419
5846,1.0760085971068714,1.0730767925667797,1.050675371198995
5847,1.0760085971068714,1.0735576212217095,1.0645887125964533
5848,1.0760085971068714,1.073764754994654,1.057110408071193
5849,1.0760085971068714,1.0739711982935947,1.0693408396634076
5850,1.0760085971068714,1.0739402012034738,1.070483215903456
5851,1.0760085971068714,1.0743431654983524,1.069026858972042
5852,1.0760085971068714,1.0742535629707997,1.0695070962924635
5853,1.0760085971068714,1.0744912809012162,1.0719914325700044
5854,1.0760085971068714,1.0747915184004952,1.0712301470693588
5855,1.0760085971068714,1.0744016079954914,1.0693821697236674
5856,1.0760085971068714,1.074737591764778,1.0696164602460978
5857,1.0760085971068714,1.0750515066969681,1.072320841769597
5858,1.0760085971068714,1.0749665910482167,1.0701150215169375
5859,1.0760085971068714,1.0749670313255972,1.070469413840395
5860,1.0760085971068714,1.074855346001447,1.071667849368255
5861,1.0760085971068714,1.0748374490528456,1.0718319068245141
5862,1.0760085971068714,1.074497593820517,1.0701125931194215
5863,1.0760085971068714,1.0743670752026557,1.0712001554138988
5864,1.0760085971068714,1.0744207903237741,1.0670214795129802
5865,1.0760085971068714,1.0744423396215916,1.0686821218908138
5866,1.0760085971068714,1.0742251790565782,1.0675841047628867
5867,1.0760085971068714,1.074235273929151,1.0688592574430542
5868,1.0760085971068714,1.074059782588198,1.0622797501271277
5869,1.0760085971068714,1.0747478839807438,1.0722640636971772
5870,1.0760085971068714,1.0748906676009555,1.0727359402385657
5871,1.0760085971068714,1.0748987496235662,1.0725295696465897
5872,1.0760085971068714,1.074845111348207,1.0712781988488778
5873,1.0760085971068714,1.0747210865880263,1.0692344022981009
5874,1.0760085971068714,1.0746060815547207,1.071480520261799
5875,1.0760085971068714,1.0746928398996836,1.070591860148768
5876,1.0760085971068714,1.0746615155781523,1.0720393715323273
5877,1.0760085971068714,1.0743946953705394,1.0700429804843425
5878,1.0760085971068714,1.0745659835332255,1.071632351417528
5879,1.0760085971068714,1.0741743310562288,1.0678926990584636
5880,1.0760085971068714,1.0742976502788928,1.0695372413010287
5881,1.0760085971068714,1.0745397177660936,1.0694431825349027
5882,1.0760085971068714,1.0745127044288034,1.0704107841143435
5883,1.0760085971068714,1.0745314963246348,1.0712298572968486
5884,1.0760085971068714,1.0747295579234337,1.0722083563481786
5885,1.0760085971068714,1.0748783259790342,1.0717237068766696
5886,1.0760085971068714,1.0750633912181025,1.0736499717899404
5887,1.0760085971068714,1.075214205576938,1.0729933766972932
5888,1.0760085971068714,1.0750281313952528,1.0722845284957794
5889,1.0760085971068714,1.074407583897352,1.0655273996097607
5890,1.0760085971068714,1.0738417556933983,1.0596288226669897
5891,1.0760085971068714,1.0738076607468736,1.0682543763332149
5892,1.0760085971068714,1.0735832919110302,1.0674506829233323
5893,1.0760085971068714,1.073207691684881,1.0644160635503686
5894,1.0760085971068714,1.0732413078091845,1.0702483983039512
5895,1.0760085971068714,1.0739512382019833,1.0700142256440786
5896,1.0760085971068714,1.0744398912052973,1.070495540587058
5897,1.0760085971068714,1.0743535350561908,1.0680802952005664
5898,1.0760085971068714,1.0744093352632844,1.0690640764772945
5899,1.0760085971068714,1.0744214029481243,1.0706058278485715
5900,1.0760085971068714,1.0745988200417695,1.0708163419958152
5901,1.0760085971068714,1.074506557076206,1.0703621579104592
5902,1.0760085971068714,1.074510675752785,1.0699437086065704
5903,1.0760085971068714,1.0739933664734116,1.066918433510021
5904,1.0760085971068714,1.0736754322403252,1.0665276279925586
5905,1.0760085971068714,1.0733087606467122,1.0670450005945238
5906,1.0760085971068714,1.0738497479408817,1.0689223287135736
5907,1.0760085971068714,1.073868703680685,1.0692367400682268
5908,1.0760085971068714,1.073850764957809,1.069616429464848
5909,1.0760085971068714,1.0744472693934302,1.0695018780228156
5910,1.0760085971068714,1.0745182667889293,1.0685824417224155
5911,1.0760085971068714,1.0745206432304637,1.0654922799548776
5912,1.0760085971068714,1.0741252274661115,1.0669292168554154
5913,1.0760085971068714,1.074325992116086,1.0688125657636256
5914,1.0760085971068714,1.0741501325209664,1.0685709135268646
5915,1.0760085971068714,1.0740147516719762,1.0697454395839108
5916,1.0760085971068714,1.0740164294496075,1.0698919317724056
5917,1.0760085971068714,1.0738849451284067,1.0715246353524175
5918,1.0760085971068714,1.074127402634723,1.0701256037961808
5919,1.0760085971068714,1.0744739450994714,1.0693428204278859
5920,1.0760085971068714,1.0746593848739014,1.0717529533103147
5921,1.0760085971068714,1.075078419556565,1.0727872384490933
5922,1.0760085971068714,1.0752409633655577,1.0734355868329422
5923,1.0760085971068714,1.0746515779044856,1.0693731997799876
5924,1.0760085971068714,1.0738215844518022,1.063305457527287
5925,1.0760085971068714,1.0740950090314167,1.0682133938563962
5926,1.0760085971068714,1.0743133427613365,1.0664682040043563
5927,1.0760085971068714,1.0741005014968221,1.0702609604868378
5928,1.0760085971068714,1.0741217363428153,1.072298297728284
5929,1.0760085971068714,1.0742717529239632,1.0691431661029984
5930,1.0760085971068714,1.0737497265895595,1.068141569477314
5931,1.0760085971068714,1.0734234230124609,1.068356120305709
5932,1.0760085971068714,1.074141329769179,1.071223725311584
5933,1.0760085971068714,1.0748313095326423,1.0719468215362855
5934,1.0760085971068714,1.074884490007913,1.072272423774304
5935,1.0760085971068714,1.0747140171600522,1.062912119571787
5936,1.0760085971068714,1.0743931588362965,1.064123678829541
5937,1.0760085971068714,1.0745630001940083,1.06948651741587
5938,1.0760085971068714,1.0746244009817851,1.071273002510437
5939,1.0760085971068714,1.0748811975982904,1.0726934835960724
5940,1.0760085971068714,1.074837830145406,1.0711019628081817
5941,1.0760085971068714,1.0746439170632298,1.0710987261804905
5942,1.0760085971068714,1.0743200641003998,1.0702599686233278
5943,1.0760085971068714,1.0740604127676527,1.0701535436858447
5944,1.0760085971068714,1.0740023239170384,1.068775479456711
5945,1.0760085971068714,1.0742487948828754,1.0706087663294905
5946,1.0760085971068714,1.0743544838548054,1.0696844610342242
5947,1.0760085971068714,1.0743341991954454,1.0688231367175993
5948,1.0760085971068714,1.0742827032609272,1.070569291214547
5949,1.0760085971068714,1.074000838641852,1.0701944101077585
5950,1.0760085971068714,1.0740661099330604,1.07154584869753
5951,1.0760085971068714,1.074074967714084,1.070729382265842
5952,1.0760085971068714,1.0745953451322945,1.0717142009365426
5953,1.0760085971068714,1.0746329655887186,1.0710401103748353
5954,1.0760085971068714,1.074480033436442,1.0683979470893794
5955,1.0760085971068714,1.0744118254418091,1.069645666599034
5956,1.0760085971068714,1.0745427254701765,1.068777401703754
5957,1.0760085971068714,1.0744716437191302,1.0704491109618486
5958,1.0760085971068714,1.0739919198935537,1.0676946312236735
5959,1.0760085971068714,1.0740233921852578,1.0695314509702247
5960,1.0760085971068714,1.0741879528995564,1.0685371000394868
5961,1.0760085971068714,1.074099603936551,1.0701322897278573
5962,1.0760085971068714,1.0743081471540958,1.0718085219238465
5963,1.0760085971068714,1.074366451763028,1.0707311119724594
5964,1.0760085971068714,1.0745450846924443,1.0715058784322316
5965,1.0760085971068714,1.074469023001847,1.0669477033717905
5966,1.0760085971068714,1.0744113478146757,1.0670085241145513
5967,1.0760085971068714,1.0747808856138397,1.0698399230430709
5968,1.0760085971068714,1.0744890068661133,1.0692380377038107
5969,1.0760085971068714,1.0745081866178403,1.068899612201672
5970,1.0760085971068714,1.0742443597968676,1.0690646732104971
5971,1.0760085971068714,1.0738088323428376,1.0668733327566844
5972,1.0760085971068714,1.0735917469578233,1.0676737453785456
5973,1.0760085971068714,1.074074179204345,1.0680056884645532
5974,1.0760085971068714,1.074303012564457,1.0706333313317165
5975,1.0760085971068714,1.0746408287080866,1.0723700121892716
5976,1.0760085971068714,1.0750234221281816,1.071696560124899
5977,1.0760085971068714,1.0751289904839152,1.072682680733656
5978,1.0760085971068714,1.074946519011857,1.071798833178686
5979,1.0760085971068714,1.0747545028163705,1.0708789499452402
5980,1.0760085971068714,1.074430479045079,1.0709663655140853
5981,1.0760085971068714,1.074339468418821,1.0654081859104862
5982,1.0760085971068714,1.073843038009925,1.0572578746910217
5983,1.0760085971068714,1.0738286232571008,1.069364799501199
5984,1.0760085971068714,1.0736400581037366,1.067260196892818
5985,1.0760085971068714,1.0737819055364433,1.0666281885573001
5986,1.0760085971068714,1.0737614133792142,1.067793486555239
5987,1.0760085971068714,1.0738997499959968,1.0702116418381897
5988,1.0760085971068714,1.0736511442016203,1.0694903238591609
5989,1.0760085971068714,1.0736251020695784,1.069549698514412
5990,1.0760085971068714,1.0739756693451799,1.0718638344335216
5991,1.0760085971068714,1.0741766989965627,1.0680180197854012
5992,1.0760085971068714,1.0741855001842036,1.0697738826982452
5993,1.0760085971068714,1.074023473860239,1.0659124613916775
5994,1.0760085971068714,1.0740487252655406,1.0686178999423643
5995,1.0760085971068714,1.0742923487747615,1.0678403879876983
5996,1.0760085971068714,1.0746538175246305,1.0683889012622305
5997,1.0760085971068714,1.0746584617748507,1.071862003554377
5998,1.0760085971068714,1.0744532304293497,1.0691513986293186
5999,1.0760085971068714,1.0744281088645578,1.0703872235382472
6000,1.0760085971068714,1.0746289696308953,1.071782670797184
