generation,best_fitness,mean_fitness,worst_fitness
0,1.3676279611082305,1.3663092056108246,1.3649819824310037
1,1.3686724286188425,1.366629234727843,1.3652871030001026
2,1.3688091464222059,1.3668971835038692,1.3653487651637124
3,1.3688091464222059,1.3669727347495075,1.3655056100567071
4,1.369384376772811,1.3672403383188998,1.3658029096784017
5,1.369726016836591,1.3672739557336007,1.3656607286426832
6,1.3701315304322494,1.3676601361954817,1.3654978695441755
7,1.3701315304322494,1.3679020685873382,1.364854229618864
8,1.3707022489363616,1.3681621934825006,1.366238836477605
9,1.37132472290129,1.3687480831188439,1.366397441130816
10,1.3714319287160155,1.3688616942371834,1.36621263483144
11,1.3716587327657401,1.3692763489418829,1.366881142515265
12,1.3730765713107131,1.3700392454062706,1.3671770938298262
13,1.3730765713107131,1.3698255809336677,1.3676023149543834
14,1.3732654701870266,1.3700236195739774,1.3672631155332287
15,1.3732654701870266,1.3699810356534483,1.3673710394957175
16,1.3733111938061038,1.3703234562530608,1.3664037869033514
17,1.3740738186242765,1.370792360703963,1.368519002408966
18,1.3750769171026356,1.3720120077358466,1.367496879233311
19,1.375677142196852,1.3723118561119636,1.368636923819585
20,1.375677142196852,1.3728371584346786,1.3694094980157274
21,1.376247119594658,1.373378238508932,1.3703114370761258
22,1.3764956630913068,1.3740071533047544,1.371194783420168
23,1.3764956630913068,1.3746014504540884,1.3691542480576444
24,1.3764956630913068,1.37501391044861,1.3727583221769815
25,1.377345605953988,1.3754111947321541,1.3726891540633939
26,1.377345605953988,1.3753345600751699,1.3725671960722339
27,1.3775606767654938,1.375888786966294,1.3734434113273013
28,1.3776357846030682,1.3761440516192491,1.373120594579884
29,1.3778411437177966,1.3763624867558746,1.3742388090461348
30,1.378163972876817,1.3768007613945001,1.3753759063598556
31,1.378163972876817,1.3769484140138093,1.3747852997169328
32,1.3787143309305576,1.377082024869878,1.3749105419968914
33,1.3787143309305576,1.3770896680314741,1.375798928179377
34,1.3790306552150793,1.3773622319131493,1.3758351312359833
35,1.379559583244163,1.3776942080812995,1.375899121797657
36,1.379559583244163,1.3779447649892487,1.3764945427339053
37,1.379559583244163,1.378193188097308,1.376540147098069
38,1.3801432714279835,1.3782371126615292,1.3763703360165487
39,1.3801432714279835,1.378558071057341,1.3770046598961527
40,1.3803165290911685,1.3788959270565109,1.3762250722030298
41,1.3803165290911685,1.378970724766983,1.376480184204545
42,1.3807055792035885,1.3791672666509915,1.3773584578632765
43,1.3808375714779495,1.3796246572486432,1.3775239703041136
44,1.3808803251301052,1.379897915935632,1.3775907798752947
45,1.3808803251301052,1.3797258835772126,1.3774504805324943
46,1.3810473157291066,1.3796988249542996,1.375299969840638
47,1.3814468306539966,1.3797948869749723,1.3780137572643814
48,1.3814468306539966,1.3798406639016016,1.3783271394771661
49,1.3814468306539966,1.3800095936221948,1.3780147041733812
50,1.3814468306539966,1.3798428066905857,1.3764040887955733
51,1.3816603210295375,1.3799905109819934,1.3773304147168743
52,1.381827983911933,1.3802050045150633,1.3749657592944466
53,1.3820475462893285,1.3802372117261033,1.3676568238687308
54,1.3821190240370278,1.3805001397726573,1.3760624616279455
55,1.3821190240370278,1.3808958375482383,1.3772417743185081
56,1.3823396281494504,1.3808049366987976,1.378747035496397
57,1.3823396281494504,1.3808367677121876,1.3785518671777237
58,1.3823396281494504,1.3810827476489471,1.378585337934923
59,1.3824640701220827,1.381319991474827,1.379156341844516
60,1.382814061506045,1.3814799798412525,1.3789721794980498
61,1.3839855616273442,1.3816898083499003,1.3800055838009286
62,1.3840078843752863,1.3817575310865395,1.37914232448329
63,1.3843780110661181,1.381845685193002,1.3782254970466075
64,1.3846170923451988,1.3821769440081997,1.3786116621861908
65,1.3846170923451988,1.3824011335219972,1.3754951646507403
66,1.3849631405584175,1.3824200201851458,1.3796163960075427
67,1.3849631405584175,1.3828509913141738,1.3801619766306745
68,1.3854526059519434,1.3833330090139933,1.381108468255576
69,1.3854526059519434,1.383941725979626,1.3817115435788503
70,1.3856054533221596,1.3844656085845373,1.3820893227395674
71,1.3856054533221596,1.3847071603669698,1.3827682592408337
72,1.3856132917454926,1.3849691935317983,1.3831007168627254
73,1.3863923135048448,1.385029627522434,1.3832739471433757
74,1.3863923135048448,1.3850389605230198,1.3820756119533326
75,1.3863923135048448,1.3850703576028718,1.3826483448256786
76,1.3866224545590478,1.385119801269196,1.382524197253383
77,1.387215426426927,1.3851904500876184,1.3795795325676135
78,1.387215426426927,1.3854966040699173,1.3829694484530133
79,1.387215426426927,1.3856256733998804,1.3818768356923543
80,1.387215426426927,1.385721994373669,1.3836165749710678
81,1.387215426426927,1.3858483623710287,1.3840957831072993
82,1.387215426426927,1.3858661923974416,1.3842095556685743
83,1.387215426426927,1.3861907054563085,1.3845466503691566
84,1.387215426426927,1.386372713301509,1.3846345455039186
85,1.3874698708001,1.3865762831430097,1.3850858345439399
86,1.3875761122423467,1.386677527952608,1.385328972912213
87,1.387667568193314,1.3867095035731258,1.3852525671447575
88,1.3877709459268026,1.3865781205754377,1.3836028277559598
89,1.3881909769760397,1.3865543631250608,1.3842710842942114
90,1.3881909769760397,1.3865763448626214,1.3838835041342807
91,1.3884491798684533,1.3866747594963442,1.3843885460404386
92,1.3893037195016957,1.3869322564339255,1.3842844695865695
93,1.3893037195016957,1.387372279655146,1.3854519570365635
94,1.3893037195016957,1.3875909191835027,1.385202891707944
95,1.3893037195016957,1.387648756714931,1.3855379010325715
96,1.3894482789332014,1.3878031062789988,1.3855952768656457
97,1.3894556120917725,1.3879781541761549,1.3848834411327537
98,1.3895710806158996,1.388318603505504,1.3864012385234439
99,1.389763371000415,1.3885110489619819,1.3860868272694111
100,1.3897807249283156,1.3885486845195387,1.3840504081764486
101,1.3897807249283156,1.388513045203475,1.3867574168971895
102,1.3897807249283156,1.388846075556676,1.3865005576418017
103,1.3901073457468887,1.3888273920712433,1.3853257063953741
104,1.3901073457468887,1.3888491517825654,1.3867363611217176
105,1.3902532239478862,1.3888412429838142,1.385283034143231
106,1.3902532239478862,1.388989519720488,1.3866682870653089
107,1.3902532239478862,1.3889887117653956,1.387354748035561
108,1.3904141342533034,1.3890041423318886,1.3865522403744
109,1.3904141342533034,1.3891703242145124,1.3874058455944522
110,1.3904141342533034,1.3895612050735076,1.387106799422563
111,1.3906066216426778,1.389660969655056,1.3883680832428091
112,1.3906066216426778,1.3897750048537372,1.3882179521051194
113,1.3907391907834825,1.389817735777887,1.3878269606401727
114,1.3909571325083108,1.389934578823186,1.3885895873259113
115,1.3909571325083108,1.3899346647985313,1.3876116465309256
116,1.3911738995413498,1.389953723314229,1.383972596261187
117,1.3915834290366422,1.3899220048327685,1.3876191900151287
118,1.3915834290366422,1.390131469938685,1.3882449290506944
119,1.3916409586814764,1.3902509605785074,1.3880767114276484
120,1.3916409586814764,1.3903716100654062,1.3868134306801063
121,1.3917190353035978,1.3905573843914076,1.3886705799914574
122,1.3917952050886313,1.390756860200078,1.3890221649443963
123,1.3922347253710299,1.3907344631614666,1.3875661864154236
124,1.3922347253710299,1.3908561785485398,1.388897874607172
125,1.3922347253710299,1.3909982490090014,1.3894095349429079
126,1.3922347253710299,1.3912305741422424,1.389208336999186
127,1.3922347253710299,1.3912825313452202,1.3890659352254746
128,1.3928362341191034,1.3911020345382121,1.3850895741828237
129,1.3928362341191034,1.3910807604907633,1.3883977844750308
130,1.3935374337463504,1.391308673087935,1.3890537789950574
131,1.3935374337463504,1.3917359535295417,1.389177030459911
132,1.3935374337463504,1.3918669472664889,1.389883283402507
133,1.3936280463961805,1.3921752654321708,1.390280630065422
134,1.3936280463961805,1.3925011629385216,1.3901953598130035
135,1.3940373351995605,1.3927294445358809,1.3898536417462148
136,1.3940373351995605,1.3928126803332583,1.3900645144015227
137,1.3940373351995605,1.392790058991364,1.3906116706120886
138,1.3941309212278423,1.393013537200444,1.3900826641693
139,1.3942167809940236,1.3929879073708096,1.3887866594398193
140,1.39439885314958,1.392984599839289,1.3889897818252426
141,1.39439885314958,1.3928995694936375,1.3905554992724127
142,1.39439885314958,1.3930272227090414,1.391136161788405
143,1.39439885314958,1.393261741602628,1.3911639329139975
144,1.3945393274399667,1.3932597450579336,1.3885649296589349
145,1.3945393274399667,1.3933230966027599,1.39087586200455
146,1.3945393274399667,1.3932939455101698,1.3903371812571113
147,1.3945393274399667,1.3932792651398587,1.3903836657895334
148,1.3946492842727518,1.3932463177580505,1.3902449713863347
149,1.3949047180127354,1.3932022719312513,1.388408031119901
150,1.3949047180127354,1.39310024312971,1.387582324042025
151,1.3949047180127354,1.3931802141240512,1.388195847386463
152,1.3949293705424388,1.393219822100608,1.3884055710087333
153,1.3949293705424388,1.3931198620503622,1.389109016405681
154,1.3951619178915733,1.3934221567277938,1.3909057613873623
155,1.3951619178915733,1.393825797251067,1.3911733706593827
156,1.3951619178915733,1.3938991349811891,1.3914217692177548
157,1.3954778458260533,1.394324069880756,1.3923630225377257
158,1.3954778458260533,1.394318810281101,1.3923397959388357
159,1.3954778458260533,1.3942907373473716,1.3890044696935793
160,1.3954778458260533,1.3940866246601615,1.3908392842024946
161,1.395956210440292,1.3944297592831563,1.3928333849141143
162,1.395956210440292,1.394448325109736,1.3918476537515942
163,1.395956210440292,1.3944238699977438,1.3911352535400574
164,1.3961187423575117,1.3944681937813244,1.3890356518199736
165,1.3961187423575117,1.3945654083543106,1.3920851998526889
166,1.3961187423575117,1.3946443745543753,1.3923484774805313
167,1.39640000540202,1.3945172396471963,1.3924546079006415
168,1.39640000540202,1.3947680873464825,1.3892224975490872
169,1.39640000540202,1.3943216714188642,1.3876077352827756
170,1.3966913874172566,1.3948930063579368,1.3921886975647362
171,1.3971952674745802,1.3954414006945262,1.391629028383624
172,1.3971952674745802,1.3956675745001952,1.3933935586522128
173,1.3974144703351339,1.3959320862562756,1.3932203159149048
174,1.3974192432545265,1.3961297595279996,1.3938647264168147
175,1.3974249823085203,1.3960647139862785,1.3932410980122423
176,1.3974249823085203,1.3958946111600694,1.3915128817044928
177,1.397532098221888,1.3956879556805248,1.3910764566198532
178,1.397532098221888,1.3957660095035456,1.39282276489977
179,1.397532098221888,1.3958416379538323,1.3906058217749444
180,1.397532098221888,1.3960750147742589,1.3940967779682694
181,1.3975546554801812,1.3960036726788199,1.3916478010783855
182,1.397673340548903,1.396479911115505,1.3863120215212612
183,1.397673340548903,1.3965280740823796,1.3942475390703557
184,1.3977153124154593,1.3970214690945735,1.3951742975539194
185,1.3977637123239837,1.3972381507630198,1.3961291148090273
186,1.3977637123239837,1.397341007983765,1.3960854232865598
187,1.3977999124949012,1.3971708778857574,1.3953011321057314
188,1.3977999124949012,1.3970281636812578,1.3933937352792674
189,1.3978325792044402,1.396929564810637,1.3946401379614914
190,1.3978325792044402,1.3967992008841967,1.394186614842334
191,1.3979803358084397,1.3966561482470454,1.3923050892191173
192,1.3979803358084397,1.3966465723880628,1.3941180750160718
193,1.3981435855912476,1.3966313180074466,1.3924301486153612
194,1.3985047483488764,1.396947415650533,1.395023642708637
195,1.3985047483488764,1.3970014985283326,1.3938917397649746
196,1.3986058351747657,1.3968363164740665,1.3917475117546665
197,1.3986058351747657,1.3968868322162913,1.3941135636043458
198,1.3986925041391012,1.397284886966532,1.3950056229976202
199,1.3990898109333931,1.397636405794411,1.3928825505680922
200,1.3990898109333931,1.397725548222264,1.3958605179042927
201,1.3990898109333931,1.3979544955544752,1.3962013190142524
202,1.399322950845821,1.3981371887285474,1.3969356417365453
203,1.3993397591062537,1.398382025434059,1.3959258695581354
204,1.3994962327684777,1.3983862663230184,1.396363708377111
205,1.3994962327684777,1.398373783161374,1.3908146702570314
206,1.3997852106114064,1.3982873438797276,1.3962508854268398
207,1.3997852106114064,1.3984740217938059,1.3956011778871593
208,1.4000274569269566,1.3986044294471973,1.3923556869121967
209,1.4000274569269566,1.3985398889424168,1.394057989945083
210,1.4000274569269566,1.3988373612272318,1.396501907563893
211,1.4003959741991356,1.3988781725449784,1.395623963747114
212,1.4003959741991356,1.3989382706821252,1.394506999260712
213,1.4003959741991356,1.398878444568942,1.3956391197981766
214,1.4004247434479413,1.3987213041213316,1.3947854826994366
215,1.4004247434479413,1.398568780859248,1.3922179880011532
216,1.4004977270939016,1.3989660537677966,1.395730700043562
217,1.4005309124106013,1.3993274849248152,1.3938568313013813
218,1.4005309124106013,1.3995039114931864,1.3968736608214558
219,1.4005309124106013,1.3995606691165734,1.3964485958646795
220,1.4010034101792121,1.399956146759645,1.3985058929169871
221,1.4010034101792121,1.4001870738920514,1.398622124995257
222,1.4010034101792121,1.4002267949797078,1.3985923052556248
223,1.4010034101792121,1.400066857966666,1.3985115899324514
224,1.4011293718805922,1.40016019689297,1.3974673031699714
225,1.4012570909644968,1.400352624763401,1.3983045353847723
226,1.4013374567065657,1.400356155362374,1.3987885744362223
227,1.401971958552871,1.4004922245922773,1.3984008976816429
228,1.401971958552871,1.4007402955391024,1.3987219715012618
229,1.401971958552871,1.4006757049197276,1.3975333181979102
230,1.401971958552871,1.4006210098730378,1.398061651467006
231,1.4021198061528284,1.4004784851540064,1.39825815246253
232,1.4021510711175669,1.4008173387444274,1.3987833723826206
233,1.4021954545766648,1.4010974759516115,1.398353022068111
234,1.4021954545766648,1.4013936222644776,1.3999638765639182
235,1.40225587115716,1.4013617723587921,1.399339247878167
236,1.402464955088115,1.4014764380502223,1.3995749363240984
237,1.402464955088115,1.401550404557019,1.3994250435465503
238,1.402464955088115,1.4015504565550356,1.3991320103861473
239,1.402464955088115,1.401253788039498,1.3992989751396037
240,1.402464955088115,1.4014492036699633,1.3994749325245546
241,1.4027388227155368,1.4014889121634997,1.3975385216969607
242,1.4027388227155368,1.4017677680353318,1.3996233414248231
243,1.4027388227155368,1.401787548677904,1.3994406533095232
244,1.4027388227155368,1.401862544993071,1.399895131577112
245,1.4028131706913396,1.4018464388206069,1.398988275796838
246,1.403290030501812,1.4018378155286046,1.4000507956732426
247,1.403290030501812,1.4019675091241495,1.4001941707379137
248,1.403290030501812,1.4020865763224077,1.3995478168248483
249,1.403290030501812,1.4019569146068875,1.3994026629513079
250,1.4033291055440271,1.4021349298073276,1.4004213563715153
251,1.4033291055440271,1.4023040349401392,1.3993105027528827
252,1.4033291055440271,1.402095287692778,1.3995449252548482
253,1.4034188982907063,1.4020458762088734,1.394979465296268
254,1.4034873301258748,1.4021786994289982,1.3988611605086643
255,1.4034873301258748,1.402356612637295,1.3973622502689689
256,1.403594730686349,1.4020866812706418,1.3982666943619941
257,1.403594730686349,1.4020311988988852,1.3983199523562804
258,1.4040260958903314,1.4020333630438855,1.3990670878829872
259,1.4040580805739784,1.402149067104775,1.39591738914648
260,1.404134469431892,1.4025204780967042,1.3998049372792483
261,1.404134469431892,1.4025357282649622,1.3986381513246513
262,1.404134469431892,1.4029154075025223,1.4002368908858398
263,1.404134469431892,1.402818809722695,1.3990804261748437
264,1.404134469431892,1.4025000797414962,1.3954434503396949
265,1.404134469431892,1.4028232491719828,1.4007904104968714
266,1.4043505784871977,1.4028187664707363,1.3987495204251879
267,1.4043505784871977,1.4030933874690985,1.4006026676527359
268,1.4043505784871977,1.4031056430187727,1.3984301254869882
269,1.404609166508649,1.402988041135968,1.3986391045322408
270,1.404609166508649,1.4023708940340833,1.389107021796548
271,1.404609166508649,1.4025345411003969,1.3966510582258518
272,1.404609166508649,1.4029840701546983,1.3983317473499444
273,1.4047031174705589,1.4031808277052307,1.3990738230518212
274,1.4047031174705589,1.4033275010860695,1.4005000515151516
275,1.4048905020222655,1.4034203496206983,1.4013612641350894
276,1.4051120083622541,1.4035651367682536,1.4012933149286138
277,1.4052624233594497,1.4040442672874693,1.400690402193238
278,1.4052624233594497,1.404248808952424,1.4027484408196882
279,1.4052624233594497,1.4043455436933314,1.4024443299962062
280,1.4052871893942032,1.4044272081668574,1.4032625703758341
281,1.405407530619171,1.4043523451134965,1.4026432605974481
282,1.4054552102923137,1.404334749146593,1.4017754562548213
283,1.4055585339374301,1.404467126479621,1.4026069172818758
284,1.4058190898588983,1.4047798917410999,1.402989676159871
285,1.4058190898588983,1.4046998076503459,1.4020337010479589
286,1.4058190898588983,1.4045827555813784,1.4022758560461372
287,1.405950974610112,1.4047934482446627,1.403002917363146
288,1.405950974610112,1.4050181289440788,1.4035621169781798
289,1.4059849334977543,1.405145629766556,1.404213630747639
290,1.4059852189032211,1.4051815327926533,1.4014314497223581
291,1.4059852189032211,1.405185019534261,1.4034540031564675
292,1.4061547130411876,1.4050218777860197,1.4028599448263097
293,1.4061547130411876,1.4051134987663108,1.4029208896024858
294,1.4061547130411876,1.4050143385912275,1.4026665142296582
295,1.4061547130411876,1.4048687735694232,1.4019232296793647
296,1.4067333395734092,1.4051131432161832,1.4021710408918748
297,1.4067333395734092,1.4049751904768075,1.3998986078712508
298,1.4067333395734092,1.4047408374279629,1.4013157734457697
299,1.4067333395734092,1.4046053072580937,1.400137601265025
300,1.4070984747727402,1.404488278998741,1.3983738924033566
301,1.4070984747727402,1.4046437805302465,1.400721727938736
302,1.4070984747727402,1.4046924357094295,1.401449741495641
303,1.4074313690982247,1.40512420535618,1.399774279240498
304,1.4074313690982247,1.4052361906230042,1.4021721670904106
305,1.4074313690982247,1.4051832758392273,1.3995217830397912
306,1.4074313690982247,1.4055487374557305,1.3998183250913852
307,1.4074313690982247,1.4054537970934928,1.400649357399073
308,1.4074313690982247,1.405816488845852,1.4026432057049896
309,1.4074313690982247,1.4059076786678415,1.4041245554539858
310,1.4076984507640389,1.4059278966023447,1.402476154282919
311,1.4076984507640389,1.4060320048946338,1.399580362422676
312,1.4076984507640389,1.4058977874113199,1.3956957819787486
313,1.4076984507640389,1.4057279444546578,1.3952993231151687
314,1.4076984507640389,1.405381361165185,1.383403448345912
315,1.4076984507640389,1.4058984483077799,1.401683786896465
316,1.4076984507640389,1.406201877889899,1.4028105156939394
317,1.4076984507640389,1.4062576785193703,1.4037699806003385
318,1.4077487112815965,1.405991116119266,1.4013741523481944
319,1.4077487112815965,1.406173132000181,1.4013379773605568
320,1.4077487112815965,1.4066991282417696,1.4038013337919204
321,1.407779408555087,1.4067676167079997,1.4039329444488793
322,1.4080010045166056,1.4066856280557571,1.4040424101510123
323,1.4080010045166056,1.4066235104901232,1.4016471412162657
324,1.4082111445370677,1.4067469894232636,1.4025721065460468
325,1.4082111445370677,1.406733367472273,1.4020413897428223
326,1.4082585241141266,1.4070100994138697,1.4053142216934638
327,1.4083623978483062,1.4066377556286591,1.4002609390725989
328,1.4083623978483062,1.4065147099045205,1.403248728015675
329,1.4083623978483062,1.4065170323421001,1.4023279480132471
330,1.4083623978483062,1.406463824180002,1.403405336587788
331,1.4083623978483062,1.4065141522853621,1.4027131419533523
332,1.4083623978483062,1.4063621478230761,1.396858168954894
333,1.4083623978483062,1.4063360943642593,1.401738904718061
334,1.4083623978483062,1.4064510888807433,1.4043020989745587
335,1.4083623978483062,1.4063968007964365,1.4031384040437231
336,1.4084697545368714,1.4065909927401332,1.4036701401436957
337,1.4084697545368714,1.4063743364048862,1.4036926109217556
338,1.4084697545368714,1.4066353123313848,1.402182760780835
339,1.4084697545368714,1.4066687842329337,1.4025225944033526
340,1.4084697545368714,1.4068713358504954,1.4037845214263185
341,1.4085432964242632,1.4072501967502233,1.4027274380736545
342,1.4085432964242632,1.4071830138212837,1.4024817205900755
343,1.4085432964242632,1.407215377013958,1.403111551634666
344,1.4085432964242632,1.407175606850506,1.3989593760943402
345,1.4085432964242632,1.4069980698166697,1.3929696753811398
346,1.4085432964242632,1.4070147056804996,1.4013720731585795
347,1.4085432964242632,1.4072120698761663,1.4036608118764882
348,1.4086308103386669,1.4073623771168635,1.4027555523350528
349,1.4086308103386669,1.4073299718338037,1.4035378583708924
350,1.4088905846211732,1.407448208196843,1.4026962996072454
351,1.4088905846211732,1.4073271270794234,1.403721637851788
352,1.4088905846211732,1.4073730607796657,1.4039251501059657
353,1.408985162854429,1.4073864957544828,1.4049300586586797
354,1.408985162854429,1.4076711106195257,1.4040642399952392
355,1.408985162854429,1.4075679916745596,1.3988655352694213
356,1.408985162854429,1.4074818775919646,1.4019599018835824
357,1.4091027819292186,1.4076569222147663,1.405141809340004
358,1.4091027819292186,1.4077264924773016,1.4044378982508945
359,1.4091027819292186,1.4079591254767407,1.4050887459944261
360,1.4091027819292186,1.4079697077706441,1.3990884067938785
361,1.4093684554553176,1.4077923856924175,1.4027089849820726
362,1.4093684554553176,1.4078224608782823,1.4010227772286066
363,1.4093684554553176,1.408094841654717,1.4050231343803798
364,1.4093684554553176,1.4080750145512908,1.4056578385506968
365,1.4093684554553176,1.407977146065889,1.4047235699271554
366,1.4095214360678803,1.40723141862936,1.3921212067931599
367,1.4095214360678803,1.4078225146394912,1.4022507645386444
368,1.4095214360678803,1.4076158961819394,1.400746781933184
369,1.4096285627632057,1.4074561360531463,1.402576689807057
370,1.4096285627632057,1.4072460015620805,1.3995258006094202
371,1.4096285627632057,1.4071445361774428,1.3981409177702708
372,1.4096285627632057,1.4068996466847385,1.4026293764781634
373,1.4098379242611287,1.4071845063275663,1.4007181794711867
374,1.4098379242611287,1.4076665356885778,1.401401499807521
375,1.4098379242611287,1.4081632478232908,1.404360124388174
376,1.4099848853613268,1.4087487448506772,1.406634265190152
377,1.4099848853613268,1.408997174165041,1.406563069483566
378,1.4100444113055393,1.4091170324906457,1.406703529395226
379,1.4100444113055393,1.4090353558839923,1.4066034953628437
380,1.41017869029262,1.4091361750423212,1.4072935580658332
381,1.41017869029262,1.4089865047884838,1.4030878135278173
382,1.41017869029262,1.4088495719138692,1.4051504906214243
383,1.4101808854903761,1.4085287198522574,1.4024015215470182
384,1.410543610225325,1.4088346730538526,1.4055891502041649
385,1.410543610225325,1.4092121303711542,1.4073118299491958
386,1.410543610225325,1.4092321192410375,1.406362343294967
387,1.410543610225325,1.4092567141172676,1.404664212882926
388,1.410543610225325,1.4092600700012767,1.4050026304884862
389,1.410730418530851,1.4095453112024001,1.4078616851267522
390,1.4107396568094075,1.4093935418490235,1.4048914605352514
391,1.4107396568094075,1.4093903009903002,1.4055454155713527
392,1.4107396568094075,1.4095535415074267,1.406501454803827
393,1.4107396568094075,1.4095530824017488,1.4074732325818795
394,1.4108433895066907,1.4098913272596008,1.4078338476819252
395,1.4108433895066907,1.4099012025202344,1.407181201220629
396,1.4108433895066907,1.4097674471266766,1.4069652542181366
397,1.4108433895066907,1.4096482889278588,1.4070239321581564
398,1.4112904389643859,1.4098184637854054,1.4067509951680273
399,1.4112904389643859,1.4100866937543162,1.4090073045903038
400,1.4112904389643859,1.4100474761850887,1.4074828930968706
401,1.4114623317128983,1.4100320622591493,1.40831118950511
402,1.4115187950130372,1.4100314695598823,1.4074784252356527
403,1.4115187950130372,1.4100657542032444,1.4070182942860707
404,1.4119878896190903,1.4100441386440061,1.4067876903435725
405,1.412058480542637,1.410362644777693,1.4060874901905227
406,1.412058480542637,1.4103509168306045,1.408175204460865
407,1.412058480542637,1.4105803352484656,1.40680000280186
408,1.4121621625700849,1.410305608270781,1.4057824717790235
409,1.4121621625700849,1.4103808037904506,1.4060898209306698
410,1.4121621625700849,1.410255951963294,1.4017271662850388
411,1.4121621625700849,1.410307838593379,1.4061318914114587
412,1.4121621625700849,1.4104107858653532,1.4064959904835088
413,1.4124021570255239,1.4105905059926074,1.4060362046117183
414,1.4124021570255239,1.4104880439946987,1.405081094406052
415,1.4124021570255239,1.4104707103913947,1.4061970921130067
416,1.4124021570255239,1.4101152092068445,1.4005862917441187
417,1.4124021570255239,1.4097292873772012,1.4003981131502303
418,1.4124021570255239,1.4089386240279753,1.399996955315228
419,1.4124021570255239,1.4088624088518784,1.3962038381572452
420,1.4124021570255239,1.408079247378821,1.3984198770530691
421,1.4124022359156607,1.4093527747193644,1.3936929654881918
422,1.41246594352001,1.4093294108523673,1.3936563190262838
423,1.41246594352001,1.4094952824265947,1.3969293329039192
424,1.41246594352001,1.4099376353328683,1.4058450106541198
425,1.41246594352001,1.4098747473615256,1.4072619315034909
426,1.4125649263137134,1.410547706032327,1.4077073858563842
427,1.4126966822163702,1.4110259212176555,1.408155155920717
428,1.4127525384494255,1.411247275100912,1.405411222564974
429,1.4127525384494255,1.4113272150937477,1.4087440650132539
430,1.412870355002119,1.411500241460319,1.4079045481593824
431,1.4128868779029427,1.4116373555530168,1.4078920784504325
432,1.4128868779029427,1.4116471800727401,1.4076392467212293
433,1.4128868779029427,1.411846920056361,1.4097728038210695
434,1.4128868779029427,1.4121409135564615,1.410537482092001
435,1.4133986489272345,1.412187874070581,1.4100571168285516
436,1.4134419182030054,1.4121879742017378,1.410176174048296
437,1.4134419182030054,1.4119411020910966,1.4086260430238582
438,1.4134844570807075,1.4114038787058425,1.4070588362696301
439,1.4134844570807075,1.4113448687312737,1.4027238256380006
440,1.4134844570807075,1.411017105984377,1.4018378434407603
441,1.4134844570807075,1.4105039432494095,1.3983633059653129
442,1.4134844570807075,1.410703400490099,1.3960223412289747
443,1.4134844570807075,1.4100464501474923,1.400987015062371
444,1.4134844570807075,1.4105962661263367,1.4048422369991438
445,1.4135271928567172,1.4104107392663534,1.402518094867327
446,1.4135271928567172,1.4101773104387219,1.3978715779844548
447,1.4135271928567172,1.4101493150101714,1.4038780334103966
448,1.4135271928567172,1.409933394669703,1.4043599966800626
449,1.4135271928567172,1.40999649074676,1.4046400656980707
450,1.413842971420481,1.4107990983310779,1.4051459057274427
451,1.413842971420481,1.410825199336157,1.4000152941559778
452,1.413842971420481,1.4108464324329892,1.4053006977007079
453,1.413842971420481,1.4111541714255436,1.4058319487621789
454,1.413842971420481,1.4117192553927171,1.4091221864083827
455,1.413842971420481,1.4117170316238008,1.4073677462543381
456,1.413842971420481,1.4114492171604758,1.4065251732575819
457,1.413842971420481,1.4113387180425832,1.4084272661789838
458,1.413842971420481,1.4116481512769454,1.4072637341009275
459,1.4146684044411804,1.4112203386942301,1.4006363458402737
460,1.4146684044411804,1.411090273679995,1.401856388890828
461,1.4146684044411804,1.4119136588622687,1.4046780012352165
462,1.4146684044411804,1.4120062985058832,1.4075237563046683
463,1.4146684044411804,1.4121847126264067,1.403903328248128
464,1.4146684044411804,1.4129246266686224,1.4100838644021048
465,1.4146684044411804,1.4132137843873473,1.409700772992677
466,1.4146684044411804,1.4132067773563783,1.4092290541468238
467,1.4146684044411804,1.4134443686930618,1.409241440623294
468,1.414839955081203,1.4134147433717843,1.4097680679191928
469,1.414839955081203,1.413673580915158,1.4078411427901425
470,1.414839955081203,1.4137147689789267,1.4099519876856108
471,1.414839955081203,1.4137409280024966,1.4109110574486372
472,1.414839955081203,1.4140304946276077,1.4106333189275648
473,1.414839955081203,1.4140624135132356,1.4116019654524035
474,1.414839955081203,1.4140826204639327,1.4117448060609337
475,1.414839955081203,1.413953514854414,1.4107006340207346
476,1.415026623828064,1.4137703312010452,1.411521238774389
477,1.415026623828064,1.4138161056704956,1.4125025603792467
478,1.415026623828064,1.4137432502009784,1.4104536752211303
479,1.415026623828064,1.413842111149456,1.4114010849717977
480,1.415026623828064,1.4136726760497833,1.4112388433717793
481,1.4150956053276424,1.4136743168646757,1.4102728476670352
482,1.4156064604541252,1.413455809597001,1.4074742680191348
483,1.4157784253185766,1.4133661727323155,1.4099734997833584
484,1.4157784253185766,1.4132882083885265,1.410897269655789
485,1.4157784253185766,1.4137882439146134,1.4109153648274606
486,1.4157784253185766,1.413807535184481,1.411047867429967
487,1.4157784253185766,1.41353560016681,1.4060864386735097
488,1.4157784253185766,1.4132934668441741,1.4054033968515245
489,1.4157784253185766,1.412027918540811,1.3726828930729558
490,1.4157784253185766,1.4114532670375517,1.3961149556797123
491,1.4157784253185766,1.4107908095369757,1.3966009775188402
492,1.4157784253185766,1.410847467349008,1.3834065853569841
493,1.4157784253185766,1.4114515121694082,1.4002561946075354
494,1.416036704305844,1.4118091386763951,1.4035130069053636
495,1.416036704305844,1.4118227428599508,1.403686929646684
496,1.416036704305844,1.4123767220209171,1.4051210052033885
497,1.4160889011778186,1.4127111528286471,1.4075910142889654
498,1.4160889011778186,1.4136815172707082,1.4097686303735426
499,1.416129798326571,1.4138933278612933,1.410443645194593
500,1.4165070551469892,1.414183049094727,1.4097566145983316
501,1.4165070551469892,1.4139243676504296,1.409869035073724
502,1.4165070551469892,1.4140248781180211,1.405135213708881
503,1.4165070551469892,1.4141317651234788,1.4107620135268195
504,1.416657018199466,1.4143833309568867,1.4105330167648447
505,1.416657018199466,1.4147606937646133,1.4095601959799922
506,1.416815957977656,1.4148409754306002,1.4100288927718967
507,1.416815957977656,1.4147407297970584,1.4089015338754183
508,1.416815957977656,1.4150478793425807,1.409739223315311
509,1.416815957977656,1.4153299814425084,1.413466068990411
510,1.4169351072062721,1.4155484928242077,1.412639829243508
511,1.4171255911016858,1.4154627511370936,1.4112586170600725
512,1.4171255911016858,1.4151971160311962,1.4082207121929744
513,1.4171255911016858,1.415400943392986,1.408788316181804
514,1.4171255911016858,1.4154319619015558,1.412365016061943
515,1.4171255911016858,1.415134217618113,1.4120553233186293
516,1.4171255911016858,1.4149862577465606,1.4105181979126842
517,1.4171255911016858,1.4150284727287579,1.4111055456708363
518,1.4171255911016858,1.415115316568488,1.410094143982468
519,1.4171255911016858,1.415251176767308,1.4123695133004017
520,1.4171255911016858,1.4152044670366752,1.4104198686747993
521,1.4171255911016858,1.4151387974446996,1.4109684627450498
522,1.4171255911016858,1.4154026330314582,1.4124919193892123
523,1.4171255911016858,1.415561341812734,1.4130484307885363
524,1.4171255911016858,1.415497716846617,1.4106237396759584
525,1.4171255911016858,1.4151087977201096,1.411814446561059
526,1.4172427059864647,1.4153696008060845,1.4126020788518658
527,1.4179891592135094,1.4157062764392472,1.4107690799352235
528,1.4179891592135094,1.4156527159697374,1.411697724642593
529,1.4179891592135094,1.4158505618384785,1.4108793327611222
530,1.4179891592135094,1.4158230975996107,1.4113269689727193
531,1.4179891592135094,1.415946782141866,1.4086351630036698
532,1.4179891592135094,1.4160583252594512,1.413966958815415
533,1.4180313478051256,1.4162808203201067,1.4128776321762124
534,1.4180313478051256,1.4162810828458339,1.4130217532545262
535,1.4182261102310765,1.4163605050345367,1.4128873781804678
536,1.4183661389423041,1.4162963366377834,1.4113451207743384
537,1.4183661389423041,1.4164834558094987,1.4104540487221158
538,1.4183661389423041,1.4165053784174546,1.4138052734089874
539,1.4183661389423041,1.4166869614794786,1.4124902223906788
540,1.4183661389423041,1.4162612288116116,1.4124139715903068
541,1.4183770258446478,1.4164137277937872,1.4110678200118374
542,1.4183770258446478,1.4166812614604931,1.4127937624100684
543,1.4186843778687397,1.4163902410746547,1.4030911537335902
544,1.4186893656597421,1.4161907394287336,1.4061299230199675
545,1.4186893656597421,1.416076079649994,1.4109795482223468
546,1.4187966949892288,1.4166437253451594,1.4137119053506366
547,1.4187966949892288,1.4171476245820462,1.4109956567178952
548,1.4190897087752812,1.4170380826111508,1.411263529109736
549,1.4190897087752812,1.4173464198460761,1.4101585156495475
550,1.4190897087752812,1.4177669569083327,1.4146436817505004
551,1.4190897087752812,1.4179330702030826,1.4152756376673765
552,1.4191097334546448,1.418092807470096,1.4157194593121183
553,1.4192261034881892,1.41816090508354,1.415262696336057
554,1.4192374334867894,1.4182703651941302,1.4157295755148356
555,1.4192374334867894,1.4183353365639104,1.4156656425715914
556,1.4193287750478505,1.4183804980455355,1.4155096569503338
557,1.4193287750478505,1.4180925264806143,1.4140802964572068
558,1.4194048530031869,1.4177871010422964,1.4140665928926424
559,1.4194052314762258,1.4181562271735577,1.411944547928114
560,1.4194052314762258,1.4180048370674938,1.41351007081636
561,1.4194052314762258,1.4178118118298952,1.4116611363518288
562,1.4197333989411272,1.4181878494212279,1.415676667215208
563,1.4197874748229529,1.4181188167209522,1.4156014862408766
564,1.4197874748229529,1.418111365578571,1.4155211351268462
565,1.4197874748229529,1.4180865632531903,1.4150617461634845
566,1.4197874748229529,1.4176593038631038,1.4152762854646883
567,1.4201076059989937,1.4180894138154565,1.413969279876681
568,1.4201076059989937,1.4183273606071782,1.4120446505277149
569,1.4201076059989937,1.4181350448077763,1.4121494366235345
570,1.4201076059989937,1.4180941679003134,1.414658966928475
571,1.4201474401018255,1.4185147415620827,1.4150165031738313
572,1.4201474401018255,1.4185584902440196,1.4156323459446392
573,1.4201474401018255,1.418498716050698,1.4143094735025865
574,1.4201474401018255,1.418819177461588,1.412391746791354
575,1.4201474401018255,1.4189182898978623,1.4148644161591446
576,1.4202984117834139,1.4193422296320626,1.4159061593983777
577,1.4202984117834139,1.4192350956929014,1.4161593949755704
578,1.420621262026542,1.4194149803369145,1.4166966184687197
579,1.420621262026542,1.4194602503891556,1.4174191163573764
580,1.420621262026542,1.419364412135338,1.4167869861843756
581,1.420621262026542,1.4193670726324277,1.416076316118871
582,1.4208748453032694,1.4196050562441846,1.4168090198979295
583,1.4208748453032694,1.4197818985609196,1.4135345312718683
584,1.4208748453032694,1.4198248685365236,1.4168495447182001
585,1.4208748453032694,1.4199050356397118,1.4170987472641983
586,1.4209280982228842,1.419806912705674,1.4146322403649905
587,1.4209544609678086,1.4196474896476587,1.4149230700953874
588,1.4209544609678086,1.4194166526270755,1.414604364607285
589,1.4209544609678086,1.4194365028436868,1.4127736826188275
590,1.4209544609678086,1.4192970765896586,1.4150285256447748
591,1.4209544609678086,1.4193951917719791,1.415700108286992
592,1.4209544609678086,1.4194692169214245,1.416375054578033
593,1.4209544609678086,1.4193339460781238,1.406054251858273
594,1.4209544609678086,1.4193049223310945,1.4156663617427419
595,1.4209544609678086,1.4192918273804584,1.4143092425374937
596,1.4209544609678086,1.4191591939758958,1.4136969814671216
597,1.4209726624899537,1.4194247785284297,1.4157209371857966
598,1.4209726624899537,1.4191244225715745,1.4147744657332497
599,1.421106130693158,1.4191321931929195,1.4159567825687245
600,1.421106130693158,1.4191352892906255,1.4163884514251668
601,1.421106130693158,1.418923932352723,1.4161238773164113
602,1.421106130693158,1.4192474206611747,1.416030085935343
603,1.421106130693158,1.4193144779239275,1.414735529781099
604,1.421106130693158,1.4190480184503511,1.4140698751480756
605,1.4211236894145638,1.4194501682946687,1.415510456974553
606,1.4211236894145638,1.4196560981944453,1.4151685268727312
607,1.4211339862440633,1.4196196606967657,1.4174568782668648
608,1.4212517427229612,1.4195636477026452,1.4145448871003046
609,1.4212517427229612,1.419399658681237,1.409709370867179
610,1.4213197054457811,1.4196313423245825,1.4163771499159143
611,1.4213704190154994,1.4200603934629747,1.4154339226202355
612,1.4213704190154994,1.4198089566739553,1.4160396290180295
613,1.4214806111124585,1.4199744047532608,1.416984356273925
614,1.4214806111124585,1.4197605998149516,1.4107533064288502
615,1.4214806111124585,1.4200519128558202,1.413144642681717
616,1.4214806111124585,1.419924971745781,1.4172404201663822
617,1.4214806111124585,1.4202203635244772,1.4166720317284058
618,1.4214806111124585,1.4198961159883554,1.4156402925051168
619,1.4215938436136428,1.4196655452378923,1.4146485423124766
620,1.4215938436136428,1.4193480821463293,1.4140584468181643
621,1.4215938436136428,1.4194017206385752,1.4152162777028858
622,1.4215938436136428,1.4191421993832927,1.4159358641369393
623,1.4215938436136428,1.419245567097048,1.4143661066812845
624,1.421618970253836,1.4192755295454733,1.4055206417649635
625,1.421618970253836,1.419631613785151,1.4140486222157267
626,1.4216614826592906,1.4197540919400904,1.4159365405661228
627,1.4217217951904297,1.4200098757863442,1.4153524666681179
628,1.4217217951904297,1.4200092407582179,1.4168590438348425
629,1.421733537113174,1.4198121632431906,1.4147149758793918
630,1.421733537113174,1.41998824019108,1.416058323233493
631,1.421733537113174,1.4201727189462177,1.4150423408015889
632,1.421733537113174,1.4201371744162776,1.4142843077796676
633,1.4217798185786896,1.4200484984483464,1.4150319435995482
634,1.4217798185786896,1.4205800018275423,1.4185195926709087
635,1.4217798185786896,1.4203577029603613,1.4169212620036349
636,1.4220718409466615,1.4203264133061055,1.4151141277066506
637,1.4220718409466615,1.4204344494911578,1.4139528708104434
638,1.4220718409466615,1.4205150549623975,1.4181601658630003
639,1.4220778397906813,1.4203711129418286,1.4084142250029938
640,1.4221322597328256,1.4203183138012565,1.409708366057002
641,1.4221322597328256,1.4205646183714038,1.416424676829448
642,1.4221322597328256,1.4201947761683682,1.4147017605716996
643,1.4221322597328256,1.4203244545620533,1.416534002912495
644,1.4221322597328256,1.420587262163919,1.4166499943334312
645,1.4221322597328256,1.4207229187059247,1.417887805389527
646,1.4221322597328256,1.4205112203654473,1.414468928009237
647,1.4222385138915676,1.4201037560524798,1.416087497523919
648,1.4222411362920604,1.4203834172722782,1.4140905224786957
649,1.4222796032449083,1.4205013516021088,1.4168970857566316
650,1.4222796032449083,1.4206817658396362,1.4159545045107937
651,1.4222796032449083,1.4208516556713635,1.4156046843762835
652,1.4222796032449083,1.4211627564040634,1.418488421124631
653,1.4222796032449083,1.4213006753187118,1.4181455297484122
654,1.4225484532181005,1.4211377032891876,1.4174567322825866
655,1.4225484532181005,1.4211154147806848,1.4171498257155597
656,1.4225484532181005,1.42104868877652,1.417296979978075
657,1.4225484532181005,1.4207721813266243,1.4175077182425193
658,1.4225484532181005,1.4204248854723511,1.4105282048537753
659,1.4225484532181005,1.4205337685971011,1.4096780417157495
660,1.4225484532181005,1.420352778422948,1.4125285421122844
661,1.4225484532181005,1.4202791213103623,1.412580329613802
662,1.4225484532181005,1.4205311744385802,1.4149848914952894
663,1.4225484532181005,1.42016548561913,1.4156248891774643
664,1.4225484532181005,1.4204316903266148,1.4172338378668483
665,1.4225484532181005,1.420695875135093,1.4157347114948475
666,1.4227615532890698,1.4206958377287027,1.4153669992903497
667,1.4227615532890698,1.4207637260445742,1.4166722751090464
668,1.4229251486762216,1.4211049871524273,1.4180359565440173
669,1.422935633417944,1.421403703394222,1.4173774976190323
670,1.422935633417944,1.4213902350610481,1.4179519601642034
671,1.422935633417944,1.4214456057875213,1.419327059780485
672,1.422935633417944,1.4216053456405477,1.4186302107430273
673,1.4231066961698164,1.4217863955393955,1.4190317643477581
674,1.4231066961698164,1.4217831789416762,1.4168831070582653
675,1.4231066961698164,1.4215780243830978,1.4176962474973251
676,1.4231066961698164,1.4214010940639767,1.4178512172288567
677,1.423164533185313,1.4216073609892748,1.4190146362670046
678,1.4235457491508454,1.4215285143195906,1.4174816937061163
679,1.4235457491508454,1.4215079884631339,1.4182321621082496
680,1.4235457491508454,1.4217067773427678,1.419291942784039
681,1.4235626746003918,1.4217468878574062,1.418540281221199
682,1.4235626746003918,1.4217111489010166,1.417845907017136
683,1.4236643966836315,1.4220331273225406,1.4192244473122002
684,1.4237485765382751,1.4222687290294678,1.4181049593362085
685,1.4237485765382751,1.4217860508047864,1.4190513941256828
686,1.4237485765382751,1.4221557498526125,1.4174944386654849
687,1.4237485765382751,1.4223686991631252,1.4203122303320315
688,1.4237485765382751,1.4222750843552328,1.4199871791777934
689,1.4237485765382751,1.4225389730792388,1.4206360899414554
690,1.4238744148530027,1.4224885981549529,1.4170498289450453
691,1.4238744148530027,1.422270269660003,1.4179527580185394
692,1.4238744148530027,1.4221148980581675,1.4165863245562507
693,1.4238744148530027,1.4219392458500482,1.41537281959118
694,1.4238744148530027,1.4217710477685677,1.4123850853095594
695,1.4238744148530027,1.421408516958473,1.4165286903492778
696,1.4238744148530027,1.4218039553729147,1.415896027535984
697,1.4238744148530027,1.4218061476159618,1.4170557649417335
698,1.4238744148530027,1.4218179739756365,1.4181380197477145
699,1.4238744148530027,1.4220222160949136,1.418647805597915
700,1.4238744148530027,1.4226792757231743,1.4186782435667602
701,1.4238744148530027,1.4227291468910688,1.4187311279176356
702,1.4238744148530027,1.423056453297927,1.4205546955650135
703,1.4238744148530027,1.4231477293248331,1.4211533393719524
704,1.4241179224721001,1.42320509141132,1.4219834488861947
705,1.4241179224721001,1.423126243748126,1.4204118295534345
706,1.4241225124208199,1.4228373483652916,1.4184455014210045
707,1.4242166168448052,1.4225995595651753,1.4180090383629866
708,1.4242166168448052,1.4226343501925356,1.4179104037259032
709,1.4242166168448052,1.4220648126129276,1.4133115026513583
710,1.4242166168448052,1.4215748899968568,1.412147185546149
711,1.4243091910610117,1.4208845649365822,1.406146955421763
712,1.4243091910610117,1.4208490483704495,1.4105004464091224
713,1.4244989377657764,1.4211986632491227,1.407663134945088
714,1.4244989377657764,1.4212196634217882,1.412544406919898
715,1.4244989377657764,1.4218613903259256,1.4173592483305544
716,1.4244989377657764,1.421852375864993,1.4131380936272093
717,1.4247359314323078,1.4221948620632523,1.4180058506958024
718,1.4247359314323078,1.4227513682993362,1.4200824739775222
719,1.4247359314323078,1.4229807552026517,1.4184533590571078
720,1.4247359314323078,1.4230686651218503,1.4195276303438893
721,1.424903686119341,1.4232589470421675,1.4200322569550494
722,1.424903686119341,1.4234651691859403,1.4199978997112963
723,1.4249324193595378,1.4233111096799025,1.4199844595620252
724,1.4249324193595378,1.4233969570495322,1.4202371602445718
725,1.4249324193595378,1.423437411136008,1.4193215133211217
726,1.4249324193595378,1.4234625468408837,1.4205686599639684
727,1.4249324193595378,1.4236237335565232,1.42102130072132
728,1.4249324193595378,1.4232193914192885,1.4173815718681693
729,1.4249324193595378,1.4234199635670746,1.4207267039302618
730,1.4249324193595378,1.4229965812762568,1.4148955413066988
731,1.4249324193595378,1.422313390686625,1.4164896274584253
732,1.4249324193595378,1.4227177262432051,1.4113993335615056
733,1.4249324193595378,1.4226801566329543,1.4142275297517264
734,1.4249363640025798,1.4223599546926136,1.4179594406811038
735,1.4249363640025798,1.4227591448776251,1.4146476631098668
736,1.4249363640025798,1.4223209319936034,1.414524782341469
737,1.4249363640025798,1.4225587065590974,1.4169408747551937
738,1.4249363640025798,1.4233161185639163,1.4198770898642492
739,1.424955740050228,1.4236328480047493,1.4197491367270396
740,1.4250857372915207,1.4237637158819507,1.4202120201132888
741,1.4252589172510939,1.4235914601289252,1.4176799675844431
742,1.4252589172510939,1.4235789952623525,1.420479111391486
743,1.4252589172510939,1.4234198942258893,1.4191803992999374
744,1.4252589172510939,1.423438034539492,1.4199804675487413
745,1.4252589172510939,1.4235202311558848,1.421131342012528
746,1.4252589172510939,1.423542701890877,1.4186339483041086
747,1.4252589172510939,1.4235606429771366,1.4161962341723022
748,1.4254474090794493,1.42343307027048,1.4194828823960206
749,1.4254474090794493,1.4232456185585687,1.4195926993020247
750,1.4254474090794493,1.4230199847046532,1.4110626099811205
751,1.4254474090794493,1.4231479213895077,1.418118114512397
752,1.4254474090794493,1.4232960898443352,1.411367235945245
753,1.4254911258058147,1.4230968952563732,1.4172446727574113
754,1.4254911258058147,1.42347393053438,1.4192305823940852
755,1.4257312466014032,1.423600961379374,1.4196686382834567
756,1.4257312466014032,1.4238692197885277,1.4198324747038922
757,1.4257312466014032,1.4238493449090484,1.420781438690977
758,1.4257312466014032,1.4240766815628298,1.415299190266588
759,1.4257312466014032,1.4241171768695005,1.4197305725030047
760,1.4257312466014032,1.424360873940989,1.4214338684713381
761,1.4257312466014032,1.4244395846525792,1.4216207582178901
762,1.4257312466014032,1.42446636222821,1.4207535478540365
763,1.425826816916351,1.424303445369491,1.4176339574948311
764,1.425826816916351,1.4241712801967963,1.4184594834693938
765,1.425826816916351,1.4240113017197242,1.4193238472437344
766,1.425826816916351,1.4241557782797452,1.4201056539400911
767,1.425826816916351,1.4242979780847111,1.4192999314981847
768,1.425826816916351,1.424410696004758,1.4208207811910882
769,1.425826816916351,1.424522447802512,1.4215961972062519
770,1.425826816916351,1.4244140956964246,1.4181175456812602
771,1.425826816916351,1.424780713013633,1.4209061028038037
772,1.425826816916351,1.425051090407892,1.421601982194922
773,1.425826816916351,1.4252389649553654,1.4222954994156312
774,1.4258440418337563,1.4251399063264594,1.4222872488972949
775,1.4259575969201093,1.4251129490355456,1.422763986045095
776,1.4259575969201093,1.4251520494547816,1.423206112907167
777,1.4259575969201093,1.4252199074775729,1.4232534198248503
778,1.4261851354999873,1.4251952123317766,1.4225318690268833
779,1.4261851354999873,1.4252100756460906,1.423918388000098
780,1.4261851354999873,1.4251208010390954,1.4217015162919717
781,1.4261851354999873,1.4250828959105581,1.4230354367827383
782,1.4261851354999873,1.4249775069839734,1.4210579868790822
783,1.4261851354999873,1.424931677338776,1.420780443918894
784,1.4264768145998392,1.4249106857928415,1.4208364310099364
785,1.4264768145998392,1.4247808206211952,1.4170518192411796
786,1.4264768145998392,1.4248654558956397,1.4205664246470404
787,1.4264768145998392,1.4251635237358844,1.4228631627602681
788,1.4264768145998392,1.4252764055793248,1.4222972626797823
789,1.4264768145998392,1.4256944535069342,1.4240887671118143
790,1.4264768145998392,1.4256800843442745,1.4225272767678758
791,1.4264768145998392,1.4254219307923046,1.4209341821012456
792,1.4264768145998392,1.4251911641474544,1.4223865169926069
793,1.4265101496187504,1.4250980714448185,1.418027029535178
794,1.4265101496187504,1.4249417889638663,1.4199942773269976
795,1.4267812693178805,1.425181319691988,1.4218196588680598
796,1.4267812693178805,1.4252592888747477,1.4218015440916683
797,1.4267812693178805,1.425074946877931,1.4110770494601828
798,1.4267812693178805,1.4253205579061794,1.4220453688511945
799,1.4267812693178805,1.4252363426953918,1.4216201643312651
800,1.426841401050947,1.4252201344088307,1.4216066564459793
801,1.426841401050947,1.4253441408458363,1.4220148932931969
802,1.426841401050947,1.424925948850865,1.4184071928036877
803,1.426841401050947,1.4251019895682233,1.421784414062625
804,1.426841401050947,1.4251601059715882,1.4211285127088185
805,1.426841401050947,1.4251499537516132,1.4199834441636192
806,1.4268521275237835,1.4249829574491644,1.4206034809437438
807,1.4268521275237835,1.4252032004811173,1.420722458161165
808,1.427069759318145,1.4254146023069052,1.4231407749987548
809,1.427069759318145,1.4253202415684347,1.4197167465265046
810,1.427069759318145,1.4254223000003854,1.419793765961074
811,1.427069759318145,1.4254692796310846,1.4226285783508874
812,1.427069759318145,1.4255250015470913,1.4222280795298352
813,1.427069759318145,1.425657608802258,1.4206885617445495
814,1.427069759318145,1.4253612443441728,1.4218454797263835
815,1.427069759318145,1.4253320433316368,1.4217860752653275
816,1.427069759318145,1.4256223187207686,1.4223989466102933
817,1.427069759318145,1.4256696665517299,1.4239616134351523
818,1.4272660804302977,1.425749050765135,1.4206383984234991
819,1.4272660804302977,1.4259714862741517,1.4227313654795908
820,1.4272981220800658,1.4259970743642016,1.4239936249162162
821,1.4274027206009783,1.4262542515147123,1.4242274778486008
822,1.4274027206009783,1.4259208483854224,1.4230967224851199
823,1.4274027206009783,1.4257618906410414,1.4219147002154375
824,1.4274027206009783,1.4261922264668112,1.4228238204984656
825,1.4274027206009783,1.425883373066427,1.420825327578436
826,1.4274027206009783,1.4255786042736185,1.4168437013871855
827,1.4274027206009783,1.4252565718097063,1.4154284943572353
828,1.4274027206009783,1.425025971527561,1.4074854650773754
829,1.4274027206009783,1.424828897704469,1.4170583336411575
830,1.4274418624753704,1.4249004692651253,1.4179475482053407
831,1.4274418624753704,1.4248319071766415,1.4111577924926384
832,1.4274418624753704,1.4251149534072507,1.4206768483810515
833,1.4274418624753704,1.4251292564552218,1.4198265741505083
834,1.4274418624753704,1.4254065894006427,1.420689410104258
835,1.427570423438142,1.4260437691727665,1.4223996114823598
836,1.427570423438142,1.4257735707556554,1.4195375572035298
837,1.427570423438142,1.4259679667130367,1.422167392641734
838,1.427570423438142,1.4256449166910052,1.412450035147138
839,1.427570423438142,1.4257110069258865,1.4203561963614821
840,1.427570423438142,1.4255484641045928,1.4201664972173613
841,1.4276206239829243,1.4261067373781287,1.4223373759180622
842,1.4280562508380807,1.426048315128743,1.4224649005380006
843,1.4280562508380807,1.4263714485881538,1.421173075203485
844,1.4280562508380807,1.426259080005052,1.423301965727618
845,1.4280562508380807,1.4262378096012631,1.420688867402326
846,1.4280562508380807,1.4260685772629096,1.4201524337903595
847,1.4282541057530331,1.4261679718021072,1.4130981780299612
848,1.4282541057530331,1.4262245802529343,1.415674009881812
849,1.4282541057530331,1.4264703195715285,1.4230821398879832
850,1.4282541057530331,1.4267263274650566,1.4224095875613796
851,1.4282541057530331,1.4268615568317526,1.4246238407927272
852,1.4282541057530331,1.4271876379541792,1.4244691625809291
853,1.4284723316458214,1.4274189793169334,1.423503852742746
854,1.4284723316458214,1.4275531099299141,1.4247790649679457
855,1.4284723316458214,1.427414265200899,1.420665951832896
856,1.4284723316458214,1.4276808807436168,1.4256799656554338
857,1.4285822608726146,1.4274024236473994,1.422448701728191
858,1.4285822608726146,1.427159227912949,1.4216040831659027
859,1.4285822608726146,1.427314924500817,1.423182382838775
860,1.4285822608726146,1.426950766936653,1.421709204414015
861,1.4285822608726146,1.4274218136488508,1.424799403887086
862,1.4285822608726146,1.4276442633999216,1.4251609544546309
863,1.4287628013331457,1.4273428146786529,1.4222870293993315
864,1.4287628013331457,1.4272080094452906,1.4230534102556
865,1.4287628013331457,1.4269752037244003,1.4244474956757212
866,1.4287628013331457,1.4271216699795979,1.419845824523212
867,1.4287628013331457,1.4269889530873061,1.4211291782494024
868,1.428768011456399,1.4271796422913747,1.4210553014866099
869,1.4290869192166176,1.4274018974184417,1.424573943620145
870,1.4290869192166176,1.4271367546191387,1.4218657384118243
871,1.4290869192166176,1.426999949302229,1.4226680519241814
872,1.4290869192166176,1.4276552842142252,1.425241405350219
873,1.4290869192166176,1.4276657332962293,1.423730350875439
874,1.4290869192166176,1.4276694507754633,1.4193792588423444
875,1.4290869192166176,1.4278545436683878,1.420432136213583
876,1.4291407439774333,1.4280774943889778,1.4222836351215389
877,1.4291407439774333,1.4283190125613512,1.425876315082173
878,1.4291407439774333,1.4282428408256964,1.4251791494368455
879,1.4291407439774333,1.4280383245180437,1.4247870732859977
880,1.4291407439774333,1.4280182242074637,1.424692441536593
881,1.4291407439774333,1.4279859903800862,1.4203638221566317
882,1.4291407439774333,1.4279014654784041,1.4250225193400632
883,1.4291407439774333,1.4279087456239716,1.422915654228438
884,1.4291407439774333,1.427932259740486,1.4246993023212078
885,1.4292404578583398,1.4281438097429842,1.4237499956916873
886,1.4292404578583398,1.4279566785040598,1.4247603923014904
887,1.4292404578583398,1.4277522313137867,1.4231334517605492
888,1.4292404578583398,1.4278821177081706,1.4254940842072767
889,1.4292404578583398,1.4279837412663938,1.4234296273581186
890,1.4292404578583398,1.427956149855619,1.4213296815739935
891,1.4292919123740109,1.4277842343974374,1.4171977168496268
892,1.429353422515472,1.4276263323963587,1.4217236978578518
893,1.429353422515472,1.427831025710541,1.4231184660967906
894,1.429353422515472,1.4281156228960759,1.4227958143272643
895,1.429353422515472,1.4281299287489406,1.4260191567044986
896,1.429353422515472,1.4280459962719667,1.4255570191721116
897,1.429353422515472,1.427806419795726,1.4193731090901398
898,1.429353422515472,1.42773306980517,1.4212008645692111
899,1.4297267586664089,1.4275895358758217,1.4206203107674693
900,1.4297267586664089,1.4278497790660034,1.4209768170766142
901,1.4297267586664089,1.4276644036850197,1.423706946805787
902,1.4297267586664089,1.428076377948854,1.4184459555591564
903,1.429727039086406,1.428165067023209,1.4243471462011679
904,1.429727039086406,1.4283401292164035,1.4248590330033146
905,1.429727039086406,1.4284696799030245,1.426033588274129
906,1.429727039086406,1.4287098172219401,1.4259508859848344
907,1.429727039086406,1.4284408707172194,1.422724037303504
908,1.429727039086406,1.4285592801634002,1.4246741413725006
909,1.4297885919545754,1.4283910147649983,1.4222279948581145
910,1.4297885919545754,1.4285435935087123,1.4213102754766282
911,1.4297885919545754,1.4280226486311227,1.4181686880156383
912,1.4297885919545754,1.427221005857791,1.4153839092761482
913,1.4297885919545754,1.4269954067276616,1.4188918149721497
914,1.4299377245801266,1.4275265552566188,1.4210478762620409
915,1.4299377245801266,1.427825554373583,1.4239795805483029
916,1.4299377245801266,1.4279422873183416,1.4236017512228707
917,1.4299377245801266,1.4279011053844881,1.4249593545885948
918,1.4299377245801266,1.42779934588728,1.4232584339196659
919,1.4299377245801266,1.4277978589935068,1.4238916392456262
920,1.4299377245801266,1.4281206934901995,1.422958228927162
921,1.4299377245801266,1.4281572289545594,1.4241302309585517
922,1.4300873445509663,1.4283801978956614,1.4243493043226305
923,1.4300873445509663,1.4284306986785855,1.4253798071198032
924,1.4300873445509663,1.4285264287887953,1.4244739364121268
925,1.4300873445509663,1.428824848537369,1.425802075183993
926,1.4300873445509663,1.4286642640740954,1.4231273368088557
927,1.4300873445509663,1.4286079500550761,1.424274238927421
928,1.4300873445509663,1.4288698856926072,1.424833246228156
929,1.4300873445509663,1.42902286063254,1.4260599522597852
930,1.4300873445509663,1.4290769334742373,1.4268810567118388
931,1.4300873445509663,1.4291792456922099,1.4258013724413139
932,1.4301101765838722,1.4291426238961742,1.4269932570068817
933,1.4301101765838722,1.429058513051961,1.4229719950837705
934,1.4301667520462458,1.428760861642648,1.4222324946026916
935,1.4301667520462458,1.4284871108716946,1.4216078052098582
936,1.4301667520462458,1.4281868202139216,1.4190616873592823
937,1.4301667520462458,1.4285578728530728,1.423346600718632
938,1.4302325677138052,1.428814290187897,1.4249257904799326
939,1.4302325677138052,1.429002401872103,1.4252964953472838
940,1.4302325677138052,1.4288302182224961,1.424107316097412
941,1.4302325677138052,1.4287988601214454,1.426019792103768
942,1.4302325677138052,1.4287068996209984,1.4255849800625433
943,1.4302325677138052,1.4288743078386839,1.4258445900241568
944,1.4302325677138052,1.4288311303796488,1.4254516675530802
945,1.4302325677138052,1.428749092048452,1.4244364349577547
946,1.4302422709407463,1.428473441507018,1.4252459712792827
947,1.4302422709407463,1.428424436218425,1.4248437331925128
948,1.4302422709407463,1.4286723053708243,1.42586273285594
949,1.4302422709407463,1.4286350850385858,1.4258203793143513
950,1.4302422709407463,1.4290309731895525,1.4251223868678706
951,1.430855680556002,1.4286423229981282,1.4197558858039372
952,1.430855680556002,1.4284094214061664,1.4241731329948009
953,1.430855680556002,1.4284978015197336,1.4251724210343912
954,1.430855680556002,1.4287777042971244,1.4254935901422534
955,1.430855680556002,1.428951934504273,1.4260393381187968
956,1.430855680556002,1.428582219390816,1.4233680111823765
957,1.430855680556002,1.428542606481386,1.4248020201705183
958,1.430855680556002,1.428882600544073,1.4234794518527891
959,1.430855680556002,1.4290044540332747,1.4255737341237844
960,1.430855680556002,1.4291608995308454,1.4253945462068986
961,1.430855680556002,1.4290231120699515,1.424546377881944
962,1.430855680556002,1.4290519539153286,1.4222972473696858
963,1.430855680556002,1.42912634578419,1.4262047021308843
964,1.430855680556002,1.4293642757534277,1.426181534369218
965,1.430855680556002,1.4292437341577684,1.4252005643156538
966,1.430855680556002,1.4293594189183567,1.4269159064847363
967,1.430855680556002,1.4287475272196821,1.4236200518431636
968,1.430855680556002,1.4286240371748806,1.422524251275182
969,1.430855680556002,1.4285309397894606,1.4237909704224199
970,1.430855680556002,1.4286456180469194,1.4260389892899636
971,1.4308905211829819,1.4287366459084487,1.4236862079620947
972,1.4308905211829819,1.428761541407547,1.4254573873722522
973,1.430968772211694,1.42897549091397,1.4232142279655204
974,1.430968772211694,1.428913885180334,1.4253316182748692
975,1.430968772211694,1.4289408780203618,1.4251486231940884
976,1.4310514403006387,1.4294629712955673,1.426265396351309
977,1.4310514403006387,1.4297560684059893,1.4253790965516568
978,1.4310514403006387,1.42964025096227,1.4238068976011813
979,1.4310514403006387,1.4292569243448847,1.4223197782352217
980,1.4310776199312794,1.429027539933956,1.4239667317250253
981,1.4310776199312794,1.4291052415000174,1.4235267222284347
982,1.4310776199312794,1.4292611497084733,1.4254639866359584
983,1.4310776199312794,1.4293172761127277,1.4263674818273853
984,1.4310845650017159,1.4296414114928655,1.42640821745066
985,1.4311606638717682,1.42973293762888,1.422870870108661
986,1.4311606638717682,1.4296689647110765,1.4185473831580035
987,1.4311606638717682,1.42948844369164,1.423275750547189
988,1.4311606638717682,1.4296076029738476,1.4237032346793375
989,1.4311992798768978,1.4292027038799369,1.4237407759205876
990,1.4311992798768978,1.4290705220538633,1.418048403977478
991,1.4311992798768978,1.4289586171875852,1.4222325523086374
992,1.4311992798768978,1.4294027244215912,1.4259110261431223
993,1.4311992798768978,1.4299586751751656,1.4268402731311907
994,1.4311992798768978,1.430062744911237,1.427429940050177
995,1.4311992798768978,1.430035544599504,1.4271626213802047
996,1.4311992798768978,1.4298437277176008,1.4271351404056605
997,1.4312170455557722,1.429909409562604,1.4270188509311008
998,1.4312170455557722,1.4299322070322193,1.427035039959524
999,1.4312170455557722,1.430088029627367,1.4276215581515068
1000,1.4314575773136533,1.4302620481866217,1.4253066610101703
1001,1.4314575773136533,1.430020715132018,1.4207138986033254
1002,1.4314575773136533,1.4299801267748642,1.4245887354898465
1003,1.4314575773136533,1.429717363254926,1.4213573108460014
1004,1.4314575773136533,1.4297504719345802,1.4263667206413613
1005,1.4314575773136533,1.4301717253264434,1.4264205303283992
1006,1.4314575773136533,1.4303719128241168,1.4270170874923842
1007,1.4314575773136533,1.4304755418328614,1.4276763011717244
1008,1.4314575773136533,1.4304036644626916,1.4268413617731013
1009,1.4315051523753366,1.430637550352352,1.4287143028328668
1010,1.4315051523753366,1.4306233994828619,1.4284794877912588
1011,1.4318538136533356,1.4306116464307446,1.4265247944487074
1012,1.4319286158022333,1.4303725702666004,1.4258073936212976
1013,1.4319286158022333,1.4300939246397564,1.4269006549055325
1014,1.4319286158022333,1.42988149763127,1.4247406019757591
1015,1.4319286158022333,1.4298447728866006,1.4265657616728835
1016,1.4319286158022333,1.430039360125059,1.4265668858501133
1017,1.4319286158022333,1.4301986236074038,1.4281233372731554
1018,1.4319286158022333,1.4303689288868346,1.4279163607652523
1019,1.4319286158022333,1.4304408457593063,1.4275170986575236
1020,1.4319286158022333,1.4305089100792439,1.4273473790590827
1021,1.4322519273239558,1.4304997951669813,1.4203219974400958
1022,1.4322519273239558,1.4301830100256752,1.4252654235662274
1023,1.4322519273239558,1.4306804557279529,1.424910177172268
1024,1.4322519273239558,1.4307227127450453,1.4249282664936087
1025,1.4322519273239558,1.4309265224886312,1.4275914813625488
1026,1.4323624573390885,1.431129469881541,1.4286012919000246
1027,1.4323624573390885,1.4308388394018265,1.4267226569290226
1028,1.4323624573390885,1.4304991732332528,1.424997645874414
1029,1.4323624573390885,1.4304773738193708,1.42719911498392
1030,1.4323624573390885,1.4303930958123956,1.4217440808112454
1031,1.432602649966374,1.430183711582396,1.4270000812415278
1032,1.432602649966374,1.430795915756009,1.4266904096278834
1033,1.432602649966374,1.4306516703991172,1.4159243124367613
1034,1.432602649966374,1.4305052625048174,1.4233944766423179
1035,1.432602649966374,1.4303832668929126,1.4245526337444916
1036,1.432602649966374,1.4304883877084793,1.42430353696635
1037,1.432602649966374,1.4301544349827071,1.4247345282765376
1038,1.432602649966374,1.430775843397004,1.4220783679331592
1039,1.432602649966374,1.4309676636838866,1.4230881299485132
1040,1.432602649966374,1.431213124559321,1.4278652493186477
1041,1.432602649966374,1.431119347509095,1.4284907496069656
1042,1.432602649966374,1.431244589791084,1.4268648356130815
1043,1.432602649966374,1.4313587040250335,1.4282047627308185
1044,1.432602649966374,1.4316746396869189,1.4268550332030314
1045,1.4326057117886442,1.4318178843143468,1.429753160209764
1046,1.4326057117886442,1.4316312738995363,1.4300860649579827
1047,1.4326596659333775,1.4316052476386278,1.428525183364385
1048,1.4326596659333775,1.4316308648128184,1.4296622334523053
1049,1.4326596659333775,1.4317653790825327,1.4302293842610905
1050,1.4326596659333775,1.431626727455708,1.4278132863315558
1051,1.4326596659333775,1.431376163966909,1.4271910399585794
1052,1.4326596659333775,1.4312620325926815,1.4272115215088248
1053,1.4326596659333775,1.431279658054379,1.4276997730225895
1054,1.4326596659333775,1.4310008989703744,1.4252402320246311
1055,1.4326596659333775,1.4311298939838457,1.4264094894171768
1056,1.4326596659333775,1.4313379621086413,1.427846812850925
1057,1.4326596659333775,1.4314753105713778,1.427695403751594
1058,1.4326596659333775,1.4310553455855013,1.4279640197783265
1059,1.4326596659333775,1.4309233425007826,1.4241307613920788
1060,1.4326661959256124,1.430868063543062,1.4243605915721933
1061,1.4326661959256124,1.4307250742243172,1.4246163032699228
1062,1.4326661959256124,1.430177100572272,1.4222782911693808
1063,1.4326661959256124,1.430087625197484,1.4238762024829257
1064,1.4326661959256124,1.4297581519738654,1.423482661790802
1065,1.4326661959256124,1.4300990897665102,1.4205885130478197
1066,1.4326661959256124,1.4305584391541317,1.4213044187819324
1067,1.4326661959256124,1.4304001517527212,1.4225399124879603
1068,1.4326661959256124,1.430490951796115,1.4272107738073352
1069,1.4326661959256124,1.4307045152610076,1.4255800608601572
1070,1.4326661959256124,1.4302118148648106,1.4235531672254995
1071,1.4326661959256124,1.4302487287170202,1.4257000494447303
1072,1.4326661959256124,1.4306119807674207,1.4250223468789933
1073,1.4326707722891918,1.4311006843265712,1.4265344639887316
1074,1.4326707722891918,1.4313988162621163,1.4264067844393828
1075,1.4326707722891918,1.4315466266155807,1.4298711535280388
1076,1.4330827848885734,1.4313881956598815,1.4282352910649998
1077,1.4330827848885734,1.4316827415833768,1.4274565517476803
1078,1.4330827848885734,1.431413369331251,1.4281270086296916
1079,1.4330827848885734,1.4312861352247714,1.4277292026046384
1080,1.4330827848885734,1.4316466237214518,1.428636312991957
1081,1.4330827848885734,1.4318083891927507,1.4290718187547824
1082,1.4330827848885734,1.4315453237391973,1.4254538850644096
1083,1.4330827848885734,1.4315761241168,1.426587808478617
1084,1.4330827848885734,1.4314699516465468,1.4185561161782085
1085,1.4330827848885734,1.4317190005284957,1.4271648666323207
1086,1.4330827848885734,1.4313317902877978,1.4128938204961736
1087,1.4333147223132365,1.431811620636102,1.4290232921386923
1088,1.4333147223132365,1.4316888514455774,1.424397125837589
1089,1.4333147223132365,1.431309559120971,1.4269717426702315
1090,1.4333147223132365,1.431490136163875,1.4287467259703566
1091,1.4333147223132365,1.4319499503056736,1.4283986168063791
1092,1.4333147223132365,1.431929482309443,1.428803748690318
1093,1.433366801910974,1.4321512836211112,1.4292484045655405
1094,1.433366801910974,1.4319759718404246,1.4272043110843475
1095,1.4334026326275635,1.4318598138042549,1.4283076988767882
1096,1.4334026326275635,1.4318255070612087,1.428985878089795
1097,1.4334026326275635,1.4318174853678611,1.4281509528075136
1098,1.4334779599417287,1.4322572973937735,1.4289142720977341
1099,1.4335419186847955,1.43221463476756,1.4286332959543415
1100,1.4335419186847955,1.431796967194248,1.4261279245066198
1101,1.4335419186847955,1.4318194043490449,1.4261315123983431
1102,1.4335419186847955,1.4316457902211943,1.4263062707122776
1103,1.4335419186847955,1.43184983677663,1.4289087844459991
1104,1.4335419186847955,1.4321995020355993,1.4291158127925796
1105,1.43366683282095,1.4323983855710833,1.4290231642243885
1106,1.43366683282095,1.432457636617324,1.4275852902636392
1107,1.43366683282095,1.4325024138096856,1.4278953901940383
1108,1.43366683282095,1.432597021925981,1.4288142421086865
1109,1.43366683282095,1.4323801827391822,1.4286683372195281
1110,1.43366683282095,1.4322362014274688,1.4272669008134997
1111,1.4337484314683184,1.4321782351653067,1.4236381435051872
1112,1.4337484314683184,1.431953234105798,1.424656439309914
1113,1.4337484314683184,1.4319313771545246,1.4263644633943222
1114,1.4337484314683184,1.431777140718887,1.4265281414963955
1115,1.4337484314683184,1.4320322208214213,1.4285182788119708
1116,1.4337484314683184,1.4322221445440473,1.4299113645540822
1117,1.4337484314683184,1.4319111287801056,1.4262115394886152
1118,1.4337484314683184,1.4316590186783833,1.4260094034103832
1119,1.4337484314683184,1.4317224059829192,1.423181420422227
1120,1.4338722961312609,1.4320652082991325,1.4268206636240335
1121,1.4338722961312609,1.4318175826350128,1.425687628140426
1122,1.4339685175673964,1.4316322446083651,1.4261557427555356
1123,1.4339685175673964,1.431712304080466,1.4273822598506896
1124,1.4340275888137133,1.4323107429586994,1.4285550495164392
1125,1.4340275888137133,1.4321792746746724,1.4285893453187444
1126,1.4340275888137133,1.4321762657037747,1.427513762678796
1127,1.4340275888137133,1.432546621700992,1.4287826599906686
1128,1.4340275888137133,1.4322991353298398,1.423482305353753
1129,1.4340275888137133,1.4324118409307907,1.4243136383088915
1130,1.4340275888137133,1.4325556396333343,1.4268321424891464
1131,1.4340275888137133,1.432352075320875,1.422247842338549
1132,1.4340538986896767,1.4322251127098085,1.4181950059806068
1133,1.4340538986896767,1.4320215675294443,1.4260686405054688
1134,1.4340538986896767,1.4315418100524655,1.4174785372333922
1135,1.4340538986896767,1.4309675884411666,1.4174573328397144
1136,1.4340538986896767,1.430636040986561,1.4108903897451168
1137,1.4340538986896767,1.4305456110645407,1.4207459833964662
1138,1.4340538986896767,1.431695658537464,1.4255220214034225
1139,1.4340538986896767,1.4323560470092727,1.4257838743613112
1140,1.4344725587818041,1.4323281284346203,1.4283730476293548
1141,1.4344725587818041,1.4328524040125792,1.4287248552335752
1142,1.4344725587818041,1.4326800316388806,1.428555849147843
1143,1.4344725587818041,1.432677402696994,1.4288554442825825
1144,1.43450361019243,1.4326525617690558,1.428229314670037
1145,1.43450361019243,1.4324438606832948,1.4254925373034069
1146,1.43450361019243,1.4320444340992444,1.4248965520820722
1147,1.43450361019243,1.4323763446555458,1.4277675834517283
1148,1.43450361019243,1.4321565586909655,1.424048072871279
1149,1.43450361019243,1.4321660294222422,1.4255230150799532
1150,1.43450361019243,1.4324502702007265,1.4291516704458949
1151,1.43450361019243,1.4325304643687047,1.4283876331661298
1152,1.43450361019243,1.4328072268948164,1.4262331266136712
1153,1.434651843917562,1.4324656921764716,1.4250863919555796
1154,1.434651843917562,1.4321834077872717,1.425975798992474
1155,1.434651843917562,1.4326694172016403,1.4258057394353405
1156,1.434651843917562,1.4328790358384802,1.4279215824469365
1157,1.434651843917562,1.4328563998894592,1.429430687632986
1158,1.434651843917562,1.4328640414000828,1.4294238090799976
1159,1.434651843917562,1.4330304635599287,1.429395389286097
1160,1.434651843917562,1.4328739891143925,1.4305135626960999
1161,1.434651843917562,1.433124551351094,1.4293060473749115
1162,1.434651843917562,1.4331075789440049,1.4289286030599806
1163,1.434651843917562,1.4330982607409928,1.4296087084399962
1164,1.434651843917562,1.433350752342652,1.4307878711567645
1165,1.4346907711370918,1.4331661624611218,1.4296771040340934
1166,1.4346907711370918,1.4332728567961142,1.4295239166784144
1167,1.4346907711370918,1.4333283150028373,1.4274388811128182
1168,1.4346907711370918,1.4330877832927007,1.4302275177849366
1169,1.4346907711370918,1.4326245717357506,1.4203114446826792
1170,1.4346907711370918,1.432088718182725,1.421559007765333
1171,1.4346907711370918,1.4324320069651373,1.4280610734838057
1172,1.4346907711370918,1.4326064229918396,1.426800049323247
1173,1.4346907711370918,1.4326604968166288,1.4273435760830715
1174,1.4346907711370918,1.4323960215314337,1.4244781962112043
1175,1.4346907711370918,1.4320535143543893,1.4280461550659498
1176,1.4346907711370918,1.4311771700972897,1.4100282786664786
1177,1.4346907711370918,1.430807947121109,1.4029454689709986
1178,1.4346907711370918,1.4307357622960162,1.4170061308526711
1179,1.4346907711370918,1.4304538603565375,1.400907212089052
1180,1.4346907711370918,1.431186004620449,1.4245438122271519
1181,1.4346907711370918,1.4310945264087902,1.4254079802053676
1182,1.4346907711370918,1.4315297485534542,1.4263736031898648
1183,1.4346907711370918,1.4323147205671785,1.4243389827280735
1184,1.4346907711370918,1.4324614975834578,1.4226327013297795
1185,1.4346907711370918,1.432549144429108,1.4287799332272475
1186,1.4346907711370918,1.4328194899690727,1.4278143532097325
1187,1.4346907711370918,1.4323919713532374,1.4261940778638347
1188,1.4346907711370918,1.4322603493251187,1.4280977634678937
1189,1.4346907711370918,1.4324327728827964,1.4226488961048374
1190,1.4346907711370918,1.43236272557579,1.4278840378632207
1191,1.4346907711370918,1.4328838275040556,1.4297586552977777
1192,1.4346907711370918,1.4330416150905267,1.4269466000695994
1193,1.4346907711370918,1.4330714464881655,1.4295939641155013
1194,1.4346907711370918,1.4330209841162083,1.4249236478599678
1195,1.4346907711370918,1.4328261529508695,1.4293321336948097
1196,1.4346907711370918,1.4329552844496896,1.4292968247095477
1197,1.4346907711370918,1.4327740382061065,1.429499848995951
1198,1.4346907711370918,1.4329790715871882,1.4271516763226089
1199,1.4346907711370918,1.4323655624301435,1.4178346534305843
1200,1.4346907711370918,1.4324312444953131,1.4257423019260136
1201,1.4346907711370918,1.4326072953349556,1.4278439609236606
1202,1.4346907711370918,1.432962984841094,1.4294296554579908
1203,1.4346907711370918,1.4332204693201536,1.4302084441832208
1204,1.4346907711370918,1.4330383335581747,1.4292401235117413
1205,1.4346907711370918,1.4333074685539777,1.430015636206999
1206,1.4346907711370918,1.4334104249499284,1.431186038334786
1207,1.4346907711370918,1.4333515624178008,1.429241083592172
1208,1.4346907711370918,1.4333938517780078,1.4293709184509542
1209,1.4346907711370918,1.4334920576794516,1.4272135364465295
1210,1.4346907711370918,1.4332887011427475,1.4275371034106494
1211,1.4346907711370918,1.4331075354930323,1.4281203960773134
1212,1.4346907711370918,1.432874525032839,1.4243712046324233
1213,1.4346907711370918,1.4327664701771905,1.4263578589038066
1214,1.4346968670069848,1.4330390114881846,1.428291968118399
1215,1.4346968670069848,1.4330492438136964,1.4301800552606991
1216,1.4346968670069848,1.4327488632590886,1.4282536266696944
1217,1.4346968670069848,1.4325541774609618,1.4188357056610852
1218,1.4346968670069848,1.4324464332215912,1.4297005857906915
1219,1.4346968670069848,1.4323993707523923,1.4243174898593203
1220,1.4346968670069848,1.4318724660092963,1.4207799098625569
1221,1.4346968670069848,1.4313137085261602,1.4155713171066786
1222,1.4346968670069848,1.4317923363428902,1.4260436940878058
1223,1.4346968670069848,1.4323443037681352,1.4270936166849268
1224,1.4346968670069848,1.4326842327924376,1.4274126131126448
1225,1.4346968670069848,1.4327679946458574,1.4286526975272111
1226,1.4347197375468705,1.4330559755930181,1.4295469717036795
1227,1.4347197375468705,1.433124788195865,1.4305441428755672
1228,1.434726721853446,1.433649433500543,1.4300451634042584
1229,1.434726721853446,1.433508361248336,1.4297287684565076
1230,1.434726721853446,1.433738798192947,1.4311507537744015
1231,1.434726721853446,1.4334837046434468,1.4290264178655026
1232,1.434726721853446,1.433556781784636,1.4299269168678648
1233,1.434726721853446,1.433448055997068,1.4286563354646329
1234,1.434726721853446,1.433526393999295,1.4295864964049372
1235,1.4350427208449168,1.4337147474907466,1.4302550300559946
1236,1.4350427208449168,1.4336897597977052,1.4315108301999224
1237,1.4350427208449168,1.4336468656232164,1.430183685417038
1238,1.4350427208449168,1.43312352084596,1.4242897054968073
1239,1.4350427208449168,1.4327104522790528,1.4167359394689896
1240,1.4350427208449168,1.4317155939492778,1.4133542527217309
1241,1.4350427208449168,1.4316055527579092,1.4134916467644543
1242,1.4350427208449168,1.4317798448149288,1.4244604534818055
1243,1.4350427208449168,1.4317590212791302,1.4248268843474494
1244,1.4350427208449168,1.4318296274128832,1.425223591111323
1245,1.4350427208449168,1.431945906666594,1.4218697455598859
1246,1.4350427208449168,1.4313982331442952,1.4247949315551616
1247,1.4350427208449168,1.4309585097979973,1.4214346393413295
1248,1.4350427208449168,1.4318802115463527,1.4256969333112894
1249,1.4350427208449168,1.432627681128038,1.4245051508417155
1250,1.4350427208449168,1.4317602517932324,1.4213595137932784
1251,1.4350427208449168,1.4321898843666665,1.4243936826658183
1252,1.4350427208449168,1.4321173720922755,1.4239688361781901
1253,1.4350427208449168,1.4318497154170324,1.4245008510288886
1254,1.4350427208449168,1.431973335565164,1.4235449524072263
1255,1.4350427208449168,1.4317637476428262,1.423710606578389
1256,1.4350427208449168,1.4317827738867477,1.4270584439647591
1257,1.4350427208449168,1.4324120944356165,1.4279554946055846
1258,1.4350427208449168,1.4328824803821556,1.4283076628180622
1259,1.4350427208449168,1.4327338087108143,1.425300314639549
1260,1.4350427208449168,1.4326266659707267,1.4277264777807648
1261,1.4350427208449168,1.4328048981953947,1.4292752129311583
1262,1.4350427208449168,1.4331667792158478,1.4299508867488047
1263,1.4350427208449168,1.4331738521505324,1.429344539276661
1264,1.4350427208449168,1.4332544332587875,1.429780328091288
1265,1.4350427208449168,1.4332828343635273,1.4303797360973602
1266,1.4350427208449168,1.4334028231583948,1.4300422888715696
1267,1.4350427208449168,1.433656101215129,1.4301005709366494
1268,1.4350427208449168,1.4335587882214562,1.4268902123873957
1269,1.4350427208449168,1.4337114965711972,1.4305499007631097
1270,1.4351589775776619,1.4336180531919689,1.4297624362115227
1271,1.4351589775776619,1.4334240558693634,1.4294512992326054
1272,1.4351589775776619,1.4330850668078896,1.4283402097709668
1273,1.4351589775776619,1.4334006333973084,1.4294974186566196
1274,1.4351589775776619,1.4331454541569817,1.4289698599231635
1275,1.4351589775776619,1.4334665226263708,1.4293776770790747
1276,1.4351589775776619,1.4335375299640136,1.4271862296180613
1277,1.4351589775776619,1.4335257894293982,1.4298873005103216
1278,1.4351589775776619,1.433775614690025,1.4297946232671437
1279,1.4352001064798092,1.43393925086238,1.4251743642569112
1280,1.4352001064798092,1.4334841466748953,1.4275680102262467
1281,1.4352001064798092,1.4332255116374761,1.4256198376993108
1282,1.4352001064798092,1.4338179046458654,1.4310348330246576
1283,1.4352001064798092,1.4340399972216682,1.4314997099739781
1284,1.4352001064798092,1.4336661414772092,1.4301479156987833
1285,1.4352001064798092,1.4334768384400918,1.4189589578359205
1286,1.4352001064798092,1.433040921264929,1.428661239853846
1287,1.4352001064798092,1.4328432165011116,1.4262736453858977
1288,1.4352001064798092,1.4327831446666834,1.4277568771630347
1289,1.4352001064798092,1.433306091333725,1.4239863248876543
1290,1.4352001064798092,1.4334966754868967,1.4266513151396276
1291,1.4352001064798092,1.4336656243990546,1.4282275653715482
1292,1.4352001064798092,1.4337682826044962,1.4301040072424058
1293,1.4352001064798092,1.433973759849585,1.4310467537869247
1294,1.4352001064798092,1.4340027343287685,1.4281969938436345
1295,1.4352568373771852,1.4341976656011886,1.4316368518019207
1296,1.4352568373771852,1.4344701791637409,1.431022891799941
1297,1.4352568373771852,1.4345423923054332,1.4325386041422323
1298,1.4352568373771852,1.4343771081304033,1.431019461616927
1299,1.4352568373771852,1.434068269856564,1.4315030568675327
1300,1.4352568373771852,1.4340482689123966,1.4305193884864336
1301,1.4352568373771852,1.4338237937175016,1.430631856144081
1302,1.4352568373771852,1.4335841702749683,1.4302788782224314
1303,1.4352568373771852,1.433429498453689,1.4288821286412459
1304,1.4352568373771852,1.4332629034805109,1.4224661638392146
1305,1.4352568373771852,1.432868308088404,1.4277027373809195
1306,1.4352568373771852,1.4335040274257331,1.4297281931226515
1307,1.4352568373771852,1.4333596536955409,1.4298483639061408
1308,1.4352568373771852,1.4337315879350925,1.4279209711876397
1309,1.4352568373771852,1.433992239842604,1.4295801762671083
1310,1.4352568373771852,1.43445455401878,1.4305092787343223
1311,1.4352568373771852,1.4343952694284174,1.4321206925391476
1312,1.4352568373771852,1.434259350165542,1.42812182091473
1313,1.4352568373771852,1.4340391977885363,1.4265818909012704
1314,1.4352568373771852,1.4340884643895921,1.4317587074200053
1315,1.435352476295431,1.4340266873490577,1.4266700126006087
1316,1.435352476295431,1.4339417371502376,1.4290775725840332
1317,1.435352476295431,1.4340501713017315,1.4306039507256274
1318,1.435352476295431,1.433982252157091,1.4302763224423642
1319,1.435352476295431,1.433819346647206,1.4229546284809593
1320,1.435352476295431,1.4333430347642055,1.4277693851403979
1321,1.435352476295431,1.4338295729601098,1.4293051651506423
1322,1.4356086642636245,1.4338143686402436,1.4299816673209769
1323,1.4356086642636245,1.433906051491715,1.427729249063572
1324,1.4356086642636245,1.4337321538543302,1.4280940456749862
1325,1.4356086642636245,1.4337787018033539,1.4250529972665336
1326,1.4356086642636245,1.4334525845428163,1.4260724789516357
1327,1.4356086642636245,1.4334740666428505,1.4233821776432483
1328,1.4356086642636245,1.4339047096951043,1.4312586272686736
1329,1.4356086642636245,1.4340314063866197,1.4293424307172853
1330,1.4356086642636245,1.4341223943142696,1.4297996799126798
1331,1.4356086642636245,1.4342948264209756,1.4314122523277653
1332,1.4356086642636245,1.4341630553889206,1.4301629311858524
1333,1.4356086642636245,1.4339415711271497,1.4294251915084302
1334,1.4356086642636245,1.433969162127413,1.4301188119391455
1335,1.4356086642636245,1.4340060011844795,1.429682779926267
1336,1.4356086642636245,1.4341054743475952,1.430739551084519
1337,1.4356086642636245,1.4344585830053649,1.4307544071247502
1338,1.4356086642636245,1.434268413963742,1.4301817106396355
1339,1.4356086642636245,1.4342878880885104,1.4318686698891148
1340,1.4356086642636245,1.4340712722431455,1.4314804779513974
1341,1.4356086642636245,1.4343206651133702,1.431397165829051
1342,1.4356086642636245,1.434254352059964,1.4320608691549626
1343,1.4356086642636245,1.4344160912606518,1.4252810694764502
1344,1.4356086642636245,1.4345184264515984,1.4240232904293804
1345,1.4356086642636245,1.4344469614213538,1.4311704453119911
1346,1.4356086642636245,1.4344826850345707,1.4314937669574164
1347,1.4356086642636245,1.4345202541656363,1.4304955671905022
1348,1.4356086642636245,1.4344508878506415,1.4329277188552583
1349,1.4356086642636245,1.4344038882440864,1.430528160487091
1350,1.435649819709989,1.4344605278398546,1.4322483663595444
1351,1.435649819709989,1.4348158434721214,1.4330478004006753
1352,1.435649819709989,1.4348289329678579,1.4324610734838288
1353,1.435649819709989,1.4351639197525066,1.4338297199397407
1354,1.435649819709989,1.4351242047786539,1.4317086283946319
1355,1.435649819709989,1.4349155870819061,1.4317964837277453
1356,1.435649819709989,1.4348181022255346,1.4325979956254995
1357,1.435649819709989,1.4347456068648357,1.4319593130647088
1358,1.435649819709989,1.4345658015352196,1.4319015793626055
1359,1.435649819709989,1.4343600804661636,1.425757879114067
1360,1.435649819709989,1.4343704934621626,1.4308751820308636
1361,1.435649819709989,1.4345171563913803,1.431316115397549
1362,1.435649819709989,1.4346346694680958,1.4324940087769638
1363,1.435649819709989,1.4347511817291234,1.4320351071586197
1364,1.435649819709989,1.434820960239666,1.4321547424355163
1365,1.435761332692874,1.434739534227137,1.4325855346367726
1366,1.435761332692874,1.434512732770316,1.4269881693767528
1367,1.4358660401942254,1.4344391542833563,1.4312398071271326
1368,1.4358660401942254,1.4340798724190802,1.4253271449628535
1369,1.4358660401942254,1.4341162712133981,1.4297416201630386
1370,1.4358660401942254,1.4343061774278651,1.4312443269630897
1371,1.4359793825700102,1.4342826432462226,1.4297715913587612
1372,1.4359793825700102,1.4344839057481502,1.430502299896462
1373,1.4359793825700102,1.434534013009334,1.4318362924839334
1374,1.4359793825700102,1.434254202184986,1.429105350427648
1375,1.4359793825700102,1.4336680076606936,1.4288503570365285
1376,1.4359793825700102,1.4333092306775552,1.4275594318489517
1377,1.4359793825700102,1.4334431353715704,1.4260515722557696
1378,1.4359793825700102,1.433547749608998,1.4250348360103295
1379,1.4359793825700102,1.4335568122817852,1.4283832595603339
1380,1.4359793825700102,1.4333592574992415,1.4280301603212566
1381,1.4359793825700102,1.4337369819217003,1.4299986449985507
1382,1.4359793825700102,1.433888436405787,1.4310179195435895
1383,1.4359793825700102,1.4341717044759952,1.4303778636259972
1384,1.4359793825700102,1.4341590362986296,1.4301652846165958
1385,1.4359793825700102,1.434471329483583,1.4283567599225255
1386,1.4359793825700102,1.43435159053992,1.4317249088826351
1387,1.4359793825700102,1.4342970289536359,1.4290587201077254
1388,1.4359793825700102,1.434205867847992,1.4256860254115389
1389,1.4359793825700102,1.4341886437784734,1.4311578344351474
1390,1.4359793825700102,1.4343709171123762,1.4306173062889467
1391,1.4359793825700102,1.434271083123292,1.4285677678997857
1392,1.4359793825700102,1.434213769834428,1.4294061570435053
1393,1.4359793825700102,1.433985680490157,1.4299213288361483
1394,1.4359793825700102,1.4341234036788628,1.4284545152259323
1395,1.4359793825700102,1.4337042275935483,1.4280609671828186
1396,1.4359793825700102,1.4340502420994035,1.4304243676340866
1397,1.4359793825700102,1.4340759829518543,1.431209605193372
1398,1.4359793825700102,1.4335395496407985,1.4208426270734233
1399,1.436124931068822,1.432934034988917,1.4217369422151414
1400,1.436124931068822,1.433129047642926,1.423930876268041
1401,1.436124931068822,1.4327229300535023,1.426808544184668
1402,1.436124931068822,1.4331496322118848,1.4248287071790342
1403,1.436124931068822,1.4335159228442345,1.4283373586227308
1404,1.436124931068822,1.4340387399528867,1.4291798845439831
1405,1.436124931068822,1.4340084486203142,1.4255212557438284
1406,1.436124931068822,1.4341385588866598,1.4312423442669684
1407,1.436124931068822,1.4344258020082317,1.4319305619235911
1408,1.436124931068822,1.434307554301853,1.4274918681805007
1409,1.436124931068822,1.4344379570477854,1.4315900377292872
1410,1.4361528922865334,1.4343541241267943,1.4301641333098705
1411,1.4361528922865334,1.4341847783195933,1.4271955014698028
1412,1.4361528922865334,1.434277427061475,1.4246675751220144
1413,1.4361528922865334,1.4344163807295038,1.4316927679893536
1414,1.4361528922865334,1.434063316110975,1.4311474679533136
1415,1.4361528922865334,1.4339538210231828,1.4283621445756522
1416,1.4361528922865334,1.433517570123788,1.4285159547346793
1417,1.43623401246782,1.4339773244289051,1.4306623312770783
1418,1.43623401246782,1.4342212715707623,1.4304591118811845
1419,1.43623401246782,1.4344283405132643,1.4299630523311373
1420,1.43623401246782,1.4347475713562678,1.4317124095782048
1421,1.4362723440722425,1.4350492949753382,1.432271005015564
1422,1.4362723440722425,1.4351434993864798,1.4330798527084758
1423,1.4362723440722425,1.4350957785028122,1.432262039430519
1424,1.4362723440722425,1.4348490606920123,1.4318731274986323
1425,1.4362723440722425,1.434777254457079,1.4320311877444207
1426,1.4362723440722425,1.43462182142897,1.429176787180765
1427,1.4362723440722425,1.4346685795933913,1.4311924146024184
1428,1.4362723440722425,1.4345482964209477,1.4288659121939729
1429,1.4362723440722425,1.4344952563592108,1.428411935721998
1430,1.4362723440722425,1.4347984509421232,1.43117511608918
1431,1.4362723440722425,1.4349078943182685,1.432063065501538
1432,1.4362723440722425,1.4351227759399867,1.4330093935492314
1433,1.4362723440722425,1.4353418764499324,1.4320072387858036
1434,1.4362723440722425,1.4352988715897856,1.4323338134040569
1435,1.4362723440722425,1.435374644833664,1.4319957202105362
1436,1.4362723440722425,1.4353807984869196,1.4321602667057578
1437,1.4362723440722425,1.435153638229428,1.4288676669517613
1438,1.4362723440722425,1.4352468739983613,1.433615844807429
1439,1.4362723440722425,1.4354272518038327,1.4329751563428774
1440,1.4362723440722425,1.4353959409664503,1.4336237655249588
1441,1.4362985530685932,1.4353990290499166,1.432686111306768
1442,1.4362985530685932,1.4354396478413236,1.4333671644774673
1443,1.436414169338011,1.435581916634128,1.4323685355121094
1444,1.436414169338011,1.435553900164083,1.4342139210748854
1445,1.436414169338011,1.4353270993612042,1.4328744724586149
1446,1.436414169338011,1.4350794766197636,1.428804498922046
1447,1.436414169338011,1.434678505206517,1.4308669937053304
1448,1.436414169338011,1.434848260636665,1.4306344384691254
1449,1.436414169338011,1.4347663684555516,1.4301695957241134
1450,1.436414169338011,1.4344565440727004,1.4219293520785
1451,1.436414169338011,1.4346317803748156,1.4316153268485885
1452,1.436414169338011,1.434747226856656,1.4305750221418154
1453,1.436414169338011,1.4346701127853376,1.4272280277082454
1454,1.436414169338011,1.4345696194399482,1.429591523102977
1455,1.436414169338011,1.4349342922050377,1.4309262785157442
1456,1.436414169338011,1.4350739720782268,1.4314443136343766
1457,1.436414169338011,1.4351066055268527,1.4323029454129865
1458,1.4365904801890077,1.4348206512545483,1.4308127343601666
1459,1.4365904801890077,1.4351588858726598,1.4331137772985776
1460,1.4365904801890077,1.4351291323547009,1.4284161555126695
1461,1.4365904801890077,1.4353075911730955,1.4322202501280883
1462,1.4365904801890077,1.4353457892966606,1.4319368608454732
1463,1.4365904801890077,1.4352774629848444,1.4315558302937352
1464,1.4365904801890077,1.4350461299563102,1.4317304259816361
1465,1.4365904801890077,1.435353717385012,1.4323116092009034
1466,1.4365904801890077,1.4351831506876858,1.4311185218321754
1467,1.4365904801890077,1.4350324888364299,1.4320685407800593
1468,1.4365904801890077,1.435108911341525,1.4323297823927377
1469,1.4365904801890077,1.4351527808915119,1.43208337298826
1470,1.4365904801890077,1.4352845538363004,1.4316697247960652
1471,1.4365904801890077,1.435290274749847,1.4328781652116707
1472,1.4365904801890077,1.4357382212717456,1.433808780028192
1473,1.4365904801890077,1.4358330010045715,1.4339863711815553
1474,1.4365904801890077,1.4358463704705848,1.4317836824758876
1475,1.4365904801890077,1.4357899132116558,1.4331042343096103
1476,1.4365904801890077,1.435619756044945,1.430254942210025
1477,1.4367925308730032,1.4353545770874527,1.4331263077008138
1478,1.4367925308730032,1.4353197517256893,1.4312990982278417
1479,1.4367925308730032,1.4351886330117472,1.430646695058986
1480,1.4367925308730032,1.435166341977534,1.4321242692244336
1481,1.4367925308730032,1.4352656945288396,1.4307525410773572
1482,1.4367925308730032,1.4357963229787074,1.4322528649004589
1483,1.4367925308730032,1.4357725543905957,1.4332433372174096
1484,1.4367925308730032,1.4354444397861232,1.4287674585219472
1485,1.4367925308730032,1.4353099384622765,1.43227626137441
1486,1.4367925308730032,1.4355046847931723,1.4323478043424838
1487,1.4367925308730032,1.4356023391106623,1.4321615590230543
1488,1.4367925308730032,1.4356870163083288,1.4320757000417441
1489,1.436857133795911,1.435663391444053,1.433176758351558
1490,1.436857133795911,1.4359284030557418,1.4341720142933538
1491,1.436857133795911,1.4360983051989535,1.432331265386838
1492,1.436857133795911,1.4356448716593264,1.4304521984036238
1493,1.436857133795911,1.4356909596159841,1.4320767158631924
1494,1.436857133795911,1.4356420942141375,1.4309173192160698
1495,1.436857133795911,1.4353102364069141,1.431882682324711
1496,1.436857133795911,1.435274433580132,1.43192501420509
1497,1.4368781931346037,1.4354757636527422,1.4331938035931118
1498,1.4368781931346037,1.4351978107414092,1.4328920397064748
1499,1.4368781931346037,1.435389974120844,1.4331038192583478
1500,1.4368781931346037,1.4354487615884017,1.4292180514623143
1501,1.4368781931346037,1.4350997669073053,1.4277511758652255
1502,1.4368781931346037,1.4350066285030985,1.429917944084118
1503,1.4368781931346037,1.4351566857611815,1.4311229392178768
1504,1.4368781931346037,1.434953613168371,1.4290756884321318
1505,1.4368781931346037,1.4345722795721583,1.430061509556664
1506,1.4368781931346037,1.4346684279156776,1.4296681149296302
1507,1.4368781931346037,1.4343944160719722,1.4284764237790406
1508,1.4368781931346037,1.43446230472493,1.4277346917095664
1509,1.4368781931346037,1.4347400753182706,1.4304521161019221
1510,1.4368781931346037,1.4348895191379751,1.431896433762649
1511,1.4368781931346037,1.4348749967780026,1.430402669285206
1512,1.4368781931346037,1.435030373410125,1.4324395529911143
1513,1.4368781931346037,1.435334143126072,1.429773913569954
1514,1.4368781931346037,1.4353942527659331,1.4316805819902603
1515,1.4368781931346037,1.4352810455365712,1.4292574460627638
1516,1.4368781931346037,1.4353369445136541,1.430995300618438
1517,1.4368781931346037,1.4351850410717142,1.427623320238567
1518,1.4368781931346037,1.4347932171708317,1.42326848665923
1519,1.4368781931346037,1.4348546415346113,1.4294636574341546
1520,1.4368781931346037,1.4346612391745086,1.4308073476760572
1521,1.4368781931346037,1.4343038427963541,1.424564083029475
1522,1.4368781931346037,1.433587791779653,1.4222119665997093
1523,1.4368781931346037,1.4334562713593988,1.4259446437031538
1524,1.4368781931346037,1.4339036511970777,1.421612830026436
1525,1.4368781931346037,1.43413535483684,1.428094832534702
1526,1.4368781931346037,1.4345248239566306,1.427777435787586
1527,1.4368781931346037,1.4341476958830348,1.4257869069100213
1528,1.4368781931346037,1.434232638191306,1.425902813832209
1529,1.4368781931346037,1.4342029994008394,1.4287547541319499
1530,1.4368781931346037,1.433887226247832,1.4286780617185881
1531,1.4369258476614248,1.4339539857404893,1.4271256534038563
1532,1.4369258476614248,1.4340319835886748,1.4263967855045308
1533,1.4369258476614248,1.4338775548440048,1.4303540125710295
1534,1.4369258476614248,1.4346627361687583,1.428863968798431
1535,1.4369258476614248,1.4344671307051582,1.4279493398400023
1536,1.4369606796153058,1.4342188263087297,1.4261281008653592
1537,1.4369606796153058,1.4335527593177388,1.4227934590945033
1538,1.4369606796153058,1.4334981153173947,1.424426399081231
1539,1.4369606796153058,1.4336923556607746,1.4288954158057208
1540,1.4369606796153058,1.4347447512650944,1.4277689795415989
1541,1.4369606796153058,1.4347246419321837,1.4317478471821616
1542,1.4369606796153058,1.4351642057491107,1.4319654013624785
1543,1.4369606796153058,1.4354668578333718,1.4293749863867242
1544,1.4369606796153058,1.4354521273786325,1.4317330235336745
1545,1.4369606796153058,1.435333338521083,1.4310711675287289
1546,1.4370105697834301,1.435585265281656,1.4283996440671012
1547,1.4370105697834301,1.4356801060942246,1.4293701909548922
1548,1.4370105697834301,1.4355114046564885,1.4304250717522555
1549,1.4372793003061042,1.4358105141252275,1.4318542072567868
1550,1.4372793003061042,1.4355419982949524,1.429224997722655
1551,1.4372793003061042,1.4354575047062814,1.4302438291105866
1552,1.4372793003061042,1.4350061378055332,1.4291378957079002
1553,1.4372793003061042,1.434631898835755,1.418475621950336
1554,1.4372793003061042,1.4345475395807787,1.4268612263512244
1555,1.4372793003061042,1.4345435838609737,1.4256238473764564
1556,1.4372793003061042,1.4348871562710215,1.428094286321009
1557,1.4372793003061042,1.435468568045514,1.4295113005852027
1558,1.4372793003061042,1.4359134344928597,1.4316915527046645
1559,1.4372793003061042,1.4361299024780454,1.4331563634442221
1560,1.4372793003061042,1.4358641332063593,1.4333788501359597
1561,1.4372793003061042,1.435742895127106,1.43276778524094
1562,1.4372793003061042,1.4360510353320017,1.433487087554027
1563,1.4372793003061042,1.4362362588642261,1.4326238365690158
1564,1.4372793003061042,1.4361112138918726,1.4306288527229145
1565,1.4372793003061042,1.4362230984651247,1.4336673573441678
1566,1.4372793003061042,1.4359911688205407,1.4333072043659152
1567,1.4372793003061042,1.4359212224993478,1.432571908846647
1568,1.4372793003061042,1.4358160104778757,1.4322803050214536
1569,1.4372793003061042,1.4360865584696685,1.43425460432454
1570,1.4372793003061042,1.4359034674132443,1.4338886828917023
1571,1.4372793003061042,1.4359828645661146,1.4326476138074842
1572,1.4372793003061042,1.435852547262189,1.4326737508741656
1573,1.4372793003061042,1.4356262404745654,1.4313209520237384
1574,1.4372793003061042,1.4357322258001954,1.4314626737510399
1575,1.4372793003061042,1.436051949496744,1.431221798975289
1576,1.4372793003061042,1.43593256691769,1.4268588549430783
1577,1.4372861921426379,1.4356444574568799,1.4219186313973045
1578,1.4372861921426379,1.435511662045804,1.4278852605322851
1579,1.4372861921426379,1.435248291215008,1.4297653240004893
1580,1.4372861921426379,1.4353222774963907,1.4302563094811984
1581,1.4372861921426379,1.4354676004426463,1.43164909382359
1582,1.4372861921426379,1.4353118897534054,1.4318084979268857
1583,1.4372861921426379,1.4353829241642375,1.4311379295903455
1584,1.4372861921426379,1.4351856575659183,1.4297203563634198
1585,1.4372861921426379,1.4350097138702091,1.431226090668066
1586,1.4372861921426379,1.434823082935094,1.431936276845695
1587,1.4372861921426379,1.4353859047914401,1.4295677864757548
1588,1.4372861921426379,1.4355037893518,1.432805509877447
1589,1.4372861921426379,1.435326436632458,1.432259264143345
1590,1.4372861921426379,1.4351418478480968,1.4294347428556229
1591,1.4372861921426379,1.435328531841104,1.428577248324774
1592,1.4372861921426379,1.4349762731867597,1.4298823133592184
1593,1.4372861921426379,1.4345584084378087,1.4227989519731203
1594,1.4372861921426379,1.4336829008025183,1.418615103146553
1595,1.4372861921426379,1.4344377904122285,1.4262103777344697
1596,1.4372861921426379,1.434586855025461,1.4286106516539976
1597,1.4372861921426379,1.4353547948847727,1.427301329044281
1598,1.4372861921426379,1.4357305296819651,1.429275785689614
1599,1.4372861921426379,1.435538753249034,1.4289483394267721
1600,1.4372861921426379,1.4356640479707088,1.4293053912115907
1601,1.4372861921426379,1.4355609947669734,1.4286843607753332
1602,1.4372861921426379,1.4359606408177321,1.4316550200050249
1603,1.4372861921426379,1.4362172621337592,1.434683936740948
1604,1.4372861921426379,1.4360862634565246,1.4332077221982797
1605,1.4372861921426379,1.4362621073330248,1.4338335925473484
1606,1.4372861921426379,1.4362245212293923,1.4345151564169762
1607,1.4372861921426379,1.436268290283194,1.4345211863447174
1608,1.4372861921426379,1.436373823026084,1.4337464660958754
1609,1.4372861921426379,1.436088106055736,1.431182528491833
1610,1.4372861921426379,1.4360003347109274,1.4285334177703342
1611,1.4372861921426379,1.4358420774801923,1.4307997475954304
1612,1.4372861921426379,1.4358147832112707,1.430810303253393
1613,1.437401788738986,1.4359671069355933,1.4333816887454673
1614,1.437401788738986,1.4361379092501179,1.4313370404145096
1615,1.437401788738986,1.4359540446672963,1.4328416067558336
1616,1.437401788738986,1.4357238869049678,1.429404775590863
1617,1.437401788738986,1.4357720657481525,1.4305320726503739
1618,1.437401788738986,1.4357281040983307,1.431250569295066
1619,1.437401788738986,1.4357196155343255,1.431918974280396
1620,1.437401788738986,1.4355277536168574,1.4287141099948601
1621,1.437401788738986,1.4353883685203916,1.4312611297616562
1622,1.437401788738986,1.434634023711595,1.4236522055236969
1623,1.437401788738986,1.4346964997662957,1.4280128139282677
1624,1.437401788738986,1.4345953338500814,1.4270293471705555
1625,1.437401788738986,1.434852006784185,1.4283684699173869
1626,1.437401788738986,1.4347830913202262,1.4266821161188605
1627,1.437401788738986,1.4346191963274222,1.4247599984571933
1628,1.437401788738986,1.4351917114769484,1.4301124272816423
1629,1.437401788738986,1.435704036126001,1.4321178995568735
1630,1.437401788738986,1.43581154551672,1.4328831826138142
1631,1.437401788738986,1.4357233217334389,1.4329677305831658
1632,1.437401788738986,1.4359553544548493,1.4325915019377857
1633,1.4375655745449936,1.4359135254953137,1.4320479725131683
1634,1.4375655745449936,1.4360930808989167,1.4324846648019172
1635,1.4375655745449936,1.4361092861956903,1.4324731184233275
1636,1.4375655745449936,1.43590696866387,1.4322024252604526
1637,1.4375655745449936,1.4359219018466425,1.4287366691250094
1638,1.4375655745449936,1.435635085250718,1.4286063405795124
1639,1.4375655745449936,1.4356591959552345,1.4288252140714273
1640,1.4375655745449936,1.4357109957722956,1.4281543561830836
1641,1.4375655745449936,1.4358876005877028,1.430911286809876
1642,1.4375655745449936,1.4359564696299063,1.4332327715046465
1643,1.4375655745449936,1.4358678571707706,1.4282272529351778
1644,1.4375655745449936,1.4356512465104367,1.4288354789341042
1645,1.4375655745449936,1.435389556119895,1.4311897190204723
1646,1.4375655745449936,1.4357185475229466,1.4302225729871385
1647,1.4375655745449936,1.4354457908602805,1.4230368084358584
1648,1.4375655745449936,1.435404511408852,1.4310420952404552
1649,1.4375655745449936,1.4352674913492154,1.4235201919629465
1650,1.4375655745449936,1.435240750833308,1.4228973644799656
1651,1.4375655745449936,1.4346801675913006,1.4269880886244661
1652,1.4375655745449936,1.4350540460782728,1.4277781289817288
1653,1.4375655745449936,1.4349372188657008,1.4304940316705006
1654,1.4375655745449936,1.4353794584716264,1.4308352827387383
1655,1.4375655745449936,1.436268476002677,1.4327266716444416
1656,1.4375655745449936,1.4364449120853982,1.4337193088485738
1657,1.4375655745449936,1.4365446491567533,1.4343163219226909
1658,1.4375655745449936,1.4366990377380435,1.4334821024783628
1659,1.4375655745449936,1.4365303497123352,1.4315176099430238
1660,1.4375655745449936,1.4365210039907814,1.431648873259292
1661,1.4375655745449936,1.4364526150815466,1.4322138513414244
1662,1.4375655745449936,1.4366618456417033,1.4337755102743315
1663,1.4375655745449936,1.4366110675794292,1.4317726847446441
1664,1.4375655745449936,1.4364492156601154,1.4293106857050786
1665,1.4375655745449936,1.436032573388559,1.4302065988648796
1666,1.4375655745449936,1.4359055377566694,1.430515769953036
1667,1.4375655745449936,1.4357456348287951,1.4295480112929262
1668,1.4375655745449936,1.4359456110822069,1.4306379918728298
1669,1.4375655745449936,1.435749433649366,1.4325028975652185
1670,1.4375655745449936,1.4355670480019151,1.4293299542915556
1671,1.4375655745449936,1.4355849247938957,1.428885648397342
1672,1.4375655745449936,1.4354245491894617,1.4317047722999532
1673,1.4375655745449936,1.435515840693568,1.4285452100294822
1674,1.4375655745449936,1.4350910002615103,1.4281654115480718
1675,1.4375655745449936,1.4354479866760723,1.4293676573426872
1676,1.4375655745449936,1.4356800908583531,1.4320448599606064
1677,1.4375655745449936,1.4356938932388064,1.4302376262483236
1678,1.4375655745449936,1.4357544815402035,1.4324047025320699
1679,1.4375655745449936,1.435787432593839,1.4320090414573377
1680,1.4376197411158953,1.4360263682059693,1.4335308693963587
1681,1.4376197411158953,1.4361525806288225,1.433580946088489
1682,1.4376197411158953,1.4357030213224804,1.4317857160979157
1683,1.4376197411158953,1.435696327375127,1.433005283197498
1684,1.4376197411158953,1.4358950486972433,1.4315192866026671
1685,1.4376197411158953,1.4360611402169183,1.4336211185087095
1686,1.4376197411158953,1.4360464624601064,1.4337811484044085
1687,1.4376197411158953,1.4358840786591325,1.4303561724554872
1688,1.4376197411158953,1.4357034822575059,1.4310172138988948
1689,1.4376197411158953,1.4356614241361647,1.432040171349768
1690,1.4376197411158953,1.4356615196492524,1.4291229864844002
1691,1.4376197411158953,1.4357566344863522,1.4318358234786308
1692,1.4376197411158953,1.4356039014185493,1.430943117372438
1693,1.4376197411158953,1.4356846385107744,1.4298758855870497
1694,1.4376197411158953,1.4357430363757941,1.4313017295297357
1695,1.4376197411158953,1.43593454615876,1.4318202095843942
1696,1.4376197411158953,1.4359670294283058,1.4310527930792638
1697,1.4376197411158953,1.4354945559923014,1.429135848779913
1698,1.4376197411158953,1.4357567650409004,1.42812127214526
1699,1.4376197411158953,1.4359738366302266,1.4321873096585829
1700,1.4376197411158953,1.4355348338766603,1.4309351720351564
1701,1.4376197411158953,1.4353871983849007,1.4272484168215724
1702,1.4376197411158953,1.4357274323039126,1.4310950989343667
1703,1.4376197411158953,1.435979188218655,1.4314306283002425
1704,1.4376197411158953,1.4363729754027261,1.432232365212589
1705,1.4376197411158953,1.4361397329785728,1.4296558923362435
1706,1.4376197411158953,1.4361532730419875,1.430688175024943
1707,1.4376197411158953,1.4360605400762214,1.4294170192584021
1708,1.4376197411158953,1.436633594013643,1.432151270260529
1709,1.4376197411158953,1.436618973593332,1.4319805496370477
1710,1.4376197411158953,1.4368078570828495,1.4342767105893195
1711,1.4376197411158953,1.436793540565333,1.4350419843195874
1712,1.4376197411158953,1.4368654369410754,1.4342058045866144
1713,1.4376197411158953,1.4367341842327739,1.4337945022560623
1714,1.4376197411158953,1.4367944209944494,1.4347397583556372
1715,1.4376197411158953,1.4367619909341105,1.4335004046212108
1716,1.4376197411158953,1.4366560193877442,1.4346698691748325
1717,1.4376197411158953,1.4366006071264656,1.4320249974319037
1718,1.4376197411158953,1.436615474072916,1.4316917885235505
1719,1.4376197411158953,1.4367277548620045,1.4325892335252288
1720,1.4376197411158953,1.4367028437764262,1.4336505511306037
1721,1.4376197411158953,1.4367953070931403,1.4336004708470544
1722,1.4376197411158953,1.436720781614088,1.4339256785926335
1723,1.4376197411158953,1.4363237164178924,1.4329021669395794
1724,1.4376197411158953,1.4363485392015574,1.4311520533482025
1725,1.4376197411158953,1.4360532218412254,1.4323892294396305
1726,1.4376197411158953,1.4362217190105009,1.4328291090836893
1727,1.4376197411158953,1.4365325974261787,1.433270411866333
1728,1.4376221741627067,1.4366487498305804,1.4340981678887852
1729,1.4376221741627067,1.4364532373554055,1.4318124172067046
1730,1.4376221741627067,1.4363532312857321,1.4304855162368377
1731,1.4376221741627067,1.4363066767257766,1.4312761305048742
1732,1.4376386550693034,1.4360609645693985,1.4328847441733024
1733,1.4376386550693034,1.4362345102326264,1.4327364821606623
1734,1.4376386550693034,1.4360592041535727,1.4323290590243147
1735,1.4376386550693034,1.436281862682764,1.4303711046727645
1736,1.437699503439529,1.436412034536667,1.434363605029431
1737,1.437699503439529,1.436369142340222,1.4340740366633347
1738,1.4377239604495207,1.4366012352082196,1.433138180158216
1739,1.4377239604495207,1.4362520313134481,1.4295921478683322
1740,1.4377239604495207,1.4363370256341037,1.4311833788843675
1741,1.4377239604495207,1.4363613230354617,1.432145674113362
1742,1.4377239604495207,1.436297789671921,1.43274203321767
1743,1.4377239604495207,1.4365039944162605,1.4342356263301714
1744,1.4379499032472531,1.4366776309885345,1.4333740351940127
1745,1.4379673101262749,1.436707758764976,1.432508292091324
1746,1.4379799872532748,1.4364435214045517,1.4329150333256084
1747,1.4379905728157893,1.4367824306401624,1.4314734079114906
1748,1.4379905728157893,1.4364905236328147,1.429178758080954
1749,1.4379905728157893,1.436304096977438,1.4325395325551822
1750,1.4379905728157893,1.4363689903433734,1.4306551774808423
1751,1.4379905728157893,1.4365072256100557,1.4321639667521775
1752,1.4379905728157893,1.436284062005434,1.433473924234626
1753,1.4380019923464382,1.4362804308687622,1.4320958735863583
1754,1.4381151046271656,1.4362576008729073,1.429998760721783
1755,1.4381151046271656,1.4361719494712304,1.433166982333123
1756,1.4381151046271656,1.4362801198442845,1.4312063647964373
1757,1.4381151046271656,1.4360775127568604,1.432575315024295
1758,1.4381151046271656,1.4361514777877877,1.4329892041335377
1759,1.4381151046271656,1.4359781642909442,1.4325167208795895
1760,1.4381151046271656,1.4355097852735519,1.4299497078909047
1761,1.4381151046271656,1.4351568000081274,1.429583210337812
1762,1.43812612193043,1.43547857356544,1.426078529085457
1763,1.43812612193043,1.4362654967147674,1.431658769248299
1764,1.43812612193043,1.4361691562207621,1.4310891737541254
1765,1.43812612193043,1.4363740579625845,1.4326605099830414
1766,1.43812612193043,1.436336389984027,1.4296325109055845
1767,1.43812612193043,1.4362292639697145,1.4284269964784382
1768,1.43812612193043,1.4355625302716695,1.418853004587861
1769,1.43812612193043,1.4353301977043922,1.4296599618832513
1770,1.43812612193043,1.4358009746092346,1.4298394925838873
1771,1.43812612193043,1.436244780086673,1.432290108854002
1772,1.43812612193043,1.4359702025440044,1.432174080844889
1773,1.43812612193043,1.4367771477272158,1.432200164150124
1774,1.43812612193043,1.4367720723193158,1.4292592128890258
1775,1.43812612193043,1.4369261487725626,1.4322012621031694
1776,1.43812612193043,1.4368816693410933,1.4332624116068549
1777,1.43812612193043,1.4370860284885019,1.4339720561156823
1778,1.43812612193043,1.4370237223926043,1.434071742454301
1779,1.43812612193043,1.437056335006058,1.433456872352934
1780,1.43812612193043,1.437056211110726,1.4304225542823366
1781,1.43812612193043,1.4369139311057852,1.4337510253554753
1782,1.43812612193043,1.437235681229554,1.4355956972761752
1783,1.43812612193043,1.4369699562634097,1.4299934808804022
1784,1.43812612193043,1.4366814594183777,1.4300735974768777
1785,1.4381387798758076,1.436573307796389,1.4331113655801977
1786,1.4381387798758076,1.4368241288562793,1.4342099296201756
1787,1.4381387798758076,1.4367058252386378,1.4327091593176955
1788,1.4381387798758076,1.436738409162272,1.432906942449449
1789,1.4381387798758076,1.436498801007677,1.4272741441032415
1790,1.4381387798758076,1.4366840683135902,1.4315983361421922
1791,1.4381387798758076,1.4365081842244851,1.4331193099555812
1792,1.4381387798758076,1.4363273278129443,1.4326622623899712
1793,1.4381414256040372,1.4364773788305372,1.429858538175273
1794,1.4381781032350982,1.4367431194470777,1.4326679333690462
1795,1.4381781032350982,1.4366283151916897,1.4334970656422112
1796,1.4381781032350982,1.4364242101362372,1.4326625365329084
1797,1.4381781032350982,1.4365425599532649,1.4283018883627872
1798,1.4381781032350982,1.4365202126332273,1.4278405532617846
1799,1.4381781032350982,1.4367401897475771,1.4327743854890116
1800,1.4381781032350982,1.4369868031818587,1.4327027752494343
1801,1.4381781032350982,1.437032372552841,1.4354605265107585
1802,1.4381781032350982,1.436998767987137,1.4331161205114376
1803,1.4381781032350982,1.436972089098246,1.4334311593134876
1804,1.4381781032350982,1.4365101036670804,1.4309438467190319
1805,1.4381781032350982,1.4359843332968365,1.427618592440227
1806,1.4381781032350982,1.436438302377517,1.4303520024514258
1807,1.4381781032350982,1.436225994887237,1.4264483030821045
1808,1.4381781032350982,1.4364242786264432,1.4316943241777786
1809,1.4381781032350982,1.4367496160621087,1.4336979999478514
1810,1.4381781032350982,1.4370640368141647,1.432751134002113
1811,1.4381781032350982,1.4372015308951724,1.4308005272740174
1812,1.4381781032350982,1.436966508169568,1.4343746372623527
1813,1.4381781032350982,1.437093622088899,1.4341478761090887
1814,1.4382987643159675,1.4369732834751943,1.4334733606857597
1815,1.4382987643159675,1.437015505503719,1.4332037736337506
1816,1.4382987643159675,1.4366326295201748,1.4299873127978333
1817,1.4382987643159675,1.4366922585869057,1.4303155237239316
1818,1.4382987643159675,1.4368662056207802,1.4334553622698072
1819,1.4382987643159675,1.436904237549484,1.4324815211867947
1820,1.4382987643159675,1.4369635426155478,1.4335232854410176
1821,1.4382987643159675,1.4366888845167929,1.4306160697079133
1822,1.4382987643159675,1.436438295580219,1.431004673676496
1823,1.4382987643159675,1.4366327349185328,1.4304337019949744
1824,1.4382987643159675,1.4367983541732203,1.4312250529401949
1825,1.4384152658385616,1.4369900085681848,1.4304819160412117
1826,1.4384152658385616,1.4371620064394233,1.4336111775055265
1827,1.4384152658385616,1.4374123709232216,1.4337545053225274
1828,1.4384152658385616,1.4375503350769607,1.435284036465512
1829,1.4384152658385616,1.437495111276097,1.4318633090202926
1830,1.4384152658385616,1.4373008915567564,1.434834753871869
1831,1.4384152658385616,1.437147686216426,1.433686943954738
1832,1.4384152658385616,1.4367903516528775,1.4300989321916944
1833,1.4384152658385616,1.4366417654316197,1.4294053953628312
1834,1.4384152658385616,1.43678837251285,1.4336683256024065
1835,1.4384152658385616,1.436927636176241,1.4328992998007417
1836,1.4384152658385616,1.4370724620647157,1.4348050227308784
1837,1.4384152658385616,1.437292038339248,1.4340157216544573
1838,1.4384152658385616,1.436978633032874,1.4320489681631932
1839,1.4384152658385616,1.4373635817970176,1.4335672140506501
1840,1.4384152658385616,1.437357367058289,1.4348724112933557
1841,1.4384152658385616,1.437278574081038,1.433985758392401
1842,1.4384152658385616,1.4371052157101234,1.4335390668944694
1843,1.4384152658385616,1.4369871002005725,1.4345555082464287
1844,1.4384152658385616,1.4370250115226788,1.4319944475076032
1845,1.4384152658385616,1.4369984963430007,1.434144743698638
1846,1.4384152658385616,1.4371798766146406,1.4324914894930598
1847,1.4384152658385616,1.4371818314976539,1.4345349986011184
1848,1.4384152658385616,1.4371090219153444,1.4299141103921917
1849,1.4384152658385616,1.4365388504705987,1.4311151821996044
1850,1.4384152658385616,1.4365195905869035,1.4305434358158498
1851,1.4384152658385616,1.4363031191035787,1.432101627955091
1852,1.4384152658385616,1.4367135424292763,1.43165108800059
1853,1.4384152658385616,1.437015013132617,1.4321514562806557
1854,1.4384152658385616,1.4366427154735413,1.4303278165909177
1855,1.4384152658385616,1.4368191655208096,1.432765740484011
1856,1.4384152658385616,1.436885335003546,1.4339395040701248
1857,1.4384152658385616,1.4370360878290667,1.434453078373969
1858,1.4384152658385616,1.4369764103491922,1.4302967472672359
1859,1.4384152658385616,1.4370055162899162,1.43358447153673
1860,1.4384152658385616,1.437053513266836,1.4343811428791358
1861,1.4384152658385616,1.4371523870785643,1.4348792785539959
1862,1.4384152658385616,1.4372412077148058,1.4329864352580284
1863,1.4384152658385616,1.4372386195516538,1.4314724644659966
1864,1.4384152658385616,1.4370002091188174,1.433344056975054
1865,1.4384152658385616,1.4365835566005325,1.4241960493630006
1866,1.4384152658385616,1.4369017026115194,1.4326287977592205
1867,1.4384152658385616,1.436652882358012,1.4324145767437517
1868,1.4387143194751828,1.4365522974998106,1.431356894623
1869,1.4387143194751828,1.4367908957987323,1.4329371731628862
1870,1.4387143194751828,1.4367555252374233,1.4332119856234404
1871,1.4387143194751828,1.4367638769044897,1.432980614701055
1872,1.4387143194751828,1.4370674777074397,1.4322606327742493
1873,1.4387143194751828,1.4369850035717266,1.4347844851413503
1874,1.4387143194751828,1.4371021392150374,1.4326037590837961
1875,1.4387752825120401,1.4371513513732994,1.4336220772487638
1876,1.4387752825120401,1.4374616897408836,1.4349278291016536
1877,1.4387752825120401,1.4375021041262293,1.4352584021093655
1878,1.4387752825120401,1.4378063052444898,1.4353433702231082
1879,1.4387752825120401,1.4379124993418058,1.4310931861858822
1880,1.4387752825120401,1.4375113069706407,1.4300392575184668
1881,1.4387752825120401,1.437489543521848,1.4318445327595737
1882,1.4387752825120401,1.4375284338526262,1.4350387350322027
1883,1.4387752825120401,1.437262219610201,1.4305393449391413
1884,1.4387752825120401,1.437092938626837,1.433094444874832
1885,1.4387752825120401,1.4375316918474774,1.4348988250933452
1886,1.4387752825120401,1.4377255716277921,1.4332739731419135
1887,1.4387752825120401,1.4377269144404021,1.4354154084969735
1888,1.4387752825120401,1.437688272853078,1.4340129272491016
1889,1.4387752825120401,1.4375355685554356,1.43209581342964
1890,1.4387752825120401,1.4373545197113615,1.434299876391815
1891,1.4387752825120401,1.4375039611465608,1.4347542095875845
1892,1.4387752825120401,1.4373966551776873,1.4321854517673762
1893,1.4387752825120401,1.4372319035040348,1.4341605918190057
1894,1.438798715574788,1.4370783395515605,1.4316864723479945
1895,1.438798715574788,1.4368287444597752,1.4302696655394613
1896,1.438798715574788,1.4369583600822167,1.4327200362786245
1897,1.438798715574788,1.4367732838576481,1.4316463927788472
1898,1.438798715574788,1.4365443032892236,1.4304616329745148
1899,1.438798715574788,1.4367405760703766,1.432010446769821
1900,1.438798715574788,1.4369179337126132,1.4335090973614093
1901,1.438798715574788,1.43731363786978,1.4321938596576826
1902,1.438798715574788,1.4376791476439343,1.4342645178373026
1903,1.438798715574788,1.43770418742833,1.4348603886071674
1904,1.438798715574788,1.4376000780525189,1.4349445489526556
1905,1.438798715574788,1.4375914300969888,1.4341790581746328
1906,1.438798715574788,1.437285898426833,1.4331244161292402
1907,1.438798715574788,1.4374582197388839,1.4344175024684502
1908,1.438798715574788,1.4374672369975803,1.432997263300682
1909,1.438798715574788,1.437441668525801,1.4336681334234498
1910,1.438798715574788,1.4376797287566232,1.434183797447593
1911,1.438798715574788,1.4376483359734669,1.4350364996428933
1912,1.438798715574788,1.4377289942087972,1.4345946638705511
1913,1.438798715574788,1.437812320808293,1.434442420121854
1914,1.438798715574788,1.4376043564939622,1.435086692094809
1915,1.438798715574788,1.4372309689929237,1.4294904690918575
1916,1.4388450052170596,1.4372767818339671,1.43365526755933
1917,1.4388450052170596,1.4375639268422686,1.4338909447636459
1918,1.4388450052170596,1.4377129205537074,1.4360909120450946
1919,1.4388450052170596,1.437823333053859,1.4337866623103972
1920,1.4388450052170596,1.4377623980163667,1.4359140428509312
1921,1.4388450052170596,1.4376329985917204,1.4344028293479194
1922,1.4388450052170596,1.4377149990348752,1.4354830506260927
1923,1.4388450052170596,1.4377161499950903,1.4342032217602536
1924,1.4388450052170596,1.4377434590042597,1.433124042530963
1925,1.4388628095268263,1.4375046288226843,1.4331232693692026
1926,1.4388628095268263,1.4366566067628248,1.4317528942959707
1927,1.4388628095268263,1.436894423979028,1.4218028486475887
1928,1.4388628095268263,1.4371836271003362,1.4279108477676314
1929,1.4388628095268263,1.4372703605668529,1.4324545781875824
1930,1.4388628095268263,1.4371966554861064,1.4314812517924755
1931,1.4388628095268263,1.437370881339245,1.4342428342559783
1932,1.4388628095268263,1.437218357826302,1.4340904128574747
1933,1.4388628095268263,1.4370338034831962,1.4327657231789726
1934,1.4388628095268263,1.4370144802766796,1.4320157698937157
1935,1.4388628095268263,1.4368777104294228,1.4311749006118246
1936,1.4388628095268263,1.4369094935204485,1.4325651472171925
1937,1.4388628095268263,1.4370960331817644,1.433142114616592
1938,1.4388628095268263,1.437345986123635,1.43276527670427
1939,1.4388628095268263,1.4375633104458458,1.4358998003806103
1940,1.4388628095268263,1.4374491811924233,1.4347111055897073
1941,1.4388628095268263,1.43751011712037,1.43401245514098
1942,1.4388628095268263,1.4374177654325466,1.435547480240113
1943,1.4388628095268263,1.4379501270510389,1.4349694954984147
1944,1.4388628095268263,1.437395199716651,1.4313811923921111
1945,1.4388628095268263,1.4374609404633834,1.4341906888316753
1946,1.4388628095268263,1.4372894431148293,1.4336511847466817
1947,1.4388628095268263,1.4373709368942102,1.4348845923671396
1948,1.4388628095268263,1.4374903155346892,1.4340447581282108
1949,1.4388628095268263,1.4371491285989892,1.431872857850514
1950,1.4388628095268263,1.4366818440552205,1.4301641571140526
1951,1.4388628095268263,1.4366486914712586,1.4230046203637805
1952,1.4388628095268263,1.4367015457492298,1.426103613154564
1953,1.4388628095268263,1.4370141775247773,1.4301216253970124
1954,1.4388628095268263,1.436932061403088,1.4266711216015748
1955,1.4388628095268263,1.4373539777792255,1.4334052393502785
1956,1.4388628095268263,1.437539490676997,1.4340555567907345
1957,1.4388628095268263,1.4374335153035127,1.4333737716864177
1958,1.4388628095268263,1.437263111702873,1.4346010566120868
1959,1.4388628095268263,1.437397679339153,1.4337569300540443
1960,1.4388628095268263,1.4375134037370594,1.4343060335576847
1961,1.4388628095268263,1.4375580488022666,1.4323706417240896
1962,1.4388628095268263,1.4372951029417762,1.4329441199802238
1963,1.4388628095268263,1.4373627476585429,1.4332829680942567
1964,1.4388628095268263,1.437085626865766,1.4307277965808103
1965,1.4388628095268263,1.4371087157756046,1.4332149362863713
1966,1.4388628095268263,1.4373612298402092,1.433876861725319
1967,1.4388628095268263,1.4373566159107454,1.4342647418354004
1968,1.4388628095268263,1.4374667870950106,1.4316752793855354
1969,1.4388628095268263,1.4378610483554433,1.4323894295722865
1970,1.4388628095268263,1.4378321942836003,1.4348625662723309
1971,1.4388628095268263,1.4376554683916734,1.433610932288286
1972,1.4388628095268263,1.4372209718595794,1.4273474148679255
1973,1.4388628095268263,1.4370740331201262,1.4327398440008536
1974,1.4388628095268263,1.4372678175226128,1.4340843461607085
1975,1.4388628095268263,1.4372867501978184,1.4320790819791667
1976,1.4388628095268263,1.4372978859435697,1.429755654971839
1977,1.4388628095268263,1.4370430719104546,1.4313408723830625
1978,1.4389531647397429,1.4371803203455726,1.4287783931506457
1979,1.4389531647397429,1.4372800389661335,1.4328983061332634
1980,1.4389531647397429,1.4373985915060854,1.4346518909293522
1981,1.4392366120396551,1.4378134049787374,1.4358841618678753
1982,1.4392366120396551,1.4378301104888092,1.4341139332136257
1983,1.4392366120396551,1.4374440022322552,1.4338776732873
1984,1.4392366120396551,1.437305390859851,1.4292824341747177
1985,1.4392366120396551,1.4375865394045866,1.433404042714344
1986,1.4392366120396551,1.4376299630762674,1.4331915050388613
1987,1.4392366120396551,1.4375075918267068,1.431627970649101
1988,1.4392366120396551,1.437342272718246,1.433614732202524
1989,1.4392366120396551,1.4371977270463625,1.4296665262899497
1990,1.4392366120396551,1.4371020314845107,1.4301591660014656
1991,1.4392366120396551,1.4372148595445222,1.4342889172653037
1992,1.4392366120396551,1.4371992665271842,1.4319425134460388
1993,1.4392366120396551,1.436919845209837,1.4279422503012422
1994,1.4392366120396551,1.4363713531827325,1.4312122531174951
1995,1.4392366120396551,1.436464179155433,1.4323680552819622
1996,1.4392366120396551,1.4366174951584059,1.430449890415073
1997,1.4392366120396551,1.4359216253821743,1.4280920963154773
1998,1.4392366120396551,1.4362995531534242,1.4292157952353068
1999,1.4392366120396551,1.4359784757483807,1.4315057613540911
2000,1.4392366120396551,1.4362078969909107,1.430202831768742
2001,1.4392366120396551,1.4358615241929449,1.4208875112725463
2002,1.4392366120396551,1.4362100415444958,1.4252736819331395
2003,1.4392366120396551,1.43593149151758,1.4284585484160113
2004,1.4392366120396551,1.4355608916783331,1.4204762484987001
2005,1.4392366120396551,1.4356714894999927,1.4290081559538406
2006,1.4392366120396551,1.435081749826406,1.4204906663239993
2007,1.4392366120396551,1.4336677669506162,1.4212557178617844
2008,1.4392366120396551,1.4340690342923668,1.4132196063145501
2009,1.4392366120396551,1.4338903863879822,1.406530377797527
2010,1.4392366120396551,1.4337822762878474,1.4148783225776875
2011,1.4392366120396551,1.4349901106234417,1.426634249692607
2012,1.4393047129764789,1.435408281607045,1.4286626597169163
2013,1.4393047129764789,1.435203414073198,1.4273308868296484
2014,1.4393047129764789,1.4357300893669902,1.4267808858175337
2015,1.4393047129764789,1.4359208510279984,1.4238779833538484
2016,1.4393047129764789,1.436396671376048,1.4313869607067986
2017,1.4393047129764789,1.4369638251013725,1.4286807865496687
2018,1.4393047129764789,1.4377037263912782,1.4337649714779241
2019,1.4393047129764789,1.4379343699803184,1.4337647509473292
2020,1.4393047129764789,1.43817295242582,1.4351864204272133
2021,1.4393047129764789,1.4380429572627214,1.4350241304374225
2022,1.4393047129764789,1.4382139803729463,1.4354689576237571
2023,1.4393047129764789,1.4378013975744781,1.4305775534725855
2024,1.4393047129764789,1.4378668304882603,1.4313830284741829
2025,1.4393047129764789,1.437594402170249,1.4331670104718757
2026,1.4393047129764789,1.4376472746838433,1.4288496304392218
2027,1.4393047129764789,1.4377932570203442,1.4344784037582177
2028,1.4393047129764789,1.4370180363867293,1.433247120809698
2029,1.4393047129764789,1.4367231781476597,1.430012944540286
2030,1.4393047129764789,1.4369032128068233,1.4320887304469145
2031,1.4393047129764789,1.4364692847811054,1.430014212132121
2032,1.4393047129764789,1.436548741945181,1.4311340880598713
2033,1.4393047129764789,1.436594520958043,1.4277935906927588
2034,1.4393047129764789,1.4369648565966893,1.4261181032984098
2035,1.4393047129764789,1.4372920465138395,1.4309501053548679
2036,1.4393047129764789,1.4371992477331759,1.4314210483445422
2037,1.4393047129764789,1.437640576157228,1.4345706660316202
2038,1.4393047129764789,1.4379417413217421,1.4338000925315713
2039,1.4393047129764789,1.4379697111589023,1.4336450306814457
2040,1.4393047129764789,1.4377628374177207,1.4332715727310945
2041,1.4393047129764789,1.4376579283377133,1.4326475672520196
2042,1.4393047129764789,1.4373349015174444,1.4292141640192806
2043,1.4393047129764789,1.4373277913072158,1.4329675090474425
2044,1.4393047129764789,1.4367583799510313,1.428075871884277
2045,1.4393047129764789,1.4373280762235014,1.430608684364763
2046,1.4393047129764789,1.4372048737118595,1.4317166298323354
2047,1.4393047129764789,1.4372772311802589,1.4332801497248442
2048,1.4393047129764789,1.4371599278486453,1.4308882354588819
2049,1.4393047129764789,1.4366856856469892,1.4300207830530085
2050,1.4393047129764789,1.4366513264873737,1.4290167175495494
2051,1.4393047129764789,1.436364038207624,1.4296877300405149
2052,1.4393047129764789,1.4360068257736132,1.4206910873981713
2053,1.4393047129764789,1.4360797869224016,1.4283743504324697
2054,1.4393047129764789,1.4358734027819449,1.4274936758566
2055,1.4393047129764789,1.4367309955942935,1.4283722626693827
2056,1.4393047129764789,1.437151031875406,1.431624095551233
2057,1.4393047129764789,1.4370453124669849,1.4318240667610866
2058,1.4393047129764789,1.437063837482509,1.432374069311581
2059,1.4393047129764789,1.4370743855247208,1.433990709160594
2060,1.4393047129764789,1.4373755195765825,1.4346258070993634
2061,1.4393047129764789,1.437839207729559,1.4343121148512763
2062,1.4393047129764789,1.4379067137099588,1.4343482687420455
2063,1.4393047129764789,1.4381360562652972,1.4332990226671989
2064,1.4393047129764789,1.4381673488602806,1.4332131946811195
2065,1.4393047129764789,1.4379917550803143,1.433110569572927
2066,1.4393047129764789,1.4381583191613587,1.4354345541183784
2067,1.4393270000151077,1.438026319171964,1.4316387829969535
2068,1.4393774578433858,1.4377880600429256,1.4295412646274093
2069,1.4393774578433858,1.4374179216760898,1.4305416380851181
2070,1.4393774578433858,1.437097903860207,1.428465403644184
2071,1.4393774578433858,1.4365035298534343,1.431540964058564
2072,1.4393774578433858,1.4365063553459543,1.430722625432029
2073,1.4393774578433858,1.4369145033974866,1.4308586362820883
2074,1.4393774578433858,1.4367877654867973,1.423415782692711
2075,1.4393774578433858,1.4366720045881505,1.4247008289410075
2076,1.4394565649794082,1.4370394932997275,1.4333176306919004
2077,1.4394565649794082,1.4375638548458707,1.43275435033378
2078,1.4394565649794082,1.4377041099018433,1.434003728320394
2079,1.4394565649794082,1.4380853023683742,1.4348072873396678
2080,1.4395017727882333,1.4381735937916735,1.4352520173645997
2081,1.4395017727882333,1.4381314616155414,1.4321504773400098
2082,1.4395017727882333,1.4382551108555048,1.4354857417776503
2083,1.4395017727882333,1.4383852063183045,1.4358866897192184
2084,1.4395017727882333,1.438383292252097,1.4356279744066769
2085,1.4395017727882333,1.438394050444161,1.4350510734479416
2086,1.4395017727882333,1.4384449825862435,1.4345483207240548
2087,1.439598040042903,1.4379161240371827,1.4344848986815806
2088,1.439598040042903,1.438092311857925,1.434962241705242
2089,1.439598040042903,1.4383854660432847,1.4356617891824381
2090,1.439598040042903,1.4381627639233998,1.4318692827859982
2091,1.439598040042903,1.4378833190930729,1.43290041506238
2092,1.439598040042903,1.4381720608415136,1.4339137758919551
2093,1.439598040042903,1.438412084690016,1.4320026959950576
2094,1.439598040042903,1.4381945571642063,1.4337504844624345
2095,1.439598040042903,1.43832267563609,1.4347822626783402
2096,1.439598040042903,1.4383564270111393,1.4349139469476975
2097,1.439598040042903,1.4384128452308813,1.4324963888945361
2098,1.439598040042903,1.4377019568948013,1.4310528681777681
2099,1.439598040042903,1.4377194285634112,1.432924422195822
2100,1.439598040042903,1.4377415894855017,1.431876770776394
2101,1.439598040042903,1.4375755797131113,1.4278837145412346
2102,1.439598040042903,1.4371923161515534,1.432269161341191
2103,1.439598040042903,1.4381903677030627,1.4344848396001697
2104,1.439598040042903,1.4383026467841213,1.434266247919951
2105,1.439598040042903,1.4383152166163964,1.435172496202892
2106,1.439598040042903,1.4376327876655597,1.4322890854175254
2107,1.439598040042903,1.438033725185359,1.4297505488886955
2108,1.439598040042903,1.4378895414020303,1.4341469744929174
2109,1.439598040042903,1.437699062307751,1.428811354057605
2110,1.439598040042903,1.4376161988573324,1.4336873088442454
2111,1.439598040042903,1.4378434438806489,1.4318357414001817
2112,1.439598040042903,1.4378867352498343,1.4354180752196413
2113,1.439598040042903,1.4379702579745128,1.4334837320243787
2114,1.439598040042903,1.4380757235815382,1.4346492717786319
2115,1.439598040042903,1.437985028596509,1.4350389429462582
2116,1.439598040042903,1.438026603814241,1.4323833092701515
2117,1.439598040042903,1.438276886002203,1.4353187714369702
2118,1.439598040042903,1.4383524908337895,1.4355735229240651
2119,1.439598040042903,1.4383627181859597,1.4354993111044532
2120,1.439598040042903,1.4383817061665345,1.434316036046175
2121,1.439653018776574,1.4383942522749336,1.4353092946331003
2122,1.4399036963380796,1.4386234996311995,1.4347922690053525
2123,1.4399036963380796,1.4383414540774555,1.4353224255852324
2124,1.4399036963380796,1.4379320796512096,1.4259455260469458
2125,1.4399036963380796,1.4374101226614389,1.4237403113428855
2126,1.4399036963380796,1.4367914324254967,1.4255781380605579
2127,1.4399036963380796,1.4371172315088785,1.4279885923673994
2128,1.4399036963380796,1.437824822007796,1.4253437111622889
2129,1.4399036963380796,1.437786288355154,1.4154440303864155
2130,1.4399036963380796,1.4381726505473713,1.4346364707464883
2131,1.4399036963380796,1.438293318519757,1.4328347415803044
2132,1.4399036963380796,1.4380595864910333,1.4298030627796823
2133,1.4399036963380796,1.4382869298124303,1.4351475787007433
2134,1.4399464403050453,1.4385699389708022,1.4276753646893576
2135,1.4399464403050453,1.4383962267467565,1.4357962801683946
2136,1.4399464403050453,1.4385722946094577,1.4344359109919718
2137,1.4399464403050453,1.4380758447660387,1.4349480488004003
2138,1.4399464403050453,1.4382360354328714,1.4339022626037148
2139,1.4399464403050453,1.438216321472993,1.4349917938927008
2140,1.4399464403050453,1.4382246849684508,1.4333070177151326
2141,1.4399464403050453,1.43809357410796,1.434602187567463
2142,1.4402008238801582,1.4385329405815732,1.435340480418913
2143,1.4402008238801582,1.4387006963849802,1.4323043661019326
2144,1.4402008238801582,1.438689818459426,1.4353052581144075
2145,1.4402008238801582,1.4388815105951718,1.436705999658726
2146,1.4402008238801582,1.4385261073663131,1.4333022385471892
2147,1.4402008238801582,1.438323966714529,1.4348362762124451
2148,1.4402008238801582,1.4381963765093217,1.430879511786294
2149,1.4402008238801582,1.438115891708015,1.4342482404515668
2150,1.4402008238801582,1.4380459241358536,1.4285138356163918
2151,1.4402008238801582,1.4375139312576568,1.4325062023176713
2152,1.4402008238801582,1.4381174831062367,1.4315573053642119
2153,1.4402008238801582,1.4378541645233818,1.4310081675374389
2154,1.4402008238801582,1.4384858313945197,1.4344864170120926
2155,1.4402008238801582,1.4387616959312732,1.4348335804524033
2156,1.4402008238801582,1.438428482596912,1.4309993152962766
2157,1.4402008238801582,1.438402675581421,1.4331559148175246
2158,1.4402008238801582,1.438067891603934,1.4280921355284273
2159,1.4402008238801582,1.4381423084600828,1.4328256444383543
2160,1.4402008238801582,1.438246973749524,1.4335544182302364
2161,1.4402008238801582,1.437943240716918,1.4302607627133335
2162,1.4402008238801582,1.4383570228419185,1.4339261164710007
2163,1.4402008238801582,1.4384593606061409,1.4314240560794895
2164,1.4402008238801582,1.438461624868625,1.4341359938879379
2165,1.4402008238801582,1.4383736046999624,1.4319697853735138
2166,1.4402008238801582,1.4381643370270185,1.4292936820481779
2167,1.4402008238801582,1.4379356387479125,1.4303137249565627
2168,1.4402008238801582,1.4377082419762899,1.432623324127204
2169,1.4402008238801582,1.4379842427139644,1.4303676163812316
2170,1.4402008238801582,1.4378764125139694,1.4329736280316827
2171,1.4402008238801582,1.4382448250373554,1.432802547580491
2172,1.4402008238801582,1.4381627888901787,1.4328522029020405
2173,1.4402008238801582,1.438465295894266,1.4346788453519497
2174,1.4402008238801582,1.4387259302476298,1.4364512042527853
2175,1.4402008238801582,1.4387698151715902,1.4342095004639992
2176,1.4402008238801582,1.4385108267738826,1.434702406477355
2177,1.4402008238801582,1.4387554261950524,1.4344881786815444
2178,1.4402008238801582,1.438750892601409,1.4358573324790411
2179,1.4402120284157571,1.4387575621893576,1.4336382053632932
2180,1.4402120284157571,1.4386701665461374,1.4359908054017156
2181,1.4402336275274887,1.438963760292503,1.4360985519123393
2182,1.4402336275274887,1.4391206904397291,1.4359364093000186
2183,1.4402336275274887,1.4391362288693252,1.4362457890005618
2184,1.4402336275274887,1.4391271779435844,1.4371832840586578
2185,1.4403160468872183,1.4389645664182291,1.4360426687508423
2186,1.4403160468872183,1.4389752075823292,1.4343805852175113
2187,1.4403160468872183,1.4389995247877931,1.43306698195986
2188,1.4403160468872183,1.4390922435316784,1.4356761342282423
2189,1.4403160468872183,1.438903319963047,1.4345073657336211
2190,1.4403160468872183,1.4390296565656129,1.433695039919655
2191,1.4403160468872183,1.4389937658332397,1.4351881594871503
2192,1.4403160468872183,1.439179383803434,1.4362560602181174
2193,1.4403160468872183,1.4392481978549643,1.435786138781272
2194,1.4403160468872183,1.439090930850273,1.4294609252038555
2195,1.4403160468872183,1.4392036050336066,1.436347503645071
2196,1.4403160468872183,1.4393472256465305,1.4363631994749033
2197,1.4403160468872183,1.4394682238688936,1.4364041755996648
2198,1.4403160468872183,1.4393025548523881,1.436508004356805
2199,1.4403160468872183,1.4392737760484968,1.4361608130983121
2200,1.4403160468872183,1.4392595861595305,1.434784431902476
2201,1.4403160468872183,1.4388896512238623,1.4301710777309344
2202,1.4403160468872183,1.438765253797447,1.433245091834673
2203,1.4403160468872183,1.4385794381917767,1.4348055880811945
2204,1.4403160468872183,1.4383674429523376,1.4324407749184542
2205,1.4403160468872183,1.438772060391893,1.433782796874475
2206,1.4403160468872183,1.4385406226495354,1.4275811133441458
2207,1.4403160468872183,1.4386612689023623,1.434117229864225
2208,1.4403160468872183,1.4386259970531035,1.436388369497885
2209,1.4403160468872183,1.438690472010341,1.4263413860534357
2210,1.4403160468872183,1.43865190466024,1.4335236534116356
2211,1.4403160468872183,1.4386080839809932,1.4347350738636877
2212,1.440350880423629,1.4384078456104004,1.4333505121094445
2213,1.440350880423629,1.438440356947186,1.4284225174927205
2214,1.440350880423629,1.438025064588929,1.428323223171394
2215,1.440350880423629,1.4378427826699527,1.4266491343142864
2216,1.440350880423629,1.4379352212136,1.435036384267735
2217,1.440350880423629,1.4384011600535647,1.4356405074866796
2218,1.4403907529501832,1.4387378713296597,1.435874480549524
2219,1.4403907529501832,1.4392213521475623,1.436770521432019
2220,1.4403907529501832,1.4391947482963792,1.4360911616597212
2221,1.4403907529501832,1.4387460153930716,1.4328665167747696
2222,1.4403907529501832,1.4388726701110628,1.4362367473390076
2223,1.4403907529501832,1.4390423554064258,1.4353383962046389
2224,1.4403907529501832,1.4391709884894837,1.4360266147764311
2225,1.4403907529501832,1.4393354589191925,1.435266737204163
2226,1.4403907529501832,1.4393136800600344,1.4376002472307672
2227,1.4403907529501832,1.4390711672709724,1.434627381537068
2228,1.4403907529501832,1.4391747087777167,1.4369477972745073
2229,1.440396979453517,1.439123970189006,1.429103663088408
2230,1.440396979453517,1.4392663473382816,1.4364120191011978
2231,1.440396979453517,1.439506627080678,1.4332422448551494
2232,1.440396979453517,1.4395452197407217,1.4361805217758297
2233,1.440396979453517,1.4394010291345603,1.4352948614019578
2234,1.440396979453517,1.4394603436042774,1.4380759734835653
2235,1.440396979453517,1.4393751287808767,1.4362784368462933
2236,1.440396979453517,1.4390232473216293,1.4338113446407057
2237,1.4404578096054121,1.4385781552969914,1.4279177460650403
2238,1.4404578096054121,1.438050720047086,1.4206439031305782
2239,1.4404578096054121,1.438454389972997,1.4302736893687076
2240,1.4404578096054121,1.438823215241704,1.433313792373854
2241,1.4404578096054121,1.4386793778587188,1.4324321779303082
2242,1.4404578096054121,1.4382405006622505,1.4295119029759458
2243,1.4404578096054121,1.4380357403116646,1.4287917031395865
2244,1.4404578096054121,1.4382544058212523,1.4329983273554172
2245,1.4404578096054121,1.4384212382963526,1.4335564580915816
2246,1.4404578096054121,1.4386095091644497,1.4357541769804572
2247,1.4404578096054121,1.4389423006706585,1.4338743048907183
2248,1.4404578096054121,1.438847113890306,1.4314298572223798
2249,1.4405627567125856,1.4390073449458822,1.4349255847691809
2250,1.4405627567125856,1.4390918597179594,1.4346299914218046
2251,1.4405627567125856,1.4393110636834923,1.4315615143774367
2252,1.4405627567125856,1.439257538765122,1.4361852886523367
2253,1.4405627567125856,1.4388828669037168,1.4351913500413938
2254,1.4405627567125856,1.4388160506555072,1.4340159018258996
2255,1.4405627567125856,1.4386262829002536,1.430867434677896
2256,1.4405627567125856,1.4382929464548395,1.4315236891351653
2257,1.4405627567125856,1.4384423706823264,1.429952516710008
2258,1.4405627567125856,1.4384669553276885,1.4320255451579014
2259,1.4405627567125856,1.4388212303663703,1.4286962186664156
2260,1.440586803706207,1.438385096645643,1.429341428640214
2261,1.440586803706207,1.43817839871879,1.4266850517826146
2262,1.440586803706207,1.4385340325518143,1.4320065254398118
2263,1.440586803706207,1.4387401607748351,1.4302859691097458
2264,1.440586803706207,1.438444833162962,1.4300139058098473
2265,1.440586803706207,1.4383197453551892,1.4338031968608578
2266,1.440586803706207,1.4386763278793882,1.433384090753691
2267,1.440586803706207,1.438845827910172,1.4355873206434004
2268,1.440586803706207,1.4387496127517807,1.4345183739633431
2269,1.440586803706207,1.4386023683160434,1.4356757996933975
2270,1.440586803706207,1.4383768432396808,1.4333029324817785
2271,1.440586803706207,1.4385716512187778,1.433474887329639
2272,1.440586803706207,1.4386679226741086,1.4353860034214596
2273,1.440586803706207,1.438929521291148,1.4345408233795656
2274,1.440586803706207,1.4391600822306654,1.4331845956734728
2275,1.440586803706207,1.4390736074671062,1.4344847211055682
2276,1.440586803706207,1.438987019201103,1.4346857762700669
2277,1.440586803706207,1.4388053794897595,1.4327999670334233
2278,1.440586803706207,1.438425030879065,1.42451734911941
2279,1.440586803706207,1.438934463523922,1.4343619824242972
2280,1.440586803706207,1.4386655311087773,1.4329244174177473
2281,1.440586803706207,1.438720270672977,1.431085551697698
2282,1.440586803706207,1.4392969409171845,1.435824839271376
2283,1.440586803706207,1.439621533059366,1.4377088811886793
2284,1.440586803706207,1.4393360746314374,1.4354224919745648
2285,1.440586803706207,1.439236597911718,1.4350278286176368
2286,1.4406717045219437,1.4388960452150088,1.4363705060672078
2287,1.4408604149392843,1.439057345719593,1.4361961313840497
2288,1.4408604149392843,1.4391876245776651,1.4362306688116766
2289,1.4408604149392843,1.4392005461846664,1.4362469745735034
2290,1.4408604149392843,1.4390823493625324,1.4336562082925854
2291,1.4408604149392843,1.4390238685239742,1.4335795033028198
2292,1.4408604149392843,1.4390701175562024,1.4359652465322825
2293,1.4408604149392843,1.4394276690455416,1.4368587296186586
2294,1.4408604149392843,1.4396214008827777,1.4359456653494482
2295,1.4408604149392843,1.4395472024960512,1.4376024184365244
2296,1.4408604149392843,1.4394645671118715,1.4333726371043674
2297,1.4408604149392843,1.4393198290783444,1.436438976168572
2298,1.4408604149392843,1.4392457078050378,1.4356127722320857
2299,1.4408604149392843,1.4394947425482605,1.4374365482083722
2300,1.4408604149392843,1.4396480135794962,1.4372406271607845
2301,1.4408604149392843,1.4395749934724866,1.434166158132691
2302,1.4408604149392843,1.4394072136868488,1.4361955210139339
2303,1.4408604149392843,1.439482362747238,1.4355370901506477
2304,1.4408604149392843,1.4391987149221632,1.4358423939701679
2305,1.4408604149392843,1.439430591918456,1.4361450423456152
2306,1.4408604149392843,1.4396624044367052,1.4359405001692191
2307,1.4409026630416126,1.439527957100386,1.4318252488944654
2308,1.4409026630416126,1.4394941813843998,1.4311237326394721
2309,1.4409026630416126,1.4397856916321259,1.4357653331865714
2310,1.4410106186576768,1.4398941829819043,1.436879261124098
2311,1.4410106186576768,1.4398197003769169,1.4357257533593841
2312,1.4410106186576768,1.439490227759537,1.4327189367933082
2313,1.4410106186576768,1.438888825810095,1.425259383605368
2314,1.4410106186576768,1.4393545693817658,1.4317405841575108
2315,1.4410106186576768,1.4391779426998994,1.4341442366894968
2316,1.4410106186576768,1.4391516658903705,1.4349210545636717
2317,1.4410106186576768,1.4392158411689877,1.4356086728489108
2318,1.4410106186576768,1.4394845695082705,1.4372916329259517
2319,1.4410106186576768,1.4395948937235283,1.4362524114637973
2320,1.4410106186576768,1.4397900210755767,1.4353133504654585
2321,1.4410106186576768,1.4390952438138411,1.4267437871173123
2322,1.4410106186576768,1.4389328129411236,1.431171748894724
2323,1.4410106186576768,1.4387461083224653,1.4332542459321458
2324,1.4410106186576768,1.4385108140015053,1.4214187094648616
2325,1.4410106186576768,1.4391616191132584,1.4342350224855558
2326,1.4410106186576768,1.4394565659984044,1.4348759526127224
2327,1.4410106186576768,1.4393843395287638,1.4355264451662557
2328,1.4410106186576768,1.4393311717071569,1.436540506067499
2329,1.4410106186576768,1.4393719602387705,1.4347314465862147
2330,1.4410106186576768,1.439662543714573,1.4364395396302791
2331,1.4410106186576768,1.4396039712309767,1.4360075852566834
2332,1.4410106186576768,1.4396332128535942,1.4361153896500807
2333,1.4410106186576768,1.4397820089216464,1.4354596049450399
2334,1.4410106186576768,1.4396456521179226,1.432762675185783
2335,1.4410106186576768,1.4394150452559296,1.4356227021935193
2336,1.4410106186576768,1.4392908994908995,1.4282507229457122
2337,1.4410106186576768,1.4389891803512729,1.4312902111682064
2338,1.4410106186576768,1.4388484204981953,1.4304142152975494
2339,1.4410106186576768,1.4389191015138625,1.4314455628897078
2340,1.4410106186576768,1.4387976370345348,1.4342623650210111
2341,1.4410106186576768,1.4392478314995314,1.434618487705721
2342,1.4410106186576768,1.4395717105738723,1.4355957196778464
2343,1.4410106186576768,1.4398091685576369,1.4373773205044764
2344,1.4410106186576768,1.4398621169926977,1.4371241265492567
2345,1.4410106186576768,1.4393609723010667,1.4314621329162371
2346,1.4411986123737976,1.4395093585085221,1.432051011936579
2347,1.4411986123737976,1.4396905195004512,1.4364113419631228
2348,1.4411986123737976,1.439781203381213,1.4362953200685216
2349,1.4411986123737976,1.439944195013234,1.43671858518287
2350,1.4411986123737976,1.4396588250533366,1.4372133863478178
2351,1.4411986123737976,1.440130554269914,1.4373429389627284
2352,1.4411986123737976,1.4399549153650057,1.4351233921082567
2353,1.4411986123737976,1.440010902401662,1.4364870724044798
2354,1.4411986123737976,1.4398839006612778,1.4350330103392435
2355,1.4411986123737976,1.4396093140038086,1.4335926711582432
2356,1.4411986123737976,1.4395384159658522,1.4364235346021013
2357,1.4411986123737976,1.4395015588582154,1.4367136100564957
2358,1.4411986123737976,1.439427244228237,1.4332512096460217
2359,1.4411986123737976,1.4397772030809421,1.4339169042066784
2360,1.4411986123737976,1.439496110644686,1.435246767019085
2361,1.4411986123737976,1.439358298274793,1.4290919730569942
2362,1.4411986123737976,1.4392071213909632,1.4320690059039225
2363,1.4411986123737976,1.4392445533283273,1.430475209988713
2364,1.4411986123737976,1.4395373403790928,1.4344864748574706
2365,1.4411986123737976,1.4394110311022195,1.4309625531102839
2366,1.4411986123737976,1.4393007762021428,1.4318466620533914
2367,1.4411986123737976,1.4395315903231227,1.4363916634352678
2368,1.4411986123737976,1.4394693219515164,1.4355494088584282
2369,1.441311783474444,1.4400463247496815,1.4366968107102278
2370,1.441311783474444,1.4401464701827882,1.4357536611798951
2371,1.441311783474444,1.4399722408472877,1.4368048363330788
2372,1.441311783474444,1.4399518809053282,1.435123006000444
2373,1.441311783474444,1.4397578097808357,1.43622287702953
2374,1.441311783474444,1.4395246286925145,1.429437257314485
2375,1.441311783474444,1.4397240490428522,1.4347615154097682
2376,1.441311783474444,1.4399993780181233,1.4373666122860016
2377,1.441311783474444,1.4398206207128141,1.4347804913586728
2378,1.4415761300764478,1.4398969191381803,1.4361443014226847
2379,1.4415761300764478,1.4398974211314823,1.4374998810981352
2380,1.4415761300764478,1.4401597849438201,1.4377178860640054
2381,1.4415761300764478,1.4397363951893118,1.4243177474501003
2382,1.4415761300764478,1.4396557365792584,1.427296619495658
2383,1.441576148499087,1.4393258724182851,1.4320058486470177
2384,1.441576148499087,1.4395253110346347,1.4362291452138498
2385,1.441576148499087,1.4392127409123132,1.434879251312286
2386,1.441576148499087,1.4392208807878148,1.436236166049508
2387,1.441576148499087,1.439352844778095,1.4347606479814647
2388,1.441576148499087,1.4388980576293067,1.429016650935707
2389,1.441576148499087,1.4389717666503394,1.432948461422022
2390,1.441576148499087,1.4387241692348718,1.4321063366338322
2391,1.441576148499087,1.4377459708236882,1.4162582270890447
2392,1.441576148499087,1.4381579458136087,1.4273185817091298
2393,1.441576148499087,1.4387074765816046,1.427870766954522
2394,1.441576148499087,1.4386665382916877,1.4344269677715473
2395,1.441576148499087,1.4393109059224662,1.4340112760924866
2396,1.441576148499087,1.4391662129065113,1.4305430074137564
2397,1.441576148499087,1.4392761085881043,1.4238688106202564
2398,1.441576148499087,1.4393269122878471,1.4331980293394677
2399,1.441576148499087,1.4390842937164796,1.432336364631771
2400,1.441576148499087,1.439576933169372,1.432197718250132
2401,1.441576148499087,1.4391110436251995,1.434173363455678
2402,1.441576148499087,1.4392502925766721,1.4355680919561327
2403,1.441576148499087,1.4397616453498434,1.435679741762262
2404,1.441576148499087,1.4399032544042796,1.4334869630554485
2405,1.441576148499087,1.4395308239171987,1.4351941118108582
2406,1.441576148499087,1.4393320340999076,1.4302086497743391
2407,1.441576148499087,1.4396482076575183,1.43463740037315
2408,1.441576148499087,1.439726869512506,1.435681133583387
2409,1.441576148499087,1.439391039394874,1.4355110548995496
2410,1.441576148499087,1.4398208960591095,1.4364663488656053
2411,1.441576148499087,1.4395160175502937,1.4209996626926606
2412,1.441576148499087,1.4391669209898854,1.4331197370597364
2413,1.441576148499087,1.4386929194844618,1.4297048782104622
2414,1.441576148499087,1.4384966284114669,1.4210046790114108
2415,1.441576148499087,1.4379718830661181,1.424908149756132
2416,1.441576148499087,1.438530953232625,1.4287951318327559
2417,1.441576148499087,1.4389620012411726,1.4293677415433996
2418,1.441576148499087,1.4390341220179619,1.435005492122606
2419,1.441576148499087,1.4394799648763157,1.4354922413851579
2420,1.441576148499087,1.4389322423257171,1.4275466582013758
2421,1.441576148499087,1.4389773279207574,1.4266435508855606
2422,1.441576148499087,1.4391188152719783,1.4287955795930787
2423,1.441576148499087,1.4391860217832257,1.4251109440034158
2424,1.441576148499087,1.4389299336504835,1.4285572846863965
2425,1.441576148499087,1.439154492268308,1.433216347789465
2426,1.441576148499087,1.4394411804729035,1.434098063306817
2427,1.441576148499087,1.439749799016453,1.4357952110312058
2428,1.441576148499087,1.4395392640269704,1.4361339349037816
2429,1.441576148499087,1.4392321360538756,1.436397833951619
2430,1.441576148499087,1.4396895290375051,1.4342066300948724
2431,1.441576148499087,1.4396034839834053,1.4337954260609032
2432,1.441576148499087,1.4394182915190763,1.4356496501662566
2433,1.441576148499087,1.439171346331001,1.4332195235826595
2434,1.441576148499087,1.43832905154587,1.4308501217616085
2435,1.441576148499087,1.438738700238858,1.4274742075633402
2436,1.441576148499087,1.4384104392455999,1.4195419285268855
2437,1.441576148499087,1.4381444369605847,1.4300285746929013
2438,1.441576148499087,1.4385254453398233,1.4233249645012005
2439,1.441576148499087,1.438669491261007,1.4305486959653768
2440,1.441576148499087,1.4388190118870605,1.4312537150266573
2441,1.441576148499087,1.4389818093038378,1.4321021569671746
2442,1.441576148499087,1.4395893488612401,1.4339442084919687
2443,1.441576148499087,1.4394612000848281,1.4304147934420524
2444,1.441576148499087,1.4392273350865383,1.4353843250483633
2445,1.441576148499087,1.4392982574207125,1.430004109559854
2446,1.441576148499087,1.4389679596323819,1.4314251464812429
2447,1.441576148499087,1.4390310273027105,1.4271136990805513
2448,1.441576148499087,1.4387711806344703,1.412360796120913
2449,1.441576148499087,1.4390511127436256,1.430983119914568
2450,1.441576148499087,1.4391683865009635,1.432473414555063
2451,1.441576148499087,1.4391543171062031,1.4315971067309672
2452,1.441576148499087,1.438897074994567,1.4326165424140345
2453,1.441576148499087,1.4391022262872233,1.43634024120251
2454,1.441576148499087,1.4394787407790768,1.4317255179556085
2455,1.441576148499087,1.43930476495432,1.429611549241842
2456,1.441576148499087,1.438905582583032,1.4319794115966724
2457,1.441576148499087,1.439142256050141,1.4336586661144703
2458,1.441576148499087,1.4394378583127374,1.4355408302964012
2459,1.441576148499087,1.439586949000896,1.4359764466880538
2460,1.441576148499087,1.4395178791920662,1.4370447098321666
2461,1.441576148499087,1.4394070033910966,1.435740240436727
2462,1.441576148499087,1.439209677184321,1.435023240279195
2463,1.441576148499087,1.4395238636508012,1.432519597219085
2464,1.441576148499087,1.4397269706063007,1.4306761975224236
2465,1.441576148499087,1.4398745732596105,1.43687884252978
2466,1.441576148499087,1.4397054792072763,1.4356784778788187
2467,1.441576148499087,1.439429581194981,1.4321180917852168
2468,1.441576148499087,1.4395236800433102,1.4347513193259114
2469,1.441576148499087,1.4397813716782115,1.4314484714483915
2470,1.441576148499087,1.439609422890871,1.435150920407479
2471,1.441576148499087,1.4400935512986306,1.436459757003948
2472,1.441576148499087,1.440089773954137,1.4349787796122908
2473,1.441576148499087,1.439978276433477,1.435658958876396
2474,1.441576148499087,1.439948833320527,1.4347586633392386
2475,1.441576148499087,1.439837210818835,1.4374721218586473
2476,1.441576148499087,1.4396884214141246,1.43614819835381
2477,1.441576148499087,1.439091806142363,1.432029156271664
2478,1.441576148499087,1.4390803481010692,1.431683872022389
2479,1.441576148499087,1.4391894935670717,1.4305285458006198
2480,1.441576148499087,1.438932616460167,1.4351668022747313
2481,1.441576148499087,1.4387166682056631,1.4312943014388964
2482,1.441576148499087,1.4384726792807045,1.434954158200909
2483,1.441576148499087,1.4383255439415281,1.4284384854440666
2484,1.441576148499087,1.4386423250415206,1.4334817800470756
2485,1.4416314466231452,1.438380208507771,1.4346303821621096
2486,1.4416314466231452,1.4388176416340772,1.4346059989393731
2487,1.4416314466231452,1.4391131110518904,1.4336952988564913
2488,1.4416314466231452,1.4391922191603033,1.431254561404285
2489,1.4416314466231452,1.4395234418809892,1.4307299814860506
2490,1.4416314466231452,1.439583451563371,1.432416232420873
2491,1.4416314466231452,1.4396486389366379,1.4262457627641152
2492,1.4416314466231452,1.4399249415494648,1.4347551682842332
2493,1.4416314466231452,1.4402456712659515,1.4360904548764322
2494,1.4416314466231452,1.4403507321430618,1.436042098516248
2495,1.4416314466231452,1.440597765638856,1.436721373640309
2496,1.4416314466231452,1.4406494497312814,1.4350036820919219
2497,1.4416314466231452,1.4407156810527013,1.4387588889529253
2498,1.4416314466231452,1.4405651101769046,1.4380350359142515
2499,1.4416314466231452,1.4404339865818394,1.4385692165531314
2500,1.4416314466231452,1.4402902312068426,1.436617003564455
2501,1.4416314466231452,1.4403507144151317,1.4358653130105945
2502,1.4416314466231452,1.4401321978771058,1.437253572259666
2503,1.4416314466231452,1.4402154532519855,1.4361567556394508
2504,1.4416314466231452,1.4404754068770205,1.4362973809925472
2505,1.4416314466231452,1.440429020912045,1.4368533449855398
2506,1.4416314466231452,1.4401514911427649,1.4355492374828656
2507,1.4416314466231452,1.4401377819972527,1.4355842538268402
2508,1.4416314466231452,1.4398751296025583,1.436407097826378
2509,1.4416314466231452,1.4398474259049028,1.435659663642039
2510,1.4416314466231452,1.4401771214559718,1.4324605869642804
2511,1.4416314466231452,1.440347947166967,1.4358692955153496
2512,1.4416314466231452,1.4402530042406159,1.4376802536903686
2513,1.4416314466231452,1.4401512787691328,1.434397469307599
2514,1.4416314466231452,1.439875990102748,1.4340440585860614
2515,1.4416314466231452,1.4400450089456862,1.4338983523959645
2516,1.4416314466231452,1.4405202526993666,1.438289464385126
2517,1.4416314466231452,1.4407238401195719,1.4388419991325376
2518,1.4416314466231452,1.4408263465462372,1.4393597161510332
2519,1.4416314466231452,1.4406558835483962,1.437908411236733
2520,1.4416314466231452,1.4405938385353607,1.4376796425098748
2521,1.4416314466231452,1.440379342085678,1.4347609376330712
2522,1.4416314466231452,1.4404778480026355,1.4374380291188547
2523,1.4416314466231452,1.4405971195333394,1.4342458551055852
2524,1.441973087980617,1.4404045346569652,1.436622421881529
2525,1.441973087980617,1.4400859559532102,1.436040263186508
2526,1.441973087980617,1.4399922598082642,1.435888957531058
2527,1.441973087980617,1.4403906870554974,1.4368738263045033
2528,1.441973087980617,1.440477754465634,1.4369152943228192
2529,1.441973087980617,1.440862831117635,1.4379416203835027
2530,1.441973087980617,1.4407499622792017,1.4388758290835149
2531,1.441973087980617,1.4408601347053276,1.4369317964027426
2532,1.441973087980617,1.4406838830490472,1.4368917927216747
2533,1.441973087980617,1.4407259871052756,1.4377180135986583
2534,1.441973087980617,1.4408406529921338,1.4373350493761903
2535,1.441973087980617,1.4408468124651694,1.4346609729090898
2536,1.442116670737703,1.4405721759151962,1.4322521100400687
2537,1.442116670737703,1.4403717748689826,1.4358926790825066
2538,1.442116670737703,1.4402078892315828,1.4345857913812654
2539,1.442116670737703,1.4402454753806049,1.4372079791060668
2540,1.442116670737703,1.4404840370887373,1.4358851880976875
2541,1.442116670737703,1.4405970380010198,1.437306494539464
2542,1.442116670737703,1.4405557765079484,1.4366344782815084
2543,1.442116670737703,1.4404516120252011,1.4355933701051724
2544,1.442116670737703,1.440656853078122,1.4382949887539551
2545,1.442116670737703,1.440651454986157,1.4366661394031681
2546,1.442116670737703,1.4402161872417734,1.4357616458148126
2547,1.442116670737703,1.4406816276831234,1.4319672623186843
2548,1.442116670737703,1.4407285168451665,1.4377166675637054
2549,1.442116670737703,1.4409144030726384,1.4372423386484603
2550,1.442116670737703,1.4404869574460115,1.4335075055022233
2551,1.442116670737703,1.4404095577012463,1.4333660550084728
2552,1.442116670737703,1.4406565448343134,1.4357701903536562
2553,1.442116670737703,1.4403820410638306,1.4335748216812412
2554,1.442116670737703,1.4401053811275057,1.434524240103881
2555,1.442116670737703,1.4403559090307538,1.4370430465062793
2556,1.442116670737703,1.4404051619060332,1.4358363086733776
2557,1.442116670737703,1.4401061687627668,1.434546914647997
2558,1.442116670737703,1.4401559360314846,1.4330842820371874
2559,1.442116670737703,1.4400143520447273,1.4353100732854085
2560,1.442116670737703,1.4393778284110592,1.4344527990428455
2561,1.442116670737703,1.4390890563399388,1.4303375534032805
2562,1.442116670737703,1.439468144054406,1.43031387178282
2563,1.442116670737703,1.4395431135101862,1.424240045503642
2564,1.442116670737703,1.4392980125868862,1.4327016725210526
2565,1.442116670737703,1.4392383771346144,1.4314970167504888
2566,1.442116670737703,1.4387019272171637,1.4291903579319511
2567,1.442116670737703,1.439271615312149,1.4278418985356467
2568,1.442116670737703,1.439671364861305,1.4330619069565038
2569,1.442116670737703,1.4397505855472275,1.42888312842108
2570,1.442116670737703,1.4393886800955318,1.434086160364966
2571,1.442116670737703,1.4391815715933092,1.4309186548345803
2572,1.442116670737703,1.439368978250399,1.4351385974154869
2573,1.442116670737703,1.4392233144501279,1.4319853446652102
2574,1.442116670737703,1.439154219110628,1.4313349910866462
2575,1.442149784015865,1.4392284130260642,1.4300599621454237
2576,1.442149784015865,1.4388384056892982,1.4323556707878997
2577,1.442149784015865,1.4391931186463345,1.4295125910417514
2578,1.442149784015865,1.4396326041826129,1.4343716241575846
2579,1.442149784015865,1.4396862124908443,1.4334793715875727
2580,1.442149784015865,1.4392373841056383,1.4312067387013612
2581,1.442149784015865,1.4392556132951757,1.434217032617537
2582,1.442149784015865,1.4397612058435763,1.4361864931011596
2583,1.442149784015865,1.4402628309260723,1.4348163413735067
2584,1.442149784015865,1.4407368265105882,1.4376050500313147
2585,1.442149784015865,1.4406796805546522,1.4373938636698542
2586,1.442149784015865,1.4408015737909932,1.436791317583904
2587,1.442149784015865,1.4409769934641437,1.4372771006958596
2588,1.442149784015865,1.44068045653395,1.432707788411564
2589,1.442149784015865,1.4408035468631917,1.4369485889086904
2590,1.442149784015865,1.440976136567323,1.4386124176183503
2591,1.442149784015865,1.4406358545547513,1.4356173452517056
2592,1.442149784015865,1.4409194762574489,1.4373558470439078
2593,1.442149784015865,1.4404134328801594,1.4354429934977293
2594,1.442149784015865,1.4404352036078698,1.4370386028301005
2595,1.442149784015865,1.4401866818789717,1.4350011895976433
2596,1.442149784015865,1.4400171498920011,1.433945831467359
2597,1.442149784015865,1.4399580730955572,1.4345937776905004
2598,1.442149784015865,1.439828470065025,1.4355740361991238
2599,1.442149784015865,1.4397174978601235,1.430157290753077
2600,1.442149784015865,1.4396260321669816,1.4298661344387509
2601,1.442149784015865,1.438932007996402,1.4224277153306493
2602,1.442149784015865,1.4392013076268702,1.4184188516356062
2603,1.442149784015865,1.4397756994001825,1.4325662606897327
2604,1.442149784015865,1.4401723283329764,1.4329804856455324
2605,1.442149784015865,1.4403155481424392,1.4363175214330286
2606,1.442149784015865,1.4400844039177292,1.4310979098286407
2607,1.442149784015865,1.4403724945121281,1.4331889440897847
2608,1.442149784015865,1.4405411411269713,1.436598974681897
2609,1.442149784015865,1.4407398172583248,1.4368728069027923
2610,1.442149784015865,1.4406162355529457,1.4380720929802673
2611,1.442149784015865,1.440417776235023,1.4361436361959548
2612,1.442149784015865,1.4405818912285875,1.4369847618294704
2613,1.442149784015865,1.4406003142392283,1.4312559327044265
2614,1.442149784015865,1.4404561409966161,1.4345645080479723
2615,1.442149784015865,1.4406512678733503,1.4385081144589211
2616,1.442149784015865,1.4409026165790573,1.4378501735128717
2617,1.442149784015865,1.4408097155042185,1.4342173073900486
2618,1.4421538485209995,1.440890618774072,1.4296084191181204
2619,1.4421538485209995,1.4406619381603967,1.4352766404321398
2620,1.4421538485209995,1.4410539834387435,1.4347420069279904
2621,1.4421538485209995,1.440660019734399,1.433966957975705
2622,1.4421538485209995,1.4405312501779242,1.4361756838739916
2623,1.4421538485209995,1.4404364777577336,1.4356908880888197
2624,1.4421538485209995,1.4402367262444624,1.4337013877988207
2625,1.4422149243480056,1.4397404633131123,1.43352537980661
2626,1.4422149243480056,1.4399604866903395,1.4352345955054788
2627,1.4422149243480056,1.4406741442487883,1.4372806726091307
2628,1.4422149243480056,1.440654515445858,1.4344413174083028
2629,1.4422149243480056,1.4407219667033746,1.4360384605021348
2630,1.442313434366624,1.4405229293392998,1.4370073185837027
2631,1.442313434366624,1.440629008926163,1.4366031664451913
2632,1.442313434366624,1.4406421401296947,1.4367309321569355
2633,1.442313434366624,1.440660476848714,1.436998545294029
2634,1.442313434366624,1.4407018475357676,1.437341296030206
2635,1.442313434366624,1.4406975602005423,1.4373322055146933
2636,1.442313434366624,1.440448881595821,1.431580157263751
2637,1.442313434366624,1.4405922833788722,1.4317569830982757
2638,1.442313434366624,1.4410455271180012,1.436626007822946
2639,1.442313434366624,1.4411973430300995,1.4372243515075727
2640,1.442313434366624,1.4411749426640637,1.436612636893199
2641,1.442313434366624,1.4412172318624983,1.43714347889044
2642,1.442313434366624,1.441188448684864,1.4357862720140855
2643,1.442313434366624,1.4409397747499586,1.438140167498033
2644,1.442313434366624,1.440853326090001,1.436274928030128
2645,1.442313434366624,1.440546285160063,1.4366065566066877
2646,1.442313434366624,1.4407258423033604,1.4365682717756103
2647,1.442313434366624,1.440387953414166,1.4378563793942938
2648,1.442313434366624,1.4404987821484903,1.4349337598894747
2649,1.442313434366624,1.4404640100841888,1.4370005010505864
2650,1.442313434366624,1.4403615148049795,1.4370615652980319
2651,1.442313434366624,1.4404714083971168,1.4336979718465923
2652,1.442313434366624,1.4403198366642391,1.437391632839952
2653,1.442313434366624,1.4403441226337674,1.4246874677665287
2654,1.442313434366624,1.440274276465647,1.4299708758805039
2655,1.442313434366624,1.440041701099893,1.4332935759361565
2656,1.442313434366624,1.4395419027272343,1.432658134092596
2657,1.442313434366624,1.439222057119407,1.430827090883943
2658,1.442313434366624,1.4393137868382342,1.4295800846989528
2659,1.442313434366624,1.4394453885550638,1.4345136988591523
2660,1.442313434366624,1.4401199518354593,1.4367241987245603
2661,1.442313434366624,1.4405511015862698,1.43729815080608
2662,1.442313434366624,1.44004711454022,1.4297325731453017
2663,1.442313434366624,1.4400622528329803,1.431662392245489
2664,1.442313434366624,1.440050694101975,1.432840651399495
2665,1.442313434366624,1.4402884968546814,1.4322917743434767
2666,1.442313434366624,1.4400093311308018,1.431977002931298
2667,1.442313434366624,1.4401029580717997,1.4280463449767618
2668,1.442313434366624,1.4405792892100984,1.4310171481497274
2669,1.442313434366624,1.4402424035970731,1.4320345637888838
2670,1.442313434366624,1.4402040034981058,1.4324677325926696
2671,1.442313434366624,1.4402465914943519,1.4215777375368688
2672,1.442313434366624,1.4400356367272564,1.4338243003028868
2673,1.442313434366624,1.4403235714820015,1.4290698400427846
2674,1.442313434366624,1.4406408785516627,1.4332797252577034
2675,1.442313434366624,1.4402404107695737,1.4360718356209947
2676,1.442313434366624,1.4407630294565523,1.438225103308749
2677,1.442313434366624,1.44069560348068,1.4374425275136067
2678,1.442313434366624,1.4406207193629121,1.4350466479302177
2679,1.442313434366624,1.440778528291804,1.4341380278476406
2680,1.442313434366624,1.4409202358463986,1.4377301527150441
2681,1.442313434366624,1.4411490834948284,1.4380791397319714
2682,1.442313434366624,1.44094719851987,1.4367719157993606
2683,1.442313434366624,1.440948337358171,1.43353587642592
2684,1.442313434366624,1.4407913161470187,1.4339755553861397
2685,1.442313434366624,1.4405742396664953,1.4324556808788147
2686,1.442313434366624,1.44060817585052,1.4357629873205093
2687,1.442313434366624,1.4406377167161102,1.4378371872857525
2688,1.442313434366624,1.4410987739021401,1.4377081233056945
2689,1.442313434366624,1.4413019607093562,1.4384086336759847
2690,1.442313434366624,1.4412172207895468,1.437879265905888
2691,1.442313434366624,1.4409817903566957,1.438540881076397
2692,1.442313434366624,1.441076828890993,1.4385708008558042
2693,1.442313434366624,1.4411926164952464,1.438943939048157
2694,1.442313434366624,1.4411205142059034,1.4384058430867734
2695,1.442313434366624,1.441021336679718,1.436915080044173
2696,1.442313434366624,1.4407927332731385,1.432499224780643
2697,1.442313434366624,1.4406755311345056,1.4381957309908082
2698,1.442313434366624,1.440517573987233,1.4300017513902148
2699,1.442313434366624,1.4407533591730866,1.4370403099208318
2700,1.442313434366624,1.4405064935560699,1.4315794609082844
2701,1.442313434366624,1.4401616001138056,1.434453092183061
2702,1.442313434366624,1.4402471744655696,1.4367792150285197
2703,1.442313434366624,1.4401833494097276,1.4359970972345117
2704,1.442313434366624,1.4398877178617642,1.432675884786781
2705,1.442313434366624,1.440104906746078,1.4343124753030663
2706,1.442313434366624,1.4401916880392336,1.4345088652077047
2707,1.442313434366624,1.4401364626703117,1.4334482779369924
2708,1.442313434366624,1.4401357744730299,1.4360449898234666
2709,1.442313434366624,1.439616619781891,1.4309161012381075
2710,1.442313434366624,1.4393173162189878,1.4323795094463936
2711,1.442313434366624,1.4393960898598792,1.4338877378102246
2712,1.442313434366624,1.4402757894691343,1.4344810391492042
2713,1.442313434366624,1.4400760682137763,1.433529648845186
2714,1.442313434366624,1.439915102159836,1.4275650595463498
2715,1.442313434366624,1.439489460992298,1.4323653374866239
2716,1.442313434366624,1.4394596482033852,1.4325678979914738
2717,1.442313434366624,1.4392870848291992,1.4274003417344705
2718,1.442313434366624,1.4388195509312647,1.4288590371746122
2719,1.442423693788228,1.4391637943492832,1.4269862236795676
2720,1.442423693788228,1.4396315961407515,1.4343712711877792
2721,1.442423693788228,1.4402941259974902,1.435881906775725
2722,1.442423693788228,1.4401302797063622,1.4332231069889325
2723,1.442423693788228,1.4407075640223075,1.4357914090384702
2724,1.442423693788228,1.4409155358465966,1.4312237469417326
2725,1.442423693788228,1.4406610831177742,1.4345618412373138
2726,1.442423693788228,1.4403890008973292,1.435367457289395
2727,1.4424574278258158,1.4406618434763667,1.4329111056704222
2728,1.4424574278258158,1.4405404385508331,1.4345394131239277
2729,1.4424574278258158,1.440459411001319,1.4343857827257305
2730,1.4424574278258158,1.4408031873515947,1.4322268780384713
2731,1.4424574278258158,1.4408265203535229,1.4328108310546677
2732,1.4424574278258158,1.4404409004704402,1.42633137025555
2733,1.4424739352347884,1.4405779930083156,1.4370899804123594
2734,1.4424739352347884,1.4403836717373455,1.4356530598479647
2735,1.4424739352347884,1.439757834078495,1.426391914436512
2736,1.4424739352347884,1.4401980146928357,1.427407277058771
2737,1.4424739352347884,1.4399172489624599,1.4354025333543576
2738,1.4424739352347884,1.4399697863560028,1.4333427338667413
2739,1.4424739352347884,1.4398855687365824,1.4355518646819987
2740,1.4424739352347884,1.4399240114271377,1.4314292883833908
2741,1.4424739352347884,1.4396672466825393,1.4312727693397762
2742,1.4424739352347884,1.43942126026553,1.4340462231981357
2743,1.4424739352347884,1.4405142512241553,1.436617456285408
2744,1.4424739352347884,1.4404634482662806,1.4356838412090691
2745,1.4424739352347884,1.4404586053174535,1.4374184949143867
2746,1.4424739352347884,1.4408247175520146,1.4372901682852761
2747,1.4424739352347884,1.440833917011871,1.4375031148314465
2748,1.4424739352347884,1.4405550752964393,1.4325272000208495
2749,1.4424739352347884,1.440375144212658,1.429950178760254
2750,1.4424739352347884,1.4407583869652174,1.436535900138458
2751,1.4424739352347884,1.4410685267987327,1.436357821083762
2752,1.4424739352347884,1.4411240449468306,1.43827877605694
2753,1.4424739352347884,1.4413628143849482,1.4378715294907425
2754,1.4424739352347884,1.441596684820073,1.4392179390259263
2755,1.4424739352347884,1.4414839959279928,1.4372647170741184
2756,1.4424739352347884,1.4414013225425018,1.4378162160482275
2757,1.4424739352347884,1.4411820697940234,1.4376354602027317
2758,1.4424739352347884,1.4410259038794253,1.4357203888903523
2759,1.4424739352347884,1.4409831748187665,1.4373489821637042
2760,1.4424739352347884,1.4406386489540493,1.4327451407748186
2761,1.4424739352347884,1.4408637210269892,1.4375918667744312
2762,1.4424739352347884,1.4407896188092912,1.438028610902634
2763,1.4424739352347884,1.440948601086327,1.4376007549141818
2764,1.4424739352347884,1.4410723216968364,1.4366492887194475
2765,1.4424739352347884,1.4411750665661822,1.4378276516885125
2766,1.4424739352347884,1.4415139441279288,1.4384098388202915
2767,1.4424739352347884,1.4413780903130762,1.4380847621876751
2768,1.4424739352347884,1.4411081164426278,1.4344661148143905
2769,1.4424739352347884,1.4405979573528058,1.4306060283355846
2770,1.4424739352347884,1.440607945854063,1.4325412942002838
2771,1.4424739352347884,1.441175960585035,1.435099995739058
2772,1.4424739352347884,1.4412742722624075,1.4351039540784818
2773,1.4424739352347884,1.4413400190204078,1.4383671517215957
2774,1.4424739352347884,1.441179496585694,1.4386080358531623
2775,1.4424739352347884,1.441466836673316,1.438957672904016
2776,1.4424739352347884,1.4409952714443799,1.4358663651743762
2777,1.4424739352347884,1.4412048431199311,1.4384525811753732
2778,1.4424739352347884,1.441409983047733,1.4389249592899112
2779,1.4424739352347884,1.4416203237078489,1.4398846842216142
2780,1.4424739352347884,1.4416855232126304,1.4391709312331509
2781,1.4424739352347884,1.4417285278972671,1.4397734352775606
2782,1.4424739352347884,1.4415236109243392,1.4365717551170554
2783,1.4426323365600329,1.441399851839545,1.4358685161586828
2784,1.4426323365600329,1.4413788749959004,1.4378700290604935
2785,1.4426323365600329,1.4413856983020403,1.4391360971233538
2786,1.4426323365600329,1.4414152511951792,1.4376996573419907
2787,1.4426323365600329,1.441235120178745,1.435775295536023
2788,1.4426323365600329,1.4411464900685647,1.4363868629939072
2789,1.4426323365600329,1.4405867687953589,1.4287102149790165
2790,1.4426323365600329,1.4400807278922014,1.4277166882095012
2791,1.4426323365600329,1.439907708280739,1.4327036629820333
2792,1.4426323365600329,1.4396315327825309,1.4316662722196785
2793,1.4426323365600329,1.439742851773541,1.4342858879441747
2794,1.4426323365600329,1.4403894299152666,1.4348954114298882
2795,1.4426323365600329,1.4402861186067262,1.436865291936549
2796,1.4426323365600329,1.4407127598408613,1.4363798352083041
2797,1.4426323365600329,1.4408972582329724,1.4375738556667763
2798,1.4426323365600329,1.4409398619331466,1.43492401758391
2799,1.4426323365600329,1.440856887627968,1.438343487717578
2800,1.4426323365600329,1.4412127997159778,1.438311553442124
2801,1.4426323365600329,1.4412504342572263,1.4384598927103442
2802,1.4426323365600329,1.4410214602288005,1.4376596800052623
2803,1.4426323365600329,1.4411535090268555,1.4382419617939162
2804,1.4426323365600329,1.4410823627910267,1.438360499243092
2805,1.4426323365600329,1.4415145047118694,1.4390918884568442
2806,1.4426323365600329,1.4413806842143102,1.4349093499614352
2807,1.4426323365600329,1.4413300811620382,1.435164064042737
2808,1.4426323365600329,1.4412405832056694,1.4361282306307124
2809,1.4426323365600329,1.4410737834996792,1.4323184247919856
2810,1.4426323365600329,1.4410893009007955,1.4359260305637433
2811,1.4426323365600329,1.4407704884804589,1.4320575917042544
2812,1.4426323365600329,1.4407776654493094,1.4348366244040796
2813,1.4426323365600329,1.4409635328531811,1.4363892429666514
2814,1.4426323365600329,1.4410413041605055,1.4382573930906808
2815,1.4426323365600329,1.4413492655858908,1.438512374969777
2816,1.4426323365600329,1.4409680096830217,1.4312521979126176
2817,1.4426323365600329,1.4402875756325215,1.4339524839678033
2818,1.4426323365600329,1.4401412080766096,1.4241686135434186
2819,1.4426323365600329,1.4403648299587246,1.434456831667433
2820,1.4426323365600329,1.4408198393966725,1.4353470648165745
2821,1.4426323365600329,1.4405362575721121,1.4373787075568851
2822,1.4426323365600329,1.4407408645874624,1.4388705902514087
2823,1.4426323365600329,1.4409170833980331,1.4383755320072065
2824,1.4426323365600329,1.4408826632447693,1.4360774778256775
2825,1.4426323365600329,1.4407702118488896,1.4349538162463422
2826,1.4426323365600329,1.4407616137548362,1.4383538435880816
2827,1.4426323365600329,1.4408121351111323,1.438014101814858
2828,1.4426323365600329,1.4409658482051466,1.4335383042343703
2829,1.4426323365600329,1.4408456298244154,1.4353803367548057
2830,1.4426323365600329,1.4409723418614462,1.4342996704950228
2831,1.4426323365600329,1.4411860195269874,1.4388463066608879
2832,1.4426323365600329,1.44143842734094,1.438107625844441
2833,1.4426323365600329,1.4412116423844743,1.438591987316162
2834,1.4426323365600329,1.4413936393483713,1.4388762073818473
2835,1.4426323365600329,1.4413675545090938,1.4390767421625286
2836,1.4426323365600329,1.4415528527459307,1.4376599091592286
2837,1.4426323365600329,1.44125834840007,1.4382603141848826
2838,1.4426323365600329,1.441315084941946,1.4382573947782675
2839,1.4426323365600329,1.4412038091920873,1.4382938879788325
2840,1.4426323365600329,1.4410560299828952,1.4362088003464841
2841,1.4426323365600329,1.441059873104978,1.4355068241445845
2842,1.4426323365600329,1.4408227969852687,1.4343644506501905
2843,1.4426323365600329,1.4412860161774506,1.4377295359940732
2844,1.4426323365600329,1.4414675512632837,1.4367132393277127
2845,1.4426323365600329,1.441137879222026,1.4302879482974313
2846,1.4426323365600329,1.441185762638693,1.4382046562364137
2847,1.4426323365600329,1.4413612560033406,1.4376986837527548
2848,1.4426323365600329,1.4415504613351537,1.4386548881329222
2849,1.4426323365600329,1.441393125232961,1.4384100374883007
2850,1.4426323365600329,1.4413687804515083,1.4376188263757355
2851,1.4426323365600329,1.441402318443395,1.4375956119079938
2852,1.4426323365600329,1.4414376417697448,1.436283984694898
2853,1.4426323365600329,1.4412141049470537,1.4355491885233038
2854,1.4426323365600329,1.4411669415924226,1.4362941384063967
2855,1.4426323365600329,1.4412052784714426,1.4329794635626247
2856,1.4426323365600329,1.440996354233127,1.4360842511309428
2857,1.4426323365600329,1.4408348472133758,1.4324809328130148
2858,1.4426323365600329,1.4411960506883488,1.4386777897057847
2859,1.4426323365600329,1.4413123975556734,1.4385970797714298
2860,1.4426323365600329,1.4412018053270634,1.4384115886804587
2861,1.4426323365600329,1.4413012844461448,1.4392161463373296
2862,1.4426323365600329,1.4414252823060325,1.4390800837546593
2863,1.4426323365600329,1.4415262866386351,1.4392946002838376
2864,1.4426323365600329,1.4413224901122101,1.4349046587899403
2865,1.4426323365600329,1.4412039774082048,1.437013314325863
2866,1.4426323365600329,1.4409622157018538,1.4315985290082867
2867,1.4426323365600329,1.4411286380964379,1.4367103885046615
2868,1.4426323365600329,1.4411388317378584,1.4351658361815192
2869,1.4426323365600329,1.441557722321095,1.4376620588676894
2870,1.4426323365600329,1.441498173111338,1.438312693379688
2871,1.4426323365600329,1.4415061538696483,1.4371817804960043
2872,1.4426323365600329,1.4416583694953244,1.4374041517522165
2873,1.4426323365600329,1.4414768225974113,1.437931610912965
2874,1.4426323365600329,1.4414264434536495,1.4391000277042636
2875,1.4426323365600329,1.4415400769107025,1.438293991262425
2876,1.4426323365600329,1.4412632304600823,1.4372592093522532
2877,1.4426323365600329,1.441343044244561,1.4381072674296178
2878,1.4426323365600329,1.441071426354661,1.43726529655781
2879,1.4426323365600329,1.4412271518077793,1.4344491991723198
2880,1.4426323365600329,1.4413426803582872,1.4378652087585704
2881,1.4426323365600329,1.441846891775823,1.4400636259634276
2882,1.4426323365600329,1.441753625605615,1.4401006396520946
2883,1.4426323365600329,1.4415310865312367,1.4390215071068984
2884,1.4426323365600329,1.4413469892850594,1.436901236980908
2885,1.4426323365600329,1.4414699651802438,1.4394541367113043
2886,1.4426323365600329,1.4414563304198298,1.4371058485314585
2887,1.4426323365600329,1.441201535601698,1.4362473166838567
2888,1.4426323365600329,1.4408609334599418,1.4349935279145445
2889,1.4426323365600329,1.4409687268066838,1.4370031609195995
2890,1.4426323365600329,1.4407209599923365,1.4364084109619775
2891,1.4426323365600329,1.440515721339276,1.4374336364761522
2892,1.4426323365600329,1.4403076949050038,1.4362191706074345
2893,1.4426323365600329,1.4406266018022538,1.4354185254042517
2894,1.4426323365600329,1.4410840702263747,1.4359934416299023
2895,1.4426323365600329,1.4410789337573282,1.4346394996982303
2896,1.4426323365600329,1.4408189257764734,1.4354720754114332
2897,1.4426323365600329,1.4407515521931702,1.4344806682109061
2898,1.4426323365600329,1.441285264644745,1.4370129816300754
2899,1.4426323365600329,1.4412816705107654,1.437442946931989
2900,1.4426323365600329,1.4416021082092123,1.4383015617717179
2901,1.4426323365600329,1.4417936779501996,1.4383650576134441
2902,1.4426323365600329,1.4416728661685505,1.4378783763324048
2903,1.4426323365600329,1.4415860898280044,1.4368915030593143
2904,1.4426323365600329,1.4412590176683286,1.4381400206076886
2905,1.4426323365600329,1.441145296468339,1.4368019332558002
2906,1.4426323365600329,1.4415983219882083,1.4385799192990305
2907,1.4426323365600329,1.4413919160248165,1.4385777133235462
2908,1.4426323365600329,1.441676173200529,1.4381905284391323
2909,1.4426323365600329,1.4416734903937993,1.4360347577497148
2910,1.4426323365600329,1.4415632649486474,1.430906615696486
2911,1.4426323365600329,1.4416079789546776,1.4380476399895212
2912,1.4426323365600329,1.4415761559612161,1.4374934175761587
2913,1.4426323365600329,1.4411419638153127,1.4354500512016093
2914,1.4426323365600329,1.4411721416973646,1.4360635714380967
2915,1.4426323365600329,1.4409552913025818,1.435984118024323
2916,1.4426323365600329,1.4407327431978247,1.4204968525502388
2917,1.4426323365600329,1.440952849841017,1.435381329217019
2918,1.442730793640402,1.4409355848669432,1.4344531047498739
2919,1.442730793640402,1.440653140602125,1.436456034777153
2920,1.442730793640402,1.440737750950062,1.4358525469859467
2921,1.442730793640402,1.4406303635126168,1.4351274246775156
2922,1.442730793640402,1.440744494844246,1.4350435085895692
2923,1.442730793640402,1.440888621636275,1.4373758479759946
2924,1.442730793640402,1.4408356864452743,1.4341718464743054
2925,1.442730793640402,1.4408694175161278,1.4356887515962202
2926,1.442730793640402,1.4409424428179585,1.4381050945650022
2927,1.442730793640402,1.4412323487091387,1.4385750374904194
2928,1.442730793640402,1.4412465916273272,1.4389382963729977
2929,1.442730793640402,1.441044764960044,1.4375718059543456
2930,1.442730793640402,1.4413436042159393,1.43795712540821
2931,1.442730793640402,1.44129958032254,1.4376794424430164
2932,1.442730793640402,1.4414282233298463,1.4387739996641202
2933,1.442730793640402,1.441539524123888,1.437697203976011
2934,1.442730793640402,1.4416172647733683,1.4382057074500894
2935,1.442730793640402,1.4417896593644222,1.4383177035668115
2936,1.442730793640402,1.441587341729522,1.4389903795830696
2937,1.442730793640402,1.4414098733824867,1.4349404780849657
2938,1.442730793640402,1.4414719892263756,1.4364864978028382
2939,1.442730793640402,1.44178054126418,1.438822011542461
2940,1.442730793640402,1.4417636048702527,1.4393411444403816
2941,1.442730793640402,1.4418214009610744,1.4375947086001994
2942,1.442730793640402,1.4418552678817695,1.4392985517507577
2943,1.442730793640402,1.4418731286059727,1.4393366235837246
2944,1.442730793640402,1.441809086364472,1.438412498462183
2945,1.442730793640402,1.441530281071051,1.438701571107492
2946,1.442730793640402,1.4414991766593979,1.4365613266156072
2947,1.442730793640402,1.4411571406629096,1.4380969123735616
2948,1.442730793640402,1.4410552064529853,1.43717351795167
2949,1.442730793640402,1.440914785826402,1.4352213094696704
2950,1.442730793640402,1.440719459227447,1.4375074798466976
2951,1.442730793640402,1.441121846209952,1.435586208087774
2952,1.442730793640402,1.4411108097202046,1.4361745350554747
2953,1.442730793640402,1.4411185731414238,1.437925191794046
2954,1.442730793640402,1.4409822134522903,1.4331968666053396
2955,1.442730793640402,1.4405752221167771,1.434806186184046
2956,1.442730793640402,1.440586497742561,1.4361001206202004
2957,1.442730793640402,1.4409687548065488,1.4374433969240004
2958,1.442730793640402,1.4412317431942552,1.4368070476802686
2959,1.442730793640402,1.4410698608213508,1.4256577578435574
2960,1.442730793640402,1.4406988739489213,1.4317230879644214
2961,1.442730793640402,1.4404959059852798,1.4202189989676879
2962,1.442730793640402,1.4405403444958678,1.43145103169342
2963,1.442730793640402,1.4402399301569526,1.4270825003176943
2964,1.442730793640402,1.4396874761487952,1.431973026097269
2965,1.442730793640402,1.439496289152618,1.4314184786994157
2966,1.442730793640402,1.4394692092705528,1.430033269259729
2967,1.442730793640402,1.4393726640050648,1.4330788517655138
2968,1.442730793640402,1.4392856993803798,1.430151073080934
2969,1.442730793640402,1.438976115857909,1.4317954765737213
2970,1.442730793640402,1.439456802293673,1.4273791945858292
2971,1.442730793640402,1.4395213871909798,1.4352030697539202
2972,1.442730793640402,1.440313793378931,1.43382905661975
2973,1.442730793640402,1.440934305112674,1.4364725933700362
2974,1.442730793640402,1.4405814991198407,1.4318374886709455
2975,1.442730793640402,1.4404524316269238,1.436249559774294
2976,1.442730793640402,1.4408996776284528,1.4365186031314203
2977,1.442730793640402,1.4409283537652504,1.4358195802368405
2978,1.442730793640402,1.441011532038795,1.436701319217871
2979,1.442730793640402,1.4409777096029484,1.4378737778427806
2980,1.442730793640402,1.4408262790282123,1.4382129554893417
2981,1.442730793640402,1.4405179902363168,1.4336107839713654
2982,1.442730793640402,1.439964979153103,1.4343161248153116
2983,1.442730793640402,1.439969899443131,1.4345098254812103
2984,1.442730793640402,1.4395623223049623,1.4336622192615311
2985,1.442730793640402,1.4395571858261087,1.4298753259557548
2986,1.442730793640402,1.439212249615212,1.430227109329437
2987,1.442730793640402,1.4388816430488487,1.429448413440114
2988,1.442730793640402,1.4392790609022854,1.433562865187236
2989,1.442730793640402,1.4389544636699125,1.434871559623595
2990,1.442730793640402,1.4399229480857563,1.436578206092808
2991,1.442730793640402,1.440547510354684,1.4351361376830039
2992,1.442730793640402,1.440274051968317,1.4330560167679347
2993,1.442730793640402,1.439613095509604,1.4243244336159018
2994,1.442730793640402,1.4391572547627294,1.424768375461214
2995,1.442730793640402,1.4397707912679232,1.4226264736591692
2996,1.442730793640402,1.4398165286417168,1.4357179047888031
2997,1.442730793640402,1.4406100920809248,1.4365764428788936
2998,1.442730793640402,1.440829610650456,1.4339846347777885
2999,1.442730793640402,1.4411607927811618,1.437328900919114
3000,1.442730793640402,1.4411859169518104,1.4390100492060762
3001,1.442730793640402,1.4411961800206388,1.4377404958962565
3002,1.442730793640402,1.4411984386931729,1.4375880562105068
3003,1.442730793640402,1.4413967636422098,1.4378391406287756
3004,1.442730793640402,1.4413406900185377,1.437494123689747
3005,1.442730793640402,1.4413857707451863,1.4382843866559194
3006,1.442730793640402,1.4415515867076392,1.4371607136080735
3007,1.442730793640402,1.4413073066175206,1.4366142558484492
3008,1.442730793640402,1.4414446149703302,1.4367427716160488
3009,1.442730793640402,1.4409876844374871,1.429853270014962
3010,1.442730793640402,1.4407717865155103,1.4328398753062963
3011,1.442730793640402,1.4410110262824711,1.434679751379567
3012,1.442730793640402,1.4407619213216796,1.4386480989135704
3013,1.442730793640402,1.4412494480906985,1.4389533877159
3014,1.442730793640402,1.4414776236587235,1.4345744689904427
3015,1.442730793640402,1.4414831769766994,1.4373415590674803
3016,1.442730793640402,1.4409634951968007,1.4329741612615434
3017,1.442730793640402,1.4410465318392198,1.4344302439134722
3018,1.442730793640402,1.4412149296049868,1.4374415628224362
3019,1.442730793640402,1.4412937788899225,1.437862575606697
3020,1.442730793640402,1.4409337446361692,1.4371079185615172
3021,1.442730793640402,1.4411014058928424,1.43721461281972
3022,1.442730793640402,1.4411587858860626,1.438546858566179
3023,1.442730793640402,1.4410437771638136,1.4376728501609577
3024,1.442730793640402,1.4411606471084049,1.4378473551511852
3025,1.442730793640402,1.4411619731386005,1.4369258871791752
3026,1.442730793640402,1.4411388739416884,1.4344699272334451
3027,1.442730793640402,1.441274361246087,1.4391055126458727
3028,1.442730793640402,1.4413876778028165,1.4369044127747737
3029,1.442730793640402,1.4411162011877454,1.4362876529522417
3030,1.442730793640402,1.4412922837282098,1.4388129935698892
3031,1.442730793640402,1.4412705854409864,1.4393299397786683
3032,1.442730793640402,1.4414311235085364,1.438793355539766
3033,1.4427577474582602,1.4411450261944936,1.4360808968160248
3034,1.4427577474582602,1.4406361479808734,1.434324768542375
3035,1.4427577474582602,1.4406598710630432,1.4343684533304866
3036,1.4427577474582602,1.4403021517232661,1.4271963770024385
3037,1.4427577474582602,1.440180991676252,1.4331361089069456
3038,1.4427577474582602,1.4405034555642535,1.4360402067592735
3039,1.4427577474582602,1.4408625640205437,1.4345602195167635
3040,1.4427577474582602,1.4408435928926324,1.4354719839231365
3041,1.4427577474582602,1.4404293248483901,1.4250658529346287
3042,1.4427577474582602,1.4402542319770064,1.4295874503017776
3043,1.4427577474582602,1.4405763841578587,1.4326235002122036
3044,1.4427577474582602,1.4407425511519718,1.4370407582204263
3045,1.4427577474582602,1.440958079255448,1.4369648715874452
3046,1.4427577474582602,1.4411018211862225,1.4377408520326656
3047,1.4427577474582602,1.4414555529462607,1.4387152158055025
3048,1.4428021892395888,1.4414245259656697,1.4323293061071058
3049,1.4428021892395888,1.4413080974842167,1.4378626757339077
3050,1.4428021892395888,1.4411469432935287,1.4379004583551362
3051,1.4428021892395888,1.441150334624731,1.4373438446100935
3052,1.4428021892395888,1.4412549199681175,1.4382463099391485
3053,1.4428021892395888,1.4410036371255581,1.4342972627369766
3054,1.4428021892395888,1.4408453883967869,1.4337107590280662
3055,1.4428021892395888,1.4401889413356868,1.4115410000388753
3056,1.4428021892395888,1.4399586058534666,1.4313660117621883
3057,1.4428021892395888,1.439967985141909,1.4314278687912627
3058,1.4428021892395888,1.4404768696741597,1.433993453572397
3059,1.4428021892395888,1.4404669600489595,1.4351852344727862
3060,1.4428021892395888,1.4410658794280402,1.4363756936337708
3061,1.4428021892395888,1.4416168567041034,1.438225630584919
3062,1.4428021892395888,1.4419622462154786,1.4383579995461557
3063,1.4428021892395888,1.442010678382394,1.4394983316088688
3064,1.4428037039851807,1.442160551830189,1.43874429256194
3065,1.4428037039851807,1.4421068768055512,1.4370642587521374
3066,1.4428037039851807,1.4420530671984102,1.439895735601441
3067,1.4428037039851807,1.4415052183287194,1.429537265350035
3068,1.4428037039851807,1.441801994563568,1.436832554254672
3069,1.4428037039851807,1.441734600589731,1.4385493701401662
3070,1.4428037039851807,1.4416145787674708,1.4367152772432759
3071,1.4428037039851807,1.4410406089180647,1.426064998010577
3072,1.4428037039851807,1.4407290552378123,1.4309542408243427
3073,1.4428037039851807,1.4401729404302435,1.4295791353974512
3074,1.4428037039851807,1.4401715490342455,1.431898493823354
3075,1.4428037039851807,1.4397005256600557,1.429791555869295
3076,1.4428037039851807,1.4388657671079457,1.4274446475847424
3077,1.4428037039851807,1.4397347744048041,1.433075641165192
3078,1.4428037039851807,1.4398630479851255,1.433100994362494
3079,1.4428037039851807,1.4403979047099218,1.4354200218978277
3080,1.4428037039851807,1.4412990326376118,1.433037196468868
3081,1.4428037039851807,1.4414271758471031,1.4370719737909703
3082,1.4428037039851807,1.4414421941892122,1.4243725446481128
3083,1.4428037039851807,1.4410129980868032,1.4360897915716384
3084,1.4428037039851807,1.4408843112558758,1.4368690107872717
3085,1.4428037039851807,1.441117255131775,1.4364491551041172
3086,1.4428037039851807,1.4411964568588167,1.4353788357788972
3087,1.4428037039851807,1.44136160298378,1.4375807083559717
3088,1.4428037039851807,1.4412215910957988,1.428710515088308
3089,1.4428037039851807,1.4409888448036563,1.4351462742224226
3090,1.4428037039851807,1.4410921271516195,1.4330325079539177
3091,1.4428037039851807,1.4410040350004525,1.4361437603379303
3092,1.4428037039851807,1.4407774324809106,1.4333447363026555
3093,1.4428037039851807,1.440167053052575,1.4220505773924814
3094,1.4428037039851807,1.44017262167255,1.4345756299580446
3095,1.4428037039851807,1.4399466842773427,1.4363882939627806
3096,1.4428037039851807,1.4402869697236829,1.4363507587727469
3097,1.4428037039851807,1.4404062339852584,1.4352514907575231
3098,1.4428037039851807,1.4404045967102979,1.4334640520892277
3099,1.4428037039851807,1.439685518486867,1.434172000100816
3100,1.4428037039851807,1.4392825674925436,1.4304051961349056
3101,1.4428037039851807,1.439249569551858,1.4302548745133403
3102,1.4428037039851807,1.439373123009301,1.4317660318235117
3103,1.4428037039851807,1.4400277896662743,1.4337673630658465
3104,1.4428037039851807,1.4404933287103419,1.4333946521902061
3105,1.4428037039851807,1.441060258575051,1.436785497904337
3106,1.4428037039851807,1.440933113679356,1.4334185160255297
3107,1.4428037039851807,1.4406417065548487,1.4360209529099892
3108,1.4428037039851807,1.4406495702635056,1.4341872500484905
3109,1.4428037039851807,1.4400719304690697,1.4239638556577157
3110,1.4428037039851807,1.4400100836709557,1.4350949595459586
3111,1.4428037039851807,1.4395621150597282,1.4214055233621028
3112,1.4428037039851807,1.4401648347435343,1.4337333172047855
3113,1.4428037039851807,1.4406424368249722,1.4362462926700348
3114,1.4428037039851807,1.440992171750251,1.4381764953094827
3115,1.4428037039851807,1.4409142989837997,1.4370720335091582
3116,1.4428037039851807,1.4407935469431,1.435568371920796
3117,1.4428037039851807,1.4408336605333572,1.4355967257647926
3118,1.4428037039851807,1.440938986804471,1.4362505148600402
3119,1.4428037039851807,1.4408746691775107,1.4331084824656206
3120,1.4428037039851807,1.4409883948994733,1.4350333679926495
3121,1.4428037039851807,1.440738793990367,1.4374271884258307
3122,1.4428037039851807,1.440649070852843,1.4370534590888744
3123,1.4428037039851807,1.4405091728999766,1.4321021408421966
3124,1.4428037039851807,1.440407237724759,1.4362372045830523
3125,1.4428037039851807,1.4404688305378222,1.434911810202359
3126,1.4428037039851807,1.4402329075432057,1.432185142337095
3127,1.4428037039851807,1.439982911345716,1.4338164157760522
3128,1.4428037039851807,1.439983267686212,1.4355043657788662
3129,1.4428037039851807,1.4401680953412523,1.4333158268988866
3130,1.4428037039851807,1.4403368735129018,1.4325137107891344
3131,1.4428037039851807,1.440420967425049,1.4349156184390224
3132,1.4428037039851807,1.440661790823496,1.433453498495559
3133,1.4428037039851807,1.4411077490869562,1.4360651034747725
3134,1.4428037039851807,1.4415416680850577,1.438494120243141
3135,1.4428037039851807,1.441394468441903,1.4383987129334366
3136,1.4428037039851807,1.4412524304525356,1.4384639946475541
3137,1.4429155538664677,1.44160299689318,1.4392230157368056
3138,1.4429155538664677,1.4413678953731852,1.4361525104814388
3139,1.4429155538664677,1.4411745742347661,1.4379097158234795
3140,1.4429155538664677,1.4410132602862697,1.4353074166576796
3141,1.4429155538664677,1.4406306959400406,1.43526616386385
3142,1.4429155538664677,1.4408911304448402,1.436664825251989
3143,1.4429155538664677,1.441175983296244,1.436289253217417
3144,1.4429155538664677,1.4414694810253805,1.4352303873977335
3145,1.4429155538664677,1.441703804474354,1.4395505631614849
3146,1.4429155538664677,1.4414334240659208,1.4331422533558815
3147,1.4429155538664677,1.4415323316069548,1.437760225985284
3148,1.4429155538664677,1.441736039252562,1.4380303784899076
3149,1.4429588502986994,1.4419253027906027,1.4396816482194297
3150,1.4429588502986994,1.4418358964376454,1.4370326837462306
3151,1.4429588502986994,1.4418163163686513,1.4384462819658315
3152,1.4429588502986994,1.4417162012187827,1.4390348830284456
3153,1.4429588502986994,1.4419275154646487,1.4400795547401695
3154,1.4429588502986994,1.4417983287945753,1.4389715465554518
3155,1.4429588502986994,1.4418811395386917,1.438801047969616
3156,1.4429588502986994,1.4418269180773695,1.439705532133679
3157,1.4429588502986994,1.4419064130270933,1.4388432451777897
3158,1.4429588502986994,1.4420425636502543,1.4400225597924923
3159,1.4429588502986994,1.4420315744273426,1.4390277334166561
3160,1.4429588502986994,1.4419883897711887,1.43951352525167
3161,1.4429588502986994,1.4414991870089426,1.4365070942399727
3162,1.4429588502986994,1.4414129295424112,1.43666179302491
3163,1.4429588502986994,1.4412144081050733,1.4360515067200004
3164,1.4429588502986994,1.4410184734231344,1.4360381409726468
3165,1.4429588502986994,1.441126555799483,1.4350337201668026
3166,1.4429588502986994,1.4414287566233817,1.4374167721821205
3167,1.4429588502986994,1.4414801822277516,1.4379206096881094
3168,1.4429588502986994,1.4413969186959479,1.4371783343532007
3169,1.4429588502986994,1.441314571805855,1.4354568749669174
3170,1.4429588502986994,1.4412511558357322,1.4385284617176983
3171,1.4429588502986994,1.441265693850123,1.4377615254958682
3172,1.4429588502986994,1.4413211349443065,1.434410887327648
3173,1.4429588502986994,1.4413699380778184,1.430767288640857
3174,1.4429588502986994,1.4415569999473143,1.438114241201363
3175,1.4429588502986994,1.4416900091276394,1.4385378058150053
3176,1.4429588502986994,1.4414979344692609,1.4358969237298476
3177,1.4429588502986994,1.4417833414283712,1.4358946526554135
3178,1.4429588502986994,1.4413292429887306,1.4389812740833787
3179,1.4429588502986994,1.4414631564690814,1.4379010310610576
3180,1.4429588502986994,1.4417374089866286,1.4373980635566725
3181,1.4429588502986994,1.4416620644512588,1.4363887153342474
3182,1.4429588502986994,1.4417229133815965,1.4369531774365638
3183,1.4429588502986994,1.4419545282165525,1.4384480152659838
3184,1.4429588502986994,1.4420972782602097,1.4391979623076354
3185,1.4429588502986994,1.4420675895624628,1.4378268996808272
3186,1.4429588502986994,1.4417683632212404,1.438506541006276
3187,1.4429588502986994,1.4416391095190864,1.4366519404149423
3188,1.4429588502986994,1.4414221852889406,1.4334453269956458
3189,1.4429588502986994,1.4410337920170386,1.433279946100967
3190,1.4429588502986994,1.4410618827688473,1.4359123964947946
3191,1.4429588502986994,1.4408919760504855,1.4327433005544865
3192,1.4429588502986994,1.4407309053222626,1.4266172841106994
3193,1.4429588502986994,1.4403519009076404,1.4289569937722044
3194,1.4429588502986994,1.4398197009836706,1.4183175096470657
3195,1.4429588502986994,1.4400298064263313,1.433712424077811
3196,1.4429588502986994,1.4406197038833568,1.438104586321056
3197,1.4429588502986994,1.441294889347551,1.4364934263632039
3198,1.4429588502986994,1.4420811397271913,1.438947111711047
3199,1.4429588502986994,1.4421239695953247,1.4403148306231675
3200,1.4429588502986994,1.441861152808941,1.4379439403979917
3201,1.4429588502986994,1.4416613539390792,1.4379862280324245
3202,1.4429588502986994,1.441649863622621,1.4345244066057665
3203,1.4429588502986994,1.4418380660247132,1.438508208140272
3204,1.4429588502986994,1.4419041465413462,1.4388875518352742
3205,1.4429588502986994,1.4419009533402631,1.4389264037752914
3206,1.4429588502986994,1.4417192385054438,1.4370062245902342
3207,1.4429588502986994,1.4417487808280884,1.437195578447311
3208,1.4429588502986994,1.4414211137910544,1.438579961249574
3209,1.4429588502986994,1.441559288058283,1.4382939274527247
3210,1.4429588502986994,1.4416585982518055,1.4387863456921484
3211,1.4429588502986994,1.4417792431258272,1.4390943556828066
3212,1.4429588502986994,1.4416497053677455,1.4390485372328787
3213,1.4429588502986994,1.4419112594211247,1.4401028297203493
3214,1.4429588502986994,1.4417900717084222,1.4389769522062876
3215,1.4429588502986994,1.441997398550363,1.4394100884849341
3216,1.4429588502986994,1.4417689783450518,1.4368170985369977
3217,1.4429588502986994,1.4413635977862957,1.4370071899289447
3218,1.4429588502986994,1.4412588884208688,1.436334725902752
3219,1.4429588502986994,1.4409022915547853,1.4343963324543472
3220,1.4429588502986994,1.4407696140283397,1.4374359664518161
3221,1.4429588502986994,1.441022284929764,1.437710953585499
3222,1.4429588502986994,1.4416155569265408,1.4375549225839925
3223,1.4429588502986994,1.4411299355149854,1.4342715631118752
3224,1.4429588502986994,1.4406864296334307,1.4324657833060483
3225,1.4429588502986994,1.440727464203151,1.4307132681332848
3226,1.4429588502986994,1.4404080712258471,1.4283888291754683
3227,1.4429588502986994,1.4405756690780784,1.4288442017363052
3228,1.4429588502986994,1.4408673970060286,1.4361708012866847
3229,1.4429588502986994,1.4408512098327355,1.436965211353664
3230,1.4429588502986994,1.441138248195371,1.4370753238834768
3231,1.4429588502986994,1.4417817564394304,1.4382070764650312
3232,1.4429588502986994,1.4418259592108824,1.437549228730355
3233,1.4429588502986994,1.4417381126284787,1.4383900250392199
3234,1.4429588502986994,1.441634831998178,1.4383129349715276
3235,1.4429588502986994,1.4415309241767804,1.4219431510875973
3236,1.4429588502986994,1.441300486965619,1.437377273882418
3237,1.4429588502986994,1.4413522716931004,1.4331091636475222
3238,1.4429588502986994,1.441069554538838,1.4319864805449365
3239,1.4429588502986994,1.4411194472302378,1.4347718153284506
3240,1.4429588502986994,1.4411262025390996,1.4336130194789796
3241,1.4429588502986994,1.440968510720477,1.4355599938062913
3242,1.4429588502986994,1.4412452442001653,1.4355953224148381
3243,1.4429588502986994,1.4406025285696058,1.4312182100933275
3244,1.4429588502986994,1.4399062120646382,1.4320579454867315
3245,1.4429588502986994,1.4397508158202081,1.4348482912157634
3246,1.4429588502986994,1.43938087605146,1.4296267528718642
3247,1.4429588502986994,1.439342650392915,1.4287162680584522
3248,1.4429588502986994,1.4397338158628117,1.430624410476168
3249,1.4429588502986994,1.4400316156245976,1.4335067361353404
3250,1.4429588502986994,1.440506351249295,1.4330760254661898
3251,1.4429588502986994,1.4409804760309668,1.4345833041891505
3252,1.4429588502986994,1.441119017012086,1.4286665409966255
3253,1.4429588502986994,1.441185963538218,1.4312103205907691
3254,1.4429588502986994,1.4411702029567959,1.4368744086722873
3255,1.4429588502986994,1.441449706752661,1.4367251870786157
3256,1.4429588502986994,1.4413253128350219,1.4376969534437831
3257,1.4429588502986994,1.4414036295247492,1.4349926959603896
3258,1.4429588502986994,1.4413119912264682,1.4371219825438826
3259,1.4429588502986994,1.4412431932800183,1.4381370757305587
3260,1.4429588502986994,1.4413155346226396,1.436661936721725
3261,1.4429588502986994,1.4414597577481707,1.4381425337230203
3262,1.4429588502986994,1.4419025124859026,1.4387261261762057
3263,1.4429588502986994,1.4417711297772957,1.4359932906281505
3264,1.4429588502986994,1.4419638750733115,1.4372842389890015
3265,1.4429588502986994,1.4417195655777602,1.43761058115753
3266,1.4429588502986994,1.4415121994327196,1.4374702182222578
3267,1.4429588502986994,1.441544037639946,1.4370705548800768
3268,1.4429588502986994,1.4413323771908018,1.4385445970318491
3269,1.4429588502986994,1.4415532016089068,1.4389668636451147
3270,1.4429588502986994,1.4417540974649654,1.4383957271166015
3271,1.4429588502986994,1.4417959422851896,1.438543755535324
3272,1.4429588502986994,1.4416307705823619,1.4378518263567168
3273,1.4429588502986994,1.4418151854680503,1.4357465777813965
3274,1.4429588502986994,1.4415384501424893,1.4340576323641527
3275,1.4429588502986994,1.4415530631587927,1.4367362735802574
3276,1.4429588502986994,1.4413825807057603,1.437924306327443
3277,1.4429588502986994,1.4412984294007223,1.4359565024776697
3278,1.4429588502986994,1.4413088338278985,1.4349684190384733
3279,1.4429588502986994,1.4412562701374543,1.4366738815608238
3280,1.4429588502986994,1.4410002066845558,1.4362875775393489
3281,1.4429588502986994,1.440746429764905,1.4369327669280594
3282,1.4429588502986994,1.4404774500694244,1.4304947427795636
3283,1.4429588502986994,1.4401552427964297,1.4312434737074307
3284,1.4429588502986994,1.440890046194382,1.434252109119976
3285,1.4429588502986994,1.4403626100724969,1.4327300905214213
3286,1.4429588502986994,1.4401532292239987,1.4361512510290526
3287,1.4429588502986994,1.440724893922122,1.4364264590692635
3288,1.4429588502986994,1.4408708415520193,1.4350477375618793
3289,1.4429588502986994,1.4408701990301496,1.433139953574731
3290,1.4429588502986994,1.440454326963071,1.4326458996450975
3291,1.4429588502986994,1.440248699619213,1.4355581539235507
3292,1.4429588502986994,1.4405031843113862,1.4333795631195807
3293,1.4429588502986994,1.4403479623834696,1.436298632628414
3294,1.4429588502986994,1.4409826532072203,1.4356049025719955
3295,1.4429588502986994,1.4411974294019922,1.4346018166476386
3296,1.4429588502986994,1.4413376869529964,1.4391579172504188
3297,1.4429588502986994,1.4413652146786418,1.4381487177918142
3298,1.4429588502986994,1.4414779293479358,1.4374212374199449
3299,1.4429588502986994,1.4412259168983916,1.437472899862513
3300,1.4429588502986994,1.4412860317992908,1.4356409442659905
3301,1.4429588502986994,1.4415303126388719,1.437636709826005
3302,1.4429588502986994,1.4414868721001384,1.4391223690606993
3303,1.4429588502986994,1.4417119964644949,1.4364570747200576
3304,1.4429588502986994,1.4416212192272337,1.437769014768178
3305,1.4429588502986994,1.4413437679423453,1.438917717063069
3306,1.4429588502986994,1.4411930340300807,1.4274559588487703
3307,1.4429588502986994,1.441151517587106,1.4347749482604608
3308,1.4429588502986994,1.441055823225771,1.4360757576829897
3309,1.4429588502986994,1.4412240213605292,1.4373310086122575
3310,1.4429588502986994,1.441204899137026,1.43786121748862
3311,1.4429588502986994,1.4413361327019674,1.4386562628163535
3312,1.4429588502986994,1.4416029378405193,1.4383139179990188
3313,1.4429588502986994,1.4415876328649648,1.4367530229526142
3314,1.4429588502986994,1.4415335926647659,1.4356312780472114
3315,1.4429588502986994,1.4416217276830128,1.4378299466363305
3316,1.4429588502986994,1.4415842743684633,1.438602402991463
3317,1.4429588502986994,1.4417029981386307,1.437274068568623
3318,1.4429588502986994,1.4416021450716796,1.437323582164297
3319,1.4429588502986994,1.4417075807917257,1.437263006189148
3320,1.4429588502986994,1.4419211926266506,1.4396572048526104
3321,1.4429588502986994,1.4419959200083718,1.4397205868288792
3322,1.4429588502986994,1.4416296284843748,1.4367617974215332
3323,1.4429588502986994,1.4417401907543757,1.4379136063943423
3324,1.4429588502986994,1.441531427773359,1.437488022935331
3325,1.4429588502986994,1.441741582846268,1.436499558080747
3326,1.4429588502986994,1.4414376044503783,1.4366734670304302
3327,1.4429588502986994,1.441162473106288,1.436174615649317
3328,1.4429588502986994,1.4411240844789193,1.4354583030839085
3329,1.4429588502986994,1.441162695467427,1.4286213095353204
3330,1.4429588502986994,1.4408208939888127,1.4322904578609725
3331,1.4429588502986994,1.4411126813951491,1.4313282080362035
3332,1.4429588502986994,1.4408056898311186,1.4322523209670874
3333,1.4429588502986994,1.4404289309904694,1.4259391396431833
3334,1.4429588502986994,1.4407124920768586,1.434793058436587
3335,1.4429588502986994,1.4409200686345809,1.4357501007081277
3336,1.4429588502986994,1.4411195028072463,1.4366242280592536
3337,1.4429588502986994,1.4409539993650864,1.4362150852095534
3338,1.4429588502986994,1.4413991421121304,1.4344272368905473
3339,1.4429588502986994,1.4412950392401527,1.4379947307797485
3340,1.4429588502986994,1.4410915923710326,1.4372085011407192
3341,1.4429588502986994,1.440914248016806,1.4370324779752177
3342,1.4429588502986994,1.4409639289092777,1.437567102267209
3343,1.4429588502986994,1.44126326747849,1.4391828236158888
3344,1.4429588502986994,1.4414512296112745,1.4377079836656939
3345,1.4429588502986994,1.4415111210789169,1.4357820860747048
3346,1.4429588502986994,1.441466037514702,1.4376257630009994
3347,1.4429588502986994,1.4416717943355295,1.438681479252276
3348,1.4429588502986994,1.4412914434708892,1.4376894957421937
3349,1.4429588502986994,1.4418735290629392,1.4397741867882357
3350,1.4429588502986994,1.441578466173371,1.43873805555713
3351,1.4429588502986994,1.441107177414998,1.4328312501662022
3352,1.4429588502986994,1.4407988213171918,1.4353581445113526
3353,1.4429588502986994,1.44086575609604,1.4323952215459577
3354,1.4429588502986994,1.440882825957324,1.4379813983087155
3355,1.4429588502986994,1.4412596795732957,1.4380653406536201
3356,1.4429588502986994,1.4413902254751492,1.4371870168881125
3357,1.4429588502986994,1.4413922648254762,1.4328329670757758
3358,1.4429588502986994,1.4412058247271873,1.43715563837663
3359,1.4429588502986994,1.4413904922796121,1.4370448821663606
3360,1.4429588502986994,1.4416344670134977,1.4385529604950493
3361,1.4429588502986994,1.441591717392532,1.437905041699202
3362,1.4429588502986994,1.4416581123392405,1.4382921369258401
3363,1.4429588502986994,1.441709852084215,1.436403787356348
3364,1.4429588502986994,1.4416203979176287,1.4382874907361596
3365,1.4429588502986994,1.4413813603480352,1.4371230593632522
3366,1.4429588502986994,1.4412018206801336,1.4363871479489136
3367,1.4429588502986994,1.4409675121075185,1.436180311230762
3368,1.4429588502986994,1.4410689472441742,1.4357550972209971
3369,1.4429588502986994,1.441184962113688,1.4335424428547276
3370,1.4429588502986994,1.4412337098761288,1.4374650242399063
3371,1.4429588502986994,1.4415106086684375,1.4372460905767228
3372,1.4429588502986994,1.4416235130121633,1.4392184208678942
3373,1.4429588502986994,1.4417482507753019,1.4391142620576847
3374,1.4429588502986994,1.4418433241843371,1.4398615772696297
3375,1.4429588502986994,1.4418237104205607,1.4379243952346532
3376,1.4429588502986994,1.441630851997646,1.4387390829249718
3377,1.4429588502986994,1.4416375953961584,1.438681155578281
3378,1.4429588502986994,1.4418535883305075,1.4394098279716412
3379,1.4429588502986994,1.4421617533702347,1.4395209518494076
3380,1.4429588502986994,1.4422414326654462,1.4382973299945654
3381,1.4429588502986994,1.4421683462200812,1.4406923769758033
3382,1.4429588502986994,1.4421609151965964,1.4390364368519535
3383,1.4429588502986994,1.4422637372896454,1.4399006637243086
3384,1.4429588502986994,1.4418807725773997,1.4387932080324364
3385,1.4429588502986994,1.4418180091194948,1.4371557617082993
3386,1.4429588502986994,1.4414268056128636,1.4345163367898226
3387,1.4429588502986994,1.4418039291300975,1.436503594676176
3388,1.4429588502986994,1.44178067350097,1.4368310467793846
3389,1.4429588502986994,1.4420031581571107,1.4371734428039236
3390,1.4429588502986994,1.4421135949986903,1.4392325857308599
3391,1.4429588502986994,1.4418139092506979,1.4383300881417471
3392,1.4429588502986994,1.441640932483707,1.4388163806916903
3393,1.4429588502986994,1.4414671656143676,1.4366244102592416
3394,1.4429588502986994,1.4414940660671172,1.4372249702289135
3395,1.4429588502986994,1.4412956696997232,1.4352326690090806
3396,1.4429588502986994,1.4411355110391273,1.4354730788512289
3397,1.4429588502986994,1.4413150195131186,1.4366590335838
3398,1.4429588502986994,1.4412620381547763,1.4368799246857764
3399,1.4429588502986994,1.4413812270848494,1.439462281967621
3400,1.4429588502986994,1.4415916890180482,1.438163938871312
3401,1.4429588502986994,1.4415664607940162,1.4365593044607818
3402,1.4429588502986994,1.4417244300784788,1.4394225210043667
3403,1.4429588502986994,1.4416831415296787,1.4392589536383984
3404,1.4429588502986994,1.4416186810411227,1.4375079586669353
3405,1.4429588502986994,1.4416031645715341,1.4353341685716257
3406,1.4429588502986994,1.441862540568164,1.4389156501323075
3407,1.4429588502986994,1.4420331951691279,1.4382493126995062
3408,1.4429588502986994,1.4419179608748547,1.4365633977606664
3409,1.4429588502986994,1.441940445569086,1.4391229691734357
3410,1.4429588502986994,1.441810315903532,1.4383208650414194
3411,1.4429588502986994,1.441887900212041,1.4366589896719872
3412,1.4429588502986994,1.4416090913611779,1.4367144494270225
3413,1.4429588502986994,1.4417244170982406,1.4370195549335167
3414,1.4429588502986994,1.4417319827982202,1.4381446802141222
3415,1.4429588502986994,1.441871403743211,1.4355650781372522
3416,1.4429588502986994,1.4416312211799747,1.4346564373756232
3417,1.4429588502986994,1.4414234924907618,1.4316844468128285
3418,1.4429588502986994,1.4416565619866009,1.4376355149654623
3419,1.4429588502986994,1.4417918620117718,1.4384808249875323
3420,1.4429588502986994,1.441885757455497,1.4387369386651558
3421,1.4429588502986994,1.441830959943518,1.438884529383078
3422,1.4429588502986994,1.4417308330069591,1.437499931394605
3423,1.4429588502986994,1.4418579158626323,1.4395911588468198
3424,1.4429588502986994,1.4418201927449272,1.4369895814566258
3425,1.4429588502986994,1.4419180675991405,1.4391373801832974
3426,1.4429588502986994,1.4419675904888423,1.4381288960663285
3427,1.4429588502986994,1.4418952308954747,1.4333583367130733
3428,1.4429588502986994,1.441476216568729,1.434592627505329
3429,1.4429588502986994,1.441029881330106,1.4204484201243077
3430,1.4429588502986994,1.4404661280955653,1.4336779107748254
3431,1.4429588502986994,1.4408158418524022,1.4350883161417902
3432,1.4429588502986994,1.4410867269579852,1.4365066655248253
3433,1.4429588502986994,1.441532652258302,1.4374732329967832
3434,1.4429588502986994,1.4415806870583325,1.4391462937186892
3435,1.4429588502986994,1.4418333226913953,1.4389942892066756
3436,1.4429588502986994,1.4419616825937425,1.4372168494690516
3437,1.4429588502986994,1.4419179901289012,1.4388942903747097
3438,1.4429588502986994,1.441744205178733,1.4362537787687526
3439,1.4429588502986994,1.4413638645088005,1.4346902258978163
3440,1.4429588502986994,1.4413468337944562,1.433488403727468
3441,1.4429588502986994,1.441171635481019,1.4381423620291536
3442,1.4429588502986994,1.4416148796765824,1.4392159193475285
3443,1.4429588502986994,1.4415551447139012,1.4395955545632138
3444,1.4429588502986994,1.4413784062947357,1.4345126282947391
3445,1.4429588502986994,1.4412032803378407,1.4232738707854782
3446,1.4429588502986994,1.4417875707107164,1.4369818787286945
3447,1.4429588502986994,1.4415222436726376,1.4389434613075127
3448,1.4429588502986994,1.4415561583456442,1.438347750470015
3449,1.4429588502986994,1.441568836812143,1.439347290480466
3450,1.4429588502986994,1.441661736946424,1.4379202366813268
3451,1.4429588502986994,1.4415732466015163,1.4370793673584095
3452,1.4429588502986994,1.4413077357878055,1.4322119071742079
3453,1.4429588502986994,1.4411973708070076,1.4378671375651122
3454,1.4429588502986994,1.4411132115755445,1.4346075404697087
3455,1.4429588502986994,1.4409773260329106,1.4339962732300173
3456,1.4429588502986994,1.4410757159273506,1.435043505636364
3457,1.4429588502986994,1.4417646736788172,1.4386608955843172
3458,1.4429588502986994,1.4419295949301008,1.43825027608264
3459,1.4429588502986994,1.4419850965802203,1.4388224571674482
3460,1.4429588502986994,1.4420029600430166,1.4383076645586776
3461,1.4429588502986994,1.4416936019397024,1.4379062495219244
3462,1.4429588502986994,1.4415858168073366,1.4353304933117685
3463,1.4429588502986994,1.4413214164333379,1.4344487028301998
3464,1.4429588502986994,1.4414754581221385,1.4382512059743187
3465,1.4429588502986994,1.4412189373136874,1.4331990507646035
3466,1.4429588502986994,1.441356593577199,1.435264621242936
3467,1.4429588502986994,1.441128391189369,1.4364923362908895
3468,1.4429588502986994,1.4410547505158957,1.4368234294224436
3469,1.4429588502986994,1.4411720908057777,1.4367995817881756
3470,1.4429588502986994,1.4412983524068637,1.4364827798990807
3471,1.4429588502986994,1.4412226795091994,1.4361962540594373
3472,1.4429588502986994,1.4410619854771947,1.4323418891762303
3473,1.4429588502986994,1.4411191819939235,1.43320046744831
3474,1.4429588502986994,1.4408058247879274,1.4227292916166134
3475,1.4429588502986994,1.4398839839966888,1.423085200683008
3476,1.4429588502986994,1.439653297040354,1.4279138594382652
3477,1.4429588502986994,1.4403669838203697,1.4277343181945124
3478,1.4429588502986994,1.4411263390735252,1.4363433324309745
3479,1.4429588502986994,1.441697859511917,1.437792539616142
3480,1.4429588502986994,1.4419127029766678,1.4396324277814045
3481,1.4429588502986994,1.4420394746065504,1.4399766284475797
3482,1.4429588502986994,1.442056233249775,1.4381236790546863
3483,1.4429588502986994,1.4419401027042125,1.438218925886367
3484,1.4429588502986994,1.4419216272300368,1.437979914509452
3485,1.4429588502986994,1.4419981726065703,1.4380675826976836
3486,1.4429588502986994,1.4421509654295692,1.4382497132409644
3487,1.4429588502986994,1.4417208006041295,1.4364060705252737
3488,1.4429588502986994,1.4418163948082734,1.4395114159271136
3489,1.4429588502986994,1.4416265079194404,1.4374157803671384
3490,1.4429588502986994,1.4413639869483705,1.4376696085835006
3491,1.4429588502986994,1.4415367622694248,1.439217262644561
3492,1.4429588502986994,1.4413032507497645,1.4385193642279819
3493,1.4429588502986994,1.4415734132680682,1.437982211909824
3494,1.4429588502986994,1.4415370612135547,1.4304488827775488
3495,1.4429588502986994,1.4413803409194281,1.436775708273009
3496,1.4429588502986994,1.4416157807269239,1.4383731222545695
3497,1.4429588502986994,1.4413064417772259,1.4354591052884076
3498,1.4429588502986994,1.441465895052758,1.4392139466807807
3499,1.4429588502986994,1.4415562404646804,1.4392009085064337
3500,1.4429588502986994,1.441742581751216,1.435283929042206
3501,1.4429588502986994,1.441658410467595,1.4387963133075934
3502,1.4429588502986994,1.4415430330729584,1.4368882249577828
3503,1.4429588502986994,1.441326999545291,1.4385093078433104
3504,1.4429588502986994,1.4413483778638139,1.438888034085497
3505,1.4429588502986994,1.4418130706513939,1.4380717864144257
3506,1.4429588502986994,1.4418872503053755,1.43733543451945
3507,1.4429588502986994,1.4419926836143984,1.4398367679299184
3508,1.4429588502986994,1.4418691887355488,1.4384533486636506
3509,1.4429588502986994,1.4417441147186245,1.4357151590008628
3510,1.4429588502986994,1.4415776907676305,1.4377500991706622
3511,1.4429588502986994,1.441584466910351,1.4352405805426123
3512,1.4429588502986994,1.4411102714320507,1.4340514203598267
3513,1.4429588502986994,1.4411837876266267,1.4374266866278116
3514,1.4429588502986994,1.4415557239270997,1.4360616725183286
3515,1.4429588502986994,1.441595644232385,1.4391190851528937
3516,1.4429588502986994,1.441431998281471,1.4363542442449637
3517,1.4429588502986994,1.441333419341722,1.432862584619494
3518,1.4429588502986994,1.4410912530482665,1.4303903209847706
3519,1.4429588502986994,1.4410414010486294,1.4259496116757777
3520,1.4429588502986994,1.4412947316862625,1.436595696116872
3521,1.4429588502986994,1.4412650090484769,1.4342237299052978
3522,1.4429588502986994,1.4408955963889314,1.433281539826091
3523,1.4429588502986994,1.4410992746536777,1.4343824989325966
3524,1.4429588502986994,1.441162650400834,1.4357969803813295
3525,1.4429588502986994,1.4409847501920858,1.4344268396544044
3526,1.4429588502986994,1.441371343733214,1.4344103152283902
3527,1.4429588502986994,1.4413531435642721,1.435213313630495
3528,1.4429588502986994,1.4414028666668914,1.436919001451198
3529,1.4429588502986994,1.441640326841532,1.4388029026197042
3530,1.4429588502986994,1.441603256032253,1.4381966956642511
3531,1.4429588502986994,1.441616237012459,1.438713161622668
3532,1.4429588502986994,1.4417086866754758,1.4379927195972568
3533,1.4429588502986994,1.44177303992613,1.438394855844429
3534,1.4429588502986994,1.4418175116158207,1.4382872688569317
3535,1.4429588502986994,1.4414724779620998,1.4366359306713432
3536,1.4429588502986994,1.4416962780979816,1.43487726225071
3537,1.4429588502986994,1.441674988191497,1.4392434382317223
3538,1.4429588502986994,1.4415351180176652,1.4342141234075685
3539,1.4429588502986994,1.4413167277512746,1.4364752062306232
3540,1.4429588502986994,1.4414683263855272,1.4392696401800245
3541,1.4429588502986994,1.4419032293278387,1.4388418459294956
3542,1.4429588502986994,1.44197428744212,1.4393039697261916
3543,1.4429588502986994,1.4419786151023755,1.4397820919432158
3544,1.4429588502986994,1.4418019937259487,1.4396651833606167
3545,1.4429588502986994,1.4418193262863355,1.4375991911986445
3546,1.4429588502986994,1.4416275813838373,1.4368249560523427
3547,1.4429588502986994,1.441309033426633,1.4331602699500507
3548,1.4429588502986994,1.4411147715202375,1.4335507246352672
3549,1.4429588502986994,1.4411921328316069,1.4346042012139868
3550,1.4429588502986994,1.4409072957439337,1.4375073168448955
3551,1.4429588502986994,1.4413549660158076,1.4383772160911354
3552,1.4429588502986994,1.441553435383214,1.4380438583759583
3553,1.4429588502986994,1.4414866212563808,1.4381447085105128
3554,1.4429588502986994,1.4415980690901677,1.4386731247174462
3555,1.4429588502986994,1.4417702395488377,1.438387171883039
3556,1.4429588502986994,1.4415046311711075,1.4385758090977872
3557,1.4429588502986994,1.4416020994523797,1.4394218357506914
3558,1.4429588502986994,1.441696667010655,1.4377555881423918
3559,1.4429588502986994,1.4415514578653208,1.4362316326918554
3560,1.4429588502986994,1.4414901086771539,1.4369785756849882
3561,1.4429588502986994,1.441792913946337,1.4383881725850536
3562,1.4429588502986994,1.441732190477951,1.4389068281853883
3563,1.4429588502986994,1.4414260889723767,1.4376380993843187
3564,1.4429588502986994,1.4415626983027718,1.4374913748500102
3565,1.4429588502986994,1.441422146242102,1.4380619174147724
3566,1.4429588502986994,1.441487884011503,1.4367590388224913
3567,1.4429588502986994,1.4415122307427064,1.4366981526336111
3568,1.4429588502986994,1.441206442194213,1.4372289485502308
3569,1.4429588502986994,1.441324595064874,1.4380043108471987
3570,1.4429588502986994,1.441525468159687,1.4341428964395666
3571,1.4429588502986994,1.4413993563868046,1.4363082833814609
3572,1.4429588502986994,1.4413880016004743,1.4355757324430631
3573,1.4429588502986994,1.4412953488900682,1.4383770865711372
3574,1.4429588502986994,1.441376039651878,1.4388332422338177
3575,1.4429588502986994,1.4412966209756954,1.4387597033124506
3576,1.4429588502986994,1.4414354682635528,1.4371450195711442
3577,1.4429588502986994,1.4413285042960913,1.4358600717754235
3578,1.4429588502986994,1.4416155093188718,1.438592500763005
3579,1.4429588502986994,1.4419681492091323,1.4394272554115384
3580,1.4429899834221165,1.4419296910545605,1.4396441426416973
3581,1.4429899834221165,1.4420181044697387,1.439557659307589
3582,1.4429899834221165,1.4419290287006847,1.4367320471237308
3583,1.4429899834221165,1.4415651695546559,1.4380868963305578
3584,1.4429899834221165,1.4413843570662521,1.4362189615977126
3585,1.4429899834221165,1.4414792858401961,1.437140834753905
3586,1.4429899834221165,1.441324697045373,1.4363057750766468
3587,1.4429899834221165,1.4415959823661593,1.4371165293675332
3588,1.4429899834221165,1.441483066130252,1.43826938062103
3589,1.4429899834221165,1.4417946142543456,1.4354581949525524
3590,1.4429899834221165,1.4414050846928488,1.4347161210248498
3591,1.4429899834221165,1.4416265605634362,1.4370790366043615
3592,1.4429899834221165,1.441906952543539,1.4388602463396853
3593,1.4429899834221165,1.4422145009345149,1.440300443991691
3594,1.4429899834221165,1.4423206009894562,1.4393908526506016
3595,1.4429899834221165,1.4421017939264902,1.4384233504596318
3596,1.4429899834221165,1.4420347120682169,1.4400478493351883
3597,1.4429899834221165,1.4421154359226274,1.4387614897524401
3598,1.4429899834221165,1.4418232191597569,1.4386272836583
3599,1.4429899834221165,1.4415468062433658,1.4376521375854998
3600,1.4429899834221165,1.4416554903677679,1.4376774921905733
3601,1.4429899834221165,1.441755606659121,1.4377935478150319
3602,1.4429899834221165,1.4415502186986393,1.4378879086034497
3603,1.4429899834221165,1.4419394480713854,1.4385769783773315
3604,1.4429899834221165,1.442003715408135,1.4361226926898607
3605,1.4429899834221165,1.4420403515046496,1.4386624748033756
3606,1.4429899834221165,1.4419587813530785,1.439707765044712
3607,1.4429899834221165,1.4418756432636015,1.4390763304835459
3608,1.4429899834221165,1.4418668135209192,1.4363459466803468
3609,1.443018379801146,1.4415142655182367,1.434973099865592
3610,1.443018379801146,1.4414666909602634,1.4378052027288517
3611,1.443018379801146,1.4413485908111654,1.436834971811806
3612,1.443018379801146,1.4412850451918777,1.434231607862331
3613,1.443018379801146,1.441258740181762,1.4331405225929994
3614,1.443018379801146,1.4411121204886528,1.4387997099355125
3615,1.443018379801146,1.4413413506462496,1.4370372533640163
3616,1.443018379801146,1.4412922902149348,1.4371447305448826
3617,1.443018379801146,1.4407962208598901,1.4243218107315894
3618,1.443018379801146,1.440621985900398,1.4360504866305766
3619,1.443018379801146,1.440886844300257,1.4370921422545475
3620,1.443018379801146,1.4410079218399536,1.4367199501033578
3621,1.443018379801146,1.440581047396306,1.4348902843806304
3622,1.443018379801146,1.4400620207675519,1.4355875343894804
3623,1.443018379801146,1.4399914247322068,1.4273977856323865
3624,1.443018379801146,1.4405846225466936,1.436205272514652
3625,1.443018379801146,1.4405854242703975,1.435262628581361
3626,1.443018379801146,1.440571263426607,1.4359009063127743
3627,1.443018379801146,1.4405531772517752,1.43514082327039
3628,1.443018379801146,1.4404110708151558,1.4333752542054117
3629,1.443018379801146,1.4400193963040175,1.4264373580775331
3630,1.443018379801146,1.4400183147561278,1.4317777297817402
3631,1.443018379801146,1.4405909122010359,1.432058888730096
3632,1.443018379801146,1.4404806348915882,1.4362448411820858
3633,1.443018379801146,1.4405151739264332,1.4347553043286418
3634,1.443018379801146,1.4405466581295558,1.4308574173904867
3635,1.443018379801146,1.4403954555611218,1.4333012946741408
3636,1.443018379801146,1.440626858380773,1.4345583648084506
3637,1.443018379801146,1.441135683973867,1.4361604517951805
3638,1.443018379801146,1.4408807069584475,1.4368659278135698
3639,1.443018379801146,1.4408804780844702,1.4294105665605625
3640,1.443018379801146,1.440853588284864,1.4292331492837476
3641,1.443018379801146,1.4410113339650095,1.4311623732518957
3642,1.443018379801146,1.4408658818174565,1.4356197992097774
3643,1.443018379801146,1.440555874717538,1.4337583680810202
3644,1.443018379801146,1.4406815794847077,1.43198970912942
3645,1.443018379801146,1.4403805734437491,1.4358362401715659
3646,1.443018379801146,1.4403438561059816,1.436530554798878
3647,1.443018379801146,1.440998996623166,1.4368514488019979
3648,1.443018379801146,1.440832603149329,1.433856192381898
3649,1.443018379801146,1.4401507099492046,1.4241893123107408
3650,1.443018379801146,1.440229665663188,1.4346313105520454
3651,1.443018379801146,1.4394003348847082,1.4166565365528765
3652,1.443018379801146,1.4384700465165638,1.417756491022314
3653,1.443018379801146,1.4380711385881175,1.4111251267068547
3654,1.443018379801146,1.4382034433698456,1.4145106742605271
3655,1.443018379801146,1.4388935101885352,1.424903666196046
3656,1.443018379801146,1.4387932529410348,1.4233961307444807
3657,1.443018379801146,1.438418564782011,1.4259382506648597
3658,1.443018379801146,1.4389850533291602,1.430013235168933
3659,1.443018379801146,1.43886583289472,1.4274319631789574
3660,1.443018379801146,1.4392707202102435,1.4296278847905566
3661,1.443018379801146,1.4399621134419365,1.430702862310008
3662,1.443018379801146,1.4401063720718446,1.4353320705332138
3663,1.443018379801146,1.4401969862846997,1.4256466948693847
3664,1.443018379801146,1.440762444660865,1.4324542107687628
3665,1.443018379801146,1.4405298544179772,1.4319764517503306
3666,1.443018379801146,1.4401128364241556,1.428993930387584
3667,1.443018379801146,1.4405874558433263,1.4325884529124093
3668,1.443018379801146,1.4409520391549975,1.435141130208726
3669,1.443018379801146,1.440633145130859,1.4350196871880747
3670,1.443018379801146,1.440594611372279,1.4371573428068605
3671,1.443018379801146,1.4410762815070455,1.437425352156483
3672,1.443018379801146,1.4412348443679448,1.4381076054356863
3673,1.443018379801146,1.440970424499371,1.4365366673180773
3674,1.443018379801146,1.4410879181080316,1.4362631519055278
3675,1.443018379801146,1.4407911782360057,1.4325260643736641
3676,1.443018379801146,1.4405111404521371,1.43493294609529
3677,1.443018379801146,1.4404702957744364,1.4359120306611959
3678,1.443018379801146,1.4408487117466657,1.432532994498503
3679,1.443018379801146,1.4405371595706553,1.4345899844066605
3680,1.443018379801146,1.440282844590723,1.4328471508490712
3681,1.443018379801146,1.4406120297932583,1.4337480913904521
3682,1.443018379801146,1.4405565679138435,1.4364796143093257
3683,1.443018379801146,1.4404990970059421,1.4361887186637412
3684,1.443018379801146,1.440571237224631,1.4348464543263062
3685,1.443018379801146,1.4406005103353596,1.4331735600923514
3686,1.443018379801146,1.44055540428556,1.4343590448043644
3687,1.443018379801146,1.440450205151465,1.429186231394838
3688,1.443018379801146,1.440357612433333,1.4311578795965336
3689,1.443018379801146,1.440358299602968,1.4290440096120434
3690,1.443018379801146,1.4406703388819844,1.4330909528737212
3691,1.443018379801146,1.4402653326209525,1.4362869213269085
3692,1.443018379801146,1.4404209511810273,1.433425816786898
3693,1.443018379801146,1.4403503906388193,1.4356030930986212
3694,1.443018379801146,1.4410051141556184,1.4377174570004303
3695,1.443018379801146,1.4413896170720395,1.438721402535693
3696,1.443018379801146,1.4410913116861495,1.436195053746807
3697,1.443018379801146,1.4412317508147408,1.4365435667423014
3698,1.443018379801146,1.4413445998428895,1.4362556706834304
3699,1.443018379801146,1.4411821403969123,1.434874757169212
3700,1.443018379801146,1.441504325221659,1.4385897414575377
3701,1.443018379801146,1.4416886636497575,1.4397610376797743
3702,1.443018379801146,1.44161846614806,1.4395438865851655
3703,1.443018379801146,1.4414794443025485,1.437090120479877
3704,1.443018379801146,1.4415593926649546,1.4368909858573478
3705,1.443018379801146,1.4414659673896992,1.4372106957807662
3706,1.443018379801146,1.4415952014366054,1.4386987267254483
3707,1.443018379801146,1.4418175806740594,1.4394012656102273
3708,1.443018379801146,1.44149039157002,1.4384513351138617
3709,1.443018379801146,1.4410302665721242,1.4359486631100373
3710,1.443018379801146,1.4411631438852113,1.436920770164863
3711,1.443018379801146,1.4410352827266464,1.4366142912644366
3712,1.443018379801146,1.4411913743210123,1.437572480155924
3713,1.443018379801146,1.4413465598247384,1.438881202363156
3714,1.443018379801146,1.4411631220360084,1.4373100011257998
3715,1.443018379801146,1.4411523292817332,1.4375133808410685
3716,1.443018379801146,1.4411395897049317,1.433101154988174
3717,1.443018379801146,1.440767265049283,1.4255677362875767
3718,1.443018379801146,1.4401553874489752,1.4211647006795063
3719,1.443018379801146,1.440882252081152,1.4335415342797282
3720,1.443018379801146,1.44125872202807,1.4346671858593514
3721,1.443018379801146,1.441136764662673,1.4359627580322114
3722,1.443018379801146,1.4412353998226126,1.4369398705700727
3723,1.443018379801146,1.4412396190654906,1.436552311942154
3724,1.443018379801146,1.4414362456768313,1.4372933867745932
3725,1.443018379801146,1.4412744016471672,1.4382820865077763
3726,1.443018379801146,1.4414228380244345,1.4384331885830848
3727,1.443018379801146,1.4412394297262612,1.435006098445996
3728,1.443018379801146,1.4411020373743906,1.4371891026955257
3729,1.443018379801146,1.440896114710943,1.4333131835833994
3730,1.443018379801146,1.4409286242491128,1.4355528967261009
3731,1.443018379801146,1.4406174478820697,1.4372265629437226
3732,1.443018379801146,1.440256232295054,1.4331912770431994
3733,1.443018379801146,1.4400746538874654,1.4366262326750523
3734,1.443018379801146,1.44021203777286,1.4371456893276457
3735,1.443018379801146,1.4407495559906836,1.4378092259773636
3736,1.443018379801146,1.4411131144444003,1.4388579737992897
3737,1.443018379801146,1.4410244473103269,1.4352619860599896
3738,1.443018379801146,1.4407340983079926,1.431887527755952
3739,1.443018379801146,1.4400535497627238,1.4267595160317825
3740,1.443018379801146,1.4402223966534304,1.4309151061763477
3741,1.443018379801146,1.4400113894652824,1.4306650719752891
3742,1.443018379801146,1.4399247231798094,1.432965711471667
3743,1.443018379801146,1.4400917464660137,1.436635572981283
3744,1.443018379801146,1.4408586032236663,1.4367535374584448
3745,1.443018379801146,1.4409862042481523,1.4374123511785943
3746,1.443018379801146,1.441146436693941,1.4366276469189545
3747,1.443018379801146,1.440959557895452,1.4331461076369074
3748,1.443018379801146,1.4408852830572376,1.435657584025861
3749,1.443018379801146,1.4407475828693384,1.43524516442541
3750,1.443018379801146,1.4406042070411642,1.4319285567494564
3751,1.443018379801146,1.4405849912449695,1.4277420629042683
3752,1.443018379801146,1.4408686951729106,1.4363639026663415
3753,1.443018379801146,1.4410306265691408,1.4376962286108228
3754,1.443018379801146,1.441355184510585,1.4370648490348392
3755,1.443018379801146,1.4410844778976477,1.4341965968216566
3756,1.443018379801146,1.441280720290973,1.4368634266169886
3757,1.443018379801146,1.4414835346044885,1.437692770183816
3758,1.443018379801146,1.4416817189936741,1.438986725161415
3759,1.443018379801146,1.4417731262597122,1.4349607776625755
3760,1.443018379801146,1.4419264555715905,1.4386548784159257
3761,1.443018379801146,1.4414962733605485,1.4383366476657913
3762,1.443018379801146,1.4414824727997748,1.4337269041996559
3763,1.443018379801146,1.4414737989553894,1.4373756078763684
3764,1.443018379801146,1.4415074735445728,1.4386120428732951
3765,1.443018379801146,1.4414086500225443,1.437456233044083
3766,1.443018379801146,1.4409205092520418,1.4342256370446205
3767,1.443018379801146,1.4409389252181197,1.4321346905265784
3768,1.443018379801146,1.4413201342848012,1.4369949541136744
3769,1.443018379801146,1.441404120583165,1.436915270812991
3770,1.443018379801146,1.4413870878159027,1.4382527816377744
3771,1.443018379801146,1.4417398382896545,1.4385785256605186
3772,1.443018379801146,1.4420274159567616,1.4388381578359923
3773,1.443018379801146,1.4418037664309755,1.4375568944537902
3774,1.443018379801146,1.4417555140591514,1.4370624595694474
3775,1.443018379801146,1.4419096992269664,1.4398427533066365
3776,1.443018379801146,1.4420592758775794,1.4399644686073187
3777,1.443018379801146,1.441946010964151,1.440438418528801
3778,1.443018379801146,1.4418291997652484,1.4394285080265088
3779,1.443018379801146,1.441564678621081,1.4371392446883524
3780,1.443018379801146,1.44121313118954,1.4338894820928303
3781,1.443018379801146,1.4408361280623223,1.4301467255071982
3782,1.443018379801146,1.4410031307385558,1.4365107557786825
3783,1.443018379801146,1.4408660135218176,1.4335703321192772
3784,1.443018379801146,1.4414329882710015,1.4365574193671704
3785,1.443018379801146,1.4414887135517205,1.437010480886124
3786,1.443018379801146,1.441406203305744,1.4373559754249345
3787,1.443018379801146,1.4415434944488623,1.437940415516473
3788,1.443018379801146,1.4414186111216014,1.4357688225734253
3789,1.443018379801146,1.4416020086021546,1.4376677416057382
3790,1.443018379801146,1.4412849901762572,1.436494185894723
3791,1.443018379801146,1.4410477619718518,1.4321530086436638
3792,1.443018379801146,1.4413532406844618,1.4314611953989433
3793,1.443018379801146,1.4416385692918565,1.4381882482504869
3794,1.443018379801146,1.4413204335726046,1.4357642160487383
3795,1.443018379801146,1.4412143290415727,1.4331874226037813
3796,1.443018379801146,1.4408933791139102,1.4348327788393171
3797,1.443018379801146,1.4407889633311997,1.4351776864339691
3798,1.443018379801146,1.4405713783472194,1.436975905013448
3799,1.443018379801146,1.440404162847502,1.4357675112731083
3800,1.443018379801146,1.4403318955122935,1.4362403268555446
3801,1.443018379801146,1.4403450417626074,1.4307322690428483
3802,1.443018379801146,1.440505549644517,1.4294885214224755
3803,1.443018379801146,1.440960557775825,1.4348008821174045
3804,1.443018379801146,1.4410273385850787,1.4275214748196159
3805,1.443018379801146,1.4413307854386934,1.4354274334115176
3806,1.443018379801146,1.4413589615194242,1.4363676731105441
3807,1.443018379801146,1.4412841696606826,1.435558091676884
3808,1.443018379801146,1.4412984889770053,1.4319995951995323
3809,1.443018379801146,1.4403804297900102,1.427963791537149
3810,1.443018379801146,1.4408340771657244,1.4356619164601443
3811,1.443018379801146,1.4407152576273259,1.4318995975463416
3812,1.443018379801146,1.440230067488445,1.4354460136328073
3813,1.443018379801146,1.4404764991228196,1.4350621330073987
3814,1.443018379801146,1.4405555322551493,1.4343992338916998
3815,1.443018379801146,1.4407936208546286,1.436850703860202
3816,1.443018379801146,1.4407124078894125,1.4357372711441974
3817,1.443018379801146,1.4399446187972524,1.4273943194397698
3818,1.443018379801146,1.4392344820987646,1.4353401436190132
3819,1.443018379801146,1.4399549027910152,1.4361662348690296
3820,1.443018379801146,1.4402551774771526,1.4371269438682321
3821,1.443018379801146,1.4403137042141265,1.4284938465795236
3822,1.443018379801146,1.4396138610060942,1.41490803371074
3823,1.443018379801146,1.4401001244523735,1.433585979188425
3824,1.443018379801146,1.440590803919964,1.437900346577871
3825,1.443018379801146,1.4407795894795772,1.4371930513073847
3826,1.443018379801146,1.4412080310900655,1.4383178501916767
3827,1.443018379801146,1.441507518530888,1.4355714145778438
3828,1.443018379801146,1.4415306538701795,1.4374303087581126
3829,1.443018379801146,1.4415359249210107,1.435571358158445
3830,1.443018379801146,1.4417784963923839,1.4392865593763147
3831,1.443018379801146,1.441360980935157,1.4376013999356063
3832,1.443018379801146,1.4411877502073898,1.4386000576001459
3833,1.443018379801146,1.4411316399255036,1.4367623311346946
3834,1.443018379801146,1.4407751686590375,1.4343300368259086
3835,1.443018379801146,1.4405300228263644,1.4304429966217211
3836,1.443018379801146,1.4407963776870276,1.4346947907140097
3837,1.443018379801146,1.4404553981967751,1.4328008264834307
3838,1.443018379801146,1.440265210870965,1.4305623917446548
3839,1.443018379801146,1.4401827080568435,1.432598970214269
3840,1.443018379801146,1.4406053366589004,1.4364250985067484
3841,1.443018379801146,1.4403755847940944,1.4350441328241887
3842,1.443018379801146,1.4407668073029116,1.4364987464186723
3843,1.443018379801146,1.440675142972508,1.4338913378581255
3844,1.443018379801146,1.4410961598577927,1.4357337791139668
3845,1.443018379801146,1.4416181125480623,1.4343215233208688
3846,1.443018379801146,1.4413326086916107,1.4325836962779486
3847,1.443018379801146,1.4410124499418406,1.4354550364550571
3848,1.443018379801146,1.4409293709433113,1.4344618961741797
3849,1.443018379801146,1.4414037042053534,1.4362682832434372
3850,1.443018379801146,1.4414118192691092,1.4364568131268454
3851,1.443018379801146,1.4415032349187697,1.4341185581708882
3852,1.443018379801146,1.4413647700328949,1.4358498101820873
3853,1.443018379801146,1.4416599555834901,1.4360655551701014
3854,1.443018379801146,1.4416583912905852,1.4391338010765886
3855,1.443018379801146,1.441653055746517,1.4378406716217487
3856,1.443018379801146,1.4414648083143562,1.438226818200063
3857,1.443018379801146,1.4414123425076266,1.4387396920544255
3858,1.443018379801146,1.441378520042395,1.4349845116330835
3859,1.443018379801146,1.4415637815421762,1.438985275246391
3860,1.443018379801146,1.441674004713859,1.436698305472041
3861,1.443018379801146,1.4419501106720582,1.4382198601042493
3862,1.443018379801146,1.4418964117540187,1.4398063061231205
3863,1.443018379801146,1.4416258835018971,1.4363511029702611
3864,1.443018379801146,1.4416454533098277,1.4352930798131371
3865,1.443018379801146,1.4415212333110463,1.4361094456622372
3866,1.443018379801146,1.4415715570935734,1.4366193591924172
3867,1.443018379801146,1.4412468252647475,1.4359804656604878
3868,1.443018379801146,1.4412695459894806,1.4367509692339646
3869,1.443018379801146,1.4416223713567187,1.4381362009701957
3870,1.443018379801146,1.441465379560634,1.4382129163260573
3871,1.443018379801146,1.4412893366501591,1.4368110174635045
3872,1.443018379801146,1.441294197501741,1.4374831963444452
3873,1.443018379801146,1.4412831666967356,1.436662422013209
3874,1.443018379801146,1.4414967827679626,1.433687186122028
3875,1.443018379801146,1.4412294469910016,1.4343666460272662
3876,1.443018379801146,1.4414589016125812,1.4370541577384464
3877,1.443018379801146,1.440958535016712,1.4303812410263066
3878,1.443018379801146,1.4399438068187336,1.4107770173406513
3879,1.443018379801146,1.4395050937694152,1.4249276085921525
3880,1.443018379801146,1.4388631185151712,1.428732772173726
3881,1.443018379801146,1.4392911354384423,1.4302172361162695
3882,1.443018379801146,1.4398286532406268,1.4308737464082237
3883,1.443018379801146,1.4394359527430138,1.4327241822918744
3884,1.443018379801146,1.4399570248966425,1.4282752932061522
3885,1.443018379801146,1.439846421471509,1.4322056556297835
3886,1.443018379801146,1.4404329667209899,1.436245779961953
3887,1.443018379801146,1.4411262513205316,1.4362501211465803
3888,1.443018379801146,1.4411980971160174,1.4342633811025716
3889,1.443018379801146,1.4414825094048456,1.436856138653653
3890,1.443018379801146,1.4412697962810335,1.434628621969807
3891,1.443018379801146,1.4410472287672398,1.430625135529373
3892,1.443018379801146,1.4409704719030814,1.4308059273122564
3893,1.443018379801146,1.4412764113096035,1.4295439439890765
3894,1.443018379801146,1.4417123581716607,1.4384845034159852
3895,1.443018379801146,1.4417043430847045,1.4384139528300142
3896,1.443018379801146,1.4418968797036331,1.4367309943893736
3897,1.443018379801146,1.4416711282039492,1.4386557376577804
3898,1.443018379801146,1.4415465306687876,1.4379932550661285
3899,1.443018379801146,1.4413085928821345,1.4374863758908194
3900,1.443018379801146,1.4411422842048842,1.436900330786208
3901,1.443018379801146,1.4411553729591413,1.437031231620963
3902,1.443018379801146,1.4410442470444909,1.4358152998110605
3903,1.443018379801146,1.4408025880293325,1.4328139388622705
3904,1.443018379801146,1.4406305714616818,1.4323788665204558
3905,1.443018379801146,1.4411990553891523,1.437210995968984
3906,1.443018379801146,1.4413233735396112,1.4394537850187088
3907,1.443018379801146,1.4411795770893467,1.437992841762602
3908,1.443018379801146,1.4412418759809973,1.4300844717443102
3909,1.443018379801146,1.4410174605757646,1.4315865547143134
3910,1.443018379801146,1.441326905229558,1.435879344280496
3911,1.443018379801146,1.4411200811250182,1.4375214212240501
3912,1.443018379801146,1.4412937636905487,1.4353130955380768
3913,1.443018379801146,1.4412124159187667,1.437315752232307
3914,1.443018379801146,1.4411023178873805,1.4369016605113216
3915,1.443018379801146,1.4412247414819086,1.438057923844951
3916,1.443018379801146,1.4412069212153618,1.4340742620405384
3917,1.443018379801146,1.4410550363590524,1.4344379807188925
3918,1.443018379801146,1.4413240770044333,1.4374104235923009
3919,1.443018379801146,1.4416283392548315,1.4375675799941456
3920,1.443018379801146,1.4415108212326897,1.4350899168469022
3921,1.443018379801146,1.4415725487202824,1.4348100196409816
3922,1.443018379801146,1.4413019623952579,1.4145629241147657
3923,1.443018379801146,1.4414120721861687,1.435476920379648
3924,1.443018379801146,1.4417585248068279,1.435464197075024
3925,1.443018379801146,1.4417049711685335,1.4384718905683178
3926,1.443018379801146,1.4415511368220433,1.4351123073989402
3927,1.443018379801146,1.440887140231561,1.4312061310961763
3928,1.443018379801146,1.4402292887671182,1.4012200721807275
3929,1.443018379801146,1.4396948064918318,1.42074399512634
3930,1.443018379801146,1.4386939230496,1.4092877587886743
3931,1.443018379801146,1.4387953695419853,1.4134580575284317
3932,1.443018379801146,1.4367002767836161,1.411917351530603
3933,1.443018379801146,1.437732103250261,1.4196700362149262
3934,1.443018379801146,1.439240153066095,1.427204870576891
3935,1.443018379801146,1.4390706943568679,1.4288906477281624
3936,1.443018379801146,1.439209459888209,1.4224367178413313
3937,1.443018379801146,1.4390407233085236,1.4269964234978236
3938,1.443018379801146,1.4396281111268927,1.4285354281445108
3939,1.443018379801146,1.4398112299573296,1.4313903957758072
3940,1.443018379801146,1.4406754155391974,1.4360238796669968
3941,1.443018379801146,1.4411685052486174,1.4375487387154506
3942,1.443018379801146,1.441138892096967,1.437321660702636
3943,1.443018379801146,1.441023953053869,1.4365409090482857
3944,1.443018379801146,1.4408304225042867,1.4357815500751336
3945,1.443018379801146,1.4410144416924393,1.4324350801053545
3946,1.443018379801146,1.4412035008913324,1.4345156055835753
3947,1.443018379801146,1.4414185020607835,1.4366026927773852
3948,1.443018379801146,1.4415660321070103,1.438315596613368
3949,1.443018379801146,1.4412873321597595,1.431326133228631
3950,1.443018379801146,1.441041043903217,1.4370060263130238
3951,1.443018379801146,1.4410882894051509,1.4373065096284015
3952,1.443018379801146,1.4411421838508045,1.4381301372152304
3953,1.443018379801146,1.4412551278752672,1.4353679825432537
3954,1.443018379801146,1.441550464484348,1.4388694693809307
3955,1.443018379801146,1.4415779551066812,1.4388526212613135
3956,1.443018379801146,1.4414309018689764,1.437413398184735
3957,1.443018379801146,1.4415201110938347,1.437974097180988
3958,1.443018379801146,1.441487247885333,1.438260927330253
3959,1.443018379801146,1.4410062107666977,1.435262521770488
3960,1.443018379801146,1.4408288292299438,1.4247610220856652
3961,1.443018379801146,1.4411388177608475,1.4303438985756585
3962,1.443018379801146,1.4412082641499753,1.4288979373342476
3963,1.443018379801146,1.4411503153825223,1.4309855241198877
3964,1.443018379801146,1.4409145099099965,1.4347858496154828
3965,1.443018379801146,1.4408825110009889,1.4354671198513496
3966,1.443018379801146,1.4408001429676442,1.435416240919911
3967,1.443018379801146,1.4407627195848056,1.4361200458197483
3968,1.443018379801146,1.441342679036219,1.4376839146741927
3969,1.443018379801146,1.4412954061134038,1.4371752753226783
3970,1.443018379801146,1.4413053052980627,1.4358864441176278
3971,1.443018379801146,1.4407088631691811,1.428985617579714
3972,1.443018379801146,1.440601504740033,1.4229746292225736
3973,1.443018379801146,1.4405057382235975,1.4319537935846531
3974,1.443018379801146,1.4411190022392935,1.4367577143678958
3975,1.443018379801146,1.4410550310428272,1.4371546640384338
3976,1.443018379801146,1.4409218033866928,1.4362110601473768
3977,1.443018379801146,1.4408328379502542,1.4302578932620291
3978,1.443018379801146,1.440634068026673,1.4343035756844695
3979,1.443018379801146,1.4404049730166728,1.4252862461020468
3980,1.443018379801146,1.4394117241899773,1.4189910390908973
3981,1.443018379801146,1.4399344417776458,1.4291280314097314
3982,1.443018379801146,1.439883914720899,1.4320937754923049
3983,1.443018379801146,1.4409698430639117,1.436044081268341
3984,1.443018379801146,1.4413010551868248,1.4382850841764048
3985,1.443018379801146,1.4412191226527054,1.4385374621322204
3986,1.443018379801146,1.4412700405702714,1.4389554636384072
3987,1.443018379801146,1.4414402841694318,1.4378181467985984
3988,1.443018379801146,1.4414574398836646,1.4383959047048123
3989,1.443018379801146,1.4414625310529243,1.4344769253951033
3990,1.443018379801146,1.4407401124794483,1.423725963665835
3991,1.443018379801146,1.440715177458079,1.4333054258374331
3992,1.443018379801146,1.4411385109553891,1.4336212075200925
3993,1.443018379801146,1.4412224817540333,1.434494569220677
3994,1.443018379801146,1.4410002531501782,1.4353485931414791
3995,1.443018379801146,1.4410041239767495,1.4342959079500526
3996,1.443018379801146,1.4410224300166647,1.4358920749074249
3997,1.443018379801146,1.441207919774005,1.437071127926109
3998,1.443018379801146,1.4412763306041143,1.4383063795640632
3999,1.443018379801146,1.441506690176167,1.4342945264235716
4000,1.443018379801146,1.4414568283501878,1.4382243355473165
4001,1.443018379801146,1.441550680503978,1.4373736976493225
4002,1.443018379801146,1.4415170674408342,1.4345182606059736
4003,1.443018379801146,1.4414235174309218,1.4381566786493543
4004,1.443018379801146,1.4416326356057676,1.4383417757113204
4005,1.443018379801146,1.44181762875859,1.4379818111578055
4006,1.443018379801146,1.441504815108247,1.4394908755086302
4007,1.443018379801146,1.4412851803172098,1.4358272439159714
4008,1.443018379801146,1.4410284575807786,1.438249708894877
4009,1.443018379801146,1.4409149489693602,1.4309097771724513
4010,1.443018379801146,1.4404974877941081,1.4335896522620861
4011,1.443018379801146,1.4407343803896173,1.4352430687446867
4012,1.443018379801146,1.4409858874063497,1.4361521039136145
4013,1.443018379801146,1.441399398195942,1.4367928189871713
4014,1.443018379801146,1.4418865607836937,1.4385554520794737
4015,1.443018379801146,1.4418966776776154,1.4385417504895552
4016,1.443018379801146,1.4417564359354562,1.4381081618353326
4017,1.443018379801146,1.4411965824040252,1.4347594301764528
4018,1.443018379801146,1.4412413579563828,1.4365361222058317
4019,1.443018379801146,1.4411595336417617,1.4333530859199615
4020,1.443018379801146,1.4413355794149993,1.4367759141430665
4021,1.443018379801146,1.4411048928466241,1.4367466306894159
4022,1.443018379801146,1.4417419269403737,1.438722935414008
4023,1.443018379801146,1.4418894366978356,1.4384455130292655
4024,1.443018379801146,1.4418735179082631,1.4384021712176334
4025,1.443018379801146,1.4418017757951955,1.4368862211115216
4026,1.443018379801146,1.4417842227203876,1.4367108697994722
4027,1.443018379801146,1.4416457213490323,1.4378820664800762
4028,1.443018379801146,1.4416269829135384,1.4367277388231363
4029,1.443018379801146,1.44138868387193,1.4350270809782542
4030,1.443018379801146,1.44161457795197,1.4390851965035132
4031,1.443018379801146,1.4417560750607876,1.4374846563981138
4032,1.443018379801146,1.441358994623218,1.4382184026866556
4033,1.443018379801146,1.4411294497404783,1.4374577720502066
4034,1.443018379801146,1.4409783670700733,1.4357672899175113
4035,1.443018379801146,1.4409832259701971,1.436753823812028
4036,1.443018379801146,1.44112928279266,1.4378172068117623
4037,1.443018379801146,1.4413453086280685,1.4375305750959666
4038,1.443018379801146,1.4414457665812126,1.4337561523917393
4039,1.443018379801146,1.4412251768023634,1.4385159182685996
4040,1.443018379801146,1.4412469643142085,1.4380633722415124
4041,1.443018379801146,1.44112521348898,1.436243379081369
4042,1.443018379801146,1.4410190263106881,1.4342705129517361
4043,1.443018379801146,1.4410402051898117,1.4361448625962288
4044,1.443018379801146,1.4409169774127975,1.431665606719325
4045,1.443018379801146,1.4410613289545335,1.4360037716361165
4046,1.443018379801146,1.4408831565969178,1.4361162974690203
4047,1.443018379801146,1.4411880851688712,1.4370163725121072
4048,1.443018379801146,1.4410260797241312,1.4368030001025909
4049,1.443018379801146,1.440544920935396,1.4364222977674672
4050,1.443018379801146,1.4399566169106486,1.417350804349043
4051,1.443018379801146,1.4397003158799595,1.4313377386489727
4052,1.443018379801146,1.4402448284695408,1.4354322189430557
4053,1.443018379801146,1.439998578369188,1.434021826220981
4054,1.443018379801146,1.4396226821894802,1.4235875896113845
4055,1.443018379801146,1.4388879441110607,1.420190333024676
4056,1.443018379801146,1.4390675013303522,1.433214253984208
4057,1.443018379801146,1.4402336083042246,1.4315642477341193
4058,1.443018379801146,1.4405420108919207,1.429052695080761
4059,1.443018379801146,1.441023637268252,1.4327845993736137
4060,1.443018379801146,1.4408457459816668,1.4272345166536962
4061,1.443018379801146,1.4405900392075048,1.4246501948060974
4062,1.443018379801146,1.4407380658707816,1.4315611304511013
4063,1.443018379801146,1.4412100946347652,1.4296228925317183
4064,1.443018379801146,1.4410711185462903,1.4369677108285108
4065,1.443018379801146,1.440799580309799,1.4308221922496869
4066,1.443018379801146,1.4406745939871521,1.4345363075678976
4067,1.443018379801146,1.4405675314048705,1.4352651423516813
4068,1.443018379801146,1.4408310072185952,1.4366571685546927
4069,1.443018379801146,1.440877567861202,1.4376396071227497
4070,1.443018379801146,1.441417074824731,1.4375414538460016
4071,1.443018379801146,1.4414405734069549,1.4355928901657529
4072,1.443018379801146,1.441476375835595,1.4374745207297084
4073,1.443018379801146,1.4415217308297645,1.4331176973350759
4074,1.443018379801146,1.4412531361254588,1.425206080103796
4075,1.443018379801146,1.441889638811836,1.4391391445698352
4076,1.443018379801146,1.4419478948299804,1.4394626303035123
4077,1.4430692497896955,1.4419972857212833,1.4390989758694888
4078,1.4430692497896955,1.441951040600473,1.4381069001097766
4079,1.4430692497896955,1.4416016313862645,1.437797063944166
4080,1.4430692497896955,1.4411521974742998,1.4282845324295337
4081,1.4430692497896955,1.4413595139762652,1.4362870793391123
4082,1.4430692497896955,1.4418019313847221,1.4370651251313489
4083,1.4430692497896955,1.4418393422867926,1.436839813908433
4084,1.4430692497896955,1.4414814896902122,1.4359314763846893
4085,1.4430692497896955,1.4414987482157422,1.4375609937066578
4086,1.4430692497896955,1.4416069923902677,1.4379742740800732
4087,1.4430692497896955,1.441658182138501,1.436325840458995
4088,1.4430692497896955,1.441586021061743,1.4308992808692211
4089,1.4430692497896955,1.4417361742412171,1.4377865572674124
4090,1.4430692497896955,1.44147969637305,1.4382825098676182
4091,1.4430692497896955,1.4414074349667496,1.4357709233507951
4092,1.4430692497896955,1.4418498216062587,1.4394319991449458
4093,1.4430692497896955,1.442028442963611,1.4389874481094047
4094,1.4430692497896955,1.44163497095565,1.4391718316067523
4095,1.4430692497896955,1.4416628033070789,1.4345477168302734
4096,1.4430692497896955,1.4413576229677363,1.4354186919297542
4097,1.4431200504716155,1.4415851676959424,1.4393559827007296
4098,1.4431200504716155,1.4416235913608864,1.4389676537851452
4099,1.4431200504716155,1.4415950130209225,1.4379238334940074
4100,1.4431200504716155,1.4417226771816833,1.4372384706274486
4101,1.4431200504716155,1.4417168944780077,1.4365047937708642
4102,1.4431200504716155,1.4414302646205572,1.430422184263373
4103,1.4431200504716155,1.4413265668887214,1.4373988188982343
4104,1.4431200504716155,1.441592898188559,1.4392566833080829
4105,1.4431200504716155,1.441857120848024,1.4396630698801727
4106,1.4431200504716155,1.4418104374851362,1.4379152746047565
4107,1.4431200504716155,1.441611577526066,1.4385645925853083
4108,1.4431200504716155,1.441826017429308,1.4399754384539767
4109,1.4431200504716155,1.4417934884032013,1.4347573237939744
4110,1.4431200504716155,1.4411156180011557,1.4361021071716356
4111,1.4431200504716155,1.4408849151614507,1.434557921449145
4112,1.4431200504716155,1.4411366620182868,1.432146298842061
4113,1.4431200504716155,1.4409919684342816,1.4378041211377746
4114,1.4431200504716155,1.4414852016464206,1.4359348246647672
4115,1.4431200504716155,1.4418291461905997,1.438155361693349
4116,1.4431200504716155,1.4421118819039338,1.43957697835147
4117,1.4431200504716155,1.442054537162752,1.437075621708792
4118,1.4431200504716155,1.4420913900913666,1.4297749313236423
4119,1.4431200504716155,1.4421490800858063,1.4394464843114736
4120,1.4431200504716155,1.4418268043025344,1.437320879358385
4121,1.4431200504716155,1.4417843449644279,1.4373602272421866
4122,1.4431200504716155,1.441838599772681,1.439271958135908
4123,1.4431200504716155,1.4417495427704818,1.4368513492181307
4124,1.4431649381519691,1.4417892351819297,1.439302725596376
4125,1.4431649381519691,1.4418634794868939,1.4381053972961282
4126,1.4431649381519691,1.4417090708491052,1.4369457541837374
4127,1.4431649381519691,1.4421027267392525,1.439041183382966
4128,1.4431649381519691,1.4421965397871255,1.4395209488341383
4129,1.4431649381519691,1.4422242797965112,1.4404253764692538
4130,1.4431649381519691,1.4422666186053024,1.4387293779830708
4131,1.4431649381519691,1.4418812697788759,1.4375757116948662
4132,1.4431649381519691,1.4419726429672712,1.4366887442884504
4133,1.4431649381519691,1.4420929852001618,1.4391488506755712
4134,1.4431649381519691,1.4421350629129128,1.4396000791413188
4135,1.4431649381519691,1.4420270096800814,1.4353711083426122
4136,1.4431649381519691,1.4416563065815995,1.4366719467977704
4137,1.4431649381519691,1.4419609675292793,1.437697097180219
4138,1.4431649381519691,1.4417699939845463,1.436810267334097
4139,1.4431649381519691,1.4417509416972392,1.4340891328326824
4140,1.4431649381519691,1.4417874054909674,1.4388362928048326
4141,1.4431649381519691,1.4419016441998773,1.439729719100154
4142,1.4431649381519691,1.4419719394584691,1.4366002769070279
4143,1.4431649381519691,1.4421405228632884,1.440441426921254
4144,1.4431649381519691,1.4419371000177565,1.4365378333235232
4145,1.4431649381519691,1.4418308263863793,1.4397771844865965
4146,1.4431649381519691,1.4419359025836849,1.4387850416192878
4147,1.4431649381519691,1.441906789583594,1.4376735859557808
4148,1.4431649381519691,1.4418315539550743,1.4382754199044083
4149,1.4431649381519691,1.441736871312651,1.4358427327848207
4150,1.4431649381519691,1.441403167362372,1.4311357726368028
4151,1.4431649381519691,1.441497809308253,1.4388584026308684
4152,1.4431649381519691,1.4418765642957951,1.4385912315587606
4153,1.4431649381519691,1.4416994537007535,1.4377967522657724
4154,1.4431649381519691,1.4415821037841205,1.4370473572166917
4155,1.4431649381519691,1.4416788801650338,1.4384382621761158
4156,1.4431649381519691,1.4418055339068598,1.439076544339095
4157,1.4431649381519691,1.4419542900759996,1.4385095630849636
4158,1.4431649381519691,1.4422014573481252,1.4391014595569032
4159,1.4431649381519691,1.4422013656446353,1.4353783614166105
4160,1.4431649381519691,1.4420993305184344,1.4356754199319517
4161,1.4431649381519691,1.4421270277586058,1.4345125469017217
4162,1.4431649381519691,1.4423292658377278,1.440492510111044
4163,1.4431649381519691,1.4422834079683466,1.4404981838770587
4164,1.4431649381519691,1.442290295829487,1.4370334705654983
4165,1.4431649381519691,1.442106469646594,1.4382887825299924
4166,1.4431649381519691,1.4420254168041973,1.4385457700591382
4167,1.4431649381519691,1.4417384997701383,1.4377599054146195
4168,1.4431649381519691,1.4417367524227234,1.4364708205669885
4169,1.4431649381519691,1.4416756957951964,1.4353908005687728
4170,1.4431649381519691,1.441684947877624,1.438136342889038
4171,1.4431649381519691,1.4421053286686134,1.4388049987751195
4172,1.4431649381519691,1.4421249547989985,1.4369609652252484
4173,1.4431649381519691,1.442095468323818,1.4397442293108356
4174,1.4431649381519691,1.441876159042643,1.436327145354311
4175,1.4431649381519691,1.4415087893779412,1.435140098576749
4176,1.4431649381519691,1.4418015487657088,1.4392371682233538
4177,1.4431649381519691,1.4418875494494194,1.439002686849828
4178,1.4431649381519691,1.4421098223549804,1.439540207178757
4179,1.4431649381519691,1.44236828541053,1.438044918857356
4180,1.4431649381519691,1.442376079296644,1.4396100692155687
4181,1.4431649381519691,1.442519578505697,1.4404132816593782
4182,1.4431649381519691,1.442509861288135,1.4389345100161965
4183,1.4431649381519691,1.4424839450451048,1.4392624327643118
4184,1.4431649381519691,1.442381298664053,1.439826689785422
4185,1.4431649381519691,1.4422263625871565,1.4398630165619615
4186,1.4431649381519691,1.4421573626058273,1.436791180135582
4187,1.4431649381519691,1.4419601452481394,1.4392500819796457
4188,1.4431649381519691,1.4420794019628957,1.438709863546276
4189,1.4431649381519691,1.4419061269415137,1.4368011674818053
4190,1.4431649381519691,1.4419718350574766,1.438082387905212
4191,1.4431649381519691,1.4417700908459514,1.4345847396771585
4192,1.4431649381519691,1.4416647514722287,1.4386391531529146
4193,1.4431649381519691,1.4418715007067073,1.437992296523322
4194,1.4431649381519691,1.441968772769184,1.4393163139555458
4195,1.4431649381519691,1.4417775061357605,1.4352719073159352
4196,1.4431649381519691,1.4419247290467707,1.4385201916467558
4197,1.4431649381519691,1.4420167494614378,1.4385355336747248
4198,1.4431649381519691,1.4418980488262776,1.4398199378608112
4199,1.4431649381519691,1.4419783087323663,1.4397954764210774
4200,1.4431649381519691,1.4423445556847267,1.4366215681143695
4201,1.4431649381519691,1.4420610025307896,1.4382430353991411
4202,1.4431649381519691,1.4422597099042986,1.4380984543137454
4203,1.4431649381519691,1.4422669893307356,1.4379920340228831
4204,1.4431649381519691,1.4420304734809175,1.4393746828234968
4205,1.4431649381519691,1.4420050105242317,1.4381687687546938
4206,1.4432630725040059,1.4420168187285887,1.4388659621775326
4207,1.4432630725040059,1.441927819902629,1.4311011262396622
4208,1.4432630725040059,1.441581279313007,1.432728396215099
4209,1.4432630725040059,1.4416731317033074,1.4389961475428241
4210,1.4432630725040059,1.4422107543027487,1.4395389233815123
4211,1.4432630725040059,1.4424597253537272,1.4401622662581788
4212,1.4432630725040059,1.4424379015110518,1.439402050492365
4213,1.4432630725040059,1.4422185034398836,1.4403642212269498
4214,1.4432630725040059,1.4420645596414865,1.4383402669714713
4215,1.4432630725040059,1.4418500772722769,1.4393648221060924
4216,1.4432630725040059,1.4416785225173214,1.4369834704103788
4217,1.4432630725040059,1.4414968577176572,1.436493483837003
4218,1.4432630725040059,1.4415789595185697,1.4371492998531759
4219,1.4432630725040059,1.4417526182781455,1.4351515341521948
4220,1.4432630725040059,1.4418573957865939,1.4386206424353272
4221,1.4432630725040059,1.4421456077224488,1.4386368639531715
4222,1.4432630725040059,1.4424508318108042,1.4399477694463436
4223,1.4432630725040059,1.4422501240035053,1.4399703904690928
4224,1.4432630725040059,1.44229011074919,1.4391421128319157
4225,1.4432630725040059,1.4421445823622168,1.4386224958488296
4226,1.4432630725040059,1.4419445109610112,1.434643417654069
4227,1.4432630725040059,1.4419349802358135,1.4387319855143306
4228,1.4433560563658978,1.4422582830085833,1.4402618673930239
4229,1.4433560563658978,1.4421371071916973,1.4376328401217633
4230,1.4433560563658978,1.4418806278953924,1.4312527392905672
4231,1.4433560563658978,1.4416709956237543,1.4368549497463383
4232,1.4433560563658978,1.4419295859465242,1.4386891588283768
4233,1.4433560563658978,1.4417317907660878,1.438792722228951
4234,1.4433560563658978,1.4414631699684208,1.4381009113765675
4235,1.4433560563658978,1.4412696632949755,1.4360605363483807
4236,1.4433560563658978,1.440870147464789,1.4260781231810862
4237,1.4433560563658978,1.4407915440675083,1.430118228571447
4238,1.4433560563658978,1.4407950235657223,1.4328571544127997
4239,1.4433560563658978,1.4406222870897614,1.4349682641232038
4240,1.4433560563658978,1.4412521979323594,1.4334503334612312
4241,1.4433560563658978,1.4416497225890592,1.4298072701964986
4242,1.4433560563658978,1.4414897212555418,1.4282057443752036
4243,1.4433560563658978,1.4413789626612428,1.4362918434208167
4244,1.4433560563658978,1.4413393278086297,1.4361560097257386
4245,1.4433560563658978,1.441374045248338,1.4369118968010905
4246,1.4433560563658978,1.441214805779701,1.4371389377831316
4247,1.4433560563658978,1.4411951392423945,1.434297879375457
4248,1.4433560563658978,1.4412504799247312,1.4290907616992627
4249,1.4433560563658978,1.4409304879541416,1.4349754125180196
4250,1.4433560563658978,1.4406762350640003,1.4333449874501532
4251,1.4433560563658978,1.440743757829385,1.4357661985759265
4252,1.4433560563658978,1.4412640730836166,1.4368406322124037
4253,1.4433829951044714,1.4416086835920694,1.4373608651158527
4254,1.4433829951044714,1.4418868981012185,1.4386229441498974
4255,1.4433829951044714,1.4421336412383539,1.4393420678636215
4256,1.4433829951044714,1.4421391999996147,1.4391871853688507
4257,1.4433829951044714,1.441778148191658,1.4377179927189907
4258,1.4433829951044714,1.4417998354421098,1.4344672791149853
4259,1.4433829951044714,1.4419953661771772,1.4369915410792156
4260,1.4433829951044714,1.4418903702778554,1.437373287158957
4261,1.4433829951044714,1.4421340188444003,1.4386744732802899
4262,1.4433829951044714,1.4422197764508986,1.439412631955081
4263,1.4433829951044714,1.4422273189205106,1.439357768263205
4264,1.4433829951044714,1.4420585418122116,1.4384940763851382
4265,1.4433829951044714,1.4417762025641798,1.438455540762812
4266,1.4433829951044714,1.4417461882573974,1.42811217160636
4267,1.4433829951044714,1.4414621123970102,1.434678101633463
4268,1.4433829951044714,1.4418157633092559,1.4381821074895424
4269,1.4433829951044714,1.4417941752977819,1.4327601901170952
4270,1.4433829951044714,1.4416579245671923,1.4358852995773015
4271,1.4433829951044714,1.4415696199876664,1.436699419615802
4272,1.4433829951044714,1.441597960372594,1.436466729476439
4273,1.4433829951044714,1.4418101669685033,1.4375024622902708
4274,1.4433829951044714,1.4417743424239513,1.4361857486134555
4275,1.4433829951044714,1.4418789147398647,1.432609652021364
4276,1.4433829951044714,1.4417315404908344,1.4372322310540193
4277,1.4433829951044714,1.4417390551161042,1.4370177412073324
4278,1.4433829951044714,1.4418014767223364,1.4361982669974533
4279,1.4433829951044714,1.4420933482943672,1.4389920883215572
4280,1.4433829951044714,1.441973246051921,1.4396781824088982
4281,1.4433829951044714,1.4421549100868511,1.4376763907782992
4282,1.4433829951044714,1.4423965740090905,1.4402708701068108
4283,1.4433829951044714,1.4424866407729848,1.4398983059836938
4284,1.4433829951044714,1.442248664302258,1.4363629643190179
4285,1.4433829951044714,1.4420841168439693,1.4345721121321091
4286,1.4433829951044714,1.4421361025898927,1.4391712051252439
4287,1.4433829951044714,1.4419290393344522,1.438832048723991
4288,1.4433829951044714,1.4424810479298271,1.4380129786501523
4289,1.4433829951044714,1.442131259088883,1.4375969820297507
4290,1.4433829951044714,1.4419915281246023,1.438505975815278
4291,1.4433829951044714,1.4420489349871601,1.4370795665687535
4292,1.4433829951044714,1.441974096710777,1.4387095353673995
4293,1.4433829951044714,1.441906478148488,1.4370610349725699
4294,1.4433829951044714,1.441461931704676,1.432588248433705
4295,1.4433829951044714,1.44127888045955,1.4316309604659976
4296,1.4433829951044714,1.441327184377095,1.4287897513035523
4297,1.4433829951044714,1.441689817887167,1.4325955089477866
4298,1.4433829951044714,1.442093274722939,1.4399521887312783
4299,1.4433829951044714,1.4420725636774439,1.438355421393565
4300,1.4433829951044714,1.4418423729083207,1.435917291518649
4301,1.4433829951044714,1.4420963873627701,1.4367894996691895
4302,1.4433829951044714,1.4420248711061023,1.4395163126599642
4303,1.4433829951044714,1.4422104628230326,1.4381800430023426
4304,1.4433829951044714,1.4421621621436984,1.4373043628842563
4305,1.4433829951044714,1.4421388384456018,1.440291676629914
4306,1.4433829951044714,1.4424674088869844,1.4402697254229326
4307,1.4433829951044714,1.4424750025276891,1.4405893572908806
4308,1.4433829951044714,1.4426145592426507,1.438803226306549
4309,1.4433829951044714,1.4424827550379888,1.440059105362197
4310,1.4433829951044714,1.442089697003345,1.4368505030859071
4311,1.4433829951044714,1.441805489035209,1.43432470204985
4312,1.4433829951044714,1.4417372957898442,1.4326205538095833
4313,1.4433829951044714,1.4419180152243514,1.4329537122178622
4314,1.4433829951044714,1.4418007298058892,1.438281974734151
4315,1.4433829951044714,1.441401190871137,1.4309027484201664
4316,1.4433829951044714,1.441495238443275,1.4371653764899754
4317,1.4433829951044714,1.441954615758588,1.4371986106503059
4318,1.4433829951044714,1.442042114231355,1.4382405746640459
4319,1.4433829951044714,1.4423067663426496,1.4387885292913445
4320,1.4433829951044714,1.4420197893297995,1.4383309556060895
4321,1.4433829951044714,1.4420396958842452,1.4396504690087724
4322,1.4433829951044714,1.4421608074818209,1.4398813900617031
4323,1.4433829951044714,1.4425222315320312,1.4405364561002612
4324,1.4433829951044714,1.442538626027885,1.4399183557879423
4325,1.4433829951044714,1.4426134530088874,1.439298658927726
4326,1.4433829951044714,1.4424371195125167,1.4386201704583572
4327,1.4433829951044714,1.4425866312667726,1.4384360219694277
4328,1.4433829951044714,1.442379993682235,1.4386678290730328
4329,1.4433829951044714,1.4423449887983208,1.437263470838059
4330,1.4433829951044714,1.4422054924420653,1.4384463964646388
4331,1.4433829951044714,1.4418894037175918,1.4371764632714397
4332,1.4433829951044714,1.4418292979125042,1.4367710380842167
4333,1.4433829951044714,1.442553529725514,1.440539852704517
4334,1.4433829951044714,1.4424218104041813,1.4386366007165092
4335,1.4433829951044714,1.4422043362702623,1.4349163842372439
4336,1.4433829951044714,1.4416446534357927,1.432210310885462
4337,1.4433829951044714,1.4414507419265294,1.4311719720257097
4338,1.4433829951044714,1.4418224893925429,1.4354406527639796
4339,1.4433829951044714,1.4419789524540496,1.43671605483299
4340,1.4433829951044714,1.442298268016614,1.4398870958819123
4341,1.4433829951044714,1.4422265677371149,1.434308841902734
4342,1.4433829951044714,1.442017342333693,1.4383316595606435
4343,1.4433829951044714,1.4418655525033683,1.4377783319988044
4344,1.4433829951044714,1.4415346085022294,1.4363644393746249
4345,1.4433829951044714,1.4413268625580287,1.435712961532777
4346,1.4433829951044714,1.4411142696944819,1.4331480176461895
4347,1.4433829951044714,1.4412715032348609,1.43794320023665
4348,1.4433829951044714,1.441198897977482,1.434383165481306
4349,1.4433829951044714,1.4410839021361599,1.436018004218942
4350,1.4433829951044714,1.4409562534324523,1.4324087976441866
4351,1.4433829951044714,1.4414306062425726,1.4293456813383534
4352,1.4433829951044714,1.441515327753998,1.4340211108588132
4353,1.4433829951044714,1.441538024824182,1.4364093965736957
4354,1.4433829951044714,1.4416402629507143,1.4342787796329985
4355,1.4433829951044714,1.441446670182701,1.435056124845536
4356,1.4433829951044714,1.441310018035192,1.438090244614136
4357,1.4433829951044714,1.4410222513997875,1.4355218000328742
4358,1.4433829951044714,1.440991247886356,1.43709959946793
4359,1.4433829951044714,1.4411021151676673,1.437069519573549
4360,1.4433829951044714,1.4410434392349367,1.4351181014984742
4361,1.4433829951044714,1.4414078819966414,1.4364668532092217
4362,1.4433829951044714,1.4416207769408345,1.4368499441540734
4363,1.4433829951044714,1.4415474639271793,1.4329216063412729
4364,1.4433829951044714,1.4417590578046,1.4257665549277585
4365,1.4433829951044714,1.442026956985111,1.438250591581931
4366,1.4433829951044714,1.4417601156317101,1.4275334962626272
4367,1.4433829951044714,1.4420353559719807,1.4356873924790572
4368,1.4433829951044714,1.4419896053536534,1.4381190148364773
4369,1.4433829951044714,1.44191170133496,1.4379285239896546
4370,1.4433829951044714,1.4420502991548054,1.4367057471596456
4371,1.4433829951044714,1.4420681614701913,1.4363897363509062
4372,1.4433829951044714,1.4421856097449781,1.4389095341233493
4373,1.4433829951044714,1.4423671738087154,1.4399202748800122
4374,1.4433829951044714,1.4425900705756183,1.4403158535485814
4375,1.4433829951044714,1.4423171784934883,1.4385249223109031
4376,1.4433829951044714,1.4422606620375322,1.4398606936360787
4377,1.4433829951044714,1.4423215268939222,1.4369643580117268
4378,1.4433829951044714,1.4422924542314712,1.4398392035423406
4379,1.4433829951044714,1.4424958135688908,1.438479784281026
4380,1.4433829951044714,1.4424779980986948,1.4389498170845005
4381,1.4433829951044714,1.4425604748644063,1.4400607263550347
4382,1.4433829951044714,1.4425952585448072,1.4403359571664927
4383,1.4433829951044714,1.4425041761438095,1.439234389104729
4384,1.4434726983164525,1.4422572421771918,1.4317839083933663
4385,1.4434726983164525,1.4424682219098233,1.437712773526017
4386,1.4434726983164525,1.4423327689299281,1.4369585771730913
4387,1.4434726983164525,1.441831770451779,1.426418612294931
4388,1.4434726983164525,1.4421854149467777,1.4349178287388853
4389,1.4434726983164525,1.441995374821425,1.4372836624658931
4390,1.4434726983164525,1.441910692172229,1.4310781688988494
4391,1.4434726983164525,1.4418873407099875,1.4388601455280021
4392,1.4434726983164525,1.442049769481318,1.4393292237774158
4393,1.4434726983164525,1.441793570010256,1.4386038860844863
4394,1.4434726983164525,1.4414806698975449,1.4358454285970603
4395,1.4434726983164525,1.4416454689928573,1.4317783381603153
4396,1.4434726983164525,1.441894684314211,1.4301426554765784
4397,1.4434726983164525,1.4417877534918102,1.4353210760238218
4398,1.4434726983164525,1.4418424764304965,1.4363242128065767
4399,1.4434726983164525,1.441834669775673,1.435468605424191
4400,1.4434726983164525,1.4419503486252432,1.4385207115078278
4401,1.4434726983164525,1.4414342979783967,1.4379184542942198
4402,1.4434726983164525,1.4414017226078326,1.4357163409573523
4403,1.4434726983164525,1.4412522076262388,1.4355153507734486
4404,1.4434726983164525,1.4410603820850654,1.4370262597135675
4405,1.4434726983164525,1.4416647483398728,1.4376843855421062
4406,1.4435447136484068,1.4415363547413287,1.437645139640182
4407,1.4435447136484068,1.441773436585796,1.4345250947117862
4408,1.4435447136484068,1.4415800183339114,1.4380863326870355
4409,1.4435447136484068,1.4420630743626075,1.4393496240924197
4410,1.4435447136484068,1.4421445845749887,1.4393698795427177
4411,1.4435447136484068,1.4421989343751938,1.4394339439123007
4412,1.4435447136484068,1.442542062670308,1.4393691544587308
4413,1.4435447136484068,1.4425661017433,1.4406641422033504
4414,1.4435447136484068,1.4427903531918123,1.4402538863552488
4415,1.4435447136484068,1.4428145560614025,1.4399212168871
4416,1.4435764907224136,1.4427228056306836,1.4393894225063526
4417,1.4435764907224136,1.4426064538246266,1.4395026114448035
4418,1.4435764907224136,1.4428029756957172,1.440777966049203
4419,1.4435764907224136,1.4428869580089776,1.4409767170184085
4420,1.4435764907224136,1.4428312691468566,1.4399354575264298
4421,1.4435764907224136,1.4427918319705144,1.4382927935101648
4422,1.4435764907224136,1.4427094554343531,1.4403570761427198
4423,1.4435764907224136,1.4426965375244276,1.4394163348743343
4424,1.4435764907224136,1.4427935701784882,1.440572560940716
4425,1.4435764907224136,1.442609044942968,1.439958449552965
4426,1.4435764907224136,1.4425911440941,1.4403726445424978
4427,1.4435764907224136,1.4426069651026106,1.4387923612227214
4428,1.4435764907224136,1.4422371832149707,1.429033202843023
4429,1.4435764907224136,1.4416887555434892,1.4286035750591024
4430,1.4435764907224136,1.4417899114734494,1.4312721511433175
4431,1.4435764907224136,1.4419022545918856,1.4385291872183488
4432,1.4435764907224136,1.4418277056536837,1.4363582218274054
4433,1.4435764907224136,1.4419548189148643,1.4375114911146256
4434,1.4435764907224136,1.4414655040117719,1.436136350545671
4435,1.4435764907224136,1.4410760269259162,1.4285613046013887
4436,1.4435764907224136,1.441243553311831,1.4345903766613624
4437,1.4435764907224136,1.4415765215793448,1.436495134646314
4438,1.4435764907224136,1.4422217596492317,1.439516061960541
4439,1.4435764907224136,1.4420352199177882,1.438473817024254
4440,1.4435764907224136,1.4419404392682156,1.4378977623794398
4441,1.4435764907224136,1.4420621020493445,1.438295571406428
4442,1.4435764907224136,1.4417441759948906,1.4359239928475063
4443,1.4435764907224136,1.441466976519721,1.4378096486480936
4444,1.4435764907224136,1.4415021953023157,1.4342580789576629
4445,1.4435764907224136,1.441295311020667,1.432910498413408
4446,1.4435764907224136,1.4411723207328533,1.4311144732423962
4447,1.4435764907224136,1.441455652161502,1.4350618213364033
4448,1.4435764907224136,1.4412241343457908,1.433152838620288
4449,1.4435764907224136,1.441358579123908,1.431538034348618
4450,1.4435764907224136,1.440932910473872,1.435270762961575
4451,1.4435764907224136,1.441336107022015,1.4379492531494864
4452,1.4435764907224136,1.4413017739505758,1.4370591536547739
4453,1.4435764907224136,1.4418387923532878,1.4358413389280171
4454,1.4435764907224136,1.4420874535739865,1.439013676823673
4455,1.4435764907224136,1.442083300686669,1.4354214020496654
4456,1.4435764907224136,1.4418277944526425,1.438696743883708
4457,1.4435764907224136,1.44213780453602,1.4383266784734687
4458,1.4435764907224136,1.4422328964433506,1.4391643910186682
4459,1.4435764907224136,1.441872693936925,1.4366243299440393
4460,1.4435764907224136,1.4422970223746805,1.4398655494900479
4461,1.4435764907224136,1.4424335427629111,1.439821021452932
4462,1.4435764907224136,1.442225252023773,1.4390835406172808
4463,1.4435764907224136,1.4424359976345575,1.43879357926854
4464,1.4435764907224136,1.442219211318597,1.4376618836740271
4465,1.4435764907224136,1.4418638383603568,1.4381361437441096
4466,1.4435764907224136,1.4417801115024833,1.434233751713884
4467,1.4435764907224136,1.4416776188686597,1.4389732849742096
4468,1.4435764907224136,1.4416319841294156,1.436502865085157
4469,1.4435764907224136,1.4419529347957323,1.4368459048819742
4470,1.4435764907224136,1.4419312746750774,1.437709576915326
4471,1.4435764907224136,1.4421398614696344,1.438050435609198
4472,1.4435764907224136,1.4421252593253093,1.4372608864780922
4473,1.4435764907224136,1.4418264919658859,1.4382293088078857
4474,1.4435764907224136,1.44200230241974,1.4380480804225846
4475,1.4435764907224136,1.4418272050103638,1.4335694188716683
4476,1.4435764907224136,1.4418494847363983,1.4359633733902206
4477,1.4435764907224136,1.4417582421506874,1.4383597892158073
4478,1.4435764907224136,1.4418045201517915,1.4391680168251921
4479,1.4435764907224136,1.4421018755368085,1.4382127164836191
4480,1.4435764907224136,1.4417530024087892,1.434243505806882
4481,1.4435764907224136,1.4416959672135983,1.436007310206389
4482,1.4435764907224136,1.4417526653412074,1.4349097866235312
4483,1.4435764907224136,1.4418295915427815,1.4374954976306928
4484,1.4435764907224136,1.4419952503441176,1.438810402903456
4485,1.4435764907224136,1.4422277714394278,1.4383562422989056
4486,1.4435764907224136,1.4422390208335472,1.4395706789196525
4487,1.4435764907224136,1.442538765066074,1.43973726557955
4488,1.4435764907224136,1.4424246045654587,1.4381624034739824
4489,1.4435764907224136,1.442390649643129,1.4379667162625438
4490,1.4435764907224136,1.4424876396035584,1.439556892072144
4491,1.4435764907224136,1.442729630867826,1.4402945290947362
4492,1.4435764907224136,1.442536093212488,1.4388641020257775
4493,1.4435764907224136,1.4425281709920077,1.4392776555084459
4494,1.4435764907224136,1.4422095046610064,1.435404660950807
4495,1.4435764907224136,1.4421767763191815,1.437904904791571
4496,1.4435764907224136,1.441998649639672,1.4369954285754927
4497,1.4435764907224136,1.441796775702128,1.436400262878836
4498,1.4435764907224136,1.441711838189841,1.4354627692115078
4499,1.4435764907224136,1.4416300843094032,1.434844137554672
4500,1.4435764907224136,1.4417278794324302,1.437161375321302
4501,1.4435764907224136,1.441917026808664,1.4372327599026005
4502,1.4435764907224136,1.4415233444288267,1.4354856077323457
4503,1.4435764907224136,1.4416904046389016,1.4374390685506482
4504,1.4435764907224136,1.4416209103098965,1.435372428336926
4505,1.4435764907224136,1.4416960159855672,1.4350379852196582
4506,1.4435764907224136,1.441663263315583,1.4367830575769853
4507,1.4435764907224136,1.4412042238442038,1.4366642992671195
4508,1.4435764907224136,1.4415904509169521,1.437306950743311
4509,1.4435764907224136,1.4416251179460287,1.438610965405626
4510,1.4435764907224136,1.4417144562985462,1.438167583414192
4511,1.4435764907224136,1.4419051159232563,1.4330348599758316
4512,1.4435764907224136,1.4417728334616984,1.4368234956529902
4513,1.4435764907224136,1.44207308516192,1.439653745258939
4514,1.4435764907224136,1.4423311923848923,1.4400406565058055
4515,1.4435764907224136,1.4425617863148323,1.4391589109449368
4516,1.4435764907224136,1.4423976091396287,1.4393920587151743
4517,1.4435764907224136,1.4424172101652784,1.440305761875372
4518,1.4435764907224136,1.4424281281969669,1.4400697512698266
4519,1.4435764907224136,1.4425329467409727,1.4400611931273772
4520,1.4435764907224136,1.442615227147697,1.4390168375210937
4521,1.4435764907224136,1.4425042126094716,1.4375889846335455
4522,1.4435764907224136,1.4423584975082508,1.4379390759016542
4523,1.4435764907224136,1.4423373232801455,1.4375426796563753
4524,1.4435764907224136,1.4415099147019772,1.4341641057332353
4525,1.4435764907224136,1.4416316671170597,1.4232916681728258
4526,1.4435764907224136,1.4420258062788975,1.4373801608495373
4527,1.4435764907224136,1.4420805118590259,1.4371796913091153
4528,1.4435764907224136,1.442106563319412,1.4384643555610284
4529,1.4435764907224136,1.4419140122854837,1.4366072387382878
4530,1.4435764907224136,1.4422586433522744,1.4388400659217704
4531,1.4435764907224136,1.4425469840954994,1.4389011644872605
4532,1.4435764907224136,1.4423234120330468,1.4398613417652206
4533,1.4435764907224136,1.4423777275994853,1.4388472891473472
4534,1.4435764907224136,1.441837501702523,1.435271879249454
4535,1.4435764907224136,1.441891597150688,1.4354454038075464
4536,1.4435764907224136,1.442079252544545,1.433539594209534
4537,1.4435764907224136,1.4419523641352654,1.4381169189393717
4538,1.4435764907224136,1.4418547773953656,1.4388636055668897
4539,1.4435764907224136,1.4419237180146083,1.4388356534934008
4540,1.4435764907224136,1.4418645957133094,1.43699946206817
4541,1.4435764907224136,1.4417824021272836,1.4391375899053316
4542,1.4435764907224136,1.4416835527367007,1.4391946211954358
4543,1.4435764907224136,1.4417003553709526,1.4359542260310039
4544,1.4435764907224136,1.441691623719428,1.4378233597009547
4545,1.4435764907224136,1.4414971061861428,1.437054053064908
4546,1.4435764907224136,1.4417617235877995,1.4393394133459938
4547,1.4435764907224136,1.442336394166646,1.437861097810006
4548,1.4435764907224136,1.4422901268547053,1.4385384420990424
4549,1.4435764907224136,1.442240593007632,1.4386786157356601
4550,1.4435764907224136,1.4419988993650708,1.4335185868991123
4551,1.4435764907224136,1.4420101964697631,1.4353956939269195
4552,1.4435764907224136,1.4420308927559453,1.4380609195387486
4553,1.4435764907224136,1.4424175315912589,1.4362873783696168
4554,1.4435764907224136,1.4423396472356131,1.4393705153340008
4555,1.4435764907224136,1.4423637572517154,1.4339871442402614
4556,1.4435764907224136,1.442274139938913,1.4387784413848839
4557,1.4435764907224136,1.4420087352369817,1.4368312368900975
4558,1.4435764907224136,1.442120255109939,1.4381088636933859
4559,1.4435764907224136,1.442285217522925,1.4378194731987797
4560,1.4435764907224136,1.4421266760261418,1.4395116834809851
4561,1.4435764907224136,1.4422758599020153,1.438735145391162
4562,1.4435764907224136,1.442298520765122,1.4390913276735515
4563,1.4435764907224136,1.4425463725440826,1.4401729374068044
4564,1.4435764907224136,1.442571515229662,1.438344574927815
4565,1.4435764907224136,1.4423544086563367,1.4361541208413178
4566,1.4435764907224136,1.4423411685188805,1.4374241524770741
4567,1.4435764907224136,1.4424823309549726,1.4399666972768959
4568,1.4435764907224136,1.4424608667611687,1.4372593371138667
4569,1.4435764907224136,1.4425238940069287,1.4400486952239346
4570,1.4435764907224136,1.4427335326088562,1.4397814640575466
4571,1.4435764907224136,1.4426187982661056,1.438757888505669
4572,1.4435764907224136,1.442409297227598,1.4395438880715372
4573,1.4435764907224136,1.4425260636763888,1.4388795480547596
4574,1.4435764907224136,1.4424365399199917,1.4390056973263583
4575,1.4435764907224136,1.44237131055733,1.4380719440831842
4576,1.4435764907224136,1.442569007710741,1.4391031118463575
4577,1.4435764907224136,1.4420692319802015,1.4385325022380877
4578,1.4435764907224136,1.4422451125759863,1.4385592144469426
4579,1.4435764907224136,1.4419377671345086,1.4370746116953068
4580,1.4435764907224136,1.4423026487788528,1.4378992580496865
4581,1.4435764907224136,1.4422737606904084,1.4366254411585802
4582,1.4435764907224136,1.4420889801707775,1.4378533285222497
4583,1.4435764907224136,1.4419263305419698,1.4357286652881498
4584,1.4435764907224136,1.4421731454032696,1.436014651921524
4585,1.4435764907224136,1.4418847501091205,1.437292098851432
4586,1.4435764907224136,1.4421527638040956,1.4393321537119905
4587,1.4435764907224136,1.4421546872564832,1.4374842991942294
4588,1.4435764907224136,1.441610598317415,1.4364534807271871
4589,1.4435764907224136,1.4418981691160169,1.435006784846637
4590,1.4435764907224136,1.4418608975315441,1.4387882976372177
4591,1.4435764907224136,1.4415411734806218,1.4315988045758985
4592,1.4435764907224136,1.4410436490144967,1.4255947203393542
4593,1.4435764907224136,1.441056185435112,1.4296715560637467
4594,1.4435764907224136,1.4409524116715273,1.4210811020778051
4595,1.4435764907224136,1.4413969719282453,1.4358624400688507
4596,1.4435764907224136,1.4416617883943457,1.438092984606711
4597,1.4435764907224136,1.4421277283440006,1.439240958849206
4598,1.4435764907224136,1.44175216806191,1.4363510486765845
4599,1.4435764907224136,1.4419619027182904,1.4389176684905312
4600,1.4435764907224136,1.4422472235929382,1.437685560563525
4601,1.4435764907224136,1.4420964317028524,1.4354902223887023
4602,1.4435764907224136,1.4423354592885835,1.4398505950202227
4603,1.4435764907224136,1.442404873883211,1.4406218846172667
4604,1.4435764907224136,1.4423730118834939,1.4396528134746263
4605,1.4435764907224136,1.4424421176987625,1.4396546189411088
4606,1.4435764907224136,1.442014835763876,1.4337732514527521
4607,1.4435764907224136,1.4419412912266352,1.4340523639851903
4608,1.4435764907224136,1.4420546653234938,1.4366835237305224
4609,1.4435764907224136,1.4422413697081282,1.4364132122429327
4610,1.4435764907224136,1.4422239878762122,1.4359017467596982
4611,1.4435764907224136,1.4421593777581123,1.4357096308714277
4612,1.4435764907224136,1.4420937086413483,1.4368003619903873
4613,1.4435764907224136,1.4420773910724154,1.4374735215472572
4614,1.4435764907224136,1.4424284527103646,1.440604152833037
4615,1.4435764907224136,1.4420885261071337,1.4349437020884244
4616,1.4435764907224136,1.4419016703808916,1.4290870755427654
4617,1.4435764907224136,1.4417966653612801,1.431383920986013
4618,1.4435764907224136,1.4417123569422572,1.4365235277640733
4619,1.4435764907224136,1.441511932409181,1.4331258023320732
4620,1.4435764907224136,1.4417950784625377,1.4384722728046422
4621,1.4435764907224136,1.441926173026649,1.4388836717612805
4622,1.4435764907224136,1.4420331661522754,1.4380287122899842
4623,1.4435764907224136,1.4418579358845685,1.4378174211658254
4624,1.4435764907224136,1.4420045457478963,1.4347177548818988
4625,1.4435764907224136,1.4419123230246242,1.439529976952405
4626,1.4435764907224136,1.442164692183225,1.4399400585642474
4627,1.4435764907224136,1.4420139432610513,1.4360857365474111
4628,1.4435764907224136,1.4420307927998368,1.4380057496798957
4629,1.4435764907224136,1.4417694617868582,1.4376440347008335
4630,1.4435764907224136,1.4412680385413605,1.4257356193163964
4631,1.4435764907224136,1.4414241511326773,1.4352106783293934
4632,1.4435764907224136,1.441751643474359,1.438321755901486
4633,1.4435764907224136,1.442124697319451,1.4373941648908481
4634,1.4435764907224136,1.441512340818821,1.4337297747607958
4635,1.4435764907224136,1.4415444840297706,1.4351559412308696
4636,1.4435764907224136,1.4414832183705166,1.4352278573319939
4637,1.4435764907224136,1.441492331968006,1.4362237154608195
4638,1.4435764907224136,1.441977134828534,1.4376328518787544
4639,1.4435764907224136,1.4417769682502035,1.435313738042893
4640,1.4435764907224136,1.441782863776243,1.4346010676941745
4641,1.4435764907224136,1.4419826508050617,1.4357938930349048
4642,1.4435764907224136,1.442037793030561,1.4365328085859037
4643,1.4435764907224136,1.4422347038639827,1.4345110603960345
4644,1.4435764907224136,1.44237315679663,1.4380524921957392
4645,1.4435764907224136,1.441910586874282,1.4374845722308711
4646,1.4435764907224136,1.4417043123775555,1.438041852985146
4647,1.4435764907224136,1.4415270700735585,1.436322694624946
4648,1.4435764907224136,1.4417101553609453,1.4356816851426735
4649,1.4435764907224136,1.4410912957761395,1.4376518341045155
4650,1.4435764907224136,1.4413283316957382,1.4371669603417108
4651,1.4435764907224136,1.4418686340934348,1.4349157141684663
4652,1.4435764907224136,1.441478738535466,1.4330422038501114
4653,1.4435764907224136,1.4414394915559807,1.43342978246632
4654,1.4435764907224136,1.4411780494578408,1.436967553944155
4655,1.4435764907224136,1.4413765864422226,1.4371510364454725
4656,1.4435764907224136,1.4410923098530752,1.4313444820339407
4657,1.4435764907224136,1.440970601867665,1.4359154492591644
4658,1.4435764907224136,1.4409775907984481,1.4366090068533666
4659,1.4435764907224136,1.441106006425873,1.435828812625164
4660,1.4435764907224136,1.4414507225850255,1.4370078550979706
4661,1.4435764907224136,1.4414806092639543,1.4323813458658894
4662,1.4435764907224136,1.4418362619983462,1.4356908128783967
4663,1.4435764907224136,1.4420569304357804,1.4348832040109605
4664,1.4435764907224136,1.442139875548873,1.4383372356984854
4665,1.4435764907224136,1.4422525717370949,1.4384682727275382
4666,1.4435764907224136,1.4423900130423504,1.4375703572886058
4667,1.4435764907224136,1.4420210071987598,1.4377797405551072
4668,1.4435764907224136,1.442143503666344,1.4387673272648909
4669,1.4435764907224136,1.44243125735222,1.4406765781611717
4670,1.4435764907224136,1.442794152318258,1.4408601077209777
4671,1.4435764907224136,1.4426604485535555,1.438359881443043
4672,1.4435764907224136,1.4427240096955787,1.4392744749922148
4673,1.4435764907224136,1.4426021677928418,1.4396954181575639
4674,1.4435764907224136,1.4427506270796144,1.4392311987823967
4675,1.4435764907224136,1.4428393114926472,1.440193030757668
4676,1.4435764907224136,1.4425412982429855,1.4382073612507968
4677,1.4435764907224136,1.442096817619191,1.4374390041890495
4678,1.4435764907224136,1.4420473013488146,1.4390732118247167
4679,1.4435764907224136,1.4418930072513667,1.4363825534037997
4680,1.4435764907224136,1.441015822182024,1.4275982529603075
4681,1.4435764907224136,1.4417097986643812,1.430201254192245
4682,1.4435764907224136,1.4415702190658761,1.4379658901147276
4683,1.4435764907224136,1.4420199466191406,1.4362980032891446
4684,1.4435764907224136,1.4418780794692407,1.4368562380534697
4685,1.4435764907224136,1.4415416605787865,1.438151179474982
4686,1.4435764907224136,1.441586372622544,1.4328508547573964
4687,1.4435764907224136,1.4414025487342341,1.4359655965679576
4688,1.4435764907224136,1.4418197607472596,1.4377446899605526
4689,1.4435764907224136,1.4414185391015146,1.435077595204144
4690,1.4435764907224136,1.4415776208822737,1.4332044512441746
4691,1.4435764907224136,1.4417074996992176,1.4363391527951577
4692,1.4435764907224136,1.4421927021813439,1.438866544905514
4693,1.4435764907224136,1.4424531502323856,1.440432326569975
4694,1.4435764907224136,1.442280950901435,1.4393594833081624
4695,1.4435764907224136,1.4423678333597525,1.4388971483737532
4696,1.4435764907224136,1.4423615189457817,1.440150810701522
4697,1.4435764907224136,1.4418201118464316,1.436329969981222
4698,1.4435764907224136,1.441843677663048,1.4304814457046215
4699,1.4435764907224136,1.4413653575366328,1.4317089816251702
4700,1.4435764907224136,1.4408041961398736,1.4348296601707695
4701,1.4435764907224136,1.4408927405402279,1.4356742450186142
4702,1.4435764907224136,1.4410948649963076,1.4364291205830615
4703,1.4435764907224136,1.4416945207047447,1.4377171881610078
4704,1.4435764907224136,1.441764032104497,1.4357614598359514
4705,1.4435764907224136,1.4419445003873477,1.4365894074075785
4706,1.4435764907224136,1.442018841531218,1.4387397367033052
4707,1.4435764907224136,1.442257895284058,1.4386646301643435
4708,1.4435764907224136,1.4422342604773697,1.4393506600028823
4709,1.4435764907224136,1.4423245086482088,1.4388839220108687
4710,1.4435764907224136,1.4423994307674366,1.4402753266971056
4711,1.4435764907224136,1.4423933707074303,1.4377944646748788
4712,1.4435764907224136,1.442482117038249,1.4374977917001677
4713,1.4435764907224136,1.4427325446650503,1.439113295517184
4714,1.4435764907224136,1.4429192084996,1.4410871754400865
4715,1.4435764907224136,1.4428487521271551,1.4404124843367612
4716,1.4435764907224136,1.442771198630652,1.4392831148676448
4717,1.4435764907224136,1.4426831125637296,1.439865020449842
4718,1.4435764907224136,1.4423027013121705,1.437430146328055
4719,1.4435764907224136,1.4425836174319928,1.4391368895915895
4720,1.4435764907224136,1.4423344956880908,1.4403508794818232
4721,1.4435764907224136,1.4423941549004755,1.4382135999277763
4722,1.4435764907224136,1.4424251881007581,1.4392726844275343
4723,1.4435764907224136,1.4423121995290942,1.4371095322676684
4724,1.4435764907224136,1.442235485566444,1.434735441532323
4725,1.4435764907224136,1.441976352726045,1.4383141659490521
4726,1.4435764907224136,1.4418603335299935,1.436670711727528
4727,1.4435764907224136,1.441939006121631,1.4360466676527632
4728,1.4435764907224136,1.441848833318812,1.43044020410603
4729,1.4435764907224136,1.4418065571617185,1.436510801177296
4730,1.4435764907224136,1.4419492360562465,1.4363691673661847
4731,1.4435764907224136,1.4417848770651847,1.437904394623955
4732,1.4435764907224136,1.4418935014706948,1.439169287691508
4733,1.4435764907224136,1.4418261788872562,1.4343266891758815
4734,1.4435764907224136,1.4418001959357882,1.4378039782701175
4735,1.4435764907224136,1.4416116312987524,1.4354040047045185
4736,1.4435764907224136,1.4420955849527064,1.4390721911684534
4737,1.4435764907224136,1.4423755697864125,1.4399563840433764
4738,1.4435764907224136,1.4422812631713604,1.43816919282328
4739,1.4435764907224136,1.4421966289795218,1.4385755441299763
4740,1.4435764907224136,1.4420411256618084,1.4389078799169521
4741,1.4435764907224136,1.4419051677804455,1.4363912215396908
4742,1.4435764907224136,1.4418808238784226,1.4343842684071937
4743,1.4435764907224136,1.44219508665625,1.4386699887833048
4744,1.4435764907224136,1.4419708742711408,1.436080810259083
4745,1.4435764907224136,1.4417745365860042,1.434628243794637
4746,1.4435764907224136,1.4417284329934383,1.437018481731121
4747,1.4435764907224136,1.4416893505243311,1.439392105039288
4748,1.4435764907224136,1.4418538281179565,1.4374962586770967
4749,1.4435764907224136,1.442100554042575,1.4382716237261666
4750,1.4435764907224136,1.4423167603693168,1.4384103896509217
4751,1.4435764907224136,1.4424454550167483,1.4383544937525945
4752,1.4435764907224136,1.4424229586122577,1.44033853044321
4753,1.4435764907224136,1.4424792376541373,1.438337776249772
4754,1.4435764907224136,1.4423296493972178,1.4387243382502795
4755,1.4435764907224136,1.44209632284309,1.4375852717707849
4756,1.4435764907224136,1.4418414915509195,1.4356563331395304
4757,1.4435764907224136,1.442070669215443,1.4355196354250364
4758,1.4435764907224136,1.4416569543509459,1.4307656998842604
4759,1.4435764907224136,1.4416065975377415,1.4368589494783883
4760,1.4435764907224136,1.4416212119037035,1.4370335560954315
4761,1.4435764907224136,1.4416205372985862,1.43685974417954
4762,1.4435764907224136,1.4418019685654357,1.4388427476227723
4763,1.4435764907224136,1.4423139349771206,1.4401373622771247
4764,1.4435764907224136,1.4423881514233503,1.4372454948167863
4765,1.4435764907224136,1.4423843530875735,1.440501759988784
4766,1.4435764907224136,1.442356959778362,1.4385244716767975
4767,1.4435764907224136,1.4419379523646074,1.4366939714826876
4768,1.4435764907224136,1.4418818384492451,1.4355515703744455
4769,1.4435764907224136,1.4418756182556862,1.43889904645767
4770,1.4435764907224136,1.442020319534005,1.4308859937142497
4771,1.4435764907224136,1.4421977858338884,1.438242612562826
4772,1.4435764907224136,1.4421336539991234,1.4369806771369587
4773,1.4435764907224136,1.4418599847863418,1.4367746414297409
4774,1.4435764907224136,1.441876657827184,1.4376529571994392
4775,1.4435764907224136,1.441918330742694,1.4332086248871743
4776,1.4435764907224136,1.4413295641679056,1.4377551109291744
4777,1.4435764907224136,1.4412444163198692,1.4372907879020316
4778,1.4435764907224136,1.4415541965077276,1.43845141526787
4779,1.4435764907224136,1.4419595287248075,1.438217037530021
4780,1.4435764907224136,1.4419867011074348,1.4397306125632572
4781,1.4435764907224136,1.4420571989660262,1.4340879089818368
4782,1.4435764907224136,1.4418960946938824,1.4379620891602967
4783,1.4435764907224136,1.4423382862634073,1.4393491432827485
4784,1.4435764907224136,1.4425176268355415,1.4406584997090024
4785,1.4435764907224136,1.4423347806015436,1.4394595417722018
4786,1.4435764907224136,1.4423363920127885,1.4388178010413017
4787,1.4435764907224136,1.442390178978062,1.4393788618924708
4788,1.4435764907224136,1.4426001362279817,1.4402789178966295
4789,1.4435764907224136,1.4428703247334702,1.4405369730198205
4790,1.4435764907224136,1.4428241595803586,1.4410045284708666
4791,1.4435764907224136,1.4427739606106764,1.4368928064974584
4792,1.4435764907224136,1.442576957198769,1.4398293308725791
4793,1.4435764907224136,1.4424805964814231,1.4399026102744084
4794,1.4435764907224136,1.4421122376363273,1.4379268963074756
4795,1.4435764907224136,1.4414629525270792,1.434406004100867
4796,1.4435764907224136,1.4412268821849223,1.4310475073406563
4797,1.4435764907224136,1.4413170061333622,1.4370060130407298
4798,1.4435764907224136,1.4414531428016784,1.4371557725691166
4799,1.4435764907224136,1.441203556476846,1.4372972146311012
4800,1.4435764907224136,1.4413550801400472,1.436998285247008
4801,1.4435764907224136,1.4416374273274493,1.4378041251075915
4802,1.4435764907224136,1.442271544122282,1.4389491331050033
4803,1.4435764907224136,1.4423114885726338,1.4383811036415635
4804,1.4435764907224136,1.4425198715228351,1.4385426157895913
4805,1.4435764907224136,1.4425221939246395,1.440709253324301
4806,1.4435764907224136,1.4423618650628476,1.4391763612615502
4807,1.4435764907224136,1.4424430887314308,1.438586244660535
4808,1.4435764907224136,1.4423601387183271,1.4377454357730293
4809,1.4435764907224136,1.442123148331022,1.4381531580808085
4810,1.4435764907224136,1.4421049622627231,1.432372611840788
4811,1.4435764907224136,1.4420290221145395,1.439019433013713
4812,1.4435764907224136,1.4417585995838504,1.4329377953038789
4813,1.4435764907224136,1.44149839616566,1.4361378891435017
4814,1.4435764907224136,1.4418705785125312,1.4338418608004233
4815,1.4435764907224136,1.4414450222429116,1.4376332264026377
4816,1.4435764907224136,1.440946730658866,1.4238502726873983
4817,1.4435764907224136,1.4403621274308256,1.4356895119982571
4818,1.4435764907224136,1.440119776523361,1.4298634403901518
4819,1.4435764907224136,1.439705744270571,1.4288483295347862
4820,1.4435764907224136,1.4397053519576597,1.424049513875375
4821,1.4435764907224136,1.4395456887919647,1.4272542601886975
4822,1.4435764907224136,1.4394917681765498,1.4227513647294363
4823,1.4435764907224136,1.439308159537618,1.427519346854836
4824,1.4435764907224136,1.4400261714845621,1.4274004392576205
4825,1.4435764907224136,1.439893187400676,1.4290043778662014
4826,1.4435764907224136,1.4404358915146886,1.432930752594107
4827,1.4435764907224136,1.440765439032107,1.4308143001971592
4828,1.4435764907224136,1.4407353294385046,1.4368996827597746
4829,1.4435764907224136,1.4411772289962592,1.4347314461598208
4830,1.4435764907224136,1.4412214809203092,1.4349835256788144
4831,1.4435764907224136,1.4412865447427514,1.4352184268604886
4832,1.4435764907224136,1.4408869880219293,1.4318422825539803
4833,1.4435764907224136,1.4411387590435445,1.423911382644567
4834,1.4435764907224136,1.4408535048572295,1.4374944706114248
4835,1.4435764907224136,1.441322448926744,1.4344530035070662
4836,1.4435764907224136,1.441454651022522,1.4365947862796309
4837,1.4435764907224136,1.441765218327808,1.4367253858930389
4838,1.4435764907224136,1.4415820228912415,1.434845118049738
4839,1.4435764907224136,1.441753978461771,1.438540165676343
4840,1.4435764907224136,1.44162710065677,1.4319531289662968
4841,1.4435764907224136,1.4420244372263233,1.4377531778260173
4842,1.4435764907224136,1.4423026504319312,1.4387864830131283
4843,1.4435764907224136,1.4425177577911814,1.4398770330174555
4844,1.4435764907224136,1.4421848830805013,1.4347687734786458
4845,1.4435764907224136,1.4420601693359876,1.4375059646886952
4846,1.4435764907224136,1.4417986811068488,1.4370638389642023
4847,1.4435764907224136,1.441856800190362,1.435192404017334
4848,1.4435764907224136,1.442017761687521,1.4370398664012936
4849,1.4435764907224136,1.4418659051227882,1.4390549336831413
4850,1.4435764907224136,1.4416751117977995,1.4372342934642495
4851,1.4435764907224136,1.4412850287273349,1.4332360245024611
4852,1.4435764907224136,1.4413614522519458,1.436704128264217
4853,1.4435963120454807,1.4414241743278862,1.434964980669532
4854,1.4435963120454807,1.4410791414820914,1.4296211564792265
4855,1.4435963120454807,1.4412180074486765,1.4298258792262126
4856,1.4435963120454807,1.4400057549296248,1.4274910337722788
4857,1.4435980461297135,1.4408385448417165,1.4336796305028277
4858,1.4435980461297135,1.4414944174301627,1.43431032459342
4859,1.4435980461297135,1.4418394202842995,1.4361433132083692
4860,1.4435980461297135,1.4417983288131964,1.4367993191682695
4861,1.4435980461297135,1.4417083940375162,1.4354409028391382
4862,1.4435980461297135,1.4415296933083637,1.4331319903364081
4863,1.4435980461297135,1.4411939740086697,1.4339729071197347
4864,1.4435980461297135,1.4419502681606269,1.4362990100510515
4865,1.4435980461297135,1.442275280169949,1.439278817341553
4866,1.4435980461297135,1.4424309917114946,1.4384947163707094
4867,1.4435980461297135,1.4421492098103976,1.4381062259332147
4868,1.4435980461297135,1.4421593773205146,1.4392388821924273
4869,1.4435980461297135,1.4420970919198277,1.43626298573986
4870,1.4435980461297135,1.4419525917970193,1.434593127468861
4871,1.4435980461297135,1.4422899877182116,1.4363931914860968
4872,1.4435980461297135,1.442039403018403,1.4367970463744506
4873,1.4435980461297135,1.4418419563812837,1.4379196511972565
4874,1.4435980461297135,1.4411609939784045,1.4355013447300755
4875,1.4435980461297135,1.4408299234989224,1.43162478945261
4876,1.4435980461297135,1.441116061287525,1.4342140061753756
4877,1.4435980461297135,1.4416613745610556,1.4376107333070196
4878,1.4435980461297135,1.4419428670183936,1.4379410792374339
4879,1.4435980461297135,1.4417356427172132,1.4366073050763248
4880,1.4435980461297135,1.4418213188099356,1.435910703012304
4881,1.4435980461297135,1.4419799929280037,1.4354096181457203
4882,1.4435980461297135,1.4418839459075052,1.4366721254482742
4883,1.4435980461297135,1.4414657551867145,1.4378458917511987
4884,1.4435980461297135,1.4413095028403626,1.4377678490872423
4885,1.4435980461297135,1.4411813912760874,1.4379131038330168
4886,1.4435980461297135,1.4410845380428925,1.4347695571220898
4887,1.4435980461297135,1.440882843961178,1.436801740894654
4888,1.4435980461297135,1.4409878001876595,1.4358025901072025
4889,1.4435980461297135,1.441207539156184,1.4350136902444666
4890,1.4435980461297135,1.4410492503164474,1.4313267576850521
4891,1.4435980461297135,1.441081563961048,1.4361185150777038
4892,1.4435980461297135,1.441578261388853,1.4375094875527592
4893,1.4435980461297135,1.4421277879055947,1.4377519040073063
4894,1.4435980461297135,1.4419112101180156,1.4380867278658385
4895,1.4435980461297135,1.4422522896960124,1.4393220052874671
4896,1.4435980461297135,1.4420197993197934,1.4360375031218686
4897,1.4435980461297135,1.44203007482984,1.4331558092746242
4898,1.4435980461297135,1.4418543080418633,1.4356646569514466
4899,1.4435980461297135,1.4420587133842588,1.437970164163446
4900,1.4435980461297135,1.4423311661403286,1.4385018923870911
4901,1.4435980461297135,1.4423453324819826,1.43792116602478
4902,1.4435980461297135,1.4417983380212291,1.438466183641186
4903,1.4435980461297135,1.4417993179850992,1.4382638850464924
4904,1.4435980461297135,1.4420814615965358,1.4396278325912
4905,1.4435980461297135,1.4419051618504595,1.431648958872287
4906,1.4435980461297135,1.4417824479207124,1.4381912295414891
4907,1.4435980461297135,1.4420990023568316,1.4395507850685558
4908,1.4435980461297135,1.4421310443009836,1.437466269847445
4909,1.4435980461297135,1.4418711838966807,1.4362944075119324
4910,1.4435980461297135,1.4416097809386494,1.4330981520540609
4911,1.4435980461297135,1.4410572112395081,1.4277122086361134
4912,1.4435980461297135,1.4412168213198593,1.4357233005151155
4913,1.4435980461297135,1.441415482866013,1.4355633636103515
4914,1.4435980461297135,1.4411318066346208,1.433417277945387
4915,1.4435980461297135,1.441244451249564,1.4376544658484423
4916,1.4435980461297135,1.44101580967027,1.4339549009091956
4917,1.4435980461297135,1.4414307159653097,1.437620861792171
4918,1.4435980461297135,1.441596589088126,1.4388779468965867
4919,1.4435980461297135,1.4417799801234532,1.438360409781889
4920,1.4435980461297135,1.4420128673831436,1.4371736896265446
4921,1.4435980461297135,1.4421962703966247,1.4399026810144708
4922,1.4435980461297135,1.4422247223432467,1.4403021241570662
4923,1.4435980461297135,1.4423418045995646,1.435060765529664
4924,1.4435980461297135,1.4424866851895743,1.4390970590021905
4925,1.4435980461297135,1.4424709937973257,1.4376890021050994
4926,1.4435980461297135,1.4424765267469797,1.4402539205797833
4927,1.4435980461297135,1.4421643468360223,1.439215586187983
4928,1.4435980461297135,1.442043788452973,1.4382813696996326
4929,1.4435980461297135,1.4419901704671043,1.4368841719602283
4930,1.4435980461297135,1.4418491123171282,1.4385762982864847
4931,1.4435980461297135,1.4419303745596108,1.437647509403296
4932,1.4435980461297135,1.4414978135372842,1.435749567287265
4933,1.4435980461297135,1.4413461844418272,1.433117824641955
4934,1.4435980461297135,1.4411062930568057,1.4333054387416673
4935,1.4435980461297135,1.4405841058013567,1.426830739948544
4936,1.4435980461297135,1.4403848227319294,1.4330438141302508
4937,1.4435980461297135,1.4404933563958304,1.4337053482146989
4938,1.4435980461297135,1.44096148915683,1.435890911508429
4939,1.4435980461297135,1.4408869346034177,1.431500672740639
4940,1.4435980461297135,1.4410993747339256,1.4313211574646911
4941,1.4435980461297135,1.4411351589945145,1.435793007064143
4942,1.4435980461297135,1.4409755369075044,1.4341707206610426
4943,1.4435980461297135,1.4405872280745697,1.4298237124532946
4944,1.4435980461297135,1.4409917043836702,1.4374301803974496
4945,1.4435980461297135,1.4409829705090254,1.4317965794814513
4946,1.4435980461297135,1.4404015866467637,1.4340356282467672
4947,1.4435980461297135,1.4402722526315224,1.433668137821742
4948,1.4435980461297135,1.4407987505195248,1.430701864391572
4949,1.4435980461297135,1.4402050431666173,1.4346677068209417
4950,1.4435980461297135,1.4402308085091682,1.432782688132512
4951,1.4435980461297135,1.440414966834317,1.4355355732099457
4952,1.4435980461297135,1.4409559977716333,1.4360936872593164
4953,1.4435980461297135,1.4406452865413604,1.4350127091197364
4954,1.4435980461297135,1.4403986764754158,1.4296880367552907
4955,1.4435980461297135,1.440588602869176,1.4353056436057379
4956,1.4435980461297135,1.4404335077786277,1.4272469684519664
4957,1.4435980461297135,1.4409753391732176,1.4368834049915122
4958,1.4435980461297135,1.4408408598080025,1.4261630158145242
4959,1.4435980461297135,1.4409978490284794,1.4361066093815942
4960,1.4435980461297135,1.4406861607420063,1.4319605738787067
4961,1.4435980461297135,1.4408505438354537,1.433965526671727
4962,1.4435980461297135,1.4406746762776768,1.434887380765319
4963,1.4435980461297135,1.4403308711984188,1.432908855982094
4964,1.4435980461297135,1.4405990982567716,1.4327788461343487
4965,1.4435980461297135,1.440253722363265,1.4277765454425713
4966,1.4435980461297135,1.4398462090276276,1.432989585990329
4967,1.4435980461297135,1.4408306391702153,1.4328606801559483
4968,1.4435980461297135,1.4412398981640506,1.4368898272438673
4969,1.4435980461297135,1.4415234875814722,1.4351846945689386
4970,1.4435980461297135,1.4411508102124437,1.4279520864897068
4971,1.4435980461297135,1.440566251329191,1.4349991142094423
4972,1.4435980461297135,1.4411015574222514,1.4301213027907038
4973,1.4435980461297135,1.4409003630810242,1.4298474569750708
4974,1.4435980461297135,1.4408399640728362,1.4342022985408471
4975,1.4435980461297135,1.441067034427462,1.4298759921188813
4976,1.4435980461297135,1.4412580358998324,1.4350300255552297
4977,1.4435980461297135,1.4413645162618556,1.4355295407444073
4978,1.4435980461297135,1.4414223224431104,1.4329795088879225
4979,1.4435980461297135,1.4416334324587148,1.4339218950144148
4980,1.4435980461297135,1.4419721246658352,1.434658942232957
4981,1.4435980461297135,1.4419218526345308,1.4374078709070053
4982,1.4435980461297135,1.4420896713525548,1.4388214951203622
4983,1.4435980461297135,1.4421754294313012,1.4383935780984336
4984,1.4435980461297135,1.4418827277821047,1.4379478893693243
4985,1.4435980461297135,1.4418516943728716,1.435661217268429
4986,1.4435980461297135,1.4420583501910549,1.436584738666268
4987,1.4435980461297135,1.4420042936733182,1.4362393813684569
4988,1.4435980461297135,1.4416952961280318,1.4381131587020808
4989,1.4435980461297135,1.4419950021338213,1.4356821035767795
4990,1.4435980461297135,1.4417293805446725,1.4378767628230207
4991,1.4435980461297135,1.4418609553872492,1.4363632756303366
4992,1.4435980461297135,1.4413185079585988,1.4381185883293752
4993,1.4435980461297135,1.4412591326192028,1.4366501195295986
4994,1.4435980461297135,1.4415381555621125,1.4346091641610228
4995,1.4435980461297135,1.4412336329255369,1.437107434429167
4996,1.4435980461297135,1.441649171502672,1.4373007041284263
4997,1.4435980461297135,1.4416414781997364,1.4374261259192191
4998,1.4435980461297135,1.441729568883213,1.4390269436278256
4999,1.4435980461297135,1.441856552436089,1.4387489468027623
5000,1.4435980461297135,1.4417296416579761,1.4373667487995763
5001,1.4435980461297135,1.4413894250997796,1.4332662205815274
5002,1.4435980461297135,1.441074430756698,1.4344386170234984
5003,1.4435980461297135,1.4414593225670902,1.4373158985124088
5004,1.4435980461297135,1.4412367586686412,1.4373436434523787
5005,1.4435980461297135,1.4411379826119892,1.4309251489123906
5006,1.4435980461297135,1.4408977869510349,1.4371920733137482
5007,1.4435980461297135,1.4411402984343633,1.4364427848085537
5008,1.4435980461297135,1.4412281138934937,1.4365565323726381
5009,1.4435980461297135,1.440770325141009,1.4361667835773873
5010,1.4435980461297135,1.440748305502022,1.4331675011301428
5011,1.4435980461297135,1.4408274069211071,1.430270226757813
5012,1.4435980461297135,1.4406946191473569,1.4340590451898705
5013,1.4435980461297135,1.4402193638024436,1.4317028377189367
5014,1.4435980461297135,1.4401363425015028,1.43257659083199
5015,1.4435980461297135,1.4403857320631226,1.4313694425166614
5016,1.4435980461297135,1.4402843131464926,1.4340136943816972
5017,1.4435980461297135,1.4403501222339543,1.435692912174592
5018,1.4435980461297135,1.4407976961603086,1.4355757909462343
5019,1.4435980461297135,1.4410746863448822,1.4350784694961358
5020,1.4435980461297135,1.4415758311882831,1.4376092429549319
5021,1.4435980461297135,1.4412246444711088,1.4342055541668617
5022,1.4435980461297135,1.4412156076321534,1.4366563322265067
5023,1.4435980461297135,1.4414958654047385,1.4373784080039322
5024,1.4435980461297135,1.4416465554111877,1.4355606265236227
5025,1.4435980461297135,1.441384110676257,1.4340852691070922
5026,1.4435980461297135,1.4410947238587313,1.4366035560276662
5027,1.4435980461297135,1.441356497506568,1.4362692048241636
5028,1.4435980461297135,1.4413689998688466,1.4368143741798618
5029,1.4435980461297135,1.441424009944289,1.4362786184875684
5030,1.4435980461297135,1.4411828017143116,1.433965747217796
5031,1.4435980461297135,1.4408074879643318,1.43567072055352
5032,1.4435980461297135,1.441006617459279,1.4354883007546242
5033,1.4435980461297135,1.4412765023831386,1.4354887922540158
5034,1.4435980461297135,1.4417767811068851,1.434520214066792
5035,1.4435980461297135,1.4415382181916052,1.4370018702220684
5036,1.4435980461297135,1.4414998426088081,1.4349856475765288
5037,1.4435980461297135,1.4413827094261984,1.4351926936189487
5038,1.4435980461297135,1.4410627195828247,1.4358796669426352
5039,1.4435980461297135,1.4408387079347043,1.4323096877239783
5040,1.4435980461297135,1.4405576274650296,1.4339775575310882
5041,1.4435980461297135,1.4403619369957987,1.4290569676513556
5042,1.4435980461297135,1.441105294587456,1.4356313770169833
5043,1.4435980461297135,1.4409709005390803,1.4335594037434436
5044,1.4435980461297135,1.4411210108459667,1.4365787026916534
5045,1.4435980461297135,1.4403165096769237,1.423676933378576
5046,1.4435980461297135,1.4395961609786305,1.428688315964336
5047,1.4435980461297135,1.4396925741735958,1.420241736426338
5048,1.4435980461297135,1.4399327135977416,1.4253878518649947
5049,1.4435980461297135,1.4404195170532281,1.4267796956734922
5050,1.4435980461297135,1.4401493937073848,1.4339565379118133
5051,1.4435980461297135,1.4402217610160855,1.4318717893456
5052,1.4435980461297135,1.4406857928595052,1.4279428745040057
5053,1.4435980461297135,1.4401534428937495,1.4251609804181433
5054,1.4435980461297135,1.4398718949560125,1.4304264793688843
5055,1.4435980461297135,1.4407089908893302,1.425021762174801
5056,1.4435980461297135,1.4400521641568338,1.430886898375622
5057,1.4435980461297135,1.4410303112599872,1.4338955639496525
5058,1.4435980461297135,1.4414465921398594,1.4367702652092316
5059,1.4435980461297135,1.4418764018800698,1.4393802062462828
5060,1.4435980461297135,1.4419921326090428,1.4344269068908546
5061,1.4435980461297135,1.4415598760583384,1.4343718746117835
5062,1.4435980461297135,1.4413496683591678,1.4274440192715407
5063,1.4435980461297135,1.4415649357887101,1.4227960779700684
5064,1.4435980461297135,1.441312114638268,1.4367831785093177
5065,1.4435980461297135,1.4417540733590832,1.4365727490199174
5066,1.4435980461297135,1.441887054972686,1.4349841719938263
5067,1.4435980461297135,1.4421987444660858,1.4373806135720193
5068,1.4435980461297135,1.4424896939844545,1.4398400382333945
5069,1.4435980461297135,1.4422015871261693,1.4388967582833567
5070,1.4435980461297135,1.44206325804264,1.437843734033573
5071,1.4435980461297135,1.442118575067955,1.433929114923383
5072,1.4435980461297135,1.4422895345365907,1.4372457388022266
5073,1.4435980461297135,1.4423021483806435,1.4380759424986402
5074,1.4435980461297135,1.4427172634962069,1.4399429959322643
5075,1.4435980461297135,1.4425535619439933,1.4402389996934903
5076,1.4435980461297135,1.442486683968301,1.4395440690308803
5077,1.4435980461297135,1.4426068550455642,1.4408179902583196
5078,1.4435980461297135,1.4420289069677914,1.4349582295233398
5079,1.4435980461297135,1.4417327372811126,1.4358612747109032
5080,1.4435980461297135,1.4418159923198914,1.4344217836246878
5081,1.4435980461297135,1.4413219690444772,1.4318914623199164
5082,1.4435980461297135,1.440124170859366,1.43024038917191
5083,1.4435980461297135,1.4401152942778308,1.4285891292875152
5084,1.4435980461297135,1.4397490741537302,1.4257953542158894
5085,1.4435980461297135,1.4392453344968232,1.4295223973909608
5086,1.4435980461297135,1.4389466911570366,1.4175484215743925
5087,1.4435980461297135,1.440009158948277,1.4259962400221633
5088,1.4435980461297135,1.4403534770305984,1.4342984190143093
5089,1.4435980461297135,1.4403682221310155,1.4364074360947736
5090,1.4435980461297135,1.441052261582555,1.4370563464393067
5091,1.4435980461297135,1.4411931485751475,1.4328105589512925
5092,1.4435980461297135,1.4408777512939286,1.4354513586241777
5093,1.4435980461297135,1.4413138843667426,1.4359870552860383
5094,1.4435980461297135,1.4415442056596293,1.43614268579983
5095,1.4435980461297135,1.4414103366852191,1.4387492002564024
5096,1.4435980461297135,1.4417110277382867,1.4361164014601886
5097,1.4435980461297135,1.4415346336259793,1.4357201187413395
5098,1.4435980461297135,1.441159737866872,1.43319122371968
5099,1.4435980461297135,1.4410316256542712,1.4334211712501743
5100,1.4435980461297135,1.4405772061037094,1.42967944289609
5101,1.4435980461297135,1.4406870459485486,1.4314100148298052
5102,1.4435980461297135,1.441447457438707,1.4318736524881288
5103,1.4435980461297135,1.441468746578159,1.4339671499002316
5104,1.4435980461297135,1.4414761992160308,1.4305885490694896
5105,1.4435980461297135,1.4414852509245537,1.4374751855274002
5106,1.4435980461297135,1.4419655892004806,1.4366177984086612
5107,1.4435980461297135,1.4416832811812181,1.4381526653241654
5108,1.4435980461297135,1.4419452982245522,1.437069940612495
5109,1.4435980461297135,1.4421018383697586,1.4386122633899099
5110,1.4435980461297135,1.4419536361545002,1.4373651807406396
5111,1.4435980461297135,1.4419254420321,1.4359827672362135
5112,1.4435980461297135,1.4416085557159934,1.4370924161547085
5113,1.4435980461297135,1.4414988540361318,1.4328615714866393
5114,1.4435980461297135,1.441413559902084,1.4315856546991559
5115,1.4435980461297135,1.4417296156731947,1.4389006288152817
5116,1.4435980461297135,1.44147490369186,1.4363586324808242
5117,1.4435980461297135,1.4414450303163755,1.4366773334814102
5118,1.4435980461297135,1.4412638165469354,1.4347695772200573
5119,1.4435980461297135,1.4415318171658291,1.4337573356536706
5120,1.4435980461297135,1.4416422365846484,1.4373477818527
5121,1.4435980461297135,1.4417740587728607,1.438494019325517
5122,1.4435980461297135,1.441948851757294,1.438978814116782
5123,1.4435980461297135,1.4419222994570415,1.432178507233891
5124,1.4435980461297135,1.4420100020318307,1.4376313685905744
5125,1.4435980461297135,1.4415110576072556,1.4331718971936036
5126,1.4435980461297135,1.4415469901787414,1.424362744490293
5127,1.4435980461297135,1.4416397596677422,1.4356995975046356
5128,1.4435980461297135,1.4421330721427035,1.4376700064668977
5129,1.4435980461297135,1.4419159652446172,1.4370655063444788
5130,1.4435980461297135,1.4419693380328258,1.4377863781058042
5131,1.4435980461297135,1.4417784650979664,1.4370559075887317
5132,1.4435980461297135,1.4418388164672422,1.437302843823668
5133,1.4435980461297135,1.4418248296006422,1.4343222790899084
5134,1.4435980461297135,1.4419309936333207,1.4361933516119576
5135,1.4435980461297135,1.4419266236544548,1.4336315985273829
5136,1.4435980461297135,1.4417047718487157,1.4374973174701218
5137,1.4435980461297135,1.4418940345390674,1.436519368312832
5138,1.4435980461297135,1.4417080621728382,1.437212898827427
5139,1.4435980461297135,1.441805858187287,1.4399687228279556
5140,1.4435980461297135,1.4418600929785337,1.4350577283365507
5141,1.4435980461297135,1.4418634127654948,1.4374686418573153
5142,1.4435980461297135,1.4418407338595631,1.4317177025546686
5143,1.4435980461297135,1.44122409077945,1.4283726521145497
5144,1.4435980461297135,1.440587821012104,1.4316073386426016
5145,1.4435980461297135,1.4396651754197447,1.398620338078273
5146,1.4435980461297135,1.4383726829212633,1.410681986443577
5147,1.4435980461297135,1.4383501930613192,1.396510887802119
5148,1.4435980461297135,1.4388958785030217,1.422298061226879
5149,1.4435980461297135,1.4390977489498513,1.4197518624541408
5150,1.4435980461297135,1.4382844415224778,1.4258407597523435
5151,1.4435980461297135,1.4399185191726673,1.4328247039545665
5152,1.4435980461297135,1.4411367837012512,1.4327701677347564
5153,1.4435980461297135,1.4407136467243373,1.434913412903371
5154,1.4435980461297135,1.4411002918265547,1.4322821215408743
5155,1.4435980461297135,1.4410941270374937,1.4368736504037467
5156,1.4435980461297135,1.4409861222190066,1.4372119699958403
5157,1.4435980461297135,1.4411139532407795,1.4367489562255966
5158,1.4435980461297135,1.4415246584116104,1.4370024275878748
5159,1.4435980461297135,1.4409658632489668,1.4350232458309915
5160,1.4435980461297135,1.441021134119262,1.4341822619688214
5161,1.4435980461297135,1.4407887770523078,1.4339208692989986
5162,1.4435980461297135,1.4409900075790096,1.4372700720223905
5163,1.4435980461297135,1.4411674981850735,1.4350390973918776
5164,1.4435980461297135,1.4412452602431889,1.4343260272638239
5165,1.4435980461297135,1.441692505459603,1.436801306289629
5166,1.4435980461297135,1.441173572667622,1.4328859288784885
5167,1.4435980461297135,1.440896380854658,1.431743657039304
5168,1.4435980461297135,1.4407694808065366,1.4289089351433877
5169,1.4435980461297135,1.440214638413231,1.4280356905797307
5170,1.4435980461297135,1.4407564777197421,1.4266929960843993
5171,1.4435980461297135,1.4414446588034213,1.4245360957178015
5172,1.4435980461297135,1.441236339219792,1.4333115115361545
5173,1.4435980461297135,1.4410684745733076,1.4337499105080413
5174,1.4435980461297135,1.4410300971793084,1.4341269629160902
5175,1.4435980461297135,1.4414488116217905,1.436479252548295
5176,1.4435980461297135,1.4415925427048515,1.4359352805015284
5177,1.4435980461297135,1.4417565580442948,1.4376534693098857
5178,1.4435980461297135,1.4417474331742317,1.4375583718909435
5179,1.4435980461297135,1.4417261952193028,1.4355247948711047
5180,1.4435980461297135,1.4415700430431497,1.4369607861020341
5181,1.4435980461297135,1.4416376004106906,1.4381839913693037
5182,1.4435980461297135,1.4414807779927599,1.4379547905003125
5183,1.4435980461297135,1.4409687887548677,1.4281128031769672
5184,1.4435980461297135,1.4411380921597905,1.4369696509127525
5185,1.4435980461297135,1.4415872473692533,1.4340799325421134
5186,1.4435980461297135,1.4414747340336367,1.4301955811246012
5187,1.4435980461297135,1.4414353251355874,1.433913667184162
5188,1.4435980461297135,1.4413182117280885,1.4269604436154153
5189,1.4435980461297135,1.4413472948264465,1.4324327862393482
5190,1.4435980461297135,1.440750572506804,1.4304373361434752
5191,1.4435980461297135,1.4408877121794093,1.4244073815798644
5192,1.4435980461297135,1.4409471887023406,1.432763449531503
5193,1.4435980461297135,1.4404812004294412,1.4327143991950009
5194,1.4435980461297135,1.440847092119298,1.4306409564626803
5195,1.4435980461297135,1.4412528734201635,1.43317672513776
5196,1.4435980461297135,1.440506464800161,1.4321417959337235
5197,1.4435980461297135,1.4397162324773063,1.4049917719048894
5198,1.4435980461297135,1.4405460151021972,1.4356266715967485
5199,1.4435980461297135,1.4411182997761984,1.4365814550194609
5200,1.4435980461297135,1.4414006684110083,1.4379579647772176
5201,1.4435980461297135,1.4417824732976343,1.4369374639757735
5202,1.4435980461297135,1.4415734554118314,1.4368123682979523
5203,1.4435980461297135,1.441560106164391,1.4359874084482211
5204,1.4435980461297135,1.4410133294352045,1.4358468605643513
5205,1.4435980461297135,1.4407640669624318,1.4335081974845378
5206,1.4435980461297135,1.4411061414416009,1.4327661745259022
5207,1.4435980461297135,1.440893622870483,1.4359508590615375
5208,1.4435980461297135,1.4411201356354386,1.4352106144630836
5209,1.4435980461297135,1.441199477515875,1.434552368102331
5210,1.4435980461297135,1.4410002383430651,1.4306520094345574
5211,1.4435980461297135,1.441460287946222,1.4361557022257785
5212,1.4435980461297135,1.4417620766078791,1.43666440886502
5213,1.4435980461297135,1.4418229348784408,1.4384577112955816
5214,1.4435980461297135,1.4417991756194184,1.435136720444067
5215,1.4435980461297135,1.441638136384342,1.43839868825459
5216,1.4435980461297135,1.4420901933718553,1.4379250216471227
5217,1.4435980461297135,1.4419292662547747,1.4306210166957145
5218,1.4435980461297135,1.4416986296377656,1.4369329329034637
5219,1.4435980461297135,1.442230962012561,1.4392876194899902
5220,1.4435980461297135,1.4422444189145136,1.4381400614813653
5221,1.4435980461297135,1.4421909878663275,1.4392875095121267
5222,1.4435980461297135,1.4421391816195108,1.437272362274957
5223,1.4435980461297135,1.441776517936475,1.4355246604731005
5224,1.4435980461297135,1.4417434182201436,1.4353661106040672
5225,1.4435980461297135,1.4420347984453783,1.4333895292480117
5226,1.4435980461297135,1.441907343824952,1.4359996104838313
5227,1.4435980461297135,1.4419799829423006,1.4359985439519731
5228,1.4435980461297135,1.4419271127164388,1.4379391804265642
5229,1.4435980461297135,1.4420520372262589,1.4379687870433089
5230,1.4435980461297135,1.4419612659284669,1.4384111159317756
5231,1.4435980461297135,1.4417711770328856,1.4349890115224366
5232,1.4435980461297135,1.441966034989592,1.438130661916258
5233,1.4435980461297135,1.4419633567521486,1.4389939865604242
5234,1.4435980461297135,1.4418668773599925,1.435510155319731
5235,1.4435980461297135,1.4414527238665573,1.432605148599197
5236,1.4435980461297135,1.4409077012835854,1.43337242378456
5237,1.4435980461297135,1.440948774901766,1.434678597481259
5238,1.4435980461297135,1.4409237155126484,1.434814100923509
5239,1.4435980461297135,1.4402776884467752,1.4238508551672826
5240,1.4435980461297135,1.439440833383013,1.4183379842504975
5241,1.4435980461297135,1.4395728374505241,1.4282455402864935
5242,1.4435980461297135,1.4402109391682927,1.4308033433880138
5243,1.4435980461297135,1.4407916106773615,1.4337145410150816
5244,1.4435980461297135,1.4407856476584486,1.43264740726459
5245,1.4435980461297135,1.440833486073953,1.4358151446878058
5246,1.4435980461297135,1.4409985979990194,1.434080308617529
5247,1.4435980461297135,1.441125135365192,1.4350668762849774
5248,1.4435980461297135,1.4408435370801325,1.431917890721807
5249,1.4435980461297135,1.4401721017687732,1.4318074051374248
5250,1.4435980461297135,1.4407726741205642,1.4313973322114784
5251,1.4435980461297135,1.4411229447934928,1.4323061075073742
5252,1.4435980461297135,1.441562246580257,1.437702714277961
5253,1.4435980461297135,1.4414468468099373,1.4362452023831485
5254,1.4435980461297135,1.4413300802782723,1.435048957777944
5255,1.4435980461297135,1.4415732008646713,1.4343669700070607
5256,1.4435980461297135,1.4417665348491826,1.4393491043557751
5257,1.4435980461297135,1.4419732542624473,1.4344286747568724
5258,1.4435980461297135,1.4419672224171316,1.4392929345790044
5259,1.4435980461297135,1.442061884501998,1.4399691871930933
5260,1.4435980461297135,1.4422615335388844,1.4392087925029486
5261,1.4435980461297135,1.4424410170551618,1.4378739779064558
5262,1.4435980461297135,1.4422241430061995,1.4395810928213462
5263,1.4435980461297135,1.4420560148354522,1.4367371128001327
5264,1.4435980461297135,1.4415912984966774,1.4307583324074136
5265,1.4435980461297135,1.4416742638804225,1.4371897472211055
5266,1.4435980461297135,1.4420494262491028,1.4373770406024098
5267,1.4435980461297135,1.441930485218257,1.437951179924838
5268,1.4435980461297135,1.4414691920094684,1.4304140765639952
5269,1.4435980461297135,1.4414145186316656,1.4350848304513153
5270,1.4435980461297135,1.4413122312756688,1.4332558060850578
5271,1.4435980461297135,1.4415577589840978,1.4371172311995415
5272,1.4435980461297135,1.4417554862511068,1.4375482306598364
5273,1.4435980461297135,1.441792274151236,1.4362456101800982
5274,1.4435980461297135,1.4416424832929076,1.4378089706263242
5275,1.4435980461297135,1.441274138627341,1.4308214761731999
5276,1.4435980461297135,1.441325979154377,1.4335986328023598
5277,1.4435980461297135,1.4409218260013188,1.43214981371489
5278,1.4435980461297135,1.441147846443567,1.4338975715423836
5279,1.4435980461297135,1.4409554448447577,1.4368916492184485
5280,1.4435980461297135,1.4406529069771359,1.4340024529590594
5281,1.4435980461297135,1.4405530812396186,1.434391774134469
5282,1.4435980461297135,1.4406544540309474,1.4307250101327618
5283,1.4435980461297135,1.4408315562583924,1.4209716452567052
5284,1.4435980461297135,1.4413756289835575,1.4340958350586903
5285,1.4435980461297135,1.4415052801806096,1.4368607244944183
5286,1.4435980461297135,1.4416324738250947,1.4347518913944424
5287,1.4435980461297135,1.4415728839798794,1.4384081451088102
5288,1.4435980461297135,1.4415468258066235,1.4380979170719157
5289,1.4435980461297135,1.4413639460858263,1.4347931216871272
5290,1.4435980461297135,1.4413020918836446,1.4338892338038645
5291,1.4435980461297135,1.4408663032849593,1.433092462092591
5292,1.4435980461297135,1.4402152567133468,1.430279358170515
5293,1.4435980461297135,1.4389138495918212,1.4298562461128541
5294,1.4435980461297135,1.4389515531251789,1.4301986799676814
5295,1.4435980461297135,1.4382003025341155,1.4284420445447275
5296,1.4435980461297135,1.4393012966327339,1.4293322356727665
5297,1.4435980461297135,1.4401265817000197,1.4310956466390887
5298,1.4435980461297135,1.4398891425843852,1.4196418904292818
5299,1.4435980461297135,1.4407017347766191,1.4295489485016923
5300,1.4435980461297135,1.4408530932160184,1.4302616220411888
5301,1.4435980461297135,1.440871801915149,1.431123722646267
5302,1.4435980461297135,1.4409475140833912,1.417790268850307
5303,1.4435980461297135,1.4397957910342907,1.428427042449413
5304,1.4435980461297135,1.4399232746033659,1.434248480417736
5305,1.4435980461297135,1.4408658978843922,1.4290927768963297
5306,1.4435980461297135,1.4410066844896767,1.435447263685229
5307,1.4435980461297135,1.4414920298147187,1.4350734457913914
5308,1.4435980461297135,1.4417244429482567,1.4383596208857425
5309,1.4435980461297135,1.4415607830543453,1.4370453423579042
5310,1.4435980461297135,1.4418306545250754,1.4377978672176632
5311,1.4435980461297135,1.4416275988643605,1.4382953418934372
5312,1.4435980461297135,1.4414065739268125,1.43076662349718
5313,1.4435980461297135,1.4412749422886262,1.4365577603571653
5314,1.4435980461297135,1.4415030781675688,1.4365804014614003
5315,1.4435980461297135,1.4412948515440747,1.4364609673724482
5316,1.4435980461297135,1.4415118651982843,1.4359207259241737
5317,1.4435980461297135,1.4412697069612106,1.4337308134233193
5318,1.4435980461297135,1.4409730240058471,1.423335027713986
5319,1.4435980461297135,1.4410749843624395,1.436138002013884
5320,1.4435980461297135,1.441267906115552,1.431833923775524
5321,1.4435980461297135,1.4414523450554504,1.4373659822654357
5322,1.4435980461297135,1.4412920893829693,1.436617140427348
5323,1.4435980461297135,1.4414582476572892,1.4374874757691007
5324,1.4435980461297135,1.4417669966883335,1.4361737549481846
5325,1.4435980461297135,1.441789993901537,1.4375794192149218
5326,1.4435980461297135,1.4421520059236697,1.4386074754050706
5327,1.4435980461297135,1.4419987122444493,1.4365232128326262
5328,1.4435980461297135,1.44191628489037,1.4373478193541056
5329,1.4435980461297135,1.442318200252756,1.4384698974371495
5330,1.4435980461297135,1.442402627240227,1.43914349008064
5331,1.4435980461297135,1.4424166736271875,1.4399609033778384
5332,1.4435980461297135,1.4423808064451618,1.437702837314721
5333,1.4435980461297135,1.4423261488658863,1.438526854329015
5334,1.4435980461297135,1.4422576298505998,1.436613894588386
5335,1.4435980461297135,1.44262528940111,1.4402019844491938
5336,1.4435980461297135,1.4426853006084317,1.4399473496212045
5337,1.4435980461297135,1.4428029329867351,1.439499956043841
5338,1.4435980461297135,1.4423925362786825,1.4395002524080582
5339,1.4435980461297135,1.4422414518388071,1.4376472329741132
5340,1.4435980461297135,1.4417684827864305,1.4350647435019017
5341,1.4435980461297135,1.4417353489525784,1.4377122717578952
5342,1.4435980461297135,1.4417283367651152,1.4337440974274027
5343,1.4435980461297135,1.441646870377958,1.4295581614652408
5344,1.4435980461297135,1.4419414338770804,1.4362186634457952
5345,1.4435980461297135,1.4418715885605737,1.4367672978380297
5346,1.4435980461297135,1.442130590549578,1.438650718181363
5347,1.4435980461297135,1.4423528366282634,1.439824490115051
5348,1.4435980461297135,1.4422611380213084,1.4388583666232455
5349,1.4435980461297135,1.4422540791879772,1.4376740544268287
5350,1.4435980461297135,1.4424495506857833,1.4400966677061695
5351,1.4435980461297135,1.4423877497885977,1.4360340151917597
5352,1.4435980461297135,1.4422511921094305,1.4395977013979722
5353,1.4435980461297135,1.4421705444247783,1.4340215802489058
5354,1.4435980461297135,1.441594445689803,1.437203674933028
5355,1.4435980461297135,1.4413468448641813,1.4324741489299797
5356,1.4435980461297135,1.441452048441579,1.4371027653081918
5357,1.4435980461297135,1.441468906601564,1.435815208748988
5358,1.4435980461297135,1.4412775051209823,1.4347147031897545
5359,1.4435980461297135,1.4410126452556988,1.4325753437646493
5360,1.4435980461297135,1.4407288337282451,1.435224717747603
5361,1.4435980461297135,1.440276404049368,1.4187981141623613
5362,1.4435980461297135,1.4403694758489278,1.4353575538653052
5363,1.4435980461297135,1.440395610863082,1.4317810677871219
5364,1.4435980461297135,1.4401093335814912,1.4332510067811417
5365,1.4435980461297135,1.439807356125894,1.426357216375045
5366,1.4435980461297135,1.4401664188497878,1.433572963574782
5367,1.4435980461297135,1.4403685015178627,1.432704659972844
5368,1.4435980461297135,1.4405602024790534,1.4359421942976474
5369,1.4435980461297135,1.4402491484961675,1.4324690599098129
5370,1.4435980461297135,1.4407869596841119,1.4346643285012934
5371,1.4435980461297135,1.4410331756610189,1.4349279517011557
5372,1.4435980461297135,1.440603027770621,1.4340549489931087
5373,1.4435980461297135,1.4413611830316748,1.4327484492324
5374,1.4435980461297135,1.4414351735951687,1.4311602614797425
5375,1.4435980461297135,1.4411538919635745,1.4317628007143446
5376,1.4435980461297135,1.440648893037457,1.4321554265130554
5377,1.4435980461297135,1.4405199844757264,1.4345890878567458
5378,1.4435980461297135,1.4409452612303943,1.437721265308229
5379,1.4435980461297135,1.4414642338114054,1.4370839017643222
5380,1.4435980461297135,1.4419595670913568,1.4387100378254287
5381,1.4435980461297135,1.4418658561078308,1.4349393857787576
5382,1.4435980461297135,1.4420328237445752,1.4391798816584511
5383,1.4435980461297135,1.4417876814113646,1.43638457325797
5384,1.4435980461297135,1.4417833481573523,1.435739128519923
5385,1.4435980461297135,1.441585204112814,1.4368774562506537
5386,1.4435980461297135,1.441580004958036,1.4350613639027827
5387,1.4435980461297135,1.4415194241581757,1.4371371748367079
5388,1.4435980461297135,1.4418697240021456,1.4334269277338383
5389,1.4435980461297135,1.4420805740405933,1.4371387567998668
5390,1.4435980461297135,1.4419693407534402,1.4312779566274731
5391,1.4435980461297135,1.4413922906709369,1.4292343397797855
5392,1.4435980461297135,1.44133220447499,1.4374558817182668
5393,1.4435980461297135,1.4412646043838828,1.4327691410382375
5394,1.4435980461297135,1.44169611198171,1.4373591940997883
5395,1.4435980461297135,1.4416898482409997,1.4357900771091157
5396,1.4435980461297135,1.4417087851016999,1.4375184492619384
5397,1.4435980461297135,1.4417424710861142,1.4366754344598371
5398,1.4435980461297135,1.441058247042005,1.4279523227749245
5399,1.4435980461297135,1.4407251822488911,1.4335562904084718
5400,1.4435980461297135,1.4404203625713057,1.4311854982976664
5401,1.4435980461297135,1.440469029468918,1.4342213448909156
5402,1.4435980461297135,1.440888443164058,1.4367395676064545
5403,1.4435980461297135,1.4414302966816623,1.4363889043720728
5404,1.4435980461297135,1.4412969615714661,1.4377344625985713
5405,1.4435980461297135,1.4416403363566688,1.4374949771322179
5406,1.4435980461297135,1.4415154655891131,1.4360301077508815
5407,1.4435980461297135,1.441809039885343,1.4376543599887786
5408,1.4435980461297135,1.4418916713917778,1.4360479618926463
5409,1.4435980461297135,1.4419167946772178,1.4371554497088277
5410,1.4435980461297135,1.4416236573864465,1.437664536257261
5411,1.4435980461297135,1.441361011774141,1.430019116397192
5412,1.4435980461297135,1.441492654024226,1.4355080233692932
5413,1.4435980461297135,1.4416272888241333,1.4356492532086533
5414,1.4435980461297135,1.4417455199626608,1.4363993722755666
5415,1.4435980461297135,1.4412634504845059,1.4355916676002307
5416,1.4435980461297135,1.4414099215175593,1.433685971188965
5417,1.4435980461297135,1.4411196065863923,1.4332114308513264
5418,1.4435980461297135,1.441225575419116,1.42432663003175
5419,1.4435980461297135,1.4408268243482154,1.434793969960123
5420,1.4435980461297135,1.4414250449472212,1.4386981451137497
5421,1.4435980461297135,1.4414964333886773,1.4389391980430928
5422,1.4435980461297135,1.441633093464354,1.437261547803229
5423,1.4435980461297135,1.4416866524939007,1.4335610859983692
5424,1.4435980461297135,1.4416518528032478,1.4380724582309117
5425,1.4435980461297135,1.441527286347917,1.4356577686889638
5426,1.4435980461297135,1.4420457102631152,1.439595099754502
5427,1.4435980461297135,1.4419426354081732,1.4380973195418623
5428,1.4435980461297135,1.4418664375596644,1.4388780980947804
5429,1.4435980461297135,1.4419716880652382,1.4398379905294734
5430,1.4435980461297135,1.4421733724257666,1.4354078711005371
5431,1.4435980461297135,1.4415913820935378,1.4359867276054288
5432,1.4435980461297135,1.440668595198308,1.4055763825777834
5433,1.4435980461297135,1.4398000327806004,1.4223689555858559
5434,1.4435980461297135,1.4400117278252988,1.4299671148983037
5435,1.4435980461297135,1.4404246271561048,1.4302468416400516
5436,1.4435980461297135,1.4404998588503413,1.436521221317536
5437,1.4435980461297135,1.440362776742004,1.434936158418127
5438,1.4435980461297135,1.4406788535043302,1.4354048599470919
5439,1.4435980461297135,1.4406096671969226,1.4368039539732598
5440,1.4435980461297135,1.4412851958614314,1.4373836552672907
5441,1.4435980461297135,1.4412055713190637,1.4359002500391032
5442,1.4435980461297135,1.4414514075445248,1.4371327657640698
5443,1.4435980461297135,1.441695493641575,1.4374534401444345
5444,1.4435980461297135,1.4417108433425125,1.4321959035203187
5445,1.4435980461297135,1.4413831009991263,1.4349745561902858
5446,1.4435980461297135,1.4412239127459245,1.437723451230734
5447,1.4435980461297135,1.4417606195068706,1.4393673884116744
5448,1.4435980461297135,1.441449260676535,1.4354711965498832
5449,1.4435980461297135,1.440528033436363,1.425558643596358
5450,1.4435980461297135,1.4408047111408209,1.4193295490636417
5451,1.4435980461297135,1.4408623432650962,1.4277461749334446
5452,1.4435980461297135,1.4402308322315063,1.428702172891852
5453,1.4435980461297135,1.4406370936671493,1.4251604060192353
5454,1.4435980461297135,1.4412985675048247,1.4244315170480346
5455,1.4435980461297135,1.4415819430430248,1.4334189463520561
5456,1.4435980461297135,1.4418181616863013,1.4379320011947807
5457,1.4435980461297135,1.4418903016831772,1.4363140612186402
5458,1.4435980461297135,1.441872225939397,1.435857674585275
5459,1.4435980461297135,1.4415856230433404,1.4375702805668316
5460,1.4435980461297135,1.4412638826596003,1.4330965147098604
5461,1.4435980461297135,1.4417275872596849,1.4364681090206903
5462,1.4435980461297135,1.4418603353360486,1.4370487414909918
5463,1.4435980461297135,1.4419999531561831,1.4358978988990883
5464,1.4435980461297135,1.441798367467839,1.4373586979496198
5465,1.4436041534973894,1.4419872804649119,1.4384411300957647
5466,1.4436041534973894,1.441900986188773,1.4369519322109827
5467,1.4436041534973894,1.4418939264562678,1.4364012448096208
5468,1.4436041534973894,1.4419184061611618,1.4324676272461396
5469,1.4436041534973894,1.4419145180727795,1.4361076072826784
5470,1.4436041534973894,1.4421444401793264,1.4382861214185938
5471,1.4436041534973894,1.4421143650164205,1.4366843867661203
5472,1.4436041534973894,1.442236386730322,1.4379300919356466
5473,1.4436041534973894,1.4419583842795294,1.417002796006146
5474,1.4436041534973894,1.4420785745583264,1.4390318688008255
5475,1.4436041534973894,1.4420218313761692,1.4383787646521324
5476,1.4436041534973894,1.4423017321988731,1.4397531183649757
5477,1.4436041534973894,1.4422196061798271,1.439868815828143
5478,1.4436041534973894,1.4421511650525067,1.436453359565746
5479,1.4436041534973894,1.4423694793152697,1.4377155631311596
5480,1.4436041534973894,1.4423941445743313,1.4376268748904324
5481,1.4436041534973894,1.4421915736907496,1.4340270486002082
5482,1.4436041534973894,1.441895894356661,1.4371821267478397
5483,1.4436041534973894,1.4420194565855697,1.438858882606679
5484,1.4436041534973894,1.4418377864237515,1.43425498191544
5485,1.4436041534973894,1.4418549707745834,1.4367350776609589
5486,1.4436041534973894,1.442168268298768,1.4395238520343132
5487,1.4436041534973894,1.44216712289709,1.4388079726748846
5488,1.4436041534973894,1.4421822602394563,1.4381283194474772
5489,1.4436041534973894,1.4420595284454019,1.435843622422599
5490,1.4436041534973894,1.4421344790660802,1.4391601141724664
5491,1.4436041534973894,1.4421212139687385,1.4391187359121809
5492,1.4436041534973894,1.442223508074579,1.439299139221051
5493,1.4436041534973894,1.4422435073435145,1.4345422439795619
5494,1.4436041534973894,1.4422017243345113,1.4385395185801353
5495,1.4436041534973894,1.4425822477934724,1.439977202437119
5496,1.4436041534973894,1.4426618817135042,1.4396667074261087
5497,1.4436041534973894,1.4426880557203723,1.4393467845380905
5498,1.4436041534973894,1.4424932327881836,1.436176696156179
5499,1.4436041534973894,1.4424234736494954,1.4368056166689298
5500,1.4436041534973894,1.4425265937783496,1.438259509017109
5501,1.4436041534973894,1.4425831697414457,1.4383002891426133
5502,1.4436041534973894,1.4425323113273252,1.4390797657506922
5503,1.4436041534973894,1.4422610040868689,1.4370526912467227
5504,1.4436041534973894,1.4424518091222034,1.438370332734552
5505,1.4436041534973894,1.4422319851163345,1.440226983033659
5506,1.4436041534973894,1.4421128852473368,1.4378932911842743
5507,1.4436041534973894,1.4418462333031883,1.4394112311088647
5508,1.4436041534973894,1.4421258807074084,1.4365528777354648
5509,1.4436041534973894,1.4420211165407069,1.4390162510791935
5510,1.4436041534973894,1.4418769840822774,1.4388559344837397
5511,1.4436041534973894,1.4418743564214074,1.4370048431156164
5512,1.4436041534973894,1.4422893857544101,1.438623338611142
5513,1.4436041534973894,1.4425141932981556,1.4396124962389218
5514,1.4436041534973894,1.4425516954430282,1.4401729581797804
5515,1.4436041534973894,1.4424511555672739,1.4398097647058985
5516,1.4436041534973894,1.4424385324257452,1.4393871412252244
5517,1.4436041534973894,1.442558679643453,1.4404276521880293
5518,1.4436041534973894,1.4425092197438227,1.4392414074393425
5519,1.4436041534973894,1.4426983132533684,1.4396058790392472
5520,1.4436041534973894,1.4425463568613217,1.4405399885024308
5521,1.4436041534973894,1.4423056637711016,1.4376077283286222
5522,1.4436041534973894,1.442172213512661,1.4368548443946456
5523,1.4436041534973894,1.4422825748823487,1.439414832868405
5524,1.4436041534973894,1.4426295970634397,1.4390735418112994
5525,1.4436041534973894,1.4427022974156494,1.439527740097474
5526,1.4436041534973894,1.4425251892512323,1.4393992926298442
5527,1.4436041534973894,1.4427350736300812,1.4399176405142664
5528,1.4436041534973894,1.4426037430174048,1.439121319893569
5529,1.4436041534973894,1.4423115641946083,1.439116983790644
5530,1.4436041534973894,1.4424415575540825,1.4379048493978557
5531,1.4436041534973894,1.4421461151579533,1.4388903110390499
5532,1.4436041534973894,1.4424815877116715,1.4400311281610045
5533,1.4436041534973894,1.4423367588393086,1.4394147427563597
5534,1.4436041534973894,1.4425901100318015,1.4388266918284291
5535,1.4436041534973894,1.442459751412796,1.4390541000274852
5536,1.4436041534973894,1.4423714028463421,1.43789789507309
5537,1.4436041534973894,1.4422615117467559,1.437788297221275
5538,1.4436041534973894,1.4424788265415314,1.439267663753334
5539,1.4436041534973894,1.4423122484460944,1.437190736135579
5540,1.4436041534973894,1.4425252586345843,1.4362344251452066
5541,1.4436041534973894,1.4425158690933002,1.4396320400647058
5542,1.4436041534973894,1.442296532150667,1.4401504026794352
5543,1.4436041534973894,1.4422107539325086,1.4388518630769886
5544,1.4436041534973894,1.4418472650877419,1.435074786629961
5545,1.4436041534973894,1.4418268403239682,1.431533058695345
5546,1.4436041534973894,1.4419949726374326,1.4374708572136383
5547,1.4436041534973894,1.4422366671627145,1.4392651699986578
5548,1.4436041534973894,1.4422684181998804,1.4401958812281863
5549,1.4436041534973894,1.4421343750843525,1.439224220834989
5550,1.4436041534973894,1.4423894378309075,1.4389790485080112
5551,1.4436041534973894,1.4423056205187874,1.4403436628389563
5552,1.4436041534973894,1.4421947249367044,1.4361161639558715
5553,1.4436041534973894,1.4418618850592047,1.435204169006388
5554,1.4436041534973894,1.4419044787018551,1.427360576361902
5555,1.4436041534973894,1.4414123107592685,1.4348316342903717
5556,1.4436041534973894,1.442090693592581,1.4356392767616115
5557,1.4436041534973894,1.4421531863692372,1.4395667285082754
5558,1.4436041534973894,1.4421124915424741,1.4386781030278475
5559,1.4436041534973894,1.4419114957380421,1.4362278072197476
5560,1.4436041534973894,1.4415614925109475,1.435093468506822
5561,1.4436041534973894,1.4414662412564083,1.43358381627108
5562,1.4436041534973894,1.4415812439461249,1.4290267930080225
5563,1.4436041534973894,1.4417841864493957,1.4258610823076463
5564,1.4436041534973894,1.4416109547793916,1.4379419731767422
5565,1.4436041534973894,1.441704979833645,1.4345213027871584
5566,1.4436041534973894,1.4416895036385133,1.4341527101941518
5567,1.4436041534973894,1.4419751065571205,1.4388690961617714
5568,1.4436041534973894,1.4416417555556942,1.4354083495522638
5569,1.4436041534973894,1.4417932271267113,1.4349783389062016
5570,1.4436041534973894,1.4403341833184007,1.4294131295812689
5571,1.4436041534973894,1.440747467745387,1.4290613705164918
5572,1.4436041534973894,1.4404531907575142,1.4132511421243175
5573,1.4436041534973894,1.4403362425380826,1.4290588936055497
5574,1.4436041534973894,1.4400385496760923,1.4347029346284172
5575,1.4436041534973894,1.4402743807998635,1.4305609772289198
5576,1.4436041534973894,1.4402493528379483,1.426478563955431
5577,1.4436041534973894,1.440345408463368,1.4325220641750054
5578,1.4436041534973894,1.4406212434328336,1.4189190182537998
5579,1.4436041534973894,1.4415769854009672,1.4361994957202857
5580,1.4436041534973894,1.44168315853706,1.4350839547404755
5581,1.4436041534973894,1.4417268200712292,1.4324802085558932
5582,1.4436041534973894,1.4420205079638573,1.4376425624206197
5583,1.4436041534973894,1.4420082992447638,1.4392870018531894
5584,1.4436041534973894,1.442001852184541,1.4308158026723288
5585,1.4436041534973894,1.4420190552134047,1.439415318473131
5586,1.4436041534973894,1.442165058587742,1.4373120977639535
5587,1.4436041534973894,1.4422046822820687,1.4395899140877553
5588,1.4436041534973894,1.442403834101717,1.4392619573207197
5589,1.4436041534973894,1.4422890828939436,1.4400322915309687
5590,1.4436041534973894,1.4424029147226027,1.4388143263784003
5591,1.4436041534973894,1.4421166125580747,1.4320367508233913
5592,1.4436041534973894,1.4423227060359805,1.4381761183010977
5593,1.4436041534973894,1.4424548354508437,1.4404134558181354
5594,1.4436041534973894,1.4424816614091154,1.4386701769961607
5595,1.4436041534973894,1.4424893287327032,1.4400222116661383
5596,1.4436041534973894,1.4426241202531944,1.4395569618910509
5597,1.4436041534973894,1.4423512687420637,1.4368172872894358
5598,1.4436041534973894,1.4417767027670019,1.4369405502173425
5599,1.4436041534973894,1.4413562536541105,1.4282390692105444
5600,1.4436041534973894,1.4417632275283667,1.4355897468125314
5601,1.4436041534973894,1.4418065924844934,1.4354590330793129
5602,1.4436041534973894,1.442004684059401,1.4374202270371161
5603,1.4436041534973894,1.4421571799982003,1.439914172374285
5604,1.4436041534973894,1.4422039273834912,1.4395314151485485
5605,1.4436041534973894,1.4420940099151505,1.4391032831456065
5606,1.4436041534973894,1.4425126669842914,1.439488340701042
5607,1.4436041534973894,1.4424354332031273,1.43866700552277
5608,1.4436041534973894,1.442455216453434,1.4398828073342238
5609,1.4436041534973894,1.442503810668022,1.440033560200651
5610,1.4436041534973894,1.4427512098762083,1.440991279108148
5611,1.4436041534973894,1.4425373256674754,1.4394877419484764
5612,1.4436041534973894,1.4426969832645953,1.4407064314290596
5613,1.4436041534973894,1.4423045050298133,1.436342670495769
5614,1.4436041534973894,1.4419557262148481,1.4343422516082347
5615,1.4436041534973894,1.4420007866566342,1.4392388926765391
5616,1.4436041534973894,1.44221111400965,1.436907556480867
5617,1.4436041534973894,1.4421709673453427,1.4379673166128077
5618,1.4436041534973894,1.442417585809739,1.4398330303869982
5619,1.4436041534973894,1.4424254322780028,1.4382506136479498
5620,1.4436041534973894,1.4423678864049336,1.4327129142462391
5621,1.4436041534973894,1.4421818553442316,1.439137142242585
5622,1.4436041534973894,1.442038812093153,1.4351270034090744
5623,1.4436041534973894,1.4419701921995582,1.43841254422731
5624,1.4436041534973894,1.442016822245369,1.4395109244859092
5625,1.4436041534973894,1.44216114849785,1.4378958002095472
5626,1.4436041534973894,1.442264544397477,1.4392661408633347
5627,1.4436041534973894,1.4420798190290918,1.438908891156912
5628,1.4436041534973894,1.4425158607081385,1.4381426048240138
5629,1.4436041534973894,1.442544276305136,1.4394376102095563
5630,1.4436041534973894,1.4425863391121394,1.4396115342968787
5631,1.4436041534973894,1.4423104875813377,1.4385485075403526
5632,1.4436041534973894,1.442482854656863,1.4371160667350535
5633,1.4436041534973894,1.4420533319851048,1.4344360549557678
5634,1.4436041534973894,1.442299567219968,1.4384023662844632
5635,1.4436041534973894,1.442795066791424,1.4405560741102152
5636,1.4436041534973894,1.4428251767978777,1.4391582322182606
5637,1.4436041534973894,1.4427321552044767,1.4394597274368586
5638,1.4436041534973894,1.442714593684952,1.4380716145433785
5639,1.4436041534973894,1.442395367709223,1.437119305789762
5640,1.4436041534973894,1.4423995643096996,1.4387924007256894
5641,1.4436041534973894,1.4422537912410138,1.4402835700653562
5642,1.4436041534973894,1.442256374520862,1.4381820597568773
5643,1.4436041534973894,1.44209049784347,1.4395349071756522
5644,1.4436041534973894,1.4422512670169503,1.438957049063848
5645,1.4436041534973894,1.4421142978329067,1.4374095904772795
5646,1.4436041534973894,1.4420309085919554,1.4388864824886591
5647,1.4436041534973894,1.4422303324463293,1.4388926649293678
5648,1.4436041534973894,1.4422093483827252,1.4356908860497852
5649,1.4436041534973894,1.442011702535915,1.436878823002053
5650,1.4436041534973894,1.4418786710002747,1.4322610956719495
5651,1.4436041534973894,1.4416029010342373,1.436897099510128
5652,1.4436041534973894,1.4413748323469364,1.4370956598050184
5653,1.4436041534973894,1.4417614877839364,1.4373320303672066
5654,1.4436041534973894,1.4417973991294044,1.4357254897621
5655,1.4436041534973894,1.441636351022282,1.4379164048066282
5656,1.4436041534973894,1.4415996277619427,1.4326927366047824
5657,1.4436041534973894,1.44110273934555,1.432517538720112
5658,1.4436041534973894,1.4407200902710056,1.4302041393395324
5659,1.4436041534973894,1.440589200956619,1.42678924591862
5660,1.4436041534973894,1.4407085584404447,1.4341134045215764
5661,1.4436041534973894,1.4405144141840074,1.4322564397003228
5662,1.4436041534973894,1.441407496774494,1.437494122973513
5663,1.4436041534973894,1.442087864964906,1.4373117226747958
5664,1.4436041534973894,1.4425475563688017,1.4385017293017996
5665,1.4436041534973894,1.4425630354687597,1.439897667974053
5666,1.4436041534973894,1.4427212993053287,1.4407454720815385
5667,1.4436041534973894,1.442567242574526,1.4398708109336635
5668,1.4436041534973894,1.4424139636884539,1.4377976631632583
5669,1.4436041534973894,1.4420317588655387,1.437249916645474
5670,1.4436041534973894,1.4418281790924294,1.4336402146876155
5671,1.4436041534973894,1.4415659155927545,1.4369667736148792
5672,1.4436041534973894,1.441681979146857,1.4372650647118268
5673,1.4436041534973894,1.4414486651957361,1.4344511001472993
5674,1.4436041534973894,1.4415059167503095,1.4361204469618678
5675,1.4436041534973894,1.4418296258760637,1.4364865985220003
5676,1.4436041534973894,1.4415821436277017,1.4358489407809196
5677,1.4436041534973894,1.4415155765830905,1.4386394532620574
5678,1.4436041534973894,1.4415583764148092,1.4339082954832414
5679,1.4436041534973894,1.4417947351732627,1.438516587527138
5680,1.4436041534973894,1.4415893371764426,1.4332153426241356
5681,1.4436041534973894,1.4411291857214024,1.4375781646661083
5682,1.4436041534973894,1.4418402232793535,1.4376807627813342
5683,1.4436041534973894,1.4415589113566305,1.4364869761992993
5684,1.4436041534973894,1.4418610899099837,1.4372415995513064
5685,1.4436041534973894,1.4416981497911627,1.4260674083786353
5686,1.4436041534973894,1.4412008554933993,1.4335466579589609
5687,1.4436041534973894,1.4411864460251882,1.4329459071985613
5688,1.4436041534973894,1.4412839113456164,1.4375947448618676
5689,1.4436041534973894,1.4418388816429606,1.4392658242262786
5690,1.4436041534973894,1.442062302285635,1.4385283069265533
5691,1.4436041534973894,1.4421829471322107,1.4400237026381464
5692,1.4436041534973894,1.4424020754280542,1.439758202827205
5693,1.4436041534973894,1.4426951437929094,1.4389013659863081
5694,1.4436041534973894,1.4424914141453735,1.439280828795695
5695,1.4436041534973894,1.442693908899721,1.4402748842872408
5696,1.4436041534973894,1.4424395388366222,1.4381746423355224
5697,1.4436041534973894,1.4423094375604142,1.4396009394637037
5698,1.4436041534973894,1.442272117959941,1.438589295836896
5699,1.4436041534973894,1.4422539728734063,1.4373104170965114
5700,1.4436041534973894,1.4421903189740903,1.4392955095813893
5701,1.4436041534973894,1.4420057595609714,1.43886327460451
5702,1.4436041534973894,1.441883692944717,1.4393778021036097
5703,1.4436041534973894,1.4418977688853745,1.437310332082212
5704,1.4436041534973894,1.4418877399614132,1.4372238756792315
5705,1.4436041534973894,1.4413670986504092,1.4365011877539318
5706,1.4436041534973894,1.441446009495961,1.4378670523696533
5707,1.4436041534973894,1.4418376026764452,1.4330491112053048
5708,1.4436041534973894,1.4419176193262684,1.4380294955754667
5709,1.4436041534973894,1.4421973372922485,1.438499233537558
5710,1.4436041534973894,1.4421473245706202,1.4381943543213536
5711,1.4436041534973894,1.4423475185539587,1.4382179941822324
5712,1.4436041534973894,1.4423930784066576,1.436845527375254
5713,1.4436041534973894,1.442526105737047,1.4398666035912022
5714,1.4436041534973894,1.4423504595970607,1.439378855116498
5715,1.4436041534973894,1.4423951419429697,1.4400518200767585
5716,1.4436041534973894,1.4424741903321305,1.4403053955392102
5717,1.4436041534973894,1.4425516727692722,1.4388987611171038
5718,1.4436041534973894,1.4425397651283247,1.4377743019327325
5719,1.4436041534973894,1.4426289950643483,1.4388647539541601
5720,1.4436041534973894,1.4424910473800043,1.4352387835719629
5721,1.4436041534973894,1.4425787864423913,1.4406443071090502
5722,1.4436041534973894,1.4424025688501596,1.4389545268194919
5723,1.4436041534973894,1.4424091250648947,1.4373989361230495
5724,1.4436041534973894,1.4424936910853978,1.4392626204018204
5725,1.4436041534973894,1.4424009535448195,1.438286725744261
5726,1.4436041534973894,1.4425035469164027,1.4387849155569485
5727,1.4436041534973894,1.4423570141159663,1.4380760808725974
5728,1.4436041534973894,1.4422042035878357,1.4401574314879135
5729,1.4436041534973894,1.4421696348879316,1.4380547464604214
5730,1.4436041534973894,1.442126834700862,1.4381803119446854
5731,1.4436041534973894,1.4419205632534218,1.438672433263021
5732,1.4436041534973894,1.442036854057188,1.4384062549240932
5733,1.4436041534973894,1.4419400652177956,1.436927982913137
5734,1.4436041534973894,1.4423315504490934,1.4381656938284288
5735,1.4436041534973894,1.442490333644308,1.4390656856483184
5736,1.4436041534973894,1.4425930094022013,1.4385921014858292
5737,1.4436041534973894,1.4427873511101565,1.4401784007368028
5738,1.4436041534973894,1.442742705467135,1.4381899209358289
5739,1.4436041534973894,1.442480679599453,1.4369698489416014
5740,1.4436041534973894,1.4423887074978154,1.4391048748939543
5741,1.4436041534973894,1.442391517285791,1.438070024627799
5742,1.4436041534973894,1.4422415324154967,1.4375395972591019
5743,1.4436041534973894,1.442071801793146,1.4362295454385947
5744,1.4436041534973894,1.4421162705110573,1.4368787029719146
5745,1.4436041534973894,1.4420165456418206,1.4346606975885234
5746,1.4436041534973894,1.4416142130597434,1.4340231224246827
5747,1.4436041534973894,1.441813012135104,1.4352852068496214
5748,1.4436041534973894,1.4420222307056125,1.438561931510087
5749,1.4436041534973894,1.4420606444673816,1.4378267465661791
5750,1.4436041534973894,1.4423445439332432,1.4388613894591158
5751,1.4436041534973894,1.4422772720205692,1.4388000190730563
5752,1.4436041534973894,1.4421305373406712,1.4386815430894224
5753,1.4436041534973894,1.4421828793536793,1.4350834696262469
5754,1.4436041534973894,1.44236490756053,1.4387308776368766
5755,1.4436041534973894,1.442470186949886,1.4404999071668108
5756,1.4436041534973894,1.4425991034240824,1.4409384453407372
5757,1.4436041534973894,1.4425634139734733,1.4388858216421403
5758,1.4436041534973894,1.4423981204241973,1.4388217185464132
5759,1.4436041534973894,1.44234628112332,1.435294631293535
5760,1.4436041534973894,1.4424960314409494,1.4389001111593727
5761,1.4436041534973894,1.4426020864055535,1.439842200725738
5762,1.4436041534973894,1.4423103306657965,1.439149876021855
5763,1.4436041534973894,1.4424198993709487,1.4403353196980284
5764,1.4436041534973894,1.442441274326092,1.4390011236363813
5765,1.4436041534973894,1.4424538123593413,1.4401277883664945
5766,1.4436041534973894,1.4425771235571612,1.4401543986970409
5767,1.4436041534973894,1.4421162949919835,1.4301713263930593
5768,1.4436041534973894,1.4421350194259923,1.4377988448004628
5769,1.4436041534973894,1.442028089018171,1.4373280856037844
5770,1.4436041534973894,1.442239932454815,1.4391735587203867
5771,1.4436041534973894,1.4422261289286684,1.4396144721926418
5772,1.4436041534973894,1.4422777959310908,1.4390786362750903
5773,1.4436041534973894,1.442252755191555,1.4377628432970149
5774,1.4436041534973894,1.442193882668827,1.4359512358994895
5775,1.4436041534973894,1.4422762797498192,1.4347399742931282
5776,1.4436041534973894,1.4423634410691206,1.4389774773032655
5777,1.4436041534973894,1.4421632065761723,1.4361797892327512
5778,1.4436041534973894,1.4421016085326348,1.4327241377464
5779,1.4436041534973894,1.4421606658127168,1.4383194716918535
5780,1.4436041534973894,1.4419511590103609,1.4358104701416414
5781,1.4436041534973894,1.441759210972155,1.436311730621805
5782,1.4436041534973894,1.4416850092800917,1.4341803709229448
5783,1.4436041534973894,1.4416606513885666,1.4330498396796285
5784,1.4436041534973894,1.4416923233105934,1.435754053864252
5785,1.4436041534973894,1.4416215100076106,1.4304085513154978
5786,1.4436041534973894,1.4416526701313983,1.4341206080134696
5787,1.4436041534973894,1.4419851308758578,1.4349390382059197
5788,1.4436041534973894,1.4418640154309386,1.4330584642989554
5789,1.4436041534973894,1.4418599377105557,1.4362893559428178
5790,1.4436041534973894,1.4421715641114077,1.4381807526477832
5791,1.4436041534973894,1.4420108432549739,1.438366504074349
5792,1.4436041534973894,1.4419702046532985,1.4392829533406697
5793,1.4436041534973894,1.4419498849309251,1.4322262743502625
5794,1.4436041534973894,1.4417572678662838,1.4360322610085585
5795,1.4436041534973894,1.4416717783491704,1.4383719792102008
5796,1.4436041534973894,1.4417115810120964,1.4386853658172623
5797,1.4436041534973894,1.4416342202807615,1.4305143307174908
5798,1.4436041534973894,1.4415738509488123,1.4373844128705004
5799,1.4436041534973894,1.4419307774996022,1.4375473631057187
5800,1.4436041534973894,1.4419674203639357,1.436067104281012
5801,1.4436041534973894,1.442211676756659,1.4381846121452493
5802,1.4436041534973894,1.4422647852676602,1.4377801856128094
5803,1.4436041534973894,1.4419433557213268,1.4378470229886489
5804,1.4436041534973894,1.4421930295813723,1.44008352211734
5805,1.4436041534973894,1.442299913509,1.4400891763470152
5806,1.4436041534973894,1.4423276792186348,1.4401236680279932
5807,1.4436041534973894,1.4421275493084122,1.4378015198258518
5808,1.4436041534973894,1.442217651287089,1.4387793393106043
5809,1.4436041534973894,1.4427886553937392,1.4394523998235709
5810,1.4436041534973894,1.4424548757858187,1.4328361747785037
5811,1.4436041534973894,1.4421436551823468,1.4368393541722604
5812,1.4436041534973894,1.4423156876576888,1.437878436953805
5813,1.4436041534973894,1.44228731211212,1.4400681197760656
5814,1.4436041534973894,1.4427023499845424,1.4398625198840909
5815,1.4436041534973894,1.442456602837819,1.4376623319773834
5816,1.4436041534973894,1.4422595874125468,1.4314210821958353
5817,1.4436041534973894,1.4420254860703752,1.4377828252106597
5818,1.4436041534973894,1.4420230287867701,1.4347523764216792
5819,1.4436041534973894,1.4419020958177908,1.4391132028338072
5820,1.4436041534973894,1.4418705738875528,1.4382941270369507
5821,1.4436041534973894,1.4418361988166588,1.4382474853519862
5822,1.4436041534973894,1.44179924931629,1.4310925787411806
5823,1.4436041534973894,1.4419664884744372,1.4368981444681759
5824,1.4436041534973894,1.44174221558885,1.43782843748231
5825,1.4436041534973894,1.4419659190276533,1.4384230768674824
5826,1.4436041534973894,1.4421527343446474,1.4391288883842381
5827,1.4436041534973894,1.4419609800892585,1.4382770851319704
5828,1.4436041534973894,1.4417988386569385,1.4379178885166484
5829,1.4436041534973894,1.4418197515556386,1.4342106594093438
5830,1.4436041534973894,1.441563230291835,1.434559530072643
5831,1.4436041534973894,1.4415429827832893,1.4382069183675499
5832,1.4436041534973894,1.4422396725521893,1.4400912750431925
5833,1.4436041534973894,1.4425780649368436,1.440517530115409
5834,1.4436041534973894,1.4425016520991831,1.4387296951853494
5835,1.4436041534973894,1.4425305149172851,1.4400162931987353
5836,1.4436041534973894,1.442300056347146,1.4364682659324677
5837,1.4436041534973894,1.4418544712689565,1.4370045594795329
5838,1.4436041534973894,1.4418179766832788,1.4379730409435167
5839,1.4436041534973894,1.4420629464002641,1.4352231226084082
5840,1.4436041534973894,1.442058654893337,1.4378643415002372
5841,1.4436041534973894,1.4418936738562846,1.4391523578595429
5842,1.4436041534973894,1.4421662655954082,1.4383682554791553
5843,1.4436041534973894,1.442078678812554,1.4366758084305942
5844,1.4436041534973894,1.4421238191702352,1.4366998396890986
5845,1.4436041534973894,1.4421783812443456,1.4369307799255087
5846,1.4436041534973894,1.44203792950392,1.4383330365781772
5847,1.4436041534973894,1.4421692603115697,1.436988408941003
5848,1.4436041534973894,1.441949368435036,1.4384173036368928
5849,1.4436041534973894,1.4423135336332218,1.4391128913324753
5850,1.4436041534973894,1.442300877241611,1.438503078209911
5851,1.4436041534973894,1.4422566775085937,1.4356343513955974
5852,1.4436041534973894,1.4420323013035519,1.4352147268644375
5853,1.4436041534973894,1.4419369663818207,1.4369829788316952
5854,1.4436041534973894,1.4421245391458393,1.437843279286045
5855,1.4436041534973894,1.4418950996230162,1.4378286281331563
5856,1.4436041534973894,1.4423278544406861,1.4393505745073727
5857,1.4436041534973894,1.442210103567363,1.4265307046193838
5858,1.4436041534973894,1.4420692199434264,1.438279217553623
5859,1.4436041534973894,1.4418212422210106,1.43736588242145
5860,1.4436041534973894,1.441864884674253,1.4310039081141932
5861,1.4436041534973894,1.4415528575423815,1.429461344422659
5862,1.4436041534973894,1.441885090710118,1.4393721446777248
5863,1.4436041534973894,1.4419442325318217,1.4353147103848782
5864,1.4436041534973894,1.4419704008817917,1.436715258408039
5865,1.4436041534973894,1.4414575766748299,1.431610448644918
5866,1.4436041534973894,1.442051788553985,1.4385128268145517
5867,1.4436041534973894,1.4425779659395084,1.4353456250233334
5868,1.4436041534973894,1.4424811173002157,1.4378210091428971
5869,1.4436041534973894,1.4427759132410196,1.439534557143563
5870,1.4436041534973894,1.4427460893888204,1.4391023712137772
5871,1.4436041534973894,1.4427140329636634,1.4400512415982127
5872,1.4436041534973894,1.4425934685560264,1.4385284244295247
5873,1.4436041534973894,1.4423608584907626,1.4396580987696515
5874,1.4436041534973894,1.4422475742698568,1.4379775170136746
5875,1.4436050709170405,1.4428623344434088,1.4392353290064832
5876,1.4436050709170405,1.4426768322747465,1.440693359195763
5877,1.4436050709170405,1.442520028612693,1.4379887194905228
5878,1.4436050709170405,1.4421075177968632,1.43813830522001
5879,1.4436050709170405,1.4419921063572791,1.4396727097695736
5880,1.4436050709170405,1.4420486324754362,1.4378776746268713
5881,1.4436050709170405,1.4422426352138098,1.4398520914338804
5882,1.4436050709170405,1.4424138641859992,1.4386418131152479
5883,1.4436050709170405,1.4419695470324572,1.4390815000992339
5884,1.4436050709170405,1.4415864443527777,1.437909463430516
5885,1.4436050709170405,1.4416626262384358,1.437123725170311
5886,1.4436050709170405,1.4414956042445402,1.4357479064520433
5887,1.4436050709170405,1.4418974266585372,1.4376098394955341
5888,1.4436050709170405,1.4417735894459873,1.4391828768037715
5889,1.4436050709170405,1.4417052505427044,1.4296837298096714
5890,1.4436050709170405,1.4415605015086193,1.438292144619751
5891,1.4436050709170405,1.4419077761808001,1.4386692996832744
5892,1.4436050709170405,1.442148939042478,1.4393158611463883
5893,1.4436050709170405,1.4423128694762628,1.4385760507401617
5894,1.4436050709170405,1.4424042503503227,1.4385478238597773
5895,1.4436050709170405,1.4424440080431484,1.4368765971154969
5896,1.4436050709170405,1.4420753489102902,1.437757213936782
5897,1.4436050709170405,1.4420971354616694,1.435744794800879
5898,1.4436050709170405,1.4422785633006492,1.436307850534165
5899,1.4436050709170405,1.4424417888560197,1.439208254035693
5900,1.4436050709170405,1.4421017949535782,1.4378871038876624
5901,1.4436050709170405,1.4422909504653594,1.4362881656211512
5902,1.4436050709170405,1.4422987213261225,1.4356079409772808
5903,1.4436050709170405,1.4422263346723463,1.4387050930471026
5904,1.4436050709170405,1.4423107322796145,1.434925254427218
5905,1.4436050709170405,1.442489822893772,1.437798739750348
5906,1.4436050709170405,1.4423612490131519,1.43469786086482
5907,1.4436050709170405,1.4421812222937005,1.4378021170146653
5908,1.4436050709170405,1.441825399872701,1.4380735835378013
5909,1.4436050709170405,1.4416477456451506,1.4347026134150835
5910,1.4436050709170405,1.4418026121944334,1.4376870064687883
5911,1.4436050709170405,1.4415776152860722,1.4318473645191507
5912,1.4436050709170405,1.4410552289385887,1.431779531376754
5913,1.4436050709170405,1.4410450451228705,1.4345387541001198
5914,1.4436050709170405,1.441032083419716,1.4332563487792118
5915,1.4436050709170405,1.4415079967763211,1.4314323644252274
5916,1.4436050709170405,1.4418464242482703,1.4362218782634537
5917,1.4436050709170405,1.4421139405223615,1.4368205849943332
5918,1.4436050709170405,1.4420910266800018,1.4388806078797631
5919,1.4436050709170405,1.441798706606846,1.4349871202500395
5920,1.4436050709170405,1.441615713221021,1.4278202093748795
5921,1.4436050709170405,1.4408448762785642,1.430626338502657
5922,1.4436050709170405,1.4413047348131158,1.4334451031562891
5923,1.4436050709170405,1.441622659278974,1.4359552185551683
5924,1.4436050709170405,1.4411562753730334,1.4349282795007772
5925,1.4436050709170405,1.4408996305649238,1.432935959245337
5926,1.4436050709170405,1.440592284872001,1.432014446516437
5927,1.4436050709170405,1.4404862663242064,1.4322776223763314
5928,1.4436050709170405,1.440400136507088,1.4295218297547452
5929,1.4436050709170405,1.440800389908557,1.4313667979559357
5930,1.4436050709170405,1.4412660858775854,1.4350424288801304
5931,1.4436050709170405,1.4406364595479912,1.4345060043142515
5932,1.4436050709170405,1.4402025876369424,1.4326914421453945
5933,1.4436050709170405,1.4397134492101002,1.4259047814759938
5934,1.4436050709170405,1.439901395032962,1.4311235431622547
5935,1.4436050709170405,1.4402570276600337,1.4293351008190323
5936,1.4436050709170405,1.4406908210821923,1.4339278694342539
5937,1.4436050709170405,1.4408639195029793,1.431980629280738
5938,1.4436050709170405,1.4410749837910606,1.4298487970314095
5939,1.4436050709170405,1.4408831587761242,1.432426281006953
5940,1.4436050709170405,1.4413535091512244,1.435988839897341
5941,1.4436050709170405,1.4420550358508766,1.4336989808896825
5942,1.4436050709170405,1.4418534457941952,1.4376948127014821
5943,1.4436050709170405,1.4418023008912237,1.4375078157655854
5944,1.4436050709170405,1.4422017212430709,1.4365011638652052
5945,1.4436050709170405,1.442462236797495,1.4386694385332404
5946,1.4436050709170405,1.4425019880972476,1.4396962762387486
5947,1.4436050709170405,1.4423874165003128,1.4399700079024005
5948,1.4436050709170405,1.4424257741409008,1.439906138994935
5949,1.4436050709170405,1.442501409436533,1.43855587240323
5950,1.4436050709170405,1.4424273490590074,1.4405392978023426
5951,1.4436050709170405,1.4423718061630717,1.4395349364524397
5952,1.4436050709170405,1.4426249978394363,1.4397168749472324
5953,1.4436050709170405,1.4425242055111906,1.4401137868358405
5954,1.4436050709170405,1.442671908386973,1.4403243796173668
5955,1.4436050709170405,1.4424113293686396,1.4374598921690096
5956,1.4436303992568775,1.4421231007679634,1.4377752388520073
5957,1.4436303992568775,1.4421765406808371,1.4344452858191166
5958,1.4436303992568775,1.4423475381894557,1.4372670080266552
5959,1.4436303992568775,1.4420225780399423,1.4365816419069808
5960,1.4436303992568775,1.4420128590323347,1.4337558195948195
5961,1.4436303992568775,1.441995899864604,1.4391839432837619
5962,1.4436303992568775,1.4421149679345473,1.4394569005560904
5963,1.4436303992568775,1.4423393337039403,1.4400479037280474
5964,1.4436303992568775,1.442462475402456,1.4379942997126618
5965,1.4436303992568775,1.4424274087987374,1.4405056899471538
5966,1.4436303992568775,1.4424419087441285,1.4398733277550861
5967,1.4436303992568775,1.4425053535810475,1.440556872425908
5968,1.4436303992568775,1.4426587041464702,1.438848816728951
5969,1.4436303992568775,1.4422753756138003,1.4380984611583298
5970,1.4436303992568775,1.4420567258915855,1.4363322857864176
5971,1.4436303992568775,1.4423809273119144,1.4381538782191874
5972,1.4436303992568775,1.4423871473334393,1.4398985166339768
5973,1.4436303992568775,1.4424760882605698,1.440253987144964
5974,1.4436303992568775,1.4424704383567661,1.4401590312954093
5975,1.4436303992568775,1.442457884808289,1.4400193157690333
5976,1.4436303992568775,1.4423107645012425,1.436929544519336
5977,1.4436303992568775,1.4423032721850342,1.4363019087749433
5978,1.4436303992568775,1.4421059791391324,1.4383122100240338
5979,1.4436303992568775,1.4418129365082784,1.436727879463707
5980,1.4436303992568775,1.4420066144660586,1.432078514172264
5981,1.4436303992568775,1.442375415571279,1.4395601005183496
5982,1.4436303992568775,1.4425827893464134,1.4401041064419486
5983,1.4436303992568775,1.4425866646609622,1.4390511879448478
5984,1.4436303992568775,1.4423614082442595,1.4389754534801251
5985,1.4436303992568775,1.4424503489428033,1.4394720802145469
5986,1.4436303992568775,1.4426797179464368,1.4396932218442196
5987,1.4436303992568775,1.4426506387993516,1.4399985037083392
5988,1.4436303992568775,1.4423494595706927,1.438969378538681
5989,1.4436303992568775,1.4422995569675223,1.439164002757561
5990,1.4436303992568775,1.4423269277317896,1.4398632162094565
5991,1.4436303992568775,1.442582855463563,1.4401314788943613
5992,1.4436303992568775,1.442803622754999,1.4411034931342563
5993,1.4436303992568775,1.4426079481386642,1.4329035596547979
5994,1.4436303992568775,1.4424944557833175,1.439501449978328
5995,1.4436303992568775,1.4424673778542394,1.4369553407754254
5996,1.4436303992568775,1.4424340258061954,1.438999554068655
5997,1.4436303992568775,1.4425041971340167,1.4391356510354392
5998,1.4436303992568775,1.442564998940802,1.4358749966864228
5999,1.4436303992568775,1.442436564969522,1.4393079027359004
6000,1.4436303992568775,1.4424781471871133,1.4378188008987418
