generation,fitness,chromosome
0,1.3670843214157455,"3,2,3,2,3,0,0,2,3,3,0,2,2,1,0,1,0,0,0,2,2,3,3,2,2,3,3,3,2,1,0,3,0,3,0,0,3,0,2,2,0,0,1,3,1,3,3,0,1,0,0,3,3,2,0,0,0,3,1,0,1,3,2,3,1,3,1,2,0,3,3,1,3,2,0,3,3,2,1,0,2,1,2,2,1,0,1,0,3,2,3,3,2,2,2,3,0,3,0,3,2,3,3,1,1,3,0,1,3,2,0,1,0,1,1,1,2,1,0,2,0,1,1,3,1,0,0,1,3,2,1,2,1,0,1,2,1,2,0,0,2,2,0,2,2,1,3,2,1,2,0,3,2,3,2,2,1,3,0,2,1,3,0,1,2,2,1,2,2,3,2,3,3,1,3,1,2,0,3,2,0,1,2,0,1,3,2,1,0,1,2,1,1,1,0,0,3,2,1,1,2,1,1,1,0,0,0,2,1,0,3,0,2,1,3,1,3,0,0,2,1,3,1,2,2,2,2,3,0,0,1,1,2,2,1,2,1,0,1,0,1,0,3,1,2,2,1,2,2,1,0,0,0,1,1,3,3,1,1,0,0,3,0,0,3,3,0,2,0,2,2,3,2,0,2,0,1,3"
1,1.3675999868152258,"3,2,2,2,3,0,0,2,3,3,0,2,2,1,0,1,0,0,0,2,2,3,3,2,2,3,3,3,2,1,0,3,0,3,0,0,3,0,2,2,0,0,1,3,1,3,3,0,1,3,0,3,3,2,0,0,0,3,1,0,1,3,2,3,1,3,1,2,0,3,3,1,3,2,0,3,3,2,1,0,2,1,2,0,1,0,1,0,3,2,3,3,2,2,2,3,0,3,0,3,2,3,3,1,1,3,0,1,3,2,0,1,0,1,1,1,2,1,0,2,0,1,1,3,1,0,0,1,3,2,1,0,1,0,2,2,1,2,0,0,1,2,0,2,2,1,3,2,1,2,0,3,2,0,2,2,1,3,0,2,1,3,0,1,2,2,1,2,2,3,2,3,3,1,3,0,2,0,3,2,0,1,2,0,1,3,2,1,0,1,2,1,1,1,0,0,3,2,1,1,2,1,1,1,0,0,0,2,1,0,3,1,2,1,3,1,2,0,0,2,1,3,1,2,2,2,2,3,0,0,1,1,2,2,1,2,1,0,1,3,1,1,3,1,2,2,1,2,2,1,0,0,0,1,1,0,2,0,3,2,3,0,2,2,1,3,2,0,3,0,0,3,3,3,3,3,1,2"
2,1.3671892834747925,"3,2,2,2,3,0,0,2,3,3,0,2,2,1,0,1,0,0,0,2,0,3,3,2,2,3,3,3,2,1,0,3,0,3,0,0,3,0,2,2,0,0,1,3,3,3,3,0,1,3,0,3,3,2,3,0,0,3,1,0,1,3,2,3,1,3,1,2,0,3,3,1,3,2,0,3,3,2,1,0,2,1,2,0,1,0,1,0,3,2,3,3,2,2,2,3,0,3,0,3,2,3,3,1,1,3,0,1,3,2,0,1,0,1,1,1,2,1,0,2,0,1,1,3,1,0,2,1,3,2,1,0,1,0,2,2,1,2,0,0,1,2,0,2,2,1,3,2,1,2,0,3,2,0,2,2,1,3,0,2,1,3,0,1,2,2,1,2,2,3,2,3,3,1,3,0,2,0,3,2,0,1,2,0,1,3,2,1,0,1,2,1,1,1,0,0,3,2,1,1,0,1,1,1,0,0,0,2,1,0,3,1,2,3,3,1,2,0,0,2,1,3,1,2,2,2,2,3,0,0,1,1,2,2,1,2,1,0,1,3,1,1,3,1,2,2,1,2,2,1,0,0,0,1,1,0,2,0,3,2,3,0,2,3,1,3,2,0,3,0,0,3,3,3,3,3,1,2"
3,1.3673411636518553,"3,2,2,2,3,0,0,2,3,3,0,2,2,1,0,1,0,0,3,3,2,1,2,2,1,3,3,3,3,3,1,1,1,2,3,1,1,0,3,1,2,3,2,0,0,1,1,2,1,2,0,0,3,2,2,2,3,0,0,1,3,2,3,1,1,0,3,2,0,2,3,0,3,3,1,3,1,3,0,3,2,0,1,3,0,2,3,2,2,1,1,0,3,3,2,3,1,2,3,2,2,0,0,3,2,0,2,3,3,2,0,2,2,2,1,2,0,2,3,1,3,2,2,0,2,1,2,2,3,3,0,3,0,0,1,1,0,2,1,2,2,0,1,2,2,2,0,2,3,1,1,1,3,3,0,1,2,1,1,3,2,3,2,2,3,2,1,2,1,3,1,1,1,1,3,3,0,1,2,3,2,0,3,3,3,3,0,1,3,3,3,0,2,0,1,0,2,0,2,2,0,0,1,2,1,1,2,2,1,1,1,1,1,2,0,2,1,3,2,0,0,2,1,0,3,1,3,3,3,2,1,1,0,1,1,3,3,2,0,2,3,2,2,2,2,2,0,0,3,0,0,3,2,1,0,1,2,2,0,3,2,1,2,1,2,2,2,2,2,0,2,2,2,1,3,0,1,3"
4,1.3720499655500293,"3,2,2,2,3,0,0,2,3,3,0,2,2,1,0,1,0,0,3,3,2,1,2,2,1,3,3,3,3,3,1,1,1,2,3,1,1,0,3,1,2,3,2,0,0,1,1,2,1,2,0,0,3,2,2,2,3,0,0,1,3,2,3,1,1,0,3,2,0,2,3,0,3,3,1,3,1,3,0,3,2,0,1,3,0,2,3,2,2,1,1,0,3,3,2,3,1,2,3,2,2,0,0,3,2,0,2,3,3,2,0,2,2,2,1,2,0,2,3,1,3,2,2,0,0,2,1,2,0,0,0,0,3,1,2,1,1,3,3,2,2,2,3,0,0,1,2,2,3,1,0,1,2,0,3,2,2,0,3,3,3,1,2,2,3,1,1,0,2,3,1,1,1,3,0,3,0,1,3,2,1,2,2,3,0,2,3,2,2,3,1,0,2,3,3,3,2,2,1,2,0,1,0,1,2,1,2,0,1,0,0,1,2,0,2,2,0,3,2,2,0,0,0,0,3,3,3,2,0,0,3,2,2,0,1,0,2,2,2,2,3,3,0,2,2,2,2,0,3,2,2,3,1,3,0,3,0,2,0,0,3,2,2,0,2,0,2,2,3,0,2,2,1,3,1,2,0,0"
5,1.3722639617126675,"3,2,2,2,3,1,2,2,1,0,1,2,2,2,2,3,3,2,1,0,1,0,1,1,2,0,3,2,3,3,0,1,3,3,2,1,1,3,3,1,1,2,2,3,0,1,2,2,1,1,3,1,1,2,3,0,2,2,0,1,2,1,1,0,3,2,3,3,0,1,2,3,3,2,0,0,0,3,2,2,2,3,1,2,0,3,2,3,2,0,1,1,3,2,3,1,3,2,0,2,0,0,0,3,2,3,0,3,2,2,0,0,1,1,0,0,0,1,3,1,2,2,3,3,0,2,1,1,2,0,0,0,3,1,2,1,1,3,3,2,2,2,3,0,0,1,2,2,3,1,0,1,2,0,3,2,2,0,3,3,3,1,2,2,3,1,1,0,2,3,1,1,1,3,0,3,0,1,3,2,1,2,2,3,0,2,3,2,2,3,1,0,2,3,3,3,2,2,1,2,0,1,0,1,2,1,2,0,1,0,0,1,2,0,2,2,0,3,2,2,0,0,0,0,3,3,3,2,0,0,3,2,2,0,1,0,2,2,2,2,3,3,0,2,2,2,2,0,3,2,2,3,1,3,0,3,0,2,0,0,3,2,2,0,2,0,2,2,3,0,2,2,1,3,1,2,0,0"
6,1.3732011115740954,"3,2,2,2,3,1,2,2,1,0,1,0,2,2,2,3,3,2,1,0,1,0,1,3,1,3,3,3,0,3,1,1,1,2,3,1,1,0,3,1,2,3,2,0,0,1,1,2,1,2,0,0,3,2,2,2,3,0,0,1,3,2,3,1,1,0,3,2,0,2,3,0,3,3,1,3,1,3,0,3,2,0,0,3,0,2,3,2,2,2,1,0,3,3,2,3,1,2,3,2,2,0,0,3,2,0,2,3,3,2,0,2,2,2,1,2,0,2,3,1,3,2,2,0,0,2,1,2,0,0,0,0,3,1,2,1,1,3,3,2,2,2,3,0,0,1,2,2,3,1,0,1,2,0,3,2,0,0,3,3,3,1,2,2,3,1,1,0,2,3,1,1,1,3,0,3,0,1,3,2,1,2,2,3,0,2,3,0,2,3,1,0,2,3,3,3,2,2,1,2,0,1,0,1,2,1,2,0,1,0,0,0,2,0,2,2,0,3,2,2,0,0,0,2,3,3,3,2,0,0,3,2,2,0,1,0,2,1,2,2,2,3,0,2,2,0,2,2,3,2,0,3,1,3,0,3,0,2,0,3,3,2,2,0,2,0,2,2,3,0,2,2,1,3,1,2,0,0"
7,1.3742487584479885,"3,2,2,2,3,1,2,2,1,0,1,0,2,2,2,3,3,0,3,3,2,1,2,2,1,3,3,3,3,3,1,1,1,2,3,1,1,0,3,1,2,3,2,0,0,1,1,2,1,2,0,0,3,2,2,2,3,0,0,1,3,2,3,1,1,0,3,2,0,2,3,0,3,3,1,2,1,3,0,3,2,0,0,3,0,2,3,2,2,1,1,0,3,3,2,3,1,2,3,2,2,0,0,3,2,0,2,3,3,2,0,2,2,3,1,2,0,2,3,1,3,2,2,0,0,2,1,2,0,0,0,0,3,1,2,1,1,3,3,2,2,2,3,0,0,1,2,2,1,1,1,1,2,0,3,2,2,3,3,3,3,1,2,2,3,1,1,0,2,3,1,1,1,1,0,3,0,1,3,2,1,2,2,3,0,2,3,2,2,3,1,0,2,3,3,3,2,2,1,2,0,1,0,1,2,1,2,0,1,0,3,1,2,0,2,2,0,3,2,2,0,0,0,0,3,3,3,2,0,0,3,2,2,2,1,0,2,2,2,2,3,3,0,2,2,2,2,0,3,2,2,3,1,3,0,3,0,2,0,0,3,2,2,0,2,0,2,2,3,0,2,2,1,3,1,2,0,0"
8,1.374152143313563,"3,2,2,2,3,1,2,2,1,0,1,0,2,2,2,3,3,0,3,3,2,1,2,2,1,3,3,3,3,0,1,1,1,2,3,1,1,0,3,1,2,3,2,0,0,1,1,2,1,2,0,0,3,2,2,2,3,0,0,1,3,2,3,1,1,0,3,2,0,2,3,0,3,3,1,2,1,3,0,3,2,0,0,3,0,2,3,2,2,1,1,0,3,3,2,3,1,2,3,2,2,0,0,3,2,0,2,3,3,2,0,2,2,3,1,2,0,2,3,1,3,2,2,0,0,2,1,2,0,0,0,0,3,1,2,1,1,3,3,2,2,2,3,0,0,1,2,2,1,1,1,1,2,0,3,2,1,3,2,3,3,1,2,2,3,1,1,0,2,3,1,1,1,1,0,3,0,1,3,2,1,2,2,3,0,2,3,2,2,3,1,0,2,3,3,3,2,0,1,2,0,1,0,1,2,1,2,0,1,0,3,1,2,0,2,2,0,3,2,2,0,0,0,0,3,3,3,2,0,0,3,2,2,2,2,0,2,2,2,2,3,3,0,2,2,2,2,0,3,2,2,3,1,3,0,3,0,2,0,0,3,2,2,0,2,0,2,2,3,0,2,2,1,3,1,2,0,0"
9,1.375191091609301,"3,2,2,2,3,1,2,2,1,0,1,0,2,2,2,3,3,0,3,3,2,1,2,2,1,3,3,3,3,0,1,1,1,2,3,1,1,0,3,1,2,3,2,0,0,1,1,2,1,2,0,0,3,2,2,2,3,0,0,1,2,0,1,0,3,2,3,3,0,1,2,3,3,2,0,0,0,3,2,2,2,3,1,2,0,3,2,3,2,0,1,0,3,3,2,3,1,2,3,2,2,0,0,3,2,0,2,3,3,2,0,2,2,1,1,2,0,2,3,1,3,2,2,0,0,2,1,2,0,0,0,0,3,1,2,1,1,3,3,2,2,2,3,0,0,1,2,2,1,1,1,1,2,0,3,2,2,3,3,3,3,1,2,2,3,1,1,0,2,3,1,1,1,1,0,3,0,1,3,2,1,2,2,3,0,2,3,2,2,3,1,0,2,3,3,3,2,2,1,2,0,1,0,1,2,1,2,0,1,0,3,1,2,0,2,2,0,3,2,2,0,0,0,0,3,3,3,2,0,0,3,2,2,2,1,0,2,2,2,2,3,3,0,2,0,2,2,0,3,2,2,3,1,3,0,3,0,2,0,0,3,2,2,0,2,0,2,2,3,0,2,2,1,2,1,2,0,0"
10,1.3744694403361801,"3,2,2,2,3,1,2,2,1,0,1,0,2,2,2,3,3,0,3,3,2,1,2,2,1,3,3,3,3,0,1,1,1,2,3,1,1,0,3,1,2,3,2,0,0,1,1,2,1,2,0,0,3,2,2,2,3,0,0,1,2,0,1,0,3,2,3,3,0,1,2,3,3,2,0,0,0,3,2,2,2,3,1,2,0,3,2,3,2,0,1,0,3,3,2,3,1,2,3,2,2,0,0,3,2,0,2,3,3,2,0,2,2,1,1,2,0,2,3,1,3,2,2,0,0,2,1,2,0,0,0,0,3,1,2,1,1,3,3,2,2,2,3,0,0,1,2,2,1,1,1,1,2,0,3,2,2,3,3,3,3,1,2,2,3,1,1,0,2,3,1,1,1,1,0,3,0,1,3,2,1,2,2,3,0,2,3,2,2,3,1,0,2,3,3,3,2,2,1,2,0,0,0,1,2,1,2,0,1,0,0,1,2,0,2,2,0,3,2,2,0,0,0,0,3,3,3,2,0,0,3,2,2,0,1,0,2,2,2,2,3,3,0,2,2,2,1,0,3,2,2,3,1,3,0,3,0,2,3,1,3,2,2,0,2,0,2,2,3,0,2,2,1,3,1,2,0,0"
11,1.3745097908359376,"3,2,2,2,3,1,2,2,1,0,1,0,2,2,2,3,3,0,3,3,2,1,2,2,1,3,3,3,3,0,1,1,1,2,3,1,1,0,3,1,2,3,2,0,0,1,1,2,1,2,0,0,3,2,2,2,3,0,0,1,2,0,1,0,3,2,3,3,0,1,2,3,3,2,0,0,0,3,2,2,2,3,1,2,0,3,2,3,2,0,1,0,3,3,2,3,1,2,3,2,2,0,0,3,2,0,2,3,3,2,0,2,2,1,1,2,0,2,3,1,3,2,2,0,0,2,1,2,0,0,0,0,3,1,2,1,1,3,3,2,2,2,3,0,0,1,2,2,1,1,1,1,2,0,3,2,2,3,3,3,3,1,2,2,3,1,1,0,2,3,1,1,1,1,0,3,0,1,3,2,1,2,2,3,0,2,3,2,2,3,1,0,2,3,3,3,2,2,1,2,0,0,0,1,2,1,2,0,1,0,0,1,2,0,2,2,0,3,2,2,0,0,0,0,3,3,3,2,0,2,3,2,2,0,1,0,2,2,2,2,3,3,0,2,2,2,1,0,3,2,2,3,1,3,0,3,0,2,3,1,3,2,2,0,2,0,2,2,3,0,2,2,1,3,1,2,0,0"
12,1.376860631022716,"3,2,2,2,3,1,2,2,1,0,1,0,2,2,2,3,3,0,3,3,2,1,2,2,1,3,3,3,3,0,1,1,1,2,3,1,1,0,3,1,2,3,2,0,0,1,1,2,1,2,0,0,3,2,2,2,3,0,0,1,2,0,1,0,3,2,3,3,0,1,2,3,3,2,0,0,0,3,2,2,2,3,1,2,0,3,2,3,2,0,1,0,3,3,2,3,1,2,3,2,2,0,0,3,2,0,2,3,3,2,1,2,2,1,1,2,0,2,3,1,3,2,2,0,0,2,1,1,0,0,0,0,3,1,2,1,1,3,3,2,2,2,3,0,0,1,2,2,1,1,1,1,2,0,3,2,2,3,2,3,3,1,2,0,3,1,1,0,2,3,1,1,1,1,3,3,0,1,3,2,3,2,2,3,0,2,3,2,2,3,0,0,2,3,3,3,1,2,1,2,0,1,0,1,2,1,2,0,1,0,3,1,3,0,2,1,0,2,3,2,0,0,2,0,3,3,3,2,0,0,3,2,2,2,3,0,2,2,2,2,3,3,0,2,2,2,2,0,3,2,2,3,1,3,0,3,0,2,2,0,3,2,2,3,2,0,2,2,0,0,2,2,2,2,1,2,0,0"
13,1.376871678139887,"3,2,2,2,3,1,2,2,1,0,1,0,2,2,2,3,3,0,3,3,2,1,2,2,1,3,3,3,3,0,1,1,1,2,3,1,1,0,3,1,2,3,2,0,0,1,1,2,1,2,0,0,3,2,2,2,3,0,0,1,2,0,1,0,3,2,3,3,0,1,2,3,3,2,0,0,0,3,2,2,2,3,1,2,0,3,2,3,2,0,1,0,3,3,2,3,1,2,3,2,2,0,0,3,2,0,2,3,3,2,1,2,2,1,1,2,0,2,3,1,3,2,2,0,0,2,1,1,0,3,0,2,3,0,2,1,1,3,3,2,2,2,3,0,0,1,2,2,1,1,1,1,3,2,3,2,3,3,3,3,3,1,2,1,3,1,1,0,2,3,1,1,1,1,3,3,0,1,3,2,3,2,2,3,0,2,3,2,2,3,0,0,2,3,3,3,1,2,1,2,0,1,0,1,2,1,2,0,1,0,3,1,3,0,2,1,0,2,3,2,0,0,2,0,3,3,3,2,0,0,3,2,2,2,3,1,2,2,2,2,3,3,0,2,2,2,2,0,3,2,2,3,1,3,0,3,2,2,2,0,3,2,2,3,2,0,2,2,0,0,2,2,2,2,1,2,0,0"
14,1.3779737338730957,"3,2,2,2,3,1,2,2,1,0,1,0,2,2,2,3,3,0,3,3,2,1,2,2,1,3,3,3,3,0,1,1,1,2,3,1,1,0,3,1,2,3,2,0,0,1,1,2,1,2,0,0,3,2,2,2,3,0,0,1,2,0,1,0,3,2,3,3,0,1,2,3,3,2,0,0,0,3,2,2,2,3,1,2,0,3,2,3,2,0,1,0,3,3,2,3,1,2,3,2,2,0,0,3,2,0,2,3,3,2,1,2,2,1,1,2,0,2,3,1,3,2,2,0,0,2,1,1,0,3,0,2,3,0,2,1,1,3,3,2,2,2,3,0,0,1,2,2,1,1,1,1,3,2,3,2,3,3,3,3,3,1,2,1,3,1,1,0,2,3,1,1,1,1,3,0,0,1,3,3,3,2,2,3,0,2,3,2,2,3,0,0,2,3,3,3,1,2,1,2,0,1,0,1,2,1,2,0,0,0,3,1,3,0,2,1,0,2,3,2,0,0,0,0,3,3,3,2,0,0,3,2,2,2,3,0,2,2,2,2,3,2,0,2,2,2,2,0,3,2,2,3,1,3,0,3,0,2,2,0,3,2,2,3,2,0,2,2,3,0,2,2,2,2,1,1,0,0"
15,1.3794023111464442,"3,2,2,2,3,1,2,2,1,0,1,0,2,2,2,3,3,0,3,3,3,0,2,2,3,3,3,3,3,3,1,1,1,2,0,1,1,0,3,1,2,3,2,0,0,1,1,2,1,2,0,1,3,2,2,0,3,0,0,3,2,2,3,3,1,0,3,2,0,2,3,3,3,3,1,3,1,1,0,3,3,0,0,3,0,2,3,2,2,1,1,0,3,3,3,3,1,2,3,3,1,0,3,3,2,3,2,3,3,2,0,2,2,3,1,2,0,2,3,1,3,2,2,0,0,2,1,2,0,3,0,2,3,0,2,1,1,3,2,2,2,2,3,0,0,1,2,2,1,1,1,1,2,2,3,2,3,3,3,3,3,1,2,2,3,1,1,0,2,3,1,1,1,1,3,3,0,1,3,3,3,2,2,3,0,2,3,2,3,3,3,0,2,3,3,3,0,2,1,2,0,1,0,1,2,0,2,0,1,0,3,1,2,0,2,2,0,3,3,2,0,0,0,0,3,3,3,2,0,0,3,2,2,2,3,0,2,2,2,2,3,3,0,3,2,2,2,0,3,2,2,3,1,3,0,3,0,2,1,0,3,2,2,3,2,0,2,2,3,0,2,2,2,2,1,1,0,0"
16,1.3801660998225709,"3,2,2,2,3,1,2,2,1,0,1,0,2,2,2,3,3,0,3,3,3,0,2,2,3,3,3,3,3,3,1,1,1,2,0,1,1,0,3,1,2,3,2,0,0,1,1,2,1,2,0,1,3,2,2,0,3,0,0,3,2,2,3,3,1,0,3,2,0,2,3,3,3,3,1,3,1,1,1,3,3,0,0,3,0,2,3,2,2,1,1,0,3,3,3,3,1,2,3,3,1,0,3,3,2,3,2,3,3,2,0,2,2,3,1,2,0,2,3,1,3,2,2,0,0,2,1,2,0,3,0,2,3,0,2,1,1,3,2,2,2,2,3,0,0,1,2,2,1,1,1,1,2,0,3,2,3,3,3,3,3,1,2,2,3,1,1,0,2,3,1,1,1,1,3,3,0,1,3,3,3,2,2,3,0,2,3,2,3,3,3,0,2,3,3,3,0,2,1,2,0,1,0,1,2,0,2,0,1,0,3,0,2,0,2,2,0,3,3,2,0,0,0,0,3,3,3,2,0,0,3,2,2,2,3,0,2,2,2,2,3,3,0,3,2,2,2,0,3,2,2,3,1,2,0,3,0,2,1,0,3,2,2,3,2,0,2,2,3,0,2,2,2,2,1,1,0,0"
17,1.3810172228345967,"3,2,2,3,3,1,2,2,1,0,1,0,2,2,2,3,3,0,3,3,3,0,2,2,3,3,3,3,3,3,1,1,1,2,0,1,1,0,3,1,2,3,2,0,0,1,1,2,1,2,0,1,3,2,2,0,3,0,0,3,2,2,3,3,1,0,3,2,0,2,3,3,3,3,1,3,1,1,1,3,3,0,0,3,0,2,3,2,2,1,1,0,3,3,3,3,1,2,3,3,1,0,3,3,2,3,2,3,3,2,0,2,2,3,1,2,0,2,3,1,3,2,2,0,0,2,1,1,0,3,0,2,3,0,2,1,1,3,2,2,2,2,3,0,0,1,2,2,1,1,1,1,2,0,3,2,3,3,3,3,3,1,2,2,3,1,1,0,2,3,1,1,1,1,3,3,0,1,3,3,3,2,2,3,0,2,3,2,3,3,3,0,2,3,3,3,0,2,1,2,0,1,0,1,2,0,2,0,1,0,3,0,2,0,2,2,0,3,3,2,0,0,0,0,3,3,3,2,0,0,3,2,2,2,3,0,2,2,2,2,3,3,0,3,2,2,2,0,3,2,2,3,1,2,0,3,0,2,1,0,3,2,2,3,2,0,2,2,3,0,2,2,2,2,1,1,0,0"
18,1.3816124618450314,"3,2,2,3,3,1,2,2,1,0,1,0,2,2,2,3,3,0,3,3,3,0,2,2,3,3,3,3,3,3,1,1,1,2,0,1,1,0,3,1,2,3,2,0,0,1,1,2,1,2,0,0,3,2,2,0,3,0,0,3,2,2,3,3,1,0,3,2,0,2,3,3,3,3,1,3,1,1,1,3,3,0,0,3,0,2,3,2,2,1,1,0,3,3,3,3,1,2,3,3,1,0,3,3,2,3,2,3,3,2,0,2,2,3,2,2,0,2,3,1,3,2,2,0,0,2,1,1,0,3,0,2,3,0,2,1,1,3,2,2,2,2,3,0,0,1,2,2,1,1,1,1,2,0,3,2,3,3,3,3,3,1,2,2,3,1,1,0,2,3,1,1,1,1,3,3,0,1,3,3,3,2,2,3,0,2,3,2,3,3,3,0,2,3,3,3,0,2,1,2,0,1,0,1,2,0,2,0,1,0,3,0,2,0,2,2,0,3,3,2,0,0,0,0,3,3,3,2,0,0,3,2,2,2,3,0,2,2,2,2,3,3,0,3,2,2,2,0,3,2,2,3,1,2,0,3,0,2,1,0,3,2,2,3,2,0,2,2,3,0,2,2,2,2,1,1,0,0"
19,1.3815527985005798,"3,2,2,3,3,1,2,2,1,0,1,0,2,2,2,3,3,0,3,3,3,0,2,2,3,3,3,3,3,3,1,1,1,2,0,1,1,0,3,1,2,3,2,0,0,1,1,2,1,2,1,0,3,2,2,0,3,0,0,3,2,2,3,3,1,0,3,2,0,2,3,3,3,3,1,3,1,1,1,3,3,0,0,3,0,2,3,2,2,1,1,0,3,3,3,1,1,2,3,3,1,0,3,3,2,3,2,3,3,2,0,2,2,3,1,2,0,2,3,1,3,2,2,0,0,2,1,1,0,3,0,2,3,0,2,1,1,3,2,2,2,2,3,0,0,1,2,2,1,1,1,1,2,0,3,2,3,3,3,3,3,1,2,2,3,1,1,0,2,3,1,1,1,1,3,3,0,1,3,3,3,2,2,3,0,2,3,2,3,3,3,0,2,3,3,3,0,2,1,2,0,1,0,1,2,0,2,0,1,0,3,0,2,0,2,2,0,3,3,2,0,0,0,0,3,3,3,2,0,0,3,2,2,2,3,0,2,2,2,2,3,3,0,3,2,2,2,0,3,2,2,3,1,2,0,3,0,2,1,0,3,2,2,3,2,0,2,2,3,0,2,2,2,2,1,1,0,0"
20,1.3820629056646454,"0,2,2,3,3,1,2,2,1,0,1,0,2,2,2,3,3,2,3,3,3,0,2,2,3,3,3,3,3,3,1,1,1,2,0,1,1,0,3,1,2,3,2,0,0,1,1,2,1,2,0,0,3,2,2,0,3,0,0,3,2,2,3,3,1,0,3,2,0,2,3,3,3,3,1,3,1,1,1,3,3,0,0,3,0,2,3,2,2,1,1,0,3,3,3,1,1,2,3,3,1,0,0,3,2,3,2,3,3,2,0,2,2,3,1,2,0,2,3,1,3,2,2,0,0,2,1,1,0,3,0,3,3,0,2,1,1,3,2,2,2,2,3,0,0,1,2,2,1,1,1,1,2,0,3,2,3,3,3,3,3,1,2,2,3,1,1,0,2,3,1,1,1,1,3,3,0,1,3,3,3,2,2,3,0,2,3,2,3,3,3,0,2,3,3,3,0,2,2,2,1,1,0,1,2,0,2,0,1,0,3,0,2,0,2,2,0,3,3,2,0,0,0,0,3,3,3,2,0,0,3,2,2,2,3,0,2,2,2,2,3,3,0,3,2,2,2,0,3,2,2,3,1,2,0,3,0,2,1,0,3,2,2,3,3,0,2,2,3,0,2,2,2,2,1,1,0,0"
21,1.3818500085098377,"0,2,2,3,3,1,2,2,1,0,1,0,2,2,2,3,3,2,3,3,3,0,2,2,3,3,3,3,3,3,1,1,1,2,0,1,1,0,3,1,2,3,2,0,0,1,1,2,1,2,0,0,3,2,2,0,3,0,3,3,2,2,3,3,1,0,3,2,0,2,3,3,3,3,1,3,1,1,1,3,3,0,0,3,0,2,3,2,2,1,1,0,3,3,3,1,1,2,3,3,1,0,3,3,2,3,2,3,3,2,0,2,2,3,1,2,0,1,3,1,3,2,2,0,0,2,1,1,0,3,0,2,3,0,2,1,1,3,2,2,0,2,3,0,0,1,2,2,1,1,1,1,2,0,3,2,3,3,3,3,3,1,2,2,3,1,1,0,2,3,1,1,1,1,3,3,0,1,3,3,2,2,2,3,0,2,3,2,3,3,3,0,2,3,3,3,0,2,1,2,0,1,0,1,2,0,2,0,1,0,3,0,2,0,2,2,0,3,3,2,0,0,0,0,3,3,3,2,0,0,3,2,2,2,3,0,2,2,2,2,3,3,0,3,2,0,2,0,3,2,2,3,1,2,0,3,0,2,1,0,3,2,2,3,2,3,2,2,3,0,2,2,2,2,1,1,0,0"
22,1.3818850914856373,"0,2,2,3,3,1,2,2,1,0,1,0,2,2,2,3,3,2,3,3,3,0,2,2,3,3,3,3,3,3,3,1,1,2,0,1,1,0,3,1,2,3,2,0,0,1,1,2,1,2,0,0,3,2,2,0,3,0,3,3,2,2,3,3,1,0,3,2,0,2,3,3,3,3,1,3,1,1,1,3,3,0,0,3,0,2,3,2,2,1,1,0,3,3,3,1,1,2,3,3,1,0,3,3,2,3,2,3,3,2,0,2,2,3,1,2,0,1,3,1,3,2,2,0,0,2,1,1,0,3,0,2,3,0,2,1,1,3,2,2,0,2,3,0,0,1,2,2,1,1,1,1,2,0,3,2,3,3,3,3,3,1,2,2,3,1,1,0,2,3,1,1,1,1,3,3,0,1,3,3,2,2,2,3,0,2,3,2,3,3,3,0,2,1,3,3,0,2,1,2,0,1,0,1,2,0,2,0,1,0,3,0,2,0,2,2,0,3,3,2,0,0,0,0,3,3,3,2,0,0,3,2,2,2,3,0,2,2,2,2,3,3,0,3,2,0,2,0,3,2,2,3,1,2,0,3,0,2,1,0,3,2,2,3,2,3,2,2,3,0,2,2,2,2,1,1,0,0"
23,1.384043037582298,"0,2,2,3,3,1,2,2,1,0,1,0,2,2,2,3,3,2,3,3,3,0,2,2,3,3,3,3,3,3,3,1,1,2,0,1,1,0,3,1,2,3,2,0,0,1,1,2,1,2,0,0,2,2,2,0,3,0,0,3,2,2,3,3,1,1,3,2,0,0,3,3,3,3,1,3,1,1,1,3,3,0,0,3,0,2,3,2,2,1,1,0,3,3,3,1,1,2,3,3,0,2,0,3,2,3,2,3,3,2,0,2,2,3,1,2,0,2,3,1,3,2,2,2,0,2,1,1,0,3,0,3,3,0,2,1,1,3,2,2,2,2,3,0,2,1,2,2,1,1,1,1,2,0,3,2,3,3,3,3,3,1,2,2,3,1,1,0,2,3,1,1,1,1,3,3,0,1,3,3,2,2,2,3,0,2,3,2,3,3,3,0,2,3,3,3,0,2,1,2,0,1,0,1,2,0,2,3,1,0,3,0,2,0,0,2,0,3,3,2,0,0,0,0,2,3,3,2,0,2,3,3,2,3,3,0,2,2,3,2,3,3,0,3,2,2,2,0,3,2,2,3,1,2,0,3,0,2,1,0,3,2,2,3,2,0,2,2,3,2,2,2,2,2,1,1,0,0"
24,1.3856553392764959,"0,2,2,3,2,1,2,2,1,0,1,0,2,2,2,3,3,2,2,3,3,0,2,2,3,3,3,3,3,3,3,1,1,2,0,1,1,0,3,3,2,3,2,0,0,1,1,2,1,2,0,0,2,2,2,0,3,0,0,3,2,2,3,3,1,2,3,2,0,0,3,3,3,3,1,3,1,1,1,3,3,0,0,3,0,2,3,2,2,1,1,0,3,3,3,1,1,2,3,3,0,2,0,3,2,3,2,3,3,2,0,2,2,3,1,2,0,2,3,1,3,2,2,2,0,2,1,1,0,3,0,3,3,0,2,1,1,3,2,2,2,2,3,0,2,1,2,2,1,1,1,1,2,0,3,2,3,3,3,3,3,1,2,2,3,1,1,0,2,3,1,1,1,1,3,3,0,1,3,2,2,2,2,3,0,2,3,2,3,3,3,0,2,3,3,3,0,2,1,2,0,1,0,1,2,0,2,3,1,0,3,0,2,0,0,2,0,3,3,2,0,0,0,0,2,3,3,2,0,2,3,3,2,3,3,0,2,2,3,2,3,3,0,3,2,0,2,0,3,2,2,3,3,2,0,3,0,2,1,3,3,2,2,3,2,0,2,2,3,2,2,2,2,2,1,1,0,0"
25,1.3862951287210725,"0,2,2,3,2,1,2,2,1,0,1,0,2,2,2,3,3,2,2,3,3,0,2,2,3,3,3,3,3,3,3,1,1,2,1,1,1,0,3,3,2,3,2,0,0,1,1,2,1,2,0,0,2,2,2,0,3,0,0,3,2,2,3,3,1,2,3,2,0,0,3,3,3,3,1,3,1,1,1,3,3,0,0,3,0,2,3,2,2,1,0,0,3,3,3,1,1,2,3,3,0,2,0,3,2,3,2,3,3,2,0,2,2,3,1,2,0,2,3,1,3,2,2,2,0,2,1,1,0,3,0,3,3,0,2,1,1,3,2,2,2,2,3,0,2,1,2,2,1,1,1,1,2,0,3,2,3,3,3,3,3,1,2,2,3,1,1,0,2,3,1,1,1,1,3,3,0,1,3,2,2,2,2,3,0,2,3,2,3,3,3,0,2,3,3,3,0,2,1,2,0,1,0,1,2,0,2,3,1,0,3,2,2,0,0,2,0,0,3,2,0,0,0,0,2,3,3,2,0,2,3,3,2,3,3,0,2,2,3,2,3,3,0,3,2,0,2,0,3,2,2,3,3,2,0,3,0,2,1,3,3,2,2,3,2,0,2,2,3,2,2,2,2,2,1,1,0,0"
26,1.3855452636975174,"0,2,2,3,2,1,2,2,1,0,1,0,2,2,2,3,3,2,2,3,3,0,2,2,3,3,3,3,3,3,3,1,1,0,1,1,1,0,3,3,2,3,2,0,0,1,1,2,1,2,0,0,2,2,2,0,3,0,0,3,2,2,3,3,1,2,2,2,0,0,3,3,3,3,1,3,1,1,1,3,3,0,0,3,0,2,3,2,2,1,0,0,3,3,3,1,1,2,3,3,0,2,0,3,2,3,2,3,3,2,0,2,2,3,1,2,0,2,3,1,3,2,2,2,0,2,1,1,0,3,0,3,3,0,2,1,1,3,2,2,2,2,3,0,2,1,2,2,1,1,1,1,2,0,3,2,3,2,3,3,3,1,2,2,3,1,1,0,2,3,1,1,1,1,3,3,0,1,3,2,2,2,0,3,0,2,3,2,3,3,3,0,2,3,3,3,0,2,1,2,0,1,0,1,2,0,2,2,1,0,3,2,2,0,0,2,0,3,3,2,0,0,0,0,2,3,3,0,0,3,3,3,2,3,0,0,2,2,3,2,3,3,0,3,2,2,2,0,3,0,2,3,1,2,0,3,0,2,0,0,3,2,2,3,2,0,2,2,3,0,2,2,2,2,1,1,0,3"
27,1.3860099687077279,"0,2,2,3,2,1,2,2,1,0,1,0,2,2,2,3,3,2,2,3,3,0,2,2,3,3,3,3,3,3,3,1,1,0,1,1,1,0,3,3,2,3,2,0,0,1,1,2,1,2,0,0,2,2,2,0,3,0,0,3,2,2,3,3,1,2,2,2,0,0,3,3,3,3,1,3,1,1,1,3,3,0,0,3,0,2,3,2,2,1,0,0,3,3,3,1,2,2,3,3,0,2,0,3,2,3,2,3,3,2,0,2,2,3,1,2,0,2,3,1,3,2,2,2,0,2,1,1,0,3,0,3,3,0,2,1,1,3,2,2,2,2,3,0,2,1,2,2,1,1,1,1,2,0,3,2,3,2,3,3,3,1,2,2,3,1,1,0,2,3,1,1,1,1,3,3,0,1,3,2,2,2,0,3,0,2,3,2,3,3,3,0,2,3,3,3,0,2,1,2,0,1,0,1,2,0,2,2,1,0,3,2,2,0,0,2,0,3,3,2,0,0,0,0,2,3,3,0,0,3,3,3,2,3,0,0,2,2,3,2,3,3,0,3,2,2,2,0,3,0,2,3,1,2,0,3,0,2,0,0,3,2,2,3,2,0,2,2,3,0,2,2,2,2,1,1,0,3"
28,1.3874961966906751,"0,2,2,3,2,1,2,2,1,0,1,0,2,2,2,3,3,2,2,3,3,0,2,2,3,3,3,3,3,3,3,1,1,0,1,1,1,0,3,3,2,3,2,0,0,1,1,2,1,2,0,0,2,2,2,0,3,0,0,3,2,2,3,3,1,2,2,2,0,0,3,3,3,3,1,3,1,1,1,3,3,0,0,3,0,2,3,2,2,1,0,0,3,3,3,1,2,2,3,3,0,2,0,3,2,3,2,3,3,2,0,2,2,3,1,2,0,2,3,1,3,2,2,2,0,2,1,1,0,3,0,3,3,0,2,1,1,3,2,2,2,2,3,0,2,1,2,2,1,1,1,1,2,0,3,2,3,2,3,3,3,1,2,2,3,1,1,0,2,3,1,1,1,1,3,3,0,1,3,2,2,2,3,3,0,2,3,2,3,3,3,0,2,3,3,3,0,2,1,2,0,1,0,1,2,0,0,3,1,0,3,0,2,2,0,2,0,3,3,0,2,3,3,2,2,3,3,2,0,2,2,3,2,3,3,0,2,2,3,2,3,3,0,1,2,0,2,0,3,2,2,2,3,2,0,3,2,2,3,3,3,3,2,3,2,0,2,2,3,2,2,2,2,2,1,1,0,1"
29,1.3875800348514906,"0,2,2,3,2,1,2,2,1,0,1,0,2,2,2,3,3,2,2,3,3,0,2,2,3,3,3,3,3,3,3,1,1,0,1,1,1,0,3,3,2,3,2,0,0,1,1,2,1,2,0,0,2,2,2,0,3,0,0,3,2,2,3,3,1,2,2,2,0,0,3,3,3,3,1,3,1,1,1,3,3,0,0,3,0,2,3,2,2,1,0,0,3,3,3,1,2,2,3,3,0,2,0,3,2,3,2,3,3,2,0,2,2,3,1,2,0,2,3,1,3,2,2,2,0,2,1,1,0,3,0,3,3,0,2,1,1,3,2,2,2,2,3,0,2,1,2,2,1,1,1,1,2,0,3,2,3,2,3,3,3,1,2,2,3,1,1,0,2,3,1,1,1,1,3,3,0,1,3,2,2,2,3,3,0,2,3,2,3,3,3,0,2,3,3,3,0,2,1,2,0,1,0,1,2,0,0,3,1,0,3,0,2,2,0,2,0,3,3,0,2,3,3,2,2,3,3,2,0,2,2,3,2,3,3,0,2,2,3,2,3,3,0,1,2,0,2,0,3,2,2,2,3,2,0,3,2,2,3,3,3,3,2,2,2,0,2,2,3,2,2,2,2,2,1,1,0,1"
30,1.3876385545062093,"0,2,2,3,2,1,2,2,1,0,1,0,2,2,2,3,3,2,2,3,3,0,2,2,3,3,3,3,3,3,3,1,1,0,1,1,1,0,3,3,2,3,2,0,0,1,1,2,1,2,0,0,2,2,2,0,3,3,0,3,2,2,3,3,1,2,2,2,0,0,3,3,3,3,1,3,1,1,1,3,3,0,0,3,0,2,3,2,2,1,0,0,3,3,3,1,2,2,3,3,0,2,0,3,2,3,2,3,3,2,0,2,2,3,1,2,0,2,3,1,3,2,2,2,0,2,1,1,0,3,0,3,3,0,2,3,1,3,2,2,2,2,3,0,2,1,2,2,1,1,1,1,2,0,3,2,3,2,3,3,3,1,2,2,3,1,1,0,2,3,1,1,1,1,3,3,0,1,3,2,2,2,3,3,3,2,3,2,3,3,3,0,2,3,3,3,0,2,1,2,0,1,0,1,2,0,0,3,1,0,3,0,2,2,0,2,0,3,3,0,2,3,3,2,2,3,3,2,0,2,2,3,2,3,3,0,2,2,3,2,3,3,0,1,2,0,2,2,3,2,2,2,3,2,2,3,2,2,3,3,3,3,2,3,2,0,2,2,3,2,2,2,2,2,1,1,0,1"
31,1.3884648939214326,"0,2,2,3,2,1,2,2,1,0,1,0,2,2,2,3,3,2,2,3,3,0,2,2,3,3,3,3,3,3,3,1,1,0,1,1,1,0,3,3,2,3,2,0,0,1,1,2,1,2,0,0,2,2,2,0,3,3,0,3,2,2,3,3,1,2,2,2,0,0,3,3,3,3,2,3,0,1,1,3,3,0,0,2,0,2,3,2,2,1,0,0,3,3,3,1,1,2,3,3,0,2,0,3,2,3,2,3,3,2,0,2,2,3,1,2,0,0,3,1,3,2,2,2,0,2,1,1,0,3,0,3,3,0,2,1,1,3,2,2,2,2,3,0,2,1,2,2,1,1,1,1,2,0,3,2,3,3,3,3,0,1,2,2,3,1,1,0,2,3,1,1,1,1,3,3,0,1,3,2,2,2,2,3,0,2,3,2,3,3,2,0,2,3,3,3,0,2,1,2,0,0,0,1,2,0,2,3,1,0,3,2,2,0,0,2,0,3,3,2,0,0,0,2,2,3,3,2,3,2,3,3,2,3,3,0,3,2,3,1,3,3,0,3,2,2,2,0,3,2,2,3,3,2,0,3,0,2,1,3,0,2,3,3,2,0,2,2,3,2,2,2,2,2,1,1,0,3"
32,1.3893027977695207,"0,2,2,3,2,1,2,2,1,0,1,0,2,2,2,1,3,2,2,3,3,0,2,2,3,3,3,3,3,3,3,1,1,0,1,1,1,0,3,3,2,3,2,0,0,1,1,2,1,2,0,0,2,2,2,0,3,3,0,3,2,2,3,3,1,2,2,2,0,0,3,3,3,3,2,3,0,1,1,3,3,0,0,2,0,0,3,2,2,2,0,0,3,3,3,1,1,2,3,3,3,2,0,3,2,3,2,3,3,2,0,2,2,3,1,2,0,0,3,1,3,2,2,2,0,2,1,1,0,3,0,3,3,0,2,1,1,3,2,2,2,2,3,0,2,1,2,2,1,1,1,1,2,0,3,2,3,3,3,3,0,1,2,2,3,1,1,0,2,3,1,1,1,1,3,3,0,1,3,2,2,2,2,3,0,2,3,2,3,3,3,0,2,3,3,3,0,2,1,2,0,0,0,1,2,0,2,3,1,0,3,2,2,0,0,2,0,3,3,2,0,0,0,2,2,3,3,2,3,2,3,3,2,3,3,0,3,2,3,1,3,3,0,3,2,2,2,0,3,2,2,3,3,2,0,3,0,2,1,2,0,2,3,3,2,0,2,2,3,2,2,2,2,2,1,1,0,3"
33,1.3893027977695207,"0,2,2,3,2,1,2,2,1,0,1,0,2,2,2,1,3,2,2,3,3,0,2,2,3,3,3,3,3,3,3,1,1,0,1,1,1,0,3,3,2,3,2,0,0,1,1,2,1,2,0,0,2,2,2,0,3,3,0,3,2,2,3,3,1,2,2,2,0,0,3,3,3,3,2,3,0,1,1,3,3,0,0,2,0,0,3,2,2,2,0,0,3,3,3,1,1,2,3,3,3,2,0,3,2,3,2,3,3,2,0,2,2,3,1,2,0,0,3,1,3,2,2,2,0,2,1,1,0,3,0,3,3,0,2,1,1,3,2,2,2,2,3,0,2,1,2,2,1,1,1,1,2,0,3,2,3,3,3,3,0,1,2,2,3,1,1,0,2,3,1,1,1,1,3,3,0,1,3,2,2,2,2,3,0,2,3,2,3,3,3,0,2,3,3,3,0,2,1,2,0,0,0,1,2,0,2,3,1,0,3,2,2,0,0,2,0,3,3,2,0,0,0,2,2,3,3,2,3,2,3,3,2,3,3,0,3,2,3,1,3,3,0,3,2,2,2,0,3,2,2,3,3,2,0,3,0,2,1,2,0,2,3,3,2,0,2,2,3,2,2,2,2,2,1,1,0,3"
34,1.391502544697534,"0,2,2,3,2,1,2,2,1,0,1,0,2,2,2,1,3,2,2,3,3,0,2,2,3,3,3,3,3,3,3,1,1,2,1,1,1,0,3,3,2,3,2,0,0,1,1,2,1,3,2,3,2,2,2,0,3,0,0,0,2,2,3,3,1,2,2,2,0,0,3,3,3,3,2,3,0,1,1,3,3,0,0,2,2,0,3,2,2,3,0,3,3,3,3,1,1,2,3,3,3,2,0,3,2,3,2,3,3,2,3,2,2,3,1,2,0,2,3,1,3,2,2,2,0,2,1,1,0,3,0,3,3,0,2,1,1,3,2,2,2,2,3,0,2,1,2,2,1,1,1,1,2,0,3,2,3,3,3,3,0,1,2,2,3,1,1,0,2,3,1,1,1,1,3,3,0,1,3,2,2,2,2,3,0,2,3,2,3,3,3,0,2,3,3,3,0,2,3,2,0,0,0,1,2,0,2,3,1,0,3,2,2,0,0,0,0,3,3,2,0,0,0,2,2,3,3,2,3,2,3,3,2,3,3,0,3,3,3,1,3,3,0,3,2,2,2,0,3,2,2,3,3,2,2,3,0,2,1,3,0,2,3,3,2,0,2,2,3,2,2,2,2,2,1,1,0,3"
35,1.3905091613005867,"0,2,2,3,2,1,2,2,1,0,1,0,2,2,2,1,3,2,2,3,3,0,2,2,3,3,3,3,3,3,3,1,1,2,1,1,1,0,3,3,2,0,2,0,0,1,1,2,1,3,2,3,2,2,2,0,3,0,0,0,2,2,3,3,1,2,2,2,0,0,3,3,3,3,2,3,0,1,1,3,3,0,0,2,2,0,3,2,2,3,0,3,3,3,3,1,1,2,1,3,3,2,0,3,2,3,2,3,3,2,3,2,2,3,1,2,0,2,3,1,3,2,2,2,0,2,1,1,0,3,0,3,3,0,2,1,1,3,2,2,2,2,3,0,2,1,2,2,1,1,1,1,2,0,3,2,3,3,3,3,0,1,2,2,3,1,1,0,2,3,1,1,1,1,3,3,0,1,3,2,2,2,2,3,0,2,3,2,3,3,3,0,2,3,3,3,0,2,3,2,0,0,0,1,2,0,2,3,1,0,3,2,2,0,0,0,0,3,3,2,0,0,0,2,2,3,3,2,3,2,3,3,2,3,3,0,3,3,3,1,3,3,0,3,2,0,2,0,3,2,2,3,3,2,2,3,0,2,1,3,0,2,3,3,2,0,2,2,3,2,2,2,2,2,1,1,0,3"
36,1.3887315823742852,"0,2,2,3,2,1,2,2,1,0,1,0,2,2,2,1,3,2,2,3,3,0,2,2,3,3,3,3,3,3,3,1,1,2,1,1,1,0,3,3,2,0,2,0,0,1,1,2,1,3,0,3,2,2,2,0,3,0,0,0,2,2,3,3,1,2,2,2,0,0,3,3,3,0,2,3,0,1,1,3,3,0,0,2,2,0,3,2,2,3,0,3,3,3,3,1,1,2,1,3,3,2,0,3,2,3,2,3,1,2,3,2,2,3,1,2,0,2,3,1,3,2,2,2,0,2,1,1,0,3,0,3,3,0,2,1,1,3,2,2,0,2,3,0,2,1,2,2,1,1,0,1,2,0,3,2,3,3,3,3,0,1,2,2,3,1,1,0,2,3,1,1,1,1,3,3,0,1,3,2,2,2,2,3,0,2,3,2,3,3,3,0,2,3,3,3,0,2,3,2,0,0,0,1,2,0,2,3,1,0,3,2,2,2,0,0,0,2,3,2,0,0,0,2,2,3,3,2,3,2,3,3,2,3,3,0,3,3,3,1,3,3,0,3,0,2,2,0,3,2,2,3,3,2,2,3,0,2,1,3,0,2,3,3,2,0,2,2,3,2,2,2,2,2,1,1,0,3"
37,1.3924922332937415,"0,0,2,3,2,1,2,2,1,0,1,0,2,2,2,1,3,2,2,3,3,0,2,2,3,3,3,3,3,3,3,1,1,1,1,1,1,2,3,3,2,3,2,0,0,1,1,2,1,3,2,3,2,2,2,0,3,0,0,0,2,2,3,3,1,2,2,2,0,0,3,3,3,3,2,3,0,1,1,3,3,0,3,2,2,0,3,2,2,3,0,3,3,3,3,1,1,2,3,3,3,2,0,3,2,3,2,3,3,2,3,2,2,3,1,2,0,2,3,1,3,2,2,2,0,2,1,1,0,3,1,3,3,0,2,1,1,3,2,2,2,2,3,0,2,1,2,2,1,1,1,1,2,0,3,2,3,3,3,3,0,1,2,2,3,1,1,0,2,3,1,1,1,1,3,3,0,1,3,2,2,2,2,3,0,2,3,1,3,3,3,0,2,3,3,3,3,2,3,2,0,0,0,1,2,0,2,3,1,0,3,2,2,0,0,0,0,3,3,2,0,0,0,2,2,3,3,2,3,2,3,3,2,3,3,0,2,3,3,1,3,3,0,3,2,3,2,0,3,2,2,3,3,2,2,3,0,3,1,3,0,2,3,3,2,0,2,2,3,2,2,2,2,2,1,1,0,3"
38,1.3920675897292174,"0,0,2,3,2,1,2,2,1,0,1,0,2,2,2,1,3,2,2,3,3,0,2,2,3,3,3,3,3,3,3,1,1,1,1,1,1,2,3,3,2,3,2,0,0,1,1,2,1,3,2,3,2,2,2,0,3,0,0,0,2,2,3,3,1,2,2,2,0,0,3,3,3,3,2,3,0,1,1,3,3,0,3,2,2,0,3,2,2,3,0,3,3,3,3,1,1,2,3,3,3,2,0,3,2,3,2,3,3,2,3,2,2,3,1,2,0,3,3,1,3,2,2,2,0,2,1,1,0,3,0,3,3,0,2,1,1,3,2,2,2,2,3,0,2,1,2,2,1,1,1,1,2,0,3,2,3,3,3,3,0,1,2,2,3,1,1,0,2,0,1,1,1,1,3,3,0,1,3,2,2,2,2,3,0,2,3,2,3,3,3,0,2,3,3,3,2,2,1,2,0,0,0,1,2,0,2,3,1,0,3,3,2,0,0,2,0,3,3,2,0,0,0,2,2,3,2,0,0,2,2,3,2,3,3,3,2,2,3,2,3,3,0,1,2,0,2,0,3,2,2,3,3,2,2,3,0,2,1,3,0,2,3,3,2,0,2,2,3,2,2,2,2,2,1,1,0,3"
39,1.39268903761907,"0,0,2,3,2,1,2,2,1,0,1,0,2,2,2,1,3,2,2,3,3,0,2,2,3,3,3,3,3,3,3,1,1,1,1,1,1,2,3,3,2,3,2,0,0,1,1,2,1,3,2,3,2,2,2,0,3,0,0,0,2,2,3,3,1,2,2,2,0,0,3,3,3,3,2,3,0,1,1,3,3,0,0,2,2,0,3,2,2,3,0,3,3,3,3,1,1,2,3,3,3,2,0,3,2,3,2,3,3,2,3,2,2,3,1,1,0,2,3,1,3,2,2,2,0,2,1,1,0,3,0,3,3,0,2,1,1,3,2,2,2,2,3,0,2,1,2,2,1,1,1,1,2,0,3,2,3,3,3,3,0,1,2,2,3,1,1,0,2,0,1,1,1,1,3,3,0,1,3,2,2,2,2,3,0,2,3,2,3,3,3,0,2,3,3,3,0,2,3,2,0,0,0,1,2,0,2,3,1,0,3,2,2,0,0,0,0,3,3,2,0,2,0,2,2,3,3,2,3,2,3,3,2,3,3,0,3,3,3,1,3,3,0,3,2,2,2,0,3,2,2,3,3,2,2,3,0,2,1,3,0,2,3,3,2,0,2,2,3,2,0,2,2,2,1,1,0,3"
40,1.3917259075440094,"0,0,2,3,2,1,2,2,1,0,1,0,2,2,2,1,3,2,2,3,3,0,2,2,3,3,3,3,3,3,3,1,1,1,1,1,1,2,3,3,2,3,2,0,0,1,1,2,1,3,2,3,2,2,2,0,3,0,0,0,2,2,3,3,1,2,2,2,0,0,3,3,3,3,2,3,0,1,1,3,3,0,0,2,2,0,3,2,2,3,0,3,3,3,3,1,1,2,3,3,3,2,0,3,2,3,2,3,3,2,3,2,2,2,1,2,0,2,3,1,3,2,2,2,0,3,1,1,0,3,0,3,3,0,2,1,1,3,2,2,3,2,3,0,2,3,2,2,1,1,1,1,2,0,3,2,3,3,3,3,0,1,2,2,3,1,1,0,2,3,1,1,1,1,3,3,0,1,3,2,2,2,2,0,0,2,3,2,3,3,3,0,2,3,3,2,0,2,3,2,0,0,0,1,0,0,2,3,1,0,3,2,2,0,0,0,0,3,0,2,0,0,0,2,2,3,3,0,3,2,3,3,2,3,3,0,3,3,3,1,3,3,0,1,2,0,2,0,3,2,2,3,3,2,2,3,0,2,1,3,0,2,3,3,2,0,2,2,3,2,2,2,2,2,1,1,0,3"
41,1.394564858511324,"0,0,2,3,2,1,2,2,1,0,1,0,2,2,2,1,3,2,2,3,3,0,2,2,3,3,3,3,3,3,3,1,1,1,1,1,1,2,3,3,2,3,2,0,0,1,1,2,1,3,2,3,2,2,2,0,3,0,0,0,2,2,3,3,1,2,2,2,0,0,1,3,3,3,2,3,0,1,1,3,3,0,3,2,2,3,3,2,2,3,0,3,3,3,3,1,1,2,3,3,3,2,0,3,2,3,2,3,3,2,3,2,2,3,1,2,0,3,3,1,3,2,2,2,0,2,1,1,0,3,0,3,3,0,2,1,1,3,2,2,2,2,3,0,2,1,2,2,1,1,1,1,2,0,3,2,3,3,3,3,0,1,2,2,3,1,1,0,2,0,1,1,1,1,3,3,0,1,3,2,2,2,2,3,0,2,3,2,3,3,3,0,2,3,3,3,0,2,3,2,0,0,0,1,2,0,2,3,1,0,3,2,2,0,0,0,0,3,3,2,0,2,0,2,2,3,3,2,3,2,3,3,2,3,3,0,3,3,3,1,3,3,0,3,2,2,2,0,3,2,2,3,3,2,2,3,0,2,1,3,0,2,3,3,2,0,2,2,3,2,0,2,2,2,1,1,0,3"
42,1.3951565283210796,"0,0,2,3,2,1,2,2,1,0,1,0,2,2,2,1,3,2,2,3,3,0,2,2,3,3,3,3,3,3,3,1,1,1,1,1,1,2,3,3,2,3,2,0,0,1,1,2,1,3,2,3,2,2,2,0,3,0,0,0,2,2,3,3,1,2,2,2,0,0,1,3,3,3,2,3,0,1,1,3,3,0,3,2,2,3,3,2,2,3,0,3,3,3,3,1,1,2,3,3,3,2,0,3,2,3,2,3,3,2,3,2,2,3,1,2,0,3,3,1,3,2,2,2,0,2,1,1,0,3,0,3,3,0,2,1,1,3,2,2,2,2,3,0,2,1,2,2,1,1,1,1,2,0,3,2,3,3,3,3,0,1,2,2,3,1,1,0,2,0,1,1,1,1,3,3,0,1,3,2,2,2,2,3,0,2,3,2,3,3,3,0,2,3,3,3,0,2,3,2,0,0,0,1,3,0,2,3,1,0,3,2,2,0,0,0,0,3,3,2,0,2,0,2,2,3,3,2,3,2,3,3,2,3,3,0,3,3,3,1,3,3,0,3,2,2,2,0,3,2,2,3,3,2,2,3,2,2,3,3,3,3,2,3,2,0,2,2,3,2,2,2,2,2,1,1,0,3"
43,1.3947997703156705,"0,0,2,3,2,1,2,2,1,0,1,0,2,2,2,1,3,2,2,3,3,0,2,2,3,3,3,3,3,3,3,1,1,1,1,1,1,2,3,3,2,3,2,0,0,1,1,2,1,3,2,3,2,2,2,0,3,0,0,0,2,2,3,3,1,2,2,2,0,0,1,3,3,3,0,3,0,1,1,3,3,0,3,2,2,3,3,2,2,3,0,3,3,3,3,1,1,2,3,3,3,2,0,3,2,3,2,3,3,2,3,2,2,3,1,2,0,3,3,1,3,2,2,2,0,2,1,1,0,3,0,0,3,0,2,1,1,3,2,2,2,2,3,0,2,1,2,2,1,1,1,1,2,0,3,2,3,3,3,3,0,1,2,2,3,1,1,0,2,0,1,1,1,1,3,3,0,1,3,2,2,2,2,3,0,2,3,2,3,3,3,0,2,3,3,3,0,2,3,2,0,0,0,1,2,0,2,3,1,0,3,2,2,0,0,0,0,3,3,2,0,2,0,2,2,3,3,2,3,2,3,3,2,3,3,0,3,3,3,1,3,3,0,1,2,0,2,2,3,2,2,2,3,2,2,3,2,2,3,3,3,3,2,3,2,0,2,2,3,2,2,2,2,2,1,1,0,3"
44,1.3956336429350324,"0,0,2,3,2,1,2,2,1,0,1,0,2,2,2,1,3,2,2,3,3,0,2,2,3,3,3,3,3,3,3,1,1,1,1,1,1,2,3,3,2,3,2,0,0,1,1,2,1,3,2,3,2,2,2,0,3,0,0,0,2,2,3,3,1,2,2,3,0,0,1,3,3,3,2,3,0,1,1,3,3,0,3,2,2,3,3,2,2,3,0,3,3,3,3,1,1,2,3,3,3,2,0,3,2,3,2,3,3,2,3,2,2,3,1,2,0,3,3,1,3,2,2,2,0,2,1,1,0,3,0,3,3,0,2,1,1,3,2,2,2,2,3,0,2,1,2,2,1,1,1,1,2,0,3,2,3,3,3,3,0,1,2,2,3,1,1,0,2,0,1,1,1,1,3,3,0,1,3,2,2,2,2,3,0,2,3,2,3,3,3,0,2,3,3,3,0,2,2,2,0,0,0,1,2,0,2,3,1,0,3,2,2,0,0,0,0,3,3,2,0,2,0,2,2,3,3,2,3,2,3,3,2,3,3,0,3,3,3,1,3,3,0,3,2,2,2,2,3,2,2,3,3,2,2,3,2,2,3,3,3,3,2,3,2,0,2,2,3,2,2,2,2,2,1,1,0,3"
45,1.3959635406354545,"0,0,2,3,2,1,2,2,1,0,1,0,2,2,2,1,3,2,2,3,3,0,2,2,3,3,3,3,3,3,3,1,1,1,1,1,1,2,3,3,2,3,2,0,0,1,1,2,1,3,2,3,2,2,2,0,3,0,0,0,2,2,3,3,1,2,2,3,0,0,1,3,3,3,2,3,0,1,1,3,3,0,3,2,2,3,3,2,2,3,0,3,3,3,3,1,1,2,3,3,3,2,0,3,2,3,2,3,3,2,3,2,2,3,1,2,0,3,3,1,3,2,2,2,0,2,1,1,0,3,0,3,3,0,2,1,1,3,2,2,2,2,3,0,2,1,2,2,1,1,1,1,2,0,3,2,3,3,3,3,0,1,2,2,3,1,1,0,2,0,1,1,1,1,3,3,0,3,3,2,2,2,2,3,0,2,3,2,3,3,3,0,2,3,3,3,0,2,3,2,0,0,0,1,2,0,2,3,1,0,3,2,2,0,0,0,2,3,3,2,0,2,0,2,2,3,3,2,3,2,3,3,2,3,3,0,3,3,3,1,3,3,0,1,3,0,2,2,3,2,2,2,3,2,2,3,2,2,3,3,3,3,2,3,2,0,2,2,3,2,2,2,2,2,1,1,0,3"
46,1.3959635406354545,"0,0,2,3,2,1,2,2,1,0,1,0,2,2,2,1,3,2,2,3,3,0,2,2,3,3,3,3,3,3,3,1,1,1,1,1,1,2,3,3,2,3,2,0,0,1,1,2,1,3,2,3,2,2,2,0,3,0,0,0,2,2,3,3,1,2,2,3,0,0,1,3,3,3,2,3,0,1,1,3,3,0,3,2,2,3,3,2,2,3,0,3,3,3,3,1,1,2,3,3,3,2,0,3,2,3,2,3,3,2,3,2,2,3,1,2,0,3,3,1,3,2,2,2,0,2,1,1,0,3,0,3,3,0,2,1,1,3,2,2,2,2,3,0,2,1,2,2,1,1,1,1,2,0,3,2,3,3,3,3,0,1,2,2,3,1,1,0,2,0,1,1,1,1,3,3,0,3,3,2,2,2,2,3,0,2,3,2,3,3,3,0,2,3,3,3,0,2,3,2,0,0,0,1,2,0,2,3,1,0,3,2,2,0,0,0,2,3,3,2,0,2,0,2,2,3,3,2,3,2,3,3,2,3,3,0,3,3,3,1,3,3,0,1,3,0,2,2,3,2,2,2,3,2,2,3,2,2,3,3,3,3,2,3,2,0,2,2,3,2,2,2,2,2,1,1,0,3"
47,1.3967086657799033,"0,0,2,3,2,1,2,2,1,0,1,0,2,2,2,1,3,2,2,3,3,0,2,2,3,3,3,3,3,3,3,1,1,1,1,1,1,2,3,3,2,3,2,0,0,1,1,2,1,3,2,3,2,2,2,0,3,0,0,0,2,2,3,3,2,2,2,2,0,0,1,3,3,3,2,3,0,1,1,3,3,0,3,2,2,3,3,2,2,3,0,3,3,3,3,1,1,2,3,3,3,2,0,3,2,3,2,3,3,2,3,2,2,3,1,2,0,3,2,1,3,2,2,2,0,2,1,1,0,3,0,3,3,0,2,1,1,3,2,2,2,2,3,0,2,1,2,2,1,1,1,1,2,0,3,2,3,3,3,3,0,1,2,2,3,1,1,0,2,0,1,1,1,1,3,3,0,3,3,2,2,2,2,3,0,2,3,2,3,3,3,0,2,3,3,3,0,2,3,2,0,0,0,1,2,0,2,0,1,0,3,2,2,0,0,0,2,3,3,2,0,2,0,2,2,3,3,2,3,2,3,3,2,3,3,0,3,3,3,1,3,3,0,1,3,0,2,2,3,2,2,2,3,2,2,3,2,2,3,3,3,3,2,3,2,0,2,2,3,2,2,2,2,2,1,1,0,3"
48,1.39721304915209,"0,0,2,3,2,1,2,2,1,0,1,0,2,2,3,1,3,2,2,3,3,0,2,2,3,3,3,3,3,3,3,1,1,1,1,1,1,2,3,3,2,3,2,0,0,1,1,2,1,3,2,3,2,2,2,0,3,0,0,0,2,2,3,3,2,2,2,2,0,0,1,3,3,3,2,3,0,1,1,3,3,0,3,2,2,3,3,2,2,3,0,3,3,3,3,1,1,2,3,3,3,2,0,3,2,3,2,3,3,2,3,2,2,3,1,2,0,3,2,1,3,2,2,2,0,2,1,1,0,3,0,3,3,0,2,1,1,3,2,2,2,2,3,0,2,1,2,2,1,1,1,1,2,0,3,2,3,3,3,3,0,1,2,2,3,1,1,0,2,0,1,1,1,1,3,3,0,3,3,2,2,2,2,3,0,2,3,2,3,3,3,0,2,3,3,3,0,2,3,2,0,0,0,1,2,0,2,0,1,0,3,2,2,0,0,0,2,3,3,2,2,2,0,2,2,3,3,2,3,2,3,3,2,3,3,0,3,3,3,1,3,3,0,3,2,2,2,0,3,2,2,2,3,2,2,3,2,2,3,3,3,3,2,3,2,0,2,2,3,2,2,2,2,2,1,1,0,3"
49,1.3981121437657287,"0,0,2,3,2,1,2,2,1,0,1,0,2,2,3,1,3,2,2,3,3,0,2,2,3,3,3,3,3,3,3,1,1,1,1,1,1,2,3,3,2,3,2,2,0,1,1,2,1,3,2,3,2,2,2,0,3,0,0,0,2,2,3,3,2,2,2,2,0,0,1,3,3,3,2,3,0,1,1,3,3,0,3,2,2,3,3,2,2,3,0,3,3,3,3,1,1,2,3,3,3,2,0,3,2,3,2,3,3,2,3,2,2,3,1,2,0,3,2,1,3,2,2,2,0,2,1,1,0,3,0,3,3,0,2,1,1,3,2,2,2,2,3,0,2,1,2,2,3,1,1,1,2,0,3,2,3,3,3,3,0,1,2,2,3,1,1,0,2,0,1,1,1,1,3,3,0,3,3,2,2,2,2,3,0,2,3,2,3,3,3,0,2,3,3,3,0,2,3,2,0,0,0,1,2,0,2,0,1,0,3,2,2,0,0,0,2,3,3,2,2,2,0,2,2,3,3,2,3,2,3,3,2,3,3,0,3,3,3,1,3,3,0,3,2,2,2,0,3,2,2,2,3,2,2,3,2,2,3,3,3,3,2,3,2,0,2,2,3,2,2,2,2,2,1,1,0,3"
50,1.3981121437657287,"0,0,2,3,2,1,2,2,1,0,1,0,2,2,3,1,3,2,2,3,3,0,2,2,3,3,3,3,3,3,3,1,1,1,1,1,1,2,3,3,2,3,2,2,0,1,1,2,1,3,2,3,2,2,2,0,3,0,0,0,2,2,3,3,2,2,2,2,0,0,1,3,3,3,2,3,0,1,1,3,3,0,3,2,2,3,3,2,2,3,0,3,3,3,3,1,1,2,3,3,3,2,0,3,2,3,2,3,3,2,3,2,2,3,1,2,0,3,2,1,3,2,2,2,0,2,1,1,0,3,0,3,3,0,2,1,1,3,2,2,2,2,3,0,2,1,2,2,3,1,1,1,2,0,3,2,3,3,3,3,0,1,2,2,3,1,1,0,2,0,1,1,1,1,3,3,0,3,3,2,2,2,2,3,0,2,3,2,3,3,3,0,2,3,3,3,0,2,3,2,0,0,0,1,2,0,2,0,1,0,3,2,2,0,0,0,2,3,3,2,2,2,0,2,2,3,3,2,3,2,3,3,2,3,3,0,3,3,3,1,3,3,0,3,2,2,2,0,3,2,2,2,3,2,2,3,2,2,3,3,3,3,2,3,2,0,2,2,3,2,2,2,2,2,1,1,0,3"
51,1.3988030505649913,"0,0,2,3,2,1,2,2,1,0,1,0,2,2,3,1,3,2,2,3,3,0,2,2,3,3,3,3,3,3,3,1,1,1,1,1,1,2,3,3,2,3,2,2,0,1,1,2,1,3,2,3,2,2,2,2,3,0,0,0,2,2,3,3,2,2,2,2,0,0,1,3,3,3,2,3,0,1,1,3,3,0,3,2,2,3,3,2,2,3,0,3,3,3,0,1,1,2,3,3,3,2,0,3,2,3,2,3,3,2,3,2,2,3,1,2,0,3,2,1,3,2,2,2,0,2,1,1,0,3,0,3,3,0,2,1,1,3,2,2,2,2,3,0,2,1,2,2,3,1,1,1,2,0,3,2,3,3,3,3,0,1,3,2,3,1,1,0,2,0,1,1,1,1,3,3,0,3,3,2,2,2,2,3,0,2,3,2,3,3,3,0,2,3,3,3,0,2,3,2,0,0,0,1,2,0,2,0,1,0,3,2,2,0,0,0,2,3,3,2,2,2,0,2,2,3,3,2,3,2,3,3,2,3,3,0,3,3,3,1,3,3,0,3,2,2,2,0,3,2,2,2,3,2,2,3,2,2,3,3,3,3,2,3,2,0,2,2,3,2,2,2,2,2,1,1,0,3"
52,1.399003893972324,"0,0,2,3,2,1,2,2,1,0,1,0,2,2,3,1,3,2,2,3,3,0,2,2,3,3,3,3,3,3,3,1,1,1,1,1,1,2,3,3,2,3,2,2,0,1,1,2,2,3,2,3,2,2,2,2,3,0,0,0,2,2,3,3,2,2,2,2,0,0,1,3,3,3,2,3,0,1,1,3,3,0,3,2,2,3,3,2,2,3,0,3,3,3,0,1,1,2,3,3,3,2,0,3,2,3,2,3,3,2,3,2,2,3,1,2,0,3,2,1,3,2,2,2,0,2,1,1,0,3,0,3,3,0,2,1,1,3,2,2,2,2,3,0,2,1,2,2,3,1,1,1,2,0,3,2,3,3,3,3,0,1,3,2,3,1,1,0,2,0,1,1,1,1,3,3,0,3,3,2,2,2,2,3,0,2,3,2,3,3,3,0,2,3,3,3,0,2,3,2,0,0,0,1,2,0,2,0,1,0,3,2,2,0,0,0,2,3,3,2,2,2,0,2,2,3,3,2,3,2,3,3,2,3,3,0,3,3,3,1,3,3,0,3,2,2,2,0,3,2,2,2,3,2,2,3,2,2,3,3,3,3,2,3,2,0,0,2,3,2,2,2,2,2,1,1,0,3"
53,1.3993279565212184,"0,0,2,3,2,1,2,2,1,0,1,0,2,2,3,1,3,2,2,3,3,0,2,2,3,3,3,3,3,3,3,1,1,1,1,1,1,2,3,3,2,3,2,2,0,1,1,2,2,3,2,3,2,2,2,2,3,0,0,0,2,2,3,3,2,2,2,2,0,0,1,3,3,3,2,3,0,1,1,3,3,0,3,2,2,3,3,2,2,3,0,3,3,3,0,1,1,2,3,3,3,2,0,3,2,3,2,3,3,2,3,2,2,3,1,2,0,3,2,1,3,2,2,2,0,2,1,1,0,3,0,3,3,0,2,1,1,3,2,2,2,2,3,0,2,1,2,2,3,1,1,1,2,0,3,2,3,3,3,3,0,1,3,2,3,1,1,0,2,0,1,1,1,1,3,3,0,3,3,2,2,2,2,3,0,2,3,2,3,3,3,0,2,3,3,3,0,2,3,2,0,0,0,1,2,0,2,0,1,0,3,2,2,0,0,0,2,3,3,2,2,2,0,2,2,3,3,2,3,2,3,3,2,3,3,0,3,3,3,1,3,3,0,3,2,2,2,0,3,2,2,2,3,2,2,3,2,2,3,3,3,3,2,3,2,0,2,2,3,2,2,2,2,2,1,1,0,3"
54,1.3989894863186283,"0,0,2,3,2,1,2,2,1,0,1,0,2,2,3,1,3,2,2,3,3,0,2,2,3,3,3,3,3,3,3,1,1,1,1,1,1,2,3,3,2,3,2,2,0,1,1,2,2,3,2,3,2,2,2,2,3,0,0,0,2,2,3,3,2,2,2,2,0,0,1,3,3,3,2,3,0,1,1,3,3,0,3,2,2,3,3,2,2,3,0,3,3,3,0,1,1,2,3,3,3,2,0,3,2,3,2,3,3,2,3,2,2,3,1,2,0,3,2,1,3,2,2,2,0,2,1,1,0,3,0,3,3,0,1,1,1,3,2,2,2,2,3,0,2,1,2,2,3,1,1,1,2,0,3,2,3,3,3,3,0,1,3,2,3,1,1,0,2,0,1,1,1,1,3,3,0,3,3,2,2,2,2,3,0,2,3,2,3,3,3,3,2,3,3,3,0,2,3,2,0,0,0,1,2,0,2,0,1,0,3,2,2,0,0,0,2,3,3,2,2,2,0,2,2,3,3,2,3,2,3,3,2,2,3,0,3,3,3,1,3,3,0,3,2,2,2,0,3,2,2,2,3,2,2,3,2,2,3,3,3,3,2,3,2,0,2,2,3,2,2,2,2,2,1,1,0,3"
55,1.3984608608143256,"0,0,2,3,2,1,2,2,1,0,1,0,2,2,3,1,3,2,2,3,3,2,2,2,3,3,3,3,3,3,3,1,1,1,1,1,1,2,3,3,2,3,2,2,0,1,1,2,1,3,2,3,2,2,2,2,3,0,0,0,2,2,3,3,2,2,2,2,0,0,1,3,3,3,2,3,0,1,1,3,3,0,3,2,2,3,3,2,2,3,0,3,3,3,0,1,1,2,3,3,3,2,0,3,2,3,2,3,3,2,3,2,2,3,1,2,0,3,2,1,3,2,2,2,0,2,1,1,0,3,0,3,3,0,2,1,1,3,2,2,2,2,3,0,2,1,2,2,3,1,1,1,2,0,3,2,3,3,3,3,0,1,3,2,3,1,1,0,2,0,1,1,1,1,3,3,0,3,3,2,2,2,2,3,0,2,3,2,3,3,3,0,2,3,3,3,0,2,3,2,0,0,0,1,2,0,2,0,1,0,3,2,2,0,0,0,2,3,3,2,2,2,0,2,2,3,3,2,3,2,3,3,2,3,3,0,3,3,3,1,3,3,0,3,2,2,2,0,3,2,2,0,3,2,2,3,2,2,3,3,3,3,2,3,2,0,0,2,3,2,2,2,2,2,1,1,0,3"
56,1.399581024208001,"0,0,2,3,2,1,2,2,1,0,1,0,2,2,3,1,3,2,2,3,3,2,2,2,3,3,3,3,3,3,3,1,1,1,1,1,1,2,3,3,2,3,2,2,0,1,1,2,1,3,2,3,2,2,2,2,3,0,0,0,2,2,3,3,2,2,2,2,0,0,1,3,3,3,2,3,0,1,1,3,3,0,3,2,2,3,3,2,2,3,0,3,3,3,0,1,1,2,3,3,3,2,0,3,2,3,2,3,3,2,3,2,2,3,1,2,0,3,2,1,3,2,2,2,0,2,1,1,0,3,0,3,3,0,2,1,1,3,2,2,2,2,3,0,2,1,2,2,3,1,1,1,2,0,3,2,3,3,3,3,0,1,3,2,3,1,1,0,2,0,1,1,1,1,3,3,0,3,3,2,2,2,2,3,0,2,3,2,3,3,3,0,2,3,3,3,0,2,3,2,0,0,0,0,2,0,2,0,1,0,3,2,2,0,0,0,2,3,3,2,2,2,0,2,2,3,3,2,3,2,3,3,2,3,3,0,3,3,3,1,3,3,0,3,2,2,2,0,3,2,2,2,3,2,2,3,2,2,3,3,3,3,2,3,2,0,2,2,3,2,2,2,2,2,1,1,0,3"
57,1.4003703973603974,"0,0,2,3,2,1,2,2,1,0,1,0,2,2,3,1,3,2,2,3,3,2,2,2,3,3,3,3,3,3,3,1,1,1,1,1,1,2,3,3,2,3,2,3,0,1,1,2,1,3,2,3,2,2,2,2,3,0,0,0,2,2,3,3,2,2,2,2,0,0,1,3,3,3,2,3,0,1,1,3,3,0,3,2,2,3,3,2,2,3,0,3,3,3,1,1,1,2,3,3,3,2,0,3,2,3,2,3,3,2,3,2,2,3,2,2,0,3,2,1,3,2,2,2,0,2,1,1,0,3,0,3,3,0,2,1,1,3,2,2,2,2,3,0,2,1,2,2,3,1,1,1,2,0,3,2,3,3,3,3,0,1,3,2,3,1,1,0,2,0,1,1,1,1,3,3,0,3,3,2,2,2,2,3,0,2,3,2,3,3,3,0,2,3,3,3,0,2,3,2,0,0,0,0,2,0,2,0,1,0,3,2,2,0,0,0,2,3,3,2,2,2,0,2,2,3,3,2,3,2,3,3,2,3,3,0,3,3,3,1,3,3,0,3,2,2,2,0,3,2,2,2,3,2,2,3,2,2,3,3,3,3,2,3,2,0,2,2,0,2,2,2,2,2,1,1,0,3"
58,1.3998620816915328,"0,0,2,3,2,1,2,2,1,0,1,0,2,2,3,1,3,2,2,3,3,2,2,2,3,3,3,3,3,3,3,1,1,1,1,1,1,2,3,3,2,3,2,3,0,1,1,2,1,3,2,3,2,2,2,2,3,0,0,0,2,2,3,3,2,2,2,2,0,0,1,3,3,3,2,3,0,1,1,3,3,0,3,2,2,3,3,2,2,3,0,3,3,3,1,1,1,2,3,3,3,2,0,3,2,3,2,3,3,2,3,2,2,3,2,2,0,3,2,1,3,2,2,2,0,2,1,1,0,3,0,3,3,0,2,1,1,3,2,2,2,2,3,0,2,1,2,2,3,1,1,1,2,0,3,2,3,3,3,3,0,1,3,2,3,1,1,0,2,0,1,1,1,1,3,3,0,3,3,2,2,2,2,3,0,2,3,2,3,3,3,0,2,3,3,3,0,2,3,2,0,0,0,0,2,0,2,0,1,0,3,2,2,0,0,0,2,3,3,2,2,2,0,2,2,3,3,2,3,2,3,3,2,3,3,0,3,3,3,1,3,3,0,3,2,2,2,0,3,2,2,2,3,2,2,1,2,2,3,3,3,3,2,3,2,0,2,2,3,2,2,2,2,2,1,1,0,3"
59,1.4011431028585417,"0,0,2,3,2,1,2,2,1,0,1,0,2,2,3,1,3,2,2,3,3,2,2,2,3,3,3,3,3,3,3,1,1,1,1,1,1,2,3,3,2,3,2,2,0,1,1,2,2,3,2,3,2,2,3,2,3,0,3,0,2,2,3,3,2,2,2,2,0,0,1,3,3,3,2,3,0,1,1,3,3,2,3,2,2,3,3,2,2,3,0,3,3,3,1,1,1,2,3,3,3,2,0,3,2,3,2,3,3,2,3,2,2,3,1,2,0,3,2,1,3,2,2,2,0,2,1,1,0,3,0,3,3,0,2,1,1,3,2,2,2,2,3,0,2,1,2,2,3,1,1,1,2,0,3,2,3,3,3,3,0,1,3,2,3,1,1,0,2,0,1,1,1,1,3,3,0,3,3,2,2,2,2,3,0,2,3,2,3,3,3,0,2,3,3,3,0,2,3,2,0,0,0,0,2,0,2,0,1,0,3,2,2,0,0,0,2,3,3,2,2,2,0,2,2,3,3,2,3,2,3,3,2,3,3,0,3,3,3,1,3,3,0,3,2,2,2,0,3,2,2,2,3,2,2,3,2,2,3,3,3,3,2,3,2,0,2,2,0,2,2,2,2,2,1,1,0,3"
60,1.4015376017086352,"0,0,2,3,2,1,2,2,1,0,1,0,2,2,3,1,3,2,2,3,3,2,2,2,3,3,3,3,3,3,3,1,1,1,1,1,1,2,3,3,2,3,2,2,0,1,1,2,2,3,2,3,2,2,3,2,3,0,3,0,2,2,3,3,2,2,2,2,0,0,1,3,3,3,2,3,0,1,1,3,3,2,3,2,2,3,3,2,2,3,0,3,3,3,1,1,1,2,3,3,3,2,0,3,2,3,2,3,3,2,3,2,2,3,1,2,0,3,2,1,3,2,2,2,0,2,1,1,0,3,0,3,3,0,2,1,1,3,2,2,2,2,3,0,2,1,2,2,3,1,1,1,2,0,3,2,3,3,3,3,0,1,3,2,3,1,1,0,2,0,1,1,1,1,3,3,0,3,3,2,2,2,2,3,0,2,3,2,3,3,3,0,2,3,3,3,0,2,3,2,0,0,0,0,2,0,2,0,1,0,3,2,2,0,0,0,2,3,3,2,2,2,0,2,2,3,3,2,3,2,3,3,2,3,3,0,3,3,3,1,3,3,0,3,2,2,2,0,3,2,2,2,3,2,2,3,2,2,3,3,3,2,2,3,2,0,2,2,3,2,2,2,2,2,1,1,0,3"
61,1.4016476989290667,"0,0,2,3,2,1,2,2,1,0,1,0,2,2,3,1,3,2,2,3,3,2,2,2,3,3,3,3,3,3,3,1,1,1,1,1,1,2,3,3,2,3,2,2,0,1,1,2,2,3,2,3,2,2,3,2,3,0,3,0,2,2,3,3,2,2,2,2,0,0,1,3,3,3,2,3,0,1,1,3,3,2,3,2,2,3,3,2,2,3,0,3,3,3,1,1,1,2,3,3,3,2,0,3,2,3,2,3,3,2,3,2,2,3,1,2,0,3,2,1,3,2,2,2,0,2,1,1,0,3,0,3,3,0,2,1,1,3,2,2,2,2,3,0,2,1,2,2,3,1,1,1,2,0,3,2,3,3,3,3,0,1,3,2,3,1,1,0,2,0,1,1,1,1,3,3,0,3,3,2,2,2,2,3,0,2,3,2,3,3,3,0,2,3,3,3,0,2,3,2,0,0,0,0,2,0,2,0,1,0,3,2,2,0,0,0,2,3,3,2,2,2,0,2,2,3,3,2,3,2,3,3,3,3,3,0,3,3,3,1,3,3,0,3,2,2,2,3,3,2,2,2,3,2,2,3,2,2,3,3,3,3,2,3,2,0,2,2,3,2,2,2,2,2,1,1,0,3"
62,1.4015634229162974,"0,0,2,3,2,1,2,2,1,0,1,0,2,2,3,1,3,2,2,3,3,2,2,2,3,3,3,3,3,3,3,1,1,1,1,1,1,2,3,3,2,3,2,2,0,1,1,2,2,3,2,3,2,2,3,2,3,0,3,0,2,2,3,3,2,2,2,2,0,0,1,3,3,3,2,3,0,1,1,3,3,2,3,2,2,3,3,2,2,3,0,3,3,3,1,1,1,2,3,3,3,2,0,3,2,3,2,3,3,2,3,2,2,3,1,2,0,3,2,1,3,2,2,2,0,2,1,1,0,3,0,3,3,0,2,1,1,3,2,2,2,2,3,0,2,1,2,2,3,1,1,1,2,0,3,2,3,3,3,3,0,1,3,2,3,1,1,0,2,0,1,1,1,1,3,3,0,3,3,2,2,2,2,3,0,2,3,2,3,3,3,0,2,3,3,3,0,2,3,2,0,0,0,0,2,0,2,0,1,0,3,2,2,0,2,0,2,3,3,2,2,2,0,2,2,3,3,2,3,2,3,3,2,3,3,0,3,3,3,1,3,3,0,3,2,2,2,0,3,2,2,2,3,2,2,3,2,2,3,3,3,3,2,3,2,0,2,2,3,2,2,2,2,2,1,1,0,3"
63,1.400697128395838,"0,0,2,3,2,1,2,2,1,0,1,0,2,2,3,1,3,2,2,3,3,2,2,2,3,3,3,3,3,3,3,1,1,1,1,1,1,2,3,3,2,3,2,2,0,1,1,2,2,3,2,3,2,2,3,2,3,0,3,0,2,2,3,3,2,2,2,2,0,0,1,3,3,3,2,3,0,1,1,3,3,2,3,2,2,3,3,2,2,3,0,3,3,3,1,1,1,2,3,3,3,2,0,3,2,3,2,3,3,2,3,2,2,3,1,2,0,3,2,1,3,2,2,2,0,2,1,1,0,3,0,3,3,0,1,1,1,3,2,2,2,2,3,0,2,1,2,2,3,1,1,1,2,0,3,2,3,3,3,3,0,1,3,2,3,1,1,0,2,0,1,1,1,1,3,3,0,3,3,2,2,2,2,3,0,2,3,2,3,3,3,0,2,1,3,3,0,2,3,2,0,0,0,0,2,0,2,0,1,0,3,2,2,0,2,0,2,3,3,2,2,2,0,2,2,3,3,2,3,2,3,3,2,3,3,0,3,3,3,1,3,3,0,3,2,2,2,0,3,2,2,2,3,2,2,3,2,2,3,3,3,3,2,3,2,0,2,2,3,2,2,2,2,2,1,1,0,3"
64,1.4012706751601383,"0,0,2,3,2,1,2,2,1,0,1,0,2,2,3,1,3,2,2,3,3,2,2,2,3,3,3,3,3,3,3,1,1,1,1,1,1,2,3,3,2,3,2,2,0,1,1,2,2,3,2,3,2,2,3,2,3,0,3,0,2,2,3,3,2,2,2,2,0,0,1,3,3,3,2,3,0,1,1,3,3,2,3,2,2,3,3,2,2,3,0,3,3,3,1,1,1,2,3,3,3,2,0,3,2,3,2,3,3,2,3,2,2,0,1,2,0,3,2,1,3,2,2,2,0,2,1,1,0,3,0,3,3,0,2,1,1,3,2,2,2,2,3,0,2,1,2,2,3,1,1,1,2,0,3,2,3,3,3,3,0,1,3,2,3,1,1,0,2,0,1,1,1,1,3,3,0,3,3,2,2,2,2,3,0,2,3,2,3,3,3,0,2,3,3,3,0,2,3,2,0,0,0,0,2,0,2,0,1,0,3,2,2,0,2,0,2,3,3,2,2,2,0,2,2,3,3,2,3,2,3,3,2,3,3,0,3,3,3,1,3,3,0,3,2,2,2,0,3,2,2,2,3,2,2,3,2,2,3,3,3,3,2,3,2,0,2,2,3,2,2,2,2,2,1,1,0,3"
65,1.402279039197628,"0,0,2,3,2,1,2,2,1,0,1,0,2,2,3,1,3,2,2,3,3,2,2,2,3,3,3,3,3,3,3,1,1,1,1,1,1,2,3,3,2,3,2,2,0,1,1,2,2,3,2,3,2,2,3,2,3,0,3,0,2,2,3,3,2,2,2,2,0,0,1,3,3,3,2,3,0,1,1,3,3,2,3,2,2,3,3,2,2,3,0,3,3,3,1,1,2,2,3,3,3,2,0,3,2,3,2,3,3,2,3,2,2,3,1,2,0,3,2,1,3,2,2,2,0,2,1,1,0,3,0,3,3,0,2,1,1,3,2,2,2,2,3,0,2,1,2,2,3,1,1,1,2,0,3,2,3,3,3,3,0,1,3,2,3,1,1,0,2,0,1,1,1,1,3,3,0,0,3,2,2,2,2,3,0,2,3,2,3,3,3,0,2,3,3,3,0,2,3,2,0,0,0,0,2,0,2,0,3,0,3,2,2,0,0,0,2,3,3,2,2,2,0,2,2,3,3,2,3,2,3,3,3,3,3,0,3,3,3,1,3,3,0,3,2,2,2,3,3,2,2,2,3,2,2,2,2,2,3,3,3,3,2,3,2,0,2,2,3,2,2,2,2,2,1,1,0,3"
66,1.402279039197628,"0,0,2,3,2,1,2,2,1,0,1,0,2,2,3,1,3,2,2,3,3,2,2,2,3,3,3,3,3,3,3,1,1,1,1,1,1,2,3,3,2,3,2,2,0,1,1,2,2,3,2,3,2,2,3,2,3,0,3,0,2,2,3,3,2,2,2,2,0,0,1,3,3,3,2,3,0,1,1,3,3,2,3,2,2,3,3,2,2,3,0,3,3,3,1,1,2,2,3,3,3,2,0,3,2,3,2,3,3,2,3,2,2,3,1,2,0,3,2,1,3,2,2,2,0,2,1,1,0,3,0,3,3,0,2,1,1,3,2,2,2,2,3,0,2,1,2,2,3,1,1,1,2,0,3,2,3,3,3,3,0,1,3,2,3,1,1,0,2,0,1,1,1,1,3,3,0,0,3,2,2,2,2,3,0,2,3,2,3,3,3,0,2,3,3,3,0,2,3,2,0,0,0,0,2,0,2,0,3,0,3,2,2,0,0,0,2,3,3,2,2,2,0,2,2,3,3,2,3,2,3,3,3,3,3,0,3,3,3,1,3,3,0,3,2,2,2,3,3,2,2,2,3,2,2,2,2,2,3,3,3,3,2,3,2,0,2,2,3,2,2,2,2,2,1,1,0,3"
67,1.4033252128676144,"0,0,2,3,2,1,2,2,1,0,1,0,2,2,3,1,3,2,2,3,3,2,2,2,3,3,3,3,3,3,3,1,1,1,1,1,1,2,3,3,2,3,2,2,0,1,1,2,2,3,2,3,2,2,3,2,3,2,3,0,2,2,3,3,2,2,2,2,3,0,1,3,3,3,2,3,0,1,1,3,3,2,3,2,2,3,3,2,2,3,3,3,3,3,1,1,2,2,3,3,3,2,0,3,2,3,2,3,3,2,3,2,2,3,1,2,0,3,2,1,3,2,2,2,0,2,1,1,0,3,2,3,3,0,2,1,1,3,2,2,2,2,3,0,2,1,2,2,3,1,1,1,2,0,3,2,3,3,3,3,0,1,3,2,3,1,1,0,2,0,1,1,1,1,3,3,0,3,3,2,2,2,2,3,0,2,3,2,3,3,3,0,2,3,3,3,0,2,3,2,0,0,0,0,2,0,2,0,1,0,3,2,2,0,2,0,2,3,3,2,2,2,0,2,2,3,3,2,3,2,3,3,2,3,3,0,3,3,3,1,3,3,0,3,2,2,2,0,3,2,2,2,3,2,2,3,2,2,3,3,3,3,2,3,2,0,2,2,3,2,2,2,2,2,1,1,0,3"
68,1.4036986603840258,"0,0,2,3,2,1,2,2,1,0,1,0,2,2,3,1,3,2,2,3,3,2,2,2,3,3,3,3,3,3,3,1,1,1,1,1,1,2,3,3,2,3,2,2,0,1,1,2,2,3,2,3,2,2,3,2,3,2,3,0,2,2,3,3,2,2,2,2,3,0,1,3,3,3,2,3,0,1,1,3,3,2,3,2,2,3,3,2,2,3,3,3,3,3,1,1,2,2,3,3,3,2,0,3,2,3,2,3,3,2,3,2,2,3,1,2,0,3,2,1,3,2,2,2,0,2,1,1,0,3,2,3,3,0,2,1,1,3,2,2,2,2,3,0,2,1,2,2,3,1,1,1,2,0,3,2,3,3,3,3,0,1,3,2,3,1,1,0,2,0,1,1,1,1,3,3,0,3,3,2,2,2,2,3,0,2,3,2,3,3,3,0,2,3,3,3,0,2,3,2,0,0,0,0,2,0,2,0,1,0,3,2,2,0,2,0,2,3,3,2,2,2,0,2,2,3,3,2,3,2,3,3,2,3,3,0,3,3,3,1,3,3,0,3,2,2,2,3,3,2,2,2,3,2,2,2,2,2,3,3,3,3,2,3,2,0,2,2,3,2,2,2,2,2,1,1,0,3"
69,1.4030636796120737,"0,0,2,3,2,1,2,2,1,0,1,0,2,2,3,1,3,2,2,3,3,2,2,2,3,3,3,3,3,3,3,1,1,1,1,1,1,2,3,3,2,3,2,2,0,1,1,2,2,3,2,3,2,2,3,2,3,2,3,0,2,2,3,3,2,2,2,2,3,0,1,3,3,3,2,3,0,1,1,3,3,2,3,2,2,3,3,2,2,3,3,3,3,3,1,1,2,2,3,3,3,2,0,3,2,3,2,3,3,2,3,2,2,3,1,2,0,3,2,1,3,2,2,2,0,0,1,1,0,3,2,3,3,0,2,1,1,3,2,2,2,2,3,0,2,1,2,2,3,1,1,1,2,0,3,2,3,3,3,3,0,1,3,2,3,1,1,0,2,0,1,1,1,1,3,3,0,3,3,2,2,2,2,3,0,2,3,2,3,0,3,0,2,3,3,3,0,2,3,2,0,0,0,0,2,0,2,0,1,0,3,2,2,0,2,0,2,3,3,2,2,2,0,2,2,3,3,2,3,2,3,3,2,3,3,0,3,3,3,1,3,3,0,3,2,2,2,3,3,2,2,2,3,2,2,2,2,2,3,3,3,3,2,3,2,0,2,2,3,2,2,2,2,2,1,1,0,3"
70,1.4027048223686884,"0,0,2,3,2,1,2,2,1,0,1,0,2,2,3,1,3,2,2,3,3,2,2,2,2,3,3,3,3,3,3,1,1,1,1,1,1,2,3,3,2,3,2,2,0,1,1,2,2,3,2,3,2,2,3,2,3,2,3,0,2,2,3,3,2,2,2,2,3,0,1,3,3,3,2,3,0,1,1,3,3,2,3,2,2,3,3,2,2,3,3,3,3,3,1,1,2,2,3,3,3,2,0,3,2,3,2,3,3,2,3,2,2,3,1,2,0,3,2,1,3,2,2,2,1,0,1,1,0,3,2,3,3,0,2,1,1,3,2,2,2,2,3,0,2,1,2,2,3,1,1,1,2,0,3,2,3,3,3,3,0,1,3,2,3,1,1,0,2,0,1,1,1,1,3,3,0,3,3,2,2,2,2,3,0,2,3,2,3,0,3,0,2,3,3,3,0,2,3,2,0,0,0,0,2,0,2,0,1,0,3,2,2,0,2,0,2,3,3,2,2,2,0,2,2,3,3,2,3,2,3,3,2,3,3,0,3,3,3,1,3,3,0,3,2,2,2,3,3,2,2,2,3,2,0,2,2,2,3,3,3,3,2,3,2,0,2,2,3,2,2,2,2,2,1,1,0,3"
71,1.404808381236161,"0,0,2,3,2,1,2,2,1,0,1,0,2,2,3,1,3,2,2,3,3,2,2,2,2,3,3,3,3,3,3,1,1,1,1,1,1,2,3,3,2,3,2,2,0,1,1,2,2,3,2,3,2,2,3,2,3,2,3,0,2,2,3,3,2,2,2,2,3,0,1,3,3,3,2,3,0,1,1,3,3,2,3,2,2,3,3,2,2,3,3,3,3,3,1,1,2,2,3,3,3,2,0,3,2,3,2,3,3,2,3,2,2,3,3,2,0,3,2,1,3,2,2,2,0,2,1,1,0,3,2,3,3,0,2,1,1,3,2,2,2,2,3,0,2,1,2,2,3,1,1,1,2,1,3,2,3,3,3,3,0,1,3,2,3,1,1,0,2,0,1,1,1,1,3,3,0,3,3,2,2,2,2,3,0,2,3,2,3,3,3,0,2,3,3,3,0,2,3,2,0,0,0,0,2,0,2,0,1,0,3,2,2,0,2,0,2,3,3,2,2,2,0,2,2,3,3,2,3,2,3,3,2,3,3,0,3,3,3,1,3,3,0,3,2,2,2,3,3,2,2,2,3,2,2,2,2,2,3,3,3,3,2,3,2,0,2,2,3,2,2,2,2,2,1,1,0,3"
72,1.4050172555718832,"0,0,2,3,2,1,2,2,1,0,1,0,2,2,3,1,3,2,2,3,3,2,2,2,2,3,3,3,3,3,3,1,1,1,1,1,1,2,3,3,2,3,2,2,0,1,1,2,2,3,2,3,2,2,3,2,3,2,3,0,2,2,3,3,2,2,2,2,3,0,1,3,3,3,2,3,0,1,1,3,3,2,3,2,2,3,3,2,2,3,3,3,3,3,1,1,2,2,3,3,3,2,0,3,2,3,2,3,3,2,3,2,2,3,3,2,0,3,2,1,3,2,2,2,0,2,1,1,0,3,2,3,3,0,2,1,1,3,2,2,2,2,3,0,2,1,2,2,3,1,1,1,2,1,3,2,3,3,3,3,0,1,3,2,3,1,1,0,2,0,1,1,1,1,3,3,0,3,3,2,2,2,2,3,0,2,3,2,3,3,3,0,2,3,3,3,0,2,3,2,0,0,0,0,2,0,2,0,1,0,3,2,2,0,2,0,2,3,3,2,2,2,0,2,2,3,3,2,3,2,3,3,2,3,3,0,3,3,3,1,3,3,0,3,2,2,2,3,3,2,2,2,3,2,2,2,2,2,3,3,2,3,2,3,2,0,2,2,3,2,2,2,2,2,1,1,0,3"
73,1.4047400456933825,"0,0,2,3,2,1,2,2,1,0,1,0,2,2,3,1,3,2,2,3,3,2,2,2,2,3,3,3,3,3,3,1,1,1,1,1,1,2,3,3,2,3,2,2,0,1,1,2,2,3,2,3,2,2,3,2,3,2,3,0,2,2,3,3,2,2,2,2,3,0,1,3,3,3,2,3,0,1,1,3,3,2,3,2,2,3,3,2,2,3,3,3,3,3,1,1,2,2,3,3,3,2,0,3,2,3,2,3,3,2,3,2,2,3,3,2,0,3,2,1,0,2,2,2,0,2,1,1,0,3,2,3,3,0,2,1,1,3,2,2,2,2,3,0,2,1,2,2,3,1,1,1,2,1,3,2,3,3,3,3,0,1,3,2,3,1,1,0,2,0,1,1,1,1,3,3,0,3,3,2,2,2,2,3,0,2,3,2,3,3,3,0,2,3,3,3,0,2,3,2,0,0,0,0,2,0,2,0,1,0,3,2,2,0,2,0,2,3,3,2,2,2,0,2,2,3,3,2,3,2,3,3,2,3,3,0,3,3,3,1,3,3,0,3,2,2,2,3,3,2,2,2,3,2,2,2,2,2,3,3,2,3,2,3,2,0,2,2,3,2,2,2,2,2,1,1,0,3"
74,1.4056102724309638,"0,0,2,3,2,1,2,2,1,0,1,0,2,2,3,1,3,2,2,3,3,2,2,2,2,3,3,3,3,3,3,1,1,1,1,1,1,2,3,3,2,3,2,2,0,1,1,2,2,3,2,3,3,2,3,2,2,2,2,0,2,2,3,3,2,2,2,2,3,0,1,2,3,3,2,3,3,1,1,3,3,2,3,2,2,3,3,2,2,3,3,3,3,3,1,1,2,2,3,3,3,2,0,3,2,3,2,3,3,2,3,2,2,3,3,2,0,3,2,1,3,2,2,2,0,2,1,1,0,3,2,3,3,0,2,1,1,3,2,2,2,2,3,0,2,1,2,2,3,1,1,1,2,1,3,2,3,3,3,3,0,1,3,2,3,1,1,0,2,0,1,1,1,1,3,3,0,3,3,2,2,2,2,3,0,2,3,2,3,3,3,0,2,3,3,3,0,2,3,2,0,0,0,0,2,0,2,0,1,0,3,2,2,0,2,0,2,3,3,2,2,2,0,2,2,3,3,2,3,2,3,3,2,3,3,0,3,3,3,1,3,3,0,3,2,2,2,3,3,2,2,2,3,2,2,2,2,2,3,3,2,3,2,3,2,0,2,2,3,2,2,2,2,2,1,1,0,3"
75,1.4058265063341604,"0,0,2,3,2,1,2,2,1,0,1,0,2,2,3,1,3,2,2,3,3,2,2,2,2,3,3,3,3,3,3,1,1,1,1,1,1,2,3,3,2,3,2,2,0,1,1,2,2,3,2,3,3,2,3,2,2,2,2,0,2,2,3,3,2,2,2,2,3,0,1,2,3,3,2,3,3,1,1,3,3,2,3,2,2,3,3,2,2,3,3,3,3,3,1,1,2,2,3,3,3,2,0,3,2,3,2,3,3,2,3,2,2,3,3,2,0,3,2,1,3,2,2,2,0,2,1,1,0,3,2,3,3,0,2,1,1,3,2,2,2,2,3,0,2,1,2,2,3,1,1,1,2,1,3,2,3,3,3,3,0,1,3,2,3,1,1,0,2,0,1,1,1,1,3,3,0,3,3,2,2,2,2,3,0,2,3,2,3,3,3,0,2,3,3,3,0,2,3,2,0,0,0,0,2,0,2,0,2,0,3,2,2,0,2,0,2,3,3,2,2,2,0,2,2,3,3,2,3,2,3,3,2,3,3,0,3,3,3,1,3,3,0,3,2,2,2,3,3,2,2,2,3,2,2,2,2,2,3,3,2,3,2,3,2,0,2,2,3,2,2,2,2,2,1,1,0,3"
76,1.4063964139108698,"0,0,2,3,2,1,2,2,1,0,1,0,2,2,3,1,3,2,2,3,3,2,2,2,2,0,3,3,3,3,3,1,1,1,1,1,1,2,3,3,2,3,2,2,0,1,1,2,2,3,2,3,3,2,3,2,2,2,2,0,2,2,3,3,2,2,2,2,3,0,1,2,3,3,2,3,3,1,1,3,3,2,3,2,2,3,3,2,2,3,3,3,3,3,1,1,2,2,3,3,3,2,0,3,2,3,2,3,3,2,3,2,2,3,3,2,0,3,2,1,3,2,2,2,0,2,1,1,0,3,2,3,3,0,2,1,1,3,2,2,2,2,3,0,2,2,2,2,3,1,1,1,2,1,3,2,3,3,3,3,0,1,3,2,3,1,1,0,2,0,1,1,1,1,3,3,0,3,3,2,2,2,2,3,0,2,3,2,3,3,3,0,2,3,3,3,0,2,3,2,0,0,0,0,2,0,2,0,2,0,3,2,2,0,2,0,2,3,3,2,2,2,3,2,2,3,3,2,3,2,3,3,2,3,3,0,3,3,3,1,3,3,0,3,2,2,2,3,3,2,2,2,3,2,2,2,2,2,3,3,2,3,2,3,2,0,2,2,3,2,2,2,2,2,1,1,0,3"
77,1.4065561475908812,"0,0,2,3,2,1,2,2,1,0,1,0,2,2,3,1,3,2,2,3,3,2,2,2,2,0,3,3,3,3,3,1,1,1,1,1,1,2,3,3,2,3,2,2,0,1,1,2,2,3,2,3,3,2,3,2,2,2,2,0,2,2,3,3,2,2,2,2,3,0,1,2,3,3,2,3,3,1,1,3,3,2,3,2,2,3,3,2,2,3,3,3,3,3,1,1,2,2,3,3,3,2,0,3,2,3,2,3,3,2,3,2,2,3,3,2,0,3,2,1,3,2,2,2,0,2,1,1,0,3,2,3,3,0,2,1,1,3,2,2,2,2,3,0,2,2,2,2,3,1,1,1,2,1,3,2,3,3,3,3,0,1,3,2,3,1,1,0,2,0,1,1,1,1,3,3,0,3,3,2,2,2,1,3,0,2,3,2,3,3,3,0,2,3,3,3,0,2,3,2,0,0,0,0,2,0,2,0,2,0,3,2,2,0,2,0,2,3,3,2,2,2,3,2,2,3,3,2,3,2,3,3,2,3,3,0,3,3,3,1,3,3,0,3,2,2,2,3,3,2,2,2,3,2,2,2,2,2,3,3,2,3,2,3,2,0,2,2,3,2,3,2,2,2,1,1,0,3"
78,1.4052986937663408,"0,0,2,3,2,1,2,2,1,0,1,0,2,2,3,1,3,2,2,3,3,2,2,2,2,0,3,3,3,3,3,1,1,1,1,1,1,2,3,3,2,3,2,2,0,1,1,2,2,3,2,3,3,2,3,2,2,2,2,0,2,2,3,1,2,2,2,2,3,0,1,2,3,3,2,3,3,1,1,3,3,2,3,2,2,3,3,0,2,3,3,3,3,3,1,1,2,2,3,3,3,2,0,3,2,3,2,3,3,2,3,2,2,3,3,2,0,3,2,1,3,2,2,2,0,2,1,1,0,3,2,3,3,0,2,1,1,3,2,2,2,2,3,0,2,2,2,2,3,1,1,1,2,1,3,2,3,3,3,3,0,1,3,2,3,1,1,0,2,0,1,1,1,1,3,3,0,3,3,2,2,2,1,3,0,2,3,2,3,3,3,0,2,3,3,3,0,2,3,2,0,0,0,0,2,0,2,0,2,0,3,2,2,0,2,0,2,3,3,2,2,2,3,2,2,3,3,2,3,2,3,3,2,3,3,0,3,3,3,1,3,3,0,3,2,2,2,3,3,2,2,2,3,2,2,2,2,2,2,3,2,3,2,3,2,0,2,2,3,2,3,2,2,2,1,1,0,3"
79,1.405161007687531,"0,0,2,3,2,1,2,2,1,0,1,0,2,2,3,1,3,2,2,3,3,2,2,2,2,0,3,3,3,3,3,1,1,1,1,1,1,2,3,3,2,3,2,2,0,1,1,2,2,3,2,3,3,2,3,2,2,2,2,0,2,2,3,1,2,2,2,2,3,0,1,2,3,3,2,3,3,1,1,3,3,2,3,2,2,3,3,0,2,3,3,3,3,3,1,1,2,2,3,3,3,2,0,3,2,3,2,3,3,2,3,2,2,3,3,2,0,3,2,1,3,2,2,2,0,2,1,1,0,3,2,3,3,0,2,1,1,3,2,2,2,2,3,0,2,2,2,2,3,1,1,1,2,1,3,2,3,3,3,3,0,1,3,2,3,1,1,0,2,0,1,1,1,1,3,3,0,3,3,2,2,2,1,3,0,2,3,2,3,3,3,0,2,3,3,3,0,2,3,2,0,0,0,0,2,0,2,0,2,0,3,2,2,0,2,0,2,2,3,2,2,2,3,2,2,3,3,2,3,2,3,3,2,3,3,0,3,3,3,1,3,3,0,3,2,2,2,3,3,2,2,2,3,2,2,2,2,2,3,3,2,3,2,3,2,0,2,2,3,2,2,2,2,2,1,1,0,3"
80,1.405437800512249,"0,0,2,3,2,1,2,2,1,0,1,0,2,2,3,1,3,2,2,3,3,2,2,2,2,0,3,3,3,3,3,1,1,1,1,1,1,2,3,3,2,3,2,2,0,1,1,2,2,3,2,3,3,2,3,2,2,2,2,0,2,2,3,1,2,2,2,2,3,0,1,2,3,3,2,3,3,1,1,3,3,2,3,2,2,3,3,0,2,3,3,3,3,3,1,1,2,2,3,3,3,2,0,3,2,3,2,3,3,2,3,2,2,3,3,2,0,3,2,1,3,2,2,2,0,2,1,1,0,3,2,3,3,0,2,1,1,3,2,2,2,2,3,0,2,2,2,2,3,1,1,1,2,1,3,2,3,3,3,3,0,1,3,2,3,1,1,0,2,0,1,1,1,1,3,3,0,3,3,2,2,2,2,3,0,2,3,2,3,3,3,0,2,3,3,3,0,2,0,2,0,0,0,0,2,0,2,0,1,0,3,2,2,0,2,0,2,3,3,2,2,2,0,2,2,3,3,2,3,2,3,3,2,3,3,0,3,3,3,1,3,3,0,3,2,2,2,3,3,2,2,2,3,2,2,2,2,2,3,3,2,3,2,3,2,0,2,2,3,2,2,2,2,2,1,1,0,3"
81,1.4067271401304895,"0,0,2,3,2,1,2,2,1,0,1,0,2,2,3,1,3,2,2,3,3,2,2,2,2,0,3,3,3,3,3,1,1,1,1,1,1,2,3,3,2,3,2,2,0,1,1,2,2,3,2,3,3,2,3,2,2,2,2,0,2,2,3,3,2,2,2,2,3,0,1,3,3,3,2,3,3,1,1,3,0,2,3,2,2,3,3,2,2,3,3,3,3,3,1,1,2,2,3,3,3,2,0,3,0,3,2,3,3,2,3,2,2,3,3,2,0,3,2,1,3,2,2,2,0,2,1,1,0,3,2,3,3,0,2,1,1,3,2,2,2,2,3,0,2,2,2,2,3,1,1,1,2,1,3,3,3,3,3,3,0,1,3,2,3,1,1,0,2,0,1,1,1,1,3,3,0,3,3,2,2,2,1,3,0,2,3,2,3,3,3,0,2,3,3,3,0,2,3,2,0,0,0,0,2,0,2,0,2,0,3,2,2,0,2,0,2,3,3,2,2,2,3,2,2,3,3,2,3,2,3,3,2,3,3,0,3,3,3,1,3,3,0,3,2,2,2,3,3,2,2,2,3,2,2,2,2,2,3,3,2,3,2,3,2,0,2,2,3,2,3,2,2,2,1,1,0,3"
82,1.407082451745031,"0,0,2,3,2,1,2,2,1,0,1,0,2,2,3,1,3,3,2,3,3,2,2,2,2,0,3,3,3,3,3,1,1,1,1,1,1,2,3,3,3,3,2,2,0,1,1,2,2,3,2,3,3,2,3,2,2,2,2,0,2,2,3,3,2,2,2,2,3,0,1,3,3,3,2,3,3,1,1,3,0,2,3,2,2,3,3,2,2,3,3,3,3,3,1,1,2,2,3,3,3,0,0,3,0,3,2,3,3,2,3,2,2,3,3,2,0,3,2,1,2,2,2,2,0,2,1,1,0,3,2,3,3,0,2,1,1,3,2,2,2,2,3,0,2,2,2,2,3,1,1,1,2,1,3,3,3,3,3,3,0,1,3,2,3,1,1,0,2,0,1,1,1,1,3,3,0,3,3,2,2,2,1,3,0,2,3,2,3,3,3,0,2,3,3,3,0,2,0,2,0,0,0,0,2,0,2,0,1,0,3,2,2,0,2,0,2,3,3,2,2,2,0,2,2,3,3,2,3,2,3,3,2,3,3,0,3,3,3,1,3,3,0,3,2,2,2,3,3,2,2,2,3,2,2,2,2,2,3,3,2,3,2,3,2,0,2,2,3,2,3,2,2,2,1,1,0,3"
83,1.4060954528485086,"0,0,2,3,2,1,2,2,1,0,1,0,2,2,3,1,3,3,2,3,3,2,2,2,2,0,3,3,3,3,3,1,1,1,1,1,1,2,3,3,3,3,2,2,0,1,1,2,2,3,2,3,3,2,3,2,2,2,2,0,2,2,3,3,2,2,2,2,3,0,1,3,3,3,2,3,3,1,1,3,0,2,3,2,2,0,3,2,2,3,3,3,3,3,1,0,2,2,3,3,3,2,0,3,2,3,2,3,3,2,3,2,2,3,3,2,0,3,2,2,3,2,2,2,0,2,1,1,0,3,2,3,3,0,2,1,1,3,2,2,2,2,3,0,2,2,2,2,3,1,1,1,1,1,3,3,0,3,3,3,0,1,3,2,3,1,1,0,2,0,1,1,1,1,3,3,0,3,3,2,2,2,2,3,0,2,3,2,3,3,3,0,2,3,3,3,2,0,3,2,0,0,0,0,2,0,2,0,1,0,3,2,2,0,2,0,2,3,3,2,2,2,0,2,2,3,3,3,3,2,3,3,2,3,3,2,3,3,3,1,3,3,0,3,2,2,2,3,3,2,2,2,3,0,2,2,2,2,3,3,2,3,2,3,2,0,2,0,3,2,2,2,2,2,1,1,0,3"
84,1.4061337270065792,"0,0,2,3,2,1,2,2,1,0,1,0,2,2,3,1,3,3,2,3,3,2,2,2,2,0,3,3,3,3,3,1,1,1,1,1,1,2,3,3,3,3,2,2,0,1,1,2,2,3,2,3,3,2,1,2,2,2,2,0,2,2,3,3,2,2,2,2,3,0,1,3,3,3,2,3,3,1,1,3,0,2,3,2,2,0,3,2,2,3,3,3,3,3,1,0,2,2,3,3,3,2,0,3,2,3,2,3,3,2,3,2,2,3,3,2,0,3,2,2,3,2,2,2,0,2,1,1,0,3,3,3,3,0,2,1,1,3,2,2,2,2,3,0,2,2,2,2,3,1,1,1,1,1,3,3,0,3,3,3,0,1,3,2,3,1,1,0,2,0,1,1,1,1,3,3,0,3,3,2,2,2,1,3,0,2,3,2,3,3,3,0,2,3,3,3,0,2,0,2,0,0,0,0,2,0,2,0,1,0,3,2,2,0,2,0,2,3,3,2,2,2,0,2,2,3,3,2,3,2,3,3,2,3,3,0,3,3,3,1,1,3,0,3,2,2,2,3,3,2,2,2,3,2,2,2,2,2,3,3,2,3,2,3,2,0,2,2,3,2,3,2,2,2,1,1,0,3"
85,1.405562924562783,"0,0,2,3,2,1,2,2,1,0,1,0,2,2,3,1,3,3,2,3,3,2,2,2,2,0,3,3,3,3,3,1,1,1,1,1,1,2,3,3,3,3,2,2,0,1,1,2,2,3,2,3,3,2,1,2,2,2,2,0,2,2,3,3,2,2,2,2,3,0,1,3,3,3,2,3,3,1,1,3,0,2,3,2,2,0,3,2,2,3,3,3,3,3,1,1,2,2,3,3,3,2,0,3,2,3,2,3,3,2,3,2,2,3,3,2,0,3,2,1,3,2,2,2,0,2,1,1,0,3,2,3,3,0,2,1,1,3,2,2,2,2,3,0,2,2,2,2,3,1,1,1,2,1,3,3,3,3,3,3,0,1,3,2,3,1,1,0,2,0,1,1,1,1,3,3,0,3,3,3,2,2,1,3,0,2,3,2,3,3,3,0,2,3,3,3,0,2,0,2,0,0,0,0,2,0,2,0,1,0,3,2,2,0,2,0,2,3,3,2,2,2,0,2,2,3,3,2,3,2,3,3,2,3,3,0,3,3,3,1,1,3,0,3,2,2,2,3,3,2,2,2,3,2,2,2,2,2,3,3,2,3,2,3,2,0,2,2,3,2,3,2,2,2,1,1,0,3"
86,1.4055189421524397,"0,0,2,3,2,1,2,2,1,0,1,0,2,2,3,1,3,3,2,3,3,2,2,2,2,0,3,3,3,3,3,1,1,1,1,1,1,2,3,3,3,3,2,2,0,1,1,2,2,3,2,3,3,2,1,2,2,2,2,0,2,2,3,3,2,2,2,2,3,0,1,3,3,3,2,3,3,1,1,3,0,2,3,2,2,0,3,2,2,3,3,3,3,3,1,1,3,2,3,3,3,2,0,3,2,3,2,3,3,2,3,2,2,3,3,2,0,3,2,1,3,2,2,2,0,2,1,1,0,3,2,3,3,0,2,1,1,3,2,2,2,2,3,0,2,2,2,2,3,1,1,1,2,1,3,3,3,3,3,3,0,1,3,2,3,1,1,0,2,0,1,1,1,1,3,3,0,3,3,3,2,2,1,3,0,2,3,2,3,3,3,0,2,3,3,3,0,2,0,2,0,0,0,0,2,0,2,0,1,0,3,2,2,0,2,0,2,3,3,2,2,2,0,2,2,3,3,2,3,2,3,3,2,3,3,0,3,3,3,1,1,3,0,3,2,2,2,3,3,2,2,2,3,2,2,2,2,2,3,3,2,3,2,3,2,0,2,2,3,2,2,2,2,2,1,1,0,3"
87,1.4082372308977094,"0,0,2,3,2,1,2,2,1,0,1,0,2,2,3,1,3,3,2,3,3,2,2,2,2,0,3,3,3,3,3,1,1,1,1,1,1,2,3,3,3,3,2,2,0,1,1,2,2,3,2,3,3,2,3,2,2,2,2,0,2,2,3,3,2,2,2,2,3,0,1,2,3,3,2,3,3,1,1,3,3,2,3,2,2,3,3,2,2,3,3,3,3,3,1,1,2,2,3,3,3,2,0,3,2,3,2,3,3,2,3,2,2,3,3,2,0,3,2,1,3,2,2,2,0,2,1,1,0,3,2,3,3,0,2,1,1,3,2,2,2,2,3,0,2,2,2,2,3,1,1,1,1,1,3,3,3,3,3,3,0,1,3,2,3,1,1,0,2,0,1,1,1,1,3,3,0,3,3,2,2,2,2,3,0,2,3,2,3,3,3,0,2,3,3,3,0,0,3,2,0,0,0,0,2,0,2,0,1,0,3,2,2,0,2,0,2,3,3,2,2,2,0,2,2,3,3,3,3,2,3,3,2,3,3,2,3,3,3,1,3,3,0,3,2,2,2,3,3,2,2,2,3,2,2,2,2,2,3,3,2,3,2,3,2,0,2,2,3,2,2,2,2,2,1,1,0,3"
88,1.4088290160479717,"0,0,2,3,2,1,2,2,1,0,1,0,2,2,3,1,3,3,2,3,3,2,2,2,2,0,3,3,3,3,3,1,1,1,1,1,1,2,3,3,3,3,2,2,0,1,1,2,2,3,2,3,3,2,3,2,2,2,2,0,2,2,3,3,2,2,2,2,3,0,1,2,3,3,2,3,3,1,1,3,3,2,3,2,2,3,3,2,2,3,3,3,3,3,1,1,2,2,3,3,3,2,0,3,2,3,2,3,3,2,3,2,2,3,3,2,0,3,2,1,3,2,2,2,0,2,1,1,0,3,2,3,3,0,2,1,1,3,2,2,2,2,3,0,2,2,2,2,3,1,1,1,1,1,3,3,3,3,3,3,1,1,3,2,3,1,1,0,2,0,1,1,1,1,3,3,0,3,3,2,2,2,2,3,0,2,3,2,3,3,3,0,2,3,3,3,0,0,3,2,0,0,0,0,2,0,2,0,1,0,3,2,2,0,2,0,2,3,3,2,2,2,0,2,2,3,3,3,3,2,3,3,2,3,3,2,3,3,3,1,3,3,0,3,2,2,2,3,3,2,2,2,3,2,2,2,2,2,3,3,2,3,2,3,2,0,2,2,3,2,3,2,2,2,1,1,0,3"
89,1.409169099250068,"0,0,2,3,2,1,2,2,1,0,1,0,2,2,3,1,3,3,2,3,3,2,2,2,2,0,3,3,3,3,3,1,1,1,1,1,1,2,3,3,3,3,2,2,0,1,1,2,2,3,2,3,3,2,3,2,2,2,2,0,2,2,3,3,2,2,2,2,3,0,1,2,3,3,2,3,3,1,1,3,3,2,3,2,2,3,3,2,2,3,3,3,3,3,1,1,2,2,3,3,3,2,0,3,2,3,2,3,3,2,3,2,2,3,3,2,0,3,2,1,3,2,2,2,0,2,1,1,0,3,2,3,3,0,2,1,1,3,2,2,2,2,3,0,2,2,2,2,3,1,1,1,1,1,3,3,3,3,3,3,1,1,3,2,3,1,1,0,2,0,1,1,1,1,3,3,0,3,3,2,2,2,2,3,0,2,3,2,3,3,3,0,2,3,3,3,0,0,3,2,0,0,0,0,2,0,2,0,0,0,3,2,2,0,2,0,2,3,3,2,2,2,0,2,2,3,3,3,3,2,3,3,2,3,3,2,3,3,3,1,3,3,0,3,2,2,2,3,3,2,2,2,3,2,2,2,2,2,3,3,2,3,2,3,2,0,2,2,3,2,2,2,2,2,1,1,0,3"
90,1.408114327624928,"0,0,2,3,2,1,2,2,1,0,1,0,2,2,3,1,3,3,2,3,3,2,2,2,2,0,3,3,3,3,3,1,1,1,1,1,1,2,3,3,3,3,2,2,0,1,1,2,2,3,2,3,3,2,3,2,2,2,2,0,2,2,3,3,2,2,2,2,3,0,1,2,3,3,2,3,3,1,1,3,3,2,3,2,2,3,3,2,2,3,3,3,3,3,1,1,2,2,3,3,3,2,0,3,2,3,2,3,3,2,3,2,2,3,3,2,0,3,2,1,3,2,2,2,0,2,1,1,0,3,2,3,3,0,2,1,1,3,2,2,2,2,3,0,2,2,2,2,3,1,1,1,1,1,3,3,3,3,3,3,1,1,3,2,3,1,1,0,2,0,1,1,1,1,3,3,0,3,3,2,2,2,2,3,0,2,3,2,3,3,3,0,2,3,3,3,0,0,3,2,0,0,0,0,2,0,2,0,1,0,3,2,2,0,2,0,3,3,3,2,2,2,0,2,2,3,3,3,3,2,3,3,2,3,3,2,1,3,3,1,3,3,0,3,2,2,2,3,3,2,2,2,3,2,2,2,2,2,3,3,2,3,2,3,2,3,2,2,3,2,2,2,2,2,1,1,0,3"
91,1.409169099250068,"0,0,2,3,2,1,2,2,1,0,1,0,2,2,3,1,3,3,2,3,3,2,2,2,2,0,3,3,3,3,3,1,1,1,1,1,1,2,3,3,3,3,2,2,0,1,1,2,2,3,2,3,3,2,3,2,2,2,2,0,2,2,3,3,2,2,2,2,3,0,1,2,3,3,2,3,3,1,1,3,3,2,3,2,2,3,3,2,2,3,3,3,3,3,1,1,2,2,3,3,3,2,0,3,2,3,2,3,3,2,3,2,2,3,3,2,0,3,2,1,3,2,2,2,0,2,1,1,0,3,2,3,3,0,2,1,1,3,2,2,2,2,3,0,2,2,2,2,3,1,1,1,1,1,3,3,3,3,3,3,1,1,3,2,3,1,1,0,2,0,1,1,1,1,3,3,0,3,3,2,2,2,2,3,0,2,3,2,3,3,3,0,2,3,3,3,0,0,3,2,0,0,0,0,2,0,2,0,0,0,3,2,2,0,2,0,2,3,3,2,2,2,0,2,2,3,3,3,3,2,3,3,2,3,3,2,3,3,3,1,3,3,0,3,2,2,2,3,3,2,2,2,3,2,2,2,2,2,3,3,2,3,2,3,2,0,2,2,3,2,2,2,2,2,1,1,0,3"
92,1.408961791516068,"0,0,2,3,2,1,2,2,1,0,1,0,2,2,3,1,3,3,2,3,3,2,2,2,2,0,3,3,3,3,3,1,1,1,1,1,1,2,3,3,3,3,2,2,0,1,1,2,2,3,2,3,3,2,3,2,2,2,2,0,2,2,3,3,2,2,2,2,3,0,1,2,3,3,2,3,3,1,1,3,3,2,3,2,2,3,3,2,2,3,3,3,3,3,1,1,2,2,3,3,3,2,0,3,2,3,2,3,3,2,3,2,2,3,3,2,0,3,2,1,3,2,2,2,0,2,1,1,0,3,2,3,3,0,2,1,1,3,2,2,2,2,3,0,2,2,2,2,3,1,1,1,1,1,3,3,3,3,3,3,1,1,3,2,3,1,1,0,2,0,1,1,1,1,3,3,0,3,3,2,2,2,2,3,0,2,3,2,3,3,3,0,2,3,3,3,0,0,3,2,0,0,0,0,2,0,1,0,0,0,3,2,2,0,2,0,2,3,3,2,2,2,0,2,2,3,3,3,3,2,3,3,2,3,3,2,3,3,3,1,3,3,0,3,2,2,2,3,3,2,2,2,3,2,2,2,2,2,3,3,2,3,2,2,2,0,2,2,3,2,2,2,2,2,1,1,0,3"
93,1.4080330307509081,"0,0,2,3,2,1,2,2,1,0,1,0,2,2,3,1,3,3,2,3,3,2,2,2,2,0,3,3,3,3,3,1,1,1,1,1,1,2,3,3,3,3,2,2,0,1,1,2,2,3,2,3,3,2,3,2,2,2,2,0,2,2,3,3,2,2,2,2,3,0,1,2,3,3,2,3,3,1,1,3,3,2,3,2,3,3,3,2,2,3,3,3,3,3,1,1,2,2,3,3,3,2,0,3,1,3,2,3,3,2,3,2,1,3,3,2,0,3,2,1,3,2,2,2,0,2,1,1,0,3,2,3,3,0,0,1,1,3,2,2,2,2,3,0,2,2,2,2,3,1,1,1,1,1,3,3,3,3,3,3,0,1,3,2,3,1,1,3,2,0,1,1,1,1,3,3,0,3,3,2,2,2,2,3,0,2,3,2,3,3,3,0,2,3,3,3,0,0,3,0,0,0,0,0,3,0,2,0,0,0,3,2,2,0,2,0,2,3,3,2,2,2,0,2,2,3,3,3,3,2,3,3,2,3,3,2,3,3,3,1,3,3,0,3,2,2,2,3,3,2,2,2,2,2,2,2,2,2,3,3,2,3,2,3,2,0,2,2,3,2,2,2,2,2,1,1,0,3"
94,1.4095177372852827,"0,0,2,3,2,1,2,2,1,0,1,0,2,2,3,1,3,3,2,3,3,2,2,2,2,0,3,3,3,3,3,1,1,1,1,1,1,2,3,3,3,3,2,2,3,1,1,2,2,3,2,3,3,2,3,2,2,2,2,2,2,2,3,3,2,2,2,2,0,0,1,2,3,3,2,3,3,1,1,3,3,2,3,2,2,3,2,2,2,3,3,3,3,3,1,1,2,3,3,3,3,2,0,3,2,3,2,3,3,2,3,2,2,3,3,2,0,3,2,1,3,2,2,2,0,2,1,1,0,3,2,3,3,0,2,1,1,3,2,2,2,2,3,0,2,2,2,2,3,1,1,1,1,1,3,3,3,3,3,3,0,1,3,2,3,1,1,0,2,0,1,1,1,1,1,3,0,2,3,2,2,2,2,3,2,2,3,2,3,3,3,0,2,3,3,3,0,0,3,2,0,0,0,0,2,0,2,0,0,0,3,2,1,0,2,0,2,3,3,2,2,2,0,2,2,3,3,3,3,2,3,3,2,3,3,2,3,3,3,1,3,3,0,3,2,2,2,3,3,2,2,2,3,2,2,2,2,2,3,3,2,3,2,3,2,0,2,2,3,2,2,2,2,2,1,1,0,3"
95,1.4105383807044416,"0,0,2,3,2,1,2,2,1,0,1,0,2,2,3,1,3,3,2,3,3,2,2,2,2,0,3,3,3,3,3,1,1,1,1,1,1,2,3,3,3,3,2,2,3,1,1,2,2,3,2,3,3,2,3,2,2,2,2,2,2,2,3,3,2,2,2,2,0,0,1,2,3,3,2,3,3,1,1,3,3,2,3,2,2,3,2,2,2,3,3,3,3,3,1,1,2,3,3,3,3,2,0,3,2,3,2,3,3,2,3,2,2,3,3,2,0,3,2,1,3,2,2,2,0,2,1,1,0,3,2,3,3,0,2,1,1,3,2,2,2,2,3,0,2,2,2,2,3,1,1,1,1,1,3,3,3,3,3,3,0,1,3,2,3,1,1,0,2,0,1,1,1,1,3,3,0,2,3,2,2,2,2,3,2,2,3,2,3,3,3,0,2,3,3,3,0,0,3,2,0,0,0,0,2,0,0,3,0,0,3,2,2,0,2,0,2,3,3,2,2,2,0,2,2,3,3,3,3,2,3,3,2,3,3,2,3,3,3,1,3,3,0,3,2,2,2,0,3,2,2,2,3,2,2,2,2,2,3,3,2,2,2,3,2,0,2,2,3,2,2,2,2,2,1,1,0,3"
96,1.4101999811739332,"0,0,2,3,2,1,2,2,1,0,1,0,2,2,3,1,3,3,2,3,3,2,2,2,2,0,3,3,3,3,3,1,1,1,1,1,1,2,3,3,3,3,2,2,3,1,1,2,2,3,2,3,3,2,3,2,2,2,2,2,2,2,3,3,2,2,2,2,0,0,1,2,3,3,2,3,3,1,1,3,3,2,3,2,2,3,2,2,2,3,3,3,3,3,1,1,2,3,3,3,3,2,0,3,2,3,2,3,3,2,3,2,2,3,3,2,0,3,2,1,3,2,2,2,0,2,1,1,0,3,2,3,3,0,2,1,1,3,2,2,2,2,3,0,2,2,2,2,3,1,1,1,1,1,3,3,3,3,3,3,0,1,3,2,3,1,1,0,2,0,1,1,1,1,3,3,0,2,3,2,2,2,2,3,2,2,3,2,3,3,3,0,2,3,3,3,0,0,3,2,0,0,0,0,2,0,0,3,0,0,3,2,2,0,2,0,2,3,3,2,2,2,0,2,2,3,3,3,3,2,3,3,2,3,3,2,3,3,3,1,3,3,0,3,2,2,2,0,3,2,2,2,3,2,2,2,2,2,3,3,2,2,2,3,3,0,2,2,3,2,2,2,2,2,1,1,0,3"
97,1.4118374359159223,"0,0,2,3,2,1,2,2,1,0,1,0,2,2,3,1,3,3,2,3,3,2,2,2,2,2,3,3,3,3,3,1,1,1,1,1,1,2,3,3,3,3,2,2,3,1,1,2,2,3,2,3,3,2,3,2,2,2,2,2,2,2,3,3,2,2,2,2,0,0,1,2,3,3,2,3,3,1,1,3,3,2,3,2,2,3,2,2,2,3,3,3,3,3,1,1,2,3,3,3,3,2,0,3,2,3,2,3,3,2,3,2,2,3,3,2,0,3,2,1,3,2,2,2,0,2,1,1,0,3,2,3,3,0,2,1,1,3,2,2,2,2,3,0,2,2,2,2,3,1,1,1,1,1,3,3,3,3,3,3,0,1,3,2,3,1,1,0,2,0,1,1,1,1,3,3,0,2,3,2,2,2,2,3,2,2,3,2,3,3,3,0,2,3,3,3,0,0,3,2,0,0,0,0,2,0,0,0,0,0,3,2,2,0,2,0,2,3,3,2,2,2,0,2,2,3,3,3,3,2,3,3,2,3,3,2,3,3,3,1,3,3,0,3,2,2,2,0,3,2,2,2,3,2,2,2,3,2,3,3,2,2,2,3,2,0,2,2,3,2,2,2,2,2,1,1,0,3"
98,1.41217527632454,"0,0,2,3,2,1,2,2,1,0,1,0,2,2,3,1,3,3,2,3,3,2,2,2,2,2,3,3,3,3,3,1,1,1,1,1,1,2,3,3,3,3,2,2,3,1,1,2,2,3,2,3,3,2,3,2,2,2,2,2,2,2,3,3,2,2,2,2,0,0,1,2,3,3,2,3,3,1,1,3,3,2,3,2,2,3,2,2,2,3,3,3,3,3,1,1,2,3,3,3,3,2,0,3,2,3,2,3,3,2,3,2,2,3,3,2,0,3,2,1,3,2,2,2,0,2,1,1,0,3,2,3,3,0,2,1,1,3,2,2,2,2,3,0,2,2,2,2,3,1,1,1,1,1,3,3,3,3,3,3,0,1,3,2,3,1,1,0,2,0,1,1,1,1,3,3,0,2,3,2,2,2,2,3,2,2,3,2,3,3,3,0,2,3,3,3,0,0,3,2,0,0,0,0,2,0,0,0,0,0,3,2,2,0,2,0,2,3,3,2,2,2,0,2,2,3,3,3,3,2,3,3,2,3,3,2,3,3,3,1,3,3,0,3,2,2,2,2,3,2,2,2,3,2,2,2,3,2,3,3,2,2,2,3,2,0,2,2,3,2,2,2,2,2,1,1,0,3"
99,1.4124315173770894,"0,0,2,3,2,1,2,2,1,0,1,0,2,2,3,1,3,3,2,3,3,2,2,2,2,2,3,3,3,3,3,1,1,1,1,1,1,2,3,3,3,3,2,2,3,1,1,2,2,3,2,3,3,2,3,2,2,2,2,2,2,2,3,3,2,2,2,2,0,0,1,2,3,3,2,3,3,1,1,3,3,2,3,2,2,3,2,2,2,3,3,3,3,3,1,1,2,3,3,3,3,2,0,3,2,3,2,3,3,2,3,2,2,3,3,2,0,3,2,1,3,2,2,2,0,2,1,1,0,3,2,3,3,0,2,1,1,3,2,2,2,2,3,0,2,2,2,2,3,1,1,1,1,1,3,3,3,3,3,3,0,1,3,2,3,1,1,0,2,0,1,1,1,1,3,3,0,2,3,2,2,2,2,3,2,2,3,2,3,3,3,0,2,3,3,3,0,0,3,2,0,0,0,0,2,0,0,0,0,0,3,2,2,0,2,0,2,3,3,2,2,2,0,2,2,3,3,3,3,2,3,3,2,3,3,2,3,3,3,1,3,3,0,3,2,2,2,2,3,2,2,2,3,2,2,2,3,2,3,3,2,2,2,3,2,2,2,2,3,2,2,2,2,2,1,1,0,3"
100,1.411387267313248,"0,0,2,3,2,1,2,2,1,0,1,0,2,2,3,1,3,3,2,3,3,2,2,2,2,2,3,3,3,3,3,1,1,1,1,1,1,2,3,3,3,3,2,2,3,1,1,2,2,3,2,3,3,2,3,2,2,2,2,2,2,2,3,3,2,2,2,2,0,0,1,2,3,3,2,3,3,1,1,3,3,2,3,2,2,3,2,2,2,3,3,3,3,3,1,1,2,3,3,3,3,2,0,3,2,3,2,3,3,2,3,2,2,3,3,2,0,3,2,1,3,2,2,2,0,2,1,1,0,3,2,3,3,0,2,1,1,3,2,2,2,2,3,0,2,2,2,2,3,1,1,1,1,1,3,3,3,3,3,3,2,1,3,2,3,1,1,0,2,0,1,1,1,1,3,3,0,2,3,2,2,2,2,3,2,2,3,2,3,3,3,0,2,3,3,3,0,0,3,2,0,0,0,0,2,0,0,0,0,0,3,2,2,0,2,0,2,3,3,2,2,2,0,2,2,3,3,3,3,2,3,3,2,3,3,2,3,3,3,1,3,3,0,3,2,2,2,2,3,2,2,2,3,2,2,2,3,2,3,3,2,2,2,3,2,0,2,2,3,2,2,2,2,2,1,1,0,3"
101,1.4112523138128261,"0,0,2,3,2,1,2,2,1,0,1,0,2,2,3,1,3,3,2,3,3,2,2,2,2,2,3,3,3,3,3,1,1,1,1,1,1,2,3,3,3,3,2,2,3,1,1,2,2,3,2,3,3,2,3,2,2,2,2,2,2,2,3,3,2,2,2,2,0,0,1,2,3,3,2,3,3,1,1,3,3,2,3,2,2,3,2,2,2,3,3,3,3,3,1,1,2,3,3,3,3,2,0,3,2,3,2,3,3,2,3,2,2,3,3,2,0,3,2,1,3,2,2,2,0,2,1,1,0,3,2,3,3,0,2,1,1,3,2,2,2,2,3,0,2,2,2,2,3,1,1,1,1,1,3,3,3,3,3,3,2,1,3,2,3,1,1,0,2,0,1,1,1,1,3,3,0,2,3,2,2,2,2,3,2,2,3,2,3,3,3,0,2,3,3,3,0,0,3,2,0,0,0,0,2,0,0,0,0,0,2,2,2,0,2,0,2,3,3,2,2,2,0,2,2,3,3,3,3,2,3,3,2,3,3,2,3,3,3,1,3,3,0,3,2,2,2,2,3,2,2,2,3,2,2,2,3,2,3,3,2,2,2,3,2,0,2,2,3,2,2,2,2,2,1,1,0,3"
102,1.4117566345352204,"0,0,2,3,2,1,2,2,1,0,1,0,2,2,3,1,3,3,2,3,3,2,2,2,2,2,3,3,3,3,3,1,1,1,1,1,1,2,3,3,3,3,2,2,3,1,1,2,2,3,2,3,3,2,3,2,2,2,2,2,2,2,3,2,2,2,2,2,2,0,1,2,3,3,2,3,3,1,1,3,3,2,3,2,2,3,2,2,2,3,3,3,3,3,1,1,2,3,3,3,3,2,0,3,2,3,2,3,3,2,3,2,2,3,3,2,0,2,2,1,3,2,2,2,0,2,1,1,0,3,2,3,3,0,2,1,1,3,2,2,2,2,3,0,2,2,2,2,3,1,1,1,1,1,3,3,3,3,3,3,0,0,3,2,2,1,1,0,2,0,1,1,1,1,3,3,0,2,3,2,2,2,2,3,2,2,1,2,3,3,3,0,2,3,3,3,0,0,3,2,0,0,0,0,2,0,0,0,0,0,3,2,2,0,2,0,2,3,3,2,2,2,0,2,2,3,3,3,3,2,3,3,2,3,3,2,3,3,3,1,3,3,0,3,3,2,2,2,3,2,2,2,3,2,2,2,3,2,3,3,2,2,2,3,2,0,2,2,3,2,2,2,2,2,1,1,0,3"
103,1.4108129056435708,"0,0,2,3,2,1,2,2,1,0,1,0,2,2,3,1,3,3,2,3,3,2,2,2,2,2,3,3,3,3,3,1,1,1,1,1,1,2,3,3,3,3,2,2,3,1,1,2,2,3,2,3,3,2,3,2,2,2,2,2,2,2,3,2,2,2,2,2,2,0,1,2,3,3,2,3,3,1,1,3,3,2,3,2,2,3,2,2,2,3,3,3,3,3,1,1,2,3,3,3,3,2,0,3,2,3,2,3,3,2,3,2,2,3,1,2,0,2,2,1,3,2,2,2,0,2,1,1,0,3,2,3,3,0,2,1,1,3,2,2,2,2,3,0,2,2,1,2,3,1,1,1,1,1,3,3,3,3,3,3,0,1,3,2,3,1,1,0,2,0,1,1,1,1,3,3,0,2,3,2,2,2,2,3,2,2,3,2,3,3,3,0,2,3,3,3,0,0,3,2,0,0,0,0,2,0,0,0,0,0,3,2,2,0,2,0,2,3,3,2,2,2,0,2,2,3,3,3,3,2,3,3,2,3,3,2,3,3,3,1,3,3,0,3,2,2,2,2,3,2,2,2,3,2,2,2,3,0,3,3,2,2,2,1,2,2,2,2,3,2,2,2,2,2,1,1,0,3"
104,1.412760413218869,"0,0,2,3,2,1,2,2,1,0,1,0,2,2,3,1,3,3,2,3,3,2,2,2,2,2,3,3,3,3,3,1,1,1,1,1,1,2,3,3,3,3,2,2,3,1,1,2,2,3,2,3,3,2,3,2,2,2,2,2,2,2,3,2,2,2,2,2,2,0,1,2,3,3,2,3,3,1,1,3,3,2,3,2,2,3,2,2,2,3,3,3,3,3,1,1,2,3,3,3,3,2,0,3,2,3,2,3,3,2,3,2,2,3,3,2,0,2,2,1,3,2,2,2,0,2,1,1,0,3,2,3,3,0,2,1,1,3,2,2,2,2,3,0,2,2,2,2,3,1,1,1,1,1,3,3,3,3,3,3,0,1,3,2,3,1,1,0,2,0,1,1,1,1,3,3,0,2,3,2,2,2,2,3,2,2,3,2,3,3,3,0,2,3,3,3,0,0,3,2,0,0,0,0,2,0,0,0,0,0,3,2,2,0,2,0,2,3,3,2,2,2,0,2,2,3,3,3,3,2,3,3,0,3,3,2,2,3,3,1,3,3,0,3,2,1,2,0,3,2,2,2,3,2,2,2,3,2,3,3,2,2,2,3,2,0,2,2,3,2,3,2,2,2,1,1,2,3"
105,1.412760413218869,"0,0,2,3,2,1,2,2,1,0,1,0,2,2,3,1,3,3,2,3,3,2,2,2,2,2,3,3,3,3,3,1,1,1,1,1,1,2,3,3,3,3,2,2,3,1,1,2,2,3,2,3,3,2,3,2,2,2,2,2,2,2,3,2,2,2,2,2,2,0,1,2,3,3,2,3,3,1,1,3,3,2,3,2,2,3,2,2,2,3,3,3,3,3,1,1,2,3,3,3,3,2,0,3,2,3,2,3,3,2,3,2,2,3,3,2,0,2,2,1,3,2,2,2,0,2,1,1,0,3,2,3,3,0,2,1,1,3,2,2,2,2,3,0,2,2,2,2,3,1,1,1,1,1,3,3,3,3,3,3,0,1,3,2,3,1,1,0,2,0,1,1,1,1,3,3,0,2,3,2,2,2,2,3,2,2,3,2,3,3,3,0,2,3,3,3,0,0,3,2,0,0,0,0,2,0,0,0,0,0,3,2,2,0,2,0,2,3,3,2,2,2,0,2,2,3,3,3,3,2,3,3,0,3,3,2,2,3,3,1,3,3,0,3,2,1,2,0,3,2,2,2,3,2,2,2,3,2,3,3,2,2,2,3,2,0,2,2,3,2,3,2,2,2,1,1,2,3"
106,1.412595193523637,"0,0,2,3,2,1,2,2,1,0,1,0,2,2,3,1,3,3,2,3,3,2,2,2,2,2,3,3,3,3,3,1,1,1,1,1,1,2,3,3,3,3,2,2,3,1,1,2,2,3,2,3,3,2,3,2,2,2,2,2,2,2,3,2,2,2,2,2,2,0,1,2,3,3,2,3,3,1,1,3,3,2,3,2,2,3,2,2,2,3,3,3,3,3,0,1,2,3,3,3,3,2,0,3,2,3,2,3,3,2,3,2,2,3,3,2,0,2,2,1,3,2,3,2,0,2,1,1,0,3,2,3,3,0,2,1,1,3,2,2,2,2,3,0,2,2,2,2,3,1,1,1,1,1,3,3,3,3,3,3,0,1,3,2,2,1,1,0,2,0,1,1,1,1,3,3,0,2,3,2,2,2,2,3,2,2,3,2,3,3,3,0,2,3,3,3,0,0,3,2,0,0,0,0,2,0,0,0,0,0,3,2,2,0,2,0,2,3,3,2,2,2,0,2,2,3,3,3,3,2,3,3,0,3,3,2,3,3,3,0,3,3,0,3,2,2,2,2,3,2,2,2,3,2,2,2,3,3,3,3,2,2,2,3,2,2,2,2,3,2,2,2,2,2,1,1,0,3"
107,1.412595193523637,"0,0,2,3,2,1,2,2,1,0,1,0,2,2,3,1,3,3,2,3,3,2,2,2,2,2,3,3,3,3,3,1,1,1,1,1,1,2,3,3,3,3,2,2,3,1,1,2,2,3,2,3,3,2,3,2,2,2,2,2,2,2,3,2,2,2,2,2,2,0,1,2,3,3,2,3,3,1,1,3,3,2,3,2,2,3,2,2,2,3,3,3,3,3,0,1,2,3,3,3,3,2,0,3,2,3,2,3,3,2,3,2,2,3,3,2,0,2,2,1,3,2,3,2,0,2,1,1,0,3,2,3,3,0,2,1,1,3,2,2,2,2,3,0,2,2,2,2,3,1,1,1,1,1,3,3,3,3,3,3,0,1,3,2,2,1,1,0,2,0,1,1,1,1,3,3,0,2,3,2,2,2,2,3,2,2,3,2,3,3,3,0,2,3,3,3,0,0,3,2,0,0,0,0,2,0,0,0,0,0,3,2,2,0,2,0,2,3,3,2,2,2,0,2,2,3,3,3,3,2,3,3,0,3,3,2,3,3,3,0,3,3,0,3,2,2,2,2,3,2,2,2,3,2,2,2,3,3,3,3,2,2,2,3,2,2,2,2,3,2,2,2,2,2,1,1,0,3"
108,1.413638822230781,"0,0,2,3,2,1,2,2,1,0,1,0,2,2,3,1,3,3,2,3,3,2,2,2,2,2,3,3,3,3,3,1,1,1,1,1,1,2,3,3,3,3,2,2,3,1,1,0,2,3,2,3,3,2,3,2,2,2,2,2,2,2,3,2,2,2,2,2,2,0,1,2,3,3,2,3,3,1,1,3,3,2,3,2,2,3,2,2,2,3,3,3,3,3,1,1,2,3,3,3,3,2,1,3,2,3,2,3,3,2,3,2,2,3,3,2,0,3,3,1,3,2,2,2,0,2,1,1,0,3,2,3,3,0,2,1,1,3,2,2,2,2,3,0,2,2,2,2,3,1,1,1,1,1,3,3,3,3,3,3,0,1,3,2,3,1,1,0,2,0,1,1,1,1,3,3,0,2,3,0,2,2,2,3,2,2,3,2,3,3,3,0,2,3,3,3,0,0,0,2,0,0,0,0,2,0,0,0,0,0,3,2,2,0,2,0,2,3,3,2,2,2,0,2,2,3,3,3,3,2,3,3,0,3,3,2,3,3,3,1,3,3,0,3,2,2,2,2,3,2,2,2,3,2,2,2,3,3,3,3,2,2,2,3,2,2,2,2,3,2,2,2,2,2,1,1,0,3"
109,1.413657120815842,"0,0,2,3,2,1,2,2,1,0,1,0,2,2,3,1,3,3,2,3,3,2,2,2,2,2,3,3,3,3,3,1,1,1,1,1,1,2,3,3,3,3,2,2,3,1,1,0,2,3,2,3,3,2,3,2,2,2,2,2,2,2,3,2,2,2,2,2,2,0,1,2,3,3,2,3,3,1,1,3,3,2,3,2,2,3,2,2,2,3,3,3,3,3,1,1,2,3,3,3,3,2,1,3,2,3,2,3,3,2,3,2,2,3,3,2,0,3,3,1,3,2,2,2,0,2,1,1,0,3,2,3,3,0,2,1,1,3,2,2,2,2,3,0,2,2,2,2,3,1,1,1,1,1,3,3,3,3,3,3,0,1,3,2,2,1,1,0,2,0,1,1,0,1,3,3,0,2,3,2,2,2,2,3,2,2,3,2,3,3,3,0,2,3,3,3,0,0,0,2,0,0,0,0,2,0,0,0,0,0,3,2,2,0,2,0,2,3,3,2,2,2,0,2,2,3,3,3,3,2,3,3,0,3,3,2,3,3,3,1,3,3,0,3,2,2,2,2,3,2,2,2,3,2,2,2,3,3,3,3,2,2,2,3,2,2,2,2,3,2,2,2,2,2,1,1,0,3"
110,1.4138768210065515,"0,0,2,3,2,1,2,2,1,0,1,0,2,2,3,1,3,3,2,3,3,2,2,2,2,2,3,3,3,3,3,1,1,1,1,1,1,3,3,3,3,3,2,2,3,1,1,0,2,3,2,3,3,2,3,2,2,2,2,2,2,2,3,2,2,2,2,2,2,0,1,2,3,3,2,3,3,1,1,3,3,2,3,2,2,3,2,2,2,3,3,3,3,3,1,1,2,3,3,3,3,2,1,3,2,3,2,3,3,2,3,2,2,3,3,2,0,3,3,1,3,2,2,2,0,2,1,1,0,3,2,3,3,0,2,1,1,3,2,2,2,2,3,0,2,2,2,2,3,1,1,1,1,1,3,3,3,3,3,3,0,1,3,2,2,1,1,0,2,0,1,1,0,1,3,3,0,2,3,2,2,2,2,3,2,2,3,2,3,3,3,0,2,3,3,3,0,0,0,2,0,0,0,0,2,0,0,0,0,0,3,2,2,0,2,0,2,3,3,2,2,2,0,2,2,3,3,3,3,2,3,3,0,3,3,2,3,3,3,1,3,3,0,3,2,2,2,2,3,2,2,2,3,2,2,2,3,3,3,3,2,2,2,3,2,2,2,2,3,2,2,2,2,2,1,1,0,3"
111,1.4138768210065515,"0,0,2,3,2,1,2,2,1,0,1,0,2,2,3,1,3,3,2,3,3,2,2,2,2,2,3,3,3,3,3,1,1,1,1,1,1,3,3,3,3,3,2,2,3,1,1,0,2,3,2,3,3,2,3,2,2,2,2,2,2,2,3,2,2,2,2,2,2,0,1,2,3,3,2,3,3,1,1,3,3,2,3,2,2,3,2,2,2,3,3,3,3,3,1,1,2,3,3,3,3,2,1,3,2,3,2,3,3,2,3,2,2,3,3,2,0,3,3,1,3,2,2,2,0,2,1,1,0,3,2,3,3,0,2,1,1,3,2,2,2,2,3,0,2,2,2,2,3,1,1,1,1,1,3,3,3,3,3,3,0,1,3,2,2,1,1,0,2,0,1,1,0,1,3,3,0,2,3,2,2,2,2,3,2,2,3,2,3,3,3,0,2,3,3,3,0,0,0,2,0,0,0,0,2,0,0,0,0,0,3,2,2,0,2,0,2,3,3,2,2,2,0,2,2,3,3,3,3,2,3,3,0,3,3,2,3,3,3,1,3,3,0,3,2,2,2,2,3,2,2,2,3,2,2,2,3,3,3,3,2,2,2,3,2,2,2,2,3,2,2,2,2,2,1,1,0,3"
112,1.4140289693987198,"0,0,2,3,2,1,2,2,1,0,1,0,2,2,3,1,3,3,2,3,3,2,2,2,2,2,3,3,3,3,3,1,1,1,1,1,1,3,3,3,3,3,2,2,3,1,1,0,2,3,2,3,3,2,3,2,2,2,2,2,2,2,3,2,2,2,2,2,2,0,1,2,3,3,2,3,3,1,1,3,3,2,3,2,2,3,2,2,2,3,3,3,3,3,1,1,2,3,3,3,3,2,1,3,2,3,2,3,3,2,3,2,2,3,3,2,0,3,3,1,3,2,2,2,0,3,1,1,0,3,2,3,3,0,2,1,1,3,2,2,2,2,3,0,2,2,2,2,3,1,1,1,1,1,3,3,3,3,3,3,0,1,3,2,2,1,1,0,2,0,1,1,0,1,3,3,0,2,3,2,2,2,3,3,2,2,3,2,3,3,3,0,2,3,3,3,0,0,0,2,0,0,0,0,2,0,0,0,0,0,3,2,2,0,2,0,2,3,3,2,2,2,0,2,2,3,3,3,3,2,3,3,0,3,3,2,3,3,3,1,3,3,0,2,2,2,2,2,3,2,2,2,3,0,2,2,3,3,3,3,2,2,2,3,2,2,2,2,3,2,2,2,2,2,1,1,0,3"
113,1.4143556457564557,"0,0,2,3,2,1,2,2,1,0,1,0,2,2,3,1,3,3,2,3,3,2,2,2,2,2,3,3,3,3,3,1,1,1,1,1,1,3,3,3,3,3,2,2,3,1,1,0,2,3,2,3,3,2,3,2,2,2,2,2,2,2,3,2,2,2,2,2,2,0,1,2,3,3,2,3,3,1,1,3,3,2,3,2,2,3,2,2,2,3,3,3,3,3,1,1,2,3,3,3,3,2,1,3,2,3,2,3,3,2,3,2,2,3,3,2,0,3,3,1,3,2,2,2,0,2,1,1,0,3,2,3,3,0,2,1,1,3,2,2,2,2,3,0,2,2,2,2,3,1,1,1,1,1,3,3,3,3,3,3,0,1,3,2,2,1,1,0,2,0,1,1,0,1,3,3,0,2,3,2,2,2,3,3,2,2,3,2,3,3,3,0,2,3,3,3,0,0,0,2,0,0,0,0,2,0,0,0,0,0,3,2,2,0,2,0,2,3,3,2,2,2,0,2,2,3,3,3,3,2,3,3,0,3,3,2,3,3,3,1,3,3,0,2,2,2,2,2,3,2,2,2,3,2,2,2,3,3,3,3,2,2,2,3,2,2,2,2,3,2,2,2,2,2,1,1,0,3"
114,1.4145846903860717,"0,0,2,3,2,1,2,2,1,0,1,0,2,2,3,1,3,3,2,3,3,2,2,2,2,2,3,3,3,3,3,1,1,1,1,1,1,3,3,3,3,3,2,2,3,1,1,0,2,3,2,3,3,2,3,2,2,2,2,2,2,2,3,2,2,2,2,2,2,0,1,2,3,3,2,3,3,1,1,3,3,2,3,2,2,3,2,2,2,3,3,3,3,3,1,1,2,3,3,3,3,2,1,3,2,3,2,3,3,2,3,2,2,3,3,2,0,3,3,1,3,2,2,2,0,2,1,1,0,3,2,3,3,0,2,1,1,3,2,2,2,2,3,0,2,2,2,2,3,1,1,1,1,1,3,3,3,3,3,3,0,1,3,2,2,1,1,0,2,0,1,1,0,1,3,3,0,2,3,2,2,2,3,3,2,2,3,2,3,3,3,0,2,3,3,3,0,0,0,2,0,0,0,0,2,0,0,0,0,0,3,2,2,0,2,0,2,3,3,2,2,2,0,2,2,3,3,3,3,2,3,3,0,3,3,2,3,3,3,1,3,3,0,2,2,3,2,2,3,2,2,2,3,2,2,2,3,3,3,3,2,2,2,3,2,2,2,2,3,2,2,2,2,2,1,1,0,3"
115,1.415359971042805,"0,0,2,3,2,1,2,2,1,0,1,0,2,2,3,1,3,3,2,3,3,2,2,2,2,2,3,3,3,3,3,1,1,1,1,1,1,3,3,3,3,3,2,2,3,1,1,0,2,3,2,3,3,2,3,2,2,2,2,2,2,2,3,2,2,2,2,2,2,0,1,2,3,3,2,3,3,1,1,3,3,2,3,2,2,3,2,2,2,3,3,3,3,3,1,1,2,3,3,3,3,2,2,3,2,3,2,3,3,2,3,2,2,3,3,2,0,3,3,1,3,2,2,2,0,2,1,1,0,3,2,3,3,0,2,1,1,3,2,2,2,2,3,0,2,2,2,2,3,1,1,1,1,1,3,3,3,3,3,3,0,1,3,2,2,1,1,0,2,0,1,1,0,1,3,3,0,2,3,2,2,2,3,3,2,2,3,2,3,3,3,0,2,3,3,3,0,0,0,2,0,0,0,0,2,0,0,0,0,0,3,2,2,0,2,0,2,3,3,2,2,2,0,2,2,3,3,3,3,2,3,3,0,3,3,2,3,3,3,1,3,3,0,2,2,3,2,2,3,2,2,2,3,2,2,2,3,3,3,3,2,2,2,3,2,2,2,2,3,2,2,2,2,2,1,1,0,3"
116,1.4160098516564392,"0,0,2,3,2,1,2,2,1,0,1,0,2,2,3,1,3,3,2,3,3,2,2,2,2,2,3,3,3,3,3,1,1,1,1,1,1,3,3,3,3,3,2,2,3,1,1,0,2,3,2,3,3,2,3,2,2,2,2,2,2,2,3,2,2,2,2,2,2,0,1,2,3,3,2,3,3,1,1,3,3,2,3,2,2,3,2,2,2,3,3,3,3,3,1,1,2,3,3,3,3,2,2,3,2,3,2,3,3,2,3,2,2,3,3,2,0,3,3,1,3,2,2,2,0,3,1,1,0,3,2,3,3,0,2,1,1,3,2,2,2,2,3,0,2,2,2,2,3,1,1,1,1,1,3,3,3,3,3,3,0,1,3,2,2,1,1,0,2,0,1,1,0,1,3,3,0,2,3,2,2,2,3,3,2,2,3,2,3,3,3,0,2,3,3,3,0,0,0,2,0,0,0,0,2,0,0,0,0,0,3,2,2,0,2,0,2,3,3,2,2,2,0,2,2,3,3,3,3,2,3,3,0,3,3,2,3,3,3,1,3,3,0,2,2,3,2,2,3,2,2,2,3,2,2,2,3,3,3,3,2,2,2,3,2,2,2,2,3,2,3,2,2,2,1,1,0,3"
117,1.4159032885560596,"0,0,2,3,2,1,2,2,1,0,1,0,2,2,3,1,3,3,2,3,3,2,2,2,2,2,3,3,3,3,3,1,1,1,1,1,1,3,3,3,3,3,2,2,3,1,1,0,2,3,2,3,3,2,3,2,2,2,2,2,2,2,3,2,2,2,2,2,2,0,1,2,3,3,2,3,3,1,1,3,2,2,3,2,2,3,2,2,2,3,3,3,3,3,1,1,2,3,3,3,3,2,2,3,2,3,2,3,3,2,3,2,2,3,3,2,0,3,3,1,3,2,2,2,0,3,1,1,0,3,2,3,3,0,2,1,1,3,2,2,2,2,3,0,2,2,2,2,3,1,1,1,1,1,3,3,3,3,3,3,0,1,3,2,2,1,1,0,2,0,1,1,0,1,3,3,0,2,3,2,2,2,3,3,2,2,3,2,3,3,3,0,2,3,3,3,0,0,0,2,0,0,0,0,2,0,0,0,0,0,3,2,2,0,2,0,2,3,3,2,2,2,0,2,2,3,3,3,3,2,3,3,0,3,3,2,3,3,0,1,3,3,0,2,2,3,2,2,3,2,2,2,3,2,2,2,3,3,3,3,2,2,2,3,2,2,2,2,3,2,3,2,2,2,1,1,0,3"
118,1.4163710024288347,"0,0,2,3,2,1,2,2,1,0,1,0,2,2,3,1,3,3,2,3,3,2,2,2,2,2,3,3,3,3,3,1,1,1,1,1,1,3,3,3,3,3,2,2,3,1,1,0,2,3,2,3,3,2,3,2,2,2,2,2,2,2,3,2,2,2,2,2,2,0,1,2,3,3,2,3,3,1,1,3,2,2,3,2,2,3,2,2,2,3,3,3,3,3,1,1,2,3,3,3,3,2,2,3,2,3,2,3,3,2,3,2,2,3,3,2,0,3,3,1,3,2,2,2,0,3,1,1,0,3,2,3,3,0,2,1,1,3,2,2,2,2,3,0,2,2,2,2,3,1,1,1,1,1,3,3,3,3,3,3,0,1,3,2,2,1,1,0,2,0,1,1,0,1,3,3,0,2,3,2,2,2,3,3,2,2,3,2,3,3,3,0,2,3,3,3,0,0,0,2,0,0,0,0,2,0,0,0,0,0,3,2,2,0,2,0,2,3,3,2,2,2,0,2,2,3,3,3,3,2,3,3,0,3,3,2,3,3,3,1,3,3,0,2,2,3,2,2,3,2,2,2,3,2,2,2,3,3,3,3,2,2,2,3,2,2,2,2,3,2,3,2,2,2,1,1,0,3"
119,1.4167305380405508,"0,0,3,3,2,1,2,2,1,0,1,0,2,2,3,1,3,3,2,3,3,2,2,2,2,2,3,3,3,3,3,1,1,1,1,1,1,3,3,3,3,3,2,2,3,1,1,0,2,3,2,3,3,2,3,2,2,2,2,2,2,2,3,2,2,2,2,2,2,0,1,2,3,3,2,3,3,1,1,3,2,2,3,2,2,3,2,2,2,3,3,3,3,3,1,1,2,3,3,3,3,2,2,3,2,3,2,3,3,2,3,2,2,3,3,2,0,3,3,1,3,2,2,2,0,3,1,1,0,3,2,3,3,0,2,1,1,3,2,2,2,2,3,0,2,2,2,2,3,1,1,1,1,1,3,3,3,3,3,3,0,1,3,2,2,1,1,0,2,0,1,1,0,1,3,3,0,2,3,2,2,2,3,3,2,2,3,2,3,3,3,0,2,3,3,3,0,0,0,2,0,0,0,0,2,0,0,0,0,0,3,2,2,0,2,0,2,3,3,2,2,2,0,2,2,3,3,3,3,2,3,3,0,3,3,2,3,3,3,1,3,3,0,2,2,3,2,2,3,2,2,2,3,2,2,2,3,3,3,3,2,2,2,3,2,2,2,2,3,2,3,2,2,2,1,1,0,3"
120,1.4167305380405508,"0,0,3,3,2,1,2,2,1,0,1,0,2,2,3,1,3,3,2,3,3,2,2,2,2,2,3,3,3,3,3,1,1,1,1,1,1,3,3,3,3,3,2,2,3,1,1,0,2,3,2,3,3,2,3,2,2,2,2,2,2,2,3,2,2,2,2,2,2,0,1,2,3,3,2,3,3,1,1,3,2,2,3,2,2,3,2,2,2,3,3,3,3,3,1,1,2,3,3,3,3,2,2,3,2,3,2,3,3,2,3,2,2,3,3,2,0,3,3,1,3,2,2,2,0,3,1,1,0,3,2,3,3,0,2,1,1,3,2,2,2,2,3,0,2,2,2,2,3,1,1,1,1,1,3,3,3,3,3,3,0,1,3,2,2,1,1,0,2,0,1,1,0,1,3,3,0,2,3,2,2,2,3,3,2,2,3,2,3,3,3,0,2,3,3,3,0,0,0,2,0,0,0,0,2,0,0,0,0,0,3,2,2,0,2,0,2,3,3,2,2,2,0,2,2,3,3,3,3,2,3,3,0,3,3,2,3,3,3,1,3,3,0,2,2,3,2,2,3,2,2,2,3,2,2,2,3,3,3,3,2,2,2,3,2,2,2,2,3,2,3,2,2,2,1,1,0,3"
121,1.4173749153238826,"0,0,3,3,2,1,2,2,1,0,1,0,2,2,3,1,3,3,2,3,3,2,2,2,2,2,3,3,3,3,3,1,1,1,1,1,1,3,3,3,3,3,2,2,3,1,1,0,2,3,2,3,3,2,3,2,2,2,2,2,2,2,3,2,2,2,2,2,2,1,1,2,3,3,2,3,3,1,1,3,2,2,3,2,2,3,2,2,2,3,3,3,3,3,1,1,2,3,3,3,3,2,2,3,2,3,2,3,3,2,3,2,2,3,3,2,0,3,3,1,3,2,2,2,0,3,1,1,0,3,2,3,3,0,2,1,1,3,2,2,2,2,3,0,2,2,2,2,3,1,1,1,1,1,3,3,3,3,3,3,0,1,3,2,2,1,1,0,2,0,1,1,0,1,3,3,0,2,3,2,2,2,3,3,2,2,3,2,3,3,3,0,2,3,3,3,0,0,0,2,0,0,0,0,0,0,0,0,0,0,3,2,2,2,2,0,2,3,3,2,2,2,0,2,2,3,3,3,3,1,3,3,0,3,3,2,3,3,3,1,3,3,0,2,2,3,2,2,3,2,2,2,3,2,2,2,3,3,3,3,2,2,2,3,2,2,2,2,3,2,3,2,2,2,1,1,0,3"
122,1.4178710324239359,"0,0,3,3,2,1,2,2,1,0,1,0,2,0,3,1,3,3,2,3,3,2,2,2,2,2,3,3,3,3,3,1,1,1,1,1,1,3,3,3,3,3,2,2,3,1,1,0,2,3,2,3,3,2,3,2,2,2,2,2,2,2,3,2,2,2,2,2,2,1,1,2,3,3,2,3,3,1,1,3,2,2,3,2,2,3,2,2,2,3,3,3,3,3,1,1,2,3,3,3,3,2,2,3,2,3,2,3,3,2,3,2,2,3,3,2,0,3,3,1,3,2,2,2,0,3,1,1,0,3,2,3,3,0,2,1,1,3,2,2,2,2,3,0,2,2,2,2,3,1,1,1,1,1,3,3,3,3,3,3,0,1,3,2,2,1,1,0,2,0,1,1,0,1,3,3,0,2,3,2,2,2,3,3,2,2,3,2,3,3,3,0,2,3,3,3,0,0,0,2,0,0,0,0,0,0,0,0,0,0,3,2,2,2,2,0,2,3,3,2,2,2,0,2,2,3,3,3,3,1,3,3,0,3,3,2,3,3,3,1,3,3,0,2,2,3,2,2,3,2,2,2,3,2,2,2,3,3,3,3,2,2,2,3,2,2,2,2,3,2,3,2,2,2,1,1,0,3"
123,1.4181005555778246,"0,0,3,3,2,1,2,2,1,0,1,0,2,0,3,1,3,3,2,3,3,2,2,2,2,2,3,3,3,3,3,1,1,1,1,1,1,3,3,3,3,3,2,2,3,1,1,0,2,3,2,3,3,2,3,2,2,2,2,2,2,2,3,2,2,2,2,2,2,1,1,2,3,3,2,3,3,1,1,3,2,2,3,2,2,3,2,2,2,3,3,3,3,3,1,1,2,3,3,3,3,2,2,3,2,3,2,3,3,2,3,2,2,3,3,2,0,3,3,1,3,2,2,2,0,3,1,1,0,3,2,3,3,0,2,1,1,3,2,2,2,2,3,0,2,2,2,2,3,1,1,1,1,1,3,3,3,3,3,3,0,1,3,2,2,1,1,0,2,0,1,1,0,1,3,3,0,2,3,2,2,2,3,3,2,2,3,2,3,3,3,0,2,3,3,3,0,0,0,2,0,0,0,0,0,0,0,0,0,0,3,2,2,2,2,0,2,3,3,2,3,2,0,2,2,3,3,3,3,1,3,3,0,3,3,2,3,3,3,1,3,3,0,0,2,3,2,2,3,2,2,2,3,2,2,2,3,3,3,3,2,2,2,3,2,2,2,2,3,2,3,2,2,2,1,1,0,3"
124,1.4173297017893465,"0,0,3,3,2,1,2,2,1,0,1,0,2,0,3,1,3,3,2,3,3,2,2,2,2,2,3,3,3,3,3,1,1,1,1,1,1,3,3,3,3,3,2,2,3,1,1,0,2,3,2,3,3,2,3,2,2,2,2,2,2,2,3,2,2,2,2,2,2,1,1,2,3,3,2,3,3,1,1,3,2,2,3,2,2,3,2,2,2,3,3,3,3,3,1,1,2,3,3,3,3,2,2,3,2,3,2,3,3,2,3,2,2,3,3,2,0,3,3,1,3,2,2,2,0,3,1,1,0,3,2,3,3,0,2,1,1,3,2,2,2,2,3,0,2,2,2,2,3,1,1,1,1,1,3,3,3,3,3,3,0,1,3,2,2,1,1,0,2,0,1,1,0,1,3,3,0,2,3,2,2,2,3,3,2,2,3,2,3,3,3,0,2,3,3,3,0,0,0,2,0,0,0,0,0,0,0,0,0,0,3,2,2,2,2,0,2,3,3,2,3,2,0,2,2,3,3,3,3,1,3,3,0,3,3,2,3,3,3,1,3,1,0,0,2,3,2,2,3,2,2,2,3,2,2,2,3,3,3,3,2,2,2,3,2,2,2,2,3,2,3,2,2,2,1,1,0,3"
125,1.4173297017893465,"0,0,3,3,2,1,2,2,1,0,1,0,2,0,3,1,3,3,2,3,3,2,2,2,2,2,3,3,3,3,3,1,1,1,1,1,1,3,3,3,3,3,2,2,3,1,1,0,2,3,2,3,3,2,3,2,2,2,2,2,2,2,3,2,2,2,2,2,2,1,1,2,3,3,2,3,3,1,1,3,2,2,3,2,2,3,2,2,2,3,3,3,3,3,1,1,2,3,3,3,3,2,2,3,2,3,2,3,3,2,3,2,2,3,3,2,0,3,3,1,3,2,2,2,0,3,1,1,0,3,2,3,3,0,2,1,1,3,2,2,2,2,3,0,2,2,2,2,3,1,1,1,1,1,3,3,3,3,3,3,0,1,3,2,2,1,1,0,2,0,1,1,0,1,3,3,0,2,3,2,2,2,3,3,2,2,3,2,3,3,3,0,2,3,3,3,0,0,0,2,0,0,0,0,0,0,0,0,0,0,3,2,2,2,2,0,2,3,3,2,3,2,0,2,2,3,3,3,3,1,3,3,0,3,3,2,3,3,3,1,3,1,0,0,2,3,2,2,3,2,2,2,3,2,2,2,3,3,3,3,2,2,2,3,2,2,2,2,3,2,3,2,2,2,1,1,0,3"
126,1.4173297017893465,"0,0,3,3,2,1,2,2,1,0,1,0,2,0,3,1,3,3,2,3,3,2,2,2,2,2,3,3,3,3,3,1,1,1,1,1,1,3,3,3,3,3,2,2,3,1,1,0,2,3,2,3,3,2,3,2,2,2,2,2,2,2,3,2,2,2,2,2,2,1,1,2,3,3,2,3,3,1,1,3,2,2,3,2,2,3,2,2,2,3,3,3,3,3,1,1,2,3,3,3,3,2,2,3,2,3,2,3,3,2,3,2,2,3,3,2,0,3,3,1,3,2,2,2,0,3,1,1,0,3,2,3,3,0,2,1,1,3,2,2,2,2,3,0,2,2,2,2,3,1,1,1,1,1,3,3,3,3,3,3,0,1,3,2,2,1,1,0,2,0,1,1,0,1,3,3,0,2,3,2,2,2,3,3,2,2,3,2,3,3,3,0,2,3,3,3,0,0,0,2,0,0,0,0,0,0,0,0,0,0,3,2,2,2,2,0,2,3,3,2,3,2,0,2,2,3,3,3,3,1,3,3,0,3,3,2,3,3,3,1,3,1,0,0,2,3,2,2,3,2,2,2,3,2,2,2,3,3,3,3,2,2,2,3,2,2,2,2,3,2,3,2,2,2,1,1,0,3"
127,1.4192220155789377,"0,0,3,3,2,1,2,2,1,0,1,0,2,0,3,1,3,3,2,3,3,2,2,2,2,2,3,3,3,3,3,1,1,1,1,1,1,3,3,3,3,3,2,2,3,1,1,0,2,3,2,3,3,2,3,2,2,2,2,2,2,2,3,2,2,2,2,2,2,1,1,2,3,3,2,3,3,1,1,3,2,2,3,2,2,3,2,2,2,3,3,3,3,3,1,1,2,3,3,3,3,2,2,3,2,3,2,3,3,2,3,2,2,3,3,2,0,3,3,1,3,2,2,2,0,3,1,1,0,3,2,3,3,0,2,1,1,3,2,2,2,2,3,0,2,2,2,2,3,1,1,1,1,1,3,3,3,3,3,3,0,1,3,2,2,1,1,0,2,0,1,1,1,1,3,3,0,2,3,2,2,2,3,3,2,2,3,2,3,3,3,0,2,3,3,3,0,0,0,2,0,0,0,0,0,0,0,0,0,0,3,2,2,2,2,0,2,3,3,2,3,2,0,2,2,3,3,3,3,2,3,3,0,3,3,2,3,3,3,1,3,3,0,2,2,3,2,2,3,2,2,2,3,2,2,2,3,3,3,3,2,2,2,3,2,2,2,2,3,2,3,3,2,2,1,1,0,3"
128,1.4196223516570647,"0,0,3,3,2,1,2,2,1,0,1,0,2,0,3,1,3,3,2,3,3,2,2,2,2,2,3,3,3,3,3,1,1,1,1,1,1,3,3,3,3,3,2,2,3,1,1,0,2,3,2,3,3,2,3,2,2,2,2,2,2,2,3,2,2,2,2,2,2,1,1,2,3,3,2,3,3,1,1,3,2,2,3,2,2,3,2,2,2,3,3,3,3,3,1,1,2,3,3,3,3,2,2,3,2,3,2,3,3,3,3,2,2,3,3,2,0,3,3,1,3,2,2,2,0,3,1,1,0,3,2,3,3,0,2,1,1,3,2,2,2,2,3,0,2,2,2,2,3,1,1,1,1,1,3,3,3,3,3,3,0,1,3,2,2,1,1,0,2,0,1,1,1,1,3,3,0,2,3,2,2,2,3,3,2,2,3,2,3,3,3,0,2,3,3,3,0,0,0,2,0,0,0,0,0,0,0,0,0,0,3,2,2,2,2,0,2,3,3,2,3,2,0,2,2,3,3,3,3,2,3,3,0,3,3,2,3,3,3,1,3,3,0,2,2,3,2,2,3,2,2,2,3,2,2,2,3,3,3,3,2,2,2,3,2,2,2,2,3,2,3,3,2,2,1,1,0,3"
129,1.4196223516570647,"0,0,3,3,2,1,2,2,1,0,1,0,2,0,3,1,3,3,2,3,3,2,2,2,2,2,3,3,3,3,3,1,1,1,1,1,1,3,3,3,3,3,2,2,3,1,1,0,2,3,2,3,3,2,3,2,2,2,2,2,2,2,3,2,2,2,2,2,2,1,1,2,3,3,2,3,3,1,1,3,2,2,3,2,2,3,2,2,2,3,3,3,3,3,1,1,2,3,3,3,3,2,2,3,2,3,2,3,3,3,3,2,2,3,3,2,0,3,3,1,3,2,2,2,0,3,1,1,0,3,2,3,3,0,2,1,1,3,2,2,2,2,3,0,2,2,2,2,3,1,1,1,1,1,3,3,3,3,3,3,0,1,3,2,2,1,1,0,2,0,1,1,1,1,3,3,0,2,3,2,2,2,3,3,2,2,3,2,3,3,3,0,2,3,3,3,0,0,0,2,0,0,0,0,0,0,0,0,0,0,3,2,2,2,2,0,2,3,3,2,3,2,0,2,2,3,3,3,3,2,3,3,0,3,3,2,3,3,3,1,3,3,0,2,2,3,2,2,3,2,2,2,3,2,2,2,3,3,3,3,2,2,2,3,2,2,2,2,3,2,3,3,2,2,1,1,0,3"
130,1.4188447498936483,"0,0,3,3,2,1,2,2,1,0,1,0,2,0,3,1,3,3,2,3,3,2,2,2,2,2,3,3,3,3,3,1,1,1,1,1,1,3,3,3,3,3,2,2,3,1,1,0,2,3,2,3,3,2,3,2,2,2,2,2,2,2,3,2,2,2,2,2,2,1,1,2,3,3,2,3,3,1,1,3,2,2,3,2,2,3,2,2,2,3,3,3,3,3,1,1,2,3,3,3,3,2,2,3,2,3,2,3,3,3,3,2,2,3,3,2,0,3,3,2,3,2,2,2,0,1,1,1,0,3,2,3,3,0,2,1,1,3,2,2,2,2,3,0,2,2,2,2,3,1,1,1,1,1,3,3,3,3,3,3,0,1,3,2,2,1,1,0,2,0,1,1,1,1,3,3,0,2,3,2,2,2,3,3,2,1,3,2,3,3,3,0,2,3,3,3,0,0,0,2,0,0,0,0,0,0,0,0,0,0,3,2,2,2,2,0,2,3,3,2,3,2,0,2,2,3,3,3,3,2,3,3,0,3,3,2,3,3,3,1,3,3,0,2,2,3,2,2,3,2,2,2,3,2,2,2,3,3,3,3,2,2,2,3,2,2,2,2,3,2,3,3,2,2,1,1,0,3"
131,1.419568306235577,"0,0,3,3,2,1,2,2,1,0,1,0,2,0,3,1,3,3,2,3,3,2,2,2,2,2,3,3,3,3,3,1,1,1,1,1,1,3,3,3,3,3,2,2,3,1,1,0,2,3,2,3,3,2,3,2,2,2,2,2,2,2,3,2,2,2,2,2,2,1,1,2,3,3,2,3,3,1,1,3,2,2,3,3,2,3,2,2,2,3,3,3,3,3,1,1,2,3,3,3,3,2,2,3,2,3,2,3,3,2,3,2,2,3,0,2,0,3,3,2,3,2,2,2,0,3,1,1,0,3,2,3,3,0,2,1,1,3,2,2,2,2,3,0,2,2,2,2,3,1,1,1,1,1,3,3,3,3,3,3,0,1,3,2,2,1,1,0,2,0,1,1,1,1,3,2,0,2,3,2,2,2,3,3,2,2,3,2,3,3,3,0,2,3,3,3,0,0,0,2,0,0,0,0,0,0,0,0,0,0,3,2,2,2,2,0,2,3,3,2,3,2,0,2,2,3,3,3,3,2,3,3,0,3,3,2,3,3,3,1,3,3,0,2,2,3,2,2,3,2,2,2,3,2,2,2,3,3,3,3,2,2,2,3,2,2,2,2,3,2,3,3,2,2,1,1,0,3"
132,1.4203923961038205,"0,0,3,3,2,1,2,2,1,0,1,0,2,0,3,1,3,3,2,3,3,2,2,2,2,2,3,3,3,3,3,1,1,1,1,1,1,3,3,3,3,3,2,2,3,1,1,0,2,3,2,3,3,2,3,2,2,2,3,2,2,2,3,2,2,2,2,2,2,1,1,2,3,3,2,3,3,1,1,3,2,2,3,2,2,3,2,3,2,3,3,3,3,3,1,1,2,3,3,3,3,2,2,3,2,3,2,3,3,3,3,2,2,3,3,2,0,3,3,2,3,2,2,2,0,3,1,1,0,3,2,3,3,0,2,1,1,3,2,2,2,2,3,0,2,2,2,2,3,1,1,1,1,1,3,3,3,3,3,3,0,1,3,2,2,1,1,0,2,0,1,1,1,1,3,2,0,2,3,2,2,2,3,3,2,2,3,2,3,3,3,0,2,3,3,3,0,0,0,2,0,0,0,0,0,0,0,0,0,0,3,2,2,2,2,0,2,3,3,2,3,2,0,2,2,3,3,3,2,2,3,3,0,3,3,2,3,3,0,1,3,3,0,2,2,3,2,2,3,2,2,2,3,2,2,2,3,3,3,3,2,2,2,3,2,2,2,2,2,2,3,3,2,2,1,1,0,3"
133,1.4212724419892122,"0,0,3,3,2,1,3,2,1,0,1,0,2,0,3,1,3,3,2,3,3,2,2,2,2,2,3,3,3,3,3,1,1,1,1,1,1,3,3,3,3,3,2,2,3,1,1,0,2,3,2,3,3,2,3,2,2,2,3,2,2,2,3,2,2,2,2,2,2,1,1,2,3,3,2,3,3,1,1,3,2,2,3,2,2,3,2,3,2,3,3,3,3,3,1,1,2,3,3,3,3,2,2,3,2,3,2,3,3,3,3,2,2,3,3,2,0,3,3,2,3,2,2,2,0,3,1,1,0,3,2,3,3,0,2,1,1,3,2,2,2,2,3,0,2,2,2,2,3,1,1,1,1,1,3,3,3,3,3,3,0,1,3,2,2,1,1,0,2,0,1,1,1,1,3,2,0,2,3,2,2,2,3,3,2,2,3,2,3,3,3,0,2,3,3,3,0,0,0,2,0,0,0,0,0,0,0,0,0,0,3,2,2,2,2,0,2,3,3,2,3,2,0,2,2,3,3,3,3,2,3,3,0,3,3,2,3,3,3,1,3,3,0,2,2,3,2,2,3,2,2,2,3,2,2,2,3,3,3,3,2,2,2,3,2,2,2,2,2,2,3,3,2,2,1,1,0,3"
134,1.4207757658776927,"0,0,3,3,2,1,3,2,1,0,1,0,2,0,3,1,3,3,2,3,3,2,2,2,2,2,3,3,3,3,3,1,1,1,1,1,1,3,3,3,3,3,2,2,3,1,1,0,2,3,2,3,3,2,3,2,2,2,3,2,2,2,3,2,2,2,2,2,2,1,1,2,3,3,2,3,3,1,1,3,2,2,3,2,2,3,2,3,2,3,3,3,3,3,1,1,2,3,3,3,3,2,2,3,2,3,2,3,3,3,3,2,2,3,3,2,0,3,3,2,3,2,2,2,0,3,1,1,0,3,2,3,3,0,2,1,1,3,2,2,2,0,3,0,2,2,2,2,3,1,1,1,1,1,3,3,3,3,3,3,0,1,3,2,2,1,1,0,2,0,1,1,1,1,3,2,0,2,3,2,2,2,3,3,2,2,3,2,3,3,3,0,2,3,3,3,0,0,0,2,0,0,0,0,0,0,0,0,0,0,3,2,2,2,2,0,2,3,3,2,3,2,0,2,2,3,3,3,3,2,3,3,0,3,3,2,3,3,3,1,3,3,0,2,2,3,2,2,3,2,2,2,3,2,2,2,3,3,3,3,2,2,2,3,2,2,2,2,2,2,3,3,2,2,1,1,0,3"
135,1.4215446198622872,"0,0,3,3,2,1,3,2,1,0,1,0,2,0,3,1,3,3,2,3,3,2,2,2,2,2,3,3,3,3,3,1,1,1,1,1,1,3,3,3,3,3,2,2,3,1,1,0,2,3,2,3,3,2,3,2,2,2,3,2,2,2,3,2,2,2,2,2,2,1,1,2,3,3,2,3,3,1,1,3,2,2,3,2,2,3,2,2,2,3,3,3,3,3,1,1,2,3,3,3,3,2,2,3,2,3,2,3,3,3,3,2,2,3,3,2,0,3,3,2,3,2,2,2,0,3,1,1,0,3,2,3,3,0,2,1,1,3,2,2,2,2,3,0,2,2,2,2,3,0,1,1,1,1,3,3,3,3,3,3,0,1,3,2,2,1,1,0,2,0,1,1,1,1,3,2,2,2,3,2,2,2,3,3,2,2,3,2,3,3,3,0,2,3,3,3,0,0,0,2,0,0,0,0,0,0,0,0,0,0,3,2,2,2,2,0,2,3,3,2,3,2,0,2,2,3,3,3,3,2,0,3,0,3,3,2,3,3,3,1,3,3,0,2,2,3,2,2,3,2,2,2,3,2,2,2,3,3,3,3,2,2,2,3,2,2,2,2,2,2,3,3,2,2,1,1,0,3"
136,1.420941597619601,"0,0,3,3,2,1,3,2,1,0,1,0,2,0,3,1,3,3,2,3,3,2,2,2,2,2,3,3,3,3,1,1,1,1,1,1,1,3,3,3,3,3,2,2,3,1,1,0,2,3,2,3,3,2,3,2,2,2,3,2,2,2,3,2,2,2,2,2,2,1,1,2,3,3,2,3,3,1,1,3,2,2,3,2,2,3,2,2,2,3,3,3,3,3,1,1,2,3,3,3,3,2,2,3,2,3,2,3,3,3,3,2,2,3,3,2,0,3,3,2,3,2,2,2,0,3,1,1,0,3,2,3,3,0,2,1,1,3,2,2,2,2,3,0,2,2,2,2,3,0,1,1,1,1,3,3,3,3,3,3,0,1,3,2,2,1,1,0,2,0,1,1,1,1,3,2,2,2,3,2,2,2,3,3,2,2,3,2,3,3,3,0,2,3,3,3,0,0,0,2,0,0,0,0,0,0,0,0,0,0,3,2,2,2,2,0,2,3,3,2,3,2,0,2,2,3,3,3,3,2,0,3,0,3,3,2,3,3,3,1,3,3,0,2,2,3,2,2,3,2,2,2,3,2,2,2,3,3,3,3,2,2,2,3,2,2,2,2,2,2,3,3,2,2,1,1,0,3"
137,1.4215200653561122,"0,0,3,3,2,1,3,2,1,0,1,0,2,0,3,1,3,3,2,3,3,2,2,2,2,2,3,3,3,3,3,1,1,1,1,1,1,3,3,3,3,3,2,2,3,1,1,0,2,3,2,3,3,2,3,2,2,2,3,2,2,2,3,2,2,2,2,2,2,1,1,2,3,3,2,3,3,1,1,3,2,2,3,2,2,3,2,2,2,3,3,3,3,3,1,1,2,3,3,3,3,2,2,3,2,3,2,3,3,3,3,2,2,3,3,2,0,3,3,2,3,2,2,2,0,3,1,1,0,3,2,3,3,0,2,1,1,3,2,2,2,2,3,0,2,2,2,2,3,0,1,1,1,1,3,3,3,3,3,3,0,1,3,2,2,1,1,0,2,0,1,1,1,1,2,2,0,2,3,2,2,2,3,3,2,2,3,2,3,3,3,0,2,3,3,3,0,0,0,2,0,0,0,0,0,3,0,0,0,0,3,2,2,2,2,0,2,3,3,2,3,2,0,2,2,3,3,3,3,2,3,3,0,3,3,2,3,3,3,1,3,3,0,2,2,3,2,2,3,2,2,2,3,2,2,2,3,3,3,3,2,2,2,3,2,2,2,2,2,2,3,3,2,2,1,1,0,3"
138,1.4215200653561122,"0,0,3,3,2,1,3,2,1,0,1,0,2,0,3,1,3,3,2,3,3,2,2,2,2,2,3,3,3,3,3,1,1,1,1,1,1,3,3,3,3,3,2,2,3,1,1,0,2,3,2,3,3,2,3,2,2,2,3,2,2,2,3,2,2,2,2,2,2,1,1,2,3,3,2,3,3,1,1,3,2,2,3,2,2,3,2,2,2,3,3,3,3,3,1,1,2,3,3,3,3,2,2,3,2,3,2,3,3,3,3,2,2,3,3,2,0,3,3,2,3,2,2,2,0,3,1,1,0,3,2,3,3,0,2,1,1,3,2,2,2,2,3,0,2,2,2,2,3,0,1,1,1,1,3,3,3,3,3,3,0,1,3,2,2,1,1,0,2,0,1,1,1,1,2,2,0,2,3,2,2,2,3,3,2,2,3,2,3,3,3,0,2,3,3,3,0,0,0,2,0,0,0,0,0,3,0,0,0,0,3,2,2,2,2,0,2,3,3,2,3,2,0,2,2,3,3,3,3,2,3,3,0,3,3,2,3,3,3,1,3,3,0,2,2,3,2,2,3,2,2,2,3,2,2,2,3,3,3,3,2,2,2,3,2,2,2,2,2,2,3,3,2,2,1,1,0,3"
139,1.4215200653561122,"0,0,3,3,2,1,3,2,1,0,1,0,2,0,3,1,3,3,2,3,3,2,2,2,2,2,3,3,3,3,3,1,1,1,1,1,1,3,3,3,3,3,2,2,3,1,1,0,2,3,2,3,3,2,3,2,2,2,3,2,2,2,3,2,2,2,2,2,2,1,1,2,3,3,2,3,3,1,1,3,2,2,3,2,2,3,2,2,2,3,3,3,3,3,1,1,2,3,3,3,3,2,2,3,2,3,2,3,3,3,3,2,2,3,3,2,0,3,3,2,3,2,2,2,0,3,1,1,0,3,2,3,3,0,2,1,1,3,2,2,2,2,3,0,2,2,2,2,3,0,1,1,1,1,3,3,3,3,3,3,0,1,3,2,2,1,1,0,2,0,1,1,1,1,2,2,0,2,3,2,2,2,3,3,2,2,3,2,3,3,3,0,2,3,3,3,0,0,0,2,0,0,0,0,0,3,0,0,0,0,3,2,2,2,2,0,2,3,3,2,3,2,0,2,2,3,3,3,3,2,3,3,0,3,3,2,3,3,3,1,3,3,0,2,2,3,2,2,3,2,2,2,3,2,2,2,3,3,3,3,2,2,2,3,2,2,2,2,2,2,3,3,2,2,1,1,0,3"
140,1.4216056309039247,"0,0,3,3,2,1,3,2,1,0,1,0,2,0,3,1,3,3,2,3,3,2,2,2,2,2,3,3,3,3,3,1,1,1,1,1,1,3,3,3,3,3,2,2,3,1,1,0,2,3,2,3,3,2,3,2,2,2,3,2,2,2,3,2,2,2,2,2,2,1,1,2,3,3,2,3,3,1,1,3,2,2,3,2,2,3,2,2,2,3,3,3,3,3,1,1,2,3,3,3,3,2,2,3,2,3,2,3,3,3,3,2,2,3,3,0,0,3,3,2,2,2,2,2,0,3,1,1,0,3,2,3,3,0,2,1,1,3,2,2,2,2,3,0,2,2,2,2,3,0,1,1,1,1,3,3,3,3,3,3,0,1,3,2,2,1,1,0,2,0,1,1,1,1,2,2,0,2,3,2,2,2,3,3,2,2,3,2,3,3,3,0,2,3,3,3,0,0,0,2,0,0,0,0,0,3,0,0,0,0,3,2,2,2,2,0,2,3,3,2,3,2,0,2,2,3,3,3,3,2,3,3,0,3,3,2,3,3,3,1,3,3,0,2,2,3,2,2,3,2,2,2,3,2,2,3,3,3,3,3,2,2,2,3,2,2,2,2,2,2,3,3,2,2,1,1,0,3"
141,1.4235920733459266,"0,0,3,3,2,1,3,2,1,0,1,0,2,0,3,1,3,3,2,3,3,2,2,2,2,2,3,3,3,3,3,1,1,1,1,1,1,3,3,3,3,3,2,2,3,1,1,0,2,3,2,3,3,2,3,2,2,2,3,2,2,2,3,2,2,2,2,2,2,1,1,2,0,3,2,3,3,1,1,3,2,2,3,2,2,3,2,2,2,3,3,3,3,3,1,1,2,3,3,3,3,2,2,3,2,3,2,3,3,3,3,2,2,3,3,0,0,3,3,2,2,2,2,2,0,3,1,1,1,3,2,3,3,0,2,1,1,3,2,2,2,2,3,0,2,2,2,2,3,0,1,1,1,1,3,3,3,3,3,3,0,1,3,2,2,1,1,0,2,0,1,1,1,1,2,2,0,2,3,2,2,2,3,3,2,2,3,2,3,3,3,2,2,3,3,3,0,0,0,2,0,0,0,0,0,0,0,0,0,0,3,2,2,2,2,0,2,3,3,3,3,2,0,2,2,3,3,3,3,2,3,3,0,3,3,2,3,3,3,1,3,3,0,2,2,3,2,2,3,2,2,2,3,2,2,2,3,3,3,3,2,2,2,3,2,2,2,2,2,2,3,3,2,2,1,1,0,3"
142,1.4243234062332222,"0,0,3,3,2,1,3,2,1,0,1,0,2,0,3,1,3,3,2,3,3,2,2,2,2,2,3,3,3,3,3,1,1,1,1,1,1,3,3,3,3,3,2,2,3,1,1,0,2,3,2,3,3,3,3,2,2,2,3,2,2,2,3,2,2,2,2,2,2,1,1,2,0,3,2,3,3,1,1,3,2,2,3,2,2,3,2,2,2,3,3,3,3,3,1,1,2,3,3,3,3,2,2,3,2,3,2,3,3,3,3,2,2,3,3,0,0,3,3,2,2,2,2,2,0,3,1,1,1,3,2,3,3,0,2,1,1,3,2,2,2,2,3,0,2,2,2,2,3,0,1,1,1,1,3,3,3,3,3,3,0,1,3,2,2,1,1,0,2,0,1,1,1,1,2,2,0,2,3,2,2,2,3,3,2,2,3,2,3,3,3,2,2,3,3,3,0,0,0,2,0,0,0,0,0,0,0,0,0,0,3,2,2,2,2,0,2,3,3,3,3,2,0,2,2,3,3,3,3,2,3,3,0,3,3,2,3,3,3,1,3,3,0,2,2,3,2,2,3,2,2,2,3,2,2,2,3,3,3,3,2,2,2,3,2,2,2,2,2,2,3,3,2,2,1,1,0,2"
143,1.4233708416329967,"0,0,3,3,2,1,3,2,1,0,1,0,2,0,3,1,3,3,2,3,3,2,2,2,2,2,3,3,3,3,3,1,1,1,1,1,1,3,3,3,3,3,2,2,3,1,1,0,2,3,2,3,3,3,3,2,2,2,3,2,2,2,3,2,2,2,2,2,2,1,1,2,0,3,2,3,3,1,1,3,2,2,3,2,2,3,2,2,2,3,3,3,3,3,1,1,2,1,3,3,3,2,2,3,2,3,2,3,3,3,3,2,2,3,3,0,0,3,3,2,2,2,2,2,0,3,1,1,1,3,2,3,3,0,0,1,1,3,2,2,2,2,3,0,3,2,2,2,3,0,1,1,1,1,3,3,3,3,3,3,0,1,3,2,2,1,1,0,2,0,1,1,1,1,2,2,0,2,3,2,2,2,3,3,2,2,3,2,3,3,3,2,2,3,3,3,0,0,0,2,0,0,0,0,0,0,0,0,0,0,3,2,2,2,2,0,2,3,3,3,3,2,0,2,2,3,3,3,3,2,3,3,0,3,3,2,3,3,3,1,3,3,0,2,2,3,2,2,3,2,2,2,3,2,2,2,3,3,3,3,2,2,2,3,2,2,2,2,2,2,3,3,2,2,1,1,0,2"
144,1.4233708416329967,"0,0,3,3,2,1,3,2,1,0,1,0,2,0,3,1,3,3,2,3,3,2,2,2,2,2,3,3,3,3,3,1,1,1,1,1,1,3,3,3,3,3,2,2,3,1,1,0,2,3,2,3,3,3,3,2,2,2,3,2,2,2,3,2,2,2,2,2,2,1,1,2,0,3,2,3,3,1,1,3,2,2,3,2,2,3,2,2,2,3,3,3,3,3,1,1,2,1,3,3,3,2,2,3,2,3,2,3,3,3,3,2,2,3,3,0,0,3,3,2,2,2,2,2,0,3,1,1,1,3,2,3,3,0,0,1,1,3,2,2,2,2,3,0,3,2,2,2,3,0,1,1,1,1,3,3,3,3,3,3,0,1,3,2,2,1,1,0,2,0,1,1,1,1,2,2,0,2,3,2,2,2,3,3,2,2,3,2,3,3,3,2,2,3,3,3,0,0,0,2,0,0,0,0,0,0,0,0,0,0,3,2,2,2,2,0,2,3,3,3,3,2,0,2,2,3,3,3,3,2,3,3,0,3,3,2,3,3,3,1,3,3,0,2,2,3,2,2,3,2,2,2,3,2,2,2,3,3,3,3,2,2,2,3,2,2,2,2,2,2,3,3,2,2,1,1,0,2"
145,1.424865025699645,"0,0,3,3,2,1,3,2,1,0,1,0,2,0,3,1,3,3,2,3,3,2,2,2,2,2,3,3,3,3,3,1,1,1,1,1,1,3,3,3,3,3,2,2,3,1,1,0,2,3,2,3,3,3,3,2,2,2,3,2,2,2,3,2,2,2,2,2,2,1,1,2,0,3,2,3,3,1,1,3,2,2,3,2,3,3,2,2,2,3,3,3,3,3,1,1,2,3,3,3,3,2,2,3,2,2,2,3,3,3,3,2,2,3,3,0,0,3,3,2,2,2,2,2,0,3,1,1,1,3,2,3,3,0,2,1,1,3,2,2,2,2,3,0,2,2,2,2,3,0,1,1,1,1,3,3,3,3,3,3,0,1,3,2,2,1,1,0,2,0,1,1,1,1,2,2,0,2,3,2,2,2,3,3,2,2,3,2,3,3,3,2,2,3,3,3,0,0,0,2,0,0,0,0,0,0,0,0,0,0,3,2,2,2,2,0,2,3,3,3,3,2,0,2,2,3,3,3,3,2,3,3,0,3,3,2,3,3,3,1,3,3,0,2,2,3,2,2,3,2,2,2,3,2,2,2,3,3,3,3,2,2,2,3,2,2,2,3,2,2,3,3,2,2,1,1,0,3"
146,1.4256479845307684,"0,0,3,3,2,1,3,2,1,0,1,0,2,0,3,1,3,3,2,3,3,2,2,2,2,2,3,3,3,3,3,1,1,1,1,1,1,3,3,3,3,3,2,2,3,1,1,0,2,3,2,3,3,3,3,2,2,2,3,2,2,2,3,2,2,2,2,2,2,1,1,2,3,3,2,3,3,1,1,3,2,2,3,2,2,3,2,2,2,3,3,3,3,3,1,1,2,3,3,3,3,2,2,3,2,2,2,3,3,3,3,2,2,3,3,0,0,3,3,2,2,2,2,2,0,3,1,1,1,3,2,3,3,0,2,1,1,3,2,2,2,2,3,0,2,2,2,2,3,0,1,1,1,1,3,3,3,3,3,3,0,1,3,2,2,1,1,0,2,0,1,1,1,1,2,2,0,2,3,2,2,2,3,3,2,2,3,2,3,3,3,2,2,3,3,3,0,0,0,2,0,0,0,0,0,0,0,0,0,0,3,2,2,2,2,0,3,3,3,3,3,2,0,2,2,3,3,3,3,2,3,3,0,3,3,2,3,3,3,1,3,3,0,2,2,3,2,2,3,2,2,2,3,2,2,2,3,3,3,3,2,2,2,3,2,2,2,2,2,2,3,3,2,2,1,1,0,2"
147,1.4246008550554614,"0,0,3,3,2,1,3,2,1,0,1,0,2,0,3,1,3,3,2,3,3,2,2,2,2,2,3,3,3,3,3,1,1,1,1,1,1,3,3,3,3,3,2,2,3,1,1,0,2,3,2,3,3,3,3,2,2,2,3,2,2,2,3,2,2,2,2,2,2,1,1,2,3,3,2,3,3,1,1,3,2,2,3,2,2,3,2,2,2,3,3,3,3,3,1,1,2,3,3,3,3,2,2,3,2,2,2,3,3,3,3,2,2,3,3,0,0,3,3,2,2,2,2,2,0,3,1,1,1,3,2,3,3,0,2,1,1,3,2,2,2,2,3,0,2,2,2,2,3,0,1,1,1,1,3,0,3,3,3,3,0,1,3,2,2,1,1,0,2,0,1,1,1,1,2,2,0,2,3,2,2,2,3,3,2,2,3,2,3,3,3,2,2,3,3,3,0,0,0,2,0,0,0,0,0,0,0,0,0,0,3,2,2,2,2,0,2,3,3,3,3,2,0,2,2,3,3,3,3,2,3,3,0,3,3,2,3,3,3,1,3,3,0,2,2,3,2,2,3,2,2,3,3,2,2,2,3,3,3,3,2,2,2,3,2,2,2,2,2,2,3,3,2,2,1,1,0,2"
148,1.4256479845307684,"0,0,3,3,2,1,3,2,1,0,1,0,2,0,3,1,3,3,2,3,3,2,2,2,2,2,3,3,3,3,3,1,1,1,1,1,1,3,3,3,3,3,2,2,3,1,1,0,2,3,2,3,3,3,3,2,2,2,3,2,2,2,3,2,2,2,2,2,2,1,1,2,3,3,2,3,3,1,1,3,2,2,3,2,2,3,2,2,2,3,3,3,3,3,1,1,2,3,3,3,3,2,2,3,2,2,2,3,3,3,3,2,2,3,3,0,0,3,3,2,2,2,2,2,0,3,1,1,1,3,2,3,3,0,2,1,1,3,2,2,2,2,3,0,2,2,2,2,3,0,1,1,1,1,3,3,3,3,3,3,0,1,3,2,2,1,1,0,2,0,1,1,1,1,2,2,0,2,3,2,2,2,3,3,2,2,3,2,3,3,3,2,2,3,3,3,0,0,0,2,0,0,0,0,0,0,0,0,0,0,3,2,2,2,2,0,3,3,3,3,3,2,0,2,2,3,3,3,3,2,3,3,0,3,3,2,3,3,3,1,3,3,0,2,2,3,2,2,3,2,2,2,3,2,2,2,3,3,3,3,2,2,2,3,2,2,2,2,2,2,3,3,2,2,1,1,0,2"
149,1.4255586721883247,"0,0,3,3,2,1,3,2,1,0,1,0,2,0,3,1,3,3,2,3,3,2,2,2,2,2,3,3,3,3,3,1,1,1,1,1,1,3,3,3,3,3,2,2,3,1,1,0,2,3,2,3,3,3,3,2,2,2,3,2,2,2,3,2,2,2,2,2,2,1,1,2,3,3,2,3,3,1,1,3,2,2,3,2,2,3,2,2,2,3,3,3,3,3,1,1,2,3,3,3,3,2,2,3,2,2,2,3,3,3,3,2,2,3,3,0,0,3,3,2,2,2,2,2,0,3,1,1,1,3,2,3,3,0,2,1,1,3,2,2,2,2,3,0,2,2,2,2,3,0,1,1,1,1,3,3,3,3,0,3,0,1,3,2,2,1,1,0,2,0,1,1,1,1,2,2,0,2,3,2,2,2,3,3,2,2,3,2,3,3,3,2,2,3,3,3,0,0,0,2,0,0,0,0,0,0,0,0,0,0,3,2,2,2,2,0,3,3,3,3,3,2,0,2,2,3,3,3,3,2,3,3,0,3,3,2,3,3,3,1,3,3,0,2,2,3,2,2,3,2,2,2,3,2,2,2,3,3,3,3,2,2,2,3,2,2,2,2,2,2,3,3,2,2,1,1,0,2"
150,1.4241916593699877,"0,0,3,3,2,1,3,2,1,0,1,0,2,0,3,1,3,3,2,3,3,2,2,2,2,2,3,3,3,3,3,1,1,1,1,1,1,3,3,3,3,3,2,2,3,1,1,0,2,3,2,3,3,3,3,2,2,2,3,2,2,2,3,2,2,2,2,2,2,1,1,2,3,3,2,3,3,1,1,3,2,2,3,2,2,3,2,2,2,3,3,3,3,3,1,1,2,3,3,3,3,2,2,3,2,2,2,3,3,3,3,2,2,3,3,0,0,3,3,2,2,2,2,2,0,3,1,1,1,3,2,3,3,0,2,1,1,3,2,2,2,2,3,0,2,2,2,2,3,0,1,1,1,1,3,0,3,3,3,3,0,1,3,2,2,1,1,0,2,0,1,1,1,1,2,2,0,2,3,2,2,2,3,3,2,2,3,2,3,3,3,2,2,3,3,3,0,0,2,2,0,0,0,0,0,0,0,0,0,0,3,2,2,1,2,0,3,3,3,3,3,2,0,2,2,3,3,3,3,2,3,3,0,3,3,2,3,3,3,1,3,3,0,2,2,3,2,2,3,2,2,2,3,2,2,2,3,3,3,3,2,2,2,3,2,2,2,2,2,2,3,3,2,2,1,1,0,2"
151,1.4245074780321811,"0,0,3,3,2,1,3,2,1,0,1,0,2,0,3,1,3,3,2,3,3,2,2,2,2,2,3,3,3,3,3,1,1,1,1,1,1,3,3,3,3,3,2,2,3,1,1,0,2,3,2,3,3,3,3,2,2,2,3,2,2,2,3,2,2,2,2,2,2,1,1,2,3,3,2,3,3,1,1,3,2,2,3,2,2,3,2,2,2,3,3,3,3,3,1,1,2,3,3,3,3,2,2,3,2,2,2,3,3,3,3,2,2,3,3,0,0,3,3,2,2,2,2,2,0,3,1,1,1,3,2,3,3,0,2,1,1,3,2,2,2,2,3,0,2,2,2,2,3,0,1,1,1,1,3,0,3,3,3,3,0,1,3,2,2,1,1,0,2,0,1,1,1,1,2,2,0,2,3,2,2,2,3,3,2,2,3,2,3,3,3,2,2,3,3,3,0,0,2,2,0,0,0,0,0,0,0,0,0,0,3,2,2,2,2,0,2,3,3,3,3,2,0,2,2,3,3,3,3,2,3,3,0,3,3,2,3,3,3,1,3,3,0,2,2,3,2,2,3,2,2,2,3,2,2,2,3,3,3,3,2,2,2,3,2,2,2,2,2,2,3,3,2,2,1,1,0,2"
152,1.4227256791277088,"0,0,3,3,2,1,3,2,1,0,1,0,2,0,3,1,3,3,2,3,3,2,2,2,2,2,3,3,3,3,3,1,1,1,1,1,1,3,3,3,3,3,2,2,3,1,1,0,2,3,2,3,3,3,3,2,2,2,3,2,2,2,3,2,2,2,2,2,2,1,1,2,3,3,2,3,3,1,1,3,2,2,3,2,2,3,2,2,2,3,3,3,3,3,1,1,2,3,3,3,3,2,2,3,0,1,2,3,3,3,3,2,2,3,3,0,0,3,3,2,2,2,2,2,0,3,1,1,1,3,2,3,3,0,2,1,1,3,2,2,2,2,3,0,2,2,2,2,3,0,1,1,1,1,3,3,3,3,3,3,0,1,3,2,2,1,1,0,2,0,1,1,1,1,2,2,0,2,3,2,2,2,3,3,2,2,3,2,3,0,3,2,2,3,0,3,0,0,0,2,0,0,0,0,0,0,0,0,0,0,3,2,2,2,2,0,3,3,3,3,3,2,0,1,2,3,3,3,3,2,3,3,0,3,3,2,3,3,3,1,3,3,0,2,2,3,2,2,3,2,2,2,3,2,2,2,3,3,3,3,2,2,2,3,2,2,2,2,2,2,3,3,2,2,1,1,0,2"
153,1.4232060169372769,"0,0,3,3,2,1,3,2,1,0,1,0,2,0,3,1,3,3,2,3,3,2,2,2,2,2,3,3,3,3,3,1,1,1,1,1,1,3,3,3,3,3,2,2,3,1,1,0,2,3,2,3,3,3,3,2,2,2,3,2,2,2,3,2,2,2,2,2,2,1,1,2,3,3,2,3,3,1,1,3,2,2,3,2,2,3,2,2,2,3,3,3,3,3,1,1,2,3,3,3,3,2,2,3,0,1,2,3,3,3,3,2,2,3,3,0,0,3,3,2,2,2,2,2,0,3,1,1,1,3,2,3,3,0,2,1,1,3,2,2,2,2,3,0,2,2,2,2,3,0,1,1,1,1,3,3,3,3,3,3,0,1,3,2,2,1,1,0,2,0,1,1,1,1,2,2,0,2,3,2,2,2,3,3,2,2,3,2,3,0,3,2,2,3,0,3,0,0,0,2,0,0,0,0,0,0,0,0,0,0,3,2,2,2,2,0,3,3,3,3,3,2,0,2,2,3,3,3,3,2,3,3,0,3,3,2,3,3,3,1,3,3,0,2,2,3,2,2,3,2,2,2,0,2,2,2,3,3,3,3,2,2,2,3,2,2,2,2,2,2,3,3,2,2,1,1,0,2"
154,1.423774955010715,"0,0,3,3,2,1,3,2,1,0,1,0,2,0,3,1,3,3,2,3,3,2,2,2,2,2,3,3,3,3,3,1,1,1,1,1,1,3,3,3,3,3,2,2,3,1,1,0,2,3,2,3,3,3,3,2,2,2,3,2,2,2,3,2,2,2,2,2,2,1,1,2,3,3,2,3,3,1,1,3,2,2,3,2,2,3,2,2,2,3,3,3,3,3,1,1,2,3,3,3,3,2,2,3,0,1,2,3,3,3,3,2,2,3,3,0,0,3,3,2,2,2,2,2,0,3,1,1,1,3,2,3,3,0,2,1,1,3,2,2,2,2,3,0,2,2,2,2,3,0,1,1,1,1,3,3,3,3,3,3,0,1,3,2,2,1,1,0,2,0,1,1,1,1,2,2,0,2,3,2,2,2,3,3,2,2,3,2,3,3,3,2,2,3,3,0,0,0,0,2,0,0,0,0,0,0,0,0,0,0,3,2,2,2,2,0,3,3,3,3,3,3,0,2,2,3,3,3,3,2,3,3,0,3,3,2,3,3,3,1,3,3,0,2,2,3,2,2,3,2,2,2,3,2,2,2,3,3,3,3,2,2,2,3,2,2,2,2,2,2,3,3,2,2,1,1,0,2"
155,1.4269145888879047,"0,0,3,3,2,1,3,2,1,0,1,0,2,0,3,1,3,3,2,3,3,2,2,2,2,2,3,3,2,3,3,1,1,1,1,1,1,3,3,3,3,2,2,2,3,1,1,0,2,3,2,3,3,3,3,2,2,2,3,2,2,2,3,2,2,2,2,2,2,1,1,2,3,3,2,3,3,1,1,3,2,2,3,2,2,3,2,2,2,3,3,3,3,3,1,1,2,3,3,3,3,2,2,3,2,2,2,3,3,3,3,2,2,3,3,0,0,3,3,2,2,2,2,2,0,3,1,1,1,3,2,3,3,0,2,1,1,3,2,2,2,2,3,0,2,2,2,2,3,0,1,1,1,1,3,0,3,3,3,3,0,1,3,2,2,1,1,0,2,1,1,1,1,1,2,2,0,2,3,2,2,2,3,3,2,2,3,2,3,3,3,2,2,3,3,3,0,0,0,2,0,0,0,0,0,0,0,0,0,0,3,2,2,2,2,0,3,3,3,3,3,2,0,2,2,3,3,3,3,2,3,3,0,3,3,2,3,3,3,1,3,3,0,2,2,3,2,2,3,3,2,2,3,2,2,2,3,3,3,3,2,2,2,3,2,2,2,2,2,2,3,3,2,2,1,1,0,2"
156,1.4256781257845794,"0,0,3,3,2,1,3,2,1,0,1,0,2,0,3,1,3,3,2,3,3,2,2,2,2,2,3,3,2,3,3,1,1,1,1,1,1,3,3,3,3,2,2,2,3,1,1,0,2,3,2,3,3,3,3,2,2,2,3,2,2,2,3,2,2,2,2,2,2,1,1,2,3,3,2,3,3,1,1,3,2,2,3,2,2,3,2,2,2,3,3,3,3,3,1,1,2,3,3,3,1,2,2,3,2,2,2,3,3,3,3,2,2,3,3,0,0,3,3,2,2,2,2,2,0,3,1,1,1,3,2,3,3,0,2,1,1,3,2,2,2,2,3,0,2,2,2,2,3,0,1,1,1,1,3,0,3,3,3,3,0,1,3,2,2,1,1,0,2,1,1,1,1,1,2,2,0,2,3,2,2,2,3,3,2,2,3,2,3,3,3,2,2,3,3,3,0,0,0,2,0,0,0,0,0,0,0,0,0,0,3,2,2,2,2,0,3,3,3,3,3,2,0,2,2,3,3,3,3,2,3,3,0,3,3,2,3,3,3,1,3,3,0,2,2,3,2,2,3,3,2,2,3,2,2,2,3,3,3,3,2,2,2,3,2,1,2,2,2,2,3,3,2,2,1,1,0,2"
157,1.426528747254884,"0,0,3,3,2,1,3,2,1,0,1,0,2,0,3,1,3,3,2,3,3,2,2,2,2,2,3,3,2,3,3,1,1,1,1,1,1,3,3,3,3,2,2,2,3,1,1,0,2,3,2,3,3,3,3,2,2,2,3,2,2,2,3,2,2,2,2,2,2,1,1,2,3,3,2,3,3,1,1,3,2,2,3,2,2,3,2,2,2,3,3,3,3,3,1,1,2,3,3,3,1,2,2,3,2,2,2,3,3,3,3,2,2,3,3,0,0,3,3,2,2,2,2,2,0,3,1,1,1,3,0,3,3,0,2,1,1,3,2,2,2,2,3,0,2,2,2,2,3,0,1,1,1,1,3,0,3,3,3,3,0,1,3,2,2,1,1,0,2,1,1,1,1,1,2,2,0,2,3,3,2,2,3,3,2,2,3,2,3,3,3,2,2,3,3,3,0,0,0,2,0,0,0,0,0,0,0,0,0,0,3,2,2,2,2,0,3,3,3,3,3,2,0,2,2,3,3,3,3,2,3,3,0,3,3,2,3,3,3,1,3,3,0,2,2,3,2,2,3,3,2,2,3,2,2,2,3,3,3,3,2,2,2,3,2,2,2,2,2,2,3,3,2,2,1,1,0,2"
158,1.4257594953713728,"0,0,3,3,2,1,3,2,1,0,1,0,2,0,3,1,3,3,2,3,3,2,2,2,2,2,3,3,2,3,3,1,1,1,1,1,1,3,3,3,3,2,2,2,3,1,1,0,2,3,2,3,3,3,3,2,2,2,3,2,2,2,3,2,2,2,2,2,2,1,1,2,3,3,2,3,3,0,1,3,2,2,3,2,2,3,2,2,2,3,3,3,3,3,1,1,2,3,3,3,1,2,2,3,2,2,2,3,3,3,3,2,2,3,3,0,0,3,3,2,2,2,2,2,0,3,1,1,1,3,2,3,3,0,2,1,1,3,2,2,2,2,3,0,2,2,2,2,3,0,1,1,1,1,3,0,3,3,3,3,0,1,3,2,2,1,1,0,2,1,1,1,1,1,2,2,0,2,3,2,2,2,3,3,2,2,3,2,3,3,3,2,2,3,3,3,0,0,0,2,0,0,0,0,0,0,0,0,0,0,3,2,2,2,2,0,3,3,3,3,3,2,0,0,2,3,3,3,3,2,3,3,0,3,3,2,3,3,3,1,3,3,0,2,2,3,2,2,3,3,2,2,3,2,2,2,3,3,3,3,2,2,2,3,2,2,2,2,2,2,3,3,2,2,1,1,0,2"
159,1.4270833686319007,"0,0,3,3,2,1,3,2,1,0,1,0,2,0,3,1,3,3,2,3,3,2,2,2,2,2,3,3,2,3,3,1,1,1,1,1,1,3,3,3,3,2,2,2,3,1,1,0,2,3,2,3,3,3,3,2,2,2,3,2,2,2,3,2,2,2,2,2,2,1,1,2,3,3,2,3,3,1,1,3,2,2,3,2,2,3,2,2,2,3,3,3,3,3,1,1,2,3,3,3,3,2,2,3,2,2,2,3,3,3,3,2,2,3,3,0,3,3,3,2,2,2,2,2,0,3,1,1,1,3,2,3,3,0,2,1,1,3,2,2,2,2,3,0,2,2,2,2,3,0,1,1,1,1,3,0,3,3,3,3,0,1,3,2,2,1,1,0,2,1,1,1,1,1,2,2,0,2,3,2,2,2,3,3,2,2,3,2,3,3,3,2,2,3,3,3,0,0,0,2,0,0,0,0,0,0,0,0,0,0,3,2,2,2,2,0,3,3,3,3,3,2,0,2,2,3,3,3,3,2,3,3,0,3,3,2,3,3,3,1,3,3,0,2,2,3,2,2,3,3,2,2,3,2,2,2,3,3,3,3,2,2,2,3,2,2,2,2,2,2,3,3,2,2,1,1,0,2"
160,1.4274374687086446,"0,0,3,3,2,1,3,2,1,0,1,0,2,0,3,1,3,3,2,3,3,2,2,2,2,2,3,3,2,3,3,1,1,1,1,1,1,3,3,3,3,2,2,2,3,1,1,0,2,3,2,3,3,3,3,2,2,2,3,2,2,2,3,2,2,2,2,2,2,1,1,2,3,3,2,3,3,1,1,3,2,2,2,2,2,3,2,2,2,3,3,3,3,3,1,1,2,3,3,3,3,2,2,3,2,2,2,3,3,3,3,2,2,3,3,0,3,3,3,2,2,2,2,2,0,3,1,1,1,3,2,3,3,0,2,1,1,3,2,2,2,2,3,0,2,2,2,2,3,0,1,1,1,1,3,0,3,3,3,3,0,1,3,2,2,1,0,0,2,1,1,1,1,1,2,2,0,2,3,2,2,2,3,3,2,2,3,2,3,3,3,2,2,3,3,3,0,0,0,2,0,0,0,0,0,0,0,0,0,0,3,2,2,2,2,0,3,3,3,3,3,2,0,2,2,3,3,3,3,2,3,3,0,3,3,2,3,3,3,1,3,3,0,2,2,3,2,2,3,3,2,2,3,2,2,2,3,3,3,3,2,2,2,3,2,2,2,2,2,2,3,3,2,2,1,1,0,2"
161,1.427024067191153,"0,0,3,3,2,1,3,2,1,0,1,0,2,0,3,1,3,3,2,3,3,2,2,2,2,2,3,3,2,3,3,1,1,1,1,1,1,3,3,3,3,2,2,2,3,1,1,0,2,3,2,3,3,3,3,2,2,2,3,2,2,2,3,2,2,2,2,2,2,1,1,2,3,3,2,3,3,1,1,3,2,2,2,2,2,3,2,2,2,3,3,3,3,3,1,1,2,3,3,3,3,2,2,3,2,2,2,3,3,3,3,2,2,3,3,0,3,3,3,2,2,2,2,2,0,3,1,1,1,3,2,3,3,0,2,1,1,3,2,2,2,2,3,0,2,2,2,2,3,0,1,1,1,1,3,0,3,3,3,3,0,1,3,2,2,1,0,0,2,1,1,1,1,1,2,2,0,2,3,2,2,2,3,3,3,2,3,2,3,3,3,2,2,3,3,3,0,0,0,2,0,0,0,0,0,0,0,0,0,0,3,3,2,2,2,0,3,3,3,3,3,2,0,2,2,3,3,3,3,2,3,3,0,3,3,2,3,3,3,1,3,3,0,2,2,3,2,2,3,3,2,2,3,2,2,2,3,3,3,3,2,2,2,3,2,2,2,2,2,2,3,3,2,2,1,1,0,2"
162,1.4268340638583723,"0,0,3,3,2,1,3,2,1,0,1,0,2,0,3,1,3,3,2,3,3,2,2,2,2,2,3,3,2,3,3,1,1,1,1,1,1,3,3,3,3,2,2,2,3,1,1,0,2,3,2,3,3,3,3,2,2,2,3,2,2,2,3,2,2,2,2,2,2,1,1,2,3,3,2,3,3,1,1,3,2,2,2,2,2,3,2,2,2,3,3,3,3,3,1,1,2,3,3,3,3,2,2,3,2,2,2,3,3,3,3,2,2,3,3,0,3,3,3,2,2,2,2,2,0,3,1,1,1,3,2,3,3,0,2,1,1,3,2,2,2,2,3,0,2,2,2,2,3,0,1,1,1,1,3,0,3,3,3,3,0,1,3,2,2,1,1,0,2,1,1,1,1,1,2,2,0,0,3,2,2,2,3,3,2,2,3,2,3,3,3,2,2,3,3,3,0,0,0,2,0,0,0,0,0,0,0,0,0,0,3,2,2,2,2,0,3,3,3,3,3,2,0,2,2,3,3,3,3,2,3,3,0,3,3,2,3,3,3,1,3,3,0,2,2,3,2,2,3,3,0,2,3,2,2,2,3,3,3,3,2,2,2,3,2,2,2,2,2,2,3,3,2,2,1,1,0,2"
163,1.426910030906321,"0,0,3,3,2,1,3,2,1,0,1,0,2,0,3,1,3,3,2,3,3,2,2,2,2,2,3,3,2,3,3,1,1,1,1,1,1,3,3,3,3,2,2,2,3,1,1,0,2,3,2,3,3,3,3,2,2,2,3,2,2,2,3,2,2,2,2,2,2,1,1,2,3,3,2,3,3,1,1,3,2,2,2,2,2,3,0,2,2,3,3,3,3,3,1,1,2,3,3,3,3,2,2,3,2,2,2,3,3,3,3,2,2,3,3,0,3,3,3,2,2,2,2,2,0,3,1,1,1,3,2,3,3,0,2,1,1,3,2,2,2,2,3,0,2,2,2,2,3,0,1,1,1,1,3,0,3,3,3,3,0,1,3,2,2,1,1,0,2,1,1,1,1,1,2,2,0,0,3,2,2,2,3,3,2,2,3,2,3,3,3,2,2,3,3,3,0,0,0,2,0,0,0,0,0,0,0,0,0,0,3,2,2,2,2,0,3,3,3,3,3,2,0,2,2,3,3,3,3,2,3,3,0,3,3,2,3,3,3,1,3,3,0,2,2,3,2,2,3,3,2,2,3,2,2,2,3,3,3,3,2,2,2,3,2,2,2,2,2,2,3,3,2,2,1,1,0,2"
164,1.426857913144908,"0,0,3,3,2,1,3,2,1,0,1,0,2,0,3,1,3,3,2,3,3,2,2,2,2,2,3,3,2,3,3,1,1,1,1,1,1,3,3,3,3,2,2,2,3,1,1,0,2,3,2,3,3,3,3,2,2,2,3,2,2,2,3,2,2,2,2,2,2,1,1,2,3,3,2,3,3,1,1,3,2,2,2,2,2,3,2,2,2,3,3,3,3,3,1,1,2,3,3,3,0,2,2,3,2,2,2,3,3,3,3,2,2,3,3,0,3,3,3,2,2,2,2,2,0,3,1,1,1,3,2,3,3,0,2,1,1,3,2,2,2,2,3,0,2,2,2,2,3,0,1,1,1,1,3,0,3,3,3,3,0,1,3,2,2,1,1,0,2,1,1,1,1,1,2,2,0,2,3,2,2,2,3,3,2,2,3,3,3,3,3,2,2,3,3,0,0,0,0,2,0,0,0,0,0,0,0,0,0,0,3,2,2,0,2,0,3,3,3,3,3,2,0,2,2,3,3,3,3,2,3,3,0,3,3,2,3,3,3,1,3,3,0,2,2,3,2,2,3,3,2,2,3,2,2,2,3,3,3,3,2,2,2,3,2,1,2,2,2,2,3,3,2,2,1,1,2,2"
165,1.4282432751119214,"0,0,3,3,2,1,3,2,1,0,1,0,2,0,3,1,3,3,2,3,3,2,2,2,2,2,3,3,2,3,3,1,1,1,1,1,1,3,3,3,3,2,2,2,3,1,1,0,2,3,2,3,3,3,3,2,2,2,3,2,2,2,3,2,3,2,2,2,2,1,1,2,3,3,2,3,3,1,1,3,2,2,2,2,2,3,2,2,2,3,3,3,3,3,1,1,2,3,3,3,0,2,2,3,2,2,2,3,3,3,3,2,2,3,3,0,3,3,3,2,2,2,2,2,0,3,1,1,1,3,2,3,3,0,2,1,1,3,2,2,2,2,3,0,2,2,2,2,3,0,1,1,1,1,3,0,3,3,3,3,0,1,3,2,2,1,1,0,2,1,1,1,1,1,2,2,0,2,3,2,2,2,3,3,2,2,3,3,3,3,3,2,2,3,3,0,0,0,0,2,0,0,0,0,0,0,0,0,0,0,3,2,2,0,2,0,3,3,3,3,3,2,0,2,2,3,3,3,3,2,3,3,0,3,3,2,3,3,3,1,3,3,0,2,2,3,2,2,3,3,2,2,3,2,2,2,3,3,3,3,2,2,2,3,2,2,2,2,2,2,3,3,2,2,1,1,2,2"
166,1.4282432751119214,"0,0,3,3,2,1,3,2,1,0,1,0,2,0,3,1,3,3,2,3,3,2,2,2,2,2,3,3,2,3,3,1,1,1,1,1,1,3,3,3,3,2,2,2,3,1,1,0,2,3,2,3,3,3,3,2,2,2,3,2,2,2,3,2,3,2,2,2,2,1,1,2,3,3,2,3,3,1,1,3,2,2,2,2,2,3,2,2,2,3,3,3,3,3,1,1,2,3,3,3,0,2,2,3,2,2,2,3,3,3,3,2,2,3,3,0,3,3,3,2,2,2,2,2,0,3,1,1,1,3,2,3,3,0,2,1,1,3,2,2,2,2,3,0,2,2,2,2,3,0,1,1,1,1,3,0,3,3,3,3,0,1,3,2,2,1,1,0,2,1,1,1,1,1,2,2,0,2,3,2,2,2,3,3,2,2,3,3,3,3,3,2,2,3,3,0,0,0,0,2,0,0,0,0,0,0,0,0,0,0,3,2,2,0,2,0,3,3,3,3,3,2,0,2,2,3,3,3,3,2,3,3,0,3,3,2,3,3,3,1,3,3,0,2,2,3,2,2,3,3,2,2,3,2,2,2,3,3,3,3,2,2,2,3,2,2,2,2,2,2,3,3,2,2,1,1,2,2"
167,1.42520631598539,"0,0,3,3,2,1,3,2,1,0,1,0,2,0,3,1,3,3,2,3,3,2,2,2,2,2,3,3,2,3,3,1,1,1,1,1,1,3,3,3,3,1,2,2,3,1,1,0,2,3,2,3,3,3,3,2,2,2,3,2,2,2,3,2,3,2,2,2,2,1,1,2,3,3,2,3,3,1,1,3,2,2,2,2,2,3,2,2,2,3,3,3,3,3,1,1,2,3,3,3,0,2,2,3,2,2,2,3,3,3,3,2,2,3,3,0,3,3,3,2,2,2,2,2,0,3,1,1,1,3,2,3,3,0,2,1,1,3,2,2,2,2,3,0,2,2,2,2,3,0,1,1,1,1,3,0,3,3,3,3,2,1,3,2,2,1,1,0,2,1,1,1,1,1,2,2,0,2,3,2,2,2,3,0,2,2,3,2,3,3,3,2,2,3,3,3,0,0,0,2,0,0,0,0,0,0,0,0,0,0,3,2,2,2,2,0,3,3,3,3,3,2,0,2,2,3,3,3,3,3,3,2,0,1,3,2,3,3,2,1,3,3,0,2,2,3,2,2,3,3,2,2,3,2,2,2,3,3,3,3,2,2,2,0,2,2,0,2,2,2,3,3,2,2,1,1,0,2"
168,1.4261392953500236,"0,0,3,3,2,1,3,2,1,0,1,0,2,0,3,1,3,3,2,3,3,2,2,2,2,2,3,3,2,3,3,1,1,1,1,1,1,3,3,3,3,1,2,2,3,1,1,0,2,3,2,3,3,3,3,2,2,2,3,2,2,2,3,2,3,2,2,2,2,1,1,2,3,3,2,3,3,1,1,3,2,2,2,2,2,3,2,2,2,3,3,3,3,3,1,1,2,3,3,3,0,2,2,3,2,2,2,3,3,3,3,2,2,3,3,0,3,3,3,2,2,2,2,2,0,3,1,1,1,3,2,3,3,0,2,1,1,3,2,2,2,2,3,0,2,2,2,2,3,0,1,2,1,1,3,0,3,3,3,3,0,1,3,2,2,1,1,0,2,1,1,1,1,1,2,2,0,0,3,2,2,2,3,3,2,2,3,3,3,3,3,2,2,3,3,0,0,0,0,2,0,0,0,0,0,0,0,0,0,0,3,2,2,0,2,0,3,3,3,3,3,2,0,2,2,3,3,3,3,2,3,3,0,3,3,2,3,3,3,1,3,3,0,2,2,3,2,2,3,3,2,2,3,2,2,2,3,3,3,3,2,2,2,3,2,2,2,2,2,2,3,3,2,2,1,1,2,2"
169,1.4286093767698564,"0,0,3,3,2,1,3,2,1,0,1,0,2,0,3,1,3,3,2,3,3,2,2,2,2,2,3,3,2,3,3,1,1,1,1,1,1,3,3,3,3,2,2,3,3,1,1,0,2,3,3,3,3,3,3,2,2,2,3,2,2,2,3,2,2,2,2,2,2,1,1,2,3,3,2,3,3,1,1,3,2,2,2,2,2,3,2,2,2,3,3,3,3,3,1,1,2,3,3,3,0,2,2,3,2,2,2,3,3,3,3,2,2,3,3,0,3,3,3,2,2,2,2,2,0,3,1,1,1,3,2,3,3,0,2,1,1,3,2,2,2,2,3,0,2,2,2,2,3,0,1,1,1,1,3,0,3,3,3,3,0,1,3,2,2,1,1,0,2,1,1,1,1,1,2,2,0,2,3,2,2,2,3,3,2,2,3,3,3,3,3,2,2,3,3,3,0,0,0,2,0,0,0,0,0,0,0,0,0,0,3,2,2,0,2,0,3,3,3,3,3,2,0,2,2,3,3,3,3,2,3,3,0,3,3,2,3,3,3,1,3,3,0,2,2,3,2,2,3,3,2,2,3,2,2,2,3,3,3,3,2,2,2,3,2,2,2,2,2,2,3,3,2,2,1,1,2,2"
170,1.4282896368770919,"0,0,3,3,2,1,3,2,1,0,1,0,2,0,3,1,3,3,2,3,3,2,2,2,2,2,3,3,2,3,3,1,1,1,1,1,1,3,3,3,3,2,2,3,3,1,1,0,2,3,3,3,3,3,3,2,2,2,3,2,2,2,3,2,2,2,2,2,2,1,1,2,3,3,2,3,3,1,1,3,2,2,2,2,2,3,2,2,2,3,3,3,3,3,1,1,2,3,3,3,0,2,2,3,2,2,2,3,3,3,3,2,2,3,3,0,3,3,3,2,2,2,2,2,0,3,1,1,1,3,2,3,3,0,2,1,1,3,2,2,2,2,3,0,2,2,2,2,3,0,1,1,1,1,3,0,3,3,3,3,0,1,3,2,2,1,1,0,2,1,1,1,1,1,2,2,0,2,3,2,2,2,3,3,2,2,3,3,3,3,3,2,2,3,3,3,0,0,0,2,0,0,0,0,0,0,0,0,0,0,3,2,2,0,2,0,3,3,3,3,3,2,0,2,2,3,3,3,3,2,3,3,2,3,3,2,3,3,3,1,3,3,0,2,2,3,2,2,3,3,2,2,3,2,2,2,3,3,3,3,2,2,2,3,2,2,2,2,2,2,3,3,2,2,1,1,2,2"
171,1.4276055589901675,"0,0,3,3,2,1,3,2,1,0,1,0,2,0,3,1,2,3,2,3,3,2,2,2,2,2,3,3,2,3,3,1,1,1,1,1,1,3,3,2,3,2,2,3,3,1,1,0,2,3,3,3,3,3,3,2,2,2,3,2,2,2,3,2,2,2,2,2,2,1,1,2,3,3,2,3,3,1,1,3,2,2,2,2,2,3,2,2,2,3,3,3,3,3,1,1,2,3,3,3,0,2,2,3,2,2,2,3,3,3,3,2,2,3,3,0,0,3,3,2,2,2,2,2,0,3,1,1,1,3,2,3,3,0,2,1,1,3,2,2,2,2,3,0,2,2,2,2,3,0,1,1,1,1,3,0,3,3,3,3,0,1,3,2,2,1,1,0,2,1,1,1,1,1,2,2,0,2,3,2,2,2,3,3,2,2,3,3,3,3,3,2,2,3,3,3,0,0,0,2,0,0,0,0,0,0,0,0,0,0,3,2,2,0,2,0,3,3,3,3,3,2,0,2,2,3,3,3,3,2,3,3,0,2,3,2,2,3,3,1,3,3,0,2,2,3,2,2,3,3,2,2,3,2,2,2,3,3,3,3,2,2,2,3,2,2,2,2,2,2,3,3,2,2,1,1,2,2"
172,1.427344318423731,"0,0,3,3,2,1,3,2,1,0,1,0,2,0,3,1,2,3,2,3,3,2,2,2,2,2,3,3,2,3,3,1,1,1,1,1,1,3,3,2,3,2,2,3,3,1,1,0,2,3,3,3,3,3,3,2,2,2,3,2,2,2,3,2,2,2,2,2,2,1,1,2,3,3,2,3,3,1,1,3,2,2,2,2,2,3,2,2,2,3,3,3,3,3,1,1,2,3,3,3,0,2,2,3,2,2,2,3,3,3,3,2,2,3,3,0,0,3,3,2,2,2,2,2,0,3,1,1,1,3,2,3,3,0,2,1,1,3,2,2,2,2,3,0,2,2,2,2,3,0,1,1,1,1,3,0,3,3,3,3,0,1,3,2,2,1,1,0,2,1,1,1,1,1,2,2,0,2,3,2,2,2,3,3,2,2,3,3,3,3,3,2,2,3,3,3,0,0,0,2,0,0,0,0,0,0,0,0,0,0,3,2,2,0,2,0,3,3,3,3,3,2,0,2,2,3,3,3,3,2,3,3,0,3,3,2,3,3,3,1,3,3,2,2,2,3,2,2,3,3,2,2,3,2,2,2,3,3,3,3,2,2,2,3,2,2,2,2,2,2,3,3,2,2,1,1,2,2"
173,1.4273004269259004,"0,0,3,3,2,1,3,2,1,0,1,0,2,0,3,1,3,3,2,3,3,2,2,2,2,2,3,3,2,3,3,1,1,1,1,1,1,3,3,0,3,2,2,3,3,1,1,0,2,3,3,3,3,3,3,2,2,2,3,2,2,2,3,2,2,2,2,2,2,1,1,2,3,3,2,3,3,1,1,3,2,2,2,2,2,3,2,2,2,3,3,3,3,3,1,1,2,3,3,3,0,2,2,3,2,2,2,3,3,3,3,2,2,3,3,0,0,3,3,2,2,2,2,2,0,3,1,1,1,3,2,3,3,0,2,1,1,3,2,2,2,2,1,0,2,2,2,2,3,0,1,1,1,1,3,0,3,3,3,3,0,1,3,2,2,1,1,0,2,1,1,1,1,1,2,2,0,2,3,0,2,2,3,3,2,2,3,3,3,3,3,2,2,3,3,3,0,0,0,3,0,0,0,0,0,0,0,0,0,0,3,2,0,0,2,0,3,3,3,3,3,2,0,2,2,3,3,3,3,2,3,3,0,3,3,2,2,3,3,3,3,3,0,2,2,3,2,2,3,3,2,2,3,2,2,2,3,3,3,3,2,2,2,3,2,2,2,3,2,2,3,3,2,2,1,1,2,2"
174,1.4294721252341098,"0,0,3,3,2,1,3,2,1,0,1,0,2,0,3,1,3,3,2,3,3,2,2,2,2,2,3,3,2,3,3,1,1,1,1,1,1,3,3,3,3,2,2,3,3,1,1,0,2,3,3,3,3,3,3,2,2,2,3,2,2,2,3,2,2,2,2,2,2,1,1,2,3,3,2,3,3,1,1,3,2,2,2,2,2,3,2,2,2,3,3,3,3,3,1,1,2,3,3,3,0,2,2,3,2,2,2,3,3,3,3,2,2,3,3,0,3,3,3,2,2,2,2,2,0,3,1,1,1,3,2,3,3,0,2,1,1,3,2,2,2,2,3,0,2,2,2,2,3,0,1,1,1,1,3,0,3,3,3,3,1,1,3,2,2,1,1,0,2,1,1,1,1,1,2,2,0,2,3,2,2,2,3,3,2,2,3,3,3,3,3,2,2,3,3,3,0,0,0,2,0,0,0,0,0,0,0,0,0,0,3,2,2,0,2,0,3,3,3,3,3,2,0,2,2,3,3,3,3,2,3,3,0,3,3,2,2,3,3,1,3,3,0,2,2,3,2,2,3,3,2,2,3,2,2,2,3,3,3,3,2,2,2,3,2,2,2,2,2,2,3,3,2,2,1,1,2,2"
175,1.4282015646983084,"0,0,3,3,2,1,3,2,1,0,1,0,2,0,3,1,3,3,2,3,3,2,2,2,2,2,3,3,2,3,3,1,1,1,1,1,1,3,3,3,1,2,2,3,3,1,1,0,2,3,3,3,3,3,3,2,2,2,3,2,2,2,3,2,2,2,2,2,2,1,1,2,3,3,2,3,3,1,1,3,2,2,2,2,2,3,2,2,2,3,3,3,3,3,1,1,2,3,3,3,2,2,2,3,2,2,2,3,3,3,3,2,2,3,3,0,3,3,3,2,2,2,2,2,0,3,1,1,1,3,2,3,3,0,2,1,1,3,2,2,2,2,3,0,2,2,2,2,3,0,1,1,1,2,3,0,3,3,3,3,0,1,3,2,2,1,1,0,2,1,1,1,1,1,2,2,0,2,3,2,2,2,3,3,2,2,3,3,3,3,3,2,2,3,3,3,0,0,0,2,0,0,0,0,0,0,0,0,0,0,3,2,2,0,2,0,3,3,3,3,3,2,0,2,2,3,3,3,3,2,3,3,0,3,3,2,2,3,3,1,3,3,0,2,2,3,2,2,3,3,2,2,3,2,2,2,3,3,3,3,2,2,2,3,2,2,2,2,2,2,3,3,2,2,1,1,2,2"
176,1.4271420222504234,"0,0,3,3,2,1,3,2,1,0,1,0,2,0,3,1,3,3,2,3,3,2,2,2,2,2,3,3,2,3,3,1,1,1,1,1,1,3,3,3,1,2,2,3,3,1,1,0,2,3,3,3,3,3,3,2,2,2,3,2,2,2,3,2,2,2,2,2,2,1,1,2,3,3,2,3,3,1,1,3,2,2,2,2,2,3,2,2,2,3,3,3,3,3,1,1,2,3,3,3,2,2,2,3,2,2,2,3,3,3,3,2,2,3,3,0,3,3,3,2,2,2,2,2,0,3,1,1,1,3,2,3,3,0,3,1,1,3,2,2,2,2,3,0,2,2,2,2,3,0,1,1,1,2,3,0,3,3,3,3,0,1,3,2,2,1,1,0,2,1,1,1,1,1,2,2,0,2,3,2,2,2,3,3,2,2,3,3,3,3,3,2,2,1,3,3,0,0,0,2,0,0,0,0,0,0,0,0,0,0,3,2,2,0,2,0,3,3,3,3,3,0,0,2,2,3,3,3,3,2,3,3,0,3,3,2,2,3,3,1,3,3,0,2,2,3,2,2,3,3,2,2,3,2,2,2,3,3,3,3,2,2,2,3,2,2,2,2,2,2,3,3,2,2,1,1,2,2"
177,1.4293817811708,"0,0,3,3,2,1,3,2,1,0,1,0,2,0,3,1,3,3,2,3,3,2,2,2,2,2,3,3,2,3,3,1,1,1,1,1,1,3,3,3,1,2,2,3,3,1,1,0,2,3,3,3,3,3,3,2,2,2,3,2,2,2,3,2,2,2,2,2,2,1,1,2,3,3,2,3,3,1,1,3,2,2,2,2,2,3,2,2,2,3,3,3,3,3,1,1,2,3,3,3,2,2,2,3,2,2,2,3,3,3,3,2,2,3,3,0,3,3,3,2,2,2,2,2,0,3,1,1,1,3,2,3,3,0,2,1,1,3,2,2,2,2,3,0,2,2,2,2,3,0,1,1,1,1,3,0,3,3,3,3,0,1,3,2,2,1,1,0,2,1,1,1,1,1,2,2,0,2,3,2,2,2,3,3,2,2,3,3,3,3,3,2,2,3,3,3,0,0,0,2,0,0,0,0,0,0,0,0,0,0,3,2,2,0,2,0,3,3,3,3,3,2,0,2,2,3,3,3,3,2,3,3,0,3,3,2,2,3,3,1,3,3,0,2,2,3,2,2,3,3,2,2,3,2,2,2,3,3,3,3,2,2,2,3,2,2,2,2,2,2,3,3,2,2,1,1,2,2"
178,1.4293855550889885,"0,0,3,3,2,1,3,2,1,0,1,0,2,0,3,1,3,3,2,3,3,2,2,2,2,2,3,3,2,3,3,1,1,1,1,1,1,3,3,3,1,2,2,3,3,1,1,0,2,3,3,3,3,3,3,2,2,2,3,2,2,2,3,2,2,2,2,2,2,1,1,3,3,3,2,3,3,1,1,3,2,2,2,2,2,3,2,2,2,3,3,3,3,3,1,1,2,3,3,3,2,2,2,3,2,2,2,3,3,3,3,2,2,3,3,0,3,3,3,2,2,2,2,2,0,3,1,1,1,3,2,3,3,0,2,1,1,3,2,2,2,2,3,0,2,2,2,2,3,0,1,1,1,1,3,0,3,3,3,3,0,1,3,2,2,1,1,0,2,1,1,1,1,1,2,2,0,2,3,2,2,2,3,3,2,2,3,3,3,3,3,2,2,3,3,3,0,0,0,2,0,0,0,0,0,0,0,0,0,0,3,2,2,0,2,0,3,3,3,3,3,2,0,2,2,3,3,3,3,2,3,3,0,3,3,2,2,3,3,1,3,3,0,2,2,3,2,2,3,3,2,3,2,2,2,2,3,3,3,3,2,2,2,3,2,2,2,2,2,2,3,3,2,2,1,1,2,2"
179,1.4301335716107568,"0,0,3,3,2,1,3,2,1,0,1,0,2,0,3,1,3,3,2,3,3,2,2,2,2,2,3,3,2,3,3,1,1,1,1,1,1,3,3,3,1,2,2,3,3,1,1,0,2,3,3,3,3,3,3,2,2,2,3,2,2,2,3,2,2,2,2,2,2,1,1,3,3,3,2,3,3,1,1,3,2,2,2,2,2,3,2,2,2,3,3,3,3,3,1,1,2,3,3,3,2,2,2,3,2,2,2,3,3,3,3,2,2,3,3,0,3,3,3,2,2,2,2,2,0,3,1,1,1,3,2,3,3,0,2,1,1,3,2,2,2,2,3,0,2,2,2,2,3,0,1,1,1,1,3,0,3,3,3,3,0,1,3,2,2,1,1,0,2,1,1,1,1,1,2,2,0,2,3,2,2,2,3,3,2,2,3,3,3,3,3,2,2,3,3,3,0,0,0,0,0,0,0,0,0,0,0,0,0,0,3,2,2,0,2,0,3,3,3,3,3,2,0,2,2,3,3,3,3,2,3,2,0,3,3,2,2,3,3,1,3,3,0,2,2,3,2,2,3,3,2,2,3,2,2,2,3,3,3,3,2,2,2,3,2,2,2,2,2,2,3,3,2,2,1,1,2,2"
180,1.4294709372075314,"0,0,3,3,2,1,3,2,1,0,1,0,2,0,3,1,3,3,2,3,3,2,2,2,2,2,3,3,2,3,3,1,1,1,1,1,1,3,3,3,1,2,2,3,3,1,1,0,2,3,3,3,3,3,3,2,2,2,3,2,2,2,3,2,2,2,2,2,2,1,1,3,3,3,2,3,3,1,1,3,2,2,2,2,2,3,2,2,2,3,3,3,3,3,1,1,2,3,3,3,2,2,2,3,2,2,2,3,3,3,3,2,2,3,3,0,3,3,3,2,2,2,2,2,0,3,1,1,1,3,2,3,3,0,2,1,1,3,2,2,2,2,3,0,0,2,2,2,3,0,1,1,1,1,3,0,3,3,3,3,0,1,3,2,2,1,1,0,2,1,1,1,1,1,2,2,0,2,3,2,2,2,3,3,2,2,3,3,3,3,3,2,2,3,3,3,0,0,0,0,0,0,0,0,0,0,0,0,0,0,3,2,2,0,2,0,3,3,3,3,3,2,0,2,2,3,3,3,3,2,3,2,0,3,3,2,2,3,3,1,3,3,0,2,2,3,2,2,3,3,2,2,3,2,2,2,3,3,3,3,2,2,2,3,2,2,2,2,2,2,3,3,2,2,1,1,2,2"
181,1.4308574544607697,"0,0,3,3,2,1,3,2,1,0,1,0,2,0,3,1,3,3,2,3,3,2,2,2,2,2,3,3,2,3,3,1,1,1,1,1,1,3,3,3,3,2,2,3,3,1,1,0,2,3,3,3,3,3,3,2,2,2,3,2,2,2,3,2,2,2,2,2,2,1,1,3,3,3,2,3,3,1,1,3,2,2,2,2,2,3,2,2,2,3,3,3,3,3,1,1,2,3,3,3,2,2,2,3,2,2,2,3,3,3,3,2,2,3,3,0,3,3,3,2,2,2,2,2,0,3,1,1,1,3,2,3,3,0,2,1,1,3,2,2,2,2,3,0,2,2,2,2,3,0,1,1,1,1,3,0,3,3,3,3,0,1,3,2,2,1,1,0,2,1,1,1,1,1,2,2,0,2,3,2,2,2,3,3,2,2,3,3,3,3,3,2,2,3,3,3,0,0,0,0,0,0,0,0,0,0,0,0,0,0,3,2,2,0,2,0,3,3,3,3,3,2,0,2,2,3,3,3,3,2,3,3,0,3,3,2,2,3,3,1,3,3,0,2,2,3,2,2,3,3,2,2,3,2,2,2,3,3,3,3,2,2,2,3,2,2,2,2,2,2,3,3,2,2,1,1,2,2"
182,1.431386081021045,"0,0,3,3,2,1,3,2,1,0,1,0,2,0,3,1,3,3,2,3,3,2,2,2,2,2,3,3,2,3,3,1,1,1,1,1,1,3,3,3,3,2,2,3,3,1,1,0,2,3,3,3,3,3,3,2,2,2,3,2,2,2,3,2,2,2,2,2,2,1,1,3,3,3,2,3,3,1,1,3,2,2,2,2,2,3,2,2,2,3,3,3,3,3,1,1,2,3,3,3,2,2,2,3,2,2,2,3,3,3,3,2,2,3,3,0,3,3,3,2,2,2,2,3,0,3,1,1,1,3,2,3,3,0,2,1,1,3,2,2,2,2,3,0,2,2,2,2,3,0,1,1,1,1,3,0,3,3,3,3,0,1,3,2,2,1,1,0,2,1,1,1,1,1,2,2,0,2,3,2,2,2,3,3,2,2,3,3,3,3,3,2,2,3,3,3,0,0,0,0,0,0,0,0,0,0,0,0,0,0,3,2,2,0,2,0,3,3,3,3,3,2,0,2,2,3,3,3,3,2,3,3,0,3,3,2,2,3,3,1,3,3,0,2,2,3,2,2,3,3,2,2,3,2,2,2,3,3,3,3,2,2,2,3,2,2,2,2,2,2,3,3,2,2,1,1,2,2"
183,1.4314575588048422,"0,0,3,3,2,1,3,2,1,0,1,0,2,0,3,1,3,3,2,3,3,2,2,2,2,2,3,3,2,3,3,1,1,1,1,1,1,3,3,3,3,2,2,3,3,1,1,0,0,3,3,3,3,3,3,2,2,2,3,2,2,2,3,2,2,2,2,2,2,1,1,3,3,3,2,3,3,1,1,3,2,2,2,2,2,3,2,2,2,3,3,3,3,3,1,1,2,3,3,3,2,2,2,3,2,2,2,3,3,3,3,2,2,3,3,0,3,3,3,2,2,2,2,3,0,3,1,1,1,3,2,3,3,0,2,1,1,3,2,2,2,2,3,0,2,2,2,2,3,0,1,1,1,1,3,0,3,3,3,3,0,1,3,2,2,1,1,0,2,1,1,1,1,1,2,2,0,2,3,2,2,2,3,3,2,2,3,3,3,3,3,2,2,3,3,3,0,0,0,0,0,0,0,0,0,0,0,0,0,0,3,2,2,0,2,0,3,3,3,3,3,2,0,2,2,3,3,3,3,2,3,3,0,3,3,2,2,3,3,1,3,3,0,2,2,3,2,2,3,3,2,2,3,2,2,2,3,3,3,3,2,2,2,3,2,2,2,2,2,2,3,3,2,2,1,1,2,2"
184,1.432053067637941,"0,0,3,3,2,1,3,2,1,0,1,0,2,0,3,1,3,3,2,3,3,2,2,2,2,2,3,3,2,3,3,1,1,1,1,1,1,3,3,3,3,2,2,3,3,1,1,0,0,3,3,3,3,3,3,2,2,2,3,2,2,2,3,2,2,2,2,2,2,1,1,3,3,2,2,3,3,1,1,3,2,2,2,2,2,3,2,2,2,3,3,3,3,3,1,1,2,3,3,3,2,2,2,3,2,2,2,3,3,3,3,2,2,3,3,0,3,3,3,2,2,2,2,3,0,3,1,1,1,3,2,3,3,0,2,1,1,3,2,2,2,2,3,0,2,2,2,2,3,0,1,1,1,1,3,0,3,3,3,3,0,1,3,2,2,1,1,0,2,1,1,1,1,1,2,2,0,2,3,2,2,2,3,3,2,2,3,3,3,3,3,2,2,3,3,3,0,0,0,0,0,0,0,0,0,0,0,0,0,0,3,2,2,0,2,0,3,3,3,3,3,2,0,2,2,3,3,3,3,2,3,3,0,3,3,2,2,3,3,1,3,3,0,2,2,3,2,2,3,3,2,2,3,2,2,2,3,3,3,3,2,2,2,3,2,2,2,2,2,2,3,3,2,2,1,1,2,2"
185,1.4325279858149853,"0,0,3,3,2,1,3,2,1,0,1,0,2,0,3,1,3,3,2,3,3,2,2,2,2,2,3,3,2,3,3,1,1,1,1,1,1,3,3,3,3,2,2,3,3,1,1,0,0,3,3,3,3,3,3,2,2,2,3,2,2,2,3,2,2,2,2,2,2,1,1,3,3,2,2,3,3,1,1,3,2,2,2,2,2,3,2,2,2,3,3,3,3,3,1,1,2,3,3,3,2,2,2,3,2,2,2,3,3,3,3,2,2,3,3,0,3,3,3,2,2,2,2,3,0,3,1,1,1,3,2,3,3,0,2,1,1,3,2,2,2,2,3,0,2,2,2,2,3,0,1,1,1,1,3,0,3,3,3,3,0,1,3,2,2,1,1,0,2,1,1,1,1,1,2,2,0,2,3,2,2,2,3,3,2,2,3,3,3,3,3,2,2,3,3,3,0,0,0,0,0,0,0,0,0,0,0,0,0,0,3,2,2,0,2,0,3,3,3,3,3,2,2,2,2,2,3,3,3,2,3,3,0,3,3,2,2,3,3,1,3,3,0,2,2,3,2,2,3,3,2,2,3,2,2,2,3,3,3,3,2,2,2,3,2,2,3,2,2,2,3,3,2,2,1,1,2,2"
186,1.4312378190020965,"0,0,3,3,2,1,3,2,1,0,1,0,2,0,3,1,3,3,2,3,3,2,2,2,2,2,3,3,2,3,3,1,1,1,1,1,1,3,3,3,3,2,3,3,3,1,1,0,0,3,3,3,3,3,3,2,3,2,3,2,2,2,3,2,2,2,2,2,2,1,1,3,3,2,2,3,3,1,1,3,2,2,2,2,3,3,2,2,2,3,3,3,3,3,1,1,2,3,3,3,2,2,2,3,2,2,2,3,3,3,3,2,2,3,3,0,3,3,3,2,2,2,2,3,0,3,1,1,1,3,2,3,1,0,2,1,1,3,2,2,2,2,3,0,2,2,2,2,3,0,1,1,0,1,3,0,3,3,3,3,0,1,3,3,2,1,1,0,2,1,1,1,1,1,2,2,0,2,3,2,2,2,3,3,2,2,3,3,3,3,3,2,2,3,3,3,0,0,0,0,0,0,0,0,0,0,0,0,0,0,3,2,2,0,2,0,3,3,3,3,3,2,2,2,2,2,3,3,3,2,3,3,0,3,3,2,2,3,3,1,3,3,0,2,2,3,2,2,3,3,2,2,3,2,2,2,3,3,3,3,2,2,2,3,2,2,3,2,2,2,3,3,2,2,1,1,2,2"
187,1.4304499536686603,"0,0,3,3,2,1,3,2,1,0,1,0,2,0,3,1,3,3,2,3,3,2,2,2,2,2,3,3,2,3,3,1,1,1,1,1,1,3,3,3,3,2,3,3,3,1,1,0,0,3,3,3,3,3,3,2,3,2,3,2,2,2,3,2,2,2,2,2,2,1,1,3,3,2,2,3,3,1,1,3,2,2,2,2,3,3,2,2,2,3,3,3,3,3,1,1,2,3,3,3,2,2,2,3,2,2,2,3,3,3,3,2,2,3,3,0,3,3,3,2,2,2,2,3,0,3,1,1,1,3,2,3,1,0,2,1,1,3,2,2,2,2,3,0,2,2,2,2,3,0,1,1,0,1,3,0,3,3,3,3,0,1,3,3,2,1,1,0,2,1,1,1,1,1,2,2,0,2,3,2,2,2,3,3,2,2,3,3,3,3,3,2,2,3,3,3,0,0,0,0,0,0,0,0,0,0,0,0,0,0,3,2,2,0,2,0,3,3,3,3,3,2,0,2,2,1,3,3,3,2,3,3,0,3,3,2,2,3,3,1,3,3,0,2,2,3,2,2,3,3,2,2,3,2,2,2,3,3,3,3,2,2,2,3,2,2,3,2,2,2,3,3,2,2,1,1,2,2"
188,1.4329514818405427,"0,0,3,3,2,1,3,2,1,0,1,0,2,0,3,1,3,3,2,3,3,2,2,2,2,2,3,3,2,3,3,1,1,1,1,1,1,3,3,3,3,2,3,3,3,1,1,0,0,3,3,3,3,3,3,2,2,2,3,2,2,2,3,2,2,2,2,2,2,1,1,3,3,2,2,3,3,1,1,3,2,2,2,2,2,3,2,2,2,3,3,3,3,3,1,1,2,3,3,3,2,2,2,3,2,2,2,3,3,3,3,2,2,3,3,0,3,3,3,2,2,2,2,3,0,3,1,1,1,3,2,3,3,0,2,1,1,3,2,2,2,2,3,0,2,2,2,2,3,0,1,1,1,1,3,0,3,3,3,3,0,1,3,2,2,1,1,0,2,1,1,1,1,1,2,2,0,2,2,2,2,2,3,3,2,2,3,3,3,3,3,2,2,3,3,3,0,0,0,0,0,0,0,0,0,0,0,0,0,0,3,2,2,0,2,0,3,3,3,3,3,2,2,2,2,2,3,3,3,2,3,3,0,3,3,2,2,3,3,1,3,3,0,2,2,3,2,2,3,3,2,2,3,2,2,2,3,3,3,3,2,2,2,3,2,2,3,2,2,2,3,3,2,2,1,1,2,2"
189,1.4311773778738912,"0,0,3,3,2,1,3,2,1,0,1,0,2,0,3,1,3,3,2,3,3,2,2,2,2,2,3,3,2,3,3,1,1,1,1,2,1,3,3,3,3,2,3,3,3,1,1,0,0,3,3,3,3,3,3,2,2,2,3,2,2,2,3,2,2,2,2,2,2,1,1,3,3,2,2,3,3,1,1,3,2,2,2,2,2,3,2,2,2,3,3,3,3,3,1,1,2,3,3,3,2,2,2,3,2,2,2,3,3,3,3,2,2,3,3,0,3,3,3,2,2,2,2,3,0,3,1,1,1,3,2,3,3,0,2,1,1,3,2,2,2,2,3,0,2,2,2,2,3,0,1,1,1,1,3,0,3,3,3,3,0,1,3,2,2,1,1,0,2,1,1,1,1,1,2,2,0,2,2,2,2,2,3,3,2,2,3,3,3,3,3,2,2,3,3,3,0,0,0,0,0,0,0,0,0,0,0,0,0,0,3,2,2,0,2,0,3,3,3,3,3,2,2,2,2,2,3,3,3,2,3,3,0,3,3,2,2,3,3,1,0,3,0,2,2,3,2,2,3,3,2,2,3,2,2,2,3,3,3,3,2,2,2,3,2,2,3,2,2,2,3,3,2,2,1,1,2,2"
190,1.4313763168325788,"0,0,3,3,2,1,3,2,1,0,1,0,2,0,3,1,3,3,2,3,3,2,2,2,2,2,3,3,2,3,3,1,1,1,1,2,1,3,3,3,3,2,3,3,3,1,1,0,0,3,3,3,3,3,3,2,2,2,3,2,2,2,3,2,2,2,2,2,2,1,1,3,3,2,2,3,3,1,1,3,2,2,2,2,2,3,2,2,2,3,3,3,3,3,1,1,2,3,3,3,2,2,2,3,2,2,2,3,3,3,3,2,2,3,3,0,3,3,3,2,2,2,2,3,0,3,1,1,1,3,2,3,3,0,2,1,1,3,2,2,2,2,3,0,2,2,2,2,3,0,1,1,1,1,3,0,3,3,3,3,0,1,3,2,2,1,1,0,2,1,1,1,1,1,2,2,0,2,2,2,2,2,3,3,2,2,3,3,3,3,3,2,2,3,3,3,0,0,0,0,0,0,0,0,0,0,0,0,0,0,3,2,2,0,2,0,3,3,3,3,3,2,2,2,2,3,3,3,3,1,3,3,0,3,3,2,2,3,3,1,3,3,0,2,2,3,2,2,3,3,2,2,3,2,2,2,3,3,3,3,2,2,2,3,2,2,3,2,2,2,3,3,2,2,1,1,2,2"
191,1.4303790693414589,"0,0,3,3,2,1,3,2,1,0,1,0,2,0,3,1,3,3,2,3,3,2,2,2,2,2,3,3,2,3,3,1,1,1,1,2,1,3,3,3,3,2,3,3,3,1,1,0,0,3,3,3,3,3,3,2,2,2,3,2,2,2,3,2,2,2,2,2,2,1,1,3,3,2,2,3,3,1,1,3,2,2,2,2,2,3,2,2,2,3,3,3,3,3,1,1,2,3,3,3,2,2,2,3,2,2,2,3,3,3,3,2,2,3,3,0,3,3,3,2,2,2,2,3,0,3,1,1,1,3,2,3,3,0,2,1,1,3,2,2,2,2,3,0,2,2,2,2,3,0,1,1,2,1,3,0,3,3,3,3,0,1,3,2,2,1,1,0,2,1,1,1,1,1,2,2,0,2,2,2,2,2,3,3,2,2,3,3,3,3,3,2,2,3,3,3,0,0,0,0,0,0,0,0,0,0,0,0,0,0,3,2,2,0,2,0,3,3,3,3,3,2,2,2,2,3,3,3,3,1,3,3,0,3,3,2,2,3,3,1,3,3,0,2,2,3,2,2,3,3,2,2,3,2,2,2,3,3,3,3,2,2,2,3,2,2,3,2,2,2,3,3,2,2,1,1,2,2"
192,1.4315449375793565,"0,0,3,3,2,1,3,2,1,0,1,0,2,0,3,1,3,3,2,3,3,2,2,2,2,2,3,3,2,3,3,1,1,1,1,2,1,3,3,3,3,2,3,3,3,1,1,0,0,3,3,3,3,3,3,2,2,2,3,2,2,2,3,2,2,2,2,2,2,1,1,3,3,2,2,3,3,1,1,3,2,2,2,2,2,3,2,2,2,3,3,3,3,3,1,1,2,3,3,3,2,2,2,3,2,2,2,3,3,3,3,2,2,3,3,0,3,3,3,2,2,2,2,3,0,3,1,1,1,3,2,3,3,0,2,1,1,3,2,2,2,2,3,0,2,2,2,2,3,0,1,1,1,1,3,0,3,3,3,3,0,1,3,2,2,1,1,0,2,1,1,1,1,1,2,2,2,2,2,2,2,2,3,3,2,2,3,3,3,3,3,2,2,3,3,3,0,0,0,0,0,0,0,0,0,0,0,0,0,0,3,2,2,0,2,0,3,3,3,3,3,2,2,2,2,2,3,3,3,2,3,3,0,3,3,2,2,3,3,1,3,3,0,2,2,3,2,2,3,3,2,2,3,2,2,2,3,3,3,3,2,2,2,3,2,2,3,2,2,2,3,3,2,2,1,1,2,2"
193,1.4334641422911973,"0,0,3,3,2,1,3,2,1,0,1,0,2,0,3,1,3,3,2,3,3,2,2,2,2,2,3,3,2,3,3,1,1,1,1,1,1,3,3,3,3,2,3,3,3,1,1,0,0,3,3,3,3,3,3,2,2,2,3,2,2,2,3,2,3,2,2,2,2,1,1,3,3,2,2,3,3,1,1,3,2,2,2,2,2,3,2,2,2,3,3,3,3,3,1,1,2,3,3,3,2,2,2,3,2,2,2,3,3,3,3,2,2,3,3,0,3,3,3,2,2,2,2,3,0,3,1,1,1,3,2,3,3,0,2,1,1,3,2,2,2,2,3,0,2,2,2,2,3,0,1,1,1,1,3,0,3,3,3,3,0,1,3,2,2,1,1,0,2,1,1,1,1,1,2,2,0,2,2,2,2,2,3,3,2,2,3,3,3,3,3,2,2,3,3,3,0,0,0,0,0,0,0,0,0,0,0,0,0,0,3,2,2,0,2,0,3,3,3,3,3,2,2,2,2,2,3,3,3,2,3,3,0,3,3,2,2,3,3,1,3,3,0,2,2,3,2,2,3,3,2,2,3,2,2,2,3,3,3,3,2,2,2,3,2,2,3,2,2,2,3,3,2,2,1,1,2,2"
194,1.4321136244559993,"0,0,3,3,2,1,3,2,1,0,1,0,2,0,3,1,3,3,2,3,3,2,2,2,2,2,3,3,2,3,3,1,1,1,1,1,1,3,3,3,3,2,3,3,3,1,1,0,0,3,3,3,3,3,3,2,2,2,3,2,2,2,3,2,3,2,2,2,2,1,1,3,3,2,2,3,3,1,1,3,2,2,2,2,2,3,2,2,2,3,3,3,3,3,1,1,2,3,3,3,2,2,2,3,2,2,2,3,3,3,3,2,2,3,3,0,3,3,3,2,2,2,2,3,0,3,1,1,1,3,2,3,3,0,2,1,1,3,2,2,2,2,3,0,2,2,2,2,3,0,1,1,1,1,3,0,3,3,3,3,0,1,3,2,2,1,1,0,2,1,1,1,1,1,2,2,0,2,2,2,2,2,3,3,2,2,3,3,3,3,3,2,2,3,3,3,0,0,0,0,0,0,0,0,0,0,0,0,0,0,3,2,2,0,2,0,3,3,3,3,3,2,2,2,2,2,1,3,3,2,3,3,0,3,3,2,2,3,3,1,3,0,0,2,2,3,2,2,3,3,2,2,3,2,2,2,3,3,3,3,2,2,2,3,2,2,3,2,2,2,3,3,2,2,1,1,2,2"
195,1.4328409854661255,"0,0,3,3,2,1,3,2,1,0,1,0,2,0,3,1,3,3,2,3,3,2,2,2,2,2,3,3,2,3,3,1,1,1,1,1,1,3,3,3,3,2,3,3,3,1,1,0,0,3,3,3,3,3,3,2,2,2,3,2,2,2,3,2,3,2,2,2,2,1,1,3,3,2,2,3,3,1,1,3,2,2,2,2,2,3,2,2,2,3,3,3,3,3,1,1,2,3,3,3,2,2,2,3,2,2,2,3,3,3,3,2,2,3,3,0,3,3,3,2,2,2,2,3,0,3,1,1,1,3,2,3,3,0,2,1,1,3,2,2,2,2,3,0,2,2,2,2,3,0,1,1,1,1,3,0,3,3,3,3,0,1,3,2,2,1,1,0,2,1,1,1,1,1,2,2,0,2,2,2,2,2,3,3,2,2,3,3,3,3,3,2,2,3,3,3,0,0,0,0,0,0,0,0,0,0,0,0,0,0,3,2,2,0,2,0,3,3,3,3,3,2,2,2,2,1,3,3,3,2,3,3,0,3,3,2,2,3,3,1,3,3,0,2,2,0,2,2,3,3,2,2,3,2,2,2,3,3,3,3,2,2,2,3,2,2,3,2,2,2,3,3,2,2,1,1,2,2"
196,1.4334641422911973,"0,0,3,3,2,1,3,2,1,0,1,0,2,0,3,1,3,3,2,3,3,2,2,2,2,2,3,3,2,3,3,1,1,1,1,1,1,3,3,3,3,2,3,3,3,1,1,0,0,3,3,3,3,3,3,2,2,2,3,2,2,2,3,2,3,2,2,2,2,1,1,3,3,2,2,3,3,1,1,3,2,2,2,2,2,3,2,2,2,3,3,3,3,3,1,1,2,3,3,3,2,2,2,3,2,2,2,3,3,3,3,2,2,3,3,0,3,3,3,2,2,2,2,3,0,3,1,1,1,3,2,3,3,0,2,1,1,3,2,2,2,2,3,0,2,2,2,2,3,0,1,1,1,1,3,0,3,3,3,3,0,1,3,2,2,1,1,0,2,1,1,1,1,1,2,2,0,2,2,2,2,2,3,3,2,2,3,3,3,3,3,2,2,3,3,3,0,0,0,0,0,0,0,0,0,0,0,0,0,0,3,2,2,0,2,0,3,3,3,3,3,2,2,2,2,2,3,3,3,2,3,3,0,3,3,2,2,3,3,1,3,3,0,2,2,3,2,2,3,3,2,2,3,2,2,2,3,3,3,3,2,2,2,3,2,2,3,2,2,2,3,3,2,2,1,1,2,2"
197,1.4334641422911973,"0,0,3,3,2,1,3,2,1,0,1,0,2,0,3,1,3,3,2,3,3,2,2,2,2,2,3,3,2,3,3,1,1,1,1,1,1,3,3,3,3,2,3,3,3,1,1,0,0,3,3,3,3,3,3,2,2,2,3,2,2,2,3,2,3,2,2,2,2,1,1,3,3,2,2,3,3,1,1,3,2,2,2,2,2,3,2,2,2,3,3,3,3,3,1,1,2,3,3,3,2,2,2,3,2,2,2,3,3,3,3,2,2,3,3,0,3,3,3,2,2,2,2,3,0,3,1,1,1,3,2,3,3,0,2,1,1,3,2,2,2,2,3,0,2,2,2,2,3,0,1,1,1,1,3,0,3,3,3,3,0,1,3,2,2,1,1,0,2,1,1,1,1,1,2,2,0,2,2,2,2,2,3,3,2,2,3,3,3,3,3,2,2,3,3,3,0,0,0,0,0,0,0,0,0,0,0,0,0,0,3,2,2,0,2,0,3,3,3,3,3,2,2,2,2,2,3,3,3,2,3,3,0,3,3,2,2,3,3,1,3,3,0,2,2,3,2,2,3,3,2,2,3,2,2,2,3,3,3,3,2,2,2,3,2,2,3,2,2,2,3,3,2,2,1,1,2,2"
198,1.4334641422911973,"0,0,3,3,2,1,3,2,1,0,1,0,2,0,3,1,3,3,2,3,3,2,2,2,2,2,3,3,2,3,3,1,1,1,1,1,1,3,3,3,3,2,3,3,3,1,1,0,0,3,3,3,3,3,3,2,2,2,3,2,2,2,3,2,3,2,2,2,2,1,1,3,3,2,2,3,3,1,1,3,2,2,2,2,2,3,2,2,2,3,3,3,3,3,1,1,2,3,3,3,2,2,2,3,2,2,2,3,3,3,3,2,2,3,3,0,3,3,3,2,2,2,2,3,0,3,1,1,1,3,2,3,3,0,2,1,1,3,2,2,2,2,3,0,2,2,2,2,3,0,1,1,1,1,3,0,3,3,3,3,0,1,3,2,2,1,1,0,2,1,1,1,1,1,2,2,0,2,2,2,2,2,3,3,2,2,3,3,3,3,3,2,2,3,3,3,0,0,0,0,0,0,0,0,0,0,0,0,0,0,3,2,2,0,2,0,3,3,3,3,3,2,2,2,2,2,3,3,3,2,3,3,0,3,3,2,2,3,3,1,3,3,0,2,2,3,2,2,3,3,2,2,3,2,2,2,3,3,3,3,2,2,2,3,2,2,3,2,2,2,3,3,2,2,1,1,2,2"
199,1.4340664505901268,"0,0,3,3,2,1,3,2,1,0,1,0,2,0,3,1,3,3,2,3,3,2,2,2,2,2,3,3,2,3,3,1,1,1,1,1,1,3,3,3,3,2,3,3,3,1,1,0,0,3,3,3,3,3,3,2,2,2,3,2,2,2,3,2,3,2,2,2,2,1,1,3,3,2,2,3,3,1,1,2,2,2,2,2,2,3,2,2,2,3,3,3,3,3,1,1,2,3,3,3,2,2,2,3,2,2,2,3,3,3,3,2,2,3,3,0,3,3,3,2,2,2,2,3,0,3,1,1,1,3,2,3,3,0,2,1,1,3,2,2,2,2,3,0,2,2,2,2,3,0,1,1,1,1,3,0,3,3,3,3,0,1,3,2,2,1,1,0,2,1,1,1,1,1,2,2,0,2,2,2,2,2,3,3,2,2,3,3,3,3,3,2,2,3,3,3,0,0,0,0,0,0,0,0,0,0,0,0,0,0,3,2,2,0,2,0,3,3,3,3,3,2,2,2,2,2,3,3,3,2,3,3,0,3,3,2,2,3,3,1,3,3,0,2,2,3,2,2,3,3,2,2,3,2,2,2,3,3,3,3,2,2,2,3,2,2,3,2,2,2,3,3,2,2,1,1,2,2"
200,1.4344522041689338,"0,0,3,3,2,1,3,2,1,0,1,0,2,0,3,1,3,3,2,3,3,2,2,2,2,2,3,3,2,3,3,1,1,1,1,1,1,3,3,3,3,2,3,3,3,1,1,0,0,3,3,3,3,3,3,2,2,2,3,2,2,2,3,2,3,2,2,2,2,1,1,3,3,2,2,3,3,1,1,2,2,2,2,2,2,3,2,2,2,3,3,3,3,3,1,1,2,3,3,3,2,2,2,3,2,2,2,3,3,3,3,2,2,3,3,0,3,3,3,2,2,2,2,3,0,3,1,1,1,3,3,3,3,0,2,1,1,3,2,2,2,2,3,0,2,2,2,2,3,0,1,1,1,1,3,0,3,3,3,3,0,1,3,2,2,1,1,0,2,1,1,1,1,1,2,2,0,2,2,2,2,2,3,3,2,2,3,3,3,3,3,2,2,3,3,3,0,0,0,0,0,0,0,0,0,0,0,0,0,0,3,2,2,0,2,0,3,3,3,3,3,2,2,2,2,2,3,3,3,2,3,3,0,3,3,2,2,3,3,1,3,3,0,2,2,3,2,2,3,3,2,2,3,2,2,2,3,3,3,3,2,2,2,3,2,2,3,2,2,2,3,3,2,2,1,1,2,2"
201,1.434599598732665,"0,0,3,3,2,1,3,2,1,0,1,0,2,0,3,1,3,3,2,3,3,2,2,2,2,2,3,3,2,3,3,1,1,1,1,1,1,3,3,3,3,2,3,3,3,1,1,0,0,3,3,3,3,3,3,2,2,2,3,2,2,2,3,2,3,2,2,2,2,1,1,3,3,2,2,3,3,1,1,2,2,2,2,2,2,3,2,2,2,3,3,3,3,3,1,1,2,3,3,3,2,2,2,3,2,2,2,3,3,3,3,2,2,3,3,0,3,3,3,2,2,2,2,3,0,3,1,1,1,3,3,3,3,0,2,1,1,3,2,2,2,2,3,0,2,2,2,2,3,0,1,1,1,1,3,0,3,3,3,3,0,1,3,2,2,1,1,0,2,1,1,1,1,1,2,2,0,2,2,2,2,2,3,3,2,2,3,3,3,3,3,2,2,3,3,3,0,0,0,0,0,0,0,0,0,0,0,0,0,0,3,2,2,0,2,0,3,3,3,3,3,2,2,2,2,2,3,3,3,2,3,3,0,3,3,2,2,3,3,1,3,3,0,2,2,3,2,2,3,3,2,2,2,2,2,2,3,3,3,3,2,2,2,3,2,2,3,2,2,2,3,3,2,2,1,1,2,2"
202,1.434599598732665,"0,0,3,3,2,1,3,2,1,0,1,0,2,0,3,1,3,3,2,3,3,2,2,2,2,2,3,3,2,3,3,1,1,1,1,1,1,3,3,3,3,2,3,3,3,1,1,0,0,3,3,3,3,3,3,2,2,2,3,2,2,2,3,2,3,2,2,2,2,1,1,3,3,2,2,3,3,1,1,2,2,2,2,2,2,3,2,2,2,3,3,3,3,3,1,1,2,3,3,3,2,2,2,3,2,2,2,3,3,3,3,2,2,3,3,0,3,3,3,2,2,2,2,3,0,3,1,1,1,3,3,3,3,0,2,1,1,3,2,2,2,2,3,0,2,2,2,2,3,0,1,1,1,1,3,0,3,3,3,3,0,1,3,2,2,1,1,0,2,1,1,1,1,1,2,2,0,2,2,2,2,2,3,3,2,2,3,3,3,3,3,2,2,3,3,3,0,0,0,0,0,0,0,0,0,0,0,0,0,0,3,2,2,0,2,0,3,3,3,3,3,2,2,2,2,2,3,3,3,2,3,3,0,3,3,2,2,3,3,1,3,3,0,2,2,3,2,2,3,3,2,2,2,2,2,2,3,3,3,3,2,2,2,3,2,2,3,2,2,2,3,3,2,2,1,1,2,2"
203,1.4344157918800622,"0,0,3,3,2,1,3,2,1,0,1,0,2,0,3,1,3,3,2,3,3,2,2,2,2,2,3,3,2,3,3,1,1,1,1,1,1,3,3,3,3,2,3,3,3,1,1,0,0,3,3,3,3,3,3,2,2,2,3,2,2,2,3,2,3,2,2,2,2,1,1,3,3,2,2,3,3,1,1,2,2,2,2,2,2,3,2,2,2,3,3,3,3,3,1,1,2,3,3,3,2,2,2,3,2,2,2,3,3,3,3,2,2,3,3,0,0,3,3,2,2,2,2,3,0,3,1,1,1,3,3,3,3,0,2,1,1,3,2,2,2,2,2,0,2,2,2,2,3,0,1,1,1,1,3,0,3,3,3,3,0,1,3,2,2,1,1,0,2,1,1,1,1,1,2,2,0,2,2,2,2,2,3,3,2,2,3,3,3,3,3,2,2,3,3,3,0,0,0,0,0,0,0,0,0,0,0,0,0,0,3,2,2,0,2,0,3,3,3,3,3,2,2,2,2,2,3,3,3,2,3,3,0,3,3,2,2,3,3,1,3,3,0,2,2,3,2,2,3,3,2,2,2,2,2,2,3,3,3,3,2,2,2,3,2,2,3,2,2,2,3,3,2,2,1,1,2,2"
204,1.434599598732665,"0,0,3,3,2,1,3,2,1,0,1,0,2,0,3,1,3,3,2,3,3,2,2,2,2,2,3,3,2,3,3,1,1,1,1,1,1,3,3,3,3,2,3,3,3,1,1,0,0,3,3,3,3,3,3,2,2,2,3,2,2,2,3,2,3,2,2,2,2,1,1,3,3,2,2,3,3,1,1,2,2,2,2,2,2,3,2,2,2,3,3,3,3,3,1,1,2,3,3,3,2,2,2,3,2,2,2,3,3,3,3,2,2,3,3,0,3,3,3,2,2,2,2,3,0,3,1,1,1,3,3,3,3,0,2,1,1,3,2,2,2,2,3,0,2,2,2,2,3,0,1,1,1,1,3,0,3,3,3,3,0,1,3,2,2,1,1,0,2,1,1,1,1,1,2,2,0,2,2,2,2,2,3,3,2,2,3,3,3,3,3,2,2,3,3,3,0,0,0,0,0,0,0,0,0,0,0,0,0,0,3,2,2,0,2,0,3,3,3,3,3,2,2,2,2,2,3,3,3,2,3,3,0,3,3,2,2,3,3,1,3,3,0,2,2,3,2,2,3,3,2,2,2,2,2,2,3,3,3,3,2,2,2,3,2,2,3,2,2,2,3,3,2,2,1,1,2,2"
205,1.4349727130519319,"0,0,3,3,2,1,3,2,1,0,1,0,2,0,3,1,3,3,2,3,3,2,2,2,2,2,3,3,2,3,3,1,1,1,1,1,1,3,3,3,3,2,3,3,3,1,1,0,0,3,3,3,3,3,3,2,2,2,3,2,2,2,3,2,3,2,2,2,2,1,1,3,3,2,2,3,3,1,1,2,2,2,2,2,3,3,2,2,2,3,3,3,3,3,1,1,2,3,3,3,2,2,2,3,2,2,2,3,3,3,3,2,2,3,3,0,3,3,3,2,2,2,2,3,0,3,1,1,1,3,3,3,3,0,2,1,1,3,2,2,2,2,3,0,2,2,2,2,3,0,1,1,1,1,3,0,3,3,3,3,0,1,3,2,2,1,1,0,2,1,1,1,1,1,2,2,0,2,2,2,2,2,3,3,2,2,3,3,3,3,3,2,2,3,3,3,0,0,0,0,0,0,0,0,0,0,0,0,0,0,3,2,2,0,2,0,3,3,3,3,3,2,2,2,2,2,3,3,3,2,3,3,0,3,3,2,2,3,3,1,3,3,0,2,2,3,2,2,3,3,2,2,2,2,2,2,3,3,3,3,2,2,2,3,2,2,3,2,2,2,3,3,2,2,1,1,2,2"
206,1.4349727130519319,"0,0,3,3,2,1,3,2,1,0,1,0,2,0,3,1,3,3,2,3,3,2,2,2,2,2,3,3,2,3,3,1,1,1,1,1,1,3,3,3,3,2,3,3,3,1,1,0,0,3,3,3,3,3,3,2,2,2,3,2,2,2,3,2,3,2,2,2,2,1,1,3,3,2,2,3,3,1,1,2,2,2,2,2,3,3,2,2,2,3,3,3,3,3,1,1,2,3,3,3,2,2,2,3,2,2,2,3,3,3,3,2,2,3,3,0,3,3,3,2,2,2,2,3,0,3,1,1,1,3,3,3,3,0,2,1,1,3,2,2,2,2,3,0,2,2,2,2,3,0,1,1,1,1,3,0,3,3,3,3,0,1,3,2,2,1,1,0,2,1,1,1,1,1,2,2,0,2,2,2,2,2,3,3,2,2,3,3,3,3,3,2,2,3,3,3,0,0,0,0,0,0,0,0,0,0,0,0,0,0,3,2,2,0,2,0,3,3,3,3,3,2,2,2,2,2,3,3,3,2,3,3,0,3,3,2,2,3,3,1,3,3,0,2,2,3,2,2,3,3,2,2,2,2,2,2,3,3,3,3,2,2,2,3,2,2,3,2,2,2,3,3,2,2,1,1,2,2"
207,1.4349727130519319,"0,0,3,3,2,1,3,2,1,0,1,0,2,0,3,1,3,3,2,3,3,2,2,2,2,2,3,3,2,3,3,1,1,1,1,1,1,3,3,3,3,2,3,3,3,1,1,0,0,3,3,3,3,3,3,2,2,2,3,2,2,2,3,2,3,2,2,2,2,1,1,3,3,2,2,3,3,1,1,2,2,2,2,2,3,3,2,2,2,3,3,3,3,3,1,1,2,3,3,3,2,2,2,3,2,2,2,3,3,3,3,2,2,3,3,0,3,3,3,2,2,2,2,3,0,3,1,1,1,3,3,3,3,0,2,1,1,3,2,2,2,2,3,0,2,2,2,2,3,0,1,1,1,1,3,0,3,3,3,3,0,1,3,2,2,1,1,0,2,1,1,1,1,1,2,2,0,2,2,2,2,2,3,3,2,2,3,3,3,3,3,2,2,3,3,3,0,0,0,0,0,0,0,0,0,0,0,0,0,0,3,2,2,0,2,0,3,3,3,3,3,2,2,2,2,2,3,3,3,2,3,3,0,3,3,2,2,3,3,1,3,3,0,2,2,3,2,2,3,3,2,2,2,2,2,2,3,3,3,3,2,2,2,3,2,2,3,2,2,2,3,3,2,2,1,1,2,2"
208,1.4351990278424742,"0,0,3,3,2,1,3,2,1,0,1,0,2,0,3,1,3,3,2,3,3,2,2,2,2,2,3,3,2,3,3,1,1,1,1,1,1,3,3,3,3,2,3,3,3,1,1,0,0,3,3,3,3,3,3,2,2,2,3,2,2,2,3,3,3,2,2,2,2,1,1,3,3,2,2,3,3,1,1,2,2,2,2,2,3,3,2,2,2,3,3,3,3,3,1,1,2,3,3,3,2,2,2,3,2,2,2,3,3,3,3,2,2,3,3,0,3,3,3,2,2,2,2,3,0,3,1,1,1,3,3,3,3,0,2,1,1,2,2,2,2,2,3,0,2,2,2,2,3,0,1,1,1,1,3,0,3,3,3,3,0,1,3,2,2,1,1,0,2,1,1,1,1,1,2,2,0,2,2,2,2,2,3,3,2,2,3,3,3,3,3,2,2,3,3,3,0,0,0,0,0,0,0,0,0,0,0,0,0,0,3,2,2,0,2,0,3,3,3,3,3,2,2,2,2,2,3,3,3,2,3,3,0,3,3,2,2,3,3,1,3,3,0,2,2,3,2,2,3,3,2,2,2,2,2,2,3,3,3,3,2,2,2,3,2,2,3,2,2,2,3,3,2,2,1,1,2,2"
209,1.4351990278424742,"0,0,3,3,2,1,3,2,1,0,1,0,2,0,3,1,3,3,2,3,3,2,2,2,2,2,3,3,2,3,3,1,1,1,1,1,1,3,3,3,3,2,3,3,3,1,1,0,0,3,3,3,3,3,3,2,2,2,3,2,2,2,3,3,3,2,2,2,2,1,1,3,3,2,2,3,3,1,1,2,2,2,2,2,3,3,2,2,2,3,3,3,3,3,1,1,2,3,3,3,2,2,2,3,2,2,2,3,3,3,3,2,2,3,3,0,3,3,3,2,2,2,2,3,0,3,1,1,1,3,3,3,3,0,2,1,1,2,2,2,2,2,3,0,2,2,2,2,3,0,1,1,1,1,3,0,3,3,3,3,0,1,3,2,2,1,1,0,2,1,1,1,1,1,2,2,0,2,2,2,2,2,3,3,2,2,3,3,3,3,3,2,2,3,3,3,0,0,0,0,0,0,0,0,0,0,0,0,0,0,3,2,2,0,2,0,3,3,3,3,3,2,2,2,2,2,3,3,3,2,3,3,0,3,3,2,2,3,3,1,3,3,0,2,2,3,2,2,3,3,2,2,2,2,2,2,3,3,3,3,2,2,2,3,2,2,3,2,2,2,3,3,2,2,1,1,2,2"
210,1.4351990278424742,"0,0,3,3,2,1,3,2,1,0,1,0,2,0,3,1,3,3,2,3,3,2,2,2,2,2,3,3,2,3,3,1,1,1,1,1,1,3,3,3,3,2,3,3,3,1,1,0,0,3,3,3,3,3,3,2,2,2,3,2,2,2,3,3,3,2,2,2,2,1,1,3,3,2,2,3,3,1,1,2,2,2,2,2,3,3,2,2,2,3,3,3,3,3,1,1,2,3,3,3,2,2,2,3,2,2,2,3,3,3,3,2,2,3,3,0,3,3,3,2,2,2,2,3,0,3,1,1,1,3,3,3,3,0,2,1,1,2,2,2,2,2,3,0,2,2,2,2,3,0,1,1,1,1,3,0,3,3,3,3,0,1,3,2,2,1,1,0,2,1,1,1,1,1,2,2,0,2,2,2,2,2,3,3,2,2,3,3,3,3,3,2,2,3,3,3,0,0,0,0,0,0,0,0,0,0,0,0,0,0,3,2,2,0,2,0,3,3,3,3,3,2,2,2,2,2,3,3,3,2,3,3,0,3,3,2,2,3,3,1,3,3,0,2,2,3,2,2,3,3,2,2,2,2,2,2,3,3,3,3,2,2,2,3,2,2,3,2,2,2,3,3,2,2,1,1,2,2"
211,1.4344048628228885,"0,0,3,3,2,1,3,2,1,0,1,0,2,0,3,1,3,3,2,3,3,2,2,2,2,2,3,3,2,3,3,1,1,1,1,1,1,3,3,3,3,2,3,3,3,1,1,0,0,3,3,3,3,3,3,2,2,2,3,2,2,2,3,3,3,2,2,2,2,1,1,3,3,2,2,3,3,1,1,2,2,2,2,2,3,3,2,2,2,3,3,3,3,3,1,1,2,3,3,3,2,2,2,3,2,2,2,3,3,3,3,2,2,3,3,0,3,3,3,2,2,2,2,3,0,3,1,1,1,3,3,3,3,0,2,1,1,2,2,2,2,2,3,0,2,1,2,2,3,0,1,1,1,1,3,0,3,3,3,3,0,1,3,2,2,1,1,0,2,1,1,1,1,1,2,2,0,2,2,2,2,2,3,3,2,2,3,3,3,3,3,2,2,3,3,3,0,0,0,0,0,0,0,0,0,0,0,0,0,0,3,2,2,0,2,0,3,3,3,3,3,2,2,2,2,2,3,3,3,2,3,3,0,3,3,2,2,3,3,1,3,3,0,0,2,3,2,2,3,3,2,2,2,2,2,2,3,3,3,3,2,2,2,3,2,2,3,2,2,2,3,3,2,2,1,1,2,2"
212,1.4345401462903737,"0,0,3,3,2,1,3,2,1,0,1,0,2,0,3,1,3,3,2,3,3,2,2,2,2,2,3,3,2,3,3,1,1,1,1,1,1,3,3,3,3,2,3,3,3,1,1,0,0,3,3,3,3,3,3,2,2,2,3,2,2,2,3,3,3,2,2,2,2,1,1,3,3,2,2,3,3,1,1,2,2,2,2,2,3,3,2,2,2,3,3,3,3,3,1,1,2,3,3,3,2,2,2,3,2,2,2,3,3,3,3,2,2,3,3,0,3,3,3,2,2,2,2,3,0,3,1,1,1,3,3,3,3,0,2,1,1,2,2,2,2,2,3,0,2,2,2,2,3,0,1,1,1,1,3,0,3,3,3,3,0,1,3,2,2,1,1,0,2,1,1,1,1,1,2,2,0,2,2,2,2,2,3,3,2,2,3,3,3,3,3,2,0,3,3,3,0,0,0,0,0,0,0,0,0,0,0,0,0,0,3,2,2,0,2,0,3,3,3,3,3,2,2,2,2,2,3,3,3,2,3,3,0,3,3,2,2,3,3,1,3,3,0,0,2,3,2,2,3,3,2,2,2,2,2,2,3,3,3,3,2,2,2,3,2,2,3,2,2,2,3,3,2,2,1,1,2,2"
213,1.4352892715260268,"0,0,3,3,2,1,3,2,1,0,1,0,2,0,3,1,3,3,2,3,3,2,2,2,2,2,3,3,2,3,3,1,1,1,1,1,1,3,3,3,3,2,3,3,3,1,1,0,0,3,3,3,3,3,3,2,2,2,3,2,2,2,3,3,3,2,2,2,2,1,1,3,3,2,2,3,3,1,1,2,2,2,2,2,3,3,2,2,2,3,3,3,3,3,1,1,2,3,3,3,2,2,2,3,2,2,2,3,3,3,3,2,2,3,3,0,3,3,3,2,2,2,2,3,0,3,1,1,1,3,3,3,3,0,2,1,1,2,2,2,2,2,3,0,2,2,2,2,3,0,1,1,1,1,3,0,3,3,3,3,0,1,3,2,2,1,1,0,2,1,1,1,1,1,2,2,0,2,2,2,2,2,3,3,2,2,3,3,3,3,3,2,2,3,3,3,0,0,0,0,0,0,0,0,0,0,0,0,0,0,3,2,2,0,2,0,3,3,3,3,3,2,2,2,3,2,3,3,3,2,3,3,0,3,3,2,2,3,3,1,3,3,0,0,2,3,2,2,3,3,2,2,2,2,2,2,3,3,3,3,2,2,2,3,2,2,3,2,2,2,3,3,2,2,1,1,2,2"
214,1.435449960676084,"0,0,3,3,2,1,3,2,1,0,1,0,2,0,3,1,3,3,2,3,3,2,2,2,2,2,3,3,2,3,3,1,1,1,1,1,1,3,3,3,3,2,3,3,3,1,1,0,0,3,3,3,3,3,3,2,2,2,3,2,2,2,3,3,3,2,2,2,2,1,1,3,3,2,2,3,3,1,1,2,2,2,2,2,3,3,2,2,2,3,3,3,3,3,1,1,2,3,3,3,2,2,2,3,2,2,2,3,3,3,3,2,2,3,3,0,3,3,3,2,2,2,2,3,0,3,1,1,1,3,3,3,3,0,2,1,1,2,2,2,2,2,3,0,2,2,2,2,3,0,1,1,1,1,3,0,3,3,3,3,0,1,3,2,2,1,1,0,2,1,1,1,1,1,2,2,0,2,2,2,2,2,3,3,2,2,3,3,3,3,3,2,2,3,3,3,0,0,0,0,0,0,0,0,0,0,0,0,0,0,3,2,2,0,2,0,3,3,3,3,3,2,2,2,3,2,3,3,3,2,3,3,0,3,3,2,2,3,3,1,3,3,0,0,3,3,2,2,3,3,2,2,2,2,2,2,3,3,3,3,2,2,2,3,2,2,3,2,2,2,3,3,2,2,1,1,2,2"
215,1.4341579120850678,"0,0,3,3,2,1,3,2,1,0,1,0,2,0,3,1,3,3,2,3,3,2,2,2,2,2,3,3,2,3,3,1,1,1,1,1,1,3,3,3,3,2,3,3,3,1,1,0,0,3,3,3,3,3,3,2,2,2,3,2,2,2,3,3,3,2,2,2,2,1,1,3,3,2,2,3,3,1,1,2,2,2,2,2,3,3,2,2,2,3,3,3,3,3,1,1,2,3,3,3,2,2,2,3,2,2,2,3,3,3,3,2,2,3,3,0,3,3,3,2,2,2,2,3,0,3,1,1,1,3,3,3,3,0,2,1,1,3,2,2,2,2,3,0,2,2,2,2,3,0,1,1,1,0,3,0,3,3,3,3,0,1,3,2,2,1,1,0,2,1,1,1,1,1,2,2,0,2,2,2,2,2,3,3,2,2,3,3,3,3,3,2,2,3,3,3,0,0,0,0,0,0,0,0,0,0,0,0,0,0,3,2,2,0,2,0,3,3,3,3,3,2,2,2,2,2,3,3,3,2,3,3,0,3,3,2,2,3,3,1,3,3,1,0,2,3,2,2,3,3,2,2,2,2,2,2,3,3,3,3,2,2,2,3,2,2,3,2,2,2,3,3,2,2,1,1,2,2"
216,1.4347934487713427,"0,0,3,3,2,1,3,2,1,0,1,0,2,0,3,1,3,3,2,3,3,2,2,2,2,2,3,3,2,3,3,1,1,1,1,1,1,3,3,3,3,2,3,3,3,1,1,0,0,3,3,3,3,3,3,2,2,2,3,2,2,2,3,3,3,2,2,2,2,1,1,3,3,2,2,3,3,1,1,2,2,2,2,2,3,3,2,2,2,3,3,3,3,3,1,1,2,3,3,3,2,2,2,3,2,2,2,3,3,3,3,2,2,3,3,0,3,3,3,2,2,2,2,3,0,3,1,1,1,3,3,3,3,0,2,1,1,2,2,2,2,2,3,0,2,2,2,2,3,0,1,1,1,1,3,0,3,3,3,3,0,1,3,2,2,1,1,0,2,1,1,1,1,1,2,2,0,2,2,2,2,2,3,2,2,2,3,3,3,3,3,2,2,3,3,3,0,0,0,0,0,0,0,0,0,0,0,0,0,0,3,2,2,0,2,0,3,3,3,3,3,2,2,2,3,2,3,3,3,2,3,3,0,3,3,2,2,3,3,1,3,3,0,0,2,3,2,2,3,3,2,2,2,2,2,2,3,3,3,3,2,2,2,3,2,2,3,2,2,2,3,3,2,2,1,1,2,2"
217,1.435702320000218,"0,0,3,3,2,1,3,2,1,0,1,0,2,0,3,1,3,3,2,3,3,2,2,2,2,2,3,3,2,3,3,1,1,1,1,1,1,3,3,3,3,2,3,3,3,1,1,0,0,3,3,3,3,3,3,2,2,2,3,2,2,2,3,3,3,2,2,2,2,1,1,3,3,2,2,3,3,1,1,2,2,2,2,2,3,3,2,2,2,3,3,3,3,3,1,1,2,3,3,3,2,2,2,3,2,2,2,3,3,3,3,2,2,3,3,0,3,3,3,2,2,2,2,3,0,3,1,1,1,3,3,3,3,0,2,1,1,2,2,2,2,2,3,0,2,2,2,2,3,0,1,1,1,1,3,0,3,3,3,3,1,1,3,2,2,1,1,0,2,1,1,1,1,1,2,2,0,2,2,2,2,2,3,3,2,2,3,3,3,3,3,2,2,3,3,3,0,0,0,0,0,0,0,0,0,0,0,0,0,0,3,2,2,0,2,0,3,3,3,3,3,2,2,2,3,2,3,3,3,2,3,3,0,3,3,2,2,3,3,1,3,3,0,0,2,3,2,2,3,3,2,2,2,2,2,2,3,3,3,3,2,2,2,3,2,2,3,2,2,2,3,3,2,2,1,1,2,2"
218,1.436140194650635,"0,0,3,3,2,1,3,2,1,0,1,0,2,0,3,1,3,3,3,3,3,2,2,2,2,2,3,3,2,3,3,1,1,1,1,1,1,3,3,3,3,2,3,3,3,1,1,0,0,3,3,3,3,3,3,2,2,2,3,2,2,2,3,3,3,2,2,2,2,1,1,3,3,2,2,3,3,1,1,2,2,2,2,2,3,3,2,2,2,3,3,3,3,3,1,1,2,3,3,3,2,2,2,3,2,2,2,3,3,3,3,2,2,3,3,0,3,3,3,2,2,2,2,3,0,3,1,1,1,3,3,3,3,0,2,1,1,2,2,2,2,2,3,0,2,2,2,2,3,0,1,1,1,1,3,0,3,3,3,3,1,1,3,2,2,1,1,0,2,1,1,1,1,1,2,2,0,2,2,2,2,2,3,3,2,2,3,3,3,3,3,2,2,3,3,3,0,0,0,0,0,0,0,0,0,0,0,0,0,0,3,2,2,0,2,0,3,3,3,3,3,2,2,2,3,2,3,3,3,2,3,3,0,3,3,2,2,3,3,1,3,3,0,0,2,3,2,2,3,3,2,2,2,2,2,2,3,3,3,3,2,2,2,3,2,2,3,2,2,2,3,3,2,2,1,1,2,2"
219,1.4364868213462882,"0,0,3,3,2,1,3,2,1,0,1,0,2,0,3,1,3,3,3,3,3,2,2,2,2,2,3,3,2,3,3,1,1,1,1,1,1,3,3,3,3,2,3,3,3,1,1,0,0,3,3,3,3,3,3,2,2,2,3,2,2,2,3,3,3,2,2,2,2,1,1,3,3,2,2,3,3,1,1,2,2,2,2,2,3,3,2,2,2,3,3,3,3,3,1,1,2,3,3,3,2,2,2,3,2,2,2,3,3,3,3,2,2,3,3,0,3,3,3,2,2,2,2,3,0,3,1,1,1,3,3,3,3,0,2,1,1,2,2,2,2,2,3,0,2,2,2,2,3,0,1,1,1,1,3,0,3,3,3,3,1,1,3,2,2,1,1,0,2,1,1,1,1,1,2,2,0,2,2,2,2,2,3,3,2,2,3,3,3,3,3,2,2,3,3,3,0,0,0,0,0,0,0,0,0,0,0,0,0,0,3,3,2,0,2,0,3,3,3,3,3,2,2,2,3,2,3,3,3,2,3,3,0,3,3,2,2,3,3,1,3,3,0,0,2,3,2,2,3,3,2,2,2,2,2,2,3,3,3,3,2,2,2,3,2,2,3,2,2,2,3,3,2,2,1,1,2,2"
220,1.4366150813266276,"0,0,3,3,2,1,3,2,1,0,1,0,2,0,3,1,3,3,3,3,3,2,2,2,2,2,3,3,2,3,3,1,1,1,1,1,1,3,3,3,3,2,3,3,3,1,1,0,0,3,3,3,3,3,3,2,2,2,3,2,2,2,3,3,3,2,2,2,2,1,1,3,3,2,2,3,3,1,1,2,2,2,2,2,3,3,2,2,2,3,3,3,3,3,1,1,2,3,3,3,2,2,2,3,2,2,2,3,3,3,3,2,2,3,3,0,3,3,3,2,2,2,2,3,0,3,1,1,1,3,3,3,3,0,2,1,1,2,2,2,2,2,3,0,2,2,2,2,3,0,1,1,1,1,3,0,3,3,3,3,1,1,3,2,2,1,1,0,2,1,1,1,1,1,2,2,0,2,2,2,2,2,3,3,2,2,3,3,3,3,3,2,2,3,3,3,0,0,0,0,0,0,0,0,0,0,0,0,0,0,3,3,2,0,2,0,3,3,3,3,3,2,2,2,3,2,3,3,3,2,3,3,0,3,3,2,2,3,3,1,3,3,0,0,2,3,2,2,3,3,2,2,2,2,2,2,3,3,3,3,2,2,2,2,2,2,3,2,2,2,3,3,2,2,1,1,2,2"
221,1.4366488845856438,"0,0,3,3,2,1,3,2,1,0,1,0,2,0,3,1,3,3,3,3,3,2,2,2,2,2,3,3,2,3,3,1,1,1,1,1,1,3,3,3,3,2,3,3,3,1,1,0,0,3,3,3,3,3,3,2,2,2,3,2,2,2,3,3,3,2,2,2,2,1,1,3,3,2,2,3,3,1,1,2,2,2,2,2,3,3,2,2,2,3,3,3,3,3,1,1,2,3,3,3,2,2,2,3,2,2,2,3,3,3,3,2,2,3,3,0,3,3,3,2,2,2,2,3,0,3,1,1,1,3,3,3,3,0,2,1,1,2,2,2,2,2,3,0,2,2,2,2,3,0,1,1,1,1,3,0,3,3,3,2,1,1,3,2,2,1,1,0,2,1,1,1,1,1,2,2,0,2,2,2,2,2,3,3,2,2,3,3,3,3,3,2,2,3,3,3,0,0,0,0,0,0,0,0,0,0,0,0,0,0,3,3,2,0,2,0,3,3,3,3,3,2,2,2,3,2,3,3,3,2,3,3,0,3,3,2,2,3,3,1,3,3,0,0,2,3,2,2,3,3,2,2,2,2,2,2,3,3,3,3,2,2,2,2,2,2,3,2,2,2,3,3,2,2,1,1,2,2"
222,1.4369490844674977,"0,0,3,3,2,1,3,2,1,0,1,1,2,0,3,1,3,3,3,3,3,2,2,2,2,2,3,3,2,3,3,1,1,1,1,1,1,3,3,3,3,2,3,3,3,1,1,0,0,3,3,3,3,3,3,2,2,2,3,2,2,2,3,3,3,2,2,2,2,1,1,3,3,2,2,3,3,1,1,2,2,2,2,2,3,3,2,2,2,3,3,3,3,3,1,1,2,3,3,3,2,2,2,3,2,2,2,3,3,3,3,2,2,3,3,0,3,3,3,2,2,2,2,3,0,3,1,1,1,3,3,3,3,0,2,1,1,2,2,2,2,2,3,0,2,2,2,2,3,0,1,1,1,1,3,0,3,3,3,2,1,1,3,2,2,1,1,0,2,1,1,1,1,1,2,2,0,2,2,2,2,2,3,3,2,2,3,3,3,3,3,2,2,3,3,3,0,0,0,0,0,0,0,0,0,0,0,0,0,0,3,3,2,0,2,0,3,3,3,3,3,2,2,2,3,2,3,3,3,2,3,3,0,3,3,2,2,3,3,1,3,3,0,0,2,3,2,2,3,3,2,2,2,2,2,2,3,3,3,3,2,2,2,2,2,2,3,2,2,2,3,3,2,2,1,1,2,2"
223,1.43740022278976,"0,0,3,3,2,1,3,2,1,0,1,1,2,0,3,1,3,3,3,3,3,2,2,2,2,2,3,3,2,3,3,1,1,1,1,1,1,3,3,3,3,2,3,3,3,1,1,0,0,3,3,3,3,3,3,2,2,2,3,2,2,2,3,3,3,2,2,2,2,1,1,3,3,2,2,3,3,1,1,2,2,2,2,2,3,3,2,2,2,3,3,3,3,3,1,1,3,3,3,3,2,2,2,3,2,2,2,3,3,3,3,2,2,3,3,0,3,3,3,2,2,2,2,3,0,3,1,1,1,3,3,3,3,0,2,1,1,2,2,2,2,2,3,0,2,2,2,2,3,0,1,1,1,1,3,0,3,3,3,2,1,1,3,2,2,1,1,0,2,1,1,1,1,1,2,2,0,2,2,2,2,2,3,3,2,2,3,3,3,3,3,2,2,3,3,3,0,0,0,0,0,0,0,0,0,0,0,0,0,0,3,3,2,0,2,0,3,3,3,3,3,2,2,2,3,2,3,3,3,2,3,3,0,3,3,2,2,3,3,1,3,3,0,0,2,3,2,2,3,3,2,2,2,2,2,2,3,3,3,3,2,2,2,2,2,2,3,2,2,2,3,3,2,2,1,1,2,2"
224,1.43740022278976,"0,0,3,3,2,1,3,2,1,0,1,1,2,0,3,1,3,3,3,3,3,2,2,2,2,2,3,3,2,3,3,1,1,1,1,1,1,3,3,3,3,2,3,3,3,1,1,0,0,3,3,3,3,3,3,2,2,2,3,2,2,2,3,3,3,2,2,2,2,1,1,3,3,2,2,3,3,1,1,2,2,2,2,2,3,3,2,2,2,3,3,3,3,3,1,1,3,3,3,3,2,2,2,3,2,2,2,3,3,3,3,2,2,3,3,0,3,3,3,2,2,2,2,3,0,3,1,1,1,3,3,3,3,0,2,1,1,2,2,2,2,2,3,0,2,2,2,2,3,0,1,1,1,1,3,0,3,3,3,2,1,1,3,2,2,1,1,0,2,1,1,1,1,1,2,2,0,2,2,2,2,2,3,3,2,2,3,3,3,3,3,2,2,3,3,3,0,0,0,0,0,0,0,0,0,0,0,0,0,0,3,3,2,0,2,0,3,3,3,3,3,2,2,2,3,2,3,3,3,2,3,3,0,3,3,2,2,3,3,1,3,3,0,0,2,3,2,2,3,3,2,2,2,2,2,2,3,3,3,3,2,2,2,2,2,2,3,2,2,2,3,3,2,2,1,1,2,2"
225,1.43740022278976,"0,0,3,3,2,1,3,2,1,0,1,1,2,0,3,1,3,3,3,3,3,2,2,2,2,2,3,3,2,3,3,1,1,1,1,1,1,3,3,3,3,2,3,3,3,1,1,0,0,3,3,3,3,3,3,2,2,2,3,2,2,2,3,3,3,2,2,2,2,1,1,3,3,2,2,3,3,1,1,2,2,2,2,2,3,3,2,2,2,3,3,3,3,3,1,1,3,3,3,3,2,2,2,3,2,2,2,3,3,3,3,2,2,3,3,0,3,3,3,2,2,2,2,3,0,3,1,1,1,3,3,3,3,0,2,1,1,2,2,2,2,2,3,0,2,2,2,2,3,0,1,1,1,1,3,0,3,3,3,2,1,1,3,2,2,1,1,0,2,1,1,1,1,1,2,2,0,2,2,2,2,2,3,3,2,2,3,3,3,3,3,2,2,3,3,3,0,0,0,0,0,0,0,0,0,0,0,0,0,0,3,3,2,0,2,0,3,3,3,3,3,2,2,2,3,2,3,3,3,2,3,3,0,3,3,2,2,3,3,1,3,3,0,0,2,3,2,2,3,3,2,2,2,2,2,2,3,3,3,3,2,2,2,2,2,2,3,2,2,2,3,3,2,2,1,1,2,2"
226,1.4369136426519347,"0,0,3,3,2,1,3,2,1,0,1,1,2,0,3,1,3,3,3,3,3,2,2,2,2,2,3,3,2,3,3,1,1,1,1,1,1,3,3,3,3,2,3,3,3,1,1,0,0,3,3,3,3,3,3,2,2,2,3,2,2,2,3,3,3,2,2,2,2,1,1,3,3,2,2,3,3,1,1,2,2,2,2,2,3,3,2,2,2,3,3,3,3,3,1,1,3,3,3,3,2,2,2,3,0,2,2,3,3,3,3,2,2,3,3,0,3,3,3,2,2,2,2,3,0,3,1,1,1,3,3,3,3,0,2,1,1,2,2,2,2,2,3,0,2,2,2,2,3,0,1,1,1,1,3,0,3,3,3,2,1,1,3,2,2,1,1,0,2,1,1,1,1,1,2,2,0,2,2,2,2,2,3,3,2,2,3,3,3,3,3,2,2,3,3,3,0,0,0,0,0,0,0,0,0,0,0,0,0,0,3,3,2,0,2,0,3,3,3,3,3,2,2,2,3,2,3,3,3,2,3,3,0,3,3,2,2,3,3,1,3,3,0,0,2,3,2,2,3,3,2,2,1,2,2,2,3,3,3,3,2,2,2,2,2,2,3,2,2,2,3,3,2,2,1,1,2,2"
227,1.4371703557208488,"0,0,3,3,2,1,3,2,1,0,1,1,2,0,3,1,3,3,3,3,3,2,2,2,2,2,3,3,2,3,3,1,1,1,1,1,1,3,3,3,3,2,3,3,3,1,1,0,0,3,3,3,3,3,3,2,2,2,3,2,2,2,3,3,3,2,2,2,2,1,1,3,3,2,2,3,3,1,1,2,2,2,2,2,3,3,2,2,2,3,3,3,3,3,1,1,3,3,3,3,2,2,2,3,0,2,2,3,3,3,3,2,2,3,3,0,3,3,3,2,2,2,2,3,0,3,1,1,1,3,3,3,3,0,2,1,1,2,2,2,2,2,3,0,2,2,2,2,3,0,1,1,1,1,3,0,3,3,3,2,1,1,3,2,2,1,1,0,2,1,1,1,1,1,2,2,0,2,2,2,2,2,3,3,2,2,3,3,3,3,3,2,2,3,3,3,0,0,0,0,0,0,0,0,0,0,0,0,0,0,3,3,2,0,2,0,3,3,3,3,3,2,2,2,3,2,3,3,3,2,3,3,1,3,3,2,2,3,3,1,3,3,0,0,2,3,2,2,3,3,2,2,2,2,2,2,3,3,3,3,2,2,2,2,2,2,3,2,2,2,3,3,2,2,1,1,2,2"
228,1.4365402745292561,"0,0,3,3,2,1,3,2,1,0,1,1,2,0,3,1,3,3,3,3,3,2,2,2,2,2,3,3,2,3,3,1,1,1,1,1,1,3,3,3,3,2,3,3,3,1,1,0,0,3,3,3,3,3,3,2,2,2,3,2,2,2,3,3,3,2,2,2,2,1,1,3,3,2,2,3,3,1,1,2,2,2,2,2,3,3,2,2,2,3,3,3,3,3,1,1,3,3,3,3,2,2,2,3,0,2,2,3,3,3,3,2,2,3,3,1,3,3,3,2,2,2,2,3,0,3,1,1,1,3,3,3,3,0,2,1,1,2,2,2,2,2,3,0,2,2,2,2,3,0,1,1,1,1,3,0,3,3,3,2,1,1,3,2,2,1,1,0,2,1,1,1,1,1,2,2,0,2,2,2,2,2,3,3,2,2,3,3,3,3,3,2,2,3,3,3,0,0,0,0,0,0,0,0,0,0,0,0,0,0,3,3,2,0,2,0,3,3,3,3,3,2,2,2,3,2,3,3,3,2,3,3,1,3,3,2,2,3,3,1,3,3,0,0,2,3,2,2,3,3,2,2,2,2,2,2,3,3,3,3,2,2,2,2,2,2,3,2,2,2,3,3,2,2,1,1,2,2"
229,1.4370725332125396,"0,0,3,3,2,1,3,2,1,0,1,1,2,0,3,1,3,3,3,3,3,2,2,2,2,2,3,3,2,3,3,1,1,1,1,1,1,3,3,3,3,2,3,3,3,1,1,0,0,3,3,3,3,3,3,2,2,2,3,2,2,2,3,3,3,2,2,2,2,1,1,3,3,2,2,3,3,1,1,2,2,2,2,2,3,3,2,2,2,3,3,3,3,3,1,1,3,3,3,3,2,2,2,3,0,2,2,3,3,3,3,2,2,3,3,1,3,3,3,2,2,2,2,3,0,3,1,1,1,3,3,3,3,0,2,1,1,2,2,2,2,2,3,0,2,2,2,2,3,0,1,1,1,1,3,0,3,3,3,2,1,1,3,2,2,1,1,0,2,1,1,1,1,1,2,2,0,2,2,2,2,2,3,3,2,2,3,3,3,3,3,2,2,3,3,3,0,0,0,0,0,0,0,0,0,0,0,0,0,0,3,3,2,0,0,0,3,3,3,3,3,2,2,2,3,2,3,3,3,2,3,3,0,3,3,2,2,3,3,1,3,3,0,0,2,3,2,2,3,3,2,2,2,2,2,2,3,3,3,3,2,2,2,2,2,2,3,2,2,2,3,3,2,2,1,1,2,2"
230,1.4365818515528472,"0,0,3,3,2,1,3,2,1,0,1,1,2,0,3,1,3,3,3,3,3,2,2,2,2,2,3,3,2,3,3,1,1,1,1,1,1,3,3,3,3,2,3,3,3,1,1,0,0,3,3,3,3,3,3,2,2,2,3,2,2,2,3,3,3,2,2,2,2,1,1,3,3,2,2,3,3,1,1,2,2,2,2,2,3,3,2,2,2,3,3,3,3,3,1,1,3,3,3,3,2,2,2,3,0,2,2,3,3,3,3,2,2,3,3,1,3,3,3,2,2,2,2,3,0,3,1,1,1,3,3,3,3,0,2,1,1,2,2,2,2,2,3,0,2,2,2,2,3,0,1,1,1,1,3,0,3,3,3,2,1,1,3,2,2,1,1,0,2,0,1,1,1,1,2,2,0,2,2,2,2,2,3,3,2,2,3,3,3,3,3,2,2,3,3,3,0,0,0,0,0,0,0,0,0,0,0,0,0,0,3,3,2,0,0,0,3,3,3,3,3,2,2,2,3,2,3,3,3,2,3,3,0,3,3,2,2,3,3,1,3,3,0,0,2,3,2,2,3,3,2,2,2,2,2,2,3,3,3,3,2,2,2,2,2,2,3,2,2,2,3,3,2,2,1,1,2,2"
231,1.4371881104817577,"0,0,3,3,2,1,3,2,1,0,1,1,2,0,3,1,3,3,3,3,3,2,2,2,2,2,3,3,2,3,3,1,1,1,1,1,1,3,3,3,3,2,3,3,3,1,1,0,0,3,3,3,3,3,3,2,2,2,3,2,2,2,3,3,3,2,2,2,2,1,1,3,3,2,2,3,3,1,1,2,2,2,2,2,3,3,2,2,2,3,3,3,3,3,1,1,3,3,3,3,2,2,2,3,0,2,2,3,3,3,2,2,2,3,3,0,3,3,3,2,2,2,2,3,0,3,1,1,1,3,3,3,3,0,2,1,1,2,2,2,2,2,3,0,2,2,2,2,3,0,1,1,1,1,3,0,3,3,3,2,1,1,3,2,2,1,1,0,2,1,1,1,1,1,2,2,0,2,2,2,2,2,3,3,2,2,3,3,3,3,3,2,2,3,3,3,0,0,0,0,0,0,0,0,0,0,0,0,0,0,3,3,2,0,2,0,3,3,3,3,3,2,2,2,3,3,3,3,3,2,3,3,0,3,3,2,2,3,3,1,3,3,0,0,2,3,2,2,3,3,2,2,2,2,2,2,3,3,3,3,2,2,2,2,2,2,3,2,2,2,3,3,2,2,1,1,2,2"
232,1.436617263795103,"0,0,3,3,2,1,3,2,1,0,1,1,2,0,3,1,3,3,3,3,3,2,2,2,2,2,3,3,2,3,3,1,1,1,1,1,1,3,3,3,3,2,3,3,3,1,1,0,0,3,3,3,3,3,3,2,2,1,3,2,2,2,3,3,3,2,2,2,2,1,1,3,3,2,2,3,3,1,1,2,2,2,2,2,3,3,2,2,2,3,3,3,3,3,1,1,3,3,3,3,2,2,2,3,0,2,2,3,3,3,2,2,2,3,3,0,3,3,3,2,2,2,2,3,0,3,1,1,1,3,3,3,3,0,2,1,1,2,2,2,2,2,3,0,2,2,2,2,3,0,1,1,1,1,3,0,3,3,3,2,1,1,3,2,2,1,1,0,2,1,1,1,1,1,2,2,0,2,2,2,2,2,3,3,2,2,3,3,3,3,3,2,2,3,3,3,0,0,0,0,0,0,0,0,0,0,0,0,0,0,3,3,2,0,2,0,3,3,3,3,3,2,2,2,3,3,3,3,3,2,3,3,0,3,3,2,2,3,3,1,3,3,0,0,2,3,2,2,3,3,2,2,2,2,2,2,3,3,3,3,2,2,2,2,2,2,3,2,2,2,3,3,2,2,1,1,2,2"
233,1.436617263795103,"0,0,3,3,2,1,3,2,1,0,1,1,2,0,3,1,3,3,3,3,3,2,2,2,2,2,3,3,2,3,3,1,1,1,1,1,1,3,3,3,3,2,3,3,3,1,1,0,0,3,3,3,3,3,3,2,2,1,3,2,2,2,3,3,3,2,2,2,2,1,1,3,3,2,2,3,3,1,1,2,2,2,2,2,3,3,2,2,2,3,3,3,3,3,1,1,3,3,3,3,2,2,2,3,0,2,2,3,3,3,2,2,2,3,3,0,3,3,3,2,2,2,2,3,0,3,1,1,1,3,3,3,3,0,2,1,1,2,2,2,2,2,3,0,2,2,2,2,3,0,1,1,1,1,3,0,3,3,3,2,1,1,3,2,2,1,1,0,2,1,1,1,1,1,2,2,0,2,2,2,2,2,3,3,2,2,3,3,3,3,3,2,2,3,3,3,0,0,0,0,0,0,0,0,0,0,0,0,0,0,3,3,2,0,2,0,3,3,3,3,3,2,2,2,3,3,3,3,3,2,3,3,0,3,3,2,2,3,3,1,3,3,0,0,2,3,2,2,3,3,2,2,2,2,2,2,3,3,3,3,2,2,2,2,2,2,3,2,2,2,3,3,2,2,1,1,2,2"
234,1.4376830812299923,"0,0,3,3,2,1,3,2,1,0,1,1,2,0,3,1,3,3,3,3,3,2,2,2,2,2,3,3,2,3,3,1,1,1,1,1,1,3,3,3,3,2,3,3,3,1,1,0,0,3,3,3,3,3,3,2,2,2,3,2,2,2,3,3,3,2,2,2,2,1,1,3,3,2,2,3,3,1,1,2,2,2,2,2,3,3,2,2,2,3,3,3,3,3,1,1,3,3,3,3,2,2,2,3,0,2,2,3,3,3,3,2,2,3,3,0,3,3,3,2,2,2,2,3,0,3,1,1,1,3,3,3,3,0,2,1,1,2,2,2,2,2,3,0,2,2,2,2,3,0,1,1,1,1,3,0,3,3,3,2,1,1,3,2,2,1,1,0,2,1,1,1,1,1,2,2,0,2,2,2,2,2,3,3,2,2,3,3,3,3,3,2,2,3,3,3,0,0,0,0,0,0,0,0,0,0,0,0,0,0,3,3,2,0,2,0,3,3,3,3,3,2,2,2,3,3,3,3,3,2,3,3,0,3,3,2,2,3,3,1,3,3,0,0,2,3,2,2,3,3,2,2,2,2,2,2,3,3,3,3,2,2,2,2,2,2,3,2,2,2,3,3,2,2,1,1,2,2"
235,1.4376830812299923,"0,0,3,3,2,1,3,2,1,0,1,1,2,0,3,1,3,3,3,3,3,2,2,2,2,2,3,3,2,3,3,1,1,1,1,1,1,3,3,3,3,2,3,3,3,1,1,0,0,3,3,3,3,3,3,2,2,2,3,2,2,2,3,3,3,2,2,2,2,1,1,3,3,2,2,3,3,1,1,2,2,2,2,2,3,3,2,2,2,3,3,3,3,3,1,1,3,3,3,3,2,2,2,3,0,2,2,3,3,3,3,2,2,3,3,0,3,3,3,2,2,2,2,3,0,3,1,1,1,3,3,3,3,0,2,1,1,2,2,2,2,2,3,0,2,2,2,2,3,0,1,1,1,1,3,0,3,3,3,2,1,1,3,2,2,1,1,0,2,1,1,1,1,1,2,2,0,2,2,2,2,2,3,3,2,2,3,3,3,3,3,2,2,3,3,3,0,0,0,0,0,0,0,0,0,0,0,0,0,0,3,3,2,0,2,0,3,3,3,3,3,2,2,2,3,3,3,3,3,2,3,3,0,3,3,2,2,3,3,1,3,3,0,0,2,3,2,2,3,3,2,2,2,2,2,2,3,3,3,3,2,2,2,2,2,2,3,2,2,2,3,3,2,2,1,1,2,2"
236,1.4376830812299923,"0,0,3,3,2,1,3,2,1,0,1,1,2,0,3,1,3,3,3,3,3,2,2,2,2,2,3,3,2,3,3,1,1,1,1,1,1,3,3,3,3,2,3,3,3,1,1,0,0,3,3,3,3,3,3,2,2,2,3,2,2,2,3,3,3,2,2,2,2,1,1,3,3,2,2,3,3,1,1,2,2,2,2,2,3,3,2,2,2,3,3,3,3,3,1,1,3,3,3,3,2,2,2,3,0,2,2,3,3,3,3,2,2,3,3,0,3,3,3,2,2,2,2,3,0,3,1,1,1,3,3,3,3,0,2,1,1,2,2,2,2,2,3,0,2,2,2,2,3,0,1,1,1,1,3,0,3,3,3,2,1,1,3,2,2,1,1,0,2,1,1,1,1,1,2,2,0,2,2,2,2,2,3,3,2,2,3,3,3,3,3,2,2,3,3,3,0,0,0,0,0,0,0,0,0,0,0,0,0,0,3,3,2,0,2,0,3,3,3,3,3,2,2,2,3,3,3,3,3,2,3,3,0,3,3,2,2,3,3,1,3,3,0,0,2,3,2,2,3,3,2,2,2,2,2,2,3,3,3,3,2,2,2,2,2,2,3,2,2,2,3,3,2,2,1,1,2,2"
237,1.4378265587213144,"0,0,3,3,2,1,3,2,1,0,1,1,2,0,3,1,3,3,3,3,3,2,2,2,2,2,3,3,2,3,3,1,1,1,1,1,1,3,3,3,3,2,3,3,3,1,1,0,0,3,3,3,3,3,3,2,2,3,3,2,2,2,3,3,3,2,2,2,2,1,1,3,3,2,2,3,3,1,1,2,2,2,2,2,3,3,2,2,2,3,3,3,3,3,1,1,3,3,3,3,2,2,2,3,0,2,2,3,3,3,3,2,2,3,3,0,3,3,3,2,2,2,2,3,0,3,1,1,1,3,3,3,3,0,2,1,1,2,2,2,2,2,3,0,2,2,2,2,3,0,1,1,1,1,3,0,3,3,3,2,1,1,3,2,2,1,1,0,2,1,1,1,1,1,2,2,0,2,2,2,2,2,3,3,2,2,3,3,3,3,3,2,2,3,3,3,0,0,0,0,0,0,0,0,0,0,0,0,0,0,3,3,2,0,2,0,3,3,3,3,3,2,2,2,3,3,3,3,3,2,3,3,3,3,3,2,2,3,3,1,3,3,0,0,2,3,2,2,3,3,2,2,2,2,2,2,3,3,3,3,2,2,2,2,2,2,3,2,2,2,3,3,2,2,1,1,2,2"
238,1.4379382697192784,"0,0,3,3,2,1,3,2,1,0,1,1,2,0,3,1,3,3,3,3,3,2,2,2,2,2,3,3,2,3,3,1,1,1,1,1,1,3,3,3,3,2,3,3,3,1,1,0,0,3,3,3,3,3,3,2,2,3,3,2,2,2,3,3,3,2,2,2,2,1,1,3,3,2,2,3,3,1,1,2,2,2,2,2,3,3,2,2,2,3,3,3,3,3,1,1,3,3,3,3,2,2,2,3,0,2,2,3,3,3,3,2,2,3,3,0,3,3,3,2,2,2,2,3,0,3,1,1,1,3,3,3,3,0,2,1,1,2,2,2,2,2,3,0,2,2,2,2,3,0,1,1,1,1,3,0,3,3,3,2,1,1,3,2,2,1,1,0,2,1,1,1,1,1,2,2,0,2,2,2,2,2,3,3,2,2,3,3,3,3,3,2,2,3,3,3,0,0,0,0,0,0,0,0,0,0,0,0,0,0,3,3,2,0,2,0,3,3,3,0,3,2,2,2,3,3,3,3,3,2,3,3,3,3,3,2,2,3,3,1,3,3,0,0,2,3,2,2,3,3,2,2,2,2,2,2,3,3,3,3,2,2,2,2,2,2,3,2,2,2,3,3,2,2,1,1,2,2"
239,1.4377191205316648,"0,0,3,3,2,1,3,2,1,0,1,1,2,0,3,1,3,3,3,3,3,2,2,2,2,2,3,3,2,3,3,1,1,1,1,1,1,3,3,3,3,2,3,3,3,1,1,0,0,3,3,3,3,3,3,2,2,3,3,2,2,2,3,3,3,2,2,2,2,1,1,3,3,2,2,3,3,1,1,2,2,2,2,2,3,3,2,2,2,3,3,3,3,3,1,1,3,3,3,3,2,2,2,3,0,2,2,3,3,3,3,2,2,3,3,0,3,3,3,2,2,2,2,3,0,3,1,1,1,3,3,3,3,0,2,1,1,2,2,2,2,2,3,0,2,2,2,2,3,3,1,1,1,1,3,0,3,3,3,2,1,1,3,2,2,1,1,0,2,1,1,1,1,1,2,2,0,0,2,2,2,2,3,3,2,2,3,3,3,3,3,2,2,3,3,3,0,0,0,0,0,0,0,0,0,0,0,0,0,0,3,3,2,0,2,0,3,3,3,0,3,2,2,2,3,3,3,3,3,2,3,3,3,3,3,2,2,3,3,1,3,3,0,0,2,3,2,2,3,3,2,2,2,2,2,2,3,3,3,3,2,2,2,0,2,2,3,2,2,2,3,3,2,2,1,1,2,2"
240,1.438053587202873,"0,0,3,3,2,1,3,2,1,0,1,1,2,0,3,1,3,3,3,3,3,2,2,2,2,2,3,3,2,3,3,1,1,1,1,1,1,3,3,3,3,2,3,3,3,1,1,0,0,3,3,3,3,3,3,2,2,3,3,2,2,2,3,3,3,2,2,2,2,1,1,3,3,2,2,3,3,1,1,2,2,2,2,2,3,3,2,2,2,3,3,3,3,3,1,1,3,3,3,3,2,2,2,3,0,2,2,3,3,3,3,2,2,3,3,0,3,3,3,2,2,2,2,3,0,3,1,1,1,3,3,3,3,0,2,1,1,2,2,2,2,2,3,0,2,2,2,2,3,3,1,1,1,1,3,0,3,3,3,2,1,1,3,2,2,1,1,0,2,1,1,1,1,1,2,2,0,0,2,2,2,2,3,3,2,2,3,3,3,3,3,2,2,3,3,3,0,0,0,0,0,0,0,0,0,0,0,0,0,0,3,3,2,0,2,0,3,3,3,0,3,2,2,2,3,3,3,3,3,2,3,3,3,3,3,2,2,3,3,1,3,3,0,0,2,3,2,2,3,3,2,2,2,2,2,2,3,3,3,3,2,2,2,2,2,2,3,2,2,2,3,3,2,2,1,1,2,2"
241,1.438150719130596,"0,0,3,3,2,1,3,2,1,0,1,1,2,0,3,1,3,3,3,3,3,2,2,2,2,2,3,3,2,3,3,1,1,1,1,1,1,3,3,3,3,2,3,3,3,1,1,0,0,3,3,3,3,3,3,2,2,3,3,2,2,2,3,3,3,2,2,2,2,1,1,3,3,2,2,3,3,1,1,2,2,2,2,2,3,3,2,2,2,3,3,3,3,3,1,1,3,3,3,3,2,2,2,3,0,2,2,3,3,3,3,2,2,3,3,0,3,3,3,2,2,2,2,3,0,3,1,1,1,3,3,3,3,0,2,1,1,2,2,2,2,2,3,0,2,2,2,2,3,3,1,1,1,1,3,0,3,3,3,2,1,1,3,2,2,1,1,0,2,1,1,1,1,1,2,2,0,2,2,2,2,2,3,3,2,2,3,3,3,3,3,2,2,3,3,3,0,0,0,0,0,0,0,0,0,0,0,0,0,0,3,3,2,0,2,0,3,3,3,0,3,2,2,2,3,3,3,3,3,2,3,3,3,3,3,2,2,3,3,1,3,3,0,0,2,3,2,2,3,3,2,2,2,2,2,2,3,3,3,3,2,2,2,2,2,2,3,2,2,2,3,3,2,2,1,1,2,2"
242,1.438150719130596,"0,0,3,3,2,1,3,2,1,0,1,1,2,0,3,1,3,3,3,3,3,2,2,2,2,2,3,3,2,3,3,1,1,1,1,1,1,3,3,3,3,2,3,3,3,1,1,0,0,3,3,3,3,3,3,2,2,3,3,2,2,2,3,3,3,2,2,2,2,1,1,3,3,2,2,3,3,1,1,2,2,2,2,2,3,3,2,2,2,3,3,3,3,3,1,1,3,3,3,3,2,2,2,3,0,2,2,3,3,3,3,2,2,3,3,0,3,3,3,2,2,2,2,3,0,3,1,1,1,3,3,3,3,0,2,1,1,2,2,2,2,2,3,0,2,2,2,2,3,3,1,1,1,1,3,0,3,3,3,2,1,1,3,2,2,1,1,0,2,1,1,1,1,1,2,2,0,2,2,2,2,2,3,3,2,2,3,3,3,3,3,2,2,3,3,3,0,0,0,0,0,0,0,0,0,0,0,0,0,0,3,3,2,0,2,0,3,3,3,0,3,2,2,2,3,3,3,3,3,2,3,3,3,3,3,2,2,3,3,1,3,3,0,0,2,3,2,2,3,3,2,2,2,2,2,2,3,3,3,3,2,2,2,2,2,2,3,2,2,2,3,3,2,2,1,1,2,2"
243,1.4376503688568254,"0,0,3,3,2,1,3,2,1,0,1,1,2,0,3,1,3,3,3,3,3,2,2,2,2,2,3,3,2,3,3,1,1,1,1,1,1,3,3,3,3,2,3,3,3,1,1,0,0,3,3,3,3,3,3,2,2,3,3,2,2,2,3,3,3,2,2,2,2,1,1,3,3,2,2,3,3,1,1,2,2,2,2,2,3,3,2,2,2,3,3,3,3,3,1,1,3,3,3,3,2,2,2,3,0,2,2,3,3,3,3,2,2,3,3,0,3,3,3,2,2,2,2,3,0,3,1,1,1,3,3,3,3,0,2,1,1,2,2,2,2,2,3,0,2,2,2,2,3,3,1,1,1,1,3,0,3,3,3,2,1,1,3,2,2,1,1,0,2,1,1,1,1,1,2,2,0,2,2,2,2,2,3,3,2,2,3,3,3,3,3,2,2,3,3,3,0,0,0,0,0,0,0,0,0,0,0,0,0,0,3,3,2,0,2,0,3,3,3,0,3,2,2,2,3,3,3,3,3,2,3,3,3,3,3,2,2,3,3,1,3,3,0,0,3,3,2,2,3,1,2,2,2,2,2,2,3,3,3,3,2,2,2,2,2,2,3,2,2,2,3,3,2,2,1,1,2,2"
244,1.4376503688568254,"0,0,3,3,2,1,3,2,1,0,1,1,2,0,3,1,3,3,3,3,3,2,2,2,2,2,3,3,2,3,3,1,1,1,1,1,1,3,3,3,3,2,3,3,3,1,1,0,0,3,3,3,3,3,3,2,2,3,3,2,2,2,3,3,3,2,2,2,2,1,1,3,3,2,2,3,3,1,1,2,2,2,2,2,3,3,2,2,2,3,3,3,3,3,1,1,3,3,3,3,2,2,2,3,0,2,2,3,3,3,3,2,2,3,3,0,3,3,3,2,2,2,2,3,0,3,1,1,1,3,3,3,3,0,2,1,1,2,2,2,2,2,3,0,2,2,2,2,3,3,1,1,1,1,3,0,3,3,3,2,1,1,3,2,2,1,1,0,2,1,1,1,1,1,2,2,0,2,2,2,2,2,3,3,2,2,3,3,3,3,3,2,2,3,3,3,0,0,0,0,0,0,0,0,0,0,0,0,0,0,3,3,2,0,2,0,3,3,3,0,3,2,2,2,3,3,3,3,3,2,3,3,3,3,3,2,2,3,3,1,3,3,0,0,3,3,2,2,3,1,2,2,2,2,2,2,3,3,3,3,2,2,2,2,2,2,3,2,2,2,3,3,2,2,1,1,2,2"
245,1.4383913593970679,"0,0,3,3,2,1,3,2,1,0,1,1,2,0,3,1,3,3,3,3,3,2,2,2,2,2,3,3,2,3,3,1,1,1,1,1,1,3,3,3,3,2,3,3,3,1,1,0,0,3,3,3,3,3,3,2,2,3,3,2,2,2,3,3,3,2,2,2,2,1,1,3,3,2,2,3,3,1,1,2,2,2,2,2,3,3,2,2,2,3,3,3,3,3,1,1,3,3,3,3,2,2,2,3,0,2,2,3,3,3,3,2,2,3,3,0,3,3,3,2,2,2,2,3,0,3,1,1,1,3,3,3,3,0,2,1,1,2,2,2,2,2,3,0,2,2,2,2,3,3,1,1,1,1,3,0,3,3,3,2,1,1,3,2,2,1,1,0,2,1,1,1,1,1,2,2,0,2,2,2,2,2,3,3,2,2,3,3,3,3,3,2,2,3,3,3,0,0,0,0,0,0,0,0,0,0,0,0,0,0,3,3,2,0,2,0,3,3,3,0,3,2,2,2,3,3,3,3,3,2,3,3,3,3,3,2,2,3,3,1,3,3,0,0,3,3,2,2,3,3,2,2,2,2,2,2,3,3,3,3,2,2,2,2,2,2,3,3,2,2,3,3,2,2,1,1,2,2"
246,1.4385091720781902,"0,0,3,3,2,1,3,2,1,0,1,1,2,0,3,1,3,3,3,3,3,2,2,2,2,2,3,3,2,3,3,1,1,1,1,1,1,3,3,3,3,2,3,3,3,1,1,0,0,3,3,3,3,3,3,2,2,3,3,2,2,2,3,3,3,2,2,2,2,1,1,3,3,2,2,3,3,1,1,2,2,2,2,2,3,3,2,2,2,3,3,3,3,3,1,1,3,3,3,3,2,2,2,3,0,2,2,3,3,3,3,2,2,3,3,0,3,3,3,2,2,2,2,3,0,3,1,1,1,3,3,3,3,0,2,1,1,2,2,2,2,2,3,0,2,2,2,2,3,3,1,1,1,1,3,0,3,3,3,2,1,1,3,2,2,1,1,0,2,1,1,1,1,1,2,2,0,2,2,2,2,2,3,3,2,2,3,3,3,3,3,2,2,3,3,3,0,0,0,0,0,0,0,0,0,0,0,0,0,0,3,3,2,0,2,0,3,3,3,0,3,2,2,2,0,3,3,3,3,2,3,3,3,3,3,2,2,3,3,1,3,3,0,0,3,3,2,2,3,3,2,2,2,2,2,2,3,3,3,3,2,2,2,2,2,2,3,3,2,2,3,3,2,2,1,1,2,2"
247,1.4385091720781902,"0,0,3,3,2,1,3,2,1,0,1,1,2,0,3,1,3,3,3,3,3,2,2,2,2,2,3,3,2,3,3,1,1,1,1,1,1,3,3,3,3,2,3,3,3,1,1,0,0,3,3,3,3,3,3,2,2,3,3,2,2,2,3,3,3,2,2,2,2,1,1,3,3,2,2,3,3,1,1,2,2,2,2,2,3,3,2,2,2,3,3,3,3,3,1,1,3,3,3,3,2,2,2,3,0,2,2,3,3,3,3,2,2,3,3,0,3,3,3,2,2,2,2,3,0,3,1,1,1,3,3,3,3,0,2,1,1,2,2,2,2,2,3,0,2,2,2,2,3,3,1,1,1,1,3,0,3,3,3,2,1,1,3,2,2,1,1,0,2,1,1,1,1,1,2,2,0,2,2,2,2,2,3,3,2,2,3,3,3,3,3,2,2,3,3,3,0,0,0,0,0,0,0,0,0,0,0,0,0,0,3,3,2,0,2,0,3,3,3,0,3,2,2,2,0,3,3,3,3,2,3,3,3,3,3,2,2,3,3,1,3,3,0,0,3,3,2,2,3,3,2,2,2,2,2,2,3,3,3,3,2,2,2,2,2,2,3,3,2,2,3,3,2,2,1,1,2,2"
248,1.4387560193283453,"0,0,3,3,2,1,3,2,1,0,1,1,2,0,3,1,3,3,3,3,3,2,2,2,2,2,3,3,2,3,3,1,1,1,1,1,1,3,3,3,3,2,3,3,3,1,1,0,0,3,3,3,3,3,3,2,2,3,3,2,2,2,3,3,3,2,2,2,2,1,1,3,3,2,2,3,3,1,1,2,2,2,2,2,3,3,2,2,2,3,3,3,3,3,1,1,3,3,3,3,2,2,2,3,0,2,2,3,3,3,3,2,2,3,3,3,3,3,3,2,2,2,2,3,0,3,1,1,1,3,3,3,3,0,2,1,1,2,2,2,2,2,3,0,2,2,2,2,3,3,1,1,1,1,3,0,3,3,3,2,1,1,3,2,2,1,1,0,2,1,1,1,1,1,2,2,0,2,2,2,2,2,3,3,2,2,3,3,3,3,3,2,2,3,3,3,0,0,0,0,0,0,0,0,0,0,0,0,0,0,3,3,2,0,2,0,3,3,3,0,3,2,2,2,0,3,3,3,3,2,3,3,3,3,3,2,2,3,3,1,3,3,0,0,3,3,2,2,3,3,2,2,2,2,2,2,3,3,3,3,2,2,2,2,2,2,3,3,2,2,3,3,2,2,1,1,2,2"
249,1.4387560193283453,"0,0,3,3,2,1,3,2,1,0,1,1,2,0,3,1,3,3,3,3,3,2,2,2,2,2,3,3,2,3,3,1,1,1,1,1,1,3,3,3,3,2,3,3,3,1,1,0,0,3,3,3,3,3,3,2,2,3,3,2,2,2,3,3,3,2,2,2,2,1,1,3,3,2,2,3,3,1,1,2,2,2,2,2,3,3,2,2,2,3,3,3,3,3,1,1,3,3,3,3,2,2,2,3,0,2,2,3,3,3,3,2,2,3,3,3,3,3,3,2,2,2,2,3,0,3,1,1,1,3,3,3,3,0,2,1,1,2,2,2,2,2,3,0,2,2,2,2,3,3,1,1,1,1,3,0,3,3,3,2,1,1,3,2,2,1,1,0,2,1,1,1,1,1,2,2,0,2,2,2,2,2,3,3,2,2,3,3,3,3,3,2,2,3,3,3,0,0,0,0,0,0,0,0,0,0,0,0,0,0,3,3,2,0,2,0,3,3,3,0,3,2,2,2,0,3,3,3,3,2,3,3,3,3,3,2,2,3,3,1,3,3,0,0,3,3,2,2,3,3,2,2,2,2,2,2,3,3,3,3,2,2,2,2,2,2,3,3,2,2,3,3,2,2,1,1,2,2"
250,1.4375262785921703,"0,0,3,3,2,1,3,2,1,0,1,1,2,0,3,1,3,3,3,3,3,2,2,2,2,2,3,3,2,3,3,1,1,1,1,1,1,3,3,3,3,2,3,3,3,1,1,0,0,3,3,3,3,3,3,2,2,3,3,2,2,2,3,3,3,2,2,2,2,1,1,3,3,2,2,3,3,1,1,2,2,2,2,2,3,3,2,2,2,3,3,3,3,3,1,1,3,3,3,3,2,2,2,3,0,2,2,3,3,3,3,2,2,3,3,3,3,3,3,2,2,2,2,3,0,3,1,1,1,3,3,3,3,0,2,1,1,2,2,2,2,2,3,0,2,2,2,2,3,3,1,1,1,1,3,0,3,3,3,2,1,1,3,2,3,1,1,0,2,1,1,1,1,1,2,2,0,2,2,2,2,2,3,3,2,2,3,3,3,3,3,2,2,3,3,3,0,0,0,0,0,0,0,0,0,0,0,0,0,0,3,0,0,0,2,0,3,3,3,0,0,2,2,2,0,3,3,3,3,2,3,3,3,3,3,2,2,3,3,1,3,2,0,0,3,3,2,2,3,3,2,2,2,2,2,2,3,3,3,3,2,2,2,2,2,2,3,3,2,2,3,3,2,2,1,1,2,2"
251,1.4389079881831686,"0,0,3,3,2,1,3,2,1,0,1,1,2,0,3,1,3,3,3,3,3,2,2,2,2,2,3,3,2,3,3,1,1,1,1,1,1,3,3,3,3,2,3,3,3,1,1,0,0,3,3,3,3,3,3,2,2,3,3,2,2,2,3,3,3,2,2,2,2,1,1,3,3,2,2,3,3,1,1,2,2,2,2,2,3,3,2,2,2,3,3,3,3,3,1,1,3,3,3,3,2,2,2,3,0,2,2,3,3,3,3,2,2,3,3,3,3,3,3,2,2,2,2,3,0,3,1,1,1,3,3,3,3,0,2,1,1,2,2,2,2,2,3,0,2,2,2,2,3,3,1,1,1,1,3,0,3,3,3,2,1,1,3,2,3,1,1,0,2,1,1,1,1,1,2,2,0,2,2,2,2,2,3,3,2,2,3,3,3,3,3,2,2,3,3,3,0,0,0,0,0,0,0,0,0,0,0,0,0,0,3,3,0,0,2,0,3,3,3,0,3,2,2,2,0,3,3,3,3,2,3,3,3,3,3,2,2,3,3,1,3,3,0,0,3,3,2,2,3,3,2,2,2,2,2,2,3,3,3,3,2,2,2,2,2,2,3,3,2,2,3,3,2,2,1,1,2,2"
252,1.4389079881831686,"0,0,3,3,2,1,3,2,1,0,1,1,2,0,3,1,3,3,3,3,3,2,2,2,2,2,3,3,2,3,3,1,1,1,1,1,1,3,3,3,3,2,3,3,3,1,1,0,0,3,3,3,3,3,3,2,2,3,3,2,2,2,3,3,3,2,2,2,2,1,1,3,3,2,2,3,3,1,1,2,2,2,2,2,3,3,2,2,2,3,3,3,3,3,1,1,3,3,3,3,2,2,2,3,0,2,2,3,3,3,3,2,2,3,3,3,3,3,3,2,2,2,2,3,0,3,1,1,1,3,3,3,3,0,2,1,1,2,2,2,2,2,3,0,2,2,2,2,3,3,1,1,1,1,3,0,3,3,3,2,1,1,3,2,3,1,1,0,2,1,1,1,1,1,2,2,0,2,2,2,2,2,3,3,2,2,3,3,3,3,3,2,2,3,3,3,0,0,0,0,0,0,0,0,0,0,0,0,0,0,3,3,0,0,2,0,3,3,3,0,3,2,2,2,0,3,3,3,3,2,3,3,3,3,3,2,2,3,3,1,3,3,0,0,3,3,2,2,3,3,2,2,2,2,2,2,3,3,3,3,2,2,2,2,2,2,3,3,2,2,3,3,2,2,1,1,2,2"
253,1.4389079881831686,"0,0,3,3,2,1,3,2,1,0,1,1,2,0,3,1,3,3,3,3,3,2,2,2,2,2,3,3,2,3,3,1,1,1,1,1,1,3,3,3,3,2,3,3,3,1,1,0,0,3,3,3,3,3,3,2,2,3,3,2,2,2,3,3,3,2,2,2,2,1,1,3,3,2,2,3,3,1,1,2,2,2,2,2,3,3,2,2,2,3,3,3,3,3,1,1,3,3,3,3,2,2,2,3,0,2,2,3,3,3,3,2,2,3,3,3,3,3,3,2,2,2,2,3,0,3,1,1,1,3,3,3,3,0,2,1,1,2,2,2,2,2,3,0,2,2,2,2,3,3,1,1,1,1,3,0,3,3,3,2,1,1,3,2,3,1,1,0,2,1,1,1,1,1,2,2,0,2,2,2,2,2,3,3,2,2,3,3,3,3,3,2,2,3,3,3,0,0,0,0,0,0,0,0,0,0,0,0,0,0,3,3,0,0,2,0,3,3,3,0,3,2,2,2,0,3,3,3,3,2,3,3,3,3,3,2,2,3,3,1,3,3,0,0,3,3,2,2,3,3,2,2,2,2,2,2,3,3,3,3,2,2,2,2,2,2,3,3,2,2,3,3,2,2,1,1,2,2"
254,1.4383326578118008,"0,0,3,3,2,1,3,2,1,0,1,1,2,0,3,1,3,3,3,3,3,2,2,2,2,2,3,3,2,3,3,1,1,1,1,1,1,3,3,3,3,2,3,3,3,1,1,0,0,3,3,3,3,3,3,2,2,3,3,2,2,2,3,3,3,2,2,2,2,1,1,3,3,2,2,3,3,1,1,2,2,2,2,2,3,3,2,2,2,3,3,3,3,3,1,1,3,3,3,3,2,2,2,3,0,2,2,3,3,3,3,2,2,3,3,3,3,3,3,2,2,2,2,3,0,3,1,1,1,3,3,3,3,0,2,1,1,2,2,2,2,2,3,0,2,2,2,2,3,3,1,1,1,1,3,0,3,3,3,2,1,1,2,2,3,1,1,0,2,1,1,1,1,1,2,2,0,2,2,2,2,2,3,3,2,2,3,3,3,3,3,2,2,3,3,3,0,0,0,0,0,0,0,0,0,0,0,0,0,0,3,3,0,0,2,0,3,3,3,0,3,2,2,2,0,3,3,3,3,2,3,3,3,3,3,2,2,3,3,1,3,3,0,0,1,3,2,2,3,3,2,2,2,2,2,2,3,3,3,3,2,2,2,2,2,2,3,3,2,2,3,3,2,2,1,1,2,2"
255,1.43891019452255,"0,0,3,3,2,1,3,2,1,0,1,1,2,0,3,1,3,3,3,3,3,2,2,2,2,2,3,3,2,3,3,1,1,1,1,1,1,3,3,3,3,2,3,3,3,1,1,0,0,3,3,3,3,3,3,2,2,3,3,2,2,2,3,3,3,2,2,2,2,1,1,3,3,2,2,3,3,1,1,2,2,2,2,2,3,3,2,2,2,3,3,3,3,3,1,1,3,3,3,3,2,2,2,3,0,2,2,3,3,3,3,2,2,3,3,3,3,3,3,2,2,2,2,3,0,3,1,1,1,3,3,3,3,0,2,1,1,2,2,2,2,2,3,0,2,2,2,2,3,3,1,1,1,1,3,0,3,3,3,2,1,1,3,2,3,1,1,0,2,1,1,1,1,1,2,2,0,2,2,2,2,2,3,3,2,2,3,3,3,3,3,2,2,3,3,3,0,0,0,0,0,0,0,0,0,0,0,0,0,0,3,3,0,0,2,0,3,3,3,0,3,2,2,2,0,3,3,3,3,2,3,3,3,3,3,2,2,3,3,1,3,3,0,0,3,3,2,2,3,3,2,2,2,2,2,2,3,3,3,3,2,2,3,2,2,2,3,3,2,2,3,3,2,2,1,1,2,2"
256,1.4377935731906757,"0,0,3,3,2,1,3,2,1,0,1,1,2,0,3,1,3,3,3,3,3,2,2,2,2,2,3,3,2,3,3,1,1,1,1,1,1,3,3,3,3,2,3,3,3,1,1,0,0,3,3,3,3,3,3,2,2,3,3,2,2,2,3,3,3,2,2,2,2,1,1,3,3,2,2,3,3,1,1,2,2,2,2,2,3,3,2,2,2,3,3,3,3,3,1,1,3,3,3,3,2,2,2,3,0,2,2,3,3,3,3,2,2,3,3,3,3,3,3,2,2,2,2,3,0,3,1,1,1,3,3,3,3,0,2,1,1,2,2,2,2,2,3,0,2,2,2,2,3,3,1,1,1,1,3,0,3,3,3,2,1,1,3,2,3,1,1,0,2,1,1,1,2,1,2,2,0,2,2,2,2,2,3,3,2,2,3,3,3,3,3,2,2,3,3,3,0,0,0,0,0,0,0,0,0,0,0,0,0,0,3,3,0,0,2,0,3,3,3,0,3,2,2,2,0,0,3,3,3,2,3,3,3,3,3,2,2,3,3,1,3,3,0,0,3,3,2,2,3,3,2,2,2,2,2,2,3,3,3,3,2,2,3,2,2,2,3,3,2,2,3,3,2,2,1,1,2,2"
257,1.4377112227363171,"0,0,3,3,2,1,3,2,1,0,1,1,2,0,3,1,3,3,3,3,3,2,2,2,2,2,3,3,2,3,3,1,1,1,1,1,1,3,3,3,3,2,3,3,3,1,1,0,0,3,3,3,3,3,3,2,2,3,3,2,2,2,3,3,3,2,2,2,2,1,1,3,3,2,2,3,3,1,1,2,2,2,2,2,3,3,2,2,2,3,3,3,3,3,1,1,3,3,3,3,2,2,2,3,0,2,2,3,3,3,3,2,2,3,3,3,3,3,3,2,2,2,2,3,0,3,1,1,1,3,3,3,3,0,2,1,1,2,2,2,2,2,3,0,2,2,2,2,3,3,1,1,1,1,3,0,3,3,3,2,1,1,3,2,3,1,1,0,2,1,1,1,2,1,2,2,0,2,2,2,2,2,3,3,2,2,3,3,3,3,3,2,2,3,3,3,0,0,0,0,0,0,0,0,0,0,0,0,0,0,3,3,0,0,2,0,3,3,3,0,3,2,2,2,0,0,3,3,3,2,3,3,3,3,3,2,2,3,3,1,3,3,0,0,3,3,2,2,3,3,2,2,2,2,2,2,3,3,3,3,2,2,3,3,2,2,3,3,2,2,3,3,2,2,1,1,2,2"
258,1.4385407544175395,"0,0,3,3,2,1,3,2,1,0,1,1,2,0,3,1,3,3,3,3,3,2,2,2,2,2,3,3,2,3,3,1,1,1,1,1,1,3,3,3,3,2,3,3,3,1,1,0,0,3,3,3,3,3,3,2,2,3,3,2,2,2,3,3,3,2,2,2,2,1,1,3,3,2,2,3,3,1,1,2,2,2,2,2,3,3,2,2,2,3,3,3,3,3,1,1,3,3,3,3,2,2,2,3,0,2,2,3,3,3,3,2,2,3,3,3,3,3,3,2,2,2,2,3,0,3,1,1,1,3,3,3,3,0,2,1,1,2,2,2,2,2,3,0,2,2,2,2,3,3,1,1,1,1,3,0,3,3,3,2,1,1,3,2,3,1,1,0,2,1,1,1,1,1,2,2,0,3,2,2,2,2,3,3,2,2,3,3,3,3,3,2,2,3,3,3,0,0,0,0,0,0,0,0,0,0,0,0,0,0,3,3,0,0,2,0,3,3,3,0,3,2,2,2,0,0,3,3,3,2,3,3,3,3,3,2,2,3,3,1,3,3,0,0,3,3,2,2,3,3,2,2,2,2,2,2,3,3,3,3,2,2,3,2,2,2,3,3,2,2,3,3,2,2,1,1,2,2"
259,1.4389235347528035,"0,0,3,3,2,1,3,2,1,0,1,1,2,0,3,1,3,3,3,3,3,2,2,2,2,2,3,3,2,3,3,1,1,1,1,1,1,3,3,3,3,2,3,3,3,1,1,0,0,3,3,3,3,3,3,2,2,3,3,2,2,2,3,3,3,2,2,2,2,1,1,3,3,2,2,3,3,1,1,2,2,2,2,2,3,3,2,2,2,3,3,3,3,3,1,1,3,3,3,3,2,2,2,3,0,2,2,3,3,3,3,2,2,3,3,3,3,3,3,2,2,2,2,3,0,3,1,1,1,3,3,3,3,0,2,1,1,2,2,2,2,2,3,0,2,2,2,2,3,3,1,1,1,1,3,0,3,3,3,2,1,1,3,2,3,1,1,0,2,1,1,1,1,1,2,2,0,2,2,2,2,2,3,3,2,2,3,3,3,3,3,2,2,3,3,3,0,0,0,0,0,0,0,0,0,0,0,0,0,0,3,3,0,0,2,0,3,3,3,0,3,2,2,2,0,0,3,3,3,2,3,3,3,3,3,2,2,3,3,1,3,3,0,0,3,3,2,2,3,3,2,2,2,2,2,2,3,3,3,3,2,2,3,2,2,2,3,3,2,2,3,3,2,2,1,1,2,2"
260,1.4389235347528035,"0,0,3,3,2,1,3,2,1,0,1,1,2,0,3,1,3,3,3,3,3,2,2,2,2,2,3,3,2,3,3,1,1,1,1,1,1,3,3,3,3,2,3,3,3,1,1,0,0,3,3,3,3,3,3,2,2,3,3,2,2,2,3,3,3,2,2,2,2,1,1,3,3,2,2,3,3,1,1,2,2,2,2,2,3,3,2,2,2,3,3,3,3,3,1,1,3,3,3,3,2,2,2,3,0,2,2,3,3,3,3,2,2,3,3,3,3,3,3,2,2,2,2,3,0,3,1,1,1,3,3,3,3,0,2,1,1,2,2,2,2,2,3,0,2,2,2,2,3,3,1,1,1,1,3,0,3,3,3,2,1,1,3,2,3,1,1,0,2,1,1,1,1,1,2,2,0,2,2,2,2,2,3,3,2,2,3,3,3,3,3,2,2,3,3,3,0,0,0,0,0,0,0,0,0,0,0,0,0,0,3,3,0,0,2,0,3,3,3,0,3,2,2,2,0,0,3,3,3,2,3,3,3,3,3,2,2,3,3,1,3,3,0,0,3,3,2,2,3,3,2,2,2,2,2,2,3,3,3,3,2,2,3,2,2,2,3,3,2,2,3,3,2,2,1,1,2,2"
261,1.4390636052884533,"0,0,3,3,2,1,3,2,1,0,1,1,2,0,3,1,3,3,3,3,3,2,2,2,2,2,3,3,2,3,3,1,1,1,1,1,1,3,3,3,3,2,3,3,3,1,1,0,0,3,3,3,3,3,3,2,2,3,3,2,2,2,3,3,3,2,2,2,2,1,1,3,3,2,2,3,3,1,1,2,2,2,2,2,3,3,2,2,2,3,3,3,3,3,1,1,3,3,3,3,2,2,2,3,0,2,2,3,3,3,3,2,2,3,3,3,3,3,3,2,2,2,2,3,0,3,1,1,1,3,3,3,3,0,2,1,1,2,2,2,2,2,3,0,2,2,2,2,3,3,1,1,1,1,3,0,3,3,3,2,1,1,3,2,3,1,1,0,2,1,1,1,1,1,2,2,0,2,2,2,2,2,3,3,2,2,3,3,3,3,3,2,2,3,3,3,0,0,0,0,0,0,0,0,0,0,0,0,0,0,3,3,0,0,2,0,3,3,3,0,3,2,2,2,0,0,3,3,3,3,3,3,3,3,3,2,2,3,3,1,3,3,0,0,3,3,2,2,3,3,2,2,2,2,2,2,3,3,3,3,2,2,3,2,2,2,3,3,2,2,3,3,2,2,1,1,2,2"
262,1.438698441101329,"0,0,3,3,2,1,3,2,1,0,1,1,2,0,3,1,3,3,3,3,3,2,2,2,2,2,3,3,2,3,3,1,1,1,1,1,1,3,3,3,3,2,3,3,3,1,1,0,0,3,3,3,3,3,3,2,2,3,3,2,2,2,3,3,3,2,2,2,2,1,1,3,3,2,2,3,3,1,1,2,2,2,2,2,3,3,2,2,2,3,3,3,3,3,1,1,3,3,3,3,2,2,2,3,0,2,2,3,3,3,3,2,2,3,3,3,3,3,3,2,2,2,2,3,0,3,1,1,1,3,3,3,3,0,2,1,1,2,2,2,2,2,3,0,2,2,2,2,3,3,1,1,1,1,3,0,3,3,3,2,1,1,3,0,3,1,1,0,2,1,1,1,1,1,2,2,0,2,2,2,2,2,3,3,2,2,3,3,3,3,3,2,2,3,3,3,0,0,0,0,0,0,0,0,0,0,0,0,0,0,3,3,0,0,2,0,3,3,3,0,3,2,2,2,0,0,3,3,3,3,3,3,3,3,3,2,2,3,3,1,3,3,0,0,3,3,2,2,3,3,2,2,2,2,2,2,3,3,3,3,2,2,3,2,2,2,3,3,2,2,3,3,2,2,1,1,2,2"
263,1.4356718181537904,"0,0,3,3,2,1,3,2,1,0,1,1,2,0,3,1,3,3,3,3,3,2,2,2,2,2,3,3,2,3,3,1,1,1,1,1,1,3,3,3,3,2,3,3,3,1,1,0,0,3,3,3,3,3,3,2,2,3,3,2,2,2,3,3,3,2,2,2,2,1,1,3,3,2,2,3,3,1,1,2,2,2,2,2,3,3,2,2,2,3,3,3,3,3,1,1,3,3,3,3,0,2,2,3,0,2,2,3,3,3,3,2,2,3,3,3,3,3,3,2,2,2,2,3,0,3,2,1,1,3,1,3,3,0,2,1,1,2,2,2,2,2,3,0,2,2,2,2,3,3,1,1,1,1,3,1,3,3,3,2,1,1,3,2,3,1,1,0,2,1,1,1,1,1,2,2,0,3,2,2,2,2,3,0,2,2,3,3,3,3,3,2,2,3,3,3,0,0,0,0,0,0,0,0,0,0,0,0,0,0,3,3,0,0,2,0,3,3,3,0,3,2,2,2,0,0,3,3,3,3,3,3,3,3,3,2,2,3,3,1,3,3,0,0,3,3,2,2,3,3,2,2,2,2,2,2,3,3,3,3,2,2,3,2,2,2,3,3,2,2,3,3,2,2,1,1,2,2"
264,1.4383506045851897,"0,0,3,3,2,1,3,2,1,0,1,1,2,0,3,1,3,3,3,3,3,2,2,2,2,2,3,3,2,3,3,1,1,1,1,1,1,3,3,3,3,2,3,3,3,1,1,0,0,3,3,3,3,3,3,2,2,3,3,2,2,2,3,3,3,2,2,2,2,1,1,3,3,2,2,3,3,1,1,2,2,2,2,2,3,3,2,2,2,3,3,3,3,3,1,1,3,3,3,3,0,2,2,3,0,2,2,3,3,3,3,2,2,3,3,3,3,3,3,2,2,2,2,3,0,3,1,1,1,3,3,3,3,0,2,1,1,2,2,2,2,2,3,0,2,2,2,2,3,3,1,1,1,1,3,0,3,3,3,2,1,1,3,2,3,1,1,0,2,1,1,1,1,1,2,2,0,2,2,2,2,2,3,3,2,2,3,3,3,3,3,2,2,3,3,3,0,0,0,0,0,0,0,0,0,0,0,0,0,0,3,3,0,0,2,0,3,3,3,0,3,2,2,2,0,0,3,3,3,3,3,3,3,3,3,2,2,3,3,1,3,3,0,0,3,3,2,2,3,3,2,2,2,2,2,2,3,3,3,3,2,2,3,2,2,2,3,3,2,2,3,3,2,2,1,1,2,2"
265,1.4377240784557948,"0,0,3,3,2,1,3,2,1,0,1,1,2,0,3,1,3,3,3,3,3,2,2,2,2,2,3,3,2,3,3,1,1,1,1,1,1,3,3,3,3,2,3,3,3,1,1,0,0,3,3,3,3,3,3,2,2,3,3,2,2,2,3,3,3,2,2,2,2,1,1,3,3,2,2,3,3,1,1,2,2,2,2,2,3,3,2,2,2,3,3,3,3,3,1,1,3,3,3,3,2,2,2,3,0,2,2,3,3,3,3,2,2,3,3,3,3,3,3,2,2,2,2,3,0,3,1,1,1,3,3,3,3,0,2,1,1,2,2,2,2,2,3,0,2,2,2,2,3,3,1,1,1,1,3,0,3,3,3,2,1,1,3,0,3,1,1,0,2,1,1,1,1,1,3,2,0,2,2,2,2,2,3,3,2,2,3,3,3,3,3,2,2,3,3,3,0,0,0,0,0,0,0,0,0,0,0,0,0,0,3,3,0,0,2,0,3,3,3,0,3,2,2,2,0,0,3,3,2,3,3,3,3,3,3,2,2,3,3,1,3,3,0,0,3,3,2,2,3,3,2,2,2,2,2,2,3,3,3,3,2,2,3,2,2,2,3,3,2,2,3,3,2,2,1,1,2,2"
266,1.4383156371572492,"0,0,3,3,2,1,3,2,1,0,1,1,2,0,3,1,3,3,3,3,3,2,2,2,2,2,3,3,2,3,3,1,1,1,1,1,1,3,3,3,3,2,3,3,3,1,1,0,0,3,3,3,3,3,3,2,2,3,3,2,2,2,3,3,3,2,2,2,2,1,1,3,3,2,2,3,3,1,1,2,2,2,2,2,3,3,2,2,2,3,3,3,3,3,1,1,3,3,3,3,2,2,2,3,0,2,2,3,3,3,3,2,2,3,3,3,3,3,3,2,2,2,2,3,0,3,1,1,1,3,3,3,3,0,2,1,1,2,2,2,2,2,3,0,2,2,2,2,3,3,1,1,1,1,3,0,3,3,3,2,1,1,3,2,3,1,1,0,2,1,1,1,1,1,2,2,0,2,2,2,2,2,3,3,2,2,3,3,3,3,3,2,2,3,3,3,0,0,0,0,0,0,0,0,0,2,0,0,0,0,3,3,0,0,2,0,3,3,3,0,3,2,2,2,0,0,3,3,3,3,3,3,3,3,3,2,2,3,3,1,3,3,0,0,3,3,2,2,3,3,2,2,2,2,2,2,3,3,3,3,2,2,3,2,2,2,3,3,2,2,3,3,2,2,1,1,2,2"
267,1.4383156371572492,"0,0,3,3,2,1,3,2,1,0,1,1,2,0,3,1,3,3,3,3,3,2,2,2,2,2,3,3,2,3,3,1,1,1,1,1,1,3,3,3,3,2,3,3,3,1,1,0,0,3,3,3,3,3,3,2,2,3,3,2,2,2,3,3,3,2,2,2,2,1,1,3,3,2,2,3,3,1,1,2,2,2,2,2,3,3,2,2,2,3,3,3,3,3,1,1,3,3,3,3,2,2,2,3,0,2,2,3,3,3,3,2,2,3,3,3,3,3,3,2,2,2,2,3,0,3,1,1,1,3,3,3,3,0,2,1,1,2,2,2,2,2,3,0,2,2,2,2,3,3,1,1,1,1,3,0,3,3,3,2,1,1,3,2,3,1,1,0,2,1,1,1,1,1,2,2,0,2,2,2,2,2,3,3,2,2,3,3,3,3,3,2,2,3,3,3,0,0,0,0,0,0,0,0,0,2,0,0,0,0,3,3,0,0,2,0,3,3,3,0,3,2,2,2,0,0,3,3,3,3,3,3,3,3,3,2,2,3,3,1,3,3,0,0,3,3,2,2,3,3,2,2,2,2,2,2,3,3,3,3,2,2,3,2,2,2,3,3,2,2,3,3,2,2,1,1,2,2"
268,1.4390636052884533,"0,0,3,3,2,1,3,2,1,0,1,1,2,0,3,1,3,3,3,3,3,2,2,2,2,2,3,3,2,3,3,1,1,1,1,1,1,3,3,3,3,2,3,3,3,1,1,0,0,3,3,3,3,3,3,2,2,3,3,2,2,2,3,3,3,2,2,2,2,1,1,3,3,2,2,3,3,1,1,2,2,2,2,2,3,3,2,2,2,3,3,3,3,3,1,1,3,3,3,3,2,2,2,3,0,2,2,3,3,3,3,2,2,3,3,3,3,3,3,2,2,2,2,3,0,3,1,1,1,3,3,3,3,0,2,1,1,2,2,2,2,2,3,0,2,2,2,2,3,3,1,1,1,1,3,0,3,3,3,2,1,1,3,2,3,1,1,0,2,1,1,1,1,1,2,2,0,2,2,2,2,2,3,3,2,2,3,3,3,3,3,2,2,3,3,3,0,0,0,0,0,0,0,0,0,0,0,0,0,0,3,3,0,0,2,0,3,3,3,0,3,2,2,2,0,0,3,3,3,3,3,3,3,3,3,2,2,3,3,1,3,3,0,0,3,3,2,2,3,3,2,2,2,2,2,2,3,3,3,3,2,2,3,2,2,2,3,3,2,2,3,3,2,2,1,1,2,2"
269,1.4390636052884533,"0,0,3,3,2,1,3,2,1,0,1,1,2,0,3,1,3,3,3,3,3,2,2,2,2,2,3,3,2,3,3,1,1,1,1,1,1,3,3,3,3,2,3,3,3,1,1,0,0,3,3,3,3,3,3,2,2,3,3,2,2,2,3,3,3,2,2,2,2,1,1,3,3,2,2,3,3,1,1,2,2,2,2,2,3,3,2,2,2,3,3,3,3,3,1,1,3,3,3,3,2,2,2,3,0,2,2,3,3,3,3,2,2,3,3,3,3,3,3,2,2,2,2,3,0,3,1,1,1,3,3,3,3,0,2,1,1,2,2,2,2,2,3,0,2,2,2,2,3,3,1,1,1,1,3,0,3,3,3,2,1,1,3,2,3,1,1,0,2,1,1,1,1,1,2,2,0,2,2,2,2,2,3,3,2,2,3,3,3,3,3,2,2,3,3,3,0,0,0,0,0,0,0,0,0,0,0,0,0,0,3,3,0,0,2,0,3,3,3,0,3,2,2,2,0,0,3,3,3,3,3,3,3,3,3,2,2,3,3,1,3,3,0,0,3,3,2,2,3,3,2,2,2,2,2,2,3,3,3,3,2,2,3,2,2,2,3,3,2,2,3,3,2,2,1,1,2,2"
270,1.4390636052884533,"0,0,3,3,2,1,3,2,1,0,1,1,2,0,3,1,3,3,3,3,3,2,2,2,2,2,3,3,2,3,3,1,1,1,1,1,1,3,3,3,3,2,3,3,3,1,1,0,0,3,3,3,3,3,3,2,2,3,3,2,2,2,3,3,3,2,2,2,2,1,1,3,3,2,2,3,3,1,1,2,2,2,2,2,3,3,2,2,2,3,3,3,3,3,1,1,3,3,3,3,2,2,2,3,0,2,2,3,3,3,3,2,2,3,3,3,3,3,3,2,2,2,2,3,0,3,1,1,1,3,3,3,3,0,2,1,1,2,2,2,2,2,3,0,2,2,2,2,3,3,1,1,1,1,3,0,3,3,3,2,1,1,3,2,3,1,1,0,2,1,1,1,1,1,2,2,0,2,2,2,2,2,3,3,2,2,3,3,3,3,3,2,2,3,3,3,0,0,0,0,0,0,0,0,0,0,0,0,0,0,3,3,0,0,2,0,3,3,3,0,3,2,2,2,0,0,3,3,3,3,3,3,3,3,3,2,2,3,3,1,3,3,0,0,3,3,2,2,3,3,2,2,2,2,2,2,3,3,3,3,2,2,3,2,2,2,3,3,2,2,3,3,2,2,1,1,2,2"
271,1.4390636052884533,"0,0,3,3,2,1,3,2,1,0,1,1,2,0,3,1,3,3,3,3,3,2,2,2,2,2,3,3,2,3,3,1,1,1,1,1,1,3,3,3,3,2,3,3,3,1,1,0,0,3,3,3,3,3,3,2,2,3,3,2,2,2,3,3,3,2,2,2,2,1,1,3,3,2,2,3,3,1,1,2,2,2,2,2,3,3,2,2,2,3,3,3,3,3,1,1,3,3,3,3,2,2,2,3,0,2,2,3,3,3,3,2,2,3,3,3,3,3,3,2,2,2,2,3,0,3,1,1,1,3,3,3,3,0,2,1,1,2,2,2,2,2,3,0,2,2,2,2,3,3,1,1,1,1,3,0,3,3,3,2,1,1,3,2,3,1,1,0,2,1,1,1,1,1,2,2,0,2,2,2,2,2,3,3,2,2,3,3,3,3,3,2,2,3,3,3,0,0,0,0,0,0,0,0,0,0,0,0,0,0,3,3,0,0,2,0,3,3,3,0,3,2,2,2,0,0,3,3,3,3,3,3,3,3,3,2,2,3,3,1,3,3,0,0,3,3,2,2,3,3,2,2,2,2,2,2,3,3,3,3,2,2,3,2,2,2,3,3,2,2,3,3,2,2,1,1,2,2"
272,1.4391803299124504,"0,0,3,3,2,1,3,2,1,0,1,1,2,0,3,1,3,3,3,3,3,2,2,2,2,2,3,3,2,3,3,1,1,1,1,1,1,3,3,3,3,2,3,3,3,1,1,0,0,3,3,3,3,3,3,2,2,3,3,2,2,2,3,3,3,2,2,2,2,1,1,3,3,2,2,3,3,1,1,2,2,2,2,2,3,3,2,2,2,3,3,3,3,3,1,1,3,3,3,3,2,2,2,3,0,2,2,3,3,3,3,2,2,3,3,3,3,3,3,2,2,2,2,3,0,3,1,1,1,3,3,3,3,0,2,1,1,2,2,2,2,2,3,0,2,2,2,2,3,3,1,1,1,1,3,0,3,3,3,2,1,1,3,2,3,1,1,0,2,1,1,1,1,1,2,2,2,2,2,2,2,2,3,3,2,2,3,3,3,3,3,2,2,3,3,3,0,0,0,0,0,0,0,0,0,0,0,0,0,0,3,3,0,0,2,0,3,3,3,0,3,2,2,2,0,0,3,3,3,3,3,3,3,3,3,2,2,3,3,1,3,3,0,0,3,3,2,2,3,3,2,2,2,2,2,2,3,3,3,3,2,2,3,2,2,2,3,3,2,2,3,3,2,2,1,1,2,2"
273,1.4392168181025542,"0,0,3,3,2,1,3,2,1,0,1,1,2,0,3,1,3,3,3,3,3,2,2,2,2,2,3,3,2,3,3,1,1,1,1,1,1,3,3,3,3,2,3,3,3,1,1,0,0,3,3,3,3,3,3,2,2,3,3,2,2,2,3,3,3,2,2,2,2,1,1,3,3,2,2,3,3,1,1,2,2,2,2,2,3,3,2,2,2,3,3,3,3,3,1,1,3,3,3,3,2,2,2,3,0,2,2,3,3,3,3,2,2,3,3,3,3,3,3,2,2,2,2,3,0,3,1,1,1,3,3,3,3,0,0,1,1,2,2,2,2,2,3,0,2,2,2,2,3,3,1,1,1,1,3,0,3,3,3,2,1,1,3,2,3,1,1,0,2,1,1,1,1,1,2,2,2,2,2,2,2,2,3,3,2,2,3,3,3,3,3,2,2,3,3,3,0,0,0,0,0,0,0,0,0,0,0,0,0,0,3,3,0,0,2,0,3,3,3,0,3,2,2,2,0,0,3,3,3,3,3,3,3,3,3,2,2,3,3,1,3,3,0,0,3,3,2,2,3,3,2,2,2,2,2,2,3,3,3,3,2,2,3,2,2,2,3,3,2,2,3,3,2,2,1,1,2,2"
274,1.4392168181025542,"0,0,3,3,2,1,3,2,1,0,1,1,2,0,3,1,3,3,3,3,3,2,2,2,2,2,3,3,2,3,3,1,1,1,1,1,1,3,3,3,3,2,3,3,3,1,1,0,0,3,3,3,3,3,3,2,2,3,3,2,2,2,3,3,3,2,2,2,2,1,1,3,3,2,2,3,3,1,1,2,2,2,2,2,3,3,2,2,2,3,3,3,3,3,1,1,3,3,3,3,2,2,2,3,0,2,2,3,3,3,3,2,2,3,3,3,3,3,3,2,2,2,2,3,0,3,1,1,1,3,3,3,3,0,0,1,1,2,2,2,2,2,3,0,2,2,2,2,3,3,1,1,1,1,3,0,3,3,3,2,1,1,3,2,3,1,1,0,2,1,1,1,1,1,2,2,2,2,2,2,2,2,3,3,2,2,3,3,3,3,3,2,2,3,3,3,0,0,0,0,0,0,0,0,0,0,0,0,0,0,3,3,0,0,2,0,3,3,3,0,3,2,2,2,0,0,3,3,3,3,3,3,3,3,3,2,2,3,3,1,3,3,0,0,3,3,2,2,3,3,2,2,2,2,2,2,3,3,3,3,2,2,3,2,2,2,3,3,2,2,3,3,2,2,1,1,2,2"
275,1.4393547967094678,"0,0,3,3,2,1,3,2,1,0,1,1,2,0,3,1,3,3,3,3,3,2,2,2,2,2,3,3,2,3,3,1,1,1,1,1,1,3,3,3,3,2,3,3,3,1,1,0,0,3,3,3,3,3,3,2,2,3,3,2,2,2,3,3,3,2,2,2,2,1,1,3,3,2,2,3,3,1,1,2,2,2,2,2,3,3,2,2,2,3,3,3,3,3,1,1,3,3,3,3,2,2,2,3,0,2,2,3,3,3,3,2,2,3,3,3,3,3,3,2,2,2,2,3,0,3,1,1,1,3,3,3,3,0,0,1,1,2,2,2,2,2,3,0,2,2,2,2,3,3,1,1,1,1,3,0,3,3,3,2,1,1,3,2,3,1,1,0,2,1,1,1,1,1,2,2,2,2,2,2,2,2,3,3,2,2,3,3,3,3,3,2,2,3,3,3,0,0,0,0,0,0,0,0,0,0,0,0,0,0,3,3,2,2,2,0,3,3,3,0,3,2,2,2,0,0,3,3,3,3,3,3,3,3,3,2,2,3,3,1,3,3,0,0,3,3,2,2,3,3,2,2,2,2,2,2,3,3,3,3,2,2,3,2,2,2,3,3,2,2,3,3,2,2,1,1,2,2"
276,1.4393547967094678,"0,0,3,3,2,1,3,2,1,0,1,1,2,0,3,1,3,3,3,3,3,2,2,2,2,2,3,3,2,3,3,1,1,1,1,1,1,3,3,3,3,2,3,3,3,1,1,0,0,3,3,3,3,3,3,2,2,3,3,2,2,2,3,3,3,2,2,2,2,1,1,3,3,2,2,3,3,1,1,2,2,2,2,2,3,3,2,2,2,3,3,3,3,3,1,1,3,3,3,3,2,2,2,3,0,2,2,3,3,3,3,2,2,3,3,3,3,3,3,2,2,2,2,3,0,3,1,1,1,3,3,3,3,0,0,1,1,2,2,2,2,2,3,0,2,2,2,2,3,3,1,1,1,1,3,0,3,3,3,2,1,1,3,2,3,1,1,0,2,1,1,1,1,1,2,2,2,2,2,2,2,2,3,3,2,2,3,3,3,3,3,2,2,3,3,3,0,0,0,0,0,0,0,0,0,0,0,0,0,0,3,3,2,2,2,0,3,3,3,0,3,2,2,2,0,0,3,3,3,3,3,3,3,3,3,2,2,3,3,1,3,3,0,0,3,3,2,2,3,3,2,2,2,2,2,2,3,3,3,3,2,2,3,2,2,2,3,3,2,2,3,3,2,2,1,1,2,2"
277,1.4383963145185497,"0,0,3,3,2,1,3,2,1,0,1,1,2,0,3,1,3,3,3,3,3,2,2,2,2,2,3,3,2,3,3,1,1,1,1,1,1,3,3,3,3,2,3,3,3,1,1,0,0,3,3,3,3,3,3,2,2,3,3,2,2,2,3,3,3,2,2,2,2,1,1,3,3,2,2,3,3,1,1,2,2,2,2,2,3,3,2,2,2,3,3,3,3,3,1,1,3,3,3,3,2,2,2,3,0,2,2,3,3,3,3,2,2,3,3,3,3,3,3,2,2,2,2,3,0,3,1,1,1,3,3,3,3,0,0,1,1,2,2,2,2,2,3,0,2,2,2,2,3,3,1,1,1,1,3,0,3,3,3,2,1,1,3,2,3,1,1,0,2,1,1,1,1,1,2,2,2,2,2,2,2,1,3,3,2,2,3,3,3,3,3,2,2,3,3,3,0,0,0,0,0,0,0,0,0,0,0,0,0,0,3,3,2,2,2,0,3,3,3,0,3,2,2,2,0,0,3,3,3,3,3,3,3,3,3,2,2,3,3,1,3,3,0,0,3,3,2,2,0,3,2,2,2,2,2,2,3,3,3,3,2,2,3,2,2,2,3,3,2,2,3,3,2,2,1,1,2,2"
278,1.43824545633532,"0,0,3,3,2,1,3,2,1,0,1,1,2,0,3,1,3,3,3,3,3,2,2,2,2,2,3,3,2,3,3,1,1,1,1,1,1,3,3,3,3,2,3,3,3,1,1,0,0,3,3,3,3,3,3,2,2,3,3,2,2,2,3,3,3,2,2,2,2,1,1,3,3,2,2,3,3,1,1,2,2,2,2,2,3,3,2,2,2,3,3,3,3,3,1,1,3,3,3,3,2,2,2,3,0,2,2,3,3,3,3,2,2,3,3,3,3,3,3,2,2,2,2,3,0,3,1,1,1,3,3,3,3,0,0,1,1,2,2,2,2,2,3,0,2,2,2,2,3,3,1,1,1,1,3,0,3,3,3,2,1,3,3,2,3,1,1,0,2,1,1,1,1,1,2,2,2,2,2,2,2,2,3,3,2,2,3,3,3,3,3,2,2,3,3,3,0,0,0,0,0,0,0,0,0,0,0,0,0,0,3,3,2,2,2,0,3,3,3,0,3,2,2,2,0,0,3,3,3,3,3,3,3,3,3,2,2,3,3,1,3,3,0,0,3,3,2,2,0,3,2,2,2,2,2,2,3,3,3,3,2,2,3,2,2,2,3,2,2,2,3,3,2,2,1,1,2,2"
279,1.4394433720316082,"0,0,3,3,2,1,3,2,1,0,1,1,2,0,3,1,3,3,3,3,3,2,2,2,2,2,3,3,2,3,3,1,1,1,1,1,1,3,3,3,3,2,3,3,3,1,1,0,0,3,3,3,3,3,3,2,2,3,3,2,2,2,3,3,3,2,2,2,2,1,1,3,3,2,2,3,3,1,1,2,2,2,2,2,3,3,2,2,2,3,3,3,3,3,1,1,3,3,3,3,2,2,2,3,0,2,2,3,3,3,3,2,2,3,3,3,3,3,3,2,2,2,2,3,0,3,1,1,1,3,3,3,3,0,0,1,1,2,2,2,2,2,2,0,2,2,2,2,3,3,1,1,1,1,3,0,3,3,3,2,1,1,3,2,3,1,1,0,2,1,1,1,1,1,2,2,2,2,2,2,2,2,3,3,2,2,3,3,3,3,3,2,2,3,3,3,0,0,0,0,0,0,0,0,0,0,0,0,0,0,3,3,2,2,2,0,3,3,3,0,3,2,2,2,0,0,3,3,3,3,3,3,3,3,3,2,2,3,3,1,3,3,0,0,3,3,2,2,0,3,2,2,2,2,2,2,3,3,3,3,2,2,3,2,2,2,3,2,2,2,3,3,2,2,1,1,2,2"
280,1.439045230741737,"0,0,3,3,2,1,3,2,1,0,1,1,2,0,3,1,3,3,3,3,3,2,2,2,2,2,3,3,2,3,3,1,1,1,1,1,1,3,3,3,3,2,3,3,3,1,1,0,0,3,3,3,3,3,3,2,2,3,3,2,2,2,3,3,3,2,2,2,2,1,1,3,3,2,2,3,3,1,1,2,2,2,2,2,3,3,2,2,2,3,3,3,3,3,1,1,3,3,3,3,2,2,2,3,0,2,2,3,3,3,3,2,2,3,3,3,3,3,3,2,2,2,2,3,0,3,1,1,1,3,3,3,3,0,0,1,1,2,2,2,2,2,2,0,2,2,2,2,3,3,1,1,1,1,3,0,3,3,3,2,1,1,3,2,3,1,1,0,2,1,1,1,1,1,2,2,2,2,2,2,2,2,3,3,2,2,3,3,3,3,3,2,2,3,3,3,0,0,0,0,0,0,0,0,0,0,0,0,0,0,3,3,2,2,2,0,3,3,3,0,3,2,2,2,0,0,3,3,3,3,3,3,3,0,3,2,2,3,3,1,3,3,0,0,3,3,2,2,0,3,2,2,2,2,2,2,3,3,3,3,2,2,3,2,2,2,3,2,2,2,3,3,2,2,1,1,2,2"
281,1.4379515182714013,"0,0,3,3,2,1,3,2,1,0,1,1,2,0,3,1,3,3,3,3,3,2,2,2,2,2,3,3,2,3,3,1,1,1,1,1,1,3,3,3,3,2,3,3,3,1,1,0,0,1,3,3,3,3,3,2,2,3,3,2,2,2,3,3,3,2,2,2,2,1,1,3,3,2,2,3,3,1,1,2,2,2,2,2,3,3,2,2,2,3,3,3,3,3,1,1,3,3,3,3,2,2,2,3,0,2,2,3,3,3,3,2,2,3,3,3,3,3,3,2,2,2,2,3,0,3,1,1,1,3,3,3,3,0,0,1,1,2,2,2,2,2,2,0,2,2,2,2,3,3,1,1,1,1,3,0,3,3,3,2,1,1,3,2,3,1,1,0,2,1,1,1,1,1,2,2,2,2,2,2,2,2,3,3,2,2,3,3,3,3,3,2,2,3,3,3,0,0,0,0,0,0,0,0,0,0,0,0,0,0,3,3,2,2,2,0,3,3,3,0,3,2,2,2,0,0,3,3,3,3,3,3,3,0,3,2,2,3,3,1,3,3,0,0,3,3,2,2,0,3,2,2,2,2,2,2,3,3,3,3,2,2,3,2,2,2,3,2,2,2,3,3,2,2,0,1,2,2"
282,1.4395437672528306,"0,0,3,3,2,1,3,2,1,0,1,1,2,0,3,1,3,3,3,3,3,2,2,2,2,2,3,3,2,3,3,1,1,1,1,1,1,3,3,3,3,2,3,3,3,1,1,0,0,3,3,3,3,3,3,2,2,3,3,2,2,2,3,3,3,2,2,2,2,1,1,3,3,2,2,3,3,1,1,2,2,2,2,2,3,3,2,2,2,3,3,3,3,3,1,1,3,3,3,3,2,2,2,3,0,2,2,3,3,3,3,2,2,3,3,3,3,3,3,2,2,2,2,3,0,3,1,1,1,3,3,3,3,0,0,1,1,2,2,2,2,2,2,0,2,2,2,2,3,3,1,1,1,1,3,0,3,3,3,2,1,1,3,2,3,1,1,0,2,1,1,1,1,1,2,2,2,2,2,2,2,2,3,3,2,2,3,3,3,3,3,2,2,3,3,3,0,0,0,0,0,0,0,0,0,0,0,0,0,0,3,3,2,2,2,0,3,3,3,0,3,2,2,2,0,0,3,3,3,3,3,3,3,3,3,2,2,3,3,1,3,3,0,0,3,3,2,2,0,3,2,2,2,2,2,2,3,3,3,3,2,2,2,2,2,2,3,3,2,2,3,3,2,2,1,1,2,2"
283,1.4375729557543515,"0,0,3,3,2,1,3,2,1,0,1,1,2,0,3,1,3,3,3,3,3,2,2,2,2,2,3,3,2,3,3,1,1,1,1,1,1,3,3,3,3,2,3,3,3,1,1,0,0,3,3,3,3,3,3,2,2,3,3,2,2,2,3,3,3,2,2,2,2,1,1,3,3,2,2,3,3,1,1,2,2,2,2,2,3,3,2,2,2,3,3,3,3,3,1,1,3,3,3,3,2,2,2,3,0,2,2,3,3,3,3,2,2,3,3,3,3,3,3,2,2,2,2,3,0,3,1,1,1,3,3,3,3,0,0,1,1,2,2,2,2,2,2,0,2,2,2,2,3,3,1,1,1,1,3,0,3,3,3,2,1,1,3,2,3,1,1,0,2,1,1,1,1,1,2,2,2,2,2,2,2,2,3,3,2,2,3,3,3,3,3,2,2,3,3,3,0,0,0,0,0,0,0,0,0,0,0,0,0,0,3,3,2,2,2,0,3,3,3,0,3,2,2,2,0,0,3,3,3,3,3,2,3,3,3,2,2,3,3,1,3,3,0,0,3,3,2,2,0,3,2,2,2,2,2,2,3,3,3,3,2,2,2,1,2,2,3,3,2,2,3,3,2,2,1,1,2,1"
284,1.4395446826131773,"0,0,3,3,2,1,3,2,1,0,1,1,2,0,3,1,3,3,3,3,3,2,2,2,2,2,3,3,2,3,3,1,1,1,1,1,1,3,3,3,3,2,3,3,3,1,1,0,0,3,3,3,3,3,3,2,2,3,3,2,2,2,3,3,3,2,2,2,2,1,1,3,3,2,2,3,3,1,1,2,2,2,2,2,3,3,2,2,2,3,3,3,3,3,1,1,3,3,3,3,2,2,2,3,0,2,2,3,3,3,3,2,2,3,3,3,3,3,3,2,2,2,2,3,0,3,1,1,1,3,3,3,3,0,0,1,1,2,2,2,2,2,2,0,2,2,2,2,3,3,1,1,1,1,3,0,3,3,0,2,1,1,3,2,3,1,1,0,2,1,1,1,1,1,2,2,2,2,2,2,2,2,3,3,2,2,3,3,3,3,3,2,2,3,3,3,0,0,0,0,0,0,0,0,0,0,0,0,0,0,3,3,2,2,2,0,3,3,3,0,3,2,2,2,0,0,3,3,3,3,3,3,3,3,3,2,2,3,3,1,3,3,0,0,3,3,2,2,0,3,2,2,2,2,2,2,3,3,3,3,2,2,2,2,2,2,3,3,2,2,3,3,2,2,1,1,2,2"
285,1.4395768532124642,"0,0,3,3,2,1,3,2,1,0,1,1,2,0,3,1,3,3,3,3,3,2,2,2,2,2,3,3,2,3,3,1,1,1,1,1,1,3,3,3,3,2,3,3,3,1,1,0,0,3,3,3,3,3,3,2,2,3,3,2,2,2,3,3,3,2,2,2,2,1,1,3,3,2,2,3,3,1,1,2,2,2,2,2,3,3,2,2,2,3,3,3,3,3,1,1,3,3,3,3,2,2,2,3,0,2,2,3,3,3,3,2,2,3,3,3,3,3,3,2,2,2,2,3,0,3,1,1,1,3,3,3,3,0,0,1,1,2,2,2,2,2,2,0,2,2,2,2,3,3,1,1,1,1,3,0,3,3,0,2,1,1,3,2,3,1,1,0,2,1,1,1,1,1,2,2,2,2,2,2,2,2,3,3,2,2,3,3,3,3,3,2,2,3,3,3,0,0,0,0,0,0,0,0,0,0,0,0,0,0,3,3,2,2,2,0,3,3,3,0,3,2,2,2,0,0,3,3,3,3,3,3,3,3,3,2,2,3,3,1,3,3,0,2,3,3,2,2,0,3,2,2,2,2,2,2,3,3,3,3,2,2,2,2,2,2,3,3,2,2,3,3,2,2,1,1,2,2"
286,1.4394098255120593,"0,0,3,3,2,1,3,2,1,0,1,1,2,0,3,1,3,3,3,3,3,2,2,2,2,2,3,3,2,3,3,1,1,1,1,1,1,3,3,3,3,2,3,3,3,1,1,0,0,3,3,3,3,3,3,2,2,3,3,2,2,2,3,3,3,2,2,2,2,1,1,3,3,2,2,3,3,1,1,2,2,2,2,2,3,3,2,2,2,3,3,3,3,3,1,1,3,3,3,3,2,2,2,3,0,2,2,3,3,3,3,2,2,3,3,3,3,3,3,2,2,2,2,3,0,3,1,1,1,3,3,3,3,0,0,1,1,2,2,2,2,2,2,0,2,2,2,2,3,3,1,1,1,1,3,0,3,3,0,2,1,1,3,2,3,1,1,0,2,1,1,1,1,1,2,2,2,2,2,2,2,2,3,3,2,2,3,3,3,3,3,2,2,3,3,3,0,0,0,0,0,0,0,0,0,0,0,0,0,0,3,3,2,2,2,0,3,3,3,0,3,2,2,2,0,0,3,3,3,3,3,3,3,3,3,2,2,3,3,1,3,3,0,2,3,3,2,2,0,3,2,2,2,2,2,2,3,3,3,3,2,2,2,2,2,2,2,3,2,2,3,3,2,2,1,1,2,2"
287,1.437931314793827,"0,0,3,3,2,1,3,2,1,0,1,1,2,0,3,1,3,3,3,3,3,2,2,2,2,2,3,3,2,3,3,1,1,1,1,1,1,3,3,3,3,2,3,3,3,1,1,0,0,3,3,3,3,3,3,2,2,3,3,2,2,2,3,3,3,2,2,2,2,1,3,3,3,2,2,3,3,1,1,2,2,2,2,2,3,3,2,2,2,3,3,3,3,3,1,1,3,3,3,3,2,2,2,3,0,2,2,3,3,3,3,2,2,3,3,3,3,3,3,3,2,2,2,3,0,3,1,1,1,3,3,3,3,0,0,1,1,2,2,2,2,2,2,0,2,2,2,2,3,3,1,1,1,1,3,0,3,3,0,2,1,1,3,2,3,1,1,0,2,1,1,1,1,1,2,2,2,2,2,2,2,2,3,3,2,2,3,3,3,3,3,2,2,3,3,3,0,0,0,0,0,0,0,0,0,0,0,0,0,0,3,3,2,2,2,0,3,3,3,0,3,2,2,2,0,0,3,3,3,3,3,3,3,3,3,2,2,3,3,1,3,3,0,2,3,3,2,2,0,3,2,2,2,2,2,2,3,3,3,3,2,2,2,2,2,2,3,3,2,2,3,3,2,2,1,1,2,2"
288,1.4374656196033377,"0,0,3,3,2,1,3,2,1,0,1,1,2,0,3,1,3,3,3,3,3,2,2,2,2,2,3,3,2,3,3,1,1,1,1,1,1,3,3,3,3,2,3,3,3,1,1,0,0,3,3,3,3,3,3,2,2,3,3,2,2,2,3,3,3,2,2,2,2,1,1,3,3,2,2,3,3,1,1,2,2,2,2,2,3,3,3,2,2,3,3,3,3,3,1,1,3,3,3,3,2,2,2,3,0,2,2,3,3,3,3,2,2,3,3,3,3,3,3,2,2,2,2,3,0,3,1,1,1,3,2,3,3,0,0,1,1,2,2,2,2,2,2,0,2,2,3,2,3,3,1,1,1,1,3,0,3,3,0,2,1,1,3,2,3,1,1,0,2,1,1,1,1,1,2,2,2,2,2,2,2,2,3,3,2,2,3,3,3,3,3,2,2,3,3,3,0,0,0,0,0,0,0,0,0,0,0,0,0,0,3,3,2,2,2,0,3,3,3,0,3,2,2,2,0,0,3,3,3,3,3,3,2,3,3,2,2,3,3,1,3,3,0,2,3,3,2,2,0,3,2,2,2,2,2,2,3,3,3,3,2,2,2,2,2,2,3,3,2,2,3,3,2,2,1,1,2,2"
289,1.4390474028139895,"0,0,3,3,2,1,3,2,1,0,1,1,2,0,3,1,3,3,3,3,3,2,2,2,2,2,3,3,2,3,3,1,1,1,1,1,1,3,3,3,3,2,3,3,3,1,1,0,0,3,3,3,3,3,3,2,2,3,3,2,2,2,3,3,3,2,2,2,2,1,1,3,3,2,2,3,3,1,1,2,2,2,2,2,3,3,2,2,2,3,3,3,3,3,1,1,3,3,3,3,2,2,2,3,0,2,2,3,3,3,2,2,2,3,3,3,3,3,3,2,2,2,2,3,0,3,1,1,1,3,3,3,3,0,0,1,1,2,2,2,2,2,2,0,2,2,2,2,3,3,1,1,1,1,3,0,3,3,0,2,1,1,3,2,3,1,1,0,2,1,1,1,1,1,2,2,2,2,2,2,2,2,3,3,2,2,3,3,3,3,3,2,2,3,3,3,0,0,0,0,0,0,0,0,0,0,0,0,0,0,3,3,2,2,2,0,3,3,3,0,3,2,2,2,0,0,3,3,3,3,3,3,3,3,3,2,2,3,3,1,3,3,0,2,3,3,2,2,0,3,2,2,2,2,2,2,3,3,3,3,2,2,2,2,2,2,3,3,2,2,3,3,2,2,1,1,2,2"
290,1.4385704033939903,"0,0,3,3,2,1,3,2,1,0,1,1,2,0,3,1,3,3,3,3,3,2,2,2,2,2,3,3,2,3,3,1,1,1,1,1,1,3,3,3,3,2,3,3,3,1,1,0,0,3,3,3,3,3,3,2,2,3,3,2,2,2,3,3,3,2,2,2,2,1,1,3,3,2,2,3,3,1,1,2,2,2,2,2,3,3,2,2,2,3,3,3,3,3,1,1,3,3,3,3,2,2,2,3,0,2,2,3,3,3,3,2,2,3,3,3,3,3,3,2,2,2,2,3,0,3,1,1,1,3,3,3,3,0,0,1,1,2,2,2,2,2,2,0,2,2,2,2,3,3,1,1,1,1,3,0,3,3,0,2,1,1,3,2,0,1,1,0,2,1,1,1,1,1,2,2,2,2,2,2,2,2,3,3,2,2,3,3,3,3,3,2,2,3,3,3,0,0,0,0,0,0,0,0,0,0,0,0,0,0,3,3,1,2,2,0,3,3,3,0,3,2,2,2,0,0,3,3,3,3,3,3,3,3,3,2,2,3,3,1,3,3,0,2,3,3,2,2,0,3,2,2,2,2,2,2,3,3,3,3,2,2,2,2,2,2,3,3,2,2,3,3,2,2,1,1,2,2"
291,1.43916849078559,"0,0,3,3,2,1,3,2,1,0,1,1,2,0,3,1,3,3,3,3,3,2,2,2,2,2,3,3,2,3,3,1,1,1,1,1,1,3,3,3,3,2,3,3,3,1,1,0,0,3,3,3,3,3,3,2,2,3,3,2,2,2,3,3,3,2,2,2,2,1,1,3,3,2,2,3,3,1,1,2,2,2,2,2,3,3,2,2,2,3,3,3,3,3,1,1,3,3,3,3,2,2,2,3,0,2,2,3,3,3,3,2,2,3,3,3,3,3,3,2,2,2,2,3,0,3,1,1,1,3,3,3,3,0,0,1,1,2,2,2,2,2,2,0,2,2,2,2,3,3,1,1,1,1,3,0,3,3,0,2,1,1,3,2,3,1,1,0,2,1,1,1,1,1,2,2,2,2,2,2,2,2,3,3,2,2,3,3,3,3,3,2,2,3,3,3,0,0,0,0,0,0,0,0,0,0,0,0,0,0,3,3,2,2,2,0,3,3,3,0,3,2,2,2,0,0,3,3,3,3,3,3,3,3,3,2,2,3,3,1,3,3,0,2,3,2,2,2,0,3,2,2,2,2,2,2,3,3,3,3,2,2,2,2,2,2,3,3,2,2,3,3,2,2,1,1,2,2"
292,1.4395768532124642,"0,0,3,3,2,1,3,2,1,0,1,1,2,0,3,1,3,3,3,3,3,2,2,2,2,2,3,3,2,3,3,1,1,1,1,1,1,3,3,3,3,2,3,3,3,1,1,0,0,3,3,3,3,3,3,2,2,3,3,2,2,2,3,3,3,2,2,2,2,1,1,3,3,2,2,3,3,1,1,2,2,2,2,2,3,3,2,2,2,3,3,3,3,3,1,1,3,3,3,3,2,2,2,3,0,2,2,3,3,3,3,2,2,3,3,3,3,3,3,2,2,2,2,3,0,3,1,1,1,3,3,3,3,0,0,1,1,2,2,2,2,2,2,0,2,2,2,2,3,3,1,1,1,1,3,0,3,3,0,2,1,1,3,2,3,1,1,0,2,1,1,1,1,1,2,2,2,2,2,2,2,2,3,3,2,2,3,3,3,3,3,2,2,3,3,3,0,0,0,0,0,0,0,0,0,0,0,0,0,0,3,3,2,2,2,0,3,3,3,0,3,2,2,2,0,0,3,3,3,3,3,3,3,3,3,2,2,3,3,1,3,3,0,2,3,3,2,2,0,3,2,2,2,2,2,2,3,3,3,3,2,2,2,2,2,2,3,3,2,2,3,3,2,2,1,1,2,2"
293,1.4390481030833162,"0,0,3,3,2,1,3,2,1,0,1,1,2,0,3,1,3,3,3,3,3,2,2,2,2,2,3,3,2,3,3,1,1,1,1,1,1,3,3,3,3,2,3,3,3,1,1,0,0,3,3,3,3,3,3,2,2,3,3,2,2,2,3,3,3,2,2,2,2,1,1,3,3,2,2,3,3,1,1,2,2,2,2,2,3,3,2,2,2,3,3,3,3,3,1,1,3,3,3,3,2,2,2,3,0,2,2,3,3,3,3,2,2,3,3,3,3,3,3,2,2,2,2,3,0,1,1,1,1,3,3,3,3,0,0,1,1,2,2,2,2,2,2,0,2,2,2,2,3,3,1,1,1,1,3,0,3,3,0,2,1,1,3,2,3,1,1,0,2,1,1,1,1,1,2,2,2,2,2,2,2,2,3,3,2,2,3,3,3,3,3,2,2,3,3,3,0,0,0,0,0,0,0,0,0,0,0,0,0,0,3,3,2,2,2,0,3,3,3,0,3,2,2,2,0,0,3,3,3,3,3,3,3,3,3,2,2,3,3,1,3,3,0,2,3,3,2,2,0,3,2,2,2,2,2,2,3,3,3,3,2,2,2,2,2,2,3,3,2,2,3,3,2,2,1,1,2,2"
294,1.4378729254357792,"0,0,3,3,2,1,3,2,1,0,1,1,2,0,3,1,3,3,3,3,3,2,2,2,2,2,3,3,2,3,3,1,1,1,1,1,1,3,3,3,3,2,3,3,3,1,1,0,0,3,3,3,3,3,3,2,2,3,3,2,2,2,3,3,3,2,2,2,2,1,1,3,3,2,2,3,3,1,1,2,2,2,2,2,3,3,2,2,2,3,3,3,3,3,1,1,3,3,3,3,2,2,2,3,0,2,2,3,3,3,3,2,2,3,3,3,3,3,3,2,2,2,2,3,0,1,1,1,1,3,3,3,3,0,0,1,1,2,2,2,2,2,2,0,2,2,2,2,3,3,1,1,1,1,3,0,3,3,0,2,1,1,3,2,3,1,1,0,2,1,1,1,1,1,2,2,2,2,2,2,2,2,3,3,2,2,3,3,3,3,3,2,2,3,3,3,0,0,0,0,0,0,0,0,0,0,0,0,0,0,3,3,2,2,2,0,3,3,3,0,3,2,2,1,0,0,3,3,3,3,3,3,3,3,3,2,2,3,3,1,3,3,2,2,3,3,2,2,0,3,2,2,2,2,2,2,3,3,3,3,2,2,0,2,2,2,3,3,2,2,3,3,2,2,1,1,2,2"
295,1.4365232320684203,"0,0,3,3,2,1,3,2,1,2,1,1,2,0,3,1,3,3,3,3,3,2,2,2,2,2,3,3,2,3,3,1,1,1,1,1,1,3,3,3,3,2,3,3,3,1,1,0,0,3,3,3,3,3,3,2,2,3,3,2,2,2,3,3,3,2,2,2,2,1,1,2,3,2,2,3,3,1,1,2,2,2,2,2,3,3,2,2,2,3,3,3,3,3,1,1,3,3,3,3,2,2,2,3,0,2,2,3,3,3,3,2,2,3,3,3,3,3,3,2,2,2,2,3,0,3,1,1,1,3,3,3,3,0,0,1,1,2,2,2,2,2,2,0,2,2,2,2,3,3,1,1,1,1,3,0,3,3,0,2,1,1,3,2,3,1,1,0,2,1,1,1,1,1,2,2,2,2,2,2,2,2,3,3,2,2,3,3,3,3,3,2,2,3,3,3,1,0,0,0,0,0,0,0,0,0,0,0,0,0,3,3,1,2,2,0,3,3,3,0,3,2,2,2,0,0,3,3,3,3,3,1,3,3,3,2,2,3,3,1,3,3,0,2,3,3,2,2,0,3,2,2,2,2,2,2,3,3,3,3,0,2,2,2,2,2,3,3,2,2,3,3,2,2,1,1,2,2"
296,1.439631907496035,"0,0,3,3,2,1,3,2,1,2,1,1,2,0,3,1,3,3,3,3,3,2,2,2,2,2,3,3,2,3,3,1,1,1,1,1,1,3,3,3,3,0,3,3,3,1,1,0,0,3,3,3,3,3,3,2,2,3,3,2,2,2,3,3,3,2,2,2,2,1,1,3,3,2,2,3,3,1,1,2,2,2,2,2,3,3,2,2,2,3,3,3,3,3,1,1,3,3,3,3,2,2,2,3,0,2,2,3,3,3,3,2,2,3,3,3,3,3,3,2,2,2,2,3,0,3,1,1,1,3,3,3,3,0,0,1,1,2,2,2,2,2,2,0,2,2,2,2,3,3,1,1,1,1,3,0,3,3,0,2,1,1,3,2,3,1,1,2,2,1,1,1,1,1,2,2,2,2,2,2,2,2,3,3,2,2,3,3,3,3,3,2,2,3,3,3,0,0,0,0,0,0,0,0,0,0,0,0,0,0,3,3,2,2,2,0,3,3,3,0,3,2,2,2,0,0,3,3,3,3,3,3,3,3,3,2,2,3,3,1,3,3,0,2,3,3,2,2,0,3,2,2,2,2,2,2,3,3,3,3,2,2,2,2,2,2,3,3,2,2,3,3,2,2,1,1,2,2"
297,1.4386964602289587,"0,0,3,3,2,1,3,2,1,2,1,1,2,0,3,1,3,3,3,3,3,2,2,2,2,2,3,3,2,3,3,1,1,1,1,1,1,3,3,3,3,0,3,3,3,1,1,0,0,3,3,3,3,3,3,2,2,3,3,2,2,2,3,3,3,2,2,2,2,1,1,3,3,2,2,3,3,1,1,2,2,2,2,2,3,3,2,2,2,3,3,3,3,3,1,1,3,3,3,3,2,2,2,3,0,2,2,3,3,3,3,2,2,3,3,3,3,3,3,2,2,2,2,3,0,3,1,1,1,3,3,3,3,0,0,1,1,2,2,2,2,2,2,0,2,2,2,2,3,3,1,1,1,1,0,0,3,3,0,2,1,1,3,2,3,1,1,2,2,1,1,1,1,1,2,2,2,2,2,2,2,2,3,3,2,2,3,3,3,3,3,2,2,3,3,3,0,0,0,0,0,0,0,0,0,0,0,0,0,0,3,3,2,2,2,0,3,3,3,0,3,2,2,2,0,0,3,3,3,3,3,3,3,3,3,2,2,3,3,1,3,3,0,2,3,2,2,2,0,3,2,2,2,2,2,2,3,3,3,0,2,2,2,2,2,2,3,3,2,2,3,3,2,2,1,1,2,2"
298,1.4397128171720657,"0,0,3,3,2,1,3,2,1,2,1,1,2,0,3,1,3,3,3,3,3,2,2,2,2,2,3,3,2,3,3,1,1,1,1,1,1,3,3,3,3,0,3,3,3,1,1,0,0,3,3,3,3,3,3,2,2,3,3,2,2,2,3,3,3,2,2,2,2,1,1,3,3,2,2,3,3,1,1,2,2,2,2,2,3,3,2,2,2,3,3,3,3,3,1,1,3,3,3,3,2,2,2,3,0,2,2,3,3,3,3,2,2,3,3,3,3,3,3,2,2,2,2,3,0,3,1,1,1,3,3,3,3,0,0,1,1,2,2,2,2,2,2,0,2,2,2,2,3,3,1,1,1,1,0,0,3,3,0,2,1,1,3,2,3,1,1,2,2,1,1,1,1,1,2,2,2,2,2,2,2,2,3,3,2,2,3,3,3,3,3,2,2,3,3,3,0,0,0,0,0,0,0,0,0,0,0,0,0,0,3,3,2,2,2,0,3,3,3,0,3,2,2,2,0,0,3,3,3,3,3,3,3,3,3,2,2,3,3,1,3,3,0,2,3,3,2,2,0,3,2,2,2,2,2,2,3,3,3,3,2,2,2,2,2,2,3,3,2,2,3,3,2,2,1,1,2,2"
299,1.4397425283436882,"0,0,3,3,2,1,3,2,1,2,1,1,2,0,3,1,3,3,3,3,3,2,2,2,2,2,3,3,2,3,3,1,1,1,1,1,1,3,3,3,3,2,3,3,3,1,1,0,0,3,3,3,3,3,3,2,2,3,3,2,2,2,3,3,3,2,2,2,2,1,1,3,3,2,2,3,3,1,1,2,2,2,2,2,3,3,2,2,2,3,3,3,3,3,1,1,3,3,3,3,2,2,2,3,0,2,2,3,3,3,3,2,2,3,3,3,3,3,3,2,2,2,2,3,0,3,1,1,1,3,3,3,3,0,0,1,1,2,2,2,2,2,2,0,2,2,2,2,3,3,1,1,1,1,0,0,3,3,0,2,1,1,3,2,2,1,1,2,2,1,1,1,1,1,2,2,2,2,2,2,2,2,3,3,2,2,3,3,3,3,3,2,2,3,3,3,0,0,0,0,0,0,0,0,0,0,0,0,0,0,3,3,2,2,2,0,3,3,3,0,3,2,2,2,0,0,3,3,3,3,3,3,3,3,3,2,2,3,3,0,3,3,0,2,3,3,2,2,0,3,2,2,2,2,2,2,3,3,3,3,2,2,2,2,2,2,3,3,2,2,3,3,2,2,1,1,2,2"
