generation,fitness,chromosome
0,0.9993559024700951,"2,2,4,1,0,4,4,0,1,3,0,2,1,0,2,3,3,3,4,1,4,0,4,0,1,1,2,1,1,2,3,4,2,0,2,2,2,0,4,1,3,1,0,2,2,3,2,2,3,3,4,3,2,1,1,4,2,3,4,3,0,2,2,4,0,2,1,1,4,4,1,0,1,4,2,3,4,4,3,0,0,2,1,3,0,0,3,1,0,2,4,3,2,0,0,2,2,4,2,3,2,0,0,4,3,3,3,2,4,2,2,3,0,4,1,2,2,4,2,4,2,2,0,1,4,1,3,3,4,0,1,2,4,4,4,4,3,2,2,1,4,4,4,1,3,2,4,3,2,2,0,0,3,3,3,3,1,1,1,4,4,1,2,0,3,2,3,0,3,1,0,0,4,2,1,4,0,3,0,4,4,1,3,0,0,0,2,3,0,3,4,0,4,3,1,2,1,4,0,4,4,2,1,0,4,1,2,2,1,0,2,1,4,0,2,3,3,3,0,0,1,2,4,3,4,4,2,3,4,1,3,0,2,4,0,0,1,0,2,4,0,0,4,2,4,0,2,4,4,0,0,4,0,4,4,0,4,4,4,4,2,4,3,4,4,0,4,1,0,4,2,1,2,4,4,2,3,4"
1,1.0026888190134318,"2,2,4,3,0,4,4,4,1,0,0,2,4,1,3,3,3,3,4,1,4,4,4,4,1,1,4,1,1,2,3,0,2,0,2,0,2,0,0,1,3,4,0,4,2,3,0,3,2,1,3,3,2,2,4,4,3,4,1,1,3,0,2,1,1,3,1,0,0,2,3,2,3,1,2,2,4,0,1,1,2,3,3,1,4,2,1,4,2,2,2,3,0,3,3,1,2,0,1,3,4,4,1,1,2,2,1,3,1,1,1,2,4,4,4,4,0,3,1,0,0,1,3,3,2,1,0,2,0,4,1,3,4,0,0,4,4,0,4,2,3,4,3,2,1,1,4,2,0,1,3,1,4,2,4,2,1,2,4,3,0,1,4,4,1,2,3,0,0,1,4,2,2,4,4,4,3,3,0,3,3,4,2,4,3,4,1,3,2,1,4,2,4,1,4,2,2,0,3,0,1,2,2,3,0,3,1,0,0,0,3,3,1,1,0,3,3,4,1,2,4,1,0,3,1,4,1,2,2,4,0,4,1,2,3,2,4,4,1,0,4,0,4,1,4,4,0,2,4,2,0,4,1,0,3,4,4,2,3,0,2,4,3,3,4,3,1,1,4,4,3,1,2,3,3,1,4,1"
2,1.0041462186767693,"2,2,4,3,0,4,4,4,1,0,0,2,4,0,3,3,3,3,3,1,4,1,3,4,4,1,4,1,1,3,3,0,2,0,2,3,2,3,0,2,4,4,3,4,1,0,3,0,2,1,3,3,2,2,4,4,3,4,1,1,3,0,2,1,1,3,1,0,4,2,3,2,3,1,0,2,4,1,3,1,2,3,3,1,3,2,1,4,2,2,2,3,0,3,3,1,2,3,1,3,4,4,1,1,2,2,1,3,1,1,1,2,4,4,2,4,3,3,4,1,0,1,3,3,2,1,0,2,0,4,4,3,4,0,0,2,4,0,4,4,3,4,4,2,1,1,4,2,0,1,3,1,4,3,0,1,1,2,4,3,0,1,0,4,1,1,3,0,0,1,4,2,2,4,0,4,3,3,3,3,3,4,2,4,3,4,2,3,2,1,4,2,4,1,4,2,1,3,3,2,1,2,2,2,0,3,3,0,1,0,3,3,1,0,0,3,3,4,2,2,2,1,0,3,1,4,1,3,4,4,0,4,1,0,3,2,4,4,1,0,4,3,0,1,4,4,0,2,1,1,0,4,1,0,3,4,4,4,1,0,2,4,3,4,4,3,1,3,3,4,3,1,4,3,3,1,4,1"
3,1.0053452143963821,"2,2,4,3,0,4,4,4,1,0,0,2,4,0,3,3,3,3,4,1,4,4,4,0,0,1,4,1,1,2,3,0,2,0,2,3,2,0,3,2,4,4,3,4,1,0,3,0,3,1,3,4,2,2,4,4,3,4,3,1,4,0,2,1,1,3,1,0,0,2,3,2,3,1,0,4,1,0,3,1,2,3,3,1,3,2,1,4,2,2,2,1,0,3,3,1,2,3,1,3,4,4,1,1,2,2,1,1,1,1,1,2,0,4,4,4,3,1,4,0,1,1,3,3,2,1,2,2,0,4,4,3,4,0,0,1,4,0,4,4,1,4,4,2,1,4,4,3,1,2,3,1,3,2,3,1,1,2,1,3,3,1,0,4,1,4,3,4,0,1,4,0,2,4,4,1,3,3,3,4,3,4,2,4,4,4,4,1,3,3,4,3,4,1,4,0,2,0,3,3,0,2,2,4,0,3,3,0,0,0,1,3,1,3,0,3,1,4,1,2,1,1,0,3,1,0,1,2,2,4,0,4,3,0,3,4,4,4,1,0,4,0,4,1,4,4,0,2,2,2,1,4,1,3,3,4,4,2,3,4,2,1,3,3,4,3,1,1,4,1,1,1,2,3,3,1,4,1"
4,1.005104107988101,"2,2,4,3,0,4,4,4,1,0,0,2,4,0,3,2,3,3,4,1,4,4,4,0,0,1,4,1,1,2,3,0,2,0,2,3,2,0,3,2,4,4,3,4,1,0,3,0,3,1,3,4,2,2,4,4,3,4,3,1,4,0,2,1,1,3,1,0,0,2,3,2,3,1,0,4,1,0,3,1,2,3,3,1,3,2,1,4,2,2,2,1,0,3,3,1,2,3,1,3,4,4,1,1,2,2,1,1,1,1,1,2,0,4,4,4,3,1,4,0,1,1,3,3,2,1,2,2,0,4,4,3,4,0,0,1,4,0,4,4,1,4,4,2,1,4,4,3,1,2,3,1,3,2,3,1,1,2,1,3,3,1,0,4,1,4,3,4,0,1,4,0,2,4,4,1,3,3,3,4,3,4,2,4,4,2,4,1,3,3,4,3,4,1,4,0,2,0,3,3,0,2,2,4,0,3,3,0,0,0,1,3,1,3,0,3,1,4,1,2,1,1,0,3,1,0,1,2,2,4,0,4,3,0,3,4,4,4,1,0,4,0,4,1,4,4,0,2,2,2,1,4,1,3,3,4,4,2,3,4,2,1,3,3,4,3,1,1,4,1,1,1,2,3,3,1,4,1"
5,1.0067060156790484,"2,2,4,3,0,4,4,4,1,0,0,2,4,0,3,2,3,3,4,1,4,4,4,0,0,1,4,1,1,2,3,0,2,0,2,3,2,0,3,2,4,4,3,4,1,0,3,0,3,1,3,4,2,2,4,4,3,4,3,1,4,0,2,1,3,3,1,0,0,2,3,2,3,1,0,4,1,0,3,1,4,3,3,1,3,2,1,4,2,2,2,1,0,3,3,1,2,3,1,3,4,4,1,1,2,2,1,1,1,1,1,2,0,4,4,4,3,1,4,0,1,1,3,3,2,1,2,2,0,4,4,3,4,0,0,1,4,0,4,4,1,4,4,2,1,4,4,3,1,2,3,1,4,3,4,1,1,2,4,3,0,2,1,4,4,2,3,0,1,1,3,2,4,0,4,4,3,3,0,3,4,4,3,4,3,1,1,4,1,1,4,1,4,1,4,2,0,4,0,0,1,2,2,3,0,0,1,0,1,4,3,4,4,1,4,4,0,4,3,3,0,1,1,0,0,0,3,3,1,3,3,4,1,1,3,3,0,4,1,1,4,0,4,4,4,4,3,2,1,0,0,4,1,3,3,4,3,4,1,0,2,4,3,3,4,3,1,1,3,0,3,1,1,3,3,1,4,1"
6,1.0079022283922119,"2,2,4,3,0,4,4,4,1,0,0,2,4,0,3,2,3,3,4,1,4,4,4,0,0,1,4,1,1,2,3,0,2,0,2,3,2,0,3,2,4,4,3,4,1,0,3,0,3,1,3,4,2,2,4,4,3,4,3,1,4,0,2,1,3,3,1,0,0,2,3,2,3,1,0,4,1,0,3,1,4,3,3,1,3,2,1,4,2,2,2,1,0,3,3,1,2,3,1,3,4,4,1,1,2,2,1,1,1,1,1,2,0,4,4,4,3,1,4,0,1,1,3,3,2,1,2,2,2,4,4,3,4,0,0,1,4,0,4,4,1,4,4,2,1,4,4,3,1,2,3,1,3,2,3,1,1,1,1,3,3,3,0,4,4,2,3,4,4,2,4,0,2,0,4,1,0,3,0,4,3,4,2,2,4,4,4,1,4,1,4,3,2,1,4,1,1,0,3,3,0,2,2,4,0,3,3,0,0,0,4,3,1,3,4,1,2,4,3,3,0,1,1,0,0,0,3,3,1,3,3,4,1,1,3,3,0,4,1,1,4,0,4,4,4,4,3,2,4,0,0,4,1,3,3,4,1,4,1,4,2,4,3,4,4,3,1,1,3,0,3,1,1,3,3,1,4,1"
7,1.0083908379934532,"2,2,4,3,0,4,4,4,1,0,0,2,4,0,3,2,3,3,4,1,4,4,4,0,0,1,4,1,1,2,3,0,2,0,2,3,2,0,3,2,4,4,3,4,1,0,3,0,3,1,3,4,2,2,4,4,3,4,3,1,4,0,2,1,3,3,1,0,0,2,3,2,3,1,0,4,1,0,3,1,4,3,3,1,3,2,1,4,2,2,2,1,0,3,3,1,2,3,1,3,4,4,1,4,2,2,1,1,1,1,1,2,0,4,4,4,3,1,4,0,1,1,3,3,2,1,2,2,2,4,4,3,4,0,0,1,4,0,4,4,1,4,4,2,1,4,4,3,1,2,3,2,3,2,3,1,1,1,1,3,3,3,0,4,4,2,3,4,4,2,4,0,2,0,4,1,0,3,0,3,4,4,3,4,3,1,1,4,1,1,4,1,4,1,4,2,0,4,0,0,1,2,2,3,0,0,1,0,1,4,3,4,4,4,4,4,0,4,3,3,0,1,1,0,0,0,3,3,1,3,3,4,1,1,3,3,0,4,1,1,4,0,3,4,4,4,3,2,1,0,0,4,1,3,3,4,3,4,1,0,0,4,3,3,4,3,1,1,3,0,3,1,1,3,3,1,4,1"
8,1.007965122239959,"2,2,4,3,0,4,4,4,1,0,0,2,4,0,3,2,3,3,4,1,4,4,4,0,0,1,4,1,1,2,3,0,2,0,2,3,2,0,3,2,4,4,3,4,1,0,3,0,3,1,3,4,2,2,4,4,3,4,3,1,4,0,2,1,3,3,1,0,0,2,3,2,3,1,0,4,1,0,3,1,4,3,3,1,3,2,1,4,2,2,2,1,0,3,3,1,2,3,1,3,4,4,1,4,2,2,1,1,1,1,1,2,2,4,4,4,3,1,4,0,1,1,3,3,2,1,2,2,2,4,4,3,4,0,0,1,4,0,4,4,1,4,4,2,1,4,4,3,1,2,3,2,3,2,3,1,1,1,1,3,4,3,0,4,4,2,2,4,4,2,4,0,2,0,4,1,0,3,0,3,4,4,3,4,3,1,1,4,1,1,4,1,4,1,4,2,0,4,0,0,1,2,2,3,0,0,1,0,1,4,3,4,4,4,4,4,0,4,3,3,0,1,1,0,0,0,3,3,1,3,3,4,1,1,0,3,0,4,1,1,4,0,4,4,4,4,3,2,1,0,0,4,1,3,3,4,3,4,1,0,2,4,3,4,4,3,4,1,3,0,3,1,1,3,3,1,4,1"
9,1.0114377908698136,"2,2,4,3,0,4,4,4,2,0,0,2,4,0,3,2,3,3,4,1,4,4,4,0,0,1,4,1,1,2,3,0,2,0,2,3,2,4,3,2,4,4,3,4,1,0,0,0,3,1,3,4,2,2,4,4,3,2,3,1,4,3,2,1,4,3,3,0,0,2,3,2,3,1,4,4,1,2,3,1,4,3,3,1,3,4,1,4,2,2,4,1,4,3,3,1,4,3,3,3,4,4,1,4,2,2,1,1,1,1,3,2,1,4,4,4,3,1,4,0,4,1,3,3,2,1,2,2,0,4,4,3,4,0,0,1,0,0,4,4,1,4,4,2,4,4,4,3,1,1,3,1,3,4,4,4,3,2,4,3,0,2,4,4,1,3,3,3,0,4,2,0,2,0,4,3,3,3,3,3,4,4,3,4,3,1,1,4,0,1,4,1,4,1,4,2,0,4,0,0,1,2,2,3,0,0,1,0,1,4,3,4,4,1,4,4,0,4,3,3,0,1,1,0,3,0,3,3,1,3,3,4,1,1,3,3,0,4,1,1,4,0,4,4,4,4,3,2,1,0,1,4,1,3,3,4,3,2,3,4,2,1,1,3,4,3,1,1,4,1,1,4,1,3,3,3,4,1"
10,1.013136673881758,"2,2,4,3,0,4,4,4,2,0,0,2,4,0,3,2,3,3,4,1,4,4,4,0,0,1,4,1,1,2,3,0,2,0,2,3,2,4,3,2,4,4,3,4,1,0,0,0,3,1,3,4,2,2,4,4,3,2,3,1,4,0,2,1,4,3,3,0,0,2,3,2,3,1,4,4,1,2,3,1,0,4,3,1,3,4,1,4,2,4,4,1,4,3,3,2,2,3,1,3,4,4,1,1,2,2,1,1,1,1,1,2,1,4,4,4,3,1,4,0,4,1,3,3,2,1,2,2,0,4,4,3,4,0,0,1,0,0,4,4,1,4,4,2,1,4,4,3,1,1,3,1,3,3,4,4,1,2,4,3,0,2,1,4,4,2,3,4,1,2,4,0,2,0,4,1,0,3,0,3,4,4,3,4,3,1,1,4,1,1,4,1,4,1,4,2,0,0,0,0,1,1,2,3,0,0,1,0,1,4,3,4,4,1,4,2,0,4,3,3,0,1,1,0,0,0,3,3,1,3,3,4,1,1,3,3,0,4,1,1,4,4,3,4,4,4,3,2,1,0,0,1,1,3,3,4,3,4,1,1,1,4,3,3,4,3,1,1,4,1,1,4,1,3,3,3,4,1"
11,1.012420708221503,"2,2,4,3,0,4,4,4,2,0,0,2,4,0,3,2,3,3,4,1,4,4,4,0,0,1,4,1,1,2,3,4,2,0,2,3,2,4,3,2,0,4,3,4,1,0,0,0,3,1,3,4,2,2,4,4,3,2,3,1,4,0,2,1,4,3,3,0,0,2,3,2,3,1,4,4,1,2,3,1,0,4,3,1,3,4,1,4,2,4,4,1,4,3,3,2,2,3,1,3,4,4,1,1,2,2,1,1,1,1,1,2,1,4,4,4,3,1,4,0,4,1,3,3,2,1,2,2,0,4,4,3,4,0,0,1,0,0,4,4,1,4,4,2,1,4,4,3,1,1,3,1,3,3,4,4,1,2,4,3,0,2,1,4,4,2,3,4,1,2,4,0,2,0,4,1,4,3,0,3,4,4,3,4,3,1,1,4,1,1,4,1,4,1,4,2,0,0,0,0,1,1,2,3,0,0,1,0,1,4,3,4,4,1,4,2,0,4,3,3,0,1,1,0,0,0,3,3,1,3,3,4,1,1,3,3,0,4,1,1,4,4,3,4,4,4,3,2,1,0,0,1,1,3,3,4,3,4,1,1,1,4,3,0,4,3,1,1,4,4,1,4,1,3,3,3,4,1"
12,1.011433092790749,"2,2,4,3,0,4,4,4,2,0,0,2,4,0,3,2,3,3,4,1,4,0,4,0,0,1,4,1,1,2,3,0,2,0,2,3,2,4,3,2,4,1,3,4,1,0,0,0,3,1,3,4,4,2,4,4,3,2,3,1,4,0,2,1,4,3,1,0,0,2,3,2,3,1,0,4,1,2,3,1,0,3,3,1,3,4,1,4,2,4,4,1,4,3,3,2,2,3,1,3,4,4,1,1,2,2,1,1,1,1,1,2,1,4,4,4,3,1,4,0,4,1,3,3,2,1,2,2,0,4,4,3,4,0,0,1,0,0,4,4,1,4,4,2,1,4,4,3,1,1,3,1,3,3,4,4,1,2,4,3,0,1,1,4,4,2,3,4,1,0,4,0,2,0,4,1,4,3,0,1,4,4,3,4,3,1,1,4,1,1,4,2,4,1,4,2,0,0,0,0,1,1,2,3,0,0,1,0,1,4,3,4,4,3,4,2,0,4,3,3,0,1,1,0,0,0,3,3,1,3,3,4,1,1,3,3,0,4,1,1,4,4,3,4,4,4,3,2,1,0,0,2,1,3,3,4,3,4,1,1,1,4,3,3,4,3,1,1,4,1,1,4,1,3,3,3,4,1"
13,1.0155186952703854,"2,2,4,3,0,4,4,4,2,0,0,2,4,0,3,2,3,1,4,1,4,4,4,1,0,1,4,1,1,2,3,0,2,0,2,3,2,4,3,2,4,4,3,4,1,0,0,0,4,1,3,4,2,2,4,4,3,4,3,1,4,0,2,1,4,3,3,0,4,2,3,2,3,1,4,4,1,2,3,1,0,4,3,1,3,4,1,4,2,4,4,1,4,3,3,2,2,3,1,3,4,4,1,1,2,2,1,1,1,1,1,4,1,4,4,4,3,1,4,0,4,1,3,3,2,1,2,2,0,4,4,3,4,0,0,1,0,0,4,4,1,4,4,2,1,4,4,3,1,1,3,1,3,3,4,4,1,2,4,3,0,2,1,4,4,2,3,4,1,2,3,0,2,0,4,1,4,3,0,3,4,4,3,4,3,1,1,4,1,1,4,1,4,1,4,2,0,0,0,0,1,1,2,3,0,0,1,0,1,4,3,4,4,1,4,2,1,4,3,3,0,1,1,0,0,0,3,3,1,3,3,4,1,1,3,3,0,4,1,1,4,4,3,4,4,4,3,2,1,0,0,1,1,3,3,4,3,4,1,1,1,4,3,3,4,3,1,1,4,1,0,4,1,3,3,3,4,1"
14,1.0147311532623777,"2,2,4,3,0,4,4,4,2,0,0,2,4,0,3,2,3,1,4,1,4,4,4,1,0,1,4,1,1,2,3,0,2,0,2,3,2,3,3,2,4,4,3,4,1,0,0,0,4,1,3,4,2,2,4,4,3,4,3,1,4,0,2,1,4,3,3,0,4,2,3,2,3,1,4,4,1,2,3,1,0,4,3,1,3,4,1,4,2,4,4,1,4,3,3,2,2,3,1,3,4,4,1,1,2,2,1,1,1,1,1,4,1,4,4,4,3,1,4,0,4,1,3,3,2,1,2,2,0,4,4,3,4,0,0,1,0,0,4,4,1,4,4,2,1,4,4,3,1,1,3,1,3,3,4,4,1,2,4,3,0,2,1,4,4,2,3,2,1,2,3,0,2,0,4,1,4,3,0,3,4,4,3,4,3,1,1,3,3,1,4,1,4,1,4,2,0,0,0,0,1,1,2,3,0,0,1,0,1,4,3,4,4,1,4,2,1,4,3,3,0,1,1,0,0,0,3,3,1,3,3,4,1,1,3,3,0,4,1,1,4,4,3,4,4,4,3,2,1,0,0,1,1,3,3,4,3,4,1,1,1,4,3,3,4,3,1,1,4,1,0,4,1,3,3,3,4,1"
15,1.0160293733725503,"2,2,4,3,4,4,4,4,2,0,0,2,4,0,3,2,3,1,4,1,4,4,4,1,3,1,4,1,1,2,3,0,2,0,2,3,2,3,3,2,4,4,3,4,1,0,0,0,4,1,3,4,2,2,4,4,3,4,3,1,4,0,2,1,4,3,3,0,4,2,3,2,3,1,4,4,1,2,3,1,0,4,3,1,3,4,1,4,2,4,4,1,4,3,3,2,2,3,1,3,4,4,1,1,2,4,1,1,1,1,1,4,1,4,4,4,3,1,4,1,4,1,3,3,2,1,2,2,0,4,4,3,4,0,0,1,0,0,4,4,1,4,4,2,1,4,4,3,1,1,3,1,3,3,4,4,1,2,4,3,0,2,1,4,4,2,0,4,1,2,3,0,2,0,4,1,4,3,0,3,4,4,3,4,3,1,1,4,1,1,4,1,0,1,4,2,0,0,0,0,1,1,2,3,0,0,1,0,1,4,3,4,4,1,4,2,1,4,3,3,0,1,1,0,0,0,3,3,1,3,3,4,1,1,3,3,0,4,1,1,4,4,3,4,4,4,3,2,1,0,0,1,1,3,3,4,3,4,1,1,1,4,3,3,1,3,1,1,4,1,0,4,1,3,3,3,4,1"
16,1.0157836548056798,"2,2,4,3,4,4,4,4,2,0,0,2,4,0,3,2,3,1,4,1,4,4,4,1,3,1,4,1,1,2,3,0,2,0,2,3,2,3,3,2,4,4,3,4,1,0,0,0,4,1,3,4,2,2,4,4,3,4,3,1,4,0,2,1,4,3,3,0,4,2,3,2,3,1,4,4,1,2,3,1,0,4,3,1,3,4,1,4,2,4,4,1,4,3,3,2,2,3,1,3,4,4,1,1,2,4,1,1,1,1,1,4,1,4,4,4,3,1,4,1,4,1,3,3,2,1,2,2,0,4,4,2,4,0,0,1,0,0,4,4,1,4,4,2,1,4,4,3,1,1,3,1,3,3,4,4,1,2,4,3,0,2,1,4,4,2,0,4,1,2,3,0,2,0,4,1,4,3,0,3,4,4,3,4,3,1,1,4,1,1,4,1,0,1,4,2,0,0,0,0,1,1,2,3,0,0,1,0,1,4,3,4,4,1,4,2,1,4,3,3,0,1,1,0,0,0,3,3,1,3,3,4,1,1,3,3,0,4,1,1,4,4,3,4,4,4,3,2,1,0,0,1,1,3,3,4,3,4,1,1,1,4,3,3,1,3,1,1,4,1,0,4,1,3,3,3,4,1"
17,1.0158804652594386,"2,2,4,3,4,4,4,4,2,0,0,2,4,0,3,2,3,1,4,1,4,4,4,1,3,1,4,1,1,2,3,0,2,0,2,3,2,3,3,2,4,4,3,4,1,0,0,0,4,1,3,4,2,2,4,4,3,4,3,1,4,0,2,1,3,3,3,0,4,2,3,2,3,1,4,4,1,2,3,1,0,4,3,1,3,4,1,4,2,4,4,1,4,3,3,2,2,3,1,3,4,4,1,1,2,4,1,1,1,1,1,4,1,4,4,4,3,1,4,1,4,1,3,3,2,1,2,2,0,4,4,2,4,0,0,1,0,0,4,4,1,4,4,2,1,4,4,3,1,1,3,1,3,3,4,4,1,2,4,3,0,2,1,4,4,2,0,4,1,2,3,0,2,0,4,1,4,4,0,3,4,4,3,2,1,1,1,0,1,1,4,1,0,1,4,4,0,0,0,0,1,1,2,3,0,4,1,0,0,4,3,4,4,1,4,2,1,4,3,3,0,1,1,1,0,0,3,3,1,3,3,4,1,1,3,3,0,3,1,1,4,4,3,4,4,4,2,2,1,0,0,1,1,3,1,4,3,4,1,1,1,4,3,3,1,3,1,1,4,1,0,4,1,3,3,3,4,1"
18,1.0166722780594253,"2,2,4,3,4,4,4,4,2,0,0,2,4,0,3,2,3,1,4,1,4,4,4,0,4,1,4,1,4,4,3,0,2,0,2,3,2,4,3,2,4,4,3,4,1,0,0,3,4,1,3,4,2,2,4,4,3,4,3,1,4,0,2,1,4,3,2,0,4,2,3,2,3,1,1,4,1,2,3,1,0,4,3,1,3,4,1,4,2,4,4,1,4,3,0,2,2,3,1,3,4,4,1,1,2,2,1,1,1,1,1,4,1,4,4,4,3,1,4,0,4,1,3,3,2,1,2,2,0,4,4,3,4,0,0,0,0,0,4,4,1,4,4,2,1,4,3,3,1,1,2,1,1,3,4,4,1,2,4,0,0,2,1,4,4,2,2,4,1,2,0,0,2,0,4,1,4,3,0,1,4,4,3,4,3,1,1,4,1,1,4,1,4,1,4,2,0,0,0,0,3,1,2,3,0,2,1,0,1,0,3,3,4,1,4,2,1,4,3,3,2,1,1,0,0,0,3,3,1,3,3,4,1,3,3,3,0,4,1,0,0,4,3,4,4,4,3,2,1,4,0,1,1,3,3,4,3,4,1,1,1,4,3,3,4,3,1,1,4,1,1,4,1,3,3,3,1,1"
19,1.018652144615897,"0,2,4,3,4,4,4,4,2,0,0,2,4,0,3,2,3,1,4,1,4,4,4,0,4,1,4,1,4,4,3,0,2,0,2,3,2,4,3,2,4,4,3,4,1,0,0,3,4,1,3,4,2,2,4,4,3,4,4,1,4,4,2,1,4,1,3,0,4,2,3,2,3,1,4,4,1,2,3,1,0,4,3,1,3,4,1,4,2,4,4,1,4,3,4,2,3,3,1,3,4,4,1,1,2,2,1,1,1,1,1,4,1,4,4,4,3,1,4,0,4,1,3,3,2,1,2,2,0,4,4,3,4,0,0,0,0,0,4,4,1,4,4,2,1,4,4,3,1,1,3,1,3,3,4,4,1,2,1,3,0,2,1,4,4,2,2,4,1,2,3,0,2,0,4,1,4,3,0,3,4,4,3,4,3,1,1,4,1,1,3,1,4,1,4,2,0,0,0,0,1,1,2,3,0,0,1,0,1,4,3,4,4,1,4,2,1,4,3,3,3,1,1,0,0,0,3,3,1,3,3,4,1,1,3,3,0,4,1,1,4,4,3,4,4,4,3,2,1,4,3,1,1,3,3,4,3,4,1,1,1,4,3,3,4,4,3,1,4,1,4,4,1,3,3,3,1,1"
20,1.0182760095570975,"0,2,4,3,4,4,4,4,2,0,0,2,4,0,3,2,3,1,4,1,4,4,4,0,4,1,4,1,4,4,3,0,2,0,2,3,2,4,3,2,4,4,3,4,1,0,0,3,1,1,3,4,2,2,4,4,3,4,4,1,4,0,2,1,4,1,3,0,4,2,3,2,3,1,4,4,1,2,0,1,0,4,3,3,3,1,1,3,2,4,4,1,4,3,4,2,3,3,1,3,4,4,1,1,2,2,1,1,1,1,1,4,1,4,4,4,3,1,4,0,4,1,3,3,2,1,2,2,4,4,4,3,4,0,0,0,0,0,4,4,1,4,4,2,1,4,4,3,1,1,3,1,3,3,4,4,1,2,4,3,0,2,1,4,4,2,2,4,1,2,3,0,2,0,4,1,4,3,0,1,4,4,3,4,3,1,1,4,1,1,4,1,4,1,4,2,0,0,0,0,1,1,2,3,0,0,1,0,1,4,3,4,4,1,4,2,1,4,3,3,3,1,1,0,0,0,3,3,1,3,3,4,1,1,3,3,0,4,1,1,4,4,3,4,4,4,3,4,1,4,3,1,1,3,3,4,3,4,4,1,1,4,3,4,4,1,4,1,4,1,4,4,1,3,3,3,1,1"
21,1.0217244723778638,"0,2,4,3,4,4,4,4,2,0,0,2,4,0,3,2,3,1,4,1,4,4,4,0,4,1,4,1,4,4,3,0,2,0,2,2,2,4,3,2,4,4,3,4,1,0,0,3,1,1,3,4,1,2,4,4,3,4,4,1,4,0,2,1,4,1,3,0,4,2,3,2,3,1,4,4,1,2,3,1,0,4,3,1,3,4,1,4,1,4,4,1,4,3,4,2,3,3,1,3,4,4,1,1,4,2,1,1,1,1,1,4,1,4,4,4,3,1,4,0,4,1,3,3,2,1,2,2,2,4,4,3,4,0,0,0,0,0,4,4,1,4,4,2,1,4,4,3,1,1,3,1,3,0,4,4,1,2,1,3,0,2,1,4,4,2,2,4,1,2,0,0,2,0,4,1,4,3,0,1,4,4,3,4,3,1,1,4,1,1,4,1,4,1,4,2,0,0,0,0,3,1,2,3,0,0,1,0,1,0,3,4,4,1,4,2,1,4,3,3,0,1,1,3,0,0,3,3,1,3,3,4,1,1,4,3,0,4,4,1,1,4,3,4,4,4,3,4,1,4,3,1,1,3,3,4,3,4,4,1,1,4,3,4,4,1,4,1,4,1,4,4,1,3,3,3,1,1"
22,1.0218043883670735,"0,2,4,3,4,4,4,4,2,0,0,2,4,0,3,2,3,1,4,1,4,4,4,0,4,1,4,1,4,4,3,0,2,0,2,2,2,4,3,2,1,4,3,4,1,0,0,3,1,1,3,4,1,2,4,4,3,4,4,1,4,0,2,1,4,1,3,0,4,2,3,2,4,1,4,4,1,2,3,1,0,4,3,1,3,4,1,4,1,4,4,1,4,3,4,2,3,3,1,3,4,4,1,1,4,2,1,1,1,1,1,4,1,4,4,4,3,1,4,0,4,1,3,3,2,1,2,2,2,4,4,3,4,0,0,0,0,0,4,4,1,4,4,2,1,4,4,3,1,1,3,1,3,0,4,4,1,2,1,3,0,2,1,4,4,2,2,4,1,2,0,0,2,0,4,1,4,3,0,1,4,4,3,4,3,1,1,4,1,1,4,1,4,1,4,2,0,0,0,0,3,1,2,3,0,0,1,0,1,0,3,4,4,1,4,2,1,4,3,3,0,1,1,3,0,0,3,3,1,3,3,4,1,1,4,3,0,4,4,1,1,4,3,4,4,4,3,4,1,4,3,1,1,3,3,4,3,4,4,1,1,4,3,4,4,1,4,1,4,1,4,4,1,3,3,3,1,1"
23,1.0227176152257003,"0,2,4,3,4,4,4,4,2,0,0,2,4,0,3,2,3,1,4,1,4,4,4,0,4,1,4,1,4,4,3,0,2,0,2,2,2,4,3,2,1,4,3,4,1,0,0,3,1,1,3,4,1,2,4,4,3,4,4,1,4,0,2,1,4,1,3,0,4,2,3,2,4,1,4,4,1,2,3,1,0,4,3,1,3,4,1,4,1,4,4,1,4,3,4,2,3,3,1,3,4,4,1,1,4,2,4,1,1,1,1,4,1,4,4,4,3,1,4,0,4,1,3,3,2,1,2,2,2,4,4,3,4,0,0,0,0,0,4,4,1,4,4,2,1,4,4,3,1,1,3,1,3,0,4,4,1,4,1,3,0,2,1,4,4,2,2,4,1,2,0,0,2,0,4,1,4,3,0,1,4,4,3,4,3,1,1,4,1,1,4,1,4,1,4,2,0,0,0,0,3,1,2,3,0,0,3,0,1,0,3,4,4,1,4,2,1,4,3,3,4,4,1,3,0,0,3,3,1,3,3,4,1,1,4,4,0,4,4,1,1,4,3,4,4,4,3,4,1,4,3,1,1,3,3,4,3,4,4,1,1,3,3,4,4,1,4,1,4,1,4,4,1,3,3,3,1,1"
24,1.0229398837797805,"0,2,4,3,4,4,4,4,2,0,0,2,4,0,3,2,3,1,4,1,4,4,4,0,4,1,4,1,4,4,3,0,2,0,2,2,2,4,3,2,4,4,3,4,1,0,0,3,1,1,3,4,1,3,4,4,3,4,4,1,4,0,2,4,4,1,3,0,4,2,3,2,3,1,4,4,1,2,3,1,0,4,3,1,3,4,1,4,1,4,4,1,4,3,4,2,3,3,1,3,4,4,1,1,4,2,1,1,1,1,1,4,1,4,4,4,3,1,4,0,4,1,3,3,2,1,2,2,2,4,4,3,4,0,0,0,0,0,4,4,1,4,4,2,1,4,4,3,1,1,3,1,3,0,4,4,1,4,1,3,0,2,1,4,4,2,2,4,1,2,0,0,2,0,4,1,4,3,0,1,4,4,3,4,3,1,1,4,1,1,4,1,4,1,4,2,0,0,0,0,3,1,2,3,0,0,3,0,1,0,3,4,4,1,4,2,1,4,3,3,0,4,1,3,0,0,3,3,1,3,3,4,1,1,4,4,0,4,4,1,1,4,3,4,4,4,3,4,1,4,3,1,1,3,3,4,4,4,4,1,1,4,3,4,4,1,4,1,4,1,4,4,1,3,3,3,1,1"
25,1.0235329588151396,"0,2,4,3,4,4,4,4,2,0,0,2,4,0,3,2,3,1,4,1,4,4,4,0,4,3,4,1,4,4,3,0,2,0,2,2,2,4,3,2,4,4,3,4,1,0,0,3,1,1,3,4,1,3,4,4,3,4,4,1,4,0,2,4,4,1,3,0,4,2,3,2,3,1,4,4,1,2,3,1,0,4,3,1,3,4,1,4,1,4,4,1,4,3,4,2,3,3,1,3,4,4,1,1,4,2,1,1,1,1,1,4,1,4,4,4,4,4,4,0,4,1,3,3,2,1,2,2,2,4,4,3,4,0,0,0,0,3,4,4,1,4,4,2,1,4,4,3,1,1,3,2,3,0,4,4,1,4,1,3,0,2,1,4,4,2,2,4,1,2,0,0,2,0,4,1,4,3,0,1,4,4,3,4,3,1,1,4,1,1,4,1,4,1,4,2,0,0,0,0,3,1,2,3,0,0,3,0,1,0,3,4,4,1,4,2,1,4,3,3,0,3,1,3,0,0,3,3,1,3,3,4,1,1,4,4,0,4,4,1,1,4,3,4,4,4,3,4,1,4,3,1,1,3,3,4,3,4,4,1,1,4,3,4,4,1,4,1,4,1,4,4,1,3,3,3,1,1"
26,1.023018238764233,"0,2,4,3,4,4,4,4,2,0,0,2,4,0,3,2,3,1,4,1,4,4,4,0,4,3,4,1,4,4,3,0,2,0,2,2,2,4,3,2,4,4,3,4,1,0,0,3,1,1,3,4,1,3,4,1,3,4,4,1,4,0,2,4,4,1,3,0,4,2,3,2,3,1,4,4,1,2,2,1,0,4,3,1,3,4,1,4,1,4,4,1,4,3,4,4,3,3,1,3,4,4,1,1,4,2,1,1,1,1,1,4,1,4,4,4,4,4,4,0,4,1,3,3,2,1,2,2,2,4,4,3,4,0,0,0,0,3,4,4,1,4,4,2,1,4,4,4,1,1,3,2,3,0,4,4,1,4,1,3,0,2,1,4,4,2,2,4,1,2,0,0,2,0,4,1,4,3,0,1,4,4,3,4,3,1,1,4,0,1,4,1,4,1,4,2,0,0,0,0,3,1,2,3,0,0,3,0,1,0,3,4,4,1,4,2,1,4,3,3,0,3,1,3,0,0,3,3,1,3,3,4,1,1,4,4,0,4,4,1,1,4,3,4,4,4,3,4,1,4,3,1,4,3,3,4,4,4,4,1,1,4,3,4,4,1,4,1,4,1,4,4,1,3,3,3,1,1"
27,1.0228601167732323,"0,2,4,3,4,4,4,4,2,0,0,2,4,0,3,2,3,1,4,1,4,4,4,0,4,3,4,1,4,4,3,0,2,0,2,2,2,4,3,2,4,4,3,4,1,0,0,3,1,1,3,4,1,3,4,1,3,4,4,1,4,0,2,4,4,1,3,0,4,2,3,2,4,1,4,4,1,2,2,1,0,4,3,1,3,4,1,4,1,4,4,1,4,3,4,4,3,3,1,3,4,4,1,1,4,2,1,1,1,1,1,4,1,4,4,4,3,4,4,0,4,1,3,3,2,1,2,2,2,4,4,3,4,0,0,0,0,3,4,4,1,4,4,2,1,4,4,3,1,1,3,2,3,0,4,4,1,4,1,3,0,2,1,4,4,2,2,4,1,2,0,0,2,0,4,1,4,3,3,1,4,4,3,1,3,1,1,4,1,1,4,1,3,1,4,2,0,0,0,0,3,3,2,3,1,0,3,0,1,0,3,4,4,1,4,2,1,4,3,3,4,4,4,3,0,0,3,3,1,3,3,4,1,1,4,4,0,4,4,1,1,4,3,4,4,4,3,4,1,4,3,1,1,3,3,4,3,4,4,2,1,3,3,4,4,1,4,1,4,1,4,4,1,3,3,3,1,1"
28,1.0255368552678408,"0,2,4,3,4,4,4,4,2,0,0,2,4,0,3,2,3,1,4,1,4,4,4,0,4,4,4,1,4,4,3,0,2,0,2,2,2,4,3,2,4,4,3,4,1,0,0,3,1,1,3,4,1,3,4,4,3,4,4,1,4,0,2,4,4,1,3,0,4,2,3,4,3,1,4,4,1,2,3,1,0,4,3,1,3,4,1,4,1,4,4,1,4,3,4,2,3,3,1,3,4,4,1,1,4,2,1,1,1,1,1,4,1,4,4,4,3,4,4,0,4,1,3,3,2,1,2,2,2,4,4,4,4,0,0,0,0,3,4,4,1,4,4,2,1,4,4,3,1,1,3,2,3,0,4,4,1,4,1,3,0,2,1,4,4,2,2,4,1,2,0,0,2,0,4,1,4,3,0,1,4,4,3,4,3,1,1,4,1,1,4,1,4,1,4,2,0,0,0,0,3,1,2,0,0,0,3,0,1,0,3,4,4,1,4,2,1,4,3,3,4,4,4,3,0,0,3,3,1,3,3,4,1,1,4,4,0,4,4,1,1,4,3,4,4,4,2,4,1,4,3,1,4,3,3,4,4,4,4,1,1,4,3,4,4,1,4,1,4,4,4,4,1,3,3,3,1,1"
29,1.024757056521359,"0,2,4,3,4,4,4,4,2,0,0,2,4,0,3,2,3,1,4,1,4,4,4,0,4,4,4,1,4,4,3,0,2,0,2,2,2,4,3,2,4,4,3,4,1,0,0,3,1,1,3,4,1,3,4,4,3,4,4,1,4,0,2,4,4,1,3,0,4,2,3,4,3,1,4,4,1,2,3,1,0,4,3,1,3,4,1,4,1,4,4,1,4,3,4,2,3,3,1,3,4,4,1,1,4,2,1,1,1,1,1,4,1,4,4,4,3,4,4,0,4,1,3,3,2,1,2,2,2,4,4,3,4,0,0,0,0,3,4,4,1,4,4,2,1,4,4,3,1,1,3,2,3,0,4,4,1,4,1,3,0,2,1,4,4,2,2,4,1,2,0,0,2,0,4,1,4,3,0,1,4,4,3,4,3,1,1,4,1,1,4,1,4,1,4,2,0,0,0,0,3,1,2,3,0,0,3,0,1,0,3,4,4,1,4,2,1,4,3,3,4,4,4,3,0,0,1,3,1,3,3,4,1,1,4,4,0,4,4,1,1,4,3,4,0,4,3,4,1,4,3,1,1,3,3,4,3,4,4,1,1,4,3,4,4,1,4,1,4,1,4,4,1,3,3,3,1,1"
30,1.024757056521359,"0,2,4,3,4,4,4,4,2,0,0,2,4,0,3,2,3,1,4,1,4,4,4,0,4,4,4,1,4,4,3,0,2,0,2,2,2,4,3,2,4,4,3,4,1,0,0,3,1,1,3,4,1,3,4,4,3,4,4,1,4,0,2,4,4,1,3,0,4,2,3,4,3,1,4,4,1,2,3,1,0,4,3,1,3,4,1,4,1,4,4,1,4,3,4,2,3,3,1,3,4,4,1,1,4,2,1,1,1,1,1,4,1,4,4,4,3,4,4,0,4,1,3,3,2,1,2,2,2,4,4,3,4,0,0,0,0,3,4,4,1,4,4,2,1,4,4,3,1,1,3,2,3,0,4,4,1,4,1,3,0,2,1,4,4,2,2,4,1,2,0,0,2,0,4,1,4,3,0,1,4,4,3,4,3,1,1,4,1,1,4,1,4,1,4,2,0,0,0,0,3,1,2,3,0,0,3,0,1,0,3,4,4,1,4,2,1,4,3,3,4,4,4,3,0,0,1,3,1,3,3,4,1,1,4,4,0,4,4,1,1,4,3,4,0,4,3,4,1,4,3,1,1,3,3,4,3,4,4,1,1,4,3,4,4,1,4,1,4,1,4,4,1,3,3,3,1,1"
31,1.0267885384895827,"0,2,4,3,4,3,4,4,2,0,0,2,4,0,3,2,3,1,4,1,4,4,4,0,4,4,4,1,4,4,3,0,2,0,2,2,2,4,3,2,4,4,3,4,1,0,0,3,1,1,3,4,1,3,4,4,3,4,4,1,4,0,2,4,4,1,3,0,4,2,3,4,3,1,4,4,1,2,3,1,0,4,3,1,3,4,1,4,3,4,4,1,4,3,4,2,3,3,1,3,4,4,1,1,1,2,1,1,1,1,4,4,1,4,4,4,3,4,4,0,4,1,3,3,2,1,2,2,2,4,4,3,4,0,0,0,0,3,4,4,1,4,4,2,1,4,4,3,1,1,0,2,3,0,4,4,1,4,1,3,0,2,1,4,4,2,2,4,1,2,0,0,2,0,4,1,4,3,0,1,4,4,3,4,3,1,1,4,1,1,4,1,4,1,4,4,0,0,0,0,3,1,2,3,0,0,1,0,1,0,3,4,4,1,4,2,1,4,4,3,4,4,4,3,0,0,3,3,1,3,3,4,1,1,4,4,0,4,4,1,1,4,3,4,4,4,3,1,1,4,3,1,4,3,3,4,4,4,4,1,1,4,3,4,4,1,4,1,4,4,4,4,1,3,3,3,1,1"
32,1.025970783428375,"0,2,4,3,4,3,4,4,2,0,0,2,4,0,3,2,3,1,4,1,4,4,4,0,4,4,4,1,4,4,3,0,2,0,2,2,2,4,3,2,4,4,3,4,1,0,0,3,1,1,3,4,1,3,4,4,3,4,4,1,4,0,2,4,4,1,3,0,4,2,3,4,3,1,4,4,1,2,3,1,0,4,3,1,0,4,1,4,3,4,4,1,4,3,4,2,3,3,1,3,4,4,1,1,1,2,1,1,1,1,4,4,1,3,4,4,3,4,4,0,4,1,3,3,2,1,2,2,2,4,4,3,4,0,0,0,0,3,4,4,1,4,4,2,1,4,4,3,1,1,0,2,3,0,4,4,1,4,1,3,0,2,1,4,4,2,2,4,4,2,0,0,2,0,4,1,4,3,0,1,4,4,3,4,4,1,1,4,1,1,4,1,4,1,4,4,0,0,0,0,3,1,2,3,0,0,1,0,1,0,3,4,4,1,4,2,1,4,4,3,4,4,4,3,0,0,3,3,1,3,3,4,1,2,4,4,0,4,4,1,1,4,3,4,4,4,3,1,1,4,3,1,2,3,3,4,4,4,4,1,1,4,3,4,4,1,4,3,4,4,4,4,1,3,3,3,1,1"
33,1.0267154095818412,"0,2,4,3,4,3,4,4,2,1,0,2,4,0,3,2,3,1,4,1,4,4,4,0,4,4,4,1,4,4,3,0,2,0,2,2,2,4,3,2,4,4,3,4,1,0,0,3,1,1,3,4,1,3,4,4,3,4,4,1,4,0,2,4,4,1,3,0,4,2,3,4,3,1,4,4,1,2,3,1,0,4,3,1,0,4,1,4,3,4,4,1,4,3,4,2,3,3,1,3,4,4,1,1,1,2,1,1,1,1,4,4,1,4,4,4,3,4,4,0,4,1,3,3,2,1,2,2,2,4,4,3,4,0,0,0,0,3,4,4,1,4,4,2,1,4,4,3,1,1,0,2,3,0,4,4,1,4,1,3,0,2,1,4,4,2,2,4,1,2,1,0,2,0,4,1,4,3,0,1,4,4,3,4,3,1,1,4,1,1,4,1,4,1,4,4,0,0,0,0,3,1,2,3,0,0,3,0,1,0,3,4,4,2,4,2,1,4,3,3,4,4,4,3,0,0,4,3,1,3,3,4,1,1,4,4,4,4,4,1,1,4,3,4,4,4,3,4,3,4,3,1,4,3,3,4,4,4,4,1,1,1,3,4,4,1,4,1,4,4,4,4,1,3,0,3,3,1"
34,1.029107556609228,"0,2,4,3,4,3,4,4,2,1,0,2,4,0,3,2,3,1,4,1,4,4,4,0,4,4,4,1,4,4,3,0,2,0,2,2,2,4,3,2,4,4,3,4,1,0,0,3,1,1,3,4,1,3,4,4,3,4,4,1,4,0,2,4,4,1,3,3,4,2,3,4,3,1,4,4,1,2,3,1,0,4,4,1,3,4,1,4,3,4,4,1,4,3,3,2,0,3,1,3,4,4,1,1,1,2,1,3,1,1,4,4,1,4,4,4,3,4,4,0,4,1,3,3,2,1,2,2,2,4,4,3,4,0,0,0,0,3,4,4,1,4,4,2,1,4,4,3,1,1,0,2,3,0,4,4,1,4,1,3,0,2,1,4,4,2,2,4,4,2,0,0,2,0,4,1,4,3,0,1,4,4,3,4,4,1,1,4,1,2,4,1,4,1,4,4,0,0,0,0,3,1,2,3,0,0,1,0,1,0,3,4,4,4,4,2,1,4,3,3,4,4,4,4,0,0,4,3,1,3,3,4,1,1,4,4,4,4,4,1,1,4,3,4,4,4,3,4,3,4,3,1,4,3,3,4,4,4,4,1,1,4,3,4,4,1,4,3,4,4,4,4,1,3,3,3,1,1"
35,1.0286591503105575,"0,2,4,3,4,3,4,4,2,1,0,2,4,0,3,2,3,1,4,1,4,4,4,0,4,4,4,1,4,4,3,0,2,0,2,2,2,4,3,2,4,4,3,4,1,0,0,3,1,1,3,4,1,3,4,4,3,4,0,1,4,0,2,4,4,1,3,3,4,2,3,4,3,1,4,4,1,2,3,1,0,4,4,1,3,4,1,4,3,4,4,1,4,3,3,2,0,3,1,3,4,4,1,1,1,2,1,3,1,1,4,4,1,4,4,4,3,4,4,0,4,1,3,3,2,1,2,2,2,4,4,3,4,0,0,0,0,3,4,4,1,4,4,2,1,4,4,3,1,1,0,2,3,0,4,4,1,4,1,1,0,2,1,4,4,2,2,4,4,2,0,0,2,0,4,1,4,3,0,1,4,4,3,4,4,3,1,4,1,2,4,1,4,1,4,4,0,0,0,0,3,1,2,3,0,0,1,0,1,0,3,4,4,4,4,2,1,4,3,3,4,4,4,4,0,0,4,3,1,3,3,4,1,1,4,4,4,4,4,1,1,4,3,4,4,4,3,4,3,4,3,1,4,3,3,4,4,4,4,1,1,1,3,4,4,1,4,1,4,4,4,4,1,3,0,3,3,1"
36,1.0283649443683114,"0,2,4,3,4,3,4,4,2,1,0,2,4,0,3,2,3,1,4,1,4,4,4,0,4,4,4,1,4,4,3,0,2,0,2,2,2,4,3,2,4,4,3,4,1,0,0,3,1,1,0,4,1,3,4,4,3,4,4,4,4,0,2,4,4,1,3,3,4,2,3,4,3,1,4,4,1,2,1,1,0,4,4,1,3,4,1,4,3,4,4,1,4,3,3,2,3,3,1,3,4,4,1,1,1,2,1,3,1,0,4,4,1,4,4,4,3,4,4,0,4,1,3,3,2,1,2,2,2,4,4,3,4,0,0,0,0,3,4,4,1,4,4,2,4,4,4,3,1,1,0,2,3,0,4,4,1,4,4,3,0,2,1,4,4,2,2,4,4,2,0,0,2,0,4,1,4,3,0,1,4,4,3,4,4,1,1,4,1,2,4,1,4,1,4,4,0,0,0,0,3,1,2,3,0,0,1,0,1,0,3,4,4,4,4,2,1,0,3,3,4,4,2,4,0,0,4,3,1,3,3,4,1,1,4,4,4,4,4,1,1,4,3,4,2,4,3,4,3,4,3,1,4,3,3,4,4,4,4,1,1,1,4,4,4,1,4,1,4,4,4,4,1,3,0,3,1,1"
37,1.030842578569838,"0,2,4,3,4,3,4,4,2,1,0,2,4,0,3,2,3,1,4,1,4,4,4,0,4,4,4,1,4,4,3,0,2,0,2,2,2,4,3,2,4,4,1,4,1,0,0,3,1,1,4,4,1,3,4,4,3,4,4,1,4,0,2,4,4,1,3,3,4,2,0,4,3,1,4,4,4,2,0,1,0,4,4,1,3,4,1,4,3,4,4,1,4,3,3,2,3,3,1,3,4,4,1,1,1,2,1,3,1,0,4,0,1,4,4,4,3,4,4,1,4,1,3,3,2,1,2,2,2,4,3,3,4,0,0,0,0,3,4,4,4,4,4,2,4,4,4,4,1,1,0,2,3,0,4,4,1,4,1,3,0,2,1,4,4,2,2,4,4,2,0,0,2,0,4,1,4,3,0,1,4,4,3,4,4,1,1,4,1,2,4,1,4,1,4,4,0,0,0,0,3,1,2,3,0,0,1,0,1,0,3,4,4,4,4,2,1,4,3,3,4,1,4,4,0,0,4,3,1,3,3,4,1,1,4,4,4,4,4,2,3,4,3,4,4,4,3,4,3,4,3,1,4,3,3,4,4,4,4,1,1,1,4,4,4,1,4,1,3,4,4,4,1,3,0,3,1,1"
38,1.031529305536238,"0,2,4,3,4,3,4,4,2,1,0,2,4,0,3,2,3,1,4,1,4,4,4,3,4,4,4,1,4,4,3,0,2,0,2,2,2,4,3,2,4,4,1,4,1,0,0,3,1,1,4,4,1,3,4,4,3,4,4,1,4,0,2,4,4,1,3,3,4,2,0,4,3,1,4,4,4,2,0,1,0,4,4,1,3,4,1,4,3,4,4,1,4,3,3,2,3,3,1,2,4,4,1,1,1,4,1,3,1,0,4,4,1,4,4,4,3,4,4,1,4,1,3,3,2,1,2,2,2,4,4,3,4,0,0,0,0,3,4,4,1,4,4,2,4,4,4,4,1,1,0,2,3,0,4,4,1,4,1,3,0,2,1,4,4,2,2,4,4,2,0,0,2,0,4,1,4,3,0,1,4,4,3,4,4,1,1,4,1,2,4,1,4,1,4,4,0,0,0,0,3,1,2,3,0,0,1,0,1,0,3,4,4,4,4,2,1,4,3,3,4,1,4,4,0,0,4,3,1,3,3,4,1,1,4,4,4,4,4,1,1,4,3,4,4,4,3,4,3,4,3,1,4,3,3,4,4,4,4,1,1,1,3,4,4,1,4,1,4,4,4,4,1,3,0,3,3,1"
39,1.0310825159998909,"0,2,4,3,4,3,4,4,2,1,0,2,4,0,3,2,3,1,4,1,4,4,4,3,4,4,4,1,4,4,3,0,2,0,2,2,2,4,3,2,4,4,1,4,1,0,0,3,1,1,4,4,1,3,4,4,3,4,4,1,4,0,2,4,4,1,3,3,4,2,0,4,3,1,4,4,4,2,0,1,0,4,4,1,3,4,1,4,3,4,4,1,4,3,3,2,3,3,1,2,4,4,1,1,1,4,1,3,1,0,4,4,1,4,4,4,3,4,4,1,4,1,3,3,2,1,2,2,2,4,4,3,4,0,0,0,0,3,4,4,1,4,4,2,4,4,4,4,1,1,0,2,3,0,4,4,1,4,1,3,0,2,1,4,4,2,2,4,4,2,0,0,2,0,4,1,4,3,0,1,4,4,3,4,4,4,1,4,1,2,4,1,4,1,4,4,0,0,0,0,3,1,2,3,0,0,1,0,1,0,3,4,4,4,4,2,1,4,3,3,4,1,4,4,0,0,4,2,1,3,3,4,1,1,4,4,4,4,4,2,3,4,3,4,4,4,3,4,2,4,3,1,4,3,3,4,4,4,4,1,1,1,4,4,4,1,4,1,4,4,4,4,1,3,0,3,3,1"
40,1.0327782872645745,"0,0,4,3,4,0,4,4,2,1,0,2,4,0,3,2,3,1,4,1,4,4,4,3,4,4,4,1,4,4,3,0,2,0,2,2,2,4,3,2,4,4,1,4,1,0,0,3,1,1,4,4,1,3,4,4,3,4,4,1,4,0,2,4,4,1,3,3,4,2,0,4,3,1,4,4,4,2,0,1,0,4,4,1,3,4,1,4,3,4,4,1,4,3,3,2,3,3,1,2,4,4,1,1,1,4,1,3,1,0,4,4,1,4,4,4,3,4,4,1,4,1,3,3,2,1,2,2,2,4,4,3,4,0,3,0,0,3,4,4,1,4,4,2,4,4,4,4,1,1,0,2,3,0,4,4,1,4,1,3,0,2,1,4,4,2,2,4,4,2,0,0,2,0,4,1,4,3,0,1,4,4,3,4,4,4,1,4,1,2,4,1,4,1,4,4,0,0,0,0,3,1,2,3,0,0,1,0,1,0,3,4,4,4,4,2,1,4,3,3,4,1,4,1,0,0,4,2,1,3,3,4,1,1,4,4,4,4,4,2,3,4,3,3,4,4,4,4,3,4,3,1,4,3,3,4,1,4,4,1,1,1,4,4,4,1,4,1,4,4,4,4,1,3,0,3,3,1"
41,1.0326445044757624,"0,0,4,3,4,0,4,4,2,1,0,2,4,0,3,2,3,1,4,1,4,4,4,3,4,4,4,1,4,4,3,0,2,0,2,2,2,4,3,2,4,4,1,4,1,0,0,3,1,1,4,4,1,3,4,4,3,4,4,1,4,0,2,4,4,1,3,3,4,2,0,4,3,1,4,4,4,2,0,1,0,4,4,1,3,4,1,4,3,4,1,1,4,3,3,2,3,3,1,2,4,4,1,1,1,4,1,3,1,0,4,4,1,4,4,4,3,4,4,1,4,1,3,3,2,1,2,2,2,4,4,3,4,0,3,0,0,3,4,4,1,4,4,2,4,4,4,4,1,1,0,2,3,0,4,4,1,4,1,3,0,2,1,4,4,2,2,4,4,2,0,0,2,0,4,1,4,3,0,1,4,4,3,4,4,4,1,4,1,2,4,1,4,1,4,4,0,0,0,0,3,1,2,3,0,0,1,0,1,0,3,4,4,4,4,2,1,4,3,3,4,1,4,1,0,0,4,2,1,3,3,4,1,1,4,4,4,4,4,2,3,4,3,3,4,4,4,4,3,4,3,1,4,3,3,4,1,4,4,1,1,1,4,4,4,1,4,1,4,4,4,4,1,3,0,3,3,1"
42,1.0335620193646942,"0,0,4,3,4,0,4,4,2,1,0,2,4,0,3,2,3,1,4,1,4,4,4,3,4,4,4,1,4,4,3,0,2,0,2,2,2,4,3,2,4,4,1,4,1,0,0,3,1,1,4,4,1,3,4,4,3,4,4,1,4,0,2,4,4,1,3,3,4,2,0,4,3,1,4,4,4,2,0,1,0,4,4,1,3,4,1,4,3,4,1,1,4,3,3,2,3,3,1,2,4,4,1,1,1,4,1,3,1,1,4,4,1,4,4,4,3,4,4,1,4,1,3,3,2,1,2,2,2,4,4,3,4,0,3,0,0,3,4,4,1,4,4,2,4,4,4,4,1,1,0,2,3,0,4,4,1,4,1,3,0,2,1,4,4,2,2,4,4,2,0,0,2,0,4,1,3,3,0,1,4,4,3,4,4,4,1,4,1,2,4,1,4,1,4,4,0,0,0,0,3,1,2,3,0,0,1,0,1,0,3,4,4,4,4,2,1,4,3,4,4,1,4,4,3,2,4,2,1,3,3,4,1,1,4,4,4,4,4,2,3,4,3,3,4,4,4,4,3,4,3,1,4,3,3,4,1,4,4,1,1,1,4,4,4,1,4,1,4,4,4,4,1,3,0,3,3,1"
43,1.0337481618574798,"0,0,4,3,4,0,4,4,2,1,0,2,4,0,3,2,3,1,4,1,4,4,4,3,4,4,4,1,4,4,3,0,2,0,2,2,2,4,3,2,4,4,1,4,1,0,0,3,1,1,4,4,1,3,4,4,3,4,4,1,4,0,2,4,4,1,3,3,4,2,0,4,3,1,4,4,4,2,0,1,0,4,4,1,3,4,1,4,3,4,1,1,4,3,3,2,3,3,1,2,4,4,1,1,1,4,1,3,1,1,4,4,1,4,4,4,3,4,4,1,4,1,3,3,2,1,2,2,2,4,4,3,4,0,3,0,0,3,4,4,1,4,4,2,4,4,4,4,1,1,0,2,3,0,4,4,1,4,1,3,0,2,1,4,4,2,2,4,4,2,0,0,2,0,4,1,3,3,0,1,4,4,3,4,4,4,1,4,1,2,4,1,4,1,4,4,0,0,0,0,3,1,2,3,0,0,1,0,1,0,3,4,4,4,4,2,1,4,3,4,4,1,4,4,3,2,4,2,1,3,3,4,1,1,4,4,4,4,4,2,3,4,3,3,4,4,4,4,3,4,4,1,4,3,3,4,1,4,4,1,1,1,4,4,4,1,4,1,4,4,4,4,1,3,0,3,3,1"
44,1.0335632411021107,"0,0,4,3,4,0,4,4,2,1,0,2,4,0,3,2,3,1,4,1,4,4,4,3,4,4,4,1,4,4,3,0,2,0,2,2,2,4,3,2,4,4,1,4,1,0,0,3,1,1,4,4,1,3,4,4,3,4,4,1,4,0,2,4,4,1,3,3,4,2,0,4,3,1,4,4,4,2,0,1,0,4,4,1,3,4,1,4,3,4,1,1,4,3,3,2,3,3,1,2,4,4,1,1,1,4,1,3,1,1,4,4,1,4,4,4,3,4,4,1,4,1,3,3,2,1,2,2,2,4,4,1,4,3,3,0,0,3,4,4,1,4,4,2,4,4,4,4,1,1,0,2,3,0,4,4,1,4,1,3,0,2,1,4,4,2,2,4,4,2,0,0,2,0,4,1,3,3,0,1,4,4,3,4,4,4,1,4,1,2,4,1,4,1,4,4,0,0,0,0,3,1,2,3,0,0,1,0,1,0,3,4,4,4,4,2,1,4,3,4,4,1,4,1,3,2,4,2,1,3,3,4,1,1,4,4,4,4,4,2,3,4,3,3,4,4,4,4,3,4,3,1,4,3,3,4,1,4,4,1,1,1,4,4,4,1,4,1,4,4,4,4,1,3,0,3,3,1"
45,1.0332569994116398,"0,0,4,3,4,0,4,4,2,1,0,2,4,0,0,2,3,1,4,1,4,4,4,3,4,4,4,1,4,4,3,0,2,0,2,2,2,4,3,2,4,4,1,4,1,0,0,3,1,1,4,4,1,3,4,4,3,4,4,1,4,0,2,4,4,1,3,3,4,2,0,4,3,1,0,4,4,2,0,1,0,4,4,4,3,4,1,4,3,4,1,1,4,3,3,2,3,3,1,2,4,4,1,1,1,4,1,3,1,1,4,4,1,4,4,4,3,4,4,1,4,1,3,3,2,1,2,2,2,4,4,1,4,3,3,0,0,3,4,4,1,4,4,2,4,4,4,4,1,1,0,2,3,0,4,4,2,4,1,3,0,2,1,4,4,2,2,4,4,2,0,0,2,0,4,1,3,3,0,1,4,4,3,4,4,4,1,4,1,2,4,1,4,1,4,4,0,0,0,0,3,1,2,3,0,0,1,0,1,0,3,4,4,4,4,2,1,4,3,4,4,1,4,1,3,2,4,2,1,3,3,4,1,1,4,4,4,4,4,2,3,4,3,3,4,4,4,4,3,4,3,1,4,3,3,4,1,4,4,1,1,1,4,4,4,1,4,1,4,4,4,4,1,3,0,0,3,1"
46,1.0328235075099022,"0,0,4,3,4,0,4,4,2,1,0,2,4,0,3,2,3,1,4,1,4,4,4,3,4,4,4,1,4,4,3,0,2,0,2,2,2,4,3,2,4,4,1,4,1,0,0,3,1,1,4,4,1,3,4,4,3,4,4,1,4,0,2,4,4,1,3,3,4,2,0,4,3,1,4,4,4,2,0,1,0,4,4,1,3,4,1,4,3,4,1,1,4,3,3,2,3,3,1,2,4,4,1,1,1,4,1,3,1,1,4,4,1,4,4,4,3,4,4,1,4,2,3,3,2,1,2,2,1,4,4,1,4,0,3,0,0,3,4,4,1,4,4,2,4,4,4,4,1,1,0,2,3,0,4,4,1,4,1,3,0,2,1,4,4,2,2,4,4,2,0,0,2,0,4,1,3,3,0,1,4,4,3,4,4,4,1,4,1,2,4,1,4,1,4,4,0,0,0,0,3,1,2,3,0,0,1,0,1,0,3,4,4,4,4,2,1,4,3,4,4,1,4,4,3,2,4,2,1,3,3,4,1,1,4,4,4,4,4,2,3,4,3,3,4,4,4,4,3,4,3,1,4,3,3,4,1,4,4,1,1,1,4,4,4,1,4,1,4,4,4,4,1,3,0,0,3,1"
47,1.0341054598166621,"0,0,4,3,4,0,4,4,2,1,0,2,4,0,3,2,3,1,4,1,4,4,4,3,4,4,4,1,4,4,3,0,2,0,2,2,2,4,3,2,4,4,4,4,1,0,0,3,1,1,4,4,1,3,4,4,4,4,4,1,4,0,2,4,4,1,3,3,4,2,0,4,3,1,4,4,4,2,0,1,3,4,4,1,3,4,1,4,3,4,1,1,4,3,3,2,3,3,1,2,4,4,1,1,1,4,1,3,1,1,4,4,1,4,4,4,3,4,4,1,4,1,3,3,2,1,2,2,2,4,4,1,4,0,3,0,0,3,4,4,1,4,4,2,4,4,4,4,1,1,0,2,3,0,4,4,1,4,1,3,0,2,1,4,4,2,2,3,4,2,0,0,2,0,4,1,3,3,0,1,4,4,3,4,4,4,1,4,1,2,4,1,4,1,4,4,0,0,0,0,3,1,2,3,0,0,1,0,1,0,3,4,4,4,4,2,1,4,3,4,4,1,4,4,1,2,4,2,1,3,3,4,1,1,4,4,4,4,4,2,3,4,3,3,4,4,4,4,3,4,3,1,4,3,3,4,1,4,4,1,4,1,4,4,4,1,4,1,4,4,4,4,1,3,0,3,3,1"
48,1.0343559702611456,"0,0,4,3,4,0,4,4,2,1,0,2,4,0,3,2,3,1,4,1,4,4,4,3,4,4,4,1,4,4,3,0,2,0,2,2,2,4,3,2,4,4,1,4,1,0,0,3,1,1,4,4,1,3,3,4,4,4,4,1,4,0,2,4,4,1,3,3,4,2,0,3,3,1,4,4,4,2,0,1,3,4,4,1,3,4,1,4,3,4,1,1,4,3,3,2,3,3,1,2,4,4,1,1,1,4,1,3,1,1,4,4,1,4,4,4,3,4,4,1,4,1,3,3,2,1,2,2,2,4,4,1,4,0,3,0,0,3,4,4,1,4,4,2,4,4,4,4,1,1,0,2,3,0,4,4,1,4,1,3,0,2,1,4,4,2,2,3,4,2,0,0,2,0,4,1,3,3,0,1,4,4,3,4,4,4,1,4,1,2,4,1,4,1,4,4,0,0,0,0,3,1,2,3,0,0,1,0,1,0,3,4,4,4,4,2,1,4,3,4,4,1,4,4,3,2,4,2,1,3,3,4,1,1,4,4,4,4,4,2,3,4,3,3,4,4,4,4,3,4,3,1,4,3,3,4,1,4,4,1,1,1,4,4,4,1,4,1,4,4,4,4,1,3,0,0,3,1"
49,1.0358513066392834,"0,0,4,3,4,0,4,4,2,1,0,2,4,0,3,2,3,1,4,1,4,4,4,3,4,4,4,1,4,4,3,0,2,0,2,2,2,4,3,2,4,4,1,4,1,0,0,3,1,1,4,4,1,3,4,4,4,4,4,1,4,1,2,4,4,1,3,3,4,2,0,4,3,1,4,4,4,2,0,1,3,4,4,1,3,4,1,4,3,4,1,1,4,3,3,2,3,3,1,2,4,4,1,1,1,4,1,3,1,1,4,4,1,4,4,4,3,4,4,1,4,1,3,3,2,1,2,2,2,4,4,1,4,0,3,0,0,3,4,4,1,4,4,2,4,4,4,4,1,1,0,2,3,0,4,4,1,4,1,3,0,2,1,4,4,2,2,3,4,2,0,0,2,0,4,1,3,1,0,1,4,4,3,4,4,4,1,4,1,2,4,1,4,1,4,4,0,0,0,0,3,1,2,3,0,0,1,0,1,0,3,4,4,4,4,2,1,4,3,4,4,1,4,4,1,2,4,1,1,3,3,4,1,1,4,4,4,4,4,2,3,4,3,3,4,4,4,4,3,4,4,1,4,3,3,4,1,4,4,1,1,1,4,4,4,1,4,1,4,4,4,3,1,3,0,0,3,1"
50,1.0353699427790843,"0,0,4,3,4,0,4,4,2,1,0,2,4,0,3,2,3,1,4,1,4,4,4,3,4,4,4,1,4,4,3,0,2,2,2,2,2,4,3,2,4,4,1,4,1,0,0,3,1,1,4,4,1,3,4,4,4,4,4,1,4,1,2,4,4,1,3,3,4,2,0,4,3,1,4,4,4,2,0,1,3,4,4,1,3,4,1,4,3,4,1,1,4,3,3,2,3,3,1,2,4,4,1,0,1,4,1,3,1,1,4,4,1,4,4,4,3,4,4,1,4,1,3,3,2,1,2,2,2,4,4,1,4,0,3,0,0,3,4,4,1,4,4,2,4,4,4,4,1,1,0,2,3,0,4,4,1,4,1,3,0,2,1,4,4,2,2,3,4,2,0,0,2,0,4,1,3,1,0,1,4,4,3,4,4,4,1,4,1,2,4,1,4,1,4,4,0,0,0,0,3,1,2,3,0,0,1,0,1,0,3,4,4,4,4,2,1,4,3,4,4,1,4,4,1,0,4,1,1,3,3,4,1,1,4,4,4,4,4,2,3,4,3,3,4,4,4,4,3,4,4,1,4,3,3,4,1,4,4,1,1,3,4,4,4,1,4,1,4,4,4,3,1,3,0,0,3,1"
51,1.034757777471886,"0,0,4,3,4,0,4,4,2,1,0,2,4,0,3,2,3,1,4,1,4,4,4,3,4,4,4,1,4,4,3,0,2,2,2,2,2,4,3,2,4,4,1,4,1,0,0,3,1,1,4,4,1,3,4,4,4,4,4,1,4,1,2,4,4,1,3,3,4,2,0,4,3,1,4,4,4,2,0,1,3,4,4,1,3,4,1,4,3,4,1,1,4,3,3,2,3,3,1,2,4,4,1,0,1,4,1,3,1,1,4,4,1,4,4,4,3,4,4,1,4,1,3,3,2,1,2,2,2,4,4,1,4,0,3,0,0,3,4,4,1,4,4,2,4,4,4,4,1,1,0,2,3,0,4,4,1,4,1,3,0,2,1,4,4,2,2,3,4,2,0,0,2,0,4,1,3,1,0,1,4,4,3,4,4,4,1,4,1,2,4,1,4,1,4,4,0,0,0,0,3,1,2,3,0,0,1,0,1,0,3,4,4,4,4,2,1,4,3,4,4,1,4,4,1,2,4,1,1,3,3,4,1,1,4,4,4,4,4,2,3,4,3,3,4,4,4,4,3,4,4,1,4,3,3,4,1,4,4,1,1,1,4,4,2,1,4,1,4,4,4,3,1,3,0,0,3,1"
52,1.0360258880431377,"0,0,4,3,4,0,4,4,2,1,0,2,4,0,3,2,3,1,4,1,4,4,4,3,4,4,4,1,4,4,3,0,2,2,2,2,2,4,3,2,1,4,1,4,1,0,0,3,1,1,4,4,1,3,4,4,4,4,4,1,4,1,2,4,4,1,3,3,4,2,0,4,3,1,4,4,4,2,0,1,3,4,4,1,3,4,1,4,3,4,1,1,3,3,3,2,3,3,1,2,4,4,1,1,1,4,1,3,1,1,4,4,1,4,4,4,3,4,4,1,4,1,3,3,2,1,2,2,2,4,4,1,4,0,3,0,2,3,4,4,1,4,4,2,4,4,4,4,1,1,0,2,3,2,4,4,1,4,1,3,0,2,1,4,4,2,2,3,4,2,0,0,2,0,4,1,3,1,0,1,4,4,3,4,4,4,1,4,1,2,4,1,4,1,4,4,0,0,0,0,3,1,2,3,0,0,1,0,1,0,3,4,4,4,4,2,1,4,3,4,4,1,4,4,1,2,4,1,1,3,3,4,1,1,4,4,4,4,4,2,3,4,3,3,4,4,4,4,3,4,4,1,4,3,3,4,1,4,4,1,1,1,4,4,4,1,4,1,4,4,4,3,1,3,0,0,3,1"
53,1.0360258880431377,"0,0,4,3,4,0,4,4,2,1,0,2,4,0,3,2,3,1,4,1,4,4,4,3,4,4,4,1,4,4,3,0,2,2,2,2,2,4,3,2,1,4,1,4,1,0,0,3,1,1,4,4,1,3,4,4,4,4,4,1,4,1,2,4,4,1,3,3,4,2,0,4,3,1,4,4,4,2,0,1,3,4,4,1,3,4,1,4,3,4,1,1,3,3,3,2,3,3,1,2,4,4,1,1,1,4,1,3,1,1,4,4,1,4,4,4,3,4,4,1,4,1,3,3,2,1,2,2,2,4,4,1,4,0,3,0,2,3,4,4,1,4,4,2,4,4,4,4,1,1,0,2,3,2,4,4,1,4,1,3,0,2,1,4,4,2,2,3,4,2,0,0,2,0,4,1,3,1,0,1,4,4,3,4,4,4,1,4,1,2,4,1,4,1,4,4,0,0,0,0,3,1,2,3,0,0,1,0,1,0,3,4,4,4,4,2,1,4,3,4,4,1,4,4,1,2,4,1,1,3,3,4,1,1,4,4,4,4,4,2,3,4,3,3,4,4,4,4,3,4,4,1,4,3,3,4,1,4,4,1,1,1,4,4,4,1,4,1,4,4,4,3,1,3,0,0,3,1"
54,1.03697634868418,"0,0,1,3,4,0,4,4,2,1,0,2,4,0,3,2,3,1,4,1,4,4,4,3,4,4,4,1,4,4,3,0,2,2,2,2,2,4,3,2,1,4,1,4,1,0,0,3,1,1,4,4,1,3,4,4,4,4,4,1,4,1,2,4,4,1,4,3,4,2,0,4,3,1,4,4,4,2,0,1,3,4,4,1,3,4,1,4,3,4,1,1,3,3,3,2,3,3,1,2,4,4,1,1,1,4,1,3,1,1,4,4,1,4,4,4,3,4,4,1,4,1,3,3,2,1,2,2,2,4,4,1,4,0,3,0,2,3,4,4,1,4,4,2,4,4,4,4,1,1,0,2,3,2,4,4,1,4,1,3,0,2,1,4,4,2,2,3,4,2,0,0,2,0,4,1,3,1,0,1,4,4,3,4,4,4,1,4,1,2,4,1,4,1,4,4,0,0,0,0,3,1,2,3,0,0,1,0,0,0,3,4,4,4,4,4,1,4,3,4,4,1,4,4,1,2,4,1,1,3,3,4,1,1,4,4,4,4,4,2,3,4,3,3,4,4,4,4,3,4,4,1,4,3,3,4,1,4,4,1,1,1,4,4,4,1,4,1,4,4,4,3,1,1,0,0,3,1"
55,1.0365195807196113,"0,0,1,3,4,0,4,4,2,1,0,2,4,0,3,2,3,1,4,1,4,4,4,3,4,4,4,1,4,4,3,0,2,2,2,2,2,4,3,3,1,4,1,4,1,0,0,3,1,1,4,4,1,3,4,4,1,4,4,1,4,1,2,4,4,1,4,3,4,2,0,4,3,1,4,4,4,2,0,1,3,4,4,1,3,4,1,4,3,4,1,1,3,3,3,2,3,3,1,2,4,3,1,1,1,4,1,3,1,1,4,4,1,4,4,4,3,4,4,1,4,1,3,3,2,1,2,2,2,4,4,1,4,0,3,2,2,3,4,4,4,4,4,2,4,4,4,4,1,1,0,2,3,2,4,4,1,4,1,3,0,2,1,4,4,2,2,3,4,2,0,0,2,0,4,1,3,1,0,1,4,4,3,4,4,4,1,4,1,2,4,1,4,1,4,3,0,0,0,0,3,1,2,3,0,0,1,0,0,0,3,4,4,4,4,4,1,4,3,4,4,1,4,4,1,2,4,1,1,3,3,4,1,1,4,4,4,4,4,2,3,4,3,3,4,4,4,4,3,4,4,1,4,3,3,4,1,4,4,1,1,1,4,4,4,1,4,1,4,4,4,3,1,1,0,0,3,1"
56,1.038526818813183,"0,0,1,3,4,0,4,4,2,1,0,2,4,0,3,2,3,1,3,1,4,4,4,3,4,4,4,1,4,4,3,0,2,2,2,2,2,4,3,3,1,4,1,4,1,0,0,3,1,1,4,4,1,3,4,4,4,4,1,1,4,1,4,4,4,1,4,3,4,2,0,4,3,1,4,4,4,2,0,1,3,4,4,1,3,4,1,4,3,4,1,1,3,3,3,2,3,3,1,2,4,4,1,1,1,4,1,3,1,1,4,4,1,4,4,4,3,4,4,1,4,1,3,3,2,1,2,2,2,4,4,1,4,0,3,2,2,3,4,4,4,4,4,2,4,4,4,4,1,1,0,2,3,2,4,4,1,4,1,3,0,2,1,4,4,2,2,3,4,2,0,0,2,0,4,4,3,1,0,1,4,4,3,4,4,4,1,4,1,2,4,1,4,1,4,3,0,0,0,0,3,1,2,3,0,0,1,0,0,0,3,4,4,4,4,4,1,4,3,4,4,1,4,4,1,1,4,1,1,3,3,4,1,1,4,4,4,4,4,2,3,4,3,3,4,4,4,4,3,4,4,1,4,3,3,4,1,4,4,1,1,1,4,4,4,1,4,1,4,4,4,3,1,1,0,0,3,1"
57,1.0390449721867308,"0,0,1,3,4,0,4,4,2,1,0,2,4,0,3,2,3,1,3,1,4,4,4,3,4,4,4,1,4,4,3,0,2,2,2,2,2,4,3,3,1,4,1,4,1,0,0,3,1,1,4,4,1,3,4,4,4,4,1,1,4,1,4,4,4,1,4,3,4,2,0,4,3,1,4,4,4,2,0,4,3,4,4,1,3,4,1,4,3,4,1,1,3,3,3,2,3,3,1,2,4,4,1,1,1,4,1,3,1,1,4,4,1,4,4,4,3,4,4,1,4,1,3,3,2,1,2,2,2,4,4,1,4,0,3,2,2,3,4,4,4,4,4,2,4,4,4,4,1,1,0,2,3,2,4,4,1,4,1,3,0,2,1,4,4,2,2,3,4,2,0,0,2,0,4,4,3,1,0,1,4,4,3,4,4,4,1,4,1,2,4,1,4,1,4,3,0,0,0,0,3,1,2,0,0,0,1,0,0,0,3,4,1,4,4,4,1,4,3,4,4,1,4,4,1,1,4,1,1,3,3,4,1,1,4,4,4,4,4,2,3,4,3,3,4,4,4,4,3,4,4,1,4,3,3,4,1,4,4,1,1,1,4,4,4,1,4,1,4,4,4,3,1,1,0,0,3,1"
58,1.039402253750588,"0,0,1,3,4,0,4,4,2,3,0,2,4,0,3,0,3,1,3,1,4,4,4,4,4,4,4,1,4,4,3,0,2,2,2,2,2,4,3,3,1,4,1,4,1,0,0,3,1,1,4,4,1,3,4,4,4,4,1,1,4,1,4,4,4,1,4,3,4,2,0,4,3,1,4,4,4,2,0,1,3,4,4,1,3,4,4,4,3,3,1,1,1,3,3,2,3,3,1,2,4,4,1,1,1,4,1,3,1,1,4,4,1,4,4,4,3,4,4,1,4,1,3,3,2,1,2,2,2,4,4,1,4,0,3,2,2,3,4,4,4,4,4,2,4,4,4,4,1,1,0,2,3,2,4,4,1,4,1,3,0,2,1,4,4,2,2,3,4,2,0,0,2,0,4,4,3,1,0,1,4,4,3,4,4,4,4,4,1,2,4,1,4,1,4,3,0,0,0,0,3,1,2,0,0,0,1,0,0,0,3,4,1,4,4,4,1,4,3,4,4,1,4,4,1,1,4,1,1,3,3,4,4,1,4,4,4,4,1,2,3,4,3,3,4,4,4,4,3,4,4,1,4,3,3,4,1,4,4,1,1,1,4,4,4,1,4,1,4,4,4,3,1,1,0,0,3,1"
59,1.0401035602720807,"0,0,1,3,4,0,4,4,2,3,0,2,4,0,3,0,3,1,3,1,3,4,4,4,4,4,4,1,4,4,3,0,2,2,2,2,2,4,3,3,1,4,1,4,1,0,2,3,1,1,4,4,1,3,4,4,4,4,1,1,4,1,4,4,4,1,4,3,4,2,0,4,3,1,4,4,4,2,0,1,3,4,4,1,3,4,4,4,3,3,1,1,1,3,3,2,3,3,1,2,4,4,1,1,1,4,1,3,1,1,4,4,1,4,4,4,3,4,4,1,4,1,3,3,2,1,2,2,2,4,4,1,4,0,3,2,2,3,4,4,4,4,4,2,4,4,4,4,1,4,0,2,3,2,4,4,1,4,1,3,0,2,1,4,4,2,2,3,4,2,0,0,2,0,4,4,3,1,0,1,4,4,3,4,4,4,4,4,1,2,4,1,4,1,4,3,0,0,0,0,3,1,2,0,0,0,1,0,0,0,3,4,1,4,4,4,1,4,3,4,4,1,4,4,1,1,4,1,1,3,3,4,1,1,4,4,4,4,4,2,3,4,3,3,4,3,4,4,3,4,4,1,4,3,3,4,1,4,4,1,1,4,4,4,4,1,4,1,4,4,4,3,1,1,0,0,3,1"
60,1.0401275695716934,"0,0,1,3,4,0,4,4,2,3,0,2,4,0,3,0,3,1,3,1,3,4,4,4,4,4,4,1,4,4,3,0,2,2,2,2,2,4,3,3,1,4,1,4,1,0,2,3,1,1,4,4,1,3,4,4,4,4,1,1,4,1,4,4,4,1,4,3,4,2,0,4,3,1,4,4,4,2,0,1,4,4,4,1,3,4,4,4,3,3,1,1,1,3,3,2,3,3,1,2,4,4,1,1,1,4,1,3,1,1,4,4,1,4,4,4,3,4,4,1,4,1,3,3,2,1,2,2,2,4,4,1,4,0,3,2,2,3,4,4,4,4,4,2,4,4,4,4,1,4,0,2,3,2,4,4,1,4,1,3,0,2,1,4,4,2,2,3,4,2,0,0,2,0,4,4,3,1,0,1,4,4,3,4,4,4,4,4,1,2,4,1,4,1,4,3,0,0,0,0,3,1,2,0,0,0,1,0,0,0,3,4,1,4,4,4,1,4,3,4,4,1,4,4,1,1,4,1,1,3,3,4,1,1,4,4,4,4,4,2,3,4,3,3,4,3,4,4,3,4,4,1,4,3,3,4,1,4,4,1,1,1,4,4,4,1,4,1,4,4,4,3,1,1,0,0,3,1"
61,1.0402051239050891,"0,0,1,3,4,0,4,4,2,3,0,2,4,0,3,0,3,1,3,1,3,4,4,4,4,4,4,1,4,4,3,0,2,2,2,2,2,4,3,3,1,4,1,4,1,0,2,3,1,1,4,4,1,3,4,4,4,4,1,1,4,1,4,4,4,1,4,3,4,2,0,4,3,1,4,4,4,2,0,1,4,4,4,1,3,4,4,4,3,3,1,1,1,3,3,2,3,3,1,2,4,4,1,1,1,4,1,3,1,1,4,4,1,4,4,4,3,4,4,1,4,1,1,3,2,1,2,2,2,4,4,1,4,0,3,2,2,3,4,4,4,4,4,2,4,4,4,4,1,1,0,2,3,2,4,4,1,4,1,3,0,2,1,4,4,2,2,3,4,2,0,0,2,0,4,4,3,1,0,1,4,4,3,4,4,4,4,4,1,2,4,1,4,1,4,3,0,0,0,0,3,1,2,0,0,0,1,0,0,0,3,4,1,4,4,4,1,4,3,4,4,1,4,4,3,1,4,1,1,3,3,4,1,1,4,4,4,4,4,2,3,4,3,3,4,3,4,4,3,4,4,1,4,3,3,4,1,4,4,1,1,1,4,4,4,1,4,1,4,4,4,3,1,1,0,0,3,1"
62,1.040183900448728,"0,0,1,3,4,0,4,4,2,3,0,2,4,0,3,0,3,1,3,1,3,4,4,4,4,4,4,1,4,4,3,0,2,2,2,2,2,4,3,3,1,4,1,4,1,0,2,3,1,1,4,4,1,3,4,4,4,4,1,1,4,1,4,4,4,1,4,3,4,2,0,4,3,1,4,4,4,2,0,1,3,4,4,1,1,4,4,4,3,3,1,1,1,3,3,2,3,3,1,1,4,4,1,1,1,4,1,4,1,1,4,4,1,4,4,4,3,4,4,1,4,1,3,3,2,1,2,2,2,3,4,1,4,0,3,2,2,3,4,4,4,4,4,2,4,4,4,4,1,1,0,2,3,2,4,4,1,4,1,3,0,2,1,4,4,2,0,3,4,2,0,0,2,2,4,4,3,4,0,1,4,4,3,1,4,4,4,4,1,2,4,1,4,1,4,3,0,0,0,0,3,1,2,0,0,0,1,0,0,0,3,4,1,4,4,4,1,4,3,4,4,1,4,4,1,1,4,1,1,3,3,4,1,1,4,4,4,4,4,2,3,4,3,3,4,3,4,4,3,4,4,1,0,3,3,4,1,4,4,1,1,4,4,4,4,1,4,1,4,4,4,3,1,1,0,0,3,1"
63,1.0409898764989114,"0,0,1,3,4,0,4,4,2,3,0,2,4,0,3,0,3,1,3,1,3,4,4,4,4,4,4,1,4,4,3,0,2,2,2,2,2,4,3,3,1,4,1,4,1,0,2,3,1,1,4,4,1,3,4,4,4,4,1,1,4,1,4,4,4,1,4,3,4,2,0,4,3,1,4,4,4,2,0,1,3,4,4,1,1,4,4,4,3,3,1,1,1,3,3,2,3,3,1,1,4,4,1,1,1,4,1,4,1,1,4,4,1,4,4,4,3,4,4,1,4,1,1,3,2,1,2,2,2,4,4,1,4,0,3,2,2,3,4,4,4,4,4,2,4,4,4,4,1,1,0,2,3,2,4,4,1,4,1,3,0,2,1,4,4,2,2,3,4,2,0,0,2,2,4,4,3,1,4,1,4,4,3,1,4,4,4,4,1,2,4,1,4,1,4,3,0,0,0,0,3,1,2,0,0,0,1,0,0,0,3,4,1,4,4,4,1,4,3,1,4,1,4,4,1,1,4,1,1,3,3,4,4,1,4,4,4,4,1,2,3,4,3,0,4,4,4,4,3,4,4,1,4,3,3,4,1,4,4,1,1,4,4,4,4,1,4,1,4,4,4,3,1,1,0,0,3,1"
64,1.0423460238461297,"0,0,1,3,4,0,4,4,2,3,0,2,4,0,3,0,3,1,3,1,3,4,4,4,4,4,4,1,4,4,3,0,2,2,2,2,2,4,3,3,1,4,1,4,1,0,2,3,1,1,4,4,1,3,4,4,4,4,1,1,4,1,4,4,4,1,4,1,4,2,0,4,3,1,4,4,4,2,0,1,4,4,4,1,3,4,4,4,4,3,1,1,1,3,0,2,1,3,1,2,4,4,1,1,1,4,3,3,1,1,4,4,1,4,4,4,3,4,4,1,4,1,1,3,2,1,2,2,2,4,4,1,4,0,3,2,2,3,4,4,4,4,4,2,4,4,4,4,1,1,0,2,3,2,4,4,1,4,1,3,0,2,1,4,4,2,2,3,4,2,0,0,2,2,4,4,3,1,4,1,4,4,3,1,4,4,4,4,1,2,4,1,4,1,4,3,0,0,0,0,3,1,2,0,0,0,1,0,0,0,3,4,1,4,4,4,1,4,3,1,4,1,4,4,1,1,4,1,1,3,3,1,1,1,4,4,4,4,4,2,3,4,3,3,4,3,4,4,3,4,4,1,4,3,3,4,1,4,4,1,1,4,4,4,4,4,4,1,4,4,4,3,1,1,0,0,3,1"
65,1.0426890783424456,"0,0,1,3,4,0,4,4,2,3,0,2,4,0,3,0,3,1,3,1,3,4,4,4,4,4,4,1,4,4,3,0,2,2,2,2,2,4,3,3,1,4,1,4,1,0,2,3,1,1,4,4,1,3,4,4,4,4,1,1,4,1,4,4,4,1,4,1,4,2,0,4,3,1,4,4,4,2,0,1,4,4,4,1,3,4,4,4,4,3,1,1,1,3,0,2,1,3,1,2,4,4,1,1,1,4,3,3,1,1,4,4,1,4,4,4,3,4,4,1,4,1,1,3,2,1,2,2,2,4,4,1,4,0,3,2,2,3,4,4,4,4,4,0,4,4,4,4,1,1,0,2,3,2,4,4,1,4,1,3,0,2,1,4,4,2,2,3,4,2,0,0,2,2,4,4,3,1,4,1,4,4,3,1,4,4,4,4,1,2,4,1,4,1,4,3,0,0,0,0,3,1,2,0,0,0,1,0,0,0,3,4,1,4,4,3,1,4,3,1,4,1,4,4,1,1,4,1,1,3,3,1,1,1,4,4,4,4,4,2,3,4,3,3,4,3,4,4,3,4,4,1,4,3,3,4,1,4,4,1,1,4,4,4,4,4,4,1,4,4,4,3,1,1,0,0,3,1"
66,1.0430817866041298,"0,0,1,3,4,0,4,4,2,3,0,2,4,0,3,0,3,1,3,1,3,4,4,4,4,4,4,1,4,4,3,0,2,2,2,2,2,4,3,3,1,4,1,4,1,0,2,3,1,1,4,4,1,3,4,4,4,4,1,1,4,1,4,4,4,1,4,1,4,2,0,4,3,1,4,4,4,2,0,1,4,4,4,1,3,4,4,4,4,3,1,1,1,3,0,2,1,3,1,2,4,4,1,1,1,4,3,3,1,1,4,4,1,4,4,4,3,4,4,1,4,4,1,3,2,1,2,2,2,4,4,1,4,0,3,2,2,3,4,4,4,4,4,0,4,4,4,4,1,1,0,2,3,2,4,4,1,4,1,3,0,2,1,4,4,2,2,3,4,2,0,0,2,2,4,4,3,1,4,1,4,4,3,1,4,4,4,4,1,2,4,1,4,1,4,3,0,0,0,0,3,1,2,0,0,0,1,0,0,0,3,4,1,4,4,3,1,4,3,1,4,1,4,4,1,1,4,1,1,3,3,1,1,1,4,4,4,4,4,2,3,4,3,3,4,3,4,4,3,4,4,1,4,3,3,4,1,4,4,1,1,4,4,4,4,4,4,1,4,4,4,3,1,1,0,0,3,1"
67,1.0426402539861395,"0,0,1,3,4,0,4,4,2,3,0,2,4,0,3,0,3,1,3,1,3,4,4,4,4,4,4,1,4,4,3,0,2,2,2,2,2,4,3,3,1,4,1,4,1,0,2,3,1,1,4,4,1,3,4,4,4,4,1,1,4,1,4,4,4,1,4,1,4,2,0,4,3,1,4,4,4,2,0,1,4,4,4,1,3,4,4,4,4,3,1,1,1,3,0,2,1,3,1,2,4,4,1,1,1,4,3,3,1,1,4,4,1,4,4,4,3,4,4,1,4,4,1,3,2,1,2,2,2,4,4,1,4,0,3,2,2,3,4,4,4,4,4,0,4,4,4,4,1,1,0,2,3,2,4,4,1,4,1,3,0,2,1,4,4,2,2,3,4,2,0,0,2,2,4,4,3,1,4,1,4,4,3,1,4,4,4,4,1,2,4,1,4,1,4,3,0,0,0,0,3,1,2,0,0,0,1,0,0,0,3,4,1,4,4,4,1,4,3,1,4,1,4,4,1,1,4,1,1,3,3,1,1,1,4,4,4,4,4,2,3,4,3,3,4,3,4,4,3,4,4,1,4,3,3,4,1,4,4,1,1,4,4,4,4,4,4,1,4,4,4,3,1,1,0,0,3,1"
68,1.0430422646119655,"0,0,1,3,4,0,4,4,2,3,0,2,4,0,3,0,3,1,3,1,3,4,4,4,4,4,4,1,4,4,3,0,2,2,2,2,2,4,3,3,1,4,1,4,1,0,2,3,1,1,4,4,1,3,4,4,4,4,1,1,4,1,4,4,4,1,4,1,4,2,0,4,3,1,4,4,4,2,0,1,4,4,4,1,3,4,4,4,4,3,1,1,1,3,0,2,1,3,1,2,4,4,1,1,1,4,3,3,1,1,4,4,1,4,4,4,3,4,4,1,4,4,1,3,2,1,2,2,2,4,4,1,4,0,3,2,2,3,4,4,4,4,4,0,4,4,4,4,1,1,0,2,3,2,4,4,1,4,1,3,0,2,1,4,4,2,2,3,4,2,0,0,2,2,4,4,3,1,4,1,4,4,3,1,4,4,4,4,1,2,4,1,4,1,4,3,0,0,0,0,3,1,2,0,0,0,1,0,0,0,3,4,1,4,4,3,1,4,3,1,4,1,4,4,1,1,4,1,1,3,3,1,1,1,4,4,4,4,4,2,3,4,3,3,1,3,4,4,3,4,4,1,4,3,3,4,1,4,4,1,1,4,4,4,4,4,4,1,4,4,4,3,1,1,0,0,3,1"
69,1.0420517753447482,"0,0,1,3,4,0,4,4,2,3,0,2,4,0,3,0,3,1,3,1,3,4,4,4,4,4,4,1,4,4,3,0,2,2,2,2,2,4,3,3,1,4,1,4,1,0,2,3,1,1,4,4,1,3,4,4,4,4,1,1,4,1,4,4,4,1,4,1,4,2,0,4,3,1,4,4,4,2,0,1,4,4,4,1,3,4,4,4,4,3,1,1,1,3,0,2,1,3,1,2,4,4,1,1,1,4,3,3,1,1,4,4,1,4,4,4,3,4,4,1,4,4,1,3,2,1,2,2,2,4,4,1,4,0,3,2,2,3,4,4,4,4,4,0,4,4,4,4,1,1,0,2,3,2,4,4,1,4,1,3,0,2,1,4,0,2,2,3,4,2,0,0,2,2,4,4,3,1,4,1,4,4,3,1,4,4,3,4,1,2,4,1,4,1,4,3,0,0,0,0,3,1,2,0,0,0,1,0,0,0,3,4,1,4,4,3,1,4,3,1,4,1,4,4,1,1,4,1,1,3,3,1,1,1,4,4,4,4,4,2,3,4,3,3,4,3,4,4,3,4,4,1,4,3,3,4,1,4,4,1,1,4,4,4,4,4,4,1,4,4,4,3,1,1,0,0,3,1"
70,1.0420517753447482,"0,0,1,3,4,0,4,4,2,3,0,2,4,0,3,0,3,1,3,1,3,4,4,4,4,4,4,1,4,4,3,0,2,2,2,2,2,4,3,3,1,4,1,4,1,0,2,3,1,1,4,4,1,3,4,4,4,4,1,1,4,1,4,4,4,1,4,1,4,2,0,4,3,1,4,4,4,2,0,1,4,4,4,1,3,4,4,4,4,3,1,1,1,3,0,2,1,3,1,2,4,4,1,1,1,4,3,3,1,1,4,4,1,4,4,4,3,4,4,1,4,4,1,3,2,1,2,2,2,4,4,1,4,0,3,2,2,3,4,4,4,4,4,0,4,4,4,4,1,1,0,2,3,2,4,4,1,4,1,3,0,2,1,4,0,2,2,3,4,2,0,0,2,2,4,4,3,1,4,1,4,4,3,1,4,4,3,4,1,2,4,1,4,1,4,3,0,0,0,0,3,1,2,0,0,0,1,0,0,0,3,4,1,4,4,3,1,4,3,1,4,1,4,4,1,1,4,1,1,3,3,1,1,1,4,4,4,4,4,2,3,4,3,3,4,3,4,4,3,4,4,1,4,3,3,4,1,4,4,1,1,4,4,4,4,4,4,1,4,4,4,3,1,1,0,0,3,1"
71,1.0429611522490814,"0,0,1,3,4,0,4,4,2,3,2,2,4,0,3,0,3,1,3,1,3,4,4,4,4,4,4,1,4,4,3,0,2,2,2,2,2,4,3,3,1,4,1,4,3,0,2,3,1,1,4,4,1,3,4,4,4,4,1,1,4,1,4,4,4,1,4,1,4,2,0,4,3,1,4,4,4,2,0,1,4,4,4,1,3,4,4,4,4,3,1,1,1,3,0,2,1,3,1,2,4,4,1,1,1,4,3,3,1,1,4,4,1,4,4,4,1,4,4,1,4,4,1,3,2,1,2,2,2,4,4,1,4,0,3,2,2,3,4,4,4,4,4,3,4,4,4,4,1,1,0,2,3,2,4,4,1,4,1,3,0,2,1,4,4,2,2,3,4,2,0,0,2,2,4,4,3,1,4,2,4,4,3,3,4,4,4,4,1,2,4,1,4,1,4,3,0,0,0,0,3,1,3,0,0,0,1,0,0,0,3,4,1,4,4,3,1,4,3,1,4,1,4,4,1,1,4,1,1,3,3,1,1,1,4,4,4,4,4,2,3,4,3,3,4,3,4,4,3,4,4,1,4,3,3,4,1,4,4,1,1,4,4,4,4,4,4,1,4,4,4,3,1,1,0,0,3,1"
72,1.04295912680458,"0,0,1,3,4,0,4,4,2,3,2,2,4,0,3,0,3,1,3,1,3,4,4,4,4,4,4,1,4,4,3,0,2,2,2,2,2,4,3,3,1,4,1,4,3,0,2,3,1,1,4,4,1,0,4,4,4,4,1,1,4,1,4,4,4,1,4,1,4,2,0,4,3,1,4,4,4,2,0,1,4,4,4,1,3,4,4,4,4,3,1,1,1,3,0,2,1,3,1,2,4,4,1,1,1,4,3,3,1,1,4,4,1,4,4,4,3,4,4,1,4,4,1,3,2,1,2,2,2,4,4,1,4,0,3,2,2,3,4,4,4,4,4,3,4,4,4,4,1,1,0,2,3,2,4,4,1,4,1,3,0,2,1,4,4,2,2,3,4,2,0,0,2,2,4,4,3,1,4,3,4,4,3,3,4,4,4,4,1,2,4,1,4,1,4,3,0,0,0,0,3,1,3,0,0,0,1,0,0,0,3,4,1,4,4,3,1,4,3,1,4,1,4,4,3,1,4,1,1,3,3,1,1,1,4,4,4,4,4,2,3,4,3,3,4,3,4,4,3,4,4,1,4,3,3,4,1,4,4,1,1,4,4,4,4,4,4,1,4,4,4,3,1,1,0,0,3,1"
73,1.0434355223290401,"0,0,1,3,4,0,4,4,2,3,2,2,4,0,3,0,3,1,3,1,3,4,4,4,4,4,4,1,4,4,3,0,2,2,2,2,2,4,3,3,1,4,1,4,3,0,2,3,1,1,4,4,1,1,4,4,4,4,1,1,4,1,4,4,4,1,4,1,4,2,0,4,3,1,4,1,4,2,0,1,4,4,4,1,3,4,4,4,4,3,1,1,1,3,0,2,1,3,1,2,4,4,1,1,1,4,3,3,1,1,4,4,1,4,4,1,1,4,4,1,4,4,1,3,2,1,2,2,2,4,4,1,4,0,3,2,2,3,4,4,4,4,4,0,4,4,4,4,1,1,0,2,3,2,4,4,1,4,1,3,0,2,1,4,4,2,2,3,4,2,0,0,2,2,4,4,3,1,4,1,4,4,3,1,4,4,4,4,1,2,4,1,4,1,4,3,0,0,0,0,3,1,3,0,0,0,1,0,0,0,3,1,1,4,4,3,1,4,3,1,4,1,4,4,1,1,4,1,1,3,3,1,1,1,4,4,4,4,4,2,3,4,3,3,4,3,4,4,3,4,4,1,4,3,3,4,1,4,4,1,1,4,4,4,4,4,4,1,4,4,4,3,1,1,0,0,3,1"
74,1.0432533007109592,"0,0,1,3,4,0,4,4,2,3,2,2,4,0,3,0,3,1,3,1,3,4,4,4,4,4,4,1,4,4,3,0,2,2,2,2,2,4,3,3,1,4,1,4,3,0,2,3,1,1,4,4,1,1,4,4,4,4,1,1,4,1,4,4,4,1,4,1,4,2,0,4,3,1,4,1,4,2,0,1,4,4,4,1,3,4,4,4,4,3,1,1,1,3,0,2,1,3,1,2,4,4,1,1,1,4,3,3,1,1,4,4,1,4,4,1,1,4,4,1,4,4,1,3,2,1,2,2,2,4,4,1,4,0,3,2,2,3,4,4,4,4,4,0,4,4,4,4,1,1,0,2,3,2,4,4,1,4,1,3,0,2,3,4,4,2,2,3,4,2,0,0,2,2,4,4,3,1,4,1,4,4,3,1,4,4,4,4,1,2,4,1,4,1,4,3,0,0,0,0,3,1,3,0,0,0,1,0,0,0,3,1,1,4,4,3,1,4,3,1,4,1,4,4,1,1,4,1,1,3,3,1,1,1,4,4,4,4,1,2,3,4,3,3,4,3,4,4,3,4,4,1,4,3,3,4,1,4,4,1,1,4,4,4,4,4,4,1,4,4,4,3,1,1,0,0,3,1"
75,1.0435038682778226,"0,0,1,3,4,0,4,4,2,3,2,2,4,0,3,0,3,1,3,1,3,4,4,4,4,4,4,1,4,4,3,0,2,2,2,2,2,4,3,3,1,4,1,4,3,0,2,3,1,1,4,4,1,1,4,4,4,4,1,1,4,1,4,4,4,1,4,1,4,2,0,4,3,1,4,1,4,2,0,1,4,4,4,1,3,4,4,4,4,3,1,1,1,3,0,2,1,3,1,2,4,4,1,1,1,4,3,3,1,1,4,4,1,4,4,1,1,4,4,1,4,4,1,3,2,1,2,2,2,4,4,1,4,0,3,2,2,3,4,4,4,4,4,0,4,4,4,4,1,1,0,2,3,2,4,4,1,4,1,3,1,2,1,4,4,2,2,3,4,2,0,0,2,2,4,4,3,1,4,1,4,4,3,3,4,4,4,4,1,2,4,1,4,1,4,3,0,0,0,0,3,1,3,0,0,0,1,0,0,0,3,4,1,4,4,3,1,4,3,1,4,1,4,4,1,1,4,1,1,3,3,1,1,1,4,4,4,4,4,2,3,4,3,3,4,3,4,4,3,4,4,4,4,3,3,4,1,4,4,1,1,4,4,4,4,4,4,1,4,4,4,3,1,1,0,0,3,1"
76,1.0432438879801287,"0,0,1,3,4,0,4,4,2,3,2,2,4,0,3,0,3,1,3,1,3,4,4,4,4,4,4,1,4,4,3,0,2,2,2,2,2,4,3,3,1,4,1,4,3,0,2,3,1,1,4,4,1,1,4,4,4,4,1,1,4,1,4,4,4,1,4,1,4,2,0,4,3,1,4,4,4,2,0,1,4,4,4,1,3,4,4,4,4,3,1,1,1,3,0,2,1,3,1,2,4,4,1,1,1,4,3,3,1,1,4,4,1,4,4,1,1,4,4,1,4,4,1,3,2,1,2,2,2,4,4,1,4,0,3,2,2,3,4,4,4,4,4,3,4,4,4,4,1,1,0,2,3,2,4,4,1,4,1,1,0,2,1,4,4,2,2,3,4,2,0,0,2,2,4,4,3,1,4,1,4,4,3,3,4,4,4,4,1,2,4,1,4,1,4,3,0,0,0,0,3,1,3,0,0,0,1,0,0,0,3,4,1,4,4,3,1,4,3,1,4,1,4,4,1,1,4,1,1,3,3,1,1,1,4,4,4,4,4,2,3,4,3,3,4,3,4,4,3,4,4,4,4,3,3,4,1,4,4,1,1,4,2,4,4,4,4,1,4,4,4,3,1,1,0,0,3,1"
77,1.0434749789744997,"0,0,1,3,4,0,4,4,2,3,2,2,4,0,3,0,3,1,3,1,3,4,4,4,4,4,4,1,4,4,3,0,2,2,2,2,2,4,3,3,1,4,1,4,3,0,2,3,1,1,4,4,1,1,4,4,4,4,1,1,4,1,4,4,4,1,4,1,4,2,0,4,3,1,4,4,4,2,0,1,4,4,4,1,3,4,4,4,0,3,1,1,1,3,0,2,1,3,1,2,4,4,1,1,1,4,3,3,1,1,4,4,1,4,4,1,1,4,4,1,4,4,1,3,2,1,2,2,2,4,4,1,4,0,3,2,2,3,4,4,4,4,4,3,4,4,4,4,1,1,0,2,3,2,4,4,1,4,1,1,0,2,1,4,4,2,2,3,4,2,0,0,2,2,4,4,3,1,4,1,4,4,3,3,4,4,4,4,1,2,4,1,4,1,4,3,0,0,0,0,3,1,3,0,0,0,1,0,0,0,3,4,1,4,4,3,1,4,3,1,4,1,4,4,1,1,4,1,1,3,3,1,1,1,4,4,4,4,4,2,1,4,3,3,4,3,4,4,3,4,4,4,4,3,3,4,1,4,4,1,1,4,4,4,4,4,4,1,4,4,4,3,1,1,0,0,3,1"
78,1.0433721708196726,"0,0,1,3,4,0,4,4,2,3,2,2,4,0,3,0,0,1,3,1,3,4,4,4,4,4,4,1,4,4,3,0,2,2,2,2,2,4,3,3,1,4,1,4,3,0,2,3,1,1,4,4,1,1,4,4,4,4,1,1,4,1,4,4,4,1,4,1,4,2,0,4,3,1,4,4,4,2,0,1,4,4,4,1,3,4,4,4,4,3,1,1,1,3,0,2,1,3,1,2,4,4,1,1,1,4,3,3,1,1,4,4,1,4,4,1,1,4,4,1,4,4,1,3,2,1,2,2,2,4,4,1,4,0,3,2,2,3,4,4,4,4,4,3,4,4,4,4,1,1,0,2,3,2,4,0,1,4,1,0,0,2,1,4,4,2,2,3,4,2,0,0,2,2,4,4,3,1,4,4,4,4,3,3,4,4,4,4,1,2,4,1,4,1,4,3,0,0,0,0,3,1,3,0,0,0,1,0,0,0,3,4,1,4,4,3,1,4,3,1,4,1,4,4,1,1,4,1,1,3,3,1,1,1,4,4,4,4,4,2,3,4,3,3,4,3,4,4,3,4,4,4,4,3,3,4,1,4,4,1,1,4,4,4,4,4,4,1,4,4,4,3,1,1,0,0,3,1"
79,1.04471768311833,"0,0,1,3,4,0,4,4,2,3,2,2,4,0,3,0,3,1,3,1,3,4,4,4,4,4,4,1,4,4,3,0,2,2,2,2,2,4,3,3,1,4,1,4,3,0,2,3,1,1,4,4,1,1,4,4,4,4,1,1,4,1,4,4,4,1,4,1,4,2,0,4,3,1,4,1,4,2,0,1,4,4,4,1,3,4,4,4,4,3,1,1,1,3,0,2,1,3,1,2,4,4,1,1,1,4,3,3,1,1,4,4,1,4,1,1,1,4,4,1,4,4,1,3,2,1,2,2,2,4,4,1,4,0,3,2,2,3,4,4,4,4,4,3,4,4,4,4,1,1,0,2,3,2,4,4,1,4,1,1,0,2,1,4,4,2,2,1,4,2,0,0,2,2,4,4,3,1,4,4,4,4,3,3,4,4,4,4,1,2,4,1,4,1,4,3,0,0,0,0,3,1,3,0,0,0,1,0,0,0,3,4,1,4,4,3,1,4,3,1,4,1,4,4,1,1,4,1,1,3,3,1,1,1,4,4,4,4,4,2,3,4,3,3,4,3,4,4,3,4,4,4,4,3,4,4,1,4,4,1,1,4,4,4,4,4,4,1,4,4,4,3,1,1,0,0,3,1"
80,1.0446082990615497,"0,0,1,3,4,0,4,4,2,3,2,2,4,0,0,0,3,1,3,1,3,4,4,4,4,4,4,1,4,4,3,0,2,2,2,2,2,4,3,3,1,4,1,4,3,0,2,3,1,1,4,4,1,1,4,4,4,4,1,1,4,1,4,4,4,1,4,1,4,2,0,4,3,1,4,1,4,2,0,1,4,4,4,1,3,4,4,4,4,3,1,1,1,3,0,2,1,3,1,2,4,4,1,1,1,4,3,1,1,1,4,4,1,4,1,1,1,4,4,1,4,4,1,3,2,1,2,2,2,4,4,1,4,0,3,2,2,3,4,4,4,4,4,3,4,4,4,4,1,1,0,2,3,2,4,4,1,4,1,1,0,2,1,4,4,2,2,1,4,2,0,0,2,2,4,4,3,1,4,4,4,4,3,3,4,4,4,4,1,2,4,1,4,1,4,3,0,0,0,0,3,1,3,0,0,0,1,0,0,0,3,4,1,4,4,3,1,4,3,1,4,1,4,4,1,1,4,1,1,3,3,1,1,1,4,4,4,4,4,2,3,4,3,3,4,3,4,4,3,4,4,4,4,3,4,4,1,4,4,1,1,4,4,4,4,4,4,1,4,4,4,3,1,1,0,0,3,1"
81,1.0448180775408429,"0,0,1,3,4,0,4,4,2,3,2,2,4,0,3,0,3,1,3,1,3,4,4,4,4,4,4,1,4,4,3,0,2,2,2,2,2,4,3,3,1,4,1,4,3,0,2,3,1,1,4,4,1,1,4,4,4,4,1,1,4,1,4,4,4,1,4,1,4,2,0,4,3,1,4,1,4,2,0,1,4,4,4,1,3,4,4,4,4,3,1,1,1,3,0,2,1,3,1,2,4,4,1,1,1,4,3,3,1,1,4,4,1,4,1,1,1,4,4,1,4,4,1,3,2,1,2,2,2,4,4,1,4,0,3,2,2,3,4,4,4,4,4,3,4,4,4,4,1,1,0,2,3,2,4,4,1,4,1,1,0,2,1,4,4,2,2,1,4,2,0,0,2,2,4,4,3,1,4,4,4,4,3,3,4,4,4,4,1,2,4,1,4,1,4,3,0,0,0,0,3,1,3,0,0,0,1,0,0,0,3,4,3,4,4,3,1,4,3,1,4,1,4,4,1,1,4,1,1,3,3,1,1,1,4,4,4,4,4,2,3,4,3,3,4,3,4,4,3,4,4,4,4,3,4,4,1,4,4,1,1,4,4,4,4,4,4,1,4,4,4,3,1,1,0,0,3,1"
82,1.045186859883008,"0,0,1,3,4,0,4,4,2,3,2,2,4,0,3,0,3,1,3,1,3,4,4,4,4,4,4,1,4,4,3,0,2,2,2,2,2,4,3,3,1,4,1,4,3,0,2,3,1,1,4,4,1,1,4,4,4,4,1,1,4,1,4,4,4,1,4,1,4,2,0,4,3,1,4,1,4,2,0,1,4,4,4,1,3,4,4,4,4,3,1,1,1,3,0,2,1,3,1,2,4,4,1,1,1,4,3,3,1,1,4,4,1,4,1,1,1,4,4,1,4,4,1,3,2,1,2,2,2,4,4,1,4,0,3,2,2,3,4,4,4,4,4,3,4,4,4,4,1,1,0,2,3,2,4,4,1,4,1,1,0,2,1,4,4,2,2,1,4,2,0,0,2,2,4,4,3,1,4,4,4,4,3,3,4,4,4,4,1,2,4,1,4,1,4,3,0,0,0,0,3,1,3,0,0,0,1,0,0,0,3,4,3,4,4,3,1,4,3,1,4,1,4,4,1,1,4,1,1,3,3,1,1,1,4,4,4,4,4,2,3,4,3,3,4,3,4,4,3,1,4,4,4,3,4,4,1,4,4,1,1,4,4,4,4,4,4,1,4,4,4,3,1,4,0,0,3,1"
83,1.0445912782788578,"0,0,1,3,4,0,4,4,2,3,2,2,4,0,3,0,3,1,3,1,3,4,4,4,4,4,4,1,4,4,3,0,2,2,2,2,2,4,3,3,1,4,1,4,3,0,2,3,1,1,4,4,1,1,4,4,4,4,1,1,4,1,4,4,4,1,4,1,4,2,0,4,3,1,4,1,4,2,0,1,4,4,4,1,3,4,4,4,4,3,1,1,1,3,0,2,1,3,1,2,4,4,1,1,1,4,3,1,1,1,4,4,1,4,1,1,1,4,4,1,4,4,1,3,2,1,2,2,2,4,4,1,4,0,3,2,2,3,4,4,4,4,4,3,4,4,4,4,1,1,0,2,3,2,4,4,1,4,4,1,0,2,1,4,4,2,2,1,4,2,0,0,2,2,4,4,3,1,4,4,4,4,3,3,4,4,4,4,1,2,4,1,4,1,4,3,0,0,0,0,3,1,3,0,0,0,1,0,0,0,3,4,3,4,4,3,1,4,3,1,2,4,4,4,1,1,4,1,1,3,3,1,1,1,4,4,4,4,4,2,3,4,3,3,4,3,4,4,3,4,4,4,4,3,4,4,1,4,4,1,1,4,4,4,4,4,4,1,4,4,4,3,1,4,0,0,3,1"
84,1.044874361696162,"0,0,1,3,4,0,4,4,2,3,2,2,4,0,3,0,3,1,3,1,3,4,4,4,4,4,4,1,4,4,3,0,2,2,2,2,2,4,3,3,1,4,1,4,3,0,2,3,1,1,4,4,1,1,4,4,4,4,1,1,4,1,4,4,4,1,4,1,4,2,0,4,3,1,4,1,4,2,0,1,4,4,4,1,3,4,4,4,4,3,1,1,1,3,0,2,1,3,1,2,4,4,1,1,1,4,3,3,1,1,4,4,1,4,1,1,1,4,4,1,4,4,1,3,2,1,2,2,2,4,4,1,4,0,3,2,2,3,4,4,4,4,4,3,4,4,4,4,1,1,0,2,0,2,4,4,1,4,1,1,0,1,1,4,4,2,2,1,4,2,0,0,2,2,4,4,3,1,4,4,4,4,3,3,4,4,4,4,1,2,4,1,4,1,4,3,0,0,0,0,3,1,3,0,0,0,1,0,0,0,3,4,3,4,4,3,1,4,3,1,4,4,4,4,1,1,4,1,1,3,3,1,1,1,4,4,4,4,4,2,3,4,3,3,4,3,4,4,3,1,4,4,4,3,4,4,1,4,4,1,1,4,4,4,4,4,4,1,4,4,4,3,1,4,0,0,3,1"
85,1.0456154815156744,"0,0,1,3,4,0,4,4,2,3,2,2,4,0,3,0,3,1,3,1,1,4,4,4,4,4,4,1,4,4,3,0,2,2,2,2,2,4,3,3,1,4,1,4,3,0,2,3,1,1,4,4,1,1,4,4,4,4,1,1,4,1,4,4,4,1,4,1,4,2,0,4,3,1,4,1,4,2,0,1,4,4,4,1,3,4,4,4,4,3,1,1,1,3,0,2,1,3,1,2,4,4,1,1,1,4,3,3,1,1,4,4,1,4,1,1,1,4,4,1,4,4,1,3,2,1,2,2,2,4,4,1,4,0,3,2,2,1,4,4,4,4,4,3,4,4,4,4,1,1,0,2,0,2,4,4,1,4,1,1,0,2,1,4,4,2,2,1,4,2,0,0,2,2,4,4,3,1,4,4,4,4,3,3,4,4,4,4,1,2,4,1,4,1,4,3,0,0,0,0,3,1,3,0,0,0,1,0,0,0,3,4,3,4,4,3,1,4,3,1,4,1,4,4,1,1,4,1,1,3,3,1,1,1,4,4,4,4,4,2,3,4,3,3,4,3,4,4,3,1,4,4,4,3,4,4,1,4,4,1,1,4,4,4,4,4,4,1,4,4,4,3,1,4,0,0,3,1"
86,1.0459142930380556,"0,0,1,3,4,0,4,4,2,3,2,2,4,0,3,0,3,1,3,1,1,4,4,4,4,4,4,1,4,4,3,0,2,2,2,2,2,4,3,3,1,4,1,4,3,0,2,3,1,1,4,4,1,1,4,4,4,4,1,1,4,1,4,4,4,1,4,1,4,2,0,4,3,1,4,1,4,2,0,1,4,4,4,1,3,4,4,4,4,3,1,1,1,3,0,2,1,3,1,2,4,4,1,1,1,4,3,3,1,1,4,4,1,4,1,1,1,4,4,1,4,4,1,3,2,1,2,2,2,4,4,1,4,0,3,2,2,1,4,4,4,4,4,3,4,4,4,4,1,1,0,2,0,2,4,4,1,4,1,4,0,2,1,4,4,2,2,1,4,2,0,0,2,2,4,4,3,1,4,4,4,4,3,3,4,4,4,4,3,2,4,1,4,1,4,3,0,0,0,0,3,1,3,0,0,0,0,0,0,0,3,4,3,4,4,3,1,4,3,1,4,1,4,4,1,1,4,1,1,3,3,1,1,1,4,4,4,4,4,2,3,4,3,3,4,3,4,4,3,1,4,4,4,3,4,4,1,4,4,1,1,4,4,4,4,4,3,1,4,4,4,3,1,4,0,0,3,1"
87,1.0454173565135167,"0,0,1,3,4,0,4,4,2,3,2,2,4,0,3,0,3,1,3,1,1,4,4,4,4,4,4,1,4,4,3,0,2,2,2,2,2,4,3,3,1,4,1,4,3,0,2,3,1,1,4,4,1,1,4,4,4,4,1,1,4,1,4,4,4,1,4,1,4,2,0,4,3,1,4,1,4,2,0,1,4,4,4,1,3,4,4,4,4,3,1,1,1,3,0,2,1,3,1,2,4,4,1,1,1,4,3,3,1,1,4,4,1,4,1,1,1,4,4,1,4,4,1,3,2,1,2,2,2,4,4,1,4,0,3,2,2,1,4,2,4,4,4,3,4,4,4,4,1,1,0,2,0,2,4,4,1,4,1,4,0,2,1,4,4,2,2,1,4,2,0,0,2,2,4,4,3,1,4,4,4,4,3,3,4,4,4,4,3,2,4,1,4,1,4,3,0,0,0,0,3,1,3,0,0,0,0,0,0,0,3,4,3,4,4,3,1,4,3,1,4,1,4,4,1,1,4,1,1,3,3,1,1,1,4,4,4,4,4,2,3,4,3,3,4,3,4,4,3,1,4,4,4,3,4,4,1,4,4,1,1,4,4,4,4,4,4,1,4,4,4,3,1,4,0,0,3,1"
88,1.0441737713072912,"0,0,1,3,4,0,4,4,2,3,2,2,4,0,3,0,3,1,3,1,1,4,4,4,4,4,4,1,4,4,3,0,2,2,2,2,2,4,3,3,1,4,1,4,3,0,2,3,1,1,4,4,1,1,4,4,4,4,1,1,4,1,4,4,4,1,4,1,4,2,0,4,3,1,4,1,4,2,0,1,4,4,4,1,3,4,4,4,4,3,1,1,1,3,0,2,1,3,1,2,4,4,1,1,1,4,3,3,1,1,4,4,1,4,1,1,1,4,4,1,4,4,1,3,2,1,2,2,2,4,4,1,4,0,3,2,2,1,4,2,4,4,4,3,4,4,4,4,1,1,0,2,0,2,4,4,1,4,1,4,0,2,1,4,4,2,4,1,4,2,0,0,2,2,4,4,3,1,4,4,4,4,3,3,4,4,4,4,3,2,4,1,4,1,4,3,0,0,0,0,3,1,3,0,0,0,0,0,0,0,3,4,3,4,4,3,1,4,3,1,4,1,4,4,1,1,4,1,1,3,3,1,1,1,4,4,4,4,4,2,3,4,3,3,4,3,4,4,3,1,4,4,4,3,4,4,1,4,4,1,1,4,4,4,3,4,4,1,4,4,4,3,1,4,0,0,3,1"
89,1.0464214518220516,"0,0,1,3,4,0,4,4,2,3,2,2,4,0,3,0,3,1,3,1,1,4,4,4,4,4,4,1,4,4,3,0,2,2,2,2,2,4,3,3,1,4,1,4,3,0,2,3,1,1,4,4,1,1,4,4,4,4,1,1,4,1,4,4,4,1,4,4,4,2,0,4,3,1,4,1,4,2,0,1,4,4,4,1,3,4,4,4,4,3,1,1,1,3,0,2,1,3,1,2,4,4,1,1,1,4,3,3,1,1,4,4,1,4,1,1,1,4,4,1,4,4,1,3,2,1,2,2,2,4,4,1,4,0,3,2,2,3,4,4,4,4,4,3,4,4,4,4,1,1,0,2,0,2,4,4,1,4,1,1,0,2,1,4,4,2,2,1,4,2,0,0,2,2,4,4,3,1,4,4,4,4,3,3,4,4,4,4,3,2,4,1,4,1,4,3,0,0,0,0,3,1,3,0,0,0,0,0,0,0,1,4,3,4,4,3,1,4,3,1,4,1,4,4,1,1,4,1,1,3,3,1,1,1,4,4,4,4,4,2,3,4,3,3,1,0,4,4,3,1,4,4,4,4,4,4,1,4,4,3,1,4,4,4,4,4,4,1,4,4,4,3,1,4,0,0,3,1"
90,1.0465863971714318,"0,0,1,3,4,0,4,4,2,3,2,2,4,0,3,0,3,1,3,1,1,4,4,4,4,4,4,1,4,4,3,0,2,2,2,2,2,4,3,3,1,4,1,4,3,0,2,3,1,1,4,4,1,1,4,4,4,4,1,1,4,1,4,4,4,1,4,4,4,2,0,4,3,1,4,1,4,2,0,1,4,4,4,1,3,4,4,4,4,3,1,1,1,3,0,2,1,3,1,2,4,4,1,1,1,4,3,3,1,1,4,4,1,4,1,1,1,4,4,1,4,4,1,3,3,1,2,2,2,4,4,1,4,0,3,2,2,3,4,4,4,4,4,3,4,4,4,4,1,1,0,2,0,2,4,4,1,4,1,1,0,2,1,4,4,2,2,1,4,2,0,0,2,2,4,4,3,1,4,4,4,4,3,3,4,4,4,4,3,2,4,1,4,1,4,3,0,0,0,0,3,1,3,0,0,0,0,0,0,0,1,4,3,4,4,3,1,4,3,1,4,1,4,4,1,1,4,1,1,3,3,1,1,1,4,4,4,4,4,2,3,4,3,3,1,0,4,4,3,1,4,4,4,4,4,4,1,4,4,3,1,4,4,4,4,4,4,1,4,4,4,3,1,4,0,0,3,1"
91,1.0471205602903788,"0,0,1,3,4,0,4,4,2,3,2,2,4,0,3,0,3,1,3,1,1,4,4,4,4,4,4,1,4,4,3,0,2,2,2,2,2,4,3,3,1,4,1,4,3,0,2,3,1,1,4,4,1,1,4,4,4,4,1,1,4,1,4,4,4,1,4,4,4,2,0,4,3,1,4,1,4,2,0,1,4,4,4,1,3,4,4,4,4,3,1,1,1,3,0,2,1,3,1,2,4,4,1,1,1,4,3,3,1,1,4,4,1,3,1,1,1,4,4,1,4,4,1,3,3,1,2,2,2,4,4,1,4,0,3,2,2,3,4,4,4,4,4,3,4,4,4,4,1,1,0,2,0,2,4,4,1,4,1,1,0,2,1,4,4,2,2,1,4,2,0,0,2,2,4,4,3,1,4,4,4,4,3,3,4,4,4,4,3,2,4,1,4,1,4,3,0,0,0,0,3,1,3,0,0,0,0,0,0,0,1,4,3,4,4,3,1,4,3,1,4,1,4,4,1,1,4,1,1,3,3,1,1,1,4,4,4,4,4,2,3,4,3,3,1,3,4,4,3,1,4,4,4,4,4,4,1,4,4,3,1,4,4,4,4,4,4,1,4,4,4,3,1,4,0,0,3,1"
92,1.0454015202993463,"0,0,1,3,4,0,4,4,2,3,2,2,4,0,3,0,3,1,3,1,1,4,4,4,4,4,4,1,4,4,3,0,2,2,2,2,2,4,3,3,1,4,1,4,3,0,2,3,1,1,4,4,1,1,4,4,4,4,1,1,4,1,4,4,4,1,4,4,4,2,0,4,3,1,4,1,4,2,0,1,4,4,4,1,3,4,4,4,4,3,1,1,1,3,0,2,1,3,1,2,4,4,1,1,1,4,3,3,1,1,4,4,1,3,1,1,1,4,4,1,4,4,1,3,3,1,2,2,2,4,4,1,4,0,3,2,2,3,4,4,4,4,4,3,4,4,4,4,1,1,0,2,0,2,4,4,1,4,1,1,0,2,1,4,0,2,2,1,4,2,0,0,2,2,4,4,3,1,4,4,4,4,3,3,4,4,4,4,3,2,4,1,4,1,4,3,0,0,0,0,3,1,3,0,0,0,0,0,0,0,1,4,3,4,4,3,1,4,3,1,4,1,4,4,1,1,4,1,1,3,3,1,1,1,4,4,4,4,4,2,3,4,3,3,1,3,4,4,3,1,4,4,4,4,4,4,1,4,4,3,1,4,4,4,4,4,4,1,4,2,4,3,1,4,0,0,3,1"
93,1.0468245097857443,"0,0,1,3,4,0,4,4,2,3,2,2,4,0,3,0,3,1,3,1,1,4,4,4,4,4,4,1,4,4,3,0,2,2,2,2,2,4,3,3,1,4,1,4,3,0,2,3,1,1,4,4,1,1,4,4,4,4,1,1,4,1,4,4,4,1,4,4,4,2,0,4,3,1,4,1,4,2,0,1,4,4,4,1,3,4,4,4,4,3,1,1,1,3,0,2,1,3,1,2,4,4,1,1,1,4,3,3,1,1,4,4,1,3,1,1,1,4,4,1,4,4,1,3,3,1,2,2,2,4,4,1,4,0,3,2,2,3,4,4,4,4,4,3,4,4,4,4,1,1,0,2,0,2,4,4,1,4,1,1,0,2,1,4,4,2,2,1,4,2,0,0,2,2,4,4,3,1,4,4,4,4,3,3,4,4,4,4,3,2,4,1,4,1,4,3,0,0,0,0,3,1,3,0,0,0,0,0,0,0,1,4,3,4,4,3,1,4,3,1,4,1,4,4,1,1,4,1,1,3,3,1,1,1,4,4,4,4,4,2,3,4,3,3,0,3,4,4,3,1,4,4,4,4,4,4,1,4,4,3,1,4,4,4,4,4,4,1,4,4,4,3,1,4,0,0,3,1"
94,1.0472935618488861,"0,0,1,3,4,0,4,4,2,3,2,2,4,0,3,0,3,1,3,1,1,4,4,4,4,4,4,1,4,4,3,0,2,2,2,2,2,4,3,3,1,4,1,4,3,0,2,3,1,1,4,4,1,1,4,4,4,4,1,1,4,1,4,4,4,1,4,4,4,2,0,4,3,1,4,1,4,2,0,1,4,4,4,1,3,4,4,4,4,3,1,1,1,3,0,2,1,1,1,2,4,4,1,1,1,4,3,3,1,1,4,4,1,3,1,1,1,4,4,1,4,4,1,3,3,1,2,2,2,4,4,1,4,0,3,2,2,3,4,4,4,4,4,3,4,4,4,4,1,1,0,2,0,2,4,4,1,4,1,1,0,2,1,4,4,2,2,1,4,2,0,2,2,2,4,4,3,1,4,4,4,4,3,3,4,4,4,1,3,2,4,1,4,1,4,4,0,0,0,0,3,1,3,0,0,0,0,0,0,0,1,4,3,4,4,3,1,4,3,1,4,1,4,4,2,1,4,1,1,3,3,1,1,1,4,4,4,4,4,2,3,4,3,3,1,3,4,4,3,1,4,4,4,4,4,4,1,4,4,3,1,4,4,4,4,4,4,1,4,4,4,1,1,4,0,0,3,1"
95,1.046415901408232,"0,0,1,3,4,0,4,4,2,3,2,2,4,0,3,0,3,1,3,1,1,4,4,4,4,4,4,1,4,4,3,0,2,2,2,2,2,4,3,3,1,4,1,4,3,0,2,3,3,1,4,4,1,1,4,4,4,4,1,1,4,1,4,4,4,1,4,4,4,2,0,4,3,1,4,1,4,2,0,1,4,4,4,1,3,4,4,4,4,3,1,1,1,3,0,2,1,1,1,2,4,4,1,1,1,4,3,3,1,1,4,4,1,3,1,1,1,4,4,1,4,4,1,3,3,1,2,2,2,4,4,1,4,0,3,2,2,3,4,4,4,4,4,3,4,4,4,4,1,1,0,2,0,2,4,4,4,4,1,1,0,2,1,4,4,2,2,1,4,0,0,0,2,2,4,4,3,1,4,4,4,4,3,3,4,4,4,1,3,2,4,1,4,1,4,3,0,0,0,0,3,1,3,0,0,0,0,0,0,0,1,4,3,4,4,3,1,4,3,1,4,1,4,4,4,1,4,1,4,3,3,1,1,1,4,4,4,2,4,2,3,4,3,3,1,3,4,4,3,1,4,4,4,4,4,4,1,4,4,3,1,4,4,4,4,4,4,1,4,4,4,3,1,4,0,0,3,1"
96,1.0476696737879116,"0,0,1,3,4,0,4,4,2,3,2,2,4,0,3,0,3,1,3,1,1,4,4,4,4,4,4,1,4,4,3,0,2,2,2,2,2,4,3,3,1,4,1,4,3,0,2,3,3,1,4,4,1,1,4,4,4,4,1,1,4,1,4,4,4,1,4,4,4,2,0,4,3,1,4,1,4,2,0,1,4,4,4,4,3,4,4,4,4,3,1,1,1,3,0,2,1,1,1,2,1,4,1,1,1,4,3,3,1,1,4,4,1,3,1,1,1,4,4,1,4,4,1,3,3,1,2,2,2,4,4,1,4,0,3,2,2,3,4,4,4,4,4,3,4,4,4,4,1,1,0,2,0,2,4,4,1,4,1,1,0,2,1,4,4,2,2,1,4,2,0,2,2,2,4,4,3,1,4,4,4,4,3,3,4,4,4,1,3,2,4,1,4,1,4,3,0,0,0,0,3,1,3,0,0,0,0,0,0,0,1,4,3,4,4,3,1,4,3,1,4,1,4,4,1,1,4,1,1,3,3,1,1,1,4,4,4,4,4,2,3,4,3,3,1,3,4,4,3,1,4,4,4,4,4,4,1,4,4,3,1,4,4,4,4,4,4,1,4,4,4,1,1,4,0,0,3,4"
97,1.0478009488443154,"0,0,1,3,4,0,4,4,2,3,2,2,4,0,3,0,3,1,3,1,1,4,4,4,4,4,4,1,4,4,3,0,2,2,2,2,2,4,3,3,1,4,1,4,3,0,2,3,3,1,4,4,1,1,4,4,4,4,1,1,4,1,4,4,4,1,4,4,4,2,0,4,3,1,4,1,4,2,0,4,4,4,4,4,3,4,4,4,4,3,1,1,1,3,0,2,1,1,1,2,1,4,1,1,1,4,3,3,1,1,4,4,1,3,1,1,1,4,4,1,4,4,1,3,3,1,2,2,2,4,4,1,4,0,3,2,2,3,4,4,4,4,4,3,4,4,4,4,1,1,0,2,0,2,4,4,1,4,1,1,0,2,1,4,4,2,2,1,4,2,0,2,2,2,4,4,3,1,4,4,4,4,3,3,4,4,4,1,3,2,4,1,4,1,4,3,0,0,0,0,3,1,3,0,0,0,0,0,0,0,1,4,3,4,4,3,1,4,3,1,4,1,4,4,1,1,4,1,1,3,3,1,1,1,4,4,4,4,4,2,3,4,3,3,1,3,4,4,3,1,4,4,4,4,4,4,1,4,4,3,1,4,4,4,4,4,4,1,4,4,4,1,1,4,0,0,3,4"
98,1.04889673741405,"0,0,1,3,4,0,4,4,2,3,2,2,4,0,3,2,3,1,3,1,1,4,4,4,4,4,4,1,4,4,3,0,2,2,2,2,2,4,3,3,1,4,1,4,3,0,2,3,3,1,4,4,1,1,4,4,4,4,1,1,4,4,4,4,4,1,4,4,4,2,0,4,3,1,4,1,4,2,0,1,4,4,4,4,3,4,4,4,4,3,1,1,1,3,0,2,1,1,1,2,4,4,1,1,0,4,3,3,1,1,4,4,1,3,1,1,1,4,4,1,4,4,1,3,3,1,2,2,2,4,4,1,4,0,3,2,2,3,4,4,4,4,4,3,4,4,4,4,1,1,0,2,0,2,4,4,1,4,1,1,0,2,1,4,4,2,2,1,4,2,0,2,2,2,4,4,3,1,4,4,4,4,3,3,4,4,4,1,3,2,4,4,4,1,4,3,0,0,0,0,3,1,3,0,0,0,0,0,0,0,1,4,3,4,4,3,1,4,3,1,4,1,4,4,1,1,4,1,1,1,3,1,1,1,4,4,4,4,1,2,3,3,3,3,1,3,4,4,3,1,4,4,4,4,4,4,1,4,0,3,1,4,4,4,4,4,4,1,4,4,4,1,1,4,0,0,3,4"
99,1.0494302369378212,"0,0,1,3,4,0,4,4,2,3,2,2,4,0,3,2,3,1,3,1,1,4,4,4,4,4,4,1,4,4,3,0,2,2,2,2,2,4,3,3,1,4,1,4,3,0,2,3,3,1,4,4,1,1,4,4,4,4,1,1,4,4,4,4,4,1,4,4,4,2,0,4,3,1,4,1,4,2,0,1,4,4,4,4,3,4,4,4,4,3,1,1,1,3,0,2,1,1,1,2,4,4,1,1,0,4,3,3,1,1,4,4,1,3,1,1,1,4,4,1,4,4,1,3,3,1,2,2,2,4,4,1,4,0,3,2,2,4,4,4,4,4,4,3,4,4,4,4,1,1,0,2,0,2,4,4,1,4,1,1,0,2,1,4,4,2,2,1,4,2,0,2,2,2,4,4,3,1,4,4,4,4,3,3,4,4,4,1,3,3,4,4,4,1,4,3,0,0,0,0,3,1,3,0,0,0,0,0,0,3,1,4,3,4,4,3,1,4,3,1,4,1,4,4,1,1,4,1,1,1,3,1,1,1,1,4,4,4,1,2,3,3,3,3,1,3,4,4,3,1,4,4,4,4,4,4,1,4,0,3,1,4,4,4,4,4,4,1,4,4,4,1,1,4,0,0,3,4"
100,1.049974404211962,"0,0,1,3,4,0,4,4,2,3,2,2,4,0,3,2,3,1,3,1,1,4,4,4,4,4,4,1,4,4,3,0,2,2,2,2,2,4,3,3,1,4,1,4,3,0,2,3,3,1,4,4,1,1,4,4,4,4,1,1,4,4,4,4,4,4,4,4,4,2,0,3,3,1,4,1,4,2,0,1,4,4,4,4,3,4,4,4,4,3,1,1,1,3,0,2,1,1,1,2,4,4,1,1,0,4,3,3,1,1,4,4,1,3,1,1,1,4,4,1,4,4,1,3,3,1,2,2,2,4,4,1,4,0,3,2,2,4,4,4,4,4,4,3,4,4,4,4,1,1,0,2,0,2,4,4,1,4,1,1,0,2,1,4,4,2,2,1,4,2,0,2,2,2,4,4,3,1,4,4,4,4,3,3,4,4,4,1,3,3,4,4,4,1,4,3,0,0,0,0,3,1,3,0,0,0,0,0,0,0,1,4,3,4,4,3,1,4,3,1,4,1,4,4,1,1,4,1,1,1,3,1,1,1,4,4,4,4,1,2,3,4,3,3,1,3,4,4,3,1,4,4,4,4,4,4,1,4,1,3,1,4,4,4,4,4,4,1,4,4,4,1,1,4,0,0,3,4"
101,1.0503626273832942,"0,0,1,3,4,0,3,4,2,3,2,2,4,0,3,2,3,1,3,1,1,4,4,4,4,4,4,1,4,4,3,0,2,2,2,2,2,4,3,3,1,4,1,4,3,0,2,3,3,1,4,4,1,1,4,4,4,4,1,1,4,4,4,4,4,4,4,4,4,2,0,3,3,1,4,1,4,2,0,4,4,4,4,4,3,4,4,4,4,3,1,1,1,3,0,2,1,1,1,2,4,4,1,1,0,4,3,3,1,1,4,4,1,3,1,1,1,4,4,1,4,4,1,3,3,1,2,2,2,4,4,1,4,0,3,2,2,4,4,4,4,4,4,3,4,4,4,4,1,1,0,2,0,2,4,4,1,4,1,1,0,2,1,4,4,2,2,1,4,2,0,2,2,2,4,4,3,1,4,4,4,4,3,3,4,4,4,1,3,3,4,4,4,1,4,3,0,0,0,0,3,1,3,0,0,0,0,0,0,3,1,4,3,4,4,3,1,4,3,1,4,1,4,4,1,1,4,1,1,1,3,1,1,1,1,4,4,4,1,2,3,3,3,3,1,3,4,4,3,1,4,4,4,4,4,4,1,4,0,3,1,4,4,4,4,4,4,1,4,4,4,1,1,4,0,0,3,4"
102,1.0494560998737108,"0,0,1,3,4,0,0,4,2,3,2,2,4,0,3,2,3,1,3,1,1,4,4,4,4,4,4,1,4,4,3,0,2,2,2,2,2,4,3,3,1,4,1,4,3,0,2,3,3,1,4,4,1,1,4,4,4,4,1,1,4,4,4,4,4,4,4,4,4,2,0,3,3,1,4,1,4,2,0,4,4,4,4,4,3,4,4,4,4,3,1,1,1,3,0,2,1,1,1,2,4,4,1,1,0,4,3,3,1,1,4,4,1,3,1,1,1,4,4,1,4,4,1,3,3,1,2,2,2,4,4,1,4,0,3,2,2,4,4,4,4,4,4,3,4,4,4,4,1,1,0,2,0,2,1,4,1,4,1,1,0,2,1,4,4,2,2,1,4,2,0,2,2,2,4,4,3,1,4,4,4,4,3,3,0,4,4,1,3,3,4,4,4,1,4,3,0,0,0,0,3,1,3,0,0,0,0,0,0,0,1,4,3,4,4,3,1,4,3,1,4,1,4,4,1,1,4,1,1,1,3,1,1,1,1,4,4,4,1,2,3,4,3,3,1,3,3,4,3,1,4,4,4,4,4,4,1,4,0,3,1,4,4,4,4,4,4,1,4,4,4,1,1,4,0,2,3,4"
103,1.0497987525140728,"0,0,1,3,4,0,0,4,2,3,2,2,4,0,3,2,3,1,3,1,1,4,4,4,4,4,4,1,4,4,3,0,2,2,2,2,2,4,3,3,1,4,1,4,3,0,2,3,3,1,4,4,1,1,4,4,4,4,1,1,4,4,4,4,4,4,4,4,4,2,0,3,3,1,4,1,4,2,0,1,4,4,4,4,3,4,4,4,4,3,1,1,1,3,0,2,1,1,1,2,4,4,1,1,0,4,3,3,1,1,4,4,1,3,1,1,1,4,4,1,4,4,1,3,3,1,2,2,2,4,4,1,4,0,3,2,2,4,4,4,4,4,4,3,4,4,4,4,1,1,0,2,0,2,4,4,1,4,1,1,0,2,1,4,4,2,2,1,4,2,0,2,2,2,4,4,3,1,4,4,4,4,3,3,4,4,4,1,3,3,4,4,4,1,4,3,0,0,0,0,3,1,3,0,0,0,0,0,0,0,1,4,3,4,4,3,1,4,3,1,4,1,4,4,1,1,4,1,1,1,3,1,1,1,1,4,4,4,1,2,3,3,3,3,1,3,4,1,3,1,4,4,4,4,4,4,1,4,0,3,1,4,4,4,4,4,4,1,4,4,4,1,1,4,0,2,3,4"
104,1.0503722865622982,"0,0,1,3,4,0,3,4,2,3,2,2,4,0,3,2,3,1,3,1,1,4,4,4,4,4,3,1,4,4,3,0,2,2,2,2,2,2,3,3,1,4,1,4,3,0,2,3,3,1,4,4,1,1,4,4,4,4,1,1,4,4,4,4,4,4,4,4,4,2,0,3,3,1,4,1,4,2,0,4,4,4,4,4,3,4,4,4,4,3,1,1,1,3,0,2,1,1,1,2,4,4,1,1,0,4,3,3,1,1,4,4,1,3,1,1,1,4,4,1,4,4,1,3,3,1,2,2,2,4,4,1,4,0,3,2,2,4,4,4,4,4,4,3,4,4,4,4,1,1,0,2,0,2,4,4,1,4,1,1,0,2,1,4,4,2,2,1,4,2,0,2,2,2,4,4,3,1,4,4,4,4,1,3,4,4,4,1,3,3,4,4,4,1,4,3,0,0,0,0,3,1,3,0,0,0,0,0,0,0,1,4,3,4,4,3,1,1,3,1,4,1,4,4,1,1,4,1,1,1,3,1,1,1,1,4,4,4,1,2,3,3,3,3,1,3,4,4,3,1,4,4,4,4,4,4,1,4,0,3,1,4,4,4,4,4,4,1,4,4,4,1,1,4,0,2,3,4"
105,1.0504014994447988,"0,0,1,3,4,0,3,4,2,3,2,2,4,0,3,2,3,1,3,1,1,4,4,4,4,4,3,1,4,4,3,0,2,2,2,2,2,4,3,3,1,4,1,4,3,0,2,3,3,1,4,4,1,1,4,4,4,4,1,1,4,4,4,4,4,4,4,4,4,2,0,3,3,1,4,1,4,2,0,4,4,4,4,4,3,4,4,4,4,3,1,1,1,3,0,2,1,1,1,2,4,4,1,1,0,4,3,3,1,1,4,4,1,3,1,1,1,4,4,4,0,4,1,3,3,1,2,2,2,4,4,1,4,0,3,2,2,4,4,4,4,4,4,3,4,4,4,4,1,1,0,2,0,2,4,4,1,4,1,1,0,2,1,4,4,2,2,1,4,2,0,2,2,2,4,4,3,1,4,4,4,4,1,3,4,4,4,1,4,3,4,4,4,1,4,3,0,0,0,0,3,1,3,0,0,0,0,0,0,0,1,4,3,4,4,3,1,1,3,1,4,1,4,4,1,1,4,1,1,1,3,1,1,1,1,4,4,4,1,2,3,3,3,3,1,3,4,4,3,1,4,4,4,4,4,4,1,4,0,3,1,4,4,4,4,4,4,1,4,4,4,1,1,4,0,2,3,4"
106,1.0498092196757496,"0,0,1,3,4,0,3,4,2,3,2,2,4,0,3,2,3,1,3,1,1,4,4,4,4,4,3,1,4,4,3,0,2,2,2,2,2,2,3,3,1,4,1,4,3,0,2,3,3,1,4,4,1,1,4,4,4,4,1,1,4,4,4,4,4,4,4,4,4,2,0,3,3,1,4,1,4,2,0,4,4,4,4,4,3,4,4,4,4,3,1,1,1,3,0,2,1,1,1,2,4,4,1,4,0,4,3,3,1,1,4,4,1,3,1,1,1,4,4,1,4,4,1,3,3,1,2,2,2,4,4,1,4,0,3,2,2,4,4,4,4,4,4,3,4,4,4,4,1,1,0,2,0,2,4,4,1,4,1,1,0,2,1,4,4,2,2,1,4,2,0,2,2,2,4,4,3,1,4,4,4,4,1,3,4,4,4,1,3,3,4,4,4,1,4,3,0,0,0,0,3,1,3,0,0,0,0,0,0,0,1,4,3,4,4,3,1,4,3,1,4,1,2,4,1,1,4,1,1,1,3,1,1,1,1,4,4,4,1,2,3,3,3,3,1,3,4,4,3,1,4,4,4,4,4,4,1,4,0,3,1,4,4,4,4,4,4,1,4,4,4,1,1,4,0,2,3,4"
107,1.04956492257668,"0,0,1,3,4,0,3,4,2,3,2,2,4,0,3,2,3,1,3,1,1,4,4,4,4,4,3,1,4,4,3,0,2,2,2,2,2,2,3,3,1,4,1,4,3,0,2,3,3,1,4,4,1,1,4,4,4,4,1,1,4,4,4,4,4,4,4,4,4,2,0,3,3,1,4,1,4,2,0,4,4,4,4,4,3,4,4,4,4,3,1,1,1,3,0,2,1,1,1,2,4,4,1,2,0,4,3,3,1,1,4,4,1,3,1,1,1,4,4,1,4,4,1,3,3,1,2,2,2,4,4,1,4,0,3,2,2,4,4,4,4,4,4,3,4,4,4,4,1,1,0,2,0,2,4,4,1,4,1,1,0,2,1,4,4,2,2,1,4,2,0,2,2,2,4,4,3,1,4,4,4,4,1,3,4,4,4,1,3,3,4,4,4,1,4,3,0,0,0,0,3,1,3,0,0,0,0,0,0,0,1,4,3,4,4,3,1,1,3,1,4,1,4,4,1,1,4,1,1,1,3,1,1,1,1,4,4,4,1,2,3,3,3,3,1,3,4,4,3,1,4,4,4,4,4,4,1,4,0,3,1,4,4,3,4,4,4,1,4,4,4,1,1,4,2,2,3,4"
108,1.0512774516849617,"0,0,1,3,4,0,3,4,2,3,2,2,4,0,3,2,3,1,3,1,1,4,4,4,4,4,4,1,4,4,3,0,2,2,2,2,2,4,3,3,1,4,1,4,3,0,2,3,3,1,4,4,1,1,4,4,4,4,1,1,4,4,4,4,4,4,4,4,4,2,0,3,3,1,4,1,4,2,0,4,4,4,4,4,3,4,4,4,4,3,1,1,1,3,0,2,1,1,1,2,4,4,1,1,0,4,0,3,1,1,4,4,1,3,1,1,1,4,4,1,4,4,1,3,3,1,2,2,2,4,4,1,4,0,3,2,2,4,4,4,4,4,4,3,4,4,4,4,1,1,0,2,0,2,4,4,1,4,1,1,0,2,1,4,4,2,2,1,4,2,0,2,2,2,4,4,3,1,4,4,4,4,1,3,4,4,4,1,3,3,4,4,4,1,4,3,0,0,0,0,3,1,3,0,0,0,0,0,0,0,1,4,3,4,4,3,1,1,3,1,4,1,4,4,1,1,4,1,1,1,3,1,1,1,1,4,4,4,1,2,3,3,3,3,1,3,4,4,3,1,4,4,4,4,4,4,1,4,0,3,1,4,4,4,4,4,4,1,4,4,4,1,1,4,2,2,3,4"
109,1.0496309882370543,"0,0,1,3,4,0,3,4,2,3,2,2,4,0,3,2,3,1,3,1,1,4,4,4,4,4,4,1,4,4,3,0,2,2,2,2,2,4,3,3,1,4,1,4,3,0,2,3,3,1,4,4,1,1,4,4,4,4,1,1,4,4,4,4,4,4,4,4,4,2,0,3,3,1,4,1,4,2,0,4,4,4,4,4,3,4,4,4,4,3,1,1,1,3,0,2,1,1,1,2,4,4,1,1,0,4,0,3,1,1,4,4,1,3,1,1,1,4,4,1,4,4,1,3,3,1,2,2,2,4,4,1,4,0,3,2,2,4,4,4,4,4,4,3,4,4,4,4,1,1,0,2,0,2,4,4,1,4,1,1,0,2,1,4,4,2,2,1,4,2,1,2,2,2,4,4,3,1,4,4,4,4,1,3,2,4,4,1,3,3,4,4,4,1,4,3,0,0,0,0,3,1,1,0,0,0,0,0,0,0,1,4,3,4,4,3,1,1,3,1,4,1,4,4,1,1,4,1,1,1,3,1,1,1,1,4,4,4,1,2,3,3,3,3,1,3,4,4,3,1,4,4,4,4,4,4,1,4,0,3,1,4,4,4,4,4,4,1,4,4,4,1,1,4,2,2,3,4"
110,1.050167255248438,"0,0,1,4,4,0,3,4,2,3,2,2,4,0,3,2,3,1,3,1,1,4,4,4,4,4,4,1,4,4,3,0,2,2,2,2,2,4,3,3,1,4,1,4,3,0,2,3,3,1,4,4,1,1,4,4,4,4,1,1,4,4,4,4,1,4,4,4,4,2,0,3,3,1,4,1,4,2,0,4,4,4,4,4,3,4,4,4,4,3,1,1,1,3,0,2,1,1,1,2,4,4,1,1,0,4,3,3,1,1,4,4,1,3,1,1,1,4,4,1,4,4,1,3,3,1,2,2,2,4,4,1,4,0,3,2,2,4,4,4,4,4,4,3,4,4,4,4,1,1,0,2,0,2,2,4,1,4,1,1,0,2,1,4,4,2,2,1,4,2,0,2,2,2,4,4,3,1,4,4,4,4,1,3,4,4,4,1,3,3,4,4,4,1,4,3,0,0,0,0,3,1,3,0,0,0,0,0,0,0,1,4,3,4,4,3,1,1,3,1,4,1,4,4,1,1,4,1,1,1,3,1,1,1,1,4,4,4,1,2,3,3,3,3,1,3,4,4,3,1,4,4,4,4,4,4,1,4,0,3,1,4,4,0,4,4,4,1,4,4,4,1,1,4,0,2,3,4"
111,1.0527650432430782,"0,0,1,1,4,0,3,4,2,3,2,2,4,0,3,2,3,1,3,1,1,4,4,4,4,4,4,1,4,4,3,0,2,2,2,2,2,4,3,3,1,4,1,4,3,0,2,3,3,1,4,1,1,1,4,4,4,4,1,4,4,4,4,4,4,4,4,4,4,2,0,3,3,1,4,1,4,2,0,4,4,4,4,4,3,4,4,4,4,3,1,1,1,3,0,2,1,1,1,2,4,4,1,1,0,4,0,3,1,1,4,4,1,3,1,1,1,4,4,1,4,4,1,3,3,1,2,2,2,4,4,1,4,0,3,2,2,4,4,4,4,4,4,3,4,4,4,4,1,1,0,2,0,2,4,4,1,4,1,1,0,2,1,4,4,2,2,1,4,2,2,2,2,2,4,4,3,1,4,4,4,4,1,3,4,4,4,1,3,3,4,4,4,1,4,3,0,0,0,0,3,1,3,0,0,0,0,0,0,0,1,4,3,4,4,3,1,1,3,1,4,1,4,4,1,1,4,1,1,1,3,1,3,1,1,4,4,4,1,2,3,3,3,3,1,1,4,4,3,1,4,4,4,4,4,4,1,4,0,3,1,4,4,4,4,4,4,1,4,4,4,1,4,4,2,2,3,4"
112,1.0533032493569614,"0,0,1,1,4,0,3,4,2,3,2,2,4,0,3,2,3,1,3,1,1,4,4,4,4,4,4,1,4,4,3,0,2,2,2,2,2,4,3,3,1,4,1,4,3,0,2,3,3,1,4,1,1,1,4,4,4,4,1,4,4,4,4,4,3,4,4,4,4,2,0,3,3,1,4,1,4,2,0,4,4,4,4,4,3,4,4,4,4,3,1,1,1,3,2,2,1,1,1,0,4,4,1,1,0,4,0,3,1,1,4,4,1,3,1,1,1,4,4,1,4,4,1,3,3,1,2,2,2,4,4,1,4,0,3,2,2,4,4,4,4,4,4,3,4,4,4,4,1,1,0,2,0,2,4,4,1,4,1,1,0,2,1,4,4,2,2,1,4,2,2,2,2,2,4,4,3,1,4,4,4,4,1,3,4,4,4,1,3,3,4,4,4,1,4,3,0,0,0,0,3,1,3,0,0,0,0,0,0,0,1,4,3,4,4,3,1,1,3,1,4,1,4,4,1,1,4,1,1,1,3,1,3,1,1,4,4,4,1,2,3,3,3,3,1,1,4,4,3,1,4,4,4,4,4,4,1,4,0,3,1,4,4,4,4,4,4,1,4,4,4,1,4,4,2,2,3,4"
113,1.0533161528039137,"0,0,1,1,4,0,3,4,2,3,2,2,4,0,3,2,3,1,3,1,1,4,4,4,4,4,4,1,4,4,3,0,2,2,2,2,2,4,3,3,1,4,1,4,3,0,2,3,3,1,4,4,1,1,4,4,4,4,1,4,4,4,4,4,3,4,4,4,4,2,0,3,3,1,4,1,4,2,0,4,4,4,4,4,3,4,4,4,4,3,1,1,1,3,2,2,1,1,1,0,4,4,1,1,0,4,0,3,1,1,4,4,1,3,1,1,1,4,4,1,4,4,1,3,3,1,2,2,2,4,4,1,4,0,3,2,2,4,4,4,4,4,4,3,4,4,4,4,1,1,0,2,0,2,4,4,1,4,1,1,0,2,1,4,4,2,2,1,4,2,2,2,2,2,4,4,3,1,4,4,4,4,1,3,4,4,4,1,3,3,4,4,4,1,4,3,0,0,0,0,3,1,3,0,0,0,0,0,0,0,1,4,3,4,4,3,1,1,3,1,4,1,4,4,1,1,4,1,1,1,3,1,3,1,1,4,4,4,1,2,3,3,3,3,1,1,4,4,3,1,4,4,4,4,4,4,1,4,0,3,1,4,4,4,4,4,4,1,4,4,4,1,4,4,2,2,3,4"
114,1.053559466217026,"0,0,1,1,4,0,3,4,2,3,2,2,4,0,3,2,3,1,3,1,1,4,4,4,4,4,4,1,4,4,3,0,2,2,2,2,2,4,3,3,1,4,1,4,3,0,2,3,3,1,4,4,1,1,4,4,4,4,1,4,4,4,4,4,3,4,4,4,4,2,0,3,3,1,4,1,1,2,0,4,4,4,4,4,3,4,4,4,4,3,1,1,1,3,2,2,1,1,1,0,4,4,1,1,0,4,0,3,1,1,4,4,1,3,1,1,1,4,4,1,4,4,1,3,3,1,2,2,2,4,4,1,4,0,3,2,2,4,4,4,4,4,4,3,4,4,4,4,1,1,0,2,0,2,4,4,1,4,1,1,0,2,1,4,4,2,2,1,4,2,2,2,2,2,4,4,3,1,4,4,4,4,1,3,4,4,4,1,3,3,4,4,4,1,4,3,0,0,0,0,3,1,3,0,0,0,0,0,0,0,1,4,3,4,4,3,1,1,3,1,4,1,4,4,1,1,4,1,1,1,3,1,3,1,1,4,4,4,1,2,3,3,3,3,1,1,4,4,3,1,4,4,4,4,4,4,1,4,0,3,1,4,4,4,4,4,4,1,4,4,4,1,4,4,2,2,3,4"
115,1.0537399592084196,"0,0,1,1,4,0,3,4,2,3,2,2,4,0,3,2,3,1,3,1,1,4,4,4,4,4,4,1,4,4,3,0,2,2,2,2,2,4,3,3,1,4,1,1,3,0,2,3,3,1,4,4,1,1,4,4,4,4,1,4,4,4,4,4,3,4,4,4,4,2,0,3,3,1,4,1,1,2,0,4,4,4,4,4,3,4,4,4,4,3,1,1,1,3,2,2,1,1,1,0,4,4,1,1,0,4,0,3,1,1,4,4,1,3,1,1,1,4,4,1,4,4,1,3,3,1,2,2,2,4,4,1,4,0,3,2,2,4,4,4,4,4,4,3,4,4,4,4,1,1,0,2,0,2,4,4,1,4,1,1,0,2,1,4,4,2,2,1,4,2,2,2,2,2,4,4,3,1,4,4,4,4,1,3,4,4,4,1,3,3,4,4,4,1,4,3,0,0,0,0,3,1,3,0,0,0,0,0,0,0,1,4,3,4,4,3,1,1,3,1,1,1,4,4,1,1,4,1,1,1,3,1,3,1,1,4,4,4,1,2,3,3,3,3,1,1,4,4,3,1,4,4,4,4,4,4,1,4,0,3,1,4,4,4,4,4,4,1,4,4,4,1,4,4,2,2,3,4"
116,1.0533214489748246,"0,0,1,1,4,0,3,4,2,3,2,2,4,0,3,2,2,1,3,1,1,4,4,4,4,4,4,1,4,4,3,0,2,2,2,2,2,4,3,3,1,4,1,1,3,0,2,3,3,1,4,4,1,1,4,4,4,4,1,4,4,4,4,4,3,4,4,4,4,2,0,3,3,1,4,1,1,2,0,4,4,4,4,4,3,4,4,4,4,3,1,1,1,3,2,2,1,1,1,0,4,4,1,1,0,4,0,3,1,1,4,4,1,3,1,1,1,4,4,1,4,4,1,3,3,1,2,2,2,4,4,1,4,0,3,2,2,4,4,4,4,4,4,3,4,4,4,4,1,1,0,2,0,2,4,4,1,4,1,1,0,2,1,4,4,2,2,1,4,2,2,2,2,2,4,4,3,1,4,4,4,4,1,3,4,4,4,1,3,3,4,4,4,1,4,3,0,0,0,0,3,1,3,0,0,0,0,0,0,0,1,4,3,4,4,3,1,1,3,1,1,1,4,4,1,1,4,1,1,1,3,1,3,1,1,4,4,4,1,2,3,3,3,3,1,1,4,4,3,1,4,4,4,4,4,4,1,4,0,3,1,4,4,4,4,4,4,1,4,4,4,1,4,4,2,2,3,4"
117,1.0542275711014104,"0,0,1,1,4,0,1,4,2,3,2,2,4,0,3,2,4,1,3,1,1,4,4,4,4,4,4,1,4,4,3,0,2,2,2,2,2,4,3,3,1,4,1,1,3,0,2,3,3,1,4,4,1,1,4,4,4,4,1,4,4,4,4,4,3,4,4,4,4,2,0,3,3,1,4,1,1,2,0,4,4,4,4,4,3,4,4,4,4,3,1,1,1,3,2,2,1,1,1,0,4,4,1,1,0,4,0,3,1,1,4,4,1,3,1,1,1,4,4,1,4,4,1,3,3,1,2,2,2,4,4,1,4,0,3,2,2,4,4,4,4,4,4,3,4,4,4,4,1,1,0,2,0,2,4,4,1,4,1,1,0,2,1,4,4,2,2,1,4,2,2,2,2,2,4,4,3,1,4,4,4,4,1,3,4,4,4,1,3,3,4,4,4,1,4,3,0,0,0,0,3,1,3,0,0,0,0,0,0,0,1,4,3,4,4,3,1,1,3,1,1,1,4,4,1,1,4,1,1,1,3,1,3,1,1,4,4,4,1,2,3,3,3,3,1,1,4,4,3,1,4,4,4,4,4,4,1,4,0,3,1,4,4,4,4,4,4,1,4,4,4,1,4,4,2,2,4,4"
118,1.0540468731783783,"0,0,1,1,4,0,1,4,2,3,2,2,4,0,3,2,4,1,3,1,1,4,4,4,4,4,4,1,4,4,3,0,2,2,2,2,2,4,3,3,1,4,1,1,3,0,2,3,3,1,4,4,1,1,4,4,4,4,1,4,4,4,4,4,3,4,4,4,4,2,0,3,3,1,4,1,1,2,0,4,4,4,4,4,3,4,4,4,4,3,1,1,1,3,2,2,1,1,1,0,4,4,1,1,0,4,0,3,1,1,4,4,1,3,1,1,1,4,4,1,4,4,1,3,3,1,2,2,2,4,4,1,4,0,3,2,2,4,4,4,4,4,4,3,4,4,4,4,1,1,0,2,0,2,4,4,1,4,1,1,0,2,1,4,4,2,2,1,4,2,2,2,2,2,4,4,3,1,4,4,4,4,1,1,4,4,4,4,3,3,4,4,4,1,4,3,0,0,0,0,3,1,3,0,0,0,0,0,0,0,1,4,3,4,4,3,1,1,3,1,1,1,4,4,1,1,4,1,1,1,3,1,3,1,1,4,4,4,1,0,3,3,3,3,1,1,4,4,3,1,4,4,4,4,4,4,1,4,0,3,3,4,4,4,4,4,4,1,4,4,4,1,4,4,2,2,4,4"
119,1.0548189537776902,"0,0,1,1,4,0,1,4,2,3,2,2,4,0,3,2,4,1,3,1,1,4,4,4,4,4,4,1,4,4,3,0,2,2,2,2,2,4,3,3,1,4,1,1,3,0,2,3,3,1,4,4,1,1,4,4,4,4,1,4,4,4,4,4,3,4,4,4,4,2,0,3,1,1,4,1,1,2,0,4,4,4,4,4,3,4,4,4,4,3,1,1,1,3,2,2,1,1,1,0,4,4,1,1,0,4,0,3,1,1,4,4,1,3,1,1,1,4,4,1,4,4,1,3,3,1,2,2,2,4,4,1,4,0,3,2,2,4,4,4,4,4,4,3,4,4,4,4,1,1,0,2,0,2,4,4,1,4,1,1,0,2,1,4,4,2,2,1,4,2,2,2,2,2,4,4,3,1,4,4,4,4,1,1,4,4,4,1,3,3,4,4,4,1,4,3,0,0,0,0,3,1,3,0,0,0,0,0,0,0,1,4,3,4,4,3,1,1,3,1,1,4,4,4,1,1,4,1,1,1,3,1,3,1,1,4,4,4,1,0,3,3,3,3,1,1,4,4,3,1,4,4,4,4,4,4,1,4,0,3,1,4,4,4,4,4,4,1,4,4,4,1,4,4,2,2,4,4"
120,1.0548189537776902,"0,0,1,1,4,0,1,4,2,3,2,2,4,0,3,2,4,1,3,1,1,4,4,4,4,4,4,1,4,4,3,0,2,2,2,2,2,4,3,3,1,4,1,1,3,0,2,3,3,1,4,4,1,1,4,4,4,4,1,4,4,4,4,4,3,4,4,4,4,2,0,3,1,1,4,1,1,2,0,4,4,4,4,4,3,4,4,4,4,3,1,1,1,3,2,2,1,1,1,0,4,4,1,1,0,4,0,3,1,1,4,4,1,3,1,1,1,4,4,1,4,4,1,3,3,1,2,2,2,4,4,1,4,0,3,2,2,4,4,4,4,4,4,3,4,4,4,4,1,1,0,2,0,2,4,4,1,4,1,1,0,2,1,4,4,2,2,1,4,2,2,2,2,2,4,4,3,1,4,4,4,4,1,1,4,4,4,1,3,3,4,4,4,1,4,3,0,0,0,0,3,1,3,0,0,0,0,0,0,0,1,4,3,4,4,3,1,1,3,1,1,4,4,4,1,1,4,1,1,1,3,1,3,1,1,4,4,4,1,0,3,3,3,3,1,1,4,4,3,1,4,4,4,4,4,4,1,4,0,3,1,4,4,4,4,4,4,1,4,4,4,1,4,4,2,2,4,4"
121,1.0548189537776902,"0,0,1,1,4,0,1,4,2,3,2,2,4,0,3,2,4,1,3,1,1,4,4,4,4,4,4,1,4,4,3,0,2,2,2,2,2,4,3,3,1,4,1,1,3,0,2,3,3,1,4,4,1,1,4,4,4,4,1,4,4,4,4,4,3,4,4,4,4,2,0,3,1,1,4,1,1,2,0,4,4,4,4,4,3,4,4,4,4,3,1,1,1,3,2,2,1,1,1,0,4,4,1,1,0,4,0,3,1,1,4,4,1,3,1,1,1,4,4,1,4,4,1,3,3,1,2,2,2,4,4,1,4,0,3,2,2,4,4,4,4,4,4,3,4,4,4,4,1,1,0,2,0,2,4,4,1,4,1,1,0,2,1,4,4,2,2,1,4,2,2,2,2,2,4,4,3,1,4,4,4,4,1,1,4,4,4,1,3,3,4,4,4,1,4,3,0,0,0,0,3,1,3,0,0,0,0,0,0,0,1,4,3,4,4,3,1,1,3,1,1,4,4,4,1,1,4,1,1,1,3,1,3,1,1,4,4,4,1,0,3,3,3,3,1,1,4,4,3,1,4,4,4,4,4,4,1,4,0,3,1,4,4,4,4,4,4,1,4,4,4,1,4,4,2,2,4,4"
122,1.055436734204155,"0,0,1,1,4,0,1,4,2,3,2,2,4,0,3,2,4,1,3,1,1,4,4,4,4,4,4,1,4,4,3,0,2,2,2,2,2,1,3,3,1,4,1,1,3,0,2,3,3,1,4,4,1,1,4,4,4,4,1,4,4,4,4,4,3,4,4,4,4,2,0,3,1,1,4,1,1,2,0,4,4,4,4,4,3,4,4,4,4,3,1,1,1,3,2,2,1,1,1,0,4,4,1,1,0,4,0,3,1,1,4,4,1,3,1,1,1,4,4,1,4,4,1,3,3,1,2,2,2,4,4,1,4,0,3,2,2,4,4,4,4,4,4,3,4,4,4,4,1,1,0,2,0,2,4,4,1,4,1,1,0,2,1,4,4,2,2,1,4,2,2,2,2,2,4,4,3,1,4,4,4,4,1,1,4,4,4,1,3,3,4,4,4,1,4,3,0,0,0,0,3,0,3,0,0,0,0,0,0,0,1,4,3,4,4,3,1,1,3,1,1,4,4,4,1,1,4,1,1,1,3,1,3,1,1,4,4,4,1,0,3,3,3,3,1,1,4,4,3,1,4,4,4,4,4,4,1,4,0,3,1,4,4,4,4,4,4,1,4,4,4,1,4,4,2,2,4,4"
123,1.0560323270682552,"0,0,1,1,4,0,1,4,2,3,2,2,4,0,3,2,4,1,3,1,1,4,4,4,4,4,4,1,4,4,3,0,2,2,2,2,2,1,3,3,1,4,1,1,3,0,2,3,3,1,4,4,1,1,4,4,4,4,1,4,4,4,4,4,3,4,4,4,4,2,0,3,1,1,4,1,1,2,0,4,4,4,4,4,3,4,4,4,4,3,1,1,1,1,2,2,1,1,1,0,4,4,1,4,0,4,0,3,1,1,4,4,1,3,1,1,1,4,4,1,4,4,1,3,3,1,2,2,2,4,4,1,4,0,3,2,2,4,4,4,4,4,4,3,4,4,4,4,1,1,0,2,0,2,4,4,1,4,1,1,0,2,1,4,4,2,2,1,4,2,2,2,2,2,4,4,3,1,4,4,4,4,1,1,4,4,4,1,3,3,4,4,4,1,4,3,0,0,0,0,3,0,3,0,0,0,0,0,0,0,1,4,3,4,4,3,1,1,3,1,1,4,4,4,1,1,4,1,1,1,3,1,3,1,1,4,4,4,1,0,3,3,3,3,1,1,4,4,3,1,4,4,4,4,4,4,1,4,0,3,1,4,4,4,4,4,4,1,4,4,1,1,4,4,2,2,4,4"
124,1.0560323270682552,"0,0,1,1,4,0,1,4,2,3,2,2,4,0,3,2,4,1,3,1,1,4,4,4,4,4,4,1,4,4,3,0,2,2,2,2,2,1,3,3,1,4,1,1,3,0,2,3,3,1,4,4,1,1,4,4,4,4,1,4,4,4,4,4,3,4,4,4,4,2,0,3,1,1,4,1,1,2,0,4,4,4,4,4,3,4,4,4,4,3,1,1,1,1,2,2,1,1,1,0,4,4,1,4,0,4,0,3,1,1,4,4,1,3,1,1,1,4,4,1,4,4,1,3,3,1,2,2,2,4,4,1,4,0,3,2,2,4,4,4,4,4,4,3,4,4,4,4,1,1,0,2,0,2,4,4,1,4,1,1,0,2,1,4,4,2,2,1,4,2,2,2,2,2,4,4,3,1,4,4,4,4,1,1,4,4,4,1,3,3,4,4,4,1,4,3,0,0,0,0,3,0,3,0,0,0,0,0,0,0,1,4,3,4,4,3,1,1,3,1,1,4,4,4,1,1,4,1,1,1,3,1,3,1,1,4,4,4,1,0,3,3,3,3,1,1,4,4,3,1,4,4,4,4,4,4,1,4,0,3,1,4,4,4,4,4,4,1,4,4,1,1,4,4,2,2,4,4"
125,1.0560323270682552,"0,0,1,1,4,0,1,4,2,3,2,2,4,0,3,2,4,1,3,1,1,4,4,4,4,4,4,1,4,4,3,0,2,2,2,2,2,1,3,3,1,4,1,1,3,0,2,3,3,1,4,4,1,1,4,4,4,4,1,4,4,4,4,4,3,4,4,4,4,2,0,3,1,1,4,1,1,2,0,4,4,4,4,4,3,4,4,4,4,3,1,1,1,1,2,2,1,1,1,0,4,4,1,4,0,4,0,3,1,1,4,4,1,3,1,1,1,4,4,1,4,4,1,3,3,1,2,2,2,4,4,1,4,0,3,2,2,4,4,4,4,4,4,3,4,4,4,4,1,1,0,2,0,2,4,4,1,4,1,1,0,2,1,4,4,2,2,1,4,2,2,2,2,2,4,4,3,1,4,4,4,4,1,1,4,4,4,1,3,3,4,4,4,1,4,3,0,0,0,0,3,0,3,0,0,0,0,0,0,0,1,4,3,4,4,3,1,1,3,1,1,4,4,4,1,1,4,1,1,1,3,1,3,1,1,4,4,4,1,0,3,3,3,3,1,1,4,4,3,1,4,4,4,4,4,4,1,4,0,3,1,4,4,4,4,4,4,1,4,4,1,1,4,4,2,2,4,4"
126,1.0558790222182508,"0,0,1,1,4,0,1,4,2,3,2,2,4,0,3,2,4,1,3,1,1,4,4,4,4,4,1,1,4,4,3,0,2,2,2,2,2,1,3,3,1,4,1,1,3,0,2,3,3,1,4,4,1,1,4,4,4,4,1,4,4,4,4,4,3,4,4,4,4,2,0,3,1,1,4,3,1,2,0,4,4,4,4,4,3,4,4,4,4,3,1,1,1,1,2,2,1,1,1,0,4,4,1,4,0,4,0,3,1,1,4,4,1,3,1,1,1,4,4,4,4,4,1,3,3,1,2,2,2,4,4,1,4,0,3,2,2,4,4,4,4,4,4,3,4,4,4,4,1,1,0,2,0,2,4,4,1,4,1,1,0,2,1,4,4,2,2,1,4,2,2,2,2,2,4,4,3,1,4,4,4,4,1,1,4,4,4,1,3,3,4,4,4,1,4,3,0,0,0,0,3,0,3,0,0,0,0,0,0,0,1,4,3,4,4,3,1,1,3,1,1,4,4,4,1,1,4,1,1,1,3,1,3,1,1,4,4,4,1,0,3,3,3,3,1,1,4,4,3,1,4,4,4,4,4,4,1,4,0,3,1,4,4,4,4,4,4,1,4,4,1,1,4,4,2,3,4,4"
127,1.0543151637220705,"0,0,1,1,4,2,1,4,2,3,2,2,4,0,3,2,4,1,3,1,1,4,4,4,4,4,1,1,4,4,3,0,2,2,2,2,2,1,3,3,1,4,1,1,3,0,2,3,3,1,4,4,1,1,4,4,4,4,1,4,4,4,4,4,3,4,4,4,4,2,0,3,1,1,4,3,1,2,0,4,4,4,4,4,3,4,4,4,4,3,1,1,1,1,2,2,1,1,1,0,4,4,1,4,0,4,0,3,1,1,4,4,1,3,1,1,1,4,4,4,4,4,1,3,3,1,2,2,2,4,4,1,4,0,3,2,2,4,4,4,4,4,4,3,4,4,4,4,1,1,0,2,0,2,4,4,1,4,1,1,0,2,1,4,4,2,2,1,4,2,2,2,2,2,4,4,3,1,4,4,4,4,1,1,4,4,4,1,3,3,4,4,4,1,4,3,0,0,0,0,3,0,3,0,0,0,4,0,0,0,1,4,3,4,4,3,1,1,3,1,1,4,4,4,1,1,4,1,1,1,3,1,3,1,1,4,4,4,1,0,3,3,3,3,1,1,4,4,3,1,4,4,4,4,4,2,1,4,0,3,1,4,3,4,4,4,4,1,4,4,1,1,4,4,2,2,4,4"
128,1.0563124875825443,"0,0,1,1,4,2,1,4,2,3,2,2,4,0,3,2,4,1,3,1,1,4,4,4,4,4,1,1,4,4,3,0,2,2,2,2,2,1,3,3,1,4,1,1,3,0,2,3,3,1,4,4,1,1,4,4,4,4,1,4,4,4,4,4,3,4,4,4,4,2,0,3,1,1,4,1,1,2,0,4,4,4,4,4,3,4,4,4,4,3,1,1,1,1,2,2,1,1,1,0,4,4,1,4,4,4,0,3,1,1,4,4,1,3,1,1,1,4,4,4,4,4,1,3,3,1,2,2,2,4,4,1,4,0,3,2,2,4,4,4,4,4,4,3,4,4,4,4,1,1,0,2,0,2,4,4,1,4,1,1,0,2,1,4,4,2,2,1,4,2,2,2,2,2,4,4,3,4,4,4,4,4,1,1,4,4,4,1,3,3,4,4,4,1,4,3,0,0,0,0,3,0,3,0,0,0,0,0,0,0,1,4,3,4,4,3,1,1,3,1,1,4,4,4,1,1,4,1,1,1,3,1,3,1,1,4,4,4,1,0,3,3,3,3,1,1,4,4,3,1,4,4,4,4,4,4,1,4,0,3,1,4,4,4,4,4,4,1,4,4,1,2,4,4,2,2,4,4"
129,1.0567472425375375,"0,0,1,1,4,2,1,4,2,3,2,2,4,0,3,2,4,1,3,1,1,4,4,4,4,4,1,1,4,4,3,0,2,2,2,2,2,1,3,3,1,4,1,1,3,0,2,3,3,1,4,4,1,1,4,4,4,4,1,4,4,4,4,4,3,4,4,4,4,2,0,3,1,1,4,1,1,2,0,4,4,4,4,4,3,4,4,4,4,3,1,1,1,1,2,2,1,1,1,0,4,4,1,4,4,4,0,3,1,1,4,4,1,3,1,1,1,4,4,4,4,4,1,3,3,1,2,2,2,4,4,1,4,0,3,2,2,4,4,4,4,4,4,3,4,4,4,4,1,1,0,2,0,2,4,4,1,4,1,1,0,2,1,4,4,2,2,1,4,2,2,2,2,2,4,4,3,4,4,4,4,4,1,1,4,4,4,1,3,3,4,4,4,1,4,3,0,0,0,0,3,0,3,0,0,0,0,0,0,0,1,4,3,4,4,3,1,1,3,1,1,4,4,4,1,1,4,1,1,1,3,1,3,1,1,4,4,4,1,0,3,3,3,3,1,1,4,4,3,1,4,4,4,4,4,4,1,4,0,3,1,4,4,4,4,4,4,1,4,4,1,1,4,4,2,2,4,4"
130,1.0569836578588168,"0,0,1,1,4,2,1,4,2,3,2,2,4,0,3,2,4,1,3,1,1,4,4,4,4,4,1,1,4,4,3,0,2,2,2,2,2,1,3,1,1,4,1,1,3,0,2,3,3,1,4,4,1,1,4,4,4,4,1,4,4,4,4,4,3,4,4,4,4,2,0,3,1,1,4,1,1,2,0,4,4,4,4,4,3,4,4,4,4,3,1,1,1,1,2,2,1,1,1,0,4,4,1,4,0,4,0,3,1,1,4,4,1,3,1,1,1,4,4,4,4,4,1,3,3,1,2,2,2,4,4,1,4,0,3,2,2,4,4,4,4,4,4,3,4,4,4,4,1,1,0,2,0,2,4,4,1,4,1,1,0,2,1,4,4,2,2,1,4,2,2,2,2,2,4,4,3,1,4,4,4,4,1,1,4,4,4,1,3,3,4,4,4,1,4,3,0,0,0,0,3,0,3,0,0,0,0,0,0,0,1,4,3,4,4,3,1,1,1,1,1,4,4,4,1,1,4,1,1,1,3,1,3,1,1,4,4,4,1,0,3,3,3,3,1,1,4,4,3,1,4,4,4,4,4,4,1,4,0,3,1,4,4,4,4,4,4,1,4,4,1,1,4,4,2,2,4,4"
131,1.0569836578588168,"0,0,1,1,4,2,1,4,2,3,2,2,4,0,3,2,4,1,3,1,1,4,4,4,4,4,1,1,4,4,3,0,2,2,2,2,2,1,3,1,1,4,1,1,3,0,2,3,3,1,4,4,1,1,4,4,4,4,1,4,4,4,4,4,3,4,4,4,4,2,0,3,1,1,4,1,1,2,0,4,4,4,4,4,3,4,4,4,4,3,1,1,1,1,2,2,1,1,1,0,4,4,1,4,0,4,0,3,1,1,4,4,1,3,1,1,1,4,4,4,4,4,1,3,3,1,2,2,2,4,4,1,4,0,3,2,2,4,4,4,4,4,4,3,4,4,4,4,1,1,0,2,0,2,4,4,1,4,1,1,0,2,1,4,4,2,2,1,4,2,2,2,2,2,4,4,3,1,4,4,4,4,1,1,4,4,4,1,3,3,4,4,4,1,4,3,0,0,0,0,3,0,3,0,0,0,0,0,0,0,1,4,3,4,4,3,1,1,1,1,1,4,4,4,1,1,4,1,1,1,3,1,3,1,1,4,4,4,1,0,3,3,3,3,1,1,4,4,3,1,4,4,4,4,4,4,1,4,0,3,1,4,4,4,4,4,4,1,4,4,1,1,4,4,2,2,4,4"
132,1.0565932315778035,"0,0,1,1,4,2,1,4,2,3,2,2,4,0,3,2,4,1,3,1,1,4,4,4,4,4,1,1,4,4,3,0,2,2,2,2,2,1,3,1,1,4,1,1,3,0,2,3,3,1,4,4,1,1,4,4,4,4,1,4,4,4,4,4,3,4,4,4,4,2,0,3,1,1,4,1,1,2,0,4,4,4,4,4,3,4,4,4,4,3,1,1,1,1,2,2,1,1,1,0,4,4,1,4,0,4,0,3,1,1,4,4,1,3,1,1,1,4,4,4,4,4,1,3,3,1,2,2,2,4,4,1,4,0,3,2,2,4,4,4,4,4,4,3,4,4,4,4,1,1,0,2,0,2,4,4,1,4,1,1,0,2,1,4,4,2,2,1,4,2,2,2,2,2,4,4,3,1,4,4,4,4,1,1,4,4,4,1,3,3,4,4,4,1,4,3,0,0,0,0,3,0,3,0,0,0,0,0,0,0,1,4,3,4,4,3,1,1,1,1,1,4,4,4,1,1,4,1,1,1,3,1,3,1,1,4,4,4,1,0,3,3,3,3,1,1,4,4,3,1,4,4,4,4,4,4,1,4,0,3,1,4,4,4,4,4,4,1,4,4,0,1,4,4,2,2,4,4"
133,1.0554151031705317,"0,0,1,1,4,2,1,4,2,3,2,2,4,0,3,2,4,1,3,1,1,4,4,4,4,4,1,1,4,4,3,0,2,2,2,2,2,1,3,1,1,4,1,1,3,0,2,3,3,1,4,4,1,1,4,4,4,4,1,4,4,4,4,4,3,4,4,4,4,2,0,3,1,1,4,1,1,2,0,4,4,4,4,4,3,4,4,4,4,3,1,1,1,1,2,2,1,1,1,0,4,4,1,4,0,4,0,3,1,1,4,4,1,3,1,1,1,4,4,2,4,4,1,3,3,1,2,2,2,4,4,1,4,0,3,2,2,4,4,4,4,4,4,3,4,4,4,4,1,1,0,2,0,2,4,4,1,4,1,4,0,2,1,4,4,2,2,1,4,2,3,2,2,2,4,4,3,1,4,4,4,4,1,1,4,4,4,1,3,3,4,4,4,1,4,3,0,0,0,0,3,0,3,0,0,0,0,0,0,0,1,4,3,4,4,3,1,1,1,1,1,4,4,4,1,1,4,1,1,1,3,1,3,1,1,4,4,4,1,0,3,3,3,3,1,1,4,4,3,1,4,4,4,4,4,4,1,4,0,3,1,0,4,4,4,4,4,1,4,4,1,1,4,4,2,2,4,4"
134,1.057779567807664,"0,0,1,1,4,2,1,4,2,3,2,2,4,0,3,2,4,1,3,1,1,4,4,4,4,4,1,1,4,4,3,0,2,2,2,2,2,1,3,1,1,4,1,1,3,2,2,3,3,1,4,4,1,1,4,4,4,4,1,4,4,4,4,4,3,4,4,4,4,2,0,3,1,1,4,1,1,2,0,4,4,4,4,4,1,4,4,4,4,3,1,1,1,1,2,2,1,1,1,0,4,4,1,4,0,4,0,3,1,1,4,4,2,3,1,1,1,4,4,4,4,4,1,3,3,1,2,2,2,3,4,1,4,0,3,2,2,4,4,4,4,4,4,3,4,4,4,4,1,1,0,2,0,2,4,4,1,4,1,4,0,2,1,4,4,2,2,3,4,2,2,2,2,2,4,4,3,1,4,4,4,4,3,1,4,4,4,1,3,3,4,4,4,1,4,3,0,0,0,0,3,0,3,0,0,0,0,0,0,0,1,4,3,4,4,3,1,1,1,1,1,4,4,4,1,1,4,1,1,1,3,1,3,1,1,4,4,4,1,0,3,3,3,3,1,1,4,4,3,1,4,4,4,4,4,4,1,4,0,3,0,4,4,4,4,4,4,1,4,4,1,1,4,4,2,2,4,4"
135,1.057235954593974,"0,0,1,1,4,2,1,4,2,3,2,2,4,0,3,2,4,1,3,1,1,4,4,4,4,4,1,1,4,4,3,0,2,2,2,2,2,1,3,1,1,4,1,1,3,2,2,3,3,1,4,4,1,1,4,4,4,4,1,4,4,4,4,4,3,4,4,4,4,2,0,3,1,1,4,1,1,2,0,4,4,4,4,4,1,4,4,4,4,3,1,1,1,1,2,2,1,1,1,0,4,4,1,4,0,4,0,3,1,1,4,4,1,3,1,1,1,4,4,4,4,4,1,3,3,1,2,2,2,4,4,1,4,0,3,2,2,4,4,4,4,4,4,3,4,4,4,4,1,1,0,2,0,2,4,4,1,4,1,4,0,2,1,4,4,2,2,3,4,2,2,2,2,2,4,4,3,1,4,4,1,4,3,1,4,4,4,1,3,3,4,4,4,1,4,3,0,0,0,0,3,0,3,0,0,0,0,0,0,0,1,4,3,4,4,3,1,1,1,1,1,4,4,4,1,1,4,1,1,1,3,1,3,1,1,4,4,4,1,0,3,3,3,3,1,1,4,4,3,1,4,4,4,4,4,4,1,4,0,3,1,4,4,4,4,4,4,1,4,4,1,1,4,4,2,2,4,4"
136,1.0578268355957907,"0,0,1,1,4,2,1,4,2,3,2,2,4,0,3,2,4,1,3,1,1,4,4,4,4,4,1,1,4,4,3,0,2,2,2,2,2,1,3,1,1,4,1,1,3,2,2,3,3,1,4,4,1,1,4,4,4,4,1,4,4,4,4,4,3,4,4,4,4,2,0,3,1,1,4,1,1,2,0,4,4,4,4,4,1,4,4,4,4,3,1,1,1,1,2,2,1,1,1,0,4,4,1,4,0,4,0,3,1,1,4,4,1,3,1,1,1,4,4,4,4,4,1,3,3,1,2,2,2,4,4,1,4,0,3,2,2,4,4,4,4,4,4,3,4,4,4,4,1,1,0,2,0,2,4,4,1,4,1,4,0,2,1,4,4,2,2,3,4,2,2,2,2,2,4,4,3,1,4,4,4,4,3,1,4,4,4,1,3,3,4,4,4,1,4,3,0,0,0,0,3,0,3,0,0,0,0,0,0,0,1,4,3,4,4,3,1,1,1,1,1,4,4,4,1,1,4,1,1,1,3,1,3,1,1,4,4,4,1,0,3,3,3,3,1,1,4,4,3,1,4,4,4,4,4,4,1,4,0,3,1,4,4,4,4,4,4,1,4,4,1,1,4,4,2,2,4,4"
137,1.0583879264178806,"0,0,1,1,4,2,1,4,2,3,2,2,4,0,3,2,4,1,3,1,1,4,4,4,4,4,1,1,4,4,3,0,2,2,2,2,2,1,3,1,1,4,1,1,3,2,2,3,3,1,4,4,1,1,4,4,4,4,1,4,4,4,4,4,3,4,4,4,4,2,0,3,1,1,4,1,1,2,0,4,4,4,4,4,1,4,4,4,4,3,1,1,1,1,2,2,1,1,1,0,4,4,1,4,0,4,0,3,1,1,4,4,1,3,1,1,1,4,4,4,4,4,1,1,3,1,2,2,2,3,1,1,4,0,3,2,2,4,4,4,4,4,4,3,4,4,4,4,1,1,0,2,0,2,4,4,1,4,1,4,0,2,1,4,4,2,2,3,4,2,2,2,2,2,4,4,3,1,4,4,4,4,3,1,4,4,4,1,3,4,4,4,4,1,4,3,0,0,0,0,3,0,3,0,0,0,0,0,0,0,1,4,3,4,4,3,1,1,1,1,1,4,4,4,1,1,4,1,1,1,3,1,3,1,1,4,4,4,1,0,3,3,3,3,1,1,4,4,3,1,4,4,4,4,4,4,1,4,0,3,0,4,4,4,4,4,4,1,4,4,1,1,4,4,2,2,4,4"
138,1.0592657582722786,"0,0,1,1,4,2,1,4,2,3,2,2,4,0,3,2,4,1,3,1,1,4,4,4,4,4,1,1,4,4,3,0,2,2,2,2,2,1,3,1,1,4,1,1,3,2,2,3,3,1,4,4,1,1,4,4,4,4,1,4,4,4,4,4,3,4,4,4,4,2,0,3,1,1,4,1,1,2,0,4,4,4,4,4,1,4,4,4,4,3,1,1,1,1,2,2,1,1,1,0,4,4,4,4,0,4,0,3,1,1,4,4,1,3,1,1,1,4,4,4,4,4,1,1,3,1,2,2,2,3,1,1,4,0,3,2,2,4,4,4,4,4,4,3,4,4,4,4,1,1,0,2,0,2,4,4,1,4,1,4,0,2,1,4,4,2,2,3,4,2,2,2,2,2,4,4,3,1,4,4,4,4,3,1,4,4,4,1,3,4,4,4,4,1,4,3,0,0,0,0,3,0,3,0,0,0,0,0,0,0,1,4,3,4,4,3,1,1,1,1,1,4,4,4,1,1,4,1,1,1,3,1,3,1,1,4,4,4,1,0,3,1,3,3,1,1,4,4,3,1,4,4,4,4,4,4,1,4,0,3,0,4,4,4,4,4,4,1,4,4,1,1,4,4,2,2,4,4"
139,1.0596210719620403,"0,0,1,1,4,2,1,4,2,3,2,2,4,0,3,2,4,1,3,1,1,4,4,4,4,4,1,1,4,4,3,0,2,2,2,2,2,1,3,1,1,4,1,1,3,2,2,3,3,1,4,4,1,1,4,4,4,4,1,4,4,4,4,4,3,4,4,4,4,2,0,3,1,1,4,1,1,2,0,4,4,4,4,4,1,4,4,4,4,3,1,1,1,1,2,2,1,1,1,0,4,4,4,4,0,4,0,3,1,1,4,4,1,3,1,1,1,4,4,4,4,4,1,1,3,1,2,2,2,3,1,1,4,0,3,2,2,4,4,4,4,4,4,3,4,4,4,4,1,1,0,2,0,2,4,4,1,4,1,4,0,2,1,4,4,2,2,3,4,2,2,2,2,2,4,4,3,1,4,4,4,4,3,1,4,4,4,1,3,4,4,4,4,1,1,3,0,0,0,0,3,0,3,0,0,0,0,0,0,0,1,4,3,4,4,3,1,1,1,1,1,4,4,4,1,1,4,1,1,1,3,1,3,1,1,4,4,4,1,0,3,1,3,3,1,1,4,4,3,1,4,4,4,4,4,4,1,4,0,3,0,4,4,4,4,4,4,1,4,4,1,1,4,4,2,2,4,4"
140,1.059712570033855,"0,0,1,1,4,2,1,4,2,3,2,2,4,0,3,2,4,1,3,1,1,4,4,4,4,4,1,1,4,4,1,0,2,2,2,2,2,1,3,1,1,4,1,1,3,2,2,3,3,1,4,4,1,1,4,4,4,4,1,4,4,4,4,4,3,4,4,4,4,2,0,3,1,1,4,1,1,2,0,4,4,4,4,4,1,4,4,4,4,3,1,1,1,1,2,2,1,1,1,0,4,4,4,4,0,4,0,3,1,1,4,4,1,3,1,1,1,4,1,4,4,4,1,1,3,1,2,2,2,3,1,1,4,0,3,2,2,4,4,4,4,4,4,3,4,4,4,4,1,1,0,2,0,2,4,4,1,4,1,4,0,2,1,4,4,2,2,3,4,2,2,2,2,2,4,4,3,1,4,4,4,4,3,1,4,4,4,1,3,4,4,4,4,1,1,3,0,0,0,0,3,0,3,0,0,0,0,0,0,0,1,4,3,4,4,3,1,1,1,1,1,4,4,4,1,1,4,1,1,1,3,1,3,1,1,4,4,4,1,0,1,3,3,3,1,1,4,4,3,1,4,4,4,4,4,4,1,4,0,3,0,4,4,4,4,4,4,1,4,4,1,1,4,4,2,2,4,4"
141,1.0602642581008057,"0,0,1,1,4,2,1,4,2,3,2,2,4,0,3,2,4,1,3,1,1,4,4,4,4,4,1,1,4,4,1,0,2,2,2,2,2,1,3,1,1,4,1,1,3,2,2,3,3,1,4,4,1,1,1,4,4,4,1,4,4,4,4,4,3,4,4,4,4,2,0,3,1,1,4,1,1,2,0,4,4,4,4,4,1,4,4,4,4,4,1,1,1,1,2,2,1,1,1,0,4,4,4,4,0,4,4,3,1,1,4,4,1,3,1,1,1,4,4,4,4,4,1,1,3,1,2,2,2,3,1,1,4,0,3,2,2,4,4,4,4,4,4,3,4,4,4,4,1,1,0,2,0,2,4,4,1,4,1,4,0,2,1,4,4,2,2,3,4,2,2,2,2,2,4,4,3,1,4,4,4,4,3,1,4,4,4,1,3,4,4,4,4,1,1,3,0,0,0,0,3,0,3,0,0,0,0,0,0,0,1,4,3,4,4,3,1,1,1,1,1,4,4,4,1,1,4,1,1,1,3,1,3,1,1,4,4,4,1,0,3,1,3,3,1,1,4,4,3,1,4,4,4,4,4,4,1,4,0,3,0,4,4,4,4,4,4,1,4,4,1,1,4,4,2,2,4,4"
142,1.0602606899636249,"0,0,1,1,4,2,1,4,2,3,2,2,4,0,3,2,4,1,1,1,1,4,4,4,4,4,1,1,4,4,1,0,2,2,2,2,2,1,3,1,1,4,1,1,3,2,2,3,3,1,4,4,1,1,1,4,4,4,1,4,4,4,4,4,3,4,4,4,4,2,0,3,1,1,4,1,1,2,0,4,4,4,4,4,1,4,4,4,4,4,1,1,1,1,2,2,1,1,1,0,4,4,4,4,0,4,4,3,1,1,4,4,1,3,1,1,1,4,4,4,4,4,1,1,3,1,2,2,2,3,1,1,4,0,3,2,2,4,4,4,4,4,4,3,4,4,4,4,1,1,0,2,0,2,4,4,1,4,1,4,0,2,1,4,4,2,2,3,4,2,2,2,2,2,4,4,3,1,4,4,4,4,3,1,4,4,4,1,3,4,4,4,4,1,1,3,0,0,0,0,3,0,3,0,0,0,0,0,0,0,1,4,3,4,4,3,1,1,1,1,1,4,4,4,1,1,4,1,1,1,3,1,3,1,1,4,4,4,1,0,3,1,3,3,1,1,4,4,3,3,4,4,4,4,4,4,1,4,0,3,0,4,4,4,4,4,4,1,4,4,1,1,4,4,2,2,4,4"
143,1.060322138276424,"0,0,1,1,4,2,1,4,2,3,2,2,4,0,3,2,4,1,1,1,1,4,4,4,4,4,1,1,4,4,1,0,2,2,2,2,2,1,3,1,3,4,1,1,3,2,2,3,3,1,4,4,1,1,1,4,4,4,1,4,4,4,4,4,3,4,4,4,4,2,0,3,1,1,4,1,1,2,0,4,4,4,4,4,1,4,4,4,4,4,1,1,1,1,2,2,1,1,1,0,4,4,4,4,0,4,4,3,1,1,4,4,1,3,1,1,1,4,4,4,4,4,1,1,3,1,2,2,2,3,1,1,4,0,3,2,2,4,4,4,4,4,4,3,4,4,4,4,1,1,0,2,0,2,4,4,1,4,1,4,0,2,1,4,4,2,2,3,4,2,2,2,2,2,4,4,3,1,4,4,4,4,3,1,4,4,4,1,3,4,4,4,4,1,1,3,0,0,0,0,3,0,3,0,0,0,0,0,0,0,1,4,3,4,4,3,1,1,1,1,1,4,4,4,1,1,4,1,1,1,3,1,3,1,1,4,4,4,1,0,3,1,3,3,1,1,4,4,3,1,4,4,4,4,4,4,1,4,0,3,0,4,4,4,4,4,4,1,4,4,1,1,4,4,2,2,4,4"
144,1.0604480691920717,"0,0,1,1,4,2,1,4,2,3,2,2,4,0,3,2,4,1,1,1,1,4,4,4,4,4,1,1,4,4,1,0,2,2,2,2,2,1,3,1,3,4,1,1,3,2,2,3,3,1,4,4,1,1,1,4,4,4,1,4,4,4,4,4,3,4,4,4,4,2,0,3,1,1,4,1,1,2,0,4,4,4,4,4,1,4,4,4,4,4,1,1,1,1,2,2,1,1,1,0,4,4,4,4,0,4,4,3,1,1,4,4,1,3,1,1,1,4,4,4,4,4,1,1,3,1,2,2,2,3,1,1,4,0,3,2,2,4,4,4,4,4,4,3,4,4,4,4,1,1,0,2,0,2,4,4,1,4,1,4,0,2,1,4,4,2,2,3,4,2,2,2,2,2,4,4,3,1,4,4,4,4,3,1,4,4,4,1,3,4,4,4,4,1,1,3,0,0,0,0,3,0,3,0,0,0,0,0,0,0,1,4,3,4,4,3,1,1,1,1,1,4,4,4,1,1,4,1,1,1,3,1,3,1,1,4,4,4,1,0,3,1,3,3,1,1,4,4,3,1,4,4,4,4,4,4,1,0,0,3,0,4,4,4,4,4,4,1,4,4,1,1,4,4,2,2,4,4"
145,1.0599501844604038,"0,0,1,1,4,2,1,4,2,3,2,2,4,0,3,2,4,1,1,1,1,4,4,4,4,4,1,1,4,4,1,0,2,2,2,2,2,1,3,1,3,4,1,1,3,2,2,3,3,1,4,4,1,1,1,4,4,4,1,4,4,4,4,4,3,4,4,4,4,2,0,3,1,1,4,1,1,2,0,4,4,4,4,4,1,4,4,4,4,4,1,1,1,1,2,2,1,1,1,0,4,4,4,4,0,4,4,3,1,1,4,4,1,3,1,1,1,4,4,4,4,4,1,1,3,1,2,2,2,3,1,1,4,0,3,2,2,4,4,4,4,4,4,3,4,4,4,4,1,1,0,2,0,2,4,4,1,4,1,4,0,2,1,4,4,2,2,3,4,2,2,2,2,2,4,4,3,1,4,4,4,4,3,1,4,4,4,1,3,4,4,4,4,1,1,3,0,0,0,0,3,0,3,0,0,0,0,0,0,0,1,4,3,4,4,3,1,1,1,4,1,4,4,4,1,1,4,1,1,1,3,1,3,1,1,4,4,4,1,0,3,1,3,3,1,1,4,4,3,1,4,4,4,4,4,4,1,4,0,3,0,4,4,4,4,4,4,1,4,4,1,1,4,4,2,2,4,4"
146,1.0603726563513454,"0,0,1,1,4,2,1,4,2,3,2,2,4,0,3,2,4,1,1,1,1,4,4,4,4,4,1,1,4,4,1,0,2,2,2,2,2,1,3,1,1,4,1,1,3,2,2,3,3,1,4,4,1,1,1,4,4,4,1,4,4,4,4,4,3,4,4,4,4,2,0,3,1,1,4,1,1,2,0,4,4,4,4,4,1,4,4,4,4,4,1,1,1,1,2,2,1,1,1,0,4,4,4,4,0,4,4,3,1,1,4,4,1,3,1,1,1,4,4,4,4,4,1,1,3,1,2,2,2,3,1,1,4,0,3,2,2,4,4,4,4,4,4,3,4,4,4,4,1,1,0,2,0,2,4,4,1,4,1,4,0,2,1,4,4,2,2,3,4,2,2,2,2,2,4,4,3,1,4,4,4,4,3,1,4,4,4,1,3,4,4,4,4,1,1,3,0,0,0,0,3,0,3,0,0,0,0,0,0,0,1,4,3,4,4,3,3,1,1,1,1,4,4,4,1,1,4,1,1,1,3,1,3,1,1,4,4,4,1,0,3,1,3,3,1,1,4,4,3,1,4,4,4,4,4,4,1,0,0,3,0,4,4,4,4,4,4,1,4,4,1,1,4,4,2,2,4,4"
147,1.0600918886812416,"0,0,1,1,4,2,1,4,2,3,2,2,4,0,3,2,4,1,1,1,1,4,4,4,4,4,1,1,4,4,1,0,2,2,2,2,2,1,3,1,1,4,1,1,3,2,2,3,3,1,4,4,1,1,1,4,4,4,1,4,4,4,4,4,3,4,4,4,4,2,0,3,1,1,4,1,1,2,0,4,4,4,4,4,1,4,4,4,4,4,1,1,1,1,2,2,1,1,1,0,4,4,4,4,0,4,4,3,1,1,4,4,1,3,1,1,1,4,4,3,4,4,1,1,3,1,2,2,2,3,1,1,4,0,3,2,2,4,4,4,4,4,4,3,4,4,4,4,1,1,0,2,0,2,4,4,1,4,1,4,0,2,1,4,4,2,2,3,4,2,2,2,2,2,4,4,3,1,4,3,4,4,3,1,4,4,4,1,3,4,4,4,4,1,1,3,0,0,0,0,3,0,3,0,0,0,0,0,0,0,1,4,3,4,4,3,1,1,1,1,1,4,4,4,1,1,4,1,1,1,1,1,3,1,1,4,4,4,1,0,3,1,3,3,1,1,4,4,3,1,4,4,4,4,4,4,1,4,0,3,0,4,4,4,4,4,4,1,4,4,1,1,4,4,2,2,4,4"
148,1.0606939401984747,"0,0,1,1,4,2,1,4,2,3,2,2,4,0,3,2,4,1,1,1,1,4,4,4,4,4,1,1,4,4,1,0,2,2,2,2,2,1,3,1,1,4,1,1,3,2,2,3,3,1,4,4,1,1,1,4,4,4,1,4,4,4,4,4,3,4,4,4,4,2,0,3,1,1,4,1,1,2,0,4,4,4,4,4,1,4,4,4,4,4,1,1,1,1,2,2,1,1,1,0,4,4,4,4,0,4,4,3,1,1,4,4,1,3,1,1,1,4,4,4,4,4,1,1,3,1,2,2,2,3,1,1,4,0,3,2,2,4,4,4,4,4,4,3,4,4,4,4,1,1,0,2,0,2,4,4,1,4,1,4,0,2,1,4,4,2,2,3,4,2,2,2,2,2,4,4,3,1,4,4,4,4,3,1,4,4,4,1,3,4,4,4,4,1,1,3,0,0,0,0,3,0,3,0,0,0,0,0,0,0,1,4,3,4,4,3,1,1,1,1,1,4,4,4,1,1,4,1,1,1,1,1,3,1,1,4,4,4,1,0,3,1,3,3,1,1,4,4,3,1,4,4,4,4,4,4,1,0,0,3,0,4,4,4,4,4,4,1,4,4,1,1,4,4,2,2,4,4"
149,1.0605829048722941,"0,0,1,1,4,2,1,4,2,3,2,2,4,0,3,2,4,1,1,1,1,4,4,4,4,4,1,1,4,4,1,0,2,2,2,2,2,1,3,1,1,4,1,1,3,2,2,3,3,1,4,4,1,1,1,4,4,4,1,4,4,4,1,4,3,4,4,4,4,2,0,4,1,1,4,1,1,2,0,4,4,4,4,4,1,4,4,4,4,4,1,1,1,1,2,2,1,1,1,0,4,4,4,4,0,4,4,3,1,1,4,4,1,3,1,1,1,4,4,4,4,4,1,1,3,1,2,2,2,3,1,1,4,0,3,2,2,4,4,4,4,4,4,3,4,4,4,4,1,1,0,2,0,2,4,4,1,4,1,4,0,2,1,4,4,2,1,3,4,2,2,2,2,2,4,4,3,1,4,4,4,4,3,1,4,4,4,1,3,4,4,4,4,1,1,3,0,0,0,0,3,0,3,0,0,0,0,0,0,0,1,4,3,4,4,3,1,1,1,1,1,4,4,4,1,1,4,1,1,1,1,1,3,1,1,4,4,4,1,0,3,1,3,3,1,1,4,4,3,1,4,4,4,4,4,4,1,0,0,3,0,4,4,4,4,4,4,1,4,4,1,1,4,4,2,2,4,4"
150,1.0605829048722941,"0,0,1,1,4,2,1,4,2,3,2,2,4,0,3,2,4,1,1,1,1,4,4,4,4,4,1,1,4,4,1,0,2,2,2,2,2,1,3,1,1,4,1,1,3,2,2,3,3,1,4,4,1,1,1,4,4,4,1,4,4,4,1,4,3,4,4,4,4,2,0,4,1,1,4,1,1,2,0,4,4,4,4,4,1,4,4,4,4,4,1,1,1,1,2,2,1,1,1,0,4,4,4,4,0,4,4,3,1,1,4,4,1,3,1,1,1,4,4,4,4,4,1,1,3,1,2,2,2,3,1,1,4,0,3,2,2,4,4,4,4,4,4,3,4,4,4,4,1,1,0,2,0,2,4,4,1,4,1,4,0,2,1,4,4,2,1,3,4,2,2,2,2,2,4,4,3,1,4,4,4,4,3,1,4,4,4,1,3,4,4,4,4,1,1,3,0,0,0,0,3,0,3,0,0,0,0,0,0,0,1,4,3,4,4,3,1,1,1,1,1,4,4,4,1,1,4,1,1,1,1,1,3,1,1,4,4,4,1,0,3,1,3,3,1,1,4,4,3,1,4,4,4,4,4,4,1,0,0,3,0,4,4,4,4,4,4,1,4,4,1,1,4,4,2,2,4,4"
151,1.060357006782825,"0,0,1,1,4,2,1,4,2,3,2,2,4,0,3,2,4,1,1,1,1,4,4,4,4,4,1,1,4,4,1,0,2,2,2,2,2,1,3,1,1,4,1,1,3,2,2,3,3,1,4,4,1,1,1,4,4,4,1,4,4,4,1,4,3,4,4,4,4,2,0,4,1,1,4,1,1,2,0,4,4,4,4,4,4,4,4,4,4,4,1,1,1,1,2,2,1,1,1,0,4,4,4,4,0,4,4,3,1,1,4,4,1,3,1,1,1,4,4,4,4,4,1,1,3,1,2,2,2,3,1,1,4,0,3,2,2,4,4,4,4,4,4,3,4,4,4,4,1,1,0,2,0,2,4,4,1,4,1,4,0,2,1,4,4,2,1,3,4,2,2,2,2,2,4,4,3,1,4,4,4,4,3,1,4,4,4,1,3,4,4,4,4,1,1,3,0,0,0,0,3,0,3,0,0,0,0,0,0,0,1,4,3,4,4,3,1,1,1,1,1,4,4,4,1,1,4,1,1,1,1,1,3,1,1,4,4,4,1,0,3,1,3,3,1,1,4,4,3,1,4,4,4,4,4,4,1,0,0,3,0,4,4,4,4,4,4,1,4,4,1,1,4,4,2,2,4,4"
152,1.0601702686048156,"0,0,1,1,4,2,1,4,2,3,2,2,4,0,3,2,4,1,1,1,1,4,4,4,4,4,1,1,4,4,1,0,2,2,2,2,2,1,3,1,1,4,1,1,3,2,2,3,3,1,4,4,1,1,1,4,4,4,1,4,4,4,1,4,3,4,4,4,4,2,0,4,1,1,4,1,1,2,0,4,4,4,4,4,4,4,4,4,4,4,1,2,1,1,2,2,1,1,1,0,4,4,4,4,0,4,4,3,1,1,4,4,1,3,1,1,1,4,4,4,4,4,1,1,3,1,2,2,2,3,1,0,4,0,3,2,2,4,4,4,4,4,4,0,4,4,4,4,1,1,0,3,3,2,4,4,1,3,1,4,0,2,1,4,4,2,2,3,4,2,2,2,2,2,4,4,3,1,4,4,4,4,3,1,4,4,4,1,3,4,4,4,4,1,1,3,0,0,0,0,3,0,3,0,0,0,0,0,0,0,1,4,3,4,4,3,1,1,1,1,1,4,4,4,1,1,4,1,1,1,1,1,3,1,1,4,4,1,1,0,3,1,3,3,1,1,4,4,3,1,4,4,4,4,4,4,1,0,0,3,4,4,4,4,4,4,4,1,4,4,1,1,4,4,2,2,4,4"
153,1.0611252940191114,"0,0,1,1,4,2,1,4,2,3,2,2,4,0,3,2,4,1,1,1,1,4,4,4,4,4,1,1,4,4,1,0,2,2,2,2,2,1,3,1,1,4,1,1,3,2,2,3,3,1,4,4,1,1,1,4,4,4,1,4,4,4,1,4,3,4,4,4,4,2,0,4,1,1,4,1,1,2,0,4,4,4,4,4,4,4,4,4,4,4,1,1,1,1,2,2,1,1,1,0,4,4,4,4,0,4,4,3,1,1,4,4,1,3,1,1,1,4,4,4,4,4,1,1,3,1,2,2,2,3,1,1,4,0,3,2,2,4,4,4,4,4,4,0,4,4,4,4,1,1,0,2,0,2,4,4,1,3,1,4,0,2,1,4,4,2,2,3,4,2,2,2,2,2,4,4,3,1,4,4,4,4,3,1,4,4,4,1,3,4,4,4,4,1,1,3,0,0,0,0,3,0,3,0,0,0,0,0,0,0,1,4,3,4,4,3,1,1,1,1,1,4,4,4,1,1,4,1,1,1,1,1,3,1,1,4,4,4,1,0,3,1,3,3,1,1,4,4,3,1,4,4,4,4,4,4,1,0,0,3,4,4,4,4,4,4,4,1,4,4,1,1,4,4,2,2,4,4"
154,1.0590033695621734,"0,0,1,1,4,2,1,4,2,3,2,2,4,0,3,2,4,1,1,1,1,4,4,4,4,4,1,1,4,4,1,0,2,2,2,2,2,1,3,1,1,4,1,1,3,2,2,3,3,1,4,4,1,1,1,4,4,4,1,4,4,4,1,4,3,4,4,4,4,2,0,4,1,1,4,1,1,2,0,4,4,4,4,4,4,4,4,4,4,4,4,1,1,1,2,2,1,1,1,0,4,4,4,4,0,4,4,3,1,1,2,4,1,3,1,1,1,4,4,4,4,4,1,1,3,1,2,2,2,3,1,1,4,0,3,2,2,4,4,4,4,4,4,0,4,4,4,4,1,1,0,2,0,2,4,4,1,3,1,4,0,2,1,4,4,2,2,3,4,2,2,2,2,2,4,4,3,1,4,4,4,4,3,1,4,4,4,4,3,4,4,3,4,1,1,3,0,0,0,0,3,0,3,0,0,0,0,0,0,0,1,4,3,4,4,3,1,1,1,1,1,4,4,4,1,1,4,1,1,1,1,1,3,1,1,4,4,1,1,0,3,1,3,3,1,1,4,4,3,1,4,4,4,4,4,4,1,0,0,3,4,4,4,4,4,4,4,1,4,4,1,1,3,4,2,2,4,4"
155,1.0602610464097912,"0,0,1,1,4,2,1,4,2,3,2,2,4,0,3,2,4,1,1,1,1,4,4,4,4,4,1,1,4,4,1,1,2,2,2,2,2,1,3,1,1,4,1,1,3,2,2,3,3,1,4,4,1,1,1,4,4,4,1,4,4,4,1,4,3,4,4,4,4,2,0,1,1,1,4,1,1,2,0,4,4,4,4,4,1,4,4,4,4,4,1,1,1,1,2,2,1,1,1,0,4,4,4,4,0,4,4,3,1,1,4,4,1,3,1,1,1,4,4,4,4,4,1,1,3,1,2,2,2,3,1,1,4,0,3,2,2,4,4,4,4,4,4,0,4,4,4,4,1,1,0,3,3,2,4,4,1,3,1,4,0,2,1,4,4,2,2,3,4,2,2,2,2,2,4,4,3,1,4,4,4,4,3,1,4,4,4,3,3,4,4,4,4,1,1,3,0,0,0,0,3,0,3,0,0,0,0,0,0,0,1,4,3,4,4,3,1,1,1,1,1,4,4,4,1,1,4,1,1,1,1,1,3,1,1,4,4,1,1,0,3,1,3,3,1,1,4,4,3,1,4,4,4,4,4,4,1,0,0,3,4,4,4,4,4,4,4,1,4,4,1,1,4,4,2,2,4,4"
156,1.060903524548636,"0,0,1,1,4,2,1,4,2,3,2,2,4,0,3,2,4,1,1,1,1,4,4,4,4,4,1,1,4,4,1,1,2,2,2,2,2,1,3,1,1,4,1,1,3,2,2,3,3,1,4,4,1,1,1,4,4,4,1,4,4,4,4,4,3,4,4,4,4,2,0,1,1,1,4,1,1,2,0,4,4,4,4,4,1,4,4,4,4,4,1,1,1,1,2,2,1,1,1,0,4,4,4,4,0,4,4,3,1,1,4,4,1,3,1,1,1,4,4,4,4,4,1,1,3,1,2,2,2,3,1,1,4,0,3,2,2,4,4,4,4,4,4,0,4,4,4,4,1,1,0,2,0,2,4,4,1,3,1,4,0,2,1,4,4,2,2,3,4,2,2,2,2,2,4,4,3,1,4,4,4,4,3,1,4,4,4,1,3,3,4,4,4,1,1,3,0,0,0,0,3,0,3,0,0,0,0,0,0,0,1,4,3,4,4,3,1,1,1,1,1,4,4,4,1,1,4,1,1,1,1,1,3,1,1,4,4,4,1,0,3,1,3,3,1,1,4,4,3,1,4,4,4,4,4,4,1,0,0,3,4,4,4,4,4,4,4,1,4,4,1,1,4,4,2,2,4,4"
157,1.061911646379243,"0,0,1,1,4,2,1,4,2,3,2,2,4,0,3,2,4,1,1,1,1,4,4,4,4,4,1,1,4,4,1,0,2,2,2,2,2,1,3,1,1,4,1,1,3,2,2,3,3,1,4,4,1,1,1,4,4,4,1,4,4,4,4,4,3,4,4,4,4,2,0,1,1,4,4,1,1,2,0,4,4,4,4,4,1,4,4,4,4,4,1,1,1,1,2,2,1,1,1,0,4,4,4,4,0,4,4,3,1,1,4,4,1,3,1,1,1,4,4,4,4,4,1,1,3,1,2,2,2,3,1,1,4,0,3,2,2,4,4,4,4,4,4,0,4,4,4,4,1,1,0,2,0,2,4,4,1,3,1,4,0,2,1,4,4,2,2,3,4,2,2,2,2,2,4,4,3,1,4,4,4,4,3,1,4,4,4,1,3,3,4,4,4,1,1,3,0,0,0,0,3,0,3,0,0,0,0,0,0,0,1,4,3,4,4,3,1,1,1,1,1,4,4,4,1,1,4,1,1,1,1,1,3,1,1,4,4,4,1,0,3,1,3,3,1,1,4,4,3,1,4,4,4,4,4,4,1,4,0,3,4,4,4,4,4,4,4,1,4,4,1,1,4,4,2,2,4,4"
158,1.062339187053332,"0,0,1,1,4,2,1,4,2,3,2,2,4,0,3,2,4,1,1,1,1,4,4,4,4,4,1,1,4,4,1,0,2,2,2,2,2,1,1,1,1,4,1,1,3,2,2,3,3,1,4,4,1,1,1,4,4,4,1,4,4,4,4,4,3,4,4,4,4,2,0,1,1,4,4,1,1,2,0,4,4,4,4,4,1,4,4,4,4,4,1,1,1,1,2,2,1,1,1,0,4,4,4,4,0,4,4,3,1,1,4,4,1,3,1,1,1,4,4,4,4,4,1,1,3,1,2,2,2,3,1,1,4,0,3,2,2,4,4,4,4,4,4,0,4,4,4,4,1,1,0,2,0,2,4,4,1,3,1,4,0,2,1,4,4,2,2,3,4,2,2,2,2,2,4,4,3,1,4,4,4,4,3,1,4,4,4,1,3,3,4,4,4,1,1,3,0,0,0,0,3,0,3,0,0,0,0,0,0,0,1,4,3,4,4,3,1,1,1,1,1,4,4,4,1,1,4,1,1,1,1,1,3,1,1,4,4,4,1,0,3,1,3,3,1,1,4,4,3,1,4,4,4,4,4,4,1,0,0,3,4,4,4,4,4,4,4,1,4,4,1,1,4,4,2,2,4,4"
159,1.0624671075293857,"0,0,1,1,4,2,1,4,2,3,2,2,4,0,3,2,4,1,1,1,1,4,4,4,4,4,1,1,4,4,1,0,2,2,2,2,2,1,1,1,1,4,1,1,3,2,2,3,3,1,4,4,1,1,1,4,4,4,1,4,4,4,4,4,3,4,4,4,4,2,0,1,1,4,4,1,1,2,0,4,4,4,4,4,1,4,4,4,4,4,1,1,1,1,2,2,1,1,1,0,4,4,4,4,0,4,4,3,1,1,4,4,1,3,1,1,1,4,4,4,4,4,4,1,3,1,2,2,2,3,1,1,4,0,3,2,2,4,4,4,4,4,4,0,4,4,4,4,1,1,0,2,0,2,4,4,1,3,1,4,0,2,1,4,4,2,2,3,4,2,2,2,2,2,4,4,3,1,4,4,4,4,3,1,4,4,4,1,3,3,4,4,4,1,1,3,0,0,0,0,3,0,3,0,0,0,0,0,0,0,3,4,3,4,4,3,1,1,1,1,1,4,4,4,1,1,4,1,1,1,1,1,3,1,1,4,4,4,1,0,3,1,3,0,1,1,4,4,3,1,4,4,4,4,4,4,1,0,0,3,4,4,4,4,4,4,4,1,4,4,1,1,4,4,2,2,4,4"
160,1.0630606985595457,"0,0,1,1,4,2,1,4,2,3,2,2,4,0,3,2,4,1,1,1,1,4,4,4,4,4,1,1,4,4,1,0,2,2,2,2,2,1,1,1,1,4,1,1,3,2,2,3,3,1,4,1,1,1,1,4,4,4,1,4,4,4,4,4,3,4,4,4,4,2,0,1,1,4,4,1,1,2,0,4,4,4,4,4,1,4,4,4,4,4,1,1,1,1,2,2,1,1,1,0,4,4,4,4,0,4,4,3,1,1,4,4,1,3,1,1,1,4,4,4,4,4,4,1,3,1,2,2,2,3,1,1,4,0,3,2,2,4,4,4,4,4,4,0,4,4,4,4,1,1,0,2,0,2,4,4,1,3,1,4,0,2,1,4,4,2,2,3,4,2,2,2,2,2,4,4,3,1,4,4,4,4,3,1,4,4,4,1,3,3,4,4,4,1,1,3,0,0,0,0,3,0,3,0,0,0,0,0,0,0,1,4,3,4,4,3,1,1,1,1,1,4,4,4,1,1,4,1,1,1,1,1,3,1,1,4,4,4,1,0,3,1,3,3,1,1,4,4,3,1,4,4,4,4,4,4,1,0,0,3,4,4,4,4,4,4,4,1,4,4,1,1,4,4,2,2,4,4"
161,1.0633450124471884,"0,0,1,1,4,2,1,4,2,3,2,2,4,0,3,2,4,1,1,1,1,4,4,4,4,4,1,1,4,4,1,0,2,2,2,2,2,1,1,1,1,4,1,1,3,2,2,3,3,1,4,1,1,1,1,4,4,4,1,4,4,4,4,4,3,4,4,4,4,2,0,1,1,4,4,1,1,2,0,4,4,4,4,4,1,4,4,4,4,4,1,1,1,1,2,2,1,1,1,0,4,4,4,4,0,4,4,3,1,1,4,4,1,3,1,1,1,4,4,4,4,4,4,1,3,1,2,2,2,3,1,1,4,0,3,2,2,4,4,4,4,4,4,0,4,4,4,4,1,1,0,2,0,2,4,4,1,3,1,4,0,2,1,4,4,2,2,3,4,2,2,2,2,2,4,4,3,1,4,4,4,4,3,1,4,4,4,1,3,3,4,4,4,1,1,3,0,0,0,0,3,0,0,0,0,0,0,0,0,0,1,4,3,4,4,3,1,1,1,1,1,4,4,4,1,1,4,1,1,1,1,1,3,1,1,4,4,4,1,0,3,1,3,3,1,1,4,4,3,1,4,4,4,4,4,4,1,0,0,3,4,4,4,4,4,4,4,1,4,4,1,1,4,4,2,2,4,4"
162,1.0633450124471884,"0,0,1,1,4,2,1,4,2,3,2,2,4,0,3,2,4,1,1,1,1,4,4,4,4,4,1,1,4,4,1,0,2,2,2,2,2,1,1,1,1,4,1,1,3,2,2,3,3,1,4,1,1,1,1,4,4,4,1,4,4,4,4,4,3,4,4,4,4,2,0,1,1,4,4,1,1,2,0,4,4,4,4,4,1,4,4,4,4,4,1,1,1,1,2,2,1,1,1,0,4,4,4,4,0,4,4,3,1,1,4,4,1,3,1,1,1,4,4,4,4,4,4,1,3,1,2,2,2,3,1,1,4,0,3,2,2,4,4,4,4,4,4,0,4,4,4,4,1,1,0,2,0,2,4,4,1,3,1,4,0,2,1,4,4,2,2,3,4,2,2,2,2,2,4,4,3,1,4,4,4,4,3,1,4,4,4,1,3,3,4,4,4,1,1,3,0,0,0,0,3,0,0,0,0,0,0,0,0,0,1,4,3,4,4,3,1,1,1,1,1,4,4,4,1,1,4,1,1,1,1,1,3,1,1,4,4,4,1,0,3,1,3,3,1,1,4,4,3,1,4,4,4,4,4,4,1,0,0,3,4,4,4,4,4,4,4,1,4,4,1,1,4,4,2,2,4,4"
163,1.063645296585593,"0,0,1,1,4,2,1,4,2,3,2,2,4,0,3,2,4,1,1,1,1,4,4,4,4,4,1,1,4,4,1,0,2,2,2,2,2,1,1,1,1,4,1,1,3,2,2,3,3,1,4,1,1,1,1,4,4,4,1,4,4,4,4,4,3,4,4,4,4,2,0,1,1,4,4,1,1,2,0,4,4,4,4,4,1,0,4,4,4,4,1,1,1,1,2,2,1,1,1,0,4,4,4,4,0,4,4,3,1,1,4,4,4,3,1,1,1,4,4,4,4,4,4,1,3,1,2,2,2,3,1,1,4,0,3,2,2,4,4,4,4,4,4,0,4,4,4,4,1,1,0,2,0,2,4,4,1,3,1,4,0,2,1,4,4,2,2,3,4,2,2,2,2,2,4,4,3,1,4,4,4,4,3,1,4,4,4,1,3,3,4,4,4,1,1,3,0,0,0,0,3,0,0,0,0,0,0,0,0,0,1,4,3,4,4,3,1,1,1,1,1,4,4,4,1,1,4,1,1,1,1,1,3,1,1,4,4,4,1,0,3,1,3,3,1,1,4,4,3,1,4,4,4,4,4,4,1,0,0,3,4,4,4,4,4,4,4,1,4,4,1,1,4,4,2,2,4,4"
164,1.0640074254420786,"0,0,1,1,4,2,1,4,2,3,2,2,4,0,3,2,4,1,1,1,1,4,4,4,4,4,1,1,4,4,1,0,2,2,2,2,2,1,1,1,1,4,1,1,3,2,2,3,3,1,4,1,1,1,1,4,4,4,1,4,4,4,4,4,3,4,4,4,4,2,0,1,1,4,4,1,1,2,0,4,4,4,4,4,1,0,4,4,4,4,1,1,1,1,2,2,1,1,1,0,4,4,4,4,0,4,4,3,1,1,4,4,4,3,1,1,1,4,4,4,4,4,4,1,3,1,2,2,2,3,1,1,4,0,3,2,2,4,4,4,4,4,4,0,4,4,4,4,1,1,0,2,0,2,4,4,1,3,1,4,0,2,1,4,4,2,2,3,4,2,2,2,2,2,4,4,3,1,4,4,4,4,3,1,4,4,4,1,3,3,4,4,4,1,1,3,0,0,0,0,3,0,0,0,0,0,0,0,0,0,1,4,3,4,4,3,1,1,1,1,1,4,4,4,1,1,4,1,1,1,1,1,3,1,1,4,4,4,1,0,3,1,3,3,1,1,4,4,3,1,4,4,4,4,4,4,1,0,1,3,4,4,4,4,4,4,4,1,4,4,1,1,4,4,2,2,4,4"
165,1.0633933119754322,"0,0,1,1,4,2,1,4,2,3,2,2,4,0,3,2,4,1,1,1,1,4,4,4,4,4,1,1,4,4,1,0,2,2,2,2,2,1,1,1,1,4,1,1,3,2,2,3,3,1,4,1,1,1,1,4,4,4,1,4,4,4,4,4,3,4,4,4,4,2,0,1,1,4,4,1,1,2,0,4,4,4,4,4,1,0,4,4,4,4,1,1,1,1,2,2,1,1,1,0,4,4,4,4,0,4,4,3,1,1,4,4,4,3,1,1,1,4,4,4,4,4,4,1,3,1,2,2,2,3,1,1,4,0,3,2,2,4,4,4,4,4,4,0,4,4,4,4,1,1,0,2,0,2,4,4,1,3,1,4,0,2,1,4,4,2,2,3,4,2,2,2,2,2,4,4,3,1,4,4,4,4,3,1,4,4,4,1,3,3,4,4,4,1,1,3,0,0,0,0,3,0,0,0,3,0,0,0,0,0,1,4,3,4,4,3,1,1,1,1,1,4,4,4,1,1,4,1,1,1,1,1,3,1,1,4,4,4,1,0,3,1,3,3,1,1,4,4,3,1,4,4,4,4,4,4,1,0,0,3,4,4,4,4,4,4,4,1,4,4,1,1,4,4,2,2,4,4"
166,1.0642442307635602,"0,0,1,1,4,2,1,4,2,3,2,2,4,0,3,2,4,1,1,1,1,4,4,4,4,4,1,1,4,4,1,0,2,2,2,2,2,1,1,1,1,4,1,1,3,2,2,3,3,1,4,1,1,1,1,4,4,4,1,4,4,4,4,4,3,4,4,4,4,2,0,1,1,4,4,1,1,2,0,4,4,4,4,4,1,3,4,4,4,4,1,1,1,1,2,2,1,1,1,0,4,4,4,4,0,4,4,3,1,1,4,4,4,3,1,1,1,4,4,4,4,4,4,1,3,1,2,2,2,3,1,1,4,0,3,2,2,4,4,4,4,4,4,0,4,4,4,4,1,1,0,2,0,2,4,4,1,3,1,4,0,2,1,4,4,2,2,3,4,2,2,2,2,2,4,4,3,1,4,4,4,4,3,1,4,4,4,1,3,3,4,4,4,1,1,3,0,0,0,0,3,0,0,0,0,0,0,0,0,0,1,4,3,4,4,3,1,1,1,1,1,4,4,4,1,1,4,1,1,1,1,1,3,1,1,4,4,4,1,0,3,1,3,3,1,1,4,4,3,1,4,4,4,4,4,4,1,0,1,3,4,4,4,4,4,4,4,1,4,4,1,1,4,4,2,2,4,4"
167,1.064422916696238,"0,0,1,1,4,2,1,4,2,3,2,2,4,0,3,2,4,1,1,1,1,4,4,4,4,4,1,1,4,4,1,0,2,2,2,2,2,1,1,1,1,4,1,1,3,2,2,3,3,1,4,1,1,1,1,4,4,4,1,4,4,4,4,4,3,4,4,4,4,2,0,1,1,4,4,1,1,2,0,4,4,4,4,4,1,3,4,4,4,4,1,1,1,1,2,2,1,1,1,0,4,4,4,4,0,4,4,3,1,1,4,4,4,3,1,1,1,4,4,4,4,4,4,1,3,1,2,2,2,3,1,1,4,0,3,2,2,4,4,4,4,4,4,0,4,4,4,4,1,1,0,2,0,2,4,4,1,3,1,4,0,2,1,4,4,2,2,3,4,2,2,2,2,2,4,4,3,1,4,4,4,4,3,1,4,4,4,1,3,3,4,4,4,1,1,3,0,0,0,0,0,0,0,0,0,0,0,0,0,0,1,4,3,4,4,3,3,1,1,1,1,4,4,4,1,1,4,1,1,1,1,1,3,1,1,4,4,4,1,0,3,1,3,3,1,1,4,4,3,1,4,4,4,4,4,4,1,0,1,3,4,4,4,4,4,4,4,1,4,4,1,1,4,4,2,2,4,4"
168,1.0637816562139077,"0,0,1,1,4,2,1,4,2,3,2,2,4,0,3,2,4,1,1,1,1,4,4,4,4,4,1,1,4,4,1,0,2,2,2,2,2,1,1,1,1,4,1,1,3,2,2,3,4,1,4,1,1,1,1,4,4,4,1,4,4,4,4,4,3,4,4,4,4,2,0,1,1,4,4,1,1,2,0,4,4,4,4,4,1,3,4,4,4,4,1,1,1,1,2,2,1,1,1,0,4,4,4,4,0,4,4,3,1,1,1,4,4,3,1,1,1,4,4,4,4,4,4,1,3,1,2,2,2,3,1,1,4,0,3,2,2,4,4,4,4,4,4,0,4,4,4,4,1,1,0,2,0,2,4,4,1,3,1,4,0,2,1,4,4,2,2,3,4,2,2,2,2,2,4,4,3,1,4,4,2,4,3,1,4,4,4,1,3,3,4,4,4,1,1,3,0,0,0,0,0,0,0,0,0,0,0,0,0,0,1,4,3,4,4,3,3,1,1,1,1,4,4,4,1,1,4,1,1,1,1,1,3,1,1,4,4,4,1,0,3,1,3,3,1,1,4,4,3,1,4,4,4,4,4,4,1,0,1,3,4,4,4,4,4,4,4,1,4,4,1,1,4,4,2,2,4,4"
169,1.0653091957051846,"0,0,1,1,4,2,1,4,2,3,2,2,4,0,3,2,4,1,1,1,1,4,4,4,4,4,1,1,4,4,1,0,2,2,2,2,2,1,1,1,1,4,1,1,3,2,2,3,4,1,4,1,1,1,1,4,4,4,1,4,4,4,4,4,3,4,4,4,4,2,0,1,1,4,4,1,1,2,0,4,4,4,4,4,1,3,4,4,4,4,1,1,1,1,2,2,1,1,1,0,4,4,4,4,0,4,4,3,1,1,1,4,4,3,1,1,1,4,4,4,4,4,4,1,3,1,2,2,2,3,1,1,4,0,3,2,2,4,4,4,4,4,4,0,4,4,4,4,1,1,0,2,0,2,4,4,1,3,1,4,2,2,1,4,4,2,2,3,4,2,2,2,2,2,4,4,3,1,3,4,4,4,3,1,4,4,4,1,3,1,4,4,4,1,1,3,0,0,0,0,3,0,0,0,0,0,0,0,0,0,1,4,3,4,4,3,1,1,1,1,1,4,4,4,1,1,1,1,1,1,1,1,3,1,1,4,4,4,1,0,3,1,3,3,1,1,4,4,3,1,4,4,4,4,4,4,1,0,1,3,4,4,4,4,4,4,4,1,4,4,1,1,4,4,2,2,4,4"
170,1.0648944098199737,"0,0,1,1,4,2,1,4,2,3,2,2,4,0,3,2,4,1,1,1,1,4,4,4,4,4,1,1,4,4,1,0,2,2,2,2,2,1,1,1,1,4,1,1,3,2,2,3,4,1,4,1,1,1,1,4,4,4,1,4,4,4,4,4,3,4,4,4,4,2,0,1,1,4,4,1,1,2,0,4,4,4,4,4,1,3,4,4,4,4,1,1,1,1,2,2,1,1,1,0,4,4,4,4,0,4,4,3,1,1,1,4,4,3,1,1,1,4,4,4,4,4,4,1,3,1,2,2,2,3,0,1,4,0,3,2,2,4,4,4,4,4,4,0,4,4,4,4,1,1,0,2,0,2,4,4,1,3,1,4,2,2,1,4,4,2,2,3,4,2,2,2,2,2,4,4,3,1,3,4,4,4,3,1,4,4,4,1,3,1,1,4,4,1,1,3,0,0,0,0,3,0,0,0,0,0,0,0,0,0,1,4,3,4,4,3,1,1,1,1,1,4,4,4,1,1,1,1,1,1,1,1,3,1,1,4,4,2,1,0,3,1,3,3,1,1,4,4,3,1,4,4,4,4,4,4,3,0,1,3,4,4,4,4,4,4,4,1,4,4,1,1,4,4,2,2,4,4"
171,1.0661607571038414,"0,0,1,1,4,2,1,4,2,3,2,2,4,0,3,2,4,1,1,1,1,4,4,4,4,4,1,1,4,4,1,0,2,2,2,2,2,1,1,1,1,4,1,1,3,2,2,3,4,1,4,1,1,1,1,4,4,4,1,4,4,4,4,4,3,4,4,4,4,2,0,1,1,4,4,1,1,2,0,4,4,4,4,4,1,3,4,4,4,1,1,1,1,1,2,2,1,1,1,0,4,4,4,4,0,4,4,3,1,1,1,4,4,3,1,1,1,4,4,4,4,4,4,1,3,1,2,2,2,3,1,1,4,0,3,2,2,4,4,4,4,4,4,0,4,4,4,4,1,1,0,2,0,2,4,4,1,3,1,4,2,2,1,4,4,2,2,3,4,2,2,2,2,2,4,4,3,1,3,4,4,4,3,1,4,4,4,1,3,1,1,4,4,1,1,3,0,0,0,0,3,0,0,0,0,0,0,0,0,0,1,4,3,4,4,3,1,1,1,1,1,4,4,4,1,1,1,1,1,1,1,1,3,1,1,4,4,4,1,0,3,1,3,3,1,1,4,4,3,1,4,4,4,4,4,4,1,0,1,3,4,4,4,4,4,4,4,1,4,4,1,1,4,4,2,2,4,4"
172,1.0664723705577375,"0,0,1,1,4,2,1,4,2,3,2,2,4,0,3,2,4,1,1,1,1,4,4,4,4,4,1,1,4,4,1,0,2,2,2,2,2,1,1,1,1,4,1,1,3,2,2,0,4,1,4,1,1,1,1,4,4,4,1,4,4,3,4,4,3,4,4,4,4,2,0,1,1,4,4,1,1,2,0,4,4,4,4,4,1,3,4,4,4,1,1,1,1,1,2,2,1,1,1,0,4,4,4,4,0,4,4,3,1,1,1,4,4,3,1,1,1,4,4,4,4,4,4,1,3,1,2,2,2,3,1,1,4,0,3,2,2,4,4,4,4,4,4,0,4,4,4,4,1,1,0,2,0,2,4,4,1,3,1,4,2,2,1,4,4,2,2,3,4,2,2,2,2,2,4,4,3,1,3,4,4,4,3,1,4,4,4,1,3,1,1,4,4,1,1,3,0,0,0,0,3,0,0,0,0,0,0,0,0,0,1,4,3,4,4,3,1,1,1,1,1,4,4,4,1,1,1,1,1,1,1,1,3,1,1,4,4,4,1,0,3,1,3,3,1,1,4,4,3,1,4,4,4,4,4,4,1,0,1,3,4,4,4,4,4,4,4,1,4,4,1,1,4,4,2,2,3,4"
173,1.0664723705577375,"0,0,1,1,4,2,1,4,2,3,2,2,4,0,3,2,4,1,1,1,1,4,4,4,4,4,1,1,4,4,1,0,2,2,2,2,2,1,1,1,1,4,1,1,3,2,2,0,4,1,4,1,1,1,1,4,4,4,1,4,4,3,4,4,3,4,4,4,4,2,0,1,1,4,4,1,1,2,0,4,4,4,4,4,1,3,4,4,4,1,1,1,1,1,2,2,1,1,1,0,4,4,4,4,0,4,4,3,1,1,1,4,4,3,1,1,1,4,4,4,4,4,4,1,3,1,2,2,2,3,1,1,4,0,3,2,2,4,4,4,4,4,4,0,4,4,4,4,1,1,0,2,0,2,4,4,1,3,1,4,2,2,1,4,4,2,2,3,4,2,2,2,2,2,4,4,3,1,3,4,4,4,3,1,4,4,4,1,3,1,1,4,4,1,1,3,0,0,0,0,3,0,0,0,0,0,0,0,0,0,1,4,3,4,4,3,1,1,1,1,1,4,4,4,1,1,1,1,1,1,1,1,3,1,1,4,4,4,1,0,3,1,3,3,1,1,4,4,3,1,4,4,4,4,4,4,1,0,1,3,4,4,4,4,4,4,4,1,4,4,1,1,4,4,2,2,3,4"
174,1.0664723705577375,"0,0,1,1,4,2,1,4,2,3,2,2,4,0,3,2,4,1,1,1,1,4,4,4,4,4,1,1,4,4,1,0,2,2,2,2,2,1,1,1,1,4,1,1,3,2,2,0,4,1,4,1,1,1,1,4,4,4,1,4,4,3,4,4,3,4,4,4,4,2,0,1,1,4,4,1,1,2,0,4,4,4,4,4,1,3,4,4,4,1,1,1,1,1,2,2,1,1,1,0,4,4,4,4,0,4,4,3,1,1,1,4,4,3,1,1,1,4,4,4,4,4,4,1,3,1,2,2,2,3,1,1,4,0,3,2,2,4,4,4,4,4,4,0,4,4,4,4,1,1,0,2,0,2,4,4,1,3,1,4,2,2,1,4,4,2,2,3,4,2,2,2,2,2,4,4,3,1,3,4,4,4,3,1,4,4,4,1,3,1,1,4,4,1,1,3,0,0,0,0,3,0,0,0,0,0,0,0,0,0,1,4,3,4,4,3,1,1,1,1,1,4,4,4,1,1,1,1,1,1,1,1,3,1,1,4,4,4,1,0,3,1,3,3,1,1,4,4,3,1,4,4,4,4,4,4,1,0,1,3,4,4,4,4,4,4,4,1,4,4,1,1,4,4,2,2,3,4"
175,1.0658412431160595,"0,0,1,1,4,2,1,4,2,3,2,2,4,0,3,2,4,1,1,1,1,4,4,4,4,4,1,1,4,4,1,0,2,2,2,2,2,1,1,1,1,4,1,1,3,2,2,0,4,1,4,1,1,1,1,4,4,4,1,4,4,3,4,4,3,4,4,4,4,2,0,1,1,4,4,1,1,2,0,4,4,4,4,4,1,3,4,4,4,1,1,1,1,1,2,2,1,1,1,0,4,4,4,4,0,4,4,3,1,1,1,4,4,3,1,1,1,4,4,4,4,4,4,1,3,1,2,2,2,3,1,1,4,0,3,2,2,4,4,4,4,4,4,0,4,4,4,4,1,1,0,2,0,2,4,4,1,3,1,4,2,2,1,4,4,2,2,3,4,2,2,2,2,2,4,4,3,1,3,4,4,1,3,1,4,4,4,1,3,1,1,4,4,1,1,3,0,0,0,0,3,0,0,0,0,0,0,0,0,0,1,4,3,4,4,3,1,1,1,1,1,4,4,4,1,1,1,1,1,1,1,1,3,1,1,4,4,4,1,0,3,1,3,3,1,1,4,4,3,1,4,4,4,4,4,4,1,0,1,3,4,4,4,4,4,4,4,1,4,4,1,1,4,4,2,2,3,4"
176,1.0657129096501943,"0,0,1,1,4,2,1,4,2,3,2,2,4,0,3,2,4,1,1,1,1,4,4,4,4,4,1,1,4,4,1,0,2,2,2,2,2,1,1,1,1,4,1,1,3,2,2,0,4,1,4,1,1,1,1,4,4,4,1,4,4,3,4,4,3,4,4,4,4,2,0,1,1,4,4,1,1,2,0,4,4,4,4,4,1,3,4,4,4,1,1,1,1,0,2,2,1,1,1,0,4,4,4,4,0,4,4,3,1,1,1,4,4,3,1,1,1,4,1,4,4,4,4,1,3,1,2,2,2,3,1,1,4,0,3,2,2,4,4,4,4,4,4,0,4,4,4,4,1,1,0,2,0,2,4,4,1,3,1,4,2,2,1,4,4,2,2,3,4,2,2,2,2,2,4,4,3,1,3,4,4,4,3,1,4,4,4,1,3,1,1,4,4,1,1,3,0,0,0,0,3,0,0,0,0,0,0,0,0,0,1,1,3,4,4,3,1,1,1,1,1,4,4,4,4,1,1,1,1,1,1,1,2,1,1,4,4,4,1,0,3,1,3,3,1,1,4,4,3,1,4,4,3,4,4,4,1,0,1,3,4,4,4,4,4,4,4,1,4,4,1,1,4,4,2,2,3,4"
177,1.065322862113177,"0,0,1,1,4,2,1,4,2,3,2,2,4,0,3,2,4,1,1,1,1,4,4,4,4,4,1,1,4,4,1,0,2,2,2,2,2,1,1,1,1,4,1,1,3,2,2,0,4,1,4,1,1,1,1,4,4,4,1,4,4,3,4,4,3,4,4,4,4,2,0,1,1,4,4,1,1,2,0,4,4,4,4,4,1,3,4,4,4,1,1,1,1,0,2,2,1,1,1,0,4,4,4,4,0,4,4,3,1,1,1,4,4,3,4,1,1,4,1,4,4,4,4,1,3,1,2,2,2,3,1,1,4,0,3,2,2,4,4,4,4,4,4,0,4,4,4,4,1,1,0,2,0,2,4,4,1,3,1,4,2,2,1,4,4,2,2,3,4,2,2,2,2,2,4,4,3,1,3,4,4,4,3,1,4,4,4,1,3,1,1,4,4,1,1,3,0,0,0,0,3,0,0,0,0,0,0,0,0,0,1,1,3,4,4,3,1,1,1,1,1,4,4,4,4,1,1,1,1,1,1,1,2,1,1,4,4,4,1,0,3,1,3,3,1,1,4,4,3,1,4,4,3,4,4,4,1,0,1,3,4,4,4,4,4,4,4,1,4,4,1,1,4,4,2,2,3,4"
178,1.0647208930143708,"0,0,1,1,4,2,1,4,2,3,2,2,4,0,3,2,4,1,1,1,1,4,4,4,4,4,1,1,4,4,1,0,2,2,2,2,2,1,1,1,1,4,1,1,3,2,2,0,4,1,4,1,1,1,1,4,4,4,1,4,4,3,4,4,3,4,4,4,4,2,0,1,1,4,4,1,1,2,0,4,4,4,4,4,1,3,4,4,4,1,1,1,1,0,2,2,1,1,1,0,4,4,4,4,0,4,4,3,1,1,1,4,4,3,4,1,1,4,1,4,4,4,4,1,3,1,2,2,2,3,1,1,4,0,3,2,2,4,4,4,4,4,4,0,4,4,4,4,1,1,0,2,0,2,4,4,1,3,1,4,2,2,1,4,4,2,2,3,4,2,2,2,2,2,4,4,3,1,3,4,4,4,3,1,4,4,4,1,3,1,1,4,4,1,1,3,0,0,0,0,3,0,0,0,0,0,0,0,0,0,1,1,3,4,4,3,1,1,1,1,1,4,4,4,4,1,1,1,1,1,1,1,2,1,1,4,4,4,1,0,3,1,3,3,1,1,4,0,3,1,4,4,3,4,4,4,1,0,1,3,4,4,4,4,4,4,4,1,4,4,1,1,4,4,2,2,3,4"
179,1.0660724308819822,"0,0,1,1,4,2,1,4,2,3,2,2,4,0,3,2,4,1,1,1,1,4,4,4,4,4,1,1,4,4,1,0,2,2,2,2,2,1,1,1,1,4,1,1,3,2,2,0,4,1,4,1,1,1,1,4,4,4,1,4,4,3,4,4,3,4,4,4,4,2,0,1,1,4,4,1,1,2,0,4,4,4,4,4,1,3,4,4,4,1,1,1,1,1,2,2,1,1,1,0,4,4,4,4,0,4,4,3,1,1,1,4,4,3,1,1,1,4,4,4,4,4,4,1,3,1,2,2,2,3,1,1,4,0,3,2,2,4,4,4,4,4,4,0,4,4,4,4,1,1,0,2,0,2,4,4,1,3,1,4,2,2,1,4,4,2,2,3,4,2,2,2,2,2,4,4,3,1,3,4,4,3,3,1,4,4,4,1,3,1,1,4,4,1,1,3,0,0,0,0,3,0,0,0,0,0,0,0,0,0,1,1,3,4,4,3,1,1,1,1,1,4,4,4,4,3,1,1,1,1,1,1,3,1,1,4,4,4,1,0,3,1,3,3,1,1,4,4,3,1,4,4,4,4,4,4,1,0,1,3,4,4,4,4,4,4,4,1,4,4,1,1,4,4,2,2,3,4"
180,1.0667089014407138,"0,0,1,1,4,2,1,4,2,3,2,2,4,0,3,2,4,1,1,1,1,4,4,4,4,4,1,1,4,4,1,0,2,2,2,2,2,1,1,1,1,4,1,1,3,2,2,0,4,1,4,1,1,1,1,4,4,4,1,4,4,3,4,4,3,4,4,4,4,2,0,1,1,4,4,1,1,2,0,4,4,4,4,4,1,3,4,4,4,1,1,1,1,1,2,2,1,1,1,0,4,4,4,4,0,4,4,3,1,1,1,4,4,3,1,1,1,4,4,4,4,4,4,1,3,1,2,2,2,3,1,1,4,0,3,2,2,4,4,4,4,4,4,0,4,4,4,4,1,1,0,2,0,2,4,4,1,3,1,4,2,2,1,4,4,2,2,3,4,2,2,2,2,2,4,4,3,1,3,4,4,4,3,1,4,4,4,1,3,1,1,4,4,1,1,3,0,0,0,0,3,0,0,0,0,0,0,0,0,0,1,1,3,4,4,3,1,1,1,1,1,4,4,4,4,1,1,1,1,1,1,1,3,1,1,4,4,4,1,0,3,1,3,3,1,1,4,4,3,1,4,4,4,4,4,4,1,0,1,3,4,4,4,4,4,4,4,1,4,4,1,1,4,4,2,2,3,4"
181,1.0654861614576019,"0,0,1,1,4,2,1,4,2,3,2,2,4,0,3,2,4,1,1,1,1,4,4,4,4,4,1,1,4,4,1,0,2,2,2,2,2,1,1,1,1,4,1,1,3,2,2,0,4,1,4,1,1,1,1,4,4,4,1,4,4,3,4,4,3,4,4,4,4,2,0,1,1,4,4,1,1,2,0,4,4,4,4,4,1,3,4,4,4,1,1,1,1,1,4,2,1,1,1,0,4,4,4,4,0,4,4,3,1,1,1,4,4,3,1,1,1,4,4,4,4,4,4,1,3,1,2,2,2,3,1,1,4,0,3,2,2,4,4,4,4,4,4,0,4,4,4,4,1,1,0,2,0,2,4,4,1,3,1,4,2,2,1,4,4,2,2,3,4,2,2,2,2,2,4,4,3,1,3,4,4,4,3,1,4,4,4,1,3,1,1,4,4,1,1,3,0,0,0,0,3,0,0,0,0,0,0,0,0,0,1,1,3,4,4,3,1,1,1,1,1,4,4,4,4,1,1,1,1,1,1,1,3,1,1,4,4,4,1,0,3,1,3,3,1,1,4,4,3,1,4,4,4,4,4,4,1,0,1,3,4,4,4,4,4,4,4,1,4,4,1,1,4,4,2,2,3,4"
182,1.0664519209409868,"0,0,1,1,4,2,1,4,2,3,2,2,4,0,3,2,4,1,1,1,1,4,4,4,4,4,1,1,4,4,1,2,2,2,2,2,2,1,1,1,1,4,1,1,3,2,2,0,4,1,4,1,1,1,1,4,4,4,1,4,4,3,4,4,3,4,4,4,4,2,0,1,1,4,4,1,1,2,0,4,4,4,4,4,1,3,4,4,4,1,1,1,1,1,2,2,1,1,1,0,4,4,4,4,0,4,4,3,1,1,1,4,4,3,1,2,1,4,4,4,4,4,4,1,3,1,2,2,2,3,1,1,4,0,3,2,2,4,4,4,4,4,4,0,4,4,4,4,1,1,0,2,0,2,4,4,1,3,1,4,2,2,1,4,4,2,2,3,4,2,2,2,2,2,4,4,3,1,3,4,4,4,3,1,4,4,4,1,3,1,1,4,4,1,1,3,0,0,0,0,3,0,0,0,0,0,0,0,0,0,1,1,3,4,4,3,1,1,1,1,1,4,4,4,4,1,1,1,1,1,1,1,3,1,1,4,4,4,1,0,3,1,3,3,1,1,4,4,3,1,4,4,4,4,4,4,1,0,1,3,4,4,4,4,4,4,4,1,4,4,1,1,4,4,2,2,3,4"
183,1.0672415423434696,"0,0,1,1,4,2,1,4,2,3,2,2,4,0,3,2,4,1,1,1,1,4,4,4,4,4,1,1,4,4,1,2,2,2,2,2,2,1,1,1,1,4,1,1,3,2,2,0,4,1,4,1,1,1,1,4,4,4,1,4,4,3,4,4,3,4,4,4,4,2,0,1,1,4,4,1,1,2,0,4,4,4,4,4,1,3,4,4,4,1,1,1,1,1,2,2,1,1,1,0,4,4,4,4,0,4,4,3,1,1,1,4,4,3,1,1,1,4,4,4,4,4,4,1,3,1,2,2,2,3,1,1,4,0,3,2,2,4,4,4,4,4,4,0,4,4,4,4,1,1,0,2,0,2,4,4,1,1,1,4,2,2,1,4,4,2,2,3,4,2,2,2,2,2,4,4,3,1,3,4,4,4,3,1,4,4,4,1,3,1,1,4,4,1,1,3,0,0,0,0,3,0,0,0,0,0,0,0,0,0,1,1,3,4,4,3,1,1,1,1,1,4,4,4,4,1,1,1,1,1,1,1,3,1,1,4,4,4,1,0,3,1,3,3,1,1,4,4,3,1,4,4,4,4,4,4,1,0,1,3,4,4,4,4,4,4,4,1,4,4,1,1,4,4,2,2,3,4"
184,1.0670015115000644,"0,0,1,1,4,2,1,4,2,3,2,2,4,0,3,2,4,1,1,1,1,4,4,4,4,4,1,1,4,4,1,2,2,2,2,2,2,1,1,1,1,4,1,1,3,2,2,0,4,1,4,1,1,1,1,4,4,4,1,4,4,3,4,4,3,4,4,4,4,2,0,1,1,4,4,1,1,2,0,4,4,4,4,4,1,3,4,4,4,1,1,1,1,1,2,2,1,1,1,0,4,4,4,4,0,4,4,3,1,1,1,4,4,3,1,1,1,4,4,4,4,4,4,1,3,1,2,2,2,3,1,0,4,0,3,2,2,4,4,4,4,4,4,3,4,4,4,4,1,1,0,2,0,2,4,4,1,1,1,4,2,2,1,4,4,2,2,3,4,2,2,2,2,2,4,4,3,1,3,4,4,4,3,1,4,4,4,1,3,1,1,4,4,1,1,3,0,0,0,0,3,0,0,0,0,0,0,0,0,0,1,1,3,4,4,3,1,1,1,1,1,4,4,4,4,1,1,1,1,1,1,1,3,1,1,4,4,4,1,0,3,1,3,3,1,1,4,4,3,3,4,4,4,4,4,4,1,0,1,3,4,4,4,4,4,4,4,1,4,4,1,1,4,4,2,2,3,4"
185,1.0673130796675077,"0,0,1,1,4,2,1,4,2,3,2,2,4,0,3,2,4,1,1,1,1,4,4,4,4,4,1,1,4,4,1,2,2,2,2,2,2,1,1,1,1,4,1,1,3,2,2,0,4,1,4,1,1,1,1,4,4,4,1,4,4,3,4,4,3,4,4,4,4,2,0,1,1,4,4,1,1,2,0,4,4,4,4,4,1,3,4,4,4,1,1,1,1,1,2,2,1,1,1,0,4,4,4,4,0,4,4,3,1,1,1,4,4,3,1,1,1,4,4,4,4,4,4,1,3,1,2,2,2,3,1,1,4,0,3,2,2,4,4,4,4,4,4,0,4,4,4,4,1,1,0,2,0,2,4,4,1,1,1,4,2,2,1,4,4,2,2,3,4,2,2,2,2,2,4,4,3,1,3,4,4,4,3,1,4,4,4,1,3,1,1,4,4,1,1,3,0,0,0,0,3,0,0,0,0,0,0,0,0,0,1,1,3,4,4,3,1,1,1,1,1,4,4,4,4,1,1,1,1,1,1,1,3,1,1,4,4,4,1,0,3,1,3,3,1,1,4,4,3,1,4,4,4,4,4,4,1,0,1,3,4,4,4,4,4,4,4,4,4,4,1,1,4,4,2,2,3,4"
186,1.0674340015045836,"0,0,1,1,4,2,1,4,2,3,2,2,4,0,3,2,4,1,1,1,1,4,4,4,4,4,1,1,4,4,1,2,2,2,2,2,2,1,1,1,1,4,1,1,3,2,2,0,4,1,4,1,1,1,1,4,4,4,1,4,4,3,4,4,3,4,4,4,4,2,0,1,1,4,4,1,1,2,0,4,4,4,4,4,1,3,4,4,4,1,1,1,1,1,2,2,1,1,1,0,4,4,4,4,0,4,4,3,1,1,1,4,4,3,1,1,1,4,4,4,4,4,4,1,3,1,2,2,2,3,1,1,4,0,3,2,2,4,4,4,4,4,4,0,4,4,4,4,1,1,0,2,0,2,4,4,1,1,1,4,2,2,1,4,4,2,2,3,4,2,2,2,2,2,4,4,3,1,3,4,4,4,3,1,4,4,4,1,3,1,1,4,4,1,1,3,0,0,0,0,3,0,0,0,0,0,0,0,0,0,1,1,3,3,4,3,1,1,1,1,1,4,4,4,4,1,1,1,1,1,1,1,1,1,1,4,4,4,1,0,3,1,3,3,1,1,4,4,3,1,4,4,4,4,4,4,1,0,1,3,4,4,4,4,4,4,4,4,4,4,1,1,4,4,2,2,3,4"
187,1.0675383696577458,"0,0,1,1,4,2,1,4,2,3,2,2,4,0,3,2,4,1,1,1,1,4,4,4,4,4,1,1,4,4,1,2,2,2,2,2,2,1,1,1,1,4,1,1,3,2,2,0,4,1,4,1,1,1,1,4,4,4,1,4,4,3,4,4,3,4,4,4,4,2,0,1,1,4,4,1,1,2,0,4,4,4,4,4,1,3,4,4,4,1,1,1,1,1,2,2,1,1,1,0,4,4,4,4,0,4,4,3,1,1,1,4,4,3,1,1,1,4,4,4,4,4,4,1,3,1,2,2,2,3,1,1,4,0,3,2,2,4,4,4,4,4,4,0,4,4,4,4,1,1,0,2,0,2,4,4,1,1,1,4,2,2,1,4,4,2,2,3,4,2,2,2,2,2,4,4,3,1,3,4,4,4,3,1,4,4,4,1,3,1,1,4,4,1,1,3,0,0,0,0,3,0,0,0,0,0,0,0,0,0,1,1,3,3,4,3,1,1,1,1,1,4,4,4,4,1,1,1,1,1,1,1,1,1,1,4,4,4,1,0,3,1,3,3,1,1,4,4,3,1,4,4,4,4,4,4,1,0,1,1,4,4,4,4,4,4,4,4,4,4,1,1,4,4,2,2,3,4"
188,1.067779532599021,"0,0,1,1,4,2,1,4,2,3,2,2,4,0,3,2,4,1,1,1,1,4,4,4,4,4,1,1,4,4,1,2,2,2,2,2,2,1,1,1,1,4,1,1,3,2,2,0,4,1,4,1,1,1,1,4,4,4,1,4,4,3,4,4,3,4,4,4,4,2,0,1,1,4,4,1,1,2,0,4,4,4,4,4,1,3,4,4,4,1,1,1,1,1,2,2,1,1,1,0,4,4,4,4,0,4,4,3,1,1,1,4,4,3,1,1,1,4,4,4,4,4,4,1,3,1,2,2,2,3,1,1,4,0,3,2,2,4,4,4,4,4,4,0,4,4,4,4,1,1,0,2,0,2,4,4,1,1,1,4,2,2,1,4,4,2,2,3,4,2,2,2,2,2,4,4,3,1,3,4,4,4,3,1,4,4,4,1,3,1,1,4,4,1,1,3,0,0,0,0,3,0,0,0,0,0,0,0,0,0,1,1,3,3,4,3,1,1,1,1,1,4,4,4,4,1,1,1,1,1,1,1,1,1,1,4,4,3,1,0,3,1,3,3,1,1,4,4,3,1,4,4,4,4,4,4,1,0,1,1,4,4,4,4,4,4,4,4,4,4,1,1,4,4,2,2,3,4"
189,1.067779532599021,"0,0,1,1,4,2,1,4,2,3,2,2,4,0,3,2,4,1,1,1,1,4,4,4,4,4,1,1,4,4,1,2,2,2,2,2,2,1,1,1,1,4,1,1,3,2,2,0,4,1,4,1,1,1,1,4,4,4,1,4,4,3,4,4,3,4,4,4,4,2,0,1,1,4,4,1,1,2,0,4,4,4,4,4,1,3,4,4,4,1,1,1,1,1,2,2,1,1,1,0,4,4,4,4,0,4,4,3,1,1,1,4,4,3,1,1,1,4,4,4,4,4,4,1,3,1,2,2,2,3,1,1,4,0,3,2,2,4,4,4,4,4,4,0,4,4,4,4,1,1,0,2,0,2,4,4,1,1,1,4,2,2,1,4,4,2,2,3,4,2,2,2,2,2,4,4,3,1,3,4,4,4,3,1,4,4,4,1,3,1,1,4,4,1,1,3,0,0,0,0,3,0,0,0,0,0,0,0,0,0,1,1,3,3,4,3,1,1,1,1,1,4,4,4,4,1,1,1,1,1,1,1,1,1,1,4,4,3,1,0,3,1,3,3,1,1,4,4,3,1,4,4,4,4,4,4,1,0,1,1,4,4,4,4,4,4,4,4,4,4,1,1,4,4,2,2,3,4"
190,1.0678199877822419,"0,0,1,1,4,2,1,4,2,3,2,2,4,0,3,2,4,1,1,1,1,4,4,4,4,4,1,1,4,4,1,2,2,2,2,2,2,1,1,1,1,4,1,1,3,2,2,0,4,1,4,1,1,1,1,4,4,4,1,4,4,3,4,4,3,4,4,4,4,2,0,1,1,4,4,1,1,2,0,4,4,4,4,4,1,3,4,4,4,1,1,1,1,1,2,2,1,1,1,0,4,4,4,4,0,4,4,3,1,1,1,4,4,3,1,1,1,4,4,4,4,4,4,1,3,1,2,2,2,3,1,1,4,0,3,2,2,4,4,4,4,4,4,0,4,4,4,4,1,1,0,2,0,2,4,4,1,1,1,4,2,2,1,4,4,2,2,3,4,2,2,2,2,2,4,4,3,1,3,4,4,4,3,1,4,4,4,1,3,1,1,4,4,1,1,3,0,0,0,0,0,0,0,0,0,0,0,0,0,0,1,1,3,3,4,3,1,1,1,1,1,4,4,4,4,1,1,1,1,1,1,1,1,1,1,4,4,3,1,0,3,1,3,3,1,1,4,4,3,1,4,4,4,4,4,4,1,0,1,1,4,4,1,4,4,4,4,4,4,4,1,1,4,4,2,2,3,4"
191,1.068287129381676,"0,0,1,1,4,2,1,4,2,3,2,2,4,0,3,2,4,1,1,1,1,4,4,4,4,4,1,1,4,4,1,2,2,2,2,2,2,1,1,1,1,4,1,1,3,2,2,0,4,1,4,1,1,1,1,4,4,4,1,4,4,3,4,4,3,4,4,4,4,2,0,1,1,4,4,1,1,2,0,4,4,4,4,4,1,3,4,4,4,1,1,1,1,1,2,2,1,1,1,0,4,4,4,4,0,4,4,3,1,1,1,4,4,3,1,1,1,4,4,4,4,4,4,1,3,1,2,2,2,3,1,1,4,0,3,2,2,4,4,4,4,4,4,0,4,4,4,4,1,1,0,2,0,2,4,4,1,1,1,4,2,2,1,4,4,2,2,3,4,2,2,2,2,2,4,4,3,1,3,4,4,4,3,1,4,4,4,1,3,1,1,4,4,1,1,3,0,0,0,0,0,0,0,0,0,0,0,0,0,0,1,1,3,3,4,3,1,1,1,1,1,4,4,4,4,1,1,1,1,1,1,1,1,1,1,4,4,3,1,3,3,1,3,3,1,1,4,4,3,1,4,4,4,4,4,4,1,0,1,1,4,4,4,4,4,4,4,4,4,4,1,1,4,4,2,2,3,4"
192,1.0677538859207112,"0,0,1,1,4,2,1,4,2,3,2,2,4,0,3,2,1,1,1,1,1,4,4,4,4,4,1,3,4,4,1,2,2,2,2,2,2,1,1,1,1,4,1,1,3,2,2,0,4,1,4,1,1,1,1,4,4,4,1,4,4,3,4,4,3,4,4,4,4,2,0,1,1,4,4,1,1,2,0,4,4,4,4,4,1,3,4,4,4,1,1,1,1,1,2,2,1,1,1,0,4,4,4,4,0,4,4,3,1,1,1,4,4,3,1,1,1,4,4,4,4,4,4,1,3,1,2,2,2,3,1,1,4,0,3,2,2,4,4,4,4,4,4,0,4,4,4,4,1,1,0,2,0,2,4,4,1,1,1,4,2,2,1,4,4,2,2,3,4,2,2,2,2,2,4,4,3,1,3,4,4,4,3,1,4,4,4,1,3,1,1,4,4,1,1,3,0,0,0,0,0,0,0,0,0,0,0,0,0,0,1,1,3,3,4,3,1,1,1,1,1,4,4,4,4,1,1,1,1,1,1,1,1,1,1,4,4,3,1,3,3,1,3,3,1,1,4,4,3,1,4,4,4,4,4,4,1,0,1,1,4,4,4,4,4,4,4,4,4,4,2,1,4,4,2,2,3,4"
193,1.068716101428566,"0,0,1,1,4,2,1,4,2,3,2,2,4,0,3,2,1,1,1,1,1,4,4,4,4,4,1,3,4,4,1,2,2,2,2,2,2,1,1,1,1,4,1,1,3,2,2,0,4,1,4,1,1,1,1,4,4,4,1,4,4,3,4,4,3,4,4,4,4,2,0,1,1,4,4,1,1,2,0,4,4,4,4,4,1,3,4,4,4,1,1,1,1,1,2,2,1,1,1,0,4,4,4,4,0,4,4,3,1,1,1,4,4,3,1,1,1,4,4,4,4,4,4,1,3,1,2,2,2,1,1,1,4,0,3,2,2,4,4,4,4,4,4,0,4,4,4,4,1,1,0,2,0,2,1,4,1,1,1,4,2,2,3,4,4,2,2,3,4,2,2,2,2,2,4,4,3,1,3,4,4,4,3,1,4,4,4,1,1,1,1,4,4,1,1,3,0,0,0,0,0,0,0,0,0,0,0,0,0,0,1,1,3,3,4,3,1,1,1,1,1,4,4,4,4,1,1,1,1,1,1,1,1,1,1,4,4,3,1,3,3,1,3,3,1,1,4,4,3,1,4,4,4,4,4,4,1,0,1,1,4,4,4,4,4,4,4,4,4,4,1,1,4,4,2,2,3,4"
194,1.068734770195492,"0,0,1,1,4,2,1,4,2,3,2,2,4,0,3,2,1,1,1,1,1,4,4,4,4,4,1,3,4,4,1,2,2,2,2,2,2,1,1,1,1,4,1,1,3,2,2,0,4,1,4,1,1,1,1,4,4,4,1,4,4,3,4,4,3,4,4,4,4,2,0,1,1,4,4,1,1,2,0,4,4,4,4,4,1,3,4,4,4,1,1,1,1,1,2,2,1,1,1,0,4,4,4,4,0,4,4,3,1,1,1,4,4,3,1,1,1,4,4,4,4,4,4,1,3,1,2,2,2,1,1,1,4,0,3,2,2,4,4,4,4,4,4,0,4,4,4,4,1,1,0,2,0,2,4,4,1,1,1,4,2,2,3,4,4,2,2,3,4,2,2,2,2,2,4,4,3,1,3,4,4,4,3,1,4,4,4,1,1,1,1,4,4,1,1,3,0,0,0,0,0,0,0,0,0,0,0,0,0,0,1,1,3,3,4,3,1,1,1,1,1,4,4,4,4,1,1,1,1,1,1,1,1,1,1,4,4,3,1,3,3,1,3,3,1,1,4,4,3,1,4,4,4,4,4,4,1,0,1,1,4,4,4,4,4,4,4,4,4,4,1,1,4,4,2,2,3,4"
195,1.0679421020070456,"0,0,1,1,4,2,1,4,2,3,2,2,4,0,3,2,1,1,1,1,1,4,4,4,4,4,1,3,4,4,1,2,2,2,2,2,2,1,1,1,1,4,1,1,3,2,2,0,4,1,4,1,1,1,1,4,4,4,1,4,4,3,4,4,3,4,4,4,4,2,0,1,1,4,4,1,1,2,0,4,4,4,4,4,1,3,4,4,4,1,1,1,1,1,2,2,1,1,1,0,4,4,4,4,0,4,4,3,1,1,1,4,4,3,1,1,1,4,4,4,4,4,4,1,3,1,2,2,2,1,1,1,4,0,3,2,2,4,4,4,4,4,4,0,4,4,4,4,1,1,0,2,0,2,1,4,1,1,1,4,2,2,3,4,4,2,2,3,4,2,2,2,2,2,4,4,3,1,3,4,4,4,3,1,4,4,4,1,1,1,1,4,4,1,1,3,0,0,0,4,0,0,0,0,0,0,0,0,0,0,1,1,3,3,4,3,1,1,1,1,1,4,4,4,4,1,1,1,1,1,1,1,1,1,1,4,4,3,1,3,3,1,3,3,1,1,4,4,3,1,4,4,4,4,4,4,1,0,1,1,4,4,4,4,4,4,4,4,4,4,1,1,4,4,2,2,3,4"
196,1.0673821163547546,"0,0,1,1,4,2,1,4,2,3,2,2,4,0,3,2,1,1,1,1,1,4,4,4,4,4,1,3,4,4,1,2,2,2,2,2,2,1,1,1,1,4,1,1,3,2,2,0,4,1,4,1,1,1,1,4,4,4,1,4,4,3,4,4,3,4,4,4,4,2,0,1,1,4,4,1,1,2,0,4,4,4,4,1,1,3,4,4,4,1,1,1,1,1,2,2,1,1,1,0,4,4,4,4,0,4,4,3,1,1,1,4,4,3,1,1,1,4,4,4,4,4,4,1,3,1,2,2,2,1,1,1,4,0,3,2,2,4,4,4,4,4,4,0,4,4,4,4,1,1,0,2,0,2,1,4,1,1,1,4,2,2,3,4,4,2,2,3,4,2,2,2,2,2,4,4,3,1,3,4,4,4,3,1,4,4,4,1,1,1,1,4,4,1,1,3,0,0,0,4,0,0,0,0,0,0,0,0,0,0,1,1,3,3,4,3,1,1,1,1,1,4,4,4,4,1,1,1,1,1,1,1,1,1,1,4,4,3,1,3,3,1,3,3,1,1,4,4,3,1,4,4,4,4,4,4,1,0,1,1,4,4,4,4,4,4,4,4,4,4,1,1,4,4,2,2,3,4"
197,1.068734770195492,"0,0,1,1,4,2,1,4,2,3,2,2,4,0,3,2,1,1,1,1,1,4,4,4,4,4,1,3,4,4,1,2,2,2,2,2,2,1,1,1,1,4,1,1,3,2,2,0,4,1,4,1,1,1,1,4,4,4,1,4,4,3,4,4,3,4,4,4,4,2,0,1,1,4,4,1,1,2,0,4,4,4,4,4,1,3,4,4,4,1,1,1,1,1,2,2,1,1,1,0,4,4,4,4,0,4,4,3,1,1,1,4,4,3,1,1,1,4,4,4,4,4,4,1,3,1,2,2,2,1,1,1,4,0,3,2,2,4,4,4,4,4,4,0,4,4,4,4,1,1,0,2,0,2,4,4,1,1,1,4,2,2,3,4,4,2,2,3,4,2,2,2,2,2,4,4,3,1,3,4,4,4,3,1,4,4,4,1,1,1,1,4,4,1,1,3,0,0,0,0,0,0,0,0,0,0,0,0,0,0,1,1,3,3,4,3,1,1,1,1,1,4,4,4,4,1,1,1,1,1,1,1,1,1,1,4,4,3,1,3,3,1,3,3,1,1,4,4,3,1,4,4,4,4,4,4,1,0,1,1,4,4,4,4,4,4,4,4,4,4,1,1,4,4,2,2,3,4"
198,1.06684962746023,"0,0,1,1,4,2,1,4,2,3,2,2,4,0,3,2,1,1,1,1,1,4,4,4,4,4,1,3,4,4,1,2,2,2,2,4,2,1,1,1,1,4,1,1,3,2,2,0,4,1,4,1,1,1,1,4,4,4,1,4,4,3,4,4,3,4,4,4,4,2,0,1,1,4,4,1,1,2,0,4,4,4,4,4,1,3,4,4,4,1,1,1,1,1,2,2,1,1,1,0,4,4,4,4,0,4,4,3,1,1,1,4,4,3,1,1,1,4,4,4,4,4,4,1,3,1,2,2,2,1,1,1,4,0,3,2,2,4,4,4,4,4,4,0,4,4,4,4,1,1,0,2,0,2,4,4,1,1,1,4,2,2,3,4,4,2,2,3,4,2,2,2,2,2,4,4,3,1,3,4,4,4,3,1,4,4,4,1,1,1,1,4,4,1,1,3,0,0,0,0,0,0,0,0,0,0,0,0,0,0,1,1,3,3,4,3,1,1,1,1,1,4,4,4,4,1,1,1,1,3,4,1,1,1,1,4,4,3,1,3,3,1,3,3,1,1,4,4,3,1,4,4,4,4,4,4,1,0,1,1,4,4,4,4,4,4,4,4,4,4,1,1,4,4,2,2,3,4"
199,1.0692462946384265,"0,0,1,1,4,2,1,4,2,3,2,2,4,0,3,2,1,1,1,1,1,4,4,4,4,4,1,3,4,4,1,2,2,2,2,2,2,1,1,1,1,4,1,1,3,2,2,0,4,1,4,1,1,1,1,4,4,4,1,4,4,3,4,4,3,4,4,4,4,2,0,1,1,4,4,1,1,2,0,4,4,4,4,4,1,3,4,4,4,1,1,1,1,1,2,2,1,1,1,1,4,4,4,4,0,4,4,3,1,1,1,4,4,3,1,1,1,4,4,4,4,4,4,1,3,1,2,2,2,1,1,1,4,0,3,2,2,4,4,4,4,4,4,0,4,4,4,4,1,1,0,2,0,2,4,4,1,1,1,4,2,2,3,4,4,2,2,3,4,2,2,2,2,2,4,4,3,4,3,4,4,4,3,1,4,4,4,1,1,1,1,4,4,1,1,3,0,0,0,0,0,0,0,0,0,0,0,0,0,0,1,1,3,3,4,3,1,1,1,1,1,4,4,4,4,1,1,1,1,1,1,1,1,1,1,4,4,3,1,3,3,1,3,3,1,1,4,4,3,1,4,4,4,4,4,4,1,0,1,1,4,4,4,4,4,4,4,4,4,4,1,1,4,4,2,2,3,4"
200,1.0692506470019918,"0,0,1,1,4,2,1,4,2,3,2,2,4,0,3,2,1,1,1,1,1,4,4,4,4,4,1,3,4,4,1,2,2,2,2,2,2,1,1,1,1,4,1,1,3,2,2,0,4,1,4,1,1,1,1,4,4,4,1,4,4,3,4,4,3,4,4,4,4,2,0,1,1,4,4,1,1,2,0,4,4,4,4,4,1,3,4,4,4,1,1,1,1,1,2,2,1,1,1,1,4,4,4,4,0,4,4,3,1,1,1,4,4,3,1,1,1,4,4,4,4,4,4,1,3,1,2,2,2,1,1,1,4,0,3,2,2,4,4,4,4,4,4,0,4,4,4,4,1,1,0,2,0,2,4,4,1,1,1,4,2,2,3,4,4,2,2,3,4,2,2,2,2,2,4,4,3,4,3,4,4,4,3,1,4,4,4,1,1,1,1,4,4,1,1,3,0,0,0,0,0,0,0,0,0,0,0,0,0,0,1,1,3,3,4,3,1,1,1,1,1,4,4,4,4,1,1,1,3,1,1,1,1,1,1,4,4,3,1,3,3,1,3,3,1,1,4,4,3,1,4,4,4,4,4,4,1,0,1,1,4,4,4,4,4,4,4,4,4,4,1,1,4,4,2,2,3,4"
201,1.067869186181113,"0,0,1,1,4,2,1,4,2,3,2,2,3,0,3,2,1,1,1,1,1,4,4,4,4,4,1,3,4,4,1,2,2,2,2,2,2,1,1,1,1,4,1,1,3,2,2,0,4,1,4,1,1,1,1,4,4,4,1,4,4,3,4,4,3,4,4,4,4,2,0,1,1,4,4,1,1,2,0,4,4,4,4,4,1,3,4,4,4,1,1,1,1,1,2,2,1,1,1,1,4,4,4,4,0,4,4,3,1,1,1,4,4,3,1,1,1,4,4,4,4,4,4,1,3,1,2,2,2,1,1,1,4,0,3,2,2,4,4,4,4,0,4,0,4,4,4,4,1,1,0,2,0,2,4,4,1,1,1,4,2,2,3,4,4,2,2,3,4,2,2,2,2,2,4,4,3,4,3,4,4,4,3,1,4,4,4,1,1,1,1,4,4,1,1,3,0,0,0,0,0,0,0,0,0,0,0,0,0,0,1,1,3,3,4,3,1,1,1,1,1,4,4,4,4,1,1,1,3,1,1,1,1,1,1,4,4,3,1,3,3,1,3,3,1,1,1,4,3,1,4,4,4,4,4,4,1,0,1,1,4,4,4,4,4,4,4,4,4,4,1,1,4,4,2,2,3,4"
202,1.069337895512707,"0,0,1,1,4,2,1,4,2,3,2,2,3,0,3,2,1,1,1,1,1,4,4,4,4,4,1,3,4,4,1,2,2,2,2,2,2,1,1,1,1,4,1,1,3,2,2,0,4,1,4,1,1,1,1,4,4,4,1,4,4,3,4,4,3,4,4,4,4,2,0,1,1,4,4,1,1,2,0,4,4,4,4,4,1,3,4,4,4,1,1,1,1,1,2,2,1,1,1,1,4,4,4,4,0,4,4,3,1,1,1,4,4,3,1,1,1,4,4,4,4,4,4,1,0,1,2,2,2,1,1,1,4,0,3,2,2,4,4,4,4,4,4,0,4,4,4,4,1,1,0,2,0,2,4,4,1,1,1,4,2,2,3,4,4,2,2,3,4,2,2,2,2,2,4,4,3,4,3,4,4,4,3,1,4,4,4,1,1,1,1,4,4,1,1,3,0,0,0,0,0,0,0,0,0,0,0,0,0,0,1,1,3,3,4,3,1,1,1,1,1,4,4,4,4,1,1,1,1,1,1,1,1,1,1,4,4,3,1,3,3,1,3,3,1,1,4,4,3,1,4,4,4,4,4,4,1,0,1,1,4,4,4,4,4,4,4,4,4,4,1,1,4,4,2,2,3,4"
203,1.0699569638943178,"0,0,1,1,4,2,1,4,2,3,2,2,3,0,3,2,1,1,1,1,1,4,4,4,4,4,1,1,4,4,1,2,2,2,2,2,2,1,1,1,1,4,1,1,3,2,2,0,4,1,4,1,1,1,1,4,4,4,1,4,4,3,4,4,3,4,4,4,4,2,0,1,1,4,4,1,1,2,0,4,4,4,4,4,1,3,4,4,4,1,1,1,1,1,2,2,1,1,1,1,4,4,4,4,0,4,4,3,1,1,1,4,4,3,1,1,1,4,4,4,4,4,4,1,0,1,2,2,2,1,1,1,4,3,3,2,2,4,4,4,4,4,4,0,4,4,4,4,1,1,0,2,0,2,4,4,1,1,0,4,2,2,3,4,4,2,2,3,4,2,2,2,2,2,4,4,3,4,3,4,4,4,3,1,4,4,4,1,1,1,1,4,4,1,1,3,0,0,0,0,0,0,0,0,0,0,0,0,0,0,1,1,3,3,4,3,1,1,1,1,1,4,4,4,4,1,1,1,1,1,1,1,1,1,1,4,4,3,1,3,3,1,3,3,1,1,4,4,3,1,4,4,4,4,4,4,1,0,1,1,4,4,4,4,4,4,4,4,4,4,1,1,4,4,2,2,3,4"
204,1.0690948924263026,"0,0,1,1,4,2,1,4,2,3,2,2,3,0,3,2,1,1,1,1,1,4,4,4,4,4,1,1,4,4,1,2,2,2,2,2,2,1,1,1,1,4,1,1,3,2,2,0,4,1,4,1,1,1,1,4,4,4,1,4,4,3,4,4,3,4,4,4,4,2,0,1,1,4,4,1,1,2,0,4,4,4,4,4,1,3,4,4,4,1,1,1,1,1,2,2,1,1,1,1,4,4,4,4,0,4,4,3,1,1,1,4,4,3,1,1,1,4,4,4,4,4,4,1,0,1,2,2,2,1,1,1,4,3,3,2,2,4,4,4,4,4,4,0,4,4,4,4,1,1,0,2,0,2,4,4,1,1,0,4,2,2,3,4,4,2,2,3,4,2,2,2,2,2,4,4,3,4,3,4,4,4,3,1,4,4,4,1,1,1,1,4,4,1,1,3,0,0,0,0,0,0,0,0,0,0,0,0,0,0,1,1,3,3,4,1,1,1,1,1,1,4,4,4,4,1,1,1,1,1,1,1,1,1,1,4,4,3,1,3,3,1,3,3,1,1,4,4,3,1,4,4,4,4,4,4,1,1,1,1,4,4,4,4,4,4,4,4,4,4,1,1,4,4,2,2,3,4"
205,1.0701782732401584,"0,0,1,1,4,2,1,4,2,3,2,2,3,0,3,2,1,1,1,1,1,4,4,4,4,4,1,1,4,1,1,2,2,2,2,2,2,1,1,1,1,4,1,1,3,2,2,0,4,1,4,1,1,1,1,4,4,4,1,4,4,3,4,4,3,4,4,4,4,2,0,1,1,4,4,1,1,2,0,4,4,4,4,4,1,3,4,4,4,1,1,1,1,1,2,2,1,1,1,1,4,4,4,4,0,4,4,3,1,1,1,4,4,3,1,1,1,4,4,4,4,4,4,1,0,1,2,2,2,1,1,1,4,3,3,2,2,4,4,4,4,4,4,0,4,4,4,4,1,1,0,2,0,2,4,4,1,1,0,4,2,2,3,4,4,2,2,3,4,2,2,2,2,2,4,4,3,4,3,4,4,4,3,1,4,4,4,1,1,1,1,4,4,1,1,3,0,0,0,0,0,0,0,0,0,0,0,0,0,0,1,1,3,3,4,3,1,1,1,1,1,4,4,4,4,1,1,1,1,1,1,1,1,1,1,4,4,3,1,3,3,1,3,3,1,1,4,4,3,1,4,4,4,4,4,4,1,0,1,1,4,4,4,4,4,4,4,4,4,4,1,1,4,4,2,2,3,4"
206,1.0684393566154422,"0,0,1,1,4,2,1,4,2,3,2,2,3,0,3,2,1,1,1,1,1,4,4,4,4,4,1,1,4,1,1,2,2,2,2,2,2,1,1,1,1,4,1,1,3,2,2,0,4,1,4,1,1,1,1,4,4,4,1,4,4,3,4,4,3,4,4,4,4,2,0,1,1,4,4,1,1,2,0,4,4,4,4,4,1,3,4,4,4,1,1,1,1,1,2,2,1,1,1,1,4,4,4,4,0,4,2,3,1,1,1,4,4,3,1,1,1,4,4,4,4,4,4,1,0,1,2,2,0,1,1,1,4,3,3,2,2,2,4,4,4,4,4,0,4,4,4,4,1,1,0,2,0,2,4,4,4,1,0,4,2,2,3,4,4,2,2,3,4,2,2,2,2,2,4,4,3,4,3,4,4,4,3,1,4,4,4,1,1,1,1,4,4,1,1,3,0,0,0,0,0,0,0,0,0,0,0,0,0,0,1,1,3,3,4,3,1,1,1,1,1,4,4,4,4,1,1,1,1,1,1,1,1,1,1,4,4,3,1,3,3,1,3,3,1,1,4,4,3,1,4,4,4,4,4,4,1,1,1,1,4,4,4,4,4,4,4,4,4,4,1,1,4,4,2,2,3,4"
207,1.0682948432518222,"0,0,1,1,4,2,1,4,2,3,2,2,3,0,3,2,1,1,1,1,1,4,4,4,4,4,1,1,4,1,1,2,2,2,2,2,2,1,1,1,1,4,1,1,3,2,2,0,4,4,4,1,1,1,1,4,4,4,1,4,4,3,4,4,3,4,4,4,4,2,0,1,1,4,4,1,1,0,0,4,4,4,4,4,1,3,4,4,4,1,1,1,1,1,2,2,1,1,1,1,4,4,4,4,0,4,4,3,1,1,1,4,3,3,1,1,1,4,4,4,4,4,4,1,0,3,2,2,2,1,1,1,4,3,3,2,2,4,4,4,4,4,4,0,4,4,4,4,1,1,0,2,0,2,4,4,1,1,0,4,2,2,3,4,4,2,2,3,4,2,2,2,2,2,4,4,3,4,3,4,4,4,3,1,4,4,4,1,1,1,1,4,4,1,1,4,0,0,0,0,1,0,0,0,0,0,0,0,0,0,1,1,3,3,4,3,1,1,1,1,1,4,4,4,4,1,1,1,1,1,1,1,1,1,1,4,4,3,1,3,3,1,3,3,1,1,4,4,3,1,4,4,4,4,4,4,1,1,1,1,4,4,4,4,4,4,4,4,4,4,1,1,4,4,2,2,3,4"
208,1.0693518050257953,"0,0,1,1,4,2,1,4,2,3,2,2,3,0,3,2,1,1,1,1,1,4,4,4,4,4,1,1,4,1,1,2,2,2,2,2,2,1,1,1,1,4,1,1,3,2,2,0,4,4,4,1,1,1,1,4,4,4,1,4,4,3,4,4,3,4,4,4,4,2,0,1,1,4,4,1,1,0,0,4,4,4,4,4,1,3,4,4,4,1,1,1,1,1,2,2,1,1,1,1,4,4,4,4,0,4,4,3,1,1,1,4,3,3,1,1,1,4,4,4,4,4,4,1,0,3,2,2,2,1,1,1,4,3,3,2,2,4,4,4,4,4,4,0,4,4,4,4,1,1,0,2,0,2,4,4,1,1,0,4,2,2,3,4,4,2,2,3,4,2,2,2,2,2,4,4,3,4,3,4,4,4,3,1,4,4,4,1,1,1,1,4,4,1,1,4,0,0,0,0,0,0,0,0,0,0,0,0,0,0,1,1,3,3,4,3,1,1,1,1,1,4,4,4,4,1,1,1,1,1,1,1,1,1,1,4,4,3,1,3,3,1,3,3,1,1,4,4,3,1,4,4,4,4,4,4,1,1,1,1,4,4,4,4,4,4,4,4,4,4,1,1,4,4,2,2,3,4"
209,1.068478582924357,"0,0,1,1,4,2,1,4,2,3,2,2,3,0,3,2,1,1,1,1,1,4,4,4,4,4,1,1,4,1,1,2,2,2,2,2,0,1,1,1,1,4,1,1,3,2,2,0,4,4,4,1,1,1,1,4,4,4,1,4,4,3,4,4,3,4,4,4,4,2,0,1,1,1,4,1,1,0,0,4,4,4,4,4,1,3,4,4,4,1,1,1,1,1,2,2,1,1,1,1,4,4,4,4,0,4,4,3,1,1,1,4,3,3,1,1,1,4,4,4,4,4,4,1,0,3,2,2,2,1,1,1,4,3,3,2,2,4,4,4,4,4,4,0,4,4,4,4,1,1,0,2,0,2,4,4,1,1,0,4,2,2,3,4,4,2,2,3,4,2,2,2,2,2,4,4,3,4,3,4,4,4,3,1,4,4,4,1,1,1,1,4,4,1,1,3,0,0,0,0,0,0,0,0,0,0,0,0,0,0,1,1,3,3,4,3,1,1,1,1,1,4,4,4,4,1,1,1,1,1,1,1,1,1,1,4,4,3,1,3,3,1,3,3,1,1,4,4,3,1,4,4,4,4,4,4,1,1,1,1,4,4,4,4,4,4,4,4,4,4,1,1,4,4,2,2,3,4"
210,1.0697782766796797,"0,0,1,1,4,2,1,4,2,3,2,2,3,0,3,2,1,1,1,1,1,4,4,4,4,4,1,1,4,1,1,2,2,2,2,2,2,1,1,0,1,4,1,1,3,2,2,0,4,1,4,1,1,1,1,4,4,4,1,4,4,3,4,4,3,4,4,4,4,2,0,1,1,4,4,1,1,2,0,4,4,4,4,4,1,3,4,4,4,1,1,1,1,1,2,2,1,1,1,1,4,4,4,4,0,0,4,3,1,1,1,4,4,3,1,1,1,4,4,4,4,4,4,1,0,1,2,2,2,1,1,1,4,3,3,2,2,4,4,4,4,4,4,0,4,4,4,4,1,1,0,2,0,2,4,4,1,1,0,4,2,2,3,4,4,2,2,3,4,2,2,2,2,2,4,4,3,4,3,4,4,4,3,1,4,4,4,1,1,1,1,4,4,1,1,3,0,0,0,0,0,0,0,0,0,0,0,0,0,0,1,1,3,3,4,3,1,1,1,1,1,4,4,4,4,1,1,1,1,1,1,1,1,1,1,4,4,3,1,3,3,1,3,3,1,1,4,4,3,1,4,4,4,4,4,4,1,1,1,1,4,4,4,4,4,4,4,4,4,4,1,1,4,4,2,2,3,4"
211,1.0685377566234187,"0,0,1,1,4,2,1,4,2,3,2,2,3,0,3,2,1,1,1,1,1,4,4,4,4,4,1,1,4,1,1,2,2,2,2,2,2,1,1,0,1,4,1,1,3,2,2,0,4,1,4,1,1,1,1,4,4,4,1,4,4,3,4,4,3,4,4,4,4,2,0,1,1,4,4,1,1,2,0,4,4,4,4,4,1,3,4,4,4,1,1,1,1,1,2,2,1,1,1,1,4,4,4,4,0,4,4,3,1,1,1,4,4,3,1,1,1,4,4,4,4,4,4,1,0,1,2,2,2,1,1,1,4,2,3,2,2,4,4,4,4,4,4,0,4,4,4,4,1,1,0,2,0,2,4,4,1,1,0,4,2,2,3,4,4,2,2,3,4,2,2,2,2,2,4,4,3,0,3,4,4,4,3,1,4,4,4,1,1,1,1,4,4,1,1,3,0,0,0,0,0,0,0,0,0,0,0,0,0,0,1,1,3,3,4,3,1,1,1,1,1,4,4,4,4,1,1,1,1,1,1,1,1,1,1,4,4,3,1,3,3,1,3,3,1,1,4,4,4,1,4,4,4,4,4,4,1,1,1,1,4,4,4,4,4,4,4,4,4,4,1,1,4,4,2,2,3,4"
212,1.0688750972422405,"0,0,1,1,4,2,1,4,2,3,2,2,3,0,3,2,1,1,1,1,1,4,4,4,4,4,1,1,4,1,1,2,2,2,2,2,2,1,1,0,1,4,1,1,3,2,2,0,4,1,4,1,1,1,1,4,4,4,1,4,4,3,4,4,3,4,4,4,4,2,0,1,1,4,4,1,1,2,0,4,4,4,4,4,1,3,4,4,4,1,1,1,1,1,2,2,1,1,1,1,4,4,4,4,0,4,4,3,1,1,1,4,4,3,1,0,1,4,4,4,4,4,4,1,0,1,0,2,2,1,1,1,4,3,3,2,2,4,4,4,4,4,4,0,4,2,4,4,1,1,0,2,0,2,4,4,1,1,0,4,2,2,3,4,4,2,2,3,4,2,2,2,2,2,4,4,3,4,3,4,4,4,3,1,4,4,4,1,1,1,1,4,4,1,1,3,0,0,0,0,0,0,0,0,0,0,0,0,0,0,1,1,3,3,4,3,1,1,1,1,1,4,4,4,4,1,1,1,1,1,1,1,1,1,1,4,4,3,1,3,3,1,3,3,1,1,4,4,3,1,4,4,4,4,4,4,1,1,1,1,4,4,4,4,4,4,4,4,4,4,1,1,4,4,2,2,3,4"
213,1.069047930106219,"0,0,1,1,4,2,1,4,2,3,2,2,3,0,3,2,1,1,1,1,1,4,4,4,4,4,1,1,4,1,1,2,2,2,2,2,2,1,1,0,1,4,4,1,3,2,2,0,4,1,4,1,1,1,1,4,4,4,1,4,4,3,4,4,3,4,4,4,4,2,0,1,4,4,4,1,1,2,0,4,4,4,4,4,1,3,4,4,4,1,1,1,1,1,2,2,1,1,1,1,4,4,4,4,0,4,4,3,1,1,1,4,4,3,1,1,1,4,4,4,4,4,4,1,0,1,2,2,2,1,1,1,4,3,3,2,2,4,4,4,4,4,4,0,4,4,4,4,1,1,0,2,0,2,4,4,1,1,0,4,2,2,3,4,4,2,2,3,4,2,2,2,2,2,4,4,3,4,3,4,4,4,3,1,4,4,4,1,1,1,1,4,4,1,1,3,0,0,0,0,0,0,0,0,0,0,0,0,0,0,1,1,1,3,4,3,1,1,1,1,1,4,4,4,4,1,1,1,1,1,1,1,1,1,1,4,4,3,1,3,3,1,3,3,1,1,4,4,3,1,4,4,4,4,4,4,1,1,1,1,4,4,4,4,4,4,3,4,4,4,1,1,4,4,2,2,3,4"
214,1.068190634122236,"0,0,1,1,4,2,1,4,2,3,2,2,3,0,3,2,1,1,1,1,1,4,4,4,4,4,1,1,4,1,1,2,2,2,2,2,2,1,1,0,1,4,4,1,3,2,2,0,4,1,4,1,1,1,1,4,4,4,1,4,4,3,3,4,3,4,4,4,4,2,0,1,1,4,4,1,1,2,0,4,4,4,4,4,1,0,4,4,4,1,1,1,1,1,2,2,1,1,1,1,4,4,4,4,0,4,4,3,1,1,1,4,4,3,1,1,1,4,4,4,4,4,4,1,0,1,2,2,2,1,1,1,4,3,3,2,2,1,4,4,4,1,1,0,4,4,4,4,1,1,0,2,0,2,4,4,1,1,0,4,2,2,3,4,4,2,2,3,4,2,2,2,2,2,4,4,3,4,3,4,4,4,3,1,4,4,4,1,1,1,1,4,4,1,1,3,0,0,0,0,0,0,0,0,0,0,0,0,0,3,1,1,3,3,4,3,1,1,1,1,1,4,4,3,4,1,1,1,1,1,1,1,1,1,1,4,4,3,1,3,3,1,3,3,1,1,4,4,3,1,4,4,4,4,4,4,1,1,1,1,4,4,4,4,4,4,4,4,4,4,1,1,4,4,2,2,3,4"
215,1.0700603732320262,"0,0,1,1,4,2,1,4,2,3,2,2,3,0,3,2,1,1,1,1,1,4,4,4,4,4,1,1,4,1,1,2,2,2,2,2,2,1,1,0,1,4,4,1,3,2,2,0,4,1,4,1,1,1,1,4,4,4,1,4,4,3,3,4,3,4,4,4,4,2,0,1,1,4,4,1,1,2,0,4,4,4,4,4,1,0,4,4,4,1,1,1,1,1,2,2,1,1,1,1,4,4,4,4,0,4,4,3,1,1,1,4,4,3,1,1,1,4,4,4,4,4,4,1,0,1,2,2,2,1,1,1,4,3,3,2,2,1,4,4,4,4,4,0,4,4,4,4,1,1,0,2,0,2,4,4,1,1,0,4,2,2,3,4,4,2,2,3,4,2,2,2,2,2,4,4,3,4,3,4,4,4,3,1,4,4,4,1,1,1,1,4,4,1,1,3,0,0,0,0,0,0,0,0,0,0,0,0,0,0,1,1,3,3,4,3,1,1,1,1,1,4,4,4,4,1,1,1,1,1,1,1,1,1,1,4,4,3,1,3,3,1,3,3,1,1,4,4,3,1,4,4,4,4,4,4,1,1,1,1,4,4,4,4,4,4,4,4,4,4,1,1,4,4,2,2,3,4"
216,1.0687946501054228,"0,0,1,1,4,2,1,4,2,3,2,2,3,0,3,2,1,1,1,1,1,4,4,4,4,4,1,1,4,1,1,2,2,2,2,2,2,1,1,0,1,4,4,1,3,2,2,0,4,1,4,1,1,1,1,4,4,4,1,4,4,3,3,4,3,4,4,4,4,2,0,1,1,4,4,1,1,2,0,4,4,4,4,4,1,0,4,4,4,1,1,1,1,1,2,2,1,1,1,1,4,4,4,4,0,4,4,3,1,1,1,4,4,3,0,1,1,4,4,4,4,4,4,1,0,1,2,2,2,1,1,1,4,3,3,2,2,1,4,4,4,4,4,0,4,4,4,4,1,1,0,2,0,2,4,4,1,1,0,4,2,2,3,4,4,2,2,3,4,2,2,2,2,2,4,4,3,4,3,4,4,4,3,1,4,4,4,1,1,1,1,4,4,1,1,3,0,0,0,0,0,0,0,0,0,0,0,2,0,0,1,1,3,3,4,3,1,1,1,1,1,4,4,4,4,1,1,1,1,1,1,1,1,1,1,4,4,3,1,3,3,1,3,3,3,1,4,4,3,1,4,4,4,4,4,4,1,1,1,1,4,4,4,4,4,4,4,4,4,4,1,1,4,4,2,2,3,4"
217,1.0679115399425938,"0,0,1,1,4,2,1,4,2,3,2,2,3,0,3,2,1,1,1,1,1,4,4,4,4,4,1,1,4,1,1,2,2,2,2,2,2,1,1,0,1,4,4,1,3,2,2,0,4,1,4,1,1,1,1,4,4,4,1,4,4,3,3,4,3,4,4,4,4,2,0,1,1,4,4,1,1,2,0,4,4,4,4,4,1,0,4,4,4,1,1,1,1,1,2,2,1,1,1,1,4,4,4,4,0,4,4,3,1,1,1,4,4,3,0,1,1,4,4,4,1,4,4,1,0,1,2,2,2,1,1,1,4,3,3,2,2,1,4,4,4,4,4,0,4,4,4,4,1,1,0,2,0,2,4,4,1,1,0,4,2,2,3,4,4,2,2,3,4,2,2,2,2,2,4,4,3,4,3,4,4,4,3,1,4,4,4,1,1,1,1,4,4,1,1,3,0,0,0,0,0,0,0,0,0,0,0,2,0,0,1,1,3,3,4,3,1,1,1,1,1,4,4,4,4,1,1,1,1,1,1,1,1,1,1,4,4,3,1,3,3,1,3,3,3,1,4,4,3,1,4,4,4,4,4,4,1,1,1,1,4,4,4,4,4,4,4,4,4,4,1,1,4,4,2,2,3,4"
218,1.0706024236824905,"0,0,1,1,4,2,1,4,2,3,2,2,4,0,3,2,1,1,1,1,1,4,4,4,4,4,1,1,4,1,1,2,2,2,2,2,2,1,1,0,1,4,4,1,3,2,2,0,4,1,4,1,1,1,1,4,4,4,1,4,4,3,3,4,3,4,4,4,4,2,0,1,1,4,4,1,1,2,0,4,4,4,4,4,1,3,4,4,4,1,1,1,1,1,2,2,1,1,1,1,4,4,4,4,0,4,4,3,1,1,1,4,4,3,1,1,1,4,4,4,4,4,4,1,0,1,2,2,2,1,1,1,4,3,3,2,2,4,4,4,4,4,4,0,4,4,4,4,1,1,0,2,0,2,4,4,1,1,0,4,2,2,3,4,4,2,2,3,4,2,2,2,2,2,4,4,3,4,3,4,4,4,3,1,4,4,4,1,1,1,1,4,4,1,1,3,0,0,0,0,0,0,0,0,0,0,0,0,0,0,1,1,3,3,4,3,1,1,1,1,1,4,4,4,4,4,1,1,1,1,1,1,1,1,1,4,4,3,1,3,3,1,3,3,1,1,4,4,3,1,4,4,4,4,4,4,1,1,1,1,4,4,4,4,4,4,4,4,4,4,1,1,4,4,2,2,3,4"
219,1.0697271236013768,"0,0,1,1,4,2,1,4,2,3,2,2,4,0,3,2,1,1,1,1,1,4,4,4,4,4,1,1,4,1,1,2,2,2,2,2,2,1,1,0,1,4,4,1,3,2,2,0,4,1,4,1,1,1,1,4,4,4,1,4,4,3,3,4,3,4,4,4,4,2,0,1,1,4,4,1,1,2,0,4,4,4,4,4,1,3,4,4,4,1,1,1,1,1,2,2,1,1,1,1,4,4,4,4,0,4,4,3,1,1,1,4,4,3,1,1,1,4,4,4,4,4,4,1,0,1,2,2,2,1,1,1,4,3,3,2,2,4,4,4,4,4,4,0,4,4,4,4,1,1,0,2,0,2,4,4,1,1,0,4,2,2,3,4,4,2,2,3,4,2,2,2,2,2,4,4,3,4,3,4,4,4,3,1,4,4,4,1,1,1,1,4,4,1,1,3,0,4,0,0,0,0,0,0,0,0,0,0,0,0,1,1,3,3,4,3,1,1,1,1,1,4,4,4,4,1,1,1,1,1,1,1,1,1,1,4,4,3,1,3,3,1,3,3,1,1,4,4,3,1,4,4,4,4,4,4,1,1,1,1,4,4,4,4,4,4,4,4,4,4,1,1,4,4,2,2,3,4"
220,1.0707162059050745,"0,0,1,1,4,2,1,4,2,3,2,2,4,0,3,2,1,1,1,1,1,4,4,4,4,4,1,1,4,1,1,2,2,2,2,2,2,1,1,0,1,4,4,1,3,2,2,0,4,1,4,1,1,1,1,4,4,4,1,4,4,3,1,4,3,4,4,4,4,2,0,1,1,4,4,1,1,2,0,4,4,4,4,4,1,3,4,4,4,1,1,1,1,1,2,2,1,1,1,1,4,4,4,4,0,4,4,3,1,1,1,4,4,3,1,1,1,4,4,4,4,4,4,1,0,1,2,2,2,1,1,1,4,3,3,2,2,4,4,4,4,4,4,0,4,4,4,4,1,1,0,2,0,2,4,4,1,1,0,4,2,2,3,4,4,2,2,3,4,2,2,2,2,2,4,4,3,4,3,4,4,4,3,1,4,4,4,1,1,1,1,4,4,1,1,3,0,0,0,0,0,0,0,0,0,0,0,0,0,0,1,3,3,3,4,3,1,1,1,1,1,4,4,4,4,4,1,1,1,1,1,1,1,1,1,4,4,3,1,3,3,1,3,3,1,1,4,4,3,1,4,4,4,4,4,4,1,1,1,1,4,4,4,4,4,4,4,4,4,4,1,1,4,4,2,2,3,4"
221,1.0700074107295257,"0,0,1,1,4,2,1,4,2,3,2,2,4,0,3,2,1,1,1,1,1,4,4,4,4,4,1,1,4,1,1,2,2,2,2,2,2,1,1,0,1,4,4,1,3,2,2,0,4,1,4,1,1,1,1,4,4,4,1,4,4,3,1,4,3,4,4,4,4,2,0,1,1,4,4,1,1,2,0,4,4,4,4,4,1,3,4,4,4,1,1,1,1,1,2,2,1,1,1,1,4,4,4,4,0,4,4,3,1,1,1,4,4,3,1,1,1,4,4,4,4,4,4,1,0,1,2,2,2,1,1,1,4,3,3,2,2,4,4,4,4,4,4,0,4,4,4,4,1,1,0,2,0,2,4,4,1,1,0,4,2,2,3,4,4,2,2,3,4,2,2,2,2,2,4,4,3,4,3,4,4,4,3,1,4,4,4,1,1,1,1,4,4,1,1,3,0,0,0,0,0,0,0,0,0,0,0,0,0,0,1,1,3,3,4,3,1,1,1,1,1,4,4,4,4,4,1,2,1,1,1,1,1,1,1,4,4,3,1,3,3,1,3,3,1,1,4,4,3,1,4,4,4,4,4,4,1,1,1,1,4,4,4,4,4,4,4,4,4,4,1,1,4,4,2,2,3,4"
222,1.0694122718130008,"0,0,1,1,4,2,1,4,2,3,2,2,4,0,3,2,1,1,1,1,1,4,4,4,4,4,1,1,4,1,1,2,2,2,2,2,2,1,1,0,1,4,4,1,3,2,2,0,4,1,4,1,1,1,1,4,4,4,1,4,4,3,1,4,3,4,4,4,4,2,0,1,1,4,4,1,1,2,0,4,4,4,4,4,1,3,4,4,4,1,1,1,1,1,2,2,1,1,1,1,4,4,4,4,0,4,4,3,1,1,1,4,4,3,1,1,1,4,4,4,4,4,4,1,0,1,2,2,2,1,1,1,4,3,3,2,2,4,4,4,4,4,4,0,4,4,4,4,1,1,0,2,0,2,4,4,1,1,0,4,2,2,3,4,4,2,2,3,4,2,2,2,2,2,4,4,3,4,3,4,4,4,3,1,4,4,4,1,1,1,1,4,4,1,1,3,0,0,0,0,0,0,0,0,0,0,0,0,0,0,1,1,3,3,4,3,1,1,1,1,1,4,4,4,4,3,1,1,1,3,1,1,1,1,1,4,4,3,1,3,3,1,3,3,1,1,4,4,3,1,4,4,4,4,4,4,1,1,1,1,4,4,4,4,4,4,4,4,4,4,1,1,4,4,2,4,3,4"
223,1.0706419947998655,"0,0,1,1,4,2,1,4,2,3,2,2,4,0,3,2,1,1,1,1,1,4,4,4,4,4,1,1,4,1,1,2,2,2,2,2,2,1,1,0,1,4,4,1,3,2,2,0,4,1,4,1,1,1,1,4,4,4,1,4,4,3,1,4,3,4,4,4,4,2,0,1,1,4,4,1,1,2,0,4,4,4,4,4,1,3,4,4,4,1,1,1,1,1,2,2,1,1,1,1,4,4,4,4,0,4,4,3,1,1,1,4,4,3,1,1,1,4,4,4,4,4,4,1,0,1,2,2,2,1,1,1,4,3,3,2,2,4,4,4,4,4,4,0,4,4,4,4,1,1,0,2,0,2,4,4,1,1,0,4,2,2,3,4,4,2,2,3,4,2,2,2,2,2,4,4,3,4,3,4,4,4,3,1,4,4,4,1,1,1,1,4,4,1,1,3,0,0,0,0,0,0,0,0,0,0,0,0,0,0,1,1,3,3,4,3,1,1,1,1,1,4,4,4,4,4,1,1,3,3,1,1,0,1,1,4,4,3,1,3,3,1,3,3,1,1,4,4,3,1,4,4,4,4,4,4,1,1,1,1,4,4,4,4,4,4,4,4,4,4,1,1,4,4,2,2,3,4"
224,1.0703998390232599,"0,0,1,1,4,2,1,4,2,3,2,2,4,0,3,2,1,1,1,1,1,4,4,4,4,4,1,1,4,1,1,2,2,2,2,2,2,1,1,0,1,4,4,1,3,2,2,0,4,1,4,1,1,1,1,4,4,4,1,4,4,3,1,4,3,4,4,4,4,2,0,1,1,4,4,1,1,2,0,4,4,4,4,4,1,3,4,4,4,1,1,1,1,1,2,2,1,1,1,1,4,4,4,4,0,4,4,3,1,1,1,4,4,3,1,1,1,4,4,4,4,4,4,1,0,1,2,2,2,1,1,1,4,3,3,2,2,4,4,4,4,4,4,0,4,4,4,4,1,1,0,2,0,2,4,4,1,1,0,4,2,2,3,4,4,2,2,3,4,2,2,2,2,2,4,4,3,4,3,4,4,4,3,1,4,4,4,1,1,1,1,4,4,1,1,3,0,0,0,0,0,0,0,0,0,0,0,0,0,0,1,1,3,3,4,3,1,1,1,1,1,4,4,4,4,1,1,1,1,3,1,2,1,1,1,4,4,3,1,3,3,1,3,3,1,1,4,4,3,1,4,4,4,4,4,4,1,1,1,1,4,4,4,4,4,4,4,4,4,4,1,1,4,4,2,2,3,4"
225,1.0688915151145033,"0,0,1,1,4,2,1,4,2,3,2,2,4,0,3,2,1,1,1,1,1,4,4,4,4,4,1,1,4,1,1,2,2,2,2,2,2,1,1,0,3,4,4,1,3,2,2,0,4,1,4,1,1,1,1,4,4,4,1,4,4,3,1,4,3,4,4,4,4,2,0,1,1,4,4,1,1,2,0,4,4,4,4,4,1,3,4,4,4,1,1,1,1,1,2,2,1,1,1,1,4,4,4,4,0,4,4,3,1,1,1,4,4,3,1,1,1,4,4,4,4,4,4,1,0,1,2,2,2,1,1,1,4,3,3,2,2,4,4,4,4,4,4,0,4,4,4,4,1,1,0,2,0,2,4,4,1,1,0,4,2,2,3,4,4,2,2,3,4,2,2,2,2,2,4,4,3,4,3,4,4,4,3,1,4,4,4,1,1,1,1,4,4,1,1,3,0,3,0,0,0,0,0,0,0,0,0,0,0,0,1,1,3,3,4,3,1,1,1,1,1,4,4,4,4,4,1,1,1,3,1,1,1,1,1,4,4,4,1,3,3,1,3,3,1,1,4,4,3,3,4,4,4,4,4,4,1,1,1,1,4,4,4,4,2,4,4,4,4,4,1,1,4,4,2,2,3,4"
226,1.0709262618332056,"0,0,1,1,4,2,1,4,2,3,2,2,4,0,3,2,1,1,1,1,1,4,4,4,4,4,1,1,4,1,1,2,2,2,2,2,2,1,1,0,1,4,4,1,3,2,2,0,4,1,1,1,1,1,1,4,4,4,1,4,4,3,1,4,3,4,4,4,4,2,0,1,1,4,4,1,1,2,0,4,4,4,4,4,1,3,4,4,4,1,1,1,1,1,2,2,1,1,1,1,4,4,4,4,0,4,4,3,1,1,1,4,4,3,1,1,1,4,1,4,4,4,4,1,0,1,2,2,2,1,1,1,4,3,3,2,2,4,4,4,4,4,4,0,4,4,4,4,1,1,0,2,0,2,4,4,1,1,0,4,2,2,3,4,4,2,2,3,4,2,2,2,2,2,4,4,3,4,3,4,4,4,3,1,4,4,4,1,1,1,1,4,4,1,1,3,0,0,0,0,0,0,0,0,0,0,0,0,0,0,1,1,3,3,4,3,1,1,1,1,1,4,4,4,4,4,1,1,1,3,1,1,1,1,1,4,4,3,1,3,3,1,3,3,1,1,4,4,3,1,4,4,4,4,4,4,1,1,1,1,4,4,4,4,4,4,4,4,4,4,1,1,4,4,2,2,3,4"
227,1.0709262618332056,"0,0,1,1,4,2,1,4,2,3,2,2,4,0,3,2,1,1,1,1,1,4,4,4,4,4,1,1,4,1,1,2,2,2,2,2,2,1,1,0,1,4,4,1,3,2,2,0,4,1,1,1,1,1,1,4,4,4,1,4,4,3,1,4,3,4,4,4,4,2,0,1,1,4,4,1,1,2,0,4,4,4,4,4,1,3,4,4,4,1,1,1,1,1,2,2,1,1,1,1,4,4,4,4,0,4,4,3,1,1,1,4,4,3,1,1,1,4,1,4,4,4,4,1,0,1,2,2,2,1,1,1,4,3,3,2,2,4,4,4,4,4,4,0,4,4,4,4,1,1,0,2,0,2,4,4,1,1,0,4,2,2,3,4,4,2,2,3,4,2,2,2,2,2,4,4,3,4,3,4,4,4,3,1,4,4,4,1,1,1,1,4,4,1,1,3,0,0,0,0,0,0,0,0,0,0,0,0,0,0,1,1,3,3,4,3,1,1,1,1,1,4,4,4,4,4,1,1,1,3,1,1,1,1,1,4,4,3,1,3,3,1,3,3,1,1,4,4,3,1,4,4,4,4,4,4,1,1,1,1,4,4,4,4,4,4,4,4,4,4,1,1,4,4,2,2,3,4"
228,1.0711630496145412,"0,0,1,1,4,2,1,4,2,3,2,2,4,0,3,2,1,1,1,1,1,4,4,4,4,4,1,1,4,1,1,2,2,2,2,2,2,1,1,0,1,4,4,1,3,2,2,0,4,1,1,1,1,1,1,4,4,4,1,4,4,3,1,4,3,4,4,4,4,2,0,1,1,4,4,1,1,2,0,4,4,4,4,4,1,3,4,4,4,1,1,1,1,1,2,2,1,1,1,1,4,4,4,4,0,4,4,3,1,1,1,4,4,3,1,1,1,4,1,4,4,4,4,1,0,1,2,2,2,1,1,1,4,3,3,2,2,4,4,4,4,4,4,0,4,4,4,4,1,1,0,2,0,2,3,4,1,1,0,4,2,2,3,4,4,2,2,3,4,2,2,2,2,2,4,4,3,4,3,4,4,4,3,1,4,4,4,1,1,1,1,4,4,1,1,3,0,0,0,0,0,0,0,0,0,0,0,0,0,0,1,1,3,3,4,3,1,1,1,1,1,4,4,4,4,4,1,1,1,3,1,1,1,1,1,4,4,3,1,3,1,1,3,3,1,1,4,4,3,1,4,4,4,4,4,4,1,1,1,1,4,4,4,4,4,4,4,4,4,4,1,1,4,4,2,2,3,4"
229,1.0710586877594441,"0,0,1,1,4,2,1,4,2,3,2,2,4,0,1,2,1,1,1,1,1,4,4,4,4,4,1,1,4,1,1,2,2,2,2,2,2,1,1,0,1,4,4,1,3,2,2,0,4,1,1,1,1,1,1,4,4,4,1,4,4,3,1,4,3,4,4,4,4,2,0,1,1,4,4,1,1,2,0,4,4,4,4,4,1,3,4,4,4,1,1,1,1,1,2,2,1,1,1,1,4,4,4,4,0,4,4,3,1,1,1,4,4,3,1,1,1,4,1,4,4,4,4,1,0,1,2,2,2,1,1,1,4,3,3,2,2,4,4,4,4,4,3,0,4,4,4,4,1,1,0,2,0,2,3,4,1,1,0,4,2,2,3,4,4,2,2,3,4,2,2,2,2,2,4,4,3,4,3,4,4,4,3,1,4,4,4,1,1,1,1,4,4,1,1,3,0,0,0,0,0,0,0,0,0,0,0,0,0,0,1,1,3,3,4,3,1,1,1,1,1,4,4,4,4,4,1,1,1,3,1,1,1,1,1,4,4,3,1,3,1,1,3,3,1,1,4,4,3,1,4,4,4,4,4,4,1,1,1,1,4,4,4,4,4,4,4,4,4,4,1,1,4,4,2,2,3,4"
230,1.0712160196263076,"0,0,1,1,4,2,1,4,2,3,2,2,4,0,1,2,1,1,1,1,1,4,4,4,4,4,1,1,4,1,1,2,2,2,2,2,2,1,1,0,1,4,4,1,3,2,2,0,4,1,1,1,1,1,1,4,4,4,1,4,4,3,1,4,3,4,4,4,4,2,0,1,1,4,4,1,1,2,0,4,4,4,4,4,1,3,4,4,4,1,1,1,1,1,2,2,1,1,1,1,4,4,4,4,0,4,4,3,1,1,1,4,4,3,1,1,1,4,1,4,4,4,4,1,0,1,2,2,2,1,1,1,4,3,3,2,2,4,4,4,4,4,4,0,4,4,4,4,1,1,0,2,0,2,3,4,1,1,0,4,2,2,3,4,4,2,2,3,4,2,2,2,2,2,4,4,3,4,3,4,4,4,3,1,4,4,4,1,1,1,1,4,4,1,1,3,0,0,0,0,0,0,0,0,0,0,0,0,0,0,1,1,3,3,4,3,1,1,1,1,1,4,4,4,4,4,1,1,1,3,1,1,1,1,1,4,4,3,1,3,1,1,3,3,1,1,4,4,3,1,4,4,4,4,4,4,1,1,1,1,4,4,4,4,4,4,4,4,4,4,1,1,4,4,2,2,3,4"
231,1.0712968230778321,"0,0,1,1,4,2,1,4,2,3,2,2,4,0,1,2,1,1,1,1,1,4,4,4,4,4,1,1,4,1,1,2,2,2,2,2,2,1,1,0,1,4,4,1,3,2,2,0,4,1,1,1,1,1,1,4,4,4,1,4,4,3,1,4,3,4,4,4,4,2,0,1,1,4,4,1,1,2,0,4,4,4,4,4,1,3,4,4,4,1,1,1,1,1,2,2,1,1,1,1,4,4,4,4,0,4,4,3,1,1,1,4,4,3,1,1,1,4,1,4,4,4,4,1,0,1,2,2,2,1,1,1,4,3,3,2,2,4,4,4,4,4,4,0,4,4,4,4,1,1,0,2,0,2,3,4,1,1,0,4,2,2,3,4,4,2,2,3,4,2,2,2,2,2,4,4,3,4,3,4,4,4,3,1,4,4,4,1,1,1,1,4,4,1,1,3,0,0,0,0,0,0,0,0,0,0,0,0,0,0,1,1,3,3,4,3,1,1,1,1,1,4,4,4,4,0,1,1,1,3,1,1,1,1,1,4,4,3,1,3,1,1,3,3,1,1,4,4,3,1,4,4,4,4,4,4,1,1,1,1,4,4,4,4,4,4,4,4,4,4,1,1,4,4,2,2,3,4"
232,1.0712968230778321,"0,0,1,1,4,2,1,4,2,3,2,2,4,0,1,2,1,1,1,1,1,4,4,4,4,4,1,1,4,1,1,2,2,2,2,2,2,1,1,0,1,4,4,1,3,2,2,0,4,1,1,1,1,1,1,4,4,4,1,4,4,3,1,4,3,4,4,4,4,2,0,1,1,4,4,1,1,2,0,4,4,4,4,4,1,3,4,4,4,1,1,1,1,1,2,2,1,1,1,1,4,4,4,4,0,4,4,3,1,1,1,4,4,3,1,1,1,4,1,4,4,4,4,1,0,1,2,2,2,1,1,1,4,3,3,2,2,4,4,4,4,4,4,0,4,4,4,4,1,1,0,2,0,2,3,4,1,1,0,4,2,2,3,4,4,2,2,3,4,2,2,2,2,2,4,4,3,4,3,4,4,4,3,1,4,4,4,1,1,1,1,4,4,1,1,3,0,0,0,0,0,0,0,0,0,0,0,0,0,0,1,1,3,3,4,3,1,1,1,1,1,4,4,4,4,0,1,1,1,3,1,1,1,1,1,4,4,3,1,3,1,1,3,3,1,1,4,4,3,1,4,4,4,4,4,4,1,1,1,1,4,4,4,4,4,4,4,4,4,4,1,1,4,4,2,2,3,4"
233,1.0714727760827014,"0,0,1,1,4,2,1,4,2,3,2,2,4,0,1,2,1,1,1,1,1,4,4,4,4,4,1,1,4,1,1,2,2,2,2,2,2,1,1,0,1,4,4,1,3,2,2,0,4,1,1,1,1,1,1,4,4,4,1,4,4,3,1,4,3,4,4,4,4,2,0,1,1,4,4,1,1,2,0,4,4,4,4,4,1,3,4,4,4,1,1,1,1,1,2,2,1,1,1,1,4,4,4,4,0,4,4,3,1,1,1,4,4,3,1,1,1,4,1,4,4,4,4,1,0,1,2,2,2,1,1,1,4,3,3,2,2,4,4,4,4,4,4,0,4,4,4,4,1,1,0,2,0,2,3,4,1,1,0,4,2,2,3,4,4,2,2,3,4,2,2,2,2,2,4,4,3,4,3,4,4,4,3,3,4,4,4,1,1,1,1,4,4,1,1,3,0,0,0,0,0,0,0,0,0,0,0,0,0,0,1,1,3,3,4,3,1,1,1,1,1,4,4,4,4,0,1,1,1,3,1,1,1,1,1,4,4,3,1,3,1,1,3,3,1,1,4,4,3,1,4,4,4,4,4,4,1,1,1,1,4,4,4,4,4,4,4,4,4,4,1,1,4,4,2,2,3,4"
234,1.0699824133344236,"0,0,1,1,4,2,1,4,2,3,2,2,4,0,1,2,1,1,1,1,1,4,4,4,4,4,1,1,4,1,1,2,2,2,2,2,2,1,1,0,1,4,4,1,3,2,2,0,4,1,1,1,1,1,1,4,4,4,1,4,4,3,1,4,3,4,4,4,4,2,0,1,1,4,4,1,1,2,0,4,4,4,4,4,1,2,4,4,4,1,1,1,1,1,2,2,1,1,1,1,4,4,4,4,0,4,4,3,1,1,1,4,4,3,1,1,1,4,1,4,4,4,4,1,0,1,2,2,2,1,1,1,4,3,3,2,2,4,4,4,4,4,4,0,4,4,4,4,1,1,0,2,0,2,3,4,1,1,0,4,2,2,3,4,2,2,2,3,4,2,2,2,2,2,4,4,3,4,3,4,4,4,3,3,4,4,4,1,1,1,1,4,4,1,1,3,0,0,0,0,0,0,0,0,0,0,0,0,0,0,1,1,3,3,4,3,1,1,1,1,1,4,4,4,4,0,1,1,1,3,1,1,1,1,1,4,4,3,1,3,1,1,3,3,1,1,4,4,3,1,4,4,4,4,4,4,1,1,1,1,4,4,4,4,4,4,4,4,4,4,1,1,4,4,2,2,3,4"
235,1.071277807304161,"0,0,1,1,4,2,1,4,2,3,2,2,4,0,1,2,1,1,1,1,1,4,4,4,4,4,1,1,4,1,1,2,2,2,2,2,2,1,1,0,1,4,4,1,3,2,2,0,4,1,1,1,1,1,1,4,4,4,1,4,4,3,0,4,3,4,4,4,4,2,0,1,1,4,4,1,1,2,2,4,4,4,4,4,1,3,4,4,4,1,1,1,1,1,2,2,1,1,1,1,4,4,4,4,0,4,4,3,1,1,1,4,4,3,1,1,1,4,1,4,4,4,4,1,0,1,2,2,2,1,1,1,4,3,3,2,2,4,4,4,4,4,4,0,4,4,4,4,1,1,0,2,0,2,3,4,1,1,0,4,2,2,3,4,4,2,2,3,4,2,2,2,2,2,4,4,3,4,3,4,4,4,3,3,4,4,4,1,1,1,1,4,4,1,1,3,0,0,0,0,0,0,0,0,0,0,0,0,0,0,1,1,3,3,4,3,1,1,1,1,1,4,4,4,4,0,1,1,1,3,1,1,1,1,1,4,4,3,1,3,1,1,3,3,4,1,4,4,3,1,4,4,4,4,4,4,1,1,1,1,4,4,4,4,4,4,4,4,4,4,1,1,4,4,2,2,3,4"
236,1.070807643720553,"0,0,1,1,4,2,1,4,2,3,2,2,4,0,1,2,1,1,1,1,1,4,4,4,4,4,1,1,4,1,1,2,2,2,2,2,2,1,1,0,1,4,4,1,3,2,2,0,4,1,1,1,1,1,1,4,4,4,1,4,4,3,0,4,3,4,4,4,4,2,0,1,1,4,4,1,1,2,2,4,4,4,4,4,1,3,4,4,4,1,1,1,1,1,2,2,1,1,1,1,4,4,4,4,0,4,4,3,1,1,1,4,4,3,1,4,1,4,1,4,4,4,4,1,0,1,2,2,2,1,1,1,4,3,3,2,2,4,4,4,4,4,4,0,4,4,4,4,1,1,0,2,0,2,3,4,1,1,0,4,2,2,3,4,4,2,2,3,4,2,2,2,2,2,4,4,3,4,3,4,4,4,3,3,4,4,4,1,1,1,1,4,4,1,1,3,0,0,0,0,0,0,0,0,0,0,0,0,0,0,1,1,3,3,4,3,1,1,1,1,1,4,4,4,4,0,1,1,1,3,1,1,1,1,1,4,4,3,1,3,1,1,3,3,1,1,4,4,3,1,4,4,4,4,4,4,1,1,1,1,4,4,4,4,4,4,4,4,4,4,1,1,4,4,2,2,3,4"
237,1.0715358812989786,"0,0,1,1,4,2,1,4,2,3,2,2,4,0,1,2,1,1,1,1,1,4,4,4,4,4,1,1,4,1,1,2,2,2,2,2,2,1,1,0,1,4,4,1,3,2,2,0,4,1,1,1,1,1,1,4,4,4,1,4,4,3,1,4,3,4,4,4,4,2,0,1,1,4,4,1,1,2,2,4,4,4,4,4,1,3,4,4,4,1,1,1,1,1,2,2,1,1,1,1,4,4,4,4,0,4,4,3,1,1,1,4,4,3,1,1,1,4,1,4,4,4,4,1,0,1,2,2,2,1,1,1,4,3,3,2,2,4,4,4,4,4,4,0,4,4,4,4,1,1,0,2,0,2,3,4,1,1,0,4,2,2,3,4,4,2,2,3,4,2,2,2,2,2,4,4,3,4,3,4,4,4,3,3,4,4,4,1,1,1,1,4,4,1,1,3,0,0,0,0,0,0,0,0,0,0,0,0,0,0,1,1,3,3,4,3,1,1,1,1,1,4,4,4,4,0,3,1,1,3,1,1,1,1,1,4,4,3,1,3,1,1,3,3,1,1,4,4,3,1,4,4,4,4,4,4,1,1,1,1,4,4,4,4,4,4,4,4,4,4,1,1,4,4,2,2,3,4"
238,1.0717804964665998,"0,0,1,1,4,2,1,4,2,3,2,2,4,0,1,2,1,1,1,1,1,4,4,4,4,4,1,1,4,1,1,2,2,2,2,2,2,1,1,0,1,4,4,1,3,2,2,0,4,1,1,1,1,1,1,4,4,4,1,4,4,3,1,4,3,4,4,4,4,2,0,1,1,4,4,1,1,2,2,4,4,4,4,4,1,3,4,4,4,1,1,1,1,1,2,2,1,1,1,1,4,4,4,4,0,4,4,3,1,1,1,4,4,3,1,1,1,4,1,4,4,4,4,1,0,1,2,2,2,1,1,1,4,3,3,2,2,4,4,4,4,4,4,0,4,4,4,4,1,1,0,2,0,2,3,4,1,1,0,4,2,2,3,4,4,2,2,3,4,2,2,2,2,2,4,4,3,3,3,4,4,4,1,3,4,4,4,1,1,1,1,4,4,1,1,3,0,0,0,0,0,0,0,0,0,0,0,0,0,0,1,1,3,3,4,3,1,1,1,3,1,4,4,4,4,0,1,1,1,3,1,1,1,1,1,4,4,3,1,3,1,1,3,3,1,1,4,4,3,1,4,4,4,4,4,4,1,1,1,1,4,4,4,4,4,4,4,1,4,4,1,1,4,4,2,2,3,4"
239,1.07209178412164,"0,0,1,1,4,2,1,4,2,3,2,2,4,0,1,2,1,1,1,1,1,4,4,4,4,4,1,1,4,1,1,2,2,2,2,2,2,1,1,0,1,4,4,1,3,2,2,0,4,1,1,1,1,1,1,4,4,4,1,4,4,3,1,4,3,4,4,4,4,2,2,1,1,4,4,1,1,2,2,4,4,4,4,4,1,3,4,4,4,1,1,1,1,1,2,2,1,1,1,1,4,4,4,4,0,4,4,3,1,1,1,4,4,3,1,1,1,4,1,4,4,4,4,1,0,1,2,2,2,1,1,1,4,3,3,2,2,4,4,4,4,4,4,0,4,4,4,4,1,1,0,2,2,2,3,4,1,1,0,4,2,2,3,4,4,2,2,3,4,2,2,2,2,2,4,4,3,3,3,4,4,4,1,3,4,4,4,1,1,1,1,4,4,1,1,3,0,0,0,0,0,0,0,0,0,0,0,0,0,0,1,1,3,3,4,3,1,1,1,0,1,4,4,4,4,0,1,1,1,3,1,1,1,1,1,4,4,1,1,3,1,1,3,3,1,1,4,4,3,1,4,4,4,4,4,4,1,1,1,1,4,4,4,4,4,4,4,1,4,4,1,1,4,4,2,2,3,4"
240,1.072167336333594,"0,0,1,1,4,2,1,4,2,3,2,2,4,0,1,2,1,1,1,1,1,4,4,4,4,4,1,1,4,1,1,2,2,2,2,2,2,1,1,0,1,4,4,1,3,2,2,0,4,1,1,1,1,1,1,4,4,4,1,4,4,3,1,4,3,4,4,4,4,2,2,1,1,4,4,1,1,2,2,4,4,4,4,4,1,3,4,4,4,1,1,1,1,1,2,2,1,1,1,1,4,4,4,4,0,4,4,3,1,1,1,4,4,3,1,1,1,4,1,4,4,4,4,1,0,1,2,2,2,1,1,1,4,3,3,2,2,4,4,4,4,4,4,0,4,4,4,4,1,1,0,2,2,2,3,4,1,1,0,4,2,2,3,4,4,2,2,3,4,2,2,2,2,2,4,4,3,3,3,4,4,4,1,3,4,4,4,1,1,1,1,4,4,1,1,3,0,0,0,0,0,0,0,0,0,0,0,0,0,0,1,1,3,3,4,3,1,1,1,0,1,4,4,4,4,0,1,1,1,3,1,1,1,1,1,4,4,3,1,3,1,1,3,3,1,1,4,4,3,1,4,4,4,4,4,4,1,1,1,1,4,4,4,4,4,4,4,1,4,4,1,1,4,4,2,2,3,4"
241,1.0723306663669427,"0,0,1,1,4,2,1,4,2,3,2,2,4,0,1,2,1,1,1,1,1,4,4,4,4,4,1,1,4,1,1,2,2,2,2,2,2,1,1,0,1,4,4,1,3,2,2,0,4,1,1,1,1,1,1,4,4,4,1,4,4,3,1,4,3,4,4,4,4,2,2,1,1,4,4,1,1,2,2,4,4,4,4,4,1,3,4,4,4,1,1,1,1,1,2,2,1,1,1,1,4,4,4,4,0,4,4,3,1,1,1,4,4,3,1,1,1,4,1,4,4,4,4,1,0,1,2,2,2,1,1,1,4,3,3,2,2,4,4,4,4,4,4,0,4,4,4,4,1,1,0,2,2,2,3,4,1,1,0,4,2,2,3,4,4,2,2,3,4,2,2,2,2,2,4,4,3,3,3,4,4,4,1,3,4,4,4,1,1,1,1,4,4,1,1,3,0,0,0,0,0,0,0,0,0,0,0,0,0,0,1,1,3,3,4,3,1,1,1,0,1,4,4,4,3,0,1,1,1,3,1,1,1,1,1,4,4,1,1,3,1,1,3,3,1,1,4,4,3,1,4,4,4,4,4,4,1,1,1,1,4,4,4,4,4,4,4,1,4,4,1,1,4,4,2,2,3,4"
242,1.0723314872908862,"0,0,1,1,4,2,1,4,2,3,2,2,3,0,1,2,1,1,1,1,1,4,4,4,4,4,1,1,4,1,1,2,2,2,2,2,2,1,1,0,1,4,4,1,3,2,2,0,4,1,1,1,1,1,1,4,4,4,1,4,4,3,1,4,3,4,4,4,4,2,2,1,1,4,4,1,1,2,2,4,4,4,4,4,1,3,4,4,4,1,1,1,1,1,2,2,1,1,1,1,4,4,4,4,0,4,4,3,1,1,1,4,4,3,1,1,1,4,1,4,4,4,4,1,0,1,2,2,2,1,1,1,4,3,3,2,2,4,4,4,4,4,4,0,4,4,4,4,1,1,0,2,2,2,3,4,1,1,0,4,2,2,3,4,4,2,2,3,4,2,2,2,2,2,4,4,3,3,3,4,4,4,1,3,4,4,4,1,1,1,1,4,4,1,1,3,0,0,0,0,0,0,0,0,0,0,0,0,0,0,1,1,3,3,4,3,1,1,1,0,1,4,4,4,3,0,1,1,1,3,1,1,1,1,1,4,4,1,1,3,1,1,3,3,1,1,4,4,3,1,4,4,4,4,4,4,1,1,1,1,4,4,4,4,4,4,4,1,4,4,1,1,4,4,2,2,3,4"
243,1.071705847610244,"0,0,1,1,4,2,1,4,2,3,2,2,3,0,1,2,1,1,1,1,1,4,4,4,4,4,1,1,4,1,1,2,2,2,2,2,2,1,1,0,1,4,4,1,3,2,2,0,4,1,1,1,1,1,1,4,4,4,1,4,4,3,1,4,3,4,4,4,4,2,2,1,1,4,4,1,1,2,2,4,4,4,4,4,1,3,4,4,4,1,1,1,1,1,2,2,1,1,1,1,4,4,4,4,0,4,4,3,1,1,1,4,4,3,1,1,1,4,1,4,4,4,4,1,0,1,2,2,2,1,1,1,4,3,3,2,2,4,4,4,4,4,4,0,4,4,4,4,1,1,0,2,2,2,3,4,1,1,0,4,2,2,3,4,4,2,2,3,4,2,2,2,2,2,4,4,3,3,3,4,4,4,0,3,4,4,4,1,1,1,1,4,4,1,1,3,0,0,0,0,0,0,0,0,0,0,0,0,0,0,1,1,4,3,4,3,1,1,1,0,1,4,4,4,3,0,1,1,0,3,1,1,1,1,1,4,4,1,1,3,1,1,3,3,1,1,4,4,3,1,4,4,4,4,4,4,1,1,1,1,4,4,4,4,4,4,0,3,4,4,1,1,4,4,2,2,3,4"
244,1.0719396550917413,"0,0,1,1,4,2,1,4,2,3,2,2,3,0,1,2,1,1,1,1,1,4,4,4,4,4,1,1,4,1,1,2,2,2,2,2,2,1,1,0,1,4,4,1,3,2,2,0,4,1,1,1,1,1,1,4,4,0,1,4,4,3,1,4,3,4,4,4,4,2,2,1,1,4,4,1,1,2,2,4,4,4,4,4,1,3,4,4,4,1,1,1,1,1,2,2,1,1,1,1,4,4,4,4,0,4,4,3,1,1,1,4,4,3,1,1,1,4,1,4,4,4,4,1,0,1,2,2,2,1,1,1,4,3,3,2,2,4,4,4,4,4,4,0,4,4,4,4,1,1,0,2,2,2,3,4,1,1,0,4,2,2,3,4,4,2,2,3,4,2,2,2,2,2,4,4,3,3,3,4,4,4,0,3,4,4,4,1,1,1,1,4,4,1,1,3,0,0,0,0,0,0,0,0,0,0,0,0,0,0,1,1,3,3,4,3,1,1,1,0,1,4,4,4,3,0,1,1,1,3,1,3,1,1,1,4,4,1,1,3,1,1,3,3,1,1,4,4,3,1,4,4,4,4,4,4,1,1,1,1,4,4,4,4,4,4,4,1,4,4,1,1,4,4,2,2,3,4"
245,1.070600161550397,"0,0,1,1,4,2,1,4,2,3,2,2,3,0,1,2,1,1,1,1,1,4,4,4,4,4,1,1,4,1,1,2,2,2,2,2,2,1,1,0,1,4,4,1,3,2,2,0,4,1,1,1,1,1,1,4,4,0,1,4,4,3,1,4,3,4,4,4,4,2,2,1,1,4,4,1,1,2,2,4,4,4,4,4,1,3,4,4,4,1,1,1,1,1,2,2,1,1,1,1,4,4,4,4,0,4,4,3,1,1,1,4,4,3,1,1,1,4,1,4,3,4,4,1,0,1,2,2,2,1,1,1,4,3,3,2,2,4,4,4,4,4,4,0,4,4,4,4,1,1,0,2,2,2,3,4,1,1,0,4,2,2,3,4,4,2,2,3,4,2,2,2,2,2,4,4,3,3,3,4,4,4,0,3,4,4,4,1,1,1,1,4,4,1,1,3,0,0,0,0,0,0,0,0,0,0,0,0,3,0,1,1,3,3,4,3,1,1,1,0,1,4,4,4,3,0,1,1,1,3,1,3,1,1,1,4,4,1,1,3,1,1,3,3,1,1,4,4,3,1,4,4,4,4,4,4,1,1,1,1,4,4,4,4,4,4,4,1,4,4,1,1,4,4,2,2,3,4"
246,1.0726284539005746,"0,0,1,1,4,2,1,4,2,3,2,2,3,0,1,2,1,1,1,1,1,4,4,4,4,4,1,1,4,1,1,2,2,2,2,2,2,1,1,0,1,4,4,1,3,2,2,0,4,1,1,1,1,1,1,4,4,4,1,4,4,3,1,4,3,4,4,4,4,2,2,1,1,4,4,1,1,2,2,4,4,4,4,4,1,3,4,4,4,1,1,1,1,1,2,2,1,1,1,1,4,4,4,4,0,4,4,3,1,1,1,4,4,3,1,1,1,4,1,4,4,4,4,1,0,1,2,2,2,1,1,1,4,3,3,2,2,4,4,4,4,4,4,0,4,4,4,4,1,1,0,2,2,2,3,4,1,1,0,4,2,2,3,4,4,2,2,3,4,2,2,2,2,2,4,4,3,3,3,4,4,4,0,3,4,4,4,1,1,1,1,4,4,1,1,1,0,0,0,0,0,0,0,0,0,0,0,0,0,0,1,1,3,3,4,3,1,1,1,0,1,4,4,4,3,0,1,1,1,3,1,1,1,1,1,4,4,1,1,3,1,1,3,3,1,1,4,4,3,1,4,4,4,4,4,4,1,1,1,1,4,4,4,4,4,4,4,1,4,4,1,1,4,4,2,2,3,4"
247,1.0715711612361245,"0,0,1,1,4,2,1,4,2,3,2,2,3,0,1,2,1,1,1,1,1,4,4,4,4,4,1,1,4,1,1,2,2,2,2,2,2,1,1,0,1,4,4,1,3,2,2,0,4,1,1,1,1,1,1,4,4,4,1,4,4,3,1,0,3,4,4,4,4,2,2,1,1,4,4,1,1,2,2,4,4,4,4,4,1,3,4,4,4,1,1,1,1,1,2,2,1,1,1,1,4,4,4,4,0,4,4,3,1,1,1,4,4,3,1,1,1,4,1,4,4,4,4,1,0,1,2,2,2,1,1,1,4,3,3,2,2,4,4,4,4,4,4,0,4,4,4,4,1,1,0,2,2,2,3,4,1,1,0,4,2,2,3,4,4,2,2,3,4,2,2,2,2,2,4,4,3,3,3,4,4,4,0,3,4,4,4,1,1,1,1,4,4,1,1,1,0,0,0,0,0,0,0,0,0,0,0,0,0,0,1,1,3,3,4,3,1,1,1,0,1,4,4,4,3,0,1,1,1,3,1,1,1,1,1,4,4,1,1,3,1,1,3,4,1,1,4,4,3,1,4,4,4,4,4,4,1,1,1,1,4,4,4,4,4,4,4,1,4,4,1,1,4,4,2,3,3,4"
248,1.0715120563820362,"0,0,1,1,4,2,1,4,2,3,2,2,3,0,1,2,1,1,1,2,1,4,4,4,4,4,1,1,4,1,1,2,2,2,2,2,2,1,1,0,1,4,4,1,3,2,2,0,4,1,1,1,1,1,1,4,4,4,1,4,4,3,1,0,3,4,4,4,4,2,2,1,1,4,4,1,1,2,2,4,4,4,4,4,1,3,4,4,4,1,1,1,1,1,2,2,1,1,1,1,4,4,4,4,0,4,4,3,1,1,1,4,4,3,1,1,1,4,1,4,4,4,4,1,0,1,2,2,2,1,1,1,4,3,3,2,2,4,4,4,4,4,4,0,4,4,4,4,1,1,0,2,2,2,3,4,1,1,0,4,2,2,3,4,4,2,2,3,4,2,2,2,2,2,4,4,3,3,3,4,4,4,0,3,4,4,4,1,1,1,1,4,4,1,1,1,0,0,0,0,0,0,0,0,0,0,0,0,0,0,1,1,3,3,4,3,1,1,1,0,1,4,4,4,3,0,1,1,1,3,1,1,1,1,1,4,4,1,1,3,1,1,3,3,1,0,4,4,3,1,4,4,4,4,4,4,1,1,1,1,4,4,4,4,4,4,4,1,4,4,1,1,4,4,2,2,3,3"
249,1.0726284539005746,"0,0,1,1,4,2,1,4,2,3,2,2,3,0,1,2,1,1,1,1,1,4,4,4,4,4,1,1,4,1,1,2,2,2,2,2,2,1,1,0,1,4,4,1,3,2,2,0,4,1,1,1,1,1,1,4,4,4,1,4,4,3,1,4,3,4,4,4,4,2,2,1,1,4,4,1,1,2,2,4,4,4,4,4,1,3,4,4,4,1,1,1,1,1,2,2,1,1,1,1,4,4,4,4,0,4,4,3,1,1,1,4,4,3,1,1,1,4,1,4,4,4,4,1,0,1,2,2,2,1,1,1,4,3,3,2,2,4,4,4,4,4,4,0,4,4,4,4,1,1,0,2,2,2,3,4,1,1,0,4,2,2,3,4,4,2,2,3,4,2,2,2,2,2,4,4,3,3,3,4,4,4,0,3,4,4,4,1,1,1,1,4,4,1,1,1,0,0,0,0,0,0,0,0,0,0,0,0,0,0,1,1,3,3,4,3,1,1,1,0,1,4,4,4,3,0,1,1,1,3,1,1,1,1,1,4,4,1,1,3,1,1,3,3,1,1,4,4,3,1,4,4,4,4,4,4,1,1,1,1,4,4,4,4,4,4,4,1,4,4,1,1,4,4,2,2,3,4"
250,1.0722604243205074,"0,0,1,1,4,2,1,4,2,3,2,2,3,0,1,2,1,1,1,1,1,4,4,4,4,4,1,1,4,1,1,2,2,2,2,2,2,1,1,0,1,4,4,1,3,2,2,0,4,1,1,1,1,1,1,4,4,4,1,4,4,3,1,4,3,4,4,4,4,2,2,1,1,4,4,1,1,2,2,4,4,4,4,4,1,3,4,4,4,1,1,1,1,1,2,2,1,1,1,1,4,4,4,4,0,4,4,3,1,1,1,4,4,3,1,1,1,4,1,4,4,4,4,1,0,1,2,2,2,1,1,1,4,3,3,2,2,4,4,4,4,4,4,0,4,4,4,4,1,1,0,2,2,2,3,4,1,1,0,4,2,2,3,4,4,2,2,3,4,2,2,2,2,2,4,4,3,3,3,4,4,4,0,3,4,4,1,1,1,1,1,4,4,1,1,1,0,0,0,0,0,0,0,0,3,0,0,0,0,0,1,1,3,3,4,3,1,1,1,0,1,4,4,4,3,0,1,1,1,3,1,1,1,1,1,4,4,1,1,3,1,1,3,3,1,1,4,4,3,1,4,4,4,4,4,4,1,1,1,1,4,4,4,4,4,4,4,1,4,4,1,1,4,4,2,2,3,4"
251,1.0702382283194234,"0,0,1,1,4,2,1,4,2,3,2,2,3,0,1,2,1,1,1,1,1,4,4,4,4,4,1,1,4,1,1,2,2,2,2,2,2,1,1,0,1,4,4,1,3,2,2,0,4,1,1,1,1,1,1,4,4,4,1,4,4,3,1,4,3,4,4,4,1,2,2,1,1,4,4,1,1,2,2,4,4,4,4,4,1,3,4,4,4,1,1,1,1,1,2,2,1,1,1,1,2,4,4,4,0,4,4,3,1,1,1,4,4,3,3,1,1,4,1,4,4,4,4,1,0,0,2,2,2,1,1,1,4,3,3,2,2,4,4,4,4,4,4,0,4,4,4,4,1,1,0,2,2,2,3,4,1,1,0,4,2,2,3,4,4,2,2,3,4,2,2,2,2,2,4,4,3,3,3,4,4,4,0,3,4,4,4,1,1,1,1,4,4,1,1,1,0,0,0,0,0,0,0,0,0,0,0,0,0,0,1,1,3,3,4,3,1,1,1,0,1,4,4,4,3,0,1,1,1,3,1,1,1,1,1,4,4,1,1,3,1,1,3,3,1,1,4,4,3,1,4,4,4,4,4,4,1,1,1,1,4,4,4,4,4,4,4,1,4,4,1,1,4,4,2,2,3,4"
252,1.070779127046776,"0,0,1,1,4,2,1,4,2,3,2,2,3,0,1,2,1,1,1,1,1,4,4,4,4,4,1,1,4,1,1,2,2,2,2,2,2,1,1,0,1,4,4,1,3,2,2,0,4,1,1,1,1,1,4,4,4,4,1,4,4,3,1,4,3,4,4,4,4,2,2,1,1,4,4,1,1,2,2,4,4,4,4,4,1,3,4,4,4,1,1,1,1,1,2,2,1,1,1,1,4,4,4,4,0,4,4,3,1,1,1,4,4,3,1,1,1,1,1,4,4,4,4,1,0,1,2,2,2,1,1,1,4,3,3,2,2,4,4,4,4,4,4,0,4,4,4,4,1,1,0,2,2,2,3,4,1,1,0,4,2,2,3,4,4,2,2,3,4,2,2,2,2,2,4,4,3,3,3,4,4,4,0,3,4,4,1,1,1,1,0,4,4,1,1,1,0,0,0,0,0,0,0,0,0,0,0,0,0,0,1,1,3,3,4,3,1,1,1,0,1,4,4,4,3,0,1,1,1,3,1,1,1,1,1,4,2,1,1,3,1,1,3,3,1,1,4,4,3,1,4,4,4,4,4,4,1,1,1,1,4,4,4,4,4,4,4,1,4,4,1,1,4,4,2,2,3,4"
253,1.0723141948720205,"0,0,1,1,4,2,1,4,2,3,2,2,3,0,1,2,1,1,1,1,1,4,4,4,4,4,1,1,4,1,1,2,2,2,2,2,2,1,1,0,1,4,4,1,3,2,2,0,4,1,1,1,1,1,4,4,4,4,1,4,4,3,1,4,3,4,4,4,4,2,2,1,1,4,4,1,1,2,2,4,4,4,4,4,1,3,4,4,4,1,1,1,1,1,2,2,1,1,1,1,4,4,4,4,0,4,4,3,1,1,1,4,4,3,1,1,1,1,1,4,4,4,4,1,0,1,3,2,2,1,1,1,4,3,3,2,2,4,4,4,4,4,4,0,4,4,4,4,1,1,0,2,2,2,3,4,1,1,0,4,2,2,3,4,4,2,2,3,4,2,2,2,2,2,4,4,3,3,3,4,4,4,0,3,4,4,1,1,1,1,1,4,4,1,1,1,0,0,0,0,0,0,0,0,0,0,0,0,0,0,1,1,3,3,4,3,1,1,1,0,1,4,4,4,3,0,1,1,1,3,1,1,1,1,1,4,4,1,1,3,1,1,3,3,1,1,4,4,3,1,4,4,4,4,4,4,1,1,1,1,4,4,4,4,4,4,4,1,4,4,1,1,4,4,2,2,3,4"
254,1.0723141948720205,"0,0,1,1,4,2,1,4,2,3,2,2,3,0,1,2,1,1,1,1,1,4,4,4,4,4,1,1,4,1,1,2,2,2,2,2,2,1,1,0,1,4,4,1,3,2,2,0,4,1,1,1,1,1,4,4,4,4,1,4,4,3,1,4,3,4,4,4,4,2,2,1,1,4,4,1,1,2,2,4,4,4,4,4,1,3,4,4,4,1,1,1,1,1,2,2,1,1,1,1,4,4,4,4,0,4,4,3,1,1,1,4,4,3,1,1,1,1,1,4,4,4,4,1,0,1,3,2,2,1,1,1,4,3,3,2,2,4,4,4,4,4,4,0,4,4,4,4,1,1,0,2,2,2,3,4,1,1,0,4,2,2,3,4,4,2,2,3,4,2,2,2,2,2,4,4,3,3,3,4,4,4,0,3,4,4,1,1,1,1,1,4,4,1,1,1,0,0,0,0,0,0,0,0,0,0,0,0,0,0,1,1,3,3,4,3,1,1,1,0,1,4,4,4,3,0,1,1,1,3,1,1,1,1,1,4,4,1,1,3,1,1,3,3,1,1,4,4,3,1,4,4,4,4,4,4,1,1,1,1,4,4,4,4,4,4,4,1,4,4,1,1,4,4,2,2,3,4"
255,1.0719170101715658,"0,0,1,1,4,2,1,4,2,3,2,2,3,0,1,2,1,1,1,1,1,4,4,4,4,4,1,1,4,1,1,2,2,2,2,2,2,1,1,0,1,4,4,1,3,2,2,0,4,1,1,1,1,1,1,4,4,4,1,4,4,3,1,4,3,4,4,4,4,2,2,1,1,4,4,1,1,2,2,4,4,4,4,4,1,3,4,4,4,1,1,1,1,1,2,2,1,1,1,1,4,4,4,4,0,4,4,3,1,1,1,4,4,3,1,1,1,1,1,4,4,4,4,1,0,1,2,2,2,1,1,1,4,3,3,2,2,4,4,4,4,4,4,0,4,4,4,4,1,1,0,2,2,2,3,4,1,1,0,4,2,2,3,4,4,2,2,3,4,2,2,2,2,2,4,4,3,0,3,4,4,4,0,3,4,4,1,1,1,1,0,4,4,1,1,1,0,0,0,0,0,0,0,0,0,0,0,0,0,0,1,1,3,3,4,3,1,1,1,1,1,4,4,4,3,0,1,1,1,3,1,1,1,1,1,4,4,1,1,3,1,1,3,3,1,1,4,4,3,1,4,4,4,4,4,4,1,1,1,1,4,4,4,4,4,4,4,1,4,4,1,1,4,4,2,2,3,4"
256,1.0731982826456465,"0,0,1,1,4,2,1,4,2,3,2,2,3,0,1,2,1,1,1,1,1,4,4,4,4,4,1,1,4,1,1,2,2,2,2,2,2,1,1,0,1,4,4,1,3,2,2,0,4,1,1,1,1,1,1,4,4,4,1,4,4,3,1,4,3,4,4,4,4,2,2,1,1,4,4,1,1,2,2,4,4,4,4,4,1,3,4,4,4,1,1,1,1,1,2,2,1,1,1,1,4,4,4,4,0,4,4,3,1,1,1,4,4,3,1,1,1,1,1,4,4,4,4,1,0,1,2,2,2,1,1,1,4,3,3,2,2,4,4,4,4,4,4,0,4,4,4,4,1,1,2,2,2,2,3,4,1,1,0,4,2,2,3,4,4,2,2,3,4,2,2,2,2,2,4,4,3,3,3,4,4,4,0,3,4,4,1,1,1,1,1,4,4,1,1,1,0,0,0,0,0,0,0,0,0,0,0,0,0,0,1,1,3,3,4,3,1,1,1,0,1,4,4,4,3,0,1,1,1,3,1,1,1,1,1,4,4,1,1,3,1,1,3,3,1,1,4,4,3,1,4,4,4,4,4,4,1,1,1,1,4,4,4,4,4,4,4,1,4,4,1,1,4,4,2,2,3,3"
257,1.0733469033059841,"0,0,1,1,4,2,1,4,2,3,2,2,3,0,1,2,1,1,1,1,1,4,4,4,4,4,1,1,4,1,1,2,2,2,2,2,2,1,1,0,1,4,4,1,3,2,2,0,4,1,1,1,1,1,1,4,4,4,1,4,4,3,1,4,3,4,4,4,4,2,2,1,1,4,4,1,1,2,2,4,4,4,4,4,1,3,4,4,4,1,1,1,1,1,2,2,1,1,1,1,4,4,4,4,0,4,4,3,1,1,1,4,4,3,1,1,1,1,1,4,4,4,4,1,0,1,2,2,2,1,1,1,4,3,3,2,2,4,4,4,4,4,4,0,4,4,4,4,1,1,2,2,2,2,3,4,1,1,0,4,2,2,3,4,4,2,2,3,4,2,2,2,2,2,4,4,3,3,3,4,4,4,0,0,4,4,1,1,1,1,1,4,4,1,1,1,0,0,0,0,0,0,0,0,0,0,0,0,0,0,1,1,3,3,4,3,1,1,1,0,1,4,4,4,3,0,1,1,1,3,1,1,1,1,1,4,4,1,1,3,1,1,3,3,1,1,4,4,3,1,4,4,4,4,4,4,1,1,1,1,4,4,4,4,4,4,4,1,4,4,1,1,4,4,2,2,3,3"
258,1.0729903746278058,"0,0,1,1,4,2,1,4,2,3,2,2,3,0,1,2,1,1,1,1,1,4,4,4,4,4,1,1,4,1,1,2,2,2,2,2,2,1,1,0,1,4,4,1,3,2,2,0,4,1,1,1,1,1,1,4,4,4,1,4,4,3,1,4,3,4,4,4,4,2,2,1,1,4,4,1,1,2,2,4,4,4,4,4,1,3,4,4,4,1,1,1,1,1,2,2,1,1,1,1,4,4,4,4,0,4,4,3,1,1,1,4,4,3,1,1,1,1,1,4,4,4,4,1,0,1,2,2,2,1,1,1,4,3,3,2,2,4,4,4,4,4,4,0,4,4,4,4,1,1,2,2,2,2,3,4,1,1,0,4,2,2,3,4,4,2,2,3,4,2,2,2,2,2,4,4,3,3,3,4,4,4,0,0,4,4,1,1,1,1,1,4,4,1,1,1,0,0,0,0,0,0,0,0,0,0,0,0,0,0,1,1,3,3,4,3,1,1,1,0,1,4,4,4,3,0,1,1,1,3,1,1,1,1,1,4,4,1,1,3,1,1,3,3,1,1,4,4,0,1,4,4,4,4,4,4,1,1,1,1,4,4,4,4,4,4,4,1,4,4,1,1,4,4,2,2,3,3"
259,1.072092050358675,"0,0,1,1,4,2,1,4,2,3,2,2,3,0,1,2,1,1,1,1,1,4,4,4,4,4,1,1,4,1,1,2,2,2,2,2,2,1,1,0,1,4,4,1,3,2,2,0,4,1,1,1,1,1,1,4,4,4,1,4,4,3,1,4,3,4,4,4,4,2,2,1,1,4,4,1,1,2,2,4,4,4,4,4,1,3,4,4,4,1,1,1,1,1,2,2,1,1,1,1,4,4,4,4,0,4,4,3,1,1,1,4,4,3,1,1,1,1,1,4,4,4,4,1,0,1,2,2,2,1,1,1,4,3,3,2,2,4,4,4,4,4,4,0,4,4,4,4,1,1,2,2,2,2,3,4,1,1,0,4,2,2,3,4,4,2,2,3,4,2,2,2,2,2,4,4,3,3,3,4,4,4,0,0,4,4,1,1,1,1,1,4,4,1,1,1,0,0,0,0,0,0,0,0,0,0,2,0,0,0,1,1,3,3,4,3,1,1,1,0,1,4,4,4,3,0,1,1,1,3,1,1,1,1,1,4,4,1,1,3,1,1,3,3,1,1,4,4,3,1,4,4,4,4,4,4,1,1,1,1,4,4,4,4,4,4,4,1,4,4,1,1,4,4,2,2,3,3"
260,1.071446388581527,"0,0,1,1,4,2,1,4,2,3,2,2,3,0,1,2,1,1,1,1,1,4,4,4,4,4,1,1,4,1,1,2,2,2,2,2,2,1,1,0,1,4,1,1,3,2,2,0,4,1,1,1,1,1,1,4,4,4,1,4,4,3,1,4,3,4,4,4,4,2,2,1,1,4,4,1,1,2,2,4,4,4,4,4,1,3,4,4,4,1,1,1,1,1,2,2,1,1,1,1,4,4,4,4,4,4,4,3,1,1,1,4,4,3,1,1,1,1,1,4,4,4,4,1,0,1,2,2,2,1,1,1,4,3,3,2,2,4,4,4,4,4,4,0,4,4,4,4,1,1,2,2,2,2,3,4,1,1,0,4,2,2,3,4,4,2,2,3,4,2,2,2,2,2,4,4,3,3,3,4,4,4,0,0,4,4,1,1,1,1,1,4,4,1,1,1,0,0,0,0,0,0,0,0,0,0,2,0,0,0,1,1,3,3,4,3,1,1,1,0,1,4,4,4,3,0,1,1,1,3,1,1,1,1,1,4,4,1,1,3,1,1,3,3,1,1,4,4,3,1,4,4,4,4,4,4,1,1,1,1,4,4,4,4,4,4,4,3,4,4,1,1,4,4,2,2,3,3"
261,1.0728091438353133,"0,0,1,1,4,2,1,4,2,3,2,2,3,0,1,2,1,1,1,1,1,4,4,4,4,4,1,1,4,1,1,2,2,2,2,2,2,1,1,0,1,4,1,1,3,2,2,0,4,1,1,1,1,1,1,4,4,4,1,4,4,3,1,4,3,4,4,4,4,2,2,1,1,4,4,1,1,2,2,4,4,4,4,4,1,3,4,4,4,1,1,1,1,1,2,2,1,1,1,1,4,4,4,4,0,4,4,3,1,1,1,4,4,3,1,1,1,1,1,4,4,4,4,1,0,1,2,2,2,1,1,1,4,3,3,2,2,4,4,4,4,4,4,0,4,4,4,4,1,1,2,2,2,2,3,4,1,1,0,4,2,2,3,4,4,2,2,3,4,2,2,2,2,2,4,4,3,3,3,4,4,4,0,0,4,4,1,1,1,1,1,4,4,1,1,1,0,0,0,0,0,0,0,0,0,0,0,0,0,0,1,1,3,3,4,3,1,1,1,0,1,4,4,4,3,0,1,1,1,3,1,1,1,1,1,4,4,1,1,3,1,1,3,3,1,1,4,4,3,1,4,3,4,4,4,4,1,1,1,1,4,4,4,4,4,4,4,1,4,4,1,1,4,4,2,2,3,3"
262,1.0733700693770956,"0,0,1,1,4,2,1,4,2,3,2,2,3,0,1,2,1,1,1,1,1,4,4,4,4,4,1,1,4,1,1,2,2,2,2,2,2,1,1,0,1,4,1,1,3,2,2,0,4,1,1,1,1,1,1,4,4,4,1,4,4,3,1,4,3,4,4,4,4,2,2,1,1,4,4,1,1,2,2,4,4,4,4,4,1,3,4,4,4,1,1,1,1,1,2,2,1,1,1,1,4,4,4,4,0,4,4,3,1,1,1,4,4,3,1,1,1,1,1,4,4,4,4,1,0,1,2,2,2,1,1,1,4,3,3,2,2,4,4,4,4,4,4,0,4,4,4,4,1,1,2,2,2,2,3,4,1,1,0,4,2,2,3,4,4,2,2,3,4,2,2,2,2,2,4,4,3,3,3,4,4,4,0,0,4,4,1,1,1,1,1,4,4,1,1,1,0,0,0,0,0,0,0,0,0,0,0,0,0,0,1,1,3,3,4,3,1,1,1,0,1,4,4,4,3,0,1,1,1,3,1,1,1,1,1,4,4,1,1,3,1,1,3,3,1,1,4,4,3,1,4,4,4,4,4,4,1,1,1,1,4,4,4,4,4,4,4,1,4,4,1,1,4,4,2,2,3,3"
263,1.0732254712436902,"0,0,1,1,4,2,1,4,2,3,2,2,3,0,1,2,1,1,1,1,1,4,4,4,4,4,1,1,4,1,1,2,2,2,2,2,2,1,1,0,1,4,1,1,3,2,2,0,3,1,1,1,1,1,1,4,4,4,1,4,4,3,1,4,3,4,4,4,4,2,2,1,1,4,4,1,1,2,2,4,4,4,4,4,1,3,4,4,4,1,1,1,1,1,2,2,1,1,1,1,4,4,4,4,0,4,4,3,1,1,1,4,4,3,1,1,1,1,1,4,4,4,4,1,0,1,2,2,2,1,1,1,4,3,3,2,2,4,4,4,4,4,4,0,4,4,4,4,1,1,2,2,2,2,3,4,1,1,0,4,2,2,3,4,4,2,2,3,4,2,2,2,2,2,4,4,3,3,3,4,4,4,0,0,4,4,1,1,1,1,1,4,4,1,1,1,0,0,0,0,0,0,0,0,0,0,0,0,0,0,1,1,3,3,4,3,1,1,1,0,1,4,4,4,3,0,1,1,1,3,1,1,1,1,1,4,4,1,1,3,1,1,3,3,1,1,4,4,3,1,4,4,4,4,4,4,1,1,1,1,4,4,4,4,4,4,4,1,4,4,1,1,4,4,2,2,3,3"
264,1.0736379086143875,"0,0,1,1,4,2,1,4,2,3,2,2,3,0,1,2,1,1,1,1,1,4,4,4,4,4,1,1,4,1,1,2,2,2,2,2,2,1,1,0,1,4,1,1,3,2,2,0,3,1,1,1,1,1,1,4,4,4,1,4,4,3,1,4,3,4,4,4,4,2,2,1,1,4,4,1,1,2,2,4,4,4,4,4,1,1,4,4,4,1,1,1,1,1,2,2,1,1,1,1,4,4,4,4,0,4,4,3,1,1,1,4,4,3,1,1,1,1,1,4,4,4,4,1,0,1,2,2,2,1,1,1,4,3,3,2,2,4,4,4,4,4,4,0,4,4,4,4,1,1,2,2,2,2,3,4,1,1,0,4,2,2,3,4,4,2,2,3,4,2,2,2,2,2,4,4,3,3,3,4,4,4,0,0,4,4,1,1,1,1,1,4,4,1,1,1,0,0,0,0,0,0,0,0,0,0,0,0,0,0,1,1,3,3,4,3,1,1,1,0,1,4,4,4,3,0,1,1,1,3,1,1,1,1,1,4,4,1,1,3,1,1,3,3,1,1,4,4,3,1,4,4,4,4,4,4,1,1,1,1,4,4,4,4,4,4,4,1,4,4,1,1,4,4,2,2,3,3"
265,1.07383035433303,"0,0,1,1,4,2,1,4,2,3,2,2,3,0,1,2,1,1,1,1,1,4,3,4,4,4,1,1,4,1,1,2,2,2,2,2,2,1,1,0,1,4,1,1,3,2,2,0,3,1,1,1,1,1,1,4,4,4,1,4,4,3,1,4,1,4,4,4,4,2,2,1,1,4,4,1,1,2,2,4,4,4,4,4,1,1,4,4,4,1,1,1,1,1,2,2,1,1,1,1,4,4,4,4,0,4,4,3,1,1,1,4,4,3,1,1,1,1,1,4,4,4,4,1,0,1,2,2,2,1,1,1,4,3,3,2,2,4,4,4,4,4,4,0,4,4,4,4,1,1,2,2,2,2,3,4,1,1,0,4,2,2,3,4,4,2,2,3,4,2,2,2,2,2,4,4,3,3,3,4,4,4,0,0,4,4,1,1,1,1,1,4,4,1,1,1,0,0,0,0,0,0,0,0,0,0,0,0,0,0,1,1,3,3,4,3,1,1,1,0,1,4,4,4,3,0,1,1,1,3,1,1,1,1,1,4,4,1,1,3,1,1,3,3,1,1,4,4,3,1,4,4,4,4,4,4,1,1,1,1,4,4,4,4,4,4,4,4,4,4,1,1,4,4,2,2,3,3"
266,1.073859003424832,"0,0,1,1,4,2,1,4,2,3,2,2,3,0,1,2,1,1,1,1,1,4,3,4,4,4,1,1,4,1,1,2,2,2,2,2,2,1,1,0,1,4,1,1,3,2,2,0,3,1,1,1,1,1,1,4,4,4,1,4,4,3,1,4,1,4,4,4,4,2,2,1,1,4,4,1,1,2,2,4,4,4,4,4,1,1,4,4,4,1,1,1,1,1,2,2,1,1,1,1,4,4,4,4,0,4,4,3,1,1,1,4,4,3,1,1,1,1,1,4,4,4,4,1,0,1,2,2,2,1,1,1,4,3,3,2,2,4,4,4,4,4,4,0,4,4,4,4,1,1,2,2,2,2,3,4,1,1,0,4,2,2,3,4,4,2,2,3,3,2,2,2,2,2,4,4,3,3,3,4,4,4,0,0,4,4,1,1,1,1,1,4,4,1,1,1,0,0,0,0,0,0,0,0,0,0,0,0,0,0,1,1,3,3,4,3,1,1,1,0,1,4,4,4,3,0,1,1,1,3,1,1,1,1,1,4,4,1,1,3,1,1,3,3,1,1,4,4,3,1,4,4,4,4,4,4,1,1,1,1,4,4,4,4,4,4,4,4,4,4,1,1,4,4,2,2,3,3"
267,1.0742929184783352,"0,0,1,1,4,2,1,4,2,3,2,2,3,0,1,2,1,1,1,1,1,4,3,4,4,4,1,1,4,1,1,2,2,2,2,2,2,1,1,0,1,4,1,1,3,2,2,0,3,1,1,1,1,1,1,4,4,4,1,4,4,3,1,4,1,4,4,4,4,2,2,1,1,4,4,1,1,2,2,4,4,4,4,4,1,1,4,4,4,1,1,1,1,1,2,2,1,1,1,1,4,4,4,4,0,4,4,1,1,1,1,4,4,3,1,1,1,1,1,4,4,4,4,1,0,1,2,2,2,1,1,1,4,3,3,2,2,4,4,4,4,4,4,0,4,4,4,4,1,1,2,2,2,2,3,4,1,1,0,4,2,2,3,4,4,2,2,3,3,2,2,2,2,2,4,4,3,3,3,3,4,4,0,0,4,4,1,1,1,1,1,4,4,1,1,1,0,0,0,0,0,0,0,0,0,0,0,0,0,0,1,1,3,3,4,3,1,1,1,0,1,4,4,4,3,0,1,1,1,3,1,1,1,1,1,4,4,1,1,3,1,1,3,3,1,1,4,4,3,1,4,4,4,4,4,4,1,1,1,1,4,4,4,4,4,4,4,4,4,4,1,1,4,4,2,2,3,3"
268,1.07436687264509,"0,0,1,1,4,2,1,4,2,3,2,2,3,0,1,2,1,1,1,1,1,4,3,4,4,4,1,1,4,1,1,2,2,2,2,2,2,1,1,0,1,4,1,1,3,2,2,0,3,1,1,1,1,1,1,4,4,4,1,4,4,3,1,4,1,4,4,4,4,2,2,1,1,4,4,1,1,2,2,4,4,4,4,4,1,1,4,4,4,1,1,1,1,1,2,2,1,1,1,1,4,4,4,4,0,4,4,1,1,1,1,4,4,3,1,1,1,1,1,4,4,4,4,1,0,1,2,2,2,1,1,1,4,3,3,2,2,4,4,4,4,4,4,0,4,4,4,4,1,1,2,2,2,2,3,4,1,1,0,4,2,2,3,4,4,2,2,3,3,2,2,2,2,2,4,4,3,3,3,3,4,4,0,0,4,4,1,1,1,1,1,4,4,1,1,1,0,0,0,0,0,0,0,0,0,0,0,0,0,0,1,1,3,3,3,3,1,1,1,0,1,4,4,4,3,0,1,1,1,3,1,1,1,1,1,4,4,1,1,3,1,1,3,3,1,1,4,4,3,1,4,4,4,4,4,4,1,1,1,1,4,4,4,4,4,4,4,4,4,4,1,1,4,4,2,2,3,3"
269,1.07436687264509,"0,0,1,1,4,2,1,4,2,3,2,2,3,0,1,2,1,1,1,1,1,4,3,4,4,4,1,1,4,1,1,2,2,2,2,2,2,1,1,0,1,4,1,1,3,2,2,0,3,1,1,1,1,1,1,4,4,4,1,4,4,3,1,4,1,4,4,4,4,2,2,1,1,4,4,1,1,2,2,4,4,4,4,4,1,1,4,4,4,1,1,1,1,1,2,2,1,1,1,1,4,4,4,4,0,4,4,1,1,1,1,4,4,3,1,1,1,1,1,4,4,4,4,1,0,1,2,2,2,1,1,1,4,3,3,2,2,4,4,4,4,4,4,0,4,4,4,4,1,1,2,2,2,2,3,4,1,1,0,4,2,2,3,4,4,2,2,3,3,2,2,2,2,2,4,4,3,3,3,3,4,4,0,0,4,4,1,1,1,1,1,4,4,1,1,1,0,0,0,0,0,0,0,0,0,0,0,0,0,0,1,1,3,3,3,3,1,1,1,0,1,4,4,4,3,0,1,1,1,3,1,1,1,1,1,4,4,1,1,3,1,1,3,3,1,1,4,4,3,1,4,4,4,4,4,4,1,1,1,1,4,4,4,4,4,4,4,4,4,4,1,1,4,4,2,2,3,3"
270,1.074737401278243,"0,0,1,1,4,2,1,4,2,3,2,2,3,0,1,2,1,1,1,1,1,4,3,4,4,4,1,1,4,1,1,2,2,2,2,2,2,1,1,0,1,4,1,1,3,2,2,0,0,1,1,1,1,1,1,4,4,4,1,4,4,3,1,4,1,4,4,4,4,2,2,1,1,4,4,1,1,2,2,4,4,4,4,4,1,1,4,4,4,1,1,1,1,1,2,2,1,1,1,1,4,4,4,4,0,4,4,1,1,1,1,4,4,3,1,1,1,1,1,4,4,4,4,1,0,1,2,2,2,1,1,1,4,3,3,2,2,4,4,4,4,4,4,0,4,4,4,4,1,1,2,2,2,2,3,4,1,1,0,4,2,2,3,4,4,2,2,3,3,2,2,2,2,2,4,4,3,3,3,3,4,4,0,0,4,4,1,1,1,1,1,4,4,1,1,1,0,0,0,0,0,0,0,0,0,0,0,0,0,0,1,1,3,3,3,3,1,1,1,0,1,4,4,4,3,0,1,1,1,3,1,1,1,1,1,4,4,1,1,3,1,1,3,3,1,1,4,4,3,1,4,4,4,4,4,4,1,1,1,1,4,4,4,4,4,4,4,4,4,4,1,1,4,4,2,2,3,3"
271,1.0747588282243115,"0,0,1,1,4,2,1,4,2,3,2,2,3,0,1,2,1,1,1,1,1,4,3,4,4,4,1,1,4,1,1,2,2,2,2,2,2,1,1,0,1,4,1,1,3,2,2,0,0,1,1,1,1,1,1,4,4,4,1,4,4,3,1,4,1,4,4,4,4,2,2,1,1,4,4,1,1,2,2,4,4,4,4,4,1,1,4,4,4,1,1,1,1,1,2,2,1,1,1,1,4,4,4,4,0,4,4,1,1,1,1,4,4,3,1,1,1,1,1,4,4,4,4,1,0,1,2,2,2,1,1,1,4,3,3,2,2,4,4,4,4,4,4,0,4,4,4,4,1,1,2,2,2,2,3,4,1,1,0,4,2,2,1,4,4,2,2,3,3,2,2,2,2,2,4,4,3,3,3,3,4,4,0,0,4,4,1,1,1,1,1,4,4,1,1,1,0,0,0,0,0,0,0,0,0,0,0,0,0,0,1,1,3,3,3,3,1,1,1,0,1,4,4,4,3,0,1,1,1,3,1,1,1,1,1,4,4,1,1,3,1,1,3,3,1,1,4,4,3,1,4,4,4,4,4,4,1,1,1,1,4,4,4,4,4,4,4,4,4,4,1,1,4,4,2,2,3,3"
272,1.0747588282243115,"0,0,1,1,4,2,1,4,2,3,2,2,3,0,1,2,1,1,1,1,1,4,3,4,4,4,1,1,4,1,1,2,2,2,2,2,2,1,1,0,1,4,1,1,3,2,2,0,0,1,1,1,1,1,1,4,4,4,1,4,4,3,1,4,1,4,4,4,4,2,2,1,1,4,4,1,1,2,2,4,4,4,4,4,1,1,4,4,4,1,1,1,1,1,2,2,1,1,1,1,4,4,4,4,0,4,4,1,1,1,1,4,4,3,1,1,1,1,1,4,4,4,4,1,0,1,2,2,2,1,1,1,4,3,3,2,2,4,4,4,4,4,4,0,4,4,4,4,1,1,2,2,2,2,3,4,1,1,0,4,2,2,1,4,4,2,2,3,3,2,2,2,2,2,4,4,3,3,3,3,4,4,0,0,4,4,1,1,1,1,1,4,4,1,1,1,0,0,0,0,0,0,0,0,0,0,0,0,0,0,1,1,3,3,3,3,1,1,1,0,1,4,4,4,3,0,1,1,1,3,1,1,1,1,1,4,4,1,1,3,1,1,3,3,1,1,4,4,3,1,4,4,4,4,4,4,1,1,1,1,4,4,4,4,4,4,4,4,4,4,1,1,4,4,2,2,3,3"
273,1.0743668601656198,"0,0,1,1,4,2,1,4,2,3,2,2,3,0,1,2,1,1,1,1,1,4,3,4,4,4,1,1,4,1,1,2,2,2,2,2,2,1,1,0,1,4,1,1,3,2,2,0,0,1,1,1,1,1,1,4,4,4,1,4,4,3,1,4,1,4,4,4,4,2,2,1,1,4,4,1,1,2,2,4,4,4,4,4,1,1,4,4,4,1,1,1,1,1,2,2,1,1,1,1,4,4,4,4,0,4,4,1,1,1,1,4,4,3,1,1,1,1,1,4,4,4,4,1,0,1,2,2,2,1,1,1,4,3,3,2,2,4,4,4,4,4,4,0,4,4,4,4,1,1,2,2,2,2,3,4,1,1,0,4,2,2,1,4,4,2,2,3,3,2,2,2,2,2,4,4,3,3,3,3,4,4,0,0,4,4,1,1,1,1,1,4,4,1,1,1,0,0,0,0,0,0,0,0,0,0,0,0,0,0,1,1,3,3,3,3,1,1,1,0,1,4,4,4,3,0,1,1,1,3,1,1,1,1,1,4,4,1,1,3,1,1,3,3,1,1,4,4,3,1,4,4,4,4,4,4,1,1,1,1,4,4,4,4,4,4,4,4,4,4,3,1,4,4,2,2,3,3"
274,1.0747648685024562,"0,0,1,1,4,2,1,4,2,3,2,2,3,0,1,2,1,1,1,1,1,4,3,4,4,4,1,1,4,1,1,2,2,2,2,2,2,1,1,0,1,4,1,1,3,2,2,0,0,1,1,1,1,1,1,4,4,4,1,4,4,3,1,1,1,4,4,4,4,2,2,1,1,4,4,1,1,2,2,4,4,4,4,4,1,1,4,4,4,1,1,1,1,1,2,2,1,1,1,1,4,4,4,4,0,4,4,1,1,1,1,4,4,3,1,1,1,1,1,4,4,4,4,1,0,1,2,2,2,1,1,1,4,3,3,2,2,4,4,4,4,4,4,0,4,4,4,4,1,1,2,2,2,2,3,4,1,1,0,4,2,2,1,4,4,2,2,3,3,2,2,2,2,2,4,4,3,3,3,3,4,4,0,0,4,4,1,1,1,1,1,4,4,1,1,1,0,0,0,0,0,0,0,0,0,0,0,0,0,0,1,1,3,3,3,3,1,1,1,0,1,4,4,4,3,0,1,1,1,3,1,1,1,1,1,4,4,1,1,3,1,1,3,3,1,1,4,4,3,1,4,4,4,4,4,4,1,1,1,1,4,4,4,4,4,4,4,4,4,4,1,1,4,4,2,2,3,3"
275,1.0741876888331456,"0,0,1,1,4,2,1,4,2,3,2,2,3,0,1,2,1,1,1,1,1,4,3,4,4,4,1,1,4,1,1,2,2,2,2,2,2,1,1,0,1,4,1,1,3,2,2,0,0,1,1,1,1,1,1,4,4,4,1,4,4,3,1,1,1,4,4,4,4,2,2,1,1,4,4,1,1,2,2,4,4,4,4,4,1,1,4,4,4,1,1,1,1,1,2,2,1,1,1,1,4,4,4,4,0,4,4,0,1,1,1,4,4,3,1,1,1,1,1,4,4,4,4,1,0,1,2,2,2,1,1,1,4,3,3,2,2,4,4,4,4,4,4,0,4,4,4,4,1,1,2,2,2,2,3,4,1,1,0,4,2,2,1,4,4,2,2,3,3,2,2,2,2,2,4,4,3,3,3,3,4,4,0,0,4,4,1,1,1,1,1,4,4,1,1,1,0,0,0,0,0,0,0,0,0,0,0,0,0,0,1,1,3,3,3,3,1,1,1,4,1,4,4,4,3,0,1,1,1,3,1,1,1,1,1,4,4,1,1,3,1,1,3,3,1,1,4,4,3,1,4,4,4,4,4,4,1,1,1,1,4,4,4,4,4,4,4,4,4,4,1,1,4,4,2,2,3,3"
276,1.0748250811148548,"0,0,1,1,4,2,1,4,2,3,2,2,3,0,1,2,1,1,1,1,1,4,3,4,4,4,1,1,4,1,1,2,2,2,2,2,2,1,1,3,1,4,1,1,3,2,2,0,0,1,1,1,1,1,1,4,4,4,1,4,4,3,1,1,1,4,4,4,4,2,2,1,1,4,4,1,1,2,2,4,4,4,4,4,1,1,4,4,4,1,1,1,1,1,2,2,1,1,1,1,4,4,4,4,0,4,4,1,1,1,1,4,4,3,1,1,1,1,1,4,4,4,4,1,0,1,2,2,2,1,1,1,4,3,3,2,2,4,4,4,4,4,4,0,4,4,4,4,1,1,2,2,2,2,3,4,1,1,0,4,2,2,1,4,4,2,2,3,3,2,2,2,2,2,4,4,3,3,3,3,4,4,0,0,4,4,1,1,1,1,1,4,4,1,1,1,0,0,0,0,0,0,0,0,0,0,0,0,0,0,1,1,3,3,3,3,1,1,1,0,1,4,4,4,3,0,1,1,1,1,1,1,1,1,1,4,4,1,1,3,1,1,3,3,1,1,4,4,3,1,4,4,4,4,4,4,1,1,1,1,4,4,4,4,4,4,4,4,4,4,1,1,4,4,2,2,3,3"
277,1.0738466477720143,"0,0,1,1,4,2,1,4,2,3,2,2,3,0,1,2,1,1,1,1,1,4,3,4,4,4,1,1,4,1,1,2,2,2,2,2,2,1,1,3,1,4,1,1,3,2,2,0,0,1,1,1,1,1,1,4,4,4,1,4,4,3,1,1,1,4,4,4,4,2,2,1,1,4,4,1,1,2,2,4,4,4,4,4,1,1,4,4,4,1,1,1,1,1,2,2,1,1,1,1,4,4,4,4,0,4,4,1,1,1,1,4,4,3,1,1,1,1,1,4,4,4,4,1,0,1,2,2,2,1,1,1,4,3,3,2,2,4,4,4,4,4,4,0,4,4,4,4,1,1,2,2,2,2,3,4,1,1,0,4,2,2,4,4,4,2,2,3,3,2,2,2,2,3,4,4,3,3,3,3,4,3,0,0,4,4,1,1,1,1,1,4,4,1,1,1,0,0,0,0,0,0,0,0,0,0,0,0,0,0,1,1,3,3,3,3,1,1,1,0,1,4,4,4,3,0,1,1,1,3,1,1,1,1,1,4,4,1,1,3,1,1,3,3,1,1,4,4,3,1,4,4,4,4,4,4,1,1,1,1,4,4,4,4,4,4,4,4,4,4,1,1,4,4,2,2,3,3"
278,1.0739991875160357,"0,0,1,1,4,2,1,4,2,3,2,2,3,0,1,2,1,1,1,1,1,4,3,4,4,4,1,1,4,1,1,2,2,2,2,2,2,1,1,3,1,4,1,1,3,2,2,0,0,1,1,1,1,1,1,4,4,4,1,4,4,3,1,1,1,4,4,4,4,2,2,1,1,4,4,1,1,2,2,4,4,4,4,4,1,1,4,4,4,1,1,1,1,1,2,2,1,1,1,1,4,4,4,4,0,4,4,1,1,1,1,4,4,3,1,1,1,1,1,4,4,4,4,1,0,1,2,2,2,1,1,1,4,3,3,2,2,4,4,4,4,4,4,0,4,4,4,4,1,1,2,2,2,2,3,4,1,1,0,4,2,2,1,4,4,2,2,3,3,2,2,2,2,2,4,4,3,3,3,3,4,4,0,0,4,4,1,1,1,2,1,4,4,1,1,1,0,0,0,0,0,0,0,0,0,0,0,0,0,0,1,1,3,3,3,3,1,1,1,0,1,4,4,4,3,0,1,1,1,1,1,1,1,1,1,4,4,1,1,3,1,1,3,3,1,1,4,4,3,1,4,4,4,4,4,4,1,1,1,1,4,4,4,4,4,4,4,4,4,4,1,1,4,4,2,2,3,3"
279,1.0750196435166552,"0,0,1,1,4,2,1,4,2,3,2,2,3,0,1,2,1,1,1,1,1,4,3,4,4,4,1,1,4,1,1,2,2,2,2,2,2,1,1,3,1,4,1,1,3,2,2,0,0,1,1,1,1,1,1,4,4,4,1,4,4,3,1,1,1,4,4,4,4,2,2,1,1,4,4,1,1,2,2,4,4,4,4,4,1,1,4,4,4,1,1,1,1,1,2,2,1,1,1,1,4,4,4,4,0,4,4,1,1,1,1,4,4,3,1,1,1,1,1,4,4,4,4,1,0,1,2,2,2,1,1,1,1,3,3,2,2,4,4,4,4,4,4,0,4,4,4,4,1,1,2,2,2,2,3,4,1,1,0,4,2,2,4,4,4,2,2,3,3,2,2,2,2,2,4,4,3,3,3,3,4,4,0,0,4,4,1,1,1,1,1,4,4,1,1,1,0,0,0,0,0,0,0,0,0,0,0,0,0,0,1,1,3,3,3,3,1,1,1,0,1,3,4,4,3,0,1,1,1,1,1,1,1,1,1,4,4,1,1,3,1,1,3,3,1,1,4,4,3,1,4,4,4,4,4,4,1,1,1,1,4,4,4,4,4,4,4,4,4,4,1,1,4,4,2,2,3,3"
280,1.0741124088710803,"0,0,1,1,4,2,1,4,2,3,2,2,3,0,1,2,1,1,1,1,1,4,3,4,4,4,1,1,4,1,1,2,2,2,2,2,2,1,1,3,1,4,1,1,3,2,2,0,0,1,1,1,1,1,1,4,4,4,1,4,4,3,1,1,1,4,4,4,4,2,2,1,1,4,4,1,1,2,2,4,4,4,4,4,1,1,4,4,4,1,1,1,1,1,2,2,1,1,1,1,4,4,4,4,0,4,4,1,1,1,1,4,4,3,1,1,1,1,1,4,4,4,4,1,0,1,2,2,2,1,1,1,1,3,3,2,2,4,4,4,4,4,4,0,4,4,4,4,1,1,2,2,2,2,3,4,1,1,0,4,2,2,4,4,4,2,2,3,3,2,2,2,2,2,4,4,3,3,3,3,4,4,0,0,4,4,1,1,1,1,1,4,4,1,1,1,0,0,0,0,0,0,0,0,0,0,0,0,0,0,1,1,3,3,3,3,1,1,1,0,1,3,4,4,3,0,1,1,1,1,1,1,1,1,1,4,4,1,1,3,1,1,3,3,1,1,1,4,3,1,4,4,4,4,4,4,1,1,1,1,4,4,4,4,4,4,4,4,4,4,1,1,4,4,2,2,3,3"
281,1.0750196435166552,"0,0,1,1,4,2,1,4,2,3,2,2,3,0,1,2,1,1,1,1,1,4,3,4,4,4,1,1,4,1,1,2,2,2,2,2,2,1,1,3,1,4,1,1,3,2,2,0,0,1,1,1,1,1,1,4,4,4,1,4,4,3,1,1,1,4,4,4,4,2,2,1,1,4,4,1,1,2,2,4,4,4,4,4,1,1,4,4,4,1,1,1,1,1,2,2,1,1,1,1,4,4,4,4,0,4,4,1,1,1,1,4,4,3,1,1,1,1,1,4,4,4,4,1,0,1,2,2,2,1,1,1,1,3,3,2,2,4,4,4,4,4,4,0,4,4,4,4,1,1,2,2,2,2,3,4,1,1,0,4,2,2,4,4,4,2,2,3,3,2,2,2,2,2,4,4,3,3,3,3,4,4,0,0,4,4,1,1,1,1,1,4,4,1,1,1,0,0,0,0,0,0,0,0,0,0,0,0,0,0,1,1,3,3,3,3,1,1,1,0,1,3,4,4,3,0,1,1,1,1,1,1,1,1,1,4,4,1,1,3,1,1,3,3,1,1,4,4,3,1,4,4,4,4,4,4,1,1,1,1,4,4,4,4,4,4,4,4,4,4,1,1,4,4,2,2,3,3"
282,1.0744650606359236,"0,0,1,1,4,2,1,4,2,3,2,2,3,0,1,2,1,1,1,1,1,4,3,4,4,4,1,1,4,1,1,2,2,2,2,2,2,1,1,3,1,4,1,1,3,2,2,0,0,1,1,1,1,1,1,4,4,4,1,4,4,3,1,1,1,4,4,4,4,2,2,1,1,4,4,1,1,2,2,4,4,4,4,4,1,1,4,4,4,1,1,1,1,1,2,2,1,1,1,1,4,4,4,4,0,4,4,1,1,1,1,4,4,3,1,1,1,1,1,4,4,4,4,1,0,1,2,2,2,1,1,1,1,3,3,2,2,4,4,4,4,4,4,0,4,4,4,4,1,1,2,2,2,2,3,4,1,1,0,4,2,2,4,4,4,2,2,3,3,2,2,2,2,2,4,4,3,3,3,3,4,4,0,0,4,4,1,1,1,1,1,4,4,1,1,1,0,0,0,0,0,0,0,0,0,0,0,0,0,0,1,1,3,3,3,3,1,1,1,0,1,3,4,4,3,0,1,1,1,1,2,1,1,1,1,4,4,1,1,3,1,1,3,3,4,1,4,4,3,1,4,4,4,4,4,4,1,1,1,1,4,4,4,4,4,4,4,4,4,4,1,1,4,4,2,2,3,3"
283,1.075081016174284,"0,0,1,1,4,2,1,4,2,3,2,2,3,0,1,2,1,1,1,1,1,4,4,4,4,4,1,1,4,1,1,2,2,2,2,2,2,1,1,3,1,4,1,1,3,2,2,0,0,1,1,1,1,1,1,4,4,4,1,4,4,3,1,1,1,4,4,4,4,2,2,1,1,4,4,1,1,2,2,4,4,4,4,4,1,1,4,4,4,1,1,1,1,1,2,2,1,1,1,1,4,4,4,4,0,4,4,1,1,1,1,4,4,3,1,1,1,1,1,4,4,4,4,1,0,1,2,2,2,1,1,1,1,3,3,2,2,4,4,4,4,4,4,0,4,4,4,4,1,1,2,2,2,2,3,4,1,1,0,4,2,2,4,4,4,2,2,3,3,2,2,2,2,2,4,4,3,3,3,3,4,4,0,0,4,4,1,1,1,1,1,4,4,1,1,1,0,0,0,0,0,0,0,0,0,0,0,0,0,0,1,1,3,3,3,3,1,1,1,0,1,3,4,4,3,0,1,1,1,1,1,1,1,1,1,4,4,1,1,3,1,1,3,3,1,1,4,4,3,1,4,4,4,4,4,4,1,1,1,1,4,4,4,4,4,4,4,4,4,4,1,1,4,4,2,2,3,3"
284,1.0731251919793008,"0,0,1,1,4,2,1,4,2,3,2,2,3,0,1,2,1,1,1,1,1,4,4,4,4,4,1,1,4,1,1,2,2,2,2,2,2,1,1,3,1,4,1,1,3,2,2,0,0,1,1,1,1,1,1,4,4,4,1,4,4,3,1,1,1,4,4,4,4,2,2,1,1,4,4,1,1,2,2,4,4,4,4,4,1,1,4,4,4,1,1,1,1,1,2,2,1,1,1,1,4,4,4,4,0,4,4,1,1,1,1,4,4,3,1,1,1,1,1,4,4,4,4,1,0,1,2,2,2,1,1,1,1,3,3,2,2,4,4,4,4,4,4,0,4,4,4,4,1,1,2,2,2,2,3,4,1,1,0,4,2,2,4,4,4,2,2,3,3,2,2,2,2,2,4,4,3,3,3,3,4,4,0,0,4,4,1,1,1,1,1,4,4,1,1,1,0,0,0,0,0,0,0,0,0,0,0,0,0,0,1,1,3,3,3,3,1,1,1,0,1,3,4,4,3,0,1,1,1,3,1,1,1,1,1,4,4,1,1,3,1,1,3,3,1,1,4,4,3,1,4,4,4,4,3,4,1,1,1,1,4,4,4,4,4,1,4,4,4,4,1,2,4,4,2,2,3,3"
285,1.075271836960358,"0,0,1,1,4,2,1,4,2,3,2,2,3,0,1,2,1,1,1,1,1,4,4,4,4,4,1,1,4,1,1,2,2,2,2,2,2,1,1,3,1,4,1,1,1,2,2,0,0,1,1,1,1,1,1,4,4,4,1,4,4,3,1,1,1,4,4,4,4,2,2,1,1,4,4,1,1,2,2,4,4,4,4,4,1,1,4,4,4,1,1,1,1,1,2,2,1,1,1,1,4,4,4,4,0,4,4,1,1,1,1,4,4,3,1,1,1,1,1,4,4,4,4,1,0,1,2,2,2,1,1,1,1,3,3,2,2,4,4,4,4,4,4,0,4,4,4,4,1,1,2,2,2,2,3,4,1,1,0,4,2,2,4,4,4,2,2,3,3,2,2,2,2,2,4,4,3,3,3,3,4,4,0,0,4,4,1,1,1,1,1,4,4,1,1,1,0,0,0,0,0,0,0,0,0,0,0,0,0,0,1,1,3,3,3,3,1,1,1,0,1,3,4,4,3,0,1,1,1,3,1,1,1,1,1,4,4,1,1,3,1,1,3,3,1,1,4,4,3,1,4,4,4,4,4,4,1,1,1,1,4,4,4,4,4,4,4,4,4,4,1,1,4,4,2,2,3,3"
286,1.0743727577934292,"0,0,1,1,4,2,1,4,2,3,2,2,3,0,1,2,1,1,1,1,1,4,4,4,4,4,1,1,4,1,1,2,2,2,2,2,2,1,1,3,1,4,1,1,1,2,2,0,0,1,1,1,1,1,1,4,4,4,1,4,4,3,1,1,1,4,4,4,4,2,2,1,1,4,4,1,1,2,2,4,4,4,4,4,1,1,4,4,4,1,1,1,1,1,2,2,1,1,1,1,4,4,4,4,0,4,4,1,1,1,1,4,4,3,1,1,1,1,1,4,4,4,4,1,0,1,2,2,2,1,1,1,1,3,3,2,2,4,4,4,4,4,4,0,4,4,4,4,1,1,2,2,2,2,3,4,1,1,0,4,2,2,4,4,4,2,2,3,3,2,2,2,2,2,4,4,3,3,3,3,4,4,0,0,4,4,1,1,1,1,1,4,4,1,1,1,0,0,0,0,0,0,0,0,0,0,0,0,0,0,1,1,3,3,3,3,1,1,1,0,1,3,4,4,3,0,1,1,1,3,1,1,1,1,1,0,4,1,1,3,1,1,3,3,1,1,4,4,0,1,4,4,4,4,4,4,1,1,1,1,4,4,4,4,4,4,4,4,4,4,1,1,4,4,2,2,3,3"
287,1.0746506184262248,"0,0,1,1,4,2,1,4,2,3,2,2,3,0,1,2,1,1,1,1,1,4,4,4,4,4,1,1,4,1,1,2,2,2,2,2,2,1,1,3,1,4,1,1,1,2,2,0,0,1,1,1,1,1,1,4,4,4,1,4,4,3,1,1,1,4,4,4,4,2,2,1,1,4,4,1,1,2,2,4,4,4,4,4,1,1,4,4,4,1,1,1,1,1,2,2,1,1,1,1,4,4,4,4,0,4,4,1,1,1,1,4,4,3,1,2,1,1,1,4,4,4,4,1,0,1,2,2,2,1,1,1,1,3,3,2,2,4,4,4,4,4,4,0,4,4,4,4,1,1,2,2,2,2,3,4,1,1,0,4,2,2,4,4,4,2,2,3,3,2,2,2,2,2,4,4,3,3,3,3,4,4,0,0,4,4,1,1,1,1,1,4,4,1,1,1,0,0,0,0,0,0,0,0,0,0,0,0,0,0,1,1,3,3,3,3,1,1,1,0,1,3,4,3,3,0,1,1,1,3,1,1,1,1,1,4,4,1,1,3,1,1,3,3,1,1,4,4,3,1,4,4,4,4,4,4,1,1,1,1,4,4,4,4,4,4,4,1,4,4,1,1,4,4,2,2,3,3"
288,1.0754137427446528,"0,0,1,1,4,2,1,4,2,3,2,2,3,0,1,2,1,1,1,1,1,4,4,4,4,4,1,1,4,1,1,2,2,2,2,2,2,1,1,3,1,4,1,1,1,2,2,0,0,1,1,1,1,1,1,4,4,4,1,4,4,3,1,1,1,4,4,4,4,2,2,1,1,4,4,1,1,2,2,4,4,4,4,4,1,1,4,4,4,1,1,1,1,1,2,2,1,1,1,1,4,4,4,1,0,4,4,1,1,1,1,4,4,3,1,1,1,1,1,4,4,4,4,1,0,1,2,2,2,1,1,1,1,3,3,2,2,4,4,4,4,4,4,0,4,4,4,4,1,1,2,2,2,2,3,4,1,1,0,4,2,2,4,4,4,2,2,3,3,2,2,2,2,2,4,4,3,3,3,3,4,4,0,0,4,4,1,1,1,1,1,4,4,1,1,1,0,0,0,0,0,0,0,0,0,0,0,0,0,0,1,1,3,3,3,3,1,1,1,0,1,3,4,3,3,0,1,1,1,3,1,1,1,1,1,4,4,1,1,3,1,1,3,3,1,1,4,4,3,1,4,4,4,4,4,4,1,1,1,1,4,4,4,4,4,4,4,1,4,4,1,1,4,4,2,2,3,3"
289,1.0738999207326516,"0,0,1,1,4,2,1,4,2,3,2,2,3,0,1,2,1,1,1,1,1,4,4,4,4,4,1,1,4,1,1,2,2,2,2,2,2,1,1,3,1,4,1,1,1,2,2,0,0,1,1,1,1,1,1,4,4,4,1,4,4,3,1,1,1,4,4,4,4,2,2,1,1,4,4,1,1,2,2,4,4,4,4,4,1,1,4,4,4,1,1,1,1,1,2,2,1,1,1,1,4,4,4,1,0,4,4,1,1,1,1,4,4,3,1,1,1,1,1,4,4,4,4,1,0,1,2,2,2,1,1,1,1,3,3,2,2,4,4,4,4,4,4,0,4,4,4,4,1,1,2,2,2,2,3,4,1,1,0,4,2,2,4,4,4,2,2,3,3,2,2,2,2,2,4,4,3,3,3,3,4,4,0,0,4,4,1,1,1,1,1,4,4,1,1,1,0,0,0,0,0,0,0,0,0,2,0,0,0,0,1,1,3,3,3,3,1,1,1,0,1,3,4,3,3,0,1,1,1,3,1,1,1,1,1,4,4,1,1,3,1,1,3,3,1,3,4,4,3,1,4,4,4,4,4,4,1,1,1,1,4,4,4,4,4,4,4,1,4,4,1,1,4,4,2,2,3,3"
290,1.0731438734201686,"0,0,1,1,4,2,1,4,2,3,2,2,3,0,1,2,1,1,1,1,1,4,4,4,4,4,1,1,4,1,1,2,2,2,2,2,2,1,1,3,1,4,1,1,1,2,2,0,0,1,1,1,1,1,1,4,4,4,1,4,4,3,1,1,1,4,4,4,4,2,2,1,1,4,4,1,1,2,2,4,4,4,4,4,1,1,4,4,4,1,1,1,1,1,2,2,1,1,1,1,4,4,4,1,0,4,4,1,1,1,1,4,4,3,1,1,1,1,1,4,4,4,4,1,0,1,2,2,2,1,1,1,1,3,3,2,2,4,4,4,4,4,4,0,4,4,4,4,1,1,2,2,2,2,3,4,1,1,0,4,2,2,4,4,4,2,2,3,3,2,2,2,2,2,4,4,3,3,3,3,4,4,0,0,4,4,1,1,1,1,1,4,4,1,1,1,0,0,0,0,0,0,0,1,0,0,0,0,0,0,1,1,3,3,3,3,2,1,1,0,1,3,4,3,3,0,1,1,1,3,1,1,1,1,1,4,4,1,1,3,1,1,3,3,4,1,4,4,3,1,4,4,4,4,4,4,1,1,1,1,4,4,4,4,4,4,4,4,4,4,1,1,4,4,2,2,3,3"
291,1.0755414362799642,"0,0,1,1,4,2,1,4,2,3,2,2,3,0,1,2,1,1,1,1,1,4,4,4,4,4,1,1,4,1,1,2,2,2,2,2,2,1,1,3,1,4,1,1,1,2,2,0,0,1,1,1,1,1,1,4,4,4,1,4,4,3,1,1,1,4,4,4,4,2,2,1,1,4,4,1,1,2,2,4,4,4,4,4,1,1,4,4,4,1,1,1,1,1,2,2,1,1,1,1,4,4,4,1,0,4,4,1,1,1,1,4,4,3,1,1,1,1,1,4,4,4,4,1,0,1,2,2,2,1,1,1,1,3,3,2,2,4,4,4,4,4,4,0,4,4,4,4,1,1,2,2,2,2,3,4,1,1,0,4,2,2,4,4,4,2,2,3,3,2,2,2,2,2,4,4,3,3,3,3,4,4,0,0,4,4,1,1,1,1,1,4,4,1,1,1,0,0,0,0,0,0,0,0,0,0,0,0,0,0,1,1,3,3,3,3,1,1,1,0,1,3,4,3,0,0,1,1,1,3,1,1,1,1,1,4,4,1,1,3,1,1,3,3,1,1,4,4,3,1,4,4,4,4,4,4,1,1,1,1,4,4,4,4,4,4,1,1,4,4,1,1,4,4,2,2,3,3"
292,1.0750351746991003,"0,0,1,1,4,2,1,4,2,3,2,2,3,0,1,2,1,1,1,1,1,4,4,4,4,4,1,1,4,1,1,2,2,2,2,2,2,1,1,3,1,4,1,1,1,2,2,0,0,1,1,1,1,1,1,4,4,4,1,4,4,3,1,1,1,4,4,4,4,2,2,1,1,4,4,1,1,2,2,4,4,4,4,4,1,1,4,4,4,1,1,1,1,1,2,2,1,1,1,1,4,4,4,1,3,4,4,1,1,1,1,4,4,3,1,1,1,1,1,4,4,4,4,1,0,1,2,2,2,1,1,1,1,3,3,2,2,4,4,4,4,4,4,0,4,4,4,4,1,1,2,2,2,2,3,4,1,1,0,4,2,2,4,4,4,2,2,3,3,2,2,2,2,2,4,4,3,3,3,3,4,4,0,0,4,4,1,1,1,1,1,4,4,1,1,1,0,0,0,0,0,0,0,0,0,0,0,0,0,0,1,1,3,3,3,3,1,1,1,0,1,3,4,3,0,0,1,1,1,3,1,1,1,1,1,4,4,1,1,3,1,1,3,3,1,1,4,4,3,1,4,4,4,4,4,4,1,1,1,1,4,4,4,4,0,4,1,1,4,4,1,1,4,4,2,2,3,3"
293,1.0757261388706394,"0,0,1,1,4,2,1,4,2,3,2,2,3,0,1,2,1,1,1,1,1,4,4,4,4,4,1,1,4,1,1,2,2,2,2,2,2,1,1,3,1,4,1,1,1,2,2,0,0,1,1,1,1,1,1,4,4,4,1,4,4,3,1,1,1,4,4,4,4,2,2,1,1,4,4,1,1,2,2,4,4,4,4,4,1,1,4,4,4,1,1,1,1,1,2,2,1,1,1,1,4,4,4,1,3,4,4,1,1,1,1,4,4,3,1,1,1,1,1,4,4,4,4,1,0,1,2,2,2,1,1,1,1,3,3,2,2,4,4,4,4,4,4,0,4,4,4,4,1,1,2,2,2,2,3,4,1,1,0,4,2,2,4,4,4,2,2,3,3,2,2,2,2,2,4,4,3,3,3,3,4,4,0,0,4,4,1,1,1,1,1,4,4,1,1,1,0,0,0,0,0,0,0,0,0,0,0,0,0,0,1,1,3,3,3,3,1,1,1,0,1,3,3,3,0,0,1,1,1,1,1,1,1,1,1,4,4,1,1,3,1,1,3,3,1,1,4,4,3,1,4,4,4,4,4,4,1,1,1,1,4,4,4,4,4,4,1,1,4,4,1,1,4,4,2,2,3,3"
294,1.0759161907786003,"0,0,1,1,4,2,1,4,2,3,2,2,3,0,1,2,1,1,1,1,1,4,4,4,4,4,1,1,4,1,1,2,2,2,2,2,2,1,1,3,1,4,1,1,1,2,2,0,0,1,1,1,1,1,1,4,4,1,1,4,4,3,1,1,1,4,4,4,4,2,2,1,1,4,4,1,1,2,2,4,4,4,4,4,1,1,4,4,4,1,1,1,1,1,2,2,1,1,1,1,4,4,4,1,3,4,4,1,1,1,1,4,4,1,1,1,1,1,1,4,4,4,4,1,0,1,2,2,2,1,1,1,1,3,3,2,2,4,4,4,4,4,4,0,4,4,4,4,1,1,2,2,2,2,3,4,1,1,0,4,2,2,4,4,4,2,2,3,3,2,2,2,2,2,4,4,3,3,3,3,4,4,0,0,4,4,1,1,1,1,1,4,4,1,1,1,0,0,0,0,0,0,0,0,0,0,0,0,0,0,1,1,3,3,3,3,1,1,1,0,1,3,3,3,0,0,1,1,1,1,1,1,1,1,1,4,4,1,1,3,1,1,3,3,1,1,4,4,3,1,4,4,4,4,4,4,1,1,1,1,4,4,4,4,4,4,1,1,4,4,1,1,4,4,2,2,3,3"
295,1.0759257889995248,"0,0,1,1,4,2,1,4,2,3,2,2,3,0,1,2,1,1,1,1,1,4,4,4,4,4,1,1,4,1,1,2,2,2,2,2,2,1,1,3,1,4,1,1,1,2,2,0,0,1,1,1,1,1,1,4,4,1,1,4,4,3,1,1,1,4,4,4,4,2,2,1,1,4,4,1,1,2,2,4,4,4,4,4,1,1,4,4,4,1,1,1,1,1,2,2,1,1,1,1,4,4,4,1,3,4,4,1,1,1,1,4,4,1,1,1,1,1,1,4,4,4,4,1,0,1,2,2,2,1,1,1,1,3,3,2,2,4,4,4,4,4,4,0,4,4,4,4,1,1,2,2,2,2,3,4,1,1,0,4,2,2,4,4,4,2,2,3,3,2,2,2,2,2,4,4,3,3,3,3,4,4,0,0,4,4,1,1,1,1,1,4,4,1,1,1,0,0,0,0,0,0,0,0,0,0,0,0,0,0,1,1,3,3,3,3,1,1,1,0,1,3,3,3,0,0,1,1,1,3,1,1,1,1,1,4,4,1,1,3,1,1,3,3,1,1,4,4,3,1,4,4,4,4,4,4,1,1,1,1,4,4,4,4,4,4,1,1,4,4,1,1,4,4,2,2,3,3"
296,1.0758586458036352,"0,0,1,1,4,2,1,4,2,3,2,2,3,0,1,2,1,1,1,1,1,4,4,4,4,4,1,1,4,1,1,2,2,2,2,2,2,1,1,3,1,4,1,1,1,2,2,0,0,1,1,1,1,1,1,4,4,1,1,4,4,3,1,1,1,4,4,4,4,2,2,1,1,4,4,1,1,2,2,4,4,4,4,4,1,1,4,4,4,1,1,1,1,1,2,2,1,1,1,1,4,4,4,1,3,4,4,1,1,1,1,4,4,1,1,1,1,1,1,4,4,4,4,1,0,1,2,2,2,1,1,0,1,3,3,2,2,4,4,4,4,4,4,0,4,4,4,4,1,1,2,2,2,2,3,4,1,1,0,4,2,2,4,4,4,2,2,3,3,2,2,2,2,2,4,4,3,3,3,3,4,4,0,0,4,4,1,1,1,1,1,4,4,1,1,1,0,0,0,0,0,0,0,0,0,0,0,0,0,0,1,1,3,3,3,3,1,1,1,0,1,3,3,3,0,0,1,1,1,3,1,1,1,1,1,4,4,1,1,3,1,1,3,3,1,1,4,4,3,1,4,4,4,4,4,4,1,1,1,1,4,4,4,4,4,4,1,1,4,4,1,1,4,4,2,2,3,3"
297,1.075944279054381,"0,0,1,1,4,2,1,4,2,3,2,2,3,0,1,2,1,1,1,1,1,4,4,4,4,4,1,1,4,1,1,2,2,2,2,2,2,1,1,3,1,4,1,1,1,2,2,0,0,1,1,1,1,1,1,4,4,1,1,4,4,3,1,1,1,4,4,4,4,2,2,1,1,4,4,1,1,2,2,4,4,4,4,4,1,1,4,4,4,1,1,1,1,1,2,2,1,1,1,1,4,4,4,1,3,4,4,1,1,1,1,4,4,1,1,1,1,1,1,4,4,4,4,1,0,1,2,2,2,1,1,0,1,3,3,2,2,4,4,4,4,4,4,0,4,4,4,4,1,1,2,2,2,2,3,4,1,1,0,4,2,2,4,4,4,2,2,3,3,2,2,2,2,2,4,4,3,3,3,3,4,4,1,0,4,4,1,1,1,1,1,4,4,1,1,1,0,0,0,0,0,0,0,0,0,0,0,0,0,0,1,1,3,3,3,3,1,1,1,0,1,3,3,3,0,0,1,1,1,3,1,1,1,1,1,4,4,1,1,3,1,1,3,3,1,1,4,4,3,1,4,4,4,4,4,4,1,1,1,1,4,4,4,4,4,4,1,1,4,4,1,1,4,4,2,2,3,3"
298,1.074993591625395,"0,0,1,1,4,2,1,4,2,3,2,2,3,0,1,2,1,1,1,1,1,4,4,4,4,4,1,1,4,1,1,2,2,2,2,2,2,1,1,3,1,4,1,1,1,2,2,0,0,1,1,1,1,1,1,4,4,1,1,4,4,3,1,1,1,4,4,4,4,2,2,1,1,4,4,1,1,2,2,4,4,4,4,4,1,1,4,4,4,1,1,1,1,1,2,2,1,1,1,1,4,4,4,1,3,4,4,1,1,1,1,4,4,1,1,1,1,1,1,4,4,4,4,1,0,1,2,2,2,1,1,0,1,3,3,2,2,4,4,4,4,4,4,0,4,4,4,4,1,1,2,2,2,2,3,0,1,1,0,4,2,2,4,4,4,2,2,3,3,2,2,2,2,2,4,4,3,3,3,3,4,4,1,0,4,4,1,1,1,1,1,4,4,1,1,1,0,0,0,0,0,0,0,0,0,0,0,0,0,0,1,1,3,2,3,3,1,1,1,0,1,3,3,3,0,0,1,1,1,3,1,1,1,1,1,4,4,1,1,3,1,1,3,3,1,1,4,4,3,1,4,4,4,4,4,4,1,1,1,1,4,4,4,4,4,4,1,1,4,4,1,1,4,4,2,2,3,3"
299,1.0760085971068714,"0,0,1,1,4,2,1,4,2,3,2,2,3,0,1,2,1,1,1,1,1,4,4,4,4,4,1,1,4,1,1,2,2,2,2,2,2,1,1,3,1,4,1,1,1,2,2,0,0,1,1,1,1,1,1,4,4,1,1,4,4,3,1,1,1,4,4,4,4,2,2,1,1,4,4,1,1,2,2,4,4,4,4,4,1,1,4,4,4,1,1,1,1,1,2,2,1,1,1,1,4,4,4,1,3,4,4,1,1,1,1,4,4,1,1,1,1,1,1,4,4,4,4,1,0,1,2,2,2,1,1,1,1,3,3,2,2,4,4,4,4,4,4,0,4,4,4,4,1,1,2,2,2,2,3,0,1,1,0,4,2,2,4,4,4,2,2,3,3,2,2,2,2,2,4,4,3,3,3,3,4,4,1,0,4,4,1,1,1,1,1,4,4,1,1,1,0,0,0,0,0,0,0,0,0,0,0,0,0,0,1,1,3,3,3,3,1,1,1,0,1,3,3,3,0,0,1,1,1,3,1,1,1,1,1,4,4,1,1,3,1,1,3,3,1,1,4,4,3,1,4,4,4,4,4,4,1,1,1,1,4,4,4,4,4,4,1,1,4,4,1,1,4,4,2,2,3,3"
