generation,fitness,chromosome
0,1.3657754445961432,"4,5,2,4,4,4,0,0,5,1,0,5,2,2,3,1,2,3,2,4,4,1,0,5,3,4,4,4,0,5,5,1,0,4,3,1,3,3,4,3,1,2,0,4,1,4,1,0,1,5,2,5,1,2,5,4,3,3,3,0,4,3,1,5,1,0,2,3,3,5,0,1,1,5,2,3,3,5,5,1,4,3,3,1,3,1,1,1,4,5,5,0,5,5,0,4,4,2,4,3,5,5,0,0,2,1,0,1,3,5,0,3,5,2,2,4,2,0,3,3,3,2,4,3,1,2,1,3,4,3,2,5,0,4,0,2,4,1,3,2,1,5,2,2,3,5,2,1,1,3,0,1,4,5,0,2,0,1,3,5,5,1,0,1,2,3,2,4,5,2,5,0,2,5,4,4,0,0,1,3,5,5,0,4,5,2,1,5,1,0,0,4,1,3,4,2,5,4,3,3,3,1,4,1,2,2,0,1,3,0,2,0,4,2,0,2,2,3,5,3,0,4,1,0,0,0,4,4,4,1,3,2,5,3,5,0,3,5,5,3,3,3,4,3,1,3,5,2,2,4,4,0,1,4,5,4,5,3,3,4,0,3,4,0,1,2,4,1,5,3,2,5,3,1,1,3,4,5"
1,1.3701315304322494,"4,5,2,4,4,4,0,0,5,1,0,5,2,0,2,2,1,0,4,0,5,4,2,4,0,4,2,2,4,2,4,1,3,0,5,1,5,0,2,3,3,0,4,4,3,5,5,0,5,1,0,4,0,0,0,4,4,4,4,0,4,3,2,0,2,0,0,3,1,5,2,2,2,0,0,3,3,5,1,3,3,5,3,3,3,0,2,1,0,3,5,4,1,4,0,2,4,0,0,5,4,0,3,3,2,2,3,4,3,2,2,4,4,5,2,4,2,0,4,4,1,3,1,1,0,2,4,2,0,3,2,5,1,1,0,5,0,3,0,0,0,2,2,2,3,0,4,0,3,2,0,2,0,5,1,1,5,2,2,3,2,3,4,1,4,3,5,5,3,1,5,5,5,3,2,0,2,4,2,5,5,3,0,5,5,2,2,1,2,5,3,2,1,1,1,0,2,2,2,5,3,1,4,4,4,0,3,4,1,5,2,5,5,5,4,1,2,0,4,3,4,5,2,0,0,4,1,0,2,5,0,2,0,2,2,0,3,2,4,0,3,3,5,1,0,4,4,0,1,5,3,3,1,4,5,0,1,5,2,2,4,2,1,0,0,4,0,0,3,3,1,3,1,1,1,5,1,1"
2,1.3732654701870266,"4,5,2,4,4,4,0,0,5,1,0,5,2,0,2,2,1,0,4,0,5,4,2,4,0,4,2,3,4,2,4,1,3,0,5,1,5,0,2,3,3,0,4,4,3,5,5,0,5,1,0,4,0,0,0,4,4,4,4,0,4,3,2,0,2,0,0,3,1,5,2,2,2,0,0,3,3,5,1,3,3,5,3,3,3,2,2,1,0,3,5,4,1,4,0,2,4,0,0,5,4,0,3,3,2,2,3,4,3,2,2,4,4,5,2,4,2,0,4,4,4,3,5,4,0,2,5,0,0,5,4,0,4,1,2,2,5,1,2,4,4,4,5,2,1,4,5,4,5,2,1,1,0,5,4,1,4,2,2,3,2,3,4,5,4,4,5,5,3,1,5,5,5,3,2,2,0,3,5,4,5,4,0,3,4,5,1,2,0,5,0,1,1,3,1,4,3,5,0,1,2,1,2,5,5,3,5,2,0,4,3,4,5,3,4,5,0,2,3,3,0,4,0,1,1,2,3,1,4,0,4,3,1,5,4,0,4,2,0,3,4,0,3,1,4,3,4,0,2,0,5,0,4,2,4,5,4,1,3,4,0,1,4,4,0,0,0,5,4,4,5,2,0,1,3,0,4,2"
3,1.3730524087539087,"4,5,2,4,4,4,0,0,5,1,2,5,2,0,2,2,1,0,4,0,5,4,2,4,0,4,2,3,4,2,4,1,3,0,5,1,5,0,2,3,3,0,4,4,3,5,5,0,5,1,3,4,0,0,0,4,4,4,4,0,4,3,2,0,2,0,0,3,1,5,2,2,2,0,0,3,3,5,1,3,3,5,3,3,3,2,2,1,0,3,5,4,0,4,0,2,4,0,0,5,4,0,3,3,2,2,3,4,3,2,2,4,4,5,2,4,2,0,4,4,4,1,5,4,0,2,5,0,0,5,4,0,4,1,4,2,5,1,2,4,4,4,5,2,1,4,5,4,1,2,1,1,0,5,4,1,4,2,2,3,2,3,4,5,4,4,1,5,3,1,5,5,1,3,2,2,3,0,5,4,2,1,5,2,4,4,0,2,4,2,5,1,4,4,1,1,2,5,2,0,2,1,2,0,1,0,3,1,1,5,2,5,5,3,5,1,2,0,4,3,4,1,2,0,0,0,2,0,3,2,3,0,2,4,4,1,4,0,4,4,5,5,2,3,0,2,0,4,0,1,4,0,1,1,4,1,1,1,2,5,3,5,1,0,5,4,4,1,1,4,5,1,0,4,3,1,1,2"
4,1.375375146861315,"4,5,2,4,4,3,2,0,5,1,2,5,1,0,2,2,1,0,4,0,5,4,2,4,0,4,2,3,4,2,4,1,3,0,5,1,5,0,2,3,3,0,4,4,3,5,5,0,5,1,0,4,0,0,0,4,4,4,4,0,4,3,2,0,2,0,0,3,1,5,2,2,2,0,0,3,3,5,1,3,3,5,3,3,3,2,2,1,0,3,5,4,0,4,0,2,4,0,0,5,4,0,3,3,2,2,3,4,3,2,2,4,4,5,2,4,2,0,4,4,4,3,5,4,0,2,5,0,0,5,4,0,4,1,2,2,5,1,2,4,4,4,5,2,1,4,4,4,1,2,1,1,0,5,4,1,4,2,2,3,2,3,4,5,4,4,5,5,3,1,5,5,1,3,2,2,3,0,5,4,2,1,5,2,4,4,0,2,4,2,5,1,2,4,1,0,2,5,2,0,2,1,2,1,1,0,3,1,1,5,2,5,5,3,2,1,2,0,5,3,4,1,2,0,0,2,3,3,1,0,2,5,4,5,4,0,4,2,0,3,4,0,5,1,4,3,4,0,2,0,5,0,4,2,4,5,4,1,3,4,0,1,4,4,0,0,0,4,4,4,5,2,0,1,3,0,4,2"
5,1.3787143309305576,"4,5,2,4,4,1,2,0,5,1,2,5,1,0,2,2,1,0,4,0,5,4,2,4,0,4,2,3,4,2,4,1,3,0,5,1,5,0,2,3,3,0,4,4,3,5,5,0,5,1,0,4,0,2,0,4,4,4,4,0,4,3,2,0,2,0,0,3,1,5,1,2,2,0,0,3,3,5,1,3,3,5,3,3,3,2,2,0,0,3,5,4,1,4,0,2,4,0,0,2,4,0,3,3,2,2,4,4,3,2,2,4,4,5,2,4,2,0,4,4,4,3,4,4,0,2,5,0,0,5,4,0,4,1,2,2,5,1,2,4,4,4,5,2,3,4,4,4,1,2,1,1,0,5,4,1,4,2,2,3,2,3,4,5,4,4,5,5,3,1,5,5,1,3,2,2,3,4,5,4,2,1,5,2,4,4,0,2,4,2,5,1,4,4,5,1,2,5,2,0,2,1,2,0,1,0,3,1,1,5,2,5,5,3,2,1,2,1,4,3,4,1,2,0,0,2,3,3,5,4,2,5,4,5,4,0,4,2,0,3,4,0,2,3,0,2,0,4,0,1,4,0,4,2,4,5,4,1,3,4,0,1,4,4,0,0,0,4,4,4,5,2,0,1,3,5,4,2"
6,1.3793715340542125,"4,5,2,4,4,1,2,0,5,1,2,5,1,0,2,2,1,0,4,0,5,4,2,4,0,4,2,3,4,2,4,1,3,0,5,1,5,0,2,3,3,0,4,4,3,5,5,0,5,1,0,4,0,2,0,4,4,4,4,0,4,3,2,0,2,0,0,3,1,5,1,2,2,0,4,3,3,5,1,3,3,5,3,3,3,2,2,0,0,3,5,4,1,4,0,2,4,0,0,2,4,0,3,3,2,2,3,4,3,4,2,4,4,5,2,4,2,0,4,4,4,3,4,4,0,2,5,0,1,5,4,0,4,1,2,2,5,1,2,4,4,4,5,2,3,4,4,4,1,2,1,1,0,5,4,1,4,2,2,3,2,3,4,5,4,4,5,5,3,1,5,5,1,3,2,2,3,4,5,4,2,1,5,2,4,4,0,2,4,2,5,1,4,4,5,1,2,5,2,0,2,1,2,0,1,0,3,1,1,5,2,5,5,3,2,1,2,0,4,3,4,1,2,0,0,2,3,3,5,4,2,5,4,2,4,0,4,2,0,3,4,0,5,1,4,3,4,0,2,1,4,0,4,2,4,5,4,1,3,4,0,1,4,4,3,0,0,4,4,4,5,2,0,1,3,5,4,2"
7,1.380182799385844,"4,5,2,4,4,1,2,4,5,1,2,5,1,0,2,5,1,0,4,0,5,4,2,4,0,4,2,3,4,2,4,1,3,0,5,1,5,0,2,3,3,0,4,4,3,5,5,0,5,5,0,4,0,2,5,2,4,4,4,0,4,3,2,0,2,0,0,3,1,5,1,2,2,2,0,3,3,5,1,4,3,0,3,3,3,2,2,0,0,3,1,4,1,4,0,2,4,0,0,2,4,0,3,3,2,2,4,4,3,2,2,4,4,5,2,4,2,0,4,4,4,3,4,4,0,3,5,0,0,2,4,0,4,1,2,2,5,1,2,4,4,4,5,2,3,4,1,4,1,3,1,1,0,5,4,1,4,0,2,3,2,3,4,2,4,2,1,5,3,1,5,5,1,3,2,2,3,0,5,4,1,4,5,1,4,4,0,2,4,2,5,1,4,4,1,0,2,5,2,0,2,1,2,1,1,0,3,1,1,3,5,2,5,3,2,2,2,0,4,3,0,1,2,0,0,0,2,0,3,4,2,5,4,5,4,0,4,2,0,3,4,0,5,1,4,3,4,0,2,0,4,0,4,2,4,5,4,1,0,4,0,1,4,4,0,0,0,4,4,4,5,2,4,1,3,5,4,2"
8,1.3821190240370278,"4,5,2,4,4,1,2,4,5,1,2,5,1,0,2,5,1,0,4,0,5,4,2,4,0,4,2,3,4,2,4,1,3,0,5,1,5,0,2,3,3,0,4,4,3,5,5,0,5,1,0,4,0,2,0,4,4,4,4,0,4,3,2,0,2,4,0,3,1,5,1,2,2,0,0,3,3,5,1,3,3,5,3,3,3,2,2,0,0,3,5,4,1,4,0,2,4,0,0,2,4,0,3,3,4,2,4,4,3,2,2,4,4,0,2,4,2,0,4,4,4,3,4,4,0,2,5,0,0,5,4,0,4,1,2,2,5,1,2,4,4,4,5,2,3,4,4,4,2,2,1,1,0,5,4,1,4,0,2,3,2,3,4,5,4,4,1,5,3,1,5,5,1,3,2,2,3,0,5,4,4,4,5,2,4,4,0,2,4,2,5,0,4,4,1,1,2,5,2,0,2,1,2,0,1,0,3,1,1,5,0,5,5,3,2,1,3,0,4,3,4,1,2,0,0,2,3,3,1,4,1,5,4,5,4,4,4,2,0,3,4,0,5,1,4,3,4,0,2,0,4,0,4,2,4,5,4,1,0,4,0,1,4,4,0,0,0,4,4,4,5,2,4,1,3,5,4,2"
9,1.3824640701220827,"4,5,2,4,4,1,2,4,5,1,2,5,1,0,2,5,1,0,4,0,5,4,2,4,0,4,2,3,4,2,4,1,3,0,5,1,5,0,2,3,3,0,4,4,3,5,5,0,5,1,0,4,0,2,0,4,4,4,4,0,4,3,2,0,2,4,0,3,3,5,1,2,2,0,0,3,3,5,1,3,3,5,3,3,3,2,2,0,0,3,5,4,1,4,0,2,4,0,0,2,4,0,3,3,4,2,4,4,3,2,2,4,4,5,2,4,2,0,4,4,4,3,4,4,0,2,5,0,0,5,4,0,4,1,2,2,5,1,2,4,4,4,5,2,3,4,4,4,1,2,1,1,0,5,4,1,4,0,2,3,2,3,4,5,4,4,1,5,3,1,5,5,1,3,0,4,3,0,5,4,4,4,5,2,4,4,0,2,4,2,5,1,4,4,1,2,2,5,2,0,3,1,4,0,1,0,3,1,1,5,0,5,5,3,2,1,3,4,4,3,4,3,2,0,0,2,3,3,1,3,2,5,4,5,4,0,4,2,0,3,4,0,5,1,4,3,4,0,2,0,4,0,4,2,4,5,4,1,0,4,0,1,4,4,0,0,0,4,4,4,5,2,4,1,3,5,4,2"
10,1.3845071683835348,"4,5,2,4,4,1,2,4,5,1,2,5,1,0,2,5,1,0,4,0,5,4,2,4,0,4,2,3,4,2,4,1,3,0,5,1,5,0,2,3,3,0,4,4,3,5,5,0,5,1,0,4,4,2,0,4,4,4,4,0,4,3,2,0,2,4,0,3,3,5,1,2,2,0,0,3,3,5,1,3,3,5,3,3,3,2,2,0,0,3,2,4,1,4,0,2,4,0,0,2,4,0,3,3,4,2,4,4,3,2,2,4,4,5,2,4,2,0,4,4,4,3,4,4,0,2,5,0,0,4,4,0,4,1,2,1,5,1,2,4,4,4,5,0,3,4,4,4,1,2,1,1,0,5,4,1,4,0,2,3,2,3,4,5,4,4,1,4,3,1,5,5,1,3,0,4,3,0,3,4,4,4,5,2,4,4,0,2,4,2,5,1,4,4,1,2,2,5,2,0,2,1,4,0,1,0,3,1,1,5,0,4,5,3,2,1,3,4,4,3,4,3,2,0,0,2,3,3,1,3,2,5,4,5,4,0,4,2,0,3,4,0,5,1,4,3,4,0,2,0,4,0,4,2,4,5,4,1,0,4,0,5,4,4,0,0,0,4,4,4,5,2,4,1,3,5,4,2"
11,1.385551755691229,"4,5,2,4,4,1,2,4,5,1,3,5,1,0,2,5,1,0,4,0,5,4,2,4,0,4,2,3,4,2,4,1,3,0,5,1,5,0,2,3,3,0,4,4,3,5,5,0,5,1,0,4,4,2,0,4,4,4,4,0,4,3,2,0,2,4,0,3,3,5,1,2,2,0,0,3,3,5,1,3,3,5,3,3,3,2,2,0,0,3,2,4,1,4,0,2,4,0,0,2,4,0,3,3,4,2,4,4,3,2,2,4,4,5,2,4,2,0,4,4,4,3,4,4,0,2,5,5,0,4,4,0,4,1,2,1,5,1,2,4,4,4,5,0,3,4,4,4,1,2,1,1,0,5,4,1,4,0,2,3,2,3,4,5,4,4,1,4,3,1,5,5,1,3,0,4,3,0,3,4,4,4,5,2,4,4,0,2,4,2,5,1,4,4,1,2,2,5,2,0,2,1,4,0,1,0,3,1,1,5,0,4,5,3,2,1,3,4,4,3,4,3,2,0,0,2,3,3,1,3,2,5,4,5,4,0,4,2,0,3,4,0,5,1,4,3,4,0,2,0,4,0,4,2,4,5,4,1,2,4,0,1,4,4,0,0,0,4,4,4,0,2,4,1,3,5,4,2"
12,1.387215426426927,"4,2,2,4,4,1,2,4,5,1,3,5,1,0,2,5,1,0,4,0,5,4,2,4,0,4,2,3,4,2,4,1,3,0,5,1,5,0,2,3,3,0,4,4,3,5,5,0,5,3,0,4,4,2,0,4,4,4,4,0,4,3,2,0,2,4,0,3,3,5,1,2,2,0,0,3,3,5,1,3,3,5,3,3,3,2,2,0,0,3,2,4,1,4,0,2,4,0,0,2,4,0,3,3,4,2,4,4,3,2,2,4,4,5,2,4,2,0,4,4,4,3,4,4,0,2,5,5,0,4,4,0,4,1,2,1,5,1,2,4,4,4,5,0,4,4,4,4,1,2,1,1,0,5,4,1,4,0,2,3,2,3,4,5,4,4,1,4,3,1,5,5,1,3,0,4,3,0,3,4,4,4,5,2,4,4,0,2,4,2,5,1,4,4,1,2,2,5,2,0,2,1,4,0,1,0,3,1,1,5,0,4,5,3,2,1,3,4,4,3,4,3,2,0,0,2,3,3,1,3,2,5,4,5,4,0,4,2,0,3,4,0,5,1,4,3,4,5,2,0,4,0,4,2,4,4,4,1,2,4,0,1,4,4,0,0,0,4,4,4,0,2,4,0,3,5,4,2"
13,1.387580072072333,"4,2,2,4,4,1,2,4,5,1,3,5,1,0,2,5,1,0,4,0,5,4,2,4,0,4,2,3,4,2,4,1,3,0,5,1,5,0,2,3,3,0,4,4,3,2,5,0,5,1,4,4,4,2,0,4,4,4,4,0,4,3,2,0,2,4,0,3,4,5,1,2,2,0,0,3,3,5,1,3,3,5,3,3,3,2,2,0,0,3,2,4,1,4,0,2,4,0,0,2,4,0,3,3,4,2,4,4,3,3,2,4,4,5,2,1,2,0,4,4,4,3,4,4,0,2,5,5,0,4,4,0,4,1,2,1,5,1,2,4,4,4,5,0,4,4,4,4,1,4,5,1,0,5,4,1,4,0,2,3,2,3,4,3,4,4,1,4,3,1,5,5,1,3,0,4,3,0,3,4,4,4,5,2,4,4,0,2,4,2,5,1,4,4,1,2,2,5,2,0,2,1,4,0,1,0,3,1,1,5,0,4,5,3,2,1,3,4,4,3,4,3,2,0,0,2,3,3,1,3,2,5,4,5,4,0,4,2,0,3,4,2,5,1,4,3,4,5,2,0,4,0,4,2,4,4,4,1,2,4,0,1,4,4,0,0,0,4,4,4,2,2,4,3,3,5,4,2"
14,1.3879430301752702,"4,2,2,4,4,1,2,4,5,1,3,5,1,0,2,5,1,0,4,0,5,4,2,4,0,4,2,3,4,2,4,1,3,0,5,1,5,0,2,3,3,0,4,4,3,2,5,0,5,1,4,4,4,2,0,4,4,4,4,0,4,3,2,0,2,4,0,3,4,5,1,2,2,0,0,3,3,5,1,3,3,5,3,3,3,2,2,0,0,3,2,4,1,4,0,5,4,0,0,2,4,0,3,3,4,2,4,4,3,3,2,4,4,5,2,1,2,0,4,4,4,3,4,4,0,2,5,5,0,4,4,0,4,1,2,1,5,1,2,4,4,4,5,0,4,4,4,4,1,4,5,1,0,5,4,1,4,0,2,3,2,3,4,3,4,4,1,4,3,1,5,5,1,3,0,4,3,0,3,4,4,4,5,2,4,4,0,2,4,2,5,1,4,4,1,2,2,5,2,0,2,1,4,0,1,0,3,1,1,5,0,4,5,3,2,1,3,4,4,3,4,3,2,0,0,2,3,3,1,3,2,5,4,5,4,0,4,2,0,3,4,2,5,1,4,3,4,5,2,0,4,0,4,2,4,4,4,1,2,4,0,1,4,4,0,0,0,4,4,4,2,2,4,3,3,5,4,2"
15,1.3893779322134856,"4,2,2,4,4,1,2,4,5,1,2,5,1,0,2,5,1,0,4,0,1,4,2,4,0,4,2,3,4,2,4,1,3,1,5,1,5,0,2,3,3,0,4,4,3,5,5,0,1,3,0,4,4,2,0,4,4,4,4,0,4,3,2,0,2,4,0,3,3,5,1,2,2,0,0,3,3,5,5,3,3,5,3,3,3,2,2,0,0,3,2,4,1,4,0,2,4,0,0,2,4,0,3,3,4,2,0,4,3,2,2,4,4,5,2,4,2,0,4,4,4,3,4,4,0,2,5,5,0,4,4,0,4,1,2,1,5,1,2,4,4,4,5,0,4,4,4,4,1,4,1,1,1,5,4,1,4,0,2,3,5,3,4,5,4,2,1,4,3,1,5,5,1,3,0,4,3,0,3,4,4,4,5,2,4,4,0,2,4,2,5,1,4,4,1,2,2,5,2,0,2,1,4,0,1,0,3,1,1,0,0,4,5,3,2,1,3,4,4,3,4,3,2,0,0,2,3,3,0,3,2,3,4,5,4,0,4,2,2,3,4,0,5,1,4,3,4,5,2,0,4,0,4,2,4,4,4,1,2,4,0,1,4,4,0,0,0,4,4,4,2,2,4,0,3,5,4,2"
16,1.3898989316228336,"4,2,2,4,4,1,2,4,5,1,2,5,1,0,2,5,1,0,4,0,1,4,2,4,0,4,2,3,4,2,4,1,3,1,5,1,5,0,2,3,3,0,4,4,3,5,5,0,1,3,0,4,4,2,0,4,4,4,4,0,4,3,2,0,2,4,0,3,3,5,1,2,2,0,0,0,5,5,1,3,3,3,3,3,3,2,2,0,0,3,2,4,4,4,0,2,4,0,0,2,4,0,3,3,4,2,4,4,3,2,2,4,4,5,2,4,2,0,4,4,4,3,4,4,0,2,5,5,0,4,4,0,4,1,2,1,5,1,2,4,4,4,5,0,4,4,4,4,1,4,1,1,0,5,4,1,4,0,2,3,5,3,4,3,4,3,1,4,3,1,5,5,1,3,0,4,5,0,3,4,4,4,5,2,4,4,0,2,4,2,5,1,4,4,1,2,2,5,2,0,2,1,4,0,1,0,3,1,1,0,0,4,5,3,2,1,3,4,4,3,4,3,2,0,0,2,3,3,0,3,2,3,4,5,4,4,4,2,0,3,4,0,5,1,4,3,4,5,2,0,4,1,4,4,4,4,4,1,2,4,0,1,4,4,0,0,0,4,4,4,2,2,4,0,3,5,4,2"
17,1.3904141342533034,"4,2,2,4,4,1,2,4,5,1,2,5,1,0,2,5,1,0,4,0,1,4,2,4,0,4,2,3,4,2,4,1,3,1,5,1,5,0,2,3,3,0,4,4,3,5,5,0,1,3,0,4,4,2,0,4,4,4,4,0,4,3,2,0,2,4,0,3,0,5,1,2,2,0,0,0,5,5,1,3,3,3,3,3,3,2,2,0,0,3,2,4,4,4,0,2,4,0,0,2,4,0,3,3,4,2,4,4,3,2,2,4,4,5,2,4,2,0,4,4,4,3,4,4,0,2,5,5,0,4,4,0,4,1,2,1,5,1,2,4,4,4,0,0,4,4,4,4,1,4,1,1,0,5,4,1,4,0,2,3,5,3,4,3,4,3,1,4,3,1,5,5,1,3,0,4,5,0,3,4,4,4,5,2,4,4,0,2,4,2,5,1,4,4,1,2,2,5,2,0,2,1,4,0,1,0,3,1,1,0,0,4,5,3,2,1,3,4,4,3,4,3,2,0,0,2,3,3,0,3,2,3,4,5,4,4,4,2,0,3,4,0,5,1,4,3,4,5,2,0,4,1,4,4,4,4,4,1,2,4,0,1,4,4,0,0,0,4,4,4,2,2,4,0,3,5,4,2"
18,1.3900059519305774,"4,2,2,4,4,1,4,4,5,1,2,5,1,0,2,5,1,0,4,0,1,4,2,4,0,4,2,3,4,2,4,1,3,1,5,1,5,0,2,3,3,0,4,4,3,5,5,0,1,3,0,4,4,2,0,4,4,4,4,0,4,3,2,0,2,4,0,0,0,5,1,2,2,0,0,0,5,5,1,3,3,3,3,3,3,2,2,0,0,3,2,4,4,4,0,2,4,0,0,2,4,0,3,3,4,2,4,4,3,2,2,4,4,5,2,4,2,0,4,4,4,3,4,1,0,2,5,5,0,4,0,0,4,1,2,3,5,1,2,4,4,4,0,0,4,4,4,4,1,4,1,1,0,5,4,1,4,0,2,3,5,3,4,3,4,3,1,4,3,1,5,5,1,3,0,4,5,0,3,4,4,4,5,2,4,4,0,2,4,2,5,1,4,4,1,2,2,5,2,0,1,1,4,0,1,0,3,1,1,0,0,4,5,3,2,1,3,4,4,3,4,3,2,0,0,2,3,3,0,3,2,3,4,5,4,4,4,3,0,3,4,0,5,1,4,3,4,5,2,0,4,1,4,4,4,4,4,1,2,4,0,1,4,4,0,0,0,4,4,4,2,2,4,0,3,5,4,2"
19,1.3928362341191034,"4,2,2,4,4,1,4,4,5,1,2,5,4,0,2,5,1,0,4,0,1,4,2,4,0,4,2,3,4,2,4,1,3,1,5,1,5,0,2,3,3,0,4,4,3,5,5,0,1,3,0,4,4,2,0,4,4,4,4,0,4,3,2,0,2,4,0,3,3,5,1,2,2,0,0,3,3,5,5,3,3,5,4,3,3,2,2,0,0,3,2,4,4,4,0,2,4,0,0,2,4,4,3,3,4,2,4,4,3,2,2,4,4,5,2,4,2,0,4,4,4,3,4,4,0,2,5,5,0,4,4,0,4,1,2,1,5,1,2,4,4,4,0,0,4,4,4,4,1,0,1,1,5,5,4,1,4,0,2,4,5,3,4,5,4,2,1,4,3,1,5,5,5,3,0,4,3,0,3,4,4,4,5,2,4,4,0,2,4,2,5,1,4,4,1,2,2,5,2,0,2,1,4,0,0,0,3,1,1,0,0,4,5,3,2,1,3,4,4,3,4,3,2,0,0,2,3,3,0,3,2,3,4,5,4,4,4,2,0,3,4,2,5,1,4,3,4,5,2,0,4,1,4,4,4,4,4,0,2,4,0,1,4,4,0,0,0,4,4,4,2,2,4,0,3,5,4,2"
20,1.3940373351995605,"4,2,2,4,4,1,4,4,5,1,2,5,4,0,2,5,1,0,4,0,1,4,2,4,0,4,2,3,4,2,4,1,3,1,5,1,5,0,2,3,3,0,4,4,3,5,5,0,1,3,0,4,4,2,0,4,4,4,4,0,4,3,2,0,2,4,0,3,3,5,1,2,2,0,0,3,3,5,5,3,3,5,4,3,3,2,2,0,0,3,2,4,4,4,0,2,4,0,0,2,4,4,3,3,4,2,4,4,3,2,2,4,4,5,2,4,2,0,4,4,4,3,4,4,0,2,5,5,0,4,4,0,4,1,2,1,5,1,2,4,4,4,0,0,4,4,4,4,1,0,1,1,5,5,4,1,4,0,2,4,5,3,4,0,4,2,1,4,3,1,5,5,5,3,0,4,3,0,3,4,4,4,5,2,4,4,0,2,4,2,5,1,4,4,1,2,2,5,2,0,2,4,4,0,0,0,3,1,1,0,0,4,5,3,2,1,3,4,4,3,4,3,2,0,0,2,3,3,0,3,2,3,4,5,4,4,4,2,0,3,4,0,3,1,4,3,4,5,2,0,4,4,4,4,4,4,4,1,2,4,0,1,4,4,0,0,2,4,4,4,2,2,4,0,3,5,4,2"
21,1.3945393274399667,"0,2,2,4,4,1,4,4,5,1,2,5,4,0,2,5,1,0,4,0,1,4,2,4,0,4,2,3,4,2,4,1,3,1,5,1,5,0,2,3,3,0,4,4,3,5,5,5,1,3,0,4,4,2,0,4,4,4,4,0,4,3,2,0,2,4,0,3,3,5,1,2,2,0,0,3,3,5,5,3,3,5,4,3,3,2,2,0,0,3,2,4,4,4,0,2,4,0,0,2,4,4,3,3,4,2,4,4,3,2,2,4,4,5,2,4,2,0,4,4,4,3,4,4,0,2,5,5,0,4,4,0,4,1,2,1,5,1,2,4,4,4,0,0,4,4,4,4,1,0,1,1,5,5,4,1,4,0,2,4,5,3,4,0,4,2,1,4,3,1,5,5,5,3,0,4,3,0,3,4,4,4,5,2,4,4,0,2,4,2,5,1,4,4,1,2,2,0,2,0,2,4,4,0,0,0,3,1,1,0,0,4,5,3,2,1,3,4,4,3,4,3,2,0,0,2,3,3,0,3,2,3,4,5,4,4,4,2,0,3,4,0,2,1,4,3,4,5,2,0,4,4,4,4,4,4,4,1,2,4,0,1,4,4,0,0,0,4,4,4,2,2,4,0,5,5,4,2"
22,1.393156755180792,"0,2,2,4,4,1,4,4,5,1,2,5,4,0,2,5,1,0,4,0,1,4,2,4,0,4,2,3,4,2,4,1,3,1,5,1,5,0,2,3,3,0,4,4,3,5,5,5,1,3,0,4,4,2,0,4,4,4,4,0,4,3,2,0,2,4,0,3,3,5,1,2,2,0,0,3,4,5,5,3,3,5,4,3,3,2,2,0,0,3,2,4,4,4,5,2,4,0,0,2,4,4,4,3,4,2,3,4,3,2,2,4,4,5,2,4,2,0,4,4,4,3,4,4,0,2,5,5,0,4,4,0,4,1,2,1,5,1,0,4,4,4,0,0,4,4,4,4,1,0,1,1,3,5,4,1,4,0,2,3,5,3,0,0,4,2,1,4,3,1,5,5,5,3,0,4,3,0,3,4,4,5,5,2,4,4,0,2,4,2,5,1,4,4,1,2,2,5,2,0,2,4,4,0,0,0,3,1,1,0,0,4,5,3,2,1,3,4,4,3,4,3,2,0,0,2,3,3,0,3,2,3,4,5,2,4,4,2,0,3,4,0,3,1,4,3,4,5,2,0,4,4,3,4,4,4,4,1,2,4,0,1,4,4,0,0,0,4,4,4,2,2,4,0,5,5,4,2"
23,1.3949127609127314,"0,2,2,4,4,1,4,4,5,1,2,5,4,0,2,5,1,0,4,0,1,4,2,4,0,4,2,3,4,2,4,1,3,1,5,1,5,0,2,3,3,0,4,4,3,5,5,5,1,3,0,4,4,2,0,4,4,4,4,0,4,3,2,0,2,4,0,3,3,5,1,2,1,0,0,3,4,5,5,3,3,5,4,3,3,2,2,0,0,3,2,4,4,4,5,2,4,0,0,2,4,4,4,3,4,2,3,4,3,2,2,4,4,5,2,2,2,0,4,4,4,3,4,4,0,2,5,5,0,4,4,0,4,1,2,1,5,1,2,4,4,4,0,0,4,4,4,4,1,0,1,1,5,5,4,1,4,0,2,4,5,3,4,5,4,2,1,4,3,1,5,5,5,3,0,4,3,0,3,4,4,4,5,2,4,4,0,2,4,2,3,1,4,4,1,2,2,0,2,0,2,4,4,0,0,0,3,1,1,0,0,4,5,3,2,1,3,4,4,3,4,3,2,0,0,2,3,3,0,3,2,3,4,5,4,4,4,2,0,3,4,0,3,1,4,3,4,5,2,0,4,4,3,4,4,4,4,1,2,4,0,1,4,4,0,0,0,4,4,4,2,2,4,0,5,5,4,2"
24,1.3957408761522228,"0,2,2,4,4,1,4,4,5,1,2,5,4,0,2,5,1,0,4,0,1,4,2,4,0,4,2,3,4,2,2,1,3,1,5,1,5,0,2,3,3,0,4,4,3,5,5,5,1,3,0,4,4,2,0,4,4,4,4,0,4,3,2,0,2,4,0,4,3,5,1,2,1,0,0,3,4,5,5,3,3,5,4,3,3,2,2,0,0,3,2,4,4,4,5,2,4,0,0,2,4,4,4,3,4,2,3,4,3,2,2,4,4,5,2,2,2,0,4,4,4,3,4,4,0,2,5,5,0,4,4,0,4,1,2,1,5,1,2,4,4,4,0,0,4,4,4,4,1,0,1,1,5,5,4,1,4,0,2,4,5,3,4,5,4,2,1,4,3,1,5,5,5,3,0,4,3,0,3,4,4,4,5,2,4,4,0,2,4,2,3,1,4,4,1,2,2,0,2,0,2,3,4,0,0,0,3,1,1,0,4,4,5,3,2,1,3,4,4,3,4,3,2,0,0,2,3,3,0,3,2,3,4,5,4,4,4,2,0,3,4,0,0,1,4,3,4,5,2,0,4,4,4,4,4,4,4,1,2,4,0,1,4,4,0,0,0,4,4,4,2,2,4,0,5,5,4,2"
25,1.3952989990984774,"0,2,2,4,4,1,4,4,5,1,2,5,4,0,2,5,1,0,4,0,1,4,2,4,0,4,2,3,4,2,2,1,3,1,5,1,5,0,2,3,3,0,4,4,3,5,5,5,1,3,0,4,4,2,0,4,4,4,4,0,4,3,2,0,2,4,0,4,3,5,1,2,1,0,0,3,4,5,5,3,3,5,4,3,3,2,2,0,0,3,2,4,4,4,5,2,4,0,0,2,4,4,4,3,4,2,3,4,3,2,2,4,4,5,2,2,2,0,4,4,4,3,4,4,0,2,5,5,0,4,4,0,4,1,2,1,5,1,2,4,4,4,0,0,4,4,4,4,1,0,1,1,5,5,4,1,4,0,2,4,5,3,4,5,4,2,1,4,3,1,5,5,5,3,0,4,3,0,3,4,4,4,5,2,4,4,0,2,4,2,3,1,4,4,1,2,2,0,2,0,2,4,4,0,0,0,3,1,1,0,4,4,5,3,2,1,3,4,4,3,4,3,2,0,0,2,3,3,0,3,2,3,4,5,4,1,4,3,0,3,4,0,3,1,4,3,4,5,2,0,4,4,4,4,4,4,4,1,2,4,0,1,4,4,0,0,0,4,4,4,2,2,4,0,5,5,4,2"
26,1.397362650391924,"0,2,2,4,4,1,4,4,5,1,2,5,4,0,2,5,1,0,4,0,1,4,2,4,0,4,2,3,4,2,2,1,3,1,5,1,5,0,2,3,3,0,4,4,3,5,5,5,1,4,0,4,4,2,0,4,4,4,4,0,4,3,2,0,2,4,2,4,3,5,1,2,3,0,0,3,4,5,5,3,3,5,4,3,3,2,0,0,0,3,2,4,4,4,5,2,4,0,0,2,4,4,4,3,4,2,3,4,3,2,2,4,4,0,2,2,2,0,4,4,4,3,4,4,0,2,5,5,0,4,4,0,4,1,2,1,5,1,2,4,4,4,0,0,4,4,4,4,1,0,1,1,5,5,4,1,4,0,2,4,5,5,4,5,4,2,1,4,3,1,5,5,5,3,0,4,3,0,3,4,4,4,5,2,4,4,0,2,4,2,3,1,4,4,1,2,2,0,2,0,2,4,4,0,0,0,3,1,1,0,0,4,3,3,2,1,3,4,4,3,4,4,2,0,0,2,3,3,0,3,4,3,4,2,2,4,4,2,0,3,4,0,3,1,4,3,4,5,2,3,4,4,4,4,4,4,4,1,2,4,0,1,4,4,0,0,0,4,4,4,2,2,4,0,5,5,4,2"
27,1.3974151484005057,"0,2,2,4,4,1,4,4,5,1,2,5,4,0,2,5,1,0,4,0,1,4,2,4,0,4,2,3,4,2,2,1,3,1,5,1,5,0,2,3,3,0,4,4,3,5,5,5,1,4,0,4,4,2,0,4,4,4,4,0,4,3,2,0,2,4,2,4,3,5,1,2,3,0,0,3,4,5,5,3,3,5,4,3,3,2,0,0,0,3,2,4,4,4,5,2,4,0,0,2,4,4,4,3,4,2,3,4,3,2,2,4,4,0,2,2,2,0,4,4,4,3,4,4,0,2,5,5,0,4,4,0,4,1,2,1,5,1,2,4,4,4,0,0,4,4,4,4,1,0,1,1,5,5,4,1,4,0,2,4,5,5,4,5,4,3,1,4,3,1,5,5,5,3,0,4,3,0,3,4,4,4,5,2,4,4,0,2,4,2,3,1,4,4,1,2,2,0,2,0,2,4,4,0,0,0,3,1,1,0,0,4,3,3,2,1,3,4,4,3,4,4,2,0,0,2,3,3,0,3,4,3,4,2,2,4,4,2,0,3,4,0,3,1,4,3,4,5,2,3,4,4,4,4,4,4,4,1,2,4,0,1,4,4,0,0,0,4,4,4,2,2,4,0,5,5,4,2"
28,1.3976206409848235,"0,2,2,4,4,1,4,4,5,1,2,5,4,0,2,5,1,0,4,0,1,4,2,4,0,4,2,3,4,2,2,1,5,1,5,1,5,0,2,3,3,0,4,4,3,5,5,5,1,4,0,4,4,2,0,4,4,4,4,0,4,3,2,0,2,4,2,4,3,5,1,2,3,0,0,3,4,5,5,3,3,5,4,3,3,2,2,4,0,3,2,4,4,4,5,2,4,0,0,2,4,4,4,3,4,2,3,4,3,2,2,4,4,0,2,2,2,0,4,4,4,3,4,4,0,2,5,5,0,4,4,0,4,1,2,1,5,1,2,4,4,4,0,0,4,4,4,4,1,0,1,1,5,5,4,1,4,0,2,4,5,5,4,5,4,2,1,4,3,1,5,5,5,3,0,4,3,0,3,4,4,4,5,2,4,4,0,2,4,2,3,1,4,4,1,2,2,0,2,0,2,4,4,0,0,0,3,1,1,0,0,4,3,3,2,1,3,4,4,3,4,4,2,0,0,2,3,3,0,3,4,3,4,2,2,4,4,1,0,3,4,3,3,1,4,3,4,5,2,3,4,4,4,4,4,4,4,1,2,4,0,1,4,4,0,0,0,4,4,4,2,2,4,0,5,5,4,2"
29,1.3985047483488764,"0,2,2,4,4,1,4,4,5,1,2,5,4,0,2,5,1,0,4,0,1,4,2,4,0,4,2,3,4,2,2,1,5,1,5,1,5,0,2,3,3,0,4,4,3,5,5,5,1,4,0,4,4,2,0,4,4,4,4,0,4,3,2,0,2,4,2,4,3,5,1,2,3,0,0,3,4,5,5,3,3,5,4,3,3,2,2,4,0,3,2,4,4,4,5,2,4,0,0,2,4,4,4,3,4,2,3,4,3,2,2,4,4,0,2,2,2,0,4,4,4,3,4,4,0,2,5,5,0,4,4,0,4,1,2,1,5,1,2,4,4,4,0,0,4,4,4,4,1,0,1,1,5,5,4,1,4,0,2,4,5,5,4,2,4,3,1,4,3,1,5,5,5,3,0,4,3,0,3,4,4,4,3,2,4,4,0,2,4,2,3,1,4,4,1,2,2,0,2,0,2,4,4,0,0,0,3,1,1,0,0,4,3,3,2,1,3,4,4,3,4,4,2,0,0,0,3,3,0,3,4,3,4,2,2,4,4,2,0,3,4,0,3,1,4,3,4,5,2,3,4,4,4,4,4,4,4,1,2,4,0,1,4,4,0,3,0,4,4,4,2,2,4,0,5,5,4,2"
30,1.3991978952378825,"0,2,2,4,4,1,4,4,5,1,5,5,4,0,2,5,1,0,4,0,1,4,2,4,0,4,2,3,4,2,2,1,5,1,5,1,5,0,2,3,3,0,4,4,3,5,5,5,1,4,0,4,4,2,0,4,4,4,2,0,4,3,2,0,2,4,2,4,3,5,1,2,3,0,0,3,4,1,5,3,3,5,4,3,3,2,2,4,0,3,2,4,4,4,5,2,4,0,0,2,4,4,4,3,4,3,3,3,3,2,2,4,4,0,2,2,2,0,4,4,4,3,4,4,0,2,5,5,0,4,4,0,4,1,2,1,5,1,2,4,4,4,0,0,4,4,4,4,1,0,1,1,5,5,4,1,4,0,2,4,5,5,4,2,4,3,1,4,3,1,5,5,5,3,0,4,3,0,3,4,4,4,3,2,4,4,0,2,4,2,3,1,4,4,1,2,2,0,2,0,2,4,4,0,0,0,3,1,1,0,0,4,3,3,2,1,4,4,4,3,4,4,2,0,0,0,3,3,0,3,4,3,4,2,2,4,4,2,0,3,4,0,3,1,4,3,4,5,2,3,4,4,4,4,4,4,4,1,2,4,0,1,4,4,0,3,0,4,4,4,2,2,4,0,5,5,2,2"
31,1.3997852106114064,"0,2,2,4,4,1,4,4,5,1,5,5,4,0,2,5,1,0,4,0,1,4,2,4,0,4,2,3,4,2,2,1,5,1,5,1,5,0,2,3,3,0,4,4,3,5,5,5,1,4,0,4,4,2,0,4,4,4,2,0,4,3,2,0,2,4,2,4,3,5,1,2,3,0,0,3,4,5,5,3,3,5,4,3,3,2,2,4,0,3,2,4,4,4,5,2,4,0,0,2,4,4,4,3,3,2,3,4,3,2,2,4,4,0,2,2,2,0,4,4,4,3,4,4,0,2,5,5,0,4,4,0,4,1,2,1,5,1,2,4,4,4,0,0,4,4,4,4,1,0,1,1,5,5,4,0,4,0,2,4,5,5,4,2,4,3,1,4,3,1,5,5,5,3,0,4,3,0,3,4,4,4,3,2,4,4,0,2,4,2,3,1,4,4,1,2,2,0,2,0,2,4,4,0,0,0,3,1,1,0,0,4,3,3,2,1,3,4,4,3,4,4,2,0,0,0,3,3,0,3,4,3,4,2,2,4,4,2,0,3,4,0,3,1,4,3,4,5,2,3,4,4,4,4,4,4,4,1,2,4,0,1,4,4,0,3,0,4,4,4,2,2,4,0,5,5,4,2"
32,1.4004247434479413,"0,2,2,4,4,1,4,4,5,1,5,5,4,0,2,5,1,0,4,0,1,4,2,4,0,4,2,3,4,2,2,1,5,1,5,1,5,3,2,3,3,0,4,4,3,5,5,5,1,4,0,4,4,2,0,4,4,4,2,0,4,3,2,0,2,4,2,4,3,5,1,2,3,0,0,3,4,5,5,3,3,5,4,3,3,2,2,4,0,3,2,4,4,4,5,5,4,0,0,2,4,4,4,3,3,2,3,4,3,2,2,4,4,0,2,2,2,0,4,4,4,3,4,4,0,2,5,5,0,4,4,0,4,1,2,1,5,1,2,4,4,4,0,0,4,4,4,4,1,0,1,1,5,5,4,0,4,0,2,4,5,5,4,2,4,3,1,4,3,1,5,5,5,3,0,4,3,0,3,4,4,4,3,2,4,4,0,2,4,2,3,1,4,4,1,2,2,0,2,0,2,4,4,0,0,0,3,1,1,0,0,4,3,3,2,1,3,4,4,3,4,4,2,0,0,0,3,3,0,3,4,3,4,2,2,4,4,2,0,3,4,0,3,1,4,3,4,5,2,3,4,4,4,4,4,4,4,1,2,4,0,1,4,4,0,3,0,4,4,4,2,2,4,0,5,5,4,2"
33,1.4006594434782764,"0,2,2,4,4,1,4,4,5,1,5,5,4,0,2,5,1,0,4,0,1,4,2,4,0,4,2,3,4,2,2,5,5,1,5,1,5,3,2,3,3,0,4,4,3,5,5,5,1,4,0,4,4,2,0,4,4,4,2,0,4,3,2,0,2,4,2,4,3,5,1,2,3,0,0,3,4,5,5,3,3,5,4,3,3,2,2,4,0,3,2,4,4,4,5,5,4,0,0,2,4,4,4,3,3,2,3,4,3,2,2,4,4,0,2,2,2,0,4,4,4,3,4,4,0,2,5,5,0,4,4,0,4,1,2,1,5,1,2,4,4,4,0,0,4,4,4,4,1,0,1,1,5,5,4,0,4,0,2,4,5,5,4,2,4,3,1,4,3,1,5,5,5,3,0,4,3,0,3,4,4,4,3,2,4,4,0,2,4,2,3,1,4,4,1,2,2,0,2,0,2,4,4,0,0,0,3,1,1,0,0,4,3,3,2,1,3,4,4,3,4,4,2,0,0,0,3,3,0,3,4,3,4,2,2,4,4,2,0,3,4,0,3,1,4,3,4,5,2,3,4,4,4,4,4,4,4,1,2,4,0,1,4,4,0,3,0,4,4,4,2,2,4,0,5,5,4,2"
34,1.401971958552871,"0,2,2,4,4,1,4,4,5,1,5,5,4,0,2,5,1,0,4,0,1,4,2,4,0,4,2,3,4,2,2,5,5,1,5,1,5,3,2,3,3,0,4,4,3,5,5,5,1,4,4,4,4,2,0,4,4,4,2,0,4,3,2,0,2,4,2,4,3,5,1,2,3,0,0,3,4,5,5,3,3,5,4,3,3,2,2,4,0,3,2,4,4,4,5,5,4,0,0,2,4,4,4,3,3,2,3,4,3,2,2,4,4,0,2,2,2,0,4,4,4,3,4,4,0,2,5,5,1,4,4,0,4,1,2,1,5,1,2,4,4,4,0,0,4,4,4,4,1,0,1,1,5,5,4,0,4,0,2,4,5,5,4,2,4,3,1,4,3,1,5,5,5,3,0,4,3,0,3,4,4,4,3,2,4,4,0,2,4,2,3,1,4,4,1,2,2,2,2,0,2,4,4,0,0,0,3,1,1,0,0,4,3,3,2,1,3,4,4,3,4,4,2,0,0,0,3,3,0,3,4,3,4,2,2,4,4,2,0,3,4,0,3,1,4,3,4,4,2,3,4,4,4,4,4,4,4,0,2,3,0,1,4,4,0,3,0,4,4,4,2,2,4,0,5,5,4,3"
35,1.4019083667481014,"0,2,2,4,4,1,4,4,5,1,5,5,4,0,2,5,1,0,4,0,1,4,2,4,0,4,2,3,4,2,2,5,5,1,5,1,5,3,2,3,3,0,4,4,3,5,5,5,1,4,4,4,4,2,0,4,4,4,2,0,4,3,2,0,2,4,2,4,3,5,1,2,3,0,0,3,4,5,5,3,3,5,4,3,3,2,2,4,0,3,2,4,4,4,5,5,4,0,0,2,4,4,4,3,3,2,3,4,3,2,2,4,4,0,2,2,2,0,4,4,4,3,4,4,0,2,5,5,1,4,4,0,4,1,2,1,5,1,2,4,4,4,0,0,4,4,4,4,1,0,1,1,5,5,4,0,4,0,2,4,5,5,4,2,4,3,1,4,3,1,5,5,5,3,0,4,3,0,3,4,4,4,3,2,4,4,0,2,4,2,3,1,4,4,1,2,2,2,2,0,2,4,4,0,0,0,3,1,1,0,0,4,3,3,2,1,3,4,4,3,4,4,2,0,0,0,3,3,0,3,4,3,4,2,2,4,4,2,0,3,4,0,3,1,4,3,4,4,2,3,4,4,4,4,4,4,4,0,2,3,0,1,4,4,0,3,0,4,4,4,2,2,4,0,5,5,4,2"
36,1.402143398368472,"0,2,2,4,4,1,2,4,5,1,5,5,4,0,2,5,1,0,4,0,1,4,2,4,0,4,2,3,4,2,2,5,5,1,5,1,5,3,2,3,3,0,4,4,3,5,5,5,1,4,4,4,4,2,0,4,4,4,2,0,4,3,2,0,2,4,2,4,3,5,1,2,3,0,0,3,4,5,5,3,3,5,4,3,3,2,2,4,0,3,2,4,4,4,5,5,4,0,0,2,4,4,4,3,3,2,3,4,3,2,2,4,4,0,2,2,2,0,4,4,4,3,4,4,0,2,1,5,1,4,4,0,4,1,2,1,5,1,2,4,4,4,0,0,4,4,4,4,1,2,1,1,5,5,4,0,4,0,2,4,5,5,4,2,4,3,1,4,3,1,5,5,5,3,0,4,3,0,3,4,4,4,3,2,4,4,0,2,4,2,3,1,4,4,1,2,2,2,2,0,2,4,4,0,0,0,3,1,1,0,0,4,3,3,2,1,3,4,4,3,4,4,2,0,0,0,3,3,0,3,4,3,4,2,2,4,4,2,0,3,4,0,3,1,4,3,4,4,2,3,4,4,4,4,4,4,4,0,2,3,0,1,4,4,0,3,0,4,4,4,2,2,4,0,5,5,4,3"
37,1.4027956747899186,"0,2,2,4,4,1,2,4,5,1,5,5,4,0,2,5,1,0,4,0,1,4,2,4,0,4,2,3,4,2,2,5,5,1,5,1,5,3,2,3,3,0,4,4,3,5,5,1,1,4,4,4,4,2,0,4,4,4,2,0,4,3,2,0,2,4,2,4,1,5,1,2,3,0,0,3,4,5,5,3,3,5,4,3,3,2,2,4,0,3,2,4,4,4,5,5,4,0,0,2,4,4,4,3,3,2,3,4,3,2,2,4,4,0,2,2,2,0,4,4,4,3,4,4,0,2,5,5,1,4,4,0,4,1,2,5,5,1,2,4,4,4,0,0,4,4,4,4,1,0,1,1,5,5,4,0,4,0,2,4,5,5,4,2,4,3,1,4,3,1,5,5,5,3,0,4,3,0,3,4,4,4,3,2,4,4,0,2,4,2,3,1,4,4,1,2,2,2,2,0,2,4,4,0,0,0,3,1,1,0,0,4,3,3,2,1,3,4,4,3,4,4,2,0,0,0,3,3,0,3,2,3,4,2,2,4,4,2,0,3,4,0,3,1,4,3,4,4,2,3,4,4,4,4,4,4,4,0,2,3,0,1,4,4,0,3,0,4,4,4,2,2,4,0,5,5,4,3"
38,1.4021915150483186,"0,2,2,4,4,1,2,4,5,1,5,5,4,0,2,5,1,0,4,0,1,4,2,4,0,4,2,3,4,2,2,5,5,1,5,1,5,3,2,3,3,0,4,4,3,5,5,1,1,4,4,4,4,2,0,4,4,4,2,0,4,3,2,0,2,4,2,4,1,5,1,2,3,0,0,3,4,5,5,3,3,5,4,3,3,2,2,4,0,3,2,4,4,4,5,5,4,0,0,2,4,4,4,3,3,2,3,4,3,2,2,4,4,0,2,5,2,0,4,4,4,3,4,4,0,2,5,5,1,4,4,0,4,1,2,5,5,1,2,4,4,4,0,0,4,4,4,4,1,0,1,1,5,5,4,0,4,0,2,4,5,5,4,2,4,3,1,4,3,1,5,5,5,3,0,4,3,0,3,4,4,4,3,2,4,4,0,2,4,2,3,1,4,4,1,2,5,2,2,0,2,4,4,0,0,0,3,1,1,0,0,4,3,3,4,1,3,4,4,3,4,4,2,0,0,0,3,3,0,3,2,3,4,2,2,4,4,2,0,3,4,0,3,1,4,3,4,4,2,3,4,4,4,4,4,4,4,0,2,3,0,1,4,4,0,3,0,4,4,4,2,2,4,0,5,5,4,3"
39,1.404134469431892,"0,2,2,4,4,1,2,4,5,1,5,5,4,0,2,5,1,0,4,0,1,4,2,4,0,4,2,3,4,2,2,5,5,1,5,1,5,3,2,3,3,0,4,4,3,5,5,1,1,4,4,4,4,2,0,4,4,4,2,0,4,3,2,0,2,4,2,4,1,5,1,2,3,0,0,3,4,5,5,3,3,5,4,3,3,2,2,4,0,3,2,4,4,4,5,5,4,0,4,2,4,4,4,3,3,2,3,4,3,2,2,4,4,0,2,2,2,0,4,4,4,3,4,4,0,2,5,5,1,4,4,0,4,1,2,5,5,1,2,4,4,4,0,0,4,4,4,4,1,0,1,1,5,5,4,0,4,0,2,4,5,5,4,2,4,3,1,4,3,1,5,5,5,5,0,4,3,0,3,4,4,4,3,2,4,4,0,2,4,2,3,1,4,4,1,2,2,2,2,0,2,4,0,0,0,0,2,1,1,0,0,4,3,3,2,1,3,4,4,3,4,4,2,0,0,0,3,3,0,3,2,3,4,2,2,4,4,2,0,3,4,0,3,1,4,3,4,4,2,3,4,4,4,4,4,4,4,0,2,3,0,1,4,4,0,3,0,4,4,4,2,2,4,0,5,5,4,3"
40,1.4036526782732355,"0,2,2,4,4,1,2,4,5,1,5,5,4,0,2,5,1,0,4,0,1,4,2,4,0,4,2,3,4,2,2,5,5,1,5,1,5,3,2,3,3,0,4,4,3,5,5,1,1,4,4,4,4,2,0,4,4,4,2,0,4,3,2,0,2,4,2,4,1,5,1,2,3,0,0,3,4,5,5,3,3,5,4,3,3,2,2,4,0,3,2,4,4,4,5,5,4,0,4,2,4,4,4,3,3,2,3,4,3,2,2,4,4,0,2,2,2,0,4,4,4,3,4,4,0,2,5,5,1,4,4,0,4,1,2,5,5,1,2,4,4,4,0,0,4,4,4,4,1,0,1,1,5,5,4,0,4,0,2,4,5,5,4,2,4,3,1,4,3,1,5,5,5,0,0,4,3,0,3,4,4,4,3,2,4,4,0,2,4,2,2,1,4,4,1,2,2,2,2,0,2,4,0,0,0,0,2,1,1,0,0,4,3,3,2,1,3,4,4,3,4,4,2,0,0,0,3,3,0,3,2,3,4,2,2,4,4,2,0,3,4,0,3,1,4,3,4,4,2,3,4,4,4,4,4,4,4,0,2,3,0,1,4,4,0,3,0,4,4,4,2,2,4,0,5,5,4,3"
41,1.404011391973351,"0,2,2,4,4,1,2,4,5,1,5,5,4,0,2,5,1,0,4,0,1,4,2,4,0,4,2,3,4,2,2,5,5,1,5,1,5,3,2,3,3,0,4,4,3,5,5,1,1,4,4,4,4,2,0,4,4,4,2,0,4,3,2,0,2,4,2,4,1,5,1,2,3,0,0,3,4,5,5,3,3,5,4,3,3,2,2,2,0,3,2,4,4,4,5,5,4,0,4,2,4,4,4,3,3,2,3,4,3,2,2,4,4,0,2,2,2,0,4,4,4,3,4,4,0,2,5,5,1,4,4,0,4,1,3,5,5,1,2,4,4,4,0,0,4,4,4,4,1,0,1,5,5,5,4,0,4,0,2,4,5,5,4,3,4,3,1,4,3,1,5,5,5,5,1,4,3,0,3,4,4,4,3,2,4,4,0,2,4,2,3,1,4,4,1,2,2,2,2,0,2,4,0,0,0,0,2,1,1,0,0,4,3,3,2,1,3,4,4,3,4,4,2,0,0,0,3,3,0,3,2,3,4,2,2,4,4,2,0,3,4,0,3,1,4,3,4,4,2,3,4,4,4,4,4,4,4,0,2,3,0,1,4,4,0,3,0,4,4,4,2,2,4,0,5,5,4,3"
42,1.4042141938166266,"0,2,2,4,4,1,2,4,5,1,5,5,4,0,2,5,1,0,4,0,1,4,2,4,0,4,2,3,4,2,2,5,5,1,5,1,5,3,2,3,3,0,4,4,3,5,5,1,1,4,4,4,4,2,0,4,4,4,2,0,4,3,0,0,2,4,2,4,1,5,1,2,3,4,0,3,4,5,5,3,3,5,4,3,3,2,2,4,0,3,2,4,4,4,5,5,2,0,4,2,4,4,4,3,3,2,3,4,3,2,2,4,4,0,2,2,2,0,4,4,4,3,4,4,0,2,5,1,1,4,4,0,4,1,3,5,5,1,2,4,4,4,0,0,4,4,4,4,1,0,1,5,5,5,4,0,4,0,2,4,5,5,4,2,4,3,1,4,3,1,5,5,5,5,0,4,3,1,3,4,4,4,3,2,4,4,0,2,4,2,3,1,4,4,1,2,2,2,2,0,2,4,0,0,0,0,2,1,1,0,0,4,3,3,2,1,3,4,4,3,4,4,2,0,0,0,3,3,0,3,2,3,4,2,2,4,4,2,0,3,4,0,3,1,4,3,4,4,2,3,4,4,4,4,4,4,4,0,2,3,0,1,4,4,0,3,1,4,4,4,2,2,4,0,5,5,4,3"
43,1.405950974610112,"0,2,2,4,4,1,2,4,5,1,5,5,4,0,2,5,0,0,4,0,1,4,2,4,0,4,2,3,4,2,2,5,5,1,5,1,5,3,2,3,3,0,4,4,3,5,5,1,1,4,4,4,4,2,0,4,4,4,2,0,4,3,0,0,2,4,2,4,1,5,1,2,3,4,0,3,4,5,5,3,3,5,4,3,3,2,2,4,0,3,2,4,4,4,5,5,2,0,4,2,4,4,4,3,3,2,3,4,3,2,2,4,4,0,2,2,2,0,4,4,4,4,4,4,0,2,5,5,1,4,4,0,4,1,3,5,5,0,2,4,4,4,0,0,4,4,4,4,1,0,1,5,5,5,4,0,4,0,2,4,5,5,4,2,4,3,1,4,3,1,5,5,5,5,0,4,3,4,3,4,4,4,3,2,4,4,0,2,4,2,3,1,4,5,1,2,2,2,2,0,2,1,0,0,0,0,2,1,1,0,4,4,3,3,2,1,3,4,4,3,4,4,2,0,0,0,3,3,0,3,2,3,4,2,2,4,4,2,0,5,4,0,3,1,4,3,4,4,2,3,4,4,4,4,4,4,4,0,2,3,0,1,4,4,0,3,0,4,4,4,2,2,4,0,5,5,4,3"
44,1.4056070229437259,"0,2,2,4,4,1,2,4,5,1,5,5,4,0,2,5,0,0,4,0,1,4,2,4,0,4,2,3,4,2,2,5,5,1,5,1,5,3,2,3,3,0,4,4,3,5,5,1,1,4,4,4,4,2,0,4,4,4,2,0,4,3,0,0,2,4,2,4,1,5,1,2,3,4,0,3,4,5,5,3,3,5,4,3,3,2,2,4,0,3,2,4,4,4,5,5,2,0,4,2,4,4,4,3,3,0,3,4,3,2,2,4,4,0,2,2,2,0,4,4,4,4,4,4,0,2,5,5,1,4,4,0,4,1,3,5,5,0,2,4,4,4,0,0,4,4,4,4,1,0,1,5,5,5,4,0,4,0,2,4,5,5,4,2,4,3,1,4,3,1,5,1,5,5,0,4,3,4,3,4,4,4,3,2,4,4,0,2,4,2,3,1,4,4,1,2,2,2,2,0,2,1,0,0,0,0,2,1,1,0,4,4,3,3,2,1,3,4,4,3,4,4,2,0,0,0,3,3,0,3,2,3,4,2,2,4,4,2,0,3,4,0,3,1,4,3,4,2,2,3,4,4,4,4,4,4,4,0,2,3,0,1,4,4,0,3,0,4,4,4,2,2,4,0,5,5,4,3"
45,1.4074313690982247,"0,2,2,4,4,1,2,4,5,1,5,5,4,0,2,5,0,0,4,0,1,4,2,4,0,4,2,3,4,2,2,5,5,1,5,1,5,3,2,3,2,0,4,4,3,5,5,1,1,4,4,4,4,2,0,4,4,4,2,0,4,3,0,0,2,4,2,4,1,5,1,2,3,4,0,3,4,5,5,3,3,4,4,3,3,2,2,4,0,3,2,4,4,4,5,5,2,0,4,2,4,4,4,3,3,0,3,4,3,2,2,4,4,0,2,2,2,0,4,4,4,4,4,4,0,2,5,5,1,4,3,0,4,1,3,5,5,0,2,4,4,4,0,0,4,4,4,4,1,0,1,5,5,5,4,0,4,0,2,4,5,5,4,2,4,3,1,4,3,1,5,1,5,5,0,4,3,4,3,4,4,4,3,2,4,4,0,2,4,2,3,1,4,4,1,2,2,2,2,0,2,1,0,0,0,0,2,1,1,0,4,4,3,3,2,1,3,4,4,3,4,4,2,0,0,0,3,3,0,3,2,3,3,2,2,4,4,2,0,5,4,0,3,1,4,3,4,4,2,3,4,4,4,4,4,4,4,0,2,3,0,4,4,4,0,3,0,4,4,4,2,2,4,0,5,5,4,3"
46,1.4076984507640389,"0,2,2,4,4,1,2,4,5,1,5,5,4,0,2,5,0,0,4,0,1,4,2,4,0,4,2,3,4,2,2,5,5,5,5,1,5,3,2,3,2,0,4,4,3,5,5,1,1,4,4,4,4,2,0,4,4,4,2,0,4,3,0,0,2,4,2,4,1,5,1,2,3,4,0,3,4,5,5,3,3,4,4,3,3,2,2,4,0,3,2,4,4,4,5,5,0,0,4,2,4,4,4,3,3,0,3,4,3,2,2,4,4,0,2,2,2,0,4,4,4,4,4,4,0,2,5,5,1,4,4,0,4,1,3,5,5,1,2,4,4,4,0,0,4,4,4,4,1,0,1,5,5,5,4,0,4,0,2,4,5,5,4,2,4,3,1,4,3,1,5,5,5,5,0,4,3,4,3,4,4,4,3,2,4,4,0,2,4,2,3,1,4,2,3,2,2,2,2,0,2,1,0,1,0,0,2,1,1,0,4,4,3,3,2,1,3,4,4,3,4,4,2,0,0,0,3,3,0,3,2,3,3,2,2,4,4,2,0,5,4,0,3,1,4,3,4,4,2,3,4,4,4,4,4,4,4,0,2,3,0,4,4,4,0,3,0,4,4,4,2,2,4,0,5,5,4,3"
47,1.407779408555087,"0,2,2,4,4,1,2,4,5,1,5,5,4,0,2,5,0,0,4,0,1,4,2,4,0,4,2,3,4,2,2,5,5,5,5,1,5,3,2,3,2,0,4,4,3,5,5,1,1,4,4,4,4,2,0,4,4,4,2,0,4,3,0,0,2,4,2,4,1,5,1,2,3,4,0,3,4,5,5,3,3,4,4,3,3,2,2,4,4,3,2,4,4,4,5,5,0,0,4,2,4,4,4,3,3,0,3,4,3,2,2,4,4,0,2,2,2,0,4,4,4,4,4,4,0,2,5,5,1,4,4,0,4,1,3,5,5,1,2,4,4,4,0,0,4,4,4,4,1,0,1,5,5,5,4,0,4,0,2,4,5,5,4,2,4,3,1,4,3,1,5,5,5,5,0,4,3,4,3,4,4,4,3,2,4,4,0,2,4,2,3,1,4,2,3,2,2,2,2,0,2,1,0,1,0,0,2,1,1,0,4,4,3,3,2,1,3,4,4,3,4,4,2,0,0,0,3,3,0,3,2,3,3,2,2,4,4,2,0,5,4,0,3,1,4,3,4,4,2,3,4,4,4,4,4,4,4,0,2,3,0,4,4,4,0,3,0,4,4,4,2,2,4,0,5,5,4,3"
48,1.408058464458699,"0,2,2,4,4,1,2,4,5,1,5,5,4,0,2,5,0,0,4,0,1,4,2,4,0,4,2,3,4,2,2,5,5,5,5,1,5,3,2,3,2,0,4,4,3,5,5,1,1,4,4,4,4,2,0,4,4,4,2,0,4,3,0,0,2,4,2,4,1,5,1,2,3,4,0,3,4,5,5,3,3,4,4,3,3,2,2,4,4,3,2,4,4,4,5,5,0,0,4,2,4,4,4,3,3,0,3,4,3,2,2,4,4,0,2,2,2,0,4,4,4,4,4,4,0,2,5,5,1,4,4,0,4,1,3,5,5,1,2,4,4,4,0,0,4,4,4,4,1,0,1,5,5,5,4,0,4,0,2,4,5,5,4,2,4,3,1,4,3,1,5,5,5,5,0,4,3,4,3,4,4,4,3,2,4,4,0,2,4,2,3,1,4,2,3,2,2,2,2,0,2,1,0,1,0,0,2,1,1,0,4,4,3,3,2,1,3,4,4,3,4,4,3,5,0,0,0,3,0,3,2,3,2,2,2,4,4,2,0,5,1,3,3,1,4,3,4,4,2,3,4,4,2,4,4,4,4,3,2,3,0,4,4,4,0,3,0,4,4,4,2,2,4,0,5,5,3,3"
49,1.4086308103386669,"0,2,2,4,4,1,2,4,5,1,5,5,4,0,2,5,0,0,4,0,1,4,2,4,0,4,2,3,4,2,2,5,5,5,5,1,5,3,2,3,2,0,4,4,3,5,5,1,1,4,4,4,4,2,0,4,4,3,2,0,4,3,0,0,2,4,2,4,1,5,1,2,3,4,0,3,4,5,5,3,3,4,4,3,3,2,2,4,4,3,2,4,4,2,5,5,0,0,4,2,4,4,4,3,3,2,0,4,3,4,2,4,4,2,2,2,2,0,4,4,4,4,4,4,3,2,5,5,1,4,3,0,4,1,3,5,5,1,3,4,4,4,4,0,4,4,4,4,1,0,1,5,5,5,4,0,4,0,1,4,5,5,4,2,4,3,1,4,3,1,5,5,5,5,0,4,3,4,3,4,4,4,3,2,4,4,0,2,4,2,3,1,4,2,3,2,2,2,2,0,2,1,0,1,0,0,2,1,1,0,4,4,3,3,2,1,3,4,4,3,4,4,2,0,0,0,3,3,0,3,2,3,3,2,2,4,4,2,0,5,4,0,3,1,4,3,4,4,2,3,4,4,4,4,4,4,4,0,2,3,0,4,4,4,0,3,0,4,4,4,2,2,4,0,5,5,0,3"
50,1.4085580198787053,"0,2,2,4,4,1,2,4,5,1,5,5,4,0,2,5,0,0,4,0,1,4,2,4,4,4,2,3,4,2,2,5,5,5,5,1,5,3,2,3,2,0,4,4,3,5,5,1,1,4,4,4,4,2,0,4,4,3,2,0,4,3,0,0,2,4,2,4,1,5,1,2,2,4,0,3,4,5,5,1,3,4,4,3,3,2,2,4,4,3,2,4,4,2,5,5,0,0,4,2,4,4,4,3,3,2,0,4,3,4,2,4,4,2,2,2,2,0,4,4,4,4,4,4,3,2,5,5,1,4,3,0,4,1,3,5,5,1,3,4,4,4,0,0,4,4,4,4,1,0,1,5,5,5,4,0,4,0,1,4,5,5,4,2,4,3,1,4,3,1,5,5,5,5,0,4,3,4,3,4,4,4,3,0,4,4,0,2,4,2,3,1,4,2,3,2,2,2,2,0,2,1,0,1,0,0,2,1,1,0,4,4,3,3,2,1,3,4,4,3,4,4,2,0,0,0,3,3,0,3,2,3,3,2,2,4,4,2,0,5,4,0,3,1,4,3,4,4,2,3,4,4,4,4,4,4,4,0,2,3,0,4,4,4,0,3,0,4,4,4,2,2,4,0,5,5,4,3"
51,1.4072229383232875,"0,2,2,4,4,1,2,4,5,1,5,5,4,0,2,5,0,0,4,0,1,4,2,4,4,4,2,3,4,2,2,5,5,5,5,1,5,3,2,3,2,0,4,4,3,5,5,1,1,4,4,4,4,2,0,4,4,3,2,0,4,3,0,0,2,4,2,4,1,5,1,2,2,4,0,3,4,5,5,1,3,4,4,3,3,2,2,4,4,3,2,4,4,2,5,5,0,0,4,2,4,4,4,3,3,2,0,4,3,4,2,4,4,2,2,2,2,0,4,4,4,4,4,4,3,2,5,5,1,4,3,0,4,1,3,5,5,1,5,4,4,4,4,0,4,4,4,4,0,0,1,5,5,5,4,0,4,0,1,4,5,5,4,2,4,3,1,4,3,1,5,5,5,5,0,4,3,4,3,4,4,4,3,2,4,4,0,2,4,1,1,1,4,2,3,2,2,2,2,0,2,1,0,1,0,0,2,0,1,0,4,4,3,0,2,1,3,4,4,5,4,4,1,0,0,0,3,3,0,3,2,3,3,2,2,4,4,2,0,5,4,0,3,1,4,3,4,4,2,3,4,4,4,4,4,3,4,0,2,3,0,4,4,4,0,3,0,4,4,4,2,2,4,4,5,5,4,3"
52,1.4096285627632057,"0,2,2,4,4,1,2,4,5,1,5,5,4,0,2,5,0,0,4,0,1,4,2,4,4,4,2,3,4,2,2,5,5,5,5,1,5,3,2,3,2,0,4,4,3,5,5,1,1,4,4,4,4,2,0,4,4,3,2,0,4,3,0,0,2,4,2,4,1,5,1,2,2,4,0,3,4,5,5,1,3,4,4,3,3,2,2,4,4,3,2,4,4,2,5,5,0,0,4,2,4,4,4,3,3,2,0,0,3,4,2,4,4,2,2,2,2,0,4,4,4,4,4,2,3,2,5,5,1,4,3,0,4,1,3,5,5,2,3,4,4,4,4,0,4,4,4,4,1,0,1,5,5,5,4,0,4,0,1,4,5,5,4,2,4,3,1,2,3,1,5,5,5,5,0,4,3,4,3,4,4,4,3,2,4,4,0,2,4,2,3,1,4,2,3,2,2,2,5,3,0,1,0,1,0,0,2,1,1,0,4,3,3,3,2,1,3,4,4,3,4,4,2,0,0,0,3,3,0,3,0,3,3,2,2,4,4,2,0,5,4,0,3,1,4,3,4,4,2,3,4,4,4,4,4,4,4,0,2,3,0,4,4,4,0,4,0,4,4,4,2,2,4,4,5,5,4,3"
53,1.4093761946424537,"0,1,2,4,4,1,2,4,5,1,5,5,4,0,2,5,0,0,4,0,1,4,2,4,4,4,2,3,4,2,2,5,5,5,5,1,5,3,2,3,2,0,4,4,3,5,5,1,1,4,4,4,4,2,0,4,4,3,2,0,4,3,0,0,2,4,2,4,1,5,1,2,2,4,0,3,4,5,5,1,3,4,4,3,3,2,2,4,4,3,2,4,4,2,5,5,0,0,4,2,4,4,4,3,3,2,0,0,3,4,2,4,4,2,2,2,2,0,4,4,4,4,4,2,3,2,5,5,1,4,3,0,4,1,3,5,5,2,3,4,4,4,4,0,4,4,4,4,1,0,1,5,5,5,4,0,4,0,1,4,5,5,4,2,4,3,1,2,3,1,5,5,5,5,0,4,3,4,3,4,4,4,3,2,4,4,0,2,4,2,3,1,4,2,3,2,2,2,5,3,0,1,0,1,0,0,2,1,1,0,4,3,3,3,2,1,3,4,4,3,4,4,2,0,0,0,3,3,0,3,0,3,3,2,2,4,4,2,0,5,4,0,3,1,4,3,4,4,2,3,4,4,4,0,4,4,4,0,2,3,0,4,4,4,0,4,0,4,4,4,2,2,4,4,5,5,4,3"
54,1.409985389715242,"0,1,2,4,4,1,2,4,5,1,5,5,4,0,2,5,0,0,4,0,1,4,2,4,4,4,2,3,4,2,2,5,5,5,5,1,5,3,2,3,2,0,4,4,3,5,5,1,1,4,4,4,4,2,0,4,4,3,2,0,4,3,0,0,2,4,2,4,1,5,1,2,2,4,0,3,4,5,5,1,3,4,4,3,3,2,2,4,4,3,2,4,4,2,5,5,0,0,4,2,4,4,4,3,3,2,0,0,3,4,2,4,4,2,2,2,2,0,4,4,4,4,4,2,3,2,5,5,1,4,3,0,4,1,3,5,5,2,3,4,4,4,4,0,4,4,4,4,1,0,1,5,5,5,0,0,4,0,1,4,5,5,4,2,4,3,1,2,3,1,5,5,5,5,0,4,3,4,3,4,4,4,3,2,4,4,0,2,4,2,3,1,4,2,3,2,2,2,5,3,0,1,0,1,0,0,2,1,1,0,4,3,3,3,3,1,3,4,4,3,4,4,2,0,0,0,3,3,0,3,0,3,3,2,2,4,4,2,0,5,4,0,3,1,4,3,4,4,2,3,4,4,4,4,4,4,3,0,2,3,0,4,4,4,0,4,0,4,4,4,2,2,4,4,5,5,4,3"
55,1.408921678983479,"0,1,2,4,4,1,2,4,5,1,5,5,4,0,2,5,0,0,4,0,1,4,2,4,4,4,2,3,4,2,2,5,5,5,5,1,5,3,2,3,2,0,4,4,3,5,5,1,1,4,4,4,4,2,0,4,4,3,2,0,4,3,0,0,2,0,2,4,1,5,1,2,2,4,0,3,4,5,5,1,3,4,4,3,3,2,2,4,4,3,2,4,4,2,5,5,0,0,4,2,4,4,4,3,3,2,0,0,3,4,2,4,4,2,2,2,2,0,4,4,4,4,4,2,3,2,5,5,1,4,3,0,4,1,3,5,5,2,3,4,4,4,4,0,4,4,2,4,1,0,1,5,5,5,4,0,4,0,1,4,5,5,4,2,4,3,1,2,3,1,5,5,5,5,0,4,3,4,3,4,4,4,3,2,4,4,0,2,4,2,3,1,4,2,3,2,2,2,2,3,0,1,0,1,0,0,2,1,1,0,4,3,3,3,2,1,3,4,4,3,4,4,2,0,0,0,3,3,0,3,0,3,3,2,2,4,4,2,0,5,4,0,3,1,4,3,4,4,2,3,4,4,4,4,4,4,4,0,2,3,0,4,4,4,0,4,0,4,4,4,2,2,4,4,5,5,4,3"
56,1.4104110217295815,"0,1,2,4,4,1,2,4,5,1,5,5,4,0,2,5,0,0,4,0,1,4,2,4,4,4,2,3,4,2,2,5,5,5,5,1,5,3,2,3,2,0,4,4,3,5,5,1,1,4,4,4,4,2,0,4,4,3,2,0,4,3,0,0,2,4,2,4,4,5,1,2,2,4,0,3,4,5,5,1,3,4,4,3,3,2,2,4,4,3,2,4,4,2,5,5,0,0,4,2,4,4,4,3,3,2,0,0,3,0,2,4,4,2,2,2,2,0,4,4,4,4,4,1,3,2,5,5,1,4,3,0,4,1,3,5,5,2,3,4,4,4,4,0,4,4,4,4,1,0,1,5,5,5,4,0,1,0,1,4,5,5,4,2,4,3,1,0,3,5,5,5,5,5,0,4,3,4,3,4,4,4,3,2,4,4,0,2,4,2,2,1,4,2,3,2,2,2,5,3,0,1,0,1,0,0,1,1,1,0,4,3,3,3,3,1,3,4,4,3,4,4,2,0,2,0,3,3,0,3,0,3,3,2,2,4,4,2,0,5,4,0,3,1,4,2,4,4,2,3,4,2,4,4,4,4,3,0,2,2,0,4,4,4,0,4,0,4,4,4,2,2,4,4,5,5,4,3"
57,1.4116026407436826,"0,1,2,4,4,1,2,4,5,1,5,5,4,0,2,5,0,0,4,0,1,4,2,4,4,4,2,3,4,2,2,5,5,5,5,1,5,3,2,3,2,0,4,4,3,5,5,1,1,4,4,4,4,2,0,4,4,3,2,0,4,3,0,0,2,4,0,4,4,5,1,2,2,4,0,3,4,5,5,1,3,4,4,3,3,2,2,4,4,3,2,4,4,2,5,5,0,0,4,2,4,4,4,3,3,2,0,0,3,0,2,4,4,2,2,2,2,0,4,4,4,4,4,2,3,2,5,5,1,4,2,0,4,1,3,5,5,2,4,4,4,4,4,0,4,4,4,4,1,3,1,5,5,5,4,0,1,0,1,4,5,5,4,2,4,3,1,0,3,5,5,5,5,5,0,4,3,4,3,4,4,4,3,2,4,4,0,2,4,2,3,1,4,2,3,2,2,2,5,3,0,1,0,1,0,0,2,1,1,0,4,3,3,3,3,1,3,4,4,3,4,4,2,0,2,0,3,3,0,3,0,3,3,2,2,4,4,2,0,5,4,0,3,1,4,2,4,4,2,3,4,4,4,4,4,4,3,0,2,4,0,4,4,4,0,4,0,4,4,4,2,2,4,4,5,5,4,3"
58,1.4121621625700849,"0,1,2,4,4,1,2,4,5,1,5,5,4,0,2,5,0,0,4,0,1,4,2,4,4,4,2,3,4,2,2,5,5,5,5,1,5,3,2,3,2,0,4,4,3,5,5,1,1,4,4,4,4,2,0,4,4,3,2,0,4,3,0,0,2,4,0,4,4,5,1,2,2,4,0,3,4,5,5,1,3,4,4,4,3,2,2,4,4,3,2,4,4,2,5,5,0,0,4,2,4,4,4,3,3,2,0,0,3,0,2,4,4,2,2,2,2,0,4,4,4,4,4,2,3,2,5,5,1,4,2,0,4,1,3,5,5,2,4,4,4,4,4,0,4,4,4,4,1,3,1,5,5,5,4,0,1,0,1,4,5,5,4,2,4,3,1,2,3,5,5,5,5,5,0,4,3,4,3,4,4,4,3,2,4,4,0,2,4,2,3,1,4,2,3,2,2,2,2,3,0,1,0,1,0,0,2,1,1,0,4,3,3,3,3,1,3,4,4,3,4,4,2,0,0,0,3,3,0,3,0,3,3,2,2,4,4,2,0,5,4,0,3,1,4,2,4,4,2,3,4,4,4,4,4,4,3,0,2,4,0,4,4,4,0,4,0,4,4,4,2,2,4,4,5,5,4,3"
59,1.4102997760406817,"0,1,2,4,4,1,2,4,5,1,5,5,4,0,2,5,0,0,4,0,1,4,2,4,4,4,2,3,4,2,2,5,5,5,5,1,5,3,2,3,2,0,4,4,3,5,5,1,1,4,4,4,4,2,0,4,4,3,2,0,4,3,0,0,2,4,2,4,1,5,1,2,2,4,0,3,5,5,5,1,3,4,4,3,3,2,2,4,4,3,2,4,4,2,5,5,0,0,4,2,4,4,4,3,3,3,0,0,3,4,2,4,4,2,2,2,2,1,4,4,4,4,4,2,3,2,5,5,1,4,2,0,4,3,3,5,5,2,4,4,4,4,4,0,4,4,4,4,1,3,1,5,5,5,4,0,1,0,1,4,5,5,4,2,4,3,1,2,3,5,5,5,5,5,0,4,3,4,3,4,4,4,3,2,4,3,0,2,4,2,3,0,4,2,3,2,2,2,2,3,0,1,0,1,0,0,2,1,1,0,4,3,3,3,3,1,3,4,4,3,4,4,2,0,0,0,3,3,0,3,0,3,3,2,2,4,4,2,0,5,4,0,3,1,4,2,4,4,2,3,4,4,4,4,4,4,3,0,2,3,0,4,4,4,0,4,0,4,4,4,2,2,4,4,5,5,4,3"
60,1.4112990503702334,"0,1,2,4,4,1,2,4,5,1,5,5,4,0,2,5,0,0,4,0,1,4,2,4,4,4,2,3,4,2,2,5,5,5,5,5,5,3,2,3,2,0,4,4,3,5,5,1,1,4,4,4,4,2,0,4,4,3,2,0,4,3,0,0,2,4,0,4,4,5,1,2,2,4,0,3,4,5,5,1,3,4,4,4,3,2,2,4,4,3,2,4,4,2,5,5,0,0,4,2,4,4,4,3,3,2,0,0,3,0,2,4,4,2,2,2,4,0,4,4,4,4,4,2,3,2,5,5,1,4,2,0,4,1,3,5,5,2,4,4,4,4,4,0,4,4,4,4,1,3,1,5,5,5,4,0,1,0,1,4,5,5,4,2,4,3,1,2,3,5,5,5,5,5,0,4,3,4,1,4,4,4,3,2,4,4,0,2,4,2,3,1,4,2,3,2,2,2,2,3,0,1,0,1,0,0,2,1,1,0,4,3,3,3,3,1,3,4,4,3,4,4,2,0,0,0,3,3,0,3,0,3,3,2,2,4,0,2,0,5,4,0,3,1,4,2,4,4,2,3,4,4,1,4,4,4,3,0,2,4,0,4,4,4,0,4,0,4,4,4,2,2,4,4,5,5,4,3"
61,1.4128868779029427,"0,1,2,4,4,1,2,4,5,1,5,5,4,0,2,5,0,0,4,0,1,4,2,4,4,4,2,3,4,2,2,5,5,5,5,5,5,3,2,3,2,0,4,4,3,5,5,1,1,4,4,4,4,2,0,4,4,3,2,0,4,3,0,0,2,4,0,4,4,5,1,2,2,4,0,3,4,5,5,2,3,4,4,4,3,2,2,4,4,3,2,4,4,2,5,5,0,0,4,2,4,4,4,3,3,2,0,0,3,0,2,4,4,2,2,2,2,0,4,4,4,4,4,2,3,2,5,5,1,4,2,0,4,1,3,5,5,2,4,4,4,4,4,0,4,4,4,4,1,3,1,5,5,5,4,0,1,0,1,4,5,5,4,2,4,3,1,2,3,5,5,5,5,5,0,4,3,4,3,4,4,4,3,2,4,4,0,2,4,2,3,1,4,2,3,2,1,2,2,3,0,1,0,1,0,0,2,1,1,0,4,3,3,3,3,1,3,4,4,3,4,4,0,0,0,0,3,3,0,3,0,3,3,2,2,4,4,2,0,5,4,0,3,1,2,2,4,4,2,3,4,4,4,4,4,4,3,0,2,4,0,4,4,4,0,4,0,4,4,4,2,2,4,4,5,5,4,3"
62,1.4128033780593645,"0,1,2,4,4,1,2,4,5,1,5,5,4,0,2,5,0,0,4,0,1,4,2,4,4,4,2,3,4,2,2,5,5,5,5,5,5,3,2,3,2,0,4,4,3,5,5,1,1,4,4,4,4,2,0,4,4,3,2,0,4,3,0,0,2,4,0,4,4,5,1,2,2,4,0,3,4,5,5,2,3,4,4,4,3,2,2,4,4,3,2,4,4,2,5,5,0,0,4,2,4,4,4,3,3,2,0,0,3,0,2,4,4,2,2,2,2,0,4,4,4,4,4,2,3,2,5,5,1,4,2,0,4,1,3,5,5,2,4,4,4,4,4,0,4,4,4,4,1,3,1,5,5,5,4,0,1,0,1,4,5,5,4,2,4,3,1,2,3,5,5,5,5,5,0,4,3,4,3,4,4,4,3,2,4,4,3,2,4,2,3,1,4,2,3,2,1,2,2,0,0,1,0,1,0,0,2,1,1,0,4,3,3,3,3,1,3,4,4,3,4,4,0,0,0,0,3,3,0,3,0,3,3,2,2,4,4,2,0,5,4,0,3,1,2,2,4,4,2,3,4,4,4,3,4,4,3,0,2,4,0,4,4,4,0,4,0,4,4,4,2,2,4,4,5,5,4,3"
63,1.4123818578019793,"0,1,2,4,4,1,2,4,5,1,5,5,4,0,2,5,0,0,4,0,1,4,2,4,4,4,2,3,4,2,2,5,5,5,5,5,5,3,2,3,2,0,4,4,3,5,5,1,1,4,4,4,4,2,0,4,4,3,2,0,4,3,0,0,2,4,0,4,4,5,1,2,2,4,0,3,4,5,5,1,3,4,4,4,3,2,2,4,4,3,3,4,4,2,5,5,0,0,4,2,4,4,4,3,3,2,0,0,3,3,2,4,4,4,2,2,2,0,4,4,4,4,4,2,3,2,5,5,1,4,2,0,2,1,3,5,5,2,4,4,4,4,4,0,4,4,4,4,1,3,1,5,5,5,4,1,1,0,1,4,5,5,4,2,4,3,1,2,3,5,5,5,5,5,0,4,3,4,2,4,4,4,3,2,4,4,0,2,4,2,3,1,4,2,3,2,1,2,2,3,0,1,0,1,0,0,2,1,1,0,4,3,3,3,3,1,3,4,4,3,4,4,0,0,0,0,3,3,0,3,2,5,3,2,2,4,4,2,0,5,4,0,3,1,4,2,4,4,2,3,4,4,4,4,4,4,3,0,2,2,0,4,4,4,0,4,0,4,4,4,2,2,4,4,5,5,4,3"
64,1.4116853590235086,"0,1,2,4,4,1,2,4,5,1,5,5,4,0,1,5,0,0,4,0,1,4,2,4,4,4,2,3,4,2,2,5,5,5,5,5,5,3,2,3,2,0,4,4,3,5,5,1,1,4,4,4,4,2,0,4,4,3,2,0,4,3,0,0,2,4,0,4,4,5,1,2,2,4,0,3,4,5,5,1,3,4,4,4,0,2,2,4,4,3,2,4,4,2,5,5,0,0,4,2,4,4,4,3,3,2,0,0,3,0,2,4,4,2,2,2,2,0,4,4,4,4,4,2,3,2,5,5,1,4,2,0,4,1,3,5,5,2,4,4,4,4,4,0,4,4,4,4,1,3,1,5,5,5,4,0,1,1,1,4,5,5,4,2,4,3,1,2,3,5,5,5,5,5,0,4,0,4,2,4,4,4,3,2,4,4,0,2,4,4,3,1,4,2,3,2,1,2,1,3,0,1,0,1,0,0,2,1,1,0,4,3,3,3,3,1,3,4,4,3,4,4,0,0,0,0,3,3,1,2,2,3,3,2,2,4,4,2,0,2,4,0,3,1,4,2,4,4,2,3,4,0,4,4,4,4,3,0,1,2,0,4,4,4,0,4,0,4,4,4,2,2,4,4,5,5,4,3"
65,1.4128579242840607,"0,1,2,4,4,1,2,4,5,1,5,5,4,0,2,5,0,0,4,0,1,4,2,4,4,4,2,3,4,2,2,5,5,5,5,5,5,3,2,3,2,0,4,4,3,5,5,1,1,4,4,4,4,2,0,4,4,4,2,0,4,3,2,0,2,4,0,4,4,5,1,2,2,4,0,3,2,5,5,1,3,4,4,4,3,2,2,4,4,3,2,4,4,2,5,5,0,0,4,2,4,4,4,3,3,2,0,0,3,3,2,4,4,2,2,2,2,0,4,4,4,4,4,1,3,2,5,5,1,4,2,0,2,1,3,5,5,2,4,4,4,4,4,0,4,4,4,4,1,3,1,5,5,5,4,1,1,0,1,4,5,5,4,2,4,3,2,2,3,5,5,5,5,5,0,4,3,4,2,4,4,4,3,2,4,4,0,2,4,2,3,1,4,2,3,2,1,2,2,3,0,1,0,1,0,0,2,1,1,0,4,3,3,3,3,1,3,4,4,3,4,4,0,0,0,0,3,3,0,3,2,3,3,2,2,4,4,2,0,5,0,0,3,1,4,2,4,4,2,3,4,4,4,3,4,4,2,0,2,2,0,4,4,4,0,4,0,4,4,4,2,2,4,4,5,5,4,0"
66,1.414250413545663,"0,1,2,4,4,1,2,4,5,1,5,5,4,0,2,5,0,0,4,0,1,4,2,4,4,4,2,3,4,2,2,5,5,5,5,5,5,3,2,3,2,0,4,4,3,5,5,1,1,4,4,4,4,2,0,4,4,4,2,0,4,3,2,0,2,4,0,4,4,5,1,2,2,4,0,3,2,5,5,1,3,4,4,4,3,2,2,4,4,3,2,4,2,2,5,5,0,0,4,2,4,4,4,3,3,4,0,0,3,0,2,4,4,2,2,2,2,0,4,4,4,4,4,2,3,2,5,5,1,4,2,0,4,1,3,5,5,2,4,4,4,4,4,0,4,4,4,4,1,3,1,5,5,5,4,0,1,0,1,4,5,5,4,2,4,3,1,2,3,5,5,5,1,5,0,4,3,4,2,4,4,4,3,2,4,4,0,2,4,2,3,1,4,2,3,2,1,2,2,3,0,1,4,1,0,0,2,1,1,0,4,0,3,3,3,1,3,4,4,3,4,4,0,0,0,0,3,2,0,2,2,3,3,2,2,4,4,2,3,5,0,0,3,1,4,2,4,4,2,3,4,4,4,4,4,4,2,0,2,2,0,4,4,4,0,4,0,4,4,4,2,2,4,4,5,5,4,0"
67,1.414839955081203,"0,1,2,4,4,1,2,4,5,1,5,5,4,0,2,5,0,0,0,0,1,4,2,4,4,4,2,3,4,2,2,5,5,5,5,5,5,3,2,3,2,0,4,4,3,5,5,1,1,4,4,4,4,2,0,4,4,4,2,0,4,3,2,0,2,4,0,4,4,5,1,2,2,4,0,3,2,5,5,1,3,4,4,4,3,2,2,4,4,3,2,4,2,2,5,5,0,0,4,2,4,4,4,3,3,4,0,0,3,0,2,4,4,2,2,2,2,0,4,4,4,4,4,2,3,2,5,5,1,4,2,0,4,1,3,5,5,2,4,4,4,4,4,0,4,4,4,4,1,3,1,5,5,5,4,0,1,0,1,4,5,5,4,2,4,3,1,2,3,5,5,5,1,5,0,4,3,4,2,4,4,4,3,2,4,4,0,2,4,2,3,1,4,2,3,2,1,2,2,3,0,1,0,1,0,0,2,1,1,0,4,0,3,3,3,1,3,4,4,3,4,4,0,0,0,0,3,3,0,2,2,3,3,2,2,4,4,2,0,5,0,0,3,1,4,2,4,4,2,3,4,4,4,4,4,4,2,0,2,2,0,4,4,4,0,4,0,4,4,4,2,2,4,4,5,5,4,0"
68,1.4145529278788471,"0,1,2,4,4,1,2,4,5,1,5,5,4,0,2,5,0,0,0,0,1,4,2,4,4,4,2,3,4,2,2,5,5,5,5,5,5,3,2,3,2,0,4,4,3,5,5,1,1,4,4,4,4,2,0,4,4,4,2,0,4,3,2,0,2,4,0,4,4,5,1,2,2,4,0,3,2,5,5,1,3,4,4,4,3,2,2,4,4,3,2,4,2,2,5,5,0,0,4,2,4,4,4,3,3,4,0,0,3,0,2,4,4,2,2,2,2,0,4,4,4,4,4,2,3,2,5,5,1,4,2,0,4,1,3,5,5,2,4,4,4,4,4,0,4,4,4,4,1,3,1,5,5,5,4,0,1,0,1,4,5,5,4,2,4,3,1,2,3,5,5,5,1,5,0,4,3,4,2,4,4,4,4,2,4,4,0,2,4,2,3,1,4,2,3,2,1,2,2,3,0,1,0,1,0,0,2,1,1,0,4,0,3,3,3,1,3,4,4,3,4,4,0,0,0,0,3,3,0,2,2,0,3,2,2,4,4,2,0,5,0,0,3,1,4,2,4,4,2,3,4,4,4,4,4,4,2,0,2,2,0,4,4,4,0,4,0,4,4,4,2,2,4,4,5,5,4,0"
69,1.4156064604541252,"0,1,2,4,4,1,2,4,5,1,5,5,4,0,2,5,0,0,0,0,1,4,2,4,4,4,2,3,4,2,2,5,5,5,5,5,5,3,2,3,2,0,4,4,3,5,5,1,1,4,4,4,4,2,0,4,4,4,2,0,4,3,2,0,2,4,0,4,4,5,1,2,2,4,0,3,2,5,5,1,3,4,4,4,3,2,4,4,4,3,2,4,2,2,5,5,0,0,4,2,4,4,4,3,3,4,0,0,3,0,2,4,4,2,2,2,2,0,4,4,4,4,4,2,3,2,5,5,1,2,2,0,4,1,3,5,5,0,4,4,4,4,4,0,4,4,4,4,1,3,1,5,5,5,4,0,1,0,1,4,5,5,4,4,4,3,1,2,3,5,5,5,1,5,2,4,3,4,2,4,4,4,3,0,4,4,0,2,4,2,3,1,4,2,3,2,1,2,2,3,0,0,0,1,0,0,2,1,1,0,4,0,3,3,3,1,3,3,4,3,4,4,0,0,0,0,3,3,0,2,2,2,3,2,2,4,4,2,4,5,0,0,3,1,4,2,4,4,0,3,4,4,4,4,4,4,2,0,2,2,0,4,4,4,0,4,0,4,4,4,2,2,4,4,5,5,4,0"
70,1.4146717977287662,"0,1,2,4,4,1,2,4,5,1,5,5,4,0,2,5,0,0,0,0,1,4,2,4,4,4,2,3,4,2,2,5,5,5,5,5,5,3,2,3,2,0,4,4,3,5,5,1,1,4,4,4,4,2,0,4,4,4,2,0,4,3,2,0,2,4,0,4,4,5,1,2,2,4,0,3,2,5,5,1,3,4,4,4,4,2,4,4,4,3,2,4,2,2,1,5,0,0,4,2,4,4,4,3,3,4,0,0,3,0,2,4,4,2,2,2,2,0,4,4,4,4,4,2,3,2,5,5,1,4,2,0,4,1,3,5,5,2,4,4,4,4,4,0,4,4,4,4,1,3,1,5,5,5,4,0,1,0,1,4,5,5,4,2,4,3,1,2,3,5,5,5,1,5,0,4,3,4,3,4,4,4,3,2,4,4,0,2,4,2,3,1,4,2,3,2,4,2,2,3,0,1,0,1,0,0,2,1,1,0,4,0,3,3,3,1,3,4,4,3,4,4,0,0,0,0,3,3,0,2,2,3,3,2,2,4,4,2,0,5,0,0,3,1,4,2,4,4,2,3,4,4,4,4,4,4,2,0,2,2,0,4,4,4,0,4,0,4,4,4,2,2,4,4,5,5,4,0"
71,1.415135185410725,"0,1,2,4,4,1,2,4,5,1,5,5,4,0,2,5,0,0,0,0,1,4,2,4,4,4,2,3,4,2,2,5,5,5,5,5,5,3,2,3,2,0,4,4,3,5,5,1,1,4,4,4,2,2,0,4,4,4,2,0,4,3,2,0,2,4,0,4,4,5,1,2,2,4,0,3,2,5,5,1,3,4,4,4,3,2,4,4,4,3,0,4,2,2,5,5,0,0,4,2,4,4,4,3,3,4,0,0,3,0,2,4,4,2,2,2,2,0,4,4,4,4,4,2,3,2,5,5,1,4,2,0,4,1,3,5,5,2,4,4,4,4,4,0,4,4,4,4,1,3,1,5,5,5,4,0,1,0,1,4,5,5,4,2,4,3,1,2,3,5,5,5,1,5,0,4,3,4,3,4,4,4,3,2,4,4,0,2,4,2,3,1,4,2,3,2,4,2,2,3,0,1,0,1,0,0,2,1,1,0,4,0,3,3,3,1,3,4,4,3,4,4,0,0,0,0,3,3,1,2,2,3,3,2,2,4,4,2,0,5,0,0,3,1,4,2,4,4,2,3,4,4,4,4,4,4,2,0,2,2,0,4,4,4,0,4,0,4,4,4,2,2,4,4,5,5,4,0"
72,1.4151407646891547,"0,1,2,4,4,1,2,4,5,1,5,5,4,0,2,5,0,0,0,0,1,4,2,4,4,4,2,3,4,2,2,5,5,5,5,5,5,3,2,3,2,0,4,4,3,5,5,1,1,4,4,4,2,2,0,4,4,4,2,0,4,3,2,0,2,4,0,4,4,5,1,2,2,4,0,3,2,5,5,1,3,4,4,4,3,2,4,4,4,3,0,4,2,2,5,5,0,0,4,2,4,4,4,3,3,4,0,0,3,0,2,4,4,2,2,2,2,0,4,4,4,4,4,2,3,2,5,5,1,4,2,0,4,1,3,5,5,2,4,4,4,4,4,0,4,4,4,4,1,3,1,5,5,5,4,0,1,0,1,4,5,5,4,2,4,3,1,2,3,5,5,5,1,5,0,4,3,4,3,4,4,4,2,2,4,4,0,2,4,2,3,1,4,2,3,2,4,2,2,3,0,1,0,1,0,0,2,1,1,0,4,0,3,3,3,1,3,4,4,3,4,4,0,0,0,3,3,3,1,2,2,3,3,2,2,4,4,2,0,5,0,0,3,1,4,2,4,4,2,3,4,4,4,4,4,4,2,0,2,2,0,4,4,4,0,4,0,4,4,4,2,2,4,4,5,5,4,0"
73,1.4158331593322535,"0,1,2,4,4,1,2,4,5,1,5,5,4,0,2,5,0,0,0,0,1,4,2,4,4,4,2,3,4,2,2,5,5,5,5,5,5,3,2,3,2,0,4,4,3,5,5,1,1,4,4,4,2,2,0,4,4,4,2,0,4,3,2,0,2,4,0,4,4,5,1,2,2,4,0,3,2,5,5,1,4,4,4,4,3,2,4,4,4,3,0,4,2,2,5,5,0,0,4,2,4,4,4,3,3,4,0,0,3,0,2,4,4,2,2,2,2,0,4,4,4,4,4,2,3,2,5,5,1,4,2,0,4,1,3,5,5,2,4,4,4,4,4,0,4,4,4,4,1,3,1,5,5,5,4,0,1,0,1,4,5,5,4,2,4,3,1,2,3,5,5,5,1,5,0,4,3,4,3,4,4,4,3,2,4,4,0,2,2,2,3,1,4,2,3,2,1,2,2,3,0,1,0,1,0,0,2,1,1,0,4,0,3,3,3,1,3,4,4,3,4,4,0,0,0,0,3,3,0,2,2,3,3,2,2,4,4,2,0,5,0,0,3,1,4,2,4,4,2,3,4,4,4,4,4,4,2,0,2,2,0,4,4,4,0,4,0,4,4,4,2,2,4,4,5,3,4,0"
74,1.4167668717268582,"0,1,2,4,4,1,2,4,5,1,5,5,4,0,2,5,0,0,0,0,1,4,2,4,4,4,2,3,4,2,2,5,5,5,5,5,5,3,2,3,2,0,4,4,3,5,5,1,1,4,4,4,2,2,0,4,4,4,2,0,4,3,2,0,2,4,0,4,4,5,1,2,2,4,0,3,2,5,5,1,4,4,4,4,3,2,4,4,4,3,0,4,2,2,5,5,0,0,4,2,4,4,4,3,3,4,0,0,3,0,2,4,4,2,2,2,2,0,4,4,4,4,4,2,3,2,5,5,1,4,2,0,4,1,3,5,5,2,4,4,4,4,4,2,4,4,4,4,1,3,1,5,5,5,4,0,1,0,1,4,5,5,4,2,4,3,1,2,3,5,5,5,1,5,4,4,3,4,3,4,4,4,3,2,4,4,0,2,2,2,3,1,4,2,3,2,1,2,2,3,0,1,0,1,0,0,2,1,1,0,4,0,3,3,3,1,3,4,4,3,4,4,0,0,0,0,3,3,0,2,2,3,3,2,2,4,4,2,0,5,0,0,3,1,4,2,4,4,2,3,4,4,4,4,4,4,2,0,2,2,0,4,4,4,0,4,0,4,4,4,1,2,4,4,5,5,4,4"
75,1.4164229585483976,"0,1,2,0,4,1,2,4,5,1,5,5,4,0,2,5,0,0,0,0,1,4,2,4,4,4,2,3,4,2,2,5,5,5,5,5,5,3,2,3,2,0,4,4,3,5,5,1,1,4,4,4,2,2,0,4,4,4,2,0,4,3,2,0,2,4,4,4,4,5,1,2,2,4,0,3,2,5,5,1,4,4,4,4,3,2,4,4,4,3,0,4,2,2,5,5,0,0,4,2,4,4,4,3,3,4,0,0,3,0,2,4,4,2,2,2,2,0,4,4,4,4,4,2,3,2,5,5,1,4,2,0,4,1,3,5,5,2,4,4,4,4,4,4,4,4,4,4,1,3,1,5,5,5,4,0,1,0,1,4,5,5,4,2,4,3,0,2,3,5,5,5,1,5,4,4,3,4,3,4,4,4,3,2,4,4,0,2,2,2,3,1,4,2,3,2,1,2,2,3,0,1,0,1,0,0,2,1,1,0,4,0,3,3,3,1,3,4,4,3,4,4,0,0,0,0,3,3,0,2,2,3,3,2,2,4,4,0,0,5,0,0,3,1,4,2,4,4,2,3,4,4,4,4,4,4,2,0,2,2,0,4,4,4,0,4,0,4,4,4,2,2,4,4,5,3,5,0"
76,1.4186843778687397,"0,1,2,0,4,1,2,4,5,1,5,5,4,0,2,5,0,0,0,0,1,4,2,4,4,4,2,3,4,2,2,5,5,5,5,5,5,3,2,3,2,0,4,4,3,5,5,1,1,4,4,4,2,2,0,4,4,4,2,0,4,3,2,0,2,4,4,4,4,5,1,2,2,4,0,3,2,5,5,1,4,4,4,4,3,2,4,4,4,3,0,4,2,2,5,5,0,0,4,2,4,4,4,3,3,4,0,0,3,0,2,4,4,2,2,2,2,0,4,4,4,4,4,2,3,2,5,5,5,4,2,0,4,1,3,5,5,2,4,4,4,4,4,2,4,4,4,4,1,3,1,5,5,5,4,0,1,0,1,4,5,5,4,2,4,3,1,2,3,5,5,5,1,5,4,4,3,4,3,4,4,4,3,2,4,4,0,2,2,2,3,1,4,2,3,2,1,2,0,3,0,1,0,1,0,0,2,1,1,0,4,0,3,3,3,1,3,4,4,3,4,4,0,0,0,0,3,3,0,2,2,3,3,2,2,4,4,2,0,5,0,0,3,1,4,2,4,4,2,3,4,4,4,4,4,4,2,0,2,2,0,4,4,4,0,4,0,4,4,4,2,2,4,4,5,5,4,4"
77,1.4190897087752812,"0,1,2,0,4,1,2,4,5,1,5,5,4,0,2,5,0,0,0,0,1,4,2,4,4,4,2,3,4,2,2,5,5,5,5,5,5,3,2,3,2,0,4,4,3,5,5,1,1,4,4,4,2,2,0,4,4,4,2,0,4,3,2,0,2,4,4,4,4,5,1,2,2,4,0,3,2,5,5,1,4,4,4,4,3,2,4,4,4,3,0,4,2,2,5,5,0,0,4,2,4,4,4,3,3,4,0,0,3,0,2,4,4,2,2,2,2,0,4,4,4,4,4,2,3,2,5,5,5,4,2,0,4,1,3,5,5,2,4,4,4,4,4,2,4,4,4,4,1,3,1,5,5,5,4,0,4,0,1,4,5,5,4,2,4,3,1,2,3,5,5,5,1,5,4,4,3,4,3,4,4,4,3,2,4,4,0,2,2,2,3,1,4,2,3,2,1,1,0,3,0,1,0,1,0,0,2,1,1,0,4,0,3,3,3,3,3,4,4,3,4,4,0,0,0,0,3,3,0,2,2,3,3,2,2,4,4,2,0,5,0,0,3,1,4,2,4,4,2,3,4,4,4,4,4,4,2,0,2,2,0,4,4,4,0,4,0,4,4,4,2,2,4,4,5,5,4,4"
78,1.4188985547646038,"0,1,2,0,4,1,2,4,5,1,5,5,4,0,2,5,0,0,0,0,1,4,2,4,4,4,2,3,4,2,2,5,5,5,5,5,5,3,2,3,2,0,4,4,3,5,5,1,1,4,4,4,2,2,0,4,4,4,2,0,4,3,2,0,2,4,4,4,4,5,1,2,2,4,0,3,2,5,5,1,4,4,4,4,3,2,4,4,4,3,0,1,2,2,5,5,0,0,4,2,4,4,4,3,3,4,0,0,3,0,2,4,4,2,2,2,2,0,4,4,4,4,4,2,3,2,5,5,5,4,2,0,4,1,3,5,5,2,4,4,4,4,4,2,4,4,4,4,1,3,3,5,5,5,4,0,4,0,1,4,5,5,4,2,4,3,1,2,3,5,5,5,1,5,4,4,3,4,3,4,4,4,3,2,4,4,0,2,2,2,3,1,4,2,3,2,1,1,0,3,0,1,0,1,0,0,2,1,1,0,4,0,3,3,3,3,3,4,4,3,4,4,0,0,0,0,3,3,0,2,2,3,3,2,2,4,4,2,0,5,0,0,3,1,4,2,4,4,2,3,4,4,4,4,4,4,2,0,2,2,0,4,4,4,0,4,0,4,4,4,2,2,4,4,5,5,4,4"
79,1.4182454809605312,"0,1,2,0,4,1,2,4,5,1,5,5,4,0,2,5,0,0,0,0,1,4,2,4,4,4,2,3,4,2,2,5,5,5,5,5,5,3,2,3,2,0,4,4,3,5,5,1,1,4,4,4,2,2,0,4,4,4,2,0,4,3,3,0,2,4,4,4,4,5,1,2,2,4,0,3,2,5,5,1,4,4,4,4,3,2,4,4,4,3,0,1,2,2,5,5,0,0,4,2,4,4,4,3,3,4,0,0,3,0,2,4,4,2,2,2,2,0,4,4,4,4,4,2,3,2,5,5,5,4,2,0,4,1,3,5,5,2,4,4,4,4,4,2,4,4,4,4,1,3,3,5,5,5,4,0,4,0,1,4,5,5,4,2,4,3,1,2,3,5,5,5,1,5,4,4,3,4,3,4,4,4,3,2,4,4,0,2,2,2,3,1,4,2,3,2,1,1,0,3,0,1,0,1,0,0,2,1,1,0,4,0,3,3,3,3,3,4,4,3,4,4,0,0,0,0,3,3,0,2,4,3,3,2,2,4,4,2,0,5,0,0,3,1,4,2,4,4,2,3,4,4,4,4,4,4,2,0,2,2,0,4,4,4,0,4,0,4,4,4,2,2,4,4,5,5,4,4"
80,1.4181521754026956,"0,1,2,0,4,1,2,4,5,1,5,5,4,0,2,5,0,0,0,0,1,4,2,4,4,4,2,3,4,2,2,5,5,5,5,5,5,3,2,3,2,0,4,4,3,5,5,1,1,4,4,4,2,2,0,4,4,4,2,0,4,3,3,0,2,4,4,4,4,5,1,2,2,4,0,3,2,5,5,1,4,4,4,4,3,2,4,4,4,3,0,4,2,2,5,5,0,0,4,2,4,4,4,3,3,4,0,0,3,0,2,4,4,2,2,2,2,0,4,4,4,4,4,2,3,2,5,5,5,4,2,0,4,1,3,5,5,2,4,4,4,4,4,2,4,4,4,4,1,3,1,5,5,5,4,0,4,0,1,4,5,5,4,2,4,3,1,2,3,3,5,5,1,5,4,4,3,4,3,4,4,4,3,2,4,4,0,2,2,2,3,1,4,2,3,2,1,1,0,3,0,1,0,1,0,0,2,1,1,0,4,0,3,3,3,3,3,4,4,3,4,4,0,0,0,0,3,3,0,2,2,3,3,2,2,4,4,2,0,5,0,0,3,1,4,2,4,4,2,3,4,4,3,4,4,4,2,0,2,2,0,4,4,4,0,4,0,4,4,4,2,2,4,4,5,5,4,4"
81,1.4201474401018255,"0,1,2,0,4,1,2,4,5,1,5,5,4,0,2,5,0,0,0,0,1,4,2,4,4,4,2,3,4,2,2,5,5,5,5,5,5,3,2,3,2,0,4,4,3,5,5,1,1,4,4,3,2,2,0,4,4,4,2,0,4,3,2,0,2,4,4,4,4,5,1,2,2,4,0,3,2,5,5,1,4,4,4,4,3,2,4,4,4,3,0,4,2,2,5,5,0,0,4,2,4,4,4,3,3,4,0,0,3,0,2,4,4,2,2,2,2,0,4,4,4,4,4,2,3,2,5,5,5,4,2,2,4,1,3,5,5,2,4,4,4,4,4,2,4,4,4,4,1,3,1,5,5,5,2,0,4,0,3,4,5,5,4,2,4,1,1,2,3,5,5,5,1,5,4,4,3,4,3,4,4,4,3,2,4,4,0,2,2,2,3,1,4,2,3,2,1,1,0,3,0,1,0,1,0,0,1,1,1,0,4,0,0,3,3,3,3,4,4,3,4,4,0,0,0,0,3,3,0,2,2,3,3,2,2,4,4,2,0,5,0,0,3,1,4,2,4,4,2,3,4,4,4,4,4,4,2,0,2,2,4,4,4,4,0,4,0,4,4,4,2,2,4,4,5,5,4,4"
82,1.4198215062713082,"0,1,2,0,4,1,2,4,5,1,5,5,4,0,2,5,0,0,0,0,1,4,2,4,4,4,2,3,4,2,2,5,5,5,5,5,5,3,2,3,2,0,4,4,3,5,5,1,1,4,4,3,2,2,0,4,4,4,2,0,4,3,2,0,2,4,4,4,4,5,1,2,2,4,0,3,2,5,5,1,4,4,4,4,3,2,4,4,4,4,0,4,2,2,5,5,0,0,4,2,4,4,4,3,3,4,0,0,3,0,2,4,4,2,2,2,2,0,4,4,4,4,4,2,3,2,5,5,5,4,2,2,4,1,3,5,5,2,4,4,4,4,4,2,4,4,4,4,1,3,1,5,5,5,2,0,4,0,3,4,5,5,4,2,4,1,1,2,3,5,5,5,1,5,4,4,3,4,3,4,4,4,3,2,4,4,0,2,2,2,3,1,4,2,3,2,1,1,0,3,0,1,0,1,0,0,1,1,1,0,4,0,0,3,3,3,3,4,4,3,4,4,0,3,0,0,3,3,0,2,2,3,3,2,2,4,4,2,0,5,0,0,3,1,4,2,4,4,2,3,4,4,4,4,4,4,2,0,2,2,4,4,4,4,0,4,0,4,4,4,2,2,4,4,5,5,4,4"
83,1.4185318691212845,"0,1,2,0,4,1,2,4,5,1,5,5,4,0,2,5,0,0,0,0,1,4,2,4,4,4,2,3,4,2,2,5,5,5,5,5,5,3,2,3,2,0,4,4,3,5,5,1,1,4,4,3,2,2,0,4,4,4,2,0,4,3,2,0,2,4,4,4,4,5,1,2,2,4,0,3,2,5,5,1,4,4,4,4,3,2,4,4,4,4,0,4,2,2,5,5,0,0,4,1,4,4,4,3,3,4,0,0,3,0,2,4,4,2,2,2,2,0,4,4,4,4,4,2,3,2,5,5,5,4,2,2,4,1,3,5,5,2,4,4,4,4,4,2,4,4,4,3,1,3,1,5,5,5,2,0,4,0,3,4,5,5,4,2,4,1,1,2,3,5,5,5,1,5,4,4,3,4,3,4,4,4,3,2,4,4,0,2,2,2,3,1,4,2,3,2,1,1,0,5,0,1,0,1,0,0,1,1,1,0,4,0,0,3,3,3,3,4,4,3,4,4,0,3,0,0,3,3,0,2,2,3,3,2,2,4,4,2,0,5,0,0,3,1,4,2,4,4,2,3,4,4,4,4,4,4,2,0,2,2,4,4,4,4,0,4,0,4,4,4,2,2,4,4,5,5,4,4"
84,1.420104988488435,"0,1,2,0,4,1,2,4,5,1,5,5,4,0,2,5,0,0,0,0,1,4,2,4,4,4,2,3,4,2,2,5,5,5,5,5,5,3,2,3,2,0,4,4,3,5,5,1,1,4,4,3,2,2,0,4,4,4,2,0,4,3,2,0,2,4,4,4,4,5,1,2,2,4,0,3,2,5,5,1,4,4,4,4,3,2,4,4,4,3,0,2,2,2,5,5,0,0,4,2,4,4,4,3,3,4,4,0,3,0,2,4,4,2,2,2,2,0,4,4,4,4,4,2,3,2,5,5,5,0,2,2,4,1,3,5,5,2,4,4,4,4,4,2,4,4,4,4,1,3,1,5,5,5,2,0,4,0,3,4,5,5,4,2,4,1,1,2,3,5,5,5,1,5,4,4,3,4,3,4,4,4,3,2,4,4,0,5,2,2,3,1,4,2,3,2,1,1,0,3,0,1,0,1,0,0,1,1,1,0,4,0,0,3,3,3,3,4,4,3,4,4,0,0,0,0,3,3,0,2,2,3,3,2,2,4,4,0,0,5,0,0,3,1,4,2,4,4,2,3,4,4,4,4,4,4,2,0,2,2,4,4,4,4,0,4,0,4,4,4,2,2,4,4,5,5,4,4"
85,1.420921909780484,"0,1,2,0,4,1,2,4,5,1,5,5,4,0,2,5,0,0,0,0,1,4,2,4,4,4,2,3,4,2,2,5,5,5,5,5,5,3,2,3,2,0,4,4,3,5,5,1,1,4,4,3,2,2,0,4,4,4,2,0,4,3,2,0,2,4,4,4,4,5,1,2,2,4,0,3,2,5,5,1,4,4,4,4,3,2,4,4,4,3,0,2,2,2,5,5,0,0,4,2,4,4,4,3,3,4,4,0,3,0,2,4,4,2,2,2,2,0,4,4,4,4,4,2,3,2,5,5,5,0,2,2,4,1,3,5,5,2,4,4,4,4,4,2,4,4,4,4,1,3,1,5,5,5,2,0,4,0,3,4,5,5,4,2,4,1,1,2,3,5,5,5,1,5,4,4,3,4,3,0,4,4,3,2,4,4,0,2,2,2,3,1,4,2,3,2,1,1,0,0,0,1,1,1,0,0,1,1,1,0,4,3,0,3,3,3,3,4,4,3,4,4,0,0,0,0,3,3,0,2,2,3,3,2,2,4,4,2,0,5,0,0,3,2,4,2,4,4,2,3,4,4,4,4,4,4,2,0,2,2,4,4,4,4,0,4,0,4,4,4,2,2,4,4,5,5,4,4"
86,1.421106130693158,"0,1,2,0,4,1,2,4,5,1,5,5,4,0,2,5,0,0,0,0,1,4,2,4,4,4,2,3,4,2,2,5,5,5,5,5,5,3,2,3,2,0,4,4,3,5,5,1,1,4,4,3,2,2,0,4,4,4,2,0,4,3,2,0,2,4,4,4,4,5,1,2,2,4,0,3,2,5,5,1,4,4,4,4,3,2,4,4,4,3,0,2,2,2,5,5,0,0,4,2,4,4,4,3,3,4,4,0,3,0,2,4,4,2,2,2,2,0,4,4,4,4,4,2,3,2,5,5,5,0,2,2,4,1,3,5,5,2,4,4,4,4,4,0,4,4,4,4,1,3,1,5,5,5,2,0,4,0,3,4,5,5,4,2,4,1,1,2,3,5,5,5,1,5,4,4,3,4,3,0,4,4,3,2,4,4,0,2,2,2,3,1,4,2,3,2,1,1,0,0,0,1,0,1,0,0,1,1,1,0,4,0,0,3,3,3,3,4,4,3,4,4,0,0,0,0,3,3,0,2,2,3,3,2,2,4,4,2,0,5,0,0,3,1,4,2,4,4,2,3,4,4,4,4,4,4,2,0,2,2,4,4,4,4,0,4,0,4,4,4,2,2,4,4,5,5,4,4"
87,1.420041325737886,"0,1,2,0,4,1,2,4,5,1,5,5,4,0,2,5,0,0,0,0,1,4,2,4,4,4,2,3,4,2,2,5,5,5,5,5,5,3,2,3,2,0,4,4,3,5,5,1,1,4,4,2,2,2,0,4,4,4,2,0,4,3,2,0,2,4,4,4,4,5,1,2,2,4,0,3,2,5,5,1,4,4,4,4,3,2,4,4,4,3,0,2,2,2,5,5,0,0,4,2,4,4,4,3,3,4,4,0,3,0,2,4,4,2,2,2,2,0,4,4,4,4,4,2,3,2,5,5,5,0,2,2,4,1,3,5,5,2,4,4,4,4,4,0,4,4,4,4,1,3,1,0,5,5,2,0,4,0,4,4,5,5,4,2,4,1,1,2,3,5,5,5,1,0,4,4,3,4,3,0,4,4,3,2,4,4,0,2,2,2,3,1,4,2,3,2,1,1,0,0,1,1,0,1,0,0,1,1,1,0,4,0,0,3,3,3,3,4,4,3,4,4,0,0,0,0,3,3,0,2,2,3,3,2,2,4,4,2,0,5,0,0,3,1,4,2,4,4,2,3,4,4,4,4,4,4,2,0,2,2,4,4,4,4,0,4,0,4,4,4,2,2,4,4,5,5,4,4"
88,1.421618970253836,"0,1,2,0,4,1,2,4,5,1,5,5,4,0,2,5,0,0,2,0,1,4,2,4,4,4,2,3,4,2,2,5,5,5,5,5,5,3,2,3,2,0,4,4,3,5,5,1,1,4,4,2,2,2,0,4,4,4,2,0,4,3,2,0,2,4,4,4,4,5,1,2,2,4,0,2,2,5,5,1,4,4,4,4,3,2,4,4,4,3,0,2,2,2,5,5,0,0,4,2,4,4,4,3,3,4,4,0,3,0,2,4,4,2,2,2,2,0,4,4,4,4,4,2,3,2,5,5,5,0,2,2,4,1,3,5,5,2,4,4,4,4,4,0,4,4,4,4,1,3,1,5,5,5,2,0,4,0,3,4,5,5,4,2,4,1,1,2,3,5,5,5,1,5,4,4,3,4,3,3,4,4,3,2,4,4,0,2,2,2,3,1,4,2,3,2,1,1,0,0,0,1,0,1,0,0,1,1,1,0,4,0,0,3,3,3,3,4,4,3,4,4,0,0,0,0,3,3,0,2,2,1,3,2,2,4,4,2,0,5,0,0,3,1,4,2,4,4,2,3,4,4,4,4,4,4,2,0,2,2,4,4,4,4,0,4,4,4,4,4,2,2,4,4,5,5,4,4"
89,1.421733537113174,"0,1,2,0,4,1,2,4,5,1,5,5,4,0,2,5,0,0,2,0,1,4,2,4,4,4,2,3,4,2,2,5,5,5,5,5,5,3,2,3,2,0,4,4,3,5,5,1,1,4,4,2,2,2,0,4,4,4,2,0,4,3,2,0,2,4,4,4,4,5,1,2,2,4,0,2,2,5,5,1,4,4,4,4,3,2,4,4,4,3,0,2,2,2,5,5,0,0,4,2,4,4,4,3,3,4,4,0,3,0,2,4,4,2,2,2,2,0,4,4,4,4,4,2,3,2,5,5,5,0,2,2,4,1,3,5,5,2,4,4,4,4,4,0,4,4,4,4,1,3,1,5,5,5,2,0,4,0,3,4,5,5,4,2,4,1,1,2,3,5,5,5,1,5,4,4,3,4,3,3,4,4,3,2,4,4,0,2,2,2,3,1,4,2,3,2,1,1,0,0,0,1,0,1,0,0,1,1,1,0,4,0,0,3,3,3,3,4,4,3,4,4,0,0,0,0,3,3,0,2,2,3,3,2,2,4,4,2,0,1,0,0,3,3,4,2,4,4,2,3,4,4,4,4,4,4,2,0,2,2,4,4,4,4,0,4,0,4,4,4,2,2,4,4,5,5,4,4"
90,1.4210720423552572,"0,1,2,0,4,1,2,4,5,1,5,5,4,0,2,5,0,0,2,0,1,4,2,4,4,4,2,3,4,2,2,5,5,5,5,5,5,3,2,3,2,0,4,4,3,5,5,1,1,3,4,2,2,2,0,4,4,4,2,0,4,3,2,0,2,4,4,4,4,5,1,2,2,4,0,2,2,5,5,1,4,4,4,4,3,2,4,4,4,3,0,2,2,2,5,5,0,0,4,2,4,4,4,3,3,4,4,0,3,0,2,4,4,2,2,2,2,0,4,4,4,4,4,2,3,2,5,5,5,0,2,2,4,1,3,5,5,2,4,4,4,4,4,0,4,4,4,4,1,3,1,5,5,5,2,0,4,0,3,4,5,5,4,2,4,1,1,2,3,5,5,5,1,5,4,4,3,4,3,3,4,4,3,2,4,4,0,2,2,2,3,1,4,2,3,2,1,1,0,0,0,1,0,1,0,0,1,1,1,0,4,0,0,3,3,3,3,4,4,3,4,4,0,0,0,0,3,3,0,2,2,3,3,2,2,4,4,2,0,1,0,0,3,3,4,2,4,4,2,3,4,0,4,4,4,4,2,0,2,2,4,4,4,4,0,4,0,4,4,4,2,2,4,4,5,5,4,4"
91,1.4204968538357148,"0,1,2,0,4,1,2,4,5,1,5,5,4,0,2,5,0,0,2,0,1,4,2,4,4,4,2,3,4,2,2,5,5,5,5,5,5,3,2,3,2,0,4,4,3,5,5,1,1,3,4,2,2,2,0,4,4,4,2,0,4,3,2,0,2,4,4,4,4,5,1,2,2,4,0,2,2,5,5,1,4,4,4,4,3,2,4,4,4,3,0,2,2,2,5,5,0,0,4,2,4,4,4,3,3,4,4,0,3,0,2,4,4,2,2,2,2,2,4,4,4,4,4,2,3,2,5,5,5,0,2,2,4,1,3,5,5,2,4,4,4,4,4,0,4,4,4,4,1,3,1,5,5,5,2,0,4,0,3,4,5,5,4,2,4,1,1,2,3,5,5,5,1,5,4,4,3,4,3,3,4,4,3,2,4,4,0,2,2,2,3,1,4,2,0,2,1,1,0,0,0,1,2,1,0,0,1,1,1,0,4,0,0,3,3,3,3,4,4,3,4,4,0,0,0,0,3,3,0,2,2,3,3,2,2,4,4,2,0,5,0,0,3,1,4,2,4,4,2,3,1,4,4,4,4,4,2,0,2,2,4,4,4,4,0,4,4,4,4,4,2,2,4,4,5,5,4,4"
92,1.4221322597328256,"0,1,2,0,4,1,2,4,5,1,5,5,4,0,2,5,0,0,2,0,1,4,2,4,4,4,2,3,4,2,2,5,5,5,5,5,5,3,2,3,2,0,4,4,3,5,5,1,1,3,4,2,2,2,0,4,4,4,2,0,4,3,2,0,2,4,4,4,4,5,1,2,2,4,0,2,2,5,5,1,4,4,4,4,3,2,4,4,4,3,0,2,2,2,5,5,0,0,4,2,4,4,4,3,3,4,4,0,3,0,2,4,4,2,2,2,2,2,4,4,4,4,4,2,3,2,5,5,5,0,2,2,4,1,3,5,5,2,4,4,4,4,4,0,4,4,4,4,1,3,1,5,5,5,2,0,4,0,3,4,5,5,4,2,4,1,1,2,3,5,5,5,1,5,4,4,3,4,3,3,4,4,3,2,4,4,0,2,2,2,3,1,4,2,3,2,1,1,0,0,0,1,0,1,0,0,1,1,1,0,4,2,0,3,3,3,3,4,4,3,4,4,0,0,0,0,3,4,0,2,2,2,3,2,2,4,4,2,0,5,0,0,3,1,4,2,4,4,2,3,4,4,4,4,4,4,2,0,2,2,4,4,4,4,0,4,4,4,4,4,2,2,4,4,5,5,4,4"
93,1.4217706617361092,"0,1,2,0,4,1,2,4,5,1,5,5,4,0,2,5,0,0,2,0,2,4,2,4,4,4,2,3,4,2,2,5,5,5,5,5,5,3,2,3,2,0,4,4,3,5,5,1,1,3,4,2,2,2,0,4,4,4,2,0,4,3,2,0,2,4,4,4,4,5,1,2,2,4,0,2,2,5,5,1,4,4,4,4,3,2,4,4,4,3,2,2,2,2,5,5,0,0,4,2,4,4,4,3,3,4,4,0,3,0,2,4,4,2,2,2,2,0,4,4,4,4,4,2,3,2,5,5,5,0,2,2,4,1,3,5,5,2,4,4,4,4,4,0,4,4,4,4,1,3,1,5,0,5,2,0,4,0,3,4,5,5,4,2,4,1,1,2,3,5,5,5,1,5,4,4,3,4,3,3,4,4,3,2,4,4,0,2,2,2,3,1,4,2,3,2,1,1,0,0,0,1,0,1,0,0,1,1,1,0,4,0,0,3,3,3,3,0,4,3,4,4,0,0,0,0,3,3,0,2,2,2,3,2,2,4,4,2,0,5,0,0,3,1,4,2,4,4,2,3,4,4,4,4,4,4,2,0,2,2,4,4,4,4,0,4,4,4,4,4,2,2,4,4,5,5,1,4"
94,1.422935633417944,"0,1,2,0,4,1,2,4,5,1,5,5,4,0,2,5,0,0,2,0,2,4,2,4,4,4,2,3,4,2,2,5,5,5,5,5,5,3,2,3,2,0,4,4,3,5,5,1,1,3,4,2,2,2,0,4,4,4,2,0,4,3,2,0,2,4,4,4,4,5,1,2,2,4,0,2,2,5,5,1,4,4,4,4,3,2,4,4,4,3,2,2,2,2,5,5,0,0,0,2,4,4,4,3,3,4,4,0,3,0,2,4,4,2,2,2,2,0,4,4,4,4,4,2,3,2,5,5,5,0,2,2,4,1,3,5,5,2,4,4,4,4,4,0,4,4,4,4,1,3,1,5,5,5,2,0,4,0,3,4,5,5,4,2,4,1,1,2,3,5,5,5,1,5,4,4,3,4,3,3,4,4,3,2,4,4,0,2,2,2,3,1,4,2,3,2,1,1,0,0,0,1,0,1,0,0,1,1,1,0,4,2,1,3,3,3,3,4,4,3,1,4,3,0,0,0,3,4,0,2,2,2,3,2,2,4,4,2,0,5,0,0,3,1,4,2,4,4,2,3,4,4,4,4,4,4,2,0,2,2,4,4,4,4,0,4,4,4,4,4,2,2,4,4,5,5,4,4"
95,1.4221533741514902,"0,1,2,0,4,1,2,4,5,1,5,5,4,0,2,5,0,0,2,1,2,4,2,4,4,4,2,3,4,2,2,5,5,5,5,5,5,3,2,3,2,0,4,4,3,5,5,1,1,3,4,2,2,2,0,4,4,4,2,0,4,3,2,0,2,4,4,4,4,5,1,2,2,4,0,2,2,5,5,1,4,4,4,4,3,2,4,4,4,3,2,2,2,2,5,5,0,0,0,2,4,4,4,3,3,4,4,0,3,0,2,4,4,2,2,2,2,0,4,4,4,4,4,2,3,2,5,5,5,0,2,2,4,1,3,5,5,4,4,4,4,4,4,0,4,4,4,4,1,3,1,5,5,5,2,0,4,0,3,4,5,5,4,2,4,1,1,2,3,2,5,5,1,5,4,4,3,4,3,3,4,4,3,2,4,4,0,2,2,2,3,1,4,2,3,2,1,0,0,0,0,1,0,1,0,0,1,1,1,0,4,2,1,3,3,3,3,4,4,3,3,4,0,0,0,0,3,4,0,2,2,2,3,2,2,4,4,2,0,5,0,0,3,1,4,2,4,4,2,3,4,4,4,4,4,4,2,0,2,2,4,4,4,4,0,4,4,4,4,4,2,2,4,4,5,5,4,4"
96,1.4228680446799202,"0,1,2,0,4,1,2,4,5,1,5,5,4,0,2,5,0,0,2,1,2,4,2,4,4,4,2,3,4,2,2,5,5,5,5,5,5,3,2,3,2,0,4,4,3,5,5,1,1,3,4,2,2,2,0,4,4,4,2,0,4,3,2,0,2,4,4,4,4,5,5,2,2,4,0,2,2,5,5,1,4,4,4,4,3,2,4,4,4,3,0,2,2,2,5,5,0,0,0,2,4,4,4,3,4,4,4,0,3,0,2,4,4,2,2,2,2,0,4,4,4,4,4,2,3,2,5,5,5,0,2,2,4,1,3,5,5,4,4,4,4,4,4,0,4,4,4,4,1,3,1,5,5,5,2,0,4,0,3,4,5,5,4,2,4,1,1,2,2,5,5,5,1,5,4,4,3,4,3,3,4,4,3,2,4,4,0,2,2,2,2,1,4,2,3,2,1,1,0,0,0,1,0,1,0,0,1,1,1,0,2,2,0,3,3,3,3,4,4,3,4,4,0,0,0,0,3,4,0,2,2,2,3,2,2,4,4,2,0,5,0,0,3,1,4,2,4,4,2,3,4,4,4,4,4,4,2,0,2,2,4,4,4,4,0,4,4,4,4,4,2,2,4,4,5,5,4,4"
97,1.4232625669710504,"0,1,2,2,4,1,2,4,5,1,5,5,4,0,2,5,0,0,2,1,2,4,2,4,4,4,2,3,4,2,2,5,5,5,5,5,5,3,2,3,2,0,4,4,3,5,5,1,1,3,4,2,2,2,0,4,4,4,2,0,4,3,2,0,2,4,4,4,4,5,1,2,2,4,0,2,2,5,5,1,4,4,4,4,3,2,4,4,4,3,2,2,2,2,5,5,0,0,0,2,4,4,4,3,3,4,4,0,3,0,2,4,4,2,2,2,2,0,4,4,4,4,4,2,3,2,5,5,5,0,2,2,4,1,3,5,5,4,4,4,4,4,4,0,4,4,4,4,1,3,1,5,5,5,2,0,4,0,3,4,5,5,4,2,4,1,1,2,3,5,5,5,1,5,4,4,3,4,3,3,4,4,3,2,4,4,0,2,2,2,2,1,4,2,3,2,1,1,0,0,0,1,0,1,0,0,1,1,1,4,2,2,0,3,3,3,3,4,4,3,4,4,0,0,0,0,3,4,0,2,2,2,3,2,2,4,4,2,0,5,0,0,3,1,4,2,4,4,2,3,4,4,4,4,4,4,2,0,2,2,4,4,4,4,0,4,4,4,4,4,2,2,4,4,5,5,4,4"
98,1.4237061300937355,"0,1,2,2,4,1,2,4,5,1,5,5,4,0,2,5,0,0,2,1,2,4,2,4,4,4,2,3,4,2,2,5,5,5,5,5,5,3,2,3,2,0,4,4,3,5,5,1,1,3,4,2,2,2,0,4,4,4,2,0,4,3,2,0,2,4,4,4,4,5,1,2,2,4,0,2,2,5,5,1,4,4,4,4,3,2,4,4,4,3,2,2,2,2,5,5,0,0,0,2,4,4,4,3,3,4,4,0,3,0,2,4,4,2,2,2,2,0,4,4,4,4,4,2,3,2,5,5,5,0,2,2,4,1,3,5,5,4,4,4,4,4,4,4,4,4,4,4,1,3,1,5,5,5,2,0,4,2,3,4,5,5,4,2,4,1,1,2,3,5,5,5,1,5,4,4,3,4,3,3,4,4,3,2,4,4,0,2,2,2,2,1,4,2,3,2,1,1,0,0,0,1,0,1,0,0,1,1,1,0,2,2,0,3,3,3,3,4,4,3,4,4,0,0,0,0,3,4,0,2,2,2,3,2,2,4,4,2,0,5,0,0,3,1,4,2,4,4,2,3,4,4,4,4,4,4,2,0,2,2,4,4,4,4,0,4,4,4,4,4,2,2,4,4,5,5,4,4"
99,1.4210092484185783,"0,1,2,2,4,1,2,4,5,1,5,5,4,0,2,5,0,0,2,1,2,4,2,4,4,4,2,3,4,2,2,5,5,5,5,5,5,3,2,3,2,0,4,4,3,5,5,1,1,3,4,2,2,2,0,4,4,4,2,0,4,3,2,0,2,4,4,4,4,5,1,2,2,4,0,2,2,5,5,1,4,4,4,4,3,2,4,4,4,3,2,2,2,2,5,5,0,0,0,2,4,4,4,3,3,4,4,0,3,0,2,4,4,2,2,2,2,0,4,4,4,4,4,2,3,2,5,5,5,0,2,2,4,1,3,5,5,4,4,4,4,4,4,4,4,4,4,2,1,3,1,5,5,5,2,0,4,2,3,4,5,5,4,2,4,1,1,2,3,5,5,5,1,5,4,4,3,4,3,3,4,4,3,2,4,4,0,2,2,5,2,1,0,2,3,2,1,1,0,0,0,1,0,1,0,0,1,1,1,0,2,2,0,3,3,3,3,4,5,3,4,4,0,0,0,0,3,4,0,2,2,2,3,2,2,4,4,2,0,5,0,0,3,1,4,2,4,4,2,3,4,4,4,4,4,4,2,0,2,2,4,4,4,4,0,4,4,4,4,4,2,2,4,4,5,5,4,4"
100,1.421574536918178,"0,1,2,2,4,1,2,4,5,1,5,5,4,0,2,5,0,0,2,1,2,4,2,4,4,4,2,3,4,2,2,5,5,5,5,5,5,3,2,3,2,0,4,4,3,5,5,1,1,3,4,2,2,2,0,4,4,4,2,0,4,3,2,0,2,4,4,4,4,5,1,2,2,4,0,2,2,5,5,1,4,4,4,4,3,2,4,4,4,3,2,2,2,2,5,5,0,0,0,2,4,4,4,3,3,4,4,0,3,0,2,4,4,1,2,2,2,0,4,4,4,4,4,2,3,2,5,5,5,0,2,2,4,1,3,5,5,4,4,4,4,4,4,0,4,4,4,4,1,3,1,5,5,5,2,0,4,1,3,4,5,5,4,2,4,1,1,2,3,5,5,5,1,5,4,4,3,4,3,3,4,4,3,2,4,4,0,1,2,2,2,1,2,2,3,2,1,1,0,0,0,1,0,1,0,0,1,1,1,0,2,2,0,3,3,3,3,4,4,3,4,4,0,0,2,0,3,4,0,2,2,2,3,2,2,4,4,2,0,5,0,0,3,1,4,2,4,4,2,3,4,4,4,4,4,4,2,0,4,2,4,4,4,4,0,4,4,4,4,4,2,2,4,4,5,5,4,4"
101,1.4245464573907354,"0,1,2,2,4,1,2,4,5,1,5,5,4,0,2,5,0,0,2,1,2,4,2,4,4,4,2,3,4,2,2,5,5,5,5,5,5,3,2,3,2,0,4,4,3,5,5,1,1,3,4,2,2,2,0,4,4,4,2,0,4,3,2,0,2,4,4,4,4,5,1,2,2,4,0,2,2,5,5,4,4,4,4,4,3,2,4,4,4,3,2,2,2,2,5,5,0,0,0,2,4,4,4,3,3,4,4,0,3,0,2,4,4,2,2,2,2,0,4,4,4,4,4,2,3,2,5,5,5,0,2,2,4,1,3,5,5,4,4,4,4,4,4,0,4,4,4,4,1,2,1,5,5,5,2,0,4,2,3,4,5,5,4,2,4,1,1,2,3,5,5,5,1,5,4,4,3,4,3,3,4,4,3,2,4,4,0,2,2,2,2,4,4,2,1,2,1,1,0,0,0,1,0,1,0,0,1,1,1,0,2,2,0,3,3,3,3,4,4,3,4,4,0,0,0,0,3,4,0,2,2,2,3,2,2,4,4,2,0,5,0,0,1,1,4,2,4,4,2,3,4,4,4,4,4,4,2,1,2,2,4,4,4,4,0,4,3,4,4,4,2,2,4,4,5,5,4,4"
102,1.4222924989245704,"0,1,2,2,4,1,2,4,5,1,5,5,4,0,2,5,0,0,2,1,2,4,2,4,4,4,2,3,4,2,2,5,5,5,5,5,5,3,2,3,2,0,4,4,3,5,5,1,1,3,4,2,2,2,0,4,4,4,2,0,4,3,2,0,2,4,4,4,4,5,1,2,2,4,0,2,2,5,5,4,4,4,4,4,3,2,4,4,4,3,2,2,2,2,5,5,0,0,0,2,4,4,4,3,3,2,4,0,3,0,2,4,4,2,2,2,2,0,4,4,4,4,4,2,3,2,5,5,5,0,2,2,0,1,3,5,5,4,4,4,4,4,4,0,4,4,4,4,1,2,1,5,5,5,2,0,4,2,3,4,5,5,4,2,4,1,1,2,3,5,5,5,1,5,4,4,3,4,3,3,4,4,3,2,4,4,0,2,2,2,5,4,4,2,1,2,1,1,0,0,0,1,0,1,4,0,1,1,1,0,2,2,0,3,3,3,3,4,4,3,4,4,0,0,0,0,3,4,0,2,2,2,3,2,2,4,4,2,0,5,0,0,1,1,4,2,4,4,2,3,4,4,4,4,4,4,2,1,2,2,4,4,4,4,0,4,3,4,4,4,2,2,4,4,5,5,4,4"
103,1.4218448585310821,"0,1,2,2,4,1,2,4,5,1,5,5,4,0,2,5,0,0,2,1,2,4,2,4,4,4,2,3,4,2,2,5,5,5,5,5,5,3,2,3,2,0,4,4,3,5,5,1,1,3,4,2,2,2,0,4,4,4,2,0,4,3,2,0,2,4,4,4,4,5,1,2,2,4,0,2,2,5,5,4,4,4,4,4,3,2,4,4,4,3,2,2,2,2,5,5,0,0,0,2,4,4,4,3,3,2,4,0,3,0,2,4,4,2,2,2,2,0,4,4,4,4,4,2,3,2,5,5,3,0,2,2,4,3,3,5,5,4,4,4,4,4,4,0,4,4,4,4,1,2,1,5,5,5,2,0,4,2,3,4,5,5,4,2,4,1,1,2,3,5,5,5,1,5,4,4,3,4,3,3,4,4,3,2,4,4,0,2,2,2,2,4,4,2,3,2,1,4,0,0,0,1,0,1,0,0,1,1,1,0,2,2,0,3,3,3,3,4,4,3,4,4,3,0,0,0,3,4,0,2,2,2,3,2,2,4,4,2,0,5,0,0,3,1,4,2,4,4,2,3,4,4,4,4,4,4,2,1,2,3,0,4,4,4,0,4,3,1,4,4,2,2,4,4,5,5,4,4"
104,1.4250857372915207,"0,1,2,2,4,1,2,4,5,1,5,5,4,0,2,5,0,0,2,1,2,4,2,4,4,4,2,3,4,2,2,5,5,5,5,5,5,3,2,3,2,0,4,4,3,5,5,1,1,3,4,2,2,2,0,4,4,4,2,0,4,3,2,0,2,4,4,4,4,5,1,2,2,4,0,2,2,5,5,4,4,4,4,4,3,2,4,4,4,3,2,2,2,2,5,5,0,0,0,2,4,4,4,2,3,4,4,0,3,0,2,4,4,2,2,2,2,0,4,4,4,4,4,2,3,2,5,5,5,0,2,2,4,1,3,5,5,4,4,4,4,4,4,0,4,4,4,4,1,2,1,5,5,5,2,0,4,2,3,4,5,5,4,2,4,1,1,2,3,5,5,5,1,5,4,4,3,4,3,3,4,4,3,2,4,4,0,2,2,2,2,4,4,2,3,2,1,1,0,0,0,1,0,1,0,0,1,1,1,0,2,2,0,3,3,3,3,4,4,3,4,4,0,0,0,0,3,2,0,2,2,2,3,2,2,4,4,2,0,5,0,0,1,1,4,2,4,4,2,3,4,4,4,4,4,4,2,1,2,2,4,4,4,4,0,4,3,4,4,4,2,2,4,4,5,5,4,4"
105,1.424303008218229,"0,1,2,2,4,1,2,4,5,1,5,5,4,0,2,5,0,0,2,1,2,4,2,4,4,4,2,3,4,2,2,5,5,5,5,5,5,3,2,3,2,0,4,4,3,5,5,1,1,3,4,2,2,2,0,4,4,4,2,0,4,3,2,0,2,4,4,4,4,5,1,2,2,4,0,2,2,5,5,4,4,4,4,4,3,2,4,4,4,3,2,2,2,2,5,5,0,0,0,2,4,4,4,2,3,4,4,0,3,0,2,4,4,2,2,2,2,0,4,4,4,4,4,2,3,2,5,5,5,0,2,2,4,1,3,5,5,4,4,4,4,4,4,0,4,4,4,4,1,2,1,5,5,5,2,0,4,2,3,4,5,5,4,2,4,1,1,2,3,5,5,5,5,5,4,4,3,4,3,3,4,4,3,2,4,4,0,2,2,2,2,4,4,2,3,2,1,1,0,0,0,1,0,1,0,0,1,1,1,0,2,2,0,3,3,3,3,4,4,3,4,4,3,0,0,0,3,4,0,2,2,2,3,2,2,4,4,2,0,5,0,0,3,1,4,2,4,4,2,3,4,4,4,4,4,4,2,0,2,2,4,4,4,4,0,4,4,1,4,3,2,2,4,4,5,5,4,4"
106,1.4246805881733973,"0,1,2,2,4,1,2,4,5,1,5,5,4,0,2,5,0,0,2,1,2,4,2,4,4,4,2,3,4,2,2,5,5,5,5,5,5,3,2,3,2,0,4,4,3,5,5,1,1,3,4,2,2,2,0,4,4,4,2,0,4,3,2,0,2,4,4,4,4,5,1,2,2,4,0,2,2,5,5,4,4,4,4,4,3,2,4,4,4,3,2,2,2,2,5,5,0,0,0,2,4,4,4,2,3,4,4,0,3,0,2,4,4,2,2,2,2,0,4,4,4,4,4,2,3,2,5,5,5,0,2,2,4,1,3,5,5,4,4,4,4,4,4,0,4,4,4,4,1,2,1,5,5,5,2,0,4,2,3,4,5,5,4,2,4,1,1,2,3,5,5,5,1,5,4,4,3,4,3,3,4,4,3,2,4,4,4,2,2,2,2,4,4,2,3,2,1,1,0,0,0,1,0,1,0,0,1,1,1,0,2,2,0,3,2,3,3,1,4,3,4,4,0,0,0,0,3,2,0,2,2,2,3,2,2,4,4,2,0,5,0,0,1,0,4,2,4,4,2,3,4,4,4,4,4,4,2,1,2,2,4,4,4,4,0,4,3,4,4,4,2,2,4,4,5,5,4,4"
107,1.425826816916351,"0,1,2,2,4,1,2,4,5,1,5,5,4,0,2,5,0,0,2,1,2,4,2,4,4,4,2,3,4,2,2,5,5,5,5,5,5,3,2,3,2,0,4,2,3,5,5,1,1,3,4,2,2,2,0,4,4,4,2,0,4,3,2,0,2,4,4,4,4,5,1,2,2,4,0,2,2,5,5,4,4,4,4,4,3,2,4,4,4,3,2,2,2,2,5,5,0,0,0,2,4,4,4,2,3,4,4,0,3,0,2,4,4,2,2,2,2,0,4,4,4,4,4,2,3,2,5,5,5,0,2,2,4,1,3,5,5,4,4,4,4,4,4,0,4,4,4,4,1,2,1,5,5,5,2,0,4,2,3,4,5,5,4,2,4,1,1,2,3,5,5,5,5,5,4,4,3,4,3,3,4,4,3,2,4,4,0,2,2,2,2,4,4,2,3,2,1,1,0,1,0,1,0,1,0,0,1,1,1,0,2,2,0,3,3,3,3,4,4,3,4,4,0,0,0,0,3,2,0,2,2,2,3,2,2,4,4,2,0,5,0,0,1,1,4,2,4,4,2,3,4,4,4,4,4,4,2,1,2,2,4,4,4,4,0,4,3,4,4,4,2,2,4,4,5,5,4,4"
108,1.425826816916351,"0,1,2,2,4,1,2,4,5,1,5,5,4,0,2,5,0,0,2,1,2,4,2,4,4,4,2,3,4,2,2,5,5,5,5,5,5,3,2,3,2,0,4,2,3,5,5,1,1,3,4,2,2,2,0,4,4,4,2,0,4,3,2,0,2,4,4,4,4,5,1,2,2,4,0,2,2,5,5,4,4,4,4,4,3,2,4,4,4,3,2,2,2,2,5,5,0,0,0,2,4,4,4,2,3,4,4,0,3,0,2,4,4,2,2,2,2,0,4,4,4,4,4,2,3,2,5,5,5,0,2,2,4,1,3,5,5,4,4,4,4,4,4,0,4,4,4,4,1,2,1,5,5,5,2,0,4,2,3,4,5,5,4,2,4,1,1,2,3,5,5,5,5,5,4,4,3,4,3,3,4,4,3,2,4,4,0,2,2,2,2,4,4,2,3,2,1,1,0,1,0,1,0,1,0,0,1,1,1,0,2,2,0,3,3,3,3,4,4,3,4,4,0,0,0,0,3,2,0,2,2,2,3,2,2,4,4,2,0,5,0,0,1,1,4,2,4,4,2,3,4,4,4,4,4,4,2,1,2,2,4,4,4,4,0,4,3,4,4,4,2,2,4,4,5,5,4,4"
109,1.4258225008416898,"0,1,2,2,4,1,2,4,5,1,5,5,4,0,2,5,0,0,2,1,2,4,2,4,4,4,2,3,4,2,2,5,5,5,5,5,5,3,2,3,2,0,4,2,3,5,5,1,1,3,4,2,2,2,0,4,4,4,2,0,4,3,2,0,2,4,4,4,4,5,1,2,2,4,0,2,2,5,5,4,4,4,4,4,3,2,4,4,4,3,2,2,2,2,5,5,0,0,0,2,4,4,4,2,3,4,4,0,3,0,2,4,4,2,2,2,2,0,4,4,4,4,4,2,3,2,5,5,5,0,2,2,4,1,3,5,5,4,4,4,4,4,4,0,4,4,4,4,1,2,1,5,5,5,2,0,2,2,3,4,5,5,4,2,4,1,1,2,4,5,5,5,5,5,4,4,3,4,3,3,4,4,3,2,4,4,0,2,2,2,2,4,4,2,3,2,1,1,0,1,0,1,0,1,0,0,1,1,1,0,2,2,0,3,3,3,3,4,4,3,4,4,0,0,0,0,3,2,0,2,2,2,3,2,2,4,4,2,0,5,0,0,1,1,4,2,4,4,2,3,4,4,4,4,4,4,2,1,2,2,0,4,4,4,0,4,3,4,4,4,2,2,4,4,5,5,4,4"
110,1.426574555431691,"0,1,2,2,4,1,2,4,5,1,5,5,4,0,2,5,0,2,2,1,2,4,2,4,4,4,2,3,4,2,2,5,5,5,5,5,5,3,2,3,2,0,4,2,3,5,5,1,1,3,4,2,2,2,0,4,4,4,2,0,4,3,2,0,2,4,4,4,4,5,1,2,2,4,0,2,2,5,5,4,4,4,4,4,3,2,4,4,4,3,2,2,2,2,5,5,0,0,0,2,4,4,4,2,3,4,4,0,3,0,2,4,4,2,2,2,2,0,4,4,4,4,4,2,3,2,5,5,5,0,2,2,4,1,3,5,5,4,4,4,4,4,4,0,4,4,4,4,1,2,1,5,5,5,2,0,2,2,3,4,5,5,4,2,4,1,1,4,3,5,5,5,5,5,4,4,3,4,3,3,4,4,3,2,4,4,0,2,2,2,2,4,4,2,3,2,1,1,0,1,0,1,0,1,0,0,1,1,1,0,2,2,0,3,3,3,3,4,4,3,4,4,0,0,0,0,3,2,0,2,2,2,3,2,2,4,4,2,0,5,0,0,1,1,4,2,4,4,2,3,4,4,2,4,4,4,2,1,2,2,4,4,4,4,0,4,3,4,4,4,2,2,4,4,5,5,4,4"
111,1.4268521275237835,"0,1,2,2,4,1,2,4,5,1,5,5,4,0,2,5,0,2,2,1,2,4,2,4,4,4,2,3,4,2,2,5,5,5,5,5,5,3,2,3,2,0,4,2,3,5,5,1,1,3,4,2,2,2,0,4,4,4,2,0,4,3,2,0,2,4,4,4,4,5,1,2,2,4,0,2,2,5,5,4,4,4,4,4,0,2,4,4,4,3,2,2,2,2,5,5,0,0,0,2,4,4,4,2,3,4,4,3,3,0,2,4,4,2,2,2,2,0,4,4,4,4,4,2,3,2,5,5,5,0,2,2,4,1,3,5,5,4,4,4,4,4,4,0,4,4,4,4,1,2,1,5,5,5,2,0,2,2,3,4,5,5,4,2,4,1,1,4,3,5,5,5,5,5,4,4,3,4,3,3,4,4,2,2,4,4,0,2,2,2,2,4,4,2,3,2,1,1,0,1,0,1,0,1,0,0,1,1,1,0,2,2,0,3,3,3,3,4,4,3,4,4,0,0,0,0,3,2,0,2,2,2,3,2,2,4,4,2,0,5,0,0,1,1,4,2,4,4,2,3,4,4,4,4,4,4,2,1,2,2,4,4,4,4,0,4,3,4,4,4,2,2,4,4,5,5,4,4"
112,1.4252211646132327,"0,1,2,2,4,1,2,4,5,1,5,5,4,0,2,5,0,2,2,1,2,4,2,4,4,4,2,3,4,2,2,5,5,5,5,5,5,3,2,3,2,0,4,2,3,5,5,1,1,3,4,2,2,2,0,4,4,4,2,0,4,3,2,0,2,4,4,4,4,5,1,2,2,4,0,2,2,5,5,4,4,4,4,4,3,2,4,4,4,3,2,2,2,2,5,5,0,0,0,2,4,4,4,2,3,4,4,3,3,0,2,4,4,2,2,0,2,0,4,4,4,4,4,2,3,2,5,5,5,0,2,2,4,1,3,5,5,4,4,4,4,4,4,0,4,4,4,4,1,2,1,5,5,5,2,0,2,2,3,4,5,5,4,2,4,1,1,4,3,0,5,5,5,5,4,4,3,4,3,3,4,4,3,2,4,4,0,2,2,2,2,4,4,2,3,2,1,1,0,1,0,1,0,1,0,0,1,1,1,0,2,2,0,3,3,3,3,4,4,3,4,4,0,0,0,0,1,2,0,2,2,2,3,2,2,4,4,2,0,5,0,0,1,1,4,2,4,4,5,3,4,4,4,4,4,4,2,1,2,2,4,4,4,4,0,4,3,4,4,4,2,2,4,4,5,5,4,4"
113,1.4253596703975886,"0,1,2,2,4,1,2,4,5,1,5,5,4,0,2,5,0,2,2,1,2,4,2,4,4,4,2,3,4,2,2,5,5,5,5,5,5,3,2,3,2,0,4,2,3,5,5,1,1,3,4,2,2,2,0,4,4,4,2,0,4,3,2,0,2,4,4,4,4,5,1,2,2,4,0,2,2,5,5,4,4,4,4,4,0,2,4,4,4,3,2,2,2,2,5,5,0,0,0,2,4,4,4,2,3,4,4,3,3,0,2,4,4,2,2,2,2,0,4,4,4,4,4,2,3,2,5,5,5,0,2,2,4,1,3,5,5,4,4,4,4,4,4,0,4,4,4,4,1,2,1,5,5,5,2,0,2,2,3,4,5,5,4,2,4,1,1,4,3,5,5,5,5,5,4,4,3,4,3,3,4,4,1,2,4,4,0,2,0,2,2,4,4,2,3,2,1,1,0,1,4,1,0,1,0,0,1,1,1,0,2,2,0,3,3,3,0,4,4,3,4,4,0,0,0,0,3,2,0,2,2,2,3,2,2,4,4,2,0,5,0,0,1,1,4,2,4,4,2,3,3,4,4,4,4,4,2,1,2,2,4,4,4,4,0,4,3,4,4,4,2,2,4,4,5,5,4,4"
114,1.4274194947164507,"0,1,2,2,4,1,2,4,5,1,5,5,4,0,2,5,0,2,2,1,2,4,2,4,4,4,2,3,4,2,2,5,5,5,5,5,5,3,2,3,2,0,4,2,3,5,5,1,1,3,4,2,2,2,0,4,4,4,2,0,4,3,2,0,2,4,4,4,4,5,1,2,2,4,0,2,2,5,5,4,4,4,4,4,2,2,4,4,4,3,2,2,2,2,5,5,0,0,0,2,4,4,4,2,3,4,4,3,3,0,2,4,4,2,2,2,2,0,4,4,4,4,4,2,3,2,5,5,5,0,2,2,4,1,3,5,5,4,4,4,4,4,4,0,4,4,4,4,3,2,1,5,5,5,2,0,2,2,3,4,5,5,4,2,4,1,1,4,3,5,5,5,5,5,4,4,3,4,3,3,4,4,3,2,4,4,0,2,2,2,2,4,4,2,3,2,1,1,0,1,0,1,0,1,0,0,1,1,1,0,2,2,0,3,3,3,2,4,4,3,2,4,0,0,0,0,3,2,0,2,2,2,3,2,2,4,4,2,0,5,0,0,1,1,4,2,4,4,2,3,4,4,4,4,4,4,2,1,2,2,4,4,4,4,0,4,4,4,4,4,2,0,4,4,5,5,4,4"
115,1.4282541057530331,"0,1,2,2,4,1,2,4,5,1,5,5,4,0,2,5,0,2,2,1,2,4,2,4,4,4,2,3,4,2,2,5,5,5,5,5,5,3,2,3,2,0,4,2,3,5,5,1,1,3,4,2,2,2,0,4,4,4,2,4,4,3,2,0,2,4,4,4,4,5,1,2,2,4,0,2,2,5,5,4,4,4,4,4,2,2,4,4,4,3,2,2,2,2,5,5,0,0,0,2,4,4,4,2,3,4,4,3,3,0,2,4,4,2,2,2,2,0,4,4,4,4,4,2,3,2,5,5,5,0,2,2,4,1,3,5,5,4,4,4,4,4,4,0,4,4,4,4,3,2,1,5,5,5,1,0,2,2,3,4,5,5,4,2,4,1,1,4,3,5,5,5,5,5,4,4,3,4,3,3,4,4,3,2,4,4,0,2,2,2,2,4,4,2,3,2,1,1,0,1,0,1,0,1,0,0,1,1,1,0,2,2,0,3,3,3,2,4,4,3,2,4,0,0,0,0,3,2,0,2,2,2,3,2,2,4,4,2,0,5,0,0,1,1,4,2,4,4,2,3,4,4,4,4,4,4,2,1,2,2,4,4,4,4,0,4,3,4,4,4,2,2,4,4,5,5,4,4"
116,1.428151841939779,"0,1,2,2,4,1,2,4,5,1,5,5,4,0,2,5,0,2,2,2,2,4,2,4,4,4,2,3,4,2,2,5,5,5,5,5,5,3,2,3,2,0,4,2,3,5,5,1,1,3,4,2,2,2,0,4,4,4,2,4,4,3,2,0,2,4,4,4,4,5,1,2,2,4,0,2,2,5,5,4,4,4,4,4,2,2,4,4,4,3,2,2,2,2,5,5,0,0,0,2,4,4,4,2,3,4,4,3,3,0,2,4,4,2,2,2,2,0,4,4,4,4,4,2,3,2,5,5,5,0,2,2,4,1,3,5,5,4,4,4,4,4,4,0,4,4,4,4,3,2,1,5,5,5,1,0,2,2,3,4,5,5,2,2,4,1,1,4,3,5,5,5,5,5,4,4,3,4,3,3,4,4,3,2,4,4,0,2,2,2,2,4,4,2,3,2,1,1,0,1,0,1,0,1,0,0,1,1,1,0,2,2,0,3,3,3,2,4,4,3,2,4,0,0,0,0,3,2,0,2,2,2,3,2,2,4,4,2,0,5,0,0,1,1,4,2,4,4,2,3,4,4,4,4,4,4,2,1,2,2,4,4,4,4,0,4,3,4,4,4,2,2,4,4,5,5,4,0"
117,1.428746436822691,"0,1,2,2,4,1,2,4,5,1,5,5,4,0,2,5,0,2,2,2,2,4,2,4,4,4,2,3,4,2,2,5,5,5,5,5,5,3,2,3,2,0,4,2,3,5,5,1,1,3,4,2,2,2,0,4,4,4,2,4,4,3,2,0,2,4,4,4,4,5,1,2,2,4,0,2,2,5,5,4,4,4,4,4,2,2,4,4,4,3,2,2,2,2,5,5,2,4,0,2,4,4,4,2,3,4,4,3,3,0,2,4,4,2,2,2,2,0,4,4,4,4,4,2,3,2,5,5,5,0,2,2,4,1,3,5,5,4,4,4,4,4,4,0,4,4,4,4,3,2,1,5,5,5,1,0,2,2,3,4,5,5,4,2,4,1,1,4,3,5,5,5,5,5,4,4,3,4,3,3,4,4,3,1,4,4,0,2,2,2,2,4,4,2,3,2,1,1,0,1,0,1,0,1,0,0,1,1,1,0,2,2,0,3,3,3,2,4,4,3,2,4,0,0,0,0,3,2,0,2,2,2,3,2,2,4,4,2,0,5,0,0,1,1,4,2,4,4,2,3,4,4,4,4,4,4,2,1,2,2,4,4,4,4,0,4,3,4,4,4,2,2,4,4,5,5,4,4"
118,1.4280026442855673,"0,1,2,2,4,1,2,4,5,1,5,5,4,0,2,5,0,2,2,2,2,4,2,4,4,4,2,3,4,2,2,5,5,5,5,5,5,3,2,3,2,0,4,2,3,5,5,1,1,3,4,2,2,2,0,4,4,4,2,4,4,3,2,0,2,4,4,4,4,5,1,2,2,4,0,2,2,5,5,4,4,4,4,4,2,2,4,4,4,3,2,2,2,2,5,5,2,4,0,2,4,4,4,2,3,4,4,3,3,0,2,4,4,2,2,2,2,0,4,4,4,4,4,2,3,2,5,5,5,0,2,2,4,1,3,5,5,4,4,4,4,4,4,0,4,4,4,4,3,2,1,5,5,5,1,0,2,2,3,4,5,5,4,2,4,1,1,4,3,5,5,5,5,5,4,4,3,4,3,3,4,4,3,2,4,4,0,2,2,2,2,4,4,2,0,2,1,1,0,1,0,1,0,1,0,0,1,1,1,0,2,2,0,3,3,3,2,4,4,3,2,4,0,0,0,0,3,2,0,2,2,2,3,2,2,4,4,2,0,5,0,0,1,4,4,2,4,4,2,3,4,4,4,4,4,4,2,1,2,2,4,4,4,4,2,4,3,4,4,4,2,2,4,4,5,5,4,4"
119,1.4290869192166176,"0,1,2,2,4,1,2,4,5,1,5,5,4,0,2,5,0,2,2,2,2,4,2,4,4,4,2,3,4,2,2,5,5,5,5,5,5,3,2,3,2,0,4,2,3,5,5,1,1,3,4,2,2,2,2,4,4,4,2,4,4,3,2,0,2,4,4,4,4,5,1,2,2,4,0,2,2,5,5,4,4,4,4,4,2,2,4,4,4,3,2,2,2,2,5,5,2,0,0,2,4,4,4,2,3,4,4,3,3,0,2,4,4,2,2,2,2,0,4,4,4,4,4,2,3,2,5,5,5,0,2,2,4,1,3,5,5,4,4,4,4,4,4,0,4,4,4,4,3,2,1,5,5,5,1,0,2,2,3,4,5,5,4,2,4,1,1,4,3,5,5,5,5,5,4,4,3,4,3,3,4,4,3,2,4,4,0,2,2,2,2,4,4,2,3,2,1,1,0,1,0,1,0,1,0,0,1,1,1,0,2,2,0,3,3,3,2,4,4,3,2,4,0,0,0,0,3,2,0,2,2,2,3,2,2,4,4,2,0,5,0,0,1,1,4,2,4,4,2,3,4,4,4,4,4,4,2,1,2,2,4,4,4,4,0,4,3,4,4,4,2,2,4,4,5,5,4,4"
120,1.4285263807892814,"0,1,2,2,4,1,2,4,5,1,5,5,4,0,2,5,0,2,2,2,2,4,4,4,4,4,2,3,4,2,2,5,5,5,5,5,5,3,2,3,2,0,4,2,3,5,5,1,1,3,4,2,2,2,2,4,4,4,2,4,4,3,2,0,2,4,0,4,4,5,1,2,2,4,0,2,2,5,5,4,4,4,4,4,2,2,4,4,4,3,2,2,2,2,5,5,2,0,0,2,4,4,4,2,3,4,4,3,3,0,2,4,4,2,2,2,2,0,4,4,4,4,4,2,3,2,5,5,5,0,2,2,4,1,3,5,5,4,4,4,4,4,4,0,4,4,4,4,3,2,1,5,5,5,1,0,2,2,3,4,5,5,4,2,4,1,1,4,3,5,5,5,5,5,4,4,3,4,3,3,4,4,3,2,4,4,0,2,2,2,2,4,4,2,3,2,1,1,0,1,0,1,0,1,0,0,1,1,1,0,2,2,0,3,3,3,2,4,4,3,2,4,0,0,0,0,3,2,0,2,2,2,3,2,2,4,4,2,0,5,0,0,1,1,4,2,4,4,2,3,4,4,4,4,4,4,2,1,2,2,4,4,4,4,0,4,3,4,4,4,2,2,4,4,5,5,4,4"
121,1.429408919236801,"0,1,2,2,4,1,2,4,5,1,5,5,4,0,2,5,0,2,2,2,2,4,4,4,4,4,2,3,4,2,2,5,5,5,5,5,5,3,2,3,2,0,4,2,3,5,5,1,1,3,4,2,2,2,2,4,4,4,2,4,4,3,2,3,2,4,4,4,4,5,1,2,2,4,0,2,2,5,5,4,4,4,4,4,2,2,4,4,4,3,2,2,2,2,5,5,2,0,0,2,4,4,4,2,3,4,4,3,3,0,2,4,4,2,2,2,2,0,4,4,4,4,4,2,3,2,5,5,5,0,2,2,4,1,3,5,5,4,4,4,4,4,4,0,4,4,4,4,3,2,1,5,5,5,1,0,2,2,3,4,5,5,4,2,4,1,1,4,3,5,5,5,5,5,4,4,3,4,3,3,4,4,3,2,4,4,0,2,2,2,2,4,4,2,3,2,1,1,0,1,0,1,0,1,0,0,1,1,1,0,2,2,0,3,3,3,2,4,3,3,2,4,0,0,0,0,3,2,0,2,2,2,3,2,2,4,4,2,0,5,0,0,1,1,4,2,4,4,2,3,4,4,4,4,4,4,2,1,2,2,4,4,4,4,0,4,3,4,4,4,2,2,4,4,5,5,4,4"
122,1.428944449105709,"0,1,2,2,4,1,2,4,5,1,5,5,4,0,2,5,0,2,2,2,2,4,4,4,4,4,2,3,4,2,2,5,5,5,5,5,5,3,2,3,2,0,4,2,3,5,5,1,1,3,4,2,2,2,2,4,4,4,2,4,4,3,2,3,2,4,4,4,4,5,1,2,2,4,0,2,2,5,5,4,4,4,4,4,2,2,4,4,4,3,2,2,2,2,5,5,2,0,0,2,4,4,4,2,3,4,4,3,3,0,2,4,4,2,2,2,2,0,4,4,4,4,4,2,3,2,5,5,5,0,2,2,4,1,3,5,5,4,4,4,4,4,4,0,4,4,4,4,3,2,1,5,5,5,1,0,2,2,3,4,5,5,4,2,4,1,1,4,3,5,5,5,5,5,4,4,3,4,3,3,4,4,3,2,4,4,0,2,2,2,2,4,4,2,3,2,1,1,0,1,0,1,0,1,0,0,1,1,1,0,2,2,0,3,3,3,2,4,4,3,2,4,0,0,0,0,3,2,0,2,2,2,2,2,2,4,4,2,0,5,0,0,1,1,4,2,4,4,2,3,4,4,4,4,4,4,2,1,4,2,4,4,4,4,0,4,3,4,4,4,2,2,4,4,5,5,4,4"
123,1.4299377245801266,"0,1,2,2,4,1,2,4,5,1,5,5,4,0,2,5,0,2,2,2,2,4,4,4,4,4,2,3,4,2,2,5,5,5,5,5,5,3,2,3,2,0,4,2,3,5,5,1,1,3,4,2,2,2,2,4,4,4,2,4,4,3,2,3,2,4,4,4,4,5,1,2,2,4,0,2,2,5,5,4,4,4,4,4,2,2,4,4,4,3,2,2,2,2,5,5,2,3,0,2,4,4,4,2,3,4,4,3,3,0,2,4,4,2,2,2,2,0,4,4,4,4,4,2,3,2,5,5,5,0,2,2,4,1,3,5,5,4,4,4,4,4,4,0,4,4,4,4,3,2,1,5,5,5,1,0,2,2,3,4,5,5,4,2,4,1,1,4,3,5,5,5,5,5,4,4,3,4,3,3,4,4,3,1,4,4,0,2,2,2,2,4,4,2,3,2,1,1,0,1,0,1,0,1,0,0,1,1,1,0,2,2,0,3,3,3,2,4,4,3,2,4,0,0,4,0,2,2,0,2,2,2,3,2,2,4,4,2,0,5,0,2,1,1,4,2,4,4,2,3,4,4,4,4,4,4,2,1,2,2,4,4,4,4,0,4,3,4,4,4,2,2,4,4,5,5,4,4"
124,1.4292793552709693,"0,1,2,2,4,1,2,4,5,1,5,5,4,0,2,5,0,2,2,2,2,4,4,4,4,4,2,3,4,2,2,5,5,5,5,5,5,3,2,3,2,0,4,2,3,5,5,1,1,3,4,2,2,2,2,4,4,4,2,4,4,3,2,3,2,4,4,4,4,5,1,2,2,4,0,2,2,5,5,4,4,4,4,4,2,2,4,4,4,3,2,2,2,2,5,5,2,3,0,2,4,4,4,2,3,4,4,3,3,0,2,4,4,2,2,2,2,0,4,4,4,4,4,2,3,2,5,5,5,0,2,2,4,1,3,5,5,4,4,4,4,4,4,0,4,4,4,4,3,2,1,5,5,5,1,0,2,2,3,4,5,5,4,2,4,1,1,4,3,5,5,5,5,5,4,4,3,4,3,3,0,4,3,2,4,4,0,2,2,2,2,4,4,2,3,2,1,1,0,1,0,1,0,1,0,0,1,1,1,0,2,2,0,3,3,3,2,0,4,3,2,4,0,0,0,0,3,2,0,2,2,2,3,2,2,4,4,2,0,5,0,2,1,1,4,2,4,4,2,3,4,4,4,4,4,4,2,2,2,2,4,4,4,4,0,4,3,4,4,4,2,2,4,4,5,5,4,4"
125,1.4299377245801266,"0,1,2,2,4,1,2,4,5,1,5,5,4,0,2,5,0,2,2,2,2,4,4,4,4,4,2,3,4,2,2,5,5,5,5,5,5,3,2,3,2,0,4,2,3,5,5,1,1,3,4,2,2,2,2,4,4,4,2,4,4,3,2,3,2,4,4,4,4,5,1,2,2,4,0,2,2,5,5,4,4,4,4,4,2,2,4,4,4,3,2,2,2,2,5,5,2,3,0,2,4,4,4,2,3,4,4,3,3,0,2,4,4,2,2,2,2,0,4,4,4,4,4,2,3,2,5,5,5,0,2,2,4,1,3,5,5,4,4,4,4,4,4,0,4,4,4,4,3,2,1,5,5,5,1,0,2,2,3,4,5,5,4,2,4,1,1,4,3,5,5,5,5,5,4,4,3,4,3,3,4,4,3,1,4,4,0,2,2,2,2,4,4,2,3,2,1,1,0,1,0,1,0,1,0,0,1,1,1,0,2,2,0,3,3,3,2,4,4,3,2,4,0,0,4,0,2,2,0,2,2,2,3,2,2,4,4,2,0,5,0,2,1,1,4,2,4,4,2,3,4,4,4,4,4,4,2,1,2,2,4,4,4,4,0,4,3,4,4,4,2,2,4,4,5,5,4,4"
126,1.4299377245801266,"0,1,2,2,4,1,2,4,5,1,5,5,4,0,2,5,0,2,2,2,2,4,4,4,4,4,2,3,4,2,2,5,5,5,5,5,5,3,2,3,2,0,4,2,3,5,5,1,1,3,4,2,2,2,2,4,4,4,2,4,4,3,2,3,2,4,4,4,4,5,1,2,2,4,0,2,2,5,5,4,4,4,4,4,2,2,4,4,4,3,2,2,2,2,5,5,2,3,0,2,4,4,4,2,3,4,4,3,3,0,2,4,4,2,2,2,2,0,4,4,4,4,4,2,3,2,5,5,5,0,2,2,4,1,3,5,5,4,4,4,4,4,4,0,4,4,4,4,3,2,1,5,5,5,1,0,2,2,3,4,5,5,4,2,4,1,1,4,3,5,5,5,5,5,4,4,3,4,3,3,4,4,3,1,4,4,0,2,2,2,2,4,4,2,3,2,1,1,0,1,0,1,0,1,0,0,1,1,1,0,2,2,0,3,3,3,2,4,4,3,2,4,0,0,4,0,2,2,0,2,2,2,3,2,2,4,4,2,0,5,0,2,1,1,4,2,4,4,2,3,4,4,4,4,4,4,2,1,2,2,4,4,4,4,0,4,3,4,4,4,2,2,4,4,5,5,4,4"
127,1.4295099640544757,"0,1,2,2,4,1,2,4,5,1,5,5,4,0,2,5,0,2,2,2,2,4,4,4,4,4,2,3,4,2,2,5,5,5,5,5,5,3,2,3,2,0,4,2,3,5,5,1,1,3,4,2,2,2,2,4,4,4,2,4,4,3,2,3,2,4,4,4,4,5,1,2,2,4,0,2,2,5,5,4,4,4,4,4,2,2,4,4,4,3,2,2,2,2,5,5,2,3,0,2,4,4,4,2,3,4,4,2,3,0,2,4,4,2,2,2,2,0,4,4,4,4,4,2,3,2,5,5,5,0,2,2,4,1,3,5,5,4,4,4,4,4,4,0,4,4,4,4,3,2,1,5,5,5,1,0,2,2,3,4,5,5,4,2,4,1,1,4,3,5,5,5,5,5,4,4,3,4,3,3,4,4,3,1,4,4,0,2,5,2,2,4,4,2,3,2,1,1,0,1,0,1,0,1,0,0,1,1,1,0,2,2,0,3,3,3,2,4,4,3,2,4,0,0,4,0,2,2,0,2,2,2,3,2,2,4,4,2,0,5,0,2,1,1,4,2,4,4,2,3,4,4,4,4,4,4,2,1,2,2,4,4,4,4,0,4,3,4,4,4,2,2,4,4,5,5,4,4"
128,1.4302325677138052,"0,1,2,2,4,1,2,4,5,1,5,5,4,0,2,5,0,2,2,2,2,4,4,4,4,4,2,3,4,2,2,5,5,5,5,5,5,3,2,3,2,0,4,2,3,5,5,1,1,3,4,2,2,2,2,4,4,4,2,4,4,3,2,3,2,4,4,4,4,5,1,2,2,4,0,2,2,5,5,4,4,4,4,4,2,2,4,4,4,3,2,2,2,2,5,5,2,3,0,2,4,4,4,2,3,4,4,2,3,0,2,4,4,2,2,2,2,0,4,4,4,4,4,2,3,2,5,5,5,0,2,2,4,1,3,5,5,4,4,4,4,4,4,0,4,4,4,4,3,2,1,5,5,5,1,0,2,2,3,4,5,5,4,2,4,1,1,4,3,5,5,5,5,5,4,4,3,4,3,3,4,4,3,1,4,4,0,2,2,2,2,4,4,2,3,2,1,1,0,1,0,1,0,1,0,0,1,1,1,0,2,2,0,3,3,3,2,4,4,3,2,4,0,0,4,0,2,2,0,2,2,2,3,2,2,4,4,2,0,5,0,2,1,1,4,2,4,4,2,3,4,4,4,4,4,4,2,1,2,2,4,4,4,4,0,4,3,4,4,4,2,2,4,4,5,5,4,4"
129,1.430855680556002,"0,1,2,2,4,1,2,4,5,1,5,5,4,0,2,5,0,2,2,2,2,4,4,4,4,4,2,3,4,2,2,5,5,5,5,5,5,3,2,3,2,0,4,2,3,5,5,1,1,3,4,2,2,2,2,4,4,4,2,4,4,3,2,3,2,4,4,4,4,5,1,2,2,4,0,2,2,5,5,4,4,4,4,4,2,2,4,4,4,3,2,2,2,2,5,5,2,3,0,2,4,4,4,2,3,4,4,2,3,0,2,4,4,2,2,2,2,0,4,4,4,4,4,2,3,2,5,5,5,0,2,2,4,1,3,5,5,4,4,4,4,4,4,0,4,4,4,4,3,2,1,5,5,5,1,0,2,2,3,4,5,5,4,2,4,1,1,4,3,5,5,5,5,5,4,4,3,4,3,3,4,4,3,1,4,4,0,2,2,2,2,4,4,2,3,2,1,1,0,1,0,1,0,1,0,0,1,1,1,0,2,2,0,3,3,3,2,4,4,3,2,4,0,0,4,0,2,2,0,2,2,2,3,2,2,4,4,2,0,5,0,2,1,1,4,2,4,4,2,3,4,4,4,4,4,4,2,1,2,2,4,4,4,4,4,4,3,4,4,4,2,2,4,4,5,5,4,4"
130,1.4290707735876786,"0,1,5,2,4,1,2,4,5,4,5,5,4,0,2,5,0,2,2,2,2,4,4,4,4,4,2,3,4,2,2,5,5,5,5,5,5,3,2,1,2,0,4,2,3,5,5,1,1,3,4,2,2,2,2,4,4,4,2,4,4,3,2,3,2,4,4,4,4,5,1,2,2,4,0,2,2,5,5,4,4,4,4,4,2,2,4,4,4,3,2,2,2,2,5,5,2,3,0,2,4,4,4,2,3,4,4,3,3,0,2,4,4,2,2,2,2,0,4,4,4,4,4,2,3,2,5,5,5,0,2,2,4,1,3,5,5,4,4,4,4,4,4,0,4,4,4,4,3,2,1,5,5,5,1,0,2,2,3,4,5,3,4,2,4,1,1,4,3,5,5,5,5,5,4,4,3,4,3,3,4,4,3,1,4,4,0,2,2,2,2,4,4,2,1,2,1,1,0,1,0,1,0,1,0,0,1,1,1,0,2,2,0,3,3,3,2,4,4,3,2,4,0,0,4,0,2,2,0,2,2,2,3,2,2,4,4,2,0,5,0,2,1,1,4,2,4,4,2,3,4,4,4,4,4,4,2,1,2,2,4,4,4,4,4,4,3,4,4,4,2,2,4,4,5,5,4,4"
131,1.4298912469498253,"0,1,5,2,4,1,2,4,5,4,5,5,4,0,2,5,0,2,2,2,2,4,4,4,4,4,2,3,4,2,2,5,5,5,5,5,5,3,2,1,2,0,4,2,3,5,5,1,1,3,4,2,2,2,2,4,4,4,2,4,4,3,2,3,2,4,4,4,4,5,1,2,2,4,0,2,2,5,5,4,4,4,4,4,2,2,4,4,4,3,2,2,2,2,5,5,2,3,0,2,4,4,4,2,3,4,4,2,3,0,2,4,4,2,2,2,2,0,4,4,4,4,4,2,3,2,5,5,5,0,2,2,3,1,3,5,5,4,4,4,4,4,4,0,4,4,4,4,3,2,1,5,5,5,1,0,2,2,3,4,5,5,4,2,4,1,1,4,3,5,5,5,5,5,4,4,3,4,3,3,4,4,3,1,4,4,0,2,2,2,2,4,4,2,3,2,1,1,0,1,0,1,0,1,0,0,1,1,1,0,2,2,0,3,3,3,2,4,4,3,2,4,0,0,4,0,2,2,0,2,2,2,3,2,2,4,4,2,0,5,0,2,1,1,4,2,4,4,2,3,4,4,4,4,4,4,2,1,2,2,4,4,4,4,4,4,3,4,4,4,2,2,4,4,5,5,4,4"
132,1.4291576105563908,"0,1,2,2,4,1,2,4,5,3,5,5,4,0,2,5,0,2,2,2,2,4,4,4,4,4,2,3,4,2,2,5,5,5,5,5,5,3,2,3,2,0,4,2,3,5,5,1,1,3,4,2,2,2,2,4,4,4,2,4,4,3,2,3,2,4,4,4,4,5,1,2,2,4,0,2,2,4,5,4,4,4,4,4,2,2,4,4,4,3,2,2,2,2,5,5,2,3,0,2,4,4,4,0,3,4,4,2,3,0,2,4,4,2,2,2,2,0,4,4,4,4,4,2,3,2,5,5,5,0,2,2,4,1,3,5,5,4,4,4,4,4,4,0,4,4,4,4,3,2,1,5,5,5,1,0,2,2,3,4,5,5,4,2,4,1,1,4,3,5,5,5,5,5,4,4,3,4,3,3,4,4,3,1,4,4,0,2,2,2,2,4,4,2,3,2,1,1,0,1,0,1,0,1,0,0,1,1,1,1,2,2,0,3,3,3,2,4,4,3,2,4,0,1,4,0,2,2,0,2,2,2,3,2,2,4,4,2,0,5,0,2,1,1,4,2,4,4,2,3,4,4,4,4,4,4,2,1,2,2,4,4,4,4,4,4,3,4,4,4,2,2,4,4,5,5,4,4"
133,1.4308905211829819,"0,1,2,2,4,1,2,4,5,3,5,5,4,0,2,5,0,2,2,2,2,4,4,4,4,4,2,3,4,2,2,5,5,5,5,5,5,3,2,3,2,0,4,2,3,5,5,1,1,3,4,2,2,2,2,4,4,4,2,4,4,3,2,3,2,4,4,4,4,5,1,2,2,4,0,2,2,5,5,4,4,4,4,4,2,2,4,4,4,3,2,2,2,2,5,5,2,3,0,2,4,4,4,2,3,4,4,2,3,0,2,4,4,2,2,2,2,0,4,4,4,4,4,2,3,2,5,5,5,0,2,2,4,1,3,5,5,4,4,4,4,4,4,0,4,4,4,4,3,2,1,5,5,5,1,0,2,2,3,4,5,5,4,2,4,1,1,4,3,5,5,5,5,5,4,4,3,4,3,3,4,4,3,1,4,4,0,2,2,2,2,4,4,2,3,2,1,1,0,1,0,1,0,1,0,0,1,1,1,0,2,2,0,3,3,3,2,4,4,3,2,4,0,0,4,0,2,2,0,2,2,2,3,2,2,4,4,2,0,5,0,2,1,1,4,2,4,4,2,3,4,4,4,4,4,4,2,1,2,2,4,4,4,4,4,4,3,4,4,4,2,2,4,4,5,5,4,4"
134,1.431003761757954,"0,1,2,2,4,1,2,4,5,3,5,5,4,0,2,5,0,2,2,2,2,4,4,4,4,4,2,3,4,2,2,5,5,5,5,5,5,3,2,3,2,0,4,2,3,5,5,1,1,3,4,2,2,2,2,4,4,4,2,4,4,3,2,3,2,4,4,4,4,5,1,2,2,4,0,2,2,5,5,4,4,4,4,4,2,2,4,4,4,3,2,2,2,2,5,5,2,3,0,2,4,4,4,2,3,4,4,2,3,0,2,4,4,2,2,2,2,0,4,4,4,4,4,2,3,2,5,5,5,0,2,2,4,1,3,5,5,4,4,4,4,4,4,0,4,4,4,4,3,2,1,5,5,5,1,0,2,2,3,4,5,5,4,2,4,1,1,4,3,5,5,5,5,5,4,4,3,4,3,3,4,4,3,1,4,4,0,2,2,2,2,4,4,2,3,2,1,1,0,1,0,1,0,1,0,0,1,1,1,0,2,2,0,3,3,3,2,4,4,3,2,4,0,0,4,0,2,2,0,2,2,2,3,2,2,4,4,2,0,5,0,2,1,1,2,2,4,4,2,3,4,4,4,4,4,4,2,1,2,2,4,4,4,4,4,4,3,4,4,4,2,2,4,4,5,5,4,4"
135,1.4311992798768978,"0,1,2,2,4,1,2,4,5,3,5,5,4,0,2,5,0,2,2,2,2,4,4,4,4,4,2,3,4,2,2,5,5,5,5,5,5,3,2,3,2,0,4,2,3,5,5,1,1,3,4,2,2,2,2,4,4,4,2,4,4,3,2,3,2,4,4,4,4,5,1,2,2,4,1,2,2,5,5,4,4,4,4,4,2,2,4,4,4,3,2,2,2,2,5,5,2,3,0,2,4,4,4,2,3,4,4,2,3,0,2,4,4,2,2,2,2,0,4,4,4,4,4,2,3,2,5,5,5,0,2,2,4,1,3,5,5,4,4,4,4,4,4,0,4,4,4,4,3,2,1,5,5,5,1,0,2,2,3,4,5,5,4,2,4,1,1,4,3,5,5,5,5,5,4,4,3,4,3,3,4,4,3,1,4,4,0,2,2,2,2,4,4,2,3,2,1,1,0,1,0,1,0,1,0,0,1,1,1,0,2,2,0,3,3,3,2,4,4,3,2,4,0,0,4,0,2,2,0,2,2,2,2,2,2,4,4,2,0,5,0,2,1,1,2,2,4,4,2,3,4,4,4,4,4,4,2,1,2,2,4,4,4,4,4,4,3,4,4,4,2,2,4,4,5,5,4,4"
136,1.4314575773136533,"0,1,2,2,4,1,2,4,5,3,5,5,4,0,2,5,0,2,2,2,2,4,4,4,4,4,2,3,4,2,2,5,5,5,5,5,5,3,2,3,2,0,4,2,3,5,5,1,1,3,4,2,2,2,2,4,4,4,2,4,4,3,2,3,2,4,4,4,4,5,1,2,2,4,1,2,2,5,5,4,4,4,4,4,2,2,4,4,4,3,2,2,2,2,5,5,2,3,0,2,4,4,4,2,3,4,4,2,3,0,2,4,4,2,2,2,2,0,4,4,4,4,4,2,3,2,5,5,5,0,2,2,4,1,3,5,5,4,4,4,4,4,4,0,4,4,4,4,2,2,1,5,5,5,1,0,2,2,3,4,5,5,4,2,4,1,1,4,3,5,5,5,5,5,4,4,3,4,3,3,4,4,3,1,4,4,0,2,2,2,2,4,4,2,3,2,1,1,0,1,0,1,0,1,0,0,1,1,1,0,2,2,0,3,3,3,2,4,4,3,2,4,0,0,4,0,2,2,0,2,2,2,2,2,2,4,4,2,0,5,0,2,1,1,2,2,4,4,2,3,4,4,4,4,4,4,2,1,2,2,4,4,4,4,4,4,0,4,4,4,2,2,4,4,5,5,4,4"
137,1.4311322287821802,"0,1,2,2,4,1,2,4,5,3,5,5,4,0,2,5,0,2,2,2,2,4,4,4,4,4,2,3,4,2,2,5,5,5,5,5,5,3,2,3,2,0,4,2,3,5,5,1,1,3,4,2,2,2,2,4,4,4,2,4,4,3,2,3,2,4,4,4,4,5,1,2,2,4,1,2,2,5,5,4,4,4,4,4,2,2,4,4,4,3,2,2,2,2,5,5,2,3,0,2,4,4,4,2,3,4,4,2,3,0,2,4,4,2,2,2,2,0,4,4,4,4,4,2,3,2,5,5,5,0,2,2,4,1,3,1,5,4,4,4,4,4,4,0,4,4,4,4,2,2,1,5,5,5,1,0,2,2,3,4,5,5,4,2,4,1,1,4,3,5,5,5,5,5,4,4,3,4,3,3,4,4,3,1,4,4,0,2,2,2,2,4,4,2,3,2,1,1,0,1,0,1,0,1,0,0,1,1,1,0,2,2,0,3,3,3,2,4,4,3,2,4,0,0,4,0,2,2,0,2,2,2,2,2,2,4,4,2,0,5,0,2,1,1,2,2,4,4,2,3,4,4,4,4,4,4,2,1,2,2,4,4,4,4,4,4,0,4,4,4,2,2,4,4,5,5,4,4"
138,1.4313463816512668,"0,1,2,2,4,1,2,4,5,3,5,5,4,0,2,5,0,2,2,2,2,4,4,4,4,4,2,3,4,2,2,5,5,5,5,5,5,3,2,3,2,0,4,2,3,5,5,1,1,3,4,2,2,2,2,4,4,4,2,4,4,3,2,3,2,4,4,4,4,5,1,2,2,4,1,2,2,5,5,4,4,4,4,4,2,2,4,4,4,3,2,2,2,2,5,5,2,3,0,2,4,4,4,2,3,4,4,2,3,2,2,4,4,2,2,2,2,0,4,4,4,4,4,2,3,2,5,5,5,0,2,2,4,1,3,5,5,4,4,4,4,4,4,0,4,4,4,4,2,2,1,5,5,5,1,0,2,2,3,4,5,5,5,2,4,1,1,4,3,5,5,5,5,5,4,4,3,4,3,3,4,4,3,1,4,4,0,2,2,2,2,4,4,2,3,2,1,1,0,1,0,1,0,1,0,0,1,1,1,0,2,2,0,3,3,3,2,4,4,3,2,4,0,0,4,0,2,2,0,2,2,2,2,2,2,4,4,2,0,5,0,2,1,1,2,2,4,4,2,3,4,4,4,4,4,4,2,1,2,2,4,4,4,4,4,4,0,4,4,4,2,2,4,4,5,5,4,4"
139,1.431675117165936,"0,1,2,2,4,1,2,4,5,3,5,5,4,0,2,5,0,2,2,2,2,4,4,4,4,4,2,3,4,2,2,5,5,5,5,5,5,3,2,3,2,0,4,2,3,5,5,1,1,3,4,2,2,2,2,4,4,4,2,4,4,3,2,3,2,4,4,4,4,5,1,2,2,4,1,2,2,5,5,4,4,4,4,4,2,2,4,4,4,3,2,2,2,2,5,5,2,3,0,2,4,4,4,2,3,4,4,2,3,2,2,4,4,2,2,2,2,0,4,4,4,4,4,2,3,2,5,5,5,0,2,2,4,1,3,5,5,4,4,4,4,4,4,0,4,4,4,4,0,2,1,5,5,5,1,0,2,2,3,4,5,5,4,2,4,1,1,4,3,5,5,5,5,5,4,4,3,4,3,3,4,4,3,1,4,4,0,2,2,2,2,4,4,2,3,2,1,1,0,1,0,1,0,1,0,0,1,1,1,0,2,2,0,3,3,3,2,4,4,3,2,4,0,0,4,0,2,2,0,2,2,2,2,2,2,4,4,2,0,5,0,2,1,1,2,2,4,4,2,3,4,4,4,4,4,4,2,1,2,2,4,4,4,4,4,4,0,4,4,4,2,2,4,4,5,5,4,4"
140,1.4323624573390885,"0,1,2,2,4,1,2,4,5,3,5,5,4,0,2,5,2,2,2,2,2,4,4,4,4,4,2,3,4,2,2,5,5,5,5,5,5,3,2,3,2,0,4,2,3,5,5,1,1,3,4,2,2,2,2,4,4,4,2,4,4,3,2,3,2,4,4,4,4,5,1,2,2,4,1,2,2,5,5,4,4,4,4,4,2,2,4,4,4,3,2,2,2,2,5,5,2,3,0,2,4,4,4,2,3,4,4,2,3,2,2,4,4,2,2,2,2,0,4,4,4,4,4,2,3,2,5,5,5,0,2,2,4,1,3,5,5,4,4,4,4,4,4,0,4,4,4,4,0,2,1,5,5,5,1,0,2,2,3,4,5,5,4,2,4,1,1,4,3,5,5,5,5,5,4,4,3,4,3,3,4,4,3,1,4,4,0,2,2,2,2,4,4,2,3,2,1,1,0,1,0,1,0,1,0,0,1,1,1,0,2,2,0,3,3,3,2,4,4,3,2,4,4,0,4,0,2,2,0,2,2,2,2,2,2,4,4,2,0,5,0,2,1,1,2,2,4,4,2,3,4,4,4,4,4,4,2,1,2,2,4,4,4,4,4,4,0,4,4,4,2,2,4,4,5,5,4,4"
141,1.432602649966374,"0,1,2,2,4,1,2,4,5,3,5,5,4,0,2,5,2,2,2,2,2,4,4,4,4,4,2,3,4,2,2,5,5,5,5,5,5,3,2,0,2,0,4,2,3,5,5,1,1,3,4,2,2,2,2,4,4,4,2,4,4,3,2,3,2,4,4,4,4,5,1,2,2,4,1,2,2,5,5,4,4,4,4,4,2,2,4,4,4,3,2,2,2,2,5,5,2,3,0,2,4,4,4,2,3,4,4,2,3,2,2,4,4,2,2,2,2,0,4,4,4,4,4,2,3,2,5,5,5,0,2,2,4,1,3,5,5,4,4,4,4,4,4,0,4,4,4,4,2,2,1,5,5,5,1,0,2,2,3,4,5,5,4,2,4,1,1,4,3,5,5,5,5,5,4,4,3,4,3,3,4,4,3,1,4,4,0,2,2,2,2,4,4,2,3,2,1,1,0,1,0,1,0,1,0,0,1,1,1,0,2,2,0,3,3,3,2,4,4,3,2,4,4,0,4,0,2,2,0,2,2,2,2,2,2,4,4,2,0,5,0,2,1,1,2,2,4,4,2,3,4,4,4,4,4,4,2,1,2,2,4,4,4,4,4,4,0,4,4,4,2,2,4,4,5,5,4,4"
142,1.4326596659333775,"0,1,2,2,4,1,2,4,5,3,5,5,4,0,2,5,2,2,2,2,2,4,4,4,4,4,2,3,4,2,2,5,5,5,5,5,5,3,2,0,2,0,4,2,3,5,5,1,1,3,2,2,2,2,2,4,4,4,2,4,4,3,2,3,2,4,4,4,4,5,1,2,2,4,1,2,2,5,5,4,4,4,4,4,2,2,4,4,4,3,2,2,2,2,5,5,2,3,0,2,4,4,4,2,3,4,4,2,3,2,2,4,4,2,2,2,2,0,4,4,4,4,4,2,3,2,5,5,5,0,2,2,4,1,3,5,5,4,4,4,4,4,4,0,4,4,4,4,2,2,1,5,5,5,1,0,2,2,3,4,5,5,4,2,4,1,1,4,3,5,5,5,5,5,4,4,3,4,3,3,4,4,3,1,4,4,0,2,2,2,2,4,4,2,3,2,1,1,0,1,0,1,0,1,0,0,1,1,1,0,2,2,0,3,3,3,2,4,4,3,2,4,4,0,4,0,2,2,0,2,2,2,2,2,2,4,4,2,0,5,0,2,1,1,2,2,4,4,2,3,4,4,4,4,4,4,2,1,2,2,4,4,4,4,4,4,0,4,4,4,2,2,4,4,5,5,4,4"
143,1.4326661959256124,"0,1,2,2,4,1,2,4,5,3,5,5,4,0,2,5,2,2,2,2,2,4,4,4,4,4,2,3,4,2,2,5,5,5,5,5,5,3,2,0,2,0,4,2,3,5,5,1,1,3,2,2,2,2,2,4,4,4,2,4,4,3,2,3,2,4,4,4,4,5,1,2,2,4,1,2,2,5,5,4,4,4,4,4,2,2,4,4,4,3,2,2,2,2,5,5,2,3,0,2,4,4,4,2,3,4,4,2,3,2,2,4,4,2,2,2,2,0,4,4,4,4,4,2,3,2,5,5,5,0,2,2,4,1,3,5,5,4,4,4,4,4,4,0,4,4,4,4,2,2,1,5,5,5,1,0,2,2,3,4,5,5,4,2,4,1,5,4,3,5,5,5,5,5,4,4,3,4,3,3,4,4,3,1,4,4,0,2,2,2,2,4,4,2,3,2,1,1,0,1,0,1,0,1,0,0,1,1,1,0,2,2,0,3,3,3,2,4,4,3,2,4,4,0,4,0,2,2,0,2,2,2,2,2,2,4,4,2,0,5,0,2,1,1,2,2,4,4,2,3,4,4,4,4,4,4,2,1,2,2,4,4,4,4,4,4,0,4,4,4,2,2,4,4,5,5,4,4"
144,1.4305920230843665,"0,1,2,2,4,1,2,4,5,3,5,5,4,0,2,5,2,2,2,2,2,4,4,4,4,4,2,3,4,2,2,5,5,5,5,5,5,3,2,0,2,0,4,2,3,5,5,1,1,3,2,2,2,2,2,4,4,4,2,4,4,3,2,3,2,4,4,4,4,5,1,2,2,4,1,2,2,5,5,4,4,4,4,4,2,2,4,4,4,3,2,2,2,2,5,5,2,3,0,2,4,4,4,2,3,4,4,2,3,2,2,4,4,2,2,2,2,0,4,4,4,4,4,2,3,2,5,5,5,0,2,2,4,1,3,5,5,4,4,4,4,4,4,0,4,4,4,4,2,2,1,5,5,5,1,0,2,2,3,4,5,5,4,2,4,1,5,4,3,5,5,5,5,5,4,4,3,4,3,3,4,4,3,1,4,4,0,2,2,2,2,4,4,2,3,3,1,1,0,1,3,1,0,1,0,0,1,1,1,0,2,2,0,3,3,3,2,4,4,3,2,4,4,0,4,0,2,2,3,2,2,2,2,2,4,4,4,2,0,5,0,2,1,1,2,2,4,4,2,3,4,4,4,4,4,4,2,1,2,2,4,4,4,4,4,1,0,4,4,4,2,2,4,4,5,5,4,4"
145,1.4322578750980524,"0,1,2,2,4,1,2,4,5,3,5,5,4,0,2,5,2,2,2,2,2,4,4,4,4,4,2,3,4,2,2,5,5,5,5,5,5,3,2,0,2,0,4,2,3,5,5,1,1,3,2,2,2,2,2,4,4,4,2,4,4,3,2,3,2,4,4,4,4,5,1,2,2,4,1,2,2,5,5,4,4,4,4,4,2,2,4,4,4,3,2,2,2,2,5,5,2,3,0,2,4,4,4,2,3,4,4,2,3,2,0,4,4,2,2,2,2,0,4,4,4,4,4,2,3,2,5,5,5,0,2,2,4,1,3,5,5,4,4,4,4,4,4,0,4,4,4,4,2,2,1,5,5,5,1,0,2,2,3,4,5,5,4,2,4,1,5,4,3,5,5,5,5,5,4,4,3,4,3,3,4,4,3,1,4,4,0,2,2,2,2,4,4,2,3,2,1,1,0,1,0,1,0,1,0,0,1,1,1,0,2,2,0,3,3,3,2,4,4,3,2,4,4,0,4,0,2,2,0,2,2,2,2,2,2,4,4,2,0,5,0,2,1,1,2,2,4,4,2,3,4,4,4,4,4,4,2,1,2,2,4,4,4,4,4,4,0,4,4,4,2,2,4,4,5,5,4,4"
146,1.432839923918256,"0,1,2,2,4,1,2,4,5,3,5,5,4,0,2,5,2,2,2,2,2,4,4,4,4,4,2,3,4,2,2,5,5,5,5,5,5,2,2,0,2,0,4,2,3,5,5,1,1,3,2,2,2,2,2,4,4,4,2,4,4,3,2,3,2,4,4,4,4,5,1,2,2,4,1,2,2,5,5,4,4,4,4,4,2,2,4,4,4,3,2,2,2,2,5,5,2,3,0,2,4,4,4,2,3,4,4,2,3,2,2,4,4,2,2,2,2,0,4,4,4,4,4,2,3,2,5,5,5,0,2,2,4,1,3,5,5,4,4,4,4,4,4,0,4,4,4,4,2,2,1,5,5,5,1,0,2,2,3,4,5,5,4,2,4,1,5,4,3,5,5,5,5,5,4,4,4,4,3,3,4,4,3,1,4,4,0,2,2,2,2,4,4,2,3,2,1,1,0,1,0,1,0,1,0,0,1,1,1,0,2,2,0,3,3,3,2,4,4,3,2,4,4,0,4,0,2,2,0,2,2,2,2,2,2,4,4,2,0,5,0,2,1,1,2,2,4,4,2,3,4,4,4,4,4,4,2,1,2,2,4,4,4,4,4,4,0,4,4,4,2,2,4,4,5,5,4,4"
147,1.4329329169749299,"0,1,2,2,4,1,2,4,5,3,5,5,4,0,2,5,2,2,2,2,2,4,4,4,4,4,2,2,4,2,2,5,5,5,5,5,5,2,2,0,2,0,4,2,3,5,5,1,1,3,2,2,2,2,2,4,4,4,2,4,4,3,2,3,2,4,4,4,4,5,1,2,2,4,1,2,2,5,5,4,4,4,4,4,2,2,4,4,4,3,2,2,2,2,5,5,2,3,0,2,4,4,4,2,3,4,4,2,3,2,2,4,4,2,2,2,2,0,4,4,4,4,4,2,3,2,5,5,5,0,2,2,4,1,3,5,5,4,4,4,4,4,4,0,4,4,4,4,2,2,1,5,5,5,1,0,2,2,3,4,5,5,4,2,4,1,5,4,3,5,5,5,5,5,4,4,4,4,3,3,4,4,3,1,4,4,0,2,2,2,2,4,4,2,3,2,1,1,0,1,0,1,0,1,0,0,1,1,1,0,2,2,0,3,3,3,2,4,4,3,2,4,4,0,4,0,2,2,0,2,2,2,2,2,2,4,4,2,0,5,0,2,1,1,2,2,4,4,2,3,4,4,4,4,4,4,2,1,2,2,4,4,4,4,4,4,0,4,4,4,2,2,4,4,5,5,4,4"
148,1.4333147223132365,"0,1,2,2,4,1,2,4,5,3,5,5,4,0,2,5,2,2,2,2,2,4,4,4,4,4,2,2,4,2,2,5,5,5,5,5,5,2,2,0,2,0,4,2,3,5,5,1,1,3,2,2,2,2,2,4,4,4,2,4,4,3,2,3,2,4,4,4,4,5,1,2,2,4,1,2,2,5,5,4,4,4,4,4,2,2,4,4,4,3,2,2,2,2,5,5,2,3,0,2,4,4,4,2,3,4,4,2,3,2,2,4,4,2,2,2,2,0,4,4,4,4,4,2,3,2,5,5,5,0,2,2,4,1,3,5,5,4,4,4,4,4,4,0,4,4,4,4,2,2,1,5,5,5,1,0,2,2,3,4,5,5,4,2,4,1,5,4,3,5,5,5,5,5,4,4,3,4,3,3,4,4,3,1,4,4,0,2,2,2,2,4,4,2,3,2,1,1,0,1,0,1,0,1,0,0,1,1,1,0,2,2,0,3,3,3,2,4,4,3,2,4,4,0,4,0,2,2,0,2,2,2,2,2,2,4,4,2,0,5,0,2,1,1,2,2,4,4,2,3,4,4,4,4,4,4,2,1,2,2,4,4,4,4,4,4,0,4,4,4,2,2,4,4,5,5,4,4"
149,1.4323716515623255,"0,1,2,2,4,1,2,4,5,3,5,5,4,0,2,5,2,2,2,2,2,4,4,4,4,4,2,2,4,2,2,5,5,5,5,5,5,2,2,0,2,0,4,2,3,5,5,1,1,3,2,2,2,2,2,4,4,4,2,4,4,3,2,3,2,4,4,4,4,5,1,2,2,4,1,2,2,5,5,4,4,4,4,4,2,2,4,4,4,3,2,2,2,2,5,5,2,3,0,2,4,4,4,2,3,4,4,2,3,2,2,4,4,2,2,2,2,0,4,4,4,4,4,2,3,2,5,5,5,0,2,2,4,1,3,5,5,4,4,4,4,4,4,0,4,4,4,4,2,2,1,5,5,5,1,0,2,2,3,4,5,5,4,2,4,1,5,4,3,5,5,5,5,5,4,4,3,4,3,3,4,4,3,1,4,4,0,2,2,2,2,4,4,2,3,2,1,1,0,1,0,1,0,1,0,0,1,1,1,0,2,2,0,3,3,3,2,4,4,3,2,4,4,0,4,0,2,2,0,2,2,2,2,2,2,4,4,2,0,5,0,2,1,1,2,2,4,4,2,3,4,4,4,4,4,4,2,1,2,2,4,4,4,4,4,4,0,4,4,4,2,2,5,4,5,5,3,4"
150,1.4334779599417287,"0,1,2,2,4,1,2,4,5,3,5,5,4,0,2,5,2,2,2,2,2,4,4,4,4,4,2,2,4,2,2,5,5,5,5,5,5,2,2,0,3,0,4,2,3,5,5,1,1,3,2,2,2,2,2,4,4,4,2,4,4,3,2,3,2,4,4,4,4,5,1,2,2,4,1,2,2,5,5,4,4,4,4,4,2,2,4,4,4,2,2,2,2,2,5,5,2,3,0,2,4,4,4,2,3,4,4,2,3,2,2,4,4,2,2,2,2,0,4,4,4,4,4,2,3,2,5,5,5,0,2,2,4,1,3,5,5,4,4,4,4,4,4,0,4,4,4,4,2,2,1,5,5,5,1,0,2,2,3,4,5,5,4,2,4,1,5,4,3,5,5,5,5,5,4,4,3,4,3,3,4,4,3,1,4,4,0,2,2,2,2,4,4,2,3,2,1,1,0,1,0,1,0,1,0,0,1,1,1,0,2,2,0,3,3,3,2,4,4,3,2,4,4,0,4,0,2,2,0,2,2,2,2,2,2,4,4,2,0,5,0,2,1,1,2,2,4,4,2,3,4,4,4,4,4,4,2,1,2,2,4,4,4,4,4,4,0,4,4,4,2,2,4,4,5,5,4,4"
151,1.4334779599417287,"0,1,2,2,4,1,2,4,5,3,5,5,4,0,2,5,2,2,2,2,2,4,4,4,4,4,2,2,4,2,2,5,5,5,5,5,5,2,2,0,3,0,4,2,3,5,5,1,1,3,2,2,2,2,2,4,4,4,2,4,4,3,2,3,2,4,4,4,4,5,1,2,2,4,1,2,2,5,5,4,4,4,4,4,2,2,4,4,4,2,2,2,2,2,5,5,2,3,0,2,4,4,4,2,3,4,4,2,3,2,2,4,4,2,2,2,2,0,4,4,4,4,4,2,3,2,5,5,5,0,2,2,4,1,3,5,5,4,4,4,4,4,4,0,4,4,4,4,2,2,1,5,5,5,1,0,2,2,3,4,5,5,4,2,4,1,5,4,3,5,5,5,5,5,4,4,3,4,3,3,4,4,3,1,4,4,0,2,2,2,2,4,4,2,3,2,1,1,0,1,0,1,0,1,0,0,1,1,1,0,2,2,0,3,3,3,2,4,4,3,2,4,4,0,4,0,2,2,0,2,2,2,2,2,2,4,4,2,0,5,0,2,1,1,2,2,4,4,2,3,4,4,4,4,4,4,2,1,2,2,4,4,4,4,4,4,0,4,4,4,2,2,4,4,5,5,4,4"
152,1.4337484314683184,"0,1,2,2,4,1,2,4,5,3,5,5,4,0,2,5,2,2,2,2,2,4,4,4,4,4,2,2,4,2,2,5,5,5,5,5,5,2,2,0,3,0,4,2,3,5,5,1,1,3,2,2,2,2,2,4,4,4,2,4,4,3,2,3,2,4,4,4,4,5,1,2,2,4,1,2,2,5,5,4,4,4,4,4,2,2,4,4,4,2,2,2,2,2,5,5,2,3,2,2,4,4,4,2,3,4,4,2,3,2,2,4,4,2,2,2,2,0,4,4,4,4,4,2,3,2,5,5,5,0,2,2,4,1,3,5,5,4,4,4,4,4,4,0,4,4,4,4,2,2,1,5,5,5,1,0,2,2,3,4,5,5,4,2,4,1,5,4,3,5,5,5,5,5,4,4,3,4,3,3,4,4,3,1,4,4,0,2,2,2,2,4,4,2,3,2,1,1,0,1,0,1,0,1,0,0,1,1,1,0,2,2,0,3,3,3,2,4,4,3,2,4,4,0,4,0,2,2,0,2,2,2,2,2,2,4,4,2,0,5,0,2,1,1,2,2,4,4,2,3,4,4,4,4,4,4,2,1,2,2,4,4,4,4,4,4,0,4,4,4,2,2,4,4,5,5,4,4"
153,1.4340538986896767,"0,1,2,2,4,1,2,4,5,3,5,5,4,0,2,5,2,2,2,2,2,4,4,4,4,4,2,2,4,2,2,5,5,5,5,5,5,2,2,0,3,0,4,2,3,5,5,1,1,3,2,2,2,2,2,4,4,4,2,4,4,3,2,4,2,4,4,4,4,5,1,2,2,4,1,2,2,5,5,4,4,4,4,4,2,2,4,4,4,2,2,2,2,2,5,5,2,3,2,2,4,4,4,2,3,4,4,2,3,2,2,4,4,2,2,2,2,0,4,4,4,4,4,2,3,2,5,5,5,0,2,2,4,1,3,5,5,4,4,4,4,4,4,0,4,4,4,4,2,2,1,5,5,5,1,0,2,2,3,4,5,5,4,2,4,1,5,4,3,5,5,5,5,5,4,4,3,4,3,3,4,4,3,1,4,4,2,2,2,2,2,4,4,2,3,2,1,1,0,1,0,1,0,1,0,0,1,1,1,0,2,2,0,3,3,3,2,4,4,3,2,4,4,0,4,0,2,2,0,2,2,2,2,2,2,4,4,2,0,5,0,2,1,1,2,2,4,4,2,3,4,4,4,4,4,4,2,1,2,2,4,4,4,4,4,4,0,4,4,4,2,2,4,4,5,5,3,4"
154,1.43450361019243,"0,1,2,2,4,1,2,4,5,3,5,5,4,0,2,5,2,2,2,2,2,4,4,4,4,4,2,2,4,2,2,5,5,5,5,5,5,2,2,0,3,0,4,2,3,5,5,1,1,3,2,2,2,2,2,4,4,4,2,4,4,3,2,4,2,4,4,4,4,5,1,2,2,4,1,2,2,5,5,4,4,4,4,4,2,2,4,4,4,2,2,2,2,2,5,5,2,3,2,2,4,4,4,2,3,4,4,2,3,2,2,4,4,2,2,2,2,0,4,4,4,4,4,2,3,2,5,5,5,0,2,2,4,1,3,5,5,4,4,4,4,4,4,0,4,4,4,4,2,2,1,5,5,5,1,0,2,2,3,4,5,5,4,2,4,1,5,4,3,5,5,5,5,5,4,4,3,4,3,3,4,4,3,1,4,4,2,2,2,2,2,4,4,2,3,2,1,1,0,1,0,1,0,1,0,0,1,1,1,0,2,2,0,3,3,3,2,4,4,3,2,4,4,0,0,0,2,2,0,0,2,2,2,2,2,4,4,2,0,5,0,2,1,1,2,2,4,4,2,3,4,4,4,4,4,4,2,1,2,2,4,4,4,4,4,4,0,4,4,4,2,2,4,4,5,5,3,4"
155,1.4322844284917493,"0,1,2,2,4,1,2,4,5,3,5,5,4,0,2,5,2,2,2,2,2,4,4,4,4,4,2,2,4,2,2,5,5,5,5,5,5,2,2,0,3,0,4,2,3,5,5,1,1,3,2,2,2,2,2,4,4,4,2,4,4,3,2,4,2,4,4,4,4,5,1,2,2,4,1,2,2,5,5,4,4,4,4,4,2,2,4,4,4,2,2,2,2,2,5,5,2,3,2,2,4,4,4,2,3,4,4,2,3,2,2,4,4,2,2,2,2,0,4,4,4,4,4,2,3,2,5,5,5,0,2,2,4,1,3,5,5,4,4,4,4,4,4,0,4,4,4,0,2,2,1,5,5,5,1,0,2,2,3,4,5,5,4,2,4,1,5,4,3,5,5,5,5,5,0,4,3,4,3,3,4,4,2,1,4,1,2,2,2,2,2,3,4,2,3,2,1,1,0,1,0,1,0,1,0,0,1,1,1,0,2,2,0,3,3,3,2,4,4,3,2,4,4,0,0,0,2,2,0,0,2,2,2,2,2,4,4,2,0,5,0,2,1,1,2,2,4,4,2,3,4,4,4,4,4,4,2,1,2,2,4,4,4,4,4,4,0,4,4,4,2,2,4,4,5,5,3,4"
156,1.4327592506598843,"0,1,2,2,4,1,2,4,5,3,5,5,4,0,2,5,2,2,2,2,2,4,4,4,4,4,2,2,4,2,2,5,5,5,5,5,5,2,2,0,3,0,4,2,3,5,5,1,1,3,2,2,2,2,2,4,4,4,2,4,4,3,2,4,2,4,4,4,4,5,1,2,2,4,1,2,2,5,5,4,4,4,4,4,2,2,4,4,4,2,2,2,2,2,5,5,2,3,2,2,4,4,4,2,3,4,4,2,3,2,2,4,4,2,2,2,2,0,4,4,4,4,4,2,3,2,5,5,5,0,2,2,4,1,3,5,5,1,4,4,4,4,4,0,4,4,4,0,2,2,1,5,5,5,1,0,2,2,3,4,5,5,4,2,4,1,5,4,3,5,5,5,5,5,4,4,3,4,4,3,4,4,3,1,4,4,5,2,2,2,2,4,4,2,3,2,1,1,0,1,0,1,0,1,0,0,1,1,1,0,2,2,0,3,3,3,2,4,4,3,2,4,4,0,0,0,2,2,0,0,2,2,2,2,2,4,4,2,0,5,0,2,1,1,2,2,4,4,2,3,4,4,4,4,4,4,2,1,2,2,4,4,4,4,4,4,3,4,4,4,2,2,4,4,5,5,3,4"
157,1.4346907711370918,"0,1,2,2,4,1,2,4,5,3,5,5,4,0,2,5,2,2,2,2,2,4,4,4,4,4,2,2,4,2,2,5,5,5,5,5,5,2,2,0,3,0,4,2,3,5,5,1,1,3,2,2,2,2,2,4,4,4,2,4,4,3,2,4,2,4,4,4,4,5,1,2,2,4,1,2,2,5,5,4,4,4,4,4,2,2,4,4,4,2,2,2,2,2,5,5,2,3,2,2,4,4,4,2,3,4,4,2,3,2,2,4,4,2,2,2,2,0,1,4,4,4,4,2,3,2,5,5,5,2,2,2,4,1,3,5,5,4,4,4,4,4,4,0,4,4,4,4,2,2,1,5,5,5,1,0,2,2,3,4,5,5,4,2,4,1,5,4,3,5,5,5,5,5,4,4,3,4,3,3,4,4,3,1,4,4,2,2,2,2,2,4,4,2,3,2,1,1,0,1,0,1,0,1,0,0,1,1,1,0,2,2,0,3,3,3,2,4,4,3,2,4,4,0,0,0,2,2,0,0,2,2,2,2,2,4,4,2,0,5,0,2,1,1,2,2,4,4,2,3,4,4,4,4,4,4,2,1,2,2,4,4,4,4,4,4,0,4,4,4,2,2,4,4,5,5,3,4"
158,1.4346968670069848,"0,1,2,2,4,1,2,4,5,3,5,5,4,0,2,5,2,2,2,2,2,4,4,4,4,4,2,2,4,2,2,5,5,5,5,5,5,2,2,0,3,0,4,2,3,5,5,1,1,2,2,2,2,2,2,4,4,4,2,4,4,3,2,4,2,4,4,4,4,5,1,2,2,4,1,2,2,5,5,4,4,4,4,4,2,2,4,4,4,2,2,2,2,2,5,5,2,3,2,2,4,4,4,2,3,4,4,2,3,2,2,4,4,2,2,2,2,0,1,4,4,4,4,2,3,2,5,5,5,2,2,2,4,1,3,5,5,4,4,4,4,4,4,0,4,4,4,4,2,2,1,5,5,5,1,0,2,2,3,4,5,5,4,2,4,1,5,4,3,5,5,5,5,5,4,4,3,4,3,3,4,4,3,1,4,4,2,2,2,2,2,4,4,2,3,2,1,1,0,1,0,1,0,1,0,0,1,1,1,0,2,2,0,3,3,3,2,4,4,3,2,4,4,0,0,0,2,2,0,0,2,2,2,2,2,4,4,2,0,5,0,2,1,1,2,2,4,4,2,3,4,4,4,4,4,4,2,1,2,2,4,4,4,4,4,4,0,4,4,4,2,2,4,4,5,5,3,4"
159,1.434726721853446,"0,1,2,2,4,1,2,4,5,3,5,5,4,0,2,5,2,2,2,2,2,4,4,4,4,4,2,2,4,2,2,5,5,5,5,5,5,2,2,0,3,0,4,2,3,5,5,1,1,2,2,2,2,2,2,4,4,3,2,4,4,3,2,4,2,4,4,4,4,5,1,2,2,4,1,2,2,5,5,4,4,4,4,4,2,2,4,4,4,2,2,2,2,2,5,5,2,3,2,2,4,4,4,2,3,4,4,2,3,2,2,4,4,2,2,2,2,0,1,4,4,4,4,2,3,2,5,5,5,2,2,2,4,1,3,5,5,4,4,4,4,4,4,0,4,4,4,4,2,2,1,5,5,5,1,0,2,2,3,4,5,5,4,2,4,1,5,4,3,5,5,5,5,5,4,4,3,4,3,3,4,4,3,1,4,4,2,2,2,2,2,4,4,2,3,2,1,1,0,1,0,1,0,1,0,0,1,1,1,0,2,2,0,3,3,3,2,4,4,3,2,4,4,0,0,0,2,2,0,0,2,2,2,2,2,4,4,2,0,5,0,2,1,1,2,2,4,4,2,3,4,4,4,4,4,4,2,3,2,2,4,4,4,4,4,4,0,4,4,4,2,2,4,4,5,5,3,4"
160,1.434726721853446,"0,1,2,2,4,1,2,4,5,3,5,5,4,0,2,5,2,2,2,2,2,4,4,4,4,4,2,2,4,2,2,5,5,5,5,5,5,2,2,0,3,0,4,2,3,5,5,1,1,2,2,2,2,2,2,4,4,3,2,4,4,3,2,4,2,4,4,4,4,5,1,2,2,4,1,2,2,5,5,4,4,4,4,4,2,2,4,4,4,2,2,2,2,2,5,5,2,3,2,2,4,4,4,2,3,4,4,2,3,2,2,4,4,2,2,2,2,0,1,4,4,4,4,2,3,2,5,5,5,2,2,2,4,1,3,5,5,4,4,4,4,4,4,0,4,4,4,4,2,2,1,5,5,5,1,0,2,2,3,4,5,5,4,2,4,1,5,4,3,5,5,5,5,5,4,4,3,4,3,3,4,4,3,1,4,4,2,2,2,2,2,4,4,2,3,2,1,1,0,1,0,1,0,1,0,0,1,1,1,0,2,2,0,3,3,3,2,4,4,3,2,4,4,0,0,0,2,2,0,0,2,2,2,2,2,4,4,2,0,5,0,2,1,1,2,2,4,4,2,3,4,4,4,4,4,4,2,3,2,2,4,4,4,4,4,4,0,4,4,4,2,2,4,4,5,5,3,4"
161,1.4346170062784596,"0,1,2,2,4,1,2,4,5,3,5,5,4,0,2,5,2,2,2,2,2,4,4,4,4,4,2,2,4,2,2,5,5,5,5,5,5,2,2,0,3,0,4,2,3,5,5,1,1,2,2,2,2,2,2,4,4,3,2,4,4,3,2,4,2,4,4,4,4,5,1,2,2,4,1,2,2,5,5,4,4,4,4,4,2,2,4,4,4,2,2,2,2,2,5,5,2,3,2,2,4,4,4,2,3,4,4,2,3,2,2,4,4,2,2,2,2,0,1,4,4,4,4,2,3,2,5,5,5,2,2,2,4,1,3,5,5,4,4,4,4,4,4,0,4,4,4,4,2,2,1,5,5,5,1,0,2,2,2,4,5,5,4,2,4,1,5,4,3,5,5,5,5,5,4,4,3,4,3,3,4,4,3,1,4,4,2,2,2,2,2,4,4,2,3,2,1,1,0,1,0,1,0,1,0,0,1,1,1,0,2,2,0,3,3,3,2,4,4,3,2,4,4,0,0,0,2,2,0,0,2,2,2,2,2,4,4,2,0,5,0,2,1,1,2,2,4,4,2,3,4,4,4,4,4,4,2,3,2,2,4,4,4,4,4,4,0,4,4,4,2,2,4,4,5,5,3,4"
162,1.4351589775776619,"0,1,2,2,4,1,2,4,5,3,5,5,4,0,2,5,2,2,2,2,2,4,4,4,4,4,2,2,4,2,2,5,5,5,5,5,5,2,2,0,3,0,4,2,3,5,5,1,1,2,2,2,2,2,2,4,4,4,2,4,4,3,2,4,2,4,4,4,4,5,1,2,2,4,1,2,2,5,5,4,4,4,4,4,2,2,4,4,4,2,2,2,2,2,5,5,2,3,2,2,4,4,4,2,3,4,4,2,3,2,2,4,4,2,2,2,2,0,1,4,4,4,4,2,3,2,5,5,5,2,2,2,4,1,3,5,5,4,4,4,4,4,4,0,4,4,4,4,2,2,1,5,5,5,1,0,2,2,3,4,5,5,4,2,4,1,5,4,3,5,5,5,5,5,4,4,3,4,3,3,4,4,3,1,4,4,2,2,2,2,2,4,4,2,3,2,1,1,0,1,0,1,0,1,0,0,1,1,1,0,2,2,0,3,3,3,2,0,4,3,2,4,4,0,0,0,2,2,0,0,2,2,2,2,2,4,4,2,0,1,0,2,1,1,2,2,4,4,2,3,4,4,4,4,4,4,2,3,2,2,4,4,4,4,4,4,0,4,4,4,2,2,4,4,5,5,3,4"
163,1.4352568373771852,"0,1,2,2,4,1,2,4,5,3,5,5,4,0,2,5,2,2,2,2,2,4,4,4,4,4,2,2,4,2,2,5,5,5,5,5,5,2,2,0,3,0,4,2,3,5,5,1,1,2,2,2,2,2,2,4,4,2,2,4,4,3,2,4,2,4,4,4,4,5,1,2,2,4,1,2,2,5,5,4,4,4,4,4,2,2,4,4,4,2,2,2,2,2,5,5,2,3,2,2,4,4,4,2,3,4,4,2,3,2,2,4,4,2,2,2,2,2,1,4,4,4,4,2,3,2,5,5,5,2,2,2,4,1,3,5,5,4,4,4,4,4,4,0,4,4,4,4,2,2,1,5,5,5,1,0,2,2,3,4,5,5,4,2,4,1,5,4,3,5,5,5,5,5,4,4,3,4,3,3,4,4,3,1,4,4,2,2,2,2,2,4,4,2,3,2,1,1,0,1,0,1,0,1,0,0,1,1,1,0,2,2,0,3,3,3,2,0,4,3,2,4,4,0,0,0,2,2,0,0,2,2,2,2,2,4,4,2,0,1,0,2,1,1,2,2,4,4,2,3,4,4,4,4,4,4,2,3,2,2,4,4,4,4,4,4,0,4,4,4,2,2,4,4,5,5,3,4"
164,1.4352568373771852,"0,1,2,2,4,1,2,4,5,3,5,5,4,0,2,5,2,2,2,2,2,4,4,4,4,4,2,2,4,2,2,5,5,5,5,5,5,2,2,0,3,0,4,2,3,5,5,1,1,2,2,2,2,2,2,4,4,2,2,4,4,3,2,4,2,4,4,4,4,5,1,2,2,4,1,2,2,5,5,4,4,4,4,4,2,2,4,4,4,2,2,2,2,2,5,5,2,3,2,2,4,4,4,2,3,4,4,2,3,2,2,4,4,2,2,2,2,2,1,4,4,4,4,2,3,2,5,5,5,2,2,2,4,1,3,5,5,4,4,4,4,4,4,0,4,4,4,4,2,2,1,5,5,5,1,0,2,2,3,4,5,5,4,2,4,1,5,4,3,5,5,5,5,5,4,4,3,4,3,3,4,4,3,1,4,4,2,2,2,2,2,4,4,2,3,2,1,1,0,1,0,1,0,1,0,0,1,1,1,0,2,2,0,3,3,3,2,0,4,3,2,4,4,0,0,0,2,2,0,0,2,2,2,2,2,4,4,2,0,1,0,2,1,1,2,2,4,4,2,3,4,4,4,4,4,4,2,3,2,2,4,4,4,4,4,4,0,4,4,4,2,2,4,4,5,5,3,4"
165,1.4352568373771852,"0,1,2,2,4,1,2,4,5,3,5,5,4,0,2,5,2,2,2,2,2,4,4,4,4,4,2,2,4,2,2,5,5,5,5,5,5,2,2,0,3,0,4,2,3,5,5,1,1,2,2,2,2,2,2,4,4,2,2,4,4,3,2,4,2,4,4,4,4,5,1,2,2,4,1,2,2,5,5,4,4,4,4,4,2,2,4,4,4,2,2,2,2,2,5,5,2,3,2,2,4,4,4,2,3,4,4,2,3,2,2,4,4,2,2,2,2,2,1,4,4,4,4,2,3,2,5,5,5,2,2,2,4,1,3,5,5,4,4,4,4,4,4,0,4,4,4,4,2,2,1,5,5,5,1,0,2,2,3,4,5,5,4,2,4,1,5,4,3,5,5,5,5,5,4,4,3,4,3,3,4,4,3,1,4,4,2,2,2,2,2,4,4,2,3,2,1,1,0,1,0,1,0,1,0,0,1,1,1,0,2,2,0,3,3,3,2,0,4,3,2,4,4,0,0,0,2,2,0,0,2,2,2,2,2,4,4,2,0,1,0,2,1,1,2,2,4,4,2,3,4,4,4,4,4,4,2,3,2,2,4,4,4,4,4,4,0,4,4,4,2,2,4,4,5,5,3,4"
166,1.4347852558210699,"0,1,2,2,4,1,2,4,5,3,5,5,4,0,2,5,2,2,2,2,2,4,4,4,4,4,2,2,4,2,2,5,5,5,5,5,5,2,2,0,3,0,4,2,3,5,5,1,1,2,2,2,2,2,2,4,4,2,2,4,4,3,2,4,2,4,4,4,4,5,1,2,2,4,1,2,2,5,5,4,4,4,4,4,2,2,4,4,4,2,2,2,2,2,5,5,2,3,2,2,4,4,4,2,3,4,4,2,3,2,2,4,4,2,2,2,2,2,0,4,4,4,4,2,3,2,5,5,5,2,2,2,4,1,3,5,5,4,4,4,4,4,4,0,4,4,4,4,2,2,1,5,5,5,1,0,2,2,2,4,5,5,4,2,4,1,5,4,3,5,5,5,5,5,4,4,3,4,3,3,4,4,3,1,4,4,2,2,2,2,2,4,4,2,3,2,1,1,0,1,0,1,0,1,0,0,1,1,1,0,2,2,0,3,3,3,2,0,4,3,2,4,4,0,0,0,2,2,0,0,2,2,2,2,2,4,4,2,0,1,0,2,1,1,2,2,4,4,2,3,4,4,4,4,4,4,2,3,2,2,4,4,0,4,4,4,0,4,4,4,2,2,4,4,5,5,3,4"
167,1.4331621270269972,"0,1,2,2,4,1,2,4,5,3,5,5,4,0,2,5,2,2,2,2,2,4,4,4,4,4,2,2,4,2,2,5,5,5,5,5,5,2,2,0,3,0,4,2,3,5,5,1,1,2,2,2,2,2,2,4,4,2,2,4,4,3,2,4,2,4,4,4,4,5,1,2,2,4,1,2,2,5,5,4,4,4,4,4,2,2,4,4,4,2,2,2,2,2,5,5,2,3,2,2,4,4,4,2,3,4,4,2,3,2,2,4,4,2,2,2,2,2,0,4,4,4,4,2,3,2,5,5,5,2,2,2,4,1,3,5,5,4,4,4,4,4,1,0,4,4,4,4,2,2,1,5,5,5,1,0,2,2,3,4,5,5,4,2,4,1,5,4,3,5,5,5,5,5,4,4,3,4,3,3,4,4,3,1,4,4,2,2,2,2,2,4,4,2,3,2,1,1,0,1,3,1,0,1,0,0,1,1,1,0,2,2,0,3,3,3,2,0,4,3,2,4,4,0,0,0,0,2,0,0,2,2,2,2,2,4,4,2,0,1,0,2,1,1,2,2,4,4,2,3,4,4,4,4,4,4,2,3,2,2,4,4,4,4,4,4,0,4,4,4,2,2,4,4,4,5,3,4"
168,1.4356086642636245,"0,1,2,2,4,1,2,4,5,3,5,5,4,0,2,5,2,2,2,2,2,4,4,4,4,4,2,2,4,2,2,5,5,5,5,5,5,2,2,0,3,0,4,2,3,5,5,1,1,2,2,2,2,2,2,4,4,2,2,4,4,3,2,4,2,4,4,4,4,5,1,2,2,4,1,2,2,5,5,4,4,4,4,4,2,2,4,4,4,2,2,2,2,2,5,5,2,3,2,2,4,4,4,2,3,4,4,2,3,2,2,4,4,2,2,2,2,2,0,4,4,4,4,2,3,2,5,5,5,2,2,2,4,1,3,5,5,4,4,4,4,4,4,0,4,4,4,4,2,2,1,5,5,5,1,0,2,2,3,4,5,5,4,2,4,1,5,4,3,5,5,5,5,5,4,4,3,4,3,3,4,4,3,1,4,4,2,2,2,2,2,4,4,2,2,2,1,1,0,1,0,1,0,1,0,0,1,1,1,0,2,2,0,3,3,3,2,0,4,3,2,4,4,0,0,0,2,2,0,0,2,2,2,2,2,4,4,2,0,1,0,2,1,1,2,2,4,4,2,3,4,4,4,4,4,4,2,3,2,2,4,4,4,4,4,4,0,4,4,4,2,2,4,4,5,5,3,4"
169,1.435152093428933,"0,1,2,2,4,1,2,4,5,3,5,5,4,0,2,5,2,2,2,2,2,4,4,4,4,4,2,2,4,2,2,5,5,5,5,5,5,2,2,0,3,0,4,2,3,5,5,1,1,2,2,2,2,2,2,4,4,2,2,4,4,3,2,4,2,4,4,4,4,5,1,2,2,4,1,2,2,5,5,4,4,4,3,4,2,2,4,4,4,2,2,2,2,2,5,5,2,3,2,2,4,4,4,2,3,4,4,2,3,2,2,4,4,2,2,2,2,2,0,4,4,4,4,2,3,2,5,5,5,2,2,2,3,1,3,5,5,4,4,4,4,4,4,0,4,4,4,4,2,2,1,5,5,5,1,0,2,2,3,4,5,5,4,2,4,1,5,4,3,5,5,5,5,5,4,4,3,4,3,3,4,4,3,1,4,4,2,2,2,2,2,4,4,2,2,2,1,1,0,1,0,1,0,1,0,0,1,1,1,0,2,2,0,3,3,3,2,0,4,3,2,4,4,0,0,0,2,2,0,0,2,2,2,2,2,4,4,2,0,1,0,2,1,1,2,2,4,4,2,3,4,4,4,4,4,4,2,3,2,2,4,4,4,4,4,4,0,4,4,4,2,2,4,4,5,5,3,4"
170,1.4349941832161235,"0,1,2,2,4,1,2,4,5,3,5,5,4,0,2,5,2,2,2,2,2,4,4,4,4,4,2,2,4,2,2,5,5,5,5,5,5,2,2,0,3,0,4,2,3,5,5,1,1,2,2,2,2,2,2,4,4,2,2,4,4,3,2,4,2,4,4,4,4,5,1,2,2,4,1,2,2,5,5,4,4,4,4,4,2,2,4,4,4,2,2,2,2,2,5,5,2,3,2,2,4,4,4,2,3,4,4,2,3,2,2,4,4,2,2,2,2,2,0,4,4,4,4,4,3,2,5,5,5,2,2,2,4,1,3,5,5,4,4,4,4,4,4,0,4,4,4,4,2,2,1,5,5,5,1,0,2,2,3,4,5,5,4,2,4,1,5,4,3,5,5,5,5,5,4,4,3,4,3,3,4,4,3,1,4,4,2,2,2,2,2,4,4,2,2,2,1,1,0,1,0,1,0,1,0,0,1,1,1,0,2,2,0,3,3,3,2,0,4,3,2,4,4,0,0,0,2,2,0,0,2,2,2,2,2,4,4,2,0,1,0,2,1,1,2,2,4,4,2,3,4,4,4,4,4,4,2,3,2,2,4,4,4,4,4,4,0,4,4,4,2,2,4,4,5,5,3,4"
171,1.435649819709989,"0,1,2,2,4,1,2,4,5,3,5,5,4,0,2,5,2,2,2,2,2,4,4,4,4,4,2,2,4,2,2,5,5,5,5,5,5,2,2,0,3,0,4,2,3,5,5,1,1,2,2,2,2,2,2,4,4,2,2,4,4,3,2,4,2,4,4,4,4,5,1,2,2,4,1,2,2,5,5,4,4,4,4,4,2,2,4,4,4,2,2,2,2,2,5,5,2,3,2,2,4,4,4,2,3,4,4,2,3,2,2,4,4,2,2,2,2,2,0,4,4,4,4,2,3,2,5,5,5,2,2,2,4,1,3,5,5,4,4,4,4,4,4,0,4,4,4,4,2,2,1,5,5,5,1,0,2,2,3,4,5,5,4,2,4,1,5,4,3,5,5,5,5,5,4,4,3,4,3,3,4,4,3,1,4,4,2,2,2,2,2,4,4,2,2,2,1,1,0,1,0,1,0,1,0,0,1,1,1,0,2,2,0,3,3,3,2,0,4,3,2,4,4,0,0,0,2,2,0,0,2,2,2,2,2,4,4,2,0,1,3,2,1,1,2,2,4,4,2,3,4,4,4,4,4,4,2,3,2,2,4,4,4,4,4,4,0,4,4,4,2,2,4,4,5,5,3,4"
172,1.4358660401942254,"0,1,2,2,4,1,2,4,5,3,5,5,4,0,2,5,2,2,2,2,2,4,4,4,4,4,2,2,4,2,2,5,5,5,5,5,5,2,2,0,3,0,4,2,3,5,5,1,1,2,2,2,2,2,2,4,4,2,2,4,4,3,2,4,2,4,4,4,4,5,1,2,2,4,1,2,2,5,5,4,4,4,4,4,2,2,4,4,4,2,2,2,2,2,5,5,2,2,2,2,4,4,4,2,3,4,4,2,3,2,2,4,4,2,2,2,2,2,0,4,4,4,4,2,3,2,5,5,5,2,2,2,4,1,3,5,5,4,4,4,4,4,4,0,4,4,4,4,2,2,1,5,5,5,1,0,2,2,3,4,5,5,4,2,4,1,0,4,3,5,5,5,5,5,4,4,3,4,3,3,4,4,3,1,4,4,2,2,2,2,2,4,4,2,2,2,1,1,0,1,0,1,0,1,0,0,1,1,1,0,2,2,0,3,3,3,2,0,4,3,2,4,4,0,0,0,2,2,0,0,2,2,2,2,2,4,4,2,0,1,3,2,1,1,2,2,4,4,2,3,4,4,4,4,4,4,2,3,2,2,4,4,4,4,4,4,0,4,4,4,2,2,4,4,5,5,3,4"
173,1.435601009190174,"1,1,2,2,4,1,2,4,5,3,5,5,4,0,2,5,2,2,2,2,2,4,4,4,4,4,2,2,4,2,2,5,5,5,5,5,5,2,2,0,3,0,4,2,3,5,5,1,1,2,2,2,2,2,2,4,4,2,2,4,4,3,2,4,2,4,4,4,4,5,5,2,2,4,1,2,2,5,5,4,4,4,4,4,2,2,4,4,4,2,2,2,2,2,5,5,2,2,2,2,4,4,4,2,3,4,4,2,3,2,2,4,4,2,2,2,2,2,0,4,4,4,4,2,3,2,5,5,5,2,2,2,4,1,3,5,5,4,4,4,4,4,4,0,4,4,4,4,2,2,1,5,5,5,1,0,2,2,3,4,5,5,4,2,4,1,0,2,3,5,5,5,5,5,4,4,3,4,3,3,4,4,3,1,4,4,2,2,2,2,2,4,4,2,2,2,1,1,0,1,0,1,0,1,0,0,1,1,1,0,2,2,0,3,3,3,2,0,1,3,2,4,4,0,0,0,2,2,0,0,2,2,2,2,2,4,4,2,0,1,3,2,1,1,2,2,4,4,2,3,4,4,4,4,4,4,2,3,2,2,4,4,4,4,4,4,0,4,4,4,2,2,4,4,5,5,3,4"
174,1.436124931068822,"1,1,2,2,4,1,2,4,5,3,5,5,4,0,2,5,2,2,2,2,2,4,4,4,4,4,2,2,4,2,2,5,5,5,5,5,5,2,2,0,3,0,4,2,3,5,5,1,1,2,2,2,2,2,2,4,4,2,2,4,4,3,2,4,2,4,4,4,4,5,5,2,2,4,1,2,2,5,5,4,4,4,4,4,2,2,4,4,4,2,2,2,2,2,5,5,2,2,2,2,4,4,4,2,3,4,4,2,3,2,2,4,4,2,2,2,2,2,0,4,4,4,4,2,3,2,5,5,5,2,2,2,4,1,3,5,5,4,4,4,4,4,4,0,4,4,4,4,2,2,1,5,5,5,1,0,2,2,3,4,5,5,4,2,4,1,0,4,3,5,5,5,5,5,4,4,3,4,3,3,4,4,3,1,4,4,2,2,2,2,2,4,4,2,2,2,1,1,0,1,0,1,0,1,0,0,1,1,1,0,2,2,0,3,3,3,2,0,1,3,2,4,4,0,0,0,2,2,0,0,2,2,2,2,2,4,4,2,0,1,3,2,1,1,2,2,4,4,2,3,4,4,4,4,4,4,2,3,2,2,4,4,4,4,4,4,0,4,4,4,2,2,4,4,5,5,3,4"
175,1.4353884920859195,"1,1,2,2,4,1,2,4,5,3,5,5,4,0,2,5,2,2,2,2,2,4,4,4,4,4,2,2,4,2,2,5,5,5,5,5,5,2,2,0,3,0,4,2,3,5,5,1,1,2,2,2,2,2,2,4,4,2,2,4,4,3,2,4,2,4,4,4,4,5,5,2,2,4,1,2,2,5,5,4,4,4,4,4,2,2,4,4,4,2,2,2,2,2,5,5,2,2,2,2,4,4,4,2,3,4,4,2,3,2,2,4,4,2,2,2,2,2,0,4,4,4,4,2,3,2,5,5,5,2,2,2,4,1,3,5,5,4,4,4,4,4,4,0,4,4,4,4,2,2,1,5,5,5,1,0,2,2,3,4,5,5,4,2,4,1,0,4,3,5,5,5,5,5,4,4,3,4,3,3,4,4,3,1,4,4,2,2,2,2,2,4,4,2,2,2,1,1,0,1,0,1,0,1,0,0,1,1,1,0,2,2,0,3,3,3,2,0,1,3,2,4,4,0,0,0,2,2,0,0,2,2,2,2,2,4,4,2,0,1,3,2,1,1,2,2,4,4,2,3,4,4,5,4,4,4,2,3,2,2,4,4,4,4,4,4,0,4,4,4,2,2,4,4,5,5,3,4"
176,1.4362723440722425,"1,1,2,2,4,1,2,4,5,3,5,5,4,0,2,5,2,2,2,2,2,4,4,4,4,4,2,2,4,2,2,5,5,5,5,5,5,2,2,0,3,0,4,2,3,5,5,1,1,2,2,2,2,2,2,4,4,2,2,4,4,3,2,4,2,4,4,4,4,5,5,2,2,4,1,2,2,5,5,4,4,4,4,4,2,2,4,4,4,2,2,2,2,2,5,5,2,2,2,1,4,4,4,2,3,4,4,2,3,2,2,4,4,2,2,2,2,2,0,4,4,4,4,2,3,2,5,5,5,2,2,2,4,3,3,5,5,4,4,4,4,4,4,0,4,4,4,4,2,2,1,5,5,5,1,0,2,2,3,4,5,5,4,2,4,1,0,4,3,5,5,5,5,5,4,4,3,4,3,3,4,4,3,1,4,4,2,2,2,2,2,4,4,2,2,2,1,1,0,1,0,1,0,1,0,0,1,1,1,0,2,2,0,3,3,3,2,0,1,3,2,4,4,0,0,0,2,2,0,0,2,2,2,2,2,4,4,2,0,1,3,2,1,0,2,2,4,4,2,3,4,4,4,4,4,4,2,3,2,2,4,4,4,4,4,4,0,4,4,4,2,2,4,4,5,5,3,4"
177,1.4348200569260587,"1,1,2,2,4,1,2,4,5,3,5,5,4,0,2,5,2,2,2,2,2,4,4,4,4,4,2,2,4,2,2,5,5,5,5,5,5,2,2,0,3,0,4,2,3,5,5,1,1,2,2,2,2,2,2,4,4,2,2,4,4,3,2,4,2,4,4,4,4,5,5,2,2,4,1,2,2,5,5,4,4,4,4,4,2,2,4,4,4,2,2,2,2,2,5,5,2,2,2,1,4,4,4,2,3,4,4,2,3,2,2,4,4,2,2,2,2,2,0,4,4,4,4,2,3,2,5,5,5,2,2,2,4,3,5,5,5,4,4,4,4,4,4,0,4,4,4,4,2,2,1,5,5,5,1,0,2,2,3,4,5,5,4,2,4,1,0,4,3,5,5,5,5,5,4,4,3,4,3,3,4,4,3,1,4,4,2,2,2,2,2,4,4,2,2,2,1,1,0,1,0,1,0,1,0,0,1,1,1,1,2,2,0,3,3,3,2,0,1,3,2,4,4,0,0,0,2,2,0,0,2,2,2,2,2,4,0,2,0,1,3,2,1,0,2,2,4,4,2,3,4,4,4,4,4,4,2,3,2,2,4,4,4,4,4,4,0,4,4,4,2,2,4,4,5,5,3,4"
178,1.4365904801890077,"1,1,2,2,4,1,2,4,5,3,5,5,4,0,2,5,2,2,2,2,2,4,4,4,4,4,2,2,4,2,2,5,5,5,5,5,5,2,2,0,3,4,4,2,3,5,5,1,1,2,2,2,2,2,2,4,4,2,2,4,4,3,2,4,2,4,4,4,4,5,5,2,2,4,1,2,2,5,5,4,4,4,4,4,2,2,4,4,4,2,2,2,2,2,5,5,2,2,2,1,4,4,4,2,3,4,4,2,3,2,2,4,4,2,2,2,2,2,0,4,4,4,4,2,3,2,5,5,5,2,2,2,4,3,3,5,5,4,4,4,4,4,4,0,4,4,4,4,2,2,1,5,5,5,1,0,2,2,3,4,5,5,4,2,4,1,0,0,3,5,5,5,5,5,4,4,3,4,3,3,4,4,3,1,4,4,2,2,2,2,2,4,4,2,2,2,1,1,0,1,0,1,0,1,0,0,1,1,1,1,2,2,0,3,3,3,2,0,1,3,2,4,4,0,0,0,2,2,0,0,2,2,2,2,2,4,4,2,0,1,3,2,1,0,2,2,4,4,2,3,4,4,4,4,4,4,2,3,2,2,4,4,4,4,4,4,0,4,4,4,2,2,4,4,5,5,3,4"
179,1.4365904801890077,"1,1,2,2,4,1,2,4,5,3,5,5,4,0,2,5,2,2,2,2,2,4,4,4,4,4,2,2,4,2,2,5,5,5,5,5,5,2,2,0,3,4,4,2,3,5,5,1,1,2,2,2,2,2,2,4,4,2,2,4,4,3,2,4,2,4,4,4,4,5,5,2,2,4,1,2,2,5,5,4,4,4,4,4,2,2,4,4,4,2,2,2,2,2,5,5,2,2,2,1,4,4,4,2,3,4,4,2,3,2,2,4,4,2,2,2,2,2,0,4,4,4,4,2,3,2,5,5,5,2,2,2,4,3,3,5,5,4,4,4,4,4,4,0,4,4,4,4,2,2,1,5,5,5,1,0,2,2,3,4,5,5,4,2,4,1,0,0,3,5,5,5,5,5,4,4,3,4,3,3,4,4,3,1,4,4,2,2,2,2,2,4,4,2,2,2,1,1,0,1,0,1,0,1,0,0,1,1,1,1,2,2,0,3,3,3,2,0,1,3,2,4,4,0,0,0,2,2,0,0,2,2,2,2,2,4,4,2,0,1,3,2,1,0,2,2,4,4,2,3,4,4,4,4,4,4,2,3,2,2,4,4,4,4,4,4,0,4,4,4,2,2,4,4,5,5,3,4"
180,1.4362442958289279,"1,1,2,2,4,1,2,4,5,3,5,5,4,0,2,5,2,2,2,2,2,4,4,4,4,4,2,2,4,2,2,5,5,5,5,5,5,2,2,0,3,4,4,2,3,5,5,1,1,2,2,2,2,2,2,4,4,2,2,4,4,3,2,4,2,4,4,4,4,5,5,2,2,4,1,2,2,5,5,4,4,4,4,4,2,2,4,4,4,2,2,2,2,2,5,5,2,2,2,2,4,4,4,2,3,4,4,2,3,2,2,4,4,2,2,2,2,2,0,4,4,4,4,2,3,2,5,5,5,2,2,2,4,3,3,5,5,4,4,4,4,4,4,0,4,4,4,4,2,2,1,5,5,5,1,0,2,0,3,4,5,5,4,2,4,1,0,0,3,5,5,5,5,5,4,4,3,4,3,3,4,4,3,1,4,4,0,2,2,2,2,4,4,2,2,2,1,1,0,1,0,1,0,1,0,0,1,1,1,1,2,2,0,3,3,3,2,0,1,3,2,4,4,0,0,0,2,2,0,0,2,2,2,2,2,4,4,2,0,1,3,2,1,0,2,2,4,4,2,3,4,4,4,4,4,4,2,3,2,2,4,4,4,4,4,4,0,4,4,4,2,2,4,4,5,5,3,4"
181,1.4368781931346037,"1,1,2,2,4,1,2,4,5,3,5,5,4,0,2,5,2,2,2,2,2,4,4,4,4,4,2,2,4,2,2,5,5,5,5,5,5,2,2,0,3,4,4,2,3,5,5,1,1,2,2,2,2,2,2,4,4,2,2,4,4,3,2,4,2,4,4,4,4,5,5,2,2,4,1,2,2,5,5,4,4,4,4,4,2,2,4,4,4,2,2,2,2,2,5,5,2,2,2,2,4,4,4,2,3,4,4,2,3,2,2,4,4,2,2,2,2,2,0,4,4,4,4,2,3,2,5,5,5,2,2,2,4,3,3,5,5,4,4,4,4,4,4,0,4,4,4,4,2,2,1,5,5,5,1,0,2,2,3,4,5,5,4,2,4,1,0,0,3,5,5,5,5,5,4,4,3,4,3,3,4,4,3,1,4,4,2,2,2,2,2,4,4,2,2,2,1,1,0,1,0,1,0,1,0,0,1,1,1,1,2,2,0,3,3,3,2,0,1,3,2,4,4,0,0,0,2,2,0,0,2,2,2,2,2,4,4,2,0,1,3,2,1,0,0,2,4,4,3,3,4,4,4,4,4,4,2,3,2,2,4,4,4,4,4,4,0,4,4,4,2,2,4,4,5,5,3,4"
182,1.43541005776493,"1,1,2,2,4,1,2,4,5,3,5,5,4,0,2,5,2,2,2,2,2,4,4,4,4,4,2,2,4,2,2,5,5,5,5,5,5,2,2,0,3,4,4,2,3,5,5,1,1,2,2,2,2,2,2,4,4,2,2,4,4,3,2,4,2,4,4,4,4,5,5,2,5,4,1,2,2,5,5,4,0,4,4,4,2,2,4,4,4,2,2,2,2,2,5,5,2,2,2,2,4,4,4,2,3,4,4,2,3,2,2,4,4,2,2,2,2,2,0,4,4,4,4,2,3,2,5,5,5,2,2,2,4,3,3,5,5,4,4,4,4,4,4,0,4,4,4,4,2,2,1,5,5,5,1,0,2,2,3,2,5,5,4,2,4,1,0,0,3,5,5,5,5,5,4,4,3,4,3,3,4,4,2,1,4,4,2,2,2,2,2,4,4,2,2,2,1,1,0,1,0,1,0,1,0,0,1,1,1,1,2,2,0,3,3,3,2,0,1,3,2,4,4,0,0,0,2,2,0,0,2,2,2,2,2,4,4,2,0,1,3,2,1,0,0,2,4,4,3,3,4,4,4,4,4,4,2,3,2,2,4,4,1,4,4,4,0,4,4,4,2,2,4,4,5,5,3,4"
183,1.436627710053025,"1,1,2,2,4,1,2,4,5,3,5,5,4,0,2,5,2,2,2,2,2,4,4,4,4,4,2,2,4,2,2,5,5,5,5,5,5,2,2,0,3,4,4,2,3,5,5,1,1,2,2,2,2,2,2,4,4,2,2,4,4,3,2,4,2,4,4,4,4,5,5,2,2,4,1,2,2,5,5,4,4,4,4,4,2,2,4,4,4,2,2,2,2,2,5,5,2,2,2,2,4,4,4,2,1,4,4,2,3,2,2,4,4,2,2,2,2,2,0,4,4,4,4,2,3,2,5,5,5,2,2,2,4,3,3,5,5,4,4,4,4,4,4,0,4,4,4,4,2,2,1,5,5,5,1,0,2,2,3,4,5,5,4,2,4,1,0,0,3,5,5,5,5,5,4,4,3,4,3,3,4,4,3,1,4,4,2,2,3,2,2,4,4,2,2,2,1,1,0,1,0,1,0,1,0,0,1,1,1,1,2,2,0,3,3,3,2,0,1,3,2,4,4,0,0,0,2,2,0,0,2,2,2,2,2,4,4,2,0,5,3,2,1,0,0,2,4,4,2,3,4,4,4,4,4,4,2,3,2,2,4,4,4,4,4,4,0,4,4,4,2,2,4,4,5,5,3,4"
184,1.4369606796153058,"1,1,2,2,4,1,2,4,5,3,5,5,4,0,2,5,2,2,2,2,2,4,4,4,4,4,2,2,4,2,2,5,5,5,5,5,5,2,2,0,3,4,4,2,3,5,5,1,1,2,2,2,2,2,2,4,4,2,2,4,4,3,2,4,2,4,4,4,4,5,5,2,2,4,1,2,2,5,5,4,4,4,4,4,2,2,4,4,4,2,2,2,2,2,5,5,2,2,2,2,4,4,4,2,1,4,4,2,3,2,2,4,4,2,2,2,2,2,0,4,4,4,4,2,3,2,5,5,5,2,2,2,4,3,3,5,5,4,4,4,4,4,4,0,4,4,4,4,2,2,1,5,5,5,1,0,2,2,3,4,5,5,4,2,4,1,0,0,3,5,5,5,5,5,4,4,3,4,3,3,4,4,3,1,4,4,2,2,2,2,2,4,4,2,2,2,1,1,0,1,0,1,0,1,0,0,1,1,1,1,2,2,0,3,3,3,2,0,1,3,2,4,4,0,0,0,2,2,0,0,2,2,2,2,2,4,4,2,0,1,3,2,1,0,0,2,4,4,3,3,4,4,4,4,4,4,2,3,2,2,4,4,4,4,4,4,0,4,4,4,2,2,4,4,5,5,3,4"
185,1.4372793003061042,"1,1,2,2,4,1,2,4,5,3,5,5,4,0,2,5,2,2,2,2,2,4,4,4,4,4,2,2,4,2,2,5,5,5,5,5,5,2,2,0,3,4,4,2,3,5,5,1,1,2,2,2,2,2,2,4,4,2,2,4,4,3,2,4,2,4,4,4,4,5,5,2,2,4,4,2,2,5,5,4,4,4,4,4,2,2,4,4,4,2,2,2,2,2,5,5,2,2,2,2,4,4,4,2,1,4,4,2,3,2,2,4,4,2,2,2,2,2,0,4,4,4,4,2,3,2,5,5,5,2,2,2,4,3,3,5,5,4,4,4,4,4,4,0,4,4,4,4,2,2,1,5,5,5,1,0,2,2,3,4,5,5,4,2,4,1,0,0,3,5,5,5,5,5,4,4,3,4,3,3,4,4,3,1,4,4,2,2,2,2,2,4,4,2,2,2,1,1,0,1,0,1,0,1,0,0,1,1,1,1,2,2,0,3,3,3,2,2,1,3,2,4,4,0,0,0,2,2,0,0,2,2,2,2,2,4,4,2,0,1,2,2,1,0,0,2,4,4,3,3,4,4,4,4,4,4,2,3,2,2,4,4,4,4,4,4,0,4,4,4,2,2,4,4,5,5,3,4"
186,1.4355845745152993,"1,1,2,2,4,1,2,4,5,3,5,5,4,0,2,5,2,2,2,2,2,4,4,4,4,4,2,2,4,2,2,5,5,5,5,5,5,2,2,0,3,4,4,2,3,5,5,1,1,2,2,2,2,2,2,4,4,2,2,4,4,3,2,4,2,4,4,4,4,5,5,2,2,4,4,2,2,5,5,4,4,4,4,4,2,2,4,4,4,2,2,2,2,2,5,5,2,2,2,2,4,4,4,2,1,4,4,2,3,2,2,4,4,2,2,2,2,2,0,4,4,4,4,2,3,2,5,5,5,2,2,2,2,3,3,5,5,4,4,4,4,4,4,0,4,4,4,4,2,2,1,5,5,5,1,0,2,2,3,4,5,5,4,2,4,1,0,0,3,5,5,5,5,5,4,4,3,4,3,3,4,4,3,1,4,4,2,2,2,2,2,4,4,2,2,2,1,1,0,1,0,1,0,1,0,0,1,1,1,1,2,2,0,3,3,3,2,2,1,3,2,4,4,0,0,0,2,0,0,0,2,2,2,2,2,4,4,2,0,1,2,2,1,0,0,2,4,4,3,3,4,1,4,4,4,4,2,3,2,2,4,4,4,4,4,4,0,4,4,4,2,2,4,4,2,5,3,4"
187,1.4372861921426379,"1,1,2,2,4,1,2,4,5,3,5,5,4,0,2,5,2,2,2,2,2,4,4,4,4,4,2,2,4,2,2,5,5,5,5,5,5,2,2,0,3,4,4,2,3,5,5,1,1,2,2,2,2,2,2,4,4,2,2,4,4,3,2,4,2,4,4,4,4,5,5,2,2,4,4,2,2,5,5,4,4,4,4,4,2,2,4,4,4,2,2,2,2,2,5,5,2,2,2,2,4,4,4,2,1,4,4,2,3,2,2,4,4,2,2,2,2,2,0,4,4,4,4,2,3,2,5,5,5,2,2,2,4,3,3,5,5,4,4,4,4,4,4,0,4,4,4,4,2,2,1,5,5,5,1,0,2,2,3,0,5,5,4,2,4,1,0,0,3,5,5,5,5,5,4,4,3,4,3,3,4,4,3,1,4,4,2,2,2,2,2,4,4,2,2,2,1,1,0,1,0,1,0,1,0,0,1,1,1,1,2,2,0,3,3,3,2,2,1,3,2,4,4,0,0,0,2,2,0,0,2,2,2,2,2,4,4,2,0,1,2,2,1,0,0,2,4,4,3,3,4,4,4,4,4,4,2,3,2,2,4,4,4,4,4,4,0,4,4,4,2,2,4,4,5,5,3,4"
188,1.437401788738986,"1,1,2,2,4,1,2,4,5,3,5,5,4,0,2,5,2,2,2,2,2,4,4,4,4,4,2,2,4,2,2,5,5,5,5,5,5,2,2,0,3,4,4,2,3,5,5,1,1,2,2,2,2,2,2,4,4,2,2,4,4,3,2,4,2,4,4,4,4,5,5,2,2,4,4,2,2,5,5,4,4,4,4,4,2,2,4,4,4,2,2,2,2,2,5,5,2,2,2,2,4,4,4,2,1,4,4,2,3,2,2,4,4,2,2,2,2,2,0,4,4,4,4,2,3,2,5,5,5,2,2,2,4,3,3,5,5,4,4,4,4,4,4,0,4,4,4,4,2,2,1,5,5,5,1,0,2,2,3,0,5,5,4,2,4,1,0,0,3,5,5,5,5,5,4,4,3,4,3,3,4,4,3,1,4,4,2,2,2,2,2,4,4,2,2,2,1,1,0,1,0,1,1,1,0,0,1,1,1,1,2,2,0,3,3,3,2,2,1,3,2,4,4,0,0,0,2,2,0,0,2,2,2,2,2,4,4,2,0,1,2,2,1,0,0,2,4,4,3,3,4,4,4,4,4,4,2,3,2,2,4,4,2,4,4,4,0,4,4,4,2,2,4,4,5,5,3,4"
189,1.437401788738986,"1,1,2,2,4,1,2,4,5,3,5,5,4,0,2,5,2,2,2,2,2,4,4,4,4,4,2,2,4,2,2,5,5,5,5,5,5,2,2,0,3,4,4,2,3,5,5,1,1,2,2,2,2,2,2,4,4,2,2,4,4,3,2,4,2,4,4,4,4,5,5,2,2,4,4,2,2,5,5,4,4,4,4,4,2,2,4,4,4,2,2,2,2,2,5,5,2,2,2,2,4,4,4,2,1,4,4,2,3,2,2,4,4,2,2,2,2,2,0,4,4,4,4,2,3,2,5,5,5,2,2,2,4,3,3,5,5,4,4,4,4,4,4,0,4,4,4,4,2,2,1,5,5,5,1,0,2,2,3,0,5,5,4,2,4,1,0,0,3,5,5,5,5,5,4,4,3,4,3,3,4,4,3,1,4,4,2,2,2,2,2,4,4,2,2,2,1,1,0,1,0,1,1,1,0,0,1,1,1,1,2,2,0,3,3,3,2,2,1,3,2,4,4,0,0,0,2,2,0,0,2,2,2,2,2,4,4,2,0,1,2,2,1,0,0,2,4,4,3,3,4,4,4,4,4,4,2,3,2,2,4,4,2,4,4,4,0,4,4,4,2,2,4,4,5,5,3,4"
190,1.4375655745449936,"1,1,2,2,4,1,2,4,5,3,5,5,4,0,2,5,2,2,2,2,2,4,4,4,4,4,2,2,4,2,2,5,5,5,5,5,5,2,2,0,3,4,4,2,3,5,5,1,1,2,2,2,2,2,2,4,4,2,2,4,4,3,2,4,2,4,4,4,4,5,5,2,2,4,4,2,2,5,5,4,4,4,4,4,2,2,4,4,4,2,2,2,2,2,5,5,2,2,2,2,4,4,4,2,1,4,4,2,3,2,2,4,4,2,2,2,2,2,0,4,4,4,4,2,3,2,5,5,5,2,2,2,4,3,3,5,5,4,4,4,4,4,4,0,4,4,4,4,2,2,1,5,5,5,1,0,2,2,3,0,5,5,4,2,4,1,0,0,3,5,5,5,5,5,4,4,3,4,3,3,4,4,3,1,4,4,2,2,2,2,2,4,4,2,2,2,1,1,0,1,0,1,1,1,0,0,1,1,1,1,2,2,0,3,3,3,2,2,1,3,2,4,4,0,0,0,2,2,0,0,2,2,2,2,2,4,4,2,0,1,2,2,1,0,0,2,4,4,3,3,4,4,4,4,4,4,2,2,3,2,4,4,4,4,4,4,0,4,4,4,2,2,4,4,5,5,3,4"
191,1.437132742726607,"1,1,2,2,4,1,2,4,5,3,5,5,4,0,2,5,2,2,2,2,2,4,4,4,4,4,2,2,4,2,2,5,5,5,5,5,5,2,2,0,3,4,4,2,3,5,5,1,1,2,2,2,2,2,2,4,4,2,2,4,4,3,2,4,2,4,4,4,4,5,5,2,2,4,4,2,2,5,5,4,4,4,4,4,2,2,4,4,4,2,2,2,2,2,5,5,2,2,2,2,4,4,4,2,1,4,4,2,3,2,2,4,4,2,2,2,2,2,0,4,4,4,4,2,3,2,5,5,5,2,2,2,4,3,3,5,5,4,4,4,4,4,4,0,4,4,4,4,2,2,1,5,5,5,1,0,2,2,3,0,5,5,4,2,4,1,0,0,3,5,5,5,5,5,4,4,3,4,3,3,4,4,3,3,4,4,2,2,2,2,2,4,4,2,2,2,1,1,0,1,0,1,1,1,0,0,1,1,1,1,2,2,0,3,3,3,2,2,1,3,2,4,4,0,0,2,2,2,0,0,2,2,2,2,2,4,4,2,0,1,2,2,1,0,0,2,4,4,3,3,4,4,4,4,4,4,2,2,3,2,4,4,4,4,4,4,0,4,4,4,2,2,4,4,5,5,3,4"
192,1.4369634858838458,"1,1,2,2,4,1,2,4,5,3,5,5,4,0,2,5,2,2,2,2,2,4,4,4,4,4,2,2,4,2,2,5,5,5,5,5,5,2,2,0,3,4,4,2,3,5,5,1,1,2,2,2,2,2,2,4,4,2,2,4,4,3,2,4,2,4,4,4,4,5,5,2,2,4,4,2,2,5,5,4,4,4,4,4,2,2,0,4,4,2,2,2,2,2,5,5,2,2,2,2,4,4,4,2,1,4,4,2,3,2,0,4,4,2,2,2,2,2,0,4,4,4,4,2,3,2,5,5,5,2,2,2,4,3,3,5,5,4,4,4,4,4,4,0,4,4,4,4,2,2,1,5,5,5,1,0,2,2,3,0,5,5,4,2,4,1,0,0,0,5,5,5,5,5,4,4,3,4,3,3,4,4,3,3,4,4,2,2,2,2,2,4,4,2,2,2,1,1,0,1,0,1,1,1,0,0,1,1,1,1,2,2,0,3,3,3,2,2,1,3,2,4,4,4,0,0,2,2,0,3,2,2,2,2,2,4,4,2,0,1,2,2,1,0,0,2,4,4,3,3,4,4,4,4,4,4,2,2,3,2,4,4,4,4,4,4,0,4,4,4,2,2,4,4,5,5,3,4"
193,1.437699503439529,"1,1,2,2,4,5,2,4,5,3,5,5,4,0,2,5,2,2,2,2,2,4,4,4,4,4,2,2,4,2,2,5,5,5,5,5,5,2,2,0,3,4,4,2,3,5,5,1,1,2,2,2,2,2,2,4,4,2,2,4,4,3,2,4,2,4,4,4,4,5,5,2,2,4,4,2,2,5,5,4,4,4,4,4,2,2,4,4,4,2,2,2,2,2,5,5,2,2,2,2,4,4,4,2,1,4,4,2,3,2,2,4,4,2,2,2,2,2,0,4,4,4,4,2,3,2,5,5,5,2,2,1,4,3,3,5,5,4,4,4,4,4,4,0,4,4,4,4,2,2,1,5,5,5,1,0,2,2,3,0,5,5,4,2,4,1,0,0,3,5,5,5,5,5,4,4,3,4,3,3,4,4,3,3,4,4,2,2,2,2,2,4,4,2,2,2,1,1,0,1,0,1,1,1,0,0,1,1,1,1,2,2,0,3,3,3,2,2,1,3,2,4,4,0,0,0,2,2,0,0,2,2,2,2,2,4,4,2,0,1,2,2,1,0,0,2,4,4,3,3,4,4,4,4,4,4,2,2,3,2,4,4,4,4,4,4,0,4,4,4,2,2,4,4,5,5,3,4"
194,1.4379905728157893,"1,1,2,2,4,5,2,4,5,3,5,5,4,0,2,5,2,2,2,2,2,4,4,4,4,4,2,2,4,2,2,5,5,5,5,5,5,2,2,0,3,4,0,2,3,5,5,1,1,2,2,2,2,2,2,4,4,2,2,4,4,3,2,2,2,4,4,4,4,5,5,2,2,4,4,2,2,5,5,4,4,4,4,4,2,2,4,4,4,2,2,2,2,2,5,5,2,2,2,2,4,4,4,2,1,4,4,2,3,2,2,4,4,2,2,2,2,2,0,4,4,4,4,2,3,2,5,5,5,2,2,2,4,3,3,5,5,4,4,4,4,4,4,0,4,4,4,4,2,2,1,5,5,5,1,0,2,2,3,0,5,5,4,2,4,1,0,0,3,5,5,5,5,5,4,4,3,4,3,3,4,4,3,3,4,4,2,2,2,2,2,4,4,2,2,2,1,1,0,1,0,1,1,1,0,1,1,1,1,1,2,2,0,3,3,3,2,2,1,3,2,4,4,0,0,0,2,2,0,0,2,2,2,2,2,4,4,2,0,1,2,2,1,0,0,2,4,4,3,3,4,4,4,4,4,4,2,2,3,2,4,4,4,4,4,4,0,4,4,4,2,2,4,4,5,5,3,4"
195,1.43654712432957,"1,1,2,2,4,5,2,4,5,3,5,5,4,0,2,5,2,2,2,2,2,4,4,4,4,4,2,2,4,2,2,5,5,5,5,5,5,2,2,0,3,0,0,2,3,5,5,1,1,2,2,2,2,2,2,4,4,2,2,4,4,3,2,2,2,4,4,4,4,5,5,2,0,4,4,2,2,5,5,4,4,3,4,4,2,2,4,4,4,2,2,2,2,2,5,5,2,2,2,2,4,4,4,2,1,4,4,2,3,2,2,4,4,2,2,2,2,2,0,4,4,4,4,2,3,2,5,5,5,2,2,2,4,3,3,5,5,4,4,4,4,4,4,0,4,4,4,4,2,2,1,5,5,5,1,0,2,2,3,0,5,5,4,2,4,1,0,0,3,5,5,5,5,5,4,4,3,4,3,3,4,1,3,3,4,4,2,2,2,0,2,4,4,2,2,2,1,1,0,1,0,1,1,1,0,1,1,1,1,1,2,2,0,3,3,3,2,2,1,3,2,4,4,0,0,0,2,2,0,0,2,2,2,2,2,4,4,2,0,1,2,2,1,0,0,2,4,4,3,3,4,4,4,4,4,4,2,2,3,2,4,4,4,4,4,4,0,4,4,4,2,2,4,4,5,5,3,4"
196,1.43812612193043,"1,1,2,2,4,5,2,4,5,3,5,5,4,0,2,5,2,2,2,2,2,4,4,4,4,4,2,2,4,2,2,5,5,5,5,5,5,2,2,0,3,0,0,2,3,5,5,1,1,2,2,2,2,2,2,4,4,2,2,4,4,3,2,2,2,4,4,4,4,5,5,2,2,4,4,2,2,5,5,4,4,4,4,4,2,2,4,4,4,2,2,2,2,2,5,5,2,2,2,2,4,4,4,2,1,4,4,2,2,2,2,4,4,2,2,2,2,2,0,4,4,4,4,2,3,2,5,5,5,2,2,2,4,3,3,5,5,4,4,4,4,4,4,0,4,4,4,4,2,2,1,5,5,5,1,0,2,2,3,0,5,5,4,2,4,1,0,0,3,5,5,5,5,5,4,4,3,4,3,3,4,4,3,3,4,4,2,2,2,2,2,4,4,2,2,2,1,1,0,1,0,1,1,1,0,1,1,1,1,1,2,2,0,3,3,3,2,2,1,3,2,4,4,0,0,0,2,2,0,0,2,2,2,2,2,4,4,2,0,1,2,2,1,0,0,2,4,4,3,3,4,4,4,4,4,4,2,2,3,2,4,4,4,4,4,4,0,4,4,4,2,2,4,4,5,5,3,4"
197,1.4371578210893574,"1,1,2,2,4,5,2,4,5,3,5,5,4,0,2,5,2,2,2,2,2,4,4,4,4,4,2,2,4,2,2,5,5,5,5,5,5,2,2,0,3,0,0,2,3,5,5,1,1,2,2,2,2,2,2,4,4,2,2,4,4,3,2,2,2,4,4,4,4,5,5,2,2,4,4,2,2,5,5,4,4,4,4,4,2,2,4,4,4,2,2,2,2,2,5,5,2,2,2,2,4,4,4,2,1,4,4,2,2,2,2,4,4,2,2,2,2,2,0,4,4,4,4,2,3,2,5,5,5,2,2,2,4,3,3,5,5,4,4,4,4,4,4,0,4,4,4,4,2,2,1,5,5,5,1,0,2,2,3,0,5,5,4,2,4,1,0,0,3,5,5,5,5,5,4,4,3,4,3,3,4,4,3,3,0,4,2,2,2,2,2,4,4,2,2,2,1,1,0,1,0,1,1,1,0,1,1,1,1,1,2,2,0,3,3,3,2,2,3,3,2,4,4,0,0,0,2,2,0,0,2,2,2,2,2,4,4,2,0,1,2,2,1,0,0,2,4,4,3,3,4,4,4,4,4,4,2,2,3,2,4,4,4,3,4,4,0,4,4,4,2,2,4,4,5,5,3,4"
198,1.4381781032350982,"1,1,2,2,4,5,2,4,5,3,5,5,4,0,2,5,2,2,2,2,2,4,4,4,4,4,2,2,4,2,2,5,5,5,5,5,5,2,2,0,3,0,0,2,3,5,5,1,1,2,2,2,2,2,2,4,4,2,2,4,4,3,2,2,2,4,4,4,4,5,5,2,2,4,4,2,2,5,5,4,4,4,4,4,2,2,4,4,4,2,2,2,2,2,5,5,2,2,2,2,4,4,4,2,1,4,4,2,2,2,2,4,4,2,2,2,2,2,0,4,4,4,4,2,3,2,5,5,5,2,2,2,4,3,3,5,5,4,4,4,4,4,4,0,4,4,4,4,2,2,1,5,5,5,1,0,2,2,3,0,5,5,4,2,4,1,0,0,3,5,5,5,5,5,4,4,3,4,3,3,4,4,3,3,4,4,2,2,2,2,2,4,4,2,2,2,1,1,0,1,0,1,1,1,0,1,1,1,1,1,2,2,0,3,3,3,2,2,1,3,2,3,4,0,0,0,2,2,0,0,2,2,2,2,2,4,4,2,0,1,2,2,1,0,0,2,4,4,3,3,4,4,4,4,4,4,2,2,3,2,4,4,4,4,4,4,0,4,4,4,2,2,4,4,5,5,3,4"
199,1.4384152658385616,"1,1,2,2,4,5,2,4,5,3,5,5,4,0,2,5,2,2,2,2,2,4,4,4,4,4,2,2,4,2,2,5,5,5,5,5,5,2,2,0,3,0,0,2,3,5,5,1,1,2,2,2,2,2,2,4,4,2,2,4,4,3,2,2,2,4,4,4,4,5,5,2,2,4,4,2,2,5,5,4,4,4,4,4,2,2,4,4,4,2,2,2,2,2,5,5,2,2,2,2,4,4,4,2,1,4,4,2,2,2,2,4,4,2,2,2,2,2,0,4,4,4,4,2,3,2,5,5,5,2,2,2,2,3,3,5,5,4,4,4,4,4,4,0,4,4,4,4,2,2,1,5,5,5,1,0,2,2,3,0,5,5,4,4,4,1,0,0,3,5,5,5,5,5,4,4,3,4,3,3,4,4,3,3,4,4,2,2,2,2,2,4,4,2,2,2,1,1,0,1,0,1,1,1,0,1,1,1,1,1,2,2,0,3,3,3,2,2,1,3,2,3,4,0,0,0,2,2,0,0,2,2,2,2,2,4,4,2,0,1,2,2,1,0,0,2,4,4,3,3,4,4,4,4,4,4,2,2,3,2,4,4,4,4,4,4,0,4,4,4,2,2,4,4,5,5,3,4"
200,1.4381018824978908,"1,1,2,2,4,5,2,4,5,3,5,5,4,0,2,5,2,2,2,2,2,4,4,4,4,4,2,2,4,2,2,5,5,5,5,5,5,2,2,0,3,0,0,2,3,5,5,1,1,2,2,2,2,2,2,4,4,2,2,4,4,3,2,2,2,4,4,4,4,5,5,2,2,4,4,2,2,5,5,4,4,4,4,4,2,2,4,4,4,2,2,2,2,2,5,5,2,2,2,2,4,4,4,2,1,4,4,2,2,2,2,4,4,2,2,2,2,2,0,4,4,4,4,2,3,2,5,5,5,2,2,2,2,3,3,5,5,4,4,4,4,4,4,0,4,4,4,4,2,2,0,5,5,5,1,0,2,2,3,0,5,5,4,4,4,1,0,0,3,5,5,5,5,5,4,4,3,4,3,3,4,4,3,3,4,4,2,2,2,2,2,4,4,2,2,2,1,1,0,1,0,1,1,1,0,1,1,1,1,1,2,2,0,3,3,3,2,2,1,3,2,3,4,0,0,0,2,2,0,0,2,2,2,2,2,4,4,2,0,1,2,2,1,0,0,2,4,4,3,3,4,4,4,4,4,4,2,2,3,2,4,4,4,4,4,4,0,4,4,4,2,2,4,4,5,5,3,4"
201,1.4384418661016443,"1,1,2,2,4,5,2,4,5,3,5,5,4,0,2,5,2,2,2,2,2,4,4,4,4,4,2,2,4,2,2,5,5,5,5,5,5,2,2,0,3,0,0,2,3,5,5,1,1,2,2,2,2,2,2,4,4,2,2,4,4,3,2,2,2,4,4,4,4,5,5,2,2,4,4,2,2,5,5,4,4,4,4,4,2,2,4,4,4,2,2,2,2,2,5,5,2,2,2,2,4,4,4,2,1,4,4,2,2,2,2,4,4,2,2,2,2,2,0,4,4,4,4,2,3,2,5,5,5,2,2,2,2,3,3,5,5,4,4,4,4,4,4,0,4,4,4,4,2,2,0,5,5,5,1,0,2,2,3,0,5,5,4,4,4,1,0,0,3,5,5,5,5,5,4,4,3,4,3,3,4,4,3,3,4,4,2,2,2,2,2,4,4,2,2,2,1,1,0,1,0,1,1,1,1,1,1,1,1,1,2,2,0,3,3,3,2,2,1,3,2,3,4,0,0,0,2,2,0,0,2,2,2,2,2,4,4,2,0,1,2,2,1,0,0,2,4,4,3,3,4,4,4,4,4,4,2,2,3,2,1,4,4,4,4,4,0,4,4,4,2,2,4,4,5,5,3,4"
202,1.437787089000812,"1,1,2,2,4,5,2,4,5,3,5,5,4,0,2,5,2,2,2,2,2,4,4,4,4,4,2,2,4,2,2,5,5,5,5,5,5,2,2,0,3,0,0,2,3,5,5,1,1,2,2,2,2,2,2,4,4,2,2,4,4,3,2,2,2,4,4,4,4,5,5,2,2,4,4,2,2,5,5,4,4,4,4,4,2,2,4,4,4,2,2,2,2,2,5,5,2,2,2,2,4,4,4,2,1,4,4,2,2,2,2,4,4,2,2,2,2,2,0,4,4,4,4,2,3,2,5,5,5,2,2,2,2,3,3,5,5,4,4,4,4,4,4,0,4,4,4,4,2,2,0,5,5,5,1,0,2,2,3,0,5,5,4,4,4,1,0,0,3,5,5,5,5,5,4,4,3,4,3,3,4,4,3,3,4,4,2,2,2,2,2,4,4,2,2,2,1,1,0,1,0,1,1,1,1,1,1,1,1,1,2,2,0,3,3,3,2,2,1,3,2,3,4,0,0,0,2,2,0,0,0,2,2,2,2,4,4,2,0,1,2,2,1,0,0,2,4,4,3,3,4,4,4,4,4,2,2,2,3,2,4,4,4,4,4,4,0,4,4,4,2,2,4,4,5,5,3,4"
203,1.4388450052170596,"1,1,2,2,4,5,2,4,5,3,5,5,3,0,2,5,2,2,2,2,2,4,4,4,4,4,2,2,4,2,2,5,5,5,5,5,5,2,2,0,2,0,0,2,3,5,5,1,1,2,2,2,2,2,2,4,4,2,2,4,4,3,2,2,2,4,4,4,4,5,5,2,2,4,4,2,2,5,5,4,4,4,4,4,2,2,4,4,4,2,2,2,2,2,5,5,2,2,2,2,4,4,4,2,1,4,4,2,2,2,2,4,4,2,2,2,2,2,0,4,4,4,4,2,3,2,5,5,5,2,2,2,2,3,3,5,5,4,4,4,4,4,4,0,4,4,4,4,2,2,0,5,5,5,1,0,2,2,3,0,5,5,4,4,4,1,0,0,3,5,5,5,5,5,4,4,3,4,3,3,4,4,3,3,4,4,2,2,2,2,2,4,4,2,2,2,1,1,0,1,0,1,1,1,1,1,1,1,1,1,2,2,0,3,3,3,2,2,1,3,2,3,4,0,0,0,2,2,0,0,2,2,2,2,2,4,4,2,0,1,2,2,1,0,0,2,4,4,3,3,4,4,4,4,4,4,2,2,3,2,4,4,4,4,4,4,0,4,4,4,2,2,4,4,5,5,3,4"
204,1.4388628095268263,"1,1,2,2,4,5,2,4,5,3,5,5,3,0,2,5,2,2,2,2,2,4,4,4,4,4,2,2,4,2,2,5,5,5,5,5,5,2,2,0,2,0,0,2,3,5,5,1,1,2,2,2,2,2,2,4,4,2,2,4,4,3,2,2,2,4,4,4,4,5,5,2,2,4,4,2,2,5,5,4,4,4,4,4,2,2,4,4,4,2,2,2,2,2,5,5,2,2,2,2,4,4,4,2,1,4,4,2,2,2,2,4,4,2,2,2,2,2,0,4,4,4,4,2,3,2,5,5,5,2,2,2,2,3,3,5,5,4,4,4,4,4,4,0,4,4,4,4,2,2,0,5,5,5,1,0,2,2,3,0,5,5,4,4,4,1,0,0,3,5,5,5,5,5,4,4,3,4,3,3,4,4,3,3,4,4,2,2,2,2,2,4,4,2,2,2,1,1,0,1,0,1,1,1,1,1,1,1,1,1,2,2,0,3,3,3,2,2,1,3,2,3,4,0,0,0,2,2,0,0,2,2,2,2,2,4,4,2,0,1,2,2,1,0,0,2,4,4,3,2,4,4,4,4,4,4,2,2,3,2,4,4,4,4,4,4,0,4,4,4,2,2,4,4,5,5,3,4"
205,1.4388628095268263,"1,1,2,2,4,5,2,4,5,3,5,5,3,0,2,5,2,2,2,2,2,4,4,4,4,4,2,2,4,2,2,5,5,5,5,5,5,2,2,0,2,0,0,2,3,5,5,1,1,2,2,2,2,2,2,4,4,2,2,4,4,3,2,2,2,4,4,4,4,5,5,2,2,4,4,2,2,5,5,4,4,4,4,4,2,2,4,4,4,2,2,2,2,2,5,5,2,2,2,2,4,4,4,2,1,4,4,2,2,2,2,4,4,2,2,2,2,2,0,4,4,4,4,2,3,2,5,5,5,2,2,2,2,3,3,5,5,4,4,4,4,4,4,0,4,4,4,4,2,2,0,5,5,5,1,0,2,2,3,0,5,5,4,4,4,1,0,0,3,5,5,5,5,5,4,4,3,4,3,3,4,4,3,3,4,4,2,2,2,2,2,4,4,2,2,2,1,1,0,1,0,1,1,1,1,1,1,1,1,1,2,2,0,3,3,3,2,2,1,3,2,3,4,0,0,0,2,2,0,0,2,2,2,2,2,4,4,2,0,1,2,2,1,0,0,2,4,4,3,2,4,4,4,4,4,4,2,2,3,2,4,4,4,4,4,4,0,4,4,4,2,2,4,4,5,5,3,4"
206,1.437527326391785,"1,1,2,2,4,5,2,4,5,3,5,5,3,0,2,5,2,2,2,2,2,4,4,4,4,4,2,2,4,2,2,5,5,5,5,5,5,2,2,0,2,0,0,2,3,5,5,1,1,2,2,2,2,2,2,4,4,2,2,4,4,3,2,2,2,4,4,4,4,5,5,2,2,4,4,2,2,5,5,4,4,4,4,4,2,2,4,4,4,2,2,2,2,2,5,5,2,2,2,2,4,4,4,2,1,4,4,2,2,2,2,4,4,2,2,2,2,2,0,4,4,4,4,2,3,2,5,5,5,2,2,2,2,3,3,5,5,4,4,4,4,4,4,0,4,4,4,4,2,2,0,5,5,5,1,0,2,2,3,0,5,5,4,4,4,1,0,0,3,5,5,5,5,5,4,4,3,4,3,3,4,4,3,3,4,4,2,2,2,2,2,4,4,2,2,2,1,1,0,1,0,1,1,1,1,1,1,1,1,1,2,2,0,3,3,3,2,2,1,3,2,3,4,0,0,0,2,2,0,0,2,2,2,2,2,4,4,2,0,1,2,2,1,0,0,2,4,4,3,2,4,4,4,4,4,4,2,2,3,2,4,4,4,4,4,4,0,4,4,4,2,2,4,4,2,5,3,4"
207,1.4388628095268263,"1,1,2,2,4,5,2,4,5,3,5,5,3,0,2,5,2,2,2,2,2,4,4,4,4,4,2,2,4,2,2,5,5,5,5,5,5,2,2,0,2,0,0,2,3,5,5,1,1,2,2,2,2,2,2,4,4,2,2,4,4,3,2,2,2,4,4,4,4,5,5,2,2,4,4,2,2,5,5,4,4,4,4,4,2,2,4,4,4,2,2,2,2,2,5,5,2,2,2,2,4,4,4,2,1,4,4,2,2,2,2,4,4,2,2,2,2,2,0,4,4,4,4,2,3,2,5,5,5,2,2,2,2,3,3,5,5,4,4,4,4,4,4,0,4,4,4,4,2,2,0,5,5,5,1,0,2,2,3,0,5,5,4,4,4,1,0,0,3,5,5,5,5,5,4,4,3,4,3,3,4,4,3,3,4,4,2,2,2,2,2,4,4,2,2,2,1,1,0,1,0,1,1,1,1,1,1,1,1,1,2,2,0,3,3,3,2,2,1,3,2,3,4,0,0,0,2,2,0,0,2,2,2,2,2,4,4,2,0,1,2,2,1,0,0,2,4,4,3,2,4,4,4,4,4,4,2,2,3,2,4,4,4,4,4,4,0,4,4,4,2,2,4,4,5,5,3,4"
208,1.4388628095268263,"1,1,2,2,4,5,2,4,5,3,5,5,3,0,2,5,2,2,2,2,2,4,4,4,4,4,2,2,4,2,2,5,5,5,5,5,5,2,2,0,2,0,0,2,3,5,5,1,1,2,2,2,2,2,2,4,4,2,2,4,4,3,2,2,2,4,4,4,4,5,5,2,2,4,4,2,2,5,5,4,4,4,4,4,2,2,4,4,4,2,2,2,2,2,5,5,2,2,2,2,4,4,4,2,1,4,4,2,2,2,2,4,4,2,2,2,2,2,0,4,4,4,4,2,3,2,5,5,5,2,2,2,2,3,3,5,5,4,4,4,4,4,4,0,4,4,4,4,2,2,0,5,5,5,1,0,2,2,3,0,5,5,4,4,4,1,0,0,3,5,5,5,5,5,4,4,3,4,3,3,4,4,3,3,4,4,2,2,2,2,2,4,4,2,2,2,1,1,0,1,0,1,1,1,1,1,1,1,1,1,2,2,0,3,3,3,2,2,1,3,2,3,4,0,0,0,2,2,0,0,2,2,2,2,2,4,4,2,0,1,2,2,1,0,0,2,4,4,3,2,4,4,4,4,4,4,2,2,3,2,4,4,4,4,4,4,0,4,4,4,2,2,4,4,5,5,3,4"
209,1.437618269306545,"1,1,2,2,4,5,2,4,5,3,5,5,3,0,2,5,2,2,2,2,2,4,4,4,4,4,2,2,4,2,2,5,5,5,5,5,5,2,2,0,2,0,0,2,3,5,5,1,1,2,2,2,2,2,2,4,4,2,2,4,4,3,2,2,2,4,4,4,4,5,5,2,2,4,4,2,2,5,5,4,4,4,4,4,2,2,4,4,4,2,2,2,2,2,5,5,2,2,2,2,4,4,4,2,1,4,4,2,2,2,2,4,4,2,2,2,2,2,0,4,4,4,4,2,3,2,5,5,5,2,2,2,2,3,3,5,5,4,4,4,4,4,4,0,4,4,4,4,2,2,0,5,5,5,1,0,2,2,3,0,5,5,4,4,4,1,0,0,3,5,5,5,5,5,4,4,3,4,3,3,4,4,3,3,4,4,2,2,2,2,2,4,4,2,2,2,1,1,0,1,0,1,1,1,1,1,1,1,1,1,2,2,0,3,3,3,2,2,1,3,2,3,4,0,0,0,2,2,0,0,2,2,2,2,2,4,4,2,5,3,2,2,1,0,0,2,4,4,3,2,4,4,4,4,4,4,2,2,3,2,4,4,1,4,4,4,0,4,4,4,2,4,4,4,5,5,3,4"
210,1.4374498982378392,"1,1,2,2,4,5,2,4,5,3,5,5,3,0,2,5,2,2,2,2,2,4,4,4,4,4,2,2,4,2,2,5,5,5,5,5,5,2,2,0,2,0,0,2,3,5,5,1,1,2,2,2,2,2,2,4,4,2,2,4,4,3,2,2,2,4,4,4,4,5,5,2,2,4,4,2,2,5,5,4,4,4,4,4,2,2,4,4,4,2,2,2,2,2,5,5,2,2,2,2,4,4,4,2,1,4,4,2,2,2,2,4,4,2,2,2,2,2,0,4,4,4,4,2,3,2,5,5,5,2,2,2,2,3,3,5,5,4,4,4,4,4,4,0,4,4,4,4,2,2,0,5,5,5,1,0,2,2,3,0,5,5,4,4,4,1,0,0,3,5,5,5,5,5,4,4,3,4,3,3,4,4,3,3,4,4,2,2,2,2,2,4,4,2,2,2,1,1,0,1,0,1,1,1,1,1,1,1,1,1,2,2,0,3,3,3,2,2,1,2,2,3,4,0,0,0,2,2,0,0,2,2,2,2,2,4,4,2,5,3,2,2,1,0,0,2,4,4,3,2,4,4,4,4,4,4,2,2,3,2,4,4,1,4,4,4,0,4,4,4,2,4,4,4,5,5,3,4"
211,1.4393047129764789,"1,1,2,2,4,5,2,4,5,3,5,5,3,0,2,5,2,2,2,2,2,4,4,4,4,4,2,2,4,2,2,5,5,5,5,5,5,2,2,0,2,0,0,2,3,5,5,1,1,2,2,2,2,2,2,4,4,2,2,4,4,3,2,2,2,4,4,4,4,5,5,2,2,4,4,2,2,5,5,4,4,4,4,4,2,2,4,4,4,2,2,2,2,2,5,5,2,2,2,2,4,4,4,2,1,4,4,2,2,2,2,4,4,2,2,2,2,2,0,4,4,4,4,2,3,2,5,5,5,2,2,2,2,3,3,5,5,4,4,4,4,4,4,0,4,4,4,4,2,2,0,5,5,5,3,0,2,2,3,0,5,5,4,4,4,1,0,0,3,5,5,5,5,5,4,4,3,4,3,3,4,4,3,3,4,4,2,2,2,2,2,4,4,2,2,2,1,1,1,1,0,1,1,1,1,1,1,1,1,1,2,2,0,3,3,3,2,2,1,3,2,3,4,0,0,0,2,2,0,0,2,2,2,2,2,4,4,2,0,1,2,2,1,0,0,2,4,4,3,2,4,4,4,4,4,4,2,2,3,2,4,4,4,4,4,4,0,4,4,4,2,2,4,4,5,5,3,4"
212,1.4393047129764789,"1,1,2,2,4,5,2,4,5,3,5,5,3,0,2,5,2,2,2,2,2,4,4,4,4,4,2,2,4,2,2,5,5,5,5,5,5,2,2,0,2,0,0,2,3,5,5,1,1,2,2,2,2,2,2,4,4,2,2,4,4,3,2,2,2,4,4,4,4,5,5,2,2,4,4,2,2,5,5,4,4,4,4,4,2,2,4,4,4,2,2,2,2,2,5,5,2,2,2,2,4,4,4,2,1,4,4,2,2,2,2,4,4,2,2,2,2,2,0,4,4,4,4,2,3,2,5,5,5,2,2,2,2,3,3,5,5,4,4,4,4,4,4,0,4,4,4,4,2,2,0,5,5,5,3,0,2,2,3,0,5,5,4,4,4,1,0,0,3,5,5,5,5,5,4,4,3,4,3,3,4,4,3,3,4,4,2,2,2,2,2,4,4,2,2,2,1,1,1,1,0,1,1,1,1,1,1,1,1,1,2,2,0,3,3,3,2,2,1,3,2,3,4,0,0,0,2,2,0,0,2,2,2,2,2,4,4,2,0,1,2,2,1,0,0,2,4,4,3,2,4,4,4,4,4,4,2,2,3,2,4,4,4,4,4,4,0,4,4,4,2,2,4,4,5,5,3,4"
213,1.4389749515209025,"1,1,2,2,4,5,2,4,5,3,5,5,3,0,2,5,2,2,2,2,2,4,4,4,4,4,2,2,4,2,2,5,5,5,5,5,5,2,2,0,2,0,0,2,3,5,5,1,1,2,2,2,2,2,2,4,4,2,2,4,4,3,2,2,2,4,4,4,4,5,5,2,2,4,4,2,2,5,5,4,4,4,4,4,2,2,4,4,4,2,2,2,2,2,5,5,2,2,2,2,4,4,4,2,1,4,4,2,2,2,2,4,4,2,2,2,2,2,0,4,4,4,4,2,3,2,5,5,5,2,2,2,2,3,3,5,5,4,4,4,4,4,4,0,4,4,4,4,2,2,0,5,5,5,1,0,2,2,3,0,5,5,4,4,4,1,0,0,3,5,5,5,5,5,4,4,3,4,3,3,4,4,3,3,4,4,2,2,2,2,2,4,4,2,2,2,1,1,1,1,0,1,1,1,1,1,1,1,1,1,2,2,0,3,3,3,2,2,1,3,2,3,4,0,0,0,2,2,0,0,2,2,2,2,2,4,4,2,0,1,2,2,1,0,0,2,4,4,3,2,4,4,4,4,4,4,2,2,3,2,4,4,4,4,4,4,0,4,4,4,0,2,4,4,5,5,3,4"
214,1.4393308950168209,"1,1,2,2,4,5,2,4,5,3,5,5,3,0,2,5,2,2,2,2,2,4,4,4,4,4,2,2,4,2,2,5,5,5,5,5,5,2,2,0,2,0,0,2,3,5,5,1,1,2,2,2,2,2,2,4,4,2,2,4,4,3,2,2,2,4,4,4,4,5,5,2,2,4,4,2,2,5,5,4,4,4,4,4,2,2,4,4,4,2,2,2,2,2,5,5,2,2,2,2,4,4,4,2,1,4,4,2,2,2,2,4,4,2,2,2,2,2,0,4,4,4,4,2,3,2,5,5,5,2,2,2,2,3,3,5,5,4,4,4,4,4,4,0,4,4,4,4,2,2,0,5,5,5,1,0,2,2,3,0,5,5,4,4,4,1,0,0,3,5,5,5,5,5,4,4,3,4,3,3,4,4,3,3,4,4,2,2,2,2,2,4,4,2,2,2,1,1,1,1,0,1,1,1,1,1,1,1,1,1,2,2,0,3,3,3,2,2,1,3,2,3,4,0,0,0,2,2,0,0,2,2,2,2,2,4,4,2,0,1,2,2,3,0,0,2,4,4,3,2,4,4,4,4,4,4,2,2,3,2,4,4,4,4,4,4,0,4,4,4,0,2,4,4,5,5,3,4"
215,1.4395017727882333,"1,1,2,2,4,5,2,4,5,3,5,5,3,0,2,5,2,2,2,2,2,4,4,4,4,4,2,2,4,2,2,5,5,5,5,5,5,2,2,0,0,0,0,2,3,5,5,1,1,2,2,2,2,2,2,4,4,2,2,4,4,3,2,2,2,4,4,4,4,5,5,2,2,4,4,2,2,5,5,4,4,4,4,4,2,2,4,4,4,2,2,2,2,2,5,5,2,2,2,2,4,4,4,2,1,4,4,2,2,2,2,4,4,2,2,2,2,2,0,4,4,4,4,2,3,2,5,5,5,2,2,2,2,3,3,5,5,4,4,4,4,4,4,0,4,4,4,4,2,2,5,5,5,5,1,1,2,2,3,0,5,5,4,4,4,1,0,0,3,5,5,5,5,5,4,4,3,4,3,3,4,4,3,3,4,4,2,2,2,2,2,4,4,2,2,2,1,1,1,1,0,1,1,1,1,1,1,1,1,1,2,2,0,3,3,3,2,2,1,3,2,3,4,0,0,0,2,2,0,0,2,2,2,2,2,4,4,2,0,1,2,2,3,0,0,2,4,4,3,2,4,4,4,4,4,4,2,2,3,2,4,4,4,4,4,4,0,4,4,4,0,2,4,4,5,5,3,4"
216,1.439598040042903,"1,1,2,2,4,5,2,4,5,3,5,5,3,0,2,5,2,2,2,2,2,4,4,4,4,4,2,2,4,2,2,5,5,5,5,5,5,2,2,0,0,0,0,2,3,5,5,1,1,2,2,2,2,2,2,4,4,2,2,4,4,3,2,2,2,4,4,4,4,5,5,2,2,4,4,2,2,5,5,4,4,4,4,4,2,2,4,4,4,2,2,2,2,2,5,5,2,2,2,2,4,4,4,2,1,4,4,2,2,2,2,4,4,2,2,2,2,2,0,4,4,4,4,2,3,2,5,5,5,2,2,2,2,3,3,5,5,4,4,4,4,4,4,0,4,4,4,4,2,2,5,5,5,5,1,1,2,2,3,0,5,5,4,4,4,1,0,0,3,5,5,5,5,5,4,4,3,4,3,3,4,4,3,3,4,4,2,2,2,2,2,4,4,2,2,2,1,1,1,1,0,1,1,1,1,1,1,1,1,1,2,2,0,3,3,3,2,2,1,0,2,3,4,0,0,0,2,2,0,0,2,2,2,2,2,4,4,2,0,1,2,2,3,0,0,2,4,4,3,2,4,4,4,4,4,4,2,2,3,2,4,4,4,4,4,4,0,4,4,4,0,2,4,4,5,5,3,4"
217,1.4399036963380796,"1,1,2,2,4,5,2,4,5,3,5,5,3,1,2,5,2,2,2,2,2,4,4,4,4,4,2,2,4,2,2,5,5,5,5,5,5,2,2,0,0,0,0,2,3,5,5,1,1,2,2,2,2,2,2,4,4,2,2,4,4,3,2,2,2,4,4,4,4,5,5,2,2,4,4,2,2,5,5,4,4,4,4,4,2,2,4,4,4,2,2,2,2,2,5,5,2,2,2,2,4,4,4,2,1,4,4,2,2,2,2,4,4,2,2,2,2,2,0,4,4,4,4,2,3,2,5,5,5,2,2,2,2,3,3,5,5,4,4,4,4,4,4,0,4,4,4,4,2,2,5,5,5,5,1,1,2,2,3,0,5,5,4,4,4,1,0,0,3,5,5,5,5,5,4,4,3,4,3,3,4,4,3,3,4,4,2,2,2,2,2,4,4,2,2,2,1,1,1,1,0,1,1,1,1,1,1,1,1,1,2,2,0,3,3,3,2,2,1,0,2,3,4,0,0,0,2,2,0,0,2,2,2,2,2,4,4,2,0,1,2,2,3,0,0,2,4,4,3,2,4,4,4,4,4,4,2,2,3,2,4,4,4,4,4,4,0,4,4,4,0,2,4,4,5,5,3,4"
218,1.4394355429112677,"1,1,2,2,4,5,2,4,5,3,5,5,3,1,2,5,2,2,2,2,2,4,4,4,4,4,2,2,4,2,2,5,5,5,5,5,5,2,2,0,0,0,0,2,3,5,5,1,1,2,2,2,2,2,2,4,4,2,2,4,4,3,2,2,2,4,4,4,4,5,5,2,2,4,4,2,2,5,5,4,4,4,4,4,2,2,4,4,4,2,2,2,2,2,5,5,2,2,2,2,4,4,4,2,1,4,4,2,2,2,2,4,4,2,2,2,2,2,0,4,4,4,4,2,3,2,5,5,5,2,2,2,2,3,3,5,5,4,4,4,4,4,4,0,4,4,4,4,2,2,5,5,5,5,1,1,2,2,3,0,5,5,4,4,4,1,0,0,3,5,5,5,5,5,4,4,3,4,3,3,4,4,3,3,4,4,2,2,2,2,2,4,4,2,2,2,1,1,1,1,0,1,1,1,1,1,1,1,1,1,2,2,3,3,3,3,2,2,1,0,2,3,4,0,0,0,2,2,0,0,2,2,2,2,2,4,4,2,0,1,2,2,3,0,0,2,4,4,3,2,4,4,4,1,4,4,2,2,3,2,4,4,4,4,4,4,0,4,4,4,0,2,4,4,5,5,3,4"
219,1.4393203941930333,"1,1,2,2,4,5,2,4,5,3,5,5,3,1,2,5,2,2,2,2,2,4,4,4,4,4,2,2,4,2,2,5,5,5,5,5,5,2,2,0,0,0,0,2,3,5,5,1,1,2,2,2,2,2,2,4,4,2,2,4,4,3,2,2,2,4,4,4,4,5,5,2,2,4,4,2,2,5,5,4,4,4,4,4,2,2,4,4,4,2,2,2,2,2,5,5,2,2,2,2,4,4,4,2,1,4,4,2,2,2,2,4,4,2,2,2,2,2,0,4,4,4,4,2,3,2,5,5,5,2,2,2,2,3,3,5,5,4,4,4,4,4,4,0,4,4,4,4,2,2,5,5,5,5,1,1,2,2,3,0,5,5,4,4,4,1,0,0,3,5,5,5,5,5,4,4,3,4,1,3,4,4,3,3,4,4,2,2,2,2,2,4,4,2,2,2,1,1,1,3,0,1,1,1,1,1,1,1,1,1,2,2,0,3,3,3,2,2,1,0,2,3,4,0,0,0,2,2,0,0,2,0,2,2,2,4,4,2,0,1,2,2,3,0,0,2,4,4,3,2,4,4,4,4,4,4,2,2,3,2,4,4,4,4,4,4,0,4,4,4,2,2,4,4,5,5,3,4"
220,1.439745756853123,"1,1,2,2,4,5,2,4,5,3,5,5,3,1,2,5,2,2,2,2,2,4,4,4,4,4,2,2,4,2,2,5,5,5,5,5,5,2,2,0,0,0,0,2,3,5,5,1,1,2,2,2,2,2,2,4,4,2,2,4,4,3,2,2,2,4,4,4,4,5,5,2,2,4,4,2,2,5,5,4,4,4,4,4,2,2,4,4,4,2,2,2,2,2,5,5,2,2,2,2,4,4,0,2,1,4,4,2,2,2,2,4,4,2,2,2,2,2,0,4,4,4,4,2,3,2,5,5,5,2,2,2,2,3,3,5,5,4,4,4,4,4,4,0,4,4,4,4,2,2,5,5,5,5,3,1,2,2,3,0,5,5,4,4,4,1,0,0,3,5,3,5,5,0,4,4,3,4,3,3,4,4,3,3,4,4,2,2,2,2,2,4,4,2,2,2,1,1,1,1,1,1,1,1,1,1,1,1,1,1,2,2,0,3,3,3,2,2,1,0,2,3,4,0,0,0,2,2,0,0,2,2,2,2,2,4,4,2,0,1,2,2,3,0,0,2,4,4,3,2,4,4,4,4,4,4,2,2,3,2,4,4,4,4,4,4,0,4,4,4,2,2,4,4,5,5,3,4"
221,1.439497615730768,"1,1,2,2,4,5,2,4,5,3,5,5,3,1,2,5,2,2,2,2,2,4,4,4,4,4,2,2,4,2,2,5,5,5,5,5,5,2,2,0,0,0,0,2,3,5,5,1,1,2,2,2,2,2,2,4,4,2,2,4,4,3,2,2,2,4,4,4,4,5,5,2,2,4,4,2,2,5,5,4,4,4,4,4,2,2,4,4,4,2,2,2,2,2,5,5,2,2,2,2,4,4,4,2,1,4,4,2,2,2,2,4,4,2,2,2,2,2,0,4,4,4,4,2,3,2,5,5,5,2,2,2,2,3,3,5,5,4,4,4,4,4,4,0,4,4,4,4,2,2,5,5,5,5,3,1,2,2,3,0,5,5,4,4,4,1,0,0,3,5,5,5,5,0,4,4,3,4,3,3,4,4,3,3,4,4,2,2,2,2,2,4,4,2,2,2,1,1,1,1,0,1,1,1,1,1,1,1,1,1,2,2,0,3,3,3,2,2,3,0,2,3,4,0,0,0,2,2,0,0,2,2,2,2,2,4,4,2,0,1,2,2,3,0,0,2,4,4,3,2,4,4,4,4,4,4,2,2,3,2,4,4,4,4,4,4,0,5,4,4,2,2,4,4,5,5,3,4"
222,1.4403160468872183,"1,1,2,2,4,5,2,4,5,3,5,5,3,1,2,5,2,2,2,2,2,4,4,4,4,4,2,2,4,2,2,5,5,5,5,5,5,2,2,0,0,0,0,2,3,5,5,1,1,2,2,2,2,2,2,4,4,2,2,4,4,3,2,2,2,4,4,4,4,5,5,2,2,4,4,2,2,5,5,4,4,4,4,4,2,2,4,4,4,2,2,2,2,2,5,5,2,2,2,2,4,4,4,2,1,4,4,2,2,2,2,4,4,2,2,2,2,2,0,4,4,4,4,2,3,2,5,5,5,2,2,2,2,3,3,5,5,4,4,4,4,4,4,0,4,4,4,4,2,2,5,5,5,5,3,1,2,2,3,0,5,5,4,4,4,1,0,0,3,5,5,5,5,0,4,4,3,4,3,3,4,4,3,3,4,4,2,2,2,2,2,4,4,2,2,2,1,1,1,1,0,1,1,1,1,1,1,1,1,1,2,2,0,3,3,3,2,2,1,0,2,3,4,0,0,0,2,2,0,0,2,2,2,2,2,4,4,2,0,0,2,2,3,0,0,2,4,4,3,2,4,4,4,4,4,4,2,2,3,2,4,4,4,4,4,4,0,4,4,4,2,2,4,4,5,5,3,4"
223,1.4403907529501832,"1,1,2,2,4,5,2,4,5,3,5,5,3,1,2,5,2,2,2,2,2,4,4,4,4,4,2,2,4,2,2,5,5,5,5,5,5,2,2,0,0,0,0,2,3,5,5,1,1,2,2,2,2,2,2,4,4,2,2,4,4,3,2,2,2,4,4,4,4,5,5,2,2,4,4,2,2,5,5,4,4,4,4,4,2,2,4,4,4,2,2,2,2,2,5,5,2,2,2,2,4,4,4,2,1,4,4,2,2,2,2,4,4,0,2,2,2,2,0,4,4,4,4,2,3,2,5,5,5,2,2,2,2,3,3,5,5,4,4,4,4,4,4,0,4,4,4,4,2,2,5,5,5,5,3,1,2,2,3,0,5,5,4,4,4,1,0,0,3,5,5,5,5,0,4,4,3,4,3,3,4,4,3,3,4,4,2,2,2,2,2,4,4,2,2,2,1,1,1,1,0,1,1,1,1,1,1,1,1,1,2,2,0,3,3,3,2,2,1,0,2,3,4,3,0,0,2,2,0,0,2,2,2,2,2,4,4,2,0,0,2,2,3,0,0,2,4,4,3,2,4,4,4,4,4,4,2,2,3,2,4,4,4,4,4,4,0,4,4,4,2,2,4,4,5,5,3,4"
224,1.4400438498980872,"1,1,2,2,4,5,2,4,5,3,5,5,3,1,2,5,2,2,2,2,2,4,4,4,4,4,2,2,4,2,2,5,5,5,5,5,5,2,2,0,0,0,0,2,3,5,5,1,1,2,2,2,2,2,2,4,4,2,2,4,4,3,2,2,2,4,4,4,4,5,5,2,2,4,4,2,2,5,5,4,4,4,4,4,2,2,4,4,4,2,2,2,2,2,5,5,2,2,2,2,4,4,4,2,1,4,4,2,2,2,2,4,4,0,2,2,2,2,0,4,4,4,4,2,3,2,5,5,5,2,2,2,2,3,3,5,5,4,4,4,4,4,4,0,4,4,4,4,2,2,5,5,5,5,3,1,2,2,3,0,5,5,4,4,4,1,0,0,3,5,5,5,5,0,4,4,3,4,3,3,4,4,3,3,4,4,2,2,2,2,2,4,4,2,2,2,1,1,1,1,0,1,1,1,1,1,1,1,1,1,2,2,0,3,3,3,2,2,1,0,2,3,4,0,0,0,2,2,0,0,2,0,2,2,2,4,4,2,0,0,2,2,3,0,0,2,4,4,3,2,4,4,4,4,4,4,2,2,3,2,4,4,4,4,4,4,0,4,4,4,2,2,4,4,5,5,3,4"
225,1.4403907529501832,"1,1,2,2,4,5,2,4,5,3,5,5,3,1,2,5,2,2,2,2,2,4,4,4,4,4,2,2,4,2,2,5,5,5,5,5,5,2,2,0,0,0,0,2,3,5,5,1,1,2,2,2,2,2,2,4,4,2,2,4,4,3,2,2,2,4,4,4,4,5,5,2,2,4,4,2,2,5,5,4,4,4,4,4,2,2,4,4,4,2,2,2,2,2,5,5,2,2,2,2,4,4,4,2,1,4,4,2,2,2,2,4,4,0,2,2,2,2,0,4,4,4,4,2,3,2,5,5,5,2,2,2,2,3,3,5,5,4,4,4,4,4,4,0,4,4,4,4,2,2,5,5,5,5,3,1,2,2,3,0,5,5,4,4,4,1,0,0,3,5,5,5,5,0,4,4,3,4,3,3,4,4,3,3,4,4,2,2,2,2,2,4,4,2,2,2,1,1,1,1,0,1,1,1,1,1,1,1,1,1,2,2,0,3,3,3,2,2,1,0,2,3,4,3,0,0,2,2,0,0,2,2,2,2,2,4,4,2,0,0,2,2,3,0,0,2,4,4,3,2,4,4,4,4,4,4,2,2,3,2,4,4,4,4,4,4,0,4,4,4,2,2,4,4,5,5,3,4"
226,1.4404578096054121,"1,1,2,2,4,5,2,4,5,3,5,5,3,1,2,5,2,2,2,2,2,4,4,4,4,4,2,2,4,2,2,5,5,5,5,5,5,2,2,0,0,0,0,2,3,5,5,1,1,2,2,2,2,2,2,4,4,2,2,4,4,3,2,2,2,4,4,4,4,5,5,2,2,4,4,2,2,5,5,4,4,4,4,4,2,2,4,4,4,2,2,2,2,2,5,5,2,2,2,2,4,4,4,2,1,4,4,2,2,2,2,4,4,0,2,2,2,2,0,4,4,4,4,2,3,2,5,5,5,2,2,2,2,3,3,5,5,4,4,4,4,4,4,0,4,4,4,4,2,2,5,5,5,5,3,1,2,2,3,0,5,5,4,4,4,1,0,0,3,5,5,5,5,0,4,4,3,4,3,3,4,4,3,3,4,4,2,2,2,2,2,4,4,2,2,2,1,1,1,1,0,1,1,1,1,1,1,1,1,1,2,2,3,3,3,3,2,2,1,0,2,3,4,0,0,0,2,2,0,0,2,2,2,2,2,4,4,2,0,0,2,2,3,0,0,2,4,4,3,2,4,4,4,4,4,4,2,2,3,2,4,4,4,4,4,4,0,4,4,4,2,2,4,4,5,5,3,4"
227,1.4405627567125856,"1,1,2,2,4,5,2,4,5,3,5,5,3,1,2,5,2,2,2,2,2,4,4,4,4,4,2,2,4,2,2,5,5,5,5,5,5,2,2,0,0,0,0,2,3,5,5,1,1,2,2,2,2,2,2,4,4,2,2,4,4,3,2,2,2,4,4,4,4,5,5,2,2,4,4,2,2,5,5,4,4,4,4,4,2,2,4,4,4,2,2,2,2,2,5,5,2,2,2,2,4,4,4,2,1,4,4,2,2,2,2,4,4,0,2,2,2,2,0,4,4,4,4,2,3,2,5,5,5,2,2,2,2,3,3,5,5,4,4,4,4,4,4,0,4,4,4,4,2,2,5,5,5,5,3,1,2,2,3,0,5,5,4,4,4,1,0,0,3,5,5,5,5,0,4,4,3,4,3,3,4,4,3,3,4,4,2,2,2,2,2,4,4,2,2,2,1,1,1,1,0,1,1,1,1,1,1,1,1,1,2,2,3,3,3,3,2,2,1,0,2,3,4,4,0,0,2,2,0,0,2,2,2,2,2,4,4,2,0,0,2,2,3,0,0,2,4,4,3,2,4,4,4,4,4,4,2,2,3,2,4,4,4,4,4,4,0,4,4,4,2,2,4,4,5,5,3,4"
228,1.4400185322278571,"1,1,2,2,4,5,2,4,5,3,5,5,3,1,3,5,2,2,2,2,2,4,4,4,4,4,2,2,4,2,2,5,5,5,5,5,5,2,2,0,0,0,0,2,3,1,5,1,1,2,2,2,2,2,2,4,4,2,2,4,4,3,2,2,2,4,4,4,4,5,5,2,2,4,4,2,2,5,5,4,4,4,4,4,2,2,4,4,4,2,2,2,2,2,5,5,2,2,2,2,4,4,4,2,1,4,4,2,2,2,2,4,4,0,2,2,2,2,0,4,4,4,4,2,3,2,5,5,5,2,2,2,2,3,3,5,5,4,4,4,4,4,4,0,4,4,4,4,2,2,5,5,5,5,3,1,2,2,3,0,5,5,4,4,4,1,0,0,3,5,5,5,5,0,4,4,3,4,3,0,4,4,3,3,4,4,2,2,2,2,2,4,4,2,2,2,1,1,1,1,0,1,1,1,1,1,1,1,1,1,2,2,3,3,3,3,2,2,1,0,2,3,4,4,0,0,2,2,0,0,2,2,2,2,2,4,4,2,0,0,2,2,3,0,0,2,4,4,3,2,4,4,4,4,4,4,2,2,3,2,4,4,4,4,4,4,0,4,4,4,2,2,4,4,5,5,3,4"
229,1.4390679786568517,"1,1,2,2,4,5,2,4,5,3,5,5,3,1,3,5,2,2,2,2,2,4,4,4,4,4,2,2,4,2,2,5,5,5,5,5,5,2,2,0,0,0,0,2,3,1,5,1,1,2,2,2,2,2,2,4,4,2,2,4,4,3,2,2,2,4,4,4,4,1,5,2,2,4,4,2,2,5,5,4,4,4,4,4,2,2,4,4,4,2,2,2,2,2,5,5,2,2,2,2,4,4,4,2,1,4,4,2,2,2,2,4,4,0,5,2,2,2,0,4,4,4,4,2,3,2,5,5,5,2,2,2,2,3,3,5,5,4,4,4,4,4,4,0,4,4,4,4,2,2,5,5,5,5,3,1,2,2,3,0,5,5,4,4,4,1,0,0,3,5,5,5,5,0,4,4,3,4,3,0,4,4,3,3,4,4,2,2,2,2,2,4,4,2,2,2,1,1,1,1,0,1,1,1,1,1,1,1,1,1,2,2,3,3,3,3,2,2,1,0,2,3,4,4,0,0,2,2,0,0,2,2,2,2,2,4,4,2,0,0,2,2,3,0,0,2,4,4,3,2,4,4,4,4,4,4,2,2,3,2,4,4,4,4,4,4,0,4,4,4,2,2,4,4,5,5,3,4"
230,1.4408604149392843,"1,1,2,2,4,5,2,4,5,3,5,5,3,1,2,5,2,2,2,2,2,4,4,4,4,4,2,2,4,2,2,5,5,5,5,5,5,2,2,0,0,0,0,2,3,5,5,1,1,2,2,2,2,2,2,4,4,2,2,4,4,3,2,2,2,4,4,4,4,5,5,2,2,4,4,2,2,5,5,4,4,4,4,4,2,2,4,4,4,2,2,2,2,2,5,5,2,2,2,2,4,4,4,2,1,4,4,2,2,2,2,4,4,2,2,2,2,2,0,4,4,4,4,2,3,2,5,5,5,2,2,2,2,3,3,5,5,4,4,4,4,4,4,0,4,4,4,4,2,2,5,5,5,5,3,1,2,2,3,0,5,5,4,4,4,1,0,0,3,5,5,5,5,0,4,4,3,4,3,0,4,4,3,0,4,4,2,2,2,2,2,4,4,2,2,2,1,1,1,1,0,1,1,1,1,1,1,1,1,1,2,2,3,3,3,3,2,2,1,0,2,3,4,4,0,0,2,2,0,0,2,2,2,2,2,4,4,2,0,0,2,2,3,0,0,2,4,4,3,2,4,4,4,4,4,4,2,2,3,2,4,4,4,4,4,4,0,4,4,4,2,2,4,4,5,5,3,3"
231,1.4408604149392843,"1,1,2,2,4,5,2,4,5,3,5,5,3,1,2,5,2,2,2,2,2,4,4,4,4,4,2,2,4,2,2,5,5,5,5,5,5,2,2,0,0,0,0,2,3,5,5,1,1,2,2,2,2,2,2,4,4,2,2,4,4,3,2,2,2,4,4,4,4,5,5,2,2,4,4,2,2,5,5,4,4,4,4,4,2,2,4,4,4,2,2,2,2,2,5,5,2,2,2,2,4,4,4,2,1,4,4,2,2,2,2,4,4,2,2,2,2,2,0,4,4,4,4,2,3,2,5,5,5,2,2,2,2,3,3,5,5,4,4,4,4,4,4,0,4,4,4,4,2,2,5,5,5,5,3,1,2,2,3,0,5,5,4,4,4,1,0,0,3,5,5,5,5,0,4,4,3,4,3,0,4,4,3,0,4,4,2,2,2,2,2,4,4,2,2,2,1,1,1,1,0,1,1,1,1,1,1,1,1,1,2,2,3,3,3,3,2,2,1,0,2,3,4,4,0,0,2,2,0,0,2,2,2,2,2,4,4,2,0,0,2,2,3,0,0,2,4,4,3,2,4,4,4,4,4,4,2,2,3,2,4,4,4,4,4,4,0,4,4,4,2,2,4,4,5,5,3,3"
232,1.4392251033292232,"1,1,2,2,4,5,2,4,5,3,5,5,3,1,2,5,2,2,2,2,2,4,4,4,4,4,2,2,4,2,2,5,5,5,5,5,5,2,2,0,0,0,0,2,3,5,5,1,1,2,2,2,2,2,2,4,4,2,2,4,4,3,2,2,2,4,4,4,4,5,5,2,2,4,4,2,2,5,5,4,4,4,4,4,2,2,4,4,4,2,2,2,2,2,5,5,2,2,2,2,4,4,4,2,1,4,4,2,2,2,0,4,4,2,2,2,2,2,0,4,4,4,4,2,3,2,5,5,1,2,2,2,2,3,3,5,5,4,4,4,4,4,4,0,4,4,4,4,2,2,5,5,5,5,3,1,2,2,3,0,3,5,4,4,4,1,0,0,3,5,5,5,5,0,4,4,3,4,3,0,4,4,3,0,4,4,2,2,2,2,2,4,4,2,2,2,1,1,1,1,0,1,1,1,1,1,1,1,1,1,2,2,3,3,3,3,2,2,1,0,2,3,4,4,0,0,2,2,0,0,2,2,2,2,2,4,4,2,0,0,2,2,3,0,0,2,4,4,3,2,4,4,4,4,4,4,2,2,3,2,4,3,4,4,4,4,0,4,4,4,2,2,4,4,5,5,3,4"
233,1.4391939258096276,"1,1,2,2,4,5,2,4,5,3,5,5,3,4,2,5,2,2,2,2,2,4,4,4,4,4,2,2,4,2,2,5,5,5,5,5,5,2,2,0,0,0,0,2,3,5,5,1,1,2,2,2,2,2,2,4,4,2,2,4,4,3,2,2,2,4,4,4,4,5,5,2,2,4,4,2,2,5,5,4,4,4,4,4,2,2,4,4,4,2,2,2,2,2,5,5,2,2,2,2,4,4,4,2,1,4,4,2,2,2,2,4,4,2,2,2,2,2,0,4,4,4,4,2,3,2,5,5,1,2,2,2,2,3,3,5,5,4,4,4,4,4,4,0,4,4,4,4,2,2,5,5,5,5,3,1,2,2,3,0,5,5,4,4,4,1,0,0,3,5,5,5,5,0,4,4,3,4,3,0,4,4,3,0,4,4,2,2,2,2,2,4,4,2,2,2,1,1,1,1,0,1,1,1,1,1,1,1,1,1,2,2,3,3,4,3,2,2,1,0,2,3,4,4,0,0,2,2,0,0,2,2,2,2,2,4,4,2,0,0,2,2,3,0,0,2,4,4,4,2,4,4,4,4,4,4,2,2,3,2,4,4,4,4,4,4,0,4,4,4,2,2,4,4,5,5,3,3"
234,1.4392899585406511,"1,1,2,2,4,5,2,4,5,3,5,5,3,4,2,5,2,2,2,2,2,4,4,4,4,4,2,2,4,2,2,5,5,5,5,5,5,2,2,0,0,0,0,2,3,5,5,1,1,2,2,2,2,1,2,4,4,2,2,4,4,3,2,2,2,4,4,4,4,5,5,2,2,4,4,2,2,5,5,4,4,4,4,4,2,2,4,4,4,2,2,2,2,2,5,5,2,2,2,2,4,4,4,2,1,4,4,2,2,2,2,4,4,2,2,2,2,2,0,4,4,4,4,2,3,2,5,5,1,2,2,2,2,3,3,5,5,4,4,4,4,4,4,0,4,4,4,4,2,2,5,5,5,5,3,1,2,2,3,0,5,5,4,4,4,1,0,0,3,5,5,5,5,0,4,4,3,4,3,0,4,4,3,0,4,4,2,2,2,2,2,4,4,2,2,2,1,1,1,1,0,1,1,1,1,1,1,1,1,1,0,2,3,3,3,3,2,2,1,0,2,3,4,4,0,0,2,2,0,0,2,2,2,2,2,4,4,2,0,0,2,2,3,0,0,2,4,4,3,2,4,4,4,4,4,4,2,2,3,2,4,4,4,4,4,4,0,4,4,4,2,2,4,4,5,5,3,3"
235,1.4401063936301282,"1,1,2,2,4,5,2,4,5,3,5,5,3,1,2,5,2,2,2,2,2,4,4,4,4,4,2,2,4,2,2,5,5,5,5,5,5,2,2,0,0,0,0,2,3,5,5,1,1,2,2,2,2,2,2,4,4,2,2,4,4,3,2,2,2,4,4,4,4,5,5,2,2,4,4,2,2,5,5,4,4,4,4,4,2,2,4,4,4,2,2,2,2,2,5,5,2,2,2,2,4,4,4,2,1,4,4,4,2,2,2,4,4,2,2,2,2,2,0,4,4,4,4,2,3,2,5,5,5,2,2,2,2,3,3,5,5,4,4,4,4,4,4,0,4,4,4,4,2,2,5,5,5,5,3,1,2,2,3,0,5,5,4,1,4,1,0,3,3,5,5,5,5,0,4,4,3,4,3,0,4,4,3,0,4,4,2,2,2,2,2,4,4,2,2,2,1,1,1,1,0,1,1,1,1,1,1,1,1,1,2,2,3,3,3,3,2,3,1,0,2,3,4,4,0,0,2,2,0,0,2,2,2,2,2,4,4,2,0,0,2,2,3,0,0,2,4,4,3,2,4,4,4,4,4,4,2,2,3,2,4,4,4,4,4,4,0,4,4,4,2,2,4,4,5,0,3,3"
236,1.4401063936301282,"1,1,2,2,4,5,2,4,5,3,5,5,3,1,2,5,2,2,2,2,2,4,4,4,4,4,2,2,4,2,2,5,5,5,5,5,5,2,2,0,0,0,0,2,3,5,5,1,1,2,2,2,2,2,2,4,4,2,2,4,4,3,2,2,2,4,4,4,4,5,5,2,2,4,4,2,2,5,5,4,4,4,4,4,2,2,4,4,4,2,2,2,2,2,5,5,2,2,2,2,4,4,4,2,1,4,4,4,2,2,2,4,4,2,2,2,2,2,0,4,4,4,4,2,3,2,5,5,5,2,2,2,2,3,3,5,5,4,4,4,4,4,4,0,4,4,4,4,2,2,5,5,5,5,3,1,2,2,3,0,5,5,4,1,4,1,0,3,3,5,5,5,5,0,4,4,3,4,3,0,4,4,3,0,4,4,2,2,2,2,2,4,4,2,2,2,1,1,1,1,0,1,1,1,1,1,1,1,1,1,2,2,3,3,3,3,2,3,1,0,2,3,4,4,0,0,2,2,0,0,2,2,2,2,2,4,4,2,0,0,2,2,3,0,0,2,4,4,3,2,4,4,4,4,4,4,2,2,3,2,4,4,4,4,4,4,0,4,4,4,2,2,4,4,5,0,3,3"
237,1.4396799572885701,"1,1,2,2,4,5,2,4,5,3,5,5,3,1,2,5,2,2,2,2,2,4,4,4,4,4,2,2,4,2,2,5,5,5,5,5,5,2,2,0,0,0,0,2,3,5,5,1,1,2,2,2,2,2,2,4,4,2,2,4,4,3,2,2,2,4,4,4,4,5,5,2,2,4,4,2,2,5,5,4,4,4,4,4,2,2,4,4,4,2,2,2,2,2,5,5,2,2,2,5,4,4,4,2,1,4,4,2,2,2,2,4,4,2,2,2,2,2,0,4,4,4,4,2,3,2,5,5,5,2,2,2,2,3,3,5,5,4,4,4,4,4,4,0,4,4,4,4,2,2,5,5,5,5,3,1,2,2,3,0,5,5,4,1,4,3,0,3,3,5,5,5,5,0,4,4,3,4,3,0,4,4,3,0,4,4,2,2,2,2,2,4,4,2,0,2,1,1,1,1,0,1,1,1,1,1,1,1,1,1,2,2,3,3,3,3,2,2,1,0,2,3,1,4,0,0,2,2,0,0,2,2,2,2,2,4,4,2,0,0,2,2,3,0,0,2,4,4,3,2,4,4,4,4,4,4,2,2,3,2,4,4,4,4,4,4,0,4,4,4,2,2,4,4,5,5,3,3"
238,1.438179740914389,"1,1,2,2,4,5,2,4,5,3,5,5,3,1,2,5,2,2,2,2,2,4,4,4,4,4,2,2,4,2,2,5,5,2,5,5,5,2,2,0,0,0,0,2,3,5,5,1,1,2,2,2,2,2,2,4,4,2,2,4,4,3,2,2,2,4,4,4,4,5,5,2,2,4,4,2,2,5,5,4,4,4,4,5,2,2,4,4,4,2,2,2,2,2,5,5,2,2,2,2,4,4,4,2,1,4,4,2,2,2,2,4,4,2,2,2,2,2,0,4,4,4,4,2,3,2,5,5,5,2,2,2,2,3,3,5,5,4,4,4,4,4,4,0,4,0,4,4,1,2,5,5,5,5,3,1,2,2,3,0,5,5,4,4,4,1,0,3,3,5,5,5,5,0,4,4,3,4,3,0,4,4,3,0,4,4,2,2,2,2,2,4,4,2,0,2,1,1,1,1,0,1,1,1,1,1,1,1,1,1,2,2,3,3,3,3,2,2,1,0,2,3,4,4,0,0,2,2,0,0,2,2,2,2,2,4,4,2,0,0,2,2,3,0,0,2,4,4,3,2,4,4,4,4,4,4,2,2,3,2,4,4,4,4,4,4,0,4,4,4,2,2,4,4,5,5,3,3"
239,1.4411986123737976,"1,1,2,2,4,5,2,4,5,3,5,5,3,1,2,5,2,2,2,2,2,4,4,4,4,4,2,2,4,2,2,5,5,5,5,5,5,2,2,0,0,0,0,2,3,5,5,1,1,2,2,2,2,2,2,4,4,2,2,4,4,3,2,2,2,4,4,4,4,5,5,2,2,4,4,2,2,5,5,4,4,4,4,4,2,2,4,4,4,2,2,2,2,2,5,5,2,2,2,2,4,4,4,2,1,4,4,2,2,2,2,4,4,2,2,2,2,2,0,4,4,4,4,2,0,2,5,5,5,2,2,2,2,3,3,5,5,4,4,4,4,4,4,0,4,4,4,4,2,2,5,5,5,5,3,1,2,2,3,0,5,5,4,4,4,1,0,3,3,5,5,5,5,0,4,4,3,4,3,0,4,4,3,0,4,4,2,2,2,2,2,4,4,2,2,2,1,1,1,1,0,1,1,1,1,1,1,1,1,1,2,2,3,3,3,3,2,2,1,0,2,3,4,4,0,0,2,2,0,0,2,2,2,2,2,4,4,2,0,0,2,2,3,0,0,2,4,4,3,2,4,4,4,4,4,4,2,2,3,2,4,4,4,4,4,4,0,4,4,4,2,2,4,4,5,5,3,3"
240,1.4412701935409642,"1,1,2,2,4,5,2,4,5,3,5,5,3,1,2,5,2,2,2,2,2,4,4,4,4,4,2,2,4,2,2,5,5,5,5,5,5,2,2,0,0,0,0,2,2,5,5,1,1,2,2,2,2,2,2,4,4,2,2,4,4,3,2,2,2,4,4,4,4,5,5,2,2,4,4,2,2,5,5,4,4,4,4,4,2,2,4,4,4,2,2,2,2,2,5,5,2,2,2,2,4,4,4,2,1,4,4,2,2,2,2,4,4,2,2,2,2,2,0,4,4,4,4,2,0,2,5,5,5,2,2,2,2,3,3,5,5,4,4,4,4,4,4,0,4,4,4,4,2,2,5,5,5,5,3,1,2,2,3,0,5,5,4,4,4,1,0,3,3,5,5,5,5,0,4,4,3,4,3,0,4,4,3,0,4,4,2,2,2,2,2,4,4,2,2,2,1,1,1,1,0,1,1,1,1,1,1,1,1,1,2,2,3,3,3,3,2,2,1,0,2,3,4,4,0,0,2,2,0,0,2,2,2,2,2,4,4,2,0,0,2,2,3,0,0,2,4,4,3,2,4,4,4,4,4,4,2,2,3,2,4,4,4,4,4,4,0,4,4,4,2,2,4,4,5,5,3,3"
241,1.441576148499087,"1,1,2,2,4,5,2,4,5,3,5,5,3,1,2,5,2,2,2,2,2,4,4,4,4,4,2,2,4,2,2,5,5,5,5,5,5,2,2,0,0,0,0,2,2,5,5,1,1,2,2,2,2,2,2,4,4,2,2,4,4,3,2,2,2,4,4,4,4,5,5,2,2,4,4,2,2,5,5,4,4,4,4,4,2,2,4,4,4,2,2,2,2,2,5,5,2,2,2,2,4,4,4,2,1,4,4,2,2,2,2,4,4,2,2,2,2,2,0,4,4,4,4,2,0,2,5,5,5,2,2,2,2,3,3,5,5,4,4,4,4,4,4,0,4,4,4,4,2,2,5,5,5,5,3,1,2,2,3,0,5,5,4,4,4,1,0,3,3,5,5,5,5,0,4,4,3,4,3,0,4,4,3,0,4,4,2,2,2,2,2,4,4,0,2,2,1,1,1,1,0,1,1,1,1,1,1,1,1,1,2,2,3,3,3,3,2,2,1,0,2,3,4,4,0,0,2,2,0,0,2,2,2,2,2,4,4,2,0,0,2,2,3,3,0,2,4,4,3,2,4,4,4,4,4,4,2,2,3,2,4,4,4,4,4,4,0,4,4,4,2,2,4,4,5,5,3,3"
242,1.4404070317125681,"1,1,2,2,4,5,2,4,5,3,5,5,3,1,2,5,2,2,2,2,2,4,4,4,4,4,2,2,4,2,2,5,5,5,5,5,5,2,2,0,0,0,0,2,2,5,5,1,1,2,2,2,2,2,2,4,4,2,2,4,4,3,2,2,2,4,4,4,4,5,5,2,2,4,4,2,2,5,5,4,4,4,4,4,2,2,4,4,4,2,2,2,2,2,5,5,2,2,2,2,4,4,4,2,1,4,4,2,2,2,2,4,4,2,2,2,2,2,0,4,4,4,4,2,0,2,5,5,5,2,2,1,2,3,3,5,5,4,4,4,4,4,4,0,4,4,4,4,2,2,5,5,5,5,3,1,2,2,3,0,5,5,4,4,4,1,0,3,3,5,5,5,5,0,4,4,3,4,3,0,4,4,3,0,4,4,2,2,2,2,2,4,4,0,2,2,1,1,1,1,0,1,5,1,1,1,1,1,1,1,2,2,3,3,3,3,2,2,1,0,2,3,4,4,0,0,2,2,0,0,2,2,2,2,2,4,4,2,0,0,2,2,3,3,0,2,4,4,3,2,4,4,4,4,4,4,2,2,3,2,4,4,4,4,4,4,0,4,4,4,2,2,4,4,5,5,3,3"
243,1.4416314466231452,"1,1,2,2,4,5,2,4,5,3,5,5,3,1,2,5,2,2,2,2,2,4,4,4,4,4,2,2,4,2,2,5,5,5,5,5,5,2,2,0,0,0,0,2,2,5,5,1,1,2,2,2,2,2,2,4,4,2,2,4,4,3,2,2,2,4,4,4,4,5,5,2,2,4,4,2,2,5,5,4,4,4,4,4,2,2,4,4,4,2,2,2,2,2,5,5,2,2,2,2,4,4,4,2,1,4,4,2,2,2,2,4,4,2,2,2,2,2,0,4,4,4,4,2,0,2,5,5,5,2,2,1,2,3,3,5,5,4,4,4,4,4,4,0,4,4,4,4,2,2,5,5,5,5,3,1,2,2,3,0,5,5,4,4,4,1,0,3,3,5,5,5,5,0,4,4,3,4,3,0,4,4,3,0,4,4,2,2,2,2,2,4,4,0,2,2,1,1,1,1,0,1,1,1,1,1,1,1,1,1,2,2,3,3,3,3,2,2,1,0,2,3,4,4,0,0,2,2,0,0,2,2,2,2,2,4,4,2,0,0,2,2,3,3,0,2,4,4,3,2,4,4,4,4,4,4,2,2,3,2,4,4,4,4,4,4,0,4,4,4,2,2,4,4,5,5,3,3"
244,1.441536963527575,"1,1,2,2,4,5,2,4,5,3,5,5,3,1,2,5,2,2,2,2,2,4,4,4,4,4,2,2,4,2,2,5,5,5,5,5,5,2,2,0,0,0,0,2,2,5,5,1,1,2,2,2,2,2,2,4,4,2,2,4,4,3,2,2,2,4,4,4,4,5,5,2,2,4,4,2,2,5,5,4,4,4,4,4,2,2,4,4,4,2,2,2,2,2,5,5,2,2,2,2,4,4,4,2,1,4,4,2,2,2,2,4,4,2,2,2,2,2,2,4,4,4,4,2,0,2,5,5,5,2,2,1,2,3,3,5,5,4,4,4,4,4,4,0,4,4,4,4,2,2,5,5,5,5,3,1,2,2,3,0,5,5,4,4,4,1,0,3,3,5,5,5,5,0,4,4,3,4,3,0,4,4,3,0,4,4,2,2,2,2,2,4,4,0,2,2,1,1,1,1,0,1,1,1,1,1,1,1,1,1,2,2,3,3,3,3,2,2,1,0,2,3,4,4,0,0,2,2,0,0,2,2,2,2,2,4,4,2,0,0,2,2,3,3,0,2,4,4,3,2,4,4,4,4,4,4,2,2,3,2,4,4,4,4,4,4,0,4,4,4,2,2,4,4,5,5,3,3"
245,1.439704234666971,"1,1,2,2,4,5,2,4,5,3,5,5,3,1,2,5,2,2,2,2,2,4,4,4,4,4,2,2,4,2,2,5,5,5,5,5,5,2,2,0,0,0,0,2,2,5,5,1,1,2,2,2,2,2,2,4,4,2,2,4,4,3,2,2,2,4,4,4,4,5,5,2,2,4,4,2,2,5,5,4,4,4,4,4,2,2,4,4,4,2,2,2,2,2,5,5,2,2,2,2,4,4,4,2,1,4,4,2,1,2,2,4,4,2,2,2,2,2,0,4,4,4,4,2,0,2,5,5,5,2,0,1,2,3,3,5,5,4,4,4,4,4,4,0,4,4,4,4,2,2,5,5,5,5,3,1,2,2,3,0,5,5,4,4,4,1,0,3,5,5,5,5,5,0,4,4,3,4,3,0,4,4,3,0,4,4,2,2,2,2,2,4,4,0,2,2,1,1,1,1,0,1,1,1,1,1,1,1,1,1,2,2,3,3,3,3,2,2,1,0,2,3,4,4,0,0,2,2,0,0,2,2,2,2,2,4,4,2,0,0,2,2,3,3,0,2,4,3,3,2,4,4,4,4,4,4,2,2,3,2,4,4,4,4,4,4,0,2,4,4,2,2,4,4,5,5,3,3"
246,1.4416314466231452,"1,1,2,2,4,5,2,4,5,3,5,5,3,1,2,5,2,2,2,2,2,4,4,4,4,4,2,2,4,2,2,5,5,5,5,5,5,2,2,0,0,0,0,2,2,5,5,1,1,2,2,2,2,2,2,4,4,2,2,4,4,3,2,2,2,4,4,4,4,5,5,2,2,4,4,2,2,5,5,4,4,4,4,4,2,2,4,4,4,2,2,2,2,2,5,5,2,2,2,2,4,4,4,2,1,4,4,2,2,2,2,4,4,2,2,2,2,2,0,4,4,4,4,2,0,2,5,5,5,2,2,1,2,3,3,5,5,4,4,4,4,4,4,0,4,4,4,4,2,2,5,5,5,5,3,1,2,2,3,0,5,5,4,4,4,1,0,3,3,5,5,5,5,0,4,4,3,4,3,0,4,4,3,0,4,4,2,2,2,2,2,4,4,0,2,2,1,1,1,1,0,1,1,1,1,1,1,1,1,1,2,2,3,3,3,3,2,2,1,0,2,3,4,4,0,0,2,2,0,0,2,2,2,2,2,4,4,2,0,0,2,2,3,3,0,2,4,4,3,2,4,4,4,4,4,4,2,2,3,2,4,4,4,4,4,4,0,4,4,4,2,2,4,4,5,5,3,3"
247,1.4416314466231452,"1,1,2,2,4,5,2,4,5,3,5,5,3,1,2,5,2,2,2,2,2,4,4,4,4,4,2,2,4,2,2,5,5,5,5,5,5,2,2,0,0,0,0,2,2,5,5,1,1,2,2,2,2,2,2,4,4,2,2,4,4,3,2,2,2,4,4,4,4,5,5,2,2,4,4,2,2,5,5,4,4,4,4,4,2,2,4,4,4,2,2,2,2,2,5,5,2,2,2,2,4,4,4,2,1,4,4,2,2,2,2,4,4,2,2,2,2,2,0,4,4,4,4,2,0,2,5,5,5,2,2,1,2,3,3,5,5,4,4,4,4,4,4,0,4,4,4,4,2,2,5,5,5,5,3,1,2,2,3,0,5,5,4,4,4,1,0,3,3,5,5,5,5,0,4,4,3,4,3,0,4,4,3,0,4,4,2,2,2,2,2,4,4,0,2,2,1,1,1,1,0,1,1,1,1,1,1,1,1,1,2,2,3,3,3,3,2,2,1,0,2,3,4,4,0,0,2,2,0,0,2,2,2,2,2,4,4,2,0,0,2,2,3,3,0,2,4,4,3,2,4,4,4,4,4,4,2,2,3,2,4,4,4,4,4,4,0,4,4,4,2,2,4,4,5,5,3,3"
248,1.4414454113892101,"1,1,2,2,4,5,2,4,5,3,5,5,3,1,2,5,2,2,2,2,2,4,4,4,4,4,2,2,4,2,2,5,5,5,5,5,5,2,2,0,0,0,0,2,2,5,5,1,1,2,2,2,2,2,2,4,4,2,2,4,4,3,2,2,2,4,4,4,4,5,5,2,2,4,4,2,2,5,5,4,4,3,4,4,2,2,4,4,4,2,2,2,2,2,5,5,2,2,2,2,4,4,4,2,1,4,4,2,2,2,2,4,4,2,2,2,2,2,0,4,4,4,4,2,0,2,5,5,5,2,2,1,2,3,3,5,5,4,4,4,4,4,4,0,4,4,4,4,2,2,5,5,5,5,3,1,2,2,3,0,5,5,4,4,4,1,0,3,3,5,5,5,5,0,4,4,3,4,3,0,4,4,3,0,4,4,2,2,2,2,2,4,4,0,2,2,1,1,1,1,0,1,1,1,1,1,1,1,1,1,2,2,3,3,3,3,2,2,1,0,2,3,4,4,0,0,2,2,0,0,2,2,2,2,2,4,4,2,0,0,2,2,3,3,0,2,4,4,3,2,4,4,4,4,4,4,2,2,3,2,4,4,4,4,4,4,0,4,4,4,2,2,4,4,5,5,3,3"
249,1.4407903633639463,"1,1,2,2,4,5,2,4,5,3,5,5,3,1,2,5,2,2,2,2,2,4,4,4,4,4,2,2,4,2,2,5,5,5,5,5,5,2,2,0,0,0,0,2,2,5,5,1,1,2,2,2,2,2,2,4,4,2,2,4,4,3,2,2,2,4,4,4,4,5,5,2,2,4,4,2,2,5,5,4,4,4,4,4,2,2,4,4,4,2,2,2,2,2,5,5,2,2,2,2,4,4,4,2,1,4,4,2,2,2,2,4,4,2,2,2,2,2,0,4,4,4,4,2,0,2,5,5,5,2,2,1,2,3,3,5,5,4,4,4,4,4,0,0,4,4,4,4,2,4,5,5,5,5,3,1,2,2,3,0,5,5,4,4,4,1,0,3,3,5,5,5,5,0,4,4,3,4,3,0,4,4,3,0,4,4,2,2,2,2,2,4,4,0,2,2,1,1,1,1,0,1,1,1,1,1,1,1,1,1,2,2,3,3,3,3,2,2,1,0,2,3,4,4,0,0,2,2,0,0,2,2,2,2,2,4,4,2,0,0,2,2,3,3,0,2,4,4,3,2,4,4,4,4,4,4,2,2,3,2,4,4,4,4,4,4,0,4,4,4,2,2,4,4,5,5,3,3"
250,1.4412942657506354,"1,1,2,2,4,5,2,4,5,3,5,5,3,1,2,5,2,2,2,2,2,4,4,4,4,4,2,2,4,2,2,5,5,5,5,5,5,2,2,0,0,0,0,2,2,5,5,1,1,2,2,2,2,2,2,4,4,2,2,4,4,3,2,2,2,4,4,4,4,5,5,2,2,4,4,2,2,5,5,4,4,4,4,4,2,2,4,4,4,2,2,2,2,2,5,5,2,2,2,2,4,4,4,2,1,4,4,2,2,2,2,4,4,2,2,2,2,2,0,4,4,4,4,2,0,2,1,5,5,2,2,1,2,3,3,5,5,4,4,4,4,4,4,0,4,4,4,4,2,2,5,5,5,5,3,1,2,2,3,0,5,5,4,4,4,1,0,3,3,5,5,5,5,0,4,4,3,4,3,0,4,4,3,0,4,4,2,2,2,2,2,4,4,0,2,2,1,1,1,1,0,1,1,1,1,1,1,1,1,1,2,2,3,3,3,3,2,2,1,0,2,3,4,4,0,0,2,2,0,0,2,2,2,2,2,4,4,2,0,0,2,2,3,3,0,2,4,4,3,2,4,4,4,4,4,4,2,2,3,2,4,4,4,4,4,4,0,4,4,4,2,2,4,4,5,5,3,3"
251,1.4411348616735473,"1,1,2,2,4,5,2,4,5,3,5,5,3,1,2,5,2,2,2,2,2,4,4,4,4,4,2,2,4,2,2,5,5,5,5,5,5,2,2,0,0,0,0,2,2,5,5,1,1,2,2,2,2,2,2,4,4,2,2,4,4,3,2,2,2,4,4,4,4,5,5,2,2,4,4,2,2,5,5,4,4,4,4,4,2,2,4,4,4,2,2,2,2,2,5,5,2,2,2,2,4,4,4,2,1,4,4,2,2,2,2,4,4,2,2,2,2,2,0,4,4,4,4,2,0,2,5,5,5,2,2,1,2,3,3,5,5,4,4,4,4,4,4,0,4,4,4,4,2,2,5,5,5,5,3,1,2,2,3,0,5,5,4,4,4,1,0,3,3,5,5,5,5,0,4,4,3,4,3,0,4,4,3,0,4,4,2,2,2,2,2,4,4,0,2,2,1,1,1,1,0,1,1,1,1,1,1,1,1,1,2,2,3,3,3,3,2,2,1,0,2,3,4,4,0,0,2,2,0,0,2,2,2,2,2,4,4,2,0,0,2,2,3,3,0,2,4,4,3,2,4,4,4,4,4,4,2,2,3,2,4,4,4,4,4,4,0,4,4,4,2,2,4,4,5,5,3,1"
252,1.442116670737703,"1,1,2,2,4,5,2,4,5,3,5,5,3,1,2,5,2,2,2,2,2,4,4,4,4,4,2,2,4,2,2,5,5,5,5,5,5,2,2,0,0,0,0,2,2,5,5,1,1,2,2,2,2,2,2,4,4,2,2,4,4,3,2,2,2,4,4,4,4,5,5,2,2,4,4,2,2,5,5,4,4,4,4,4,2,2,4,4,4,2,2,2,2,2,5,5,2,2,2,2,4,4,4,2,1,4,4,2,2,2,2,4,4,2,2,2,2,2,0,4,4,4,4,2,0,2,5,5,5,2,2,1,2,3,3,5,5,4,4,4,4,4,4,0,4,4,4,4,2,2,5,5,5,5,3,1,2,2,3,0,5,5,4,4,4,1,0,3,3,5,5,5,5,0,4,4,3,4,3,0,4,4,3,0,4,4,2,2,2,2,2,4,4,0,2,2,1,1,1,1,1,1,1,1,1,1,1,1,1,1,2,2,3,3,3,3,2,0,1,0,2,3,4,4,0,0,2,2,0,0,2,2,2,2,2,4,4,2,0,0,2,2,3,3,0,2,4,4,3,2,4,4,4,4,4,4,2,2,3,2,4,4,4,4,4,4,0,4,4,4,2,2,4,4,5,5,3,3"
253,1.442149784015865,"1,1,2,2,4,5,2,4,5,3,5,5,3,1,2,5,2,2,2,2,2,4,4,4,4,4,2,2,4,2,2,5,5,5,5,5,5,2,2,0,0,0,0,2,2,5,5,1,1,2,2,2,2,2,2,4,4,2,2,4,4,3,2,2,2,4,4,4,4,5,5,2,2,4,4,2,2,5,5,4,4,4,4,4,2,2,4,4,4,2,2,2,2,2,5,5,2,2,2,2,4,4,4,2,1,4,4,2,2,2,2,4,4,2,2,2,2,2,0,4,4,4,4,2,0,2,5,5,5,2,2,1,2,3,3,5,5,4,4,4,4,4,4,0,4,4,4,4,2,2,5,5,5,5,3,1,2,2,3,0,5,5,4,4,4,3,0,3,3,5,5,5,5,0,4,4,3,4,3,0,4,4,3,0,4,4,2,2,2,2,2,4,4,0,2,2,1,1,1,1,1,1,1,1,1,1,1,1,1,1,2,2,3,3,3,3,2,0,1,0,2,3,4,4,0,0,2,2,0,0,2,2,2,2,2,4,4,2,0,0,2,2,3,3,0,2,4,4,3,2,4,4,4,4,4,4,2,2,3,2,4,4,4,4,4,4,0,4,4,4,2,2,4,4,5,5,3,3"
254,1.4419748796120633,"1,1,2,2,4,5,2,4,5,3,5,5,3,1,2,5,2,2,2,2,2,4,4,4,4,4,2,2,4,2,2,5,5,5,5,5,5,2,2,0,0,0,0,2,2,5,5,1,1,2,2,2,2,2,2,4,4,2,2,4,4,3,2,2,2,4,4,4,4,5,5,2,2,4,4,2,2,5,5,4,4,4,4,4,2,2,4,4,4,2,2,2,2,2,5,5,2,2,2,2,4,4,4,2,1,4,4,2,2,2,2,4,4,2,2,2,2,2,0,4,4,4,4,2,0,2,5,5,5,2,2,1,2,3,3,5,5,4,4,4,4,4,4,0,4,4,4,4,2,2,5,5,5,5,3,1,2,2,3,0,5,5,4,4,4,3,0,3,3,5,5,5,5,0,4,4,3,4,3,0,4,4,3,0,4,4,2,2,2,2,2,4,4,0,2,2,1,1,1,1,1,1,1,1,1,1,1,1,1,1,2,2,3,3,3,3,2,0,1,0,2,3,4,4,0,0,2,2,0,0,2,2,2,2,2,4,4,2,0,0,2,2,3,3,0,2,4,4,3,3,4,4,4,4,4,4,2,2,3,2,4,4,4,4,4,4,0,4,4,4,2,2,4,4,5,5,3,3"
255,1.442423693788228,"1,1,2,2,4,5,2,4,5,3,5,5,3,1,2,5,2,2,2,2,2,4,4,4,4,4,2,2,4,2,2,5,5,5,5,5,5,2,2,0,0,0,0,2,2,5,5,1,1,2,2,2,2,2,2,4,4,2,2,4,4,3,2,2,2,4,4,4,4,5,5,2,2,4,4,2,2,5,5,4,4,4,4,4,2,2,4,4,4,2,2,2,2,2,5,5,2,2,2,2,4,4,4,2,1,4,4,2,2,2,2,4,4,2,2,2,2,2,0,4,4,4,4,2,0,2,5,5,5,2,2,1,2,3,3,5,5,4,4,4,4,4,4,0,4,4,4,4,2,2,5,5,5,5,3,1,2,2,3,0,5,5,4,4,4,5,0,3,3,5,5,5,5,0,4,4,3,3,3,0,4,4,3,0,4,4,2,2,2,2,2,4,4,0,2,2,1,1,1,1,1,1,1,1,1,1,1,1,1,1,2,2,3,3,3,3,2,0,1,0,2,3,4,4,0,0,2,2,0,0,2,2,2,2,2,4,4,2,0,0,2,2,3,3,0,2,4,4,3,2,4,4,4,4,4,4,2,2,3,2,4,4,4,4,4,4,0,4,4,4,2,2,4,4,5,5,3,3"
256,1.440789634663462,"1,1,2,2,4,5,2,4,5,3,5,5,3,1,2,5,2,2,2,2,2,4,4,4,4,4,2,2,4,2,2,5,5,5,5,5,5,2,2,0,0,0,0,2,2,5,5,1,1,2,2,2,2,2,2,4,4,2,2,4,4,3,2,2,2,4,4,4,4,5,5,2,2,4,4,2,2,5,5,4,4,4,4,4,2,2,4,4,4,2,2,2,2,2,5,5,2,2,2,2,4,4,4,2,1,4,4,2,2,2,2,4,4,2,2,2,2,2,0,4,4,4,4,2,0,2,5,5,5,2,2,1,2,3,3,5,5,4,4,4,4,4,4,0,4,4,4,4,2,2,5,5,5,5,3,1,2,2,3,0,5,5,4,4,4,5,0,3,3,5,5,5,5,0,4,4,3,3,3,0,4,4,3,0,4,4,2,2,2,2,2,4,4,0,2,2,1,1,1,1,1,1,1,1,1,1,1,3,1,1,2,2,3,3,3,3,2,0,1,0,2,3,4,4,0,0,2,2,0,0,2,2,2,2,2,4,4,2,0,0,2,2,3,3,0,2,4,4,0,2,4,4,4,4,4,4,2,2,3,2,4,4,4,4,2,4,0,4,4,4,2,2,4,4,5,5,3,3"
257,1.4418547581312993,"1,1,2,2,4,5,2,4,5,3,5,5,3,1,2,5,2,2,2,2,2,4,4,4,4,4,2,2,4,2,2,5,5,5,5,5,5,2,2,0,0,0,0,2,2,5,5,1,1,2,2,2,2,2,2,4,4,2,2,4,4,3,2,2,2,4,4,4,4,5,5,2,2,4,4,2,2,5,5,4,4,4,4,4,2,2,4,4,4,2,2,2,2,2,5,5,2,2,2,2,4,4,4,2,1,4,4,2,2,2,2,4,4,2,2,2,2,2,0,4,4,4,4,2,1,2,5,5,5,2,2,1,2,3,3,5,5,4,4,4,4,4,4,0,4,4,4,4,2,2,5,5,5,5,3,1,2,2,3,0,5,5,4,4,4,5,0,3,3,5,5,5,5,0,4,4,3,3,3,0,4,4,3,0,4,4,2,2,2,2,2,4,4,0,2,2,1,1,1,1,1,1,1,0,1,1,1,1,1,1,2,2,3,3,3,3,2,0,0,1,2,3,4,4,0,0,2,2,0,0,2,2,2,2,2,4,4,2,0,0,2,2,3,3,0,2,4,4,3,2,4,4,4,4,4,4,2,2,3,2,4,4,4,4,4,4,0,4,4,4,2,2,4,4,5,5,3,3"
258,1.44191311971288,"1,1,2,2,4,5,2,4,5,3,5,5,3,1,2,5,2,2,2,2,2,4,4,4,4,4,2,2,4,2,2,5,5,5,5,5,5,2,2,0,0,0,0,2,2,5,5,1,1,2,2,2,2,2,2,4,4,2,2,4,4,3,2,2,2,4,4,4,4,5,5,2,2,4,4,2,2,5,5,4,4,4,4,4,2,2,4,4,4,2,2,2,2,2,5,5,2,2,2,2,4,4,4,2,1,4,4,2,2,2,2,4,4,2,2,2,2,2,0,4,4,4,4,2,1,2,5,5,5,2,2,1,2,3,3,5,5,4,4,4,4,4,4,0,4,4,4,4,2,2,5,5,5,5,3,1,2,2,3,0,5,5,4,4,4,5,0,3,3,5,5,5,5,0,4,4,3,3,3,0,4,4,3,0,4,4,2,2,2,2,2,4,4,0,2,2,1,1,1,1,1,1,1,1,1,1,1,1,1,1,2,2,3,3,3,3,2,0,0,0,2,3,4,4,0,0,2,2,0,0,2,2,2,2,2,4,4,2,0,0,2,2,3,3,0,2,4,4,3,2,4,4,4,4,4,4,2,4,3,2,4,4,4,4,4,4,0,4,4,4,2,2,4,4,5,5,3,3"
259,1.4424739352347884,"1,1,2,2,4,5,2,4,5,3,5,5,3,1,2,5,2,2,2,2,2,4,4,4,4,4,2,2,4,2,2,5,5,5,5,5,5,2,2,0,0,0,0,2,2,5,5,1,1,2,2,2,2,2,2,4,4,2,2,4,4,3,2,2,2,4,4,4,4,5,5,2,2,4,4,2,2,5,5,4,4,4,4,4,2,2,4,4,4,2,2,2,2,2,5,5,2,2,2,2,4,4,4,2,1,4,4,2,2,2,2,4,4,2,2,2,2,2,0,4,4,4,4,2,1,2,5,5,5,2,2,1,2,3,3,5,5,4,4,4,4,4,4,0,4,4,4,4,2,2,5,5,5,5,3,1,2,2,3,0,5,5,4,4,4,5,0,3,3,5,5,5,5,0,4,4,3,3,3,0,4,4,3,0,4,4,2,2,2,2,2,4,4,0,2,2,1,1,1,1,1,1,1,1,1,1,1,1,1,1,2,2,3,3,3,3,2,0,0,0,2,3,4,4,0,0,2,2,0,0,2,2,2,2,2,4,4,2,0,0,2,2,3,3,0,2,4,4,3,2,4,4,4,4,4,4,2,2,3,2,4,4,4,4,4,4,0,4,4,4,2,2,4,4,5,5,3,3"
260,1.4414401663753218,"1,1,2,2,4,5,2,4,5,3,5,5,3,1,2,5,2,2,2,2,2,4,4,4,4,4,2,2,4,2,2,5,5,5,5,5,5,2,2,0,0,0,0,2,2,5,5,1,1,2,2,2,2,2,2,4,4,2,2,4,4,3,2,2,2,4,4,4,4,5,5,2,2,4,4,2,2,5,5,4,4,4,4,4,2,2,4,4,4,2,2,2,2,2,5,5,2,2,2,2,4,4,4,2,1,4,4,2,1,2,2,4,4,2,2,4,2,2,0,4,4,4,4,2,1,2,5,5,5,2,2,1,2,3,3,5,5,4,4,4,4,4,4,0,4,4,4,4,2,2,5,5,5,5,3,1,2,2,3,0,5,5,4,4,4,5,0,3,3,5,5,5,5,0,4,4,3,3,3,0,4,4,3,0,4,4,2,2,2,2,2,4,4,0,2,2,1,1,1,1,1,1,1,1,1,1,1,1,1,1,2,2,3,3,3,3,2,0,0,0,2,3,4,4,0,0,2,2,0,0,2,2,2,2,2,4,4,2,0,0,2,2,3,3,0,2,4,4,3,2,4,4,4,4,4,4,2,2,3,2,4,4,4,4,4,4,0,4,4,4,2,2,4,4,5,5,3,3"
261,1.442730793640402,"1,1,2,2,4,5,2,4,5,3,5,5,3,1,2,5,2,2,2,2,2,4,4,4,4,4,2,2,4,2,2,5,5,5,5,5,5,2,2,0,0,0,0,2,2,5,5,1,1,2,2,2,2,2,2,4,4,2,2,4,4,3,2,2,2,4,4,4,4,5,5,2,2,4,4,2,2,5,5,4,4,4,4,4,2,2,4,4,4,2,2,2,2,2,5,5,2,2,2,2,4,4,4,2,1,4,4,2,2,2,2,4,4,2,2,2,2,2,0,4,4,4,4,2,1,2,5,5,5,2,2,1,2,3,3,5,5,4,4,4,4,4,4,0,4,4,4,4,2,2,5,5,5,5,3,1,2,2,3,0,5,5,4,4,4,5,0,3,3,5,5,5,5,0,4,4,3,3,3,0,4,4,3,0,4,4,2,2,2,2,2,4,4,0,2,2,1,1,1,1,1,1,1,1,1,1,1,1,1,1,2,2,3,3,3,3,2,0,0,0,2,3,3,4,0,0,2,2,0,0,2,2,2,2,2,4,4,2,0,0,2,2,3,3,0,2,4,4,3,2,4,4,4,4,4,4,2,2,2,2,4,4,4,4,4,4,0,4,4,4,2,2,4,4,5,5,3,3"
262,1.4410397029552546,"1,1,2,2,4,5,2,4,5,3,5,5,3,5,2,5,2,2,2,2,2,4,4,4,4,4,2,2,4,2,2,5,5,5,5,5,5,2,2,0,0,0,0,2,2,5,5,1,1,2,2,2,2,2,2,4,4,2,2,4,4,3,2,2,2,4,4,4,4,5,5,2,2,4,4,2,2,5,5,4,4,4,4,4,2,2,4,4,4,2,2,2,2,2,5,5,2,2,2,2,4,4,4,2,1,4,4,2,2,2,2,4,4,2,2,2,2,2,0,4,4,4,4,2,1,2,5,5,5,2,2,1,2,3,3,5,5,4,4,4,4,4,4,0,4,4,4,4,2,2,5,5,5,5,3,1,2,2,3,0,5,5,4,4,4,5,0,3,3,5,5,5,5,0,4,4,3,3,3,3,4,4,3,0,4,4,2,2,2,2,2,4,4,0,2,2,1,1,1,1,1,1,1,1,1,1,1,1,1,1,2,2,3,3,3,3,2,1,0,0,2,3,3,4,0,0,2,2,0,0,2,2,2,2,2,4,4,2,0,0,2,2,3,3,0,2,4,4,3,2,4,4,1,4,4,4,2,2,2,2,4,4,0,4,4,4,0,4,4,4,2,2,4,4,5,5,3,3"
263,1.442658288771,"1,1,2,2,4,5,2,4,5,3,5,5,3,1,2,5,2,2,2,2,2,4,4,4,4,4,2,2,4,2,0,5,5,5,5,5,5,2,2,0,0,0,0,2,2,5,5,1,1,2,2,2,2,2,2,4,4,2,2,4,4,3,2,2,2,4,4,4,4,5,5,2,2,4,4,2,2,5,5,4,4,4,4,4,2,2,4,4,4,2,2,2,2,2,5,5,2,2,2,2,4,4,4,2,1,4,4,2,2,2,2,4,4,2,2,2,2,2,0,4,4,4,4,2,1,2,5,5,5,2,2,1,2,3,3,5,5,4,4,4,4,4,4,0,4,4,4,4,2,2,5,5,5,5,3,1,2,2,3,0,5,5,4,4,4,5,0,3,3,5,5,5,5,0,4,4,3,3,3,3,4,4,3,0,4,4,2,2,2,2,2,4,4,0,2,2,1,1,1,1,1,1,1,1,1,1,1,1,1,1,0,2,3,3,3,3,2,0,0,0,2,3,3,4,0,0,2,2,0,0,2,2,2,2,2,4,4,2,0,0,2,2,3,3,0,2,4,4,3,2,4,4,4,4,4,4,2,2,2,2,4,4,4,4,4,4,0,4,4,4,2,2,4,4,5,5,3,3"
264,1.4428021892395888,"1,1,2,2,4,5,2,4,5,3,5,5,3,1,2,5,2,2,2,2,2,4,4,4,4,4,2,2,4,2,0,5,5,5,5,5,5,2,2,0,0,0,0,2,2,5,5,1,1,2,2,2,2,2,2,4,4,2,2,4,4,3,2,2,2,4,4,4,4,5,5,2,2,4,4,2,2,5,5,4,4,4,4,4,2,2,4,4,4,2,2,2,2,2,5,5,2,2,2,2,4,4,4,2,1,4,4,2,2,2,2,4,4,2,2,2,2,2,0,4,4,4,4,2,1,2,5,5,5,2,2,1,2,3,3,5,5,4,4,4,4,4,4,0,4,4,4,4,2,2,5,5,5,5,3,1,2,2,3,0,5,5,4,4,4,5,0,3,3,5,5,5,5,0,4,4,3,3,3,3,4,4,3,0,4,4,2,2,2,2,2,4,4,0,2,2,1,1,1,1,1,1,1,1,1,1,1,1,1,1,2,2,3,3,3,3,2,0,0,0,2,3,3,4,0,0,2,2,0,0,2,2,2,2,2,4,4,2,0,0,2,2,3,3,0,2,4,4,3,2,4,4,4,4,4,4,2,2,2,2,4,4,4,4,4,4,0,4,4,4,2,2,4,4,5,5,3,3"
265,1.440441940338745,"1,1,2,2,4,5,2,4,5,3,5,5,3,1,2,5,2,2,2,2,2,4,4,4,4,4,2,2,4,2,0,5,5,5,5,5,5,2,2,0,0,0,0,2,2,5,5,1,1,2,2,2,2,2,2,4,4,2,2,4,4,3,2,2,2,4,4,4,4,5,5,2,2,4,4,2,2,5,5,4,2,4,4,4,2,2,4,4,4,2,2,2,2,2,5,5,2,2,2,2,4,4,4,2,3,4,4,2,2,2,2,4,4,2,2,2,2,2,0,4,4,4,4,2,1,2,5,5,5,2,2,1,2,3,3,5,5,4,4,4,4,4,4,0,4,4,4,4,2,2,5,5,5,5,3,1,2,2,3,0,5,5,4,4,4,5,0,3,3,5,5,5,5,0,4,0,3,3,3,3,4,4,1,0,4,4,2,2,2,2,2,4,4,0,2,2,1,1,1,1,1,1,1,1,1,1,1,1,1,1,2,2,3,3,3,3,2,0,0,0,2,3,3,4,0,0,2,2,0,0,2,2,2,2,2,4,1,2,0,0,2,2,3,3,0,2,4,4,3,2,4,4,4,4,4,4,2,2,2,2,4,4,4,4,4,4,0,4,4,4,0,2,4,4,5,5,3,3"
266,1.4429155538664677,"1,1,2,2,4,5,2,4,5,3,5,5,3,1,2,5,2,2,2,2,2,4,4,4,4,4,2,2,4,2,0,5,5,5,5,5,5,2,2,0,0,0,0,2,2,5,5,1,1,2,2,2,2,2,2,4,4,2,2,4,4,3,2,2,2,4,4,4,4,5,5,2,2,4,4,2,2,5,5,4,4,4,4,4,2,2,4,4,4,2,2,2,2,2,5,5,2,2,2,2,4,4,4,2,3,4,4,2,2,2,2,4,4,2,2,2,2,2,0,4,4,4,4,2,1,2,5,5,5,2,2,1,2,3,3,5,5,4,4,4,4,4,4,0,4,4,4,4,2,2,5,5,5,5,0,1,2,2,3,0,5,5,4,4,4,5,0,3,3,5,5,5,5,0,4,4,3,3,3,3,4,4,1,0,4,4,2,2,2,2,2,4,4,0,2,2,1,1,1,1,1,1,1,1,1,1,1,1,1,1,2,2,3,3,3,3,2,0,0,0,2,3,3,4,0,0,2,2,0,0,2,2,2,2,2,4,4,2,0,0,2,2,3,3,0,2,4,4,3,2,4,4,4,4,4,4,2,2,2,2,4,4,4,4,4,4,0,4,4,4,2,2,4,4,5,5,3,3"
267,1.4429899834221165,"1,1,2,2,4,5,2,4,5,3,5,5,3,1,2,5,2,2,2,2,2,4,4,4,4,4,2,2,4,2,0,5,5,5,5,5,5,2,2,0,0,0,0,2,2,5,5,1,1,2,2,2,2,2,2,4,4,2,2,4,4,3,2,2,2,4,4,4,4,5,5,2,2,4,4,2,2,5,5,4,4,4,4,4,2,2,4,4,4,2,2,2,2,2,5,5,2,2,2,2,4,4,4,2,3,4,4,2,2,2,2,4,4,2,2,2,2,2,0,4,4,4,4,2,1,2,5,5,5,2,2,1,2,3,3,5,5,4,4,4,4,4,4,0,4,4,4,4,2,2,5,5,5,5,0,1,2,2,3,0,5,5,4,4,4,5,5,3,3,5,5,5,5,0,4,4,3,3,3,3,4,4,0,0,4,4,2,2,2,2,2,4,4,0,2,2,1,1,1,1,1,1,1,1,1,1,1,1,1,1,2,2,3,3,3,3,2,0,0,0,2,3,3,4,0,0,2,2,0,0,2,2,2,2,2,4,4,2,0,0,2,2,3,3,0,2,4,4,3,2,4,4,4,4,4,4,2,2,2,2,4,4,4,4,4,4,0,4,4,4,2,2,4,4,5,5,3,3"
268,1.4429899834221165,"1,1,2,2,4,5,2,4,5,3,5,5,3,1,2,5,2,2,2,2,2,4,4,4,4,4,2,2,4,2,0,5,5,5,5,5,5,2,2,0,0,0,0,2,2,5,5,1,1,2,2,2,2,2,2,4,4,2,2,4,4,3,2,2,2,4,4,4,4,5,5,2,2,4,4,2,2,5,5,4,4,4,4,4,2,2,4,4,4,2,2,2,2,2,5,5,2,2,2,2,4,4,4,2,3,4,4,2,2,2,2,4,4,2,2,2,2,2,0,4,4,4,4,2,1,2,5,5,5,2,2,1,2,3,3,5,5,4,4,4,4,4,4,0,4,4,4,4,2,2,5,5,5,5,0,1,2,2,3,0,5,5,4,4,4,5,5,3,3,5,5,5,5,0,4,4,3,3,3,3,4,4,0,0,4,4,2,2,2,2,2,4,4,0,2,2,1,1,1,1,1,1,1,1,1,1,1,1,1,1,2,2,3,3,3,3,2,0,0,0,2,3,3,4,0,0,2,2,0,0,2,2,2,2,2,4,4,2,0,0,2,2,3,3,0,2,4,4,3,2,4,4,4,4,4,4,2,2,2,2,4,4,4,4,4,4,0,4,4,4,2,2,4,4,5,5,3,3"
269,1.4424216517672828,"1,1,2,2,4,5,2,4,5,3,5,5,3,1,2,5,2,2,2,2,2,4,4,4,4,4,2,2,4,2,0,5,5,5,5,5,5,2,2,0,0,0,0,2,2,5,5,1,1,2,2,2,2,2,2,4,4,2,2,4,4,3,2,2,2,4,4,4,4,5,5,2,2,4,4,2,2,5,5,4,4,4,4,4,2,2,4,4,4,2,2,2,2,2,5,5,2,2,2,2,4,4,4,2,3,4,4,2,2,2,2,4,4,2,2,2,2,2,0,4,4,4,4,2,1,2,5,5,5,2,2,1,2,3,3,5,5,4,4,4,4,4,4,0,4,4,4,4,2,2,5,5,5,5,0,1,2,2,3,0,5,5,4,4,4,5,5,3,3,5,5,5,5,0,4,4,3,3,3,3,4,4,1,0,4,4,2,2,2,2,2,4,4,0,2,2,1,1,1,1,1,1,1,1,1,1,1,1,1,1,1,2,3,3,3,3,2,0,0,0,2,3,3,4,0,3,2,2,0,0,2,2,2,2,2,4,4,2,0,0,2,2,3,3,0,2,4,4,3,2,4,4,4,4,4,4,2,2,2,2,4,4,4,4,4,4,0,4,4,4,2,2,4,4,5,5,3,3"
270,1.4425378018729045,"1,1,2,2,4,5,2,4,5,3,5,5,3,1,2,5,2,2,2,2,2,4,4,4,4,4,2,2,4,2,0,5,5,5,5,5,5,2,2,0,0,0,0,2,2,5,5,1,1,2,2,2,2,2,2,4,4,2,4,4,4,3,2,2,2,4,4,4,4,5,5,2,2,4,4,2,2,5,5,4,4,4,4,4,2,2,4,4,4,2,2,2,2,2,5,5,2,2,2,2,4,4,4,2,3,4,4,2,2,2,2,4,4,2,2,2,1,2,0,4,4,4,4,2,1,2,5,5,5,2,2,1,2,3,3,5,5,4,4,4,4,4,4,0,4,4,4,4,2,2,5,5,5,5,0,1,2,2,3,0,5,5,4,4,4,5,5,3,3,5,5,5,5,0,4,4,3,3,3,3,4,4,0,0,4,4,2,2,2,2,2,4,4,0,2,2,1,1,1,1,1,1,1,1,1,1,1,1,1,1,2,2,3,3,3,3,2,0,0,0,2,3,3,4,0,0,2,2,0,0,2,2,2,2,2,4,4,2,0,0,2,2,3,3,0,2,4,4,3,2,4,4,4,4,4,4,2,2,2,2,4,4,4,4,4,4,0,4,4,4,2,2,4,4,5,5,3,3"
271,1.443018379801146,"1,1,2,2,4,5,2,4,5,3,5,5,3,1,2,5,2,2,2,2,2,4,4,4,4,4,2,2,4,2,1,5,5,5,5,5,5,2,2,0,0,0,0,2,2,5,5,1,1,2,2,2,2,2,2,4,4,2,2,4,4,3,2,2,2,4,4,4,4,5,5,2,2,4,4,2,2,5,5,4,4,4,4,4,2,2,4,4,4,2,2,2,2,2,5,5,2,2,2,2,4,4,4,2,3,4,4,2,2,2,2,4,4,2,2,2,2,2,0,4,4,4,4,2,1,2,5,5,5,2,2,1,2,3,3,5,5,4,4,4,4,4,4,0,4,4,4,4,2,2,5,5,5,5,0,1,2,2,3,0,5,5,4,4,4,5,5,3,3,5,5,5,5,0,4,4,3,3,3,3,4,4,0,0,4,4,2,2,2,2,2,4,4,0,2,2,1,1,1,1,1,1,1,1,1,1,1,1,1,1,2,2,3,3,3,3,2,0,0,0,2,3,3,4,0,0,2,2,0,0,2,2,2,2,2,4,4,2,0,0,2,2,3,3,0,2,4,4,3,2,4,4,4,4,4,4,2,2,2,2,4,4,4,4,4,4,0,4,4,4,2,2,4,4,5,5,3,3"
272,1.4427934077036153,"1,1,2,2,4,5,2,4,5,3,5,5,3,1,2,5,2,2,2,2,2,4,4,4,4,4,2,2,4,2,1,5,5,5,5,5,5,2,2,0,0,0,0,2,2,5,5,1,1,2,2,2,2,2,2,4,4,2,2,4,4,3,2,2,2,4,4,4,4,5,5,2,2,4,4,2,2,5,5,4,4,4,4,4,2,2,4,4,4,2,2,2,2,2,5,5,2,2,2,2,4,4,4,2,3,4,4,2,2,2,2,4,4,2,2,2,2,2,0,4,4,4,4,2,1,0,5,5,5,2,2,1,2,3,3,5,5,4,4,4,4,4,4,0,4,4,4,4,2,2,5,5,5,5,0,1,2,2,3,0,5,5,4,4,4,5,5,3,3,5,5,5,5,0,4,4,3,4,3,3,4,4,0,0,4,4,2,2,2,2,2,4,4,0,2,2,1,1,1,1,1,1,1,1,1,1,1,1,1,1,2,2,3,3,3,3,2,0,0,0,2,3,3,4,0,0,2,2,0,0,2,2,2,2,2,4,4,2,0,0,2,2,3,3,0,2,4,4,3,2,4,4,4,4,4,4,2,2,2,2,4,4,4,4,4,4,0,4,4,4,2,2,4,4,5,5,3,3"
273,1.4427665620909411,"1,1,2,2,4,5,2,4,5,3,5,5,3,1,2,5,2,2,2,2,2,4,4,4,4,4,2,2,4,2,1,5,5,5,5,5,5,2,2,0,0,0,0,2,2,5,5,1,1,2,2,2,2,2,2,4,4,2,2,4,4,3,2,2,2,4,4,4,4,5,5,2,2,4,4,2,2,5,5,4,4,4,4,4,2,2,4,4,4,2,2,2,2,2,5,5,2,2,2,2,4,4,4,2,3,4,4,2,2,2,2,4,4,2,2,2,2,2,0,4,4,4,4,2,1,2,5,5,5,2,2,1,2,3,3,5,5,4,4,4,4,4,4,0,4,4,4,4,2,2,5,5,5,5,0,1,2,2,3,0,5,5,4,4,4,5,5,3,3,0,5,5,5,0,4,4,3,3,3,3,4,4,0,0,4,4,2,2,2,2,2,4,4,0,2,2,1,1,1,1,1,1,1,1,1,1,1,1,1,1,2,2,3,3,3,3,2,0,0,0,2,3,3,4,0,0,2,2,0,0,2,2,2,2,2,4,4,2,0,0,2,2,3,3,0,2,4,4,3,2,4,4,4,4,4,4,2,2,2,2,4,4,4,4,4,4,0,4,4,4,2,2,4,4,5,5,3,3"
274,1.4420290113341099,"1,1,2,2,4,5,2,4,5,3,5,5,3,1,2,5,2,2,2,2,2,4,4,4,4,4,2,2,4,2,2,5,5,5,5,5,5,2,2,0,0,0,0,2,2,5,5,1,1,2,2,2,2,2,2,4,4,2,2,4,4,3,2,2,2,4,4,4,4,5,5,2,2,4,4,2,2,5,5,4,4,4,4,4,2,2,4,4,4,2,2,2,2,2,5,5,2,2,2,2,4,4,4,2,3,4,4,2,2,2,1,4,4,2,2,2,2,2,0,4,4,4,4,2,1,2,5,5,5,2,2,1,2,3,3,5,5,4,4,4,4,4,4,0,4,4,4,4,2,2,5,5,5,5,0,1,2,2,3,0,5,5,4,4,4,5,5,3,3,0,5,5,5,0,4,4,3,3,3,3,4,4,0,0,4,4,2,2,2,2,2,4,4,0,2,2,1,1,1,1,1,1,1,1,1,1,1,1,1,1,2,2,3,3,3,3,2,0,0,0,2,3,3,4,0,4,2,2,0,0,2,2,2,2,2,4,4,2,0,0,2,2,3,3,0,2,4,4,3,2,4,4,4,4,4,4,2,2,2,2,4,4,4,4,4,4,0,4,4,4,2,2,4,4,5,5,3,4"
275,1.4431200504716155,"1,1,2,2,4,5,2,4,5,3,5,5,3,1,2,5,2,2,2,2,2,4,4,4,4,4,2,2,4,2,2,5,5,5,5,5,5,2,2,0,0,0,0,2,2,5,5,1,1,2,2,2,2,2,2,4,4,2,2,4,4,3,2,2,2,4,4,4,4,5,5,2,2,4,4,2,2,5,5,4,4,4,4,4,2,2,4,4,4,2,2,2,2,2,5,5,2,2,2,2,4,4,4,2,1,4,4,2,2,2,2,4,4,0,2,2,2,2,0,4,4,4,4,2,1,2,5,5,5,2,2,1,2,3,3,5,5,4,4,4,4,4,4,0,4,4,4,4,2,2,5,5,5,5,0,1,2,2,3,0,5,5,4,4,4,5,5,3,3,5,5,5,5,0,4,4,3,3,3,3,4,4,0,0,4,4,2,2,2,2,2,4,4,0,2,2,1,1,1,1,1,1,1,1,1,1,1,1,1,1,2,2,3,3,3,3,2,0,0,0,2,3,3,4,0,0,2,2,0,0,2,2,2,2,2,4,4,2,0,0,2,2,3,3,0,2,4,4,3,2,4,4,4,4,4,4,2,2,2,2,4,4,4,4,4,4,0,4,4,4,2,2,4,4,5,5,3,3"
276,1.4423251070321923,"1,1,2,2,4,5,2,4,5,3,5,5,3,1,2,5,2,2,2,2,2,4,4,4,4,4,2,2,4,2,2,5,5,5,5,5,5,2,2,0,0,0,0,2,2,5,5,1,1,2,2,2,2,2,2,4,4,2,2,4,4,3,5,2,2,4,4,4,4,5,5,2,2,4,4,2,2,5,5,4,4,4,4,4,2,2,4,4,4,2,2,2,2,2,5,5,2,2,2,2,4,4,4,2,1,4,4,2,2,2,2,4,4,0,2,2,2,2,0,4,4,4,4,2,1,2,5,5,5,2,2,1,2,3,3,5,5,4,4,4,4,4,4,0,4,4,4,4,2,2,5,5,5,5,0,1,2,2,3,0,5,5,4,4,4,5,5,3,3,5,5,5,5,0,4,4,3,3,3,3,4,4,0,0,4,4,2,2,2,2,2,4,4,0,2,2,1,1,1,1,1,1,1,1,1,1,1,1,1,1,2,2,3,3,3,3,2,0,0,0,2,3,3,4,0,0,2,2,0,0,2,2,2,2,2,4,4,2,0,0,2,2,3,3,0,2,4,4,3,2,4,4,4,4,4,4,2,2,2,2,4,4,4,4,4,4,0,4,4,4,2,2,4,4,5,5,3,3"
277,1.442195640475425,"1,1,2,2,4,5,2,4,5,3,5,5,3,1,2,5,2,2,2,2,2,4,4,4,4,4,2,2,4,2,2,5,5,5,5,5,5,2,2,0,0,0,0,2,2,5,5,1,1,2,2,2,2,2,2,4,4,2,2,4,4,3,5,2,2,4,4,4,4,5,5,2,2,4,4,2,2,5,5,4,4,4,4,4,2,2,4,4,4,2,2,2,2,2,5,5,2,2,2,2,4,4,4,2,1,4,4,2,2,2,2,4,4,0,0,2,2,2,0,4,4,4,4,2,1,2,5,5,5,2,2,1,2,3,3,5,5,4,4,4,4,4,4,0,4,4,4,4,2,2,5,5,5,5,0,1,2,2,3,0,5,5,4,4,4,5,5,3,3,5,5,5,5,0,4,4,3,3,3,3,4,4,0,0,4,4,2,2,2,2,2,4,4,0,2,2,1,1,1,1,1,1,1,1,1,1,1,1,1,1,2,2,3,3,3,3,2,0,0,0,2,3,3,4,0,0,2,2,0,0,2,2,2,2,2,4,4,2,0,0,2,2,3,3,0,2,4,4,3,2,4,4,4,4,4,4,2,2,2,2,4,4,4,4,4,4,0,4,4,4,2,2,4,4,5,5,3,3"
278,1.4411880969002484,"1,1,2,2,4,5,2,4,5,3,5,5,3,1,2,5,2,2,2,2,2,4,4,4,4,4,2,2,4,2,2,5,5,5,5,5,5,2,2,0,0,0,0,2,2,5,5,1,1,2,2,2,2,2,2,4,4,2,2,4,4,3,5,2,2,4,4,4,4,5,5,2,2,4,4,2,2,5,5,4,4,4,4,4,2,2,4,4,4,2,2,2,2,2,5,5,2,2,2,2,4,4,4,2,1,4,4,2,2,2,2,4,4,0,2,2,2,2,0,4,4,4,4,2,1,2,5,5,5,2,2,1,2,3,3,5,5,4,4,4,4,4,4,0,4,4,4,4,4,2,5,5,5,5,0,1,2,2,3,0,5,5,4,4,4,5,5,3,3,5,5,5,5,0,4,4,3,3,3,0,4,4,0,0,4,4,2,2,2,2,0,4,4,0,2,2,1,1,1,1,1,1,1,1,1,1,1,1,1,1,2,2,3,3,3,3,2,0,0,0,2,3,3,4,0,0,2,2,0,0,2,2,2,2,2,4,4,2,0,0,2,2,3,3,0,2,4,4,3,2,4,4,4,4,4,4,2,2,2,2,4,4,4,4,4,4,0,4,4,4,2,2,4,4,5,5,3,3"
279,1.4431649381519691,"1,1,2,2,4,5,2,4,5,3,5,5,3,1,2,5,2,2,2,2,2,4,4,4,4,4,2,2,4,2,2,5,5,5,5,5,5,2,2,0,0,0,0,2,2,5,5,1,1,2,2,2,2,2,2,4,4,2,2,4,4,3,2,2,2,4,4,4,4,5,5,2,2,4,4,2,2,5,5,4,4,4,4,4,2,2,4,4,4,2,2,2,2,2,5,5,2,2,2,2,4,4,4,2,1,4,4,2,2,2,2,4,4,2,2,2,2,2,0,4,4,4,4,2,1,2,5,5,5,2,2,1,2,3,3,5,5,4,4,4,4,4,4,0,4,4,4,4,2,2,5,5,5,5,0,1,2,2,3,0,5,5,4,4,4,5,5,3,3,5,5,5,5,0,4,4,3,3,3,3,4,4,0,0,4,4,2,2,2,2,2,4,4,0,2,2,1,1,1,1,1,1,1,1,1,1,1,1,1,1,2,2,3,3,3,3,2,0,0,0,2,3,3,4,0,0,2,2,0,0,2,2,2,2,2,4,4,2,0,0,2,2,3,3,0,2,4,4,3,2,4,4,4,4,4,4,2,2,2,2,4,4,4,4,4,4,0,4,4,4,2,2,4,4,5,5,3,3"
280,1.443092805492555,"1,1,2,2,4,5,2,4,5,3,5,5,3,1,2,5,2,2,2,2,2,4,4,4,4,4,2,2,4,2,2,5,5,5,5,5,5,2,2,0,0,0,0,2,2,5,5,1,1,2,2,2,2,2,2,4,4,2,2,4,4,3,2,2,2,4,4,4,4,5,5,2,2,4,4,2,2,5,5,4,4,4,4,4,2,2,4,4,4,2,2,2,2,2,5,5,2,2,2,2,4,4,4,2,1,4,4,2,2,2,2,4,4,2,2,2,2,2,0,4,4,4,4,2,1,2,5,5,5,2,2,1,2,3,3,5,5,4,4,4,4,4,4,0,4,4,4,4,2,2,5,5,5,5,0,1,2,2,3,0,5,5,4,4,4,5,5,3,3,5,5,5,5,0,4,4,3,3,3,3,4,4,0,0,4,4,2,2,2,2,2,4,4,0,2,2,1,1,1,1,1,1,1,1,1,1,1,1,1,1,2,2,3,3,3,3,2,0,0,0,2,3,3,3,0,0,2,2,0,0,2,2,2,2,2,4,4,3,0,0,2,2,3,3,0,2,4,4,3,2,4,4,4,4,4,4,2,2,2,2,4,4,4,4,4,4,0,4,4,4,2,2,4,4,5,5,3,3"
281,1.4433560563658978,"1,1,2,2,4,5,2,4,5,3,5,5,3,1,2,5,2,2,2,2,2,4,4,4,4,4,2,2,4,2,2,5,5,5,5,5,5,2,2,0,0,0,0,2,2,5,5,1,1,2,2,2,2,2,2,4,4,2,2,4,4,3,2,2,2,4,4,4,4,5,5,2,2,4,4,2,2,5,5,4,4,4,4,4,2,2,4,4,4,2,2,2,2,2,5,5,2,2,2,2,4,4,4,2,1,4,4,2,2,2,2,4,4,2,2,2,2,2,0,4,4,4,4,2,1,2,5,5,5,2,2,1,2,3,3,5,5,4,4,4,4,4,4,0,4,4,4,4,2,2,5,5,5,5,0,1,2,2,3,0,5,5,4,4,4,5,5,3,3,5,5,5,5,5,4,4,3,3,3,3,4,4,0,0,4,4,2,2,2,2,2,4,4,0,2,2,1,1,1,1,1,1,1,1,1,1,1,1,1,1,2,2,3,3,3,3,2,0,0,0,2,3,3,3,0,0,2,2,0,0,2,2,2,2,2,4,4,2,0,0,2,2,3,3,0,2,4,4,3,2,4,4,4,4,4,4,2,2,2,2,4,4,4,4,4,4,0,4,4,4,2,2,4,4,5,5,3,3"
282,1.4433829951044714,"1,1,2,2,4,5,2,4,5,3,5,5,3,1,2,5,2,2,2,2,2,4,4,4,4,4,2,2,4,2,2,5,5,5,5,5,5,2,2,0,0,0,0,2,2,5,5,1,1,2,2,2,2,2,2,4,4,2,2,4,4,3,2,2,2,4,4,4,4,5,5,2,2,4,4,2,2,5,5,4,4,4,4,4,2,2,4,4,4,2,2,2,2,2,5,5,2,2,2,2,4,4,4,2,1,4,4,2,2,2,2,4,4,2,2,2,2,2,0,4,4,4,4,2,1,2,5,5,5,2,2,1,0,3,3,5,5,4,4,4,4,4,4,0,4,4,4,4,2,2,5,5,5,5,0,1,2,2,3,0,5,5,4,4,4,5,5,3,3,5,5,5,5,5,4,4,3,3,3,3,4,4,0,0,4,4,2,2,2,2,2,4,4,0,2,2,1,1,1,1,1,1,1,1,1,1,1,1,1,1,2,2,3,3,3,3,2,0,0,0,2,3,3,3,0,0,2,2,0,0,2,2,2,2,2,4,4,2,0,0,2,2,3,3,0,2,4,4,3,2,4,4,4,4,4,4,2,2,2,2,4,4,4,4,4,4,0,4,4,4,2,2,4,4,5,5,3,3"
283,1.4423047255487644,"1,1,2,2,4,5,2,4,5,3,5,5,3,1,2,5,2,2,2,2,2,4,4,4,4,4,2,2,4,2,2,5,5,5,5,5,5,2,2,0,0,0,0,2,2,5,5,1,1,2,2,2,2,2,2,4,4,2,2,4,4,3,2,2,2,4,4,4,4,5,5,2,2,4,4,2,2,5,5,4,4,4,4,4,2,2,4,4,4,2,2,2,2,2,5,5,2,2,2,2,4,4,4,2,1,4,4,2,2,2,2,4,4,2,2,2,2,2,0,4,4,4,4,2,1,2,5,5,5,2,2,1,0,3,3,5,5,4,4,4,4,4,4,0,4,4,4,4,2,2,5,5,5,5,0,0,2,2,1,0,5,5,4,4,4,5,5,3,3,5,5,5,5,5,4,4,3,3,3,3,4,4,0,0,4,4,2,2,2,2,2,4,4,0,2,2,1,1,1,1,1,1,1,1,1,1,1,1,1,1,2,2,3,3,3,4,1,0,0,0,2,3,3,3,0,0,2,2,0,0,2,2,2,2,2,4,4,2,0,0,2,2,3,3,0,2,4,4,3,2,4,4,4,4,4,4,2,2,2,2,4,4,4,4,4,4,0,4,4,4,2,2,4,4,5,5,3,3"
284,1.4434726983164525,"1,1,2,2,4,5,2,4,5,3,5,5,3,1,2,5,2,2,2,2,2,4,4,4,4,4,2,2,4,2,2,5,5,5,5,5,5,2,2,0,0,0,0,2,2,5,5,1,1,2,2,2,2,2,2,4,4,2,2,4,4,3,2,2,2,4,4,4,4,5,5,2,2,4,4,2,2,5,5,4,4,4,4,4,2,2,4,4,4,2,2,2,2,2,5,5,2,2,2,2,4,4,4,2,1,4,4,2,2,2,2,4,4,2,2,2,2,2,0,4,4,4,4,2,1,2,5,5,5,2,2,1,0,3,3,5,5,4,4,4,4,4,4,0,4,4,4,4,2,2,5,5,5,5,0,0,2,2,1,0,5,5,4,4,4,5,5,3,3,5,5,5,5,5,4,4,3,3,3,3,4,4,0,0,4,4,2,2,2,2,2,4,4,0,2,2,1,1,1,1,1,1,1,1,1,1,1,1,1,1,2,2,3,3,3,3,2,0,0,0,2,3,3,3,0,0,2,2,0,0,2,2,2,2,2,4,4,2,0,0,2,2,3,3,0,2,4,4,3,2,4,4,4,4,4,4,2,2,2,2,4,4,4,4,4,4,0,4,4,4,2,2,4,4,5,5,3,3"
285,1.4435764907224136,"1,1,2,2,4,5,2,4,5,3,5,5,3,1,2,5,2,2,2,2,2,4,4,4,4,4,2,2,4,2,2,5,5,5,5,5,5,2,2,0,0,0,0,2,2,5,5,1,1,2,2,2,2,2,2,4,4,2,2,4,4,3,2,2,2,4,4,4,4,5,5,2,2,4,4,2,2,5,5,4,4,4,4,4,2,2,4,4,4,2,2,2,2,2,5,5,2,2,2,2,4,4,4,2,1,4,4,2,2,2,2,4,4,2,2,2,2,2,0,4,4,4,4,2,1,2,5,5,5,2,2,1,0,3,3,5,5,4,4,4,4,4,4,0,4,4,4,4,2,2,5,5,5,5,0,0,2,2,1,0,5,5,4,4,4,5,5,3,3,5,5,5,5,5,4,4,3,3,3,3,4,4,0,0,4,4,2,2,2,2,2,4,4,2,2,2,1,1,1,1,1,1,1,1,1,1,1,1,1,1,2,2,3,3,3,3,2,0,0,0,2,3,3,3,0,0,2,2,0,0,2,2,2,2,2,4,4,2,0,0,2,2,3,3,0,2,4,4,3,2,4,4,4,4,4,4,2,2,2,2,4,4,4,4,4,4,0,4,4,4,2,2,4,4,5,5,3,3"
286,1.4424419875042491,"1,1,2,2,4,5,2,4,5,3,5,5,3,1,2,5,2,2,2,2,2,4,4,4,4,4,2,2,4,2,2,5,5,5,5,5,5,2,2,0,0,0,0,2,2,5,5,1,1,2,2,2,2,2,2,4,4,2,2,4,4,3,2,2,2,4,4,4,4,5,5,2,2,4,4,2,2,5,5,4,4,4,4,4,2,2,4,4,4,2,2,2,2,2,5,5,2,2,2,2,4,4,4,2,1,4,4,2,2,2,2,4,4,2,2,2,2,2,0,4,4,4,4,2,1,2,5,5,5,2,2,1,0,3,3,5,5,4,4,4,4,4,4,0,4,4,4,4,2,2,5,5,5,5,0,0,2,2,1,0,5,5,4,4,4,5,5,0,3,5,5,5,5,5,4,4,3,3,3,3,4,4,0,0,4,4,2,2,2,2,2,4,4,2,2,2,3,1,1,1,1,1,1,1,1,1,1,1,1,1,2,2,3,3,3,3,2,0,0,0,2,3,3,3,0,0,2,2,0,0,2,2,2,2,2,4,4,2,0,0,2,2,3,3,0,2,4,4,3,2,4,4,4,4,4,4,2,2,2,2,4,4,4,4,4,4,0,4,4,4,2,2,4,4,5,5,3,3"
287,1.4409345732657362,"1,1,2,2,4,5,2,4,5,3,5,5,3,1,2,5,2,2,2,2,2,4,4,4,4,4,2,2,4,2,2,5,5,5,5,5,5,2,2,0,0,0,0,2,2,5,5,1,1,2,2,2,2,2,2,4,4,2,2,4,4,3,2,2,2,4,4,4,4,5,5,2,2,4,4,2,2,5,5,4,4,1,4,4,2,2,4,0,4,2,2,2,2,2,5,5,2,2,2,2,4,4,0,2,1,4,4,2,2,2,2,4,4,2,2,2,2,2,0,4,4,4,4,2,1,2,5,5,5,2,2,1,0,3,3,5,5,4,4,4,4,4,4,0,4,4,4,4,2,2,5,5,5,5,0,0,2,2,5,0,5,5,4,5,4,5,5,3,3,5,5,5,5,5,4,4,3,3,3,3,4,4,0,0,4,4,2,2,2,2,2,4,4,2,2,2,1,1,1,1,1,1,1,1,1,1,1,1,1,1,2,2,3,3,3,3,2,0,0,0,2,3,3,3,0,0,2,2,0,0,2,2,2,2,2,4,4,2,0,0,2,2,3,3,0,2,4,4,3,2,4,4,4,4,4,4,2,2,2,2,4,4,4,4,4,4,1,4,4,4,2,2,4,4,5,5,3,3"
288,1.4435764907224136,"1,1,2,2,4,5,2,4,5,3,5,5,3,1,2,5,2,2,2,2,2,4,4,4,4,4,2,2,4,2,2,5,5,5,5,5,5,2,2,0,0,0,0,2,2,5,5,1,1,2,2,2,2,2,2,4,4,2,2,4,4,3,2,2,2,4,4,4,4,5,5,2,2,4,4,2,2,5,5,4,4,4,4,4,2,2,4,4,4,2,2,2,2,2,5,5,2,2,2,2,4,4,4,2,1,4,4,2,2,2,2,4,4,2,2,2,2,2,0,4,4,4,4,2,1,2,5,5,5,2,2,1,0,3,3,5,5,4,4,4,4,4,4,0,4,4,4,4,2,2,5,5,5,5,0,0,2,2,1,0,5,5,4,4,4,5,5,3,3,5,5,5,5,5,4,4,3,3,3,3,4,4,0,0,4,4,2,2,2,2,2,4,4,2,2,2,1,1,1,1,1,1,1,1,1,1,1,1,1,1,2,2,3,3,3,3,2,0,0,0,2,3,3,3,0,0,2,2,0,0,2,2,2,2,2,4,4,2,0,0,2,2,3,3,0,2,4,4,3,2,4,4,4,4,4,4,2,2,2,2,4,4,4,4,4,4,0,4,4,4,2,2,4,4,5,5,3,3"
289,1.442176277133812,"1,1,2,2,4,5,2,4,5,3,5,5,3,1,2,5,2,2,2,2,2,4,4,4,4,4,2,2,4,2,2,5,5,5,5,5,5,2,2,0,0,0,0,2,2,5,5,1,1,2,2,2,2,2,2,4,5,2,2,4,4,3,2,2,2,4,4,4,4,5,5,2,2,4,4,2,2,5,5,4,4,4,4,4,2,2,4,4,4,2,2,2,2,2,5,5,2,2,2,2,4,4,4,2,1,4,4,2,2,2,2,4,4,2,2,2,2,2,0,4,4,4,4,2,1,2,5,5,5,3,2,1,0,3,3,5,5,4,4,4,4,4,4,0,4,4,4,4,2,2,5,5,5,5,0,0,2,2,1,0,5,5,4,4,4,5,5,3,3,5,5,5,5,5,4,4,3,3,3,3,4,4,0,0,4,4,2,2,2,2,2,4,4,2,2,2,1,1,1,1,1,1,1,1,1,1,1,1,1,1,2,2,3,3,3,3,2,0,0,0,2,3,3,3,0,0,2,2,0,0,2,2,2,2,2,4,4,2,0,0,2,2,3,3,0,2,4,4,3,2,4,4,4,4,4,4,2,2,2,2,4,4,4,4,4,4,0,4,4,4,2,2,4,4,5,5,3,3"
290,1.4435764907224136,"1,1,2,2,4,5,2,4,5,3,5,5,3,1,2,5,2,2,2,2,2,4,4,4,4,4,2,2,4,2,2,5,5,5,5,5,5,2,2,0,0,0,0,2,2,5,5,1,1,2,2,2,2,2,2,4,4,2,2,4,4,3,2,2,2,4,4,4,4,5,5,2,2,4,4,2,2,5,5,4,4,4,4,4,2,2,4,4,4,2,2,2,2,2,5,5,2,2,2,2,4,4,4,2,1,4,4,2,2,2,2,4,4,2,2,2,2,2,0,4,4,4,4,2,1,2,5,5,5,2,2,1,0,3,3,5,5,4,4,4,4,4,4,0,4,4,4,4,2,2,5,5,5,5,0,0,2,2,1,0,5,5,4,4,4,5,5,3,3,5,5,5,5,5,4,4,3,3,3,3,4,4,0,0,4,4,2,2,2,2,2,4,4,2,2,2,1,1,1,1,1,1,1,1,1,1,1,1,1,1,2,2,3,3,3,3,2,0,0,0,2,3,3,3,0,0,2,2,0,0,2,2,2,2,2,4,4,2,0,0,2,2,3,3,0,2,4,4,3,2,4,4,4,4,4,4,2,2,2,2,4,4,4,4,4,4,0,4,4,4,2,2,4,4,5,5,3,3"
291,1.4435963120454807,"1,1,2,2,4,5,2,4,5,3,5,5,3,1,2,5,2,2,2,2,2,4,4,4,4,4,2,2,4,2,2,5,5,5,5,5,5,2,2,0,0,0,0,2,2,5,5,1,1,2,2,2,2,2,2,4,4,2,2,4,4,3,2,2,2,4,4,4,4,5,5,2,2,4,4,2,2,5,5,4,4,4,4,4,2,2,4,4,4,2,2,2,2,2,5,5,2,2,2,2,4,4,4,2,1,4,4,2,2,2,2,4,4,2,2,2,2,2,0,4,4,4,4,2,1,2,5,5,5,2,2,1,0,3,3,5,5,4,4,4,4,4,4,0,4,4,4,4,2,2,5,5,5,5,0,0,2,2,0,0,5,5,4,4,4,5,5,3,3,5,5,5,5,5,4,4,3,3,3,3,4,4,0,0,4,4,2,2,2,2,2,4,4,2,2,2,1,1,1,1,1,1,1,1,1,1,1,1,1,1,2,2,3,3,3,3,2,0,0,0,2,3,3,3,0,0,2,2,0,0,2,2,2,2,2,4,4,2,0,0,2,2,3,3,0,2,4,4,3,2,4,4,4,4,4,4,2,2,2,2,4,4,4,4,4,4,0,4,4,4,2,2,4,4,5,5,3,3"
292,1.443227797648805,"1,1,2,2,4,5,2,4,5,3,5,5,3,1,2,5,2,2,2,2,2,4,4,4,4,4,2,2,4,2,2,5,5,5,5,5,5,2,2,0,0,4,0,2,2,5,5,1,1,2,2,2,2,2,2,4,4,2,2,4,4,3,2,2,2,4,4,4,4,5,5,2,2,4,4,2,2,5,5,4,4,4,4,4,2,2,4,4,4,2,2,2,2,2,5,5,2,2,2,2,4,4,4,2,1,4,4,2,2,2,2,4,4,2,2,2,2,2,0,4,4,4,4,2,1,2,5,5,5,2,2,1,0,3,3,5,5,4,4,4,4,4,4,0,4,4,4,4,2,2,5,5,5,5,0,0,2,2,0,0,5,5,2,4,4,5,5,3,3,5,5,5,5,5,4,4,3,3,3,3,4,4,0,0,4,4,2,2,2,2,2,4,4,2,2,2,1,1,1,1,1,1,1,1,1,1,1,1,1,1,2,2,3,3,3,3,2,0,1,0,2,3,3,3,0,0,2,2,0,0,2,2,2,2,2,4,4,2,0,0,2,2,3,3,0,2,4,4,4,2,4,4,4,4,4,4,2,2,2,2,4,4,4,4,4,4,0,4,4,4,2,2,4,4,5,5,3,3"
293,1.4435403918434249,"1,1,2,2,4,5,2,4,5,3,5,5,3,1,2,5,2,2,2,2,2,4,4,4,4,4,2,2,4,2,2,5,5,5,5,5,5,2,2,0,0,4,0,2,2,5,5,1,1,2,2,2,2,2,2,4,4,2,2,4,4,3,2,2,2,4,4,4,4,5,5,2,2,4,4,2,2,5,5,4,4,4,4,4,2,2,4,4,4,2,2,2,2,2,5,5,2,2,2,2,4,4,4,2,1,4,4,2,2,2,2,4,4,2,2,2,2,2,0,4,4,4,4,2,1,2,5,5,5,2,2,1,0,3,3,5,5,4,4,4,4,4,4,0,4,4,4,4,2,2,5,5,5,5,0,0,2,2,0,0,5,5,4,4,4,5,5,3,3,5,5,5,5,5,4,4,3,3,3,3,4,4,0,0,4,4,2,2,2,2,2,4,4,2,2,2,1,1,1,1,1,1,1,1,1,1,1,1,1,1,2,2,3,3,3,3,2,0,1,0,2,3,3,3,0,0,2,2,0,0,2,2,2,2,2,4,4,2,0,0,2,2,3,3,0,2,4,4,3,2,4,4,4,4,4,4,2,2,2,2,4,4,4,4,4,4,0,4,4,4,2,2,4,4,5,5,3,3"
294,1.442471603227054,"1,1,2,2,4,5,2,4,5,3,5,5,3,1,2,5,2,2,2,2,2,4,4,4,4,4,2,2,4,2,2,5,5,5,5,5,5,2,2,0,0,4,0,2,2,5,5,1,1,2,2,2,2,2,2,4,4,2,2,4,4,3,2,2,2,4,4,4,4,5,5,2,2,4,4,2,2,5,5,4,4,4,4,4,2,2,4,4,4,2,2,2,2,2,5,5,2,2,2,2,4,4,4,2,1,4,4,2,2,2,2,4,4,2,2,2,2,2,0,4,4,4,4,2,1,2,5,5,5,2,2,1,0,3,3,5,5,4,4,4,4,4,4,0,4,4,4,4,2,2,5,5,5,5,0,0,2,2,0,0,5,5,4,4,4,5,5,3,3,5,5,5,5,5,4,4,3,3,3,3,4,4,0,0,4,4,2,2,2,2,2,4,4,2,2,2,1,1,1,1,1,1,1,1,1,1,1,1,1,1,2,2,3,3,3,3,2,0,1,0,2,3,3,3,0,0,2,2,0,0,2,2,2,2,2,2,4,2,0,0,2,2,3,3,0,2,4,4,3,2,4,4,4,4,4,4,2,2,0,2,4,4,3,4,4,4,0,4,4,4,2,2,4,4,5,5,3,3"
295,1.4428351054804365,"1,1,2,2,4,5,2,4,5,3,5,5,3,1,2,5,2,2,2,2,2,4,4,4,4,4,2,2,4,2,2,5,5,5,5,5,5,2,2,0,0,4,0,2,2,5,5,1,1,2,2,2,2,2,2,4,4,2,2,4,4,3,2,2,2,4,4,4,4,5,5,2,2,4,4,2,2,5,5,4,4,4,4,4,2,2,4,4,4,2,2,2,2,2,5,5,2,2,2,2,4,4,4,2,1,4,4,2,2,2,2,4,4,2,2,2,2,2,0,4,4,4,4,2,1,2,5,5,5,2,2,1,0,3,3,5,5,4,4,4,4,4,4,0,4,4,4,4,2,2,5,5,5,5,0,0,2,2,0,0,5,5,4,4,4,5,5,3,3,5,5,5,5,5,4,4,3,3,3,3,4,4,0,0,4,4,2,2,2,2,2,4,4,2,2,2,1,1,1,1,1,1,1,1,1,1,1,1,1,1,2,2,3,3,3,3,2,0,1,0,2,3,3,3,0,0,2,2,0,0,2,2,2,2,2,4,4,2,0,0,2,2,3,3,0,2,4,4,3,2,4,4,4,4,4,4,2,2,0,4,4,4,4,4,4,4,0,1,4,4,2,2,4,4,5,5,3,3"
296,1.4436041534973894,"1,1,2,2,4,5,2,4,5,3,5,5,3,1,2,5,2,2,2,2,2,4,4,4,4,4,2,2,4,2,2,5,5,5,5,5,5,2,2,0,0,4,0,2,2,5,5,1,1,2,2,2,2,2,2,4,4,2,2,4,4,3,2,2,2,4,4,4,4,5,5,2,2,4,4,2,2,5,5,4,4,4,4,4,2,2,4,4,4,2,2,2,2,2,5,5,2,2,2,2,4,4,4,2,1,4,4,2,2,2,2,4,4,2,2,2,2,2,0,4,4,4,4,2,1,2,5,5,5,2,2,1,0,3,3,5,5,4,4,4,4,4,4,0,4,4,4,4,2,2,5,5,5,5,0,0,2,2,0,0,5,5,4,4,4,5,5,3,3,5,5,5,5,5,4,4,3,3,3,3,4,4,0,0,4,4,2,2,2,2,2,4,4,2,2,2,1,1,1,1,1,1,1,1,1,1,1,1,1,1,2,2,3,3,3,3,2,0,1,0,2,3,3,3,0,0,2,2,0,0,2,2,2,2,2,4,4,2,0,0,2,2,3,3,0,2,4,4,3,2,4,4,4,4,4,4,2,2,0,2,4,4,4,4,4,4,0,4,4,4,2,2,4,4,5,5,3,3"
297,1.4436041534973894,"1,1,2,2,4,5,2,4,5,3,5,5,3,1,2,5,2,2,2,2,2,4,4,4,4,4,2,2,4,2,2,5,5,5,5,5,5,2,2,0,0,4,0,2,2,5,5,1,1,2,2,2,2,2,2,4,4,2,2,4,4,3,2,2,2,4,4,4,4,5,5,2,2,4,4,2,2,5,5,4,4,4,4,4,2,2,4,4,4,2,2,2,2,2,5,5,2,2,2,2,4,4,4,2,1,4,4,2,2,2,2,4,4,2,2,2,2,2,0,4,4,4,4,2,1,2,5,5,5,2,2,1,0,3,3,5,5,4,4,4,4,4,4,0,4,4,4,4,2,2,5,5,5,5,0,0,2,2,0,0,5,5,4,4,4,5,5,3,3,5,5,5,5,5,4,4,3,3,3,3,4,4,0,0,4,4,2,2,2,2,2,4,4,2,2,2,1,1,1,1,1,1,1,1,1,1,1,1,1,1,2,2,3,3,3,3,2,0,1,0,2,3,3,3,0,0,2,2,0,0,2,2,2,2,2,4,4,2,0,0,2,2,3,3,0,2,4,4,3,2,4,4,4,4,4,4,2,2,0,2,4,4,4,4,4,4,0,4,4,4,2,2,4,4,5,5,3,3"
298,1.4428503050672568,"1,1,2,2,4,5,2,4,5,3,5,5,3,1,2,5,2,2,2,2,2,4,4,4,4,4,2,2,4,2,2,5,5,5,5,5,5,2,2,0,0,4,0,2,2,5,5,1,1,2,2,2,2,2,2,4,4,2,2,4,4,3,2,2,2,4,4,4,4,5,5,2,2,4,4,2,2,5,5,4,4,4,4,4,2,2,4,4,4,2,2,2,2,2,5,5,2,2,2,2,4,4,4,2,1,4,4,2,2,2,2,4,4,2,2,2,2,2,0,4,4,4,4,2,1,2,5,5,5,2,2,1,0,3,3,5,5,4,4,4,4,4,4,0,4,4,4,4,2,2,5,5,5,5,0,0,2,2,0,0,3,5,4,4,4,5,5,3,3,5,5,5,5,5,4,4,3,3,3,3,4,4,0,0,4,4,2,2,2,2,2,4,4,2,2,2,1,1,1,1,1,1,1,1,1,1,1,1,1,1,2,2,3,3,3,3,2,0,2,0,2,3,3,3,0,0,2,2,0,0,2,2,2,2,2,4,4,2,0,0,2,2,3,3,0,2,4,4,3,2,4,4,4,4,4,4,2,2,0,1,4,4,4,4,4,4,0,4,4,4,2,2,4,4,5,5,3,3"
299,1.4436303992568775,"1,1,2,2,4,5,2,4,5,3,5,5,3,1,2,5,2,2,2,2,2,4,4,4,4,4,2,2,4,2,2,5,5,5,5,5,5,2,2,0,0,4,0,2,2,5,5,1,1,0,2,2,2,2,2,4,4,2,2,4,4,3,2,2,2,4,4,4,4,5,5,2,2,4,4,2,2,5,5,4,4,4,4,4,2,2,4,4,4,2,2,2,2,2,5,5,2,2,2,2,4,4,4,2,1,4,4,2,2,2,2,4,4,2,2,2,2,2,0,4,4,4,4,2,1,2,5,5,5,2,2,1,0,3,3,5,5,4,4,4,4,4,4,0,4,4,4,4,2,2,5,5,5,5,0,0,2,2,0,0,5,5,4,4,4,5,5,3,3,5,5,5,5,5,4,4,3,3,3,3,4,4,0,0,4,4,2,2,2,2,2,4,4,2,2,2,1,1,1,1,1,1,1,1,1,1,1,1,1,1,2,2,3,3,3,3,2,0,2,0,2,3,3,3,0,1,2,2,0,0,2,2,2,2,2,4,4,2,0,0,2,2,3,3,0,2,4,4,3,2,4,4,4,4,4,4,2,2,0,2,4,4,4,4,4,4,0,4,4,4,2,2,4,4,5,5,3,3"
