generation,fitness,chromosome
0,1.3672839234385217,"2,2,2,4,0,1,0,3,3,2,2,2,0,1,4,4,0,2,4,1,0,0,4,2,4,4,2,0,4,1,0,3,4,1,2,1,0,4,3,0,2,2,1,4,2,3,0,0,4,0,4,2,3,3,0,4,4,1,0,4,3,2,0,3,3,0,3,2,0,4,3,1,1,2,3,1,3,0,1,3,3,1,0,3,1,3,4,2,0,2,1,2,2,2,2,1,4,3,1,1,4,3,3,0,1,1,1,3,3,4,1,2,3,3,2,1,3,3,3,4,0,4,1,4,3,0,3,0,0,0,2,2,1,3,4,1,1,0,2,1,4,1,4,2,3,0,0,3,3,2,0,4,2,4,0,3,2,2,0,0,0,2,4,2,3,4,1,1,4,2,4,0,2,0,1,3,2,2,3,0,3,4,4,2,4,4,2,3,2,3,4,1,3,0,1,2,2,1,2,3,4,4,4,4,4,3,1,0,4,1,3,4,3,3,0,0,2,1,1,4,0,2,3,4,3,0,3,1,3,1,3,0,3,4,3,1,3,1,2,4,1,3,4,4,4,3,1,0,0,3,4,1,1,3,3,3,0,1,3,1,4,0,3,2,3,1,2,0,4,0,4,4,1,1,0,4,3,1"
1,1.3673607421707803,"2,2,2,4,0,1,0,3,3,2,2,2,0,1,4,4,0,2,4,1,0,0,4,2,4,4,2,0,4,1,0,3,4,1,2,1,0,4,3,0,2,2,1,4,2,4,0,0,4,0,4,2,3,3,0,4,4,1,0,4,3,2,0,3,3,0,3,2,0,4,3,1,1,2,3,4,3,0,1,3,3,1,0,3,1,3,4,2,0,2,1,2,2,2,2,1,4,3,1,3,4,3,3,0,1,1,1,3,3,4,1,2,3,3,2,1,3,3,3,4,0,4,1,4,3,0,3,1,0,0,2,2,1,3,4,1,1,0,2,1,4,1,4,2,3,0,0,3,3,2,0,4,2,4,0,3,2,2,0,0,0,2,4,2,3,4,1,1,4,2,4,0,2,0,1,3,2,2,3,0,3,4,4,2,4,4,2,3,2,3,4,1,3,0,1,2,2,1,2,3,4,4,4,4,4,3,1,0,4,1,3,4,3,3,0,0,2,1,1,4,0,2,3,4,3,0,3,1,3,1,3,0,3,4,3,1,3,1,2,4,1,3,4,4,4,3,1,0,0,3,4,1,1,3,3,3,0,1,3,1,4,0,3,2,3,1,2,0,4,0,4,4,1,1,0,4,3,1"
2,1.3666802158145182,"2,2,2,4,0,1,0,3,3,2,2,2,0,1,4,4,0,2,4,1,0,0,4,2,4,4,2,0,4,1,0,3,4,1,2,1,3,0,4,4,2,4,0,3,0,0,1,0,1,3,2,1,3,1,3,0,0,2,3,0,1,2,2,3,2,2,3,2,2,2,2,0,1,2,2,0,2,4,2,3,2,0,0,2,0,3,2,3,4,4,4,0,0,3,0,4,0,0,3,1,2,2,1,1,1,0,1,0,2,1,4,3,1,4,1,0,4,1,2,1,4,4,2,2,2,2,4,0,4,1,2,3,1,4,4,4,1,1,1,1,4,1,3,0,1,1,1,0,2,3,0,1,4,1,2,2,2,0,2,3,0,0,2,0,4,3,1,0,3,3,0,0,3,1,2,0,1,3,0,3,2,4,2,2,0,1,3,0,4,1,2,1,2,3,2,3,4,1,3,4,3,0,3,1,2,2,2,2,0,1,3,1,0,0,1,0,2,2,0,1,2,4,0,3,0,3,2,4,0,2,3,2,0,3,3,1,1,2,4,4,3,2,0,1,3,0,4,0,0,3,1,2,3,4,3,2,3,3,3,0,3,3,0,4,4,2,0,2,0,3,4,0,1,0,2,0,4,4"
3,1.3710525968566822,"2,2,2,4,3,0,0,0,1,3,1,3,2,2,2,2,2,0,4,1,3,4,3,3,2,0,3,2,1,4,3,0,4,2,1,0,1,4,1,1,4,4,4,4,4,1,2,3,3,2,0,2,4,3,4,3,4,4,0,4,2,4,1,3,0,4,4,3,1,3,2,2,3,0,0,2,4,1,1,2,2,2,2,3,3,3,4,0,0,1,2,3,0,2,2,0,4,0,3,2,4,4,2,2,3,2,4,3,0,4,3,3,2,0,1,3,4,2,0,4,4,4,4,4,4,4,1,1,2,0,1,4,4,4,2,1,3,3,0,0,2,0,2,1,2,1,3,3,3,2,2,3,3,2,4,0,0,1,1,0,2,3,0,4,4,3,2,2,1,2,1,1,1,2,0,3,3,3,1,4,1,3,3,4,3,1,0,3,4,3,2,2,0,1,4,0,1,0,1,0,4,1,0,0,3,0,1,1,4,4,4,3,0,3,2,2,0,0,4,3,2,3,0,0,0,3,3,4,0,2,1,3,2,2,2,0,2,4,0,0,0,0,0,3,1,0,4,2,3,4,0,2,4,4,4,4,2,2,4,2,4,3,4,3,3,0,4,4,2,4,4,2,3,3,4,4,4,4"
4,1.3717383605190216,"2,2,2,4,3,0,0,0,1,3,0,1,4,1,4,2,3,3,3,2,0,4,3,3,2,0,3,2,1,4,3,0,4,0,1,0,1,4,1,1,4,4,4,4,4,1,2,3,3,2,0,2,4,3,4,3,4,4,0,2,2,4,0,3,0,4,4,3,1,3,2,2,0,0,0,3,0,2,1,4,4,4,1,1,2,0,4,0,3,3,4,3,0,1,2,0,4,0,3,0,4,4,2,2,3,2,3,4,0,4,4,3,2,0,1,3,0,0,0,3,4,4,2,0,4,4,2,1,3,2,1,4,4,4,2,1,2,3,4,0,4,0,4,2,3,1,2,0,2,1,2,1,2,2,4,4,2,4,3,1,2,3,0,2,2,4,0,4,4,2,0,0,0,2,1,2,3,0,4,3,3,4,4,0,3,4,2,2,4,4,2,0,0,4,2,3,0,0,1,4,3,2,0,0,3,0,1,1,4,4,0,3,0,3,2,2,0,0,4,3,2,3,0,0,0,3,3,4,0,2,1,3,2,2,2,0,2,4,0,0,0,0,0,3,1,0,4,2,3,4,0,2,4,4,4,4,2,2,4,2,4,3,4,3,3,0,4,4,2,4,4,1,3,3,4,4,4,4"
5,1.3719735403712943,"2,2,2,4,3,0,0,0,1,3,0,1,4,1,4,2,3,3,3,2,0,4,3,3,2,0,3,2,1,4,3,0,4,0,1,0,1,4,1,1,4,4,4,4,4,1,2,3,3,2,0,2,4,3,4,3,4,4,0,2,2,4,0,3,0,4,4,3,1,3,2,2,0,0,0,3,0,2,1,4,4,4,1,1,2,0,4,0,3,2,4,3,0,1,2,1,4,0,3,0,4,4,2,2,3,2,3,4,0,4,4,3,2,0,1,3,0,2,0,3,4,4,2,0,4,4,2,1,3,2,1,4,4,4,2,1,2,3,4,0,4,0,4,2,3,1,2,0,2,1,2,1,2,2,4,4,2,4,3,1,2,3,0,2,2,4,0,4,4,2,0,0,0,2,1,2,3,1,4,3,3,4,4,0,3,4,2,2,4,4,2,0,0,4,2,3,0,0,1,4,3,2,0,0,3,0,1,1,2,4,0,3,0,3,2,2,0,0,4,3,2,3,0,3,0,3,3,4,0,2,1,3,2,2,2,0,2,4,0,0,0,2,0,3,1,0,0,2,3,4,0,2,4,4,4,4,2,2,4,2,3,3,4,4,3,0,4,4,2,4,4,2,3,3,4,4,4,4"
6,1.3729163539069464,"2,2,2,4,3,0,0,0,1,3,0,1,4,1,4,2,3,3,3,2,0,4,3,3,2,0,3,2,1,4,3,0,4,0,1,0,1,4,1,1,4,4,4,4,4,1,2,3,3,2,0,2,4,3,4,3,4,4,0,2,2,4,0,3,0,4,4,3,1,3,2,2,0,0,0,3,0,2,1,4,4,4,1,1,2,0,4,0,3,2,4,3,0,1,2,1,4,0,3,0,4,4,2,2,3,2,3,4,0,4,4,3,2,0,1,3,0,2,0,3,4,4,2,0,4,4,2,1,3,2,1,4,4,4,2,1,2,3,4,0,4,0,4,2,3,1,2,0,2,1,2,1,2,2,4,4,2,4,3,1,2,3,0,2,2,4,0,4,4,2,0,0,0,2,4,2,3,0,4,3,3,4,4,0,3,0,3,2,4,4,2,0,0,4,2,3,0,0,1,4,3,2,4,4,1,2,3,1,1,1,2,4,4,2,4,2,2,4,1,4,2,4,4,3,0,2,4,4,3,4,2,2,0,3,3,4,0,0,4,0,0,3,3,4,1,1,4,4,2,0,3,4,4,4,3,2,2,3,1,2,0,2,1,0,2,4,4,1,2,4,2,4,3,3,3,4,4,4"
7,1.3735384330576386,"2,2,2,4,3,0,0,0,1,3,2,1,4,1,4,2,3,3,3,2,0,4,3,3,2,0,3,2,1,4,3,0,4,0,4,0,1,4,1,1,4,4,4,4,4,1,2,3,3,2,0,2,4,3,4,3,4,4,0,2,2,4,0,3,0,4,4,4,4,3,2,2,0,0,0,3,0,2,1,4,4,4,1,1,2,0,4,0,3,2,4,3,0,1,2,1,4,0,3,2,4,1,4,4,0,0,1,3,4,0,3,2,4,2,3,1,2,2,3,3,4,4,2,0,4,0,2,1,2,2,1,4,4,4,2,1,2,3,4,0,4,0,4,2,3,1,2,0,2,1,2,1,2,2,4,4,2,4,3,1,2,3,0,2,2,4,0,4,4,2,0,0,0,2,1,2,3,0,4,3,3,4,4,0,3,4,3,2,4,4,2,0,0,4,2,3,0,0,1,4,0,2,4,4,1,2,3,1,1,1,2,4,4,2,4,4,2,3,1,4,2,4,4,3,1,2,4,4,3,4,2,2,0,3,3,4,0,0,4,0,0,3,3,4,1,1,4,4,2,3,3,4,4,4,3,2,2,3,1,2,0,2,1,4,3,0,4,4,2,4,4,4,3,3,4,1,4,4"
8,1.372635787849444,"4,2,2,4,3,0,0,0,1,3,2,1,4,1,4,2,3,3,3,2,0,4,3,3,2,0,3,2,1,4,3,0,4,0,4,0,1,2,1,1,4,4,4,4,1,1,2,3,3,2,0,2,4,3,4,3,4,4,0,2,2,4,0,2,0,4,4,4,4,3,2,2,0,0,0,3,0,2,1,4,1,4,1,1,2,0,4,0,3,2,4,3,0,1,2,1,4,0,3,2,4,1,4,4,0,0,1,3,4,0,0,2,4,2,3,1,2,2,3,3,4,4,2,0,4,0,2,1,2,2,1,4,4,3,2,1,2,4,4,2,4,0,4,2,3,1,2,0,2,1,2,1,2,2,4,4,2,4,0,1,2,3,0,2,2,4,0,4,4,2,0,0,0,2,3,2,3,0,4,4,3,4,4,0,3,4,3,2,2,4,2,0,0,4,2,3,0,0,1,4,0,2,4,4,1,2,3,1,1,1,0,4,4,2,4,4,2,3,1,2,2,4,4,3,1,2,4,4,3,4,3,2,0,3,3,4,0,0,4,0,0,3,3,4,1,4,4,4,2,3,3,4,4,4,3,2,2,3,1,2,0,4,1,4,3,0,4,4,2,1,2,4,3,3,3,4,4,4"
9,1.3737084764472793,"4,2,2,4,3,0,0,0,1,3,2,1,4,1,4,2,3,2,3,2,0,4,3,3,2,0,3,2,1,4,3,0,4,0,4,0,1,2,1,1,4,4,4,4,1,1,2,3,4,2,0,2,4,3,4,3,4,4,1,2,2,4,0,2,0,4,4,4,4,3,2,2,0,0,0,3,0,2,1,4,4,4,1,1,2,3,4,0,3,2,4,3,0,1,2,1,4,0,3,0,4,4,2,2,3,2,3,4,0,4,4,3,2,0,1,3,0,0,0,2,4,4,2,0,4,4,2,1,3,2,1,4,4,4,2,1,2,3,4,0,4,0,4,2,3,1,2,0,2,1,2,1,2,2,4,4,2,4,3,1,2,3,0,1,2,4,0,4,4,2,0,0,0,2,4,2,3,0,4,3,3,4,3,2,3,2,3,4,4,4,2,0,0,4,2,3,0,0,1,4,3,2,4,4,1,1,2,1,2,1,2,4,4,2,4,0,2,4,3,4,2,0,4,3,0,2,4,4,3,4,2,2,1,3,3,4,4,0,1,0,0,3,3,4,4,1,4,4,2,0,3,4,2,4,3,2,2,2,4,2,3,4,4,4,3,4,4,2,2,4,2,4,3,3,2,4,4,4"
10,1.3757694716984612,"4,2,2,4,3,0,0,0,1,3,2,1,4,1,4,2,2,0,4,1,3,4,3,0,4,4,3,0,2,3,4,0,1,1,3,3,1,4,0,2,0,0,3,4,4,4,1,2,1,4,0,0,4,3,4,4,4,2,2,3,0,2,2,2,4,0,4,3,4,3,1,3,0,4,3,0,3,2,1,4,4,4,4,1,2,0,4,0,0,3,4,3,0,1,2,0,4,1,2,2,1,4,2,4,3,2,0,4,0,4,4,0,2,0,1,4,0,2,0,3,3,4,2,3,4,4,2,1,2,2,1,4,0,3,1,1,2,3,4,3,2,0,4,2,3,3,4,0,1,4,2,1,0,2,0,3,3,2,3,0,2,3,0,3,2,2,0,2,4,2,0,0,0,2,1,2,4,4,4,3,3,4,0,0,3,4,4,2,4,4,4,4,2,4,2,3,0,0,1,4,3,2,4,1,4,2,3,1,1,1,4,4,2,3,3,4,2,1,2,3,1,4,4,3,0,3,4,4,3,4,4,2,0,3,3,4,0,0,0,0,0,2,0,3,1,0,2,2,3,0,4,4,4,0,4,4,2,2,4,4,3,2,4,0,2,4,4,4,2,2,2,4,0,3,3,3,4,4"
11,1.3778940946313407,"4,2,2,4,3,0,0,0,1,3,2,1,4,1,4,2,2,4,4,1,3,4,3,0,4,4,3,0,2,3,4,0,1,1,3,3,1,4,0,2,4,0,3,4,4,4,1,2,1,4,0,0,4,3,4,4,4,2,2,3,0,4,0,3,0,4,4,3,1,3,2,2,0,0,0,3,0,2,1,4,4,4,1,1,2,0,4,0,3,2,4,4,0,1,2,1,4,0,3,0,4,4,2,2,3,2,3,4,0,4,4,3,2,0,1,3,4,2,0,3,4,4,2,0,4,4,2,1,3,2,1,4,4,4,2,1,2,3,4,0,4,0,4,2,3,1,2,0,2,1,2,1,2,2,4,4,2,4,3,1,2,3,0,0,2,2,0,2,4,2,0,0,0,2,1,2,4,4,4,3,3,4,0,0,3,4,4,2,4,4,4,4,0,4,2,3,0,0,1,4,3,2,4,1,3,0,3,1,1,1,4,4,4,3,3,4,2,4,1,4,2,4,4,3,0,2,4,4,3,4,2,2,0,3,3,4,0,0,4,0,0,3,3,4,1,1,4,4,1,0,3,4,4,4,3,2,2,2,4,2,3,3,4,4,3,0,4,4,2,4,4,2,3,2,4,1,4,4"
12,1.3786891420625162,"4,2,2,4,3,0,0,0,1,4,2,1,4,1,4,2,2,4,4,1,3,4,3,0,4,4,3,0,2,3,4,0,1,1,3,3,1,4,0,2,4,0,3,4,4,4,1,2,1,4,0,0,4,3,4,4,4,2,2,3,0,2,2,2,4,0,4,3,4,3,1,3,0,0,3,0,3,2,1,4,4,4,4,1,2,0,4,0,0,3,4,3,0,2,2,1,4,0,3,0,4,4,2,2,3,2,0,4,0,4,4,3,2,0,1,3,0,2,0,3,4,4,2,3,4,4,2,1,2,2,1,4,4,3,1,1,2,3,4,3,4,0,4,2,3,3,4,0,1,4,3,1,0,2,0,3,3,2,3,0,2,3,0,0,2,2,0,2,4,2,0,0,0,2,1,2,4,4,4,4,3,4,0,0,3,4,4,2,4,4,4,4,0,4,2,3,0,0,1,4,3,2,4,1,4,2,3,1,1,1,4,4,2,3,3,4,2,1,2,3,1,4,4,3,0,3,4,4,3,4,4,2,0,3,3,4,0,2,0,0,0,2,0,3,1,0,2,2,3,4,4,4,4,3,4,4,2,2,4,4,3,3,4,4,3,0,4,4,2,4,4,2,3,2,4,1,4,4"
13,1.3797269754054808,"4,2,2,4,3,0,0,0,1,4,2,1,4,1,4,2,2,4,4,1,3,4,3,0,4,4,3,0,2,3,4,0,1,1,3,3,1,4,0,2,4,0,3,4,4,4,1,2,1,4,0,0,4,3,4,4,4,2,2,3,0,2,2,2,4,0,4,3,4,3,1,3,0,0,3,0,3,2,1,4,2,4,4,1,2,0,4,0,0,3,4,3,3,2,2,1,4,0,3,0,4,4,2,2,3,2,0,4,0,4,4,3,4,0,1,3,0,2,0,3,4,4,2,3,4,4,2,1,2,2,1,4,4,3,1,1,2,3,4,3,4,0,4,2,3,3,4,0,1,4,3,1,0,2,0,3,3,2,3,3,2,3,0,0,2,2,0,2,4,2,0,0,0,2,1,2,4,4,4,4,3,4,0,0,3,4,4,2,4,4,4,4,0,4,2,3,0,0,1,4,3,2,4,1,3,0,3,1,1,1,4,4,4,3,3,4,2,4,1,4,2,4,4,3,0,2,4,4,3,4,2,2,0,3,3,4,0,0,4,0,0,3,3,4,1,0,2,2,3,4,4,4,4,3,4,4,2,2,4,4,3,3,4,4,3,0,4,4,2,4,4,2,3,2,4,1,4,4"
14,1.3798534899622652,"4,2,2,4,3,0,0,0,1,4,2,1,4,1,4,2,2,4,4,1,3,4,3,0,4,4,3,0,2,3,4,0,1,1,3,3,1,4,0,2,4,0,3,4,4,4,1,2,1,4,0,0,4,3,4,4,4,2,2,3,0,2,2,2,4,0,4,3,4,3,1,3,0,0,4,0,3,2,1,4,2,4,4,1,2,0,4,0,0,3,4,3,3,2,2,1,4,0,3,0,4,4,2,2,3,2,0,4,0,4,4,3,4,0,1,3,0,2,0,3,4,4,2,3,4,4,2,1,2,2,1,4,4,3,1,1,2,3,4,3,4,0,4,2,3,3,4,0,1,4,3,1,0,2,0,3,3,2,3,3,2,3,0,0,2,2,0,2,4,2,0,0,0,2,1,2,4,4,4,4,3,4,0,0,3,4,4,2,4,4,4,4,0,4,2,3,0,0,1,4,3,2,4,1,3,0,3,1,1,1,4,4,4,3,3,4,2,4,1,4,2,4,4,3,0,2,4,4,3,4,2,2,0,3,3,4,0,0,4,0,0,3,3,4,1,0,2,2,3,4,4,4,4,3,4,4,2,2,4,4,3,3,4,4,3,0,4,4,2,4,4,2,3,2,4,1,4,4"
15,1.3807218452615733,"4,2,2,4,3,0,0,0,1,4,2,1,4,1,4,2,2,4,4,4,3,4,3,0,4,4,3,0,2,3,4,0,1,1,3,3,1,4,0,2,4,0,3,4,4,4,1,2,1,4,0,0,4,3,4,4,4,2,2,3,0,2,2,2,4,0,4,3,4,3,1,3,0,0,4,0,3,2,1,4,2,4,4,1,2,0,4,0,0,3,4,3,3,2,2,1,4,0,3,0,4,4,2,2,3,2,0,4,0,4,4,3,4,0,1,3,0,2,0,3,4,4,2,3,4,4,2,1,2,2,1,4,4,3,1,1,2,3,4,3,4,0,4,2,3,3,4,0,1,4,3,1,0,2,0,3,3,2,3,3,2,3,0,0,2,2,0,2,4,2,0,0,0,2,4,2,4,4,4,4,3,4,0,0,3,4,4,2,4,4,4,4,0,4,2,3,0,0,1,4,3,2,4,1,3,0,3,1,1,1,4,4,4,3,3,4,2,4,1,4,2,4,4,3,0,2,4,4,3,4,2,2,0,3,3,4,0,0,4,0,0,3,3,4,1,0,2,2,3,4,4,4,4,3,4,4,2,2,4,4,3,3,4,4,3,0,4,4,2,4,4,2,3,2,4,1,4,4"
16,1.3814803309039703,"4,2,2,4,3,0,0,0,1,4,2,1,4,1,4,2,2,4,4,4,3,4,3,0,4,4,3,0,2,3,4,0,1,1,3,3,1,4,0,2,0,0,3,4,4,1,2,3,3,2,0,2,4,3,4,3,4,4,1,3,1,4,0,2,0,4,4,1,4,3,1,3,0,0,3,0,3,2,1,4,2,4,4,1,2,0,4,0,0,3,4,3,3,2,2,1,4,4,3,0,4,4,2,2,3,2,0,4,0,4,4,3,4,0,1,3,0,2,0,3,4,4,2,3,4,4,2,1,2,2,1,4,4,3,1,1,2,3,4,3,4,3,4,2,4,3,4,0,1,4,3,1,1,2,0,3,3,2,3,0,2,3,0,0,2,2,0,2,4,2,0,0,0,2,1,2,4,4,4,4,3,4,0,0,3,4,4,2,4,4,4,4,0,4,2,3,0,0,1,4,3,2,4,1,3,0,3,1,1,1,4,4,4,3,3,4,2,2,1,4,2,4,4,3,0,2,4,4,3,4,2,2,0,3,3,4,0,0,4,0,0,3,3,4,1,0,2,2,3,4,4,4,4,3,4,4,2,2,4,4,3,3,4,4,3,0,4,4,2,4,4,2,3,2,4,1,4,4"
17,1.3821237350146551,"4,2,2,4,3,0,0,0,1,4,2,1,4,1,4,2,2,4,4,4,4,4,3,0,4,4,3,0,2,3,4,0,1,1,3,3,1,4,0,2,0,3,3,0,4,1,2,3,3,2,0,2,4,3,4,3,4,4,1,3,1,4,0,2,0,4,4,1,4,3,1,3,0,4,3,0,3,2,1,4,4,4,4,1,2,0,4,0,0,3,4,3,3,2,2,1,4,0,3,0,4,4,2,2,3,2,0,4,0,4,4,3,4,0,1,3,0,2,0,3,4,4,2,3,4,4,2,1,2,2,1,4,4,3,1,1,2,3,4,3,4,3,4,2,4,3,4,0,1,4,3,1,1,2,0,3,3,2,3,0,2,3,0,0,2,2,0,2,4,2,0,0,0,2,1,2,4,4,4,4,3,4,0,0,3,4,4,2,4,4,4,4,0,4,2,3,0,0,1,4,3,2,4,1,3,0,3,1,1,1,4,4,4,3,3,4,2,2,1,4,2,4,4,3,0,2,4,4,3,4,2,2,0,3,4,4,0,0,4,0,0,3,3,4,1,0,2,2,3,4,4,4,4,3,4,4,2,2,4,4,3,3,4,4,3,0,4,4,2,4,4,2,3,2,4,1,4,4"
18,1.3848289961456999,"4,2,2,4,3,0,0,0,1,4,2,1,4,1,4,2,2,4,4,4,4,4,3,0,4,4,3,0,2,3,4,0,1,1,3,3,1,4,0,2,0,3,3,0,4,1,2,3,3,2,0,2,4,3,4,3,4,4,1,3,1,4,0,2,0,4,4,1,4,3,1,3,0,4,3,0,3,2,1,4,4,4,4,1,2,0,4,0,0,3,4,3,3,2,2,1,4,0,3,0,4,4,2,2,3,2,0,4,0,4,4,3,4,0,1,3,0,2,0,3,4,4,2,3,4,4,2,1,1,4,1,4,4,3,1,1,2,3,4,3,4,0,4,2,4,3,4,4,1,4,3,1,0,2,0,3,4,2,3,3,2,3,0,0,2,2,1,2,4,2,0,0,0,2,4,2,4,4,4,4,0,4,0,0,3,4,4,2,4,4,4,4,0,4,2,3,0,4,1,4,3,0,4,1,3,0,3,1,1,1,4,4,4,3,3,4,4,4,1,4,2,4,4,4,0,2,4,4,0,4,1,2,0,3,3,3,0,0,4,2,0,3,3,4,1,0,2,3,3,4,4,4,4,3,4,4,2,2,4,4,1,3,4,4,3,0,4,4,2,4,4,2,3,2,1,1,4,4"
19,1.3833732881273213,"4,2,2,4,4,0,0,0,1,4,2,1,4,1,4,2,2,4,4,4,4,4,3,0,4,4,3,0,2,3,4,0,1,1,1,3,1,4,0,2,0,3,3,0,4,1,2,3,3,2,0,2,4,3,4,3,4,4,1,3,1,4,0,2,0,4,4,1,4,3,1,3,0,4,3,0,3,2,1,4,4,4,4,1,2,0,4,0,0,3,4,3,3,2,2,1,4,0,3,0,4,4,2,2,3,2,0,4,0,4,4,3,4,0,1,3,0,2,0,3,4,4,2,3,4,4,2,1,1,4,1,4,4,3,1,1,2,3,4,3,4,0,4,2,4,3,4,0,1,4,3,1,1,2,0,3,3,2,3,0,2,3,0,0,4,2,0,2,4,2,0,0,0,2,1,2,4,4,4,4,3,4,0,0,3,1,4,2,4,4,4,4,0,4,2,3,0,0,1,4,3,2,4,1,3,0,3,1,1,1,4,4,4,3,3,4,2,0,1,4,2,4,4,3,0,2,4,4,3,4,2,2,0,3,3,4,0,0,4,0,0,4,3,4,1,0,2,2,3,4,4,4,4,3,4,4,2,2,4,4,3,3,4,4,3,0,4,4,2,4,4,2,3,2,4,1,4,4"
20,1.3841010169261514,"4,2,2,4,4,0,0,0,1,4,2,1,4,1,4,2,3,4,4,4,4,4,3,0,4,4,3,0,2,3,4,0,1,1,1,3,1,4,0,2,0,3,3,0,4,1,2,3,3,2,0,2,4,3,4,3,4,4,1,3,1,4,0,2,0,4,4,1,4,3,1,3,0,4,3,0,3,2,1,4,4,4,4,1,2,0,4,0,0,3,4,3,3,2,2,1,4,0,3,0,4,4,2,2,3,2,0,4,0,4,4,3,4,0,1,3,0,2,0,4,4,4,2,3,4,4,2,1,1,4,1,4,4,3,1,1,2,3,4,3,4,0,4,2,4,3,4,0,1,4,3,1,1,2,0,3,3,2,3,0,2,3,0,0,4,2,0,2,4,2,0,0,0,2,1,2,4,4,4,4,3,4,0,0,3,1,4,2,4,4,4,4,0,4,2,3,0,0,1,4,3,2,4,1,3,0,3,1,1,1,4,4,4,3,3,4,2,0,1,4,2,4,4,3,0,2,4,4,3,4,2,2,0,3,3,4,0,0,4,2,0,3,3,4,1,0,2,2,3,4,4,4,4,3,4,4,2,2,0,4,3,3,4,4,3,0,4,4,2,4,4,2,3,2,1,1,4,4"
21,1.3840694095272008,"4,2,2,4,4,0,0,0,1,4,2,1,4,1,4,2,3,4,4,4,4,4,3,0,4,4,3,0,2,3,4,0,1,1,1,3,1,4,0,2,0,3,3,0,4,1,2,3,3,2,4,2,4,3,4,3,4,4,1,3,1,4,0,2,0,4,4,1,4,3,1,3,0,4,3,0,3,2,1,4,4,4,4,1,2,0,4,0,0,3,4,3,3,2,2,1,4,0,3,0,4,4,2,2,3,2,0,4,0,4,4,3,1,0,1,3,0,2,0,4,4,4,2,3,4,4,2,1,1,4,1,4,4,3,1,1,2,3,4,3,4,0,4,2,4,3,4,4,1,4,3,1,0,2,0,3,4,2,3,3,2,3,0,0,2,2,1,2,4,2,0,0,0,2,4,2,4,3,4,4,0,4,0,0,3,4,4,2,4,4,4,4,0,4,2,3,0,4,1,4,3,0,4,0,3,0,3,1,1,1,2,4,4,3,3,4,2,2,1,4,2,4,4,3,0,2,4,4,3,4,2,2,0,3,3,4,0,0,4,2,2,3,3,4,1,1,2,2,3,4,4,4,4,3,4,4,2,2,0,4,3,3,4,4,3,0,4,4,2,4,4,2,3,2,1,1,4,4"
22,1.3861416818015353,"4,2,2,4,4,0,0,0,1,4,2,1,4,1,4,2,3,4,4,4,4,4,3,0,4,4,3,0,2,3,4,0,1,1,1,3,1,4,0,2,0,3,3,0,4,1,2,3,3,2,4,2,4,3,4,3,4,4,1,3,1,4,0,2,0,4,4,1,4,3,1,3,0,4,3,0,3,2,1,4,4,4,4,1,2,0,4,0,0,3,4,3,3,2,2,1,4,0,3,0,4,3,2,2,3,2,0,4,0,4,4,3,4,0,1,3,0,2,0,3,4,4,2,3,4,4,2,1,1,4,1,4,4,3,1,1,2,3,4,3,4,0,4,2,4,3,4,4,1,4,3,1,0,2,0,3,4,2,3,3,2,3,0,0,4,2,1,2,4,2,0,0,0,2,4,2,4,4,4,4,1,4,0,0,3,4,4,2,4,4,4,4,0,4,2,3,0,4,1,4,3,0,4,1,3,0,3,1,1,1,4,4,4,3,4,4,4,4,1,4,2,4,4,4,0,2,4,4,0,4,1,2,4,3,3,3,0,0,4,2,0,3,3,4,1,0,2,3,3,4,0,4,4,3,4,4,2,2,4,4,3,3,4,4,3,0,4,4,2,4,4,2,3,2,1,1,4,4"
23,1.387052930557139,"4,2,2,4,4,0,0,0,1,4,2,1,4,1,4,2,3,4,4,4,4,4,3,0,4,4,3,0,2,3,4,0,1,1,1,3,1,4,0,2,0,3,3,0,4,1,2,3,3,2,4,2,4,3,4,3,4,4,1,3,1,4,0,2,0,4,4,1,4,3,1,3,0,4,3,0,3,2,1,4,4,4,4,1,2,0,4,0,0,3,4,3,3,2,2,1,4,0,3,0,4,3,2,2,3,2,0,4,0,4,4,3,4,0,1,3,0,2,0,3,4,4,2,3,4,4,2,1,1,4,1,4,4,3,1,1,2,3,4,3,4,0,4,2,4,3,4,4,1,4,3,1,0,2,0,3,4,2,3,3,2,3,0,0,4,2,1,2,4,2,0,0,0,2,4,2,4,4,4,4,1,4,0,0,3,4,4,2,4,4,4,4,0,4,2,3,0,4,1,4,3,0,4,1,3,0,3,1,1,0,4,4,4,3,4,4,4,4,1,4,2,4,4,3,0,2,4,4,3,4,2,2,0,3,3,4,0,0,4,2,0,3,3,4,1,0,2,2,3,4,4,4,4,3,4,4,2,2,4,4,3,4,4,4,4,0,4,4,2,4,4,2,3,2,1,1,4,4"
24,1.3865689928035871,"4,2,2,4,4,0,0,0,1,4,2,1,4,1,4,2,3,4,4,4,4,4,3,0,4,4,3,0,2,3,4,0,1,1,1,3,1,4,0,2,0,3,3,0,4,1,2,3,3,2,4,2,4,3,4,3,4,4,1,3,1,4,0,2,0,4,4,1,4,3,1,3,0,4,3,0,3,2,1,4,4,4,4,1,2,0,4,0,0,3,4,3,3,2,2,1,4,0,3,0,4,3,2,2,3,2,0,4,0,4,4,3,4,0,1,3,0,2,0,3,4,4,2,3,4,4,2,1,1,4,1,4,4,3,1,1,2,3,4,3,4,0,4,2,4,3,4,4,1,4,3,1,0,2,0,3,4,2,3,3,2,3,0,0,4,2,1,2,4,2,0,0,0,2,4,2,4,4,4,4,1,4,0,0,3,4,4,2,4,4,4,4,0,4,2,3,0,4,1,4,3,0,4,1,3,4,3,1,1,1,4,4,4,3,4,4,4,4,1,4,2,4,4,3,0,2,4,4,3,4,2,2,0,3,3,4,0,0,4,2,0,3,3,4,1,0,2,2,3,4,4,4,4,3,4,4,2,2,2,4,3,4,4,4,4,0,4,4,2,4,4,2,3,2,1,1,4,4"
25,1.3871679683126623,"4,2,2,4,4,0,0,0,1,4,2,1,4,1,4,2,3,4,4,4,4,4,3,0,4,4,3,0,2,3,4,0,1,1,1,3,1,4,0,2,0,3,3,0,4,1,2,3,3,2,4,2,4,3,4,3,4,4,1,3,1,4,0,2,0,4,4,1,4,3,1,3,0,4,3,0,3,2,1,4,4,4,4,1,2,0,4,0,0,3,4,3,3,2,2,1,4,0,3,0,4,4,2,2,3,2,0,4,0,4,4,3,4,0,1,3,0,2,0,3,4,4,2,3,4,4,2,1,1,4,1,4,4,3,1,1,2,3,4,3,4,0,4,2,4,3,4,4,1,4,3,1,0,2,0,3,4,2,3,3,2,3,0,0,4,2,1,2,4,2,0,0,0,2,4,2,4,4,4,4,0,4,0,0,3,4,4,2,4,4,4,4,0,4,2,3,0,4,1,4,3,0,4,1,3,0,3,1,3,1,4,4,4,3,4,4,4,4,1,4,2,4,4,4,0,2,4,4,0,4,1,2,4,3,3,3,0,0,4,2,0,3,3,4,4,0,2,3,3,4,0,4,4,3,4,4,2,2,0,4,3,3,4,4,1,4,4,4,2,4,4,2,3,2,1,1,4,4"
26,1.388715040552436,"4,2,2,4,4,0,0,0,1,4,2,1,4,1,4,2,3,4,4,4,4,4,3,0,4,4,3,0,2,3,4,0,1,1,1,3,1,4,0,2,0,3,3,0,4,1,2,3,3,2,4,2,4,3,4,3,4,4,1,3,1,4,0,2,0,4,4,1,4,3,1,3,0,4,3,0,3,2,1,4,4,4,4,1,2,0,4,0,0,3,4,3,3,2,2,1,4,0,3,0,4,4,2,2,3,2,0,4,0,4,4,3,4,0,1,3,0,2,0,3,4,4,2,3,4,4,2,1,1,4,1,4,4,3,1,1,2,4,4,3,4,0,4,2,4,3,4,4,1,4,3,1,0,2,0,3,4,2,3,3,2,3,0,0,4,2,1,2,4,2,0,0,0,2,4,2,4,4,4,4,0,4,0,0,3,4,4,2,4,4,4,4,0,4,2,3,0,4,1,4,3,0,4,1,3,0,3,1,1,1,4,4,4,3,4,4,4,2,1,4,2,4,4,4,0,4,4,4,0,4,2,2,0,3,3,4,0,0,4,2,0,3,3,4,1,0,2,2,3,4,4,4,4,3,4,4,2,2,4,4,1,4,4,4,4,0,4,4,2,4,4,2,4,2,1,1,4,4"
27,1.3885274967814603,"4,2,2,4,4,0,0,0,1,4,2,1,4,1,4,2,3,4,4,4,4,4,3,0,4,4,3,0,2,3,4,0,1,1,1,3,1,4,0,2,0,3,3,0,4,1,2,3,3,2,4,2,4,3,4,3,4,4,1,3,1,4,0,2,0,4,4,1,4,3,1,3,0,4,3,0,3,2,1,4,4,4,4,1,2,0,4,0,0,0,4,1,3,2,2,1,4,0,3,0,4,4,2,2,3,2,0,4,0,4,4,3,4,0,1,3,0,2,0,3,4,4,2,3,4,4,2,1,1,4,1,4,4,3,1,1,2,4,4,3,4,0,4,2,4,3,4,4,1,4,3,1,0,2,0,3,4,2,3,3,2,3,0,0,4,2,1,2,4,2,0,0,0,2,4,2,4,4,4,4,0,4,0,0,3,4,4,2,4,4,4,4,0,4,2,3,0,4,1,4,3,0,4,1,3,0,3,1,1,1,4,4,4,3,4,4,4,2,1,4,2,4,4,4,0,4,4,4,0,4,2,2,0,3,3,4,0,0,4,2,0,3,3,4,1,0,2,2,3,4,4,4,4,3,4,4,2,2,4,4,1,4,4,4,4,0,4,4,2,4,4,2,4,2,1,1,4,4"
28,1.3890043153843656,"4,2,2,4,4,0,0,0,1,4,2,1,4,1,4,2,3,4,4,4,4,4,3,0,4,4,3,0,2,3,4,0,1,1,1,3,1,4,0,2,0,3,3,0,4,1,2,3,3,2,4,2,4,3,4,3,4,4,1,3,1,4,0,2,0,4,4,1,4,3,1,3,0,4,3,0,3,2,1,4,4,4,4,1,2,0,4,0,0,0,4,1,3,2,2,1,4,0,3,0,4,4,2,2,3,2,0,4,0,4,4,3,4,0,1,3,0,2,0,3,4,4,2,3,4,4,2,1,1,4,1,4,4,3,1,1,2,4,4,3,4,0,4,2,4,3,4,4,1,4,3,1,0,2,0,3,4,2,3,3,2,3,0,0,4,2,1,2,4,2,0,0,0,2,4,2,4,4,4,4,0,4,0,0,3,4,4,2,4,4,4,4,0,4,2,3,0,4,1,4,3,0,1,1,3,0,3,1,1,1,4,4,4,3,4,4,4,4,1,4,2,4,4,4,0,2,4,4,0,4,2,2,0,3,3,4,0,0,4,2,0,3,3,4,1,0,2,2,3,4,4,4,4,3,4,4,2,2,4,4,1,4,4,4,4,0,4,4,2,4,4,2,4,2,1,1,4,4"
29,1.3890043153843656,"4,2,2,4,4,0,0,0,1,4,2,1,4,1,4,2,3,4,4,4,4,4,3,0,4,4,3,0,2,3,4,0,1,1,1,3,1,4,0,2,0,3,3,0,4,1,2,3,3,2,4,2,4,3,4,3,4,4,1,3,1,4,0,2,0,4,4,1,4,3,1,3,0,4,3,0,3,2,1,4,4,4,4,1,2,0,4,0,0,0,4,1,3,2,2,1,4,0,3,0,4,4,2,2,3,2,0,4,0,4,4,3,4,0,1,3,0,2,0,3,4,4,2,3,4,4,2,1,1,4,1,4,4,3,1,1,2,4,4,3,4,0,4,2,4,3,4,4,1,4,3,1,0,2,0,3,4,2,3,3,2,3,0,0,4,2,1,2,4,2,0,0,0,2,4,2,4,4,4,4,0,4,0,0,3,4,4,2,4,4,4,4,0,4,2,3,0,4,1,4,3,0,1,1,3,0,3,1,1,1,4,4,4,3,4,4,4,4,1,4,2,4,4,4,0,2,4,4,0,4,2,2,0,3,3,4,0,0,4,2,0,3,3,4,1,0,2,2,3,4,4,4,4,3,4,4,2,2,4,4,1,4,4,4,4,0,4,4,2,4,4,2,4,2,1,1,4,4"
30,1.3889407045653268,"4,2,2,4,4,0,0,4,1,4,2,1,4,1,4,2,3,4,4,4,4,4,0,0,4,4,0,0,2,3,4,0,1,1,1,3,1,4,0,2,0,3,3,0,4,1,2,3,3,2,4,2,4,3,4,3,4,4,1,3,1,4,0,2,0,4,4,1,4,2,2,3,1,4,3,0,3,2,1,4,4,4,4,1,2,0,4,0,0,3,4,3,3,2,2,1,4,0,3,4,4,4,2,2,3,4,0,4,0,4,4,3,4,0,1,3,0,2,0,3,4,4,2,3,0,4,2,1,1,4,1,4,4,3,1,1,2,3,4,3,4,0,4,2,4,3,4,4,1,4,3,1,0,2,0,3,4,1,3,3,2,3,0,0,4,2,1,2,4,2,0,0,0,2,4,2,4,4,4,3,0,4,0,0,3,4,4,2,1,4,4,4,0,4,2,3,0,4,1,4,3,0,4,1,3,0,3,1,1,1,4,4,4,3,4,4,4,4,1,4,2,4,4,4,0,2,4,4,0,4,2,2,0,3,3,4,0,0,4,2,0,3,3,4,1,0,2,2,3,4,4,4,4,3,4,4,2,2,4,4,1,4,4,4,4,0,4,4,2,4,4,2,4,2,1,1,4,4"
31,1.3914806498383663,"4,2,2,4,4,0,0,4,1,4,2,1,4,1,4,2,3,4,4,4,4,4,0,0,4,4,0,0,2,3,4,0,1,1,1,3,1,4,4,2,0,3,3,0,0,1,2,1,3,2,4,2,4,3,4,3,4,4,1,3,1,4,0,2,0,4,4,1,4,2,2,3,1,4,3,0,3,2,1,4,4,4,4,1,2,0,4,0,0,3,4,3,3,2,2,1,4,0,3,4,4,4,2,2,3,4,0,4,0,4,4,3,4,0,1,3,0,2,4,3,4,4,2,3,0,4,2,1,1,4,1,4,4,3,1,1,2,4,4,3,4,0,4,2,4,3,4,4,1,4,3,1,0,2,1,3,4,2,3,3,2,3,0,0,4,1,1,2,4,2,0,0,0,2,4,2,4,4,4,4,4,4,0,0,3,4,4,2,4,4,4,4,0,4,2,3,0,4,1,4,3,0,4,1,3,0,3,1,3,1,4,4,4,3,4,4,4,4,2,4,2,4,4,4,0,4,4,4,0,4,4,2,0,3,3,4,0,0,4,2,0,3,3,0,1,0,2,2,3,4,4,4,4,3,4,4,2,2,4,4,1,4,4,4,4,0,4,4,2,4,4,2,4,2,1,1,4,4"
32,1.390659577960454,"4,2,2,4,4,0,0,4,1,4,2,1,4,1,4,2,3,4,4,4,4,4,0,0,4,4,0,0,2,3,4,0,1,1,1,3,1,4,4,2,0,3,3,0,0,1,2,1,3,2,4,2,4,3,4,3,4,4,1,3,1,4,0,2,0,4,4,1,4,2,2,3,0,4,3,0,3,2,1,4,4,4,4,1,2,0,4,0,0,3,4,3,3,2,2,1,4,0,3,4,4,4,2,2,3,4,0,4,0,4,4,3,4,0,1,3,0,2,0,3,4,4,2,3,0,4,2,1,1,4,1,4,4,3,1,1,2,3,4,3,4,0,4,2,4,3,4,4,1,4,3,1,0,2,0,3,4,2,3,3,2,3,0,0,4,2,1,2,4,2,0,0,0,2,4,2,4,4,4,4,4,4,0,0,3,4,4,2,4,4,4,4,0,4,2,3,0,4,1,4,3,0,4,1,3,0,3,1,3,1,4,4,4,3,4,4,4,4,2,4,2,4,4,4,0,4,4,4,0,4,4,2,0,3,3,4,0,0,4,2,0,3,3,0,1,0,2,2,3,4,4,4,4,3,4,4,2,2,4,4,1,4,3,4,4,0,4,4,2,4,4,2,4,2,1,1,4,4"
33,1.3907712861329418,"4,2,4,4,4,0,0,4,1,4,2,1,4,1,4,2,3,4,4,4,4,4,0,0,4,4,0,0,2,3,4,0,1,1,1,3,1,4,0,2,0,3,3,0,3,1,2,3,3,2,4,2,4,3,4,3,4,4,1,3,1,4,0,2,0,4,4,1,4,2,1,3,0,4,3,1,3,2,1,4,4,4,4,3,2,0,4,1,0,4,4,3,4,2,2,1,4,0,3,0,4,4,2,2,3,1,3,4,0,4,4,3,4,0,0,3,0,0,0,4,4,4,4,3,4,0,2,1,1,4,1,4,4,3,1,1,2,4,4,3,4,0,4,2,4,3,4,1,1,4,3,1,0,2,1,3,4,2,3,3,2,3,0,0,4,1,1,2,4,2,0,0,0,2,4,2,4,4,4,4,4,4,0,4,3,4,4,2,4,2,4,4,0,4,2,3,0,4,1,4,3,0,4,1,3,0,3,1,3,1,4,4,4,3,4,4,4,4,2,4,2,4,4,4,0,4,4,4,0,4,4,2,0,3,3,4,0,0,4,2,0,3,3,0,1,0,2,1,3,4,4,4,4,4,4,4,2,2,4,2,1,4,4,4,4,0,4,4,4,4,3,2,4,2,1,1,4,4"
34,1.3902609156425145,"4,2,4,4,4,0,0,4,1,4,2,1,4,1,4,2,3,4,4,4,4,4,0,0,4,4,0,0,2,3,4,0,1,1,1,3,1,4,0,2,0,3,3,0,3,1,2,3,3,2,4,2,4,3,4,3,4,4,1,3,1,4,0,2,0,4,4,1,1,2,1,3,0,4,3,1,3,2,1,4,4,4,4,3,2,0,4,1,0,4,4,3,4,2,2,1,4,0,3,0,4,4,2,2,3,1,3,4,0,4,4,3,4,0,0,3,0,0,0,4,4,4,4,3,4,0,2,1,1,4,1,4,4,3,1,1,2,4,4,3,4,0,4,2,4,3,4,1,1,4,3,1,0,2,1,3,4,2,3,3,2,3,0,0,4,1,1,2,4,2,0,0,0,2,4,2,4,4,4,4,4,4,0,4,3,4,4,2,4,2,4,4,0,4,2,3,0,4,1,4,3,0,4,1,3,0,3,1,3,1,4,4,4,3,4,4,4,4,2,4,2,4,4,4,0,4,4,4,0,4,4,2,0,3,3,4,0,0,4,2,0,3,3,0,1,0,2,1,3,4,4,4,4,4,4,4,2,2,4,2,1,4,4,4,4,0,4,4,4,4,3,2,4,2,1,1,4,4"
35,1.3924046954773386,"4,2,4,4,4,0,0,4,1,4,2,1,4,1,4,2,3,4,4,4,4,4,0,0,4,4,0,0,2,3,4,0,1,1,1,3,1,4,0,2,0,3,3,0,0,1,2,1,3,2,4,2,4,3,4,3,4,4,1,3,1,4,0,2,0,4,4,1,4,2,2,3,1,4,4,0,3,2,1,4,4,4,4,1,2,0,4,0,0,3,4,3,3,2,2,1,4,0,3,4,4,4,2,2,3,4,0,4,0,4,4,3,4,0,1,3,0,2,0,3,4,4,2,3,0,4,2,1,1,4,1,4,4,3,1,1,2,4,4,3,4,0,4,2,4,3,4,4,1,4,3,1,0,2,1,3,4,2,3,3,2,3,0,0,4,1,1,2,4,2,0,0,0,2,4,2,4,4,4,4,4,4,0,0,3,4,4,2,4,4,4,4,0,4,2,3,0,4,1,4,3,0,4,1,3,0,3,1,3,1,4,4,4,3,4,4,4,4,2,4,2,4,4,4,0,4,4,4,0,4,4,2,0,3,3,4,0,0,4,2,0,3,3,0,1,0,2,2,3,4,4,4,4,4,4,4,2,2,4,4,1,4,4,4,4,0,4,4,4,4,4,2,4,2,1,1,4,4"
36,1.3933149785762244,"4,2,4,4,4,0,0,4,1,4,2,1,4,1,4,2,3,4,4,4,4,4,0,0,4,4,0,0,2,3,4,0,1,1,1,3,1,4,0,2,0,3,3,0,4,1,2,3,3,2,4,2,4,3,4,3,4,4,1,3,1,4,0,2,0,4,4,1,4,2,2,3,0,4,3,0,3,2,1,4,4,4,4,1,2,0,4,0,0,3,4,3,3,2,2,1,4,0,3,4,4,4,2,2,3,4,0,4,0,4,4,3,4,0,0,3,0,0,0,4,4,4,4,3,4,0,2,1,1,4,1,4,4,3,1,1,2,3,4,3,4,0,4,2,4,3,4,4,1,4,3,1,0,2,0,3,4,2,3,3,2,3,0,0,4,2,1,2,4,2,0,0,0,2,4,2,4,4,4,4,4,4,0,0,3,4,4,2,4,4,4,4,0,4,2,3,0,4,1,4,3,0,4,1,3,0,3,1,3,1,4,4,4,3,4,4,4,3,4,4,2,4,4,4,0,4,4,4,0,4,4,2,0,3,3,4,0,0,4,2,0,3,3,0,0,0,2,2,3,4,4,4,4,4,4,4,2,2,4,4,1,4,4,4,4,0,4,4,4,4,4,2,4,2,1,1,4,4"
37,1.3934027297770957,"4,2,4,4,4,0,0,4,1,4,2,1,4,1,4,2,3,4,4,4,4,4,0,0,4,4,0,0,2,3,4,0,1,1,1,3,1,4,0,2,0,3,3,0,4,1,2,3,3,2,4,2,4,3,4,3,4,4,1,3,1,4,0,2,0,4,4,1,4,2,2,3,0,4,3,0,3,2,1,4,4,4,4,1,2,0,4,0,0,3,4,3,3,2,2,1,4,0,3,4,4,4,2,2,3,4,0,4,0,4,4,3,4,0,0,3,0,0,0,4,4,4,4,3,4,0,2,1,1,4,1,4,4,3,1,1,2,3,4,3,4,0,4,2,4,3,4,4,1,4,3,1,0,3,0,3,4,2,3,3,2,3,0,0,4,2,1,2,4,2,0,0,0,2,4,2,4,4,4,4,4,4,0,0,3,4,4,2,4,4,4,4,0,4,2,3,0,4,1,4,3,0,0,1,3,0,3,1,3,1,4,4,4,3,4,4,4,3,4,4,2,4,4,4,0,4,4,4,0,4,4,2,0,3,3,4,0,0,4,2,0,3,3,0,0,0,2,2,3,4,4,4,4,4,4,4,2,2,4,4,1,4,4,4,4,0,4,4,4,4,4,2,4,2,1,1,4,4"
38,1.3938614611074762,"4,2,4,4,4,0,0,4,1,4,2,1,4,1,4,2,3,4,4,4,4,4,0,0,4,4,0,0,2,3,4,0,1,1,1,3,1,4,0,0,0,3,3,0,4,1,2,3,3,2,4,2,4,3,4,3,4,4,1,3,1,4,0,2,0,4,4,1,4,2,2,3,0,4,3,0,3,2,1,4,4,4,4,1,2,0,4,0,0,3,4,3,3,2,2,1,4,0,3,4,4,4,2,2,3,4,0,4,0,4,4,3,4,0,0,3,0,0,0,4,4,4,4,3,4,0,2,1,1,4,1,4,4,3,1,1,2,3,4,3,4,0,4,2,4,4,4,4,1,4,3,1,0,3,0,3,4,2,3,3,2,3,0,0,4,2,1,2,4,2,0,0,0,2,4,2,4,4,4,4,4,4,0,0,3,4,4,2,4,4,4,4,0,4,2,3,0,4,1,4,3,0,0,1,3,0,3,1,3,1,4,4,4,3,4,4,4,3,4,4,2,4,4,4,0,4,4,4,0,4,4,2,0,3,3,4,0,0,4,2,0,3,3,0,0,0,2,2,3,4,4,4,4,4,4,4,2,2,4,4,1,4,4,4,4,0,4,4,4,4,4,2,4,2,1,1,4,4"
39,1.3938614611074762,"4,2,4,4,4,0,0,4,1,4,2,1,4,1,4,2,3,4,4,4,4,4,0,0,4,4,0,0,2,3,4,0,1,1,1,3,1,4,0,0,0,3,3,0,4,1,2,3,3,2,4,2,4,3,4,3,4,4,1,3,1,4,0,2,0,4,4,1,4,2,2,3,0,4,3,0,3,2,1,4,4,4,4,1,2,0,4,0,0,3,4,3,3,2,2,1,4,0,3,4,4,4,2,2,3,4,0,4,0,4,4,3,4,0,0,3,0,0,0,4,4,4,4,3,4,0,2,1,1,4,1,4,4,3,1,1,2,3,4,3,4,0,4,2,4,4,4,4,1,4,3,1,0,3,0,3,4,2,3,3,2,3,0,0,4,2,1,2,4,2,0,0,0,2,4,2,4,4,4,4,4,4,0,0,3,4,4,2,4,4,4,4,0,4,2,3,0,4,1,4,3,0,0,1,3,0,3,1,3,1,4,4,4,3,4,4,4,3,4,4,2,4,4,4,0,4,4,4,0,4,4,2,0,3,3,4,0,0,4,2,0,3,3,0,0,0,2,2,3,4,4,4,4,4,4,4,2,2,4,4,1,4,4,4,4,0,4,4,4,4,4,2,4,2,1,1,4,4"
40,1.3937934822036906,"4,2,4,4,4,0,0,4,1,4,2,1,4,1,4,2,3,4,4,4,4,4,0,0,4,4,0,0,2,3,4,0,1,1,1,3,1,4,0,0,0,3,3,0,4,1,2,3,3,2,4,2,4,3,4,3,4,4,1,3,1,4,0,2,0,4,4,1,4,2,2,3,0,4,3,0,3,2,1,4,4,4,4,1,2,0,4,0,0,3,4,3,3,2,2,1,4,0,3,4,4,4,2,2,3,4,0,4,0,4,4,3,4,0,0,3,0,0,0,4,4,4,4,3,4,0,2,1,1,4,1,4,4,3,1,1,2,3,4,3,4,0,4,2,4,4,4,4,1,4,3,1,0,3,0,3,4,2,3,3,2,3,0,0,4,2,1,2,4,2,0,0,0,2,4,2,4,4,4,4,4,4,0,0,3,4,4,2,4,4,4,4,0,4,2,3,0,4,1,4,3,0,4,1,3,0,3,1,3,1,4,4,4,3,4,4,4,4,4,4,2,4,4,4,0,4,4,4,0,4,4,2,0,0,3,4,0,0,4,2,0,3,3,0,0,0,2,2,3,4,4,4,4,4,4,4,2,2,4,4,1,4,4,4,4,0,4,4,4,4,4,2,4,2,1,1,4,4"
41,1.3942151400255913,"4,2,4,4,4,0,0,4,1,4,2,1,4,1,4,2,3,4,4,4,4,4,0,0,4,4,0,0,2,3,4,0,1,1,1,3,1,4,0,0,0,3,3,0,4,1,2,3,3,2,4,2,4,3,4,3,4,4,1,3,3,4,0,2,0,4,4,1,4,2,2,3,0,4,3,0,3,2,1,4,4,4,4,1,2,0,4,0,0,3,4,3,3,2,2,1,4,0,3,4,4,4,1,2,3,4,0,4,0,4,4,3,4,0,0,3,0,0,4,4,4,4,4,3,4,0,2,1,1,4,1,4,4,3,1,1,2,3,4,3,4,0,4,2,4,3,4,4,1,4,3,1,0,2,0,3,4,2,3,3,2,3,0,0,4,2,1,2,4,2,0,0,0,2,4,4,4,4,4,4,4,4,0,0,3,4,4,2,4,4,4,4,0,4,2,3,0,4,1,4,3,0,4,1,3,0,3,1,3,1,4,4,1,3,4,4,4,3,4,4,2,4,4,4,0,4,4,4,0,4,4,2,0,3,3,4,3,0,4,2,0,3,3,0,0,0,2,2,3,4,4,4,4,4,4,4,2,2,4,4,1,4,4,4,4,0,4,4,4,4,4,2,4,2,1,1,4,4"
42,1.3948315162675342,"4,2,4,4,4,0,0,4,1,4,2,1,4,1,4,2,3,4,4,4,4,4,0,0,4,4,0,0,2,3,4,0,1,1,1,3,1,4,0,0,0,3,3,0,4,1,2,3,3,2,4,2,4,3,4,3,4,4,1,3,3,4,0,2,0,4,4,1,4,2,2,3,0,4,4,0,3,2,1,4,4,4,4,1,2,0,4,0,0,3,4,3,3,2,2,1,4,0,3,4,4,4,1,2,3,4,0,4,0,4,4,3,4,0,0,3,0,0,2,4,4,4,4,3,4,0,2,1,1,4,1,4,4,3,1,1,2,3,4,3,4,0,4,2,4,4,4,4,1,4,3,1,0,3,0,3,4,2,3,3,2,3,0,0,4,2,1,2,4,2,0,0,0,2,4,2,4,4,4,4,4,4,0,0,3,4,4,2,4,4,4,4,0,4,2,3,0,4,1,4,3,0,0,1,3,0,3,1,3,1,4,4,4,3,4,4,4,3,4,4,2,4,4,4,0,4,4,4,0,4,4,2,0,3,3,4,4,0,4,2,0,3,3,0,0,0,2,2,3,4,4,4,4,4,4,4,2,2,4,4,1,4,4,4,4,0,4,4,4,4,4,2,4,2,1,1,4,4"
43,1.3944959517976683,"4,2,4,4,4,0,0,4,1,4,2,1,4,1,4,2,3,4,4,4,4,4,0,0,4,4,0,0,2,3,4,0,1,1,1,3,1,4,1,2,0,3,3,0,0,1,2,1,3,2,4,2,4,3,4,3,4,4,1,3,4,4,0,2,0,2,4,1,4,2,2,4,1,4,4,0,3,2,1,4,4,4,4,3,2,0,4,0,0,3,4,3,3,2,2,1,4,0,3,4,4,4,1,2,3,4,0,4,3,2,4,3,4,0,1,3,0,0,0,4,4,4,4,3,4,0,2,1,2,4,1,4,4,3,1,1,2,3,4,3,4,0,4,2,4,4,4,4,1,4,3,1,0,3,0,3,4,2,3,3,2,3,0,0,4,2,1,2,4,2,0,0,0,2,4,4,4,4,4,4,4,4,0,0,3,4,4,2,4,4,4,4,0,4,1,3,0,4,1,4,3,0,0,1,3,0,3,1,3,1,4,4,4,3,4,4,4,3,4,4,2,4,4,4,0,4,4,4,4,4,4,2,0,3,3,4,4,0,4,2,0,3,3,0,0,0,2,2,3,4,4,4,4,4,4,4,2,2,4,4,1,4,4,4,4,0,4,4,4,4,4,2,4,2,1,1,4,4"
44,1.3959384291241697,"4,2,4,4,4,0,0,4,1,4,2,1,4,1,4,2,3,4,4,4,4,4,4,0,4,4,0,0,2,3,4,0,1,1,1,3,1,4,4,2,0,3,3,0,0,1,2,1,3,2,4,4,4,3,4,3,4,4,1,3,4,4,0,2,0,2,4,1,4,2,2,4,1,4,4,0,3,2,1,4,4,4,4,1,2,0,4,0,0,3,4,3,3,2,3,1,4,0,3,4,4,4,1,2,3,4,0,4,0,4,4,3,4,0,0,3,0,0,4,4,4,4,4,3,4,0,2,1,1,4,1,4,4,3,1,1,2,3,4,3,4,0,4,2,4,4,4,4,1,4,3,1,0,3,0,3,4,2,3,3,2,3,0,0,4,2,1,2,4,2,0,0,0,2,4,2,4,4,4,4,4,4,0,0,3,4,4,2,4,4,4,4,0,4,2,3,0,4,1,0,3,0,0,1,3,0,3,1,3,1,3,4,4,3,4,4,4,3,4,4,2,4,4,4,0,4,4,4,0,4,4,2,0,3,3,4,4,0,4,2,0,3,3,0,0,4,3,2,3,4,4,4,4,4,4,4,2,2,4,4,1,4,4,4,4,0,4,4,4,4,4,2,4,1,1,1,4,4"
45,1.3965678461124935,"4,2,4,4,4,0,0,4,1,4,2,1,4,1,4,2,3,4,4,4,4,4,4,0,4,4,0,0,2,3,4,0,1,1,1,3,1,4,4,2,0,3,3,0,0,1,2,1,3,2,4,2,4,3,4,3,4,4,3,3,4,4,0,2,0,2,4,1,4,2,2,4,1,4,4,0,4,2,1,4,4,4,4,1,2,4,4,0,0,3,4,3,3,2,2,1,4,0,3,4,4,4,1,2,3,4,0,4,0,4,4,3,4,0,0,3,0,0,4,4,4,4,4,3,2,0,2,1,1,4,1,4,4,3,1,1,2,3,4,2,4,0,4,2,4,4,4,4,1,4,3,1,0,2,0,3,4,2,3,3,2,3,0,0,4,2,1,2,4,2,0,0,1,2,4,2,4,4,4,4,4,4,0,0,3,4,3,2,4,4,4,4,0,4,1,3,0,4,1,4,3,0,0,1,3,0,3,1,3,1,4,4,4,3,4,4,4,3,4,4,3,4,4,4,0,4,4,3,4,4,4,2,0,3,3,4,4,0,4,2,0,3,3,0,0,0,2,2,3,4,4,4,4,4,4,4,2,2,4,4,1,4,4,4,4,0,4,4,4,4,4,0,4,1,1,1,4,4"
46,1.3955706698364785,"4,2,4,4,4,0,0,4,1,4,2,1,4,1,4,2,3,4,4,4,4,4,4,0,4,4,0,0,2,3,4,0,1,1,1,3,1,4,4,2,0,3,3,0,0,1,2,1,3,2,4,2,4,3,4,3,4,4,3,3,2,4,0,2,0,2,4,1,4,2,2,4,1,4,4,0,4,2,1,4,4,4,4,1,2,4,4,0,0,3,4,3,3,2,2,3,4,0,3,4,4,4,1,2,3,4,0,4,0,4,4,3,4,0,0,3,0,0,4,4,4,4,4,3,2,0,2,1,1,4,1,4,4,3,1,1,2,3,4,2,4,0,4,2,4,4,4,4,1,4,3,1,0,2,0,3,3,2,3,3,2,3,0,0,4,2,1,2,4,2,0,0,1,2,4,2,4,4,4,4,4,4,0,0,3,4,3,2,4,4,4,4,0,4,3,3,0,4,1,4,3,0,0,1,3,0,3,1,3,1,4,4,4,3,4,4,4,3,4,4,3,4,4,4,0,4,4,3,4,4,4,2,0,3,3,4,4,0,4,2,0,3,3,0,0,0,2,2,3,4,4,4,4,4,4,4,2,2,4,4,1,4,4,4,4,0,4,4,4,4,4,0,4,1,1,1,4,4"
47,1.3946189752047067,"4,2,4,4,4,0,0,4,1,4,2,1,4,1,4,2,3,4,4,4,4,4,4,0,4,4,0,0,2,3,4,0,1,1,1,3,1,4,4,2,0,3,3,0,0,1,2,1,3,2,4,2,4,3,4,3,4,4,3,3,2,4,0,2,0,2,4,1,4,2,2,4,1,4,4,0,4,2,1,4,4,4,4,1,2,4,4,0,0,3,4,3,3,2,2,3,4,0,3,4,4,4,1,2,3,4,0,4,0,4,4,0,2,0,1,3,0,0,4,4,4,4,4,3,2,0,2,1,1,4,1,4,4,3,1,1,2,3,4,3,4,0,4,2,4,4,4,4,1,4,3,1,0,2,0,3,4,2,3,3,2,3,0,0,4,2,1,2,4,0,0,0,1,2,4,2,4,4,4,4,4,4,0,0,3,4,3,2,4,4,4,2,0,4,1,3,0,4,1,4,3,0,3,1,3,0,3,1,3,1,4,4,4,3,4,4,4,2,4,4,2,4,4,4,0,4,4,4,4,4,4,2,0,3,3,4,4,0,4,2,0,3,3,0,0,0,2,2,3,4,4,4,4,4,4,4,2,2,4,4,1,4,4,4,4,0,4,4,4,4,4,0,4,1,1,1,4,4"
48,1.3972025163946713,"4,2,4,4,4,0,0,4,1,4,2,1,4,1,4,2,3,4,4,4,4,4,4,0,4,4,0,0,2,3,4,0,1,1,1,3,1,4,4,2,0,3,3,0,0,1,2,1,3,2,4,0,4,3,4,3,4,4,4,3,4,4,0,2,0,2,4,1,4,2,2,4,1,4,4,0,4,2,1,4,4,4,4,1,4,4,4,0,0,3,4,3,3,2,2,1,4,0,3,4,4,4,1,2,3,4,0,4,0,4,4,3,4,0,0,3,0,0,4,4,4,4,4,3,2,0,2,1,1,4,1,4,4,3,1,1,2,3,4,2,4,0,4,2,4,4,4,4,1,4,3,1,0,2,0,3,4,2,3,3,2,3,0,0,4,2,1,2,4,2,0,0,1,0,4,2,4,4,4,4,4,4,0,0,3,4,3,2,4,4,4,4,0,4,1,3,0,4,1,4,3,0,0,1,3,0,3,1,3,1,4,4,4,3,4,4,4,3,4,4,2,4,4,4,0,4,4,4,4,4,4,2,0,2,3,4,4,0,4,2,0,3,3,0,0,0,2,2,3,4,4,4,4,4,4,4,2,2,4,4,1,4,4,4,4,0,4,4,4,4,4,2,4,1,1,1,4,4"
49,1.3972025163946713,"4,2,4,4,4,0,0,4,1,4,2,1,4,1,4,2,3,4,4,4,4,4,4,0,4,4,0,0,2,3,4,0,1,1,1,3,1,4,4,2,0,3,3,0,0,1,2,1,3,2,4,0,4,3,4,3,4,4,4,3,4,4,0,2,0,2,4,1,4,2,2,4,1,4,4,0,4,2,1,4,4,4,4,1,4,4,4,0,0,3,4,3,3,2,2,1,4,0,3,4,4,4,1,2,3,4,0,4,0,4,4,3,4,0,0,3,0,0,4,4,4,4,4,3,2,0,2,1,1,4,1,4,4,3,1,1,2,3,4,2,4,0,4,2,4,4,4,4,1,4,3,1,0,2,0,3,4,2,3,3,2,3,0,0,4,2,1,2,4,2,0,0,1,0,4,2,4,4,4,4,4,4,0,0,3,4,3,2,4,4,4,4,0,4,1,3,0,4,1,4,3,0,0,1,3,0,3,1,3,1,4,4,4,3,4,4,4,3,4,4,2,4,4,4,0,4,4,4,4,4,4,2,0,2,3,4,4,0,4,2,0,3,3,0,0,0,2,2,3,4,4,4,4,4,4,4,2,2,4,4,1,4,4,4,4,0,4,4,4,4,4,2,4,1,1,1,4,4"
50,1.397906752219943,"4,2,4,4,4,0,0,4,1,4,2,1,4,1,4,2,3,4,4,4,4,4,4,0,4,4,0,0,2,3,4,0,1,1,1,3,1,4,4,2,0,3,3,0,0,1,2,1,3,2,4,0,4,3,4,3,4,4,4,3,4,4,0,2,0,2,4,1,4,2,2,4,1,4,4,0,4,2,1,4,4,4,4,1,4,4,4,0,0,3,4,3,3,2,2,1,4,0,4,4,4,4,1,2,3,4,0,4,0,4,4,3,4,0,0,3,0,0,4,4,4,4,4,3,2,0,2,1,1,4,1,4,4,3,1,1,2,3,4,2,4,0,4,2,4,4,4,4,4,4,3,1,0,2,0,3,4,2,3,3,2,3,0,0,4,2,1,2,4,2,0,0,1,0,4,2,4,4,4,4,4,4,0,0,3,4,3,2,4,4,3,4,0,4,1,3,0,4,1,0,3,0,0,1,3,0,3,1,3,1,4,4,4,3,4,4,4,3,4,4,2,4,4,4,4,4,4,4,4,4,4,2,0,2,3,4,4,0,4,2,0,3,3,0,0,0,2,2,3,4,4,4,4,4,4,4,2,2,4,4,1,4,4,4,4,0,4,4,4,4,4,2,4,1,1,1,4,4"
51,1.3983551941336392,"4,2,4,4,4,0,0,4,1,4,2,1,4,1,4,2,3,4,4,4,4,4,4,0,4,4,0,0,2,3,4,0,1,1,1,3,1,4,4,2,0,3,3,0,0,1,2,1,3,2,4,0,4,3,4,3,4,4,4,3,4,4,0,2,0,2,4,1,4,2,2,4,1,4,4,0,4,2,1,4,4,4,4,1,4,4,4,0,0,3,4,3,3,2,2,1,4,0,4,4,4,4,1,2,3,4,0,4,0,4,4,3,4,0,0,3,0,0,4,4,4,4,4,3,2,0,2,1,1,4,1,4,4,3,1,1,2,3,4,3,4,0,4,2,4,4,4,4,1,4,3,1,0,2,0,3,4,0,3,3,2,3,4,0,4,2,1,4,4,2,0,0,1,2,4,2,2,4,4,0,4,4,0,0,3,4,3,3,4,4,4,4,0,4,1,3,0,1,1,4,3,0,0,1,3,0,3,1,3,1,4,4,4,3,4,4,4,3,4,4,3,4,4,4,1,4,4,4,4,4,4,2,0,3,3,4,4,0,4,2,0,3,3,0,0,0,2,2,3,4,4,4,4,4,4,4,2,2,4,4,1,4,4,4,4,0,4,4,4,4,4,0,4,1,1,1,4,4"
52,1.3979258302920992,"4,2,4,4,4,0,0,4,1,4,2,1,4,1,4,2,3,4,4,4,4,4,4,0,4,4,0,0,2,3,4,0,1,1,1,3,1,4,4,2,0,3,3,0,0,1,2,1,3,2,4,0,4,3,4,3,4,4,4,3,4,4,0,2,0,2,4,1,4,2,2,4,1,4,4,0,4,2,1,4,4,4,4,1,4,4,4,0,0,3,4,3,3,2,1,1,4,0,4,4,4,4,1,2,3,4,0,4,0,4,4,3,4,0,0,3,0,0,4,4,4,4,4,3,2,0,2,1,1,4,1,4,4,3,1,1,2,3,4,3,4,0,4,2,4,4,4,4,1,4,3,1,0,2,0,3,4,0,3,3,2,3,4,0,4,2,1,4,4,2,0,0,1,2,4,2,2,4,1,0,4,4,0,0,3,4,3,3,4,4,4,4,0,4,1,3,0,1,1,4,3,0,0,1,3,0,3,1,3,1,4,4,4,3,4,4,4,3,4,4,3,4,4,4,1,4,4,4,4,4,4,2,0,3,3,4,4,0,4,2,0,3,3,0,0,0,2,2,3,4,4,4,4,4,4,4,2,2,4,4,1,4,4,4,4,0,4,4,4,4,4,0,4,1,1,1,4,4"
53,1.3987032621811677,"4,2,4,4,4,0,0,4,1,4,2,1,4,1,4,2,3,4,4,4,4,4,4,0,4,4,0,0,2,3,4,0,1,1,1,3,1,4,4,2,0,3,3,0,0,1,2,1,3,2,4,0,4,3,4,3,4,4,4,3,4,4,0,2,0,4,4,1,4,2,2,4,1,4,4,0,4,2,1,4,4,4,4,1,4,4,4,0,0,3,4,3,3,2,1,1,4,0,4,4,4,4,1,2,3,4,0,4,0,4,4,3,4,0,0,3,0,0,4,4,4,4,4,3,2,0,2,1,1,4,1,4,4,3,1,1,2,3,4,3,4,0,4,2,4,4,4,4,1,4,3,1,0,2,0,3,4,0,3,3,2,3,4,0,4,2,1,4,4,2,0,0,1,2,4,2,2,4,1,0,4,4,0,0,3,4,3,3,4,4,4,4,0,4,1,3,0,1,1,4,3,0,0,1,3,0,3,1,3,1,4,4,4,3,4,4,4,3,4,4,3,4,4,4,1,4,4,4,4,4,4,2,0,3,3,4,4,0,4,2,0,3,3,0,0,0,2,2,3,4,4,4,4,4,4,4,2,2,4,4,1,4,4,4,4,0,4,4,4,4,4,0,4,1,1,1,4,4"
54,1.400159374617309,"4,2,4,4,4,0,0,4,1,4,2,1,4,1,4,2,3,4,4,4,4,4,4,0,4,4,0,0,2,3,4,0,1,1,1,3,1,4,4,2,0,3,3,0,0,1,2,1,3,2,4,0,4,3,4,3,4,4,4,3,4,4,0,2,0,4,4,1,4,2,2,4,1,4,4,0,4,2,1,4,4,4,4,1,4,4,4,0,0,3,4,3,3,2,1,1,4,0,4,4,4,4,1,2,3,4,0,4,0,4,4,3,4,0,0,3,0,0,4,4,4,4,4,3,2,0,2,1,1,4,1,4,4,3,1,1,2,3,4,3,4,0,4,2,4,4,4,4,4,4,3,1,0,2,0,3,4,2,3,3,2,3,4,0,4,2,1,2,4,2,0,0,1,2,4,2,4,4,4,4,4,4,0,0,3,4,3,2,4,4,4,4,0,0,1,3,0,4,1,4,3,0,0,1,3,0,3,1,3,1,4,4,4,3,4,4,4,3,4,4,3,4,4,4,0,4,4,4,4,4,4,2,0,3,3,4,4,0,4,2,0,4,3,0,0,0,2,2,3,4,4,4,4,4,4,4,2,4,4,4,1,4,4,4,4,0,4,4,4,4,4,0,4,1,1,1,4,4"
55,1.4010113117496652,"4,2,4,4,4,0,0,4,1,4,2,1,4,1,4,2,3,4,4,4,4,4,4,0,4,4,0,0,2,3,4,0,1,1,1,3,1,4,4,2,0,3,3,0,0,1,2,1,3,2,4,0,4,3,4,3,4,4,4,3,4,4,0,4,0,4,4,1,4,2,2,4,1,4,4,0,4,2,1,4,4,4,4,1,4,4,4,0,0,3,4,3,3,2,1,1,4,0,4,4,4,4,1,2,3,4,0,4,0,4,4,3,4,0,0,3,0,0,4,4,4,4,4,3,2,0,2,1,1,4,1,4,4,3,1,1,2,3,4,3,4,0,4,2,4,4,4,4,1,4,1,1,0,2,0,3,4,0,3,3,2,3,4,0,4,2,1,4,4,2,0,0,1,0,4,2,4,4,4,4,4,4,0,0,3,4,3,2,4,4,4,4,0,4,1,3,0,4,1,0,3,0,0,1,3,0,3,1,3,1,4,4,4,3,4,4,4,3,4,4,3,4,4,4,0,4,4,4,4,4,4,2,0,3,2,4,4,0,4,2,0,4,3,0,0,0,2,2,3,4,4,4,4,4,4,4,2,4,4,4,1,4,4,4,4,0,4,4,4,4,4,0,4,1,1,1,4,4"
56,1.4007094934227426,"4,2,4,4,4,0,0,4,1,4,2,1,4,1,4,2,3,4,4,4,4,4,4,0,4,4,0,0,2,3,4,0,1,1,1,3,1,4,4,2,0,3,3,0,0,1,2,1,3,2,4,0,4,3,4,3,4,4,4,3,4,4,0,4,0,4,4,1,4,2,2,4,1,4,4,0,4,2,1,4,4,4,4,1,4,4,4,0,0,3,4,3,3,2,1,1,4,0,4,4,4,4,1,2,3,4,0,4,0,4,4,3,4,0,0,3,0,0,4,4,4,4,4,3,2,0,2,1,1,4,1,4,4,3,1,1,2,3,4,3,4,0,4,2,4,4,4,4,1,4,1,1,0,2,0,3,4,0,3,3,2,3,4,0,4,2,1,4,4,2,0,0,1,0,4,2,4,4,4,4,4,4,0,0,3,4,3,2,4,4,4,4,0,0,1,3,0,4,1,4,3,0,0,1,3,0,3,1,3,1,4,4,4,3,4,4,4,3,4,4,3,4,4,4,0,4,4,4,4,4,4,2,0,3,3,4,4,0,4,2,0,4,3,0,0,0,2,2,3,4,4,4,4,4,4,4,2,4,4,4,1,4,4,4,4,0,4,4,4,4,4,0,4,1,1,1,4,4"
57,1.4018461029410352,"4,2,4,4,4,0,0,4,1,4,2,1,4,1,4,2,3,4,4,4,4,4,4,0,4,4,0,0,2,3,4,2,1,1,1,3,1,4,4,2,0,3,3,0,0,1,2,1,3,2,4,0,4,3,4,3,4,4,4,3,4,4,0,4,0,4,4,1,4,2,2,4,1,4,4,0,4,2,1,4,4,4,4,1,4,4,4,4,0,3,4,3,3,2,1,1,4,0,4,4,4,4,1,2,3,4,0,4,0,4,4,3,4,0,0,3,0,0,4,4,4,4,4,3,2,0,2,1,1,4,1,4,4,3,1,1,2,3,4,3,4,0,4,2,4,4,4,4,1,4,1,1,0,2,0,3,4,0,3,3,2,3,4,0,4,2,1,4,4,2,0,0,1,0,4,2,4,4,4,4,4,4,0,0,3,4,3,2,4,4,4,4,0,4,1,3,0,4,1,0,3,0,0,1,3,0,3,1,3,1,4,4,4,3,4,4,4,3,4,4,3,4,4,4,0,4,4,4,4,4,4,2,0,3,2,4,4,0,4,2,0,4,3,0,0,0,2,2,3,4,4,4,4,4,4,4,2,4,4,4,1,4,4,4,4,0,4,4,4,4,4,0,4,1,1,1,4,4"
58,1.401824221281664,"4,2,4,4,4,0,0,4,1,4,2,1,4,1,4,2,3,4,4,4,4,4,3,0,4,4,0,0,2,3,4,2,1,1,1,2,1,4,4,2,0,3,0,0,0,1,2,1,3,2,4,0,4,3,4,3,4,4,4,3,4,4,0,4,0,4,4,1,4,2,2,4,1,4,4,0,4,2,1,4,4,4,4,1,4,4,4,4,0,3,4,3,3,2,1,1,4,0,4,4,4,4,1,2,3,4,0,4,0,4,4,3,4,0,0,3,0,0,4,4,4,4,4,3,2,0,2,1,1,4,1,4,4,3,1,1,2,3,4,3,4,0,4,2,4,4,4,4,1,4,1,1,0,2,0,3,4,0,3,3,2,3,4,0,4,2,1,4,4,2,0,0,1,0,4,2,4,4,4,4,4,4,0,0,3,4,3,2,4,4,4,4,0,4,1,3,0,4,1,0,3,0,0,1,3,0,3,1,3,1,4,4,4,3,4,4,4,3,4,4,3,4,4,4,0,4,4,4,4,4,4,2,0,3,2,4,4,0,4,2,0,4,3,0,0,0,2,2,3,4,4,4,4,4,4,4,2,4,4,4,1,4,4,4,4,0,4,4,4,4,4,0,4,1,1,1,4,4"
59,1.4031684072007042,"4,2,4,4,4,0,0,4,1,4,2,1,4,1,4,2,3,4,4,4,4,4,3,0,4,4,0,0,2,3,4,2,1,1,1,2,1,4,4,2,0,4,0,0,0,1,2,1,3,2,4,0,4,3,4,3,4,4,4,3,4,4,0,4,0,4,4,1,4,2,2,4,1,4,4,0,4,2,1,4,4,4,4,1,4,4,4,4,0,3,4,3,3,2,3,1,4,0,3,4,4,4,1,2,3,4,0,4,0,4,4,4,4,0,0,3,0,0,4,4,4,4,4,3,2,0,2,1,1,4,1,4,4,3,1,1,2,3,4,3,4,4,4,2,4,4,4,4,4,4,3,1,0,2,0,3,4,2,3,3,2,3,4,0,4,2,1,2,4,2,0,0,1,2,4,2,4,4,4,4,4,4,0,0,3,4,3,2,4,4,4,4,0,0,1,0,0,4,1,4,3,0,0,1,3,0,3,1,3,1,4,4,4,3,4,4,4,3,4,4,3,4,4,4,0,4,4,4,4,4,4,2,0,3,3,4,4,0,4,2,0,4,3,0,0,0,4,2,3,4,4,4,4,4,4,4,2,4,4,4,4,4,4,4,4,0,4,4,4,4,4,0,4,1,1,1,2,4"
60,1.403273832882405,"4,2,4,4,4,0,0,4,1,4,2,1,4,1,4,2,3,4,4,4,4,4,3,0,4,4,0,0,2,3,4,2,1,1,1,2,1,4,4,2,0,4,0,0,0,1,2,1,3,2,4,0,4,3,4,3,4,4,4,3,4,4,0,4,0,4,4,1,4,2,2,4,1,4,4,0,4,2,1,4,4,4,4,1,4,3,4,4,0,3,4,3,3,2,1,1,4,0,3,4,4,4,1,2,3,4,0,4,0,4,4,4,4,0,0,3,0,0,4,4,4,4,4,3,1,0,2,1,1,4,1,4,4,3,1,1,2,3,4,3,4,4,4,2,4,4,4,4,4,4,3,1,0,2,0,3,4,2,3,3,2,3,4,0,4,2,1,2,4,1,0,0,1,2,4,2,4,4,4,4,4,4,0,0,3,4,3,2,4,4,4,4,0,0,1,4,0,4,1,4,3,0,0,1,3,0,3,1,3,1,4,4,4,3,4,4,4,3,4,4,3,4,4,4,0,4,4,4,4,4,4,2,0,4,3,4,4,0,4,2,0,4,3,0,0,0,4,2,3,4,4,4,4,4,4,4,2,4,4,4,4,4,4,4,4,0,4,4,4,4,4,0,4,1,1,1,4,4"
61,1.4026171393716564,"4,2,4,4,4,0,0,4,1,4,2,1,4,1,4,2,3,4,4,4,0,4,3,0,4,4,0,0,2,3,4,2,1,1,1,2,1,1,4,2,0,4,0,0,0,1,2,1,3,2,4,0,4,3,4,4,4,4,4,3,4,4,0,4,0,4,4,1,4,2,2,4,1,4,4,0,4,2,1,4,4,4,4,1,4,3,4,4,0,3,4,3,3,2,1,1,4,0,3,4,4,4,1,2,3,4,0,4,0,4,4,4,4,0,0,3,0,0,4,4,4,4,4,3,1,0,2,1,3,4,1,4,4,3,1,1,2,3,4,3,4,4,4,2,4,4,4,4,4,4,3,1,0,2,0,3,4,2,3,3,2,3,4,0,4,2,1,2,4,2,0,0,1,2,4,2,4,4,4,4,4,4,0,0,3,4,3,2,4,4,4,4,0,4,1,4,0,4,1,4,3,0,0,1,3,0,3,1,3,1,4,4,4,3,4,4,4,3,4,4,3,4,4,4,0,4,4,4,4,1,4,2,0,4,3,4,4,0,4,2,0,4,3,0,0,0,4,2,3,4,4,4,4,4,4,4,2,4,4,4,4,4,4,4,4,0,4,4,4,4,4,0,4,1,1,1,3,4"
62,1.4050540220142769,"4,2,4,4,4,0,0,4,1,4,2,1,4,1,4,2,3,4,4,4,0,4,3,0,4,4,0,0,2,3,4,2,1,1,1,2,1,1,4,2,0,4,0,0,0,1,2,1,3,4,4,0,4,3,4,4,4,4,4,3,4,4,0,4,0,4,4,1,4,2,2,4,1,4,4,0,4,2,1,4,4,4,4,1,4,4,4,4,0,3,4,3,3,2,3,1,4,0,3,4,4,4,1,2,3,4,0,4,0,4,4,4,4,0,0,3,0,0,4,4,4,4,4,3,2,0,2,1,1,4,1,4,4,3,1,1,2,3,4,4,4,4,4,2,4,4,4,4,4,4,3,1,0,2,0,3,4,2,3,3,2,3,4,0,4,2,1,2,4,2,0,0,1,2,4,4,4,4,4,4,4,4,0,2,3,4,3,2,4,4,4,4,0,4,1,4,0,4,1,4,3,0,0,1,3,0,3,1,3,1,4,4,4,3,4,4,4,3,4,4,3,4,4,4,0,4,4,4,4,4,4,2,0,4,3,4,4,0,4,2,0,4,3,0,0,0,4,2,3,4,4,4,4,4,4,4,2,4,4,4,4,4,4,4,4,0,4,4,4,4,4,0,4,1,1,1,3,4"
63,1.4051653642135193,"4,2,4,4,4,0,0,4,1,4,2,1,4,1,4,2,3,4,4,4,0,4,3,0,4,4,0,0,4,3,4,2,1,1,1,2,1,1,4,2,0,4,0,0,0,1,2,1,3,4,4,0,4,2,4,4,4,4,4,3,4,4,0,4,0,4,4,1,4,2,2,4,1,4,4,0,4,2,1,4,4,4,4,1,4,4,4,4,0,3,4,3,3,2,3,1,4,0,3,4,4,4,1,2,3,4,0,4,0,4,4,4,4,0,0,3,0,0,4,4,4,4,4,3,2,0,2,1,1,4,1,4,4,3,1,1,2,3,4,4,4,4,4,2,4,4,4,4,4,4,3,1,0,2,0,3,4,2,3,3,2,3,4,0,4,2,1,2,4,2,0,0,1,2,4,4,4,4,4,4,4,4,0,2,3,4,3,2,4,4,4,4,0,4,1,4,0,4,1,4,3,0,0,1,3,0,4,1,3,1,4,4,4,3,4,4,4,3,4,4,3,4,4,4,0,4,4,4,4,4,4,2,0,4,3,4,4,0,4,2,0,4,3,0,0,0,4,2,3,4,4,4,4,4,4,4,2,4,4,4,4,4,4,4,4,0,4,4,4,4,4,0,4,1,1,1,3,4"
64,1.4062322410815766,"4,2,4,4,4,0,0,4,1,4,2,1,4,1,4,2,3,4,4,4,0,4,3,0,4,4,0,0,4,3,4,2,1,1,1,2,1,1,4,0,0,4,0,0,0,1,2,1,3,4,4,0,4,2,4,4,4,4,4,4,4,4,0,4,0,4,4,1,4,2,2,4,1,4,4,0,4,2,1,4,4,4,4,1,4,4,4,4,0,3,4,3,3,2,3,1,4,0,3,4,4,4,1,2,3,4,0,4,0,4,4,4,4,0,0,3,1,0,4,4,4,4,4,3,2,0,2,1,1,4,1,4,4,3,1,1,2,3,4,4,4,4,4,2,4,4,4,4,4,4,3,1,0,2,0,3,4,2,3,3,2,3,4,0,4,2,1,2,4,2,0,0,1,2,4,4,4,4,4,4,4,4,0,0,3,4,3,2,4,4,4,4,0,4,1,4,0,2,2,4,3,0,0,1,3,0,3,1,3,1,4,4,4,3,4,4,4,3,4,4,3,4,4,4,0,4,4,4,4,4,4,2,0,4,3,4,4,0,4,2,0,4,3,0,0,0,4,2,3,4,4,4,4,4,4,4,2,4,4,4,4,4,4,4,4,0,4,4,4,4,4,0,4,1,1,1,4,4"
65,1.4010629947553102,"4,2,4,4,4,0,0,4,1,4,2,1,4,1,4,2,3,4,4,4,0,4,3,0,4,4,0,0,4,3,4,2,1,1,1,2,1,1,4,2,0,4,0,0,0,1,2,1,3,4,4,0,4,2,4,4,4,4,4,4,4,4,0,4,0,4,4,1,4,2,4,4,2,4,4,0,1,2,1,4,4,4,4,1,4,4,4,4,0,3,4,3,3,2,0,1,4,0,3,4,4,4,1,2,3,2,0,4,0,4,4,4,4,0,0,3,0,0,4,4,4,4,4,3,2,0,2,2,1,4,1,4,4,3,1,1,2,3,4,4,4,4,4,2,4,4,4,4,4,4,3,1,0,2,0,4,4,2,3,3,2,3,4,0,4,2,1,3,4,2,3,0,1,2,0,4,4,4,4,4,4,4,0,2,3,3,4,2,4,4,4,3,0,4,1,4,0,4,1,4,3,0,0,1,3,0,4,1,3,0,4,4,4,3,4,4,4,3,4,4,3,0,4,4,0,4,4,4,4,4,4,2,0,4,3,4,4,0,4,2,0,4,3,0,0,0,4,2,3,4,4,4,4,4,4,3,2,4,4,4,4,4,4,4,4,0,4,4,2,4,4,0,4,1,1,1,3,4"
66,1.4059621782729024,"4,2,4,4,4,0,0,4,1,4,2,1,4,1,4,2,3,4,4,4,0,4,3,0,4,4,0,0,4,3,4,2,1,1,1,2,1,1,4,2,0,4,0,0,0,1,2,1,3,4,4,0,4,2,4,4,4,4,4,3,4,4,0,4,0,4,4,1,4,2,2,4,1,4,4,0,4,2,1,4,4,4,4,1,4,4,4,4,0,3,4,3,3,2,3,1,4,0,3,4,4,4,1,2,3,4,0,4,0,4,4,4,4,0,0,3,0,0,4,4,4,4,4,3,2,0,2,1,1,4,1,4,4,3,3,1,2,3,4,4,4,4,4,2,4,4,4,4,4,4,3,1,0,2,0,3,4,2,3,3,2,3,4,0,4,2,1,2,4,2,0,0,1,2,4,4,4,4,4,4,4,4,0,2,3,4,3,2,4,4,4,4,0,4,1,4,0,4,1,4,3,0,0,1,3,0,3,1,3,1,4,4,4,3,4,4,4,3,4,4,3,4,4,4,0,4,4,4,4,4,4,2,0,4,3,4,4,0,4,2,0,4,3,0,0,0,4,2,3,4,4,4,4,4,4,4,2,4,4,4,4,4,4,4,4,0,4,4,4,4,4,0,4,1,1,1,4,4"
67,1.4067643948206159,"4,2,4,4,4,0,0,4,1,4,2,1,4,1,4,2,3,4,4,4,0,4,3,0,4,4,0,0,4,3,4,2,1,1,1,2,1,1,4,0,0,4,0,0,0,1,2,1,3,4,4,0,4,4,4,4,4,4,4,4,4,4,0,4,0,4,4,1,4,2,2,4,1,4,4,0,4,2,1,4,4,4,4,1,4,4,4,4,0,3,4,3,3,2,3,1,4,0,3,4,4,4,1,2,3,4,0,4,0,4,4,4,4,0,0,3,1,0,4,4,4,4,4,3,2,0,2,1,1,4,1,4,4,3,3,1,2,3,4,4,4,4,4,2,4,4,4,4,4,4,3,1,0,2,0,3,4,2,3,3,2,3,4,0,4,2,1,2,4,2,0,0,1,2,4,4,4,4,4,4,4,4,0,2,3,4,3,2,4,4,4,4,0,4,1,4,0,4,1,4,3,0,0,1,3,0,3,1,3,1,4,4,4,3,4,4,4,3,4,4,3,4,4,4,0,4,4,4,4,4,4,2,0,4,3,4,4,0,4,2,0,4,3,0,0,0,4,2,3,4,4,4,4,4,4,4,2,4,4,4,4,4,4,4,4,0,4,4,4,4,4,0,4,1,1,1,4,4"
68,1.4078173567607606,"4,2,4,4,4,0,0,4,1,4,2,1,4,1,4,2,3,4,4,4,0,4,3,4,4,4,0,0,4,3,4,2,1,1,1,2,1,1,4,0,0,4,0,0,0,1,2,1,3,4,4,0,4,4,4,4,4,4,4,4,4,4,0,4,0,4,4,1,4,2,2,4,1,4,4,0,4,2,1,4,4,4,4,1,4,4,4,4,0,3,4,3,3,2,3,1,4,0,3,4,4,4,1,2,3,4,0,4,0,4,4,4,4,0,0,3,1,4,4,4,4,4,4,3,2,0,2,1,1,4,1,4,4,3,3,1,2,3,4,4,4,4,4,2,4,4,4,4,4,4,3,1,0,2,0,3,4,2,3,3,2,3,4,0,4,2,1,2,4,2,0,0,1,2,4,4,4,4,4,4,4,4,0,0,3,4,3,2,4,4,4,4,4,4,1,4,0,2,1,4,3,0,0,1,3,0,3,1,3,1,4,4,4,3,0,4,4,3,4,4,3,4,4,4,0,4,4,4,4,4,4,2,0,4,3,4,4,0,4,2,0,4,3,0,0,0,4,2,3,4,4,4,4,4,4,4,2,4,4,4,4,4,4,4,4,0,4,4,4,4,4,0,4,1,1,1,3,4"
69,1.4080852011676261,"4,2,4,4,4,0,0,4,1,4,2,1,4,1,4,2,3,4,4,4,0,4,3,4,4,4,0,0,4,3,4,2,1,1,1,2,1,1,4,0,0,4,0,0,0,1,2,1,3,4,4,0,4,4,4,4,4,4,4,4,4,4,0,4,0,4,4,1,4,2,2,4,1,4,4,0,4,2,1,4,4,4,4,1,4,4,4,4,0,3,4,3,3,2,3,1,4,0,3,4,4,4,1,2,3,4,0,4,0,4,4,4,4,0,0,3,1,4,4,4,4,4,4,3,2,0,2,1,1,4,1,4,4,3,3,1,2,3,4,4,4,4,4,2,4,4,4,4,4,4,3,1,0,2,0,3,4,2,3,3,2,3,4,0,4,2,1,2,4,2,0,0,1,2,4,4,4,4,4,4,4,4,0,0,3,4,3,2,4,4,4,4,4,4,1,4,0,2,1,4,3,0,0,1,3,0,3,1,3,1,3,4,4,3,4,4,4,3,4,3,3,4,4,4,0,4,4,4,4,4,4,2,0,4,3,4,4,0,4,2,0,4,0,0,0,0,4,2,3,4,4,4,4,4,4,4,2,4,4,4,4,4,4,4,4,0,4,4,4,4,4,0,4,1,1,1,4,4"
70,1.4074136892908673,"4,2,4,4,4,0,0,4,1,4,2,1,4,1,4,2,3,4,4,4,0,4,3,4,4,4,0,0,4,3,4,2,1,1,1,2,1,1,4,0,0,4,0,0,0,1,2,1,3,4,4,0,4,4,4,4,4,4,1,4,4,4,0,4,0,4,4,1,4,2,2,4,1,4,4,0,4,2,1,4,4,4,4,1,4,4,4,4,0,3,4,3,3,2,3,1,4,0,3,4,4,4,1,2,3,4,0,4,0,4,4,4,4,0,0,3,1,4,4,4,4,4,4,3,2,0,2,1,1,4,1,4,4,3,3,1,2,3,4,4,4,4,4,2,4,4,4,4,4,4,3,1,0,2,0,3,4,2,3,3,2,3,4,0,4,2,2,2,4,2,0,0,1,2,4,4,4,4,4,4,4,4,0,0,3,2,3,2,4,4,4,4,4,4,1,4,0,2,1,4,3,0,0,1,3,0,3,1,3,1,4,4,4,3,4,4,4,3,4,4,3,4,4,4,0,4,4,4,4,4,4,2,0,4,3,4,4,0,4,2,0,4,3,0,0,0,4,2,3,4,4,4,4,4,4,4,2,4,4,4,4,4,4,4,4,2,4,4,4,4,4,0,4,1,1,1,4,4"
71,1.4087844363885313,"4,2,4,4,4,0,0,4,1,4,2,1,4,1,4,2,3,4,4,4,0,4,3,4,4,4,0,0,4,3,4,2,1,1,1,2,1,1,4,0,0,4,0,0,0,1,2,1,3,4,4,0,4,4,4,4,4,4,1,4,4,4,0,4,0,4,4,1,4,2,2,4,1,4,4,0,4,2,1,4,4,4,4,1,4,4,4,4,0,3,4,3,3,2,3,1,4,0,3,4,4,4,1,2,3,4,0,4,0,4,4,4,4,0,0,3,1,4,4,4,4,4,4,3,2,0,2,1,1,4,1,4,4,3,4,1,2,3,4,4,4,4,4,2,4,4,4,4,4,4,3,1,0,2,0,3,4,2,3,3,2,3,4,0,4,2,2,2,4,2,0,1,1,2,4,4,4,4,4,4,4,4,0,0,3,4,3,2,4,4,4,4,4,4,1,4,0,2,1,4,3,0,0,1,3,0,3,1,3,1,4,4,4,3,4,4,4,3,4,4,3,4,4,4,0,4,4,4,4,4,4,2,0,4,3,4,4,0,4,2,4,4,3,0,0,0,4,4,3,4,4,4,4,4,4,4,2,4,4,4,4,4,4,4,4,0,4,4,4,4,4,0,4,1,1,1,3,4"
72,1.4095749282475203,"4,2,4,4,4,0,0,4,1,4,2,1,4,1,4,2,3,4,4,4,0,4,3,4,4,4,0,0,4,3,4,2,1,1,1,2,1,1,4,0,0,4,0,0,0,1,2,1,3,4,4,0,4,4,4,4,4,4,1,4,4,4,0,4,0,4,4,4,4,2,2,4,1,4,4,0,4,2,1,4,4,4,4,1,4,4,4,4,0,3,4,3,3,2,3,1,4,0,3,4,4,4,1,2,3,4,0,4,0,4,4,4,4,0,0,3,1,4,4,4,4,4,4,3,2,0,2,1,1,4,1,4,4,3,4,1,2,3,4,4,4,4,4,2,4,4,4,4,4,4,3,1,0,2,0,3,4,2,3,3,2,3,4,0,4,2,2,2,4,2,0,1,1,2,4,4,4,4,4,4,4,4,0,0,3,4,3,2,4,4,4,4,4,4,1,4,0,2,1,4,3,0,0,1,3,0,3,1,3,1,4,4,4,3,4,4,4,3,4,4,3,4,4,4,0,4,4,4,4,4,4,2,0,4,3,4,4,0,4,2,4,4,3,0,0,0,4,4,3,4,4,4,4,4,4,4,2,4,4,4,4,4,4,4,4,0,4,4,4,4,4,0,4,1,1,1,3,4"
73,1.4105200253141223,"4,2,4,4,4,0,0,4,1,4,2,1,4,1,4,2,3,4,4,4,0,4,3,4,4,4,0,0,4,3,4,2,1,1,1,2,1,1,4,0,0,4,0,0,0,1,2,1,3,4,4,0,4,4,4,4,4,4,1,4,4,4,0,4,0,4,4,4,4,2,2,4,1,4,4,0,4,2,1,4,4,4,4,1,4,4,4,4,0,3,4,3,3,2,3,1,4,0,3,4,4,4,1,2,3,4,0,4,0,4,4,4,4,0,0,3,1,4,4,4,4,4,4,3,2,0,2,1,1,4,1,4,4,3,4,1,2,3,4,4,4,4,4,2,4,4,4,4,4,4,3,1,0,2,0,3,4,2,3,3,2,3,4,0,4,2,2,2,4,2,0,1,1,2,4,4,4,4,4,4,4,4,0,0,3,4,3,2,4,4,4,4,4,4,1,4,0,2,1,1,3,0,0,1,3,0,3,1,3,1,4,4,4,3,4,4,4,3,4,4,3,4,4,4,0,4,4,4,4,4,4,2,0,4,3,4,4,0,4,2,4,4,3,0,0,0,4,4,3,4,4,4,4,4,4,4,2,4,4,4,4,4,4,4,4,0,4,4,4,4,4,0,4,4,1,1,3,4"
74,1.410705406902735,"4,2,4,4,4,0,0,4,1,4,2,1,4,1,4,2,3,4,4,4,0,4,3,4,4,4,0,0,4,3,4,2,1,1,1,2,1,1,4,0,0,4,0,0,0,1,2,1,3,4,4,0,4,4,4,4,4,4,1,4,4,4,0,4,0,4,4,4,4,2,2,4,1,4,4,0,4,2,1,4,4,4,4,1,4,4,4,4,0,3,4,3,3,2,3,1,4,0,3,4,4,4,1,2,3,4,0,4,0,4,4,4,4,0,0,3,1,4,4,4,4,4,4,3,2,0,2,1,1,4,1,4,4,3,3,2,2,3,4,4,4,4,4,2,4,4,4,4,4,4,3,1,0,2,0,3,4,2,3,3,2,3,4,0,4,2,2,2,4,2,0,1,1,2,4,4,4,4,4,4,4,4,0,0,3,4,3,2,4,4,4,4,4,4,1,4,1,2,1,1,3,0,0,1,3,0,3,1,3,1,4,4,4,3,4,4,4,3,4,4,3,4,4,4,0,4,4,4,4,4,4,2,0,4,3,4,4,0,4,2,4,4,3,0,0,0,4,4,3,4,4,4,4,4,4,4,2,4,4,4,4,4,4,4,4,0,4,4,4,4,4,0,4,4,1,1,3,4"
75,1.4103298343041706,"4,2,4,4,4,0,0,4,1,4,2,1,4,1,4,2,3,4,4,4,0,4,3,4,4,4,0,0,4,3,4,2,1,1,1,2,2,1,4,0,0,4,0,0,0,1,2,1,3,4,4,0,4,4,4,4,4,4,1,4,4,4,0,4,0,4,4,4,4,2,2,4,1,4,4,0,4,2,1,4,4,4,4,1,4,4,4,4,0,3,4,3,3,2,3,1,4,0,3,4,4,4,1,2,3,4,3,4,0,4,4,4,4,0,0,3,1,4,4,4,4,4,4,3,2,0,2,1,1,4,1,4,4,3,4,1,2,3,4,4,4,4,4,2,4,4,4,4,4,4,3,1,0,2,0,3,4,2,3,3,2,3,4,0,4,2,2,2,4,2,0,1,1,2,4,4,4,4,4,4,4,4,0,0,3,4,3,2,4,4,4,4,4,4,1,4,1,2,1,1,3,0,0,1,3,0,3,1,3,1,4,1,4,3,4,4,4,3,4,4,3,4,4,4,4,4,4,4,4,4,4,2,0,4,3,4,4,0,4,2,4,4,3,0,0,0,4,4,3,4,4,4,4,4,4,4,2,4,4,4,4,4,4,4,4,0,4,4,4,4,4,0,4,4,1,1,3,4"
76,1.4118418161453712,"4,2,4,4,4,0,0,4,1,4,2,1,4,1,4,2,3,4,4,4,0,4,3,4,4,4,0,0,4,3,4,2,1,1,1,2,2,1,4,0,0,4,0,0,0,1,2,1,3,4,4,0,4,4,4,4,4,4,1,4,4,4,0,4,0,4,4,4,4,2,2,4,1,4,4,0,4,2,1,4,4,4,4,3,4,4,4,4,0,3,4,3,3,2,3,1,4,0,3,4,4,4,1,2,3,4,3,4,0,4,4,4,4,0,0,3,1,4,4,4,4,4,4,4,2,0,2,1,1,4,1,4,4,3,4,1,2,3,4,4,4,4,4,2,4,4,4,4,4,4,3,1,0,2,0,3,4,4,3,3,2,3,4,0,4,2,2,3,4,2,3,1,1,2,4,4,4,4,4,4,4,4,0,0,3,4,3,2,4,4,4,4,4,4,1,4,0,2,1,1,3,0,0,1,3,0,3,3,3,1,4,4,4,3,4,4,4,3,4,4,3,4,4,4,0,4,4,4,4,4,4,2,0,4,0,4,4,0,4,2,4,4,3,3,0,0,4,4,3,4,4,4,4,4,4,4,2,4,4,4,4,4,4,4,4,0,4,4,4,4,4,0,4,4,1,1,3,4"
77,1.4121484779522513,"4,2,4,4,4,0,0,4,1,4,2,1,4,1,4,2,3,4,4,4,0,4,3,4,4,4,0,0,4,3,4,2,1,1,1,2,2,1,4,0,0,4,0,0,0,1,2,1,3,4,4,0,4,4,4,4,4,4,1,4,4,4,0,4,0,4,4,4,4,2,2,4,1,4,4,0,4,2,1,4,4,4,4,3,4,4,4,4,0,3,4,3,3,2,3,1,4,0,3,4,4,4,1,2,3,4,3,4,0,4,4,4,4,0,0,3,1,4,4,4,4,4,4,4,2,0,2,1,1,4,1,4,4,3,4,1,2,3,4,4,4,4,4,2,4,4,4,4,4,4,3,1,0,2,0,4,4,4,3,3,2,3,4,0,4,2,2,3,4,2,3,1,1,2,4,4,4,4,4,4,4,4,0,0,3,4,3,2,4,4,4,4,4,4,1,4,0,2,1,1,3,0,0,1,3,0,3,3,3,1,4,4,4,3,4,4,4,3,4,4,3,4,4,4,0,4,4,4,4,4,4,2,0,4,0,4,4,0,4,2,4,4,3,3,0,0,4,4,3,4,4,4,4,4,4,4,2,4,4,4,4,4,4,4,4,0,4,4,4,4,4,0,4,4,1,1,3,4"
78,1.4125615459150103,"4,2,4,4,4,0,0,4,1,4,2,1,4,1,4,2,3,4,4,4,0,4,3,4,4,4,0,0,4,3,4,2,1,1,1,2,2,1,4,0,0,4,0,0,0,1,2,1,3,4,4,0,4,4,4,4,4,4,1,4,4,4,0,4,0,4,4,4,4,2,2,4,1,4,4,0,4,2,1,4,4,4,4,3,4,4,4,4,0,3,4,3,3,2,3,1,4,4,3,4,4,4,1,2,3,4,3,4,0,4,4,4,4,0,0,3,1,4,4,4,4,4,4,4,2,0,2,1,2,4,1,4,4,3,4,1,2,3,4,4,4,4,4,2,4,4,4,4,4,4,3,1,0,2,0,4,4,4,3,3,2,3,4,0,4,2,2,3,4,2,3,1,1,2,4,4,4,4,4,4,4,4,0,0,3,4,3,2,4,4,4,4,4,4,2,4,0,2,1,1,3,0,0,1,3,0,3,3,3,1,4,4,4,3,4,4,4,3,4,4,3,4,4,4,0,4,4,4,4,4,4,2,0,4,0,4,4,0,4,2,4,4,3,3,0,0,4,4,3,4,4,4,4,4,4,4,2,4,4,4,4,4,4,4,4,0,4,4,4,4,4,0,4,4,1,1,3,4"
79,1.4125615459150103,"4,2,4,4,4,0,0,4,1,4,2,1,4,1,4,2,3,4,4,4,0,4,3,4,4,4,0,0,4,3,4,2,1,1,1,2,2,1,4,0,0,4,0,0,0,1,2,1,3,4,4,0,4,4,4,4,4,4,1,4,4,4,0,4,0,4,4,4,4,2,2,4,1,4,4,0,4,2,1,4,4,4,4,3,4,4,4,4,0,3,4,3,3,2,3,1,4,4,3,4,4,4,1,2,3,4,3,4,0,4,4,4,4,0,0,3,1,4,4,4,4,4,4,4,2,0,2,1,2,4,1,4,4,3,4,1,2,3,4,4,4,4,4,2,4,4,4,4,4,4,3,1,0,2,0,4,4,4,3,3,2,3,4,0,4,2,2,3,4,2,3,1,1,2,4,4,4,4,4,4,4,4,0,0,3,4,3,2,4,4,4,4,4,4,2,4,0,2,1,1,3,0,0,1,3,0,3,3,3,1,4,4,4,3,4,4,4,3,4,4,3,4,4,4,0,4,4,4,4,4,4,2,0,4,0,4,4,0,4,2,4,4,3,3,0,0,4,4,3,4,4,4,4,4,4,4,2,4,4,4,4,4,4,4,4,0,4,4,4,4,4,0,4,4,1,1,3,4"
80,1.4119241263280595,"4,2,4,4,4,0,0,4,1,4,2,1,4,1,4,2,3,4,4,4,0,4,3,4,4,4,0,0,4,3,4,2,1,1,1,2,2,1,4,0,0,4,0,0,0,1,2,1,3,4,4,0,4,4,4,4,4,4,1,4,4,4,0,4,0,4,4,4,4,2,2,4,1,4,4,0,4,2,1,4,4,4,4,3,4,4,4,4,0,3,4,3,3,2,3,1,4,0,3,4,4,4,1,2,3,4,3,4,0,4,4,4,4,0,0,3,1,4,4,4,4,4,4,4,2,0,2,1,1,4,1,4,4,3,4,1,2,3,4,4,4,4,4,2,4,4,4,4,4,4,3,1,0,2,0,4,4,4,3,3,2,3,4,0,4,2,2,3,4,2,3,1,1,2,4,4,4,4,4,4,4,4,0,0,3,4,3,2,4,4,4,4,4,4,1,4,0,2,1,1,3,0,0,1,3,0,3,3,3,1,4,4,4,3,4,4,4,3,4,4,3,4,4,4,0,1,4,4,4,4,4,2,0,4,0,4,4,0,4,2,4,4,3,3,0,0,4,4,3,4,4,4,4,4,4,4,2,4,4,4,4,4,4,4,4,0,4,4,4,4,4,0,4,4,1,1,3,4"
81,1.4127781770180485,"4,2,4,4,4,0,0,4,1,4,2,1,4,1,4,2,3,4,4,4,0,4,3,4,4,4,0,0,4,3,4,2,1,1,1,2,2,1,4,0,0,4,0,0,0,1,2,1,3,4,4,0,4,4,4,4,4,4,1,4,4,4,0,4,0,4,4,4,4,2,2,4,1,4,4,0,4,2,1,4,4,4,4,3,4,4,4,4,0,3,4,3,3,2,3,1,4,4,3,4,4,4,1,2,3,4,3,4,0,4,4,4,4,0,0,3,1,4,4,4,4,4,4,4,2,0,2,1,2,4,1,4,4,3,0,1,2,3,4,4,4,4,4,2,4,4,4,4,4,4,3,1,0,2,0,4,4,4,3,3,2,3,4,0,4,2,2,3,4,2,2,1,1,2,4,4,4,4,4,4,4,4,0,3,3,4,3,2,4,4,4,4,4,4,2,4,0,2,1,1,3,0,0,1,3,0,3,3,3,1,4,4,4,3,4,4,4,3,4,4,3,4,4,4,0,4,4,4,4,4,4,2,0,4,0,4,4,0,4,2,4,4,3,3,0,0,4,4,3,4,4,4,4,4,4,4,2,4,4,4,4,4,4,4,4,0,4,4,4,4,4,0,4,4,1,1,3,4"
82,1.4134863045735593,"4,2,4,4,4,0,0,4,1,4,2,1,4,1,4,2,3,4,4,4,0,4,3,4,4,4,0,0,4,3,4,2,1,1,1,2,2,1,4,0,0,4,0,0,0,1,2,1,3,4,4,0,4,4,4,4,4,4,1,4,4,4,0,4,0,4,4,4,4,2,2,4,1,4,4,0,4,2,1,4,4,4,4,3,4,4,4,4,0,3,4,3,3,2,3,1,4,4,3,4,4,4,1,2,3,4,3,4,0,4,4,4,4,0,0,3,1,4,4,4,4,4,4,4,2,0,2,1,2,4,1,4,4,3,0,1,2,3,4,4,4,4,4,2,4,4,4,4,4,4,3,1,0,2,0,4,4,4,3,3,2,3,4,4,4,2,2,3,4,2,3,1,1,2,4,4,4,4,4,4,4,4,0,0,3,4,4,2,4,4,4,4,4,4,2,4,0,2,1,1,3,0,0,1,3,0,3,3,3,1,4,4,4,3,4,2,4,3,4,4,3,4,4,4,0,4,4,4,4,4,4,2,0,4,0,4,4,0,4,2,4,4,3,3,0,0,4,4,3,4,4,4,4,4,4,4,2,4,4,4,4,4,4,4,4,1,4,4,4,4,4,0,4,4,1,1,3,4"
83,1.413423138756399,"4,2,4,4,4,0,0,4,1,4,2,1,4,1,4,2,3,4,4,4,0,4,3,4,4,4,0,0,4,3,4,2,1,1,1,2,2,1,4,0,0,4,0,0,0,1,2,1,3,4,4,0,4,4,4,4,4,4,1,4,4,4,0,4,0,4,4,4,4,2,2,4,1,4,4,0,4,2,1,4,4,4,4,3,4,4,4,4,0,3,4,3,3,2,3,1,4,4,3,4,4,4,1,2,3,4,3,4,0,4,4,4,4,0,0,3,1,4,4,4,4,4,4,4,2,0,2,1,2,4,1,4,4,3,0,1,2,3,4,4,4,4,4,2,4,4,4,4,4,4,3,1,0,2,0,4,4,4,3,3,2,3,4,4,4,2,2,3,3,2,3,1,1,2,4,4,4,4,4,4,4,4,0,0,3,4,4,2,4,4,4,4,4,4,2,4,0,2,1,1,3,0,0,1,3,0,3,3,3,1,4,4,4,3,4,0,4,3,4,4,3,4,4,4,0,4,4,4,4,4,4,4,0,4,0,4,4,0,4,3,4,4,3,3,0,0,4,4,3,4,4,4,4,4,4,4,2,4,4,4,4,4,4,4,4,0,4,4,4,4,4,0,4,4,1,1,3,4"
84,1.4136005706060675,"4,2,4,4,4,0,0,4,1,4,2,1,4,1,4,2,3,4,4,4,0,4,3,4,4,4,0,0,4,3,4,2,1,1,1,2,2,1,4,0,0,4,0,0,0,1,2,1,3,4,4,0,4,4,4,4,4,4,1,4,4,4,0,4,0,4,4,4,4,2,2,4,1,4,4,0,4,2,1,4,4,4,4,3,4,4,4,4,0,3,4,3,3,2,3,1,4,4,3,4,4,4,1,2,3,4,3,4,0,4,4,4,4,0,0,3,1,4,4,4,4,4,4,4,2,0,2,1,2,4,1,4,4,3,0,1,2,3,4,4,4,4,4,2,4,4,4,4,4,4,3,1,0,2,0,4,4,4,3,3,2,3,4,4,4,2,2,3,4,2,3,1,1,2,4,4,4,4,4,4,4,4,0,0,3,4,4,2,4,4,4,4,4,4,2,4,0,2,1,1,3,0,0,1,3,0,3,3,3,1,4,4,4,3,4,2,4,3,4,4,3,4,4,4,0,4,4,4,4,4,4,2,0,4,0,4,4,0,4,2,4,4,3,3,0,0,4,4,3,4,4,4,4,4,4,4,2,4,4,4,4,4,4,4,4,0,4,4,4,4,4,0,4,4,1,1,3,4"
85,1.4139235431598678,"4,2,4,4,4,0,0,4,1,4,2,1,4,1,4,2,3,4,4,4,0,4,3,4,4,4,0,0,4,3,4,2,1,1,1,2,2,1,4,0,0,4,0,0,0,1,2,1,3,4,4,0,4,4,4,4,4,4,1,4,4,4,0,4,0,4,4,4,4,2,2,4,1,4,4,0,4,2,1,4,4,4,4,3,4,4,4,4,0,3,4,3,3,2,3,1,4,4,3,4,4,4,1,2,3,4,3,4,0,4,4,4,4,0,0,3,1,4,4,4,4,4,4,4,2,0,2,1,2,4,1,4,4,3,0,1,2,3,4,4,4,4,4,2,4,4,4,4,4,4,3,1,0,2,0,4,4,4,3,3,2,3,4,4,4,2,2,3,4,2,2,1,1,2,4,4,4,4,4,4,4,4,0,0,3,4,4,2,4,0,4,4,4,4,2,4,0,2,1,1,3,0,0,1,3,0,3,3,3,1,4,4,4,3,4,0,4,3,4,4,3,4,4,4,0,4,4,4,4,4,4,4,0,4,0,4,4,0,4,3,4,4,3,3,0,0,4,4,3,4,4,4,4,4,4,4,2,4,0,4,4,4,4,4,4,0,4,4,4,4,4,0,4,4,1,1,3,4"
86,1.413537906816881,"4,2,4,4,4,0,0,4,1,4,2,1,4,1,4,2,3,4,4,4,0,4,3,4,4,4,0,0,4,3,4,2,1,1,1,2,2,1,4,0,0,4,0,4,0,1,2,1,3,4,4,0,4,4,4,4,4,4,1,4,4,4,0,4,0,4,4,4,4,2,2,4,1,4,4,0,4,2,1,4,4,4,4,3,4,4,4,4,0,3,4,3,3,2,3,1,4,4,3,4,4,4,1,2,3,4,3,4,0,4,4,4,4,0,0,3,1,4,4,4,4,4,4,4,2,0,2,1,2,4,1,4,4,3,0,1,2,3,4,4,4,4,4,2,4,4,4,4,4,4,3,1,0,2,0,4,4,4,3,3,2,3,4,4,4,2,2,3,4,2,2,1,1,2,4,4,4,4,4,4,4,4,0,0,3,4,4,2,4,4,4,4,4,4,2,4,0,2,1,1,3,0,0,1,3,0,3,3,3,1,4,4,4,3,4,0,4,3,4,4,3,4,4,4,0,4,4,4,4,4,4,4,0,1,0,4,4,0,4,3,4,4,3,3,0,0,4,4,3,4,4,4,4,0,4,4,2,4,0,4,4,4,4,4,4,0,4,4,4,4,4,0,4,4,1,1,3,4"
87,1.4146758874022662,"4,2,4,4,4,0,0,4,1,4,2,1,4,1,4,2,3,4,4,4,0,4,3,4,4,4,0,0,4,3,4,2,1,1,1,2,2,1,4,0,0,4,0,4,0,1,2,1,3,4,4,0,4,4,4,4,4,4,1,4,4,4,0,4,0,4,4,4,4,2,2,4,1,4,4,0,4,2,1,4,4,4,4,3,4,4,4,4,0,3,4,3,3,2,3,1,4,4,3,4,4,4,1,2,3,4,3,4,0,4,4,4,4,0,0,3,1,4,4,4,4,4,4,4,2,0,2,1,2,4,1,4,4,3,0,1,2,3,4,4,4,4,4,2,4,4,4,4,4,4,1,1,0,2,0,4,4,4,3,3,2,3,4,4,4,2,2,3,4,2,2,1,1,2,4,4,4,4,4,4,4,4,0,0,3,4,4,2,4,4,4,4,4,4,2,4,0,2,1,1,3,0,0,1,3,0,3,3,3,1,4,4,4,3,4,0,4,3,4,4,3,4,4,4,0,4,4,4,4,4,4,4,0,4,0,4,4,0,4,3,4,4,3,3,0,0,4,4,3,4,4,4,4,4,4,4,2,4,4,4,4,4,4,4,4,0,4,4,4,4,4,0,4,4,1,1,3,4"
88,1.4147726108888232,"4,2,4,4,4,0,0,4,1,4,2,1,4,3,4,2,3,4,4,4,0,4,3,4,4,4,0,0,4,3,4,2,1,1,1,2,2,1,4,0,0,4,0,4,0,1,2,1,3,4,4,0,4,4,4,4,4,4,1,4,4,4,0,4,0,4,4,4,4,2,2,4,1,4,4,0,4,2,1,4,4,4,4,3,4,4,4,4,0,3,4,3,3,2,3,1,4,4,3,4,4,4,1,2,3,4,3,4,0,4,4,4,4,0,0,3,1,4,4,4,4,4,4,4,2,0,2,1,2,4,1,4,4,3,0,1,2,3,4,4,4,4,4,2,4,4,4,4,4,4,1,1,0,2,0,4,4,4,3,3,2,3,4,4,4,2,2,3,4,2,2,1,1,2,4,4,4,4,4,4,4,4,0,0,3,4,4,2,4,4,4,4,4,4,2,4,0,2,1,1,3,0,0,1,3,0,3,3,3,1,4,4,4,3,4,0,4,3,4,4,3,4,4,4,0,4,4,4,4,4,4,4,0,4,0,4,4,0,4,3,4,4,3,3,0,0,4,4,3,4,4,4,4,4,4,4,2,4,4,4,4,4,4,4,4,0,4,4,4,4,4,0,4,4,1,1,3,4"
89,1.4140743155276618,"4,2,4,4,4,0,0,4,1,4,2,1,4,3,4,2,3,4,4,4,0,4,3,4,4,4,0,0,4,3,4,2,1,1,1,2,2,1,4,0,0,4,0,4,0,1,2,1,3,4,4,0,4,4,4,4,4,4,1,4,4,4,0,4,0,4,4,4,4,2,2,4,1,4,4,0,4,2,1,4,4,4,4,3,4,4,4,4,0,3,4,3,3,2,3,1,4,4,3,4,4,4,1,2,3,4,3,2,0,4,4,4,4,0,0,3,1,4,4,4,4,4,4,4,2,0,2,1,2,4,1,4,4,3,0,1,2,3,4,4,4,4,4,2,4,4,4,4,4,4,1,1,0,2,0,4,4,4,3,3,2,3,4,4,4,2,2,3,4,2,2,1,1,2,4,4,4,4,4,4,4,4,0,0,3,4,4,2,4,4,4,4,4,4,2,4,0,2,1,1,3,0,0,1,3,0,3,3,3,1,4,4,4,3,4,0,4,3,4,4,3,4,4,4,0,4,4,4,3,4,4,4,0,4,0,4,4,0,4,3,4,4,3,3,0,0,4,4,3,4,4,4,4,4,4,4,2,4,4,4,4,4,4,4,4,0,4,4,4,4,4,0,4,4,1,1,3,4"
90,1.415204062489233,"4,2,4,4,4,0,0,4,1,4,2,1,4,3,4,2,3,4,4,4,0,4,3,4,4,4,0,0,4,3,4,2,1,1,1,2,2,1,4,0,0,4,0,4,0,1,2,1,3,4,4,0,4,4,4,4,4,4,1,4,4,4,0,4,0,4,4,4,4,2,2,4,0,4,4,0,4,2,1,4,4,4,4,3,4,4,4,4,0,4,4,3,3,2,3,1,4,4,3,4,4,4,1,2,3,4,3,4,0,4,4,4,4,0,0,3,1,4,4,4,4,4,4,4,2,0,2,1,2,4,1,4,4,3,0,1,2,3,4,4,4,4,4,2,4,4,4,4,4,4,1,1,0,2,0,4,4,4,3,3,2,3,4,4,4,2,2,3,4,2,2,1,1,2,4,4,4,4,4,4,4,4,0,0,3,4,4,2,4,4,4,4,4,4,2,4,0,2,1,1,3,0,0,1,3,0,3,3,3,1,4,4,4,3,4,0,4,3,4,4,3,4,4,4,0,4,4,4,4,4,4,4,0,4,0,4,4,0,4,3,4,4,3,3,0,0,4,4,3,4,4,4,4,4,4,4,2,4,4,4,4,4,4,4,4,0,4,4,4,4,4,0,4,4,1,1,3,4"
91,1.415204062489233,"4,2,4,4,4,0,0,4,1,4,2,1,4,3,4,2,3,4,4,4,0,4,3,4,4,4,0,0,4,3,4,2,1,1,1,2,2,1,4,0,0,4,0,4,0,1,2,1,3,4,4,0,4,4,4,4,4,4,1,4,4,4,0,4,0,4,4,4,4,2,2,4,0,4,4,0,4,2,1,4,4,4,4,3,4,4,4,4,0,4,4,3,3,2,3,1,4,4,3,4,4,4,1,2,3,4,3,4,0,4,4,4,4,0,0,3,1,4,4,4,4,4,4,4,2,0,2,1,2,4,1,4,4,3,0,1,2,3,4,4,4,4,4,2,4,4,4,4,4,4,1,1,0,2,0,4,4,4,3,3,2,3,4,4,4,2,2,3,4,2,2,1,1,2,4,4,4,4,4,4,4,4,0,0,3,4,4,2,4,4,4,4,4,4,2,4,0,2,1,1,3,0,0,1,3,0,3,3,3,1,4,4,4,3,4,0,4,3,4,4,3,4,4,4,0,4,4,4,4,4,4,4,0,4,0,4,4,0,4,3,4,4,3,3,0,0,4,4,3,4,4,4,4,4,4,4,2,4,4,4,4,4,4,4,4,0,4,4,4,4,4,0,4,4,1,1,3,4"
92,1.4149041406756564,"4,2,4,4,4,0,0,4,1,4,2,1,4,3,4,2,3,4,4,4,0,4,3,4,4,4,0,0,4,3,4,2,1,1,1,2,2,1,4,0,0,4,0,4,0,1,2,1,3,4,4,0,4,4,4,4,4,4,1,4,4,4,0,4,0,4,4,4,4,2,2,4,0,4,4,0,4,2,1,4,4,4,4,3,4,4,4,4,0,4,4,3,3,2,3,0,4,4,3,4,4,4,1,2,3,4,3,4,0,4,4,4,4,0,0,3,1,4,4,4,4,4,4,4,2,0,2,1,2,4,1,4,4,3,0,1,2,3,4,4,4,4,4,2,4,4,4,4,4,4,1,1,0,2,0,4,4,4,3,3,2,3,4,4,4,2,2,3,4,2,2,1,1,2,4,4,4,4,4,4,4,4,0,0,3,4,4,2,4,4,4,4,4,4,2,4,0,2,1,1,3,0,0,1,3,0,3,3,3,1,4,4,4,3,4,0,4,3,4,4,3,4,4,4,0,4,4,4,4,4,4,4,0,4,0,4,4,0,4,3,4,4,3,3,0,3,4,4,3,4,4,4,4,4,4,4,2,4,4,4,4,4,4,4,4,0,4,4,4,4,4,0,4,4,1,1,3,4"
93,1.4139204438793993,"4,2,4,4,4,0,0,4,1,4,2,1,4,3,4,2,3,4,4,4,0,4,3,4,4,4,0,0,4,3,4,2,1,1,1,2,2,1,4,0,0,4,0,4,0,1,2,1,3,4,4,0,4,4,4,4,4,4,1,4,4,4,0,4,0,4,4,4,4,2,2,4,0,4,4,0,4,2,1,4,4,4,4,3,4,4,4,4,0,4,4,3,3,2,3,0,4,4,3,4,4,4,1,2,3,4,3,4,0,4,4,4,4,0,0,2,1,4,4,4,4,4,4,4,2,0,2,1,2,4,1,4,4,3,0,1,2,3,4,4,4,4,4,2,4,4,4,4,4,4,1,1,0,2,0,4,4,4,3,3,2,3,4,4,4,2,2,3,4,2,2,1,1,2,4,4,4,4,4,4,4,4,0,0,3,4,4,2,4,4,4,4,4,4,2,4,0,2,1,1,0,2,0,1,0,0,3,3,3,1,4,4,4,3,4,0,4,3,4,4,3,4,4,4,0,4,1,4,4,4,4,4,0,4,0,4,4,0,4,0,4,4,3,3,0,0,4,4,3,4,4,4,4,4,4,4,2,4,4,4,4,4,4,4,4,2,4,4,4,4,4,0,4,4,1,1,3,4"
94,1.4140319536615311,"4,2,4,4,4,0,0,4,1,4,2,1,4,3,4,2,3,4,4,4,0,4,3,4,4,4,0,0,4,3,4,2,1,1,1,2,2,1,4,0,0,4,0,4,0,1,2,1,3,4,4,0,4,4,4,0,4,4,1,4,4,4,0,4,0,4,4,4,4,2,2,4,0,4,4,0,4,2,1,4,4,4,4,3,4,4,4,4,0,4,4,3,3,2,3,1,4,4,3,4,4,4,1,2,3,4,3,4,0,4,4,4,4,0,0,3,1,4,4,4,4,4,4,4,2,0,2,1,2,4,1,4,4,3,0,1,2,3,4,4,4,4,4,2,4,4,4,4,4,4,1,1,0,2,0,4,4,4,3,3,2,3,4,4,4,2,2,3,4,2,2,1,1,2,4,4,4,4,4,4,4,4,0,0,3,4,4,2,4,4,4,4,4,4,2,4,0,2,1,1,3,0,0,1,3,0,3,3,3,1,4,4,4,3,4,0,4,1,4,4,3,4,4,4,0,4,4,4,4,4,4,4,0,4,0,4,4,0,4,3,4,4,3,3,0,0,4,4,3,4,4,4,4,4,4,4,2,4,4,4,4,4,4,4,4,0,4,4,4,4,4,1,4,4,1,1,2,4"
95,1.4164916631201108,"4,2,4,4,4,0,0,4,1,4,2,1,4,3,4,2,3,4,4,4,0,4,3,4,4,4,0,0,4,3,4,2,1,1,1,2,2,1,4,0,0,4,0,4,0,1,2,1,3,4,4,0,4,4,4,4,4,4,1,4,4,4,0,4,0,4,4,4,4,2,2,4,0,4,4,0,4,2,1,4,4,4,4,3,4,4,4,4,4,4,4,3,3,2,3,1,4,4,3,4,4,4,1,4,3,4,3,4,0,4,4,4,4,0,0,3,1,4,4,4,4,4,4,4,2,0,2,1,2,4,1,4,4,3,0,1,2,3,4,4,4,4,4,2,4,4,4,4,4,4,1,1,0,2,0,4,4,4,3,3,2,3,4,4,4,2,2,3,4,2,2,1,1,2,4,4,4,4,4,4,4,4,0,0,3,4,4,2,4,4,4,4,4,4,2,4,0,2,1,1,3,0,0,1,3,0,3,3,3,1,4,4,4,3,4,0,4,3,4,4,3,4,4,4,0,4,4,4,4,4,4,4,0,4,0,4,4,0,4,3,4,4,3,3,0,0,4,4,3,4,4,4,4,4,4,4,2,4,4,4,4,4,4,4,4,0,4,4,4,4,4,0,4,4,1,1,2,4"
96,1.4164916631201108,"4,2,4,4,4,0,0,4,1,4,2,1,4,3,4,2,3,4,4,4,0,4,3,4,4,4,0,0,4,3,4,2,1,1,1,2,2,1,4,0,0,4,0,4,0,1,2,1,3,4,4,0,4,4,4,4,4,4,1,4,4,4,0,4,0,4,4,4,4,2,2,4,0,4,4,0,4,2,1,4,4,4,4,3,4,4,4,4,4,4,4,3,3,2,3,1,4,4,3,4,4,4,1,4,3,4,3,4,0,4,4,4,4,0,0,3,1,4,4,4,4,4,4,4,2,0,2,1,2,4,1,4,4,3,0,1,2,3,4,4,4,4,4,2,4,4,4,4,4,4,1,1,0,2,0,4,4,4,3,3,2,3,4,4,4,2,2,3,4,2,2,1,1,2,4,4,4,4,4,4,4,4,0,0,3,4,4,2,4,4,4,4,4,4,2,4,0,2,1,1,3,0,0,1,3,0,3,3,3,1,4,4,4,3,4,0,4,3,4,4,3,4,4,4,0,4,4,4,4,4,4,4,0,4,0,4,4,0,4,3,4,4,3,3,0,0,4,4,3,4,4,4,4,4,4,4,2,4,4,4,4,4,4,4,4,0,4,4,4,4,4,0,4,4,1,1,2,4"
97,1.4167174793644939,"4,2,4,4,4,0,0,4,1,4,2,1,4,3,4,2,3,4,4,4,0,4,3,4,4,4,0,0,4,3,4,2,1,1,1,2,2,1,4,0,0,4,0,4,0,1,2,1,3,4,4,0,4,4,4,4,4,4,1,4,4,4,0,4,0,4,4,4,4,2,2,4,0,4,4,0,4,2,1,4,4,4,4,3,4,4,4,4,4,4,4,3,3,2,3,1,4,4,3,4,4,4,1,4,3,4,3,4,0,4,4,4,4,0,0,3,1,4,4,4,4,4,4,4,2,0,2,1,2,4,1,4,4,3,0,1,2,3,4,4,4,4,4,2,4,4,4,4,4,4,1,1,0,2,0,4,4,4,3,3,2,3,4,4,4,2,2,3,4,2,2,1,1,2,4,4,4,4,4,4,4,4,0,0,3,4,4,2,4,4,4,4,4,4,2,4,0,2,1,1,3,0,0,1,3,0,3,3,3,1,4,4,4,3,4,0,4,3,4,4,3,4,4,4,0,4,4,4,4,4,4,4,0,4,0,4,4,0,4,3,4,4,3,3,0,0,4,4,3,4,4,4,4,4,4,4,2,4,4,4,4,4,4,4,4,0,4,4,4,4,4,0,4,4,1,1,3,4"
98,1.4171150502679382,"4,2,4,4,4,0,0,4,1,4,2,1,4,3,4,2,3,4,4,4,0,4,3,4,4,4,0,0,4,3,4,2,1,1,1,2,2,1,4,0,0,4,0,4,0,1,2,1,3,4,4,0,4,4,4,4,4,4,1,4,4,4,0,4,0,4,4,4,4,2,2,4,0,4,4,0,4,2,1,4,4,4,4,3,4,4,4,4,4,4,4,4,3,2,3,1,4,4,3,4,4,4,1,4,3,4,3,4,0,4,4,4,4,0,0,3,1,4,4,4,4,4,4,4,2,0,2,1,2,4,1,4,4,3,0,1,2,3,4,4,4,4,4,2,4,4,4,4,4,4,1,1,0,2,0,4,4,4,3,3,2,3,4,4,4,2,2,3,4,2,2,1,1,2,4,4,4,4,4,4,4,4,0,0,3,4,4,2,4,4,4,4,4,4,2,4,0,2,1,1,3,0,0,1,3,0,3,3,3,1,4,4,4,3,4,0,4,3,4,4,3,4,4,4,0,4,4,4,4,4,4,4,0,4,0,4,4,0,4,3,4,4,3,3,0,0,4,4,3,4,4,4,4,4,4,4,2,4,4,4,4,4,4,4,4,0,4,4,4,4,4,0,4,4,1,1,3,4"
99,1.4171150502679382,"4,2,4,4,4,0,0,4,1,4,2,1,4,3,4,2,3,4,4,4,0,4,3,4,4,4,0,0,4,3,4,2,1,1,1,2,2,1,4,0,0,4,0,4,0,1,2,1,3,4,4,0,4,4,4,4,4,4,1,4,4,4,0,4,0,4,4,4,4,2,2,4,0,4,4,0,4,2,1,4,4,4,4,3,4,4,4,4,4,4,4,4,3,2,3,1,4,4,3,4,4,4,1,4,3,4,3,4,0,4,4,4,4,0,0,3,1,4,4,4,4,4,4,4,2,0,2,1,2,4,1,4,4,3,0,1,2,3,4,4,4,4,4,2,4,4,4,4,4,4,1,1,0,2,0,4,4,4,3,3,2,3,4,4,4,2,2,3,4,2,2,1,1,2,4,4,4,4,4,4,4,4,0,0,3,4,4,2,4,4,4,4,4,4,2,4,0,2,1,1,3,0,0,1,3,0,3,3,3,1,4,4,4,3,4,0,4,3,4,4,3,4,4,4,0,4,4,4,4,4,4,4,0,4,0,4,4,0,4,3,4,4,3,3,0,0,4,4,3,4,4,4,4,4,4,4,2,4,4,4,4,4,4,4,4,0,4,4,4,4,4,0,4,4,1,1,3,4"
100,1.4161655887171114,"4,2,4,4,4,0,0,4,1,4,2,1,4,3,4,2,3,4,4,4,0,4,3,4,4,4,0,0,4,3,4,2,1,1,1,2,2,1,4,0,0,4,0,4,0,1,2,1,3,4,4,0,4,4,4,4,1,4,1,4,4,4,0,4,0,4,4,4,4,2,2,4,0,4,4,0,4,2,1,4,4,4,4,3,4,4,4,4,4,4,4,4,3,2,3,1,4,4,3,4,4,4,1,4,3,4,3,4,0,4,4,4,4,0,0,3,1,4,4,4,4,4,4,4,2,0,2,1,2,4,1,4,4,3,0,1,2,3,4,4,4,4,4,2,4,4,4,4,4,4,1,1,0,2,0,4,4,4,3,3,2,3,4,4,4,2,2,3,4,2,2,1,1,2,4,4,4,4,4,4,4,4,0,0,3,4,4,2,4,4,4,4,4,4,2,4,0,2,1,1,3,0,0,1,3,0,3,3,3,1,4,4,4,3,4,0,4,3,4,4,3,4,4,4,0,4,4,4,4,4,4,4,0,4,0,4,4,0,4,3,4,4,3,3,0,0,4,4,3,4,4,4,4,4,4,4,2,4,4,4,4,4,4,4,4,0,4,4,4,4,4,0,4,4,1,1,3,4"
101,1.4164361548302764,"4,2,4,4,4,0,0,4,1,4,2,1,4,3,4,2,3,4,4,4,0,4,3,4,4,4,0,0,4,3,4,2,1,1,1,2,2,1,4,0,0,4,0,4,0,1,2,1,3,4,4,0,4,4,4,4,1,4,1,4,4,4,3,4,0,4,4,4,4,2,2,4,0,4,4,0,4,2,1,4,4,4,4,3,4,4,4,4,4,4,4,4,3,2,3,1,4,4,3,4,4,4,1,4,3,4,3,4,0,4,4,4,4,0,0,3,1,4,4,4,4,4,4,4,2,0,2,1,2,4,1,4,4,3,0,1,2,3,4,4,4,4,4,2,4,4,4,4,4,4,1,1,0,2,0,4,4,4,3,3,2,3,4,4,4,2,2,3,4,2,2,1,1,2,4,4,4,4,4,4,4,4,0,0,3,4,4,2,4,4,4,4,4,4,2,4,0,2,1,1,3,0,0,1,3,0,3,3,3,1,4,4,4,3,4,0,4,3,4,4,4,4,4,4,0,4,4,4,4,4,4,4,0,4,0,4,4,0,4,3,4,4,3,3,0,0,4,4,3,4,4,4,4,4,4,4,2,4,4,4,4,4,4,4,4,0,4,4,4,4,4,0,4,4,1,1,3,4"
102,1.4177878534402726,"0,2,4,4,4,0,0,4,1,4,2,1,4,3,4,2,3,4,4,4,0,4,3,4,4,4,0,0,4,3,4,2,1,1,1,2,2,1,4,0,0,4,0,4,0,1,2,1,3,4,4,0,4,4,4,4,4,4,1,4,4,4,0,4,0,4,4,4,4,2,2,4,0,4,4,0,4,2,1,4,4,4,4,3,4,4,4,4,4,4,4,4,3,2,3,1,4,4,3,4,4,4,1,4,3,4,3,4,0,4,4,4,4,0,0,3,1,4,4,4,4,4,4,4,2,0,2,1,2,4,1,4,4,3,0,1,2,3,4,4,4,4,4,2,4,4,4,4,4,4,1,1,0,2,0,4,4,4,3,3,2,3,4,4,4,2,2,3,4,2,2,1,1,2,4,4,4,4,4,4,4,4,0,0,3,4,4,2,4,4,4,4,4,4,2,4,0,2,1,1,3,0,0,1,3,0,3,3,3,1,4,4,4,3,4,0,4,3,4,4,4,4,4,4,0,4,4,4,4,4,4,4,0,4,0,4,4,0,4,3,4,4,3,3,0,0,4,4,3,4,4,4,4,4,4,4,2,4,4,4,4,4,4,4,4,0,4,4,4,4,4,0,4,4,1,1,3,4"
103,1.418131984078281,"0,2,4,4,4,0,0,4,1,4,2,1,4,3,4,2,3,4,4,4,0,4,3,4,4,4,0,0,4,3,4,2,1,1,1,2,2,1,4,0,0,4,0,4,0,1,2,1,3,4,4,0,4,4,4,4,4,4,1,4,4,4,0,4,0,4,4,4,4,2,2,4,0,4,4,0,4,2,1,4,4,4,4,3,4,4,4,4,4,4,4,4,3,2,3,1,4,4,3,4,4,4,1,4,3,4,3,4,0,4,4,4,4,0,0,3,1,4,4,4,4,4,4,4,2,0,2,1,2,4,1,4,4,3,0,1,2,3,4,4,4,4,4,2,4,4,4,4,4,4,1,1,0,2,0,4,4,4,3,3,2,3,4,4,4,2,2,3,4,2,2,1,1,2,4,4,4,4,4,4,4,4,0,0,3,4,4,2,4,4,4,4,4,4,2,4,0,2,1,1,3,0,0,1,3,1,3,3,3,1,4,4,4,3,4,0,4,3,4,4,3,4,4,4,0,4,4,4,4,4,4,4,0,4,0,4,4,0,4,3,4,4,3,3,0,0,4,4,3,4,4,4,4,4,4,4,2,4,4,4,4,4,4,4,4,4,4,4,4,4,4,4,4,4,1,1,3,4"
104,1.4184196355660597,"0,2,4,4,4,0,0,4,1,4,2,1,4,3,4,2,4,4,4,4,0,4,3,4,4,4,0,0,4,3,4,2,1,1,1,2,2,1,4,0,0,4,0,4,0,1,2,1,3,4,4,0,4,4,4,4,4,4,1,4,4,4,0,4,0,4,4,4,4,2,2,4,0,4,4,0,4,2,1,4,4,4,4,3,4,4,4,4,4,4,4,4,3,2,3,1,4,4,3,4,4,4,1,4,3,4,3,4,0,4,4,4,4,0,0,3,1,4,4,4,4,4,4,4,2,0,2,1,2,4,1,4,4,3,0,1,2,3,4,4,4,4,4,2,4,4,4,4,4,4,1,1,0,2,0,4,4,4,3,3,2,3,4,4,4,2,2,3,4,2,2,1,1,2,4,4,4,4,4,4,4,4,0,0,3,4,4,2,4,4,4,4,4,4,2,4,0,2,1,1,3,0,0,1,3,1,3,3,3,1,4,4,4,3,4,0,4,3,4,4,3,4,4,4,0,4,4,4,4,4,4,4,0,4,0,4,4,0,4,3,4,4,3,3,0,0,4,4,3,4,4,4,4,4,4,4,2,4,4,4,4,4,4,4,4,4,4,4,4,4,4,3,4,4,1,1,3,4"
105,1.4182481466751797,"0,2,4,4,4,0,0,4,1,4,2,1,4,3,4,2,4,4,4,4,4,4,3,4,4,4,0,0,4,3,4,2,1,1,1,2,2,1,4,0,0,4,0,4,0,1,2,1,3,4,4,0,4,4,4,4,4,4,1,4,4,4,0,4,0,4,4,4,4,2,2,4,0,4,4,0,4,2,1,4,4,4,4,3,4,4,4,4,4,4,4,4,3,2,3,1,4,4,3,4,4,4,1,4,3,4,3,4,0,4,4,4,4,0,0,3,1,4,4,4,4,4,4,4,2,0,2,1,2,4,1,4,4,3,0,1,2,3,4,4,4,4,4,2,4,4,4,4,4,4,1,1,0,2,0,4,4,4,3,3,2,3,4,4,4,2,2,3,4,2,2,1,1,2,4,4,4,4,4,4,4,4,0,0,3,4,4,2,4,4,4,4,4,4,2,4,0,2,1,1,3,0,0,1,3,0,3,3,3,1,4,4,4,3,4,0,4,3,4,4,4,4,4,4,0,4,4,4,4,4,4,4,0,4,0,4,4,0,4,3,4,4,3,3,0,0,4,4,3,4,4,4,4,4,4,4,2,4,4,4,4,4,4,4,4,0,4,4,4,4,4,0,4,4,1,1,3,4"
106,1.4177192968311556,"0,2,4,4,4,0,0,4,1,4,2,1,4,3,4,2,4,4,4,4,4,4,3,4,4,4,0,0,4,3,4,2,1,1,1,2,2,1,4,0,0,4,0,4,0,1,2,1,3,4,4,0,1,4,4,4,4,4,1,4,4,4,0,4,0,4,4,4,4,2,2,4,3,4,4,0,4,2,1,4,4,4,4,3,4,4,4,4,4,4,4,4,3,2,3,1,4,4,3,4,4,4,1,4,3,4,3,4,0,4,4,4,4,0,0,3,1,4,0,4,4,4,4,3,2,0,2,1,2,4,1,4,4,3,0,1,2,3,4,4,4,4,4,2,4,4,4,4,4,4,1,1,0,2,0,4,4,4,3,3,2,3,4,4,4,2,2,4,4,2,2,1,1,2,4,4,4,4,4,4,4,4,0,0,3,4,4,2,4,4,4,4,4,4,2,4,0,2,1,1,3,0,0,1,3,1,3,3,3,1,4,4,4,3,4,0,4,3,4,4,4,4,4,4,0,4,4,4,4,4,4,4,0,4,0,4,4,0,4,3,4,4,3,3,0,0,4,4,3,4,4,4,4,4,4,4,2,4,4,4,4,4,4,4,4,4,4,4,4,4,4,0,4,4,1,1,3,4"
107,1.4179714486347295,"0,2,4,4,4,0,0,4,1,4,2,1,4,3,4,2,4,4,4,4,4,4,3,4,4,4,0,0,4,3,4,2,1,1,1,2,2,1,4,0,0,4,0,4,0,1,2,1,3,4,4,0,4,4,4,4,4,4,1,4,4,4,0,4,0,4,4,4,4,2,2,4,3,4,4,0,4,2,1,4,4,4,4,3,4,4,4,4,4,4,4,4,3,2,3,1,4,4,3,4,4,4,1,4,3,4,3,4,0,4,4,4,4,0,0,3,1,4,4,4,4,4,4,4,2,0,2,1,2,4,1,4,4,3,0,1,2,3,4,4,4,4,4,2,4,4,4,4,4,4,1,1,0,2,0,4,4,4,3,3,2,3,4,4,4,2,2,3,4,2,2,1,1,2,4,4,4,4,4,4,4,4,0,0,3,4,4,2,4,4,4,4,4,4,2,4,0,2,1,1,3,0,0,1,3,0,3,3,3,1,4,4,4,3,4,0,4,3,4,4,4,4,4,4,0,4,4,4,4,4,4,4,0,4,0,4,4,0,4,3,4,4,3,3,0,0,4,4,3,4,4,4,4,4,4,4,2,4,4,4,4,4,4,4,0,4,4,4,4,4,4,0,4,4,1,1,3,4"
108,1.4182555063256215,"0,2,4,4,4,0,0,4,1,4,2,1,4,3,4,2,4,4,4,4,4,4,3,4,4,4,0,0,4,3,4,2,1,1,1,2,2,1,4,0,0,4,0,4,0,1,2,1,3,4,4,0,4,4,4,4,4,4,1,4,4,4,0,4,0,4,4,4,4,2,2,4,3,4,4,0,4,2,1,4,4,4,4,3,4,4,4,4,4,4,4,4,3,2,3,1,4,4,3,4,4,4,1,4,3,4,3,4,0,4,4,4,4,0,0,3,1,4,4,4,4,4,4,4,2,0,2,1,2,4,1,4,4,3,0,1,2,3,4,4,4,4,4,2,4,4,4,4,4,4,1,1,0,2,0,4,4,4,3,3,2,3,4,4,4,2,2,3,4,2,2,1,1,2,4,4,4,4,4,4,4,4,0,0,3,4,4,2,4,4,4,2,4,4,2,4,0,0,1,1,3,0,0,1,3,0,3,3,3,1,4,4,4,3,4,0,4,3,4,4,4,4,4,4,0,4,4,4,4,4,4,4,0,4,0,4,4,0,4,3,4,4,3,3,0,0,4,4,3,4,4,4,4,4,4,4,2,4,4,4,4,4,4,4,4,4,4,4,4,4,4,0,4,4,1,1,3,4"
109,1.4182535781432082,"0,2,4,4,4,0,0,4,1,4,2,1,4,3,4,2,4,4,4,4,4,4,3,4,4,4,0,0,4,3,4,2,1,1,1,2,2,1,4,0,0,4,0,4,0,1,2,1,3,4,4,0,4,4,4,4,4,4,1,4,4,4,0,4,0,4,4,4,4,2,2,4,3,4,4,0,4,2,1,4,4,4,4,3,4,4,4,4,4,4,4,4,3,2,3,1,4,4,3,4,4,4,1,4,3,4,3,4,0,4,4,4,4,0,0,3,1,4,4,4,4,4,4,4,2,0,2,1,2,4,1,4,4,1,0,1,2,3,4,4,4,4,4,2,4,4,4,4,4,4,1,1,0,2,0,4,4,4,3,3,2,3,4,4,4,2,2,4,4,2,2,1,1,2,4,4,4,4,4,4,4,4,0,0,3,4,4,2,4,4,4,4,4,4,2,4,0,2,1,1,3,0,0,1,3,1,3,3,3,1,4,4,4,3,4,0,4,3,0,4,4,4,4,4,0,4,4,4,4,4,4,4,0,4,0,4,4,0,4,3,4,4,3,3,0,0,4,4,3,4,4,4,4,4,4,4,2,4,4,4,4,4,4,4,4,4,4,4,4,4,4,0,4,4,1,1,3,4"
110,1.4193719959490636,"0,2,4,4,4,0,0,4,1,4,2,1,4,3,4,2,4,4,4,4,4,4,3,4,4,4,0,0,4,3,4,2,1,1,1,2,2,1,4,0,0,4,0,4,0,1,2,1,3,4,4,4,4,4,4,4,4,4,1,4,4,4,0,4,0,4,4,4,4,2,2,4,0,4,4,0,4,2,1,4,4,4,4,3,4,4,4,4,4,4,4,4,3,2,3,1,4,4,3,4,4,4,1,4,3,4,3,4,0,4,4,4,4,0,0,3,1,4,4,4,4,4,4,4,2,0,2,1,2,4,1,4,4,3,0,1,2,3,4,4,4,4,4,2,4,4,4,4,4,4,1,1,0,2,0,4,4,4,3,3,2,3,4,4,4,2,2,4,4,2,2,1,1,2,4,4,4,4,4,4,4,4,0,0,3,4,4,2,4,4,4,4,4,4,2,4,0,2,1,1,3,0,0,1,3,1,3,3,3,1,4,4,4,3,4,0,4,3,4,4,4,4,4,4,0,4,4,4,4,4,4,4,0,4,0,4,4,0,4,3,4,4,3,3,0,0,4,4,3,4,4,4,4,4,4,4,2,4,4,4,4,4,4,4,4,4,4,4,4,4,4,0,4,4,1,1,3,4"
111,1.4188146458617947,"0,2,4,4,4,0,0,4,1,4,2,1,4,3,4,2,4,4,4,4,4,4,3,4,4,4,0,0,4,3,4,2,1,1,1,2,2,1,4,0,0,2,0,4,0,1,2,1,3,4,4,4,4,4,4,4,4,4,1,4,4,4,0,4,0,4,4,4,4,2,2,4,0,4,4,0,4,2,1,4,4,4,4,3,4,4,4,4,4,4,4,4,3,2,3,1,4,4,3,4,4,4,1,4,3,4,3,4,0,4,4,4,4,0,0,3,1,4,4,4,4,4,4,4,2,0,2,1,2,4,1,4,4,3,0,1,2,3,4,4,4,4,4,2,4,4,4,4,4,4,1,1,0,2,0,4,4,4,3,3,2,3,4,4,4,2,2,4,4,2,2,1,1,2,4,4,4,4,4,4,4,4,0,0,3,4,4,2,4,4,4,4,4,4,2,4,0,2,1,1,3,0,0,1,3,1,3,3,3,1,4,4,4,3,4,0,4,3,4,4,4,4,4,4,0,4,4,4,4,4,4,4,0,4,0,4,4,0,4,3,4,4,3,3,0,0,4,4,3,4,4,4,4,4,4,4,2,4,4,4,4,4,4,4,4,4,4,4,4,4,4,0,4,4,2,1,3,4"
112,1.420058165709584,"0,2,4,4,4,0,0,4,1,4,2,1,4,3,4,2,4,4,4,4,0,4,3,4,4,4,0,0,4,4,4,2,1,1,1,2,2,4,4,0,0,4,0,4,0,1,2,1,3,4,4,0,4,4,4,4,4,4,1,4,4,4,0,4,0,4,4,4,4,2,2,4,3,4,4,0,4,2,1,4,4,4,4,3,4,4,4,4,4,4,4,4,3,2,3,1,4,4,3,4,4,4,1,4,3,4,3,4,0,4,4,4,4,0,0,3,1,4,4,4,4,4,4,4,2,0,2,1,2,4,1,4,4,3,0,1,2,3,4,4,4,4,4,2,4,4,4,4,4,4,1,1,0,2,0,4,4,4,3,3,2,3,4,4,4,2,2,4,4,2,2,1,1,2,4,4,4,4,4,4,4,4,0,0,3,4,4,2,4,4,4,4,4,4,2,4,0,0,1,1,3,4,0,1,3,1,3,3,3,1,4,4,4,3,4,0,4,3,4,4,4,4,4,4,0,4,4,4,4,4,4,4,0,4,0,4,4,0,4,3,4,4,3,3,0,0,4,4,3,4,4,4,4,4,4,4,2,4,4,4,4,4,4,4,4,4,4,4,4,4,4,0,4,4,2,1,3,4"
113,1.420460991662475,"0,2,4,4,4,0,0,4,1,4,2,1,4,3,4,2,4,4,4,4,0,4,3,4,4,4,0,0,4,4,4,2,1,1,1,2,2,4,4,0,0,4,0,4,0,1,2,1,3,4,4,0,4,4,4,4,4,4,1,4,4,4,0,4,0,4,4,4,4,2,2,4,0,4,4,0,4,2,1,4,4,4,4,4,4,4,4,4,4,4,4,4,3,2,3,1,4,4,3,4,4,4,1,4,3,4,3,4,0,4,4,4,4,0,0,3,1,4,4,4,4,4,4,4,2,0,2,1,2,4,1,4,4,3,0,1,2,3,4,4,4,4,4,2,4,4,4,4,4,4,1,2,0,2,0,4,4,4,3,3,2,3,4,4,4,2,2,3,4,2,2,1,1,2,4,4,4,4,4,4,4,4,0,0,3,4,4,2,4,4,4,4,4,4,2,4,0,0,1,1,3,0,0,1,3,1,3,3,3,1,4,4,4,3,4,0,4,3,4,4,4,4,4,4,0,4,4,4,4,4,4,4,0,4,0,4,4,0,4,3,4,4,3,3,0,0,4,4,3,4,4,4,4,4,4,4,3,4,4,4,4,4,4,0,4,4,4,4,4,4,4,0,4,4,2,1,3,4"
114,1.4201072735302511,"0,2,4,4,4,0,0,4,1,4,2,1,4,3,4,2,4,4,4,4,0,4,3,4,4,4,0,0,4,4,4,2,1,1,1,2,2,4,4,0,0,4,0,4,0,1,2,1,3,4,4,0,4,4,4,4,4,4,1,4,4,4,0,4,0,4,4,4,4,2,0,4,0,4,4,0,4,2,1,4,4,4,4,4,4,4,4,4,4,4,4,4,3,2,3,1,4,4,3,4,4,4,1,4,3,4,3,4,0,4,4,4,4,0,0,3,1,4,4,4,4,4,4,4,2,0,2,1,2,4,1,4,4,3,0,1,2,3,4,4,4,4,4,2,4,4,4,4,4,4,1,2,0,2,0,4,4,4,3,3,2,3,4,4,4,2,2,3,4,2,2,1,1,2,4,4,4,4,4,4,4,4,0,0,3,4,4,2,4,4,4,4,4,4,2,4,0,0,1,1,3,0,0,1,3,1,3,3,3,1,4,4,4,3,4,0,4,3,4,4,4,4,4,4,0,0,4,4,4,4,4,4,0,4,0,4,4,0,4,3,4,4,3,3,0,0,4,4,3,4,4,4,4,4,4,4,3,4,4,4,4,4,4,0,4,4,4,4,4,4,4,0,4,4,2,1,3,4"
115,1.4196597595308844,"0,2,4,4,4,0,0,4,1,4,2,1,4,3,4,2,4,4,4,4,0,4,3,4,4,4,0,0,4,4,4,2,1,1,1,2,2,4,4,0,0,4,0,4,0,1,2,1,3,4,4,0,4,4,4,4,4,4,1,4,4,4,0,4,0,4,4,4,4,2,0,4,0,4,4,0,4,2,1,4,4,4,4,4,4,4,4,4,4,4,4,4,3,2,3,1,4,4,3,4,4,4,1,4,3,4,3,4,0,4,4,4,4,0,0,3,1,4,4,0,4,4,4,4,2,0,2,1,2,4,1,4,4,3,0,1,2,3,4,4,4,4,4,2,4,4,4,4,4,4,1,2,0,2,0,4,4,4,3,3,2,3,4,4,4,2,2,3,4,2,2,1,1,2,4,4,4,4,4,4,4,4,0,0,3,4,4,2,4,4,4,4,4,4,2,4,0,2,1,1,3,0,0,1,3,1,3,3,3,1,4,4,4,3,4,0,4,3,4,4,4,4,4,4,0,0,4,4,4,4,4,4,0,4,0,4,4,0,4,3,4,4,3,3,0,0,4,4,3,4,4,4,4,4,4,4,3,4,4,4,4,4,4,0,4,4,4,4,4,4,4,0,4,4,2,1,3,4"
116,1.4196597595308844,"0,2,4,4,4,0,0,4,1,4,2,1,4,3,4,2,4,4,4,4,0,4,3,4,4,4,0,0,4,4,4,2,1,1,1,2,2,4,4,0,0,4,0,4,0,1,2,1,3,4,4,0,4,4,4,4,4,4,1,4,4,4,0,4,0,4,4,4,4,2,0,4,0,4,4,0,4,2,1,4,4,4,4,4,4,4,4,4,4,4,4,4,3,2,3,1,4,4,3,4,4,4,1,4,3,4,3,4,0,4,4,4,4,0,0,3,1,4,4,0,4,4,4,4,2,0,2,1,2,4,1,4,4,3,0,1,2,3,4,4,4,4,4,2,4,4,4,4,4,4,1,2,0,2,0,4,4,4,3,3,2,3,4,4,4,2,2,3,4,2,2,1,1,2,4,4,4,4,4,4,4,4,0,0,3,4,4,2,4,4,4,4,4,4,2,4,0,2,1,1,3,0,0,1,3,1,3,3,3,1,4,4,4,3,4,0,4,3,4,4,4,4,4,4,0,0,4,4,4,4,4,4,0,4,0,4,4,0,4,3,4,4,3,3,0,0,4,4,3,4,4,4,4,4,4,4,3,4,4,4,4,4,4,0,4,4,4,4,4,4,4,0,4,4,2,1,3,4"
117,1.4211261634839907,"0,2,4,4,4,0,0,4,1,4,2,1,4,3,4,2,4,4,4,4,0,4,3,4,4,4,0,0,4,4,4,2,1,1,1,2,2,4,4,0,0,4,0,4,0,1,2,1,3,4,4,0,4,4,4,4,4,4,1,4,4,4,0,4,0,4,4,4,4,2,2,4,0,4,4,0,4,2,1,4,4,4,4,4,4,4,4,4,4,4,4,4,3,2,3,1,4,4,3,4,4,4,1,4,3,4,3,4,0,4,4,4,4,0,0,3,1,4,4,4,4,4,4,4,2,0,2,1,2,4,1,4,4,3,0,1,2,3,4,4,4,4,4,2,4,4,4,4,4,4,1,2,0,2,0,4,4,4,3,3,2,3,4,4,4,2,2,3,4,2,2,1,1,2,4,4,4,4,4,4,4,4,0,0,3,4,4,2,4,4,4,4,4,4,2,4,0,0,1,1,3,0,0,1,3,1,3,3,3,1,4,4,4,3,4,0,4,3,4,4,4,4,4,4,0,4,4,4,4,4,4,4,0,4,0,4,4,0,4,3,4,4,3,3,0,4,4,4,3,4,4,4,4,4,4,4,2,4,4,4,4,4,4,4,4,4,4,4,4,4,4,0,4,4,2,1,3,4"
118,1.42158038131281,"0,2,4,4,4,0,0,4,1,4,2,1,4,3,4,2,4,4,4,4,0,4,3,4,4,4,0,0,4,4,4,2,1,1,1,2,2,4,4,0,0,4,0,4,0,1,2,1,3,4,4,0,4,4,4,4,4,4,1,4,4,4,0,4,0,4,4,4,4,2,2,4,0,4,4,0,4,2,1,4,4,4,4,4,4,4,4,4,4,4,4,4,3,2,3,1,4,4,3,4,4,4,1,4,3,4,3,4,0,4,4,4,4,0,0,3,1,4,4,4,4,4,4,4,2,0,2,1,2,4,4,4,4,3,0,1,2,3,4,4,4,4,4,2,4,4,4,4,4,4,1,2,0,2,0,4,4,4,3,3,2,3,4,4,4,2,2,3,4,2,2,1,1,2,4,4,4,4,4,4,4,4,0,0,3,4,4,2,4,4,4,4,4,4,2,4,0,0,1,1,3,0,0,1,3,1,3,3,3,1,4,4,4,3,4,0,4,3,4,4,4,4,4,4,0,4,4,4,4,4,4,4,0,4,0,4,4,0,4,3,4,4,3,3,0,4,4,4,3,4,4,4,4,4,4,4,2,4,4,4,4,4,4,4,4,4,4,4,4,4,4,0,4,4,2,1,3,4"
119,1.420330262625669,"0,2,4,4,4,0,0,4,1,4,2,1,4,3,4,2,4,4,4,4,0,4,3,4,4,4,0,0,4,4,4,2,1,1,1,2,2,4,4,0,0,4,0,4,0,1,2,1,3,4,4,0,4,4,4,4,4,4,1,4,4,4,0,4,0,4,4,4,4,2,2,4,0,4,4,0,4,2,1,4,4,4,4,4,4,4,4,4,4,4,4,4,3,2,3,1,4,4,4,4,4,4,1,4,3,4,3,4,0,4,4,4,4,0,0,3,1,4,4,4,4,4,4,4,2,0,2,1,2,4,4,4,4,3,1,1,2,3,4,3,4,4,4,2,4,4,4,4,4,4,1,2,0,2,0,4,4,4,3,3,2,3,4,4,4,2,2,3,4,2,2,1,1,2,4,4,4,4,4,4,4,4,0,0,3,4,4,2,4,4,4,4,4,4,2,4,0,0,1,1,3,0,0,1,3,1,1,3,3,1,4,4,4,3,4,0,4,3,4,4,4,4,4,4,0,4,4,1,4,4,4,3,0,4,0,4,4,0,4,3,4,4,3,3,0,4,4,4,3,4,4,4,4,4,4,4,2,4,4,4,4,4,4,4,4,4,4,4,4,4,4,0,4,4,2,1,3,4"
120,1.4217514453872857,"0,2,4,4,4,0,0,4,1,4,2,1,4,3,4,2,4,4,4,4,0,4,3,4,4,4,0,0,4,4,4,2,1,1,1,2,2,4,4,0,0,4,0,4,0,1,2,1,3,4,4,0,4,4,4,4,4,4,1,4,4,4,0,4,0,4,4,4,4,2,2,4,0,4,4,0,4,2,1,4,4,4,4,4,4,4,4,4,4,4,4,4,3,2,3,1,4,4,4,4,4,4,1,4,3,4,3,4,0,4,4,4,4,0,0,3,1,4,4,4,4,4,4,4,2,0,2,1,2,4,4,4,4,3,1,1,2,3,4,3,4,4,4,2,4,4,4,4,4,4,1,2,0,2,0,4,4,4,3,3,2,3,4,4,4,2,2,3,4,2,2,1,1,2,4,4,4,4,4,4,4,4,0,0,3,4,4,2,4,4,4,4,4,4,2,4,0,0,1,1,3,0,0,1,3,1,3,3,3,1,4,4,4,3,4,3,4,3,4,4,4,4,4,4,0,4,4,4,4,4,4,4,0,4,4,4,4,0,4,3,4,4,3,3,0,4,4,4,3,4,4,4,4,4,4,4,2,4,4,4,4,4,4,4,4,4,4,4,4,4,4,0,4,4,2,1,3,4"
121,1.4217514453872857,"0,2,4,4,4,0,0,4,1,4,2,1,4,3,4,2,4,4,4,4,0,4,3,4,4,4,0,0,4,4,4,2,1,1,1,2,2,4,4,0,0,4,0,4,0,1,2,1,3,4,4,0,4,4,4,4,4,4,1,4,4,4,0,4,0,4,4,4,4,2,2,4,0,4,4,0,4,2,1,4,4,4,4,4,4,4,4,4,4,4,4,4,3,2,3,1,4,4,4,4,4,4,1,4,3,4,3,4,0,4,4,4,4,0,0,3,1,4,4,4,4,4,4,4,2,0,2,1,2,4,4,4,4,3,1,1,2,3,4,3,4,4,4,2,4,4,4,4,4,4,1,2,0,2,0,4,4,4,3,3,2,3,4,4,4,2,2,3,4,2,2,1,1,2,4,4,4,4,4,4,4,4,0,0,3,4,4,2,4,4,4,4,4,4,2,4,0,0,1,1,3,0,0,1,3,1,3,3,3,1,4,4,4,3,4,3,4,3,4,4,4,4,4,4,0,4,4,4,4,4,4,4,0,4,4,4,4,0,4,3,4,4,3,3,0,4,4,4,3,4,4,4,4,4,4,4,2,4,4,4,4,4,4,4,4,4,4,4,4,4,4,0,4,4,2,1,3,4"
122,1.4202544144603992,"0,2,4,4,4,0,0,4,1,4,2,1,4,3,4,2,4,4,4,4,0,4,3,4,4,0,0,0,4,4,4,2,1,1,1,2,2,4,4,0,0,4,0,4,0,1,2,1,3,4,4,0,4,4,4,4,4,4,1,4,4,4,0,4,0,4,4,4,4,2,2,4,0,4,4,0,4,2,1,4,4,4,4,4,4,4,4,4,4,4,4,4,3,2,3,1,4,4,4,4,4,4,1,4,3,4,3,4,0,4,4,4,4,0,0,3,1,4,4,4,4,4,4,4,2,0,2,1,2,4,4,4,4,3,1,1,2,3,4,3,4,4,4,2,4,4,4,4,4,4,1,2,0,2,0,4,4,4,3,3,2,3,4,4,4,2,2,3,4,2,2,1,1,2,4,4,4,4,4,4,4,4,0,0,3,4,4,2,4,4,4,4,4,4,2,4,0,0,1,1,3,0,0,1,3,1,3,3,3,1,4,4,4,3,4,0,4,3,4,4,4,4,4,3,0,4,4,4,4,4,4,4,0,4,0,4,4,0,4,3,4,4,3,3,0,4,4,4,3,4,4,4,4,4,4,4,2,4,4,4,4,4,4,4,4,4,4,4,4,4,4,0,4,4,2,1,4,4"
123,1.4191589170555405,"0,2,4,4,4,0,0,4,1,4,2,1,4,3,4,2,4,4,4,4,0,4,3,4,4,0,0,0,4,4,4,2,1,1,1,2,2,4,4,0,0,4,0,4,0,1,2,1,3,4,4,0,4,4,4,4,4,4,1,4,4,4,0,4,0,4,4,4,4,2,2,4,0,4,4,0,4,2,1,4,4,4,4,4,4,4,4,4,4,4,4,4,3,2,3,1,4,4,4,4,4,4,1,4,3,4,3,4,0,4,4,4,4,0,0,3,1,4,4,4,4,4,4,4,2,0,2,1,2,4,4,4,4,3,1,1,2,3,4,3,4,4,4,2,4,4,3,4,4,4,1,2,0,2,0,4,4,4,3,3,2,3,4,4,4,2,2,3,4,2,2,1,1,2,4,4,4,4,4,4,4,4,0,0,1,4,4,2,3,4,4,4,4,4,2,4,0,0,1,1,3,0,0,1,3,1,3,3,3,1,4,4,4,3,4,0,4,3,4,4,4,4,4,3,0,4,4,4,4,4,4,4,0,4,0,4,4,0,4,3,4,4,3,3,0,4,4,4,3,4,4,4,4,4,4,4,2,4,4,4,4,4,4,4,4,4,4,4,4,4,4,0,4,4,2,1,4,4"
124,1.4199606841648615,"0,2,4,4,4,0,0,4,1,4,2,1,4,3,4,2,4,4,4,4,0,4,3,4,4,4,0,0,4,4,4,2,1,1,1,2,2,4,4,0,0,4,0,4,0,1,2,1,3,4,4,0,4,4,4,4,4,4,1,4,4,4,0,4,0,4,4,4,4,2,2,4,0,4,4,0,4,2,1,4,4,4,4,4,4,4,4,4,4,4,4,4,3,2,3,1,4,4,4,4,4,4,1,4,0,4,3,4,0,4,4,4,4,0,0,3,1,4,4,4,4,4,2,4,2,0,2,1,2,4,4,4,4,3,0,1,2,3,4,4,4,4,4,2,4,4,4,4,4,4,1,2,0,2,0,4,4,4,3,3,2,3,4,4,4,2,2,3,4,2,2,1,1,2,4,4,4,4,4,4,4,4,0,0,3,4,4,2,4,4,4,4,4,4,2,4,0,0,1,1,3,0,0,1,3,1,3,3,3,1,4,3,4,3,4,0,4,3,4,4,4,4,4,4,4,4,4,4,4,4,4,0,0,4,0,4,4,0,4,3,4,4,3,3,0,4,2,4,3,4,4,4,4,4,4,4,2,0,4,4,4,4,4,4,4,4,4,4,4,4,4,0,4,4,2,1,4,4"
125,1.4212386825349141,"0,2,4,4,4,0,0,4,1,4,2,1,4,3,4,2,4,4,4,4,0,4,3,4,4,4,0,0,4,4,4,2,1,1,1,2,2,4,4,0,0,4,0,4,0,1,2,1,3,4,4,0,4,4,4,4,4,4,1,4,4,4,0,4,0,4,4,4,4,2,2,4,0,4,4,0,4,2,1,4,4,4,4,4,4,4,4,4,4,4,4,4,3,2,3,1,4,4,4,4,4,4,1,4,3,4,3,4,0,4,4,4,4,0,0,3,1,4,4,4,4,4,4,0,2,0,2,1,2,4,4,4,4,3,0,1,2,3,4,4,4,4,4,2,4,4,4,4,4,4,1,2,0,2,0,4,4,4,3,3,2,3,4,4,4,2,2,3,4,2,2,1,1,2,4,4,4,4,4,4,4,4,0,0,3,4,4,2,4,4,4,4,4,4,2,4,0,0,1,1,3,0,0,1,3,1,3,3,3,1,4,4,4,3,4,0,4,3,4,4,4,4,4,4,0,4,4,4,4,4,4,4,0,4,0,4,4,0,4,3,4,4,3,3,0,4,3,4,3,4,4,4,4,4,4,4,2,4,4,4,4,4,4,4,4,4,4,4,4,4,4,0,4,4,2,1,4,4"
126,1.42158038131281,"0,2,4,4,4,0,0,4,1,4,2,1,4,3,4,2,4,4,4,4,0,4,3,4,4,4,0,0,4,4,4,2,1,1,1,2,2,4,4,0,0,4,0,4,0,1,2,1,3,4,4,0,4,4,4,4,4,4,1,4,4,4,0,4,0,4,4,4,4,2,2,4,0,4,4,0,4,2,1,4,4,4,4,4,4,4,4,4,4,4,4,4,3,2,3,1,4,4,3,4,4,4,1,4,3,4,3,4,0,4,4,4,4,0,0,3,1,4,4,4,4,4,4,4,2,0,2,1,2,4,4,4,4,3,0,1,2,3,4,4,4,4,4,2,4,4,4,4,4,4,1,2,0,2,0,4,4,4,3,3,2,3,4,4,4,2,2,3,4,2,2,1,1,2,4,4,4,4,4,4,4,4,0,0,3,4,4,2,4,4,4,4,4,4,2,4,0,0,1,1,3,0,0,1,3,1,3,3,3,1,4,4,4,3,4,0,4,3,4,4,4,4,4,4,0,4,4,4,4,4,4,4,0,4,0,4,4,0,4,3,4,4,3,3,0,4,4,4,3,4,4,4,4,4,4,4,2,4,4,4,4,4,4,4,4,4,4,4,4,4,4,0,4,4,2,1,3,4"
127,1.4224062755410019,"0,2,4,4,4,0,0,4,1,4,2,1,4,3,4,2,4,4,4,4,0,4,3,4,4,4,0,0,4,4,4,2,1,1,1,2,2,4,4,0,0,4,0,4,0,1,2,1,3,4,4,0,4,4,4,4,4,4,1,4,4,4,0,4,0,4,4,4,4,2,2,4,0,4,4,0,4,2,1,4,4,4,4,4,4,4,4,4,4,4,4,4,3,2,3,1,4,4,4,4,4,4,1,4,3,4,3,4,0,4,4,4,4,0,0,3,1,4,4,4,4,4,4,4,2,0,2,1,2,4,4,4,4,3,0,1,2,3,4,4,4,4,4,2,4,4,4,4,4,4,1,2,0,2,0,4,4,4,3,3,2,3,4,4,4,2,2,3,4,2,2,1,1,2,4,4,4,4,4,4,4,4,0,0,3,4,4,2,4,4,4,4,4,4,2,4,0,0,1,1,3,0,0,1,3,3,3,3,0,1,4,4,4,3,4,3,4,3,4,4,4,4,4,4,0,4,4,4,4,4,4,4,0,1,4,4,4,0,4,3,4,4,3,3,0,4,4,4,3,4,4,4,4,4,4,4,2,4,4,4,4,4,4,4,4,4,4,4,4,4,4,0,4,4,2,1,4,4"
128,1.422147200445777,"0,2,4,4,4,0,0,4,1,4,2,1,4,3,4,2,4,4,4,4,0,4,3,4,4,4,0,0,4,4,4,2,1,1,1,2,2,4,4,0,0,4,0,4,0,1,2,1,3,4,4,0,4,4,4,4,4,4,1,4,4,4,0,4,0,4,4,4,4,2,2,4,0,4,4,0,4,2,1,4,4,4,4,4,4,4,4,4,4,4,4,4,3,2,3,1,4,4,4,4,4,4,1,4,3,4,3,4,0,4,4,4,4,0,0,3,1,4,4,4,4,4,4,4,2,0,2,1,2,4,4,4,4,3,0,1,2,3,4,4,4,4,4,2,4,4,4,4,4,4,1,2,0,2,0,4,4,4,3,3,2,3,4,4,4,2,2,3,4,2,2,1,1,2,4,4,4,4,4,4,4,4,0,0,3,4,4,2,4,4,4,4,4,4,2,4,0,0,1,1,3,0,0,1,3,1,3,3,0,1,4,4,4,3,4,3,4,3,4,4,4,4,4,4,0,4,4,4,4,4,4,4,0,1,4,4,4,0,4,3,4,4,3,3,0,4,4,4,3,4,4,4,4,4,4,4,2,4,4,4,4,4,4,4,4,4,4,4,4,4,4,0,4,4,2,1,3,4"
129,1.4225655818165737,"0,2,4,4,4,0,0,4,1,4,2,1,4,3,4,2,4,4,4,4,0,4,3,4,4,4,0,0,4,4,4,2,1,1,1,2,2,4,4,0,0,4,0,4,0,1,2,1,3,4,4,0,4,4,4,4,4,4,4,4,4,4,0,4,0,4,4,4,4,2,2,4,0,4,4,0,4,2,1,4,4,4,4,4,4,4,4,4,4,4,4,4,3,2,3,1,4,4,4,4,4,4,1,4,3,4,3,4,0,4,4,4,4,0,0,3,1,4,4,4,4,4,4,4,2,0,2,1,2,4,4,4,4,3,0,1,2,3,4,4,4,4,4,2,4,4,4,4,4,4,1,2,0,2,0,4,4,4,3,3,2,3,4,4,4,2,2,3,4,2,2,1,1,2,4,4,4,4,4,4,4,4,0,0,3,4,4,2,4,4,4,4,4,4,2,4,0,0,1,1,3,0,0,1,3,1,3,3,0,1,4,4,4,3,4,3,4,3,4,4,4,4,4,4,0,4,4,4,4,4,4,4,0,1,4,4,4,0,4,3,4,4,3,3,0,4,4,4,3,4,4,4,4,4,4,4,2,4,4,4,4,4,4,4,4,4,4,4,4,4,4,0,4,4,2,1,3,4"
130,1.4225655818165737,"0,2,4,4,4,0,0,4,1,4,2,1,4,3,4,2,4,4,4,4,0,4,3,4,4,4,0,0,4,4,4,2,1,1,1,2,2,4,4,0,0,4,0,4,0,1,2,1,3,4,4,0,4,4,4,4,4,4,4,4,4,4,0,4,0,4,4,4,4,2,2,4,0,4,4,0,4,2,1,4,4,4,4,4,4,4,4,4,4,4,4,4,3,2,3,1,4,4,4,4,4,4,1,4,3,4,3,4,0,4,4,4,4,0,0,3,1,4,4,4,4,4,4,4,2,0,2,1,2,4,4,4,4,3,0,1,2,3,4,4,4,4,4,2,4,4,4,4,4,4,1,2,0,2,0,4,4,4,3,3,2,3,4,4,4,2,2,3,4,2,2,1,1,2,4,4,4,4,4,4,4,4,0,0,3,4,4,2,4,4,4,4,4,4,2,4,0,0,1,1,3,0,0,1,3,1,3,3,0,1,4,4,4,3,4,3,4,3,4,4,4,4,4,4,0,4,4,4,4,4,4,4,0,1,4,4,4,0,4,3,4,4,3,3,0,4,4,4,3,4,4,4,4,4,4,4,2,4,4,4,4,4,4,4,4,4,4,4,4,4,4,0,4,4,2,1,3,4"
131,1.4227329279706442,"0,2,4,4,4,0,0,4,1,4,2,1,4,3,4,2,4,4,4,4,0,4,3,4,4,4,0,0,4,4,4,2,1,1,1,2,2,4,4,0,0,4,0,4,0,1,2,1,3,4,4,0,4,4,4,4,4,4,4,4,4,4,0,4,0,4,4,4,4,2,2,4,0,4,4,0,4,2,1,4,4,4,4,4,4,4,4,4,4,4,4,4,3,2,3,1,4,4,4,4,4,4,1,4,3,4,3,4,0,4,4,4,4,0,0,3,1,4,4,4,4,4,4,4,2,0,2,1,2,4,4,4,4,3,0,1,2,3,4,4,4,4,4,2,4,4,4,4,4,4,1,2,0,2,0,4,4,4,3,3,2,3,4,4,4,2,2,3,4,2,2,1,1,2,4,4,4,4,4,4,4,4,0,0,3,4,4,2,4,4,4,4,4,4,2,4,0,0,1,1,3,0,0,1,3,1,3,3,0,1,4,4,4,3,4,3,4,3,4,4,4,4,4,4,0,4,4,4,4,4,4,4,0,1,4,4,4,0,4,3,4,4,3,3,0,4,4,4,3,4,4,4,4,4,4,4,2,4,4,4,4,4,4,4,4,4,4,4,4,4,4,0,4,4,2,1,4,4"
132,1.423242710579804,"0,2,4,4,4,0,0,4,1,4,2,1,4,3,4,2,4,4,4,4,0,4,3,4,4,4,0,0,4,4,4,2,1,1,1,2,2,4,4,0,0,4,0,4,0,1,2,1,3,4,4,0,4,4,4,4,4,4,4,4,4,4,0,4,0,4,4,4,4,2,2,4,0,4,4,4,4,2,1,4,4,4,4,4,4,4,4,4,4,4,4,4,3,4,3,1,4,4,4,4,4,4,1,4,3,4,3,4,0,4,4,4,4,0,0,3,1,4,4,4,4,4,4,4,2,0,2,1,2,4,4,4,4,3,0,1,2,3,4,4,4,4,4,2,4,4,4,4,4,1,1,2,0,2,0,4,4,4,3,3,2,3,4,4,4,2,2,3,4,2,2,1,1,2,4,4,4,4,4,4,4,4,0,0,3,4,4,2,4,4,4,4,4,4,2,4,0,0,1,1,3,0,0,1,3,1,3,3,0,1,4,4,4,3,4,3,4,3,4,4,4,4,4,4,0,4,4,4,4,4,4,4,0,1,4,4,4,0,4,3,4,4,3,3,4,4,4,4,3,4,4,4,4,4,4,4,2,4,4,4,4,4,4,4,4,4,4,4,4,4,4,0,4,4,2,1,3,4"
133,1.4234200418544927,"0,2,4,4,4,0,0,4,1,4,2,1,4,3,4,2,4,4,4,4,0,4,3,4,4,4,0,0,4,4,4,2,1,1,1,2,2,4,4,0,0,4,0,4,0,1,2,1,3,4,4,0,4,4,4,4,4,4,4,4,4,4,0,4,0,4,4,4,4,2,2,4,0,4,4,4,4,2,1,4,4,4,4,4,4,4,4,4,4,4,4,4,3,4,3,1,4,4,4,4,4,4,1,4,3,4,3,4,0,4,4,4,4,0,0,3,1,4,4,4,4,4,4,4,2,0,2,1,2,4,4,4,4,3,0,1,2,3,4,4,4,4,4,2,4,4,4,4,4,4,1,2,0,2,0,4,4,4,3,3,2,3,4,4,4,2,2,3,4,2,2,1,1,2,4,4,4,4,4,4,4,4,0,0,3,4,4,2,4,4,4,4,4,4,2,4,0,0,1,1,3,0,0,1,3,1,3,3,0,1,4,4,4,3,4,3,4,3,4,4,4,4,4,4,0,4,4,4,4,4,4,4,0,1,4,4,4,0,4,3,4,4,3,3,0,4,4,4,3,4,4,4,4,4,4,4,2,4,4,4,4,4,4,4,4,4,4,4,4,4,4,0,4,4,2,1,4,4"
134,1.4219781073568036,"0,2,4,4,4,0,0,4,1,4,2,1,4,3,4,2,4,4,4,4,0,4,3,4,4,4,0,0,4,4,4,2,1,1,1,2,2,4,4,0,0,4,0,4,0,1,2,1,3,4,4,0,4,4,4,4,4,4,4,4,4,4,0,4,0,4,4,4,4,2,2,4,0,4,4,4,4,2,1,4,4,4,4,4,4,4,4,4,4,4,4,4,3,4,3,1,4,4,4,4,4,4,1,4,3,4,3,4,0,4,4,4,4,0,0,3,1,4,4,4,4,4,4,4,2,0,2,1,2,4,4,4,4,3,0,1,2,3,4,4,4,4,4,2,4,4,4,4,4,1,1,2,0,2,0,4,4,4,3,3,2,3,4,4,4,2,2,3,4,2,2,1,1,2,4,4,4,4,4,4,4,4,0,0,3,4,4,2,1,4,4,4,4,4,2,4,0,0,1,1,3,0,0,1,3,1,3,3,0,1,4,4,4,3,4,3,4,3,4,4,4,4,4,4,0,4,4,4,4,4,4,4,0,1,4,4,4,0,4,3,2,4,3,3,2,4,4,4,3,4,4,4,4,4,4,4,2,4,4,4,4,4,4,4,4,4,4,4,4,4,4,0,4,4,2,1,3,4"
135,1.4235733475894419,"0,2,4,4,4,0,0,4,1,4,2,1,4,3,4,2,4,4,4,4,0,4,3,4,4,4,0,0,4,4,4,2,1,1,1,2,2,4,4,0,0,4,0,4,0,1,2,1,3,4,4,0,4,4,4,4,4,4,4,4,4,4,0,4,0,4,4,4,4,2,2,4,0,4,4,4,4,2,1,4,4,4,4,4,4,4,4,4,4,4,4,4,3,4,3,1,4,4,4,4,4,4,1,4,3,4,3,4,0,4,4,4,4,0,0,3,1,4,4,4,4,4,4,4,2,0,2,1,2,4,4,4,4,3,0,1,2,3,4,4,4,4,4,2,4,4,4,4,4,4,1,2,0,2,0,4,4,4,3,3,2,3,4,4,4,2,2,3,4,2,2,1,1,2,4,4,4,4,4,4,4,4,0,0,3,4,4,2,4,4,4,4,4,4,2,4,0,0,1,1,3,0,0,1,3,1,3,3,0,1,4,4,4,3,4,3,4,3,4,4,4,4,4,4,0,4,4,4,4,4,4,4,0,1,4,4,4,0,4,3,4,4,3,3,4,4,4,4,3,4,4,4,4,4,4,4,2,4,4,4,4,4,4,4,4,4,4,4,4,4,4,0,4,4,2,1,3,4"
136,1.4235143028939967,"0,2,4,4,4,0,0,4,1,4,2,1,4,3,4,2,4,4,4,4,0,4,3,4,4,4,0,0,4,4,4,2,1,1,1,2,2,4,4,0,0,4,0,4,0,1,2,1,3,4,4,0,4,4,4,4,4,4,4,4,4,4,0,4,0,4,4,4,4,2,2,4,0,4,4,4,4,2,1,4,4,4,4,4,4,4,4,4,4,4,4,4,3,4,3,1,4,4,4,4,4,4,1,4,3,4,3,4,0,4,4,4,4,0,0,3,1,4,4,4,4,4,4,4,2,0,2,1,2,4,4,4,4,3,0,1,2,3,4,4,4,4,4,2,4,4,4,4,4,4,1,2,0,2,0,4,4,4,3,3,2,3,4,4,4,2,2,3,4,2,2,1,1,2,4,4,4,4,4,4,4,4,0,0,3,4,4,2,4,4,4,4,4,4,2,4,0,0,1,3,3,0,0,1,3,1,3,3,0,1,4,4,4,3,4,3,4,3,4,4,4,4,4,4,0,4,4,4,4,4,4,4,0,1,4,4,4,0,4,3,4,4,3,3,0,4,4,4,3,4,4,4,4,4,4,4,2,4,4,4,4,4,4,4,4,4,4,4,4,4,4,0,4,4,2,1,4,4"
137,1.4231115292153322,"0,2,4,4,4,0,0,4,1,4,2,1,4,3,4,2,4,4,4,4,0,4,3,4,4,4,0,0,4,4,4,2,1,1,1,2,2,4,4,0,0,4,0,4,0,1,2,1,3,4,4,2,4,4,4,4,4,4,4,4,4,4,0,4,0,4,4,4,4,2,2,4,0,4,4,4,4,2,1,4,4,4,4,4,4,4,4,4,4,4,4,4,3,4,3,1,4,4,4,4,4,4,1,4,3,4,3,4,0,4,4,4,4,0,0,3,1,4,4,4,4,4,4,4,2,0,2,1,2,4,4,4,4,3,0,1,2,3,4,4,4,4,4,2,4,4,4,4,4,4,1,2,0,2,0,4,4,4,3,3,2,3,4,4,4,2,2,3,4,2,2,1,1,2,4,4,4,4,4,4,4,4,0,0,3,4,4,2,4,4,4,4,4,4,2,4,0,0,1,3,3,0,0,1,3,1,3,3,0,1,4,4,4,3,4,3,4,3,4,4,4,4,4,4,0,4,4,4,4,4,4,4,0,1,4,4,4,0,4,3,4,4,3,3,0,4,4,4,3,4,4,4,4,4,4,4,2,4,4,4,4,4,4,4,4,4,4,4,4,4,4,0,4,4,2,1,3,4"
138,1.4236816981239797,"0,2,4,4,4,0,0,4,1,4,2,1,4,3,4,2,4,4,4,4,0,4,3,4,4,4,0,0,4,4,4,2,1,1,1,2,2,4,4,0,0,4,0,4,0,1,2,1,3,4,4,0,4,4,4,4,4,4,4,4,4,4,0,4,0,4,4,4,4,2,2,4,0,4,4,4,4,2,1,4,4,4,4,4,4,4,4,4,4,4,4,4,3,4,3,1,4,4,4,4,4,4,1,4,3,4,3,4,0,4,4,4,4,0,0,3,1,4,4,4,4,4,4,4,2,0,2,1,2,4,4,4,4,3,0,1,2,3,4,4,4,4,4,2,4,4,4,4,4,4,1,2,0,2,0,4,4,4,3,3,2,3,4,4,4,2,2,3,4,2,2,1,1,2,4,4,4,4,4,4,4,4,0,0,3,4,4,2,4,4,4,4,4,1,2,4,0,0,1,3,3,0,0,1,3,1,3,3,0,1,4,4,4,3,4,3,4,3,4,4,4,4,4,4,0,4,4,4,4,4,4,4,0,1,4,4,4,0,4,3,4,4,3,3,4,4,4,4,4,4,4,4,4,4,4,4,2,4,4,4,4,4,4,4,4,4,4,4,4,4,4,0,4,4,2,1,4,4"
139,1.4228267066012275,"0,2,4,4,4,0,0,4,1,4,2,1,4,3,4,2,4,4,4,4,0,4,3,4,4,4,0,0,4,4,4,2,1,1,1,2,2,4,4,0,0,4,0,4,0,1,2,1,3,4,4,0,4,4,4,4,4,4,4,4,4,4,0,4,0,4,4,4,4,2,2,4,0,4,4,4,4,2,1,4,4,4,4,4,4,4,4,4,4,4,4,4,3,4,3,1,4,4,4,4,4,4,1,4,3,4,3,4,0,4,4,4,4,0,0,3,1,4,4,4,4,4,4,4,2,0,2,1,2,4,4,4,4,3,0,1,2,3,4,4,4,4,4,2,4,4,4,4,4,4,1,2,0,2,0,4,4,4,3,3,2,3,4,4,4,2,2,3,4,2,2,1,1,2,4,4,4,4,4,4,4,4,0,0,3,4,4,2,4,4,4,4,4,4,2,4,0,0,1,3,3,0,0,1,3,1,3,3,0,1,4,4,4,3,4,3,3,3,4,4,4,4,4,4,0,4,4,4,4,4,4,4,0,1,4,4,4,0,4,3,4,4,3,3,0,4,4,4,1,4,4,4,4,4,4,4,2,0,4,4,4,4,4,4,4,4,4,4,4,4,4,0,4,4,2,1,4,4"
140,1.4241069593017153,"0,2,4,4,4,0,0,4,1,4,2,1,4,3,4,2,4,4,4,4,0,4,3,4,4,4,4,0,4,4,4,2,1,1,1,2,2,4,4,0,0,4,0,4,0,1,2,1,3,4,4,0,4,4,4,4,4,4,4,4,4,4,0,4,0,4,4,4,4,2,2,4,0,4,4,4,4,2,1,4,4,4,4,4,4,4,4,4,4,4,4,4,3,4,3,1,4,4,4,4,4,4,1,4,3,4,3,4,0,4,4,4,4,0,0,3,1,4,4,4,4,4,4,4,2,0,2,1,2,4,4,4,4,3,0,1,2,3,4,4,4,4,4,2,4,4,4,4,4,4,1,2,0,2,0,4,4,4,3,3,2,3,4,4,4,2,2,3,4,2,2,1,1,2,4,4,4,4,4,4,4,4,0,0,3,4,4,2,4,4,4,4,4,4,2,4,0,0,1,1,3,0,0,1,3,1,3,3,0,1,4,4,4,3,4,3,4,3,4,4,4,4,4,4,0,4,4,4,4,4,4,4,0,1,4,4,4,0,4,3,4,4,3,3,4,4,4,4,3,4,4,4,4,4,4,4,2,4,4,4,4,4,4,4,4,4,4,4,4,4,4,0,4,4,2,1,4,4"
141,1.4225954043802367,"0,2,4,4,4,0,0,4,1,4,2,1,4,0,4,2,4,4,4,4,0,4,3,4,4,4,4,0,4,4,4,2,1,1,1,2,2,4,4,0,0,4,0,4,0,1,2,1,3,4,4,0,4,4,4,4,4,4,4,4,4,4,0,4,0,4,4,4,4,2,2,4,0,2,4,4,4,2,1,4,4,4,4,4,4,4,4,4,4,4,4,4,3,4,3,1,4,4,4,4,4,4,1,4,3,4,3,4,0,4,4,4,4,0,0,3,1,4,4,4,4,4,4,4,2,0,2,1,2,4,2,4,4,3,0,1,2,3,4,4,4,4,4,2,4,4,4,4,4,4,1,2,0,2,0,4,4,4,3,3,2,3,4,4,4,2,2,3,4,2,2,1,1,2,4,4,4,4,4,4,4,4,0,0,3,4,4,2,4,4,4,4,4,4,2,4,0,0,1,1,3,0,0,1,3,1,3,3,0,1,4,4,4,3,4,3,4,3,4,4,4,4,4,4,0,4,4,4,4,4,4,4,0,1,4,4,4,0,4,3,4,4,3,3,4,4,4,4,4,4,4,4,4,4,4,4,2,4,4,4,4,0,4,4,4,4,4,4,4,4,4,0,4,4,2,1,4,4"
142,1.424570230885329,"0,2,4,4,4,0,0,4,1,4,2,1,4,0,4,2,4,4,4,4,0,4,3,4,4,4,4,0,4,4,4,2,1,1,1,2,2,4,4,0,0,4,0,4,0,1,2,1,3,4,4,0,4,4,4,4,4,4,4,4,4,4,0,4,0,4,4,4,4,2,2,4,0,4,4,4,4,2,1,4,4,4,4,4,4,4,4,4,4,4,4,4,3,4,3,1,4,4,4,4,4,4,1,4,3,4,3,4,0,4,4,4,4,0,0,3,1,4,4,4,4,4,4,4,2,0,2,1,2,4,4,4,4,3,0,1,2,3,4,4,4,4,4,2,4,4,4,4,4,4,1,2,0,2,0,4,4,4,3,3,2,3,4,4,4,2,2,3,4,2,2,1,1,2,4,4,4,4,4,4,4,4,0,0,3,4,4,2,4,4,4,4,4,4,2,4,0,0,1,1,3,0,0,1,3,1,3,3,0,1,4,4,4,3,4,3,4,3,4,4,4,4,4,4,0,4,4,4,4,4,4,4,4,1,4,4,4,0,4,3,4,4,3,3,4,4,4,4,4,4,4,4,4,4,4,4,2,4,4,4,4,4,4,4,4,4,4,4,4,4,4,0,4,4,2,1,4,4"
143,1.4237790312576686,"0,2,4,4,4,0,0,4,1,4,2,1,4,0,4,2,4,4,4,4,0,4,3,4,4,4,4,0,4,4,4,2,1,1,1,2,2,4,4,0,0,4,0,4,0,1,2,1,3,4,4,0,4,4,1,4,4,4,4,4,4,4,0,4,0,4,4,4,4,2,2,4,2,4,4,4,4,2,1,4,4,4,4,4,4,4,4,4,4,4,4,4,3,4,3,1,4,4,4,4,4,4,1,4,3,4,3,4,0,4,4,4,4,0,0,3,1,4,4,4,4,4,4,4,2,0,2,1,2,4,4,4,4,3,0,1,2,3,4,4,4,4,4,2,4,4,4,4,4,4,1,2,0,2,0,4,4,4,3,3,2,3,4,4,4,2,2,3,4,2,2,1,1,2,4,4,4,4,4,4,4,4,0,0,3,4,4,2,4,4,4,4,4,4,2,4,0,0,1,1,3,0,0,1,3,1,3,3,0,1,4,4,4,3,4,3,4,3,4,4,4,4,4,4,0,4,4,4,4,4,4,4,4,1,4,4,4,0,4,3,4,4,3,3,4,4,4,4,4,4,4,4,4,4,4,4,2,4,4,4,4,4,4,4,4,4,4,4,4,4,4,0,4,4,2,1,4,4"
144,1.4237790312576686,"0,2,4,4,4,0,0,4,1,4,2,1,4,0,4,2,4,4,4,4,0,4,3,4,4,4,4,0,4,4,4,2,1,1,1,2,2,4,4,0,0,4,0,4,0,1,2,1,3,4,4,0,4,4,1,4,4,4,4,4,4,4,0,4,0,4,4,4,4,2,2,4,2,4,4,4,4,2,1,4,4,4,4,4,4,4,4,4,4,4,4,4,3,4,3,1,4,4,4,4,4,4,1,4,3,4,3,4,0,4,4,4,4,0,0,3,1,4,4,4,4,4,4,4,2,0,2,1,2,4,4,4,4,3,0,1,2,3,4,4,4,4,4,2,4,4,4,4,4,4,1,2,0,2,0,4,4,4,3,3,2,3,4,4,4,2,2,3,4,2,2,1,1,2,4,4,4,4,4,4,4,4,0,0,3,4,4,2,4,4,4,4,4,4,2,4,0,0,1,1,3,0,0,1,3,1,3,3,0,1,4,4,4,3,4,3,4,3,4,4,4,4,4,4,0,4,4,4,4,4,4,4,4,1,4,4,4,0,4,3,4,4,3,3,4,4,4,4,4,4,4,4,4,4,4,4,2,4,4,4,4,4,4,4,4,4,4,4,4,4,4,0,4,4,2,1,4,4"
145,1.423692870071818,"0,2,4,4,4,0,0,4,1,4,2,1,4,0,4,2,4,4,4,4,0,4,3,4,4,4,4,0,4,4,4,2,1,1,1,2,2,4,4,0,0,4,0,4,0,1,2,1,3,4,4,0,4,4,1,4,4,4,4,4,4,4,0,4,0,4,4,4,4,2,2,4,2,4,4,4,4,2,1,4,4,4,4,4,4,4,4,4,4,4,4,4,1,4,3,1,4,4,4,4,4,4,1,4,3,4,3,4,0,4,4,4,4,0,0,3,1,4,4,4,4,4,4,4,2,0,2,1,2,4,4,4,4,3,0,1,2,3,4,4,4,4,4,2,4,4,4,4,4,4,1,2,0,2,0,4,4,4,3,3,2,3,4,4,4,2,2,3,4,2,2,1,1,2,4,4,4,4,4,4,4,4,0,0,3,4,4,2,4,4,4,4,4,4,2,4,0,0,1,1,3,0,0,1,3,1,3,3,0,1,4,4,4,3,4,3,4,3,4,4,4,4,4,4,0,4,4,4,4,4,4,4,4,1,4,4,4,0,4,3,4,4,3,3,4,4,4,4,4,4,4,4,4,4,4,4,2,4,4,4,4,4,4,4,4,4,4,4,4,4,4,0,4,4,2,1,4,4"
146,1.423692870071818,"0,2,4,4,4,0,0,4,1,4,2,1,4,0,4,2,4,4,4,4,0,4,3,4,4,4,4,0,4,4,4,2,1,1,1,2,2,4,4,0,0,4,0,4,0,1,2,1,3,4,4,0,4,4,1,4,4,4,4,4,4,4,0,4,0,4,4,4,4,2,2,4,2,4,4,4,4,2,1,4,4,4,4,4,4,4,4,4,4,4,4,4,1,4,3,1,4,4,4,4,4,4,1,4,3,4,3,4,0,4,4,4,4,0,0,3,1,4,4,4,4,4,4,4,2,0,2,1,2,4,4,4,4,3,0,1,2,3,4,4,4,4,4,2,4,4,4,4,4,4,1,2,0,2,0,4,4,4,3,3,2,3,4,4,4,2,2,3,4,2,2,1,1,2,4,4,4,4,4,4,4,4,0,0,3,4,4,2,4,4,4,4,4,4,2,4,0,0,1,1,3,0,0,1,3,1,3,3,0,1,4,4,4,3,4,3,4,3,4,4,4,4,4,4,0,4,4,4,4,4,4,4,4,1,4,4,4,0,4,3,4,4,3,3,4,4,4,4,4,4,4,4,4,4,4,4,2,4,4,4,4,4,4,4,4,4,4,4,4,4,4,0,4,4,2,1,4,4"
147,1.423692870071818,"0,2,4,4,4,0,0,4,1,4,2,1,4,0,4,2,4,4,4,4,0,4,3,4,4,4,4,0,4,4,4,2,1,1,1,2,2,4,4,0,0,4,0,4,0,1,2,1,3,4,4,0,4,4,1,4,4,4,4,4,4,4,0,4,0,4,4,4,4,2,2,4,2,4,4,4,4,2,1,4,4,4,4,4,4,4,4,4,4,4,4,4,1,4,3,1,4,4,4,4,4,4,1,4,3,4,3,4,0,4,4,4,4,0,0,3,1,4,4,4,4,4,4,4,2,0,2,1,2,4,4,4,4,3,0,1,2,3,4,4,4,4,4,2,4,4,4,4,4,4,1,2,0,2,0,4,4,4,3,3,2,3,4,4,4,2,2,3,4,2,2,1,1,2,4,4,4,4,4,4,4,4,0,0,3,4,4,2,4,4,4,4,4,4,2,4,0,0,1,1,3,0,0,1,3,1,3,3,0,1,4,4,4,3,4,3,4,3,4,4,4,4,4,4,0,4,4,4,4,4,4,4,4,1,4,4,4,0,4,3,4,4,3,3,4,4,4,4,4,4,4,4,4,4,4,4,2,4,4,4,4,4,4,4,4,4,4,4,4,4,4,0,4,4,2,1,4,4"
148,1.423653434356217,"0,2,4,4,4,0,0,4,1,4,2,1,4,0,4,2,4,4,4,4,0,4,3,4,4,4,4,0,4,4,4,2,1,1,1,2,2,4,4,0,0,4,0,4,0,1,2,1,3,4,4,0,4,4,4,4,4,4,4,4,4,4,0,4,0,4,4,4,4,2,2,4,0,4,4,4,4,2,1,4,4,4,4,4,4,4,4,4,4,4,4,4,3,4,3,1,4,4,4,4,4,4,3,4,3,4,3,4,0,4,4,4,4,0,0,3,1,4,4,4,4,4,4,2,0,0,2,1,2,4,4,4,4,3,0,1,2,3,4,4,4,4,4,2,4,4,4,4,4,4,1,2,0,2,0,4,4,4,3,3,2,3,4,4,4,2,2,3,4,2,2,1,1,2,4,4,4,4,4,4,4,4,0,0,3,4,4,2,4,4,4,4,4,4,0,4,0,0,1,1,3,0,0,1,3,0,3,3,0,1,4,4,4,3,4,3,4,3,4,4,1,4,4,4,0,4,4,4,4,4,4,4,4,1,4,4,4,0,4,3,4,4,3,3,4,4,4,4,0,4,4,4,4,4,4,4,2,4,4,4,4,4,4,4,4,4,4,4,4,4,4,0,4,4,2,1,4,4"
149,1.4243767667879448,"0,2,4,4,4,2,0,4,1,4,2,1,4,0,4,2,4,4,4,4,0,4,3,4,4,4,4,0,4,4,4,2,1,1,1,2,2,4,4,0,0,4,0,4,4,1,2,1,3,4,4,0,4,4,4,4,4,4,4,4,4,4,0,4,0,4,4,4,4,2,2,4,0,4,4,4,4,2,1,4,4,4,4,4,4,4,4,4,4,4,4,4,3,4,3,1,4,4,4,4,4,4,3,4,3,4,3,4,0,4,4,4,4,0,0,3,1,4,4,4,4,4,4,4,2,0,2,1,2,4,0,4,4,3,0,1,2,3,4,4,4,4,4,2,4,4,4,4,4,4,1,2,0,2,0,4,4,4,3,3,2,3,4,4,4,2,2,3,4,2,2,1,1,2,4,4,4,4,4,4,4,4,0,0,3,4,4,2,4,4,4,4,4,4,0,4,0,0,1,1,3,0,0,1,3,0,3,3,0,1,4,4,4,3,4,3,4,3,4,4,4,4,4,4,0,4,4,4,4,4,4,4,4,1,4,4,4,0,4,3,4,4,3,3,4,4,4,4,4,4,4,4,4,4,4,4,2,4,4,1,4,4,4,4,4,4,4,4,4,4,4,0,4,4,2,1,4,4"
150,1.4251408677021713,"0,2,4,4,4,2,0,4,1,4,2,1,4,0,4,2,4,4,4,4,0,4,3,4,4,4,4,0,4,4,4,2,1,1,1,2,2,4,4,0,0,4,0,4,4,1,2,1,3,4,4,0,4,4,4,4,4,4,4,4,4,4,0,4,0,4,4,4,4,2,2,4,0,4,4,4,4,2,1,4,4,4,4,4,4,4,4,4,4,4,4,4,3,4,3,1,4,4,4,4,4,4,3,4,3,4,3,4,0,4,4,4,4,0,0,3,1,4,4,4,4,4,4,4,2,0,2,1,2,4,4,4,4,3,0,1,2,3,4,4,4,4,4,2,4,4,4,4,4,4,1,2,0,2,0,4,4,4,3,3,2,3,4,4,4,2,2,3,4,2,2,1,1,2,4,4,4,4,4,4,4,4,0,0,3,4,4,2,4,4,4,4,4,4,2,4,0,0,1,1,3,0,0,1,3,0,3,3,0,1,4,4,4,3,4,3,4,3,4,4,4,4,4,4,0,4,4,4,4,4,4,4,4,1,4,4,4,0,4,3,4,4,3,3,4,4,4,4,4,4,4,4,4,4,4,4,2,4,4,4,4,4,4,4,4,4,4,4,4,4,4,0,4,4,2,1,4,4"
151,1.425578103659139,"0,2,4,4,4,2,0,4,1,4,2,1,4,0,4,2,4,4,4,4,0,4,4,4,4,4,4,0,4,4,4,2,1,1,1,2,2,4,4,0,0,4,0,4,4,1,2,1,3,4,4,0,4,4,4,4,4,4,4,4,4,4,0,4,0,4,4,4,4,2,2,4,0,4,4,4,4,2,1,4,4,4,4,4,4,4,4,4,4,4,4,4,3,4,3,1,4,4,4,4,4,4,3,4,3,4,3,4,0,4,4,4,4,0,0,3,1,4,4,4,4,4,4,4,2,0,2,1,2,4,4,4,4,3,0,1,2,3,4,4,4,4,4,2,4,4,4,4,4,4,1,2,0,2,0,4,4,4,3,3,2,3,4,4,4,2,2,3,4,2,2,1,1,2,4,4,4,4,4,4,4,4,0,0,3,4,4,2,4,4,4,4,4,4,2,4,0,0,1,1,3,0,0,1,3,0,3,3,0,1,4,4,4,3,4,3,4,3,4,4,4,4,4,4,0,4,4,4,4,4,4,4,4,1,4,4,4,0,4,3,4,4,3,3,4,4,4,4,4,4,4,4,4,4,4,4,2,4,4,4,4,4,4,4,4,4,4,4,4,4,4,0,4,4,2,1,4,4"
152,1.4252876274687234,"0,2,4,4,4,2,0,4,1,4,2,1,4,0,4,2,4,4,4,4,0,4,4,4,4,4,4,0,4,4,4,2,1,1,1,2,2,4,4,0,0,4,0,4,4,1,2,1,3,4,4,0,4,4,4,4,4,4,4,4,4,4,0,4,0,4,4,4,4,2,2,4,0,4,4,4,4,2,1,4,4,4,4,4,4,4,4,4,4,4,4,4,3,4,3,1,4,4,4,4,4,4,3,4,3,4,3,4,0,4,4,4,4,0,0,3,1,4,4,4,4,4,4,4,2,4,2,1,2,4,4,4,4,3,0,1,2,3,4,4,4,4,4,2,4,4,4,4,4,4,1,2,0,2,0,4,4,4,3,3,2,3,4,4,4,2,2,3,4,2,2,1,1,2,4,4,4,4,4,4,4,4,0,0,3,4,4,2,4,4,4,4,4,4,0,4,0,0,1,1,3,0,0,1,3,0,3,3,0,1,4,4,4,3,4,3,4,3,4,4,1,4,4,4,0,4,4,4,4,4,4,4,4,1,4,4,4,0,4,3,4,4,3,3,4,4,4,4,4,4,4,4,4,4,4,4,2,4,4,4,4,4,4,4,4,4,4,4,4,4,4,0,4,4,2,1,4,4"
153,1.4256648220867887,"0,2,4,4,4,2,0,4,1,4,2,1,4,0,4,2,4,4,4,4,0,4,4,4,4,4,4,0,4,4,4,2,1,1,1,2,2,4,4,0,0,4,0,4,4,1,2,1,3,4,4,0,4,4,4,4,4,4,4,4,4,4,0,4,0,4,4,4,4,2,2,4,0,4,4,4,4,2,1,4,4,4,4,4,4,4,4,4,4,4,4,4,3,4,3,1,4,4,4,4,4,4,3,4,3,4,3,4,0,4,4,4,4,0,0,3,1,4,4,4,4,4,4,4,2,4,2,1,2,4,4,4,4,3,0,1,2,3,4,4,4,4,4,2,4,4,4,4,4,4,1,2,0,2,0,4,4,4,3,3,2,3,4,4,4,2,2,3,4,2,2,1,1,2,4,4,4,4,4,4,4,4,0,0,3,4,4,2,4,4,4,4,4,4,0,4,0,0,1,1,3,0,0,1,3,0,3,3,0,1,4,4,4,3,4,3,4,3,4,4,4,4,4,4,0,4,4,4,4,4,4,4,4,1,4,4,4,0,4,3,4,4,3,3,4,4,4,4,4,4,4,4,4,4,4,4,2,4,4,4,4,4,4,4,4,4,4,4,4,4,4,0,4,4,0,1,4,4"
154,1.4257038460158857,"0,2,4,4,4,2,0,4,1,4,2,1,4,0,4,2,4,4,4,4,0,4,4,4,4,4,4,0,4,4,4,2,1,1,1,2,2,4,4,0,0,4,0,4,4,1,2,1,3,4,4,0,4,4,4,4,4,4,4,4,4,4,0,4,0,4,4,4,4,2,2,4,0,4,4,4,4,2,1,4,4,4,4,4,4,4,4,4,4,4,4,4,3,4,3,1,4,4,4,4,4,4,3,4,3,4,3,4,0,4,4,4,4,0,0,3,1,4,4,4,4,4,4,4,2,4,2,1,2,4,4,4,4,3,0,1,2,3,4,4,4,4,4,2,4,4,4,4,4,4,1,2,0,2,0,4,4,4,3,3,2,3,4,4,4,2,2,3,4,2,2,1,1,2,4,4,4,4,4,4,4,4,0,0,3,4,4,2,4,4,4,4,4,4,2,4,0,0,1,1,3,0,0,1,3,0,3,3,0,1,4,4,4,3,4,3,4,3,4,4,4,4,4,4,0,4,4,4,4,4,4,4,4,1,4,4,4,0,4,3,4,4,3,3,4,4,4,4,4,4,4,4,4,4,4,4,2,4,4,4,4,4,4,4,4,4,4,4,4,4,4,0,4,4,2,1,4,4"
155,1.4261797875926465,"0,2,4,4,4,2,0,4,1,4,2,1,4,0,4,2,4,4,4,4,0,4,4,4,4,4,4,0,4,4,4,2,1,1,1,2,2,4,4,0,0,4,0,4,4,1,2,1,3,4,4,0,4,4,4,4,4,4,4,4,4,4,0,4,0,4,4,4,4,2,2,4,0,4,4,4,4,2,1,4,4,4,4,4,4,4,4,4,4,4,4,4,3,4,3,1,4,4,4,4,4,4,3,4,3,4,3,4,0,4,4,4,4,0,0,3,1,4,4,4,4,4,4,4,2,4,2,1,2,4,4,4,4,3,0,1,2,3,4,4,4,4,4,2,4,4,4,4,4,4,1,2,0,2,0,4,4,4,3,3,2,3,4,4,4,2,2,3,4,2,2,1,1,2,4,4,4,4,4,4,4,4,0,0,3,4,4,2,4,4,4,4,4,4,2,4,0,0,1,1,3,0,0,1,3,0,3,3,0,1,4,4,4,3,4,3,4,3,4,4,4,4,4,4,0,4,4,4,4,4,4,4,4,1,4,4,4,0,4,3,4,4,3,3,4,4,4,4,4,4,4,4,4,4,4,4,4,4,4,4,4,4,4,4,4,4,4,4,4,4,4,0,4,4,2,1,4,4"
156,1.425474472029803,"0,2,4,4,4,2,0,4,1,4,2,1,4,0,4,2,4,4,4,4,0,4,4,4,4,4,4,0,4,4,4,2,1,1,1,2,2,4,4,0,0,4,0,4,4,1,2,1,3,4,4,0,4,4,4,4,4,4,4,4,4,4,0,4,0,4,4,4,4,2,2,4,0,4,4,4,4,2,1,4,4,4,4,4,4,4,4,4,4,4,4,4,3,4,3,1,4,4,4,4,4,4,3,4,3,4,3,4,0,4,4,4,4,0,0,3,1,4,4,4,4,4,4,4,2,4,2,1,2,4,4,4,4,3,0,1,2,3,4,4,4,4,4,2,4,4,4,4,4,4,1,2,0,2,0,4,4,4,3,3,2,3,4,4,4,2,2,3,4,2,2,1,1,2,4,4,4,4,4,4,4,4,0,0,3,4,4,2,4,4,4,4,4,4,0,4,0,0,1,1,3,0,0,1,3,0,3,3,0,1,4,4,4,3,4,3,4,3,0,4,4,4,4,4,0,4,4,4,4,4,4,4,4,1,4,4,4,0,4,3,4,4,3,3,4,4,4,4,4,4,4,4,4,4,4,4,2,4,4,4,4,4,4,4,4,4,4,4,4,4,4,0,4,4,2,1,4,4"
157,1.425504624177815,"0,2,4,4,4,2,0,4,1,4,2,1,4,0,4,2,4,4,4,4,0,4,4,4,4,4,4,0,4,4,4,2,1,1,1,2,2,4,4,0,0,4,0,4,4,1,2,1,3,4,4,0,4,4,4,4,4,4,4,4,4,4,0,4,0,4,4,4,4,2,2,4,0,4,4,4,4,2,1,4,4,4,4,4,4,4,4,4,4,4,4,4,3,4,3,1,4,4,4,4,4,4,3,4,3,4,3,4,0,4,4,4,4,0,0,3,1,4,4,4,4,4,4,4,2,4,2,1,2,4,4,4,4,3,0,1,2,3,4,4,4,4,4,2,4,4,4,4,4,4,1,2,0,2,0,4,4,4,3,3,2,3,4,4,4,2,2,3,4,2,2,1,1,2,4,4,4,4,4,4,4,4,0,0,3,4,4,1,4,4,4,4,4,4,0,4,0,0,1,1,3,0,0,1,3,0,3,3,0,1,4,4,4,3,4,3,4,3,0,4,4,4,4,4,0,4,4,4,4,4,4,4,4,1,4,4,4,0,4,3,4,4,3,3,4,4,4,4,4,4,4,4,4,4,4,4,2,4,4,4,4,4,4,4,4,4,4,4,4,4,4,0,4,4,2,1,4,4"
158,1.4262984578612456,"0,2,4,4,4,2,0,4,1,4,2,1,4,0,4,2,4,4,4,4,0,4,4,4,4,4,4,0,4,4,4,2,1,1,1,2,2,4,4,0,0,4,0,4,4,1,2,1,3,4,4,0,4,4,4,4,4,4,4,4,4,4,0,4,0,4,4,4,4,2,2,4,0,4,4,4,4,2,1,4,4,4,4,4,4,4,4,4,4,4,4,4,3,4,3,1,4,4,4,4,4,4,3,4,3,4,3,4,0,4,4,4,4,0,0,3,1,4,4,4,4,4,4,4,2,4,2,1,2,4,4,4,4,3,0,1,2,3,4,4,4,4,4,2,4,4,4,4,4,4,1,2,0,2,0,4,4,4,3,3,2,3,4,4,4,2,2,3,4,2,2,1,1,2,4,4,4,4,4,4,4,4,0,0,3,4,4,2,4,4,4,4,4,4,0,4,0,0,1,1,3,0,0,1,3,0,3,3,0,1,4,4,4,3,4,3,4,4,4,4,4,4,4,4,0,4,4,4,4,4,4,4,4,1,4,4,4,0,4,3,4,4,3,3,4,4,4,4,4,4,4,4,4,4,4,4,2,4,4,4,4,4,4,4,4,4,4,4,4,4,4,0,4,4,2,1,4,4"
159,1.4273559855055111,"0,2,4,4,4,2,0,4,1,4,2,1,4,0,4,2,4,4,4,4,0,4,4,4,4,4,4,0,4,4,4,2,1,1,1,2,2,4,4,0,0,4,0,4,4,1,2,1,3,4,4,0,4,4,4,4,4,4,4,4,4,4,0,4,0,4,4,4,4,2,2,4,0,4,4,4,4,2,1,4,4,4,4,4,4,4,4,4,4,4,4,4,3,4,3,1,4,4,4,4,4,4,4,4,3,4,3,4,0,4,4,4,4,0,0,3,1,4,4,4,4,4,4,4,2,4,2,1,2,4,4,4,4,3,0,1,2,3,4,4,4,4,4,2,4,4,4,4,4,4,1,2,0,2,0,4,4,4,3,3,2,3,4,4,4,2,2,3,4,2,2,1,1,2,4,4,4,4,4,4,4,4,0,0,3,4,4,2,4,4,4,4,4,4,0,4,0,0,1,1,3,0,0,1,3,0,3,3,0,1,4,4,4,3,4,3,4,4,4,4,4,4,4,4,0,4,4,4,4,4,4,4,4,1,4,4,4,0,4,3,4,4,3,3,4,4,4,4,4,4,4,4,4,4,4,4,4,4,4,4,4,4,4,4,4,4,4,4,4,4,4,0,4,4,2,1,4,4"
160,1.4275456327941094,"0,2,4,4,4,2,0,4,1,4,2,1,4,0,4,2,4,4,4,4,0,4,4,4,4,4,4,0,4,4,4,2,1,1,1,2,2,4,4,0,0,4,0,4,4,1,2,1,3,4,4,0,4,4,4,4,4,4,4,4,4,4,0,4,0,4,4,4,4,2,2,4,0,4,4,4,4,2,1,4,4,4,4,4,4,4,4,4,4,4,4,4,3,4,3,1,4,4,4,4,4,4,4,4,3,4,3,4,0,4,4,4,4,0,0,3,1,4,4,4,4,4,4,4,2,4,2,1,2,4,4,4,4,3,0,1,2,3,4,4,4,4,4,2,4,4,4,4,4,4,1,2,0,2,0,4,4,4,3,3,2,2,4,4,4,2,2,3,4,2,2,1,1,2,4,4,4,4,4,4,4,4,0,0,3,4,4,2,4,4,4,4,4,4,0,4,0,0,1,1,3,0,0,1,3,0,3,3,0,1,4,4,4,3,4,3,4,4,4,4,4,4,4,4,0,4,4,4,4,4,4,4,4,1,4,4,4,0,4,3,4,4,3,3,4,4,4,4,4,4,4,4,4,4,4,4,4,4,4,4,4,4,4,4,4,4,4,4,4,4,4,0,4,4,2,1,4,4"
161,1.4274378860870123,"0,2,4,4,4,2,0,4,1,4,2,1,4,0,4,2,4,4,4,4,0,4,4,4,4,4,4,0,4,4,4,2,1,1,1,2,2,4,4,0,0,4,0,4,4,1,2,1,4,4,4,0,4,4,4,4,4,4,4,4,4,4,0,4,0,4,4,4,4,2,2,4,0,4,4,4,4,2,1,4,4,4,4,4,4,4,4,4,4,4,4,4,3,4,3,1,4,4,4,4,4,4,4,4,3,4,3,4,0,4,4,4,4,0,0,3,1,4,4,4,4,4,4,4,2,4,2,1,2,4,4,4,4,3,0,1,2,3,4,4,4,4,4,2,4,4,4,4,4,4,1,2,0,2,0,4,4,4,3,3,2,2,4,4,4,2,2,3,4,2,2,1,1,2,4,4,4,4,4,4,4,4,0,0,3,4,4,2,4,4,4,4,4,4,0,4,0,0,1,1,3,0,0,1,3,0,3,3,0,1,4,4,4,3,4,3,4,4,4,4,4,4,4,4,0,4,4,4,4,4,4,4,2,1,4,4,4,0,4,3,4,4,3,3,4,4,4,4,4,4,4,4,4,4,4,4,4,4,4,4,4,4,4,4,4,4,4,4,4,4,4,0,4,4,2,1,4,4"
162,1.4277618611181029,"0,2,4,4,4,2,0,4,1,4,2,1,4,0,4,2,4,4,4,4,0,4,4,4,4,4,4,0,4,4,4,2,1,1,1,2,2,4,4,0,0,4,0,4,4,1,2,1,4,4,4,0,4,4,4,4,4,4,4,4,4,4,0,4,0,4,4,4,4,2,2,4,0,4,4,4,4,2,1,4,4,4,4,4,4,4,4,4,4,4,4,4,3,4,3,1,4,4,4,4,4,4,4,4,3,4,3,4,0,4,4,4,4,0,0,3,1,4,4,4,4,4,4,4,2,4,2,1,2,4,4,4,4,3,0,1,2,3,4,4,4,4,4,2,4,4,4,4,4,4,1,2,0,2,0,4,4,4,3,0,2,2,4,4,4,2,2,3,4,2,2,1,0,2,4,4,4,4,4,4,4,4,0,0,3,4,4,2,4,4,4,4,4,4,0,4,0,0,1,1,3,0,0,1,3,0,3,3,0,1,4,4,4,3,4,3,4,4,4,4,4,4,4,4,0,4,4,4,4,4,4,4,4,0,4,4,4,0,4,3,4,4,3,3,4,4,4,4,4,4,4,4,4,4,4,4,4,4,4,4,4,4,4,4,4,4,4,4,4,4,4,0,4,4,2,1,4,4"
163,1.4276440501682786,"0,2,4,4,4,2,0,4,1,4,2,1,4,0,4,2,4,4,4,4,0,4,4,4,4,4,4,0,4,4,4,2,1,1,1,2,2,4,4,0,0,4,0,4,4,1,2,1,4,4,4,0,4,4,4,4,4,4,4,4,4,4,0,4,0,4,4,4,4,2,2,4,0,4,4,4,4,2,1,4,4,4,4,4,4,4,4,4,4,4,4,4,3,4,3,1,4,4,4,4,4,4,4,4,3,4,3,4,0,4,4,4,4,0,0,3,1,4,4,4,4,4,4,4,2,4,2,1,2,4,4,4,4,3,0,1,2,3,4,4,4,4,4,2,4,4,4,4,4,4,1,2,0,2,0,4,4,4,3,3,2,2,4,4,4,0,2,3,4,2,2,1,1,2,4,4,4,4,4,4,4,4,0,0,3,4,4,2,4,4,4,4,4,4,0,4,0,0,1,1,3,0,0,1,3,0,3,3,0,1,4,4,4,3,4,3,4,4,4,4,4,4,4,4,0,4,4,4,4,4,4,4,4,1,4,4,4,0,4,3,4,4,3,3,4,4,4,4,4,4,4,4,4,4,4,4,4,4,4,4,4,4,4,4,4,4,4,4,4,4,4,0,4,4,2,1,4,4"
164,1.42584306689526,"0,2,4,4,4,2,0,4,1,4,2,1,4,0,4,2,4,4,4,4,0,4,4,4,4,4,4,0,4,4,4,2,1,1,1,2,2,4,4,0,0,4,0,4,4,1,2,1,4,4,4,0,4,4,4,4,4,4,4,4,4,4,0,4,0,4,4,4,4,2,2,4,0,4,4,4,4,2,1,4,4,4,4,4,4,4,4,4,4,4,4,4,3,4,3,1,4,4,4,4,4,4,4,4,3,4,3,4,0,4,4,4,4,0,0,3,1,4,4,4,4,4,4,4,2,4,2,1,2,4,4,4,4,3,0,1,2,3,4,4,4,4,4,2,4,4,4,4,4,4,1,2,0,2,0,4,4,4,3,3,2,2,4,4,4,2,2,3,4,2,2,1,1,2,4,4,4,4,4,4,4,4,0,0,3,4,4,2,4,4,4,4,4,4,0,4,0,0,1,1,3,0,0,1,3,0,3,0,0,4,4,4,4,3,4,3,4,4,4,4,4,4,4,4,0,4,4,4,4,4,4,4,4,1,4,4,2,0,4,3,4,4,3,3,3,4,4,4,4,4,4,4,4,4,4,4,4,4,4,4,4,4,4,4,4,4,4,4,4,4,4,2,4,4,2,1,4,4"
165,1.4281289862797903,"0,2,4,4,4,2,0,4,1,4,2,1,4,0,4,2,4,4,4,4,0,4,4,4,4,4,4,0,4,4,4,2,1,1,1,2,2,4,4,0,0,4,0,4,4,1,2,1,4,4,4,0,4,4,4,4,4,4,4,4,4,4,0,4,0,4,4,4,4,2,2,4,0,4,4,4,4,2,1,4,4,4,4,4,4,4,4,4,4,4,4,4,3,4,3,1,4,4,4,4,4,4,4,4,3,4,3,4,0,4,4,4,4,0,0,3,0,4,4,4,4,4,4,4,2,4,2,1,2,4,4,4,4,3,0,1,2,3,4,4,4,4,4,2,4,4,4,4,4,4,1,2,0,2,0,4,4,4,3,0,2,2,4,4,4,2,2,3,4,2,2,1,1,2,4,4,4,4,4,4,4,4,0,0,3,4,4,2,4,4,4,4,4,4,0,4,0,0,1,1,3,0,0,1,3,0,3,3,0,1,4,4,4,3,4,3,4,4,4,4,4,4,4,4,0,4,4,4,4,4,4,4,4,0,4,4,4,0,4,3,4,4,3,3,4,4,4,4,4,4,4,4,4,4,4,4,4,4,4,4,4,4,4,4,4,4,4,4,4,4,4,0,4,4,2,1,4,4"
166,1.4280933454456668,"0,2,4,4,4,2,0,4,1,4,2,1,4,0,4,2,4,4,4,4,0,4,4,4,4,4,4,0,4,4,4,1,1,1,1,2,2,4,4,0,0,4,0,4,4,1,2,1,4,4,4,0,4,4,4,4,4,4,4,4,4,4,0,4,0,4,4,4,4,2,2,4,0,4,4,4,4,2,1,4,4,4,4,4,4,4,4,4,4,4,4,4,3,4,3,1,4,4,4,4,4,4,4,4,3,4,3,4,0,4,4,4,4,0,0,3,0,4,4,4,4,4,4,4,2,4,2,1,2,4,4,4,4,3,0,1,2,3,4,4,4,4,4,2,4,4,4,4,4,4,1,2,0,2,0,4,4,4,3,0,2,2,4,4,4,2,2,3,4,2,2,1,1,2,4,4,4,4,4,4,4,4,0,0,3,4,4,2,4,4,4,4,4,4,0,4,0,0,1,1,3,0,0,1,3,0,3,3,0,1,4,4,4,3,4,3,4,4,4,4,4,4,4,4,0,4,4,4,4,4,4,4,4,0,4,4,4,0,4,3,4,4,3,3,4,4,4,4,4,4,4,4,4,4,4,4,4,4,4,4,4,4,4,4,4,4,4,4,4,4,4,0,4,4,2,1,4,4"
167,1.428410721199013,"0,2,4,4,4,2,0,4,1,4,2,1,4,0,4,2,4,4,4,4,0,4,4,4,4,4,4,0,4,4,4,1,1,1,1,2,2,4,4,0,0,4,0,4,4,1,2,1,4,4,4,0,4,4,4,4,4,4,4,4,4,4,0,4,0,4,4,4,4,2,2,4,0,4,4,4,4,2,1,4,4,4,4,4,4,4,4,4,4,4,4,4,3,4,3,1,4,4,4,4,4,4,4,4,3,4,3,4,0,4,4,4,4,0,0,3,4,4,4,4,4,4,4,4,2,4,2,1,2,4,4,4,4,3,0,1,2,3,4,4,4,4,4,2,4,4,4,4,4,4,1,2,0,2,0,4,4,4,3,0,2,2,4,4,4,2,2,3,4,2,2,1,1,2,4,4,4,4,4,4,4,4,0,0,3,4,4,2,4,4,4,4,4,4,0,4,0,0,1,1,3,0,0,1,3,0,3,3,0,1,4,4,4,3,4,3,4,4,4,4,4,4,4,4,0,4,4,4,4,4,4,4,4,0,4,4,4,0,4,3,4,4,3,3,4,4,4,4,4,4,4,4,4,4,4,4,4,4,4,4,4,4,4,4,4,4,4,4,4,4,4,0,4,4,2,1,4,4"
168,1.4286188901798773,"0,2,4,4,4,2,0,4,1,4,2,1,4,0,4,2,4,4,4,4,0,4,4,4,4,4,4,0,4,4,4,1,1,1,1,2,2,4,4,0,0,4,0,4,4,1,2,1,4,4,4,0,4,4,4,4,4,4,4,4,4,4,0,4,0,4,4,4,4,2,2,4,0,4,4,4,4,2,1,4,4,4,4,4,4,4,4,4,4,4,4,4,3,4,3,1,4,4,4,4,4,4,4,4,3,4,3,4,0,4,4,4,4,0,0,3,4,4,4,4,4,4,4,4,2,4,2,1,2,4,4,4,4,3,0,1,2,3,4,4,4,4,4,2,4,4,4,4,4,4,1,2,0,2,0,4,4,4,3,0,2,2,4,4,4,2,2,3,4,2,2,1,1,2,4,4,4,4,4,4,4,4,0,0,3,4,4,4,4,4,4,4,4,4,0,4,0,0,1,1,3,0,0,1,3,0,3,3,0,1,4,4,4,3,4,3,4,4,4,4,4,4,4,4,0,4,4,4,4,3,4,4,4,0,4,4,4,0,4,3,4,4,3,3,4,4,4,4,4,4,4,4,4,4,4,4,4,4,4,4,4,4,4,4,4,4,4,4,4,4,4,0,4,4,2,1,4,4"
169,1.4292533498608457,"0,2,4,4,4,2,0,4,1,4,2,1,4,0,4,2,4,4,4,4,0,4,4,4,4,4,4,0,4,4,4,1,1,1,1,2,2,4,4,0,0,4,0,4,4,1,2,1,4,4,4,0,4,4,4,4,4,4,4,4,4,4,0,4,0,4,4,4,4,2,2,4,0,4,4,4,4,2,1,4,4,4,4,4,4,4,4,4,4,4,4,4,4,4,3,1,4,4,4,4,4,4,4,4,3,4,3,4,0,4,4,4,4,0,0,3,4,4,4,4,4,4,4,4,2,4,2,1,2,4,4,4,4,3,0,1,2,3,4,4,4,4,4,2,4,4,4,4,4,4,1,2,0,2,0,4,4,4,3,0,2,2,4,4,4,2,2,3,4,2,2,1,1,2,4,4,4,4,4,4,4,4,0,0,3,4,4,4,4,4,4,4,4,4,0,4,0,0,1,1,3,0,0,1,3,0,3,3,0,1,4,4,4,3,4,3,4,4,4,4,4,4,4,4,0,4,4,4,4,4,4,4,3,0,4,4,4,0,4,3,4,4,3,3,4,4,4,4,4,4,4,4,4,4,4,4,4,4,4,4,4,4,4,4,4,4,4,4,4,4,4,0,4,4,2,1,4,4"
170,1.4295591468101139,"0,2,4,4,4,2,0,4,1,4,2,1,4,0,4,2,4,4,4,4,0,4,4,4,4,4,4,0,4,4,4,1,1,1,1,2,2,4,4,0,0,4,0,4,4,1,2,1,4,4,4,0,4,4,4,4,4,4,4,4,4,4,0,4,0,4,4,4,4,2,2,4,0,4,4,4,4,2,1,4,4,4,4,4,4,4,4,4,4,4,4,4,4,4,3,1,4,4,4,4,4,4,4,4,3,4,3,4,0,4,4,4,4,0,0,3,4,4,4,4,4,4,4,4,2,4,2,1,2,4,4,4,4,3,0,1,2,3,4,4,4,4,4,2,4,4,4,4,4,4,1,2,0,2,0,4,4,4,4,0,2,2,4,4,4,3,2,3,4,2,2,1,1,2,4,4,4,4,4,4,4,4,0,0,3,4,4,4,4,4,4,4,4,4,0,4,0,0,0,1,3,0,0,1,3,0,3,3,0,1,4,4,4,3,4,3,4,4,4,4,4,4,4,4,0,4,4,4,4,4,4,4,3,0,4,4,4,0,4,0,4,4,3,3,4,4,4,4,4,4,4,4,4,4,4,4,4,4,4,4,4,4,4,4,4,4,4,4,4,4,4,0,4,4,2,1,4,4"
171,1.430212608497598,"0,2,4,4,4,2,0,4,1,4,2,1,4,0,4,2,4,4,4,4,0,4,4,4,4,4,4,0,4,4,4,1,1,1,1,2,2,4,4,0,0,4,0,4,4,1,2,1,4,4,4,0,4,4,4,4,4,4,4,4,4,4,0,4,0,4,4,4,4,2,2,4,0,4,4,4,4,2,1,4,4,4,4,4,4,4,4,4,4,4,4,4,4,4,3,1,4,4,4,4,4,4,4,4,3,4,3,4,0,4,4,4,4,0,0,3,4,4,4,4,4,4,4,4,3,4,2,1,2,4,4,4,4,3,0,1,2,3,4,4,4,4,4,2,4,4,4,4,4,4,1,2,0,2,0,4,4,4,4,0,2,2,4,4,4,3,2,3,4,2,2,1,1,2,4,4,4,4,4,4,4,4,0,0,4,4,4,4,4,4,4,4,4,4,0,4,0,0,0,1,3,0,0,1,3,0,3,3,0,1,4,4,4,3,4,3,4,4,4,4,4,4,4,4,0,4,4,4,4,4,4,4,3,0,4,4,4,0,4,0,4,4,3,3,4,4,4,4,4,4,4,4,4,4,4,4,4,4,4,4,4,4,4,4,4,4,4,4,4,4,4,0,4,4,2,1,4,4"
172,1.4296983317215588,"0,2,4,4,4,2,0,4,1,4,2,1,4,0,4,2,4,4,4,4,0,4,4,4,4,4,4,0,4,4,4,1,1,1,1,2,2,4,4,0,0,4,0,4,4,1,2,1,4,4,4,0,4,4,4,4,4,4,4,4,4,4,0,4,0,4,4,4,4,2,2,4,0,4,4,4,4,2,1,4,4,4,4,4,4,4,4,4,4,4,4,4,4,4,3,1,4,4,4,4,4,4,4,4,3,4,3,4,0,4,4,4,4,0,0,3,4,4,4,4,4,4,4,4,3,4,2,1,2,4,4,4,4,3,0,1,2,3,4,4,4,4,4,2,4,4,4,4,4,4,1,2,0,2,0,4,4,4,4,0,2,2,4,4,4,3,2,3,4,2,2,1,1,2,4,4,4,4,4,4,4,4,0,0,3,4,4,4,4,4,4,4,4,4,0,4,0,0,0,1,3,0,0,1,3,0,3,3,0,1,4,4,4,3,4,3,4,4,4,4,4,4,4,4,0,4,4,4,4,4,4,4,3,0,4,4,4,0,4,0,4,4,3,3,4,4,4,4,4,4,4,4,4,4,4,4,4,4,4,4,4,4,4,4,4,4,4,4,4,4,4,0,4,4,2,1,4,4"
173,1.4304689177804326,"0,0,4,4,4,2,0,4,1,4,2,1,4,0,4,2,4,4,4,4,0,4,4,4,4,4,4,0,4,4,4,1,1,1,1,2,2,4,4,0,0,4,0,4,4,1,2,1,4,4,4,0,4,4,4,4,4,4,4,4,4,4,0,4,0,4,4,4,4,2,2,4,0,4,4,4,4,2,1,4,4,4,4,4,4,4,4,4,4,4,4,4,4,4,3,1,4,4,4,4,4,4,4,4,3,4,3,4,0,4,4,4,4,0,0,3,4,4,4,4,4,4,4,4,3,4,2,1,2,4,4,4,4,3,0,1,2,3,4,4,4,4,4,2,4,4,4,4,4,4,1,2,0,2,0,4,4,4,4,0,2,2,4,4,4,3,2,3,4,2,2,1,1,2,4,4,4,4,4,4,4,4,0,0,4,4,4,4,4,4,4,4,4,4,0,4,0,0,0,1,3,0,0,1,3,0,3,3,0,1,4,4,4,3,4,3,4,4,4,4,4,4,4,4,0,4,4,4,4,4,4,4,3,0,4,4,4,0,4,0,4,4,3,3,4,4,4,4,4,4,4,4,4,4,4,4,4,4,4,4,4,4,4,4,4,4,4,4,4,4,4,0,4,4,2,1,4,4"
174,1.429958945249712,"0,0,4,4,4,2,0,4,1,4,2,1,4,0,4,2,4,4,4,4,0,4,4,4,4,4,4,0,4,4,4,1,1,1,1,2,2,4,4,0,0,4,0,4,4,1,2,1,4,4,4,0,4,4,4,4,4,4,4,4,4,4,0,4,0,4,4,4,4,2,2,4,0,4,4,4,4,2,1,4,4,4,4,4,4,4,4,4,4,4,4,4,4,4,3,1,4,4,4,4,4,4,4,4,3,4,3,4,0,4,4,4,4,0,0,3,4,4,4,4,4,4,4,4,3,4,2,1,2,4,4,4,4,3,0,1,2,3,4,4,4,4,4,2,4,4,4,4,4,4,1,2,0,2,0,4,4,4,4,0,2,2,4,4,4,3,2,3,4,2,2,1,1,2,4,4,4,4,4,4,4,4,0,0,4,4,4,4,4,4,4,4,4,4,0,4,0,0,0,1,3,0,0,1,3,0,3,3,0,1,4,4,4,3,4,3,4,4,4,4,4,4,4,4,0,4,4,4,4,4,4,4,3,0,4,4,4,0,4,0,4,4,3,3,3,4,4,4,4,4,4,4,4,4,4,4,4,4,4,4,4,4,4,4,4,4,4,4,4,4,4,0,4,4,2,1,4,4"
175,1.429958945249712,"0,0,4,4,4,2,0,4,1,4,2,1,4,0,4,2,4,4,4,4,0,4,4,4,4,4,4,0,4,4,4,1,1,1,1,2,2,4,4,0,0,4,0,4,4,1,2,1,4,4,4,0,4,4,4,4,4,4,4,4,4,4,0,4,0,4,4,4,4,2,2,4,0,4,4,4,4,2,1,4,4,4,4,4,4,4,4,4,4,4,4,4,4,4,3,1,4,4,4,4,4,4,4,4,3,4,3,4,0,4,4,4,4,0,0,3,4,4,4,4,4,4,4,4,3,4,2,1,2,4,4,4,4,3,0,1,2,3,4,4,4,4,4,2,4,4,4,4,4,4,1,2,0,2,0,4,4,4,4,0,2,2,4,4,4,3,2,3,4,2,2,1,1,2,4,4,4,4,4,4,4,4,0,0,4,4,4,4,4,4,4,4,4,4,0,4,0,0,0,1,3,0,0,1,3,0,3,3,0,1,4,4,4,3,4,3,4,4,4,4,4,4,4,4,0,4,4,4,4,4,4,4,3,0,4,4,4,0,4,0,4,4,3,3,3,4,4,4,4,4,4,4,4,4,4,4,4,4,4,4,4,4,4,4,4,4,4,4,4,4,4,0,4,4,2,1,4,4"
176,1.431065505611573,"0,0,4,4,4,2,0,4,1,4,2,1,4,0,4,2,4,4,4,4,0,4,4,4,4,4,4,0,4,4,4,1,1,1,1,2,2,4,4,0,0,4,0,4,4,1,2,1,4,4,4,0,4,4,4,4,4,4,4,4,4,4,4,4,0,4,4,4,4,2,2,4,0,4,4,4,4,2,1,4,4,4,4,4,4,4,4,4,4,4,4,4,4,4,3,1,4,4,4,4,4,4,4,4,3,4,3,4,0,4,4,4,4,0,0,3,4,4,4,4,4,4,4,4,3,4,2,1,2,4,4,4,4,3,0,1,2,3,4,4,4,4,4,2,4,4,4,4,4,4,1,2,0,2,0,4,4,4,4,0,2,2,4,4,4,3,2,3,4,2,2,1,1,2,4,4,4,4,4,4,4,4,0,0,4,4,4,4,4,4,4,4,4,4,0,4,0,0,0,1,3,0,0,1,3,0,3,3,0,1,4,4,4,3,4,3,4,4,4,4,4,4,4,4,0,4,4,4,4,4,4,4,3,0,4,4,4,0,4,0,4,4,3,3,4,4,4,4,4,4,4,4,4,4,4,4,4,4,4,4,4,4,4,4,4,4,4,4,4,4,4,0,4,4,2,1,4,4"
177,1.4317366683114796,"0,0,4,4,4,2,0,4,1,4,2,1,4,0,4,2,4,4,4,4,0,4,4,4,4,4,4,0,4,4,4,1,1,1,1,2,2,4,4,0,0,4,0,4,4,1,2,1,4,4,4,0,4,4,4,4,4,4,4,4,4,4,4,4,0,4,4,4,4,2,2,4,0,4,4,4,4,2,1,4,4,4,4,4,4,4,4,4,4,4,4,4,4,4,3,1,4,4,4,4,4,4,4,4,3,4,3,4,0,4,4,4,4,0,0,3,4,4,4,4,4,4,4,4,3,4,2,1,2,4,4,4,4,3,0,1,2,4,4,4,4,4,4,2,4,4,4,4,4,4,1,2,0,2,0,4,4,4,4,0,2,2,4,4,4,3,2,3,4,0,2,1,1,2,4,4,4,4,4,4,4,4,0,0,4,4,4,4,4,4,4,4,4,4,0,4,0,0,0,1,3,0,0,1,3,0,3,3,0,1,4,4,4,3,4,3,4,4,4,4,4,4,4,4,0,4,4,4,4,4,4,4,3,4,4,4,4,0,4,0,4,4,3,3,4,4,4,4,4,4,4,4,4,4,4,4,4,4,4,4,4,4,4,4,4,4,4,4,4,4,4,0,4,4,2,1,4,4"
178,1.4316529385442087,"0,0,4,4,4,2,0,4,1,4,2,1,4,0,4,2,4,4,4,4,0,4,4,4,4,4,4,0,4,4,4,1,1,1,1,2,2,4,4,0,0,4,0,4,4,1,2,1,4,4,4,0,4,4,4,4,4,4,4,4,4,4,4,4,0,4,4,4,4,2,2,4,0,4,4,4,4,2,1,4,4,4,4,4,4,4,4,4,4,4,4,4,4,4,3,1,4,4,4,4,4,4,4,4,3,4,3,4,0,4,4,4,4,0,0,3,4,4,4,4,4,4,4,4,3,4,2,1,2,4,4,4,4,3,0,1,2,4,4,4,4,4,4,2,4,4,4,4,4,4,1,2,0,2,0,4,4,4,4,0,2,2,4,4,4,3,2,3,4,0,2,1,1,2,4,4,4,4,4,4,4,4,0,0,4,4,4,4,4,4,4,4,4,4,0,4,0,0,0,1,1,0,0,1,3,0,3,3,0,1,4,4,4,3,4,3,4,4,4,4,4,4,4,4,0,4,4,4,4,4,4,4,3,4,4,4,4,0,4,0,4,4,3,3,4,4,4,4,4,4,4,4,4,4,4,4,4,4,4,4,4,4,4,4,4,4,4,4,4,4,4,0,4,4,2,1,4,4"
179,1.430889051741427,"0,0,4,4,4,2,0,4,1,4,2,1,4,0,4,2,4,4,4,4,0,4,4,4,4,4,4,0,4,4,4,1,1,1,1,2,2,4,4,0,0,4,0,4,4,1,2,1,4,4,4,0,4,4,4,4,4,4,4,4,4,4,4,4,0,4,4,4,4,2,2,4,0,4,4,4,4,2,1,4,4,4,4,4,4,4,4,4,4,4,4,4,4,4,3,1,4,4,4,4,4,4,4,4,3,4,3,4,0,4,4,4,4,0,0,3,4,4,4,4,4,4,4,4,3,1,2,1,2,4,4,4,4,3,0,1,2,4,4,4,4,4,4,2,4,4,4,4,4,4,1,2,0,2,0,4,4,4,4,0,2,2,4,4,4,3,2,3,4,2,2,1,1,2,4,4,4,4,4,4,4,4,0,0,4,4,4,4,4,4,4,4,4,4,0,4,0,0,0,1,3,0,0,1,3,0,3,3,0,1,4,4,4,3,4,3,4,4,4,4,4,4,4,4,0,4,4,4,4,4,4,4,3,4,4,2,4,0,4,0,4,4,3,3,4,4,4,4,4,4,4,4,4,4,4,4,4,4,4,4,4,4,4,4,4,4,4,4,4,4,4,0,4,4,2,1,4,4"
180,1.432267853476112,"0,0,4,4,4,2,0,4,1,4,2,1,4,0,4,2,4,4,4,4,0,4,4,4,4,4,4,0,4,4,4,1,1,1,1,1,2,4,4,0,0,4,0,4,4,1,2,1,4,4,4,0,4,4,4,4,4,4,4,4,4,4,4,4,4,4,4,4,4,2,2,4,0,4,4,4,4,2,1,4,4,4,4,4,4,4,4,4,4,4,4,4,4,4,3,1,4,4,4,4,4,4,4,4,3,4,3,4,0,4,4,4,4,0,0,3,4,4,4,4,4,4,4,4,3,4,2,1,2,4,4,4,4,3,4,1,2,4,4,4,4,4,4,2,4,4,4,4,4,4,1,2,0,2,0,4,4,4,4,0,2,2,4,4,4,3,2,3,4,0,2,1,1,2,4,4,4,4,4,4,4,4,0,0,4,4,4,4,4,4,4,4,4,4,0,4,0,0,0,1,3,0,0,1,3,0,3,3,0,1,4,4,4,3,4,3,4,4,4,4,4,4,4,4,0,4,4,4,4,4,4,4,3,4,4,4,4,0,4,0,4,4,3,3,4,4,4,4,4,4,4,4,4,4,4,4,4,4,4,4,4,4,4,4,4,4,4,4,4,4,4,0,4,4,2,1,4,4"
181,1.432351081207009,"0,0,4,4,4,2,0,4,1,4,2,1,4,0,4,2,4,4,4,4,0,4,4,4,4,4,4,0,4,4,4,1,1,1,1,1,2,4,4,0,0,4,0,4,4,1,2,1,4,4,4,0,4,4,4,4,4,4,4,4,4,4,4,4,4,4,4,4,4,2,2,4,0,4,4,4,4,2,1,4,4,4,4,4,4,4,4,4,4,4,4,4,4,4,3,1,4,4,4,4,4,4,4,4,3,4,3,4,0,4,4,4,4,0,0,3,4,4,4,4,4,4,4,4,3,4,2,1,2,4,4,4,4,3,4,1,2,4,4,4,4,4,4,2,4,4,4,4,4,4,1,2,0,2,0,4,4,4,4,0,2,2,4,4,4,3,2,3,4,2,2,1,1,2,4,4,4,4,4,4,4,4,0,0,4,4,4,4,4,4,4,4,4,4,0,4,0,0,0,1,3,0,0,1,3,0,3,0,0,1,4,4,4,3,4,3,4,4,4,4,4,4,4,4,0,4,4,4,4,4,4,4,3,0,4,4,4,0,4,0,4,4,3,3,4,4,4,4,4,4,4,4,4,4,4,4,4,4,4,4,4,4,4,4,4,4,4,4,4,4,4,0,4,4,2,1,4,4"
182,1.4319901540720985,"0,0,4,4,4,2,0,4,1,4,2,1,4,0,4,2,4,4,4,4,0,4,4,4,4,4,4,0,4,4,4,1,1,1,1,1,2,4,4,0,0,4,0,4,4,1,2,1,4,4,4,0,4,4,4,4,4,4,4,4,4,4,4,4,4,4,4,4,4,2,2,4,0,4,4,4,4,2,1,4,4,4,4,4,4,4,4,4,4,4,4,4,4,4,3,1,4,4,4,4,4,4,4,4,3,4,3,4,0,4,4,4,4,0,0,3,4,4,4,4,4,4,4,4,3,4,2,1,2,4,4,4,4,3,4,1,2,4,4,4,4,4,4,2,4,4,4,4,4,4,1,2,0,2,0,4,4,4,4,0,2,2,4,4,4,3,2,3,4,2,2,1,1,2,4,4,4,4,4,4,4,4,0,0,4,4,4,4,4,4,4,4,4,4,0,4,0,0,3,1,3,0,0,1,3,0,3,3,0,1,4,4,4,3,4,3,4,4,4,4,4,4,4,4,0,4,4,4,4,4,4,4,3,4,4,4,4,0,4,0,4,4,3,3,4,4,4,4,4,4,4,4,4,4,4,4,4,4,2,4,4,4,4,4,4,4,4,4,4,4,4,0,4,4,2,1,4,4"
183,1.432527257686469,"0,0,4,4,4,2,0,4,1,4,2,1,4,0,4,2,4,4,4,4,0,4,4,4,4,4,4,0,4,4,4,1,1,1,1,1,2,4,4,0,0,4,0,4,4,1,2,1,4,4,4,0,4,4,4,4,4,4,4,4,4,4,4,4,4,4,4,4,4,2,2,4,0,4,4,4,4,2,1,4,4,4,4,4,4,4,4,4,4,4,4,4,4,4,3,1,4,4,4,4,4,4,4,4,3,4,3,4,0,4,4,4,4,0,0,3,4,4,4,4,4,4,4,4,3,4,2,1,2,4,4,4,4,3,4,1,2,4,4,4,4,4,4,2,4,4,4,4,4,4,1,2,0,2,0,4,4,4,4,0,2,2,4,4,4,3,2,3,4,1,2,1,1,2,4,4,4,4,4,4,4,4,0,0,4,4,4,4,4,4,4,4,4,4,0,4,0,0,0,1,3,0,0,1,3,0,3,3,0,1,4,4,4,3,4,3,4,4,4,4,4,4,4,4,0,4,4,4,4,4,4,4,3,4,4,4,4,0,4,0,4,4,3,3,4,4,4,4,4,4,4,4,4,4,4,4,4,4,4,4,4,4,4,4,4,4,4,4,4,4,4,0,4,4,2,1,4,4"
184,1.4316556654778723,"0,0,4,4,4,2,0,4,1,4,2,1,4,0,4,2,4,4,4,4,0,4,4,4,4,4,4,0,4,4,4,1,1,1,1,1,2,4,4,0,0,4,0,4,4,1,2,2,4,4,4,0,4,4,4,4,4,4,4,4,4,4,4,4,4,4,4,4,4,2,2,4,0,4,4,4,4,2,1,4,4,4,4,4,4,4,4,4,4,4,4,4,4,4,3,1,4,4,4,4,4,4,4,4,3,4,3,4,0,4,4,4,4,0,0,3,4,4,4,4,4,4,4,4,3,4,2,1,2,4,4,4,4,3,4,1,2,4,4,4,4,4,4,2,4,4,4,4,4,4,1,2,0,2,0,4,4,4,4,0,2,2,4,4,4,3,2,3,4,0,2,1,1,2,4,4,4,4,4,4,4,4,0,0,4,4,4,4,4,4,4,4,4,4,0,4,0,0,0,3,3,0,0,1,3,0,3,3,0,1,4,4,4,3,4,0,4,4,4,4,4,4,4,4,0,4,4,4,4,4,4,4,3,1,4,4,4,0,4,0,4,4,3,3,4,4,4,4,4,4,4,4,4,4,4,4,4,4,4,4,4,4,4,4,4,4,4,4,4,4,4,1,4,4,2,1,4,4"
185,1.4301640529541042,"0,0,4,4,4,2,0,4,1,4,2,1,4,0,4,2,4,4,4,4,0,4,4,4,4,4,4,0,4,4,4,1,1,1,1,1,2,4,4,0,0,4,0,4,4,1,2,1,4,4,4,0,4,4,4,4,4,4,4,4,4,4,4,4,4,4,4,4,4,2,2,4,0,4,4,4,4,2,1,4,4,4,4,4,4,4,4,4,4,4,4,4,4,4,3,1,4,4,4,4,4,4,4,4,3,4,3,4,0,4,4,4,4,0,0,3,4,4,4,4,4,4,4,4,3,4,2,1,2,4,4,4,4,3,4,1,2,4,4,4,4,4,4,2,4,4,4,4,4,4,1,1,0,2,0,4,4,4,4,0,2,2,4,4,4,3,2,3,4,2,2,1,1,2,4,4,4,4,4,4,4,4,0,0,4,4,4,4,4,4,4,4,4,4,0,4,0,0,0,1,3,0,0,1,3,0,3,0,3,1,4,4,4,3,1,3,4,4,4,4,4,4,4,4,4,4,4,4,4,4,4,4,3,0,4,4,4,0,4,0,4,4,3,3,4,4,4,4,4,4,4,4,4,4,4,4,4,4,4,4,4,4,4,4,4,4,4,4,4,4,4,0,4,4,2,4,4,4"
186,1.4336884479893266,"0,0,4,4,4,2,0,4,1,4,2,1,4,0,4,2,4,4,4,4,0,4,4,4,4,4,4,0,4,4,4,1,1,1,1,1,2,4,4,0,0,4,0,4,4,1,2,1,4,4,4,0,4,4,4,4,4,4,4,4,4,4,4,4,4,4,4,4,4,2,2,4,0,4,4,4,4,2,1,4,4,4,4,4,4,4,4,4,4,4,4,4,4,4,3,1,4,4,4,4,4,4,4,4,3,4,3,4,0,4,4,4,4,0,0,3,4,4,4,4,4,4,4,4,3,4,2,1,2,4,4,4,4,3,4,1,2,4,4,4,4,4,4,2,4,4,4,4,4,4,1,2,0,2,0,4,4,4,4,0,2,2,4,4,4,3,2,3,4,1,2,1,1,2,4,4,4,4,4,4,4,4,0,0,4,4,4,4,4,4,4,4,4,4,4,4,0,0,0,1,3,0,0,1,3,0,3,0,0,1,4,4,4,4,4,3,4,4,4,4,4,4,4,4,0,4,4,4,4,4,4,4,3,4,4,4,4,0,4,0,4,4,3,3,4,4,4,4,4,4,4,4,4,4,4,4,4,4,4,4,4,4,4,4,4,4,4,4,4,4,4,0,4,4,2,2,4,4"
187,1.4337991297426917,"0,0,4,4,4,2,0,4,1,4,2,1,4,0,4,2,4,4,4,4,0,4,4,4,4,4,4,0,4,4,4,1,1,1,1,1,2,4,4,0,0,4,0,4,4,1,2,1,4,4,4,0,4,4,4,4,4,4,4,4,4,4,4,4,4,4,4,4,4,2,2,4,0,4,4,4,4,2,1,4,4,4,4,4,4,4,4,4,4,4,4,4,4,4,3,1,4,4,4,4,4,4,4,4,3,4,3,4,0,4,4,4,4,0,0,3,4,4,4,4,4,4,4,4,3,4,2,1,2,4,4,4,4,3,4,1,2,4,4,4,4,4,4,2,4,4,4,4,4,4,1,2,0,2,0,4,4,4,4,0,2,2,4,4,4,3,2,3,4,1,2,1,1,2,4,4,4,4,4,4,4,4,0,0,4,4,4,4,4,4,4,4,4,4,4,4,0,0,0,1,3,0,0,1,3,0,3,0,0,3,4,4,4,4,4,3,4,4,4,4,4,4,4,4,0,4,4,4,4,4,4,4,3,4,4,4,4,0,4,0,4,4,3,3,4,4,4,4,4,4,4,4,4,4,4,4,4,4,4,4,4,4,4,4,4,4,4,4,4,4,4,0,4,4,2,2,4,4"
188,1.4326005752248225,"0,0,4,4,4,2,4,4,1,4,2,1,4,0,4,2,4,4,4,4,0,4,4,4,4,4,4,0,4,4,4,1,1,1,1,1,2,4,4,0,0,4,0,4,4,1,2,1,4,4,4,0,4,4,4,4,4,4,4,4,4,4,4,4,4,4,4,4,4,2,2,4,0,4,4,4,4,2,1,4,4,4,4,4,4,4,4,2,4,4,4,4,4,4,3,1,4,4,4,4,4,4,4,4,3,4,3,4,0,4,4,4,4,0,0,4,4,4,4,4,4,4,4,4,3,4,2,1,2,4,4,4,4,3,4,1,2,4,4,4,4,4,4,2,4,4,4,2,4,4,1,2,0,2,0,4,4,4,4,0,2,2,4,4,4,3,2,3,4,1,2,0,1,2,4,4,4,4,4,4,4,4,0,0,4,4,4,4,4,4,4,4,4,4,4,4,0,0,0,1,3,0,0,1,3,0,3,0,0,3,4,4,4,4,4,3,4,4,4,4,4,4,4,4,0,4,4,4,4,4,4,4,3,4,4,4,4,0,4,0,4,4,3,3,4,4,4,4,4,4,4,4,4,4,4,4,4,4,4,4,4,4,4,4,4,4,4,4,4,4,4,0,4,4,2,2,4,4"
189,1.4345349293443879,"0,0,4,4,4,2,4,4,1,4,2,1,4,0,4,2,4,4,4,4,0,4,4,4,4,4,4,0,4,4,4,1,1,1,1,1,2,4,4,0,0,4,0,4,4,1,2,1,4,4,4,0,4,4,4,4,4,4,4,4,4,4,4,4,4,4,4,4,4,2,2,4,0,4,4,4,4,2,1,4,4,4,4,4,4,4,4,4,4,4,4,4,4,4,3,1,4,4,4,4,4,4,4,4,3,4,3,4,0,4,4,4,4,0,0,3,4,4,4,0,4,4,4,4,3,4,2,1,2,4,4,4,4,3,4,1,2,4,4,4,4,4,4,2,4,4,4,4,4,4,1,2,0,2,4,4,4,4,4,0,2,2,4,4,4,3,2,3,4,1,2,1,1,2,4,4,4,4,4,4,4,4,0,0,4,4,4,4,4,4,4,4,4,4,4,4,0,0,0,1,3,0,0,1,3,0,3,0,0,3,4,4,4,4,4,3,4,4,4,4,4,4,4,4,0,4,4,4,4,4,4,4,3,4,4,4,4,0,4,0,4,4,3,3,4,4,4,4,4,4,4,4,4,4,4,4,4,4,4,4,4,4,4,4,4,4,4,4,4,4,4,0,4,4,2,2,4,4"
190,1.4319708125578108,"0,0,4,4,4,2,4,4,1,4,2,1,4,0,4,2,4,4,4,4,0,4,4,4,4,4,4,0,4,4,4,1,1,1,1,1,2,4,4,0,0,4,0,4,4,1,2,1,4,4,4,0,4,4,4,4,4,4,4,4,4,4,4,4,4,4,4,4,4,2,2,4,0,4,4,4,4,2,1,4,4,4,4,4,4,4,4,4,4,4,4,4,4,4,3,1,4,4,4,4,4,4,4,4,3,4,3,4,0,4,4,4,4,0,0,3,4,4,4,0,4,4,4,4,3,4,2,1,2,4,4,4,4,3,4,1,2,4,4,4,4,4,4,2,4,4,4,4,4,4,1,2,0,2,4,4,4,4,4,0,2,2,4,4,4,3,2,3,4,1,2,1,1,2,4,4,4,4,4,4,4,4,0,0,4,4,4,4,4,4,4,4,4,4,4,4,0,0,0,1,3,0,0,1,3,0,3,0,0,3,4,4,4,4,4,3,4,4,4,1,4,4,4,4,0,4,4,4,4,4,4,4,3,2,4,4,4,0,4,0,4,4,3,3,0,4,4,4,4,2,4,4,4,4,4,4,4,4,4,4,0,4,4,4,4,4,4,4,4,4,4,0,4,4,2,2,4,4"
191,1.4331754072138905,"0,0,4,4,4,2,4,4,1,4,2,1,4,0,4,2,4,4,4,4,0,4,4,4,4,4,4,0,4,4,4,1,1,1,1,1,2,4,4,0,0,4,0,4,4,1,2,1,4,4,4,0,4,4,4,4,4,4,4,4,4,4,4,4,4,4,4,4,4,2,2,4,0,4,4,4,4,2,1,4,4,4,4,4,4,4,4,4,4,4,4,4,4,4,3,1,4,4,4,4,4,4,4,4,3,4,3,4,0,4,4,4,4,0,0,3,4,4,4,0,4,4,4,4,3,4,2,1,2,4,4,4,4,3,4,1,2,4,4,4,4,4,4,2,4,4,4,4,4,4,1,2,0,2,4,4,4,4,4,0,2,2,4,4,4,3,2,3,4,1,2,1,1,2,4,4,4,4,4,4,4,4,0,0,4,4,3,4,4,4,4,4,4,4,4,4,0,0,0,1,3,0,0,1,3,0,3,0,0,3,4,4,4,4,4,3,4,4,4,4,4,4,4,4,0,4,4,4,4,4,1,4,3,4,4,4,4,0,4,0,4,4,3,3,4,4,4,4,4,4,4,4,4,4,4,4,4,4,4,4,4,4,4,4,4,4,4,4,4,4,4,0,4,4,2,2,4,4"
192,1.4334908783714746,"0,0,4,4,4,2,4,4,1,4,2,1,4,0,4,2,4,4,4,4,0,4,4,4,4,4,4,0,4,4,4,1,1,1,1,1,2,4,4,0,0,4,0,4,4,1,2,1,4,4,4,0,4,4,4,4,4,4,2,4,4,4,4,4,4,4,4,4,4,2,2,2,0,4,4,4,4,2,1,4,4,4,4,4,4,4,4,4,4,4,4,4,4,4,2,1,4,4,4,4,4,4,4,4,3,4,4,4,0,4,4,4,4,0,0,4,4,4,4,4,4,4,4,4,3,4,2,1,2,4,4,4,4,3,4,1,2,4,4,4,4,4,4,2,4,4,4,4,4,4,1,2,0,2,4,3,4,4,0,0,2,2,4,4,4,3,2,3,4,1,2,1,1,2,4,4,4,4,4,4,4,4,0,0,4,4,4,4,4,4,4,4,4,4,4,4,0,0,0,1,3,0,0,1,3,0,3,0,0,3,4,4,4,4,4,3,4,4,4,4,4,4,4,4,0,4,4,4,4,4,4,4,3,4,4,4,4,0,4,0,4,4,3,3,4,4,4,4,4,4,4,4,4,4,4,4,4,4,4,4,4,4,4,4,4,4,4,4,4,4,4,0,4,4,2,2,4,4"
193,1.4328731938971906,"0,0,4,4,4,2,4,4,1,4,2,1,4,0,4,2,4,4,4,4,1,4,4,4,4,4,4,0,4,4,4,1,1,1,1,1,2,4,4,0,0,4,0,4,4,1,2,1,4,4,4,0,4,4,4,4,4,4,2,4,4,4,4,4,4,4,4,4,4,2,2,2,0,4,4,4,4,2,1,4,4,4,4,4,4,4,4,4,4,4,4,4,4,4,3,1,4,4,4,4,4,4,4,4,3,4,3,4,0,4,4,4,4,0,0,3,4,4,4,0,4,4,4,4,3,4,2,1,2,4,4,4,4,3,4,1,2,4,4,4,4,4,4,2,4,4,4,4,4,4,1,2,0,2,4,4,4,4,4,0,2,2,4,4,4,3,2,3,4,1,2,1,1,2,4,4,4,4,4,4,4,4,0,0,4,4,4,4,4,4,4,4,4,4,4,4,0,0,0,1,3,0,0,1,3,0,3,0,0,3,4,4,4,4,4,3,4,4,4,4,4,4,4,4,0,4,4,4,4,4,4,4,3,4,4,4,4,0,4,0,4,4,3,3,4,4,4,4,4,4,4,4,4,4,4,4,4,4,4,4,4,4,4,4,4,4,4,4,4,4,4,0,4,4,2,2,4,4"
194,1.4354325836825663,"0,0,4,4,4,2,4,4,1,4,2,1,4,0,4,2,4,4,4,4,1,4,4,4,4,4,4,0,4,4,4,1,1,1,1,1,2,4,4,0,0,4,4,4,4,1,2,1,4,4,4,0,4,4,4,4,4,4,4,4,4,4,4,4,4,4,4,4,4,2,2,4,0,4,4,4,4,2,1,4,4,4,4,4,4,4,4,4,4,4,4,4,4,4,3,1,4,4,4,4,4,4,4,4,3,4,3,4,0,4,4,4,4,0,0,3,4,4,4,0,4,4,4,4,3,4,2,1,2,4,4,4,4,3,4,1,2,4,4,4,4,4,4,2,4,4,4,4,4,4,1,2,0,2,4,4,4,4,4,4,2,2,4,4,4,3,2,3,4,1,2,1,1,2,4,4,4,4,4,4,4,4,0,0,4,4,4,4,4,4,4,4,4,4,4,4,0,0,0,1,3,0,0,1,3,0,3,0,0,3,4,4,4,4,4,3,4,4,4,4,4,4,4,4,0,4,4,4,4,4,4,4,3,4,4,4,4,0,4,0,4,4,3,3,4,4,4,4,4,4,4,4,4,4,4,4,4,4,2,4,4,4,4,4,4,4,4,4,4,4,4,0,4,4,2,2,4,4"
195,1.4346784587162495,"0,0,4,4,4,2,4,4,1,4,2,1,4,0,4,2,4,4,4,4,1,4,2,4,4,4,4,0,4,4,4,1,1,1,1,1,2,4,4,0,0,4,4,4,4,1,2,1,4,4,4,0,4,4,4,4,4,4,4,4,4,4,4,4,4,4,4,4,4,2,2,4,0,4,4,4,4,2,1,4,4,4,4,4,4,4,4,4,4,4,4,4,4,4,3,1,4,4,4,4,4,4,4,4,3,4,3,4,0,4,4,4,4,0,0,3,4,4,4,0,4,4,4,4,3,4,2,1,2,4,4,4,4,3,4,1,2,4,4,4,4,4,4,2,4,4,4,4,4,4,1,2,0,2,4,4,4,4,4,4,2,2,4,4,4,3,2,3,4,1,2,1,1,2,4,4,4,4,4,4,4,4,0,0,4,4,4,4,4,4,4,4,4,4,4,4,0,0,0,1,3,0,0,1,3,0,2,0,0,3,4,4,4,4,4,3,4,4,4,0,4,4,4,4,0,4,4,4,4,4,4,4,3,4,4,4,4,3,4,0,4,4,3,3,4,4,4,4,4,4,4,4,4,4,4,4,4,4,4,4,4,4,4,4,4,4,4,4,4,4,4,0,4,4,2,2,4,4"
196,1.4365679724300258,"0,0,4,4,4,2,4,4,1,4,2,1,4,0,4,2,4,4,4,4,0,4,4,4,4,4,4,0,4,4,4,1,1,1,1,1,2,4,4,0,0,4,4,4,4,1,2,1,4,4,4,0,4,4,4,4,4,4,4,4,4,4,4,4,4,4,4,4,4,2,2,4,0,4,4,4,4,2,1,4,4,4,4,4,4,4,4,4,4,4,4,4,4,4,3,1,4,4,4,4,4,4,4,4,3,4,3,4,0,4,4,4,4,0,4,3,4,4,4,0,4,4,4,4,3,4,2,1,2,4,4,4,4,3,4,1,2,4,4,4,4,4,4,2,4,4,4,4,4,4,1,2,0,2,4,4,4,4,4,4,2,2,4,4,4,3,2,3,4,1,2,1,1,2,4,4,4,4,4,4,4,4,0,0,4,4,4,4,4,4,4,4,4,4,4,4,0,0,0,1,3,0,0,1,3,0,3,0,0,3,4,4,4,4,4,3,4,4,4,4,4,4,4,4,0,4,4,4,4,4,4,4,1,4,4,4,4,0,4,0,4,4,3,3,4,4,4,4,4,4,4,4,4,4,4,4,4,4,4,4,4,4,4,4,4,4,4,4,4,4,4,0,4,4,2,2,4,4"
197,1.4366446520056935,"0,0,4,4,4,2,4,4,1,4,2,1,4,0,4,2,4,4,4,4,0,4,4,4,4,4,4,0,4,4,4,1,1,1,1,1,2,4,4,0,0,4,4,4,4,1,2,1,4,4,4,0,4,4,4,4,4,4,4,4,4,4,4,4,4,4,4,4,4,2,2,4,0,4,4,4,4,2,1,4,4,4,4,4,4,4,4,4,4,4,4,4,4,4,3,1,4,4,4,4,4,4,4,4,3,4,3,4,0,4,4,4,4,0,4,3,4,4,4,0,4,4,4,4,3,4,2,1,2,4,4,4,4,3,4,1,2,4,4,4,4,4,4,2,4,4,4,4,4,4,1,2,0,2,4,4,4,4,4,4,2,2,4,4,4,3,2,3,4,1,2,1,1,2,4,4,4,4,4,4,4,4,0,0,4,4,4,4,4,4,4,4,4,4,4,4,0,0,0,1,3,0,0,1,3,0,3,0,0,3,4,4,4,4,4,3,4,4,4,4,4,4,4,4,0,4,4,4,4,4,4,4,3,4,4,4,4,0,4,0,4,4,3,3,4,4,4,4,4,4,4,4,4,4,4,4,4,4,4,4,4,4,4,4,4,4,4,4,4,4,4,0,4,4,2,2,4,4"
198,1.4366446520056935,"0,0,4,4,4,2,4,4,1,4,2,1,4,0,4,2,4,4,4,4,0,4,4,4,4,4,4,0,4,4,4,1,1,1,1,1,2,4,4,0,0,4,4,4,4,1,2,1,4,4,4,0,4,4,4,4,4,4,4,4,4,4,4,4,4,4,4,4,4,2,2,4,0,4,4,4,4,2,1,4,4,4,4,4,4,4,4,4,4,4,4,4,4,4,3,1,4,4,4,4,4,4,4,4,3,4,3,4,0,4,4,4,4,0,4,3,4,4,4,0,4,4,4,4,3,4,2,1,2,4,4,4,4,3,4,1,2,4,4,4,4,4,4,2,4,4,4,4,4,4,1,2,0,2,4,4,4,4,4,4,2,2,4,4,4,3,2,3,4,1,2,1,1,2,4,4,4,4,4,4,4,4,0,0,4,4,4,4,4,4,4,4,4,4,4,4,0,0,0,1,3,0,0,1,3,0,3,0,0,3,4,4,4,4,4,3,4,4,4,4,4,4,4,4,0,4,4,4,4,4,4,4,3,4,4,4,4,0,4,0,4,4,3,3,4,4,4,4,4,4,4,4,4,4,4,4,4,4,4,4,4,4,4,4,4,4,4,4,4,4,4,0,4,4,2,2,4,4"
199,1.4368371959969992,"0,0,4,4,4,2,4,4,1,4,2,1,4,0,4,2,4,4,4,4,0,4,4,4,4,4,4,0,4,4,4,1,1,1,1,1,2,4,4,0,0,4,4,4,4,1,2,1,4,4,4,0,4,4,4,4,4,4,4,4,4,4,4,4,4,4,4,4,4,2,2,4,0,4,4,4,4,2,1,4,4,4,4,4,4,4,4,4,4,4,4,4,4,4,2,1,4,4,4,4,4,4,4,4,3,4,3,4,0,4,4,4,4,0,4,3,4,4,4,0,4,4,4,4,3,4,2,1,2,4,4,4,4,3,4,1,2,4,4,4,4,4,4,2,4,4,4,4,4,4,1,2,0,2,4,4,4,4,4,4,2,2,4,4,4,3,2,3,4,1,2,1,1,2,4,4,4,4,4,4,4,4,0,0,4,4,4,4,4,4,4,4,4,4,4,4,0,0,0,1,3,0,0,1,3,0,3,0,0,3,4,4,4,4,4,3,4,4,4,4,4,4,4,4,0,4,4,4,4,4,4,4,3,4,4,4,4,0,4,0,4,4,3,3,4,4,4,4,4,4,4,4,4,4,4,4,4,4,4,4,4,4,4,4,4,4,4,4,4,4,4,0,4,4,2,2,4,4"
200,1.4368837776766568,"0,0,4,4,4,2,4,4,1,4,2,1,4,0,4,2,4,4,4,4,0,4,4,4,4,4,4,4,4,4,4,1,1,1,1,1,2,4,4,0,0,4,4,4,4,1,2,1,4,4,4,0,4,4,4,4,4,4,4,4,4,4,4,4,4,4,4,4,4,2,2,4,0,4,4,4,4,2,1,4,4,4,4,4,4,4,4,4,4,4,4,4,4,4,2,1,4,4,4,4,4,4,4,4,3,4,3,4,0,4,4,4,4,0,4,3,4,4,4,0,4,4,4,4,3,4,2,1,2,4,4,4,4,3,4,1,2,4,4,4,4,4,4,2,4,4,4,4,4,4,1,2,0,2,4,4,4,4,4,4,2,2,4,4,4,3,2,3,4,1,2,1,1,2,4,4,4,4,4,4,4,4,0,0,4,4,4,4,4,4,4,4,4,4,4,4,0,0,0,1,3,0,0,1,3,0,3,0,0,3,4,4,4,4,4,3,4,4,4,4,4,4,4,4,0,1,4,4,4,4,4,4,3,4,4,4,4,0,4,0,4,4,3,3,4,4,4,4,4,4,4,4,4,4,4,4,4,4,4,4,4,4,4,4,4,4,4,4,4,4,4,0,4,4,2,2,4,4"
201,1.43741460550011,"0,0,4,4,4,2,4,4,1,4,2,1,4,0,4,2,4,4,4,4,0,4,4,4,4,4,4,4,4,4,4,1,1,1,1,1,2,4,4,0,0,4,4,4,4,1,2,1,4,4,4,0,4,4,4,4,4,4,4,4,4,4,4,4,4,4,4,4,4,2,2,4,0,4,4,4,4,2,1,4,4,4,4,4,4,4,4,4,4,4,4,4,4,4,2,1,4,4,4,4,4,4,4,4,3,4,3,4,0,4,4,4,4,0,4,3,4,4,4,0,4,4,4,4,3,4,2,1,2,4,4,4,4,3,4,1,2,4,4,4,4,4,4,2,4,4,4,4,4,4,1,2,0,2,4,4,4,4,4,4,2,2,4,4,4,3,2,3,4,1,2,1,1,2,4,4,4,4,4,4,4,4,0,0,4,4,4,4,4,4,4,4,4,4,4,4,0,0,0,1,3,0,0,1,3,0,3,0,0,3,4,4,4,4,4,3,4,4,4,4,4,4,4,4,0,4,4,4,4,4,4,4,3,4,4,4,4,0,4,0,4,4,3,3,4,4,4,4,4,4,4,4,4,4,4,4,4,4,4,4,4,4,4,4,4,4,4,4,4,4,4,0,4,4,2,2,4,4"
202,1.4378734651371536,"0,0,4,4,4,2,4,4,1,4,2,1,4,0,4,2,4,4,4,4,0,4,4,4,4,4,4,4,4,4,4,1,1,1,1,1,2,4,4,0,4,4,4,4,4,1,2,1,4,4,4,0,4,4,4,4,4,4,4,4,4,4,4,4,4,4,4,4,4,2,2,4,0,4,4,4,4,2,1,4,4,4,4,4,4,4,4,4,4,4,4,4,4,4,2,1,4,4,4,4,4,4,4,4,3,4,3,4,0,4,4,4,4,0,4,3,4,4,4,0,4,4,4,4,3,4,2,1,2,4,4,4,4,3,4,1,2,4,4,4,4,4,4,2,4,4,4,4,4,4,1,2,0,2,4,4,4,4,4,4,2,2,4,4,4,3,2,3,4,1,2,1,1,2,4,4,4,4,4,4,4,4,0,0,4,4,4,4,4,4,4,4,4,4,4,4,0,0,0,1,3,0,0,1,0,0,3,0,0,3,4,4,4,4,4,3,4,4,4,4,4,4,4,4,0,4,4,4,4,4,4,4,3,4,4,4,4,0,4,0,4,4,3,3,4,4,4,4,4,4,4,4,4,4,4,4,4,4,4,4,4,4,4,4,4,4,4,4,4,4,4,0,4,4,2,2,4,4"
203,1.436811613444797,"0,0,4,4,4,2,4,4,1,4,2,1,4,0,4,2,4,4,4,4,0,4,4,4,4,4,4,4,4,4,4,1,1,1,1,1,2,4,4,0,4,4,4,4,4,1,2,1,4,4,4,4,4,4,4,4,4,4,4,4,4,4,4,4,4,4,4,4,4,2,2,4,0,4,4,4,4,2,1,4,4,4,4,4,4,4,4,4,4,4,4,4,4,4,2,1,4,4,4,4,4,4,4,4,3,4,3,4,0,4,4,4,4,0,4,3,4,4,4,0,4,4,4,4,3,4,1,1,2,4,4,4,4,3,4,1,2,4,4,4,4,4,4,2,4,4,4,4,4,4,1,2,0,2,4,1,4,4,4,4,2,2,4,4,4,3,0,3,4,1,2,1,1,2,4,4,4,4,4,4,4,4,0,0,4,4,4,4,4,4,4,4,4,4,4,4,0,0,0,1,3,0,0,1,0,0,3,0,0,3,4,4,0,4,4,3,4,4,4,4,4,4,4,4,0,4,4,4,4,4,4,4,3,4,4,4,4,0,4,0,4,4,3,3,4,4,4,4,4,4,4,4,4,4,4,4,4,4,2,4,4,4,4,4,4,4,4,4,4,4,4,0,4,4,0,2,4,4"
204,1.438731015358366,"0,0,4,4,4,2,4,4,1,4,2,1,4,0,4,2,4,4,4,4,0,4,4,4,4,4,4,4,4,4,4,1,1,1,1,1,2,4,4,0,4,4,4,4,4,1,2,1,4,4,4,4,4,4,4,4,4,4,4,4,4,4,4,4,4,4,4,4,4,2,2,4,0,4,4,4,4,2,1,4,4,4,4,4,4,4,4,4,4,4,4,4,4,4,2,1,4,4,4,4,4,4,4,4,3,4,3,4,0,4,4,4,4,0,4,3,4,4,4,0,4,4,4,4,3,4,1,1,2,4,4,4,4,3,4,1,2,4,4,4,4,4,4,2,4,4,4,4,4,4,1,2,0,2,4,4,4,4,4,4,2,2,4,4,4,3,2,0,4,1,2,1,1,2,4,4,4,4,4,4,4,4,0,0,4,4,4,4,4,4,4,4,4,4,4,4,0,0,0,1,3,0,0,1,0,0,3,0,0,3,4,4,4,4,4,3,4,4,4,4,4,4,4,4,0,4,4,4,4,4,4,4,3,4,4,4,4,0,4,0,4,4,3,3,4,4,4,4,4,4,4,4,4,4,4,4,4,4,4,4,4,4,4,4,4,4,4,4,4,4,4,0,4,4,2,2,4,4"
205,1.439119319643596,"0,0,4,4,4,2,4,4,1,4,2,1,4,0,4,2,4,4,4,4,0,4,4,4,4,4,4,4,4,4,4,1,1,1,1,1,2,4,4,0,4,4,4,4,4,1,2,1,4,4,4,4,4,4,4,4,4,4,4,4,4,4,4,4,4,4,4,4,4,2,2,4,0,4,4,4,4,2,1,4,4,4,4,4,4,4,4,4,4,4,4,4,4,4,2,1,4,4,4,4,4,4,4,4,3,4,3,4,0,4,4,4,4,0,4,3,4,4,4,0,4,4,4,4,3,4,1,1,2,4,4,4,4,3,4,1,2,4,4,4,4,4,4,2,4,4,4,4,4,4,1,2,0,2,4,4,4,4,4,4,2,2,4,4,4,3,2,3,4,1,2,1,1,2,4,4,4,4,4,4,4,4,0,3,4,4,4,4,4,4,4,4,4,4,4,4,0,0,0,0,3,0,0,1,0,0,3,0,0,3,4,4,4,4,4,3,4,4,4,4,4,4,4,4,0,4,4,4,4,4,4,4,3,4,4,4,4,0,4,0,4,4,3,3,4,4,4,4,4,4,4,4,4,4,4,4,4,4,4,4,4,4,4,4,4,4,4,4,4,4,4,0,4,4,2,2,4,4"
206,1.4395296717633597,"0,0,4,4,4,2,4,4,1,4,2,1,4,0,4,2,4,4,4,4,0,4,4,4,4,4,4,4,4,4,4,1,1,1,1,1,2,4,4,0,4,4,4,4,4,1,2,1,4,4,4,4,4,4,4,4,4,4,4,4,4,4,4,4,4,4,4,4,4,2,2,4,0,4,4,4,4,2,1,4,4,4,4,4,4,4,4,4,4,4,4,4,4,4,2,1,4,4,4,4,4,4,4,4,3,4,3,4,0,4,4,4,4,0,4,4,4,4,4,0,4,4,4,4,3,4,1,1,2,4,4,4,4,3,4,1,2,4,4,4,4,4,4,3,4,4,4,4,4,4,1,2,0,2,4,4,4,4,4,4,2,2,4,4,4,3,2,3,4,1,2,1,1,2,4,4,4,4,4,4,4,4,0,3,4,4,4,4,4,4,4,4,4,4,4,4,0,0,0,1,3,0,0,1,0,0,3,0,0,3,4,4,4,4,4,3,4,4,4,4,4,4,4,4,0,4,4,4,4,4,4,4,3,4,4,4,4,0,4,0,4,4,3,3,4,4,4,4,4,4,4,4,4,4,4,4,4,4,4,4,4,4,4,4,4,4,4,4,4,4,4,0,4,4,2,2,4,4"
207,1.4395296717633597,"0,0,4,4,4,2,4,4,1,4,2,1,4,0,4,2,4,4,4,4,0,4,4,4,4,4,4,4,4,4,4,1,1,1,1,1,2,4,4,0,4,4,4,4,4,1,2,1,4,4,4,4,4,4,4,4,4,4,4,4,4,4,4,4,4,4,4,4,4,2,2,4,0,4,4,4,4,2,1,4,4,4,4,4,4,4,4,4,4,4,4,4,4,4,2,1,4,4,4,4,4,4,4,4,3,4,3,4,0,4,4,4,4,0,4,4,4,4,4,0,4,4,4,4,3,4,1,1,2,4,4,4,4,3,4,1,2,4,4,4,4,4,4,3,4,4,4,4,4,4,1,2,0,2,4,4,4,4,4,4,2,2,4,4,4,3,2,3,4,1,2,1,1,2,4,4,4,4,4,4,4,4,0,3,4,4,4,4,4,4,4,4,4,4,4,4,0,0,0,1,3,0,0,1,0,0,3,0,0,3,4,4,4,4,4,3,4,4,4,4,4,4,4,4,0,4,4,4,4,4,4,4,3,4,4,4,4,0,4,0,4,4,3,3,4,4,4,4,4,4,4,4,4,4,4,4,4,4,4,4,4,4,4,4,4,4,4,4,4,4,4,0,4,4,2,2,4,4"
208,1.4399730446786203,"0,0,4,4,4,2,4,4,1,4,2,1,4,0,4,2,4,4,4,4,0,4,4,4,4,4,4,4,4,4,4,1,1,1,1,1,2,4,4,0,4,4,4,4,4,1,2,1,4,4,4,4,4,4,4,4,4,4,4,4,4,4,4,4,4,4,4,4,4,2,2,4,0,4,4,4,4,2,1,4,4,4,4,4,4,4,4,4,4,4,4,4,4,4,2,1,4,4,4,4,4,4,4,4,3,4,3,4,0,4,4,4,4,4,4,4,4,4,4,0,4,4,4,4,3,4,1,1,2,4,4,4,4,3,4,1,2,4,4,4,4,4,4,3,4,4,4,4,4,4,1,2,0,2,4,4,4,4,4,4,2,2,4,4,4,3,2,3,4,1,2,1,1,2,4,4,4,4,4,4,4,4,0,3,4,4,4,4,4,4,4,4,4,4,4,4,0,0,0,1,3,0,0,1,0,0,3,0,0,3,4,4,4,4,4,3,4,4,4,4,4,4,4,4,0,4,4,4,4,4,4,4,3,4,4,4,4,0,4,0,4,4,3,3,4,4,4,4,4,4,4,4,4,4,4,4,4,4,4,4,4,4,4,4,4,4,4,4,4,4,4,0,4,4,2,2,4,4"
209,1.4399730446786203,"0,0,4,4,4,2,4,4,1,4,2,1,4,0,4,2,4,4,4,4,0,4,4,4,4,4,4,4,4,4,4,1,1,1,1,1,2,4,4,0,4,4,4,4,4,1,2,1,4,4,4,4,4,4,4,4,4,4,4,4,4,4,4,4,4,4,4,4,4,2,2,4,0,4,4,4,4,2,1,4,4,4,4,4,4,4,4,4,4,4,4,4,4,4,2,1,4,4,4,4,4,4,4,4,3,4,3,4,0,4,4,4,4,4,4,4,4,4,4,0,4,4,4,4,3,4,1,1,2,4,4,4,4,3,4,1,2,4,4,4,4,4,4,3,4,4,4,4,4,4,1,2,0,2,4,4,4,4,4,4,2,2,4,4,4,3,2,3,4,1,2,1,1,2,4,4,4,4,4,4,4,4,0,3,4,4,4,4,4,4,4,4,4,4,4,4,0,0,0,1,3,0,0,1,0,0,3,0,0,3,4,4,4,4,4,3,4,4,4,4,4,4,4,4,0,4,4,4,4,4,4,4,3,4,4,4,4,0,4,0,4,4,3,3,4,4,4,4,4,4,4,4,4,4,4,4,4,4,4,4,4,4,4,4,4,4,4,4,4,4,4,0,4,4,2,2,4,4"
210,1.4391642209020947,"0,0,4,4,4,2,4,4,1,4,2,1,4,0,4,2,4,4,4,4,0,4,4,4,4,4,4,4,4,4,4,1,1,1,1,1,2,4,4,0,4,4,4,4,4,1,2,1,4,4,4,4,4,4,4,4,4,4,4,4,4,4,4,4,4,4,4,4,4,2,2,4,0,4,4,4,4,2,1,4,4,4,4,4,4,4,4,4,4,4,4,4,4,4,2,1,4,4,4,4,4,4,4,4,3,4,3,4,0,4,4,4,4,4,4,4,4,4,4,0,4,4,4,4,3,4,1,1,2,4,4,4,4,3,4,1,2,4,4,4,4,4,4,3,4,4,4,4,4,4,1,2,0,2,4,4,4,4,4,4,2,2,4,4,4,3,2,3,4,1,2,1,1,2,4,4,4,4,4,4,4,4,0,3,4,4,4,4,4,4,4,4,4,4,4,4,0,0,0,1,3,0,0,1,0,0,3,0,0,3,4,4,4,4,4,3,2,4,4,4,4,4,4,4,0,4,4,4,4,4,4,4,3,4,4,4,4,0,4,0,4,4,3,3,4,4,4,4,4,4,4,4,4,4,4,4,4,4,4,4,4,4,4,4,4,4,4,4,4,4,4,0,4,4,2,2,4,4"
211,1.437728537690763,"0,0,4,4,4,2,4,4,1,4,2,1,4,0,4,2,4,4,4,4,0,4,4,4,4,4,4,4,4,4,4,1,1,1,1,1,2,4,4,0,4,4,4,4,4,1,2,1,4,4,4,4,4,4,4,4,4,4,4,4,4,4,4,4,4,4,4,4,4,2,2,4,0,4,4,4,4,2,1,4,4,4,3,4,4,4,4,4,4,4,4,4,4,4,2,1,4,4,4,4,4,4,4,4,3,4,3,4,0,4,4,4,4,4,4,4,4,4,4,0,4,4,4,4,3,4,1,1,2,4,4,4,4,3,4,1,2,4,4,4,4,4,4,3,4,4,4,4,4,4,1,3,0,2,4,4,4,4,4,4,2,2,4,4,4,3,2,3,3,1,2,1,1,2,4,4,3,4,2,4,4,4,0,3,4,4,4,4,4,4,4,4,4,4,4,4,0,0,0,0,3,0,0,1,0,0,3,2,0,3,4,4,4,4,4,3,4,4,4,4,4,4,4,4,0,4,4,4,4,4,4,4,3,4,4,4,4,0,4,0,4,4,3,3,4,4,4,4,4,4,4,4,4,4,4,4,4,4,4,4,4,4,4,4,4,4,4,4,4,4,4,4,4,4,2,2,4,4"
212,1.4389249362197178,"0,0,4,4,4,2,4,4,1,4,2,1,4,0,4,2,4,4,4,4,0,4,4,4,4,4,4,4,4,4,4,1,1,1,1,1,2,4,4,0,4,4,4,4,4,1,2,1,4,4,4,4,4,4,4,4,4,4,4,4,4,4,4,4,4,4,4,4,4,2,2,4,0,4,4,4,4,2,1,4,4,4,3,4,4,4,4,4,4,4,4,4,4,4,2,1,4,4,4,4,4,4,4,4,3,4,3,4,0,4,4,4,4,0,4,4,4,4,4,0,4,4,4,4,3,4,1,1,2,4,4,4,4,3,4,1,2,4,4,4,4,4,4,3,4,4,4,4,4,4,1,2,0,2,4,4,4,4,4,4,2,2,4,4,4,3,2,3,4,1,2,1,1,2,4,4,4,4,4,4,4,4,0,3,4,4,4,4,4,4,4,4,4,4,4,4,0,0,0,1,3,0,0,1,0,0,3,0,0,1,4,4,4,4,4,3,4,4,4,4,4,4,4,4,0,4,4,4,4,4,4,4,3,4,4,4,4,0,4,0,4,4,3,3,4,4,4,4,4,4,4,4,4,4,4,4,4,4,4,4,4,4,4,4,4,4,4,4,4,4,4,4,4,4,2,2,4,4"
213,1.4381400382547043,"0,0,4,4,4,2,4,4,1,4,2,1,4,0,4,2,4,4,4,4,0,4,4,4,4,4,4,4,4,4,4,0,1,1,1,1,2,4,4,0,4,4,4,4,4,0,2,1,4,4,4,4,4,4,4,4,4,4,4,4,4,4,4,4,4,4,4,4,4,2,2,4,0,4,4,4,4,2,1,4,4,4,3,4,4,4,4,4,4,4,4,4,4,4,2,1,4,4,4,4,4,4,4,4,3,4,3,4,0,4,4,4,4,0,4,4,4,4,4,0,4,4,4,4,3,4,1,1,2,4,4,4,4,3,4,1,2,4,4,4,4,4,4,3,4,4,4,4,4,4,1,2,0,2,4,4,4,4,4,4,2,2,4,4,4,3,2,3,4,1,2,1,1,2,4,4,4,4,4,4,4,4,0,3,4,4,4,4,4,4,4,4,4,4,4,4,0,0,0,1,3,0,0,1,0,0,0,0,0,1,4,4,4,4,4,3,4,4,4,4,4,4,4,4,0,4,4,4,4,4,4,4,3,4,4,4,4,0,4,0,4,4,3,3,4,4,4,4,4,4,4,4,4,4,4,4,4,4,4,4,4,4,4,4,4,4,4,4,4,4,4,0,4,4,2,2,4,4"
214,1.4380301188599314,"0,0,4,4,4,2,4,4,1,4,2,1,4,0,4,2,4,4,4,4,0,4,4,4,4,4,4,4,4,4,4,0,1,1,1,1,2,4,4,0,4,4,4,4,4,0,2,1,4,4,4,4,4,4,4,4,4,4,4,4,4,4,4,4,4,4,4,4,4,2,2,4,0,4,4,4,4,2,1,4,4,4,3,4,4,4,4,4,4,4,4,4,4,4,2,1,4,4,4,4,4,4,4,4,3,4,3,4,0,4,4,4,4,0,4,4,4,4,4,0,4,4,4,4,3,4,1,1,2,4,4,4,4,3,4,1,2,4,4,4,4,4,4,3,4,4,4,4,4,4,1,2,1,2,4,4,4,4,4,4,2,2,4,4,4,3,2,3,4,1,2,1,1,2,4,4,4,4,4,4,4,4,0,3,4,4,4,4,4,4,4,4,4,4,4,4,0,0,0,1,3,0,0,1,0,0,3,0,0,3,4,4,4,4,4,3,4,4,4,4,4,4,4,4,0,4,4,4,4,4,4,4,3,4,4,4,4,0,0,0,4,4,3,3,4,4,4,4,4,4,4,4,4,4,4,4,4,4,4,4,4,4,4,4,4,4,4,4,4,4,4,4,4,4,2,2,4,4"
215,1.4407789759409222,"0,0,4,4,4,2,4,4,1,4,2,1,4,0,4,2,4,4,4,4,0,4,4,4,4,4,4,4,4,4,4,1,1,1,1,1,2,4,4,2,4,4,4,4,4,1,2,1,4,4,4,4,4,4,4,4,4,4,4,4,4,4,4,4,4,4,4,4,4,2,2,4,0,4,4,4,4,2,1,4,4,4,4,4,4,4,4,4,4,4,4,4,4,4,2,1,4,4,4,4,4,4,4,4,3,4,3,4,0,4,4,4,4,4,4,4,4,4,4,0,4,4,4,4,3,4,1,1,2,4,4,4,4,3,4,1,2,4,4,4,4,4,4,3,4,4,4,4,4,4,1,2,1,2,4,4,4,4,4,4,2,2,4,4,4,3,2,3,4,1,2,1,1,2,4,4,4,4,4,4,4,4,0,3,4,4,4,4,4,4,4,4,4,4,4,4,0,0,0,1,3,0,0,1,0,0,3,0,0,3,4,4,4,4,4,3,4,4,4,4,4,4,4,4,0,4,4,4,4,4,4,4,3,4,4,4,4,0,4,0,4,4,3,3,4,4,4,4,4,4,4,4,4,4,4,4,4,4,4,4,4,4,4,4,4,4,4,4,4,4,4,4,4,4,2,2,4,4"
216,1.4410309953684721,"0,0,4,4,4,2,4,4,1,4,2,1,4,0,4,2,4,4,4,4,0,4,4,4,4,4,4,4,4,4,4,1,1,1,1,1,2,4,4,2,4,4,4,4,4,1,2,1,4,4,4,4,4,4,4,4,4,4,4,4,4,4,4,4,4,4,4,4,4,2,2,4,0,4,4,4,4,2,1,4,4,4,4,4,4,4,4,4,4,4,4,4,4,4,2,1,4,4,4,4,4,4,4,4,3,4,3,4,0,4,4,4,4,4,4,4,4,4,4,0,4,4,4,4,3,4,1,1,2,4,4,4,4,3,4,1,2,4,4,4,4,4,4,3,4,4,4,4,4,4,1,2,1,2,4,4,4,4,4,4,2,2,4,4,4,3,2,3,4,1,2,1,1,2,4,4,4,4,4,4,4,4,0,3,4,4,4,4,4,4,4,4,4,4,4,4,0,0,0,1,3,0,0,1,0,0,3,0,0,0,4,4,4,4,4,3,4,4,4,4,4,4,4,4,0,4,4,4,4,4,4,4,3,4,4,4,4,0,4,0,4,4,3,3,4,4,4,4,4,4,4,4,4,4,4,4,4,4,4,4,4,4,4,4,4,4,4,4,4,4,4,4,4,4,2,2,4,4"
217,1.4392042766308701,"0,0,4,4,4,2,4,4,1,4,2,1,4,0,4,0,4,4,4,4,0,4,4,4,4,4,4,4,4,4,4,1,1,1,1,1,2,4,4,2,4,4,4,4,4,1,3,1,4,4,4,4,4,4,4,4,4,4,4,4,4,4,4,4,4,4,4,4,4,2,2,4,0,4,4,4,4,2,1,4,4,4,4,4,4,4,4,4,4,4,4,4,4,4,2,1,4,4,4,3,4,4,4,4,3,4,3,4,0,4,4,4,4,4,1,4,4,4,4,0,4,4,4,4,3,4,1,1,2,4,4,4,4,3,4,1,2,4,4,4,4,4,4,3,4,4,4,4,4,4,1,2,1,2,4,4,4,4,4,4,2,2,4,4,4,3,2,3,4,1,2,1,1,2,4,4,4,4,4,4,4,4,0,3,4,4,4,4,4,4,4,4,4,4,4,4,0,0,0,0,3,0,0,1,2,0,3,0,0,0,4,4,4,4,4,3,4,4,4,4,4,4,4,4,3,4,4,4,4,4,4,4,3,4,4,4,4,0,4,0,4,4,3,3,4,4,4,4,4,4,4,4,4,4,4,4,4,4,4,4,4,4,4,4,4,4,4,4,4,4,4,4,4,4,2,2,4,4"
218,1.4378922875288869,"0,0,4,4,4,2,4,4,1,4,2,1,4,0,4,0,4,4,4,4,0,4,4,4,4,4,4,4,4,4,4,1,4,1,1,1,2,4,4,2,4,4,4,4,4,0,3,1,4,4,4,4,4,4,4,4,4,4,4,4,4,4,4,4,4,4,4,4,4,2,2,4,0,4,4,4,4,2,1,4,4,4,4,4,4,4,4,4,4,4,4,4,4,4,2,1,4,4,4,4,4,4,4,4,3,4,3,4,0,4,4,1,4,4,4,4,4,4,4,0,4,4,4,4,3,4,1,1,2,4,4,4,4,3,4,1,2,4,4,4,4,4,4,4,4,4,4,4,4,4,1,2,1,2,4,4,4,4,4,4,2,2,4,4,4,3,2,3,4,1,2,1,1,2,4,4,4,4,4,4,4,4,0,3,4,4,4,4,4,4,4,4,4,4,4,4,0,0,0,0,3,0,0,1,0,0,3,0,0,0,4,4,4,4,4,3,4,4,4,4,4,4,4,4,0,4,4,4,4,4,4,4,3,4,4,4,4,0,4,0,4,4,3,3,4,4,4,4,4,4,4,4,4,4,4,4,4,4,4,4,4,4,4,4,4,4,4,4,4,4,4,4,4,4,2,2,4,4"
219,1.4405689483661568,"0,0,4,4,4,2,4,4,1,4,2,1,4,0,4,2,4,4,4,4,0,4,4,4,4,4,4,4,4,4,4,1,1,1,1,1,2,4,4,2,4,3,4,4,4,1,2,1,4,4,4,4,4,4,4,4,4,4,4,4,4,4,4,4,4,4,4,4,4,2,2,4,0,4,4,4,4,2,1,4,4,4,4,4,4,4,4,4,4,4,4,4,4,4,2,1,4,4,4,4,4,4,4,4,3,4,3,4,0,4,4,4,4,4,4,4,4,4,4,0,4,4,4,4,3,4,1,1,2,4,4,4,4,3,4,1,2,4,4,4,4,4,4,3,4,4,4,4,4,4,1,2,1,2,4,4,4,4,4,4,2,2,4,4,4,3,2,3,4,1,2,1,1,2,4,4,4,4,4,4,4,4,0,3,4,4,4,4,4,4,4,4,4,4,4,4,0,0,0,0,3,0,0,1,0,0,3,0,0,0,4,4,4,4,4,3,4,4,4,4,4,4,4,4,0,4,4,4,4,4,4,4,3,4,4,4,4,0,4,3,4,4,3,3,4,4,4,4,4,4,4,4,4,4,4,4,4,4,4,4,4,4,4,4,4,4,4,4,4,4,4,4,4,4,2,2,4,4"
220,1.4394844076019955,"0,0,4,4,4,2,4,4,1,4,2,1,4,0,4,2,4,4,4,4,0,4,4,4,4,4,4,4,4,4,4,1,1,1,1,1,2,4,4,2,4,3,4,4,4,1,2,1,4,4,3,4,4,4,4,4,4,4,4,4,4,4,4,4,4,4,4,4,4,2,2,4,0,4,4,4,4,2,1,4,4,4,4,4,4,4,4,4,4,4,4,4,4,4,2,1,4,4,4,4,4,4,4,4,3,4,3,4,0,4,4,4,4,4,4,4,4,4,4,0,4,4,4,4,3,4,1,1,2,4,4,4,4,3,4,1,2,4,4,4,4,4,4,3,4,4,4,4,4,4,1,2,1,2,4,4,4,4,4,4,2,2,4,4,4,3,2,3,4,1,2,1,1,2,4,4,4,4,4,4,4,4,0,3,4,4,4,4,4,4,4,4,4,4,4,4,0,0,0,0,3,0,0,1,0,0,3,0,0,0,4,4,4,4,4,3,4,4,4,4,4,4,4,4,0,4,4,4,4,4,4,4,3,4,4,4,4,0,4,0,4,4,3,3,4,4,4,4,4,4,4,4,4,4,4,4,4,4,4,4,4,4,4,4,4,4,4,4,4,4,4,4,4,4,2,2,4,4"
221,1.4414221287757512,"0,0,4,4,4,2,4,4,1,4,2,1,4,0,4,2,4,4,4,4,0,4,4,4,4,4,4,4,4,4,4,1,1,1,1,1,2,4,4,2,4,4,4,4,4,1,2,1,4,4,4,4,4,4,4,4,4,4,4,4,4,4,4,4,4,4,4,4,4,2,2,4,0,4,4,4,4,2,1,4,4,4,4,4,4,4,4,4,4,4,4,4,4,4,2,1,4,4,4,4,4,4,4,4,3,4,3,4,0,4,4,4,4,4,4,4,4,4,4,0,4,4,4,4,3,4,1,1,2,4,4,4,4,3,4,1,1,4,4,4,4,4,4,3,4,4,4,4,4,4,1,2,1,2,4,4,4,4,4,4,2,2,4,4,4,3,2,3,4,1,2,1,1,2,4,4,4,4,4,4,4,4,0,3,4,4,4,4,4,4,4,4,4,4,4,4,0,0,0,0,3,0,0,1,0,0,3,0,0,0,4,4,4,4,4,3,4,4,4,4,4,4,4,4,0,4,4,4,4,4,4,4,3,4,4,4,4,0,4,0,4,4,3,3,4,4,4,4,4,4,4,4,4,4,4,4,4,4,4,4,4,4,4,4,4,4,4,4,4,4,4,4,4,4,2,2,4,4"
222,1.4404030256741611,"0,0,4,4,4,2,4,4,1,4,2,1,4,0,4,2,4,4,4,4,0,4,4,4,4,4,4,4,4,4,4,1,1,1,1,1,2,4,4,2,4,4,4,4,4,1,2,1,4,4,4,4,4,4,4,4,4,3,4,4,4,4,4,4,4,4,4,4,4,2,2,4,0,4,4,4,4,2,1,4,4,4,4,4,4,4,4,4,4,4,4,4,4,4,2,1,4,4,4,4,4,4,4,4,3,4,3,4,0,4,4,4,4,4,4,4,4,4,4,0,4,4,4,4,3,4,1,1,2,4,4,4,4,3,4,1,1,4,4,4,4,4,4,3,4,4,4,4,4,4,1,2,1,2,4,4,4,4,4,4,2,2,4,4,4,3,2,3,4,1,2,1,1,2,4,4,4,4,4,4,4,4,0,3,4,4,4,4,4,4,4,4,4,4,4,4,0,0,0,0,3,0,0,1,0,0,3,0,0,0,4,4,4,4,4,3,4,4,4,4,4,4,4,4,0,4,4,4,4,4,4,4,3,4,4,4,4,0,4,0,4,4,3,3,4,4,4,4,4,4,4,4,4,4,4,4,4,4,4,4,4,4,4,4,4,4,4,4,4,4,4,4,4,4,2,2,4,4"
223,1.4418422384351313,"0,0,4,4,4,2,4,4,1,4,2,1,4,0,4,2,4,4,4,4,0,4,4,4,4,4,4,4,4,4,4,1,1,1,1,1,2,4,4,2,4,4,4,4,4,1,2,1,4,4,4,4,4,4,4,4,4,4,4,4,4,4,4,4,4,4,4,4,4,2,2,4,0,4,4,4,4,2,1,4,4,4,4,4,4,4,4,4,4,4,4,4,4,4,2,1,4,4,4,4,4,4,4,4,3,4,3,4,0,4,4,4,4,4,4,4,4,4,4,0,4,4,4,4,3,4,1,1,2,4,4,4,4,3,4,1,1,4,4,4,4,4,4,3,4,4,4,4,4,4,1,2,1,2,4,4,4,4,4,4,2,2,4,4,4,3,2,3,4,1,2,1,1,2,4,4,4,4,4,4,4,4,0,3,4,4,4,4,4,4,4,4,4,4,4,4,0,0,0,0,3,0,0,0,0,0,3,0,0,0,4,4,4,4,4,3,4,4,4,4,4,4,4,4,0,4,4,4,4,4,4,4,3,4,4,4,4,0,4,0,4,4,3,3,4,4,4,4,4,4,4,4,4,4,4,4,4,4,4,4,4,4,4,4,4,4,4,4,4,4,4,4,4,4,2,2,4,4"
224,1.4426044903265833,"0,0,4,4,4,2,4,4,1,4,2,1,4,0,4,2,4,4,4,4,0,4,4,4,4,4,4,4,4,4,4,1,1,1,1,1,2,4,4,2,4,4,4,4,4,1,2,1,4,4,4,4,4,4,4,4,4,4,4,4,4,4,4,4,4,4,4,4,4,2,2,4,0,4,4,4,4,2,1,4,4,4,4,4,4,4,4,4,4,4,4,4,4,4,2,1,4,4,4,4,4,4,4,4,3,4,3,4,4,4,4,4,4,4,4,4,4,4,4,0,4,4,4,4,3,4,1,1,2,4,4,4,4,3,4,1,1,4,4,4,4,4,4,3,4,4,4,4,4,4,1,2,1,2,4,4,4,4,4,4,2,2,4,4,4,3,2,3,4,1,2,1,1,2,4,4,4,4,4,4,4,4,0,3,4,4,4,4,4,4,4,4,4,4,4,4,0,0,0,0,3,0,0,0,0,0,3,0,0,0,4,4,4,4,4,3,4,4,4,4,4,4,4,4,0,4,4,4,4,4,4,4,3,4,4,4,4,0,4,0,4,4,3,3,4,4,4,4,4,4,4,4,4,4,4,4,4,4,4,4,4,4,4,4,4,4,4,4,4,4,4,4,4,4,2,2,4,4"
225,1.4421299065752635,"0,0,4,4,4,2,4,4,1,4,2,1,4,0,4,2,4,4,4,4,0,4,4,4,4,4,4,4,4,4,4,1,1,1,1,1,2,4,4,2,4,4,4,4,4,1,2,1,4,4,4,4,4,4,4,4,4,4,4,4,4,4,4,4,4,4,4,4,4,2,2,4,0,4,4,4,4,2,1,4,4,4,4,4,4,4,4,4,4,4,4,4,4,4,2,1,4,4,4,4,4,4,4,4,3,4,3,4,4,4,4,4,4,4,4,4,4,4,4,0,4,4,4,4,3,4,1,1,2,4,4,4,4,3,4,1,1,4,4,4,4,4,4,3,4,4,4,4,4,4,1,2,1,2,4,4,4,4,4,4,2,2,4,4,4,3,2,3,4,1,2,1,1,2,4,4,4,4,4,4,4,4,0,3,4,4,4,4,4,4,4,4,4,4,4,4,0,0,0,0,4,0,0,0,0,0,3,2,0,0,4,4,4,4,4,3,4,4,4,4,4,4,4,4,0,4,4,4,4,4,4,4,3,4,4,4,4,2,4,0,4,4,3,3,4,4,4,4,4,4,4,4,4,4,4,4,4,4,4,4,4,4,4,4,4,4,4,4,4,4,4,4,4,4,2,2,4,4"
226,1.4421299065752635,"0,0,4,4,4,2,4,4,1,4,2,1,4,0,4,2,4,4,4,4,0,4,4,4,4,4,4,4,4,4,4,1,1,1,1,1,2,4,4,2,4,4,4,4,4,1,2,1,4,4,4,4,4,4,4,4,4,4,4,4,4,4,4,4,4,4,4,4,4,2,2,4,0,4,4,4,4,2,1,4,4,4,4,4,4,4,4,4,4,4,4,4,4,4,2,1,4,4,4,4,4,4,4,4,3,4,3,4,4,4,4,4,4,4,4,4,4,4,4,0,4,4,4,4,3,4,1,1,2,4,4,4,4,3,4,1,1,4,4,4,4,4,4,3,4,4,4,4,4,4,1,2,1,2,4,4,4,4,4,4,2,2,4,4,4,3,2,3,4,1,2,1,1,2,4,4,4,4,4,4,4,4,0,3,4,4,4,4,4,4,4,4,4,4,4,4,0,0,0,0,4,0,0,0,0,0,3,2,0,0,4,4,4,4,4,3,4,4,4,4,4,4,4,4,0,4,4,4,4,4,4,4,3,4,4,4,4,2,4,0,4,4,3,3,4,4,4,4,4,4,4,4,4,4,4,4,4,4,4,4,4,4,4,4,4,4,4,4,4,4,4,4,4,4,2,2,4,4"
227,1.4429794614137517,"0,0,4,4,4,2,4,4,1,4,2,1,4,0,4,2,4,4,4,4,0,4,4,4,4,4,4,4,4,4,4,1,1,1,1,1,2,4,4,2,4,4,4,4,4,1,2,1,4,4,4,4,4,4,4,4,4,4,4,4,4,4,4,4,4,4,4,4,4,2,2,4,0,4,4,4,4,2,1,4,4,4,4,4,4,4,4,4,4,4,4,4,4,4,2,1,4,4,4,4,4,4,4,4,3,4,3,4,4,4,4,4,4,4,4,4,4,4,4,0,4,4,4,4,3,4,1,1,2,4,4,4,4,3,4,1,1,4,4,4,4,4,4,3,4,4,4,4,4,4,2,2,1,2,4,4,4,4,4,4,2,2,4,4,4,3,2,4,4,1,2,1,1,2,4,4,4,4,4,4,4,4,0,3,4,4,4,4,4,4,4,4,4,4,4,4,0,0,0,0,3,0,0,0,0,0,3,0,0,0,4,4,4,4,4,3,4,4,4,4,4,4,4,4,0,4,4,4,4,4,4,4,3,4,4,4,4,0,4,0,4,4,3,3,4,4,4,4,4,4,4,4,4,4,4,4,4,4,4,4,4,4,4,4,4,4,4,4,4,4,4,4,4,4,2,2,4,4"
228,1.4437108320273504,"0,0,4,4,4,2,4,4,1,4,2,1,4,0,4,2,4,4,4,4,0,4,4,4,4,4,4,4,4,4,4,1,1,1,1,1,2,4,4,2,4,4,4,4,4,1,2,1,4,4,4,4,4,4,4,4,4,4,4,4,4,4,4,4,4,4,4,4,4,2,2,4,4,4,4,4,4,2,1,4,4,4,4,4,4,4,4,4,4,4,4,4,4,4,2,1,4,4,4,4,4,4,4,4,3,4,3,4,4,4,4,4,4,4,4,4,4,4,4,0,4,4,4,4,3,4,1,1,2,4,4,4,4,3,4,1,1,4,4,4,4,4,4,3,4,4,4,4,4,4,2,2,1,2,4,4,4,4,4,4,2,2,4,4,4,3,2,4,4,1,2,1,1,2,4,4,4,4,4,4,4,4,0,3,4,4,4,4,4,4,4,4,4,4,4,4,0,0,0,0,3,0,0,0,0,0,3,0,0,0,4,4,4,4,4,3,4,4,4,4,4,4,4,4,0,4,4,4,4,4,4,4,3,4,4,4,4,0,4,0,4,4,3,3,4,4,4,4,4,4,4,4,4,4,4,4,4,4,4,4,4,4,4,4,4,4,4,4,4,4,4,4,4,4,2,2,4,4"
229,1.4440679878145501,"0,0,4,4,4,2,4,4,1,4,2,1,4,0,4,2,4,4,4,4,0,4,4,4,4,4,4,4,4,4,4,1,1,1,1,1,2,4,4,2,4,4,4,4,4,1,2,1,4,4,4,4,4,4,4,4,4,4,4,4,4,4,4,4,4,4,4,4,4,2,2,4,4,4,4,4,4,2,1,4,4,4,4,4,4,4,4,4,4,4,4,4,4,4,2,1,4,4,4,4,4,4,4,4,3,4,3,4,4,4,4,4,4,4,4,4,4,4,4,0,4,4,4,4,3,4,1,1,2,4,4,4,4,3,4,1,1,4,4,4,4,4,4,3,4,4,4,4,4,4,1,2,1,2,4,4,4,4,4,4,2,2,4,4,4,3,2,4,4,1,2,1,1,2,4,4,4,4,4,4,4,4,0,4,4,4,4,4,4,4,4,4,4,4,4,4,0,0,0,0,3,0,0,0,0,0,3,0,0,0,4,4,4,4,4,3,4,4,4,4,4,4,4,4,0,4,4,4,4,4,4,4,3,4,4,4,4,0,4,3,4,4,3,3,4,4,4,4,4,4,4,4,4,4,4,4,4,4,4,4,4,4,4,4,4,4,4,4,4,4,4,4,4,4,2,2,4,4"
230,1.4440679878145501,"0,0,4,4,4,2,4,4,1,4,2,1,4,0,4,2,4,4,4,4,0,4,4,4,4,4,4,4,4,4,4,1,1,1,1,1,2,4,4,2,4,4,4,4,4,1,2,1,4,4,4,4,4,4,4,4,4,4,4,4,4,4,4,4,4,4,4,4,4,2,2,4,4,4,4,4,4,2,1,4,4,4,4,4,4,4,4,4,4,4,4,4,4,4,2,1,4,4,4,4,4,4,4,4,3,4,3,4,4,4,4,4,4,4,4,4,4,4,4,0,4,4,4,4,3,4,1,1,2,4,4,4,4,3,4,1,1,4,4,4,4,4,4,3,4,4,4,4,4,4,1,2,1,2,4,4,4,4,4,4,2,2,4,4,4,3,2,4,4,1,2,1,1,2,4,4,4,4,4,4,4,4,0,4,4,4,4,4,4,4,4,4,4,4,4,4,0,0,0,0,3,0,0,0,0,0,3,0,0,0,4,4,4,4,4,3,4,4,4,4,4,4,4,4,0,4,4,4,4,4,4,4,3,4,4,4,4,0,4,3,4,4,3,3,4,4,4,4,4,4,4,4,4,4,4,4,4,4,4,4,4,4,4,4,4,4,4,4,4,4,4,4,4,4,2,2,4,4"
231,1.4432687406160467,"0,0,4,4,4,2,4,4,1,4,2,1,4,0,4,2,4,4,4,4,0,4,4,4,4,4,4,4,4,4,4,1,1,1,1,1,2,4,4,2,4,4,4,4,4,1,2,1,4,4,4,4,4,4,4,4,4,4,4,4,4,4,4,4,4,4,4,4,4,2,2,4,4,4,4,4,4,2,1,4,4,4,4,4,4,4,4,4,4,4,4,4,4,4,2,1,4,4,4,4,4,4,4,4,3,4,3,4,4,4,4,4,4,4,4,1,4,4,4,0,4,4,4,4,3,4,1,1,2,4,4,4,4,3,4,1,1,4,4,4,4,4,4,3,4,4,4,4,4,4,1,2,1,2,4,4,4,4,4,4,2,2,4,4,4,3,2,4,4,1,2,1,1,2,4,4,4,4,4,4,4,4,0,4,4,4,4,4,4,4,4,4,4,4,4,4,0,0,0,0,3,0,0,0,0,0,3,0,0,0,4,4,4,4,4,3,4,4,4,4,4,4,4,4,0,4,4,4,4,4,4,4,3,4,4,4,4,0,4,3,4,4,3,3,4,4,4,4,4,4,4,4,4,4,4,4,4,4,4,4,4,4,4,4,4,4,4,4,4,4,4,4,4,4,2,2,4,4"
232,1.4413024563481391,"0,0,4,4,4,2,4,4,1,4,2,1,4,0,4,2,4,4,4,4,0,4,4,4,4,4,4,4,4,4,4,1,1,1,1,1,2,4,4,2,4,4,4,4,4,1,2,1,4,4,4,4,4,4,4,4,4,4,4,4,4,4,4,4,4,4,4,4,4,2,2,4,4,4,4,4,4,2,1,4,4,4,4,4,4,4,4,4,4,4,4,4,4,4,2,1,4,4,4,4,4,4,4,4,3,4,3,4,4,4,4,4,4,4,4,4,4,4,4,0,4,4,4,4,3,4,1,1,2,4,4,4,4,3,4,1,1,4,4,4,4,1,4,3,4,4,4,4,4,4,1,2,1,2,4,4,4,4,4,4,2,2,4,4,4,3,2,4,4,1,2,1,1,2,4,4,4,4,4,4,4,4,2,4,4,4,4,4,4,4,4,4,4,4,4,4,0,0,0,0,3,0,0,0,0,0,3,0,0,0,4,4,4,4,4,3,4,4,4,4,4,4,4,4,0,4,4,4,4,1,4,4,3,4,4,4,4,0,4,3,4,4,3,3,4,4,4,4,4,4,4,4,4,4,4,4,4,0,4,4,4,4,4,4,4,4,4,4,4,4,4,4,4,4,2,2,4,4"
233,1.444157718677576,"0,0,4,4,4,2,4,4,1,4,2,1,4,0,4,2,4,4,4,4,0,4,4,4,4,4,4,4,4,4,4,1,1,1,1,1,2,4,4,3,4,4,4,4,4,2,2,1,4,4,4,4,4,4,4,4,4,4,4,4,4,4,4,4,4,4,4,4,4,2,2,4,4,4,4,4,4,2,1,4,4,4,4,4,4,4,4,4,4,4,4,4,4,4,2,1,4,4,4,4,4,4,4,4,3,4,3,4,4,4,4,4,4,4,4,4,4,4,4,0,4,4,4,4,3,4,1,1,2,4,4,4,4,3,4,1,1,4,4,4,4,4,4,3,4,4,4,4,4,4,1,2,2,2,4,4,4,4,4,4,2,2,4,4,4,3,2,4,4,1,2,1,1,2,4,4,4,4,4,4,4,4,0,4,4,4,4,4,4,4,4,4,4,4,4,4,0,0,0,0,3,0,0,0,0,0,3,0,0,0,4,4,4,4,4,3,4,4,4,4,4,4,4,4,0,4,4,4,4,4,4,4,3,4,4,4,4,0,4,3,4,4,3,3,4,4,4,4,4,4,4,4,4,4,4,4,4,4,4,4,4,4,4,4,4,4,4,4,4,4,4,4,4,4,2,2,4,4"
234,1.4416781390010898,"0,0,4,4,4,2,4,4,1,4,2,1,4,0,4,2,4,4,4,4,0,4,4,4,4,4,4,4,4,4,4,1,1,1,1,1,2,4,4,3,4,4,4,4,4,2,2,1,4,4,4,4,4,4,4,4,4,4,4,4,4,4,4,4,4,4,4,4,4,2,2,4,4,4,4,4,4,2,1,4,4,4,4,4,4,4,4,4,4,4,4,4,4,4,2,1,4,4,4,4,4,4,4,4,3,4,3,4,4,4,4,4,4,4,4,4,4,4,4,0,4,4,4,4,3,4,1,1,2,4,4,2,4,3,4,1,1,4,4,4,4,0,4,3,4,4,4,4,4,4,1,2,2,2,4,4,4,4,4,4,2,2,4,4,4,3,2,4,4,1,2,1,1,2,4,4,4,4,4,4,4,4,0,4,4,4,4,4,4,4,4,4,4,4,4,4,0,0,0,0,3,0,0,0,0,0,3,0,0,0,4,4,2,4,4,3,4,4,4,4,4,4,4,4,0,4,4,4,4,4,4,4,3,4,4,4,4,0,4,3,4,4,3,3,4,4,4,4,4,4,4,4,4,4,4,4,4,4,4,4,4,4,4,4,4,4,4,4,4,4,4,4,4,4,2,2,4,4"
235,1.441369059374335,"0,0,4,4,4,2,4,4,1,4,2,1,4,0,4,2,4,4,4,4,0,4,4,4,4,4,4,4,4,4,4,1,1,2,1,1,2,4,4,3,4,4,4,4,4,2,2,1,4,4,4,4,4,4,4,4,4,4,4,4,4,4,4,4,4,4,4,4,4,2,2,4,4,4,4,4,4,2,1,4,4,4,4,3,4,4,4,4,4,4,4,4,4,4,2,1,4,4,4,4,4,4,4,4,3,4,3,4,4,4,4,4,4,4,4,4,4,4,4,0,4,4,4,4,3,4,1,1,2,4,4,4,4,3,4,1,1,4,4,4,4,4,4,3,4,4,4,4,4,4,1,2,2,2,4,4,4,4,4,4,2,2,4,4,4,3,2,4,4,1,2,1,1,2,4,4,4,4,4,4,4,4,0,4,4,4,4,4,4,4,4,4,0,4,4,4,0,0,0,0,3,0,0,0,0,0,3,0,0,0,4,4,4,4,4,3,4,4,4,4,4,4,4,4,0,4,4,4,3,4,4,4,3,4,4,4,4,0,4,3,4,4,3,3,4,4,4,4,4,4,4,4,4,4,4,4,4,4,4,4,4,4,4,4,4,4,4,4,4,4,4,4,4,4,2,2,4,4"
236,1.4442164704387743,"0,0,4,4,4,2,4,4,1,4,2,1,4,0,4,2,4,4,4,4,0,4,4,4,4,4,4,4,4,4,4,1,1,2,1,1,2,4,4,3,4,4,4,4,4,2,2,1,4,4,4,4,4,4,4,4,4,4,4,4,4,4,4,4,4,4,4,4,4,2,2,4,4,4,4,4,4,2,1,4,4,4,4,4,4,4,4,4,4,4,4,4,4,4,2,1,4,4,4,4,4,4,4,4,3,4,3,4,4,4,4,4,4,4,4,4,4,4,4,0,4,4,4,4,3,4,1,1,2,4,4,4,4,3,4,1,1,4,4,4,4,4,4,3,4,4,4,4,4,4,1,2,2,2,4,4,4,4,4,4,2,2,4,4,4,3,2,4,4,1,2,1,1,2,4,4,4,4,4,4,4,4,0,4,4,4,4,4,4,4,4,4,4,4,4,4,0,0,0,0,3,0,0,0,0,0,3,0,0,0,4,4,4,4,4,3,4,4,4,4,4,4,4,4,0,4,4,4,4,4,4,4,3,4,4,4,4,0,4,3,4,4,3,3,4,4,4,4,4,4,4,4,4,4,4,4,4,4,4,4,4,4,4,4,4,4,4,4,4,4,4,4,4,4,2,2,4,4"
237,1.4440522970235123,"0,0,4,4,4,2,4,4,1,4,2,1,4,0,4,2,4,4,4,4,4,4,4,4,4,4,4,4,4,4,4,1,1,2,1,1,2,4,4,3,4,4,4,4,4,2,2,1,4,4,4,4,4,4,4,4,4,4,4,4,4,4,4,4,4,4,4,4,4,2,2,4,4,4,4,4,4,2,1,4,4,4,4,4,4,4,4,4,4,4,4,4,4,4,2,1,4,4,4,4,4,4,4,4,3,4,4,4,4,4,4,4,4,4,4,4,4,4,4,0,4,4,4,4,3,4,1,1,2,4,4,4,4,3,4,1,1,4,4,4,4,4,4,3,4,4,4,4,4,4,1,2,2,2,4,4,4,4,2,4,2,2,4,4,4,3,2,4,4,1,2,1,1,2,4,4,4,4,4,4,4,4,0,4,4,4,4,4,4,4,4,4,4,4,4,4,0,0,0,0,3,0,0,0,4,0,3,0,0,0,4,4,4,4,4,3,4,4,4,4,4,4,4,4,0,4,4,4,4,4,4,4,3,4,4,4,4,0,4,3,4,4,3,3,4,4,4,4,4,4,4,4,4,4,4,4,4,4,4,4,4,4,4,4,4,4,4,4,4,4,4,4,4,4,2,2,4,4"
238,1.4434338696839515,"0,0,4,4,4,2,4,4,1,4,2,1,4,0,4,2,4,4,4,4,4,4,4,4,4,4,4,4,4,4,4,1,1,2,1,1,2,4,4,3,4,4,4,4,4,2,2,1,4,4,4,4,4,4,4,4,4,4,4,4,4,4,4,4,4,4,4,4,4,3,2,4,4,4,4,4,4,2,1,4,4,4,4,4,4,4,4,4,4,4,4,4,4,4,2,1,4,4,4,4,4,4,4,4,3,4,4,4,4,4,4,4,4,4,4,4,4,4,4,0,4,4,4,4,3,4,1,1,2,4,4,4,4,3,4,1,1,4,4,4,4,4,4,3,4,4,4,4,4,4,1,2,2,2,4,4,4,4,4,4,2,2,4,4,4,4,2,4,4,1,2,1,1,2,4,4,4,4,4,4,4,4,0,4,4,4,4,4,4,4,4,4,4,4,4,4,0,0,0,0,3,0,0,0,0,0,3,0,0,0,4,4,4,4,4,3,4,4,4,4,4,4,4,4,0,4,4,4,4,4,4,4,3,4,4,4,4,0,4,3,4,3,3,3,4,4,4,4,4,4,4,4,4,4,4,4,4,4,4,4,4,4,4,4,4,4,4,4,4,4,4,4,4,4,2,2,4,4"
239,1.4420195185608566,"0,0,4,4,4,2,4,4,3,4,2,1,4,0,4,2,4,4,4,4,4,4,4,4,4,4,4,4,4,4,4,1,1,2,1,1,2,4,4,3,4,4,4,4,4,2,2,1,4,4,4,4,4,4,4,4,4,4,1,4,4,4,4,4,4,4,4,4,4,3,2,4,4,4,4,4,4,2,1,4,4,4,4,4,4,4,4,4,4,4,4,4,4,4,2,1,4,4,4,4,4,4,4,4,3,4,4,4,4,4,4,4,4,4,4,4,4,4,4,0,4,4,4,4,3,4,1,1,2,4,4,4,4,3,4,1,1,4,4,4,4,4,4,3,4,4,4,4,4,4,1,2,2,2,4,4,4,4,0,4,2,2,4,4,4,4,2,4,4,1,2,1,1,2,4,4,4,4,4,4,4,4,0,4,4,4,4,4,4,4,4,4,4,4,4,4,0,0,0,0,3,0,0,0,0,0,3,0,0,0,4,4,4,4,4,3,4,4,4,4,4,4,4,4,0,4,4,4,4,4,4,4,0,4,4,4,4,0,4,3,4,4,3,3,4,4,4,1,4,4,4,4,4,4,4,4,4,4,4,4,4,4,4,4,4,4,4,4,4,4,4,4,4,4,2,2,4,4"
240,1.443368213883867,"0,0,4,4,4,2,4,4,1,4,2,1,4,0,4,2,4,4,4,4,4,4,4,4,4,4,4,4,4,4,4,1,1,2,1,1,2,4,4,3,4,4,4,4,4,2,2,1,4,4,4,4,4,4,4,4,4,4,4,4,4,4,4,4,4,4,4,4,4,2,2,4,4,4,4,4,4,2,1,4,4,4,4,4,4,4,4,4,4,4,2,4,4,4,2,1,4,4,4,4,4,4,4,4,3,4,4,4,4,4,4,4,4,4,4,4,4,4,4,0,4,4,4,4,3,4,1,1,2,4,4,4,4,3,4,1,1,4,4,4,4,4,4,3,4,4,4,4,4,4,1,2,2,2,4,4,4,4,4,4,2,2,4,4,4,3,2,4,4,1,2,1,1,2,4,4,4,4,4,4,4,4,0,4,4,4,4,4,4,4,4,4,4,4,4,1,0,0,0,0,3,0,0,0,0,0,3,0,0,0,4,4,4,4,4,3,4,4,4,4,4,4,4,4,0,4,4,4,4,4,4,4,3,4,4,4,4,0,4,3,4,4,3,3,4,4,4,4,4,4,4,4,4,4,4,4,4,4,4,4,4,4,4,4,4,4,4,4,4,4,4,4,4,4,2,2,4,4"
241,1.4427897084108192,"0,0,4,4,4,2,4,4,1,4,2,1,4,0,4,2,4,4,4,4,4,4,4,4,4,4,4,4,4,4,4,1,1,2,1,1,2,4,4,3,4,4,4,4,4,2,2,1,4,4,4,4,4,4,4,4,4,4,4,4,4,4,4,4,4,4,4,4,4,2,2,4,4,4,4,4,4,2,1,4,4,4,4,4,4,4,4,4,4,4,2,4,4,4,2,1,4,4,4,4,4,4,4,4,3,4,4,4,4,4,4,4,4,4,4,4,4,4,4,0,4,4,4,4,3,4,1,1,2,4,4,4,4,3,4,1,1,4,4,4,4,4,4,3,4,4,4,4,4,4,1,2,2,2,4,4,4,4,4,4,2,2,4,4,4,3,2,4,4,1,2,1,1,2,4,4,4,4,4,4,4,2,0,4,4,4,4,4,4,4,4,4,4,4,4,4,0,0,0,0,3,0,0,0,0,0,3,0,0,0,4,4,4,4,4,3,4,4,4,4,4,4,4,4,0,4,4,4,4,4,4,4,0,4,4,4,4,0,4,3,4,4,3,3,4,4,4,4,4,4,4,4,4,4,4,4,4,4,4,4,4,4,4,4,4,4,4,4,4,4,4,4,4,4,2,2,4,4"
242,1.4458440081321533,"0,0,4,4,4,2,4,4,1,4,2,1,4,0,4,2,4,4,4,4,4,4,4,4,4,4,4,4,4,4,4,1,1,2,1,1,2,4,4,3,4,4,4,4,4,2,2,1,4,4,4,4,4,4,4,4,4,4,4,4,4,4,4,4,4,4,4,4,4,2,2,4,4,4,4,4,4,2,1,4,4,4,4,4,4,4,4,4,4,4,4,4,4,4,2,1,4,4,4,4,4,4,4,4,3,4,4,4,4,4,4,4,4,4,4,4,4,4,4,0,4,4,4,4,3,4,1,1,2,4,4,4,4,3,4,1,1,4,4,4,4,4,4,3,4,4,4,4,4,4,1,2,2,2,4,4,4,4,4,4,2,2,4,4,4,3,2,4,4,1,2,1,1,2,4,4,4,4,4,4,4,4,0,4,4,4,4,4,4,4,4,4,4,4,4,4,0,0,0,0,3,0,0,0,0,0,3,0,0,0,4,4,4,4,4,3,4,4,4,4,4,4,4,4,0,4,4,4,4,4,4,4,4,4,4,4,4,0,4,3,4,4,3,3,4,4,4,4,4,4,4,4,4,4,4,4,4,4,4,4,4,4,4,4,4,4,4,4,4,4,4,4,4,4,2,2,4,4"
243,1.4458440081321533,"0,0,4,4,4,2,4,4,1,4,2,1,4,0,4,2,4,4,4,4,4,4,4,4,4,4,4,4,4,4,4,1,1,2,1,1,2,4,4,3,4,4,4,4,4,2,2,1,4,4,4,4,4,4,4,4,4,4,4,4,4,4,4,4,4,4,4,4,4,2,2,4,4,4,4,4,4,2,1,4,4,4,4,4,4,4,4,4,4,4,4,4,4,4,2,1,4,4,4,4,4,4,4,4,3,4,4,4,4,4,4,4,4,4,4,4,4,4,4,0,4,4,4,4,3,4,1,1,2,4,4,4,4,3,4,1,1,4,4,4,4,4,4,3,4,4,4,4,4,4,1,2,2,2,4,4,4,4,4,4,2,2,4,4,4,3,2,4,4,1,2,1,1,2,4,4,4,4,4,4,4,4,0,4,4,4,4,4,4,4,4,4,4,4,4,4,0,0,0,0,3,0,0,0,0,0,3,0,0,0,4,4,4,4,4,3,4,4,4,4,4,4,4,4,0,4,4,4,4,4,4,4,4,4,4,4,4,0,4,3,4,4,3,3,4,4,4,4,4,4,4,4,4,4,4,4,4,4,4,4,4,4,4,4,4,4,4,4,4,4,4,4,4,4,2,2,4,4"
244,1.4459793663726856,"0,0,4,4,4,2,4,4,1,4,2,1,4,0,4,2,4,4,4,4,4,4,4,4,4,4,4,4,4,4,4,1,1,2,1,1,2,4,4,3,4,4,4,4,4,2,2,1,4,4,4,4,4,4,4,4,4,4,4,4,4,4,4,4,4,4,4,4,4,2,2,4,4,4,4,4,4,2,1,4,4,4,4,4,4,4,4,4,4,4,4,4,4,4,2,1,4,4,4,4,4,4,4,4,3,4,4,4,4,4,4,4,4,4,4,4,4,4,4,0,4,4,4,4,3,4,1,1,2,4,4,4,4,3,4,1,1,4,4,4,4,4,4,3,4,4,4,4,4,4,1,2,2,2,4,4,4,4,4,4,2,2,4,4,4,2,2,4,4,1,2,1,1,2,4,4,4,4,4,4,4,4,0,4,4,4,4,4,4,4,4,4,4,4,4,4,0,0,0,0,3,0,0,0,0,0,3,0,0,0,4,4,4,4,4,3,4,4,4,4,4,4,4,4,0,4,4,4,4,4,4,4,4,4,4,4,4,0,4,3,4,4,3,3,4,4,4,4,4,4,4,4,4,4,4,4,4,4,4,4,4,4,4,4,4,4,4,4,4,4,4,4,4,4,2,2,4,4"
245,1.4459793663726856,"0,0,4,4,4,2,4,4,1,4,2,1,4,0,4,2,4,4,4,4,4,4,4,4,4,4,4,4,4,4,4,1,1,2,1,1,2,4,4,3,4,4,4,4,4,2,2,1,4,4,4,4,4,4,4,4,4,4,4,4,4,4,4,4,4,4,4,4,4,2,2,4,4,4,4,4,4,2,1,4,4,4,4,4,4,4,4,4,4,4,4,4,4,4,2,1,4,4,4,4,4,4,4,4,3,4,4,4,4,4,4,4,4,4,4,4,4,4,4,0,4,4,4,4,3,4,1,1,2,4,4,4,4,3,4,1,1,4,4,4,4,4,4,3,4,4,4,4,4,4,1,2,2,2,4,4,4,4,4,4,2,2,4,4,4,2,2,4,4,1,2,1,1,2,4,4,4,4,4,4,4,4,0,4,4,4,4,4,4,4,4,4,4,4,4,4,0,0,0,0,3,0,0,0,0,0,3,0,0,0,4,4,4,4,4,3,4,4,4,4,4,4,4,4,0,4,4,4,4,4,4,4,4,4,4,4,4,0,4,3,4,4,3,3,4,4,4,4,4,4,4,4,4,4,4,4,4,4,4,4,4,4,4,4,4,4,4,4,4,4,4,4,4,4,2,2,4,4"
246,1.4462180734413612,"0,0,4,4,4,2,4,4,1,4,2,1,4,0,4,2,4,4,4,4,4,4,4,4,4,4,4,4,4,4,4,1,1,2,1,1,2,4,4,4,4,4,4,4,4,2,2,1,4,4,4,4,4,4,4,4,4,4,4,4,4,4,4,4,4,4,4,4,4,2,2,4,4,4,4,4,4,2,1,4,4,4,4,4,4,4,4,4,4,4,4,4,4,4,2,1,4,4,4,4,4,4,4,4,3,4,4,4,4,4,4,4,4,4,4,4,4,4,4,0,4,4,4,4,3,4,1,1,2,4,4,4,4,3,4,1,1,4,4,4,4,4,4,3,4,4,4,4,4,4,1,2,2,2,4,4,4,4,4,4,2,2,4,4,4,2,2,4,4,1,2,1,1,2,4,4,4,4,4,4,4,4,0,4,4,4,4,4,4,4,4,4,4,4,4,4,0,0,0,0,3,0,0,0,0,0,3,0,0,0,4,4,4,4,4,3,4,4,4,4,4,4,4,4,0,4,4,4,4,4,4,4,4,4,4,4,4,0,4,3,4,4,3,3,4,4,4,4,4,4,4,4,4,4,4,4,4,4,4,4,4,4,4,4,4,4,4,4,4,4,4,4,4,4,2,2,4,4"
247,1.4459568291701603,"0,0,4,4,4,2,4,4,1,4,2,1,4,0,4,2,4,4,4,4,4,4,4,4,4,4,4,4,4,4,4,1,1,2,1,1,2,4,4,4,4,4,4,4,4,2,2,1,4,4,4,4,4,4,4,4,4,4,4,4,4,4,4,4,4,4,4,4,4,2,2,4,4,4,4,4,4,0,1,4,4,4,4,4,4,4,4,4,4,4,4,4,4,4,2,1,4,4,4,4,4,4,4,4,3,4,4,4,4,4,4,4,4,4,4,4,4,4,4,0,4,4,4,4,3,4,1,1,2,4,4,4,4,3,4,1,1,4,4,4,4,4,4,3,4,4,4,4,4,4,1,2,2,2,4,4,4,4,4,4,2,2,4,4,4,2,2,4,4,1,2,1,1,2,4,4,4,4,4,4,4,4,0,4,4,4,4,4,4,4,4,4,4,4,4,4,0,0,0,0,3,0,0,0,0,0,3,0,0,0,4,4,4,4,4,3,4,4,4,4,4,4,4,4,0,4,4,4,4,4,4,4,4,4,4,4,4,0,4,3,4,4,3,3,4,4,4,4,4,4,4,4,4,4,4,4,4,4,4,4,4,4,4,4,4,4,4,4,4,4,4,4,4,4,2,2,4,4"
248,1.4459793663726856,"0,0,4,4,4,2,4,4,1,4,2,1,4,0,4,2,4,4,4,4,4,4,4,4,4,4,4,4,4,4,4,1,1,2,1,1,2,4,4,3,4,4,4,4,4,2,2,1,4,4,4,4,4,4,4,4,4,4,4,4,4,4,4,4,4,4,4,4,4,2,2,4,4,4,4,4,4,2,1,4,4,4,4,4,4,4,4,4,4,4,4,4,4,4,2,1,4,4,4,4,4,4,4,4,3,4,4,4,4,4,4,4,4,4,4,4,4,4,4,0,4,4,4,4,3,4,1,1,2,4,4,4,4,3,4,1,1,4,4,4,4,4,4,3,4,4,4,4,4,4,1,2,2,2,4,4,4,4,4,4,2,2,4,4,4,2,2,4,4,1,2,1,1,2,4,4,4,4,4,4,4,4,0,4,4,4,4,4,4,4,4,4,4,4,4,4,0,0,0,0,3,0,0,0,0,0,3,0,0,0,4,4,4,4,4,3,4,4,4,4,4,4,4,4,0,4,4,4,4,4,4,4,4,4,4,4,4,0,4,3,4,4,3,3,4,4,4,4,4,4,4,4,4,4,4,4,4,4,4,4,4,4,4,4,4,4,4,4,4,4,4,4,4,4,2,2,4,4"
249,1.4459793663726856,"0,0,4,4,4,2,4,4,1,4,2,1,4,0,4,2,4,4,4,4,4,4,4,4,4,4,4,4,4,4,4,1,1,2,1,1,2,4,4,3,4,4,4,4,4,2,2,1,4,4,4,4,4,4,4,4,4,4,4,4,4,4,4,4,4,4,4,4,4,2,2,4,4,4,4,4,4,2,1,4,4,4,4,4,4,4,4,4,4,4,4,4,4,4,2,1,4,4,4,4,4,4,4,4,3,4,4,4,4,4,4,4,4,4,4,4,4,4,4,0,4,4,4,4,3,4,1,1,2,4,4,4,4,3,4,1,1,4,4,4,4,4,4,3,4,4,4,4,4,4,1,2,2,2,4,4,4,4,4,4,2,2,4,4,4,2,2,4,4,1,2,1,1,2,4,4,4,4,4,4,4,4,0,4,4,4,4,4,4,4,4,4,4,4,4,4,0,0,0,0,3,0,0,0,0,0,3,0,0,0,4,4,4,4,4,3,4,4,4,4,4,4,4,4,0,4,4,4,4,4,4,4,4,4,4,4,4,0,4,3,4,4,3,3,4,4,4,4,4,4,4,4,4,4,4,4,4,4,4,4,4,4,4,4,4,4,4,4,4,4,4,4,4,4,2,2,4,4"
250,1.4440372276229059,"0,0,4,4,4,2,4,4,1,4,2,1,4,0,4,2,4,4,4,4,4,4,4,4,4,4,4,4,4,4,4,1,1,2,1,1,2,4,4,3,4,4,4,4,4,2,2,1,4,4,4,4,4,4,2,4,4,4,4,4,4,4,4,4,4,4,4,4,4,2,2,4,4,4,4,4,4,2,1,4,4,4,4,4,4,4,4,4,4,4,4,4,4,4,2,1,4,4,4,4,4,4,4,4,3,4,4,4,4,4,4,4,4,4,4,4,4,4,4,0,4,4,4,4,3,4,1,1,2,4,4,4,4,3,4,1,1,4,4,4,4,4,4,3,4,4,4,4,4,4,1,2,2,2,4,4,4,4,4,4,2,2,4,4,4,2,2,4,4,1,2,1,1,2,4,4,4,4,1,4,4,4,0,4,4,4,4,4,4,4,4,4,4,4,4,4,0,0,0,0,3,0,0,0,0,0,3,0,0,0,4,4,4,4,4,3,4,4,4,4,4,4,4,4,0,4,4,4,4,4,4,4,4,4,4,4,4,0,4,3,4,4,3,3,4,4,4,4,4,4,4,4,4,4,4,4,4,4,4,4,4,4,4,4,4,4,4,4,4,4,4,4,4,4,2,2,4,4"
251,1.4470416871980911,"0,0,4,4,4,2,4,4,1,4,2,1,4,0,4,2,4,4,4,4,4,4,4,4,4,4,4,4,4,4,4,1,1,2,1,1,2,4,4,4,4,4,4,4,4,2,2,1,4,4,4,4,4,4,4,4,4,4,4,4,4,4,4,4,4,4,4,4,4,2,2,4,4,4,4,4,4,2,1,4,4,4,4,4,4,4,4,4,4,4,4,4,4,4,2,1,4,4,4,4,4,4,4,4,3,4,4,4,4,4,4,4,4,4,4,4,4,4,4,0,4,4,4,4,3,4,1,1,2,4,4,4,4,3,4,1,1,4,4,4,4,4,4,3,4,4,4,4,4,4,1,2,2,2,4,4,4,4,4,4,2,2,4,4,4,2,2,4,4,1,2,1,1,2,4,4,4,4,4,4,4,4,0,4,4,4,4,4,4,4,4,4,4,4,4,4,0,0,0,0,3,0,0,0,0,0,3,0,0,0,4,4,4,4,4,3,4,4,4,4,4,4,4,4,4,4,4,4,4,4,4,4,4,4,4,4,4,0,4,3,4,4,4,3,4,4,4,4,4,4,4,4,4,4,4,4,4,4,4,4,4,4,4,4,4,4,4,4,4,4,4,4,4,4,2,2,4,4"
252,1.447199214430732,"0,0,4,4,4,2,4,4,1,4,2,1,4,0,4,2,4,4,4,4,4,4,4,4,4,4,4,4,4,4,4,2,1,2,2,1,2,4,4,4,4,4,4,4,4,2,2,1,4,4,4,4,4,4,4,4,4,4,4,4,4,4,4,4,4,4,4,4,4,2,2,4,4,4,4,4,4,2,1,4,4,4,4,4,4,4,4,4,4,4,4,4,4,4,2,1,4,4,4,4,4,4,4,4,3,4,4,4,4,4,4,4,4,4,4,4,4,4,4,0,4,4,4,4,3,4,1,1,2,4,4,4,4,3,4,1,1,4,4,4,4,4,4,3,4,4,4,4,4,4,1,2,2,2,4,4,4,4,4,4,2,2,4,4,4,2,2,4,4,1,2,1,1,2,4,4,4,4,4,4,4,4,0,4,4,4,4,4,4,4,4,4,4,4,4,4,0,0,0,0,3,0,0,0,0,0,3,0,0,0,4,4,4,4,4,3,4,4,4,4,4,4,4,4,4,4,4,4,4,4,4,4,4,4,4,4,4,0,4,3,4,4,4,3,4,4,4,4,4,4,4,4,4,4,4,4,4,4,4,4,4,4,4,4,4,4,4,4,4,4,4,4,4,4,2,2,4,4"
253,1.4486745656818305,"0,0,4,4,4,2,4,4,1,4,2,1,4,0,4,2,4,4,4,4,4,4,4,4,4,4,4,4,4,4,4,2,1,2,2,1,2,4,4,4,4,4,4,4,4,2,2,1,4,4,4,4,4,4,4,4,4,4,4,4,4,4,4,4,4,4,4,4,4,2,2,4,4,4,4,4,4,2,1,4,4,4,4,4,4,4,4,4,4,4,4,4,4,4,2,1,4,4,4,4,4,4,4,4,3,4,4,4,4,4,4,4,4,4,4,4,4,4,4,0,4,4,4,4,3,4,1,1,2,4,4,4,4,3,4,1,1,4,4,4,4,4,4,3,4,4,4,4,4,4,1,2,2,2,4,4,4,4,4,4,2,2,4,4,4,2,2,4,4,1,2,1,1,2,4,4,4,4,4,4,4,4,0,4,4,4,4,4,4,4,4,4,4,4,4,4,0,0,0,0,3,0,0,0,0,0,0,0,0,0,4,4,4,4,4,3,4,4,4,4,4,4,4,4,4,4,4,4,4,4,4,4,4,4,4,4,4,4,4,3,4,4,4,3,4,4,4,4,4,4,4,4,4,4,4,4,4,4,4,4,4,4,4,4,4,4,4,4,4,4,4,4,4,4,2,2,4,4"
254,1.4486745656818305,"0,0,4,4,4,2,4,4,1,4,2,1,4,0,4,2,4,4,4,4,4,4,4,4,4,4,4,4,4,4,4,2,1,2,2,1,2,4,4,4,4,4,4,4,4,2,2,1,4,4,4,4,4,4,4,4,4,4,4,4,4,4,4,4,4,4,4,4,4,2,2,4,4,4,4,4,4,2,1,4,4,4,4,4,4,4,4,4,4,4,4,4,4,4,2,1,4,4,4,4,4,4,4,4,3,4,4,4,4,4,4,4,4,4,4,4,4,4,4,0,4,4,4,4,3,4,1,1,2,4,4,4,4,3,4,1,1,4,4,4,4,4,4,3,4,4,4,4,4,4,1,2,2,2,4,4,4,4,4,4,2,2,4,4,4,2,2,4,4,1,2,1,1,2,4,4,4,4,4,4,4,4,0,4,4,4,4,4,4,4,4,4,4,4,4,4,0,0,0,0,3,0,0,0,0,0,0,0,0,0,4,4,4,4,4,3,4,4,4,4,4,4,4,4,4,4,4,4,4,4,4,4,4,4,4,4,4,4,4,3,4,4,4,3,4,4,4,4,4,4,4,4,4,4,4,4,4,4,4,4,4,4,4,4,4,4,4,4,4,4,4,4,4,4,2,2,4,4"
255,1.447967515785166,"0,0,4,4,4,2,4,4,1,4,2,1,4,0,4,2,4,4,4,4,4,4,4,4,4,4,4,4,4,4,4,2,1,2,2,1,2,4,4,4,4,4,4,4,4,2,2,1,4,4,4,4,4,4,4,4,4,4,4,4,4,4,4,4,4,4,4,4,4,2,2,4,4,4,4,4,4,2,1,4,4,4,4,4,4,4,4,4,4,4,4,4,4,4,2,1,4,4,4,4,4,4,4,4,4,4,4,4,4,4,4,4,4,4,4,4,4,4,4,0,4,4,4,4,3,4,1,1,2,4,4,4,4,3,4,1,1,4,4,4,4,4,4,3,4,4,4,4,4,4,1,2,2,2,4,4,4,4,4,4,2,2,4,4,4,2,2,4,4,1,2,1,1,2,4,4,4,4,4,4,4,4,0,4,4,4,4,4,4,4,4,4,4,4,4,4,0,0,0,0,3,0,0,0,0,0,0,0,0,0,4,4,4,4,4,3,4,4,4,4,4,4,4,4,4,4,4,4,4,4,4,4,4,4,4,4,4,4,4,3,4,4,4,0,4,4,4,4,4,4,4,4,4,4,4,4,4,4,4,4,4,4,4,4,4,4,4,4,4,4,4,4,4,4,2,2,0,4"
256,1.4469687343634445,"0,0,4,4,4,2,4,4,1,4,2,1,4,0,4,2,4,4,4,4,4,4,4,4,4,4,4,4,4,4,4,2,1,2,2,1,2,4,4,4,4,4,4,4,4,2,2,1,4,4,4,4,4,4,4,4,4,4,4,4,4,4,4,4,4,4,4,4,4,2,2,4,4,4,4,4,4,2,1,4,4,4,4,4,4,4,4,4,4,4,4,4,4,4,2,1,4,4,4,4,4,4,4,4,3,4,0,4,4,4,4,4,4,4,4,4,4,4,4,0,4,4,4,4,3,4,1,1,2,4,4,4,4,3,4,1,1,4,4,4,4,4,4,3,4,4,4,4,4,4,1,2,2,2,4,4,4,4,4,4,2,2,4,4,4,2,2,4,4,1,2,1,1,2,4,4,4,4,4,4,4,4,0,4,4,4,4,4,4,4,4,4,4,4,4,4,0,0,0,0,3,0,0,0,0,0,0,0,0,0,4,4,4,4,4,3,4,4,4,4,4,4,4,4,4,4,4,4,4,4,4,4,4,4,4,4,4,4,3,3,4,4,4,3,4,4,4,4,4,4,4,4,4,4,4,4,4,4,4,4,4,4,4,4,4,4,4,4,4,4,4,4,4,4,2,2,4,4"
257,1.4488244493008318,"0,0,4,4,4,2,4,4,1,4,2,1,4,0,4,2,4,4,4,4,4,4,4,4,4,4,4,4,4,4,4,2,1,2,2,1,2,4,4,4,4,4,4,4,4,2,2,1,4,4,4,4,4,4,4,4,4,4,4,4,4,4,4,4,4,4,4,4,4,2,2,4,4,4,4,4,4,2,1,4,4,4,4,4,4,4,4,4,4,4,4,4,4,4,2,1,4,4,4,4,4,4,4,4,4,4,4,4,4,4,4,4,4,4,4,4,4,4,4,0,4,4,4,4,3,4,1,1,2,4,4,4,4,3,4,1,1,4,4,4,4,4,4,3,4,4,4,4,4,4,1,2,2,2,4,4,4,4,4,4,2,2,4,4,4,2,2,4,4,1,2,1,1,2,4,4,4,4,4,4,4,4,0,4,4,4,4,4,4,4,4,4,4,4,4,4,0,0,0,0,3,0,0,0,0,0,0,0,0,0,4,4,4,4,4,3,4,4,4,4,4,4,4,4,4,4,4,4,4,4,4,4,4,4,4,4,4,4,4,3,4,4,4,3,4,4,4,4,4,4,4,4,4,4,4,4,4,4,4,4,4,4,4,4,4,4,4,4,4,4,4,4,4,4,2,2,4,4"
258,1.4488244493008318,"0,0,4,4,4,2,4,4,1,4,2,1,4,0,4,2,4,4,4,4,4,4,4,4,4,4,4,4,4,4,4,2,1,2,2,1,2,4,4,4,4,4,4,4,4,2,2,1,4,4,4,4,4,4,4,4,4,4,4,4,4,4,4,4,4,4,4,4,4,2,2,4,4,4,4,4,4,2,1,4,4,4,4,4,4,4,4,4,4,4,4,4,4,4,2,1,4,4,4,4,4,4,4,4,4,4,4,4,4,4,4,4,4,4,4,4,4,4,4,0,4,4,4,4,3,4,1,1,2,4,4,4,4,3,4,1,1,4,4,4,4,4,4,3,4,4,4,4,4,4,1,2,2,2,4,4,4,4,4,4,2,2,4,4,4,2,2,4,4,1,2,1,1,2,4,4,4,4,4,4,4,4,0,4,4,4,4,4,4,4,4,4,4,4,4,4,0,0,0,0,3,0,0,0,0,0,0,0,0,0,4,4,4,4,4,3,4,4,4,4,4,4,4,4,4,4,4,4,4,4,4,4,4,4,4,4,4,4,4,3,4,4,4,3,4,4,4,4,4,4,4,4,4,4,4,4,4,4,4,4,4,4,4,4,4,4,4,4,4,4,4,4,4,4,2,2,4,4"
259,1.448885111761777,"0,0,4,4,4,2,4,4,1,4,2,1,4,0,4,2,4,4,4,4,4,4,4,4,4,4,4,4,4,4,4,2,1,2,2,2,2,4,4,4,4,4,4,4,4,2,2,1,4,4,4,4,4,4,4,4,4,4,4,4,4,4,4,4,4,4,4,4,4,2,2,4,4,4,4,4,4,2,1,4,4,4,4,4,4,4,4,4,4,4,4,4,4,4,2,1,4,4,4,4,4,4,4,4,4,4,4,4,4,4,4,4,4,4,4,4,4,4,4,0,4,4,4,4,3,4,1,1,2,4,4,4,4,3,4,1,1,4,4,4,4,4,4,3,4,4,4,4,4,4,1,2,2,2,4,4,4,4,4,4,2,2,4,4,4,2,2,4,4,1,2,1,1,2,4,4,4,4,4,4,4,4,0,4,4,4,4,4,4,4,4,4,4,4,4,4,0,0,0,0,3,0,0,0,0,0,0,0,0,0,4,4,4,4,4,3,4,4,4,4,4,4,4,4,4,4,4,4,4,4,4,4,4,4,4,4,4,4,4,3,4,4,4,3,4,4,4,4,4,4,4,4,4,4,4,4,4,4,4,4,4,4,4,4,4,4,4,4,4,4,4,4,4,4,2,2,4,4"
260,1.4488958475235643,"0,0,4,4,4,2,4,4,2,4,2,1,4,0,4,2,4,4,4,4,4,4,4,4,4,4,4,4,4,4,4,2,1,2,2,2,2,4,4,4,4,4,4,4,4,2,2,1,4,4,4,4,4,4,4,4,4,4,4,4,4,4,4,4,4,4,4,4,4,2,2,4,4,4,4,4,4,2,1,4,4,4,4,4,4,4,4,4,4,4,4,4,4,4,2,1,4,4,4,4,4,4,4,4,4,4,4,4,4,4,4,4,4,4,4,4,4,4,4,0,4,4,4,4,3,4,1,1,2,4,4,4,4,3,4,1,1,4,4,4,4,4,4,3,4,4,4,4,4,4,1,2,2,2,4,4,4,4,4,4,2,2,4,4,4,2,2,4,4,1,2,1,1,2,4,4,4,4,4,4,4,4,0,4,4,4,4,4,4,4,4,4,4,4,4,4,0,0,0,0,3,0,0,0,0,0,0,0,0,0,4,4,4,4,4,3,4,4,4,4,4,4,4,4,4,4,4,4,4,4,4,4,4,4,4,4,4,4,4,3,4,4,4,3,4,4,4,4,4,4,4,4,4,4,4,4,4,4,4,4,4,4,4,4,4,4,4,4,4,4,4,4,4,4,2,2,4,4"
261,1.4486796437455467,"0,0,4,4,4,2,4,4,2,4,2,1,4,0,4,2,4,4,4,4,4,4,4,4,4,4,4,4,4,4,4,2,1,2,2,2,2,4,4,4,4,4,4,4,4,2,2,1,4,4,4,4,4,4,4,4,4,4,4,4,4,4,4,4,4,4,4,4,4,2,2,4,4,4,4,4,4,2,1,4,4,4,4,4,4,4,4,4,4,4,4,4,4,4,2,1,4,4,4,4,4,4,4,4,4,4,4,4,4,4,4,4,4,4,4,4,4,4,4,0,4,4,4,4,3,4,1,1,2,4,4,4,4,3,4,1,1,4,4,4,4,4,4,3,4,4,4,4,4,4,1,2,3,2,4,4,4,4,4,4,2,2,4,4,4,2,2,4,4,1,2,1,1,2,4,4,4,4,4,4,4,4,0,4,4,4,4,4,4,4,4,4,4,4,4,4,0,0,0,0,3,0,0,0,0,0,0,0,0,0,4,4,4,4,4,3,4,4,4,4,4,4,4,4,4,4,4,4,4,4,4,4,4,4,4,4,4,4,4,3,4,4,4,3,4,4,4,4,4,4,4,4,4,4,4,4,4,4,4,4,4,4,4,4,4,4,4,4,4,4,4,4,4,4,2,2,4,4"
262,1.4486796437455467,"0,0,4,4,4,2,4,4,2,4,2,1,4,0,4,2,4,4,4,4,4,4,4,4,4,4,4,4,4,4,4,2,1,2,2,2,2,4,4,4,4,4,4,4,4,2,2,1,4,4,4,4,4,4,4,4,4,4,4,4,4,4,4,4,4,4,4,4,4,2,2,4,4,4,4,4,4,2,1,4,4,4,4,4,4,4,4,4,4,4,4,4,4,4,2,1,4,4,4,4,4,4,4,4,4,4,4,4,4,4,4,4,4,4,4,4,4,4,4,0,4,4,4,4,3,4,1,1,2,4,4,4,4,3,4,1,1,4,4,4,4,4,4,3,4,4,4,4,4,4,1,2,3,2,4,4,4,4,4,4,2,2,4,4,4,2,2,4,4,1,2,1,1,2,4,4,4,4,4,4,4,4,0,4,4,4,4,4,4,4,4,4,4,4,4,4,0,0,0,0,3,0,0,0,0,0,0,0,0,0,4,4,4,4,4,3,4,4,4,4,4,4,4,4,4,4,4,4,4,4,4,4,4,4,4,4,4,4,4,3,4,4,4,3,4,4,4,4,4,4,4,4,4,4,4,4,4,4,4,4,4,4,4,4,4,4,4,4,4,4,4,4,4,4,2,2,4,4"
263,1.4490309285249519,"0,0,4,4,4,2,4,4,2,4,2,1,4,0,4,2,4,4,4,4,4,4,4,4,4,4,4,4,4,4,4,2,1,2,2,2,2,4,4,4,4,4,4,4,4,2,2,1,4,4,4,4,4,4,4,4,4,4,4,4,4,4,4,4,4,4,4,4,4,2,2,4,4,4,4,4,4,2,1,4,4,4,4,4,4,4,4,4,4,4,4,4,4,4,2,1,4,4,4,4,4,4,4,4,4,4,4,4,4,4,4,4,4,4,4,4,4,4,4,0,4,4,4,4,3,4,1,1,2,4,4,4,4,3,4,1,1,4,4,4,4,4,4,3,4,4,4,4,4,4,1,2,3,2,4,4,4,4,4,4,2,2,4,4,4,2,2,4,4,1,2,1,1,2,4,4,4,4,4,4,4,4,0,4,4,4,4,4,4,4,4,4,4,4,4,4,0,0,0,0,0,0,0,0,0,0,0,0,0,0,4,4,4,4,4,3,4,4,4,4,4,4,4,4,4,4,4,4,4,4,4,4,4,4,4,4,4,4,4,3,4,4,4,3,4,4,4,4,4,4,4,4,4,4,4,4,4,4,4,4,4,4,4,4,4,4,4,4,4,4,4,4,4,4,2,2,4,4"
264,1.4490642676856553,"0,0,4,4,4,2,4,4,2,4,2,1,4,0,4,2,4,4,4,4,4,4,4,4,4,4,4,4,4,4,4,2,1,2,2,2,2,4,4,4,4,4,4,4,4,2,2,1,4,4,4,4,4,4,4,4,4,4,4,4,4,4,4,4,4,4,4,4,4,2,2,4,4,4,4,4,4,2,1,4,4,4,4,4,4,4,4,4,4,4,4,4,4,4,2,1,4,4,4,4,4,4,4,4,4,4,4,4,4,4,4,4,4,4,4,4,4,4,4,3,4,4,4,4,3,4,1,1,2,4,4,4,4,3,4,1,1,4,4,4,4,4,4,3,4,4,4,4,4,4,1,2,3,2,4,4,4,4,4,4,2,2,4,4,4,2,2,4,4,1,2,1,1,2,4,4,4,4,4,4,4,4,0,4,4,4,4,4,4,4,4,4,4,4,4,4,0,0,0,0,0,0,0,0,0,0,0,0,0,0,4,4,4,4,4,3,4,4,4,4,4,4,4,4,4,4,4,4,4,4,4,4,4,4,4,4,4,4,4,3,4,4,4,3,4,4,4,4,4,4,4,4,4,4,4,4,4,4,4,4,4,4,4,4,4,4,4,4,4,4,4,4,4,4,2,2,4,4"
265,1.449226395180579,"0,0,4,4,4,2,4,4,2,4,2,1,4,0,4,2,4,4,4,4,4,4,4,4,4,4,4,4,4,4,4,2,1,2,2,2,2,4,4,4,4,4,4,4,4,2,2,4,4,4,4,4,4,4,4,4,4,4,4,4,4,4,4,4,4,4,4,4,4,2,2,4,4,4,4,4,4,2,1,4,4,4,4,4,4,4,4,4,4,4,4,4,4,4,2,1,4,4,4,4,4,4,4,4,4,4,4,4,4,4,4,4,4,4,4,4,4,4,4,3,4,4,4,4,3,4,1,1,2,4,4,4,4,3,4,1,1,4,4,4,4,4,4,3,4,4,4,4,4,4,1,2,3,2,4,4,4,4,4,4,2,2,4,4,4,2,2,4,4,1,2,1,1,2,4,4,4,4,4,4,4,4,0,4,4,4,4,4,4,4,4,4,4,4,4,4,0,0,0,0,0,0,0,0,0,0,0,0,0,0,4,4,4,4,4,3,4,4,4,4,4,4,4,4,4,4,4,4,4,4,4,4,4,4,4,4,4,4,4,3,4,4,4,3,4,4,4,4,4,4,4,4,4,4,4,4,4,4,4,4,4,4,4,4,4,4,4,4,4,4,4,4,4,4,2,2,4,4"
266,1.449226395180579,"0,0,4,4,4,2,4,4,2,4,2,1,4,0,4,2,4,4,4,4,4,4,4,4,4,4,4,4,4,4,4,2,1,2,2,2,2,4,4,4,4,4,4,4,4,2,2,4,4,4,4,4,4,4,4,4,4,4,4,4,4,4,4,4,4,4,4,4,4,2,2,4,4,4,4,4,4,2,1,4,4,4,4,4,4,4,4,4,4,4,4,4,4,4,2,1,4,4,4,4,4,4,4,4,4,4,4,4,4,4,4,4,4,4,4,4,4,4,4,3,4,4,4,4,3,4,1,1,2,4,4,4,4,3,4,1,1,4,4,4,4,4,4,3,4,4,4,4,4,4,1,2,3,2,4,4,4,4,4,4,2,2,4,4,4,2,2,4,4,1,2,1,1,2,4,4,4,4,4,4,4,4,0,4,4,4,4,4,4,4,4,4,4,4,4,4,0,0,0,0,0,0,0,0,0,0,0,0,0,0,4,4,4,4,4,3,4,4,4,4,4,4,4,4,4,4,4,4,4,4,4,4,4,4,4,4,4,4,4,3,4,4,4,3,4,4,4,4,4,4,4,4,4,4,4,4,4,4,4,4,4,4,4,4,4,4,4,4,4,4,4,4,4,4,2,2,4,4"
267,1.449226395180579,"0,0,4,4,4,2,4,4,2,4,2,1,4,0,4,2,4,4,4,4,4,4,4,4,4,4,4,4,4,4,4,2,1,2,2,2,2,4,4,4,4,4,4,4,4,2,2,4,4,4,4,4,4,4,4,4,4,4,4,4,4,4,4,4,4,4,4,4,4,2,2,4,4,4,4,4,4,2,1,4,4,4,4,4,4,4,4,4,4,4,4,4,4,4,2,1,4,4,4,4,4,4,4,4,4,4,4,4,4,4,4,4,4,4,4,4,4,4,4,3,4,4,4,4,3,4,1,1,2,4,4,4,4,3,4,1,1,4,4,4,4,4,4,3,4,4,4,4,4,4,1,2,3,2,4,4,4,4,4,4,2,2,4,4,4,2,2,4,4,1,2,1,1,2,4,4,4,4,4,4,4,4,0,4,4,4,4,4,4,4,4,4,4,4,4,4,0,0,0,0,0,0,0,0,0,0,0,0,0,0,4,4,4,4,4,3,4,4,4,4,4,4,4,4,4,4,4,4,4,4,4,4,4,4,4,4,4,4,4,3,4,4,4,3,4,4,4,4,4,4,4,4,4,4,4,4,4,4,4,4,4,4,4,4,4,4,4,4,4,4,4,4,4,4,2,2,4,4"
268,1.449226395180579,"0,0,4,4,4,2,4,4,2,4,2,1,4,0,4,2,4,4,4,4,4,4,4,4,4,4,4,4,4,4,4,2,1,2,2,2,2,4,4,4,4,4,4,4,4,2,2,4,4,4,4,4,4,4,4,4,4,4,4,4,4,4,4,4,4,4,4,4,4,2,2,4,4,4,4,4,4,2,1,4,4,4,4,4,4,4,4,4,4,4,4,4,4,4,2,1,4,4,4,4,4,4,4,4,4,4,4,4,4,4,4,4,4,4,4,4,4,4,4,3,4,4,4,4,3,4,1,1,2,4,4,4,4,3,4,1,1,4,4,4,4,4,4,3,4,4,4,4,4,4,1,2,3,2,4,4,4,4,4,4,2,2,4,4,4,2,2,4,4,1,2,1,1,2,4,4,4,4,4,4,4,4,0,4,4,4,4,4,4,4,4,4,4,4,4,4,0,0,0,0,0,0,0,0,0,0,0,0,0,0,4,4,4,4,4,3,4,4,4,4,4,4,4,4,4,4,4,4,4,4,4,4,4,4,4,4,4,4,4,3,4,4,4,3,4,4,4,4,4,4,4,4,4,4,4,4,4,4,4,4,4,4,4,4,4,4,4,4,4,4,4,4,4,4,2,2,4,4"
269,1.4490414178027191,"0,0,4,4,4,2,4,4,2,4,2,1,4,0,4,2,4,4,4,4,4,4,4,4,4,4,4,4,4,4,4,2,1,2,2,2,2,4,4,2,4,4,4,4,4,2,2,4,4,4,4,4,4,4,4,4,4,4,4,4,4,4,4,4,4,4,4,4,4,2,2,4,4,4,4,4,4,2,1,4,4,4,4,4,4,4,4,4,4,4,4,4,4,4,2,1,4,4,4,4,4,4,4,4,4,4,4,4,4,4,4,4,4,4,4,4,4,4,4,3,4,4,4,4,3,4,1,1,2,4,4,4,4,3,4,1,1,4,4,4,4,4,4,3,4,4,4,4,4,4,1,2,2,2,4,4,4,4,4,4,2,2,4,4,4,2,2,4,4,1,2,1,1,2,4,4,4,4,4,4,4,4,0,4,4,4,4,4,4,4,4,4,4,4,4,4,0,0,0,0,0,0,0,0,0,0,0,0,0,0,4,4,4,4,4,3,4,4,4,4,4,4,4,4,4,4,4,4,4,4,4,4,4,4,4,4,4,4,4,3,4,4,4,3,4,4,4,4,4,4,4,4,4,4,4,4,4,4,4,4,4,4,4,4,4,4,4,4,4,4,4,4,4,4,2,2,4,4"
270,1.4482196144144615,"0,0,4,4,4,2,4,4,2,4,2,1,4,0,4,2,4,4,4,4,4,4,4,4,4,4,4,4,4,4,4,2,1,2,2,2,2,4,4,4,4,4,4,4,4,2,2,4,4,4,4,4,4,4,4,4,4,4,4,4,4,4,4,4,4,4,4,4,4,2,2,4,4,4,4,4,4,2,1,4,4,4,4,4,4,4,4,4,4,4,4,4,4,4,2,1,4,4,4,4,4,4,4,4,4,4,4,4,4,4,4,0,4,4,4,4,4,4,4,3,4,4,4,4,3,4,1,1,2,4,4,4,4,3,4,1,1,4,4,4,4,4,4,3,4,4,4,4,4,4,1,2,3,2,4,4,4,4,4,4,2,2,4,4,4,2,2,4,4,1,2,1,1,2,4,4,4,4,4,4,4,4,0,4,4,4,4,4,4,4,4,4,4,4,4,4,0,0,0,0,0,0,0,0,0,0,0,0,0,0,4,4,4,4,4,3,4,4,4,4,4,4,4,4,4,4,4,4,4,4,4,4,4,4,4,4,4,4,4,1,4,4,4,3,4,4,4,4,4,4,4,4,4,4,4,4,4,4,4,4,4,4,4,4,4,4,4,4,4,4,4,4,4,4,2,2,4,4"
271,1.4479575063482668,"0,0,4,4,4,2,4,4,2,4,2,1,4,0,4,2,4,4,4,4,4,4,4,4,4,4,4,4,4,4,4,2,1,2,2,2,2,4,4,4,4,4,4,4,4,2,2,4,4,4,4,4,4,4,4,4,4,4,4,4,4,4,4,4,4,4,4,4,4,2,2,4,4,4,4,4,4,2,1,4,4,4,3,4,4,4,4,4,4,4,4,4,4,4,2,1,4,4,4,4,4,4,4,4,4,4,4,4,4,4,4,4,4,4,4,4,4,4,4,3,4,4,4,4,3,4,1,1,2,4,4,4,4,3,4,1,1,4,4,4,4,4,4,3,4,4,4,4,4,4,1,2,2,2,4,4,4,4,4,4,2,2,4,4,4,2,2,4,4,1,2,1,1,2,4,4,4,4,4,4,4,4,0,4,4,4,4,4,4,4,4,4,4,4,4,4,0,0,0,0,0,0,0,0,0,0,0,0,0,0,4,4,4,4,4,3,4,4,4,4,4,4,4,4,4,4,4,4,4,4,4,4,4,4,4,4,4,4,4,1,4,4,4,3,4,4,4,4,4,4,4,4,4,4,4,4,4,4,4,4,4,4,4,4,4,4,4,4,4,4,4,4,4,4,2,2,4,4"
272,1.4469582490739579,"0,0,4,4,4,2,4,4,2,4,2,1,4,0,4,2,4,4,4,4,4,4,4,4,4,4,4,4,4,4,4,2,1,2,2,2,2,4,4,4,4,4,4,4,4,2,2,4,4,4,4,4,4,4,4,4,4,4,4,4,4,4,4,4,4,4,4,4,4,2,2,4,4,4,4,4,4,2,1,4,4,4,3,4,4,4,4,4,4,4,4,4,4,4,2,1,4,4,4,4,4,4,4,4,4,4,4,4,4,4,4,4,4,4,4,4,4,4,4,3,4,4,4,4,3,4,1,1,2,4,4,4,4,3,4,1,1,4,4,4,4,4,4,3,4,4,4,4,4,4,1,2,2,2,4,4,4,4,4,4,2,2,4,4,4,2,2,4,4,1,2,1,1,2,4,4,4,4,4,4,4,4,0,4,4,4,4,4,1,4,4,4,4,4,4,4,0,0,0,0,0,0,0,0,0,0,0,0,0,0,4,4,4,4,4,3,4,4,4,4,4,4,4,4,4,4,4,4,4,4,4,4,4,4,4,4,4,4,4,1,4,4,4,3,4,4,4,4,4,4,4,4,4,4,4,4,4,4,4,4,4,4,4,4,4,4,4,4,4,4,4,4,4,4,2,2,4,4"
273,1.4469582490739579,"0,0,4,4,4,2,4,4,2,4,2,1,4,0,4,2,4,4,4,4,4,4,4,4,4,4,4,4,4,4,4,2,1,2,2,2,2,4,4,4,4,4,4,4,4,2,2,4,4,4,4,4,4,4,4,4,4,4,4,4,4,4,4,4,4,4,4,4,4,2,2,4,4,4,4,4,4,2,1,4,4,4,3,4,4,4,4,4,4,4,4,4,4,4,2,1,4,4,4,4,4,4,4,4,4,4,4,4,4,4,4,4,4,4,4,4,4,4,4,3,4,4,4,4,3,4,1,1,2,4,4,4,4,3,4,1,1,4,4,4,4,4,4,3,4,4,4,4,4,4,1,2,2,2,4,4,4,4,4,4,2,2,4,4,4,2,2,4,4,1,2,1,1,2,4,4,4,4,4,4,4,4,0,4,4,4,4,4,1,4,4,4,4,4,4,4,0,0,0,0,0,0,0,0,0,0,0,0,0,0,4,4,4,4,4,3,4,4,4,4,4,4,4,4,4,4,4,4,4,4,4,4,4,4,4,4,4,4,4,1,4,4,4,3,4,4,4,4,4,4,4,4,4,4,4,4,4,4,4,4,4,4,4,4,4,4,4,4,4,4,4,4,4,4,2,2,4,4"
274,1.4457942038693214,"0,0,4,4,4,2,4,4,2,4,2,1,4,0,4,2,4,4,4,4,4,4,4,4,4,4,4,4,4,4,4,2,1,2,2,2,2,4,4,4,4,4,4,4,4,2,2,4,4,4,4,4,4,4,4,4,4,4,4,4,4,4,4,4,4,4,4,4,4,2,2,4,4,4,4,4,4,2,1,4,4,4,4,4,4,4,4,4,4,4,4,4,4,4,2,1,4,4,4,4,4,4,4,4,4,4,4,4,4,4,4,4,4,4,4,4,4,4,4,3,4,4,4,4,3,4,1,1,2,4,4,4,4,3,4,1,1,4,4,4,4,4,4,3,4,4,4,4,4,4,1,2,2,2,4,4,4,4,4,4,2,2,4,4,4,2,2,4,4,1,2,1,1,2,4,4,4,4,4,4,4,4,0,4,4,4,4,4,4,4,4,4,4,4,4,4,0,0,0,0,0,0,0,0,0,0,0,0,0,0,4,4,4,4,4,3,4,4,4,4,4,4,4,4,4,4,4,4,4,4,4,4,4,4,4,4,4,4,4,1,4,4,4,3,4,4,4,4,4,4,4,4,4,4,4,4,4,4,4,4,3,4,1,4,4,2,4,4,4,4,4,4,4,4,2,2,4,4"
275,1.4496660652519846,"0,0,4,4,4,2,4,4,2,4,2,1,4,0,4,2,4,4,4,4,4,4,4,4,4,4,4,4,4,4,4,2,1,2,2,2,2,4,4,4,4,4,4,4,4,2,2,4,4,4,4,4,4,4,4,4,4,4,4,4,4,4,4,4,4,4,4,4,4,2,2,4,4,4,4,4,4,2,2,4,4,4,4,4,4,4,4,4,4,4,4,4,4,4,2,1,4,4,4,4,4,4,4,4,4,4,4,4,4,4,4,4,4,4,4,4,4,4,4,3,4,4,4,4,3,4,1,1,2,4,4,4,4,3,4,1,1,4,4,4,4,4,4,3,4,4,4,4,4,4,1,2,2,2,4,4,4,4,4,4,2,2,4,4,4,2,2,4,4,1,2,1,1,2,4,4,4,4,4,4,4,4,0,4,4,4,4,4,4,4,4,4,4,4,4,4,0,0,0,0,0,0,0,0,0,0,0,0,0,0,4,4,4,4,4,3,4,4,4,4,4,4,4,4,4,4,4,4,4,4,4,4,4,4,4,4,4,4,4,4,4,4,4,3,4,4,4,4,4,4,4,4,4,4,4,4,4,4,4,4,4,4,4,4,4,4,4,4,4,4,4,4,4,4,2,2,4,4"
276,1.4496660652519846,"0,0,4,4,4,2,4,4,2,4,2,1,4,0,4,2,4,4,4,4,4,4,4,4,4,4,4,4,4,4,4,2,1,2,2,2,2,4,4,4,4,4,4,4,4,2,2,4,4,4,4,4,4,4,4,4,4,4,4,4,4,4,4,4,4,4,4,4,4,2,2,4,4,4,4,4,4,2,2,4,4,4,4,4,4,4,4,4,4,4,4,4,4,4,2,1,4,4,4,4,4,4,4,4,4,4,4,4,4,4,4,4,4,4,4,4,4,4,4,3,4,4,4,4,3,4,1,1,2,4,4,4,4,3,4,1,1,4,4,4,4,4,4,3,4,4,4,4,4,4,1,2,2,2,4,4,4,4,4,4,2,2,4,4,4,2,2,4,4,1,2,1,1,2,4,4,4,4,4,4,4,4,0,4,4,4,4,4,4,4,4,4,4,4,4,4,0,0,0,0,0,0,0,0,0,0,0,0,0,0,4,4,4,4,4,3,4,4,4,4,4,4,4,4,4,4,4,4,4,4,4,4,4,4,4,4,4,4,4,4,4,4,4,3,4,4,4,4,4,4,4,4,4,4,4,4,4,4,4,4,4,4,4,4,4,4,4,4,4,4,4,4,4,4,2,2,4,4"
277,1.4496660652519846,"0,0,4,4,4,2,4,4,2,4,2,1,4,0,4,2,4,4,4,4,4,4,4,4,4,4,4,4,4,4,4,2,1,2,2,2,2,4,4,4,4,4,4,4,4,2,2,4,4,4,4,4,4,4,4,4,4,4,4,4,4,4,4,4,4,4,4,4,4,2,2,4,4,4,4,4,4,2,2,4,4,4,4,4,4,4,4,4,4,4,4,4,4,4,2,1,4,4,4,4,4,4,4,4,4,4,4,4,4,4,4,4,4,4,4,4,4,4,4,3,4,4,4,4,3,4,1,1,2,4,4,4,4,3,4,1,1,4,4,4,4,4,4,3,4,4,4,4,4,4,1,2,2,2,4,4,4,4,4,4,2,2,4,4,4,2,2,4,4,1,2,1,1,2,4,4,4,4,4,4,4,4,0,4,4,4,4,4,4,4,4,4,4,4,4,4,0,0,0,0,0,0,0,0,0,0,0,0,0,0,4,4,4,4,4,3,4,4,4,4,4,4,4,4,4,4,4,4,4,4,4,4,4,4,4,4,4,4,4,4,4,4,4,3,4,4,4,4,4,4,4,4,4,4,4,4,4,4,4,4,4,4,4,4,4,4,4,4,4,4,4,4,4,4,2,2,4,4"
278,1.4497602339872333,"0,0,4,4,4,2,4,4,2,4,2,1,4,0,4,2,4,4,4,4,4,4,4,4,4,4,4,4,4,4,4,2,1,2,2,2,2,4,4,4,4,4,4,4,4,2,2,0,4,4,4,4,4,4,4,4,4,4,4,4,4,4,4,4,4,4,4,4,4,2,2,4,4,4,4,4,4,2,2,4,4,4,4,4,4,4,4,4,4,4,4,4,4,4,2,1,4,4,4,4,4,4,4,4,4,4,4,4,4,4,4,4,4,4,4,4,4,4,4,3,4,4,4,4,3,4,1,1,3,4,4,4,4,3,4,1,1,4,4,4,4,4,4,3,4,4,4,4,4,4,1,2,2,2,4,4,4,4,4,4,2,2,4,4,4,2,2,4,4,1,2,1,1,2,4,4,4,4,4,4,4,4,0,4,4,4,4,4,4,4,4,4,4,4,4,4,0,0,0,0,0,0,0,0,0,0,0,0,0,0,4,4,4,4,4,3,4,4,4,4,4,4,4,4,4,4,4,4,4,4,4,4,4,4,4,4,4,4,4,4,4,4,4,3,4,4,4,4,4,4,4,4,4,4,4,4,4,4,4,4,4,4,4,4,4,4,4,4,4,4,4,4,4,4,2,2,4,4"
279,1.4497602339872333,"0,0,4,4,4,2,4,4,2,4,2,1,4,0,4,2,4,4,4,4,4,4,4,4,4,4,4,4,4,4,4,2,1,2,2,2,2,4,4,4,4,4,4,4,4,2,2,0,4,4,4,4,4,4,4,4,4,4,4,4,4,4,4,4,4,4,4,4,4,2,2,4,4,4,4,4,4,2,2,4,4,4,4,4,4,4,4,4,4,4,4,4,4,4,2,1,4,4,4,4,4,4,4,4,4,4,4,4,4,4,4,4,4,4,4,4,4,4,4,3,4,4,4,4,3,4,1,1,3,4,4,4,4,3,4,1,1,4,4,4,4,4,4,3,4,4,4,4,4,4,1,2,2,2,4,4,4,4,4,4,2,2,4,4,4,2,2,4,4,1,2,1,1,2,4,4,4,4,4,4,4,4,0,4,4,4,4,4,4,4,4,4,4,4,4,4,0,0,0,0,0,0,0,0,0,0,0,0,0,0,4,4,4,4,4,3,4,4,4,4,4,4,4,4,4,4,4,4,4,4,4,4,4,4,4,4,4,4,4,4,4,4,4,3,4,4,4,4,4,4,4,4,4,4,4,4,4,4,4,4,4,4,4,4,4,4,4,4,4,4,4,4,4,4,2,2,4,4"
280,1.4498599172955882,"0,0,4,4,4,2,4,4,2,4,2,1,4,0,4,2,4,4,4,4,4,4,4,4,4,4,4,4,4,4,4,2,1,2,2,2,2,4,4,4,4,4,4,4,4,2,2,0,4,4,4,4,4,4,4,4,4,4,4,4,4,4,4,4,4,4,4,4,4,2,2,4,4,4,4,4,4,2,2,4,4,4,4,4,4,4,4,4,4,4,4,4,4,4,2,1,4,4,4,4,4,4,4,4,4,4,4,4,4,4,4,4,4,4,4,4,4,4,4,3,4,4,4,4,3,4,1,1,2,4,4,4,4,3,4,1,1,4,4,4,4,4,4,3,4,4,4,4,4,4,1,2,2,2,4,4,4,4,4,4,2,2,4,4,4,2,2,4,4,1,2,1,1,2,4,4,4,4,4,4,4,4,0,4,4,4,4,4,4,4,4,4,4,4,4,4,0,0,0,0,0,0,0,0,0,0,0,0,0,0,4,4,4,4,4,3,4,4,4,4,4,4,4,4,4,4,4,4,4,4,4,4,4,4,4,4,4,4,4,4,4,4,4,3,4,4,4,4,4,4,4,4,4,4,4,4,4,4,4,4,4,4,4,4,4,4,4,4,4,4,4,4,4,4,2,2,4,4"
281,1.4506522974513254,"0,0,4,4,4,2,4,4,2,4,2,1,4,0,4,2,4,4,4,4,4,4,4,4,4,4,4,4,4,4,4,2,1,2,2,2,2,4,4,4,4,4,4,4,4,2,2,0,4,4,4,4,4,4,4,4,4,4,4,4,4,4,4,4,4,4,4,4,4,2,2,4,4,4,4,4,4,2,2,4,4,4,4,4,4,4,4,4,4,4,4,4,4,4,2,1,4,4,4,4,4,4,4,4,4,4,4,4,4,4,4,4,4,4,4,4,4,4,4,4,4,4,4,4,3,4,1,1,2,4,4,4,4,3,4,1,1,4,4,4,4,4,4,3,4,4,4,4,4,4,1,2,2,2,4,4,4,4,4,4,2,2,4,4,4,2,2,4,4,1,2,1,1,2,4,4,4,4,4,4,4,4,0,4,4,4,4,4,4,4,4,4,4,4,4,4,0,0,0,0,0,0,0,0,0,0,0,0,0,0,4,4,4,4,4,3,4,4,4,4,4,4,4,4,4,4,4,4,4,4,4,4,4,4,4,4,4,4,4,4,4,4,4,3,4,4,4,4,4,4,4,4,4,4,4,4,4,4,4,4,4,4,4,4,4,4,4,4,4,4,4,4,4,4,2,2,4,4"
282,1.4506522974513254,"0,0,4,4,4,2,4,4,2,4,2,1,4,0,4,2,4,4,4,4,4,4,4,4,4,4,4,4,4,4,4,2,1,2,2,2,2,4,4,4,4,4,4,4,4,2,2,0,4,4,4,4,4,4,4,4,4,4,4,4,4,4,4,4,4,4,4,4,4,2,2,4,4,4,4,4,4,2,2,4,4,4,4,4,4,4,4,4,4,4,4,4,4,4,2,1,4,4,4,4,4,4,4,4,4,4,4,4,4,4,4,4,4,4,4,4,4,4,4,4,4,4,4,4,3,4,1,1,2,4,4,4,4,3,4,1,1,4,4,4,4,4,4,3,4,4,4,4,4,4,1,2,2,2,4,4,4,4,4,4,2,2,4,4,4,2,2,4,4,1,2,1,1,2,4,4,4,4,4,4,4,4,0,4,4,4,4,4,4,4,4,4,4,4,4,4,0,0,0,0,0,0,0,0,0,0,0,0,0,0,4,4,4,4,4,3,4,4,4,4,4,4,4,4,4,4,4,4,4,4,4,4,4,4,4,4,4,4,4,4,4,4,4,3,4,4,4,4,4,4,4,4,4,4,4,4,4,4,4,4,4,4,4,4,4,4,4,4,4,4,4,4,4,4,2,2,4,4"
283,1.4457384100005521,"0,0,4,4,4,2,4,4,2,4,2,1,4,0,4,2,4,4,4,4,4,4,4,4,4,4,4,4,4,4,4,2,1,2,2,2,2,4,4,4,4,4,4,4,4,2,2,0,4,4,4,4,4,4,4,4,4,4,4,4,4,4,4,4,4,4,4,4,4,2,2,4,4,1,4,4,4,2,2,4,4,4,4,4,4,4,4,4,4,4,4,4,4,4,2,1,4,4,4,4,4,4,4,4,4,4,4,4,4,4,4,4,4,4,4,4,4,4,4,4,4,4,4,4,3,4,1,1,2,4,4,4,4,3,4,1,1,4,4,4,4,4,4,3,4,4,4,4,4,4,1,2,2,2,4,4,4,4,4,3,2,2,4,4,4,2,2,4,4,1,2,1,1,2,4,4,4,4,4,4,4,4,0,4,4,4,4,4,4,4,4,4,4,4,4,4,0,0,0,0,0,0,0,0,0,0,0,0,0,0,4,4,4,4,4,3,4,2,4,4,4,4,4,4,4,4,4,4,4,4,4,4,4,4,4,4,4,4,4,4,4,4,4,3,4,4,4,4,4,4,4,4,4,4,4,4,4,4,4,4,4,4,4,4,4,4,4,3,4,4,4,4,4,4,2,2,4,4"
284,1.4493698613167307,"0,0,4,4,4,2,4,4,2,4,2,1,4,0,4,2,4,4,4,4,4,4,4,4,1,4,4,4,4,4,4,2,1,2,2,2,2,4,4,4,4,4,4,4,4,2,2,0,4,4,4,4,4,4,4,4,4,4,4,4,4,4,4,4,4,4,4,4,4,2,2,4,4,4,4,4,4,2,2,4,4,4,4,4,4,4,4,4,4,4,4,4,4,4,2,1,4,4,4,4,4,4,4,4,4,4,4,4,4,4,4,4,4,4,4,4,4,4,4,4,4,4,4,4,3,4,1,1,2,4,4,4,4,3,4,1,1,4,4,4,4,4,4,3,4,4,4,4,4,4,1,2,2,2,4,4,4,4,4,4,2,2,4,4,4,2,2,4,4,1,2,1,1,2,4,4,4,4,4,4,4,4,0,4,4,4,4,4,4,4,4,4,4,4,4,4,0,0,0,0,0,0,0,0,0,0,0,0,0,0,4,4,4,4,4,3,4,4,4,4,4,4,4,4,4,4,4,4,4,4,4,4,4,4,4,4,4,4,4,4,4,4,4,3,4,4,4,4,4,4,4,4,4,4,4,4,4,4,4,4,4,4,4,4,4,4,4,4,4,4,4,4,4,4,2,2,4,4"
285,1.4509066054443756,"0,0,4,4,4,2,4,4,2,4,2,1,4,0,4,2,4,4,4,4,4,4,4,4,4,4,4,4,4,4,4,2,1,2,2,2,2,4,4,4,4,4,4,4,4,2,2,0,4,4,4,4,4,4,4,4,4,4,4,4,4,4,4,4,4,4,4,4,4,2,2,4,4,4,4,4,4,2,2,4,4,4,4,4,4,4,4,4,4,4,4,4,4,4,2,1,4,4,4,4,4,4,4,4,4,4,4,4,4,4,4,4,4,4,4,4,4,4,4,4,4,4,4,4,3,4,1,1,2,4,4,4,4,3,4,1,1,4,4,4,4,4,4,3,4,4,4,4,4,4,1,2,2,2,4,4,4,4,4,4,2,2,4,4,4,2,2,4,4,1,2,1,1,2,4,4,4,4,4,4,4,4,3,4,4,4,4,4,4,4,4,4,4,4,4,4,0,0,0,0,0,0,0,0,0,0,0,0,0,0,4,4,4,4,4,4,4,4,4,4,4,4,4,4,4,4,4,4,4,4,4,4,4,4,4,4,4,4,4,4,4,4,4,3,4,4,4,4,4,4,4,4,4,4,4,4,4,4,4,4,4,4,4,4,4,4,4,4,4,4,4,4,4,4,2,2,4,4"
286,1.4509066054443756,"0,0,4,4,4,2,4,4,2,4,2,1,4,0,4,2,4,4,4,4,4,4,4,4,4,4,4,4,4,4,4,2,1,2,2,2,2,4,4,4,4,4,4,4,4,2,2,0,4,4,4,4,4,4,4,4,4,4,4,4,4,4,4,4,4,4,4,4,4,2,2,4,4,4,4,4,4,2,2,4,4,4,4,4,4,4,4,4,4,4,4,4,4,4,2,1,4,4,4,4,4,4,4,4,4,4,4,4,4,4,4,4,4,4,4,4,4,4,4,4,4,4,4,4,3,4,1,1,2,4,4,4,4,3,4,1,1,4,4,4,4,4,4,3,4,4,4,4,4,4,1,2,2,2,4,4,4,4,4,4,2,2,4,4,4,2,2,4,4,1,2,1,1,2,4,4,4,4,4,4,4,4,3,4,4,4,4,4,4,4,4,4,4,4,4,4,0,0,0,0,0,0,0,0,0,0,0,0,0,0,4,4,4,4,4,4,4,4,4,4,4,4,4,4,4,4,4,4,4,4,4,4,4,4,4,4,4,4,4,4,4,4,4,3,4,4,4,4,4,4,4,4,4,4,4,4,4,4,4,4,4,4,4,4,4,4,4,4,4,4,4,4,4,4,2,2,4,4"
287,1.4509579141307472,"0,0,4,4,4,2,4,4,2,4,2,1,4,0,4,2,4,4,4,4,4,4,4,4,4,4,4,4,4,4,4,2,1,2,2,2,2,4,4,4,4,4,4,4,4,2,2,0,4,4,4,4,4,4,4,4,4,4,4,4,4,4,4,4,4,4,4,4,4,2,2,4,4,4,4,4,4,2,2,4,4,4,4,4,4,4,4,4,4,4,4,4,4,4,2,1,4,4,4,4,4,4,4,4,4,4,4,4,4,4,4,4,4,4,4,4,4,4,4,4,4,4,4,4,3,4,1,1,2,4,4,4,4,3,4,1,1,4,4,4,4,4,4,3,4,4,4,4,4,4,1,2,2,2,4,4,4,4,4,4,2,2,4,4,4,2,2,4,4,2,2,1,1,2,4,4,4,4,4,4,4,4,3,4,4,4,4,4,4,4,4,4,4,4,4,4,0,0,0,0,0,0,0,0,0,0,0,0,0,0,4,4,4,4,4,4,4,4,4,4,4,4,4,4,4,4,4,4,4,4,4,4,4,4,4,4,4,4,4,4,4,4,4,3,4,4,4,4,4,4,4,4,4,4,4,4,4,4,4,4,4,4,4,4,4,4,4,4,4,4,4,4,4,4,2,2,4,4"
288,1.446299829134339,"0,0,4,4,4,2,4,4,2,4,2,1,4,0,4,2,4,4,4,4,4,4,4,4,4,4,4,4,4,4,4,2,1,2,2,2,2,4,4,4,4,4,4,4,4,2,2,0,4,4,4,4,4,4,4,4,4,4,4,4,4,4,4,4,4,4,4,4,4,2,2,4,4,4,4,4,4,2,2,4,4,4,4,4,4,4,4,4,4,4,4,4,4,4,2,2,4,4,4,4,4,4,4,4,4,4,4,4,4,4,4,2,4,4,4,4,4,4,4,4,4,4,4,4,3,4,1,1,2,4,4,4,4,3,4,1,1,4,4,4,4,4,4,3,4,4,4,4,4,4,1,2,2,2,4,4,4,4,4,4,2,2,4,4,4,2,2,4,4,2,2,1,1,2,4,4,4,4,4,4,4,4,3,4,4,4,4,4,4,4,4,4,4,4,4,4,0,0,0,0,0,0,0,0,0,0,0,0,0,0,4,4,4,4,4,4,4,4,4,4,4,4,4,4,4,4,4,4,4,4,4,4,4,4,4,4,4,4,4,4,0,4,4,3,4,4,4,4,4,4,4,4,4,1,4,4,4,4,4,4,3,4,4,4,4,4,4,4,4,4,4,4,4,4,2,2,4,4"
289,1.446299829134339,"0,0,4,4,4,2,4,4,2,4,2,1,4,0,4,2,4,4,4,4,4,4,4,4,4,4,4,4,4,4,4,2,1,2,2,2,2,4,4,4,4,4,4,4,4,2,2,0,4,4,4,4,4,4,4,4,4,4,4,4,4,4,4,4,4,4,4,4,4,2,2,4,4,4,4,4,4,2,2,4,4,4,4,4,4,4,4,4,4,4,4,4,4,4,2,2,4,4,4,4,4,4,4,4,4,4,4,4,4,4,4,2,4,4,4,4,4,4,4,4,4,4,4,4,3,4,1,1,2,4,4,4,4,3,4,1,1,4,4,4,4,4,4,3,4,4,4,4,4,4,1,2,2,2,4,4,4,4,4,4,2,2,4,4,4,2,2,4,4,2,2,1,1,2,4,4,4,4,4,4,4,4,3,4,4,4,4,4,4,4,4,4,4,4,4,4,0,0,0,0,0,0,0,0,0,0,0,0,0,0,4,4,4,4,4,4,4,4,4,4,4,4,4,4,4,4,4,4,4,4,4,4,4,4,4,4,4,4,4,4,0,4,4,3,4,4,4,4,4,4,4,4,4,1,4,4,4,4,4,4,3,4,4,4,4,4,4,4,4,4,4,4,4,4,2,2,4,4"
290,1.4496861470150133,"0,0,4,4,4,2,4,4,2,4,2,1,4,0,4,2,4,4,4,4,4,4,4,4,4,4,4,4,4,4,4,2,1,2,2,2,2,4,4,4,4,4,4,4,4,2,2,0,4,4,4,4,4,4,4,4,4,4,4,4,4,4,4,4,4,4,4,0,4,2,2,4,4,4,4,4,4,2,2,4,4,4,4,4,4,4,4,4,4,4,4,4,4,4,2,2,4,4,4,4,4,4,4,4,4,4,4,4,4,4,4,4,4,4,4,4,4,4,4,4,4,4,4,4,3,4,1,1,2,4,4,4,4,3,4,1,1,4,4,4,4,4,4,3,4,4,4,4,4,4,1,2,2,2,4,4,4,4,4,4,2,2,4,4,4,2,2,4,4,2,2,1,1,2,4,4,4,4,4,4,4,4,3,4,4,4,4,4,4,4,4,4,4,4,4,4,0,0,0,0,0,0,0,0,0,0,0,0,0,0,4,4,4,4,4,4,4,4,4,4,4,4,4,4,4,4,4,4,4,4,4,4,4,4,4,4,4,4,4,4,4,4,4,3,4,4,4,4,4,4,4,4,4,4,4,4,4,4,4,4,4,4,4,4,4,4,4,4,4,4,4,4,4,4,2,2,4,4"
291,1.4510905931731586,"0,0,4,4,4,2,4,4,2,4,2,1,4,0,4,2,4,4,4,4,4,4,4,4,4,4,4,4,4,4,4,2,1,2,2,2,2,4,4,4,4,4,4,4,4,2,2,0,4,4,4,4,4,4,4,4,4,4,4,4,4,4,4,4,4,4,4,4,4,2,2,4,4,4,4,4,4,2,2,4,4,4,4,4,4,4,4,4,4,4,4,4,4,4,2,2,4,4,4,4,4,4,4,4,4,4,4,4,4,4,4,4,4,4,4,4,4,4,4,4,4,4,4,4,3,4,1,1,2,4,4,4,4,3,4,1,1,4,4,4,4,4,4,3,4,4,4,4,4,4,1,2,2,2,4,4,4,4,4,4,2,2,4,4,4,2,2,4,4,2,2,1,1,2,4,4,4,4,4,4,4,4,3,4,4,4,4,4,4,4,4,4,4,4,4,4,0,0,0,0,0,0,0,0,0,0,0,0,0,0,4,4,4,4,4,4,4,4,4,4,4,4,4,4,4,4,4,4,4,4,4,4,4,4,4,4,4,4,4,4,4,4,4,3,4,4,4,4,4,4,4,4,4,4,4,4,4,4,4,4,4,4,4,4,4,4,4,4,4,4,4,4,4,4,2,2,4,4"
292,1.4511391966345955,"0,0,4,4,4,2,4,4,2,4,2,1,4,0,4,2,4,4,4,4,4,4,4,4,4,4,4,4,4,4,4,2,1,2,2,2,2,4,4,4,4,4,4,4,4,2,2,0,4,4,4,4,4,4,4,4,4,4,4,4,4,4,4,4,4,4,4,4,4,2,2,4,4,4,4,4,4,2,2,4,4,4,4,4,4,4,4,4,4,4,4,4,4,4,2,2,4,4,4,4,4,4,4,4,4,4,4,4,4,4,4,4,4,4,4,4,4,4,4,4,4,4,4,4,3,4,1,1,2,4,4,4,4,3,4,2,1,4,4,4,4,4,4,3,4,4,4,4,4,4,1,2,2,2,4,4,4,4,4,4,2,2,4,4,4,2,2,4,4,2,2,1,1,2,4,4,4,4,4,4,4,4,3,4,4,4,4,4,4,4,4,4,4,4,4,4,0,0,0,0,0,0,0,0,0,0,0,0,0,0,4,4,4,4,4,4,4,4,4,4,4,4,4,4,4,4,4,4,4,4,4,4,4,4,4,4,4,4,4,4,4,4,4,3,4,4,4,4,4,4,4,4,4,4,4,4,4,4,4,4,4,4,4,4,4,4,4,4,4,4,4,4,4,4,2,2,4,4"
293,1.451237467236639,"0,0,4,4,4,2,4,4,2,4,2,1,4,0,4,2,4,4,4,4,4,4,4,4,4,4,4,4,4,4,4,2,2,2,2,2,2,4,4,4,4,4,4,4,4,2,2,0,4,4,4,4,4,4,4,4,4,4,4,4,4,4,4,4,4,4,4,4,4,2,2,4,4,4,4,4,4,2,2,4,4,4,4,4,4,4,4,4,4,4,4,4,4,4,2,2,4,4,4,4,4,4,4,4,4,4,4,4,4,4,4,4,4,4,4,4,4,4,4,4,4,4,4,4,3,4,1,1,2,4,4,4,4,3,4,2,1,4,4,4,4,4,4,3,4,4,4,4,4,4,1,2,2,2,4,4,4,4,4,4,2,2,4,4,4,2,2,4,4,2,2,1,1,2,4,4,4,4,4,4,4,4,3,4,4,4,4,4,4,4,4,4,4,4,4,4,0,0,0,0,0,0,0,0,0,0,0,0,0,0,4,4,4,4,4,4,4,4,4,4,4,4,4,4,4,4,4,4,4,4,4,4,4,4,4,4,4,4,4,4,4,4,4,3,4,4,4,4,4,4,4,4,4,4,4,4,4,4,4,4,4,4,4,4,4,4,4,4,4,4,4,4,4,4,2,2,4,4"
294,1.4513151137524052,"0,0,4,4,4,2,4,4,2,4,2,1,4,0,4,2,4,4,4,4,4,4,4,4,4,4,4,4,4,4,4,2,2,2,2,2,2,4,4,4,4,4,4,4,4,2,2,0,4,4,4,4,4,4,4,4,4,4,4,4,4,4,4,4,4,4,4,4,4,2,2,4,4,4,4,4,4,2,2,4,4,4,4,4,4,4,4,4,4,4,4,4,4,4,2,2,4,4,4,4,4,4,4,4,4,4,4,4,4,4,4,4,4,4,4,4,4,4,4,4,4,4,4,4,3,4,2,1,2,4,4,4,4,3,4,2,1,4,4,4,4,4,4,3,4,4,4,4,4,4,1,2,2,2,4,4,4,4,4,4,2,2,4,4,4,2,2,4,4,2,2,1,1,2,4,4,4,4,4,4,4,4,3,4,4,4,4,4,4,4,4,4,4,4,4,4,0,0,0,0,0,0,0,0,0,0,0,0,0,0,4,4,4,4,4,4,4,4,4,4,4,4,4,4,4,4,4,4,4,4,4,4,4,4,4,4,4,4,4,4,4,4,4,3,4,4,4,4,4,4,4,4,4,4,4,4,4,4,4,4,4,4,4,4,4,4,4,4,4,4,4,4,4,4,2,2,4,4"
295,1.4503734928520478,"0,0,4,4,4,2,4,4,2,4,2,1,4,0,4,2,4,4,4,4,4,4,4,4,4,4,4,4,4,4,4,2,2,2,2,2,2,4,4,4,4,4,4,4,4,2,2,0,4,4,4,4,4,4,4,4,4,4,4,4,4,4,4,4,4,4,4,4,4,2,2,4,4,4,4,4,4,2,2,4,4,4,4,4,4,4,4,4,4,4,4,4,4,4,2,2,4,4,4,4,4,4,4,4,4,4,4,4,4,4,4,4,4,4,4,4,4,4,4,4,4,4,4,4,3,4,2,1,2,4,4,4,4,3,4,2,1,4,4,4,4,4,4,3,4,4,4,4,4,4,1,2,2,2,4,4,4,4,4,4,2,2,4,4,4,2,2,4,4,2,2,1,2,2,4,4,4,4,4,4,4,4,3,4,4,4,4,4,4,4,4,0,4,4,4,4,0,0,0,0,0,0,0,0,0,0,0,0,0,0,4,4,4,4,4,4,4,4,4,4,4,4,4,4,4,4,4,4,4,4,4,4,4,4,4,4,4,4,4,4,4,4,4,3,4,4,4,4,4,4,4,4,4,4,4,4,4,4,4,4,4,4,4,4,4,4,4,4,4,4,4,4,4,4,2,2,4,4"
296,1.4501409886935388,"0,0,4,4,4,2,4,4,2,4,2,1,4,0,4,2,4,4,4,4,4,4,4,4,4,4,4,4,4,4,4,2,2,2,2,2,2,4,4,4,4,4,4,4,4,2,2,0,4,4,4,4,4,4,4,4,4,4,4,4,4,4,4,4,4,4,4,4,4,2,2,4,4,4,4,4,4,2,2,4,4,4,4,4,4,4,4,4,4,4,4,4,4,4,2,2,4,4,4,4,4,4,4,4,4,4,4,4,4,4,4,4,4,4,4,4,4,4,4,4,4,4,4,4,3,4,2,1,2,4,4,4,4,3,4,2,1,4,4,4,4,4,4,3,4,4,4,4,4,4,1,2,2,2,4,4,4,4,4,4,2,2,3,4,4,2,2,4,4,2,2,1,2,2,4,4,4,4,4,4,4,4,3,4,4,4,4,4,4,4,4,4,4,4,4,4,0,0,0,0,0,0,0,0,0,0,0,0,0,0,4,4,4,4,4,4,4,4,4,4,4,4,4,4,4,4,4,4,4,4,4,4,4,4,4,4,4,4,4,4,4,4,4,3,4,4,4,4,4,4,4,4,4,4,4,4,4,4,4,4,4,4,4,4,4,4,4,4,4,4,4,4,4,4,2,2,4,4"
297,1.4510184203112197,"0,0,4,4,4,2,4,4,2,4,2,1,4,0,4,2,4,4,4,4,4,4,4,4,4,4,4,4,4,4,4,2,2,2,2,2,2,4,4,4,4,4,4,4,4,2,2,0,4,4,4,4,4,4,4,4,4,4,4,4,4,4,4,4,4,4,4,4,4,2,2,4,4,4,4,4,4,2,2,4,4,4,4,4,4,4,4,4,4,4,4,4,4,4,2,2,4,4,4,4,4,4,4,4,4,4,4,4,4,4,4,4,4,4,4,4,4,4,4,4,4,4,4,4,3,4,2,1,2,4,4,4,4,3,4,1,1,4,4,4,4,4,4,3,4,4,4,4,4,4,1,2,2,2,4,4,4,4,4,4,2,2,4,4,4,2,2,4,4,2,2,1,2,2,4,4,4,4,4,4,4,4,3,4,4,4,4,4,4,4,4,4,4,4,4,4,0,0,0,0,0,0,0,3,0,0,0,0,0,0,4,4,4,4,4,4,4,4,4,4,4,4,4,4,4,4,4,4,4,4,4,4,4,4,4,4,4,4,4,4,4,4,4,3,4,4,4,4,4,4,4,4,4,4,4,4,4,4,4,4,4,4,4,4,4,4,4,4,4,4,4,4,4,4,2,2,4,4"
298,1.4510184203112197,"0,0,4,4,4,2,4,4,2,4,2,1,4,0,4,2,4,4,4,4,4,4,4,4,4,4,4,4,4,4,4,2,2,2,2,2,2,4,4,4,4,4,4,4,4,2,2,0,4,4,4,4,4,4,4,4,4,4,4,4,4,4,4,4,4,4,4,4,4,2,2,4,4,4,4,4,4,2,2,4,4,4,4,4,4,4,4,4,4,4,4,4,4,4,2,2,4,4,4,4,4,4,4,4,4,4,4,4,4,4,4,4,4,4,4,4,4,4,4,4,4,4,4,4,3,4,2,1,2,4,4,4,4,3,4,1,1,4,4,4,4,4,4,3,4,4,4,4,4,4,1,2,2,2,4,4,4,4,4,4,2,2,4,4,4,2,2,4,4,2,2,1,2,2,4,4,4,4,4,4,4,4,3,4,4,4,4,4,4,4,4,4,4,4,4,4,0,0,0,0,0,0,0,3,0,0,0,0,0,0,4,4,4,4,4,4,4,4,4,4,4,4,4,4,4,4,4,4,4,4,4,4,4,4,4,4,4,4,4,4,4,4,4,3,4,4,4,4,4,4,4,4,4,4,4,4,4,4,4,4,4,4,4,4,4,4,4,4,4,4,4,4,4,4,2,2,4,4"
299,1.451504389456594,"0,0,4,4,4,2,4,4,2,4,2,1,4,0,4,2,4,4,4,4,4,4,4,4,4,4,4,4,4,4,4,2,2,2,2,2,2,4,4,4,4,4,4,4,4,2,2,0,4,4,4,4,4,4,4,4,4,4,4,4,4,4,4,4,4,4,4,4,4,2,2,4,4,4,4,4,4,2,3,4,4,4,4,4,4,4,4,4,4,4,4,4,4,4,2,2,4,4,4,4,4,4,4,4,4,4,4,4,4,4,4,4,4,4,4,4,4,4,4,4,4,4,4,4,3,4,2,2,2,4,4,4,4,3,4,1,1,4,4,4,4,4,4,3,4,4,4,4,4,4,1,2,2,2,4,4,4,4,4,4,2,2,4,4,4,2,2,4,4,2,2,1,2,2,4,4,4,4,4,4,4,4,3,4,4,4,4,4,4,4,4,4,4,4,4,4,0,0,0,0,0,0,0,0,0,0,0,0,0,0,4,4,4,4,4,4,4,4,4,4,4,4,4,4,4,4,4,4,4,4,4,4,4,4,4,4,4,4,4,4,4,4,4,4,4,4,4,4,4,4,4,4,4,4,4,4,4,4,4,4,4,4,4,4,4,4,4,4,4,4,4,4,4,4,2,2,4,4"
