generation,best_fitness,mean_fitness,worst_fitness
0,1.0019962864277123,1.0001063554204865,0.9985867801328273
1,1.0019962864277123,1.0000931196615277,0.9986317504297904
2,1.0022911724162205,1.0003784385155077,0.9990176239450335
3,1.0024484531055995,1.0006956520500643,0.9992593677908536
4,1.0025483924627618,1.0011293411292372,0.9994560234742852
5,1.0029069997373126,1.0012093450459143,0.9994652509898779
6,1.0031328215987703,1.0012239532785587,0.9992445356947762
7,1.0031328215987703,1.001265029589036,0.9989053792387967
8,1.0031328215987703,1.0014669021849754,0.9994124129666897
9,1.0031566807069465,1.0015659735868836,0.9996838555568571
10,1.0034047373293573,1.0017519353042614,0.9998527745380287
11,1.0035134560891987,1.0020595301928175,1.0000313731712787
12,1.0040439105564722,1.0024241381614556,1.00021220090417
13,1.0043458616263379,1.0026989315416674,1.000884670322015
14,1.0047967004873866,1.002866418113929,1.0005169934881413
15,1.0056752976513876,1.003367944706745,1.001478587823076
16,1.0056752976513876,1.0035615300362302,1.0019284473917178
17,1.0060739695486582,1.003932976118446,1.0022191017994877
18,1.006655658125453,1.0040475278181829,1.0015528902131587
19,1.0070287193852616,1.004177172888033,0.9995248103692674
20,1.0072256668814041,1.00451901783478,1.0012849369086976
21,1.0072534679770841,1.0049239480977152,1.000654123290615
22,1.0076162387232963,1.0050174063705688,1.0023850015125966
23,1.0076162387232963,1.0054143330033276,1.0011544244137363
24,1.0076162387232963,1.005286092472652,0.999485210418116
25,1.0079528828203521,1.0055418075922338,1.002810883115441
26,1.0082441314086803,1.0058726847892756,1.0021446806645562
27,1.0082441314086803,1.0064336356974437,1.003623188682034
28,1.0082441314086803,1.0065376247371514,1.0021019857454276
29,1.008549688489527,1.006767800021564,1.003522209974962
30,1.008549688489527,1.0070714199149655,1.0049314302356127
31,1.0090603993635616,1.0072379303858454,1.0052705217258957
32,1.0090603993635616,1.007575888041782,1.0054015339555653
33,1.0091945702138743,1.0074594727182178,1.0031787047181453
34,1.0091945702138743,1.0076981915592753,1.0033033884281728
35,1.0091945702138743,1.007810936111819,1.0054655224236904
36,1.0093936371907108,1.008246823597428,1.0060127260833993
37,1.0099712457418883,1.008328374149926,1.00690152813596
38,1.010458118119892,1.0084376348646449,1.006473179221854
39,1.0114798089911141,1.0084353085272015,1.0055388914686219
40,1.0114798089911141,1.0086559799539576,1.0056267350568808
41,1.0114798089911141,1.0089955068491827,1.0048812006182342
42,1.0120216654166465,1.0092017383341798,1.005136281647422
43,1.0120216654166465,1.009070753803313,1.0051804811475555
44,1.0123588691651304,1.0091928624735456,1.0050599176189852
45,1.0123588691651304,1.009611617633816,1.007950425967346
46,1.0134726938981582,1.010073735700567,1.0051009860042
47,1.013501284624343,1.0103742336020516,1.0072981967014603
48,1.013501284624343,1.010704908675035,1.006752842595728
49,1.013501284624343,1.0106760596803073,1.0065911939892924
50,1.013501284624343,1.0111226847223724,1.0084114137109914
51,1.013501284624343,1.0115297979783209,1.0067403883601451
52,1.0139927377281432,1.0116559467168105,1.0079105194050717
53,1.0142512055494945,1.012538948892948,1.0096178056330847
54,1.0146904451073846,1.0127352117816648,1.0099331734133599
55,1.0147991890091728,1.013005105018584,1.0108307019950526
56,1.0150366067234986,1.0134904557140083,1.0100588069292438
57,1.0150366067234986,1.0134721358792436,1.0093205533185938
58,1.0150366067234986,1.0131783950729585,1.0105591142050563
59,1.0153389339486192,1.0135241767132979,1.0098588674178133
60,1.0154611524056485,1.0138332688999308,1.0114292586668647
61,1.0154611524056485,1.0142617117928148,1.0117121749207079
62,1.015688558955617,1.0142308672362976,1.011755016224149
63,1.0163246425226198,1.0143844174359715,1.0128987247916146
64,1.0163246425226198,1.0146202409336047,1.0127053955361327
65,1.0169225446960002,1.015019192383984,1.0128766027816858
66,1.0169225446960002,1.0153042630530118,1.0136190074224816
67,1.0171519559808564,1.015793267121322,1.0134916212064713
68,1.0173948684524454,1.0161640607341234,1.0140580119950595
69,1.0173948684524454,1.0163289253069574,1.0138800068534906
70,1.0173948684524454,1.0164969036931288,1.01546052218877
71,1.0174643557963976,1.0166918666970388,1.0146259055603277
72,1.0177265689623232,1.0166138136180665,1.0115727602968212
73,1.0177265689623232,1.016787912775335,1.0144309611213855
74,1.0177265689623232,1.0168804424831779,1.0149716076051627
75,1.018032926958307,1.0170571737701675,1.0148710009403694
76,1.018201898058222,1.017168244081241,1.0153508573791574
77,1.018201898058222,1.0172277079254053,1.0151114404002861
78,1.0184467851336514,1.0173078507457043,1.014524180378045
79,1.0184467851336514,1.017154381370029,1.0143757421685167
80,1.018492886044719,1.0171037601949278,1.0129463361202284
81,1.018734242986384,1.0170175230532368,1.014888497428176
82,1.018734242986384,1.017072734929505,1.013840681341009
83,1.018734242986384,1.0173790952407993,1.0142980184913788
84,1.0188605465653464,1.0173475877126017,1.014687362068791
85,1.0190755933572797,1.017442387759229,1.015642986966382
86,1.0190755933572797,1.0179747424049335,1.0159087112836702
87,1.0194795818500295,1.0183103088619214,1.0159535799179782
88,1.0203795695576572,1.018490391682073,1.016040491762046
89,1.0203795695576572,1.0184821341693653,1.016355994980798
90,1.0203795695576572,1.018445342989987,1.01579773503796
91,1.0207982328318876,1.018471086333931,1.0137300206125945
92,1.0207982328318876,1.0185158678894703,1.0159543620649114
93,1.0207982328318876,1.0185174233172243,1.0144000218179245
94,1.0209665651658293,1.018729494172487,1.0128180100283415
95,1.0209665651658293,1.0183243767693282,1.008530128624936
96,1.0209665651658293,1.0183915744303809,1.0137123309276683
97,1.0211428699661769,1.018632814667462,1.0122869891441229
98,1.0211428699661769,1.0191028505253954,1.0137995308930314
99,1.0218068444470272,1.0192825566275847,1.0133191320105697
100,1.0218068444470272,1.0196721751602578,1.015079137905503
101,1.0218068444470272,1.0197204825110333,1.0158357277821048
102,1.021888681791476,1.0197496226175193,1.0160014367333434
103,1.021888681791476,1.0196566538058125,1.0152271968029307
104,1.0218906500925167,1.0199769668872545,1.014901079819945
105,1.0218906500925167,1.0200742794538529,1.0171084272342532
106,1.0224636839962669,1.0204241106273306,1.0188096183031723
107,1.0224636839962669,1.020765491376797,1.0179828767264034
108,1.0224636839962669,1.0208730737726288,1.018983926436496
109,1.0224636839962669,1.0209758783984522,1.0184239186243613
110,1.0226235856607264,1.0212579920831701,1.018818940810074
111,1.0226526314255668,1.0213247822251383,1.0187072187495116
112,1.0226526314255668,1.0214538657469463,1.0187064614583332
113,1.0226526314255668,1.0213711539844719,1.0172413431196454
114,1.0230406366882967,1.0215368983293889,1.0193408978071248
115,1.0230406366882967,1.0216076423561664,1.0174167308288062
116,1.023859808196144,1.0219836462978145,1.0194223167670722
117,1.023859808196144,1.0221196134925603,1.0204971659280324
118,1.023859808196144,1.0222980608005554,1.0210043555318533
119,1.023859808196144,1.0223109251178153,1.0163800016686373
120,1.023859808196144,1.0223703884243023,1.0208438558783037
121,1.023859808196144,1.022487602906792,1.0172013795918975
122,1.0239954120804406,1.0224747920257582,1.020402874695637
123,1.0239954120804406,1.0222847474083223,1.0185754091850938
124,1.0243146965459058,1.0220425388037766,1.0146811561116906
125,1.0243146965459058,1.0218608339721962,1.0116134346838417
126,1.0243146965459058,1.0218463595351512,1.0149782951211122
127,1.0243146965459058,1.022523830402161,1.0183019318973419
128,1.0246334971183904,1.0228637050022178,1.0162287056108537
129,1.0246334971183904,1.0229110081071822,1.0137765551065407
130,1.0246334971183904,1.023075885488604,1.0207677538487108
131,1.025316877887655,1.023221128596492,1.0198947271221395
132,1.025316877887655,1.0233544882593628,1.0215773624428928
133,1.0255975502710586,1.023490164551025,1.0212044590878984
134,1.0255975502710586,1.0238529188444918,1.02112712657314
135,1.0256563550369107,1.0241706862881828,1.021196806620964
136,1.026225950187122,1.0240852876753337,1.0180072069039343
137,1.026225950187122,1.0241478657049186,1.0196836446260071
138,1.0265668826544156,1.024511480364903,1.0220082030123496
139,1.0266020773667186,1.0247572274801224,1.0217042802355685
140,1.0266020773667186,1.025346972549324,1.0234314003460048
141,1.0267634409522985,1.025590525330572,1.02389279801571
142,1.0268651499400394,1.0256406399871891,1.0236072296322778
143,1.0273739203961312,1.02544519848638,1.0233183734766724
144,1.0273802858602856,1.0254278881067458,1.021618383191285
145,1.0273816970364569,1.0258399593265495,1.021329264122954
146,1.0273991452304014,1.0258707514070862,1.0233032557922206
147,1.0273991452304014,1.0262354574608994,1.0231509090456044
148,1.0280124271354305,1.0263977432012954,1.0239805052820568
149,1.0283545354233607,1.0269261597552255,1.0247494450173362
150,1.0283545354233607,1.026906888304386,1.0239839072130588
151,1.0283545354233607,1.0269182652528952,1.0233723478423864
152,1.0284794587106756,1.0270600469965103,1.0233522816656249
153,1.0288170754169443,1.0272963133712243,1.0244345865018047
154,1.0288170754169443,1.0274947633602045,1.0261501266629711
155,1.0288170754169443,1.0279086923348124,1.0263332484470402
156,1.029052936947049,1.027882378123372,1.0264984804908543
157,1.0297382202974088,1.0281432860710051,1.0251525551849379
158,1.0297382202974088,1.0280579779369243,1.0234746589019952
159,1.0300746581501805,1.02823468372721,1.0258733588059679
160,1.0300746581501805,1.0286336372408562,1.026947281695438
161,1.0300746581501805,1.0288481592637428,1.0238470499249486
162,1.0304882117609127,1.0289112092673889,1.0273991223683656
163,1.0304882117609127,1.0290964127095878,1.024854864272092
164,1.0304882117609127,1.0291214967065532,1.0257660776880928
165,1.0304882117609127,1.0292135066664918,1.0260449193899617
166,1.0309209574796552,1.0291448903153781,1.0264470973046946
167,1.0309209574796552,1.0290290633437864,1.024750425905366
168,1.0309209574796552,1.0293290599585576,1.0245666220482161
169,1.0309209574796552,1.029427631605691,1.0266879639931945
170,1.0309971725246738,1.0296009096589862,1.0260216280891674
171,1.0309971725246738,1.0296546528160446,1.0262021485340798
172,1.0309971725246738,1.0292205812301518,1.0248886981229415
173,1.0313071151041022,1.02954024411714,1.0212033056008707
174,1.0313071151041022,1.0296057410167012,1.0236651637962866
175,1.0316415810487831,1.029867986838462,1.0232128257041855
176,1.0316415810487831,1.0298388294571048,1.0233871413563411
177,1.0317896481623727,1.0302337545867772,1.0232859993161725
178,1.0319554437687133,1.0303782725749455,1.0265683881063656
179,1.0322530257672349,1.030699813967634,1.029221986250954
180,1.0322530257672349,1.030713357951809,1.0266301091932795
181,1.0324850827083791,1.0307193145865374,1.0244317977173933
182,1.0331872118373755,1.0309644964862839,1.0260983954792329
183,1.0331872118373755,1.0311083513830688,1.0280683404937139
184,1.0332107802712698,1.0311542541544367,1.0269021371245883
185,1.0332107802712698,1.0315154592349172,1.0269383360589808
186,1.0337839626434988,1.0320885102441786,1.0271338221406578
187,1.0337839626434988,1.032231347689973,1.0289737856437382
188,1.0337839626434988,1.0325424526343343,1.029029497860355
189,1.034251110140561,1.032867583124723,1.0304376065110357
190,1.034251110140561,1.0326633299737145,1.0298594992739054
191,1.034251110140561,1.0326487995405595,1.0288490680848823
192,1.034251110140561,1.0324605734575292,1.0266434527791564
193,1.0343183494247863,1.032645026291313,1.0262877556979575
194,1.0343183494247863,1.032601539577638,1.0285411963831026
195,1.0346084204636998,1.0324625380537495,1.0288097965458212
196,1.0346084204636998,1.0325388868306853,1.0277934307314482
197,1.0346084204636998,1.0327513845554914,1.0301110865807606
198,1.0346084204636998,1.0329257628256843,1.0303382677002086
199,1.0346486057440436,1.0334121147716238,1.0245396882650415
200,1.0348800747755766,1.0336346559963134,1.0315509483814655
201,1.0348800747755766,1.0337939627753956,1.0311240821068437
202,1.0361117169860776,1.034218630207663,1.0313437438511501
203,1.0361117169860776,1.0343754008038568,1.032471634087444
204,1.0361117169860776,1.0346768720905377,1.03298218135523
205,1.0361117169860776,1.0348771971890347,1.0334754374556296
206,1.0361117169860776,1.0349712904023394,1.033629087149063
207,1.0368885087902182,1.0351267756628169,1.032263767422569
208,1.0368885087902182,1.035146864438031,1.03305187353386
209,1.0368885087902182,1.0351475991240924,1.0299594233298184
210,1.0368885087902182,1.0351210195196756,1.0323616618276157
211,1.0368885087902182,1.0352155740652182,1.0300799317948086
212,1.0368885087902182,1.0354537350430504,1.0331536570619582
213,1.0369596821602547,1.0357456117469441,1.0335755989322963
214,1.0369596821602547,1.0358329483319524,1.0338575615573604
215,1.0371822330260323,1.0360302785832491,1.0337660590518827
216,1.0371822330260323,1.0360815038778959,1.0342878095939099
217,1.0372700295741493,1.0358397646994806,1.031724975124687
218,1.0373103038025877,1.0356261862982392,1.0285741804669621
219,1.037763751844532,1.0359715166176873,1.0284929022899982
220,1.037763751844532,1.03585847674933,1.029060138151325
221,1.037763751844532,1.0356737810111312,1.029389028815582
222,1.038030340508093,1.0360275727235106,1.0301735180964804
223,1.038030340508093,1.0362773755030912,1.0334084510062795
224,1.0381243493824126,1.0366166016936833,1.0345215771720522
225,1.038448361413461,1.0366886704045564,1.0325010038161135
226,1.038448361413461,1.0368977486296425,1.0339597363321087
227,1.0388491789722267,1.0369286782508815,1.0347332415072477
228,1.0388491789722267,1.037085143386613,1.034562789382039
229,1.0389170919136035,1.0370055366972746,1.0340869534613581
230,1.0389170919136035,1.0373401089805216,1.0331814789420948
231,1.0389170919136035,1.037547270033382,1.0357497054492448
232,1.0389921973091831,1.0376841316675547,1.0355436617090241
233,1.0392184320072664,1.037818388183323,1.0357285554883848
234,1.0392184320072664,1.037795594900178,1.0339569434104006
235,1.0392184320072664,1.0379216267009368,1.0350422846304341
236,1.0392184320072664,1.0379979110183952,1.0339597718248896
237,1.0395007582085576,1.0382063262163326,1.0350956741867676
238,1.0395702285123756,1.0382479372988884,1.0356136300792547
239,1.040206295604744,1.0381246824394166,1.035778919277611
240,1.040206295604744,1.0380669709342132,1.0274429217719128
241,1.040206295604744,1.0381899483752164,1.0346319027183395
242,1.040206295604744,1.0382686981464835,1.036334215942867
243,1.040206295604744,1.0384743640056915,1.0353373261184093
244,1.0403080944969332,1.0385100566639158,1.0359975220612418
245,1.0406763079182677,1.0389124656625457,1.03444094910141
246,1.0407690612484035,1.0389292250042563,1.0358121125602229
247,1.0407690612484035,1.0386801918858755,1.033033996508237
248,1.0411757842001292,1.0386936169721737,1.034787190156028
249,1.0411757842001292,1.03866295344884,1.035573160340789
250,1.041266877706224,1.0387675630556032,1.0353171200088076
251,1.041266877706224,1.0391655379170874,1.0357386609982817
252,1.0417736574588337,1.0395326946239083,1.0353242981124509
253,1.0421199098582725,1.0397657132673894,1.0350390653999364
254,1.0421199098582725,1.0402595977462619,1.036923255219474
255,1.042205880881113,1.0404941840984543,1.0370291422364886
256,1.0425438848709874,1.0406291572541462,1.03616455296762
257,1.042591789864764,1.0404670026938276,1.0281688222869318
258,1.0428472534286173,1.0408367456010992,1.0367046327693386
259,1.0428472534286173,1.041171716473064,1.0375462636991983
260,1.0428472534286173,1.0409563000532536,1.0388992949792106
261,1.0428472534286173,1.041103318858931,1.036764999524709
262,1.0430448044204526,1.0409015379261932,1.0354289796657596
263,1.0432502106741215,1.041294347082815,1.0353809055703007
264,1.0432502106741215,1.0413274871379747,1.0379170810986553
265,1.0432502106741215,1.0415002831525177,1.0383752440790492
266,1.0433872521545933,1.0416535810312268,1.0383728626932798
267,1.0433872521545933,1.04178969051156,1.0381507265194974
268,1.043391861000964,1.0418168974934645,1.0378999984339856
269,1.043605729861162,1.041894691244878,1.039810851869527
270,1.043605729861162,1.041983201810838,1.0383616318813593
271,1.043605729861162,1.0419469900263836,1.0384754957836204
272,1.043605729861162,1.041728855174091,1.0362514395277556
273,1.0436138006416251,1.0420130392219153,1.0374531709966357
274,1.0436385290099632,1.041801844314319,1.0374453548315805
275,1.04366287060004,1.0424432338602092,1.0394682904041352
276,1.0437624049237413,1.0424029480046155,1.0383158723416794
277,1.0437624049237413,1.0424429271858509,1.0380523923439577
278,1.0437624049237413,1.0424169630244868,1.0399313851922583
279,1.0438311950267285,1.0422337734068305,1.0397488970691917
280,1.0438311950267285,1.0425226544584678,1.040038095265548
281,1.0439511657638016,1.042411981234874,1.0402388200334056
282,1.0439511657638016,1.0424439949028252,1.0396671650247038
283,1.0443299123010226,1.0422192876890681,1.038746829566299
284,1.0443299123010226,1.0423414619277012,1.0377850882896147
285,1.0443299123010226,1.0423486088904848,1.0386185841902642
286,1.0443299123010226,1.0425569233357195,1.0398680460195515
287,1.0444566277659377,1.042906654918569,1.04084081954395
288,1.0448530183013127,1.0434073745267802,1.0407839389619997
289,1.0448530183013127,1.0435924871207864,1.0409693540977294
290,1.0448530183013127,1.0435240010932383,1.0392176996944196
291,1.0448743843876023,1.0436182660026083,1.0415488325274995
292,1.0449256853130078,1.043683701643115,1.04170319666503
293,1.0449513486277104,1.0437875473804652,1.0410474504140206
294,1.0449513486277104,1.0436045053672687,1.0397834018812202
295,1.0451461108264164,1.0437311803110036,1.0373517422783558
296,1.0452895510253026,1.0441725574534884,1.0408140805915034
297,1.0455157524394074,1.0442637979885037,1.0413620437818176
298,1.0455157524394074,1.0443645399755743,1.0424488360050943
299,1.0455157524394074,1.0444535845929752,1.0428657705614002
300,1.0455157524394074,1.0444776983543969,1.0422069735133288
301,1.0455157524394074,1.0443779650523188,1.0368562487508688
302,1.0456322682012171,1.0442357476548536,1.0405227630168397
303,1.04565153429572,1.0441741345092699,1.0409204311513118
304,1.0459312961764593,1.0445276078524024,1.0415282685228022
305,1.0459312961764593,1.0448022906954886,1.0386477455899004
306,1.0459312961764593,1.0447821782837483,1.0406733727716635
307,1.046089834009075,1.0447215003835617,1.0397111029260757
308,1.0461894017746496,1.044680353345492,1.0389325437261026
309,1.0461894017746496,1.044713388202246,1.0419456841913193
310,1.046376133160562,1.0445927965571997,1.040607097319799
311,1.046376133160562,1.0449424156597458,1.042497341496118
312,1.0467584153527367,1.045029408015971,1.0424292150665986
313,1.0467584153527367,1.0449825453607873,1.0420658951485917
314,1.0467584153527367,1.0450737189238455,1.0426344131168666
315,1.0467584153527367,1.0451616298527227,1.043249090268802
316,1.046838480434976,1.045379922102863,1.0423179016126403
317,1.046838480434976,1.0455557220816118,1.042873822389871
318,1.0470029447468387,1.0455634078501277,1.0404365284867865
319,1.0470167840681532,1.0451996428926207,1.0422904566236473
320,1.0470167840681532,1.0456565687698889,1.0412980667740683
321,1.0470167840681532,1.045840076361498,1.0426363751454566
322,1.0471690502892894,1.0460960241834494,1.0444059517640378
323,1.0471690502892894,1.0463313501188518,1.044537139424651
324,1.0474218163630602,1.0463606114620085,1.0436690447916732
325,1.0476658863613113,1.046225385177091,1.0430237722692
326,1.0476658863613113,1.0464985027820224,1.0426838904732834
327,1.0476658863613113,1.04625447072553,1.043837353518937
328,1.0476658863613113,1.0461685618678418,1.0404482024972384
329,1.0476658863613113,1.0460523894114933,1.0415652137802398
330,1.0476658863613113,1.0463381539106724,1.0419679387107714
331,1.0480570175653758,1.046223521661668,1.0387993475217296
332,1.0480570175653758,1.046125836503653,1.0408651590819251
333,1.0480570175653758,1.0462445082524756,1.0417507532624537
334,1.0480570175653758,1.0464643539635134,1.0424669897652399
335,1.0480570175653758,1.0465699726396982,1.0433593504059218
336,1.048238265655601,1.0469122702242468,1.0446275714648716
337,1.048238265655601,1.0471935849745806,1.0437964089858078
338,1.0483267335180524,1.0470773949871148,1.0439396451839311
339,1.0483267335180524,1.04690154247976,1.0447128063866202
340,1.0483267335180524,1.0471390178263416,1.0394693435834212
341,1.0483267335180524,1.0469594192863447,1.0444364679436373
342,1.0483267335180524,1.0471742242287687,1.0444386695600492
343,1.048355281803436,1.0473347677395217,1.0454835879874584
344,1.0485398544750868,1.04726752075442,1.0433863967818522
345,1.0485398544750868,1.0472444846164,1.0450727245960776
346,1.0485398544750868,1.0473298886273101,1.045117450805174
347,1.048634302069771,1.047515412618884,1.043766062172131
348,1.048634302069771,1.047287705316565,1.044677865120045
349,1.04874317514773,1.0472036470341828,1.0448166629236553
350,1.0493809014909594,1.0471325157611822,1.042398676685293
351,1.0493809014909594,1.0473131736191796,1.0424739903547906
352,1.0493809014909594,1.0475439424430306,1.0460557991644197
353,1.0496011791343363,1.0477209498533442,1.0454536593970758
354,1.0496011791343363,1.0480360760400427,1.0437550392541226
355,1.0496011791343363,1.048149302620696,1.0433464571960696
356,1.0497584623781229,1.0481179646430252,1.044208507119187
357,1.0497584623781229,1.0481079733145873,1.044719844010304
358,1.0497584623781229,1.0476500337725296,1.043246928929163
359,1.0497584623781229,1.0476895157080823,1.0427717500915978
360,1.0497584623781229,1.047263498708723,1.0401501182659985
361,1.0497584623781229,1.0473392982193235,1.0343695629294947
362,1.0497584623781229,1.0473755758095986,1.041800237269964
363,1.0497584623781229,1.0472559164843804,1.0430994284647923
364,1.0497584623781229,1.0471860955935548,1.0374173955095234
365,1.0497584623781229,1.0474323351541168,1.0442995496483118
366,1.0500281713353008,1.0477785162374744,1.042295519355668
367,1.0500281713353008,1.0476561587113,1.0426948221275527
368,1.0500281713353008,1.0474703812990218,1.042937075470206
369,1.0500281713353008,1.047556935479443,1.0436874095548743
370,1.0502137440480113,1.0478739824895462,1.0447941337377733
371,1.0502137440480113,1.0483662946986108,1.044695094889143
372,1.0509441353775864,1.0486669428387387,1.044333101115286
373,1.0509441353775864,1.0490259611652848,1.0463123955616278
374,1.0509441353775864,1.0494162834312895,1.046990281953156
375,1.0512038593951867,1.049594477801267,1.0462659024162537
376,1.0512038593951867,1.0495680259116411,1.0472084115859632
377,1.0512038593951867,1.0499520949719614,1.0475723748996661
378,1.0512038593951867,1.0498726942720564,1.0477484349119455
379,1.0513578572729108,1.049953943218073,1.046892972667404
380,1.0513578572729108,1.0497540920726334,1.0433755410244883
381,1.0513578572729108,1.0495344479739641,1.0456535171219647
382,1.0513578572729108,1.0496692445522777,1.0439148236147124
383,1.0515625008352152,1.049865317920631,1.0455739948682907
384,1.0515625008352152,1.0500726058122134,1.0446851700989783
385,1.051651607155426,1.0502529312934825,1.0464857366999714
386,1.051651607155426,1.0503448881151056,1.0456436246537193
387,1.051651607155426,1.050103173135636,1.0443769232194002
388,1.0517478793115322,1.0503001320550973,1.0463003854991064
389,1.0517478793115322,1.0506463008145,1.0476423939510129
390,1.0520208861748122,1.0508105032558759,1.0479056846359716
391,1.0520208861748122,1.050702602182951,1.0461813216229543
392,1.0520208861748122,1.050605848241282,1.0425102265627857
393,1.0521796600326203,1.0505583139228358,1.0469782683394735
394,1.0521796600326203,1.0503061017067896,1.0453021158739284
395,1.0521796600326203,1.0505837105436724,1.0477612298404182
396,1.0521796600326203,1.0506985483247449,1.0465619368845007
397,1.0521796600326203,1.0507396351691585,1.0473817410039885
398,1.0525228662370354,1.0505836002099316,1.0411697205306476
399,1.0525228662370354,1.0507363133340832,1.0460148790987795
400,1.0527359711400426,1.050869522377492,1.0481735898956033
401,1.0527359711400426,1.0513816546668808,1.0485865047261713
402,1.0527359711400426,1.0515586193202404,1.0485386562376937
403,1.0527463817507348,1.0516600087125043,1.0490802587037031
404,1.053107077437002,1.051727269111794,1.0499121998189067
405,1.0531786789131323,1.0515284516897208,1.0402544041618493
406,1.0531786789131323,1.0515228125220977,1.0452203194096366
407,1.0533517558377894,1.0516374975321403,1.045293022107225
408,1.0533517558377894,1.0516689377279484,1.0451041961595084
409,1.0533517558377894,1.0516849646802087,1.0492431954489096
410,1.0533517558377894,1.0513767750893432,1.038083084163285
411,1.0533517558377894,1.0509257405219807,1.0454920097705385
412,1.0533517558377894,1.051113565765875,1.045135907570054
413,1.0536631358855575,1.0515832726341232,1.0468071852034204
414,1.0536631358855575,1.051958393165481,1.0479074358728653
415,1.0540102167345502,1.052250567134444,1.0487440499278684
416,1.0540102167345502,1.0523087444689565,1.0474842727971052
417,1.0540102167345502,1.0522152455740827,1.0486721095179092
418,1.0540102167345502,1.0522872086115727,1.0485642130678745
419,1.0540434521727615,1.0524861971671364,1.0493719124759062
420,1.0541940353539827,1.052112355011921,1.0491352503471512
421,1.0541940353539827,1.0519076871804105,1.048222607576772
422,1.0544441390368693,1.0519066000506887,1.0452131463629122
423,1.0544441390368693,1.0520735944740158,1.0453728105488853
424,1.0544441390368693,1.0524291442019724,1.048126378556335
425,1.0544441390368693,1.0525554976198013,1.045701296457156
426,1.0544441390368693,1.0522386004304989,1.0455901401685355
427,1.0547950885779236,1.0528325112428945,1.0457465488628412
428,1.0547950885779236,1.0531672624339954,1.0494481620131473
429,1.05482458435699,1.0532133372174335,1.0488752253942064
430,1.0550710539858077,1.053254693001115,1.0494299732539423
431,1.0550710539858077,1.0535495057076758,1.0506238280010831
432,1.0550710539858077,1.053873436987407,1.0515821615636627
433,1.0550710539858077,1.054018524069245,1.0516192977818877
434,1.0554089058461766,1.0540490381219607,1.0509914406752052
435,1.0554089058461766,1.0540318881268655,1.0501513339451065
436,1.0554089058461766,1.0540430547658,1.05057547347133
437,1.0554089058461766,1.0537802610046167,1.0515461381499132
438,1.0554089058461766,1.0539412062991167,1.0511081654609504
439,1.0554089058461766,1.0538089881333925,1.0511120015103423
440,1.0555651281133382,1.0538982722623047,1.0497456967673477
441,1.0556464805630459,1.053868594538464,1.0499158348637354
442,1.0557032446654113,1.0538829745855152,1.0436433422858835
443,1.0557032446654113,1.0535932688718623,1.0494045977477908
444,1.0557032446654113,1.053194218562568,1.0483885612130666
445,1.0557032446654113,1.0531645903797926,1.0419976270404494
446,1.0557032446654113,1.0531014623234258,1.0390566413412583
447,1.0557032446654113,1.053303529904114,1.0498380695505158
448,1.0557032446654113,1.0536375161895584,1.0498833233407727
449,1.0557032446654113,1.0542389784985366,1.048591007262468
450,1.0561334900329995,1.0543957486056468,1.0511844296454824
451,1.0561334900329995,1.0543648924747846,1.051946048197364
452,1.0561334900329995,1.054101558253882,1.0511566006133988
453,1.05631744226055,1.054174402544542,1.0487263901659505
454,1.056484852864838,1.0540045444304078,1.0480087176734165
455,1.056484852864838,1.0545107194702084,1.0493060543150055
456,1.056484852864838,1.0548633368744513,1.050731239175207
457,1.0565373617278677,1.0550368160914132,1.0528227595605926
458,1.0566436839565192,1.0550290776598954,1.0508093211793534
459,1.0567360587022505,1.0551144954264973,1.0484392455285616
460,1.0571390868015582,1.0550597454871964,1.0501082191507702
461,1.0571897394297998,1.0551488097987558,1.0479860501894906
462,1.0571897394297998,1.055109035828598,1.0499348088025844
463,1.0571897394297998,1.0551436326613939,1.0491149056566722
464,1.0573255829759778,1.0548417744592096,1.04890617108842
465,1.0573255829759778,1.0551084854126722,1.052077499484723
466,1.0573255829759778,1.0555459203181534,1.0498496899187582
467,1.0573798820591724,1.0556510284448866,1.0519413064647827
468,1.0573798820591724,1.055932013418299,1.0494017455837656
469,1.0573798820591724,1.0560229432169814,1.05183983032043
470,1.0573798820591724,1.055817498364343,1.0517011321823042
471,1.0573798820591724,1.0557982566349529,1.0524045178731036
472,1.0576630484492644,1.0558879081989234,1.051775600194552
473,1.0578586394504357,1.0556957206377136,1.0522961962063995
474,1.0578586394504357,1.0556009258813612,1.0517051603723635
475,1.0578586394504357,1.0555992809248684,1.0526223750185024
476,1.0578586394504357,1.0560205272865102,1.0524937931192389
477,1.0578586394504357,1.056214555208811,1.0534593950663194
478,1.0578586394504357,1.0562714180019794,1.0536650842057163
479,1.057860779010733,1.0564152946937586,1.0526247395980692
480,1.057860779010733,1.056506404500648,1.0541086737518617
481,1.0582014512465063,1.0567930522836797,1.0543410561837434
482,1.0582014512465063,1.05716497828778,1.0528374048764793
483,1.0582014512465063,1.057074847329924,1.0521870879992263
484,1.0582014512465063,1.0571819305966454,1.0537601535901056
485,1.058334526407827,1.0570752325287605,1.054540161488375
486,1.058334526407827,1.0566599060460975,1.0513255871307763
487,1.058334526407827,1.0567612918198368,1.052415128576383
488,1.058334526407827,1.0566190635658936,1.0493771029600123
489,1.0583361400302407,1.056780878829352,1.0543168595518833
490,1.058415986814238,1.0569636439374297,1.052888922327457
491,1.058415986814238,1.0568851064616531,1.0548648270037884
492,1.058415986814238,1.0568981398024508,1.0519200203958405
493,1.0584345988597512,1.0567607096576923,1.0492833418836147
494,1.0584345988597512,1.0568779550763754,1.0526932697906326
495,1.0584345988597512,1.0564235797142854,1.0528835303434723
496,1.0584345988597512,1.0568805711945497,1.0539265271190668
497,1.0584345988597512,1.0569064530344499,1.054954688538556
498,1.0584345988597512,1.0570985727209559,1.0537208981228399
499,1.0587187790354804,1.056933508063603,1.0506401645344507
500,1.0587187790354804,1.056812719864483,1.0509874660102763
501,1.0587187790354804,1.056849183191369,1.0540356046017643
502,1.0587187790354804,1.0566232387134256,1.049091411340557
503,1.0587187790354804,1.056228613194487,1.047770083964757
504,1.0587187790354804,1.0560365352380585,1.0475000228383486
505,1.0587187790354804,1.056689796448974,1.0478857574481721
506,1.0587187790354804,1.0567867400351547,1.0493010462439112
507,1.0587187790354804,1.0571817565266317,1.0509404324642135
508,1.0587187790354804,1.0575937513541551,1.0550149879602597
509,1.0587187790354804,1.057689566277074,1.0556060201492403
510,1.0587187790354804,1.0578615652876777,1.053903646169671
511,1.0587653805028687,1.0580017142762892,1.054258418883719
512,1.0587653805028687,1.0580036936000645,1.0554899466034644
513,1.0589891893916863,1.0579870784271441,1.0493985941766133
514,1.0589891893916863,1.0580338345888836,1.056112222599301
515,1.0589891893916863,1.0580935202033521,1.0551389497853232
516,1.0590585317579109,1.0579447012893561,1.0540253533623423
517,1.0590585317579109,1.0578363871047833,1.0548759387317843
518,1.0590585317579109,1.0577870323157452,1.0548711568210094
519,1.0590585317579109,1.0576422848476752,1.0519390818590937
520,1.0590585317579109,1.0577514270456883,1.0550135402857836
521,1.059341915199324,1.0575875419455278,1.0440673312885038
522,1.059341915199324,1.0576969782077583,1.0532734189446344
523,1.059341915199324,1.0578155714649307,1.0538302611355221
524,1.0594105745537745,1.057880964957057,1.0557596948555155
525,1.0594105745537745,1.0580020483072727,1.0550499184291737
526,1.0594105745537745,1.057923398950456,1.0556565658817867
527,1.0594105745537745,1.0580169294427038,1.0551286042831185
528,1.0594105745537745,1.0580193599291463,1.0549251060141138
529,1.0594105745537745,1.0580417523119205,1.055838489473887
530,1.0594105745537745,1.0582295388256,1.0544190100753519
531,1.0594105745537745,1.0578781301422524,1.0524061557391877
532,1.0594105745537745,1.0577896175076769,1.054905464062824
533,1.0594105745537745,1.0579758845417353,1.0548402264238632
534,1.0594105745537745,1.0578210119522662,1.0555024760861125
535,1.0597638351787342,1.0579118179292941,1.0538315479093878
536,1.0597638351787342,1.0578118771055385,1.0523283080208465
537,1.0597638351787342,1.0582253281719962,1.053399250721168
538,1.0597638351787342,1.0581240212572434,1.0536620722605345
539,1.0597638351787342,1.0581328416356728,1.0551277657472344
540,1.0597638351787342,1.0584203418517073,1.0548166864627944
541,1.059857979360436,1.0585503908874774,1.056082875019062
542,1.059900817932936,1.0585169336977378,1.0551930684684074
543,1.059900817932936,1.0585424215675472,1.0551796709048635
544,1.0602327252248833,1.0588569573421547,1.0556493464942411
545,1.0602327252248833,1.0590510022761959,1.055258350673542
546,1.0602327252248833,1.0590249612930625,1.0560425510849292
547,1.0602327252248833,1.0587057313462402,1.0503424875205534
548,1.060321144298806,1.0584520815861362,1.0505460812580147
549,1.060321144298806,1.0583985283213824,1.056028261174573
550,1.060321144298806,1.058554972763944,1.054557619067113
551,1.060321144298806,1.05851934073193,1.0560087982106734
552,1.060654950546234,1.0586744753203363,1.0567443661569125
553,1.060654950546234,1.0591578192360789,1.0561606377941848
554,1.060654950546234,1.0589290953480173,1.0489885975788806
555,1.060654950546234,1.0589795334994023,1.0458105906164104
556,1.060654950546234,1.0591442478556674,1.0563740063611176
557,1.060654950546234,1.0591847986553398,1.055049593746857
558,1.060654950546234,1.0590579745516993,1.0550589910691395
559,1.060660573185721,1.0593057563975783,1.0544205971812537
560,1.060660573185721,1.0592389482187967,1.0546290880283682
561,1.060660573185721,1.058555954246717,1.0502148043813364
562,1.060660573185721,1.0590426744923094,1.0539302661251142
563,1.060660573185721,1.0588251170413914,1.052409409670147
564,1.060660573185721,1.0590665265853039,1.0559987020464623
565,1.060660573185721,1.059209840855438,1.0543227364362617
566,1.0609149506215485,1.0591965182648624,1.055870231261565
567,1.0609149506215485,1.0595175106427994,1.0568997093028247
568,1.0612992468254392,1.0596381796360785,1.0575505971819519
569,1.0612992468254392,1.0595531064153472,1.056769836572041
570,1.0612992468254392,1.0597446409620555,1.0564270188868015
571,1.0612992468254392,1.0598182192872967,1.0569078134466312
572,1.0612992468254392,1.060113264403345,1.0576914801955608
573,1.0612992468254392,1.059833027106542,1.0566948908861264
574,1.0612992468254392,1.0598937582797485,1.0575762303613234
575,1.0612992468254392,1.0603310478303092,1.0568088719071722
576,1.0612992468254392,1.0603682676571422,1.0568086907933303
577,1.0612992468254392,1.0601208555497852,1.0511110856612556
578,1.0613801200477946,1.0600978901827809,1.0572951714675372
579,1.0613801200477946,1.0598540249497956,1.0540386388334673
580,1.0613801200477946,1.0597179716639444,1.0559315234126128
581,1.0613801200477946,1.060303354838433,1.057608456518751
582,1.0613801200477946,1.060324990060339,1.0574465714482282
583,1.0614455687601625,1.0605965821270313,1.056195076918117
584,1.0616762545769247,1.0605954594385336,1.0582408641475858
585,1.0616762545769247,1.0605690422212193,1.0575791819481695
586,1.0616762545769247,1.0603633258560634,1.0578069025533687
587,1.0616762545769247,1.0602271063512771,1.0550897831206094
588,1.0616762545769247,1.0603507088827018,1.0565408121439197
589,1.0619926371863873,1.0603077109279007,1.0578038385513429
590,1.0619926371863873,1.060316566163887,1.0556506452557097
591,1.0619926371863873,1.0605161084867953,1.0550196357684234
592,1.0619926371863873,1.0604999982978929,1.057166907411403
593,1.0620633003674413,1.060567571458341,1.056391595225337
594,1.0623417840950302,1.0606394507619528,1.0564140958430988
595,1.0624527871048837,1.0606108393725668,1.0558770514774505
596,1.0624527871048837,1.0606324367297377,1.0567047950932085
597,1.0624527871048837,1.0607594663921658,1.0566338713386736
598,1.062807674774845,1.061019647962263,1.058090896269896
599,1.062807674774845,1.060881832180052,1.057061632367326
600,1.062807674774845,1.0607808440885864,1.0579055475394599
601,1.062807674774845,1.0605267897731945,1.0563878832701388
602,1.062807674774845,1.0604238942279365,1.0575668405838283
603,1.062807674774845,1.060551602876375,1.0553879349681963
604,1.062807674774845,1.0606483497117947,1.0564503016524909
605,1.062807674774845,1.060370938985432,1.0561407159917777
606,1.062807674774845,1.0604450630925109,1.050206930805639
607,1.0631624389859597,1.060677178516135,1.0551480278232064
608,1.0631624389859597,1.0606423606225512,1.0557652480997533
609,1.0631624389859597,1.0608809823180567,1.0534492734677277
610,1.063433784015964,1.0607816296909574,1.0570405733080572
611,1.063433784015964,1.0610589163003155,1.0587587870050168
612,1.063433784015964,1.0614433004498944,1.0550829311815295
613,1.063433784015964,1.0614138135136342,1.0587626819471767
614,1.0634430375329447,1.0612841328886988,1.0544797464724152
615,1.0634430375329447,1.0617228854897518,1.0490768225786504
616,1.0634430375329447,1.0618560838975803,1.0574904858475902
617,1.0634430375329447,1.0615299207167974,1.0573624398566157
618,1.0635157438860412,1.061737556132238,1.059947758346404
619,1.0635157438860412,1.06177067466164,1.0567657669089843
620,1.0635157438860412,1.0615943433950366,1.0563826846923
621,1.0635157438860412,1.0614948929615142,1.057877488112441
622,1.0635157438860412,1.061675875372851,1.0557047806629427
623,1.0635157438860412,1.0615304697476875,1.0540274927428515
624,1.0635157438860412,1.0616193301437897,1.058259561997062
625,1.0635157438860412,1.0617746166680018,1.0576345886676153
626,1.0635157438860412,1.061935855589252,1.0595606278580187
627,1.0635157438860412,1.062103725927962,1.0571613577631878
628,1.0635157438860412,1.0621216943005587,1.0520955927078979
629,1.0635157438860412,1.062336750440986,1.059041270150217
630,1.063706159719546,1.062616968913613,1.0598987068548142
631,1.063706159719546,1.0626105322945376,1.0599007236093467
632,1.063706159719546,1.0625238380672026,1.0600861888637185
633,1.063801889438589,1.062487151938847,1.0589181076942393
634,1.0638239276177277,1.0623448484584792,1.0580016982951856
635,1.0638239276177277,1.0621579324808637,1.054405011283529
636,1.0639847353172038,1.0624019800747373,1.0603154350062387
637,1.0639847353172038,1.0628044502605578,1.0605212986060333
638,1.064378042160436,1.0625720384490223,1.060449766608348
639,1.064378042160436,1.0625591341456697,1.0600013389146508
640,1.064378042160436,1.062731752880463,1.060064374525361
641,1.064662039122961,1.0628424275721229,1.0590745478169794
642,1.064662039122961,1.0627466924433844,1.059304692596439
643,1.064662039122961,1.0627557739973452,1.056137006296209
644,1.064662039122961,1.0627234161173416,1.0597643894607631
645,1.064662039122961,1.0625097197125957,1.0566701088766044
646,1.0647317411105643,1.0624147230971956,1.0571185881082013
647,1.0647317411105643,1.0619167858200442,1.0547264419269378
648,1.0651006264342477,1.0616007440441517,1.0551098229949416
649,1.0651006264342477,1.0624102440849592,1.0497300953200794
650,1.0651006264342477,1.0623113175554793,1.052835740636215
651,1.0651006264342477,1.062712177193335,1.056385228078248
652,1.0651006264342477,1.062853251193148,1.0591355855876448
653,1.0651006264342477,1.062762678498786,1.059282007694108
654,1.0651006264342477,1.0628925353347645,1.0564994095327993
655,1.0651006264342477,1.0630936891732516,1.0586843283950185
656,1.0651522134938736,1.0635536768633091,1.0595416237686208
657,1.0651522134938736,1.0638461631418725,1.0602665551255912
658,1.0655768700122852,1.0641242422184787,1.0621685599219592
659,1.0655768700122852,1.0636640264260886,1.058277197357006
660,1.0656662918275472,1.06331523993084,1.0578023154840661
661,1.0656662918275472,1.0633513774300332,1.0591471377960846
662,1.0656662918275472,1.0631332566785998,1.0582112754872433
663,1.0656662918275472,1.0634854524843083,1.0598632260763576
664,1.0656662918275472,1.0634328547606737,1.0584071897006702
665,1.0656662918275472,1.0637508281403536,1.0613319512071653
666,1.0659798766757536,1.06399687101746,1.0601348070803767
667,1.0659798766757536,1.0641786030098457,1.0617078470192456
668,1.066412479518926,1.064331578417309,1.059874383968063
669,1.066412479518926,1.0641979114825861,1.0602105660043764
670,1.066412479518926,1.0642041667207354,1.0578603308073962
671,1.066412479518926,1.0641699458911067,1.060678086179235
672,1.066412479518926,1.0645714148859882,1.060985336737734
673,1.066412479518926,1.064465933818875,1.0583463168590113
674,1.066412479518926,1.0643224933572197,1.056035972082714
675,1.066412479518926,1.0638747564472313,1.0600011277622396
676,1.066412479518926,1.0643990654545277,1.059406738275364
677,1.066412479518926,1.0645733967145607,1.0611730387942977
678,1.066412479518926,1.0645440128619175,1.0614507661394752
679,1.066412479518926,1.0642721696614899,1.057270567113627
680,1.066412479518926,1.0642211615959147,1.0583773069061178
681,1.066412479518926,1.0641104821281722,1.050762018021882
682,1.066412479518926,1.0640901751920542,1.0575089655380916
683,1.066412479518926,1.06402334815225,1.0569875435797447
684,1.066412479518926,1.0641858971319944,1.0607834524279456
685,1.0666394429906998,1.064258090887267,1.0613120842404276
686,1.0666394429906998,1.0644194695056313,1.0610255992682265
687,1.0667245502699458,1.0644176015945772,1.0601776864776462
688,1.0670596872572697,1.064457304491222,1.0599066710970302
689,1.0670596872572697,1.0647951026115376,1.0591852301694642
690,1.0670596872572697,1.0649753049470023,1.060867646568687
691,1.0670596872572697,1.0650395912009174,1.0616941780742386
692,1.0670596872572697,1.0651333889969044,1.0623960260180114
693,1.067129321931637,1.0651536096499885,1.0608789080191654
694,1.067129321931637,1.065546391936194,1.0623393006696054
695,1.067129321931637,1.0657714496926882,1.0616086272350735
696,1.067129321931637,1.0659305816453328,1.0640213077780434
697,1.0674861120904784,1.0661796325213448,1.0639182393928623
698,1.0674861120904784,1.0661202825723637,1.0630134260569721
699,1.0674861120904784,1.0661790670990074,1.062525997296555
700,1.068018250077842,1.0663002101657457,1.06314530760398
701,1.068018250077842,1.066471148624519,1.0640086272501859
702,1.068018250077842,1.0662407183716855,1.061823108385723
703,1.068018250077842,1.0663280828596458,1.0625258349457125
704,1.068018250077842,1.0665063468190068,1.0620089078015766
705,1.068018250077842,1.0666660301784767,1.0610425663008427
706,1.068018250077842,1.0665095876052697,1.0612944140180125
707,1.068018250077842,1.0662316472309834,1.0394920235694622
708,1.068018250077842,1.066660515265977,1.0623552799318434
709,1.068018250077842,1.0665525737097632,1.0617201461443537
710,1.068018250077842,1.0660888953514371,1.0608495645500016
711,1.0680207752041917,1.065971064950757,1.0611491866408578
712,1.0680207752041917,1.0662929312052218,1.0636010692945796
713,1.068150557611641,1.0665204282859575,1.0628634339228973
714,1.068150557611641,1.0664657212367976,1.062654560670258
715,1.068150557611641,1.066550617416501,1.062434902932032
716,1.0684642420495059,1.0664519891893058,1.061835502728611
717,1.0684642420495059,1.0662836212593911,1.061550939782949
718,1.0684642420495059,1.0667749139238163,1.063159941257166
719,1.0684642420495059,1.0666107719256148,1.0632857795235158
720,1.0686093479919148,1.0664703989053388,1.0638545661642043
721,1.0686093479919148,1.0666945231897058,1.0627800215953724
722,1.0686093479919148,1.066523232198775,1.0619598343816892
723,1.0686093479919148,1.066656621590374,1.0625912258808832
724,1.0686093479919148,1.0661488561663612,1.0594066018054857
725,1.0686093479919148,1.0661808608191514,1.0600205305462427
726,1.0686093479919148,1.0660268041882273,1.0588677615449615
727,1.0687632309257835,1.0663668632221173,1.0591307306088555
728,1.0687632309257835,1.0662198681407615,1.0604350793871151
729,1.0687632309257835,1.0662516092743994,1.0610245702522703
730,1.0687632309257835,1.0662496865011024,1.057161625258558
731,1.0687632309257835,1.066589239112325,1.0601495131951533
732,1.0687632309257835,1.0665877235671173,1.063083526162369
733,1.0687632309257835,1.0666111095868052,1.059605917583343
734,1.0687632309257835,1.0667628716754598,1.0599523569826412
735,1.0687632309257835,1.0663258541224565,1.0573237619635982
736,1.0688415878925523,1.0664666779150718,1.061207554928901
737,1.0688415878925523,1.066891245761216,1.0553382430517932
738,1.0688415878925523,1.0669383064251297,1.0551636011492591
739,1.0690442583601851,1.0668589778650048,1.0591942667073515
740,1.0690442583601851,1.0671463848644793,1.0625165176029152
741,1.0690442583601851,1.0674159678458406,1.0650612196476918
742,1.0690442583601851,1.067562573497801,1.0626310837627546
743,1.0691297532146504,1.067679156854057,1.0633970141265454
744,1.0691297532146504,1.06763699622035,1.0621844038471961
745,1.0691297532146504,1.0674583855702184,1.0622339440053672
746,1.0691297532146504,1.0677118920512154,1.0598266122904292
747,1.0694483613828205,1.0674097179102173,1.0556355909486688
748,1.0694483613828205,1.0672620387434013,1.0621403413008115
749,1.0694483613828205,1.0672074620146794,1.0619232056615426
750,1.0694483613828205,1.0669635316344257,1.0590300542854778
751,1.0694483613828205,1.0674154732435346,1.063119921289676
752,1.0694483613828205,1.067587133268596,1.065097092185081
753,1.0694483613828205,1.0680721084512392,1.0653547828599657
754,1.0694483613828205,1.0685028108315446,1.0655238459386605
755,1.0694483613828205,1.0682866457597533,1.0632326193084403
756,1.0694483613828205,1.068376648928044,1.0666492996919588
757,1.0694483613828205,1.0685958207057338,1.0663628764108048
758,1.0694483613828205,1.068451247374262,1.0651735378720693
759,1.0694483613828205,1.0684746459777812,1.064800294917684
760,1.0694483613828205,1.068371860624671,1.0641532238457447
761,1.0694483613828205,1.0679025519954013,1.0567486621233577
762,1.0697259976826923,1.0681543965290894,1.0632745401058274
763,1.0697259976826923,1.068218639211038,1.0661362530708025
764,1.0697259976826923,1.0681690967461632,1.0626552259383377
765,1.0701283094884633,1.068161153480337,1.064759322006902
766,1.0701283094884633,1.0683036942816218,1.0640352694136548
767,1.0701283094884633,1.0679627963559113,1.0643212485219435
768,1.0701283094884633,1.0678744325200789,1.0605008262807945
769,1.0701283094884633,1.0677427803470776,1.0620107131927512
770,1.0701283094884633,1.0673699264973482,1.0557286327783733
771,1.0702755893097637,1.0673588418465225,1.057096905692055
772,1.0702755893097637,1.0672570104370505,1.0541519740836955
773,1.0706188027155177,1.0674744593472134,1.0591825912017123
774,1.0706188027155177,1.0674596669333491,1.0518072456881213
775,1.0706188027155177,1.0672359585305957,1.0618615276166652
776,1.0706188027155177,1.0682368530397732,1.0632796833585152
777,1.0706188027155177,1.0680923631152701,1.0650390648351
778,1.0706188027155177,1.0682571070015532,1.062387673694354
779,1.0706188027155177,1.0684731760837538,1.0655048368643492
780,1.0706188027155177,1.0688758949886425,1.066459788872917
781,1.0706188027155177,1.0688699621595428,1.0649664482353032
782,1.0706188027155177,1.0689356689238827,1.065633515471096
783,1.0706188027155177,1.0690299819697022,1.0661282087752486
784,1.0709673047433983,1.0690637673158023,1.0650231787466948
785,1.0709673047433983,1.0689535890179114,1.0657551677505
786,1.0709673047433983,1.068390194890512,1.0609493384200952
787,1.0709673047433983,1.068227156033923,1.059965602184001
788,1.0709673047433983,1.0687267111975902,1.0649444061896394
789,1.0709673047433983,1.0687866005321198,1.0620131782467137
790,1.0709673047433983,1.0690155998060131,1.065951299129428
791,1.0709673047433983,1.0691890623834157,1.0653961499268705
792,1.071374716327047,1.0691323045606405,1.063513939544063
793,1.071374716327047,1.0690769660474506,1.0641108578708018
794,1.071374716327047,1.0691573051064571,1.0638957081552407
795,1.071374716327047,1.0691802556983925,1.0657055570327851
796,1.071374716327047,1.069285662353527,1.0588980768407996
797,1.071374716327047,1.0690917744422561,1.0667644950894541
798,1.071374716327047,1.0693210791871357,1.0656441234761507
799,1.071374716327047,1.0693422205104925,1.0656173490564935
800,1.071374716327047,1.0697010211852667,1.0664370017258
801,1.071374716327047,1.0698355808220181,1.067154360614317
802,1.071374716327047,1.07000912859774,1.0676251664471124
803,1.071374716327047,1.0700897506189038,1.0672846796308206
804,1.071374716327047,1.0700951441961715,1.0647992394547918
805,1.0714188720711846,1.0701897103798297,1.0670907022101432
806,1.0714188720711846,1.0699129100534588,1.0629072802664215
807,1.0717699942963876,1.0699977162428633,1.066817385031999
808,1.0717699942963876,1.0700047783413447,1.0652694643334653
809,1.0717699942963876,1.0700580809374056,1.0680473245529034
810,1.0717699942963876,1.0701377229943818,1.0678809673855763
811,1.0717699942963876,1.0703050997478059,1.0672472876154497
812,1.0717699942963876,1.07051455228188,1.066236703904306
813,1.0718174088051073,1.0702018915396427,1.0666674362896136
814,1.0718174088051073,1.0700847197907941,1.0655930123913369
815,1.07213832134339,1.069943325955386,1.0609508726807695
816,1.07213832134339,1.0698423286730503,1.0627564256209268
817,1.07213832134339,1.0696737286636484,1.0639306237011263
818,1.0721817633120776,1.0698986463637326,1.0634768920632274
819,1.0721817633120776,1.0697581344191736,1.0634141195062439
820,1.0721817633120776,1.0702886986619389,1.0620423023429362
821,1.0721817633120776,1.0703969789515397,1.0661698089497025
822,1.0721817633120776,1.0709673392528867,1.066746673572585
823,1.0722860504050786,1.0711747162696454,1.0691801519638586
824,1.0729601597205947,1.071358757852795,1.0684398021185002
825,1.0729601597205947,1.0711846404622611,1.0675026323908017
826,1.0729601597205947,1.0707086366068101,1.064662615432844
827,1.0729601597205947,1.0702624806190049,1.0631018471205633
828,1.0729601597205947,1.0706471477455595,1.0660224902848152
829,1.0729601597205947,1.0714796765744787,1.0678880899157726
830,1.0729601597205947,1.0716296768921085,1.0674291920765042
831,1.0729601597205947,1.0716859812214181,1.0669993857054023
832,1.0729601597205947,1.0713354471614698,1.0674095766353666
833,1.073513998063893,1.071038180954343,1.0640426807371077
834,1.073513998063893,1.0709558876734722,1.0647273595022462
835,1.073513998063893,1.071177002489814,1.0663202541793253
836,1.073513998063893,1.070760904703377,1.0606984099258328
837,1.073513998063893,1.0707967402037233,1.0659909182128307
838,1.0736532441512021,1.0711664833975982,1.0674323562230241
839,1.0736532441512021,1.0714250784200825,1.066693789612406
840,1.0736532441512021,1.0716811079285866,1.0683157073754972
841,1.0736532441512021,1.0715550274835655,1.0671054740938917
842,1.0736532441512021,1.07177887302363,1.0642552070308162
843,1.0736959643346844,1.0720376362892154,1.0681973628961534
844,1.0736959643346844,1.0721226292364607,1.0690580404464318
845,1.0736959643346844,1.0719268063391447,1.0668299674721944
846,1.0736959643346844,1.072214360348373,1.0690473851332234
847,1.0736959643346844,1.0720527363857697,1.069047875387121
848,1.0736959643346844,1.072201670333027,1.067750658904771
849,1.0736959643346844,1.072376873366421,1.0697635548927855
850,1.0736959643346844,1.072529122792671,1.0705077504948213
851,1.0736959643346844,1.0722299408871288,1.0685676665215165
852,1.0736959643346844,1.072280860084857,1.069298288919546
853,1.0736959643346844,1.0721473512608783,1.0689726776078272
854,1.0736959643346844,1.0723102461197445,1.0674280582161515
855,1.0736959643346844,1.0722180940415376,1.0699318841724934
856,1.0736959643346844,1.0725068495705599,1.069342453881199
857,1.0737287713535761,1.0723431665131704,1.067775450143783
858,1.0737287713535761,1.072276756988938,1.068622147412781
859,1.0737287713535761,1.072624877869697,1.0701161515366202
860,1.0737287713535761,1.0725883343096287,1.068114892375772
861,1.0737287713535761,1.0721889182970432,1.0676793607502912
862,1.0742799133173024,1.0721561786104876,1.0657386554962616
863,1.0742799133173024,1.0723279876901235,1.0681408798377443
864,1.0742799133173024,1.0723415876304407,1.0684650685732888
865,1.0742799133173024,1.072111353309128,1.058741452858969
866,1.0742799133173024,1.0720128439720646,1.0622753715189226
867,1.0742799133173024,1.0722084451267204,1.0636933248499176
868,1.0742799133173024,1.0722730053168932,1.0667476097386355
869,1.0742799133173024,1.0724847530084418,1.0686430542949683
870,1.0744017614895964,1.0723910855800016,1.0638882206025568
871,1.0744017614895964,1.0720737318027687,1.0610351786475396
872,1.0744017614895964,1.0719315049449494,1.0630227314735645
873,1.0744017614895964,1.072257473496297,1.067615028425309
874,1.0746912986395127,1.0727828245627409,1.0690456823315826
875,1.0746912986395127,1.0726081533515113,1.0691679576560988
876,1.0746912986395127,1.0722658170700252,1.066607974217281
877,1.0746912986395127,1.0721557859739976,1.0634289407482478
878,1.0746912986395127,1.0721342806168317,1.0682349637215647
879,1.0746912986395127,1.0723320187755312,1.0695268913184643
880,1.0746912986395127,1.0727697296908083,1.0700771533153477
881,1.0746912986395127,1.0727292309448415,1.0663389248493833
882,1.0747585621763043,1.0726292737774128,1.0646574396229123
883,1.074814268387268,1.07328186472248,1.0663689276048274
884,1.074814268387268,1.0732646333847753,1.0705699464434764
885,1.074814268387268,1.0730950618158905,1.0667995207930323
886,1.074814268387268,1.0729244807260465,1.068979929732817
887,1.074814268387268,1.0729013233869076,1.0665863398927846
888,1.074814268387268,1.073109913736273,1.068723448536951
889,1.074814268387268,1.0733451289494662,1.0679734679767572
890,1.0748937496878148,1.073494502532534,1.0694692524597829
891,1.0748937496878148,1.0733997603541077,1.0711040300469286
892,1.0748937496878148,1.0734811688225339,1.0648119060459527
893,1.0748937496878148,1.073367619474797,1.0702241841850593
894,1.075746616794345,1.073257998734516,1.067526900905095
895,1.075746616794345,1.0730470706294566,1.0670652439382367
896,1.075746616794345,1.0730516525136076,1.0693268364205653
897,1.075746616794345,1.0733272834683327,1.0705322007740758
898,1.075746616794345,1.0734810533390327,1.0685267404151313
899,1.075746616794345,1.0734757777513968,1.0675500067479202
900,1.075746616794345,1.073109381026748,1.0647323541812046
901,1.075746616794345,1.0732326827276646,1.067776260145766
902,1.075746616794345,1.0727868257072166,1.0671294896352177
903,1.075746616794345,1.0724005185588443,1.0652854485093213
904,1.0765638016002508,1.072150747313468,1.064357342098302
905,1.0765638016002508,1.07209873741815,1.0628976779456585
906,1.0765638016002508,1.07240344214063,1.0551128636347105
907,1.0765638016002508,1.073478815100639,1.0631274346636264
908,1.0765638016002508,1.0730497369309824,1.0440100799275371
909,1.0765638016002508,1.0736573399676383,1.0688281007483356
910,1.0765638016002508,1.0739672692991515,1.0709135106910086
911,1.0766742615239175,1.0740217728357149,1.070382352270185
912,1.0766742615239175,1.0741067367965391,1.0634241712107113
913,1.0766742615239175,1.0740191785947564,1.0687713840555357
914,1.0766742615239175,1.0741836299109788,1.0680441568131374
915,1.0766742615239175,1.074587826318637,1.0703480347997048
916,1.0771550395436824,1.0744339102436435,1.0694001595505074
917,1.0771550395436824,1.0743432919741336,1.0648880633278834
918,1.0771550395436824,1.0744873928191458,1.07107156567895
919,1.0771550395436824,1.0744941444796048,1.0679882355543495
920,1.0771550395436824,1.0742842498284253,1.0579313859656825
921,1.0771550395436824,1.0741836049407225,1.0616291835336167
922,1.0771550395436824,1.0734903698604668,1.0670187739081405
923,1.0771550395436824,1.073881671801539,1.0687510909824525
924,1.0771550395436824,1.073925891622596,1.0673236885318373
925,1.0771550395436824,1.0736617790733092,1.0675522328940175
926,1.0771550395436824,1.0734912665505483,1.0613954721999364
927,1.0771550395436824,1.0731875579479115,1.065351573119948
928,1.0771550395436824,1.0732847722379157,1.0661265573634466
929,1.0771550395436824,1.0740444972500982,1.0692579665777742
930,1.0771550395436824,1.07418401077333,1.0693622414570578
931,1.0772777389612729,1.0740899561095263,1.0703289016410589
932,1.0772777389612729,1.0745779917144738,1.070563135948127
933,1.0772777389612729,1.0746117920749714,1.0687140871144063
934,1.0772777389612729,1.0749480085765155,1.0698750110042887
935,1.0772777389612729,1.0750800606399558,1.067233923351107
936,1.0772777389612729,1.0748377552682853,1.0653010592720347
937,1.0772777389612729,1.0749536538231463,1.0681527196220157
938,1.0772777389612729,1.0750063988392824,1.0703247621810377
939,1.0772777389612729,1.0752836198467368,1.0700753272760375
940,1.0772777389612729,1.0756275159855313,1.070347019603573
941,1.0772777389612729,1.0755017139380534,1.0697957770486721
942,1.0772777389612729,1.0752984235462848,1.0699331729857664
943,1.0772777389612729,1.0749447110021328,1.0701471814969312
944,1.0772777389612729,1.0751350226534546,1.0686237874732645
945,1.0772777389612729,1.075422983368622,1.0696998736449432
946,1.0772777389612729,1.0753800776784508,1.0590218372058657
947,1.0772777389612729,1.0754725397604736,1.069454149496335
948,1.0772777389612729,1.0752707922741453,1.0696421995254688
949,1.0772777389612729,1.0754554711002298,1.0692637860548193
950,1.0772787117834728,1.0753970301677314,1.0499571957524458
951,1.0772787117834728,1.0752705931844153,1.0657743515780644
952,1.0772787117834728,1.075178025525548,1.0703466993273025
953,1.0772787117834728,1.0747473184683567,1.0688880482817558
954,1.077308762975706,1.0749015992665625,1.0623532933890032
955,1.077308762975706,1.0745281753603628,1.0632370948477652
956,1.077308762975706,1.0746984979414256,1.0684247518195424
957,1.077308762975706,1.0747166297629753,1.0706763067367677
958,1.077308762975706,1.0752286337171881,1.0636690215073425
959,1.077308762975706,1.0753321843113854,1.0680425073069166
960,1.077308762975706,1.0749761279210437,1.0689889712160574
961,1.077308762975706,1.0747831514570176,1.068302003974021
962,1.077308762975706,1.074716708643736,1.0686067173922513
963,1.0776499096793257,1.0746237907615395,1.0699649124416153
964,1.0776499096793257,1.0751298706583132,1.0674021775998965
965,1.0776499096793257,1.0752687858591654,1.072006854771956
966,1.0776499096793257,1.0755623017122784,1.070722316172222
967,1.078041975697107,1.0756639567611224,1.071225273798515
968,1.078041975697107,1.0759195244150161,1.0717078563722149
969,1.078041975697107,1.0762777161441235,1.0723566270887148
970,1.078041975697107,1.0758215863778628,1.0656822151668088
971,1.078041975697107,1.0760940439966467,1.0690349617654915
972,1.078041975697107,1.0762244739645346,1.0716703979394984
973,1.078041975697107,1.0762605914141394,1.0706308846032828
974,1.078041975697107,1.076057102784729,1.0714254171704622
975,1.078041975697107,1.0759317473435537,1.0711457087698384
976,1.078041975697107,1.076184451798537,1.0659699660921562
977,1.078041975697107,1.0764569668785646,1.069655747853604
978,1.078041975697107,1.0766903915484094,1.0729882412546172
979,1.078041975697107,1.0766491144803856,1.0733133813259783
980,1.078041975697107,1.0763313582306955,1.0711886391214853
981,1.078041975697107,1.0757597151063023,1.0608444648540556
982,1.078041975697107,1.0759535145919799,1.0692740666627985
983,1.078041975697107,1.0757144020701321,1.0687913201202215
984,1.078041975697107,1.0757092946377904,1.069639565651472
985,1.0783217626246373,1.0759932949942081,1.0725483545098449
986,1.0783217626246373,1.0759664127126356,1.0723486929875845
987,1.0783217626246373,1.0757440484216425,1.0705887209524123
988,1.0783321116637994,1.0757629552018175,1.0696808350277704
989,1.0786348843942015,1.0755213378280397,1.0697023121073999
990,1.0786348843942015,1.075406171308091,1.0717096579260599
991,1.0786348843942015,1.0760156670376455,1.0718782318413351
992,1.0786348843942015,1.075969633491716,1.0690672836852664
993,1.079250968933978,1.0759257006723675,1.0711735124829325
994,1.079250968933978,1.0755743957536914,1.0687960343430922
995,1.079250968933978,1.0753538840128425,1.0713776289495174
996,1.079250968933978,1.075760350671316,1.0696735338182624
997,1.079250968933978,1.0758157892195603,1.0665545373757572
998,1.079250968933978,1.0759191129436967,1.0647878246573277
999,1.079250968933978,1.0762681729253005,1.0704142897404687
1000,1.079250968933978,1.076861756235624,1.0663647218187202
1001,1.079250968933978,1.0770150677194557,1.0717277612170153
1002,1.079250968933978,1.0768173328048727,1.0688020072067024
1003,1.079250968933978,1.0768484440059864,1.0713191419534231
1004,1.079250968933978,1.0773641384473904,1.0699683981295947
1005,1.079250968933978,1.0774574835803674,1.0737478108838978
1006,1.079250968933978,1.0774991606895155,1.0735642418623508
1007,1.079250968933978,1.077693945768317,1.0746558797288492
1008,1.079250968933978,1.077321419170674,1.073590560035828
1009,1.079250968933978,1.0771582730702582,1.069528973806897
1010,1.079250968933978,1.0769533135604972,1.0655474658357627
1011,1.079250968933978,1.0766377956370337,1.0706939923132461
1012,1.079250968933978,1.0765706256547238,1.0668961442754528
1013,1.079250968933978,1.076743413155165,1.0673088550193088
1014,1.079250968933978,1.0769959747010358,1.070731324282932
1015,1.079250968933978,1.0770611825412764,1.0681440795079156
1016,1.079250968933978,1.0772358298346125,1.0716617591281823
1017,1.079250968933978,1.0770893534286896,1.0675207167372016
1018,1.079250968933978,1.0773890638661232,1.0725067816474718
1019,1.079250968933978,1.0772956290947884,1.069966184978166
1020,1.079250968933978,1.0773546103554537,1.0720498563997927
1021,1.079250968933978,1.0771368608281087,1.0733429137824184
1022,1.079250968933978,1.0771747708084576,1.0724612140150724
1023,1.079250968933978,1.0769362760077572,1.073691383116326
1024,1.079250968933978,1.0772138399528763,1.0740657033243415
1025,1.079250968933978,1.0770653206369034,1.069249552694739
1026,1.079250968933978,1.0768069351734535,1.0708525065208792
1027,1.079250968933978,1.0756359208804198,1.0562429967694995
1028,1.079250968933978,1.0757304665108864,1.0649271840484626
1029,1.079250968933978,1.0752502997259366,1.0673538735738388
1030,1.079250968933978,1.0757377114702762,1.0711707297972857
1031,1.079250968933978,1.0767005399260439,1.0721644055247608
1032,1.0792695382054358,1.0768916002876763,1.0728730253636072
1033,1.0792695382054358,1.0770321439806982,1.0711411243198872
1034,1.0792695382054358,1.076922792406455,1.0720937775179433
1035,1.0792695382054358,1.0763216824198323,1.0665965329190832
1036,1.0792695382054358,1.0768646844621985,1.070652232813364
1037,1.0793826458233498,1.077088238986077,1.0726204857698487
1038,1.0793826458233498,1.077170613801441,1.070974718445655
1039,1.0793826458233498,1.0770555752732747,1.0683658538122007
1040,1.0797912286511016,1.0769523583855944,1.0681658897920423
1041,1.0797912286511016,1.077535471591427,1.0727898467998445
1042,1.0797912286511016,1.0773084247978286,1.0691047715410331
1043,1.0797912286511016,1.077706996137426,1.073015728581142
1044,1.0797912286511016,1.0774500323503668,1.0738143957907118
1045,1.0797912286511016,1.078096802530754,1.0731896206721618
1046,1.0797912286511016,1.0782095452826672,1.0729586449687227
1047,1.0797912286511016,1.0780039210789853,1.0707963844017114
1048,1.0797912286511016,1.0775568780330762,1.0708341687654321
1049,1.0797912286511016,1.0776055973990277,1.0736148085242114
1050,1.0797912286511016,1.0776857807288607,1.073515863595681
1051,1.0797912286511016,1.077976193298835,1.073388051531762
1052,1.0797912286511016,1.0776807636663295,1.0720633866138654
1053,1.0797912286511016,1.0771578835071425,1.069611189405336
1054,1.0797912286511016,1.0767155330071774,1.066652972018323
1055,1.0797912286511016,1.0763267259525982,1.0655737781231434
1056,1.0797912286511016,1.076413806541058,1.0677407859974166
1057,1.0797912286511016,1.077170091466179,1.069785482652282
1058,1.0798997831018982,1.0775566568465635,1.0741481135236868
1059,1.0798997831018982,1.0774694039647006,1.0727123162623546
1060,1.0798997831018982,1.078108323536163,1.0757382695925142
1061,1.0798997831018982,1.0783726693636349,1.0748389812643127
1062,1.0798997831018982,1.0785040425482877,1.075161091592587
1063,1.0798997831018982,1.0786480168751753,1.0765369205719597
1064,1.0798997831018982,1.0784471359789483,1.0757913632283103
1065,1.0798997831018982,1.078228896230908,1.0751067357324067
1066,1.0798997831018982,1.0785263841409445,1.0728923537120094
1067,1.0798997831018982,1.078333250111171,1.0715692349030665
1068,1.0798997831018982,1.0783923398519866,1.0745942895276535
1069,1.0798997831018982,1.0786651365786704,1.0732248832668372
1070,1.0798997831018982,1.0781023624854233,1.0706484871283863
1071,1.0798997831018982,1.0778433811532346,1.0733428667047145
1072,1.0798997831018982,1.0779597702260661,1.0705515604044895
1073,1.0798997831018982,1.0781289884471752,1.0707203933421119
1074,1.0798997831018982,1.078111101156815,1.073302109592397
1075,1.0798997831018982,1.0781357396199551,1.0735187282653205
1076,1.0798997831018982,-1999998.943514942,-100000000
1077,1.0798997831018982,1.0771494463878777,1.06801468545578
1078,1.0798997831018982,1.0768047443802944,1.0634066210021373
1079,1.0798997831018982,1.0771863041148315,1.0699181013494998
1080,1.0798997831018982,1.0775366833273046,1.0707831583595593
1081,1.0798997831018982,1.0775768763492422,1.0711789618406853
1082,1.0798997831018982,1.077223990146019,1.0694207501283854
1083,1.0798997831018982,1.077437059884381,1.072723772294303
1084,1.0798997831018982,1.077963492918095,1.0740271326933817
1085,1.0798997831018982,1.07775848772867,1.0729439115519877
1086,1.0798997831018982,1.0778205722780292,1.0734907719428395
1087,1.0798997831018982,1.078047637092982,1.0644120148137028
1088,1.0798997831018982,1.0777333182898041,1.0693683873032787
1089,1.0798997831018982,1.0776428059572427,1.0723154271314415
1090,1.0798997831018982,1.0775314265176754,1.0728331580849
1091,1.0798997831018982,1.0777099309163936,1.07017301394428
1092,1.0798997831018982,1.0771254710344098,1.0692095909967803
1093,1.0798997831018982,1.0761691885025162,1.0619941270583357
1094,1.0798997831018982,1.0752905909218615,1.0523824492999787
1095,1.0798997831018982,1.0756646666238896,1.0623764582623425
1096,1.0798997831018982,1.074682198409317,1.0624195186248104
1097,1.0798997831018982,1.0753435174489958,1.068718178789268
1098,1.0798997831018982,1.0753932970277005,1.0610207355069285
1099,1.0798997831018982,1.0751150146531778,1.0541532714362278
1100,1.0798997831018982,1.0755419284083438,1.0619194540898702
1101,1.0798997831018982,1.0749932642335402,1.069502429965917
1102,1.0798997831018982,1.0757443815490848,1.0684273065618033
1103,1.0798997831018982,1.0763848418892608,1.0694692607234628
1104,1.0798997831018982,1.0761226968484277,1.0690609225356678
1105,1.0798997831018982,1.076873012151442,1.071785750583386
1106,1.0798997831018982,1.0769579763999522,1.0703705248473359
1107,1.0798997831018982,1.0775091887911434,1.0702234492744762
1108,1.0798997831018982,1.0772428084819468,1.0713505686353801
1109,1.0798997831018982,1.0776003691202742,1.0712296425895134
1110,1.0798997831018982,1.077739735150931,1.0704656112671755
1111,1.0798997831018982,1.0775801082484613,1.0743647928936215
1112,1.0798997831018982,1.077635774785402,1.0729873216655312
1113,1.0798997831018982,1.077560436696745,1.0721279922772893
1114,1.0798997831018982,1.0776934572998673,1.0720265997191798
1115,1.0798997831018982,1.0774153959094641,1.065223266225983
1116,1.0805579878058755,1.0776431108808893,1.0670058517913217
1117,1.0805579878058755,1.0779751884717945,1.0703229732813155
1118,1.0805579878058755,1.0783769583813925,1.0743417930320285
1119,1.0805579878058755,1.0782115314391643,1.0727268054793075
1120,1.0805579878058755,1.0784066552945641,1.0623909506908082
1121,1.0805579878058755,1.0783868495272582,1.071398570521123
1122,1.0805579878058755,1.078063888554487,1.070303755968742
1123,1.0805579878058755,1.0774896827503797,1.0712401142446268
1124,1.0805579878058755,1.0772788579402188,1.0731601295070028
1125,1.0805579878058755,1.0771265808514832,1.0647425545690856
1126,1.0805579878058755,1.0770936085187375,1.0652244738531058
1127,1.0805579878058755,1.0775727713036292,1.0674833717665009
1128,1.0805579878058755,1.0780086749004787,1.0732793156015616
1129,1.0805579878058755,1.0783544752678058,1.0756580810089815
1130,1.0811146681422221,1.0790035890498872,1.0757697841693166
1131,1.0811146681422221,1.079245762350058,1.073258612035628
1132,1.0811146681422221,1.0791065428968099,1.0750034420118264
1133,1.0816069629549863,1.079203507625771,1.0729351082238296
1134,1.0816069629549863,1.0796306464360732,1.0741825012950512
1135,1.0816069629549863,1.0790964796585072,1.0677834743294865
1136,1.0816069629549863,1.078529495101377,1.0692357742860272
1137,1.0816069629549863,1.0780822328158488,1.0684174116837584
1138,1.082357044844223,1.0778363792546546,1.0684589265324118
1139,1.082357044844223,1.0782147932370796,1.0685266118700936
1140,1.082357044844223,1.0786478007279399,1.0731139410236032
1141,1.082357044844223,1.078459364706314,1.068519901954314
1142,1.082357044844223,1.078723280133107,1.0733780966760593
1143,1.082357044844223,1.0793569772993827,1.0683046100687243
1144,1.082357044844223,1.0786413417368257,1.0698202222555624
1145,1.082357044844223,1.0785015071796602,1.0675472116219764
1146,1.082357044844223,1.077346734042569,1.0661994291920807
1147,1.082357044844223,1.078243468982903,1.0634469870013334
1148,1.082357044844223,1.0789180847036608,1.0543800272509567
1149,1.082357044844223,1.0791819305250554,1.0710620576368721
1150,1.082357044844223,1.079788311414037,1.0738489663869308
1151,1.082357044844223,1.079928796221602,1.0699939635933737
1152,1.082357044844223,1.0798404823749737,1.0741437227237298
1153,1.082357044844223,1.080388970785449,1.074321187494335
1154,1.082357044844223,1.0800944488287954,1.0721390749670923
1155,1.082357044844223,1.079592694143279,1.0718988890276588
1156,1.082357044844223,1.0794885255242241,1.073006769370748
1157,1.082357044844223,1.0792931025272319,1.0675330096964646
1158,1.082357044844223,1.0787834316314886,1.0669872231356554
1159,1.082357044844223,1.0781798951024544,1.0663029333315572
1160,1.082357044844223,1.0773927873217257,1.0596881952760984
1161,1.0823588796776764,1.077622900339617,1.0696661251457371
1162,1.0823588796776764,1.0785355435992465,1.0662364258698895
1163,1.0823588796776764,1.0783196385133986,1.0689498471678118
1164,1.0823588796776764,1.0793310864111223,1.0728580024409822
1165,1.0823588796776764,1.0800513715476938,1.0718873060326233
1166,1.0823588796776764,1.079771975169689,1.0730603395249685
1167,1.0823588796776764,1.0797175159445431,1.0671630943067107
1168,1.0828802155857888,1.0791589518537952,1.0727553281695332
1169,1.0828802155857888,1.0793067239493757,1.0695981963120964
1170,1.0828802155857888,1.079276110024858,1.0634864564497613
1171,1.0828802155857888,1.0796316278536668,1.066050518649623
1172,1.0828802155857888,1.0787750350929357,1.0665700129695685
1173,1.0828802155857888,1.0791417558953573,1.068736672937483
1174,1.0828802155857888,1.078843442435816,1.0709131812626747
1175,1.0828802155857888,1.0795586254778364,1.072144089318784
1176,1.0828802155857888,1.07980510150177,1.0735033001978378
1177,1.0828802155857888,1.0800804558194146,1.0756027419679555
1178,1.0828802155857888,1.0797826916113877,1.0681646494717667
1179,1.0828802155857888,1.0796775567226875,1.0738899842983018
1180,1.0828802155857888,1.0798034247071226,1.0670284568443282
1181,1.0828802155857888,1.079922524055797,1.0726345381921085
1182,1.0828802155857888,1.0802896473088033,1.0746889844202712
1183,1.0828802155857888,1.0804203382399764,1.075983692410554
1184,1.0828802155857888,1.080643245997767,1.0658162819362724
1185,1.0828802155857888,1.0810216435935882,1.0750167011134306
1186,1.083256309396782,1.0804898367095452,1.0733762232388746
1187,1.083256309396782,1.079691785639395,1.0734763455732699
1188,1.083256309396782,1.0801119893678914,1.0753385997377043
1189,1.083256309396782,1.0806855963956685,1.0761273187606484
1190,1.083256309396782,1.0806586591861467,1.075153487548549
1191,1.083256309396782,1.0805962093968873,1.07562628289732
1192,1.083256309396782,1.0809622791008282,1.077138610089351
1193,1.083256309396782,1.0805354722591052,1.0747159707276221
1194,1.083256309396782,1.0806747794829574,1.0754048953256874
1195,1.083256309396782,1.0811561688843139,1.076157554562109
1196,1.083256309396782,1.0814450430736626,1.075392564165312
1197,1.083256309396782,1.0810314894111288,1.0715026430520886
1198,1.083256309396782,1.0818201853420795,1.0781486891651157
1199,1.083256309396782,1.081703645232853,1.0769881214908044
1200,1.083256309396782,1.0815897054821166,1.0777579238332735
1201,1.083256309396782,1.0814969272688368,1.0734184213586324
1202,1.083256309396782,1.0807291719106114,1.0718088340545733
1203,1.083256309396782,1.0813140566747952,1.0757447946924161
1204,1.083256309396782,1.081457339783556,1.0764140558794222
1205,1.083256309396782,1.0810004808191542,1.0635704361347549
1206,1.083256309396782,1.0808657581786065,1.0574718091611062
1207,1.083256309396782,1.080717126255855,1.0736164157908616
1208,1.083256309396782,1.0809201147147167,1.074420346011019
1209,1.0832849713483057,1.0811434113489784,1.0762240387858544
1210,1.0832849713483057,1.0814230871190127,1.076051984885738
1211,1.0832849713483057,1.081242998188853,1.075469940044439
1212,1.0832849713483057,1.0813135482451335,1.0767769373695595
1213,1.0832849713483057,1.0812062394884352,1.073787337260315
1214,1.0832849713483057,1.0808641309718694,1.0768912459026843
1215,1.0832849713483057,1.0809030633163543,1.0744158114449713
1216,1.0832849713483057,1.0811427309849777,1.0772063721081837
1217,1.0832849713483057,1.0811188841617685,1.0754043631077652
1218,1.0832849713483057,-1999998.9417719962,-100000000
1219,1.0832849713483057,-1999998.9443342208,-100000000
1220,1.0832849713483057,-1999998.9451582737,-100000000
1221,1.0832849713483057,-1999998.9472416723,-100000000
1222,1.0832849713483057,1.0733530428329592,1.0157322346754651
1223,1.0832849713483057,1.0758247160943955,1.0490724868466668
1224,1.0832849713483057,1.0755307402423981,1.0590367895332817
1225,1.0832849713483057,1.0751221424690756,1.0587111540376961
1226,1.0832849713483057,1.0781494999199643,1.0609153147998593
1227,1.083296914489325,1.0792440503934497,1.0692859481418966
1228,1.083296914489325,1.0800546525635546,1.0721360279234822
1229,1.083296914489325,-1999998.941839429,-100000000
1230,1.083296914489325,1.0782171146016717,1.0549354661664505
1231,1.083296914489325,-1999998.9438600717,-100000000
1232,1.083296914489325,1.0769393984668678,1.0666288348130162
1233,1.083296914489325,1.077558374780513,1.0655877216445089
1234,1.083296914489325,1.07782778784971,1.06646374600956
1235,1.083296914489325,1.0765114200546977,1.0653507430143703
1236,1.083296914489325,1.0754572610653863,1.0572455340138975
1237,1.083296914489325,1.0746127107526615,1.0466286351258485
1238,1.083296914489325,1.0747977192084281,1.0356871539566743
1239,1.083296914489325,1.0757605453812653,1.0432300256676603
1240,1.083296914489325,1.076540847726155,1.0577923077694436
1241,1.083296914489325,1.0782259271906067,1.068274684387001
1242,1.083296914489325,1.0783987093625098,1.0631464433515867
1243,1.083296914489325,1.0786377013605304,1.0662188971613271
1244,1.083296914489325,1.0785831232515657,1.064165269905905
1245,1.083296914489325,-1999998.943329458,-100000000
1246,1.083296914489325,1.0773324479025366,1.0650296848761531
1247,1.083296914489325,-1999998.9433051234,-100000000
1248,1.083296914489325,1.077678663663313,1.068929300625678
1249,1.083296914489325,1.078422578067216,1.0687610812305608
1250,1.083296914489325,1.079004993399229,1.0725801336208833
1251,1.083296914489325,1.0791139809451247,1.0677412732428853
1252,1.083296914489325,1.0791946055823616,1.0727415395998372
1253,1.083296914489325,1.0795580361813584,1.0703569210883517
1254,1.083296914489325,1.0798771479840388,1.0722993072080125
1255,1.083296914489325,1.0799284404399672,1.0733986569338203
1256,1.083296914489325,1.079321716039772,1.071224388637294
1257,1.083296914489325,1.078348902697804,1.0647055031397539
1258,1.083296914489325,1.0792536975749867,1.074075057930377
1259,1.083296914489325,1.0797582843247553,1.0747429424378447
1260,1.083296914489325,1.0807337591717303,1.076414919093739
1261,1.083296914489325,1.0817239957294817,1.077162660050122
1262,1.083296914489325,1.0816747760394148,1.072680535825265
1263,1.083296914489325,1.0813421557146439,1.066375886049688
1264,1.083296914489325,1.0813577811411441,1.074317618644296
1265,1.083296914489325,1.0807820236374588,1.0754395761490332
1266,1.083296914489325,1.0799587613685484,1.0684224364247374
1267,1.083296914489325,1.0794029182602785,1.071396873540952
1268,1.083296914489325,-1999998.9421199583,-100000000
1269,1.083296914489325,1.0777885821169557,1.059388216853363
1270,1.083296914489325,1.0786507186866294,1.068467738165749
1271,1.083296914489325,1.078699210089236,1.0717785638415371
1272,1.083296914489325,1.0796204296848984,1.0696202954305882
1273,1.083296914489325,1.079339435055342,1.0701341780848321
1274,1.083296914489325,1.0793494120595535,1.0741596245598866
1275,1.083296914489325,1.0801643170653883,1.0754574198966564
1276,1.083296914489325,1.0801181883423991,1.076842958321797
1277,1.083296914489325,1.0801486012247785,1.0728546033192294
1278,1.083296914489325,1.0805349457406137,1.0759971132336927
1279,1.083296914489325,1.0805582385068226,1.0745595061377906
1280,1.083296914489325,1.0793445335541179,1.0460251284523878
1281,1.083296914489325,1.0791652135782213,1.0667801451651027
1282,1.083296914489325,1.0793063869347153,1.0649185440650837
1283,1.083296914489325,-1999998.9419112836,-100000000
1284,1.083296914489325,1.0792538967682246,1.0697066953070054
1285,1.083296914489325,1.0794652384577597,1.0708885467815816
1286,1.083296914489325,1.079507284825612,1.0730720857392342
1287,1.083296914489325,1.0797654598508333,1.0723503329014008
1288,1.083296914489325,1.0796959857979465,1.07023642025305
1289,1.083296914489325,-1999998.9418811875,-100000000
1290,1.083296914489325,1.077393594496625,1.0474787903215308
1291,1.083296914489325,1.0774847282901185,1.0538142806918076
1292,1.083296914489325,1.0774055854820295,1.0578219746168507
1293,1.083296914489325,1.0772651441860555,1.0633153696836193
1294,1.083296914489325,1.0763880967560149,1.058827110292706
1295,1.083296914489325,1.076926757776951,1.0630337971888637
1296,1.083296914489325,1.0786167808736868,1.0618831109480593
1297,1.083296914489325,1.0783859604626425,1.0661141182515825
1298,1.083296914489325,1.07856595762965,1.0670309153740685
1299,1.083296914489325,1.0790207400913219,1.0656772755318142
1300,1.083296914489325,1.0785374272458952,1.0686732491430773
1301,1.083296914489325,1.0798511299627491,1.073571679283488
1302,1.083296914489325,1.0795069236981105,1.071294645399681
1303,1.083296914489325,1.0793418264358017,1.0594555842223703
1304,1.083296914489325,1.079426408481287,1.072528686888357
1305,1.083296914489325,1.0782530029247033,1.0677232973595168
1306,1.083296914489325,1.0785183587229141,1.0686617737957655
1307,1.083296914489325,1.078618642704678,1.069421583067693
1308,1.083296914489325,1.0779663307910525,1.070436449030466
1309,1.083296914489325,1.0785639473359994,1.0703375553240067
1310,1.083296914489325,1.0780282261340226,1.0736626835030987
1311,1.083296914489325,1.0787659366588496,1.073059758860433
1312,1.083296914489325,1.078505462047703,1.073185778668238
1313,1.083296914489325,1.0787728321520638,1.0696066633941046
1314,1.083296914489325,1.0793315393705887,1.0745561303454276
1315,1.083296914489325,1.0797541924488803,1.0712418501379752
1316,1.083296914489325,1.079282311605324,1.0746352305800637
1317,1.083296914489325,1.0792104856021694,1.0729176320267602
1318,1.083296914489325,1.0789640099777509,1.068506939432813
1319,1.083296914489325,1.0788568603113409,1.0669162789960251
1320,1.083296914489325,1.0777603796249173,1.0536003914770682
1321,1.083296914489325,1.0759251029069163,1.044960779126834
1322,1.083296914489325,1.0764296690442858,1.058392311400014
1323,1.083296914489325,1.0763697544022979,1.0630800696575584
1324,1.083296914489325,1.077311874927097,1.0515568688024997
1325,1.083296914489325,1.0780821613460216,1.057432065748339
1326,1.083296914489325,1.0776962527740925,1.0644476349892749
1327,1.083296914489325,1.076790182151648,1.0509191052242812
1328,1.083296914489325,1.0769793229085454,1.061519015682772
1329,1.083296914489325,1.0774432629187194,1.061035460410818
1330,1.083296914489325,1.0787922864517665,1.0629297800714306
1331,1.083296914489325,1.0788193270262696,1.0713107237554458
1332,1.083296914489325,1.0790679569092887,1.0703761038537747
1333,1.083296914489325,1.079299444075773,1.073899763843531
1334,1.083296914489325,1.0803046079991718,1.0752819936863718
1335,1.083296914489325,1.0804523815242717,1.0740015317237157
1336,1.083296914489325,1.0804258578989643,1.0709474340094451
1337,1.083296914489325,1.0800552981936409,1.0716422438782343
1338,1.083296914489325,1.0797526187420377,1.0726436893169584
1339,1.083296914489325,1.0801708058158979,1.0697939587841883
1340,1.083296914489325,1.0798946610297007,1.0732272277018435
1341,1.083296914489325,1.079797176479757,1.0732103860334765
1342,1.083296914489325,1.079259989760301,1.0698541929325465
1343,1.083296914489325,1.0792720065541197,1.0687783434106346
1344,1.083296914489325,1.0791795448649557,1.0693942149344284
1345,1.0834784956583292,1.0799469600546785,1.0732680570231299
1346,1.0834784956583292,1.080393745974411,1.0717281775887373
1347,1.0836042882680095,1.0804728003985289,1.0756573099949107
1348,1.0836042882680095,1.0807178388526777,1.0722402596483296
1349,1.0836042882680095,1.080840409314983,1.0710957947539215
1350,1.0836042882680095,1.0800367315340629,1.070470636985212
1351,1.0836042882680095,1.0798694196794907,1.0620835501791124
1352,1.0836042882680095,1.0801765962909018,1.0670913850908312
1353,1.0836042882680095,1.0802886717957205,1.0750937147435342
1354,1.0836042882680095,1.0799080056382346,1.067078814364357
1355,1.0836042882680095,1.0802659831326877,1.07442944377607
1356,1.0836042882680095,1.080393124285401,1.0727553485195926
1357,1.0836042882680095,1.0803514410858897,1.0750969707518012
1358,1.0836042882680095,1.080581029292651,1.0718074750740705
1359,1.0836042882680095,1.0802282984061355,1.0742263327863046
1360,1.0836042882680095,1.0798449214756791,1.0699328860086164
1361,1.0836042882680095,1.080561311718107,1.0765324451000604
1362,1.0836042882680095,1.0808295545146274,1.0717208248176595
1363,1.0836042882680095,1.080656614058623,1.0689591492262318
1364,1.0836042882680095,1.0808502329721923,1.0749544638489956
1365,1.0836042882680095,1.0810125198160079,1.0767898259787705
1366,1.0836042882680095,1.0810347347314884,1.0749318237383056
1367,1.0836042882680095,1.0811931794097598,1.0745355100645533
1368,1.0836042882680095,1.080737292051218,1.0723653298868232
1369,1.0836042882680095,1.0810905724210005,1.073871178073694
1370,1.0836042882680095,1.080386165603747,1.072402008884972
1371,1.0836042882680095,1.0805244959092752,1.0746721984928835
1372,1.0836042882680095,1.0805016323179544,1.0704620981082316
1373,1.0836042882680095,1.0804704268775236,1.0711343756922165
1374,1.0836042882680095,1.080737373012533,1.073743449063898
1375,1.0836042882680095,-1999998.9417400677,-100000000
1376,1.0836042882680095,1.0793924775640478,1.0730243442188647
1377,1.0836042882680095,1.0795089165602731,1.072744115434252
1378,1.0836042882680095,1.0792647228248744,1.069629121378432
1379,1.0836042882680095,1.079572804404331,1.0703314747361343
1380,1.0836042882680095,1.0798890967161718,1.0679140763525
1381,1.0836042882680095,1.0797359487811775,1.0602293852152749
1382,1.0836042882680095,1.0796730420676577,1.0738999576204895
1383,1.0836042882680095,1.0794748219576156,1.0653488446608637
1384,1.0836042882680095,1.0796059074596718,1.0717041249324932
1385,1.0836042882680095,1.0788838731271873,1.0689835100735265
1386,1.0836042882680095,1.079335442174426,1.068586598174648
1387,1.0836042882680095,1.079664993236851,1.0663227479671633
1388,1.0836042882680095,1.0801460647546155,1.0710949013154312
1389,1.0836042882680095,-1999998.9419165906,-100000000
1390,1.0836042882680095,1.0781500908438721,1.0519166905688597
1391,1.0836042882680095,1.0791445688220593,1.0727659108413818
1392,1.0836042882680095,1.0794293571009501,1.0725367503554173
1393,1.0836042882680095,1.0808263038103973,1.0710147109943584
1394,1.0836042882680095,1.0806837353267875,1.07547893240577
1395,1.0836042882680095,-1999998.9405578596,-100000000
1396,1.0836042882680095,-1999998.940831214,-100000000
1397,1.0840590427322585,1.0805667349634422,1.0660958395443898
1398,1.0840590427322585,1.0802801350909668,1.0684909611346987
1399,1.0840590427322585,1.079819871630172,1.0668493984670637
1400,1.0840590427322585,1.0795883016438734,1.0680937571983633
1401,1.0840590427322585,1.0800238373495998,1.0735844189022163
1402,1.0840590427322585,1.0800676950136063,1.0717933510122608
1403,1.0840590427322585,1.0796476273579474,1.0740113969949232
1404,1.0840590427322585,1.0804315560387385,1.0720810267081453
1405,1.0840590427322585,1.0818678307102607,1.075914283868984
1406,1.0840590427322585,-1999998.9401360066,-100000000
1407,1.0840590427322585,1.0800009170583802,1.0645708121598372
1408,1.0840590427322585,1.0783914505464214,1.0551966304665183
1409,1.0840590427322585,1.0772287991176628,1.0310677857841775
1410,1.0840590427322585,1.0766332280705262,1.04817942964948
1411,1.0840590427322585,1.0770584100285767,1.0441303077047506
1412,1.0840590427322585,-1999998.9438465582,-100000000
1413,1.0840590427322585,-3999998.9655903988,-100000000
1414,1.0840590427322585,1.0753558790857558,1.059344826981084
1415,1.0840590427322585,1.0772887878640711,1.0678876262898802
1416,1.0840590427322585,1.0788227268437516,1.0707092143047978
1417,1.0840590427322585,-1999998.9414576732,-100000000
1418,1.0840590427322585,1.0794943228539156,1.071673619661081
1419,1.0840590427322585,1.07960134238018,1.0720102609634945
1420,1.0840590427322585,1.079996755911052,1.0706980008962375
1421,1.0840590427322585,-1999998.9417854976,-100000000
1422,1.0840590427322585,-1999998.9427516896,-100000000
1423,1.0840590427322585,1.0781096786485975,1.0606535768294612
1424,1.0840590427322585,-1999998.9436387236,-100000000
1425,1.0840590427322585,-1999998.9443047813,-100000000
1426,1.0840590427322585,-1999998.9446490044,-100000000
1427,1.0840590427322585,-1999998.9451999427,-100000000
1428,1.0840590427322585,1.07316397669721,1.0419795756135166
1429,1.0840590427322585,1.0757677459732071,1.055591646058967
1430,1.0840590427322585,1.0758564909986448,1.052086838236773
1431,1.0840590427322585,1.0771939604554943,1.0611919434250583
1432,1.0840590427322585,-3999998.964897393,-100000000
1433,1.0840590427322585,1.0772494663111118,1.0620044825859059
1434,1.0840590427322585,1.0781468208128882,1.065299706597323
1435,1.0840590427322585,1.0786932602194643,1.063000724675393
1436,1.0840590427322585,1.0783557289373833,1.060794206183385
1437,1.0840590427322585,1.0788218701806265,1.064550235158611
1438,1.0840590427322585,-1999998.9433123705,-100000000
1439,1.0840590427322585,1.0778772878964584,1.0511060566032777
1440,1.0840590427322585,1.0785621692143352,1.0714636666114759
1441,1.0840590427322585,1.0795287132678069,1.0719510470606695
1442,1.0840590427322585,-1999998.9412110178,-100000000
1443,1.0840590427322585,1.0791082348659198,1.071389241177981
1444,1.0840590427322585,1.079324838660404,1.0557954764716224
1445,1.0840590427322585,1.080183513391492,1.0701873576520473
1446,1.0840590427322585,1.080437574603787,1.0748532035645249
1447,1.0840590427322585,1.0813528016058225,1.0775795682990963
1448,1.0840590427322585,1.0813602785487353,1.0747553707668152
1449,1.0840590427322585,1.08196868432861,1.0764760132992788
1450,1.0840590427322585,1.0816950757404975,1.077126875905674
1451,1.0840590427322585,1.081498920047659,1.0686733221871554
1452,1.0840590427322585,-1999998.9410691506,-100000000
1453,1.0840590427322585,1.0788207694910015,1.0547766001069836
1454,1.0840590427322585,1.0795119741729398,1.0636940972021327
1455,1.0840590427322585,1.0808603196126583,1.0714605295689799
1456,1.0840590427322585,1.081039375664836,1.0732674736680312
1457,1.0840590427322585,1.0811355132851423,1.0679920969012122
1458,1.0840590427322585,1.080971053264471,1.0756534400571542
1459,1.0840590427322585,1.0813199559884772,1.076748738773977
1460,1.0840590427322585,1.0810898916351397,1.0731977726945066
1461,1.0840590427322585,-1999998.9403298146,-100000000
1462,1.0840590427322585,-1999998.9410081424,-100000000
1463,1.0840590427322585,-1999998.9410926506,-100000000
1464,1.0840590427322585,1.0792584426977625,1.0700391866211802
1465,1.0840590427322585,1.0799085589804571,1.0707872709647748
1466,1.0840590427322585,1.079827296362923,1.0738989190678536
1467,1.0840590427322585,1.080982538113322,1.0728306888666381
1468,1.0840590427322585,1.0813672580144498,1.0762280239439603
1469,1.0840590427322585,-1999998.9404823766,-100000000
1470,1.0840590427322585,-1999998.9411318845,-100000000
1471,1.0840590427322585,1.080170141738655,1.074932853501629
1472,1.0840590427322585,1.0805030177449808,1.0694985746274488
1473,1.0840590427322585,1.0804725899637198,1.0748054082372167
1474,1.0840590427322585,1.0805719153486124,1.0729698905953517
1475,1.0840590427322585,1.0807934762609375,1.072920605461217
1476,1.0840590427322585,-1999998.9405448851,-100000000
1477,1.0840590427322585,1.0797406698325398,1.0734155675998556
1478,1.0840590427322585,1.079447032162979,1.0665684735890841
1479,1.0840590427322585,1.078473143666045,1.066103010842541
1480,1.0840590427322585,1.0789451400101313,1.068657982238142
1481,1.0840590427322585,-1999998.942471417,-100000000
1482,1.0840590427322585,1.07867863276634,1.0679345255595065
1483,1.0840590427322585,1.0802128858121145,1.0730210129053646
1484,1.0840590427322585,-1999998.941222091,-100000000
1485,1.0840590427322585,1.0788012645925549,1.0620772885950316
1486,1.0840590427322585,1.0785185134118545,1.056112543525619
1487,1.0840590427322585,-1999998.9415743095,-100000000
1488,1.0840590427322585,-1999998.9413490624,-100000000
1489,1.0840590427322585,1.0794258196408817,1.0692583768144472
1490,1.0840590427322585,-1999998.9419017814,-100000000
1491,1.0840590427322585,-1999998.9434176746,-100000000
1492,1.0840590427322585,1.0768254989881758,1.0379443139558888
1493,1.0840590427322585,-1999998.9431903497,-100000000
1494,1.0840590427322585,1.0777322372062195,1.0597820200756756
1495,1.0840590427322585,1.0783463575619912,1.0686982681926884
1496,1.0840590427322585,-1999998.9426202485,-100000000
1497,1.0840590427322585,1.0783390451506356,1.0669625507780487
1498,1.0840590427322585,-1999998.942786138,-100000000
1499,1.0840590427322585,1.0760392440499817,1.063927624780434
1500,1.0840590427322585,1.0775059060018375,1.06496866405901
1501,1.0840590427322585,1.0782434405520416,1.065100699999888
1502,1.0840590427322585,1.0793023786174707,1.0695855094289972
1503,1.0840590427322585,1.0806596435062297,1.0753512544335893
1504,1.0840590427322585,-1999998.9404687388,-100000000
1505,1.0840590427322585,1.0803404639465994,1.0679715001834158
1506,1.0840590427322585,1.0802932159168592,1.0749286597484025
1507,1.0840590427322585,-1999998.9411386314,-100000000
1508,1.0840590427322585,-1999998.9413455266,-100000000
1509,1.0840590427322585,-1999998.941853175,-100000000
1510,1.0840590427322585,1.0792212261897611,1.0711857381697838
1511,1.0840590427322585,1.0793160593479043,1.0710822659404207
1512,1.0840590427322585,1.0805015060193306,1.074952927233678
1513,1.0840590427322585,1.0809530703256032,1.0709393824571274
1514,1.0840590427322585,-3999998.9623977053,-100000000
1515,1.0840590427322585,-1999998.9416272456,-100000000
1516,1.0840590427322585,-1999998.9419912018,-100000000
1517,1.0840590427322585,1.0793211512440966,1.0652872930587192
1518,1.0840590427322585,1.0791477982104176,1.0572913064553981
1519,1.0840590427322585,1.0789088771240194,1.063816288292867
1520,1.0840590427322585,1.0791929080164475,1.065719460028811
1521,1.0840590427322585,1.0803913755174626,1.0620084545748711
1522,1.0840590427322585,1.0807420912252583,1.073823095116294
1523,1.0840590427322585,-3999998.962131971,-100000000
1524,1.0840590427322585,1.0808096092795574,1.0686585625223088
1525,1.0840590427322585,-1999998.9410398956,-100000000
1526,1.0840590427322585,1.080622669033157,1.0673406244286978
1527,1.0840590427322585,1.0804014500496975,1.0719776514097115
1528,1.0840590427322585,1.081407172227102,1.074390477407171
1529,1.0840590427322585,-1999998.940043658,-100000000
1530,1.0840590427322585,-1999998.9416592238,-100000000
1531,1.0840590427322585,1.0783390945087614,1.0674659583003232
1532,1.0840590427322585,1.0787658316889037,1.0655405509289657
1533,1.0840590427322585,-1999998.9416262202,-100000000
1534,1.0840590427322585,-3999998.9647201174,-100000000
1535,1.0840590427322585,1.076791164899019,1.0585044629814475
1536,1.0840590427322585,-1999998.9435544638,-100000000
1537,1.0840590427322585,1.0761282116406024,1.064435375532797
1538,1.0840590427322585,1.0783545085286212,1.069158167656439
1539,1.0840590427322585,1.0795026712453073,1.0709779316365178
1540,1.0840590427322585,1.0788731976982426,1.0710948753377634
1541,1.0840590427322585,-1999998.9413341724,-100000000
1542,1.0840590427322585,1.078637664640481,1.0574181359587338
1543,1.0840590427322585,1.078919682498099,1.0658383533734317
1544,1.0840590427322585,1.0792744821422344,1.0649520139659694
1545,1.0840590427322585,-1999998.9414918153,-100000000
1546,1.0840590427322585,1.0796585006472694,1.072230773808635
1547,1.0840590427322585,-1999998.9413701193,-100000000
1548,1.0840590427322585,1.080140299660704,1.073379882587521
1549,1.0840590427322585,1.0804858649597302,1.0751098343270247
1550,1.0840590427322585,1.0810164859424507,1.0763318832383173
1551,1.0840590427322585,1.08119976401048,1.0736304049747987
1552,1.0840590427322585,1.081421709495204,1.075678365653327
1553,1.0840590427322585,1.0816274713095277,1.0781049999903856
1554,1.0840590427322585,-1999998.940015371,-100000000
1555,1.0840590427322585,-1999998.9405039016,-100000000
1556,1.0840590427322585,1.080116612037957,1.0703430932609477
1557,1.0840590427322585,-1999998.9412832453,-100000000
1558,1.0840604086440708,1.079778245177903,1.0585451308979792
1559,1.0840604086440708,1.0795439328850822,1.0733096780652114
1560,1.0840604086440708,1.0786423554063338,1.0699234973827147
1561,1.0840604086440708,1.0791923060647783,1.0706756339178132
1562,1.0840604086440708,1.0794227144928845,1.0612943792326326
1563,1.0840604086440708,1.0787121154330594,1.067624473306215
1564,1.0840604086440708,1.0796397697384361,1.0740714664037
1565,1.0840604086440708,-1999998.942060381,-100000000
1566,1.0840604086440708,1.078393092627072,1.071249132037046
1567,1.0840604086440708,1.0791148213630444,1.07176498526144
1568,1.0840604086440708,1.0782182100072784,1.0593649707297135
1569,1.0840604086440708,-1999998.942976489,-100000000
1570,1.0840604086440708,1.0777826917573001,1.0555544980449563
1571,1.0840604086440708,-1999998.9432266238,-100000000
1572,1.0840604086440708,-1999998.945105166,-100000000
1573,1.0840604086440708,-1999998.944792725,-100000000
1574,1.0840604086440708,-1999998.9483530829,-100000000
1575,1.0840604086440708,1.0720159433884395,1.025443359868641
1576,1.0840604086440708,1.073009340640701,1.0336869310616517
1577,1.0840604086440708,1.07577369983248,1.0404847089716471
1578,1.0840604086440708,1.0766539500553522,1.063818938835778
1579,1.0840604086440708,1.076190798631295,1.06079980164691
1580,1.0840604086440708,1.0762504754603766,1.0665194370325688
1581,1.0840604086440708,1.0770566629974587,1.0606360624785776
1582,1.0840604086440708,-1999998.9424948967,-100000000
1583,1.0840604086440708,-1999998.9431775555,-100000000
1584,1.0840604086440708,1.0770656570529336,1.064292069639733
1585,1.0840604086440708,1.077333098407596,1.064615601208656
1586,1.0840604086440708,-1999998.9428905773,-100000000
1587,1.0840604086440708,1.0768342652538943,1.0551464810877655
1588,1.0840604086440708,-1999998.943131465,-100000000
1589,1.0840604086440708,1.0754838602842265,1.0610705869049288
1590,1.0840604086440708,1.077087932144963,1.0636055450560113
1591,1.0840604086440708,1.0778408233979127,1.06909749856654
1592,1.0840604086440708,1.0793444106917196,1.0711405713683586
1593,1.0840604086440708,-3999998.9636486853,-100000000
1594,1.0840604086440708,1.0784991358376197,1.068742060507516
1595,1.0840604086440708,1.0789153488180063,1.0717741171048702
1596,1.0840604086440708,1.0790671595975112,1.0705290031511052
1597,1.0840604086440708,1.079865475149777,1.069225238003046
1598,1.0840604086440708,-1999998.9414236112,-100000000
1599,1.0840604086440708,1.0772733799668586,1.0521103584662708
1600,1.0840604086440708,1.078727821467507,1.061775539672974
1601,1.0840604086440708,1.0800419748455434,1.0652606082902898
1602,1.0840604086440708,1.080344180647264,1.0720899630675653
1603,1.0840604086440708,1.0800767291237596,1.0707648183974134
1604,1.0840604086440708,-1999998.940670139,-100000000
1605,1.0840604086440708,-1999998.9416251737,-100000000
1606,1.0840604086440708,1.078012872663025,1.0579499317258574
1607,1.0840604086440708,1.0777560240772392,1.0642400481267427
1608,1.0840604086440708,-3999998.966180194,-100000000
1609,1.0840604086440708,1.076705957742302,1.0547213392870765
1610,1.0840604086440708,1.0770918202932716,1.0677289600384623
1611,1.0840604086440708,-1999998.942983372,-100000000
1612,1.0840604086440708,-1999998.9465526897,-100000000
1613,1.0840604086440708,1.0717158264643247,1.032122045646267
1614,1.0840604086440708,1.0726596164704454,1.059649525000883
1615,1.0840604086440708,1.0747136151275885,1.0637671008969014
1616,1.0840604086440708,1.0753756531324965,1.0511893046646112
1617,1.0840604086440708,1.0769889634598315,1.06335326216734
1618,1.0840604086440708,1.0777633610612913,1.0702495096145466
1619,1.0840604086440708,1.0787684758251301,1.0670954857246522
1620,1.0840604086440708,1.0784555733916523,1.0554985951255893
1621,1.0840604086440708,1.0788150378334278,1.068388235948687
1622,1.0840604086440708,1.0794166397643805,1.0720997819751328
1623,1.0840604086440708,1.0795551251775324,1.0702987160047355
1624,1.0840604086440708,1.0795448279189823,1.067952925910535
1625,1.0840604086440708,-1999998.941184674,-100000000
1626,1.0840604086440708,1.0791647276999674,1.0663961695738464
1627,1.0840604086440708,1.0791262100237125,1.047993403919326
1628,1.0840604086440708,-1999998.941913442,-100000000
1629,1.0840604086440708,1.0785583016058937,1.0648486296160762
1630,1.0840604086440708,1.0794228225777385,1.0681563056495564
1631,1.0840604086440708,1.0799973382262493,1.0694891445394457
1632,1.0840604086440708,-1999998.9409134048,-100000000
1633,1.0840604086440708,1.080182530484697,1.0722836111897305
1634,1.0840604086440708,1.0805032361441216,1.0715643193294373
1635,1.0840604086440708,1.0799013216866507,1.0714189525723845
1636,1.0840604086440708,1.0799701236738701,1.0646213672410303
1637,1.0840604086440708,1.0801773869975673,1.0695388166964017
1638,1.0840604086440708,1.0793114664502625,1.0715932298455348
1639,1.0840604086440708,1.080510136590933,1.0731615489740816
1640,1.0840604086440708,1.0804374798290335,1.070563534861731
1641,1.0840604086440708,-1999998.9417869977,-100000000
1642,1.0840604086440708,1.0781719700022052,1.066503390106945
1643,1.0840604086440708,1.0775301957160002,1.0620580447643175
1644,1.0840604086440708,1.0776235113876718,1.0648749073919432
1645,1.0840604086440708,-1999998.9431689414,-100000000
1646,1.0840604086440708,-1999998.9436527232,-100000000
1647,1.0840604086440708,-3999998.967561581,-100000000
1648,1.0840604086440708,1.0722254163786658,1.0339153492866022
1649,1.0840604086440708,1.0726522166540615,1.0432099532978198
1650,1.0840604086440708,1.07409188787289,1.0588676899929803
1651,1.0840604086440708,1.0760634797083413,1.059569604266638
1652,1.0840604086440708,1.0772884502550757,1.059909977450505
1653,1.0840604086440708,-1999998.9442604715,-100000000
1654,1.0840604086440708,1.0756651664291261,1.057809897270859
1655,1.0840604086440708,1.0769330219278064,1.0617905215127075
1656,1.0840604086440708,1.0769331992591458,1.0628075383549778
1657,1.0840604086440708,1.0762969920567051,1.05983056375538
1658,1.0840604086440708,1.0768146675324262,1.0655473307549495
1659,1.0840604086440708,1.0776935761723678,1.0609647192165725
1660,1.0840604086440708,1.0782768666122398,1.0691277949531792
1661,1.0840604086440708,1.078809986549687,1.0685986856756364
1662,1.0840604086440708,1.0787356415402347,1.063203570438974
1663,1.0840604086440708,1.078870227613908,1.0725910095062465
1664,1.0840604086440708,-1999998.942317338,-100000000
1665,1.0840604086440708,1.078770844675351,1.0746864392176554
1666,1.0840604086440708,1.0796011847125888,1.0709693564336167
1667,1.0840604086440708,1.0805851212454782,1.0740535187012938
1668,1.0840604086440708,1.0804907098828942,1.0694648315888666
1669,1.0840604086440708,1.080791415904063,1.0701071372777373
1670,1.0840604086440708,1.0798107000022117,1.0723074308931577
1671,1.0840604086440708,1.0812560577720647,1.0756044534394438
1672,1.0841867234474707,1.08137709309185,1.0758288558097453
1673,1.0841867234474707,1.0815165552255406,1.0747932790631647
1674,1.0841867234474707,1.0811572531402536,1.0708328898858808
1675,1.0841867234474707,1.0808250707978662,1.071193034921882
1676,1.0841867234474707,1.0801321535606845,1.0689181604229891
1677,1.0841867234474707,1.0802795214421037,1.0740252087869187
1678,1.0841867234474707,-1999998.9422245896,-100000000
1679,1.0841867234474707,-1999998.9431392923,-100000000
1680,1.0841867234474707,1.0770425923595128,1.0606648175248232
1681,1.0841867234474707,1.077669445195448,1.0657991049611153
1682,1.0841867234474707,-1999998.9435855397,-100000000
1683,1.0841867234474707,-3999998.966779042,-100000000
1684,1.0841867234474707,-1999998.9461776007,-100000000
1685,1.0841867234474707,1.0743103863990964,1.0491594909147413
1686,1.0841867234474707,1.074200577335464,1.0500906810248158
1687,1.0841867234474707,1.0762775106088995,1.058618125499509
1688,1.0841867234474707,1.0754012646636644,1.0548565749648624
1689,1.0841867234474707,1.0766837664239786,1.0386292827751495
1690,1.0841867234474707,1.075874599707934,1.0444316852154816
1691,1.0841867234474707,1.0781221964294656,1.0678118749599181
1692,1.0841867234474707,1.0777854395673057,1.0692684823853487
1693,1.0841867234474707,-1999998.942940326,-100000000
1694,1.0841867234474707,1.0765970874619257,1.0561464727322423
1695,1.0841867234474707,1.0772562551470868,1.0662007075741204
1696,1.0841867234474707,1.078229938993679,1.063656448894875
1697,1.0841867234474707,1.0792226431623104,1.0688399812073421
1698,1.0841867234474707,-1999998.9423584046,-100000000
1699,1.0841867234474707,-1999998.9443684937,-100000000
1700,1.0841867234474707,1.0760116730243217,1.05076957949717
1701,1.0841867234474707,1.076129624579487,1.060110588840047
1702,1.0841867234474707,-1999998.9449577776,-100000000
1703,1.0841867234474707,1.0744118062664352,1.057656956054592
1704,1.0841867234474707,-1999998.947349176,-100000000
1705,1.0841867234474707,1.0713061378469688,1.045317820291904
1706,1.0841867234474707,1.0744609730589194,1.033223383226961
1707,1.0841867234474707,-1999998.9467299024,-100000000
1708,1.0841867234474707,-1999998.9483561323,-100000000
1709,1.0841867234474707,-1999998.9478522006,-100000000
1710,1.0841867234474707,1.0729169992877596,1.051979919519324
1711,1.0841867234474707,1.0761959327795712,1.0624069781493917
1712,1.0841867234474707,1.076955008136389,1.0621966023401535
1713,1.0841867234474707,1.0774436505349998,1.058141868619197
1714,1.0841867234474707,1.0772433773070706,1.0698824875724293
1715,1.0841867234474707,1.0785209469887724,1.066804404254429
1716,1.0841867234474707,1.0787260013812134,1.0631276151198157
1717,1.0841867234474707,-1999998.9433891212,-100000000
1718,1.0841867234474707,1.0778667717304058,1.071619038787046
1719,1.0841867234474707,1.079167528824386,1.070969996461641
1720,1.0841867234474707,1.0796342760193463,1.0695730403626211
1721,1.0841867234474707,-1999998.941327618,-100000000
1722,1.0841867234474707,-3999998.964493761,-100000000
1723,1.0841867234474707,-1999998.945597552,-100000000
1724,1.0841867234474707,1.0742971414200004,1.0197689671793073
1725,1.0841867234474707,1.0757852952823526,1.0451033935091836
1726,1.0841867234474707,1.0760980064475376,1.0551263594629283
1727,1.0841867234474707,1.0765742881744702,1.0660279993273831
1728,1.0841867234474707,1.0769560197997636,1.061452657214178
1729,1.0841867234474707,-1999998.9440718538,-100000000
1730,1.0841867234474707,1.076243577715749,1.0667130275419998
1731,1.0841867234474707,1.0774110403027108,1.0654131855891156
1732,1.0841867234474707,1.0782851408892278,1.0499012612490806
1733,1.0841867234474707,1.0792078077236258,1.0630814158345754
1734,1.0841867234474707,-1999998.9422774424,-100000000
1735,1.0841867234474707,1.0783493055669366,1.0654761164054585
1736,1.0841867234474707,-1999998.9425253454,-100000000
1737,1.0841867234474707,-1999998.9444242304,-100000000
1738,1.0841867234474707,-1999998.9460775498,-100000000
1739,1.0841867234474707,1.0735658355037643,1.0422008744765676
1740,1.0841867234474707,-1999998.9483538566,-100000000
1741,1.0841867234474707,1.0723495774832792,1.0533284357185317
1742,1.0841867234474707,1.0727590790972732,1.0599711911603285
1743,1.0841867234474707,1.0726726881938224,1.0428006628665103
1744,1.0841867234474707,1.0736123088536698,1.0598298227638145
1745,1.0841867234474707,1.0751724961191058,1.060391732980455
1746,1.0841867234474707,1.0759480776630288,1.0629213675882423
1747,1.0841867234474707,1.0771555002655304,1.0616387227758382
1748,1.0841867234474707,1.0778514285019678,1.0639787622029155
1749,1.0841867234474707,1.07915489087805,1.0664655815226376
1750,1.0841867234474707,-1999998.9421366635,-100000000
1751,1.0841867234474707,1.078742517371528,1.0598274433533814
1752,1.0841867234474707,1.0783670696720575,1.0701197612337423
1753,1.0841867234474707,1.0787423997968053,1.0718615372530198
1754,1.0841867234474707,-1999998.9427188418,-100000000
1755,1.0841867234474707,1.0778125252535151,1.0687131319443686
1756,1.0841867234474707,1.0787864977021342,1.0681028056034445
1757,1.0841867234474707,-1999998.942231246,-100000000
1758,1.0841867234474707,1.078810122984877,1.0725390401556716
1759,1.0841867234474707,-3999998.963587524,-100000000
1760,1.0841867234474707,-1999998.9424536768,-100000000
1761,1.0841867234474707,1.0769653807658754,1.0533723715907353
1762,1.0841867234474707,1.0783106918701237,1.0564105375054966
1763,1.0841867234474707,-1999998.9420760267,-100000000
1764,1.0841867234474707,-1999998.9422473642,-100000000
1765,1.0841867234474707,1.0784415454751113,1.055139374512997
1766,1.0841867234474707,1.077808422592354,1.0663162219558564
1767,1.0841867234474707,1.0789560489563115,1.0647590152527404
1768,1.0841867234474707,1.078951975626465,1.0696698510418343
1769,1.0841867234474707,-1999998.9426303757,-100000000
1770,1.0841867234474707,-1999998.9455379727,-100000000
1771,1.0841867234474707,1.075494069719201,1.0460696916468555
1772,1.0841867234474707,1.0748121203083854,1.0532855075694545
1773,1.0841867234474707,1.075190136630819,1.0565114986258062
1774,1.0841867234474707,1.0746356258633325,1.0425190753501328
1775,1.0841867234474707,-3999998.9669947475,-100000000
1776,1.0841867234474707,1.0756582520218927,1.0395158971956846
1777,1.0841867234474707,-1999998.9448535177,-100000000
1778,1.0841867234474707,1.0759707130553486,1.0594221433369517
1779,1.0841867234474707,-1999998.9440298236,-100000000
1780,1.0841867234474707,-1999998.9439272494,-100000000
1781,1.0841867234474707,1.076500781298766,1.0672074470910289
1782,1.0841867234474707,1.0779880675967453,1.0714995362627675
1783,1.0841867234474707,-1999998.9427748984,-100000000
1784,1.0841867234474707,-3999998.964314294,-100000000
1785,1.0841867234474707,-1999998.9434908936,-100000000
1786,1.0841867234474707,-1999998.9436516978,-100000000
1787,1.0841867234474707,1.07667471488098,1.0660633608396177
1788,1.0841867234474707,1.0781015828347464,1.063878215366527
1789,1.0841867234474707,1.0793317493879575,1.0672690222796153
1790,1.0841867234474707,1.0795088106306734,1.0650176236480786
1791,1.0841867234474707,-1999998.9413182267,-100000000
1792,1.0841867234474707,-3999998.9638067377,-100000000
1793,1.0841867234474707,1.0785276586406354,1.0509872141949859
1794,1.0841867234474707,-1999998.9422368673,-100000000
1795,1.0841867234474707,-1999998.9427108234,-100000000
1796,1.0841867234474707,1.077778936515525,1.0692035536896412
1797,1.0841867234474707,1.078425010427917,1.068189725473836
1798,1.0841867234474707,-1999998.942710953,-100000000
1799,1.0841867234474707,1.0786959608524571,1.0643857494590767
1800,1.0841867234474707,-1999998.9426163118,-100000000
1801,1.0841867234474707,-1999998.9438733282,-100000000
1802,1.0841867234474707,1.0764890339574225,1.0678525756386281
1803,1.0841867234474707,-1999998.9440817623,-100000000
1804,1.0841867234474707,1.077035114500809,1.066482847050747
1805,1.0841867234474707,1.0787863544819725,1.0705776611990387
1806,1.0841867234474707,-3999998.9636986014,-100000000
1807,1.0841867234474707,-1999998.943085261,-100000000
1808,1.0841867234474707,1.076767321975293,1.055216579965957
1809,1.0841867234474707,-3999998.9662863817,-100000000
1810,1.0841867234474707,-1999998.9481156454,-100000000
1811,1.0841867234474707,1.0680801739950019,1.0280358146246422
1812,1.0841867234474707,1.0714819486011633,1.0369448352082966
1813,1.0841867234474707,1.0735917950077893,1.0426497511343777
1814,1.0841867234474707,1.0762117019662518,1.0413020077335582
1815,1.0841867234474707,1.0757736817418666,1.037333747406156
1816,1.0841867234474707,-1999998.9452216232,-100000000
1817,1.0841867234474707,1.0757317233840815,1.0657080106774974
1818,1.0841867234474707,1.077015923976588,1.066645371133996
1819,1.0841867234474707,1.078574234497129,1.0570532279632439
1820,1.0841867234474707,1.0783686611772432,1.0702628903586038
1821,1.0841867234474707,1.0791273589695867,1.071602854144016
1822,1.0841867234474707,1.0798338209515166,1.0717261787852903
1823,1.0841867234474707,-1999998.941536615,-100000000
1824,1.0841867234474707,1.0795971251492253,1.0742768085615282
1825,1.0841867234474707,-1999998.9400890796,-100000000
1826,1.0841867234474707,-1999998.9412692657,-100000000
1827,1.0841867234474707,1.077678208110215,1.0574669649335413
1828,1.0841867234474707,1.078954809383172,1.0680642208894304
1829,1.0841867234474707,-1999998.9428280937,-100000000
1830,1.0841867234474707,1.0785780992897496,1.0653455626419794
1831,1.0841867234474707,1.0794401960196205,1.0679585766443362
1832,1.0841867234474707,1.0787446474917841,1.0692014366263156
1833,1.0841867234474707,-1999998.9429410964,-100000000
1834,1.0841867234474707,-1999998.9426198185,-100000000
1835,1.0841867234474707,-1999998.9438070846,-100000000
1836,1.0841867234474707,-1999998.9450137436,-100000000
1837,1.0841867234474707,-1999998.9458088232,-100000000
1838,1.0841867234474707,1.074705217493335,1.0521764443094357
1839,1.0841867234474707,1.0752465310821768,1.0537264605814274
1840,1.0841867234474707,-1999998.9454828575,-100000000
1841,1.0841867234474707,1.0750608214232606,1.0464174790649166
1842,1.0841867234474707,1.0774685314037962,1.0615262612795582
1843,1.0841867234474707,-1999998.9427019977,-100000000
1844,1.0841867234474707,1.076763136704457,1.052416183862758
1845,1.0841867234474707,1.0767685094615802,1.0503694360538862
1846,1.0841867234474707,1.076461345010693,1.0261898622483092
1847,1.0841867234474707,1.0768181565280823,1.0577800907160344
1848,1.0841867234474707,1.0771577318262417,1.0616218305537823
1849,1.0841867234474707,-1999998.944484852,-100000000
1850,1.0841867234474707,-1999998.9444361394,-100000000
1851,1.0841867234474707,-3999998.965115049,-100000000
1852,1.0841867234474707,-1999998.9453445524,-100000000
1853,1.0841867234474707,-3999998.9683332383,-100000000
1854,1.0841867234474707,-1999998.9483577097,-100000000
1855,1.0841867234474707,1.0684719790196373,1.0233948189600584
1856,1.0841867234474707,1.0681527567301448,1.0363372909046866
1857,1.0841867234474707,1.074247816922777,1.0547554366335312
1858,1.0841867234474707,-1999998.9434699141,-100000000
1859,1.0841867234474707,1.0771950216720843,1.0556771253105544
1860,1.0841867234474707,1.0768757779011393,1.0649538253578896
1861,1.0841867234474707,1.0783321684102152,1.0702644882256178
1862,1.0841867234474707,1.0788996775333166,1.0662029997318503
1863,1.0841867234474707,1.0795384508589583,1.0725073577397253
1864,1.0841867234474707,1.080017062259497,1.0736964118176122
1865,1.0841867234474707,-1999998.9416447273,-100000000
1866,1.0841867234474707,-1999998.9432048253,-100000000
1867,1.0841867234474707,1.076754118800033,1.0652369038104044
1868,1.0841867234474707,1.077708847297327,1.0634095951888982
1869,1.0841867234474707,-1999998.9433834902,-100000000
1870,1.0841867234474707,1.0780662221664157,1.0667989619689382
1871,1.0841867234474707,1.0773061912735664,1.0597883062606326
1872,1.0841867234474707,1.0773062079585232,1.0536802233601206
1873,1.0841867234474707,-1999998.945297176,-100000000
1874,1.0841867234474707,1.0759445802494774,1.0616067220193415
1875,1.0841867234474707,1.0768400618640428,1.061755169667805
1876,1.0841867234474707,-1999998.944192746,-100000000
1877,1.0841867234474707,-1999998.9476157313,-100000000
1878,1.0841867234474707,1.0738280420677146,1.047820884316804
1879,1.0841867234474707,1.0749555020186035,1.0528512849228366
1880,1.0841867234474707,1.0750215545820105,1.0605512812934192
1881,1.0841867234474707,1.0743293523666737,1.0536396800354706
1882,1.0841867234474707,-1999998.9452174888,-100000000
1883,1.0841867234474707,1.07646045630826,1.0474907151950341
1884,1.0841867234474707,-1999998.9439287472,-100000000
1885,1.0841867234474707,-1999998.944570397,-100000000
1886,1.0841867234474707,1.0767058939087573,1.0444129636483899
1887,1.0841867234474707,-1999998.942723141,-100000000
1888,1.0841867234474707,-1999998.9447630784,-100000000
1889,1.0841867234474707,-1999998.9467921024,-100000000
1890,1.0841867234474707,1.0733741549989555,1.0498988092268016
1891,1.0841867234474707,1.0755566328337816,1.054848119655446
1892,1.0841867234474707,-1999998.9467263285,-100000000
1893,1.0841867234474707,1.0719166335662866,1.0358389375160728
1894,1.0841867234474707,1.0725320831223832,1.0256766605278824
1895,1.0841867234474707,-1999998.949909405,-100000000
1896,1.0841867234474707,-1999998.9526978813,-100000000
1897,1.0841867234474707,-1999998.9534031635,-100000000
1898,1.0841867234474707,1.0667161755272254,1.0293369226264764
1899,1.0841867234474707,1.0677436897743575,1.050932719429685
1900,1.0841867234474707,1.0711166586711527,1.0440178026497764
1901,1.0841867234474707,1.0708654735065033,1.0598865276945428
1902,1.0841867234474707,1.0761523685628134,1.0620652125924117
1903,1.0841867234474707,1.0775281048087981,1.0608011850863126
1904,1.0841867234474707,1.0776973691992437,1.0631086211936034
1905,1.0841867234474707,1.0780139339166102,1.055964697876211
1906,1.0841867234474707,-1999998.9435156437,-100000000
1907,1.0841867234474707,1.07571756450753,1.0497150611534463
1908,1.0841867234474707,-3999998.965923707,-100000000
1909,1.0841867234474707,-1999998.9472164577,-100000000
1910,1.0841867234474707,1.0739724144576746,1.044904339470158
1911,1.0841867234474707,1.0725262995544613,1.0519768147882238
1912,1.0841867234474707,1.0724310491526856,1.0557136691935054
1913,1.0841867234474707,-1999998.946645771,-100000000
1914,1.0841867234474707,1.074858542239221,1.0604706037282194
1915,1.0841867234474707,-1999998.9453247283,-100000000
1916,1.0841867234474707,-3999998.9672532915,-100000000
1917,1.0841867234474707,1.0748067636270482,1.0364199979341286
1918,1.0841867234474707,-1999998.945564242,-100000000
1919,1.0841867234474707,1.0761089189383526,1.0653620749723283
1920,1.0841867234474707,-1999998.9433577182,-100000000
1921,1.0841867234474707,-1999998.9448097926,-100000000
1922,1.0841867234474707,1.0757077127105352,1.06061495060078
1923,1.0841867234474707,1.076396855260916,1.0679562223030024
1924,1.0841867234474707,1.0776097260967765,1.065632168909048
1925,1.0841867234474707,1.0782168621173767,1.0718102682905533
1926,1.0841867234474707,-1999998.9430425891,-100000000
1927,1.0841867234474707,-1999998.9435974122,-100000000
1928,1.0841867234474707,1.077587803991048,1.0497469208299186
1929,1.0841867234474707,1.0785183403498755,1.0694641980774477
1930,1.0841867234474707,1.078396865179653,1.069209842747914
1931,1.0841867234474707,1.0783778113330793,1.0694238481458567
1932,1.0841867234474707,-3999998.9638223555,-100000000
1933,1.0841867234474707,1.0793050454000293,1.069706280931587
1934,1.0841867234474707,1.0793886678342393,1.0715051065372228
1935,1.0841867234474707,-1999998.9426479947,-100000000
1936,1.0841867234474707,1.075928057868282,1.0538242429513052
1937,1.0841867234474707,1.076314608218273,1.0352481353321477
1938,1.0841867234474707,1.0764126674257535,1.0586286212077263
1939,1.0841867234474707,-1999998.9450252154,-100000000
1940,1.0841867234474707,-1999998.946811547,-100000000
1941,1.0841867234474707,1.0733130969314004,1.053978557055034
1942,1.0841867234474707,-1999998.9466436761,-100000000
1943,1.0841867234474707,1.0751779582643224,1.0613872811083014
1944,1.0841867234474707,1.0762528051794062,1.0680452243336676
1945,1.0841867234474707,-1999998.9437516974,-100000000
1946,1.0841867234474707,-1999998.9457954327,-100000000
1947,1.0841867234474707,1.0740232493072963,1.0534746713490364
1948,1.0841867234474707,-3999998.9677270027,-100000000
1949,1.0841867234474707,-1999998.9475756204,-100000000
1950,1.0841867234474707,1.0718366391153444,1.05142020940686
1951,1.0841867234474707,1.0730630281635087,1.0583776646502123
1952,1.0841867234474707,1.0753420824625537,1.0611297750712216
1953,1.0841867234474707,1.0766541578754805,1.0648419328789371
1954,1.0841867234474707,-1999998.9434458702,-100000000
1955,1.0841867234474707,-3999998.96711705,-100000000
1956,1.0841867234474707,1.0749353885354154,1.0025727949155905
1957,1.0841867234474707,1.075360550559249,1.0623300673313456
1958,1.0841867234474707,1.0756641922720553,1.0581838418764211
1959,1.0841867234474707,1.0751598955408892,1.061681352096347
1960,1.0841867234474707,1.0765076267192606,1.0656239067494218
1961,1.0841867234474707,-3999998.965055245,-100000000
1962,1.0841867234474707,-1999998.9440533603,-100000000
1963,1.0841867234474707,-1999998.9457967943,-100000000
1964,1.0841867234474707,-1999998.9466470599,-100000000
1965,1.0841867234474707,1.07239938523556,1.0249846845915427
1966,1.0841867234474707,1.0732328591131919,1.0572913334645277
1967,1.0841867234474707,-5999998.988943554,-100000000
1968,1.0841867234474707,1.0750322901,1.0527302549180995
1969,1.0841867234474707,1.0751164616758606,1.0216362715544118
1970,1.0841867234474707,1.0747339994528537,1.0625336030642634
1971,1.0841867234474707,-1999998.9445634314,-100000000
1972,1.0841867234474707,-1999998.9463442815,-100000000
1973,1.0841867234474707,-1999998.9473458948,-100000000
1974,1.0841867234474707,1.0722293611024138,1.0507189325425985
1975,1.0841867234474707,-1999998.9471661204,-100000000
1976,1.0841867234474707,-1999998.9481225144,-100000000
1977,1.0841867234474707,1.0745735144479218,1.0482028539979777
1978,1.0841867234474707,1.0757602794974803,1.0579738049585208
1979,1.0841867234474707,1.0760416249234588,1.0524099272164462
1980,1.0841867234474707,1.077211835101708,1.0597690427233921
1981,1.0841867234474707,1.0766577467129492,1.0641575174363047
1982,1.0841867234474707,-1999998.9443366127,-100000000
1983,1.0841867234474707,1.0775601308427742,1.0595701906421313
1984,1.0841867234474707,1.0788953914747375,1.071717686116351
1985,1.0841867234474707,1.0804063882265074,1.07230376132026
1986,1.0841867234474707,1.0801042911145435,1.068702973166607
1987,1.0841867234474707,-5999998.984843219,-100000000
1988,1.0841867234474707,-3999998.963886498,-100000000
1989,1.0841867234474707,1.0782732940565212,1.0706562236931907
1990,1.0841867234474707,1.0783553630020113,1.07222680815498
1991,1.0841867234474707,-1999998.942704129,-100000000
1992,1.0841867234474707,1.0771482308950269,1.05384221667665
1993,1.0841867234474707,1.0758603793150092,1.0528359724623366
1994,1.0841867234474707,1.0748033659205978,1.0609270957160652
1995,1.0841867234474707,1.074942992355752,1.0586792198445742
1996,1.0841867234474707,-1999998.9456215117,-100000000
1997,1.0841867234474707,1.0748027587663556,1.0576256652355465
1998,1.0841867234474707,-1999998.945513896,-100000000
1999,1.0841867234474707,1.0750584976889774,1.0569937617085587
2000,1.0841867234474707,1.0764538441824618,1.056932056003542
2001,1.0841867234474707,-1999998.946197667,-100000000
2002,1.0841867234474707,1.0728680780811544,1.0494253309439476
2003,1.0841867234474707,1.0738728009404037,1.0509179719221244
2004,1.0841867234474707,-1999998.9465250534,-100000000
2005,1.0841867234474707,1.0725361304001197,1.0502659711124833
2006,1.0841867234474707,-1999998.9482588468,-100000000
2007,1.0841867234474707,1.0697793879200201,1.0315825942983712
2008,1.0841867234474707,1.0699280807569642,1.0457043707828069
2009,1.0841867234474707,-1999998.9493966564,-100000000
2010,1.0841867234474707,1.068163625421712,1.0081145152824371
2011,1.0841867234474707,-1999998.9472704101,-100000000
2012,1.0841867234474707,1.0754232300188311,1.062745080969072
2013,1.0841867234474707,1.0779297312094636,1.0643833349641372
2014,1.0841867234474707,1.0798462222575511,1.0718554578160686
2015,1.0841867234474707,-5999998.983882571,-100000000
2016,1.0841867234474707,1.0800259725725732,1.0673694184568145
2017,1.0841867234474707,1.0809110956850958,1.06992999303782
2018,1.0841867234474707,1.081394145643234,1.0744112747668533
2019,1.0841867234474707,1.080964479431514,1.0747443447826202
2020,1.0841867234474707,-1999998.9407134915,-100000000
2021,1.0841867234474707,1.079475867820478,1.05162313530285
2022,1.0841867234474707,1.0790365323428457,1.0657947980839078
2023,1.0841867234474707,-1999998.9424487862,-100000000
2024,1.0841867234474707,-1999998.9449301856,-100000000
2025,1.0841867234474707,1.0764098977938035,1.0362052520280547
2026,1.0841867234474707,1.0774912657890732,1.0579038014008448
2027,1.0841867234474707,1.0792893015217337,1.0707117347247217
2028,1.0841867234474707,1.079959930936895,1.0717333890061909
2029,1.0841867234474707,-1999998.9425471085,-100000000
2030,1.0841867234474707,1.07857521564166,1.058312000159479
2031,1.0841867234474707,1.0790752180869807,1.0691634055757961
2032,1.0841867234474707,-3999998.962836027,-100000000
2033,1.0841867234474707,1.0795183886337578,1.0671451866937667
2034,1.0841867234474707,-1999998.9414548317,-100000000
2035,1.0841867234474707,1.078921924485082,1.0684051853815926
2036,1.0841867234474707,-1999998.9430431994,-100000000
2037,1.0841867234474707,1.0781728612924477,1.0687146019186635
2038,1.0841867234474707,-1999998.9422097707,-100000000
2039,1.0841867234474707,-1999998.9433711683,-100000000
2040,1.0841867234474707,-1999998.9449717028,-100000000
2041,1.0841867234474707,-1999998.9489257375,-100000000
2042,1.0841867234474707,-1999998.9542768307,-100000000
2043,1.0841867234474707,1.062581749208085,1.009133326106479
2044,1.0841867234474707,1.0651437288727335,1.0187409552647892
2045,1.0841867234474707,1.0687583751730454,1.0461603360453817
2046,1.0841867234474707,-1999998.9488364789,-100000000
2047,1.0841867234474707,1.0719815808567972,1.0492572926422246
2048,1.0841867234474707,1.0719016391848302,1.0546295659441052
2049,1.0841867234474707,-1999998.9478539876,-100000000
2050,1.0841867234474707,1.072817010805257,1.0460792495738696
2051,1.0841867234474707,-1999998.9471438718,-100000000
2052,1.0841867234474707,1.0709675491904072,1.0272466440930739
2053,1.0841867234474707,-3999998.970408702,-100000000
2054,1.0841867234474707,-1999998.9498582683,-100000000
2055,1.0841867234474707,1.0683954163818046,1.0335226536038928
2056,1.0841867234474707,1.0713982714365717,1.058897487749641
2057,1.0841867234474707,1.0763306821547638,1.0618838711578684
2058,1.0841867234474707,-1999998.9440585983,-100000000
2059,1.0841867234474707,1.0759335240819885,1.068665537111824
2060,1.0841867234474707,1.077329259383424,1.071149041105817
2061,1.0841867234474707,1.078157685239602,1.0715499453580417
2062,1.0841867234474707,1.0790179605357444,1.072516234875156
2063,1.0841867234474707,-7999999.006633559,-100000000
2064,1.0841867234474707,-3999998.9647833747,-100000000
2065,1.0841867234474707,-3999998.9655576553,-100000000
2066,1.0841867234474707,1.0752566786373217,1.055142763469043
2067,1.0841867234474707,-1999998.9442669365,-100000000
2068,1.0841867234474707,1.0726458553900364,1.0394835608299213
2069,1.0841867234474707,1.0753057539594801,1.050116996230658
2070,1.0841867234474707,1.0771349307508011,1.0537588002369134
2071,1.0841867234474707,1.0783273592882467,1.0575665983132736
2072,1.0841867234474707,-1999998.9421946479,-100000000
2073,1.0841867234474707,-1999998.9428784335,-100000000
2074,1.0841867234474707,1.0768321157605631,1.0617631562347962
2075,1.0841867234474707,1.076604748313855,1.0472395457707706
2076,1.0841867234474707,1.0770382633153082,1.0553935901667422
2077,1.0841867234474707,1.077469845401332,1.0627541734496524
2078,1.0841867234474707,-1999998.943436167,-100000000
2079,1.0841867234474707,1.0771556829067384,1.039541079992576
2080,1.0841867234474707,1.078673165400069,1.0506856309683457
2081,1.0841867234474707,1.0793025453728406,1.068025229979626
2082,1.0841867234474707,1.0799829355491124,1.070896289463997
2083,1.0841867234474707,1.0806140539745415,1.073811437554731
2084,1.0841867234474707,1.0806794442597243,1.0684479892235155
2085,1.0841867234474707,1.0804397525445502,1.0645910708044917
2086,1.0841867234474707,1.0809373434519407,1.0765787375997635
2087,1.0841867234474707,1.0804811430297319,1.0704913090855759
2088,1.0841867234474707,-1999998.941203472,-100000000
2089,1.0841867234474707,-1999998.9433942898,-100000000
2090,1.0841867234474707,1.0757175583617582,1.055322398983742
2091,1.0841867234474707,1.0738217806681076,1.0429821301790914
2092,1.0841867234474707,-1999998.9460560712,-100000000
2093,1.0841867234474707,1.0741950599417147,1.0521153378939911
2094,1.0841867234474707,1.0760665716198812,1.0495752646287508
2095,1.0841867234474707,1.0765310632751086,1.0596589476781562
2096,1.0841867234474707,-1999998.943916669,-100000000
2097,1.0841867234474707,1.077674824422787,1.0613546787263177
2098,1.0841867234474707,1.0764220296999887,1.0621477761029747
2099,1.0841867234474707,1.0779257247219578,1.05696285744125
2100,1.0841867234474707,-1999998.943272537,-100000000
2101,1.0841867234474707,1.0769968283912383,1.0571534396077154
2102,1.0841867234474707,-1999998.9435569225,-100000000
2103,1.0841867234474707,-1999998.9440460436,-100000000
2104,1.0841867234474707,-1999998.9447524548,-100000000
2105,1.0841867234474707,1.0750394863848993,1.0306809112261235
2106,1.0841867234474707,1.0772094738653095,1.063419963930186
2107,1.0841867234474707,1.0790935816474017,1.0666594106587772
2108,1.0841867234474707,1.078614668569599,1.0682594232076963
2109,1.0841867234474707,-5999998.984970842,-100000000
2110,1.0841867234474707,1.077897140839693,1.0675078025356846
2111,1.0841867234474707,1.0793951677845666,1.0656936021191208
2112,1.0841867234474707,-1999998.941588272,-100000000
2113,1.0841867234474707,1.077902470078768,1.052543987942387
2114,1.0841867234474707,1.078844787079553,1.0712347830683964
2115,1.0841867234474707,1.0787431704336132,1.0675476855954273
2116,1.0841867234474707,-1999998.9428005654,-100000000
2117,1.0841867234474707,1.0781230924337843,1.0620979490246918
2118,1.0841867234474707,-1999998.9420769718,-100000000
2119,1.0841867234474707,1.079091182672547,1.070212125286663
2120,1.0841867234474707,-1999998.9417031612,-100000000
2121,1.0841867234474707,1.07920086121386,1.073264147047115
2122,1.0841867234474707,1.0786688493785848,1.0709093974724344
2123,1.0841867234474707,-1999998.9436107967,-100000000
2124,1.0841867234474707,1.0758547324327012,1.0469980668857195
2125,1.0841867234474707,1.0773435956081139,1.05422579829557
2126,1.0841867234474707,-1999998.9433369671,-100000000
2127,1.0841867234474707,-1999998.944179404,-100000000
2128,1.0841867234474707,-1999998.9447569717,-100000000
2129,1.0841867234474707,-3999998.9674929595,-100000000
2130,1.0841867234474707,1.0733571927976364,1.0546242099165322
2131,1.0841867234474707,1.071548484025506,1.041673058001577
2132,1.0841867234474707,1.0694225028570035,1.0466671906588747
2133,1.0841867234474707,-1999998.949633742,-100000000
2134,1.0841867234474707,1.0717416635612347,1.0514933003795819
2135,1.0841867234474707,1.0730357015350591,1.0592392259940737
2136,1.0841867234474707,1.0743469344952201,1.060475337132193
2137,1.0841867234474707,1.0752560135893945,1.0565884107961803
2138,1.0841867234474707,1.075995008748414,1.0630372303620932
2139,1.0841867234474707,1.0767061642741738,1.0660429501735444
2140,1.0841867234474707,1.0777305606540921,1.0676757599209208
2141,1.0841867234474707,1.077393086650894,1.0609084870755625
2142,1.0841867234474707,1.0776003508011671,1.0632858318025749
2143,1.0841867234474707,1.077932347191969,1.0725204236099386
2144,1.0841867234474707,1.0786912650397924,1.0712321932887994
2145,1.0841867234474707,1.0780932094915538,1.0717128507423248
2146,1.0841867234474707,1.0787388762100334,1.0662194608098434
2147,1.0841867234474707,-1999998.9427191147,-100000000
2148,1.0841867234474707,-1999998.9434240884,-100000000
2149,1.0841867234474707,1.07830896294938,1.0699286138709327
2150,1.0841867234474707,-1999998.942864141,-100000000
2151,1.0841867234474707,1.077900669973376,1.0628222348321046
2152,1.0841867234474707,1.0776116778801528,1.0637211854898174
2153,1.0841867234474707,-1999998.9445352743,-100000000
2154,1.0841867234474707,1.0760449231980669,1.058086047927413
2155,1.0841867234474707,-1999998.9446948236,-100000000
2156,1.0841867234474707,1.0755049095637401,1.0502572576153186
2157,1.0841867234474707,1.075814048555668,1.0620561170684466
2158,1.0841867234474707,1.0775292975961177,1.0659205334402113
2159,1.0841867234474707,-1999998.9443343773,-100000000
2160,1.0841867234474707,1.075379388096449,1.066054234402426
2161,1.0841867234474707,-1999998.944030357,-100000000
2162,1.0841867234474707,-1999998.9453209864,-100000000
2163,1.0841867234474707,-3999998.96754372,-100000000
2164,1.0841867234474707,-1999998.946424977,-100000000
2165,1.0841867234474707,1.0746512729268165,1.0546248579876445
2166,1.0841867234474707,1.0742871962218141,1.0637020869965368
2167,1.0841867234474707,-1999998.9463256306,-100000000
2168,1.0841867234474707,1.0742067130288357,1.0597562318573903
2169,1.0841867234474707,-3999998.9694452896,-100000000
2170,1.0841867234474707,1.0719291593913218,1.0446244659543713
2171,1.0841867234474707,1.072466964437116,1.055713895228619
2172,1.0841867234474707,1.0750630030133177,1.0629007142545421
2173,1.0841867234474707,-1999998.9434288754,-100000000
2174,1.0841867234474707,1.0772597361053888,1.0605312007469032
2175,1.0841867234474707,-1999998.9431877753,-100000000
2176,1.0841867234474707,1.0768689637991344,1.0684298582832596
2177,1.0841867234474707,1.0773764995215749,1.0691715698012414
2178,1.0841867234474707,-1999998.9437046892,-100000000
2179,1.0841867234474707,1.0766819789086015,1.0615761126773027
2180,1.0841867234474707,-1999998.9443310865,-100000000
2181,1.0841867234474707,-1999998.9444116652,-100000000
2182,1.0841867234474707,1.0756644716379469,1.0656805811077172
2183,1.0841867234474707,-1999998.9466864392,-100000000
2184,1.0841867234474707,1.0751822130856021,1.024941293134536
2185,1.0841867234474707,1.0746151301621063,1.054633182862045
2186,1.0841867234474707,-1999998.9460843517,-100000000
2187,1.0841867234474707,1.0740431593868778,1.03333792332847
2188,1.0841867234474707,1.0751987207336384,1.0546111596687373
2189,1.0841867234474707,1.0761598749822747,1.058189479065768
2190,1.0841867234474707,1.0765795603547974,1.0675121318063896
2191,1.0841867234474707,-1999998.9444206974,-100000000
2192,1.0841867234474707,-1999998.9463355434,-100000000
2193,1.0841867234474707,1.073264081176042,1.053786811082273
2194,1.0841867234474707,1.0762189180225545,1.0621905705907086
2195,1.0841867234474707,1.0773764388281095,1.0654059010839612
2196,1.0841867234474707,1.0775198866939464,1.068140693456201
2197,1.0841867234474707,1.0786269498293715,1.0711134737490442
2198,1.0841867234474707,1.0793915624301387,1.0735155101382619
2199,1.0841867234474707,-1999998.9418529635,-100000000
2200,1.0841867234474707,1.079234718569235,1.0695595337006705
2201,1.0841867234474707,1.0790268680201476,1.0543759631957805
2202,1.0841867234474707,1.0788718237187078,1.0676673874720928
2203,1.0841867234474707,1.079655356859555,1.0631865634734257
2204,1.0841867234474707,-1999998.9427827927,-100000000
2205,1.0841867234474707,1.077608020117445,1.06496630695379
2206,1.0841867234474707,-1999998.9439862715,-100000000
2207,1.0841867234474707,-1999998.9449458187,-100000000
2208,1.0841867234474707,1.0763508428363142,1.0651855520484177
2209,1.0841867234474707,-3999998.9651083695,-100000000
2210,1.0841867234474707,-1999998.9444746634,-100000000
2211,1.0841867234474707,-3999998.9669981003,-100000000
2212,1.0841867234474707,-1999998.9456667285,-100000000
2213,1.0841867234474707,-1999998.948477386,-100000000
2214,1.0841867234474707,1.071664102249688,1.0514435483417608
2215,1.0841867234474707,1.0735898784714337,1.0467405345832321
2216,1.0841867234474707,1.075714320125553,1.0586468509025484
2217,1.0841867234474707,-1999998.943572814,-100000000
2218,1.0841867234474707,-3999998.9661318576,-100000000
2219,1.0841867234474707,1.0757799689692238,1.0499311338571784
2220,1.0841867234474707,1.0750024864642709,1.04778140684784
2221,1.0841867234474707,1.0747538467079438,1.0473378287096602
2222,1.0841867234474707,-3999998.967385326,-100000000
2223,1.0841867234474707,1.0745039568593164,1.056497905278996
2224,1.0841867234474707,1.0753109933372402,1.0546698679157331
2225,1.0841867234474707,1.0762066032114526,1.0652033550820832
2226,1.0841867234474707,1.0774745562434485,1.0658532483394403
2227,1.0841867234474707,-1999998.942958635,-100000000
2228,1.0841867234474707,1.0779206640426824,1.065668683545088
2229,1.0841867234474707,-1999998.9439342641,-100000000
2230,1.0841867234474707,1.0756957055017047,1.0603886813409766
2231,1.0841867234474707,1.0778239538701997,1.0680651261083818
2232,1.0841867234474707,-1999998.9422491887,-100000000
2233,1.0841867234474707,1.0785838596232886,1.0630411652067813
2234,1.0841867234474707,-1999998.9422704685,-100000000
2235,1.0841867234474707,-1999998.9428310916,-100000000
2236,1.0841867234474707,1.078300000047183,1.0540296528879791
2237,1.0841867234474707,1.0787476633839708,1.0666879718491646
2238,1.0841867234474707,1.079896785564339,1.0688550199374194
2239,1.0841867234474707,1.0802504202660363,1.0733099380284614
2240,1.0841867234474707,-1999998.9411100482,-100000000
2241,1.0841867234474707,1.0795939541056794,1.0717670931553132
2242,1.0841867234474707,1.079483234303284,1.0642368910229996
2243,1.0841867234474707,1.0791539580762044,1.0697251882397665
2244,1.0841867234474707,-1999998.9412436923,-100000000
2245,1.0841867234474707,1.079756187236612,1.0667558190258364
2246,1.0841867234474707,-1999998.9413129287,-100000000
2247,1.0841867234474707,1.0803550216607567,1.0736294111391285
2248,1.0841867234474707,1.0802892958766357,1.0732612586208794
2249,1.0841867234474707,1.080721649231983,1.070976583707282
2250,1.0841867234474707,-1999998.9409923903,-100000000
2251,1.0841867234474707,-3999998.9629415204,-100000000
2252,1.0841867234474707,1.0790353451979233,1.0663245836810895
2253,1.0841867234474707,-3999998.9634843348,-100000000
2254,1.0841867234474707,1.0787864683090511,1.0625227197439178
2255,1.0841867234474707,1.0790442541429623,1.0708624098825665
2256,1.0841867234474707,-1999998.942438589,-100000000
2257,1.0841867234474707,1.0771607194502641,1.059826481526853
2258,1.0841867234474707,-1999998.9446714623,-100000000
2259,1.0841867234474707,1.074929078982621,1.065051203367348
2260,1.0841867234474707,-1999998.946128529,-100000000
2261,1.0841867234474707,-1999998.9473862357,-100000000
2262,1.0841867234474707,1.0732900808084656,1.0492873910923282
2263,1.0841867234474707,-1999998.9471576023,-100000000
2264,1.0841867234474707,1.0717287255751955,1.0377022419276165
2265,1.0841867234474707,1.0723518169896464,1.0416918452922816
2266,1.0841867234474707,1.0719049272442487,1.0548205786228413
2267,1.0841867234474707,1.0729418461391012,1.0574213305370759
2268,1.0841867234474707,-1999998.9467394631,-100000000
2269,1.0841867234474707,1.0754872709546897,1.0635148302602722
2270,1.0841867234474707,1.076737802013376,1.0636906449017483
2271,1.0841867234474707,-1999998.943651949,-100000000
2272,1.0841867234474707,1.0768396227033283,1.0568338248937492
2273,1.0841867234474707,1.0780891499870233,1.0619201894304133
2274,1.0841867234474707,1.0781167911698877,1.0670662978573906
2275,1.0841867234474707,1.0782213806662064,1.0506355078394205
2276,1.0841867234474707,1.079375533774827,1.070817414149501
2277,1.0841867234474707,-1999998.9419566689,-100000000
2278,1.0841867234474707,1.078762900763337,1.0647413159541474
2279,1.0841867234474707,1.078979112917662,1.0733122972858828
2280,1.0841867234474707,-1999998.941688942,-100000000
2281,1.0841867234474707,1.078955620369848,1.0725194653993242
2282,1.0841867234474707,1.0796929011868244,1.0718031260932834
2283,1.0841867234474707,-1999998.9425844515,-100000000
2284,1.0841867234474707,1.0767846859800534,1.0603000638229376
2285,1.0841867234474707,1.077468427922291,1.054686337193825
2286,1.0841867234474707,1.0784534859899682,1.0622013196660407
2287,1.0841867234474707,1.0774726928296396,1.0593397721833413
2288,1.0841867234474707,-1999998.943513233,-100000000
2289,1.0841867234474707,1.0759287247672251,1.059527173390991
2290,1.0841867234474707,1.0769262342668857,1.0623739358317565
2291,1.0841867234474707,-1999998.944282619,-100000000
2292,1.0841867234474707,1.0745382215274868,1.0505110242681095
2293,1.0841867234474707,-1999998.9447058656,-100000000
2294,1.0841867234474707,1.075565736682859,1.0635439105438178
2295,1.0841867234474707,1.07725706613692,1.063569594944613
2296,1.0841867234474707,1.077713568934374,1.0664408015748603
2297,1.0841867234474707,1.0789807369203401,1.068786958037133
2298,1.0841867234474707,1.0790335334545786,1.072793183311154
2299,1.0841867234474707,-1999998.9423366042,-100000000
2300,1.0841867234474707,1.079061956727244,1.0718551693752931
2301,1.0841867234474707,1.0794360305145871,1.0731445145790295
2302,1.0841867234474707,-1999998.941435854,-100000000
2303,1.0841867234474707,-1999998.9423384785,-100000000
2304,1.0841867234474707,1.078772547688452,1.070884681989442
2305,1.0841867234474707,-1999998.9421445443,-100000000
2306,1.0841867234474707,1.0783377203397866,1.0666754054482626
2307,1.0841867234474707,1.0792837076865929,1.072420650274374
2308,1.0841867234474707,1.079668898551566,1.0699813296460394
2309,1.0841867234474707,1.079731614696519,1.0742686793521434
2310,1.0841867234474707,1.0813329577987512,1.074643437023226
2311,1.0841867234474707,1.0816352545905226,1.075704393236732
2312,1.0841867234474707,1.0816296726170913,1.0722228624166195
2313,1.0841867234474707,1.0810324053118385,1.069236223809341
2314,1.0841867234474707,1.079501261772566,1.0471203671021136
2315,1.0841867234474707,-1999998.9420577146,-100000000
2316,1.0841867234474707,1.0792654272353293,1.0658464235711667
2317,1.0841867234474707,-5999998.985453214,-100000000
2318,1.0841867234474707,1.0786583998498545,1.0575177530130169
2319,1.0841867234474707,-1999998.9424869716,-100000000
2320,1.0841867234474707,-1999998.9426840707,-100000000
2321,1.0841867234474707,1.077805278268596,1.0704296460507345
2322,1.0841867234474707,1.0789118874982224,1.07337094263649
2323,1.0841867234474707,1.080444392515857,1.0661466848884928
2324,1.0841867234474707,-1999998.9411961904,-100000000
2325,1.0841867234474707,-1999998.9420445457,-100000000
2326,1.0841867234474707,1.0776143876160484,1.0668706625809192
2327,1.0841867234474707,-1999998.944717539,-100000000
2328,1.0841867234474707,1.0747762808154249,1.0533954518247608
2329,1.0841867234474707,1.0758094940355363,1.0641256348951353
2330,1.0841867234474707,-1999998.9449330566,-100000000
2331,1.0841867234474707,1.074691551493471,1.0591430517301883
2332,1.0841867234474707,1.0746880321015297,1.0541426773599305
2333,1.0841867234474707,1.074748538381623,1.0531548947757514
2334,1.0841867234474707,1.0750259600902923,1.0565967582399969
2335,1.0841867234474707,1.0755124195285313,1.0609894165381737
2336,1.0841867234474707,1.0766678308572326,1.065380045197141
2337,1.0841867234474707,-1999998.9433802608,-100000000
2338,1.0841867234474707,1.0768511276525397,1.0706589201865087
2339,1.0841867234474707,-3999998.965950987,-100000000
2340,1.0841867234474707,1.0754678509488194,1.0634528497242393
2341,1.0841867234474707,1.0763923773954758,1.0649275983311726
2342,1.0841867234474707,-1999998.9457750672,-100000000
2343,1.0841867234474707,1.0760667664243464,1.0682733607349246
2344,1.0841867234474707,1.077902850338652,1.0645136468350458
2345,1.0841867234474707,1.077949826013255,1.06998548995535
2346,1.0841867234474707,1.0789707964014708,1.0708245377801782
2347,1.0841867234474707,-1999998.941623289,-100000000
2348,1.0841867234474707,1.0790356038757674,1.0556516881026896
2349,1.0841867234474707,1.0802025984174533,1.0680580706296294
2350,1.0841867234474707,-1999998.9407515025,-100000000
2351,1.0841867234474707,1.0798275198378784,1.0497213504387595
2352,1.0841867234474707,1.0803414587756945,1.0712364232330485
2353,1.0841867234474707,-1999998.9412977311,-100000000
2354,1.0841867234474707,1.07942912868866,1.0697782258736472
2355,1.0841867234474707,-1999998.9424527574,-100000000
2356,1.0841867234474707,-1999998.9441473847,-100000000
2357,1.0841867234474707,-3999998.9663674706,-100000000
2358,1.0841867234474707,1.0760527356124918,1.0663328226907989
2359,1.0844296373530076,-1999998.943547122,-100000000
2360,1.0844296373530076,-1999998.9438575571,-100000000
2361,1.0844296373530076,1.077890784608916,1.0599011535489382
2362,1.0844296373530076,-1999998.9439470046,-100000000
2363,1.0844296373530076,1.0758259386003364,1.0594530609936919
2364,1.0844296373530076,1.0767344553250344,1.0677054491462528
2365,1.0844296373530076,1.0773425011838165,1.0662386935165888
2366,1.0844296373530076,1.0791025497720295,1.0697615546877888
2367,1.0844296373530076,1.0801636485546957,1.0589863353587252
2368,1.0844296373530076,-1999998.9408103772,-100000000
2369,1.0844296373530076,1.0803562694485482,1.0686273661073264
2370,1.0844296373530076,1.0805937325646715,1.0675045371890244
2371,1.0844296373530076,1.0814342465833249,1.0770019491478193
2372,1.0844296373530076,-3999998.9614918744,-100000000
2373,1.0844296373530076,1.0812261539291395,1.0771214652736074
2374,1.0844296373530076,1.0813672400576433,1.076536062864058
2375,1.0844296373530076,1.0813711065343694,1.076549793010543
2376,1.0844296373530076,1.0819759769554675,1.0764639493091925
2377,1.0844296373530076,1.081901156950768,1.0741450431936541
2378,1.0844296373530076,-1999998.9397519685,-100000000
2379,1.0844296373530076,-7999999.005780585,-100000000
2380,1.0844296373530076,1.0802084793435913,1.069657218434669
2381,1.0844296373530076,1.0799676494091184,1.0745039366593168
2382,1.0844296373530076,1.0803965462684888,1.072544943096747
2383,1.0844296373530076,1.08073394453785,1.0749658575976808
2384,1.0844296373530076,1.0819909007374957,1.0762441325984249
2385,1.0844296373530076,-1999998.9394050185,-100000000
2386,1.0844296373530076,1.0812734432973192,1.0727437908479662
2387,1.0844296373530076,-1999998.9399930395,-100000000
2388,1.0844296373530076,1.0815541131602036,1.0757052237787565
2389,1.0844296373530076,1.0811867133890494,1.0610474312157532
2390,1.0844296373530076,1.0814367442038213,1.0674691387406536
2391,1.0844296373530076,1.0807311399840893,1.0698173776173743
2392,1.0844296373530076,1.0814500751456817,1.076705355673297
2393,1.0844296373530076,1.0817914204268684,1.0737101564362777
2394,1.0844296373530076,1.0816000678351285,1.0737072735524942
2395,1.0844296373530076,1.081415479375461,1.0759086561223057
2396,1.0844296373530076,1.0813585669444554,1.0708544851747053
2397,1.0844296373530076,1.081176251381396,1.072989542888843
2398,1.0844296373530076,-1999998.939669618,-100000000
2399,1.0844296373530076,-1999998.940497729,-100000000
2400,1.0844296373530076,1.080320078673901,1.0729391469257574
2401,1.0844296373530076,1.0807124802496673,1.072835364559628
2402,1.0844296373530076,-1999998.9408102944,-100000000
2403,1.0844296373530076,-3999998.96383906,-100000000
2404,1.0844296373530076,-3999998.9643632364,-100000000
2405,1.0844296373530076,-1999998.9448964268,-100000000
2406,1.0844296373530076,-1999998.9459339443,-100000000
2407,1.0844296373530076,1.073924572413593,1.020000784768209
2408,1.0844296373530076,-1999998.9457150283,-100000000
2409,1.0844296373530076,1.074907041814679,1.0650655237990692
2410,1.0844296373530076,-1999998.945351177,-100000000
2411,1.0844296373530076,-1999998.9467302377,-100000000
2412,1.0844296373530076,-1999998.946776882,-100000000
2413,1.0844296373530076,-5999998.990789817,-100000000
2414,1.0844296373530076,-1999998.94779771,-100000000
2415,1.0844296373530076,-1999998.9484667473,-100000000
2416,1.0844296373530076,1.0714101688036228,1.055301242542587
2417,1.0844296373530076,-1999998.9464750031,-100000000
2418,1.0844296373530076,1.0735947101517187,1.0469009131216533
2419,1.0844296373530076,1.076378179400156,1.059466446546964
2420,1.0844296373530076,1.0779225501431018,1.0661511503514423
2421,1.0844296373530076,1.0799191254515745,1.0643148930887705
2422,1.0844296373530076,1.0809331536520599,1.0754500265311449
2423,1.0844296373530076,-1999998.9405225527,-100000000
2424,1.0844296373530076,1.0803878358891787,1.0657647389052536
2425,1.0844296373530076,1.0805022595195395,1.071237580989214
2426,1.0844296373530076,-3999998.9628100977,-100000000
2427,1.0844296373530076,-1999998.9412155715,-100000000
2428,1.0844296373530076,1.0796380091268645,1.0675778684982504
2429,1.0844296373530076,1.0794358919101879,1.0680910988266241
2430,1.0844296373530076,1.0789158499289748,1.0639742696341616
2431,1.0844296373530076,1.0794721221168653,1.0715264291453361
2432,1.0844296373530076,1.0794533551925896,1.0622096063320787
2433,1.0844296373530076,1.0794960653680152,1.0597889368952333
2434,1.0844296373530076,1.0798104050702715,1.0672165423652313
2435,1.0844296373530076,1.0809109555406724,1.0686175067794728
2436,1.0844296373530076,1.0809382951852107,1.0676957795015163
2437,1.0844296373530076,1.0812286515815916,1.0750555468287588
2438,1.0844296373530076,1.0810259963288202,1.0738418201988797
2439,1.0844296373530076,1.0814483598536677,1.0749980076212373
2440,1.0844296373530076,-1999998.9393756122,-100000000
2441,1.0844296373530076,1.0815045776296697,1.0714851293239058
2442,1.0844296373530076,1.0812949154215032,1.0744890653765813
2443,1.0844296373530076,-1999998.9401550577,-100000000
2444,1.0844296373530076,1.0800228904261422,1.072589737933497
2445,1.0844296373530076,1.0808408575058652,1.0720377333200495
2446,1.0844296373530076,1.080111592855168,1.0676775496155395
2447,1.0844296373530076,1.0799088842917903,1.068233096053146
2448,1.0844296373530076,1.0805478227351368,1.0725871999466614
2449,1.0844296373530076,1.081097716464611,1.0742427453828143
2450,1.0844296373530076,-3999998.962265707,-100000000
2451,1.0844296373530076,1.080176991784503,1.0710205071951528
2452,1.0844296373530076,1.0796527304643668,1.0674182907256613
2453,1.0844296373530076,1.0791015351719024,1.0521954720305051
2454,1.0844296373530076,-1999998.942114956,-100000000
2455,1.0844296373530076,1.0786404758769854,1.0665539816886134
2456,1.0844296373530076,1.079338460386527,1.064335180282143
2457,1.0844296373530076,-1999998.9412946682,-100000000
2458,1.0844296373530076,-1999998.941986082,-100000000
2459,1.0844296373530076,1.0783131274985756,1.071524631312081
2460,1.0844296373530076,-1999998.9426730778,-100000000
2461,1.0844296373530076,-3999998.965440228,-100000000
2462,1.0844296373530076,-1999998.9447240976,-100000000
2463,1.0844296373530076,1.0758744504282676,1.0554412447233272
2464,1.0844296373530076,-1999998.9449427074,-100000000
2465,1.0844296373530076,-1999998.9455967622,-100000000
2466,1.0844296373530076,1.0762844166789132,1.058727533982379
2467,1.0844296373530076,1.0770069075016313,1.0630679967182521
2468,1.0844296373530076,1.0792733423130967,1.0678326476331292
2469,1.0844296373530076,1.0788739627077495,1.062095012941764
2470,1.0844296373530076,1.0795476133037272,1.0716419248761575
2471,1.0844296373530076,1.0802733510949627,1.0732483934843313
2472,1.0844296373530076,1.081052504104452,1.0747692700861968
2473,1.0844296373530076,1.0810897161168003,1.075555836386929
2474,1.0844296373530076,-1999998.9401715482,-100000000
2475,1.0844296373530076,1.0805081863156634,1.0643097465995686
2476,1.0844296373530076,1.0804148794275845,1.0711315056051312
2477,1.0844296373530076,-1999998.941405622,-100000000
2478,1.0844296373530076,1.0796533472843128,1.0633887832799829
2479,1.0844296373530076,1.079275622842482,1.065218365623136
2480,1.0844296373530076,1.0792944322722733,1.0691245867259722
2481,1.0844296373530076,1.080019913027594,1.0741569223598417
2482,1.0844296373530076,1.0802360977454641,1.0697953845627883
2483,1.0844296373530076,1.0799746939843604,1.070032322191469
2484,1.0844296373530076,1.0798766516118556,1.071776377104833
2485,1.0844296373530076,-1999998.9414869633,-100000000
2486,1.0844296373530076,1.0801807795939105,1.0721422186554483
2487,1.0844296373530076,-1999998.9414122151,-100000000
2488,1.0844296373530076,-1999998.942102295,-100000000
2489,1.0844296373530076,1.0785219558935313,1.0644686448119751
2490,1.0844296373530076,-1999998.9416788036,-100000000
2491,1.0844296373530076,1.0792972843501103,1.0700894908854095
2492,1.0844296373530076,1.0799324614762775,1.0701585168537653
2493,1.0844296373530076,-1999998.9398712858,-100000000
2494,1.0844296373530076,1.081418356259032,1.070967404547185
2495,1.0844296373530076,-1999998.9401654445,-100000000
2496,1.0844296373530076,1.0808970660014183,1.0726348786387372
2497,1.0844296373530076,1.081271792927107,1.0733440459137928
2498,1.0844296373530076,1.0814538949237034,1.075545773909384
2499,1.0844296373530076,-1999998.9391261297,-100000000
2500,1.0844296373530076,-3999998.9611228956,-100000000
2501,1.0844296373530076,1.0822338280429111,1.0776030085650519
2502,1.0844296373530076,-1999998.9389782795,-100000000
2503,1.0844296373530076,1.0822718476313036,1.0740807684981144
2504,1.0844296373530076,1.0820181599156309,1.0749822422447441
2505,1.0844296373530076,-1999998.9394008475,-100000000
2506,1.0844296373530076,1.081364117076574,1.0692643797807166
2507,1.0844296373530076,-1999998.9399592844,-100000000
2508,1.0844296373530076,-5999998.983968846,-100000000
2509,1.0844296373530076,1.078506316812425,1.063826058590297
2510,1.0844296373530076,1.0796044269429275,1.060803408539709
2511,1.0844296373530076,1.0810265706842541,1.0632036040681034
2512,1.0844296373530076,-1999998.9414019396,-100000000
2513,1.0844296373530076,-1999998.9424021156,-100000000
2514,1.0844296373530076,1.0769954804524458,1.0547304590969726
2515,1.0844296373530076,1.0787174630196141,1.0594823606088708
2516,1.0844296373530076,1.0802881765725472,1.0732991592410817
2517,1.0844296373530076,-1999998.9412858868,-100000000
2518,1.0844296373530076,1.0797888787539522,1.0557024660898429
2519,1.0844296373530076,1.0793205264499044,1.0674332004209965
2520,1.0844296373530076,1.0799610164442448,1.067155924473664
2521,1.0844296373530076,1.0801761576606248,1.06890946870559
2522,1.0844296373530076,1.0798362602183307,1.0696974883380481
2523,1.0844296373530076,-1999998.9407853177,-100000000
2524,1.0844296373530076,-1999998.9417698833,-100000000
2525,1.0844296373530076,-5999998.985496296,-100000000
2526,1.0844296373530076,1.0782149728053385,1.043957548250656
2527,1.0844296373530076,-1999998.9434091982,-100000000
2528,1.0844296373530076,1.0774608334566402,1.0649885480900156
2529,1.0844296373530076,-1999998.9427134362,-100000000
2530,1.0844296373530076,1.0779412302307034,1.0687050715302004
2531,1.0844296373530076,1.080123496328957,1.0701627012351858
2532,1.0844296373530076,1.0801314584170993,1.0735788446513903
2533,1.0844296373530076,1.0811722992741502,1.074438308203912
2534,1.0844296373530076,1.081839575113895,1.0764696968039142
2535,1.0844296373530076,1.0821652805369415,1.0774580146652686
2536,1.0844296373530076,-1999998.9392612914,-100000000
2537,1.0844296373530076,-1999998.939997419,-100000000
2538,1.0844296373530076,1.0811581889901836,1.0695309062366567
2539,1.0844296373530076,1.0812897089656017,1.0738878492865385
2540,1.0844296373530076,-1999998.9397029043,-100000000
2541,1.0844296373530076,1.0808780678903482,1.0716544291703052
2542,1.0844296373530076,1.0818353776002712,1.0776828379794905
2543,1.0844296373530076,1.081934654485263,1.0746848080456108
2544,1.0844296373530076,-3999998.9617836643,-100000000
2545,1.0844296373530076,-1999998.9408953893,-100000000
2546,1.0844296373530076,-1999998.9410998381,-100000000
2547,1.0844296373530076,1.0804152232285027,1.0725460096893544
2548,1.0844296373530076,1.0807422120872383,1.0740081046604197
2549,1.0844296373530076,1.081497933690063,1.0773248817944714
2550,1.0844296373530076,-1999998.9396478345,-100000000
2551,1.0844296373530076,-5999998.983565947,-100000000
2552,1.0844296373530076,-1999998.940691604,-100000000
2553,1.0844296373530076,1.0800733164531577,1.0631707344356602
2554,1.0844296373530076,-3999998.9634958575,-100000000
2555,1.0844296373530076,1.079490879487174,1.0625874237319877
2556,1.0844296373530076,1.079445213762908,1.0700300696673866
2557,1.0844296373530076,1.0794149030732518,1.0677887479581707
2558,1.0844296373530076,1.0798239095795976,1.0697050307807603
2559,1.0844296373530076,1.0796771517050272,1.0716990444450034
2560,1.0844296373530076,1.0796989133627444,1.0751809289116245
2561,1.0844296373530076,1.080467970001232,1.072833393093504
2562,1.0844296373530076,1.081548037312086,1.070775339606294
2563,1.0844296373530076,1.0806347793894602,1.0688656057235972
2564,1.0844296373530076,-3999998.9620912466,-100000000
2565,1.0844296373530076,1.080216910603147,1.0724829611503637
2566,1.0844296373530076,1.0808377431037572,1.069310727736684
2567,1.0844296373530076,1.0814811098733568,1.074713882398245
2568,1.0844296373530076,-1999998.9400991225,-100000000
2569,1.0844296373530076,1.080349065938048,1.0662645809818105
2570,1.0844296373530076,1.080283051247491,1.0705967736894477
2571,1.0844296373530076,1.0801638535286942,1.0698793869536902
2572,1.0844296373530076,1.0798684534766678,1.0677881311816868
2573,1.0844296373530076,-1999998.9405228896,-100000000
2574,1.0844296373530076,-1999998.9407175088,-100000000
2575,1.0844296373530076,1.0806701559229033,1.0680652625573364
2576,1.0844296373530076,-1999998.9412994587,-100000000
2577,1.0844296373530076,1.0792793065689372,1.060674891249807
2578,1.0844296373530076,1.0795490875561389,1.0690171487480828
2579,1.0844296373530076,-1999998.9413417,-100000000
2580,1.0844296373530076,-1999998.9425344325,-100000000
2581,1.0844296373530076,1.0768727047720914,1.0560817838880419
2582,1.0844296373530076,-1999998.9423089307,-100000000
2583,1.0844296373530076,1.0776032326190255,1.0597853409317581
2584,1.0844296373530076,1.0785660371075543,1.0711266646447992
2585,1.0844296373530076,-1999998.9413383622,-100000000
2586,1.0844296373530076,-1999998.9422799167,-100000000
2587,1.0844296373530076,1.0796308851516956,1.0717840398069682
2588,1.0844296373530076,1.0807436813352667,1.0722981540292096
2589,1.0844296373530076,-1999998.9406116745,-100000000
2590,1.0844296373530076,-1999998.9419522553,-100000000
2591,1.0844296373530076,-1999998.942142906,-100000000
2592,1.0844296373530076,1.0786110171561054,1.066342871476333
2593,1.0844296373530076,-1999998.941312532,-100000000
2594,1.0844296373530076,-1999998.9414449134,-100000000
2595,1.0844296373530076,-1999998.9415577448,-100000000
2596,1.0844296373530076,1.0800217463164092,1.0706301703431143
2597,1.0844296373530076,1.0799194681915614,1.072589156858898
2598,1.0844296373530076,1.0800266923123598,1.070206785478892
2599,1.0844296373530076,1.080171142789989,1.0697018443015769
2600,1.0844296373530076,1.0805247875899355,1.0712405798520332
2601,1.0844296373530076,-1999998.9403552955,-100000000
2602,1.0844296373530076,1.0800306325157443,1.0663397543824304
2603,1.0844296373530076,-3999998.962944192,-100000000
2604,1.0844296373530076,-1999998.9427693351,-100000000
2605,1.0844296373530076,-1999998.9443965892,-100000000
2606,1.0844296373530076,1.0771868084723457,1.046911822790488
2607,1.0844296373530076,-1999998.9446713433,-100000000
2608,1.0844296373530076,1.0751927996763646,1.0501648763235987
2609,1.0844296373530076,1.0751444035936077,1.0533957388637027
2610,1.0844296373530076,1.0779913275625557,1.0610334591899593
2611,1.0844296373530076,-1999998.9418097935,-100000000
2612,1.0844296373530076,1.0783826601312734,1.0643829738619393
2613,1.0844296373530076,-3999998.963914203,-100000000
2614,1.0844296373530076,1.0781961586441449,1.0664104300103499
2615,1.0844296373530076,1.0792522629766244,1.0711417269677557
2616,1.0844296373530076,1.0813542908693357,1.0735630992147076
2617,1.0844296373530076,-1999998.9402945992,-100000000
2618,1.0844296373530076,-1999998.9417269942,-100000000
2619,1.0844296373530076,1.0785158678764675,1.0608827760026167
2620,1.0844296373530076,1.0804823257870537,1.069052993335111
2621,1.0844296373530076,1.0797180359917262,1.074602969761742
2622,1.0844296373530076,1.0803349749440627,1.0720861840738798
2623,1.0844296373530076,1.0810073076509745,1.0742677629292285
2624,1.0844296373530076,-1999998.9406450568,-100000000
2625,1.0844296373530076,1.0801386819457615,1.0701950216098874
2626,1.0844296373530076,1.0803511910168409,1.0635857080156703
2627,1.0844296373530076,-3999998.962648321,-100000000
2628,1.0844296373530076,-1999998.9418034982,-100000000
2629,1.0844296373530076,1.0795882288560135,1.0665285407808773
2630,1.0844296373530076,1.080419795784647,1.0732366083153506
2631,1.0844296373530076,1.0818041808123424,1.0774290640269673
2632,1.0844296373530076,1.0811043867839936,1.0734489322742156
2633,1.0844296373530076,1.0814192956320767,1.0728890266571685
2634,1.0844296373530076,-3999998.961527488,-100000000
2635,1.0844296373530076,1.0810532573312934,1.0640413516754976
2636,1.0844296373530076,1.0808403180895676,1.0704031938130831
2637,1.0844296373530076,-1999998.9412825897,-100000000
2638,1.0844296373530076,-3999998.96378502,-100000000
2639,1.0844296373530076,-5999998.986952479,-100000000
2640,1.0844296373530076,-1999998.9446295616,-100000000
2641,1.0844296373530076,-3999998.968724745,-100000000
2642,1.0844296373530076,1.074324237060235,1.0488766812179775
2643,1.0844296373530076,-1999998.9443868417,-100000000
2644,1.0844296373530076,-1999998.9462748421,-100000000
2645,1.0844296373530076,-1999998.9460757175,-100000000
2646,1.0844296373530076,-1999998.9465189371,-100000000
2647,1.0844296373530076,-1999998.9484937522,-100000000
2648,1.0844296373530076,1.0712053007307554,1.0106072350410842
2649,1.0844296373530076,1.0745364950702114,1.0634542102616305
2650,1.0844296373530076,-1999998.9456931278,-100000000
2651,1.0844296373530076,1.0749893764099532,1.0541690337708256
2652,1.0844296373530076,-3999998.965080085,-100000000
2653,1.0844296373530076,-1999998.943309755,-100000000
2654,1.0844296373530076,-3999998.9665396037,-100000000
2655,1.0844296373530076,-3999998.968609311,-100000000
2656,1.0844296373530076,1.0727533201808572,1.0524730403508595
2657,1.0844296373530076,1.073331636115188,1.0514888445534076
2658,1.0844296373530076,1.0736018297123124,1.0256756502642042
2659,1.0844296373530076,1.074572860208573,1.0570406052252048
2660,1.0844296373530076,-1999998.9452975264,-100000000
2661,1.0844296373530076,1.0748562650302778,1.0456542179443722
2662,1.0844296373530076,1.0768123491871777,1.0527759362000406
2663,1.0844296373530076,1.078103258049342,1.0645864179229518
2664,1.0844296373530076,1.0799196853402053,1.0707232886750049
2665,1.0844296373530076,1.080703105799169,1.0734845179649115
2666,1.0844296373530076,1.0801393351797153,1.0707953700345776
2667,1.0844296373530076,1.0808884994219907,1.0732931396051972
2668,1.0844296373530076,1.0806748058216078,1.0665937225472895
2669,1.0844296373530076,1.0803797422728225,1.0643318768134487
2670,1.0844296373530076,-3999998.963207479,-100000000
2671,1.0844296373530076,-1999998.9421374013,-100000000
2672,1.0844296373530076,1.0783053624226058,1.0516026510030252
2673,1.0844296373530076,1.0779971480395196,1.06757902765466
2674,1.0844296373530076,-1999998.9429019562,-100000000
2675,1.0844296373530076,1.0768196476280052,1.0596910343949268
2676,1.0844296373530076,1.077989384867559,1.0671067925747244
2677,1.0844296373530076,1.078502450046906,1.067588654647345
2678,1.0844296373530076,1.0787363456345214,1.0643874141030918
2679,1.0844296373530076,-1999998.9416304904,-100000000
2680,1.0844296373530076,1.0783656698065482,1.058879851058274
2681,1.0844296373530076,-1999998.9416378597,-100000000
2682,1.0844296373530076,1.0799571279707694,1.0728812842050086
2683,1.0844296373530076,1.0803708909647456,1.0704989732483692
2684,1.0844296373530076,1.079392314774596,1.0533857592311957
2685,1.0844296373530076,1.0799569932605626,1.0720938830146172
2686,1.0844296373530076,-1999998.9414258176,-100000000
2687,1.0844296373530076,-1999998.9430204888,-100000000
2688,1.0844296373530076,1.076372036943923,1.0570799727785132
2689,1.0844296373530076,1.0792707355174413,1.0433897390327727
2690,1.0844296373530076,1.0808812560918937,1.0741161934405983
2691,1.0844296373530076,1.0810157382807064,1.075387866810249
2692,1.0844296373530076,1.08124293743284,1.0741214575993894
2693,1.0844296373530076,1.0818670165405766,1.0733741351008939
2694,1.0844296373530076,-1999998.9396818515,-100000000
2695,1.0844296373530076,-1999998.939750843,-100000000
2696,1.0844296373530076,1.0811160033651193,1.0719224174906898
2697,1.0844296373530076,1.0817514065229354,1.075822158445006
2698,1.0844296373530076,1.0827981816876568,1.0777560909909785
2699,1.0844296373530076,1.0827975174085231,1.0763660024170836
2700,1.0844296373530076,1.0826136612768729,1.0755033220760146
2701,1.0844296373530076,1.08276305475648,1.078865867791213
2702,1.0844296373530076,1.0831416389865047,1.078691627649503
2703,1.0844296373530076,1.082971090812005,1.0783666682059414
2704,1.0844296373530076,-1999998.9391871723,-100000000
2705,1.0844296373530076,1.0812864621568041,1.0545484314602689
2706,1.0844296373530076,1.0815853052078772,1.0752452044675034
2707,1.0844296373530076,-1999998.9401802167,-100000000
2708,1.0844296373530076,-3999998.963059901,-100000000
2709,1.0844296373530076,-1999998.9426840812,-100000000
2710,1.0844296373530076,-1999998.9435149815,-100000000
2711,1.0844296373530076,1.0772868385616783,1.067175699798533
2712,1.0844296373530076,1.078189037738796,1.0642938163278988
2713,1.0844296373530076,-5999998.98601944,-100000000
2714,1.0844296373530076,-1999998.9442299502,-100000000
2715,1.0844296373530076,1.075731731056659,1.0263172511466478
2716,1.0844296373530076,1.0792387516132003,1.0612122087251148
2717,1.0844296373530076,-1999998.9409743007,-100000000
2718,1.0844296373530076,-1999998.9412542526,-100000000
2719,1.0844296373530076,-1999998.9415683916,-100000000
2720,1.0844296373530076,-1999998.9413292985,-100000000
2721,1.0844296373530076,-3999998.963229009,-100000000
2722,1.0844296373530076,-5999998.98627775,-100000000
2723,1.0844296373530076,1.0765545272487556,1.0611281274269695
2724,1.0844296373530076,1.0740549318457193,1.0396957170422723
2725,1.0844296373530076,1.0745188163941264,1.055207216992204
2726,1.0844296373530076,-3999998.96678802,-100000000
2727,1.0844296373530076,1.07554094669921,1.0622591754844843
2728,1.0844296373530076,1.0764326238469248,1.0602269832373499
2729,1.0844296373530076,-1999998.9448565638,-100000000
2730,1.0844296373530076,1.0757771084152092,1.0598361040977227
2731,1.0844296373530076,1.0785047415758646,1.0624903714029816
2732,1.0844296373530076,1.07990904340115,1.0658770304983718
2733,1.0844296373530076,-1999998.9410605503,-100000000
2734,1.0844296373530076,1.0794479600302167,1.0627279835978658
2735,1.0844296373530076,-1999998.9420130448,-100000000
2736,1.0844296373530076,1.0781551266595846,1.0625820014166385
2737,1.0844296373530076,-1999998.9429644218,-100000000
2738,1.0844296373530076,1.0785140166910971,1.0645699479572255
2739,1.0844296373530076,1.0784315605065857,1.0653681138699358
2740,1.0844296373530076,1.0789971439421235,1.072308111368033
2741,1.0844296373530076,1.08115320886229,1.0711532463807534
2742,1.0844296373530076,1.082023349896398,1.0739514728491137
2743,1.0844296373530076,1.082112296098966,1.0763389293870942
2744,1.0844296373530076,1.0823337875149395,1.0787291376118513
2745,1.0844296373530076,1.082207206612496,1.0714778276664707
2746,1.0844296373530076,-7999999.004352882,-100000000
2747,1.0844296373530076,1.08139281837331,1.067787166890275
2748,1.0844296373530076,-5999998.9834706,-100000000
2749,1.0844296373530076,-1999998.9414349734,-100000000
2750,1.0844296373530076,1.0795720491677339,1.0681378294721668
2751,1.0844296373530076,-5999998.984234907,-100000000
2752,1.0844296373530076,1.0792799070502228,1.071630305847343
2753,1.0844296373530076,1.0803238071184627,1.0677707806360919
2754,1.0844296373530076,1.0795769256818237,1.0725645784260722
2755,1.0844296373530076,-1999998.9422818455,-100000000
2756,1.0844296373530076,-3999998.964583156,-100000000
2757,1.0844296373530076,1.07804006433855,1.016796901405915
2758,1.0844296373530076,1.0790541673175533,1.0512451972990469
2759,1.0844296373530076,1.0785229639446512,1.0642846092280378
2760,1.0844296373530076,1.0802299175278838,1.0703009460414583
2761,1.0844296373530076,1.0809967223613628,1.0698017244826
2762,1.0844296373530076,-3999998.962143642,-100000000
2763,1.0844296373530076,-3999998.962572007,-100000000
2764,1.0844296373530076,1.080753905826049,1.0735631136547283
2765,1.0844296373530076,-3999998.961492115,-100000000
2766,1.0844296373530076,1.0814689810212146,1.0724826252645947
2767,1.0844296373530076,-1999998.9396193067,-100000000
2768,1.0844296373530076,-3999998.961237066,-100000000
2769,1.0844296373530076,-1999998.9398602268,-100000000
2770,1.0844296373530076,1.0804987959374968,1.0646839600909919
2771,1.0844296373530076,-1999998.9409747599,-100000000
2772,1.0844296373530076,1.079715132973862,1.0678563500456795
2773,1.0844296373530076,1.0799431838789793,1.0656124805068052
2774,1.0844296373530076,-1999998.9418625988,-100000000
2775,1.0844296373530076,1.0785813923564458,1.0679432982824406
2776,1.0844296373530076,1.0788308369591888,1.0652215463213148
2777,1.0844296373530076,-1999998.9414292288,-100000000
2778,1.0844296373530076,1.079984029731361,1.0708112528722913
2779,1.0844296373530076,-1999998.9422833242,-100000000
2780,1.0844296373530076,1.0778801683670942,1.044751590006956
2781,1.0844296373530076,-1999998.9443543477,-100000000
2782,1.0844296373530076,1.07599255763897,1.0508004911055704
2783,1.0844296373530076,-1999998.9427646168,-100000000
2784,1.0844296373530076,1.079936536211968,1.0619884841297538
2785,1.0844296373530076,1.0803147777970308,1.0559817021162456
2786,1.0844296373530076,-1999998.940218053,-100000000
2787,1.0844296373530076,-1999998.9407998587,-100000000
2788,1.0844296373530076,-1999998.9415148178,-100000000
2789,1.0844296373530076,-1999998.9421622052,-100000000
2790,1.0844296373530076,-1999998.9435845313,-100000000
2791,1.0844296373530076,1.0774640643586837,1.0413342909831924
2792,1.0844296373530076,-1999998.9442562815,-100000000
2793,1.0844296373530076,-1999998.9469649289,-100000000
2794,1.0844296373530076,-1999998.947331372,-100000000
2795,1.0844296373530076,1.0713742435074005,1.0137976718273394
2796,1.0844296373530076,1.0735097491170509,1.0448547934345078
2797,1.0844296373530076,1.0757806099822405,1.0490696975125782
2798,1.0844296373530076,1.0769245750984067,1.0660605778738488
2799,1.0844296373530076,-5999998.985329629,-100000000
2800,1.0844296373530076,-1999998.9427572535,-100000000
2801,1.0844296373530076,-1999998.9431115838,-100000000
2802,1.0844296373530076,-1999998.9433175423,-100000000
2803,1.0844296373530076,1.077446228129955,1.0601637500819614
2804,1.0844296373530076,-1999998.9426492276,-100000000
2805,1.0844296373530076,1.0780786689419364,1.0603638107659856
2806,1.0844296373530076,1.0795843279491064,1.0661882391813207
2807,1.0844296373530076,1.0807600854834094,1.0711581704764264
2808,1.0844296373530076,1.0809198390882506,1.0742853327806472
2809,1.0844296373530076,1.0813420091902821,1.073214097448947
2810,1.0844296373530076,-1999998.9401044054,-100000000
2811,1.0844296373530076,-1999998.9424764633,-100000000
2812,1.0844296373530076,-1999998.944501215,-100000000
2813,1.0844296373530076,1.0754114478243668,1.0317701481246015
2814,1.0844296373530076,1.0749518194086107,1.0559373100712168
2815,1.0844296373530076,1.0756908993989764,1.030664575306122
2816,1.0844296373530076,1.0766072424139927,1.0388103648896134
2817,1.0844296373530076,1.0774984674053585,1.0581205209197444
2818,1.0844296373530076,1.0790276310125941,1.0678994304997942
2819,1.0844296373530076,-3999998.9628194296,-100000000
2820,1.0844296373530076,1.0801124833831455,1.0707816451110141
2821,1.0844296373530076,-3999998.962402074,-100000000
2822,1.0844296373530076,-1999998.9421489441,-100000000
2823,1.0844296373530076,1.0790725006589212,1.064629902364663
2824,1.0844296373530076,-3999998.96489477,-100000000
2825,1.0844296373530076,1.075616287017797,1.0332282924586926
2826,1.0844296373530076,-1999998.9452971485,-100000000
2827,1.0844296373530076,1.0750655348769298,1.0084731342352813
2828,1.0844296373530076,-1999998.9442028226,-100000000
2829,1.0844296373530076,1.0769479074115194,1.0574483917836792
2830,1.0844296373530076,1.077112127849793,1.0647906044333633
2831,1.0844296373530076,1.0772789703700285,1.0672008862389832
2832,1.0844296373530076,-1999998.9436776964,-100000000
2833,1.0844296373530076,1.0758601894046473,1.0586319030422218
2834,1.0844296373530076,-1999998.94439134,-100000000
2835,1.0844296373530076,-1999998.9440039457,-100000000
2836,1.0844296373530076,-3999998.9661768987,-100000000
2837,1.0844296373530076,1.0764251798481488,1.038137490064802
2838,1.0844296373530076,-1999998.9426575857,-100000000
2839,1.0844296373530076,-1999998.9434282535,-100000000
2840,1.0844296373530076,-1999998.9437752396,-100000000
2841,1.0844296373530076,-1999998.9448050754,-100000000
2842,1.0844296373530076,-3999998.9687396055,-100000000
2843,1.0844296373530076,1.0722015594647565,1.025311259356081
2844,1.0844296373530076,1.0743715934152207,1.0653438874398926
2845,1.0844296373530076,-1999998.945656483,-100000000
2846,1.0844296373530076,-1999998.9454052942,-100000000
2847,1.0844296373530076,1.0764835104742405,1.0460548388639448
2848,1.0844296373530076,1.0763296288790019,1.0623942192318072
2849,1.0844296373530076,1.0766987425762113,1.0635582387194995
2850,1.0844296373530076,-1999998.943864771,-100000000
2851,1.0844296373530076,1.077028811896249,1.05557075152923
2852,1.0844296373530076,1.0791187119185148,1.068734490248461
2853,1.0844296373530076,1.0794062574433085,1.0702914879818977
2854,1.0844296373530076,-1999998.9414072155,-100000000
2855,1.0844296373530076,1.0788646434679918,1.058118038468535
2856,1.0844296373530076,1.0793035494144398,1.0664514122095214
2857,1.0844296373530076,1.0795789074427544,1.073311703343567
2858,1.0844296373530076,1.0802861700853439,1.070870313008793
2859,1.0844296373530076,-1999998.9402943936,-100000000
2860,1.0844296373530076,1.0805890272668035,1.0745954116887813
2861,1.0844296373530076,1.0812641430566563,1.075310332443518
2862,1.0844296373530076,1.0815036056768084,1.0771176738335595
2863,1.0844296373530076,1.082123716262154,1.0788352892870985
2864,1.0844296373530076,1.0821138262802477,1.0756520542256642
2865,1.0844296373530076,-1999998.9394887565,-100000000
2866,1.0844296373530076,1.0816621893262353,1.0761317274648106
2867,1.0844296373530076,1.081555413791272,1.0768304297906353
2868,1.0844296373530076,-1999998.9397491245,-100000000
2869,1.0844296373530076,-5999998.983680999,-100000000
2870,1.0844296373530076,1.080109215591035,1.0686502548540084
2871,1.0844296373530076,1.080305059213876,1.0688293886418816
2872,1.0844296373530076,1.0801675484579738,1.0689875546409744
2873,1.0844296373530076,1.0806287464946953,1.0670675154352982
2874,1.0844296373530076,-1999998.9405769974,-100000000
2875,1.0844296373530076,1.079815000362058,1.0702449384747403
2876,1.0844296373530076,-1999998.9411312882,-100000000
2877,1.0844296373530076,1.0792081889750724,1.067442742455023
2878,1.0844296373530076,1.0790269456125123,1.069849347344214
2879,1.0844296373530076,1.0798696283925855,1.0735501267083079
2880,1.0844296373530076,-1999998.9407694407,-100000000
2881,1.0844296373530076,1.0793343677941125,1.0616100874300225
2882,1.0844296373530076,1.0788621609887774,1.0682576413535307
2883,1.0844296373530076,1.0799047906433497,1.0699762328763043
2884,1.0844296373530076,1.0800091738660416,1.071037084672391
2885,1.0844296373530076,-3999998.9625496627,-100000000
2886,1.0844296373530076,-1999998.9416762895,-100000000
2887,1.0844296373530076,1.0783738798901257,1.0480816454148054
2888,1.0844296373530076,-3999998.964147631,-100000000
2889,1.0844296373530076,-1999998.9442511052,-100000000
2890,1.0844296373530076,-1999998.9471707863,-100000000
2891,1.0844296373530076,1.0731866995979846,1.01033731673223
2892,1.0844296373530076,1.0758166784961432,1.0554342158200485
2893,1.0844296373530076,1.0766246210803403,1.0558927490939656
2894,1.0844296373530076,-1999998.943059178,-100000000
2895,1.0844296373530076,1.0785399955273929,1.0713435548646721
2896,1.0844296373530076,1.079715080099866,1.0698115197807403
2897,1.0844296373530076,1.0809028700778205,1.0739514441881024
2898,1.0844296373530076,1.0808731457004117,1.0744064210681084
2899,1.0844296373530076,1.0812898218746478,1.0767610194762538
2900,1.0844296373530076,1.0810115847054165,1.0750371363246565
2901,1.0844296373530076,-1999998.940381237,-100000000
2902,1.0844296373530076,-5999998.984469817,-100000000
2903,1.0844296373530076,1.0780932562900452,1.0507825093770267
2904,1.0844296373530076,1.0797884014007422,1.0612079891435884
2905,1.0844296373530076,1.0797730451183372,1.0660452415707642
2906,1.0844296373530076,-1999998.9408732608,-100000000
2907,1.0844296373530076,1.079662183704903,1.0671275574709016
2908,1.0844296373530076,1.0805745116522754,1.0730056407668422
2909,1.0844296373530076,-1999998.941104363,-100000000
2910,1.0844296373530076,1.0792970722155437,1.0645558583300545
2911,1.0844296373530076,-1999998.9432171704,-100000000
2912,1.0844296373530076,1.075783295415353,1.0371275497493773
2913,1.0844296373530076,1.0764854891699662,1.0361873184186026
2914,1.0844296373530076,1.0772228046054106,1.0473925301041436
2915,1.0844296373530076,1.0786775327046048,1.059930722530492
2916,1.0844296373530076,-1999998.9430755242,-100000000
2917,1.0844296373530076,-1999998.944046092,-100000000
2918,1.0844296373530076,1.0770669160607647,1.062917773234719
2919,1.0844296373530076,-1999998.9416489783,-100000000
2920,1.0844296373530076,-1999998.9419505813,-100000000
2921,1.0844296373530076,1.0787253421318217,1.0685947779332015
2922,1.0844296373530076,1.0800462062019458,1.0706069660044566
2923,1.0844296373530076,-1999998.9403923443,-100000000
2924,1.0844296373530076,1.081088783054365,1.0736156467038607
2925,1.0844296373530076,1.081583419543998,1.076637528351018
2926,1.0844296373530076,1.0821390860057196,1.077093231230554
2927,1.0844296373530076,1.08236685642305,1.0763234863493976
2928,1.0844296373530076,-1999998.938784982,-100000000
2929,1.0844296373530076,-1999998.9395695687,-100000000
2930,1.0844296373530076,-1999998.9401584258,-100000000
2931,1.0844296373530076,-3999998.9633234562,-100000000
2932,1.0844296373530076,-1999998.9443538836,-100000000
2933,1.0844296373530076,1.0758161118456824,1.0462313895407118
2934,1.0844296373530076,1.075969916279278,1.0511525256022773
2935,1.0844296373530076,-1999998.9444420782,-100000000
2936,1.0844296373530076,1.0756215217144534,1.0509267450088398
2937,1.0844296373530076,1.0775627426138719,1.0479121633823048
2938,1.0844296373530076,1.0787991933404302,1.0602876743400556
2939,1.0844296373530076,1.079195450385579,1.070951789364515
2940,1.0844296373530076,1.0792924539979187,1.0677699744870206
2941,1.0844296373530076,1.0802672778026194,1.0705010930115466
2942,1.0844296373530076,1.0807358811907606,1.0727379721057568
2943,1.0844296373530076,1.0814610083343021,1.0756266579057316
2944,1.0844296373530076,1.0816051856419953,1.073743181159975
2945,1.0844296373530076,1.081648116375979,1.0759982546366822
2946,1.0844296373530076,-3999998.961827285,-100000000
2947,1.0844296373530076,1.0811536350157296,1.0762400135103096
2948,1.0844296373530076,-3999998.961344144,-100000000
2949,1.0844296373530076,-3999998.961631762,-100000000
2950,1.0844296373530076,1.0802494028135847,1.0631350143443212
2951,1.0844296373530076,1.0799463021869256,1.0719623509046317
2952,1.0844296373530076,1.0812340688442543,1.0771621889368248
2953,1.0844296373530076,1.08223525906007,1.0771174937187569
2954,1.0844296373530076,-1999998.9393122827,-100000000
2955,1.0844296373530076,1.0819205191010344,1.0737769234788639
2956,1.0844296373530076,1.0822210487873363,1.0767618232539191
2957,1.0844296373530076,-1999998.9395458084,-100000000
2958,1.0844296373530076,-1999998.9401433652,-100000000
2959,1.0844296373530076,1.0797324372149795,1.0511318967733077
2960,1.0844296373530076,1.0799611592380536,1.0664931559712771
2961,1.0844296373530076,1.07999603160174,1.0653955047619363
2962,1.0844296373530076,1.0799939687992823,1.062252938041082
2963,1.0844296373530076,-1999998.9410124305,-100000000
2964,1.0844296373530076,-1999998.9414407422,-100000000
2965,1.0844296373530076,1.07973565619294,1.0682851917198775
2966,1.0844296373530076,-3999998.962936723,-100000000
2967,1.0844296373530076,1.0793796962311497,1.061239101901039
2968,1.0844296373530076,-1999998.9418877068,-100000000
2969,1.0844296373530076,-1999998.9432426277,-100000000
2970,1.0844296373530076,1.0773618300315528,1.062917530248007
2971,1.0844296373530076,1.0781268721876764,1.069735008899444
2972,1.0844296373530076,1.0794748713762852,1.0729379897625992
2973,1.0844296373530076,1.0791468327208436,1.058940472816813
2974,1.0844296373530076,1.0790626420274165,1.0700293246704602
2975,1.0844296373530076,-1999998.9413661023,-100000000
2976,1.0844296373530076,-1999998.942349357,-100000000
2977,1.0844296373530076,1.0773323159247272,1.0486311632641585
2978,1.0844296373530076,1.076971602442357,1.0506060984981072
2979,1.0844296373530076,1.0770103594790112,1.0544753931253303
2980,1.0844296373530076,1.0765422476203186,1.0434480149353638
2981,1.0844296373530076,-1999998.9460349644,-100000000
2982,1.0844296373530076,1.0730328789057824,1.0517021889489628
2983,1.0844296373530076,-1999998.9464672802,-100000000
2984,1.0844296373530076,-3999998.9696338545,-100000000
2985,1.0844296373530076,-1999998.9506766128,-100000000
2986,1.0844296373530076,1.0687571986020803,1.0335306036433096
2987,1.0844296373530076,1.073951041197495,1.0483533649764387
2988,1.0844296373530076,1.0756570256428146,1.054367439123069
2989,1.0844296373530076,1.077506818735163,1.0677983230555477
2990,1.0844296373530076,1.0787164469794357,1.0667267538726883
2991,1.0844296373530076,-1999998.9425503875,-100000000
2992,1.0844296373530076,-1999998.943252626,-100000000
2993,1.0844296373530076,1.077054664570167,1.0592661798812855
2994,1.0844296373530076,1.0784615676246465,1.07061531105517
2995,1.0844296373530076,-1999998.9420816407,-100000000
2996,1.0844296373530076,1.0801074586568142,1.0735566303967174
2997,1.0844296373530076,1.0806041084035434,1.0684232154978122
2998,1.0844296373530076,-3999998.9619587422,-100000000
2999,1.0844296373530076,1.0803534911960322,1.070360515988733
3000,1.0844296373530076,-1999998.940580658,-100000000
3001,1.0844296373530076,1.0807982547300992,1.0714969949305206
3002,1.0844296373530076,-1999998.940763393,-100000000
3003,1.0844296373530076,1.0804755398595438,1.07340754634198
3004,1.0844296373530076,1.0804357026526876,1.0660033455229394
3005,1.0844296373530076,1.0806718202522074,1.062829453107304
3006,1.0844296373530076,1.080080569238027,1.0736642670190397
3007,1.0844296373530076,-1999998.9404698182,-100000000
3008,1.0844296373530076,-5999998.983877471,-100000000
3009,1.0844296373530076,-1999998.942213467,-100000000
3010,1.0844296373530076,1.0787469847467395,1.0641334386803256
3011,1.0844296373530076,1.0804349798437745,1.065351690446934
3012,1.0844296373530076,1.080411324606642,1.0682189485077722
3013,1.0844296373530076,1.0808019913042535,1.0700537076471623
3014,1.0844296373530076,1.0817353220223243,1.0755778753157914
3015,1.0844296373530076,1.0818057965557613,1.0772262766576364
3016,1.0844296373530076,1.0820225165024329,1.0775120996251821
3017,1.0844296373530076,-1999998.9401441095,-100000000
3018,1.0844296373530076,1.0809033157783587,1.0756728141742444
3019,1.0844296373530076,-1999998.9401791757,-100000000
3020,1.0844296373530076,1.0814538520966568,1.0777919012123087
3021,1.0844296373530076,-1999998.9399409466,-100000000
3022,1.0844296373530076,1.081621525894296,1.0772795595659592
3023,1.0844296373530076,-1999998.939109381,-100000000
3024,1.0844296373530076,1.0815799718147838,1.076642291971172
3025,1.0844296373530076,-1999998.94047534,-100000000
3026,1.0844296373530076,1.079756395251751,1.071802894513581
3027,1.0844296373530076,-7999999.005768042,-100000000
3028,1.0844296373530076,1.07985528244131,1.0668000869721463
3029,1.0844296373530076,-1999998.942332466,-100000000
3030,1.0844296373530076,1.0780717958614445,1.0672041910549406
3031,1.0844296373530076,1.0791921998562353,1.0696644037808447
3032,1.0844296373530076,1.0795222950035943,1.0721325417482293
3033,1.0844296373530076,1.0794420454591804,1.0682629735191282
3034,1.0844296373530076,1.079564141833816,1.0532964079193348
3035,1.0844296373530076,-1999998.9418695366,-100000000
3036,1.0844296373530076,1.0796792168986462,1.0699801697251965
3037,1.0844296373530076,1.079923539834131,1.0704428359270741
3038,1.0844296373530076,1.0806824887033253,1.0717614446033759
3039,1.0844296373530076,1.080660091266948,1.072302722424245
3040,1.0844296373530076,1.0805796227580233,1.0736916987041343
3041,1.0844296373530076,1.0805674201076403,1.0702045866494139
3042,1.0844296373530076,1.0806553134777352,1.0761339396227667
3043,1.0844296373530076,-1999998.9401422928,-100000000
3044,1.0844296373530076,-3999998.9623268964,-100000000
3045,1.0844296373530076,-3999998.9629293815,-100000000
3046,1.0844296373530076,-1999998.9412670338,-100000000
3047,1.0844296373530076,-3999998.9635080467,-100000000
3048,1.0844296373530076,1.078227936211542,1.0457002867851104
3049,1.0844296373530076,1.0790726959472214,1.044852602855701
3050,1.0844296373530076,-3999998.9643957485,-100000000
3051,1.0844296373530076,1.0769324202913386,1.0290046440039178
3052,1.0844296373530076,1.0779764937674425,1.0406951407045548
3053,1.0844296373530076,1.0771888524737887,1.0588533171962786
3054,1.0844296373530076,1.0767484772552995,1.0484690807659063
3055,1.0844296373530076,1.0778669344013947,1.068260801250223
3056,1.0844296373530076,-1999998.9432896837,-100000000
3057,1.0844296373530076,-1999998.943798134,-100000000
3058,1.0844296373530076,1.0770584341772695,1.0602375879640449
3059,1.0844296373530076,1.0775333484361436,1.0651511631450323
3060,1.0844296373530076,1.0782008596552426,1.0696281607434122
3061,1.0844296373530076,1.078845974783159,1.0689747543557369
3062,1.0844296373530076,-1999998.9417047647,-100000000
3063,1.0844296373530076,-1999998.9429045834,-100000000
3064,1.0844296373530076,-1999998.9432010704,-100000000
3065,1.0844296373530076,-1999998.9429067888,-100000000
3066,1.0844296373530076,1.078890364603141,1.061662602217255
3067,1.0844296373530076,1.0797868021956503,1.0688363902229996
3068,1.0844296373530076,1.0803552971663826,1.06777287448628
3069,1.0844296373530076,-3999998.962098444,-100000000
3070,1.0844296373530076,-1999998.9404453905,-100000000
3071,1.0844296373530076,1.0798631828964687,1.0608161754139735
3072,1.0844296373530076,-3999998.9641133077,-100000000
3073,1.0844296373530076,1.0777899308588423,1.0642369885726115
3074,1.0844296373530076,1.0784747745409768,1.0598752724777019
3075,1.0844296373530076,-1999998.9427740646,-100000000
3076,1.0844296373530076,-1999998.9446293705,-100000000
3077,1.0844296373530076,1.0738725978148465,1.0493966746779382
3078,1.0844296373530076,1.0752603600671975,1.0472102736963893
3079,1.0844296373530076,1.0784212472877888,1.0564992635101689
3080,1.0844296373530076,1.078244156936624,1.0630156073636225
3081,1.0844296373530076,1.0783131392888268,1.0671676586489052
3082,1.0844296373530076,1.0797294001100903,1.0676980440073296
3083,1.0844296373530076,-5999998.985129532,-100000000
3084,1.0844296373530076,1.0778276172993784,1.0374611966254073
3085,1.0844296373530076,1.0792908745246246,1.06508185400883
3086,1.0844296373530076,1.079664225891279,1.0705360444597134
3087,1.0844296373530076,-1999998.9410253782,-100000000
3088,1.0844296373530076,1.079729318177728,1.027614488699382
3089,1.0844296373530076,-3999998.962123254,-100000000
3090,1.0844296373530076,1.0800117219428818,1.0718649519899093
3091,1.0844296373530076,1.080297482792767,1.0683168170491535
3092,1.0844296373530076,1.081170897070188,1.0730387500301557
3093,1.0844296373530076,1.0817358139781248,1.0728832305604472
3094,1.0844296373530076,-1999998.9402166945,-100000000
3095,1.0844296373530076,-1999998.9426501766,-100000000
3096,1.0844296373530076,1.0778097874088366,1.0668513317216002
3097,1.0844296373530076,-1999998.9424432258,-100000000
3098,1.0844296373530076,-1999998.9428925097,-100000000
3099,1.0844296373530076,1.076913335823989,1.0331575838970055
3100,1.0844296373530076,1.0775590102794725,1.0533950643488728
3101,1.0844296373530076,1.0778634799561595,1.0615262749154653
3102,1.0844296373530076,-3999998.964449868,-100000000
3103,1.0844296373530076,1.0775400409286062,1.0620390095990109
3104,1.0844296373530076,1.0790963245343406,1.0679762234172347
3105,1.0844296373530076,1.0787932788567158,1.065864177564325
3106,1.0844296373530076,-3999998.964253336,-100000000
3107,1.0844296373530076,1.0765004367909115,1.0622607728282636
3108,1.0844296373530076,1.077444286077149,1.0569599012693216
3109,1.0844296373530076,1.077583207394647,1.0654836060478603
3110,1.0844296373530076,-3999998.9645064487,-100000000
3111,1.0844296373530076,1.0785549970300448,1.0701923222036975
3112,1.0844296373530076,-1999998.9422294144,-100000000
3113,1.0844296373530076,-1999998.943438265,-100000000
3114,1.0844296373530076,1.0756576891309773,1.0392345101528873
3115,1.0844296373530076,-1999998.9468111696,-100000000
3116,1.0844296373530076,-3999998.969236151,-100000000
3117,1.0844296373530076,1.0751860700037368,1.0219905258433886
3118,1.0844296373530076,1.0764199959605587,1.0595512148534159
3119,1.0844296373530076,1.0767959351349463,1.0662047365659613
3120,1.0844296373530076,1.0776920288113074,1.0679155597631182
3121,1.0844296373530076,-1999998.9443843355,-100000000
3122,1.0844296373530076,1.0762881148966772,1.0620739733469025
3123,1.0844296373530076,-1999998.9440730768,-100000000
3124,1.0844296373530076,1.0750756753586697,1.060065250517772
3125,1.0844296373530076,-1999998.9452905422,-100000000
3126,1.0844296373530076,1.0744756230530912,1.0636830869874985
3127,1.0844296373530076,1.0751779831343586,1.0613698863205485
3128,1.0844296373530076,-1999998.9469678483,-100000000
3129,1.0844296373530076,-1999998.9492687935,-100000000
3130,1.0844296373530076,-1999998.9491992062,-100000000
3131,1.0844296373530076,1.0705470592461723,1.0532889106298815
3132,1.0844296373530076,1.0711817653783193,1.0116091134047676
3133,1.0844296373530076,1.0723458612342294,1.0325515589775782
3134,1.0844296373530076,1.072482639899667,1.0499291698195603
3135,1.0844296373530076,1.0735466940371894,1.0370902975469396
3136,1.0844296373530076,1.0742572010543134,1.0580026578639925
3137,1.0844296373530076,1.0750002296919374,1.0582529255017163
3138,1.0844296373530076,-1999998.9450757843,-100000000
3139,1.0844296373530076,1.0770323155253285,1.060589672578091
3140,1.0844296373530076,-7999999.00821064,-100000000
3141,1.0844296373530076,1.0772560002154732,1.0646469371380225
3142,1.0844296373530076,1.078657589355923,1.066592525845829
3143,1.0844296373530076,1.0796638971187895,1.0680107008594617
3144,1.0844296373530076,1.0797486096370275,1.0721738441397233
3145,1.0844296373530076,1.080315944733136,1.0717666402876467
3146,1.0844296373530076,-1999998.941005249,-100000000
3147,1.0844296373530076,1.0792098189526318,1.0725103550651167
3148,1.0844296373530076,-1999998.9424619481,-100000000
3149,1.0844296373530076,-1999998.9430915683,-100000000
3150,1.0844296373530076,1.077168900437887,1.0577249976737897
3151,1.0844296373530076,-5999998.9853219,-100000000
3152,1.0844296373530076,-1999998.9432803316,-100000000
3153,1.0844296373530076,-1999998.944371561,-100000000
3154,1.0844296373530076,1.076276846826362,1.0426736034906747
3155,1.0844296373530076,1.0770617071497097,1.057292827611215
3156,1.0844296373530076,-3999998.9661859213,-100000000
3157,1.0844296373530076,-1999998.9442315751,-100000000
3158,1.0844296373530076,-1999998.945116394,-100000000
3159,1.0844296373530076,-1999998.945778548,-100000000
3160,1.0844296373530076,-1999998.9459588975,-100000000
3161,1.0844296373530076,1.0746574462223637,1.0476863947638204
3162,1.0844296373530076,-1999998.9462527835,-100000000
3163,1.0844296373530076,1.0751550580148252,1.046590177689166
3164,1.0844296373530076,1.0760272780949456,1.062678136480349
3165,1.0844296373530076,1.077531112708697,1.065481771710231
3166,1.0844296373530076,-1999998.9423442665,-100000000
3167,1.0844296373530076,-1999998.943951623,-100000000
3168,1.0844296373530076,1.0767243871317413,1.0441299882802606
3169,1.0844296373530076,1.0747258452835422,1.0402436345764565
3170,1.0844296373530076,1.0767320980057802,1.057779609274069
3171,1.0844296373530076,1.0764819939477954,1.0510899849412954
3172,1.0844296373530076,-1999998.9443125818,-100000000
3173,1.0844296373530076,1.0756274214601234,1.0527610412345516
3174,1.0844296373530076,-1999998.9442946238,-100000000
3175,1.0844296373530076,1.0768830919897217,1.060082479346745
3176,1.0844296373530076,1.0779974172332663,1.069823178010583
3177,1.0844296373530076,-1999998.9415038642,-100000000
3178,1.0844296373530076,-1999998.9423284,-100000000
3179,1.0844296373530076,1.078965844890571,1.0686057698314297
3180,1.0844296373530076,1.0801534653641527,1.0713398254574114
3181,1.0844296373530076,-1999998.9408112091,-100000000
3182,1.0844296373530076,1.0795692873788036,1.0675353240632748
3183,1.0844296373530076,-3999998.9631471024,-100000000
3184,1.0844296373530076,1.0798697115507256,1.0709662464672969
3185,1.0844296373530076,1.0809970586788644,1.0706570245853992
3186,1.0844296373530076,-1999998.9407343513,-100000000
3187,1.0844296373530076,-1999998.9412048927,-100000000
3188,1.0844296373530076,1.0783355347544892,1.065172601281851
3189,1.0844296373530076,1.0801318639141329,1.0717956234270842
3190,1.0844296373530076,1.0804448686971835,1.0736914185356965
3191,1.0844296373530076,-3999998.9626837466,-100000000
3192,1.0844296373530076,-1999998.9414821228,-100000000
3193,1.0844296373530076,1.0786161180218379,1.0593284016289777
3194,1.0844296373530076,-1999998.942859161,-100000000
3195,1.0844296373530076,-1999998.9440589182,-100000000
3196,1.0844296373530076,-1999998.9449465647,-100000000
3197,1.0844296373530076,1.0747017629145779,1.0553259264500767
3198,1.0844296373530076,1.0763640776230279,1.0658540548667528
3199,1.0844296373530076,-1999998.9451948488,-100000000
3200,1.0844296373530076,1.076509874067069,1.0625105238745929
3201,1.0844296373530076,1.0771432194668062,1.061398228219363
3202,1.0844296373530076,1.0778651063479245,1.0646447676563247
3203,1.0844296373530076,-1999998.9427766711,-100000000
3204,1.0844296373530076,1.0768522526706403,1.0524786397465684
3205,1.0844296373530076,1.0764459656285938,1.064123564479028
3206,1.0844296373530076,1.077345568280018,1.0538219700471934
3207,1.0844296373530076,1.0772802069022402,1.065839546178637
3208,1.0844296373530076,1.0784470054357271,1.0661413903237609
3209,1.0844296373530076,1.0784923443764003,1.069542978610205
3210,1.0844296373530076,1.0800177510016187,1.0695493715454316
3211,1.0844296373530076,1.0811115772328024,1.0731988755167188
3212,1.0844296373530076,1.0823315735109633,1.0780771176660489
3213,1.0844296373530076,1.0826674603837707,1.0788098392425427
3214,1.0844296373530076,-3999998.960412043,-100000000
3215,1.0844296373530076,1.0824367541229822,1.0772195652719425
3216,1.0844296373530076,1.0824590231464204,1.0750499292575308
3217,1.0844296373530076,1.0825715698387197,1.0771038223138532
3218,1.0844296373530076,-1999998.9398752209,-100000000
3219,1.0844296373530076,1.0804828201267196,1.0642382293875783
3220,1.0844296373530076,1.0812948754431515,1.066992211144696
3221,1.0844296373530076,1.0814043631486339,1.0725879508250178
3222,1.0844296373530076,-1999998.94000534,-100000000
3223,1.0844296373530076,1.0805305359512247,1.0708746720805815
3224,1.0844296373530076,-1999998.9411803104,-100000000
3225,1.0844296373530076,-3999998.9635107345,-100000000
3226,1.0844296373530076,-1999998.9439130414,-100000000
3227,1.0844296373530076,-1999998.945687925,-100000000
3228,1.0844296373530076,-1999998.9474859238,-100000000
3229,1.0844296373530076,1.0732973306425222,1.0286016879758517
3230,1.0844296373530076,1.0749635037402177,1.0368916901092353
3231,1.0844296373530076,1.0758107012435516,1.0665610600107036
3232,1.0844296373530076,1.07724691233285,1.0617668880180597
3233,1.0844296373530076,1.0780385791231877,1.0575396977505864
3234,1.0844296373530076,1.0781412110490431,1.0650291984880487
3235,1.0844296373530076,1.079828271023507,1.071357149726902
3236,1.0844296373530076,1.0796070857764892,1.070943672425852
3237,1.0844296373530076,1.0802294613466552,1.0709176425091134
3238,1.0844296373530076,1.0805793894551357,1.0724467031197864
3239,1.0844296373530076,-1999998.9409414283,-100000000
3240,1.0844296373530076,-3999998.963696113,-100000000
3241,1.0844296373530076,-1999998.9430719437,-100000000
3242,1.0844296373530076,-1999998.9443153418,-100000000
3243,1.0844296373530076,-1999998.94574114,-100000000
3244,1.0844296373530076,1.0737131923083232,1.0457995020185045
3245,1.0844296373530076,-1999998.9458525255,-100000000
3246,1.0844296373530076,1.0744922894335016,1.0419067631027783
3247,1.0844296373530076,1.074945234049878,1.061557791499971
3248,1.0844296373530076,1.076771689841937,1.0636253100723554
3249,1.0844296373530076,-1999998.9440066584,-100000000
3250,1.0844296373530076,1.076792459806239,1.051515152824496
3251,1.0844296373530076,1.0771676165944972,1.057485364322996
3252,1.0844296373530076,-1999998.9446183303,-100000000
3253,1.0844296373530076,-1999998.9453262389,-100000000
3254,1.0844296373530076,1.075122680976779,1.0589859348302872
3255,1.0844296373530076,1.07533368766176,1.0582283290733852
3256,1.0844296373530076,1.0749565463991804,1.0629164261002493
3257,1.0844296373530076,1.0768738446804462,1.0648975568181367
3258,1.0844296373530076,1.0779075583064965,1.0524873244453457
3259,1.0844296373530076,1.0787757265202897,1.0644224482153737
3260,1.0844296373530076,1.0789092829615199,1.0677721023228681
3261,1.0844296373530076,1.0796912142288215,1.0689394911259131
3262,1.0844296373530076,1.0798211088191338,1.0696437066259747
3263,1.0844296373530076,-3999998.963221414,-100000000
3264,1.0844296373530076,1.0787861549203077,1.0650065704451488
3265,1.0844296373530076,-1999998.9427604163,-100000000
3266,1.0844296373530076,-1999998.9437230178,-100000000
3267,1.0844296373530076,1.0757259732505404,1.0493824064621573
3268,1.0844296373530076,1.0772679146373396,1.0627503906900508
3269,1.0844296373530076,1.0785956453245134,1.0680632506196956
3270,1.0844296373530076,1.0791950711057177,1.0728772192727751
3271,1.0844296373530076,-1999998.9417439287,-100000000
3272,1.0844296373530076,-1999998.942146409,-100000000
3273,1.0844296373530076,1.0783411824377214,1.0727491404724399
3274,1.0844296373530076,1.0786383934154236,1.066508869949695
3275,1.0844296373530076,1.079029636521133,1.0676029270166216
3276,1.0844296373530076,-3999998.9614144694,-100000000
3277,1.0844296373530076,1.0812750791058925,1.0756647757389572
3278,1.0844296373530076,1.0822276420011212,1.075423861133806
3279,1.0844296373530076,-3999998.961156647,-100000000
3280,1.0844296373530076,-1999998.9400788331,-100000000
3281,1.0844296373530076,-1999998.9410733955,-100000000
3282,1.0844296373530076,1.0794198733119469,1.061053410498821
3283,1.0844296373530076,1.0797038021824497,1.0597902562762864
3284,1.0844296373530076,1.0797462339210049,1.0606076977364127
3285,1.0844296373530076,-1999998.941738925,-100000000
3286,1.0844296373530076,1.0788669857802053,1.0600868289019074
3287,1.0844296373530076,1.079048191285273,1.065391041347762
3288,1.0844296373530076,-1999998.943795477,-100000000
3289,1.0844296373530076,-3999998.9718091283,-100000000
3290,1.0844296373530076,1.067201866017703,1.0194190636232374
3291,1.0844296373530076,1.0701516797523503,1.0372385953988972
3292,1.0844296373530076,1.071601446756347,1.049666225488674
3293,1.0844296373530076,-1999998.9480824408,-100000000
3294,1.0844296373530076,1.0718459260303401,1.0569511507891387
3295,1.0844296373530076,1.0748036039306177,1.0565120363434821
3296,1.0844296373530076,1.0766491973532153,1.0573518946443896
3297,1.0844296373530076,1.0780344536330264,1.0645841206132274
3298,1.0844296373530076,1.0794742107687392,1.0655864676771802
3299,1.0844296373530076,-5999998.9853687845,-100000000
3300,1.0844296373530076,1.0767441684674377,1.038223380497223
3301,1.0844296373530076,1.0763551601413401,1.035553546721095
3302,1.0844296373530076,1.0782944943575712,1.0704043083172072
3303,1.0844296373530076,1.0797482719147402,1.0687995686116518
3304,1.0844296373530076,-3999998.963065969,-100000000
3305,1.0844296373530076,1.0787424009350954,1.0669536765216512
3306,1.0844296373530076,1.0795107483551665,1.0691931048423386
3307,1.0844296373530076,-1999998.940798507,-100000000
3308,1.0844296373530076,1.0789880590318655,1.0601260563723482
3309,1.0844296373530076,-1999998.9416658082,-100000000
3310,1.0844296373530076,1.0795259032306315,1.070919719398007
3311,1.0844296373530076,1.0811322019690663,1.0730291095488131
3312,1.0844296373530076,1.0817243592359724,1.0755038696837387
3313,1.0844296373530076,-1999998.9392675855,-100000000
3314,1.0844296373530076,-5999998.982252193,-100000000
3315,1.0844296373530076,1.0818375318974962,1.0748375126345524
3316,1.0844296373530076,1.0811706089717967,1.07478561552513
3317,1.0844296373530076,1.0809896233184357,1.0712568714510464
3318,1.0844296373530076,1.081140131029954,1.075282533201205
3319,1.0844296373530076,-1999998.9399174824,-100000000
3320,1.0844296373530076,1.081474168733609,1.070273551235117
3321,1.0844296373530076,1.080954371831646,1.072659978890112
3322,1.0844296373530076,-3999998.9625640344,-100000000
3323,1.0844296373530076,-1999998.941966772,-100000000
3324,1.0844296373530076,-1999998.9438068145,-100000000
3325,1.0844296373530076,1.0739357993961363,1.0302705874543752
3326,1.0844296373530076,-3999998.966461669,-100000000
3327,1.0844296373530076,-1999998.9450053272,-100000000
3328,1.0844296373530076,-3999998.96728853,-100000000
3329,1.0844296373530076,1.07574735067753,1.054250693236288
3330,1.0844296373530076,1.0768927049432233,1.0493995100646787
3331,1.0844296373530076,1.0786938801329955,1.0627621599832238
3332,1.0844296373530076,1.0787056633416858,1.0591351329354899
3333,1.0844296373530076,-1999998.9435561127,-100000000
3334,1.0844296373530076,1.0764256510112724,1.0609705114827943
3335,1.0844296373530076,1.0774169826032993,1.0653072424158156
3336,1.0844296373530076,-1999998.9432775527,-100000000
3337,1.0844296373530076,1.0752542842597175,1.048433574955631
3338,1.0844296373530076,-1999998.9430220556,-100000000
3339,1.0844296373530076,1.0767812573884954,1.0577274272345738
3340,1.0844296373530076,1.07937375547208,1.0699880232104046
3341,1.0844296373530076,-1999998.941833782,-100000000
3342,1.0844296373530076,1.078307318201476,1.058713063888744
3343,1.0844296373530076,-1999998.9430486837,-100000000
3344,1.0844296373530076,1.0759196203655985,1.055323232889999
3345,1.0844296373530076,1.0771428948352724,1.0619900146884789
3346,1.0844296373530076,1.077580763779184,1.0573812422523194
3347,1.0844296373530076,1.0783775453307463,1.072522631359834
3348,1.0844296373530076,-1999998.9421139082,-100000000
3349,1.0844296373530076,-1999998.9436040604,-100000000
3350,1.0844296373530076,-3999998.9663151987,-100000000
3351,1.0844296373530076,1.0757830278285216,1.059473570456558
3352,1.0844296373530076,-1999998.9444764995,-100000000
3353,1.0844296373530076,1.076685765675142,1.058862696513824
3354,1.0844296373530076,1.0766677442731165,1.0550793959405529
3355,1.0844296373530076,1.0766266341378599,1.0634031694352477
3356,1.0844296373530076,1.0772078779049665,1.068489129160403
3357,1.0844296373530076,1.0792926572177814,1.0636254253788608
3358,1.0844296373530076,-1999998.9428847805,-100000000
3359,1.0844296373530076,-7999999.0087929405,-100000000
3360,1.0844296373530076,-1999998.9450280312,-100000000
3361,1.0844296373530076,-1999998.9477231968,-100000000
3362,1.0844296373530076,1.072801892470918,1.0550886702243163
3363,1.0844296373530076,1.0756517647449555,1.058392738620903
3364,1.0844296373530076,1.0768592680163263,1.0583683641383432
3365,1.0844296373530076,-3999998.9649802935,-100000000
3366,1.0844296373530076,-3999998.9653586242,-100000000
3367,1.0844296373530076,1.0773053512944173,1.068067268204575
3368,1.0844296373530076,1.0801658910740985,1.0733593761718914
3369,1.0844296373530076,-1999998.9399890408,-100000000
3370,1.0844296373530076,1.080364238775373,1.0664800106425876
3371,1.0844296373530076,-1999998.9410102805,-100000000
3372,1.0844296373530076,1.0792422652113791,1.0608959677410743
3373,1.0844296373530076,1.0803937601602716,1.060011996658595
3374,1.0844296373530076,1.080961455295424,1.0629904016020126
3375,1.0844296373530076,1.0805798254511254,1.0692382156976445
3376,1.0844296373530076,1.0806834270189547,1.0687381097876
3377,1.0844296373530076,1.0810275884070721,1.0705230641735448
3378,1.0844296373530076,1.081017181283723,1.073008246859986
3379,1.0844296373530076,-1999998.9400479253,-100000000
3380,1.0844296373530076,-5999998.983833576,-100000000
3381,1.0844296373530076,-3999998.9620168246,-100000000
3382,1.0844296373530076,-1999998.9410568913,-100000000
3383,1.0844296373530076,1.0797852688157805,1.0678533003012896
3384,1.0844296373530076,1.0805635609567321,1.063082054982814
3385,1.0844296373530076,-5999998.983343528,-100000000
3386,1.0844296373530076,-1999998.9402893474,-100000000
3387,1.0844296373530076,-3999998.963061043,-100000000
3388,1.0844296373530076,1.079661280062154,1.0571006135206527
3389,1.0844296373530076,-5999998.985152393,-100000000
3390,1.0844296373530076,-5999998.986489539,-100000000
3391,1.0844296373530076,1.0763863823371715,1.0547109907053318
3392,1.0844296373530076,1.073966769180159,1.0459741864920116
3393,1.0844296373530076,1.073318298466574,1.0554449836684472
3394,1.0844296373530076,1.0742314960878996,1.0584007329321345
3395,1.0844296373530076,1.0742719132297938,1.0550141948893539
3396,1.0844296373530076,1.0746408907981855,1.048563145440856
3397,1.0844296373530076,1.0759453056176371,1.063801852273817
3398,1.0844296373530076,1.076881466527954,1.0655217090407305
3399,1.0844296373530076,-1999998.9425435073,-100000000
3400,1.0844296373530076,1.077803805014417,1.0679716082495965
3401,1.0844296373530076,-1999998.941885422,-100000000
3402,1.0844296373530076,1.078598412562634,1.0645121361211591
3403,1.0844296373530076,1.0780879593080572,1.0566757317583368
3404,1.0844296373530076,1.0794730220048994,1.0710273036545481
3405,1.0844296373530076,-3999998.964378299,-100000000
3406,1.0844296373530076,1.0776121771346334,1.0696376828888132
3407,1.0844296373530076,-1999998.9423801356,-100000000
3408,1.0844296373530076,-1999998.9430562304,-100000000
3409,1.0844296373530076,-3999998.964532355,-100000000
3410,1.0844296373530076,1.0775869924374066,1.0661602088028088
3411,1.0844296373530076,1.0781184444697915,1.0630664303441941
3412,1.0844296373530076,1.0795614994237235,1.0526021329806219
3413,1.0844296373530076,-1999998.9414566257,-100000000
3414,1.0844296373530076,1.0785624648355103,1.040495040395609
3415,1.0844296373530076,1.0789889518070686,1.061510244522455
3416,1.0844296373530076,-1999998.9412876463,-100000000
3417,1.0844296373530076,-1999998.9433724042,-100000000
3418,1.0844296373530076,1.078483221803202,1.0641440492248804
3419,1.0844296373530076,-1999998.9422827128,-100000000
3420,1.0844296373530076,1.079225345360088,1.0681545386736033
3421,1.0844296373530076,-1999998.9410045731,-100000000
3422,1.0844296373530076,1.0792350335846348,1.0608871174502421
3423,1.0844296373530076,1.0793038160731787,1.0637015815790964
3424,1.0844296373530076,1.0797022083275203,1.066353314241303
3425,1.0844296373530076,-1999998.9416571104,-100000000
3426,1.0844296373530076,1.0792024046794053,1.0632409665119051
3427,1.0844296373530076,1.0798318994918548,1.0746750000792207
3428,1.0844296373530076,1.0807400356328207,1.0689012443141568
3429,1.0844296373530076,-3999998.962352208,-100000000
3430,1.0844296373530076,-1999998.9415172723,-100000000
3431,1.0844296373530076,1.0785895784030615,1.0668953859345156
3432,1.0844296373530076,1.0797071765572703,1.0740488507053763
3433,1.0844296373530076,1.0802558213290212,1.074701598068721
3434,1.0844296373530076,1.0805582537755427,1.0733102285075833
3435,1.0844296373530076,-1999998.9406428912,-100000000
3436,1.0844296373530076,-3999998.9629230876,-100000000
3437,1.0844296373530076,-3999998.964454802,-100000000
3438,1.0844296373530076,1.077173042002836,1.0567967200702544
3439,1.0844296373530076,1.0784992538576792,1.0494129998378208
3440,1.0844296373530076,-1999998.9416687244,-100000000
3441,1.0844296373530076,1.0797458379814016,1.0660912108787737
3442,1.0844296373530076,-1999998.941229682,-100000000
3443,1.0844296373530076,1.0791889912376371,1.071331557584659
3444,1.0844296373530076,1.0802433655691208,1.0721466628082137
3445,1.0844296373530076,1.0810343620394116,1.0727341986328032
3446,1.0844296373530076,1.0811966776927036,1.0755383074354443
3447,1.0844296373530076,1.0820144414566817,1.0741688209056885
3448,1.0844296373530076,1.081488468461245,1.0707418634701233
3449,1.0844296373530076,1.080940791435637,1.074209777932618
3450,1.0844296373530076,1.0809800859904843,1.0753922108174119
3451,1.0844296373530076,1.0812271378655103,1.076083332285087
3452,1.0844296373530076,1.0815849301296692,1.0765651538064582
3453,1.0844296373530076,1.0818514990101624,1.0685745599762344
3454,1.0844296373530076,1.082030790084916,1.067370905379518
3455,1.0844296373530076,1.0818307031063847,1.075861137981789
3456,1.0844296373530076,-1999998.9399452454,-100000000
3457,1.0844296373530076,1.081005218873254,1.0709965567451243
3458,1.0844296373530076,1.0814560267605915,1.0772668993824985
3459,1.0844296373530076,-3999998.961453182,-100000000
3460,1.084608536174053,-1999998.940265319,-100000000
3461,1.084608536174053,1.080986340761475,1.0626820206804202
3462,1.084608536174053,-1999998.94031822,-100000000
3463,1.084608536174053,-1999998.9407645818,-100000000
3464,1.084608536174053,-1999998.9419560614,-100000000
3465,1.084608536174053,1.078144025331536,1.045547941832556
3466,1.084608536174053,1.0785187454473033,1.0650200985209266
3467,1.084608536174053,-1999998.943258628,-100000000
3468,1.084608536174053,1.0773210309145704,1.0545875741774364
3469,1.084608536174053,-3999998.96464821,-100000000
3470,1.084608536174053,1.0764169210556425,1.0308918625559857
3471,1.084608536174053,-1999998.9431289379,-100000000
3472,1.084608536174053,-1999998.9436581463,-100000000
3473,1.084608536174053,-1999998.9452162622,-100000000
3474,1.084608536174053,1.0751194422927974,1.0639802160272258
3475,1.084608536174053,-1999998.9455942456,-100000000
3476,1.084608536174053,1.0742331074816085,1.0410825263774108
3477,1.084608536174053,1.0744472869698074,1.057569953704677
3478,1.084608536174053,1.0754640521733305,1.051547554235655
3479,1.084608536174053,-1999998.9443980884,-100000000
3480,1.084608536174053,-3999998.9678730797,-100000000
3481,1.084608536174053,1.0739543468264812,1.0454742558382546
3482,1.084608536174053,-1999998.9469418067,-100000000
3483,1.084608536174053,1.0727099756503948,1.0432494642091457
3484,1.084608536174053,1.073337477410044,1.0577330167122199
3485,1.084608536174053,-1999998.9473144435,-100000000
3486,1.084608536174053,-1999998.9487480305,-100000000
3487,1.084608536174053,-1999998.9519371707,-100000000
3488,1.084608536174053,1.0641056336573045,1.0347126435352352
3489,1.084608536174053,-1999998.9549609728,-100000000
3490,1.084608536174053,1.0652755628225203,1.0213014201397361
3491,1.084608536174053,1.0658894363885183,1.0382795271201344
3492,1.084608536174053,-1999998.9494210123,-100000000
3493,1.084608536174053,-5999998.99121476,-100000000
3494,1.084608536174053,1.0723692008002639,1.0472622686790434
3495,1.084608536174053,-1999998.9469873386,-100000000
3496,1.084608536174053,1.0767078832311892,1.052954494995518
3497,1.084608536174053,-1999998.9435753233,-100000000
3498,1.084608536174053,1.0771022361600542,1.0575603979322472
3499,1.084608536174053,1.0784255965344336,1.0621023033618229
3500,1.084608536174053,-1999998.9418855894,-100000000
3501,1.084608536174053,1.079399852819117,1.0652052446435452
3502,1.084608536174053,1.079049966175078,1.0595569928855015
3503,1.084608536174053,1.0794533457575677,1.0702325647962596
3504,1.084608536174053,-1999998.9428978965,-100000000
3505,1.084608536174053,-1999998.9439390418,-100000000
3506,1.084608536174053,-1999998.9449721568,-100000000
3507,1.084608536174053,1.0753536635390297,1.0537221245196626
3508,1.084608536174053,-1999998.945006909,-100000000
3509,1.084608536174053,1.0744568098481002,1.042859870394459
3510,1.084608536174053,1.074841875501487,1.0505836686610373
3511,1.084608536174053,1.0745381679178332,1.0564421174109007
3512,1.084608536174053,1.0759750351778978,1.055394150071377
3513,1.084608536174053,-1999998.942669601,-100000000
3514,1.084608536174053,1.0785134507082037,1.0626738369621527
3515,1.084608536174053,-3999998.9644277585,-100000000
3516,1.084608536174053,1.077620070702185,1.051668790443572
3517,1.084608536174053,1.077812799212853,1.0554194281568954
3518,1.084608536174053,1.079157219435475,1.0639397073308605
3519,1.084608536174053,1.0790339991062592,1.059988660787146
3520,1.084608536174053,1.078510900814572,1.0670821620612525
3521,1.084608536174053,1.0782665747680484,1.066892504512818
3522,1.084608536174053,1.0791521047977257,1.0718566591082672
3523,1.084608536174053,-1999998.9424211194,-100000000
3524,1.084608536174053,1.0773120796943487,1.0656906852012509
3525,1.084608536174053,-1999998.9433661816,-100000000
3526,1.084608536174053,1.078041154118065,1.0708686852758467
3527,1.084608536174053,-1999998.9435362413,-100000000
3528,1.084608536174053,1.0760683722361064,1.0548260766074298
3529,1.084608536174053,1.074937478046613,1.0576552362473217
3530,1.084608536174053,1.074293383624511,1.0514817058445614
3531,1.084608536174053,-3999998.96715031,-100000000
3532,1.084608536174053,1.0739935247286878,1.0548499891931469
3533,1.084608536174053,1.0745196802909769,1.0609917664306168
3534,1.084608536174053,1.074746297167371,1.063774711367407
3535,1.084608536174053,1.075297650750341,1.0560204401967246
3536,1.084608536174053,-1999998.9450871646,-100000000
3537,1.084608536174053,1.0748206198628198,1.0656925069031205
3538,1.084608536174053,1.0764172902725837,1.0664483199953596
3539,1.084608536174053,-3999998.9666915433,-100000000
3540,1.084608536174053,1.0748803710123838,1.059308546937888
3541,1.084608536174053,1.0753662084457725,1.0611800934316478
3542,1.084608536174053,1.0766627483645919,1.0623099247520882
3543,1.084608536174053,-1999998.9433453244,-100000000
3544,1.084608536174053,1.0767331594698109,1.0449180717511124
3545,1.084608536174053,1.076944043717456,1.0559000370388294
3546,1.084608536174053,1.0774327605144165,1.0708406388218008
3547,1.084608536174053,1.0777582944879553,1.0654370386423586
3548,1.084608536174053,1.078748530571782,1.0714335624493305
3549,1.084608536174053,1.0777398172744221,1.071296706474513
3550,1.084608536174053,1.0781156168891943,1.0680702053010562
3551,1.084608536174053,1.0773821824266105,1.0538288691479272
3552,1.084608536174053,1.078032547844221,1.0670458496275885
3553,1.084608536174053,1.077857390098136,1.0652065972425004
3554,1.084608536174053,1.078872463707854,1.062696912448561
3555,1.084608536174053,1.078128548944117,1.0515394286552053
3556,1.084608536174053,1.0768767818693779,1.0578611756546685
3557,1.084608536174053,1.076823595765157,1.0475968451110869
3558,1.084608536174053,1.0770375601126438,1.0517698989137574
3559,1.084608536174053,1.0772150742331974,1.0663298833190882
3560,1.084608536174053,-1999998.943946909,-100000000
3561,1.084608536174053,1.0761780101478855,1.0536922795716612
3562,1.084608536174053,-1999998.9450177394,-100000000
3563,1.084608536174053,1.0756069845236855,1.0640660080234965
3564,1.084608536174053,1.0762967266064347,1.0556819787792424
3565,1.084608536174053,1.077199576635289,1.0667345217308863
3566,1.084608536174053,1.0782361534477984,1.0675764703565576
3567,1.084608536174053,1.0791430768736472,1.0703879107657988
3568,1.084608536174053,-3999998.9632889605,-100000000
3569,1.084608536174053,-1999998.942652303,-100000000
3570,1.084608536174053,-1999998.9438036215,-100000000
3571,1.084608536174053,-3999998.9662611736,-100000000
3572,1.084608536174053,1.0759868365140683,1.0489193873791538
3573,1.084608536174053,-1999998.9447047815,-100000000
3574,1.084608536174053,1.0743772882755602,1.035847043706065
3575,1.084608536174053,1.0738780861498147,1.0464665008013536
3576,1.084608536174053,1.0753406524943216,1.061889154847977
3577,1.084608536174053,-1999998.9445993556,-100000000
3578,1.084608536174053,1.0747692376218216,1.0550762344698756
3579,1.084608536174053,1.0759423482905364,1.053578525679947
3580,1.084608536174053,-1999998.9460618943,-100000000
3581,1.084608536174053,1.072142713436203,1.0375263743157372
3582,1.084608536174053,1.0745851559352406,1.0617964164964038
3583,1.084608536174053,1.0758008902394345,1.0612686801343185
3584,1.084608536174053,-1999998.944529597,-100000000
3585,1.084608536174053,-3999998.96762472,-100000000
3586,1.084608536174053,-1999998.9480818904,-100000000
3587,1.084608536174053,1.0741483717029072,1.0577255030322879
3588,1.084608536174053,-1999998.9458733732,-100000000
3589,1.084608536174053,-1999998.9462012767,-100000000
3590,1.084608536174053,1.0745097889418183,1.036635756987046
3591,1.084608536174053,1.073384522262668,1.040218148739073
3592,1.084608536174053,-1999998.9486358145,-100000000
3593,1.084608536174053,1.0695780491903992,1.0221563888354148
3594,1.084608536174053,-1999998.9517823244,-100000000
3595,1.084608536174053,-1999998.9541084706,-100000000
3596,1.084608536174053,1.0627792854682632,1.0012088293398034
3597,1.084608536174053,1.0684174287003205,1.0246581203752565
3598,1.084608536174053,1.0709557448717713,1.0270865214081581
3599,1.084608536174053,-1999998.9495877621,-100000000
3600,1.084608536174053,1.0719196647951583,1.0316877213642155
3601,1.084608536174053,-1999998.9490424441,-100000000
3602,1.084608536174053,1.071263296336191,1.050355512120202
3603,1.084608536174053,1.0701580832812574,1.04262129758781
3604,1.084608536174053,1.0696631990862797,1.0549486317564751
3605,1.084608536174053,-1999998.950381797,-100000000
3606,1.084608536174053,1.0700226659550334,1.0511764867951243
3607,1.084608536174053,-1999998.9495799318,-100000000
3608,1.084608536174053,-1999998.9514166713,-100000000
3609,1.084608536174053,1.0668127153854325,1.0461876338599316
3610,1.084608536174053,1.0683418064616084,1.0320766025869372
3611,1.084608536174053,1.0683082016021117,1.0513667899371377
3612,1.084608536174053,1.0709124965416992,1.05631069743345
3613,1.084608536174053,-1999998.9480047256,-100000000
3614,1.084608536174053,-1999998.9493789217,-100000000
3615,1.084608536174053,-1999998.95235372,-100000000
3616,1.084608536174053,1.0672764910923456,1.0040373751593532
3617,1.084608536174053,1.0696460695196368,1.0361542818606502
3618,1.084608536174053,-3999998.9720432158,-100000000
3619,1.084608536174053,1.0676487372481753,1.0403240999866297
3620,1.084608536174053,-1999998.9525008274,-100000000
3621,1.084608536174053,-1999998.9560206337,-100000000
3622,1.084608536174053,1.064715947926567,1.0067579446387933
3623,1.084608536174053,1.0677299559767417,1.0420322516606038
3624,1.084608536174053,-1999998.951472209,-100000000
3625,1.084608536174053,1.0676803887336006,1.0448026999883107
3626,1.084608536174053,1.071861397948425,1.0545679324579402
3627,1.084608536174053,1.0760150409599296,1.0479422875485924
3628,1.084608536174053,1.0763387229102555,1.0577926147119694
3629,1.084608536174053,1.0764917884950922,1.0637449635286833
3630,1.084608536174053,1.077714680436924,1.0615409144091144
3631,1.084608536174053,1.0773841197785294,1.0502196167233613
3632,1.084608536174053,-1999998.9434907439,-100000000
3633,1.084608536174053,-1999998.9459361273,-100000000
3634,1.084608536174053,1.0736061222084876,1.0377384299440076
3635,1.084608536174053,-1999998.9468891416,-100000000
3636,1.084608536174053,1.0735689746274923,1.0481138461740422
3637,1.084608536174053,1.0743682281157707,1.057066684309775
3638,1.084608536174053,1.0755666225965097,1.056440937121545
3639,1.084608536174053,1.075727667999987,1.0683914401471197
3640,1.084608536174053,-1999998.945271677,-100000000
3641,1.084608536174053,1.0744915987221295,1.053562646031534
3642,1.084608536174053,1.0739153352267372,1.05753985385997
3643,1.084608536174053,1.0748442904249473,1.0478859421507596
3644,1.084608536174053,1.07654455099336,1.0592653822361089
3645,1.084608536174053,1.0763616156286613,1.0609259684749306
3646,1.084608536174053,-1999998.9456906775,-100000000
3647,1.084608536174053,-1999998.949157999,-100000000
3648,1.084608536174053,-1999998.9503136822,-100000000
3649,1.084608536174053,-1999998.9525699243,-100000000
3650,1.084608536174053,1.0673426225170706,1.0029633341464566
3651,1.084608536174053,1.0698994479256008,1.0047083250957602
3652,1.084608536174053,1.0713322312806988,1.0331728109868101
3653,1.084608536174053,1.0742731672111663,1.016890416274204
3654,1.084608536174053,1.0728846329018575,1.050828507231154
3655,1.084608536174053,1.0744121575584573,1.0488283283858524
3656,1.084608536174053,1.0750437724014708,1.0566621580468336
3657,1.084608536174053,1.0749257118531266,1.0626969709362775
3658,1.084608536174053,-1999998.9458046127,-100000000
3659,1.084608536174053,1.0744954972269785,1.0595566352384163
3660,1.084608536174053,1.075139527837412,1.065623745869214
3661,1.084608536174053,1.0759310881751767,1.0666711337822807
3662,1.084608536174053,-1999998.9449143452,-100000000
3663,1.084608536174053,-3999998.968566003,-100000000
3664,1.084608536174053,1.0742063078348756,1.0458081073654808
3665,1.084608536174053,1.0741994474280017,1.048127498926903
3666,1.084608536174053,1.0735570234602299,1.060986751333855
3667,1.084608536174053,-1999998.9473569102,-100000000
3668,1.084608536174053,-1999998.9500182613,-100000000
3669,1.084608536174053,-1999998.9520936417,-100000000
3670,1.084608536174053,-1999998.9540926353,-100000000
3671,1.084608536174053,1.0625728438423885,1.0344298797358267
3672,1.084608536174053,1.0649148898390868,1.0357396571828172
3673,1.084608536174053,-1999998.9532465988,-100000000
3674,1.084608536174053,1.0656510556568781,1.0433046117710978
3675,1.084608536174053,1.0704852202192783,1.0479071419069907
3676,1.084608536174053,1.0755265063210326,1.061188532237427
3677,1.084608536174053,-3999998.9656514656,-100000000
3678,1.084608536174053,-1999998.9454189877,-100000000
3679,1.084608536174053,1.0739295475823925,1.0561623816588022
3680,1.084608536174053,1.073708900525566,1.0363248450264144
3681,1.084608536174053,-1999998.9465255283,-100000000
3682,1.084608536174053,1.0735859023361933,1.0482891329294615
3683,1.084608536174053,1.0744244569373422,1.0602600380433884
3684,1.084608536174053,1.0763126300278403,1.0510559328153604
3685,1.084608536174053,1.0754937525960764,1.0556475925715907
3686,1.084608536174053,1.0763946495924495,1.0627716385985213
3687,1.084608536174053,1.0778401127287731,1.0605063271163255
3688,1.084608536174053,1.0784930089971672,1.0510502616505704
3689,1.084608536174053,1.0774872541876952,1.0629832077611918
3690,1.084608536174053,1.0769723663883644,1.0654226489012202
3691,1.084608536174053,1.0787655165981225,1.064768745846215
3692,1.084608536174053,-1999998.9432249137,-100000000
3693,1.084608536174053,-3999998.965514115,-100000000
3694,1.084608536174053,-3999998.9670253764,-100000000
3695,1.084608536174053,-3999998.9692299436,-100000000
3696,1.084608536174053,-1999998.9467282484,-100000000
3697,1.084608536174053,1.0733565567719345,1.0571056479133452
3698,1.084608536174053,1.0752677934451536,1.0537015809430756
3699,1.084608536174053,-1999998.9444849768,-100000000
3700,1.084608536174053,1.0757605096558198,1.0632639959833208
3701,1.084608536174053,1.078005264219591,1.0673606735923273
3702,1.084608536174053,-1999998.943509364,-100000000
3703,1.084608536174053,1.0770812944353798,1.0602191095424731
3704,1.084608536174053,1.0768750225676391,1.063562585938948
3705,1.084608536174053,-3999998.9659207766,-100000000
3706,1.084608536174053,1.0754900119410085,1.0479564749108345
3707,1.084608536174053,1.0764218810808586,1.0613621653367953
3708,1.084608536174053,-1999998.9461128062,-100000000
3709,1.084608536174053,-1999998.9472550678,-100000000
3710,1.084608536174053,1.0733410605632654,1.050241866891799
3711,1.084608536174053,1.0733866332901547,1.0479801878986277
3712,1.084608536174053,-1999998.9457302233,-100000000
3713,1.084608536174053,1.0755477245971208,1.039620357059252
3714,1.084608536174053,1.0759411409336357,1.0610310384757262
3715,1.084608536174053,1.076760861784394,1.0634443667700286
3716,1.084608536174053,-1999998.9437580043,-100000000
3717,1.084608536174053,1.0769575413467485,1.057556773213744
3718,1.084608536174053,-1999998.9429375858,-100000000
3719,1.084608536174053,-1999998.9429746273,-100000000
3720,1.084608536174053,1.0777599539415192,1.0681172778426635
3721,1.084608536174053,-1999998.9435162125,-100000000
3722,1.084608536174053,-1999998.9452899909,-100000000
3723,1.084608536174053,1.0756267207023078,1.0658420506262907
3724,1.084608536174053,-3999998.9655376566,-100000000
3725,1.084608536174053,-1999998.9457885162,-100000000
3726,1.084608536174053,1.073838490656145,1.0599607737329064
3727,1.084608536174053,1.0760051119756924,1.0559690303837796
3728,1.084608536174053,1.07617963775369,1.0334125758222759
3729,1.084608536174053,-1999998.9443449685,-100000000
3730,1.084608536174053,-1999998.9462243363,-100000000
3731,1.084608536174053,-1999998.9478415772,-100000000
3732,1.084608536174053,1.0723211304378897,1.0431772942059725
3733,1.084608536174053,1.0751887434688745,1.0426337711623652
3734,1.084608536174053,-1999998.9464978504,-100000000
3735,1.084608536174053,1.073496821829515,1.0559366466758613
3736,1.084608536174053,1.0757251776480252,1.059732648439546
3737,1.084608536174053,-1999998.9463425325,-100000000
3738,1.084608536174053,1.0726241133917895,1.0328332348895723
3739,1.084608536174053,1.073247226558395,1.0368166962972147
3740,1.084608536174053,-1999998.9470583317,-100000000
3741,1.084608536174053,-1999998.9482310317,-100000000
3742,1.084608536174053,1.0725586871153696,1.049858524180853
3743,1.084608536174053,1.0735665670801935,1.0567150421332316
3744,1.084608536174053,-3999998.9678054084,-100000000
3745,1.084608536174053,1.0735484954737224,1.0609881828096897
3746,1.084608536174053,-1999998.946354813,-100000000
3747,1.084608536174053,-1999998.9478788336,-100000000
3748,1.084608536174053,1.0717504878436253,1.0369843195061574
3749,1.084608536174053,1.0695214539428484,1.0467996779587692
3750,1.084608536174053,-1999998.9509713224,-100000000
3751,1.084608536174053,1.0690813675566617,1.0494252598957055
3752,1.084608536174053,-1999998.9503406214,-100000000
3753,1.084608536174053,-1999998.952908122,-100000000
3754,1.084608536174053,1.0668065085143812,1.0428552116519727
3755,1.084608536174053,-1999998.9512639686,-100000000
3756,1.084608536174053,-5999998.993230274,-100000000
3757,1.084608536174053,-1999998.9521596248,-100000000
3758,1.084608536174053,-1999998.9504677018,-100000000
3759,1.084608536174053,-1999998.9515768404,-100000000
3760,1.084608536174053,1.068117598417205,1.0029247916669126
3761,1.084608536174053,-1999998.9476831264,-100000000
3762,1.084608536174053,1.0737505506746943,1.0505844627764749
3763,1.084608536174053,1.07457447329232,1.0609253852737117
3764,1.084608536174053,-1999998.9448726675,-100000000
3765,1.084608536174053,1.0756087290145446,1.057271204047414
3766,1.084608536174053,1.076147153247489,1.053823797918723
3767,1.084608536174053,1.0768460195794163,1.0664583674663046
3768,1.084608536174053,-1999998.9448476278,-100000000
3769,1.084608536174053,-1999998.9469028977,-100000000
3770,1.084608536174053,1.0730554560381314,1.0044641670128511
3771,1.084608536174053,1.0726793510686292,1.0356163254459951
3772,1.084608536174053,1.0720587198200542,1.036172128243737
3773,1.084608536174053,1.0714659901170132,1.0585289794869737
3774,1.084608536174053,1.0731093202104303,1.0582129740832869
3775,1.084608536174053,-1999998.9459250015,-100000000
3776,1.084608536174053,-1999998.9452219002,-100000000
3777,1.084608536174053,-1999998.9454560846,-100000000
3778,1.084608536174053,-1999998.946883143,-100000000
3779,1.084608536174053,1.074419811056124,1.0271073999064682
3780,1.084608536174053,1.0758590409576325,1.061826254118451
3781,1.084608536174053,1.0768288913131672,1.0684688986782558
3782,1.084608536174053,-1999998.9441754697,-100000000
3783,1.084608536174053,1.076442357847386,1.0548242325833606
3784,1.084608536174053,1.0768099102336874,1.0654615342465859
3785,1.084608536174053,-3999998.9668600215,-100000000
3786,1.084608536174053,-1999998.947215508,-100000000
3787,1.084608536174053,1.0707373001543719,1.043265687510837
3788,1.084608536174053,-1999998.9482657579,-100000000
3789,1.084608536174053,1.07109694344617,1.0343141020127122
3790,1.084608536174053,1.0725097612893146,1.0382576253394482
3791,1.084608536174053,1.0716682624330038,1.0234490856197036
3792,1.084608536174053,1.0699640235326506,1.015732371996441
3793,1.084608536174053,1.068486815852009,1.0408707498625493
3794,1.084608536174053,1.0728898959608806,1.0610322909700574
3795,1.084608536174053,-1999998.9475902743,-100000000
3796,1.084608536174053,1.0732723592754367,1.0588437342179304
3797,1.084608536174053,-1999998.9466204087,-100000000
3798,1.084608536174053,-1999998.9487073398,-100000000
3799,1.084608536174053,1.0701182301975332,1.0079304520967423
3800,1.084608536174053,-1999998.9484617317,-100000000
3801,1.084608536174053,1.0707912180915504,1.0258468486685173
3802,1.084608536174053,1.0730358493189156,1.0529429405038662
3803,1.084608536174053,-3999998.968415294,-100000000
3804,1.084608536174053,1.0718374483510116,1.0407740698467625
3805,1.084608536174053,1.072426691832124,1.0421518543120498
3806,1.084608536174053,1.0740279638323302,1.0541547152724604
3807,1.084608536174053,-1999998.946490187,-100000000
3808,1.084608536174053,1.074425798378582,1.0567256308820034
3809,1.084608536174053,1.074663658422879,1.0594772222196238
3810,1.084608536174053,1.077574058740157,1.0616306689348658
3811,1.084608536174053,-3999998.964017481,-100000000
3812,1.084608536174053,1.0773598770915283,1.0668326689482976
3813,1.084608536174053,1.0780041736237949,1.0604442711718671
3814,1.084608536174053,-1999998.943848654,-100000000
3815,1.084608536174053,-1999998.9456278004,-100000000
3816,1.084608536174053,1.0747552627360695,1.0315455396632043
3817,1.084608536174053,1.0749745590209177,1.051274488235434
3818,1.084608536174053,1.074329383054946,1.0515341230659765
3819,1.084608536174053,1.075652608262097,1.0579148907633287
3820,1.084608536174053,1.0749528132544952,1.044999938728456
3821,1.084608536174053,1.075502093771482,1.0520125976119612
3822,1.084608536174053,1.0751288832942503,1.0603518366806854
3823,1.084608536174053,1.0773100945049423,1.0656068664815743
3824,1.084608536174053,-5999998.986712674,-100000000
3825,1.084608536174053,-1999998.9439593365,-100000000
3826,1.084608536174053,1.0768974730561842,1.0650334516607085
3827,1.084608536174053,-3999998.965938356,-100000000
3828,1.084608536174053,1.075362760392487,1.050493887270068
3829,1.084608536174053,1.0755042329128977,1.0561222783703137
3830,1.084608536174053,-1999998.9442532999,-100000000
3831,1.084608536174053,1.0759229222115656,1.0418952682454905
3832,1.084608536174053,1.0769080750330902,1.0612000530568229
3833,1.084608536174053,1.0778616872124567,1.0658183916741812
3834,1.084608536174053,-1999998.9426281636,-100000000
3835,1.084608536174053,1.07849865109322,1.0708869986852663
3836,1.084608536174053,-1999998.9423336997,-100000000
3837,1.084608536174053,1.0791141879046444,1.0660909253066428
3838,1.084608536174053,1.0791348586137466,1.0480312621130652
3839,1.084608536174053,1.0792920633982306,1.065734426858111
3840,1.084608536174053,1.079774787123076,1.0700454229869272
3841,1.084608536174053,1.079822286373499,1.0548935224437588
3842,1.084608536174053,1.0792170718752445,1.0680533019185732
3843,1.084608536174053,1.0794610632486878,1.0678851780517666
3844,1.084608536174053,1.0786316255676796,1.0698538182570583
3845,1.084608536174053,1.0789844174717471,1.070989681601108
3846,1.084608536174053,1.0794732651767216,1.0688975172268336
3847,1.084608536174053,-1999998.9406619878,-100000000
3848,1.084608536174053,-3999998.9634292084,-100000000
3849,1.084608536174053,-1999998.9435970648,-100000000
3850,1.084608536174053,-3999998.967970456,-100000000
3851,1.084608536174053,-1999998.9495080106,-100000000
3852,1.084608536174053,-1999998.9522619783,-100000000
3853,1.084608536174053,-1999998.950629682,-100000000
3854,1.084608536174053,-1999998.9528842324,-100000000
3855,1.084608536174053,-1999998.9545075577,-100000000
3856,1.084608536174053,-1999998.9551678395,-100000000
3857,1.084608536174053,1.0629931812809974,1.0252526347793744
3858,1.084608536174053,1.0644440288272257,1.0410301981744543
3859,1.084608536174053,1.0684313068074522,1.0476299953292747
3860,1.084608536174053,1.0704286891645687,1.0535245138648701
3861,1.084608536174053,-1999998.9457204172,-100000000
3862,1.084608536174053,-1999998.9477428338,-100000000
3863,1.084608536174053,1.0731831768741835,1.0443885958045573
3864,1.084608536174053,1.0750520267434645,1.0661380915304208
3865,1.084608536174053,1.0760138880324055,1.0654071075995488
3866,1.084608536174053,1.0771411081025695,1.0604911978177352
3867,1.084608536174053,1.0778010859248168,1.064565158906684
3868,1.084608536174053,1.0780247990069034,1.0688820830075962
3869,1.084608536174053,1.0791827619994938,1.0707303381918594
3870,1.084608536174053,1.0796609562026107,1.0694201461153487
3871,1.084608536174053,-1999998.9420416476,-100000000
3872,1.084608536174053,-1999998.9424789646,-100000000
3873,1.084608536174053,1.077761221257054,1.0607127834092904
3874,1.084608536174053,1.0777333606479091,1.0363322975998817
3875,1.084608536174053,1.0783302642376793,1.0696821061669506
3876,1.084608536174053,-1999998.942912287,-100000000
3877,1.084608536174053,1.076512557368608,1.0619984847407813
3878,1.084608536174053,1.0773228622468947,1.0621498851562963
3879,1.084608536174053,1.0782434080037246,1.0684540855278144
3880,1.084608536174053,1.077594306404829,1.058756602745074
3881,1.084608536174053,1.0785366512916486,1.0616763285528183
3882,1.084608536174053,-1999998.942691882,-100000000
3883,1.084608536174053,-1999998.9449416625,-100000000
3884,1.084608536174053,1.0734656869577934,1.0473709665597448
3885,1.084608536174053,1.073373863211616,1.054886802335477
3886,1.084608536174053,1.0745545522077562,1.0545675709580324
3887,1.084608536174053,1.0762800359649454,1.0656829919200115
3888,1.084608536174053,-3999998.965742914,-100000000
3889,1.084608536174053,-3999998.966116154,-100000000
3890,1.084608536174053,1.0744667300269086,1.056614860926378
3891,1.084608536174053,1.073411756222674,1.0478277546508312
3892,1.084608536174053,1.0744281764205952,1.032139629608908
3893,1.084608536174053,1.074764574919801,1.0452742576805796
3894,1.084608536174053,1.0752522338750925,1.0587277324107385
3895,1.084608536174053,-3999998.9675939577,-100000000
3896,1.084608536174053,1.073722454072469,1.0617428288300406
3897,1.084608536174053,1.0763886179972624,1.0479571204970397
3898,1.084608536174053,-3999998.965341897,-100000000
3899,1.084608536174053,-3999998.965493518,-100000000
3900,1.084608536174053,1.0746538720367673,1.0212221887858015
3901,1.084608536174053,1.0727270229691597,1.0348418946243496
3902,1.084608536174053,-1999998.9463504336,-100000000
3903,1.084608536174053,1.0753117749219614,1.0531378941412413
3904,1.084608536174053,1.0768644219023655,1.0633573407237988
3905,1.084608536174053,-3999998.9673481677,-100000000
3906,1.084608536174053,1.0735686250019263,1.057753687559301
3907,1.084608536174053,-5999998.991109973,-100000000
3908,1.084608536174053,1.0711435930631918,1.0536394631214638
3909,1.084608536174053,1.0751250768946046,1.0621844282498372
3910,1.084608536174053,1.077025752961306,1.0659013265421207
3911,1.084608536174053,1.0764329730072177,1.0584819675511752
3912,1.084608536174053,1.0761954344569329,1.0663590945505104
3913,1.084608536174053,-5999998.987431257,-100000000
3914,1.084608536174053,1.0747856285035278,1.0585726841183245
3915,1.084608536174053,-1999998.9459352123,-100000000
3916,1.084608536174053,-1999998.948395632,-100000000
3917,1.084608536174053,-1999998.9498402565,-100000000
3918,1.084608536174053,1.0677388775761798,1.0222107767869253
3919,1.084608536174053,1.0671932215542745,1.0421762633572285
3920,1.084608536174053,1.0698903862600588,1.048348330717792
3921,1.084608536174053,-1999998.9493750017,-100000000
3922,1.084608536174053,1.0716151429332035,1.0500955807682786
3923,1.084608536174053,-1999998.9497456767,-100000000
3924,1.084608536174053,1.069501732574023,1.0408088516927827
3925,1.084608536174053,1.068990020533728,1.0414450818606225
3926,1.084608536174053,1.070479288769562,1.0459058001726291
3927,1.084608536174053,1.0706566569551192,1.0575485247224703
3928,1.084608536174053,1.072820382128562,1.0513385801038062
3929,1.084608536174053,1.0751249261242668,1.048309591160291
3930,1.084608536174053,1.0760594169688156,1.0561036694617738
3931,1.084608536174053,-1999998.9441871431,-100000000
3932,1.084608536174053,1.0752632959757151,1.0519402130699667
3933,1.084608536174053,1.0750585213936166,1.0558949726027047
3934,1.084608536174053,1.0746144822133612,1.0513933476602793
3935,1.084608536174053,1.0741881906294102,1.056928647056502
3936,1.084608536174053,1.0757284162645258,1.0638316576036497
3937,1.084608536174053,1.0780326467016608,1.0665174581173449
3938,1.084608536174053,-5999998.9858814515,-100000000
3939,1.084608536174053,1.0773007143669484,1.0688493250231161
3940,1.084608536174053,-1999998.944529659,-100000000
3941,1.084608536174053,-1999998.9471473526,-100000000
3942,1.084608536174053,-1999998.949920705,-100000000
3943,1.084608536174053,1.0665038800925246,1.0085124359086888
3944,1.084608536174053,1.0672718160088785,1.0234182863217498
3945,1.084608536174053,1.0697269911500291,1.009040804228613
3946,1.084608536174053,-1999998.9499509204,-100000000
3947,1.084608536174053,1.0702727535732786,1.015816029870581
3948,1.084608536174053,1.071730969006747,1.0135636790042752
3949,1.084608536174053,1.0748225147086523,1.0492636832568356
3950,1.084608536174053,1.0755004146149545,1.0430587681221206
3951,1.084608536174053,-3999998.968370287,-100000000
3952,1.084608536174053,1.0735728247957512,1.0197655826661771
3953,1.084608536174053,1.0732540471630423,1.0257286788184592
3954,1.084608536174053,1.0756410521515825,1.0408611643994408
3955,1.084608536174053,1.0770960128180478,1.0536684860791514
3956,1.084608536174053,1.0787934130898986,1.057859963069483
3957,1.084608536174053,-1999998.942741726,-100000000
3958,1.084608536174053,1.0785794248803398,1.0541008742528861
3959,1.084608536174053,-3999998.964940886,-100000000
3960,1.084608536174053,1.0765232048213778,1.0617801041117483
3961,1.084608536174053,-1999998.944373964,-100000000
3962,1.084608536174053,1.0753286033501517,1.0646374654413608
3963,1.084608536174053,1.0756640218813345,1.0690863949292626
3964,1.084608536174053,1.078310516929702,1.0707557428579284
3965,1.084608536174053,-3999998.9642022457,-100000000
3966,1.084608536174053,1.0784929670505998,1.0629976181324325
3967,1.084608536174053,-1999998.9436444477,-100000000
3968,1.084608536174053,1.0771003496909328,1.0678922732981129
3969,1.084608536174053,1.0781647053341326,1.07229061508821
3970,1.084608536174053,1.0800975974798872,1.0683692990554086
3971,1.084608536174053,-3999998.9627708807,-100000000
3972,1.084608536174053,1.0798624317096195,1.0716647205591205
3973,1.084608536174053,1.0796019107741996,1.0629858931813607
3974,1.084608536174053,1.079453901259543,1.0678201088266701
3975,1.084608536174053,1.0788704526541633,1.0692324442726457
3976,1.084608536174053,-3999998.9620750677,-100000000
3977,1.084608536174053,-1999998.9411508034,-100000000
3978,1.084608536174053,1.0795819897512708,1.0699561125128993
3979,1.084608536174053,1.0803110915642054,1.0739795984725191
3980,1.084608536174053,1.0815367011564476,1.0730769409014607
3981,1.084608536174053,1.0816861167941847,1.0740887032039466
3982,1.084608536174053,1.0823459398872992,1.0762789678488702
3983,1.0852438775210786,-5999998.982414957,-100000000
3984,1.0852438775210786,1.0822568159347803,1.0682119758427528
3985,1.0852438775210786,-1999998.9399216757,-100000000
3986,1.0852438775210786,1.0805132335625007,1.0606331729412912
3987,1.0852438775210786,1.0803604669359235,1.0551111770525252
3988,1.0852438775210786,1.080237519860871,1.0727478518171307
3989,1.0852438775210786,1.0803115640611174,1.0719515916621183
3990,1.0852438775210786,1.0807647701070202,1.072180689954421
3991,1.0852438775210786,-1999998.9404242632,-100000000
3992,1.0852438775210786,1.0805101574691411,1.0724775402900066
3993,1.0852438775210786,-3999998.962327052,-100000000
3994,1.0852438775210786,-1999998.9416871434,-100000000
3995,1.0852438775210786,1.079642907963425,1.0726758790145845
3996,1.0852438775210786,1.0799222684587118,1.0748007161109974
3997,1.0852438775210786,1.081061381599435,1.075152932164913
3998,1.0852438775210786,-1999998.9402380725,-100000000
3999,1.0852438775210786,1.0806605714243016,1.0729491606300559
4000,1.0852438775210786,1.081081109169633,1.0696417780661114
4001,1.0852438775210786,1.0815860281407774,1.076696967393834
4002,1.0852438775210786,-1999998.939409971,-100000000
4003,1.0852438775210786,1.0823736131209003,1.0754706757827293
4004,1.0852438775210786,1.0821504351021796,1.0673562631258742
4005,1.0852438775210786,-1999998.939605811,-100000000
4006,1.0852438775210786,1.0814100816031254,1.0749621005659056
4007,1.0852438775210786,1.0819239756108594,1.0701915564749778
4008,1.0852438775210786,1.08148652042317,1.0567010545301225
4009,1.0852438775210786,-1999998.9407848436,-100000000
4010,1.0852438775210786,-1999998.943478559,-100000000
4011,1.0852438775210786,-1999998.9466142817,-100000000
4012,1.0852438775210786,1.0735609328851274,1.0310105862824657
4013,1.0852438775210786,1.0766817734658722,1.0397778224514997
4014,1.0852438775210786,-1999998.9431858081,-100000000
4015,1.0852438775210786,1.0772551386967657,1.0614434895605198
4016,1.0852438775210786,1.0776363004328546,1.0587325557416971
4017,1.0852438775210786,1.0789842676064516,1.0667105020787444
4018,1.0852438775210786,-1999998.9414721772,-100000000
4019,1.0852438775210786,-1999998.9416811613,-100000000
4020,1.0852438775210786,1.0796098816766113,1.0685969141835157
4021,1.0852438775210786,-1999998.9416498987,-100000000
4022,1.0852438775210786,-1999998.9423244658,-100000000
4023,1.0852438775210786,1.078022354471293,1.0616505471319129
4024,1.0852438775210786,1.0780890557292722,1.0592193248270125
4025,1.0852438775210786,1.0792845821144776,1.0556697449052015
4026,1.0852438775210786,1.080128840216732,1.0683911092322946
4027,1.0852438775210786,1.0800553780974773,1.069981206204846
4028,1.0852438775210786,1.0800995037125707,1.0731410339044598
4029,1.0852438775210786,1.0813979420225446,1.0741817368756887
4030,1.0852438775210786,1.081260828234913,1.0723087274899337
4031,1.0852438775210786,1.0816898447870111,1.075850134736688
4032,1.0852438775210786,1.082842592193388,1.077896392954386
4033,1.0852438775210786,1.0829742214580438,1.0765693709584978
4034,1.0852438775210786,-3999998.960511847,-100000000
4035,1.0852438775210786,-1999998.939683116,-100000000
4036,1.0852438775210786,1.081107223551804,1.067719295320933
4037,1.0852438775210786,-1999998.9404058724,-100000000
4038,1.0852438775210786,1.080165528220902,1.0652416483880682
4039,1.0852438775210786,1.0795332687087678,1.0555540745751504
4040,1.0852438775210786,1.0794382267138725,1.0504810322779512
4041,1.0852438775210786,1.080111766541001,1.0598971170757119
4042,1.0852438775210786,-1999998.942153287,-100000000
4043,1.0852438775210786,1.0775856164753224,1.0468019138067124
4044,1.0852438775210786,1.077676504080523,1.0637117391522861
4045,1.0852438775210786,1.0770861723920722,1.055683361575535
4046,1.0852438775210786,1.077221445021323,1.0671387907152572
4047,1.0852438775210786,1.0788724714644728,1.0697230496379624
4048,1.0852438775210786,1.0792612617085426,1.0675289742125036
4049,1.0852438775210786,-1999998.9413211178,-100000000
4050,1.0852438775210786,1.0789613642768374,1.0659429553383393
4051,1.0852438775210786,1.0814828303221373,1.0696843331621728
4052,1.0852438775210786,1.0819599867553544,1.0739082975429661
4053,1.0852438775210786,1.0831969963030261,1.078467284706489
4054,1.0852438775210786,-1999998.9386621965,-100000000
4055,1.0852438775210786,-1999998.9393750352,-100000000
4056,1.0852438775210786,-1999998.9405037565,-100000000
4057,1.0852438775210786,1.0803903041074656,1.0663780907493199
4058,1.0852438775210786,1.0795304414141262,1.0690686700838536
4059,1.0852438775210786,-3999998.9624476065,-100000000
4060,1.0852438775210786,1.0805342951736798,1.0640190454847396
4061,1.0852438775210786,1.0812096449095987,1.077081701935478
4062,1.0852438775210786,1.0816576458231217,1.075317321467451
4063,1.0852438775210786,1.0825062468790783,1.076382365548598
4064,1.0852438775210786,-3999998.9606564688,-100000000
4065,1.0852438775210786,1.0818966474583065,1.0688390096250484
4066,1.0852438775210786,-1999998.9394333449,-100000000
4067,1.0852438775210786,1.0818258922183885,1.0717670997369424
4068,1.0852438775210786,1.0817186770925493,1.0694154200730521
4069,1.0852438775210786,1.0807028068101787,1.0684153045100828
4070,1.0852438775210786,1.0807853033082049,1.0611057600255085
4071,1.0852438775210786,1.0808243487361338,1.0741809966583187
4072,1.0852438775210786,-1999998.9398721235,-100000000
4073,1.0852438775210786,1.0808472220207006,1.0722707446102664
4074,1.0852438775210786,1.0809737287814705,1.0730163243779054
4075,1.0852438775210786,1.0820660374873534,1.0745178542043734
4076,1.0852438775210786,-1999998.9395906287,-100000000
4077,1.0852438775210786,-1999998.9395080602,-100000000
4078,1.0852438775210786,1.081916439187231,1.0695842585341295
4079,1.0852438775210786,1.08259236901045,1.0755284183880374
4080,1.0852438775210786,-1999998.9393229934,-100000000
4081,1.0852438775210786,-3999998.961961265,-100000000
4082,1.0852438775210786,1.0799577408220398,1.0737769048740198
4083,1.0852438775210786,-7999999.006430938,-100000000
4084,1.0852438775210786,1.0795569884054734,1.0733325644539855
4085,1.0852438775210786,-1999998.940706949,-100000000
4086,1.0852438775210786,-1999998.9419450024,-100000000
4087,1.0852438775210786,1.0768720579858837,1.047356311122681
4088,1.0852438775210786,1.080363908687114,1.0617990437963445
4089,1.0852438775210786,1.0809625287706635,1.069572839124879
4090,1.0852438775210786,-1999998.9403863782,-100000000
4091,1.0852438775210786,-1999998.9410285298,-100000000
4092,1.0852438775210786,-1999998.9418585738,-100000000
4093,1.0852438775210786,1.0782286236389134,1.0572567393971717
4094,1.0852438775210786,-1999998.942992497,-100000000
4095,1.0852438775210786,1.0784126971189607,1.0609252640277291
4096,1.0852438775210786,-3999998.9639515495,-100000000
4097,1.0852438775210786,-1999998.9424009759,-100000000
4098,1.0852438775210786,1.0779873555814663,1.0674248519488239
4099,1.0852438775210786,-1999998.9429482082,-100000000
4100,1.0852438775210786,1.077821730961584,1.0431455809139498
4101,1.0852438775210786,1.0780652510278481,1.0619278375898893
4102,1.0852438775210786,1.0781614319464363,1.064880975028628
4103,1.0852438775210786,1.0794934246367327,1.0682444021476751
4104,1.0852438775210786,1.0804053202302948,1.0640588448435777
4105,1.0852438775210786,-1999998.940104905,-100000000
4106,1.0852438775210786,1.0798415414425784,1.0698877291350457
4107,1.0852438775210786,1.0805521368585338,1.0699108320000323
4108,1.0852438775210786,1.081703154381733,1.0735410521255249
4109,1.0852438775210786,1.081844487417747,1.0755070589732743
4110,1.0852438775210786,-1999998.9395122936,-100000000
4111,1.0852438775210786,1.0821109546437746,1.0664955925355086
4112,1.0852438775210786,1.0819697087635887,1.075470841515608
4113,1.0852438775210786,1.0825696369530338,1.0737900804815492
4114,1.0852438775210786,1.0832333314909033,1.0781837719365317
4115,1.0852438775210786,1.0833146809333614,1.0780005756617472
4116,1.0852438775210786,-1999998.938376023,-100000000
4117,1.0852438775210786,-1999998.9391819853,-100000000
4118,1.0852438775210786,-1999998.9400036805,-100000000
4119,1.0852438775210786,-1999998.9418406286,-100000000
4120,1.0852438775210786,-5999998.98432337,-100000000
4121,1.0852438775210786,-3999998.963060505,-100000000
4122,1.0852438775210786,-5999998.9844715,-100000000
4123,1.0852438775210786,1.079406391389911,1.0715936913711799
4124,1.0852438775210786,1.0804017721938144,1.0725862161287771
4125,1.0852438775210786,1.0801469642772543,1.0703335969565226
4126,1.0852438775210786,-1999998.9402935843,-100000000
4127,1.0852438775210786,1.0807553581804383,1.0734730292328076
4128,1.0852438775210786,1.0821492775781303,1.077002348753525
4129,1.0852438775210786,1.0826556041562487,1.0791660567100296
4130,1.0852438775210786,-1999998.9387344855,-100000000
4131,1.0852438775210786,1.0825534361393587,1.0776025858287168
4132,1.0852438775210786,1.0826939939052074,1.077674527804307
4133,1.0852438775210786,1.0828108557068217,1.0790746110805576
4134,1.0852438775210786,-3999998.960154601,-100000000
4135,1.0852438775210786,1.0824060485853706,1.0769392599196532
4136,1.0852438775210786,1.08259764692232,1.0765809955312255
4137,1.0852438775210786,1.0824911042590037,1.0765260234413723
4138,1.0852438775210786,1.0823499607052218,1.0781218182140957
4139,1.0852438775210786,1.0829571666263602,1.0757392428068981
4140,1.0852438775210786,-1999998.9388168377,-100000000
4141,1.0852438775210786,1.0825733230266148,1.0729821479978408
4142,1.0852438775210786,-1999998.9393452532,-100000000
4143,1.0852438775210786,-5999998.98400055,-100000000
4144,1.0852438775210786,-1999998.942299336,-100000000
4145,1.0852438775210786,1.0790376302080447,1.0612852066772192
4146,1.0852438775210786,1.0781169179827141,1.0607771908743304
4147,1.0852438775210786,1.0787499185807317,1.063545461907792
4148,1.0852438775210786,-1999998.9415202215,-100000000
4149,1.0852438775210786,1.0787364917175775,1.065582207831914
4150,1.0852438775210786,1.0799612574748803,1.0694577876244642
4151,1.0852438775210786,-1999998.9416491871,-100000000
4152,1.0852438775210786,-1999998.9416916447,-100000000
4153,1.0852438775210786,1.0785891516034227,1.0335148134784005
4154,1.0852438775210786,-1999998.9415954691,-100000000
4155,1.0852438775210786,1.0788340185739487,1.0711442166515717
4156,1.0852438775210786,1.07952756728674,1.0732382341012736
4157,1.0852438775210786,1.080626720223488,1.0734989944995856
4158,1.0852438775210786,-1999998.9396963576,-100000000
4159,1.0852438775210786,1.081218955136577,1.0709613874297612
4160,1.0852438775210786,-1999998.9398986844,-100000000
4161,1.0852438775210786,1.0807849407372239,1.0745910744660003
4162,1.0852438775210786,-7999999.005050764,-100000000
4163,1.0852438775210786,1.0811462069288762,1.0683814967093737
4164,1.0852438775210786,-1999998.940034281,-100000000
4165,1.0852438775210786,-1999998.9420832812,-100000000
4166,1.0852438775210786,1.078893468000027,1.0695033356644053
4167,1.0852438775210786,1.079319314641112,1.0633580795076054
4168,1.0852438775210786,1.078673034710693,1.0685509376168292
4169,1.0852438775210786,1.0794097028292136,1.0628325182255312
4170,1.0852438775210786,1.0803874865482541,1.069044247405769
4171,1.0852438775210786,1.0803072253006922,1.0670496570679862
4172,1.0852438775210786,-1999998.9416548528,-100000000
4173,1.0852438775210786,1.0783027136960048,1.0660705462732714
4174,1.0852438775210786,-1999998.94150786,-100000000
4175,1.0852438775210786,1.0775254925334101,1.0486588966867503
4176,1.0852438775210786,-3999998.964476407,-100000000
4177,1.0852438775210786,1.0785380292484263,1.0663011247324135
4178,1.0852438775210786,-1999998.9413467636,-100000000
4179,1.0852438775210786,1.0803322500992671,1.0685801701264763
4180,1.0852438775210786,1.081170052395406,1.0746208824040728
4181,1.0852438775210786,1.0822373313479814,1.076551124501048
4182,1.0852438775210786,1.0829763713649148,1.0708562817838292
4183,1.0852438775210786,1.0829686669459555,1.07430336008106
4184,1.0852438775210786,1.083163387019474,1.078049585720419
4185,1.0852438775210786,1.0834391210406649,1.0788251276647065
4186,1.0852438775210786,1.082701646703777,1.0779936486030777
4187,1.0852438775210786,1.0827696960653466,1.0783236708760218
4188,1.0852438775210786,1.0828131639527603,1.0767380566696692
4189,1.0852438775210786,-5999998.981976028,-100000000
4190,1.0852438775210786,-1999998.9398954287,-100000000
4191,1.0852438775210786,-3999998.962972499,-100000000
4192,1.0852438775210786,1.0787545055297418,1.0624396982350788
4193,1.0852438775210786,1.0781681993215793,1.0547335173461052
4194,1.0852438775210786,1.077560280422582,1.061497228099927
4195,1.0852438775210786,1.078024032776835,1.0652972937920608
4196,1.0852438775210786,1.0795107404399018,1.0656421287987223
4197,1.0852438775210786,-1999998.9409520607,-100000000
4198,1.0852438775210786,-1999998.9410286788,-100000000
4199,1.0852438775210786,-1999998.9425596965,-100000000
4200,1.0852438775210786,1.0778987804729754,1.0537733662402164
4201,1.0852438775210786,1.079448201458944,1.0539780191876706
4202,1.0852438775210786,-1999998.9419145815,-100000000
4203,1.0852438775210786,1.079283608909801,1.0655505441066602
4204,1.0852438775210786,1.0804049366269914,1.0687470544966304
4205,1.0852438775210786,1.081425108143021,1.072093327572376
4206,1.0852438775210786,1.0813783349497716,1.0760011849835704
4207,1.0852438775210786,1.0810923772233927,1.0753779932794147
4208,1.0852438775210786,-1999998.9399872965,-100000000
4209,1.0852438775210786,1.0816533134392965,1.075708185446406
4210,1.0852438775210786,-1999998.9397613567,-100000000
4211,1.0852438775210786,1.0815337799756313,1.0738799948793416
4212,1.0852438775210786,1.0821079014347725,1.076150579203393
4213,1.0852438775210786,1.0824859632930197,1.0777939586783765
4214,1.0852438775210786,1.0825631340200124,1.0738444149065083
4215,1.0852438775210786,-3999998.9609171264,-100000000
4216,1.0852438775210786,1.0817692331121216,1.07287713197532
4217,1.0852438775210786,-1999998.940196874,-100000000
4218,1.0852438775210786,-3999998.9628396975,-100000000
4219,1.0852438775210786,-1999998.9440890714,-100000000
4220,1.0852438775210786,1.072990881989303,1.02395720909321
4221,1.0852438775210786,1.0753345984228957,1.045038366935136
4222,1.0852438775210786,1.0786984740709202,1.0504120561220613
4223,1.0852438775210786,1.079537592240899,1.0622973703310734
4224,1.0852438775210786,-1999998.940910049,-100000000
4225,1.0852438775210786,1.0793845185105635,1.0626863032257705
4226,1.0852438775210786,1.0799553203304821,1.0687963682793216
4227,1.0852438775210786,-3999998.961945402,-100000000
4228,1.0852438775210786,-1999998.941631217,-100000000
4229,1.0852438775210786,-1999998.941915033,-100000000
4230,1.0852438775210786,1.0779116352041276,1.0613331765100948
4231,1.0852438775210786,1.0786905744726638,1.0638330873282649
4232,1.0852438775210786,1.0793381997926184,1.0694816674948044
4233,1.0852438775210786,1.0801807294805783,1.0673908067313342
4234,1.0852438775210786,1.081328900115218,1.0711008352855158
4235,1.0852438775210786,-1999998.9395907936,-100000000
4236,1.0852438775210786,1.081684243777343,1.0694987437045955
4237,1.0852438775210786,-1999998.9395820796,-100000000
4238,1.0852438775210786,1.0820816179532835,1.0698109674822898
4239,1.0852438775210786,1.0820479175122126,1.0774046336362955
4240,1.0852438775210786,1.0818836944086647,1.0780703293333274
4241,1.0852438775210786,-3999998.961120146,-100000000
4242,1.0852438775210786,-1999998.9418196082,-100000000
4243,1.0852438775210786,1.0773470747891105,1.0629988501833103
4244,1.0852438775210786,-1999998.9439128698,-100000000
4245,1.0852438775210786,1.0759736785102827,1.043829352463681
4246,1.0852438775210786,-1999998.9425552345,-100000000
4247,1.0852438775210786,1.077642817951128,1.0570582854307016
4248,1.0852438775210786,1.077949406615688,1.0628783988634154
4249,1.0852438775210786,1.077735884974637,1.0563250141497376
4250,1.0852438775210786,-1999998.9434885383,-100000000
4251,1.0852438775210786,1.0769219076048786,1.0543539048345745
4252,1.0852438775210786,-3999998.9651917685,-100000000
4253,1.0852438775210786,-1999998.944277478,-100000000
4254,1.0852438775210786,-1999998.9438816023,-100000000
4255,1.0852438775210786,1.0770562518168503,1.0507525695269093
4256,1.0852438775210786,1.0768940228966226,1.0514710195535923
4257,1.0852438775210786,1.0760417401430196,1.0561200724910722
4258,1.0852438775210786,1.076765879664786,1.052441557614464
4259,1.0852438775210786,-1999998.944461632,-100000000
4260,1.0852438775210786,1.0768122019325366,1.0681945328551374
4261,1.0852438775210786,1.0782816550310712,1.0672008584232993
4262,1.0852438775210786,1.0799104617269593,1.0673455438806352
4263,1.0852438775210786,-5999998.984214305,-100000000
4264,1.0852438775210786,1.0792475894690228,1.0681598864572308
4265,1.0852438775210786,1.0812864017854076,1.0707904778921287
4266,1.0852438775210786,-1999998.9399787984,-100000000
4267,1.0852438775210786,1.0812984771840073,1.071892849341261
4268,1.0852438775210786,1.081019126709143,1.0721989021464156
4269,1.0852438775210786,1.081364319770679,1.0762203317771122
4270,1.0852438775210786,-3999998.961426035,-100000000
4271,1.0852438775210786,1.0812773065346213,1.0770208475351137
4272,1.0852438775210786,-1999998.9398616583,-100000000
4273,1.0852438775210786,-3999998.9609130817,-100000000
4274,1.0852438775210786,-1999998.9403988442,-100000000
4275,1.0852438775210786,1.0799601698423091,1.0568181528879974
4276,1.0852438775210786,1.0798383862096745,1.0620365340120632
4277,1.0852438775210786,1.080162579224802,1.0695366195469256
4278,1.0852438775210786,1.0808001114721273,1.0717996330544672
4279,1.0852438775210786,1.0806080702591137,1.066037389774741
4280,1.0852438775210786,1.0810867554388834,1.0705846935895984
4281,1.0852438775210786,-3999998.9620988057,-100000000
4282,1.0852438775210786,1.0786199038593325,1.0576410082317507
4283,1.0852438775210786,1.0799270103652603,1.0691188789399124
4284,1.0852438775210786,-1999998.9412261308,-100000000
4285,1.0852438775210786,1.0784605013727984,1.0695316494588458
4286,1.0852438775210786,-1999998.942185787,-100000000
4287,1.0852438775210786,-1999998.9432675033,-100000000
4288,1.0852438775210786,-3999998.966387054,-100000000
4289,1.0852438775210786,1.0753763555373417,1.0634318498177853
4290,1.0852438775210786,1.0765885704884652,1.0634157032486642
4291,1.0852438775210786,1.0788421334037661,1.0670636709972179
4292,1.0852438775210786,1.0806638789028664,1.069775057982199
4293,1.0852438775210786,-3999998.962002356,-100000000
4294,1.0852438775210786,-1999998.9410348576,-100000000
4295,1.0852438775210786,-1999998.941319141,-100000000
4296,1.0852438775210786,-1999998.9424348604,-100000000
4297,1.0852438775210786,1.078428532733172,1.0544382271192412
4298,1.0852438775210786,-3999998.9638375626,-100000000
4299,1.0852438775210786,1.078246912433007,1.0592425283073075
4300,1.0852438775210786,1.0782133385272266,1.0681193128983475
4301,1.0852438775210786,-1999998.942306199,-100000000
4302,1.0852438775210786,1.0774186928694938,1.0339340417445309
4303,1.0852438775210786,1.0778606015374301,1.0583496287309806
4304,1.0852438775210786,1.077267169991542,1.054086563905697
4305,1.0852438775210786,-1999998.9453144432,-100000000
4306,1.0852438775210786,-1999998.9483990113,-100000000
4307,1.0852438775210786,1.0715402067298858,1.032246056735917
4308,1.0852438775210786,1.0749103805348705,1.0562638088701544
4309,1.0852438775210786,1.0789158963106622,1.067492768640668
4310,1.0852438775210786,-1999998.9413378718,-100000000
4311,1.0852438775210786,1.079324628859813,1.0627627477473462
4312,1.0852438775210786,-1999998.9406557765,-100000000
4313,1.0852438775210786,1.0807840752717974,1.0705443880789232
4314,1.0852438775210786,1.0818944008240758,1.0712087029474524
4315,1.0852438775210786,1.082607509321774,1.0774664593884498
4316,1.0852438775210786,1.0830780228012886,1.0774094696855685
4317,1.0852438775210786,1.0826318383775695,1.0763809280866528
4318,1.0852438775210786,-1999998.9385073152,-100000000
4319,1.0852438775210786,1.082745989151952,1.074746256044975
4320,1.0852438775210786,1.0824583393131828,1.0742430085815806
4321,1.0852438775210786,1.0826840529232504,1.078339163830687
4322,1.0852438775210786,1.082349226176411,1.0781816462990408
4323,1.0852438775210786,1.0824072604592423,1.073795031498232
4324,1.0852438775210786,-1999998.93936964,-100000000
4325,1.0852438775210786,-1999998.9402796384,-100000000
4326,1.0852438775210786,1.0810409424044263,1.0729799888828206
4327,1.0852438775210786,-3999998.9628070784,-100000000
4328,1.0852438775210786,1.0774615289187084,1.0552489520353074
4329,1.0852438775210786,-1999998.944827001,-100000000
4330,1.0852438775210786,1.0745494734102345,1.0443223430012814
4331,1.0852438775210786,1.0762974803674978,1.0549655085339142
4332,1.0852438775210786,-1999998.9449828055,-100000000
4333,1.0852438775210786,-1999998.9464559313,-100000000
4334,1.0852438775210786,1.0740939285222186,1.049156460482878
4335,1.0852438775210786,1.0751285655679594,1.0517854213297604
4336,1.0852438775210786,-1999998.9458237581,-100000000
4337,1.0852438775210786,1.0708854606170355,1.0219396904625575
4338,1.0852438775210786,1.070447140318251,1.026618925235966
4339,1.0852438775210786,1.0702288572871184,1.0384353459306053
4340,1.0852438775210786,1.0708849700163683,1.0370382087690007
4341,1.0852438775210786,1.071044704425027,1.0501770790705436
4342,1.0852438775210786,-1999998.9494151433,-100000000
4343,1.0852438775210786,1.0705994530893228,1.0529628697577604
4344,1.0852438775210786,-1999998.9443592527,-100000000
4345,1.0852438775210786,1.075743206564961,1.0615970822777245
4346,1.0852438775210786,-3999998.9642583486,-100000000
4347,1.0852438775210786,1.077581202658099,1.0603631057859795
4348,1.0852438775210786,1.079769596270809,1.0650062904325657
4349,1.0852438775210786,1.0807089796021612,1.0714510675548636
4350,1.0852438775210786,1.081433691159929,1.0740846185716413
4351,1.0852438775210786,1.082833473459344,1.0773067346050076
4352,1.0852438775210786,-3999998.959831412,-100000000
4353,1.0852438775210786,-1999998.9389355727,-100000000
4354,1.0852438775210786,-1999998.939276357,-100000000
4355,1.0852438775210786,1.0799022924370558,1.0641403694353682
4356,1.0852438775210786,1.0804580743766317,1.06569694080883
4357,1.0852438775210786,-1999998.9413797257,-100000000
4358,1.0852438775210786,-1999998.9410359515,-100000000
4359,1.0852438775210786,-1999998.9413053703,-100000000
4360,1.0852438775210786,1.0796407162674297,1.0698505877944526
4361,1.0852438775210786,-1999998.941197785,-100000000
4362,1.0852438775210786,1.0806751302155078,1.0685589196342633
4363,1.0852438775210786,-3999998.963095509,-100000000
4364,1.0852438775210786,1.0797440976822925,1.0686668958347143
4365,1.0852438775210786,1.0805704034057126,1.0708787092007341
4366,1.0852438775210786,1.0811518132866516,1.0626904874716183
4367,1.0852438775210786,1.0820445269327292,1.0769127525679898
4368,1.0852438775210786,1.0823789429692483,1.0778186835196695
4369,1.0852438775210786,-3999998.9605046953,-100000000
4370,1.0852438775210786,1.0817055005646399,1.072675316433343
4371,1.0852438775210786,-1999998.940178141,-100000000
4372,1.0852438775210786,1.0796477371942754,1.0620579693848915
4373,1.0852438775210786,-5999998.985142813,-100000000
4374,1.0852438775210786,1.075640497109556,1.0345977384029148
4375,1.0852438775210786,-3999998.964811798,-100000000
4376,1.0852438775210786,-3999998.965471605,-100000000
4377,1.0852438775210786,1.0777792572989136,1.0637347949017464
4378,1.0852438775210786,1.0776569568682357,1.0624316023492626
4379,1.0852438775210786,1.07834343280017,1.059152158820626
4380,1.0852438775210786,1.0787561261130778,1.063604061905729
4381,1.0852438775210786,-1999998.9425266914,-100000000
4382,1.0852438775210786,1.0779992189542376,1.0685397157973369
4383,1.0852438775210786,1.078681666129329,1.0655001204696153
4384,1.0852438775210786,1.0788385074382147,1.0683164178600135
4385,1.0852438775210786,1.07969155209589,1.0690263200670116
4386,1.0852438775210786,1.0799480893997617,1.0740385145423201
4387,1.0852438775210786,1.0807546436914734,1.0701598480029082
4388,1.0852438775210786,-3999998.9620574536,-100000000
4389,1.0852438775210786,-1999998.9424259223,-100000000
4390,1.0852438775210786,1.0774386304199748,1.064623261277231
4391,1.0852438775210786,-1999998.9429538369,-100000000
4392,1.0852438775210786,1.0769719212056226,1.0643925594753587
4393,1.0852438775210786,1.0789282798599598,1.0680537423895504
4394,1.0852438775210786,1.0805153869556694,1.070178501754219
4395,1.0852438775210786,1.0810744327820923,1.069730487944316
4396,1.0852438775210786,-1999998.9396905445,-100000000
4397,1.0852438775210786,1.0813165827462576,1.073562194617638
4398,1.0852438775210786,-3999998.9617733555,-100000000
4399,1.0852438775210786,1.0810654096301326,1.0718921527302347
4400,1.0852438775210786,1.0813430379099094,1.0713359495005723
4401,1.0852438775210786,1.081287505566791,1.0732604860835895
4402,1.0852438775210786,1.0815587253873409,1.0742262944579313
4403,1.0852438775210786,1.0818515760527856,1.074313461193982
4404,1.0852438775210786,1.0824254070135269,1.0766649063660563
4405,1.0852438775210786,-1999998.9391226924,-100000000
4406,1.0852438775210786,-1999998.9403028097,-100000000
4407,1.0852438775210786,1.079699167658233,1.060626367687601
4408,1.0852438775210786,-1999998.9396643897,-100000000
4409,1.0852438775210786,-1999998.9394997293,-100000000
4410,1.0852438775210786,1.0811238890298522,1.0696047273022682
4411,1.0852438775210786,-1999998.9402695415,-100000000
4412,1.0852438775210786,-3999998.9627948715,-100000000
4413,1.0852438775210786,-1999998.9423147833,-100000000
4414,1.0852438775210786,-1999998.9432100402,-100000000
4415,1.0852438775210786,-3999998.967385569,-100000000
4416,1.0852438775210786,1.0725387629629841,1.0279788918531518
4417,1.0852438775210786,1.074691157934964,1.045868283771577
4418,1.0852438775210786,1.0746724440446105,1.059761202833128
4419,1.0852438775210786,1.078898162153631,1.0610934710523252
4420,1.0852438775210786,1.0796227123871562,1.0636787558946628
4421,1.0852438775210786,1.081431393947885,1.0703272715444645
4422,1.0852438775210786,1.0820603184723536,1.0725392037423953
4423,1.0852438775210786,-3999998.960763605,-100000000
4424,1.0852438775210786,-3999998.961804149,-100000000
4425,1.0852438775210786,-1999998.9412900412,-100000000
4426,1.0852438775210786,-1999998.9437438464,-100000000
4427,1.0852438775210786,1.0779990057280804,1.0504659768091311
4428,1.0852438775210786,1.0799639916253967,1.0716043752944309
4429,1.0852438775210786,-1999998.9407032162,-100000000
4430,1.0852438775210786,-3999998.9632015075,-100000000
4431,1.0852438775210786,-1999998.942893779,-100000000
4432,1.0852438775210786,1.0785464362464063,1.0692417650227566
4433,1.0852438775210786,1.080502483598044,1.0741231077626772
4434,1.0852438775210786,1.0821078652291605,1.0761118862244676
4435,1.0852438775210786,-1999998.9392147674,-100000000
4436,1.0852438775210786,1.0815332150274621,1.0751899251684263
4437,1.0852438775210786,1.0824307545022511,1.077435746650532
4438,1.0852438775210786,1.0826516308893415,1.0781069236804215
4439,1.0852438775210786,-5999998.982268922,-100000000
4440,1.0852438775210786,1.0823722998275414,1.0771059655169921
4441,1.0852438775210786,1.0825022707211198,1.0770465800251268
4442,1.0852438775210786,-1999998.939284574,-100000000
4443,1.0852438775210786,1.0811690461728287,1.055591603260568
4444,1.0852438775210786,-1999998.9400966112,-100000000
4445,1.0852438775210786,1.079799086654061,1.0520023806910315
4446,1.0852438775210786,1.0793208435513075,1.0616601241002084
4447,1.0852438775210786,1.0800352473458086,1.0717994264880724
4448,1.0852438775210786,1.081349235822642,1.069768851745026
4449,1.0852438775210786,1.0812375789741921,1.0748646033526978
4450,1.0852438775210786,1.0818160319188936,1.0752222126016
4451,1.0852438775210786,1.0824146536533865,1.0759004020026581
4452,1.0852438775210786,1.0821102700227394,1.0742678178566085
4453,1.0852438775210786,1.0817298246729392,1.0717238562034397
4454,1.0852438775210786,-1999998.940060244,-100000000
4455,1.0852438775210786,1.0810681241250684,1.067399596535544
4456,1.0852438775210786,1.0814242554843287,1.072693839147379
4457,1.0852438775210786,-1999998.9399840673,-100000000
4458,1.0852438775210786,-1999998.9409412905,-100000000
4459,1.0852438775210786,1.0791312440682943,1.0656680502295213
4460,1.0852438775210786,-1999998.9421200692,-100000000
4461,1.0852438775210786,1.078451479067327,1.054789088279883
4462,1.0852438775210786,1.0790098211516288,1.0605346455390678
4463,1.0852438775210786,-1999998.9415194404,-100000000
4464,1.0852438775210786,-1999998.944326701,-100000000
4465,1.0852438775210786,1.077176244313426,1.0656631840798105
4466,1.0852438775210786,1.0787225456004135,1.0661583439854478
4467,1.0852438775210786,1.0793848852811232,1.0672677195525684
4468,1.0852438775210786,1.079791607480946,1.0583160234932407
4469,1.0852438775210786,-1999998.9420280193,-100000000
4470,1.0852438775210786,1.0790887497386545,1.0665739450107428
4471,1.0852438775210786,-1999998.9402058409,-100000000
4472,1.0852438775210786,-1999998.9416930699,-100000000
4473,1.0852438775210786,-1999998.9431849972,-100000000
4474,1.0852438775210786,1.0770930956754057,1.0650847308508533
4475,1.0852438775210786,1.079658789063807,1.0643578934068865
4476,1.0852438775210786,1.080333856318543,1.066905576978571
4477,1.0852438775210786,1.0811970238327933,1.0718529917847535
4478,1.0852438775210786,1.0812121493072955,1.0735411990794523
4479,1.0852438775210786,-1999998.9402164095,-100000000
4480,1.0852438775210786,1.0813154496996087,1.0592244511878601
4481,1.0852438775210786,-3999998.9618120063,-100000000
4482,1.0852438775210786,1.079443394754494,1.0628300200365755
4483,1.0852438775210786,1.0789282719137845,1.058462046048074
4484,1.0852438775210786,1.0797493944033365,1.0623942607583323
4485,1.0852438775210786,-1999998.9417981314,-100000000
4486,1.0852438775210786,1.077932193759257,1.064028963753798
4487,1.0852438775210786,-1999998.9430544206,-100000000
4488,1.0852438775210786,-1999998.9432340465,-100000000
4489,1.0852438775210786,-3999998.964536762,-100000000
4490,1.0852438775210786,1.0782629489750852,1.0649504055966168
4491,1.0852438775210786,-3999998.9639504757,-100000000
4492,1.0852438775210786,-5999998.986178955,-100000000
4493,1.0852438775210786,-3999998.9637881014,-100000000
4494,1.0852438775210786,-1999998.9422881708,-100000000
4495,1.0852438775210786,-3999998.9653754313,-100000000
4496,1.0852438775210786,1.076565302507826,1.0655754697639601
4497,1.0852438775210786,1.0788163163985152,1.0694845967726092
4498,1.0852438775210786,1.0794234115975039,1.0715303553989866
4499,1.0852438775210786,1.0816261103889817,1.0750303057153374
4500,1.0852438775210786,-1999998.9392866883,-100000000
4501,1.0852438775210786,1.08136349653985,1.076002699897335
4502,1.0852438775210786,-1999998.9394861993,-100000000
4503,1.0852438775210786,1.0807270414179062,1.0672100912546756
4504,1.0852438775210786,1.0802810615654497,1.0702977185433387
4505,1.0852438775210786,1.0811435985647926,1.0675354276930231
4506,1.0852438775210786,1.0815522319843007,1.073433453320915
4507,1.0852438775210786,-1999998.9388236327,-100000000
4508,1.0852438775210786,1.0813668406517989,1.069081724365807
4509,1.0852438775210786,1.0813347274747318,1.0642199645804897
4510,1.0852438775210786,1.081762919502287,1.0729120088697424
4511,1.0852438775210786,1.0821755868605951,1.0719066008144664
4512,1.0852438775210786,-1999998.93964756,-100000000
4513,1.0852438775210786,-1999998.9412432949,-100000000
4514,1.0852438775210786,1.0783567476505578,1.0395905657179236
4515,1.0852438775210786,1.079510118377669,1.0666626966329633
4516,1.0852438775210786,-1999998.9415014694,-100000000
4517,1.0852438775210786,1.0792582506574522,1.0664770334922564
4518,1.0852438775210786,-1999998.9417265314,-100000000
4519,1.0852438775210786,1.0788856407543108,1.0699915378280058
4520,1.0852438775210786,1.0803318705672256,1.071475279692876
4521,1.0852438775210786,1.0811005583441928,1.072146073073603
4522,1.0852438775210786,-1999998.9399593147,-100000000
4523,1.0852438775210786,-1999998.9399956036,-100000000
4524,1.0852438775210786,1.0807794562284725,1.0741688413156227
4525,1.0852438775210786,-1999998.9402304692,-100000000
4526,1.0852438775210786,1.0808664091879836,1.0617777440710519
4527,1.0852438775210786,1.0804701075413228,1.0697292563197445
4528,1.0852438775210786,1.0802537167178945,1.069473452972428
4529,1.0852438775210786,1.080702343358265,1.0720551074330773
4530,1.0852438775210786,-1999998.940687201,-100000000
4531,1.0852438775210786,-1999998.941915674,-100000000
4532,1.0852438775210786,-1999998.9432922963,-100000000
4533,1.0852438775210786,1.0773563071000156,1.0108798347490404
4534,1.0852438775210786,-1999998.9433195028,-100000000
4535,1.0852438775210786,1.078351095147778,1.0702723838692956
4536,1.0852438775210786,1.080163960516491,1.073358561656196
4537,1.0852438775210786,-1999998.9408962857,-100000000
4538,1.0852438775210786,1.0797118795647465,1.0556955079845933
4539,1.0852438775210786,-1999998.9398134192,-100000000
4540,1.0852438775210786,-1999998.9406367233,-100000000
4541,1.0852438775210786,-1999998.9411571433,-100000000
4542,1.0852438775210786,-1999998.9419536581,-100000000
4543,1.0852438775210786,1.0778935790026554,1.0678534285732746
4544,1.0852438775210786,1.0779026574328248,1.0656633409127358
4545,1.0852438775210786,-1999998.942788733,-100000000
4546,1.0852438775210786,1.0767942585361703,1.0353938697900493
4547,1.0852438775210786,-3999998.9681146895,-100000000
4548,1.0852438775210786,-1999998.9485364908,-100000000
4549,1.0852438775210786,-1999998.949181115,-100000000
4550,1.0852438775210786,1.0691454339427653,1.0095648207797927
4551,1.0852438775210786,1.0674135526022799,1.0097722068900707
4552,1.0852438775210786,1.0724074770508927,1.0411146691553195
4553,1.0852438775210786,1.0779011064556294,1.0560315457907903
4554,1.0852438775210786,-1999998.9442168833,-100000000
4555,1.0852438775210786,1.0752340727506864,1.0629812526269606
4556,1.0852438775210786,1.0766707092437624,1.0597447875721298
4557,1.0852438775210786,1.07850024401133,1.067380078967462
4558,1.0852438775210786,-1999998.9417411245,-100000000
4559,1.0852438775210786,1.0795583887743723,1.0690279082340435
4560,1.0852438775210786,-1999998.9400818052,-100000000
4561,1.0852438775210786,-3999998.9627702367,-100000000
4562,1.0852438775210786,1.079704462600571,1.068011959325366
4563,1.0852438775210786,1.0803636577061229,1.0668390232410798
4564,1.0852438775210786,-1999998.9414176007,-100000000
4565,1.0852438775210786,1.0788193963834842,1.0712018949255988
4566,1.0852438775210786,1.0802625844786764,1.0702593763659496
4567,1.0852438775210786,1.0804531792922163,1.0684368432325466
4568,1.0852438775210786,1.0804445517860712,1.07175258962235
4569,1.0852438775210786,-1999998.9395976616,-100000000
4570,1.0852438775210786,-1999998.9414590711,-100000000
4571,1.0852438775210786,1.078112881423993,1.055332936329905
4572,1.0852438775210786,1.0776646248329704,1.04854791422068
4573,1.0852438775210786,-1999998.9439119848,-100000000
4574,1.0852438775210786,1.0770849407498,1.0540217876750728
4575,1.0852438775210786,1.0785918249816804,1.0702238740415468
4576,1.0852438775210786,1.0800100657894618,1.0710535223598812
4577,1.0852438775210786,1.0808445765577854,1.0708135927369962
4578,1.0852438775210786,-1999998.9407134848,-100000000
4579,1.0852438775210786,-3999998.9628691063,-100000000
4580,1.0852438775210786,1.0799811429159072,1.074489469792304
4581,1.0852438775210786,1.0810959706018355,1.0750339314045338
4582,1.0852438775210786,1.0822954906730202,1.0768406042049483
4583,1.0852438775210786,1.0828979762768565,1.0782089706968943
4584,1.0852438775210786,1.0836120955479556,1.0792348844814985
4585,1.0852438775210786,1.083490899962322,1.077713391710542
4586,1.0852438775210786,-3999998.959913938,-100000000
4587,1.0852438775210786,1.08244726255559,1.0728908946969775
4588,1.0852438775210786,1.0821453520975135,1.0712852531219674
4589,1.0852438775210786,1.0823634006905316,1.0722845965567493
4590,1.0852438775210786,-1999998.9389782278,-100000000
4591,1.0852438775210786,1.0815448850310774,1.0741509754612224
4592,1.0852438775210786,-1999998.939177168,-100000000
4593,1.0852438775210786,1.0805759870573697,1.047707561114576
4594,1.0852438775210786,1.0821527940526954,1.065783475812762
4595,1.0852438775210786,1.0821669188680796,1.0777087852483094
4596,1.0852438775210786,-3999998.960554972,-100000000
4597,1.0852438775210786,1.0813815733992815,1.0728725555532124
4598,1.0852438775210786,-1999998.9400769293,-100000000
4599,1.0852438775210786,1.0800622757308906,1.066687811215485
4600,1.0852438775210786,-3999998.9621365108,-100000000
4601,1.0852438775210786,-1999998.941420156,-100000000
4602,1.0852438775210786,1.0804846167408462,1.0716231128365012
4603,1.0852438775210786,1.0803407775861553,1.0708704220998608
4604,1.0852438775210786,1.0804703776170752,1.0700965881055318
4605,1.0852438775210786,1.08078300055987,1.0592509083697372
4606,1.0852438775210786,1.0805164538236043,1.0659613134740018
4607,1.0852438775210786,-1999998.9403667825,-100000000
4608,1.0852438775210786,-5999998.984030975,-100000000
4609,1.0852438775210786,-3999998.9627940096,-100000000
4610,1.0852438775210786,1.0795533883367125,1.0724816621235553
4611,1.0852438775210786,1.0802572503589432,1.0736393200610967
4612,1.0852438775210786,-1999998.940297435,-100000000
4613,1.0852438775210786,1.0808899291752447,1.0719667500498362
4614,1.0852438775210786,-1999998.9414131255,-100000000
4615,1.0852438775210786,-3999998.964025285,-100000000
4616,1.0852438775210786,-1999998.9431097645,-100000000
4617,1.0852438775210786,-1999998.9457958615,-100000000
4618,1.0852438775210786,-3999998.970043379,-100000000
4619,1.0852438775210786,1.0695122218216626,1.0303162289861731
4620,1.0852438775210786,-1999998.9479442097,-100000000
4621,1.0852438775210786,-3999998.9697692855,-100000000
4622,1.0852438775210786,-5999998.989593669,-100000000
4623,1.0852438775210786,-1999998.9464008433,-100000000
4624,1.0852438775210786,1.076561416510109,1.0544301736096564
4625,1.0852438775210786,-1999998.9443584501,-100000000
4626,1.0852438775210786,-1999998.944726091,-100000000
4627,1.0852438775210786,-1999998.945189359,-100000000
4628,1.0852438775210786,-3999998.967488084,-100000000
4629,1.0852438775210786,1.0749958740489656,1.064119975252008
4630,1.0852438775210786,-1999998.944580208,-100000000
4631,1.0852438775210786,-3999998.965931916,-100000000
4632,1.0852438775210786,1.0758279039195717,1.0661468841889272
4633,1.0852438775210786,-1999998.9432183963,-100000000
4634,1.0852438775210786,1.076896257846916,1.0670032536754008
4635,1.0852438775210786,1.0775138986225568,1.0676089723153033
4636,1.0852438775210786,1.0782709004573632,1.0650330903657532
4637,1.0852438775210786,1.078128076264349,1.062714715803739
4638,1.0852438775210786,1.0786791908887718,1.0718487049821346
4639,1.0852438775210786,-1999998.9416558368,-100000000
4640,1.0852438775210786,1.0787557550970184,1.0669895087727825
4641,1.0852438775210786,-1999998.94219069,-100000000
4642,1.0852438775210786,1.0771921277667256,1.0620602377706838
4643,1.0852438775210786,-3999998.965154063,-100000000
4644,1.0852438775210786,1.0775860515109605,1.051208256900047
4645,1.0852438775210786,1.078380613529172,1.0615072389366507
4646,1.0852438775210786,-3999998.9630924477,-100000000
4647,1.0852438775210786,1.07977978613085,1.0701871462760582
4648,1.0852438775210786,1.0809758105533904,1.0751506119107685
4649,1.0852438775210786,-1999998.9404241787,-100000000
4650,1.0852438775210786,1.0808443198235964,1.0702398061623133
4651,1.0852438775210786,-1999998.9409373475,-100000000
4652,1.0852438775210786,1.0808575625382324,1.070303358173545
4653,1.0852438775210786,-1999998.9401123708,-100000000
4654,1.0852438775210786,1.0817984471364246,1.076233872796048
4655,1.0852438775210786,1.0823980709669505,1.0770338471588912
4656,1.0852438775210786,1.0826889461618907,1.0773772604126914
4657,1.0852438775210786,1.0829505965947415,1.0775890201662124
4658,1.0852438775210786,1.0825589592728935,1.0756102375242595
4659,1.0852438775210786,1.0826207908631356,1.0777740307136625
4660,1.0852438775210786,1.0830172303108037,1.0736502303358484
4661,1.0852438775210786,-1999998.9388138712,-100000000
4662,1.0852438775210786,-1999998.9398040392,-100000000
4663,1.0852438775210786,1.0811018884524015,1.0748044201924776
4664,1.0852438775210786,-3999998.961643996,-100000000
4665,1.0852438775210786,1.0811007065766343,1.072552451727991
4666,1.0852438775210786,1.08179794402348,1.0747549806316368
4667,1.0852438775210786,1.082509649324658,1.0716764936464014
4668,1.0852438775210786,-1999998.9388649943,-100000000
4669,1.0852438775210786,-1999998.9399696235,-100000000
4670,1.0852438775210786,1.0806700818229753,1.0716170756363517
4671,1.0852438775210786,-3999998.962292664,-100000000
4672,1.0852438775210786,1.0799720002984632,1.0563443287829581
4673,1.0852438775210786,-3999998.9616686963,-100000000
4674,1.0852438775210786,-5999998.98410043,-100000000
4675,1.0852438775210786,-1999998.9414266357,-100000000
4676,1.0852438775210786,1.079581545721627,1.0645218391478464
4677,1.0852438775210786,-1999998.9424219453,-100000000
4678,1.0852438775210786,-5999998.986893616,-100000000
4679,1.0852438775210786,1.0779073238108925,1.0610810077349546
4680,1.0852438775210786,1.0769866027684365,1.0405609135087928
4681,1.0852438775210786,1.075921188106682,1.058805148420736
4682,1.0852438775210786,1.0766807435384045,1.062912345106263
4683,1.0852438775210786,1.0775128901383542,1.0657010715769206
4684,1.0852438775210786,1.0780245121024317,1.0681183341615976
4685,1.0852438775210786,1.0793611737580626,1.064920442001183
4686,1.0852438775210786,1.0804564766975553,1.0711178056661204
4687,1.0852438775210786,-7999999.004602738,-100000000
4688,1.0852438775210786,1.081909305301927,1.076788015222311
4689,1.0852438775210786,1.0825876260608764,1.0779220643536607
4690,1.0852438775210786,1.083230590657633,1.077388574378827
4691,1.0852438775210786,-3999998.960129938,-100000000
4692,1.0852438775210786,1.082416359467027,1.0749586817734706
4693,1.0852438775210786,1.082999831402527,1.078600290786541
4694,1.0852438775210786,-1999998.9386081048,-100000000
4695,1.0852438775210786,1.0818208640828701,1.0751479208320962
4696,1.0852438775210786,1.0822875587064644,1.0777494141388912
4697,1.0852438775210786,1.082345375833417,1.0721174378103406
4698,1.0852438775210786,-5999998.98313062,-100000000
4699,1.0852438775210786,1.0809270271769913,1.0680475609733255
4700,1.0852438775210786,1.0816511721074176,1.0702856963354526
4701,1.0852438775210786,1.0814249976997439,1.073131570163429
4702,1.0852438775210786,1.080567774853446,1.0673712755390108
4703,1.0852438775210786,-1999998.9400589783,-100000000
4704,1.0852438775210786,1.080531882459247,1.0590960316294966
4705,1.0852438775210786,-1999998.9402597207,-100000000
4706,1.0852438775210786,1.0797320094846197,1.0678850331765646
4707,1.0852438775210786,1.0797413684464967,1.0703163935917246
4708,1.0852438775210786,-1999998.9411396345,-100000000
4709,1.0852438775210786,-1999998.9409722844,-100000000
4710,1.0852438775210786,-3999998.9631595,-100000000
4711,1.0852438775210786,1.0793883411342702,1.070763626548017
4712,1.0852438775210786,1.0799010717140543,1.0714509046781588
4713,1.0852438775210786,1.0801819551587841,1.072537164217786
4714,1.0852438775210786,1.0806323975125594,1.0740035923928075
4715,1.0852438775210786,-1999998.9405479066,-100000000
4716,1.0852438775210786,1.0805150466460407,1.0727118667316016
4717,1.0852438775210786,-1999998.940426798,-100000000
4718,1.0852438775210786,-1999998.9423736217,-100000000
4719,1.0852438775210786,1.0757674215752844,1.0427029417645244
4720,1.0852438775210786,1.0737372021527698,1.0536849418262282
4721,1.0852438775210786,1.0755998114239262,1.0585272984524754
4722,1.0852438775210786,1.0759124586068807,1.06576578069948
4723,1.0852438775210786,1.077317757064136,1.0682556782003703
4724,1.0852438775210786,1.0791983725943572,1.0683702752187587
4725,1.0852438775210786,-1999998.940002671,-100000000
4726,1.0852438775210786,-1999998.941790767,-100000000
4727,1.0852438775210786,1.0801126651542672,1.0273581882587437
4728,1.0852438775210786,1.0797310068921124,1.0604549674570976
4729,1.0852438775210786,-1999998.9430155903,-100000000
4730,1.0852438775210786,1.0759305605290441,1.0525875492576797
4731,1.0852438775210786,-3999998.968065679,-100000000
4732,1.0852438775210786,1.0735151827391913,1.0420871174842679
4733,1.0852438775210786,1.0752382915520797,1.043648902902982
4734,1.0852438775210786,1.0770193443424592,1.0518075255878854
4735,1.0852438775210786,1.0768692685891808,1.045676967719114
4736,1.0852438775210786,1.0772148124566043,1.0643746631686044
4737,1.0852438775210786,1.079407377492955,1.060734882666786
4738,1.0852438775210786,1.0798152990143592,1.0725547933468054
4739,1.0852438775210786,1.081323546897963,1.0692252178232553
4740,1.0852438775210786,1.0818982853585442,1.0750987716005789
4741,1.0852438775210786,1.0825641370391994,1.0773050793744792
4742,1.0852438775210786,-1999998.938751469,-100000000
4743,1.0852438775210786,-1999998.9396519691,-100000000
4744,1.0852438775210786,-1999998.940102492,-100000000
4745,1.0852438775210786,-1999998.9402627824,-100000000
4746,1.0852438775210786,-1999998.942071507,-100000000
4747,1.0852438775210786,1.0782946503799804,1.0598801971746856
4748,1.0852438775210786,-1999998.9421231095,-100000000
4749,1.0852438775210786,1.078195655919013,1.0651424332108759
4750,1.0852438775210786,1.0777292223164958,1.0540241346643793
4751,1.0852438775210786,1.0780282295194938,1.061390679780319
4752,1.0852438775210786,1.0784405830186992,1.0474492102798505
4753,1.0852438775210786,-1999998.9419707973,-100000000
4754,1.0852438775210786,1.079259952861978,1.0706843340432304
4755,1.0852438775210786,-1999998.9416441524,-100000000
4756,1.0852438775210786,-1999998.9422458815,-100000000
4757,1.0852438775210786,1.0778728476671982,1.0618389956408176
4758,1.0852438775210786,-1999998.9434876621,-100000000
4759,1.0852438775210786,1.0761659894516653,1.0552019987482861
4760,1.0852438775210786,1.0765810943837442,1.053856001534636
4761,1.0852438775210786,-5999998.988328658,-100000000
4762,1.0852438775210786,-1999998.9460041504,-100000000
4763,1.0852438775210786,-3999998.96757285,-100000000
4764,1.0852438775210786,1.0736306595098513,1.0510255635737336
4765,1.0852438775210786,-1999998.9468910564,-100000000
4766,1.0852438775210786,1.0736146956288737,1.056120748987754
4767,1.0852438775210786,1.0749391149536904,1.0598418269871828
4768,1.0852438775210786,1.0758912231082065,1.059981591277661
4769,1.0852438775210786,1.0778377999146136,1.057535828771051
4770,1.0852438775210786,1.0803203311931753,1.0679123228302012
4771,1.0852438775210786,1.080668121655501,1.0678368737686978
4772,1.0852438775210786,1.080837549862677,1.0642746082473613
4773,1.0852438775210786,-3999998.961993365,-100000000
4774,1.0852438775210786,1.0809303822784755,1.070701039850963
4775,1.0852438775210786,-3999998.9622055483,-100000000
4776,1.0852438775210786,1.080036603308716,1.0670618696884646
4777,1.0852438775210786,1.0799806797633045,1.0734303703391976
4778,1.0852438775210786,-1999998.9398799695,-100000000
4779,1.0852438775210786,1.0808332198566937,1.0738737595474865
4780,1.0852438775210786,-1999998.9403866208,-100000000
4781,1.0852438775210786,1.0806975857682586,1.0724412941724328
4782,1.0852438775210786,1.0803279692748513,1.061665002570306
4783,1.0852438775210786,1.0806098560230875,1.0723711734263648
4784,1.0852438775210786,1.0811933383809684,1.0766056733415286
4785,1.0852438775210786,1.0810215803776426,1.0726189177514156
4786,1.0852438775210786,1.0813959568376361,1.0724459740409165
4787,1.0852438775210786,1.0815012432907982,1.0734476668036264
4788,1.0852438775210786,1.0816304875105787,1.072092479127549
4789,1.0852438775210786,1.0820071557464106,1.073831901969387
4790,1.0852438775210786,1.0817963348625508,1.069941925977837
4791,1.0852438775210786,-1999998.9399798426,-100000000
4792,1.0852438775210786,1.0811356479740393,1.0718237528206944
4793,1.0852438775210786,-1999998.9405029526,-100000000
4794,1.0852438775210786,1.079596246288288,1.0583761670883403
4795,1.0852438775210786,1.0799360008205057,1.0667455147598757
4796,1.0852438775210786,1.0804101899919667,1.0698044257600516
4797,1.0852438775210786,-1999998.9414548913,-100000000
4798,1.0852438775210786,1.0800530445490835,1.0714135120032733
4799,1.0852438775210786,1.0804129105268832,1.0736203863970961
4800,1.0852438775210786,1.0806843097415142,1.0724679607775043
4801,1.0852438775210786,-1999998.941139237,-100000000
4802,1.0852438775210786,1.0801142764293146,1.0689663252661354
4803,1.0852438775210786,1.0799594954013036,1.066051356966313
4804,1.0852438775210786,1.0807078984073815,1.0741377798613874
4805,1.0852438775210786,-1999998.9404278002,-100000000
4806,1.0852438775210786,1.0799879420035374,1.0717110277384243
4807,1.0852438775210786,-1999998.9407487593,-100000000
4808,1.0852438775210786,1.08017535147754,1.0715917160330344
4809,1.0852438775210786,1.0808466077393062,1.071846244039122
4810,1.0852438775210786,1.0813735868079268,1.0761493926124133
4811,1.0852438775210786,1.0820640185655555,1.0772853711170085
4812,1.0852438775210786,1.0822370329678381,1.0765145165383914
4813,1.0852438775210786,1.0821226680183222,1.0789909447082262
4814,1.0852438775210786,-3999998.960701212,-100000000
4815,1.0852438775210786,-1999998.939926472,-100000000
4816,1.0852438775210786,-1999998.9406299305,-100000000
4817,1.0852438775210786,1.0801380874214568,1.0725187947959518
4818,1.0852438775210786,1.0796940944973046,1.0700982999812947
4819,1.0852438775210786,-1999998.9411742233,-100000000
4820,1.0852438775210786,1.0796192758149774,1.0604818103526312
4821,1.0852438775210786,1.0808713912014694,1.0715484400765416
4822,1.0852438775210786,1.081410792614181,1.0759350081950534
4823,1.0852438775210786,1.081516667303573,1.075958274068149
4824,1.0852438775210786,-1999998.9398362394,-100000000
4825,1.0852438775210786,-1999998.9408532288,-100000000
4826,1.0852438775210786,-3999998.962581831,-100000000
4827,1.0852438775210786,-1999998.9423384226,-100000000
4828,1.0852438775210786,-1999998.9425296113,-100000000
4829,1.0852438775210786,1.0797515824929145,1.0658941546666485
4830,1.0852438775210786,-1999998.9409706206,-100000000
4831,1.0852438775210786,-3999998.9640302467,-100000000
4832,1.0852438775210786,1.0770058068163877,1.0591153585010074
4833,1.0852438775210786,1.077412245819188,1.063211268573038
4834,1.0852438775210786,1.0784087188725444,1.068220723300311
4835,1.0852438775210786,1.079340957840957,1.0715259874323768
4836,1.0852438775210786,1.0807643426997242,1.07241970507374
4837,1.0852438775210786,1.080738338713639,1.0730381956365775
4838,1.0852438775210786,1.0810374876302358,1.0652328170158714
4839,1.0852438775210786,-1999998.9414205637,-100000000
4840,1.0852438775210786,-1999998.9427497596,-100000000
4841,1.0852438775210786,1.0783222187794792,1.06598710026599
4842,1.0852438775210786,1.0796166725460263,1.069959579758068
4843,1.0852438775210786,1.0800220912008245,1.0648187178748927
4844,1.0852438775210786,1.0799483956938554,1.0709738481689473
4845,1.0852438775210786,-3999998.9622034254,-100000000
4846,1.0852438775210786,-3999998.963596842,-100000000
4847,1.0852438775210786,1.0780826176890304,1.0559657120102912
4848,1.0852438775210786,1.0789257269560237,1.071252119592569
4849,1.0852438775210786,-1999998.9412716369,-100000000
4850,1.0852438775210786,-3999998.9638959314,-100000000
4851,1.0852438775210786,-1999998.943286403,-100000000
4852,1.0852438775210786,1.0772137696341817,1.061164877348261
4853,1.0852438775210786,1.078040588278029,1.063315340827061
4854,1.0852438775210786,1.0796509402813312,1.0692698055122405
4855,1.0852438775210786,1.0807503876522402,1.072029318967071
4856,1.0852438775210786,-3999998.962059357,-100000000
4857,1.0852438775210786,1.0799156279451487,1.0667017236224736
4858,1.0852438775210786,1.079986368869924,1.0715730414799034
4859,1.0852438775210786,1.0806013312540204,1.0717875435603545
4860,1.0852438775210786,1.0803622934198898,1.0701430575412663
4861,1.0852438775210786,1.0806042954067723,1.0718908277846637
4862,1.0852438775210786,1.081097399510218,1.0683634667988484
4863,1.0852438775210786,1.0812256655456496,1.0761856200842894
4864,1.0852438775210786,1.081095063040397,1.0683583165768942
4865,1.0852438775210786,-3999998.9625326693,-100000000
4866,1.0852438775210786,1.0795761237918398,1.0665277833781484
4867,1.0852438775210786,-1999998.9416102553,-100000000
4868,1.0852438775210786,1.0786574391141428,1.0619368639953914
4869,1.0852438775210786,-3999998.963868759,-100000000
4870,1.0852438775210786,1.0787615086371705,1.0557536174755868
4871,1.0852438775210786,1.0796686974406366,1.0720013023599293
4872,1.0852438775210786,1.0807033894231817,1.0700878011373578
4873,1.0852438775210786,-1999998.9407626563,-100000000
4874,1.0852438775210786,1.0801862744236181,1.0724878102746236
4875,1.0852438775210786,1.0811893788652125,1.0742874362963237
4876,1.0852438775210786,1.0820308976836779,1.077797444558795
4877,1.0852438775210786,1.0828672278944647,1.0792343721898912
4878,1.0852438775210786,1.0836867045377976,1.0795436751855614
4879,1.0852438775210786,-3999998.9596269047,-100000000
4880,1.0852438775210786,1.0827101062675064,1.0557152585549472
4881,1.0852438775210786,1.0826439122737,1.068306985976061
4882,1.0852438775210786,-1999998.9393841964,-100000000
4883,1.0852438775210786,-3999998.963163804,-100000000
4884,1.0852438775210786,1.079043415592175,1.0564973582765287
4885,1.0852438775210786,1.0807171608835602,1.0697964564352476
4886,1.0852438775210786,1.0814626235587965,1.0715297605799343
4887,1.0852438775210786,-1999998.9394679985,-100000000
4888,1.0852438775210786,-3999998.9618376577,-100000000
4889,1.0852438775210786,1.0803075089307148,1.0645833129668012
4890,1.0852438775210786,-1999998.9405938638,-100000000
4891,1.0852438775210786,-1999998.9407072735,-100000000
4892,1.0852438775210786,1.0799817038421613,1.0679822322779642
4893,1.0852438775210786,1.0796184014023968,1.0730252110467942
4894,1.0852438775210786,-1999998.9418787246,-100000000
4895,1.0852438775210786,1.0788697473798283,1.0716134728213715
4896,1.0852438775210786,-1999998.941994685,-100000000
4897,1.0852438775210786,-1999998.9442209536,-100000000
4898,1.0852438775210786,1.07743177696786,1.05782964903064
4899,1.0852438775210786,-1999998.9419285508,-100000000
4900,1.0852438775210786,-1999998.9413763785,-100000000
4901,1.0852438775210786,1.0790150690241447,1.0685926063115567
4902,1.0852438775210786,1.0785564877826423,1.069989930347499
4903,1.0852438775210786,1.079824421860458,1.0723795713798507
4904,1.0852438775210786,1.0803079369988726,1.0511699374839403
4905,1.0852438775210786,1.080931740142482,1.066590704460228
4906,1.0852438775210786,-1999998.941005631,-100000000
4907,1.0852438775210786,1.0803156012701725,1.0698085394170427
4908,1.0852438775210786,1.080187094408004,1.067352311461783
4909,1.0852438775210786,1.0802368954989532,1.0725792960137677
4910,1.0852438775210786,-1999998.941369508,-100000000
4911,1.0852438775210786,1.0796461001525748,1.073830355649645
4912,1.0852438775210786,-1999998.941338606,-100000000
4913,1.0852438775210786,1.0799279246947222,1.068068241909809
4914,1.0852438775210786,1.0807640409032513,1.0757269344275278
4915,1.0852438775210786,-5999998.983022068,-100000000
4916,1.0852438775210786,-1999998.9401385256,-100000000
4917,1.0852438775210786,1.0810609341008481,1.0747490651390739
4918,1.0852438775210786,1.0813349856724634,1.0717033216167269
4919,1.0852438775210786,-3999998.9617455727,-100000000
4920,1.0852438775210786,1.0799949326308522,1.061127093706046
4921,1.0852438775210786,1.0815200663284832,1.0734625101603483
4922,1.0852438775210786,1.081232602268329,1.0724731857792968
4923,1.0852438775210786,1.08107853695197,1.071591171074283
4924,1.0852438775210786,-1999998.9394791021,-100000000
4925,1.0852438775210786,-3999998.9616987775,-100000000
4926,1.0852438775210786,1.080982420248333,1.0703709578951868
4927,1.0852438775210786,-1999998.9397548558,-100000000
4928,1.0852438775210786,-1999998.9398841674,-100000000
4929,1.0852438775210786,1.0809882106521995,1.0638668313717896
4930,1.0852438775210786,-1999998.9401468616,-100000000
4931,1.0852438775210786,1.0812553899553266,1.0738949180711823
4932,1.0852438775210786,-1999998.9396457544,-100000000
4933,1.0852438775210786,1.0806079315198516,1.0674685153005483
4934,1.0852438775210786,1.0817144420410385,1.0742451166686495
4935,1.0852438775210786,1.0827055729542092,1.0741918440963585
4936,1.0852438775210786,-1999998.9387194975,-100000000
4937,1.0852438775210786,-1999998.9389196131,-100000000
4938,1.0852438775210786,-1999998.9392581778,-100000000
4939,1.0852438775210786,1.0819628781790995,1.0685240289407023
4940,1.0852438775210786,1.0817889917207901,1.0730927854984018
4941,1.0852438775210786,-1999998.9392995748,-100000000
4942,1.0852438775210786,-1999998.9398827085,-100000000
4943,1.0852438775210786,-1999998.9402007535,-100000000
4944,1.0852438775210786,1.0807680117946454,1.066349408880416
4945,1.0852438775210786,1.0805336266152563,1.064294968101681
4946,1.0852438775210786,1.0798056972170595,1.0681046845110318
4947,1.0852438775210786,1.0808395390896646,1.0666005359314368
4948,1.0852438775210786,-1999998.9408235552,-100000000
4949,1.0852438775210786,1.0793272754269698,1.062664505387524
4950,1.0852438775210786,1.0796437580281106,1.0714750920996554
4951,1.0852438775210786,-1999998.9413740376,-100000000
4952,1.0852438775210786,1.0792140701600805,1.062873576224519
4953,1.0852438775210786,1.0807831209922427,1.0698255941259682
4954,1.0852438775210786,1.0808884877796994,1.071918625777154
4955,1.0852438775210786,-1999998.940271671,-100000000
4956,1.0852438775210786,1.0813070905922897,1.07062250365801
4957,1.0852438775210786,-1999998.9400082408,-100000000
4958,1.0852438775210786,1.082018683726694,1.0761001351443413
4959,1.0852438775210786,1.0826272588373471,1.0762191307857676
4960,1.0852438775210786,-3999998.9604699756,-100000000
4961,1.0852438775210786,1.0823481963630068,1.0747586855299913
4962,1.0852438775210786,1.0829160974189846,1.078230317582746
4963,1.0852438775210786,1.082899777501142,1.0732503367225252
4964,1.0852438775210786,1.082465603827246,1.0757080264955068
4965,1.0852438775210786,-1999998.9392315652,-100000000
4966,1.0852438775210786,1.0812631881421775,1.048639062881798
4967,1.0852438775210786,-3999998.963347871,-100000000
4968,1.0852438775210786,1.0792668828721697,1.0526491770960562
4969,1.0852438775210786,1.0777368611021534,1.038744571811485
4970,1.0852438775210786,1.0778514798400962,1.0486352304803308
4971,1.0852438775210786,1.0797499336121685,1.064562594874864
4972,1.0852438775210786,-3999998.963874133,-100000000
4973,1.0852438775210786,-1999998.94459554,-100000000
4974,1.0852438775210786,1.0754773257365098,1.0463226658369686
4975,1.0852438775210786,1.0767776841255166,1.0528860716425954
4976,1.0852438775210786,1.0781917123647708,1.060590358953373
4977,1.0852438775210786,1.0803470652465412,1.0629664930039628
4978,1.0852438775210786,-1999998.941088208,-100000000
4979,1.0852438775210786,-3999998.964346703,-100000000
4980,1.0852438775210786,-1999998.9434580193,-100000000
4981,1.0852438775210786,1.077645607325717,1.0634788120030918
4982,1.0852438775210786,1.0770597061881928,1.0624623273360165
4983,1.0852438775210786,1.0788468622611989,1.068143828967274
4984,1.0852438775210786,-1999998.942533641,-100000000
4985,1.0852438775210786,1.0788314120439406,1.0679845355293143
4986,1.0852438775210786,1.080515486168731,1.0745880391743468
4987,1.0852438775210786,-1999998.939944709,-100000000
4988,1.0852438775210786,-1999998.940700149,-100000000
4989,1.0852438775210786,-5999998.984570291,-100000000
4990,1.0852438775210786,-3999998.963570523,-100000000
4991,1.0852438775210786,-1999998.943408429,-100000000
4992,1.0852438775210786,1.0763022949885939,1.0496821864220447
4993,1.0852438775210786,1.0766065262019338,1.0594852460283324
4994,1.0852438775210786,1.0781085486899982,1.0613512779413294
4995,1.0852438775210786,1.0775123259261818,1.0622704085582875
4996,1.0852438775210786,1.077719200774434,1.0656817482216017
4997,1.0852438775210786,1.0791772637554242,1.0684044953325187
4998,1.0852438775210786,-1999998.9412658259,-100000000
4999,1.0852438775210786,-1999998.9408813633,-100000000
5000,1.0852438775210786,-1999998.9415063197,-100000000
5001,1.0852438775210786,1.0790982783902217,1.0633920653034459
5002,1.0852438775210786,1.078923062301305,1.0662916648355376
5003,1.0852438775210786,1.0791412277969008,1.0701917491562825
5004,1.0852438775210786,1.0802536703485033,1.066121788753644
5005,1.0852438775210786,-1999998.941357217,-100000000
5006,1.0852438775210786,1.079509119677942,1.0656576743834323
5007,1.0852438775210786,1.0797764907022123,1.0679254223338142
5008,1.0852438775210786,-1999998.9413214817,-100000000
5009,1.0852438775210786,1.079310168544601,1.0688972467891817
5010,1.0852438775210786,1.081186822975551,1.071674960300394
5011,1.0852438775210786,1.081473012816266,1.0734017759255963
5012,1.0852438775210786,1.0815287877899546,1.074909721882129
5013,1.0852438775210786,1.0817664832352982,1.069025771384638
5014,1.0852438775210786,1.0819947721695298,1.074031994760384
5015,1.0852438775210786,-1999998.9390956738,-100000000
5016,1.0852438775210786,1.0815377010744962,1.0711478212991805
5017,1.0852438775210786,1.0822744115172023,1.0753628846806143
5018,1.0852438775210786,-3999998.960668999,-100000000
5019,1.0852438775210786,-1999998.939420913,-100000000
5020,1.0852438775210786,1.08150774870686,1.0726976032016788
5021,1.0852438775210786,-1999998.9394988928,-100000000
5022,1.0852438775210786,-1999998.940868603,-100000000
5023,1.0852438775210786,-1999998.942093926,-100000000
5024,1.0852438775210786,1.078217413701393,1.0555124130627282
5025,1.0852438775210786,-1999998.9430734676,-100000000
5026,1.0852438775210786,1.07648187346562,1.0626282022345062
5027,1.0852438775210786,1.076544357599123,1.0656703865936101
5028,1.0852438775210786,1.0782274368866755,1.060061523602335
5029,1.0852438775210786,1.078228091705368,1.0679486748688938
5030,1.0852438775210786,1.0790343505615387,1.0717323733164823
5031,1.0852438775210786,-1999998.9414801279,-100000000
5032,1.0852438775210786,1.0804375109617264,1.07490043306671
5033,1.0852438775210786,1.0812562126367466,1.07591721368606
5034,1.0852438775210786,1.0821371089644976,1.0732766493052774
5035,1.0852438775210786,1.0823408217232005,1.0673580241926528
5036,1.0852438775210786,1.0821823141516922,1.0732208887787624
5037,1.0852438775210786,1.0824422436409045,1.0735518165898994
5038,1.0852438775210786,1.0826570436563459,1.075124461712224
5039,1.0852438775210786,1.0826065373464517,1.076573916434528
5040,1.0852438775210786,1.082674201955067,1.0752545834622773
5041,1.0852438775210786,1.0825420926188647,1.0771361492113463
5042,1.0852438775210786,1.0828030754321214,1.0766185165640292
5043,1.0852438775210786,1.0825483636235622,1.0749225349114266
5044,1.0852438775210786,1.0822288464644367,1.0740703287161715
5045,1.0852438775210786,-1999998.9396215808,-100000000
5046,1.0852438775210786,-1999998.9402808922,-100000000
5047,1.0852438775210786,1.0794145061124503,1.0612609191264903
5048,1.0852438775210786,-3999998.962699563,-100000000
5049,1.0852438775210786,1.0787374141823483,1.0588111482930578
5050,1.0852438775210786,1.0793025992606247,1.0639798614430975
5051,1.0852438775210786,1.0804947370971076,1.0725995475623775
5052,1.0852438775210786,1.0814968047815854,1.07480603879034
5053,1.0852438775210786,1.08207549557769,1.0779249324821505
5054,1.0852438775210786,-1999998.9393922403,-100000000
5055,1.0852438775210786,-1999998.939895514,-100000000
5056,1.0852438775210786,1.0802665179296675,1.0671907309883657
5057,1.0852438775210786,-1999998.9408032352,-100000000
5058,1.0852438775210786,1.0805905669176048,1.071319612999019
5059,1.0852438775210786,1.0807351281696613,1.0674942025191503
5060,1.0852438775210786,1.081473206571809,1.0748802665296955
5061,1.0852438775210786,1.0819932937175063,1.071801124562196
5062,1.0852438775210786,-3999998.9614655403,-100000000
5063,1.0852438775210786,-1999998.9404447463,-100000000
5064,1.0852438775210786,-1999998.941741247,-100000000
5065,1.0852438775210786,1.0782347790118048,1.0611040215621652
5066,1.0852438775210786,-3999998.964272916,-100000000
5067,1.0852438775210786,-1999998.9422804543,-100000000
5068,1.0852438775210786,-1999998.9425260471,-100000000
5069,1.0852438775210786,1.0776060913861532,1.0617561980127288
5070,1.0852438775210786,1.0779602302767648,1.0591121390352836
5071,1.0852438775210786,-1999998.9439020741,-100000000
5072,1.0852438775210786,1.0763237963025267,1.0500929608597753
5073,1.0852438775210786,1.0779753753605836,1.0620831302261884
5074,1.0852438775210786,-1999998.943285741,-100000000
5075,1.0852438775210786,1.07804616962682,1.060198283347232
5076,1.0852438775210786,1.078779748152578,1.0668725259022271
5077,1.0852438775210786,-1999998.9417820228,-100000000
5078,1.0852438775210786,1.0796423380462121,1.0641523583728447
5079,1.0852438775210786,-1999998.9413554627,-100000000
5080,1.0852438775210786,1.0785123075347183,1.0712800506777012
5081,1.0852438775210786,1.0793311349671932,1.0647062933232831
5082,1.0852438775210786,1.079910908721565,1.0706617726963172
5083,1.0852438775210786,1.0801571278397197,1.059160619906495
5084,1.0852438775210786,-1999998.9407820592,-100000000
5085,1.0852438775210786,-1999998.9407795575,-100000000
5086,1.0852438775210786,-1999998.9413925537,-100000000
5087,1.0852438775210786,-1999998.9424350786,-100000000
5088,1.0852438775210786,1.0774645027910434,1.050274949951546
5089,1.0852438775210786,1.0783860196047734,1.0555858560894495
5090,1.0852438775210786,-1999998.9428704018,-100000000
5091,1.0852438775210786,-1999998.9432045224,-100000000
5092,1.0852438775210786,1.076605441966571,1.0269440802805039
5093,1.0852438775210786,1.0776532146815287,1.060471276124309
5094,1.0852438775210786,1.0793319459098456,1.0665303273677467
5095,1.0852438775210786,-1999998.9403400323,-100000000
5096,1.0852438775210786,1.0798224538921815,1.0694915400536973
5097,1.0852438775210786,-1999998.9419078846,-100000000
5098,1.0852438775210786,1.0769314245189627,1.0442967532372656
5099,1.0852438775210786,1.0788656805417534,1.0647724938177778
5100,1.0852438775210786,1.0784285235202438,1.0639271296796502
5101,1.0852438775210786,1.0796184223014027,1.071707675526088
5102,1.0852438775210786,1.0812110850374155,1.0717171164450052
5103,1.0852438775210786,-1999998.939817307,-100000000
5104,1.0852438775210786,-1999998.940839363,-100000000
5105,1.0852438775210786,1.0804543077076518,1.0657568384742797
5106,1.0852438775210786,1.0808072177293266,1.0631291194656347
5107,1.0852438775210786,1.0810290952628703,1.0735050768804757
5108,1.0852438775210786,1.0812694511058525,1.069814364572193
5109,1.0852438775210786,1.0817615782167118,1.0761593112707453
5110,1.0852438775210786,-1999998.9388760882,-100000000
5111,1.0852438775210786,-1999998.9390914727,-100000000
5112,1.0852438775210786,-1999998.9397355274,-100000000
5113,1.0852438775210786,-3999998.9621342467,-100000000
5114,1.0852438775210786,1.0807971558209473,1.0648716673521386
5115,1.0852438775210786,1.0808519788473376,1.0708654607670671
5116,1.0852438775210786,1.0815479437133446,1.0731429252616498
5117,1.0852438775210786,-1999998.9398472547,-100000000
5118,1.0852438775210786,1.0812520990001238,1.0754780875207017
5119,1.0852438775210786,-3999998.9608241315,-100000000
5120,1.0852438775210786,-1999998.9397037544,-100000000
5121,1.0852438775210786,1.0808038125665211,1.0695344324265892
5122,1.0852438775210786,1.0808852748320994,1.074927714844668
5123,1.0852438775210786,-1999998.9400769172,-100000000
5124,1.0852438775210786,-1999998.9406282394,-100000000
5125,1.0852438775210786,-1999998.9427829352,-100000000
5126,1.0852438775210786,-1999998.943509268,-100000000
5127,1.0852438775210786,1.0768574922294543,1.043737490499896
5128,1.0852438775210786,-1999998.943556765,-100000000
5129,1.0852438775210786,1.0771034710679057,1.0620731196062718
5130,1.0852438775210786,-1999998.9429587228,-100000000
5131,1.0852438775210786,1.0783359156189296,1.0583152144493178
5132,1.0852438775210786,1.0794301506903405,1.070187366016047
5133,1.0852438775210786,1.0803727901328537,1.0689586344943143
5134,1.0852438775210786,1.0802858692523076,1.070312390461851
5135,1.0852438775210786,-3999998.9620429934,-100000000
5136,1.0852438775210786,-1999998.9411890965,-100000000
5137,1.0852438775210786,-1999998.9417781956,-100000000
5138,1.0852438775210786,1.0801978449007057,1.068156321617458
5139,1.0852438775210786,1.0802304087858174,1.065572518184748
5140,1.0852438775210786,1.080758209836598,1.070322566527564
5141,1.0852438775210786,1.0809623647828785,1.0759811772803771
5142,1.0852438775210786,1.0812022811090123,1.0730997193006968
5143,1.0852438775210786,-1999998.9403171,-100000000
5144,1.0852438775210786,-1999998.941122684,-100000000
5145,1.0852438775210786,1.080422882220459,1.070302013921721
5146,1.0852438775210786,1.0804624611954647,1.068261211057007
5147,1.0852438775210786,1.0806817548262537,1.0754687005369385
5148,1.0852438775210786,-1999998.940142095,-100000000
5149,1.0852438775210786,-1999998.9405563935,-100000000
5150,1.0852438775210786,1.0802561027164983,1.0746662710964892
5151,1.0852438775210786,-1999998.9401650832,-100000000
5152,1.0852438775210786,1.080440297062955,1.0735606278096417
5153,1.0852438775210786,1.0808971301793775,1.0724319275094425
5154,1.0852438775210786,1.0807485371273855,1.0686466643639365
5155,1.0852438775210786,1.0810840166800633,1.0731189868120903
5156,1.0852438775210786,-1999998.9397254053,-100000000
5157,1.0852438775210786,-3999998.9628603365,-100000000
5158,1.0852438775210786,-1999998.941476211,-100000000
5159,1.0852438775210786,1.0805988003320817,1.05624799881728
5160,1.0852438775210786,1.080311086171395,1.064748877238233
5161,1.0852438775210786,-1999998.9417757187,-100000000
5162,1.0852438775210786,1.0793663476943747,1.069904437722848
5163,1.0852438775210786,-1999998.9423167212,-100000000
5164,1.0852438775210786,1.078739659321775,1.0658545524272323
5165,1.0852438775210786,1.079208376083804,1.0672714119644728
5166,1.0852438775210786,-1999998.9422521759,-100000000
5167,1.0852438775210786,1.078303640779104,1.0630117513652495
5168,1.0852438775210786,1.0798944089366458,1.0742624608244211
5169,1.0852438775210786,1.0815825202856815,1.0654835454595153
5170,1.0852438775210786,-1999998.940296614,-100000000
5171,1.0852438775210786,-1999998.940672358,-100000000
5172,1.0852438775210786,1.0800700620545323,1.0716163160880554
5173,1.0852438775210786,1.080135370218431,1.065490740161662
5174,1.0852438775210786,1.0810105714795943,1.071007596008732
5175,1.0852438775210786,-1999998.940889396,-100000000
5176,1.0852438775210786,1.075669941205731,1.0236847068695654
5177,1.0852438775210786,1.0763741542851277,1.0529711947841736
5178,1.0852438775210786,-1999998.9411194164,-100000000
5179,1.0852438775210786,-1999998.9423577508,-100000000
5180,1.0852438775210786,1.0800059678244722,1.0678865058576124
5181,1.0852438775210786,-1999998.94034426,-100000000
5182,1.0852438775210786,1.0806190787145245,1.0711314780070604
5183,1.0852438775210786,1.0807697880859768,1.068574457546346
5184,1.0852438775210786,1.08110187709462,1.0760362750762145
5185,1.0852438775210786,-1999998.9399332753,-100000000
5186,1.0852438775210786,-1999998.9411438531,-100000000
5187,1.0852438775210786,1.078960471589695,1.0665293966607496
5188,1.0852438775210786,1.080619348954995,1.0652952577294912
5189,1.0852438775210786,1.0807805352295277,1.0673536642255779
5190,1.0852438775210786,1.0807656368381324,1.0752866064206617
5191,1.0852438775210786,1.0816743680457659,1.0763251763092063
5192,1.0852438775210786,1.0824308926626878,1.0729234824435683
5193,1.0852438775210786,1.0821543539790026,1.0745444087902376
5194,1.0852438775210786,-1999998.9400842548,-100000000
5195,1.0852438775210786,-1999998.943076304,-100000000
5196,1.0852438775210786,-1999998.9438922012,-100000000
5197,1.0852438775210786,1.0734310964714169,1.0400645984452184
5198,1.0852438775210786,-1999998.944800131,-100000000
5199,1.0852438775210786,-1999998.9451955596,-100000000
5200,1.0852438775210786,1.0754087159422254,1.0412518200461451
5201,1.0852438775210786,1.0778063742167843,1.052962206448055
5202,1.0852438775210786,1.0788717761870508,1.0600299945973206
5203,1.0852438775210786,1.0804000162264238,1.0655646211170275
5204,1.0852438775210786,1.0813393027207292,1.0727667725256829
5205,1.0852438775210786,1.0816006774800133,1.0737111809068933
5206,1.0852438775210786,1.0825845045633664,1.0773995565903969
5207,1.0852438775210786,-1999998.9385185528,-100000000
5208,1.0852438775210786,-1999998.939162668,-100000000
5209,1.0852438775210786,-1999998.9402100905,-100000000
5210,1.0852438775210786,1.0799238125949926,1.0680135004298226
5211,1.0852438775210786,-3999998.9626071546,-100000000
5212,1.0852438775210786,-1999998.9414453243,-100000000
5213,1.0852438775210786,1.0793012345419497,1.0715831918934775
5214,1.0852438775210786,-1999998.940925643,-100000000
5215,1.0852438775210786,1.0797969389874937,1.0707833552357973
5216,1.0852438775210786,1.0801329601608602,1.0728809286823313
5217,1.0852438775210786,1.0812293002705529,1.076127200846841
5218,1.0852438775210786,-1999998.939267437,-100000000
5219,1.0852438775210786,1.0820516717353006,1.0757730334748885
5220,1.0852438775210786,1.0816524480700909,1.0751658767396837
5221,1.0852438775210786,1.081794186507749,1.0720890941449461
5222,1.0852438775210786,1.0825342036111685,1.0683990019933525
5223,1.0852438775210786,1.0821770342718438,1.073502728203811
5224,1.0852438775210786,1.0818362077190669,1.0728056538705273
5225,1.0852438775210786,1.0823086279109635,1.0680624676540384
5226,1.0852438775210786,-3999998.960793581,-100000000
5227,1.0852438775210786,-3999998.9609537376,-100000000
5228,1.0852438775210786,1.0823511399170425,1.0759798403066636
5229,1.0852438775210786,1.0815991971820753,1.0714173863755954
5230,1.0852438775210786,1.0817769355013127,1.0750820843257531
5231,1.0852438775210786,-1999998.9398890694,-100000000
5232,1.0852438775210786,-3999998.962376801,-100000000
5233,1.0852438775210786,1.0797882342878993,1.0684133363735748
5234,1.0852438775210786,1.0796059143705916,1.068384295033825
5235,1.0852438775210786,-1999998.9427006913,-100000000
5236,1.0852438775210786,-1999998.943119213,-100000000
5237,1.0852438775210786,1.0762105070709147,1.0449387059713446
5238,1.0852438775210786,1.075055680754164,1.050737834838114
5239,1.0852438775210786,1.0757698487183185,1.056019459240459
5240,1.0852438775210786,-3999998.9670723747,-100000000
5241,1.0852438775210786,-1999998.9463183451,-100000000
5242,1.0852438775210786,-1999998.946048251,-100000000
5243,1.0852438775210786,1.0735259221329507,1.042589713342851
5244,1.0852438775210786,1.0741375804973485,1.0470906197589636
5245,1.0852438775210786,1.0748148202904289,1.0538744726803406
5246,1.0852438775210786,-3999998.9682701826,-100000000
5247,1.0852438775210786,1.0739338492015231,1.0084501256782135
5248,1.0852438775210786,1.0761884204319423,1.0681497890653762
5249,1.0852438775210786,1.0774971033797602,1.066716858565604
5250,1.0852438775210786,1.0797728893411973,1.0704400675327355
5251,1.0852438775210786,1.081457046254805,1.0717549435183447
5252,1.0852438775210786,-1999998.9398466877,-100000000
5253,1.0852438775210786,1.0808106972339957,1.07294745148883
5254,1.0852438775210786,1.0830606405632117,1.075814593489735
5255,1.0852438775210786,1.0831002003390007,1.0781940664335057
5256,1.0852438775210786,-3999998.9598726262,-100000000
5257,1.0852438775210786,1.082689593846285,1.077738843626614
5258,1.0852438775210786,-5999998.982386315,-100000000
5259,1.0852438775210786,-1999998.9397995034,-100000000
5260,1.0852438775210786,1.0815171781936779,1.0676674070491532
5261,1.0852438775210786,1.0797531195889962,1.0178669146606674
5262,1.0852438775210786,-1999998.9404747777,-100000000
5263,1.0852438775210786,1.0801516648411096,1.060730697958518
5264,1.0852438775210786,1.0800778556319481,1.061094393439301
5265,1.0852438775210786,1.079259173281022,1.0620090088729843
5266,1.0852438775210786,1.0799720978780385,1.069209852478717
5267,1.0852438775210786,1.0797629846637284,1.073793944196811
5268,1.0852438775210786,1.0802363820645544,1.0704665482537297
5269,1.0852438775210786,1.0808371790159246,1.0659489242440703
5270,1.0852438775210786,-1999998.94109563,-100000000
5271,1.0852438775210786,-1999998.941331736,-100000000
5272,1.0852438775210786,1.080311000360422,1.067613815827737
5273,1.0852438775210786,-1999998.9400707108,-100000000
5274,1.0852438775210786,1.0801046645245613,1.0646312777669695
5275,1.0852438775210786,1.0795602754145301,1.0653276923910617
5276,1.0852438775210786,1.0799167769291074,1.0669845434367704
5277,1.0852438775210786,1.0798152951228877,1.0584502441770227
5278,1.0852438775210786,1.0801513753446248,1.0739152269270043
5279,1.0852438775210786,1.0800856198503719,1.0731154476808102
5280,1.0852438775210786,1.0797460147912141,1.0704218380693973
5281,1.0852438775210786,1.0805368481509767,1.068247155229185
5282,1.0852438775210786,-1999998.9404681474,-100000000
5283,1.0852438775210786,1.0806302314628313,1.0741467629904162
5284,1.0852438775210786,-3999998.961244283,-100000000
5285,1.0852438775210786,-1999998.9402824382,-100000000
5286,1.0852438775210786,1.0802090152974544,1.0528852394132904
5287,1.0852438775210786,1.0802822129956677,1.0616816303590086
5288,1.0852438775210786,1.0807093284388867,1.0719298854421389
5289,1.0852438775210786,1.0810856548216365,1.0722232949821184
5290,1.0852438775210786,1.0816851821775146,1.07395978636194
5291,1.0852438775210786,1.0819837398624794,1.0760492727000122
5292,1.0852438775210786,-3999998.9610116887,-100000000
5293,1.0852438775210786,1.0805786133286703,1.0457964554368266
5294,1.0852438775210786,1.0814006951755781,1.0728252327214964
5295,1.0852438775210786,1.0820955715274905,1.0717219623959426
5296,1.0852438775210786,-5999998.983046329,-100000000
5297,1.0852438775210786,-1999998.9418971485,-100000000
5298,1.0852438775210786,1.078358441809347,1.055357310462822
5299,1.0852438775210786,-1999998.9432244091,-100000000
5300,1.0852438775210786,1.0772581208703007,1.0227812642246572
5301,1.0852438775210786,1.0792567032631983,1.0547467607580887
5302,1.0852438775210786,-1999998.940549954,-100000000
5303,1.0852438775210786,1.0794424658709438,1.068503252389914
5304,1.0852438775210786,1.0803747984363936,1.0716272158298958
5305,1.0852438775210786,1.0804400220407553,1.0745176630222955
5306,1.0852438775210786,1.0805081830099532,1.0715064559059635
5307,1.0852438775210786,1.080906680263657,1.0736336170037653
5308,1.0852438775210786,1.0809584132859376,1.0727568917676376
5309,1.0852438775210786,1.0810584572416146,1.0743655597199666
5310,1.0852438775210786,-3999998.9619868253,-100000000
5311,1.0852438775210786,1.0808037113850275,1.0722377776087346
5312,1.0852438775210786,1.0808103657266153,1.0628200292949157
5313,1.0852438775210786,-1999998.94121267,-100000000
5314,1.0852438775210786,-1999998.942872079,-100000000
5315,1.0852438775210786,1.0780812908725501,1.0572158106196974
5316,1.0852438775210786,1.0778265712416806,1.0676126052726227
5317,1.0852438775210786,1.0780160436767117,1.0686329718811178
5318,1.0852438775210786,-1999998.9427937553,-100000000
5319,1.0852438775210786,1.078250539815311,1.0672537523677539
5320,1.0852438775210786,1.079367403342424,1.0655746016460301
5321,1.0852438775210786,1.0790974559043853,1.0627318396880074
5322,1.0852438775210786,1.07947392528642,1.0719536685262576
5323,1.0852438775210786,-3999998.962718339,-100000000
5324,1.0852438775210786,1.079573970633108,1.0703677315289641
5325,1.0852438775210786,1.0808908826416361,1.0737739622603053
5326,1.0852438775210786,1.081551643080853,1.0749265529170628
5327,1.0852438775210786,-1999998.9399206706,-100000000
5328,1.0852438775210786,-1999998.940793173,-100000000
5329,1.0852438775210786,1.0804013973684885,1.067111585567552
5330,1.0852438775210786,1.0807534641800556,1.0725597663436015
5331,1.0852438775210786,-1999998.9406403059,-100000000
5332,1.0852438775210786,-1999998.942113143,-100000000
5333,1.0852438775210786,1.077546422058951,1.0615421378094512
5334,1.0852438775210786,-1999998.9445313185,-100000000
5335,1.0852438775210786,1.0757323960082346,1.0444041128713928
5336,1.0852438775210786,1.0762742441640196,1.0592617998833531
5337,1.0852438775210786,-1999998.94529339,-100000000
5338,1.0852438775210786,-1999998.9467925108,-100000000
5339,1.0852438775210786,1.0736257205929771,1.0483214134314367
5340,1.0852438775210786,-1999998.9451704961,-100000000
5341,1.0852438775210786,1.074310701434164,1.052475734777972
5342,1.0852438775210786,1.074988491019694,1.0578981760576218
5343,1.0852438775210786,-1999998.943730709,-100000000
5344,1.0852438775210786,1.0772954416501317,1.0599554392474653
5345,1.0852438775210786,1.0784971754034853,1.0622132143563419
5346,1.0852438775210786,1.0790120840455633,1.06204214366055
5347,1.0852438775210786,1.0798437778902819,1.065495892691837
5348,1.0852438775210786,1.0807972085893136,1.0700218915466344
5349,1.0852438775210786,-1999998.9401129754,-100000000
5350,1.0852438775210786,-1999998.9405486204,-100000000
5351,1.0852438775210786,1.0808855043336907,1.0677863294389978
5352,1.0852438775210786,-1999998.9407405404,-100000000
5353,1.0852438775210786,1.0796715593670023,1.0717766085807212
5354,1.0852438775210786,1.0805174654624685,1.0721666308717266
5355,1.0852438775210786,1.0805618470704743,1.0696741068606141
5356,1.0852438775210786,1.0803933936587935,1.0677376835379107
5357,1.0852438775210786,-1999998.9410751949,-100000000
5358,1.0852438775210786,-1999998.9406356385,-100000000
5359,1.0852438775210786,1.080732374814394,1.0724722705197745
5360,1.0852438775210786,1.0815164382994618,1.0720571681068338
5361,1.0852438775210786,-1999998.9402559316,-100000000
5362,1.0852438775210786,-3999998.9633111204,-100000000
5363,1.0852438775210786,1.0790868508562668,1.0697865680099177
5364,1.0852438775210786,-3999998.9630254577,-100000000
5365,1.0852438775210786,-1999998.9425972637,-100000000
5366,1.0852438775210786,1.0789539335252578,1.0536545583064925
5367,1.0852438775210786,-1999998.9422814422,-100000000
5368,1.0852438775210786,-3999998.964235364,-100000000
5369,1.0852438775210786,1.0772569695484713,1.059116114090545
5370,1.0852438775210786,1.0785016204710836,1.0534897128417366
5371,1.0852438775210786,1.0785735545219297,1.0667394288198015
5372,1.0852438775210786,-1999998.9418836108,-100000000
5373,1.0852438775210786,-3999998.9634590517,-100000000
5374,1.0852438775210786,1.0780727438930588,1.0476778329164516
5375,1.0852438775210786,1.07956393993365,1.0667889980697378
5376,1.0852438775210786,1.0803055650554427,1.0667186599597689
5377,1.0852438775210786,1.0808942721231867,1.0715326963033682
5378,1.0852438775210786,1.0816836527802725,1.0708848183782536
5379,1.0852438775210786,1.0816285915463961,1.0746229868084405
5380,1.0852438775210786,-3999998.961891327,-100000000
5381,1.0852438775210786,-1999998.9412522297,-100000000
5382,1.0852438775210786,1.080096364293865,1.0462830067139262
5383,1.0852438775210786,1.0796647320579005,1.0722442738014903
5384,1.0852438775210786,1.0799113924010868,1.0725209778004914
5385,1.0852438775210786,1.08041265698408,1.0700341019084214
5386,1.0852438775210786,1.08015029740451,1.0721062033115305
5387,1.0852438775210786,-5999998.984196949,-100000000
5388,1.0852438775210786,1.0801464603224,1.0734287607678392
5389,1.0852438775210786,-5999998.983619776,-100000000
5390,1.0852438775210786,1.08028552180872,1.0705084218832708
5391,1.0852438775210786,1.081637215410716,1.0760742026937211
5392,1.0852438775210786,1.0826963335492727,1.076730701241444
5393,1.0852438775210786,1.0832311692977699,1.0781189040777988
5394,1.0852438775210786,-3999998.9596561347,-100000000
5395,1.0852438775210786,1.0826935694283697,1.07286250462791
5396,1.0852438775210786,-3999998.960598793,-100000000
5397,1.0852438775210786,1.0815513462298496,1.0623901330616068
5398,1.0852438775210786,-1999998.9407578385,-100000000
5399,1.0852438775210786,1.0804654329544188,1.066109695727994
5400,1.0852438775210786,-5999998.984148746,-100000000
5401,1.0852438775210786,1.0800821487689563,1.064130424668998
5402,1.0852438775210786,-1999998.9410579768,-100000000
5403,1.0852438775210786,-1999998.94139515,-100000000
5404,1.0852438775210786,1.0807099158222975,1.0675805272000376
5405,1.0852438775210786,1.081442436191655,1.0716836805490741
5406,1.0852438775210786,-1999998.9394101342,-100000000
5407,1.0852438775210786,-3999998.9623009646,-100000000
5408,1.0852438775210786,1.079917431053565,1.0606079323270068
5409,1.0852438775210786,1.0796002991710798,1.0667625645788426
5410,1.0852438775210786,1.0798897304130413,1.0642994663436935
5411,1.0852438775210786,1.080120722919603,1.0579944982333553
5412,1.0852438775210786,1.0811832718222742,1.0692447003872054
5413,1.0852438775210786,1.0815231154334957,1.0771101375822922
5414,1.0852438775210786,1.0814343360476404,1.0740662550807274
5415,1.0852438775210786,-1999998.9401698515,-100000000
5416,1.0852438775210786,-1999998.940786584,-100000000
5417,1.0852438775210786,1.0799871954792266,1.0732606123622723
5418,1.0852438775210786,-1999998.9403990307,-100000000
5419,1.0852438775210786,-1999998.9414702626,-100000000
5420,1.0852438775210786,-1999998.9435351181,-100000000
5421,1.0852438775210786,1.0749940389738581,1.0298679099806347
5422,1.0852438775210786,1.0778838561716149,1.0589985249933862
5423,1.0852438775210786,-1999998.941246253,-100000000
5424,1.0852438775210786,1.0798541559562216,1.070121509963322
5425,1.0852438775210786,1.0805394481412656,1.0675676461988814
5426,1.0852438775210786,1.0815585331852329,1.0729728221291563
5427,1.0852438775210786,1.0813265394194855,1.0684843329936307
5428,1.0852438775210786,1.0807206637304427,1.0721970896727289
5429,1.0852438775210786,-1999998.9409952313,-100000000
5430,1.0852438775210786,1.0806972031012567,1.0624548785018422
5431,1.0852438775210786,-1999998.9413031915,-100000000
5432,1.0852438775210786,-1999998.9424119983,-100000000
5433,1.0852438775210786,1.0791098599909033,1.0640914628734035
5434,1.0852438775210786,-3999998.9637461067,-100000000
5435,1.0852438775210786,-5999998.986060399,-100000000
5436,1.0852438775210786,1.078310608260974,1.0673147309705038
5437,1.0852438775210786,-1999998.942661416,-100000000
5438,1.0852438775210786,1.0773595570127616,1.0525573679569473
5439,1.0852438775210786,1.0788201566358222,1.0658192536336184
5440,1.0852438775210786,1.0779253069430035,1.0596933767706365
5441,1.0852438775210786,-1999998.9434074336,-100000000
5442,1.0852438775210786,-1999998.945503199,-100000000
5443,1.0852438775210786,1.0754356074431084,1.0423327395067241
5444,1.0852438775210786,1.0760268361993135,1.0394865913473388
5445,1.0852438775210786,1.0778718386161308,1.0439926596521611
5446,1.0852438775210786,-1999998.9437738105,-100000000
5447,1.0852438775210786,1.0755751524025716,1.0301543177545467
5448,1.0852438775210786,1.0764615714431178,1.0522818679172776
5449,1.0852438775210786,1.079083319872656,1.0667689990635838
5450,1.0852438775210786,-1999998.941116835,-100000000
5451,1.0852438775210786,1.0805835031139197,1.0725737085042382
5452,1.0852438775210786,-1999998.940185272,-100000000
5453,1.0852438775210786,1.0798763798897644,1.0588373795513952
5454,1.0852438775210786,1.0808612121898191,1.075390717808761
5455,1.0852438775210786,1.0821098592313907,1.0743068655620238
5456,1.0852438775210786,1.082965553751965,1.076544439304572
5457,1.0852438775210786,1.0836394483558416,1.0784196447476972
5458,1.0852438775210786,-1999998.9383606317,-100000000
5459,1.0852438775210786,1.0826836848663692,1.0760870204634208
5460,1.0852438775210786,-5999998.983041019,-100000000
5461,1.0852438775210786,-3999998.9636898325,-100000000
5462,1.0852438775210786,1.0763534577104275,1.0229061823699683
5463,1.0852438775210786,1.0788109282530156,1.0261967852006266
5464,1.0852438775210786,1.080685447751556,1.072743831579693
5465,1.0852438775210786,-1999998.9397541017,-100000000
5466,1.0852438775210786,1.081342985771329,1.0756306561520013
5467,1.0852438775210786,-1999998.940655741,-100000000
5468,1.0852438775210786,-1999998.9413729215,-100000000
5469,1.0852438775210786,1.079203676698363,1.0617430897389413
5470,1.0852438775210786,-1999998.9416122695,-100000000
5471,1.0852438775210786,-1999998.9430416,-100000000
5472,1.0852438775210786,-1999998.9446587756,-100000000
5473,1.0852438775210786,1.0762576363989507,1.0555311800209632
5474,1.0852438775210786,1.077851528917748,1.0614286329517497
5475,1.0852438775210786,-1999998.942662068,-100000000
5476,1.0852438775210786,1.0777999396709712,1.0560977973388987
5477,1.0852438775210786,1.0777239859858445,1.053567064160541
5478,1.0852438775210786,1.078661080289745,1.063669960615654
5479,1.0852438775210786,1.0785688006563885,1.0678922279976977
5480,1.0852438775210786,-1999998.9416496714,-100000000
5481,1.0852438775210786,1.0791999420632223,1.0675282996989988
5482,1.0852438775210786,1.0799663710994094,1.0705664238684194
5483,1.0852438775210786,1.079520400410782,1.0694462123021409
5484,1.0852438775210786,-1999998.9417526315,-100000000
5485,1.0852438775210786,1.0797828780373666,1.065921219503903
5486,1.0852438775210786,1.0795567410789437,1.061749665504691
5487,1.0852438775210786,1.0773353761016304,1.0522608830011368
5488,1.0852438775210786,-1999998.9432170778,-100000000
5489,1.0852438775210786,-1999998.945110208,-100000000
5490,1.0852438775210786,1.0729671758009163,1.0306775556195147
5491,1.0852438775210786,1.0750920587626756,1.0518490778597918
5492,1.0852438775210786,-3999998.9677094156,-100000000
5493,1.0852438775210786,1.0737800017909933,1.0416797827312632
5494,1.0852438775210786,1.0746322938799802,1.0571198681854206
5495,1.0852438775210786,1.0751269048563032,1.0566861303683281
5496,1.0852438775210786,-1999998.9444784094,-100000000
5497,1.0852438775210786,-3999998.966686691,-100000000
5498,1.0852438775210786,1.076797015372887,1.0583424691258139
5499,1.0852438775210786,-3999998.9664996807,-100000000
5500,1.0852438775210786,1.0775500174937245,1.0646496091988902
5501,1.0852438775210786,1.0783516318519468,1.0636043829896082
5502,1.0852438775210786,1.080623799721107,1.0607138022644984
5503,1.0852438775210786,-3999998.9623113037,-100000000
5504,1.0852438775210786,1.0792073356048775,1.0694153393234715
5505,1.0852438775210786,1.0792203049572426,1.0685406520905265
5506,1.0852438775210786,1.0791201987336068,1.0526466298652126
5507,1.0852438775210786,1.079513711866993,1.062350038841393
5508,1.0852438775210786,-1999998.9418112175,-100000000
5509,1.0852438775210786,1.0790074025622312,1.0644221667071574
5510,1.0852438775210786,1.079178294939597,1.0587511885323861
5511,1.0852438775210786,1.0801774436345868,1.0728981686802883
5512,1.0852438775210786,1.0811610973444719,1.075304771881897
5513,1.0852438775210786,-1999998.939424002,-100000000
5514,1.0852438775210786,1.0817411782638298,1.0763485076816997
5515,1.0852438775210786,1.0822748532801443,1.077049292463399
5516,1.0852438775210786,-1999998.9392216983,-100000000
5517,1.0852438775210786,1.0818599029006197,1.0764477624913305
5518,1.0852438775210786,-1999998.9398154663,-100000000
5519,1.0852438775210786,-3999998.962079862,-100000000
5520,1.0852438775210786,1.0810832814577283,1.069790647307795
5521,1.0852438775210786,1.0812356338232716,1.0690694995202996
5522,1.0852438775210786,1.081082904717105,1.0698894601850397
5523,1.0852438775210786,1.0813951048500947,1.07279964226241
5524,1.0852438775210786,1.081501014523692,1.0725643828175024
5525,1.0852438775210786,1.0804935739421253,1.0701518687150906
5526,1.0852438775210786,1.080295640922931,1.0735393443926133
5527,1.0852438775210786,1.0794777835633182,1.0646301036486188
5528,1.0852438775210786,-1999998.9421399736,-100000000
5529,1.0852438775210786,-3999998.964356629,-100000000
5530,1.0852438775210786,1.0763137316297453,1.0149553093059764
5531,1.0852438775210786,1.0763233747800052,1.0418419763491253
5532,1.0852438775210786,1.0764164253460842,1.0569842993503868
5533,1.0852438775210786,1.077662243632697,1.051522914062196
5534,1.0852438775210786,1.0785476989952267,1.0538249456965767
5535,1.0852438775210786,1.0783171697725462,1.0534547273790489
5536,1.0852438775210786,1.0788344584925067,1.051645385546586
5537,1.0852438775210786,1.0786080593242218,1.0709301704275083
5538,1.0852438775210786,-1999998.940785638,-100000000
5539,1.0852438775210786,1.0797526408934246,1.0731891577131103
5540,1.0852438775210786,1.080463026136041,1.0698594427836245
5541,1.0852438775210786,1.0802668837939662,1.0740629988499144
5542,1.0852438775210786,1.0809086717841934,1.0665583379995067
5543,1.0852438775210786,1.0806479679522925,1.0724771991604973
5544,1.0852438775210786,1.0816406344229113,1.073351902442496
5545,1.0852438775210786,1.082264226922488,1.0778965047583173
5546,1.0852438775210786,1.0828647026026814,1.0762771737663706
5547,1.0852438775210786,-7999999.003574413,-100000000
5548,1.0852438775210786,1.0817709225655585,1.074352647880703
5549,1.0852438775210786,-1999998.9392419904,-100000000
5550,1.0852438775210786,1.0812515917590773,1.0755763326495709
5551,1.0852438775210786,-5999998.982924193,-100000000
5552,1.0852438775210786,1.081405798881453,1.0761570594474508
5553,1.0852438775210786,1.0810236050625808,1.0761918800103318
5554,1.0852438775210786,1.0813680357501467,1.0643500950668292
5555,1.0852438775210786,1.0818622700220046,1.0713543282793334
5556,1.0852438775210786,-1999998.939744524,-100000000
5557,1.0852438775210786,1.0822256611419967,1.077148201110784
5558,1.0852438775210786,-1999998.939317266,-100000000
5559,1.0852438775210786,1.0818537469381173,1.0695389437219847
5560,1.0852438775210786,-1999998.9395948572,-100000000
5561,1.0852438775210786,1.081747156704462,1.0743578115634995
5562,1.0852438775210786,-1999998.9393752038,-100000000
5563,1.0852438775210786,1.0814558831102339,1.0767458736489743
5564,1.0852438775210786,1.0816094351044183,1.0726749084967613
5565,1.0852438775210786,-1999998.9398012543,-100000000
5566,1.0852438775210786,-3999998.9624219905,-100000000
5567,1.0852438775210786,1.0792927338587113,1.0616997230981684
5568,1.0852438775210786,1.0809186930323305,1.067895540524868
5569,1.0852438775210786,-1999998.9404427514,-100000000
5570,1.0852438775210786,1.0801311169194912,1.0740398187803586
5571,1.0852438775210786,1.0813594436776726,1.0706816796749385
5572,1.0852438775210786,-1999998.9396916651,-100000000
5573,1.0852438775210786,1.081138676986276,1.0750840993411244
5574,1.0852438775210786,1.0814124596956398,1.0759448336017208
5575,1.0852438775210786,1.0815008561730346,1.0733000889441349
5576,1.0852438775210786,1.082002927806239,1.0746929008428199
5577,1.0852438775210786,-1999998.939242413,-100000000
5578,1.0852438775210786,1.0813569754835295,1.0731803043252186
5579,1.0852438775210786,1.0815127357173744,1.0753402969663841
5580,1.0852438775210786,1.0814998388765324,1.0736524404011258
5581,1.0852438775210786,1.0820510282858498,1.074803669667188
5582,1.0852438775210786,-1999998.940100686,-100000000
5583,1.0852438775210786,1.0813109865684425,1.0682681861981003
5584,1.0852438775210786,-3999998.961928395,-100000000
5585,1.0852438775210786,1.0794669157307075,1.068281703778156
5586,1.0852438775210786,-1999998.9418699164,-100000000
5587,1.0852438775210786,1.0782490311878137,1.0677260562839606
5588,1.0852438775210786,-1999998.942341432,-100000000
5589,1.0852438775210786,-1999998.9419539846,-100000000
5590,1.0852438775210786,-1999998.9429478517,-100000000
5591,1.0852438775210786,-1999998.943096377,-100000000
5592,1.0852438775210786,1.0765758489042252,1.052889132210736
5593,1.0852438775210786,1.0779953826109006,1.060834174415387
5594,1.0852438775210786,1.0776685199178417,1.0586559370979618
5595,1.0852438775210786,1.0792225306694228,1.0676688772876517
5596,1.0852438775210786,1.080324007733269,1.0678563730029098
5597,1.0852438775210786,-1999998.9408954934,-100000000
5598,1.0852438775210786,-3999998.9630062724,-100000000
5599,1.0852438775210786,1.0802243911371523,1.0681543344056112
5600,1.0852438775210786,-3999998.962559283,-100000000
5601,1.0852438775210786,1.0803554451647648,1.058022337804426
5602,1.0852438775210786,1.0811752805032606,1.0738294378984188
5603,1.0852438775210786,1.0821276378462519,1.0755835717880773
5604,1.0852438775210786,1.08213481751044,1.0767915656168956
5605,1.0852438775210786,1.0821794480220146,1.072886674103212
5606,1.0852438775210786,1.0822871401557281,1.0761315403730216
5607,1.0852438775210786,-1999998.9395481467,-100000000
5608,1.0852438775210786,1.0811341914459478,1.062839381119105
5609,1.0852438775210786,1.0817868872593044,1.071875492644645
5610,1.0852438775210786,-1999998.939044463,-100000000
5611,1.0852438775210786,1.0814979185421805,1.075846031357108
5612,1.0852438775210786,1.0817522908517112,1.07523521056515
5613,1.0852438775210786,-1999998.9389640873,-100000000
5614,1.0852438775210786,1.0821602489427737,1.0734407839214615
5615,1.0852438775210786,-3999998.9611079143,-100000000
5616,1.0852438775210786,1.0808755694979353,1.07443205964532
5617,1.0852438775210786,1.0813272757155934,1.0722799808066328
5618,1.0852438775210786,-3999998.9619725044,-100000000
5619,1.0852438775210786,1.0810304761629288,1.0698673446454268
5620,1.0852438775210786,-1999998.9392770987,-100000000
5621,1.0852438775210786,-1999998.9405702793,-100000000
5622,1.0852438775210786,1.080011265359213,1.0703632255182827
5623,1.0852438775210786,1.0800503629175793,1.0662668993059645
5624,1.0852438775210786,-1999998.941685334,-100000000
5625,1.0852438775210786,1.0790283474721212,1.036452973077624
5626,1.0852438775210786,1.0788885895214708,1.0679314677485618
5627,1.0852438775210786,1.0801189950727843,1.0660912983987059
5628,1.0852438775210786,1.0797008712710272,1.070900970598995
5629,1.0852438775210786,1.0801473874920975,1.064891524952467
5630,1.0852438775210786,1.0802077517320907,1.0709251606898125
5631,1.0852438775210786,1.081208165261894,1.0741921303000077
5632,1.0852438775210786,-1999998.9397617192,-100000000
5633,1.0852438775210786,1.0814907202212856,1.0741993635533915
5634,1.0852438775210786,1.0816413579099524,1.0765502915922815
5635,1.0852438775210786,1.0822125413982162,1.074772095680979
5636,1.0852438775210786,-1999998.9399328416,-100000000
5637,1.0852438775210786,1.0805839631733816,1.061627973001142
5638,1.0852438775210786,1.080029930947491,1.0628756294514141
5639,1.0852438775210786,1.0808190170702752,1.0741027507535514
5640,1.0852438775210786,-3999998.96159816,-100000000
5641,1.0852438775210786,-1999998.9415586966,-100000000
5642,1.0852438775210786,1.0788003034927802,1.0696818428352344
5643,1.0852438775210786,-1999998.9411271457,-100000000
5644,1.0852438775210786,-1999998.941836538,-100000000
5645,1.0852438775210786,1.0778983864807585,1.0615156174791567
5646,1.0852438775210786,1.0782154723780166,1.0624548182997415
5647,1.0852438775210786,1.0789349800574326,1.054848159492646
5648,1.0852438775210786,1.0783040797201386,1.0516147926694208
5649,1.0852438775210786,1.0781851890403702,1.0616067430229315
5650,1.0852438775210786,1.0795057665907546,1.0581406521771912
5651,1.0852438775210786,-1999998.9406566282,-100000000
5652,1.0852438775210786,-1999998.9410537186,-100000000
5653,1.0852438775210786,1.0792227358957363,1.0732249652235817
5654,1.0852438775210786,1.0811455497308053,1.0751904360816114
5655,1.0852438775210786,-1999998.9405250528,-100000000
5656,1.0852438775210786,1.080524326955858,1.070207153767929
5657,1.0852438775210786,-1999998.9407669795,-100000000
5658,1.0852438775210786,-1999998.9409451922,-100000000
5659,1.0852438775210786,1.07901774996808,1.0622292365993435
5660,1.0852438775210786,1.0809054524031352,1.0742191905510958
5661,1.0852438775210786,1.0821006722108037,1.0730529840860314
5662,1.0852438775210786,1.0828144069371108,1.0729503817000974
5663,1.0852438775210786,1.082392884677665,1.0757625402637698
5664,1.0852438775210786,1.0824782244431446,1.0759889787826222
5665,1.0852438775210786,-3999998.9609834934,-100000000
5666,1.0852438775210786,1.081752980383799,1.068641390709261
5667,1.0852438775210786,1.0821888356212859,1.0776364073923055
5668,1.0852438775210786,1.082340671840364,1.0772954995122457
5669,1.0852438775210786,1.082605302388084,1.0759800792950995
5670,1.0852438775210786,-1999998.9395929629,-100000000
5671,1.0852438775210786,1.0809766020848908,1.0669372698584845
5672,1.0852438775210786,-1999998.9401392338,-100000000
5673,1.0852438775210786,1.080931215450973,1.0730621218379743
5674,1.0852438775210786,1.0815024191652234,1.0734733492810553
5675,1.0852438775210786,-1999998.9400622358,-100000000
5676,1.0852438775210786,1.0803061959379372,1.0672629097766317
5677,1.0852438775210786,-1999998.9416749466,-100000000
5678,1.0852438775210786,-1999998.9420233967,-100000000
5679,1.0852438775210786,1.0783664437944982,1.0598661567221168
5680,1.0852438775210786,-1999998.9411006644,-100000000
5681,1.0852438775210786,-3999998.9632058595,-100000000
5682,1.0852438775210786,1.0791252857353408,1.0691864728454774
5683,1.0852438775210786,-1999998.9413432288,-100000000
5684,1.0852438775210786,1.0783628289927694,1.045245737624776
5685,1.0852438775210786,1.0779368682036807,1.048943919002814
5686,1.0852438775210786,-1999998.942445008,-100000000
5687,1.0852438775210786,1.0777220943124335,1.0614052338732916
5688,1.0852438775210786,-1999998.942865535,-100000000
5689,1.0852438775210786,1.078256136616257,1.0632734294889268
5690,1.0852438775210786,1.0784510045808267,1.0671127468653085
5691,1.0852438775210786,-1999998.9421786626,-100000000
5692,1.0852438775210786,1.0794087289626408,1.069820890207172
5693,1.0852438775210786,1.0808487188373344,1.0731824109569397
5694,1.0852438775210786,-1999998.9399881228,-100000000
5695,1.0852438775210786,1.0800753021606575,1.0619251214662118
5696,1.0852438775210786,1.081229232432305,1.071173244104063
5697,1.0852438775210786,-1999998.9396866092,-100000000
5698,1.0852438775210786,1.080969463346466,1.0515215795400694
5699,1.0852438775210786,-1999998.9411145754,-100000000
5700,1.0852438775210786,1.079705925809868,1.062322257499216
5701,1.0852438775210786,1.079586105095306,1.0639402505689923
5702,1.0852438775210786,-1999998.9402846142,-100000000
5703,1.0852438775210786,1.080774694613632,1.069317038277867
5704,1.0852438775210786,1.081739566225967,1.0739978084644008
5705,1.0852438775210786,-1999998.9394803357,-100000000
5706,1.0852438775210786,-1999998.9392509277,-100000000
5707,1.0852438775210786,1.0818518525950769,1.075758103712814
5708,1.0852438775210786,1.0821502090306516,1.0777395619397119
5709,1.0852438775210786,-1999998.9389986282,-100000000
5710,1.0852438775210786,1.081152691981523,1.0694379948717188
5711,1.0852438775210786,1.0813020087693814,1.072672133547985
5712,1.0852438775210786,-5999998.984051687,-100000000
5713,1.0852438775210786,1.077968783891124,1.044296447293157
5714,1.0852438775210786,1.0792744234759233,1.0558190735219548
5715,1.0852438775210786,-1999998.9422013662,-100000000
5716,1.0852438775210786,-1999998.94201074,-100000000
5717,1.0852438775210786,1.0790249146431723,1.0516588160404905
5718,1.0852438775210786,1.078811891909672,1.0537649170637697
5719,1.0852438775210786,1.079608126512906,1.0612414432421073
5720,1.0852438775210786,-3999998.9633952035,-100000000
5721,1.0852438775210786,-1999998.941685073,-100000000
5722,1.0852438775210786,1.076417004853051,1.041166923284894
5723,1.0852438775210786,-1999998.9423625683,-100000000
5724,1.0852438775210786,-3999998.96308461,-100000000
5725,1.0852438775210786,1.0793891057616853,1.0607910835554921
5726,1.0852438775210786,-1999998.9416016457,-100000000
5727,1.0852438775210786,1.080376011437951,1.0669485528373133
5728,1.0852438775210786,1.0807785201577973,1.0715417891932686
5729,1.0852438775210786,-5999998.98409414,-100000000
5730,1.0852438775210786,-3999998.963093244,-100000000
5731,1.0852438775210786,1.0794860543814493,1.0679337952132502
5732,1.0852438775210786,-3999998.9633929753,-100000000
5733,1.0852438775210786,1.0791884620476435,1.0697922932416057
5734,1.0852438775210786,1.080148899551301,1.0714078962202742
5735,1.0852438775210786,1.0806788384321764,1.0679129238738363
5736,1.0852438775210786,-1999998.9406428302,-100000000
5737,1.0852438775210786,1.0811366708821692,1.0691733316910481
5738,1.0852438775210786,1.0816216813140824,1.074972657936197
5739,1.0852438775210786,1.0823928987282072,1.0766984349378954
5740,1.0852438775210786,1.0826585814643945,1.0732646953178675
5741,1.0852438775210786,-1999998.9390662247,-100000000
5742,1.0852438775210786,-1999998.9399419278,-100000000
5743,1.0852438775210786,1.080168549573735,1.0520056419976602
5744,1.0852438775210786,-1999998.9418195614,-100000000
5745,1.0852438775210786,1.0787738976989956,1.0654701262930568
5746,1.0852438775210786,-5999998.98456322,-100000000
5747,1.0852438775210786,-1999998.9413813383,-100000000
5748,1.0852438775210786,-1999998.9414227563,-100000000
5749,1.0852438775210786,1.0797860501172416,1.0733871651716202
5750,1.0852438775210786,1.0808879324978224,1.0645274493934118
5751,1.0852438775210786,1.0816770000759204,1.0686536185605096
5752,1.0852438775210786,1.0819803571744302,1.0747287451180332
5753,1.0852438775210786,1.0819338108772658,1.072906740764324
5754,1.0852438775210786,-1999998.9391698558,-100000000
5755,1.0852438775210786,1.0820848995841497,1.0761789448923018
5756,1.0852438775210786,1.0818825734189983,1.0754694508364893
5757,1.0852438775210786,1.0813980076139509,1.0735470711771016
5758,1.0852438775210786,-1999998.9392943,-100000000
5759,1.0852438775210786,-1999998.9403464303,-100000000
5760,1.0852438775210786,1.080077256244036,1.0698455824408322
5761,1.0852438775210786,1.0810864312699033,1.0606805364866188
5762,1.0852438775210786,1.081629720923312,1.0726423465125952
5763,1.0852438775210786,-3999998.960985012,-100000000
5764,1.0852438775210786,-1999998.940338668,-100000000
5765,1.0852438775210786,-1999998.9431355018,-100000000
5766,1.0852438775210786,-1999998.9446960473,-100000000
5767,1.0852438775210786,-1999998.9478380885,-100000000
5768,1.0852438775210786,1.0711809548645783,1.0070752203882456
5769,1.0852438775210786,1.0739161083429738,1.0212194671171106
5770,1.0852438775210786,1.0728818822697135,1.0139341784477471
5771,1.0852438775210786,1.0752756285915066,1.046603348450838
5772,1.0852438775210786,1.0785676776826865,1.0652954778098969
5773,1.0852438775210786,1.0801057057007382,1.0722122809079786
5774,1.0852438775210786,1.0811418064242946,1.0726740579708602
5775,1.0852438775210786,1.0814483028585182,1.0706977021216
5776,1.0852438775210786,1.0815691426807292,1.0674512339581472
5777,1.0852438775210786,-1999998.9397791983,-100000000
5778,1.0852438775210786,1.0809847528889778,1.0742301236753597
5779,1.0852438775210786,-3999998.9614512813,-100000000
5780,1.0852438775210786,1.0800828013468977,1.066400519182792
5781,1.0852438775210786,1.0803231009733654,1.0693654757248074
5782,1.0852438775210786,1.0799027367856218,1.0689582837327123
5783,1.0852438775210786,1.0810003584684238,1.0658557489956986
5784,1.0852438775210786,1.079904046244583,1.0664209171732466
5785,1.0852438775210786,-1999998.9414728729,-100000000
5786,1.0852438775210786,-1999998.9414909256,-100000000
5787,1.0852438775210786,-3999998.964336859,-100000000
5788,1.0852438775210786,1.0773314671707204,1.063323393263774
5789,1.0852438775210786,-1999998.9414221325,-100000000
5790,1.0852438775210786,-1999998.9421575675,-100000000
5791,1.0852438775210786,1.0798002310995338,1.0707019755927207
5792,1.0852438775210786,1.080070642654035,1.0705875582352982
5793,1.0852438775210786,-3999998.962428947,-100000000
5794,1.0852438775210786,1.0803294544609887,1.074325667734282
5795,1.0852438775210786,1.0818333073163797,1.0738679102187971
5796,1.0852438775210786,-1999998.9396703714,-100000000
5797,1.0852438775210786,1.081602262393164,1.0739044143951488
5798,1.0852438775210786,-1999998.9392795907,-100000000
5799,1.0852438775210786,1.0818436653706207,1.0757609444466012
5800,1.0852438775210786,-1999998.940233137,-100000000
5801,1.0852438775210786,1.0808799933709323,1.0712877811688313
5802,1.0852438775210786,-3999998.962104478,-100000000
5803,1.0852438775210786,1.079906677985899,1.068150412839569
5804,1.0852438775210786,1.0800734551153466,1.0638410791897839
5805,1.0852438775210786,1.081466366641771,1.0676456755107826
5806,1.0852438775210786,-3999998.961314449,-100000000
5807,1.0852438775210786,1.0802904127246744,1.068812701248535
5808,1.0852438775210786,1.0807199170081048,1.0739986408093711
5809,1.0852438775210786,1.0807864813423944,1.0665695706342406
5810,1.0852438775210786,1.0816261802492584,1.0745323239454263
5811,1.0852438775210786,1.0822055986359356,1.0745946220680023
5812,1.0852438775210786,-1999998.9392394004,-100000000
5813,1.0852438775210786,1.0815036722774123,1.0716746725144621
5814,1.0852438775210786,1.082288806947477,1.0731850394972975
5815,1.0852438775210786,1.0821242783596987,1.0754223966130088
5816,1.0852438775210786,-1999998.938250312,-100000000
5817,1.0852438775210786,1.0834066742601112,1.0773726994843886
5818,1.0852438775210786,-1999998.9385891273,-100000000
5819,1.0852438775210786,1.082230657762151,1.0760120719748416
5820,1.0852438775210786,1.0820345759955265,1.0753020740832206
5821,1.0852438775210786,1.0822701741128662,1.0778221737268006
5822,1.0852438775210786,-3999998.961090103,-100000000
5823,1.0852438775210786,1.0812714409840825,1.068407938131081
5824,1.0852438775210786,-3999998.9628022946,-100000000
5825,1.0852438775210786,-1999998.9417841875,-100000000
5826,1.0852438775210786,-1999998.942406073,-100000000
5827,1.0852438775210786,1.077846460048541,1.0646542170186588
5828,1.0852438775210786,1.078512044427548,1.050243522760877
5829,1.0852438775210786,-1999998.9411135677,-100000000
5830,1.0852438775210786,-1999998.9416994697,-100000000
5831,1.0852438775210786,1.079201940026684,1.0639876166584914
5832,1.0852438775210786,1.0795320491387823,1.0697117675262813
5833,1.0852438775210786,1.079782862607224,1.0724226754955026
5834,1.0852438775210786,-3999998.961968049,-100000000
5835,1.0852438775210786,-1999998.9408072773,-100000000
5836,1.0852438775210786,-1999998.9414416573,-100000000
5837,1.0852438775210786,-1999998.9427405233,-100000000
5838,1.0852438775210786,1.0772475884718038,1.0508133523583765
5839,1.0852438775210786,1.0774408235647819,1.0566420168672634
5840,1.0852438775210786,-1999998.9419965607,-100000000
5841,1.0852438775210786,-3999998.964357315,-100000000
5842,1.0852438775210786,1.077184680866474,1.0578857059628357
5843,1.0852438775210786,1.076690635300468,1.0492263626051455
5844,1.0852438775210786,1.0762564749256012,1.0574311414435842
5845,1.0852438775210786,-1999998.9435656902,-100000000
5846,1.0852438775210786,1.0756713638186406,1.0601214308730318
5847,1.0852438775210786,1.076399431011461,1.0630369139558173
5848,1.0852438775210786,1.079449639237299,1.066664264793057
5849,1.0852438775210786,1.080790429241431,1.0663716940921812
5850,1.0852438775210786,1.0808938451549885,1.0501414192211564
5851,1.0852438775210786,-1999998.9401088867,-100000000
5852,1.0852438775210786,1.0803902922731716,1.0690341575371112
5853,1.0852438775210786,1.0816638286435782,1.0749241079609044
5854,1.0852438775210786,1.08264674403941,1.0749082582923744
5855,1.0852438775210786,1.0827795408729821,1.0774708157367383
5856,1.0852438775210786,-1999998.9389923697,-100000000
5857,1.0852438775210786,-3999998.9615612417,-100000000
5858,1.0852438775210786,-1999998.9409222112,-100000000
5859,1.0852438775210786,-1999998.943587679,-100000000
5860,1.0852438775210786,1.0774207959940514,1.0190042786892255
5861,1.0852438775210786,1.0766869343128054,1.055458975198055
5862,1.0852438775210786,-1999998.9438564067,-100000000
5863,1.0852438775210786,1.0754426912760515,1.0599978921665363
5864,1.0852438775210786,-1999998.943912245,-100000000
5865,1.0852438775210786,1.0769230947139947,1.0470999933060976
5866,1.0852438775210786,1.0773033362731115,1.0662880790028033
5867,1.0852438775210786,1.079181036899727,1.0630056142778708
5868,1.0852438775210786,-1999998.9420518205,-100000000
5869,1.0852438775210786,1.0798371708287942,1.0426677903593935
5870,1.0852438775210786,1.0804814003996386,1.0727460376419131
5871,1.0852438775210786,-3999998.9617389524,-100000000
5872,1.0852438775210786,1.0801411671661725,1.071507796265946
5873,1.0852438775210786,1.0801715432920032,1.0734586793481093
5874,1.0852438775210786,1.0809093542810049,1.0691834265124474
5875,1.0852438775210786,1.081108012380695,1.0715129092483895
5876,1.0852438775210786,1.0821299750713826,1.0767976770999796
5877,1.0852438775210786,1.082660829977537,1.0782423255789357
5878,1.0852438775210786,1.0831104652674983,1.077064700088937
5879,1.0852438775210786,1.0830373456994904,1.0762267742883127
5880,1.0852438775210786,-1999998.9387665882,-100000000
5881,1.0852438775210786,-1999998.9393214926,-100000000
5882,1.0852438775210786,-3999998.96137912,-100000000
5883,1.0852438775210786,1.0798950632904019,1.0511778855258092
5884,1.0852438775210786,-1999998.9419124997,-100000000
5885,1.0852438775210786,1.0769878153916244,1.0590697280095827
5886,1.0852438775210786,-5999998.987753526,-100000000
5887,1.0852438775210786,1.075308086919272,1.0462691934577366
5888,1.0852438775210786,-1999998.9446607572,-100000000
5889,1.0852438775210786,1.074678047351971,1.048456135641416
5890,1.0852438775210786,1.0754211575170474,1.0528791856367536
5891,1.0852438775210786,1.0782756930900605,1.0680551788753345
5892,1.0852438775210786,1.0813562838775814,1.0648790492899116
5893,1.0852438775210786,1.0815964845784884,1.0627655545341872
5894,1.0852438775210786,-1999998.9405044254,-100000000
5895,1.0852438775210786,1.0782804935386303,1.0550424058535406
5896,1.0852438775210786,-3999998.9654357973,-100000000
5897,1.0852438775210786,1.0752876489337722,1.0515144611918243
5898,1.0852438775210786,1.0759134872291085,1.0415549556572283
5899,1.0852438775210786,1.078960119596056,1.0603976414389207
5900,1.0852438775210786,1.0792034662174692,1.0637175119085964
5901,1.0852438775210786,1.0801357883785547,1.0695116901759554
5902,1.0852438775210786,1.079671528251062,1.0659870189970462
5903,1.0852438775210786,1.0791932844466443,1.0678188480492556
5904,1.0852438775210786,-1999998.941123826,-100000000
5905,1.0852438775210786,1.0795704944239044,1.0682159961311157
5906,1.0852438775210786,-3999998.9624147075,-100000000
5907,1.0852438775210786,-1999998.941350224,-100000000
5908,1.0852438775210786,1.0800595182769717,1.0630860448659218
5909,1.0852438775210786,-1999998.941039027,-100000000
5910,1.0852438775210786,1.0804338327730234,1.07175192550174
5911,1.0852438775210786,1.081012131890798,1.0707158759950444
5912,1.0852438775210786,1.0819679335721597,1.0762890952955755
5913,1.0852438775210786,1.082688524013241,1.0772106241553279
5914,1.0852438775210786,1.0827049260763402,1.078072647402184
5915,1.0852438775210786,1.0827451814071347,1.0781630843587084
5916,1.0852438775210786,1.0831671469789808,1.079060528240478
5917,1.0852438775210786,1.083364003775715,1.074369656969453
5918,1.0852438775210786,-1999998.9383276277,-100000000
5919,1.0852438775210786,1.0824522742123681,1.076659902931158
5920,1.0852438775210786,1.0819589361671618,1.0727098866449905
5921,1.0852438775210786,-1999998.9392157414,-100000000
5922,1.0852438775210786,1.081514721964068,1.0750752083951194
5923,1.0852438775210786,-1999998.9396854434,-100000000
5924,1.0852438775210786,-1999998.941327773,-100000000
5925,1.0852438775210786,1.0790292687621743,1.06564849437973
5926,1.0852438775210786,1.0791488319283817,1.069884720161638
5927,1.0852438775210786,1.079349617206045,1.064786234492036
5928,1.0852438775210786,1.079917087604387,1.0734165011385957
5929,1.0852438775210786,1.0806649755565465,1.0740206060628232
5930,1.0852438775210786,1.0806153391121105,1.0699717344264639
5931,1.0852438775210786,1.0811974792390253,1.0759517077390977
5932,1.0852438775210786,1.081669692699129,1.075656238579576
5933,1.0852438775210786,1.0820773594044866,1.0783469565067696
5934,1.0852438775210786,-1999998.9390158535,-100000000
5935,1.0852438775210786,1.0820172676307562,1.0718008071265575
5936,1.0852438775210786,-1999998.9388891587,-100000000
5937,1.0852438775210786,1.0814123966622895,1.0727750588258607
5938,1.0852438775210786,1.0806370260063474,1.071243453927583
5939,1.0852438775210786,-1999998.9411826166,-100000000
5940,1.0852438775210786,1.0804243501115274,1.0746592890032285
5941,1.0852438775210786,-3999998.9622997628,-100000000
5942,1.0852438775210786,1.0795547189313384,1.073903338086207
5943,1.0852438775210786,1.0808289690587376,1.075003641957293
5944,1.0852438775210786,1.0814046668667898,1.0752864792593773
5945,1.0852438775210786,1.0828761807825287,1.0784378960151033
5946,1.0852438775210786,1.0826388161697924,1.0734768002504476
5947,1.0852438775210786,-1999998.9391369147,-100000000
5948,1.0852438775210786,1.0817566997393742,1.0642962479834797
5949,1.0852438775210786,1.081698191325145,1.075418427631801
5950,1.0852438775210786,1.0817238575845385,1.0766927896505325
5951,1.0852438775210786,-1999998.9401563418,-100000000
5952,1.0852438775210786,-5999998.985837906,-100000000
5953,1.0852438775210786,-3999998.964739431,-100000000
5954,1.0852438775210786,1.0774736498659592,1.0558781458477133
5955,1.0852438775210786,-1999998.94185345,-100000000
5956,1.0852438775210786,-1999998.9426156068,-100000000
5957,1.0852438775210786,1.078439877910906,1.0679634599959895
5958,1.0852438775210786,1.0793257839464294,1.070410394812671
5959,1.0852438775210786,-1999998.9413440465,-100000000
5960,1.0852438775210786,1.0793436635884637,1.0694341589204055
5961,1.0852438775210786,-1999998.940335777,-100000000
5962,1.0852438775210786,1.0813794857366912,1.0750049382065707
5963,1.0852438775210786,-1999998.9393736727,-100000000
5964,1.0852438775210786,1.0818488149751933,1.076573379351279
5965,1.0852438775210786,-1999998.9399605403,-100000000
5966,1.0852438775210786,1.0805689541893675,1.0719443201920331
5967,1.0852438775210786,1.0806717261502419,1.0727899072716824
5968,1.0852438775210786,1.0817438624029463,1.074613160860896
5969,1.0852438775210786,1.0825078639441719,1.076038245235704
5970,1.0852438775210786,1.08263735945642,1.0764764564443716
5971,1.0852438775210786,-3999998.961175822,-100000000
5972,1.0852438775210786,-1999998.9403317955,-100000000
5973,1.0852438775210786,-1999998.9410706006,-100000000
5974,1.0852438775210786,1.0777779064179884,1.0444882843034256
5975,1.0852438775210786,-1999998.941479863,-100000000
5976,1.0852438775210786,-1999998.9422431416,-100000000
5977,1.0852438775210786,-3999998.9645564454,-100000000
5978,1.0852438775210786,1.0760205920465145,1.0524043069933824
5979,1.0852438775210786,-1999998.943302908,-100000000
5980,1.0852438775210786,1.0789036526966505,1.0637128086043977
5981,1.0852438775210786,-1999998.9421797083,-100000000
5982,1.0852438775210786,-1999998.943687006,-100000000
5983,1.0852438775210786,1.0765761524402375,1.0561716709455193
5984,1.0852438775210786,1.0789499915661802,1.0673844862957031
5985,1.0852438775210786,1.0799998910559996,1.0693910152693702
5986,1.0852438775210786,1.0808290702179888,1.072430421894472
5987,1.0852438775210786,1.0812276264572005,1.0747323988300082
5988,1.0852438775210786,-1999998.9396816606,-100000000
5989,1.0852438775210786,1.0807434159133527,1.0714833497233174
5990,1.0852438775210786,-1999998.9405887912,-100000000
5991,1.0852438775210786,-1999998.9418689804,-100000000
5992,1.0852438775210786,-3999998.965281327,-100000000
5993,1.0852438775210786,1.077347425067983,1.0634994948720502
5994,1.0852438775210786,-1999998.9418418452,-100000000
5995,1.0852438775210786,1.0790872145261357,1.0650225148606787
5996,1.0852438775210786,1.0807807000930294,1.062021922773433
5997,1.0852438775210786,1.0819522454188841,1.0768051219427774
5998,1.0852438775210786,-1999998.939335008,-100000000
5999,1.0852438775210786,-1999998.9400108538,-100000000
6000,1.0852438775210786,1.0813860583619745,1.06698393369324
