generation,fitness,chromosome
0,1.0019962864277123,"3,2,0,1,3,4,1,2,4,2,0,2,2,2,2,4,1,1,2,1,1,2,3,0,3,0,3,0,0,1,2,3,1,4,1,4,4,3,4,1,1,3,1,4,1,4,1,0,1,1,4,0,0,4,4,2,2,1,3,1,0,0,2,3,0,1,4,3,1,4,4,3,0,4,1,1,4,1,4,4,0,0,3,4,3,1,3,3,2,1,3,3,4,3,4,2,2,4,3,3,4,4,0,4,4,2,3,0,1,3,4,0,3,2,2,1,3,1,1,4,4,4,1,2,3,3,4,1,2,0,3,4,2,2,4,1,2,3,2,2,0,1,2,2,3,1,3,3,0,4,4,3,2,0,2,3,2,3,2,1,4,4,2,4,3,3,1,0,1,2,0,4,3,2,1,0,3,3,3,3,0,3,2,4,4,1,1,1,3,2,2,1,4,2,0,2,0,1,0,2,3,3,1,4,3,1,3,4,1,1,0,0,2,3,0,0,2,1,3,3,4,0,1,3,2,3,3,1,4,2,2,0,1,1,3,1,3,3,3,2,0,3,2,1,1,0,2,1,2,3,0,4,2,3,3,1,3,1,4,2,2,3,2,2,2,0,4,0,2,3,2,3,0,4,4,0,1,0"
1,1.000707141001261,"3,2,0,1,3,4,1,2,4,2,0,2,2,2,2,4,1,1,2,1,0,2,3,0,3,0,3,0,0,1,2,3,1,4,1,4,4,3,4,1,1,3,1,4,1,4,1,0,1,1,4,0,0,4,4,2,2,1,0,1,0,0,2,3,0,1,4,3,1,4,4,3,0,4,1,1,4,1,4,4,0,0,3,4,3,1,3,3,2,1,3,3,4,3,1,2,2,4,3,3,4,4,0,4,4,2,3,4,1,3,4,0,3,2,2,1,3,1,1,4,4,4,1,2,3,3,4,1,2,0,3,4,2,2,4,1,2,3,2,2,0,1,2,2,3,1,3,3,0,0,4,3,2,0,2,3,2,3,2,1,4,4,2,4,3,3,1,0,1,2,0,4,3,2,1,0,3,3,3,3,0,3,2,4,4,1,1,1,3,1,2,1,4,2,0,2,0,1,0,2,3,3,1,4,3,1,3,4,1,3,1,4,4,1,0,1,3,1,4,3,1,2,1,2,3,2,1,2,0,2,2,3,1,1,1,1,4,2,4,1,1,0,2,4,0,2,3,0,3,2,3,2,3,2,0,2,2,1,0,3,1,3,0,2,2,0,4,1,1,3,1,4,3,2,0,2,4,3"
2,1.0027489009977966,"3,2,0,1,3,4,1,2,4,1,0,2,2,2,2,4,1,1,2,1,0,2,3,0,3,0,3,0,0,1,2,3,1,4,1,4,4,3,4,1,1,3,1,4,1,4,1,0,1,1,4,0,0,4,4,2,2,1,0,1,0,0,2,3,0,1,4,3,1,4,4,3,0,4,1,1,4,1,4,4,0,0,3,4,3,2,3,3,2,1,3,3,3,3,1,2,2,4,3,0,4,4,0,4,4,2,3,0,3,3,4,0,3,2,3,0,3,1,0,4,4,4,1,2,3,3,4,1,2,0,3,4,2,2,4,1,2,3,2,2,0,1,2,2,3,1,3,3,0,0,4,3,2,0,2,3,2,3,2,1,4,4,2,4,3,3,1,0,3,2,0,4,3,2,1,0,3,3,3,3,0,3,2,4,4,1,1,1,3,1,2,1,4,2,0,2,0,1,0,2,3,3,1,4,3,4,3,4,1,3,1,4,4,1,0,1,2,1,3,3,4,0,1,3,2,3,3,1,4,2,2,0,1,1,3,1,3,3,3,2,0,3,2,1,1,0,2,1,2,3,0,3,2,3,3,1,3,1,0,4,2,3,3,2,2,0,4,0,2,3,2,3,0,1,4,4,1,0"
3,1.0024458084061436,"3,2,0,1,3,4,1,2,4,1,0,2,2,2,2,4,1,1,2,1,0,2,3,4,3,0,3,0,0,1,1,3,1,4,1,4,4,3,4,1,1,3,1,4,1,4,1,0,1,1,4,3,0,4,4,2,2,1,0,1,4,0,2,3,0,1,4,3,1,4,4,3,0,4,1,1,4,1,4,4,0,0,3,4,3,2,0,3,2,1,3,3,3,3,1,2,2,1,3,0,4,4,0,4,4,2,3,0,3,3,4,0,3,2,3,0,3,1,0,4,4,4,1,2,3,3,4,1,2,0,3,4,2,2,4,1,2,3,2,2,0,1,2,2,3,1,3,3,0,0,4,3,2,0,2,3,2,3,2,1,4,4,2,4,3,3,1,0,3,2,0,4,3,2,1,0,3,3,3,3,0,3,2,4,4,1,1,1,3,1,2,1,4,2,0,2,0,1,0,2,3,3,1,4,3,4,3,4,1,3,1,4,4,1,0,1,2,1,3,3,4,0,1,3,2,3,3,1,4,2,2,0,1,1,3,1,3,3,3,2,0,3,2,1,1,0,2,1,2,3,0,3,2,3,3,1,3,0,0,4,2,3,2,2,2,0,4,0,2,3,2,3,0,1,4,4,1,0"
4,1.0035134560891987,"3,2,0,1,3,4,1,2,4,1,2,2,2,2,2,4,1,1,2,1,0,2,3,4,3,3,3,0,0,1,1,3,1,4,1,4,4,3,4,1,1,3,1,4,1,4,1,0,1,1,4,3,0,4,1,2,2,1,0,3,4,0,2,3,2,1,3,3,1,4,4,3,0,4,1,1,4,1,4,4,1,0,3,4,3,2,0,3,2,1,3,3,3,3,1,2,2,1,3,0,4,4,0,4,4,0,3,0,3,3,4,0,3,2,3,3,0,1,3,4,4,4,3,2,3,3,4,1,2,0,3,4,2,2,4,1,2,3,2,2,0,1,2,2,3,1,3,3,0,0,4,3,2,0,2,3,2,3,2,1,4,4,2,4,3,3,1,0,3,2,0,4,3,2,1,0,3,3,3,3,0,3,2,4,4,1,1,1,3,1,2,1,4,2,0,2,1,1,0,2,3,3,1,4,3,4,3,4,1,3,1,4,4,1,0,1,2,1,3,3,4,0,1,3,2,3,3,1,4,2,2,0,0,1,4,1,3,3,3,2,0,3,2,1,1,0,2,1,2,3,0,3,2,3,3,1,3,0,0,4,2,3,2,2,2,0,4,0,3,3,2,3,0,1,4,4,1,0"
5,1.0056752976513876,"0,2,0,1,3,4,1,3,4,1,2,2,2,1,2,4,1,1,2,1,0,2,2,4,3,3,3,0,0,1,1,3,1,4,1,4,4,3,1,1,1,3,1,4,1,4,0,0,1,1,4,3,0,4,1,2,2,1,0,3,1,0,2,3,2,3,3,2,1,4,4,3,0,2,1,1,4,4,4,4,1,0,3,4,3,2,0,3,2,1,3,3,3,3,1,2,2,1,3,0,4,4,0,4,4,0,3,0,2,3,4,3,3,3,3,3,0,1,3,4,4,4,1,2,3,3,4,0,2,0,3,4,2,2,4,1,2,3,2,2,0,1,3,2,3,1,3,3,0,0,4,3,2,0,2,4,2,3,2,1,4,4,2,1,3,3,1,0,3,2,0,4,3,2,1,0,3,3,3,3,0,3,2,4,2,1,1,0,4,1,2,1,4,2,0,2,0,0,0,2,3,3,1,4,3,4,3,4,1,3,1,4,0,3,0,1,2,0,3,3,4,0,1,3,2,3,3,1,4,2,2,4,1,1,3,1,3,3,3,1,0,3,2,1,1,0,2,1,2,3,3,3,2,3,3,1,3,1,3,4,2,1,3,2,2,2,4,0,2,3,2,3,0,1,4,4,1,3"
6,1.0057608511709746,"0,2,0,1,3,4,1,3,4,1,2,2,2,1,2,4,1,1,2,1,0,2,2,3,3,3,3,0,0,1,1,3,1,4,1,4,4,3,1,1,1,3,1,4,1,4,0,0,2,1,4,3,0,4,1,2,2,1,0,3,1,0,2,3,2,3,3,2,1,0,4,3,0,1,1,1,4,4,4,4,1,0,3,4,3,2,0,3,2,1,3,3,2,3,1,2,2,1,3,0,4,4,4,4,4,0,3,0,2,3,4,3,3,3,3,3,3,1,3,4,4,4,1,2,3,3,4,0,2,0,3,4,2,2,0,1,2,3,2,2,0,1,3,2,3,1,3,3,4,0,4,3,2,0,2,4,2,3,2,1,4,4,2,1,3,3,1,0,1,2,0,4,3,2,1,0,3,3,3,3,0,3,2,4,2,1,1,0,4,1,2,1,4,2,0,2,0,0,0,2,3,3,1,4,3,4,3,4,1,3,1,4,0,3,0,1,2,0,3,3,4,0,1,3,2,3,3,1,4,4,2,4,1,1,3,1,3,3,3,1,0,3,2,1,1,0,2,1,2,3,3,3,2,3,3,1,3,1,3,4,2,1,3,2,2,2,4,0,2,3,2,3,0,1,4,4,1,3"
7,1.0070885299296464,"0,2,0,1,3,4,1,3,4,1,2,2,2,1,2,4,1,1,2,1,0,2,2,3,3,3,3,0,0,1,1,3,1,4,1,4,4,3,1,1,1,3,1,4,1,4,0,0,2,1,4,3,0,4,1,2,2,1,0,3,1,0,2,3,2,3,3,2,1,0,4,3,0,4,1,1,2,4,4,4,1,0,3,4,3,2,0,3,2,1,3,3,2,3,1,2,2,1,3,0,4,4,4,4,4,0,3,0,2,3,4,3,3,3,3,3,3,1,3,4,4,4,1,2,3,3,4,0,2,0,3,4,2,2,0,1,2,3,2,2,0,3,2,2,3,1,3,3,0,0,4,0,0,0,2,3,1,3,2,1,2,4,2,4,3,3,0,0,3,2,0,4,3,2,3,0,3,3,3,3,0,3,2,2,4,2,1,1,3,1,3,1,4,0,0,2,0,1,0,2,3,3,1,4,3,4,3,4,1,0,1,4,4,3,3,3,2,1,3,3,2,1,1,4,1,3,3,1,4,2,2,0,3,1,3,1,3,3,4,2,0,3,2,1,1,0,2,1,2,3,0,3,2,3,3,1,3,1,0,4,0,3,3,2,3,3,2,0,2,3,4,3,0,1,4,4,1,0"
8,1.0079528828203521,"0,2,0,1,3,4,1,3,4,1,2,2,2,1,2,4,1,1,2,1,0,2,2,3,3,3,3,0,0,1,1,3,1,4,1,4,4,3,1,1,1,3,1,4,1,4,0,0,2,1,4,3,0,1,1,2,2,1,0,3,1,0,2,3,2,3,3,2,1,0,4,3,0,4,1,1,2,4,4,4,1,0,3,4,3,2,0,3,2,1,3,3,2,3,1,2,2,1,3,0,4,4,4,4,4,0,3,0,2,3,4,3,3,3,3,3,3,1,3,4,4,4,1,2,3,3,4,0,2,0,3,4,2,2,0,1,2,3,2,2,0,3,4,2,3,1,3,3,3,0,4,0,0,0,2,3,1,3,0,1,2,4,2,4,3,3,0,0,3,2,2,4,3,2,3,0,3,3,3,3,0,3,2,2,3,2,1,1,3,1,3,1,4,3,0,2,0,1,0,2,3,3,1,4,3,4,3,4,1,0,1,4,4,3,3,3,2,1,3,3,2,1,1,4,1,3,3,1,4,2,2,3,3,1,3,1,3,0,4,2,0,3,2,1,1,0,2,1,2,3,0,3,2,3,3,1,3,1,0,4,0,3,3,2,3,3,2,0,2,3,4,3,0,1,4,4,1,0"
9,1.0074697416817286,"1,2,0,1,3,4,1,3,4,1,2,2,2,1,2,4,1,1,0,3,2,2,2,3,3,3,3,0,0,1,1,3,1,4,1,4,4,3,1,1,1,3,1,4,1,4,0,0,2,1,4,3,0,1,1,2,2,1,0,3,1,0,2,3,2,3,3,2,1,0,4,3,0,4,1,1,2,4,4,4,1,0,3,4,3,2,0,3,2,0,3,3,0,3,1,2,2,1,3,0,4,4,4,4,4,0,3,0,2,3,3,3,3,3,3,3,3,1,3,4,4,4,1,2,3,3,4,0,2,0,3,4,2,2,0,1,2,3,2,2,0,3,4,2,3,1,4,3,3,0,4,0,0,0,2,3,1,3,0,1,2,4,2,4,3,3,0,0,3,2,2,4,3,2,3,0,3,3,3,3,0,3,2,2,4,2,1,1,3,1,3,1,4,3,0,2,0,1,2,4,3,3,1,4,3,4,3,4,1,0,1,4,4,3,3,3,2,1,3,3,2,1,1,4,1,3,3,1,4,2,2,0,3,0,3,1,3,3,4,2,0,3,2,1,1,0,2,1,2,3,0,3,2,3,3,1,3,1,0,4,0,3,3,2,3,3,2,0,2,3,4,3,4,1,4,4,1,0"
10,1.0071755729393264,"1,2,0,1,3,4,1,3,4,1,2,2,2,1,2,4,1,1,0,3,2,2,2,3,3,3,3,0,0,1,1,3,1,4,2,4,4,3,1,1,1,3,1,4,1,4,0,0,2,1,4,3,0,1,1,2,2,1,0,3,1,0,2,3,2,3,3,2,1,0,4,3,0,4,1,1,2,4,4,4,1,0,3,4,3,2,0,3,2,0,3,3,0,3,1,2,2,1,3,0,4,4,4,4,4,0,3,0,2,3,3,3,3,3,3,3,3,1,3,4,4,4,1,2,3,3,4,0,2,0,3,4,2,3,0,1,2,3,2,2,0,3,4,2,3,1,4,3,3,0,4,0,0,0,2,3,1,3,0,1,4,4,2,4,3,3,0,0,3,2,2,4,3,2,3,0,3,3,3,3,0,2,2,2,4,2,1,1,3,1,3,1,4,3,0,2,0,1,2,4,3,3,1,4,3,4,3,4,1,0,1,4,4,3,3,3,2,1,3,3,2,1,1,4,1,3,3,1,4,2,2,0,3,0,3,1,3,3,4,2,0,3,2,1,1,0,2,1,2,3,0,3,2,3,3,1,3,1,0,4,0,3,3,2,3,3,2,0,2,3,4,3,4,1,4,4,1,0"
11,1.0078856843331248,"0,2,0,1,3,4,1,3,4,1,2,2,2,1,2,4,1,1,0,3,2,2,2,3,3,3,3,0,0,1,1,3,1,4,2,4,4,3,1,1,1,3,1,4,1,4,0,0,4,1,4,3,0,1,1,2,2,1,0,3,1,0,2,3,2,3,3,0,1,0,4,3,0,4,1,1,2,4,4,4,1,0,3,4,3,2,0,3,2,0,0,3,0,3,1,2,2,1,3,0,4,4,4,4,4,0,3,0,2,3,3,3,3,3,3,3,3,1,3,4,4,4,1,2,3,3,4,0,2,0,3,4,2,3,0,1,2,3,2,2,0,3,4,2,3,1,4,3,3,0,4,0,0,0,2,3,1,3,2,1,2,4,2,4,3,3,0,0,3,2,0,4,4,2,3,0,3,3,3,3,0,3,2,2,4,2,1,1,3,1,3,1,4,3,0,2,0,1,0,2,3,3,1,4,3,4,3,4,1,0,1,4,4,3,3,3,2,1,3,3,2,1,1,4,1,3,3,1,4,2,2,0,3,1,3,1,3,3,4,2,0,3,2,1,1,0,3,1,2,3,0,3,2,3,2,1,3,1,0,4,0,3,3,2,3,3,2,0,2,3,4,3,0,1,4,2,1,4"
12,1.0096787099783815,"0,2,0,1,3,4,1,3,4,1,2,2,2,1,2,4,1,1,0,3,2,2,2,3,3,3,3,0,0,1,1,3,0,4,2,4,4,3,1,1,1,3,1,0,1,4,0,0,4,1,4,3,3,1,1,1,2,1,0,3,1,0,2,3,2,3,3,0,3,0,4,3,0,4,1,1,2,4,4,4,1,0,3,3,3,2,0,3,2,0,0,3,0,3,1,2,2,1,3,0,4,4,4,4,4,0,3,0,2,3,3,3,3,3,3,3,3,1,3,4,4,4,1,2,3,3,4,0,2,0,3,4,2,3,0,1,2,3,1,2,0,3,4,2,3,1,4,3,3,0,4,0,0,0,2,3,1,3,2,1,2,4,2,4,3,3,0,0,3,2,0,4,4,2,3,0,3,3,3,3,0,3,2,2,4,2,1,1,3,1,3,1,4,3,0,2,0,1,0,2,3,3,1,4,3,4,3,4,1,0,3,4,4,3,3,3,2,1,4,3,2,1,1,4,1,3,3,1,4,2,2,0,3,1,3,1,3,3,4,2,0,3,2,1,1,0,3,1,2,3,0,3,2,3,3,1,3,1,0,4,0,3,3,2,3,3,2,0,2,3,4,3,0,1,4,4,1,0"
13,1.0098715530682867,"0,2,0,1,3,4,1,3,4,1,2,2,2,1,2,4,1,1,0,3,2,2,2,3,3,3,3,0,0,1,1,3,0,4,2,4,4,3,1,1,1,3,1,0,1,4,0,0,4,1,4,3,3,1,1,1,2,1,0,3,1,0,2,3,2,3,3,0,3,0,4,3,0,4,1,1,2,4,4,4,1,0,2,4,3,2,0,3,2,1,4,3,2,3,1,2,2,1,2,0,4,4,3,4,0,0,3,0,1,2,4,3,3,3,3,3,3,3,3,4,4,4,1,2,3,3,4,4,2,0,3,2,2,2,0,1,2,3,2,2,0,3,2,2,3,1,3,3,3,0,4,0,0,0,0,3,1,0,3,1,2,4,2,1,3,3,0,0,3,2,0,4,4,2,3,4,4,3,3,3,0,3,2,2,4,2,1,1,3,1,3,1,4,3,0,2,0,1,0,2,3,3,1,4,3,4,2,4,1,0,1,4,0,3,3,3,2,1,3,3,2,1,1,4,1,3,3,1,4,2,0,0,3,1,2,1,3,3,4,2,0,3,2,1,1,0,3,1,2,3,0,3,0,3,3,3,3,3,0,4,0,3,3,2,3,3,2,0,2,3,4,1,0,1,4,4,1,0"
14,1.0120279848565656,"0,2,0,1,3,4,1,3,4,1,2,2,2,1,2,4,1,1,0,3,2,2,2,3,3,3,3,0,0,1,1,3,0,4,2,4,4,3,1,1,1,3,1,0,1,4,0,0,4,1,4,3,3,1,1,1,2,1,0,3,1,0,2,3,2,3,3,0,3,0,4,3,0,4,1,1,2,4,4,4,1,0,3,1,3,2,4,3,2,1,4,3,2,1,1,2,2,1,3,0,4,3,3,4,0,0,3,0,2,3,4,3,3,3,3,3,3,1,3,4,4,4,1,2,3,3,4,0,2,0,3,4,3,2,0,1,2,3,2,2,0,3,0,2,3,1,3,3,3,0,4,0,0,0,2,3,1,3,3,1,2,4,2,4,3,3,0,0,3,2,0,4,4,2,3,0,4,3,3,3,0,3,2,2,4,2,1,1,3,1,3,1,4,3,0,2,3,1,2,2,3,3,1,4,3,4,3,4,1,0,1,4,4,3,3,3,3,1,3,3,2,1,1,4,1,3,3,1,4,2,2,0,3,1,3,1,3,3,4,2,0,3,2,0,1,0,3,1,2,3,3,3,2,3,3,1,3,3,0,4,0,3,3,2,3,3,2,1,2,3,4,3,0,1,4,4,1,0"
15,1.0120279848565656,"0,2,0,1,3,4,1,3,4,1,2,2,2,1,2,4,1,1,0,3,2,2,2,3,3,3,3,0,0,1,1,3,0,4,2,4,4,3,1,1,1,3,1,0,1,4,0,0,4,1,4,3,3,1,1,1,2,1,0,3,1,0,2,3,2,3,3,0,3,0,4,3,0,4,1,1,2,4,4,4,1,0,3,1,3,2,4,3,2,1,4,3,2,1,1,2,2,1,3,0,4,3,3,4,0,0,3,0,2,3,4,3,3,3,3,3,3,1,3,4,4,4,1,2,3,3,4,0,2,0,3,4,3,2,0,1,2,3,2,2,0,3,0,2,3,1,3,3,3,0,4,0,0,0,2,3,1,3,3,1,2,4,2,4,3,3,0,0,3,2,0,4,4,2,3,0,4,3,3,3,0,3,2,2,4,2,1,1,3,1,3,1,4,3,0,2,3,1,2,2,3,3,1,4,3,4,3,4,1,0,1,4,4,3,3,3,3,1,3,3,2,1,1,4,1,3,3,1,4,2,2,0,3,1,3,1,3,3,4,2,0,3,2,0,1,0,3,1,2,3,3,3,2,3,3,1,3,3,0,4,0,3,3,2,3,3,2,1,2,3,4,3,0,1,4,4,1,0"
16,1.0139927377281432,"0,2,0,1,3,4,1,3,4,1,2,2,2,1,2,4,1,1,0,3,2,2,2,3,3,3,3,0,0,1,1,3,2,4,2,4,4,3,1,1,1,3,1,0,1,4,0,0,4,1,4,3,3,1,1,1,2,1,0,3,1,0,2,3,2,3,3,0,3,0,4,3,0,4,1,1,2,4,4,4,1,0,3,4,3,2,0,3,1,2,3,3,2,1,1,2,2,1,3,0,1,0,3,4,2,0,3,0,1,3,4,3,3,3,3,3,3,3,3,4,3,3,1,2,4,3,4,4,2,0,3,4,2,2,0,0,0,3,2,2,0,3,3,2,3,2,3,3,3,0,4,0,0,0,2,3,1,3,2,1,2,4,1,4,3,0,0,0,0,2,0,4,4,2,3,3,3,3,3,3,0,3,2,2,4,4,1,2,3,0,3,1,0,3,1,2,0,1,0,2,3,0,1,3,3,0,3,4,1,0,0,1,4,1,2,3,2,1,3,3,2,1,1,4,1,3,3,1,4,2,2,0,3,1,3,1,3,3,4,2,0,3,0,1,1,0,3,0,2,3,0,3,3,3,3,1,3,1,0,1,0,3,3,2,3,3,2,0,2,3,4,3,0,1,4,4,1,0"
17,1.0150366067234986,"0,2,0,1,3,4,1,3,4,1,2,2,2,1,2,4,1,1,0,3,2,2,2,3,3,3,3,0,0,1,1,3,2,4,2,4,4,3,1,1,1,3,1,4,1,4,0,0,2,1,4,3,3,1,1,1,2,1,0,3,1,0,2,3,2,3,3,0,3,0,4,3,0,4,1,1,2,4,4,4,1,0,3,4,3,2,0,3,1,2,3,3,2,1,1,2,2,1,3,0,1,0,3,4,2,0,3,0,1,3,4,3,3,3,3,3,3,3,3,4,3,3,1,2,4,3,4,4,2,0,3,4,2,2,0,0,0,3,2,2,0,3,3,2,3,2,3,3,3,0,4,0,0,0,2,3,1,3,2,1,2,4,1,4,3,0,0,0,0,2,0,4,4,2,3,3,3,3,3,3,0,3,2,2,4,4,1,2,3,0,3,1,0,3,1,2,0,1,0,2,3,0,1,3,3,0,3,0,1,0,0,1,4,1,3,3,2,1,3,3,2,1,1,1,1,3,3,1,4,2,2,0,3,1,3,1,3,3,4,2,2,3,2,1,1,4,3,0,1,3,0,3,3,3,3,1,3,1,0,1,0,3,3,2,3,3,2,0,2,3,4,3,0,1,4,4,1,0"
18,1.0151115648404698,"0,2,0,1,3,4,1,3,4,1,2,2,2,0,2,4,1,1,0,3,2,2,2,3,3,3,3,0,0,1,1,3,2,4,2,4,4,3,1,1,1,3,1,4,1,4,0,0,2,1,4,3,3,1,1,1,2,1,0,3,1,0,2,3,2,3,3,0,3,0,4,3,0,4,1,1,2,4,4,4,1,0,3,4,3,2,0,3,1,2,3,3,2,1,1,2,2,1,3,0,1,0,3,4,2,0,3,0,1,3,4,3,3,3,3,3,3,3,3,4,3,3,1,2,4,3,4,4,2,0,3,4,2,2,0,0,0,3,2,2,0,3,3,2,3,2,3,3,3,0,4,0,0,0,2,3,1,3,2,1,2,4,1,4,3,0,0,0,0,2,0,4,4,2,3,3,3,3,3,3,0,3,2,2,4,4,1,2,3,0,3,1,0,3,1,2,0,1,0,2,3,0,1,3,3,0,3,0,1,0,0,1,4,1,3,3,2,1,3,3,2,1,1,1,1,3,3,1,4,2,2,0,3,1,3,1,3,3,4,2,2,3,2,1,1,4,3,0,1,3,0,3,3,3,3,1,3,1,0,1,0,3,3,2,3,3,2,0,2,3,4,3,0,1,4,4,1,0"
19,1.0163246425226198,"0,2,0,1,3,4,1,3,4,1,2,2,2,0,2,4,1,1,0,3,2,2,2,3,3,3,3,0,0,1,1,3,2,4,2,4,4,3,1,1,1,3,1,4,1,4,0,0,2,1,4,3,3,1,1,1,2,1,0,3,3,3,3,3,2,3,3,2,0,0,4,3,0,4,3,1,2,4,4,4,3,0,3,4,3,1,0,3,1,2,3,3,2,1,1,2,2,1,3,0,2,0,3,4,2,0,3,0,1,3,4,3,3,3,3,3,3,3,3,4,3,3,1,2,4,3,4,4,2,0,3,4,2,2,0,0,0,3,2,2,0,3,3,2,3,2,3,3,3,0,4,0,0,0,2,3,1,3,2,1,2,4,1,0,3,0,0,0,0,2,0,4,4,2,3,3,3,3,3,3,0,3,2,2,4,4,1,2,3,0,3,1,0,3,1,2,0,1,0,2,3,0,1,3,3,0,3,0,1,0,0,1,4,1,3,3,2,1,3,3,2,1,1,1,1,3,3,1,1,2,2,0,3,1,3,1,3,3,4,2,0,3,0,1,1,0,3,0,2,3,0,3,3,3,3,0,3,1,0,1,0,3,3,2,3,3,2,0,2,3,4,3,0,1,4,4,1,0"
20,1.0171519559808564,"0,2,0,1,3,4,1,3,4,1,2,2,2,0,2,4,1,1,0,3,2,2,2,3,3,3,3,0,0,1,1,3,2,4,2,4,4,3,1,1,1,3,1,4,1,4,0,0,2,1,4,3,3,1,1,1,2,1,1,3,3,3,3,3,2,3,3,2,0,0,4,3,0,3,3,1,2,4,4,4,3,0,3,4,3,1,0,3,1,2,3,3,2,1,1,2,2,1,3,0,2,0,3,4,2,0,3,0,1,3,4,3,3,3,3,3,3,3,3,4,3,3,1,2,4,3,4,4,2,0,3,4,2,2,0,0,0,3,2,2,0,3,3,2,3,2,3,3,3,0,4,0,0,0,2,3,1,3,2,1,2,4,1,0,3,0,0,0,0,2,0,4,4,2,3,3,3,3,3,3,0,3,2,2,4,4,1,2,3,0,3,1,0,3,1,2,0,1,0,2,3,0,1,3,3,0,3,0,1,0,0,1,4,1,3,3,2,1,3,3,2,1,1,1,1,3,3,1,1,2,2,0,3,1,3,1,3,3,4,2,0,3,0,1,1,0,3,0,2,3,0,3,3,3,3,0,3,1,0,1,0,3,3,2,3,3,2,0,2,3,4,3,0,1,4,4,1,0"
21,1.0170517805192627,"0,2,0,1,3,4,1,3,4,1,2,2,2,0,2,4,1,1,0,3,2,2,2,3,3,3,3,0,0,1,1,3,2,4,2,4,4,3,1,1,1,3,1,4,1,4,0,0,2,1,4,3,3,1,1,1,2,1,0,3,3,3,3,3,2,3,3,2,0,0,4,3,0,3,3,1,2,4,4,4,3,0,3,4,3,1,0,3,1,2,3,3,2,1,1,2,2,1,3,0,1,0,3,4,2,0,3,0,1,3,4,3,3,3,3,3,3,3,3,4,3,3,1,2,4,3,4,4,2,0,3,4,2,2,0,0,0,3,2,2,0,3,3,2,3,2,3,3,3,0,4,0,0,0,2,3,1,3,2,1,2,4,1,0,3,0,0,0,0,2,0,4,4,2,3,3,3,3,3,3,0,3,2,2,4,4,1,2,3,0,3,1,0,3,1,2,0,1,0,2,3,0,1,3,3,0,3,0,1,0,0,1,4,1,3,3,2,1,3,3,2,1,1,1,1,3,3,1,1,2,2,0,3,1,3,1,3,3,4,2,0,3,0,1,1,0,3,0,2,3,0,3,3,3,3,0,3,1,0,1,0,3,3,2,3,3,2,0,2,3,4,3,0,1,4,4,1,0"
22,1.0166115534730227,"0,2,0,1,3,4,1,3,4,1,2,2,2,0,2,4,1,1,0,3,2,2,2,3,3,3,3,0,0,1,1,3,2,4,2,4,4,3,1,1,1,3,1,4,1,4,0,0,2,1,4,3,3,1,1,1,2,1,0,3,3,3,3,3,2,3,1,2,0,0,4,3,0,3,3,1,2,4,4,4,3,0,3,4,3,1,0,3,1,2,3,3,2,1,1,2,2,1,3,0,1,0,3,4,2,0,3,0,1,3,4,3,3,3,3,3,3,3,3,4,3,3,1,2,4,3,4,4,2,0,3,4,2,2,0,0,0,3,2,2,0,3,3,2,3,2,3,3,3,0,4,0,0,0,2,3,1,3,2,1,2,4,1,0,3,0,0,0,0,2,0,4,4,2,3,3,3,3,3,3,0,3,2,2,4,4,1,2,3,0,3,1,0,3,1,2,0,1,0,2,3,0,1,3,3,0,3,0,1,0,0,1,4,1,3,3,2,1,3,3,2,1,1,1,1,3,3,1,1,2,2,0,3,1,3,1,3,3,4,2,0,3,0,1,1,0,3,0,2,3,0,3,3,3,3,0,3,1,0,1,0,3,3,2,3,3,2,0,2,3,4,3,0,1,4,4,1,0"
23,1.0173091402437904,"0,2,0,1,3,4,1,3,4,1,2,2,2,0,2,4,1,1,0,3,2,2,2,3,3,3,3,0,0,1,1,3,2,4,2,4,4,3,1,1,1,3,1,4,1,4,0,0,2,1,4,3,3,1,1,1,2,1,0,3,3,3,3,3,2,3,3,2,0,0,4,1,0,3,3,1,2,4,4,4,3,0,3,4,3,1,4,3,1,2,3,3,2,1,2,2,2,1,3,0,2,0,3,4,2,0,3,0,1,3,4,3,3,3,3,3,3,3,3,4,3,3,1,2,4,3,4,4,2,0,3,4,2,2,0,0,0,3,2,2,0,3,3,2,3,2,3,3,3,0,4,0,0,0,2,3,1,3,2,1,2,4,1,0,3,0,0,0,3,2,0,4,4,2,3,3,3,3,3,3,0,3,2,2,4,4,1,2,3,0,3,1,0,3,1,2,0,1,0,2,3,0,1,3,3,0,3,0,1,0,0,1,4,1,3,3,2,1,3,3,2,1,1,1,1,3,3,1,1,2,2,0,3,1,3,1,3,3,4,2,0,3,0,1,1,0,3,4,2,3,0,3,3,3,3,0,3,1,1,1,0,3,3,2,3,3,2,0,2,3,4,3,0,1,4,4,1,0"
24,1.017783192046704,"0,2,0,1,3,4,1,3,4,1,2,2,2,0,2,4,1,1,0,3,4,3,2,3,3,3,3,0,3,1,1,3,2,4,2,4,4,3,1,1,1,3,1,4,1,4,0,0,2,1,4,3,3,1,1,1,2,1,1,3,3,3,3,3,2,3,3,2,0,1,4,3,0,3,3,1,2,4,4,4,3,0,3,4,3,1,4,3,1,1,3,3,2,1,1,2,2,1,3,0,2,0,3,4,2,1,3,0,1,3,1,3,3,3,3,3,3,3,3,4,3,3,1,2,4,3,4,4,2,0,3,4,2,2,0,0,0,3,4,2,0,3,3,2,3,2,3,3,3,4,4,0,0,0,2,3,1,3,2,1,2,4,1,0,3,0,0,0,0,2,0,4,4,2,3,3,3,3,3,3,0,3,2,2,4,4,1,2,3,0,3,1,0,3,2,2,0,4,0,2,3,0,1,3,3,0,3,0,1,0,0,1,4,1,3,3,2,1,3,3,4,1,1,1,1,3,3,1,1,1,2,0,3,1,3,1,3,3,4,2,0,0,0,1,1,0,3,0,2,3,0,3,3,3,3,0,3,1,0,1,0,3,3,2,3,3,2,1,2,3,4,3,0,1,4,4,1,0"
25,1.0174253750879707,"0,2,0,1,3,4,1,3,4,1,2,2,2,0,2,4,1,1,0,3,2,3,2,3,3,3,3,0,0,1,1,3,2,4,2,4,4,3,1,1,1,3,1,4,1,4,0,0,2,4,4,3,3,1,1,1,2,1,1,3,3,3,3,3,2,3,3,2,0,1,4,3,0,3,3,1,2,4,4,4,3,0,3,4,3,1,0,3,3,2,3,3,2,1,1,2,2,1,3,0,2,0,3,4,2,0,3,0,4,3,4,3,3,3,3,3,3,3,3,4,3,3,1,2,4,3,4,4,2,0,3,4,2,2,0,0,0,3,2,2,0,3,3,2,3,2,3,3,3,0,4,0,2,3,2,3,1,3,2,1,2,4,1,0,3,0,0,0,0,2,0,4,4,2,3,3,3,3,3,3,0,3,2,2,4,4,1,2,3,0,3,1,0,3,1,2,0,1,0,2,3,0,1,3,3,0,3,0,1,0,0,1,4,1,3,3,2,1,3,3,2,1,1,1,1,3,3,1,1,2,2,3,3,1,3,1,3,3,4,2,0,3,0,4,1,0,3,0,2,3,0,3,3,3,1,3,3,1,0,1,0,3,3,2,3,3,2,0,0,3,4,3,0,1,4,4,1,0"
26,1.01770774422122,"0,2,0,1,3,4,1,3,4,1,2,2,2,0,2,4,1,1,0,3,2,3,2,3,3,3,3,0,1,1,1,1,2,4,2,4,4,3,1,1,1,3,1,4,1,4,0,0,2,4,4,3,3,1,1,1,2,1,1,3,3,3,3,3,2,3,3,2,0,1,4,3,0,3,3,1,2,4,4,4,3,0,3,4,3,1,0,3,3,2,3,3,2,1,1,2,2,1,3,0,2,0,3,4,2,0,3,0,4,3,4,3,3,3,3,3,3,3,3,4,3,3,1,2,4,3,4,4,2,0,3,4,2,2,0,0,0,3,2,2,0,3,3,2,3,2,3,3,3,0,4,0,2,3,2,3,1,3,2,1,2,4,1,0,3,0,0,0,0,2,0,4,4,2,3,3,3,3,3,3,0,3,2,2,4,4,1,2,3,0,3,1,0,3,1,2,0,1,0,2,3,0,1,3,3,0,3,0,1,0,0,1,4,1,3,3,2,1,3,3,2,1,1,1,1,3,3,1,1,2,2,0,3,1,3,1,3,3,4,2,0,3,0,1,1,0,3,0,2,3,0,3,3,3,3,0,3,1,0,1,0,3,3,2,3,3,2,1,2,3,4,3,0,1,4,4,1,0"
27,1.0193019897719644,"0,2,0,1,3,4,1,3,4,1,2,2,2,0,2,4,1,1,0,3,2,3,2,3,3,3,3,0,1,1,1,1,2,4,2,4,4,3,1,1,1,3,1,4,1,4,0,0,2,4,4,3,3,1,1,4,2,1,1,3,3,3,3,3,2,3,3,2,0,1,4,3,0,3,3,1,2,4,4,4,3,0,3,4,3,1,0,3,3,2,3,3,2,1,1,2,2,1,3,0,2,0,3,4,2,0,3,0,1,3,4,3,3,3,1,3,3,3,3,4,3,3,1,2,4,3,4,4,2,0,3,4,2,2,0,0,0,3,2,2,0,3,3,2,3,2,3,3,3,0,4,0,0,0,2,3,1,3,2,1,2,4,1,0,3,0,0,0,3,2,0,4,4,2,3,3,3,3,3,3,0,3,2,2,4,4,1,2,3,0,3,1,0,3,1,2,0,1,0,2,3,0,0,3,3,0,3,0,1,0,0,1,4,1,3,3,2,1,3,3,2,1,1,1,1,3,3,1,1,2,2,0,3,1,3,1,3,3,4,2,0,3,0,1,1,0,3,3,2,3,0,3,3,3,3,0,3,1,1,1,0,3,3,2,3,3,2,0,2,3,4,3,0,1,4,4,1,0"
28,1.0207982328318876,"0,3,0,1,3,4,1,3,4,1,2,2,2,0,2,4,2,1,0,3,2,3,2,3,3,3,3,0,1,1,1,1,2,4,2,4,4,3,1,1,1,3,1,4,1,4,0,0,2,4,4,3,3,1,1,4,2,1,1,3,3,3,3,3,2,3,3,2,0,1,4,3,0,3,3,1,2,4,4,4,3,0,3,4,3,1,0,3,3,2,3,3,2,1,1,2,2,1,3,0,2,0,3,3,2,0,3,0,1,3,4,3,3,3,1,3,3,3,3,4,3,3,1,2,4,3,4,4,2,0,0,3,2,2,0,0,0,3,2,2,0,3,3,2,3,2,3,3,3,0,4,0,0,0,2,3,1,3,2,1,2,4,1,0,3,0,0,0,3,2,0,4,4,2,3,3,3,3,3,3,0,3,2,2,4,3,1,2,3,0,3,1,0,3,1,2,0,1,0,2,3,0,0,3,3,0,3,0,1,0,0,1,4,1,3,3,2,1,3,3,2,1,1,1,1,3,3,1,1,2,2,0,3,1,3,1,3,3,4,2,0,3,0,1,1,0,3,3,2,3,0,3,3,3,3,0,3,1,1,1,0,3,3,2,3,3,2,0,2,3,4,3,0,1,4,4,1,0"
29,1.0199092685811593,"0,3,0,1,3,4,1,3,4,1,2,2,2,0,2,4,2,1,0,3,2,3,2,3,3,3,3,0,1,1,1,1,2,4,2,4,4,3,1,1,1,3,1,4,1,4,0,0,2,4,4,3,3,1,1,4,2,1,1,3,3,3,3,3,2,3,3,2,0,1,4,3,0,3,3,1,2,4,4,4,3,0,3,4,3,1,0,2,3,2,3,3,2,1,1,2,2,1,3,0,2,0,3,3,2,0,3,0,1,3,4,3,3,3,1,3,3,3,3,4,3,3,1,2,4,3,4,4,2,0,0,3,2,2,0,0,0,3,2,2,0,3,3,2,3,2,3,3,3,0,4,0,0,0,2,3,1,3,2,1,2,4,1,0,3,0,0,0,3,2,0,4,4,2,3,3,3,3,3,3,0,3,2,2,4,3,1,2,3,0,3,1,0,3,1,2,0,1,0,2,4,0,0,3,3,0,3,0,1,0,0,1,3,1,3,3,2,1,3,3,2,1,1,1,1,3,3,1,1,2,2,0,0,1,3,1,3,3,4,2,0,3,0,0,1,0,3,3,2,3,0,3,3,3,3,0,3,1,1,1,0,3,3,2,3,3,2,0,2,3,4,3,0,1,4,4,1,0"
30,1.0201821313326787,"0,3,0,1,3,4,1,3,4,1,2,2,2,0,2,4,2,1,0,3,2,3,2,3,3,3,3,0,1,1,1,1,2,4,2,4,4,3,1,1,1,3,1,4,1,4,0,0,2,4,4,3,3,1,1,4,2,1,1,3,3,3,3,3,2,3,3,2,0,1,4,3,0,3,3,1,2,4,4,4,3,0,3,4,3,1,0,2,3,2,3,3,2,1,1,2,2,1,3,0,2,0,3,3,2,0,3,0,1,3,4,3,3,3,1,3,3,3,3,4,3,3,1,2,4,3,4,4,2,0,0,3,2,2,0,0,0,3,2,2,0,3,3,2,3,2,3,3,3,0,4,0,0,0,2,3,1,3,2,1,2,4,1,0,3,0,0,0,3,2,0,4,4,2,3,3,3,3,3,3,0,3,2,2,4,3,1,2,3,0,3,1,0,3,1,2,0,1,0,2,4,0,0,3,3,0,3,0,1,0,0,1,4,1,3,3,2,1,3,3,2,1,1,1,1,3,3,1,1,2,2,0,3,1,3,1,3,3,4,2,0,3,0,1,1,0,3,3,2,1,0,3,3,3,3,0,3,1,1,1,0,3,3,2,3,3,2,0,2,3,1,1,0,1,4,4,1,0"
31,1.0199379913891482,"0,3,0,1,3,4,1,3,2,4,2,2,2,1,2,4,1,1,1,3,2,2,2,3,3,3,3,0,0,1,1,3,4,4,2,4,4,3,1,1,1,0,1,4,1,4,1,3,2,1,4,3,1,1,1,1,2,1,1,3,3,3,3,1,2,3,3,2,0,1,4,3,2,3,3,1,2,4,4,4,3,0,3,0,3,3,0,3,3,2,3,3,2,1,1,2,2,3,3,0,2,0,3,1,2,1,3,0,1,3,1,3,3,3,3,3,3,3,3,4,3,3,1,2,4,3,4,4,2,0,0,4,2,2,0,4,0,3,2,2,0,3,3,2,3,2,3,3,3,0,4,2,2,0,0,3,1,3,2,1,2,4,1,0,3,0,0,0,3,2,0,4,4,2,3,3,3,3,3,3,0,3,2,2,4,3,1,2,3,0,3,1,0,3,1,2,0,1,0,2,3,0,0,1,3,0,3,0,1,0,0,1,4,1,3,3,2,1,3,0,2,1,1,1,1,3,3,1,1,2,2,0,3,1,3,1,3,3,4,2,0,3,0,1,1,0,3,3,2,3,0,3,3,3,0,0,3,1,1,1,0,3,3,2,3,3,2,0,2,3,4,3,0,1,4,4,1,0"
32,1.0210888595633314,"0,3,0,1,3,4,3,3,4,1,2,2,2,0,2,4,2,1,0,3,2,3,2,3,3,3,3,0,1,1,1,1,2,4,2,4,4,3,1,1,1,0,1,4,1,4,1,0,2,1,4,3,3,1,1,1,2,1,1,3,3,3,3,1,2,3,3,0,0,2,4,3,2,3,3,1,2,4,4,4,3,0,3,4,3,3,0,3,3,2,3,3,2,2,1,2,2,3,3,0,2,0,3,1,2,1,3,0,1,3,1,3,3,3,3,3,3,3,3,4,3,3,1,2,4,3,4,4,2,0,0,4,2,2,0,4,0,3,2,2,0,3,3,2,3,2,3,3,3,0,4,2,2,0,0,3,1,3,2,1,2,4,1,0,3,0,0,0,3,2,0,4,4,2,3,3,3,3,3,3,0,3,2,2,4,3,1,2,3,0,3,1,0,3,1,2,0,1,0,2,4,0,0,3,3,0,3,0,1,0,0,1,4,1,3,3,2,1,3,3,2,1,1,1,4,3,3,1,1,2,2,0,3,1,3,1,3,3,4,2,0,3,0,1,1,0,3,3,2,3,0,3,3,3,3,0,3,2,1,1,0,3,3,2,3,3,2,0,2,3,4,1,0,1,4,4,1,0"
33,1.0226235856607264,"0,3,0,1,3,4,3,3,4,1,2,2,2,0,2,4,2,1,0,3,2,3,2,3,3,3,3,0,1,1,1,1,2,4,2,4,4,3,1,1,1,0,1,4,1,4,1,0,2,1,4,3,3,1,1,1,2,1,1,3,3,3,3,1,2,3,3,0,0,2,4,3,2,3,3,1,2,4,4,4,3,0,3,4,3,3,0,3,3,2,3,3,2,2,1,2,2,3,3,0,2,0,3,1,2,1,3,0,1,3,1,3,3,3,3,3,3,3,3,4,3,3,1,2,4,3,4,4,2,0,0,4,2,2,0,4,0,3,2,2,0,3,3,2,3,2,3,3,3,0,4,2,2,0,0,3,1,3,2,1,2,4,1,0,3,0,0,0,3,2,0,4,4,2,3,3,3,3,3,3,0,3,2,2,2,3,3,2,3,0,3,1,0,3,1,2,0,1,0,4,3,0,0,1,3,0,3,0,1,0,0,1,4,1,3,3,2,1,3,3,2,1,1,1,1,3,3,1,1,2,2,0,3,1,3,1,3,3,4,2,0,3,0,1,1,0,3,3,2,3,0,3,3,3,3,0,3,1,1,1,0,3,3,2,3,3,0,0,2,3,4,3,3,1,4,4,1,0"
34,1.0228085711404167,"0,3,0,1,3,4,3,3,4,1,2,2,2,0,2,4,2,1,0,3,2,3,2,3,3,3,3,0,1,1,1,1,2,4,2,4,4,3,1,1,1,0,1,4,1,4,1,0,2,1,4,3,3,1,1,1,2,1,1,3,3,3,3,1,2,3,3,0,0,2,4,3,2,3,3,1,2,4,4,4,3,0,3,4,3,3,0,3,3,2,3,3,2,2,1,2,2,3,3,0,2,0,3,1,2,1,3,0,1,3,3,3,3,3,3,3,3,3,3,4,3,3,1,2,4,3,4,4,2,0,0,4,2,2,0,4,0,3,2,2,0,3,3,2,3,2,3,3,3,0,4,2,2,0,0,3,1,3,2,1,2,4,1,0,3,0,0,0,3,2,0,4,4,2,3,3,3,3,3,3,0,3,2,2,2,3,3,2,3,0,3,1,0,3,1,2,0,1,0,1,3,0,0,1,3,0,3,0,1,0,0,0,4,1,3,3,2,1,3,3,2,1,1,1,1,3,3,1,1,2,3,0,3,1,3,1,3,3,4,2,0,3,0,1,1,0,3,3,2,3,0,3,3,3,3,0,3,1,1,1,0,3,3,2,3,0,0,0,2,3,4,3,3,1,4,4,3,0"
35,1.0228085711404167,"0,3,0,1,3,4,3,3,4,1,2,2,2,0,2,4,2,1,0,3,2,3,2,3,3,3,3,0,1,1,1,1,2,4,2,4,4,3,1,1,1,0,1,4,1,4,1,0,2,1,4,3,3,1,1,1,2,1,1,3,3,3,3,1,2,3,3,0,0,2,4,3,2,3,3,1,2,4,4,4,3,0,3,4,3,3,0,3,3,2,3,3,2,2,1,2,2,3,3,0,2,0,3,1,2,1,3,0,1,3,3,3,3,3,3,3,3,3,3,4,3,3,1,2,4,3,4,4,2,0,0,4,2,2,0,4,0,3,2,2,0,3,3,2,3,2,3,3,3,0,4,2,2,0,0,3,1,3,2,1,2,4,1,0,3,0,0,0,3,2,0,4,4,2,3,3,3,3,3,3,0,3,2,2,2,3,3,2,3,0,3,1,0,3,1,2,0,1,0,1,3,0,0,1,3,0,3,0,1,0,0,0,4,1,3,3,2,1,3,3,2,1,1,1,1,3,3,1,1,2,3,0,3,1,3,1,3,3,4,2,0,3,0,1,1,0,3,3,2,3,0,3,3,3,3,0,3,1,1,1,0,3,3,2,3,0,0,0,2,3,4,3,3,1,4,4,3,0"
36,1.0222920394322346,"0,3,0,1,3,4,3,3,4,1,2,2,2,0,2,4,2,1,0,3,2,3,2,3,3,3,3,0,1,1,1,1,2,4,2,4,4,3,1,1,1,0,1,4,1,4,1,0,2,1,4,3,3,1,1,1,2,1,1,3,3,3,3,1,2,3,3,0,0,2,4,3,2,3,3,1,2,4,2,4,3,0,3,4,3,3,0,3,0,2,3,3,2,2,1,2,2,3,3,0,2,0,3,1,2,1,3,0,1,3,3,3,3,3,3,3,3,3,3,4,3,3,1,2,4,3,4,4,2,0,0,4,2,2,0,4,0,3,2,2,0,3,3,2,3,2,3,3,3,0,4,2,2,0,0,3,1,3,2,1,2,4,1,0,3,0,0,0,3,2,0,4,4,2,3,3,3,3,3,3,0,3,2,2,2,3,3,2,3,0,3,1,0,3,1,2,0,1,0,1,3,0,0,1,3,0,3,0,1,0,0,0,4,1,3,3,2,1,3,3,2,1,1,1,1,3,3,1,1,2,3,0,3,1,3,1,3,3,4,2,0,3,0,1,1,0,3,3,2,3,0,3,3,3,3,0,3,1,1,1,0,3,3,2,3,3,4,0,2,3,4,3,3,1,4,4,3,0"
37,1.0236481980651768,"0,3,0,1,3,4,3,3,4,1,2,2,2,0,2,4,1,1,0,3,2,3,2,3,3,3,3,0,1,1,1,1,2,4,2,4,4,3,1,1,1,0,1,4,1,4,1,0,2,1,4,3,3,1,1,1,2,1,1,3,3,3,3,1,2,4,3,3,0,2,4,3,2,3,3,1,2,4,4,4,3,3,3,4,3,3,0,3,3,2,3,3,2,2,1,2,2,3,3,0,2,0,3,3,2,1,3,0,1,3,1,3,3,3,3,3,3,1,3,4,3,3,1,2,4,3,4,4,2,0,0,4,2,1,0,4,0,3,3,2,0,3,3,2,3,2,3,3,3,0,4,2,2,0,0,3,3,3,1,1,2,4,0,0,3,0,0,0,3,2,0,4,4,2,3,3,3,3,3,3,0,3,2,2,2,3,3,2,3,0,3,1,0,3,1,0,0,2,0,4,3,0,0,1,3,0,3,0,1,0,0,1,4,1,3,3,2,1,3,3,2,1,1,1,1,3,3,1,1,2,2,0,3,1,3,0,3,3,4,2,0,3,0,1,1,2,3,3,2,3,0,3,3,3,3,0,3,1,1,1,0,3,3,2,3,3,0,0,2,3,4,3,3,1,4,4,3,0"
38,1.023015261716468,"0,3,0,1,3,4,3,3,4,1,2,2,2,0,2,4,1,1,0,3,2,3,2,3,3,3,3,0,1,1,1,1,2,1,2,4,4,3,1,1,1,0,1,4,1,4,1,0,2,1,4,3,3,1,1,1,2,1,1,3,3,3,3,1,2,3,3,3,0,2,4,3,2,3,3,1,2,4,4,4,3,0,3,4,3,3,0,3,3,2,3,3,2,2,1,2,2,3,3,0,2,0,3,3,2,0,3,0,1,3,3,3,3,3,3,3,3,3,3,4,3,3,1,2,4,3,4,4,2,0,0,4,2,2,0,4,0,3,2,2,0,3,3,2,3,2,3,3,3,4,4,2,2,0,0,3,1,1,2,1,2,4,1,0,3,0,0,0,3,2,0,4,4,2,3,3,3,3,3,3,0,3,2,2,4,3,3,2,3,2,3,1,0,3,1,2,0,1,0,2,3,0,0,1,3,0,3,0,1,0,3,1,4,1,3,3,2,1,3,3,2,1,4,1,1,3,3,1,1,2,2,0,3,1,1,1,3,3,4,2,0,3,0,1,1,0,3,3,2,3,0,3,3,3,3,0,3,1,1,1,0,3,3,2,3,3,0,0,2,3,4,3,3,1,4,4,3,4"
39,1.0246334971183904,"0,3,0,1,3,4,3,3,4,1,2,2,2,0,2,4,1,1,0,3,2,3,2,3,3,3,3,0,1,1,1,1,2,1,2,4,4,3,1,1,1,0,1,4,1,4,1,0,2,1,4,3,3,1,1,1,2,1,1,3,3,3,3,1,2,3,3,3,0,2,4,3,3,3,3,1,2,4,4,4,3,0,3,4,3,3,0,3,3,3,3,3,2,2,1,2,2,3,3,0,2,0,3,3,2,1,3,0,1,3,1,3,3,3,3,3,3,1,3,4,3,3,3,2,4,3,4,4,2,0,0,4,2,2,0,4,0,3,3,2,0,3,3,2,3,2,3,3,3,0,4,2,2,0,0,3,1,3,2,1,2,4,1,1,3,0,0,0,3,2,0,4,4,2,3,3,1,3,3,3,0,3,2,2,4,3,3,2,3,3,3,1,1,3,1,1,1,1,0,2,3,0,0,1,3,0,3,0,1,0,0,1,4,1,3,3,2,1,3,3,2,1,1,1,1,3,3,1,1,2,2,0,3,1,3,0,3,3,4,2,0,3,0,1,1,2,3,3,2,3,0,3,3,3,3,0,3,1,1,1,0,3,3,2,3,3,0,0,2,3,4,3,3,1,4,4,3,0"
40,1.0255975502710586,"0,3,0,1,3,4,3,3,4,1,2,2,2,0,2,4,1,1,0,3,2,3,2,3,3,3,3,0,1,1,1,4,2,1,2,4,4,3,1,1,1,0,1,4,1,4,1,0,2,1,4,3,3,1,1,1,2,1,1,3,3,3,3,1,2,3,3,3,0,2,4,3,3,3,3,1,2,4,4,4,3,0,3,4,3,3,0,3,3,3,3,3,2,2,1,2,2,3,3,0,2,0,3,3,2,1,3,0,1,3,1,3,3,3,3,3,3,1,3,4,3,3,3,4,4,3,4,4,2,0,0,4,2,1,0,4,0,3,3,3,0,3,3,2,3,2,3,3,3,0,4,2,2,0,0,3,1,3,2,1,2,4,1,1,3,0,0,0,3,2,0,4,4,2,3,3,1,3,3,3,0,3,2,2,4,3,3,2,3,3,3,1,1,3,1,1,1,1,0,2,3,0,0,1,3,0,3,0,1,0,0,1,4,1,3,3,2,1,3,3,2,1,1,1,1,3,3,1,1,2,2,0,2,1,3,0,3,3,4,2,0,3,0,1,1,2,3,3,2,3,0,3,3,3,3,0,3,1,1,1,0,3,3,2,3,3,0,0,2,3,4,3,3,1,4,4,3,0"
41,1.0245645299717006,"0,3,0,1,3,4,3,3,4,1,2,2,2,0,2,4,1,1,0,3,2,3,2,3,3,3,3,0,1,1,1,4,2,1,2,4,4,3,1,1,1,0,1,4,1,4,1,0,2,1,4,3,3,1,1,1,2,1,1,3,3,3,3,1,2,3,3,3,0,2,4,3,3,3,3,1,2,4,4,4,3,0,3,4,3,3,0,3,3,3,3,3,2,2,1,2,2,3,3,0,2,0,3,3,2,1,3,0,1,3,1,3,3,3,3,3,3,1,3,4,3,3,3,2,4,3,4,4,2,0,0,4,2,1,0,4,0,3,3,2,3,3,3,2,3,2,3,3,3,0,4,2,2,0,0,3,3,3,1,1,2,4,0,0,3,0,0,0,3,2,0,4,4,2,3,3,3,3,3,0,0,0,3,2,4,3,0,2,3,0,3,1,0,3,1,2,0,1,0,1,3,0,0,1,3,0,3,0,1,0,0,1,4,1,3,3,2,1,3,3,2,1,1,1,1,3,3,1,1,2,2,0,3,1,3,0,3,3,4,2,0,3,0,1,0,0,3,3,2,3,0,3,3,3,3,0,3,1,1,1,0,3,3,2,3,3,0,0,2,3,4,3,3,1,4,4,3,1"
42,1.0259874056495448,"0,3,0,1,3,4,3,3,4,1,2,2,2,0,2,4,1,1,0,3,2,3,2,3,3,3,3,0,1,1,1,4,2,1,2,4,4,3,1,1,1,0,1,4,1,4,1,0,2,1,4,3,3,1,1,1,2,1,1,3,3,3,3,1,2,3,3,3,0,2,4,3,3,3,3,1,2,4,0,4,3,0,3,4,3,3,0,3,3,3,3,3,2,2,1,2,2,3,3,0,2,0,3,3,2,1,3,0,1,3,1,3,3,3,3,3,3,1,3,4,3,3,3,2,4,3,4,4,2,0,0,4,1,2,0,4,0,3,3,2,0,3,3,2,3,2,3,3,3,1,4,2,2,0,0,3,1,3,2,1,2,4,1,1,3,4,0,0,3,2,0,4,4,2,3,3,3,3,3,3,0,3,2,2,2,3,3,2,3,3,3,1,0,3,1,2,0,1,0,4,3,0,0,1,3,0,3,0,1,0,0,1,4,1,3,3,2,1,3,3,2,1,1,1,1,3,3,3,3,2,2,0,3,1,3,0,3,3,4,2,0,3,0,1,1,0,3,3,2,3,0,3,3,3,3,0,3,1,1,1,0,3,3,2,3,3,0,0,2,3,4,3,3,1,4,4,3,1"
43,1.0273802858602856,"0,3,0,1,3,4,3,3,4,1,2,2,2,0,2,4,1,1,0,3,2,3,2,3,3,3,3,0,1,1,1,4,2,1,2,4,4,3,1,1,1,0,1,4,1,4,1,0,2,1,4,3,3,1,1,1,2,1,1,3,3,3,3,1,2,3,3,3,0,2,4,3,3,3,3,1,2,4,4,4,3,0,3,4,3,3,0,3,3,3,3,3,2,2,1,2,2,3,3,0,2,0,3,3,2,1,3,0,1,3,1,3,3,3,3,3,3,1,3,4,3,3,3,4,4,3,4,4,2,0,0,4,3,1,0,4,0,3,3,3,0,3,3,2,3,3,3,3,3,1,4,2,2,0,0,3,1,3,2,1,2,4,1,1,3,4,0,0,3,2,0,4,4,2,3,3,3,3,3,3,0,3,2,2,2,3,3,2,3,3,3,1,0,3,1,2,0,1,0,4,3,0,0,1,3,0,3,0,1,0,0,1,4,1,3,3,2,1,3,3,2,1,1,1,1,3,3,3,3,2,2,0,3,1,3,0,3,3,4,2,0,3,0,1,1,0,3,3,2,3,0,3,3,3,3,0,3,1,1,1,0,3,3,2,3,0,0,0,2,3,4,3,3,1,4,4,3,1"
44,1.0265658149475683,"0,3,0,1,3,4,3,3,4,1,2,2,2,0,2,4,1,1,0,3,2,3,2,3,3,3,3,0,1,1,1,4,2,1,2,4,4,3,1,1,1,0,1,4,1,4,1,0,2,1,4,3,3,1,1,1,2,1,1,3,3,3,3,1,2,3,3,3,0,2,4,3,4,3,3,1,2,4,4,4,3,0,3,4,3,3,0,3,3,3,3,3,2,2,1,2,2,3,3,0,2,0,3,3,2,1,3,0,1,3,1,3,3,3,3,3,3,1,3,4,3,3,3,4,4,3,4,4,2,0,0,0,2,1,0,4,0,3,3,3,0,3,3,2,3,2,3,3,3,0,4,2,2,0,0,3,3,3,1,1,2,4,0,0,3,2,0,0,3,2,0,4,4,2,3,3,3,3,3,3,0,3,2,2,2,3,3,3,3,3,3,1,0,3,1,2,0,1,0,4,3,0,0,1,3,0,3,0,1,0,0,1,4,1,3,3,2,1,3,3,2,1,1,1,1,3,3,3,3,2,2,0,3,1,3,0,3,2,4,2,0,3,0,1,0,0,3,3,2,3,0,3,3,3,3,0,3,1,1,1,0,3,3,2,3,3,0,0,2,3,4,3,3,1,4,4,3,1"
45,1.0268956425858156,"0,3,0,1,3,4,3,3,4,1,2,2,2,0,2,4,1,1,0,3,2,3,2,3,3,3,3,0,1,1,1,4,2,1,2,4,4,3,1,1,1,0,1,4,1,4,1,0,2,1,4,3,3,1,1,1,2,1,1,3,3,3,3,1,2,3,3,3,0,2,4,3,4,3,3,1,2,4,4,4,3,0,3,4,3,3,0,3,3,3,3,3,2,2,1,2,2,3,3,0,2,0,3,3,2,1,3,0,1,3,1,3,3,3,3,3,3,1,3,4,3,3,3,4,4,3,4,4,2,0,0,0,2,1,0,4,0,3,3,3,0,3,3,2,3,2,3,3,3,0,4,2,2,0,0,3,3,3,1,1,2,4,0,0,3,2,0,0,3,2,0,4,4,2,3,3,3,3,3,3,0,3,2,2,2,3,3,2,3,3,3,1,0,3,1,2,0,1,0,4,3,0,0,1,3,0,3,0,1,0,0,1,4,1,3,3,2,1,3,3,2,1,1,1,1,3,3,3,3,2,2,0,3,1,3,0,3,3,4,2,0,3,0,1,1,0,3,3,2,3,0,3,3,3,3,0,3,1,1,1,0,3,3,2,3,3,0,0,2,3,3,3,3,1,4,4,0,1"
46,1.0288170754169443,"0,3,0,1,3,4,3,3,4,1,2,2,2,0,2,4,1,1,0,3,2,3,2,3,3,3,3,0,1,1,1,4,2,1,2,4,4,3,1,1,1,0,1,3,1,4,1,0,2,1,4,3,3,1,1,1,2,1,1,3,3,3,3,1,2,3,3,3,0,2,4,3,3,3,3,1,2,4,4,4,3,0,3,4,3,3,0,3,3,3,3,3,2,2,1,2,3,3,3,0,2,0,3,3,2,1,3,0,1,3,1,3,3,3,3,3,3,1,3,4,3,3,3,4,4,3,4,4,2,0,0,4,3,1,0,4,0,3,3,3,0,3,3,2,3,3,3,3,3,1,4,2,2,0,0,3,1,3,2,1,2,4,1,1,3,4,0,0,3,2,0,4,4,2,3,3,3,3,3,3,0,3,2,2,2,3,3,2,3,3,3,1,0,3,1,2,0,1,0,4,3,0,0,1,3,0,3,0,1,0,0,1,1,1,3,3,2,1,3,3,2,1,1,1,1,3,3,3,3,2,2,0,3,1,3,0,3,3,4,2,0,3,0,1,0,0,3,3,2,3,0,3,3,3,3,0,3,1,1,1,0,3,3,2,3,3,0,0,2,3,4,3,3,1,4,4,3,1"
47,1.0288836141669067,"0,3,0,1,3,4,3,3,4,1,2,2,2,0,2,4,1,1,0,3,2,3,2,3,3,3,3,0,1,1,1,4,2,1,2,4,4,3,1,1,1,0,1,3,1,4,1,0,2,1,4,3,3,1,3,1,2,1,1,3,3,3,3,1,2,3,3,3,0,2,4,3,3,3,3,1,2,4,4,4,3,0,3,4,3,3,0,3,3,3,3,3,2,2,1,2,3,3,3,0,2,0,3,3,2,1,3,0,1,3,1,3,3,3,3,3,3,1,3,4,3,3,3,4,4,0,4,4,2,0,0,4,3,1,0,4,0,3,3,3,0,3,3,2,3,3,3,3,3,1,4,2,2,0,0,3,1,3,2,1,2,4,1,1,3,4,0,0,3,2,0,4,4,2,3,3,3,3,3,3,0,3,2,2,2,3,3,2,3,3,3,1,0,3,1,2,0,1,0,4,3,0,0,1,3,0,3,0,1,0,0,1,1,1,3,3,2,1,3,3,2,1,1,1,1,3,3,3,3,2,2,0,3,1,3,0,3,3,4,2,0,3,0,1,0,0,3,3,2,3,0,3,3,3,3,0,3,1,1,1,0,3,3,2,3,3,0,0,2,3,4,3,3,1,4,4,3,1"
48,1.0288836141669067,"0,3,0,1,3,4,3,3,4,1,2,2,2,0,2,4,1,1,0,3,2,3,2,3,3,3,3,0,1,1,1,4,2,1,2,4,4,3,1,1,1,0,1,3,1,4,1,0,2,1,4,3,3,1,3,1,2,1,1,3,3,3,3,1,2,3,3,3,0,2,4,3,3,3,3,1,2,4,4,4,3,0,3,4,3,3,0,3,3,3,3,3,2,2,1,2,3,3,3,0,2,0,3,3,2,1,3,0,1,3,1,3,3,3,3,3,3,1,3,4,3,3,3,4,4,0,4,4,2,0,0,4,3,1,0,4,0,3,3,3,0,3,3,2,3,3,3,3,3,1,4,2,2,0,0,3,1,3,2,1,2,4,1,1,3,4,0,0,3,2,0,4,4,2,3,3,3,3,3,3,0,3,2,2,2,3,3,2,3,3,3,1,0,3,1,2,0,1,0,4,3,0,0,1,3,0,3,0,1,0,0,1,1,1,3,3,2,1,3,3,2,1,1,1,1,3,3,3,3,2,2,0,3,1,3,0,3,3,4,2,0,3,0,1,0,0,3,3,2,3,0,3,3,3,3,0,3,1,1,1,0,3,3,2,3,3,0,0,2,3,4,3,3,1,4,4,3,1"
49,1.0294911329785807,"0,3,0,1,3,4,3,3,4,1,2,2,2,0,2,4,1,1,0,3,2,3,2,3,3,3,3,0,1,1,1,4,2,1,2,4,4,3,1,1,1,0,1,3,1,4,1,0,2,1,4,3,3,1,3,1,2,1,1,3,3,3,3,1,2,3,3,3,0,2,4,3,3,3,3,1,2,4,4,4,3,0,3,3,3,3,0,3,3,3,3,3,2,2,1,2,3,3,3,0,2,0,3,3,2,1,3,0,1,3,1,3,3,3,3,3,3,1,3,4,3,3,3,4,4,3,4,4,2,0,0,4,3,1,0,4,0,3,3,3,0,3,3,2,3,3,3,3,3,1,4,2,2,0,0,3,1,3,2,2,2,4,1,1,3,4,0,0,3,2,0,4,4,2,3,3,3,3,3,3,0,3,3,2,2,3,3,2,3,3,3,1,0,3,1,2,0,1,0,4,3,0,0,1,3,0,1,0,1,0,0,1,1,1,3,3,2,1,3,3,2,1,1,1,1,3,3,3,3,2,2,0,3,1,3,0,3,3,4,2,0,3,0,1,0,0,3,3,2,3,0,3,3,3,3,0,3,1,1,1,0,3,3,2,3,3,0,0,2,3,4,3,3,1,2,4,3,1"
50,1.0291732259851876,"0,3,0,1,3,4,3,3,4,1,2,2,2,0,2,4,1,1,0,3,2,3,2,3,3,3,3,0,1,1,1,4,2,1,2,4,4,3,1,1,1,0,1,3,1,4,1,0,2,1,4,3,3,1,3,1,2,1,1,3,3,3,3,1,2,3,3,3,0,2,4,3,3,3,3,1,2,4,4,4,3,0,3,3,3,3,0,3,3,3,3,3,2,2,1,2,3,3,3,0,2,0,3,3,2,1,3,0,1,3,1,3,3,3,3,3,3,1,3,4,3,3,3,4,4,3,4,4,2,0,0,4,3,1,0,4,0,3,3,3,0,3,3,2,3,3,3,3,3,1,4,2,2,0,0,3,1,3,2,2,2,4,1,1,3,4,0,0,3,2,0,4,4,2,3,3,3,3,3,3,0,3,3,2,2,3,3,2,3,3,3,1,0,3,1,2,0,1,0,4,3,0,0,1,3,0,1,0,1,0,0,1,1,1,3,3,2,1,3,3,2,1,1,1,1,3,3,3,3,2,2,0,3,1,3,0,3,3,4,2,0,3,0,1,0,0,3,3,2,3,0,3,3,3,3,0,3,1,1,1,0,3,3,2,1,3,0,0,2,3,4,3,3,1,4,4,3,1"
51,1.0299572606915213,"0,3,0,1,3,4,3,3,4,1,2,2,2,0,2,4,1,1,0,3,2,3,2,3,3,3,3,0,1,1,1,4,2,1,2,4,4,3,1,1,1,0,1,3,1,4,1,0,2,1,4,3,3,1,3,1,2,1,1,3,3,3,3,1,2,3,3,3,0,2,4,3,3,3,3,1,2,4,4,4,3,0,3,4,3,3,0,3,3,3,3,3,2,2,1,2,3,3,3,0,2,0,3,3,2,1,3,4,1,3,1,3,3,3,3,3,3,1,3,4,3,3,3,4,4,3,4,4,2,0,0,4,3,1,0,4,0,3,3,3,0,3,3,2,3,3,3,3,3,1,4,2,2,0,0,3,1,3,2,1,2,4,1,1,3,4,0,0,3,2,0,4,4,2,3,3,3,3,3,3,0,3,3,2,2,3,3,2,3,3,3,1,0,3,1,2,0,1,0,4,3,0,0,1,3,0,3,0,1,0,0,1,1,1,3,2,2,1,3,3,2,1,1,1,1,3,3,3,3,2,2,0,3,1,3,0,3,3,3,2,0,3,0,1,0,0,3,3,2,3,0,3,3,3,3,0,3,1,1,1,0,3,3,3,3,3,0,0,2,3,4,3,3,1,4,4,3,1"
52,1.0299572606915213,"0,3,0,1,3,4,3,3,4,1,2,2,2,0,2,4,1,1,0,3,2,3,2,3,3,3,3,0,1,1,1,4,2,1,2,4,4,3,1,1,1,0,1,3,1,4,1,0,2,1,4,3,3,1,3,1,2,1,1,3,3,3,3,1,2,3,3,3,0,2,4,3,3,3,3,1,2,4,4,4,3,0,3,4,3,3,0,3,3,3,3,3,2,2,1,2,3,3,3,0,2,0,3,3,2,1,3,4,1,3,1,3,3,3,3,3,3,1,3,4,3,3,3,4,4,3,4,4,2,0,0,4,3,1,0,4,0,3,3,3,0,3,3,2,3,3,3,3,3,1,4,2,2,0,0,3,1,3,2,1,2,4,1,1,3,4,0,0,3,2,0,4,4,2,3,3,3,3,3,3,0,3,3,2,2,3,3,2,3,3,3,1,0,3,1,2,0,1,0,4,3,0,0,1,3,0,3,0,1,0,0,1,1,1,3,2,2,1,3,3,2,1,1,1,1,3,3,3,3,2,2,0,3,1,3,0,3,3,3,2,0,3,0,1,0,0,3,3,2,3,0,3,3,3,3,0,3,1,1,1,0,3,3,3,3,3,0,0,2,3,4,3,3,1,4,4,3,1"
53,1.0279849843643256,"0,3,0,1,3,4,3,3,4,1,2,2,2,0,2,4,1,1,0,3,2,3,2,3,3,3,3,0,1,1,1,4,2,1,2,4,4,3,1,1,1,0,1,3,1,4,1,0,2,1,4,3,3,1,3,1,2,1,1,3,3,3,3,1,2,3,3,3,0,2,4,3,3,3,3,1,2,4,4,4,3,0,3,4,3,3,0,3,3,3,3,3,2,2,1,2,3,3,3,0,2,0,3,3,2,1,3,4,1,3,1,3,3,3,3,3,3,1,3,4,3,3,3,4,4,3,4,4,2,0,0,4,3,1,0,4,0,3,3,3,0,3,3,2,3,3,3,3,3,1,4,2,2,0,0,3,1,3,2,1,2,4,1,1,3,4,0,0,3,2,0,4,4,2,1,3,3,3,1,3,0,3,2,2,2,3,3,2,3,3,3,1,0,3,0,2,0,1,0,4,3,0,0,1,1,0,3,0,1,0,0,1,4,1,3,3,2,1,3,3,2,1,1,1,1,3,3,3,3,2,2,0,3,1,3,3,3,3,4,2,0,3,0,1,0,0,3,3,2,3,0,3,3,3,3,0,3,1,1,1,0,3,3,2,3,0,0,0,2,3,4,3,3,1,4,4,3,1"
54,1.0319554437687133,"0,3,0,1,3,4,3,3,4,1,2,2,2,0,2,4,1,1,0,3,2,3,2,3,3,3,3,0,1,1,1,4,2,1,2,4,4,3,1,1,1,0,1,3,1,4,1,0,2,1,3,3,3,1,3,0,2,1,1,3,3,3,3,1,2,3,3,3,0,0,4,3,3,3,3,1,2,4,4,4,3,0,3,3,3,3,0,3,3,3,3,3,2,2,1,2,3,3,3,0,2,0,3,3,2,1,3,0,1,3,1,3,3,3,3,3,3,1,3,1,3,3,3,3,4,3,4,4,2,0,0,4,3,1,0,4,0,3,3,3,0,3,3,2,3,3,3,3,3,1,4,2,2,0,0,3,1,3,2,1,2,4,1,1,3,4,0,0,3,2,0,4,4,2,3,3,3,3,3,3,0,3,3,2,2,3,3,2,3,3,3,1,0,3,1,2,0,1,0,0,3,0,0,1,3,0,3,0,1,0,0,1,1,1,3,2,2,1,3,3,2,1,1,1,0,3,3,3,3,2,2,0,3,1,3,0,3,3,3,2,0,3,0,3,0,0,3,3,2,3,0,3,3,3,3,0,3,1,1,1,0,3,3,3,3,3,0,0,2,3,4,3,3,1,4,4,3,1"
55,1.0331872118373755,"0,3,0,1,3,4,3,3,4,1,2,2,2,0,2,4,1,1,0,3,2,3,2,3,3,3,3,0,1,1,1,4,2,1,2,4,4,3,1,1,1,0,1,3,1,4,1,0,2,1,3,3,3,1,3,0,2,1,1,3,3,3,3,1,2,3,3,3,0,0,4,3,3,3,3,1,2,4,4,4,3,0,3,3,3,3,0,3,3,3,3,3,2,2,1,2,3,3,3,0,2,0,3,3,2,1,3,0,1,3,1,3,3,3,3,3,3,1,3,1,3,3,3,3,4,3,4,4,2,0,0,4,3,1,0,4,0,3,3,3,0,3,3,2,3,3,3,3,3,1,4,2,2,0,0,3,1,3,2,1,2,4,3,1,3,4,0,0,3,2,0,4,4,2,3,3,3,3,3,3,0,3,3,2,2,3,3,2,3,3,3,1,0,3,1,2,0,0,0,0,3,0,0,1,3,0,3,0,1,0,0,1,1,1,3,2,2,1,3,3,2,1,1,1,0,3,3,3,3,2,2,0,3,1,3,0,3,3,3,2,0,3,0,1,0,0,3,3,2,3,0,3,3,3,3,0,3,1,1,1,0,3,3,3,3,3,0,0,2,3,4,3,3,3,4,4,3,1"
56,1.0335391807206755,"0,3,0,1,3,4,3,3,4,1,2,2,2,0,2,4,1,1,0,3,2,3,2,3,3,3,3,0,3,1,1,4,2,1,2,4,4,3,1,1,1,0,1,3,1,4,1,0,2,1,3,3,3,1,3,0,2,1,1,3,3,3,3,1,2,3,3,3,0,0,4,3,3,3,3,1,2,4,4,4,3,0,3,3,3,3,0,3,3,3,3,3,2,2,1,2,3,3,3,0,2,0,3,3,2,1,3,0,1,3,1,3,3,3,3,3,3,1,3,1,3,3,3,3,4,3,4,4,2,0,0,4,3,1,0,4,0,3,3,3,0,3,3,2,3,3,3,3,3,1,4,2,2,0,0,3,1,3,2,1,2,4,3,1,3,4,0,0,3,2,0,4,4,2,3,3,3,3,3,3,0,3,3,2,2,3,3,2,3,3,3,1,0,3,1,2,0,0,0,0,3,0,0,1,3,0,3,0,1,0,0,1,1,1,3,2,2,1,3,1,2,1,1,1,0,3,3,3,3,2,2,0,3,1,3,0,3,3,3,2,0,3,0,1,0,0,3,3,2,3,0,3,3,3,3,0,3,1,1,1,0,3,3,3,3,3,0,0,2,3,4,3,3,3,4,4,3,1"
57,1.03324183977651,"0,3,0,1,3,4,3,3,4,1,2,2,2,0,2,4,1,1,0,3,2,3,2,3,3,3,3,0,3,1,1,4,2,1,2,4,4,3,1,1,1,0,1,3,1,4,1,0,2,1,3,3,3,1,3,0,2,1,1,3,3,3,3,1,2,3,3,3,0,0,4,3,3,3,3,1,2,4,4,4,3,0,3,3,3,3,0,3,3,3,3,3,2,2,1,2,3,3,3,0,2,0,3,3,2,1,3,0,1,3,1,3,3,3,3,3,3,1,3,1,3,3,3,3,4,3,4,4,2,0,0,4,3,1,0,4,0,3,3,3,0,3,3,2,3,3,3,3,3,1,4,2,2,0,0,3,1,3,2,1,2,4,3,1,3,4,0,0,3,2,0,4,4,2,3,3,3,3,3,3,0,3,3,2,2,3,3,2,3,3,3,1,0,3,1,2,0,0,0,0,3,0,0,1,3,0,3,0,1,0,0,1,1,1,3,2,2,1,3,1,2,1,1,1,0,3,3,3,3,2,2,0,3,1,3,2,3,3,3,2,0,3,0,1,0,0,3,3,2,3,0,3,3,3,3,0,3,1,2,1,0,3,3,3,3,3,0,0,2,3,4,3,3,3,4,4,3,1"
58,1.032708653414963,"0,3,0,1,3,4,3,3,4,1,2,2,2,0,2,4,1,1,0,3,2,3,2,3,3,3,3,0,3,1,1,4,2,1,2,4,4,3,1,1,1,0,1,3,1,4,1,0,2,1,3,3,3,1,3,0,2,1,1,3,3,3,3,1,2,3,3,3,0,0,4,3,3,3,3,1,2,4,4,4,3,0,3,3,3,3,0,3,3,3,3,3,2,2,1,2,3,3,3,0,2,0,3,3,2,1,3,0,1,3,1,3,3,3,3,3,3,1,3,1,3,3,3,3,4,3,4,4,2,0,0,4,3,1,0,4,0,3,3,3,0,3,3,2,3,3,3,3,3,1,4,2,2,0,0,3,1,3,2,1,2,4,3,1,3,4,0,0,3,2,0,4,4,2,3,3,3,3,3,3,0,3,3,2,2,3,3,2,3,3,3,1,0,3,1,2,0,0,0,0,3,0,0,1,3,0,3,0,1,0,0,1,1,1,3,2,2,1,3,1,2,1,1,1,0,3,3,3,3,2,2,0,3,1,3,2,3,3,3,2,0,3,0,1,0,0,3,3,2,3,0,3,3,3,3,0,3,1,1,1,0,3,3,4,3,3,0,0,2,3,4,3,3,3,4,4,3,1"
59,1.033987578807754,"0,3,0,1,3,4,3,3,4,1,2,2,2,0,2,4,1,1,0,3,2,3,2,3,3,3,3,0,3,1,1,4,2,1,2,4,4,3,1,1,1,0,1,3,1,4,1,0,2,1,3,3,3,1,3,0,2,1,1,3,3,3,3,1,2,3,3,3,0,0,4,3,3,3,3,1,2,4,4,4,3,0,3,3,3,3,0,3,3,3,3,3,2,2,1,2,3,3,3,0,2,0,3,3,2,1,3,0,1,3,1,3,3,3,3,3,3,1,3,1,3,3,3,3,4,3,4,4,2,0,0,4,3,1,0,4,0,3,3,2,0,3,3,2,3,3,3,3,3,1,4,2,2,0,0,3,1,3,2,1,2,4,3,1,3,4,0,0,3,2,0,4,4,2,3,3,0,3,3,3,3,3,3,2,2,3,3,2,3,3,3,1,3,3,1,2,0,0,0,0,3,0,0,1,3,0,3,0,1,0,0,1,1,1,3,2,2,1,3,0,0,1,1,1,0,3,3,3,3,2,2,0,3,1,3,0,3,3,3,2,0,3,0,1,0,0,3,3,2,3,0,3,3,3,3,0,3,1,1,1,0,3,3,3,3,3,0,0,2,3,4,3,3,3,4,4,3,1"
60,1.0340438058333703,"0,3,0,1,3,4,3,3,4,1,2,2,2,0,2,4,1,1,0,3,2,3,2,3,3,3,3,0,3,1,1,4,2,1,2,4,4,3,1,1,1,0,1,3,1,4,1,0,2,1,3,3,3,1,3,0,2,1,1,3,3,3,3,1,2,3,3,3,0,0,4,3,3,3,3,1,2,4,4,4,3,0,3,3,3,3,0,3,3,3,3,3,2,2,1,2,3,3,3,0,2,0,3,3,2,1,3,0,1,3,1,3,3,3,3,3,3,1,3,1,3,3,3,3,4,3,4,4,2,0,0,4,3,1,0,4,0,3,3,2,0,3,3,2,3,3,3,3,3,1,4,2,2,0,0,3,1,3,2,1,2,4,3,1,3,4,0,0,3,2,0,4,4,2,3,3,0,3,3,3,3,3,3,2,2,3,3,2,3,3,3,1,3,3,1,2,0,0,0,0,3,0,0,1,3,0,4,0,1,0,0,1,1,1,3,2,2,1,3,0,0,1,1,1,0,3,3,3,3,2,2,0,3,1,3,0,3,3,3,2,0,3,0,1,0,0,3,3,2,3,0,3,3,3,3,0,3,1,1,1,0,3,3,3,3,3,0,0,2,3,4,3,3,3,4,4,3,1"
61,1.0361117169860776,"0,3,0,1,3,4,3,3,4,1,2,2,2,0,2,4,1,1,0,3,2,3,2,3,3,3,3,0,3,1,1,4,2,1,2,4,4,3,1,1,1,0,1,3,1,4,1,0,2,1,3,3,3,1,3,0,2,1,1,3,3,3,3,1,1,3,3,3,0,0,4,3,3,3,3,1,2,4,4,0,3,0,3,3,3,3,3,3,3,3,3,3,2,2,1,2,3,3,3,1,2,0,3,3,2,1,3,0,1,3,1,3,3,3,3,3,3,1,3,0,3,3,3,3,4,3,4,4,2,0,0,3,3,1,0,4,0,3,3,3,0,3,3,2,3,3,3,3,3,1,4,2,2,0,0,3,1,3,2,1,2,4,3,1,3,4,0,0,3,2,0,4,4,2,3,3,0,3,3,3,3,3,3,2,2,3,3,2,3,3,3,1,3,3,1,2,0,0,0,0,3,0,0,1,3,0,3,0,1,0,0,4,1,1,3,2,4,1,3,3,0,1,3,1,0,3,3,3,3,2,2,0,3,1,3,0,3,3,3,2,0,3,0,1,0,0,3,3,2,3,0,3,3,3,3,0,3,1,1,1,0,3,3,3,3,3,0,0,2,3,4,3,3,3,4,4,3,1"
62,1.0354490365100106,"0,3,0,1,3,4,3,3,4,1,2,2,2,0,2,4,1,1,0,3,2,3,2,3,3,3,3,0,3,1,1,4,2,0,2,4,4,3,1,1,1,0,1,3,1,4,1,0,2,1,3,3,3,1,3,0,2,1,1,3,3,3,3,1,1,3,3,3,0,0,4,3,3,3,3,1,2,4,4,0,3,0,3,3,3,3,3,3,3,3,3,3,2,2,1,2,3,3,3,1,2,0,3,3,2,1,3,2,1,3,1,3,3,3,3,3,3,1,3,0,3,3,3,3,4,3,4,4,2,0,0,3,3,1,0,4,0,3,3,3,0,3,3,2,3,3,3,3,3,1,4,2,2,0,0,3,1,3,2,1,2,4,3,1,3,4,3,0,3,2,0,4,4,2,3,3,0,3,3,3,3,3,3,2,2,3,3,2,3,3,3,1,3,3,1,2,0,0,0,3,3,0,0,1,3,0,3,0,1,0,0,1,1,1,3,2,2,1,3,3,0,1,1,1,0,3,3,1,3,2,2,0,3,1,3,1,3,3,3,2,0,3,0,1,0,0,3,3,2,3,0,3,3,3,3,0,3,1,1,3,0,3,3,3,3,3,0,0,2,3,4,3,3,3,4,4,3,1"
63,1.0354703189120382,"0,3,0,1,3,4,3,3,4,1,2,2,2,0,2,4,1,1,0,3,2,3,2,3,3,3,3,0,3,1,1,4,2,0,2,4,4,3,1,1,1,0,1,3,1,4,1,0,2,1,3,3,3,1,3,0,2,1,1,3,3,3,3,1,1,3,3,3,0,0,4,3,3,3,3,1,2,4,4,0,3,0,3,3,3,3,3,3,3,3,3,3,2,2,1,2,3,3,3,1,2,0,3,3,2,1,3,2,1,3,1,3,3,3,3,3,3,1,3,0,3,3,3,3,4,3,4,4,2,0,0,3,3,1,0,4,0,3,3,3,0,3,3,2,3,3,3,3,3,1,4,2,2,0,0,3,1,3,2,1,2,4,3,1,3,4,3,0,3,2,0,4,4,2,3,3,0,3,3,3,3,3,3,2,2,3,3,2,3,3,3,1,3,3,1,2,0,0,2,0,3,0,0,1,3,0,3,0,1,0,0,4,1,1,3,2,4,1,3,3,0,1,3,1,0,3,3,3,3,2,2,0,3,1,3,0,3,3,3,2,0,3,0,1,0,0,3,3,2,3,0,3,3,3,3,0,3,1,1,1,0,3,3,3,3,3,0,0,2,3,4,3,3,3,4,4,3,1"
64,1.0356859007523673,"0,3,0,1,3,4,3,3,4,1,2,2,2,0,2,4,1,1,0,3,2,3,2,3,3,3,3,0,3,1,1,4,2,0,2,4,4,3,1,1,1,0,1,3,1,4,1,0,2,1,3,3,3,1,3,0,2,1,1,3,3,3,3,1,1,3,3,3,0,0,4,3,3,3,3,1,2,4,4,0,3,0,3,3,3,3,3,3,3,3,3,3,2,2,1,2,3,3,3,1,2,0,3,3,2,1,3,2,1,3,1,3,3,3,3,4,3,1,3,0,3,3,3,3,4,3,4,4,2,0,0,3,3,1,0,4,0,3,3,3,0,3,3,2,3,3,3,3,3,1,4,2,2,0,0,1,1,3,4,1,2,4,3,1,3,4,3,0,3,2,0,4,4,2,3,3,0,3,3,3,3,3,3,2,2,3,3,2,3,3,3,1,3,3,1,2,0,0,0,0,3,0,0,1,3,0,3,0,1,0,0,1,1,1,3,2,2,1,3,3,0,1,3,1,0,3,3,1,3,2,2,0,3,1,3,0,3,3,3,2,0,3,0,1,3,0,3,3,2,3,0,3,3,3,3,0,3,1,1,1,0,3,3,3,3,3,0,0,2,3,4,3,3,3,4,4,3,1"
65,1.0364543438755582,"0,3,0,1,3,4,3,3,4,1,2,2,2,0,2,4,1,1,0,3,2,3,2,3,3,3,3,0,3,1,1,4,2,0,2,4,4,3,1,1,1,0,1,3,1,4,1,0,2,1,3,3,3,1,3,0,2,1,1,3,3,3,3,1,1,3,3,3,0,0,4,3,3,3,3,1,2,4,4,0,3,0,3,3,3,3,3,3,3,3,3,3,2,2,1,2,3,3,3,1,2,0,3,3,2,1,3,3,1,3,1,3,3,3,3,3,3,1,3,0,3,3,3,3,4,3,4,4,2,0,0,3,3,1,0,4,0,3,3,3,0,3,3,2,3,3,3,3,3,1,4,2,2,0,0,3,1,3,2,1,2,4,3,1,3,4,0,0,3,2,0,4,4,2,3,3,0,3,3,3,3,3,3,2,2,3,3,2,3,3,3,1,3,3,1,2,0,0,0,0,3,0,0,1,3,0,3,0,1,0,0,4,1,1,3,2,4,1,3,3,0,1,3,1,0,3,3,3,3,2,2,0,3,1,3,0,3,3,3,2,0,3,0,1,0,0,3,3,2,3,0,3,3,3,3,0,3,1,1,1,2,3,3,3,3,3,0,0,2,3,3,3,3,3,4,4,4,1"
66,1.0371822330260323,"0,3,0,1,3,4,3,3,4,1,2,2,2,0,2,4,1,1,0,3,2,3,2,3,3,3,3,0,3,1,1,4,2,0,2,4,4,3,1,1,1,0,1,3,1,4,1,0,2,1,3,3,3,1,3,0,2,1,1,3,3,3,3,1,1,3,3,3,0,0,4,3,3,3,3,1,2,4,4,0,3,0,3,3,3,3,3,3,3,3,3,3,2,3,1,2,3,3,3,1,2,0,3,3,2,1,3,3,1,3,1,3,3,3,1,3,3,1,3,0,3,3,3,3,4,3,4,4,2,0,0,3,3,1,0,4,0,3,3,3,0,3,3,2,3,3,3,3,3,1,4,2,2,0,0,3,1,3,2,1,2,4,3,1,3,4,0,0,3,2,0,4,4,2,3,3,0,3,3,3,3,3,3,2,2,3,3,2,3,3,3,1,3,3,1,2,0,0,0,0,3,0,0,1,3,0,3,0,1,0,0,4,1,1,3,2,4,1,3,3,0,1,3,1,0,3,3,3,3,2,2,3,3,1,3,0,3,3,3,2,0,3,0,1,0,0,3,3,2,3,0,3,3,3,3,0,3,1,1,1,2,3,3,3,3,3,0,0,2,3,3,3,3,3,4,4,3,1"
67,1.037400099175458,"0,3,0,1,3,4,3,3,4,1,2,2,2,0,2,4,1,1,0,3,2,3,2,3,3,3,3,0,3,1,1,4,2,0,2,4,4,3,1,1,1,0,1,3,1,4,1,0,2,1,3,3,3,1,3,0,2,1,1,3,3,3,3,1,1,3,3,3,0,0,4,3,3,3,3,1,2,4,4,0,3,0,3,3,3,3,3,3,3,3,3,3,2,3,1,2,3,3,3,1,2,0,3,3,2,1,3,3,1,3,1,3,3,3,1,3,3,1,3,0,3,3,3,3,4,3,4,4,2,0,0,3,3,1,0,4,1,3,3,3,0,3,3,2,3,3,3,3,3,1,4,2,2,0,1,3,1,3,2,1,2,4,3,1,3,4,0,0,3,2,0,4,4,2,3,3,0,3,3,3,3,3,3,2,2,3,3,2,3,3,3,1,3,3,1,2,0,0,0,0,3,0,0,1,3,0,3,0,3,0,0,1,0,1,3,2,2,1,3,3,3,1,3,1,0,0,3,3,3,2,2,0,3,1,3,0,3,3,3,2,0,3,0,1,0,0,3,3,2,3,0,3,3,3,3,0,3,1,1,1,2,3,3,3,3,3,0,0,2,3,3,3,3,3,4,4,3,1"
68,1.0381243493824126,"0,3,0,1,3,4,3,3,4,1,2,2,2,0,2,4,1,1,0,3,2,3,2,3,3,3,3,0,3,1,1,4,2,0,2,4,4,3,1,1,1,0,1,3,1,4,1,0,2,1,3,3,3,1,3,0,2,1,1,3,3,3,3,1,1,3,3,3,0,0,4,3,3,3,3,1,2,4,4,0,3,0,3,3,3,3,3,3,3,3,3,3,2,3,1,2,3,3,3,1,2,0,3,3,2,1,3,3,1,3,1,3,3,3,1,3,3,1,3,0,3,3,3,3,4,3,4,4,2,0,3,3,3,1,0,4,1,3,3,3,0,3,3,2,3,3,3,3,3,1,4,2,2,0,1,3,1,3,2,1,2,4,3,1,3,4,0,0,3,2,0,4,4,2,3,3,0,3,3,3,3,3,3,2,2,3,3,2,3,3,3,1,3,3,1,2,0,0,0,0,3,0,0,1,3,0,3,0,3,0,0,1,0,1,3,2,2,1,3,3,3,1,3,1,0,3,3,3,3,2,2,3,3,1,3,0,3,3,3,2,0,3,0,1,0,0,3,3,2,3,0,3,3,3,3,0,3,1,1,1,2,3,3,3,3,3,0,0,2,3,3,3,3,3,4,4,3,1"
69,1.0369609544913485,"0,3,1,1,3,4,3,3,4,1,2,2,2,0,2,4,1,1,0,3,2,3,2,3,3,3,3,0,3,1,1,4,2,0,2,4,4,3,1,1,1,0,1,3,1,4,0,0,2,1,3,3,3,1,3,0,2,1,1,3,3,3,3,1,1,3,3,3,0,0,4,3,3,3,3,1,2,4,4,0,3,0,3,3,3,3,3,3,3,3,3,3,2,3,1,2,3,3,3,1,2,0,3,3,2,1,3,4,1,3,1,0,3,3,3,3,3,1,3,0,3,3,3,3,4,1,4,4,2,0,0,3,3,1,0,4,0,3,3,3,0,3,3,2,3,3,3,3,3,1,4,4,2,0,1,1,1,3,2,1,2,4,3,1,3,4,1,0,3,2,0,4,4,2,3,3,0,3,3,3,3,3,2,2,2,3,3,2,3,3,3,1,3,3,1,2,0,0,0,0,3,0,0,2,3,0,3,0,3,0,0,1,0,1,3,2,2,1,3,2,3,1,3,1,0,0,3,3,3,2,2,0,3,1,3,3,3,3,3,2,0,3,0,1,0,0,3,3,2,3,0,3,3,3,3,0,0,1,1,1,2,3,3,3,3,3,0,0,2,3,3,3,3,3,4,4,3,1"
70,1.0389921973091831,"0,3,1,1,3,4,3,3,4,1,2,2,2,0,2,4,1,1,0,3,2,3,2,3,3,3,3,0,3,1,1,4,2,0,2,4,4,3,1,1,1,0,1,3,1,4,1,0,2,1,3,3,3,1,3,0,2,1,1,3,3,3,3,1,1,3,3,3,3,0,4,3,3,3,3,1,2,4,4,0,3,0,3,3,3,3,3,3,3,3,3,3,2,3,4,2,3,3,3,1,2,0,3,3,2,1,3,4,1,3,1,3,3,3,3,3,3,1,3,0,3,3,3,3,4,1,4,4,2,0,0,3,3,1,0,4,0,3,3,3,0,3,3,2,3,3,3,3,3,1,4,4,2,0,1,1,1,3,2,1,2,4,3,1,3,4,0,0,3,2,0,4,4,2,3,3,0,3,3,3,3,3,2,2,2,3,3,2,3,3,3,1,3,3,1,2,0,0,0,0,3,0,0,1,3,0,3,0,3,0,1,1,0,3,3,2,3,1,3,0,3,1,3,1,0,0,3,3,3,2,2,0,3,1,3,3,3,3,3,2,0,3,0,1,0,0,3,3,2,3,0,3,3,3,3,0,3,1,1,1,2,3,3,3,3,3,0,0,2,3,3,3,3,3,4,4,3,1"
71,1.0385666651348378,"0,3,1,1,3,4,3,3,4,1,2,2,2,0,2,4,1,1,0,3,2,3,2,3,3,3,3,0,3,1,1,4,2,0,2,4,4,3,1,1,1,0,1,3,1,4,1,0,2,1,3,3,3,1,3,0,2,1,1,3,3,3,3,1,1,3,3,3,3,0,4,3,3,3,3,1,2,4,4,0,3,0,3,3,3,3,3,3,3,3,3,3,2,3,4,2,3,3,3,1,2,0,3,3,2,1,3,4,1,3,1,3,3,3,3,3,3,1,3,0,3,3,3,3,4,1,4,4,2,0,0,3,3,1,0,4,0,3,3,3,0,3,3,2,3,3,3,3,3,1,4,4,2,0,1,1,1,3,2,1,2,4,3,1,3,4,0,0,3,2,0,4,4,2,3,3,0,3,3,3,3,3,2,2,2,3,3,2,3,3,3,1,3,3,1,2,0,0,0,0,3,0,0,1,3,0,3,0,3,0,1,1,0,1,3,2,3,1,3,0,3,1,3,1,0,0,3,3,3,2,2,0,3,1,3,3,3,3,3,2,0,3,0,1,0,0,3,3,2,0,0,3,3,3,3,0,3,1,1,1,2,3,3,3,3,3,0,0,2,3,3,3,3,3,4,4,3,1"
72,1.038788579787193,"0,3,1,1,3,4,3,3,4,1,2,2,2,0,2,4,1,1,0,3,2,3,2,3,3,3,3,0,3,1,1,4,2,0,2,4,4,3,1,1,1,0,1,3,1,4,1,0,2,1,3,3,3,1,3,0,2,1,1,3,3,3,3,1,1,3,3,3,3,0,4,3,3,3,3,1,2,4,4,0,3,0,3,3,3,3,3,3,3,3,3,3,2,3,4,2,3,3,3,1,2,0,3,3,2,1,3,4,1,3,1,3,3,3,3,3,3,1,3,0,3,3,3,3,4,1,4,4,2,0,0,3,3,1,0,4,0,3,3,3,0,3,3,2,3,3,3,3,3,1,4,4,2,0,1,1,1,3,2,1,2,4,3,1,3,4,0,0,3,2,0,4,4,2,3,3,0,3,3,3,3,3,2,2,2,3,3,1,3,3,3,1,3,3,1,2,0,0,0,0,3,0,0,1,3,0,3,0,3,0,1,1,0,1,3,2,3,1,3,0,3,1,3,1,0,0,3,3,3,2,2,0,3,1,3,3,3,3,3,2,0,3,0,1,0,0,3,3,2,0,0,3,3,3,3,0,3,1,1,1,2,3,3,3,3,3,0,0,2,3,3,3,3,3,4,4,3,1"
73,1.0388428168950365,"0,3,1,1,3,4,3,3,4,1,2,2,2,0,2,4,1,1,0,3,2,3,2,3,3,3,3,0,3,1,1,4,2,0,2,4,4,3,1,1,1,3,1,3,1,4,1,0,2,1,3,3,3,1,3,0,2,1,1,3,3,1,3,1,1,3,3,3,3,0,4,3,3,3,3,1,2,4,4,0,3,2,3,3,3,3,3,3,3,3,3,3,2,3,4,2,3,3,3,1,2,0,3,3,2,1,3,4,1,3,1,3,3,3,3,3,3,1,3,0,3,3,3,3,4,1,4,4,2,0,0,3,3,1,0,4,0,3,3,3,0,3,3,2,3,3,3,3,3,1,4,4,2,0,1,1,2,3,2,1,2,4,3,1,3,4,0,0,3,2,0,4,4,2,3,3,0,3,3,3,3,3,2,2,2,3,3,1,3,3,3,0,3,3,1,2,0,0,0,0,3,0,0,1,3,0,3,0,3,0,1,1,0,1,3,2,3,1,3,0,3,1,3,1,0,0,3,3,3,2,2,0,3,1,3,3,3,3,3,2,0,3,0,1,0,0,3,3,2,0,0,3,3,3,3,0,3,1,1,1,2,3,3,3,3,3,0,0,2,3,3,3,3,3,4,4,3,1"
74,1.0402052300157507,"0,3,1,1,3,4,3,3,4,1,2,2,2,0,2,4,1,1,0,3,2,3,2,3,3,3,3,0,3,1,1,4,2,0,2,4,4,3,1,1,1,3,1,3,1,4,1,0,2,1,3,3,3,1,3,0,2,1,1,3,3,1,3,1,1,3,3,3,3,0,4,3,3,3,3,1,2,4,4,0,3,0,3,3,3,3,3,3,3,3,3,3,2,3,4,2,3,3,3,1,2,0,3,3,2,1,3,3,1,3,1,3,3,3,3,3,3,1,3,0,3,3,3,3,4,3,4,4,2,0,0,3,3,1,0,4,0,3,3,3,0,3,3,2,3,3,3,3,3,1,4,4,2,0,1,1,1,3,2,1,2,4,3,1,3,4,0,0,3,2,0,4,4,2,3,3,0,3,3,3,3,3,2,2,2,3,3,2,3,3,3,1,3,3,1,2,0,2,0,0,3,0,0,1,3,0,3,0,3,0,1,1,0,3,3,2,3,1,3,0,3,1,3,1,1,0,3,3,3,2,2,0,3,1,3,3,3,3,3,2,0,3,0,1,0,0,3,3,2,3,0,3,3,3,3,3,3,1,1,1,2,3,3,3,3,3,0,0,2,3,3,3,3,3,4,4,3,1"
75,1.039238340792187,"0,3,1,1,3,4,3,3,4,1,2,2,2,0,2,4,1,1,0,3,2,3,2,3,3,3,3,0,3,1,1,4,2,0,2,4,4,3,1,1,1,3,1,3,1,4,1,0,2,1,3,3,3,1,3,2,2,1,1,3,3,1,3,1,1,3,3,3,3,0,4,3,3,3,3,1,2,4,4,0,3,0,3,3,3,3,3,3,3,3,3,3,2,3,4,2,3,3,3,1,2,0,3,3,2,1,3,3,1,3,1,3,3,3,3,3,3,1,3,0,3,3,3,3,4,3,4,4,2,0,0,3,3,1,0,4,0,3,3,3,0,3,3,2,3,3,3,3,3,1,4,4,2,0,1,1,1,3,2,1,2,4,3,1,3,4,0,0,3,2,0,2,4,2,3,3,0,3,3,3,3,3,2,2,2,3,3,2,3,3,3,1,3,3,1,2,0,2,0,0,3,0,0,1,3,0,3,0,3,0,1,1,0,3,3,2,3,1,3,0,3,1,3,1,1,0,3,3,3,2,2,0,3,1,3,3,3,3,3,2,0,3,0,1,0,0,3,3,2,3,0,3,3,3,3,3,3,1,1,1,2,3,3,3,3,3,0,0,2,3,3,3,3,3,4,1,3,1"
76,1.038279535074881,"0,3,1,1,3,4,3,3,4,1,2,2,2,0,2,4,1,1,0,3,2,3,2,3,3,3,3,0,3,1,1,4,2,0,2,4,4,3,1,1,1,0,1,3,1,4,1,0,2,1,3,3,3,1,3,0,2,1,1,3,3,3,3,1,1,3,3,3,3,0,4,3,3,3,3,1,2,4,4,0,4,0,3,3,3,3,3,3,3,3,3,3,2,3,4,2,3,3,3,1,2,0,3,3,1,1,3,3,1,3,1,3,3,3,3,3,3,1,3,0,3,3,3,3,4,1,4,4,2,0,0,2,3,1,0,4,0,3,3,3,0,3,3,2,3,3,3,3,3,1,4,4,2,0,1,1,1,3,2,1,2,4,3,1,3,4,0,0,3,2,0,4,4,2,3,3,0,3,3,3,3,3,2,2,2,3,3,2,3,3,3,1,3,3,1,2,0,2,3,0,3,0,0,1,3,0,3,0,3,0,1,1,0,0,3,2,3,1,3,0,3,1,3,1,0,0,3,3,3,2,2,0,3,3,3,3,3,3,3,2,0,3,0,1,0,0,3,3,2,3,0,3,3,3,3,3,3,1,1,1,2,3,3,3,3,3,0,0,2,3,3,3,3,3,4,4,3,1"
77,1.0395042611747145,"0,0,1,1,3,4,3,3,4,1,2,2,2,0,2,4,1,1,0,3,2,3,2,3,3,3,3,0,3,1,1,4,2,0,2,4,4,3,1,1,1,0,1,3,1,4,1,0,2,1,3,3,2,1,3,0,2,1,1,3,3,3,3,1,1,3,3,3,3,0,4,3,3,3,3,1,2,4,4,0,4,0,3,3,3,3,3,3,3,3,3,3,2,3,4,2,3,3,3,1,2,0,3,3,1,1,3,3,1,3,1,3,3,3,3,3,3,1,3,0,3,3,3,3,4,3,4,4,4,2,3,3,3,1,0,4,0,3,3,3,0,3,3,2,3,3,3,1,3,1,4,4,2,0,1,1,1,3,2,1,2,4,3,1,3,4,0,0,3,2,0,4,4,2,3,3,0,3,3,3,3,3,2,2,2,3,3,2,3,3,3,1,3,3,1,2,0,0,0,0,3,0,0,1,0,0,3,0,3,0,1,1,0,1,3,2,3,1,3,0,3,1,3,1,0,0,3,3,3,2,2,0,3,1,3,3,3,3,3,2,0,3,0,2,0,0,4,3,2,3,0,3,3,3,3,3,3,1,1,1,2,3,3,3,3,3,1,0,2,3,3,3,3,3,4,4,3,1"
78,1.0416258348777736,"0,0,1,1,3,4,3,3,4,1,2,2,2,0,2,4,1,1,0,3,2,3,2,3,3,3,3,0,3,1,1,4,4,0,2,4,4,3,1,1,1,0,1,3,1,4,1,0,4,1,3,3,3,1,3,0,3,1,1,3,3,3,3,1,1,3,3,3,3,2,4,3,3,3,3,1,2,4,4,0,3,0,3,3,3,3,3,3,3,3,3,3,2,3,4,2,3,3,3,1,2,0,3,3,2,1,3,3,1,3,1,3,3,3,3,3,3,1,3,0,3,3,3,3,4,3,4,4,4,2,3,3,3,1,0,4,0,3,3,3,0,3,3,2,3,3,3,3,3,1,4,4,2,0,1,1,1,3,2,1,2,4,3,1,3,4,0,0,3,2,0,4,4,2,3,3,0,3,3,3,3,3,2,2,2,3,3,2,3,3,3,1,3,3,1,2,0,0,0,0,3,0,0,1,3,0,3,0,3,0,1,1,0,1,3,2,3,1,3,0,3,1,3,1,0,0,3,3,3,2,2,0,3,1,3,3,3,3,3,2,0,3,0,1,0,0,3,3,2,3,0,0,3,3,3,3,3,1,1,1,2,3,3,3,3,3,0,0,2,3,3,3,3,3,4,4,3,1"
79,1.042591789864764,"0,0,1,1,3,4,3,3,4,1,2,2,2,0,2,4,1,1,0,3,2,3,2,3,3,3,3,0,3,1,1,4,4,0,2,4,4,3,1,1,1,0,1,3,1,4,1,0,4,1,3,3,3,1,3,0,3,1,1,3,3,3,3,1,1,3,3,3,3,2,4,3,3,3,3,1,2,4,4,0,3,0,3,3,3,3,3,3,3,3,3,3,2,3,4,2,3,3,3,1,2,0,3,3,2,1,3,3,1,3,1,3,3,3,3,3,3,1,3,0,3,3,3,3,4,3,4,4,4,2,3,3,3,1,0,4,0,3,3,3,0,3,3,2,3,3,3,3,3,1,4,4,2,0,1,1,1,3,2,1,2,4,3,1,3,4,0,0,3,2,0,4,4,2,3,3,0,3,3,3,3,3,2,2,2,3,3,2,3,3,3,1,3,3,1,2,0,0,0,0,3,0,0,1,3,0,3,0,3,0,1,1,0,3,3,2,3,1,3,0,3,1,3,1,1,0,3,3,3,2,2,3,3,1,3,3,3,3,3,2,0,3,0,1,0,3,3,3,2,3,0,3,3,3,3,3,3,1,1,0,2,3,3,3,3,3,0,0,2,3,3,3,3,3,4,4,3,1"
80,1.0432502106741215,"0,0,1,1,3,4,3,3,4,1,2,2,2,0,2,4,1,1,0,3,2,3,2,3,3,3,3,0,3,1,1,4,4,0,2,4,4,3,1,1,1,0,1,3,1,4,1,0,4,1,3,3,3,1,3,0,3,1,1,3,3,3,3,1,1,3,3,3,3,4,4,3,3,3,3,1,2,4,4,0,3,0,3,3,3,3,3,3,3,3,3,3,2,3,4,2,3,3,3,1,2,0,3,3,2,1,3,3,1,3,1,3,3,3,3,3,3,1,3,0,3,3,3,3,4,3,4,4,4,2,3,3,3,1,0,4,0,3,3,3,0,3,3,2,3,3,3,3,3,1,4,4,2,0,1,1,1,3,2,1,2,4,3,1,3,4,0,0,3,4,0,4,4,2,3,3,0,3,3,3,3,3,2,2,2,3,3,2,3,3,3,1,3,3,1,2,0,0,0,0,3,0,0,1,3,0,1,0,3,0,1,1,0,3,3,2,3,1,3,0,3,1,3,1,1,0,3,3,3,2,2,3,3,1,3,3,3,3,3,2,0,3,0,1,0,3,3,3,2,3,0,3,3,3,3,3,3,1,1,0,2,3,3,3,3,3,0,0,2,3,3,3,3,3,4,4,3,1"
81,1.0426787099505694,"0,0,1,1,3,4,3,3,4,1,2,2,2,0,2,4,1,1,0,3,2,3,2,3,3,3,3,0,3,1,1,4,4,0,2,4,4,3,1,1,1,0,1,3,1,4,1,0,4,1,3,3,3,1,3,0,3,1,1,3,3,3,3,1,1,3,3,3,3,4,4,3,3,3,3,1,2,4,4,0,3,0,3,3,3,3,3,3,3,3,3,3,2,3,4,2,3,3,3,1,2,0,3,3,2,1,3,3,1,3,1,3,3,3,3,3,3,1,3,0,3,3,3,3,4,3,4,4,4,2,3,3,3,1,0,4,0,3,3,3,0,3,3,2,3,3,3,3,3,1,4,4,2,0,1,1,1,3,2,1,2,4,3,1,3,4,0,0,3,4,0,4,4,2,3,3,0,3,3,3,3,3,2,2,2,3,3,2,3,3,3,1,3,3,1,2,0,0,0,0,3,0,0,1,3,0,3,0,3,0,1,1,0,3,3,2,3,1,3,0,3,1,3,1,1,0,3,3,3,2,2,3,3,1,3,3,3,3,3,2,0,3,0,1,0,3,3,3,2,3,0,3,3,3,3,3,4,1,1,0,2,3,3,3,3,3,0,0,2,3,3,3,3,3,4,4,3,1"
82,1.0427364510939268,"0,0,1,1,3,4,3,3,4,1,2,2,2,0,2,4,1,1,0,3,2,3,2,3,3,3,3,0,3,1,1,4,4,0,2,4,4,3,1,1,1,0,1,3,1,4,1,0,4,1,3,3,3,1,3,0,3,1,1,3,3,3,3,1,1,3,3,3,3,4,4,3,3,3,3,1,2,4,4,0,3,0,3,3,3,3,3,3,3,3,1,3,2,3,4,2,3,3,3,1,2,0,3,3,2,1,3,3,1,3,1,3,3,3,3,3,3,1,3,0,3,3,3,3,4,3,4,4,4,2,3,3,3,1,0,4,0,3,3,3,0,3,3,2,3,3,3,3,3,1,4,4,2,0,1,1,1,3,2,1,2,4,3,1,3,4,0,0,3,4,0,4,4,2,3,3,0,3,3,3,3,3,2,2,2,3,3,2,3,3,3,1,3,3,1,2,0,0,0,0,3,0,0,1,3,0,3,0,3,0,3,1,0,3,3,2,3,1,3,0,3,1,3,0,1,0,3,3,3,2,2,3,3,3,3,3,3,3,3,2,0,3,0,1,0,3,3,3,2,3,0,3,1,3,3,3,3,1,1,0,2,3,3,3,3,3,0,0,2,3,3,3,3,3,4,4,3,1"
83,1.042602730329375,"0,0,1,1,3,4,3,3,4,1,2,2,2,0,2,4,1,1,0,3,2,3,2,3,3,3,3,0,3,1,1,4,4,0,2,4,4,3,1,1,1,0,1,3,1,4,1,0,4,1,3,3,3,1,3,0,3,1,1,3,3,3,3,1,1,3,3,3,3,4,4,3,3,3,3,1,2,4,4,0,3,0,3,3,3,3,3,3,3,3,1,3,2,3,4,2,3,3,3,1,2,0,3,3,2,1,3,3,1,3,1,3,3,3,3,3,3,1,3,0,3,3,3,3,4,3,4,4,4,2,3,3,3,1,0,4,0,3,3,3,0,3,3,2,3,3,3,3,3,1,4,4,2,0,1,1,1,3,2,1,2,4,3,1,3,4,0,0,3,4,0,4,4,2,3,3,0,3,3,3,3,3,2,2,2,3,3,2,3,3,3,1,3,3,1,2,0,0,0,0,3,0,0,1,3,0,3,0,3,0,3,1,0,3,3,2,3,1,3,4,3,1,3,0,1,0,3,3,3,2,2,3,3,3,3,3,3,3,3,2,0,3,0,1,0,3,3,3,2,3,0,3,1,3,3,3,3,1,1,0,2,3,3,3,3,3,0,0,2,3,3,3,3,3,4,4,3,1"
84,1.0437624049237413,"0,0,1,1,3,4,3,3,4,1,2,2,2,0,3,4,1,1,0,3,2,3,2,3,3,3,3,0,3,1,1,4,4,0,2,4,4,2,1,1,1,1,1,3,1,4,1,0,4,1,3,3,3,1,3,0,3,1,1,3,3,3,3,1,1,3,3,3,3,4,4,3,3,3,3,1,2,4,4,0,3,0,3,3,3,3,3,3,3,3,3,3,2,3,4,2,3,3,3,1,2,0,3,3,1,3,3,3,1,3,1,3,3,3,3,3,3,1,3,0,3,3,3,3,2,3,4,4,4,2,3,3,3,1,0,4,0,3,3,3,0,3,3,2,3,3,3,3,3,1,4,4,2,0,1,1,1,3,2,1,2,4,3,1,3,4,0,0,3,4,0,4,4,2,3,3,0,3,3,3,3,3,2,2,2,3,3,2,3,3,3,1,3,3,1,2,0,0,0,0,3,0,0,1,3,0,1,0,3,0,3,1,0,3,3,2,3,1,3,0,3,0,3,3,2,0,3,3,3,2,2,3,3,3,3,3,3,3,3,2,0,3,0,1,0,3,3,3,2,3,0,3,1,3,3,3,3,1,1,0,2,3,3,3,3,3,0,0,2,3,3,3,3,3,4,4,3,1"
85,1.0448530183013127,"0,0,1,1,3,4,3,3,4,1,2,2,2,0,3,4,1,1,0,3,2,3,2,3,3,3,3,0,3,1,1,4,4,2,2,4,4,2,1,1,1,1,1,3,1,4,4,0,4,1,3,3,3,1,3,0,3,1,1,3,3,3,3,1,1,3,3,3,3,4,4,3,3,3,3,1,2,4,4,0,3,0,3,3,3,3,3,3,3,3,3,3,2,3,4,2,3,3,3,1,2,0,3,3,1,3,3,3,1,3,1,3,3,3,3,3,3,1,3,0,3,3,3,3,2,3,4,4,4,2,3,3,3,1,0,4,0,3,3,3,0,3,3,2,3,3,3,3,3,1,4,4,2,0,1,1,1,3,2,1,2,4,3,1,3,4,0,0,3,4,0,4,4,2,3,3,0,3,3,3,3,3,2,2,2,3,3,2,3,3,3,1,3,3,1,2,0,0,0,0,3,0,0,1,3,0,1,0,3,0,3,1,0,3,3,2,3,1,3,0,3,0,3,3,2,0,3,3,3,2,2,3,3,3,3,3,3,3,3,2,0,3,0,1,0,3,3,3,2,3,0,3,3,3,3,3,3,1,1,0,2,3,3,3,3,3,0,0,2,3,3,3,3,3,4,4,3,1"
86,1.0449513486277104,"0,0,1,1,3,4,3,3,4,1,2,2,2,0,3,4,1,1,1,3,2,3,2,3,3,3,3,0,3,1,1,4,4,2,2,4,4,2,1,1,1,1,1,3,1,4,4,0,4,1,3,3,3,1,3,0,3,1,1,3,3,3,3,1,1,3,3,3,3,4,4,3,3,3,3,1,2,4,4,0,3,0,3,3,3,3,3,3,3,3,3,3,2,3,4,2,3,3,3,1,2,0,3,3,1,3,3,3,1,3,1,3,3,3,3,3,3,1,3,0,3,3,3,3,2,3,4,4,4,2,3,3,3,1,0,4,0,3,3,3,0,3,3,2,3,3,3,3,3,1,4,4,2,0,1,1,1,3,2,1,2,4,3,1,3,4,0,0,3,4,0,4,4,2,3,3,0,3,3,3,3,3,2,2,3,3,3,2,3,3,3,1,3,3,1,2,0,0,0,0,3,0,0,1,3,0,1,0,3,0,1,3,0,3,3,2,3,1,0,0,3,1,3,1,1,0,3,3,3,2,2,3,3,3,3,3,3,3,3,2,0,3,1,1,0,3,3,3,2,3,0,3,3,3,3,3,3,1,1,0,2,3,3,3,3,3,0,0,2,3,3,3,3,3,4,4,3,1"
87,1.0451461108264164,"0,0,1,1,3,4,3,3,4,1,2,2,2,0,3,4,1,1,1,3,2,3,2,3,3,3,3,0,3,1,1,4,4,2,2,4,4,2,1,1,1,1,1,3,1,4,4,0,4,1,3,3,3,1,3,0,3,1,1,3,3,3,3,1,1,3,3,3,3,4,4,3,3,3,3,1,2,4,4,0,3,0,3,3,3,3,3,3,3,3,3,3,2,3,4,2,3,3,3,1,2,0,3,3,1,3,3,3,1,3,1,3,3,3,3,3,3,1,3,0,3,3,3,3,2,3,4,4,4,2,3,3,3,1,0,4,0,3,3,3,0,3,3,2,3,3,3,3,3,1,4,4,2,0,1,1,1,3,2,1,2,4,3,1,3,4,0,0,3,4,0,4,4,2,3,3,0,3,3,3,3,3,2,2,3,3,3,2,3,3,3,1,3,3,1,2,0,0,0,0,3,0,0,1,3,0,1,0,3,0,1,3,0,3,3,2,3,1,0,0,3,1,3,1,1,0,3,3,3,2,2,3,3,1,3,3,3,3,3,2,1,3,0,1,0,3,3,3,2,3,0,3,3,3,3,3,3,1,1,0,2,3,3,3,3,3,0,0,2,3,3,3,3,3,4,4,3,1"
88,1.0456322682012171,"0,0,1,1,3,4,3,3,4,1,2,4,2,0,3,4,1,1,1,3,2,3,2,3,3,3,3,0,3,1,1,4,4,2,2,4,4,2,1,1,1,3,1,3,1,4,4,0,4,1,3,3,3,1,3,0,3,1,1,3,3,3,3,1,1,3,3,3,3,4,4,3,3,3,3,1,2,4,4,0,3,0,3,3,3,3,3,3,3,3,3,3,2,3,4,2,3,3,3,1,2,0,3,3,1,3,3,3,1,3,1,3,3,3,3,3,3,1,3,0,3,3,3,3,2,3,4,4,4,2,3,3,3,1,0,4,0,3,3,3,0,3,3,2,3,3,3,3,3,1,4,4,2,0,1,1,1,3,2,1,2,4,3,1,3,4,0,0,3,4,0,4,4,2,3,3,0,3,3,3,3,3,2,3,3,3,3,2,3,3,3,1,3,3,1,2,0,0,0,0,3,0,0,1,3,0,1,0,3,0,1,3,0,3,3,2,3,1,0,3,3,1,3,1,1,0,3,3,3,2,2,3,3,1,3,3,3,3,3,2,1,3,0,1,0,3,3,3,2,3,0,3,3,3,3,3,3,1,1,0,2,3,3,3,3,3,0,0,2,3,3,3,3,3,4,4,3,1"
89,1.0456322682012171,"0,0,1,1,3,4,3,3,4,1,2,4,2,0,3,4,1,1,1,3,2,3,2,3,3,3,3,0,3,1,1,4,4,2,2,4,4,2,1,1,1,3,1,3,1,4,4,0,4,1,3,3,3,1,3,0,3,1,1,3,3,3,3,1,1,3,3,3,3,4,4,3,3,3,3,1,2,4,4,0,3,0,3,3,3,3,3,3,3,3,3,3,2,3,4,2,3,3,3,1,2,0,3,3,1,3,3,3,1,3,1,3,3,3,3,3,3,1,3,0,3,3,3,3,2,3,4,4,4,2,3,3,3,1,0,4,0,3,3,3,0,3,3,2,3,3,3,3,3,1,4,4,2,0,1,1,1,3,2,1,2,4,3,1,3,4,0,0,3,4,0,4,4,2,3,3,0,3,3,3,3,3,2,3,3,3,3,2,3,3,3,1,3,3,1,2,0,0,0,0,3,0,0,1,3,0,1,0,3,0,1,3,0,3,3,2,3,1,0,3,3,1,3,1,1,0,3,3,3,2,2,3,3,1,3,3,3,3,3,2,1,3,0,1,0,3,3,3,2,3,0,3,3,3,3,3,3,1,1,0,2,3,3,3,3,3,0,0,2,3,3,3,3,3,4,4,3,1"
90,1.0456936248929785,"0,0,1,1,3,4,3,3,4,1,2,4,2,0,3,4,1,1,1,3,2,3,2,3,3,3,3,0,3,1,1,4,4,2,2,4,4,2,1,1,1,3,1,3,1,4,4,0,4,1,3,3,3,1,3,0,3,1,1,3,3,3,3,1,1,3,3,3,3,4,4,3,3,3,3,1,2,4,4,0,3,0,3,3,3,3,3,3,3,3,3,3,2,3,4,2,3,3,3,1,2,0,3,3,1,3,3,3,1,3,1,3,3,3,3,3,3,1,3,0,3,3,3,3,2,3,4,4,4,2,3,3,3,1,0,4,0,3,3,3,0,3,3,2,3,3,3,3,3,1,4,4,2,0,1,1,1,3,2,1,2,4,3,1,3,4,0,0,3,4,0,4,4,2,3,3,0,3,3,3,3,3,2,2,3,3,3,2,3,3,3,1,3,3,1,2,0,0,0,0,3,0,0,1,3,0,1,0,3,0,1,3,0,3,3,2,3,1,0,3,3,1,3,1,1,0,3,3,1,2,2,3,3,1,3,3,3,3,3,2,1,3,0,1,0,3,3,3,2,3,0,3,3,3,3,3,3,1,1,0,2,3,3,3,3,3,0,0,2,3,3,3,3,3,4,4,3,1"
91,1.046376133160562,"0,0,1,1,3,4,3,3,4,1,2,4,2,0,3,4,1,1,1,3,2,3,2,3,3,3,3,0,3,1,1,4,4,2,2,4,4,2,1,1,1,3,1,3,1,4,4,0,4,1,3,3,3,1,3,0,3,1,1,3,3,3,3,1,1,3,3,3,3,4,4,3,3,3,3,1,2,4,4,0,3,0,3,3,3,3,3,3,3,3,3,3,2,3,4,2,3,3,3,1,3,0,3,3,1,3,3,3,1,3,1,3,3,3,3,3,3,1,3,0,3,3,3,3,2,3,4,4,4,2,3,3,3,1,0,4,0,3,3,3,0,3,3,2,3,3,3,3,3,1,4,4,2,0,1,1,1,3,2,1,2,4,3,1,3,4,0,0,3,4,0,4,4,2,3,3,0,3,3,3,3,3,2,2,3,3,3,2,3,3,3,1,3,3,1,2,0,0,0,0,3,0,0,1,3,0,1,0,3,0,1,3,0,3,3,2,3,1,0,0,3,1,3,1,1,0,3,3,3,2,2,3,3,1,3,3,3,3,3,2,1,3,0,1,0,3,3,3,2,3,0,3,3,3,3,3,3,1,1,0,2,3,3,3,3,3,0,0,2,3,3,3,3,3,4,4,3,1"
92,1.0458100076911765,"0,0,1,1,3,4,3,3,4,1,2,4,2,0,3,4,1,1,1,3,2,3,2,3,3,3,3,0,3,1,1,4,4,2,2,4,4,2,1,1,1,3,1,3,1,4,4,0,0,1,3,3,3,1,3,0,3,1,1,3,3,3,3,1,1,3,3,3,3,4,4,3,3,3,3,1,2,4,4,0,3,0,3,3,3,3,3,3,3,3,3,3,2,3,4,2,3,3,3,1,2,0,3,3,1,3,3,3,1,3,1,3,3,3,3,3,3,1,3,0,3,3,3,3,2,3,4,4,4,2,3,3,3,1,0,4,0,3,3,3,0,3,3,2,3,3,3,3,3,1,4,4,2,0,1,1,1,3,2,1,2,4,3,1,3,4,0,0,3,4,0,4,4,2,3,3,0,3,3,3,3,3,2,2,3,3,3,2,3,3,3,1,3,4,1,2,0,0,0,0,3,0,0,1,3,0,1,0,3,0,1,3,0,3,3,2,3,1,0,3,3,1,3,1,1,0,3,3,3,2,2,3,3,1,3,3,3,3,3,2,1,3,0,1,0,3,3,3,2,3,0,3,3,3,3,3,3,1,1,0,2,3,3,3,3,3,0,0,2,3,3,3,3,3,4,4,3,1"
93,1.0461966400953182,"0,0,1,1,3,4,3,3,4,1,2,4,2,0,3,4,1,1,1,3,2,3,2,3,3,3,3,0,3,1,1,4,4,2,2,4,4,2,1,1,1,3,1,3,1,4,4,0,0,1,3,3,3,1,3,0,3,1,1,3,3,3,3,1,1,3,3,3,3,4,4,3,3,3,3,1,2,4,4,0,3,0,3,3,3,3,3,3,3,3,3,3,2,3,4,2,3,3,3,1,2,0,3,3,1,3,3,3,1,3,1,3,3,3,3,3,3,1,3,0,3,3,3,3,2,3,4,4,4,2,3,3,3,1,0,4,0,3,3,3,0,3,3,2,3,3,3,3,3,1,4,4,2,0,1,1,1,3,2,1,2,4,3,1,3,4,0,0,3,4,0,4,4,2,3,3,0,3,3,3,3,3,2,2,3,3,3,2,3,3,3,1,3,4,1,2,0,0,0,0,3,0,0,1,3,0,1,0,3,0,1,3,0,3,3,2,3,1,0,3,3,1,3,1,1,0,3,3,3,2,2,3,3,1,3,3,3,3,3,2,1,3,0,1,0,3,3,3,2,3,0,3,3,3,3,3,3,1,1,0,2,3,3,3,3,3,3,0,2,3,3,3,3,3,4,4,3,1"
94,1.0459814366597748,"0,0,1,1,3,4,3,3,4,1,4,4,2,0,3,4,1,1,1,3,2,3,2,3,3,3,3,0,3,1,1,4,4,2,2,4,4,2,1,1,1,3,1,3,1,4,4,0,0,1,3,3,3,1,3,0,3,1,1,3,3,3,3,1,1,3,3,3,3,4,4,3,3,3,3,1,2,4,4,0,3,0,3,3,3,3,3,3,3,3,3,3,2,3,4,2,3,3,3,1,2,0,3,3,1,3,3,3,1,3,1,3,3,3,3,3,3,1,3,0,3,3,3,3,2,3,4,4,4,2,3,3,3,1,0,4,0,3,3,3,0,3,3,2,3,3,3,3,3,1,4,4,2,0,1,1,1,3,2,1,2,4,3,1,3,4,0,0,3,4,0,4,4,2,3,3,0,3,3,3,3,3,2,2,3,3,3,2,3,3,3,1,3,4,1,2,0,0,0,0,3,0,0,1,3,0,1,0,3,0,1,3,0,3,3,2,3,1,0,3,3,1,3,1,1,0,3,3,3,2,2,3,3,1,3,3,3,3,3,2,1,3,0,1,0,3,3,3,2,3,0,3,3,3,3,3,3,1,1,0,2,3,3,3,3,3,0,0,2,3,3,3,3,3,4,4,3,1"
95,1.0456329320845899,"0,0,1,1,3,4,3,3,4,1,4,4,2,0,3,4,1,1,1,3,2,3,2,3,3,3,3,0,3,1,1,4,4,2,2,4,4,2,1,1,1,3,1,3,1,4,4,0,0,1,3,3,3,1,3,0,3,1,1,3,3,3,3,1,1,3,3,3,3,4,4,3,3,3,3,1,2,4,4,0,3,0,3,3,3,3,3,3,3,3,3,3,2,3,4,2,3,3,3,1,2,0,3,3,1,3,3,3,1,3,1,3,3,3,3,3,3,1,3,0,4,3,3,3,2,3,4,4,4,2,3,3,3,1,0,4,0,3,3,3,0,3,3,2,3,3,3,3,3,3,4,4,2,0,1,1,1,3,4,1,2,4,3,1,3,4,0,0,3,4,0,4,4,2,3,3,0,3,3,3,3,3,2,3,3,3,3,2,3,3,3,1,3,3,1,2,0,0,0,0,3,0,0,1,3,0,1,0,0,0,1,3,0,3,3,2,3,1,0,3,3,1,3,1,1,0,3,3,3,2,2,3,3,1,3,3,3,3,3,2,1,3,0,1,0,3,3,3,2,3,0,3,3,3,3,3,3,1,1,0,2,3,3,3,3,3,0,0,2,3,3,3,3,3,4,4,3,1"
96,1.0476658863613113,"0,0,1,1,3,4,3,3,4,1,4,4,2,0,3,4,1,1,1,3,2,3,2,3,3,3,3,0,3,1,1,4,4,2,2,4,4,2,1,1,1,3,1,3,1,4,4,0,0,1,3,3,3,1,3,0,3,1,1,3,3,3,3,1,1,3,3,3,3,4,4,3,3,3,3,1,2,4,4,0,3,0,3,3,3,3,3,3,3,3,3,3,2,3,4,2,3,3,3,1,3,0,3,3,1,3,3,3,1,3,1,3,3,3,3,3,3,1,3,0,3,3,3,3,2,3,4,4,4,2,3,3,3,1,0,4,0,3,3,3,0,3,3,2,3,3,3,3,3,1,4,4,2,0,1,1,1,3,2,1,2,4,3,1,3,4,0,0,3,4,0,4,4,2,3,3,0,3,3,3,3,3,2,2,3,3,3,2,3,3,3,1,3,3,1,2,0,0,0,0,3,0,0,1,3,0,1,0,0,0,1,3,0,3,3,2,3,1,0,3,3,1,3,1,1,0,3,3,3,2,2,3,3,1,3,3,3,3,3,2,1,3,0,1,0,3,3,3,2,3,0,3,3,3,3,3,3,1,1,0,2,3,3,3,3,3,0,0,2,3,3,3,3,3,4,4,3,1"
97,1.0478288626540795,"0,0,1,1,3,4,3,3,4,1,4,4,2,0,3,4,1,1,1,3,2,3,2,3,3,3,3,0,3,1,1,4,4,2,2,4,4,2,1,1,1,3,1,3,1,4,4,0,0,1,3,3,3,1,3,0,3,1,1,3,3,3,3,1,1,3,3,3,3,4,4,3,3,3,3,1,2,4,4,0,3,0,3,3,3,3,3,3,3,3,3,3,2,3,4,2,3,3,3,1,3,0,3,3,1,3,3,3,1,3,1,3,3,3,3,3,3,1,3,0,3,3,3,3,2,3,4,4,4,2,3,3,3,1,0,4,0,3,3,3,0,3,3,2,3,3,3,3,3,1,4,4,2,0,1,1,1,3,2,1,2,4,3,1,3,4,0,0,3,4,0,4,4,2,3,3,0,3,3,3,3,3,2,2,3,3,3,2,3,3,3,1,3,3,1,2,0,0,0,0,3,0,0,1,3,0,1,0,0,0,1,3,0,3,3,2,3,1,0,3,3,1,3,1,1,0,3,3,3,2,2,3,3,1,3,3,3,3,3,2,1,3,2,1,0,3,3,3,2,3,0,3,3,3,3,3,3,1,1,0,2,3,3,3,3,3,0,1,2,3,3,3,3,3,4,4,3,1"
98,1.0479856663893923,"0,0,1,1,3,4,3,3,4,1,4,4,2,0,3,4,1,1,1,3,2,3,2,3,3,3,3,0,3,1,1,4,4,2,2,4,4,2,1,1,1,3,1,3,1,4,4,0,0,1,3,3,3,1,3,0,3,1,1,3,3,3,3,1,1,3,3,3,3,4,4,3,3,3,3,1,2,4,4,0,3,0,3,3,3,3,3,3,3,3,3,3,2,3,4,2,2,3,3,1,3,0,3,3,1,3,3,3,1,3,1,3,3,3,3,3,3,1,3,0,3,3,3,3,2,3,4,4,4,2,3,3,3,1,0,4,0,3,3,3,1,3,3,2,3,3,3,3,3,1,4,4,2,0,1,1,1,3,2,1,2,4,3,1,3,4,0,0,3,4,0,4,4,2,3,3,0,3,3,3,3,3,2,2,3,3,3,2,3,3,3,1,3,3,1,2,0,0,0,0,3,0,0,1,3,0,1,0,0,0,1,3,0,3,3,2,3,1,1,3,3,3,3,1,1,0,3,3,3,2,2,1,3,2,3,3,3,3,3,2,1,3,0,1,0,3,3,3,2,3,0,3,3,3,3,3,1,1,1,0,2,3,3,3,3,3,0,0,3,3,3,3,3,3,4,4,3,1"
99,1.048355281803436,"0,0,1,1,3,4,3,3,4,1,4,4,2,0,3,4,1,1,1,3,2,3,2,3,3,3,3,0,3,1,1,4,4,2,2,4,4,2,1,1,1,3,1,3,1,4,4,0,0,1,3,3,3,1,3,0,3,1,1,3,3,3,3,1,1,3,3,3,3,4,4,3,3,3,3,1,2,4,4,0,3,0,3,3,3,3,3,3,3,3,3,3,2,3,4,2,3,3,3,1,3,0,3,3,1,3,3,3,1,3,1,3,3,3,3,3,3,1,3,0,3,3,3,3,2,3,4,4,4,2,3,3,3,1,0,4,0,3,3,3,0,3,3,2,3,3,3,3,3,1,4,4,2,0,1,1,1,3,2,1,2,4,3,1,3,4,0,0,3,4,0,4,4,2,3,3,0,3,3,3,3,3,1,2,3,3,3,2,3,3,3,1,3,3,1,2,0,0,0,0,0,0,0,1,3,0,1,0,0,0,1,3,0,3,3,2,3,1,0,3,3,1,3,1,1,0,3,3,3,2,2,3,3,1,3,3,3,3,3,2,1,3,2,1,0,3,3,3,2,3,0,3,3,3,3,3,3,1,1,0,2,3,3,3,3,3,0,1,2,3,3,3,3,3,4,4,3,1"
100,1.0482637061665443,"0,0,1,1,3,4,3,3,4,1,4,4,2,0,3,4,1,1,1,3,2,3,2,3,3,3,3,0,3,1,1,4,4,2,2,4,4,2,1,1,1,3,1,3,1,4,4,0,0,1,3,3,3,1,3,3,3,3,1,3,3,3,3,1,1,3,3,3,3,4,4,3,3,3,3,1,2,4,4,0,3,0,3,3,3,3,3,3,3,3,3,3,2,3,4,2,3,3,3,1,3,0,3,3,1,3,3,3,1,3,1,3,3,3,3,3,3,1,3,0,3,3,3,3,2,3,4,4,4,2,3,3,3,1,0,4,0,3,3,3,0,3,3,2,3,3,3,3,3,1,4,4,2,0,1,1,1,3,2,1,2,4,3,1,3,4,0,0,3,4,0,4,4,2,3,3,0,3,3,3,3,3,2,2,3,3,3,2,3,3,3,1,3,3,1,2,0,0,0,0,3,0,0,1,4,0,3,0,0,0,1,3,0,3,3,2,3,1,0,3,3,1,3,1,1,0,3,3,3,2,2,3,3,1,3,3,3,3,3,2,1,3,0,1,0,3,3,3,2,3,0,3,3,3,3,3,3,1,1,0,2,3,3,3,3,3,0,0,3,3,4,3,3,3,4,4,3,1"
101,1.048309119003592,"0,0,1,1,3,4,3,3,4,1,4,4,2,0,3,4,1,1,1,3,2,3,2,3,3,3,3,0,3,1,1,4,4,2,2,4,4,2,1,1,1,3,1,3,1,4,4,0,0,1,3,3,3,1,3,3,3,3,1,3,3,3,3,1,1,3,3,3,3,4,4,3,3,3,3,1,2,4,4,0,3,0,3,3,3,3,3,3,3,3,3,3,2,3,4,2,3,3,3,1,3,0,3,3,1,3,3,3,1,1,1,3,3,3,3,3,3,1,3,0,3,3,3,3,2,3,4,4,4,2,3,3,3,1,0,4,0,3,3,3,1,3,3,2,3,3,3,3,3,1,4,0,2,0,1,1,1,3,2,1,2,4,3,1,3,4,0,0,3,4,0,4,4,2,3,3,0,3,3,3,3,3,2,2,3,3,3,2,3,3,3,1,3,3,1,2,0,0,0,0,0,0,0,1,3,0,1,0,0,0,1,3,0,3,3,2,3,1,0,3,3,1,3,1,1,0,3,3,3,2,2,3,3,2,3,3,3,3,3,2,1,3,0,1,2,3,3,3,2,3,0,1,3,3,3,3,3,1,1,2,2,3,3,3,3,3,0,0,3,3,3,3,3,3,4,4,3,1"
102,1.048052824737993,"0,0,1,1,3,4,3,3,4,1,4,4,2,0,3,4,1,1,1,3,2,3,2,3,3,3,3,0,3,1,1,4,4,2,2,4,4,2,1,1,1,3,1,3,1,4,4,0,0,1,3,3,3,1,3,3,3,3,2,3,3,3,3,1,1,3,3,3,3,4,4,3,3,3,3,1,2,4,4,0,3,0,3,3,3,3,3,3,3,3,3,3,2,3,4,2,3,3,3,1,3,0,3,3,1,3,3,3,1,1,1,3,3,3,3,3,3,1,3,0,3,3,3,3,2,3,4,4,4,2,3,3,3,1,0,4,0,3,3,3,1,3,3,2,3,3,3,3,3,1,4,0,2,0,1,1,1,3,2,1,2,4,3,1,3,4,0,0,3,4,0,4,4,2,3,3,0,3,3,3,3,3,2,2,3,3,3,2,3,3,3,1,3,3,1,2,0,0,0,0,0,0,0,1,3,0,1,0,0,0,2,3,0,3,3,2,3,1,0,3,3,1,3,1,1,0,3,3,3,2,2,3,3,1,3,3,3,3,3,2,1,3,0,1,0,3,3,3,2,3,0,3,3,3,3,3,3,1,1,0,2,3,3,3,3,3,0,0,3,3,4,3,3,3,4,4,3,1"
103,1.0484096242169634,"0,0,1,1,3,4,3,3,4,1,4,4,2,0,3,4,1,1,1,3,2,3,2,3,3,3,3,0,3,1,1,4,4,2,2,4,4,2,1,1,1,3,1,3,1,4,4,0,0,1,3,3,3,1,3,3,3,3,2,3,3,3,3,1,1,3,3,3,3,4,4,3,3,3,3,1,2,4,4,0,3,0,3,3,3,3,3,3,3,3,3,3,2,3,4,2,3,3,3,1,3,0,3,3,1,3,3,3,1,1,1,3,3,3,3,3,3,1,3,0,3,3,3,3,2,3,4,4,4,2,3,3,3,1,0,4,0,3,3,3,1,3,3,2,3,3,3,3,3,1,4,0,2,0,1,1,1,3,2,1,2,4,3,1,3,4,0,0,3,4,0,4,4,2,3,3,0,3,3,3,3,3,2,2,3,3,3,2,3,3,3,1,3,3,1,2,0,0,0,0,0,0,0,1,3,0,1,0,0,0,2,3,0,3,3,2,3,1,0,3,3,1,3,1,1,0,3,3,3,2,2,3,3,1,3,3,3,3,3,2,1,3,0,1,0,3,3,3,2,3,0,3,3,3,3,3,3,1,1,0,2,3,3,3,3,3,0,0,3,3,1,3,3,3,4,4,3,1"
104,1.0497584623781229,"0,0,1,1,3,4,3,3,4,1,4,4,2,0,3,4,1,1,1,3,2,3,2,3,3,3,3,0,3,1,1,4,4,2,2,4,4,2,1,1,1,3,1,3,1,4,4,0,0,1,3,3,3,1,3,3,3,3,3,3,3,3,3,1,1,3,3,3,3,4,4,3,3,3,3,1,2,4,4,0,3,0,3,3,3,3,3,3,3,3,3,3,3,3,4,2,3,3,3,1,3,0,3,3,1,3,3,3,1,1,1,3,3,3,3,3,3,1,3,0,3,3,3,3,2,3,4,4,4,2,3,3,3,1,0,4,0,3,3,3,1,3,3,2,3,3,3,3,3,1,4,4,2,0,1,1,1,3,2,1,2,4,3,1,3,4,0,0,3,4,0,4,4,2,3,3,0,3,3,3,3,3,2,2,3,3,3,2,3,3,3,3,3,3,1,2,0,0,0,0,0,0,0,1,3,0,1,0,0,0,1,3,0,3,3,2,3,1,0,3,3,1,3,1,1,0,3,3,3,2,2,3,2,1,3,3,3,3,3,2,1,3,0,1,0,3,3,3,2,3,0,3,3,3,3,3,3,1,1,0,2,3,3,3,3,3,0,0,3,3,3,3,3,3,4,4,3,1"
105,1.0500281713353008,"0,0,1,1,3,4,3,3,4,1,4,4,2,0,3,4,1,1,1,3,2,3,2,3,3,3,3,0,3,1,1,4,4,2,2,4,4,2,1,1,1,3,1,3,1,4,4,0,0,1,3,3,3,1,3,3,3,3,3,3,3,3,3,1,1,3,3,3,3,4,4,3,3,3,3,1,2,4,4,0,3,3,3,3,3,3,3,3,3,3,3,3,3,3,4,2,3,3,3,1,3,0,3,3,1,3,3,3,1,1,1,3,3,3,3,3,3,1,3,0,3,3,3,3,2,3,4,4,4,2,3,3,3,1,0,4,0,3,3,3,1,3,3,2,3,3,3,3,3,1,4,4,2,0,1,1,1,3,2,1,2,4,3,1,3,4,0,0,3,4,0,4,4,2,3,3,0,3,3,3,3,3,2,2,3,3,3,2,3,3,3,3,3,3,1,2,0,0,0,0,0,0,0,1,3,0,1,0,0,0,1,3,0,3,3,2,3,1,0,3,3,1,3,1,1,0,3,3,3,2,2,3,2,1,3,3,3,3,3,2,1,3,0,1,0,3,3,3,2,3,0,3,3,3,3,3,3,1,1,0,2,3,3,3,3,3,0,0,3,3,3,3,3,3,4,4,3,1"
106,1.049095463654577,"0,0,1,1,3,4,3,3,4,1,4,4,2,0,3,4,1,1,1,3,2,3,2,3,3,3,3,0,3,1,1,4,4,2,2,4,4,2,1,1,1,3,1,3,1,4,4,0,0,1,3,3,3,1,3,3,3,3,3,3,3,3,3,1,1,3,3,3,3,4,4,3,3,3,3,1,2,4,4,0,3,3,3,3,3,3,3,3,3,3,3,3,3,3,4,2,3,3,3,1,3,0,3,3,1,3,3,3,1,1,1,3,3,3,3,3,3,1,3,0,3,3,3,3,2,3,4,4,4,2,3,3,3,1,0,4,0,3,3,3,1,3,3,2,3,3,3,3,3,1,4,4,2,0,1,1,1,3,2,1,2,4,3,1,3,4,0,0,3,4,0,4,4,2,3,3,0,3,3,3,3,3,2,2,0,3,3,2,3,3,3,3,3,3,1,2,0,0,0,0,0,0,0,1,3,0,1,0,0,0,1,3,0,3,3,2,3,1,0,3,3,1,3,1,1,0,3,3,3,2,2,3,2,1,3,3,3,3,3,2,1,3,0,1,0,3,3,3,2,3,0,3,3,3,3,3,3,1,1,0,2,3,3,3,3,3,0,0,3,3,3,3,1,3,4,4,3,1"
107,1.0512038593951867,"0,0,1,1,3,4,3,3,4,1,4,4,2,0,3,4,1,1,1,3,2,3,2,3,3,3,3,0,3,1,1,4,4,2,2,4,4,2,1,1,1,3,1,3,1,4,4,0,0,1,3,3,3,1,3,3,3,3,3,3,3,3,3,1,1,3,3,3,3,4,4,3,3,3,3,1,2,4,4,0,3,3,3,3,3,3,3,3,3,3,3,3,3,3,4,2,3,3,3,1,3,0,3,3,1,3,3,3,1,1,1,3,3,3,3,3,3,1,3,0,3,3,3,3,2,3,4,4,4,2,3,3,3,1,0,4,0,3,3,3,1,3,3,2,3,3,3,3,3,1,4,4,2,2,1,1,1,3,2,1,2,4,3,1,3,4,0,0,3,4,2,4,4,2,3,3,0,3,3,3,3,3,2,2,3,3,3,2,3,3,3,3,3,3,1,2,0,0,0,0,0,0,0,1,0,0,1,0,0,0,1,3,0,3,3,2,3,1,0,1,3,1,3,0,1,0,3,3,3,2,2,3,2,1,3,3,3,3,3,2,1,3,0,1,0,3,3,3,2,3,0,3,3,3,3,3,3,1,1,0,2,3,3,3,3,3,0,0,3,3,3,3,3,3,4,4,3,1"
108,1.0498902997928075,"0,0,1,1,3,4,3,3,4,1,4,4,2,0,3,4,1,1,1,3,2,3,2,3,3,3,3,0,3,1,1,4,4,2,2,4,4,2,1,1,1,3,1,3,1,4,4,0,0,1,3,3,3,1,3,3,3,3,3,3,3,3,3,1,1,3,3,3,3,4,4,3,3,3,3,1,2,4,4,0,3,3,3,3,3,3,3,3,3,3,3,3,3,3,4,2,3,3,3,1,3,0,3,3,1,3,3,3,1,1,1,3,3,3,3,3,3,1,3,0,3,3,3,3,2,3,4,4,4,2,3,3,3,1,0,4,0,3,3,3,1,3,3,2,3,3,3,3,3,1,4,4,2,2,1,1,1,3,2,1,2,0,3,1,3,4,0,0,3,4,2,4,4,2,3,3,0,3,3,3,3,3,2,2,3,3,3,2,3,3,3,3,3,3,1,2,0,0,0,0,0,0,0,1,0,0,1,0,0,0,1,3,0,3,3,2,3,1,1,1,3,1,3,0,1,0,3,3,3,2,2,3,2,1,3,4,3,3,0,2,1,3,0,1,0,3,3,3,2,3,0,3,3,3,3,3,3,1,1,0,2,3,3,3,3,3,0,0,3,3,3,3,3,3,4,4,3,1"
109,1.0511911472594178,"0,0,1,1,3,4,3,3,4,1,4,4,2,0,3,4,1,1,1,3,2,3,2,3,3,3,3,0,3,1,1,4,4,2,2,4,4,2,1,1,1,3,1,3,1,4,4,0,0,1,3,3,3,1,3,3,3,3,3,3,3,3,3,1,1,3,3,3,3,4,4,3,3,3,3,1,2,4,4,0,3,3,3,3,3,3,3,3,3,3,3,3,3,3,4,2,3,3,0,1,3,0,3,3,1,3,3,3,1,1,1,3,3,3,3,3,3,1,3,0,3,3,3,3,2,3,4,4,4,2,3,3,3,1,0,4,0,3,3,3,3,3,3,2,3,3,3,3,3,1,4,4,2,0,1,1,1,3,2,1,2,4,3,3,3,4,0,0,3,4,2,4,4,2,3,3,0,3,3,3,3,3,2,2,3,3,3,2,3,3,3,3,3,3,1,2,0,0,0,0,0,0,0,1,0,0,1,0,0,0,1,3,0,3,3,2,3,1,0,1,3,1,3,0,1,0,3,3,3,2,2,3,2,1,3,3,3,3,3,2,1,3,0,1,0,3,3,3,2,3,0,3,3,3,3,3,3,4,1,0,2,3,3,3,3,3,0,0,3,3,3,3,3,3,4,4,3,1"
110,1.0514477760778838,"0,0,1,1,3,4,3,3,4,1,4,4,2,0,3,4,1,1,1,3,2,3,2,3,3,3,3,0,3,1,1,4,4,2,2,4,4,2,1,1,1,3,1,3,1,4,4,0,0,1,3,3,3,1,3,3,3,3,3,3,3,3,3,1,1,3,3,3,3,4,4,3,3,3,3,1,2,4,4,0,3,3,3,3,3,3,3,3,3,3,3,3,3,3,4,2,3,3,0,1,3,0,3,3,1,3,3,3,1,1,1,3,3,3,3,3,3,1,3,0,3,3,3,3,2,3,4,4,4,2,3,3,3,1,0,4,0,3,3,3,3,3,3,2,3,3,3,3,3,1,4,4,2,0,2,1,1,3,2,1,2,4,3,3,3,4,0,0,3,4,2,4,4,2,3,3,0,3,3,3,3,3,2,2,3,3,3,2,3,3,3,3,3,3,1,2,0,0,0,0,0,0,0,1,0,0,1,0,0,0,1,3,0,3,3,2,3,1,0,1,3,1,3,0,1,0,3,3,3,2,2,3,2,1,3,3,3,3,3,2,1,3,0,1,0,3,3,3,2,3,0,3,3,3,3,3,3,1,1,0,2,3,3,3,3,3,0,0,3,3,3,3,3,3,4,4,3,1"
111,1.0507180952043647,"0,0,1,1,3,4,3,3,4,1,4,4,2,0,3,4,1,1,1,3,2,3,2,3,3,3,3,0,3,1,1,4,4,2,2,4,4,2,1,1,1,3,1,3,1,4,4,0,0,1,3,3,3,1,3,3,3,3,3,3,3,3,3,1,1,3,3,3,3,4,4,3,3,3,3,1,2,4,4,0,3,3,3,3,3,3,3,3,3,3,3,3,3,3,4,2,3,3,0,1,3,0,3,3,1,3,3,3,1,1,1,3,3,3,3,3,3,1,3,0,3,3,3,3,2,3,4,4,4,2,3,3,3,1,0,4,0,3,3,3,3,3,3,2,3,3,3,3,3,1,4,4,2,0,1,1,1,3,2,1,2,4,3,3,3,4,0,0,3,4,2,4,4,2,3,3,0,3,3,3,3,3,2,2,3,3,3,2,3,3,3,3,3,3,1,2,0,0,0,0,0,0,0,1,0,0,1,0,0,0,1,3,0,3,3,2,3,1,0,1,3,1,3,0,1,0,3,3,3,2,2,3,2,4,3,3,3,3,3,2,1,3,0,1,0,3,3,3,2,3,0,3,3,3,3,3,3,4,1,0,2,3,3,3,3,3,0,3,3,3,3,3,0,3,4,4,3,1"
112,1.0504197034591973,"0,0,1,1,3,4,3,3,4,1,4,4,2,0,3,4,1,1,1,3,2,3,2,3,3,3,3,0,3,1,1,4,4,2,2,4,4,2,1,1,1,3,1,3,1,4,4,0,0,1,3,3,3,1,3,3,3,3,3,3,3,3,3,1,1,3,3,3,3,4,4,3,3,3,3,1,2,4,4,0,3,3,3,3,3,3,3,3,3,3,3,3,3,3,4,2,3,3,0,1,3,0,3,3,1,3,3,3,1,1,1,3,3,3,3,3,3,1,3,0,3,3,3,3,2,3,4,4,4,2,3,3,3,1,0,4,0,3,3,3,3,3,3,2,3,3,3,3,3,1,4,4,2,0,1,1,1,3,2,1,2,4,3,3,3,4,0,0,3,4,2,4,4,2,3,0,0,3,3,3,3,3,2,2,3,3,3,2,3,3,3,3,3,3,1,2,0,0,0,0,0,0,0,1,0,0,1,0,0,0,1,3,0,3,3,2,3,1,0,1,3,1,3,0,1,0,3,3,3,2,2,3,2,1,3,3,3,3,3,2,1,3,0,1,0,3,3,3,2,3,0,2,3,3,3,3,3,1,1,0,2,3,3,3,3,3,0,0,3,3,3,3,3,3,4,4,3,1"
113,1.052117899101133,"0,0,1,1,3,4,3,3,4,1,4,4,2,0,3,4,1,1,1,3,2,3,2,3,3,3,3,0,3,1,1,4,4,2,2,4,4,2,1,1,1,3,1,3,1,4,4,0,0,1,3,3,3,1,3,3,3,3,3,3,3,3,3,1,1,3,3,3,3,4,4,3,3,3,3,1,2,4,4,0,3,3,3,3,3,3,3,3,3,3,3,3,3,3,4,2,3,3,3,1,3,0,3,3,1,3,3,3,1,1,1,3,3,3,3,3,3,1,3,0,3,3,3,3,2,3,4,4,4,2,3,3,3,1,0,4,0,3,3,3,3,3,3,2,3,3,3,3,3,1,4,4,2,0,1,1,1,3,2,1,2,4,3,3,3,4,0,0,3,4,2,4,4,2,3,3,0,3,3,3,3,3,2,2,3,3,3,2,3,3,3,3,3,3,1,2,0,0,0,0,0,0,0,1,0,0,1,0,0,0,1,3,0,3,3,2,3,1,1,1,3,1,3,0,1,0,3,3,3,2,2,3,2,1,3,3,3,3,3,2,1,3,0,1,0,3,3,3,2,3,0,3,3,3,3,3,3,1,1,0,2,3,3,3,3,3,0,0,3,3,3,3,3,3,4,4,3,1"
114,1.0525228662370354,"0,0,1,1,3,4,3,3,4,1,4,4,2,0,3,4,1,1,1,3,2,3,2,3,3,3,3,0,3,1,1,4,4,2,2,4,4,2,1,1,1,3,1,3,1,4,4,0,0,1,3,3,3,1,3,3,3,3,3,3,3,3,3,1,1,3,3,3,3,4,4,3,3,3,3,1,2,4,4,0,3,3,3,3,3,3,3,3,3,3,3,3,3,3,4,2,3,3,3,1,3,0,3,3,1,3,3,3,1,1,1,3,3,3,3,3,3,1,3,0,3,3,3,3,2,3,4,4,4,2,3,3,3,1,0,4,0,3,3,3,3,3,3,2,3,3,3,3,3,1,4,4,2,0,1,1,1,3,2,1,2,4,3,1,3,4,0,0,3,4,2,4,4,2,3,3,0,3,3,3,3,3,2,2,3,3,3,2,3,3,3,3,3,3,1,2,0,0,0,0,0,0,0,1,0,0,1,0,0,0,1,3,0,3,3,2,3,1,1,1,3,1,3,0,1,0,3,3,3,2,2,3,2,1,3,3,3,3,3,2,1,3,0,1,0,3,3,3,2,3,0,3,3,3,3,3,3,1,1,3,2,3,3,3,3,3,0,3,3,3,3,3,3,3,4,4,3,1"
115,1.0516225806812949,"0,0,1,1,3,4,3,3,4,1,4,4,2,0,3,4,1,1,1,3,2,3,2,3,3,3,3,0,3,1,1,4,4,2,2,4,4,2,1,1,1,3,2,3,1,4,4,0,0,1,3,3,3,1,3,3,3,3,3,3,3,3,3,1,1,3,3,3,3,4,4,3,3,3,3,1,2,4,4,0,3,2,3,3,3,3,3,3,3,3,3,3,3,3,4,2,3,3,3,1,3,0,3,3,1,3,3,3,1,1,1,3,3,3,1,3,3,1,3,0,3,3,3,3,2,3,4,4,4,2,3,3,3,1,0,4,0,3,3,3,3,3,3,2,3,3,3,3,3,1,4,4,2,0,1,1,1,3,2,1,2,4,3,3,3,4,0,0,3,4,2,4,4,2,3,3,0,3,3,3,3,3,2,2,3,3,3,2,3,3,3,3,3,3,1,2,0,0,0,0,0,0,0,1,0,0,1,0,0,0,1,3,0,3,3,2,3,1,1,1,3,1,3,0,1,0,3,3,3,2,2,3,2,1,3,3,3,3,3,2,1,3,0,1,0,3,3,3,2,3,0,3,3,3,3,3,3,1,1,0,2,3,3,3,3,3,0,0,3,3,3,1,3,3,4,4,3,1"
116,1.052164065781766,"0,0,1,1,3,4,3,3,4,1,4,4,2,0,3,4,1,1,1,3,2,3,2,3,3,3,3,1,3,1,1,4,4,2,2,4,4,2,1,1,1,3,2,3,1,4,4,0,0,1,3,3,3,1,3,3,3,3,3,3,3,3,3,1,1,3,3,3,3,4,4,3,3,3,0,1,2,4,4,0,3,3,3,3,3,3,3,3,3,3,3,3,3,3,4,2,3,3,3,1,3,0,3,3,1,3,3,3,1,1,1,3,3,3,3,3,3,1,3,0,3,3,3,3,2,3,4,4,4,2,3,3,3,1,0,4,0,3,3,3,3,3,3,2,3,3,3,3,3,1,4,4,2,0,1,1,1,3,2,1,2,4,3,3,3,4,0,0,3,4,2,4,4,2,3,3,0,3,3,3,3,3,2,2,3,3,3,2,3,3,3,3,3,3,1,2,0,0,0,0,0,0,0,1,0,0,1,0,0,0,3,3,0,3,3,2,3,1,1,1,3,1,3,0,1,0,3,3,3,2,2,3,2,1,3,3,3,3,3,2,1,3,0,1,0,3,3,3,2,3,0,3,3,3,3,3,3,1,1,0,2,3,3,3,3,3,0,0,3,3,3,3,3,3,4,4,3,1"
117,1.0533517558377894,"0,0,1,1,3,4,3,3,4,1,4,4,2,0,3,4,1,1,1,3,2,3,2,3,3,3,3,1,3,1,1,4,4,2,2,4,4,2,1,1,1,3,1,3,1,4,4,0,0,1,3,3,3,1,3,3,3,3,3,3,3,3,3,1,1,3,3,3,3,4,4,3,3,3,3,1,2,4,4,0,3,3,3,3,3,3,3,3,3,3,3,3,3,3,4,2,3,3,3,1,3,0,3,3,1,3,3,3,1,1,1,3,3,3,3,3,3,1,3,0,3,3,3,3,2,3,4,4,4,2,3,3,3,1,0,4,0,3,3,3,3,3,3,2,3,3,3,3,3,1,2,4,2,0,1,1,1,3,2,1,2,4,3,3,3,4,0,0,3,4,2,4,4,2,3,3,0,3,3,3,3,3,4,2,3,3,3,2,3,3,3,3,3,3,1,2,0,0,0,0,0,0,0,1,0,0,1,0,0,0,3,3,0,3,3,2,3,1,1,1,3,1,3,0,1,0,3,3,3,3,2,3,2,1,3,3,3,3,3,2,1,3,0,1,0,3,3,3,2,3,0,3,3,3,3,3,3,1,1,3,2,3,3,3,3,3,0,3,3,3,3,3,3,3,4,4,3,1"
118,1.0532553409396757,"0,0,1,1,3,4,3,3,4,1,4,4,2,0,3,4,1,1,1,3,2,3,2,3,3,3,3,1,3,1,1,4,4,2,2,4,4,2,1,1,1,3,1,3,1,4,4,0,0,1,3,3,3,1,3,3,3,3,3,3,3,3,3,1,1,3,3,3,3,4,4,3,3,3,3,1,2,4,4,0,3,3,3,3,3,3,3,3,3,3,3,3,3,3,4,2,3,3,3,1,3,3,3,3,1,3,3,3,1,1,1,3,3,3,3,3,3,1,3,0,3,3,3,3,2,3,4,4,4,2,3,3,3,1,0,4,0,3,3,3,3,3,3,2,3,3,3,3,3,1,4,4,2,0,1,1,1,3,2,1,2,4,3,3,3,4,0,0,3,4,2,4,4,2,3,3,0,3,3,0,3,3,2,2,3,3,3,2,3,3,3,3,3,3,1,2,0,0,0,0,0,0,0,1,0,0,1,0,0,0,3,3,0,3,3,2,3,1,1,1,3,1,3,0,1,0,3,3,3,2,2,3,2,1,3,3,3,3,3,2,1,3,0,1,0,3,3,3,2,3,0,3,3,3,2,3,3,1,1,3,2,3,3,3,3,3,0,3,3,3,3,3,3,3,4,4,3,1"
119,1.0544441390368693,"0,0,1,1,3,4,3,3,4,1,4,4,2,0,3,4,1,1,1,3,2,3,2,3,3,3,3,1,3,1,1,4,4,2,2,4,4,2,1,1,1,3,3,3,1,4,4,0,0,1,3,3,3,1,3,3,3,3,3,3,3,3,3,1,1,3,3,3,3,4,4,3,3,3,3,1,2,4,4,0,3,3,3,3,3,3,3,3,3,3,3,3,3,3,4,2,3,3,3,1,3,3,3,3,1,3,3,3,1,1,1,3,3,3,3,3,3,1,3,0,3,3,3,3,2,3,4,4,4,2,3,3,3,1,0,4,0,3,3,3,3,3,3,2,3,3,3,3,3,1,4,4,2,0,1,1,1,3,2,1,2,4,3,3,3,4,0,0,3,4,2,4,4,2,3,3,0,3,3,3,3,3,2,2,3,3,3,2,3,3,3,3,3,3,1,2,0,0,0,0,3,0,0,1,0,0,1,0,0,0,1,3,0,3,3,2,3,1,1,1,3,1,3,0,1,0,3,3,3,3,2,3,1,1,3,3,3,3,3,2,1,3,0,1,3,3,3,3,2,3,0,3,3,3,3,3,3,1,1,3,2,3,3,3,3,3,0,3,3,3,3,3,3,3,4,4,3,1"
120,1.054453758135379,"0,0,1,1,3,4,3,3,4,1,4,4,2,0,3,4,1,1,1,3,2,3,2,3,3,3,3,1,3,1,1,4,4,2,2,4,2,2,1,1,1,3,3,3,2,4,4,0,0,1,3,3,3,1,3,3,3,3,3,3,3,3,3,1,1,3,3,3,3,4,4,3,3,3,3,1,2,4,4,0,3,3,3,3,3,3,3,3,3,3,3,3,3,3,4,2,3,3,3,1,3,3,3,3,1,3,3,3,1,1,1,3,3,3,3,3,3,1,3,0,3,3,3,3,2,3,4,4,4,2,3,3,3,1,0,4,0,3,3,3,3,3,3,2,3,3,3,3,3,1,4,4,2,0,1,1,1,3,2,1,2,4,3,3,3,4,0,0,3,4,2,4,4,2,3,3,0,3,3,3,3,3,2,2,3,3,3,2,3,3,3,3,3,3,1,2,0,0,0,0,0,0,0,1,0,0,1,0,0,0,3,3,0,3,3,2,3,1,1,1,3,1,3,0,1,0,3,3,3,3,2,3,2,1,3,3,3,3,3,2,1,3,0,1,0,3,3,3,2,3,0,3,3,3,3,3,3,1,1,3,2,3,3,3,3,3,0,3,3,3,3,1,3,3,4,4,3,1"
121,1.05482458435699,"0,0,1,1,3,4,3,3,4,1,4,4,2,0,3,4,1,1,1,3,2,3,2,3,3,3,3,1,3,1,1,4,4,2,2,4,4,2,1,1,1,3,3,3,1,4,4,0,0,1,3,3,3,1,3,3,3,3,3,3,3,3,3,1,1,3,3,3,3,4,4,3,3,3,3,1,2,4,4,0,3,3,3,3,3,3,3,3,3,3,3,3,3,3,4,2,3,3,3,1,3,3,3,3,1,3,3,3,1,1,1,3,3,3,3,3,3,1,3,0,3,3,3,3,2,3,4,4,4,2,3,3,3,1,1,4,0,3,3,3,3,3,3,2,3,3,3,3,3,1,4,4,2,0,1,1,1,3,2,1,2,4,3,3,3,4,0,0,3,4,2,4,4,2,3,3,0,3,3,3,3,3,2,2,3,3,3,2,3,3,3,3,3,3,1,2,0,0,0,0,0,0,0,1,0,0,1,0,0,0,3,3,0,3,3,2,3,1,1,1,3,1,3,0,1,0,3,3,3,3,2,3,2,1,3,3,3,3,3,2,1,3,0,1,0,3,3,3,2,3,0,3,3,3,3,3,3,1,1,3,2,3,3,3,3,3,0,3,3,3,3,1,3,3,4,4,3,1"
122,1.0550710539858077,"0,0,1,1,3,4,3,3,4,1,4,4,2,0,3,4,1,1,1,3,2,3,2,3,3,3,3,1,3,1,1,4,4,2,2,4,4,2,3,1,1,3,3,3,1,4,4,0,0,1,3,3,3,1,3,3,3,3,3,3,3,3,3,1,1,3,3,3,3,4,4,3,3,3,3,1,2,4,4,0,3,3,3,3,3,3,3,3,3,3,3,3,3,3,4,2,3,3,3,1,3,3,3,3,1,3,3,3,1,1,1,3,3,3,3,3,3,1,3,0,3,3,3,3,2,3,4,4,4,2,3,3,3,1,1,4,0,3,3,3,3,3,3,2,3,3,3,3,3,1,4,4,2,0,1,1,1,3,2,1,2,4,3,3,3,4,0,0,3,4,2,4,4,2,3,3,0,3,3,3,3,3,2,2,3,3,3,2,3,3,3,3,3,3,1,2,0,0,0,0,0,0,0,1,0,0,1,0,0,0,3,3,0,3,3,2,3,1,1,1,3,1,3,0,1,0,3,3,3,3,2,3,2,1,3,3,3,3,3,2,1,3,0,1,0,3,3,3,2,3,0,3,3,3,3,3,3,1,1,3,2,3,3,3,3,3,0,3,3,3,3,1,3,3,4,4,3,1"
123,1.0551205363640177,"0,0,1,1,3,4,3,3,4,1,4,4,2,0,3,4,1,1,1,3,2,3,2,3,3,3,3,3,3,1,1,4,4,2,2,4,4,2,3,1,1,3,3,3,1,4,4,0,0,1,3,3,3,1,3,3,3,3,3,3,3,3,3,1,1,3,3,3,3,4,4,3,3,3,3,1,2,4,4,0,3,3,3,3,3,3,3,3,3,3,3,3,3,3,4,2,3,3,3,1,3,3,3,3,1,3,3,3,1,1,1,3,3,3,3,3,3,1,3,0,3,3,3,3,2,3,4,4,4,2,3,3,3,1,1,4,0,3,3,3,3,3,3,2,3,3,3,3,3,1,4,4,2,0,1,1,1,3,2,1,2,4,3,3,3,4,0,0,3,4,2,4,4,2,3,3,0,3,3,3,3,3,2,2,3,3,3,2,3,3,3,3,3,3,1,2,0,0,0,0,0,0,0,1,0,0,1,0,0,0,3,3,0,3,3,2,3,1,1,1,3,1,3,0,1,0,3,3,3,3,2,3,2,1,3,3,3,3,3,2,1,3,0,1,0,3,3,3,2,3,0,3,3,3,3,3,3,1,1,3,2,3,3,3,3,3,0,3,3,3,3,1,3,3,4,4,3,1"
124,1.0551205363640177,"0,0,1,1,3,4,3,3,4,1,4,4,2,0,3,4,1,1,1,3,2,3,2,3,3,3,3,3,3,1,1,4,4,2,2,4,4,2,3,1,1,3,3,3,1,4,4,0,0,1,3,3,3,1,3,3,3,3,3,3,3,3,3,1,1,3,3,3,3,4,4,3,3,3,3,1,2,4,4,0,3,3,3,3,3,3,3,3,3,3,3,3,3,3,4,2,3,3,3,1,3,3,3,3,1,3,3,3,1,1,1,3,3,3,3,3,3,1,3,0,3,3,3,3,2,3,4,4,4,2,3,3,3,1,1,4,0,3,3,3,3,3,3,2,3,3,3,3,3,1,4,4,2,0,1,1,1,3,2,1,2,4,3,3,3,4,0,0,3,4,2,4,4,2,3,3,0,3,3,3,3,3,2,2,3,3,3,2,3,3,3,3,3,3,1,2,0,0,0,0,0,0,0,1,0,0,1,0,0,0,3,3,0,3,3,2,3,1,1,1,3,1,3,0,1,0,3,3,3,3,2,3,2,1,3,3,3,3,3,2,1,3,0,1,0,3,3,3,2,3,0,3,3,3,3,3,3,1,1,3,2,3,3,3,3,3,0,3,3,3,3,1,3,3,4,4,3,1"
125,1.0557032446654113,"0,0,1,1,3,4,3,3,4,1,4,4,2,0,3,4,1,1,1,3,2,3,2,3,3,3,3,3,3,1,1,4,4,2,2,4,4,3,3,1,1,3,3,3,1,4,4,0,0,1,3,3,3,1,3,3,3,3,3,3,3,3,3,1,1,3,3,3,3,4,4,3,3,3,3,1,2,4,4,0,3,3,3,3,3,3,3,3,3,3,3,3,3,3,4,2,3,3,3,1,3,3,3,3,1,3,3,3,1,1,1,3,3,3,3,3,3,1,3,0,3,3,3,3,2,3,4,4,4,2,3,3,3,1,1,4,0,3,3,3,3,3,3,2,3,3,3,3,3,1,4,4,2,0,1,1,1,3,2,1,2,4,3,3,3,4,0,0,3,4,2,4,4,2,3,3,0,3,3,3,3,3,2,2,3,3,3,2,3,3,3,3,3,3,1,2,0,0,0,0,0,0,0,1,0,0,1,0,0,0,3,3,0,3,3,2,3,1,1,1,3,1,3,0,1,0,3,3,3,3,2,3,2,1,3,3,3,3,3,2,1,3,0,1,0,3,3,3,2,3,0,3,3,3,3,3,3,1,1,3,2,3,3,3,3,3,0,3,3,3,3,1,3,3,4,4,3,1"
126,1.053976697613498,"0,0,1,1,3,4,3,3,4,1,4,4,2,0,3,4,1,1,1,3,2,3,2,3,3,3,3,3,3,1,1,4,4,2,2,4,4,3,3,1,1,3,3,3,1,4,4,0,0,1,3,3,3,1,3,3,3,3,3,3,3,3,3,1,1,3,3,3,3,4,4,3,3,3,3,1,2,4,4,0,3,3,3,3,3,3,3,3,3,3,3,3,3,3,4,2,3,3,3,1,3,3,3,3,1,3,3,3,1,1,1,3,3,3,3,3,3,3,3,0,3,3,3,3,2,3,4,4,4,2,3,3,3,1,1,4,0,3,3,3,3,3,3,2,3,3,3,3,3,1,4,0,2,0,1,1,1,3,4,1,2,4,3,3,3,4,0,0,3,4,2,4,4,2,3,3,0,3,3,3,3,3,4,2,3,3,3,2,3,3,3,3,3,3,1,2,0,0,0,0,0,0,0,0,0,0,1,0,0,0,3,3,0,3,1,2,3,1,1,1,3,1,3,0,1,1,3,3,3,3,2,2,2,1,3,3,3,3,3,2,1,3,0,1,0,3,3,3,2,3,0,3,3,3,1,3,3,1,1,3,2,3,3,3,3,3,0,3,3,2,3,1,3,3,4,2,3,1"
127,1.0557291661378239,"0,0,1,1,3,4,3,3,4,1,4,4,2,0,3,4,1,1,1,3,2,3,2,3,3,3,3,3,3,1,1,4,4,2,2,4,4,3,3,1,1,3,3,3,1,4,4,0,0,1,3,3,3,1,3,3,3,3,3,3,3,3,3,1,1,3,3,3,3,4,4,3,3,3,3,1,2,4,4,0,3,3,3,3,3,3,3,3,3,3,3,3,3,3,4,2,3,3,3,1,3,3,3,3,1,3,3,3,1,1,1,3,3,3,3,3,3,3,3,0,3,3,3,3,2,3,4,4,4,2,3,3,3,1,1,4,0,3,3,3,3,3,3,2,3,3,3,3,3,1,4,4,2,0,1,1,1,3,2,1,2,4,3,3,3,4,0,0,3,4,2,4,4,2,3,3,0,3,3,3,3,3,2,2,3,3,3,2,3,3,3,3,3,3,1,2,0,0,0,0,0,0,0,0,0,0,1,0,0,0,3,3,0,3,3,2,0,1,1,1,3,1,3,0,1,0,3,3,3,3,2,3,2,1,3,3,3,3,3,2,1,3,0,1,0,3,3,3,2,3,0,3,3,3,3,3,3,1,1,3,2,3,3,3,3,3,0,0,3,3,3,1,3,3,4,4,3,1"
128,1.0562844456722913,"0,0,1,1,3,4,3,3,4,1,4,4,2,0,3,4,1,1,1,3,2,3,2,3,3,3,3,1,3,1,1,4,4,2,2,4,4,3,3,1,1,3,3,3,1,4,4,0,0,1,3,3,3,1,3,3,3,3,3,3,3,3,3,1,1,3,3,3,3,4,4,3,3,3,3,1,2,4,4,0,3,3,3,3,3,3,3,3,3,3,3,3,3,3,4,2,3,3,3,1,3,3,3,3,1,3,3,3,1,1,1,3,3,3,3,3,3,1,3,0,3,3,3,3,2,3,4,4,4,2,3,3,3,1,1,4,0,3,3,3,3,3,3,2,3,3,3,3,3,1,4,4,4,0,1,0,1,3,2,1,2,4,3,3,3,4,0,0,3,4,2,4,4,2,3,3,0,3,3,3,3,3,0,2,3,3,3,2,3,3,3,3,3,3,1,2,0,0,0,0,0,0,0,0,0,0,1,0,0,0,3,3,0,3,3,2,3,1,1,1,3,1,3,0,1,0,3,3,3,3,2,3,2,3,3,3,3,3,3,2,1,3,0,4,0,3,3,3,2,3,3,3,3,3,3,3,3,1,1,3,2,3,3,3,3,1,3,3,3,3,3,1,3,3,4,4,3,1"
129,1.055482966674623,"0,0,1,1,3,4,3,3,4,1,4,4,2,0,3,4,1,1,1,3,2,3,2,3,3,3,3,1,3,1,1,4,4,2,2,4,4,3,3,1,1,3,3,3,1,4,4,0,0,1,3,3,3,1,3,3,3,3,3,3,3,3,3,1,1,3,3,3,3,4,4,3,3,3,3,1,2,4,4,0,3,3,3,3,3,3,3,3,3,3,3,3,3,3,4,2,3,3,3,1,3,3,3,3,1,3,3,3,1,1,1,3,3,3,3,3,3,1,3,0,3,3,3,3,2,3,4,4,4,2,3,3,3,1,1,4,0,3,3,3,3,3,3,2,3,3,3,3,3,1,4,4,2,0,1,1,1,1,2,1,2,4,3,3,3,4,0,0,3,4,2,4,4,2,3,3,0,3,3,3,3,3,2,2,3,3,3,2,3,3,3,3,3,3,1,2,0,0,0,0,0,0,0,0,0,0,1,0,0,0,3,0,0,3,3,2,3,1,1,1,3,1,3,0,1,0,1,3,3,3,2,3,2,3,3,3,3,3,3,2,1,3,0,4,0,3,3,3,2,3,3,3,3,3,3,3,3,1,1,3,2,3,3,3,3,1,3,3,3,3,3,1,3,3,4,4,3,1"
130,1.0567535693240888,"0,0,1,1,3,4,3,3,4,1,4,4,2,0,3,4,1,1,1,3,2,3,2,3,3,3,3,3,3,1,1,4,4,2,2,4,4,3,3,1,1,3,3,3,1,4,4,0,0,1,3,3,3,1,3,3,3,3,3,3,3,3,3,1,1,3,3,3,3,4,4,3,3,3,3,1,2,4,4,0,3,3,1,3,3,3,3,3,3,3,3,3,3,3,4,4,3,3,3,1,3,3,3,3,1,3,3,3,1,1,1,3,3,3,3,3,3,3,3,0,3,3,3,3,2,3,4,4,4,2,3,3,3,1,1,4,0,3,3,3,3,3,3,2,3,3,3,3,3,1,4,4,2,0,1,1,1,3,2,1,2,4,3,3,3,4,0,0,3,4,2,4,4,2,3,3,0,3,3,3,3,3,2,2,3,3,3,2,3,3,3,3,3,3,1,2,0,0,0,0,0,0,0,0,0,0,1,0,0,0,3,3,0,3,3,2,3,1,1,1,3,1,3,0,1,0,3,3,3,3,2,3,2,3,3,3,3,3,3,2,1,3,0,4,3,3,3,3,2,3,3,3,3,3,3,3,3,1,1,3,2,3,3,3,3,1,3,3,3,3,3,1,3,3,4,4,3,1"
131,1.0567535693240888,"0,0,1,1,3,4,3,3,4,1,4,4,2,0,3,4,1,1,1,3,2,3,2,3,3,3,3,3,3,1,1,4,4,2,2,4,4,3,3,1,1,3,3,3,1,4,4,0,0,1,3,3,3,1,3,3,3,3,3,3,3,3,3,1,1,3,3,3,3,4,4,3,3,3,3,1,2,4,4,0,3,3,1,3,3,3,3,3,3,3,3,3,3,3,4,4,3,3,3,1,3,3,3,3,1,3,3,3,1,1,1,3,3,3,3,3,3,3,3,0,3,3,3,3,2,3,4,4,4,2,3,3,3,1,1,4,0,3,3,3,3,3,3,2,3,3,3,3,3,1,4,4,2,0,1,1,1,3,2,1,2,4,3,3,3,4,0,0,3,4,2,4,4,2,3,3,0,3,3,3,3,3,2,2,3,3,3,2,3,3,3,3,3,3,1,2,0,0,0,0,0,0,0,0,0,0,1,0,0,0,3,3,0,3,3,2,3,1,1,1,3,1,3,0,1,0,3,3,3,3,2,3,2,3,3,3,3,3,3,2,1,3,0,4,3,3,3,3,2,3,3,3,3,3,3,3,3,1,1,3,2,3,3,3,3,1,3,3,3,3,3,1,3,3,4,4,3,1"
132,1.0567535693240888,"0,0,1,1,3,4,3,3,4,1,4,4,2,0,3,4,1,1,1,3,2,3,2,3,3,3,3,3,3,1,1,4,4,2,2,4,4,3,3,1,1,3,3,3,1,4,4,0,0,1,3,3,3,1,3,3,3,3,3,3,3,3,3,1,1,3,3,3,3,4,4,3,3,3,3,1,2,4,4,0,3,3,1,3,3,3,3,3,3,3,3,3,3,3,4,4,3,3,3,1,3,3,3,3,1,3,3,3,1,1,1,3,3,3,3,3,3,3,3,0,3,3,3,3,2,3,4,4,4,2,3,3,3,1,1,4,0,3,3,3,3,3,3,2,3,3,3,3,3,1,4,4,2,0,1,1,1,3,2,1,2,4,3,3,3,4,0,0,3,4,2,4,4,2,3,3,0,3,3,3,3,3,2,2,3,3,3,2,3,3,3,3,3,3,1,2,0,0,0,0,0,0,0,0,0,0,1,0,0,0,3,3,0,3,3,2,3,1,1,1,3,1,3,0,1,0,3,3,3,3,2,3,2,3,3,3,3,3,3,2,1,3,0,4,3,3,3,3,2,3,3,3,3,3,3,3,3,1,1,3,2,3,3,3,3,1,3,3,3,3,3,1,3,3,4,4,3,1"
133,1.0564759137942021,"0,0,1,1,3,4,3,3,4,1,4,4,2,0,3,4,1,1,1,3,2,3,2,3,3,3,3,3,3,1,1,4,4,2,2,4,4,3,3,1,1,3,3,3,1,4,4,0,0,1,3,3,3,1,3,3,3,3,3,3,3,3,3,1,1,3,3,3,3,4,4,3,3,3,3,1,2,4,4,0,3,3,1,3,3,3,3,3,3,3,3,3,3,3,4,4,3,3,3,1,3,3,3,3,1,3,3,3,1,1,1,3,3,3,3,3,3,3,3,0,3,3,3,3,2,3,4,4,4,2,3,3,3,1,1,4,0,3,3,3,3,3,3,2,3,3,3,3,3,1,4,4,2,0,1,1,1,3,2,1,2,4,3,3,3,4,0,0,3,4,2,4,4,2,3,3,0,3,3,3,3,3,2,2,3,3,3,2,3,3,3,3,3,3,1,2,0,0,0,0,0,0,0,0,0,0,1,0,0,0,3,3,4,3,3,2,3,1,1,1,3,1,3,0,1,0,3,3,3,3,2,3,2,3,3,3,3,3,3,2,1,3,0,4,3,3,3,3,2,3,3,3,3,3,3,3,3,1,1,3,2,3,3,3,3,1,3,3,3,3,3,1,3,3,4,4,3,1"
134,1.0566340485922996,"0,0,1,1,3,4,3,3,4,1,4,4,2,0,3,4,1,1,1,3,2,3,2,3,3,3,3,3,3,1,1,4,4,2,2,4,4,3,3,1,1,3,3,3,1,4,4,0,0,1,3,3,3,1,3,3,3,3,3,3,3,3,3,1,1,3,3,3,3,4,4,3,3,3,3,1,2,4,4,0,3,3,1,3,3,3,3,3,3,3,3,3,3,3,4,4,3,3,3,1,3,3,3,3,1,3,3,3,1,1,1,3,3,3,3,3,3,3,3,0,3,3,3,3,2,3,4,4,4,2,3,3,3,1,1,4,0,3,3,3,3,3,3,2,3,3,3,3,3,1,4,4,2,0,1,1,1,3,2,1,2,4,3,3,3,4,0,0,3,4,2,4,4,2,3,3,0,3,3,3,3,3,2,2,0,3,3,2,3,3,3,3,3,3,1,2,0,0,0,0,0,0,0,0,0,0,1,0,0,0,3,3,0,3,3,2,3,1,1,1,3,1,3,0,1,0,3,3,3,3,2,3,2,3,3,3,3,3,3,2,1,3,0,1,3,3,3,3,2,3,3,3,3,3,3,3,3,1,1,3,2,3,3,3,3,1,3,3,3,3,3,1,3,3,4,4,3,1"
135,1.0578586394504357,"0,0,1,1,3,4,3,3,4,1,4,4,2,0,3,4,1,1,1,3,2,3,2,3,3,3,3,3,3,1,1,4,4,2,2,4,4,3,3,1,1,3,3,3,1,4,4,0,0,1,3,3,3,1,3,3,3,3,3,3,3,3,3,3,1,3,3,3,3,4,4,3,3,3,3,1,2,4,4,0,3,3,3,3,3,3,3,3,3,3,3,3,3,3,4,4,3,3,3,1,3,3,3,3,1,3,3,3,1,1,1,3,3,3,3,3,3,3,3,0,3,3,3,3,2,1,4,4,4,2,3,3,3,1,1,4,0,3,3,3,3,3,3,2,3,3,3,3,3,1,4,4,2,0,1,1,1,3,2,1,2,4,3,3,3,4,0,0,3,4,2,4,4,2,3,3,0,3,3,3,3,3,2,2,3,3,3,2,3,3,3,3,3,3,1,2,0,0,0,0,0,0,0,0,0,0,1,0,0,0,3,3,0,3,3,2,3,1,1,1,3,1,3,0,1,0,3,3,3,3,2,3,2,3,3,3,3,3,3,2,1,3,0,4,3,3,3,3,2,3,3,3,3,3,3,3,3,1,1,3,2,3,3,3,3,1,3,3,3,3,3,1,3,3,4,4,3,1"
136,1.057391065152804,"0,0,1,1,3,4,3,3,4,1,4,4,2,0,3,4,3,1,1,3,2,3,2,3,3,3,3,3,3,1,1,4,4,2,2,4,4,3,3,1,1,3,3,3,1,4,4,0,0,1,3,3,3,1,3,3,3,3,3,3,3,3,3,3,1,3,3,3,3,4,4,3,3,3,3,1,2,4,4,0,3,3,3,3,3,3,3,3,3,3,3,3,3,3,4,4,3,3,3,1,3,3,3,3,1,3,3,3,1,1,1,3,3,3,3,3,3,3,3,0,3,3,3,3,2,1,4,4,4,2,3,3,3,1,1,4,0,3,3,3,3,3,3,2,3,3,3,3,3,1,4,4,2,0,1,1,1,3,2,1,2,4,3,3,3,4,0,0,3,4,2,4,4,2,3,3,0,3,3,3,3,3,2,2,3,3,3,1,3,3,3,3,3,3,1,2,0,0,0,0,0,0,0,0,0,0,1,0,0,0,3,3,0,3,3,2,3,1,1,1,3,1,3,0,1,0,3,3,3,3,2,3,2,3,3,3,3,3,3,2,1,3,0,4,3,3,3,3,2,3,3,3,3,2,3,3,3,1,1,3,2,3,3,3,3,1,3,3,3,3,3,1,3,3,4,4,2,1"
137,1.0567529618828846,"0,0,1,1,3,4,3,3,4,1,4,4,2,0,3,4,3,1,1,3,2,3,2,3,3,3,3,3,3,1,1,4,4,2,2,4,4,3,3,1,1,3,3,3,1,4,4,0,0,1,3,3,3,1,3,3,3,3,3,3,3,3,3,3,1,3,3,3,3,4,4,3,3,3,3,1,2,4,4,0,3,3,3,3,3,3,3,3,3,3,3,3,3,3,4,4,3,3,3,1,3,3,1,3,1,3,3,3,4,1,1,3,3,3,3,3,3,3,3,0,3,3,3,3,2,1,4,4,4,2,3,3,3,1,1,4,0,3,3,3,3,3,3,2,3,3,3,3,3,1,4,4,2,0,1,3,1,3,2,1,2,4,3,3,3,4,0,0,4,4,2,4,4,2,3,3,0,3,3,3,3,3,2,2,3,3,3,2,3,3,3,3,3,3,1,2,0,0,0,0,0,0,0,0,0,0,1,0,0,0,3,3,0,3,3,2,3,1,1,1,3,1,3,0,0,0,3,3,3,3,2,3,2,3,3,3,3,3,3,2,1,3,0,4,3,3,3,3,2,3,3,3,3,3,3,3,3,1,1,3,2,3,3,3,3,1,3,3,3,3,3,1,3,3,4,4,3,1"
138,1.0581656281755922,"0,0,1,1,3,4,3,3,4,1,4,4,2,0,3,4,3,1,1,3,2,3,2,3,3,3,3,3,3,1,1,4,4,2,2,4,4,3,3,1,1,3,3,3,1,4,4,0,0,1,3,3,3,1,3,3,3,3,3,3,3,3,3,3,1,3,3,3,3,4,4,3,3,3,3,1,2,4,4,0,3,3,3,3,3,3,3,3,3,3,3,3,3,3,4,4,3,3,3,1,3,3,3,3,1,3,3,3,1,1,1,3,3,3,3,3,3,3,3,0,3,3,3,3,2,1,4,4,4,2,3,3,3,1,1,4,0,3,3,3,3,3,3,2,3,3,3,3,3,1,4,4,2,0,1,1,1,3,2,1,2,4,3,3,3,4,0,0,3,4,2,4,4,2,3,3,0,3,3,3,3,3,2,2,3,3,3,1,3,3,3,3,3,3,1,4,0,0,0,0,0,0,0,0,0,0,1,0,0,0,3,3,0,3,3,2,3,1,1,1,3,1,3,0,1,0,3,3,3,3,2,3,2,3,3,3,3,3,3,2,1,3,0,4,3,3,3,3,2,3,3,3,3,3,3,3,3,1,1,3,2,3,3,3,3,1,3,3,3,3,3,1,3,3,4,4,3,1"
139,1.0581656281755922,"0,0,1,1,3,4,3,3,4,1,4,4,2,0,3,4,3,1,1,3,2,3,2,3,3,3,3,3,3,1,1,4,4,2,2,4,4,3,3,1,1,3,3,3,1,4,4,0,0,1,3,3,3,1,3,3,3,3,3,3,3,3,3,3,1,3,3,3,3,4,4,3,3,3,3,1,2,4,4,0,3,3,3,3,3,3,3,3,3,3,3,3,3,3,4,4,3,3,3,1,3,3,3,3,1,3,3,3,1,1,1,3,3,3,3,3,3,3,3,0,3,3,3,3,2,1,4,4,4,2,3,3,3,1,1,4,0,3,3,3,3,3,3,2,3,3,3,3,3,1,4,4,2,0,1,1,1,3,2,1,2,4,3,3,3,4,0,0,3,4,2,4,4,2,3,3,0,3,3,3,3,3,2,2,3,3,3,1,3,3,3,3,3,3,1,4,0,0,0,0,0,0,0,0,0,0,1,0,0,0,3,3,0,3,3,2,3,1,1,1,3,1,3,0,1,0,3,3,3,3,2,3,2,3,3,3,3,3,3,2,1,3,0,4,3,3,3,3,2,3,3,3,3,3,3,3,3,1,1,3,2,3,3,3,3,1,3,3,3,3,3,1,3,3,4,4,3,1"
140,1.0581656281755922,"0,0,1,1,3,4,3,3,4,1,4,4,2,0,3,4,3,1,1,3,2,3,2,3,3,3,3,3,3,1,1,4,4,2,2,4,4,3,3,1,1,3,3,3,1,4,4,0,0,1,3,3,3,1,3,3,3,3,3,3,3,3,3,3,1,3,3,3,3,4,4,3,3,3,3,1,2,4,4,0,3,3,3,3,3,3,3,3,3,3,3,3,3,3,4,4,3,3,3,1,3,3,3,3,1,3,3,3,1,1,1,3,3,3,3,3,3,3,3,0,3,3,3,3,2,1,4,4,4,2,3,3,3,1,1,4,0,3,3,3,3,3,3,2,3,3,3,3,3,1,4,4,2,0,1,1,1,3,2,1,2,4,3,3,3,4,0,0,3,4,2,4,4,2,3,3,0,3,3,3,3,3,2,2,3,3,3,1,3,3,3,3,3,3,1,4,0,0,0,0,0,0,0,0,0,0,1,0,0,0,3,3,0,3,3,2,3,1,1,1,3,1,3,0,1,0,3,3,3,3,2,3,2,3,3,3,3,3,3,2,1,3,0,4,3,3,3,3,2,3,3,3,3,3,3,3,3,1,1,3,2,3,3,3,3,1,3,3,3,3,3,1,3,3,4,4,3,1"
141,1.0566833760251253,"0,0,1,1,3,4,3,3,4,1,4,4,2,0,3,4,3,1,1,3,2,3,2,3,3,3,3,3,3,1,1,4,4,2,2,4,4,3,3,1,1,3,3,3,1,4,4,0,0,1,3,3,3,1,3,3,3,3,3,3,3,3,3,3,1,3,3,3,3,4,4,3,3,3,3,1,2,4,4,0,3,3,3,3,1,3,3,3,3,3,3,3,3,3,4,4,3,3,3,1,3,3,3,3,1,3,3,3,1,1,1,3,3,3,3,3,3,3,3,0,3,3,3,3,2,1,4,4,4,2,3,3,3,1,1,4,0,3,3,3,3,3,3,2,3,3,3,3,3,1,4,4,2,0,1,1,1,3,2,1,2,4,3,3,3,4,0,0,3,4,2,4,4,2,3,3,0,2,3,3,3,3,2,2,3,3,3,2,3,3,3,3,3,3,1,2,0,0,0,0,0,0,0,0,0,0,1,0,0,0,3,3,0,3,3,2,3,1,1,1,3,1,3,0,1,0,3,3,3,3,2,3,4,3,3,3,3,3,3,2,1,3,0,4,3,3,3,3,2,3,3,3,3,3,3,3,3,1,1,3,2,3,3,3,3,1,3,3,3,3,4,1,3,3,4,4,2,1"
142,1.0587137425312823,"0,0,1,1,3,4,3,3,4,1,4,4,2,0,3,4,3,1,1,3,2,3,2,3,3,3,3,3,3,1,1,4,4,2,2,4,4,3,3,1,1,3,3,3,1,4,4,0,0,1,3,3,3,1,3,3,3,3,3,3,3,3,3,3,1,3,3,3,3,4,4,3,3,3,3,1,2,4,4,0,3,3,3,3,3,3,3,3,3,3,3,3,3,3,4,4,3,3,3,1,3,3,3,3,1,3,3,3,1,1,1,3,3,3,3,3,3,3,3,0,3,3,3,3,2,1,4,4,4,2,3,3,3,1,1,4,0,3,3,3,3,3,3,2,3,3,3,3,3,1,4,4,2,0,1,1,1,3,2,3,2,4,3,3,3,4,0,0,3,4,2,4,4,2,3,3,0,3,3,3,3,3,2,2,3,3,3,1,3,3,3,3,3,3,1,2,0,0,0,0,0,0,0,0,0,0,1,0,0,0,3,3,0,3,3,2,3,1,1,1,3,1,3,0,1,0,3,3,3,3,2,3,2,3,3,3,3,3,3,2,1,3,0,4,3,3,3,3,2,3,3,3,3,3,3,3,3,1,1,3,2,3,3,3,3,1,3,3,3,3,3,1,3,3,4,4,3,1"
143,1.0587137425312823,"0,0,1,1,3,4,3,3,4,1,4,4,2,0,3,4,3,1,1,3,2,3,2,3,3,3,3,3,3,1,1,4,4,2,2,4,4,3,3,1,1,3,3,3,1,4,4,0,0,1,3,3,3,1,3,3,3,3,3,3,3,3,3,3,1,3,3,3,3,4,4,3,3,3,3,1,2,4,4,0,3,3,3,3,3,3,3,3,3,3,3,3,3,3,4,4,3,3,3,1,3,3,3,3,1,3,3,3,1,1,1,3,3,3,3,3,3,3,3,0,3,3,3,3,2,1,4,4,4,2,3,3,3,1,1,4,0,3,3,3,3,3,3,2,3,3,3,3,3,1,4,4,2,0,1,1,1,3,2,3,2,4,3,3,3,4,0,0,3,4,2,4,4,2,3,3,0,3,3,3,3,3,2,2,3,3,3,1,3,3,3,3,3,3,1,2,0,0,0,0,0,0,0,0,0,0,1,0,0,0,3,3,0,3,3,2,3,1,1,1,3,1,3,0,1,0,3,3,3,3,2,3,2,3,3,3,3,3,3,2,1,3,0,4,3,3,3,3,2,3,3,3,3,3,3,3,3,1,1,3,2,3,3,3,3,1,3,3,3,3,3,1,3,3,4,4,3,1"
144,1.0587653805028687,"0,0,1,1,3,4,3,3,4,1,4,4,2,0,3,4,3,1,3,3,2,3,2,3,3,3,3,3,3,1,1,4,4,2,2,4,4,3,3,1,1,3,3,3,1,4,4,0,0,1,3,3,3,1,3,3,3,3,3,3,3,3,3,3,1,3,3,3,3,4,4,3,3,3,3,1,2,4,4,0,3,3,3,3,3,3,3,3,3,3,3,3,3,3,4,4,3,3,3,1,3,3,3,3,1,3,3,3,1,1,1,3,3,3,3,3,3,3,3,0,3,3,3,3,2,1,4,4,4,2,3,3,3,1,1,4,0,3,3,3,3,3,3,2,3,3,3,3,3,1,4,4,2,0,1,1,1,3,2,3,2,4,3,3,3,4,0,0,3,4,2,4,4,2,3,3,0,3,3,3,3,3,2,2,3,3,3,1,3,3,3,3,3,3,1,2,0,0,0,0,0,0,0,0,0,0,1,0,0,0,3,3,0,3,3,2,3,1,1,1,3,1,3,0,1,0,3,3,3,3,2,3,2,3,3,3,3,3,3,2,1,3,0,4,3,3,3,3,2,3,3,3,3,3,3,3,3,1,1,3,2,3,3,3,3,1,3,3,3,3,3,1,3,3,4,4,3,1"
145,1.0589436145843507,"0,0,1,1,3,4,3,3,4,1,4,4,2,0,3,4,3,1,3,3,2,3,2,3,3,3,3,3,3,1,1,4,4,2,2,4,4,3,3,1,1,3,3,3,1,4,4,0,0,3,3,3,3,1,3,3,3,3,3,3,3,3,3,3,1,3,3,3,3,4,4,3,3,3,3,1,2,4,4,0,3,3,3,3,3,3,3,3,3,3,3,3,3,3,4,4,3,3,3,1,3,3,3,3,1,3,3,3,1,1,1,3,3,3,3,3,3,3,3,0,3,3,3,3,2,1,4,4,4,2,3,3,3,1,1,4,0,3,3,3,3,3,3,2,3,3,3,3,3,1,4,4,2,0,1,1,1,3,2,3,2,4,3,3,3,4,0,0,3,4,2,4,4,2,3,3,1,3,3,3,3,3,2,2,3,3,3,1,3,3,3,3,3,3,1,2,0,0,0,0,0,0,0,0,0,0,1,0,0,0,3,3,0,3,3,2,3,1,1,1,3,1,3,0,1,0,3,3,3,3,2,3,2,3,3,3,3,3,3,2,1,3,0,4,3,3,3,3,2,3,3,3,3,3,3,3,3,1,1,3,2,3,3,3,3,1,3,3,3,3,3,1,3,3,4,4,3,0"
146,1.0590585317579109,"0,0,1,1,3,4,3,3,4,1,4,4,2,0,3,4,3,1,3,3,2,3,1,3,3,3,3,3,3,1,1,4,4,2,2,4,4,3,3,1,1,3,3,3,1,4,4,0,0,3,3,3,3,1,3,3,3,3,3,3,3,3,3,3,1,3,3,3,3,4,4,3,3,3,3,1,2,4,4,0,3,3,3,3,3,3,3,3,3,3,3,3,3,3,4,4,3,3,3,1,3,3,3,3,1,3,3,3,1,1,1,3,3,3,3,3,3,3,3,0,3,3,3,3,2,1,4,4,4,2,3,3,3,1,1,4,0,3,3,3,3,3,3,2,3,3,3,3,3,1,4,4,2,0,1,1,1,3,2,3,2,4,3,3,3,4,0,0,3,4,2,4,4,2,3,3,1,3,3,3,3,3,2,2,3,3,3,1,3,3,3,3,3,3,1,2,0,0,0,0,0,0,0,0,0,0,1,0,0,0,3,3,0,3,3,2,3,1,1,1,3,1,3,0,1,0,3,3,3,3,2,3,2,3,3,3,3,3,3,2,1,3,0,4,3,3,3,3,2,3,3,3,3,3,3,3,3,1,1,3,2,3,3,3,3,1,3,3,3,3,3,1,3,3,4,4,3,1"
147,1.059341915199324,"0,0,1,1,3,4,3,3,4,1,4,4,2,0,3,4,3,1,3,3,2,3,1,3,3,3,3,3,3,1,1,4,4,2,2,4,4,3,3,1,1,3,3,3,1,4,4,0,0,3,3,3,3,3,3,3,3,3,3,3,3,3,3,3,1,3,3,3,3,4,4,3,3,3,3,1,2,4,4,0,3,3,3,3,3,3,3,3,3,3,3,3,3,3,4,4,3,3,3,1,3,3,3,3,1,3,3,3,1,1,1,3,3,3,3,3,3,3,3,0,3,3,3,3,2,1,4,4,4,2,3,3,3,1,1,4,0,3,3,3,3,3,3,2,3,3,3,3,3,1,4,4,2,0,1,1,1,3,2,3,2,4,3,3,3,4,0,0,3,4,2,4,4,2,3,3,1,3,3,3,3,3,2,2,3,3,3,1,3,3,3,3,3,3,1,2,0,0,0,0,0,0,0,0,0,0,1,0,0,0,3,3,0,3,3,2,3,1,1,1,3,1,3,0,1,0,3,3,3,3,2,3,2,3,3,3,3,3,3,2,1,3,0,4,3,3,3,3,2,3,3,3,3,3,3,3,3,1,1,3,2,3,3,3,3,1,3,3,3,3,3,1,3,3,4,4,3,1"
148,1.0594105745537745,"0,0,1,1,3,4,3,3,4,1,4,4,2,0,3,4,3,1,3,3,2,3,1,3,3,3,3,3,3,1,1,4,4,2,2,4,4,3,3,1,1,3,3,3,1,4,4,0,0,3,3,3,3,3,3,3,3,3,3,3,3,3,3,3,1,3,3,3,3,4,4,3,3,3,3,1,2,4,4,0,3,3,3,3,3,3,3,3,3,3,3,3,3,3,4,4,3,3,3,1,3,3,3,3,1,3,3,3,1,1,1,3,3,3,3,3,3,3,3,0,3,3,3,3,2,1,4,4,4,2,3,3,3,1,1,4,0,3,3,3,3,3,3,2,3,3,3,3,3,1,4,4,2,0,1,1,1,3,2,3,2,4,3,3,3,4,0,0,3,4,2,4,4,2,3,3,1,3,3,3,3,3,2,2,3,3,3,1,3,3,3,3,3,3,1,2,0,0,0,0,0,0,0,0,0,0,1,0,0,0,3,3,0,3,3,2,3,1,1,1,3,1,3,0,1,0,3,3,3,3,2,3,3,3,3,3,3,3,3,2,1,3,0,4,3,3,3,3,2,3,3,3,3,3,3,3,3,1,1,3,2,3,3,3,3,1,3,3,3,3,3,1,3,3,4,4,3,1"
149,1.0597638351787342,"0,0,1,1,3,4,3,3,4,1,4,4,2,0,3,4,3,1,3,3,2,3,1,3,3,3,3,3,3,1,1,4,4,2,2,4,4,3,3,1,1,3,3,3,1,4,4,0,0,3,3,3,3,3,3,3,3,3,3,3,3,3,3,3,1,3,3,3,3,4,4,3,3,3,3,1,2,4,4,0,3,3,3,3,3,3,3,3,3,3,3,3,3,3,4,4,3,3,3,1,3,3,3,3,1,3,3,3,1,1,1,3,3,3,3,3,3,3,3,0,3,3,3,3,2,1,4,4,4,2,3,3,3,1,1,4,4,3,3,3,3,3,3,2,3,3,3,3,3,1,4,4,2,0,1,1,1,3,2,3,2,4,3,3,3,4,0,0,3,4,2,4,4,2,3,3,1,3,3,3,3,3,2,2,3,3,3,1,3,3,3,3,3,3,1,2,0,0,0,0,0,0,0,0,0,0,1,0,0,0,3,3,0,3,3,2,3,1,1,1,3,1,3,0,1,0,3,3,3,3,2,3,3,3,3,3,3,3,3,2,1,3,0,4,3,3,3,3,2,3,3,3,3,3,3,3,3,1,1,3,2,3,3,3,3,1,3,3,3,3,3,1,3,3,4,4,3,1"
150,1.0588798285093732,"0,0,1,1,3,4,3,3,4,1,4,4,2,0,3,4,3,1,3,3,2,3,1,3,3,3,3,3,3,1,1,4,4,2,2,4,4,3,3,1,1,3,3,3,1,4,4,0,0,3,3,3,3,3,3,3,3,3,3,3,3,3,3,3,1,3,3,3,3,4,4,3,3,3,3,1,2,4,4,0,3,3,3,3,3,3,3,3,3,3,3,3,3,3,4,4,3,3,3,1,3,3,3,3,1,3,3,3,1,1,1,3,3,3,3,3,3,3,3,0,3,3,3,3,2,1,4,4,4,2,3,3,3,1,1,4,0,3,3,3,3,3,3,2,3,3,0,3,3,1,4,4,2,0,1,1,1,3,2,3,2,4,3,3,3,4,0,0,3,4,2,4,4,2,3,3,1,3,3,3,3,3,2,2,3,3,3,1,3,3,3,3,3,3,1,2,0,0,0,0,0,0,0,0,0,0,1,0,0,0,3,3,0,3,3,2,3,1,1,1,3,1,3,0,1,0,3,3,3,3,2,3,3,3,3,3,3,3,3,2,1,3,0,4,3,3,3,3,2,3,3,3,3,3,3,3,3,3,1,3,2,3,3,3,3,1,3,3,3,3,3,1,3,3,4,4,3,1"
151,1.0594988912925616,"0,0,1,1,3,4,3,3,4,1,4,4,2,0,3,4,3,1,3,3,2,3,1,3,3,3,3,3,3,1,1,4,4,2,2,4,4,3,3,1,1,3,3,3,1,4,4,0,0,3,3,3,3,3,3,3,3,3,3,3,3,3,3,3,1,3,3,3,3,4,4,3,3,3,3,1,2,4,4,0,3,3,3,3,3,3,3,3,3,3,3,3,3,3,4,4,3,3,3,1,3,3,3,3,1,3,3,3,1,1,1,3,3,3,3,3,3,3,3,0,3,3,3,3,2,1,4,4,4,2,3,3,3,1,1,4,0,3,3,3,3,3,3,2,3,3,3,3,3,1,4,4,2,0,1,1,1,3,2,3,2,4,3,3,3,4,0,0,3,4,2,4,4,2,3,3,1,3,3,3,3,3,3,2,3,3,3,1,3,3,3,3,3,3,1,2,0,0,0,0,0,0,0,0,0,0,1,0,0,0,3,3,0,3,3,2,3,1,1,1,3,1,3,0,1,0,3,3,3,3,2,3,3,3,3,3,3,3,3,2,1,3,0,4,3,3,3,3,2,3,3,3,3,3,3,3,3,3,1,3,2,3,3,3,3,1,3,3,3,3,3,1,3,3,4,4,3,1"
152,1.059075550832107,"0,0,1,1,3,4,3,3,4,1,4,4,2,0,3,4,3,1,3,3,2,3,1,3,3,3,3,3,3,1,1,4,4,2,2,4,4,3,3,1,1,3,3,3,1,4,4,0,0,3,3,3,3,3,3,3,3,3,3,3,3,3,3,3,1,3,3,3,3,4,4,3,3,3,3,1,2,4,4,0,3,3,3,3,3,3,3,3,3,3,3,3,3,3,4,4,3,3,3,1,3,3,3,3,1,3,3,3,1,1,1,3,3,3,3,3,3,3,3,0,3,3,3,3,2,1,4,4,4,2,3,1,3,1,1,4,0,3,3,3,3,3,3,2,3,3,3,3,3,1,4,4,2,0,1,1,1,3,2,3,2,4,3,3,3,4,0,0,3,4,2,4,4,2,3,3,1,3,3,3,3,3,3,2,3,3,3,1,3,3,3,3,3,3,1,2,0,0,0,0,0,0,0,0,0,0,1,0,0,0,3,3,0,3,3,2,3,1,1,1,3,1,3,0,1,0,3,3,3,3,2,3,3,3,3,3,3,3,3,2,1,3,0,4,3,3,3,3,2,3,3,3,3,3,3,3,3,3,1,3,2,3,3,3,3,1,3,3,3,3,3,1,3,3,4,4,3,1"
153,1.0584634263644703,"0,0,1,1,3,4,3,3,4,1,4,4,2,0,3,4,3,1,3,3,2,3,1,3,3,3,3,3,3,1,1,4,4,2,2,4,4,3,3,1,1,3,3,3,1,4,4,0,0,3,3,3,3,3,3,3,3,3,3,3,3,3,3,3,1,3,3,3,3,4,4,3,3,3,3,1,2,4,4,0,3,3,3,3,3,3,3,3,3,3,3,3,3,3,4,4,3,3,3,1,3,3,3,3,1,3,3,3,1,1,1,3,3,3,3,3,3,3,3,0,3,3,3,3,2,1,4,4,4,2,3,1,3,1,1,4,0,3,3,3,3,3,3,2,3,3,3,3,3,1,4,4,2,0,1,1,1,3,2,3,2,4,3,3,3,4,0,0,3,4,2,4,4,2,3,3,1,1,3,3,3,3,2,2,3,3,3,1,3,3,3,3,3,3,1,2,0,0,0,0,0,0,0,0,0,0,1,0,0,0,3,3,0,3,3,2,3,1,1,1,1,1,3,0,1,0,3,3,3,3,2,3,3,3,3,3,3,3,3,2,1,3,0,4,3,3,3,3,2,3,3,3,3,3,3,3,3,1,1,3,2,3,3,3,3,1,3,3,3,3,3,1,3,3,4,4,3,1"
154,1.060171415066083,"0,0,1,1,3,4,3,3,4,1,4,4,2,0,3,4,3,1,3,3,2,3,1,3,3,3,3,3,3,1,1,4,4,2,2,4,4,3,3,1,1,3,3,3,1,4,4,0,0,3,3,3,3,3,3,3,3,3,3,3,3,3,3,3,1,3,3,3,3,4,4,3,3,3,3,1,2,4,4,0,3,3,3,3,3,3,3,3,3,3,3,3,3,3,4,4,3,3,3,1,3,3,3,3,1,3,3,3,1,1,1,3,3,0,3,3,3,3,3,0,3,3,3,3,2,1,4,4,4,2,3,3,3,1,1,4,4,3,3,3,3,3,3,2,3,3,3,3,3,1,4,4,2,0,1,1,1,3,2,3,2,4,3,3,3,4,0,0,3,4,4,4,4,2,3,3,1,3,3,3,3,3,2,2,3,3,3,1,3,3,3,3,3,3,1,2,0,0,0,0,0,0,0,0,0,0,1,0,0,0,3,3,0,3,3,2,3,1,1,1,3,1,3,0,1,0,3,3,3,3,2,3,3,3,3,3,3,3,3,2,3,3,0,0,3,3,3,3,2,3,3,3,3,3,3,3,3,1,1,3,2,3,3,3,3,1,3,3,3,3,3,1,3,3,4,4,3,1"
155,1.0597581763917852,"0,0,1,1,3,4,3,3,4,1,4,4,2,0,3,4,3,1,3,3,2,3,1,3,3,3,3,3,3,1,1,4,4,2,2,4,4,3,3,1,1,3,3,3,1,4,4,0,0,3,3,3,3,3,3,3,3,3,3,3,3,3,3,3,1,3,3,3,3,4,4,3,3,3,3,1,2,4,4,0,3,3,3,3,3,3,3,3,3,3,3,3,3,3,4,4,3,3,3,1,3,3,3,3,1,3,3,3,1,1,1,3,3,3,3,3,3,3,3,0,3,3,3,3,2,1,4,4,4,2,3,3,3,1,1,4,4,3,3,3,3,3,3,2,3,3,3,3,3,1,4,4,2,0,1,1,1,3,2,3,2,4,3,3,3,4,0,0,3,4,2,4,4,2,3,3,1,3,3,3,3,3,2,2,3,3,3,1,3,3,3,3,3,3,1,2,0,0,0,0,0,0,0,0,0,0,0,0,0,0,3,3,0,3,3,2,3,1,1,1,3,1,3,0,1,0,3,3,3,3,2,3,3,3,3,3,3,3,3,2,1,3,0,4,3,3,3,1,2,3,3,3,3,3,3,3,3,1,1,3,2,3,3,3,3,1,3,3,3,3,3,1,3,3,4,4,3,1"
156,1.0597581763917852,"0,0,1,1,3,4,3,3,4,1,4,4,2,0,3,4,3,1,3,3,2,3,1,3,3,3,3,3,3,1,1,4,4,2,2,4,4,3,3,1,1,3,3,3,1,4,4,0,0,3,3,3,3,3,3,3,3,3,3,3,3,3,3,3,1,3,3,3,3,4,4,3,3,3,3,1,2,4,4,0,3,3,3,3,3,3,3,3,3,3,3,3,3,3,4,4,3,3,3,1,3,3,3,3,1,3,3,3,1,1,1,3,3,3,3,3,3,3,3,0,3,3,3,3,2,1,4,4,4,2,3,3,3,1,1,4,4,3,3,3,3,3,3,2,3,3,3,3,3,1,4,4,2,0,1,1,1,3,2,3,2,4,3,3,3,4,0,0,3,4,2,4,4,2,3,3,1,3,3,3,3,3,2,2,3,3,3,1,3,3,3,3,3,3,1,2,0,0,0,0,0,0,0,0,0,0,0,0,0,0,3,3,0,3,3,2,3,1,1,1,3,1,3,0,1,0,3,3,3,3,2,3,3,3,3,3,3,3,3,2,1,3,0,4,3,3,3,1,2,3,3,3,3,3,3,3,3,1,1,3,2,3,3,3,3,1,3,3,3,3,3,1,3,3,4,4,3,1"
157,1.060654950546234,"0,0,1,1,3,4,3,3,4,1,4,4,2,0,3,4,3,1,3,3,2,3,1,3,3,3,3,3,3,1,1,4,4,2,2,4,4,3,3,1,1,3,3,3,1,4,4,0,0,3,3,3,3,3,3,3,3,3,3,3,3,3,3,3,1,3,3,3,3,4,4,3,3,3,3,1,2,4,4,0,3,3,3,3,3,3,3,3,3,3,3,3,3,3,4,4,3,3,3,1,3,3,3,3,1,3,3,3,1,1,1,3,3,3,3,3,3,3,3,0,3,3,3,3,2,1,4,4,4,2,3,3,3,1,1,4,4,3,3,3,3,3,3,2,3,3,3,3,3,1,4,4,2,0,1,1,1,3,2,3,2,4,3,3,3,4,0,0,3,4,2,4,4,2,3,3,1,3,3,3,3,3,2,2,3,3,3,1,3,3,3,3,3,3,1,2,0,0,0,0,0,0,0,0,0,0,0,0,0,0,3,3,0,3,3,2,3,1,1,1,3,1,3,0,1,0,3,3,3,3,2,3,3,3,3,3,3,3,3,2,3,3,0,1,3,3,3,3,2,3,3,3,3,3,3,3,3,1,1,3,2,3,3,3,3,1,3,3,3,3,3,1,3,3,4,4,3,1"
158,1.060660573185721,"0,0,1,1,3,4,3,3,4,1,4,4,2,0,3,4,3,1,3,3,3,3,1,3,3,3,3,3,3,1,1,4,4,2,2,4,4,3,3,1,1,3,3,3,1,4,4,0,0,3,3,3,3,3,3,3,3,3,3,3,3,3,3,3,1,3,3,3,3,4,4,3,3,3,3,1,2,4,4,0,3,3,3,3,3,3,3,3,3,3,3,3,3,3,4,4,3,3,3,1,3,3,3,3,1,3,3,3,1,1,1,3,3,3,3,3,3,3,3,0,3,3,3,3,2,1,4,4,4,2,3,3,3,1,1,4,4,3,3,3,3,3,3,2,3,3,3,3,3,1,4,4,2,0,1,1,1,3,2,3,2,4,3,3,3,4,0,0,3,4,2,4,4,2,3,3,1,3,3,3,3,3,2,2,3,3,3,1,3,3,3,3,3,3,1,2,0,0,0,0,0,0,0,0,0,0,0,0,0,0,3,3,0,3,3,2,3,1,1,1,3,1,3,0,1,0,3,3,3,3,2,3,3,3,3,3,3,3,3,2,3,3,0,1,3,3,3,3,2,3,3,3,3,3,3,3,3,1,1,3,2,3,3,3,3,1,3,3,3,3,3,1,3,3,4,4,3,1"
159,1.0612992468254392,"0,0,3,1,3,4,3,3,4,1,4,4,2,0,3,4,3,1,3,3,3,3,1,3,3,3,3,3,3,1,1,4,4,2,2,4,4,3,3,1,1,3,3,3,1,4,4,0,0,3,3,3,3,3,3,3,3,3,3,3,3,3,3,3,1,3,3,3,3,4,4,3,3,3,3,1,2,4,4,0,3,3,3,3,3,3,3,3,3,3,3,3,3,3,4,4,3,3,3,1,3,3,3,3,1,3,3,3,1,1,1,3,3,3,3,3,3,3,3,0,3,3,3,3,2,1,4,4,4,2,3,3,3,1,1,4,4,3,3,3,3,3,3,0,3,3,3,3,3,1,4,4,2,0,1,1,1,3,2,3,2,4,3,3,3,4,0,0,3,4,4,4,4,2,3,3,1,3,3,3,3,3,2,2,3,3,3,1,3,3,3,3,3,3,1,0,0,0,0,0,0,0,0,0,0,0,0,0,0,0,3,3,0,3,3,2,3,1,1,1,3,1,3,0,3,0,3,3,3,3,2,3,3,3,3,3,3,3,3,2,3,3,0,1,3,3,3,3,2,3,3,3,3,3,3,3,3,1,1,3,2,3,3,3,3,1,3,3,3,3,3,1,3,3,4,4,3,3"
160,1.0613801200477946,"0,0,3,1,3,4,3,3,4,1,4,4,2,0,3,4,3,1,3,3,3,3,1,3,3,3,3,3,3,1,1,4,4,2,2,4,4,3,3,1,1,3,3,3,1,4,4,0,0,3,3,3,3,3,3,3,3,3,3,3,3,3,3,3,1,3,3,3,3,4,4,3,3,3,3,1,2,4,4,0,3,3,3,3,3,3,3,3,3,3,3,3,3,3,4,4,3,3,3,1,3,3,3,3,1,3,3,3,1,1,1,3,3,3,3,3,3,3,3,0,3,3,3,3,2,1,4,4,4,2,3,3,3,1,1,4,4,3,3,3,3,3,3,0,3,3,3,3,3,1,4,4,2,0,1,1,1,3,2,3,2,4,3,3,3,4,0,0,3,4,4,4,4,2,3,3,1,3,3,3,3,3,2,2,3,3,3,1,3,3,3,3,3,3,1,0,0,0,0,0,0,0,0,0,0,0,0,0,0,0,3,3,0,3,3,2,3,1,1,1,3,1,3,0,3,0,3,3,3,3,2,3,3,3,3,3,3,3,3,2,3,3,0,1,3,3,3,3,2,3,3,3,3,3,3,3,3,1,3,3,2,3,3,3,3,1,3,3,3,3,3,1,3,3,4,4,3,3"
161,1.060762581888522,"0,0,3,1,3,4,3,3,4,1,4,4,2,0,3,4,3,1,3,3,3,3,1,3,3,3,3,3,3,1,1,4,4,2,2,4,4,3,3,1,1,3,3,3,1,4,4,0,0,3,3,3,3,3,3,3,3,3,3,3,3,3,3,3,1,3,3,3,3,4,4,3,3,3,3,1,2,4,4,0,3,3,3,3,3,3,3,3,3,3,3,3,3,3,4,4,3,3,3,1,3,3,3,3,1,3,3,3,1,1,1,3,3,3,3,3,3,3,3,0,3,3,3,3,2,1,4,4,4,2,3,3,3,1,1,4,4,3,3,3,3,3,3,0,3,3,3,3,3,1,4,4,2,0,1,1,1,3,2,3,2,4,3,3,3,4,0,0,3,4,4,4,4,2,3,3,1,3,3,3,3,3,2,2,3,3,3,1,3,3,3,3,3,3,1,2,0,0,0,0,0,0,0,0,0,0,0,0,2,0,3,3,2,3,3,2,3,1,1,1,3,1,3,3,1,0,0,3,3,3,2,3,3,3,3,3,3,3,3,2,3,3,0,1,3,3,3,3,2,3,3,3,3,3,3,3,3,1,1,3,2,3,3,3,3,1,3,3,3,3,3,1,3,3,4,4,3,3"
162,1.0606536985658486,"0,0,3,1,3,4,3,3,4,1,4,4,2,0,3,4,3,1,3,3,3,3,1,3,3,3,3,3,3,1,1,4,4,2,2,4,4,3,3,1,1,3,3,3,1,4,4,0,0,3,3,3,3,3,3,3,3,3,3,3,3,3,3,3,1,3,3,3,3,4,4,3,1,3,3,1,2,4,4,0,3,3,3,3,3,3,3,3,3,3,3,3,3,3,4,4,3,3,3,1,3,3,3,3,1,3,3,3,1,1,1,3,3,3,3,3,3,3,3,0,3,3,3,3,2,1,4,4,4,2,3,3,3,1,1,4,4,3,3,3,3,3,3,0,3,3,3,3,3,1,4,4,2,0,1,1,1,3,2,3,2,4,3,3,3,4,0,0,3,4,4,4,4,2,3,3,1,3,3,3,3,3,2,2,3,3,3,1,3,3,3,3,3,3,1,2,0,0,0,0,0,0,0,0,0,0,0,0,2,0,3,3,2,3,3,2,3,1,1,1,3,1,3,3,1,0,0,3,3,3,2,3,3,3,3,3,3,3,3,2,3,3,0,1,3,3,3,3,2,3,3,3,3,3,3,3,3,1,1,3,2,3,3,3,3,1,3,3,3,3,3,1,3,3,4,4,3,3"
163,1.0611459225484823,"0,0,3,1,3,4,3,3,4,1,4,4,2,0,3,4,3,1,3,3,3,3,1,3,3,3,3,3,3,1,1,4,4,2,2,4,4,3,3,1,1,3,3,3,1,4,4,0,0,3,3,3,3,3,3,3,3,3,3,3,3,3,3,3,1,3,3,3,3,4,4,3,3,3,3,1,2,4,4,0,3,3,3,3,3,3,3,3,3,3,3,3,3,3,4,4,3,3,3,1,3,3,3,3,1,3,3,3,1,1,1,3,3,3,3,3,3,3,3,0,3,3,3,3,2,1,4,4,4,2,3,3,3,1,1,4,4,3,3,3,3,3,3,0,3,3,3,3,3,1,4,4,2,0,1,1,1,3,2,3,2,4,3,3,3,4,0,0,3,4,4,4,4,2,3,3,1,3,3,3,3,3,2,2,3,3,3,1,3,3,3,3,3,3,1,2,0,0,0,0,0,0,0,0,0,0,0,0,0,0,3,3,2,3,3,2,3,1,1,1,3,1,3,3,1,0,0,3,3,3,2,3,3,3,3,3,3,3,3,2,3,3,0,1,3,3,3,3,2,3,3,3,3,3,3,3,3,1,1,3,2,3,3,3,3,1,3,3,3,3,3,1,3,3,4,4,3,3"
164,1.061354631766448,"0,0,3,1,3,4,3,3,4,1,4,4,2,0,3,4,3,1,3,3,3,3,1,3,3,3,3,3,3,1,1,4,4,2,2,4,4,3,3,1,1,3,3,3,1,4,4,0,0,3,3,3,3,3,3,3,3,3,3,3,3,3,3,3,1,3,3,3,3,4,4,3,3,3,3,1,2,4,4,0,3,3,3,3,3,3,3,3,3,3,3,3,3,3,4,4,3,3,3,1,3,3,3,3,1,3,3,3,1,1,1,3,3,3,3,3,3,3,3,0,3,3,3,3,2,1,4,4,4,2,3,3,3,1,1,4,4,3,3,3,3,3,3,0,3,3,3,3,3,1,4,4,2,0,1,1,1,3,2,3,2,4,3,3,3,4,0,1,3,4,4,4,4,2,3,3,1,3,3,3,3,3,2,2,3,3,3,1,3,3,3,3,3,3,1,0,0,0,0,0,0,0,0,0,0,0,0,0,0,0,3,3,0,3,3,2,3,1,1,1,3,1,3,0,3,0,3,3,3,3,2,3,3,3,3,3,3,3,3,2,3,3,0,1,3,3,3,3,2,3,3,3,3,3,3,3,3,1,1,3,2,3,3,3,3,1,3,3,3,3,3,1,3,3,4,4,3,3"
165,1.0612663570799419,"0,0,3,1,3,4,3,3,4,1,4,4,2,0,3,4,3,1,3,3,3,3,1,3,3,3,3,3,3,1,1,4,4,4,2,4,4,3,3,1,1,3,3,3,1,4,4,0,0,3,3,3,3,3,3,3,3,3,3,3,3,3,3,3,1,3,3,3,3,4,4,3,3,3,3,1,2,4,4,0,3,3,3,3,3,3,3,3,3,3,3,3,3,3,4,4,3,3,3,1,3,3,3,3,1,3,3,3,1,1,1,3,3,3,3,3,3,3,3,0,3,3,3,3,2,1,4,4,4,2,3,3,3,1,1,4,4,3,3,3,3,3,3,0,3,3,3,3,3,1,4,4,2,0,1,1,1,3,2,3,2,4,3,3,3,4,0,0,3,4,4,4,4,2,3,3,1,3,3,3,3,3,2,2,3,3,3,1,3,3,3,3,3,3,1,2,0,0,0,0,0,0,0,0,0,0,0,0,0,0,3,3,2,3,3,2,3,1,1,1,3,1,3,3,1,0,0,3,3,3,2,3,3,3,3,3,3,3,3,2,3,3,0,1,3,3,3,3,2,3,3,3,3,3,3,3,3,1,1,3,2,3,3,3,3,0,3,3,3,3,3,1,3,3,4,4,3,3"
166,1.0623987470839737,"0,0,3,1,3,4,3,3,4,1,4,4,2,0,3,4,3,1,3,3,3,3,1,3,3,3,3,3,3,1,1,4,4,4,2,4,4,3,3,1,1,3,3,3,1,4,4,0,0,3,3,3,3,3,3,3,3,3,3,3,3,3,3,3,1,3,3,3,3,4,4,3,3,3,3,1,2,4,4,3,3,3,3,3,3,3,3,3,3,3,3,3,3,3,4,4,3,3,3,1,3,3,3,3,1,3,3,3,1,1,1,3,3,3,3,3,3,3,3,0,3,3,3,3,2,2,4,4,4,2,3,3,3,1,1,4,4,3,3,3,3,3,3,0,3,3,3,3,3,1,4,4,2,0,1,3,1,3,2,3,2,4,3,3,3,4,0,0,3,4,4,4,4,2,3,3,1,3,3,3,3,3,2,2,3,3,3,1,3,3,3,3,3,3,1,2,0,0,0,0,0,0,0,0,0,0,0,0,0,0,3,3,0,3,3,2,3,1,1,1,3,1,3,0,3,0,3,3,3,3,2,3,3,3,3,3,3,3,3,2,3,3,0,1,3,3,3,3,2,3,3,3,3,3,3,3,3,1,3,3,2,3,3,3,3,1,3,3,3,3,3,1,3,3,4,4,3,3"
167,1.063037379963867,"0,0,3,1,3,4,3,3,4,1,4,4,3,0,3,4,3,1,3,3,3,3,1,3,3,3,3,3,3,1,3,4,4,4,2,4,4,3,3,1,1,3,3,3,1,4,4,0,0,3,3,3,3,3,3,3,3,3,3,3,3,3,3,3,1,3,3,3,3,4,4,3,3,3,3,1,2,4,4,3,3,3,3,3,3,3,3,3,3,3,3,3,3,3,4,4,3,3,3,1,3,3,3,3,1,3,3,3,1,1,1,3,3,3,3,3,3,3,3,0,3,3,3,3,2,2,4,4,4,2,3,3,3,1,1,4,4,3,3,3,3,3,3,0,3,3,3,3,3,1,4,4,2,0,1,3,1,3,2,3,2,4,3,3,3,4,0,0,3,4,4,4,4,2,3,3,1,3,3,3,3,3,2,2,3,3,3,1,3,3,3,3,3,3,1,2,0,0,0,0,0,0,0,0,0,0,0,0,0,0,3,3,0,3,3,2,3,1,1,1,3,1,3,0,3,0,3,3,3,3,2,3,3,3,3,3,3,3,3,2,3,3,0,1,3,3,3,3,2,3,3,3,3,3,3,3,3,1,3,3,2,3,3,3,3,1,3,3,3,3,3,1,3,3,4,4,3,3"
168,1.0628292390366254,"0,0,3,1,3,4,3,3,4,1,4,4,3,0,3,4,3,1,3,3,3,3,1,3,3,3,3,3,3,1,3,4,4,4,2,4,4,3,3,1,1,3,3,3,1,4,4,0,0,3,3,3,2,3,3,3,3,3,3,3,3,3,3,3,1,3,3,3,3,4,4,3,3,3,3,1,2,4,4,3,3,3,3,3,3,3,3,3,3,3,3,3,3,3,4,4,3,3,3,1,3,3,3,3,1,3,3,3,1,1,1,3,3,3,3,3,3,3,3,0,3,3,3,3,2,2,4,4,4,2,3,3,3,1,1,4,4,3,3,3,3,3,3,0,3,3,3,3,3,1,4,4,2,0,1,3,1,3,2,3,2,4,3,3,3,4,0,0,3,4,4,4,4,2,3,3,1,3,3,3,3,3,2,2,3,3,3,1,3,3,3,3,3,3,1,2,0,0,0,0,0,0,0,0,0,0,0,0,0,0,3,3,0,3,3,2,3,1,1,1,3,1,3,0,3,0,3,3,3,3,2,3,3,3,3,3,3,3,3,2,3,3,0,1,3,3,3,3,2,3,3,3,3,3,3,3,3,1,3,3,2,3,3,3,3,1,3,3,3,3,3,1,3,3,4,4,3,3"
169,1.0617863494599704,"0,0,3,1,3,4,3,3,4,1,4,4,3,0,3,4,3,1,3,3,3,3,1,3,3,3,3,3,3,1,3,4,4,4,2,4,4,3,3,1,1,3,3,3,1,4,4,0,0,3,3,3,3,3,3,3,3,3,3,3,3,3,3,3,1,3,3,3,3,4,4,3,3,0,3,1,3,4,4,3,3,3,3,3,3,3,3,3,3,3,3,3,2,3,4,4,3,3,3,1,3,3,3,3,1,3,3,3,1,1,1,3,3,3,3,3,3,3,3,0,3,3,3,3,2,2,4,4,4,2,3,3,3,1,1,4,4,3,3,3,3,3,3,0,3,3,3,3,3,1,4,4,2,0,1,3,1,3,2,3,2,4,3,3,3,4,0,0,3,4,4,4,4,2,3,3,1,3,3,3,3,3,2,2,3,3,3,1,4,3,3,3,3,3,1,2,0,0,0,0,0,0,0,0,0,0,0,0,0,0,3,3,2,3,3,2,3,1,1,1,3,1,3,3,1,0,0,3,3,3,2,3,3,3,3,3,3,3,3,2,3,3,0,1,3,3,3,3,2,3,3,3,3,3,3,3,3,1,3,3,2,3,3,3,3,1,3,3,3,3,3,1,3,3,4,4,3,3"
170,1.0626772818721917,"0,0,3,1,3,4,3,3,4,1,4,4,3,0,3,4,3,1,3,3,3,3,1,3,3,3,3,3,3,1,3,4,4,4,2,4,4,3,3,1,1,3,3,3,1,4,4,0,0,3,3,3,3,3,3,3,3,3,3,3,3,3,3,3,1,3,3,3,3,4,4,3,3,3,3,1,3,4,4,3,3,3,3,3,3,3,3,3,3,3,3,3,3,3,4,4,3,3,3,1,3,3,3,3,1,3,3,3,1,1,1,3,3,3,3,3,3,3,3,0,3,3,3,3,2,2,4,4,4,2,3,3,3,1,1,4,4,3,3,3,3,3,3,0,3,3,3,3,3,1,4,4,2,0,1,3,1,3,2,3,2,4,3,3,3,4,0,0,3,4,4,4,4,2,3,3,1,3,3,3,3,2,2,2,3,3,3,1,3,3,3,3,3,3,1,2,0,0,0,0,0,0,0,0,0,0,0,0,0,0,3,3,0,3,3,2,3,1,1,1,3,1,3,0,3,0,3,3,3,3,2,3,3,3,3,3,3,3,3,2,3,3,1,1,3,3,3,3,2,3,3,3,3,3,3,3,3,1,3,3,2,3,3,3,3,1,3,3,3,3,3,1,3,3,4,4,3,3"
171,1.0618685893412678,"0,0,3,1,3,4,3,3,4,1,4,4,3,0,3,4,3,1,3,3,3,3,1,3,3,3,3,3,3,1,3,4,4,4,2,4,4,3,3,1,1,3,3,3,1,4,4,0,0,3,3,3,3,3,3,3,3,3,3,3,3,3,3,3,1,3,3,3,3,4,4,3,3,3,3,1,3,4,4,3,3,3,3,3,3,3,3,3,3,3,3,3,3,3,4,4,3,3,3,1,3,3,3,3,1,3,3,3,1,1,1,3,3,3,3,3,3,3,3,0,3,3,3,3,2,2,4,4,4,2,3,3,3,1,1,4,4,3,3,3,3,3,3,0,3,3,3,3,3,1,4,4,2,0,1,3,1,3,2,3,2,4,3,3,3,4,0,0,3,4,4,4,4,2,3,3,1,3,3,3,3,2,2,2,3,3,3,1,3,3,3,3,3,3,1,2,0,0,0,0,0,0,0,0,0,0,0,0,0,0,3,3,0,3,1,2,3,1,1,1,3,1,3,0,3,0,3,3,3,3,2,3,3,3,3,3,3,3,3,2,4,3,1,1,3,3,3,3,2,3,3,3,3,3,3,3,3,1,3,3,2,3,3,3,3,1,3,3,3,3,3,1,3,3,4,4,3,3"
172,1.0621877088920402,"0,0,3,1,3,4,3,3,4,1,4,4,3,0,3,4,3,1,3,3,3,3,1,3,3,3,3,3,3,1,3,4,4,4,2,4,4,3,3,1,1,3,3,3,1,4,4,0,0,3,3,3,3,3,3,3,3,3,3,3,3,3,3,3,1,3,3,3,3,4,4,3,3,3,3,1,3,4,4,3,3,3,3,3,3,3,3,3,3,3,3,3,3,3,4,4,3,3,3,1,3,3,3,3,1,3,3,3,1,1,1,3,3,3,3,3,3,3,3,0,3,3,3,3,2,2,4,4,4,2,3,3,3,1,1,4,4,3,3,3,3,3,3,0,3,3,3,3,3,1,4,4,2,0,1,3,1,3,2,3,2,1,3,3,3,4,0,0,3,4,4,4,4,2,3,1,1,3,3,3,3,3,2,2,3,3,3,1,3,3,3,3,3,3,1,2,0,0,0,0,0,0,0,0,0,0,0,0,0,0,3,3,0,3,3,2,3,1,1,1,3,1,3,0,3,0,3,3,3,3,2,3,3,3,3,3,3,3,3,2,3,3,1,1,3,4,3,3,2,3,3,3,3,3,3,3,3,1,3,3,2,3,3,3,3,1,3,3,3,3,3,1,3,3,4,4,3,3"
173,1.0623518270991466,"0,0,3,1,3,4,3,3,4,1,4,4,3,0,3,4,3,1,3,3,3,3,1,3,3,3,3,3,3,1,3,4,4,4,2,4,4,3,3,1,1,3,3,3,1,4,4,0,0,3,3,3,3,3,3,3,3,3,3,3,3,3,3,3,1,3,3,3,3,4,4,3,3,3,3,1,3,4,4,3,3,3,3,3,3,3,3,3,3,3,3,3,3,3,4,4,3,3,3,1,3,3,3,3,1,3,3,3,1,1,1,3,3,3,3,3,3,3,3,0,3,3,3,3,2,2,4,4,4,2,3,3,3,1,1,4,4,3,3,3,3,3,3,0,3,3,3,3,3,1,4,4,2,0,1,3,1,3,2,3,2,4,3,3,3,4,0,0,3,4,4,4,4,2,3,3,1,3,3,3,3,3,2,2,3,3,3,1,3,3,3,3,3,3,1,2,0,0,0,0,0,0,0,0,0,0,0,0,0,0,3,3,3,3,3,2,3,1,1,1,3,1,3,0,3,0,3,3,3,3,2,3,3,3,3,3,4,3,3,2,3,3,1,1,3,3,3,3,2,3,3,3,3,3,3,3,3,1,3,3,2,3,3,3,3,1,3,3,3,3,3,1,3,3,4,4,3,3"
174,1.0635157438860412,"0,0,3,1,3,4,3,3,4,1,4,4,3,0,3,4,3,1,3,3,3,3,1,3,3,3,3,3,3,1,3,4,4,4,2,4,4,3,3,1,1,3,3,3,1,4,4,0,0,3,3,3,3,3,3,3,3,3,3,3,3,3,3,3,1,3,3,3,3,4,4,3,3,3,3,1,3,4,4,3,3,3,3,3,3,3,3,3,3,3,3,3,3,3,4,4,3,3,3,1,3,3,3,3,1,3,3,3,1,1,1,3,3,3,3,3,3,3,3,0,3,3,3,3,2,2,4,4,4,2,3,3,3,1,1,4,4,3,3,3,3,3,3,0,3,3,3,3,3,1,4,4,2,0,1,3,1,3,2,3,2,4,3,3,3,4,0,0,3,4,4,4,4,2,3,3,1,3,3,3,3,3,2,2,3,3,3,1,3,3,3,3,3,3,1,2,0,0,0,0,0,0,0,0,0,0,0,0,0,0,3,3,0,3,3,2,3,1,1,1,3,1,3,0,3,0,3,3,3,3,2,3,3,3,3,3,3,3,3,2,3,3,1,1,3,3,3,3,2,3,3,3,3,3,3,3,3,1,3,3,2,3,3,3,3,1,3,3,3,3,3,1,3,3,4,4,3,3"
175,1.0635157438860412,"0,0,3,1,3,4,3,3,4,1,4,4,3,0,3,4,3,1,3,3,3,3,1,3,3,3,3,3,3,1,3,4,4,4,2,4,4,3,3,1,1,3,3,3,1,4,4,0,0,3,3,3,3,3,3,3,3,3,3,3,3,3,3,3,1,3,3,3,3,4,4,3,3,3,3,1,3,4,4,3,3,3,3,3,3,3,3,3,3,3,3,3,3,3,4,4,3,3,3,1,3,3,3,3,1,3,3,3,1,1,1,3,3,3,3,3,3,3,3,0,3,3,3,3,2,2,4,4,4,2,3,3,3,1,1,4,4,3,3,3,3,3,3,0,3,3,3,3,3,1,4,4,2,0,1,3,1,3,2,3,2,4,3,3,3,4,0,0,3,4,4,4,4,2,3,3,1,3,3,3,3,3,2,2,3,3,3,1,3,3,3,3,3,3,1,2,0,0,0,0,0,0,0,0,0,0,0,0,0,0,3,3,0,3,3,2,3,1,1,1,3,1,3,0,3,0,3,3,3,3,2,3,3,3,3,3,3,3,3,2,3,3,1,1,3,3,3,3,2,3,3,3,3,3,3,3,3,1,3,3,2,3,3,3,3,1,3,3,3,3,3,1,3,3,4,4,3,3"
176,1.0625732152178062,"0,0,3,1,3,4,3,3,4,1,4,4,3,0,3,4,3,1,3,3,3,3,1,3,3,3,3,3,3,1,3,4,4,4,2,4,4,3,3,1,1,3,3,3,1,4,4,0,0,3,3,3,3,3,3,3,3,3,3,3,3,3,3,3,1,3,3,3,3,4,4,3,3,3,3,1,3,4,4,3,3,3,3,3,3,3,3,3,3,3,3,3,3,3,4,4,3,3,3,1,3,3,3,3,1,3,3,3,1,1,1,3,3,3,3,3,3,3,3,0,3,3,3,3,2,2,4,4,4,2,3,3,3,1,1,4,4,3,3,3,3,3,3,0,3,3,3,3,3,1,4,4,2,0,1,3,1,3,2,3,2,4,3,3,3,4,0,0,3,4,4,4,4,2,3,3,1,3,3,3,3,3,2,2,3,3,3,1,3,3,3,3,3,3,1,2,0,0,0,0,0,0,0,0,0,0,0,0,0,0,3,3,0,3,3,2,3,1,1,1,3,1,3,0,3,0,3,3,1,3,2,3,3,3,3,3,3,3,3,2,3,3,1,1,3,3,3,3,2,3,3,3,3,3,3,3,3,1,3,3,2,3,3,3,3,1,3,3,3,3,3,1,3,1,4,4,3,3"
177,1.063801889438589,"0,0,3,1,3,4,3,3,4,1,4,4,3,0,3,4,3,1,3,3,3,3,1,3,3,3,3,3,3,1,3,4,4,4,2,4,4,3,3,1,1,3,3,3,1,4,4,0,0,3,3,3,3,3,3,3,3,3,3,3,3,3,3,3,1,3,3,3,3,4,4,3,3,3,3,1,3,4,4,3,3,3,3,3,3,3,3,3,3,3,3,3,3,3,4,4,3,3,3,1,3,3,3,3,1,3,3,3,1,1,1,3,3,3,3,3,3,3,3,0,3,3,3,3,2,2,4,4,4,3,3,3,3,1,1,4,4,3,3,3,3,3,3,0,3,3,3,3,3,0,4,4,2,0,1,3,1,3,2,3,2,4,3,3,3,4,0,0,3,4,4,4,4,2,3,3,1,3,3,3,3,3,2,2,3,3,3,1,3,3,3,3,3,3,1,2,0,0,0,0,0,0,0,0,0,0,0,0,0,0,3,3,0,3,3,2,3,1,1,1,3,1,3,0,3,0,3,3,3,3,2,3,3,3,3,3,3,3,3,2,3,3,1,1,3,3,3,3,2,3,3,3,3,3,3,3,3,1,3,3,2,3,3,3,3,1,3,3,3,3,3,1,3,3,4,4,3,3"
178,1.0634989744213594,"0,0,3,1,3,4,3,3,4,1,4,4,3,0,3,4,3,3,3,3,3,3,1,3,3,3,3,3,3,1,3,4,4,4,2,4,4,3,3,1,1,3,4,3,1,4,4,0,0,3,3,3,3,3,3,3,3,3,3,3,3,3,3,3,1,3,3,3,3,4,4,3,3,3,3,1,3,4,4,3,3,3,3,3,3,3,3,3,3,3,3,3,3,3,4,4,3,3,3,1,3,3,3,3,1,3,3,3,1,1,1,3,3,3,3,3,3,3,3,0,3,3,3,3,2,2,4,4,4,3,3,3,3,1,1,4,4,3,3,3,3,3,3,0,3,3,3,3,3,1,4,4,2,0,1,3,1,3,2,3,2,4,3,3,3,4,0,0,3,4,4,4,4,2,3,3,1,3,3,3,3,3,2,2,3,3,3,1,3,3,3,3,3,3,1,2,0,0,0,0,0,0,0,0,0,0,0,0,0,0,3,3,0,3,3,2,3,1,1,1,3,1,3,0,3,0,3,3,3,3,2,3,3,3,3,3,3,3,3,2,3,3,1,1,3,3,3,3,2,3,3,3,3,3,3,3,3,1,3,3,2,3,3,3,3,1,3,3,3,3,3,1,3,3,4,4,3,3"
179,1.0647317411105643,"0,0,3,1,3,4,3,3,4,1,4,4,3,0,3,4,3,3,3,3,3,3,3,3,3,3,3,3,3,1,3,4,4,4,2,4,4,3,3,1,1,3,3,3,1,4,4,0,0,3,3,3,3,3,3,3,3,3,3,3,3,3,3,3,1,3,3,3,3,4,4,3,3,3,3,1,3,4,4,3,3,3,3,3,3,3,3,3,3,3,3,3,3,3,4,4,3,3,3,1,3,3,3,3,1,3,3,3,1,1,1,3,3,3,3,3,3,3,3,0,3,3,3,3,2,2,4,4,4,3,3,3,3,1,1,4,4,3,3,3,3,3,3,0,3,3,3,3,3,1,4,4,2,0,1,3,1,3,2,3,2,4,3,3,3,4,0,0,3,4,4,4,4,2,3,3,1,3,3,3,3,3,2,2,3,3,3,1,3,3,3,3,3,3,1,2,0,0,0,0,0,0,0,0,0,0,0,0,0,0,3,3,0,3,3,2,3,1,1,1,3,1,3,0,3,0,3,3,3,3,2,3,3,3,3,3,3,3,3,2,3,3,1,1,3,3,3,3,2,3,3,3,3,3,3,3,3,1,3,3,2,3,3,3,3,1,3,3,3,3,3,1,3,3,4,4,3,3"
180,1.0650352238262504,"0,0,3,1,3,4,3,3,4,1,4,4,3,0,3,4,3,3,3,3,3,3,3,3,3,3,3,3,3,1,3,4,4,4,2,4,4,3,3,1,1,3,3,3,1,4,4,0,0,3,3,3,3,3,3,3,3,3,2,3,3,3,3,3,1,3,3,3,3,4,4,3,3,3,3,1,3,4,4,3,3,3,3,3,3,3,3,3,3,3,3,3,3,3,4,4,3,3,3,1,3,3,3,3,1,3,3,3,1,1,1,3,3,3,3,3,3,3,3,0,3,3,3,3,2,2,4,4,4,3,3,3,3,1,1,4,4,3,3,3,3,3,3,0,3,3,3,3,3,1,4,4,2,0,1,3,1,3,2,3,2,4,3,3,3,4,0,0,3,4,4,4,4,2,3,3,1,3,3,3,3,3,2,2,3,3,3,1,3,3,3,3,3,3,1,2,0,0,0,0,0,0,0,0,0,0,0,0,0,0,3,3,0,3,3,2,3,3,1,1,3,1,3,0,3,0,3,3,3,3,2,3,3,3,3,3,3,3,3,2,3,3,1,1,3,3,3,3,2,3,3,3,3,3,3,3,3,1,3,3,3,3,3,3,3,1,3,3,3,3,3,1,3,3,4,4,3,3"
181,1.064743732253027,"0,0,3,1,3,4,3,3,4,1,4,4,3,0,3,4,3,3,3,3,3,3,3,3,3,3,3,3,3,1,3,4,4,4,2,4,4,3,3,1,1,3,3,3,1,4,4,0,0,3,3,3,3,3,3,3,3,3,2,3,3,3,3,3,1,3,3,3,3,4,4,3,3,3,3,1,3,4,4,3,3,3,3,3,3,3,3,3,3,3,3,3,3,3,4,4,3,3,3,1,3,3,3,3,1,3,3,3,1,1,1,3,3,3,3,3,3,3,3,0,3,3,3,3,2,2,4,4,4,3,3,3,3,1,1,4,4,3,3,3,3,3,3,0,3,3,3,3,3,1,4,4,2,0,1,3,1,3,2,3,2,4,3,3,3,4,0,0,3,4,4,4,4,2,3,3,1,3,3,3,3,3,2,2,3,3,3,1,3,3,3,3,3,3,1,2,0,0,0,0,0,0,0,0,0,0,0,0,0,0,3,3,0,3,3,2,3,3,1,1,3,1,3,0,3,0,3,3,3,3,2,3,3,3,3,3,3,3,3,2,3,3,1,1,3,3,3,3,2,3,3,3,3,3,3,3,3,1,3,3,2,3,3,3,3,1,3,3,3,3,3,1,3,3,4,4,3,3"
182,1.0656662918275472,"0,0,3,1,3,4,3,3,4,1,4,4,3,0,3,4,3,3,3,3,3,3,3,3,3,3,3,3,3,1,3,4,4,4,2,4,4,3,3,1,1,3,3,3,1,4,4,0,0,3,3,3,3,3,3,3,3,3,3,3,3,3,3,3,3,3,3,3,3,4,4,3,3,3,3,1,3,4,4,3,3,3,3,3,3,3,3,3,3,3,3,3,3,3,4,4,3,3,3,1,3,3,3,3,1,3,3,3,1,1,1,3,3,3,3,3,3,3,3,0,3,3,3,3,2,2,4,4,4,3,3,3,3,1,1,4,4,3,3,3,3,3,3,0,3,3,3,3,3,1,4,4,2,0,1,3,1,3,2,3,2,4,3,3,3,4,0,0,3,4,4,4,4,2,3,3,1,3,3,3,3,3,2,2,3,3,3,1,3,3,3,3,3,3,1,2,0,0,0,0,0,0,0,0,0,0,0,0,0,0,3,3,0,3,3,2,3,3,1,1,3,1,3,0,3,0,3,3,3,3,2,3,3,3,3,3,3,3,3,2,3,3,1,1,3,3,3,3,2,3,3,3,3,3,3,3,3,3,3,3,2,3,3,3,3,1,3,3,3,3,3,1,3,3,4,4,3,3"
183,1.0656662918275472,"0,0,3,1,3,4,3,3,4,1,4,4,3,0,3,4,3,3,3,3,3,3,3,3,3,3,3,3,3,1,3,4,4,4,2,4,4,3,3,1,1,3,3,3,1,4,4,0,0,3,3,3,3,3,3,3,3,3,3,3,3,3,3,3,3,3,3,3,3,4,4,3,3,3,3,1,3,4,4,3,3,3,3,3,3,3,3,3,3,3,3,3,3,3,4,4,3,3,3,1,3,3,3,3,1,3,3,3,1,1,1,3,3,3,3,3,3,3,3,0,3,3,3,3,2,2,4,4,4,3,3,3,3,1,1,4,4,3,3,3,3,3,3,0,3,3,3,3,3,1,4,4,2,0,1,3,1,3,2,3,2,4,3,3,3,4,0,0,3,4,4,4,4,2,3,3,1,3,3,3,3,3,2,2,3,3,3,1,3,3,3,3,3,3,1,2,0,0,0,0,0,0,0,0,0,0,0,0,0,0,3,3,0,3,3,2,3,3,1,1,3,1,3,0,3,0,3,3,3,3,2,3,3,3,3,3,3,3,3,2,3,3,1,1,3,3,3,3,2,3,3,3,3,3,3,3,3,3,3,3,2,3,3,3,3,1,3,3,3,3,3,1,3,3,4,4,3,3"
184,1.0642629295765276,"0,0,3,1,3,4,3,3,4,1,4,4,3,0,3,4,3,3,3,3,3,3,3,3,3,3,3,3,3,1,3,4,4,4,2,4,4,3,3,1,1,3,3,3,1,4,4,0,0,3,3,3,3,3,3,3,3,3,3,3,3,3,3,3,3,3,3,3,3,4,4,3,3,3,3,1,3,4,4,3,3,3,3,3,3,3,3,3,3,3,3,3,3,3,4,4,3,3,3,1,3,3,3,3,1,3,3,3,1,1,1,3,3,3,3,3,3,3,3,0,3,3,3,3,2,2,4,4,4,3,3,3,3,1,1,4,4,3,3,3,3,3,4,0,3,3,3,3,3,1,4,4,2,0,1,3,1,3,2,3,2,4,3,3,3,4,0,0,3,4,4,4,4,2,3,3,1,3,3,3,3,3,2,2,3,3,3,1,3,3,3,3,3,3,1,2,0,0,0,0,0,0,0,2,0,0,0,0,0,0,3,3,0,3,3,2,3,3,1,1,3,1,3,0,3,0,3,3,3,3,2,3,3,3,3,3,3,3,3,2,3,3,1,1,3,3,3,3,2,3,3,3,3,3,3,3,3,3,3,3,2,3,3,3,3,1,3,3,3,3,3,1,3,3,4,4,3,3"
185,1.066412479518926,"0,0,3,1,3,4,3,3,4,1,4,4,3,0,3,4,3,3,3,3,3,3,3,3,3,3,3,3,3,1,3,4,4,4,2,4,4,3,3,1,1,3,3,3,1,4,4,0,0,3,3,3,3,3,3,3,3,3,3,3,3,3,3,3,3,3,3,3,3,4,4,3,3,3,3,3,3,4,4,3,3,3,3,3,3,3,3,3,3,3,3,3,3,3,4,4,3,3,3,1,3,3,3,3,1,3,3,3,1,1,1,3,3,3,3,3,3,3,3,0,3,3,3,3,2,2,4,4,4,3,3,3,3,1,1,4,4,3,3,3,3,3,3,0,3,3,3,3,3,1,4,4,2,0,3,3,1,3,2,3,2,4,3,3,3,4,0,0,3,4,4,4,4,2,3,3,1,3,3,3,3,3,2,2,3,3,3,1,3,3,3,3,3,3,1,2,0,0,0,0,0,0,0,0,0,0,0,0,0,0,3,3,0,3,3,2,3,3,1,1,3,1,3,0,3,0,3,3,3,3,2,3,3,3,3,3,3,3,3,2,3,3,1,1,3,3,3,3,2,3,3,3,3,3,3,3,3,3,3,3,2,3,3,3,3,1,3,3,3,3,3,1,3,3,4,4,3,3"
186,1.0667245502699458,"0,0,3,1,3,4,3,3,4,1,4,4,3,0,3,4,3,3,3,3,3,3,3,3,3,3,3,3,3,1,3,4,4,4,2,4,4,3,3,1,1,3,3,3,1,4,4,0,0,3,3,3,3,3,3,3,3,3,3,3,3,3,3,3,3,3,3,3,3,4,4,3,3,3,3,3,3,4,4,3,3,3,3,3,3,3,3,3,3,3,3,3,3,3,4,4,3,3,3,1,3,3,3,3,1,3,3,3,1,1,1,3,3,3,3,3,3,3,3,0,3,3,3,3,2,2,4,4,4,3,3,3,3,1,1,4,4,3,3,3,3,3,3,0,3,3,3,3,3,1,4,4,2,0,3,3,1,3,2,3,2,4,3,3,3,4,0,0,3,4,4,4,4,2,3,3,1,3,3,3,3,3,2,2,3,3,3,1,3,3,3,3,3,3,1,2,0,0,0,0,0,0,0,0,0,0,0,0,0,0,3,3,0,3,3,2,3,3,1,1,3,1,3,0,3,0,3,3,3,3,2,3,3,3,3,3,3,3,3,2,3,3,1,1,3,3,3,3,2,3,3,3,3,3,3,3,3,3,3,3,3,3,3,3,3,1,3,3,3,3,3,1,3,3,4,4,3,3"
187,1.067129321931637,"0,0,3,1,3,4,3,3,4,1,4,4,3,0,3,4,3,3,3,3,3,3,3,3,3,3,3,3,3,1,3,4,4,4,2,4,4,3,3,1,1,3,3,3,1,4,4,0,0,3,3,3,3,3,3,3,3,3,3,3,3,3,3,3,3,3,3,3,3,4,4,3,3,3,3,3,3,4,4,3,3,3,3,3,3,3,3,3,3,3,3,3,3,3,4,4,3,3,3,1,3,3,3,3,1,3,3,3,1,1,1,3,3,3,3,3,3,3,3,0,3,3,3,3,2,2,4,4,4,3,3,3,3,1,1,4,4,3,3,3,3,3,3,0,3,3,3,3,3,1,4,4,2,4,3,3,1,3,2,3,2,4,3,3,3,4,0,0,3,4,4,4,4,2,3,3,1,3,3,3,3,3,2,2,3,3,3,1,3,3,3,3,3,3,1,2,0,0,0,0,0,0,0,0,0,0,0,0,0,0,3,3,2,3,3,2,3,3,1,1,3,1,3,0,3,0,3,3,3,3,2,3,3,3,3,3,3,3,3,2,3,3,1,1,3,3,3,3,2,3,3,3,3,3,3,3,3,3,3,3,3,3,3,3,3,1,3,3,3,3,3,1,3,3,4,4,3,3"
188,1.0674861120904784,"0,0,3,1,3,4,3,3,4,1,4,4,3,0,3,4,3,3,3,3,3,3,3,3,3,3,3,3,3,1,3,4,4,4,2,4,4,3,3,1,1,3,3,3,1,4,4,0,0,3,3,3,3,3,3,3,3,3,3,3,3,3,3,3,3,3,3,3,3,4,4,3,3,3,3,3,3,4,4,3,3,3,3,3,3,3,3,3,3,3,3,3,3,3,4,4,3,3,3,1,3,3,3,3,1,3,3,3,3,1,1,3,3,3,3,3,3,3,3,0,3,3,3,3,2,2,4,4,4,3,3,3,3,1,1,4,4,3,3,3,3,3,3,0,3,3,3,3,3,1,4,4,2,4,3,3,1,3,2,3,2,4,3,3,3,4,0,0,3,4,4,4,4,2,3,3,1,3,3,3,3,3,2,2,3,3,3,1,3,3,3,3,3,3,1,2,0,0,0,0,0,0,0,0,0,0,0,0,0,0,3,3,2,3,3,2,3,3,1,1,3,1,3,0,3,0,3,3,3,3,2,3,3,3,3,3,3,3,3,2,3,3,1,1,3,3,3,3,2,3,3,3,3,3,3,3,3,3,3,3,3,3,3,3,3,1,3,3,3,3,3,1,3,3,4,4,3,3"
189,1.0674861120904784,"0,0,3,1,3,4,3,3,4,1,4,4,3,0,3,4,3,3,3,3,3,3,3,3,3,3,3,3,3,1,3,4,4,4,2,4,4,3,3,1,1,3,3,3,1,4,4,0,0,3,3,3,3,3,3,3,3,3,3,3,3,3,3,3,3,3,3,3,3,4,4,3,3,3,3,3,3,4,4,3,3,3,3,3,3,3,3,3,3,3,3,3,3,3,4,4,3,3,3,1,3,3,3,3,1,3,3,3,3,1,1,3,3,3,3,3,3,3,3,0,3,3,3,3,2,2,4,4,4,3,3,3,3,1,1,4,4,3,3,3,3,3,3,0,3,3,3,3,3,1,4,4,2,4,3,3,1,3,2,3,2,4,3,3,3,4,0,0,3,4,4,4,4,2,3,3,1,3,3,3,3,3,2,2,3,3,3,1,3,3,3,3,3,3,1,2,0,0,0,0,0,0,0,0,0,0,0,0,0,0,3,3,2,3,3,2,3,3,1,1,3,1,3,0,3,0,3,3,3,3,2,3,3,3,3,3,3,3,3,2,3,3,1,1,3,3,3,3,2,3,3,3,3,3,3,3,3,3,3,3,3,3,3,3,3,1,3,3,3,3,3,1,3,3,4,4,3,3"
190,1.0668387038747538,"0,0,3,1,3,4,3,3,4,1,4,4,3,0,3,4,3,3,3,3,3,3,3,3,3,3,3,3,3,1,3,4,4,4,2,4,4,3,3,1,1,3,3,3,1,4,4,0,0,3,3,3,3,3,3,3,3,3,3,3,3,3,3,3,3,3,3,3,3,4,4,3,3,3,3,3,3,4,4,3,3,3,3,3,3,3,3,3,3,3,3,3,3,3,4,4,3,3,3,1,3,3,3,3,1,3,3,3,3,1,1,3,3,3,3,3,3,3,3,0,3,3,3,3,2,2,4,4,4,3,3,3,3,1,1,4,4,3,3,3,3,3,3,0,3,3,3,3,3,1,4,4,2,4,3,3,1,3,2,3,2,4,3,3,3,4,0,3,3,4,4,4,4,2,3,3,1,3,3,3,3,3,2,2,3,3,3,1,3,3,3,3,3,3,1,2,0,0,0,0,0,0,0,0,0,0,0,0,0,0,3,3,2,3,3,2,3,3,1,1,3,1,3,0,3,0,3,3,3,3,2,3,3,3,3,3,3,3,3,2,3,3,1,1,3,3,3,3,2,3,3,3,3,3,3,3,3,3,3,3,3,3,3,3,3,1,3,3,3,3,3,1,3,2,4,4,3,3"
191,1.0668387038747538,"0,0,3,1,3,4,3,3,4,1,4,4,3,0,3,4,3,3,3,3,3,3,3,3,3,3,3,3,3,1,3,4,4,4,2,4,4,3,3,1,1,3,3,3,1,4,4,0,0,3,3,3,3,3,3,3,3,3,3,3,3,3,3,3,3,3,3,3,3,4,4,3,3,3,3,3,3,4,4,3,3,3,3,3,3,3,3,3,3,3,3,3,3,3,4,4,3,3,3,1,3,3,3,3,1,3,3,3,3,1,1,3,3,3,3,3,3,3,3,0,3,3,3,3,2,2,4,4,4,3,3,3,3,1,1,4,4,3,3,3,3,3,3,0,3,3,3,3,3,1,4,4,2,4,3,3,1,3,2,3,2,4,3,3,3,4,0,3,3,4,4,4,4,2,3,3,1,3,3,3,3,3,2,2,3,3,3,1,3,3,3,3,3,3,1,2,0,0,0,0,0,0,0,0,0,0,0,0,0,0,3,3,2,3,3,2,3,3,1,1,3,1,3,0,3,0,3,3,3,3,2,3,3,3,3,3,3,3,3,2,3,3,1,1,3,3,3,3,2,3,3,3,3,3,3,3,3,3,3,3,3,3,3,3,3,1,3,3,3,3,3,1,3,2,4,4,3,3"
192,1.0676111565855142,"0,0,3,1,3,4,3,3,4,1,4,4,3,0,3,4,3,3,3,3,3,3,3,3,3,3,3,3,3,1,3,4,4,4,2,4,4,3,3,1,1,3,3,3,1,4,4,0,0,3,3,3,3,3,3,3,3,3,3,3,3,3,3,3,3,3,3,3,3,4,4,3,3,3,3,3,3,4,4,3,3,3,3,3,3,3,3,3,3,3,3,3,3,3,4,4,3,3,3,1,3,3,3,3,1,3,3,3,3,1,1,3,3,3,3,3,3,3,3,0,3,3,3,3,2,2,4,4,4,3,3,3,3,1,1,4,4,3,3,3,3,3,3,0,3,3,3,3,3,1,4,4,2,4,3,3,1,3,2,3,2,4,3,3,3,4,0,3,3,4,4,4,4,2,3,3,1,3,3,3,3,3,2,2,3,3,3,1,3,3,3,3,3,3,1,2,0,0,0,0,0,0,0,0,0,0,0,0,0,0,3,3,2,3,3,2,3,3,1,1,3,1,3,0,3,0,3,3,3,3,2,3,3,3,3,3,3,3,3,2,3,3,1,1,3,3,3,3,2,3,3,3,3,3,3,3,3,3,3,3,3,3,3,3,3,1,3,3,3,3,3,1,3,3,4,4,3,3"
193,1.0684642420495059,"0,0,3,1,3,4,3,3,4,1,4,4,3,0,3,4,3,3,3,3,3,3,3,3,3,3,3,3,3,1,3,4,4,4,2,4,4,3,3,1,1,3,3,3,1,4,4,0,0,3,3,3,3,3,3,3,3,3,3,3,3,3,3,3,3,3,3,3,3,4,4,3,3,3,3,3,3,4,4,3,3,3,3,3,3,3,3,3,3,3,3,3,3,3,4,4,3,3,3,1,3,3,3,3,0,3,3,3,3,1,1,3,3,3,3,3,3,3,3,0,3,3,3,3,2,2,4,4,4,3,3,3,3,1,1,4,4,3,3,3,3,3,3,0,3,3,3,3,3,1,4,4,2,4,3,3,3,3,2,3,2,4,3,3,3,4,0,0,3,4,4,4,4,2,3,3,1,3,3,3,3,3,2,2,3,3,3,1,3,3,3,3,3,3,1,2,0,0,0,0,0,0,0,0,0,0,0,0,0,0,3,3,2,3,3,2,3,3,3,1,3,1,3,0,3,0,3,3,3,3,1,3,3,3,3,3,3,3,3,2,3,3,1,1,3,3,3,3,2,3,3,3,3,3,3,3,3,3,3,3,3,3,3,3,3,1,3,3,3,3,3,1,3,3,4,4,3,3"
194,1.0678504686928263,"0,0,3,1,3,4,3,3,4,1,4,4,3,0,3,4,3,3,3,3,3,3,3,3,3,3,3,3,3,1,3,4,4,4,2,4,4,3,3,1,1,3,3,3,1,4,4,0,0,3,3,3,3,3,3,3,3,3,3,3,3,3,3,3,3,3,3,3,3,4,4,3,3,3,3,3,3,4,4,3,3,3,3,3,3,3,3,3,3,3,3,3,3,3,4,4,3,3,3,1,3,3,3,3,0,3,3,3,3,1,1,3,3,3,3,3,3,3,3,0,3,3,3,3,2,2,4,4,4,3,3,3,3,1,1,4,4,3,3,3,3,3,3,0,3,3,3,3,3,1,4,4,2,4,3,3,3,3,2,3,2,4,3,3,3,4,0,0,3,4,4,4,4,2,3,3,1,3,3,3,3,3,2,2,3,3,3,1,3,3,3,3,3,3,1,2,0,0,0,0,0,0,0,0,0,0,0,0,0,0,3,3,2,3,3,2,3,3,3,1,3,1,3,0,4,0,3,3,3,3,1,3,3,3,3,3,3,3,3,2,3,3,1,1,3,3,3,3,2,3,3,3,3,3,3,3,3,3,3,3,3,3,3,3,3,1,3,3,3,3,3,1,3,3,4,4,3,3"
195,1.0687632309257835,"0,0,3,3,3,4,3,3,4,1,4,4,3,0,3,4,3,3,3,3,3,3,3,3,3,3,3,3,3,1,3,4,4,4,2,4,4,3,3,1,1,3,3,3,1,4,4,0,0,3,3,3,3,3,3,3,3,3,3,3,3,3,3,3,3,3,3,3,3,4,4,3,3,3,3,3,3,4,4,3,3,3,3,3,3,3,3,3,3,3,3,3,3,3,4,4,3,3,3,1,3,3,3,3,0,3,3,3,3,1,1,3,3,3,3,3,3,3,3,0,3,3,3,3,2,2,4,4,4,3,3,3,3,1,1,4,4,3,3,3,3,3,3,0,3,3,3,3,3,1,4,4,2,4,3,3,3,3,2,3,2,4,3,3,3,4,0,0,3,4,4,4,4,2,3,3,1,3,3,3,3,3,2,2,3,3,3,1,3,3,3,3,3,3,1,2,0,0,0,0,0,0,0,0,0,0,0,0,0,0,3,3,2,3,3,2,3,3,3,4,3,1,3,0,3,0,3,3,3,3,1,3,3,3,3,3,3,3,3,2,3,3,1,1,3,3,3,3,2,3,3,3,3,3,3,3,3,3,3,3,3,3,3,3,3,1,3,3,3,3,3,1,3,3,4,4,3,3"
196,1.0687632309257835,"0,0,3,3,3,4,3,3,4,1,4,4,3,0,3,4,3,3,3,3,3,3,3,3,3,3,3,3,3,1,3,4,4,4,2,4,4,3,3,1,1,3,3,3,1,4,4,0,0,3,3,3,3,3,3,3,3,3,3,3,3,3,3,3,3,3,3,3,3,4,4,3,3,3,3,3,3,4,4,3,3,3,3,3,3,3,3,3,3,3,3,3,3,3,4,4,3,3,3,1,3,3,3,3,0,3,3,3,3,1,1,3,3,3,3,3,3,3,3,0,3,3,3,3,2,2,4,4,4,3,3,3,3,1,1,4,4,3,3,3,3,3,3,0,3,3,3,3,3,1,4,4,2,4,3,3,3,3,2,3,2,4,3,3,3,4,0,0,3,4,4,4,4,2,3,3,1,3,3,3,3,3,2,2,3,3,3,1,3,3,3,3,3,3,1,2,0,0,0,0,0,0,0,0,0,0,0,0,0,0,3,3,2,3,3,2,3,3,3,4,3,1,3,0,3,0,3,3,3,3,1,3,3,3,3,3,3,3,3,2,3,3,1,1,3,3,3,3,2,3,3,3,3,3,3,3,3,3,3,3,3,3,3,3,3,1,3,3,3,3,3,1,3,3,4,4,3,3"
197,1.0688415878925523,"0,0,3,3,3,4,3,3,4,1,4,4,3,0,3,4,3,3,3,3,3,3,3,3,3,3,3,3,3,1,3,4,4,4,2,4,4,3,3,1,1,3,3,3,1,4,4,0,3,3,3,3,3,3,3,3,3,3,3,3,3,3,3,3,3,3,3,3,3,4,4,3,3,3,3,3,3,4,4,3,3,3,3,3,3,3,3,3,3,3,3,3,3,3,4,4,3,3,3,1,3,3,3,3,0,3,3,3,3,1,1,3,3,3,3,3,3,3,3,0,3,3,3,3,2,2,4,4,4,3,3,3,3,1,1,4,4,3,3,3,3,3,3,0,3,3,3,3,3,1,4,4,2,4,3,3,3,3,2,3,2,4,3,3,3,4,0,0,3,4,4,4,4,2,3,3,1,3,3,3,3,3,2,2,3,3,3,1,3,3,3,3,3,3,1,2,0,0,0,0,0,0,0,0,0,0,0,0,0,0,3,3,2,3,3,2,3,3,3,4,3,1,3,0,3,0,3,3,3,3,1,3,3,3,3,3,3,3,3,2,3,3,1,1,3,3,3,3,2,3,3,3,3,3,3,3,3,3,3,3,3,3,3,3,3,1,3,3,3,3,3,1,3,3,4,4,3,3"
198,1.0688415878925523,"0,0,3,3,3,4,3,3,4,1,4,4,3,0,3,4,3,3,3,3,3,3,3,3,3,3,3,3,3,1,3,4,4,4,2,4,4,3,3,1,1,3,3,3,1,4,4,0,3,3,3,3,3,3,3,3,3,3,3,3,3,3,3,3,3,3,3,3,3,4,4,3,3,3,3,3,3,4,4,3,3,3,3,3,3,3,3,3,3,3,3,3,3,3,4,4,3,3,3,1,3,3,3,3,0,3,3,3,3,1,1,3,3,3,3,3,3,3,3,0,3,3,3,3,2,2,4,4,4,3,3,3,3,1,1,4,4,3,3,3,3,3,3,0,3,3,3,3,3,1,4,4,2,4,3,3,3,3,2,3,2,4,3,3,3,4,0,0,3,4,4,4,4,2,3,3,1,3,3,3,3,3,2,2,3,3,3,1,3,3,3,3,3,3,1,2,0,0,0,0,0,0,0,0,0,0,0,0,0,0,3,3,2,3,3,2,3,3,3,4,3,1,3,0,3,0,3,3,3,3,1,3,3,3,3,3,3,3,3,2,3,3,1,1,3,3,3,3,2,3,3,3,3,3,3,3,3,3,3,3,3,3,3,3,3,1,3,3,3,3,3,1,3,3,4,4,3,3"
199,1.0691297532146504,"0,0,3,3,3,4,3,3,4,1,4,4,3,0,3,4,3,3,3,3,3,3,3,3,3,3,3,3,3,1,3,4,4,4,2,4,4,3,3,1,1,3,3,3,1,4,4,0,3,3,3,3,3,3,3,3,3,3,3,3,3,3,3,3,3,3,3,3,3,4,4,3,3,3,3,3,3,4,4,3,3,3,3,3,3,3,3,3,3,3,3,3,3,3,4,4,3,3,3,1,3,3,3,3,0,3,3,3,3,1,1,3,3,3,3,3,3,3,3,0,3,3,3,3,2,2,4,4,4,3,3,3,3,1,1,4,4,3,3,3,3,3,3,0,3,3,3,3,3,1,4,4,2,4,3,3,3,3,2,3,2,4,3,3,3,4,0,3,3,4,4,4,4,2,3,3,1,3,3,3,3,3,2,2,3,3,3,1,3,3,3,3,3,3,1,2,0,0,0,0,0,0,0,0,0,0,0,0,0,0,3,3,2,3,3,2,3,3,3,1,3,0,3,0,3,0,3,3,3,3,1,3,3,3,3,3,3,3,3,2,3,3,1,1,3,3,3,3,2,3,3,3,3,3,3,3,3,3,3,3,3,3,3,3,3,1,3,3,3,3,3,1,3,3,4,4,3,3"
200,1.0694483613828205,"0,0,3,3,3,4,3,3,4,1,4,4,3,0,3,4,3,3,3,3,3,3,3,3,3,3,3,3,3,1,3,4,4,4,2,4,4,3,3,1,1,3,3,3,1,4,4,0,3,3,3,3,3,3,3,3,3,3,3,3,3,3,3,3,3,3,3,3,3,4,4,3,3,3,3,3,3,4,4,3,3,3,3,3,3,3,3,3,3,3,3,3,3,3,4,4,3,3,3,1,3,3,3,3,0,3,3,3,3,1,1,3,3,3,3,3,3,3,3,0,3,3,3,3,2,2,4,4,4,3,3,3,3,1,1,4,4,3,3,3,3,3,3,0,3,3,3,3,3,1,4,4,2,4,3,3,3,3,2,3,2,4,3,3,3,4,0,3,3,4,4,4,4,2,3,3,1,3,3,3,3,3,2,2,3,3,3,1,3,3,3,3,3,3,1,2,0,0,0,0,0,0,0,0,0,0,0,0,0,0,3,3,2,3,3,2,3,3,3,1,3,0,3,0,3,3,3,3,3,3,1,3,3,3,3,3,3,3,3,2,3,3,1,1,3,3,3,3,2,3,3,3,3,3,3,3,3,3,3,3,3,3,3,3,3,1,3,3,3,3,3,1,3,3,4,4,3,3"
201,1.0701283094884633,"0,0,3,3,3,4,3,3,4,1,4,4,3,0,3,4,3,3,3,3,3,3,3,3,3,3,3,3,3,1,3,4,4,4,2,4,4,3,3,1,1,3,3,3,1,4,4,0,3,3,3,3,3,3,3,3,3,3,3,3,3,3,3,3,3,3,3,3,3,4,4,3,3,3,3,3,3,4,4,3,3,3,3,3,3,3,3,3,3,3,3,3,3,3,4,4,3,3,3,1,3,3,3,3,0,3,3,3,3,1,1,3,3,3,3,3,3,3,3,0,3,3,3,3,2,2,4,4,4,3,3,3,3,1,1,4,4,3,3,3,3,3,3,0,3,3,3,3,3,1,4,4,2,4,3,3,3,3,2,3,2,4,3,3,3,4,0,3,3,4,4,4,4,2,3,3,1,3,3,3,3,3,2,2,3,3,3,1,3,3,3,3,3,3,1,2,0,0,0,0,0,0,0,0,0,0,0,0,0,0,3,3,2,3,3,2,3,3,3,1,3,0,3,0,3,3,3,3,3,3,1,3,3,3,3,3,3,3,3,2,3,3,2,1,3,3,3,3,2,3,3,3,3,3,3,3,3,3,3,3,3,3,3,3,3,3,3,3,3,3,3,1,3,3,4,4,3,3"
202,1.0701283094884633,"0,0,3,3,3,4,3,3,4,1,4,4,3,0,3,4,3,3,3,3,3,3,3,3,3,3,3,3,3,1,3,4,4,4,2,4,4,3,3,1,1,3,3,3,1,4,4,0,3,3,3,3,3,3,3,3,3,3,3,3,3,3,3,3,3,3,3,3,3,4,4,3,3,3,3,3,3,4,4,3,3,3,3,3,3,3,3,3,3,3,3,3,3,3,4,4,3,3,3,1,3,3,3,3,0,3,3,3,3,1,1,3,3,3,3,3,3,3,3,0,3,3,3,3,2,2,4,4,4,3,3,3,3,1,1,4,4,3,3,3,3,3,3,0,3,3,3,3,3,1,4,4,2,4,3,3,3,3,2,3,2,4,3,3,3,4,0,3,3,4,4,4,4,2,3,3,1,3,3,3,3,3,2,2,3,3,3,1,3,3,3,3,3,3,1,2,0,0,0,0,0,0,0,0,0,0,0,0,0,0,3,3,2,3,3,2,3,3,3,1,3,0,3,0,3,3,3,3,3,3,1,3,3,3,3,3,3,3,3,2,3,3,2,1,3,3,3,3,2,3,3,3,3,3,3,3,3,3,3,3,3,3,3,3,3,3,3,3,3,3,3,1,3,3,4,4,3,3"
203,1.0706188027155177,"0,0,3,3,3,4,3,3,4,1,4,4,3,0,3,4,3,3,3,3,3,3,3,3,3,3,3,3,3,1,3,4,4,4,2,4,4,3,3,1,1,3,3,3,1,4,4,0,3,3,3,3,3,3,3,3,3,3,3,3,3,3,3,3,3,3,3,3,3,4,4,3,3,3,3,3,3,4,4,3,3,3,3,3,3,3,3,3,3,3,3,3,3,3,4,4,3,3,3,1,3,3,3,3,0,3,3,3,3,1,1,3,3,3,3,3,3,3,3,0,3,3,3,3,2,2,4,4,4,3,3,3,3,1,1,4,4,3,3,3,3,3,3,0,3,3,3,3,3,1,4,4,2,4,3,3,3,3,2,3,2,4,3,3,3,4,0,3,3,4,4,4,4,2,3,3,1,3,3,3,3,3,2,2,3,3,3,1,3,3,3,3,3,3,1,3,0,0,0,0,0,0,0,0,0,0,0,0,0,0,3,3,2,3,3,2,3,3,3,1,3,0,3,0,3,3,3,3,3,3,1,3,3,3,3,3,3,3,3,2,3,3,2,1,3,3,3,3,2,3,3,3,3,3,3,3,3,3,3,3,3,3,3,3,3,3,3,3,3,3,3,1,3,3,4,4,3,3"
204,1.0681163661148214,"0,0,3,3,3,4,3,3,4,1,4,4,3,0,3,4,3,3,3,3,3,3,3,3,3,3,3,3,3,1,3,4,4,4,2,4,4,3,3,1,1,3,3,3,1,4,4,0,3,3,3,3,3,3,3,3,3,3,3,3,3,3,3,3,3,3,3,3,3,4,4,3,3,3,3,3,3,4,4,3,3,3,3,3,3,3,3,3,3,3,3,3,3,3,4,4,3,3,3,1,3,3,3,3,0,3,3,3,3,1,1,3,3,3,2,3,3,3,3,0,3,3,3,3,2,2,4,4,4,3,3,3,3,1,1,4,4,3,3,3,3,3,3,0,3,3,3,3,3,1,4,4,2,4,3,3,3,3,2,3,2,4,3,3,3,4,0,3,3,4,4,4,4,2,3,3,1,3,3,3,3,3,2,2,3,3,3,1,1,3,3,3,3,3,1,3,0,0,0,0,0,0,0,0,0,0,0,0,0,0,3,3,2,3,3,2,3,3,3,1,3,0,3,0,3,3,3,3,3,3,1,3,3,3,3,3,3,3,3,2,3,3,2,1,3,3,3,3,2,3,3,3,3,1,3,3,3,3,3,3,3,3,3,3,3,3,3,3,3,3,0,1,3,3,4,4,3,3"
205,1.0700659416075151,"0,0,3,3,3,4,3,3,4,1,4,4,3,0,3,4,3,3,3,3,3,3,3,3,3,3,3,3,3,1,3,4,4,4,2,4,4,3,3,1,1,3,3,3,1,4,4,0,3,3,3,3,3,3,3,3,3,3,3,3,3,3,3,3,3,3,3,3,3,4,4,3,3,3,3,3,3,4,4,3,3,3,3,3,3,3,3,3,3,3,3,3,3,3,4,4,3,3,3,1,3,3,3,3,0,3,3,3,3,1,1,3,3,3,3,3,3,3,3,0,3,3,3,3,2,2,4,4,4,3,3,3,3,1,1,4,4,3,3,3,3,3,3,0,3,3,3,3,3,1,4,4,2,4,3,3,3,3,2,3,2,4,3,3,3,4,0,3,3,4,4,4,4,2,3,3,1,3,3,3,3,3,2,2,3,3,3,1,3,3,3,3,3,3,1,0,0,0,0,0,0,0,0,0,0,0,0,0,0,0,3,3,2,3,3,2,3,3,3,1,3,0,3,0,3,3,3,3,3,3,1,3,3,3,3,3,3,3,3,2,3,3,2,1,3,3,3,3,2,3,3,3,3,3,3,3,3,3,3,3,3,3,3,3,3,3,3,3,3,3,3,1,3,3,4,4,3,3"
206,1.0697068614044007,"0,0,3,3,3,4,3,3,4,1,4,4,3,0,3,4,3,3,3,3,3,3,3,3,3,3,3,3,3,1,3,4,4,4,2,4,4,3,3,1,1,3,3,3,1,4,4,0,3,3,3,3,3,3,3,3,3,3,3,3,3,3,3,3,3,3,3,3,3,4,4,3,3,3,3,3,3,4,4,3,3,3,3,3,3,3,3,3,3,1,3,3,3,3,4,4,3,3,3,1,3,3,3,3,0,3,3,3,3,1,1,3,3,3,3,3,3,3,3,0,3,3,3,3,2,2,4,4,4,3,3,3,3,1,1,4,4,3,3,3,3,3,3,0,3,3,3,3,3,1,4,4,2,4,3,3,3,3,2,3,2,4,3,3,3,4,0,3,3,4,4,4,4,2,3,3,1,3,3,3,3,3,2,3,3,3,3,1,3,3,3,3,3,3,1,0,0,0,0,0,0,0,0,0,0,0,0,0,0,0,3,3,2,3,3,2,3,3,3,1,3,0,3,0,3,3,3,3,3,3,1,3,3,3,3,3,3,3,3,2,3,3,2,1,3,3,3,3,2,3,3,3,3,3,3,3,3,3,3,3,3,3,3,3,3,3,3,3,3,3,3,1,3,3,4,4,3,3"
207,1.0702606413617133,"0,0,3,3,3,4,3,3,4,1,4,4,3,0,3,4,3,3,3,3,3,3,3,3,3,3,3,3,3,1,3,4,4,4,2,4,4,3,3,1,1,3,3,3,1,4,4,0,3,3,3,3,3,3,3,3,3,3,3,3,3,3,3,3,3,3,3,3,3,4,4,3,3,3,3,3,3,4,4,3,3,3,3,3,3,3,3,3,3,3,3,1,3,3,4,4,3,3,3,1,3,3,3,3,0,3,3,3,3,1,1,3,3,3,3,3,3,3,3,0,3,3,3,3,2,3,4,4,4,3,3,3,3,1,1,4,4,3,3,3,3,3,3,0,3,3,3,3,3,1,4,4,2,4,3,3,3,3,2,3,2,4,3,3,3,4,0,3,3,4,4,4,4,2,3,3,1,3,3,3,3,3,2,2,3,3,3,1,3,3,3,3,3,3,1,3,0,0,0,0,0,0,0,0,0,0,0,0,0,0,3,3,2,3,3,2,3,3,3,0,3,0,3,0,3,3,3,3,3,3,1,3,3,3,3,3,3,3,3,2,3,3,2,1,3,3,3,3,2,3,3,3,3,3,3,3,3,3,3,3,3,3,3,3,3,3,3,3,3,3,3,1,3,3,4,4,3,3"
208,1.0702606413617133,"0,0,3,3,3,4,3,3,4,1,4,4,3,0,3,4,3,3,3,3,3,3,3,3,3,3,3,3,3,1,3,4,4,4,2,4,4,3,3,1,1,3,3,3,1,4,4,0,3,3,3,3,3,3,3,3,3,3,3,3,3,3,3,3,3,3,3,3,3,4,4,3,3,3,3,3,3,4,4,3,3,3,3,3,3,3,3,3,3,3,3,1,3,3,4,4,3,3,3,1,3,3,3,3,0,3,3,3,3,1,1,3,3,3,3,3,3,3,3,0,3,3,3,3,2,3,4,4,4,3,3,3,3,1,1,4,4,3,3,3,3,3,3,0,3,3,3,3,3,1,4,4,2,4,3,3,3,3,2,3,2,4,3,3,3,4,0,3,3,4,4,4,4,2,3,3,1,3,3,3,3,3,2,2,3,3,3,1,3,3,3,3,3,3,1,3,0,0,0,0,0,0,0,0,0,0,0,0,0,0,3,3,2,3,3,2,3,3,3,0,3,0,3,0,3,3,3,3,3,3,1,3,3,3,3,3,3,3,3,2,3,3,2,1,3,3,3,3,2,3,3,3,3,3,3,3,3,3,3,3,3,3,3,3,3,3,3,3,3,3,3,1,3,3,4,4,3,3"
209,1.0702606413617133,"0,0,3,3,3,4,3,3,4,1,4,4,3,0,3,4,3,3,3,3,3,3,3,3,3,3,3,3,3,1,3,4,4,4,2,4,4,3,3,1,1,3,3,3,1,4,4,0,3,3,3,3,3,3,3,3,3,3,3,3,3,3,3,3,3,3,3,3,3,4,4,3,3,3,3,3,3,4,4,3,3,3,3,3,3,3,3,3,3,3,3,1,3,3,4,4,3,3,3,1,3,3,3,3,0,3,3,3,3,1,1,3,3,3,3,3,3,3,3,0,3,3,3,3,2,3,4,4,4,3,3,3,3,1,1,4,4,3,3,3,3,3,3,0,3,3,3,3,3,1,4,4,2,4,3,3,3,3,2,3,2,4,3,3,3,4,0,3,3,4,4,4,4,2,3,3,1,3,3,3,3,3,2,2,3,3,3,1,3,3,3,3,3,3,1,3,0,0,0,0,0,0,0,0,0,0,0,0,0,0,3,3,2,3,3,2,3,3,3,0,3,0,3,0,3,3,3,3,3,3,1,3,3,3,3,3,3,3,3,2,3,3,2,1,3,3,3,3,2,3,3,3,3,3,3,3,3,3,3,3,3,3,3,3,3,3,3,3,3,3,3,1,3,3,4,4,3,3"
210,1.0683944907775875,"0,0,3,3,3,4,3,3,4,1,4,4,3,0,3,4,3,3,3,3,3,3,3,3,3,3,3,3,3,1,3,4,4,4,2,4,4,3,3,1,1,3,3,3,1,4,4,0,3,3,3,3,3,3,3,3,3,3,3,3,3,3,3,3,3,3,3,4,3,4,4,3,3,3,3,3,3,4,4,3,3,3,3,3,3,3,3,3,3,3,3,1,3,3,4,4,3,3,3,1,3,3,3,3,0,3,3,3,3,1,1,3,3,3,3,3,3,3,3,0,3,3,3,3,2,3,4,4,4,3,3,3,3,1,1,4,4,3,3,3,3,3,3,0,3,3,3,3,3,1,4,4,2,4,3,3,3,3,2,3,2,4,3,3,3,4,0,3,3,4,4,4,4,2,3,3,1,3,3,3,3,3,2,2,3,3,3,1,3,3,3,3,3,3,1,3,0,0,0,0,0,0,0,0,0,0,0,0,0,0,3,3,2,3,3,2,3,3,3,0,3,0,3,0,3,3,3,3,4,3,1,3,3,3,3,3,3,3,3,2,3,3,2,1,3,3,3,3,2,3,3,3,3,3,3,3,3,3,3,3,3,3,3,3,3,3,3,3,3,3,3,1,3,3,4,4,3,3"
211,1.0691250534094618,"0,0,3,3,3,4,3,3,4,1,4,4,3,0,3,4,3,3,3,3,3,3,3,3,3,3,3,3,3,1,3,4,4,4,2,4,4,3,3,1,1,3,3,3,1,4,4,0,3,3,3,3,3,3,3,3,3,3,3,3,3,3,3,3,3,3,3,4,3,4,4,3,3,3,3,3,3,4,4,3,3,3,3,3,3,3,3,3,3,3,3,1,3,3,4,4,3,3,3,1,3,3,3,3,0,3,3,3,3,1,1,3,3,3,3,3,3,3,3,0,3,3,3,3,2,3,4,4,4,3,3,3,3,1,1,4,4,3,3,3,3,3,3,0,3,3,3,3,3,1,4,4,2,4,3,3,3,3,2,3,2,4,3,3,3,4,0,3,3,4,4,4,4,2,3,3,1,3,3,3,3,3,2,2,3,3,3,1,3,3,3,3,3,3,1,3,0,0,0,0,0,0,0,0,0,0,0,0,0,0,3,3,2,3,3,2,3,3,3,0,3,0,3,0,3,3,3,3,3,3,1,3,3,3,3,3,3,3,3,2,3,3,2,1,3,3,3,3,2,3,3,3,3,3,3,3,3,3,3,3,3,3,3,3,3,3,3,3,3,3,3,1,3,3,4,4,3,3"
212,1.0706059360008808,"0,0,3,3,3,4,3,3,4,1,4,4,3,0,3,4,3,3,3,3,3,3,3,3,3,3,3,3,3,1,3,4,4,4,2,4,4,3,3,1,1,3,3,3,1,4,4,0,3,3,3,3,3,3,3,3,3,3,3,3,3,3,3,3,3,3,3,3,3,4,4,3,3,3,3,3,3,4,4,3,3,3,3,3,3,3,3,3,3,3,3,3,3,3,4,4,3,3,3,1,3,3,0,3,0,3,3,3,3,3,1,3,3,3,3,3,3,3,3,0,3,3,3,3,2,2,4,4,4,3,3,3,3,1,1,4,4,3,3,3,3,3,3,0,3,3,3,3,3,1,4,4,2,4,3,3,3,3,2,3,2,4,3,3,3,4,0,2,3,4,4,4,4,2,3,3,1,3,3,3,3,3,2,2,3,3,3,1,3,3,3,3,3,3,1,3,0,0,0,0,0,0,0,0,0,0,0,0,0,0,3,3,2,3,3,2,3,3,3,0,3,0,3,0,3,3,3,3,3,3,1,3,3,3,3,3,3,3,3,2,3,3,2,1,3,3,3,3,2,3,3,3,3,3,3,3,3,3,3,3,3,3,3,3,3,3,3,3,3,3,3,1,3,3,4,4,3,3"
213,1.0714188720711846,"0,0,3,3,3,4,3,3,4,1,4,4,3,0,3,4,3,3,3,3,3,3,3,3,3,3,3,3,3,1,3,4,4,4,2,4,4,3,3,1,1,3,3,3,1,4,4,0,3,3,3,3,3,3,3,3,3,3,3,3,3,3,3,3,3,3,3,3,3,4,4,3,3,3,3,3,3,4,4,3,3,3,3,3,3,3,3,3,3,3,3,3,3,3,4,4,3,3,3,1,3,3,3,3,0,3,3,3,3,3,1,3,3,3,3,3,3,3,3,0,3,3,3,3,2,2,4,4,4,3,3,3,3,1,1,4,4,3,3,3,3,3,3,0,3,3,3,3,3,1,4,4,2,4,3,3,3,3,2,3,2,4,3,3,3,4,0,3,3,4,4,4,4,2,3,3,1,3,3,3,3,3,2,2,3,3,3,1,3,3,3,3,3,3,1,3,0,0,0,0,0,0,0,0,0,0,0,0,0,0,3,3,2,3,3,2,3,3,3,1,3,0,3,0,3,3,3,3,3,3,1,3,3,3,3,3,3,3,3,2,3,3,2,1,3,3,3,3,2,3,3,3,3,3,3,3,3,3,3,3,3,3,3,3,3,3,3,3,3,3,3,1,3,3,4,4,3,3"
214,1.0714188720711846,"0,0,3,3,3,4,3,3,4,1,4,4,3,0,3,4,3,3,3,3,3,3,3,3,3,3,3,3,3,1,3,4,4,4,2,4,4,3,3,1,1,3,3,3,1,4,4,0,3,3,3,3,3,3,3,3,3,3,3,3,3,3,3,3,3,3,3,3,3,4,4,3,3,3,3,3,3,4,4,3,3,3,3,3,3,3,3,3,3,3,3,3,3,3,4,4,3,3,3,1,3,3,3,3,0,3,3,3,3,3,1,3,3,3,3,3,3,3,3,0,3,3,3,3,2,2,4,4,4,3,3,3,3,1,1,4,4,3,3,3,3,3,3,0,3,3,3,3,3,1,4,4,2,4,3,3,3,3,2,3,2,4,3,3,3,4,0,3,3,4,4,4,4,2,3,3,1,3,3,3,3,3,2,2,3,3,3,1,3,3,3,3,3,3,1,3,0,0,0,0,0,0,0,0,0,0,0,0,0,0,3,3,2,3,3,2,3,3,3,1,3,0,3,0,3,3,3,3,3,3,1,3,3,3,3,3,3,3,3,2,3,3,2,1,3,3,3,3,2,3,3,3,3,3,3,3,3,3,3,3,3,3,3,3,3,3,3,3,3,3,3,1,3,3,4,4,3,3"
215,1.0703656312442957,"0,0,3,3,3,4,3,3,4,1,4,4,3,0,3,4,3,3,3,3,3,3,3,3,3,3,3,3,3,1,3,4,4,4,2,4,4,3,3,1,1,3,3,3,1,4,4,0,3,3,3,3,3,3,3,3,3,3,3,3,3,3,3,3,3,3,3,3,3,4,4,3,3,3,3,3,3,4,4,3,3,3,3,3,3,3,3,3,3,3,3,3,3,3,4,4,3,3,3,1,3,3,3,3,0,3,3,3,3,3,1,3,3,3,3,3,3,3,3,0,3,3,3,3,2,2,4,4,4,3,3,3,3,1,1,4,4,3,3,3,3,3,3,0,3,3,3,3,3,1,4,4,2,4,3,3,3,3,2,3,2,4,3,3,3,4,0,3,3,4,4,4,4,2,3,3,1,3,3,3,3,3,2,2,3,3,3,1,3,3,3,3,3,3,1,3,0,0,0,0,0,0,0,0,0,0,0,0,0,0,3,3,2,3,3,2,3,3,3,0,3,0,3,0,3,3,3,3,3,3,1,3,3,3,3,3,3,3,3,2,3,3,2,1,3,3,3,3,2,3,3,3,3,3,3,3,3,3,3,3,3,3,3,3,3,4,3,3,3,3,3,1,3,3,4,4,3,3"
216,1.0706674195000845,"0,0,3,3,3,4,3,3,4,1,4,4,3,0,3,4,3,3,3,3,3,3,3,3,3,3,3,3,3,1,3,4,4,4,2,4,4,3,3,1,1,3,3,3,1,4,4,0,3,3,3,3,3,3,3,3,3,3,3,3,3,3,3,3,3,3,3,3,3,4,4,3,3,3,3,3,3,4,4,3,3,3,3,3,3,3,3,3,3,3,3,3,3,3,4,4,3,3,3,1,3,3,3,3,0,3,3,3,3,3,1,3,3,3,3,3,3,3,3,0,3,3,3,3,2,2,4,4,4,3,3,3,3,1,1,4,4,3,3,3,3,3,3,0,3,3,3,3,3,1,4,4,2,4,3,3,3,3,2,3,2,4,3,3,3,4,0,3,2,4,4,4,4,2,3,3,1,3,3,3,3,3,2,2,3,3,3,1,3,3,3,3,3,3,1,3,0,0,0,0,0,0,0,0,0,0,0,0,0,0,3,3,2,3,3,2,3,3,3,0,3,0,3,0,3,3,3,3,3,3,1,3,3,3,3,3,3,3,3,2,3,3,2,1,3,3,3,3,2,3,3,3,3,3,3,3,3,3,3,3,3,3,3,3,3,3,3,3,3,3,3,1,3,3,4,4,3,3"
217,1.0694097368727635,"0,0,3,3,3,4,3,3,4,1,4,4,3,0,3,4,3,3,3,3,3,3,3,3,3,3,3,3,3,1,3,4,4,4,2,4,4,3,3,1,1,3,3,3,1,4,4,0,3,3,3,3,3,3,3,3,3,3,3,3,3,3,3,3,3,3,3,3,3,4,4,3,3,3,3,3,3,4,4,3,3,3,3,3,3,3,3,3,3,3,3,3,3,3,4,4,3,3,3,1,3,3,3,3,0,3,3,3,3,3,1,3,3,3,3,3,3,3,3,0,3,3,3,3,2,2,4,4,4,3,3,3,3,1,1,4,4,3,3,3,3,3,3,0,3,3,3,3,3,1,4,4,2,4,3,3,3,3,2,3,2,4,3,3,3,4,0,3,2,4,4,4,4,2,3,3,1,3,3,3,3,3,2,2,3,3,3,1,3,3,3,3,3,3,2,3,0,0,0,0,0,0,0,0,0,0,0,0,0,0,3,3,2,3,3,2,3,3,3,0,3,0,3,0,3,3,3,3,3,3,1,3,3,3,3,3,3,3,3,2,3,3,2,1,3,3,3,3,2,3,3,3,3,3,3,3,3,3,3,3,3,3,3,3,3,3,3,3,3,2,3,1,3,3,4,4,2,3"
218,1.0721817633120776,"0,0,3,3,3,4,3,3,4,1,4,4,3,0,3,4,3,3,3,3,3,3,3,3,3,3,3,3,3,1,3,4,4,4,2,4,4,3,3,1,1,3,3,3,1,4,4,0,3,3,3,3,3,3,3,3,3,3,3,3,3,3,3,3,3,3,3,3,3,4,4,3,3,3,3,3,3,4,4,3,3,3,3,3,3,3,3,3,3,3,3,3,3,3,4,4,3,3,3,1,3,3,3,3,0,3,3,3,3,3,1,3,3,3,3,3,3,3,3,0,3,3,3,3,2,2,4,4,4,3,3,3,3,1,1,4,4,3,3,3,3,3,3,1,3,3,3,3,3,1,4,4,2,4,3,3,3,3,2,3,2,4,3,3,3,4,0,3,3,4,4,4,4,2,3,3,1,3,3,3,3,3,2,2,3,3,3,1,3,3,3,3,3,3,1,3,0,0,0,0,0,0,0,0,0,0,0,0,0,0,3,3,2,3,3,2,3,3,3,3,3,0,3,0,3,3,3,3,3,3,3,3,3,3,3,3,3,3,3,2,3,3,2,1,3,3,3,3,2,3,3,3,3,3,3,3,3,3,3,3,3,3,3,3,3,3,3,3,3,3,3,1,3,3,4,4,3,3"
219,1.0718882911638146,"0,0,3,3,3,4,3,3,4,1,4,4,3,0,3,4,3,3,3,3,3,3,3,3,3,3,3,3,3,1,3,4,4,4,2,4,4,3,3,1,1,3,3,3,1,4,4,0,3,3,3,3,3,3,3,3,3,3,3,3,3,3,3,3,3,3,3,3,3,4,4,3,3,3,3,3,3,4,4,3,3,3,3,3,3,3,3,3,3,3,3,3,3,3,4,4,3,3,3,1,3,3,3,3,0,3,3,3,3,3,1,3,3,3,3,3,3,3,3,0,3,3,3,3,2,2,4,4,4,3,3,3,3,1,1,4,4,3,3,3,3,3,3,1,3,3,3,3,3,1,4,4,2,4,3,3,3,3,2,3,2,4,3,3,3,4,0,3,3,4,4,4,4,2,3,3,1,3,3,3,3,3,2,2,3,3,3,1,3,3,3,3,3,3,1,3,0,0,0,0,0,0,0,0,0,0,0,0,0,0,3,3,2,3,3,2,3,3,3,3,3,0,3,0,3,3,3,3,3,3,3,3,3,3,3,3,3,3,3,2,3,3,2,1,3,3,3,3,2,3,3,3,3,3,3,3,3,3,3,3,3,3,3,3,3,3,3,3,3,3,3,1,3,3,0,4,3,3"
220,1.0718882911638146,"0,0,3,3,3,4,3,3,4,1,4,4,3,0,3,4,3,3,3,3,3,3,3,3,3,3,3,3,3,1,3,4,4,4,2,4,4,3,3,1,1,3,3,3,1,4,4,0,3,3,3,3,3,3,3,3,3,3,3,3,3,3,3,3,3,3,3,3,3,4,4,3,3,3,3,3,3,4,4,3,3,3,3,3,3,3,3,3,3,3,3,3,3,3,4,4,3,3,3,1,3,3,3,3,0,3,3,3,3,3,1,3,3,3,3,3,3,3,3,0,3,3,3,3,2,2,4,4,4,3,3,3,3,1,1,4,4,3,3,3,3,3,3,1,3,3,3,3,3,1,4,4,2,4,3,3,3,3,2,3,2,4,3,3,3,4,0,3,3,4,4,4,4,2,3,3,1,3,3,3,3,3,2,2,3,3,3,1,3,3,3,3,3,3,1,3,0,0,0,0,0,0,0,0,0,0,0,0,0,0,3,3,2,3,3,2,3,3,3,3,3,0,3,0,3,3,3,3,3,3,3,3,3,3,3,3,3,3,3,2,3,3,2,1,3,3,3,3,2,3,3,3,3,3,3,3,3,3,3,3,3,3,3,3,3,3,3,3,3,3,3,1,3,3,0,4,3,3"
221,1.0729601597205947,"0,0,3,3,3,4,3,3,4,1,4,4,3,0,3,4,3,3,3,3,3,3,3,3,3,3,3,3,3,1,3,4,4,4,2,4,4,3,3,1,1,3,3,3,1,4,4,0,3,3,3,3,3,3,3,3,3,3,3,3,3,3,3,3,3,3,3,3,3,4,4,3,3,3,3,3,3,4,4,3,3,3,3,3,3,3,3,3,3,3,3,3,3,3,4,4,3,3,3,1,3,3,3,3,0,3,3,3,3,3,1,3,3,3,3,3,3,3,3,0,3,3,3,3,2,2,4,4,4,3,3,3,3,1,1,4,4,3,3,3,3,3,3,1,3,3,3,3,3,1,4,4,2,4,3,3,3,3,2,3,2,4,3,3,3,4,0,3,3,4,4,4,4,2,3,3,1,3,3,3,3,3,2,2,3,3,3,1,3,3,3,3,3,3,1,3,0,0,0,0,0,0,0,0,0,0,0,0,0,0,3,3,2,3,3,2,3,3,3,3,3,0,3,3,3,3,3,3,3,3,3,3,3,3,3,3,3,3,3,2,3,3,2,1,3,3,3,3,2,3,3,3,3,3,3,3,3,3,3,3,3,3,3,3,3,3,3,3,3,3,3,1,3,3,4,4,3,3"
222,1.073513998063893,"0,0,3,3,3,4,3,3,4,1,4,4,3,0,3,4,3,3,3,3,3,3,3,3,3,3,3,3,3,3,3,4,4,4,2,4,4,3,3,1,1,3,3,3,1,4,4,0,3,3,3,3,3,3,3,3,3,3,3,3,3,3,3,3,3,3,3,3,3,4,4,3,3,3,3,3,3,4,4,3,3,3,3,3,3,3,3,3,3,3,3,3,3,3,4,4,3,3,3,1,3,3,3,3,0,3,3,3,3,3,1,3,3,3,3,3,3,3,3,0,3,3,3,3,2,2,4,4,4,3,3,3,3,1,1,4,4,3,3,3,3,3,3,1,3,3,3,3,3,1,4,4,2,4,3,3,3,3,2,3,2,4,3,3,3,4,0,3,3,2,4,4,4,2,3,3,1,3,3,3,3,3,2,2,3,3,3,1,3,3,3,3,3,3,1,3,0,0,0,0,0,0,0,0,0,0,0,0,0,0,3,3,2,3,3,2,3,3,3,3,3,0,3,3,3,3,3,3,3,3,3,3,3,3,3,3,3,3,3,2,3,3,2,1,3,3,3,3,2,3,3,3,3,3,3,3,3,3,3,3,3,3,3,3,3,3,3,3,3,3,3,1,3,3,4,4,3,3"
223,1.0713803831791706,"0,0,3,3,3,4,3,3,4,1,4,4,3,0,3,4,3,3,0,3,3,3,3,3,3,3,3,3,3,3,3,4,4,4,2,4,4,3,3,1,1,3,3,3,1,4,4,0,3,3,3,3,3,3,3,3,3,3,3,3,3,3,3,3,3,3,3,3,3,4,4,3,3,3,3,3,3,4,4,3,3,3,3,3,3,3,3,3,3,3,3,3,3,3,4,4,3,3,3,1,3,3,3,3,0,3,3,3,3,3,1,3,3,3,3,3,3,3,3,0,3,3,3,3,2,2,4,4,4,3,3,4,3,1,1,4,4,3,3,3,3,3,3,1,3,3,3,3,3,1,4,4,2,4,3,3,3,3,2,3,2,4,3,3,3,4,0,3,3,2,4,4,4,2,3,3,1,3,3,3,3,3,2,2,3,3,3,1,3,3,3,3,3,3,1,3,0,0,0,0,0,0,0,0,0,0,0,0,0,0,3,3,2,3,3,2,3,3,3,3,3,0,3,3,3,4,3,3,3,3,3,3,3,3,3,3,3,3,3,2,3,3,2,1,3,3,3,3,2,3,3,3,3,3,3,3,3,3,3,3,3,3,3,3,3,3,3,3,3,3,3,1,3,3,4,4,3,3"
224,1.0734205244476307,"0,0,3,3,3,4,3,3,4,1,4,4,3,0,3,4,3,3,3,3,3,3,3,3,3,3,3,3,3,3,3,4,4,4,2,4,4,3,3,1,1,3,3,3,1,4,4,0,3,3,3,3,3,3,3,3,3,3,3,3,3,3,3,3,3,3,3,3,3,4,4,3,3,3,3,3,3,4,4,3,3,3,3,3,3,3,3,3,3,3,3,3,3,3,4,4,3,3,3,1,3,3,3,3,0,3,3,3,3,3,1,3,3,3,3,3,3,3,3,0,3,3,3,3,2,2,4,4,4,3,3,3,3,1,1,4,4,3,3,3,3,3,3,1,3,3,3,3,3,1,4,4,2,4,3,3,3,3,2,3,2,4,3,3,3,4,0,3,3,2,4,4,4,2,3,3,1,3,3,3,3,3,2,2,3,3,3,1,3,3,3,3,3,3,1,3,0,0,0,0,0,0,0,0,0,0,0,0,0,0,3,3,2,3,3,2,3,3,3,3,3,0,3,3,3,3,3,3,3,3,3,3,3,3,3,3,3,3,3,2,3,3,2,1,3,3,3,3,2,3,3,3,3,3,3,3,3,3,3,3,3,3,3,3,3,3,3,3,3,3,3,0,3,3,4,4,3,3"
225,1.0736959643346844,"0,0,3,3,3,4,3,3,4,1,4,4,3,0,3,4,3,3,3,3,3,3,3,3,3,3,3,3,3,3,3,4,4,4,2,4,4,3,3,1,1,3,3,3,1,4,4,0,3,3,3,3,3,3,3,3,3,3,3,3,3,3,3,3,3,3,3,3,3,4,4,3,3,3,3,3,3,4,4,3,3,3,3,3,3,3,3,3,3,3,3,3,3,3,4,4,3,3,3,1,3,3,3,3,0,3,3,3,3,3,1,3,3,3,3,3,3,3,3,0,3,3,3,3,2,2,4,4,4,3,3,3,3,1,1,4,4,3,3,3,3,3,3,1,3,3,3,3,3,1,4,4,2,4,3,3,3,3,2,3,2,4,3,3,3,4,0,3,3,4,4,4,4,2,3,3,3,3,3,3,3,3,2,2,3,3,3,1,3,3,3,3,3,3,1,3,0,0,0,0,0,0,0,0,0,0,0,0,0,0,3,3,2,3,3,2,3,3,3,3,3,0,3,3,3,3,3,3,3,3,3,3,3,3,3,3,3,3,3,2,3,3,2,1,3,3,3,3,2,3,3,3,3,3,3,3,3,3,3,3,3,3,3,3,3,3,3,3,3,3,3,1,3,3,4,4,3,3"
226,1.073075743582884,"0,0,3,3,3,4,3,3,4,1,4,4,3,0,3,4,3,3,3,3,3,3,3,3,3,3,3,3,3,3,3,4,4,4,2,4,4,3,3,1,1,3,3,3,1,4,4,0,3,3,3,3,3,3,3,3,3,3,3,3,3,3,3,3,3,3,3,3,3,4,4,3,3,3,3,3,3,4,4,3,3,3,3,3,3,3,3,3,3,3,3,3,3,3,4,4,3,3,3,1,3,3,3,3,0,3,3,3,3,3,1,3,3,3,3,3,3,3,3,0,3,3,3,3,2,2,4,4,4,3,3,3,3,1,1,4,4,3,3,3,3,3,3,1,3,3,3,3,3,1,4,4,2,4,3,3,3,3,2,3,2,4,3,3,3,4,0,3,3,4,4,4,4,2,3,3,3,3,3,3,3,3,2,2,3,3,3,1,3,3,3,3,3,3,1,3,0,0,0,0,0,0,0,0,0,0,0,0,0,0,3,3,2,3,3,2,3,3,3,3,3,0,3,3,3,3,3,3,3,3,3,3,3,3,3,3,3,3,3,2,3,3,2,1,3,3,3,3,2,3,3,3,3,3,3,3,3,3,3,3,3,3,3,3,3,3,3,3,3,3,1,1,3,3,4,4,3,3"
227,1.0733128912942345,"0,0,3,3,3,4,3,3,4,1,4,4,3,0,3,4,3,3,3,3,3,3,3,3,3,3,3,3,3,3,3,4,4,4,2,4,4,3,3,1,1,3,3,3,1,4,4,0,3,3,3,3,3,3,3,3,3,3,3,3,3,3,3,3,3,3,3,3,3,4,4,3,3,3,3,3,3,4,4,3,3,3,3,3,3,3,3,3,3,3,3,3,3,3,4,4,3,3,3,1,3,3,3,3,0,3,3,3,3,3,1,3,3,3,3,3,3,3,3,0,3,3,3,3,2,2,4,4,4,3,3,3,3,1,1,4,4,3,3,3,3,3,3,1,3,3,3,3,3,1,4,4,2,4,3,3,3,3,2,3,2,4,3,3,3,4,0,3,3,4,4,4,4,2,3,3,3,3,3,3,3,3,2,2,3,3,3,1,3,3,3,3,3,3,1,3,0,0,0,0,0,0,0,0,0,0,0,0,0,0,3,3,2,3,3,2,3,3,3,3,3,0,3,3,3,3,3,3,3,3,3,3,3,3,3,3,3,3,3,2,3,3,2,1,3,3,3,3,3,3,3,3,3,3,3,3,3,3,3,3,3,3,3,1,3,3,3,3,3,3,3,1,3,3,4,4,3,3"
228,1.0742799133173024,"0,0,3,3,3,4,3,3,4,1,4,4,3,0,3,4,3,3,3,3,3,3,3,3,3,3,3,3,3,3,3,4,4,4,2,4,4,3,3,1,1,3,3,3,1,4,4,0,3,3,3,3,3,3,3,3,3,3,3,3,3,3,3,3,3,3,3,3,3,4,4,3,3,3,3,3,3,4,4,3,3,3,3,3,3,3,3,3,3,3,3,3,3,3,4,4,3,3,3,1,3,3,3,3,0,3,3,3,3,3,1,3,3,3,3,3,3,3,3,0,3,3,3,3,2,2,4,4,4,3,3,3,3,1,1,4,4,3,3,3,3,3,3,1,3,3,3,3,3,1,4,4,2,4,3,3,3,3,2,3,2,4,3,3,3,4,0,3,3,4,4,4,4,2,3,3,3,3,3,3,3,3,2,2,3,3,3,1,3,3,3,3,3,3,1,3,0,0,0,0,0,0,0,0,0,0,0,0,0,0,3,3,2,3,3,2,3,3,3,3,3,0,3,3,3,3,3,3,3,3,3,3,3,3,3,3,3,3,3,2,3,3,2,1,3,3,3,3,3,3,3,3,3,3,3,3,3,3,3,3,3,3,3,3,3,3,3,3,3,3,3,1,3,3,4,4,3,3"
229,1.0746912986395127,"0,0,3,3,3,4,3,3,4,1,4,4,3,0,3,4,3,3,3,3,3,3,3,3,3,3,3,3,3,3,3,4,4,4,2,4,4,3,3,1,1,3,3,3,1,4,4,0,3,3,3,3,3,3,3,3,3,3,3,3,3,3,3,3,3,3,3,3,3,4,4,3,3,3,3,3,3,4,4,3,3,3,3,3,3,3,3,3,3,3,3,3,3,3,4,4,3,3,3,1,3,3,3,3,0,3,3,3,3,3,1,3,3,3,3,3,3,3,3,0,3,3,3,3,2,3,4,4,4,3,3,3,3,1,1,4,4,3,3,3,3,3,3,1,3,3,3,3,3,1,4,4,2,4,3,3,3,3,2,3,2,4,3,3,3,4,0,3,3,4,4,4,4,2,3,3,3,3,3,3,3,3,2,2,3,3,3,1,3,3,3,3,3,3,1,3,0,0,0,0,0,0,0,0,0,0,0,0,0,0,3,3,2,3,3,2,3,3,3,3,3,0,3,3,3,3,3,3,3,3,3,3,3,3,3,3,3,3,3,2,3,3,2,1,3,3,3,3,3,3,3,3,3,3,3,3,3,3,3,3,3,3,3,3,3,3,3,3,3,3,3,1,3,3,4,4,3,3"
230,1.0744816953352458,"0,0,3,3,3,4,3,3,4,1,4,4,3,0,3,4,3,3,3,3,3,3,3,3,3,3,3,3,3,3,3,4,4,4,2,4,4,3,3,1,1,3,3,3,1,4,4,0,3,3,3,3,3,3,3,3,3,3,3,3,3,3,3,3,3,3,3,3,3,4,4,3,3,3,3,3,3,4,4,3,3,3,3,3,3,3,3,3,3,3,3,3,3,3,4,4,3,3,3,1,3,3,3,3,0,3,3,3,3,3,1,3,3,3,3,3,3,3,3,0,3,3,3,3,2,3,4,4,4,3,3,3,3,1,1,4,4,3,3,3,3,3,3,1,3,3,3,3,3,1,4,4,2,4,3,3,3,3,4,3,2,4,3,3,3,4,0,3,3,4,4,4,4,2,3,3,3,3,3,3,3,3,2,2,3,3,3,1,3,3,3,3,3,3,1,3,0,0,0,0,0,0,0,0,0,0,0,0,0,0,3,3,2,3,3,2,3,3,3,3,3,0,3,3,3,3,3,3,3,3,3,3,3,3,3,3,3,3,3,2,3,3,2,1,3,3,3,3,3,3,3,3,3,3,3,3,3,3,3,3,3,3,3,3,3,3,3,3,3,3,3,1,3,3,4,4,3,3"
231,1.0741472061058635,"0,0,3,3,3,4,3,3,4,1,4,4,3,0,3,4,3,3,3,3,3,3,3,3,3,3,3,3,3,3,3,4,4,4,2,4,4,3,3,1,1,3,3,3,1,4,4,0,3,3,3,3,3,3,3,3,3,3,3,3,3,3,3,3,3,3,3,3,3,4,4,3,3,3,3,3,3,4,4,3,3,3,3,3,3,3,3,3,3,3,3,3,3,3,4,4,3,3,3,1,3,3,3,3,0,3,3,3,3,3,1,3,3,3,3,3,3,3,3,0,3,3,3,3,2,3,4,4,4,3,3,3,3,1,1,4,4,3,3,3,3,3,3,1,3,3,3,3,3,1,4,4,2,4,3,3,3,3,4,3,2,4,3,3,3,4,0,3,3,4,4,4,4,2,3,3,3,3,3,3,3,3,2,2,3,3,3,1,3,3,3,3,3,3,1,3,0,1,0,0,0,0,0,0,0,0,0,0,0,0,3,3,2,3,3,2,3,3,3,3,3,0,3,3,3,3,3,3,3,3,3,3,3,3,3,3,3,3,3,2,3,3,2,1,3,3,3,3,3,3,3,3,3,3,3,3,3,3,3,3,3,3,3,3,3,3,3,3,3,3,3,1,3,3,4,4,3,3"
232,1.073009244778417,"0,0,3,3,3,4,3,3,4,1,4,4,3,0,3,4,3,3,3,3,3,3,3,3,3,3,3,3,3,3,3,4,4,4,2,4,4,3,3,1,1,3,3,3,1,4,4,0,3,3,3,3,3,3,3,3,3,3,3,3,3,3,3,3,3,3,3,3,3,4,4,3,3,3,3,3,3,4,0,3,3,3,3,3,3,3,3,3,3,3,3,3,3,3,4,4,3,3,3,1,3,3,3,3,0,3,3,3,3,3,1,3,3,3,3,3,3,3,3,0,3,3,3,3,2,2,4,4,4,3,3,3,2,1,1,4,4,3,3,3,3,3,3,1,3,3,3,3,3,1,4,4,2,4,3,3,3,3,2,3,2,4,3,3,3,4,0,3,3,4,4,4,4,2,3,3,3,3,3,3,3,3,2,2,3,3,3,1,3,3,3,3,3,3,1,3,0,0,0,0,0,0,0,0,0,0,0,0,0,0,3,3,2,3,3,2,3,3,3,3,3,0,3,3,3,3,3,3,3,3,3,3,3,3,3,3,3,3,3,2,3,3,2,1,3,3,3,3,3,3,3,3,3,3,3,3,3,3,3,3,3,3,3,3,3,3,3,3,3,3,3,1,3,3,4,4,3,3"
233,1.0722015263703657,"0,0,3,3,3,4,3,3,4,1,4,1,3,0,3,4,3,3,3,0,3,3,3,3,3,3,3,3,3,3,3,4,4,4,2,4,4,3,3,1,1,3,3,3,1,4,4,0,3,3,3,3,3,3,3,3,3,3,3,3,3,3,3,3,3,3,3,3,3,4,4,3,3,3,3,3,3,4,0,3,3,3,3,3,3,3,3,3,3,3,3,3,3,3,4,4,3,3,3,1,3,3,3,3,0,3,3,3,3,3,1,3,3,3,3,3,3,3,3,0,3,3,3,3,2,2,4,4,4,3,3,3,4,1,1,4,4,3,3,3,3,3,3,1,3,3,3,3,3,1,4,4,2,4,3,3,3,3,2,3,2,4,3,3,3,4,2,3,3,4,4,4,4,2,3,3,3,3,3,3,3,3,2,2,3,3,3,1,3,3,3,3,3,3,1,3,0,0,0,0,0,0,0,0,0,0,0,0,0,0,3,3,2,3,3,2,3,3,3,3,3,0,3,3,3,3,3,3,3,3,3,3,3,3,3,3,3,3,3,2,3,3,2,1,3,3,3,3,3,3,3,3,3,3,3,3,3,3,3,3,3,3,3,3,3,3,3,3,3,3,3,1,3,3,4,4,3,3"
234,1.0741950299510798,"0,0,3,3,3,4,3,3,4,1,4,4,3,0,3,4,3,3,3,3,3,3,3,3,3,3,3,3,3,3,3,4,4,4,2,4,4,3,3,1,1,3,3,3,1,4,4,0,3,3,3,3,3,3,3,3,3,3,3,3,3,3,3,3,3,3,3,3,3,4,4,3,3,3,3,3,3,4,4,3,3,3,3,3,3,3,3,3,3,3,3,3,3,3,4,4,3,3,3,1,3,3,3,3,0,3,3,3,3,3,1,3,3,3,3,3,3,3,3,0,3,3,3,3,2,3,4,4,4,3,3,3,3,1,1,4,4,3,3,3,3,3,3,1,3,3,3,3,3,1,4,4,2,4,3,3,3,3,2,3,2,4,3,3,3,4,2,3,3,4,4,4,4,2,3,3,3,3,3,3,3,3,2,2,3,3,3,1,3,3,3,3,3,3,1,3,0,0,0,0,0,0,0,0,0,0,0,0,0,0,3,3,2,3,3,2,3,3,3,3,3,0,3,3,3,3,3,3,0,3,3,3,3,3,3,3,3,3,3,2,3,3,2,1,3,3,3,3,3,3,3,3,3,3,3,3,3,3,3,3,3,3,3,3,3,3,3,3,3,3,3,1,3,3,4,4,3,3"
235,1.0744675086362916,"0,0,3,3,3,4,3,3,4,1,4,4,3,0,3,4,3,3,3,3,3,3,3,3,3,3,3,3,3,3,3,4,4,4,2,4,4,3,3,1,1,3,3,3,1,4,4,0,3,3,3,3,3,3,3,3,3,3,3,3,3,3,3,3,3,3,3,3,3,4,4,3,3,3,3,3,3,4,4,3,3,3,3,3,3,3,3,3,3,3,3,3,3,3,4,4,3,3,3,1,3,3,3,3,0,3,3,3,3,3,1,3,3,3,3,3,3,3,3,0,3,3,3,3,2,3,4,4,4,3,3,3,3,1,1,4,4,3,3,3,3,3,3,1,3,3,3,3,3,1,4,4,2,4,3,3,3,3,2,3,2,4,3,3,3,4,2,3,3,4,4,4,4,2,3,3,3,3,3,3,3,3,3,2,3,3,3,1,3,3,3,3,3,3,1,3,0,0,0,0,0,0,0,0,0,0,0,0,0,0,3,3,2,3,3,2,3,3,3,3,3,0,3,3,3,3,3,3,0,3,3,3,3,3,3,3,3,3,3,2,3,3,2,1,3,3,3,3,3,3,3,3,3,3,3,3,3,3,3,3,3,3,3,3,3,3,3,3,3,3,3,1,3,3,4,4,3,3"
236,1.0765638016002508,"0,0,3,3,3,4,3,3,4,1,4,4,3,0,3,4,3,3,3,3,3,3,3,3,3,3,3,3,3,3,3,4,4,4,2,4,4,3,3,1,1,3,3,3,1,4,4,0,3,3,3,3,3,3,3,3,3,3,3,3,3,3,3,3,3,3,3,3,3,4,4,3,3,3,3,3,3,4,4,3,3,3,3,3,3,3,3,3,3,3,3,3,3,3,4,4,3,3,3,1,3,3,3,3,0,3,3,3,3,3,3,3,3,3,3,3,3,3,3,0,3,3,3,3,2,3,4,4,4,3,3,3,3,1,1,4,4,3,3,3,3,3,3,1,3,3,3,3,3,1,4,4,2,4,3,3,3,3,2,3,2,4,3,3,3,4,2,3,3,4,4,4,4,2,3,3,3,3,3,3,3,3,2,2,3,3,3,1,3,3,3,3,3,3,3,3,0,0,0,0,0,0,0,0,0,0,0,0,0,0,3,3,2,3,3,2,3,3,3,3,3,0,3,3,3,3,3,3,3,3,3,3,3,3,3,3,3,3,3,2,3,3,2,1,3,3,3,3,3,3,3,3,3,3,3,3,3,3,3,3,3,3,3,3,3,3,3,3,3,3,3,1,3,3,4,4,3,3"
237,1.075800054685732,"0,0,3,3,3,4,3,3,4,1,4,4,3,0,3,4,3,3,3,3,3,3,3,3,3,3,3,3,3,3,3,4,4,4,2,4,4,3,3,1,1,3,3,3,1,4,4,0,3,3,3,3,3,3,3,3,3,3,3,3,3,3,3,3,3,3,3,3,3,4,4,3,3,3,3,3,3,4,4,3,3,3,3,3,3,3,3,3,3,3,3,3,3,3,4,4,3,3,3,1,3,3,3,3,0,3,3,3,3,3,3,3,3,3,3,3,3,3,3,0,3,3,3,3,2,3,4,4,4,3,3,3,3,1,1,4,4,3,3,3,3,3,3,1,3,3,3,3,3,1,4,4,2,4,3,3,3,3,2,3,2,4,3,3,3,4,2,3,3,4,4,4,4,2,3,3,3,3,3,3,3,3,2,2,3,3,3,1,3,3,3,3,3,3,3,3,0,0,0,0,0,0,0,0,0,0,0,0,0,0,3,3,2,3,3,2,3,3,3,3,3,0,3,3,3,3,3,3,3,3,3,4,3,3,3,3,3,3,3,2,3,3,2,1,3,3,3,3,3,3,3,3,3,3,3,3,3,3,3,3,3,3,3,3,3,3,3,3,3,3,3,1,3,3,4,4,3,3"
238,1.075800054685732,"0,0,3,3,3,4,3,3,4,1,4,4,3,0,3,4,3,3,3,3,3,3,3,3,3,3,3,3,3,3,3,4,4,4,2,4,4,3,3,1,1,3,3,3,1,4,4,0,3,3,3,3,3,3,3,3,3,3,3,3,3,3,3,3,3,3,3,3,3,4,4,3,3,3,3,3,3,4,4,3,3,3,3,3,3,3,3,3,3,3,3,3,3,3,4,4,3,3,3,1,3,3,3,3,0,3,3,3,3,3,3,3,3,3,3,3,3,3,3,0,3,3,3,3,2,3,4,4,4,3,3,3,3,1,1,4,4,3,3,3,3,3,3,1,3,3,3,3,3,1,4,4,2,4,3,3,3,3,2,3,2,4,3,3,3,4,2,3,3,4,4,4,4,2,3,3,3,3,3,3,3,3,2,2,3,3,3,1,3,3,3,3,3,3,3,3,0,0,0,0,0,0,0,0,0,0,0,0,0,0,3,3,2,3,3,2,3,3,3,3,3,0,3,3,3,3,3,3,3,3,3,4,3,3,3,3,3,3,3,2,3,3,2,1,3,3,3,3,3,3,3,3,3,3,3,3,3,3,3,3,3,3,3,3,3,3,3,3,3,3,3,1,3,3,4,4,3,3"
239,1.0765638016002508,"0,0,3,3,3,4,3,3,4,1,4,4,3,0,3,4,3,3,3,3,3,3,3,3,3,3,3,3,3,3,3,4,4,4,2,4,4,3,3,1,1,3,3,3,1,4,4,0,3,3,3,3,3,3,3,3,3,3,3,3,3,3,3,3,3,3,3,3,3,4,4,3,3,3,3,3,3,4,4,3,3,3,3,3,3,3,3,3,3,3,3,3,3,3,4,4,3,3,3,1,3,3,3,3,0,3,3,3,3,3,3,3,3,3,3,3,3,3,3,0,3,3,3,3,2,3,4,4,4,3,3,3,3,1,1,4,4,3,3,3,3,3,3,1,3,3,3,3,3,1,4,4,2,4,3,3,3,3,2,3,2,4,3,3,3,4,2,3,3,4,4,4,4,2,3,3,3,3,3,3,3,3,2,2,3,3,3,1,3,3,3,3,3,3,3,3,0,0,0,0,0,0,0,0,0,0,0,0,0,0,3,3,2,3,3,2,3,3,3,3,3,0,3,3,3,3,3,3,3,3,3,3,3,3,3,3,3,3,3,2,3,3,2,1,3,3,3,3,3,3,3,3,3,3,3,3,3,3,3,3,3,3,3,3,3,3,3,3,3,3,3,1,3,3,4,4,3,3"
240,1.0765638016002508,"0,0,3,3,3,4,3,3,4,1,4,4,3,0,3,4,3,3,3,3,3,3,3,3,3,3,3,3,3,3,3,4,4,4,2,4,4,3,3,1,1,3,3,3,1,4,4,0,3,3,3,3,3,3,3,3,3,3,3,3,3,3,3,3,3,3,3,3,3,4,4,3,3,3,3,3,3,4,4,3,3,3,3,3,3,3,3,3,3,3,3,3,3,3,4,4,3,3,3,1,3,3,3,3,0,3,3,3,3,3,3,3,3,3,3,3,3,3,3,0,3,3,3,3,2,3,4,4,4,3,3,3,3,1,1,4,4,3,3,3,3,3,3,1,3,3,3,3,3,1,4,4,2,4,3,3,3,3,2,3,2,4,3,3,3,4,2,3,3,4,4,4,4,2,3,3,3,3,3,3,3,3,2,2,3,3,3,1,3,3,3,3,3,3,3,3,0,0,0,0,0,0,0,0,0,0,0,0,0,0,3,3,2,3,3,2,3,3,3,3,3,0,3,3,3,3,3,3,3,3,3,3,3,3,3,3,3,3,3,2,3,3,2,1,3,3,3,3,3,3,3,3,3,3,3,3,3,3,3,3,3,3,3,3,3,3,3,3,3,3,3,1,3,3,4,4,3,3"
241,1.0751834786536056,"0,0,3,3,3,4,3,3,4,1,4,4,3,0,3,4,3,3,3,3,3,3,3,3,3,3,3,3,3,3,3,4,4,4,2,4,4,3,3,1,1,3,3,3,1,4,4,0,3,3,3,3,3,3,3,3,3,3,3,3,3,3,3,3,3,3,3,3,3,4,4,3,3,3,3,3,3,4,4,3,3,3,3,3,3,3,3,3,3,3,3,3,3,3,4,4,3,3,3,1,3,3,3,3,0,3,3,3,3,3,3,3,3,3,3,3,3,3,3,0,3,3,3,3,2,3,2,4,4,3,3,3,3,1,1,4,4,3,3,3,3,0,3,1,3,3,3,3,3,1,4,4,2,4,3,3,3,3,2,3,2,4,3,3,3,4,4,4,3,4,4,4,4,4,3,3,3,3,3,3,3,3,2,2,3,3,3,1,3,3,3,3,3,3,3,3,0,0,0,0,0,0,0,0,0,0,0,0,0,0,3,3,2,3,3,2,3,3,3,3,3,0,3,3,3,3,3,3,3,3,3,3,3,3,3,3,3,3,3,2,3,3,2,1,3,3,3,3,3,3,3,3,3,3,3,3,3,3,3,3,3,3,3,3,3,3,3,3,3,3,3,1,3,3,4,4,3,3"
242,1.0746123286350286,"0,0,3,3,3,4,3,3,4,1,4,4,3,0,3,4,3,3,3,3,3,3,3,3,3,3,3,3,3,3,3,4,4,4,2,4,4,3,3,1,1,3,3,3,1,4,4,0,3,3,3,3,3,3,3,3,3,3,3,3,3,3,3,3,3,3,3,3,3,4,4,3,3,3,3,3,3,4,4,3,3,3,3,3,3,3,3,3,3,3,3,3,3,3,4,4,3,3,3,1,3,3,3,3,0,3,3,3,3,3,3,3,3,3,3,3,3,3,3,0,3,3,3,3,2,3,2,4,4,3,3,3,3,1,1,4,4,3,3,3,3,0,3,1,3,3,3,3,3,1,4,4,2,4,3,3,3,3,2,3,2,4,3,3,3,4,4,4,3,4,4,4,4,4,3,3,3,3,3,3,3,3,2,2,3,3,3,1,3,3,3,3,3,3,3,3,0,0,0,0,0,0,0,0,0,0,0,0,0,0,3,3,2,3,3,2,3,3,3,3,3,0,3,3,3,3,3,3,3,3,3,3,3,3,3,3,3,3,3,2,3,3,2,1,3,2,3,3,3,3,3,3,3,3,3,3,3,3,3,3,3,3,3,3,3,3,3,3,3,3,3,1,3,3,4,4,3,3"
243,1.076911349737826,"0,0,3,3,3,4,3,3,4,1,4,4,3,0,3,4,3,3,3,3,3,3,3,3,3,3,3,3,3,3,3,4,4,4,2,4,4,3,3,1,1,3,3,3,1,4,4,0,3,3,3,3,3,3,3,3,3,3,3,3,3,3,3,3,3,3,3,3,3,4,4,3,3,3,3,3,3,4,4,3,3,3,3,3,3,3,3,3,3,3,3,3,3,3,4,4,3,3,3,1,3,3,3,3,0,3,3,3,3,3,3,3,3,3,3,3,3,3,3,0,3,3,3,3,2,3,4,4,4,3,3,3,3,1,1,4,4,3,3,3,3,3,3,1,3,3,3,3,3,1,4,4,2,4,3,3,3,3,3,3,2,4,3,3,3,4,4,3,3,4,4,4,4,4,3,3,3,3,3,3,3,3,2,2,3,3,3,1,3,3,3,3,3,3,3,3,0,0,0,0,0,0,0,0,0,0,0,0,2,0,3,3,2,3,3,2,3,3,3,3,3,0,3,3,3,3,3,3,3,3,3,3,3,3,3,3,3,3,3,2,3,3,2,1,3,3,3,3,3,3,3,3,3,3,3,3,3,3,3,3,3,3,3,3,3,3,3,3,3,3,3,1,3,3,4,4,3,3"
244,1.0766007353119913,"0,0,3,3,3,4,3,3,4,1,4,4,3,0,3,4,3,3,3,3,3,3,3,3,3,3,3,3,3,3,3,4,4,4,2,4,4,3,3,1,1,3,3,3,1,4,4,0,3,3,3,3,3,3,3,3,3,3,3,3,3,3,3,3,3,3,3,3,3,4,4,3,3,3,3,3,3,4,4,3,3,3,3,3,3,3,3,3,3,3,3,3,3,3,4,4,3,3,3,1,3,3,3,3,0,3,3,3,3,3,3,3,3,3,3,3,3,3,3,0,3,3,3,3,2,3,4,4,4,3,3,3,3,1,1,4,4,3,3,3,3,3,3,1,3,3,3,3,3,1,4,4,2,0,3,3,3,3,3,3,2,4,3,3,3,4,4,3,3,4,4,4,4,4,3,3,3,3,3,3,3,3,2,2,3,3,3,1,3,3,3,3,3,3,3,3,0,0,0,0,0,0,0,0,0,0,0,0,2,0,3,3,2,3,3,2,3,3,3,3,3,0,3,3,3,3,3,3,3,3,3,3,3,3,3,3,3,3,3,2,3,3,2,1,3,3,3,3,3,3,3,3,3,3,3,3,3,3,3,3,3,3,3,3,3,3,3,3,3,3,3,1,3,3,4,4,3,3"
245,1.0753449658974823,"0,0,3,3,3,4,3,3,4,1,4,4,3,0,3,4,3,3,3,3,3,3,3,3,3,3,3,3,3,3,3,4,4,4,2,4,4,3,3,1,1,3,3,3,1,4,4,0,3,3,3,3,3,3,3,3,3,3,3,3,3,3,3,3,3,3,3,3,3,4,4,3,3,3,3,3,3,4,4,3,3,3,3,3,3,3,3,3,3,3,3,3,3,3,4,4,3,3,3,1,3,3,3,3,0,3,3,3,3,3,3,3,3,3,3,3,3,3,3,0,3,3,3,3,2,3,4,4,4,3,3,3,3,1,1,4,4,3,3,3,3,3,3,1,3,3,3,3,3,1,4,4,2,0,3,3,3,3,3,3,2,4,3,3,3,4,4,3,3,4,4,4,4,4,3,3,3,3,3,3,3,3,2,2,3,3,3,1,3,3,3,1,3,3,3,3,0,0,0,0,0,0,0,0,0,0,0,0,2,0,3,3,2,3,3,2,3,3,3,3,3,0,3,3,3,3,3,3,3,3,3,3,0,3,3,3,3,3,3,2,3,3,2,1,3,3,3,3,3,3,3,3,3,3,3,3,3,3,3,3,3,3,3,3,3,3,3,3,3,3,3,1,3,3,4,4,3,3"
246,1.076371277215571,"0,0,3,3,3,4,3,3,4,1,4,4,3,0,3,4,3,3,3,3,3,3,3,3,3,3,3,3,3,3,3,1,4,4,2,4,4,3,3,1,1,3,3,3,1,4,4,0,3,3,3,3,3,3,3,3,3,3,2,3,3,3,3,3,3,3,3,3,3,4,4,3,3,3,3,3,3,4,4,3,3,3,3,3,3,3,3,3,3,3,3,3,3,3,4,4,3,3,3,1,3,3,3,3,0,3,3,3,3,3,3,3,3,3,3,3,3,3,3,0,3,3,3,3,2,3,4,4,4,3,3,3,3,1,1,4,4,3,3,3,3,3,3,1,3,3,3,3,3,1,4,4,2,4,3,3,3,3,3,3,2,4,3,3,3,4,4,3,3,4,4,4,4,4,3,3,3,3,3,3,3,3,2,2,3,3,3,1,3,3,3,3,3,3,3,3,0,0,0,0,0,0,0,0,0,0,0,0,0,0,3,3,2,3,3,2,3,3,3,3,3,0,3,3,3,3,3,3,3,3,3,3,3,3,3,3,3,3,3,2,3,3,2,1,3,3,3,3,3,3,3,3,3,3,3,3,3,3,3,3,3,3,3,3,3,3,3,3,3,3,3,1,3,3,4,4,3,3"
247,1.0772777389612729,"0,0,3,3,3,4,3,3,4,1,4,4,3,0,3,4,3,3,3,3,3,3,3,3,3,3,3,3,3,3,3,4,4,4,2,4,4,3,3,1,1,3,3,3,1,4,4,0,3,3,3,3,3,3,3,3,3,3,3,3,3,3,3,3,3,3,3,3,3,4,4,3,3,3,3,3,3,4,4,3,3,3,3,3,3,3,3,3,3,3,3,3,3,3,4,4,3,3,3,1,3,3,3,3,0,3,3,3,3,3,3,3,3,3,3,3,3,3,3,0,3,3,3,3,2,3,4,4,4,3,3,3,3,1,1,4,4,3,3,3,3,3,3,1,3,3,3,3,3,1,4,4,2,4,3,3,3,3,3,3,2,4,3,3,3,4,4,3,3,4,4,4,4,4,3,3,3,3,3,3,3,3,2,2,3,3,3,1,3,3,3,3,3,3,3,3,0,0,0,0,0,0,0,0,0,0,0,0,0,0,3,3,2,3,3,2,3,3,3,3,3,0,3,3,3,3,3,3,3,3,3,3,3,3,3,3,3,3,3,2,3,3,2,1,3,3,3,3,3,3,3,3,3,3,3,3,3,3,3,3,3,3,3,3,3,3,3,3,3,3,3,1,3,3,4,4,3,3"
248,1.0772777389612729,"0,0,3,3,3,4,3,3,4,1,4,4,3,0,3,4,3,3,3,3,3,3,3,3,3,3,3,3,3,3,3,4,4,4,2,4,4,3,3,1,1,3,3,3,1,4,4,0,3,3,3,3,3,3,3,3,3,3,3,3,3,3,3,3,3,3,3,3,3,4,4,3,3,3,3,3,3,4,4,3,3,3,3,3,3,3,3,3,3,3,3,3,3,3,4,4,3,3,3,1,3,3,3,3,0,3,3,3,3,3,3,3,3,3,3,3,3,3,3,0,3,3,3,3,2,3,4,4,4,3,3,3,3,1,1,4,4,3,3,3,3,3,3,1,3,3,3,3,3,1,4,4,2,4,3,3,3,3,3,3,2,4,3,3,3,4,4,3,3,4,4,4,4,4,3,3,3,3,3,3,3,3,2,2,3,3,3,1,3,3,3,3,3,3,3,3,0,0,0,0,0,0,0,0,0,0,0,0,0,0,3,3,2,3,3,2,3,3,3,3,3,0,3,3,3,3,3,3,3,3,3,3,3,3,3,3,3,3,3,2,3,3,2,1,3,3,3,3,3,3,3,3,3,3,3,3,3,3,3,3,3,3,3,3,3,3,3,3,3,3,3,1,3,3,4,4,3,3"
249,1.0772777389612729,"0,0,3,3,3,4,3,3,4,1,4,4,3,0,3,4,3,3,3,3,3,3,3,3,3,3,3,3,3,3,3,4,4,4,2,4,4,3,3,1,1,3,3,3,1,4,4,0,3,3,3,3,3,3,3,3,3,3,3,3,3,3,3,3,3,3,3,3,3,4,4,3,3,3,3,3,3,4,4,3,3,3,3,3,3,3,3,3,3,3,3,3,3,3,4,4,3,3,3,1,3,3,3,3,0,3,3,3,3,3,3,3,3,3,3,3,3,3,3,0,3,3,3,3,2,3,4,4,4,3,3,3,3,1,1,4,4,3,3,3,3,3,3,1,3,3,3,3,3,1,4,4,2,4,3,3,3,3,3,3,2,4,3,3,3,4,4,3,3,4,4,4,4,4,3,3,3,3,3,3,3,3,2,2,3,3,3,1,3,3,3,3,3,3,3,3,0,0,0,0,0,0,0,0,0,0,0,0,0,0,3,3,2,3,3,2,3,3,3,3,3,0,3,3,3,3,3,3,3,3,3,3,3,3,3,3,3,3,3,2,3,3,2,1,3,3,3,3,3,3,3,3,3,3,3,3,3,3,3,3,3,3,3,3,3,3,3,3,3,3,3,1,3,3,4,4,3,3"
250,1.0760181539947904,"0,0,3,3,3,4,3,3,4,1,4,4,3,0,3,4,3,3,3,3,3,3,3,3,3,3,3,3,3,3,3,4,4,4,2,4,4,3,3,1,1,3,3,3,1,4,4,0,3,3,3,3,3,3,3,3,3,3,3,3,3,3,3,3,3,3,3,3,3,4,4,3,3,3,3,3,3,4,4,3,3,3,3,3,3,3,3,3,3,3,3,3,3,3,4,4,3,3,3,1,3,3,3,3,0,3,3,3,3,3,3,3,3,3,3,3,1,3,3,0,3,3,3,3,2,3,4,4,4,3,3,3,3,1,1,4,4,3,3,3,3,3,3,1,3,3,3,3,3,1,4,4,2,4,3,3,3,3,3,3,2,4,3,3,3,4,4,3,3,4,4,4,4,4,3,3,3,3,3,3,3,3,2,2,3,3,3,1,3,3,3,3,3,3,3,3,0,0,0,0,0,0,0,0,0,0,0,0,0,0,3,3,2,3,3,2,3,3,3,3,3,0,3,3,3,3,3,3,3,3,3,3,3,3,3,3,3,3,3,2,3,3,2,1,3,3,3,3,2,3,3,3,3,3,3,3,3,3,3,3,3,3,3,3,3,3,3,3,3,3,3,1,3,3,4,4,3,3"
251,1.0769060367528898,"0,0,3,3,3,4,3,3,4,1,4,4,3,0,3,4,3,3,3,3,3,3,3,3,3,3,3,3,3,3,3,4,4,4,2,4,4,3,3,1,1,3,3,3,1,4,4,0,3,3,3,3,3,3,3,3,3,3,3,3,3,3,3,3,3,3,3,3,3,4,4,3,3,3,3,3,3,4,4,3,3,3,3,3,3,3,3,3,3,3,3,3,3,3,4,4,3,3,3,1,3,3,3,3,0,3,3,3,3,3,3,3,3,3,3,3,3,3,3,0,3,3,3,3,2,3,4,4,4,3,3,3,3,1,1,4,4,3,3,3,3,3,3,1,3,3,3,3,3,1,4,4,2,4,3,3,3,3,3,3,2,4,3,3,3,4,4,3,3,4,4,4,4,4,3,3,3,3,3,3,3,3,2,2,3,3,3,1,3,3,3,3,3,3,3,3,0,0,2,0,0,0,0,0,0,0,0,0,0,0,3,3,2,3,3,2,3,3,3,3,3,0,3,3,3,3,3,3,3,3,3,3,3,3,3,3,3,3,3,2,3,3,2,1,3,3,3,3,3,3,3,3,3,3,3,3,3,3,3,3,3,3,3,3,3,3,3,3,3,3,3,1,3,3,4,4,3,3"
252,1.078041975697107,"0,0,3,3,3,4,3,3,4,1,4,4,3,0,3,4,3,3,3,3,3,3,3,3,3,3,3,3,3,3,3,4,4,4,2,4,4,3,3,1,3,3,3,3,1,4,4,0,3,3,3,3,3,3,3,3,3,3,3,3,3,3,3,3,3,3,3,3,3,4,4,3,3,3,3,3,3,4,4,3,3,3,3,3,3,3,3,3,3,3,3,3,3,3,4,4,3,3,3,1,3,3,3,3,0,3,3,3,3,3,3,3,3,3,3,3,3,3,3,0,3,3,3,3,2,3,4,4,4,3,3,3,3,1,1,4,4,3,3,3,3,3,3,1,3,3,3,3,3,1,4,4,2,4,3,3,3,3,3,3,2,4,3,3,3,4,4,3,3,4,4,4,4,4,3,3,3,3,3,3,3,3,3,2,3,3,3,1,3,3,3,3,3,3,3,3,0,0,0,0,0,0,0,0,0,0,0,0,0,0,3,3,2,3,3,1,3,3,3,3,3,0,3,3,3,3,3,3,3,3,3,3,3,3,3,3,3,3,3,2,3,3,2,1,3,3,3,3,3,3,3,3,3,3,3,3,3,3,3,3,3,3,3,3,3,3,3,3,3,3,3,1,3,3,4,4,3,3"
253,1.076638921725214,"0,0,3,3,3,4,3,3,4,1,4,4,3,0,3,4,3,3,3,3,3,3,3,3,3,3,3,3,3,3,3,4,4,4,2,4,4,3,3,1,3,3,3,3,1,4,4,0,3,3,3,3,3,3,3,3,3,3,3,3,3,3,3,3,3,3,3,3,3,1,4,3,3,3,3,3,3,4,4,3,3,3,3,3,3,3,3,3,3,3,3,3,3,3,4,4,3,3,3,1,3,3,3,3,0,3,3,3,3,3,3,3,3,3,3,3,3,3,3,0,3,3,3,3,2,3,4,4,4,3,3,3,3,1,1,4,4,3,3,3,3,3,3,1,3,3,3,3,3,1,4,4,2,4,3,3,3,3,3,3,2,4,3,3,3,4,4,3,3,4,4,4,4,4,3,3,3,3,3,3,3,2,3,2,3,3,3,1,3,3,3,3,3,3,3,3,0,0,0,0,0,0,0,0,0,0,0,0,0,0,3,3,2,3,3,1,3,3,3,3,3,0,3,3,3,3,3,3,3,3,3,3,3,3,3,3,3,3,3,2,3,3,2,1,3,3,3,3,3,3,3,3,3,3,3,3,3,3,3,3,3,3,3,3,3,3,3,3,3,3,3,1,3,3,4,4,3,3"
254,1.076638921725214,"0,0,3,3,3,4,3,3,4,1,4,4,3,0,3,4,3,3,3,3,3,3,3,3,3,3,3,3,3,3,3,4,4,4,2,4,4,3,3,1,3,3,3,3,1,4,4,0,3,3,3,3,3,3,3,3,3,3,3,3,3,3,3,3,3,3,3,3,3,1,4,3,3,3,3,3,3,4,4,3,3,3,3,3,3,3,3,3,3,3,3,3,3,3,4,4,3,3,3,1,3,3,3,3,0,3,3,3,3,3,3,3,3,3,3,3,3,3,3,0,3,3,3,3,2,3,4,4,4,3,3,3,3,1,1,4,4,3,3,3,3,3,3,1,3,3,3,3,3,1,4,4,2,4,3,3,3,3,3,3,2,4,3,3,3,4,4,3,3,4,4,4,4,4,3,3,3,3,3,3,3,2,3,2,3,3,3,1,3,3,3,3,3,3,3,3,0,0,0,0,0,0,0,0,0,0,0,0,0,0,3,3,2,3,3,1,3,3,3,3,3,0,3,3,3,3,3,3,3,3,3,3,3,3,3,3,3,3,3,2,3,3,2,1,3,3,3,3,3,3,3,3,3,3,3,3,3,3,3,3,3,3,3,3,3,3,3,3,3,3,3,1,3,3,4,4,3,3"
255,1.079250968933978,"0,0,3,3,3,4,3,3,4,1,4,4,3,0,3,4,3,3,3,3,3,3,3,3,3,3,3,3,3,3,3,4,4,4,2,4,4,3,3,1,3,3,3,3,1,4,4,0,3,3,3,3,3,3,3,3,3,3,3,3,3,3,3,3,3,3,3,3,3,4,4,3,3,3,3,3,3,4,4,3,3,3,3,3,3,3,3,3,3,3,3,3,3,3,4,4,3,3,3,1,3,3,3,3,0,3,3,3,3,3,3,3,3,3,3,3,3,3,3,3,3,3,3,3,2,3,4,4,4,3,3,3,3,1,1,4,4,3,3,3,3,3,3,1,3,3,3,3,3,3,4,4,2,4,3,3,3,3,3,3,2,4,3,3,3,4,4,3,3,4,4,4,4,4,3,3,3,3,3,3,3,3,3,2,3,3,3,1,3,3,3,3,3,3,3,3,0,0,0,0,0,0,0,0,0,0,0,0,0,0,3,3,2,3,3,1,3,3,3,3,3,0,3,3,3,3,3,3,3,3,3,3,3,3,3,3,3,3,3,2,3,3,2,1,3,3,3,3,3,3,3,3,3,3,3,3,3,3,3,3,3,3,3,3,3,3,3,3,3,3,3,1,3,3,4,4,3,3"
256,1.0771119659985262,"0,0,3,3,3,4,3,3,4,1,4,4,3,0,3,4,3,3,3,3,3,3,3,3,3,3,3,3,3,3,3,4,4,4,2,4,4,3,3,1,3,3,3,3,1,4,4,0,3,3,3,3,3,3,3,3,3,3,3,3,3,3,3,3,3,3,3,3,3,4,4,3,3,3,3,3,3,4,4,3,3,3,3,2,3,3,3,3,3,3,3,3,3,3,4,4,3,3,3,1,3,3,3,3,0,3,3,3,3,3,3,3,3,3,3,3,3,3,3,3,3,3,3,3,2,3,4,4,4,3,3,3,3,1,1,4,4,3,3,3,3,3,3,1,3,3,3,3,3,3,4,4,2,4,3,3,3,3,3,3,2,4,3,3,3,4,4,3,3,4,4,4,4,4,3,3,3,3,3,3,3,3,1,2,3,3,3,1,3,3,3,3,3,3,3,3,0,0,0,0,4,0,0,0,0,0,0,0,0,0,3,3,2,3,3,1,3,3,3,3,3,0,3,3,3,3,3,3,3,3,3,3,3,3,3,3,3,3,3,2,3,3,2,1,3,3,3,3,3,3,3,3,3,3,3,3,3,3,3,3,3,3,3,3,3,3,3,3,3,3,3,1,3,3,4,4,3,3"
257,1.0761378450502563,"0,0,3,3,3,4,3,3,4,1,4,4,3,0,3,4,3,3,3,3,3,3,3,3,3,3,3,3,3,3,3,4,4,4,2,4,4,3,3,1,3,3,3,3,1,4,4,0,3,3,3,3,3,3,0,3,3,3,3,3,3,3,3,3,3,3,3,3,3,4,4,3,3,3,3,3,3,4,4,3,3,3,3,2,3,3,3,3,3,3,3,3,3,3,4,4,3,3,3,1,3,3,3,3,0,3,3,3,3,3,3,3,3,3,3,3,3,3,3,3,3,3,3,3,2,3,4,4,4,3,3,3,3,1,1,4,4,3,3,3,3,3,3,1,3,3,3,3,3,3,4,4,2,4,3,3,3,3,3,3,2,4,3,3,3,4,4,3,3,4,4,4,4,4,3,3,3,3,3,3,3,3,1,2,3,3,3,1,3,3,3,3,3,3,3,3,0,0,0,0,4,0,0,0,0,0,0,0,0,0,3,3,2,3,3,1,3,3,3,3,3,0,3,3,3,3,3,3,3,3,3,3,3,3,3,3,3,3,3,2,3,3,2,1,3,3,3,3,3,3,3,3,3,3,3,3,3,3,3,3,3,3,3,3,3,3,3,3,3,3,3,1,3,3,4,4,3,3"
258,1.0760122627556659,"0,0,3,3,3,4,3,3,4,1,4,4,3,0,3,4,3,3,3,3,3,3,3,3,3,3,3,3,3,3,3,4,4,4,2,4,4,3,3,1,3,3,3,3,1,4,4,0,3,3,3,3,3,3,0,3,3,3,3,3,3,3,3,3,3,3,3,3,3,4,4,3,3,3,3,3,3,4,4,3,3,3,3,2,3,3,3,3,3,3,3,3,3,3,4,4,3,3,3,1,3,3,3,3,0,3,3,3,3,3,3,3,3,3,3,3,3,3,3,3,3,1,3,3,2,3,4,4,4,3,3,3,3,1,1,4,4,3,3,3,3,3,3,1,3,3,3,3,3,3,4,4,2,4,3,3,3,3,3,3,2,4,3,3,3,4,4,3,3,4,4,4,4,4,3,3,3,3,3,3,3,3,3,2,3,3,3,1,3,3,3,3,3,3,3,3,0,0,0,0,0,0,0,0,0,0,0,0,0,0,3,3,2,3,3,1,3,3,3,3,3,0,3,3,3,3,3,3,3,3,3,3,3,3,3,3,3,3,3,2,3,3,2,1,3,3,3,3,3,3,3,3,3,3,3,3,3,3,3,3,3,3,3,3,3,3,3,3,3,3,3,1,3,3,4,4,3,3"
259,1.0770353024781336,"0,0,3,3,3,4,3,3,4,1,4,4,3,0,3,4,3,3,3,3,3,3,3,3,3,3,3,3,3,3,3,4,4,4,2,4,4,3,3,1,3,3,3,3,1,4,4,0,3,3,3,3,3,3,0,3,3,3,3,3,3,3,3,3,3,3,3,3,3,4,4,3,3,3,3,3,3,4,4,3,3,3,3,3,3,3,3,3,3,3,3,3,3,3,4,4,3,3,3,1,3,3,3,3,0,3,3,3,3,3,3,3,3,3,3,3,3,3,3,3,3,3,3,3,2,3,4,4,4,3,3,3,3,1,1,0,4,3,3,3,3,3,3,1,3,3,3,3,3,3,4,4,2,4,3,3,3,3,3,3,2,4,3,3,3,4,4,3,3,4,4,4,4,4,3,3,3,3,3,3,3,3,3,2,3,3,3,1,3,3,3,3,3,3,3,3,0,0,0,0,0,0,0,0,0,0,0,0,0,0,3,3,2,3,3,1,3,3,3,3,3,0,3,3,4,3,3,3,3,3,3,3,3,3,3,3,3,3,3,2,3,3,2,1,3,3,3,3,3,3,3,3,3,3,3,3,3,3,3,3,3,3,3,3,3,3,3,3,3,3,3,1,3,3,4,4,3,3"
260,1.0757757284749545,"0,0,3,3,3,4,3,3,4,1,4,4,3,0,3,4,3,3,3,3,3,3,3,3,3,3,3,3,3,3,3,4,4,4,2,4,4,3,3,1,3,3,3,3,1,4,4,0,3,3,3,3,3,3,0,3,3,3,3,3,3,3,3,3,3,3,3,3,3,4,4,3,3,3,3,3,3,4,4,3,3,3,3,3,3,3,3,3,3,3,3,3,3,3,4,4,3,3,3,1,3,3,3,3,0,3,3,3,3,3,3,3,3,3,3,3,3,3,3,3,3,3,3,3,2,3,4,4,4,3,3,3,3,1,1,0,4,3,3,3,3,3,3,1,3,3,3,3,3,3,4,4,2,4,3,3,3,3,3,3,2,4,3,3,3,4,4,3,3,4,4,4,4,4,3,3,3,3,3,3,3,3,3,2,3,3,3,1,3,3,3,3,3,3,3,3,0,0,0,0,0,0,0,0,0,0,0,0,0,0,3,3,2,3,3,1,3,3,3,3,3,0,3,3,4,3,3,3,3,3,3,3,3,3,3,3,1,3,3,2,3,3,2,1,3,3,3,3,3,3,3,3,3,3,3,3,3,3,3,3,3,3,3,3,3,3,3,3,3,3,3,1,3,3,4,4,3,3"
261,1.0779175237530372,"0,0,3,3,3,4,3,3,4,1,4,4,3,0,3,4,3,3,3,3,3,3,3,3,3,3,3,3,3,3,3,4,4,4,2,4,4,3,3,1,3,3,3,3,1,4,4,0,3,3,3,3,3,3,3,3,3,3,3,3,3,3,3,3,3,3,3,3,3,0,4,3,3,3,3,3,3,4,4,3,3,3,3,3,3,3,3,3,3,3,3,3,3,2,4,4,3,3,3,1,3,3,3,3,0,3,3,3,3,3,3,3,3,3,3,3,3,3,3,3,3,3,3,3,2,3,4,4,4,3,3,3,3,1,1,4,4,3,3,3,3,3,3,1,3,3,3,3,3,3,4,4,2,4,3,3,3,3,3,3,2,4,3,3,3,4,4,3,3,4,4,4,4,4,3,3,3,3,3,3,3,3,3,2,3,3,3,1,3,3,3,3,3,3,3,3,0,0,0,0,2,0,0,0,0,0,0,0,0,0,3,3,2,3,3,1,3,3,3,3,3,0,3,3,3,3,3,3,3,3,3,3,3,3,3,3,3,3,3,2,3,3,2,1,3,3,3,3,3,3,3,3,3,3,3,3,3,3,3,3,3,3,3,3,3,3,3,3,3,3,3,1,3,3,4,4,3,3"
262,1.0779175237530372,"0,0,3,3,3,4,3,3,4,1,4,4,3,0,3,4,3,3,3,3,3,3,3,3,3,3,3,3,3,3,3,4,4,4,2,4,4,3,3,1,3,3,3,3,1,4,4,0,3,3,3,3,3,3,3,3,3,3,3,3,3,3,3,3,3,3,3,3,3,0,4,3,3,3,3,3,3,4,4,3,3,3,3,3,3,3,3,3,3,3,3,3,3,2,4,4,3,3,3,1,3,3,3,3,0,3,3,3,3,3,3,3,3,3,3,3,3,3,3,3,3,3,3,3,2,3,4,4,4,3,3,3,3,1,1,4,4,3,3,3,3,3,3,1,3,3,3,3,3,3,4,4,2,4,3,3,3,3,3,3,2,4,3,3,3,4,4,3,3,4,4,4,4,4,3,3,3,3,3,3,3,3,3,2,3,3,3,1,3,3,3,3,3,3,3,3,0,0,0,0,2,0,0,0,0,0,0,0,0,0,3,3,2,3,3,1,3,3,3,3,3,0,3,3,3,3,3,3,3,3,3,3,3,3,3,3,3,3,3,2,3,3,2,1,3,3,3,3,3,3,3,3,3,3,3,3,3,3,3,3,3,3,3,3,3,3,3,3,3,3,3,1,3,3,4,4,3,3"
263,1.0763766694834942,"0,0,3,3,3,4,3,3,4,1,4,4,3,0,3,4,3,3,3,3,3,3,3,3,3,3,3,3,3,3,3,4,4,4,2,4,4,3,3,1,3,3,3,3,1,4,4,0,3,3,3,3,3,3,3,3,3,3,3,3,3,3,3,3,3,3,3,3,3,0,4,3,3,3,3,3,3,4,4,3,3,3,3,3,3,3,3,3,3,3,3,3,3,2,4,4,3,3,3,1,3,3,3,3,0,3,3,3,3,3,3,3,3,3,3,3,3,3,3,3,3,3,3,3,2,3,4,4,4,3,3,3,3,1,1,4,4,3,3,3,3,3,3,1,1,3,3,3,3,3,4,4,2,4,3,3,3,3,3,3,2,4,3,3,3,4,4,3,3,4,4,4,4,4,3,3,3,3,3,3,3,3,3,2,3,3,3,1,3,3,3,3,3,3,3,3,0,0,0,0,2,0,0,0,0,0,0,0,0,0,3,3,2,3,3,1,3,3,3,3,3,0,3,3,3,3,3,3,3,3,3,3,3,3,3,3,3,3,3,2,3,3,2,1,3,3,3,3,3,3,3,3,3,3,3,3,3,3,3,3,3,3,3,3,3,3,3,3,3,3,3,1,3,3,4,4,3,3"
264,1.079250968933978,"0,0,3,3,3,4,3,3,4,1,4,4,3,0,3,4,3,3,3,3,3,3,3,3,3,3,3,3,3,3,3,4,4,4,2,4,4,3,3,1,3,3,3,3,1,4,4,0,3,3,3,3,3,3,3,3,3,3,3,3,3,3,3,3,3,3,3,3,3,4,4,3,3,3,3,3,3,4,4,3,3,3,3,3,3,3,3,3,3,3,3,3,3,3,4,4,3,3,3,1,3,3,3,3,0,3,3,3,3,3,3,3,3,3,3,3,3,3,3,3,3,3,3,3,2,3,4,4,4,3,3,3,3,1,1,4,4,3,3,3,3,3,3,1,3,3,3,3,3,3,4,4,2,4,3,3,3,3,3,3,2,4,3,3,3,4,4,3,3,4,4,4,4,4,3,3,3,3,3,3,3,3,3,2,3,3,3,1,3,3,3,3,3,3,3,3,0,0,0,0,0,0,0,0,0,0,0,0,0,0,3,3,2,3,3,1,3,3,3,3,3,0,3,3,3,3,3,3,3,3,3,3,3,3,3,3,3,3,3,2,3,3,2,1,3,3,3,3,3,3,3,3,3,3,3,3,3,3,3,3,3,3,3,3,3,3,3,3,3,3,3,1,3,3,4,4,3,3"
265,1.0790110105571653,"0,0,3,3,3,4,3,3,4,1,4,4,3,0,3,4,3,3,3,3,3,3,3,3,3,3,3,3,3,3,3,4,4,4,2,4,4,3,3,1,3,3,3,3,1,4,4,0,3,3,3,3,3,3,3,3,3,3,3,3,3,3,3,3,3,3,3,3,3,4,4,3,3,3,3,3,3,4,4,3,3,3,3,3,3,3,3,3,3,3,3,3,3,3,4,4,3,3,3,1,3,3,3,3,0,3,3,3,3,3,3,3,3,3,3,3,3,3,3,3,3,3,3,3,2,3,4,4,4,3,3,3,3,1,1,4,4,3,3,3,3,3,3,1,3,3,3,3,3,3,4,4,2,4,3,3,3,3,3,3,2,4,3,3,3,4,4,3,3,4,4,4,4,4,3,3,3,3,3,3,3,3,3,3,3,3,3,1,3,3,3,3,3,3,3,3,0,0,0,0,0,0,0,0,0,0,0,0,0,0,3,3,2,3,3,1,3,3,3,3,3,0,3,3,3,3,3,3,3,3,3,3,3,3,3,3,3,3,3,2,3,3,2,1,3,3,3,3,3,3,3,3,3,3,3,3,3,3,3,3,1,3,3,3,3,3,3,3,3,3,3,1,3,3,4,4,3,3"
266,1.078094942730948,"0,0,3,3,3,4,3,3,4,1,4,4,3,0,3,4,3,3,3,3,3,3,3,3,3,3,3,3,3,3,3,4,4,4,2,4,4,3,3,1,3,3,3,3,1,4,4,0,3,3,3,3,3,3,3,3,3,3,3,3,3,3,3,3,3,3,3,3,3,4,4,3,3,3,3,3,3,4,4,3,3,3,3,3,3,3,3,3,3,3,3,3,3,3,4,4,3,3,3,1,3,3,3,3,0,3,3,3,3,3,3,3,3,3,3,3,3,3,3,3,3,3,3,3,2,3,4,4,4,3,3,3,3,1,1,4,4,3,3,3,3,3,3,4,3,3,3,3,3,3,4,4,2,4,3,3,3,3,3,3,2,4,3,3,3,4,4,3,3,4,4,4,4,4,3,3,3,3,3,3,3,3,3,3,3,3,3,1,3,3,3,3,3,3,3,3,0,0,0,0,0,0,0,0,0,0,0,0,0,0,3,3,2,3,3,1,3,3,3,3,3,0,3,3,3,3,3,3,3,3,3,3,3,3,3,3,3,3,3,2,3,3,2,1,3,3,3,4,3,3,3,3,3,3,3,3,3,3,3,3,3,3,3,3,3,3,3,3,3,3,3,1,3,3,4,4,3,3"
267,1.0798997831018982,"0,0,3,3,3,4,3,3,4,1,4,4,3,0,3,4,3,3,3,3,3,3,3,3,3,3,3,3,3,3,3,4,4,4,2,4,4,3,3,1,3,3,3,3,1,4,4,0,3,3,3,3,3,3,3,3,3,3,3,3,3,3,3,3,3,3,3,3,3,4,4,3,3,3,3,3,3,4,4,3,3,3,3,3,3,3,3,3,3,3,3,3,3,3,4,4,3,3,3,1,3,3,3,3,3,3,3,3,3,3,3,3,3,3,3,3,3,3,3,3,3,3,3,3,2,3,4,4,4,3,3,3,3,1,1,4,4,3,3,3,3,3,3,1,3,3,3,3,3,3,4,4,2,4,3,3,3,3,3,3,2,4,3,3,3,4,4,3,3,4,4,4,4,4,3,3,3,3,3,3,3,3,3,3,3,3,3,1,3,3,3,3,3,3,3,3,0,0,0,0,0,0,0,0,0,0,0,0,0,0,3,3,3,3,3,1,3,3,3,3,3,0,3,3,3,3,3,3,3,3,3,3,3,3,3,3,3,3,3,2,3,3,2,1,3,3,3,3,3,3,3,3,3,3,3,3,3,3,3,3,3,3,3,3,3,3,3,3,3,3,3,1,3,3,4,4,3,3"
268,1.0785667299863184,"0,0,3,3,3,4,3,3,4,1,4,4,3,0,3,4,3,3,3,3,3,3,3,3,3,3,3,3,3,3,3,4,4,4,2,4,4,3,3,1,3,3,3,3,1,4,1,0,3,3,3,3,3,3,3,3,3,3,3,3,3,3,3,3,3,3,3,3,3,4,4,3,3,3,3,3,3,4,4,3,3,3,3,3,3,3,3,3,3,3,3,3,3,3,4,4,3,3,3,1,3,3,3,3,3,3,3,3,3,3,3,3,3,3,3,3,3,3,3,3,3,3,3,3,2,3,4,4,4,3,3,3,3,1,1,4,4,3,3,3,3,3,3,1,3,3,3,3,3,3,4,4,2,4,3,3,3,3,3,3,2,4,3,3,3,4,1,3,3,4,4,4,4,4,3,3,3,3,3,3,3,3,3,3,3,3,3,1,3,3,3,3,3,3,3,3,0,0,0,0,0,0,0,0,0,0,0,0,0,0,3,3,3,3,3,1,3,3,3,3,3,0,3,3,3,3,3,3,3,3,3,3,3,3,3,3,3,3,3,2,3,3,2,1,3,3,3,3,3,3,3,3,3,3,3,3,3,3,3,3,3,3,3,3,3,3,3,3,3,3,0,1,3,3,4,4,3,3"
269,1.0787769241083316,"0,0,3,3,3,4,3,3,4,1,4,4,3,0,3,4,3,3,3,3,3,3,3,3,3,3,3,3,3,3,3,4,4,4,2,4,4,3,3,1,3,3,3,3,1,4,1,0,3,3,3,3,3,3,3,3,3,3,3,3,3,3,3,3,3,3,3,3,3,4,4,3,3,3,3,3,3,4,4,3,3,3,3,3,3,3,3,3,3,3,3,3,3,3,4,4,3,3,3,1,3,3,3,3,3,3,3,3,3,3,3,3,3,3,3,3,3,3,3,3,3,3,3,3,2,3,4,4,4,3,3,3,3,1,1,4,4,3,3,3,3,3,3,1,3,3,3,3,3,3,4,4,2,4,3,3,3,3,3,3,2,4,3,3,3,4,1,3,3,4,4,4,4,4,3,3,3,3,3,3,3,3,3,3,3,3,3,1,3,3,3,3,3,3,3,3,0,0,0,0,0,0,0,0,0,0,0,0,0,0,3,3,3,3,3,1,3,3,3,3,3,0,3,3,3,3,3,3,3,3,3,3,3,3,3,3,3,3,3,2,2,3,2,1,3,3,3,3,3,3,3,3,3,3,3,3,3,3,3,3,3,3,3,3,3,3,3,3,3,3,3,1,3,3,4,4,3,3"
270,1.0796691401649667,"0,0,3,3,3,4,3,3,4,1,4,4,3,0,3,4,3,3,3,3,3,3,3,3,3,3,3,3,3,3,3,4,4,4,2,4,4,3,3,1,3,3,3,3,1,4,4,0,3,3,3,3,3,3,3,3,3,3,3,3,3,3,3,3,3,3,3,3,3,4,4,3,3,3,3,3,3,4,4,3,3,3,3,3,3,3,3,3,3,3,3,3,3,3,4,4,3,3,3,1,3,3,3,3,3,3,3,3,3,3,3,3,3,3,3,3,3,3,3,3,3,3,3,3,2,3,4,4,4,3,3,3,3,1,1,4,4,3,3,3,3,3,3,1,3,3,3,3,3,3,4,4,2,1,3,3,3,3,3,3,2,4,3,3,3,4,4,3,3,4,4,4,4,4,3,3,3,3,3,3,3,3,3,3,3,3,3,1,3,3,3,3,3,3,3,3,0,0,0,0,0,0,0,0,0,0,0,0,0,0,3,3,3,3,3,1,3,3,3,3,3,0,3,3,3,3,3,3,3,3,3,3,3,3,3,3,3,3,3,2,3,3,2,1,3,3,3,3,3,3,3,3,3,3,3,3,3,3,3,3,3,3,3,3,3,3,3,3,3,3,3,1,3,3,4,4,3,3"
271,1.0798997831018982,"0,0,3,3,3,4,3,3,4,1,4,4,3,0,3,4,3,3,3,3,3,3,3,3,3,3,3,3,3,3,3,4,4,4,2,4,4,3,3,1,3,3,3,3,1,4,4,0,3,3,3,3,3,3,3,3,3,3,3,3,3,3,3,3,3,3,3,3,3,4,4,3,3,3,3,3,3,4,4,3,3,3,3,3,3,3,3,3,3,3,3,3,3,3,4,4,3,3,3,1,3,3,3,3,3,3,3,3,3,3,3,3,3,3,3,3,3,3,3,3,3,3,3,3,2,3,4,4,4,3,3,3,3,1,1,4,4,3,3,3,3,3,3,1,3,3,3,3,3,3,4,4,2,4,3,3,3,3,3,3,2,4,3,3,3,4,4,3,3,4,4,4,4,4,3,3,3,3,3,3,3,3,3,3,3,3,3,1,3,3,3,3,3,3,3,3,0,0,0,0,0,0,0,0,0,0,0,0,0,0,3,3,3,3,3,1,3,3,3,3,3,0,3,3,3,3,3,3,3,3,3,3,3,3,3,3,3,3,3,2,3,3,2,1,3,3,3,3,3,3,3,3,3,3,3,3,3,3,3,3,3,3,3,3,3,3,3,3,3,3,3,1,3,3,4,4,3,3"
272,1.0772999563792904,"0,0,3,3,3,4,3,3,4,1,4,4,3,0,3,4,3,3,3,3,3,3,3,3,3,3,3,3,3,3,3,4,4,4,2,4,4,3,3,1,3,3,3,3,1,4,4,0,3,3,3,3,3,3,3,3,3,3,3,3,3,3,3,3,3,3,3,3,3,4,4,3,3,3,3,3,3,4,4,3,3,3,3,3,3,3,3,3,3,3,3,3,3,3,4,4,3,3,3,1,3,3,3,3,3,3,3,3,3,3,3,3,3,3,3,3,3,3,3,3,0,3,3,3,2,3,4,4,4,3,3,3,3,1,1,4,4,3,3,3,3,3,3,1,3,3,3,3,3,3,4,4,2,4,3,3,3,3,3,3,2,4,3,3,3,4,1,3,3,4,4,4,4,4,3,3,3,3,3,3,3,3,3,3,3,3,3,1,3,3,3,3,3,3,3,3,0,0,0,0,0,0,0,0,0,0,0,0,0,0,3,3,3,3,3,1,3,3,3,3,3,0,3,3,3,3,3,3,3,3,3,3,3,3,3,3,3,4,3,2,3,3,2,1,3,3,3,3,3,3,3,3,3,3,3,3,3,3,3,3,3,3,3,3,3,3,3,3,3,3,3,1,3,3,4,4,3,3"
273,1.0791141729226985,"0,0,3,3,3,4,3,3,4,1,4,4,3,0,3,4,3,3,3,3,3,3,3,3,3,3,3,3,3,3,3,4,4,4,2,4,4,3,3,1,3,3,3,3,3,4,4,0,3,3,3,3,3,3,3,3,3,3,3,3,3,3,3,3,3,3,3,3,3,4,4,3,3,3,3,3,3,4,4,3,3,3,3,3,3,3,3,3,3,3,3,3,3,3,4,4,3,3,3,1,3,3,3,3,3,3,3,3,3,3,3,3,3,3,3,3,3,3,3,3,0,3,3,3,2,3,4,4,4,3,3,3,3,1,1,4,4,3,3,3,3,3,3,1,3,3,3,3,3,3,4,4,2,4,3,3,3,3,3,3,2,4,3,3,3,4,1,3,3,4,4,4,4,4,3,3,3,3,3,3,3,3,3,3,3,3,3,1,3,3,3,3,3,3,3,3,0,0,0,0,0,0,0,0,0,0,0,0,0,0,3,3,3,3,3,1,3,3,3,3,3,0,3,3,3,3,3,3,3,3,3,3,3,3,3,3,3,3,3,2,3,3,2,1,3,3,3,3,3,3,3,3,3,3,3,3,3,3,3,3,3,3,3,3,3,3,3,3,3,3,3,1,3,3,4,4,3,3"
274,1.0805579878058755,"0,0,3,3,3,4,3,3,4,1,4,4,3,0,3,4,3,3,3,3,3,3,3,3,3,3,3,3,3,3,3,4,4,4,2,4,4,3,3,1,3,3,3,3,3,4,4,0,3,3,3,3,3,3,3,3,3,3,3,3,3,3,3,3,3,3,3,3,3,4,4,3,3,3,3,3,3,4,4,3,3,3,3,3,3,3,3,3,3,3,3,3,3,3,4,4,3,3,3,1,3,3,3,3,3,3,3,3,3,3,3,3,3,3,3,3,3,3,3,3,3,3,3,3,2,3,4,4,4,3,3,3,3,1,1,4,4,3,3,3,3,3,3,1,3,3,3,3,3,3,4,4,2,4,3,3,3,3,3,3,2,4,3,3,3,4,4,3,3,4,4,4,4,4,3,3,3,3,3,3,3,3,3,3,3,3,3,1,3,3,3,3,3,3,3,3,0,0,0,0,0,0,0,0,0,0,0,0,0,0,3,3,3,3,3,1,3,3,3,3,3,0,3,3,3,3,3,3,3,3,3,3,3,3,3,3,3,3,3,2,3,3,2,1,3,3,3,3,3,3,3,3,3,3,3,3,3,3,3,3,3,3,3,3,3,3,3,3,3,3,3,1,3,3,4,4,3,3"
275,1.079731550070321,"0,0,3,3,3,4,3,3,4,1,4,4,3,0,3,4,3,3,3,3,3,3,3,3,3,3,3,3,3,3,3,4,4,4,2,4,4,3,3,1,3,3,3,3,3,4,4,0,3,3,3,3,3,3,3,3,3,3,3,3,3,3,3,3,3,3,3,3,3,4,4,3,3,3,3,3,3,4,4,3,3,3,3,3,3,3,3,3,3,3,3,3,3,0,4,4,3,3,3,1,3,3,3,3,3,3,3,3,3,3,3,3,3,3,3,3,3,3,3,3,3,3,3,3,2,3,4,4,4,3,3,3,3,1,1,4,4,3,3,3,3,3,3,1,3,3,3,3,3,3,4,4,2,4,3,3,3,3,3,3,2,4,3,3,3,4,4,3,3,4,4,4,4,4,3,3,3,3,3,3,3,3,3,3,3,3,3,1,3,3,3,3,3,3,3,3,0,0,0,0,0,0,0,0,0,0,0,0,0,0,3,3,3,3,3,1,3,3,3,3,3,0,3,3,3,3,3,3,3,3,3,3,3,3,3,3,3,3,3,2,3,3,2,1,3,3,3,3,3,3,3,3,3,3,3,3,3,3,3,3,3,3,3,3,3,3,3,3,3,3,3,1,3,3,4,4,3,3"
276,1.0795936070682575,"0,0,3,3,3,4,3,3,4,1,4,4,3,0,3,4,3,3,3,3,3,3,3,3,3,3,3,3,3,3,3,4,4,4,2,4,4,3,3,1,3,3,3,3,3,4,4,0,3,3,3,3,3,3,3,3,3,3,3,3,3,3,3,3,3,3,3,3,3,4,4,3,3,3,3,3,3,4,4,3,3,3,3,3,3,3,3,3,3,3,3,3,3,0,4,4,3,3,3,1,3,3,3,3,3,3,3,3,3,3,3,3,3,3,3,3,3,3,3,3,3,3,3,3,2,3,4,4,4,3,3,3,3,1,1,4,4,3,3,3,3,3,3,1,3,3,3,3,3,3,4,4,2,4,3,3,3,3,3,3,2,4,3,3,3,4,1,3,3,4,4,4,4,4,3,3,3,3,3,3,3,3,3,3,3,3,3,1,3,3,3,3,3,3,3,3,0,0,0,0,0,0,0,0,0,0,0,0,0,0,3,3,3,3,3,1,3,3,3,3,3,0,3,3,3,3,3,3,3,3,3,3,3,3,3,3,3,3,3,2,3,3,2,1,3,3,3,3,3,3,3,3,3,3,3,3,3,3,3,3,3,3,3,3,3,3,3,3,3,3,3,1,3,3,4,4,3,3"
277,1.080191132596645,"0,0,3,3,3,4,3,3,4,1,4,4,3,0,3,4,3,3,3,3,3,3,3,3,3,3,3,3,3,3,3,4,4,4,2,4,4,3,3,1,3,3,3,3,3,4,4,0,3,3,3,3,3,3,3,3,3,3,3,3,3,3,3,3,3,3,3,3,3,4,4,3,3,3,3,3,3,4,4,3,3,3,3,3,3,3,3,3,3,3,3,3,3,3,4,4,3,3,3,1,3,3,3,3,3,3,3,3,3,3,3,3,3,3,3,3,3,3,3,3,3,3,3,3,2,3,4,4,4,3,3,3,3,1,1,4,4,3,3,3,3,3,3,1,3,3,3,3,3,3,4,4,2,4,3,3,3,3,3,3,2,4,3,3,3,4,4,3,3,4,4,4,4,4,3,3,3,3,3,3,3,3,3,3,3,3,3,1,3,3,3,3,3,3,3,3,0,0,0,0,0,0,0,0,0,0,0,0,2,0,3,3,3,3,3,1,3,3,3,3,3,0,3,3,3,3,3,3,3,3,3,3,3,3,3,3,3,3,3,2,3,3,2,1,3,3,3,3,3,3,3,3,3,3,3,3,3,3,3,3,3,3,3,3,3,3,3,3,3,3,3,1,3,3,4,4,3,3"
278,1.0816069629549863,"0,0,3,3,3,4,3,3,4,1,4,4,3,0,3,4,3,3,3,3,3,3,3,3,3,3,3,3,3,3,3,4,4,4,2,4,4,3,3,1,3,3,3,3,3,4,4,0,3,3,3,3,3,3,3,3,3,3,3,3,3,3,3,3,3,3,3,3,3,4,4,3,3,3,3,3,3,4,4,3,3,3,3,3,3,3,3,3,3,3,3,3,3,3,4,4,3,3,3,1,3,3,3,3,3,3,3,3,3,3,3,3,3,3,3,3,3,3,3,3,3,3,3,3,2,3,4,4,4,3,3,3,3,1,1,4,4,3,3,3,3,3,3,1,3,3,3,3,3,3,4,4,2,4,3,3,3,3,3,3,2,4,3,3,3,4,4,3,3,4,4,4,4,4,3,3,3,3,3,3,3,3,3,3,3,3,3,1,3,3,3,3,3,3,3,3,0,0,0,0,0,0,0,0,0,0,0,0,0,0,3,3,3,3,3,1,3,3,3,3,3,3,3,3,3,3,3,3,3,3,3,3,3,3,3,3,3,3,3,2,3,3,2,1,3,3,3,3,3,3,3,3,3,3,3,3,3,3,3,3,3,3,3,3,3,3,3,3,3,3,3,1,3,3,4,4,3,3"
279,1.082357044844223,"0,0,3,3,3,4,3,3,4,1,4,4,3,0,3,4,3,3,3,3,3,3,3,3,3,3,3,3,3,3,3,4,4,4,2,4,4,3,3,1,3,3,3,3,3,4,4,0,3,3,3,3,3,3,3,3,3,3,3,3,3,3,3,3,3,3,3,3,3,4,4,3,3,3,3,3,3,4,4,3,3,3,3,3,3,3,3,3,3,3,3,3,3,3,4,4,3,3,3,3,3,3,3,3,3,3,3,3,3,3,3,3,3,3,3,3,3,3,3,3,3,3,3,3,2,3,4,4,4,3,3,3,3,1,1,4,4,3,3,3,3,3,3,1,3,3,3,3,3,3,4,4,2,4,3,3,3,3,3,3,2,4,3,3,3,4,4,3,3,4,4,4,4,4,3,3,3,3,3,3,3,3,3,3,3,3,3,1,3,3,3,3,3,3,3,3,0,0,0,0,0,0,0,0,0,0,0,0,0,0,3,3,3,3,3,1,3,3,3,3,3,3,3,3,3,3,3,3,3,3,3,3,3,3,3,3,3,3,3,2,3,3,2,1,3,3,3,3,3,3,3,3,3,3,3,3,3,3,3,3,3,3,3,3,3,3,3,3,3,3,3,1,3,3,4,4,3,3"
280,1.082357044844223,"0,0,3,3,3,4,3,3,4,1,4,4,3,0,3,4,3,3,3,3,3,3,3,3,3,3,3,3,3,3,3,4,4,4,2,4,4,3,3,1,3,3,3,3,3,4,4,0,3,3,3,3,3,3,3,3,3,3,3,3,3,3,3,3,3,3,3,3,3,4,4,3,3,3,3,3,3,4,4,3,3,3,3,3,3,3,3,3,3,3,3,3,3,3,4,4,3,3,3,3,3,3,3,3,3,3,3,3,3,3,3,3,3,3,3,3,3,3,3,3,3,3,3,3,2,3,4,4,4,3,3,3,3,1,1,4,4,3,3,3,3,3,3,1,3,3,3,3,3,3,4,4,2,4,3,3,3,3,3,3,2,4,3,3,3,4,4,3,3,4,4,4,4,4,3,3,3,3,3,3,3,3,3,3,3,3,3,1,3,3,3,3,3,3,3,3,0,0,0,0,0,0,0,0,0,0,0,0,0,0,3,3,3,3,3,1,3,3,3,3,3,3,3,3,3,3,3,3,3,3,3,3,3,3,3,3,3,3,3,2,3,3,2,1,3,3,3,3,3,3,3,3,3,3,3,3,3,3,3,3,3,3,3,3,3,3,3,3,3,3,3,1,3,3,4,4,3,3"
281,1.0828802155857888,"0,0,3,3,3,4,3,3,4,1,4,4,3,0,3,4,3,3,3,3,3,3,3,3,3,3,3,3,3,3,3,4,4,4,2,4,4,3,3,1,3,3,3,3,3,4,4,0,3,3,3,3,3,3,3,3,3,3,3,3,3,3,3,3,3,3,3,3,3,4,4,3,3,3,3,3,3,4,4,3,3,3,3,3,3,3,3,3,3,3,3,3,3,3,4,4,3,3,3,3,3,3,3,3,3,3,3,3,3,3,3,3,3,3,3,3,3,3,3,3,3,3,3,3,2,3,4,4,4,3,3,3,3,1,1,4,4,3,3,3,3,3,3,1,3,3,3,3,3,3,4,4,2,4,3,3,3,3,3,3,2,4,3,3,3,4,4,3,3,4,4,4,4,4,3,3,3,3,3,3,3,3,3,3,3,3,3,1,3,3,3,3,3,3,3,3,0,0,0,0,0,0,0,0,0,0,0,0,2,0,3,3,3,3,3,1,3,3,3,3,3,3,3,3,3,3,3,3,3,3,3,3,3,3,3,3,3,3,3,2,3,3,2,1,3,3,3,3,3,3,3,3,3,3,3,3,3,3,3,3,3,3,3,3,3,3,3,3,3,3,3,3,3,3,4,4,3,3"
282,1.0816842500113308,"0,0,3,3,3,4,3,3,4,1,4,4,3,0,3,4,3,3,3,3,3,3,3,3,3,3,3,3,3,3,3,4,4,4,2,4,4,3,3,1,3,3,3,3,3,4,4,0,3,3,3,3,3,3,3,3,3,3,3,3,3,3,3,3,3,3,3,3,3,4,4,3,3,3,3,3,3,4,4,3,3,3,3,3,3,3,3,3,3,3,3,3,3,3,4,4,3,3,3,3,3,3,3,3,3,3,3,3,3,3,3,3,3,3,3,3,3,3,3,3,3,3,3,3,2,3,4,4,4,3,3,3,3,1,1,4,4,3,3,3,3,3,3,1,3,3,3,3,3,3,4,4,2,4,3,3,3,3,3,3,2,4,3,3,3,4,4,3,3,4,4,4,4,4,3,3,3,3,3,3,3,3,3,3,3,3,3,1,3,3,3,3,3,3,3,3,0,0,0,0,0,0,0,0,0,0,0,0,2,0,3,3,3,3,3,1,3,4,3,3,3,3,3,3,3,3,3,3,3,3,3,3,3,3,3,3,3,3,3,2,3,3,2,1,3,3,3,3,3,3,3,3,3,3,3,3,3,3,3,3,3,3,3,3,3,3,3,3,3,3,3,3,3,3,4,4,3,3"
283,1.0816842500113308,"0,0,3,3,3,4,3,3,4,1,4,4,3,0,3,4,3,3,3,3,3,3,3,3,3,3,3,3,3,3,3,4,4,4,2,4,4,3,3,1,3,3,3,3,3,4,4,0,3,3,3,3,3,3,3,3,3,3,3,3,3,3,3,3,3,3,3,3,3,4,4,3,3,3,3,3,3,4,4,3,3,3,3,3,3,3,3,3,3,3,3,3,3,3,4,4,3,3,3,3,3,3,3,3,3,3,3,3,3,3,3,3,3,3,3,3,3,3,3,3,3,3,3,3,2,3,4,4,4,3,3,3,3,1,1,4,4,3,3,3,3,3,3,1,3,3,3,3,3,3,4,4,2,4,3,3,3,3,3,3,2,4,3,3,3,4,4,3,3,4,4,4,4,4,3,3,3,3,3,3,3,3,3,3,3,3,3,1,3,3,3,3,3,3,3,3,0,0,0,0,0,0,0,0,0,0,0,0,2,0,3,3,3,3,3,1,3,4,3,3,3,3,3,3,3,3,3,3,3,3,3,3,3,3,3,3,3,3,3,2,3,3,2,1,3,3,3,3,3,3,3,3,3,3,3,3,3,3,3,3,3,3,3,3,3,3,3,3,3,3,3,3,3,3,4,4,3,3"
284,1.083256309396782,"0,0,3,3,3,4,3,3,4,1,4,4,3,0,3,4,3,3,3,3,3,3,3,3,3,3,3,3,3,3,3,4,4,4,2,4,4,3,3,1,3,3,3,3,3,4,4,0,3,3,3,3,3,3,3,3,3,3,3,3,3,3,3,3,3,3,3,3,3,4,4,3,3,3,3,3,3,4,4,3,3,3,3,3,3,3,3,3,3,3,3,3,3,3,4,4,3,3,3,3,3,3,3,3,3,3,3,3,3,3,3,3,3,3,3,3,3,3,3,3,3,3,3,3,2,3,4,4,4,3,3,3,3,1,1,4,4,3,3,3,3,3,3,1,3,3,3,3,3,3,4,4,2,4,3,3,3,3,3,3,2,4,3,3,3,4,4,3,3,4,4,4,4,4,3,3,3,3,3,3,3,3,3,3,3,3,3,1,3,3,3,3,3,3,3,3,0,0,0,0,0,0,0,0,0,0,0,0,0,0,3,3,3,3,3,1,3,3,3,3,3,3,3,3,3,3,3,3,3,3,3,3,3,3,3,3,3,3,3,2,3,3,2,1,3,3,3,3,3,3,3,3,3,3,3,3,3,3,3,3,3,3,3,3,3,3,3,3,3,3,3,3,3,3,4,4,3,3"
285,1.0818366858839683,"0,0,3,3,3,4,3,3,4,1,4,4,3,0,3,4,3,3,3,3,3,3,3,3,3,3,3,3,3,3,3,4,4,4,2,4,4,3,3,1,3,3,3,3,3,4,4,0,3,3,3,3,3,3,3,3,3,3,3,3,3,3,3,3,3,3,3,3,3,4,4,3,3,3,3,3,3,4,4,3,3,3,3,3,3,3,3,3,3,3,3,3,3,3,4,4,3,3,3,3,3,3,3,3,3,3,3,3,3,3,3,3,3,3,3,3,3,3,3,3,3,3,3,3,2,3,4,4,4,3,3,3,3,1,1,4,4,3,3,3,3,3,3,1,3,3,3,3,3,3,4,4,2,4,3,3,3,3,3,3,2,4,3,3,3,4,4,3,3,4,4,4,4,4,2,3,3,3,3,3,3,3,3,3,3,3,3,1,3,3,3,3,3,3,3,3,0,0,0,0,0,3,0,0,0,0,0,0,0,0,3,3,3,3,3,1,3,3,3,3,3,3,3,3,3,3,3,3,3,3,3,3,3,3,3,3,3,3,3,2,3,3,2,1,3,3,3,3,3,3,3,3,3,3,3,3,3,3,3,3,3,3,3,3,3,3,3,3,3,3,3,3,3,3,4,4,3,3"
286,1.0818366858839683,"0,0,3,3,3,4,3,3,4,1,4,4,3,0,3,4,3,3,3,3,3,3,3,3,3,3,3,3,3,3,3,4,4,4,2,4,4,3,3,1,3,3,3,3,3,4,4,0,3,3,3,3,3,3,3,3,3,3,3,3,3,3,3,3,3,3,3,3,3,4,4,3,3,3,3,3,3,4,4,3,3,3,3,3,3,3,3,3,3,3,3,3,3,3,4,4,3,3,3,3,3,3,3,3,3,3,3,3,3,3,3,3,3,3,3,3,3,3,3,3,3,3,3,3,2,3,4,4,4,3,3,3,3,1,1,4,4,3,3,3,3,3,3,1,3,3,3,3,3,3,4,4,2,4,3,3,3,3,3,3,2,4,3,3,3,4,4,3,3,4,4,4,4,4,2,3,3,3,3,3,3,3,3,3,3,3,3,1,3,3,3,3,3,3,3,3,0,0,0,0,0,3,0,0,0,0,0,0,0,0,3,3,3,3,3,1,3,3,3,3,3,3,3,3,3,3,3,3,3,3,3,3,3,3,3,3,3,3,3,2,3,3,2,1,3,3,3,3,3,3,3,3,3,3,3,3,3,3,3,3,3,3,3,3,3,3,3,3,3,3,3,3,3,3,4,4,3,3"
287,1.083256309396782,"0,0,3,3,3,4,3,3,4,1,4,4,3,0,3,4,3,3,3,3,3,3,3,3,3,3,3,3,3,3,3,4,4,4,2,4,4,3,3,1,3,3,3,3,3,4,4,0,3,3,3,3,3,3,3,3,3,3,3,3,3,3,3,3,3,3,3,3,3,4,4,3,3,3,3,3,3,4,4,3,3,3,3,3,3,3,3,3,3,3,3,3,3,3,4,4,3,3,3,3,3,3,3,3,3,3,3,3,3,3,3,3,3,3,3,3,3,3,3,3,3,3,3,3,2,3,4,4,4,3,3,3,3,1,1,4,4,3,3,3,3,3,3,1,3,3,3,3,3,3,4,4,2,4,3,3,3,3,3,3,2,4,3,3,3,4,4,3,3,4,4,4,4,4,3,3,3,3,3,3,3,3,3,3,3,3,3,1,3,3,3,3,3,3,3,3,0,0,0,0,0,0,0,0,0,0,0,0,0,0,3,3,3,3,3,1,3,3,3,3,3,3,3,3,3,3,3,3,3,3,3,3,3,3,3,3,3,3,3,2,3,3,2,1,3,3,3,3,3,3,3,3,3,3,3,3,3,3,3,3,3,3,3,3,3,3,3,3,3,3,3,3,3,3,4,4,3,3"
288,1.0832849713483057,"0,0,3,3,3,4,3,3,4,1,4,4,3,0,3,4,3,3,3,3,3,3,3,3,3,3,3,3,3,3,3,4,4,4,2,4,4,3,3,1,3,3,3,3,3,4,4,0,3,3,3,3,3,3,3,3,3,3,3,3,3,3,3,3,3,3,3,3,3,4,4,3,3,3,3,3,3,4,4,3,3,3,3,3,3,3,3,3,3,3,3,3,3,3,4,4,3,3,3,3,3,3,3,3,3,3,3,3,3,3,3,3,3,3,3,3,3,3,3,3,3,3,3,3,2,3,4,4,4,3,3,3,3,1,1,4,4,3,3,3,3,3,3,1,3,3,3,3,3,3,4,4,2,4,3,3,3,3,3,3,2,4,3,3,3,4,4,3,3,4,4,4,4,4,3,3,3,3,3,3,3,3,3,3,3,3,3,1,3,3,3,3,3,3,3,3,0,0,0,0,0,0,0,0,0,0,0,0,0,0,3,3,3,3,3,1,3,3,3,3,3,3,3,3,3,3,3,3,3,3,3,3,3,3,3,3,3,3,3,3,3,3,2,1,3,3,3,3,3,3,3,3,3,3,3,3,3,3,3,3,3,3,3,3,3,3,3,3,3,3,3,3,3,3,4,4,3,3"
289,1.083296914489325,"0,0,3,3,3,4,3,3,4,1,4,4,3,0,3,4,3,3,3,3,3,3,3,3,3,3,3,3,3,3,3,4,4,4,2,4,4,3,3,2,3,3,3,3,3,4,4,0,3,3,3,3,3,3,3,3,3,3,3,3,3,3,3,3,3,3,3,3,3,4,4,3,3,3,3,3,3,4,4,3,3,3,3,3,3,3,3,3,3,3,3,3,3,3,4,4,3,3,3,3,3,3,3,3,3,3,3,3,3,3,3,3,3,3,3,3,3,3,3,3,3,3,3,3,2,3,4,4,4,3,3,3,3,1,1,4,4,3,3,3,3,3,3,1,3,3,3,3,3,3,4,4,2,4,3,3,3,3,3,3,2,4,3,3,3,4,4,3,3,4,4,4,4,4,3,3,3,3,3,3,3,3,3,3,3,3,3,1,3,3,3,3,3,3,3,3,0,0,0,0,0,0,0,0,0,0,0,0,0,0,3,3,3,3,3,1,3,3,3,3,3,3,3,3,3,3,3,3,3,3,3,3,3,3,3,3,3,3,3,3,3,3,2,1,3,3,3,3,3,3,3,3,3,3,3,3,3,3,3,3,3,3,3,3,3,3,3,3,3,3,3,3,3,3,4,4,3,3"
290,1.0840590427322585,"0,0,3,3,3,4,3,3,4,3,4,4,3,0,3,4,3,3,3,3,3,3,3,3,3,3,3,3,3,3,3,4,4,4,2,4,4,3,3,3,3,3,3,3,3,4,4,0,3,3,3,3,3,3,3,3,3,3,3,3,3,3,3,3,3,3,3,3,3,4,4,3,3,3,3,3,3,4,4,3,3,3,3,3,3,3,3,3,3,3,3,3,3,3,4,4,3,3,3,3,3,3,3,3,3,3,3,3,3,3,3,3,3,3,3,3,3,3,3,3,3,3,3,3,2,3,4,4,4,3,3,3,3,1,1,4,4,3,3,3,3,3,3,1,3,3,3,3,3,3,4,4,2,4,3,3,3,3,3,3,2,4,3,3,3,4,4,3,3,4,4,4,4,4,3,3,3,3,3,3,3,3,3,3,3,3,3,1,3,3,3,3,3,3,3,3,0,0,0,0,0,0,0,0,0,0,0,0,0,0,3,3,3,3,3,1,3,3,3,3,3,3,3,3,3,3,3,3,3,3,3,3,3,3,3,3,3,3,3,3,3,3,2,1,3,3,3,3,3,3,3,3,3,3,3,3,3,3,3,3,3,3,3,3,3,3,3,3,3,3,3,3,3,3,4,4,3,3"
291,1.0840590427322585,"0,0,3,3,3,4,3,3,4,3,4,4,3,0,3,4,3,3,3,3,3,3,3,3,3,3,3,3,3,3,3,4,4,4,2,4,4,3,3,3,3,3,3,3,3,4,4,0,3,3,3,3,3,3,3,3,3,3,3,3,3,3,3,3,3,3,3,3,3,4,4,3,3,3,3,3,3,4,4,3,3,3,3,3,3,3,3,3,3,3,3,3,3,3,4,4,3,3,3,3,3,3,3,3,3,3,3,3,3,3,3,3,3,3,3,3,3,3,3,3,3,3,3,3,2,3,4,4,4,3,3,3,3,1,1,4,4,3,3,3,3,3,3,1,3,3,3,3,3,3,4,4,2,4,3,3,3,3,3,3,2,4,3,3,3,4,4,3,3,4,4,4,4,4,3,3,3,3,3,3,3,3,3,3,3,3,3,1,3,3,3,3,3,3,3,3,0,0,0,0,0,0,0,0,0,0,0,0,0,0,3,3,3,3,3,1,3,3,3,3,3,3,3,3,3,3,3,3,3,3,3,3,3,3,3,3,3,3,3,3,3,3,2,1,3,3,3,3,3,3,3,3,3,3,3,3,3,3,3,3,3,3,3,3,3,3,3,3,3,3,3,3,3,3,4,4,3,3"
292,1.0841867234474707,"0,0,3,3,3,4,3,3,4,3,4,4,3,0,3,4,3,3,3,3,3,3,3,3,3,3,3,3,3,3,3,4,4,4,2,4,4,3,3,3,3,3,3,3,3,4,4,0,3,3,3,3,3,3,3,3,3,3,3,3,3,3,3,3,3,3,3,3,3,4,4,3,3,3,3,3,3,4,4,3,3,3,3,3,3,3,3,3,3,3,3,3,3,3,4,4,3,3,3,3,3,3,3,3,3,3,3,3,3,3,3,3,3,3,3,3,3,3,3,3,3,3,3,3,2,3,4,4,4,3,3,3,3,1,1,4,4,3,3,3,3,3,3,1,3,3,3,3,3,3,4,4,2,4,3,3,3,3,3,3,2,4,3,3,3,4,4,3,3,4,4,4,4,4,3,3,3,3,3,3,3,3,3,3,3,3,3,2,3,3,3,3,3,3,3,3,0,0,0,0,0,0,0,0,0,0,0,0,0,0,3,3,3,3,3,1,3,3,3,3,3,3,3,3,3,3,3,3,3,3,3,3,3,3,3,3,3,3,3,3,3,3,3,1,3,3,3,3,3,3,3,3,3,3,3,3,3,3,3,3,3,3,3,3,3,3,3,3,3,3,3,3,3,3,4,4,3,3"
293,1.0844296373530076,"0,0,3,3,3,4,3,3,4,3,4,4,3,0,3,4,3,3,3,3,3,3,3,3,3,3,3,3,3,3,3,4,4,4,2,4,4,3,3,3,3,3,3,3,3,4,4,0,3,3,3,3,3,3,3,3,3,3,3,3,3,3,3,3,3,3,3,3,3,4,4,3,3,3,3,3,3,4,4,3,3,3,3,3,3,3,3,3,3,3,3,3,3,3,4,4,3,3,3,3,3,3,3,3,3,3,3,3,3,3,3,3,3,3,3,3,3,3,3,3,3,3,3,3,2,3,4,4,4,3,3,3,3,1,1,4,4,3,3,3,3,3,3,1,3,3,3,3,3,3,4,4,2,4,3,3,3,3,3,3,2,4,3,3,3,4,4,3,3,4,4,4,4,4,3,3,3,3,3,3,3,3,3,3,3,3,3,3,3,3,3,3,3,3,3,3,0,0,0,0,0,0,0,0,0,0,0,0,0,0,3,3,3,3,3,1,3,3,3,3,3,3,3,3,3,3,3,3,3,3,2,3,3,3,3,3,3,3,3,3,3,3,3,1,3,3,3,3,3,3,3,3,3,3,3,3,3,3,3,3,3,3,3,3,3,3,3,3,3,3,3,3,3,3,4,4,3,3"
294,1.0843000748586324,"0,0,3,3,3,4,3,3,4,3,4,4,3,0,3,4,3,3,3,3,3,3,3,3,3,3,3,3,3,3,3,4,4,4,2,4,4,3,3,3,3,3,3,3,3,4,4,0,3,3,3,3,3,3,3,3,3,3,3,3,3,3,3,3,3,3,3,3,3,4,2,3,3,3,3,3,3,4,4,3,3,3,3,3,3,3,3,3,3,3,3,3,3,3,4,4,3,3,3,3,3,3,3,3,3,3,3,3,3,3,3,3,3,3,3,3,3,3,3,3,3,3,3,3,2,3,4,4,4,3,3,3,3,1,1,4,4,3,3,3,3,3,3,1,3,3,3,3,3,3,4,4,2,4,3,3,3,3,3,3,2,4,3,3,3,4,4,3,3,4,4,4,4,4,3,3,3,3,3,3,3,3,3,3,3,3,3,3,3,3,3,3,3,3,3,3,0,0,0,0,0,0,0,0,0,0,0,0,0,0,3,3,3,3,3,1,3,3,3,3,3,3,3,3,3,3,3,3,3,3,2,3,3,3,3,3,3,3,3,3,3,3,3,1,3,3,3,3,3,3,3,3,3,3,3,3,3,3,3,3,3,3,3,3,3,3,3,3,3,3,3,3,3,3,4,4,3,3"
295,1.084608536174053,"0,0,3,3,3,4,3,3,4,3,4,4,3,0,3,4,3,3,3,3,3,3,3,3,3,3,3,3,3,3,3,4,4,4,2,4,4,3,3,3,3,3,3,3,3,4,4,0,3,3,3,3,3,3,3,3,3,3,3,3,3,3,3,3,3,3,3,3,3,4,2,3,3,3,3,3,3,4,4,3,3,3,3,3,3,3,3,3,3,3,3,3,3,3,4,4,3,3,3,3,3,3,3,3,3,3,3,3,3,3,3,3,3,3,3,3,3,3,3,3,3,3,3,3,2,3,4,4,4,3,3,3,3,1,1,4,4,3,3,3,3,3,3,1,3,3,3,3,3,3,4,4,2,4,3,3,3,3,3,3,2,4,3,3,3,4,4,3,3,4,4,4,4,4,3,3,3,3,3,3,3,3,3,3,3,3,3,3,3,3,3,3,3,3,3,3,0,4,0,0,0,0,0,0,0,0,0,0,0,0,3,3,3,3,3,1,3,3,3,3,3,3,3,3,3,3,3,3,3,3,3,3,3,3,3,3,3,3,3,3,3,3,3,1,3,3,3,3,3,3,3,3,3,3,3,3,3,3,3,3,3,3,3,3,3,3,3,3,3,3,3,3,3,3,4,4,3,3"
296,1.084608536174053,"0,0,3,3,3,4,3,3,4,3,4,4,3,0,3,4,3,3,3,3,3,3,3,3,3,3,3,3,3,3,3,4,4,4,2,4,4,3,3,3,3,3,3,3,3,4,4,0,3,3,3,3,3,3,3,3,3,3,3,3,3,3,3,3,3,3,3,3,3,4,2,3,3,3,3,3,3,4,4,3,3,3,3,3,3,3,3,3,3,3,3,3,3,3,4,4,3,3,3,3,3,3,3,3,3,3,3,3,3,3,3,3,3,3,3,3,3,3,3,3,3,3,3,3,2,3,4,4,4,3,3,3,3,1,1,4,4,3,3,3,3,3,3,1,3,3,3,3,3,3,4,4,2,4,3,3,3,3,3,3,2,4,3,3,3,4,4,3,3,4,4,4,4,4,3,3,3,3,3,3,3,3,3,3,3,3,3,3,3,3,3,3,3,3,3,3,0,4,0,0,0,0,0,0,0,0,0,0,0,0,3,3,3,3,3,1,3,3,3,3,3,3,3,3,3,3,3,3,3,3,3,3,3,3,3,3,3,3,3,3,3,3,3,1,3,3,3,3,3,3,3,3,3,3,3,3,3,3,3,3,3,3,3,3,3,3,3,3,3,3,3,3,3,3,4,4,3,3"
297,1.084608536174053,"0,0,3,3,3,4,3,3,4,3,4,4,3,0,3,4,3,3,3,3,3,3,3,3,3,3,3,3,3,3,3,4,4,4,2,4,4,3,3,3,3,3,3,3,3,4,4,0,3,3,3,3,3,3,3,3,3,3,3,3,3,3,3,3,3,3,3,3,3,4,2,3,3,3,3,3,3,4,4,3,3,3,3,3,3,3,3,3,3,3,3,3,3,3,4,4,3,3,3,3,3,3,3,3,3,3,3,3,3,3,3,3,3,3,3,3,3,3,3,3,3,3,3,3,2,3,4,4,4,3,3,3,3,1,1,4,4,3,3,3,3,3,3,1,3,3,3,3,3,3,4,4,2,4,3,3,3,3,3,3,2,4,3,3,3,4,4,3,3,4,4,4,4,4,3,3,3,3,3,3,3,3,3,3,3,3,3,3,3,3,3,3,3,3,3,3,0,4,0,0,0,0,0,0,0,0,0,0,0,0,3,3,3,3,3,1,3,3,3,3,3,3,3,3,3,3,3,3,3,3,3,3,3,3,3,3,3,3,3,3,3,3,3,1,3,3,3,3,3,3,3,3,3,3,3,3,3,3,3,3,3,3,3,3,3,3,3,3,3,3,3,3,3,3,4,4,3,3"
298,1.084608536174053,"0,0,3,3,3,4,3,3,4,3,4,4,3,0,3,4,3,3,3,3,3,3,3,3,3,3,3,3,3,3,3,4,4,4,2,4,4,3,3,3,3,3,3,3,3,4,4,0,3,3,3,3,3,3,3,3,3,3,3,3,3,3,3,3,3,3,3,3,3,4,2,3,3,3,3,3,3,4,4,3,3,3,3,3,3,3,3,3,3,3,3,3,3,3,4,4,3,3,3,3,3,3,3,3,3,3,3,3,3,3,3,3,3,3,3,3,3,3,3,3,3,3,3,3,2,3,4,4,4,3,3,3,3,1,1,4,4,3,3,3,3,3,3,1,3,3,3,3,3,3,4,4,2,4,3,3,3,3,3,3,2,4,3,3,3,4,4,3,3,4,4,4,4,4,3,3,3,3,3,3,3,3,3,3,3,3,3,3,3,3,3,3,3,3,3,3,0,4,0,0,0,0,0,0,0,0,0,0,0,0,3,3,3,3,3,1,3,3,3,3,3,3,3,3,3,3,3,3,3,3,3,3,3,3,3,3,3,3,3,3,3,3,3,1,3,3,3,3,3,3,3,3,3,3,3,3,3,3,3,3,3,3,3,3,3,3,3,3,3,3,3,3,3,3,4,4,3,3"
299,1.0852438775210786,"0,0,3,3,3,4,3,3,4,3,4,4,3,0,3,4,3,3,3,3,3,3,3,3,3,3,3,3,3,3,3,4,4,4,2,4,4,3,3,3,3,3,3,3,3,4,4,0,3,3,3,3,3,3,3,3,3,3,3,3,3,3,3,3,3,3,3,3,3,4,2,3,3,3,3,3,3,4,4,3,3,3,3,3,3,3,3,3,3,3,3,3,3,3,4,4,3,3,3,3,3,3,3,3,3,3,3,3,3,3,3,3,3,3,3,3,3,3,3,3,3,3,3,3,2,3,4,4,4,3,3,3,3,1,1,4,4,3,3,3,3,3,3,1,3,3,3,3,3,3,4,4,2,4,3,3,3,3,3,3,2,4,3,3,3,4,4,3,3,4,4,4,4,4,3,3,3,3,3,3,3,3,3,3,3,3,3,3,3,3,3,3,3,3,3,3,0,0,0,0,0,0,0,0,0,0,0,0,0,0,3,3,3,3,3,1,3,3,3,3,3,3,3,3,3,3,3,3,3,3,3,3,3,3,3,3,3,3,3,3,3,3,3,1,3,3,3,3,3,3,3,3,3,3,3,3,3,3,3,3,3,3,3,3,3,3,3,3,3,3,3,3,3,3,4,4,3,3"
