generation,fitness,chromosome
0,-3.218065099608288,"0,0,2,4,1,3,1,2,1,2,4,4,3,3,3,1,3,0,2,3,1,2,4,2,0,2,0,1,2,1,3,4,1,4,2,3,0,4,1,1,3,4,3,1,0,1,1,1,4,2,2,4,0,1,3,4,0,4,1,1,1,1,1,3,3,3,3,3,2,2,3,2,3,2,1,1,4,3,0,0,2,3,2,4,1,0,3,0,2,4,0,2,0,1,3,1,1,4,2,4,3,4,1,1,4,2,4,1,2,3,0,2,0,1,4,1,0,3,2,3,3,4,4,4,2,2,1,4,1,2,3,0,4,0,3,3,2,3,4,2,3,2,4,2,0,0,1,1,1,1,3,2,4,0,4,1,3,0,0,4,3,0,2,0,2,0,1,2,1,1,4,4,3,3,1,3,4,2,0,3,2,4,3,1,0,3,4,4,4,4,1,2,3,1,1,1,4,3,1,1,3,0,1,3,0,4,1,2,3,4,0,2,2,4,3,1,2,4,2,1,4,0,0,1,2,3,0,4,0,0,0,1,1,3,2,3,3,2,1,4,2,1,3,0,1,4,3,2,1,2,3,1,4,2,2,4,3,4,1,4,1,0,3,3,1,1,1,4,4,4,0,2,0,3,2,0,0,2"
1,1.3418417068513633,"0,0,4,4,1,3,1,2,1,2,4,4,3,3,3,1,3,2,2,3,0,2,1,2,2,2,0,1,2,1,3,4,1,4,2,3,1,4,1,1,3,4,3,1,4,1,1,3,4,2,2,4,0,1,3,3,0,4,1,1,1,1,1,3,3,1,3,3,2,4,3,2,3,2,1,1,4,3,0,0,2,2,1,4,1,0,3,1,2,4,0,2,0,3,3,1,1,4,2,4,3,4,1,1,4,2,4,1,2,3,0,2,0,0,4,1,0,3,2,3,0,4,4,4,2,2,4,4,1,2,3,0,4,0,3,0,0,3,0,2,3,2,4,2,2,1,1,3,1,3,1,0,4,4,1,3,4,0,4,4,0,2,0,3,1,3,1,1,4,1,0,0,4,3,0,0,1,2,0,1,0,3,4,2,3,4,4,4,4,0,2,1,4,0,0,2,0,0,2,4,2,1,3,2,0,1,0,3,4,4,4,2,0,2,0,4,3,3,3,3,0,1,2,0,4,3,3,2,2,1,1,3,0,4,1,0,3,1,2,2,3,2,0,4,2,0,0,4,2,1,2,3,4,4,0,4,2,0,3,3,0,0,0,0,3,1,2,2,0,2,1,0,1,4,3,2,2,3"
2,1.3016976648011185,"0,0,4,4,1,3,1,2,1,2,4,4,3,3,3,1,3,2,2,3,0,2,1,2,2,2,0,1,2,1,3,4,1,4,2,3,1,4,1,1,3,4,3,1,4,1,1,3,4,2,2,4,0,1,3,3,0,4,1,1,1,1,1,3,3,1,3,3,2,4,3,2,3,2,1,1,4,3,0,0,2,2,1,4,1,0,3,1,2,4,0,0,0,3,3,1,1,4,2,4,3,4,1,1,4,2,4,1,2,3,0,2,0,0,4,1,0,3,2,3,0,4,4,4,2,2,4,4,1,2,3,0,4,0,3,0,0,3,0,2,3,2,4,2,2,1,1,3,1,3,1,0,4,4,1,3,4,0,4,4,0,2,0,3,1,3,1,1,4,1,0,0,4,3,0,0,1,2,0,1,0,3,4,2,3,4,4,4,4,0,2,1,4,0,0,2,0,0,2,4,2,1,3,2,0,1,0,3,4,4,4,2,0,2,0,4,3,3,3,3,0,1,2,0,4,3,3,2,2,1,1,3,0,4,1,0,3,1,2,2,3,2,0,4,2,0,0,4,2,1,2,3,4,4,1,4,2,0,3,3,0,0,0,0,3,1,2,2,0,2,1,0,1,4,3,2,2,3"
3,1.1816466967550583,"0,0,4,4,1,3,1,2,1,2,4,4,3,3,3,1,3,2,2,3,0,2,1,2,2,2,0,1,2,1,3,4,1,4,2,3,1,4,1,1,3,4,3,1,4,1,1,3,4,2,2,4,0,1,3,3,0,4,1,1,1,1,1,3,3,1,3,3,2,4,3,2,3,2,1,1,4,3,0,0,2,2,1,4,1,0,3,1,2,4,0,0,0,3,3,1,1,4,2,4,3,4,1,1,4,2,4,1,2,3,0,2,0,0,4,1,0,3,2,3,0,4,4,4,2,2,4,4,1,2,3,0,4,0,3,0,0,3,0,2,3,2,4,2,2,1,1,3,1,3,1,0,4,4,1,3,4,0,4,4,0,2,0,3,1,3,1,1,4,1,0,0,4,3,0,0,1,2,0,1,0,3,4,2,3,4,4,4,4,0,2,1,4,0,0,1,0,0,2,4,2,1,3,2,0,1,0,3,4,4,4,2,0,2,0,4,3,3,3,3,0,1,2,0,4,1,3,2,2,1,1,3,0,4,1,0,3,1,2,2,4,2,0,4,2,0,0,4,2,1,2,3,4,4,0,4,2,0,3,3,0,3,0,0,3,1,2,2,0,2,1,0,1,4,3,2,2,3"
4,1.3017848554876055,"0,0,4,4,1,3,1,2,1,2,4,4,3,3,3,1,3,2,2,3,0,2,1,2,2,2,0,1,2,1,3,4,1,4,2,3,1,4,1,1,3,4,3,1,4,1,1,3,4,2,2,4,0,1,3,3,0,4,1,1,1,1,1,3,3,1,3,3,2,4,3,2,3,2,1,1,4,3,0,0,2,2,1,4,1,0,3,1,2,4,0,0,0,3,3,1,1,4,2,4,3,4,1,1,4,2,4,1,2,3,0,2,0,0,4,1,0,3,2,3,0,4,4,4,2,2,4,4,1,2,3,0,4,0,3,0,0,3,0,2,3,2,4,2,2,1,1,3,1,3,1,0,4,4,1,3,4,0,4,4,0,2,0,3,1,3,1,1,4,1,0,0,4,3,0,0,1,2,0,1,0,3,4,2,3,4,4,4,4,0,2,1,4,0,0,2,0,0,2,4,2,1,3,2,0,1,0,3,4,4,4,2,0,2,0,4,3,3,3,3,0,1,2,0,4,3,3,2,2,4,1,3,0,4,1,0,3,1,2,2,3,2,0,4,2,0,0,4,2,1,2,3,4,4,0,4,2,0,3,3,0,3,0,0,3,1,2,2,0,2,1,0,1,4,3,2,2,3"
5,1.3420603860938467,"0,0,4,4,1,3,1,2,1,2,4,4,3,3,3,1,3,2,2,3,0,2,1,2,2,2,0,1,2,1,3,4,1,4,2,3,1,4,1,1,3,4,3,1,4,1,1,3,4,2,2,4,0,1,3,3,0,4,1,1,1,1,1,3,3,1,3,3,2,4,3,2,3,2,1,1,4,3,0,0,2,2,1,4,1,0,3,1,2,4,0,0,0,3,3,1,1,4,2,4,3,0,1,1,4,2,4,1,2,3,0,2,0,0,4,1,0,3,2,3,0,4,4,4,2,2,4,4,1,2,3,0,4,0,3,0,0,3,0,2,3,2,1,2,2,1,1,3,1,3,1,0,4,4,1,4,4,0,4,4,0,2,0,3,1,3,1,1,4,1,0,0,4,3,0,0,1,2,0,1,0,3,4,2,3,4,4,4,4,0,2,1,4,0,0,2,0,0,2,4,2,1,3,2,0,3,0,3,4,4,4,2,0,2,0,4,3,3,3,3,0,1,2,2,4,3,3,2,2,4,1,3,0,4,1,0,3,1,2,2,3,2,0,4,2,0,0,4,2,1,2,3,4,4,0,4,2,0,3,3,0,0,0,0,3,1,2,2,0,2,1,0,1,4,3,2,2,3"
6,1.3422702579099552,"0,0,4,4,1,3,1,2,1,2,4,4,3,3,3,1,3,2,2,3,0,1,1,2,2,2,0,1,2,1,3,4,1,4,2,3,1,4,1,1,3,4,3,1,4,1,1,3,4,2,2,4,0,1,3,3,0,4,1,1,1,1,1,3,3,1,3,3,2,4,3,2,3,2,1,1,4,3,0,0,2,2,1,2,1,0,4,1,2,4,0,0,0,3,3,1,1,4,2,4,3,4,1,1,4,2,4,1,2,3,0,2,0,0,4,1,0,3,2,3,0,4,4,4,2,2,4,4,1,2,3,0,4,0,3,0,0,3,0,2,3,2,4,2,2,1,1,3,1,3,1,1,4,4,1,3,4,0,4,4,3,2,0,3,1,3,1,1,4,1,0,0,4,3,0,0,1,2,0,1,0,3,4,2,3,4,4,4,4,0,2,1,4,0,0,2,0,0,2,4,2,0,3,2,0,1,0,3,4,4,4,2,0,2,0,4,2,0,3,3,0,1,2,0,4,3,3,2,2,4,1,3,0,4,1,0,3,1,2,2,3,3,0,4,2,0,0,4,2,1,2,3,4,4,0,4,2,0,3,3,0,0,0,0,3,1,2,2,0,2,1,0,1,4,3,2,2,3"
7,1.2622280191845068,"0,0,4,4,1,3,1,2,1,2,1,4,3,3,3,1,3,2,2,3,0,1,1,2,2,2,0,1,2,1,3,4,1,4,2,3,1,4,1,1,3,4,3,1,4,1,1,3,4,2,2,4,0,1,3,3,0,4,1,1,1,1,1,3,3,1,3,3,2,4,3,2,3,2,1,1,4,3,0,0,2,2,1,2,1,0,4,1,2,4,0,0,0,3,3,1,1,4,2,4,3,4,1,1,4,2,4,1,2,3,0,2,0,0,4,1,0,3,2,3,0,4,4,4,2,4,4,4,1,2,3,0,4,0,3,0,0,3,0,2,3,2,1,2,2,1,1,3,1,3,1,0,4,4,1,4,4,0,4,4,0,2,0,3,1,3,1,1,4,1,0,0,0,3,0,0,1,2,0,0,1,3,4,2,3,4,4,4,4,0,2,1,4,0,0,2,2,0,2,4,2,1,3,2,0,3,0,3,4,4,4,2,0,2,0,4,3,3,3,3,0,1,2,2,4,3,3,2,2,4,1,3,0,4,1,0,3,1,2,2,3,2,0,4,2,0,0,4,2,1,2,3,4,4,0,4,2,0,3,3,4,0,0,0,3,1,2,2,0,2,1,0,1,4,3,2,2,3"
8,1.2624751413073496,"0,0,4,4,1,3,1,2,1,2,4,4,3,3,3,1,3,2,2,3,0,2,1,2,2,2,0,1,2,1,3,4,1,4,2,3,1,4,1,1,4,4,3,1,4,1,1,3,4,2,2,4,0,1,3,3,0,4,1,1,1,1,1,3,3,1,3,3,2,4,3,2,3,2,1,1,4,3,0,0,2,2,1,2,1,0,4,1,2,4,0,0,0,3,3,1,1,4,2,4,3,4,1,1,4,2,4,1,2,3,0,2,0,0,4,1,0,3,2,3,0,4,4,4,2,2,4,4,1,2,3,0,4,0,3,0,0,3,0,2,3,2,4,2,2,1,1,3,1,3,1,1,4,4,1,3,4,0,4,4,3,2,0,3,1,3,1,1,4,1,0,0,4,3,0,0,1,2,0,1,0,3,4,2,3,4,4,4,4,0,2,1,4,0,0,2,0,0,2,4,2,0,3,2,0,1,0,3,4,4,4,2,0,2,0,4,2,0,3,3,0,1,2,0,4,3,3,2,2,4,1,3,0,1,1,0,3,1,2,2,3,3,0,4,2,0,0,4,2,1,2,3,4,4,0,4,2,0,3,3,0,0,0,0,3,1,2,2,0,2,1,0,1,4,3,4,2,3"
9,1.2624751413073496,"0,0,4,4,1,3,1,2,1,2,4,4,3,3,3,1,3,2,2,3,0,2,1,2,2,2,0,1,2,1,3,4,1,4,2,3,1,4,1,1,4,4,3,1,4,1,1,3,4,2,2,4,0,1,3,3,0,4,1,1,1,1,1,3,3,1,3,3,2,4,3,2,3,2,1,1,4,3,0,0,2,2,1,2,1,0,4,1,2,4,0,0,0,3,3,1,1,4,2,4,3,4,1,1,4,2,4,1,2,3,0,2,0,0,4,1,0,3,2,3,0,4,4,4,2,2,4,4,1,2,3,0,4,0,3,0,0,3,0,2,3,2,4,2,2,1,1,3,1,3,1,1,4,4,1,3,4,0,4,4,3,2,0,3,1,3,1,1,4,1,0,0,4,3,0,0,1,2,0,1,0,3,4,2,3,4,4,4,4,0,2,1,4,0,0,2,0,0,2,4,2,0,3,2,0,1,0,3,4,4,4,2,0,2,0,4,2,0,3,3,0,1,2,0,4,3,3,2,2,4,1,3,0,1,1,0,3,1,2,2,3,3,0,4,2,0,0,4,2,1,2,3,4,4,0,4,2,0,3,3,0,0,0,0,3,1,2,2,0,2,1,0,1,4,3,4,2,3"
10,1.302352690021182,"0,0,4,4,1,3,1,2,1,2,4,4,3,3,3,1,3,2,2,3,0,2,1,2,2,2,0,1,2,1,3,4,1,4,2,3,1,4,1,1,4,4,3,1,4,1,1,3,4,2,2,4,0,1,3,3,0,4,1,1,1,1,1,3,3,1,3,3,2,4,3,2,3,2,1,1,4,3,0,0,2,2,1,2,1,0,4,1,2,4,0,0,0,3,3,1,1,4,2,4,3,4,1,1,4,2,4,1,2,3,0,2,0,0,4,1,0,3,2,3,0,4,4,4,2,2,4,4,1,2,3,0,4,0,3,0,0,3,0,2,3,2,4,2,2,1,1,3,1,3,1,1,4,4,1,3,4,0,4,4,3,2,0,3,1,3,1,1,4,1,0,0,4,3,0,0,1,2,0,1,0,3,4,2,3,4,4,4,4,0,2,1,4,0,0,2,0,0,2,4,2,0,3,2,0,1,0,3,4,4,4,2,0,2,0,4,2,0,3,3,0,1,2,0,4,3,3,2,2,4,1,3,0,1,1,0,3,1,2,2,3,3,0,4,2,0,0,4,2,1,2,3,4,4,0,4,2,0,3,3,0,0,0,0,3,1,2,2,0,2,1,0,1,4,3,2,2,3"
11,1.3428839972864441,"0,0,4,4,1,3,1,2,1,2,4,4,3,3,3,1,3,2,2,3,0,2,1,2,2,2,0,1,2,1,3,4,1,4,2,3,1,4,1,1,4,4,3,1,4,1,1,3,4,2,2,4,0,1,3,3,0,4,1,1,1,1,1,3,3,3,3,3,2,4,3,2,3,2,1,1,4,3,0,0,2,2,1,2,1,0,4,1,2,4,0,0,0,3,3,1,1,4,2,4,3,4,1,1,4,2,4,1,2,3,0,2,0,0,4,1,0,3,2,3,0,4,4,4,2,2,4,4,1,4,3,0,4,0,3,0,0,3,0,2,3,2,4,2,2,1,1,3,1,3,1,1,4,4,1,3,4,0,4,4,3,1,0,3,1,3,1,1,4,1,0,0,4,3,0,0,1,2,0,1,0,3,4,2,3,3,4,4,4,0,2,1,4,0,0,2,0,0,2,1,2,0,3,2,0,1,0,3,4,4,4,2,0,2,0,4,2,0,3,3,0,2,2,0,4,3,3,2,2,4,1,3,0,1,1,0,3,4,2,2,3,3,0,4,2,0,0,4,2,1,2,3,4,4,0,4,2,0,3,3,0,0,0,0,2,1,2,2,0,2,1,0,1,4,3,2,2,3"
12,1.3029722764531368,"0,0,4,4,1,3,1,2,1,2,4,4,3,3,3,1,3,2,2,3,0,2,1,2,2,2,0,1,2,1,3,4,1,4,2,3,1,4,1,1,4,4,3,1,4,1,1,3,4,2,2,4,0,1,3,3,0,4,1,1,1,1,1,3,3,3,3,3,2,4,3,2,3,2,1,1,4,3,0,0,2,2,1,2,1,0,4,1,2,4,0,0,0,3,3,1,1,4,2,4,3,4,1,1,4,2,4,1,2,3,0,2,0,0,4,1,0,3,2,3,0,4,4,4,2,2,4,4,1,4,3,0,4,0,3,0,0,3,0,2,3,2,4,2,2,1,1,3,1,3,1,1,4,4,1,3,4,0,4,4,3,1,0,3,1,3,1,1,4,1,0,0,4,3,0,0,1,2,0,1,0,3,4,2,3,3,4,4,4,0,2,1,4,0,0,2,0,0,2,1,2,0,3,2,0,1,0,3,4,4,4,2,0,2,0,4,2,0,3,3,0,2,2,0,4,3,3,2,2,4,1,3,0,1,1,0,3,4,2,2,3,3,0,4,2,0,0,4,2,1,2,3,4,4,0,4,2,0,3,3,0,0,2,0,2,1,2,2,0,2,1,0,1,4,3,2,2,3"
13,1.3431826433174545,"0,0,4,4,1,3,1,2,1,2,1,4,3,3,3,1,3,2,2,3,0,2,1,2,2,2,0,1,2,1,3,4,1,4,2,3,1,4,1,1,4,4,3,1,4,1,1,3,4,2,2,4,0,1,3,3,0,4,1,1,1,1,1,3,3,3,3,3,2,4,3,2,3,2,1,1,4,3,0,0,2,2,1,2,1,0,4,1,2,4,0,0,0,3,3,1,1,4,2,4,3,4,1,1,4,2,4,1,2,3,0,2,0,0,4,1,0,3,2,3,0,4,4,4,2,2,4,4,1,4,3,0,4,0,3,0,0,3,0,2,3,2,4,2,2,1,1,3,1,3,1,1,4,4,1,3,4,0,4,4,3,1,0,3,1,3,1,1,4,1,0,0,4,3,0,0,1,2,0,1,0,3,4,2,3,3,4,4,4,0,2,1,4,0,0,2,0,0,2,1,2,0,3,2,0,1,0,3,4,4,4,2,0,2,0,4,2,0,3,3,0,2,2,0,4,3,3,2,2,4,1,3,0,1,1,0,3,4,2,4,3,3,0,4,2,0,0,4,2,1,2,3,4,4,0,4,2,0,3,3,0,2,0,0,2,1,2,2,0,2,1,0,1,4,3,2,2,3"
14,1.3033862270290788,"0,0,4,4,1,3,1,2,1,2,1,4,3,3,3,1,3,2,2,3,0,2,1,2,2,2,0,1,2,1,3,4,1,4,2,1,1,4,2,1,4,4,3,1,4,1,1,3,4,2,2,4,0,1,3,3,0,4,1,1,1,1,1,0,3,3,3,3,2,4,3,2,3,2,1,1,4,3,0,0,2,2,3,2,1,0,4,1,2,4,0,0,0,3,3,1,1,4,2,4,3,4,1,1,4,2,1,1,2,3,0,2,0,0,4,1,0,3,2,3,0,4,4,4,2,2,4,4,1,4,3,0,4,0,3,0,0,3,0,2,3,2,4,2,2,1,1,3,1,3,1,1,4,4,1,3,4,0,4,4,3,1,0,3,1,3,1,1,4,1,4,0,4,3,0,0,1,2,0,1,0,3,4,2,3,3,4,4,4,0,2,1,4,0,0,2,0,0,2,1,2,3,3,2,0,1,0,3,4,4,4,2,0,2,0,4,2,0,3,3,0,2,2,0,4,3,3,2,2,4,2,3,0,1,1,0,3,4,2,2,3,3,0,4,2,0,0,4,2,1,2,3,4,4,0,4,2,0,3,3,0,0,0,0,2,1,2,0,0,2,1,0,1,4,3,2,2,3"
15,1.2634129648197365,"0,0,4,4,1,3,1,2,1,2,1,4,3,3,3,1,3,2,2,3,0,2,1,2,2,2,0,1,2,1,3,4,1,4,2,1,1,4,2,1,4,4,3,1,4,1,1,3,4,2,2,4,0,1,3,3,0,4,1,1,1,1,1,0,3,3,3,3,2,4,3,2,3,2,1,1,4,3,0,0,2,1,3,2,1,0,4,1,2,4,0,0,0,3,3,1,1,4,2,4,3,4,1,1,4,2,1,1,2,3,0,2,0,0,4,1,0,3,2,3,0,4,4,4,2,2,4,4,1,4,3,0,4,0,3,0,0,3,0,2,3,2,4,2,2,1,1,3,1,3,1,1,4,4,1,3,4,0,4,4,3,1,0,3,0,3,1,1,4,1,4,3,4,3,0,0,1,2,0,1,0,3,4,2,3,3,4,4,4,0,2,1,4,0,0,2,0,0,2,1,2,3,3,2,0,1,0,3,4,4,4,2,0,2,0,4,2,0,3,3,0,2,2,0,4,3,3,2,2,4,1,3,0,1,1,0,3,4,2,4,3,3,0,4,2,0,0,4,2,1,0,3,4,4,0,4,3,0,3,3,0,2,0,0,2,1,2,2,0,2,1,0,1,4,3,2,2,3"
16,1.1839504661105198,"0,0,4,4,1,3,1,2,1,2,1,4,3,3,3,1,2,2,2,3,0,2,1,2,2,2,0,1,2,1,3,4,1,4,2,1,1,4,2,1,4,4,3,1,4,1,1,3,4,2,2,4,0,1,3,3,0,4,1,1,1,1,1,0,4,3,3,3,2,4,3,2,3,2,1,1,4,3,0,0,2,1,3,2,2,0,4,2,2,4,0,0,0,3,3,1,1,4,2,4,0,4,1,1,1,2,1,1,2,3,0,2,0,0,4,1,0,3,2,3,0,4,4,4,2,2,4,4,1,4,3,0,4,0,3,0,0,3,3,2,0,2,4,2,2,1,1,3,1,3,1,1,4,4,1,3,4,0,4,4,3,1,0,1,1,3,1,1,4,1,4,0,4,3,0,0,1,0,0,1,0,3,4,2,3,3,4,4,4,0,2,1,4,0,0,2,0,0,2,1,2,3,2,2,0,3,0,3,4,4,4,2,0,2,0,4,2,0,3,3,0,3,2,0,4,3,3,2,2,4,1,3,3,1,1,0,3,4,2,4,3,3,0,4,2,0,0,4,2,1,2,3,2,4,0,4,3,0,3,3,0,2,0,0,2,1,2,2,0,2,1,0,1,4,3,2,2,3"
17,-0.056256282226812004,"0,0,4,4,1,3,1,2,1,2,1,4,3,3,3,1,2,2,2,3,0,2,1,2,2,2,0,1,2,1,3,4,1,4,2,1,1,4,2,1,4,4,3,1,4,1,1,3,4,2,2,4,0,1,3,3,0,4,1,1,1,1,1,0,4,3,3,3,2,4,3,2,3,2,1,1,4,3,0,0,2,1,3,2,2,0,4,2,2,4,0,0,0,3,3,1,1,4,2,4,0,4,1,1,1,2,1,1,2,3,0,2,0,0,4,1,0,3,2,3,0,4,4,4,2,2,4,4,1,4,3,0,4,0,3,0,0,3,3,2,0,2,4,2,2,1,1,3,1,3,1,1,4,4,1,3,4,0,4,4,3,1,0,3,1,3,3,1,4,1,0,0,4,3,0,0,1,2,0,2,0,4,4,1,3,3,0,4,4,0,2,4,4,0,0,2,0,0,2,0,2,0,3,2,0,1,1,3,4,4,1,2,0,2,0,1,2,0,3,3,2,2,2,0,4,3,3,2,2,4,1,3,0,1,1,0,3,4,0,2,3,3,0,1,2,0,0,4,4,1,2,3,4,4,0,4,2,0,3,2,0,2,0,0,2,1,2,0,0,2,1,4,1,0,4,2,2,3"
18,1.3442623166864451,"0,0,4,4,1,3,1,2,1,2,1,4,3,3,3,1,2,2,2,3,0,2,1,2,2,2,0,1,2,1,3,4,1,4,2,1,1,4,2,1,4,4,3,1,4,1,1,3,4,2,2,4,0,1,3,3,0,4,1,1,1,1,1,0,4,3,3,3,2,4,3,2,3,2,1,1,4,3,0,0,2,1,3,2,2,0,4,2,2,4,0,0,0,3,3,1,1,4,2,4,3,4,1,1,4,2,1,1,2,3,0,2,0,0,4,1,0,3,2,3,0,4,4,4,2,2,4,4,1,4,3,0,4,0,3,3,2,3,0,0,3,2,4,2,2,1,1,3,1,3,1,1,4,4,1,3,4,0,4,4,3,1,0,1,0,3,1,1,4,1,4,3,4,3,0,0,1,2,0,1,0,3,1,2,3,3,4,4,4,0,2,1,4,0,0,2,0,0,2,1,2,3,3,2,0,1,0,3,4,4,4,2,0,2,0,4,2,0,3,3,0,2,2,0,4,3,3,2,2,4,1,3,0,1,1,0,3,4,2,4,3,3,0,0,2,0,0,4,2,1,0,3,4,4,0,4,3,0,3,2,0,3,0,0,2,1,2,0,0,2,1,4,1,0,3,2,2,3"
19,1.1039810878557579,"0,0,4,4,1,3,1,2,1,2,1,4,3,3,3,1,2,2,2,3,0,4,1,2,2,2,0,1,2,1,3,1,1,4,2,1,1,0,2,1,4,4,3,1,4,1,1,3,4,2,2,4,0,1,3,3,0,4,1,1,1,1,1,0,4,3,3,3,2,4,3,2,3,2,1,1,4,3,0,0,2,1,3,2,2,0,4,2,2,4,0,0,0,3,3,1,1,4,2,4,3,4,1,1,4,2,1,1,2,3,0,2,0,3,4,1,0,3,2,3,0,4,4,0,2,2,4,4,1,4,3,0,4,0,3,3,2,3,0,0,1,2,4,2,2,1,1,3,1,3,1,1,4,4,1,3,4,3,4,4,3,1,0,1,0,3,1,1,4,1,4,3,4,3,0,0,1,2,0,1,0,3,1,2,3,3,4,4,4,0,2,1,4,0,0,2,0,0,2,1,2,3,3,2,0,1,0,2,4,4,4,2,0,2,0,4,2,0,3,3,0,2,2,0,4,3,3,2,2,4,1,3,0,1,1,0,3,4,2,4,3,3,0,0,2,0,0,4,2,1,0,3,4,4,0,4,3,0,3,2,0,3,0,0,2,1,2,0,0,2,1,4,1,0,3,2,2,3"
20,1.3044632699877439,"0,0,4,4,0,3,1,2,1,2,1,4,3,3,3,1,2,2,2,3,0,2,1,2,2,2,0,1,2,1,3,4,1,4,2,1,1,0,2,1,4,4,3,1,4,1,1,3,4,2,2,4,0,1,3,3,0,2,1,1,1,1,1,0,4,3,3,3,2,4,3,2,3,2,1,1,4,3,0,0,2,1,3,2,2,0,4,2,2,4,0,0,0,3,3,1,1,4,2,4,3,4,1,1,4,2,0,1,2,3,0,2,0,0,4,1,0,3,2,3,0,4,4,4,2,2,4,4,1,4,3,0,4,0,3,3,2,3,0,0,1,2,4,2,2,1,1,3,1,3,1,1,4,4,1,3,4,3,1,4,3,1,0,1,4,3,1,1,4,1,4,3,4,3,0,0,1,2,0,1,0,3,1,2,3,3,4,4,4,0,2,1,4,0,0,4,0,4,2,1,2,3,3,2,0,2,0,3,4,4,4,2,0,2,0,4,2,0,3,3,0,2,2,0,4,3,3,2,0,4,1,3,0,1,1,0,3,4,2,4,3,3,0,0,2,0,0,4,2,1,0,3,4,4,0,4,3,0,3,2,0,3,0,0,2,1,3,0,0,2,1,4,1,0,3,2,2,3"
21,1.3046274288492468,"0,0,4,4,0,3,1,2,1,2,1,4,3,3,3,1,2,2,2,3,0,2,1,2,2,2,0,1,2,1,3,4,1,4,2,1,1,4,2,1,4,4,3,1,4,1,4,3,0,2,2,4,0,1,3,3,0,4,1,2,1,1,1,0,4,3,3,3,2,4,4,2,3,2,1,1,4,3,0,0,2,1,3,2,2,0,4,2,1,4,0,0,0,3,3,1,1,4,2,4,3,4,1,1,4,3,1,1,2,3,0,2,0,0,4,1,0,3,2,3,0,4,4,4,2,2,4,4,1,1,3,0,4,0,3,3,2,3,0,0,1,2,4,2,2,1,1,3,1,3,1,1,4,4,1,3,4,3,1,3,3,1,0,1,2,3,1,1,4,1,4,3,4,3,0,0,1,2,0,1,0,3,1,1,3,3,4,4,4,0,2,1,4,0,0,4,0,4,2,1,2,3,3,2,0,2,0,3,4,2,4,2,0,2,0,4,2,0,3,3,0,4,2,0,4,3,3,2,2,4,1,3,0,1,1,0,3,4,2,4,3,3,0,0,2,0,0,4,2,1,0,3,4,4,0,4,3,0,3,3,0,2,0,0,2,1,2,2,0,2,1,0,1,4,3,4,2,0"
22,1.3449350940241158,"0,0,4,4,0,3,1,2,1,2,1,4,3,3,3,1,2,2,2,3,0,2,1,2,2,2,0,1,2,1,3,4,1,4,2,1,1,4,2,1,4,4,3,1,4,1,4,3,0,2,2,4,0,1,3,3,0,4,1,2,1,1,1,0,4,3,3,3,2,4,4,2,3,2,1,1,4,3,0,0,2,1,3,2,2,0,4,2,1,4,0,0,0,3,3,1,1,4,2,4,3,4,1,1,4,3,1,1,2,3,0,2,0,0,4,1,0,3,2,3,0,4,4,4,2,2,4,4,1,1,3,0,4,0,3,3,2,3,0,0,0,2,4,2,2,1,1,3,1,3,1,1,4,4,1,3,4,3,1,3,3,1,0,1,2,3,1,1,4,1,4,3,4,3,0,0,1,2,0,1,0,3,1,1,3,3,4,4,4,0,2,1,4,0,0,4,0,4,2,1,2,3,3,2,2,2,0,3,4,2,4,2,0,2,0,4,2,0,3,3,0,4,2,0,4,3,3,2,2,4,1,3,0,1,1,0,3,4,2,4,3,3,0,0,2,0,0,4,2,1,0,3,4,4,0,4,3,0,3,3,0,2,0,0,2,1,2,2,0,2,1,0,1,4,3,4,2,0"
23,1.3451672076705123,"0,0,4,4,0,3,1,2,1,2,1,4,3,3,3,1,2,2,2,3,0,2,1,2,2,2,0,1,2,1,3,4,1,4,2,1,1,4,2,1,4,4,3,1,4,1,4,3,0,2,2,4,0,1,3,3,0,4,1,2,1,1,1,0,4,3,3,3,2,4,4,2,3,2,1,1,0,3,0,0,2,1,3,2,2,0,4,2,1,4,0,0,0,3,3,1,1,4,2,4,3,4,1,1,4,3,1,1,2,3,0,2,0,0,4,1,0,3,2,3,0,4,4,4,2,2,4,4,1,1,3,0,4,0,3,3,2,3,0,0,0,2,4,2,2,1,1,3,1,3,1,1,4,4,1,3,4,3,1,3,3,1,0,1,2,3,1,1,4,1,4,3,4,3,0,0,1,2,0,1,0,3,1,1,3,3,4,4,4,0,2,3,4,0,0,4,0,4,2,1,2,3,3,2,2,2,0,3,4,2,4,2,0,2,0,4,2,0,3,3,0,4,2,0,4,3,3,2,2,4,1,3,0,1,1,0,3,4,2,4,3,3,0,0,2,0,0,4,2,1,0,3,4,4,0,4,3,0,3,3,0,2,0,0,2,1,2,2,0,2,1,0,1,4,3,4,2,0"
24,1.3051188937483698,"0,0,4,4,0,3,1,2,1,2,1,4,3,3,3,1,2,2,2,3,0,2,1,2,2,2,0,1,2,1,3,4,1,4,2,1,1,4,2,1,4,4,3,1,4,1,4,3,0,2,2,4,0,1,3,3,0,4,1,2,1,1,2,0,4,3,3,3,2,4,4,1,3,2,1,1,4,3,0,0,2,1,3,2,2,0,4,2,2,4,0,0,0,3,3,1,1,4,1,4,3,4,1,1,4,3,1,1,2,3,0,2,0,0,4,1,0,3,2,3,0,4,4,4,2,2,4,4,1,1,3,0,4,0,3,3,2,3,0,0,0,2,4,2,2,1,1,3,1,3,1,1,4,4,1,3,4,3,1,3,3,1,0,1,2,3,1,1,4,1,4,3,4,3,0,0,1,2,0,1,0,3,1,1,3,3,4,4,4,0,2,1,4,0,0,4,0,4,2,1,2,3,3,2,2,2,0,3,4,2,4,2,0,2,0,4,2,0,3,3,0,4,2,0,4,3,3,2,2,4,1,3,0,1,1,0,3,4,2,4,3,3,0,0,2,0,0,4,2,1,0,3,4,4,0,4,3,0,3,3,0,2,0,0,2,1,2,0,0,2,1,1,1,4,3,4,2,0"
25,1.1443966486006083,"0,0,4,4,0,3,1,2,1,2,1,4,3,3,3,1,2,2,2,3,0,2,1,2,2,2,0,1,2,1,3,4,1,4,2,1,1,4,2,1,4,4,3,1,4,1,4,3,0,2,2,4,0,1,3,3,0,4,1,2,1,1,2,0,4,3,3,3,2,4,4,1,3,2,1,1,4,3,0,0,2,1,3,2,2,0,4,2,2,4,0,0,0,3,3,1,1,4,1,4,3,4,1,1,4,3,1,1,2,3,0,2,0,0,4,1,0,3,2,3,0,4,4,4,2,2,4,4,1,1,3,0,4,0,3,3,2,3,0,0,0,2,4,2,2,1,1,3,1,3,1,1,4,4,1,3,4,3,1,3,3,1,0,1,2,3,1,1,4,1,4,3,4,3,2,0,1,2,4,1,0,3,1,1,3,3,4,4,4,0,2,1,4,0,0,4,0,4,2,1,2,3,3,2,2,2,4,3,4,1,4,2,0,2,0,4,2,0,3,3,0,3,2,0,4,3,3,2,2,4,1,3,0,1,1,0,3,4,2,4,3,3,0,0,2,0,0,4,2,1,0,3,4,4,0,4,3,0,3,3,0,2,0,0,2,1,2,0,0,2,1,0,1,4,3,4,2,0"
26,1.345600690438815,"0,0,4,4,0,3,1,2,1,2,1,4,3,3,3,1,2,2,2,3,0,2,1,2,2,2,0,1,2,1,3,4,1,4,1,1,1,4,2,1,4,4,3,1,4,1,4,3,0,2,2,4,0,1,3,3,0,4,1,2,1,1,2,0,4,3,3,3,2,4,4,1,3,2,1,1,4,3,0,0,2,1,3,2,2,0,4,2,2,4,0,0,0,3,3,1,1,4,1,4,3,4,1,1,4,3,1,1,2,3,0,2,0,0,4,1,0,3,2,3,0,4,4,4,2,2,4,4,1,1,3,0,4,0,3,3,2,3,0,0,0,2,4,2,2,1,1,3,1,3,1,1,4,4,1,3,4,3,1,3,3,1,0,1,2,3,1,1,4,1,4,3,4,3,0,0,1,2,0,1,0,3,1,1,3,3,4,4,4,0,2,3,4,0,0,4,0,4,2,1,2,3,3,2,2,2,0,3,4,2,4,2,0,2,0,4,2,0,3,3,0,4,2,0,4,3,3,2,2,4,1,3,0,1,1,0,3,4,2,4,3,3,0,0,2,0,0,4,2,1,0,3,4,4,0,4,3,0,3,3,0,2,0,0,2,1,2,2,0,2,1,0,1,4,3,4,2,0"
27,1.3456846149626291,"0,0,4,4,0,3,1,2,1,2,1,4,3,3,3,1,2,2,2,3,0,2,1,2,2,2,0,1,2,1,3,4,1,4,1,1,1,4,2,1,4,4,3,1,4,1,4,3,0,2,2,4,0,1,3,3,0,4,1,2,1,1,2,0,4,3,3,3,2,4,4,1,3,2,1,1,4,3,0,0,2,1,3,2,2,0,4,2,2,4,0,0,0,3,3,1,1,4,1,4,3,4,1,1,4,3,1,2,2,3,0,2,0,0,4,1,0,3,2,3,0,4,4,4,2,2,4,4,1,1,3,0,4,0,3,3,2,3,0,0,0,2,4,2,2,1,1,3,1,3,1,1,4,4,1,3,4,3,1,3,3,1,0,1,2,3,1,1,4,1,4,3,4,3,0,0,1,2,0,1,0,3,1,1,3,3,4,4,4,0,2,3,4,0,0,4,0,4,2,1,2,3,3,2,2,2,0,3,4,2,4,2,0,2,0,4,2,0,3,3,0,4,2,0,4,3,3,2,2,4,1,3,0,1,1,0,3,4,2,4,3,3,0,0,2,0,0,4,2,1,0,3,4,4,0,4,3,0,3,3,0,2,0,0,2,1,2,2,0,2,1,0,1,4,3,4,2,0"
28,1.3465987932618662,"0,0,4,4,0,3,1,2,1,2,1,4,3,3,3,1,2,2,2,3,0,2,1,2,2,2,0,1,2,1,3,4,1,4,1,1,1,4,2,1,4,4,3,1,4,1,4,3,0,2,2,4,0,1,3,3,0,4,1,2,1,1,2,0,4,3,3,3,2,4,4,1,3,2,1,1,4,3,0,0,2,1,3,3,2,0,4,2,2,4,0,0,0,3,3,1,1,4,1,4,3,4,1,1,4,3,1,1,2,3,0,2,0,0,4,1,0,3,2,3,0,3,4,4,2,2,4,4,1,1,3,0,4,0,3,3,2,3,0,0,0,2,4,2,2,1,1,3,1,3,1,1,4,4,0,3,4,3,1,3,3,1,0,1,2,3,1,0,4,1,4,3,4,4,0,0,1,2,0,1,1,3,1,1,3,3,4,4,4,0,2,3,4,0,0,4,0,4,2,1,2,3,3,2,2,2,0,3,4,2,4,2,0,2,0,4,2,3,3,0,4,4,0,0,4,3,3,2,2,4,1,3,0,1,1,0,3,4,2,4,3,3,0,0,2,0,0,1,2,0,0,2,4,4,0,4,3,0,3,1,2,2,0,0,2,1,2,2,0,2,1,0,1,2,3,4,2,0"
29,1.3466898358717043,"0,0,4,4,0,3,1,2,1,2,1,4,3,3,3,1,2,2,0,3,0,2,1,2,2,2,0,1,2,1,3,4,1,4,1,1,1,4,2,1,4,4,3,1,4,1,4,3,0,2,2,4,0,1,3,3,0,4,1,2,1,1,2,0,4,3,3,3,2,4,4,1,3,2,1,1,4,3,0,0,2,1,3,3,2,0,4,2,2,4,0,0,0,3,3,1,1,4,1,4,3,4,1,1,4,3,1,1,2,3,0,2,0,0,4,1,0,3,2,3,0,3,4,4,2,2,4,4,1,1,3,0,4,0,3,3,2,3,0,2,0,2,4,2,2,1,1,3,1,3,1,1,4,4,0,3,4,3,4,3,3,1,0,1,2,3,1,0,4,1,4,3,4,4,0,0,1,2,0,1,1,3,1,1,3,3,4,4,4,0,2,3,4,0,0,4,0,4,2,1,2,3,3,2,2,2,0,3,4,2,4,3,0,2,0,4,2,3,3,0,4,4,0,0,4,3,3,2,2,4,1,3,0,1,1,0,3,4,2,4,3,3,0,0,2,0,0,1,2,0,0,2,4,4,0,4,3,0,3,1,2,2,0,0,2,1,2,2,0,2,1,0,1,2,3,4,2,0"
30,1.2663665785822307,"0,0,4,4,0,3,1,2,1,2,1,4,3,3,3,1,2,2,0,3,0,2,3,2,2,2,0,1,2,1,3,4,1,4,1,1,1,4,2,1,4,4,3,1,4,1,4,3,0,2,2,4,0,1,3,3,0,4,1,2,1,1,2,0,4,3,3,3,2,4,4,1,3,2,1,1,4,3,0,0,2,1,3,3,2,0,4,2,2,4,0,0,0,3,3,1,1,4,1,4,3,4,1,1,4,3,1,1,4,3,0,2,0,0,4,1,0,3,2,3,0,3,4,4,2,2,4,4,1,1,3,0,4,0,2,3,2,3,0,2,0,2,4,2,0,1,1,3,1,3,1,1,4,4,0,3,4,3,4,3,3,1,0,1,2,3,1,0,4,1,4,3,4,4,0,0,1,2,0,1,1,3,1,1,3,3,4,4,4,0,2,3,4,0,0,4,0,4,2,1,2,3,3,2,2,2,0,4,4,2,4,2,0,2,0,4,2,3,3,0,4,4,0,0,4,3,3,2,2,4,1,3,0,1,1,0,3,4,2,4,3,3,0,0,2,0,0,1,2,0,1,2,4,4,0,4,3,3,3,1,2,2,0,0,2,1,2,2,0,2,0,0,1,2,3,3,2,0"
31,1.3469270644025537,"0,0,4,4,0,3,1,2,1,2,1,4,3,3,3,1,2,2,0,3,0,2,3,2,2,2,0,1,2,1,3,4,1,4,1,1,1,4,2,1,4,4,3,1,4,1,4,3,0,2,2,4,0,1,3,3,0,4,1,2,1,1,2,0,4,3,3,3,2,4,4,1,3,2,1,1,4,3,0,0,2,1,3,3,2,0,4,2,2,4,0,0,0,3,3,1,1,4,1,4,3,4,1,1,4,3,1,1,4,3,0,2,0,0,4,1,0,3,2,3,0,3,4,4,1,2,4,4,1,1,3,0,4,0,3,2,4,3,0,0,0,2,2,2,2,1,1,3,1,3,1,1,4,4,0,3,4,3,1,3,3,1,0,1,2,3,1,0,4,1,4,3,4,4,0,0,1,2,0,1,1,3,1,1,3,3,4,4,4,0,2,3,4,0,0,4,0,4,2,1,2,3,3,2,2,2,0,3,4,2,4,2,0,2,0,4,2,3,3,0,4,4,2,0,4,3,3,2,2,4,1,3,0,1,1,0,3,4,2,4,3,3,0,0,2,0,0,1,2,0,0,2,4,4,0,4,3,0,3,1,2,2,0,0,2,1,2,2,0,2,1,0,1,2,3,4,2,0"
32,1.3071587486328997,"0,0,4,4,0,3,1,2,1,2,1,4,3,3,3,1,2,2,0,3,0,2,3,2,2,2,0,1,2,1,3,4,1,4,1,1,1,4,2,1,4,4,3,1,4,1,4,3,0,2,2,4,0,1,3,3,0,4,1,2,1,1,2,0,4,3,3,3,2,4,4,1,3,2,1,1,4,3,3,0,2,1,3,3,2,0,4,2,2,4,0,0,0,3,3,1,1,4,1,4,3,4,1,1,4,3,1,1,4,3,0,2,2,0,4,1,0,3,2,3,0,3,4,4,1,2,4,4,1,1,3,0,4,0,3,2,4,3,0,0,0,2,2,2,2,1,1,3,1,3,1,1,4,4,0,3,4,3,1,3,3,1,0,1,2,3,1,0,4,1,4,3,4,4,0,0,1,2,0,1,1,3,1,1,3,3,4,4,4,0,2,3,4,0,0,4,0,4,2,1,2,3,3,2,2,2,0,3,4,2,4,2,0,2,0,4,2,3,3,0,4,4,2,0,4,3,3,2,2,4,1,3,0,1,1,0,3,4,2,4,3,3,0,0,2,0,0,1,2,0,0,2,4,4,0,4,3,0,3,1,2,2,0,0,2,1,2,2,0,2,1,0,1,2,3,4,2,0"
33,1.30721633679692,"0,0,4,4,0,3,1,2,1,2,1,4,3,3,3,1,2,2,0,3,0,2,3,2,2,2,0,1,2,1,3,4,1,4,1,1,1,4,2,3,4,4,3,1,4,1,4,3,0,2,2,4,0,1,3,3,0,4,1,2,1,1,2,0,4,3,3,3,2,4,4,1,3,2,1,1,4,3,3,0,2,1,3,3,2,0,4,2,2,4,0,0,0,3,3,1,1,4,1,4,3,4,1,1,4,3,1,1,4,3,0,2,2,0,4,1,0,3,2,3,0,3,4,4,1,2,4,4,1,1,3,0,4,0,3,2,4,3,0,0,0,2,2,2,2,1,1,3,1,3,1,1,4,4,0,3,4,3,1,3,3,1,0,1,2,3,1,0,4,1,4,3,4,4,0,0,1,2,0,1,1,3,1,1,3,3,4,4,4,0,2,3,4,0,0,4,0,4,2,1,2,3,3,2,2,2,0,3,4,2,4,2,0,2,0,4,2,3,3,0,4,4,0,0,4,3,3,2,2,4,1,3,0,1,1,0,3,4,2,4,3,3,0,0,2,0,0,1,2,0,0,2,4,4,0,4,3,0,3,1,2,2,0,0,2,1,2,2,0,2,1,0,1,2,3,4,2,0"
34,1.3474539243296209,"0,0,4,4,0,3,1,2,1,2,1,4,3,3,3,1,2,2,2,3,0,2,1,2,2,2,0,1,2,1,3,4,1,4,1,1,1,4,2,2,4,4,3,1,4,1,4,3,0,3,2,1,0,1,3,3,0,4,1,2,1,1,2,0,4,3,3,3,2,4,4,1,3,2,4,1,4,3,0,0,2,1,3,3,2,0,4,2,2,4,0,0,0,3,3,1,1,4,1,4,3,4,1,1,4,3,1,1,2,3,0,2,0,0,4,1,0,3,2,3,0,3,4,4,2,2,4,4,1,1,3,0,4,0,3,3,4,3,0,0,0,2,2,2,2,1,1,3,1,3,1,1,4,4,0,3,4,3,1,3,3,1,0,1,2,3,1,0,4,1,4,4,4,4,0,0,1,2,0,1,1,3,1,1,3,3,4,4,4,0,2,3,4,0,0,4,0,4,2,1,2,3,3,2,2,2,0,3,4,2,3,2,0,2,0,4,2,3,3,0,4,4,0,0,4,3,3,2,2,4,1,3,0,1,1,0,3,4,2,4,3,3,0,0,2,0,0,1,2,0,0,2,4,4,0,4,3,0,3,1,2,2,0,0,2,1,2,2,0,2,1,0,1,2,3,4,2,0"
35,1.2675008046575684,"0,0,4,4,0,3,1,2,1,2,1,4,3,3,3,1,2,2,2,3,0,2,1,2,2,2,0,1,2,1,3,4,1,4,1,1,1,4,2,2,4,4,3,1,1,1,4,3,0,3,2,1,0,1,3,3,0,4,1,2,1,1,2,0,4,3,3,3,2,4,4,1,3,2,4,1,4,3,0,0,2,1,0,3,2,0,4,2,2,4,3,0,2,3,3,1,1,4,1,4,3,4,1,1,4,3,1,1,2,3,0,2,0,0,4,1,0,3,2,3,0,3,4,4,2,2,4,4,1,1,3,0,4,0,3,3,4,3,0,0,0,2,2,2,2,1,1,3,1,3,1,1,4,4,0,3,4,3,1,3,3,1,0,1,2,3,1,0,4,1,4,4,4,4,0,0,1,2,0,1,1,3,1,1,3,3,4,4,4,0,4,3,4,0,0,4,0,4,2,1,2,3,3,2,2,2,0,3,4,2,3,2,0,2,0,4,2,3,3,0,4,4,0,0,4,3,3,2,2,4,1,3,0,1,1,0,3,4,3,4,3,3,0,0,2,0,0,1,2,0,0,2,4,4,0,4,3,0,3,1,2,2,0,2,2,1,2,2,0,2,1,0,1,2,3,4,2,0"
36,1.3475428917364685,"0,0,4,4,0,3,1,2,1,2,1,4,3,3,3,1,2,2,2,3,0,2,1,2,2,2,0,1,2,1,3,4,1,4,1,1,1,4,2,2,4,4,3,1,1,1,4,3,0,3,2,1,0,1,3,3,0,4,1,2,1,1,2,0,4,3,3,3,2,4,4,1,3,2,4,1,4,3,0,0,2,1,0,3,2,0,4,2,2,4,0,0,2,3,3,1,1,4,1,4,3,4,1,1,4,3,1,1,2,3,0,2,0,0,4,1,0,3,2,3,0,3,4,4,2,2,4,4,1,1,3,0,4,0,3,3,4,3,0,0,0,2,2,2,2,1,1,3,1,3,1,1,4,4,0,3,4,3,1,3,3,1,0,1,2,3,1,0,4,1,4,4,4,4,0,0,1,2,0,1,1,3,1,1,3,3,4,4,4,0,4,3,4,0,0,4,0,4,2,1,2,3,3,2,2,2,0,3,4,2,3,2,0,2,0,4,2,3,3,0,4,4,0,0,4,3,3,2,2,4,1,3,0,1,1,0,3,4,3,4,3,3,0,0,2,0,0,1,2,0,0,2,4,4,0,4,3,0,3,1,2,2,0,2,2,1,2,2,0,2,1,0,1,2,3,4,2,0"
37,1.3076882204214315,"0,0,4,4,0,3,1,2,1,2,1,4,3,3,3,1,2,2,2,3,0,2,1,2,2,2,0,1,2,1,3,4,1,4,1,1,1,4,2,2,4,4,3,1,1,1,4,3,0,3,2,1,0,1,3,3,0,4,1,2,1,1,2,0,4,3,3,3,2,4,4,1,3,2,4,1,4,3,0,0,2,1,0,3,2,0,4,2,2,4,0,0,2,3,3,1,1,4,1,4,3,4,1,1,4,3,1,1,2,3,0,2,0,0,4,1,0,3,2,3,0,3,4,4,2,2,4,4,1,1,3,0,4,0,3,3,4,3,0,0,0,3,2,2,2,1,1,3,1,3,1,1,4,4,0,3,4,3,1,3,3,1,0,1,2,3,1,0,4,1,4,4,4,4,0,0,1,2,0,1,1,3,1,1,3,3,4,4,4,0,4,3,4,0,0,4,0,4,2,1,2,3,3,2,2,2,0,3,4,2,3,2,0,2,0,4,2,3,3,0,4,4,0,0,4,3,3,2,2,4,1,3,0,1,1,0,3,4,3,4,3,3,0,0,2,0,0,1,2,0,0,2,4,4,0,4,3,0,3,1,2,2,0,0,2,2,2,2,0,2,1,0,1,2,3,4,2,0"
38,1.0676038830706538,"0,0,4,4,0,3,1,2,1,2,1,4,3,3,3,1,2,0,2,3,0,2,1,2,2,2,0,1,2,1,3,4,1,4,1,1,1,4,2,2,4,4,3,1,1,1,4,3,0,3,2,1,0,1,3,3,0,4,1,2,1,1,2,0,4,3,3,3,2,4,4,1,3,2,4,1,4,3,0,0,2,1,0,3,2,0,4,2,2,4,0,0,2,3,3,1,1,4,1,4,3,4,1,1,4,3,1,1,2,3,0,2,0,0,4,1,0,3,2,3,0,3,4,4,2,2,4,4,1,1,3,0,4,0,3,3,4,3,0,0,0,3,2,2,2,1,1,3,1,3,1,1,4,4,0,3,4,3,1,3,3,1,0,1,2,3,1,0,4,1,4,4,4,4,0,0,1,2,0,1,1,3,1,1,3,3,4,4,4,0,4,3,4,0,0,4,0,4,2,1,2,3,3,2,2,2,0,3,4,2,3,2,0,2,0,4,2,3,3,0,4,4,0,0,4,3,3,2,2,4,1,3,0,1,1,0,3,4,3,4,3,3,0,0,2,0,0,1,2,0,0,3,4,4,0,4,3,0,3,1,2,2,0,0,2,2,2,2,0,2,1,0,1,2,3,4,2,0"
39,1.1878957891269826,"0,0,4,4,0,3,1,2,1,2,1,4,3,3,3,1,2,0,2,3,0,2,1,2,2,2,0,1,2,1,3,4,1,4,1,1,1,4,2,2,4,4,3,1,1,1,4,3,0,3,2,1,0,1,3,3,0,4,1,2,1,1,2,0,4,3,3,3,2,4,4,1,3,2,4,1,4,3,0,0,2,1,0,3,2,0,4,2,2,4,0,0,2,3,3,1,1,4,1,4,3,4,1,1,4,3,1,1,2,3,0,2,0,0,4,1,0,3,2,3,0,3,4,4,2,2,4,4,1,1,3,0,4,0,3,3,4,3,0,0,0,2,2,2,2,1,1,3,1,3,1,1,4,4,0,3,4,3,1,3,3,1,0,1,2,3,1,0,4,1,4,4,4,4,0,0,1,2,0,1,1,3,1,1,3,3,4,4,4,0,4,3,4,0,0,4,0,4,2,1,2,3,3,2,2,2,0,3,4,2,3,2,0,2,0,4,2,3,3,0,4,4,0,0,4,3,3,2,2,4,1,3,0,0,1,0,3,4,3,4,3,3,0,0,2,0,0,1,2,0,0,2,4,4,0,4,3,0,3,1,2,2,0,0,2,2,2,2,0,2,1,0,1,2,3,4,2,0"
40,1.3479221366495953,"0,0,4,4,0,3,1,2,1,2,1,4,3,3,3,1,2,0,2,3,0,2,1,2,2,2,0,1,2,1,3,4,1,4,1,1,1,4,2,2,4,4,3,1,1,1,4,3,0,3,2,1,0,1,3,3,0,4,1,2,1,1,2,0,4,3,3,3,2,4,4,1,3,2,4,1,4,3,0,0,2,1,0,3,2,0,4,2,2,4,0,0,2,3,3,1,1,4,1,4,3,4,1,1,4,3,1,1,2,3,0,2,2,0,4,1,0,3,2,3,0,3,4,4,2,2,4,4,1,1,3,0,4,0,3,3,4,3,0,0,0,2,2,2,2,1,1,3,1,3,1,1,4,4,0,3,4,3,1,3,3,1,0,1,2,3,1,0,4,1,4,4,4,4,0,0,1,2,0,1,1,3,1,1,3,3,4,4,4,0,4,3,4,0,0,4,0,4,2,1,2,3,3,2,2,2,0,3,4,2,3,2,0,2,0,4,2,3,3,0,4,4,0,0,4,3,3,2,2,4,1,3,0,1,1,0,3,4,3,4,3,3,0,0,2,0,0,1,2,0,0,2,4,4,0,4,3,0,3,1,2,2,0,0,2,2,2,2,0,2,1,1,1,2,3,4,2,0"
41,1.3481035855777292,"0,0,4,4,0,3,1,2,1,2,1,4,3,3,3,1,2,0,2,3,0,2,1,2,2,2,0,1,2,1,3,4,1,4,1,1,1,4,2,2,4,4,3,1,1,1,4,3,0,3,2,1,0,1,3,3,0,4,1,2,1,1,2,0,4,3,3,3,2,4,4,1,3,2,4,1,4,3,0,0,2,1,0,3,2,0,4,2,2,4,0,0,2,3,3,1,1,4,1,4,3,4,1,1,4,3,1,1,2,3,0,2,2,0,4,1,0,3,2,3,0,3,4,4,2,2,4,4,1,1,3,0,4,0,3,3,4,3,0,0,0,2,2,2,2,1,1,3,1,3,1,1,4,4,0,3,4,3,1,3,3,1,0,1,2,3,1,0,4,1,4,4,4,4,0,0,1,2,0,1,1,3,1,1,3,3,4,4,4,0,4,3,4,0,0,4,0,4,2,1,2,3,3,2,2,2,0,3,4,2,3,2,0,2,0,4,2,3,3,0,4,4,0,0,4,3,3,2,2,4,1,3,0,1,1,0,3,4,3,4,3,3,0,0,2,0,0,1,2,0,0,2,4,4,0,4,3,0,3,1,2,2,0,0,2,2,2,2,0,2,1,0,1,2,1,4,2,0"
42,1.2273939843483117,"0,0,4,4,0,3,1,2,1,2,1,4,3,3,3,1,2,0,2,3,0,2,1,3,2,2,0,1,2,1,3,4,1,4,1,1,1,4,2,2,4,4,3,1,1,1,4,3,0,3,2,1,0,1,3,3,0,4,1,2,2,1,2,0,4,3,3,3,2,4,4,1,3,2,4,1,4,3,0,0,2,1,0,3,2,0,4,2,2,4,0,0,2,3,3,1,1,4,1,4,3,4,1,1,4,3,1,1,2,3,0,2,2,0,4,1,0,3,2,3,0,3,4,4,2,2,4,4,1,3,3,0,4,0,3,3,4,3,0,0,0,2,2,2,2,1,1,4,1,3,1,1,4,4,0,3,4,3,1,3,3,1,0,1,2,3,1,0,4,1,4,4,4,4,0,0,1,2,0,1,1,3,1,1,3,3,4,4,4,0,4,3,4,0,0,3,0,4,2,1,2,3,3,4,2,2,0,3,4,2,3,2,0,2,3,4,2,3,0,0,4,4,0,0,4,3,3,2,2,4,1,3,0,1,1,0,3,4,3,4,3,3,0,0,2,0,0,1,2,0,4,2,4,4,0,4,3,0,3,1,2,2,0,0,2,2,2,2,0,2,1,0,1,2,1,4,2,0"
43,1.2681105346522394,"0,0,4,4,0,3,1,2,1,2,1,4,3,3,3,1,2,0,2,3,0,2,1,3,2,2,0,1,2,1,3,4,1,4,1,1,1,4,2,2,4,4,3,1,1,1,4,3,0,3,2,1,0,1,3,3,0,4,1,2,2,1,2,0,4,3,1,3,2,4,4,1,3,2,4,1,4,3,0,0,2,1,0,3,2,0,4,2,2,4,0,0,2,3,3,1,1,4,1,4,3,4,1,1,4,3,1,1,2,3,0,2,2,0,4,1,0,3,2,3,0,3,4,4,2,2,1,4,1,1,3,0,4,0,3,3,4,3,0,0,0,2,2,2,2,1,1,3,1,3,1,1,4,4,0,3,4,3,1,3,3,1,0,1,2,3,1,0,4,1,4,4,4,4,0,0,1,2,0,1,1,3,1,1,3,3,4,4,4,0,4,3,4,0,0,4,0,4,2,1,2,3,3,2,2,2,0,3,4,2,3,2,0,2,0,4,2,3,3,0,4,4,0,0,4,3,3,2,2,4,1,3,0,1,1,0,3,4,3,4,3,3,0,0,2,0,0,1,2,0,0,2,4,4,0,4,3,0,3,1,2,2,0,0,2,2,2,2,0,2,1,0,1,2,1,4,2,0"
44,1.3482378303140141,"0,0,4,4,0,3,1,2,1,2,1,4,3,3,3,1,2,0,2,3,0,2,1,3,2,2,0,1,2,1,3,4,1,4,1,1,1,4,2,2,4,4,3,1,1,1,4,3,0,3,2,1,0,1,3,3,0,4,1,2,2,1,2,0,4,3,1,3,2,4,4,1,3,0,4,1,4,3,0,0,2,1,0,3,2,0,4,2,2,4,0,0,2,3,3,1,1,4,1,4,3,4,1,1,4,3,1,1,2,3,0,2,2,3,4,1,0,3,2,3,0,3,4,4,2,2,4,4,1,1,3,0,4,0,3,3,4,3,0,0,0,2,2,2,2,1,1,3,1,3,1,1,4,4,0,3,4,3,1,3,1,1,0,1,2,3,1,0,4,1,4,4,4,4,0,0,1,2,0,1,1,3,1,1,3,3,4,4,4,0,4,3,4,0,0,4,0,4,2,1,2,3,3,2,2,2,0,3,4,2,3,2,0,2,0,4,2,3,3,0,4,4,0,0,4,3,3,2,2,4,1,3,0,1,2,0,3,4,3,4,3,3,0,0,2,0,0,1,2,0,0,2,4,4,0,4,3,0,3,1,2,2,0,0,2,2,2,2,0,2,1,0,1,2,4,4,2,0"
45,1.3482378303140141,"0,0,4,4,0,3,1,2,1,2,1,4,3,3,3,1,2,0,2,3,0,2,1,3,2,2,0,1,2,1,3,4,1,4,1,1,1,4,2,2,4,4,3,1,1,1,4,3,0,3,2,1,0,1,3,3,0,4,1,2,2,1,2,0,4,3,1,3,2,4,4,1,3,0,4,1,4,3,0,0,2,1,0,3,2,0,4,2,2,4,0,0,2,3,3,1,1,4,1,4,3,4,1,1,4,3,1,1,2,3,0,2,2,3,4,1,0,3,2,3,0,3,4,4,2,2,4,4,1,1,3,0,4,0,3,3,4,3,0,0,0,2,2,2,2,1,1,3,1,3,1,1,4,4,0,3,4,3,1,3,1,1,0,1,2,3,1,0,4,1,4,4,4,4,0,0,1,2,0,1,1,3,1,1,3,3,4,4,4,0,4,3,4,0,0,4,0,4,2,1,2,3,3,2,2,2,0,3,4,2,3,2,0,2,0,4,2,3,3,0,4,4,0,0,4,3,3,2,2,4,1,3,0,1,2,0,3,4,3,4,3,3,0,0,2,0,0,1,2,0,0,2,4,4,0,4,3,0,3,1,2,2,0,0,2,2,2,2,0,2,1,0,1,2,4,4,2,0"
46,1.2686201654544558,"0,0,4,4,0,3,1,2,1,2,1,4,3,3,3,1,2,0,2,3,0,2,1,3,2,2,0,1,2,1,3,4,1,4,1,1,1,4,2,2,4,4,3,1,1,1,4,3,0,3,2,1,0,1,3,3,0,4,1,2,2,1,2,0,4,3,1,3,2,4,4,1,3,0,4,1,4,3,0,0,2,1,0,3,2,2,4,2,2,4,0,0,2,3,3,1,1,4,1,4,3,4,1,1,4,3,1,1,2,3,0,2,0,3,4,1,0,3,2,3,0,3,4,4,2,2,4,4,1,1,3,0,4,0,3,3,4,3,0,0,0,2,2,2,2,1,1,3,1,3,1,1,4,4,0,3,4,3,1,3,1,1,0,1,2,3,1,0,4,1,4,4,4,4,0,0,1,2,0,1,1,3,1,1,3,3,4,4,4,0,4,3,4,0,0,4,0,4,2,2,2,3,3,2,2,2,0,3,4,2,3,2,0,2,0,4,2,3,3,0,4,4,0,0,4,3,3,2,2,4,1,3,0,1,2,0,3,4,3,4,3,3,0,0,2,0,0,1,2,0,0,2,4,4,0,4,3,0,3,1,2,2,0,0,2,2,2,2,0,2,1,0,1,2,4,4,2,0"
47,1.2686201654544558,"0,0,4,4,0,3,1,2,1,2,1,4,3,3,3,1,2,0,2,3,0,2,1,3,2,2,0,1,2,1,3,4,1,4,1,1,1,4,2,2,4,4,3,1,1,1,4,3,0,3,2,1,0,1,3,3,0,4,1,2,2,1,2,0,4,3,1,3,2,4,4,1,3,0,4,1,4,3,0,0,2,1,0,3,2,2,4,2,2,4,0,0,2,3,3,1,1,4,1,4,3,4,1,1,4,3,1,1,2,3,0,2,0,3,4,1,0,3,2,3,0,3,4,4,2,2,4,4,1,1,3,0,4,0,3,3,4,3,0,0,0,2,2,2,2,1,1,3,1,3,1,1,4,4,0,3,4,3,1,3,1,1,0,1,2,3,1,0,4,1,4,4,4,4,0,0,1,2,0,1,1,3,1,1,3,3,4,4,4,0,4,3,4,0,0,4,0,4,2,2,2,3,3,2,2,2,0,3,4,2,3,2,0,2,0,4,2,3,3,0,4,4,0,0,4,3,3,2,2,4,1,3,0,1,2,0,3,4,3,4,3,3,0,0,2,0,0,1,2,0,0,2,4,4,0,4,3,0,3,1,2,2,0,0,2,2,2,2,0,2,1,0,1,2,4,4,2,0"
48,1.1088383473084207,"0,0,4,4,0,3,1,2,1,2,1,4,3,3,3,1,2,0,2,3,0,2,1,3,2,2,0,1,2,1,3,4,1,4,1,1,1,4,2,2,4,4,3,1,1,1,4,3,0,3,2,1,0,1,3,3,0,4,1,2,2,1,2,0,4,3,1,3,2,4,4,1,3,0,4,1,4,3,0,0,2,1,0,3,2,2,4,2,2,4,0,0,2,3,3,1,1,4,1,4,0,4,1,1,4,3,1,1,2,3,0,2,2,3,4,1,0,3,2,3,0,3,4,4,2,2,4,4,1,1,3,0,4,0,3,3,4,3,0,0,0,2,2,2,3,3,1,3,1,3,4,1,4,4,0,3,4,3,1,3,1,1,0,1,2,3,1,0,4,1,4,4,4,4,0,0,1,2,0,1,1,3,1,1,3,3,4,4,4,0,4,3,4,0,0,4,0,4,2,1,2,3,3,2,2,2,0,3,4,2,3,2,0,2,0,4,2,3,3,0,4,4,0,0,3,3,3,2,2,4,1,3,0,1,2,0,3,4,3,4,3,3,0,0,2,0,0,1,2,0,0,2,3,4,0,4,3,0,3,1,2,2,0,0,2,2,2,2,0,2,1,0,1,2,4,4,2,0"
49,1.1871991995760331,"0,0,4,4,0,3,1,2,1,2,1,4,3,3,3,1,2,0,2,3,0,2,1,3,2,2,0,1,2,1,3,4,1,4,1,1,1,4,2,2,4,4,3,1,1,1,4,3,0,3,2,1,0,1,3,3,0,4,1,2,2,1,2,0,4,3,1,3,2,4,4,1,3,0,4,3,4,3,0,0,2,1,0,3,2,0,4,2,2,4,0,0,0,3,3,1,1,4,1,4,1,4,1,1,4,3,1,1,2,3,0,1,2,3,4,1,0,3,2,3,0,3,4,4,2,2,4,4,1,1,3,0,4,0,3,3,4,3,0,0,0,2,2,2,2,1,1,3,1,3,1,1,4,4,0,3,4,3,1,3,1,1,1,1,2,3,1,0,4,1,4,4,4,4,0,0,1,2,0,1,1,3,1,1,3,3,4,4,4,0,4,1,4,0,0,4,0,4,2,1,2,3,3,2,2,2,0,3,4,2,3,2,0,2,0,4,2,3,3,0,4,4,0,0,3,3,3,2,2,4,1,3,0,1,2,0,3,4,3,4,3,3,0,0,2,0,4,1,2,0,0,2,4,4,0,4,3,0,3,1,2,2,0,0,2,2,2,2,0,2,1,0,1,2,4,4,2,0"
50,1.2693433921379333,"0,0,4,4,0,3,1,2,1,2,1,4,3,3,3,1,2,0,2,3,0,2,1,3,2,2,0,1,2,1,3,4,1,4,1,1,1,4,2,2,4,4,3,1,1,1,4,3,0,3,2,1,0,1,3,3,0,4,1,2,2,1,2,0,4,3,1,3,2,4,4,1,3,0,4,3,4,3,0,0,2,1,0,3,2,0,4,2,2,4,0,0,2,3,3,1,1,4,1,4,3,2,1,1,4,3,1,1,2,4,0,2,2,3,4,1,0,3,2,3,0,3,4,4,2,2,4,4,1,1,3,0,4,0,3,1,4,3,0,0,0,2,2,2,2,1,1,3,1,3,1,1,4,4,0,3,4,3,1,3,1,1,0,1,2,3,1,0,4,1,4,4,4,4,0,0,1,2,0,1,1,3,1,1,3,3,4,4,4,0,4,3,4,0,0,4,0,4,2,1,2,3,3,2,2,2,0,3,4,2,3,2,0,2,0,4,2,3,3,0,4,4,0,0,3,3,3,2,2,4,1,3,0,1,2,0,3,4,3,4,3,3,0,0,2,0,0,1,2,0,0,2,3,4,0,4,3,0,3,1,2,2,0,0,2,0,2,2,0,2,1,0,1,2,4,4,2,0"
51,1.1891940275824084,"0,0,4,4,0,3,1,2,1,2,1,4,3,3,3,1,2,0,2,3,0,2,1,3,2,2,0,1,2,1,3,4,1,4,1,1,1,4,2,2,4,4,3,1,1,1,4,3,0,3,2,1,0,1,3,3,0,4,1,2,2,1,2,0,4,3,1,3,2,4,4,1,3,0,4,3,4,3,0,0,2,1,0,3,2,0,4,2,2,4,0,0,2,3,3,1,1,4,1,4,3,2,1,1,4,3,1,1,2,4,0,2,2,3,4,1,0,3,2,3,0,3,4,4,2,2,4,4,1,1,3,0,4,0,3,1,4,3,0,0,0,2,2,2,2,1,1,3,1,3,1,1,4,4,0,3,4,3,1,3,1,1,0,1,2,3,1,0,4,1,1,4,4,4,0,0,1,2,0,1,1,3,1,1,3,3,4,4,4,0,4,3,4,1,0,4,0,4,2,1,2,3,3,2,2,2,0,3,4,2,3,2,0,2,0,4,2,3,3,0,4,4,0,0,3,3,3,2,2,4,1,3,0,1,2,0,3,4,3,4,3,3,0,0,2,0,0,1,2,0,0,2,3,4,0,4,3,0,3,1,2,2,0,0,2,0,2,2,0,2,1,0,1,2,4,4,2,0"
52,1.3492198120669048,"0,0,4,4,0,3,1,2,1,2,1,4,3,3,3,1,2,0,2,3,0,2,1,3,2,2,0,1,2,1,3,4,1,4,1,1,1,4,2,2,4,4,3,1,1,1,4,3,0,3,2,1,0,1,3,3,0,4,1,2,2,1,2,0,4,3,1,3,2,4,4,1,3,0,4,3,4,3,0,0,2,1,0,3,2,0,4,2,2,4,0,0,2,3,3,1,1,4,1,4,3,2,1,1,4,3,1,1,2,4,4,2,2,3,4,1,0,3,2,3,0,3,4,4,2,2,4,4,1,1,3,0,4,0,3,1,4,3,0,0,0,2,2,2,2,1,1,3,1,3,1,1,4,4,0,3,4,3,1,3,1,1,0,1,2,3,1,0,4,1,4,4,4,4,0,0,1,2,0,1,1,3,1,1,3,3,4,4,4,0,4,3,4,0,0,4,0,4,2,1,2,3,3,2,2,2,0,3,4,2,3,2,0,2,0,4,2,3,3,0,4,4,0,0,3,3,3,2,0,4,1,3,0,1,2,0,3,4,3,4,3,3,0,0,2,0,0,1,2,0,0,2,3,4,0,4,3,0,3,1,2,2,0,0,2,2,2,2,0,2,1,0,1,2,4,4,2,0"
53,1.3497172249031366,"0,0,4,4,0,3,1,2,1,2,1,4,3,3,3,1,2,0,2,3,0,2,1,3,2,2,0,1,2,1,3,4,1,4,1,1,1,4,2,2,4,4,3,1,1,1,4,3,0,3,2,1,0,1,3,3,0,4,1,2,2,1,2,0,4,3,1,3,2,4,4,1,3,0,4,3,4,3,1,0,2,1,0,3,2,0,4,2,2,4,0,0,2,3,3,1,1,4,1,4,3,2,1,1,4,3,1,4,2,4,4,2,2,3,4,1,0,3,2,3,0,3,4,4,2,2,4,4,1,1,3,4,0,0,3,1,4,3,0,0,0,2,2,2,2,1,1,3,1,3,1,1,4,4,0,1,4,3,1,3,1,1,0,1,2,3,1,0,0,1,4,4,4,4,0,0,4,2,0,1,1,3,1,1,3,3,4,4,4,0,4,3,4,0,0,4,0,4,2,1,2,3,3,2,2,2,0,3,4,2,3,2,0,2,0,4,2,3,3,0,4,4,0,0,3,3,3,2,2,4,1,3,0,1,2,0,3,4,3,4,3,3,0,0,2,0,0,1,2,0,0,2,3,4,0,4,3,0,3,1,2,2,0,0,2,0,2,2,0,2,1,0,1,2,4,4,2,0"
54,1.2294765705683792,"0,0,4,4,0,3,1,2,1,2,1,4,3,3,3,1,2,0,2,3,0,2,1,3,2,2,0,1,2,1,3,4,1,4,1,1,1,4,2,2,4,4,3,1,1,1,4,3,0,3,2,1,0,1,3,3,3,4,1,2,2,1,2,0,4,3,1,3,2,4,4,1,3,0,4,3,4,3,1,0,2,1,0,3,2,0,4,2,2,4,0,0,2,3,3,1,1,4,1,4,3,2,1,1,4,3,1,4,2,4,4,3,2,3,4,1,0,3,2,3,0,3,4,4,2,2,4,4,4,1,3,4,0,0,3,1,4,3,0,0,0,2,2,2,2,1,1,3,1,3,1,1,4,4,0,1,4,3,1,3,1,1,0,1,2,3,1,0,0,1,4,4,4,4,0,0,4,2,0,1,1,3,1,1,3,3,4,4,4,0,4,3,4,0,0,4,0,4,2,1,2,3,3,2,2,2,0,3,4,2,3,2,0,2,0,4,2,3,3,0,4,4,0,0,3,3,3,2,2,4,1,3,0,1,2,0,3,4,3,4,3,3,0,0,2,0,0,1,2,0,0,2,3,4,0,4,3,0,3,1,2,2,0,0,2,0,2,2,0,2,1,0,1,2,4,4,2,0"
55,1.18954434848918,"0,0,4,4,0,3,1,2,1,2,1,4,3,3,3,1,2,0,2,3,0,2,1,3,2,2,0,1,2,1,3,4,1,4,1,1,1,4,2,2,4,4,3,1,1,1,4,3,0,3,2,1,0,1,3,3,3,4,1,2,2,1,2,0,4,3,1,3,2,4,4,1,3,0,4,3,4,3,1,0,2,1,0,3,2,0,4,2,2,4,0,0,2,3,3,1,1,4,1,2,3,2,1,1,4,3,1,4,2,4,4,3,2,3,4,1,0,3,2,3,0,3,4,4,2,2,4,4,4,1,3,4,0,0,3,1,4,3,0,0,0,2,2,2,2,1,1,3,1,3,1,1,4,4,0,1,4,3,1,3,1,1,0,1,2,3,1,0,0,1,4,4,4,4,0,0,4,2,0,1,1,3,1,1,3,3,4,4,4,0,4,3,4,0,0,4,0,4,2,1,2,3,3,3,2,2,0,3,4,2,3,2,0,2,0,4,2,3,3,0,4,4,0,0,3,3,3,2,2,4,1,3,0,1,2,0,3,4,3,4,3,3,0,0,2,0,0,1,2,0,0,2,3,4,0,4,3,0,3,1,2,2,0,0,2,0,2,2,0,2,1,0,1,2,4,4,2,0"
56,1.2300029480668775,"0,0,4,4,0,3,1,2,1,2,1,4,3,3,3,1,2,0,2,3,0,2,1,3,2,2,0,1,2,1,3,4,1,4,1,1,1,4,1,2,4,4,3,1,1,1,4,3,0,3,2,1,0,1,3,3,3,4,1,2,2,1,2,0,4,3,1,3,2,4,4,1,3,0,4,3,4,3,1,0,2,1,0,3,2,0,4,2,2,4,0,0,2,3,3,1,1,4,1,2,3,2,1,1,4,3,1,4,2,4,4,3,2,3,4,1,0,3,2,3,0,3,4,4,2,2,4,4,4,1,3,4,0,0,3,1,4,3,0,0,0,2,2,2,2,1,1,3,1,3,1,1,4,4,0,1,4,3,1,3,1,1,0,1,2,3,1,0,0,1,4,4,4,4,0,0,4,2,0,1,1,3,1,1,3,3,4,4,4,0,4,3,4,0,0,4,0,4,2,3,2,3,3,2,2,2,0,3,2,2,3,2,0,2,0,4,2,3,3,0,4,4,0,0,3,3,3,2,2,4,1,3,0,1,2,0,3,4,3,4,3,3,0,0,2,0,0,1,2,0,0,2,1,4,0,4,3,0,3,1,2,3,0,0,2,0,2,2,0,2,1,0,1,2,4,4,2,0"
57,1.1898127273977097,"0,0,4,4,0,3,1,2,1,2,1,4,3,3,3,1,2,0,2,3,0,2,1,3,2,2,0,1,2,1,3,4,1,4,1,1,1,4,1,2,4,4,3,1,1,1,4,3,0,3,2,1,0,1,3,3,3,4,1,2,2,1,2,0,4,3,1,3,2,4,4,0,3,0,4,3,4,3,1,0,2,1,0,3,2,0,4,2,2,4,0,0,2,3,3,1,1,4,1,2,3,2,1,1,4,3,1,4,2,4,4,3,2,3,4,1,0,3,2,3,0,3,4,4,2,2,4,4,4,1,3,4,0,0,3,1,4,3,0,0,0,3,2,2,2,1,1,3,1,3,1,1,4,4,0,1,4,3,1,3,1,1,0,1,2,3,1,0,0,1,4,4,4,4,0,2,4,2,0,1,1,3,1,1,3,3,4,4,4,0,4,3,4,0,0,4,0,4,2,1,2,3,3,2,2,2,0,3,2,2,3,2,0,2,0,4,2,3,3,0,4,4,0,0,3,3,3,2,2,4,1,3,0,1,2,0,3,4,3,4,3,3,0,0,2,0,0,1,2,0,2,2,1,4,0,4,3,0,3,1,2,2,0,0,2,0,2,2,0,2,1,0,1,2,4,4,3,0"
58,1.309947048574566,"0,0,4,4,0,4,1,2,1,2,1,4,3,3,3,1,2,0,2,3,0,2,1,3,2,2,0,1,2,1,3,4,1,4,1,1,1,4,2,2,4,4,3,1,1,1,4,3,0,3,2,1,0,1,3,3,3,4,1,2,2,1,2,0,4,3,1,3,2,4,4,1,3,0,4,3,4,3,1,0,2,1,0,3,2,0,4,2,2,4,0,0,2,3,3,1,1,4,1,4,3,2,1,1,4,3,1,4,2,4,4,2,2,3,4,1,0,3,2,3,0,3,4,4,2,2,4,4,1,1,3,4,0,0,3,1,4,3,0,0,0,2,2,2,2,1,1,3,1,3,1,1,4,0,0,1,4,3,1,3,1,1,0,1,0,3,1,0,0,1,4,4,4,4,0,0,4,2,0,1,1,3,1,1,3,3,4,4,4,0,4,3,4,0,0,4,0,4,2,1,2,3,3,2,2,2,0,3,2,2,3,2,0,2,0,4,2,3,3,0,4,4,0,0,3,3,3,2,2,4,1,3,0,1,2,0,3,4,3,4,3,3,0,0,2,0,0,1,2,0,0,2,3,4,0,4,3,0,3,1,2,2,0,0,2,0,2,2,0,2,1,0,1,2,4,4,2,0"
59,1.3503790374204205,"0,0,4,4,0,4,1,2,1,2,1,4,3,3,3,1,2,0,2,3,0,2,1,3,2,2,0,1,2,1,3,4,1,4,1,1,1,4,2,2,4,4,3,1,1,1,4,3,0,3,2,1,0,1,3,3,3,4,1,2,2,1,2,0,4,3,1,3,2,4,4,1,3,0,4,3,4,3,1,0,2,1,0,3,2,0,4,2,2,4,0,0,2,3,3,1,1,4,1,4,3,2,1,1,4,3,1,4,2,4,4,2,2,3,4,1,0,3,2,3,0,2,4,4,2,2,4,4,1,1,3,4,0,0,3,1,4,3,0,0,0,0,2,2,2,1,1,3,1,3,1,1,4,4,0,1,4,3,1,3,1,1,0,1,2,3,4,0,0,1,4,4,4,4,0,0,4,2,0,1,1,3,1,1,3,3,4,4,4,0,4,3,4,0,0,4,0,1,2,1,2,3,3,3,2,2,0,3,2,2,3,2,0,2,0,4,2,3,3,0,4,4,0,0,3,3,3,2,2,4,1,3,0,1,2,0,3,4,3,4,3,3,0,0,2,0,0,1,2,0,0,2,3,4,0,4,3,0,3,1,2,2,0,0,2,0,2,2,0,2,1,0,1,2,4,4,2,0"
60,1.350757742886673,"0,0,4,4,0,4,1,2,1,2,1,4,3,3,3,1,2,0,2,3,0,2,1,3,2,2,0,1,2,1,3,4,1,4,1,1,1,4,2,2,4,4,3,1,1,1,4,3,0,3,2,1,0,1,3,3,3,4,1,2,2,1,2,0,4,3,1,3,2,4,4,1,3,0,4,3,4,3,1,0,2,1,0,3,2,0,4,2,2,4,0,0,2,3,3,1,1,4,1,4,3,2,1,1,4,3,1,4,2,4,4,2,2,3,4,1,0,3,2,3,0,2,4,4,2,2,4,4,1,1,3,4,0,0,3,1,4,3,0,0,0,0,2,2,2,1,1,3,1,3,1,1,4,4,0,1,4,3,1,3,1,1,0,1,2,3,4,0,0,1,4,4,4,4,0,0,4,2,0,1,1,3,1,1,3,3,4,4,4,0,4,3,4,0,0,4,0,1,2,1,2,3,3,3,2,2,0,3,2,2,3,2,0,2,0,4,2,3,3,0,4,4,0,0,3,3,3,2,2,4,1,3,0,1,2,0,3,4,3,4,3,3,0,0,2,0,0,1,2,0,0,2,3,4,0,3,3,2,3,1,2,2,0,0,2,0,2,2,0,2,1,0,1,0,4,4,2,0"
61,1.3510790958939143,"0,0,4,4,0,4,1,2,1,2,1,4,3,3,3,1,2,0,2,3,0,2,1,3,2,2,0,1,2,1,3,4,1,4,1,1,1,4,2,2,4,4,3,1,1,1,4,3,0,3,2,1,0,1,3,3,3,4,1,2,2,1,2,0,4,3,1,3,2,4,4,1,3,0,4,3,4,3,1,0,2,1,0,3,2,0,4,2,2,4,0,0,2,3,3,1,1,0,1,4,3,2,1,1,4,3,1,4,1,4,4,2,2,3,4,1,0,3,2,3,0,2,0,4,2,2,4,4,1,1,3,4,0,0,3,1,4,3,0,0,0,0,2,2,2,1,1,3,1,3,1,1,4,4,0,1,4,1,1,3,1,1,0,4,2,3,4,0,0,1,4,4,4,4,0,0,4,2,0,1,1,3,1,1,3,3,4,4,4,0,4,3,4,0,0,4,3,1,2,1,2,3,3,3,2,2,0,3,2,2,3,2,0,2,0,4,2,3,3,0,4,4,0,0,3,3,3,2,2,4,1,3,0,1,2,0,3,4,3,4,3,3,0,0,2,0,0,4,2,0,2,2,3,4,0,3,3,2,3,1,2,2,0,0,2,0,2,2,0,2,1,0,1,0,4,4,2,0"
62,1.3506798705626324,"0,0,4,4,0,4,1,2,4,2,1,4,3,3,3,1,2,0,2,3,0,2,1,3,2,2,0,1,2,1,3,4,1,4,1,1,1,4,2,2,4,4,3,1,1,1,4,3,0,3,2,1,0,1,3,3,3,4,1,2,2,1,2,0,4,3,1,3,2,4,4,1,3,0,4,3,4,3,1,0,2,1,0,3,2,0,4,2,2,4,0,0,2,3,3,1,1,0,1,4,3,2,1,1,4,3,1,4,1,4,4,2,2,3,4,1,0,3,2,3,0,2,0,4,2,1,4,4,1,1,3,4,0,0,3,1,4,3,0,0,0,0,2,2,2,1,1,3,1,3,1,1,4,4,0,1,4,1,1,3,1,1,0,4,2,3,4,0,0,0,4,4,4,4,0,0,4,2,0,1,1,3,1,1,3,3,4,4,4,0,4,3,4,0,0,4,3,1,2,1,2,3,3,3,2,2,0,3,2,2,3,2,0,2,0,4,1,3,3,0,4,4,0,0,3,3,3,2,2,4,1,3,0,1,2,0,3,4,3,4,3,3,0,0,2,0,0,4,2,0,2,2,3,4,0,3,3,2,3,1,2,2,0,0,2,0,2,2,0,2,1,0,1,2,4,4,2,0"
63,1.3513464416408958,"0,0,4,4,0,4,1,2,4,2,1,4,3,3,3,1,2,0,2,3,0,2,1,3,2,2,0,1,2,1,3,4,1,4,1,1,1,4,2,2,4,4,3,1,1,1,4,3,0,3,2,1,0,1,3,3,3,4,1,2,2,1,2,0,4,3,1,3,2,4,4,1,3,0,4,3,4,3,1,0,2,1,0,3,2,0,4,2,2,4,0,0,2,3,3,1,1,0,1,4,3,2,1,1,4,3,1,4,1,4,4,2,2,3,4,1,0,3,2,3,0,2,0,4,2,1,4,4,1,1,3,4,0,0,3,1,4,3,0,0,0,0,2,2,2,2,1,3,1,3,1,1,4,4,0,1,4,1,1,3,1,1,0,4,2,3,4,0,0,1,4,4,4,4,0,0,4,2,0,1,1,3,1,1,3,3,4,4,4,0,4,3,4,0,0,4,3,1,2,1,2,3,3,3,2,2,0,3,2,2,3,2,0,2,0,4,1,3,3,0,4,4,0,0,3,3,3,2,2,4,1,3,0,1,2,0,3,4,3,4,3,3,0,0,2,0,0,4,2,0,2,2,3,4,0,3,3,2,3,1,2,2,0,0,2,0,2,2,0,2,1,0,1,2,4,4,2,0"
64,1.3517575973687164,"0,0,4,4,0,4,1,2,4,2,1,4,3,3,4,1,2,0,2,3,0,2,1,0,2,2,0,1,2,1,3,4,1,4,1,1,1,4,2,2,4,4,3,1,1,1,4,3,0,3,2,1,0,1,3,3,3,4,1,2,2,1,2,0,4,3,1,3,2,4,4,1,3,0,4,3,4,3,1,0,2,1,0,3,2,0,4,2,2,4,0,0,2,3,3,1,1,0,1,4,3,2,1,1,4,3,1,4,1,4,4,2,2,3,4,1,0,3,2,3,0,2,0,4,2,1,4,4,1,1,3,4,0,0,3,1,4,3,0,0,0,0,2,2,2,2,1,3,1,3,1,1,4,4,0,1,4,1,1,3,1,1,0,4,2,3,4,0,0,1,4,4,4,4,0,0,4,2,0,1,1,3,1,1,3,3,4,4,4,0,4,3,4,0,0,4,3,1,2,1,2,3,3,3,2,2,0,3,2,2,3,2,0,2,0,4,1,3,3,0,4,4,0,0,3,3,3,2,2,4,1,3,0,1,2,0,3,4,3,4,3,3,0,0,2,0,0,3,2,0,2,2,3,4,0,3,3,2,3,1,2,2,0,0,2,0,2,2,0,2,1,0,1,2,4,4,2,0"
65,1.351871091351967,"0,0,4,4,0,4,1,2,4,2,1,4,3,3,4,1,2,0,2,3,0,2,1,0,2,2,0,1,2,1,3,4,1,4,1,1,1,4,2,2,4,4,3,1,1,1,4,3,0,3,2,1,0,1,3,3,3,4,1,2,2,1,2,0,4,3,1,3,2,4,4,1,3,0,4,3,4,3,1,0,2,1,0,3,2,0,4,2,2,4,0,0,2,3,3,1,1,0,1,4,3,2,1,1,4,3,1,3,1,4,4,2,2,3,4,1,0,3,2,3,0,2,0,4,2,1,4,4,1,1,3,4,0,0,3,1,4,3,0,0,0,0,2,2,2,2,1,3,1,3,1,1,4,4,0,1,4,1,1,3,1,1,0,4,2,3,4,0,0,1,4,4,4,4,0,0,4,2,0,1,1,3,1,1,3,3,4,4,4,0,4,3,4,0,0,4,3,1,2,1,2,3,3,3,2,2,0,3,2,2,3,2,0,2,0,4,1,3,3,0,4,4,0,0,3,3,3,2,2,4,1,3,0,1,2,0,3,4,3,4,3,3,0,0,2,0,0,3,2,0,2,2,3,4,0,3,3,2,3,1,2,2,0,0,2,0,2,2,0,2,1,0,1,2,4,4,2,0"
66,1.3521133500600522,"0,0,4,4,0,4,1,2,4,2,1,4,3,3,4,1,2,0,2,3,0,2,1,0,2,2,0,1,2,1,3,4,1,4,1,1,1,4,2,2,4,4,3,1,1,1,4,3,0,3,2,1,0,1,3,3,3,4,1,2,2,1,2,0,4,3,1,3,2,4,4,1,3,0,4,3,4,3,1,0,2,1,0,3,2,0,4,2,2,4,0,0,2,3,3,1,1,0,1,4,3,2,1,1,4,3,1,3,1,4,4,2,2,3,4,1,0,3,2,3,0,2,0,4,2,1,4,4,1,1,3,4,0,0,3,1,4,3,0,0,0,0,2,2,2,2,1,3,1,3,1,1,4,4,0,1,4,1,1,3,1,1,0,4,2,4,4,0,0,1,4,4,4,4,0,0,4,2,0,1,1,3,1,1,3,3,4,4,4,0,4,3,4,0,0,4,3,1,2,1,2,3,3,3,2,2,0,3,3,2,3,2,0,2,0,4,1,3,3,0,4,4,0,0,3,3,3,2,2,4,1,3,0,1,2,0,3,4,3,4,3,3,0,0,2,0,0,3,2,0,2,2,3,4,0,3,3,2,3,1,2,2,0,0,2,0,2,2,0,2,1,0,1,2,4,4,2,0"
67,1.3523341200781138,"0,0,4,4,0,4,1,2,4,2,1,4,3,3,3,1,2,0,2,3,0,2,1,0,2,2,0,1,2,1,3,4,1,4,1,1,1,4,2,2,4,4,3,1,1,1,4,3,0,3,2,1,0,1,3,3,3,4,1,2,2,1,2,0,4,3,1,3,2,4,4,1,3,0,4,3,4,3,1,0,2,1,0,3,2,0,4,2,2,4,0,0,2,3,3,1,1,0,1,4,3,2,1,1,4,3,1,3,1,4,4,2,2,3,4,1,0,3,2,3,0,2,0,4,2,1,4,4,1,1,3,4,0,0,3,1,4,3,0,0,0,0,2,2,2,2,1,2,1,3,1,1,4,4,0,1,4,1,1,3,1,1,0,4,2,4,4,0,0,1,4,4,4,4,0,0,4,2,0,1,1,3,1,1,3,3,4,4,4,0,4,3,4,0,0,4,3,1,2,1,2,3,3,3,2,2,0,3,3,2,3,2,0,2,0,4,1,3,3,0,4,4,0,0,3,3,3,2,2,4,1,3,0,1,2,0,3,4,3,4,3,3,0,0,2,0,0,3,2,0,2,2,3,4,0,3,3,2,3,1,2,2,0,0,2,0,2,2,0,2,1,0,1,2,4,4,2,0"
68,1.3126005224478936,"0,0,4,4,0,4,1,2,4,2,1,4,3,3,3,1,2,0,2,3,0,2,1,0,2,2,0,1,2,1,3,4,1,4,1,1,1,4,2,2,4,4,3,1,1,1,4,3,0,3,2,1,0,1,3,1,3,4,1,2,2,0,2,0,4,3,1,3,2,4,4,1,3,0,4,3,4,3,1,0,2,1,0,3,2,0,4,2,2,4,0,0,2,3,3,1,1,0,1,4,3,2,1,1,4,3,1,3,1,4,4,2,2,3,4,1,0,3,2,3,0,2,2,4,2,1,4,4,1,1,3,4,0,0,3,1,4,3,0,0,0,0,2,2,2,2,1,2,1,3,1,1,4,4,0,1,4,1,1,3,1,1,0,0,2,4,4,0,0,1,4,4,4,4,0,0,4,2,0,1,1,3,1,1,3,3,4,4,4,0,4,3,4,0,0,4,3,1,2,1,2,3,3,3,2,2,0,3,3,2,3,2,0,4,0,4,1,3,3,0,4,4,0,0,3,3,3,2,2,4,1,3,0,1,2,0,3,4,3,4,3,3,0,0,2,0,0,3,2,0,2,2,3,4,0,3,3,2,3,1,2,2,0,0,2,0,2,2,0,2,1,0,1,2,4,4,2,0"
69,1.352549206071189,"0,0,4,4,3,4,1,2,4,2,1,4,3,3,3,1,2,0,2,3,0,2,1,0,2,2,0,1,2,1,3,4,1,4,1,1,1,4,2,2,4,4,3,1,1,1,4,3,0,3,2,1,0,1,3,1,3,4,1,2,2,0,2,0,4,3,1,3,2,4,4,1,3,0,4,3,4,3,1,0,2,1,0,3,2,0,4,2,2,4,0,0,2,3,3,1,1,0,1,4,3,2,1,1,4,3,1,3,1,4,4,2,2,3,4,1,0,3,2,3,0,2,2,4,2,1,4,4,1,1,3,4,0,0,3,1,4,3,0,0,0,0,2,2,2,2,1,2,1,3,1,1,4,4,0,1,4,1,1,3,1,1,0,0,2,4,4,0,0,1,4,4,4,4,0,0,4,2,0,1,1,3,1,1,3,3,4,4,4,0,4,3,4,0,0,4,3,1,2,1,2,3,3,3,2,2,0,3,3,2,3,2,0,4,0,4,1,3,3,0,4,4,0,0,3,3,3,2,2,4,1,3,0,1,2,0,3,4,3,4,3,3,0,0,2,0,0,3,2,0,2,2,3,4,0,3,3,2,3,1,2,2,0,0,2,0,2,2,0,2,1,0,1,2,4,4,2,0"
70,1.27288200615871,"0,0,4,4,3,4,1,2,4,2,1,4,3,3,3,1,2,0,2,3,0,2,1,0,2,2,0,1,2,1,3,4,1,4,1,1,1,4,2,2,4,4,3,1,1,1,4,3,0,3,2,1,0,1,3,1,3,4,1,2,2,0,2,0,4,3,1,3,2,4,4,1,3,0,4,3,4,3,1,0,2,1,0,3,2,0,4,2,2,4,0,0,2,3,3,1,1,0,1,4,3,2,1,1,4,3,1,3,1,4,4,2,2,3,4,1,0,3,2,3,0,2,2,4,2,1,4,4,1,1,3,4,0,0,3,1,4,3,0,0,0,0,2,2,2,2,1,2,1,3,1,1,4,4,0,1,4,1,1,3,1,1,0,0,2,4,4,0,0,1,4,4,4,4,0,0,4,2,0,1,1,3,1,1,3,3,4,4,4,3,4,3,4,0,0,4,3,1,2,1,2,3,3,3,2,2,0,3,3,2,3,2,0,4,0,4,1,3,3,0,4,4,0,0,3,3,3,2,2,4,1,3,0,1,2,0,3,4,3,4,3,3,0,0,2,0,0,3,2,0,2,2,3,4,0,3,3,2,3,1,2,2,0,0,2,0,2,2,0,2,1,0,0,2,4,4,2,0"
71,1.1918918292891587,"0,0,4,4,3,4,1,2,4,2,1,4,3,3,3,1,2,0,2,3,0,2,1,0,2,2,0,1,2,1,3,4,1,4,1,1,1,4,2,2,4,4,3,1,1,1,4,3,0,3,2,1,4,1,3,1,3,4,1,2,0,0,2,0,2,3,1,3,2,2,4,1,3,0,4,3,4,3,1,0,2,1,0,3,2,0,4,2,4,4,0,0,2,1,3,1,1,0,1,4,3,2,4,1,4,3,1,3,1,4,4,2,2,3,4,1,0,3,2,3,0,2,2,4,2,1,4,4,1,0,3,4,0,0,3,1,4,3,0,0,0,0,2,2,2,2,2,2,1,3,1,1,4,4,0,1,4,1,1,3,1,1,0,0,2,4,4,0,0,1,4,4,4,4,0,0,4,2,0,1,1,3,1,1,3,3,4,4,4,3,4,3,4,0,0,4,3,1,2,1,2,3,3,3,2,2,0,3,3,2,3,2,0,4,0,4,1,3,3,0,4,4,0,0,3,3,3,2,2,4,1,3,0,1,2,0,3,4,3,4,3,3,0,0,2,0,0,3,2,0,2,2,3,4,0,3,3,2,3,1,2,2,0,0,2,0,2,2,0,1,1,0,0,2,4,4,2,0"
72,1.032040721612283,"0,0,4,4,3,4,1,2,4,2,1,4,3,3,3,1,2,0,2,3,0,2,1,0,2,2,0,1,2,1,3,4,1,4,1,1,1,4,2,2,4,4,1,1,1,1,4,3,0,3,2,1,0,1,3,1,3,4,1,2,2,0,2,0,4,3,1,3,2,4,4,1,3,0,4,3,4,3,1,0,2,1,0,3,2,0,4,2,2,4,0,0,2,1,3,1,1,0,1,4,3,2,1,1,4,4,1,3,1,4,4,2,2,3,4,1,0,3,2,3,2,2,2,4,2,1,4,4,1,0,3,4,0,0,3,1,4,3,0,0,0,0,2,2,2,2,1,2,1,3,1,1,4,4,0,1,4,1,1,3,1,1,0,0,2,4,4,0,0,0,4,4,4,4,0,0,4,2,0,1,1,3,1,1,3,3,4,4,4,3,4,3,4,0,0,4,3,1,2,1,2,3,2,3,2,2,0,3,3,2,3,2,0,4,0,4,1,3,3,0,4,4,0,0,3,2,4,2,2,4,1,3,0,1,2,0,3,4,3,4,3,3,0,0,2,0,0,3,2,0,3,2,3,3,0,3,3,2,3,1,2,2,0,0,2,0,2,2,0,2,1,0,0,2,4,4,2,0"
73,1.3110226368166629,"0,0,4,4,3,4,1,2,4,2,1,4,3,3,3,1,2,0,2,3,0,2,1,0,2,2,0,1,2,1,3,4,1,4,1,1,1,4,2,2,4,4,3,1,1,1,4,3,0,3,2,1,0,1,3,1,3,4,1,2,2,0,2,0,4,3,1,3,2,4,4,1,3,0,4,3,4,3,1,0,2,1,0,3,2,0,4,2,2,4,0,0,2,1,3,1,1,0,1,4,3,2,1,1,4,3,1,3,1,4,4,2,2,3,4,1,0,3,2,3,0,2,2,4,2,1,4,4,1,1,3,4,0,0,3,1,4,3,0,0,0,0,2,2,2,2,1,2,1,3,1,1,4,4,0,1,4,1,1,3,1,1,0,0,2,4,4,0,0,1,4,4,4,4,0,0,4,2,0,1,1,3,1,1,3,3,4,4,4,3,4,3,4,0,0,4,3,1,1,1,2,3,3,3,2,2,0,3,3,2,3,2,0,4,0,4,1,3,3,0,4,4,0,0,3,3,3,2,2,4,1,3,0,1,2,0,3,4,3,4,3,3,0,0,2,0,0,3,2,0,2,1,3,4,0,3,3,2,3,1,2,4,0,0,2,0,2,2,0,2,1,2,0,2,2,4,2,0"
74,1.1504673254908182,"0,0,4,4,3,4,1,2,4,2,1,4,3,3,3,1,2,0,2,3,0,2,1,0,2,2,0,1,2,1,3,4,1,4,1,1,1,4,4,2,4,4,3,1,1,1,4,3,0,3,2,1,0,1,3,1,3,4,1,2,2,0,2,0,4,3,1,3,2,4,4,1,3,0,4,3,4,3,1,0,2,1,0,3,2,0,4,2,2,4,0,0,2,1,3,1,1,0,1,4,3,2,1,1,4,3,1,3,1,4,4,2,2,3,4,1,0,3,2,3,0,2,2,4,2,1,4,4,1,1,3,4,0,0,3,1,4,3,0,0,0,0,2,2,2,2,1,2,1,3,1,1,4,4,0,1,4,1,1,3,1,1,0,0,2,4,4,0,3,1,4,4,4,4,0,0,4,2,0,1,1,3,4,1,3,3,4,4,4,3,4,3,4,0,0,4,3,1,1,1,2,3,3,3,2,2,0,3,3,2,3,2,0,4,0,4,1,3,3,0,4,4,0,0,3,3,3,2,2,4,1,3,0,1,2,0,3,4,3,4,3,3,0,0,2,0,0,3,2,0,2,1,3,4,0,3,3,2,3,1,2,4,0,0,2,0,2,2,0,2,1,2,0,2,2,4,2,2"
75,1.1099082412899053,"0,0,4,4,3,4,1,2,4,2,1,4,3,3,3,1,2,0,2,3,0,2,0,0,2,2,0,1,2,1,3,4,2,4,1,1,1,4,2,2,4,4,3,1,1,1,4,3,0,3,2,1,0,1,3,1,3,4,1,2,0,0,2,2,0,3,1,3,2,4,4,1,3,3,4,0,4,3,1,4,0,1,0,3,2,0,4,2,2,4,2,2,2,1,3,1,1,0,1,4,3,2,1,1,4,3,1,3,1,4,4,2,4,3,4,1,0,3,2,3,0,2,2,4,2,1,4,4,1,1,3,4,0,0,3,1,4,3,0,0,0,0,2,2,2,2,1,2,1,3,1,1,4,4,0,1,4,1,1,3,1,1,0,0,2,4,4,0,0,1,4,4,4,4,0,0,4,2,0,1,1,2,1,1,3,3,4,4,4,3,4,3,4,2,0,4,3,1,2,1,2,4,3,3,2,2,0,3,3,2,3,2,0,4,0,4,1,3,3,0,4,4,0,0,3,3,3,2,2,4,1,3,0,1,2,0,3,4,3,4,3,3,0,0,2,0,0,3,2,0,2,1,3,4,0,3,3,2,3,1,2,4,0,0,2,0,2,2,0,2,1,0,0,2,2,4,2,0"
76,1.2720794308820573,"0,0,4,4,3,4,1,2,4,2,1,4,3,3,3,1,0,1,2,3,0,2,1,0,2,2,0,1,2,1,3,4,1,4,1,1,1,4,4,2,4,4,3,0,1,1,4,3,0,3,2,1,0,1,3,1,3,4,1,2,2,0,2,0,4,3,1,3,2,4,4,1,3,0,4,3,4,3,1,0,2,1,0,3,2,0,4,2,2,4,0,0,2,1,3,1,1,0,1,4,3,2,1,1,4,3,1,3,1,4,4,2,2,3,4,1,0,3,2,3,0,2,2,4,2,1,4,4,1,1,1,4,0,0,3,1,4,3,0,0,0,0,2,2,2,2,1,2,1,3,1,1,4,4,0,1,4,1,1,3,1,1,0,0,2,0,4,2,0,1,4,4,4,4,0,0,4,2,0,1,1,3,1,1,3,3,4,4,4,3,4,3,4,0,0,4,3,1,2,1,2,3,3,3,2,2,0,3,3,2,3,2,0,4,0,4,1,3,3,0,4,4,0,0,3,3,3,2,2,4,1,3,0,1,2,0,3,4,3,4,3,3,0,0,2,0,0,3,2,0,2,2,3,4,0,3,3,2,3,1,2,2,0,0,2,0,2,3,0,2,1,0,0,2,4,4,2,0"
77,1.353143144538089,"0,0,4,4,3,4,1,2,4,2,1,4,3,3,3,1,2,0,2,3,0,2,1,0,2,2,0,1,2,1,3,4,1,4,1,1,1,4,2,2,4,4,3,1,1,1,4,3,0,3,2,1,0,1,3,1,3,4,1,2,2,0,2,0,4,3,1,3,2,4,4,1,3,0,4,3,4,1,1,0,2,1,0,3,2,0,4,2,2,4,0,0,2,1,3,1,1,0,1,4,3,2,1,2,4,3,1,3,1,4,4,2,2,3,4,1,0,3,2,3,0,2,2,4,2,1,4,4,1,1,1,4,0,0,3,1,4,3,0,0,0,0,2,2,2,2,1,2,1,3,1,1,4,4,0,1,4,1,1,3,1,1,0,0,2,4,4,0,0,1,4,4,4,4,0,0,4,2,0,1,1,3,1,1,3,3,4,4,4,3,4,3,4,0,0,4,3,1,2,1,2,3,3,3,2,2,0,3,3,2,3,2,0,4,0,4,1,3,3,0,4,4,0,0,3,3,3,2,2,4,1,3,0,1,2,0,3,4,3,4,3,3,0,0,2,0,0,3,2,0,2,2,3,4,0,3,3,2,3,1,2,2,0,0,2,0,2,3,0,2,1,0,0,2,4,4,2,0"
78,1.3534032502347688,"0,0,4,4,3,4,1,2,4,2,1,4,3,3,3,1,2,0,2,3,0,2,1,0,3,2,0,1,2,1,3,4,1,4,1,4,1,4,2,2,4,4,3,1,1,1,4,3,0,3,2,1,0,1,3,1,3,4,1,2,2,0,2,0,4,3,1,3,2,4,4,1,3,0,4,3,4,1,1,0,2,1,0,3,2,0,4,2,2,4,0,0,2,1,3,1,1,0,1,4,3,2,1,2,4,3,1,3,1,4,4,2,2,3,4,1,0,3,2,3,0,2,2,4,2,1,4,4,1,1,1,4,0,0,3,1,4,3,0,0,0,0,2,2,2,2,1,2,1,3,1,1,4,4,0,1,4,1,1,3,1,1,0,0,2,4,4,0,0,1,4,4,4,4,0,0,4,2,0,1,1,3,1,1,3,3,4,4,4,3,4,3,4,0,0,4,3,1,2,1,2,3,3,3,2,2,0,3,3,2,3,2,0,4,0,2,1,3,3,0,4,4,0,0,3,3,3,2,2,4,1,3,0,1,2,0,3,4,3,4,3,3,0,0,2,0,0,3,2,0,2,2,3,4,0,3,3,2,3,1,2,2,0,0,2,0,2,3,0,2,1,0,0,2,4,4,2,0"
79,1.27220416664315,"0,0,4,4,3,4,1,2,4,2,1,4,3,3,3,1,2,0,2,3,0,2,1,0,3,2,0,1,2,1,3,4,1,4,1,4,1,4,2,2,4,4,3,1,1,1,4,3,0,3,2,1,0,1,3,1,3,4,1,2,2,0,2,0,4,3,1,3,2,4,4,1,3,0,4,3,4,1,1,2,2,1,0,3,2,0,4,2,3,4,0,0,2,1,3,1,1,0,1,4,3,2,1,2,4,3,4,4,1,4,4,2,2,1,4,1,0,3,2,3,4,2,2,4,2,2,4,4,1,1,1,4,0,0,3,1,4,3,0,0,0,0,2,2,2,2,1,2,1,3,1,1,4,4,0,1,4,1,1,3,1,1,0,0,2,4,0,0,0,1,4,4,4,4,0,0,4,2,0,1,1,3,1,1,3,3,4,4,4,3,4,3,4,0,0,4,3,3,2,1,2,3,3,3,2,2,0,3,3,2,3,2,0,4,0,2,1,3,3,0,4,4,0,0,3,3,3,2,2,4,1,3,0,1,2,0,3,4,3,4,3,3,0,0,2,1,0,3,2,0,2,2,3,4,0,3,3,2,3,1,1,2,0,0,2,0,2,3,0,2,1,0,0,2,4,4,2,0"
80,0.9519777504471758,"0,0,4,4,3,4,1,2,4,2,1,4,3,3,3,1,2,0,2,3,0,2,1,0,3,2,0,1,2,1,3,4,1,4,1,4,1,4,2,3,4,4,3,1,1,1,4,3,0,3,2,1,0,1,3,1,3,4,1,2,2,0,2,0,4,3,1,3,2,4,4,1,3,0,2,3,4,1,1,0,2,1,2,3,2,0,4,2,2,4,0,0,2,1,3,1,1,0,1,4,3,2,1,4,4,3,1,3,1,4,4,2,2,3,4,1,0,3,2,3,0,4,2,4,2,1,4,4,1,1,1,4,0,0,3,1,4,3,0,0,4,0,2,2,2,2,1,2,1,3,1,1,4,4,0,1,4,1,1,3,1,1,0,0,2,4,4,0,0,1,4,4,4,4,0,0,4,2,0,1,1,3,1,1,3,3,4,4,4,3,4,3,4,0,0,4,3,1,2,1,2,3,3,3,2,2,0,3,3,2,3,2,4,4,0,2,1,3,3,0,4,4,0,0,3,3,3,2,2,4,1,3,0,1,2,0,3,4,1,4,3,3,0,0,2,0,2,3,2,0,2,2,3,4,0,3,3,1,3,1,2,2,0,0,2,0,2,3,0,2,1,0,0,2,4,4,2,0"
81,1.3537561718351374,"0,0,4,4,3,4,1,2,4,2,1,4,3,3,3,1,2,0,2,3,0,2,1,0,3,2,0,1,2,1,3,4,1,4,1,4,1,4,2,2,4,4,3,1,1,1,4,3,0,3,2,1,0,1,3,1,3,4,1,2,2,0,2,0,4,3,1,3,2,4,4,1,3,0,4,3,4,1,1,0,2,1,0,3,2,0,4,2,2,4,0,0,2,1,4,1,1,0,1,4,3,2,1,2,4,3,1,3,1,4,4,2,2,3,4,1,0,3,2,3,0,2,2,4,2,1,4,4,1,1,1,4,0,0,3,1,4,3,0,0,0,0,2,2,2,2,1,2,1,3,1,1,4,4,0,1,4,1,1,3,1,1,0,0,2,4,4,0,0,1,4,4,4,4,0,0,4,2,0,1,1,3,1,1,3,3,4,4,4,3,4,3,4,0,0,4,3,1,2,1,2,3,3,3,2,2,0,3,3,2,3,2,0,4,0,2,1,3,3,0,4,4,0,0,3,3,3,2,2,4,1,3,0,1,2,0,3,4,3,4,3,3,0,0,2,0,0,3,2,0,2,2,3,4,0,3,3,2,3,1,2,2,0,0,2,0,2,3,0,2,1,0,0,2,4,4,2,0"
82,1.3546164126690303,"0,0,4,4,3,4,1,2,4,2,1,4,3,3,3,1,2,0,3,3,0,2,1,0,3,2,0,1,2,1,3,4,1,4,1,4,1,4,2,2,4,4,3,1,1,1,4,3,0,3,2,1,0,1,3,1,3,4,1,2,2,0,2,1,4,3,1,3,2,4,4,1,3,0,4,3,4,1,1,0,2,1,0,3,2,0,2,2,2,4,0,0,2,1,4,1,1,0,1,4,3,2,1,2,4,3,1,3,1,1,4,2,2,3,4,1,0,3,2,3,0,2,2,4,2,1,4,4,1,1,1,4,0,0,3,1,4,3,0,0,0,0,2,2,2,2,0,2,1,3,1,4,4,4,0,1,4,1,1,3,1,1,0,0,2,4,4,0,0,1,4,4,4,4,0,0,4,2,0,1,1,3,1,1,3,3,4,4,4,3,4,3,4,0,0,4,3,1,2,1,2,3,3,3,2,2,0,3,3,2,3,2,0,4,0,2,1,3,3,0,4,4,0,0,3,3,3,2,2,4,1,3,0,1,2,0,3,4,3,4,3,3,0,0,2,0,0,3,2,0,2,2,3,4,0,3,3,2,3,1,2,2,0,0,2,0,2,3,0,2,1,0,0,2,4,4,2,0"
83,1.35462540752019,"0,0,4,4,3,4,1,2,4,2,1,4,3,3,3,1,2,0,3,3,0,2,1,0,3,2,0,1,2,1,3,4,1,4,1,4,1,4,2,2,4,4,3,1,1,1,4,3,0,3,2,1,0,1,3,1,3,4,1,2,2,0,2,1,4,3,1,3,2,4,4,1,3,0,4,3,4,1,1,0,2,1,0,3,2,0,2,2,2,4,0,0,2,1,4,1,1,0,1,4,3,2,1,2,4,3,1,1,1,3,4,2,2,3,4,1,0,3,2,3,0,2,2,4,2,1,4,4,1,1,1,4,0,0,3,1,4,3,0,0,0,0,2,2,2,2,0,2,1,3,1,4,4,4,0,1,4,1,1,3,1,1,0,0,2,4,4,0,0,1,4,4,4,4,0,0,4,1,0,1,1,3,1,1,3,3,4,4,4,3,4,3,4,0,0,4,3,1,2,2,2,3,3,3,2,2,0,3,3,2,3,2,0,4,0,2,1,3,3,0,4,4,0,0,3,3,3,2,2,4,1,3,0,1,2,0,3,4,3,4,3,3,0,0,2,0,0,3,2,0,2,2,3,4,0,3,3,2,1,1,2,2,0,0,2,0,2,3,0,2,1,0,0,2,4,4,3,0"
84,0.913392805337687,"0,0,4,4,3,4,1,2,4,2,1,4,3,3,3,1,2,0,3,3,0,2,1,0,3,2,0,1,2,1,3,4,1,4,1,4,1,4,2,2,4,4,3,1,1,1,4,3,0,3,2,1,0,1,3,1,3,4,1,2,2,0,2,1,4,3,1,3,2,4,4,1,3,0,4,3,4,1,1,0,2,1,0,3,2,0,2,2,2,4,0,0,2,1,4,1,1,0,1,4,3,2,1,2,4,3,1,1,1,3,4,2,2,3,4,1,0,3,2,3,0,2,2,4,2,1,4,4,1,1,1,4,0,0,3,1,4,3,0,0,0,0,2,2,2,2,0,2,1,3,1,4,4,4,0,1,4,1,1,3,1,1,0,3,2,4,4,0,0,1,4,4,4,4,0,0,4,2,0,1,1,3,1,1,3,3,4,4,1,3,4,3,4,0,0,1,3,1,2,1,2,3,2,3,2,2,1,4,3,2,3,2,3,4,0,2,1,3,3,0,4,4,0,0,3,3,3,2,2,4,1,3,0,1,2,0,3,4,3,4,3,3,0,0,2,0,0,1,2,0,2,2,3,4,0,3,3,2,3,1,2,2,0,0,2,0,2,3,0,2,1,0,0,2,4,4,2,0"
85,1.354376311558358,"0,0,4,4,3,4,1,2,4,2,1,4,3,3,3,1,2,0,3,3,0,2,1,0,3,2,0,1,2,1,3,4,1,4,1,4,1,4,2,2,4,4,3,1,1,1,4,3,0,3,2,1,0,1,3,1,3,4,1,2,2,0,2,1,4,3,1,3,2,4,4,1,3,0,4,1,4,1,1,0,2,1,0,3,2,0,2,2,2,4,0,0,2,1,4,1,1,0,1,4,3,2,1,2,4,3,1,1,1,3,4,2,2,3,4,1,0,3,2,1,0,2,3,4,2,3,4,4,1,1,1,4,0,0,3,1,4,3,0,0,0,0,2,2,2,2,0,2,1,3,1,4,4,4,0,1,4,1,1,3,1,1,3,0,2,4,4,0,0,1,4,4,4,4,0,0,4,1,0,1,1,3,1,1,3,3,4,2,4,3,4,3,4,0,0,4,3,1,2,2,2,3,3,3,2,2,0,3,3,2,3,2,0,4,0,2,1,3,3,0,4,4,0,0,3,3,3,2,2,4,1,3,0,4,2,0,0,4,3,4,3,3,0,0,2,0,0,3,2,0,2,2,3,4,0,3,3,2,1,1,2,2,0,0,2,0,2,0,2,2,1,0,0,2,4,4,3,0"
86,1.355003434774167,"0,0,4,4,3,4,1,2,4,2,1,4,3,3,3,1,2,0,3,3,0,2,1,0,3,2,0,1,2,1,3,4,1,4,1,4,1,4,2,2,4,4,3,1,1,1,4,3,0,3,2,1,0,1,3,1,3,4,1,2,2,0,2,1,4,3,1,3,2,4,4,1,3,0,4,1,4,1,1,0,2,1,0,3,2,0,2,2,2,4,0,0,2,1,4,1,1,0,1,4,3,2,1,2,4,3,1,1,1,3,4,2,2,3,4,1,0,3,2,3,0,2,2,4,2,1,4,4,1,1,1,4,0,0,0,1,4,3,0,0,0,0,2,2,2,2,0,2,0,3,1,4,4,4,0,1,4,1,1,3,1,1,3,0,2,4,4,0,0,1,4,4,4,4,0,0,4,1,0,1,1,3,1,1,3,3,4,4,4,3,4,3,4,0,0,4,3,1,2,2,2,3,3,3,2,2,0,3,3,2,3,2,0,4,0,2,1,3,3,0,4,4,0,0,3,3,3,2,2,4,1,3,0,1,2,0,3,4,3,4,3,3,0,0,2,0,0,3,2,0,2,2,3,4,0,3,3,2,1,1,2,2,0,0,2,0,2,3,2,2,1,0,0,2,4,4,3,0"
87,1.3551772516980907,"0,0,4,4,3,4,1,2,4,2,1,4,3,3,3,1,2,0,3,3,0,2,1,0,3,2,0,1,2,1,3,4,1,4,1,4,1,4,2,2,4,4,3,1,1,1,4,3,0,3,2,1,0,1,3,1,3,4,1,2,2,0,2,1,4,3,1,3,2,4,4,1,3,0,4,1,4,1,1,0,2,1,0,3,2,0,2,2,2,4,0,0,2,1,4,1,1,0,1,4,3,2,1,2,4,3,1,1,1,3,4,2,2,3,4,1,0,3,2,3,0,2,2,4,2,1,4,4,1,1,1,4,0,0,0,4,4,3,0,0,0,0,2,2,2,2,0,2,0,3,1,4,4,4,0,1,4,1,1,3,1,1,3,0,2,4,4,0,0,1,4,4,4,4,0,0,4,1,0,1,1,3,1,1,3,3,4,4,4,3,4,3,4,0,0,4,3,1,2,2,2,3,3,3,2,2,0,3,3,2,3,2,0,4,0,2,1,3,3,0,4,4,0,0,3,3,3,2,2,4,1,3,0,1,2,0,3,4,3,4,3,3,0,0,2,0,0,3,2,0,2,2,3,4,0,3,3,2,1,1,2,2,0,0,2,0,2,3,2,2,1,0,0,2,4,4,3,0"
88,1.3546249554779939,"0,0,4,4,3,4,1,2,4,2,1,4,3,3,3,1,2,0,3,3,0,2,1,0,3,2,0,1,2,1,3,4,1,4,1,4,1,4,2,2,4,4,3,1,1,1,4,3,0,1,2,1,0,1,3,1,3,4,1,2,2,0,2,1,4,3,1,3,2,4,4,1,3,0,4,3,4,1,1,0,2,1,0,3,2,0,2,2,2,4,0,0,2,1,4,1,1,0,1,4,3,2,1,2,4,3,1,1,1,3,4,2,2,3,4,1,0,3,2,3,0,2,2,4,2,1,4,4,1,1,1,4,0,0,0,1,4,3,0,0,0,0,2,2,2,2,0,2,0,3,1,4,4,4,0,1,4,1,1,3,1,1,3,0,2,4,4,0,0,1,4,4,4,4,0,0,4,1,0,1,1,3,1,1,3,3,4,4,4,3,4,3,4,0,0,4,3,1,2,2,2,3,3,3,2,2,0,3,3,2,2,2,0,4,0,2,1,3,3,0,4,4,0,0,3,3,3,2,2,4,1,3,0,1,2,0,3,4,3,4,3,3,0,0,2,0,0,3,2,0,3,2,3,4,0,3,3,2,1,1,2,2,0,0,2,0,2,3,2,2,1,0,0,2,4,4,3,3"
89,1.3560621152707704,"0,0,0,4,3,4,1,2,4,2,1,4,3,3,3,1,2,0,3,3,0,2,1,0,3,2,0,1,2,1,3,4,1,4,1,4,1,4,2,2,4,4,3,1,1,1,4,3,0,3,2,1,0,1,3,1,3,4,1,2,2,0,2,1,4,3,1,3,2,4,4,1,3,0,4,1,4,4,1,0,2,1,0,3,2,0,2,2,2,4,0,0,2,1,4,1,1,0,1,4,3,2,3,1,4,3,1,1,1,3,4,2,2,3,4,1,0,3,2,3,0,2,2,4,2,1,4,4,1,1,1,4,0,0,0,4,4,3,0,0,0,2,2,2,2,2,0,2,0,3,1,4,4,4,0,1,4,1,1,3,1,1,3,0,2,4,4,0,0,1,4,4,4,4,0,0,4,1,0,1,1,3,1,1,3,3,4,4,4,3,4,3,4,0,0,4,3,1,2,2,2,3,3,3,2,2,0,3,3,2,3,2,0,4,0,2,1,3,3,0,4,4,0,0,3,3,3,2,2,4,1,3,0,1,2,0,3,4,3,4,3,3,0,0,2,0,0,3,2,0,2,2,3,1,0,3,3,2,1,1,2,2,0,0,2,0,2,3,2,2,1,0,0,2,4,4,3,0"
90,1.316686594982655,"0,0,0,4,3,4,1,2,4,2,1,4,3,3,3,1,2,0,3,3,0,2,1,0,3,2,0,1,2,1,3,4,1,4,1,4,1,4,2,2,4,4,3,1,1,1,4,3,0,3,2,1,0,1,3,1,3,4,1,2,2,0,2,1,4,3,1,3,2,4,4,1,3,0,0,1,4,4,1,0,2,1,0,3,2,0,2,2,2,4,0,0,2,1,4,1,1,0,1,4,3,2,3,1,4,3,1,1,1,3,4,2,2,3,4,1,0,3,2,3,0,2,2,4,2,1,4,4,1,1,1,4,0,0,0,4,4,3,0,0,0,2,2,2,2,2,0,2,0,3,1,4,4,4,0,1,4,1,1,3,1,1,3,0,2,4,4,0,0,1,4,4,4,4,0,0,4,1,0,1,0,3,1,1,3,3,4,4,4,3,4,3,4,0,0,4,3,1,2,2,2,3,3,3,2,2,0,3,3,2,3,2,0,4,0,2,1,3,3,4,4,4,0,0,3,3,3,2,2,4,1,3,0,1,2,0,3,4,3,4,3,1,0,0,2,0,0,3,2,0,2,2,3,1,0,3,3,1,1,1,2,2,0,0,2,0,2,3,2,2,1,0,0,2,4,4,3,0"
91,1.316686594982655,"0,0,0,4,3,4,1,2,4,2,1,4,3,3,3,1,2,0,3,3,0,2,1,0,3,2,0,1,2,1,3,4,1,4,1,4,1,4,2,2,4,4,3,1,1,1,4,3,0,3,2,1,0,1,3,1,3,4,1,2,2,0,2,1,4,3,1,3,2,4,4,1,3,0,0,1,4,4,1,0,2,1,0,3,2,0,2,2,2,4,0,0,2,1,4,1,1,0,1,4,3,2,3,1,4,3,1,1,1,3,4,2,2,3,4,1,0,3,2,3,0,2,2,4,2,1,4,4,1,1,1,4,0,0,0,4,4,3,0,0,0,2,2,2,2,2,0,2,0,3,1,4,4,4,0,1,4,1,1,3,1,1,3,0,2,4,4,0,0,1,4,4,4,4,0,0,4,1,0,1,0,3,1,1,3,3,4,4,4,3,4,3,4,0,0,4,3,1,2,2,2,3,3,3,2,2,0,3,3,2,3,2,0,4,0,2,1,3,3,4,4,4,0,0,3,3,3,2,2,4,1,3,0,1,2,0,3,4,3,4,3,1,0,0,2,0,0,3,2,0,2,2,3,1,0,3,3,1,1,1,2,2,0,0,2,0,2,3,2,2,1,0,0,2,4,4,3,0"
92,1.356792153288274,"0,0,0,4,3,4,1,2,4,2,1,4,3,3,3,1,2,0,3,3,0,2,1,0,3,2,0,1,2,1,3,4,1,4,1,4,1,4,2,2,4,4,3,1,1,1,4,3,0,3,2,1,0,1,3,1,3,4,1,2,2,0,2,1,4,3,1,3,2,4,4,1,3,0,0,1,4,4,1,0,2,1,0,3,2,0,2,2,2,4,0,0,2,1,4,1,1,0,1,4,3,2,3,1,4,3,1,1,1,3,4,2,2,3,4,1,0,3,2,3,0,2,2,4,2,1,4,4,1,1,1,4,0,0,0,4,4,3,0,0,0,2,2,2,2,2,0,2,0,3,1,4,4,4,0,1,4,1,2,3,1,1,3,0,2,4,4,0,0,1,4,4,4,4,0,0,4,1,0,1,0,3,1,1,3,3,4,4,4,3,4,3,4,0,0,4,3,1,2,2,2,3,3,3,2,2,0,3,3,2,3,2,0,4,0,2,1,3,3,4,4,4,0,0,3,3,3,2,2,4,1,3,0,1,2,0,3,4,3,4,3,1,0,0,1,3,0,3,2,0,2,2,3,1,0,3,3,1,1,1,2,2,0,0,2,0,2,3,2,2,1,0,2,2,4,4,3,0"
93,1.356792153288274,"0,0,0,4,3,4,1,2,4,2,1,4,3,3,3,1,2,0,3,3,0,2,1,0,3,2,0,1,2,1,3,4,1,4,1,4,1,4,2,2,4,4,3,1,1,1,4,3,0,3,2,1,0,1,3,1,3,4,1,2,2,0,2,1,4,3,1,3,2,4,4,1,3,0,0,1,4,4,1,0,2,1,0,3,2,0,2,2,2,4,0,0,2,1,4,1,1,0,1,4,3,2,3,1,4,3,1,1,1,3,4,2,2,3,4,1,0,3,2,3,0,2,2,4,2,1,4,4,1,1,1,4,0,0,0,4,4,3,0,0,0,2,2,2,2,2,0,2,0,3,1,4,4,4,0,1,4,1,2,3,1,1,3,0,2,4,4,0,0,1,4,4,4,4,0,0,4,1,0,1,0,3,1,1,3,3,4,4,4,3,4,3,4,0,0,4,3,1,2,2,2,3,3,3,2,2,0,3,3,2,3,2,0,4,0,2,1,3,3,4,4,4,0,0,3,3,3,2,2,4,1,3,0,1,2,0,3,4,3,4,3,1,0,0,1,3,0,3,2,0,2,2,3,1,0,3,3,1,1,1,2,2,0,0,2,0,2,3,2,2,1,0,2,2,4,4,3,0"
94,1.3568570142172904,"0,0,0,4,3,4,1,2,4,2,1,4,3,3,3,1,2,0,3,3,0,2,1,0,3,2,0,1,2,1,3,4,1,4,1,4,1,4,0,2,4,4,3,1,1,1,4,3,0,3,2,1,0,1,3,1,3,4,1,2,2,0,2,1,4,3,1,3,2,4,4,1,3,0,0,1,4,4,1,0,2,1,0,3,2,0,2,2,2,4,0,0,2,1,4,1,1,0,1,4,3,2,3,1,4,3,1,1,1,3,4,2,2,3,4,1,0,3,2,3,0,2,2,4,2,1,4,4,1,1,1,4,0,0,0,4,4,3,0,0,0,2,2,2,2,2,0,2,0,3,1,4,4,4,0,1,4,1,2,3,1,1,3,0,2,4,4,0,0,1,4,4,4,4,0,0,4,1,0,1,0,3,1,1,3,3,4,4,4,3,4,3,4,0,0,4,3,1,2,2,2,3,3,3,2,2,0,3,3,2,3,2,0,4,0,2,1,3,3,4,4,4,0,0,3,3,3,2,2,4,1,3,0,1,2,0,3,4,3,4,3,1,0,0,1,3,0,3,2,0,2,2,3,1,0,3,3,1,1,1,2,2,0,2,2,0,2,3,2,2,1,0,2,2,4,4,3,0"
95,1.3572462410715571,"0,0,0,4,3,4,1,2,4,2,1,4,3,3,3,1,2,0,3,3,0,2,1,0,3,2,0,1,2,1,3,4,1,4,1,4,1,4,0,2,4,4,3,1,1,1,4,3,0,3,2,1,0,1,3,0,3,4,1,2,2,0,2,1,4,3,1,3,2,4,4,1,3,0,0,1,4,4,1,0,2,1,0,3,2,0,2,2,2,4,0,0,2,1,4,1,1,0,1,4,3,2,3,1,4,3,1,1,1,3,4,2,2,3,4,1,0,3,2,3,0,2,2,4,2,1,4,4,1,1,1,4,0,0,0,4,4,3,0,0,0,2,2,2,2,2,0,2,0,3,1,4,4,4,0,1,4,1,2,3,1,1,3,0,2,4,4,0,0,1,4,4,4,4,0,0,4,1,0,1,0,3,1,1,3,3,4,4,4,3,4,3,4,0,0,4,3,1,2,2,2,3,3,3,2,2,0,3,3,2,3,2,0,4,0,2,1,3,3,4,4,4,0,0,3,3,3,2,2,4,1,3,0,1,2,0,3,4,3,4,3,1,0,0,1,3,0,3,2,0,2,2,3,1,0,3,3,1,1,1,2,2,0,2,2,0,2,3,2,2,1,0,2,2,4,4,3,0"
96,1.3174086364839583,"0,0,0,4,3,4,1,2,4,2,1,4,3,3,3,1,2,0,3,3,0,2,1,0,3,2,0,1,2,1,3,4,1,4,1,4,1,4,0,2,4,4,3,1,1,1,4,3,0,3,2,1,0,1,3,0,3,4,1,2,2,0,2,1,4,3,1,3,2,4,4,1,3,0,0,1,4,4,1,0,2,1,0,3,2,0,2,2,2,4,0,0,2,1,4,1,1,0,1,4,3,2,3,1,4,3,1,1,1,3,4,2,2,3,4,1,0,3,2,3,0,2,2,4,2,1,4,4,1,1,1,4,0,0,0,4,4,3,0,0,0,2,2,2,2,2,0,2,0,3,1,4,4,4,0,1,4,1,2,3,1,1,3,0,2,4,4,0,0,1,4,4,4,4,0,0,4,1,0,1,0,3,1,1,3,3,4,4,4,3,4,3,4,0,0,4,3,1,2,2,2,3,3,3,2,2,0,3,3,2,3,2,0,4,0,2,1,3,3,4,4,4,0,0,3,3,3,2,2,4,1,3,0,1,2,0,3,4,3,4,3,1,0,0,1,3,2,3,2,0,2,2,3,1,0,3,3,1,1,1,2,2,0,2,2,0,2,3,2,2,1,0,2,2,4,4,3,0"
97,1.357367315839454,"0,0,0,4,3,4,1,2,4,2,1,4,3,3,3,1,2,0,3,3,0,2,1,0,3,2,0,1,2,1,3,4,1,4,1,4,1,4,0,2,4,4,3,1,1,1,4,3,0,3,2,1,0,1,3,0,3,4,1,2,2,0,2,1,4,3,1,3,2,4,4,1,3,0,0,1,4,4,1,0,2,1,0,3,2,0,2,2,2,4,0,0,2,1,4,1,1,0,1,4,3,2,3,1,4,3,1,1,1,3,4,2,2,3,4,1,0,3,2,3,0,2,2,4,2,1,4,4,1,1,1,4,0,0,0,4,4,3,0,0,0,2,2,2,2,2,0,2,0,3,1,4,4,4,0,1,4,1,2,3,1,1,3,0,2,4,4,0,0,1,4,4,4,4,0,0,4,1,0,1,0,3,1,1,3,3,4,4,4,3,4,3,4,0,0,4,3,1,2,2,2,3,3,3,2,2,0,3,3,2,3,1,0,4,0,2,1,3,3,4,4,4,0,0,3,3,3,2,2,4,1,3,0,1,2,0,3,4,3,4,3,1,0,0,1,3,2,3,2,0,2,2,3,1,0,3,3,1,1,1,2,2,0,2,2,0,2,3,2,2,1,0,2,2,4,4,3,0"
98,1.3573869532570544,"0,0,0,4,3,4,1,2,4,2,1,4,3,3,3,1,2,0,3,1,0,2,1,0,3,2,0,1,2,1,3,4,1,4,1,4,1,4,0,2,4,4,3,1,1,1,4,3,0,3,2,1,0,1,3,0,3,4,1,2,2,0,2,1,4,3,1,3,2,4,4,1,3,0,0,1,4,4,1,0,2,1,0,3,2,0,2,2,2,4,0,0,2,1,4,1,1,0,1,4,3,2,3,1,4,3,1,1,1,3,4,2,2,3,4,1,0,3,2,3,0,2,2,4,2,1,4,4,1,0,1,4,0,0,0,4,4,3,0,0,0,2,2,2,2,2,0,2,0,3,1,4,4,4,0,1,4,1,2,3,1,1,3,0,2,4,4,0,0,1,4,4,4,4,0,0,4,1,0,1,0,3,1,1,3,3,4,4,4,3,4,3,4,0,0,4,3,1,2,2,2,3,3,3,2,2,0,3,3,2,3,1,0,4,0,2,1,3,3,4,4,4,0,0,3,3,3,2,2,4,1,3,0,1,2,0,3,4,3,4,3,1,0,0,1,3,2,3,2,0,2,2,3,1,0,3,3,1,1,1,2,2,0,2,2,0,2,3,2,2,1,0,2,2,4,4,3,0"
99,1.3160073442115932,"0,0,0,4,3,4,1,2,4,2,1,4,3,3,3,1,2,0,3,1,0,2,1,0,3,2,0,1,2,1,3,4,1,4,1,4,1,4,0,2,4,4,3,1,1,1,4,3,0,3,2,1,0,1,3,0,3,4,1,2,2,0,2,1,4,3,1,3,2,4,4,1,3,0,0,1,4,4,1,0,2,1,0,3,2,0,2,2,2,4,0,0,2,1,4,1,1,0,1,4,3,2,3,1,4,3,1,1,1,3,4,2,2,3,4,1,0,3,2,3,0,2,2,4,2,1,4,4,1,1,1,4,0,0,0,4,4,3,0,0,0,2,2,2,2,2,0,2,0,3,1,4,4,4,0,1,4,1,2,3,1,1,3,0,2,4,4,0,0,1,4,4,4,4,0,0,4,1,0,1,0,3,1,1,3,3,4,4,4,3,4,3,4,0,0,4,3,1,2,2,2,3,3,3,0,2,0,3,3,2,3,2,4,4,0,2,2,3,0,4,4,4,0,0,3,3,3,2,2,4,1,3,0,1,2,0,3,4,3,4,3,1,0,0,1,3,2,3,2,0,2,2,3,1,0,3,3,1,1,1,2,2,0,2,1,0,2,3,2,2,1,0,2,2,4,4,3,0"
100,1.3578012974279308,"0,0,0,4,3,4,1,2,4,2,1,4,3,3,3,1,2,0,3,1,0,2,1,0,3,2,0,1,2,1,3,4,1,4,1,4,1,4,0,2,4,4,3,1,1,1,4,3,0,3,2,1,0,1,3,0,3,4,1,2,2,0,2,1,4,3,1,3,2,4,4,1,3,0,0,1,4,4,1,0,2,1,0,3,2,0,2,2,2,4,0,0,2,1,4,1,1,0,1,4,3,2,3,1,4,3,1,1,1,3,4,2,2,3,4,1,0,3,2,3,0,2,2,4,2,1,4,4,1,1,1,4,0,0,0,4,4,3,0,0,0,2,2,2,2,2,0,2,0,3,1,4,4,4,0,1,4,1,2,3,1,1,3,0,2,4,4,0,0,1,4,4,4,4,0,0,4,1,0,2,0,3,1,1,3,3,4,4,4,3,4,3,4,0,0,4,3,1,2,2,2,3,3,3,2,2,0,3,3,3,3,1,0,4,0,2,1,3,3,4,4,4,0,0,3,3,3,2,2,4,1,3,0,1,2,0,3,4,3,4,3,1,0,0,1,3,2,3,2,0,2,2,3,0,0,3,3,1,1,1,2,2,0,2,2,0,2,3,2,2,1,0,2,2,4,4,3,0"
101,1.2767473820383815,"0,0,0,4,3,4,1,2,4,2,1,4,3,3,3,1,2,0,3,1,0,2,1,0,3,2,0,1,2,1,3,4,1,4,1,4,1,4,0,1,4,4,3,1,1,1,4,3,0,3,2,1,0,1,3,0,3,4,1,2,2,0,2,1,4,3,1,3,2,4,4,1,3,3,0,1,4,4,1,0,2,1,0,3,2,0,2,2,2,4,0,0,2,1,4,1,1,0,1,4,3,2,3,1,4,3,1,1,1,3,4,2,2,3,4,1,0,3,2,3,0,2,2,4,2,1,4,4,1,1,1,4,0,0,0,4,4,3,0,0,0,2,2,2,2,2,0,2,0,3,1,4,4,4,0,1,4,1,2,3,1,1,3,0,2,4,4,0,0,1,4,4,4,4,0,0,4,1,0,2,0,3,1,1,3,3,4,4,4,3,4,3,4,0,0,4,3,4,2,0,2,3,3,3,2,2,0,4,3,3,3,1,0,4,0,2,1,3,3,4,4,4,0,0,3,3,3,2,2,4,1,3,0,1,2,0,3,4,3,4,3,1,0,0,1,3,2,3,2,0,2,2,3,0,0,3,3,1,1,1,2,2,0,2,2,0,2,1,2,2,1,0,2,2,4,4,3,0"
102,0.9160787854926331,"0,3,0,4,3,4,1,2,4,2,1,4,3,3,3,1,2,0,3,1,0,2,1,0,3,2,0,1,2,1,3,4,1,4,1,4,1,4,0,1,4,4,3,1,1,1,4,3,0,3,2,1,0,1,3,0,3,4,1,2,2,0,2,1,4,3,1,3,2,4,4,1,3,3,0,1,4,4,1,0,2,1,0,3,2,0,2,2,2,4,0,0,2,1,4,1,1,0,1,4,3,2,3,1,4,3,1,1,1,3,4,2,2,3,4,1,0,3,2,3,0,2,2,4,2,1,4,4,1,1,1,4,0,0,0,4,4,3,0,0,0,2,2,2,2,2,0,2,0,3,1,4,4,4,0,1,4,1,2,3,1,1,3,0,2,4,4,0,0,1,4,4,4,4,0,0,4,1,0,2,0,3,1,1,3,3,4,4,4,3,4,3,4,0,0,4,3,4,2,2,2,3,3,3,2,2,0,4,3,3,3,1,0,4,0,2,1,3,3,4,4,4,0,0,3,3,3,2,2,4,2,3,0,1,2,0,3,4,3,4,3,1,0,0,1,3,2,3,2,0,2,2,3,0,0,3,3,1,1,1,2,2,4,2,2,0,2,3,2,2,1,0,2,4,4,4,3,0"
103,1.1971779904953315,"0,3,0,4,3,4,1,2,4,2,1,4,3,3,3,1,2,0,3,1,0,2,1,0,3,2,0,1,2,1,3,4,1,4,1,4,1,4,0,1,4,4,3,1,1,1,4,3,0,3,2,1,0,1,3,0,3,4,1,2,2,0,2,1,4,3,1,3,2,4,4,1,3,0,0,1,4,4,1,0,2,1,0,3,2,0,2,2,2,4,0,0,2,1,4,1,1,0,1,4,3,2,3,1,4,3,1,1,1,3,4,2,2,3,4,2,0,3,2,3,0,2,2,4,2,1,4,4,1,1,1,4,0,0,0,4,4,3,0,0,0,2,2,2,2,2,0,2,0,3,1,4,4,4,0,1,4,1,2,3,1,1,3,0,2,4,4,0,0,1,4,4,4,4,0,0,4,1,0,2,0,3,1,1,3,3,4,4,4,3,4,3,4,0,0,4,3,4,2,2,2,3,3,3,2,2,0,4,3,3,3,1,0,4,0,2,1,3,3,4,4,4,0,0,3,3,3,2,2,4,1,3,3,1,2,0,3,4,3,4,3,1,0,0,1,3,2,3,2,0,2,2,3,0,0,3,3,1,1,1,2,2,0,2,2,0,2,3,2,2,1,0,2,2,4,4,3,0"
104,1.318065852903083,"0,3,0,4,3,4,1,2,4,2,1,4,3,3,3,1,2,0,3,1,0,2,1,0,3,2,0,1,2,1,3,4,1,4,1,4,1,4,0,1,4,4,3,1,1,1,4,3,0,3,2,1,0,1,3,0,3,4,1,2,2,0,2,1,4,3,1,3,2,4,4,1,3,0,0,1,4,4,1,0,2,1,0,3,2,0,2,2,2,4,0,0,2,1,4,1,1,0,1,4,3,2,3,1,4,3,1,1,1,3,4,2,2,3,4,1,0,3,2,3,0,2,2,4,2,1,4,4,1,1,1,4,0,0,0,4,4,3,0,0,0,2,2,2,2,2,0,2,0,3,1,4,4,4,0,1,4,1,2,3,1,1,3,0,2,4,4,0,0,1,4,4,4,4,0,0,4,1,0,2,0,3,1,1,3,3,4,4,4,3,4,3,4,0,0,4,3,1,2,2,2,3,3,3,2,2,0,3,3,3,3,1,0,4,0,2,1,3,3,4,4,4,0,0,3,3,3,2,2,4,2,3,0,1,2,0,3,4,3,4,3,1,0,0,1,3,2,3,2,0,2,2,3,0,0,3,3,1,1,1,2,2,0,2,2,0,2,3,2,2,1,0,2,2,4,4,3,0"
105,1.3575318447263294,"0,3,0,4,3,4,1,2,4,2,1,4,3,3,3,1,2,0,3,1,0,2,1,0,3,2,0,1,2,1,3,4,1,4,1,4,1,4,0,1,4,4,3,1,1,1,4,3,0,3,2,1,0,1,3,0,3,4,1,2,2,0,2,1,4,3,1,3,2,4,4,1,3,0,0,1,4,4,1,0,2,1,0,3,2,0,2,2,2,4,0,0,2,1,4,1,1,0,1,4,3,2,3,1,4,3,1,1,1,3,4,2,2,3,4,1,0,3,2,3,0,2,2,4,2,1,4,4,1,1,1,4,0,0,0,4,4,3,0,0,0,2,2,2,2,2,0,2,0,3,1,4,4,4,0,1,4,1,2,3,1,1,3,0,2,4,4,0,0,1,4,4,4,4,0,0,4,1,0,2,0,3,1,1,3,3,4,4,4,3,4,3,4,0,0,4,3,1,2,2,2,3,1,3,2,2,0,3,3,3,3,1,0,4,0,2,1,3,3,4,4,4,0,0,3,3,3,2,2,4,2,3,0,1,2,0,3,4,3,4,3,1,0,0,1,3,2,3,2,0,2,2,3,0,0,3,3,1,1,1,2,2,0,2,2,0,2,3,2,2,1,0,2,2,4,4,3,0"
106,1.1174822979720864,"0,3,0,4,3,4,1,2,4,2,1,4,3,3,3,1,2,0,3,1,0,2,1,0,3,2,0,1,2,1,3,4,1,4,1,4,1,4,0,1,4,4,3,1,1,1,4,3,0,3,2,1,0,1,3,0,3,4,1,2,2,1,2,1,4,3,1,3,2,4,4,1,3,0,0,1,4,4,1,0,2,1,0,3,2,0,2,2,2,4,0,0,2,1,4,1,1,0,1,4,3,2,3,1,4,3,1,1,1,3,4,2,2,3,4,1,0,3,2,3,0,2,2,4,2,1,4,4,1,1,1,4,0,0,0,4,4,3,0,0,0,2,2,2,2,2,0,2,0,3,1,4,4,4,0,1,4,1,2,3,1,1,3,0,2,4,4,0,0,1,4,4,4,4,0,0,4,1,0,2,0,3,1,1,3,3,4,4,4,3,4,3,4,0,0,4,3,1,2,2,2,3,3,3,2,2,0,3,3,3,3,1,0,4,0,2,1,3,3,4,4,4,0,0,3,3,3,2,2,4,2,3,0,1,1,0,3,4,3,4,3,1,0,0,1,3,2,3,2,0,2,3,3,0,0,3,3,1,1,1,2,2,0,2,2,0,2,3,2,2,1,0,2,2,4,4,3,0"
107,1.1568634383147738,"0,3,0,4,3,4,1,2,4,2,1,4,3,3,3,1,2,0,3,1,0,2,1,0,3,2,0,1,2,1,3,4,1,4,1,4,1,4,0,1,4,4,3,1,1,1,4,3,0,3,2,1,0,1,3,0,3,4,1,2,2,0,2,1,4,3,1,3,2,4,4,1,1,0,0,1,4,4,1,0,2,1,0,3,2,0,2,2,2,4,0,0,2,1,4,1,1,0,1,4,3,2,3,1,4,3,1,1,1,3,4,2,2,3,4,1,0,3,2,3,0,2,2,4,2,1,4,4,1,1,1,4,0,0,0,4,4,3,0,0,0,2,2,2,2,2,0,2,0,3,1,4,4,4,0,1,4,1,2,3,1,1,3,0,2,4,4,0,0,1,4,4,4,4,0,0,4,1,0,2,0,3,4,2,3,3,4,4,4,3,4,3,4,0,0,4,3,3,2,2,2,3,3,3,2,2,0,3,1,3,3,1,0,4,0,2,1,3,3,4,4,4,0,0,3,3,3,2,2,4,2,3,0,1,2,0,3,4,3,4,3,1,0,0,1,3,2,3,2,0,4,2,3,0,0,3,3,1,1,0,2,2,3,2,2,0,2,3,2,2,1,0,2,2,4,4,3,0"
108,1.115767332105975,"0,3,0,4,3,4,1,2,4,2,1,4,3,3,3,1,2,0,3,1,0,2,1,0,3,2,0,1,2,1,3,4,1,4,1,4,1,4,0,1,4,4,3,1,1,1,1,3,0,3,2,1,0,1,3,0,3,4,1,2,2,0,2,1,4,3,1,3,2,4,4,1,3,0,0,1,4,4,1,0,2,1,0,3,2,0,2,2,2,4,0,0,2,1,4,1,1,0,1,4,3,2,3,1,4,3,1,1,1,3,4,2,2,3,4,1,0,3,2,3,0,2,2,4,2,1,4,3,1,1,1,4,0,0,0,4,4,3,0,0,0,2,2,2,2,2,0,2,0,3,1,4,4,4,0,1,4,1,2,2,1,1,1,0,2,4,4,0,0,1,4,4,4,4,0,0,4,1,0,2,0,3,1,1,3,3,4,4,4,3,4,3,4,0,0,4,3,1,2,2,2,3,3,3,2,2,0,3,3,3,3,1,0,4,0,2,1,3,3,4,4,4,0,0,3,3,3,2,2,4,2,3,0,1,2,0,3,4,3,4,3,1,0,1,3,3,4,3,2,0,2,2,3,0,0,3,3,1,1,1,2,0,0,2,2,0,2,3,2,2,1,0,3,2,4,4,3,0"
109,1.278642315627665,"0,3,0,0,3,4,1,2,4,2,1,4,3,3,3,1,2,0,3,1,0,2,1,0,3,2,0,1,2,1,3,4,1,4,1,4,1,4,0,1,4,4,3,1,1,1,4,3,0,3,2,1,0,1,3,0,3,4,1,2,2,0,2,1,4,3,1,3,2,4,4,1,1,0,0,1,4,4,1,0,2,1,0,3,2,0,2,2,2,4,0,0,2,1,4,1,1,0,1,4,3,2,3,1,4,3,1,1,1,3,4,2,2,3,1,1,0,3,2,3,0,2,2,4,2,1,4,4,1,1,1,4,0,0,0,4,4,3,0,0,0,2,2,2,2,2,0,2,0,3,1,4,4,4,0,1,4,1,2,3,1,4,3,0,2,4,4,0,0,1,4,4,4,4,0,0,4,1,0,2,0,3,1,1,3,3,4,4,4,3,4,3,4,0,0,4,3,1,2,2,2,3,3,3,2,2,0,3,3,3,3,1,0,4,0,2,1,3,3,4,4,4,0,0,3,3,3,2,2,4,2,3,0,1,2,0,3,4,3,4,3,1,0,0,1,3,2,3,2,0,0,2,3,0,0,3,3,1,1,1,2,2,0,2,2,0,2,3,2,2,1,0,2,2,4,4,3,0"
110,1.3183495400529264,"0,3,0,0,3,4,1,2,4,2,1,4,3,3,3,1,2,0,3,1,0,2,1,0,3,2,0,1,2,1,3,4,1,4,1,4,1,4,0,1,4,4,3,1,1,1,4,3,0,3,2,1,0,1,3,0,3,4,1,2,2,0,2,1,4,3,1,3,2,4,4,1,1,0,0,1,4,4,1,0,2,1,0,3,2,0,2,2,2,4,0,0,2,1,4,1,1,0,1,3,3,2,3,1,4,3,1,1,1,3,4,2,2,3,1,1,0,3,2,2,0,2,2,4,2,1,4,4,1,1,1,4,0,0,0,4,4,3,0,0,0,2,2,2,2,2,0,2,0,3,1,4,4,4,0,1,4,1,2,3,1,4,3,0,2,4,4,0,0,4,4,4,4,4,0,0,4,1,0,2,0,3,1,1,3,3,4,4,4,3,4,3,4,0,0,4,3,1,1,2,2,3,4,3,2,2,0,3,3,3,3,3,0,4,0,2,1,3,2,4,4,4,0,0,3,3,3,2,2,4,2,3,0,1,2,0,3,4,3,4,3,1,0,0,1,3,2,3,2,0,2,2,3,0,0,3,3,1,1,1,2,2,0,2,2,0,2,3,2,2,1,0,2,2,4,4,3,0"
111,1.3571029710346925,"0,3,0,0,3,4,1,2,4,2,1,4,3,3,3,1,2,0,3,1,0,2,1,0,3,2,0,1,1,1,3,4,1,4,1,4,1,4,0,1,4,4,3,1,1,1,4,3,0,3,2,1,0,1,3,0,3,4,1,2,2,0,2,1,4,3,1,3,2,4,4,1,1,0,0,1,4,4,1,0,2,1,0,3,2,0,2,2,4,4,0,0,2,1,4,1,1,0,1,3,3,2,3,1,4,3,1,1,1,3,4,2,2,3,1,1,0,3,2,2,0,2,2,4,2,1,4,4,1,1,1,4,0,0,0,4,4,3,0,0,0,2,2,2,2,2,0,2,0,3,1,4,4,4,0,1,4,1,2,3,1,4,3,0,2,4,4,0,0,4,4,4,4,4,0,0,4,1,0,2,0,3,1,1,3,3,4,4,4,3,4,3,4,0,0,4,3,1,1,2,2,3,4,3,2,2,0,3,3,3,3,3,0,4,0,2,1,3,2,4,4,4,0,0,3,3,3,2,2,4,2,3,0,1,2,0,3,4,3,4,3,1,0,0,1,3,2,3,2,0,2,2,3,0,0,3,3,1,1,1,2,2,0,2,2,0,2,3,2,2,1,0,2,2,4,4,3,0"
112,1.3571029710346925,"0,3,0,0,3,4,1,2,4,2,1,4,3,3,3,1,2,0,3,1,0,2,1,0,3,2,0,1,1,1,3,4,1,4,1,4,1,4,0,1,4,4,3,1,1,1,4,3,0,3,2,1,0,1,3,0,3,4,1,2,2,0,2,1,4,3,1,3,2,4,4,1,1,0,0,1,4,4,1,0,2,1,0,3,2,0,2,2,4,4,0,0,2,1,4,1,1,0,1,3,3,2,3,1,4,3,1,1,1,3,4,2,2,3,1,1,0,3,2,2,0,2,2,4,2,1,4,4,1,1,1,4,0,0,0,4,4,3,0,0,0,2,2,2,2,2,0,2,0,3,1,4,4,4,0,1,4,1,2,3,1,4,3,0,2,4,4,0,0,4,4,4,4,4,0,0,4,1,0,2,0,3,1,1,3,3,4,4,4,3,4,3,4,0,0,4,3,1,1,2,2,3,4,3,2,2,0,3,3,3,3,3,0,4,0,2,1,3,2,4,4,4,0,0,3,3,3,2,2,4,2,3,0,1,2,0,3,4,3,4,3,1,0,0,1,3,2,3,2,0,2,2,3,0,0,3,3,1,1,1,2,2,0,2,2,0,2,3,2,2,1,0,2,2,4,4,3,0"
113,1.3592276308791489,"0,3,0,0,3,4,1,2,4,2,4,4,3,3,3,1,2,0,3,1,0,2,1,0,3,2,0,1,2,1,3,4,1,4,1,4,1,4,0,1,4,4,3,1,1,1,4,3,0,3,2,1,0,3,3,0,3,4,1,2,2,0,2,1,4,3,1,3,2,4,4,1,1,0,0,1,4,4,1,0,2,1,0,3,2,0,2,2,2,4,0,0,2,1,4,1,1,0,1,4,3,2,3,1,4,3,1,1,1,3,4,2,2,3,1,1,0,3,2,2,0,2,2,4,1,1,4,4,1,1,1,4,0,0,0,4,4,3,0,0,0,2,2,2,2,2,2,2,0,3,1,4,4,4,0,1,4,1,2,3,1,4,3,0,2,4,4,0,0,4,4,4,4,4,0,0,4,1,0,2,0,3,1,1,3,3,4,4,4,3,4,3,4,0,0,4,3,1,1,2,2,3,3,3,2,2,0,3,3,3,4,3,0,4,0,2,1,3,3,4,1,4,0,0,3,3,0,2,2,4,2,3,0,1,2,0,3,4,3,4,3,1,0,0,1,3,2,3,2,0,2,2,3,0,0,3,3,1,1,1,2,2,0,2,2,0,2,3,2,2,1,0,2,2,4,4,3,0"
114,1.359592457211555,"0,3,0,0,3,4,1,2,4,2,4,4,3,3,3,1,2,0,3,1,0,2,1,0,3,2,0,1,2,1,3,4,1,4,1,4,1,4,0,1,4,4,3,1,1,1,4,3,0,3,2,1,0,3,3,0,3,4,1,2,2,0,2,1,4,3,1,3,2,4,4,1,1,0,0,1,4,4,1,0,2,1,0,3,2,0,2,2,2,4,0,0,2,1,4,1,1,0,1,4,3,2,3,1,4,3,1,1,1,3,4,2,2,3,1,1,0,3,2,2,0,2,2,4,1,1,4,4,1,1,1,4,0,0,0,4,4,3,0,0,0,2,2,2,2,2,2,2,0,3,1,4,4,4,0,1,1,1,2,3,1,4,3,0,2,4,4,0,0,4,4,4,4,4,0,3,4,1,0,2,0,3,1,1,3,3,4,4,4,3,4,3,4,0,0,4,3,1,1,2,2,3,3,3,2,2,0,3,3,3,4,3,0,4,0,2,1,3,3,4,1,4,0,0,3,3,0,2,2,4,2,3,0,1,2,0,3,4,3,4,3,1,0,0,1,3,2,3,2,0,2,2,3,0,0,3,3,1,1,1,2,2,0,2,2,0,2,3,2,2,1,0,2,2,4,4,3,0"
115,1.2795209447739297,"0,3,0,0,3,4,1,2,4,2,4,4,3,3,3,1,2,0,3,1,0,2,1,0,3,2,0,1,2,1,3,4,1,4,1,4,1,4,0,1,4,4,3,1,1,1,4,3,2,3,2,1,0,3,3,0,3,4,1,2,2,0,2,1,4,3,1,3,2,4,4,1,1,0,0,1,4,4,1,0,2,1,0,3,2,0,2,2,2,4,0,0,2,1,4,1,1,0,1,4,3,2,3,1,4,3,1,1,1,3,4,2,2,3,1,1,0,3,2,2,0,2,2,4,1,1,4,4,1,0,1,4,0,0,0,4,4,3,0,0,0,2,2,2,2,2,2,2,0,3,1,4,4,4,0,1,1,1,2,3,1,4,3,0,2,4,4,0,0,4,4,4,4,4,0,3,4,1,0,2,1,3,1,1,3,3,4,4,4,3,4,3,4,0,0,4,3,1,1,2,2,3,3,3,2,2,0,3,3,3,4,3,0,4,0,2,1,3,3,4,1,4,0,0,3,3,0,2,2,4,2,3,0,1,2,0,3,4,3,4,3,1,0,0,1,3,2,3,2,0,2,2,3,0,0,3,3,1,1,1,2,2,0,2,2,0,2,3,2,2,1,0,2,2,4,4,3,0"
116,1.3597276317564166,"0,3,0,0,3,4,1,2,4,2,4,4,3,3,3,1,2,0,3,1,0,2,1,0,3,2,0,1,2,1,3,4,1,4,1,4,1,4,0,1,4,4,3,1,1,1,4,3,2,3,2,1,0,3,3,0,3,4,1,2,2,0,2,1,4,3,1,3,2,4,4,1,1,0,0,1,4,4,1,0,2,1,0,3,2,0,2,2,2,4,0,0,2,1,4,1,1,0,1,4,3,2,3,1,4,3,1,1,1,3,4,2,2,3,1,1,0,3,2,2,0,2,2,4,1,1,4,4,1,0,1,4,0,0,0,4,4,3,0,0,0,2,2,2,2,2,2,2,0,3,1,4,4,4,0,1,1,1,2,3,1,4,3,0,2,4,4,0,0,4,4,4,4,4,0,3,4,1,0,2,1,3,1,1,3,3,4,4,4,3,4,3,4,0,0,4,3,1,1,2,2,3,3,3,2,2,0,3,3,3,4,3,0,4,0,0,1,3,3,4,1,4,0,0,3,3,0,2,2,4,2,3,0,1,2,0,3,4,3,4,3,1,0,0,1,3,2,3,2,0,2,2,3,0,0,3,3,1,1,1,2,2,0,2,2,0,2,3,2,2,1,0,2,2,4,4,3,0"
117,1.3598012745865258,"0,3,0,0,3,4,1,2,4,2,4,4,3,3,3,1,2,0,3,1,0,0,1,0,3,2,0,1,2,1,3,4,1,4,1,4,1,4,0,1,4,4,3,1,1,1,4,3,2,3,2,1,0,3,3,0,3,4,1,2,2,0,2,1,4,3,1,3,2,4,4,1,1,0,0,1,4,4,1,0,2,1,0,3,2,0,2,2,2,4,0,0,2,1,4,1,1,0,1,4,3,2,3,1,4,3,1,1,1,3,4,2,2,3,1,1,0,3,2,2,0,2,2,4,1,4,4,4,1,0,1,4,0,0,0,4,4,3,0,0,0,2,2,2,2,2,2,2,0,3,1,4,4,4,0,1,1,1,2,3,1,4,3,0,2,4,4,0,0,4,4,4,4,4,0,3,4,1,0,2,1,3,1,1,3,3,4,4,4,3,4,3,4,0,0,4,3,1,1,2,2,3,3,3,2,2,0,3,3,3,4,3,0,4,0,0,1,3,3,4,1,4,0,0,3,3,0,2,2,1,2,3,0,1,2,0,3,4,3,4,3,1,0,0,1,3,2,3,2,0,2,2,3,0,0,3,3,1,1,1,2,2,0,2,2,0,2,3,2,2,1,0,2,2,4,4,3,0"
118,1.3611483204447392,"0,3,0,0,3,4,1,2,4,2,4,4,3,3,3,1,2,0,3,1,0,0,1,0,3,2,0,1,2,1,3,4,1,4,1,4,1,4,0,1,4,4,3,1,1,1,4,3,2,3,2,1,0,3,3,0,3,4,1,2,2,0,2,1,4,3,1,3,2,4,4,1,1,0,0,1,4,4,1,0,0,1,0,3,1,0,2,2,2,4,0,0,2,1,4,1,1,0,1,4,2,2,3,1,4,3,2,1,1,3,4,2,2,3,1,1,0,3,2,2,0,2,2,4,1,4,4,4,1,0,1,4,3,0,0,4,4,3,0,0,0,2,2,2,2,2,2,2,4,3,1,4,4,4,0,1,1,1,2,3,1,4,3,0,2,4,4,0,0,4,4,4,4,4,0,3,4,1,0,2,1,3,1,1,3,3,4,4,4,3,4,3,4,0,0,4,3,1,1,2,2,3,3,3,2,2,0,3,3,3,4,3,0,0,0,0,1,3,3,4,1,4,0,0,3,3,0,2,2,1,2,3,0,1,2,0,3,4,3,4,3,1,0,0,1,3,2,3,2,0,2,2,3,0,0,3,3,1,1,1,2,2,0,2,2,0,2,3,2,2,1,0,2,2,4,4,3,0"
119,1.360977129143044,"0,3,0,0,3,4,1,2,4,2,4,4,3,3,3,1,2,0,3,1,0,0,1,0,3,2,0,1,2,1,3,4,1,4,1,4,1,4,0,1,4,4,3,1,1,1,4,3,2,3,2,1,0,3,3,0,3,4,1,2,2,0,2,1,4,3,1,3,2,4,4,1,1,0,0,1,4,4,1,0,0,1,0,3,1,0,2,2,2,4,0,0,2,1,4,1,1,0,1,4,2,2,3,1,4,3,2,1,1,3,4,2,2,3,1,1,0,3,2,2,0,2,2,4,1,4,4,4,1,0,1,4,3,0,0,4,4,3,0,0,0,2,2,2,2,0,2,2,4,3,1,4,4,4,0,1,1,1,2,3,1,4,3,0,2,4,4,0,0,4,4,4,4,4,0,3,4,1,0,2,1,3,1,1,3,3,4,4,4,3,4,3,4,2,0,4,3,1,1,2,2,3,3,3,2,2,0,3,3,3,4,3,0,0,0,0,1,3,3,4,1,4,0,0,3,3,0,2,2,1,2,3,0,1,2,0,3,4,3,4,3,1,0,0,1,3,2,3,2,0,2,2,3,0,0,3,3,1,1,1,2,2,0,2,2,0,2,3,2,2,1,0,2,2,4,4,3,0"
120,1.320978648124926,"0,3,0,0,3,4,1,2,4,2,4,4,3,3,3,1,2,0,3,1,0,0,1,0,3,2,0,1,2,1,3,4,1,4,1,4,1,4,0,1,4,4,3,1,1,1,4,3,2,3,2,1,0,3,3,0,3,4,1,2,2,0,2,1,4,3,1,3,2,4,4,1,1,0,0,1,4,4,1,0,0,1,0,3,1,0,2,2,2,4,0,0,2,1,4,1,1,0,1,4,2,2,3,1,4,3,2,1,1,3,4,2,2,3,1,1,0,3,2,2,0,2,3,4,1,4,4,4,1,0,1,4,3,0,0,4,4,3,0,0,0,2,2,2,2,2,2,2,4,3,1,4,4,4,0,1,1,1,2,3,1,4,3,0,2,4,4,0,0,4,4,4,4,4,0,3,4,1,0,2,1,3,1,1,3,3,4,4,4,3,4,3,4,2,0,4,3,1,1,2,2,3,3,3,2,2,0,3,3,3,4,3,0,0,0,0,1,3,3,4,1,4,0,0,3,3,0,2,2,1,2,3,0,1,2,0,3,4,3,4,3,1,0,0,1,3,2,3,2,0,2,2,3,0,0,3,3,1,1,1,2,2,0,2,2,0,2,3,2,2,1,0,2,2,4,4,3,0"
121,1.1595175452327364,"0,3,0,0,3,4,1,2,4,2,4,4,3,3,3,1,2,0,3,1,0,0,1,0,3,2,0,1,2,1,3,4,1,4,1,4,1,4,0,1,4,4,3,1,1,1,4,3,2,3,2,1,0,3,3,0,1,4,1,2,2,0,2,1,4,3,1,3,2,4,4,1,1,0,0,1,4,4,1,0,0,1,0,3,1,0,2,2,2,4,0,0,2,1,4,1,1,0,1,4,2,2,3,1,4,3,2,1,1,3,4,2,2,3,1,1,0,3,2,2,0,2,3,4,1,4,4,4,1,0,1,4,3,0,0,4,4,3,0,0,0,2,2,2,2,2,2,2,4,3,1,4,4,4,0,1,1,1,2,3,1,4,3,0,2,4,4,0,0,4,4,4,4,4,0,3,4,1,0,2,1,3,1,1,3,3,4,4,4,3,4,3,4,2,0,4,3,1,1,2,2,3,3,3,2,2,0,3,3,3,4,3,0,4,0,3,1,3,3,4,1,4,0,0,3,3,0,2,2,1,2,3,0,1,2,0,3,4,3,4,3,1,0,0,1,3,2,3,2,0,2,2,3,0,0,3,3,1,1,1,2,2,0,2,2,0,2,3,2,2,1,0,2,2,4,4,3,0"
122,1.2805942026938495,"0,3,0,0,3,4,1,2,4,2,4,4,3,3,3,1,2,0,3,1,0,0,1,0,3,2,0,1,2,1,3,4,1,4,1,4,1,4,0,1,4,4,3,1,1,1,4,3,2,3,2,1,0,3,3,0,3,4,1,2,2,0,2,1,4,3,1,3,2,4,4,1,1,0,0,1,4,4,1,0,0,1,0,3,1,0,2,2,2,4,0,0,2,1,4,1,1,0,1,4,2,2,3,1,4,3,2,1,1,3,4,2,2,3,1,1,0,3,2,2,0,2,2,4,1,4,4,4,1,0,1,4,3,0,0,4,4,3,0,0,0,2,2,2,2,2,2,2,4,3,1,4,4,4,0,1,1,1,2,3,1,4,3,0,2,4,4,0,0,4,4,4,4,4,0,3,4,1,0,2,1,3,1,1,3,3,4,4,4,3,4,3,4,0,0,4,1,1,3,2,2,3,3,3,0,2,0,3,3,3,4,3,0,0,0,0,1,3,3,4,1,4,0,0,3,3,0,2,2,1,2,3,0,1,2,0,3,4,3,4,3,1,0,0,1,4,2,3,2,0,2,2,3,0,0,3,3,1,1,1,2,2,0,2,2,0,2,3,2,2,1,0,2,2,4,4,3,0"
123,1.078188179127442,"0,3,0,0,3,4,1,2,4,2,4,4,3,3,3,1,2,0,3,1,0,0,1,0,3,2,0,1,2,1,3,4,1,4,1,4,1,4,0,1,4,4,3,1,1,1,4,3,2,3,2,1,0,3,3,0,3,4,1,2,2,0,2,1,4,3,1,3,2,4,4,1,1,0,0,1,4,4,1,0,3,1,0,3,1,0,2,1,2,4,1,0,2,0,4,1,1,0,1,4,2,2,3,1,4,3,2,1,1,3,4,2,2,3,1,1,0,3,2,2,0,2,2,4,1,4,4,4,1,0,1,4,3,0,3,4,4,3,0,1,0,2,2,2,2,2,2,4,4,3,1,4,4,4,0,1,1,1,2,3,1,4,3,0,2,4,4,0,0,4,4,4,4,4,0,3,4,1,0,2,1,3,1,1,3,3,4,4,4,3,4,3,4,0,0,4,3,1,3,2,2,3,4,3,2,2,0,3,2,3,4,3,0,0,1,0,1,3,0,4,1,4,0,0,3,3,0,2,2,3,2,3,0,1,2,0,3,4,3,4,3,1,0,0,1,3,2,3,2,0,2,2,3,0,0,3,3,1,1,1,2,2,0,2,2,0,2,3,2,2,1,0,2,2,4,4,3,0"
124,1.281896056012689,"0,3,0,0,3,4,1,2,4,2,4,4,3,3,3,1,2,0,3,1,0,0,1,0,3,2,0,1,2,1,3,4,1,4,1,4,1,4,0,1,4,4,3,1,1,1,4,3,2,3,2,1,0,3,3,2,3,4,1,2,2,0,2,1,4,3,1,3,2,4,4,1,1,0,0,1,4,4,1,0,0,1,0,3,1,0,2,2,2,4,0,0,2,1,4,1,1,0,1,4,2,2,3,1,4,3,2,1,1,3,4,2,2,3,1,1,0,3,2,2,0,2,2,4,1,4,4,4,1,0,1,4,3,0,0,4,4,3,0,0,0,2,2,2,2,2,2,2,4,3,1,4,4,4,0,1,1,1,2,3,1,4,3,0,2,4,1,0,0,4,4,4,4,4,0,3,4,1,0,2,1,3,1,1,3,3,4,4,4,3,4,3,4,0,0,4,3,1,3,2,2,3,3,3,2,2,0,3,3,3,4,3,0,0,0,0,1,3,3,4,1,4,0,0,3,3,0,2,2,1,2,3,0,1,2,0,3,4,3,4,3,1,0,0,1,1,2,3,2,0,2,2,3,0,0,3,3,1,1,1,2,2,0,2,2,0,2,3,2,2,1,0,2,2,4,4,3,0"
125,1.3621597581010083,"0,3,0,0,3,4,1,2,4,2,4,4,3,3,3,1,2,0,3,1,0,0,1,0,3,2,0,1,2,1,3,4,1,4,1,4,1,4,0,1,4,4,3,1,1,1,4,3,2,3,2,1,0,3,3,2,3,4,1,2,2,0,2,1,4,3,1,3,2,4,4,1,1,0,0,1,4,4,1,0,0,1,0,3,1,0,2,2,2,4,0,0,2,1,4,1,1,0,1,4,2,2,3,0,4,3,2,1,1,3,4,2,2,3,1,1,0,3,2,2,0,2,2,4,1,4,4,4,1,0,1,4,3,0,0,4,4,3,0,0,0,2,2,2,2,2,2,2,1,3,1,4,4,4,0,4,1,1,2,3,1,4,3,0,2,4,4,0,0,4,4,4,4,4,0,3,4,1,0,2,1,3,1,1,3,3,4,4,4,3,4,3,4,0,0,4,3,1,3,2,2,3,3,3,2,2,0,3,3,3,4,3,0,0,0,0,1,3,3,4,1,4,0,0,3,3,0,2,2,1,2,3,0,1,2,0,3,4,3,4,3,1,0,0,1,1,2,3,2,0,2,2,3,0,0,3,3,1,1,1,2,2,0,2,2,0,2,3,2,2,1,0,2,2,4,4,3,0"
126,1.3614820107118097,"0,3,0,0,3,4,1,2,4,2,4,4,3,3,3,1,2,0,3,1,0,0,1,0,3,2,0,1,2,1,3,4,1,4,1,4,1,4,0,1,4,4,3,1,1,1,4,3,2,3,2,1,0,3,3,2,3,4,1,2,2,0,2,1,4,3,1,3,2,4,4,1,1,0,0,1,4,4,1,0,0,1,0,3,1,0,2,2,2,4,0,0,2,1,4,1,1,0,1,4,2,2,3,0,4,3,2,1,1,3,4,2,2,3,1,1,0,3,2,2,0,2,2,4,1,4,4,4,1,0,1,4,3,0,0,4,4,3,0,0,0,2,2,2,2,2,2,2,1,3,1,4,4,4,0,4,1,1,2,3,1,4,3,0,2,4,4,0,0,4,4,4,4,4,0,3,4,1,0,2,1,3,1,1,3,3,4,4,4,3,4,3,4,0,0,4,3,1,3,2,2,3,3,3,2,2,0,3,3,3,4,3,0,0,0,0,1,3,3,4,1,4,4,0,3,3,0,2,2,1,2,3,0,1,2,0,3,4,3,4,3,1,0,0,1,1,2,3,2,0,2,2,3,0,0,3,1,1,1,1,2,2,0,2,2,0,2,3,2,2,1,0,2,2,4,4,3,0"
127,1.3622899711387881,"0,3,0,0,3,4,1,2,4,2,4,4,3,3,3,1,2,0,3,1,0,0,1,0,3,2,0,1,2,1,3,4,1,4,1,4,1,4,0,1,4,4,3,1,1,1,4,3,2,3,2,1,0,3,3,2,3,4,1,2,2,0,2,1,4,3,1,3,2,4,4,1,1,0,0,0,4,4,1,0,0,1,0,3,1,0,2,2,2,4,0,0,2,1,4,1,1,0,1,4,2,2,3,0,4,3,2,1,1,3,4,2,2,3,1,1,0,3,2,2,0,2,2,4,1,4,4,4,1,0,1,4,3,0,0,4,4,3,0,0,0,2,2,2,2,2,2,2,1,3,1,4,4,4,0,4,1,1,2,3,1,4,3,0,2,4,4,0,0,4,4,4,4,4,0,3,4,1,0,2,1,3,1,1,3,3,4,4,4,3,4,3,4,0,0,4,3,1,3,2,2,3,3,3,2,2,0,3,3,3,4,3,0,0,0,0,1,3,3,4,1,4,0,0,3,3,0,2,2,1,2,3,3,1,2,0,3,4,3,4,3,1,0,0,1,1,2,3,2,0,2,2,3,0,0,3,1,1,1,1,2,2,0,2,2,0,2,3,2,2,1,0,2,2,4,4,3,0"
128,1.362238339449016,"0,3,0,0,3,4,1,2,4,2,4,4,3,3,3,1,2,0,3,1,0,0,1,0,3,2,0,1,2,1,3,4,1,4,1,4,1,4,0,1,4,4,3,1,1,1,4,3,2,3,2,1,0,3,1,2,3,4,1,2,2,0,2,1,4,3,1,3,2,4,4,1,1,0,0,0,4,4,1,0,0,1,0,3,1,0,2,2,2,4,0,0,2,1,4,1,1,0,1,4,2,2,3,0,4,3,2,1,1,3,4,2,2,3,1,1,0,3,3,2,0,2,2,4,1,4,4,4,1,0,1,4,3,0,0,4,4,3,0,0,0,2,2,2,2,2,2,2,1,3,1,4,4,4,0,4,1,1,2,3,1,4,3,0,2,4,4,0,0,4,4,4,4,4,0,3,4,1,0,2,1,3,1,1,3,3,4,4,4,3,4,3,4,0,0,4,3,1,3,2,2,3,3,3,2,2,0,3,3,3,4,3,0,0,0,0,1,3,3,4,1,4,0,0,3,3,0,2,2,1,2,3,3,1,2,0,3,4,3,4,3,1,0,0,1,1,2,3,2,0,2,2,3,0,0,3,1,1,1,1,2,2,0,2,2,0,2,3,2,2,2,0,2,2,4,4,3,0"
129,1.3219779242703031,"0,3,0,0,3,4,1,2,4,2,4,4,3,3,3,1,2,0,3,1,0,0,1,0,3,2,0,1,2,1,3,4,1,4,1,4,1,4,0,1,4,4,3,1,1,1,4,3,2,3,2,1,0,3,1,2,3,4,1,2,2,0,2,1,4,3,1,3,2,4,4,1,1,0,0,0,4,4,1,0,0,1,0,3,1,0,2,2,2,4,0,0,2,1,4,1,1,0,1,4,2,2,3,0,4,3,2,1,1,3,4,2,2,3,1,1,0,3,3,2,0,2,2,4,1,4,4,4,1,0,1,4,3,0,0,4,4,3,0,0,0,2,2,2,2,2,2,2,1,3,1,4,4,4,0,4,1,4,2,3,1,4,3,0,2,4,4,0,0,4,4,4,4,4,0,3,4,1,0,2,1,3,1,1,3,3,4,4,4,3,4,3,4,0,0,4,3,1,3,2,2,3,3,3,2,2,0,3,3,3,4,3,0,0,0,0,1,3,3,4,1,4,0,0,3,3,0,2,2,1,2,3,3,1,2,0,3,4,3,4,3,1,0,0,1,1,2,3,2,0,2,2,3,0,0,3,1,1,1,1,2,2,0,2,2,0,2,3,2,2,2,0,2,2,4,4,3,0"
130,1.3224047460350934,"0,3,0,0,3,4,1,2,4,2,4,4,3,3,3,1,2,0,3,1,0,0,1,0,3,2,0,1,2,1,3,4,1,4,1,4,1,4,0,1,4,4,3,1,1,1,4,3,2,3,2,1,0,3,1,2,3,4,1,2,2,0,2,1,4,3,1,3,2,4,4,1,1,0,0,0,4,4,1,0,0,1,0,3,1,0,2,2,2,4,0,0,2,1,4,1,1,0,1,4,2,2,3,0,4,3,2,1,1,3,4,2,2,3,1,1,0,3,3,2,0,2,2,4,1,4,4,4,1,0,1,4,3,0,0,4,4,3,0,0,0,2,2,2,2,2,2,2,1,3,1,4,4,4,0,4,1,4,2,3,1,4,3,0,2,4,4,0,0,4,4,4,4,4,0,3,4,1,0,2,1,3,1,1,3,3,4,4,4,3,4,3,4,0,0,4,3,1,3,2,2,3,3,3,2,2,0,3,3,3,4,3,0,0,0,0,1,3,3,4,1,4,0,0,3,3,0,2,2,1,2,3,3,1,2,0,3,4,3,4,3,1,0,0,1,1,2,3,2,0,2,2,3,0,0,3,1,1,1,1,2,2,0,2,2,3,2,3,2,2,2,0,2,2,4,4,0,0"
131,1.1619489346870926,"0,3,0,0,3,4,1,2,4,2,4,4,3,3,3,1,2,0,3,1,0,0,1,0,3,2,0,1,2,1,3,4,1,4,1,4,1,4,0,1,4,4,3,1,1,1,4,3,2,3,2,1,0,3,1,2,3,4,1,2,2,0,2,1,4,3,1,3,2,4,4,1,1,0,0,0,4,4,1,0,0,1,0,3,1,0,2,2,2,4,0,0,2,1,4,1,1,0,1,4,2,2,3,0,4,3,2,1,1,3,4,2,2,3,1,1,0,3,3,2,0,2,2,4,1,4,4,4,1,0,1,4,3,0,0,4,4,3,0,0,0,2,2,2,2,2,2,2,1,3,1,4,4,4,0,4,1,4,2,3,1,4,3,0,2,4,4,0,0,4,4,4,4,4,0,3,4,1,0,2,1,3,1,1,3,3,4,4,4,3,4,3,4,0,0,4,3,1,3,2,2,3,3,3,2,2,0,3,3,3,4,3,0,0,0,0,1,3,3,4,1,4,0,0,3,3,0,2,2,1,1,3,3,1,2,0,3,4,3,4,3,3,0,0,1,1,2,3,2,0,2,2,3,0,0,3,1,1,1,1,2,2,0,0,2,0,2,3,2,2,1,4,2,2,4,4,3,0"
132,1.3633005953552684,"0,3,0,0,3,4,1,2,4,2,4,4,3,3,3,1,2,0,3,1,0,0,2,0,3,2,0,1,2,1,3,4,1,4,1,4,1,4,0,1,4,4,3,1,1,1,4,3,2,3,2,1,0,3,1,2,3,4,1,2,2,0,1,1,4,3,1,3,2,4,4,1,1,0,0,0,4,4,1,0,0,1,0,3,1,0,2,2,2,4,0,0,2,1,4,1,1,0,1,4,2,2,3,0,4,3,2,1,1,3,4,2,2,3,1,1,0,3,2,2,0,2,2,4,1,4,4,4,1,0,1,4,3,0,0,4,4,3,0,0,0,2,2,2,2,2,2,2,1,3,1,4,4,4,0,4,1,1,2,3,1,4,3,0,2,4,4,0,0,4,4,4,4,4,0,3,4,1,0,2,1,3,1,1,3,3,4,4,4,3,4,3,4,0,0,4,3,3,3,2,2,3,3,3,2,2,0,3,3,3,4,3,0,0,0,0,1,3,3,4,1,4,0,0,3,3,0,2,2,1,1,3,3,1,2,0,3,4,3,4,3,1,0,0,1,1,2,3,2,0,2,2,3,0,0,3,1,1,1,1,2,2,0,2,2,0,2,3,2,2,1,4,2,2,4,4,3,0"
133,1.363700514429753,"0,3,0,0,3,4,1,2,4,2,4,4,3,3,3,1,2,0,3,1,0,0,2,0,3,2,0,1,2,1,3,4,1,4,1,4,1,4,0,1,4,4,3,1,1,1,4,3,2,3,2,1,0,3,1,2,3,4,1,2,2,0,1,1,4,3,1,3,2,4,4,1,1,0,0,0,4,4,1,0,0,1,0,3,1,0,2,2,2,4,0,0,2,1,4,1,1,0,1,4,2,2,3,0,4,3,2,1,1,3,4,2,2,3,1,1,0,3,2,2,0,2,2,4,1,4,4,4,1,0,1,4,3,0,0,4,4,3,0,0,0,2,2,2,2,2,2,2,1,3,1,4,4,4,0,4,1,1,2,3,1,4,3,0,2,4,4,0,0,4,4,4,4,4,0,3,4,1,0,2,1,3,1,1,3,3,4,4,4,3,4,3,4,0,0,4,3,3,3,2,2,3,3,3,2,2,0,3,3,3,0,3,0,0,0,0,1,3,3,4,1,4,0,0,3,3,0,2,2,1,1,3,3,1,2,0,3,4,3,4,3,1,0,0,2,1,2,3,2,0,2,2,3,0,0,3,1,1,1,1,2,2,0,2,2,0,2,3,2,2,1,4,2,2,4,4,3,0"
134,1.363818151436222,"0,3,0,0,3,4,1,2,4,2,4,4,3,3,3,1,2,0,3,1,0,0,2,0,3,2,0,1,2,1,3,4,1,4,1,4,1,4,0,1,4,4,3,1,1,1,4,3,2,3,2,1,0,3,1,2,3,4,1,2,2,0,1,1,4,3,1,3,2,4,4,1,1,0,0,0,4,4,1,0,0,1,0,3,1,0,2,2,2,4,0,0,2,1,4,1,1,0,1,4,2,2,3,0,4,3,2,1,1,3,4,2,2,3,1,1,0,3,2,2,0,2,2,4,1,4,4,4,1,0,1,4,3,0,0,4,4,3,0,0,0,2,2,2,2,2,2,2,1,3,1,4,4,4,0,4,1,1,2,3,1,4,3,0,2,4,4,0,0,4,4,4,4,4,0,3,4,1,0,2,1,2,1,1,3,3,4,4,4,3,4,3,4,0,0,4,3,3,3,2,2,3,3,3,2,2,0,3,3,3,0,3,0,0,0,0,1,3,3,4,1,4,0,0,3,3,0,2,2,1,1,3,3,1,2,0,3,4,3,4,3,1,0,0,1,1,2,3,2,0,2,2,3,0,0,3,1,1,1,1,2,2,0,2,2,0,2,3,2,2,1,4,2,2,4,4,3,0"
135,1.3240129789705877,"0,3,0,0,3,4,1,2,4,2,4,4,3,3,3,1,2,0,3,1,0,0,2,0,3,2,0,1,2,1,3,4,1,4,1,4,1,4,0,1,4,4,3,1,1,1,4,3,2,3,2,1,0,3,1,2,3,4,1,2,2,0,1,1,4,3,1,3,2,4,4,1,1,0,0,0,4,4,1,0,0,1,0,3,1,0,2,2,2,4,0,0,2,1,4,1,1,0,1,4,2,2,3,0,4,3,2,1,1,3,4,2,2,3,1,1,0,3,2,2,0,2,2,4,1,4,4,4,1,0,1,4,3,0,0,4,4,3,0,0,0,2,2,2,2,2,2,2,1,3,1,4,4,4,0,4,1,1,2,3,1,4,3,0,2,4,4,0,0,4,4,4,4,4,0,3,4,3,0,2,1,2,1,1,3,3,4,4,4,3,4,3,4,0,0,4,3,3,3,2,2,3,3,3,2,2,0,3,3,3,0,3,0,0,0,0,1,3,3,4,1,4,0,0,3,3,0,2,2,1,1,3,3,1,2,0,3,4,3,4,3,1,0,0,1,1,2,3,2,0,2,2,3,0,0,3,1,1,1,1,2,2,0,2,2,3,2,3,2,2,1,4,2,2,4,4,3,0"
136,1.3642647298107617,"0,3,0,0,3,4,1,2,4,2,4,4,3,3,3,1,2,0,3,1,0,0,2,0,3,2,0,1,2,1,3,4,1,4,1,4,1,4,0,1,4,4,3,1,1,1,4,3,2,3,2,1,0,3,1,2,3,4,1,2,2,0,1,1,4,3,1,3,2,4,4,1,1,0,0,0,4,4,1,0,0,1,0,3,1,0,2,2,2,4,0,0,2,1,4,1,1,0,1,4,2,2,3,0,4,3,2,1,1,3,4,2,2,3,1,1,0,3,2,2,0,2,2,4,1,4,4,4,1,0,1,4,3,0,0,4,4,3,0,0,0,2,2,2,2,2,2,2,1,3,1,4,4,4,0,4,1,1,2,3,1,4,3,0,2,4,4,0,0,4,4,4,4,4,0,3,4,0,0,2,1,2,1,1,3,3,4,4,4,3,4,3,4,0,0,4,3,3,3,2,2,3,3,3,2,2,0,3,3,3,0,3,0,0,0,0,1,3,3,4,1,4,0,0,3,3,0,2,2,1,1,3,3,1,2,0,3,4,3,4,3,1,0,0,1,1,2,3,2,0,2,2,3,0,0,3,1,1,1,1,2,2,0,2,2,3,2,3,2,2,1,4,2,2,4,4,3,0"
137,1.3635176756879068,"0,3,0,0,3,4,1,2,4,2,4,4,3,3,3,1,2,0,3,1,0,0,2,0,3,2,0,1,2,1,3,4,1,4,1,4,1,4,0,1,4,4,3,1,1,1,4,3,2,3,2,1,0,3,1,2,3,4,1,2,2,0,1,1,4,3,1,3,2,4,4,1,1,0,0,0,4,4,1,0,0,1,0,3,1,0,2,2,2,4,0,0,2,1,4,1,1,0,1,4,2,2,3,0,4,3,2,1,1,3,4,2,2,3,1,1,0,3,2,2,0,2,2,4,1,4,4,4,1,0,1,4,3,0,0,4,4,3,0,0,0,2,2,2,2,2,2,2,1,3,1,4,4,4,0,4,1,1,2,3,1,4,3,0,2,4,4,0,0,4,4,4,4,4,0,3,4,0,0,2,1,2,1,1,3,3,4,4,4,3,4,3,4,0,0,4,3,3,3,2,2,3,3,3,2,2,0,3,3,3,0,3,0,0,0,0,1,3,3,4,1,4,0,0,3,3,0,2,2,1,1,3,3,1,2,0,0,4,3,4,3,1,0,0,1,1,2,3,2,0,2,2,3,1,4,3,1,1,1,1,2,2,0,2,2,3,2,3,2,2,1,4,2,2,4,4,3,0"
138,1.3640497396880202,"0,3,0,0,3,4,1,2,4,2,4,4,3,3,3,1,2,0,3,1,0,0,2,0,3,2,0,1,2,1,3,4,1,4,1,4,1,4,0,1,4,4,3,1,1,1,4,3,2,3,2,1,0,3,1,2,3,4,1,2,2,0,1,1,4,3,1,3,2,4,4,1,1,0,0,0,4,4,1,0,0,1,0,3,1,0,2,2,2,4,0,0,2,1,4,1,1,0,1,4,2,2,3,0,4,3,2,1,1,3,4,2,2,3,1,1,0,3,2,2,0,2,2,4,1,4,4,4,1,0,1,4,3,0,0,4,4,3,0,0,0,2,2,2,2,2,2,2,1,3,1,4,4,4,0,4,1,1,2,3,1,4,3,0,1,4,4,0,0,4,4,4,4,4,0,3,4,0,0,2,1,2,1,1,3,3,4,4,4,3,4,3,4,0,0,4,3,3,3,2,2,3,3,3,2,2,0,3,3,3,0,3,0,0,0,0,1,3,3,4,1,4,0,0,3,3,0,2,2,1,1,3,3,1,2,0,3,4,3,4,3,1,0,0,1,1,2,3,2,0,2,2,3,0,0,3,1,1,1,1,2,2,0,2,2,3,2,3,2,2,1,4,2,2,4,4,3,0"
139,1.365005637777261,"0,3,0,0,3,4,1,2,4,2,4,4,3,3,3,1,2,0,3,1,0,0,2,0,3,2,0,1,2,1,3,4,1,4,1,4,1,4,0,1,4,4,3,1,1,4,4,3,2,3,2,1,0,3,1,2,3,4,1,2,2,0,1,1,4,3,1,3,2,4,4,1,1,0,0,0,4,4,1,0,0,1,0,3,1,0,2,2,2,4,0,0,2,1,4,1,1,0,1,4,2,2,3,0,4,3,2,1,1,3,4,2,2,3,1,1,0,3,2,2,2,2,2,4,1,4,4,4,1,0,1,4,3,0,0,4,4,3,0,0,0,2,2,2,2,2,2,2,1,3,1,4,4,4,0,4,1,1,2,3,1,4,3,0,1,4,4,0,0,4,4,4,4,4,0,3,4,0,0,2,1,2,1,1,3,3,4,4,4,3,0,3,4,0,0,4,3,3,3,2,2,3,3,3,2,2,0,3,3,3,0,3,0,0,0,0,1,3,3,4,1,4,0,0,3,3,0,2,2,1,1,3,3,1,2,0,3,4,3,4,3,1,0,0,1,1,2,3,2,0,2,2,3,0,0,3,1,1,1,1,2,2,0,2,2,3,2,3,2,2,1,4,2,2,4,4,3,0"
140,1.283748203169899,"0,3,0,0,3,4,1,2,4,2,4,4,3,3,3,1,2,0,3,1,0,0,2,0,3,2,0,1,2,1,3,4,1,4,1,4,1,4,0,1,4,4,3,1,1,4,4,3,2,3,2,1,0,3,1,2,3,4,1,2,2,0,1,1,4,3,1,3,2,4,4,4,1,0,0,0,4,4,1,0,0,1,0,3,1,0,2,2,2,4,0,0,2,1,4,1,1,0,1,4,2,2,3,0,4,3,2,1,1,3,4,2,2,3,1,1,0,3,2,2,2,2,2,4,1,4,4,4,1,0,1,4,3,0,0,4,4,3,0,0,0,2,2,2,2,2,2,2,1,3,1,4,4,4,0,4,1,1,2,3,1,4,3,0,1,4,4,0,0,4,4,4,4,4,0,3,4,0,0,2,1,2,1,1,3,3,4,4,4,3,0,3,4,0,0,4,3,3,3,2,2,3,3,3,2,2,0,3,3,3,0,3,0,4,0,0,1,3,3,4,1,4,0,0,3,3,0,2,2,1,1,3,3,1,2,0,3,4,3,4,3,1,0,0,1,1,2,3,2,0,2,2,3,0,0,3,1,1,1,1,2,2,0,2,2,3,2,3,2,2,1,4,2,2,4,4,3,0"
141,1.365005637777261,"0,3,0,0,3,4,1,2,4,2,4,4,3,3,3,1,2,0,3,1,0,0,2,0,3,2,0,1,2,1,3,4,1,4,1,4,1,4,0,1,4,4,3,1,1,4,4,3,2,3,2,1,0,3,1,2,3,4,1,2,2,0,1,1,4,3,1,3,2,4,4,1,1,0,0,0,4,4,1,0,0,1,0,3,1,0,2,2,2,4,0,0,2,1,4,1,1,0,1,4,2,2,3,0,4,3,2,1,1,3,4,2,2,3,1,1,0,3,2,2,2,2,2,4,1,4,4,4,1,0,1,4,3,0,0,4,4,3,0,0,0,2,2,2,2,2,2,2,1,3,1,4,4,4,0,4,1,1,2,3,1,4,3,0,1,4,4,0,0,4,4,4,4,4,0,3,4,0,0,2,1,2,1,1,3,3,4,4,4,3,0,3,4,0,0,4,3,3,3,2,2,3,3,3,2,2,0,3,3,3,0,3,0,0,0,0,1,3,3,4,1,4,0,0,3,3,0,2,2,1,1,3,3,1,2,0,3,4,3,4,3,1,0,0,1,1,2,3,2,0,2,2,3,0,0,3,1,1,1,1,2,2,0,2,2,3,2,3,2,2,1,4,2,2,4,4,3,0"
142,1.122848234425381,"0,3,0,0,3,4,1,2,4,2,4,4,3,3,1,1,2,0,3,1,0,0,2,0,3,2,0,0,2,1,3,4,1,4,1,4,1,4,0,1,4,4,3,1,1,4,4,3,2,3,2,1,0,3,1,2,3,4,1,2,2,0,1,1,4,3,1,3,2,4,4,1,1,0,0,0,4,4,1,0,0,1,0,3,1,0,2,2,2,4,0,0,2,1,4,1,1,3,1,4,2,2,3,0,4,3,2,1,1,3,4,2,2,3,1,1,0,3,2,2,2,2,2,4,1,4,4,4,1,0,1,4,3,0,0,4,4,3,0,0,0,2,2,2,2,2,2,2,1,3,1,4,4,4,0,4,1,1,2,3,1,4,3,0,1,4,4,0,0,4,4,4,4,4,0,3,4,0,0,2,1,2,1,1,3,3,4,4,4,3,0,3,4,0,0,4,3,3,3,2,2,3,3,3,2,2,0,3,3,3,0,3,0,0,0,0,1,3,3,4,1,4,0,0,3,3,0,2,2,1,1,3,3,1,2,0,3,4,0,4,2,1,0,0,1,1,2,3,2,4,2,4,3,0,0,3,1,1,1,1,2,2,1,2,2,3,2,4,2,2,1,4,2,0,4,4,3,0"
143,1.3650633727991373,"0,3,0,0,3,4,1,2,4,2,4,4,3,3,1,1,2,0,3,1,0,0,2,0,3,2,0,0,2,1,3,4,1,4,1,4,1,4,0,1,4,4,3,1,1,4,4,3,2,3,2,1,0,3,1,2,3,4,1,2,2,0,1,1,4,3,1,3,2,4,4,1,1,0,0,0,4,4,1,0,0,1,0,3,1,0,2,2,2,4,0,0,2,1,4,1,1,3,1,4,2,2,3,0,4,3,2,1,1,3,4,2,2,3,1,1,0,3,2,2,2,2,2,4,1,4,4,4,1,0,1,4,3,0,0,4,4,3,0,0,0,2,2,2,2,2,2,2,1,3,1,4,4,4,0,4,1,1,2,3,1,4,3,0,1,4,4,0,0,4,4,4,4,4,0,3,4,0,0,2,1,2,1,1,3,3,4,4,4,3,0,3,4,0,0,4,3,3,3,2,2,3,3,3,2,2,0,3,3,3,0,3,0,0,0,0,1,3,3,4,1,4,0,0,3,3,0,2,2,1,1,3,3,1,2,0,3,4,3,4,3,1,0,0,1,1,2,3,2,0,2,2,3,0,0,3,1,1,1,1,2,2,0,2,2,3,2,3,2,2,1,4,2,2,4,4,3,0"
144,1.3648910246483408,"0,3,0,0,3,4,1,2,4,2,4,4,3,3,1,1,2,0,3,1,0,0,2,0,3,2,0,0,2,1,3,4,1,4,1,4,1,4,0,1,4,4,3,1,1,4,4,3,2,3,2,1,0,3,1,2,3,4,1,2,2,0,1,1,4,3,1,3,2,4,4,1,1,0,0,1,4,4,1,0,0,1,0,3,1,0,2,2,2,4,0,0,2,1,4,1,1,3,1,4,2,2,3,0,4,3,2,1,1,3,4,2,2,3,1,1,0,3,2,3,2,2,2,4,1,4,4,4,1,0,1,4,3,0,0,4,4,3,0,0,0,2,2,2,2,2,2,2,1,3,1,4,4,4,0,4,1,1,2,3,1,4,3,0,1,4,4,0,0,4,4,4,4,4,0,3,4,0,0,2,1,2,1,1,3,3,4,4,4,3,0,3,4,0,0,4,3,3,3,2,2,3,3,3,2,2,0,3,3,3,0,3,0,0,0,0,1,3,3,4,1,4,0,0,3,3,0,2,2,1,1,3,3,1,2,0,3,4,3,4,3,1,0,0,1,1,2,3,2,0,2,2,3,0,0,3,1,1,1,1,2,2,0,2,2,3,2,2,2,2,1,4,2,2,4,4,3,0"
145,1.324763483237314,"0,3,0,0,3,4,1,2,4,2,4,4,3,3,1,1,2,0,3,1,0,0,2,0,3,2,4,0,2,1,3,4,1,4,1,4,1,4,0,1,4,4,3,1,1,4,4,3,2,3,2,1,0,3,1,2,3,4,1,2,2,0,1,1,4,3,1,3,2,4,4,1,1,0,0,1,4,4,1,0,0,1,0,3,1,0,2,2,2,4,0,0,2,1,4,1,1,3,1,4,2,2,3,0,4,3,2,1,1,3,4,2,2,3,1,1,0,3,2,2,2,2,2,4,1,4,4,4,1,0,1,4,3,0,0,4,4,3,0,0,0,2,2,2,2,2,2,2,1,3,1,4,4,4,0,4,1,1,2,3,1,4,3,0,1,4,4,0,0,4,4,4,4,4,0,3,4,0,0,2,1,2,1,1,3,3,4,4,4,3,0,3,4,0,0,4,3,3,3,2,2,3,3,3,2,2,0,3,3,3,0,3,0,0,0,0,1,3,3,4,1,4,0,0,3,3,0,2,2,1,1,3,3,1,2,0,3,4,3,4,3,1,0,0,1,1,2,3,2,0,2,2,3,0,0,3,1,1,1,1,2,2,0,2,2,3,2,3,2,2,1,4,2,2,4,4,3,0"
146,1.2021352228325026,"0,3,0,0,3,4,1,2,4,2,4,4,3,3,1,1,2,0,3,1,0,0,2,0,3,2,4,0,2,1,3,4,1,4,1,4,1,4,0,1,4,4,3,1,1,4,4,3,2,3,2,1,0,3,1,2,3,4,1,2,2,0,1,1,4,3,1,3,2,4,4,1,1,0,0,1,4,4,1,0,0,1,0,3,1,0,1,2,2,4,0,0,2,1,0,1,4,3,1,4,2,2,3,0,4,3,2,1,1,3,2,2,2,4,1,1,0,1,3,2,2,2,2,4,1,4,4,0,1,0,1,4,3,3,0,4,4,3,0,0,0,2,2,2,2,2,2,2,1,3,1,4,4,4,0,4,1,1,2,3,1,4,3,0,1,4,4,0,0,4,4,4,4,4,0,3,4,0,0,2,1,2,1,1,3,1,4,4,4,3,0,3,4,0,0,4,3,3,3,2,2,3,3,3,2,2,0,3,3,3,0,3,0,0,0,0,1,3,3,4,1,4,0,0,3,3,0,2,2,1,1,3,3,1,2,0,3,4,3,4,3,1,0,0,1,1,2,3,2,0,2,2,3,0,0,3,1,1,1,1,2,2,0,2,2,3,2,0,2,2,1,4,2,2,4,4,3,0"
147,1.1217723665615302,"0,3,0,0,3,4,1,2,4,2,4,4,3,3,1,1,2,0,3,1,0,0,2,0,3,2,4,0,2,1,3,4,1,4,1,4,1,4,0,1,4,4,3,1,1,4,4,3,2,3,2,1,0,3,1,2,3,4,1,2,2,0,1,1,4,3,1,3,2,4,4,1,1,0,0,1,4,4,1,0,0,1,0,3,1,0,1,2,2,4,0,0,2,1,0,1,4,3,1,4,2,2,3,0,4,3,2,1,1,3,2,2,2,4,1,1,0,1,3,2,2,2,2,4,1,4,4,0,1,0,1,4,3,3,0,4,4,3,0,0,0,2,2,2,2,2,2,2,1,3,1,4,4,4,0,4,1,1,2,3,1,4,3,0,1,4,4,0,0,4,4,4,4,4,0,3,4,0,0,2,1,2,1,1,3,1,4,4,4,3,0,3,4,0,0,4,3,3,3,2,2,3,3,3,2,2,0,3,3,2,0,3,0,0,0,0,1,3,3,4,1,4,0,0,3,3,0,2,2,1,4,3,3,1,2,0,3,4,3,4,3,1,0,0,1,1,2,3,2,0,2,2,3,0,0,3,0,1,1,1,2,2,0,2,2,3,2,2,2,2,1,2,2,2,4,4,3,0"
148,1.2047262072335951,"0,3,0,0,3,4,1,2,4,2,4,4,3,3,1,1,2,0,3,1,0,0,2,0,3,2,4,0,2,1,3,4,1,4,1,4,1,4,0,1,4,4,3,1,1,4,4,3,2,3,2,1,0,3,1,2,3,4,1,2,2,0,1,1,4,3,1,3,2,4,4,1,1,0,0,1,4,4,1,0,0,1,0,3,1,0,2,2,2,4,0,0,2,1,4,1,1,3,1,4,2,2,3,0,3,3,2,1,1,3,4,2,2,3,1,1,0,3,2,2,2,2,2,4,1,4,4,4,1,4,1,4,3,0,0,4,4,3,0,0,2,2,2,2,2,2,2,2,1,3,1,4,4,4,0,4,1,0,2,3,1,4,3,0,1,4,4,0,0,4,4,4,4,4,0,3,4,0,0,2,1,2,1,1,3,3,4,4,4,3,0,3,4,0,0,4,3,3,3,2,2,3,3,3,2,2,0,3,3,3,4,3,0,0,0,0,1,3,3,4,1,4,0,0,3,3,0,2,2,1,1,1,3,1,2,0,3,4,3,4,3,1,0,0,1,1,2,3,2,0,2,2,3,0,0,3,1,1,1,1,2,2,0,2,2,3,2,3,2,2,1,4,0,2,4,4,3,0"
149,1.3251442505883617,"0,3,0,0,3,4,1,2,4,2,4,4,3,3,1,1,2,0,3,1,0,0,2,0,3,2,4,0,2,1,3,4,1,4,1,4,1,4,0,1,4,0,3,1,1,4,4,3,2,3,2,1,0,3,1,2,3,4,1,2,2,0,1,1,4,3,1,3,2,4,4,1,1,0,0,1,4,4,1,0,0,1,0,3,1,0,2,2,2,4,0,0,2,1,4,1,1,3,1,4,2,2,3,0,3,3,2,1,1,3,4,2,2,3,1,1,0,3,2,2,2,2,2,4,1,4,4,4,1,4,1,4,3,0,0,4,4,3,0,0,2,2,2,2,2,2,2,2,1,3,1,4,4,4,0,4,1,0,2,3,1,4,3,0,1,4,4,0,0,4,4,4,4,4,0,3,4,0,0,2,1,2,1,1,3,3,4,4,4,3,0,3,4,0,0,4,3,3,3,2,2,3,3,3,2,2,0,3,3,3,4,3,0,0,0,0,1,3,3,4,1,4,0,0,3,3,0,2,2,1,1,1,3,1,2,0,3,4,3,4,3,1,0,0,1,1,2,3,2,0,2,2,3,0,0,3,1,1,1,1,2,2,0,2,2,3,2,3,2,2,1,4,0,2,4,4,3,0"
150,1.2057874410137908,"0,3,0,0,3,4,1,2,4,2,4,4,3,3,1,1,2,0,3,1,0,0,2,0,3,2,4,0,2,1,3,4,1,4,1,4,1,4,0,1,4,4,3,1,1,4,4,3,2,3,2,1,1,3,1,2,3,4,1,2,2,0,1,1,4,3,1,3,2,4,4,1,1,0,0,1,4,4,1,0,0,1,0,3,1,0,2,2,2,4,0,0,2,1,4,1,1,4,1,4,2,2,3,0,4,3,2,1,1,3,4,2,2,1,1,1,0,3,2,2,2,2,2,4,1,4,4,4,1,0,1,3,3,0,0,4,4,3,0,0,0,2,2,2,2,2,2,2,1,3,1,4,4,4,0,4,1,1,2,3,1,3,3,0,1,4,4,0,0,4,4,4,4,4,0,3,4,0,0,2,1,2,1,1,3,3,4,4,4,3,0,3,3,0,0,3,3,3,3,2,2,3,3,3,2,2,0,3,3,3,0,3,0,0,0,0,1,3,3,0,1,0,0,0,3,3,0,2,2,1,4,3,3,1,2,0,3,4,3,4,3,1,0,0,1,1,2,3,0,4,2,2,3,0,0,3,4,1,1,1,2,2,0,2,2,0,2,3,2,2,1,2,2,2,4,4,3,0"
151,0.8454590898460268,"0,3,0,0,3,4,1,2,4,2,4,4,3,3,1,1,2,0,3,1,0,0,2,0,3,2,4,0,2,1,3,4,1,4,1,4,1,4,0,1,4,4,3,0,1,4,4,3,2,3,2,1,1,3,1,2,3,4,1,2,2,0,1,2,4,3,1,3,2,4,4,1,1,0,0,1,4,4,1,0,0,1,0,3,1,0,2,2,2,4,0,0,2,1,4,1,1,4,1,4,2,2,3,0,4,3,2,1,1,3,4,2,2,1,1,1,0,3,2,2,2,2,2,4,1,4,4,4,1,0,1,3,3,0,0,4,4,3,0,0,0,2,2,2,2,2,2,2,1,3,1,4,4,4,0,4,1,1,2,3,1,4,3,0,1,4,4,0,0,4,4,4,4,4,0,3,4,0,0,2,1,2,1,1,3,3,3,4,4,3,0,3,3,0,0,4,3,3,3,2,2,3,3,3,2,2,0,3,3,3,0,3,0,0,4,0,1,3,3,0,1,3,0,0,3,3,0,2,2,1,3,3,3,1,2,0,3,4,3,4,3,1,0,0,1,1,2,3,2,0,2,2,3,0,0,3,4,1,1,1,2,2,0,2,2,3,2,3,3,2,1,4,2,2,4,4,3,0"
152,1.2463631654852383,"0,3,0,0,3,4,1,2,4,2,4,4,3,3,1,1,2,0,3,1,0,0,2,0,3,2,4,0,2,1,3,4,1,4,1,4,1,4,0,1,4,4,3,1,1,4,4,3,2,3,2,1,1,3,1,2,3,4,1,2,2,0,1,3,4,3,1,3,2,4,4,1,1,0,0,1,4,4,1,0,0,1,0,3,1,0,2,2,2,4,0,0,2,1,4,1,1,4,1,4,2,2,3,0,4,3,2,1,1,3,4,2,2,1,1,1,0,3,2,2,2,2,2,4,1,4,4,4,1,0,1,3,3,0,0,4,4,3,0,0,0,2,2,2,2,2,2,2,1,3,1,4,4,4,0,4,1,1,2,3,1,4,3,0,1,4,4,0,0,4,4,4,4,4,0,3,4,0,0,2,1,2,1,1,3,3,4,4,4,3,0,3,3,0,0,4,3,3,3,2,2,3,3,3,2,2,0,3,3,3,0,3,0,0,0,0,1,3,3,0,1,0,0,0,3,2,0,2,2,1,4,3,0,1,2,0,3,4,3,4,3,1,0,0,1,1,2,3,2,0,2,2,3,0,0,3,4,1,1,1,2,2,0,2,2,3,2,0,2,2,1,4,2,2,4,4,3,0"
153,1.0030271213171347,"0,3,0,0,3,4,1,2,4,2,4,4,3,3,1,1,2,0,3,1,0,0,2,0,3,2,4,0,2,1,3,4,1,4,1,4,1,4,0,1,4,4,3,1,1,4,4,3,2,3,2,1,1,3,1,2,3,4,1,2,2,0,1,3,4,3,1,3,2,4,4,1,1,0,0,1,4,4,1,0,0,1,0,3,1,0,2,2,2,4,0,0,2,1,4,1,1,4,1,4,2,2,3,0,4,3,2,1,1,3,4,2,2,1,1,1,0,3,2,2,2,2,2,4,1,4,4,4,1,0,1,3,1,0,0,4,4,3,0,0,0,2,2,2,2,2,2,2,1,3,1,4,4,4,0,4,1,1,2,3,1,4,3,0,1,4,4,0,0,4,4,4,4,4,0,3,4,0,0,2,1,2,1,1,3,3,4,4,4,3,0,4,3,0,0,4,3,3,3,2,2,3,3,3,2,0,0,3,3,3,0,3,0,0,0,0,2,3,3,0,1,0,0,0,3,3,0,2,2,1,4,3,2,1,2,0,3,4,3,4,3,1,0,0,1,1,2,3,1,3,2,2,4,0,0,4,4,1,1,1,4,2,0,2,2,3,2,3,2,2,1,4,2,2,4,4,3,0"
154,1.2865003898763918,"0,3,0,0,3,4,1,2,4,2,4,4,3,3,1,1,2,0,3,1,0,0,2,0,3,2,4,1,2,1,3,4,1,4,1,4,1,4,0,1,4,4,3,1,1,4,4,3,2,3,2,1,1,3,1,2,3,4,1,2,2,0,1,3,4,3,1,3,2,4,4,1,1,0,0,1,4,4,1,0,0,1,0,3,1,0,2,2,2,4,0,0,2,1,4,1,1,4,1,4,2,2,3,0,4,3,2,1,1,3,4,2,2,1,1,1,0,3,2,2,2,2,2,4,1,4,4,4,1,0,1,3,3,0,0,4,4,3,0,0,0,2,2,2,2,2,2,2,1,3,1,4,4,4,0,4,1,1,2,3,1,4,3,0,1,4,4,0,0,4,4,4,4,4,0,3,4,0,0,2,1,2,1,1,3,3,4,4,4,3,0,3,3,0,0,4,3,3,3,2,2,3,3,3,2,2,0,3,3,3,0,3,0,0,0,0,1,3,3,0,1,0,0,0,3,3,2,2,2,1,4,3,0,1,2,0,3,4,3,4,3,1,0,0,1,1,2,3,1,0,2,2,3,0,0,3,4,1,1,1,2,2,0,2,2,3,2,3,2,2,1,4,2,2,4,4,3,0"
155,1.3668437757926548,"0,3,0,0,3,4,1,2,4,2,4,4,3,3,1,4,2,0,3,1,0,0,2,0,3,2,4,1,2,1,3,4,1,4,1,4,1,4,0,1,4,4,3,1,1,4,4,3,2,3,2,1,1,3,1,2,3,4,1,2,2,0,1,3,4,3,1,3,2,4,4,1,1,0,0,1,4,4,1,0,0,1,0,3,1,0,2,2,2,4,0,0,2,1,4,1,1,4,1,4,2,2,3,0,4,3,2,1,1,3,4,2,2,1,1,1,0,3,2,2,2,2,2,4,1,4,4,4,1,0,1,3,3,0,0,4,4,3,0,0,0,2,2,2,2,2,2,2,1,3,1,4,4,4,0,4,1,1,2,3,1,4,3,0,1,4,4,0,0,4,4,4,4,4,0,3,4,0,0,2,1,2,1,1,3,3,4,4,4,3,0,3,3,0,0,4,3,3,3,2,2,3,3,3,2,2,0,3,3,3,0,3,0,0,0,0,1,3,3,0,1,0,0,0,3,3,0,2,1,1,4,3,0,1,2,0,3,4,3,4,3,1,0,0,1,1,2,3,2,0,2,2,3,0,0,3,4,1,1,1,2,2,0,2,2,3,2,3,2,2,1,4,2,2,4,4,3,0"
156,1.2867383151363503,"0,3,0,0,3,4,1,2,4,2,4,4,3,3,1,4,2,0,3,1,0,0,2,0,3,2,4,1,2,1,3,4,1,4,1,4,1,4,0,1,4,4,3,1,1,4,4,3,2,3,2,1,1,3,1,2,3,4,1,2,2,0,1,3,4,3,1,3,2,4,4,1,1,0,0,1,4,4,1,0,0,1,0,3,1,0,2,2,2,2,0,0,2,1,4,1,1,4,1,4,2,2,3,0,4,3,2,1,1,3,4,2,2,1,1,1,0,3,2,2,2,2,2,4,1,4,4,4,1,0,1,3,3,0,0,4,4,3,0,0,0,2,2,2,2,2,2,2,1,3,1,4,4,4,0,4,1,1,2,3,1,4,3,0,1,4,4,0,3,4,4,4,4,4,0,3,4,0,0,2,1,2,1,1,3,3,4,4,4,3,0,3,3,0,0,4,3,3,3,2,2,3,3,3,2,2,0,3,3,3,0,3,0,0,0,0,1,3,3,0,1,0,0,0,3,3,0,2,1,1,4,3,0,1,2,0,3,4,3,4,3,1,0,0,1,1,2,3,2,0,2,2,3,0,0,3,4,1,1,1,2,2,0,2,2,3,2,3,2,2,1,4,2,2,4,4,3,0"
157,1.2867578364524324,"0,3,0,0,3,4,1,2,4,2,4,4,3,3,1,4,2,0,3,1,0,0,2,0,3,2,4,1,2,1,3,4,1,4,1,4,1,4,0,1,4,4,3,1,1,4,4,3,2,3,2,1,1,3,1,2,3,4,1,2,2,0,1,3,4,3,1,3,2,4,4,1,1,0,0,1,4,4,1,0,0,1,0,3,1,0,2,2,2,2,0,0,2,1,4,1,1,4,1,4,2,2,3,0,4,3,2,1,1,3,4,2,2,1,1,1,0,3,2,2,2,2,2,4,1,4,4,4,1,0,1,3,3,0,0,4,4,2,0,0,0,2,2,2,2,2,2,2,1,3,1,4,4,4,0,4,1,1,2,3,1,4,3,0,1,4,4,0,3,4,4,4,4,4,0,3,4,0,0,2,1,2,1,1,3,3,4,4,4,3,0,3,3,0,0,4,3,3,3,2,2,3,3,3,2,2,0,3,3,3,0,3,0,0,0,0,1,3,3,0,1,0,0,0,3,3,0,2,1,1,4,3,0,1,2,0,3,4,3,4,3,1,0,0,1,1,2,3,2,0,2,2,3,0,0,3,4,1,1,1,2,2,0,2,2,3,2,3,2,2,1,4,2,2,4,4,3,0"
158,1.2867578364524324,"0,3,0,0,3,4,1,2,4,2,4,4,3,3,1,4,2,0,3,1,0,0,2,0,3,2,4,1,2,1,3,4,1,4,1,4,1,4,0,1,4,4,3,1,1,4,4,3,2,3,2,1,1,3,1,2,3,4,1,2,2,0,1,3,4,3,1,3,2,4,4,1,1,0,0,1,4,4,1,0,0,1,0,3,1,0,2,2,2,2,0,0,2,1,4,1,1,4,1,4,2,2,3,0,4,3,2,1,1,3,4,2,2,1,1,1,0,3,2,2,2,2,2,4,1,4,4,4,1,0,1,3,3,0,0,4,4,2,0,0,0,2,2,2,2,2,2,2,1,3,1,4,4,4,0,4,1,1,2,3,1,4,3,0,1,4,4,0,3,4,4,4,4,4,0,3,4,0,0,2,1,2,1,1,3,3,4,4,4,3,0,3,3,0,0,4,3,3,3,2,2,3,3,3,2,2,0,3,3,3,0,3,0,0,0,0,1,3,3,0,1,0,0,0,3,3,0,2,1,1,4,3,0,1,2,0,3,4,3,4,3,1,0,0,1,1,2,3,2,0,2,2,3,0,0,3,4,1,1,1,2,2,0,2,2,3,2,3,2,2,1,4,2,2,4,4,3,0"
159,1.3680986330989249,"0,3,0,0,3,4,1,2,4,2,4,4,3,3,1,4,2,0,3,1,0,0,2,0,3,2,4,1,2,1,3,4,1,4,1,4,1,4,0,4,4,4,3,1,1,4,4,3,2,3,2,1,1,4,1,2,3,4,1,2,2,0,1,3,4,3,1,3,2,4,4,1,1,0,0,1,4,4,4,0,0,1,0,3,1,0,2,2,2,2,0,0,2,1,4,1,1,4,1,4,2,2,3,0,4,3,2,1,1,3,4,2,2,1,1,1,0,3,2,2,2,2,2,4,1,4,4,4,1,0,1,3,3,0,0,4,4,3,0,0,0,2,2,2,2,2,2,2,1,3,1,4,4,4,0,4,1,1,2,3,1,4,3,0,1,4,4,0,3,4,4,4,4,4,0,3,0,0,0,2,1,2,1,1,3,3,4,4,4,3,0,3,3,0,0,4,3,3,3,2,2,3,3,3,2,2,1,3,3,3,0,3,0,0,0,0,1,3,3,0,1,0,0,0,3,3,0,2,1,1,4,3,0,1,2,0,3,0,3,4,3,1,0,0,1,1,2,3,2,0,2,2,3,0,0,3,1,1,1,1,2,2,0,2,2,0,2,3,2,2,1,4,2,2,4,4,3,0"
160,1.3682362818866023,"0,3,0,0,3,4,1,2,4,2,4,4,3,3,1,4,2,0,3,1,0,0,2,0,3,2,4,1,2,1,3,4,1,4,1,4,1,4,0,4,4,4,3,1,1,4,4,3,2,3,2,1,1,4,1,2,3,4,1,2,2,0,1,3,4,3,1,3,2,4,4,1,1,0,0,1,4,4,4,0,0,1,0,3,1,0,2,2,2,2,0,0,2,1,4,1,1,4,1,4,2,2,3,0,4,3,2,1,1,3,4,2,2,1,1,1,0,3,2,2,2,2,2,4,1,4,4,4,1,0,1,3,3,0,0,4,4,3,0,0,0,2,2,2,2,2,2,2,1,3,1,4,4,4,0,4,1,1,2,3,1,4,3,0,3,4,4,0,3,4,4,4,4,4,0,3,0,0,0,2,1,2,1,1,3,3,4,4,4,3,0,3,3,0,0,4,3,3,3,2,2,3,3,3,2,2,1,3,3,3,0,3,0,0,0,0,1,3,3,0,1,0,0,0,3,3,0,2,1,1,4,3,0,1,2,0,3,0,3,4,3,1,0,0,1,1,2,3,2,0,2,2,3,0,0,3,1,1,1,1,2,2,0,2,2,0,2,3,2,2,1,4,2,2,4,4,3,0"
161,1.2487434981956482,"0,3,0,0,3,4,2,2,4,0,4,4,3,3,1,4,2,0,3,1,0,0,2,0,3,2,4,1,2,1,3,4,1,4,1,4,1,4,0,4,4,4,3,1,1,4,4,3,2,3,2,1,1,4,1,2,3,4,1,2,2,0,1,3,4,3,1,3,2,4,4,1,1,0,0,1,4,4,4,0,0,1,0,3,1,0,2,2,2,2,0,0,2,1,4,1,1,4,1,4,2,2,3,0,4,3,2,1,1,1,4,2,2,1,1,1,0,3,2,2,2,2,2,4,1,4,4,4,1,0,1,3,3,0,0,4,4,3,0,0,0,2,2,2,2,2,2,2,1,3,1,4,4,4,0,4,1,1,2,3,1,4,3,0,3,4,4,0,3,4,4,4,4,4,0,3,0,0,3,2,1,2,1,1,3,3,4,4,4,3,0,3,3,0,0,4,3,3,3,2,2,3,3,3,2,2,1,3,3,3,0,3,0,0,0,0,1,3,3,0,1,0,0,0,3,3,0,2,1,1,4,3,0,1,2,2,3,0,3,4,3,1,0,0,1,1,2,3,2,0,2,2,3,0,3,3,1,1,1,1,2,2,0,2,2,0,2,3,2,2,1,4,2,2,4,4,3,0"
162,1.3687258224783845,"0,3,0,0,3,4,2,2,4,0,4,4,3,3,1,4,2,0,3,1,0,0,2,0,3,2,4,1,2,1,3,4,1,4,1,4,1,4,0,4,4,4,3,1,1,4,4,3,2,3,2,1,1,4,1,2,3,4,1,2,2,0,1,3,4,3,1,3,2,4,4,1,1,0,0,1,4,4,4,0,0,1,0,3,1,0,2,2,2,2,0,0,2,1,4,1,1,4,1,4,2,2,3,0,4,3,2,1,1,1,4,2,2,1,1,1,0,3,2,2,2,2,2,4,1,4,4,4,1,0,1,3,3,0,0,4,4,3,0,0,0,2,2,2,2,2,2,2,1,3,1,4,4,4,0,4,1,1,2,3,1,4,3,0,3,4,4,0,3,4,4,4,4,4,0,3,0,0,0,2,1,2,1,1,3,3,4,4,4,3,0,3,3,0,0,4,3,3,3,2,2,3,3,3,2,2,1,3,3,3,0,3,0,0,0,0,1,3,3,0,1,0,0,0,3,3,0,2,1,1,4,3,0,1,2,0,3,0,3,4,3,1,0,0,1,1,2,3,2,0,2,2,3,0,3,3,1,1,1,1,2,2,0,2,2,0,2,3,2,2,1,4,2,2,4,4,3,0"
163,1.3688554780896,"0,3,0,0,3,4,2,2,4,0,4,4,3,3,1,4,2,0,3,1,0,0,2,0,3,2,4,1,2,1,3,4,1,4,1,4,1,4,1,4,4,4,3,1,1,4,4,3,2,3,2,1,1,4,1,2,3,4,1,2,2,0,1,3,4,3,1,3,2,4,4,1,1,0,0,1,4,4,4,0,0,1,0,3,1,0,2,2,2,2,0,0,2,1,4,1,1,4,1,4,2,2,3,0,4,3,2,1,1,1,4,2,2,1,1,1,0,3,2,2,2,2,2,4,1,4,4,4,1,0,1,3,3,0,0,4,4,3,0,0,0,2,2,2,2,2,2,2,1,3,1,4,4,4,0,4,1,1,2,3,1,4,3,0,3,4,4,0,3,4,4,4,4,4,0,3,0,0,0,2,1,2,1,1,3,3,4,4,4,3,0,3,3,0,0,4,3,3,3,2,2,3,3,3,2,2,1,3,3,3,0,3,0,0,0,0,1,3,3,0,1,0,0,0,3,3,0,2,1,1,4,3,0,1,2,0,3,0,3,4,3,1,0,0,1,1,2,3,2,0,2,2,3,0,3,3,1,1,1,1,2,2,0,2,2,0,2,3,2,2,1,4,2,2,4,4,3,0"
164,1.2866936196680203,"0,3,0,0,3,4,2,2,4,0,4,4,3,3,1,4,2,0,3,1,0,0,2,0,3,2,4,1,2,1,3,4,1,4,1,4,1,4,1,4,4,4,3,1,1,4,4,3,2,3,2,1,1,4,1,2,3,4,1,2,2,0,1,3,4,3,1,3,2,4,4,1,1,0,0,1,4,4,4,0,0,1,0,3,1,0,2,2,2,2,0,0,2,1,4,1,1,4,1,4,2,2,3,0,4,3,2,1,1,1,4,2,2,1,1,1,0,3,2,2,2,2,2,4,1,4,4,4,1,0,1,3,3,0,0,4,4,2,0,0,0,2,2,2,2,2,2,2,1,3,1,4,4,4,0,0,1,1,2,3,1,4,3,1,3,4,4,0,3,4,4,1,4,4,0,3,0,0,1,2,1,2,1,1,4,3,4,4,4,3,0,3,3,0,0,4,3,3,3,2,3,3,3,3,2,2,1,3,3,3,0,3,0,0,0,0,3,3,3,0,1,0,0,0,3,2,0,2,1,1,4,3,0,2,3,0,3,0,3,4,3,1,0,0,1,1,2,3,2,0,2,2,3,0,3,3,1,1,1,0,2,2,0,2,2,0,2,3,1,2,1,4,2,2,4,4,3,0"
165,0.8065367334780407,"0,3,0,0,3,4,2,2,4,0,4,4,3,3,1,4,2,0,3,1,0,0,2,0,3,2,4,1,2,1,3,4,1,4,1,4,1,4,1,4,4,4,3,1,1,4,4,3,2,3,2,1,1,4,1,2,3,4,1,2,2,0,1,3,4,3,1,3,2,4,4,1,1,0,1,1,4,4,4,3,0,1,0,3,1,0,2,2,2,2,0,0,2,1,4,1,1,4,1,4,2,2,3,0,4,3,2,1,1,1,4,2,2,1,1,1,0,3,2,2,2,2,2,4,1,4,4,4,1,0,1,3,3,0,0,4,4,2,0,0,0,2,2,2,2,2,2,2,1,3,1,4,4,4,0,0,1,1,2,3,1,4,3,1,3,4,4,0,3,4,4,1,4,4,0,3,0,0,1,2,1,2,1,1,4,3,4,4,4,3,0,1,3,0,0,4,3,3,3,2,3,3,3,3,2,2,1,3,3,3,0,3,0,0,0,0,3,3,3,0,1,0,0,0,3,2,0,2,1,1,4,3,0,2,3,0,3,0,3,4,3,1,0,0,1,1,2,3,2,0,2,2,3,0,3,3,1,1,1,1,2,2,0,2,2,0,2,3,2,2,1,4,2,2,4,4,3,0"
166,1.048724963258842,"0,3,0,0,3,4,2,2,4,0,4,4,3,3,1,4,2,0,3,1,0,0,2,0,3,2,4,1,2,1,3,4,1,4,1,4,1,4,1,4,4,4,3,1,1,4,4,3,2,3,2,1,1,4,1,2,3,4,1,2,2,0,1,3,4,3,1,3,2,4,4,1,1,0,1,1,4,4,4,3,0,1,0,3,1,0,2,2,2,2,0,0,2,1,4,1,1,4,1,4,2,2,3,0,4,3,2,1,1,1,4,2,2,1,1,1,0,3,2,2,2,2,2,4,1,4,4,4,1,0,1,3,3,0,0,4,4,3,0,0,0,2,2,2,2,2,2,2,1,3,1,4,4,4,0,4,1,1,2,3,4,4,3,0,3,4,4,0,3,4,4,4,4,4,2,3,0,0,0,2,1,2,1,1,3,3,4,4,4,3,0,3,3,0,0,4,3,3,3,2,2,3,3,3,2,2,1,3,3,3,0,3,0,0,0,0,1,3,3,0,1,0,0,0,4,3,0,2,1,1,4,3,0,1,2,0,3,0,3,4,3,1,0,0,1,1,2,3,2,0,2,2,3,0,3,3,1,1,1,1,2,2,0,2,2,0,2,3,2,2,1,4,2,2,4,4,3,0"
167,1.3703552251925248,"0,3,0,0,3,4,2,2,4,0,4,4,3,3,1,4,2,0,3,1,0,0,2,0,3,2,0,1,2,1,3,4,1,4,1,4,1,4,1,4,4,4,3,1,1,4,4,3,2,3,2,1,1,4,1,2,3,4,1,2,2,0,1,3,4,3,1,3,2,4,4,1,1,0,0,1,4,4,4,0,0,1,0,3,1,1,2,2,2,2,0,0,2,1,4,4,1,4,1,4,2,2,3,0,4,3,2,1,1,1,4,2,2,1,1,1,0,3,2,2,2,2,2,4,1,4,4,4,1,0,1,3,3,0,0,4,4,3,0,0,0,2,2,2,2,2,2,2,1,3,1,4,4,4,0,4,1,1,2,3,4,4,3,0,3,4,4,0,3,4,4,4,4,4,0,3,0,0,0,2,1,2,1,1,3,3,4,4,4,3,0,3,3,0,0,4,3,3,3,2,2,3,3,3,2,2,1,3,3,3,0,3,0,0,0,0,1,3,3,0,1,0,0,0,3,3,0,2,1,1,1,3,0,1,2,0,3,0,3,4,3,1,0,0,1,1,2,3,2,0,2,2,3,0,3,3,1,1,1,1,2,2,0,2,2,0,2,3,2,2,1,4,2,2,4,4,3,0"
168,1.37056761650339,"0,3,0,0,3,4,2,2,4,0,4,4,3,3,1,4,2,0,3,1,0,0,2,0,3,2,0,1,2,1,3,4,1,4,1,4,1,4,1,4,4,4,3,1,1,4,4,3,2,3,2,1,1,4,1,2,3,4,1,2,2,0,1,3,4,3,1,3,2,4,4,1,1,0,0,1,4,4,4,0,0,1,0,3,1,1,2,2,2,2,0,0,2,1,4,4,1,4,1,4,2,2,3,0,4,3,2,1,1,1,4,2,2,1,1,1,0,3,2,2,2,2,2,4,1,4,4,4,1,0,1,3,3,0,0,4,4,3,0,0,0,2,2,2,2,2,2,2,1,3,1,4,4,4,0,4,1,1,2,3,4,4,3,0,3,4,4,0,3,4,4,4,4,4,0,3,0,0,0,2,1,2,1,1,3,3,4,4,4,3,0,3,3,0,0,4,3,3,3,2,2,3,3,3,2,2,1,3,3,3,0,3,0,0,0,0,1,3,3,0,1,0,0,0,3,3,0,2,1,1,1,3,0,1,2,0,3,0,3,4,3,1,0,0,1,1,2,2,0,0,2,2,3,0,3,3,1,1,1,1,2,2,0,2,2,0,2,3,2,2,1,4,2,2,4,4,3,0"
169,1.2486429628517202,"0,3,0,0,3,4,2,2,4,0,4,4,3,3,1,4,2,0,3,1,0,0,2,0,3,2,0,1,2,1,3,4,1,4,1,4,1,4,1,4,4,4,3,1,1,4,4,3,2,3,2,1,1,4,1,2,3,4,1,2,2,0,1,3,4,3,1,3,2,4,4,1,1,0,0,1,4,4,4,0,0,1,0,3,1,1,2,2,2,2,0,0,2,1,4,4,1,4,0,4,2,2,3,0,4,3,2,1,1,1,4,2,2,1,1,1,0,3,2,2,2,2,2,4,1,4,4,4,1,0,1,3,3,0,0,4,4,3,0,0,0,2,2,2,2,2,2,2,1,3,1,4,4,4,0,4,1,1,2,3,4,4,3,0,3,4,4,0,3,4,4,4,4,4,0,3,0,0,0,2,1,2,1,1,3,3,4,4,4,3,0,3,3,0,0,4,3,3,3,2,2,3,3,3,2,2,1,3,3,3,0,3,0,0,0,0,1,3,3,0,1,0,0,0,3,3,0,2,1,1,1,3,0,1,2,0,3,0,3,4,3,1,0,0,1,1,2,2,0,0,2,2,3,0,4,3,1,1,1,1,4,2,0,2,2,0,2,3,2,2,1,4,2,2,4,4,3,0"
170,1.329095901625453,"0,3,0,0,3,4,2,2,4,0,4,4,3,3,1,4,2,0,3,1,0,0,2,0,3,2,0,1,2,1,3,4,1,4,1,4,1,4,1,4,4,4,3,1,1,4,4,3,2,3,2,1,1,4,1,2,3,4,1,2,2,0,1,3,4,3,1,3,2,4,4,1,1,0,0,1,4,4,4,0,0,1,0,3,1,1,2,2,2,2,0,0,2,1,4,4,1,4,0,4,2,2,3,0,4,3,2,1,1,1,4,2,2,1,1,1,0,3,2,2,2,2,2,4,1,4,4,4,1,0,1,3,3,0,0,4,4,3,0,0,0,2,2,2,2,2,2,2,1,3,1,4,4,4,0,4,1,1,2,3,4,4,3,0,3,4,4,0,3,4,4,4,4,4,0,3,0,0,0,2,1,2,1,1,3,3,4,4,4,3,0,3,3,0,0,4,3,3,3,2,2,3,3,3,2,2,1,3,3,3,0,3,0,0,0,0,1,2,3,0,1,0,0,0,3,3,0,2,1,1,1,3,0,1,2,0,3,0,3,3,3,1,0,0,1,1,2,2,0,0,2,2,3,0,3,3,1,1,1,1,4,2,0,2,2,0,2,3,2,2,1,4,2,2,4,4,3,0"
171,1.2488240365649297,"0,3,0,0,3,4,2,2,4,0,4,4,3,3,1,4,2,0,3,1,0,0,2,0,3,2,0,1,2,1,3,4,1,4,1,4,1,4,1,4,4,4,3,1,1,4,4,3,2,3,1,1,1,4,1,2,3,4,1,2,2,0,1,3,4,3,3,3,2,4,4,1,1,0,0,1,4,4,4,0,0,1,0,3,1,1,2,2,2,2,0,0,2,1,4,4,1,4,1,4,2,2,3,0,4,3,2,1,1,1,4,2,2,1,1,1,0,3,2,2,2,2,2,4,1,4,4,4,1,0,1,3,3,0,0,4,4,3,0,0,0,2,2,2,2,2,2,2,1,3,1,4,4,4,0,4,3,1,2,3,4,4,3,0,3,4,4,1,3,4,4,4,4,4,0,3,0,0,0,1,1,2,1,1,3,3,4,4,4,3,0,3,3,0,0,4,4,3,3,2,2,3,3,3,2,2,1,3,3,3,2,4,0,0,0,0,1,3,3,0,1,0,0,0,3,3,0,2,1,1,1,3,0,1,2,0,3,0,3,4,3,1,0,0,1,1,2,2,0,0,2,2,3,0,3,3,1,1,1,1,2,2,0,2,2,0,2,3,2,2,1,4,2,2,4,4,3,0"
172,1.3685079433119685,"0,3,0,0,3,4,2,2,4,0,4,4,3,3,1,4,2,0,3,1,0,0,2,0,3,2,0,1,2,1,3,4,1,4,1,4,1,4,1,4,4,4,3,1,1,4,4,3,2,3,1,1,1,4,1,2,3,4,1,2,2,0,1,3,4,3,3,3,2,4,4,1,1,0,0,1,4,4,4,0,0,1,0,3,1,1,2,2,2,2,0,0,2,1,4,4,1,4,1,4,2,2,3,0,4,3,2,1,1,1,4,2,2,1,0,1,0,3,2,2,2,2,2,4,1,4,4,4,1,0,1,3,3,0,0,4,4,3,0,0,0,2,2,2,2,2,2,2,1,3,1,4,4,4,0,4,3,1,2,3,4,4,3,0,3,4,4,1,3,4,4,4,4,4,0,3,0,0,0,1,1,2,1,1,3,3,4,4,4,3,0,3,3,0,0,4,4,3,3,2,2,3,3,3,2,2,1,3,3,3,2,4,0,0,0,0,1,3,3,0,1,0,0,0,3,3,0,2,1,1,1,3,0,1,2,0,3,0,3,2,3,1,0,0,1,1,2,2,0,0,2,2,3,0,3,3,1,1,1,1,2,2,0,2,2,0,2,3,2,2,1,4,2,2,4,4,3,0"
173,1.3308097785693982,"0,3,0,0,3,4,2,2,4,0,4,4,3,3,1,4,2,0,3,1,0,0,2,0,3,2,0,1,2,1,3,4,1,4,1,4,1,4,1,4,4,4,3,1,1,4,4,3,2,3,1,1,1,4,1,2,3,4,1,2,2,0,1,3,4,3,3,3,2,4,4,1,1,0,0,1,4,4,4,0,0,1,0,3,1,1,2,2,2,2,0,0,2,1,4,4,1,4,1,4,2,2,3,0,4,3,2,1,1,1,4,2,2,1,0,1,0,3,2,2,2,2,2,4,1,4,4,4,1,0,1,3,3,0,0,4,4,3,0,0,0,2,2,2,2,2,2,2,1,3,1,4,4,4,0,4,1,1,2,3,4,4,3,0,3,4,4,0,3,4,4,4,4,4,0,3,0,0,0,2,1,2,1,1,3,3,4,4,4,3,0,3,3,0,0,4,3,3,3,2,2,3,3,3,2,2,1,3,3,3,0,3,0,0,0,0,1,3,3,0,1,0,0,0,3,3,0,2,1,1,1,3,0,1,2,0,3,0,3,4,3,1,0,0,1,1,2,2,0,0,2,2,3,0,3,3,1,1,1,1,2,2,0,2,2,0,2,3,2,2,1,4,2,2,4,4,3,0"
174,1.3293689084401596,"0,3,0,0,3,4,2,2,4,0,4,4,3,3,1,4,2,0,3,1,0,0,2,0,3,2,0,1,2,1,3,4,1,4,1,4,1,4,1,4,4,4,3,1,1,4,4,3,2,3,2,1,1,4,1,2,3,4,1,2,2,0,1,3,4,3,1,3,2,4,4,1,1,0,0,1,4,4,4,0,0,1,0,3,1,1,2,2,2,2,3,0,2,1,4,4,1,4,1,4,2,2,3,0,4,3,2,1,1,1,4,2,2,1,1,1,0,3,2,2,2,2,2,2,1,4,4,4,1,0,1,3,3,0,0,4,4,3,0,0,0,2,3,2,2,2,2,2,1,3,1,4,4,4,0,4,1,1,2,3,4,4,3,0,3,4,4,0,3,4,4,4,4,4,0,3,0,1,0,2,1,2,1,1,3,3,4,4,4,3,0,0,3,0,0,4,3,3,3,2,2,3,3,3,4,2,1,3,3,3,0,3,0,0,0,0,1,3,3,0,1,0,0,0,3,3,0,2,1,1,1,3,0,1,2,0,3,0,3,4,3,1,0,0,1,1,2,2,0,0,2,2,3,0,3,3,1,1,1,1,2,2,0,2,2,0,2,3,2,2,1,4,2,2,4,4,3,0"
175,1.3717295200278845,"0,3,0,0,3,4,2,2,4,0,4,4,3,3,1,4,2,0,3,1,0,0,2,0,3,2,0,1,2,1,3,4,1,4,1,4,1,4,1,4,4,4,3,1,1,4,4,3,2,1,1,1,1,4,1,2,3,4,1,2,2,0,1,3,4,3,3,3,2,4,4,1,1,0,0,1,4,4,4,0,2,1,0,3,1,1,2,2,2,2,0,0,2,1,4,4,1,4,1,4,2,2,3,0,4,3,2,1,1,1,4,2,2,1,1,1,0,3,2,2,2,2,2,4,1,4,4,4,1,0,1,3,3,0,0,4,4,3,0,0,0,2,2,2,2,2,2,2,1,3,1,4,4,4,0,4,1,1,2,3,4,4,3,0,3,4,4,0,3,4,4,4,4,4,0,3,0,0,0,2,1,2,1,1,3,3,4,4,4,3,0,3,3,0,0,4,3,3,3,2,2,3,3,3,2,2,3,3,3,3,0,3,0,0,0,0,1,3,3,0,1,0,0,0,3,3,0,2,1,1,1,3,0,1,2,0,3,0,3,4,3,1,0,0,1,1,2,2,0,0,2,2,3,0,3,3,1,1,1,1,2,2,0,2,2,0,2,3,2,2,1,4,2,2,4,4,3,0"
176,1.1301428731165464,"0,3,0,0,3,4,2,2,4,0,4,4,3,3,1,4,2,0,3,1,0,0,2,0,3,2,0,1,2,1,3,4,1,4,1,4,1,4,1,4,4,4,3,1,1,4,4,3,2,1,1,1,1,4,1,2,3,4,1,2,2,0,1,3,4,3,3,3,2,4,4,1,1,0,0,1,4,4,4,0,2,1,0,3,1,1,2,2,2,2,0,0,2,1,4,4,1,4,1,4,2,2,3,0,4,3,2,1,1,1,4,2,2,1,1,1,0,3,2,2,2,2,2,4,1,4,4,4,1,0,1,3,3,0,4,4,4,3,0,0,0,2,2,2,2,2,2,2,1,3,1,4,4,4,0,4,1,1,2,3,4,4,3,0,3,4,4,0,3,4,4,4,4,4,0,3,0,0,0,2,1,2,1,1,3,3,4,4,4,3,0,3,3,1,0,4,3,3,3,2,2,3,3,3,2,2,1,3,3,3,0,3,0,0,0,0,1,3,3,0,1,0,0,0,3,3,0,2,1,1,1,3,0,1,2,0,3,0,3,4,3,1,0,0,1,1,2,2,0,0,2,2,3,0,3,3,1,1,1,1,2,2,0,2,2,0,2,3,2,2,1,4,2,2,4,4,3,0"
177,1.3721808636819828,"0,3,0,0,3,4,2,2,4,0,4,4,3,3,1,4,2,0,3,1,0,0,2,0,3,2,0,1,2,1,3,4,1,4,1,4,4,4,1,4,4,4,3,1,1,4,4,3,2,1,1,1,1,4,1,2,3,4,1,2,2,0,1,3,4,3,3,3,2,4,4,1,1,0,0,1,4,4,4,0,2,1,0,3,1,1,2,2,2,2,0,0,2,1,4,4,1,4,1,4,2,2,3,0,4,3,2,1,1,1,4,2,2,1,1,1,0,3,2,2,2,2,2,4,1,4,4,4,1,0,1,3,3,0,0,4,4,3,0,0,0,2,2,2,2,2,2,2,1,3,1,4,4,4,0,4,1,1,2,3,4,4,3,0,3,4,4,0,3,4,4,4,4,4,0,3,0,0,0,2,1,2,1,1,3,3,4,4,4,3,0,3,3,0,0,4,3,3,3,2,2,3,3,3,2,2,3,3,3,3,0,3,0,0,0,0,1,3,3,0,1,0,0,0,3,3,0,2,1,1,1,3,0,1,2,0,3,0,3,4,3,1,0,0,1,1,2,2,0,0,2,2,3,0,3,3,1,1,1,1,2,2,0,2,2,0,2,3,2,2,1,4,2,2,4,4,3,0"
178,1.3721808636819828,"0,3,0,0,3,4,2,2,4,0,4,4,3,3,1,4,2,0,3,1,0,0,2,0,3,2,0,1,2,1,3,4,1,4,1,4,4,4,1,4,4,4,3,1,1,4,4,3,2,1,1,1,1,4,1,2,3,4,1,2,2,0,1,3,4,3,3,3,2,4,4,1,1,0,0,1,4,4,4,0,2,1,0,3,1,1,2,2,2,2,0,0,2,1,4,4,1,4,1,4,2,2,3,0,4,3,2,1,1,1,4,2,2,1,1,1,0,3,2,2,2,2,2,4,1,4,4,4,1,0,1,3,3,0,0,4,4,3,0,0,0,2,2,2,2,2,2,2,1,3,1,4,4,4,0,4,1,1,2,3,4,4,3,0,3,4,4,0,3,4,4,4,4,4,0,3,0,0,0,2,1,2,1,1,3,3,4,4,4,3,0,3,3,0,0,4,3,3,3,2,2,3,3,3,2,2,3,3,3,3,0,3,0,0,0,0,1,3,3,0,1,0,0,0,3,3,0,2,1,1,1,3,0,1,2,0,3,0,3,4,3,1,0,0,1,1,2,2,0,0,2,2,3,0,3,3,1,1,1,1,2,2,0,2,2,0,2,3,2,2,1,4,2,2,4,4,3,0"
179,1.3726248802148937,"0,3,0,0,3,4,2,2,4,0,4,4,3,3,1,4,2,0,3,1,0,0,2,0,3,2,0,1,2,1,3,4,1,4,1,4,4,4,1,4,4,4,3,1,1,4,4,3,2,1,1,1,1,4,1,2,3,4,1,2,2,0,1,3,4,3,3,3,2,4,4,1,1,0,0,1,4,4,4,0,2,1,0,3,1,1,2,2,2,2,0,0,2,1,4,4,1,4,1,4,2,2,3,0,4,3,2,1,1,1,4,2,2,1,1,1,0,3,2,2,2,2,2,4,1,4,4,4,1,0,1,3,3,0,0,4,4,3,0,0,0,2,2,2,2,2,2,2,1,3,1,4,4,4,0,4,1,1,2,3,4,4,3,0,3,4,4,0,3,4,4,4,4,4,0,3,0,0,0,2,1,2,1,1,3,3,0,4,4,3,0,3,3,0,0,4,3,3,3,2,2,3,3,3,2,2,3,3,3,3,0,3,0,0,0,0,1,3,3,0,1,0,0,0,3,3,0,2,1,1,1,3,0,1,2,0,3,0,3,4,3,1,0,0,1,1,2,2,0,0,2,2,3,0,3,3,1,1,1,1,2,2,0,2,2,0,2,3,2,2,1,4,2,2,4,4,3,0"
180,1.3732542180577014,"0,3,0,0,3,4,2,2,4,0,4,4,3,3,1,4,2,1,3,1,0,0,2,0,3,2,0,1,2,1,3,4,1,4,1,4,4,4,1,4,4,4,3,1,1,4,4,3,2,1,1,1,1,4,1,2,3,4,1,2,2,0,1,3,4,3,3,3,2,4,4,1,1,0,0,1,4,4,4,0,2,1,0,3,1,1,2,2,2,2,0,0,2,1,4,4,1,4,1,4,2,2,3,0,4,3,2,1,1,1,4,2,2,1,1,1,0,3,2,2,2,2,2,4,1,4,4,4,1,0,1,3,3,0,0,4,4,3,0,0,0,2,2,2,2,2,2,2,1,3,1,4,4,4,0,4,1,1,2,3,4,4,3,0,3,4,4,0,0,4,4,4,4,4,0,3,0,0,0,2,1,2,1,1,3,3,0,4,4,3,0,3,3,0,0,4,3,3,3,2,2,3,3,3,2,2,3,3,3,3,0,3,0,0,0,0,1,3,3,0,1,0,0,0,3,3,0,2,1,1,1,3,0,1,2,0,3,0,3,4,3,1,0,0,1,1,2,2,0,0,2,2,3,0,3,3,1,1,1,1,2,2,0,2,2,0,2,3,2,2,1,4,2,2,4,4,3,0"
181,1.3735344200111272,"0,3,0,0,3,4,2,2,4,0,4,4,3,3,1,4,2,1,3,1,0,0,2,0,3,2,0,1,2,1,3,4,1,4,1,4,4,4,1,4,4,4,3,1,1,4,4,3,2,1,1,1,1,4,1,3,3,4,1,2,2,0,1,3,4,3,3,3,2,4,4,1,1,0,0,1,4,4,4,0,2,1,0,3,1,1,2,2,2,2,0,0,2,1,4,4,1,4,1,4,2,2,3,0,4,3,2,1,1,1,4,2,2,1,1,1,0,3,2,2,2,2,2,4,1,4,4,4,1,0,1,3,3,0,0,4,4,3,0,0,0,2,2,2,2,2,2,2,1,3,1,4,4,4,0,4,1,1,2,3,4,4,3,0,3,4,4,0,0,4,4,4,4,4,0,3,0,0,0,2,2,2,1,1,3,3,0,4,4,3,0,3,3,0,0,4,3,3,3,2,2,3,3,3,2,2,3,3,3,3,0,3,0,0,0,0,1,3,3,0,1,0,0,0,3,3,0,2,1,1,1,3,0,1,2,0,3,0,3,4,3,1,0,0,1,1,2,2,0,0,2,2,3,0,3,3,1,1,1,1,2,2,0,2,2,0,2,3,2,2,1,4,2,2,4,4,3,0"
182,1.2919541692734273,"0,3,0,0,3,4,2,2,4,0,4,4,3,3,1,4,2,1,3,1,0,0,2,0,3,2,0,1,1,1,3,4,1,4,1,4,4,4,1,4,4,4,3,1,1,4,4,3,2,1,1,1,1,4,1,2,3,4,1,2,2,0,1,3,4,3,3,3,2,4,4,1,1,0,0,1,4,4,4,0,2,1,0,3,1,1,2,2,2,2,0,0,2,1,4,4,1,4,1,4,2,2,3,0,4,1,2,1,1,1,4,2,2,1,1,1,0,3,2,2,2,2,2,4,1,4,4,4,1,0,1,3,3,0,0,4,4,3,0,0,0,2,2,2,2,2,2,2,1,3,1,4,4,4,0,4,1,1,2,3,4,4,3,0,3,4,4,0,0,4,4,4,4,4,0,3,0,0,0,2,1,2,1,1,3,3,0,4,4,3,0,3,3,0,0,4,3,3,3,2,2,3,3,3,2,2,3,3,3,3,0,3,0,0,0,0,1,3,3,0,1,0,0,0,3,3,0,2,1,1,4,3,0,1,2,0,3,0,3,4,3,1,0,0,1,1,2,2,0,0,2,2,3,0,3,3,1,1,1,1,2,2,0,2,2,0,2,3,2,2,1,4,2,2,4,4,3,0"
183,1.2914614359885446,"0,3,0,0,3,4,2,2,4,0,4,4,3,3,1,4,2,1,3,1,0,0,2,0,3,2,0,1,2,1,3,4,1,4,1,4,4,4,1,4,4,4,3,1,1,4,4,3,2,1,1,1,1,4,1,2,3,4,1,2,2,0,1,3,4,3,3,3,2,4,4,1,1,0,1,1,4,4,4,0,2,1,0,3,1,1,2,2,2,2,0,0,2,1,4,4,1,4,1,4,2,2,3,0,4,3,2,1,1,2,4,2,2,1,1,1,0,3,2,2,2,2,2,4,1,4,4,4,1,0,1,3,3,0,0,4,4,3,0,0,0,2,4,2,2,2,2,2,1,3,1,4,4,4,0,4,1,1,2,3,4,4,2,0,3,4,4,0,0,4,4,4,3,4,0,3,0,0,0,2,1,2,1,1,3,3,0,4,4,3,0,3,3,0,0,4,3,3,3,2,2,3,3,3,2,2,3,3,3,3,0,3,0,0,0,0,1,3,3,0,1,0,0,0,3,3,0,2,1,1,1,3,0,1,2,0,3,0,3,4,3,1,0,0,1,1,2,2,0,0,2,2,3,0,3,0,1,1,1,1,2,2,0,2,2,0,2,3,2,2,1,4,2,2,4,4,3,0"
184,1.3316392062005749,"0,3,0,0,3,4,2,2,4,0,4,4,3,3,1,4,2,1,3,1,0,0,2,0,3,2,0,1,2,1,3,4,1,4,1,4,4,4,1,4,4,4,3,1,1,4,4,3,2,1,1,1,1,4,1,2,3,4,1,2,2,0,1,3,4,3,3,3,2,4,4,1,1,0,1,1,4,4,4,0,2,1,0,3,1,1,2,2,2,2,0,0,2,1,4,4,1,4,1,4,2,2,3,0,4,3,2,1,1,2,4,2,2,1,1,1,0,3,2,2,2,2,2,4,1,4,4,4,1,0,1,3,3,0,0,4,4,3,0,0,0,2,3,2,2,2,2,2,1,3,1,4,4,4,0,4,1,1,2,3,4,4,2,0,3,4,4,0,0,4,4,4,3,4,0,3,0,0,0,2,1,2,1,1,3,3,0,4,4,3,0,3,3,0,0,4,3,3,3,2,2,3,3,3,2,2,3,3,3,3,0,3,0,0,0,0,1,3,3,0,1,0,0,0,3,3,0,2,1,1,1,3,0,1,2,0,3,0,3,4,3,1,0,0,4,1,2,2,0,0,2,2,3,0,3,3,1,1,1,1,2,2,0,2,2,0,2,3,2,2,1,4,2,2,4,4,3,0"
185,1.0917939946689843,"0,3,0,0,3,4,2,2,4,0,4,4,3,3,1,4,2,1,3,1,0,0,2,0,3,2,0,1,2,1,3,4,1,4,1,4,4,4,1,4,4,4,3,1,1,4,4,3,2,1,1,1,1,4,1,3,3,4,1,2,2,0,1,3,4,3,3,3,2,4,4,1,1,0,0,1,4,4,4,0,2,1,0,3,1,1,2,2,2,2,0,0,2,1,4,4,1,4,1,4,2,2,3,0,4,3,2,1,1,1,4,2,2,1,1,1,0,3,2,2,2,2,2,4,1,4,4,4,0,0,1,3,3,0,0,4,4,3,0,0,0,2,2,2,2,2,2,2,1,3,1,4,4,4,0,4,1,1,2,3,2,4,3,0,3,4,4,0,0,4,4,4,4,4,0,3,0,0,0,2,2,2,1,1,3,3,0,4,4,3,0,3,3,0,0,4,3,3,3,2,2,3,3,3,2,2,3,3,3,3,0,3,0,0,0,0,1,3,3,0,1,0,0,0,3,3,0,2,1,1,1,3,0,1,2,0,3,0,3,4,3,1,0,0,1,1,2,2,0,0,2,2,3,0,2,3,1,1,2,1,2,2,0,2,2,0,2,3,2,2,1,4,4,2,4,4,3,0"
186,1.3732121333379876,"0,3,0,0,3,4,2,2,4,0,4,4,3,3,1,4,2,1,3,1,0,0,2,0,3,2,0,1,2,1,3,4,1,4,1,4,4,4,1,4,4,4,3,1,1,4,4,3,2,1,1,1,1,4,1,3,3,4,1,2,2,0,1,3,4,3,3,3,2,4,4,1,1,0,0,1,4,4,4,0,2,1,0,3,1,1,2,2,2,2,0,0,2,1,4,4,1,4,1,4,2,2,3,0,4,3,2,1,1,1,4,2,2,1,1,1,0,3,2,2,2,2,2,4,1,4,4,4,1,0,1,3,3,0,0,4,4,3,0,0,0,2,2,2,2,2,2,2,1,3,1,4,4,4,0,4,1,1,2,3,4,4,3,0,3,4,4,0,0,4,4,4,4,4,0,3,0,0,0,2,2,2,1,1,3,3,0,4,4,3,0,3,3,0,0,4,3,3,3,2,2,3,3,3,2,2,3,3,3,3,0,3,0,0,0,0,1,3,3,0,1,0,0,0,3,3,0,2,1,1,1,3,1,1,2,0,3,0,3,4,3,1,0,0,1,1,2,2,0,0,2,2,3,0,3,3,1,1,1,1,2,2,0,2,2,0,2,3,2,2,4,4,2,2,4,4,3,0"
187,1.3727157459620591,"0,3,0,0,3,4,2,2,4,0,4,4,3,3,1,4,2,1,3,1,0,0,2,0,3,2,0,1,2,1,3,4,1,4,1,4,4,4,1,4,4,4,3,1,1,4,4,3,2,1,1,1,1,4,1,3,3,4,1,2,2,0,1,3,4,3,3,3,2,4,4,1,1,0,0,1,4,4,4,0,2,1,0,3,1,1,2,2,2,2,0,0,2,1,4,4,1,4,1,4,2,2,3,0,4,3,2,1,1,1,4,2,2,1,1,1,0,3,2,2,2,2,2,4,1,4,4,4,1,0,1,3,3,0,0,4,4,3,0,0,0,2,2,2,2,2,2,2,1,3,1,4,4,4,0,4,1,1,2,3,4,4,3,0,3,4,4,0,0,4,4,4,4,4,0,3,0,0,0,2,2,2,1,1,3,3,0,4,4,3,0,3,3,0,0,4,3,3,3,2,2,3,3,3,2,2,3,3,3,3,0,3,0,0,0,0,1,3,3,0,1,0,0,0,3,3,0,2,1,1,1,3,1,1,2,0,3,0,3,4,3,1,0,0,1,1,2,2,0,0,2,2,3,0,3,3,1,1,1,1,4,2,0,2,2,0,2,3,2,2,1,4,2,2,4,4,3,0"
188,1.3720066437209926,"0,3,0,0,3,4,2,2,4,0,4,4,3,3,1,4,2,1,3,1,0,0,2,0,3,2,0,1,2,1,3,4,1,4,1,4,4,4,1,4,4,4,3,1,1,4,4,3,2,1,1,1,1,4,1,3,3,4,1,2,2,0,1,3,4,3,3,3,2,4,4,1,1,0,0,1,4,4,4,0,2,1,0,3,1,1,2,2,2,2,0,0,2,1,4,4,1,4,1,4,2,2,3,0,4,3,2,1,1,1,4,2,2,1,1,1,0,3,2,2,2,2,2,4,1,4,4,4,1,0,1,3,3,0,0,4,4,3,0,0,0,2,2,2,2,2,2,2,1,3,1,4,4,4,0,4,1,1,2,3,4,4,3,0,3,4,4,0,0,4,4,4,4,0,0,3,0,0,0,2,4,2,1,1,3,3,0,4,4,3,0,3,3,0,0,4,3,3,3,2,2,3,3,3,2,2,3,3,3,3,0,3,0,0,0,0,1,3,3,0,1,0,0,0,3,3,0,2,1,1,1,3,1,1,2,0,3,0,3,4,3,1,0,0,1,1,2,2,0,0,2,2,3,0,3,3,1,1,1,1,2,2,0,2,2,0,2,3,2,2,1,4,2,2,4,4,3,2"
189,1.3738920444668425,"0,3,0,0,3,4,2,2,4,0,4,4,3,3,1,4,2,1,3,1,0,0,2,0,3,2,0,1,2,1,3,4,1,4,1,4,4,4,1,4,4,4,3,1,1,4,4,3,2,1,1,1,1,4,1,3,3,4,1,2,2,0,1,3,4,3,3,3,2,4,4,1,1,0,0,1,4,4,4,0,2,1,0,3,1,1,2,2,2,2,0,0,2,1,4,4,1,4,1,4,2,2,3,0,4,3,2,1,1,1,4,2,2,1,1,1,0,3,2,2,2,2,2,4,1,4,4,4,1,0,1,3,3,0,0,4,4,3,0,0,0,2,2,2,2,2,2,2,1,3,1,4,4,4,0,4,1,1,2,3,4,4,2,0,3,4,4,0,0,4,4,4,4,4,0,3,0,0,0,2,2,2,1,1,3,3,0,4,4,3,0,3,3,0,0,4,3,3,3,2,2,3,3,3,2,2,3,3,3,3,0,3,0,0,0,0,1,3,3,0,1,0,0,0,3,3,0,2,1,1,1,3,1,1,0,0,3,0,3,4,3,1,0,0,1,1,2,2,0,0,2,2,3,0,3,3,1,1,1,1,2,2,0,2,2,0,2,3,2,2,1,4,2,2,4,4,3,0"
190,1.0532401019336501,"0,3,0,0,3,4,2,2,4,0,4,4,3,3,1,4,2,1,3,1,0,0,2,0,3,2,0,1,2,1,3,4,1,4,1,4,4,4,1,4,4,4,3,1,1,4,4,3,2,1,1,1,1,4,1,3,3,4,1,2,2,0,1,3,4,3,3,3,2,4,4,1,1,0,0,1,4,4,4,0,2,1,0,3,1,1,2,2,2,2,0,0,3,1,4,4,1,4,1,4,2,2,3,0,4,3,2,1,1,1,4,2,2,1,1,1,0,3,2,2,2,2,2,4,2,4,4,4,1,0,1,3,3,0,0,4,4,3,0,3,0,2,2,2,2,2,2,2,1,3,1,4,4,4,0,4,1,1,2,3,3,4,2,0,3,4,4,0,0,4,4,4,4,4,0,3,0,0,0,2,2,2,1,1,3,3,0,4,4,3,0,3,3,0,0,4,3,3,3,2,2,3,3,3,2,2,3,3,3,3,0,3,0,0,0,0,1,3,3,0,1,0,0,0,3,3,3,2,1,1,1,3,1,1,0,0,3,0,3,4,3,1,0,0,1,1,2,2,0,0,2,2,3,0,3,3,1,1,1,1,2,2,0,2,2,0,2,3,2,2,1,4,2,2,4,4,3,0"
191,1.3743278216047947,"0,3,0,0,3,4,2,2,4,0,4,4,3,3,1,4,2,1,3,1,0,0,2,0,3,2,0,1,2,1,3,4,1,4,1,4,4,4,1,4,4,4,3,1,1,4,4,3,2,1,1,1,1,4,1,3,3,4,1,2,2,0,1,3,4,3,3,3,2,4,4,1,1,0,0,1,4,4,4,0,2,1,0,3,1,1,2,2,2,2,0,0,2,1,4,4,1,4,1,4,2,2,3,0,4,3,2,1,1,1,4,2,2,1,1,1,0,3,2,2,2,2,2,4,1,4,4,4,1,0,1,3,3,0,0,4,4,3,0,0,0,2,2,2,2,2,2,2,1,3,4,4,4,4,0,4,1,1,2,3,4,4,2,0,3,4,4,0,0,4,4,4,4,4,0,3,0,0,0,2,2,2,1,1,3,3,0,4,4,3,0,3,3,0,0,4,3,3,3,2,2,3,3,3,2,2,3,3,3,3,0,3,0,0,0,0,1,3,3,0,1,0,0,0,3,3,0,2,1,1,1,3,1,1,0,0,3,0,3,4,3,1,0,0,1,1,2,2,0,0,2,2,3,0,3,3,1,1,1,1,2,2,0,2,2,0,2,3,2,2,1,4,2,2,4,4,3,0"
192,1.374815951409411,"0,3,0,0,3,4,2,2,4,0,4,4,3,3,1,4,2,1,3,1,0,0,2,0,3,2,0,1,2,1,3,4,1,4,1,4,4,4,1,4,4,4,3,1,1,4,4,3,2,1,1,1,1,4,1,3,3,4,1,2,2,0,1,3,4,3,3,3,2,4,4,1,1,0,0,1,4,4,4,0,2,1,0,3,1,1,2,2,2,2,0,0,2,1,4,4,1,4,1,4,2,2,3,0,4,3,2,1,1,1,4,2,2,1,1,1,0,3,2,2,2,2,2,4,1,4,4,4,1,0,1,3,3,0,0,4,4,3,0,0,0,2,2,2,2,2,2,2,1,3,4,4,4,4,0,4,1,1,2,3,4,4,2,0,3,4,4,0,0,4,4,4,4,4,0,3,0,0,0,2,2,2,1,1,3,3,2,4,4,3,0,3,2,0,0,4,3,3,3,2,3,3,3,3,2,2,3,3,3,3,0,3,0,0,0,0,1,3,3,0,1,0,0,0,3,3,0,0,1,1,1,3,1,1,0,0,3,0,3,4,3,1,0,0,1,1,2,2,0,0,2,2,3,0,3,3,1,1,1,1,2,2,0,2,2,0,2,3,2,2,1,4,2,2,4,4,3,0"
193,1.3754256496668025,"0,3,0,0,3,4,2,2,4,0,4,4,3,3,1,4,2,1,3,1,0,0,2,0,3,2,0,1,2,1,3,4,1,4,1,4,4,4,1,4,4,4,3,1,1,4,4,3,2,1,1,1,1,4,1,3,3,4,1,2,2,0,1,3,4,3,3,3,2,4,4,1,1,0,0,1,4,4,4,0,2,1,0,3,1,1,2,2,2,2,0,0,3,1,4,4,1,4,1,4,2,2,3,0,4,3,2,1,1,1,4,2,2,1,1,1,0,3,2,2,2,2,2,4,1,4,4,4,1,0,1,3,3,0,0,4,4,3,0,0,0,2,2,2,2,2,2,2,1,3,4,4,4,4,0,4,1,1,2,3,4,4,2,0,3,4,4,0,0,4,4,4,4,4,0,3,0,0,0,2,2,2,1,1,3,3,2,1,4,3,0,3,2,0,0,4,3,3,3,2,3,3,3,3,2,2,3,3,3,3,0,3,0,0,0,0,1,3,3,0,1,0,0,0,3,3,0,0,1,1,1,3,1,1,0,0,3,0,3,4,3,1,0,0,1,1,2,2,0,0,2,2,3,0,3,3,1,1,1,1,2,2,0,2,2,0,2,3,2,2,1,4,2,2,4,4,3,0"
194,1.3756769158401614,"0,3,0,0,3,4,2,2,4,0,4,4,3,3,1,4,2,1,3,1,0,0,2,0,3,2,0,1,2,1,3,4,1,4,1,4,4,4,1,4,4,4,3,1,1,4,4,3,2,1,1,1,1,4,1,3,3,4,1,2,2,0,1,3,4,3,3,3,2,4,4,1,1,0,0,1,4,4,4,0,2,1,0,3,1,1,2,2,2,2,0,0,3,1,4,4,1,4,1,4,2,2,2,0,4,3,2,1,1,1,4,2,2,1,1,1,0,3,2,2,2,2,2,4,1,4,4,4,1,0,1,3,3,0,0,4,4,3,0,0,0,2,2,2,2,2,2,2,1,3,4,4,4,4,0,4,1,1,2,3,4,4,2,0,3,4,4,0,0,4,4,4,4,4,0,3,0,0,0,2,2,2,1,1,3,3,2,1,4,3,0,3,2,0,0,4,3,3,3,2,3,3,3,3,2,2,3,3,3,3,0,3,0,0,0,0,1,3,3,0,1,0,0,0,3,3,0,0,1,1,1,3,1,1,0,0,3,0,3,4,3,1,0,0,1,1,2,2,0,0,2,2,3,0,3,3,1,1,1,1,2,2,0,2,0,2,2,3,2,2,1,4,2,2,4,4,3,0"
195,1.215661112123143,"0,3,0,0,3,4,2,2,4,0,4,4,3,3,1,4,2,1,3,1,0,0,2,0,3,2,0,1,2,1,3,4,1,4,4,4,4,4,1,0,4,4,3,1,1,4,4,3,2,1,1,1,1,4,1,3,3,4,1,2,2,0,1,3,4,3,3,3,2,4,4,1,1,0,0,1,4,4,4,0,2,1,0,3,1,1,2,2,2,2,0,0,3,1,4,4,1,4,1,4,2,2,2,0,4,3,2,1,1,1,4,2,2,1,1,1,0,3,2,2,2,2,2,2,1,4,4,4,1,3,1,3,3,0,0,4,4,3,0,0,0,2,2,2,2,2,2,2,1,3,4,4,4,4,0,4,1,1,2,3,4,4,2,0,3,4,4,0,0,4,4,4,4,4,0,3,0,0,0,2,2,2,1,1,3,3,2,1,4,3,0,3,2,0,0,4,2,3,3,2,3,3,3,3,2,2,3,3,3,3,0,3,0,0,0,0,1,3,3,0,1,0,0,0,3,3,0,0,1,1,1,3,1,1,0,0,3,0,3,4,3,1,0,0,4,1,2,2,0,0,2,2,3,0,3,3,1,1,1,1,2,2,0,2,0,2,2,3,2,2,1,4,2,2,4,4,3,0"
196,1.215661112123143,"0,3,0,0,3,4,2,2,4,0,4,4,3,3,1,4,2,1,3,1,0,0,2,0,3,2,0,1,2,1,3,4,1,4,4,4,4,4,1,0,4,4,3,1,1,4,4,3,2,1,1,1,1,4,1,3,3,4,1,2,2,0,1,3,4,3,3,3,2,4,4,1,1,0,0,1,4,4,4,0,2,1,0,3,1,1,2,2,2,2,0,0,3,1,4,4,1,4,1,4,2,2,2,0,4,3,2,1,1,1,4,2,2,1,1,1,0,3,2,2,2,2,2,2,1,4,4,4,1,3,1,3,3,0,0,4,4,3,0,0,0,2,2,2,2,2,2,2,1,3,4,4,4,4,0,4,1,1,2,3,4,4,2,0,3,4,4,0,0,4,4,4,4,4,0,3,0,0,0,2,2,2,1,1,3,3,2,1,4,3,0,3,2,0,0,4,2,3,3,2,3,3,3,3,2,2,3,3,3,3,0,3,0,0,0,0,1,3,3,0,1,0,0,0,3,3,0,0,1,1,1,3,1,1,0,0,3,0,3,4,3,1,0,0,4,1,2,2,0,0,2,2,3,0,3,3,1,1,1,1,2,2,0,2,0,2,2,3,2,2,1,4,2,2,4,4,3,0"
197,1.2146171092481208,"0,3,0,0,3,4,2,2,4,0,4,4,3,3,1,4,2,1,3,1,0,0,2,0,3,2,0,1,2,1,3,4,1,4,4,4,4,4,1,0,4,4,3,1,1,4,4,3,2,1,1,1,1,4,1,3,3,4,1,2,2,0,1,3,4,3,3,3,2,4,4,1,1,0,0,1,4,4,4,0,2,1,0,3,1,1,2,2,2,2,0,0,3,1,4,4,1,4,1,4,2,2,2,0,4,3,2,1,1,1,4,2,2,1,1,1,0,3,2,2,2,2,2,2,1,4,4,4,1,3,1,3,3,0,0,4,4,3,0,0,0,2,2,2,2,2,2,2,1,3,4,4,4,4,0,4,1,1,2,3,4,4,2,0,3,4,4,0,0,4,4,4,4,4,0,3,0,0,0,2,2,2,1,1,3,3,2,1,4,3,0,3,2,0,0,4,2,3,3,2,3,3,3,3,2,2,3,3,3,3,0,3,0,0,0,0,1,3,3,0,1,0,0,0,3,3,0,0,1,1,1,3,1,1,0,0,3,0,3,4,3,1,0,0,4,1,2,2,2,0,2,4,3,0,3,3,1,1,1,1,2,2,0,2,0,2,2,3,2,2,1,4,2,2,4,4,3,0"
198,1.336267586626652,"0,3,0,0,3,4,2,2,4,0,4,4,3,3,1,4,2,1,3,1,0,0,2,0,3,2,0,1,2,1,3,4,1,4,4,4,4,4,1,0,4,4,3,1,1,4,4,3,2,1,1,1,1,4,1,3,3,4,1,2,2,0,1,3,4,3,3,3,2,4,4,1,1,0,0,1,4,4,4,0,2,1,0,3,1,1,2,2,2,2,0,0,3,1,4,4,1,4,1,4,2,2,2,0,4,3,2,1,1,1,4,2,2,1,1,1,0,3,2,2,2,2,2,4,1,4,4,4,1,0,1,3,3,0,0,4,4,3,0,0,0,2,2,2,2,2,2,2,1,3,4,4,4,4,3,4,1,1,2,3,4,4,2,0,3,4,4,0,0,4,4,4,4,4,0,3,0,0,0,2,2,2,1,1,3,3,2,1,4,3,0,3,2,0,0,4,3,3,3,2,3,3,3,3,2,2,3,3,3,3,0,3,0,0,0,0,1,3,3,0,1,0,0,0,3,3,0,0,1,1,1,3,1,1,0,0,3,0,3,1,3,1,0,0,1,1,2,2,0,0,2,2,3,0,3,3,1,1,1,1,2,2,0,2,0,2,2,3,2,2,1,4,2,2,4,4,3,0"
199,1.3762597163227224,"0,3,0,0,3,4,2,2,4,0,4,4,3,3,1,4,2,1,3,1,0,0,2,0,3,2,0,1,2,1,3,4,1,4,4,4,4,4,1,0,4,4,3,1,1,4,4,3,2,1,1,1,1,4,1,3,3,4,1,2,2,0,1,3,4,3,3,3,2,4,4,1,1,0,0,1,4,4,4,0,2,1,0,3,1,1,2,2,2,2,0,0,3,1,4,4,1,4,1,4,2,2,2,0,4,3,2,1,1,1,4,2,2,1,1,1,0,3,2,2,2,2,2,4,1,4,4,4,1,0,1,3,3,0,0,4,4,3,0,0,0,2,2,2,2,2,2,2,1,3,4,4,4,4,3,4,1,1,2,3,4,4,2,0,3,4,4,0,0,4,4,4,4,4,0,3,0,0,0,2,2,2,1,1,3,3,2,1,4,3,0,3,2,0,0,4,3,3,3,2,3,3,3,3,2,2,3,3,3,3,0,3,0,0,0,0,1,3,3,0,1,0,0,0,3,3,0,0,1,1,1,3,1,1,0,0,3,0,3,4,3,1,0,0,4,1,2,2,0,0,2,2,3,0,3,3,1,1,1,1,2,2,0,2,0,2,2,3,2,2,1,1,2,2,4,4,3,0"
200,1.2944424461562751,"0,3,0,0,3,4,2,2,4,0,4,4,3,3,1,4,2,1,3,1,0,0,2,0,3,2,0,1,2,1,3,4,1,4,4,4,4,4,1,0,4,4,3,1,1,4,4,3,2,1,1,1,1,4,1,3,3,4,1,2,2,0,1,3,4,3,3,3,2,4,4,1,1,0,0,1,4,4,4,0,2,1,0,4,1,1,2,2,2,2,0,0,3,1,4,4,1,4,1,4,4,2,2,0,4,3,2,1,1,1,4,2,2,1,1,1,0,3,2,2,2,2,2,4,3,4,4,4,1,0,1,3,3,0,0,4,4,3,0,0,0,2,2,2,2,2,2,2,1,3,4,4,4,4,3,4,1,1,2,3,4,4,2,0,3,4,4,0,0,4,4,4,4,4,0,3,0,0,0,2,2,2,1,1,3,3,2,1,0,3,0,3,2,0,0,4,3,3,3,2,3,3,3,1,2,2,3,3,3,3,0,3,0,0,0,0,1,3,3,0,1,0,0,0,3,3,0,0,1,1,1,3,1,1,0,0,3,0,3,4,3,1,0,0,4,1,2,2,0,0,2,2,3,0,2,3,1,1,1,1,2,2,0,2,0,2,2,3,2,2,1,1,2,2,4,4,3,0"
201,1.3351441812122162,"0,3,1,0,3,4,2,2,4,0,4,4,3,3,1,4,2,1,3,1,0,0,2,0,3,2,0,1,2,1,3,4,1,4,4,2,4,4,1,0,4,4,3,1,1,4,4,3,2,1,1,1,1,4,1,3,3,4,1,2,2,0,1,3,4,3,3,3,2,4,4,1,1,0,0,1,4,4,4,0,2,1,0,3,1,1,2,2,2,2,0,0,3,1,4,4,1,4,1,4,2,2,2,0,4,3,2,1,1,1,4,2,2,1,1,1,0,3,2,2,2,2,2,4,1,4,4,4,1,0,1,3,3,0,0,4,4,3,0,0,0,2,2,2,2,2,2,2,1,3,4,4,4,4,3,4,1,1,2,3,4,4,2,0,3,4,4,0,0,4,4,4,4,4,0,3,0,0,0,2,2,2,1,1,3,3,2,1,4,3,0,3,2,0,0,4,3,3,3,2,3,3,3,3,2,2,3,3,3,3,0,3,0,0,0,0,1,3,3,0,1,0,0,0,3,3,0,0,1,1,1,3,1,1,0,0,3,0,3,4,3,1,0,0,4,1,2,2,0,0,2,2,3,0,3,3,4,1,1,1,2,2,0,2,0,2,2,3,2,2,1,1,2,2,4,4,3,0"
202,1.2946810592339069,"0,3,1,0,3,4,2,2,4,0,4,4,3,3,1,4,2,1,3,1,0,0,2,0,3,2,0,1,2,1,3,4,1,4,4,2,4,4,1,0,4,4,3,1,1,4,4,3,2,1,1,1,1,4,1,3,3,4,0,2,2,0,1,3,4,3,2,3,2,4,4,1,1,0,0,1,4,4,4,0,2,1,0,3,1,1,2,2,2,2,0,0,3,1,4,4,1,4,1,4,2,2,2,0,4,3,2,1,1,1,4,2,2,1,1,1,4,3,3,2,2,2,2,4,1,4,4,4,1,0,1,3,3,0,0,4,4,3,1,0,0,2,2,2,2,2,2,2,1,3,4,4,4,4,3,4,1,1,2,3,4,4,2,0,3,4,4,0,0,4,4,4,1,4,0,3,0,0,0,2,2,2,0,1,3,3,1,1,4,3,0,3,2,0,0,4,3,3,3,2,3,3,3,3,2,2,3,3,3,3,0,3,0,0,0,0,1,3,3,0,1,0,0,0,3,3,0,0,1,1,1,3,1,1,0,0,3,0,3,4,3,1,0,0,4,1,2,2,0,0,2,2,3,0,3,3,1,1,1,1,2,2,0,2,0,2,2,3,2,2,1,1,2,2,4,4,3,0"
203,1.3767544028952694,"0,3,1,0,3,4,2,2,4,0,4,4,3,3,1,4,2,1,3,1,0,0,2,0,3,2,0,1,2,1,3,4,1,4,4,4,4,4,1,0,4,4,3,1,1,4,4,3,2,1,1,1,1,1,4,3,3,4,1,2,2,0,1,3,4,3,2,3,2,4,4,1,1,0,0,1,4,4,4,0,2,1,0,3,1,1,2,2,2,2,0,0,3,1,4,4,1,4,1,4,2,2,2,0,4,3,2,1,1,1,4,2,2,1,1,1,0,3,3,2,2,2,2,4,1,4,4,4,1,0,1,3,3,0,0,4,4,3,0,0,0,2,2,2,2,2,2,2,1,3,4,4,4,4,3,4,1,1,2,3,4,4,2,0,3,4,4,0,0,4,4,4,4,4,0,3,0,0,0,2,2,2,1,1,3,3,2,1,4,3,0,3,2,0,0,4,3,3,3,2,3,3,3,3,2,2,3,3,3,3,0,3,0,0,0,0,1,3,3,0,1,0,0,0,3,3,0,0,1,1,1,3,1,1,0,0,3,0,3,4,3,1,0,0,4,1,2,2,0,0,2,2,3,0,3,3,1,1,1,1,2,2,0,2,0,2,2,3,2,2,1,1,2,2,4,4,3,0"
204,1.3767544028952694,"0,3,1,0,3,4,2,2,4,0,4,4,3,3,1,4,2,1,3,1,0,0,2,0,3,2,0,1,2,1,3,4,1,4,4,4,4,4,1,0,4,4,3,1,1,4,4,3,2,1,1,1,1,1,4,3,3,4,1,2,2,0,1,3,4,3,2,3,2,4,4,1,1,0,0,1,4,4,4,0,2,1,0,3,1,1,2,2,2,2,0,0,3,1,4,4,1,4,1,4,2,2,2,0,4,3,2,1,1,1,4,2,2,1,1,1,0,3,3,2,2,2,2,4,1,4,4,4,1,0,1,3,3,0,0,4,4,3,0,0,0,2,2,2,2,2,2,2,1,3,4,4,4,4,3,4,1,1,2,3,4,4,2,0,3,4,4,0,0,4,4,4,4,4,0,3,0,0,0,2,2,2,1,1,3,3,2,1,4,3,0,3,2,0,0,4,3,3,3,2,3,3,3,3,2,2,3,3,3,3,0,3,0,0,0,0,1,3,3,0,1,0,0,0,3,3,0,0,1,1,1,3,1,1,0,0,3,0,3,4,3,1,0,0,4,1,2,2,0,0,2,2,3,0,3,3,1,1,1,1,2,2,0,2,0,2,2,3,2,2,1,1,2,2,4,4,3,0"
205,1.2968906193653118,"0,3,1,0,3,4,2,2,4,0,4,4,3,3,1,4,2,1,3,1,0,0,2,0,3,2,0,1,2,1,3,4,1,4,4,4,4,4,1,0,4,4,3,1,1,4,4,3,2,1,1,1,1,1,4,3,3,4,1,2,2,0,1,3,4,3,2,3,2,4,4,1,1,0,0,1,4,4,4,0,2,1,0,3,1,1,2,2,2,2,0,0,0,1,4,4,1,4,1,4,2,2,2,0,4,3,2,1,1,1,4,2,2,1,1,1,0,3,3,2,2,2,2,4,1,4,4,4,1,0,1,3,3,0,0,4,4,3,0,0,0,2,2,2,2,2,2,2,1,3,4,4,4,4,3,4,1,1,2,3,4,4,2,0,3,4,4,0,0,4,4,4,4,4,0,3,0,0,0,2,2,2,1,1,3,3,2,1,4,3,0,3,2,0,0,4,3,3,3,2,3,3,3,3,2,2,3,3,3,3,0,3,0,0,0,0,1,3,3,0,1,0,0,0,3,3,0,0,1,1,1,3,1,1,0,0,3,0,3,4,0,1,0,0,4,1,2,2,0,0,2,2,3,0,3,3,1,1,1,1,2,2,0,2,0,2,2,3,2,2,1,1,2,2,4,4,3,0"
206,1.2957315371530422,"0,3,1,0,3,4,2,2,4,0,4,4,3,3,1,4,2,1,3,1,0,0,2,0,3,2,0,1,2,1,3,4,1,4,4,4,4,4,1,0,4,4,3,1,1,4,4,3,2,1,1,1,1,1,4,3,3,4,1,2,2,0,1,3,4,3,2,3,2,4,4,1,1,0,0,1,4,4,4,0,2,1,0,3,1,1,2,2,2,2,0,0,0,1,4,4,1,4,1,4,2,3,2,0,4,3,2,1,1,1,4,2,2,1,1,1,0,3,3,2,2,3,2,4,1,4,4,4,1,0,1,3,3,0,0,4,2,3,0,0,0,2,2,2,2,2,2,2,1,3,4,4,4,4,3,4,1,1,2,3,4,4,2,0,3,4,4,0,0,4,4,4,4,4,0,3,0,0,0,2,2,2,1,1,3,3,2,1,4,3,0,3,2,0,0,4,3,3,3,2,3,3,3,3,2,2,3,3,3,3,0,3,0,0,0,0,1,3,3,0,1,0,0,0,3,3,0,0,1,1,1,3,1,1,0,0,3,0,3,4,0,1,0,0,4,1,2,2,0,0,2,2,3,0,3,3,1,1,1,1,2,2,0,2,0,2,2,3,2,2,1,1,2,2,4,4,3,0"
207,1.2155886498372526,"0,3,1,0,3,4,2,2,4,0,4,4,3,3,1,4,2,1,3,1,0,0,2,0,3,2,0,1,2,1,3,4,1,4,4,4,4,4,1,0,4,4,3,1,1,4,4,3,2,1,1,1,1,1,4,3,3,4,1,2,2,0,1,3,4,3,2,3,2,4,4,1,1,0,0,1,4,4,4,0,2,1,0,3,1,1,2,2,2,2,0,0,0,1,4,4,1,4,1,4,2,3,2,0,4,3,2,1,1,1,4,2,2,1,1,1,0,3,3,2,2,3,2,4,1,4,4,4,1,0,1,0,3,0,0,4,2,3,0,0,0,2,2,2,2,2,2,2,1,3,4,4,4,4,3,4,1,1,2,3,4,4,2,0,3,4,4,0,0,4,4,4,4,4,0,3,0,0,0,2,2,2,1,1,3,3,2,1,4,3,0,3,2,0,0,4,3,3,3,2,3,3,3,3,2,2,3,3,3,3,0,3,0,0,0,0,1,3,3,0,1,0,0,0,3,3,0,0,1,1,1,3,1,1,0,0,3,0,3,4,0,1,0,0,4,1,2,2,0,0,2,2,3,0,3,3,1,1,1,1,2,2,0,2,0,2,2,3,2,2,1,1,2,2,4,4,3,0"
208,1.3766177067224314,"0,3,1,0,3,4,2,2,4,0,4,4,3,3,1,4,2,1,3,1,0,0,2,0,3,2,0,1,2,1,3,4,1,4,4,4,4,4,1,0,4,4,3,1,1,4,4,3,2,1,1,1,1,1,4,3,3,4,1,2,2,0,1,3,4,3,2,3,2,4,4,1,1,0,0,1,4,4,4,0,2,1,0,3,1,1,2,2,2,2,0,0,3,1,4,4,1,4,1,4,2,2,2,0,4,3,2,1,1,1,4,2,2,1,1,1,0,3,3,2,2,2,2,4,1,4,4,4,1,0,1,3,3,0,0,4,4,3,0,0,0,2,2,2,2,2,2,2,1,3,4,4,4,4,3,4,1,1,2,3,4,4,2,0,3,4,4,0,0,4,4,4,4,4,0,3,0,0,0,2,2,2,1,1,3,3,2,1,4,3,0,3,2,0,0,4,3,3,3,2,3,3,3,3,2,2,3,3,3,3,0,3,0,0,0,0,1,3,3,0,1,0,0,0,3,3,0,0,1,1,1,3,1,1,0,0,3,0,3,4,0,1,0,0,4,1,2,2,0,0,3,2,3,0,3,3,1,1,1,1,2,2,0,2,0,2,2,3,2,2,1,1,2,2,4,4,3,0"
209,1.1350490799668675,"0,3,1,0,3,4,2,2,4,0,4,4,3,3,1,4,2,1,3,1,0,0,2,2,3,2,0,1,2,1,3,4,1,4,4,4,4,4,1,0,4,4,3,1,1,4,4,3,2,1,1,1,1,1,4,3,3,4,1,2,2,0,1,0,4,3,2,3,2,4,4,1,1,0,0,1,4,4,4,0,2,1,0,3,1,1,2,2,2,2,0,0,3,1,4,4,1,4,1,4,2,2,2,0,4,3,2,1,1,1,4,2,2,1,1,1,0,3,3,2,2,2,2,4,1,4,4,4,1,0,4,2,3,0,0,4,2,3,0,0,0,2,2,2,3,2,2,2,1,3,4,4,4,4,3,4,1,1,2,3,4,4,2,0,3,4,4,0,0,4,4,4,4,2,0,3,0,0,0,2,2,2,1,1,3,3,2,1,3,3,0,3,2,0,0,4,3,3,3,2,3,3,3,3,2,2,3,3,3,3,0,3,0,0,0,0,1,3,3,0,1,0,0,0,3,3,0,0,1,1,1,3,1,1,0,0,3,0,3,4,0,1,0,0,4,1,2,2,0,0,3,2,3,0,3,3,1,1,1,1,2,2,0,2,0,2,2,3,2,2,1,1,2,2,4,4,3,0"
210,1.3343934390688623,"0,3,1,0,3,4,2,2,4,0,4,4,3,3,1,4,2,1,3,1,0,0,2,2,3,2,0,1,2,1,3,4,1,4,4,4,4,4,1,0,4,4,3,1,1,4,4,3,2,1,1,1,1,1,4,3,3,4,1,2,2,0,1,0,4,3,2,3,2,4,4,1,1,0,0,1,4,4,4,0,2,1,0,3,1,1,2,2,2,2,0,0,3,1,4,4,3,4,1,4,2,2,2,0,4,3,2,1,1,1,4,2,2,1,1,1,3,3,3,2,2,2,2,4,1,4,4,4,1,0,1,3,3,0,0,4,4,3,0,0,0,2,2,2,2,2,2,2,1,3,4,4,4,4,3,4,1,1,2,3,4,4,2,0,3,4,4,0,0,4,4,4,4,4,0,3,0,0,0,2,2,2,1,1,3,3,2,1,4,3,0,3,2,0,0,4,4,3,3,2,3,3,3,3,2,2,3,3,3,3,0,3,0,0,0,0,1,3,3,0,1,1,0,0,3,3,0,0,1,1,1,3,1,1,0,0,3,0,3,4,0,1,0,0,4,1,2,2,0,0,2,2,3,0,3,3,1,1,1,1,2,2,0,2,0,2,0,3,2,2,1,1,2,2,4,2,3,0"
211,1.374999356962293,"0,3,1,0,3,4,2,2,4,0,4,4,3,3,1,4,2,1,3,1,0,0,2,2,3,2,0,1,2,1,3,4,1,4,4,4,4,4,1,0,4,4,3,1,1,4,4,3,2,1,1,1,1,1,4,3,3,2,1,2,2,0,1,0,4,3,2,3,2,4,4,1,1,0,0,1,4,4,4,0,2,1,0,3,1,1,2,2,2,2,0,0,3,1,4,4,3,4,1,4,2,2,2,0,4,3,2,1,1,1,4,2,2,1,1,1,3,3,3,2,2,2,2,4,1,4,4,4,1,0,1,3,3,0,0,4,4,3,0,0,0,2,2,2,2,2,2,2,1,3,4,4,4,4,3,4,1,1,2,3,4,4,2,0,3,4,4,0,0,4,4,4,4,4,0,3,0,0,0,2,2,2,1,1,3,3,2,1,4,3,0,3,2,0,0,4,4,3,3,2,3,3,3,3,2,2,3,3,3,3,0,3,0,0,0,0,1,3,3,0,1,1,0,0,3,3,0,0,1,1,1,3,1,1,0,0,3,0,3,4,0,1,0,0,4,1,2,2,0,0,2,2,3,0,3,3,1,1,1,1,2,2,0,2,0,0,0,3,3,2,1,1,2,2,4,4,3,0"
212,1.2934760372082525,"0,3,1,0,3,4,2,2,4,0,4,4,3,3,1,4,2,1,3,1,0,0,2,2,3,2,0,1,2,1,3,4,1,4,4,4,4,4,1,0,4,4,3,1,1,4,4,3,2,1,1,1,1,1,4,3,3,2,1,2,2,0,1,0,4,3,2,3,2,4,4,1,1,0,0,1,4,4,4,0,2,1,0,3,1,1,2,2,2,2,0,0,3,4,4,4,3,4,1,4,2,2,2,0,4,3,2,1,1,1,4,2,2,1,1,1,3,3,3,2,2,2,2,4,1,4,4,4,1,0,1,3,3,0,0,4,4,3,0,0,0,4,4,2,1,2,2,3,1,3,4,4,4,1,3,4,1,1,2,3,4,4,2,0,3,4,4,0,0,4,4,4,4,4,0,3,0,0,0,2,2,2,1,1,3,2,2,1,4,3,0,3,2,0,0,4,3,3,3,2,3,3,3,3,2,2,3,2,3,3,0,3,0,0,0,0,1,3,3,0,1,0,0,0,3,3,0,3,1,1,1,3,1,1,0,0,3,0,3,4,0,1,0,0,4,1,2,2,0,0,3,2,3,0,3,3,1,1,1,1,2,2,0,2,0,2,2,3,2,2,1,1,2,2,4,4,3,0"
213,1.2932202302515377,"0,3,1,0,3,4,2,2,4,0,4,4,3,3,1,4,2,1,3,1,0,0,2,2,3,2,0,1,2,1,3,4,1,4,4,4,4,4,1,0,4,4,3,1,1,4,4,3,2,1,1,1,1,1,4,3,3,2,1,2,2,0,1,0,4,3,2,3,2,4,4,1,1,0,0,1,4,4,4,0,2,1,0,3,1,1,2,2,2,2,0,0,3,4,4,4,3,4,1,4,2,2,2,0,4,3,2,1,1,1,4,2,2,1,1,1,3,3,3,2,2,2,2,4,1,4,4,4,1,0,1,3,3,0,0,4,4,3,0,0,0,4,4,2,1,2,2,3,1,3,4,4,4,1,3,4,1,1,2,3,4,4,2,0,3,4,4,0,0,4,4,4,4,4,0,2,0,0,0,2,2,2,1,1,3,3,2,1,4,3,2,2,2,0,0,0,3,3,3,2,3,2,3,3,3,2,3,3,3,3,0,3,0,0,0,0,1,3,0,0,1,0,0,0,3,4,3,3,2,1,1,3,1,1,0,0,3,0,3,4,0,1,0,0,4,1,2,2,0,0,3,2,3,0,3,3,1,1,1,1,2,2,0,2,0,2,2,3,2,2,1,1,2,2,4,4,3,0"
214,1.0557199144953302,"0,3,1,0,3,4,2,2,4,0,4,4,3,3,1,4,2,1,3,1,0,0,2,0,3,2,0,1,2,1,3,4,1,4,4,4,4,4,1,0,4,4,1,1,1,4,4,3,2,1,1,1,1,1,4,3,3,4,1,2,2,0,1,0,4,1,2,3,2,4,4,1,1,0,0,1,4,4,4,0,2,1,0,3,1,1,2,2,2,2,0,0,3,1,4,4,1,4,1,4,2,2,2,0,4,3,2,1,1,1,4,2,2,1,1,1,0,3,3,2,2,2,2,4,1,4,4,4,1,0,1,3,3,0,0,4,3,3,0,0,0,2,2,2,2,2,2,2,1,3,4,4,4,4,3,4,1,1,2,3,4,4,2,0,3,4,4,0,0,4,4,4,4,4,0,3,0,0,0,2,2,2,1,1,3,2,2,1,4,3,0,3,2,0,0,4,3,3,3,2,3,3,3,3,2,2,3,2,3,3,0,3,0,0,0,0,1,3,3,0,1,0,0,0,3,3,0,3,1,1,1,3,1,1,0,0,3,0,3,4,0,1,0,0,4,1,2,2,0,0,3,2,3,0,3,3,1,1,1,1,2,2,0,2,0,2,2,3,2,2,1,1,2,2,4,4,3,0"
215,1.3770004876777378,"0,3,1,0,3,4,2,2,4,0,4,4,3,3,1,4,2,1,3,1,0,0,2,0,3,2,0,1,2,1,3,4,1,4,4,4,4,4,1,0,4,4,3,1,1,4,4,3,2,1,1,1,1,1,4,3,3,4,1,2,2,0,1,0,4,3,2,3,2,4,4,1,1,0,0,1,4,4,4,0,2,1,2,3,1,1,2,2,2,2,0,0,3,1,4,4,1,4,1,4,2,2,2,0,4,3,2,1,1,1,4,2,2,1,1,1,0,3,3,2,2,2,2,4,1,4,4,4,1,0,1,3,3,0,0,4,4,3,0,0,0,2,2,2,2,2,2,2,1,3,4,4,4,4,3,4,1,1,2,3,4,4,2,0,3,4,4,0,0,4,4,4,4,4,0,3,0,0,0,2,2,2,1,1,3,2,2,1,4,3,0,3,2,0,0,4,3,3,3,2,3,3,3,3,2,2,3,3,3,3,0,3,0,0,0,0,1,3,3,0,1,0,0,0,3,3,0,3,1,1,1,3,1,1,0,0,3,0,3,4,0,1,0,0,4,1,2,2,0,0,3,2,3,0,3,3,1,1,1,1,2,2,0,2,0,2,3,3,2,2,1,1,2,2,4,4,3,0"
216,1.3774458014213578,"0,3,1,0,3,4,2,2,4,0,4,4,3,3,1,4,2,1,3,1,0,0,2,0,3,2,0,1,2,1,3,4,1,4,4,4,4,4,1,0,4,4,3,1,1,4,4,3,2,1,1,1,1,1,4,3,3,4,1,2,2,0,1,0,4,3,2,3,2,4,4,1,1,0,0,1,4,4,4,0,2,1,2,3,1,1,2,2,2,2,0,0,3,1,4,4,1,4,1,4,2,2,2,0,4,3,2,1,1,1,4,2,2,1,1,1,0,3,3,2,2,2,2,4,1,4,4,4,1,0,1,3,3,0,0,4,4,3,0,0,0,2,2,2,2,2,2,2,1,3,4,4,4,4,3,4,1,1,2,3,4,4,2,0,3,4,4,0,0,4,4,4,4,4,0,3,0,0,0,2,2,2,1,1,3,2,2,1,4,3,0,3,2,0,0,4,3,3,3,2,3,3,3,3,2,2,3,3,3,3,0,3,0,0,0,0,1,3,3,0,1,0,0,0,3,3,0,3,1,1,1,3,1,1,0,0,3,0,3,4,0,1,0,0,4,1,2,2,0,0,3,2,3,0,3,3,1,1,1,1,2,2,0,2,0,2,3,3,2,2,1,1,2,2,4,4,0,0"
217,1.2967391586447428,"0,3,1,0,3,4,2,2,4,0,4,4,3,3,1,4,2,1,3,1,0,0,2,0,3,2,0,1,2,1,3,4,1,4,4,4,4,4,1,0,4,4,3,1,1,4,4,3,2,1,1,1,1,1,4,3,3,4,1,2,2,0,1,0,4,3,2,3,2,4,4,1,1,0,0,1,4,4,4,0,2,1,2,3,1,1,2,1,2,2,0,0,3,1,4,4,1,4,1,4,2,2,2,0,4,3,2,1,1,1,4,2,2,1,1,1,0,3,3,2,2,2,2,4,1,4,4,4,1,0,1,3,3,0,0,4,4,3,0,0,0,2,2,2,2,2,2,2,1,3,4,4,4,4,3,4,1,1,2,3,4,4,2,0,3,4,4,0,0,4,4,4,4,4,0,3,0,0,0,2,2,2,1,1,3,2,2,1,4,3,0,3,2,0,0,4,3,3,3,3,3,3,3,3,2,2,3,3,3,3,0,3,0,0,0,0,1,3,3,0,1,0,0,0,3,3,0,3,1,1,1,3,1,1,0,0,3,0,3,4,0,1,0,0,4,1,2,2,0,0,3,2,4,0,3,3,1,1,1,1,2,2,0,2,0,2,3,3,2,2,1,1,2,2,4,4,0,0"
218,1.2970505319778263,"0,3,1,0,3,4,2,2,4,0,4,4,3,3,1,4,2,1,3,1,0,0,2,0,3,2,0,1,2,1,3,4,1,4,4,4,4,4,1,0,4,4,3,1,1,4,4,3,2,1,1,1,1,1,4,3,3,4,1,2,2,0,1,0,4,3,2,3,2,4,4,1,1,0,0,1,4,4,4,0,0,1,2,3,1,1,2,2,2,2,0,0,3,1,4,4,1,4,1,4,2,2,2,0,4,3,2,1,1,1,4,2,2,1,1,1,0,3,3,2,2,2,2,4,1,4,4,4,1,0,1,3,3,0,0,4,4,3,0,0,0,2,2,2,2,2,2,2,1,3,4,4,4,4,3,4,1,1,2,3,4,4,2,0,3,4,4,0,0,4,4,4,4,4,0,3,0,0,0,2,2,2,1,1,3,2,2,1,4,3,0,3,2,0,0,4,3,3,3,2,3,3,3,3,2,3,3,3,3,3,0,3,0,0,0,0,1,3,3,0,1,0,0,0,3,3,0,3,1,1,1,3,1,1,0,0,3,0,3,4,0,1,0,0,4,1,2,2,0,0,3,2,3,0,3,3,1,1,4,1,2,2,0,2,0,2,3,3,2,2,1,1,2,2,4,4,0,0"
219,1.3358192321462532,"0,3,1,0,3,4,2,2,4,0,4,4,3,3,0,4,2,1,3,1,0,0,2,0,3,2,0,1,2,1,3,4,1,4,4,4,4,4,1,0,4,4,3,1,1,4,4,3,2,1,1,1,1,1,4,3,3,4,1,2,2,0,1,0,4,3,2,3,2,4,4,1,1,0,0,1,4,4,4,0,2,1,1,3,1,1,2,2,2,2,0,0,3,1,4,4,1,4,1,4,2,2,2,0,4,3,2,1,1,1,4,2,2,1,1,1,0,3,3,2,2,2,2,4,1,4,4,4,1,0,1,3,3,0,0,4,4,3,0,0,0,2,2,2,2,2,2,2,1,3,4,4,4,4,3,4,1,1,2,3,4,4,2,0,3,4,4,0,0,4,4,4,4,4,0,3,0,0,0,2,2,2,1,1,3,2,2,1,4,3,0,3,2,0,0,4,3,3,3,2,3,3,3,3,2,2,3,3,3,3,0,3,0,0,0,0,1,3,3,0,1,0,0,0,3,0,0,3,1,1,4,3,1,1,0,0,3,0,3,4,0,1,0,0,4,1,2,2,0,0,3,2,3,0,3,3,1,1,1,1,2,2,0,2,0,2,3,3,2,2,1,1,2,2,4,4,3,0"
220,1.2946334413247518,"0,3,1,0,3,4,2,2,4,0,4,4,3,3,0,4,2,1,3,1,0,0,2,0,3,2,0,1,2,1,3,4,1,4,4,4,4,4,1,0,4,4,3,1,1,4,4,3,2,1,1,1,1,1,4,3,3,4,1,2,2,0,1,0,4,3,2,3,2,4,4,1,1,0,0,1,4,4,4,0,2,1,2,3,1,1,2,2,2,2,0,0,3,1,4,4,1,4,1,4,2,2,2,0,4,3,2,1,1,1,4,2,2,1,1,1,0,3,3,2,2,2,2,4,1,4,4,4,1,0,1,3,3,0,0,4,4,3,0,0,0,2,2,2,2,2,2,2,1,3,4,4,4,4,3,4,1,1,2,3,4,4,2,0,3,4,4,0,0,4,4,4,4,4,0,3,0,0,1,2,2,2,1,1,3,2,2,1,4,3,0,3,2,0,0,4,3,3,3,2,3,3,3,3,2,2,3,3,3,4,0,3,0,0,0,0,1,3,3,0,1,0,0,0,3,0,0,3,1,1,4,3,1,1,0,0,3,0,3,4,0,1,0,0,4,1,2,2,0,0,3,2,3,0,3,3,1,1,1,1,2,2,0,2,0,2,3,3,2,2,1,1,2,2,4,4,3,0"
221,1.1368555171400931,"0,3,1,0,3,4,2,2,4,0,4,4,3,3,1,4,2,1,3,1,0,0,2,0,3,2,0,1,2,1,3,4,4,4,4,4,4,4,1,0,4,4,3,1,1,4,4,3,2,1,1,1,1,1,4,3,3,4,1,2,2,0,1,0,4,3,2,3,2,4,4,1,1,0,0,1,4,4,4,0,2,1,2,3,1,1,2,2,2,2,0,0,3,1,4,4,1,4,1,4,2,2,2,0,4,3,2,1,1,1,4,2,2,1,1,1,0,3,2,2,2,2,2,4,1,4,4,2,1,0,1,3,3,0,0,4,4,3,0,0,0,2,2,2,2,2,2,2,1,3,4,4,4,4,3,1,1,1,2,3,4,4,0,0,3,4,4,0,0,4,4,4,4,4,0,3,0,0,0,2,2,2,1,1,3,2,2,1,4,3,0,3,2,0,0,4,3,3,3,3,3,3,3,3,2,2,3,3,3,3,0,3,0,0,0,0,1,3,3,0,1,0,0,0,3,0,0,3,1,1,4,3,1,1,0,0,3,0,3,4,0,1,0,0,4,1,2,2,0,0,3,2,3,0,4,3,1,1,1,1,2,2,0,2,0,2,3,3,2,2,1,1,2,2,4,4,0,0"
222,1.3784519056036542,"0,3,1,0,3,4,2,2,4,0,4,4,3,3,1,4,2,1,3,1,0,0,2,0,3,2,0,1,2,1,3,4,4,4,4,4,4,4,1,0,4,4,3,1,1,4,4,3,2,1,1,1,1,1,4,3,3,4,1,2,2,0,1,0,4,3,2,3,2,4,4,1,1,0,0,1,4,4,4,0,2,1,2,3,1,1,2,2,2,2,0,0,3,1,4,4,1,4,1,4,2,2,2,0,4,3,2,1,1,1,4,2,2,1,1,1,0,3,2,2,2,2,2,4,1,4,4,4,1,0,1,3,3,0,0,4,4,3,0,0,0,2,2,2,2,2,2,2,1,3,4,4,4,4,3,4,1,1,2,3,4,4,2,0,3,4,4,0,0,4,4,4,4,4,0,3,0,0,0,2,2,2,1,1,3,2,2,1,4,3,0,3,2,0,0,4,3,3,3,2,3,3,3,3,2,3,3,3,3,3,0,3,0,0,0,0,1,3,3,0,1,0,0,0,3,3,0,3,1,1,1,3,1,1,0,0,3,0,3,4,0,1,0,0,4,1,2,2,0,0,3,2,3,0,3,3,1,1,1,1,2,2,0,2,0,2,3,3,2,2,1,1,2,2,4,4,0,0"
223,1.1771959805136096,"0,3,1,0,3,4,2,2,4,0,4,4,3,3,1,4,2,1,3,1,0,0,2,0,3,2,0,1,2,1,3,4,4,4,4,4,4,4,1,0,4,2,3,1,1,4,4,3,2,1,1,1,1,1,4,3,3,4,1,2,2,0,1,0,4,3,2,3,2,4,4,1,1,0,0,1,4,4,4,0,2,1,2,3,1,1,2,2,2,2,0,0,3,1,4,4,1,4,1,4,2,2,2,0,4,3,2,1,1,1,4,2,2,1,1,1,0,3,2,2,2,2,2,4,1,4,4,4,1,0,1,3,3,0,0,4,4,3,0,0,0,2,2,2,2,2,2,2,1,3,1,4,4,4,3,4,1,1,2,3,4,4,2,0,3,4,4,0,0,4,4,4,4,4,0,3,0,0,0,2,2,2,1,1,3,2,2,1,4,3,0,3,2,0,0,4,3,3,3,2,3,3,3,3,2,3,3,3,3,3,0,3,0,1,0,0,1,3,4,0,1,0,0,0,3,3,0,3,1,1,1,3,1,1,0,0,3,0,4,4,0,1,0,0,4,1,2,2,0,0,3,2,3,0,3,3,1,1,1,1,2,2,0,2,0,2,3,3,2,2,1,1,2,2,4,4,0,0"
224,1.058727396885414,"0,3,1,0,3,4,2,2,4,0,4,4,3,3,1,4,2,1,3,1,0,0,2,0,3,2,0,1,2,1,3,4,4,4,4,4,4,4,1,0,4,2,3,1,1,4,4,3,2,1,1,1,1,1,4,3,1,4,1,2,2,0,1,0,4,3,2,3,2,4,4,1,1,0,0,1,4,4,4,0,2,1,2,3,1,1,2,2,2,2,0,0,3,1,4,4,1,4,1,4,2,2,2,0,4,3,2,1,1,1,4,2,2,1,2,1,0,3,2,2,2,2,2,4,1,4,4,4,1,0,1,3,3,0,0,4,4,3,0,0,0,2,2,2,2,2,2,2,1,3,4,4,4,1,3,1,1,1,2,3,4,4,2,0,3,4,4,0,0,4,4,4,4,4,0,3,0,0,0,2,2,2,1,1,3,2,2,1,4,3,0,3,2,0,0,4,3,3,3,2,3,3,3,3,2,3,3,3,3,3,0,3,0,0,0,0,1,3,3,0,1,0,0,0,3,3,0,3,1,1,1,3,1,1,0,0,3,0,3,4,0,1,0,0,4,1,2,2,0,0,3,2,3,0,3,3,1,1,1,1,2,2,0,2,0,2,3,3,2,2,1,1,2,2,4,4,0,0"
225,1.298956429213055,"0,3,1,0,3,4,2,2,4,0,4,4,3,3,1,4,2,1,3,1,0,0,2,0,3,2,0,1,2,1,3,4,4,4,4,4,4,4,1,0,4,2,3,1,1,4,4,3,2,1,1,1,1,1,4,3,1,4,1,2,2,0,1,0,4,3,2,3,2,4,4,1,1,0,0,1,4,4,4,0,2,1,2,3,1,1,2,2,2,2,0,0,3,1,4,4,1,4,1,1,2,2,2,0,4,3,2,1,1,1,4,2,2,1,1,1,0,3,2,2,2,2,2,4,1,4,4,4,1,0,1,2,3,0,0,4,4,3,0,0,0,2,2,2,2,2,2,2,1,3,4,4,4,4,3,4,1,1,3,3,4,4,2,0,3,4,4,0,0,4,4,4,4,4,0,3,0,0,0,2,2,2,1,1,3,2,2,1,4,3,0,3,2,0,0,4,3,3,3,2,3,3,3,3,2,3,3,3,3,3,0,3,0,0,0,0,1,3,3,0,1,0,0,0,3,3,0,3,4,1,1,3,1,1,0,0,3,0,3,4,0,1,0,0,4,1,2,2,0,0,3,2,3,0,3,3,1,1,1,1,2,2,0,2,0,2,3,3,2,2,1,1,2,2,4,4,0,0"
226,1.379065753334487,"0,3,1,0,3,4,2,2,4,0,4,4,3,3,1,4,2,1,3,1,0,0,2,0,3,2,0,1,2,1,3,4,4,4,4,4,4,4,1,0,4,4,3,1,1,4,4,3,2,1,1,1,1,1,4,3,3,4,1,2,2,0,1,0,4,3,2,3,2,4,4,1,1,0,0,1,4,4,4,0,2,1,2,3,1,1,2,2,2,2,0,0,3,1,4,4,1,4,1,1,2,2,2,0,4,3,2,1,1,1,4,2,2,1,1,1,0,3,2,2,2,2,2,4,1,4,4,4,1,0,1,2,3,0,0,4,4,3,0,0,0,2,2,2,2,2,2,2,1,3,4,4,4,4,3,4,1,1,3,3,4,4,2,0,3,4,4,0,0,4,4,4,4,4,0,3,0,0,0,2,2,2,1,1,3,2,2,1,4,3,0,3,2,0,0,4,3,3,3,2,3,3,3,3,2,3,3,3,3,3,0,3,0,0,0,0,1,3,3,0,1,0,0,0,3,3,0,3,1,1,1,3,1,1,0,0,3,0,3,4,0,1,0,0,4,1,2,2,0,0,3,2,3,0,3,3,1,1,1,1,2,2,0,2,0,2,3,3,2,2,1,1,2,2,4,4,0,0"
227,1.3389139230535583,"0,3,1,0,3,4,2,2,4,0,4,4,3,3,1,4,2,1,3,1,0,0,2,0,3,2,0,1,2,1,3,4,4,4,4,4,4,4,1,0,4,4,3,1,1,4,4,3,2,1,1,1,1,1,4,3,3,4,1,2,2,0,1,0,4,3,2,3,2,4,4,1,1,0,0,1,4,4,4,0,2,1,2,3,1,1,2,2,2,2,0,0,3,1,4,4,1,4,1,1,2,2,2,0,4,3,2,1,1,1,4,2,2,1,1,1,0,3,2,2,2,2,2,4,1,4,4,4,1,0,1,2,3,0,0,4,4,3,0,0,0,2,2,2,2,2,2,2,1,3,4,4,4,4,3,4,1,1,3,3,4,4,2,0,3,4,4,0,0,4,4,4,4,4,0,3,0,0,0,2,2,2,1,1,3,2,2,1,4,3,0,3,2,0,0,4,3,3,3,2,3,3,3,3,2,3,3,3,3,3,0,3,0,0,0,0,1,3,3,0,1,0,0,0,3,3,0,3,1,1,1,3,1,1,0,0,3,0,3,4,0,1,0,0,4,1,2,2,0,0,3,2,3,0,3,3,1,1,1,1,2,2,0,1,0,2,3,3,2,2,1,1,2,2,4,4,0,0"
228,1.3791619678752218,"0,3,1,0,3,4,2,2,4,0,4,4,3,3,1,4,2,1,3,1,0,0,2,0,3,2,0,1,2,1,3,4,4,4,4,4,4,4,1,0,4,4,3,1,1,4,4,3,2,1,1,1,1,1,4,3,3,4,1,2,2,0,1,0,4,3,2,3,2,4,4,1,1,0,0,1,4,4,4,0,2,1,2,3,1,1,2,2,2,2,0,0,3,1,4,4,1,4,1,1,2,2,2,0,4,3,2,1,1,1,4,2,2,1,1,1,0,3,2,2,2,2,2,4,1,4,4,4,1,0,1,2,3,0,0,4,4,3,0,0,3,2,2,2,2,2,2,2,1,3,4,4,4,4,3,4,1,1,3,3,4,4,2,0,3,4,4,0,0,4,4,4,4,4,0,3,0,0,0,2,2,2,1,1,3,2,2,1,4,3,0,3,2,0,0,4,3,3,3,2,3,3,3,3,2,3,3,3,3,3,0,3,0,0,0,0,1,3,3,0,1,0,0,0,3,3,0,3,1,1,1,3,1,1,0,0,3,0,3,4,0,1,0,0,4,1,2,2,0,0,3,2,3,0,3,3,1,1,1,1,2,2,0,2,0,2,3,3,2,2,1,1,2,2,4,4,0,0"
229,1.338040496347276,"0,3,1,0,3,4,2,2,4,0,4,4,3,3,1,4,2,1,3,1,0,0,2,0,3,2,0,1,2,1,3,4,4,4,4,4,4,4,1,0,4,4,3,1,1,4,4,3,2,1,1,1,1,1,4,3,3,4,1,2,2,0,1,0,4,3,2,3,2,4,4,1,1,0,0,1,4,4,4,0,2,1,2,3,1,1,2,2,2,2,0,0,3,1,4,4,1,4,1,1,2,2,2,0,4,3,2,1,1,1,4,2,2,1,1,1,0,3,2,2,2,2,2,4,1,4,4,4,1,0,1,2,3,0,0,4,4,3,0,0,3,2,2,2,2,2,2,2,1,3,4,4,4,4,3,4,1,1,3,3,4,4,2,0,3,4,4,0,0,4,4,4,4,4,0,3,0,0,0,2,2,2,1,1,3,2,0,1,4,3,0,3,2,0,0,4,3,3,3,2,3,3,3,3,2,3,3,3,3,3,0,3,0,1,0,0,1,3,3,0,1,0,0,0,3,3,0,3,1,1,1,3,1,1,0,0,3,0,3,4,0,1,0,0,4,1,2,2,0,0,3,2,3,0,3,3,1,1,1,1,2,2,0,2,0,2,3,4,2,2,1,1,2,2,4,4,0,0"
230,1.3793083893766949,"0,3,1,0,3,4,2,2,4,0,4,4,3,3,1,4,2,1,3,1,0,0,2,0,3,2,0,1,2,1,3,4,4,4,4,4,4,4,1,0,4,4,3,1,1,4,4,3,2,1,1,1,1,1,4,3,3,4,1,2,2,0,1,0,4,3,2,3,2,4,4,1,1,0,0,1,4,4,4,0,2,1,2,0,1,1,2,2,2,2,0,0,3,1,4,4,1,4,1,1,2,2,2,0,4,3,2,1,1,1,4,2,2,1,1,1,0,3,2,2,2,2,2,4,1,4,4,4,1,0,1,2,3,0,0,4,4,3,0,0,3,2,2,2,2,2,2,2,1,3,4,4,4,4,3,4,1,1,3,3,4,4,2,0,3,4,4,0,0,4,4,4,4,4,0,3,0,0,0,2,2,2,1,1,3,2,0,1,4,3,0,3,2,0,0,4,3,3,3,2,3,3,3,3,2,3,3,3,3,3,0,3,0,0,0,0,1,3,3,0,1,0,0,0,3,3,0,3,1,1,1,3,1,1,0,0,3,0,3,4,0,1,0,0,4,1,2,2,0,0,3,2,3,0,3,3,1,1,1,1,2,2,3,2,0,2,3,3,2,2,1,1,2,2,4,4,0,0"
231,1.3395129488163042,"0,3,1,0,3,4,2,2,4,0,4,4,3,3,1,4,2,1,3,1,0,0,2,0,3,2,0,1,2,1,3,4,4,4,4,4,4,4,1,0,4,4,3,1,1,4,4,3,2,1,1,1,1,1,4,3,3,4,1,2,2,0,1,0,4,3,2,3,2,4,4,1,1,0,0,1,4,4,4,0,2,1,2,0,1,1,2,2,2,2,0,0,3,1,4,4,1,4,1,1,2,2,2,0,4,3,2,1,1,1,4,2,2,1,1,1,0,3,2,2,2,2,2,4,1,4,4,4,1,0,1,2,3,0,0,4,4,3,0,0,3,2,2,2,2,2,2,2,1,3,4,4,4,4,3,4,1,1,3,3,4,4,2,0,3,4,4,0,0,4,4,4,4,4,3,3,0,0,0,2,2,2,1,1,3,2,0,1,4,3,0,3,2,0,0,4,3,3,3,2,3,3,3,3,2,3,3,3,3,3,0,3,0,0,0,0,1,3,2,0,1,0,0,0,3,3,0,3,1,1,1,3,1,1,0,0,3,0,3,4,0,1,0,0,4,1,2,2,0,0,3,2,3,0,3,3,1,1,1,1,2,2,2,2,0,2,3,3,2,2,1,1,2,2,4,4,0,0"
232,1.3792249157690035,"0,3,1,0,3,4,2,2,4,0,4,4,3,3,1,4,2,1,3,1,0,0,2,0,3,2,0,1,2,1,3,4,4,4,4,4,4,4,1,0,4,4,3,1,1,4,4,3,2,1,1,1,1,1,4,3,3,4,1,2,2,0,1,0,4,3,2,3,2,4,4,1,1,0,0,1,4,4,4,0,2,1,2,0,1,1,2,2,2,2,0,0,3,1,4,4,0,4,1,1,2,2,2,0,4,3,2,1,1,1,4,2,2,1,1,1,0,3,3,2,2,2,2,4,1,4,4,4,1,0,1,2,3,0,0,4,4,3,0,0,3,2,2,2,2,2,2,2,1,3,4,4,4,4,3,4,1,1,3,3,4,4,2,0,3,4,4,0,0,4,4,4,4,4,3,3,0,0,0,2,2,2,1,1,3,2,0,1,4,3,0,3,2,0,0,4,3,3,3,2,3,3,3,3,2,3,3,3,3,3,0,3,0,0,0,0,1,3,2,0,1,0,0,0,3,3,0,3,1,1,1,3,1,1,0,0,3,0,3,4,0,1,0,0,4,1,2,2,0,0,3,2,3,0,3,3,1,1,1,1,2,2,2,2,0,2,3,3,2,2,1,1,2,2,4,4,0,0"
233,1.2179424254176199,"0,3,1,0,3,4,2,2,4,0,4,4,3,3,1,4,2,1,3,1,0,0,2,0,3,2,0,1,2,1,3,4,4,4,4,4,4,4,1,0,4,4,3,1,1,4,4,3,2,1,1,1,1,1,4,3,3,4,1,2,2,0,1,0,4,3,2,3,2,4,4,1,4,0,0,1,4,4,4,0,2,1,4,0,1,1,2,2,2,2,0,0,3,1,4,4,1,4,1,1,2,2,2,0,4,3,2,1,1,1,4,2,2,1,1,1,0,3,2,2,2,2,2,4,1,4,4,4,1,1,1,2,3,0,0,4,4,3,0,0,3,2,2,2,2,2,2,2,1,3,4,4,4,4,3,4,1,1,3,3,4,4,2,0,3,4,4,0,0,4,4,4,4,4,3,3,0,0,0,2,2,2,1,1,3,2,0,1,4,3,0,3,2,0,0,4,3,3,3,2,3,3,3,3,2,3,3,3,3,3,0,3,0,0,0,0,1,3,3,0,1,2,0,0,3,3,0,3,1,1,1,3,1,1,0,0,3,0,3,4,0,1,0,0,4,1,2,2,0,0,3,2,3,0,3,3,1,1,1,1,2,2,2,2,0,2,3,3,2,2,1,1,2,2,4,4,0,0"
234,1.1356948059768066,"0,3,1,0,3,4,2,2,4,0,4,4,3,3,1,4,2,1,3,1,0,0,2,0,3,2,0,1,2,1,3,4,4,4,4,4,4,4,1,0,4,4,3,1,1,4,4,3,2,1,1,1,1,1,4,3,3,4,1,2,2,0,1,0,4,3,2,3,2,4,4,1,4,0,0,1,4,4,4,0,2,1,4,0,1,1,2,2,2,2,0,0,3,1,4,4,1,4,1,1,2,2,2,0,4,3,2,1,1,1,4,2,2,1,1,1,0,3,2,2,2,2,2,4,1,4,4,4,1,0,1,2,3,0,0,4,4,3,0,0,3,2,2,2,2,4,2,2,2,3,4,4,4,4,3,4,0,1,3,3,4,4,2,0,3,4,4,0,0,4,4,4,4,4,3,3,0,0,0,2,2,2,1,1,3,2,0,1,4,3,0,3,2,0,0,4,3,3,3,2,1,3,3,3,2,3,3,3,3,3,0,3,0,0,0,0,1,3,3,0,3,0,0,0,3,3,0,3,1,1,1,3,1,1,0,0,3,0,3,4,0,1,0,0,4,1,2,2,0,0,3,2,3,0,3,3,1,1,1,1,2,2,2,2,0,2,3,3,2,2,1,1,2,2,4,4,0,0"
235,1.3796518080899833,"0,3,1,0,3,4,0,2,4,0,4,4,3,3,1,4,2,1,3,1,0,0,2,0,3,2,0,1,2,1,3,4,4,4,4,4,4,4,1,0,4,4,3,1,1,4,4,3,2,1,1,1,1,1,4,3,3,4,1,2,2,0,1,0,4,3,2,3,2,4,4,1,1,0,0,1,4,4,4,0,2,1,2,0,1,1,2,2,2,2,0,0,3,1,4,4,1,4,1,1,2,2,2,0,4,3,2,1,1,1,4,2,2,1,1,1,0,3,2,2,2,2,2,4,1,4,4,4,1,0,1,2,3,0,0,4,4,3,0,0,3,2,2,2,2,2,2,2,1,3,4,4,4,4,3,4,1,1,3,2,4,4,2,0,3,4,4,0,0,4,4,4,4,4,3,3,0,0,0,2,2,2,1,1,3,2,0,1,4,3,0,3,2,0,0,4,3,3,3,2,3,3,3,3,2,3,3,3,3,3,0,3,0,0,0,0,1,3,3,0,1,0,0,0,3,3,0,3,1,1,1,3,1,1,0,0,3,0,3,4,0,1,0,0,4,1,2,2,0,0,3,2,3,0,3,3,1,1,1,1,2,2,2,2,0,2,3,3,2,2,1,1,2,2,4,4,0,0"
236,1.2996785525581434,"0,3,1,0,3,4,0,2,4,0,4,4,3,3,1,4,2,1,3,1,0,0,2,0,3,2,0,1,2,1,3,4,4,4,4,4,4,4,1,0,4,4,3,1,1,4,4,3,2,1,1,1,1,1,4,3,3,4,1,2,2,0,1,0,4,3,2,3,2,4,4,1,1,0,0,1,4,4,4,0,2,1,2,0,1,1,2,2,2,2,0,0,3,1,4,4,1,4,1,1,2,2,2,0,4,3,2,1,1,1,4,2,2,1,1,1,0,3,2,2,2,2,2,4,1,4,4,4,1,0,1,2,3,0,0,4,4,3,0,0,3,2,2,2,2,2,2,2,1,3,4,4,4,4,3,4,1,1,3,2,4,4,2,0,3,4,4,0,0,4,4,4,4,4,3,3,0,0,0,2,2,2,1,1,3,2,0,1,4,3,0,3,2,0,0,4,3,3,3,2,3,3,3,3,2,3,3,3,3,3,0,3,0,0,0,0,1,3,3,0,1,0,0,0,3,3,0,3,1,1,1,3,1,1,3,3,3,0,3,4,0,1,0,0,4,1,2,2,0,0,3,2,3,0,3,3,1,1,1,1,2,2,2,2,0,2,3,3,2,2,1,1,2,2,4,4,0,0"
237,1.3390924822788957,"0,3,1,0,3,4,0,2,4,0,4,4,3,3,1,4,2,1,3,1,0,0,2,0,3,2,0,1,2,1,3,4,4,4,4,4,4,4,1,0,4,4,3,1,1,4,4,3,2,1,1,1,1,1,4,3,3,4,1,2,2,0,1,0,4,3,2,3,2,4,4,1,1,0,0,1,4,4,4,0,2,1,2,0,1,1,2,2,2,2,0,0,3,1,4,4,1,4,1,1,2,2,2,0,4,3,2,1,1,1,4,2,2,1,1,1,0,3,2,2,2,2,2,4,1,4,4,4,1,0,1,2,3,0,0,4,4,3,0,0,3,2,2,2,2,2,2,2,1,3,4,4,4,4,3,4,1,1,3,2,4,4,2,0,3,4,4,0,0,4,4,4,4,4,3,3,0,0,0,2,2,2,1,1,3,2,0,1,4,3,0,3,2,0,0,4,3,3,3,2,3,3,3,3,2,3,3,3,3,3,0,3,0,0,0,0,1,3,4,0,1,0,0,0,3,3,0,3,1,1,1,3,1,1,0,3,3,0,3,2,0,1,0,0,4,1,2,2,0,0,3,2,3,0,3,3,1,1,1,1,2,2,2,2,0,2,3,3,2,2,1,1,2,2,4,4,0,0"
238,1.3770721461765345,"0,3,1,0,3,4,0,2,4,0,4,4,3,3,1,4,2,1,3,1,0,0,2,0,3,2,0,1,2,1,3,4,4,4,4,4,4,4,1,0,4,4,3,1,1,4,4,3,2,1,1,1,1,1,4,3,3,4,1,2,2,0,1,0,4,3,2,3,2,4,4,1,1,0,0,1,4,4,4,0,2,1,2,0,1,1,2,2,2,2,0,0,3,1,4,4,1,4,1,1,2,2,2,0,4,3,2,1,1,1,4,2,2,1,1,1,0,3,2,2,2,2,2,4,1,4,4,4,1,0,1,2,3,0,0,4,4,3,0,0,3,2,2,2,2,2,2,2,1,3,4,4,4,4,3,4,1,1,3,3,4,4,0,0,3,4,4,0,0,4,4,4,4,4,0,3,0,0,0,2,2,2,1,1,3,2,0,1,4,3,0,3,2,0,0,4,3,3,3,2,3,1,3,3,2,3,3,3,3,3,0,3,0,0,0,0,1,3,3,2,1,0,0,0,3,3,0,3,1,1,1,3,1,1,0,0,3,0,3,4,0,1,3,0,4,1,2,2,0,0,3,2,3,2,3,3,1,1,1,1,2,2,2,2,0,2,3,3,2,2,2,1,2,4,4,4,0,0"
239,1.3361591450363104,"0,3,1,0,3,4,0,2,4,0,4,4,3,3,1,4,2,1,3,1,0,0,2,0,3,2,0,1,2,1,3,4,4,4,4,4,4,4,1,0,4,4,3,1,1,4,4,3,2,1,1,1,1,1,4,3,3,4,1,2,2,0,1,0,4,3,2,3,2,4,4,1,1,0,0,1,4,4,4,0,2,0,2,0,1,1,2,2,2,2,0,0,3,1,4,4,1,4,1,1,2,2,2,0,4,3,2,1,1,1,4,2,2,1,1,1,0,3,2,2,2,2,2,4,1,4,4,4,1,0,1,3,3,0,0,4,4,3,0,0,3,2,2,2,2,2,2,2,1,3,4,4,4,4,3,4,1,1,3,3,4,4,0,0,3,4,4,0,0,4,4,4,4,4,0,3,0,0,0,2,2,2,1,1,3,2,0,1,4,3,0,3,2,0,0,4,3,3,3,2,4,1,3,3,2,3,3,3,3,3,0,3,0,0,0,0,1,3,3,2,1,0,0,0,3,3,0,3,1,1,1,3,1,1,0,0,3,0,3,4,0,1,3,0,4,1,2,2,0,0,3,2,3,2,3,3,1,1,1,1,2,2,2,2,1,2,3,3,2,2,2,1,2,4,4,4,0,0"
240,1.3801273967187573,"0,3,1,0,3,4,0,2,4,0,4,4,3,3,1,4,2,1,3,1,0,0,2,0,3,2,0,1,2,1,3,4,4,4,4,4,4,4,1,0,4,4,3,1,1,4,4,3,2,1,1,1,1,1,4,3,3,4,1,2,2,0,1,0,4,3,2,3,2,4,4,1,1,0,0,1,4,4,4,0,2,0,2,0,1,1,2,2,2,2,0,0,3,1,4,4,1,4,1,1,2,2,2,0,4,3,2,1,1,1,4,2,2,1,1,1,0,3,2,2,2,2,2,4,1,4,4,4,1,0,1,2,3,0,0,4,4,3,0,0,3,2,2,2,2,2,2,2,1,3,4,4,4,4,3,4,1,1,3,2,4,4,2,0,3,4,4,0,0,4,4,4,4,4,3,3,0,0,0,2,2,2,1,1,3,2,0,1,4,3,0,3,2,0,0,4,3,3,3,2,3,3,3,3,2,3,3,3,3,3,0,3,0,0,0,0,1,3,3,0,1,0,0,0,3,3,0,3,1,1,1,3,1,1,0,3,3,0,3,4,0,1,0,0,4,1,2,2,0,0,3,2,3,0,3,3,1,1,1,1,2,2,2,2,0,2,3,3,2,2,1,1,2,2,4,4,0,0"
241,1.3004678810893548,"0,3,1,0,3,4,0,2,4,0,4,4,3,3,1,4,2,1,3,1,0,0,2,0,3,2,0,1,2,1,3,4,4,4,4,4,4,4,1,0,4,4,3,1,1,4,4,3,2,1,1,1,1,1,4,3,3,4,1,2,2,0,1,0,4,3,2,3,2,4,4,1,1,0,0,1,4,4,4,0,2,0,2,0,1,1,2,2,2,1,0,0,3,1,4,4,1,4,1,1,2,2,2,0,4,3,2,1,1,1,4,2,2,1,1,1,0,3,2,2,2,2,2,4,1,4,4,4,1,0,1,2,3,0,0,4,4,3,0,0,3,2,2,2,2,2,2,2,1,3,4,4,4,4,3,4,1,1,3,2,4,4,2,0,3,4,4,0,0,4,4,4,4,4,3,3,0,0,0,2,0,2,1,1,3,2,0,1,4,3,1,3,2,0,0,4,3,3,3,2,3,3,3,3,2,3,3,3,3,3,0,3,0,0,0,0,1,3,3,0,1,0,0,0,3,3,0,3,1,1,1,3,1,1,0,3,3,0,3,4,0,1,0,0,4,1,2,2,0,0,3,2,3,0,3,3,1,1,1,1,2,2,2,2,0,2,3,3,2,2,1,1,2,2,4,4,0,0"
242,1.34019733853044,"0,3,1,0,3,4,0,2,4,0,4,4,3,3,1,4,2,1,3,1,0,0,2,2,3,2,0,1,2,1,3,4,4,4,4,4,4,4,1,0,4,4,3,1,1,4,4,3,2,1,1,1,1,1,4,3,3,4,1,2,2,0,1,0,4,3,2,3,2,4,4,1,1,0,0,1,4,4,4,0,2,0,2,0,1,1,2,2,2,1,0,0,3,1,4,4,1,4,1,1,2,2,2,0,4,3,2,1,1,1,4,2,2,1,1,1,0,3,2,2,2,2,2,4,1,4,4,4,1,0,1,2,3,0,0,4,4,3,0,0,3,2,2,2,2,2,2,2,1,3,4,4,4,4,3,4,1,1,3,2,4,4,2,0,3,4,4,0,0,4,4,4,4,4,3,3,0,0,0,2,0,2,1,1,3,2,0,1,4,3,1,3,2,0,0,4,2,3,3,2,3,3,3,3,2,3,3,3,3,3,0,3,0,0,0,0,1,3,3,0,1,0,0,0,3,3,0,3,1,1,1,3,1,1,0,3,3,0,3,4,0,1,0,0,4,1,2,2,0,0,3,2,3,0,3,3,1,1,1,1,2,2,3,2,0,2,3,3,2,2,1,1,2,2,4,4,0,0"
243,1.3807515272652038,"0,3,1,0,3,4,0,2,4,0,4,4,3,3,1,4,2,1,3,1,0,0,2,2,3,2,0,1,2,1,3,4,4,4,4,4,4,4,1,0,4,4,3,1,1,4,4,3,2,1,1,1,1,1,4,3,3,4,1,2,2,0,1,0,4,3,2,3,2,4,4,1,1,0,0,1,4,4,4,0,2,0,2,0,1,1,2,2,2,1,0,0,3,1,4,4,1,4,1,1,2,2,2,0,4,3,2,1,1,1,4,2,2,1,1,1,0,3,2,2,2,2,2,4,1,4,4,4,1,0,1,2,3,0,0,4,4,3,0,0,3,2,2,2,2,2,2,2,1,3,4,4,4,4,3,4,1,1,3,2,4,4,2,0,3,4,4,0,0,4,4,4,4,4,3,3,0,0,0,2,2,2,1,1,3,2,0,1,4,3,1,3,2,0,0,4,3,3,3,2,3,3,3,3,2,3,3,3,3,3,0,0,0,0,0,0,1,3,3,0,1,0,0,0,3,3,0,3,1,1,0,3,1,1,0,3,3,0,3,4,0,1,0,0,4,1,2,2,0,0,3,2,3,0,3,3,1,1,1,1,2,2,2,2,0,2,3,3,2,2,1,1,2,2,4,4,0,0"
244,0.7329649908945697,"0,3,1,0,3,4,0,2,4,0,4,4,3,3,1,4,2,1,3,1,0,0,2,2,3,2,0,1,2,1,3,4,4,4,4,4,4,4,1,0,4,4,3,1,1,4,4,3,2,1,1,1,1,1,4,3,3,4,1,2,2,0,1,0,4,3,2,3,2,3,4,1,1,0,0,1,4,4,4,0,2,0,3,0,1,1,2,2,2,2,0,0,3,1,4,4,1,4,1,1,0,2,2,0,4,3,2,1,1,1,1,2,4,1,1,1,0,3,2,2,2,2,2,4,1,4,4,4,1,0,1,2,3,0,0,4,4,3,0,0,3,2,2,2,2,2,2,2,1,3,4,4,4,4,3,4,1,0,1,2,4,4,2,0,3,4,3,0,0,4,0,3,4,4,3,1,0,0,0,2,2,2,1,1,3,1,0,1,4,3,1,2,2,0,0,4,3,3,2,2,3,0,3,3,2,3,3,3,3,3,0,0,0,0,0,0,1,0,3,0,1,0,0,0,3,3,2,3,1,1,0,3,1,1,0,3,3,4,3,4,0,1,0,0,4,1,1,2,0,0,3,2,4,3,3,3,1,1,1,1,2,2,2,2,0,2,4,3,2,2,1,1,2,2,4,4,0,0"
245,1.0553393073781705,"0,3,1,0,3,4,0,2,4,0,4,4,3,3,1,4,2,1,3,1,0,0,2,2,3,2,0,1,2,1,3,4,4,4,4,4,4,4,1,0,4,4,3,1,1,4,4,3,2,1,1,1,1,1,4,3,3,4,1,2,2,0,1,0,4,3,2,3,2,3,4,1,1,0,0,1,4,4,4,0,2,0,3,0,1,1,2,2,2,2,0,0,3,1,4,4,1,4,1,1,2,2,2,0,4,3,2,1,1,1,4,2,2,1,1,3,0,3,2,2,2,2,2,4,1,4,4,4,1,0,1,2,3,0,0,4,4,3,0,0,3,2,2,2,2,2,2,2,1,3,4,4,4,4,3,4,1,1,3,2,4,4,3,0,3,4,1,0,0,4,4,4,4,4,3,3,0,0,0,2,3,2,1,0,3,4,0,1,4,3,1,3,2,0,0,4,2,3,3,2,3,3,3,3,2,3,3,3,3,3,0,0,0,0,0,0,0,3,3,0,1,0,0,0,3,4,0,3,1,1,0,3,1,1,0,3,4,0,3,4,0,1,0,0,4,1,2,2,0,0,3,2,3,0,3,3,1,1,1,1,2,2,2,2,0,2,3,3,2,2,1,1,2,2,4,4,0,0"
246,1.3011678157729285,"0,3,1,0,3,4,0,2,4,0,4,4,0,3,1,4,2,1,3,1,0,0,2,2,3,2,0,1,2,1,3,4,4,4,4,4,4,4,1,0,4,4,3,1,1,4,4,3,2,1,1,1,1,1,4,3,3,4,1,2,2,0,1,0,4,3,2,3,2,4,4,1,1,0,0,1,4,4,4,0,2,0,2,0,1,1,2,2,2,1,0,0,3,1,4,4,1,4,1,1,2,2,2,0,4,3,2,1,1,1,4,2,2,1,1,1,0,3,2,2,2,2,2,4,1,4,4,4,1,0,1,2,3,0,0,4,4,3,0,0,3,2,2,2,2,2,2,2,1,3,4,4,4,4,3,4,1,1,3,2,4,4,2,0,3,4,4,0,0,4,4,4,4,4,3,3,0,0,0,2,2,2,1,1,3,2,0,1,4,3,1,3,2,0,0,4,3,3,3,2,3,3,3,3,2,3,3,3,3,3,0,0,0,0,0,0,1,3,3,0,1,0,0,0,3,3,0,3,1,1,0,3,1,1,0,3,3,0,3,4,0,1,0,0,4,1,2,2,0,0,3,2,3,0,3,3,1,1,1,1,2,2,2,2,0,2,3,3,2,2,1,1,2,2,4,4,0,0"
247,1.2602913481496039,"0,3,1,0,3,4,0,2,4,0,4,4,0,3,1,4,2,1,3,1,0,0,2,2,3,2,0,1,2,1,3,4,4,4,4,4,4,4,1,0,4,3,3,1,1,4,4,3,2,1,1,1,1,1,4,3,3,4,1,2,2,0,1,0,4,3,2,3,2,4,4,1,1,0,0,1,4,4,4,0,2,0,2,0,1,1,2,2,2,1,0,0,3,1,4,4,1,4,1,1,2,2,2,0,4,3,2,1,1,1,4,2,2,1,1,1,0,3,2,2,2,2,2,4,1,4,4,4,1,0,1,2,3,0,0,4,4,3,0,0,3,2,2,2,2,1,2,2,1,3,4,4,4,4,3,4,1,1,3,2,4,4,2,0,3,4,4,0,0,4,4,4,4,4,3,3,0,0,0,2,2,2,1,1,3,2,0,1,4,3,1,3,2,0,0,4,3,3,3,2,3,3,3,3,2,4,3,3,3,3,0,0,0,0,0,0,1,3,3,0,1,0,0,0,3,3,0,3,1,1,0,3,1,1,0,3,3,0,3,4,0,1,0,0,4,1,2,2,0,0,3,2,3,0,3,3,1,1,1,1,2,2,2,2,0,2,3,3,2,2,1,1,2,2,4,4,0,0"
248,1.2987588778226205,"0,3,1,0,3,4,0,2,4,0,4,4,0,3,1,4,2,1,3,1,0,0,2,2,3,2,0,1,2,1,3,4,4,4,4,4,4,4,1,0,4,3,3,1,1,4,4,3,2,1,1,1,1,1,4,3,3,4,1,2,2,0,1,0,4,3,2,3,2,4,4,1,1,0,0,1,4,4,4,0,2,0,2,0,1,1,2,2,2,1,0,0,3,1,4,4,1,4,1,1,2,2,2,0,4,3,2,1,1,1,4,2,2,1,1,1,0,3,2,2,2,2,2,4,1,4,4,4,1,0,1,2,3,0,0,4,4,3,0,0,3,2,2,2,2,2,2,0,1,3,4,4,4,4,3,4,1,1,3,2,4,4,2,4,3,4,4,0,0,4,4,4,4,4,2,3,0,0,0,2,2,2,1,4,3,2,0,1,4,3,1,3,2,0,0,3,3,3,3,2,3,3,3,3,2,3,3,3,3,3,0,0,0,2,0,0,1,3,3,0,1,0,0,0,3,3,3,3,1,1,0,3,1,1,0,3,3,3,3,4,0,1,0,0,4,1,2,3,0,4,3,2,2,0,3,4,1,1,1,1,2,2,2,1,0,2,3,3,2,2,1,0,2,2,4,4,0,0"
249,1.3811070119293747,"0,3,1,0,3,4,0,2,4,0,4,4,0,3,1,4,2,1,3,1,0,0,2,2,3,2,0,1,2,1,3,4,4,4,4,4,4,4,1,0,4,3,3,1,1,4,4,3,2,1,1,1,1,1,4,3,3,4,1,2,2,0,1,0,4,3,2,3,2,4,4,1,1,0,0,1,4,4,4,0,2,0,2,0,1,1,2,2,2,1,0,0,3,1,4,4,1,4,1,1,2,2,2,0,4,3,2,1,1,1,4,2,2,1,1,1,0,3,2,2,2,2,2,4,1,4,4,4,1,0,1,2,3,0,0,4,4,3,0,0,3,2,2,2,2,2,2,2,1,3,4,4,4,4,3,4,1,1,3,4,4,4,2,0,3,4,4,0,0,4,4,4,4,4,3,3,0,0,0,2,2,2,1,1,3,2,0,1,4,3,1,3,2,0,0,4,3,3,3,2,3,3,3,3,2,3,3,3,3,3,0,0,0,0,0,0,1,3,3,0,1,0,0,0,3,3,3,3,1,1,0,3,1,1,0,3,3,0,3,4,0,1,0,0,4,1,2,2,0,0,3,2,3,0,3,3,1,1,1,1,2,2,2,2,0,2,3,3,2,2,1,1,2,2,4,4,0,0"
250,1.3827384074739622,"0,3,1,0,3,4,0,2,4,0,4,4,0,3,1,4,2,1,3,1,0,0,2,2,3,2,0,1,2,1,3,4,4,4,4,4,4,4,1,0,4,3,3,1,1,4,4,3,2,1,1,1,1,1,4,3,3,4,1,2,2,0,1,0,4,3,2,3,2,4,4,1,1,0,0,1,4,4,4,0,2,0,2,0,1,1,2,2,2,1,0,0,3,1,4,4,1,4,1,1,2,2,2,0,4,3,2,1,1,1,4,2,2,1,1,1,0,3,2,2,2,2,2,4,1,4,4,4,4,0,1,2,3,0,0,4,4,3,0,2,3,2,2,2,2,2,2,2,1,3,4,4,4,4,3,4,1,1,3,4,4,4,2,0,3,4,4,0,0,4,4,4,4,4,3,3,0,0,0,2,2,2,1,1,3,2,0,1,4,3,1,3,2,0,0,4,3,3,3,2,3,3,3,3,2,3,3,3,3,3,0,0,0,0,0,0,1,3,3,0,1,0,0,0,3,3,3,3,1,1,0,3,1,1,0,3,3,0,3,4,0,1,0,0,1,1,2,2,0,0,3,2,3,0,3,3,1,1,1,1,2,2,2,2,0,2,3,3,2,2,1,1,2,2,4,4,0,0"
251,1.383096798961993,"0,3,1,0,3,4,0,2,4,0,4,4,0,3,0,4,2,1,3,1,0,0,2,2,3,2,0,1,2,1,3,4,4,4,4,4,4,4,1,0,4,3,3,1,1,4,4,3,2,1,1,1,1,1,4,3,3,4,1,2,2,0,1,0,4,3,2,3,2,4,4,1,1,0,0,1,4,4,4,0,2,0,2,0,1,1,2,2,2,1,0,0,1,1,4,4,1,4,1,1,2,2,2,0,4,3,2,1,1,1,4,2,2,1,1,1,0,3,2,2,2,2,2,4,1,4,4,4,4,0,1,2,3,0,0,4,4,3,0,2,3,2,2,2,2,2,2,2,1,3,4,4,4,4,3,4,1,1,3,4,4,4,2,2,3,4,4,0,0,4,4,4,4,4,3,3,0,0,0,0,2,2,1,1,3,2,0,1,4,3,1,3,2,0,0,4,3,3,3,2,3,3,3,3,2,3,3,3,3,3,0,0,0,0,0,0,1,3,3,0,1,0,0,0,3,3,3,3,1,1,0,3,1,1,0,3,3,0,3,4,0,1,0,0,1,1,2,2,0,0,3,2,3,0,3,3,1,1,1,1,2,2,2,2,0,2,3,3,2,2,1,1,2,2,4,4,0,0"
252,1.301996449090593,"0,3,1,0,3,4,0,2,4,0,4,4,0,3,0,4,2,1,3,1,0,0,2,2,3,2,0,1,2,1,3,4,4,4,4,4,4,4,1,0,4,3,3,1,1,4,4,3,2,1,1,1,1,1,4,3,3,4,1,2,2,0,1,0,4,3,2,3,2,4,4,1,1,0,0,1,4,4,4,0,2,0,2,0,1,1,2,2,2,1,0,0,1,1,4,4,1,4,1,1,2,2,2,0,4,3,2,1,1,1,4,2,2,1,1,1,0,3,2,2,2,2,2,4,1,4,4,4,4,0,1,2,3,0,0,4,4,3,0,2,3,2,2,2,2,2,2,2,1,3,4,4,1,4,3,4,1,1,3,4,4,4,2,2,3,4,4,0,0,4,4,4,4,4,3,3,0,0,0,0,2,2,1,1,3,2,0,1,4,3,1,3,2,0,0,4,3,3,3,2,3,3,3,3,2,3,3,3,3,3,0,0,0,0,0,0,1,3,3,0,1,0,0,0,3,3,3,3,1,1,0,3,1,1,0,3,3,0,3,4,0,1,0,0,1,1,2,2,0,0,3,2,3,0,3,3,1,1,1,1,2,2,2,0,0,2,3,3,2,2,1,3,2,2,4,4,0,0"
253,0.8198841108519372,"0,3,1,0,3,4,0,2,4,0,4,4,0,3,0,4,2,1,3,1,0,0,2,2,3,2,0,1,2,1,3,4,4,4,4,4,4,4,1,0,4,3,3,1,1,4,4,3,2,1,1,1,1,1,4,3,3,4,1,2,2,0,1,0,4,3,2,3,2,4,4,1,1,0,0,1,4,4,4,0,2,0,2,0,1,1,2,2,2,1,0,0,1,1,4,4,1,4,1,1,2,2,2,0,4,3,2,1,1,1,4,2,2,1,1,1,0,3,2,2,2,2,2,4,1,4,4,4,4,0,1,2,3,0,0,4,4,3,0,2,3,2,2,2,2,2,2,2,1,3,4,4,4,4,3,4,1,1,3,4,4,4,2,2,3,4,4,0,0,4,4,4,4,4,3,3,0,0,0,0,2,2,1,1,3,2,0,1,4,3,1,3,2,0,0,4,3,4,3,2,3,3,3,3,2,3,3,3,4,3,0,0,0,0,0,0,2,3,3,0,1,0,0,0,3,3,4,3,1,1,0,3,1,1,0,3,3,0,3,4,0,1,0,0,1,1,2,2,0,0,3,2,3,0,1,3,1,1,1,1,2,2,2,2,0,2,3,3,2,2,1,1,2,2,4,4,0,0"
254,1.3826667572562688,"0,3,1,0,3,4,0,2,4,0,4,4,0,3,0,4,2,1,3,1,0,0,2,2,3,2,0,1,2,1,3,4,4,4,4,4,4,4,1,0,4,3,3,1,1,4,4,3,2,1,1,1,1,1,4,3,3,4,1,2,2,0,1,0,4,3,2,3,2,4,4,1,1,0,0,1,4,4,4,0,2,0,2,0,1,1,2,2,2,1,0,0,1,1,4,4,1,4,1,1,2,2,2,0,4,3,2,1,1,1,4,2,2,1,1,1,0,3,2,2,2,2,2,4,1,4,4,4,4,0,1,2,3,0,0,4,4,3,0,2,3,2,2,2,2,2,2,2,1,3,4,4,4,4,3,4,1,1,3,4,4,4,2,2,3,4,4,0,0,4,4,4,4,4,3,3,0,0,0,0,2,2,1,1,3,2,0,1,4,3,4,3,2,0,0,4,3,3,3,2,3,3,3,3,2,3,3,3,3,3,0,0,0,0,0,0,1,3,3,0,1,0,0,0,3,3,3,3,1,1,0,3,1,1,0,3,3,0,3,4,1,1,0,0,1,1,2,2,0,0,3,2,3,0,3,3,1,1,1,1,2,2,2,2,0,2,3,3,2,2,1,1,2,2,4,4,0,0"
255,1.3833281372018809,"0,3,1,0,3,4,0,2,4,0,4,4,0,3,0,4,2,1,3,1,0,0,2,2,3,2,0,1,2,1,3,4,4,4,4,4,4,4,1,0,4,3,3,1,1,4,4,3,2,1,1,1,1,1,4,3,3,4,1,2,2,0,1,0,4,3,2,3,2,4,4,1,1,0,0,1,4,4,4,0,2,0,2,0,1,1,2,2,2,1,0,0,1,1,4,4,1,4,1,1,2,2,2,0,4,3,2,1,1,1,0,2,2,1,1,1,0,3,2,2,2,2,2,4,1,4,4,4,4,0,1,2,3,0,0,4,4,3,0,2,3,2,2,2,2,2,2,2,1,3,4,4,4,4,3,4,1,1,3,4,4,4,2,2,3,4,4,0,0,4,4,4,4,4,3,3,0,0,0,0,2,2,1,1,3,2,0,1,4,3,4,3,2,0,0,4,3,3,3,2,3,3,3,3,2,3,3,3,3,3,0,0,0,0,0,0,1,3,3,0,1,0,0,0,3,3,3,3,1,1,0,3,1,1,0,3,3,0,3,4,1,1,0,0,1,1,2,2,0,0,3,2,3,0,3,3,1,1,1,1,2,2,2,2,3,2,3,3,2,2,1,1,2,2,4,4,0,0"
256,1.3834990664762894,"0,3,1,0,3,4,0,2,4,0,4,4,0,3,0,4,2,1,0,1,0,0,2,2,3,2,0,1,2,1,3,4,4,4,4,4,4,4,1,0,4,3,3,1,1,4,4,3,2,1,1,1,1,1,4,3,3,4,1,2,2,0,1,0,4,3,2,3,2,4,4,1,1,0,0,1,4,4,4,0,2,0,2,0,1,1,2,2,2,1,0,0,1,1,4,4,1,4,1,1,2,2,2,0,4,3,2,1,1,1,0,2,2,1,1,1,0,3,2,2,2,2,2,4,1,4,4,4,4,0,1,2,3,0,0,4,4,3,0,2,3,2,2,2,2,2,2,2,1,3,4,4,4,4,3,4,1,1,3,4,4,4,2,2,3,4,4,0,0,4,4,4,4,4,3,3,0,0,0,0,2,2,1,1,3,2,0,1,4,3,4,3,2,0,0,4,3,3,3,2,3,3,3,3,2,3,3,3,3,3,0,0,0,0,0,0,1,3,3,3,1,0,0,0,3,3,3,3,1,1,0,3,1,1,0,3,3,0,3,4,1,1,0,0,1,1,2,2,0,0,3,2,3,0,3,3,1,1,1,1,2,2,2,2,3,2,3,3,2,2,1,1,2,2,4,4,0,0"
257,1.3837414779723254,"0,3,1,0,3,4,0,2,4,0,4,4,0,3,0,4,2,1,0,1,0,0,2,2,3,2,0,1,2,1,3,4,4,4,4,4,4,4,1,0,4,3,3,1,1,4,4,3,3,1,1,1,1,1,4,3,3,4,1,2,2,0,1,0,4,3,2,3,2,4,4,1,1,0,0,1,4,4,4,0,2,0,2,0,1,1,2,2,2,1,0,0,1,1,4,4,1,4,1,1,2,2,2,0,4,3,2,1,1,1,0,2,2,1,1,1,0,3,2,2,2,2,2,4,1,4,4,4,4,0,1,2,3,0,0,4,4,3,0,2,3,2,2,2,2,2,2,2,1,3,4,4,4,4,3,4,1,1,3,4,4,4,2,2,3,4,4,0,0,4,4,4,4,4,3,3,0,0,0,0,2,2,1,1,3,2,0,1,4,3,4,3,2,0,0,4,3,3,3,2,3,3,3,3,2,3,3,3,3,3,2,0,0,0,0,0,1,3,3,3,1,0,0,0,3,3,3,3,1,1,0,0,1,1,0,3,3,0,3,4,1,1,0,0,1,1,2,2,0,0,3,2,3,0,3,3,1,1,1,1,2,2,2,2,3,2,3,3,2,2,1,1,2,2,4,4,0,0"
258,1.3829888052100172,"0,3,1,0,3,4,0,2,4,0,4,4,0,3,0,4,4,1,0,1,0,0,2,2,3,2,0,1,2,1,3,4,4,4,4,4,4,4,1,0,4,3,3,1,1,4,4,3,3,1,1,1,1,1,4,3,3,4,1,2,2,0,1,0,4,3,2,3,2,4,4,1,1,0,0,1,4,4,4,0,2,0,2,0,1,1,2,2,2,1,0,0,1,1,4,4,1,4,1,1,2,2,2,0,0,3,2,1,1,1,0,2,2,1,1,1,0,3,2,2,2,2,2,4,1,4,4,4,4,0,1,2,3,0,0,4,4,3,0,2,3,2,2,2,2,2,2,2,1,3,4,4,4,4,3,4,4,1,3,4,4,4,2,2,3,4,4,0,0,4,4,4,4,4,3,3,0,0,0,0,2,2,1,1,3,2,0,1,4,3,4,3,2,0,0,4,3,3,3,2,3,3,3,3,2,3,3,3,3,3,2,0,0,0,0,0,1,3,3,3,1,0,0,0,3,3,3,3,1,1,0,0,1,1,0,3,3,0,3,4,1,1,0,0,1,1,2,2,0,0,3,2,3,0,3,3,1,1,1,1,2,2,2,2,3,2,3,3,2,2,1,1,2,2,4,4,0,2"
259,1.3434307843624036,"0,3,1,0,3,4,0,2,4,0,4,4,0,3,0,4,4,1,0,1,0,0,2,2,3,2,0,1,2,1,3,4,4,4,4,4,4,4,1,0,4,3,3,1,1,4,4,3,3,1,1,1,1,1,4,3,3,4,1,2,2,0,1,0,4,3,2,3,2,4,4,1,1,0,0,1,4,4,4,0,2,0,2,0,1,1,2,2,2,1,0,0,1,1,4,4,1,4,1,1,2,2,2,0,0,3,2,1,1,1,0,2,2,1,1,1,0,3,2,2,2,2,2,4,1,4,4,4,4,0,1,2,3,0,0,4,4,3,0,2,3,2,2,2,2,2,2,2,1,3,4,4,4,4,3,4,1,1,3,4,4,4,2,2,3,4,4,0,0,4,4,4,4,4,3,3,0,0,0,0,2,2,1,1,3,2,0,1,4,3,4,3,2,0,0,4,3,3,3,2,3,3,3,3,2,3,3,3,3,3,2,0,0,0,0,0,1,3,3,3,1,0,0,0,3,3,3,3,1,1,0,0,1,1,0,3,3,0,3,4,1,1,0,0,1,1,2,2,0,0,3,2,3,0,3,3,1,1,1,1,2,2,2,2,3,2,3,3,2,2,1,3,2,2,4,4,0,0"
260,1.3844454377051119,"0,3,1,0,3,4,0,2,4,0,4,4,0,3,0,4,4,1,0,1,0,0,2,2,3,2,0,1,2,1,3,4,4,4,4,4,4,4,1,0,4,3,3,1,1,4,4,3,3,1,1,1,1,1,4,3,3,4,1,2,2,0,1,0,4,3,2,3,2,4,4,1,1,0,0,1,4,4,4,0,2,0,2,0,1,1,2,2,2,1,0,0,1,1,4,4,1,4,1,1,2,2,2,0,0,3,2,1,1,1,0,2,2,1,1,1,0,3,2,2,2,2,2,4,1,4,4,4,4,0,1,2,3,0,0,4,4,3,2,2,3,2,2,2,2,2,2,2,1,3,4,4,4,4,3,4,1,1,3,4,4,4,2,2,3,4,4,0,0,4,4,4,4,4,3,3,0,0,0,0,2,2,1,1,3,2,0,1,4,3,4,3,2,0,0,4,3,3,3,2,3,3,3,3,2,3,3,3,3,3,2,0,0,0,0,0,1,3,3,3,1,0,0,0,3,3,3,3,1,1,0,0,1,1,0,3,3,0,3,4,1,1,0,0,1,1,2,2,0,0,3,2,3,0,3,3,1,1,1,1,2,2,2,2,3,2,3,3,2,2,1,1,2,2,4,4,0,0"
261,1.221683672902242,"0,3,1,0,3,4,0,2,4,0,4,4,0,3,0,4,4,1,0,1,0,0,2,2,3,2,0,1,2,1,3,4,4,4,4,4,4,4,1,0,4,3,3,1,1,4,4,3,3,1,1,1,1,1,4,3,3,4,1,2,2,0,1,0,4,3,2,3,2,4,4,1,1,0,0,1,4,4,4,0,2,0,2,0,1,1,2,2,2,1,0,0,1,1,4,4,1,4,4,1,2,2,2,0,0,3,2,1,1,1,0,2,2,1,1,1,0,3,2,2,2,2,2,4,1,4,4,4,4,0,1,2,0,0,0,4,4,3,2,2,3,2,2,2,2,2,2,2,1,3,4,4,4,4,3,4,1,1,3,4,4,4,2,2,3,4,4,4,0,4,4,4,4,4,3,3,0,0,0,0,2,2,1,1,3,2,0,1,4,3,4,3,2,0,0,4,3,3,3,2,3,3,3,3,2,3,3,3,3,3,2,0,0,0,0,0,1,3,3,3,1,0,0,0,3,3,3,3,1,1,0,0,1,1,0,3,3,0,3,4,1,4,0,0,1,1,2,2,0,0,3,2,3,0,3,3,1,1,1,1,2,2,2,2,3,2,3,3,2,2,1,1,2,2,4,4,0,0"
262,1.343663472630422,"0,3,1,0,3,4,0,2,4,0,4,4,0,3,0,4,4,1,0,1,0,0,2,2,3,2,0,1,2,1,3,4,4,4,4,4,4,4,1,0,4,3,3,1,1,4,4,3,3,1,1,1,1,1,4,3,3,4,1,2,2,0,1,0,4,3,3,2,2,4,4,1,1,0,0,1,4,4,4,0,2,0,2,0,1,1,2,2,2,1,0,0,1,1,4,4,1,4,1,1,2,2,2,0,0,3,2,1,1,1,0,2,2,1,1,1,0,3,2,2,2,2,2,4,1,4,4,4,4,0,1,2,3,0,0,4,4,3,2,2,3,2,2,2,2,2,2,2,1,3,4,4,4,4,3,4,1,1,3,4,4,4,3,2,3,4,4,0,0,4,4,4,4,4,3,3,0,0,0,0,2,2,1,1,3,2,0,1,4,3,4,3,2,0,0,4,3,3,3,2,3,3,3,3,2,3,3,3,3,3,2,0,0,0,0,0,1,3,3,3,1,0,0,0,3,3,3,3,1,1,0,0,1,1,0,3,3,0,3,4,1,1,0,3,1,1,2,0,0,0,3,2,3,0,3,3,1,1,1,1,2,2,2,2,2,2,3,3,2,2,1,1,2,2,4,4,0,0"
263,1.3030612402035238,"0,3,1,0,3,4,0,2,4,0,4,4,0,3,0,4,4,1,0,1,0,0,2,2,3,2,0,1,2,1,3,4,4,4,4,4,4,4,1,0,4,3,3,1,1,4,4,3,3,1,1,1,1,1,4,3,3,4,1,2,2,0,1,0,4,3,3,2,2,4,4,1,1,0,0,1,4,4,4,0,4,0,2,0,1,1,2,2,2,1,0,0,1,1,4,4,1,4,1,1,2,2,2,0,0,3,2,1,1,1,0,2,2,1,1,1,0,3,2,2,2,2,2,4,1,4,4,4,4,0,1,2,3,0,0,4,4,3,2,2,3,2,2,2,2,2,2,2,1,3,4,4,4,4,3,4,1,1,3,4,4,4,3,2,3,4,4,0,0,4,4,4,4,4,3,3,0,0,0,0,2,2,1,1,3,2,0,1,4,3,4,3,2,0,0,4,3,3,3,2,3,3,3,3,2,3,3,3,3,3,2,0,0,0,0,0,1,3,3,3,1,0,0,0,3,3,3,3,1,1,0,0,1,1,0,3,3,0,3,4,1,1,0,0,1,1,2,2,0,0,3,2,3,0,3,3,1,1,1,1,2,2,2,2,2,2,3,3,2,1,1,1,2,2,4,4,0,0"
264,1.3846558246057339,"0,3,1,0,3,4,0,2,4,0,4,4,0,3,0,4,4,1,0,1,0,0,2,2,3,2,0,1,2,1,3,4,4,4,4,4,4,4,1,0,4,3,3,1,1,4,4,3,3,1,1,1,1,1,4,3,3,4,1,2,2,0,1,0,4,3,3,2,2,4,4,1,1,0,0,1,4,4,4,0,2,0,2,0,1,1,2,2,2,1,0,0,1,1,4,4,1,4,1,1,2,2,2,0,0,3,2,1,1,1,0,2,2,1,1,1,0,3,2,2,2,2,2,4,1,4,4,4,4,0,1,2,3,0,0,4,4,3,2,2,3,2,2,2,2,2,2,2,1,3,4,4,4,4,3,4,1,1,3,4,4,4,3,2,3,4,4,0,0,4,4,4,4,4,3,3,0,0,0,0,2,2,1,1,3,2,0,1,4,3,4,3,2,0,0,4,3,3,3,2,3,3,3,3,2,3,3,3,3,3,2,0,0,0,0,0,1,3,3,3,1,0,0,0,3,3,3,3,1,1,0,0,1,1,0,3,3,0,3,4,1,1,0,0,1,1,2,2,0,0,3,2,3,0,3,3,1,1,1,1,2,2,2,2,2,2,3,3,2,2,1,1,2,2,4,4,0,0"
265,1.2237154576589213,"0,3,1,0,3,4,0,2,4,0,4,4,0,3,0,4,4,1,0,1,0,0,2,2,3,2,0,1,2,1,0,4,4,4,4,4,4,4,1,0,4,3,3,1,1,4,4,3,3,1,1,1,1,1,4,3,3,4,1,2,2,0,1,0,4,3,3,2,2,4,4,1,1,0,0,1,4,4,4,0,2,0,2,0,1,1,2,2,2,1,0,0,4,1,4,4,1,4,1,1,2,2,2,0,0,3,2,1,1,1,0,2,2,1,1,1,0,3,2,2,2,2,2,4,1,4,4,4,4,0,1,2,1,0,0,4,4,3,2,2,3,2,2,2,2,2,2,2,1,3,4,4,4,4,3,4,1,1,3,4,4,4,1,2,3,4,4,0,0,4,4,4,4,4,3,3,0,0,0,0,2,2,1,1,3,2,0,1,4,3,4,3,2,0,0,4,3,3,3,2,3,3,3,3,2,3,3,3,3,3,2,0,0,0,0,0,1,3,3,3,0,0,0,0,3,3,3,3,1,1,0,0,1,1,0,3,3,0,3,4,1,1,0,0,1,1,2,2,0,0,3,2,3,0,3,3,1,1,1,1,2,2,2,2,2,2,3,3,2,2,1,1,2,2,4,4,0,0"
266,1.1444014310326756,"0,3,1,0,3,4,0,2,4,0,4,4,0,3,0,4,4,1,0,1,0,0,2,2,3,2,0,1,2,1,0,4,4,4,4,4,4,4,1,0,4,3,3,1,1,4,4,3,3,1,1,1,1,1,4,3,3,4,1,2,2,0,1,0,4,3,3,2,2,4,4,1,1,0,0,0,4,4,4,0,2,0,2,0,1,1,2,2,2,1,0,0,1,1,4,4,1,4,1,1,2,2,2,0,0,3,2,1,1,1,0,2,2,1,1,1,0,3,2,2,2,2,2,4,1,4,4,4,4,0,1,2,3,0,0,4,4,3,2,2,3,2,2,2,2,2,2,2,1,0,4,4,4,4,3,4,1,1,3,4,4,4,3,2,3,4,4,0,0,4,4,4,4,4,3,3,0,0,0,0,2,2,1,1,3,2,0,1,4,3,4,3,2,0,0,4,3,3,3,2,3,3,3,3,2,3,3,3,3,3,2,0,0,0,0,0,1,3,3,3,1,0,0,0,3,3,3,3,2,1,0,0,1,1,0,3,3,0,3,4,1,1,0,0,1,1,2,2,0,0,3,2,3,0,3,3,1,1,1,1,2,2,2,2,2,2,3,3,2,2,1,1,2,2,4,4,0,0"
267,1.140369962095138,"0,3,1,0,3,4,0,2,4,0,4,4,0,3,0,4,4,2,0,1,0,0,2,2,3,2,0,1,2,1,3,4,4,4,4,4,4,4,1,0,4,3,3,1,1,4,4,3,3,1,1,1,1,1,4,3,3,4,1,2,2,0,1,0,4,3,3,2,2,4,4,1,1,0,0,1,4,4,4,0,2,0,2,0,1,1,2,2,2,1,0,0,4,1,4,4,1,4,1,1,2,2,2,0,0,3,2,1,1,1,0,2,2,1,1,1,0,3,2,2,2,2,2,4,1,4,0,4,4,0,1,2,1,0,0,4,4,3,2,2,3,2,2,2,2,2,2,2,1,3,4,1,4,4,3,4,1,1,3,4,4,4,1,3,3,4,4,0,0,4,4,4,4,4,3,3,0,0,0,0,2,2,1,1,3,2,0,1,4,3,4,3,2,0,0,4,3,3,3,2,3,3,3,3,2,3,3,3,3,3,2,0,0,0,0,0,1,3,3,3,1,0,0,0,3,4,3,3,1,1,0,0,1,1,0,3,3,0,3,4,1,1,0,0,1,1,2,2,0,0,3,2,3,0,3,3,1,1,1,1,2,2,2,2,2,2,3,3,1,2,1,1,2,2,4,0,0,0"
268,1.3850454657520679,"0,3,1,0,3,4,0,2,4,0,4,4,0,3,0,4,4,1,0,1,0,0,2,2,3,2,0,1,2,1,3,4,4,4,4,4,4,4,1,0,4,3,3,1,1,4,4,3,3,1,1,1,1,1,4,3,3,4,1,2,2,0,1,0,4,3,3,2,2,4,4,1,1,0,3,1,4,4,4,0,2,0,2,0,1,1,2,2,2,1,0,0,1,1,4,4,1,4,1,1,2,2,2,0,0,3,2,1,1,1,0,2,2,1,1,1,0,3,2,2,2,2,2,4,1,4,4,4,4,0,1,2,3,0,0,4,4,3,2,2,3,2,2,2,2,2,2,2,1,0,4,4,4,4,3,4,1,1,3,4,4,4,3,2,3,4,4,0,0,4,4,4,4,4,3,3,0,0,0,0,2,2,1,1,3,2,0,1,4,3,4,3,2,0,0,4,3,3,3,2,3,3,3,3,2,3,3,3,3,3,2,0,0,0,0,0,1,3,3,3,1,0,0,0,3,3,3,3,1,1,0,0,1,1,0,3,3,0,3,4,1,1,0,0,1,1,2,2,0,0,3,2,3,0,3,3,1,1,1,1,2,2,2,2,2,2,3,3,2,2,1,1,2,2,4,4,0,0"
269,1.1811766858559265,"0,3,1,0,3,4,0,2,4,0,4,4,0,3,0,4,4,1,0,1,0,0,2,2,3,2,0,1,2,1,3,4,4,4,4,4,4,4,1,0,4,3,3,1,1,4,4,3,3,1,1,1,1,1,4,3,3,4,1,2,2,0,1,0,4,3,3,2,2,4,4,1,1,0,3,1,4,4,4,0,2,0,2,0,1,1,2,2,2,1,0,0,1,1,4,4,1,4,1,1,2,2,2,0,0,3,2,1,1,1,0,2,2,1,1,1,0,3,2,2,2,2,2,4,1,4,4,4,4,0,1,2,3,0,0,4,4,3,2,2,3,2,2,2,2,2,2,2,1,0,4,4,4,4,3,4,1,1,3,4,4,4,3,2,3,4,4,0,0,4,4,4,4,3,3,3,0,0,0,0,2,2,1,1,3,2,0,1,4,3,4,3,2,0,0,4,3,3,3,2,3,3,3,3,4,3,3,3,3,3,2,1,0,0,0,0,1,3,3,3,1,0,0,0,3,3,3,3,1,1,0,0,1,1,0,3,3,0,3,4,1,1,0,0,1,1,2,2,0,0,4,1,3,0,3,3,1,1,1,1,2,2,2,2,2,2,3,3,2,0,4,1,2,2,4,4,0,0"
270,1.305239426467184,"0,3,1,0,3,4,0,2,4,0,4,4,0,3,0,4,4,1,0,1,0,0,2,2,3,2,0,1,2,1,3,4,4,4,4,4,4,4,1,0,4,3,3,1,1,4,4,3,3,1,1,1,1,1,4,3,3,4,1,2,2,0,1,0,4,3,3,2,2,4,4,1,1,0,3,1,4,4,4,0,2,0,2,0,1,1,2,2,2,1,0,0,1,1,4,4,1,4,1,1,2,2,2,0,0,3,2,1,1,1,0,2,2,1,1,1,0,3,2,2,2,2,2,4,1,4,4,4,4,0,1,2,3,0,0,4,4,3,2,2,3,2,2,2,2,2,2,2,1,0,4,4,4,4,3,4,1,1,3,4,4,4,3,2,3,4,4,0,0,4,4,4,4,4,3,3,0,0,0,0,2,2,1,1,3,2,1,1,4,3,4,3,2,0,0,4,3,3,3,2,3,3,3,3,2,3,3,3,3,3,2,0,0,0,0,0,1,3,3,3,1,0,0,0,3,3,3,3,1,1,0,0,1,1,0,3,3,0,3,4,1,1,0,0,1,1,2,2,0,0,3,2,3,0,3,3,1,1,1,1,2,2,2,2,2,2,3,3,2,2,1,1,2,2,4,4,0,0"
271,1.3452555578291483,"0,3,1,0,3,4,0,2,4,0,4,4,0,3,0,4,4,1,0,1,0,0,2,2,3,2,0,1,2,1,3,4,4,4,4,4,4,4,1,0,4,3,3,1,1,4,4,3,3,1,1,1,1,1,4,3,3,4,1,2,2,0,1,0,4,3,3,2,2,4,4,1,1,0,3,1,4,4,4,0,2,0,2,0,1,1,2,2,2,1,0,0,1,1,4,4,1,4,1,1,2,2,2,0,0,3,2,1,1,1,0,2,2,1,1,1,1,3,2,2,2,2,2,4,1,4,4,4,4,0,1,2,3,0,0,4,4,3,2,2,3,2,2,2,2,2,2,2,1,0,4,4,4,4,3,4,1,1,3,4,4,4,3,2,3,4,4,0,0,4,4,4,4,4,3,3,0,0,0,0,2,2,1,1,3,2,0,1,4,1,4,3,2,0,0,4,3,3,3,0,3,3,3,3,2,3,3,3,3,3,2,0,0,0,0,0,1,3,3,3,1,0,0,0,3,3,3,3,0,1,0,0,1,1,0,3,3,2,3,4,1,1,0,0,1,1,2,2,0,0,3,2,3,0,3,3,1,1,1,1,2,2,2,2,2,2,3,3,2,2,1,1,2,2,4,4,0,0"
272,1.3852337374209294,"0,3,1,0,3,4,0,2,4,0,4,4,0,3,0,4,4,1,0,1,0,0,2,2,3,2,0,1,2,1,3,4,4,4,4,4,4,4,1,0,4,3,3,1,1,4,4,3,3,1,1,1,1,1,4,3,3,4,1,2,2,0,1,0,4,3,3,2,2,4,4,1,1,0,3,1,4,4,4,0,2,0,2,0,1,1,2,2,2,1,0,0,1,1,4,4,1,4,1,1,2,2,2,0,0,3,2,1,1,1,0,2,2,1,1,1,0,3,2,2,2,2,2,4,1,4,4,4,4,0,1,2,3,0,0,4,4,3,2,2,3,2,2,2,2,2,2,2,1,0,4,4,4,4,3,4,1,1,3,4,4,4,3,2,3,4,4,0,0,4,4,4,4,4,3,3,0,0,0,0,2,2,1,1,3,2,0,1,4,1,4,3,2,0,0,4,3,3,3,2,3,3,3,3,2,3,3,3,3,3,2,0,0,0,0,0,1,3,3,3,1,0,0,0,3,3,3,3,0,1,0,0,1,1,0,3,3,0,3,4,1,1,0,0,1,1,2,2,0,3,3,2,3,0,3,3,1,1,1,1,2,2,2,2,2,2,3,3,2,2,1,1,2,2,4,4,0,0"
273,1.2247535468800654,"0,3,1,0,3,4,0,2,4,0,4,4,0,3,0,4,4,1,0,1,0,0,2,2,3,2,0,1,2,1,3,4,4,4,4,4,4,4,1,0,4,3,3,1,1,4,4,3,3,1,1,1,1,1,4,3,3,4,1,2,2,0,1,0,4,3,3,2,2,4,4,1,1,0,3,1,4,4,4,0,2,0,2,0,1,1,2,2,2,1,0,0,1,1,4,4,1,4,1,1,2,2,2,0,0,3,2,1,1,1,0,2,2,1,3,1,0,3,2,2,2,2,2,4,1,4,4,4,4,0,1,2,3,0,0,4,4,3,2,2,3,2,2,2,2,2,2,2,1,0,4,4,4,4,3,4,1,0,3,4,4,4,3,2,3,4,4,0,0,4,4,4,4,4,3,3,0,0,0,0,2,2,1,1,3,2,0,1,4,1,4,3,2,0,0,4,3,3,3,2,3,3,3,3,3,3,3,3,3,3,2,0,0,0,0,0,1,3,3,3,1,0,0,0,3,3,3,3,0,1,0,0,1,1,0,3,3,0,3,2,1,1,0,0,1,1,2,2,0,0,3,2,3,0,3,3,1,1,1,1,2,2,2,2,2,2,3,3,2,2,1,1,2,2,4,4,2,0"
274,1.3455830560009243,"0,3,1,0,3,4,0,2,4,0,4,4,0,3,0,4,4,1,0,1,0,0,2,2,3,2,0,1,2,1,3,4,4,4,4,4,4,4,1,0,4,3,3,1,1,4,4,3,3,1,1,1,1,1,4,3,3,4,1,2,2,0,1,0,4,3,3,2,2,4,4,1,1,0,3,1,4,4,4,0,2,0,2,0,1,1,2,2,2,1,0,0,1,1,4,4,1,4,1,1,2,2,2,0,0,3,2,1,1,1,0,2,2,1,1,1,0,3,2,2,2,2,2,4,1,4,4,4,4,0,1,2,3,0,0,4,4,3,2,2,3,2,2,2,2,2,2,2,1,0,4,4,4,4,3,4,1,1,3,4,4,4,3,2,3,4,4,0,0,4,4,4,4,4,3,3,0,0,0,0,2,2,1,1,3,2,0,1,4,1,4,3,2,0,0,4,3,3,3,2,3,3,3,3,3,3,3,3,3,3,2,0,0,0,0,0,1,3,3,2,1,0,0,0,3,3,3,3,0,1,0,0,1,1,0,3,3,0,3,4,1,1,2,0,1,1,2,2,0,0,3,2,3,0,3,3,1,1,1,1,2,2,2,2,2,2,3,3,2,2,1,1,2,2,4,4,0,0"
275,1.3859219417688513,"0,3,1,0,3,4,0,2,4,0,4,4,0,3,0,4,4,1,0,1,0,0,2,2,3,2,0,1,2,1,3,4,4,4,4,4,4,4,1,4,4,3,3,1,1,4,4,3,3,1,1,1,1,1,4,3,3,4,1,2,2,0,1,0,3,3,3,2,2,4,4,1,1,0,3,1,4,4,4,0,2,0,2,0,1,1,2,2,2,1,0,0,1,1,4,4,1,4,1,1,2,2,2,0,0,3,2,1,1,1,0,2,2,1,1,1,0,3,2,2,2,2,2,4,1,4,4,4,4,0,1,2,3,0,0,4,4,3,2,2,3,2,2,2,2,2,2,2,1,0,4,4,4,4,3,4,1,1,3,4,4,4,3,2,3,4,4,0,0,4,4,4,4,4,3,3,0,0,0,0,2,2,1,1,3,2,0,1,4,1,4,3,2,0,0,4,3,3,3,2,3,3,3,3,3,3,3,3,3,3,2,0,0,0,0,0,1,3,3,2,1,0,0,0,3,3,3,3,0,1,0,0,1,1,0,3,3,0,3,4,1,1,0,0,1,1,2,2,0,0,3,2,3,0,3,3,1,1,1,1,2,2,2,2,2,2,3,3,2,2,1,1,2,2,4,4,0,0"
276,1.2651059288847537,"0,3,1,0,3,4,0,2,4,0,4,4,0,3,0,4,4,1,0,1,0,0,2,2,3,2,0,1,2,1,3,4,4,4,4,4,4,4,1,4,4,3,3,1,1,4,4,3,3,1,1,1,1,1,4,3,3,4,1,2,2,0,1,0,3,3,3,2,2,4,4,1,1,0,3,1,4,4,4,0,2,0,2,0,1,1,2,2,2,1,0,0,1,1,4,4,1,4,1,1,2,2,2,0,0,3,2,1,1,1,0,2,2,1,1,1,0,3,2,2,2,2,2,4,1,4,4,4,4,0,1,2,3,0,0,4,4,3,2,2,3,2,2,2,2,2,2,2,1,0,4,4,4,4,3,4,1,1,3,4,4,4,3,2,3,4,4,0,0,4,4,4,4,4,3,2,0,0,0,0,2,2,1,1,3,2,4,1,4,1,4,3,2,0,0,4,3,3,3,4,3,3,3,3,3,3,3,3,3,3,1,0,0,0,0,0,1,3,3,2,1,0,0,0,3,3,3,3,0,1,0,0,1,1,0,3,3,0,3,4,1,1,0,0,1,1,2,2,0,0,3,2,3,0,3,3,1,1,1,1,2,2,2,2,2,2,3,3,2,2,1,1,2,2,4,4,0,0"
277,1.386048139511598,"0,3,1,0,3,4,0,2,4,0,4,4,0,3,0,4,4,1,0,1,0,0,2,2,3,2,0,1,2,1,3,4,4,4,4,4,4,4,1,4,4,3,3,1,1,4,4,3,3,1,1,1,1,1,4,3,3,4,1,2,2,0,1,0,3,3,3,2,2,4,4,1,1,0,3,1,4,4,4,0,2,0,2,0,1,1,2,2,2,1,0,0,1,1,4,4,1,4,1,1,2,2,2,0,0,3,2,1,1,1,0,2,2,1,1,1,0,3,2,2,2,2,2,4,1,4,4,4,4,0,1,2,3,0,0,4,4,3,2,2,3,2,2,2,2,2,2,2,1,0,4,4,4,4,3,4,1,1,3,4,4,4,3,2,3,4,4,0,0,4,4,4,4,4,3,3,0,0,0,0,2,2,1,1,3,2,0,1,4,1,4,3,2,0,0,4,3,3,3,2,3,3,3,3,3,3,3,3,3,3,2,0,0,0,0,0,1,3,3,2,1,0,0,0,3,3,3,0,3,1,0,0,1,1,0,3,3,0,3,4,1,1,0,0,1,1,2,2,0,0,3,2,3,0,3,3,1,1,1,1,2,2,2,2,2,2,3,3,2,2,1,1,2,2,4,4,0,0"
278,1.3861335678750974,"0,3,1,0,3,4,0,2,4,0,4,4,0,3,0,4,4,1,0,1,0,0,2,2,3,2,0,1,2,1,3,4,4,4,4,4,4,4,1,4,4,3,3,1,1,4,4,3,3,1,1,1,1,1,4,3,3,4,1,2,2,0,1,0,3,3,3,2,2,4,4,1,1,0,3,1,4,4,4,0,2,0,2,0,1,1,2,2,2,1,0,0,1,1,4,4,1,4,1,1,2,2,2,0,0,3,2,1,1,1,0,2,2,1,1,1,0,3,2,2,2,2,2,4,1,4,4,4,4,0,1,3,3,0,0,4,4,3,2,2,3,2,2,2,2,2,2,2,1,0,4,4,4,4,3,4,1,1,0,4,4,4,3,2,3,4,4,0,0,4,4,4,4,4,3,3,0,0,0,0,2,2,1,1,3,2,0,1,4,1,4,3,2,0,0,4,3,3,3,2,3,3,3,3,3,3,3,3,3,3,2,0,0,0,0,0,1,3,3,2,1,0,0,0,3,3,2,0,3,1,0,0,1,1,0,3,3,0,3,4,1,1,0,0,1,1,2,2,0,0,3,2,3,0,3,3,1,1,1,1,2,2,2,2,2,2,3,3,2,2,1,1,2,2,4,4,0,0"
279,1.3456276360598785,"2,3,1,0,3,4,0,2,4,0,4,4,0,3,0,4,4,1,0,1,0,0,2,2,3,2,0,1,2,1,3,4,4,4,4,4,4,4,1,4,4,3,3,1,1,4,4,3,3,1,1,1,1,1,4,3,3,4,1,2,2,0,1,0,3,3,3,2,2,4,4,1,1,0,3,1,4,4,4,0,2,0,2,0,1,1,2,2,2,1,0,0,1,1,4,4,1,4,1,1,2,2,2,0,0,3,1,1,1,1,0,2,2,1,1,1,0,3,2,2,2,2,2,4,1,4,4,4,4,0,1,3,3,0,0,4,4,3,2,2,3,2,2,2,2,2,2,2,1,0,4,4,4,4,3,4,1,1,0,4,4,4,3,2,3,4,4,0,0,4,4,4,4,4,3,3,0,0,0,0,2,2,1,1,3,2,0,1,4,1,4,3,2,0,0,4,3,3,3,2,3,3,3,3,3,3,3,3,3,3,2,0,0,0,0,0,1,3,3,2,1,0,0,0,3,3,2,0,3,1,0,0,1,1,0,3,3,0,3,4,1,1,0,0,1,1,2,2,0,0,3,2,3,0,3,3,1,1,1,1,2,2,2,2,2,2,3,3,2,2,1,1,2,2,4,4,0,0"
280,1.3862779666068934,"2,3,1,0,3,4,0,2,4,0,4,4,0,3,0,4,4,1,0,1,0,0,2,2,3,2,0,1,2,1,3,4,4,4,4,4,4,4,1,4,4,3,3,1,1,4,4,3,3,1,1,1,1,1,4,3,3,4,1,2,2,0,1,0,3,3,3,2,2,4,4,1,1,0,3,1,4,4,4,0,2,0,2,0,1,1,2,2,2,1,0,0,1,1,4,4,1,4,1,1,2,2,2,0,0,3,2,1,1,1,0,2,2,1,1,1,0,3,2,2,2,2,2,4,1,4,4,4,4,0,1,3,3,0,0,4,4,3,2,2,3,2,2,2,2,2,2,2,1,0,4,4,4,4,3,4,1,1,0,4,4,4,3,2,3,4,4,0,0,4,4,4,4,4,3,3,0,0,0,0,2,2,1,1,3,2,0,1,4,1,4,3,2,0,0,4,3,3,3,2,3,3,3,3,3,3,3,3,3,3,2,0,0,0,0,0,1,3,3,2,1,0,0,0,3,3,3,0,3,1,0,0,1,1,0,3,3,0,3,4,1,1,0,0,1,1,2,2,0,0,3,2,3,0,3,3,1,1,1,1,2,2,2,2,2,2,3,3,2,2,1,1,2,2,4,4,0,0"
281,1.3022962407437748,"2,3,1,0,3,4,0,2,4,0,4,4,0,3,0,4,4,1,0,1,0,0,2,2,3,2,0,1,2,1,3,4,4,4,4,4,4,4,1,4,4,3,3,1,1,4,4,3,3,1,1,1,1,1,4,3,3,4,1,2,2,0,1,0,3,3,3,2,2,4,4,1,1,0,3,1,4,4,4,0,2,0,2,0,1,1,2,2,2,1,0,0,1,1,4,4,1,4,1,1,2,2,2,0,0,3,2,1,0,1,0,2,2,1,1,1,0,3,2,2,2,2,2,4,3,4,4,4,4,0,1,3,3,0,0,4,4,3,2,2,3,0,2,2,2,2,2,2,1,0,4,4,4,4,3,4,1,1,0,4,4,4,3,2,3,4,4,0,0,4,4,4,4,4,3,3,0,0,0,0,2,2,1,1,3,2,0,1,4,1,4,3,2,0,0,4,3,4,3,2,3,2,3,3,3,3,3,3,3,3,2,0,0,0,0,0,1,3,3,2,1,0,0,0,3,3,0,0,3,1,0,0,3,1,0,3,3,0,0,4,1,1,0,3,1,1,2,2,0,0,1,2,3,0,3,3,1,1,1,1,2,2,2,2,2,2,3,3,2,2,1,1,2,2,4,4,3,0"
282,1.3870905684773422,"2,3,1,0,3,4,0,2,4,0,4,4,0,3,0,4,4,1,0,1,0,0,2,2,3,2,0,1,2,1,3,4,4,4,4,4,4,4,1,4,4,3,3,1,1,4,4,3,3,1,1,1,1,1,4,3,3,4,1,2,2,0,1,0,3,3,3,2,2,4,4,1,1,0,3,1,4,4,4,0,2,0,2,0,1,1,2,2,2,1,0,0,1,1,4,4,1,4,1,1,2,2,2,0,0,3,2,1,1,1,1,2,2,1,1,1,0,3,2,2,2,2,2,4,1,4,4,4,4,0,1,3,3,0,0,4,4,3,2,2,3,2,2,2,2,2,2,2,1,0,4,4,4,4,3,3,1,1,0,4,4,4,3,2,3,4,4,0,0,4,4,4,4,4,3,3,0,0,0,0,2,2,1,4,3,2,0,1,4,1,4,3,2,0,0,4,3,3,3,2,3,3,3,3,3,3,3,3,3,3,2,0,0,0,0,0,1,3,3,2,1,0,0,0,3,3,3,0,3,1,0,0,1,1,0,3,3,0,0,4,1,1,0,0,1,1,2,2,0,0,3,2,3,0,3,3,1,1,1,1,2,2,2,2,2,2,3,3,2,2,1,1,2,2,4,4,0,0"
283,1.3874355065325845,"2,3,1,0,3,4,0,2,4,0,4,4,0,3,0,4,4,1,1,1,0,0,2,2,3,2,0,1,2,1,3,4,4,4,4,4,4,4,1,4,4,3,3,1,1,4,4,3,3,1,1,1,1,1,4,3,3,4,1,2,2,0,1,0,3,3,3,2,2,4,4,1,1,0,3,1,4,4,4,0,2,0,2,0,1,1,2,2,2,1,0,0,1,1,4,4,1,4,1,1,2,2,2,0,0,3,2,1,1,1,1,2,2,1,1,1,0,3,2,2,2,2,2,4,1,4,4,4,4,0,1,3,3,0,0,4,4,3,2,2,3,2,2,2,2,2,2,2,1,0,4,4,4,4,3,3,1,1,0,3,4,4,3,2,3,4,4,0,0,4,4,4,4,4,3,3,0,0,0,0,2,2,1,4,3,2,0,1,4,1,4,3,2,0,0,4,3,3,3,2,3,3,3,3,3,3,3,3,3,3,2,0,0,0,0,0,1,3,3,2,0,0,0,0,3,3,4,0,3,1,0,0,1,1,0,3,3,0,0,4,1,1,0,0,1,1,2,2,0,0,3,2,3,0,3,3,1,1,1,1,2,2,2,2,2,2,3,3,2,2,1,1,2,2,4,4,0,0"
284,1.3868654773937399,"2,3,1,0,3,4,0,2,4,0,4,4,0,3,0,4,4,1,1,1,0,0,2,2,3,2,0,1,2,1,3,4,4,4,4,4,4,4,1,4,4,3,3,1,1,4,4,3,0,1,1,1,1,1,4,3,3,4,1,2,2,0,1,0,3,3,3,2,2,4,4,1,1,0,3,1,4,4,4,0,2,0,2,0,1,1,2,2,2,1,0,0,1,1,4,4,1,4,1,1,2,2,2,0,0,3,2,1,1,1,1,2,2,1,1,1,0,3,2,2,2,2,2,4,1,4,4,4,4,0,1,3,3,0,0,4,4,3,2,2,3,2,2,2,2,2,2,2,1,0,4,4,4,4,3,3,1,1,0,3,4,4,3,2,3,4,4,0,0,4,4,4,4,4,3,3,0,0,0,0,2,2,1,4,3,2,0,1,4,1,4,3,2,0,0,4,3,3,3,2,3,3,3,3,3,3,3,3,3,3,2,0,0,0,0,0,1,3,3,2,0,0,0,0,3,3,4,0,3,1,0,0,1,1,0,3,3,0,0,4,1,1,0,0,1,1,2,2,0,0,3,2,3,0,3,3,1,1,1,1,2,2,2,2,2,2,3,3,2,2,1,1,2,2,4,4,0,0"
285,1.3874585289259143,"2,3,1,0,3,4,0,2,4,0,4,4,0,3,0,4,4,1,1,1,0,0,2,2,3,2,0,1,2,1,3,4,4,4,4,4,4,4,1,4,4,3,3,1,1,4,4,3,3,1,1,1,1,1,4,3,3,4,1,2,2,0,1,0,3,3,3,2,2,4,4,1,1,0,3,1,4,4,4,0,2,0,2,0,1,1,2,2,2,1,0,0,1,1,4,4,1,4,1,1,2,2,2,0,0,3,2,1,1,1,1,2,2,1,1,1,0,3,2,2,2,2,2,4,1,4,4,4,4,0,1,3,3,0,0,4,4,3,2,2,3,2,2,2,2,2,2,2,1,0,4,4,4,4,3,3,1,1,0,3,4,4,0,2,3,4,4,0,0,4,4,4,4,4,3,3,0,0,0,0,2,2,1,4,3,2,0,1,4,1,4,3,2,0,0,4,3,3,3,2,3,3,3,3,3,3,3,3,3,3,2,0,0,0,0,0,1,3,3,2,0,0,0,0,3,3,4,0,3,1,0,0,1,1,0,3,3,0,0,4,1,1,0,0,1,1,2,2,0,0,3,2,3,0,3,3,1,1,1,1,2,2,2,2,2,2,3,3,2,2,1,1,2,2,4,4,0,0"
286,1.3878017978979489,"2,3,1,0,3,4,0,2,4,0,4,4,0,3,0,4,4,1,1,1,0,0,2,2,3,2,0,1,2,1,3,4,4,4,4,4,4,4,1,4,4,3,3,1,1,4,4,3,3,1,1,1,1,1,4,3,3,4,1,2,2,0,1,0,3,3,3,2,2,4,4,1,1,0,3,1,4,4,4,0,2,0,2,0,1,1,2,2,2,1,0,0,1,1,4,4,1,4,1,1,2,2,2,0,0,3,2,1,1,1,1,2,2,1,1,1,0,3,2,2,2,2,2,4,1,4,4,4,4,0,1,3,3,0,0,4,4,3,2,2,3,2,2,2,2,2,2,2,1,0,4,4,4,4,3,3,1,1,0,3,4,4,0,2,3,4,4,0,0,4,4,4,4,4,3,3,0,0,0,0,2,2,1,4,3,2,0,1,4,1,4,3,2,0,0,4,3,3,3,2,3,3,3,3,3,3,3,3,3,3,2,0,0,0,0,0,1,3,3,2,0,0,0,0,3,3,0,0,3,1,0,4,1,1,0,3,3,0,0,4,1,1,0,0,1,1,2,2,0,0,3,2,3,0,3,3,1,1,1,1,2,2,2,2,2,2,3,3,2,2,1,1,2,2,4,4,0,0"
287,1.3883009822463512,"2,3,1,0,3,4,0,2,4,0,4,4,0,3,0,4,4,1,1,1,0,0,2,2,3,2,0,1,2,1,3,4,4,4,4,4,4,4,1,4,4,3,3,1,1,4,4,3,3,1,1,1,1,1,4,3,3,4,1,2,2,0,1,0,0,3,3,2,2,4,4,1,1,0,3,1,4,4,4,0,2,0,2,0,1,1,2,2,2,1,0,0,1,1,4,4,1,4,1,1,2,2,2,0,2,3,2,1,1,1,1,2,2,1,1,1,0,3,2,2,2,2,2,4,1,4,4,4,4,0,1,3,3,0,0,4,4,3,2,2,3,2,2,2,2,2,2,2,1,0,4,4,4,4,3,3,1,1,0,3,4,4,0,2,3,4,4,0,0,4,4,4,4,4,3,3,0,0,0,0,2,2,1,4,3,2,0,1,4,1,4,3,2,0,0,4,3,3,3,2,3,3,3,3,3,3,3,3,3,3,2,0,0,0,0,0,1,3,3,3,0,0,0,0,3,3,0,0,3,1,0,4,1,1,0,3,3,0,0,4,1,1,0,0,1,1,2,2,0,0,3,2,3,0,3,3,1,1,1,1,2,2,2,2,2,2,3,3,2,2,1,1,2,2,4,4,0,0"
288,1.347335429153458,"2,3,1,0,3,4,0,2,4,0,4,4,0,3,0,4,4,1,1,1,0,0,2,2,3,2,0,1,2,1,3,4,4,4,4,4,4,4,1,4,4,3,3,1,1,4,4,3,3,1,1,1,1,1,4,3,3,4,1,2,2,0,1,0,0,3,3,2,2,4,4,1,1,0,3,1,4,4,4,0,2,0,2,0,1,1,2,2,2,1,0,0,1,4,4,4,1,4,1,1,2,2,2,0,2,3,2,1,1,1,1,2,2,1,1,1,0,3,2,2,2,2,2,4,1,4,4,4,4,0,1,3,3,0,0,4,4,3,2,2,3,2,2,2,2,2,2,2,1,0,4,4,4,4,3,3,1,1,0,3,4,4,0,2,3,4,4,0,0,4,4,4,4,4,3,3,0,0,0,0,2,2,1,4,3,2,0,1,4,1,4,3,2,0,0,4,3,3,3,2,3,3,3,3,3,3,3,3,3,3,2,0,0,0,0,0,1,3,3,3,0,0,0,0,3,3,0,0,3,1,0,4,1,1,0,3,3,0,0,2,1,1,0,0,1,1,2,2,0,0,3,2,3,0,3,3,1,1,1,1,2,2,2,2,2,2,3,3,2,2,1,1,2,2,4,4,0,0"
289,1.3883058439406653,"2,3,1,0,3,4,0,2,4,0,4,4,0,3,0,4,4,1,1,1,0,0,2,2,3,2,0,1,2,1,3,4,4,4,4,4,4,4,1,1,4,3,3,1,1,4,4,3,3,1,1,1,1,1,4,3,3,4,1,2,2,0,1,0,0,3,3,2,2,4,4,1,1,0,3,1,4,4,4,0,2,0,2,0,1,1,2,2,2,1,0,0,1,1,4,4,1,4,1,1,2,2,2,0,2,3,2,1,1,1,1,2,2,1,1,1,0,3,2,2,2,2,2,4,1,4,4,4,4,0,1,3,3,0,0,4,4,3,2,2,3,2,2,2,2,2,2,2,1,0,4,4,4,4,3,3,1,1,0,3,4,4,0,2,3,4,4,0,0,4,4,4,4,4,3,3,0,0,0,0,2,2,4,4,3,2,0,1,4,1,4,3,2,0,0,4,3,3,3,2,3,3,3,3,3,3,3,3,3,3,2,0,0,0,0,0,1,3,3,3,0,0,0,0,3,3,0,0,3,1,0,4,1,1,0,3,3,0,0,4,1,1,0,0,1,1,2,2,0,0,3,2,3,0,3,3,1,1,1,1,2,2,2,2,2,2,3,3,2,2,1,1,2,2,4,4,0,0"
290,1.3475838986123452,"2,3,1,0,3,4,0,2,4,0,4,4,0,3,0,4,4,1,1,1,0,0,2,3,3,2,0,1,2,1,3,4,4,4,4,4,4,4,1,1,4,3,3,1,1,4,4,3,3,1,1,1,1,1,4,3,3,4,1,2,2,0,1,0,0,3,3,2,2,4,4,1,1,0,3,1,4,4,4,0,2,0,2,0,1,1,2,2,2,1,0,0,1,1,4,4,1,4,1,1,2,2,2,0,2,3,2,1,1,1,1,2,2,1,1,1,0,3,2,2,2,2,2,4,1,4,4,4,4,0,1,3,3,0,0,4,4,3,2,2,3,2,2,2,2,2,2,2,1,0,4,4,4,4,3,3,1,1,0,3,4,4,0,2,3,4,4,0,0,4,4,4,4,4,3,3,0,0,0,0,2,2,4,4,3,2,0,1,4,1,4,3,2,0,0,4,3,3,3,2,3,3,3,3,3,3,3,3,3,3,2,0,0,0,0,0,1,3,3,3,0,0,0,0,3,3,0,0,3,1,0,4,1,1,0,3,3,0,0,4,1,1,0,3,1,1,2,2,0,0,3,2,3,0,3,3,1,1,1,1,2,2,2,2,2,2,3,3,2,2,1,1,2,2,4,4,0,0"
291,1.3880917929348238,"2,3,1,0,3,4,0,2,4,0,4,4,0,3,0,4,4,1,1,1,0,0,2,3,3,2,0,1,2,1,3,4,4,4,4,4,4,4,1,1,4,3,3,1,1,4,4,3,3,1,1,1,1,1,4,3,3,4,1,2,2,0,1,0,0,3,3,2,2,4,4,1,1,0,3,1,4,4,4,0,2,0,2,0,1,1,2,2,2,1,0,0,1,1,4,4,1,4,1,1,2,2,2,0,2,3,2,1,1,1,1,2,2,1,1,1,0,3,2,2,2,2,2,4,1,4,4,4,4,0,1,3,3,0,0,4,4,3,2,2,3,2,2,2,2,2,2,2,1,0,4,4,4,4,3,3,1,1,0,3,4,4,0,2,3,4,4,0,0,4,4,4,4,4,3,3,0,0,0,0,2,2,4,4,3,2,0,1,4,1,4,3,2,0,0,4,3,3,3,2,3,3,3,3,3,3,3,3,3,3,2,0,0,0,0,0,1,3,3,3,0,0,0,0,3,3,0,0,3,1,0,4,1,1,0,3,3,0,0,4,1,1,0,0,1,1,2,2,0,0,3,2,3,0,3,3,1,1,1,1,2,2,2,2,2,2,3,3,2,2,1,1,2,2,4,4,0,0"
292,1.34802230239081,"2,3,1,0,3,4,0,2,4,0,4,4,0,3,0,4,4,1,1,1,0,0,2,3,3,2,0,1,2,1,3,4,4,4,4,4,4,4,1,1,4,3,3,1,1,4,4,3,3,1,1,1,1,1,4,3,3,4,1,2,2,0,1,0,0,3,3,2,2,4,4,1,1,0,3,1,4,4,4,0,2,0,2,1,1,1,2,2,2,1,0,0,1,1,4,4,1,4,1,1,2,2,2,0,2,3,2,1,1,1,1,2,2,1,1,1,0,3,2,2,2,2,2,4,1,4,4,4,4,0,1,3,3,0,0,4,4,3,2,2,3,2,2,2,2,2,2,2,1,0,4,4,4,4,3,3,1,1,0,3,4,4,0,2,3,4,4,0,0,4,4,4,4,4,3,2,0,0,0,0,2,2,4,4,3,2,0,1,4,1,4,3,2,0,0,4,3,3,3,2,3,3,3,3,3,3,3,3,3,3,2,0,0,0,0,0,1,3,3,3,0,0,0,0,3,3,0,0,3,1,0,4,1,1,0,3,3,0,0,4,1,1,0,0,1,1,2,2,0,0,3,2,3,0,3,3,1,1,1,1,2,2,2,2,2,2,3,3,2,2,1,1,2,2,4,4,0,0"
293,1.3883651830585955,"2,3,1,0,3,4,4,2,4,0,4,4,0,3,0,4,4,1,1,1,0,0,2,3,3,2,0,1,2,1,3,4,4,4,4,4,4,4,1,1,4,3,3,1,1,4,4,3,3,1,1,1,1,1,4,3,3,4,1,2,2,0,1,0,0,3,3,2,2,4,4,1,1,0,3,1,4,4,4,0,2,0,2,0,1,1,2,2,2,1,0,0,1,1,4,4,1,4,1,1,2,2,2,0,2,3,2,1,1,1,1,2,2,1,1,1,0,3,2,2,2,2,2,4,1,4,4,4,4,0,1,3,3,0,0,4,4,3,2,2,3,2,2,2,2,2,2,2,1,0,4,4,4,4,3,3,1,1,2,3,4,4,0,2,3,4,4,0,0,4,4,4,4,4,3,2,0,0,0,0,2,2,4,4,3,2,0,1,1,1,4,3,2,0,0,4,3,3,3,2,3,3,3,3,3,3,3,3,3,3,0,0,0,0,0,0,1,3,3,3,0,0,0,0,3,3,0,0,3,1,0,4,1,1,0,3,3,0,0,4,1,1,0,0,1,3,2,2,0,0,3,2,3,0,3,3,1,1,1,1,2,2,2,2,2,2,3,3,2,2,1,1,2,2,4,4,0,0"
294,1.3883879019174583,"2,3,1,0,3,4,4,2,4,0,4,4,0,3,0,4,4,1,1,1,0,0,2,3,3,2,0,1,2,1,3,4,4,4,4,4,4,4,1,1,4,3,3,1,1,4,4,3,3,1,1,1,1,1,4,3,3,4,1,2,2,0,1,0,0,3,3,2,2,4,4,1,1,0,3,1,4,4,4,0,2,0,2,0,1,1,2,2,2,1,0,0,1,1,4,4,1,4,1,1,2,2,2,0,2,3,2,1,1,1,1,2,2,1,1,1,0,3,2,2,2,2,2,4,1,4,4,4,4,0,1,3,3,0,0,4,4,3,2,2,3,2,2,2,2,2,2,2,1,0,4,4,4,4,3,3,1,1,2,3,4,4,0,2,3,4,4,0,0,4,4,4,4,4,3,2,0,0,0,0,2,2,4,4,3,2,0,1,1,1,4,3,2,0,0,4,3,3,3,2,3,3,3,3,3,3,3,3,3,3,0,0,0,0,0,0,1,3,3,3,0,0,0,0,3,3,0,0,0,1,0,4,1,1,0,3,3,0,0,4,1,1,0,0,1,3,2,2,0,0,3,2,3,0,3,3,1,1,1,1,2,2,2,2,2,2,3,3,2,2,1,1,2,2,4,4,0,0"
295,1.2252112091611675,"2,3,1,0,3,4,4,2,4,0,4,4,0,3,0,4,4,1,1,1,0,0,2,3,3,2,0,1,2,1,3,4,4,4,4,4,4,4,1,1,4,3,3,1,1,4,4,3,3,1,1,1,1,1,4,3,3,4,1,2,2,0,1,0,0,3,3,2,2,4,4,1,1,0,3,1,4,4,4,0,2,0,2,0,1,1,2,2,2,1,0,0,1,1,4,4,1,4,1,1,2,2,2,0,2,3,2,1,1,1,1,2,2,1,1,1,0,3,2,2,2,2,2,4,1,4,4,4,4,0,1,3,3,0,0,1,4,3,2,4,3,2,2,2,2,2,2,2,1,0,4,4,4,4,3,3,1,1,2,3,4,4,0,2,3,4,4,0,0,4,4,4,4,4,3,2,0,0,0,0,2,2,4,4,1,2,0,1,1,1,4,3,2,0,0,4,3,3,3,2,3,3,3,3,3,3,3,3,3,3,0,0,0,0,0,0,1,3,3,3,1,0,0,4,3,3,0,0,3,1,0,4,1,1,0,3,3,0,0,4,1,1,0,0,1,3,2,2,0,0,3,2,3,0,3,3,1,1,1,1,2,2,2,2,2,2,3,3,2,2,1,0,2,2,4,4,0,0"
296,1.022361355269122,"2,3,1,0,3,4,4,2,4,0,4,4,0,3,3,4,4,1,1,1,0,0,2,3,3,2,0,1,2,1,3,4,4,4,4,4,4,4,1,4,4,3,3,1,1,4,4,3,3,1,1,1,1,1,4,3,3,4,1,2,2,0,1,0,0,3,3,2,2,4,4,1,1,0,3,1,4,4,0,0,2,0,2,0,1,1,2,2,2,1,0,0,1,1,4,4,1,4,1,1,2,2,2,0,2,3,2,1,1,1,1,2,2,1,1,1,0,3,1,2,2,2,2,4,1,4,4,4,4,0,1,3,3,0,0,4,4,1,2,2,3,2,2,2,2,2,2,2,1,0,4,4,4,4,3,3,3,1,2,3,4,4,0,2,3,4,4,0,0,4,4,4,4,4,3,2,0,0,0,0,2,2,4,4,1,2,0,1,1,1,3,3,2,0,0,4,3,3,3,2,3,4,3,3,2,3,3,3,3,4,0,0,0,0,0,0,1,3,3,3,0,0,0,0,3,3,0,0,0,1,0,4,1,1,0,3,0,0,0,4,1,1,0,0,1,3,2,2,0,0,3,4,3,0,3,3,1,1,1,1,2,2,2,2,2,2,3,3,2,2,1,1,2,2,4,4,0,0"
297,1.3862236916948953,"2,3,1,0,3,4,4,2,4,0,4,4,0,3,3,4,4,1,1,1,0,0,2,3,3,2,0,1,2,1,3,4,4,4,4,4,4,4,1,4,4,3,3,1,1,4,4,3,3,1,1,1,1,1,4,3,3,4,1,2,2,0,1,0,0,3,3,2,2,4,4,1,1,0,3,1,4,4,4,0,2,0,2,0,1,1,2,2,2,1,0,1,1,1,4,4,1,4,1,1,2,2,2,0,2,3,2,1,1,1,1,2,2,1,1,1,0,3,2,2,2,2,1,4,1,4,4,4,4,0,1,3,3,0,0,4,4,3,2,2,3,2,2,2,2,2,2,2,1,0,4,4,4,4,3,3,1,1,2,3,4,2,0,2,3,4,4,0,0,4,4,4,4,4,3,2,0,0,0,0,2,2,4,4,3,2,0,0,1,1,4,3,2,0,0,4,3,3,3,2,3,3,3,3,3,3,3,3,3,3,0,0,0,0,0,0,1,3,3,3,0,0,0,0,3,3,0,0,0,1,0,4,1,1,0,3,3,0,0,4,1,1,0,0,1,3,2,2,0,0,3,2,3,0,3,3,1,1,1,1,2,2,2,2,2,2,3,3,2,2,1,1,2,2,4,4,0,0"
298,1.1060361668980374,"2,3,1,0,3,4,4,2,4,0,4,4,0,3,3,4,4,1,1,1,1,0,2,3,3,2,0,1,2,1,3,4,4,4,4,4,4,4,1,4,4,3,3,1,1,4,4,3,3,1,1,1,1,1,4,3,3,4,1,2,2,0,1,0,0,3,3,2,2,4,4,1,1,0,3,1,4,4,4,0,2,0,2,0,1,1,2,2,2,1,0,0,1,1,4,4,1,4,1,1,2,2,2,0,2,3,2,1,1,1,1,2,2,1,1,1,0,3,2,2,2,2,2,4,1,4,4,4,4,0,1,3,3,0,0,4,4,3,2,2,3,2,2,2,4,2,2,2,1,0,4,4,4,4,3,3,1,1,2,3,4,4,0,2,3,4,4,0,0,4,4,4,4,4,3,2,0,0,0,0,2,2,4,4,3,2,0,1,1,1,4,3,2,0,0,4,3,3,3,2,3,3,3,3,3,3,3,3,3,3,0,0,0,0,0,0,1,3,3,3,0,0,0,0,3,3,0,0,0,1,0,4,1,1,0,3,3,0,0,4,1,1,0,0,1,3,2,2,0,0,3,1,3,0,3,3,1,1,1,1,2,2,2,2,2,2,3,3,2,2,1,1,2,2,4,4,0,3"
299,1.3885977984516302,"2,3,1,0,3,4,4,2,4,0,4,4,0,3,3,4,4,1,1,1,1,0,2,3,3,2,0,1,2,1,3,4,4,4,4,4,4,0,1,4,4,3,3,1,1,4,4,3,3,1,1,1,1,1,4,3,3,4,1,2,2,0,1,0,0,3,3,2,2,4,4,1,1,0,3,1,4,4,4,0,2,0,2,0,1,1,2,2,2,1,0,0,1,1,4,4,1,4,1,1,2,2,2,0,2,3,2,1,1,1,1,2,2,1,1,1,0,3,2,2,2,2,2,4,1,4,4,4,4,0,1,3,3,0,0,4,4,3,2,2,3,2,2,2,2,2,2,2,1,0,4,4,4,4,3,3,1,1,2,3,4,4,0,2,3,4,4,0,0,4,4,4,4,4,3,2,0,0,0,0,2,2,4,4,3,2,0,1,1,1,4,3,2,0,0,4,3,3,3,2,3,3,3,3,3,3,3,3,3,3,0,0,0,0,0,0,1,3,3,3,0,0,0,0,3,3,0,0,0,1,0,4,1,1,0,3,3,0,0,4,1,1,0,0,1,3,2,2,0,0,3,2,3,0,3,3,1,1,1,1,2,2,2,2,2,2,3,3,2,2,1,1,2,2,4,4,0,0"
