generation,fitness,chromosome
0,1.3665298066079836,"2,0,0,1,1,2,1,1,4,0,1,2,1,2,4,2,4,4,0,3,4,2,3,1,3,1,1,1,0,3,1,3,3,2,4,1,0,0,2,4,1,0,4,0,0,3,1,4,4,2,1,3,4,1,4,2,0,0,0,1,1,4,4,1,4,0,3,3,4,3,3,0,2,1,0,0,1,4,4,2,0,0,1,1,1,0,1,3,3,3,3,0,1,3,4,3,2,4,1,3,0,1,1,2,0,4,4,3,1,2,0,1,3,2,0,3,0,2,4,4,0,1,3,4,0,2,0,3,3,0,3,1,2,4,4,3,3,1,3,2,2,2,0,2,1,1,2,3,2,0,2,0,0,0,4,4,0,4,3,2,2,3,0,4,1,2,4,0,0,3,2,1,3,0,0,1,4,4,3,2,0,3,4,2,2,0,4,3,4,2,3,2,1,4,2,0,0,3,4,4,0,0,2,1,2,3,2,0,1,0,4,3,0,1,2,0,1,1,0,3,0,3,3,2,2,4,1,1,3,0,2,4,3,4,3,3,3,4,3,3,0,2,4,1,0,2,0,2,2,4,3,3,0,1,4,4,2,1,3,4,0,1,2,3,3,3,1,2,1,0,1,4,4,4,1,1,4,4"
1,1.3682616147414777,"3,0,2,1,1,2,1,1,4,0,4,4,4,3,1,4,3,3,3,3,4,4,0,3,0,2,0,3,0,0,0,4,4,0,4,0,1,1,1,1,3,1,0,4,2,3,4,2,3,2,3,1,3,2,3,4,3,0,2,3,1,0,1,1,2,0,2,0,3,0,4,3,1,4,0,0,0,4,1,2,3,4,1,2,0,3,4,4,3,2,4,0,0,2,1,4,2,3,3,2,2,2,3,2,4,4,4,1,3,2,3,2,1,3,2,0,1,2,0,0,3,4,2,3,4,2,3,4,1,3,4,1,0,0,4,0,2,2,2,0,2,3,1,4,0,1,1,1,1,3,4,4,0,2,1,2,0,0,0,0,4,1,3,1,3,3,0,0,0,1,2,3,1,0,3,4,0,0,0,2,2,2,2,2,2,2,1,2,2,2,2,1,1,3,2,2,0,3,0,0,1,0,0,0,4,4,1,2,2,0,1,3,3,4,2,1,3,2,3,1,3,3,1,3,3,4,4,2,4,2,3,0,4,1,0,1,3,2,1,3,2,4,0,1,1,3,3,4,4,0,2,3,4,1,1,1,0,2,4,2,2,4,4,2,1,1,4,4,3,3,3,0,0,0,0,4,3,3"
2,1.3708620133292124,"3,0,2,1,1,3,1,1,4,0,4,4,4,3,1,4,2,3,3,2,4,4,0,3,0,4,0,3,3,0,0,0,4,0,4,0,1,1,1,2,3,1,0,2,2,4,4,2,3,2,3,3,3,2,3,4,3,0,2,2,1,0,2,1,0,0,3,0,3,0,2,3,3,4,0,0,0,4,1,2,3,4,1,2,0,3,4,4,3,2,4,0,0,2,1,4,2,3,3,2,2,2,3,2,4,4,4,1,3,2,3,2,1,3,2,0,1,2,0,0,3,4,2,3,4,2,3,4,1,3,4,1,0,0,4,0,2,2,2,2,2,3,1,4,0,1,1,1,1,3,4,4,0,2,1,2,0,0,0,0,4,1,3,1,3,3,0,0,0,1,2,3,1,0,3,4,0,0,0,2,2,2,2,2,2,2,1,2,2,2,2,1,1,3,2,2,0,3,0,0,1,0,0,0,2,4,1,2,2,0,1,3,3,2,2,1,3,2,3,4,4,0,0,3,0,0,3,4,2,2,3,2,1,0,2,2,3,0,0,4,2,3,2,4,3,3,3,3,3,3,1,2,0,3,1,4,4,4,4,2,4,4,2,3,1,1,2,2,3,2,3,2,0,1,1,3,2,2"
3,1.3723939335571687,"3,0,2,1,1,3,1,1,4,0,4,4,4,3,2,4,2,3,3,2,4,4,0,3,0,3,0,3,3,0,0,0,4,0,1,0,1,1,1,2,3,2,0,2,2,4,4,2,3,2,3,3,3,2,3,4,1,0,2,2,1,0,2,1,0,0,3,0,3,0,2,3,3,4,0,0,0,4,1,2,3,4,1,2,0,3,4,4,3,2,4,0,0,2,1,4,2,3,3,2,2,2,3,2,4,3,4,1,3,2,3,2,1,3,2,0,1,2,0,0,3,3,2,3,4,2,2,1,1,3,4,1,0,0,4,0,2,2,2,2,2,3,1,4,0,3,1,1,1,3,4,4,0,2,1,2,1,0,0,0,4,1,3,1,3,3,0,0,0,1,2,3,1,0,3,4,0,0,0,2,2,2,2,2,2,2,1,2,2,2,2,1,1,3,2,2,0,3,0,0,1,0,0,0,2,4,1,2,2,0,1,3,3,0,2,1,2,2,3,2,4,0,0,3,0,0,3,4,2,2,3,2,1,0,2,2,3,3,0,4,2,3,2,4,3,3,3,3,3,3,1,2,0,3,1,4,4,4,4,2,4,2,3,3,2,1,0,0,1,2,4,0,1,0,1,4,3,3"
4,1.3733081726075353,"3,0,2,1,1,3,1,1,4,0,4,4,4,3,2,4,2,3,3,2,1,4,0,3,0,3,0,3,3,0,1,0,4,0,1,1,1,1,1,2,3,2,0,2,2,4,4,2,3,2,3,3,3,2,3,4,1,0,2,2,1,0,2,1,0,0,3,0,3,1,2,3,3,1,0,0,0,4,1,2,3,4,1,2,0,3,4,4,3,1,4,0,0,2,1,4,2,3,3,2,0,2,3,2,1,0,4,1,3,2,3,2,1,3,2,0,1,0,0,0,3,3,2,3,4,2,2,1,1,3,2,1,0,0,4,0,2,2,2,2,0,3,1,4,0,2,1,1,1,2,4,4,0,2,1,2,1,0,0,0,4,1,3,1,3,3,0,0,0,1,2,3,1,0,3,4,0,0,0,2,2,2,2,2,2,2,1,2,2,2,2,1,1,3,2,2,0,3,0,0,0,0,0,0,2,4,1,2,2,0,1,3,3,0,2,1,3,2,3,2,4,0,0,3,0,0,3,4,2,2,3,2,1,0,2,2,2,3,3,4,2,3,2,4,3,3,1,3,1,3,1,3,3,3,0,4,4,4,1,2,2,2,1,3,2,1,0,0,1,2,0,0,0,0,1,4,3,0"
5,1.3742878674970407,"3,0,2,1,1,4,3,1,4,0,4,4,4,3,2,4,2,3,3,2,1,4,0,3,0,3,0,3,3,0,3,0,4,0,1,1,1,1,1,2,3,2,0,2,2,4,4,2,3,2,3,3,3,2,3,4,1,0,2,2,1,0,2,1,0,0,3,0,3,1,2,3,3,1,0,0,0,4,1,2,3,4,1,2,0,3,4,4,3,1,4,0,0,2,1,4,2,3,3,2,0,2,3,2,1,0,1,1,3,2,3,2,1,3,2,0,1,0,0,0,3,3,2,3,4,2,2,1,1,3,2,1,0,0,4,0,2,2,2,2,0,3,1,4,0,2,1,1,1,2,4,4,0,2,1,2,1,0,0,0,4,1,3,1,3,3,0,0,0,1,2,3,1,0,3,4,0,0,0,2,2,2,2,2,2,2,1,2,2,2,2,1,1,3,2,2,0,3,0,0,0,0,0,0,2,4,1,2,2,0,1,3,3,0,2,1,3,2,3,2,4,0,0,3,0,0,3,4,2,2,3,2,1,0,2,2,2,3,3,4,2,3,2,4,3,3,1,3,1,3,1,3,3,3,0,4,4,4,2,2,2,2,1,3,2,1,0,0,1,2,0,0,0,0,1,4,3,0"
6,1.3741531654986316,"3,0,2,1,1,4,3,1,4,0,4,4,4,3,2,4,2,3,3,2,1,4,0,3,0,3,0,3,3,0,3,0,4,0,1,1,1,1,1,2,3,2,0,2,2,4,4,2,0,2,3,2,3,2,3,4,1,0,2,2,1,0,2,1,0,0,3,0,3,1,2,3,3,3,0,0,0,4,1,0,3,4,1,2,0,3,0,4,3,2,4,0,0,2,1,4,2,3,3,2,2,2,3,2,3,3,4,1,3,2,3,2,1,3,1,0,1,2,0,0,3,3,4,4,1,2,2,1,1,3,4,1,0,0,4,0,2,2,2,3,1,3,3,4,0,3,1,1,1,3,4,4,0,2,1,2,1,2,0,0,4,1,3,0,3,3,0,0,0,1,2,3,1,0,3,4,0,0,0,2,0,2,2,2,2,2,1,2,2,2,2,1,1,3,2,2,0,3,0,0,0,0,0,0,2,4,1,2,2,0,1,3,3,0,2,1,3,2,3,2,4,0,0,3,0,0,3,4,2,2,3,2,1,0,2,2,2,3,3,4,2,3,2,4,3,3,1,3,1,4,1,3,3,3,0,4,4,4,2,2,2,2,1,3,2,1,0,0,1,2,0,0,0,1,1,4,3,0"
7,1.3754296981725989,"3,0,2,1,1,4,3,1,4,0,4,4,4,3,2,4,2,3,3,2,1,4,0,3,0,3,0,3,3,0,3,0,4,0,1,1,1,1,1,2,3,2,0,2,2,4,4,2,0,2,3,2,3,2,3,4,1,0,2,2,1,0,2,1,0,0,3,0,3,1,2,3,3,3,0,0,0,4,1,0,3,4,1,2,0,3,0,4,3,2,4,0,0,2,1,4,2,3,3,2,2,2,3,2,3,3,4,1,3,2,3,2,1,3,1,0,1,2,0,0,3,3,4,4,1,2,2,1,1,3,4,1,0,0,4,0,2,2,2,3,1,3,3,4,0,3,3,1,1,3,4,4,0,2,1,2,1,2,0,0,4,1,3,0,3,3,0,0,0,1,2,3,1,0,3,4,0,0,0,2,0,2,2,2,2,2,1,2,2,2,2,1,1,3,2,2,0,3,0,0,0,0,0,0,2,4,1,2,2,0,1,3,3,0,2,1,3,2,3,2,3,0,0,3,0,2,3,4,2,2,3,2,1,0,2,2,2,3,3,4,3,3,2,4,3,3,3,3,3,3,1,2,0,3,1,4,0,0,1,2,4,2,3,3,2,1,0,0,1,2,4,3,1,0,1,4,3,1"
8,1.3753366589112128,"3,0,2,1,1,4,3,1,4,0,4,4,4,3,2,4,2,3,3,2,1,4,0,3,0,3,0,3,3,0,3,0,4,0,1,1,1,1,1,2,3,2,0,2,2,4,4,2,0,2,3,2,3,2,3,4,1,0,2,2,1,0,2,1,0,0,3,0,3,0,2,3,3,2,0,0,0,4,1,0,3,4,1,2,0,3,2,4,3,2,4,1,0,2,1,4,2,3,3,2,2,2,3,3,4,3,4,1,3,2,3,2,1,3,2,0,1,2,0,0,3,3,2,3,4,2,2,1,1,3,3,1,0,0,4,0,1,2,2,2,2,3,1,4,0,2,1,1,1,3,4,1,0,2,1,2,1,0,0,0,4,1,2,1,3,3,0,0,0,1,2,0,1,0,3,4,0,0,0,2,3,2,2,1,2,2,1,2,2,2,2,1,1,3,2,2,0,3,0,0,0,0,0,0,2,4,1,2,2,0,1,3,3,0,2,1,2,2,3,2,4,0,0,3,3,0,3,4,2,2,3,2,3,0,2,2,3,3,0,4,2,3,2,4,3,3,3,3,3,3,1,2,0,3,1,4,0,0,4,2,4,2,3,3,2,1,0,0,1,2,4,4,0,1,1,4,3,0"
9,1.3775574821134564,"3,0,2,1,1,4,3,1,4,0,4,4,4,3,2,4,2,3,3,2,1,4,0,3,0,3,0,3,3,0,3,0,4,0,1,1,1,1,1,2,3,2,0,2,2,4,4,2,0,2,3,2,3,2,3,4,1,0,2,2,1,0,2,1,0,0,3,0,3,1,2,3,3,3,0,0,3,4,1,0,3,4,1,2,0,3,0,4,3,2,4,0,0,2,1,4,2,3,3,2,2,2,0,2,3,3,4,1,3,2,3,2,1,3,1,0,1,2,0,0,3,3,2,3,4,2,2,1,1,3,3,0,0,0,4,0,1,2,2,2,2,3,1,4,0,2,1,1,1,3,4,4,0,2,1,2,1,2,0,0,4,1,3,0,3,3,0,0,0,1,4,3,1,0,3,4,0,0,0,2,0,2,2,2,2,2,1,2,2,2,2,1,1,3,2,2,0,3,0,0,0,0,0,0,2,4,1,2,2,0,1,3,3,0,2,1,3,2,3,2,3,3,0,3,0,2,3,4,2,2,3,2,3,0,2,2,2,3,3,4,2,3,2,4,3,3,1,2,1,3,3,3,3,3,0,4,4,4,2,2,2,2,1,3,2,1,0,0,1,2,0,4,0,0,1,4,3,0"
10,1.3777242174253368,"3,0,2,2,1,4,3,1,4,0,4,4,4,3,2,4,2,3,3,2,3,4,0,3,0,3,0,3,3,0,3,0,4,0,1,1,1,1,1,2,3,2,0,2,2,4,4,2,0,2,3,2,3,2,3,0,1,0,2,2,1,0,2,1,0,0,3,0,3,1,2,3,3,3,0,0,3,4,1,0,3,4,1,2,0,3,0,4,3,2,4,0,0,2,1,4,2,3,3,2,2,2,0,2,3,3,4,1,3,2,3,2,1,3,1,0,1,2,0,0,3,3,2,3,4,2,2,1,1,3,3,0,0,0,4,0,1,2,2,2,2,3,1,4,0,2,1,1,1,3,4,4,0,2,1,2,1,2,0,0,4,1,3,0,3,3,0,0,0,1,4,3,1,0,3,4,0,0,0,2,0,2,2,2,2,2,1,2,2,2,2,1,1,3,2,2,0,3,0,0,0,0,0,0,2,4,1,2,2,0,1,3,3,0,2,1,3,2,3,2,3,3,4,3,0,2,3,4,2,2,4,2,3,0,2,2,2,3,3,1,2,3,2,4,3,3,1,2,1,3,3,3,3,3,0,4,4,4,2,2,2,2,1,3,2,1,0,0,1,2,0,4,0,0,1,4,3,0"
11,1.377524048437419,"3,0,2,2,1,4,3,1,4,0,4,4,4,3,2,4,2,3,3,2,3,4,0,3,0,3,0,3,3,0,3,0,4,0,1,1,1,1,1,2,3,2,0,2,2,4,4,2,0,2,3,2,3,2,3,0,1,0,2,2,1,0,2,1,0,0,3,0,3,1,2,3,3,3,0,0,0,4,1,0,3,4,1,2,0,3,0,4,3,2,4,0,0,2,1,4,2,3,3,2,2,2,3,2,3,3,4,1,3,2,3,2,1,3,4,0,1,2,0,0,3,3,2,3,4,2,2,1,1,3,3,0,0,0,4,0,1,2,2,2,2,3,1,4,0,2,1,1,1,3,4,4,0,2,1,2,1,2,0,1,4,1,3,0,3,3,0,0,0,1,2,3,1,4,3,4,0,0,0,2,0,2,2,2,2,2,1,2,2,2,2,1,1,3,2,2,0,3,0,0,0,2,0,0,2,4,1,2,2,0,1,3,3,0,2,1,3,2,3,2,3,3,0,3,0,2,3,4,2,2,3,2,3,0,2,2,2,3,3,4,2,3,2,4,3,3,2,2,1,3,3,3,3,3,0,4,4,4,2,2,2,2,1,3,2,1,0,0,1,2,4,3,1,0,1,4,3,1"
12,1.3798455518548385,"3,0,2,2,1,4,3,1,4,0,4,4,4,3,2,4,2,3,3,2,3,4,0,3,0,3,0,3,3,0,3,0,4,0,1,1,1,1,2,2,3,2,0,2,2,4,4,2,0,2,3,2,3,2,3,0,1,0,2,2,1,0,2,1,0,0,3,0,3,1,2,3,3,3,0,0,3,4,1,0,3,3,1,2,0,3,0,4,3,2,4,0,0,2,1,4,2,3,3,2,2,2,0,2,3,3,4,1,3,2,3,2,1,3,1,0,1,2,0,0,3,3,2,3,4,2,2,1,1,3,3,0,0,0,4,0,1,2,2,2,2,3,1,4,0,2,1,1,1,3,4,4,0,2,1,2,1,1,0,0,4,1,3,0,2,3,0,0,0,1,4,3,1,0,3,4,0,0,0,2,0,2,2,2,2,2,1,2,2,2,2,1,1,3,2,2,0,3,0,0,0,0,0,0,2,4,1,2,2,0,1,3,4,0,2,1,3,2,3,2,3,3,0,3,0,2,3,2,2,2,3,2,3,0,2,2,2,3,3,4,2,3,2,4,3,3,2,2,1,3,3,3,3,3,0,4,4,4,2,2,2,2,1,3,2,1,0,2,1,2,3,3,1,0,1,4,3,1"
13,1.380761361577028,"3,0,2,2,1,4,3,1,4,0,4,4,2,3,2,4,2,3,3,2,3,4,0,3,0,3,0,3,3,0,3,0,4,0,1,1,1,1,2,2,3,2,3,2,2,4,4,2,0,2,3,2,3,2,3,0,1,0,2,2,1,0,2,1,0,0,3,0,3,1,2,3,3,3,0,0,3,4,1,0,2,3,1,2,0,3,0,4,3,2,4,0,0,2,1,4,2,3,3,2,2,2,0,2,3,3,4,1,3,2,3,2,1,3,1,0,1,2,0,0,3,3,2,3,4,2,2,1,1,3,3,0,0,0,4,0,1,2,2,2,2,3,1,4,0,2,1,1,1,3,4,4,0,2,1,2,1,1,0,0,4,1,3,0,2,3,0,0,0,1,4,3,1,0,3,4,0,0,0,2,0,2,2,2,2,2,1,2,2,2,2,1,1,3,2,2,0,3,0,0,0,0,0,0,2,4,1,2,2,0,1,3,4,0,2,1,3,2,3,2,3,3,0,3,0,2,3,2,2,2,3,2,3,0,2,2,2,3,3,4,2,3,2,4,3,3,2,2,1,3,3,3,3,3,0,3,4,4,2,2,2,2,1,3,2,1,0,2,1,2,3,3,1,0,1,4,3,1"
14,1.3802713882798356,"3,0,2,0,1,4,3,1,4,0,4,4,2,3,0,4,2,3,3,2,3,4,0,3,0,3,0,3,3,0,3,4,4,0,1,1,1,1,2,2,3,2,3,2,2,4,4,2,0,2,3,2,3,2,3,0,1,0,2,2,1,0,2,1,0,0,3,0,3,1,2,3,3,3,0,0,3,4,1,0,1,3,1,2,0,3,0,4,3,2,4,0,0,2,1,4,2,3,3,2,2,2,0,2,3,3,4,1,3,2,3,2,1,3,1,0,1,2,0,0,3,3,2,3,4,2,2,1,1,3,3,0,0,0,4,0,1,2,2,2,2,3,1,4,0,2,1,1,1,3,4,4,1,2,1,2,1,1,0,0,4,1,3,0,2,3,0,0,0,1,4,3,1,0,3,4,0,0,0,2,0,2,2,2,2,2,1,2,2,2,2,1,1,3,2,2,0,1,0,0,0,0,0,2,2,4,1,2,2,0,1,3,4,0,2,1,3,3,3,2,3,3,0,3,0,2,3,2,2,2,3,2,3,0,2,2,2,3,3,4,2,3,2,4,3,3,2,0,2,3,3,3,3,3,0,4,4,4,2,2,2,2,1,3,2,1,0,0,1,2,3,3,1,0,1,4,3,1"
15,1.381640567273887,"3,0,2,0,1,4,3,1,4,0,4,4,4,3,2,4,2,3,3,2,3,4,0,3,0,3,0,3,3,0,3,0,4,0,1,1,1,2,1,2,1,2,0,2,2,4,1,2,0,2,3,2,3,2,3,0,1,0,2,2,1,0,2,1,0,0,3,0,3,1,2,3,3,3,0,0,3,4,1,0,3,3,1,2,0,3,0,4,3,2,4,0,0,2,1,4,2,3,3,2,2,2,0,2,1,3,4,2,3,1,3,2,1,3,2,0,1,2,0,0,3,3,2,3,4,2,1,1,1,3,3,2,0,0,4,0,1,2,2,2,2,3,1,4,0,2,1,3,1,1,4,4,0,4,1,2,4,2,0,0,4,1,3,0,3,0,0,0,0,1,4,3,1,1,3,4,0,0,0,2,0,2,2,2,2,2,1,2,2,2,2,1,1,3,2,2,0,3,0,0,0,0,0,0,2,4,1,2,2,0,1,0,4,0,2,1,3,3,0,2,3,3,0,3,0,2,3,2,2,2,3,2,3,0,2,2,2,3,3,4,2,3,2,4,3,3,2,2,1,3,3,3,3,3,0,3,4,2,2,2,2,2,1,3,2,1,0,2,1,2,3,3,1,0,1,4,3,1"
16,1.3819486217097297,"3,0,2,0,1,4,3,4,4,0,4,4,4,3,2,4,2,3,3,2,3,4,0,3,0,3,0,3,3,0,3,4,4,0,1,1,1,1,2,2,3,2,3,2,2,4,4,2,0,2,3,2,3,2,3,0,2,0,2,2,1,0,2,1,0,2,3,0,3,1,2,3,3,3,0,0,3,4,1,0,1,3,1,2,0,3,0,4,3,2,4,0,0,2,1,4,2,3,3,2,2,2,0,2,3,3,4,1,3,2,3,2,1,3,1,0,1,2,0,0,3,3,2,3,0,2,1,1,1,3,3,0,0,0,4,0,1,2,2,2,2,3,1,4,2,3,1,1,1,3,4,4,0,2,1,2,2,2,0,0,4,1,3,0,3,3,0,0,0,1,4,3,1,0,4,4,0,0,2,2,0,2,2,2,1,2,1,2,2,2,2,1,1,3,2,2,0,3,0,0,0,0,0,0,2,4,1,2,2,0,1,3,4,0,2,1,3,2,3,2,3,3,0,3,0,2,3,2,2,2,3,2,3,0,2,2,2,3,2,4,2,3,2,4,3,3,2,2,1,3,3,3,3,3,0,3,4,2,2,2,2,2,1,3,2,1,0,2,1,2,3,3,1,0,1,4,3,1"
17,1.3838585862751451,"3,0,2,0,1,4,3,4,4,0,4,4,2,3,0,4,2,3,3,2,3,4,0,3,0,3,0,3,3,0,3,4,4,0,1,1,1,1,2,2,3,2,3,2,2,4,4,2,0,2,3,2,3,2,3,0,2,0,2,2,1,0,2,1,0,2,3,0,3,1,2,3,3,3,0,0,3,4,1,0,3,3,1,2,3,3,0,4,3,2,0,0,0,2,1,4,2,3,3,2,2,2,0,2,1,3,4,2,3,2,3,2,1,3,2,0,4,2,0,0,3,3,2,3,4,2,1,1,1,3,3,2,0,0,4,0,1,2,2,2,2,3,1,4,0,2,1,3,1,3,4,4,0,2,1,2,4,2,0,0,4,1,3,0,3,4,0,0,0,1,4,3,1,1,3,4,0,0,0,2,0,2,2,2,2,2,1,2,2,2,2,1,3,3,2,2,0,3,0,0,0,0,4,0,2,4,1,1,2,0,1,3,4,0,2,1,3,2,3,2,3,3,0,3,0,2,3,2,2,2,3,2,3,0,2,2,2,3,2,4,2,3,2,4,3,3,2,3,1,3,3,3,3,3,0,3,4,4,2,2,0,2,1,3,2,1,0,2,1,2,3,3,1,0,1,4,3,1"
18,1.3857713313305848,"3,0,2,0,1,4,3,4,4,0,4,4,2,3,0,4,2,3,3,2,3,4,0,3,0,3,0,3,3,0,3,4,4,0,1,1,1,3,2,2,3,2,3,2,2,4,4,2,0,2,3,2,3,2,3,0,2,0,2,2,1,0,2,1,0,2,3,0,3,1,1,3,3,3,0,0,3,4,1,0,3,3,1,2,3,3,0,4,3,2,0,0,0,2,1,4,2,3,3,2,2,2,0,2,1,3,4,2,3,2,3,2,1,3,2,0,4,2,0,0,3,3,2,3,4,2,1,1,1,3,3,2,0,0,4,0,1,2,2,2,2,3,1,4,0,2,1,3,1,3,4,4,0,2,1,2,4,2,0,0,4,1,3,0,3,4,0,0,0,1,4,3,1,1,3,4,0,0,0,2,0,2,2,2,2,2,3,2,2,2,2,1,1,3,2,2,0,3,0,0,0,0,0,0,2,4,1,2,2,0,1,3,4,0,2,1,3,2,3,2,3,3,0,3,0,2,3,2,2,2,3,2,3,0,2,2,2,3,2,4,2,3,2,4,3,3,2,3,3,3,3,3,4,3,0,3,4,2,3,2,2,2,1,2,2,1,0,2,1,2,3,3,1,0,1,4,3,1"
19,1.3856313043244428,"3,0,2,0,1,4,3,4,4,0,4,4,2,3,0,4,2,3,3,2,3,4,0,3,0,3,0,3,3,0,3,4,4,0,1,1,1,3,2,2,3,2,3,2,2,4,4,2,0,2,3,2,3,2,3,0,2,0,2,2,1,0,2,1,0,2,3,0,3,1,1,3,3,3,0,0,3,4,1,0,3,3,1,2,3,3,0,4,3,2,0,0,0,2,1,4,2,3,3,2,2,2,0,2,1,3,4,2,3,2,3,2,1,3,2,0,4,2,0,0,3,3,2,3,4,2,1,1,1,3,3,2,0,0,3,0,1,2,2,2,2,3,1,4,0,2,1,3,1,3,4,4,1,2,1,2,4,2,0,0,4,1,3,0,3,3,0,0,0,1,4,3,1,1,3,0,0,0,0,2,0,2,2,2,2,2,1,2,2,2,2,1,2,3,2,2,0,3,0,0,0,0,0,0,2,4,1,2,2,0,1,3,4,0,2,1,3,2,3,2,3,3,0,3,0,2,3,2,2,2,3,2,3,0,2,2,2,3,2,4,2,3,2,4,3,3,2,3,3,3,3,3,3,3,0,3,4,4,2,2,0,2,1,3,2,1,0,2,1,2,3,3,1,0,0,4,3,1"
20,1.3868107758191561,"3,0,2,0,1,4,3,4,4,0,4,4,2,3,0,4,2,3,3,2,3,4,0,3,0,3,0,3,3,0,3,4,4,0,1,1,1,3,2,2,3,2,3,2,2,4,4,2,0,2,3,2,3,2,3,0,2,0,2,2,1,0,2,1,0,2,3,0,3,1,1,3,3,3,0,0,3,4,1,0,3,3,1,2,3,3,0,4,3,2,0,0,0,2,1,4,2,3,3,2,2,2,0,2,1,3,4,2,3,2,3,2,1,3,2,0,4,2,0,0,3,3,2,3,4,2,1,1,1,3,3,2,0,0,3,0,1,2,2,2,2,3,1,4,0,2,1,3,1,3,4,4,1,2,1,2,4,2,0,0,4,1,3,0,3,4,0,0,0,1,4,4,1,1,3,4,0,0,0,2,0,2,2,2,2,2,1,2,2,2,2,1,3,3,2,2,0,3,0,0,0,0,0,0,2,4,1,2,2,0,1,3,4,0,2,1,3,2,3,2,3,3,0,3,0,2,3,2,2,2,3,2,3,0,2,2,2,3,2,4,2,3,2,4,3,3,2,3,2,3,3,3,4,3,0,3,4,2,2,2,2,2,1,2,2,1,0,2,1,2,3,3,4,0,1,4,3,1"
21,1.3865371893467513,"3,0,2,0,1,4,3,4,4,0,4,4,2,3,0,4,2,3,3,2,3,4,0,3,0,3,0,3,3,0,3,4,4,0,1,1,1,3,2,2,3,2,3,2,2,4,4,2,0,2,3,2,3,2,3,0,2,0,2,2,1,0,2,1,2,2,3,0,3,1,1,3,3,3,0,0,3,4,1,0,3,3,1,2,3,3,0,4,3,2,0,0,0,2,1,4,2,3,3,2,2,2,0,2,1,3,4,2,3,2,3,2,1,3,2,0,4,2,0,0,3,3,2,3,4,2,1,1,1,3,3,2,0,0,3,0,1,2,2,2,2,3,1,4,0,2,1,3,1,3,4,4,1,2,1,2,4,2,0,0,4,1,3,0,3,3,0,0,0,1,4,0,1,1,3,0,0,0,0,2,0,2,2,2,2,2,1,2,2,2,2,1,2,3,2,2,0,3,0,0,0,0,0,0,2,4,1,2,2,0,1,3,4,0,2,1,3,2,3,2,3,3,0,3,0,2,3,2,2,2,3,2,3,0,2,2,2,3,2,4,2,3,2,4,3,3,2,3,3,3,3,3,3,3,0,3,4,4,2,2,0,2,1,3,2,1,0,2,1,2,3,3,1,0,1,4,3,1"
22,1.3889722769396997,"3,0,2,0,1,4,3,4,4,0,4,4,2,3,0,4,2,3,3,2,3,4,0,3,0,3,0,3,3,0,3,4,4,0,1,1,1,3,2,2,3,2,3,2,2,4,4,2,0,2,3,2,3,2,3,0,2,0,2,2,1,0,2,3,2,2,3,0,3,1,1,3,3,3,0,0,3,4,1,0,3,3,1,2,3,3,0,1,3,2,0,0,0,2,1,4,2,3,3,3,2,2,0,2,1,3,4,2,3,2,3,2,1,3,2,1,4,2,0,0,3,3,2,3,4,2,1,1,1,3,3,2,3,0,3,1,1,2,2,2,2,3,1,4,0,3,1,3,1,3,4,4,1,2,1,2,4,2,0,0,4,1,3,0,3,4,0,0,0,1,4,4,1,1,3,4,0,0,0,2,0,2,2,2,2,2,1,2,2,2,2,1,3,3,2,2,0,3,0,0,0,0,0,0,2,4,1,2,2,0,1,3,4,0,2,1,3,2,3,2,3,3,3,3,0,2,3,2,2,2,3,2,3,0,2,2,2,3,2,4,2,3,2,4,3,3,2,3,3,3,3,3,4,3,0,3,4,2,2,2,2,2,2,2,2,1,0,2,1,2,3,3,4,0,1,4,3,1"
23,1.3893821778129514,"3,0,2,0,1,4,3,4,4,0,4,4,2,3,0,4,2,3,3,2,3,4,0,3,0,3,0,3,3,0,3,4,4,0,1,1,1,3,2,2,3,2,3,2,2,4,4,2,0,2,3,2,3,2,3,0,2,0,2,2,1,0,2,3,2,2,3,0,3,1,1,3,3,3,3,0,3,4,1,0,3,3,1,2,3,3,0,1,3,2,0,0,0,2,1,4,2,3,3,3,2,2,0,2,1,3,4,2,3,2,3,2,1,3,2,1,4,2,0,0,3,3,2,3,4,2,1,1,1,3,3,2,3,0,3,1,1,2,2,2,2,3,1,4,0,3,1,3,1,3,4,4,1,2,3,2,4,2,0,0,4,1,3,0,3,4,0,0,0,1,4,4,1,1,3,4,0,0,0,2,0,2,2,2,2,2,1,2,2,2,2,1,3,3,2,2,0,2,0,0,0,0,0,0,2,4,1,2,2,0,1,3,4,0,2,1,3,2,3,2,3,3,3,3,0,2,3,2,2,2,3,2,3,0,2,2,2,3,2,4,2,3,2,4,3,3,2,3,3,3,3,3,4,3,0,3,4,2,2,2,2,2,2,2,2,1,0,2,1,2,3,3,4,0,1,4,3,1"
24,1.3912495816114543,"3,0,2,0,1,4,3,3,4,0,4,4,2,3,0,4,2,3,3,2,3,4,0,3,0,3,0,3,3,2,3,4,4,0,1,1,1,3,2,2,3,2,3,2,2,4,4,2,0,2,3,2,3,2,3,0,2,0,2,2,1,0,2,3,2,2,3,0,3,1,1,3,3,3,3,0,3,4,1,0,3,3,0,2,3,3,0,1,3,2,0,0,0,2,1,4,2,3,3,3,2,2,0,2,1,3,4,2,3,2,3,2,1,3,2,1,4,2,0,0,3,3,2,3,4,2,1,1,1,3,3,2,3,0,3,1,1,2,2,2,2,3,1,4,0,3,1,2,1,3,4,4,1,2,3,2,4,2,0,0,4,1,3,0,3,4,0,0,0,1,4,4,1,1,3,4,0,0,0,2,0,2,2,2,2,2,3,2,2,2,2,1,3,3,2,2,0,3,0,0,0,0,0,0,2,4,1,2,2,0,1,3,2,0,2,1,3,2,3,2,3,3,3,3,0,2,3,2,2,2,3,2,3,0,2,2,2,3,2,2,2,3,2,0,3,3,2,3,3,3,3,3,4,3,1,3,4,2,2,2,2,2,2,2,2,2,0,2,1,2,3,3,4,0,1,4,3,1"
25,1.391442550873021,"3,0,2,0,1,4,3,3,4,0,4,4,2,3,0,4,2,3,3,2,3,4,0,3,0,3,0,3,3,2,3,4,4,0,1,1,1,3,2,2,3,2,3,2,2,4,4,3,0,2,3,2,3,2,3,0,2,0,2,2,1,0,2,3,2,2,3,0,3,1,1,3,3,3,3,0,3,4,1,0,3,3,2,2,3,3,0,1,3,2,0,0,0,2,1,4,2,3,3,3,2,2,0,2,1,3,4,2,3,2,3,2,1,3,2,1,4,2,0,0,3,3,2,3,4,2,1,1,1,3,3,2,3,0,3,1,1,2,2,2,2,3,1,4,0,3,1,2,1,3,4,4,1,2,3,2,4,2,0,0,4,1,3,0,3,4,0,0,0,1,4,4,1,1,3,4,0,0,0,2,0,2,2,2,2,2,3,2,2,2,2,1,3,3,2,2,0,3,0,0,0,0,0,0,2,4,1,2,2,0,1,3,2,0,2,1,3,2,3,2,3,3,3,3,0,2,3,2,2,2,3,2,3,0,2,2,2,3,2,2,2,3,2,0,3,3,2,3,3,3,3,3,4,3,1,3,4,2,2,2,2,2,3,2,2,2,0,2,1,2,3,3,4,0,1,4,3,1"
26,1.3908169718864554,"3,0,2,0,1,4,3,3,4,0,4,4,2,3,0,4,2,3,3,2,3,4,0,3,0,3,0,3,3,2,3,4,4,0,1,1,1,3,2,2,3,2,3,2,2,4,4,3,0,2,3,2,3,2,3,0,2,0,2,2,1,0,2,3,2,2,3,0,3,1,1,3,3,3,3,0,3,4,1,0,3,3,2,2,3,3,0,1,3,2,0,0,0,2,1,4,2,3,3,3,2,2,0,2,1,3,4,2,3,2,3,2,1,3,2,1,4,2,0,0,3,3,2,3,4,2,1,1,1,3,3,2,3,0,3,1,1,2,2,2,2,3,1,4,0,3,1,2,1,3,4,4,1,2,3,2,4,2,0,0,4,1,3,0,3,4,0,0,0,1,4,4,1,1,3,4,0,0,0,2,0,2,2,2,2,2,3,2,2,2,2,1,3,3,2,2,0,3,0,0,0,0,0,0,2,4,1,2,2,0,1,3,2,0,2,1,3,2,3,2,3,3,3,3,0,2,3,2,2,1,3,2,3,0,2,2,2,3,2,2,2,3,2,0,4,3,2,3,3,3,3,3,4,3,1,3,4,2,1,2,2,2,2,2,2,3,0,2,2,2,3,3,4,0,1,4,3,1"
27,1.3927469488184405,"3,0,2,0,1,4,3,3,4,0,4,4,2,3,0,4,2,3,3,2,3,4,0,3,0,3,0,3,3,2,3,4,4,0,1,1,1,3,2,2,3,2,3,2,2,4,4,3,0,2,3,2,3,2,3,0,2,0,2,2,1,0,2,3,2,2,3,0,3,1,1,3,3,3,3,0,3,4,1,0,3,3,0,2,3,3,0,1,3,2,0,0,0,2,1,4,2,3,3,3,2,2,0,2,1,3,4,2,3,2,3,2,1,3,2,1,2,3,0,0,3,3,2,3,4,2,1,1,1,3,3,2,3,0,3,4,1,2,2,2,2,3,1,4,0,3,1,2,1,3,4,4,1,1,3,2,4,2,0,0,4,1,3,0,3,4,0,0,0,1,4,4,1,1,3,4,0,0,0,2,3,2,2,2,2,2,3,2,2,2,2,1,3,3,2,2,0,3,0,0,0,0,0,0,2,4,1,2,2,0,1,3,2,0,2,1,3,2,3,2,3,3,3,3,0,2,3,2,2,2,3,2,3,0,2,2,2,3,2,2,2,3,2,0,3,3,3,3,3,3,3,3,4,3,1,2,4,2,0,2,2,2,2,2,2,2,0,2,1,2,3,3,4,0,1,4,3,0"
28,1.3940479311938485,"3,0,2,3,1,4,3,3,4,0,4,4,2,3,0,4,2,3,3,2,3,4,0,3,0,3,3,3,3,2,3,4,4,0,1,1,1,3,2,2,3,2,3,2,2,4,4,3,0,2,3,2,3,2,3,0,2,0,2,2,1,0,2,3,2,2,3,0,3,1,1,3,3,3,3,0,3,4,1,0,3,3,0,2,3,3,0,1,3,2,0,0,0,2,1,4,2,3,3,3,2,2,0,2,1,3,4,2,3,2,3,2,1,3,2,1,2,3,0,0,3,3,2,3,4,2,1,1,1,3,3,2,3,0,3,4,1,2,2,2,2,3,1,4,0,3,1,2,1,3,4,4,1,1,3,2,4,2,0,0,4,1,3,0,3,4,0,0,0,1,4,4,1,1,3,4,0,0,0,2,3,2,2,2,2,2,3,2,2,2,2,1,3,3,2,2,0,3,0,0,0,0,0,0,2,4,1,2,2,0,3,3,2,0,2,1,3,2,2,2,3,3,3,3,0,2,3,2,2,2,3,2,3,0,2,2,2,3,2,2,2,3,2,0,3,3,3,3,3,3,3,3,4,3,1,2,4,2,0,2,2,2,2,2,2,2,0,2,3,2,3,3,4,0,1,4,3,0"
29,1.3949296073334008,"3,0,2,3,1,4,3,3,4,0,4,4,2,3,0,4,2,3,3,2,3,4,0,3,0,3,3,3,3,2,3,4,4,0,1,1,1,3,2,2,3,2,3,2,2,4,4,3,0,2,3,2,3,2,3,0,2,0,2,2,1,0,2,3,2,2,3,0,3,1,1,3,3,3,3,0,3,4,1,0,3,3,0,2,3,3,0,1,3,2,0,0,0,2,1,4,2,3,3,3,2,2,0,2,1,3,4,2,3,2,3,2,1,3,2,1,2,3,0,0,3,3,2,3,4,2,1,1,1,3,3,2,3,0,3,4,1,2,2,2,2,3,1,4,0,3,1,2,1,3,4,4,1,1,3,2,2,2,0,0,4,1,3,0,3,4,0,0,0,1,4,4,1,1,3,2,0,0,0,2,3,2,2,2,2,2,3,2,2,2,2,1,3,3,2,2,3,3,0,0,0,0,0,0,2,4,4,2,0,0,3,3,2,0,2,1,3,2,2,2,3,3,3,3,0,2,3,2,2,2,3,2,3,0,2,2,2,3,2,2,2,3,2,0,3,3,3,3,3,3,3,3,4,3,1,2,4,2,0,2,2,2,2,2,2,2,0,2,3,2,3,3,4,0,1,4,3,0"
30,1.3938466993814997,"3,0,2,3,1,4,3,3,4,0,4,4,2,3,0,4,2,3,3,2,3,4,0,3,0,3,3,3,3,2,3,4,4,0,1,1,1,3,2,2,3,2,3,2,2,4,4,3,0,2,3,2,3,2,3,0,2,0,2,2,1,0,2,3,2,2,3,0,3,1,1,3,3,3,3,0,3,4,1,0,3,3,0,2,3,3,0,1,3,2,0,0,3,2,1,4,2,3,3,3,2,2,0,2,1,3,4,2,3,2,3,2,1,3,2,1,2,3,0,0,3,3,2,3,4,2,1,1,1,3,3,2,3,0,3,4,1,2,2,2,2,3,1,4,0,3,1,2,1,3,4,4,1,1,3,2,4,2,0,0,4,1,3,0,3,4,0,0,0,1,4,4,1,1,3,4,0,0,0,2,3,2,2,2,2,2,3,2,2,2,2,1,3,3,2,2,0,3,0,0,3,0,0,0,2,4,1,2,2,0,3,3,2,0,2,1,3,2,2,4,3,3,3,3,0,2,3,2,2,2,3,2,3,0,2,2,2,3,2,2,2,3,2,0,3,3,3,3,3,3,3,3,4,3,1,2,4,2,0,2,2,2,2,2,2,2,0,2,3,2,3,3,4,0,1,4,3,0"
31,1.395574388870025,"3,0,2,3,1,4,3,3,4,0,4,4,2,3,0,4,2,3,3,2,3,4,0,3,0,3,3,3,3,2,3,4,4,0,1,1,1,3,2,2,3,2,3,2,2,4,4,3,0,2,3,2,3,2,3,0,2,0,2,2,1,0,2,3,2,2,3,0,3,1,1,3,3,3,3,3,3,4,1,0,3,3,0,2,3,3,0,1,3,2,0,0,3,2,1,4,2,3,3,3,2,2,0,2,1,3,4,2,3,2,3,2,1,3,2,3,2,3,0,0,3,0,2,3,4,2,1,1,1,3,3,2,3,0,3,4,1,2,2,2,2,3,1,4,0,3,1,2,1,3,4,4,1,1,3,2,3,2,0,0,4,1,3,0,3,4,0,0,0,1,4,4,1,1,3,4,0,0,0,2,3,2,2,2,2,2,3,2,2,2,2,1,3,3,2,2,0,3,0,0,0,0,0,0,2,4,4,2,0,0,3,3,2,0,2,1,3,2,2,2,3,3,3,3,0,2,3,2,2,2,3,2,3,0,2,2,2,3,2,2,2,3,2,0,3,3,3,3,3,3,3,3,4,3,1,2,4,2,0,2,2,2,2,2,2,2,0,2,3,2,3,3,4,0,1,4,3,0"
32,1.3953518847736148,"3,0,2,3,0,4,3,3,4,0,4,4,2,3,0,4,2,3,3,2,3,4,0,3,0,3,3,3,3,2,3,4,4,0,1,1,1,3,2,2,3,2,3,2,2,4,4,3,0,2,3,2,3,2,3,0,2,0,2,2,1,0,2,3,2,2,3,0,3,1,1,3,3,3,3,3,3,4,1,0,3,3,0,2,3,3,0,1,3,2,0,0,3,2,1,4,2,3,3,3,2,2,0,2,1,3,4,2,3,2,3,2,1,3,2,3,2,3,0,0,3,0,2,3,4,2,1,1,1,3,3,2,3,0,3,4,1,2,2,2,2,3,1,4,0,3,1,2,1,3,4,4,1,1,3,2,3,2,0,0,4,1,3,0,3,4,0,0,0,1,1,4,1,1,3,4,0,0,0,2,3,2,2,2,2,2,3,2,2,2,2,1,3,3,2,2,0,3,0,0,0,0,0,0,2,4,4,2,0,0,3,3,2,0,2,1,3,2,2,2,3,3,3,3,0,2,3,1,2,2,3,2,3,0,2,2,2,3,2,2,2,3,2,0,3,3,3,3,3,3,3,3,4,3,1,2,4,2,0,2,2,1,2,2,2,2,0,2,3,2,3,3,2,0,1,4,3,0"
33,1.3953503329964374,"3,0,2,3,0,4,3,3,4,0,4,4,2,3,0,4,2,3,3,2,3,4,0,3,0,3,3,3,3,2,3,4,4,0,1,1,1,3,2,2,3,2,3,2,2,4,4,3,0,2,3,2,3,2,3,0,2,0,2,2,1,0,2,3,2,2,3,0,3,1,1,3,3,3,3,3,3,4,1,0,3,3,0,2,3,3,0,1,3,2,0,0,3,2,1,4,2,3,3,3,0,2,0,2,1,3,4,2,3,2,3,2,1,3,2,3,2,3,0,0,3,3,2,3,4,2,1,1,1,3,3,2,3,0,3,4,1,2,2,2,2,3,1,4,0,3,1,2,1,3,4,4,1,1,3,2,3,2,0,0,4,1,3,0,3,4,0,0,0,1,1,4,1,1,3,4,0,0,0,2,3,2,2,2,2,2,3,2,2,2,2,1,3,3,2,2,0,3,0,0,0,0,0,0,2,4,4,2,0,0,3,3,2,0,2,1,3,2,2,2,3,3,3,3,0,2,3,1,2,2,3,2,3,0,2,2,2,3,2,2,2,3,2,0,3,3,3,3,3,3,3,3,4,3,1,2,4,2,0,2,2,1,2,2,2,2,0,2,3,2,3,3,2,0,1,4,3,0"
34,1.3967033919746545,"3,0,2,3,0,4,3,3,4,0,4,4,2,3,0,4,2,3,3,2,3,4,0,3,0,3,3,3,3,2,3,4,4,4,1,1,1,3,2,2,2,2,3,2,2,4,4,3,0,2,3,2,3,2,3,0,2,0,2,2,1,0,2,3,2,2,3,0,3,1,1,3,3,3,3,3,3,4,1,0,3,3,0,2,3,3,0,1,3,2,0,0,3,2,1,4,2,3,3,3,2,2,0,2,1,3,4,2,3,2,3,2,1,3,2,1,2,3,0,0,3,3,2,2,4,2,1,1,1,3,3,2,3,0,3,4,1,2,2,2,2,3,1,4,0,3,2,2,1,3,4,4,1,1,3,2,3,2,0,0,4,1,3,0,3,4,0,0,0,1,4,4,1,1,3,4,0,0,0,2,3,2,2,2,2,2,3,2,2,2,2,1,3,3,2,2,0,3,0,0,0,0,0,0,2,0,1,2,0,0,3,3,3,0,2,1,3,2,2,3,3,3,3,3,0,2,3,2,2,2,3,2,3,0,2,4,2,3,2,2,2,3,2,0,3,3,3,3,3,3,3,3,4,3,1,2,0,2,0,2,2,2,2,2,3,2,0,2,3,2,3,3,4,0,1,4,3,0"
35,1.3973678784979375,"3,0,2,3,0,4,3,3,4,0,4,4,2,3,0,4,2,3,3,2,3,4,0,3,0,3,3,3,3,2,3,4,4,4,1,1,1,3,2,2,2,2,3,2,2,4,4,3,0,2,3,2,3,2,3,0,2,0,2,2,1,0,2,3,2,2,3,0,3,1,1,3,3,3,3,3,3,4,1,0,3,3,0,2,3,3,0,1,3,2,0,0,3,2,1,4,2,3,3,3,2,2,0,2,1,3,4,2,3,2,3,2,1,3,2,1,2,3,0,0,3,3,2,3,4,2,1,1,1,3,3,2,3,0,3,4,1,2,2,2,2,3,1,4,0,3,3,2,1,3,4,4,1,1,3,2,3,2,0,0,4,1,3,0,3,4,0,0,0,4,1,4,1,1,3,4,0,0,0,2,3,2,2,2,2,2,3,2,2,2,2,1,3,3,2,2,0,3,0,0,0,0,0,0,0,4,4,2,0,0,3,3,2,0,2,4,3,2,2,2,3,3,3,3,0,2,3,2,2,2,3,2,3,0,2,2,2,3,2,2,2,3,2,0,3,3,3,3,3,3,3,3,4,3,1,2,3,2,0,2,2,1,2,2,2,2,0,2,3,2,3,3,2,0,1,4,3,0"
36,1.3977171512621136,"3,0,2,3,0,4,3,3,4,0,4,4,2,3,0,4,2,3,3,2,3,0,0,3,0,3,3,3,3,2,3,4,4,4,1,1,1,3,2,2,2,2,3,2,2,4,4,3,0,2,3,2,3,2,3,0,2,0,2,2,1,0,2,3,2,2,3,0,3,1,1,3,3,3,3,3,3,4,1,0,3,3,0,2,3,3,0,1,3,2,0,0,3,2,1,4,2,3,3,3,2,2,0,2,1,3,4,2,3,2,3,2,1,3,2,1,2,3,0,0,3,3,2,3,4,2,1,1,1,3,3,2,3,0,3,4,1,2,2,2,2,3,1,4,0,3,3,2,1,3,4,4,1,1,3,2,3,2,0,0,4,1,3,0,3,4,0,0,0,4,1,4,1,1,3,4,0,0,0,2,3,2,2,2,2,2,3,2,2,2,2,1,3,3,2,2,0,3,0,0,0,0,0,0,0,4,4,2,0,0,3,3,2,0,2,4,3,2,2,2,3,3,3,3,0,2,3,2,2,2,3,2,3,0,2,2,2,3,2,2,2,3,2,0,3,3,3,3,3,3,3,3,4,3,1,2,3,2,0,2,2,1,2,2,2,2,0,2,3,2,3,3,2,0,1,4,3,0"
37,1.3976592750906378,"3,0,2,3,0,4,3,3,4,0,4,4,2,3,0,4,2,3,3,2,3,0,0,3,0,3,3,3,3,2,3,4,4,4,1,1,1,3,2,2,2,2,3,2,2,4,4,3,0,2,3,2,3,2,3,0,2,0,2,2,1,0,2,3,2,2,3,0,3,1,1,3,3,3,3,3,3,4,1,0,3,3,0,2,4,3,0,1,3,2,0,0,3,2,1,4,2,3,3,3,2,2,0,2,1,3,4,2,3,2,3,2,1,3,2,1,2,3,0,0,3,3,2,3,4,2,1,1,1,3,3,2,3,0,3,4,1,2,2,2,2,3,1,4,0,3,3,2,1,3,4,4,1,1,3,2,3,2,0,0,4,1,3,0,3,4,0,0,0,4,1,4,1,1,3,4,0,0,0,2,3,2,2,2,2,2,3,2,2,2,2,1,3,3,2,2,0,0,0,0,0,0,0,0,0,0,1,2,0,0,3,3,3,0,2,1,3,2,2,3,3,3,3,3,0,2,3,2,2,2,3,2,3,0,2,2,2,3,2,2,2,3,2,0,3,3,3,3,3,3,3,3,4,3,1,2,0,2,0,2,2,2,2,2,3,2,0,2,3,2,3,3,4,0,1,4,3,0"
38,1.3979572666150624,"3,0,2,3,0,4,3,3,4,0,4,4,2,3,0,4,2,3,3,2,3,0,0,3,0,3,3,3,3,2,3,4,4,4,1,1,1,3,2,2,2,2,3,2,2,4,4,2,0,2,3,2,3,2,3,0,2,3,2,2,1,0,2,3,2,2,3,0,3,1,1,3,3,3,3,3,3,4,1,0,3,3,0,2,3,3,0,1,3,2,0,0,3,4,1,4,2,3,3,3,2,2,2,2,1,3,4,2,3,2,3,2,1,3,2,1,2,3,0,0,3,3,2,2,4,2,1,1,1,2,3,2,3,0,3,4,1,2,2,2,3,3,1,4,0,3,2,2,1,3,4,4,1,1,3,2,3,2,0,0,4,1,3,0,3,4,0,0,0,4,1,4,1,1,3,4,0,0,0,2,3,2,2,2,2,2,3,2,2,2,2,1,3,3,2,2,0,0,0,0,0,0,0,0,0,0,4,2,0,0,1,3,0,0,2,1,3,2,2,3,3,3,3,3,0,2,3,2,2,2,3,2,3,0,2,2,2,3,2,2,2,3,2,0,3,3,3,3,3,3,3,3,4,3,1,2,0,2,0,2,2,2,2,2,3,2,0,2,3,2,3,3,4,0,1,4,3,0"
39,1.3992060209449027,"3,0,2,3,0,4,3,3,4,0,4,4,2,3,0,4,2,3,3,2,3,0,0,3,0,2,3,3,3,2,3,4,4,4,1,1,1,3,2,2,3,2,3,2,2,4,4,3,0,2,3,2,3,2,3,0,2,3,2,2,1,0,2,3,2,2,3,0,3,1,1,3,3,3,3,3,3,4,1,0,3,3,0,2,3,3,0,1,3,2,0,2,3,4,1,4,2,3,3,3,2,2,0,2,1,3,4,2,3,2,3,2,1,3,2,1,2,3,0,0,3,3,2,3,4,2,1,1,1,3,3,2,3,0,4,4,1,2,2,2,2,3,1,4,2,3,3,2,1,3,4,4,1,1,3,2,3,2,0,0,4,1,3,0,3,4,0,0,0,4,1,4,1,1,3,4,0,0,0,2,3,2,2,2,2,2,3,3,2,2,2,1,3,3,2,2,0,0,0,0,0,0,0,0,0,0,1,2,0,0,3,3,3,0,2,1,3,2,0,3,3,3,3,3,0,2,3,2,2,2,3,2,3,0,2,2,2,3,2,2,2,3,2,0,3,3,3,3,3,3,3,3,4,3,1,2,3,2,3,2,2,1,2,2,2,2,0,2,3,2,3,3,2,0,1,4,0,0"
40,1.3993971600718556,"3,0,2,3,0,4,3,3,4,0,4,4,2,3,0,4,2,3,3,2,3,0,0,3,2,2,3,3,3,2,3,4,4,4,1,1,1,3,2,2,3,2,3,3,2,4,4,3,0,2,3,2,3,2,3,3,2,3,1,2,1,0,2,3,2,2,3,0,3,1,1,3,3,3,3,3,3,4,1,0,3,3,0,2,3,3,0,1,3,2,0,2,3,4,1,4,2,3,3,2,2,2,0,2,1,3,4,2,3,2,3,2,1,3,2,1,2,3,0,0,3,3,2,3,4,2,1,1,1,3,3,2,3,0,3,4,1,2,2,2,2,3,3,4,2,3,3,2,1,3,4,4,1,1,3,2,3,2,0,0,4,1,3,0,3,4,0,0,0,4,1,4,1,1,3,4,0,0,0,2,3,2,2,3,2,2,3,3,2,2,2,1,3,3,2,2,0,0,0,0,0,0,0,0,0,1,1,0,0,0,3,3,3,0,2,1,3,2,0,3,3,3,3,3,0,2,3,2,2,2,3,2,3,0,2,2,2,3,2,2,2,3,2,0,4,3,3,3,3,3,3,3,0,3,1,2,3,2,3,2,2,1,2,2,2,2,0,2,3,2,3,3,2,0,1,4,3,0"
41,1.3997924576984069,"3,0,2,3,0,4,3,3,4,0,4,4,2,3,0,4,2,3,3,2,3,0,0,3,2,2,3,3,3,2,3,4,4,4,1,1,1,3,2,2,3,2,3,3,2,4,4,3,0,2,3,2,3,2,3,3,2,3,1,2,1,0,2,3,2,2,3,0,3,1,1,3,3,3,3,3,3,4,1,0,3,3,0,2,3,3,0,1,3,2,0,2,3,4,1,4,2,3,3,2,2,2,0,2,1,3,4,2,3,2,3,2,1,3,2,1,2,3,0,0,3,3,2,3,4,2,1,1,1,3,3,2,3,0,3,4,1,2,2,2,2,3,3,4,2,3,3,2,1,3,4,4,1,1,3,2,3,2,0,0,4,1,3,0,3,4,0,0,0,4,1,4,1,1,3,4,0,0,0,2,3,2,2,3,2,2,3,3,2,2,2,1,3,3,2,2,0,0,0,0,0,0,0,0,0,0,1,0,0,0,3,3,3,0,2,1,3,2,0,3,3,3,3,3,0,2,3,2,2,2,3,2,3,0,2,2,2,3,2,2,2,3,2,0,4,3,3,3,3,3,3,3,0,3,1,2,3,2,3,2,2,1,2,2,2,2,0,2,3,2,3,3,2,0,1,4,3,0"
42,1.4001219577047903,"3,0,2,3,0,4,3,3,4,0,4,4,2,3,0,4,2,3,3,2,3,0,0,3,2,2,3,3,3,2,3,4,4,4,1,1,1,3,2,2,3,2,3,2,2,4,4,3,0,2,3,2,3,2,3,0,2,3,2,2,1,0,2,3,2,2,3,0,3,1,1,3,3,3,3,3,3,4,1,0,3,3,0,2,3,3,0,1,3,2,0,2,3,4,1,4,2,3,3,3,2,2,0,2,1,3,4,2,3,2,3,2,1,3,2,1,2,3,3,0,3,3,2,3,4,2,1,1,1,3,3,2,3,0,3,4,1,2,2,2,2,3,1,4,2,3,3,2,1,3,4,4,1,1,3,2,3,2,0,0,4,1,3,0,3,4,0,0,0,4,1,4,1,1,3,4,0,0,0,2,3,2,2,4,2,2,3,3,2,2,2,1,3,3,2,2,0,0,0,0,0,0,0,0,0,0,1,0,0,0,3,3,3,0,2,1,3,2,0,3,3,3,3,3,4,2,3,2,2,2,3,2,3,0,2,2,2,3,2,2,2,3,2,0,4,3,3,3,3,3,3,3,0,3,1,2,3,3,3,2,2,3,2,2,2,0,0,2,3,2,3,3,2,0,1,4,3,0"
43,1.4013054950810049,"3,0,2,3,0,4,3,3,4,0,4,4,2,0,0,4,2,3,3,2,3,0,0,3,2,2,3,3,3,2,3,4,4,4,1,1,1,3,2,2,3,2,3,2,2,4,4,3,0,2,3,2,3,2,3,0,2,3,2,2,1,0,2,3,2,2,3,0,3,1,1,3,3,3,3,3,3,4,1,0,3,3,0,2,3,3,0,2,3,2,0,2,3,4,1,4,2,3,3,3,2,2,0,2,1,3,4,2,3,2,3,2,1,3,2,4,2,3,0,0,3,3,2,3,4,2,1,1,1,3,3,2,3,0,4,4,1,2,2,2,2,3,3,4,2,3,3,2,1,3,4,4,1,1,3,2,3,2,0,0,4,1,3,0,3,4,0,0,3,4,1,4,1,1,3,4,0,0,0,2,3,2,2,3,2,2,3,3,2,3,2,1,3,3,2,2,0,0,0,0,0,0,0,0,0,0,1,0,0,0,3,3,3,0,2,1,3,2,0,3,3,3,3,3,0,2,3,2,2,2,3,2,3,0,2,2,2,3,2,2,2,3,2,0,4,3,3,3,3,3,3,3,0,3,1,2,3,2,3,2,2,1,2,2,2,2,0,2,3,2,3,3,2,0,1,4,3,0"
44,1.4016814286498154,"3,0,2,3,0,4,3,3,4,0,4,4,2,0,3,4,2,3,3,2,3,0,0,3,2,2,3,3,3,2,3,4,4,4,1,1,1,3,2,2,3,2,3,2,2,4,4,3,0,2,3,2,3,2,3,0,2,3,2,2,1,0,2,3,2,2,3,0,3,1,1,3,3,3,3,3,3,4,1,0,3,3,0,2,3,3,0,2,3,2,0,2,3,4,1,4,2,3,3,3,2,2,0,2,1,3,3,2,3,2,3,2,1,3,2,4,2,3,0,0,3,3,2,3,4,2,1,1,1,3,3,2,3,0,4,4,1,2,2,2,2,3,3,4,2,3,3,2,1,3,4,4,1,1,3,2,3,2,0,0,4,1,3,0,3,4,0,0,3,4,1,4,1,1,3,4,0,0,0,2,3,2,2,3,2,2,3,3,2,3,2,1,3,3,2,2,0,0,0,0,0,0,0,0,0,0,1,0,0,0,3,3,3,0,2,1,3,2,0,3,3,3,3,3,0,2,3,2,2,2,3,2,3,0,2,2,2,3,2,2,2,3,2,0,4,3,3,3,3,3,3,3,0,3,1,2,3,2,3,2,3,1,2,2,2,2,0,2,3,2,3,3,2,0,1,4,3,0"
45,1.4017497297728234,"3,0,4,3,0,4,3,3,4,0,4,4,2,0,3,4,2,3,3,2,3,0,0,3,2,2,3,3,3,2,3,4,4,4,1,1,1,3,2,2,3,2,3,2,2,4,4,3,0,2,3,2,3,2,3,0,2,3,2,2,1,0,2,3,2,2,3,0,3,1,1,3,3,3,3,3,3,4,1,0,3,3,0,2,3,3,0,2,3,2,0,2,3,4,1,4,2,3,3,3,2,2,0,2,1,3,3,2,3,2,3,2,1,3,2,4,2,3,0,0,3,3,2,3,4,2,1,1,1,3,3,2,3,0,4,4,1,2,2,2,2,3,3,4,2,3,3,2,1,3,4,4,1,1,3,2,3,2,0,0,4,1,3,0,3,4,0,0,3,4,1,4,1,1,3,4,0,0,0,2,3,2,2,3,2,2,3,3,2,3,2,1,3,3,2,2,0,0,0,0,0,0,0,0,0,0,1,0,0,0,3,3,3,0,2,1,3,2,0,3,3,3,3,3,0,2,3,2,2,2,3,2,3,0,2,2,2,3,2,2,2,3,2,0,4,3,3,3,3,3,3,3,0,3,1,2,3,3,3,3,2,3,2,2,2,0,1,2,3,2,3,3,2,0,1,4,3,0"
46,1.4023432887198841,"0,0,4,2,0,4,3,3,4,0,4,4,2,0,3,4,3,3,3,2,3,0,0,3,2,2,3,3,3,2,3,4,4,4,1,1,1,3,2,2,3,2,3,2,2,4,4,3,0,2,3,2,3,2,3,0,2,3,2,2,1,0,2,3,2,2,3,0,3,1,1,3,3,3,3,3,3,4,1,0,3,3,0,2,3,3,0,2,3,2,0,2,3,4,1,4,2,3,3,3,2,2,0,2,1,3,3,2,3,2,3,2,1,3,2,4,2,3,0,0,3,3,2,3,4,2,1,1,1,3,3,2,3,0,4,4,1,2,2,2,2,3,3,4,2,3,3,2,1,3,4,4,1,1,3,2,3,2,0,0,4,1,3,0,3,4,0,0,3,4,1,4,1,1,3,4,0,0,0,2,3,2,2,3,2,2,3,3,2,3,2,1,3,3,2,2,0,0,0,0,0,0,0,0,0,0,1,0,0,0,3,3,3,0,2,1,3,2,0,3,3,3,3,3,0,2,3,2,2,2,3,2,3,0,2,2,2,3,2,2,2,3,2,0,4,3,3,3,3,3,3,3,0,3,1,2,3,3,3,3,2,3,2,2,2,0,1,2,3,2,3,3,2,0,1,4,3,0"
47,1.402871552636739,"0,0,4,2,0,4,3,3,4,0,4,4,2,0,3,4,3,3,3,2,3,0,0,3,2,2,3,3,3,2,3,4,4,4,1,1,1,3,2,2,3,2,3,2,2,4,4,3,0,2,3,2,3,2,3,0,2,3,2,2,1,0,2,3,2,2,3,0,3,1,1,3,3,3,3,3,3,4,1,0,3,3,0,2,3,3,0,2,3,2,3,2,3,4,1,4,2,3,3,3,2,2,0,2,1,3,3,2,3,2,3,2,1,3,2,4,2,3,0,0,3,3,2,3,4,2,1,1,1,3,3,2,3,0,4,4,1,2,2,2,2,3,3,4,2,3,3,2,3,3,4,4,1,1,3,2,3,2,0,0,4,1,3,0,3,4,0,0,3,4,1,4,1,1,1,4,0,0,0,2,3,2,2,3,2,2,3,3,2,3,2,1,3,3,2,2,0,0,0,0,0,0,0,0,0,0,1,0,0,0,3,3,3,0,2,1,3,2,0,3,3,3,3,3,0,2,3,2,2,2,3,2,3,0,2,2,2,3,2,2,2,3,2,0,4,3,3,3,3,3,3,3,0,3,1,2,3,3,3,3,2,3,2,2,2,0,1,2,3,2,3,3,2,0,1,4,3,0"
48,1.4033909373390465,"0,0,4,2,0,4,3,3,4,0,4,4,2,0,3,4,3,3,3,2,3,3,0,3,2,2,3,3,3,2,3,4,4,4,1,1,1,3,2,2,3,2,3,2,2,4,4,3,0,2,3,2,3,2,3,0,2,3,2,2,1,0,2,3,2,2,3,0,3,1,1,3,3,3,3,3,3,4,1,0,3,3,0,2,3,3,0,2,3,2,3,2,3,4,1,4,2,3,3,3,2,2,0,2,1,3,3,2,3,2,3,2,1,3,2,4,2,3,0,0,3,3,2,3,4,2,1,1,1,3,3,2,3,0,4,4,1,2,2,2,2,3,3,4,2,3,3,2,3,3,4,4,1,1,3,2,3,2,0,0,4,1,3,0,3,4,0,0,3,4,1,4,1,1,3,4,0,0,0,2,3,2,2,3,2,2,3,3,2,3,2,1,3,3,2,2,0,0,0,0,0,0,0,0,0,0,1,0,0,0,3,3,3,0,2,1,3,2,0,3,3,3,3,3,0,2,3,2,2,2,3,2,3,0,2,2,2,3,2,2,2,3,2,0,4,3,3,3,3,3,3,3,0,3,1,2,3,3,3,3,2,3,2,2,2,0,1,2,3,2,3,3,2,0,1,4,3,0"
49,1.4038391894655098,"0,0,4,2,0,4,3,3,4,0,4,4,2,0,3,4,3,3,3,2,3,3,0,3,2,2,3,3,3,2,3,4,4,4,1,1,1,3,2,2,3,2,3,2,2,4,4,3,0,2,3,2,3,2,3,0,2,3,2,2,1,0,2,3,2,2,3,0,3,1,1,3,3,3,3,3,3,4,1,0,3,3,0,2,3,3,0,2,3,2,3,2,3,4,1,4,2,3,3,3,2,2,0,2,1,3,2,2,3,2,3,2,1,3,2,4,2,3,0,0,3,3,2,3,4,2,1,1,1,3,3,2,3,0,4,4,1,2,2,2,2,3,3,4,2,3,3,2,3,3,4,4,1,1,3,2,3,2,0,0,4,1,3,0,3,4,0,0,3,4,1,4,1,1,3,4,0,0,0,2,3,2,2,3,2,2,3,3,2,3,2,1,3,3,2,2,0,0,0,0,0,0,0,0,0,0,1,0,0,0,3,3,3,0,2,1,3,2,0,2,3,3,3,3,0,2,3,2,2,2,3,2,3,0,2,2,2,3,2,4,2,3,2,0,4,3,3,3,3,3,3,3,0,3,1,2,3,3,3,3,2,3,2,2,2,0,1,2,3,2,3,3,2,0,1,4,3,3"
50,1.4040386532106208,"0,0,4,2,0,4,3,3,1,0,4,4,2,0,3,4,3,3,3,2,3,3,0,3,2,2,3,3,3,2,3,4,4,4,1,1,1,3,2,2,3,2,3,2,2,4,4,3,0,2,3,2,3,2,3,0,2,3,2,2,1,0,2,3,2,2,3,0,3,1,1,3,3,3,3,3,3,4,1,0,3,3,0,2,3,3,0,2,3,3,3,2,3,4,1,4,2,3,3,3,2,2,0,2,1,3,2,2,3,2,3,2,1,3,2,2,2,3,0,0,3,3,2,3,4,2,1,1,1,3,3,2,3,0,4,4,1,2,2,2,2,3,3,4,2,3,3,2,3,3,4,4,1,1,3,2,3,2,0,3,4,1,3,0,3,4,0,0,3,4,1,4,1,1,3,2,0,0,0,2,3,2,2,3,2,2,3,0,2,3,2,1,3,3,2,2,0,0,0,0,0,0,0,0,0,0,1,0,0,0,3,3,3,0,2,1,3,2,0,3,3,3,3,4,0,2,3,2,2,2,3,2,3,0,2,2,2,3,2,4,2,3,2,0,4,3,3,3,0,3,3,3,0,3,1,2,3,3,3,3,2,3,2,2,2,0,1,2,3,2,3,3,2,0,1,4,3,3"
51,1.4038030908704529,"0,0,4,2,0,4,3,3,1,0,4,4,2,0,3,4,3,3,3,2,3,3,0,3,2,2,3,3,3,2,3,4,4,4,1,1,1,3,2,2,3,2,3,2,2,4,4,3,0,2,3,2,3,2,3,0,2,3,2,2,1,0,2,3,2,2,3,0,3,1,1,3,3,3,3,3,3,4,1,0,3,3,0,2,3,3,0,2,3,3,3,2,3,4,1,4,2,3,3,3,2,2,0,2,1,3,2,2,3,2,3,2,1,3,2,2,2,3,0,0,3,3,2,3,4,2,1,1,1,3,3,2,3,0,4,4,1,2,2,2,2,3,3,4,2,3,3,2,3,3,4,4,1,1,3,2,3,2,0,3,4,1,3,0,3,4,0,0,3,4,1,4,1,1,3,2,0,0,0,2,3,2,2,3,2,2,3,0,2,3,2,1,3,3,2,2,0,0,0,0,0,0,0,0,0,0,1,0,0,0,3,3,3,0,2,1,3,2,0,3,3,3,3,4,0,2,3,2,2,2,3,2,3,0,2,2,2,3,2,4,2,3,2,0,4,3,3,3,0,3,3,3,0,3,1,2,3,3,3,3,1,3,2,2,2,0,1,2,3,2,3,3,2,0,1,4,3,3"
52,1.4038030908704529,"0,0,4,2,0,4,3,3,1,0,4,4,2,0,3,4,3,3,3,2,3,3,0,3,2,2,3,3,3,2,3,4,4,4,1,1,1,3,2,2,3,2,3,2,2,4,4,3,0,2,3,2,3,2,3,0,2,3,2,2,1,0,2,3,2,2,3,0,3,1,1,3,3,3,3,3,3,4,1,0,3,3,0,2,3,3,0,2,3,3,3,2,3,4,1,4,2,3,3,3,2,2,0,2,1,3,2,2,3,2,3,2,1,3,2,2,2,3,0,0,3,3,2,3,4,2,1,1,1,3,3,2,3,0,4,4,1,2,2,2,2,3,3,4,2,3,3,2,3,3,4,4,1,1,3,2,3,2,0,3,4,1,3,0,3,4,0,0,3,4,1,4,1,1,3,2,0,0,0,2,3,2,2,3,2,2,3,0,2,3,2,1,3,3,2,2,0,0,0,0,0,0,0,0,0,0,1,0,0,0,3,3,3,0,2,1,3,2,0,3,3,3,3,4,0,2,3,2,2,2,3,2,3,0,2,2,2,3,2,4,2,3,2,0,4,3,3,3,0,3,3,3,0,3,1,2,3,3,3,3,1,3,2,2,2,0,1,2,3,2,3,3,2,0,1,4,3,3"
53,1.4049035835661368,"0,0,3,2,0,4,3,3,1,0,4,4,2,0,3,4,3,3,3,2,3,3,0,3,2,2,3,3,3,2,3,4,4,4,1,1,1,3,2,2,3,2,3,2,2,4,4,3,0,2,3,2,3,2,3,0,2,3,2,2,1,0,2,3,2,2,3,0,3,1,1,3,3,3,3,3,3,4,1,0,3,3,0,2,3,3,0,2,3,3,3,2,3,0,1,4,2,3,3,3,2,2,0,2,1,3,2,3,3,3,3,2,1,3,2,2,2,3,0,2,3,3,2,3,4,2,1,1,1,3,0,2,3,0,4,4,1,3,2,2,2,3,3,4,2,2,3,2,3,3,4,4,1,1,3,2,3,2,0,0,4,1,3,1,3,4,4,0,3,4,1,4,1,1,3,4,0,0,0,2,3,2,2,4,2,2,3,3,2,0,2,1,3,3,2,2,0,0,0,0,0,0,0,0,0,0,1,0,0,0,3,3,3,0,4,1,3,2,0,3,3,2,3,3,0,2,3,2,2,2,3,2,3,0,2,2,2,3,2,4,2,3,2,0,4,3,2,3,3,3,3,3,0,3,2,2,3,3,3,3,2,3,2,2,2,0,1,2,3,2,3,3,2,0,1,4,3,3"
54,1.4060706397169247,"0,0,3,2,0,4,3,3,1,0,4,4,2,0,3,4,3,3,3,2,3,3,0,3,2,2,3,3,3,2,3,4,4,4,1,1,1,3,2,2,3,2,3,2,2,4,4,3,0,2,3,2,3,2,3,0,2,3,2,2,1,0,2,3,2,2,3,0,3,1,1,3,3,3,3,3,3,4,1,0,3,3,0,2,3,3,0,2,3,3,3,2,3,4,1,4,2,3,3,3,2,2,0,2,1,3,2,3,3,3,3,2,1,3,2,2,2,3,0,0,3,3,2,3,4,2,1,1,1,3,3,2,3,0,4,4,1,2,2,2,2,3,3,4,2,3,3,2,3,3,4,4,1,1,3,2,3,2,0,0,4,1,3,1,3,4,4,0,3,4,1,4,1,1,3,4,0,0,0,2,3,2,2,4,2,2,3,3,2,3,2,1,3,3,2,2,0,0,0,0,0,0,0,0,0,0,1,0,0,0,3,3,3,0,2,1,3,2,0,3,3,3,3,3,0,2,3,2,2,2,3,2,3,0,2,2,2,3,2,4,2,3,2,0,0,3,2,3,3,3,3,3,0,3,2,2,3,3,3,3,2,3,2,2,2,0,1,2,3,2,3,3,2,0,1,4,3,3"
55,1.4061537262171107,"0,0,3,2,0,4,3,3,1,0,4,4,2,0,3,4,3,3,3,2,3,3,0,3,2,2,3,3,3,2,3,4,4,4,1,1,1,3,2,2,3,2,3,2,2,4,4,3,0,2,3,2,3,2,3,0,2,3,2,2,1,0,2,3,2,2,3,0,3,1,1,3,3,3,3,3,3,4,1,0,3,3,0,2,3,3,0,2,3,3,3,2,3,4,1,4,2,3,3,3,2,2,0,2,1,3,2,3,3,3,3,2,1,3,2,2,3,3,0,0,3,3,2,3,4,2,1,1,1,3,3,2,3,0,4,4,1,2,2,2,2,3,3,4,2,3,3,2,3,3,4,4,1,1,3,2,3,2,0,0,4,1,3,1,3,4,4,0,3,4,1,4,1,1,3,4,0,0,0,2,3,2,2,4,2,2,3,3,2,3,2,1,3,3,2,2,0,0,0,0,0,0,0,0,0,0,1,0,0,0,3,3,3,0,2,1,3,2,0,3,3,3,0,3,0,2,3,2,2,2,3,2,3,0,2,2,2,3,2,4,2,3,2,0,0,3,2,3,3,3,3,3,0,3,2,2,3,3,3,3,2,3,2,2,2,0,1,2,3,2,3,3,2,0,1,4,3,3"
56,1.4065296179303866,"0,0,3,2,0,4,3,3,1,0,4,4,2,0,3,4,3,3,3,2,3,3,0,3,2,2,3,3,3,2,3,4,4,4,1,1,1,3,2,2,3,2,3,2,2,4,4,3,0,2,3,2,3,2,3,0,2,3,2,2,1,0,2,3,2,2,3,0,3,1,1,3,3,3,3,3,3,4,1,0,3,3,0,2,3,3,0,2,3,3,3,2,3,4,1,4,2,3,3,3,2,2,0,2,1,3,2,3,3,3,3,2,1,3,2,2,3,3,0,0,3,3,2,3,4,2,1,1,1,3,3,2,3,0,4,4,1,2,2,2,2,3,3,4,2,3,3,2,3,3,4,4,1,1,3,2,3,2,0,0,4,1,3,1,3,4,4,0,3,4,1,4,1,1,3,4,0,0,0,2,3,2,2,4,2,2,3,3,2,3,2,1,3,3,2,2,0,0,0,0,0,0,0,0,0,0,1,0,0,0,3,3,3,0,2,1,3,2,0,3,3,3,3,3,0,2,3,2,2,2,3,2,3,0,2,2,2,3,2,4,2,3,2,0,0,3,2,3,3,3,3,3,3,3,2,2,3,3,3,3,2,3,2,2,2,0,1,2,3,2,3,3,2,0,1,4,3,3"
57,1.4061517338491907,"0,0,3,2,0,4,3,3,1,0,4,4,2,0,3,4,3,3,3,2,3,3,0,3,2,2,3,3,3,2,3,4,4,4,1,1,1,3,2,2,3,2,3,2,2,4,4,3,0,2,3,2,3,2,3,0,2,3,2,2,1,0,2,3,2,2,3,0,3,1,1,3,3,3,3,3,3,4,1,0,3,3,0,2,3,3,0,2,3,3,3,2,3,4,1,4,2,3,3,3,2,2,0,2,1,3,2,3,3,3,3,2,1,3,2,2,3,3,0,0,3,3,2,3,4,2,1,1,1,3,3,2,3,0,4,4,1,2,2,2,2,3,3,4,2,3,3,2,3,3,4,4,1,1,3,2,3,2,0,0,4,1,3,1,2,4,4,0,3,4,1,4,1,1,3,4,0,0,0,2,3,2,2,4,2,2,3,3,2,3,2,1,3,3,2,2,0,0,0,0,0,0,0,0,0,0,1,0,0,0,3,3,3,0,2,1,3,2,0,3,3,3,3,3,0,2,3,2,2,2,3,2,3,0,2,2,2,3,2,4,2,3,2,2,0,3,2,3,3,3,3,3,3,3,2,2,3,2,3,3,2,3,2,2,2,0,1,2,3,2,3,3,2,0,1,4,3,3"
58,1.4072982310454705,"0,0,3,2,0,4,3,3,1,0,4,4,2,0,3,4,3,3,3,2,3,3,0,3,2,2,3,3,3,2,3,4,4,4,1,1,1,3,2,2,3,2,3,2,2,4,4,3,0,2,3,2,3,2,3,0,2,3,2,2,1,0,2,3,2,2,3,0,3,1,1,3,3,3,3,3,3,4,1,0,3,3,0,2,3,3,0,2,3,3,3,2,3,4,1,4,2,3,3,3,2,2,0,2,1,3,2,3,3,3,3,2,1,3,2,3,3,3,3,0,3,3,2,3,4,2,1,1,1,3,3,2,3,0,4,4,1,2,2,2,2,3,3,4,2,3,3,2,3,3,4,4,1,1,3,2,3,2,0,0,4,1,3,1,3,4,4,0,3,4,1,4,1,1,3,4,0,0,0,2,3,2,2,4,2,2,3,3,2,3,2,0,3,3,2,2,0,0,0,0,0,0,0,0,0,0,1,0,0,0,3,3,3,0,2,1,3,2,0,3,3,3,3,3,0,2,3,2,2,2,3,2,3,1,2,2,2,3,2,4,2,3,2,0,0,3,2,3,3,3,3,3,3,3,2,2,3,3,3,3,2,3,2,2,2,0,1,2,3,2,3,3,2,0,1,4,3,3"
59,1.407323217538143,"0,0,3,2,0,4,3,3,1,0,4,4,2,0,3,4,3,3,3,2,3,3,0,3,2,2,3,3,3,2,3,4,4,4,1,1,1,3,2,2,3,2,3,2,2,4,4,3,0,2,3,2,3,2,3,0,2,3,2,2,1,2,2,3,2,2,3,0,3,1,1,3,3,3,3,3,3,4,1,0,3,3,0,2,3,3,0,2,3,3,3,2,3,4,1,4,2,3,3,3,2,2,0,2,1,3,2,3,3,3,3,2,1,3,2,3,3,3,3,0,3,3,2,3,4,2,1,1,1,3,3,2,3,0,4,4,1,2,2,2,2,3,3,4,2,3,3,2,3,3,4,4,1,1,3,2,3,2,0,0,4,1,3,1,3,4,4,0,3,4,1,4,1,1,3,4,0,0,0,2,3,2,2,4,2,2,3,3,2,3,2,0,3,3,2,2,0,0,0,0,0,0,0,0,0,0,1,0,0,0,3,3,3,0,2,1,3,2,0,3,3,3,3,3,0,2,3,2,2,2,3,2,3,1,2,2,2,3,2,4,2,3,2,0,0,3,2,3,3,3,3,3,3,3,2,2,3,3,3,3,2,3,2,2,2,0,1,2,3,2,3,3,2,0,1,4,3,3"
60,1.4069347013829785,"0,0,3,2,0,4,3,3,1,0,4,4,2,0,3,4,3,3,3,2,3,3,0,3,2,2,3,3,3,2,3,4,4,4,1,1,1,3,2,2,3,2,3,2,2,4,4,3,0,2,3,2,3,2,3,0,2,3,2,2,1,2,2,3,2,2,3,0,3,1,1,3,3,3,3,3,3,4,1,0,3,3,0,2,3,3,0,2,3,3,3,2,3,4,1,4,2,3,3,3,2,2,0,2,1,3,2,3,3,3,3,2,1,3,2,3,3,3,3,0,3,3,2,3,4,2,1,1,1,3,3,2,3,0,4,4,1,2,2,2,2,3,3,4,2,3,3,2,3,3,4,4,1,1,3,0,3,2,0,0,4,1,3,1,3,4,4,0,3,4,1,4,1,1,2,4,0,0,0,2,3,2,2,4,2,2,3,3,2,3,2,0,3,3,2,2,0,0,0,0,0,0,0,0,0,0,1,0,0,0,3,3,3,0,2,1,3,2,0,3,3,3,3,3,0,2,3,2,2,2,3,2,3,1,2,1,2,3,2,4,2,3,2,0,0,3,2,3,3,3,3,3,3,3,2,2,3,3,3,3,2,3,2,2,2,0,1,2,3,2,3,3,2,0,1,4,3,3"
61,1.4076821121717085,"0,0,3,2,0,4,3,3,1,0,4,4,2,0,3,4,3,3,3,2,3,3,0,3,2,2,3,3,3,2,3,4,4,4,1,1,1,3,2,2,3,2,3,2,2,4,4,3,0,2,3,2,3,2,3,0,2,3,2,2,1,0,2,3,2,2,3,0,3,1,1,3,3,3,3,3,3,4,1,2,3,3,0,2,3,3,0,2,3,3,3,2,3,4,1,4,2,3,3,3,2,2,0,2,1,3,2,3,3,3,3,2,1,3,2,3,3,3,3,0,3,3,2,3,4,3,1,1,1,3,3,2,3,0,4,4,1,2,2,2,2,3,3,4,2,3,3,2,3,3,4,4,1,1,3,2,3,2,0,0,4,1,3,1,3,4,4,0,3,4,1,4,1,1,3,4,0,0,0,2,3,2,2,4,2,2,3,3,2,3,2,0,3,3,2,2,0,0,0,0,0,0,0,0,0,0,1,0,0,0,3,3,3,0,2,1,3,2,0,3,3,3,3,3,0,2,3,2,2,2,3,2,3,1,2,2,2,3,2,4,2,3,2,0,0,3,2,3,3,3,3,3,3,3,2,2,3,3,3,3,2,2,2,2,2,0,1,2,3,2,3,3,2,0,1,4,3,3"
62,1.407707706367764,"0,0,3,2,0,4,3,3,1,0,4,4,2,0,3,4,3,3,3,2,3,3,2,3,2,2,3,3,3,2,3,4,4,4,1,1,1,3,2,2,3,2,3,2,2,4,4,3,0,2,3,2,3,2,3,0,2,3,2,2,1,0,2,3,2,2,3,0,3,1,1,3,3,3,3,3,3,4,1,2,3,3,0,2,3,3,0,2,3,3,3,2,3,4,1,4,2,3,3,3,2,2,0,2,1,3,2,3,3,3,3,2,1,3,2,3,3,3,3,0,3,3,2,3,4,3,1,1,1,3,3,2,3,0,4,4,1,2,2,2,2,3,3,4,2,3,3,3,3,3,4,4,1,1,3,2,3,2,0,0,4,1,3,1,3,4,4,0,3,4,1,4,1,1,3,4,0,0,0,2,3,2,2,4,2,2,3,3,2,3,2,0,3,3,2,2,0,0,0,0,0,0,0,0,0,0,1,0,0,0,3,3,3,0,2,1,3,2,1,3,3,3,3,3,0,2,3,2,2,2,3,2,3,1,2,2,2,3,2,4,2,3,2,0,0,3,2,3,3,3,3,3,3,3,2,2,3,3,3,3,2,2,2,2,2,0,1,2,3,2,3,3,2,0,1,4,3,3"
63,1.4073745178225086,"0,0,3,2,0,4,3,3,1,0,4,4,2,0,3,4,3,3,3,2,3,3,2,3,2,2,3,3,3,2,3,4,4,4,1,1,1,3,2,2,3,2,3,2,2,4,4,3,0,2,3,2,3,2,3,0,2,3,2,2,1,0,2,3,2,2,3,0,3,1,1,3,3,3,3,3,3,1,1,2,3,3,0,2,3,3,0,2,3,3,3,2,3,4,1,4,2,3,3,3,2,2,0,2,1,3,2,3,3,3,3,2,1,3,2,3,3,3,1,0,3,3,2,3,4,3,1,1,1,3,3,2,3,0,4,4,1,2,2,2,2,3,3,4,2,3,3,3,3,3,4,4,1,1,3,2,3,2,0,0,4,1,3,1,3,4,4,0,3,4,1,4,1,4,3,4,0,0,0,2,3,2,2,4,2,2,3,3,2,3,2,0,3,3,2,1,0,0,0,0,0,0,0,0,0,0,1,0,0,0,3,3,3,0,2,1,3,2,0,3,3,3,3,3,0,2,3,2,2,2,3,2,3,1,2,2,2,3,3,4,2,3,2,0,0,3,2,3,3,3,3,3,3,3,2,2,3,3,3,3,2,2,2,2,2,0,1,2,3,2,3,3,2,0,1,4,3,3"
64,1.4081596769226896,"0,0,3,2,0,4,3,3,1,0,4,4,2,0,3,4,3,3,3,2,3,3,2,3,2,2,3,3,3,2,3,4,4,4,1,1,1,3,2,2,3,2,3,2,2,4,4,3,0,2,3,2,3,2,3,0,2,3,2,2,1,0,2,3,2,2,3,0,2,1,1,3,3,3,3,3,3,4,1,2,3,3,0,2,3,3,0,2,3,3,3,2,3,4,1,4,2,3,3,3,2,2,0,2,1,3,2,3,3,3,3,2,1,3,2,3,3,3,3,0,3,3,2,3,4,3,1,1,1,3,3,2,3,0,4,4,1,2,2,2,2,3,3,4,2,3,3,2,3,3,4,4,1,1,3,2,3,2,0,0,4,1,3,1,3,4,4,0,3,4,1,4,1,1,3,4,0,0,0,2,3,2,4,4,2,2,3,3,2,3,2,0,3,3,2,2,0,0,0,0,0,0,0,0,0,0,1,0,0,0,3,3,3,0,2,1,3,2,1,3,3,3,3,3,0,2,3,2,2,2,3,2,3,1,2,2,2,3,2,4,2,3,2,0,0,3,2,3,3,3,2,3,3,3,2,2,3,3,3,3,2,2,2,2,2,0,1,2,3,2,3,3,2,0,1,4,3,3"
65,1.408085955582085,"0,0,3,2,0,4,3,3,1,0,4,4,2,0,3,4,3,3,3,2,3,3,2,3,2,2,3,3,3,2,3,4,4,4,1,1,1,3,2,2,3,2,3,2,2,4,4,3,0,2,3,2,3,2,3,0,2,3,2,2,1,0,2,3,2,2,3,0,2,1,1,3,3,3,3,3,3,4,1,2,3,3,0,2,3,3,0,2,3,3,3,2,3,4,1,4,2,3,3,3,2,3,0,2,1,3,2,3,3,3,3,2,1,3,2,3,3,3,3,0,3,3,2,3,4,3,1,1,1,3,3,2,3,0,4,4,1,2,2,2,2,3,3,0,2,3,3,2,3,3,4,4,1,1,3,2,3,2,0,0,4,1,3,1,3,4,4,0,3,4,1,4,1,1,3,4,0,0,0,2,3,2,4,4,2,2,3,3,2,3,2,0,3,3,2,2,0,0,0,0,0,0,0,0,0,0,1,0,0,0,3,3,3,0,2,1,3,2,1,3,3,3,3,3,0,2,3,2,2,2,3,2,3,1,2,2,2,3,2,4,2,3,2,0,0,3,2,3,3,3,2,3,3,3,2,2,3,3,3,3,2,2,2,2,2,0,1,2,3,2,3,3,2,0,1,4,3,3"
66,1.4083667095139436,"0,0,3,2,0,4,3,3,1,0,4,4,2,0,3,4,3,3,3,2,3,3,2,3,2,2,3,3,3,2,3,4,4,4,1,1,1,3,2,2,3,2,3,2,2,4,4,3,0,2,3,2,3,2,3,0,2,3,2,2,1,0,2,3,2,2,3,0,2,1,1,3,3,3,3,3,3,4,1,2,3,3,0,2,3,3,0,2,3,3,3,2,3,4,1,4,2,3,3,3,2,3,0,2,1,3,2,3,3,3,3,2,1,3,2,3,3,3,3,0,3,3,2,3,4,3,1,1,1,3,3,2,3,0,4,4,1,2,2,2,2,3,3,0,2,3,3,2,3,3,4,4,1,1,3,2,3,2,0,0,4,1,3,1,3,4,4,0,3,4,1,4,1,1,3,4,0,0,0,2,3,2,4,4,2,2,3,3,2,3,3,0,3,3,2,2,0,0,0,0,0,0,0,0,0,0,1,0,0,0,3,3,3,0,2,1,3,2,0,3,3,3,3,3,0,2,3,2,2,2,3,2,3,1,2,2,2,3,2,4,2,3,2,0,0,3,2,3,3,3,3,3,3,3,2,2,3,3,3,3,2,2,2,2,2,0,1,2,3,2,3,3,2,0,1,4,3,3"
67,1.4087269373964166,"0,0,3,2,0,4,3,3,1,0,4,4,2,0,3,4,3,3,3,3,3,3,2,3,2,2,3,3,3,2,3,4,4,4,1,1,1,3,2,2,3,2,3,2,2,4,4,3,0,2,3,2,3,2,3,2,2,3,2,2,1,0,2,3,2,2,3,0,2,1,1,3,3,3,3,3,3,4,1,2,3,3,0,2,3,3,0,2,3,3,3,2,3,4,1,4,2,3,3,3,2,3,0,2,1,3,2,3,3,3,3,2,1,3,2,3,3,3,3,0,3,3,2,3,4,3,1,1,1,3,3,2,3,0,4,4,1,2,2,2,2,3,3,0,2,3,3,2,3,3,4,4,1,1,3,2,3,2,0,0,4,1,3,1,3,4,4,0,3,4,1,4,1,1,3,4,0,0,0,2,3,2,4,4,2,2,3,3,2,3,3,0,3,3,2,2,0,0,0,0,0,0,0,0,0,0,1,0,0,0,3,3,3,0,2,1,3,2,0,3,3,3,3,3,0,2,3,2,2,2,3,2,3,1,2,2,2,3,2,4,2,3,2,0,0,3,2,3,3,3,3,3,3,3,2,2,3,3,3,3,2,2,2,2,2,0,1,2,3,2,3,3,2,0,1,4,3,3"
68,1.4093316750165688,"0,0,3,2,0,4,3,3,1,0,4,4,2,0,3,4,3,3,3,3,3,3,2,3,2,2,3,3,3,2,3,4,4,4,1,1,1,3,2,2,3,2,3,2,2,4,4,3,0,2,3,2,3,2,3,0,2,3,2,2,2,0,2,3,2,2,3,0,2,1,1,3,3,3,3,3,3,4,1,2,3,3,0,2,3,3,0,2,3,3,3,2,3,4,1,4,3,3,3,3,2,2,0,2,1,3,2,3,3,3,3,2,1,3,2,3,3,3,3,0,3,3,2,3,4,3,1,1,1,3,3,2,3,0,2,4,1,2,2,2,2,3,3,4,2,3,3,2,3,3,4,4,1,1,3,2,3,2,0,0,4,1,3,1,3,4,4,0,3,4,1,4,1,1,3,4,0,0,0,2,3,2,4,4,2,2,3,3,2,3,3,0,3,3,2,2,0,0,0,0,0,0,0,0,0,0,1,0,0,0,3,3,3,0,2,1,3,2,0,3,3,3,3,3,0,3,3,2,2,2,1,2,3,1,2,2,2,3,2,4,2,3,2,0,0,3,2,3,3,3,2,3,3,3,2,2,3,3,3,3,2,2,2,2,2,0,1,2,3,2,3,3,2,0,1,4,3,3"
69,1.4090858951728664,"0,0,3,2,0,4,3,3,1,0,4,4,2,0,3,4,3,3,3,3,3,3,2,3,2,2,3,3,3,2,3,4,4,4,1,1,1,3,2,2,3,2,3,2,2,4,4,3,0,2,3,2,3,2,3,0,2,3,2,2,2,0,2,3,2,2,3,0,2,1,1,3,3,3,3,3,3,4,1,2,3,3,0,2,3,3,0,2,3,3,3,2,3,4,1,4,3,3,3,3,2,2,0,2,1,3,2,3,3,3,3,2,1,3,2,3,3,3,3,0,3,3,2,3,4,3,1,1,1,3,3,2,3,0,2,4,1,2,2,2,2,3,3,4,2,3,3,2,3,3,4,4,1,1,3,2,3,2,0,0,4,1,3,1,3,4,4,0,3,4,1,4,1,1,3,4,0,0,0,2,3,2,4,4,2,2,3,3,2,3,3,0,3,3,2,2,0,0,0,0,0,0,0,0,0,0,1,0,0,0,3,3,3,0,2,1,3,2,0,3,3,3,3,3,0,3,3,2,2,2,3,2,3,1,2,2,2,3,2,4,2,3,2,0,0,3,2,3,0,3,2,3,3,3,2,2,3,3,3,3,2,2,2,2,2,0,1,2,3,2,3,3,2,0,1,4,3,3"
70,1.4088509875117161,"0,0,3,2,0,4,3,3,1,0,4,4,2,0,3,4,3,3,3,3,3,3,2,3,2,2,3,3,3,2,3,4,4,4,1,1,1,3,2,2,3,2,3,2,2,4,4,3,0,2,3,2,3,2,3,0,2,3,2,2,2,0,2,3,2,2,3,0,2,1,1,3,3,3,3,3,3,4,1,2,3,3,0,2,3,3,0,2,3,3,3,2,3,4,1,4,3,3,3,3,2,2,0,2,1,3,2,3,3,3,3,2,1,3,2,3,3,3,3,0,3,3,2,3,4,3,1,1,1,3,3,2,3,0,2,4,1,2,2,2,2,3,3,4,2,3,3,2,3,3,4,4,1,1,3,2,3,2,0,0,4,1,3,1,3,4,4,0,3,4,1,4,1,1,3,4,0,0,0,2,3,2,4,4,2,2,3,3,2,3,3,0,3,3,2,2,0,0,0,0,0,0,0,0,0,0,1,0,0,0,3,3,3,0,2,1,3,2,0,3,3,3,3,3,0,3,3,2,2,2,3,2,3,1,2,2,2,3,2,4,2,3,2,0,0,3,2,3,0,3,2,3,3,3,2,2,3,3,3,3,2,3,2,2,2,2,1,2,3,0,3,3,2,0,1,4,3,3"
71,1.4094763299201336,"0,0,3,2,0,4,3,3,1,0,4,4,2,0,3,4,3,3,3,3,3,3,2,3,2,2,3,3,3,2,3,4,4,4,1,1,1,3,2,2,3,2,3,1,2,4,4,3,0,2,3,2,3,2,3,0,2,3,2,2,2,0,2,3,2,2,3,0,2,1,1,3,3,3,3,3,3,4,1,2,3,3,0,2,3,3,0,2,3,3,3,2,3,4,1,4,3,3,3,3,2,2,0,2,1,3,2,3,3,3,3,2,1,3,2,3,3,3,3,0,3,3,2,3,4,3,1,1,1,3,3,2,3,0,2,4,1,2,2,2,2,3,3,4,2,3,3,2,3,3,4,4,1,1,3,2,3,2,0,0,4,1,3,1,3,4,4,0,3,4,1,4,1,1,3,4,0,0,0,2,3,2,4,4,2,2,3,3,2,3,3,0,3,3,2,2,0,0,0,0,0,0,0,0,0,0,1,0,0,0,3,3,3,0,2,1,3,2,0,3,3,3,3,3,0,3,3,2,2,2,3,2,3,1,2,2,2,3,2,4,2,3,2,0,0,3,2,3,3,3,3,3,3,3,2,2,3,3,3,3,2,2,2,3,2,2,1,2,3,2,3,3,2,0,1,4,3,3"
72,1.408093390020008,"0,0,3,2,0,4,3,3,1,0,4,4,2,0,3,4,3,3,3,3,3,3,2,3,2,2,3,3,3,2,3,4,4,4,1,1,1,3,2,2,3,2,3,2,2,4,4,3,0,2,3,2,3,2,3,0,2,3,2,2,2,0,2,3,2,2,3,0,2,1,1,3,3,3,3,3,3,4,1,2,3,3,0,2,3,3,0,2,3,3,3,2,3,4,1,4,3,3,3,3,2,2,0,0,1,3,2,3,3,3,3,2,1,3,2,3,3,3,3,0,3,3,2,3,4,3,1,1,1,3,3,1,3,0,2,4,1,2,2,2,2,3,3,4,2,3,3,2,3,3,4,4,1,1,3,2,3,2,0,0,4,1,3,1,3,4,4,0,3,4,1,4,1,1,3,4,0,0,0,2,3,2,4,4,2,2,3,3,2,3,3,0,3,3,2,2,0,0,0,0,0,0,1,0,0,0,1,2,0,0,3,3,3,0,2,1,3,2,0,3,3,3,3,3,0,3,3,2,2,2,3,2,3,1,2,2,2,3,2,4,2,3,2,0,0,3,2,3,0,3,2,3,3,3,2,2,3,3,3,3,2,2,2,3,2,2,1,2,3,2,3,3,2,0,1,4,3,3"
73,1.4076688145003484,"0,0,3,2,0,4,3,3,1,0,4,4,2,0,3,4,3,3,3,3,3,3,2,3,2,2,3,3,3,2,3,4,4,4,1,1,1,3,2,2,3,2,3,2,2,4,4,3,0,2,3,2,3,2,3,0,2,3,2,2,2,0,2,3,2,2,3,0,2,1,1,3,3,4,3,3,3,4,1,2,3,3,0,2,3,3,0,2,3,3,3,2,3,4,1,4,3,3,3,3,2,2,0,2,1,3,2,3,3,3,3,0,1,3,2,3,3,3,3,0,3,3,2,3,4,3,1,1,1,3,3,2,3,0,2,4,1,2,2,2,2,3,3,4,2,3,3,2,3,3,4,4,1,1,3,2,3,2,0,0,4,1,3,1,3,4,4,0,3,4,1,4,1,1,3,4,0,0,0,2,3,2,4,4,2,1,3,3,2,3,3,0,3,3,2,2,0,0,0,0,0,0,0,0,0,0,1,0,0,0,3,3,3,0,2,1,3,2,0,3,3,3,3,3,0,3,3,2,2,2,1,2,3,4,2,2,2,3,2,4,1,3,2,0,0,3,2,3,3,3,2,3,3,3,2,2,3,2,3,3,2,2,2,2,0,0,1,2,3,2,3,3,2,0,1,4,3,3"
74,1.4093627290324933,"0,0,3,2,0,4,3,3,1,0,1,4,2,0,3,4,3,3,3,3,3,3,2,3,2,2,3,3,3,2,3,4,4,4,1,4,1,3,2,2,3,2,3,1,2,4,4,3,0,2,3,2,3,2,3,0,2,3,2,2,2,0,2,3,2,2,3,0,2,1,1,3,3,2,3,3,3,4,1,2,3,3,0,2,3,3,3,2,3,3,3,2,3,4,1,4,3,3,3,3,2,2,0,2,1,3,2,3,3,3,3,2,1,3,2,3,3,3,3,0,3,3,2,3,4,3,4,1,1,3,3,2,3,0,2,4,1,2,2,2,2,3,3,4,2,3,3,2,3,3,4,4,1,1,0,2,3,2,0,0,4,1,3,1,3,4,4,0,3,4,1,4,1,1,3,4,0,0,0,2,3,2,4,4,2,2,3,3,2,3,3,0,3,3,2,2,0,0,0,0,0,0,0,0,0,0,1,0,0,0,3,3,3,0,2,1,3,2,3,3,3,3,3,3,0,3,3,2,2,2,3,2,3,1,2,2,2,3,2,4,2,3,2,0,0,3,2,3,0,3,2,3,3,3,2,2,3,3,3,3,2,2,2,1,2,2,1,2,3,2,3,3,2,0,1,4,3,3"
75,1.4092641522578364,"0,0,3,2,0,4,3,3,1,0,1,4,2,0,3,4,3,3,3,3,3,3,2,3,2,2,3,3,3,2,3,4,4,4,1,4,1,3,2,2,3,2,3,1,2,4,4,3,0,2,3,2,3,2,3,0,2,3,2,2,2,0,2,3,2,2,3,0,2,1,1,3,3,2,3,3,3,4,1,2,3,3,0,2,3,3,3,2,3,3,3,2,3,4,1,4,3,3,3,3,2,2,0,2,1,3,2,3,3,3,3,2,1,3,2,3,3,3,3,0,3,3,2,3,4,3,1,1,1,3,3,2,3,0,2,4,0,2,2,2,2,3,3,4,2,3,3,2,3,3,4,4,1,1,0,2,3,2,0,0,4,1,3,1,3,4,4,0,3,4,1,4,1,1,3,4,0,0,0,2,3,2,4,4,2,2,3,3,2,3,3,0,3,3,2,2,0,0,0,0,0,0,0,0,0,0,1,0,0,0,3,3,3,0,2,1,3,2,3,3,3,3,3,3,0,3,3,2,2,2,3,2,3,1,2,2,2,3,2,4,2,3,2,0,1,3,2,3,3,3,3,3,3,3,2,2,3,3,3,3,2,2,2,3,2,2,1,2,3,2,3,3,2,0,1,4,3,3"
76,1.4097369934929276,"0,0,3,2,0,4,3,3,1,0,1,4,2,0,3,4,3,3,3,3,3,3,2,3,2,2,3,3,3,2,3,4,4,4,1,4,1,3,2,2,3,2,3,1,2,4,4,3,0,2,3,2,3,2,3,0,2,3,2,2,2,0,2,3,2,2,3,2,2,1,1,3,3,2,3,3,3,4,1,2,3,3,0,2,3,3,3,2,3,3,3,2,3,4,1,4,3,3,3,3,2,2,0,2,1,3,2,3,3,3,3,2,1,3,2,3,3,3,3,0,3,3,2,3,4,3,1,1,1,3,3,2,3,0,2,4,1,2,2,2,2,3,3,4,2,3,3,2,3,3,4,4,1,1,0,2,3,2,0,0,4,1,3,1,3,4,4,0,3,4,1,4,1,1,3,4,0,0,0,2,3,2,4,4,2,2,3,3,2,3,3,0,3,3,2,2,0,0,0,0,0,0,0,0,0,0,1,0,0,0,3,3,3,0,2,1,3,2,3,3,4,3,3,3,0,3,3,2,2,2,3,2,3,1,2,2,2,3,2,4,2,3,2,0,1,3,2,3,3,3,3,3,3,3,2,2,3,3,3,3,2,2,2,3,2,2,1,2,3,2,3,3,2,0,1,4,3,3"
77,1.409534397655857,"0,0,3,2,0,4,3,3,1,0,1,4,2,0,3,4,3,3,3,3,3,3,2,3,2,2,3,3,3,2,3,4,4,4,1,4,4,3,2,2,3,2,3,1,2,4,4,3,0,2,3,2,3,2,3,0,2,3,2,2,2,0,2,3,2,2,3,2,2,1,1,3,3,2,3,3,3,4,1,2,3,3,0,2,3,3,3,2,3,3,3,2,3,4,1,4,3,3,3,3,2,2,0,2,1,3,2,3,3,3,3,2,1,3,2,3,3,3,3,0,3,3,2,3,4,3,1,1,1,3,3,2,3,0,2,4,1,2,2,2,2,3,3,4,2,3,3,2,3,3,4,4,1,1,1,2,3,2,0,0,4,1,3,1,3,4,4,0,3,4,1,4,1,1,3,4,0,0,0,2,3,2,4,4,2,2,3,3,4,3,3,0,3,3,2,2,0,0,0,0,0,0,0,0,0,0,1,0,0,0,3,3,3,0,2,1,3,4,3,3,3,3,3,3,0,3,3,2,2,2,3,2,3,1,3,2,2,3,2,4,2,3,2,0,1,3,2,3,3,3,3,3,3,3,2,2,3,3,3,3,2,2,2,3,2,2,1,2,3,2,3,3,2,0,1,4,3,3"
78,1.4093907616124026,"0,0,3,2,0,4,3,3,1,0,1,4,2,0,3,4,3,3,3,3,3,3,2,3,2,2,3,3,3,2,3,4,4,4,1,4,4,3,2,2,3,2,3,1,2,4,4,3,0,2,3,2,3,2,3,0,2,3,2,2,2,0,2,3,3,2,3,0,2,1,1,3,3,2,3,3,3,4,1,2,3,3,0,2,3,3,3,2,3,3,3,2,3,3,1,4,3,3,3,3,2,2,0,2,1,3,2,3,3,3,3,2,1,3,2,3,3,3,3,0,3,3,2,3,4,3,1,1,1,3,3,2,3,0,2,4,1,2,2,2,2,3,3,4,2,3,3,2,3,3,4,4,1,1,0,2,3,2,0,0,4,1,3,1,3,4,4,0,3,4,1,4,1,1,3,4,0,0,0,2,3,2,4,4,2,2,3,3,2,3,3,0,3,3,2,2,0,0,1,0,0,0,0,0,0,0,1,0,0,0,3,3,3,0,2,1,3,2,3,3,3,3,3,3,0,3,3,2,2,2,3,2,3,1,2,2,2,3,2,4,2,3,2,0,1,3,2,3,3,3,3,3,3,3,2,2,3,3,3,3,2,2,2,3,2,2,1,2,3,2,3,3,2,0,1,4,3,3"
79,1.4076389420034892,"0,0,3,2,0,4,3,3,1,0,1,4,2,0,3,4,3,3,3,3,3,3,2,3,2,2,3,3,3,2,3,4,4,4,1,4,4,3,2,2,3,2,3,1,2,4,4,3,0,2,3,2,3,2,3,0,2,3,2,2,2,0,2,3,3,2,3,0,2,1,1,3,3,2,3,3,3,4,1,2,3,3,0,2,3,3,3,2,3,3,3,2,3,3,1,4,3,3,3,3,2,2,0,2,1,3,2,3,3,3,3,2,1,3,2,3,3,3,3,4,3,3,2,3,4,3,1,0,1,3,3,2,3,0,2,4,1,3,2,2,2,3,3,4,2,3,3,2,3,3,4,4,1,1,0,2,3,2,0,2,4,1,3,1,3,4,4,0,3,4,1,4,1,1,3,4,0,0,0,2,3,2,4,4,2,2,3,3,2,3,3,0,3,3,2,2,0,0,0,0,0,0,0,0,0,0,1,0,0,0,3,3,3,0,2,1,3,2,3,3,3,3,3,3,0,3,3,2,2,2,3,2,3,1,2,2,2,3,2,4,2,3,2,0,1,3,2,3,3,3,3,3,3,3,2,2,3,3,3,3,2,2,2,3,2,2,3,2,3,2,3,3,2,0,1,4,3,3"
80,1.4093271477445377,"0,0,3,2,0,4,3,3,1,0,1,4,2,0,3,4,3,3,3,3,3,3,2,3,2,2,3,3,3,2,3,4,4,4,1,4,4,3,2,2,3,2,3,1,2,4,4,3,0,2,3,2,3,2,3,0,2,3,2,2,2,0,2,3,3,2,3,0,2,1,1,3,3,2,3,3,3,4,1,2,3,3,0,2,3,3,3,2,3,3,3,2,3,3,1,4,3,3,3,3,2,2,0,2,1,3,2,3,3,3,3,2,1,3,2,3,3,3,3,0,3,3,2,3,4,3,1,1,1,3,3,2,3,1,2,4,1,2,2,2,2,3,3,4,2,3,3,2,3,3,4,4,1,1,0,2,3,2,0,0,4,1,3,1,3,4,4,0,3,4,1,4,1,1,3,4,0,0,0,2,3,2,4,4,2,2,3,3,2,3,2,0,3,3,2,2,0,0,1,0,0,0,0,0,0,0,1,0,0,0,3,3,3,0,2,1,3,2,3,3,3,3,3,3,0,3,3,2,2,2,3,2,3,1,2,2,2,3,2,4,2,3,2,0,1,3,2,3,3,3,3,3,3,3,2,2,3,3,3,3,2,2,2,3,2,2,3,2,3,2,3,3,2,0,1,4,3,3"
81,1.4102096235862767,"0,0,3,2,0,4,3,3,1,0,1,4,2,0,3,4,3,3,3,3,3,3,2,3,2,2,3,3,3,2,3,4,4,4,1,4,4,3,2,2,3,2,3,1,2,4,4,2,0,2,3,2,3,2,3,0,2,3,2,2,2,0,2,3,3,2,3,0,2,1,1,3,3,2,3,3,3,4,1,2,3,3,0,2,3,3,3,2,3,3,3,2,3,3,1,4,3,3,3,3,2,2,0,2,1,3,2,3,3,3,3,2,1,3,2,3,3,3,3,0,3,3,2,3,4,3,1,0,1,3,3,2,3,0,2,4,1,3,2,2,2,3,3,4,2,3,3,2,3,3,4,4,1,1,0,2,3,2,0,2,4,1,2,1,3,4,4,0,3,4,1,4,1,1,3,4,0,0,0,2,3,2,4,4,2,2,3,3,2,3,3,0,3,3,2,2,0,0,0,0,0,0,0,0,0,0,1,0,0,0,3,3,3,0,2,1,3,2,3,1,3,3,3,3,0,3,3,2,2,2,3,2,3,1,2,2,2,3,2,4,2,3,2,0,1,3,2,3,3,3,3,3,3,3,2,2,3,3,3,3,2,2,2,3,2,2,3,2,3,2,3,3,2,0,1,4,3,3"
82,1.4089519139665534,"0,0,3,2,0,4,3,3,1,0,1,4,2,0,3,4,3,3,3,3,3,3,2,3,2,2,3,3,3,2,3,4,4,4,1,4,4,3,2,2,3,2,3,1,2,4,4,2,0,2,3,2,3,2,3,0,2,3,2,2,2,0,2,3,3,2,3,0,2,1,1,3,3,2,3,3,3,4,1,2,3,3,0,2,3,3,3,2,3,3,3,2,3,3,1,4,3,3,3,3,2,2,0,2,1,3,2,3,3,3,3,2,1,3,2,3,3,3,3,0,3,3,2,3,4,3,1,1,1,3,3,2,3,1,2,4,1,2,2,2,2,3,3,0,2,3,3,2,3,3,4,4,1,1,0,2,3,2,0,2,4,1,3,1,3,4,1,0,3,4,1,4,1,1,3,4,0,1,0,2,3,2,4,4,2,2,3,3,2,3,3,0,3,3,2,2,3,0,0,0,0,0,0,0,0,4,1,0,0,0,3,3,3,0,2,1,3,2,3,3,3,3,3,3,0,3,3,2,2,2,3,4,3,1,2,2,2,3,2,4,2,2,2,0,1,0,2,3,3,3,3,3,3,3,2,2,3,3,3,3,2,2,2,3,2,2,3,2,3,2,3,3,2,0,1,4,3,3"
83,1.4113352121698364,"0,0,3,2,0,4,3,3,1,0,1,4,2,0,3,4,3,3,3,3,3,3,2,3,2,2,3,3,0,2,0,4,4,4,1,4,4,3,2,2,3,2,3,1,2,4,4,2,0,2,3,2,3,2,3,0,2,3,2,2,2,0,2,3,3,2,3,0,2,1,1,3,3,2,3,3,3,4,1,2,3,3,0,2,3,3,3,2,3,3,3,2,3,3,1,4,3,3,3,3,2,2,0,2,1,3,2,3,3,3,3,2,1,3,2,3,3,3,3,0,3,2,2,3,4,3,1,1,1,3,3,2,3,1,2,4,1,2,2,2,2,3,3,0,2,3,3,2,3,3,4,4,1,1,0,2,3,2,0,2,4,1,3,1,3,4,4,0,3,4,1,4,1,1,3,4,0,0,0,2,3,2,4,4,2,2,3,3,2,3,3,0,3,3,2,2,0,0,0,0,0,0,0,0,0,0,1,0,0,0,3,3,3,0,2,1,3,2,3,3,3,3,3,3,0,3,3,2,2,2,3,2,3,1,2,2,2,3,2,4,2,3,2,0,1,3,2,3,3,3,3,3,3,3,2,2,3,3,3,3,2,2,2,3,2,2,3,2,3,2,3,3,2,0,1,4,3,3"
84,1.4110481286347651,"0,0,3,2,0,4,3,3,1,0,1,4,2,0,3,4,3,3,3,3,3,3,2,3,2,2,3,3,0,2,0,4,4,4,1,4,4,3,2,2,3,2,3,1,2,4,4,2,0,2,3,2,3,2,3,0,2,3,2,2,2,0,2,3,3,2,3,0,2,1,1,3,3,2,3,3,3,4,1,2,3,3,0,2,3,3,3,2,3,3,3,2,3,3,1,4,3,3,3,3,2,2,0,2,1,3,2,3,3,3,3,2,1,3,2,3,3,3,3,0,3,2,2,3,4,3,1,1,1,3,3,2,3,1,2,4,1,2,2,2,2,3,3,0,2,3,3,2,3,3,4,4,1,1,0,2,3,2,0,2,4,1,3,1,3,4,4,0,3,4,1,4,1,1,3,4,0,0,0,2,3,2,4,4,2,2,3,3,2,3,3,0,3,3,2,2,0,0,0,0,0,0,0,0,0,0,1,0,0,0,3,3,3,0,2,1,3,2,3,3,3,3,3,3,0,3,3,2,2,2,3,2,3,1,2,2,2,4,2,4,2,3,2,0,1,3,2,3,3,3,3,3,3,3,2,2,3,3,3,3,2,2,2,3,2,2,3,2,3,2,3,3,2,0,1,4,3,3"
85,1.410352586969409,"0,0,3,2,0,4,3,3,1,0,1,4,2,0,3,4,3,3,3,3,3,3,2,3,2,2,3,3,0,2,0,4,4,4,1,4,4,3,2,2,3,2,2,1,2,4,4,2,0,2,3,2,3,2,3,0,2,3,2,0,2,0,2,3,3,2,3,0,2,1,1,3,3,2,3,3,3,4,1,2,3,3,0,2,3,3,3,2,3,3,3,2,3,3,1,4,3,3,4,3,2,2,0,2,1,3,2,3,3,3,3,2,1,3,2,3,3,3,3,0,3,2,2,3,4,3,1,1,1,3,3,2,3,1,2,4,1,2,2,2,2,3,3,0,2,3,3,2,3,3,4,4,1,1,0,2,3,3,0,2,4,1,3,1,3,4,4,0,3,4,1,4,1,1,3,4,0,0,0,2,3,2,4,4,2,2,3,3,2,3,3,0,3,3,2,2,0,0,0,0,0,0,0,0,0,0,1,0,0,0,3,3,3,0,2,1,3,2,3,3,3,3,3,3,0,3,3,2,2,2,3,2,3,1,2,0,2,3,2,4,2,3,3,0,1,3,2,3,3,3,3,3,3,3,2,2,3,3,3,3,2,2,2,3,2,2,3,2,3,2,3,3,2,0,1,4,3,3"
86,1.4121803905053432,"0,0,3,2,0,4,3,3,1,0,1,4,2,0,3,4,3,3,3,3,3,3,2,3,2,2,3,3,0,2,0,4,4,4,1,4,4,3,2,4,3,2,3,1,2,4,4,2,0,2,3,2,3,2,3,0,2,3,2,2,2,0,2,3,3,2,3,0,2,1,1,3,3,2,3,3,3,4,1,2,3,3,0,2,3,3,3,2,3,3,3,3,3,3,1,4,3,3,3,3,2,2,0,2,1,3,2,3,3,3,3,2,1,3,2,3,3,3,3,0,3,2,2,3,4,3,1,1,1,3,3,2,3,1,2,4,1,2,2,2,2,3,3,0,2,3,3,2,3,3,4,4,1,1,0,2,3,2,0,2,4,1,3,1,3,4,4,0,3,4,1,4,1,1,3,4,0,0,0,2,3,2,4,4,2,2,3,3,2,3,3,0,3,3,2,2,0,0,0,0,0,0,0,0,0,0,1,0,0,0,3,3,2,0,2,1,3,2,3,3,3,0,3,3,0,3,3,2,3,2,3,2,3,1,2,2,2,3,2,4,2,3,2,0,1,3,2,3,3,3,3,3,3,3,2,2,3,3,3,3,2,2,2,3,2,2,3,2,3,2,3,3,2,0,1,4,3,3"
87,1.4120277762705098,"0,0,3,1,0,4,3,3,1,0,1,4,2,0,3,4,3,3,3,3,3,3,2,3,2,2,3,3,0,2,0,4,4,4,1,4,4,3,2,4,3,2,3,1,2,4,4,1,0,2,3,2,3,2,3,0,2,3,3,2,2,0,2,3,3,2,3,0,2,1,1,3,3,2,3,3,3,4,1,2,3,3,0,2,3,3,3,2,3,3,3,3,3,3,1,4,3,3,3,3,2,2,0,2,1,3,2,3,3,3,3,2,1,3,2,3,3,3,3,0,3,2,2,3,4,3,1,1,1,3,3,2,3,1,2,4,1,2,2,2,2,3,3,0,2,3,3,2,3,3,4,4,1,1,0,2,3,2,0,2,4,1,3,1,3,4,4,0,3,4,1,4,1,1,3,4,0,0,0,2,3,2,4,4,2,2,3,3,2,3,3,0,3,3,2,2,0,0,0,0,0,0,0,0,0,0,1,0,0,0,3,3,2,0,2,1,3,2,3,3,3,0,3,3,0,3,3,2,3,2,3,2,3,1,2,2,2,3,2,4,2,3,2,0,1,3,2,3,3,3,3,3,3,3,2,2,3,3,3,3,2,2,2,3,2,2,3,2,3,2,3,3,2,0,1,4,3,3"
88,1.4120277762705098,"0,0,3,1,0,4,3,3,1,0,1,4,2,0,3,4,3,3,3,3,3,3,2,3,2,2,3,3,0,2,0,4,4,4,1,4,4,3,2,4,3,2,3,1,2,4,4,1,0,2,3,2,3,2,3,0,2,3,3,2,2,0,2,3,3,2,3,0,2,1,1,3,3,2,3,3,3,4,1,2,3,3,0,2,3,3,3,2,3,3,3,3,3,3,1,4,3,3,3,3,2,2,0,2,1,3,2,3,3,3,3,2,1,3,2,3,3,3,3,0,3,2,2,3,4,3,1,1,1,3,3,2,3,1,2,4,1,2,2,2,2,3,3,0,2,3,3,2,3,3,4,4,1,1,0,2,3,2,0,2,4,1,3,1,3,4,4,0,3,4,1,4,1,1,3,4,0,0,0,2,3,2,4,4,2,2,3,3,2,3,3,0,3,3,2,2,0,0,0,0,0,0,0,0,0,0,1,0,0,0,3,3,2,0,2,1,3,2,3,3,3,0,3,3,0,3,3,2,3,2,3,2,3,1,2,2,2,3,2,4,2,3,2,0,1,3,2,3,3,3,3,3,3,3,2,2,3,3,3,3,2,2,2,3,2,2,3,2,3,2,3,3,2,0,1,4,3,3"
89,1.411266933213591,"0,0,3,1,0,4,3,3,1,0,1,4,2,0,3,4,3,3,3,3,3,3,2,3,2,2,3,3,0,2,0,4,4,4,1,4,4,3,2,4,3,2,3,1,2,4,4,1,0,2,3,2,3,2,3,0,2,3,3,2,2,0,2,3,3,2,3,0,2,1,1,3,3,2,3,3,3,4,1,2,3,3,0,2,3,3,3,2,3,3,3,3,3,3,1,4,3,3,3,3,2,2,0,2,1,3,2,3,3,3,3,3,1,3,2,3,3,3,3,0,2,2,2,3,4,3,1,1,1,3,3,2,3,1,2,4,1,4,2,2,2,3,3,0,3,3,3,2,3,3,4,4,1,1,0,2,3,2,0,2,4,1,3,1,3,4,4,0,3,4,1,4,1,1,3,4,0,0,0,2,3,2,4,4,2,2,3,3,2,3,3,0,3,3,2,2,0,0,0,0,0,0,0,0,0,0,1,0,0,0,3,3,2,0,2,1,3,2,3,3,3,0,3,3,0,3,3,2,3,2,3,2,3,1,2,2,2,3,2,4,2,3,2,0,1,3,2,3,3,3,3,3,3,3,2,2,3,3,3,3,2,2,2,3,2,2,3,2,3,2,3,3,2,0,1,4,3,3"
90,1.411991797826076,"0,0,3,1,0,4,3,3,1,0,1,4,2,0,3,4,3,3,3,3,3,3,2,3,2,2,3,3,0,2,0,4,4,4,4,4,4,3,2,4,3,2,3,1,2,4,4,2,0,2,3,2,3,2,3,2,2,3,3,2,2,0,2,3,3,2,3,0,2,1,1,3,3,2,3,3,3,4,1,2,3,3,0,2,3,3,3,2,3,3,3,3,3,3,1,4,3,3,3,3,2,2,0,2,1,3,2,3,3,3,3,2,1,3,2,3,3,3,3,0,3,2,2,3,4,3,1,1,1,3,3,2,3,1,2,4,1,2,2,2,2,3,3,0,2,3,3,2,3,3,4,4,1,1,0,2,3,2,0,2,4,1,3,1,3,4,4,0,3,4,1,4,1,1,3,4,0,0,0,2,3,2,4,4,2,2,3,3,2,3,3,0,3,3,2,2,0,0,0,0,0,0,0,0,0,0,1,0,0,0,3,3,2,0,2,1,3,2,3,3,3,0,3,3,0,3,1,2,3,2,3,2,3,1,2,2,2,3,2,4,2,3,2,0,1,3,2,3,3,3,3,3,3,3,2,2,3,3,3,3,2,2,2,3,2,2,3,2,3,2,3,3,2,0,1,4,3,3"
91,1.4126512580356136,"0,0,3,1,0,4,3,3,1,0,1,4,2,0,3,4,3,3,3,3,3,3,2,3,2,2,3,3,0,2,0,4,4,4,4,4,4,3,2,4,3,2,3,1,2,4,4,2,0,2,3,2,3,2,3,2,2,3,3,2,2,0,2,3,3,2,3,0,2,1,1,3,3,2,3,3,3,4,1,2,3,3,0,2,3,3,3,2,3,3,3,3,3,3,1,4,3,3,3,3,2,2,0,2,1,3,2,3,3,3,3,2,1,3,2,3,3,3,3,0,3,2,2,3,4,3,1,1,1,3,3,2,3,1,2,4,1,2,2,2,2,3,3,0,2,3,3,2,3,3,4,4,1,1,0,2,3,2,0,2,4,1,3,1,3,4,4,0,3,4,1,4,1,1,3,4,0,0,0,2,3,2,4,4,2,2,3,3,2,3,3,0,3,3,2,2,0,0,0,0,0,0,0,0,0,0,1,0,0,0,3,3,1,0,2,1,3,2,3,3,3,0,3,3,0,3,3,2,3,2,3,2,3,1,2,2,2,3,2,4,2,3,2,0,1,3,2,3,3,3,3,3,3,3,2,2,3,3,3,3,2,2,2,3,2,2,3,2,2,2,3,3,2,0,1,4,3,3"
92,1.412758655404005,"0,0,3,1,0,4,3,3,1,0,1,4,2,0,3,4,3,3,3,3,3,3,2,3,2,2,3,3,0,2,0,4,4,4,4,4,4,3,2,4,3,2,3,1,2,4,4,2,0,2,3,2,3,2,3,2,2,3,3,2,2,0,2,3,3,2,3,0,2,1,1,3,3,2,3,3,3,4,1,2,3,3,0,2,3,3,3,2,3,3,3,3,3,3,1,4,3,3,3,3,2,2,0,2,1,3,2,3,3,3,3,2,1,3,2,3,3,3,3,0,3,2,2,3,4,3,1,1,1,3,3,2,3,1,2,4,1,2,2,2,2,3,3,0,2,3,3,2,3,3,4,4,1,1,0,2,3,2,0,2,4,1,3,1,3,4,4,0,3,4,1,4,1,1,3,4,0,0,0,2,3,2,4,4,2,2,3,3,2,3,3,0,3,3,2,2,0,0,0,0,0,0,0,0,0,0,1,0,0,0,3,3,2,0,2,1,3,2,3,3,3,0,3,3,0,3,3,2,3,2,3,2,3,1,2,2,2,3,2,4,2,3,2,0,1,3,2,3,3,3,3,3,3,3,2,2,3,3,3,3,2,2,2,3,2,2,3,2,2,2,3,3,2,0,1,4,3,3"
93,1.4127364526333523,"0,0,3,1,0,4,3,3,1,0,1,4,2,0,3,4,3,3,3,3,3,3,2,3,2,2,3,3,0,2,0,4,4,4,4,4,4,3,2,4,3,2,3,1,2,4,4,2,0,2,3,2,3,2,3,2,2,3,3,2,2,0,2,3,3,2,3,0,2,1,1,3,3,2,1,3,3,4,1,2,3,3,0,2,3,3,3,2,3,3,3,3,3,3,1,4,3,3,3,3,2,2,0,2,1,3,2,3,3,3,3,2,1,3,2,3,3,3,3,0,3,2,2,3,4,3,1,1,1,3,3,2,3,1,2,4,1,2,2,2,2,3,3,0,2,3,3,2,3,3,4,4,1,1,0,2,3,2,0,2,4,1,3,1,3,4,4,0,3,4,1,4,1,1,3,4,0,0,0,2,3,2,4,4,2,2,3,3,2,3,3,0,3,3,2,2,0,0,0,0,0,0,0,0,0,0,0,0,0,0,3,1,2,0,1,1,3,2,3,3,3,0,3,3,2,3,3,2,3,2,3,2,3,1,2,2,2,3,2,4,2,3,2,0,1,3,2,3,3,3,3,3,3,3,2,2,3,3,3,3,2,2,2,3,2,2,3,3,2,2,3,3,2,0,1,4,3,3"
94,1.4129520823654187,"0,0,3,1,0,4,3,3,1,0,1,4,2,0,3,4,3,3,3,3,3,3,2,3,2,2,3,3,0,2,0,4,4,4,4,4,4,3,2,4,3,2,3,1,2,4,4,2,0,2,3,2,3,2,3,2,2,3,3,2,2,0,2,3,3,2,3,0,2,1,1,3,3,2,1,3,3,4,1,2,3,3,0,2,3,3,3,2,3,3,3,3,3,3,1,4,3,3,3,3,2,2,0,2,1,3,2,3,3,3,3,2,1,3,2,3,3,3,3,0,3,2,2,3,4,3,1,1,1,3,3,2,3,1,2,4,1,2,2,2,2,3,3,0,2,3,3,2,3,3,4,4,1,1,0,2,3,2,0,2,4,1,3,1,3,4,4,0,3,4,1,4,1,1,3,4,0,0,0,2,3,2,4,4,2,2,3,3,2,3,3,0,3,3,2,2,0,0,0,0,0,0,0,0,0,0,0,0,0,0,3,3,2,3,2,1,3,2,3,3,3,0,3,3,2,3,3,2,3,2,3,2,3,1,2,2,2,3,2,4,2,3,2,0,1,3,2,3,3,3,3,3,3,3,2,2,3,3,0,3,2,2,2,3,2,2,3,2,2,2,3,3,2,0,1,4,3,3"
95,1.4135046362773882,"0,0,3,1,0,4,3,3,1,0,1,4,2,0,3,4,3,3,3,3,3,3,2,3,2,2,3,3,0,2,0,4,4,4,4,4,4,3,2,4,3,2,3,1,2,4,4,2,0,2,3,2,3,2,3,2,2,3,3,2,2,0,2,3,3,2,3,0,2,1,1,3,3,2,1,3,3,4,1,2,3,3,0,2,3,3,3,2,3,3,3,3,3,3,1,4,3,3,3,3,2,2,0,2,1,3,2,3,3,3,3,2,1,3,2,3,3,3,3,0,3,2,2,3,4,3,1,1,1,3,3,2,3,1,2,4,1,2,2,2,2,3,3,0,2,3,3,2,3,3,4,4,1,1,0,2,3,2,0,2,4,1,3,1,3,4,4,0,3,4,1,4,1,1,3,4,0,0,0,2,3,2,4,4,2,2,3,3,2,3,3,0,3,3,2,2,0,0,0,0,0,0,0,0,0,0,0,0,0,0,3,3,2,0,2,1,3,2,3,3,3,0,3,3,2,3,3,2,3,2,3,4,3,1,2,2,2,3,2,4,2,3,2,0,1,3,2,3,3,3,3,3,3,3,2,2,3,3,3,3,2,2,2,3,2,2,3,2,2,2,3,3,2,0,1,4,2,3"
96,1.4132480324286396,"0,0,3,1,0,4,3,2,1,0,1,4,2,0,3,4,3,3,3,3,3,3,2,3,2,2,3,3,0,2,0,4,4,4,4,4,4,3,2,4,3,2,3,1,2,4,4,2,0,2,3,2,3,2,3,2,2,3,3,2,2,0,2,3,3,2,3,0,2,1,1,3,3,2,1,3,3,4,1,2,3,3,0,2,3,3,3,2,3,3,3,3,3,3,1,4,3,3,3,3,2,2,0,2,1,3,2,3,3,3,3,2,1,3,2,3,3,3,3,0,3,2,2,3,4,3,1,1,1,3,3,2,3,1,2,4,1,2,2,2,2,3,3,0,2,3,3,2,3,3,4,4,1,1,0,2,3,2,0,2,4,1,3,1,3,4,4,0,3,4,1,4,1,1,3,4,0,0,0,2,3,2,4,4,2,2,3,3,2,3,3,4,3,3,2,2,0,0,0,0,0,0,0,0,0,0,0,0,0,0,3,3,2,0,2,1,3,2,3,3,3,0,3,3,2,3,3,2,3,2,3,4,3,1,2,2,2,3,2,4,2,3,2,0,1,2,2,3,3,3,3,3,3,3,2,2,3,3,3,3,2,2,2,3,2,2,3,2,2,2,3,3,2,0,1,4,2,3"
97,1.412963225150033,"0,0,3,1,0,4,3,2,1,0,1,4,2,0,3,4,3,3,3,3,3,3,2,3,2,2,3,3,0,2,0,4,4,4,4,4,4,3,2,4,3,3,3,1,2,4,4,2,0,2,3,2,3,2,3,2,2,3,3,2,2,0,2,3,3,2,3,0,2,1,1,3,3,2,1,3,3,4,1,2,3,3,0,2,3,3,3,2,3,3,3,3,3,3,1,4,3,3,3,3,2,2,0,2,1,3,2,3,3,3,3,2,1,3,2,3,3,3,3,0,2,0,2,3,4,3,1,1,1,3,3,2,3,1,2,4,1,2,2,2,2,3,3,0,2,3,3,2,3,3,4,4,0,1,0,2,3,2,0,2,4,1,3,1,3,4,4,0,3,4,1,4,1,1,3,4,0,0,0,2,3,2,4,4,2,2,3,3,2,3,3,0,3,3,2,2,0,0,0,0,0,0,0,0,0,0,0,0,0,0,3,3,2,0,2,1,3,2,3,3,3,0,3,3,2,3,3,2,3,2,3,4,3,1,2,2,2,3,2,4,2,3,2,0,1,3,2,3,3,3,3,3,3,3,2,2,3,3,3,3,2,2,2,3,2,2,3,2,2,2,3,3,2,0,1,4,2,3"
98,1.4125587240652029,"0,0,3,1,0,4,3,2,1,0,1,4,2,0,3,4,3,3,3,3,3,3,2,3,2,2,3,3,0,2,0,4,4,4,4,4,4,3,2,4,3,3,3,1,2,4,4,2,0,2,3,2,3,2,3,2,2,3,3,2,2,0,2,3,3,2,3,0,2,1,1,3,3,2,1,3,3,4,1,2,3,3,0,2,3,3,3,2,3,3,3,3,3,3,1,4,3,3,3,3,2,2,0,2,1,3,2,3,3,3,3,2,1,3,2,3,3,3,3,0,2,0,2,3,4,3,1,1,1,3,3,2,3,1,2,4,1,2,2,2,2,3,3,0,2,3,3,2,3,3,4,4,0,1,0,2,3,2,0,2,4,1,3,1,3,4,4,0,3,4,1,4,1,1,3,4,0,0,0,2,3,2,4,4,2,2,3,3,2,3,3,0,3,3,2,2,0,0,0,0,0,0,0,0,0,0,0,0,0,0,3,3,2,0,2,1,3,2,3,3,3,0,3,3,2,3,3,2,3,2,3,4,3,1,2,2,0,3,2,4,2,3,2,0,1,3,2,3,3,3,3,3,3,3,2,2,3,3,3,3,2,2,2,3,2,2,3,2,2,2,3,3,2,0,1,4,2,3"
99,1.414374112347272,"0,0,3,1,2,4,3,2,1,0,1,4,2,0,3,4,3,3,3,3,3,3,2,3,2,2,3,3,0,2,0,4,4,4,4,4,4,3,2,4,3,2,3,3,2,4,4,2,0,2,3,2,3,2,3,2,2,3,3,2,2,0,2,3,3,2,3,0,2,1,1,3,3,2,1,3,3,4,1,2,3,3,0,2,3,3,3,2,3,3,3,3,3,3,1,4,3,3,3,1,2,2,0,2,1,3,2,3,3,3,3,2,1,3,2,3,3,3,3,0,3,2,2,3,4,3,1,1,1,3,3,2,3,1,2,4,1,2,2,2,2,3,3,0,2,3,3,2,3,3,4,4,1,1,0,2,3,2,2,2,4,1,3,1,3,4,4,0,3,4,1,4,1,1,3,4,0,0,2,2,3,2,4,4,2,2,3,3,2,3,3,0,3,3,2,2,0,0,0,0,0,0,0,0,0,0,0,0,0,0,3,3,2,0,2,1,3,2,3,3,3,0,3,3,2,3,3,2,3,2,3,4,3,1,2,2,2,3,2,4,2,3,2,0,1,3,2,3,3,3,3,3,3,3,2,2,3,3,3,3,2,2,2,3,2,2,3,2,2,2,3,3,2,0,1,4,2,3"
100,1.414287737833141,"0,0,3,1,2,4,3,2,1,0,1,4,2,0,3,4,3,3,3,3,3,3,2,3,2,2,3,3,0,2,0,4,4,4,4,4,4,3,2,4,3,2,3,3,2,4,4,2,0,2,3,2,3,2,3,2,2,3,3,2,2,0,2,3,3,2,3,0,2,1,1,3,3,2,1,3,3,4,1,2,3,3,0,2,3,3,3,2,3,3,3,3,3,3,1,4,3,3,3,0,2,2,0,2,1,3,2,3,3,3,3,2,1,3,2,3,3,3,3,0,3,2,2,3,4,3,1,1,1,3,3,2,3,1,2,4,1,2,2,2,2,3,3,0,2,3,3,2,3,3,4,4,1,1,0,2,3,3,0,2,4,1,3,1,3,4,4,0,3,4,1,4,1,1,3,4,0,0,0,2,3,2,4,4,2,2,3,3,2,3,3,0,3,3,2,2,0,0,0,0,0,0,0,0,0,0,0,0,0,0,3,3,2,0,2,1,3,2,3,3,3,0,3,3,2,3,3,2,3,2,3,4,3,1,2,2,2,3,2,4,2,3,2,0,1,3,2,3,3,3,3,3,3,3,2,2,3,3,3,3,2,2,2,3,2,2,3,2,2,2,3,3,2,0,1,4,2,3"
101,1.4150605160137455,"0,0,3,1,2,4,3,2,1,0,1,4,2,0,3,4,3,3,3,3,3,3,2,3,2,2,3,3,0,2,0,4,4,4,4,4,4,3,2,4,3,2,3,3,3,4,4,2,0,2,3,2,3,2,3,2,2,3,3,2,2,0,2,3,3,2,3,0,2,1,1,3,3,2,1,3,3,4,1,2,3,3,0,2,3,3,3,2,3,3,3,3,3,3,1,4,3,3,3,1,2,2,0,2,1,3,2,3,3,3,3,2,2,3,2,3,3,3,3,0,3,2,2,3,4,3,1,1,1,3,3,2,3,1,2,4,1,2,2,2,2,3,3,0,2,3,3,2,3,3,4,4,1,1,0,2,3,2,2,2,4,1,3,1,3,4,4,0,3,4,1,4,1,1,3,4,0,0,2,2,3,2,4,4,2,2,3,3,2,3,3,0,3,3,2,2,0,0,0,0,0,0,0,0,0,0,0,0,0,0,3,3,2,0,2,1,3,2,3,3,3,0,3,3,2,3,3,2,3,2,3,4,3,1,3,2,2,3,2,4,2,3,2,0,1,3,2,3,3,3,3,3,3,3,2,3,3,3,3,3,2,2,2,3,2,2,3,2,2,2,3,3,2,0,1,4,2,3"
102,1.4152777644526537,"0,0,3,1,2,4,3,2,1,0,1,4,2,0,3,4,3,3,3,3,3,3,2,3,2,2,3,3,0,2,0,4,4,4,4,4,4,3,2,4,3,2,3,3,3,4,4,2,0,2,3,2,3,2,3,2,2,3,3,2,2,0,2,3,3,2,3,0,2,1,1,3,3,2,1,3,3,4,1,2,3,3,0,2,3,3,3,2,3,3,3,3,3,3,1,4,3,3,3,1,2,2,0,2,1,3,2,3,3,3,3,2,2,3,2,3,3,3,3,0,3,2,2,3,4,3,1,1,1,3,3,2,3,1,2,4,1,2,2,2,2,3,3,0,2,3,3,2,3,3,4,4,1,1,0,2,3,2,2,2,4,1,3,1,3,4,4,0,3,4,1,4,1,1,3,4,0,0,2,2,3,2,4,4,2,2,3,3,2,3,3,0,3,3,2,2,0,0,0,0,0,0,0,0,0,0,0,0,0,0,3,3,2,0,2,1,3,2,3,3,3,0,3,3,2,3,3,2,3,2,3,4,3,1,3,2,2,3,2,4,2,3,2,0,1,3,2,3,3,3,3,3,3,3,2,2,3,3,3,3,2,2,2,3,2,2,3,2,2,2,3,3,2,0,1,4,2,3"
103,1.4153710735890812,"0,0,3,3,2,4,3,2,1,0,1,4,2,0,3,4,3,3,3,3,3,3,2,3,2,2,3,3,0,2,0,4,4,4,4,4,4,3,2,4,3,2,3,3,3,4,4,2,0,2,3,2,3,2,3,2,2,3,3,2,2,0,2,3,3,2,3,0,2,1,1,3,3,2,1,3,3,4,1,2,3,3,0,2,3,3,3,2,3,3,3,3,3,3,1,4,3,3,3,1,2,2,0,2,1,3,2,3,3,3,3,2,2,3,2,3,3,3,3,0,3,2,2,3,4,3,1,1,1,3,3,2,3,1,2,4,1,2,2,2,2,3,3,0,2,3,3,2,3,3,4,4,1,1,0,2,3,2,2,2,4,1,3,1,3,4,4,0,3,4,1,4,1,1,3,4,0,0,2,2,3,2,4,4,2,2,3,3,2,3,3,0,3,3,2,2,0,0,0,0,0,0,0,0,0,0,0,0,0,0,3,3,2,0,2,1,3,2,3,3,3,0,3,3,2,3,3,2,3,2,3,4,3,1,3,2,2,3,2,4,2,3,2,0,1,3,2,3,3,3,3,3,3,3,2,2,3,3,3,3,2,2,2,3,2,2,3,2,2,2,3,3,2,0,1,4,2,3"
104,1.4157820484900556,"0,0,3,3,2,4,3,2,1,0,1,4,2,0,3,4,3,3,3,3,3,3,2,3,2,2,3,3,0,2,0,4,4,4,4,4,4,3,2,4,3,2,3,3,3,4,4,2,0,2,3,2,3,2,3,2,2,3,3,2,2,0,2,3,3,2,3,0,2,1,1,3,3,2,1,3,3,4,1,2,3,3,0,2,3,3,3,2,3,3,3,3,3,3,1,4,3,3,3,1,2,2,0,2,1,3,2,3,3,3,3,2,2,3,2,3,3,3,3,0,3,2,2,3,4,3,1,1,1,3,3,2,3,1,0,4,1,2,2,2,2,3,3,0,2,3,3,2,3,3,4,4,1,1,0,2,3,2,2,2,4,1,3,1,3,4,4,0,3,4,1,4,1,1,3,4,0,0,2,2,3,2,4,4,2,2,3,3,2,3,3,0,3,3,3,2,0,0,0,0,0,0,0,0,0,0,0,0,0,0,3,3,2,0,2,1,3,2,3,3,3,0,3,3,2,3,3,2,3,2,3,4,3,1,3,2,2,3,2,4,2,3,2,0,1,3,2,3,3,3,3,3,3,3,2,2,3,3,3,3,2,2,2,3,2,2,3,2,2,2,3,3,2,0,1,4,2,3"
105,1.4156044387822486,"0,0,3,3,2,1,3,2,1,0,1,4,2,0,3,4,3,3,3,3,3,3,2,3,2,2,3,3,0,2,0,4,4,4,4,1,4,3,3,4,3,2,3,3,3,4,4,2,0,2,3,2,3,2,3,2,2,3,3,2,2,0,2,3,3,2,3,1,2,1,1,3,3,2,3,3,3,4,1,2,3,3,0,2,3,3,3,2,3,3,3,3,3,3,1,4,3,3,3,1,2,2,0,2,1,2,2,3,3,3,3,2,2,3,2,3,3,3,3,0,3,2,2,3,4,3,1,1,1,3,3,2,3,1,2,4,1,2,2,2,2,3,3,0,2,3,3,2,3,3,4,4,1,1,0,2,3,3,2,2,4,1,1,1,3,4,4,0,3,4,1,4,1,1,3,4,0,0,2,2,2,2,4,4,2,2,3,3,2,3,3,0,3,3,2,2,0,0,0,0,0,0,0,0,0,0,0,0,0,0,3,3,2,0,2,1,3,0,3,1,3,0,3,3,2,3,3,2,3,2,3,4,3,1,3,2,2,3,2,4,2,3,2,1,1,3,3,3,3,3,3,3,3,3,2,2,3,3,3,3,2,2,2,3,2,2,3,2,2,2,3,3,2,0,1,4,2,3"
106,1.4151539550070615,"0,0,3,3,2,1,3,2,1,0,1,4,2,0,3,4,3,3,3,3,3,3,2,3,2,2,3,3,0,2,0,4,4,4,4,1,4,3,3,4,3,2,3,3,3,4,4,3,0,2,3,2,3,2,3,2,2,3,3,2,2,0,2,3,3,2,3,1,2,1,1,3,3,2,3,3,3,4,1,4,3,3,0,2,3,3,3,2,3,3,3,3,3,3,1,4,3,3,3,1,2,2,0,2,1,2,2,3,3,3,3,2,2,3,2,3,3,3,3,0,3,2,2,3,4,3,1,1,1,3,3,2,3,1,2,4,1,2,2,2,2,3,3,0,2,3,3,2,3,3,4,4,1,1,0,2,3,2,2,2,4,1,3,1,3,4,4,0,3,4,1,4,1,1,3,4,0,0,2,2,3,2,4,4,2,2,3,3,2,3,3,0,3,3,3,2,0,0,0,0,0,0,0,0,0,0,0,0,0,0,3,3,2,0,2,1,3,2,3,3,3,0,3,3,2,3,3,2,3,2,3,4,3,1,3,2,2,3,2,4,2,3,2,0,1,3,2,3,3,3,3,3,3,3,2,2,3,3,3,3,2,2,2,3,2,2,3,2,2,2,3,3,2,0,1,4,2,3"
107,1.4172694453186288,"0,0,3,3,2,1,3,2,1,0,1,4,2,0,3,4,3,3,3,3,3,3,2,3,2,2,3,3,0,2,0,4,4,4,4,1,4,3,3,4,3,2,3,3,3,4,4,2,0,2,3,2,3,2,3,2,2,3,3,2,2,0,2,3,3,2,3,1,2,1,1,3,3,2,2,3,3,4,1,2,3,3,0,2,3,3,3,2,3,3,3,3,3,3,1,4,3,3,3,1,2,2,0,2,1,2,2,3,3,3,3,2,2,3,2,3,3,3,3,0,3,2,2,3,4,3,1,1,1,3,3,2,3,1,2,4,1,2,2,2,2,3,3,0,2,2,3,2,3,3,4,4,1,1,0,2,3,3,2,2,4,1,3,1,3,4,4,0,3,4,1,4,1,1,3,4,0,0,2,2,2,2,4,4,2,2,3,3,3,3,3,0,3,3,2,2,0,0,0,0,0,0,0,0,0,0,0,0,0,0,3,4,2,0,2,1,3,2,3,3,3,0,3,3,0,3,3,2,3,2,3,4,3,1,3,2,2,3,2,1,2,3,2,0,1,3,2,3,3,3,3,3,3,3,2,2,3,3,3,3,2,2,2,3,2,2,3,2,2,2,3,3,2,0,1,4,2,3"
108,1.416753498594343,"0,0,3,3,2,1,3,2,1,0,1,4,2,0,3,4,3,3,3,3,3,3,2,3,2,2,3,3,0,2,0,4,4,4,4,1,4,3,3,4,3,2,3,3,3,4,4,2,0,2,3,2,3,2,3,2,2,3,3,2,2,0,2,3,3,2,3,0,2,1,1,3,3,2,1,3,3,4,1,2,3,3,0,2,3,3,3,2,3,3,3,3,3,3,1,4,3,3,3,1,2,2,0,2,1,3,2,3,3,3,3,2,2,3,2,3,3,3,3,0,3,2,2,3,4,3,1,1,1,3,3,2,3,1,2,4,1,2,2,2,2,3,3,0,2,2,3,2,3,3,4,4,1,1,0,2,3,3,2,2,4,1,3,1,3,4,4,0,3,4,1,4,1,1,3,4,0,0,2,2,2,2,4,4,2,2,3,3,3,3,3,0,3,3,2,2,0,0,0,0,0,0,0,0,0,0,0,0,0,0,3,3,2,0,2,1,3,2,3,3,3,0,3,3,0,3,3,2,3,2,3,4,3,1,4,2,2,3,2,1,2,3,2,0,1,3,2,3,3,3,3,3,3,3,2,2,3,3,3,3,2,2,2,3,2,2,3,2,2,2,3,3,2,0,1,4,2,3"
109,1.4173705476474292,"0,0,3,3,2,1,3,2,1,0,1,4,2,0,3,4,3,3,3,3,3,3,2,3,2,2,3,3,0,2,0,4,4,4,4,1,4,3,3,4,3,2,3,3,3,4,4,2,0,2,3,2,3,2,3,2,2,3,3,2,2,0,2,3,3,2,3,1,2,1,1,3,3,2,2,3,3,4,1,2,3,3,0,2,3,3,3,2,3,3,3,3,3,3,1,4,3,3,3,1,2,2,0,2,1,2,2,3,3,3,3,2,2,3,2,3,3,3,3,0,3,2,2,3,4,3,1,1,1,3,3,2,3,1,2,4,1,2,2,2,2,3,3,0,2,2,3,2,3,3,4,4,1,1,0,2,4,3,2,2,4,1,3,1,3,4,4,0,3,4,1,4,1,1,3,4,0,0,2,2,2,2,4,4,2,2,3,3,3,3,3,0,3,3,2,2,0,0,0,0,0,0,0,0,0,0,0,0,0,0,3,3,2,0,2,1,3,2,3,3,3,0,3,3,2,3,3,2,3,2,3,1,3,1,3,2,2,3,2,4,2,3,2,0,1,3,2,3,3,3,3,3,3,3,2,2,3,3,3,3,2,2,2,3,2,2,3,2,2,2,3,3,2,0,1,4,2,3"
110,1.4173890550711798,"0,0,3,3,2,1,3,2,1,0,1,4,2,0,3,4,3,3,3,3,3,3,2,3,2,2,3,3,0,2,0,4,4,4,4,1,4,3,3,4,3,2,3,3,3,4,4,2,0,2,3,2,3,2,3,2,2,3,3,2,2,0,2,3,3,2,3,1,2,1,1,3,3,2,2,3,3,4,1,2,3,3,0,2,3,3,3,2,3,3,3,3,3,3,1,4,3,3,3,1,2,2,0,2,1,2,2,3,3,3,3,2,2,3,2,3,3,3,3,0,3,2,2,3,4,3,1,1,1,3,3,2,3,1,2,4,1,2,2,2,2,3,3,0,2,2,3,2,3,3,4,4,1,1,0,2,4,3,2,2,4,1,3,1,3,4,4,0,3,4,1,4,1,1,3,4,0,0,2,2,2,2,4,4,2,2,3,3,3,3,3,0,3,3,2,2,0,0,0,0,0,0,0,0,0,0,0,0,0,0,3,3,2,0,2,1,3,2,3,3,3,0,3,3,2,3,3,2,3,2,3,1,3,1,3,2,2,3,2,4,4,3,2,0,1,3,2,3,3,3,3,3,3,3,2,2,3,3,3,3,2,2,2,3,2,2,3,2,2,2,3,3,2,0,1,4,2,3"
111,1.4181653321007797,"0,0,3,3,2,1,3,2,1,0,1,4,2,0,3,4,3,3,3,3,3,3,2,3,2,2,3,3,0,2,0,4,4,4,4,1,4,3,3,4,3,2,3,3,3,4,4,2,0,2,3,2,3,2,3,2,2,3,3,2,2,0,2,3,3,2,3,1,2,1,1,3,3,2,2,3,3,4,1,2,3,3,0,2,3,3,3,2,3,3,3,3,3,3,1,4,3,3,3,1,2,2,0,2,1,2,2,3,3,3,3,2,2,3,2,3,3,3,3,0,3,2,2,3,4,3,1,1,1,3,3,2,3,1,2,4,1,2,2,2,2,3,3,0,2,2,3,2,3,3,4,4,1,1,0,2,4,3,2,2,4,1,3,3,3,4,4,0,3,4,1,4,1,1,3,4,0,0,2,2,2,2,4,4,2,2,3,3,3,3,3,2,3,3,2,2,0,0,0,0,0,0,0,0,0,0,0,0,0,0,3,3,2,0,2,1,3,2,3,3,3,0,3,3,2,3,3,2,3,2,3,1,3,1,3,2,2,3,2,4,2,3,2,0,1,3,2,3,3,3,3,3,3,3,2,2,3,3,3,3,2,2,2,3,2,2,3,2,2,2,3,3,2,0,1,4,2,3"
112,1.4176963354968617,"0,0,3,3,2,1,3,2,1,0,1,4,2,0,3,4,3,3,3,3,3,3,2,3,2,2,3,3,0,2,0,4,4,4,4,1,4,3,3,4,3,2,3,3,3,4,4,2,0,2,3,2,3,2,3,2,2,3,3,2,2,0,2,3,3,2,3,1,2,1,1,3,3,2,2,3,3,4,1,2,3,3,0,2,3,3,3,2,3,3,3,3,3,3,1,4,3,3,3,1,2,2,0,2,1,2,2,3,3,3,3,2,2,3,2,3,3,3,3,0,3,2,2,3,4,3,1,1,1,3,3,2,3,1,2,4,1,2,2,2,2,3,3,0,2,2,3,2,3,3,4,4,1,1,0,2,4,3,2,2,4,1,3,3,3,4,4,0,3,4,1,4,1,1,3,4,0,0,2,2,2,2,4,4,2,2,3,3,3,3,3,2,3,3,2,2,0,0,0,0,0,0,0,0,0,0,0,0,0,0,3,3,2,0,2,1,3,2,3,3,3,0,3,3,2,3,3,2,3,2,3,1,3,1,3,2,2,3,2,4,2,3,2,0,1,3,2,3,3,3,3,3,3,3,2,2,0,3,3,3,2,2,2,3,2,2,3,2,2,2,3,3,2,0,1,4,2,3"
113,1.419023252341598,"0,0,3,3,2,1,3,2,1,0,1,4,2,0,3,4,3,3,3,3,3,3,2,3,2,2,3,3,0,2,0,4,4,4,4,1,4,3,3,4,3,2,3,3,3,4,4,2,0,2,3,2,3,2,3,2,2,3,3,2,2,0,2,3,3,2,3,1,2,1,1,3,3,2,2,3,3,4,1,2,3,3,0,2,3,3,3,2,3,3,3,3,3,3,1,4,3,3,3,1,2,2,0,2,1,2,2,3,3,3,3,2,2,3,2,3,3,3,3,0,3,2,2,3,4,3,1,1,1,3,3,2,3,1,2,4,1,2,2,2,2,3,3,0,2,2,3,2,3,3,4,4,1,1,0,2,4,3,2,2,4,1,3,3,3,4,4,0,3,4,1,4,1,1,2,2,0,0,2,2,2,2,4,4,2,2,3,3,3,3,3,2,3,3,2,2,0,0,0,0,0,0,0,0,0,0,0,0,0,0,3,3,2,0,2,1,3,2,3,3,3,0,3,3,2,3,3,2,3,2,3,1,3,1,3,2,2,3,2,4,2,3,2,0,1,3,2,3,3,3,3,3,3,3,2,2,3,3,3,3,2,2,2,3,2,2,3,2,2,2,3,3,2,0,1,4,2,3"
114,1.419251440774212,"0,0,3,3,2,1,3,2,1,0,1,4,2,0,3,4,3,3,3,3,3,3,2,3,2,2,3,3,0,2,0,4,4,4,4,1,4,3,3,4,3,2,3,3,3,4,4,2,0,2,3,2,3,2,3,2,2,3,3,2,2,0,2,3,3,2,3,1,2,1,1,3,3,2,2,3,3,4,1,2,3,3,0,2,3,3,3,2,3,3,3,3,3,3,1,4,3,3,3,1,2,2,0,2,1,2,2,3,3,3,3,2,2,3,2,3,3,3,3,0,3,2,2,3,4,3,1,1,1,3,3,2,3,1,2,4,1,2,2,2,2,3,3,0,2,2,3,2,3,3,4,4,1,1,0,2,4,3,2,2,4,1,3,3,3,4,4,0,3,4,1,4,1,1,2,2,0,0,2,2,2,2,4,4,2,2,3,3,3,3,3,2,3,3,2,2,0,0,0,0,0,0,0,0,0,0,0,0,0,0,3,3,2,0,2,1,3,2,3,3,3,0,3,2,2,3,3,2,3,2,3,1,3,1,3,2,2,3,2,4,2,3,2,0,1,3,2,3,3,3,3,3,3,3,2,2,3,3,3,3,2,2,2,3,2,2,3,2,2,2,3,3,2,3,1,4,2,3"
115,1.4192207639757854,"0,0,3,3,2,1,3,2,1,0,1,4,2,0,3,4,3,3,3,3,3,3,2,3,2,2,3,3,0,2,0,4,4,4,4,1,4,3,3,4,3,2,3,3,3,4,4,2,0,2,3,2,3,2,3,2,2,3,3,2,2,0,2,3,3,2,3,1,2,1,1,3,3,2,2,3,3,4,1,2,3,3,0,2,3,3,3,2,3,3,3,3,3,3,1,4,3,3,3,1,2,2,0,2,1,2,2,3,3,3,3,2,2,3,2,3,3,3,3,0,3,2,2,3,4,3,1,1,1,3,3,2,3,1,2,4,1,2,2,2,2,3,3,0,2,2,3,2,3,3,4,4,1,1,0,2,4,3,2,2,4,1,3,3,3,4,4,0,3,4,1,4,1,1,2,2,0,0,2,2,2,2,4,4,2,2,3,3,3,3,3,2,3,3,2,2,0,0,0,0,0,0,0,0,0,0,0,0,0,0,3,3,2,0,2,1,3,2,3,3,3,0,3,2,2,3,3,2,3,2,3,1,3,1,3,2,2,3,2,4,2,3,2,0,1,3,2,3,3,3,3,3,3,3,2,2,3,3,3,3,2,2,2,3,2,2,3,2,2,2,3,3,2,0,1,4,2,3"
116,1.4198760329626277,"0,0,3,3,2,1,3,2,1,0,1,4,2,0,3,4,3,3,3,3,3,3,2,3,2,2,3,3,0,2,0,4,4,4,4,1,4,3,3,4,3,2,3,3,3,4,4,2,0,2,3,2,3,2,3,2,2,3,3,2,2,0,2,3,3,2,3,1,2,1,1,3,3,2,2,3,3,4,1,2,3,3,0,2,3,3,3,2,3,3,3,3,3,3,1,4,3,3,3,1,2,2,0,2,1,2,2,3,3,3,3,2,2,3,2,3,3,3,3,0,3,2,2,3,4,3,1,1,1,3,3,2,3,1,2,4,1,2,2,2,2,3,3,0,2,2,3,2,3,3,4,4,1,1,0,2,4,3,2,2,4,1,3,3,3,4,4,0,3,4,1,4,1,1,2,2,0,2,2,2,2,2,4,4,2,2,3,3,3,3,3,2,3,3,2,2,0,0,0,0,0,0,0,0,0,0,0,0,0,0,3,3,2,0,2,1,3,2,3,3,3,4,3,3,2,3,3,2,3,2,3,1,3,1,3,2,2,3,3,4,2,3,2,0,1,3,2,3,3,3,2,3,3,3,2,2,3,3,3,3,2,2,2,3,2,2,3,2,2,2,3,3,2,0,1,4,2,3"
117,1.4198760329626277,"0,0,3,3,2,1,3,2,1,0,1,4,2,0,3,4,3,3,3,3,3,3,2,3,2,2,3,3,0,2,0,4,4,4,4,1,4,3,3,4,3,2,3,3,3,4,4,2,0,2,3,2,3,2,3,2,2,3,3,2,2,0,2,3,3,2,3,1,2,1,1,3,3,2,2,3,3,4,1,2,3,3,0,2,3,3,3,2,3,3,3,3,3,3,1,4,3,3,3,1,2,2,0,2,1,2,2,3,3,3,3,2,2,3,2,3,3,3,3,0,3,2,2,3,4,3,1,1,1,3,3,2,3,1,2,4,1,2,2,2,2,3,3,0,2,2,3,2,3,3,4,4,1,1,0,2,4,3,2,2,4,1,3,3,3,4,4,0,3,4,1,4,1,1,2,2,0,2,2,2,2,2,4,4,2,2,3,3,3,3,3,2,3,3,2,2,0,0,0,0,0,0,0,0,0,0,0,0,0,0,3,3,2,0,2,1,3,2,3,3,3,4,3,3,2,3,3,2,3,2,3,1,3,1,3,2,2,3,3,4,2,3,2,0,1,3,2,3,3,3,2,3,3,3,2,2,3,3,3,3,2,2,2,3,2,2,3,2,2,2,3,3,2,0,1,4,2,3"
118,1.420842275680236,"0,0,3,3,2,1,3,2,1,0,1,4,2,0,3,4,3,3,3,3,3,3,2,3,2,2,3,3,0,2,0,4,4,4,4,1,4,3,3,4,3,2,3,3,3,4,4,2,0,2,3,2,3,2,3,2,2,3,3,2,2,0,2,3,3,2,3,1,2,1,1,3,3,2,2,3,3,4,1,2,3,3,3,2,3,3,3,2,3,3,3,3,3,3,1,4,3,3,3,1,2,2,0,2,1,2,2,3,3,3,3,2,2,3,2,3,3,3,3,0,3,2,2,3,4,3,1,1,1,3,3,2,3,1,2,4,1,2,2,2,2,3,3,0,2,2,3,2,3,3,4,4,1,1,0,2,4,3,2,2,4,1,3,3,3,4,4,0,3,4,1,4,1,1,2,2,0,2,2,2,2,2,4,4,2,2,3,3,3,3,3,2,3,3,2,2,0,0,0,0,0,0,0,0,0,0,0,0,0,0,3,3,2,0,2,1,3,2,3,3,3,4,3,2,2,3,3,2,3,2,3,1,3,1,3,2,2,3,3,4,2,3,2,0,1,3,2,2,3,3,2,3,3,3,2,2,3,3,3,3,2,2,2,3,2,2,3,2,2,2,3,3,2,0,1,4,2,3"
119,1.41977851528745,"0,0,3,3,2,1,3,2,1,0,1,4,2,0,3,4,3,3,3,3,3,3,2,3,2,2,3,3,0,2,0,4,4,4,4,1,4,3,3,4,3,2,3,3,3,4,4,2,0,2,3,2,3,2,3,2,2,3,3,2,2,0,2,3,3,2,3,1,2,1,1,3,3,2,2,3,3,4,1,2,3,3,3,2,3,3,3,2,3,3,3,3,3,3,1,4,3,3,3,1,2,2,0,2,1,2,2,3,3,3,3,2,2,3,2,3,3,3,3,0,3,2,2,3,4,3,1,1,1,3,3,2,3,1,2,4,1,2,2,2,2,3,3,0,2,2,3,2,3,3,4,4,1,1,0,2,4,3,2,2,4,1,3,3,3,4,4,0,3,4,1,4,1,1,2,2,0,2,2,2,2,2,4,4,2,2,3,3,3,3,3,2,3,3,2,2,0,0,0,0,0,0,0,0,4,0,0,0,0,0,3,3,2,0,2,1,3,2,3,3,3,4,3,3,2,3,3,2,3,2,3,1,3,1,3,2,2,3,3,4,2,3,2,0,1,3,2,2,3,3,2,3,3,3,2,2,3,3,3,3,0,2,2,3,2,2,3,2,2,2,3,3,2,0,1,4,2,3"
120,1.420459048240384,"0,0,3,3,2,1,3,2,1,0,1,4,2,0,3,4,3,3,3,3,3,3,2,3,2,2,3,3,0,2,0,4,4,4,4,1,4,3,3,4,3,2,3,3,3,4,4,2,0,2,3,2,3,2,3,2,2,3,3,2,2,0,2,3,3,2,3,1,2,1,1,3,3,2,2,3,3,4,1,2,3,3,3,2,3,2,3,2,3,3,3,3,3,3,1,4,3,3,3,1,2,2,0,2,1,2,2,3,3,3,3,2,2,3,2,3,3,3,3,0,3,2,2,3,4,3,1,1,1,3,3,2,3,1,2,4,1,2,2,2,2,3,3,0,2,2,3,2,3,3,4,4,1,1,0,2,4,3,2,2,4,1,3,3,3,4,4,0,3,4,1,4,1,1,2,2,0,2,2,2,2,2,4,4,2,2,3,3,3,3,3,2,3,3,2,2,0,0,0,0,0,0,0,0,0,0,0,0,0,0,3,3,2,0,2,1,3,2,3,3,3,4,3,2,2,3,3,2,3,2,3,1,3,1,3,2,2,3,3,4,2,3,2,0,1,3,2,2,3,3,2,3,3,3,2,2,3,3,3,3,2,2,2,3,2,2,3,2,2,2,3,3,2,0,1,4,2,3"
121,1.4203246170064845,"0,0,3,3,2,1,3,2,1,0,1,4,2,0,3,4,3,3,3,3,3,3,2,3,2,2,3,3,0,2,0,4,4,4,4,1,4,3,3,4,3,2,3,3,3,4,4,2,0,2,3,2,3,2,3,2,2,3,3,2,2,0,2,3,3,2,3,1,2,1,1,3,3,2,2,3,3,4,1,2,3,3,3,2,3,2,3,2,3,3,3,3,3,3,1,4,3,3,3,1,2,2,0,2,1,2,2,3,3,3,3,2,2,3,2,3,3,3,3,0,3,2,2,3,4,3,1,1,1,3,3,2,3,1,2,4,1,2,2,2,2,3,3,0,2,2,3,2,3,3,4,4,1,4,0,2,4,3,2,2,4,1,3,3,3,4,4,0,3,4,1,4,1,1,2,2,0,2,2,2,2,2,4,4,2,2,3,3,3,3,3,2,3,3,2,2,0,0,0,0,0,0,0,0,0,0,0,0,0,0,3,3,2,0,2,1,3,2,3,3,3,4,3,2,2,3,3,2,3,2,3,1,3,1,3,2,2,3,3,4,2,3,2,0,1,3,2,2,3,3,2,3,3,3,2,2,3,3,3,3,2,2,2,3,2,2,3,2,2,2,3,3,2,0,1,4,2,3"
122,1.4201314904965139,"0,0,3,3,2,1,3,2,1,0,1,4,2,0,3,4,3,3,3,3,3,3,2,3,2,2,3,3,0,2,0,4,4,4,4,1,4,3,3,4,3,2,3,3,3,4,4,2,0,2,3,2,3,2,3,2,2,3,3,2,2,0,2,3,3,2,3,1,2,1,1,3,3,2,2,3,3,4,1,2,3,3,3,2,3,2,3,2,3,3,3,3,3,3,1,4,3,3,3,1,2,2,0,2,1,2,2,3,3,3,3,2,2,3,2,3,3,3,3,0,3,2,2,3,4,3,1,1,1,3,3,2,3,1,2,4,1,2,2,2,2,3,3,0,2,2,3,2,3,3,4,4,1,4,0,2,4,3,2,2,4,1,3,3,3,4,4,0,3,4,1,4,1,1,2,2,0,2,2,2,2,2,4,4,2,2,3,3,3,3,3,2,3,3,2,2,0,0,0,0,0,0,0,0,0,0,0,0,0,0,3,3,2,0,2,1,3,2,3,4,3,4,3,2,2,3,3,2,3,2,3,1,3,1,3,2,2,3,3,4,2,3,2,0,1,3,2,2,3,3,2,3,3,3,2,2,3,3,3,3,2,2,2,3,2,2,3,2,2,2,3,3,2,3,1,4,2,3"
123,1.4208042107497196,"0,0,3,3,2,1,3,2,1,0,1,4,2,0,3,4,3,3,3,3,3,3,3,3,2,2,3,3,0,2,0,4,4,4,4,1,4,3,3,4,3,2,3,3,3,4,4,2,0,2,3,2,3,2,3,2,2,3,3,2,2,0,2,3,3,2,3,1,2,1,1,3,3,2,2,3,3,4,1,2,3,3,3,2,3,3,3,2,3,3,3,3,3,3,1,4,3,3,3,1,2,2,0,2,1,2,2,3,3,3,3,2,2,3,2,3,3,3,3,2,3,2,2,3,4,3,1,1,1,3,3,2,3,1,2,4,1,2,2,2,2,3,3,0,2,2,3,2,3,3,4,4,1,1,2,2,4,3,2,2,4,1,3,3,3,4,4,0,2,4,1,4,1,1,2,2,0,2,2,2,2,2,4,4,2,2,3,3,3,3,3,2,3,3,2,2,0,0,0,0,0,0,0,0,0,0,0,0,0,0,3,3,2,0,2,1,3,2,3,3,3,4,3,2,2,3,3,2,3,2,3,1,3,1,3,2,2,3,3,4,2,3,2,0,1,3,2,2,3,3,2,3,3,3,2,2,3,3,3,3,3,2,2,3,2,2,3,2,2,2,3,3,2,0,1,4,2,3"
124,1.419905032273381,"0,0,3,3,2,1,3,2,1,0,1,4,2,0,3,4,3,3,3,3,3,3,2,3,2,2,3,3,0,3,0,4,4,4,4,1,4,3,3,4,3,2,3,3,3,4,4,2,0,2,3,2,3,2,3,2,2,3,3,2,2,0,2,3,3,2,3,1,2,1,1,3,3,2,2,3,3,4,1,2,3,3,3,2,3,3,3,2,3,3,3,3,3,3,1,4,3,3,3,1,2,2,0,2,1,2,2,3,3,3,3,2,2,3,2,3,3,3,3,0,3,2,2,3,4,3,1,1,1,3,3,2,3,1,2,4,1,2,2,2,2,3,3,0,2,2,3,2,3,3,4,4,1,1,0,2,4,3,2,2,4,1,3,3,3,4,4,0,3,4,1,4,1,1,2,2,0,2,2,2,2,2,4,4,2,2,3,3,3,3,3,2,3,3,2,2,0,0,0,3,0,0,0,0,0,0,0,0,0,0,3,3,2,0,2,1,1,2,3,3,3,4,3,2,2,3,3,2,3,2,3,1,3,1,3,2,2,3,3,4,2,3,2,0,1,3,2,2,3,3,2,3,3,3,2,2,3,3,3,3,2,2,2,3,2,2,3,2,2,2,3,3,2,3,1,4,2,3"
125,1.4203327135835058,"0,0,3,3,2,1,3,2,1,0,1,4,2,0,3,4,3,3,3,3,3,3,2,3,2,2,3,3,0,3,0,4,4,4,4,1,4,3,3,4,3,2,3,3,3,4,4,2,0,2,3,2,3,2,3,2,2,3,3,2,2,0,2,3,3,2,3,1,2,1,1,3,3,2,2,3,3,4,1,2,3,3,3,2,3,3,3,2,3,3,3,3,3,3,1,4,3,3,3,1,2,2,0,2,1,2,2,3,3,3,3,2,2,3,2,3,3,3,3,0,2,2,2,3,4,3,1,0,1,3,3,2,3,1,2,4,1,2,2,2,2,3,3,0,2,2,3,2,3,3,4,4,1,1,0,2,4,3,2,2,4,1,3,3,3,1,4,0,2,4,1,4,1,1,2,2,0,2,2,2,2,2,4,4,2,2,3,3,3,3,3,2,3,3,2,2,0,0,0,0,0,0,0,0,0,0,0,0,4,0,3,3,2,0,2,1,3,2,3,3,3,4,3,2,2,3,3,2,3,2,3,1,3,1,3,2,2,3,3,4,2,3,2,0,1,3,2,2,3,3,2,3,3,3,2,2,3,3,3,3,2,2,2,3,2,2,3,2,2,2,3,3,0,3,1,4,2,3"
126,1.421168075923116,"0,0,3,3,2,1,3,2,1,0,1,4,2,0,3,4,3,3,3,3,3,3,2,3,2,2,3,3,0,3,0,4,4,4,4,1,4,3,3,4,3,2,3,3,3,4,4,2,0,2,3,2,3,2,3,2,2,3,3,2,2,0,2,3,3,2,3,1,2,1,1,3,3,2,2,3,3,4,1,2,3,3,3,2,3,3,3,2,3,3,3,3,3,3,1,4,3,3,3,1,2,2,0,2,1,2,2,3,3,3,3,2,2,3,2,3,3,3,3,0,2,2,2,3,4,3,1,0,1,3,3,2,3,1,2,4,1,2,2,2,2,3,3,0,2,2,3,2,3,3,4,4,1,1,0,2,4,3,2,2,4,1,3,3,3,4,4,0,2,4,1,4,1,1,2,2,0,2,2,2,2,2,4,4,2,2,3,3,3,3,3,2,3,3,2,2,0,0,0,0,0,0,0,0,0,0,0,0,0,0,3,3,2,0,2,1,3,2,3,3,3,4,3,2,2,3,3,2,3,2,3,1,3,1,3,2,2,3,3,4,2,3,2,0,1,3,2,2,3,3,2,3,3,3,2,2,3,3,3,3,2,2,2,3,2,2,3,2,2,2,3,3,2,3,1,4,2,3"
127,1.4211156614705363,"0,0,3,3,2,1,3,2,1,0,1,4,2,0,3,4,3,3,3,3,3,3,2,3,2,2,3,3,0,3,0,4,4,4,4,1,4,3,3,4,3,2,3,3,3,4,4,2,0,2,3,4,3,2,3,2,2,3,3,2,2,0,2,3,3,2,3,1,2,1,1,3,3,2,2,3,3,4,1,2,3,3,3,2,3,3,3,2,3,3,3,3,3,3,1,4,3,3,3,1,2,2,0,2,1,2,2,3,3,3,3,2,2,3,2,3,3,3,3,0,3,2,2,3,4,3,1,1,1,3,3,2,3,1,2,4,1,2,2,2,2,3,3,0,2,2,3,2,3,3,4,4,1,1,0,2,4,3,2,2,4,1,3,3,3,4,4,0,2,4,1,4,1,1,2,2,0,2,2,2,2,2,4,4,2,2,3,3,3,3,3,2,3,3,2,2,0,0,0,0,0,0,0,0,0,0,0,0,0,0,3,3,2,0,2,1,3,2,3,3,3,4,3,2,1,3,3,2,3,2,3,1,3,1,3,2,2,3,3,4,2,3,2,0,1,3,2,2,3,3,2,3,3,3,2,2,3,3,3,3,2,2,2,3,2,2,3,0,2,2,3,3,2,2,1,4,2,3"
128,1.4210159419177875,"0,0,3,3,2,1,3,2,1,0,1,4,2,0,3,4,3,3,3,3,3,3,2,3,2,2,3,3,0,3,0,4,4,4,4,1,4,3,3,4,3,2,3,3,3,4,4,2,0,2,3,2,3,2,3,2,2,3,3,2,2,0,2,3,3,2,3,1,2,1,1,3,3,2,2,3,3,4,1,2,3,3,3,2,3,3,3,2,3,3,3,3,3,3,1,4,3,3,3,1,2,2,0,2,1,2,2,3,3,3,3,2,2,3,2,3,3,3,3,0,3,2,2,3,4,3,1,1,1,3,3,2,3,1,2,4,1,2,2,2,2,3,3,0,2,2,3,2,3,3,4,4,1,1,0,2,4,3,2,2,4,1,3,3,3,4,4,0,2,4,1,4,1,1,2,2,0,2,2,2,2,2,4,4,2,2,3,3,3,3,3,2,3,3,2,2,0,0,0,0,0,0,0,0,0,0,0,0,4,0,3,3,2,0,2,1,3,2,3,3,3,4,3,2,2,3,3,2,3,2,3,1,3,1,3,2,2,3,3,4,2,3,2,0,1,3,2,2,3,3,2,3,3,3,2,2,3,3,3,3,2,2,2,3,2,2,3,0,2,2,3,3,2,2,1,4,2,3"
129,1.4200294823813093,"0,0,3,3,2,1,3,2,1,0,1,4,2,0,3,4,3,3,3,3,3,3,2,3,2,2,3,3,0,3,0,4,4,4,4,1,4,3,3,4,3,2,3,3,3,4,4,2,0,2,3,2,3,2,3,2,2,3,3,2,2,0,2,3,3,2,3,1,2,1,1,3,3,2,2,3,3,4,1,2,3,3,3,2,3,3,3,2,3,3,3,3,3,3,1,4,3,3,3,1,2,2,0,2,1,2,2,3,3,3,3,2,2,3,2,3,3,3,3,0,3,2,2,3,4,3,1,1,1,3,3,2,3,1,2,4,1,2,2,2,2,3,3,0,2,2,3,2,3,3,1,4,1,1,0,2,4,3,2,2,4,1,3,3,3,1,4,0,2,4,1,4,1,1,2,2,0,2,2,2,2,2,4,4,2,2,3,3,3,3,3,2,3,3,2,2,0,0,0,0,0,0,0,0,0,0,0,0,0,0,3,3,2,0,2,1,3,2,3,1,3,4,3,2,2,3,3,2,3,2,3,1,3,1,3,2,2,3,3,4,2,3,2,0,1,3,2,2,3,3,2,3,3,3,2,2,3,3,3,3,1,2,2,3,2,2,3,0,2,2,3,3,2,2,1,4,2,3"
130,1.4201101905249054,"0,0,3,3,2,1,3,2,1,0,1,4,2,0,3,4,3,3,3,3,3,3,2,3,2,2,3,3,0,3,0,4,4,4,4,1,4,3,3,4,3,2,3,3,3,4,4,2,0,2,3,2,3,2,3,2,2,3,3,2,2,0,3,3,3,2,3,1,2,1,1,3,3,2,2,3,3,4,1,2,3,3,2,2,3,3,3,2,3,3,3,3,3,3,1,4,3,3,3,1,2,2,0,2,1,2,2,3,3,3,3,2,2,3,2,3,3,1,3,0,3,2,2,3,4,3,1,1,1,3,3,2,3,1,2,4,1,2,2,2,2,3,3,0,2,2,3,2,3,3,1,4,1,1,0,2,4,3,2,2,4,1,3,3,3,1,4,0,2,4,1,4,1,1,2,2,0,2,2,2,2,2,4,4,2,2,3,3,3,3,3,2,3,3,2,2,0,0,0,0,0,0,0,0,0,0,0,0,0,0,3,3,2,0,2,1,3,2,3,1,3,4,3,2,2,3,3,2,3,2,3,1,3,1,3,2,2,3,3,4,2,3,2,0,1,3,2,2,3,3,2,3,3,3,2,2,3,3,3,3,1,2,2,3,2,2,3,0,2,2,3,3,2,2,1,4,2,3"
131,1.4221698750641825,"0,0,3,3,2,1,3,2,1,0,1,4,2,0,3,4,3,3,3,3,3,3,2,3,2,2,3,3,0,3,0,4,4,4,4,1,4,3,3,4,3,2,3,3,3,4,4,2,0,2,3,2,3,2,3,2,2,3,3,2,2,0,3,3,3,2,3,1,2,1,1,3,3,2,2,3,3,4,1,2,3,3,2,2,3,3,3,2,3,3,3,3,3,3,1,4,3,3,3,1,2,2,0,2,1,2,2,3,3,3,3,2,2,3,2,3,3,3,3,0,3,2,2,3,4,3,1,1,1,3,3,2,3,1,2,4,1,2,2,2,2,3,3,0,2,2,3,2,3,3,4,4,1,1,0,2,4,3,2,2,4,1,3,3,3,4,4,0,2,4,1,4,1,1,2,2,0,2,2,2,2,2,4,4,2,2,3,3,3,3,3,2,3,3,2,2,0,0,0,0,0,0,0,0,0,0,0,0,0,0,3,3,2,0,2,1,3,2,3,3,3,4,3,2,2,3,3,2,3,2,3,1,3,1,3,2,2,3,3,4,2,3,2,0,1,3,2,2,3,3,2,3,3,3,2,2,3,3,3,3,2,2,2,3,2,2,3,0,2,2,3,3,2,2,1,4,2,3"
132,1.4226415871881866,"0,0,3,3,2,1,3,2,1,0,1,4,2,0,3,4,3,3,3,3,3,3,2,3,2,2,3,3,0,3,0,4,4,4,4,1,4,3,3,4,3,2,3,3,3,4,4,2,0,2,3,2,3,2,3,2,2,3,3,2,2,0,3,3,3,2,3,1,2,1,1,3,3,2,2,3,3,4,1,2,3,3,2,2,3,3,3,2,3,3,3,3,3,3,1,4,3,3,3,1,2,2,0,2,1,2,2,3,3,3,3,2,2,3,2,3,3,3,3,0,3,2,2,3,4,3,1,1,1,3,3,2,3,1,2,4,1,2,2,2,2,3,3,0,2,2,2,2,3,3,4,4,1,1,0,2,4,3,2,2,4,1,3,3,3,4,4,0,2,4,1,4,1,1,2,2,0,2,2,2,2,2,4,4,2,2,3,3,3,3,3,2,3,3,2,2,0,0,0,0,0,0,0,0,0,0,0,0,0,0,3,3,2,0,2,1,3,2,3,3,3,4,3,2,2,3,3,2,3,2,3,1,3,1,3,2,2,3,3,4,2,3,2,0,1,3,2,2,3,3,2,3,3,3,2,2,3,3,3,3,2,2,2,3,2,2,3,0,2,2,3,3,2,2,1,4,2,3"
133,1.421940153825325,"0,0,3,3,2,1,3,2,1,0,1,4,2,0,3,4,3,3,3,3,3,3,2,3,2,2,3,3,0,3,0,4,4,4,4,1,4,3,3,4,3,2,3,3,3,4,4,2,0,2,3,2,3,2,3,2,2,3,3,2,2,0,3,3,3,2,3,1,2,1,1,3,3,2,2,3,3,4,1,2,3,3,2,2,3,3,3,2,3,3,3,3,3,3,1,4,3,3,3,1,2,2,0,2,1,2,2,3,3,3,3,2,2,3,2,3,3,3,3,0,3,2,2,3,4,3,1,1,1,3,3,2,3,1,2,4,1,2,2,2,2,3,3,0,2,2,3,2,3,3,4,4,1,1,0,2,4,3,2,2,4,1,3,3,3,4,4,0,2,4,1,4,1,1,2,2,0,2,2,2,2,2,4,4,2,2,3,3,3,3,3,2,3,3,2,2,0,0,0,0,0,0,0,0,0,0,0,0,0,0,3,3,2,0,2,1,3,2,3,3,3,2,3,2,2,3,3,2,3,2,3,1,3,1,3,2,2,3,3,4,2,3,2,0,1,3,2,2,3,3,2,3,3,1,2,2,3,3,3,3,2,2,2,3,2,2,3,0,2,2,3,3,2,2,1,4,2,3"
134,1.4224090099734394,"0,0,3,3,2,1,3,2,1,0,1,4,2,0,3,4,3,3,3,3,3,3,2,3,2,2,3,3,0,3,0,4,4,4,4,1,4,3,3,4,3,2,3,3,3,4,4,2,0,2,3,2,3,2,3,2,2,3,3,2,2,0,3,3,3,2,3,1,2,1,1,3,3,2,2,3,3,4,1,2,3,2,3,2,3,3,3,2,3,3,3,3,3,3,1,4,3,3,3,1,2,2,0,2,1,2,2,3,3,3,3,2,2,3,2,3,3,3,3,0,3,2,2,3,4,3,1,1,1,3,3,2,3,1,2,4,1,2,2,2,2,3,3,0,2,2,2,2,3,3,4,4,1,1,0,2,4,3,2,2,4,1,3,3,3,4,4,0,2,4,1,4,1,1,2,2,0,2,2,2,2,2,4,4,2,2,3,3,3,3,3,2,3,3,2,2,0,0,0,0,0,0,0,0,0,0,0,0,0,0,3,3,2,0,2,1,3,2,3,3,3,4,3,2,2,3,3,2,3,2,3,1,3,1,3,2,2,3,3,4,2,3,2,0,1,3,2,2,3,3,2,3,3,3,2,2,3,3,2,3,2,2,2,3,2,2,3,0,2,2,3,3,2,2,1,4,2,3"
135,1.4230090814687184,"0,0,3,3,2,1,3,2,1,0,1,4,2,0,3,4,3,3,3,3,3,3,2,3,2,2,3,3,0,3,0,4,4,4,4,1,4,3,3,4,3,2,3,3,3,4,4,2,0,2,3,2,3,2,3,2,2,3,3,2,2,0,3,3,3,2,3,1,2,1,1,3,3,2,2,3,3,4,1,2,3,2,3,2,3,3,3,2,3,3,3,3,3,3,1,4,3,3,3,1,2,2,0,2,1,2,2,3,3,3,3,2,2,3,2,3,3,3,3,0,3,2,2,3,4,3,1,1,1,3,3,2,3,1,2,4,1,2,2,2,2,3,3,0,2,2,2,2,3,3,4,4,1,1,0,0,4,3,2,2,4,1,3,3,3,4,4,0,2,4,1,4,1,1,2,2,0,2,2,2,2,2,4,4,2,2,3,3,3,3,3,2,3,3,2,2,0,0,0,0,0,0,0,0,0,0,0,0,0,0,3,3,2,0,2,1,3,2,3,3,3,2,3,2,2,3,3,2,3,2,3,1,3,1,3,2,2,3,3,4,2,3,2,0,1,3,2,2,3,3,2,3,3,3,2,2,3,3,3,3,2,2,2,3,2,2,3,0,2,2,3,3,2,2,1,4,2,3"
136,1.4216758912968732,"0,0,3,3,2,1,3,2,1,0,1,4,2,0,3,4,3,3,3,3,3,3,2,3,2,2,3,3,0,3,0,4,4,4,4,1,4,3,3,4,3,2,3,3,3,4,4,2,0,2,3,2,3,2,3,2,2,3,3,2,2,0,3,3,1,2,3,1,2,1,1,3,3,2,2,3,3,4,1,2,3,2,3,2,3,3,3,2,3,3,3,3,3,3,1,4,3,3,3,1,2,2,0,2,1,2,2,3,3,3,3,2,2,3,2,3,3,3,3,0,3,2,2,3,4,3,1,1,1,3,3,2,3,1,2,4,1,2,2,2,2,3,3,0,2,2,3,2,3,3,4,4,1,1,0,2,4,3,2,2,4,1,3,3,3,4,4,0,2,4,1,4,1,1,2,2,0,2,2,2,2,2,4,4,2,2,3,3,1,3,3,2,3,3,4,2,0,0,0,0,0,0,0,0,0,0,0,0,0,0,1,3,2,0,2,1,3,2,3,3,3,2,3,2,0,3,3,3,3,2,3,1,3,1,3,2,2,3,3,4,2,3,2,0,1,3,2,2,3,3,2,3,3,3,2,2,3,3,3,3,2,2,2,3,2,2,3,0,2,2,3,3,2,2,1,4,2,3"
137,1.4234037244361217,"0,0,3,3,2,1,3,2,1,0,1,4,2,0,3,4,3,3,3,3,3,3,2,3,2,2,3,3,0,3,0,4,4,4,4,1,4,3,3,4,3,2,3,3,3,4,4,2,0,2,3,2,3,2,3,2,2,3,3,2,2,0,3,3,3,2,3,2,2,1,1,3,3,2,2,3,3,4,1,2,3,2,3,2,3,3,3,2,3,3,3,3,3,3,1,4,3,3,3,1,2,2,0,2,1,2,2,3,3,3,3,2,2,3,2,3,3,3,3,0,3,2,2,3,4,3,1,1,1,3,3,2,3,1,2,4,1,2,2,2,2,3,3,0,2,2,2,2,3,3,4,4,1,1,0,0,4,3,2,2,4,1,3,3,3,4,4,0,2,4,1,4,1,1,2,2,0,2,2,2,2,2,4,4,2,2,3,3,3,3,3,2,3,3,4,2,0,0,0,0,0,0,0,0,0,0,0,0,0,0,3,3,2,0,2,1,3,2,3,3,3,2,3,2,2,3,3,2,3,2,3,1,3,1,3,2,2,3,3,4,2,3,2,0,1,3,2,2,3,2,2,3,3,3,2,2,3,3,3,3,2,2,2,3,2,2,3,0,2,2,3,3,2,2,1,4,2,0"
138,1.423789600478051,"0,0,3,3,2,1,3,2,1,0,1,4,2,0,3,4,3,3,3,3,3,3,2,3,2,2,3,3,0,3,0,4,4,4,4,1,1,3,3,4,3,2,3,3,3,4,4,2,0,2,3,2,3,2,3,2,2,3,3,2,2,0,3,3,3,2,3,2,2,1,1,3,3,2,2,3,3,4,1,2,3,2,3,2,3,3,3,2,3,3,3,3,3,3,1,4,3,3,3,1,2,2,0,2,1,2,2,3,3,3,3,2,2,3,2,3,3,3,3,0,3,2,2,3,4,3,1,1,1,3,3,2,3,1,2,4,1,2,2,2,2,3,3,0,2,2,2,2,3,3,4,4,1,1,0,2,4,3,2,2,4,1,3,3,3,4,4,0,2,4,1,4,1,1,2,2,0,2,3,2,2,2,4,4,2,2,3,3,3,3,3,2,2,3,4,2,0,0,0,0,0,0,0,0,0,0,0,0,0,0,3,3,2,0,2,1,3,2,3,3,3,2,3,2,2,3,3,2,3,2,3,4,3,1,3,2,2,3,3,4,4,3,2,0,1,3,2,2,3,3,2,3,3,3,2,2,3,3,3,3,2,2,2,3,1,2,3,0,2,2,3,3,2,2,1,4,2,0"
139,1.4229678726028725,"0,0,3,3,2,1,3,2,1,0,1,4,2,0,3,4,3,3,3,3,3,3,2,3,2,2,3,3,0,3,0,4,4,4,4,1,1,3,3,4,3,2,3,3,3,4,4,2,0,2,3,2,3,2,3,2,2,3,3,2,2,0,3,3,3,2,3,2,2,1,1,3,3,2,2,3,3,4,1,2,3,2,3,2,3,3,3,2,3,3,3,3,3,3,1,4,3,3,3,1,2,2,0,2,1,2,2,3,3,3,3,2,2,3,2,3,3,3,3,0,3,2,2,3,4,3,1,1,1,3,3,2,3,1,2,4,1,2,2,2,2,3,3,0,2,2,2,2,3,3,4,4,1,1,0,2,4,3,2,2,4,1,3,3,3,4,4,0,2,4,1,4,1,0,2,2,0,2,3,2,2,2,4,4,2,2,3,3,3,3,3,2,2,3,4,2,0,0,0,0,0,0,0,0,0,0,0,0,0,0,3,3,2,0,2,1,3,2,3,3,3,2,3,2,2,3,3,2,3,2,3,4,3,1,3,2,2,3,3,4,2,3,2,0,1,0,2,2,3,3,2,3,3,3,2,2,3,3,3,3,2,2,2,3,2,2,3,0,2,2,3,3,2,2,1,4,2,3"
140,1.4218283566722454,"0,0,3,3,2,1,3,2,1,0,1,4,2,0,3,4,3,3,3,3,3,2,2,3,2,2,3,3,0,3,0,4,4,4,4,1,1,3,3,4,3,2,3,3,3,4,4,2,0,2,3,2,3,2,3,2,2,3,3,2,2,0,3,3,3,2,3,2,2,1,1,3,3,2,2,3,3,4,1,2,3,2,3,2,3,3,3,2,3,3,3,3,3,3,1,4,3,3,3,1,2,2,0,2,1,2,2,3,3,3,3,2,2,3,2,3,3,3,3,0,3,2,2,3,4,3,1,1,1,3,3,2,3,1,2,4,1,2,2,2,2,3,3,0,2,2,2,2,3,3,4,4,1,1,0,2,4,3,2,2,4,1,3,3,3,4,4,0,2,4,1,4,1,0,4,2,0,2,3,2,2,2,4,4,2,2,3,3,3,3,3,2,2,3,4,2,0,0,0,0,0,0,0,0,0,0,0,0,0,0,3,3,2,0,2,1,3,2,3,3,3,2,3,2,2,3,3,2,3,2,3,4,3,1,3,2,2,3,3,4,2,3,2,0,3,3,2,2,3,3,2,3,3,3,2,3,3,3,3,3,2,2,2,3,2,2,3,0,2,2,3,3,2,2,1,4,2,3"
141,1.424353706839693,"0,0,3,3,2,1,3,2,1,0,1,4,2,0,3,4,3,3,3,3,3,2,2,3,2,2,3,3,0,3,0,4,4,4,4,1,1,3,3,4,3,2,3,3,3,4,4,2,0,2,3,2,3,2,3,2,2,3,3,2,2,0,3,3,3,2,3,2,2,1,1,3,3,2,2,3,3,4,1,2,0,2,3,2,3,3,3,2,3,3,3,3,3,3,1,4,3,3,3,1,2,2,0,2,1,2,2,3,3,3,3,2,2,3,2,3,3,3,3,0,3,2,2,3,4,3,1,1,1,3,3,2,3,1,2,4,1,2,2,2,2,3,3,0,2,2,2,2,3,3,4,4,1,1,0,2,4,3,2,2,4,1,3,3,3,4,4,0,2,4,1,4,1,1,2,2,0,2,2,2,2,2,4,4,2,2,3,3,3,3,3,2,2,3,4,2,0,0,0,0,0,0,0,0,0,0,0,0,0,0,3,3,2,0,2,1,3,2,3,3,3,2,3,2,2,3,3,2,3,2,3,0,3,1,3,2,2,3,3,4,2,3,2,0,1,3,2,2,3,3,2,3,2,3,2,2,3,3,3,3,2,2,2,3,2,2,3,2,2,2,3,3,2,2,1,4,2,3"
142,1.422970539981455,"0,0,3,3,2,1,3,2,1,0,1,4,2,0,3,4,3,3,3,3,3,2,2,3,2,2,3,3,0,3,0,4,4,4,4,1,1,3,3,4,3,2,3,3,3,4,4,2,0,2,3,2,3,2,3,2,2,3,3,2,2,0,3,2,3,2,3,2,2,1,1,3,1,2,2,3,3,4,1,2,0,2,3,2,3,3,3,2,3,3,3,3,3,3,1,4,3,3,3,1,2,2,0,2,1,2,2,3,3,3,3,2,2,3,2,3,3,3,3,0,3,2,2,3,4,3,1,1,1,3,3,2,4,1,2,4,1,2,2,2,2,3,3,0,2,2,2,2,3,3,4,4,1,1,0,2,4,3,2,2,4,1,3,3,3,4,4,0,2,4,1,4,1,1,2,2,0,2,2,3,2,2,4,4,2,2,3,3,3,3,3,2,2,3,4,2,0,0,0,0,0,0,0,0,0,0,0,0,0,0,3,3,2,0,2,1,3,2,3,3,3,2,3,2,2,3,3,2,3,2,3,4,3,1,3,2,2,3,3,4,2,3,2,0,1,3,2,2,3,3,2,3,2,3,2,2,3,3,3,3,1,2,2,3,2,2,3,2,2,2,3,3,2,2,0,4,2,3"
143,1.4235459245090352,"0,0,3,3,2,1,3,2,1,0,1,4,2,0,3,4,3,3,3,3,3,2,2,3,2,2,3,3,0,3,0,4,4,4,4,1,1,3,3,4,3,2,3,3,3,4,4,2,0,2,3,2,3,2,3,2,2,3,3,2,2,0,3,2,3,2,3,2,2,1,1,3,1,2,2,3,3,4,1,2,0,2,3,2,3,3,3,2,3,3,3,3,3,3,1,4,3,3,3,1,2,2,0,2,1,2,2,3,3,3,3,2,2,3,2,3,3,3,3,0,3,2,2,3,4,3,1,1,1,3,3,2,4,1,2,4,1,2,2,2,2,3,3,0,2,2,2,2,3,3,4,4,1,1,0,2,4,3,2,2,4,1,3,3,3,4,4,0,2,4,1,4,1,1,2,2,0,2,2,3,2,2,4,4,2,2,3,3,3,3,3,2,2,3,4,2,0,0,0,0,0,0,0,0,0,0,0,0,0,0,3,3,2,0,2,1,3,2,3,3,3,2,3,2,2,3,3,2,3,2,3,4,3,1,3,2,2,3,3,4,2,3,2,0,1,3,2,2,3,3,2,3,2,3,2,2,3,3,3,3,2,2,2,3,2,2,3,2,2,2,3,4,2,2,1,4,2,3"
144,1.4237236462088627,"0,0,3,3,2,1,3,2,1,0,1,4,2,0,3,4,3,3,3,3,3,2,2,3,2,2,3,3,0,3,0,4,4,4,4,1,1,3,3,4,3,2,3,3,3,4,4,2,0,2,3,2,3,2,3,2,2,3,3,2,2,0,3,2,3,2,3,2,2,1,1,3,1,2,2,3,3,4,1,2,0,2,3,2,3,3,3,2,3,3,3,3,3,3,1,4,3,3,3,1,2,2,0,2,1,2,2,3,3,3,3,2,2,0,4,3,3,3,3,0,3,2,2,3,4,3,1,1,1,3,3,2,3,1,2,4,1,2,2,2,2,3,3,0,2,2,2,2,3,3,4,4,1,1,0,2,4,3,2,2,4,1,3,3,3,4,4,0,2,1,1,4,1,1,2,2,0,2,2,2,2,2,0,4,2,2,3,3,3,3,3,2,2,3,4,2,0,0,0,0,0,0,0,0,0,0,0,0,0,0,3,3,2,0,2,1,3,2,3,3,3,2,3,2,2,3,3,2,3,2,3,4,3,1,3,2,2,3,3,4,2,3,2,0,1,3,2,2,3,3,2,3,2,3,2,2,3,3,3,3,2,2,2,3,2,2,3,2,2,2,3,3,2,2,1,4,2,3"
145,1.4243118723998451,"0,0,3,3,2,1,3,2,1,0,1,4,2,0,3,4,3,3,3,3,3,2,2,3,2,2,3,3,0,3,0,4,4,4,4,1,1,3,3,4,3,2,3,3,3,4,4,2,0,2,3,2,3,2,3,2,2,3,3,2,2,0,3,3,3,2,3,2,2,1,1,3,3,2,2,3,3,4,1,2,0,2,3,2,3,3,3,2,3,3,3,3,3,3,1,4,3,3,3,1,2,2,0,2,1,2,2,3,3,3,3,2,2,3,4,3,3,3,3,0,3,2,2,3,4,3,1,1,1,3,3,2,3,1,2,4,1,2,2,2,2,3,3,0,2,2,2,2,3,3,4,4,1,1,0,2,4,3,2,2,4,1,3,3,3,4,4,0,2,1,1,4,1,1,2,2,0,2,2,2,2,2,4,4,2,2,3,3,3,3,3,2,2,3,4,2,0,0,0,0,0,0,0,0,0,0,0,0,0,0,3,3,2,0,2,1,3,2,3,3,3,2,3,2,2,3,3,2,3,2,3,4,3,1,3,2,2,3,3,4,2,3,2,0,1,3,3,2,3,3,2,3,2,3,2,2,3,3,3,3,2,2,2,3,2,2,3,2,2,2,3,3,2,2,1,4,2,3"
146,1.4249816460724358,"0,0,3,3,2,1,3,2,1,0,1,4,2,0,3,4,3,3,3,3,3,2,2,3,2,2,3,3,0,3,0,4,4,4,4,1,1,3,3,4,3,2,3,3,3,4,4,2,0,2,3,2,3,3,3,2,2,3,3,2,2,0,3,3,3,2,3,2,2,1,1,3,3,2,2,3,3,4,1,2,0,2,3,2,3,3,3,2,3,3,3,3,3,3,1,4,3,3,3,1,2,2,0,2,1,2,2,3,3,3,3,2,2,3,4,3,3,3,3,0,3,2,2,3,4,3,1,1,1,3,3,2,3,1,2,4,1,2,2,2,2,3,3,0,2,2,2,2,3,3,4,4,1,1,0,2,4,3,2,2,4,1,3,4,3,4,4,0,2,1,1,4,1,1,2,2,0,2,2,2,2,2,4,4,2,2,3,3,3,3,3,2,2,3,4,2,0,0,0,0,0,0,0,0,0,0,0,0,0,0,3,3,2,0,2,1,3,2,3,3,3,2,3,2,2,3,3,2,3,2,3,4,3,1,3,2,2,3,3,4,2,3,2,0,1,3,2,2,3,3,2,3,2,3,2,2,3,3,3,3,2,2,2,3,2,2,3,2,2,2,3,3,2,2,1,4,2,3"
147,1.4259597745939578,"0,0,3,3,2,1,3,2,1,0,1,4,2,0,3,4,3,3,3,3,3,2,2,3,2,2,3,3,0,3,0,4,4,4,4,1,1,3,3,4,3,2,3,3,3,4,4,2,0,2,3,2,3,3,3,2,2,3,3,2,2,0,3,3,3,2,3,2,2,1,1,3,3,2,2,3,3,4,1,2,0,2,3,2,3,3,3,2,3,3,3,3,3,3,1,4,3,3,3,1,2,2,0,2,1,2,2,3,3,3,3,2,2,3,4,3,3,3,3,0,3,2,2,3,4,3,1,1,1,3,3,2,3,1,2,4,1,2,2,2,2,3,3,0,2,2,2,2,3,3,4,4,1,1,0,2,4,3,2,2,4,1,3,3,3,4,4,0,2,1,1,4,1,1,2,2,0,2,2,2,2,2,4,4,2,2,3,3,3,3,3,2,2,3,4,2,0,0,0,0,0,0,0,0,0,0,0,0,0,0,3,3,2,0,2,1,3,2,3,3,3,2,3,2,2,3,3,2,3,2,3,4,3,1,3,2,2,3,3,4,3,3,2,0,1,3,2,2,3,3,2,3,2,3,2,2,3,3,3,3,2,2,2,3,2,2,3,2,2,2,3,3,2,2,1,4,2,3"
148,1.4264684148821407,"0,0,3,3,2,1,3,2,1,0,1,4,2,0,3,4,3,3,3,3,3,2,2,3,2,2,3,3,2,3,0,4,4,4,4,1,1,3,3,4,3,2,3,3,3,4,4,2,0,2,3,2,3,3,3,2,2,3,3,2,2,0,3,3,3,2,3,2,2,1,1,3,3,2,2,3,3,4,1,2,0,2,3,2,3,3,3,2,3,3,3,3,3,3,1,4,3,3,3,1,2,2,0,2,1,2,2,3,3,3,3,2,2,3,4,3,3,3,3,0,3,2,2,3,4,3,1,1,1,3,3,2,3,1,2,4,1,2,2,2,2,3,3,0,2,2,2,2,3,3,4,4,1,1,0,2,4,3,2,2,4,1,3,3,3,4,4,0,2,1,1,4,1,1,2,2,0,2,2,2,2,2,4,4,2,2,3,3,3,3,3,2,2,3,4,2,0,0,0,0,0,0,0,0,0,0,0,0,0,0,3,3,2,0,2,1,3,2,3,3,3,2,3,2,2,3,3,2,3,2,3,4,3,1,3,2,2,3,3,4,3,3,2,0,1,3,2,2,3,3,2,3,2,3,2,2,3,3,3,3,2,2,2,3,2,2,3,2,2,2,3,3,2,2,1,4,2,3"
149,1.425715275389613,"0,0,3,3,2,1,3,2,1,0,1,4,2,0,3,4,3,3,3,3,3,2,2,4,2,2,3,3,2,3,3,4,4,4,4,1,1,3,3,4,3,2,3,3,3,4,4,2,0,2,3,2,3,3,3,2,2,3,3,2,2,0,3,3,3,2,3,2,2,1,1,3,3,2,2,3,3,4,1,2,0,2,3,2,3,3,3,2,3,3,3,3,3,3,1,4,3,3,3,1,2,2,0,2,1,2,2,3,3,3,3,2,2,3,4,3,3,3,3,0,3,2,2,3,4,3,1,1,1,3,3,2,3,1,2,4,1,2,2,2,2,3,3,0,2,2,2,2,3,3,4,4,1,1,0,2,4,3,2,2,4,1,3,3,3,4,4,0,2,1,1,4,1,1,2,2,0,2,2,2,2,2,4,4,2,2,3,3,3,3,3,2,2,3,4,2,0,0,0,0,0,0,0,0,0,0,0,0,0,0,3,3,4,0,2,1,3,2,3,3,3,2,3,2,2,3,3,2,3,2,3,4,3,1,3,2,2,3,3,4,0,3,2,0,1,3,2,2,3,3,2,3,2,3,2,2,3,3,3,3,2,2,2,3,2,2,3,2,2,2,3,3,2,2,1,4,2,3"
150,1.4263317297519462,"0,0,3,3,2,1,3,2,1,0,1,4,2,0,3,4,3,3,3,3,3,2,2,4,2,2,3,3,2,3,3,4,4,4,4,1,1,3,3,4,3,2,3,3,3,4,4,2,0,2,3,2,3,3,3,2,2,3,3,2,2,0,3,3,3,2,3,2,2,1,1,3,3,2,2,3,3,4,1,2,0,2,3,2,3,3,3,2,3,3,3,3,3,3,1,4,3,3,3,1,2,2,0,2,1,2,2,3,3,3,3,2,2,3,4,3,3,3,3,0,3,2,2,3,4,3,1,1,1,3,3,2,3,1,2,4,1,2,2,2,2,3,3,0,2,2,2,2,3,3,4,4,1,1,0,2,4,3,2,2,4,1,3,3,3,4,4,0,2,1,1,4,1,1,2,2,0,2,2,2,2,2,4,4,2,2,3,3,3,3,3,2,2,3,4,2,0,0,0,0,0,0,0,0,0,0,0,0,0,0,3,3,2,0,2,1,3,2,3,3,3,2,3,2,2,3,3,2,3,4,3,1,3,1,3,2,2,3,3,4,3,3,2,0,1,3,2,2,3,3,2,3,2,3,2,2,3,3,3,3,2,2,2,3,2,2,3,2,2,2,3,3,2,2,1,4,2,3"
151,1.4261473800512317,"0,0,3,3,2,1,3,2,1,0,1,4,2,0,3,4,3,3,3,3,3,2,2,3,2,2,3,3,2,3,0,4,4,4,4,1,1,3,3,4,3,2,3,3,3,4,4,2,0,2,3,2,3,3,3,2,2,3,4,2,2,0,3,3,3,2,3,2,2,1,1,3,3,2,2,3,3,4,1,2,0,2,3,2,3,3,2,2,3,3,3,3,3,3,1,4,3,3,3,1,2,2,0,2,1,2,2,3,3,3,3,2,2,3,4,3,3,3,3,0,3,2,2,3,4,3,1,1,1,3,3,2,3,1,2,4,1,2,2,2,2,3,3,0,2,2,2,2,3,3,4,4,1,1,0,2,4,3,2,2,4,1,3,3,3,4,4,0,2,1,1,4,1,1,2,2,0,2,2,2,2,2,4,4,2,2,3,3,3,3,3,2,2,3,4,2,0,0,0,0,0,0,0,0,0,0,0,0,0,0,3,3,2,0,2,1,3,2,3,3,4,2,3,2,2,3,3,2,3,2,3,4,3,1,3,2,2,3,3,4,3,3,2,0,1,3,2,2,3,3,2,3,2,3,2,2,3,3,3,3,2,2,2,3,2,2,3,2,2,2,3,3,2,2,1,4,2,3"
152,1.427670210007967,"0,0,3,3,2,1,3,2,1,0,1,4,2,0,3,4,3,3,3,3,3,2,2,3,2,2,3,3,2,3,0,4,4,4,4,1,1,3,3,4,3,2,3,3,3,4,4,2,0,2,3,3,3,3,3,2,2,3,3,2,2,0,3,3,3,2,3,2,2,1,1,3,3,2,2,3,3,4,1,2,2,2,3,2,3,3,3,2,3,3,3,3,3,3,1,4,3,3,3,1,2,2,0,2,1,2,2,3,3,3,3,2,2,3,4,3,3,3,3,0,2,2,2,3,4,3,1,1,1,3,3,2,3,1,2,4,1,2,2,2,2,3,3,0,2,2,2,2,3,3,4,4,1,1,0,2,4,3,2,2,4,1,3,3,3,4,4,0,2,1,1,4,1,1,2,2,0,2,2,2,2,2,4,4,2,2,3,3,3,3,3,2,2,3,4,2,0,0,0,0,0,0,0,0,0,0,0,0,0,0,3,3,2,0,2,1,3,2,3,3,3,2,1,2,2,3,3,2,3,2,3,4,3,1,3,2,2,3,3,4,3,3,2,0,1,3,2,2,3,3,2,3,2,2,2,2,3,3,3,3,2,2,2,3,2,2,3,2,2,2,3,3,2,2,1,4,2,3"
153,1.427670210007967,"0,0,3,3,2,1,3,2,1,0,1,4,2,0,3,4,3,3,3,3,3,2,2,3,2,2,3,3,2,3,0,4,4,4,4,1,1,3,3,4,3,2,3,3,3,4,4,2,0,2,3,3,3,3,3,2,2,3,3,2,2,0,3,3,3,2,3,2,2,1,1,3,3,2,2,3,3,4,1,2,2,2,3,2,3,3,3,2,3,3,3,3,3,3,1,4,3,3,3,1,2,2,0,2,1,2,2,3,3,3,3,2,2,3,4,3,3,3,3,0,2,2,2,3,4,3,1,1,1,3,3,2,3,1,2,4,1,2,2,2,2,3,3,0,2,2,2,2,3,3,4,4,1,1,0,2,4,3,2,2,4,1,3,3,3,4,4,0,2,1,1,4,1,1,2,2,0,2,2,2,2,2,4,4,2,2,3,3,3,3,3,2,2,3,4,2,0,0,0,0,0,0,0,0,0,0,0,0,0,0,3,3,2,0,2,1,3,2,3,3,3,2,1,2,2,3,3,2,3,2,3,4,3,1,3,2,2,3,3,4,3,3,2,0,1,3,2,2,3,3,2,3,2,2,2,2,3,3,3,3,2,2,2,3,2,2,3,2,2,2,3,3,2,2,1,4,2,3"
154,1.428267982349396,"0,0,3,3,2,1,3,2,1,0,1,4,2,0,3,4,3,3,3,3,3,2,2,3,2,2,3,3,2,3,0,4,4,4,4,1,1,3,3,4,3,2,3,3,3,4,4,2,0,2,3,3,3,3,3,2,2,3,3,2,2,0,3,3,3,2,3,2,2,1,1,3,3,2,2,3,3,4,1,2,2,2,3,2,3,3,3,2,3,3,3,3,3,3,1,4,3,3,3,1,2,2,0,2,1,2,2,3,3,3,3,2,2,3,4,3,3,3,3,0,2,2,2,3,4,3,1,1,1,3,3,2,3,1,2,4,1,2,2,2,2,3,3,0,2,2,2,2,3,3,4,4,1,1,0,2,4,3,2,2,4,1,3,3,3,4,4,0,2,1,1,4,1,1,2,2,0,2,2,2,2,2,4,4,2,2,3,3,3,3,3,2,2,3,4,2,0,0,0,0,0,0,0,0,0,0,0,0,0,0,3,3,2,0,2,1,3,2,3,3,3,2,2,2,2,3,3,2,3,2,3,4,3,1,3,2,2,3,3,4,3,3,2,0,1,3,2,2,3,3,2,3,2,2,2,2,3,3,3,3,2,2,2,3,2,2,3,2,2,2,3,3,2,2,1,4,2,3"
155,1.4273787962153115,"0,0,3,3,2,1,3,2,1,0,1,4,2,0,3,4,3,3,3,3,3,2,2,3,2,2,3,3,2,3,0,4,4,4,4,1,1,3,3,4,3,2,3,3,3,4,4,2,0,2,3,3,3,3,3,2,2,3,3,2,2,0,3,3,3,2,3,2,2,1,1,3,3,2,2,3,3,4,1,2,2,2,3,2,3,3,3,2,3,3,3,3,3,3,1,4,3,3,3,1,2,2,0,2,1,2,2,3,3,3,3,2,2,3,4,3,3,3,3,0,2,2,4,3,4,3,1,1,1,3,3,2,3,1,2,4,1,2,2,2,2,3,3,0,2,2,2,2,3,3,4,4,1,1,0,2,4,3,2,2,4,1,3,3,3,4,4,0,2,1,1,4,1,1,2,2,0,2,2,2,2,2,4,4,2,2,3,3,3,3,3,2,2,3,4,2,0,0,0,0,0,0,0,0,0,0,1,0,0,0,3,3,2,0,2,1,3,2,3,3,3,2,2,2,2,3,3,2,3,2,3,4,3,1,3,2,2,3,3,4,3,3,2,0,3,3,2,2,3,3,2,3,2,2,2,2,3,3,3,3,2,2,2,3,2,2,3,2,2,2,3,3,2,2,1,4,2,3"
156,1.4291582668291354,"0,0,3,3,2,1,3,2,1,0,1,4,2,0,3,4,3,3,3,3,3,2,2,3,2,2,3,3,2,3,0,4,4,4,4,1,1,3,3,4,3,2,3,3,3,4,4,2,0,2,3,3,3,3,3,2,2,3,3,2,2,0,3,3,3,2,2,2,2,1,1,3,3,2,2,3,3,4,1,2,2,2,2,2,3,3,3,2,3,3,3,3,3,3,1,4,3,3,3,1,2,2,0,2,1,2,2,3,3,3,3,2,2,3,4,3,3,3,3,0,2,2,2,3,4,0,1,1,1,3,3,2,3,1,2,4,1,2,2,2,2,3,3,0,2,2,2,2,3,3,4,4,1,1,0,2,4,3,2,2,4,1,3,3,3,4,4,0,2,1,1,4,1,1,2,2,0,2,2,2,2,2,4,4,2,2,3,3,3,3,3,2,2,3,4,2,0,0,0,0,0,0,0,0,0,0,0,0,0,0,3,3,2,0,2,1,3,2,3,3,3,2,2,2,2,3,3,2,3,2,3,4,3,1,3,2,2,3,3,4,3,3,2,0,3,3,2,2,3,3,2,3,2,2,2,2,3,3,3,3,2,2,2,3,2,2,3,2,2,2,3,3,2,2,1,4,2,3"
157,1.4289810152326639,"0,0,3,3,2,1,3,2,1,0,1,4,2,0,3,4,3,3,3,3,3,2,2,3,2,2,3,3,2,3,0,4,4,4,4,1,1,3,3,4,3,2,3,3,3,4,4,2,0,2,3,3,3,3,3,2,2,3,3,2,2,0,3,3,3,2,2,2,2,1,1,3,3,2,2,3,3,4,1,2,2,2,2,2,3,3,3,2,3,3,3,3,3,3,1,4,3,3,3,1,2,2,0,2,1,2,2,3,3,3,3,2,2,3,4,3,3,3,3,0,2,2,2,3,4,0,1,1,1,3,3,2,3,1,2,4,1,2,2,2,2,3,3,0,2,2,2,2,3,3,4,4,1,1,4,2,4,3,2,2,4,1,3,3,3,4,4,0,2,1,1,4,1,1,2,2,0,2,2,2,2,2,4,4,2,2,3,3,3,3,3,2,2,3,4,2,0,0,0,0,0,0,0,0,0,0,0,0,0,0,3,3,2,0,2,1,3,2,3,3,3,2,2,2,2,3,3,2,3,2,3,4,3,1,3,2,2,3,3,4,3,3,4,0,3,3,2,2,3,3,2,3,2,2,2,2,3,3,3,3,2,2,2,3,2,2,3,2,2,2,3,3,2,2,1,4,2,3"
158,1.4289690910992772,"0,0,3,3,2,1,3,2,1,0,1,4,2,0,3,4,3,3,3,3,3,2,2,3,2,2,3,3,2,3,0,4,4,4,4,1,1,3,3,4,3,2,3,3,3,4,4,2,0,2,3,3,3,3,3,2,2,3,3,2,2,0,3,3,3,2,2,2,2,1,1,3,3,2,2,3,3,4,1,2,2,2,2,2,3,3,3,2,3,3,3,3,3,3,1,4,3,3,3,1,2,2,0,2,1,2,2,3,3,3,3,2,2,3,4,3,3,3,3,0,2,2,2,3,4,0,1,1,1,3,3,2,3,1,2,4,1,2,2,2,2,3,3,0,2,2,2,2,3,1,4,4,1,1,0,2,4,3,2,2,4,1,3,3,3,4,4,0,2,1,1,4,1,1,2,2,0,2,2,2,2,2,4,4,2,2,3,3,3,3,3,2,2,3,4,2,0,0,0,0,0,0,0,0,0,0,0,0,0,0,3,3,2,0,2,1,3,2,3,3,3,2,2,2,2,3,3,2,3,2,3,4,3,1,3,2,2,3,3,4,3,3,2,0,3,3,2,2,3,3,2,3,2,2,2,2,3,3,3,3,2,2,2,3,2,2,3,2,2,2,3,3,2,2,1,4,2,3"
159,1.4297159054154176,"0,0,3,3,2,1,3,2,1,0,1,4,2,0,3,4,3,3,3,3,3,2,2,3,2,2,3,3,2,3,0,4,4,4,4,1,1,3,3,4,3,2,3,3,3,4,4,2,0,2,3,3,3,3,3,2,2,3,3,2,2,0,3,3,3,2,2,2,2,1,1,3,3,2,2,3,3,4,1,2,2,2,2,2,3,3,3,2,3,3,3,3,3,3,1,4,3,3,3,1,2,2,0,2,1,2,2,3,3,3,3,2,2,3,4,3,3,3,3,0,2,2,2,3,4,3,1,1,1,3,3,2,3,1,2,4,1,2,2,2,2,3,3,0,2,2,2,2,3,3,4,1,1,1,4,2,4,3,2,2,4,1,3,3,3,4,4,0,2,1,1,4,1,1,2,2,0,2,2,2,2,2,4,4,2,2,3,3,3,3,3,2,2,3,4,2,0,0,0,0,0,0,0,0,0,0,0,0,0,0,3,3,2,0,2,1,3,2,3,3,3,2,2,2,2,3,3,2,3,2,3,4,3,1,3,2,2,3,3,4,3,3,0,0,3,3,2,2,3,3,2,3,2,2,2,2,3,3,3,3,2,2,2,3,2,2,3,2,2,2,3,3,2,2,1,4,2,3"
160,1.4299069765807062,"0,0,3,3,2,1,3,2,1,0,1,4,2,0,3,4,3,3,3,3,3,2,2,3,2,2,3,3,2,3,0,4,4,4,4,1,1,3,3,4,3,2,3,3,3,4,4,2,0,2,3,3,3,3,3,2,2,3,3,2,2,0,3,3,3,2,2,2,2,1,1,3,3,2,2,3,3,4,1,2,2,2,2,2,3,3,3,2,3,3,3,3,3,3,1,4,3,3,3,1,2,2,0,2,1,2,2,3,3,3,3,2,2,3,4,3,3,3,3,0,2,2,2,3,4,0,1,1,1,3,3,2,3,1,2,1,1,2,2,2,2,2,3,0,3,2,2,2,3,3,4,4,1,1,4,2,4,3,2,2,4,1,3,3,3,4,4,0,2,1,1,4,1,1,2,2,0,2,2,2,2,2,4,4,2,2,3,3,3,3,3,2,2,3,4,2,0,0,0,0,0,0,0,0,0,0,0,0,0,0,3,3,2,0,2,1,3,3,3,3,3,2,2,2,2,3,3,2,3,2,3,4,3,1,3,2,2,3,3,4,3,3,2,0,3,3,2,2,3,3,2,3,2,2,2,2,3,3,3,3,2,2,2,3,2,2,3,2,2,2,3,3,2,2,1,4,2,3"
161,1.4300439391792577,"0,0,3,3,2,1,3,2,1,0,1,4,2,0,3,4,3,3,3,3,3,2,2,3,2,2,3,3,2,3,0,4,4,4,4,1,1,3,3,4,3,2,3,3,3,4,4,2,0,2,3,3,3,3,3,2,2,3,3,2,2,0,3,3,3,2,2,2,2,1,1,3,3,2,2,3,3,4,1,2,2,2,2,2,3,3,3,2,3,3,3,3,3,3,1,4,3,3,3,1,2,2,0,3,1,2,2,3,3,3,3,2,2,3,4,3,3,3,3,0,2,2,2,3,4,0,1,1,1,3,3,2,3,1,2,1,1,2,2,2,2,2,3,0,3,2,2,2,3,3,4,4,1,1,4,2,4,3,2,2,4,1,3,3,3,4,4,0,2,1,1,4,1,1,2,2,0,2,2,2,2,2,4,4,2,2,3,3,3,3,3,2,2,3,4,2,0,0,0,0,0,0,0,0,0,0,0,0,0,0,3,3,2,0,2,1,3,3,3,3,3,2,2,2,2,3,3,2,3,2,3,4,3,1,3,2,2,3,3,4,3,3,2,0,3,3,2,2,3,3,2,3,2,2,2,2,3,3,3,3,2,2,2,3,2,2,3,2,2,2,3,3,2,2,1,4,2,3"
162,1.42997117863137,"0,0,3,3,2,1,3,2,1,0,1,4,2,0,3,4,3,3,3,3,3,2,2,3,2,2,3,3,2,3,0,4,4,4,4,1,1,3,3,4,3,2,3,3,3,4,4,2,0,2,3,3,3,3,3,2,2,3,3,2,2,0,3,3,3,2,2,2,2,1,1,3,3,2,2,3,3,4,1,2,2,2,2,2,3,3,3,2,3,3,3,3,3,3,1,4,3,3,3,4,2,2,0,3,1,2,2,3,3,3,3,2,2,3,4,3,3,3,3,0,2,2,2,3,4,0,1,1,1,3,3,2,3,1,2,1,1,2,2,2,2,2,3,0,3,2,2,2,3,3,4,4,1,1,4,2,4,3,2,2,4,1,3,3,3,4,4,0,2,1,1,4,1,1,2,2,0,2,2,2,2,2,4,4,2,2,3,3,3,3,3,2,2,3,4,2,0,0,0,0,0,0,0,0,0,0,0,0,0,0,3,3,2,0,2,1,3,3,3,1,3,2,2,2,2,3,3,2,3,2,3,4,3,1,3,2,2,3,3,4,3,3,2,0,3,3,2,2,3,3,2,3,2,2,2,2,3,3,3,3,2,2,2,3,2,2,3,2,2,2,3,3,2,2,1,4,2,3"
163,1.4290957157311859,"0,0,3,3,2,1,3,2,1,0,1,4,2,0,3,4,3,3,3,3,3,2,2,3,2,2,3,3,2,3,0,4,4,4,4,1,1,3,3,4,3,2,3,3,3,4,4,2,0,2,3,3,3,3,3,2,2,3,3,2,2,0,3,3,3,2,2,2,2,1,1,3,3,2,2,3,3,4,1,2,2,2,2,2,3,3,3,2,3,3,3,3,3,3,1,4,3,3,3,1,2,2,0,3,1,2,2,3,3,3,3,2,2,3,4,3,3,3,3,0,2,2,2,3,4,0,1,1,1,3,3,2,3,1,2,1,1,2,2,2,2,2,3,0,3,2,2,2,3,3,4,4,1,1,4,2,4,3,2,2,4,1,3,3,3,4,4,0,2,1,1,4,1,1,2,2,2,2,2,2,2,2,4,4,2,2,3,3,3,3,3,2,2,3,4,2,0,0,0,0,0,0,0,0,0,0,3,0,0,0,3,3,2,0,2,1,3,3,3,3,3,2,2,2,2,3,3,2,3,2,3,4,3,1,3,2,2,3,3,4,3,3,2,0,3,3,2,2,3,3,2,3,2,2,2,2,3,3,3,3,2,2,2,3,2,2,3,2,2,2,3,3,2,2,1,4,2,3"
164,1.4311406778361329,"0,0,3,3,2,1,3,2,1,0,1,4,2,0,3,4,3,3,3,3,3,2,2,3,2,2,3,3,2,3,0,4,4,4,4,1,1,3,3,4,3,2,3,3,3,4,4,0,0,2,3,3,3,3,3,2,2,3,3,2,2,0,3,3,3,2,2,2,2,1,1,3,3,2,2,3,3,4,1,2,2,2,2,2,3,3,3,2,3,3,3,3,3,3,1,4,3,3,3,1,2,2,0,3,1,2,2,3,3,3,3,2,2,3,4,3,3,3,3,0,2,2,2,3,4,0,1,1,1,3,3,2,3,1,2,1,1,2,2,2,2,2,3,0,3,2,2,2,3,3,4,4,1,1,4,2,4,3,2,2,4,1,3,2,3,4,4,0,2,1,1,4,1,1,2,2,2,2,2,2,2,2,4,4,2,2,3,3,3,3,3,2,2,3,4,2,0,0,0,0,0,0,0,0,0,0,0,0,0,0,3,3,2,0,2,1,3,3,3,3,3,2,2,2,2,3,3,2,3,2,3,3,3,1,3,2,2,3,3,4,3,3,2,0,3,3,2,2,3,3,2,3,2,2,2,2,3,3,3,3,2,2,2,3,2,2,3,2,2,2,3,3,2,2,1,4,2,2"
165,1.4309351550638905,"0,0,3,3,2,1,3,2,1,0,1,4,2,0,3,4,3,3,3,3,3,2,2,3,2,2,3,3,2,3,0,4,4,4,4,1,1,3,3,4,3,2,3,3,3,4,4,0,0,2,3,3,3,3,3,2,2,3,3,2,2,0,3,3,3,2,2,2,2,1,1,3,3,2,2,3,3,4,1,2,2,2,2,2,3,3,3,2,3,3,3,3,3,3,1,4,3,3,3,1,2,2,0,3,1,2,2,3,3,3,3,2,2,3,4,3,3,3,3,0,2,2,2,3,4,0,1,1,1,3,3,2,3,1,2,1,1,2,2,2,2,2,3,0,3,2,2,2,3,3,4,4,1,1,4,2,4,3,2,2,4,1,3,2,3,4,4,0,2,1,1,4,1,1,2,2,2,2,2,2,2,2,4,4,2,2,3,3,3,3,3,2,2,3,4,2,0,0,0,0,0,0,0,0,0,0,0,0,0,0,3,3,2,0,2,1,3,3,3,3,3,2,2,2,4,3,3,2,3,2,3,1,3,1,3,2,2,3,3,4,3,3,2,0,3,3,2,2,3,3,2,3,2,2,2,2,3,3,3,3,2,2,2,3,2,2,3,2,2,2,3,3,2,2,1,4,2,2"
166,1.4311406778361329,"0,0,3,3,2,1,3,2,1,0,1,4,2,0,3,4,3,3,3,3,3,2,2,3,2,2,3,3,2,3,0,4,4,4,4,1,1,3,3,4,3,2,3,3,3,4,4,0,0,2,3,3,3,3,3,2,2,3,3,2,2,0,3,3,3,2,2,2,2,1,1,3,3,2,2,3,3,4,1,2,2,2,2,2,3,3,3,2,3,3,3,3,3,3,1,4,3,3,3,1,2,2,0,3,1,2,2,3,3,3,3,2,2,3,4,3,3,3,3,0,2,2,2,3,4,0,1,1,1,3,3,2,3,1,2,1,1,2,2,2,2,2,3,0,3,2,2,2,3,3,4,4,1,1,4,2,4,3,2,2,4,1,3,2,3,4,4,0,2,1,1,4,1,1,2,2,2,2,2,2,2,2,4,4,2,2,3,3,3,3,3,2,2,3,4,2,0,0,0,0,0,0,0,0,0,0,0,0,0,0,3,3,2,0,2,1,3,3,3,3,3,2,2,2,2,3,3,2,3,2,3,3,3,1,3,2,2,3,3,4,3,3,2,0,3,3,2,2,3,3,2,3,2,2,2,2,3,3,3,3,2,2,2,3,2,2,3,2,2,2,3,3,2,2,1,4,2,2"
167,1.4283306566018843,"0,0,3,3,2,1,3,2,1,0,1,4,2,0,3,4,3,3,3,3,3,2,2,3,2,2,3,3,2,3,0,4,4,4,4,1,1,3,3,4,3,2,3,3,3,4,4,0,0,2,3,1,3,3,3,2,2,3,3,2,2,0,3,3,3,2,2,2,2,1,1,1,3,2,2,3,3,4,1,2,2,2,2,1,3,3,3,2,3,3,3,0,3,3,1,4,3,3,3,1,2,2,4,3,1,2,2,3,3,3,3,2,2,3,4,3,3,3,3,0,2,2,2,3,4,0,1,1,1,3,3,3,3,1,2,1,1,2,2,2,2,2,3,0,3,2,2,2,3,3,4,4,1,1,4,2,4,3,2,2,4,1,3,2,3,4,4,0,2,1,1,4,1,1,2,2,2,2,2,2,2,2,4,4,2,2,3,3,3,3,3,2,2,3,4,2,0,0,0,0,0,0,0,0,0,0,0,0,0,0,3,3,0,0,2,1,3,3,3,3,3,2,2,2,4,3,3,2,3,2,3,3,2,1,3,2,2,3,3,4,3,3,2,0,3,3,2,2,3,3,2,3,2,2,2,2,3,3,3,3,2,2,2,3,2,2,3,2,2,2,3,3,2,2,1,4,2,2"
168,1.43121042933957,"0,0,3,3,2,1,3,2,1,0,1,4,2,0,3,4,3,3,3,3,3,2,2,3,2,2,3,3,2,3,0,4,4,4,4,1,1,3,3,4,3,2,3,3,3,4,4,0,0,2,3,3,3,3,3,2,2,3,3,2,2,0,3,3,3,2,2,2,2,1,1,3,3,2,2,3,3,4,1,2,2,2,2,2,3,3,3,2,3,3,3,3,3,3,1,4,3,3,3,1,2,2,0,3,1,2,2,3,3,3,3,2,2,3,4,3,3,3,3,0,2,2,2,3,4,0,1,1,1,3,3,2,3,1,2,1,1,2,2,2,2,2,3,0,3,2,2,2,3,3,4,4,1,1,4,2,3,3,2,2,4,1,3,2,3,4,4,0,2,1,1,4,1,1,2,2,2,2,2,2,2,2,4,4,2,2,3,3,3,3,3,2,2,3,4,4,0,0,0,0,0,0,0,0,0,0,0,0,0,0,3,3,2,0,2,1,3,3,3,3,3,2,2,2,4,3,3,2,3,2,3,3,3,1,3,2,2,3,3,4,3,3,2,0,3,3,2,2,3,3,2,3,2,2,3,2,3,3,3,3,2,2,2,3,2,2,3,2,2,2,3,3,2,2,1,4,2,2"
169,1.4318546748800633,"0,0,3,3,2,1,3,2,1,0,1,4,2,0,3,4,3,3,3,3,3,2,2,3,2,2,3,3,2,3,0,4,4,4,4,1,1,3,3,4,3,2,3,3,3,4,4,0,0,2,3,3,3,3,3,2,2,3,3,2,2,0,3,3,3,2,2,2,2,1,1,3,3,2,2,3,3,4,1,2,2,2,2,2,3,3,3,2,3,3,3,3,3,3,1,4,3,3,3,1,2,2,0,3,1,2,2,3,3,3,3,2,2,3,4,3,3,3,3,0,2,2,2,3,4,0,1,1,1,3,3,2,3,1,2,1,1,2,2,2,2,2,3,0,3,2,2,2,3,3,4,4,1,1,4,2,3,3,2,2,4,1,3,2,3,4,4,0,2,1,1,4,1,1,2,2,2,2,2,2,2,2,4,4,2,2,3,3,3,3,3,2,2,3,4,4,0,0,0,0,0,0,0,0,0,0,0,0,0,0,3,3,2,0,2,1,3,3,3,3,3,2,2,2,4,3,3,2,3,2,3,3,3,1,3,2,2,3,3,4,3,3,2,0,3,3,2,2,3,3,2,3,2,2,2,2,3,3,3,3,2,2,2,3,2,2,3,2,2,2,3,3,2,2,1,4,2,2"
170,1.4299336897198986,"0,0,3,3,2,1,3,2,1,0,1,4,2,0,3,4,3,3,3,3,3,2,2,3,2,2,3,3,2,3,0,4,4,4,4,1,1,3,3,4,3,2,3,3,3,4,4,0,0,2,3,3,3,3,3,4,2,3,3,2,2,0,3,3,3,2,2,2,2,1,1,3,3,2,2,3,3,4,1,2,2,2,2,2,3,3,3,2,3,3,3,3,3,3,1,4,3,3,3,1,2,2,0,3,1,2,2,3,3,3,3,2,2,3,4,3,3,3,3,0,2,2,2,3,4,0,1,1,1,3,3,2,3,1,2,1,1,2,2,2,2,2,3,0,3,2,2,2,3,3,4,4,1,1,4,2,3,3,2,2,4,1,3,2,3,4,4,4,2,1,1,1,1,1,2,2,2,2,2,2,2,2,4,4,2,2,3,3,3,3,3,2,2,3,4,4,3,0,0,0,0,0,0,0,0,0,0,0,0,0,3,3,2,0,2,1,3,3,3,3,3,2,2,2,4,3,3,2,3,2,3,3,3,1,3,2,2,3,3,4,3,3,2,0,3,3,2,2,3,3,2,3,2,2,2,2,3,3,3,3,2,2,2,3,2,2,3,2,2,2,3,3,2,2,4,4,2,2"
171,1.4317571769549802,"0,0,3,3,2,1,3,2,1,0,1,4,2,0,3,4,3,3,3,3,3,2,2,3,2,2,3,3,2,3,0,4,4,4,4,1,1,3,3,4,3,2,3,3,3,4,4,0,0,2,3,3,3,3,3,2,2,3,3,2,2,0,3,3,3,2,2,2,2,1,1,3,3,2,2,3,3,4,1,2,2,2,2,2,3,3,3,2,3,3,3,3,3,3,1,4,3,3,3,1,2,2,0,3,1,2,2,3,3,3,3,2,2,3,4,3,3,3,3,0,2,2,2,3,4,0,1,1,1,3,3,2,3,1,2,1,1,2,2,2,2,2,3,0,3,2,2,2,3,3,4,4,1,1,4,2,3,3,2,2,4,1,3,2,3,4,4,4,2,1,1,1,1,1,2,2,2,2,2,2,2,2,4,4,2,2,3,3,3,3,3,2,2,3,4,4,0,0,0,0,0,0,0,0,0,0,0,0,0,0,3,3,2,0,2,1,3,3,3,3,3,2,2,2,4,3,3,2,3,2,3,3,3,1,3,2,2,3,3,4,3,3,2,0,3,3,2,2,3,3,2,3,2,2,2,2,3,3,3,3,2,2,2,3,2,2,3,2,2,2,3,3,2,2,4,4,2,2"
172,1.4322723712330014,"0,0,3,3,2,1,3,2,1,0,1,4,2,0,3,4,3,3,3,3,3,2,2,3,2,2,3,3,2,3,0,4,4,4,4,1,1,3,3,4,3,2,3,3,3,4,4,0,0,2,3,3,3,3,3,2,2,3,3,2,2,0,3,3,3,2,2,2,2,1,1,3,3,2,2,3,3,4,1,2,2,2,2,2,3,3,3,2,3,3,3,3,3,3,1,4,3,3,3,1,2,2,0,3,1,2,2,3,3,3,3,2,2,3,4,3,3,3,3,2,2,2,2,3,4,0,1,1,1,3,3,2,3,1,2,1,1,2,2,2,2,2,3,0,3,2,2,2,3,3,4,4,1,1,4,3,3,3,2,2,4,1,3,2,3,4,4,0,2,1,1,1,1,1,2,2,2,2,2,2,2,2,4,4,2,2,3,3,3,3,3,2,2,3,4,4,0,0,0,0,0,0,0,0,0,0,0,0,0,0,3,3,2,0,2,1,3,3,3,3,3,2,2,2,4,3,3,2,3,2,3,3,3,1,3,2,2,3,3,4,3,3,2,0,3,3,2,2,3,3,2,3,2,2,2,2,3,3,3,3,2,2,2,3,2,2,3,2,2,2,3,3,2,2,4,4,2,2"
173,1.431385623398458,"0,0,3,3,2,1,3,2,1,0,1,4,2,0,3,4,3,3,3,3,3,2,2,3,2,2,3,3,2,3,0,4,4,4,4,1,1,3,3,4,3,2,3,3,3,4,4,0,0,2,3,3,3,3,3,2,2,3,3,2,2,0,3,3,3,2,2,2,2,1,1,3,3,2,2,3,3,4,1,2,2,2,2,2,3,3,3,2,3,3,3,3,3,3,1,4,3,3,3,1,2,2,0,3,1,2,2,3,3,3,3,2,2,3,4,3,3,3,3,2,2,2,2,3,4,0,1,1,1,3,3,2,2,1,2,1,1,2,2,2,2,2,3,0,3,2,2,2,3,3,4,4,1,1,4,3,3,3,2,2,4,1,3,2,3,4,4,0,2,1,1,1,1,1,2,2,2,2,2,2,2,2,4,4,2,2,3,3,3,3,3,2,2,3,4,4,0,0,0,0,0,0,0,0,0,0,0,0,0,0,3,3,2,0,2,1,3,3,3,3,3,2,2,2,4,3,3,4,3,2,3,3,3,1,3,2,2,3,3,4,3,3,2,0,3,3,2,2,3,3,2,3,2,2,2,2,3,3,3,3,4,2,2,3,2,2,3,2,2,2,3,3,2,2,4,4,2,2"
174,1.432343821970159,"0,0,3,3,2,1,3,2,1,0,1,4,2,0,3,4,3,3,3,3,3,2,2,3,2,2,3,3,2,3,0,4,4,4,4,1,1,3,3,4,3,2,3,3,3,4,4,0,0,1,3,3,3,3,3,2,2,3,3,2,2,0,3,3,3,2,2,2,2,1,1,3,3,2,2,3,3,4,1,2,2,2,2,2,3,3,3,2,3,3,3,3,3,3,1,4,3,3,3,1,2,2,0,3,1,2,2,3,3,3,3,2,2,3,4,3,3,3,3,2,2,2,2,3,4,0,1,1,1,3,3,2,3,1,2,1,1,2,2,2,2,2,3,0,3,2,2,2,3,3,4,4,1,1,4,3,3,3,3,2,4,1,3,2,3,4,4,0,2,1,1,1,1,1,2,2,2,2,2,2,2,2,4,4,2,2,3,3,3,3,3,2,2,3,4,4,0,0,0,0,0,0,0,0,0,0,0,0,0,0,3,3,2,0,2,1,3,3,3,3,3,2,2,2,4,3,3,2,3,2,3,3,3,1,3,2,2,3,3,4,3,3,2,0,3,3,2,2,3,3,2,3,2,2,2,2,3,3,3,3,2,2,2,2,2,2,3,2,2,2,3,3,2,2,4,4,2,2"
175,1.4327613491714066,"0,0,3,3,2,1,3,2,1,0,1,4,2,0,3,4,3,3,3,3,3,2,2,3,2,2,3,3,2,3,0,4,4,4,4,1,1,3,3,4,3,2,3,3,3,4,4,0,0,1,3,3,3,3,3,2,2,3,3,2,2,0,3,3,3,2,2,2,2,1,1,3,3,2,2,3,3,4,1,2,2,2,2,2,3,3,3,2,3,3,3,3,3,3,1,4,3,3,3,3,2,2,0,3,1,2,2,3,3,3,3,2,2,3,4,3,3,3,3,2,2,2,2,3,4,0,1,1,1,3,3,2,3,1,2,1,1,2,2,2,2,2,3,0,3,2,2,2,3,3,4,4,1,1,4,3,3,3,3,2,4,1,3,2,3,4,4,0,2,1,1,1,1,1,2,2,2,2,2,2,2,2,4,4,2,2,3,3,3,3,3,2,2,3,4,4,0,0,0,0,0,0,0,0,0,0,0,0,0,0,3,3,2,0,2,1,3,3,3,3,3,2,2,2,4,3,3,2,3,2,3,3,3,1,3,2,2,3,3,4,3,3,2,0,3,3,2,2,3,3,2,3,2,2,2,2,3,3,3,3,2,2,2,2,2,2,3,2,2,2,3,3,2,2,4,4,2,2"
176,1.43241749110926,"0,0,3,3,2,1,3,2,1,0,1,4,2,0,3,4,3,3,3,3,3,2,2,3,2,2,3,3,2,3,0,4,4,4,4,1,1,3,3,4,3,2,3,3,3,4,4,0,0,1,3,3,3,3,3,2,2,3,3,2,2,0,3,3,3,2,2,2,2,1,1,3,3,2,2,3,3,4,1,2,2,2,2,2,3,3,3,2,3,3,3,3,3,3,1,4,3,3,3,3,2,2,0,3,1,2,2,3,3,3,3,2,2,3,4,3,3,3,3,2,2,2,2,3,4,0,1,1,1,3,3,2,3,1,2,1,1,2,2,2,2,2,3,0,3,2,2,2,3,3,4,4,1,1,4,3,3,3,3,2,4,1,3,2,3,4,4,0,2,1,1,1,1,1,2,2,2,2,2,2,2,3,4,4,2,2,3,3,3,3,3,2,2,3,4,4,0,0,0,0,0,0,0,0,0,0,0,0,0,0,3,3,2,0,2,1,3,3,3,3,3,2,2,2,4,3,3,2,3,2,3,3,3,1,3,2,2,3,3,4,3,3,2,0,3,3,2,2,3,3,2,3,2,2,2,2,3,3,3,3,2,2,2,3,2,2,3,3,2,2,3,3,2,2,4,4,2,2"
177,1.4306879410075886,"0,0,3,3,2,1,3,2,1,0,1,4,2,0,3,4,3,3,3,3,3,2,2,3,2,2,3,3,2,3,0,4,4,4,4,1,1,3,3,4,3,2,3,3,3,4,4,0,0,1,3,3,3,3,3,2,2,3,3,2,2,0,3,3,3,2,2,2,2,1,1,3,3,2,2,3,3,4,1,2,2,2,2,2,3,3,3,2,3,3,3,3,3,3,1,4,3,3,3,1,2,2,0,3,1,2,2,3,3,3,3,2,2,3,4,3,3,3,3,2,2,2,2,3,4,0,1,1,1,3,3,2,3,1,0,1,1,2,2,2,2,2,3,0,3,2,2,2,3,3,4,4,1,1,4,3,3,3,2,2,4,1,3,2,3,4,4,0,1,1,1,1,1,1,2,2,2,2,2,2,2,2,4,4,2,2,3,3,3,3,3,2,2,3,4,4,0,0,0,0,0,0,0,0,0,0,0,0,0,0,3,3,2,0,2,1,3,3,3,3,3,2,2,2,4,3,3,2,3,2,3,3,3,1,3,2,2,3,3,4,3,3,2,0,3,3,2,2,3,3,2,3,2,2,2,4,3,3,3,3,2,2,2,2,2,2,3,2,2,2,3,3,2,2,4,4,2,2"
178,1.4336247067663483,"0,0,3,3,2,1,3,2,1,0,1,4,2,0,3,4,3,3,3,3,3,2,2,3,2,2,3,3,2,3,0,4,4,4,4,1,1,3,3,4,3,2,3,3,3,4,4,0,0,2,3,3,3,3,3,2,2,3,3,2,2,0,3,3,3,2,2,2,2,1,1,3,3,2,2,3,3,4,1,2,2,2,2,2,3,3,2,2,3,3,3,3,3,3,1,4,3,3,3,3,2,2,2,3,1,2,2,3,3,3,3,2,2,3,4,3,3,3,3,2,2,2,2,3,4,0,1,1,1,3,3,2,3,1,2,1,1,2,2,2,2,2,3,0,3,2,2,2,3,3,4,4,1,1,4,3,3,3,3,2,4,1,3,2,3,4,4,0,2,1,1,1,1,1,2,2,2,2,2,2,2,2,4,4,2,2,3,3,3,3,3,2,2,3,4,4,0,0,0,0,0,0,0,0,0,0,0,0,0,0,3,3,2,0,2,1,3,3,3,3,3,2,2,2,4,3,3,2,3,2,3,3,3,1,3,2,2,3,3,4,3,3,2,0,3,3,2,2,3,3,2,3,2,2,2,2,3,3,3,3,2,2,2,2,2,2,3,2,2,2,3,3,2,2,4,4,2,2"
179,1.4329670357320399,"0,0,3,3,2,1,3,2,1,0,1,4,2,0,3,4,3,3,3,3,3,2,2,3,2,2,3,3,2,3,0,4,4,4,4,1,1,3,3,4,3,2,3,3,3,4,4,0,0,2,3,3,3,3,3,2,2,3,3,2,2,0,3,3,3,2,2,2,2,1,1,3,3,2,2,3,3,4,1,2,2,2,2,2,3,3,2,2,3,1,3,3,3,3,1,4,3,3,3,3,2,2,0,3,1,2,2,3,3,3,3,2,2,3,4,3,3,3,3,2,2,2,2,3,4,0,1,1,1,3,3,2,3,1,2,1,1,2,2,2,2,2,3,0,3,2,2,2,3,3,4,4,1,1,4,3,3,3,3,2,4,1,3,2,3,4,4,0,2,1,1,1,1,1,2,2,2,2,2,2,2,2,4,4,2,2,3,3,3,3,3,2,2,3,4,4,0,0,0,0,0,0,0,0,0,0,0,0,0,0,3,3,2,0,2,1,3,3,3,3,3,2,2,2,4,3,3,2,3,2,3,3,3,1,3,2,2,3,3,4,3,3,2,0,3,3,2,2,3,3,2,3,2,2,2,2,3,3,3,3,2,2,2,2,2,2,3,2,2,2,3,3,2,2,4,4,2,2"
180,1.433802840553175,"0,0,3,3,2,1,3,2,1,0,1,4,2,0,3,4,3,3,3,3,3,2,2,3,2,2,3,3,2,3,0,4,4,4,4,1,1,3,3,4,3,2,3,3,3,1,4,0,0,2,3,3,3,3,3,2,2,3,3,2,2,0,3,3,3,2,2,2,2,1,1,3,3,2,2,3,3,4,1,2,2,2,2,2,3,3,2,2,3,3,3,3,3,3,1,4,3,3,3,3,2,2,2,3,1,2,2,3,3,3,3,2,2,3,4,3,3,3,3,2,2,2,2,3,4,0,1,1,1,3,3,2,3,1,2,1,1,2,2,2,2,2,3,0,3,2,2,2,3,3,4,4,1,1,4,3,3,3,3,2,4,1,3,2,3,4,4,0,2,1,1,1,1,1,2,2,2,2,2,2,2,2,4,4,2,2,3,3,3,3,3,2,2,3,4,4,0,0,0,0,0,0,0,0,0,0,0,0,0,0,3,3,2,0,2,1,3,3,3,3,3,2,2,2,4,3,3,2,3,3,3,3,3,1,3,2,2,3,3,4,3,3,2,0,3,3,2,2,3,3,2,3,2,2,2,2,3,3,3,3,2,2,2,2,2,2,3,2,2,2,3,3,2,2,4,4,2,2"
181,1.4331199582045366,"0,0,3,3,2,1,3,2,1,0,1,4,2,0,3,4,3,3,3,3,3,2,2,3,2,2,3,3,2,3,0,4,4,4,4,1,1,3,3,4,3,2,3,3,3,4,4,0,0,2,3,3,3,3,3,2,2,3,3,2,2,0,3,3,3,2,2,2,2,1,1,3,3,2,2,3,3,4,1,2,2,2,2,2,3,3,2,2,3,3,3,3,3,3,1,4,3,3,3,3,2,2,2,3,1,2,2,3,3,3,3,2,2,3,4,3,3,3,3,2,2,2,2,3,4,0,1,1,1,3,3,2,3,1,2,1,1,2,2,2,2,2,3,0,3,2,2,2,3,3,4,4,1,1,4,4,3,3,3,2,4,1,3,2,3,4,4,0,2,1,1,1,1,1,2,2,2,2,2,2,2,2,4,4,2,2,3,3,3,3,3,2,2,3,4,4,0,0,0,0,0,0,0,0,0,0,0,0,0,0,3,3,2,0,2,1,3,3,3,3,3,2,2,2,4,3,3,2,3,3,3,3,3,1,3,2,2,3,3,4,3,3,2,0,3,3,2,1,3,3,2,3,2,2,2,2,3,3,3,3,2,2,2,2,2,2,3,2,2,2,3,3,2,2,4,4,2,2"
182,1.4337851997570676,"0,0,3,3,2,1,3,2,1,0,1,4,2,0,3,4,3,3,3,3,3,2,2,3,2,2,3,3,2,3,0,4,4,4,4,1,1,3,3,4,3,2,3,3,3,4,4,0,0,2,3,3,3,3,3,2,2,3,3,2,2,0,3,3,3,2,2,2,2,1,1,3,3,2,2,3,3,4,1,2,2,2,2,2,3,3,2,2,3,3,3,3,3,3,1,4,3,3,3,3,2,2,2,3,1,2,2,3,3,3,3,2,2,3,4,3,3,3,3,2,2,2,2,3,4,0,1,1,1,3,3,2,3,1,2,1,1,2,2,2,2,2,3,0,3,2,2,2,3,3,4,4,1,1,4,3,3,3,3,2,4,1,3,2,3,4,4,0,2,1,1,1,1,1,2,2,2,2,2,2,2,2,4,4,2,2,3,3,3,3,3,2,2,3,4,4,0,0,0,0,0,0,0,0,0,0,0,0,0,0,3,3,2,0,2,1,3,3,3,3,3,2,2,2,4,3,3,2,3,3,3,3,3,1,3,2,2,3,3,4,3,3,2,0,3,3,2,2,3,3,2,3,2,2,2,2,3,3,3,3,2,2,2,2,2,2,3,2,2,2,3,3,2,2,4,4,2,2"
183,1.4324485892002443,"0,0,3,3,2,1,3,2,1,0,1,4,2,0,3,4,3,3,3,3,3,2,2,3,2,2,3,3,2,3,0,4,4,4,4,1,1,3,3,4,3,2,3,3,3,4,4,0,0,2,3,3,3,3,3,2,2,3,3,2,2,0,3,3,3,2,2,2,2,1,1,3,3,2,2,3,3,4,1,2,2,2,2,2,3,3,2,2,3,3,3,3,3,3,1,4,3,3,3,3,2,2,2,3,1,2,2,3,3,3,3,2,2,3,4,3,3,3,3,2,2,2,2,3,4,0,1,1,1,3,3,2,3,1,2,1,1,2,2,2,2,2,2,0,3,2,2,2,3,3,4,4,1,1,4,3,3,3,3,2,4,1,3,2,3,4,4,0,2,1,1,1,1,1,2,2,2,2,2,2,2,2,4,4,2,2,3,3,3,3,3,2,3,3,4,4,0,0,0,0,0,0,0,4,0,0,0,0,0,0,3,3,2,0,2,1,3,3,3,3,3,2,2,2,4,3,3,2,3,3,3,3,3,1,3,2,2,3,3,4,3,3,2,0,3,3,2,2,3,3,2,3,2,2,2,2,3,3,3,3,2,2,2,2,2,2,3,2,2,2,3,3,2,2,4,4,2,2"
184,1.4339694479731728,"0,0,3,3,2,1,3,2,1,0,1,4,2,0,3,4,3,3,3,3,3,2,2,3,2,2,3,3,2,3,0,4,4,4,4,1,1,3,3,4,3,2,3,3,3,4,4,0,0,2,3,3,3,3,3,2,2,3,3,2,2,0,3,3,3,2,2,2,2,1,1,3,3,2,2,3,3,4,1,2,2,2,2,2,3,3,2,2,3,3,3,3,3,3,1,4,3,3,3,3,2,2,2,3,1,2,2,3,3,3,3,2,2,3,4,3,3,3,3,2,2,2,2,3,4,0,1,1,1,3,3,2,3,1,2,1,1,2,2,2,2,2,2,0,3,2,2,2,3,3,4,4,1,1,4,3,3,3,3,2,4,1,3,2,3,4,4,0,2,1,1,1,1,1,2,2,2,2,2,2,2,2,4,4,2,2,3,3,3,3,3,2,2,3,4,3,0,0,0,0,0,0,0,0,0,0,0,0,0,0,3,3,2,0,2,1,3,3,3,3,3,2,2,2,4,3,3,2,3,3,3,3,1,1,3,2,2,3,3,4,3,3,2,0,3,3,2,2,3,3,2,3,2,2,2,2,3,3,3,3,2,2,2,2,2,2,3,2,2,2,3,3,2,2,4,4,2,2"
185,1.4339694479731728,"0,0,3,3,2,1,3,2,1,0,1,4,2,0,3,4,3,3,3,3,3,2,2,3,2,2,3,3,2,3,0,4,4,4,4,1,1,3,3,4,3,2,3,3,3,4,4,0,0,2,3,3,3,3,3,2,2,3,3,2,2,0,3,3,3,2,2,2,2,1,1,3,3,2,2,3,3,4,1,2,2,2,2,2,3,3,2,2,3,3,3,3,3,3,1,4,3,3,3,3,2,2,2,3,1,2,2,3,3,3,3,2,2,3,4,3,3,3,3,2,2,2,2,3,4,0,1,1,1,3,3,2,3,1,2,1,1,2,2,2,2,2,2,0,3,2,2,2,3,3,4,4,1,1,4,3,3,3,3,2,4,1,3,2,3,4,4,0,2,1,1,1,1,1,2,2,2,2,2,2,2,2,4,4,2,2,3,3,3,3,3,2,2,3,4,3,0,0,0,0,0,0,0,0,0,0,0,0,0,0,3,3,2,0,2,1,3,3,3,3,3,2,2,2,4,3,3,2,3,3,3,3,1,1,3,2,2,3,3,4,3,3,2,0,3,3,2,2,3,3,2,3,2,2,2,2,3,3,3,3,2,2,2,2,2,2,3,2,2,2,3,3,2,2,4,4,2,2"
186,1.4334406564314555,"0,0,3,3,2,1,3,2,1,0,1,4,2,0,3,4,3,3,3,3,3,2,2,3,2,2,3,3,2,3,0,4,4,4,4,1,1,3,3,4,3,2,3,3,3,1,1,0,0,2,3,3,3,3,3,2,2,3,3,2,2,0,3,3,3,2,2,2,2,1,1,3,3,2,2,3,3,4,1,2,2,2,2,2,3,3,2,2,3,3,3,3,3,3,1,4,3,3,3,3,2,2,2,3,1,2,2,3,3,3,3,2,2,3,4,3,3,3,3,2,2,2,2,3,4,0,1,1,1,3,3,2,3,1,2,1,1,2,2,2,2,2,3,0,3,2,2,2,3,3,4,4,1,1,4,3,3,3,3,2,4,1,3,2,3,4,4,0,2,1,1,1,1,1,2,2,2,2,2,2,2,2,4,4,2,2,3,3,3,3,3,2,2,3,4,4,0,0,0,0,0,0,0,0,0,0,0,0,0,0,3,3,2,0,2,1,3,3,3,3,3,2,2,2,4,3,3,2,3,3,3,3,3,1,3,2,2,3,3,4,3,3,2,0,3,3,2,2,3,3,2,3,2,2,2,2,3,3,3,3,2,2,2,2,2,2,3,2,2,2,3,3,2,2,4,4,2,2"
187,1.4339694479731728,"0,0,3,3,2,1,3,2,1,0,1,4,2,0,3,4,3,3,3,3,3,2,2,3,2,2,3,3,2,3,0,4,4,4,4,1,1,3,3,4,3,2,3,3,3,4,4,0,0,2,3,3,3,3,3,2,2,3,3,2,2,0,3,3,3,2,2,2,2,1,1,3,3,2,2,3,3,4,1,2,2,2,2,2,3,3,2,2,3,3,3,3,3,3,1,4,3,3,3,3,2,2,2,3,1,2,2,3,3,3,3,2,2,3,4,3,3,3,3,2,2,2,2,3,4,0,1,1,1,3,3,2,3,1,2,1,1,2,2,2,2,2,2,0,3,2,2,2,3,3,4,4,1,1,4,3,3,3,3,2,4,1,3,2,3,4,4,0,2,1,1,1,1,1,2,2,2,2,2,2,2,2,4,4,2,2,3,3,3,3,3,2,2,3,4,3,0,0,0,0,0,0,0,0,0,0,0,0,0,0,3,3,2,0,2,1,3,3,3,3,3,2,2,2,4,3,3,2,3,3,3,3,1,1,3,2,2,3,3,4,3,3,2,0,3,3,2,2,3,3,2,3,2,2,2,2,3,3,3,3,2,2,2,2,2,2,3,2,2,2,3,3,2,2,4,4,2,2"
188,1.4340049523169638,"0,0,3,3,2,1,3,2,1,0,1,4,2,0,3,4,3,3,3,3,3,2,2,3,2,2,3,3,2,3,0,4,4,4,4,1,1,3,3,4,3,2,3,3,3,4,4,0,0,2,3,3,3,3,3,2,2,3,3,2,2,0,3,3,3,2,2,2,2,1,1,3,3,2,2,3,3,4,1,2,2,2,2,2,3,3,2,2,3,3,3,3,3,3,1,4,3,3,3,3,2,2,2,3,1,2,2,3,3,3,3,2,2,3,4,3,3,3,3,2,2,2,2,3,4,0,1,1,1,3,3,2,3,1,2,1,1,2,2,2,2,2,2,0,3,2,2,2,3,3,4,4,1,1,4,3,3,3,3,2,4,1,3,2,3,4,4,0,2,1,1,1,1,4,2,2,2,2,2,2,2,2,4,4,2,2,3,3,3,3,3,2,2,3,4,3,0,0,0,0,0,0,0,0,0,0,0,0,0,0,3,3,2,0,2,1,3,3,3,3,3,2,2,2,4,3,3,2,3,3,3,3,1,1,3,2,2,3,3,4,3,3,2,0,3,3,2,2,3,3,2,3,2,2,2,2,3,3,3,3,2,2,2,2,2,2,3,2,2,2,3,3,2,2,4,4,2,2"
189,1.4336048007196023,"0,0,3,3,2,1,3,2,1,0,1,4,2,0,3,4,3,3,3,3,3,2,2,3,2,2,3,3,2,3,0,4,4,4,4,1,1,3,3,4,3,2,3,3,3,4,4,0,0,2,3,3,3,3,3,2,2,3,3,2,2,0,3,3,3,2,2,2,1,1,1,3,3,2,2,3,3,4,1,2,2,2,2,2,3,3,2,2,3,3,3,3,3,3,1,4,3,3,3,3,2,2,2,3,1,2,2,3,3,3,3,2,2,3,4,3,3,3,3,2,2,2,2,3,4,0,1,1,1,3,3,2,3,1,2,1,1,2,2,2,2,2,2,0,3,2,2,2,3,3,4,4,1,1,4,3,3,3,3,2,4,1,3,2,3,4,4,0,2,1,1,1,1,4,2,2,2,2,2,2,2,2,4,4,2,2,3,3,3,3,3,2,2,3,4,3,0,0,0,0,0,0,0,0,0,0,0,0,0,0,3,3,2,2,2,1,3,3,3,3,3,2,2,2,4,3,3,2,3,3,3,3,1,1,3,2,2,3,3,4,3,3,2,0,3,3,2,2,3,3,2,3,2,2,2,2,3,3,3,3,2,2,2,2,2,2,3,2,2,2,3,3,2,2,4,4,2,2"
190,1.4335195426251948,"0,0,3,3,2,1,3,2,1,0,1,4,2,0,3,4,3,3,3,3,3,2,2,3,2,2,3,3,2,3,0,4,4,4,4,1,1,3,3,4,3,2,3,3,3,4,4,0,0,2,3,3,3,3,3,2,2,3,3,2,2,0,3,3,3,2,2,2,2,1,1,3,3,2,2,3,3,4,1,2,2,2,2,2,3,3,2,2,3,3,3,3,3,3,1,4,3,3,3,3,2,2,2,4,1,2,2,3,3,3,3,2,2,3,4,3,3,3,3,2,2,2,2,3,4,0,1,1,1,3,3,2,3,1,2,1,1,2,2,2,2,2,2,0,3,2,2,2,3,3,4,4,1,1,4,3,3,3,3,2,4,1,3,2,3,4,4,0,2,1,1,1,1,4,2,2,2,2,2,2,2,2,4,4,2,2,3,3,3,3,3,2,2,3,4,3,0,0,0,0,0,0,0,0,0,0,0,0,0,0,3,3,2,0,2,1,3,3,3,3,3,2,2,2,4,3,3,2,3,3,3,3,1,1,3,2,2,3,3,4,3,3,2,0,3,3,2,2,3,3,2,3,2,2,2,2,3,3,3,3,2,2,2,2,2,2,3,2,2,2,3,3,2,2,4,4,2,2"
191,1.4319310483557548,"0,0,3,3,2,1,3,2,1,0,1,4,2,0,3,4,3,3,3,3,3,2,2,3,2,2,3,3,2,3,0,4,4,4,4,1,1,3,3,4,3,2,3,3,3,4,4,0,0,2,3,3,3,3,3,2,2,3,3,2,2,0,3,3,3,2,2,2,2,1,1,3,3,2,2,3,3,4,1,2,2,2,2,2,3,3,2,2,3,3,3,3,3,2,1,4,3,3,3,3,2,2,2,4,1,0,2,3,3,3,3,2,2,3,4,3,3,3,3,2,2,2,2,3,4,0,1,1,1,3,3,2,3,1,2,1,1,2,2,2,2,2,2,0,3,2,2,2,3,3,4,4,1,1,4,3,3,3,3,2,4,1,3,2,3,4,4,0,2,1,1,1,1,4,2,2,2,2,2,2,2,2,4,4,2,2,3,3,3,3,3,2,2,3,4,3,0,0,0,0,0,0,0,0,0,0,0,0,0,0,3,3,2,0,2,1,3,3,3,3,3,2,2,2,4,3,3,2,3,3,3,3,1,1,3,2,2,3,3,4,4,3,2,0,3,3,2,2,3,3,2,3,2,2,2,2,3,3,3,3,2,2,2,2,2,2,3,2,2,2,3,3,2,2,4,4,2,2"
192,1.4342333062469035,"0,0,3,3,2,1,3,2,1,0,1,4,2,0,3,4,3,3,3,3,3,2,2,3,2,2,3,3,2,3,0,4,4,4,4,1,1,3,3,4,3,2,3,3,3,4,4,0,0,2,3,3,3,3,3,2,2,3,3,2,2,0,3,3,3,2,2,2,2,1,1,3,3,2,2,3,3,4,1,2,2,2,2,2,3,3,2,2,3,3,3,3,3,3,1,4,3,3,3,3,2,2,2,3,1,2,2,3,3,3,3,2,2,3,4,3,3,3,3,2,2,2,2,3,4,0,1,1,1,3,3,3,3,1,2,1,1,2,2,2,2,2,2,0,3,2,2,2,3,3,4,4,1,1,4,3,3,3,3,2,4,1,3,2,3,4,4,0,2,1,1,1,1,4,2,2,2,2,2,2,2,2,4,4,2,2,3,3,3,3,3,2,2,3,4,3,0,0,0,0,0,0,0,0,0,0,0,0,0,0,3,3,2,2,2,1,3,3,3,1,3,2,2,2,4,3,3,2,3,3,3,3,1,1,3,2,2,3,3,4,3,3,2,0,3,3,2,2,3,3,2,3,2,2,2,2,3,3,3,3,2,2,2,2,2,2,3,2,2,2,3,3,2,2,4,4,2,2"
193,1.4345562114599837,"0,0,3,3,2,1,3,2,1,0,1,4,2,0,3,4,3,3,3,3,3,2,2,3,2,2,3,3,2,3,0,4,4,4,4,1,1,3,3,4,3,2,3,3,3,4,4,0,0,2,3,3,3,3,3,2,2,3,3,2,2,0,3,3,3,2,2,2,2,1,1,3,3,2,2,3,3,4,1,2,2,2,2,2,3,3,2,2,3,3,3,3,3,3,1,4,3,3,3,3,2,2,2,3,1,2,2,3,3,3,3,2,2,3,4,3,3,3,3,2,2,2,2,3,4,0,1,1,1,3,3,3,3,1,2,1,1,2,2,2,2,2,2,0,3,2,2,2,3,3,4,4,1,1,4,3,3,3,3,2,4,1,3,2,3,4,4,0,2,1,1,1,1,4,2,2,2,2,2,2,2,2,4,4,2,2,3,3,3,3,3,2,2,3,4,3,0,0,0,0,0,0,0,0,0,0,0,0,0,0,3,3,2,2,2,1,3,3,3,1,3,2,2,2,4,3,3,3,3,3,3,3,1,1,3,2,2,3,3,4,3,3,2,0,3,3,2,2,3,3,2,3,2,2,2,2,3,3,3,3,2,2,2,2,2,2,3,2,2,2,3,3,2,2,4,4,2,2"
194,1.434531425672699,"0,0,3,3,2,1,3,2,1,0,1,4,2,0,3,4,3,3,3,3,3,2,2,3,2,2,3,3,2,3,0,4,4,4,4,1,1,3,3,4,3,2,3,3,3,4,4,0,0,2,3,3,3,3,3,2,2,3,3,2,2,0,3,3,3,2,2,2,2,1,1,3,3,2,2,3,3,4,1,2,2,2,2,2,3,3,2,2,3,3,3,3,3,3,1,4,3,3,3,3,2,2,2,3,1,2,2,3,3,3,3,2,2,3,4,3,3,3,3,2,2,2,2,3,4,0,1,1,1,3,3,3,3,1,2,1,1,2,2,2,2,2,2,0,3,2,2,2,3,3,4,4,1,1,4,3,3,3,3,2,4,1,3,2,3,4,4,0,2,1,1,1,1,4,2,2,2,2,2,2,2,2,4,4,2,2,3,3,3,3,3,2,2,3,4,3,0,0,0,0,0,0,0,0,0,0,0,0,0,0,3,3,2,2,2,1,3,3,3,1,3,2,2,2,4,0,3,3,3,3,3,3,1,1,3,2,2,3,0,4,3,3,2,0,3,3,2,2,3,3,2,4,2,2,2,2,3,3,3,3,2,2,2,2,2,2,3,3,2,2,3,3,2,2,4,1,2,2"
195,1.4354994793612441,"0,0,3,3,2,1,3,2,1,0,1,4,2,0,3,4,3,3,3,3,3,2,2,3,2,2,3,3,2,3,0,4,4,4,4,1,1,3,3,4,3,2,3,3,3,4,4,0,0,2,3,3,3,3,3,2,2,3,3,2,2,0,3,3,3,2,2,2,2,1,1,3,3,2,2,3,3,4,1,2,2,2,2,2,3,3,2,2,2,3,3,3,3,3,1,4,3,3,3,3,2,2,2,3,1,2,2,3,3,3,3,2,2,3,3,3,3,3,3,2,2,2,2,3,4,0,1,1,1,3,3,3,3,1,2,1,1,2,2,2,2,2,2,0,3,2,2,2,3,3,4,4,1,1,4,3,3,3,3,2,4,1,3,2,3,4,4,0,2,1,1,1,1,4,2,2,2,2,2,2,2,2,4,4,2,2,3,3,3,3,3,2,2,3,4,3,0,0,0,0,0,0,0,0,0,0,0,0,0,0,3,3,2,2,2,1,3,3,3,1,3,2,2,2,4,0,3,3,3,3,3,3,1,1,3,2,2,3,3,4,3,3,2,0,3,3,2,2,3,3,2,3,2,2,2,2,3,3,3,3,2,2,2,2,2,2,3,2,2,2,3,3,2,2,4,4,2,2"
196,1.4345402098638809,"0,0,3,3,2,1,3,2,1,0,1,4,2,0,3,4,3,3,3,3,3,2,2,3,2,2,3,3,2,3,0,4,4,4,4,1,1,3,3,4,3,2,3,3,3,4,4,0,0,2,3,3,3,3,3,2,2,3,3,2,2,0,3,3,3,2,2,2,2,1,1,3,3,2,2,3,3,4,1,2,2,2,2,2,3,3,0,2,2,3,3,3,3,3,1,4,3,3,3,3,2,2,2,3,1,2,2,3,3,3,3,2,2,3,3,3,3,3,3,2,2,2,2,3,4,0,1,1,1,3,3,3,3,1,2,1,1,2,2,2,2,2,2,0,3,2,2,2,3,3,4,4,1,1,4,3,3,3,3,1,4,1,3,2,3,4,4,0,2,1,1,1,1,4,2,2,2,2,2,2,2,2,4,4,2,2,3,3,3,3,3,2,2,3,4,3,0,0,0,0,0,0,0,0,0,0,0,0,0,0,3,3,2,2,2,1,3,3,3,1,3,2,2,2,4,0,3,3,3,3,3,3,1,2,3,2,2,3,3,4,3,3,2,0,3,3,2,2,3,3,2,3,2,2,2,2,3,3,3,3,2,2,2,2,2,2,3,2,2,2,3,3,2,2,4,4,2,2"
197,1.4322709767118855,"0,0,3,3,2,1,3,2,1,0,1,4,2,0,3,4,3,3,3,3,3,2,2,3,2,2,3,3,2,3,0,4,4,4,4,1,1,3,3,4,3,1,3,3,3,4,4,0,1,2,3,3,3,3,3,2,2,3,3,2,2,0,3,3,3,2,2,2,2,1,1,3,3,2,2,3,3,4,1,0,2,2,2,2,3,3,0,2,2,3,3,3,3,3,1,4,3,3,3,3,2,2,2,3,1,2,2,3,3,3,3,2,2,3,3,3,3,3,3,2,2,2,2,3,4,0,1,1,1,3,3,3,3,1,2,1,1,2,2,2,2,2,2,0,3,2,2,2,3,3,4,4,1,3,4,3,3,3,3,1,4,1,3,2,3,4,4,0,2,1,1,1,1,4,2,2,2,2,2,2,2,2,4,4,2,2,3,3,3,3,3,2,2,3,4,3,0,0,0,0,0,0,0,0,0,0,0,0,0,0,3,3,2,2,2,1,3,3,3,1,3,2,2,2,4,0,3,3,3,3,3,3,1,2,3,2,2,3,3,4,3,3,4,0,3,3,2,2,3,3,2,3,2,2,2,2,3,3,3,3,2,2,2,2,2,2,3,2,2,2,3,3,2,2,4,4,2,2"
198,1.434009650749371,"0,0,3,3,2,1,3,2,1,0,1,4,2,0,3,4,3,3,3,3,3,2,2,3,2,2,3,3,2,3,0,4,4,4,4,1,1,3,3,4,3,2,3,3,3,4,4,0,0,2,3,3,3,3,3,2,2,3,3,2,2,0,3,3,3,2,2,2,2,1,1,3,3,2,2,3,3,4,1,2,2,2,2,2,3,3,2,2,2,3,3,3,3,3,1,4,3,3,3,3,2,2,2,3,1,2,2,3,3,3,3,2,2,3,3,3,3,3,4,2,2,2,2,3,4,3,1,1,1,3,3,3,3,1,2,1,1,2,2,2,2,2,2,0,4,2,2,2,3,3,4,4,1,1,4,3,3,3,3,2,4,1,3,2,3,4,4,0,2,1,1,1,1,4,2,2,2,2,2,2,2,2,4,4,2,2,3,3,3,3,3,2,2,3,4,3,0,0,0,0,0,0,0,0,0,0,0,0,0,0,3,3,2,2,2,1,3,3,3,1,3,2,2,2,4,0,3,3,3,3,3,3,1,1,3,2,2,3,3,4,3,3,2,0,3,3,2,2,3,3,2,3,2,2,1,2,3,3,3,3,2,2,2,2,2,2,3,2,2,2,3,4,2,2,4,4,2,2"
199,1.4357159523757592,"0,0,3,3,2,1,3,2,1,0,1,4,2,0,3,4,3,3,3,3,3,2,2,3,2,2,3,3,2,3,0,4,4,4,4,1,1,3,3,4,3,2,3,3,3,4,4,0,0,0,3,3,3,3,3,2,2,3,3,2,2,0,3,3,3,2,2,2,2,4,1,3,3,2,2,3,3,4,1,2,2,2,2,2,3,3,2,2,2,3,3,3,4,3,1,4,3,3,3,3,2,2,2,3,1,2,2,3,3,3,3,2,2,3,3,3,3,3,3,2,2,2,2,3,4,3,1,1,1,3,3,3,3,1,2,1,1,2,2,2,2,2,3,0,3,2,2,2,3,3,4,4,1,1,4,3,3,3,3,2,4,1,3,2,3,4,4,0,2,1,1,1,1,4,2,2,2,2,2,2,2,2,4,4,2,2,3,3,3,3,3,2,2,3,3,3,0,0,0,0,0,0,0,0,0,0,0,0,0,0,3,3,2,2,2,1,3,3,3,1,3,2,2,2,4,0,3,3,3,3,3,3,1,1,3,2,2,3,3,4,3,3,2,0,3,3,2,2,3,3,2,3,2,2,2,2,3,3,3,3,2,2,2,2,2,2,3,2,2,2,3,3,2,2,4,4,2,2"
200,1.4357159523757592,"0,0,3,3,2,1,3,2,1,0,1,4,2,0,3,4,3,3,3,3,3,2,2,3,2,2,3,3,2,3,0,4,4,4,4,1,1,3,3,4,3,2,3,3,3,4,4,0,0,0,3,3,3,3,3,2,2,3,3,2,2,0,3,3,3,2,2,2,2,4,1,3,3,2,2,3,3,4,1,2,2,2,2,2,3,3,2,2,2,3,3,3,4,3,1,4,3,3,3,3,2,2,2,3,1,2,2,3,3,3,3,2,2,3,3,3,3,3,3,2,2,2,2,3,4,3,1,1,1,3,3,3,3,1,2,1,1,2,2,2,2,2,3,0,3,2,2,2,3,3,4,4,1,1,4,3,3,3,3,2,4,1,3,2,3,4,4,0,2,1,1,1,1,4,2,2,2,2,2,2,2,2,4,4,2,2,3,3,3,3,3,2,2,3,3,3,0,0,0,0,0,0,0,0,0,0,0,0,0,0,3,3,2,2,2,1,3,3,3,1,3,2,2,2,4,0,3,3,3,3,3,3,1,1,3,2,2,3,3,4,3,3,2,0,3,3,2,2,3,3,2,3,2,2,2,2,3,3,3,3,2,2,2,2,2,2,3,2,2,2,3,3,2,2,4,4,2,2"
201,1.4354139844707903,"0,0,3,3,2,1,3,2,1,0,1,4,2,0,3,4,3,3,3,3,3,2,2,3,2,2,3,3,2,3,0,4,4,4,4,1,1,3,3,4,3,2,3,3,3,4,4,0,0,0,3,3,3,3,3,2,2,3,3,2,2,0,3,3,3,2,2,2,2,4,4,3,3,2,2,3,3,4,1,2,2,2,2,2,3,3,2,2,2,3,3,3,4,3,1,4,3,3,3,3,2,2,2,3,1,2,2,3,3,3,3,2,2,3,3,3,3,3,3,2,2,2,2,3,4,3,1,1,1,3,3,3,3,1,2,1,1,2,2,2,2,2,3,0,3,2,2,2,3,3,4,4,1,1,4,3,3,3,3,2,4,1,3,2,3,4,4,0,2,1,1,1,1,4,2,2,2,2,2,2,2,2,4,4,2,2,3,3,3,3,3,2,2,3,3,3,0,0,0,0,0,0,0,0,0,0,0,0,0,0,3,3,2,2,2,1,3,3,3,1,3,2,2,2,4,0,3,3,3,3,3,3,1,1,3,2,2,3,3,4,3,3,0,0,3,3,2,2,3,3,2,3,2,2,2,2,3,3,3,3,2,2,3,2,2,2,3,2,2,2,3,3,2,2,4,4,2,2"
202,1.4358824765170948,"0,0,3,3,2,1,3,2,1,0,1,4,2,0,3,4,3,3,3,3,3,2,2,3,2,2,3,3,2,3,0,4,4,4,4,1,1,3,3,4,3,2,3,3,3,4,1,0,0,0,3,3,3,3,3,2,2,3,3,2,2,0,3,3,3,2,2,2,2,4,4,3,3,2,2,3,3,4,1,2,2,2,2,2,3,3,2,2,2,3,3,3,4,3,1,4,3,3,3,3,2,2,2,3,1,2,2,3,3,3,3,2,2,3,3,3,3,3,3,2,2,2,2,3,4,3,1,1,1,3,3,3,3,1,2,1,1,2,2,2,2,2,3,0,3,2,2,2,3,3,4,4,1,1,4,3,3,3,1,2,4,1,3,2,3,4,4,0,2,1,1,1,1,4,2,2,2,2,2,2,2,2,4,4,2,2,3,3,3,3,3,2,2,3,3,3,0,0,0,0,0,0,0,0,0,0,0,0,0,0,3,3,2,2,2,1,3,3,3,1,3,2,2,2,4,0,3,3,3,3,3,3,1,1,3,2,2,3,3,4,3,3,0,0,3,3,2,2,3,3,2,3,2,2,2,2,3,3,3,3,2,2,3,2,2,2,3,2,2,2,3,3,2,2,4,4,2,2"
203,1.4359616638397596,"0,0,3,3,2,1,3,2,1,0,1,4,2,0,3,4,3,3,3,3,3,2,2,3,2,2,3,3,2,3,0,4,4,4,4,1,1,3,3,4,3,2,3,3,3,4,1,0,0,0,3,3,3,3,3,2,2,3,3,2,2,0,3,3,3,2,2,2,2,4,4,3,3,2,2,3,3,4,1,2,2,2,2,2,3,3,2,2,2,3,3,3,4,3,1,4,3,3,3,3,2,2,2,3,1,2,2,3,3,3,3,2,2,3,3,3,3,3,3,2,2,2,2,3,4,3,1,1,1,3,3,3,3,1,2,1,1,2,2,2,2,2,3,0,3,2,2,2,3,3,4,4,1,1,4,3,3,3,1,2,4,1,3,2,3,4,4,0,2,1,1,1,1,4,2,2,2,2,2,2,2,2,4,4,2,2,3,3,3,3,3,2,2,3,3,3,0,0,0,0,0,0,0,0,0,0,0,0,0,0,3,3,2,2,2,1,3,3,3,1,3,2,2,2,4,0,3,3,3,3,3,3,3,1,3,2,2,3,3,4,3,3,0,0,3,3,2,2,3,3,2,3,2,2,2,2,3,3,3,3,2,2,3,2,2,2,3,2,2,2,3,3,2,2,4,4,2,2"
204,1.4359616638397596,"0,0,3,3,2,1,3,2,1,0,1,4,2,0,3,4,3,3,3,3,3,2,2,3,2,2,3,3,2,3,0,4,4,4,4,1,1,3,3,4,3,2,3,3,3,4,1,0,0,0,3,3,3,3,3,2,2,3,3,2,2,0,3,3,3,2,2,2,2,4,4,3,3,2,2,3,3,4,1,2,2,2,2,2,3,3,2,2,2,3,3,3,4,3,1,4,3,3,3,3,2,2,2,3,1,2,2,3,3,3,3,2,2,3,3,3,3,3,3,2,2,2,2,3,4,3,1,1,1,3,3,3,3,1,2,1,1,2,2,2,2,2,3,0,3,2,2,2,3,3,4,4,1,1,4,3,3,3,1,2,4,1,3,2,3,4,4,0,2,1,1,1,1,4,2,2,2,2,2,2,2,2,4,4,2,2,3,3,3,3,3,2,2,3,3,3,0,0,0,0,0,0,0,0,0,0,0,0,0,0,3,3,2,2,2,1,3,3,3,1,3,2,2,2,4,0,3,3,3,3,3,3,3,1,3,2,2,3,3,4,3,3,0,0,3,3,2,2,3,3,2,3,2,2,2,2,3,3,3,3,2,2,3,2,2,2,3,2,2,2,3,3,2,2,4,4,2,2"
205,1.4359616638397596,"0,0,3,3,2,1,3,2,1,0,1,4,2,0,3,4,3,3,3,3,3,2,2,3,2,2,3,3,2,3,0,4,4,4,4,1,1,3,3,4,3,2,3,3,3,4,1,0,0,0,3,3,3,3,3,2,2,3,3,2,2,0,3,3,3,2,2,2,2,4,4,3,3,2,2,3,3,4,1,2,2,2,2,2,3,3,2,2,2,3,3,3,4,3,1,4,3,3,3,3,2,2,2,3,1,2,2,3,3,3,3,2,2,3,3,3,3,3,3,2,2,2,2,3,4,3,1,1,1,3,3,3,3,1,2,1,1,2,2,2,2,2,3,0,3,2,2,2,3,3,4,4,1,1,4,3,3,3,1,2,4,1,3,2,3,4,4,0,2,1,1,1,1,4,2,2,2,2,2,2,2,2,4,4,2,2,3,3,3,3,3,2,2,3,3,3,0,0,0,0,0,0,0,0,0,0,0,0,0,0,3,3,2,2,2,1,3,3,3,1,3,2,2,2,4,0,3,3,3,3,3,3,3,1,3,2,2,3,3,4,3,3,0,0,3,3,2,2,3,3,2,3,2,2,2,2,3,3,3,3,2,2,3,2,2,2,3,2,2,2,3,3,2,2,4,4,2,2"
206,1.435330701775914,"0,0,3,3,2,1,3,2,1,0,1,4,2,0,3,4,3,3,3,3,3,2,2,3,2,2,3,3,2,3,0,4,4,4,0,1,1,3,3,4,3,2,3,3,3,4,1,0,0,0,3,3,3,3,3,2,2,3,3,2,2,0,3,3,3,2,2,2,2,4,4,3,3,2,2,3,3,4,1,2,2,2,2,2,3,3,2,2,2,3,3,3,4,3,1,4,3,3,3,3,2,2,2,3,1,2,2,3,3,3,3,2,2,3,3,3,3,3,3,2,2,2,2,3,4,3,1,1,1,3,3,3,3,1,2,1,1,2,2,2,2,2,3,0,3,2,2,2,3,3,4,4,1,1,4,3,3,3,1,2,4,1,3,2,3,4,4,0,2,1,1,1,1,4,2,2,2,2,2,2,2,2,4,4,2,2,3,3,3,3,3,2,2,3,3,3,0,0,0,0,0,0,0,0,0,0,0,0,0,0,3,3,2,2,2,1,3,3,3,1,3,2,2,2,4,0,3,3,3,3,3,3,3,1,3,2,2,3,3,4,3,3,0,0,3,3,2,2,3,3,2,3,2,2,2,2,3,3,3,3,2,2,3,2,2,2,3,2,2,2,3,3,2,2,4,4,2,2"
207,1.4351974212697243,"0,0,3,3,2,1,3,2,1,0,1,4,2,0,3,4,3,3,3,3,3,2,2,3,2,2,3,3,2,3,0,4,4,4,4,1,1,3,3,4,3,2,3,3,3,4,1,0,0,0,3,3,3,3,3,2,2,3,3,2,2,0,3,3,3,2,2,2,2,4,4,3,3,2,2,3,3,4,1,2,2,2,2,2,3,3,2,2,2,3,3,3,4,3,1,4,3,3,3,3,2,2,2,3,1,2,2,3,3,3,3,2,2,3,3,3,3,3,3,0,2,2,2,3,4,3,1,1,1,3,3,3,3,1,2,1,1,2,2,2,2,2,3,0,3,2,2,2,3,3,4,4,1,1,4,3,3,3,1,2,4,1,3,2,3,4,4,0,2,1,1,1,1,4,2,2,2,2,2,2,2,2,4,4,2,2,3,3,3,3,3,2,2,3,3,3,0,0,0,0,0,0,0,0,0,0,0,0,0,0,3,3,2,2,0,1,3,3,3,1,3,2,2,2,4,0,3,3,3,3,3,3,3,1,3,2,2,3,3,4,3,3,0,0,3,3,2,2,3,3,2,3,2,2,2,2,3,3,3,3,2,2,3,2,2,2,3,2,2,2,3,3,2,2,4,4,2,2"
208,1.4349095903604916,"0,0,3,3,2,1,3,2,1,0,1,4,2,0,3,4,3,3,3,3,3,2,2,3,2,2,3,3,2,3,0,4,4,4,4,1,1,3,3,4,3,2,3,3,3,4,1,0,0,0,3,3,3,3,3,2,2,3,3,2,2,0,3,3,3,2,2,2,2,4,4,3,3,2,2,3,3,4,1,2,2,2,2,2,3,3,2,2,2,3,3,3,4,3,1,4,3,3,3,3,2,2,2,3,1,2,2,3,3,3,3,2,2,3,3,3,3,3,3,0,2,2,2,3,4,3,1,1,1,3,3,3,3,1,2,1,1,2,2,2,2,2,3,0,3,2,2,2,3,3,4,4,1,1,4,3,3,3,1,2,4,1,3,2,3,4,4,0,2,1,1,1,1,4,2,2,2,2,2,2,2,2,4,2,2,2,3,3,3,3,3,2,2,3,3,3,0,0,0,0,0,0,0,0,0,0,0,0,0,0,3,3,2,2,2,1,3,3,3,1,3,2,2,2,4,0,3,3,3,3,3,3,3,1,3,2,2,3,3,4,3,3,0,0,3,3,2,2,3,3,2,3,2,2,2,2,3,3,3,3,2,2,3,2,2,2,3,2,2,2,3,3,2,2,4,4,2,2"
209,1.4352379786847103,"0,0,3,3,2,1,3,2,1,0,1,4,2,0,3,4,3,3,3,3,3,2,2,3,2,2,3,3,2,3,0,4,4,4,4,1,1,3,3,4,3,2,3,3,3,4,1,0,0,0,3,3,3,3,3,4,2,3,3,2,2,0,3,3,3,2,2,2,2,4,4,3,3,2,2,3,3,4,1,2,2,2,2,2,3,3,2,2,2,3,3,3,4,3,1,4,3,3,3,3,2,2,2,3,1,2,2,3,3,3,3,2,2,3,3,3,3,3,3,2,2,2,2,3,4,3,1,1,1,3,3,3,3,1,2,1,1,2,2,2,2,2,3,0,2,2,2,2,3,3,4,4,1,1,4,3,3,3,1,2,4,1,3,2,3,4,4,0,2,1,1,1,1,4,2,2,2,2,2,2,2,2,4,4,2,2,3,3,3,3,3,2,2,3,3,3,0,0,0,0,0,0,0,0,0,0,0,0,0,0,3,3,2,2,2,1,3,3,0,1,3,2,2,2,3,0,3,3,3,3,3,3,3,1,3,2,2,3,3,4,3,3,4,0,3,3,2,2,3,3,2,3,2,2,2,2,3,3,3,3,2,2,3,2,2,2,3,2,2,2,3,3,2,2,4,4,2,2"
210,1.4365388069902283,"0,0,3,3,2,1,3,2,1,0,1,4,2,0,3,4,3,3,3,3,3,2,2,3,2,2,3,3,2,3,0,4,4,4,4,1,1,3,3,4,3,2,3,3,3,4,1,0,0,0,3,3,3,3,3,2,2,3,3,2,2,0,3,3,3,2,2,2,2,4,4,3,3,2,2,3,3,4,1,2,2,2,2,2,3,3,2,2,2,3,3,3,3,3,1,4,3,3,3,3,2,2,2,3,1,2,2,3,3,3,3,2,2,3,3,3,3,3,3,2,2,2,2,3,4,3,1,1,1,3,3,3,3,1,2,1,1,2,2,2,2,2,3,4,2,2,2,2,3,3,4,4,1,1,4,3,3,3,1,2,4,1,3,2,3,4,4,0,2,1,1,1,1,4,2,2,2,2,2,2,2,2,4,4,2,2,3,3,3,3,3,2,2,3,3,3,0,0,0,0,0,0,0,0,0,0,0,0,0,0,3,3,2,2,2,1,3,3,3,1,3,2,2,2,4,0,3,3,3,3,3,3,3,1,3,2,2,3,3,4,3,3,0,0,3,3,2,2,3,3,2,3,2,2,2,2,3,3,3,3,2,2,3,2,2,2,3,2,2,2,3,3,2,2,4,4,2,2"
211,1.436058952691346,"0,0,3,3,2,1,3,2,1,0,1,4,2,0,3,4,3,3,3,3,3,2,2,3,2,2,3,3,2,3,0,4,4,4,4,1,1,3,3,4,3,2,3,3,3,4,1,0,0,0,3,3,3,3,3,2,2,3,3,2,2,0,3,3,3,2,2,2,2,4,4,3,3,2,2,3,3,4,1,2,2,2,2,2,3,3,2,2,2,3,3,3,3,3,1,4,3,3,3,3,2,2,2,3,1,2,2,3,3,3,3,2,2,3,3,3,3,3,3,2,2,2,2,3,4,3,1,1,4,3,3,3,3,1,2,1,1,2,2,2,2,2,3,4,2,2,2,2,3,3,4,4,1,1,4,3,3,3,1,2,4,1,3,2,3,4,4,0,2,1,1,1,1,4,2,2,2,2,2,2,2,2,4,4,2,2,3,3,3,3,3,2,2,3,3,3,0,0,0,0,0,0,0,0,0,0,0,0,0,0,3,3,2,2,2,1,3,3,3,1,3,2,2,2,4,0,3,3,3,3,3,3,3,1,3,2,2,3,3,4,3,3,0,0,3,3,2,2,3,3,2,3,2,2,2,2,3,3,3,3,2,2,3,2,2,2,3,2,2,2,3,3,2,2,4,4,2,2"
212,1.436058952691346,"0,0,3,3,2,1,3,2,1,0,1,4,2,0,3,4,3,3,3,3,3,2,2,3,2,2,3,3,2,3,0,4,4,4,4,1,1,3,3,4,3,2,3,3,3,4,1,0,0,0,3,3,3,3,3,2,2,3,3,2,2,0,3,3,3,2,2,2,2,4,4,3,3,2,2,3,3,4,1,2,2,2,2,2,3,3,2,2,2,3,3,3,3,3,1,4,3,3,3,3,2,2,2,3,1,2,2,3,3,3,3,2,2,3,3,3,3,3,3,2,2,2,2,3,4,3,1,1,4,3,3,3,3,1,2,1,1,2,2,2,2,2,3,4,2,2,2,2,3,3,4,4,1,1,4,3,3,3,1,2,4,1,3,2,3,4,4,0,2,1,1,1,1,4,2,2,2,2,2,2,2,2,4,4,2,2,3,3,3,3,3,2,2,3,3,3,0,0,0,0,0,0,0,0,0,0,0,0,0,0,3,3,2,2,2,1,3,3,3,1,3,2,2,2,4,0,3,3,3,3,3,3,3,1,3,2,2,3,3,4,3,3,0,0,3,3,2,2,3,3,2,3,2,2,2,2,3,3,3,3,2,2,3,2,2,2,3,2,2,2,3,3,2,2,4,4,2,2"
213,1.4346200816263917,"0,0,3,3,2,1,3,2,1,0,1,1,2,0,3,4,3,3,3,3,3,2,2,3,2,2,3,3,2,3,0,4,4,4,4,1,1,3,3,4,3,2,3,3,3,4,1,0,0,0,3,3,3,3,3,2,2,3,3,2,2,0,3,3,3,2,2,2,2,4,4,3,3,2,2,3,3,4,1,2,2,2,2,2,3,3,2,2,2,3,3,3,3,3,1,4,3,3,3,3,2,2,2,3,1,2,2,3,3,3,3,2,2,3,3,3,3,3,3,2,2,2,2,3,4,3,1,1,1,3,3,3,3,1,2,1,4,2,2,2,2,2,3,4,2,2,2,2,3,3,4,4,1,1,4,3,3,3,1,2,4,1,3,2,3,4,4,0,2,1,1,1,1,4,2,2,2,2,2,2,2,2,4,4,2,2,3,3,3,3,3,2,2,3,3,3,0,0,0,0,0,0,0,0,4,0,0,0,0,0,3,3,2,2,2,1,3,3,3,1,3,2,2,2,4,1,3,3,3,3,3,3,3,1,3,2,2,3,3,4,3,3,0,0,3,3,2,2,3,3,2,3,2,2,2,2,3,3,3,3,2,2,3,2,3,2,3,2,2,2,3,3,2,2,4,4,2,2"
214,1.4365959227285585,"0,0,3,3,2,1,3,2,1,0,1,1,2,0,3,4,3,3,3,3,3,2,2,3,2,2,3,3,2,3,0,4,4,4,4,1,1,3,3,4,3,2,3,3,3,4,1,0,0,0,3,3,3,3,3,2,2,3,3,2,2,0,3,3,3,2,2,2,2,4,4,3,3,2,2,3,3,4,1,2,2,2,2,2,3,3,2,2,2,3,3,3,3,3,1,4,3,3,3,3,2,2,2,3,1,2,2,3,3,3,3,2,2,3,3,3,3,3,3,2,2,2,2,3,4,3,1,1,1,3,3,3,3,1,2,1,1,2,2,2,2,2,3,4,2,2,2,2,3,3,4,4,1,1,4,3,3,3,1,2,4,1,3,2,3,4,4,0,2,1,1,1,1,4,2,2,2,2,2,2,2,2,4,4,2,2,3,3,3,3,3,2,2,3,3,3,0,0,0,0,0,0,0,0,0,0,0,0,0,0,3,3,2,2,2,1,3,3,3,1,3,2,2,2,4,0,3,3,3,3,3,3,3,1,3,2,2,3,3,4,3,3,0,0,3,3,2,2,3,3,2,3,2,2,2,2,3,3,3,3,2,2,3,2,2,2,3,2,2,2,3,3,2,2,4,4,2,2"
215,1.4366140746330713,"0,0,3,3,2,1,3,2,1,0,1,1,2,0,3,4,3,3,3,3,3,2,2,3,2,2,3,3,2,3,0,4,4,4,4,1,1,3,3,4,3,2,3,3,3,4,1,0,0,0,3,3,3,3,3,2,2,3,3,2,2,0,3,3,3,2,2,2,2,4,4,3,3,2,2,3,3,4,1,2,2,2,2,2,3,3,2,2,2,3,3,3,3,3,1,4,3,3,3,3,2,2,2,3,1,2,2,3,3,3,3,2,2,3,3,3,3,3,3,2,2,2,2,3,4,3,1,1,1,3,3,3,3,1,2,1,1,2,2,2,2,2,3,4,2,2,2,2,3,3,4,4,1,1,4,3,3,3,1,2,4,1,3,2,3,4,4,0,2,1,1,1,1,4,2,2,2,2,2,2,2,2,4,4,2,2,3,3,3,3,3,2,2,3,3,3,0,0,0,0,0,0,0,0,0,0,0,0,0,0,3,3,2,2,2,1,3,3,3,1,3,2,2,2,4,0,3,3,3,3,3,3,3,3,3,2,2,3,3,4,3,3,0,4,3,3,2,2,3,3,2,3,2,2,2,2,3,3,3,3,2,2,3,2,2,2,3,2,2,2,3,3,2,2,4,4,2,2"
216,1.4366701880663615,"0,0,3,3,2,1,3,2,1,0,1,1,2,0,3,4,3,3,3,3,3,2,2,3,2,2,3,3,2,3,0,4,4,4,4,1,1,3,3,4,3,2,3,3,3,4,1,0,0,0,3,3,3,3,3,2,2,3,3,2,2,0,3,3,3,2,2,2,2,4,4,3,3,2,2,3,3,4,1,2,2,2,2,2,3,3,2,2,2,3,3,3,3,3,1,4,3,3,3,3,2,2,2,3,1,2,2,3,3,3,3,2,2,3,3,3,3,3,3,2,2,2,2,3,4,3,1,1,1,3,3,3,3,1,2,1,1,2,2,2,2,2,3,4,2,2,2,0,3,3,4,4,1,1,4,3,3,3,1,2,4,1,3,2,3,4,4,0,2,1,1,1,1,4,2,2,2,2,2,2,2,2,4,4,2,2,3,3,3,3,3,2,2,3,3,3,0,0,0,0,0,0,0,0,0,0,0,0,0,0,3,3,2,2,2,1,3,3,3,1,3,2,2,2,4,0,3,3,3,3,3,3,3,1,3,2,2,3,3,4,3,3,0,0,3,3,2,2,3,3,2,2,2,2,2,2,3,3,3,3,2,2,3,2,2,2,3,2,2,2,3,3,2,2,4,4,2,2"
217,1.4362474236250293,"0,0,3,3,2,1,3,2,1,0,1,1,2,0,3,4,3,3,3,3,3,2,2,3,2,2,3,3,2,3,0,4,4,4,4,1,1,3,3,4,3,2,3,3,3,4,1,0,0,0,3,3,3,3,3,2,2,3,3,2,2,0,3,3,3,2,2,2,2,4,4,3,3,2,2,3,3,4,1,2,2,2,2,2,3,3,2,2,2,3,3,3,3,3,1,4,3,3,3,3,2,2,2,3,1,2,2,3,3,3,3,2,2,3,3,3,3,3,3,2,2,2,2,3,4,3,1,1,1,3,3,3,3,1,2,1,1,2,2,2,2,2,3,4,2,2,2,0,3,3,4,4,1,1,4,3,3,3,1,2,4,1,3,2,0,4,4,0,2,1,1,1,1,4,2,2,2,2,2,2,2,2,4,4,2,2,3,3,3,3,3,2,2,3,3,3,0,0,0,0,0,0,0,0,0,0,0,0,0,0,3,3,2,2,2,1,3,3,3,1,3,2,2,2,4,0,3,3,3,3,3,3,3,1,3,2,2,3,3,4,3,3,0,0,3,3,2,2,3,3,2,2,2,2,2,2,3,3,3,3,2,2,3,2,2,2,3,2,2,2,3,3,2,2,4,4,2,2"
218,1.4372204763132401,"0,0,3,3,2,1,3,2,1,0,1,1,2,0,3,4,3,3,3,3,3,2,2,3,2,2,3,3,2,3,0,4,4,4,4,1,1,3,3,4,3,2,3,3,3,4,1,0,0,0,3,3,3,3,3,2,2,3,3,2,2,0,3,3,3,2,2,2,2,4,4,3,3,2,2,3,3,4,1,2,2,2,2,2,3,3,2,2,2,3,3,3,3,3,1,4,3,3,3,3,2,2,2,3,1,2,2,3,3,3,3,2,2,3,3,3,3,3,3,2,2,2,2,3,4,3,1,1,1,3,3,3,3,1,2,1,1,2,2,2,2,2,3,4,2,2,2,2,3,3,4,4,1,1,4,3,3,3,1,2,4,1,3,2,3,4,4,0,2,1,1,1,1,4,2,2,2,2,2,2,2,2,4,4,2,2,3,3,3,3,3,2,2,3,3,3,0,0,0,0,0,0,0,0,0,0,0,0,0,0,3,3,2,2,2,1,3,3,3,1,3,2,2,2,4,0,3,3,3,3,3,3,3,1,3,2,2,3,3,4,3,3,0,0,3,3,2,2,3,3,2,2,2,2,2,2,3,3,3,3,2,2,3,2,2,2,3,2,2,2,3,3,2,2,4,4,2,2"
219,1.4366100715310903,"0,0,3,3,2,1,3,2,1,0,1,1,2,0,3,4,3,3,3,3,3,2,2,3,2,2,3,3,2,3,0,4,4,4,4,1,1,3,3,4,3,2,3,3,3,4,1,0,0,0,3,3,3,3,3,2,2,3,3,2,2,0,3,3,3,2,2,2,2,4,4,3,3,2,2,3,3,4,1,2,2,2,2,2,3,3,2,2,2,3,3,3,3,3,1,4,3,3,3,3,2,2,2,3,1,2,2,3,3,3,3,2,2,3,3,3,3,3,3,2,2,2,2,3,4,3,1,1,1,3,3,3,3,1,2,1,1,2,2,2,2,2,3,4,2,2,2,2,3,3,4,4,1,1,4,3,3,3,4,2,4,1,3,2,3,4,4,0,2,1,1,1,1,4,2,2,2,2,2,2,2,2,4,4,2,2,3,3,3,3,3,2,2,3,3,3,0,0,0,0,0,0,0,0,0,0,0,0,0,0,3,3,2,2,2,1,3,3,3,1,3,2,2,2,4,0,3,3,3,3,3,3,3,1,3,2,2,3,3,4,3,3,0,0,3,3,1,2,3,3,2,2,2,2,2,2,3,3,3,3,2,2,3,2,2,2,3,2,2,2,3,3,2,2,4,4,2,2"
220,1.4371851541004326,"0,0,3,3,2,1,3,2,1,0,1,1,2,0,3,4,3,3,3,3,3,2,2,3,2,2,3,3,2,3,0,4,4,4,4,1,1,3,3,4,3,2,3,3,3,4,1,0,0,0,3,3,3,3,3,2,2,3,3,2,2,0,3,3,3,2,2,2,2,4,4,3,3,2,2,3,3,4,1,2,2,2,2,2,3,3,2,2,2,3,3,3,3,3,1,4,3,3,3,3,2,2,2,3,1,2,2,3,3,3,3,2,2,3,3,3,3,3,3,2,2,2,2,3,4,3,1,1,1,3,3,3,3,1,2,1,1,2,2,2,2,2,3,4,2,2,2,2,3,3,4,4,1,1,4,3,3,3,4,2,4,1,3,2,3,4,4,0,2,1,1,1,1,4,2,2,2,2,2,2,2,2,4,4,2,2,3,3,3,3,3,2,2,3,3,3,0,0,0,0,0,0,0,0,0,0,0,0,0,0,3,3,2,2,2,1,3,3,3,1,3,2,2,2,3,0,3,3,3,3,3,3,3,1,3,2,2,3,3,4,3,3,0,0,3,3,2,2,3,3,2,2,2,2,2,2,3,3,3,3,2,2,3,2,2,2,3,2,2,2,3,3,2,2,4,4,2,2"
221,1.4372804375627253,"0,0,3,3,2,1,3,2,1,0,1,1,2,0,3,4,3,3,3,3,3,2,2,3,2,2,3,3,2,3,0,4,4,4,4,1,1,3,3,4,3,2,3,3,3,4,1,0,0,0,3,3,3,3,3,2,2,3,3,2,2,0,3,3,3,2,2,2,2,4,4,3,3,2,2,3,3,4,1,2,2,2,2,2,3,3,2,2,2,3,3,3,3,3,1,4,3,3,3,3,2,2,2,3,1,2,2,3,3,3,3,2,2,3,3,3,3,3,3,2,2,2,2,3,4,3,1,1,1,3,3,3,3,1,2,1,1,2,2,2,2,2,3,4,2,2,2,2,3,3,4,4,1,1,4,3,3,3,4,2,4,1,3,2,3,4,4,0,2,1,1,1,1,4,2,2,2,2,2,2,2,2,4,4,2,2,3,3,3,3,3,2,2,3,3,3,0,0,0,0,0,0,0,0,0,0,0,0,0,0,3,3,2,2,2,1,3,3,3,1,3,2,2,2,4,0,3,3,3,3,3,3,3,1,3,2,2,3,3,4,3,3,0,0,3,3,2,2,3,3,2,2,2,2,2,2,3,3,3,3,2,2,3,2,2,2,3,2,2,2,3,3,2,2,4,4,2,2"
222,1.4372804375627253,"0,0,3,3,2,1,3,2,1,0,1,1,2,0,3,4,3,3,3,3,3,2,2,3,2,2,3,3,2,3,0,4,4,4,4,1,1,3,3,4,3,2,3,3,3,4,1,0,0,0,3,3,3,3,3,2,2,3,3,2,2,0,3,3,3,2,2,2,2,4,4,3,3,2,2,3,3,4,1,2,2,2,2,2,3,3,2,2,2,3,3,3,3,3,1,4,3,3,3,3,2,2,2,3,1,2,2,3,3,3,3,2,2,3,3,3,3,3,3,2,2,2,2,3,4,3,1,1,1,3,3,3,3,1,2,1,1,2,2,2,2,2,3,4,2,2,2,2,3,3,4,4,1,1,4,3,3,3,4,2,4,1,3,2,3,4,4,0,2,1,1,1,1,4,2,2,2,2,2,2,2,2,4,4,2,2,3,3,3,3,3,2,2,3,3,3,0,0,0,0,0,0,0,0,0,0,0,0,0,0,3,3,2,2,2,1,3,3,3,1,3,2,2,2,4,0,3,3,3,3,3,3,3,1,3,2,2,3,3,4,3,3,0,0,3,3,2,2,3,3,2,2,2,2,2,2,3,3,3,3,2,2,3,2,2,2,3,2,2,2,3,3,2,2,4,4,2,2"
223,1.4372804375627253,"0,0,3,3,2,1,3,2,1,0,1,1,2,0,3,4,3,3,3,3,3,2,2,3,2,2,3,3,2,3,0,4,4,4,4,1,1,3,3,4,3,2,3,3,3,4,1,0,0,0,3,3,3,3,3,2,2,3,3,2,2,0,3,3,3,2,2,2,2,4,4,3,3,2,2,3,3,4,1,2,2,2,2,2,3,3,2,2,2,3,3,3,3,3,1,4,3,3,3,3,2,2,2,3,1,2,2,3,3,3,3,2,2,3,3,3,3,3,3,2,2,2,2,3,4,3,1,1,1,3,3,3,3,1,2,1,1,2,2,2,2,2,3,4,2,2,2,2,3,3,4,4,1,1,4,3,3,3,4,2,4,1,3,2,3,4,4,0,2,1,1,1,1,4,2,2,2,2,2,2,2,2,4,4,2,2,3,3,3,3,3,2,2,3,3,3,0,0,0,0,0,0,0,0,0,0,0,0,0,0,3,3,2,2,2,1,3,3,3,1,3,2,2,2,4,0,3,3,3,3,3,3,3,1,3,2,2,3,3,4,3,3,0,0,3,3,2,2,3,3,2,2,2,2,2,2,3,3,3,3,2,2,3,2,2,2,3,2,2,2,3,3,2,2,4,4,2,2"
224,1.435812532553506,"0,0,3,3,2,1,3,2,1,0,1,1,2,0,3,4,3,3,3,3,3,2,2,3,2,2,3,3,2,3,0,4,4,4,4,1,1,3,3,4,3,0,3,3,3,4,1,0,0,0,3,2,3,3,3,2,2,3,3,2,2,0,3,3,3,2,2,2,2,4,4,3,3,2,2,3,3,4,1,2,2,2,2,2,3,3,2,2,2,3,3,3,3,3,1,4,3,3,3,3,2,2,2,3,1,2,2,3,3,3,3,2,2,3,3,3,3,3,3,2,2,2,2,3,4,3,1,1,1,3,3,3,3,1,2,1,1,2,2,2,2,2,3,4,2,2,2,2,3,3,4,4,1,1,4,3,3,3,4,2,4,1,3,2,3,4,4,0,2,1,1,1,1,4,2,2,2,2,2,2,2,2,3,4,2,2,3,3,3,3,3,2,2,3,3,3,0,0,0,0,0,0,0,0,0,0,0,0,0,0,3,3,2,2,2,1,3,3,3,1,3,2,2,2,4,0,3,3,3,3,3,3,3,1,3,2,2,3,3,4,3,3,0,0,3,3,1,2,3,3,2,2,2,2,2,2,3,3,3,3,2,2,3,2,2,2,3,2,2,2,3,3,2,2,4,4,0,2"
225,1.4364580395469257,"0,0,3,3,2,1,3,2,1,0,1,1,2,0,3,4,3,3,3,3,3,2,2,2,2,2,3,3,2,3,0,4,4,4,4,1,1,3,3,4,3,2,3,3,3,4,1,0,0,0,3,3,3,3,3,2,2,3,3,2,2,0,3,3,3,2,2,2,2,4,4,3,2,2,2,3,3,4,1,2,2,2,2,2,3,3,2,2,2,3,3,3,3,3,1,4,3,3,3,3,2,2,2,3,1,2,2,3,3,3,3,2,2,3,3,3,3,3,3,2,2,2,2,3,4,3,1,1,1,3,3,3,3,1,2,1,1,2,2,2,0,2,2,4,2,2,2,2,3,3,4,4,1,1,4,3,3,3,4,2,4,1,3,2,3,4,4,0,2,1,1,1,1,4,2,2,2,2,2,2,2,2,4,4,2,2,3,3,3,3,3,2,2,3,3,3,0,0,0,0,0,0,0,0,0,0,0,0,0,0,3,3,2,2,2,1,3,3,3,1,3,2,2,2,4,0,3,3,3,3,3,3,3,1,3,2,2,3,3,4,3,3,0,0,3,3,2,2,3,3,2,2,2,2,2,2,3,3,3,3,2,2,3,2,2,2,3,2,2,2,3,3,2,2,4,4,2,2"
226,1.4376787642222852,"0,0,3,3,2,1,3,2,1,0,1,1,2,0,3,4,3,3,3,3,3,2,2,2,2,2,3,3,2,3,0,4,4,4,4,1,1,3,3,4,3,2,3,3,3,4,1,0,0,0,3,3,3,3,3,2,2,3,3,2,2,0,3,3,3,2,2,2,2,4,4,3,3,2,2,3,3,4,1,2,2,2,2,2,3,3,2,2,2,3,3,3,3,3,1,4,3,3,3,3,2,2,2,3,1,2,2,3,3,3,3,2,2,3,3,3,3,3,3,2,2,2,2,3,4,3,1,1,1,3,3,3,3,1,2,1,1,2,2,2,2,2,2,4,2,2,2,2,3,3,4,4,1,1,4,3,3,3,4,2,4,1,3,2,3,4,4,0,2,1,1,1,1,4,2,2,2,2,2,2,2,2,4,4,2,2,3,3,3,3,3,2,2,3,3,3,0,0,0,0,0,0,0,0,0,0,0,0,0,0,3,3,2,2,2,1,3,3,3,1,3,2,2,2,4,0,3,3,3,3,3,3,3,1,3,2,2,3,3,4,3,3,0,0,3,3,2,2,3,3,2,2,2,2,2,2,3,3,3,3,2,2,3,2,2,2,3,2,2,2,3,3,2,2,4,4,2,2"
227,1.4374679250319304,"0,0,3,3,2,1,3,2,1,0,1,1,2,0,3,4,3,3,3,3,3,2,2,2,2,2,3,3,2,3,0,4,4,4,4,1,1,3,3,4,3,2,3,3,3,4,1,0,0,0,3,3,3,3,3,2,2,3,3,2,2,0,3,3,3,2,2,2,2,4,4,3,3,2,2,3,3,4,1,2,2,2,2,2,3,3,2,2,2,3,3,3,3,3,1,4,3,3,3,3,2,2,2,3,4,2,2,3,3,3,3,2,2,3,3,3,3,3,3,2,2,2,2,3,4,3,1,1,1,3,3,3,3,1,2,1,1,2,2,2,2,2,2,4,2,2,2,2,3,3,4,1,1,1,4,3,3,3,4,2,4,1,3,2,3,4,4,0,2,1,1,1,1,4,2,2,2,2,2,2,2,2,4,4,2,2,3,3,3,3,3,2,2,3,3,3,0,0,0,0,0,0,0,0,0,0,0,0,0,0,3,3,2,2,2,1,3,3,3,1,3,2,2,2,4,0,3,3,3,3,3,3,3,1,3,2,2,3,3,4,3,3,0,0,3,4,2,2,3,3,2,2,2,2,2,2,3,3,3,3,2,2,3,2,2,2,3,2,2,2,3,3,2,2,4,4,2,2"
228,1.4365542738334183,"0,0,3,3,2,1,3,2,1,0,1,1,2,0,3,4,3,3,3,3,3,2,2,2,2,2,3,3,2,3,0,4,4,4,4,1,1,3,3,4,3,2,3,3,3,4,1,0,0,0,3,3,3,3,3,2,2,3,3,2,2,0,3,3,3,2,2,2,2,4,4,4,3,2,2,3,3,4,1,2,2,2,2,2,3,3,2,2,2,3,3,3,3,3,1,4,3,3,3,3,2,2,2,3,4,2,2,3,3,3,3,2,2,3,3,3,3,3,3,2,2,2,2,3,4,3,1,1,1,3,3,3,3,1,2,1,1,2,2,2,2,2,2,4,2,2,2,2,3,3,4,1,1,1,4,3,3,3,4,2,4,1,3,2,3,4,4,0,2,1,1,1,1,4,2,2,2,2,2,2,2,2,4,4,2,2,3,3,3,3,3,2,2,3,3,3,0,0,0,0,0,0,0,0,0,0,0,0,0,0,3,3,0,2,2,1,3,3,3,1,3,2,2,2,4,0,3,3,3,3,3,3,3,1,3,2,2,3,3,4,3,3,0,0,3,3,2,2,3,3,1,2,2,2,2,2,3,3,3,3,2,2,3,2,2,2,3,2,2,2,3,3,2,2,4,4,2,2"
229,1.4365017059483427,"0,0,3,3,2,1,3,2,1,0,1,1,2,0,3,4,3,3,3,3,3,2,2,2,2,2,3,3,2,3,0,4,4,4,4,1,1,3,3,4,3,2,3,3,3,4,1,0,0,0,3,3,3,3,3,2,2,3,3,2,2,0,3,3,3,2,2,2,2,4,4,4,3,2,2,3,3,4,1,2,2,2,2,2,3,3,2,2,2,3,3,3,3,3,1,4,3,3,3,3,2,2,2,3,4,2,2,3,3,3,3,2,2,3,3,3,3,3,3,2,2,2,2,3,4,3,1,1,1,3,3,3,3,1,2,1,1,2,2,2,2,2,2,4,2,2,2,2,3,3,4,1,1,1,4,3,3,3,4,2,4,1,3,2,3,4,4,0,2,1,1,1,1,4,2,2,2,2,2,2,2,2,2,4,2,2,3,3,3,3,3,2,2,3,3,3,0,0,0,0,0,0,0,0,0,0,0,0,0,0,3,3,2,2,2,1,3,3,3,1,3,2,2,2,4,0,3,3,3,3,3,3,3,1,3,2,2,4,3,4,3,3,0,0,3,3,2,2,3,3,2,2,2,2,2,2,3,3,3,3,2,2,3,2,2,2,3,2,2,2,3,3,2,2,4,4,2,2"
230,1.4377480316209346,"0,0,3,3,2,1,3,2,1,0,1,1,2,0,3,4,3,3,3,3,3,2,2,2,2,2,3,3,2,3,0,4,4,4,4,1,1,3,3,4,3,2,3,3,3,4,1,0,0,0,3,3,3,3,3,2,2,3,3,2,2,0,3,3,3,2,2,2,2,4,4,3,3,2,2,3,3,4,1,2,2,2,2,2,3,3,2,2,2,3,3,3,3,3,1,4,3,3,3,3,2,2,2,3,4,2,2,3,3,3,3,2,2,3,3,3,3,3,3,2,2,2,2,3,4,3,1,1,1,3,3,3,3,1,2,1,1,2,2,2,2,2,2,4,2,2,2,2,3,3,4,1,1,1,4,3,3,3,4,2,4,1,3,2,3,4,4,0,2,1,1,1,1,4,2,2,2,2,2,2,2,2,4,4,2,2,3,3,3,3,3,2,2,3,3,3,0,0,0,0,0,0,0,0,0,0,0,0,0,0,3,3,2,2,2,1,3,3,3,1,3,2,2,2,4,0,3,3,3,3,3,3,3,1,3,2,2,3,3,4,3,3,0,0,3,3,2,2,3,3,2,2,2,2,2,2,3,3,3,3,2,2,3,2,2,2,3,2,2,2,3,3,2,2,4,4,2,2"
231,1.4377570605666707,"0,0,3,3,2,1,3,2,1,0,1,1,2,0,3,4,3,3,3,3,3,2,2,2,2,2,3,3,2,3,0,4,4,4,4,1,1,3,3,4,3,2,3,3,3,4,1,0,0,0,3,3,3,3,3,2,2,3,3,2,2,0,3,3,3,2,2,2,2,4,4,3,3,2,2,3,3,4,1,2,2,2,2,2,3,3,2,2,2,3,3,3,3,3,1,4,3,3,3,3,2,2,2,3,4,2,2,3,3,3,3,2,2,3,3,3,3,3,3,2,2,2,2,3,4,3,1,1,1,3,3,3,3,1,2,1,1,2,2,2,2,2,2,4,2,2,2,2,3,3,4,1,1,1,4,3,3,3,4,2,1,1,3,2,3,4,4,0,2,1,1,1,1,4,2,2,2,2,2,2,2,2,4,4,2,2,3,3,3,3,3,2,2,3,3,3,0,0,0,0,0,0,0,0,0,0,0,0,0,0,3,3,2,2,2,1,3,3,3,1,3,2,2,2,4,0,3,3,3,3,3,3,3,1,3,2,2,3,3,4,3,3,0,0,3,3,2,2,3,3,2,2,2,2,2,2,3,3,3,3,2,2,3,2,2,2,3,2,2,2,3,3,2,2,4,4,2,2"
232,1.437964678790982,"0,0,3,3,2,1,3,2,1,0,1,1,2,0,3,4,3,3,3,3,3,2,2,2,2,2,3,3,2,3,0,4,4,4,4,1,1,3,3,4,3,2,3,3,3,4,1,0,0,0,3,3,3,3,3,2,2,3,3,2,2,0,3,3,3,2,2,2,2,4,4,3,3,2,2,3,3,4,1,2,2,2,2,2,3,3,2,2,2,3,3,3,3,3,1,4,3,3,3,3,2,2,2,3,4,2,2,3,3,3,3,2,2,3,3,3,3,3,3,2,2,2,2,3,4,3,1,1,1,3,3,3,3,1,2,1,1,2,2,2,2,2,2,4,2,2,2,2,3,3,4,1,1,1,4,3,3,3,4,2,1,1,3,2,3,4,4,0,2,1,1,1,1,4,2,2,2,2,2,2,2,2,4,4,2,2,3,3,3,3,3,2,2,3,3,3,0,0,0,0,0,0,0,0,0,0,0,0,0,0,3,3,2,2,2,1,3,3,3,1,3,2,2,2,4,0,3,3,3,3,3,3,3,3,3,2,2,3,3,4,3,3,0,0,3,3,2,2,3,3,2,2,2,2,2,2,3,3,3,3,2,2,3,2,2,2,3,2,2,2,3,3,2,2,4,4,2,2"
233,1.4372799775155884,"0,0,3,3,2,1,3,2,1,0,1,1,2,0,3,4,3,3,3,3,3,2,2,2,2,2,3,3,2,3,0,4,4,4,4,1,1,3,3,4,3,2,3,3,3,4,0,0,0,0,3,3,3,3,3,2,2,3,3,2,2,0,3,3,3,2,2,2,2,4,4,3,3,2,2,3,3,4,1,2,2,2,2,2,3,3,2,2,2,3,3,3,3,3,1,4,3,3,3,3,2,2,2,3,4,2,2,3,3,3,3,2,2,3,3,3,3,3,3,2,2,2,2,3,4,3,1,1,1,3,3,3,3,1,2,1,1,2,2,2,2,2,2,4,2,2,2,2,3,3,4,1,1,1,4,3,3,3,4,2,1,1,3,2,3,4,4,0,2,1,1,1,1,4,2,2,2,2,2,2,2,2,4,4,2,2,3,3,3,3,3,2,2,3,3,3,0,0,0,0,0,0,0,0,0,0,0,0,0,0,3,3,2,2,2,1,3,3,3,1,3,2,2,2,4,0,3,3,3,1,3,3,3,3,3,2,2,3,3,4,3,3,0,0,3,3,2,2,3,3,2,2,2,2,2,2,3,3,3,3,2,2,3,2,2,2,3,2,2,2,3,3,2,2,4,4,2,2"
234,1.4356167110432958,"0,0,3,3,2,1,3,2,1,0,1,1,2,0,3,4,3,3,3,3,3,2,2,2,2,2,3,3,2,3,0,4,4,4,4,1,1,3,1,4,3,2,3,3,3,4,1,0,0,0,3,3,3,3,3,2,2,3,3,2,2,0,3,3,3,2,2,2,2,4,4,3,3,2,2,3,3,4,1,2,2,2,2,2,3,3,2,2,2,3,3,3,3,3,1,4,3,3,3,3,2,2,1,3,4,2,2,3,3,3,3,2,2,3,3,3,3,3,3,2,2,2,2,3,4,3,1,1,1,3,3,3,3,1,2,1,1,2,2,2,2,2,2,4,2,2,2,2,3,3,4,1,1,1,4,3,3,3,4,2,1,1,3,2,3,4,4,0,2,1,1,4,1,4,2,2,2,2,2,2,2,2,4,4,2,2,3,3,3,3,3,2,2,3,3,3,0,0,0,0,0,0,0,0,0,0,0,0,0,0,3,3,2,2,2,1,3,3,3,1,3,2,2,2,4,0,3,3,1,1,3,3,3,3,3,2,2,3,3,4,3,3,0,0,3,3,2,2,3,3,2,2,2,2,2,2,3,3,3,3,2,2,3,2,2,2,3,2,2,2,3,3,2,4,4,4,2,2"
235,1.4358443215090093,"0,0,3,3,2,1,3,2,1,0,1,1,2,0,3,4,3,3,3,3,3,2,2,2,2,2,3,3,2,3,0,4,4,4,4,1,1,3,1,4,3,2,3,3,3,4,1,0,0,0,3,3,3,3,3,2,2,3,3,2,2,0,3,3,3,2,2,2,2,1,4,3,3,2,2,3,3,4,1,2,2,2,2,2,3,3,2,2,2,3,3,3,3,3,1,4,3,3,3,3,2,2,2,3,4,2,2,3,3,3,3,2,2,3,3,3,3,3,3,2,4,2,2,3,4,3,1,1,1,3,3,3,3,1,2,1,1,2,2,2,2,2,2,4,2,2,2,2,3,3,4,1,1,1,4,3,3,3,4,2,1,1,3,2,3,4,4,0,2,1,1,1,1,4,2,2,2,2,2,2,2,1,4,4,2,2,3,3,3,3,3,2,2,3,3,3,0,0,0,0,0,0,0,0,0,0,0,0,0,0,3,3,2,2,2,1,3,3,3,1,3,2,2,2,4,0,3,3,3,3,3,3,3,3,3,2,2,3,3,4,3,3,0,0,3,3,2,2,4,3,2,2,2,2,2,2,3,3,3,3,2,2,3,2,2,2,3,2,2,2,3,3,2,2,4,4,2,2"
236,1.4349086669367885,"0,0,3,3,2,1,3,2,1,0,1,1,2,0,3,4,3,3,3,3,3,2,2,2,2,2,3,3,2,3,0,4,4,4,4,1,1,3,1,4,3,2,3,3,3,4,1,0,0,0,3,3,3,3,3,2,2,3,3,2,2,0,3,3,3,2,2,2,2,1,4,3,3,2,2,3,3,4,1,2,2,2,2,2,3,3,2,2,2,3,3,3,3,3,1,4,3,3,3,3,2,2,2,3,4,2,2,3,3,3,3,0,2,3,3,3,3,3,3,2,2,2,2,3,4,3,1,1,1,3,3,3,3,1,2,1,1,2,2,2,2,2,2,4,2,2,2,2,3,3,4,1,1,1,4,3,3,3,4,2,1,1,3,2,3,4,4,0,2,1,1,1,1,4,2,2,2,2,2,2,2,2,4,1,2,2,3,3,3,3,3,2,2,3,3,1,1,0,0,0,0,0,0,0,0,0,0,0,0,0,3,3,2,2,2,1,3,3,3,1,3,2,2,2,4,0,3,3,3,3,3,3,3,3,3,2,2,4,3,4,3,3,0,0,3,3,2,2,3,4,2,2,2,2,2,2,3,3,3,3,2,2,3,2,2,2,3,2,2,2,3,3,2,2,4,4,2,2"
237,1.4350880281492813,"0,0,3,3,2,1,3,2,1,0,1,1,2,0,3,4,3,3,3,3,3,2,2,2,2,2,3,3,2,3,0,4,1,4,4,1,1,3,3,4,3,2,3,3,3,4,1,0,0,0,3,3,3,3,3,4,2,3,3,2,2,0,3,3,3,2,2,2,2,4,4,3,3,2,2,3,3,4,1,2,2,2,2,2,3,3,2,2,2,3,3,3,3,3,1,4,3,3,3,3,2,2,2,3,4,2,2,3,3,3,3,2,2,3,3,3,3,3,3,2,2,2,2,3,4,3,1,1,1,3,3,3,3,1,2,1,1,2,2,2,2,2,2,4,2,2,2,2,3,3,4,1,1,1,4,3,3,3,4,2,1,1,4,2,3,4,4,0,1,1,1,1,1,4,2,2,2,2,2,2,2,2,4,4,2,2,3,3,3,3,3,2,2,3,3,3,0,0,0,0,4,0,0,0,0,0,0,0,0,0,3,3,2,2,2,1,3,3,3,1,3,2,2,2,4,0,3,3,3,3,3,3,3,3,3,2,2,3,3,4,3,3,0,0,3,3,2,2,4,3,2,2,2,2,2,2,3,3,3,3,1,2,3,2,2,2,3,2,2,2,3,3,2,2,4,4,2,2"
238,1.4380361231038696,"0,0,3,3,2,1,3,2,1,0,1,1,2,0,3,4,3,3,3,3,3,2,2,2,2,2,3,3,2,3,0,4,1,4,4,1,1,3,3,4,3,2,3,3,3,4,1,0,0,0,3,3,3,3,3,2,2,3,3,2,2,0,3,3,3,2,2,2,2,4,4,3,3,2,2,3,3,4,1,2,2,2,2,2,3,3,2,2,2,3,3,3,3,3,1,4,3,3,3,3,2,2,2,3,4,2,2,3,3,3,3,2,2,3,3,3,3,3,3,2,2,2,2,3,4,3,1,1,1,3,3,3,3,1,2,1,1,2,2,2,2,2,2,4,2,2,2,2,3,3,4,1,1,1,4,3,3,3,4,2,1,1,3,2,3,4,4,0,2,1,1,1,1,4,2,2,2,2,2,2,2,2,4,4,2,2,3,3,3,3,3,2,2,3,3,3,0,0,0,0,0,0,0,0,0,0,0,0,0,0,3,3,2,2,2,1,3,3,3,1,3,2,2,2,4,0,3,3,3,3,3,3,3,3,3,2,2,3,3,4,3,3,0,0,3,3,2,2,4,3,2,2,2,2,2,2,3,3,3,3,2,2,3,2,2,2,3,2,2,2,3,3,2,2,4,4,2,2"
239,1.436348750579222,"0,0,3,3,2,1,3,2,1,0,1,1,2,0,3,4,3,3,3,3,3,2,2,2,2,2,3,3,2,3,0,4,1,4,4,1,1,3,3,4,3,2,3,3,3,4,0,0,0,0,3,3,3,3,3,2,2,3,3,2,2,0,3,3,3,2,2,2,2,4,4,3,3,2,2,3,3,4,1,2,2,2,2,2,3,3,2,2,2,3,3,3,3,3,1,4,3,3,3,3,2,2,2,3,4,2,2,3,3,3,3,2,2,3,3,3,3,3,3,2,2,2,2,3,4,3,1,1,1,3,3,3,3,1,2,1,1,2,2,2,2,2,2,4,2,2,2,2,3,3,4,1,1,1,4,3,3,3,4,2,1,1,3,2,3,4,4,0,2,1,1,1,1,4,2,2,2,2,2,2,2,2,4,4,2,2,3,3,3,3,3,2,2,3,3,3,0,0,0,0,0,0,0,0,0,0,0,0,0,3,3,3,2,2,2,1,3,3,3,1,3,2,2,2,4,0,3,3,3,3,3,3,3,3,3,2,2,3,3,4,3,3,0,0,3,3,2,2,4,3,2,2,2,2,2,2,3,3,3,3,2,2,3,2,2,2,3,3,2,2,3,3,2,2,4,4,2,2"
240,1.4381289001555004,"0,0,3,3,2,1,3,2,1,0,1,1,2,0,3,4,3,3,3,3,3,2,2,2,2,2,3,3,2,3,0,4,1,4,4,1,1,3,3,4,3,2,3,3,3,4,1,0,0,0,3,3,3,3,3,2,2,3,3,2,2,0,3,3,3,2,2,2,2,4,4,3,3,2,2,3,3,4,1,2,2,2,2,2,3,3,2,2,2,3,3,3,3,3,1,4,3,3,3,3,2,2,2,3,4,2,2,3,3,3,3,2,2,3,3,3,3,3,3,2,2,2,2,3,4,3,1,1,1,3,3,3,3,1,2,1,1,2,2,2,2,2,2,4,2,2,2,2,3,3,4,1,1,1,4,3,3,3,4,2,1,1,3,2,3,4,4,0,2,1,1,1,1,4,2,2,2,2,2,2,2,2,4,4,2,2,3,3,3,3,3,2,2,3,3,3,0,0,0,0,0,0,0,0,0,0,0,0,0,0,3,3,2,2,2,1,3,3,3,1,3,2,2,2,4,0,3,3,3,3,3,3,3,3,3,2,2,3,3,4,3,3,0,0,3,3,2,2,4,3,2,2,2,2,2,2,3,3,3,3,2,2,3,2,2,2,3,3,2,2,3,3,2,2,4,4,2,2"
241,1.4377514177729604,"0,0,3,3,2,1,3,2,1,0,1,1,2,0,3,4,3,3,3,3,3,2,2,2,2,2,3,3,2,3,0,4,1,4,4,1,1,3,3,4,3,2,3,3,3,4,1,0,0,0,3,3,3,3,3,2,2,3,3,2,2,0,3,3,3,2,2,2,2,4,4,3,3,2,2,3,3,4,1,2,2,2,2,2,3,3,2,2,2,3,3,3,3,3,1,4,3,3,3,3,2,2,2,3,4,2,2,3,3,3,3,2,2,3,3,3,3,3,3,2,2,2,2,3,4,3,1,1,1,3,3,3,3,1,2,1,1,2,2,2,2,2,2,4,2,2,2,2,3,3,4,1,1,1,4,3,3,3,3,2,4,1,3,2,3,4,4,0,2,1,1,1,1,4,2,2,2,2,2,2,2,2,4,4,2,2,3,3,3,3,3,2,2,3,3,3,0,0,0,0,0,0,0,0,0,0,0,0,0,0,3,3,2,2,2,1,3,3,3,1,3,2,2,2,4,0,3,3,3,3,3,3,3,3,3,2,2,3,3,4,3,3,0,0,3,3,2,2,4,3,2,2,2,2,2,2,3,3,3,3,2,2,3,2,2,2,3,0,2,2,3,3,2,2,4,4,2,2"
242,1.4377538059620838,"0,0,3,3,2,1,3,2,1,0,1,1,2,0,3,4,3,3,3,3,3,2,2,2,2,2,3,3,2,3,0,4,1,4,4,1,1,3,3,4,3,2,3,3,3,4,1,0,0,0,3,3,3,3,3,2,2,3,3,2,2,0,3,3,3,2,2,2,2,4,4,3,3,2,2,3,3,4,1,2,2,2,2,2,3,3,2,2,2,3,3,3,3,3,1,4,3,3,3,3,2,2,2,3,4,2,2,3,3,3,3,2,2,3,3,3,3,3,3,2,2,2,2,3,4,3,1,1,1,3,3,3,3,1,2,1,1,2,2,2,2,2,2,4,2,2,2,2,3,3,4,1,1,1,4,3,3,3,4,2,1,1,3,2,3,4,4,0,2,1,1,1,1,4,2,2,2,2,2,2,2,2,4,4,2,2,3,3,3,3,3,2,2,4,3,3,0,0,0,0,0,0,0,0,0,0,0,0,0,0,3,3,2,2,2,1,3,3,3,1,3,2,2,2,4,0,3,3,3,3,3,3,3,3,3,2,2,3,3,4,3,3,0,0,3,3,2,2,4,3,2,2,2,2,2,2,3,3,3,3,2,2,2,2,2,2,3,3,2,2,3,4,2,2,4,4,2,2"
243,1.4369421472997088,"0,0,3,3,2,1,3,2,1,0,1,1,2,0,3,4,3,3,3,3,3,2,2,2,2,2,3,3,2,3,0,4,1,4,4,1,1,3,3,4,3,2,3,3,3,4,1,0,0,3,3,3,3,3,3,2,2,3,3,2,2,0,3,3,3,2,2,2,2,4,4,3,3,2,2,3,3,4,1,2,2,2,2,2,3,3,2,2,2,3,3,3,3,3,1,4,3,3,3,3,2,2,2,3,4,2,2,3,3,3,3,2,2,3,3,3,3,3,3,2,2,2,2,3,4,3,1,1,1,3,3,3,3,1,2,1,1,2,2,2,2,2,2,4,2,2,2,2,3,3,4,1,1,1,4,3,3,3,4,0,1,1,3,2,3,4,4,0,2,4,1,1,1,4,2,2,2,2,2,2,2,2,4,4,2,2,3,3,3,3,3,2,2,3,2,3,0,0,0,0,0,0,0,0,0,0,0,0,0,0,3,3,2,2,2,1,3,3,3,1,3,2,2,2,4,0,3,4,3,3,1,3,3,3,3,2,2,3,3,4,3,3,0,0,3,3,2,2,4,3,2,2,2,2,2,2,3,3,3,3,2,2,3,2,2,2,3,3,2,2,3,3,2,2,4,4,2,2"
244,1.4369637589049866,"0,0,3,3,2,1,3,2,1,0,1,1,2,0,3,4,3,3,3,3,3,2,2,2,2,2,3,3,2,3,0,4,1,4,4,1,1,3,3,4,3,2,3,3,3,4,1,0,0,3,3,3,3,3,3,2,2,3,3,2,2,0,3,3,3,2,2,2,2,4,4,3,3,2,2,3,3,4,1,2,2,2,2,2,3,3,2,2,2,3,3,3,3,3,1,4,3,3,3,3,2,2,2,3,4,2,2,3,3,3,3,2,2,3,3,3,3,3,3,2,2,2,2,3,4,3,1,1,1,3,3,3,3,1,2,1,1,2,2,2,2,2,2,4,2,2,2,2,3,3,4,1,1,1,4,3,3,3,4,0,1,1,3,2,3,4,4,0,2,4,1,1,1,4,2,2,2,2,2,2,2,2,4,4,2,2,3,3,3,3,3,2,2,3,2,3,0,0,0,0,0,0,0,0,0,0,0,0,0,0,3,3,2,2,2,1,3,3,3,1,3,2,2,2,4,0,3,4,3,3,1,3,3,3,3,2,2,3,3,4,3,3,0,0,3,3,2,2,4,3,2,2,2,2,2,2,3,3,3,3,2,2,2,2,2,2,3,3,2,2,3,3,2,2,4,4,2,2"
245,1.4372925970690629,"0,0,3,3,2,1,3,2,1,0,1,1,2,0,3,4,3,3,3,3,3,2,2,2,2,2,3,3,2,3,0,4,1,4,4,1,1,3,3,4,3,2,3,3,3,4,1,0,0,3,3,3,3,3,3,2,2,3,3,2,2,0,3,3,3,2,2,2,2,4,4,3,3,2,2,3,3,4,1,2,2,2,2,2,3,3,2,2,2,3,3,3,3,3,1,4,3,3,3,3,2,3,2,3,4,2,2,3,3,3,3,2,2,3,3,3,3,3,3,2,2,2,2,3,4,3,1,1,1,3,3,3,3,1,2,1,1,2,2,2,2,2,2,4,2,2,2,2,3,3,4,1,1,1,4,3,3,3,4,2,1,1,3,2,3,4,4,0,2,1,1,1,1,4,2,2,2,2,2,2,2,2,4,4,2,2,3,3,3,3,3,2,2,3,3,3,0,0,0,0,0,0,0,0,0,0,0,0,0,0,3,3,2,2,2,1,3,3,3,1,3,2,2,2,4,0,3,3,3,3,3,3,4,3,3,2,2,3,3,4,3,3,0,0,3,3,2,2,4,3,2,2,2,2,2,2,3,3,3,3,2,2,2,2,2,2,3,3,2,2,3,3,2,2,4,4,2,2"
246,1.4378262538792805,"0,0,3,3,2,1,3,2,1,0,1,1,2,0,3,4,3,3,3,3,3,2,2,2,2,2,3,3,2,3,0,4,1,4,4,1,1,3,3,4,3,2,3,3,3,4,1,0,0,3,3,3,3,3,3,2,2,3,3,2,2,0,3,3,3,2,2,2,2,4,4,3,3,2,2,3,3,4,1,2,2,2,2,2,3,3,2,2,2,3,3,3,3,3,1,4,3,3,3,3,2,2,2,3,4,2,2,3,3,3,3,2,2,3,3,3,3,3,3,2,2,2,2,3,4,1,1,1,1,3,3,3,3,1,2,1,1,2,2,2,2,2,2,4,2,2,2,2,3,3,4,1,1,1,4,3,3,3,4,2,1,1,3,2,3,4,4,0,2,1,1,1,1,4,2,2,2,2,2,2,2,2,4,4,2,2,3,3,3,3,3,2,2,3,3,3,0,0,0,0,0,0,0,0,0,0,0,0,0,0,3,3,2,2,2,1,3,3,3,1,3,2,2,2,4,0,3,3,3,3,3,3,4,3,3,2,2,3,3,4,3,3,0,0,3,3,2,2,4,3,2,2,2,2,2,2,3,3,3,3,2,2,2,2,2,2,3,3,2,2,3,3,2,2,4,4,2,2"
247,1.4366573245877547,"0,0,3,3,2,1,3,2,1,0,1,1,2,0,3,4,3,3,3,3,3,2,2,2,2,2,3,3,2,3,0,4,1,4,4,1,1,3,3,4,3,2,3,3,3,4,1,0,0,3,3,3,3,3,3,2,2,3,3,2,2,0,3,3,3,2,2,2,2,4,4,3,3,2,2,3,3,4,1,2,2,2,2,2,3,3,2,2,2,3,3,3,3,3,1,4,3,3,3,3,2,2,2,3,4,2,2,3,3,3,3,2,2,3,3,3,3,3,3,2,2,2,2,3,4,1,1,1,1,3,3,3,3,1,2,1,1,2,2,2,2,2,2,4,2,2,2,2,3,3,4,1,1,1,4,3,3,3,4,2,1,1,3,2,3,4,4,0,2,1,1,1,1,4,2,2,2,2,2,2,2,2,4,4,2,2,3,3,3,3,3,2,2,3,2,3,0,0,0,0,0,0,0,0,0,0,0,0,0,0,3,3,2,2,2,1,3,3,3,1,3,2,2,2,4,0,3,3,3,3,3,3,4,3,3,2,2,3,1,4,3,3,0,0,3,3,2,2,4,3,2,2,2,2,2,2,3,3,3,3,2,2,2,2,2,2,3,3,2,2,3,3,2,2,4,4,2,2"
248,1.4368009801376809,"0,0,3,3,2,1,3,2,1,0,1,1,2,0,3,4,3,3,3,3,3,2,2,2,2,2,3,3,2,3,0,4,1,4,4,1,1,3,3,4,3,2,3,3,3,4,1,0,0,3,3,3,3,3,3,2,2,3,3,2,2,0,3,3,3,2,2,2,2,4,4,3,3,2,2,3,3,4,1,2,2,2,2,2,3,3,2,2,2,3,3,3,3,3,1,4,3,3,3,3,2,2,2,3,4,2,2,3,3,3,3,2,2,3,3,3,3,3,3,2,2,2,2,3,4,3,1,1,1,3,3,3,3,1,2,1,1,2,2,2,2,2,2,4,2,2,2,2,3,3,4,1,1,1,4,3,3,3,4,2,1,1,3,2,3,4,4,4,2,1,1,1,1,4,2,2,0,2,2,2,2,2,4,4,2,2,3,3,3,3,3,2,2,3,3,3,0,0,0,0,0,0,0,0,4,0,0,0,0,0,3,3,2,2,2,1,3,3,3,1,3,2,2,2,4,0,3,3,3,3,3,3,4,3,3,2,2,3,3,4,3,3,0,0,3,3,2,2,4,3,2,2,2,2,2,2,3,3,3,3,2,2,2,2,2,2,3,3,2,2,3,3,2,2,4,4,2,2"
249,1.4383100539701874,"0,0,3,3,2,1,3,2,1,0,1,1,2,0,3,4,3,3,3,3,3,2,2,2,2,2,3,3,2,3,0,4,1,4,4,1,1,3,3,4,3,2,3,3,3,4,1,0,0,3,3,3,3,3,3,2,2,3,3,2,2,0,3,3,3,2,2,2,2,4,4,3,3,2,2,3,3,4,1,2,2,2,2,2,3,3,2,2,2,3,3,3,3,3,1,4,3,3,3,3,2,2,2,3,4,2,2,3,3,3,3,2,2,3,3,3,3,3,3,2,2,2,2,3,4,3,1,1,1,3,3,3,3,1,2,1,1,2,2,2,2,2,2,4,2,2,2,2,3,3,4,1,1,1,4,3,3,3,4,2,1,1,3,2,3,4,4,0,2,1,1,1,1,4,2,2,0,2,2,2,2,2,4,4,2,2,3,3,3,3,3,2,2,3,3,3,0,0,0,0,0,0,0,0,0,0,0,0,0,0,3,3,2,2,2,1,3,3,3,1,3,2,2,2,4,0,3,3,3,3,3,3,4,3,3,2,2,3,3,4,3,3,0,0,3,3,2,2,4,3,2,2,2,2,2,2,3,3,3,3,2,2,2,2,2,2,3,3,2,2,3,3,2,2,4,4,2,2"
250,1.4377932243585207,"0,0,3,3,2,1,3,2,1,0,1,1,2,0,3,4,3,3,3,3,3,2,2,2,2,2,3,3,2,3,0,4,1,4,4,1,1,3,3,4,3,2,3,3,3,4,1,0,0,3,3,3,3,3,3,2,2,3,3,2,2,0,3,3,3,2,2,2,2,4,4,3,3,2,2,3,3,4,1,2,2,2,2,2,3,3,2,2,2,3,3,3,3,3,1,4,3,3,3,3,2,2,2,3,4,2,2,3,3,3,3,2,2,3,3,3,3,3,3,2,2,2,2,3,4,3,1,1,1,3,3,3,3,1,2,1,1,2,2,2,2,2,2,4,2,2,2,2,3,3,4,1,1,1,4,3,3,3,4,2,1,1,3,2,3,4,1,0,2,1,1,1,1,4,2,2,0,2,1,2,2,2,4,4,2,2,3,3,3,3,3,2,2,3,3,3,0,0,0,0,0,0,0,0,0,0,0,0,0,0,3,3,2,2,2,1,3,3,3,1,3,2,2,2,4,0,3,3,3,3,3,3,4,3,3,2,2,3,3,4,3,3,0,0,3,3,2,2,4,3,2,2,2,2,2,2,3,3,3,3,2,2,2,2,2,2,3,3,2,2,3,3,2,2,4,4,2,2"
251,1.4383849845659844,"0,0,3,3,2,1,3,2,1,0,1,1,2,0,3,4,3,3,3,3,3,2,2,2,2,2,3,3,2,3,0,4,1,4,4,1,1,3,3,4,3,2,3,3,3,4,1,0,0,3,3,3,3,3,3,2,2,3,3,2,2,0,3,3,3,2,2,2,2,4,4,3,3,2,2,3,3,4,1,2,2,2,2,2,3,3,2,2,2,3,3,3,3,3,1,4,3,3,3,3,2,2,2,3,4,2,2,3,3,3,3,2,2,3,3,3,3,3,3,2,2,2,2,3,4,3,1,1,1,3,3,3,3,1,2,1,1,2,2,2,2,2,2,4,2,2,2,2,3,3,4,1,1,1,4,3,3,3,4,2,1,1,3,2,3,4,4,0,2,1,1,1,1,4,2,2,0,2,2,2,2,2,4,4,2,2,3,3,3,3,3,2,2,3,3,3,0,0,0,0,0,0,0,0,0,0,0,0,0,0,3,3,2,2,2,0,3,3,3,1,3,2,2,2,4,0,3,3,3,3,3,3,4,3,3,2,2,3,3,4,3,3,0,0,3,3,2,2,4,3,2,2,2,2,2,2,3,3,3,3,2,2,2,2,2,2,3,3,2,2,3,3,2,2,4,4,2,2"
252,1.4382066246379595,"0,0,3,3,2,1,3,2,1,0,1,1,2,0,3,4,3,3,3,3,3,2,2,2,2,2,3,3,2,3,0,4,1,4,4,1,1,3,3,4,3,2,3,3,3,4,1,0,0,3,3,3,3,3,3,2,2,3,3,2,2,0,3,3,3,2,2,2,2,4,4,3,3,2,2,3,3,4,1,2,2,2,2,2,3,3,2,2,2,3,3,3,3,3,1,4,3,3,3,3,2,2,2,3,4,2,2,3,3,3,3,2,2,3,3,3,3,3,3,2,2,2,2,3,4,3,1,1,1,3,3,3,3,1,0,1,1,2,2,2,2,2,2,4,2,2,2,2,3,3,4,1,1,1,4,3,3,3,4,2,1,1,3,2,3,4,4,0,2,1,1,1,1,4,2,2,0,2,2,2,2,2,4,4,2,2,3,3,3,3,3,2,2,3,3,3,0,0,0,0,0,0,0,0,0,0,0,0,0,0,3,3,2,2,2,0,3,3,3,1,3,2,2,2,4,0,3,3,3,3,3,3,4,3,3,2,2,3,3,4,3,3,0,0,3,3,2,2,0,3,2,2,2,2,2,2,3,3,3,3,2,2,2,2,2,2,3,3,2,2,3,3,2,2,4,4,2,2"
253,1.4384399397338004,"0,0,3,3,2,1,3,2,1,0,1,1,2,0,3,4,3,3,3,3,3,2,2,2,2,2,3,3,2,3,0,4,1,4,4,1,1,3,3,4,3,2,3,3,3,4,1,0,0,3,3,3,3,3,3,2,2,3,3,2,2,0,3,3,3,2,2,2,2,1,4,3,3,2,2,3,3,4,1,2,2,2,2,2,3,3,2,2,2,3,3,3,3,3,1,4,3,3,3,3,2,2,2,3,4,2,2,3,3,3,3,2,2,3,3,3,3,3,3,2,2,2,2,3,4,3,1,1,1,3,3,3,3,1,2,1,1,2,2,2,2,2,2,4,2,2,2,2,3,3,4,1,1,1,4,3,3,3,4,2,1,1,3,2,3,4,4,0,2,1,1,1,1,4,2,2,0,2,2,2,2,2,4,4,2,2,3,3,3,3,3,2,2,3,3,3,0,0,0,0,0,0,0,0,0,0,0,0,0,0,3,3,2,2,2,0,3,3,3,1,3,2,2,2,4,0,3,3,3,3,3,3,4,3,3,2,2,3,3,4,3,3,0,0,3,3,2,2,4,3,2,2,2,2,2,2,3,3,3,3,2,2,2,2,2,2,3,3,2,2,3,3,2,2,4,4,2,2"
254,1.4383428186527807,"0,0,3,3,2,1,3,2,1,0,1,1,2,0,3,4,3,3,3,3,3,2,2,2,2,2,3,3,2,3,0,4,1,4,4,1,1,3,3,4,3,2,3,3,3,4,1,0,0,3,3,3,3,3,3,2,2,3,3,2,2,0,3,3,3,2,2,2,2,1,4,3,3,2,2,3,3,4,1,2,2,2,2,2,3,3,2,2,2,3,3,3,3,3,1,4,3,3,3,3,2,2,2,3,4,2,2,3,3,3,3,2,2,3,3,3,3,3,3,2,2,2,2,3,4,3,1,1,1,3,3,3,3,1,2,1,1,2,2,2,2,2,2,4,2,2,2,2,3,3,4,1,1,1,4,3,3,3,4,2,1,1,3,2,3,4,4,0,2,1,1,1,1,4,2,2,0,2,2,2,2,2,4,4,2,2,3,3,3,3,3,2,2,3,3,3,0,0,0,0,0,0,0,0,0,0,0,0,0,0,3,3,2,2,2,0,3,3,3,1,3,2,2,2,4,0,3,3,3,3,4,3,4,3,3,2,2,3,3,4,3,3,2,0,3,3,2,2,4,3,2,2,2,2,2,2,3,3,3,3,2,2,2,2,2,2,3,3,2,2,3,3,2,2,4,4,2,2"
255,1.437704863758471,"0,0,3,3,2,1,3,2,1,0,1,1,2,0,3,4,3,3,3,3,3,2,2,2,2,2,3,3,2,3,0,4,1,4,4,1,1,3,3,4,3,2,3,3,3,4,1,0,0,3,3,3,3,3,3,2,2,3,3,2,2,0,3,3,3,2,2,2,2,1,4,3,3,2,2,3,3,4,1,2,2,2,2,2,3,3,2,2,2,3,3,3,3,3,1,4,3,3,3,3,2,2,2,3,4,2,2,3,3,3,3,2,2,3,3,3,3,3,3,2,2,2,2,3,4,3,1,0,1,3,3,3,3,1,2,1,1,2,2,2,2,2,2,4,2,2,2,2,3,3,4,1,1,1,4,3,3,3,4,2,1,1,3,2,3,4,4,0,2,1,1,1,1,4,2,2,0,2,2,2,2,2,4,4,2,2,3,3,3,3,3,2,2,3,3,3,0,0,0,0,0,0,0,0,0,0,0,0,0,0,3,3,2,2,2,0,3,3,3,1,3,2,2,2,4,0,3,3,3,3,4,3,4,3,3,2,2,3,3,4,3,3,0,0,3,3,2,2,4,3,2,2,2,2,2,2,3,3,3,3,2,2,2,2,2,2,3,3,2,2,3,3,2,2,4,4,2,2"
256,1.4367391874507625,"0,0,3,3,2,1,3,2,1,0,1,1,2,0,3,4,3,3,3,3,3,2,2,2,2,2,3,3,2,3,0,4,1,4,4,1,1,3,3,4,3,2,3,3,3,4,1,0,0,3,3,3,3,3,3,2,2,3,3,2,2,0,3,3,3,2,2,2,2,1,4,3,3,2,2,3,3,4,1,2,2,2,2,2,3,3,2,2,2,3,3,3,3,3,1,4,3,3,3,3,2,2,2,3,4,2,2,3,3,3,3,2,2,3,3,3,3,3,3,2,2,2,2,3,4,3,1,1,1,3,3,3,3,1,2,1,1,2,2,2,2,2,2,4,2,2,2,2,3,3,4,1,1,1,4,3,3,3,4,2,1,1,3,2,3,4,4,0,2,1,1,1,1,4,2,2,0,2,2,2,2,2,4,4,2,2,3,3,3,3,3,2,2,3,3,3,3,0,0,0,0,0,0,0,0,0,0,0,0,0,3,0,1,2,2,0,3,3,3,1,3,2,2,2,4,0,3,3,3,3,4,3,4,3,3,2,2,3,3,4,3,3,0,0,3,3,2,2,3,3,2,2,2,2,2,2,3,3,3,3,2,2,2,2,2,2,3,3,2,2,3,3,2,2,4,4,2,2"
257,1.4379084631450145,"0,0,3,3,2,1,3,2,1,0,1,1,2,0,3,4,3,3,3,3,3,2,2,2,2,2,3,3,2,3,0,4,1,4,4,1,1,3,3,4,3,2,3,3,3,4,1,0,0,3,3,3,3,3,3,2,2,3,3,2,2,0,3,3,3,2,2,2,2,1,4,3,3,2,2,3,3,4,1,2,2,2,2,2,3,3,2,2,2,3,3,3,3,3,1,4,3,3,3,3,2,2,2,3,4,2,2,3,3,3,3,2,2,3,3,3,3,3,3,2,2,2,2,3,4,3,1,1,1,3,3,3,3,1,2,1,1,2,2,2,2,2,2,4,2,2,2,2,1,3,4,1,1,1,4,3,3,3,4,2,1,1,3,2,3,4,4,0,2,1,1,1,1,4,2,2,0,2,2,2,2,2,4,4,2,2,3,3,3,3,3,2,2,3,3,3,0,0,0,0,0,0,0,0,0,0,0,0,0,0,3,3,2,2,2,0,3,3,3,1,3,2,2,2,4,0,3,3,3,3,4,3,4,3,3,2,2,3,3,4,3,3,0,0,3,3,2,2,4,3,2,2,2,2,2,2,3,3,3,3,2,2,2,2,2,2,3,3,2,2,3,3,2,2,4,4,2,2"
258,1.4386540858326669,"0,0,3,3,2,1,3,2,1,0,1,1,2,0,3,4,3,3,3,3,3,2,2,2,2,2,3,3,2,3,0,4,1,4,4,1,1,3,3,4,3,2,3,3,3,4,1,0,0,3,3,3,3,3,3,2,2,3,3,2,2,2,3,3,3,2,2,2,2,1,4,3,3,2,2,3,3,4,1,2,2,2,2,2,3,3,2,2,2,3,3,3,3,3,1,4,3,3,3,3,2,2,2,3,4,2,2,3,3,3,3,2,2,3,3,3,3,3,3,2,2,2,2,3,4,3,1,1,1,3,3,3,3,1,2,1,1,2,2,2,2,2,2,4,2,2,2,2,3,3,4,1,1,1,4,3,3,3,4,2,1,1,3,2,3,4,4,0,2,1,1,1,1,4,2,2,0,2,2,2,2,2,4,4,2,2,3,3,3,3,3,2,2,3,3,3,0,0,0,0,0,0,0,0,0,0,0,0,0,0,3,3,2,2,2,0,3,3,3,1,3,2,2,2,4,0,3,3,3,3,3,3,4,3,3,2,2,3,3,4,3,3,0,0,3,3,2,2,4,3,2,2,2,2,2,2,3,3,3,3,2,2,2,2,2,2,3,3,2,2,3,3,2,2,4,4,2,2"
259,1.4387329972012486,"0,0,3,3,2,1,3,2,1,0,1,1,2,0,3,4,3,3,3,3,3,2,2,2,2,2,3,3,2,3,3,4,1,4,4,1,1,3,3,4,3,2,3,3,3,4,1,0,0,3,3,3,3,3,3,2,2,3,3,2,2,2,3,3,3,2,2,2,2,1,4,3,3,2,2,3,3,4,1,2,2,2,2,2,3,3,2,2,2,3,3,3,3,3,1,4,3,3,3,3,2,2,2,3,4,2,2,3,3,3,3,2,2,3,3,3,3,3,3,2,2,2,2,3,4,3,1,1,1,3,3,3,3,1,2,1,1,2,2,2,2,2,2,4,2,2,2,2,3,3,4,1,1,1,4,3,3,3,4,2,1,1,3,2,3,4,4,0,2,1,1,1,1,4,2,2,0,2,2,2,2,2,4,4,2,2,3,3,3,3,3,2,2,3,3,3,0,0,0,0,0,0,0,0,0,0,0,0,0,0,3,3,2,2,2,0,3,3,3,1,3,2,2,2,4,0,3,3,3,3,4,3,4,3,3,2,2,3,3,4,3,3,0,0,3,3,2,2,4,3,2,2,2,2,2,2,3,3,3,3,2,2,2,2,2,2,3,3,2,2,3,3,2,2,4,4,2,2"
260,1.4387329972012486,"0,0,3,3,2,1,3,2,1,0,1,1,2,0,3,4,3,3,3,3,3,2,2,2,2,2,3,3,2,3,3,4,1,4,4,1,1,3,3,4,3,2,3,3,3,4,1,0,0,3,3,3,3,3,3,2,2,3,3,2,2,2,3,3,3,2,2,2,2,1,4,3,3,2,2,3,3,4,1,2,2,2,2,2,3,3,2,2,2,3,3,3,3,3,1,4,3,3,3,3,2,2,2,3,4,2,2,3,3,3,3,2,2,3,3,3,3,3,3,2,2,2,2,3,4,3,1,1,1,3,3,3,3,1,2,1,1,2,2,2,2,2,2,4,2,2,2,2,3,3,4,1,1,1,4,3,3,3,4,2,1,1,3,2,3,4,4,0,2,1,1,1,1,4,2,2,0,2,2,2,2,2,4,4,2,2,3,3,3,3,3,2,2,3,3,3,0,0,0,0,0,0,0,0,0,0,0,0,0,0,3,3,2,2,2,0,3,3,3,1,3,2,2,2,4,0,3,3,3,3,4,3,4,3,3,2,2,3,3,4,3,3,0,0,3,3,2,2,4,3,2,2,2,2,2,2,3,3,3,3,2,2,2,2,2,2,3,3,2,2,3,3,2,2,4,4,2,2"
261,1.438794090687064,"0,0,3,3,2,1,3,2,1,0,1,1,2,0,3,4,3,3,3,3,3,2,2,2,2,2,3,3,2,3,3,4,1,4,4,1,1,3,3,4,3,2,3,3,3,4,1,0,0,3,3,3,3,3,3,2,2,3,3,2,2,2,3,3,3,2,2,2,2,1,4,3,3,2,2,3,3,4,1,2,2,2,2,2,3,3,2,2,2,3,3,3,3,3,1,4,3,3,3,3,2,2,2,3,4,2,2,3,3,3,3,2,2,3,3,3,3,3,3,2,2,2,2,3,4,3,1,1,1,3,3,3,3,1,2,1,1,2,2,2,2,2,2,4,2,2,2,2,3,3,4,1,1,1,4,3,3,3,0,2,1,1,3,2,3,4,4,0,2,1,1,1,1,4,2,2,0,2,2,2,2,2,4,4,2,2,3,3,3,3,3,2,2,3,3,3,0,0,0,0,0,0,0,0,0,0,0,0,0,0,3,3,2,2,2,0,3,3,3,1,3,2,2,2,4,0,3,3,3,3,4,3,4,3,3,2,2,3,3,4,3,3,0,0,3,3,2,2,4,3,2,2,2,2,2,2,3,3,3,3,2,2,2,2,2,2,3,3,2,2,3,3,2,2,4,4,2,2"
262,1.438794090687064,"0,0,3,3,2,1,3,2,1,0,1,1,2,0,3,4,3,3,3,3,3,2,2,2,2,2,3,3,2,3,3,4,1,4,4,1,1,3,3,4,3,2,3,3,3,4,1,0,0,3,3,3,3,3,3,2,2,3,3,2,2,2,3,3,3,2,2,2,2,1,4,3,3,2,2,3,3,4,1,2,2,2,2,2,3,3,2,2,2,3,3,3,3,3,1,4,3,3,3,3,2,2,2,3,4,2,2,3,3,3,3,2,2,3,3,3,3,3,3,2,2,2,2,3,4,3,1,1,1,3,3,3,3,1,2,1,1,2,2,2,2,2,2,4,2,2,2,2,3,3,4,1,1,1,4,3,3,3,0,2,1,1,3,2,3,4,4,0,2,1,1,1,1,4,2,2,0,2,2,2,2,2,4,4,2,2,3,3,3,3,3,2,2,3,3,3,0,0,0,0,0,0,0,0,0,0,0,0,0,0,3,3,2,2,2,0,3,3,3,1,3,2,2,2,4,0,3,3,3,3,4,3,4,3,3,2,2,3,3,4,3,3,0,0,3,3,2,2,4,3,2,2,2,2,2,2,3,3,3,3,2,2,2,2,2,2,3,3,2,2,3,3,2,2,4,4,2,2"
263,1.4385676474056013,"0,0,3,3,2,1,3,2,1,0,1,1,2,0,3,4,3,3,3,3,3,2,2,2,2,2,3,3,2,3,3,4,1,4,4,1,1,3,3,4,3,2,3,3,3,4,1,0,0,3,3,0,3,3,3,2,2,3,3,2,2,2,3,3,3,2,2,2,2,1,4,3,3,2,2,3,3,4,1,2,2,2,2,2,3,3,2,2,2,3,3,3,3,3,1,4,3,3,3,3,2,2,2,3,4,2,2,3,3,3,3,2,2,3,3,3,3,3,3,2,2,2,2,3,4,3,1,1,1,3,3,3,3,1,4,1,1,2,2,2,2,2,2,4,2,2,2,2,3,3,4,1,1,1,4,3,3,3,0,2,1,1,3,2,2,4,4,0,2,1,1,1,1,4,2,2,0,2,2,2,2,2,4,4,2,2,3,3,3,3,3,2,2,3,3,3,0,0,0,0,0,0,0,0,0,0,0,0,0,0,3,3,2,2,2,0,3,3,3,1,3,2,2,2,4,0,3,3,3,3,4,3,4,3,3,2,2,3,3,4,3,3,0,0,3,3,2,2,4,3,2,2,2,2,2,2,3,3,3,3,2,2,2,2,2,2,3,3,2,2,3,3,2,2,4,4,2,2"
264,1.4381171269913129,"0,0,3,3,2,1,3,2,1,0,1,1,2,0,3,4,3,3,3,3,3,2,2,2,2,2,3,3,2,3,3,4,1,4,4,1,1,3,3,4,3,2,3,3,3,4,1,0,0,3,3,0,3,3,3,2,2,3,3,2,2,2,2,3,3,2,2,2,2,1,4,3,3,2,2,3,3,4,1,2,2,2,2,2,3,3,2,2,2,3,3,3,3,3,1,4,3,3,3,3,2,2,2,3,4,2,2,3,3,3,3,2,2,3,3,3,3,3,3,2,2,2,2,3,4,3,1,1,1,3,3,3,3,1,4,1,1,2,2,2,2,2,2,4,2,2,2,2,3,3,4,1,1,1,4,3,3,3,0,2,1,1,3,2,2,4,4,0,2,1,1,1,1,4,2,2,0,2,2,2,2,2,4,4,2,2,3,3,3,3,3,2,2,3,3,3,0,0,0,0,0,0,0,0,0,0,0,0,0,0,3,3,2,2,2,0,3,3,3,1,3,2,2,2,4,0,3,3,3,3,4,3,4,3,3,2,2,3,3,4,3,3,0,0,3,3,2,2,4,3,2,2,2,2,2,2,3,3,3,3,2,2,2,2,2,2,3,3,2,2,3,3,2,2,4,4,2,2"
265,1.4371124380262954,"0,0,3,3,2,1,3,2,1,0,1,1,2,0,3,4,3,3,3,3,3,2,2,2,2,2,3,3,2,3,3,4,1,4,4,1,1,3,3,4,3,2,3,3,3,4,1,0,0,3,3,3,3,3,3,2,2,3,3,2,2,2,3,3,3,2,2,2,2,1,4,3,3,2,2,3,3,4,1,2,2,2,2,2,3,3,2,2,2,3,3,3,3,3,1,4,3,3,3,3,2,2,2,3,4,2,2,3,3,3,3,2,2,3,3,3,3,3,3,2,2,2,2,3,4,3,1,1,1,3,3,3,3,1,0,1,1,2,2,2,2,2,2,4,2,2,2,2,3,3,4,1,1,1,4,3,3,3,0,2,1,1,3,2,2,4,4,0,2,1,1,1,1,4,2,2,4,2,2,2,2,2,4,4,2,2,3,3,3,3,3,2,2,3,3,3,0,0,0,0,0,0,0,0,0,0,0,0,0,0,3,3,2,1,2,0,3,3,3,1,3,2,2,2,4,0,0,3,3,3,4,3,4,3,4,2,2,3,3,4,3,3,0,0,3,3,2,2,4,3,2,2,2,2,2,2,3,3,3,3,2,2,2,2,2,2,3,3,2,2,3,0,2,2,4,4,2,2"
266,1.4391312275372405,"0,0,3,3,2,1,3,2,1,0,1,1,2,0,3,4,3,3,3,3,3,2,2,2,2,2,3,3,2,3,3,4,1,4,4,1,1,3,3,4,3,2,3,3,3,4,1,0,0,3,3,3,3,3,3,2,2,3,3,2,2,2,3,3,3,2,2,2,2,1,4,3,3,2,2,3,3,4,1,2,2,2,2,2,3,3,2,2,2,3,3,3,3,3,1,4,3,3,3,3,2,2,2,3,4,2,2,3,3,3,3,2,2,3,3,3,3,3,3,2,2,2,2,3,4,3,1,1,1,3,3,3,3,4,0,1,1,2,2,2,2,2,2,4,2,2,2,2,3,3,4,1,1,1,4,3,3,3,0,2,1,1,3,2,2,4,4,0,2,1,1,1,1,4,2,2,0,2,2,2,2,2,4,4,2,2,3,3,3,3,3,2,2,3,3,3,0,0,0,0,0,0,0,0,0,0,0,0,0,0,3,3,2,2,2,0,3,3,3,1,3,2,2,2,4,0,3,3,3,3,4,3,4,3,3,2,2,3,3,4,3,3,0,0,3,3,2,2,4,3,2,2,2,2,2,2,3,3,3,3,2,2,2,2,2,2,3,3,2,2,3,3,2,2,4,1,2,2"
267,1.437938250299916,"0,0,3,3,2,1,3,2,1,0,1,1,2,0,3,4,3,3,3,3,3,2,2,2,2,2,3,3,2,3,3,4,1,4,4,1,1,3,3,4,3,2,3,3,3,4,1,0,0,3,3,3,3,3,3,2,2,3,3,2,2,2,3,3,3,2,2,2,2,1,4,3,3,2,2,3,3,4,1,2,2,2,2,2,3,3,2,2,2,3,3,3,3,3,1,4,3,3,3,0,2,2,2,3,4,2,2,3,3,3,3,2,2,3,3,3,3,3,3,2,2,2,2,3,4,3,1,1,1,3,3,3,3,4,0,1,1,2,2,2,2,2,2,4,2,2,2,2,3,3,4,1,1,1,4,3,3,3,0,2,1,1,3,2,2,4,4,0,2,1,1,1,1,4,2,3,0,2,2,2,2,2,4,4,2,2,3,3,3,3,3,2,2,3,3,3,0,0,0,0,0,0,0,0,0,0,0,0,0,0,3,3,2,2,2,0,3,3,3,1,3,2,2,2,4,0,3,3,4,3,4,3,4,3,3,2,2,3,3,4,3,3,0,0,3,3,2,2,4,3,2,2,2,2,2,2,3,3,3,3,2,2,2,2,2,2,3,3,2,2,3,3,2,2,4,1,2,2"
268,1.4392324193471513,"0,0,3,3,2,1,3,2,1,2,1,1,2,0,3,4,3,3,3,3,3,2,2,2,2,2,3,3,2,3,3,4,1,4,4,1,1,3,3,4,3,2,3,3,3,4,1,0,0,3,3,3,3,3,3,2,2,3,3,2,2,2,3,3,3,2,2,2,2,1,4,3,3,2,2,3,3,4,1,2,2,2,2,2,3,3,2,2,2,3,3,3,3,3,1,4,3,3,3,3,2,2,2,3,4,2,2,3,3,3,3,2,2,3,3,3,3,3,3,2,2,2,2,3,4,3,1,1,1,3,3,3,3,4,0,1,1,2,2,2,2,2,2,4,2,2,2,2,3,3,4,1,1,1,4,3,3,3,0,2,1,1,3,2,2,4,4,0,2,1,1,1,1,4,2,2,0,2,2,2,2,2,4,4,2,2,3,3,3,3,3,2,2,3,3,3,0,0,0,0,0,0,0,0,0,0,0,0,0,0,3,3,2,2,2,0,3,3,3,1,3,2,2,2,4,0,3,3,4,3,4,3,4,3,3,2,2,3,3,4,3,3,0,0,3,3,2,2,4,3,2,2,2,2,2,2,3,3,3,3,2,2,2,2,2,2,3,3,2,2,3,3,2,2,4,1,2,2"
269,1.4392352849882157,"0,0,3,3,2,1,3,2,1,2,1,1,2,0,3,4,3,3,3,3,3,2,2,2,2,2,3,3,2,3,3,4,1,4,4,1,1,3,3,4,3,2,3,3,3,4,1,0,0,3,3,3,3,3,3,2,2,3,3,2,2,2,3,3,3,2,2,2,2,1,4,3,3,2,2,3,3,4,1,2,2,2,2,2,3,3,2,2,2,3,3,3,3,3,1,4,3,3,3,3,2,2,2,3,4,2,2,3,3,3,3,2,2,3,3,3,3,3,3,2,2,2,2,3,4,3,1,1,1,3,3,3,3,4,0,1,1,2,2,2,2,2,2,4,2,2,2,2,3,3,1,1,4,1,4,3,3,3,0,2,1,1,3,2,2,4,4,0,2,1,1,1,1,4,2,2,0,2,2,2,2,2,4,4,2,2,3,3,3,3,3,2,2,3,3,3,0,0,0,0,0,0,0,0,0,0,0,0,0,0,3,3,2,2,2,0,3,3,3,1,3,2,2,2,4,0,3,3,4,3,4,3,4,3,3,2,2,3,3,4,3,3,0,0,3,3,2,2,4,3,2,2,2,2,2,2,3,3,3,3,2,2,2,2,2,2,3,3,2,2,3,3,2,2,4,1,2,2"
270,1.4392482729481466,"0,0,3,3,2,1,3,2,1,2,1,1,2,0,3,4,3,3,3,3,3,2,2,2,2,2,3,3,2,3,3,4,1,4,4,1,1,3,3,4,3,2,3,3,3,4,1,0,0,3,3,3,3,3,3,2,2,3,3,2,2,2,3,3,3,2,2,2,2,1,4,3,3,2,2,3,3,4,1,2,2,2,2,2,3,3,2,2,2,3,3,3,3,3,1,4,3,3,3,3,2,2,2,3,4,2,2,3,3,3,3,2,2,3,3,3,3,3,3,2,2,2,2,3,4,3,1,1,1,3,3,3,3,4,0,1,1,2,2,2,2,2,2,4,2,2,2,2,3,3,1,1,4,1,4,3,3,3,0,2,1,4,3,2,2,4,4,0,2,1,1,1,1,1,2,2,0,2,2,2,2,2,4,4,2,2,3,3,3,3,3,2,2,3,3,3,0,0,0,0,0,0,0,0,0,0,0,0,0,0,3,3,2,2,2,0,3,3,3,1,3,2,2,2,4,0,3,3,4,3,4,3,4,3,3,2,2,3,3,4,3,3,0,0,3,3,2,2,4,3,2,2,2,2,2,2,3,3,3,3,2,2,2,2,2,2,3,3,2,2,3,3,2,2,4,1,2,2"
271,1.438656103869682,"0,0,3,3,2,1,3,2,1,2,1,1,2,0,3,4,3,3,3,3,3,2,2,2,2,2,3,3,2,3,3,4,1,4,4,1,1,3,3,4,3,2,3,3,3,4,1,0,0,3,3,3,3,3,3,2,2,3,3,2,2,2,3,3,3,2,2,2,2,1,4,3,3,2,2,3,3,4,1,2,2,2,2,2,3,3,2,2,2,3,3,3,3,3,1,4,3,3,3,3,2,2,2,3,4,2,2,3,3,3,3,2,2,3,3,3,3,3,3,2,2,2,2,3,4,3,1,1,1,3,3,3,3,4,0,1,1,2,2,2,2,2,1,4,2,2,2,2,3,3,1,1,4,1,4,3,3,3,0,2,1,4,3,2,2,4,4,0,2,1,1,1,1,1,2,2,0,2,2,2,2,2,4,4,2,2,3,3,3,3,3,2,2,3,3,3,0,0,0,0,0,0,0,0,0,0,0,0,0,0,3,3,2,2,2,0,3,3,3,1,3,2,2,2,4,0,3,3,4,3,4,3,4,3,3,2,2,3,3,4,3,3,0,0,3,3,2,2,4,3,2,2,2,2,2,2,3,3,3,3,2,2,2,2,2,2,3,3,2,2,3,3,2,2,4,1,2,2"
272,1.4375893769771748,"0,0,3,3,2,1,3,2,1,2,1,1,2,0,3,4,3,3,3,3,3,2,2,2,2,2,3,3,2,3,3,4,1,4,4,1,1,3,3,4,3,2,3,3,3,4,1,0,0,3,3,3,3,3,3,2,2,3,3,2,2,2,3,3,3,2,2,2,2,1,4,3,3,2,2,3,3,4,1,2,2,2,2,2,3,3,2,2,2,3,3,3,3,3,1,4,3,3,3,3,2,2,2,3,4,2,0,3,3,3,3,2,2,3,3,3,3,3,3,2,2,2,2,4,4,3,1,1,1,3,3,3,3,4,0,1,1,2,2,2,2,3,2,4,2,2,2,2,3,3,1,1,4,1,4,3,3,3,0,2,1,4,3,2,2,4,4,0,2,1,1,1,1,1,2,2,0,2,2,2,2,2,4,4,2,2,3,3,3,3,3,2,2,3,3,3,0,0,0,0,0,0,0,0,0,0,0,0,0,0,3,3,0,2,2,0,3,3,3,1,3,2,2,2,4,0,3,3,4,3,4,3,4,3,3,2,2,3,3,4,3,3,0,0,3,3,2,2,4,3,2,2,2,2,2,2,3,3,3,3,2,2,2,2,2,2,3,3,2,2,3,3,2,2,4,1,2,2"
273,1.4365548471384406,"0,0,3,3,2,1,3,2,1,2,1,1,2,0,3,4,3,3,3,3,3,2,2,2,2,2,3,3,2,3,3,4,1,4,4,1,1,3,3,4,3,2,3,3,3,4,1,0,0,3,3,3,3,3,3,2,2,3,3,2,2,2,3,3,3,2,2,2,2,1,4,3,3,2,2,3,3,4,1,2,2,2,2,2,3,3,2,2,2,3,3,3,3,3,1,4,3,3,3,3,2,2,2,3,4,2,0,3,3,3,3,2,2,3,3,3,3,1,3,2,2,2,2,4,4,3,1,1,1,3,3,3,3,4,0,1,1,2,2,2,2,3,2,4,2,2,2,2,3,3,1,1,4,1,4,3,3,3,0,2,1,4,3,2,2,4,4,0,2,1,1,1,1,1,2,2,0,2,2,2,2,2,4,4,2,2,3,3,3,3,3,2,2,3,3,3,0,0,0,0,0,0,0,0,0,0,0,0,0,0,3,3,0,2,2,0,3,3,3,0,3,2,2,2,4,0,3,3,4,3,4,3,4,3,3,2,2,3,3,4,3,3,0,0,3,3,2,2,4,3,2,2,2,2,2,2,3,3,3,3,2,2,2,2,2,2,3,3,2,2,3,3,2,2,4,1,2,1"
274,1.4365548471384406,"0,0,3,3,2,1,3,2,1,2,1,1,2,0,3,4,3,3,3,3,3,2,2,2,2,2,3,3,2,3,3,4,1,4,4,1,1,3,3,4,3,2,3,3,3,4,1,0,0,3,3,3,3,3,3,2,2,3,3,2,2,2,3,3,3,2,2,2,2,1,4,3,3,2,2,3,3,4,1,2,2,2,2,2,3,3,2,2,2,3,3,3,3,3,1,4,3,3,3,3,2,2,2,3,4,2,0,3,3,3,3,2,2,3,3,3,3,1,3,2,2,2,2,4,4,3,1,1,1,3,3,3,3,4,0,1,1,2,2,2,2,3,2,4,2,2,2,2,3,3,1,1,4,1,4,3,3,3,0,2,1,4,3,2,2,4,4,0,2,1,1,1,1,1,2,2,0,2,2,2,2,2,4,4,2,2,3,3,3,3,3,2,2,3,3,3,0,0,0,0,0,0,0,0,0,0,0,0,0,0,3,3,0,2,2,0,3,3,3,0,3,2,2,2,4,0,3,3,4,3,4,3,4,3,3,2,2,3,3,4,3,3,0,0,3,3,2,2,4,3,2,2,2,2,2,2,3,3,3,3,2,2,2,2,2,2,3,3,2,2,3,3,2,2,4,1,2,1"
275,1.437347723568486,"0,0,3,3,2,1,3,2,1,2,1,1,2,0,3,4,3,3,3,3,3,2,2,2,2,2,3,3,2,3,3,4,1,4,4,1,1,3,3,4,3,2,3,3,3,4,1,0,0,3,3,3,3,3,3,2,2,3,3,2,2,2,3,3,3,2,2,2,2,1,4,3,3,2,2,3,3,4,1,2,2,2,2,2,3,3,2,2,2,3,3,3,3,3,1,4,3,3,3,3,2,2,2,3,4,2,0,3,3,3,3,2,2,3,3,3,3,1,3,2,2,2,2,4,4,3,1,1,1,3,3,3,3,4,0,1,1,2,2,2,2,2,2,4,2,2,2,0,3,3,1,1,4,1,4,3,3,3,0,2,1,4,3,2,2,4,4,0,2,1,1,1,1,1,2,2,0,2,2,2,2,2,4,4,2,2,3,3,3,3,3,2,2,3,3,3,0,0,0,0,0,0,0,0,0,0,0,0,0,0,3,3,2,2,2,0,3,3,3,1,3,2,2,2,4,0,3,3,4,3,4,3,4,3,3,2,2,3,3,4,3,3,0,0,3,3,2,2,4,3,2,2,2,2,2,2,3,3,3,3,2,2,2,2,2,2,3,3,2,2,3,3,2,2,4,1,2,2"
276,1.4373643602061748,"0,0,3,3,2,1,3,2,1,2,1,1,2,0,3,4,3,3,3,3,3,2,2,2,2,2,3,3,2,3,3,4,1,4,4,1,1,3,3,4,3,2,3,3,3,4,1,0,0,3,3,3,3,3,3,2,2,3,3,2,2,2,3,3,3,2,2,2,2,1,4,3,3,2,2,3,3,4,1,2,2,2,2,2,3,3,2,2,2,3,3,3,3,3,1,4,3,3,3,3,2,2,2,3,4,2,0,3,3,3,3,2,2,3,3,3,3,1,3,2,2,2,2,4,4,3,1,1,1,3,3,3,3,4,0,1,1,2,2,2,2,2,2,4,2,2,2,2,3,3,1,1,4,1,4,3,3,3,0,2,1,4,3,2,2,4,4,0,2,1,1,1,1,1,2,2,3,2,2,2,2,2,4,4,2,2,3,3,3,3,3,2,2,3,3,3,0,0,0,0,0,0,0,0,0,0,0,0,0,0,3,3,2,2,2,0,3,3,3,1,3,2,2,2,4,0,3,3,4,3,4,3,4,3,3,2,2,3,3,4,3,3,0,0,3,3,2,2,4,3,2,2,2,2,2,2,3,3,3,3,2,2,2,2,2,2,3,3,2,2,3,3,2,2,4,1,2,2"
277,1.4372746187024075,"0,0,3,3,2,1,3,2,1,2,1,1,2,0,3,4,3,3,3,3,3,2,2,2,2,2,3,3,2,3,3,4,1,4,4,1,1,3,3,4,3,2,3,3,2,4,1,0,0,3,3,3,3,3,3,2,2,3,3,2,2,2,3,3,3,2,2,2,2,1,4,3,3,2,2,3,3,4,1,2,2,2,2,2,3,3,2,2,2,3,3,3,3,3,1,4,3,3,3,3,2,2,2,3,4,2,2,3,3,3,3,2,2,3,3,3,3,3,3,2,2,2,2,2,4,3,1,1,1,3,3,3,3,4,0,1,1,2,2,2,2,2,2,4,2,2,2,2,3,3,1,1,4,1,4,3,3,3,0,2,1,4,3,2,2,4,4,0,2,1,1,1,1,1,2,2,3,2,2,2,2,2,4,4,2,2,3,3,3,3,3,2,2,3,3,3,0,0,0,0,0,0,0,0,0,0,0,0,0,0,3,3,2,2,2,0,3,3,3,1,3,2,2,2,4,0,3,3,4,3,4,3,4,3,3,2,2,3,3,4,3,3,0,0,3,3,2,2,4,3,2,2,2,2,2,2,3,3,3,3,2,2,2,2,2,2,3,3,2,2,3,3,2,2,4,1,2,2"
278,1.43577399236913,"0,0,3,3,2,1,3,2,1,2,1,1,2,0,3,4,3,3,3,3,3,2,2,2,2,2,3,3,2,3,3,4,1,4,4,1,1,3,3,4,3,2,3,3,3,4,1,0,0,3,3,3,3,3,3,2,2,3,3,2,2,2,3,3,3,2,2,2,2,1,4,3,3,2,2,3,3,4,1,2,2,2,2,2,3,3,2,2,2,2,3,3,3,3,1,4,3,3,3,3,2,2,2,3,4,2,0,3,3,3,3,2,2,3,3,3,3,1,3,2,2,2,2,4,4,3,1,1,1,3,3,3,3,4,0,1,1,2,2,2,2,2,2,4,2,2,2,2,3,3,1,1,4,1,4,3,3,3,0,2,1,4,3,2,2,4,4,0,2,1,1,1,1,1,2,2,3,2,2,2,2,2,4,4,2,2,3,3,3,3,3,2,2,3,3,3,0,0,0,0,0,0,0,0,0,0,0,0,0,0,3,3,2,2,2,0,3,3,3,1,3,2,2,2,4,0,3,3,4,3,2,3,4,3,3,2,2,3,3,4,3,3,0,0,3,3,2,2,4,3,2,2,2,2,2,2,3,3,3,3,2,2,2,2,2,1,3,3,2,2,3,3,2,2,4,1,2,2"
279,1.438997816567212,"0,0,3,3,2,1,3,2,1,2,1,1,2,0,3,4,3,3,3,3,3,2,2,2,2,2,3,3,2,3,3,4,1,4,1,1,1,3,3,4,3,2,3,3,3,4,1,0,0,3,3,3,3,3,3,2,2,3,3,2,2,2,3,3,3,2,2,2,2,1,4,3,3,2,2,3,3,4,1,2,2,2,2,2,3,3,2,2,2,3,3,3,3,3,1,4,3,3,3,3,2,2,2,3,4,2,2,3,3,3,3,2,2,3,3,3,3,3,0,2,2,2,2,3,4,3,1,1,1,3,3,3,3,4,0,1,1,2,2,2,2,2,2,4,2,2,2,2,3,3,1,1,4,1,4,3,3,3,0,2,1,4,3,2,2,4,4,0,2,1,1,1,1,1,2,2,0,2,2,2,2,2,4,4,2,2,3,3,3,3,3,2,2,3,3,3,0,0,0,0,0,0,0,0,0,0,0,0,0,0,3,3,2,2,2,0,3,3,3,4,3,2,2,2,4,0,3,3,1,3,4,3,4,3,3,2,2,3,3,4,3,3,0,0,3,3,2,2,4,3,2,2,2,2,2,2,3,3,3,3,2,2,2,2,2,2,3,3,2,2,3,3,2,2,4,1,2,2"
280,1.4395453670927894,"0,0,3,3,2,1,3,2,1,2,1,1,2,0,3,4,3,3,3,3,3,2,2,2,2,2,3,3,2,3,3,4,1,4,1,1,1,3,3,4,3,2,3,3,3,4,1,0,0,3,3,3,3,3,3,2,2,3,3,2,2,2,3,3,3,2,2,2,2,1,4,3,3,2,2,3,3,4,1,2,2,2,2,2,3,3,2,2,2,3,3,3,3,3,1,4,3,3,3,3,2,2,2,3,4,2,2,3,3,3,3,2,2,3,3,3,3,3,3,2,2,2,2,3,4,3,1,1,1,3,3,3,3,4,0,1,1,2,2,2,2,2,2,4,2,2,2,2,3,3,1,1,4,1,4,3,3,3,0,2,1,4,3,2,2,4,4,0,2,1,1,1,1,1,2,2,0,2,2,2,2,2,4,4,2,2,3,3,3,3,3,2,2,3,3,3,0,0,0,0,0,0,0,0,0,0,0,0,0,0,3,3,2,2,2,0,3,3,3,4,3,2,2,2,4,0,3,3,4,3,4,3,4,3,3,2,2,3,3,4,3,3,0,0,3,3,2,2,4,3,2,2,2,2,2,2,3,3,3,3,2,2,2,2,2,2,3,3,2,2,3,3,2,2,4,1,2,2"
281,1.4395453670927894,"0,0,3,3,2,1,3,2,1,2,1,1,2,0,3,4,3,3,3,3,3,2,2,2,2,2,3,3,2,3,3,4,1,4,1,1,1,3,3,4,3,2,3,3,3,4,1,0,0,3,3,3,3,3,3,2,2,3,3,2,2,2,3,3,3,2,2,2,2,1,4,3,3,2,2,3,3,4,1,2,2,2,2,2,3,3,2,2,2,3,3,3,3,3,1,4,3,3,3,3,2,2,2,3,4,2,2,3,3,3,3,2,2,3,3,3,3,3,3,2,2,2,2,3,4,3,1,1,1,3,3,3,3,4,0,1,1,2,2,2,2,2,2,4,2,2,2,2,3,3,1,1,4,1,4,3,3,3,0,2,1,4,3,2,2,4,4,0,2,1,1,1,1,1,2,2,0,2,2,2,2,2,4,4,2,2,3,3,3,3,3,2,2,3,3,3,0,0,0,0,0,0,0,0,0,0,0,0,0,0,3,3,2,2,2,0,3,3,3,4,3,2,2,2,4,0,3,3,4,3,4,3,4,3,3,2,2,3,3,4,3,3,0,0,3,3,2,2,4,3,2,2,2,2,2,2,3,3,3,3,2,2,2,2,2,2,3,3,2,2,3,3,2,2,4,1,2,2"
282,1.4389555235627918,"0,0,3,3,2,1,3,2,1,2,1,1,2,0,3,4,3,3,3,3,3,2,2,2,2,2,3,3,2,3,3,4,1,4,1,1,1,3,3,4,3,2,3,3,3,4,1,0,0,3,3,3,3,3,3,2,2,3,3,2,2,2,3,3,3,2,2,2,2,1,4,3,3,2,2,3,3,4,1,2,2,2,2,2,3,3,2,2,2,3,3,3,3,3,1,4,3,3,3,3,2,2,2,3,4,2,2,3,3,3,3,2,2,3,3,3,3,3,3,2,2,2,2,3,4,1,1,1,1,3,3,3,3,4,0,1,1,2,2,2,2,2,2,4,2,2,2,2,3,3,1,1,4,1,4,3,3,3,0,2,1,4,3,2,2,4,4,0,2,1,1,1,1,1,2,2,0,2,2,2,2,2,4,4,2,2,3,3,3,3,3,2,2,3,3,3,0,0,0,0,0,0,0,0,0,0,0,0,0,0,3,3,2,2,2,0,3,3,3,4,3,2,2,2,4,0,3,3,4,3,4,3,4,3,3,2,2,3,3,4,3,3,0,0,3,3,2,2,4,3,2,2,2,2,2,2,3,3,4,3,2,2,2,2,2,2,3,3,2,2,3,3,2,2,4,1,2,2"
283,1.4389555235627918,"0,0,3,3,2,1,3,2,1,2,1,1,2,0,3,4,3,3,3,3,3,2,2,2,2,2,3,3,2,3,3,4,1,4,1,1,1,3,3,4,3,2,3,3,3,4,1,0,0,3,3,3,3,3,3,2,2,3,3,2,2,2,3,3,3,2,2,2,2,1,4,3,3,2,2,3,3,4,1,2,2,2,2,2,3,3,2,2,2,3,3,3,3,3,1,4,3,3,3,3,2,2,2,3,4,2,2,3,3,3,3,2,2,3,3,3,3,3,3,2,2,2,2,3,4,1,1,1,1,3,3,3,3,4,0,1,1,2,2,2,2,2,2,4,2,2,2,2,3,3,1,1,4,1,4,3,3,3,0,2,1,4,3,2,2,4,4,0,2,1,1,1,1,1,2,2,0,2,2,2,2,2,4,4,2,2,3,3,3,3,3,2,2,3,3,3,0,0,0,0,0,0,0,0,0,0,0,0,0,0,3,3,2,2,2,0,3,3,3,4,3,2,2,2,4,0,3,3,4,3,4,3,4,3,3,2,2,3,3,4,3,3,0,0,3,3,2,2,4,3,2,2,2,2,2,2,3,3,4,3,2,2,2,2,2,2,3,3,2,2,3,3,2,2,4,1,2,2"
284,1.4390417226736851,"0,0,3,3,2,1,3,2,1,2,1,1,2,0,3,4,3,3,3,3,3,2,2,2,2,2,3,3,2,3,3,4,1,4,1,1,1,3,3,4,3,2,3,3,3,4,1,0,0,3,3,3,3,3,3,2,2,3,3,2,2,2,3,3,3,2,2,2,2,1,4,3,3,2,2,3,3,4,1,2,2,2,2,2,3,3,2,2,2,3,3,3,3,1,1,4,3,3,3,3,2,2,2,3,4,2,2,3,3,3,3,2,2,3,3,3,3,3,3,2,2,2,2,3,4,3,1,1,1,3,3,3,3,4,0,1,1,2,2,2,2,2,2,4,2,2,2,2,3,3,1,1,4,1,4,3,3,3,0,2,1,4,3,2,2,4,4,0,2,1,1,1,1,1,2,2,0,2,2,2,2,2,4,4,2,2,3,3,3,3,3,2,2,3,3,3,0,0,0,0,0,0,0,0,0,0,0,0,0,0,3,3,2,2,2,0,3,3,3,4,3,2,2,2,4,0,3,3,4,3,4,3,4,3,3,2,2,3,3,4,3,3,0,0,3,3,2,2,4,3,2,2,2,2,2,2,3,3,3,3,2,2,2,2,2,2,3,3,2,2,3,3,2,2,4,1,2,2"
285,1.4395969901673968,"0,0,3,3,2,1,3,2,1,2,1,1,2,0,3,4,3,3,3,3,3,2,2,2,2,2,3,3,2,3,3,1,1,4,1,1,1,3,3,4,3,2,3,3,3,4,1,0,0,3,3,3,3,3,3,2,2,3,3,2,2,2,3,3,3,2,2,2,2,1,4,3,3,2,2,3,3,4,1,2,2,2,2,2,3,3,2,2,2,3,3,3,3,3,1,4,3,3,3,3,2,2,2,3,4,2,2,3,3,3,3,2,2,3,3,3,3,3,3,2,2,2,2,3,4,3,1,1,1,3,3,3,3,4,0,1,1,2,2,2,2,2,2,4,2,2,2,2,3,3,1,1,4,1,4,3,3,3,0,2,1,4,3,2,2,4,4,0,2,1,1,1,1,1,2,2,0,2,2,2,2,2,4,4,2,2,3,3,3,3,3,2,2,3,3,3,0,0,0,0,0,0,0,0,0,0,0,0,0,0,3,3,4,2,2,0,3,3,3,4,3,2,2,2,4,0,3,3,4,3,4,3,4,3,3,2,2,3,3,4,3,3,0,0,3,3,2,2,4,3,2,2,2,2,2,2,3,3,3,3,2,2,2,2,2,2,3,3,2,2,3,3,2,2,4,1,2,2"
286,1.4387379148251436,"0,0,3,3,2,1,3,2,1,2,1,1,2,0,3,4,3,3,3,3,3,2,2,2,2,2,3,3,2,3,3,1,1,4,1,1,1,3,3,4,3,2,3,3,3,4,1,0,0,3,3,3,3,3,3,2,2,3,3,2,2,2,3,3,3,2,2,2,2,4,1,3,3,2,2,3,3,4,1,2,2,2,1,2,3,3,2,2,2,3,3,3,3,3,1,4,3,3,3,3,2,2,2,3,4,2,2,3,3,3,3,2,2,3,3,3,3,3,3,2,2,2,2,3,4,3,1,1,1,3,3,3,3,4,0,1,1,2,2,2,2,2,2,4,2,2,2,2,3,3,1,1,4,1,4,3,3,3,0,2,1,4,3,2,2,4,4,0,2,1,1,1,1,1,2,2,0,2,2,2,2,2,4,4,2,2,3,3,3,3,3,2,2,3,3,3,0,0,0,0,0,0,0,0,0,0,0,0,0,0,3,3,4,2,2,0,3,3,3,4,3,2,2,2,4,0,3,3,4,3,4,3,4,3,3,2,2,3,3,4,3,3,0,0,3,3,2,2,4,3,2,2,2,2,2,2,3,3,3,3,2,2,2,2,2,2,3,3,2,2,3,3,2,2,4,1,2,2"
287,1.4393267656005329,"0,0,3,3,2,1,3,2,1,2,1,1,2,0,3,4,3,3,3,3,3,2,2,2,2,2,3,3,2,3,3,1,1,4,1,1,1,3,3,4,3,2,3,3,3,4,1,0,0,3,3,3,3,3,3,2,2,3,3,2,2,2,3,3,3,2,2,2,2,4,1,3,3,2,2,3,3,4,1,2,2,2,2,2,3,3,2,2,2,3,3,3,3,3,1,4,3,3,3,3,2,2,2,3,4,2,2,3,3,3,3,2,2,3,3,3,3,3,3,2,2,2,2,3,4,3,1,1,1,3,3,3,3,4,0,1,1,2,2,2,2,2,2,4,2,2,2,2,3,4,1,1,4,1,4,3,3,3,0,2,1,4,3,2,2,4,4,0,2,1,1,1,1,1,2,2,0,2,2,2,2,2,4,4,2,2,3,3,3,3,3,2,2,3,3,3,0,0,0,0,0,0,0,0,0,0,0,0,0,0,3,3,4,2,2,0,3,3,3,4,3,2,2,2,4,0,3,3,4,3,4,3,4,3,3,2,2,3,3,4,3,3,0,0,3,3,2,2,4,3,2,2,2,2,2,2,3,3,3,3,2,2,2,2,2,2,3,3,2,2,3,3,2,2,4,1,2,2"
288,1.4384164759776428,"0,0,3,3,2,1,3,2,1,2,1,1,2,0,3,4,3,3,3,3,3,2,2,2,2,2,3,3,2,3,3,1,1,4,1,1,1,3,3,4,3,2,3,3,3,4,1,0,0,3,3,3,3,3,3,2,2,3,3,2,2,2,3,3,3,2,2,2,2,4,1,3,3,2,2,3,3,4,1,2,2,2,2,2,3,3,2,2,2,3,3,3,3,3,1,4,3,3,3,3,2,2,2,3,4,2,2,3,3,3,3,2,2,3,3,3,3,3,3,2,2,2,2,3,4,3,1,1,1,3,3,3,3,4,0,1,1,2,2,2,2,2,2,4,2,2,2,2,3,4,1,1,4,1,4,3,3,3,0,2,1,4,3,2,2,4,4,0,2,1,1,1,1,1,2,2,0,2,2,1,2,2,4,4,2,2,3,3,3,3,3,2,2,3,3,3,0,0,0,0,0,0,0,0,0,0,0,0,0,0,3,3,4,2,2,0,3,3,3,4,3,2,2,2,4,0,2,3,4,3,4,3,4,3,3,2,2,3,3,4,3,3,0,0,3,3,2,2,4,3,2,2,2,2,2,2,3,3,3,3,2,2,2,2,2,2,3,3,2,2,3,3,2,2,4,1,2,2"
289,1.4386427443497054,"0,0,3,3,2,1,3,2,1,2,1,1,2,0,3,4,3,3,3,3,3,2,2,2,2,2,3,3,2,3,3,1,1,4,1,1,1,3,3,4,3,2,3,3,3,4,1,0,0,3,3,3,3,3,3,2,2,3,3,2,2,2,3,3,3,2,2,2,2,4,1,3,3,2,2,3,3,4,1,2,2,2,2,2,3,3,2,2,2,3,3,3,3,3,1,4,3,3,3,3,2,2,2,3,4,2,2,3,3,3,3,2,2,3,3,3,3,3,3,2,2,2,2,3,4,3,1,1,1,3,3,3,3,4,0,1,1,2,2,2,2,2,2,4,2,2,2,2,3,4,1,1,4,1,4,3,3,3,0,2,1,4,3,2,2,4,4,0,2,1,1,1,1,1,2,2,0,2,2,1,2,2,4,4,2,2,3,3,3,3,3,2,2,3,3,3,0,0,0,0,0,0,0,0,0,0,0,0,0,0,3,3,4,2,2,0,3,3,3,4,3,2,2,2,4,0,3,3,4,3,4,3,4,3,3,2,2,3,3,4,3,3,0,0,0,3,2,2,4,3,2,2,2,2,2,2,3,3,3,3,2,2,2,2,2,2,3,3,2,2,3,3,2,2,4,1,2,2"
290,1.4389257492291134,"0,0,3,3,2,1,3,2,1,2,1,1,2,0,3,1,3,3,3,3,3,2,2,2,2,2,3,3,2,3,3,1,1,4,1,1,1,3,3,4,3,2,3,3,3,4,1,0,0,3,3,3,3,3,3,2,2,3,3,2,2,2,3,3,3,2,2,2,2,4,1,3,3,2,2,3,3,4,1,2,2,2,2,2,3,3,2,2,2,3,3,3,3,3,1,4,3,3,3,3,2,2,2,3,4,2,2,3,3,3,3,2,2,3,3,3,3,3,3,2,2,2,2,3,4,3,1,1,1,3,3,3,3,4,0,1,1,2,2,2,2,2,2,4,2,2,2,2,3,4,1,1,4,1,4,3,3,3,0,2,1,4,3,2,2,4,4,0,2,1,1,1,1,1,2,2,0,2,2,1,2,2,4,4,2,2,3,3,3,3,3,2,2,3,3,3,0,0,0,0,0,0,0,0,0,0,0,0,0,0,3,3,4,2,2,0,3,3,3,4,3,2,2,2,4,0,3,3,4,3,4,3,4,3,3,2,2,3,3,4,3,3,0,0,3,3,2,2,4,3,2,2,2,2,2,2,3,3,3,3,2,2,2,2,2,2,3,3,2,2,3,3,2,2,4,1,2,2"
291,1.439672304041734,"0,0,3,3,2,4,3,2,1,2,1,1,2,0,3,1,3,3,3,3,3,2,2,2,2,2,3,3,2,3,3,1,1,4,1,1,1,3,3,4,3,2,3,3,3,4,1,0,0,3,3,3,3,3,3,2,2,3,3,2,2,2,3,3,3,2,2,2,2,4,1,3,3,2,2,3,3,4,1,2,2,2,2,2,3,3,2,2,2,3,3,3,3,3,1,4,3,3,3,3,2,2,2,3,4,2,2,3,3,3,3,2,2,3,3,3,3,3,3,2,2,2,2,3,4,3,1,1,1,3,3,3,3,4,0,1,1,2,2,2,2,2,2,4,2,2,2,2,3,3,1,1,4,1,4,3,3,3,0,2,1,4,3,2,2,4,4,0,2,1,1,1,1,1,2,2,0,2,2,2,2,2,4,4,2,2,3,3,3,3,3,2,2,3,3,3,0,0,0,0,0,0,0,0,0,0,0,0,0,0,3,3,4,2,2,0,3,3,3,4,3,2,2,2,4,0,3,3,4,3,4,3,4,3,3,2,2,3,3,4,3,3,0,0,3,3,2,2,4,3,2,2,2,2,2,2,3,3,3,3,2,2,2,2,2,2,3,3,2,2,3,3,2,2,4,1,2,2"
292,1.439672304041734,"0,0,3,3,2,4,3,2,1,2,1,1,2,0,3,1,3,3,3,3,3,2,2,2,2,2,3,3,2,3,3,1,1,4,1,1,1,3,3,4,3,2,3,3,3,4,1,0,0,3,3,3,3,3,3,2,2,3,3,2,2,2,3,3,3,2,2,2,2,4,1,3,3,2,2,3,3,4,1,2,2,2,2,2,3,3,2,2,2,3,3,3,3,3,1,4,3,3,3,3,2,2,2,3,4,2,2,3,3,3,3,2,2,3,3,3,3,3,3,2,2,2,2,3,4,3,1,1,1,3,3,3,3,4,0,1,1,2,2,2,2,2,2,4,2,2,2,2,3,3,1,1,4,1,4,3,3,3,0,2,1,4,3,2,2,4,4,0,2,1,1,1,1,1,2,2,0,2,2,2,2,2,4,4,2,2,3,3,3,3,3,2,2,3,3,3,0,0,0,0,0,0,0,0,0,0,0,0,0,0,3,3,4,2,2,0,3,3,3,4,3,2,2,2,4,0,3,3,4,3,4,3,4,3,3,2,2,3,3,4,3,3,0,0,3,3,2,2,4,3,2,2,2,2,2,2,3,3,3,3,2,2,2,2,2,2,3,3,2,2,3,3,2,2,4,1,2,2"
293,1.4391529662968188,"0,0,3,3,2,4,3,2,1,2,1,1,2,0,3,1,3,3,3,3,3,2,2,2,2,2,3,3,2,3,3,1,1,4,1,1,1,3,3,4,3,2,3,3,3,4,1,0,0,3,3,3,3,3,3,2,2,3,3,2,2,2,3,3,3,2,2,2,2,4,1,3,3,2,2,3,3,4,1,2,2,2,2,2,3,3,2,2,2,3,3,3,3,3,1,4,3,3,3,3,2,2,2,3,4,2,2,3,3,3,3,2,2,3,3,0,3,3,3,2,2,2,2,3,4,3,1,1,1,3,3,3,3,4,0,1,1,2,2,2,2,2,2,4,2,2,2,2,3,3,1,1,4,1,4,3,3,3,0,2,1,4,3,2,2,4,4,0,2,1,1,1,1,1,2,2,0,2,2,2,2,2,3,4,2,2,3,3,3,3,3,2,2,3,3,3,0,0,0,0,0,0,0,0,0,0,0,0,0,0,3,3,4,2,2,0,3,3,3,4,3,2,2,2,4,0,3,3,4,3,4,3,4,3,3,2,2,3,3,4,3,3,0,0,3,3,2,2,4,3,2,2,2,2,2,2,3,3,3,3,2,2,2,2,2,2,3,3,2,2,3,3,2,2,4,1,2,2"
294,1.4395000312772335,"0,0,3,3,2,4,3,2,1,2,1,1,2,0,3,1,3,3,3,3,3,2,2,2,2,2,3,3,2,3,3,1,1,4,1,1,1,3,3,4,3,2,3,3,3,4,1,0,0,3,3,3,3,3,3,2,2,3,3,2,2,2,3,3,3,2,2,2,2,4,1,3,3,2,2,3,3,4,1,2,2,2,2,2,3,3,2,2,2,3,3,3,3,3,1,4,3,3,3,3,2,2,2,3,4,2,2,3,3,3,3,2,2,3,3,3,3,3,3,2,2,2,2,3,4,3,1,1,1,3,3,3,3,4,0,1,1,2,2,2,2,2,2,4,2,2,2,2,3,3,1,1,4,4,4,3,3,3,0,2,1,4,3,2,2,4,4,0,2,1,1,1,1,1,2,2,0,2,2,2,2,2,4,4,2,2,3,3,3,3,3,2,2,3,3,3,0,0,0,0,0,0,0,0,0,0,0,0,0,0,3,3,4,2,2,0,3,3,3,4,3,2,2,2,4,0,3,3,4,3,4,3,4,3,3,2,2,3,3,4,3,3,0,0,3,3,2,2,4,3,2,2,2,2,2,2,3,3,3,3,2,2,2,2,2,2,3,3,2,2,3,3,2,2,4,1,2,2"
295,1.4394089466383917,"0,0,3,3,2,4,3,2,1,2,1,1,2,0,3,1,3,3,3,3,3,2,2,2,2,2,3,3,2,3,3,1,1,4,1,1,1,3,3,4,3,2,3,3,3,4,1,0,0,3,3,3,3,3,3,2,2,3,3,2,2,2,3,3,3,2,2,2,2,4,1,3,3,2,2,3,3,4,1,2,2,2,2,2,3,3,2,2,2,3,3,3,3,3,1,4,3,3,3,3,2,2,2,3,4,2,2,3,3,3,3,2,2,3,3,3,3,3,3,2,2,2,2,3,4,3,1,1,1,3,3,3,3,4,0,1,1,2,2,2,2,2,2,4,2,2,2,2,3,3,1,1,4,4,4,3,3,3,0,2,1,4,3,2,2,4,4,0,2,1,1,1,1,1,2,2,0,2,2,2,2,2,4,4,2,2,3,3,3,3,3,2,2,3,3,3,0,0,0,0,0,0,0,0,0,0,0,0,0,0,3,3,4,2,2,0,3,3,3,4,3,2,2,2,4,0,3,3,4,3,0,3,4,3,3,2,2,3,3,4,3,3,0,0,3,3,2,2,4,3,2,2,2,2,2,2,3,3,3,3,2,2,2,2,2,2,3,3,2,2,3,3,2,2,4,1,2,2"
296,1.4394089466383917,"0,0,3,3,2,4,3,2,1,2,1,1,2,0,3,1,3,3,3,3,3,2,2,2,2,2,3,3,2,3,3,1,1,4,1,1,1,3,3,4,3,2,3,3,3,4,1,0,0,3,3,3,3,3,3,2,2,3,3,2,2,2,3,3,3,2,2,2,2,4,1,3,3,2,2,3,3,4,1,2,2,2,2,2,3,3,2,2,2,3,3,3,3,3,1,4,3,3,3,3,2,2,2,3,4,2,2,3,3,3,3,2,2,3,3,3,3,3,3,2,2,2,2,3,4,3,1,1,1,3,3,3,3,4,0,1,1,2,2,2,2,2,2,4,2,2,2,2,3,3,1,1,4,4,4,3,3,3,0,2,1,4,3,2,2,4,4,0,2,1,1,1,1,1,2,2,0,2,2,2,2,2,4,4,2,2,3,3,3,3,3,2,2,3,3,3,0,0,0,0,0,0,0,0,0,0,0,0,0,0,3,3,4,2,2,0,3,3,3,4,3,2,2,2,4,0,3,3,4,3,0,3,4,3,3,2,2,3,3,4,3,3,0,0,3,3,2,2,4,3,2,2,2,2,2,2,3,3,3,3,2,2,2,2,2,2,3,3,2,2,3,3,2,2,4,1,2,2"
297,1.4395000312772335,"0,0,3,3,2,4,3,2,1,2,1,1,2,0,3,1,3,3,3,3,3,2,2,2,2,2,3,3,2,3,3,1,1,4,1,1,1,3,3,4,3,2,3,3,3,4,1,0,0,3,3,3,3,3,3,2,2,3,3,2,2,2,3,3,3,2,2,2,2,4,1,3,3,2,2,3,3,4,1,2,2,2,2,2,3,3,2,2,2,3,3,3,3,3,1,4,3,3,3,3,2,2,2,3,4,2,2,3,3,3,3,2,2,3,3,3,3,3,3,2,2,2,2,3,4,3,1,1,1,3,3,3,3,4,0,1,1,2,2,2,2,2,2,4,2,2,2,2,3,3,1,1,4,4,4,3,3,3,0,2,1,4,3,2,2,4,4,0,2,1,1,1,1,1,2,2,0,2,2,2,2,2,4,4,2,2,3,3,3,3,3,2,2,3,3,3,0,0,0,0,0,0,0,0,0,0,0,0,0,0,3,3,4,2,2,0,3,3,3,4,3,2,2,2,4,0,3,3,4,3,4,3,4,3,3,2,2,3,3,4,3,3,0,0,3,3,2,2,4,3,2,2,2,2,2,2,3,3,3,3,2,2,2,2,2,2,3,3,2,2,3,3,2,2,4,1,2,2"
298,1.4395000312772335,"0,0,3,3,2,4,3,2,1,2,1,1,2,0,3,1,3,3,3,3,3,2,2,2,2,2,3,3,2,3,3,1,1,4,1,1,1,3,3,4,3,2,3,3,3,4,1,0,0,3,3,3,3,3,3,2,2,3,3,2,2,2,3,3,3,2,2,2,2,4,1,3,3,2,2,3,3,4,1,2,2,2,2,2,3,3,2,2,2,3,3,3,3,3,1,4,3,3,3,3,2,2,2,3,4,2,2,3,3,3,3,2,2,3,3,3,3,3,3,2,2,2,2,3,4,3,1,1,1,3,3,3,3,4,0,1,1,2,2,2,2,2,2,4,2,2,2,2,3,3,1,1,4,4,4,3,3,3,0,2,1,4,3,2,2,4,4,0,2,1,1,1,1,1,2,2,0,2,2,2,2,2,4,4,2,2,3,3,3,3,3,2,2,3,3,3,0,0,0,0,0,0,0,0,0,0,0,0,0,0,3,3,4,2,2,0,3,3,3,4,3,2,2,2,4,0,3,3,4,3,4,3,4,3,3,2,2,3,3,4,3,3,0,0,3,3,2,2,4,3,2,2,2,2,2,2,3,3,3,3,2,2,2,2,2,2,3,3,2,2,3,3,2,2,4,1,2,2"
299,1.4396737068171435,"0,0,3,3,2,4,3,2,1,2,1,1,2,0,3,1,3,3,3,3,3,2,2,2,2,2,3,3,2,3,3,1,1,4,1,1,1,3,3,4,3,2,3,3,3,4,1,0,0,3,3,3,3,3,3,2,2,3,3,2,2,2,3,3,3,2,2,2,2,4,1,3,3,2,2,3,3,4,1,2,2,2,2,2,3,3,2,2,2,3,3,3,3,3,1,4,3,3,3,3,2,2,2,3,4,2,2,3,3,3,3,2,2,3,3,3,3,3,3,2,2,2,2,3,4,3,1,1,1,3,3,3,3,4,0,1,1,2,2,2,2,2,2,4,2,2,2,2,3,3,1,1,4,4,4,3,3,3,0,2,1,4,3,2,2,4,4,0,2,1,1,1,1,1,2,2,0,2,2,2,2,2,4,4,2,2,3,3,3,3,3,2,2,3,3,3,0,0,0,0,0,0,0,0,0,0,0,0,0,0,3,3,4,2,2,0,3,3,3,4,3,2,2,2,4,0,3,3,4,3,4,3,4,3,3,2,2,3,3,4,3,3,0,0,3,3,2,2,4,3,2,2,2,2,2,2,3,3,3,3,2,2,2,2,2,2,3,3,2,2,3,3,2,2,1,1,2,2"
