generation,best_fitness,mean_fitness,worst_fitness
0,1.001087936019145,0.9999292689342532,0.9991644457666428
1,1.0018064058599263,1.0000604506949566,0.9991652131010818
2,1.0027703844248745,1.0001659807477385,0.9988846587690211
3,1.0027703844248745,1.0003504498141647,0.9994104594037205
4,1.0027703844248745,1.000358535256755,0.9994147904120079
5,1.0027703844248745,1.0006731067993662,0.9990436152320051
6,1.0027703844248745,1.0008619748078573,0.9992005591304817
7,1.0031598417395429,1.001162009523801,0.9996275524235498
8,1.0032853899481367,1.0014892414611822,0.9995804148026847
9,1.00372500814457,1.0012603769071875,0.9994164129550902
10,1.00387805910638,1.0015672901160517,0.9992994325927025
11,1.004232824719794,1.0019828668009954,0.999572602104647
12,1.004752189764064,1.002428776656795,1.000375120233636
13,1.0047600788356927,1.0030324941661481,1.0009260757037315
14,1.0065303205853726,1.0034194968795567,1.001302640277811
15,1.0065303205853726,1.003780527245091,1.0014707564419765
16,1.0065303205853726,1.0038997485962242,1.001895460212008
17,1.0077504093647764,1.0041779818904417,1.0001401087472732
18,1.0077504093647764,1.0043669086859162,1.0005101676711865
19,1.008558394683499,1.0049314451471278,1.0005582396012036
20,1.0087772114610802,1.005140952480023,1.0024612461442988
21,1.0087772114610802,1.0057856577406332,1.002440323904489
22,1.0094278197819015,1.006366646366986,1.0039510397511542
23,1.0094564601048446,1.0071143620411385,1.0047325025460405
24,1.011805975055596,1.007737675110564,1.0030575387935716
25,1.011805975055596,1.0082879395555258,1.0044553744474571
26,1.0126379526184754,1.008135464266755,1.0043808320419205
27,1.0126379526184754,1.0084444820760257,1.0032396996891007
28,1.0129939032728164,1.0093021381484026,1.004434432020945
29,1.0130561720623397,1.0100475707533618,1.0062956874511593
30,1.0145674956155988,1.0111392489358506,1.0071700683700042
31,1.0145674956155988,1.0121003678217784,1.0085624685171912
32,1.0145674956155988,1.0122072499249652,1.0087191404603506
33,1.0145674956155988,1.0123356794580751,1.008251057500871
34,1.0145674956155988,1.0126957106265306,1.0090227346822909
35,1.0151708567492195,1.0131663413128071,1.0106930939941883
36,1.0151708567492195,1.0135464441590853,1.0082628187205147
37,1.0155799031866788,1.013694973712798,1.0103523488532906
38,1.0165015581580186,1.0142077326394514,1.0123512968017003
39,1.0165015581580186,1.0145999201848825,1.0106634191483552
40,1.0168749791112814,1.0147002256951847,1.0117580444134036
41,1.0168749791112814,1.0150240983121592,1.0126269498045646
42,1.0170831709262944,1.0155691652217194,1.0126634379015282
43,1.018345087851961,1.0158700252414712,1.013920793038853
44,1.018345087851961,1.0162132964063988,1.0138213585740008
45,1.0188994920011443,1.0166153028127918,1.014669064723772
46,1.0188994920011443,1.0171522738574965,1.0139421216185673
47,1.0195566899952695,1.0174771666998554,1.013232363369903
48,1.0195566899952695,1.0177248437366089,1.0136429897467183
49,1.0199534621554123,1.0176719381238224,1.0143590114891579
50,1.020343227552368,1.0175833244596992,1.0141431220834392
51,1.0211388987085668,1.0180374974461508,1.0141438568360215
52,1.021281491779782,1.018510864067636,1.0148116137882337
53,1.021353473670679,1.0189315290322276,1.0157869759311577
54,1.021753696443538,1.0194146622951137,1.0131045491057042
55,1.021753696443538,1.0198919676622047,1.0155304550655897
56,1.022190899587522,1.0202502252438062,1.0178713721598167
57,1.0236696979483493,1.0205330763867646,1.0162593830790612
58,1.0236696979483493,1.0208123298212564,1.017162359704494
59,1.0236696979483493,1.0204526004551893,1.0126371097501907
60,1.023755034700495,1.0209523496316883,1.017163041448758
61,1.0240281656270995,1.0214053912270138,1.0173997756116355
62,1.0248784831634654,1.0217708362431437,1.017977914644526
63,1.0257932131043739,1.0223455476207193,1.018309081833753
64,1.0262722454411044,1.0226716943621463,1.019233484445014
65,1.0270650701539057,1.0229799994834357,1.018522582759803
66,1.0270650701539057,1.023755134301544,1.0188889029891257
67,1.028262678356727,1.0245424233117895,1.020442395736636
68,1.028333838201984,1.0249143660107467,1.0199215862629123
69,1.028333838201984,1.0255966403405947,1.0197362135224948
70,1.028333838201984,1.025670405390174,1.0198851362948058
71,1.0285565207325917,1.0261624140157617,1.020551805128664
72,1.0291212693863327,1.026492786117586,1.01673725531501
73,1.0291212693863327,1.0267106302190558,1.0234627080467682
74,1.029548400282644,1.026596758079824,1.0187589773439427
75,1.0302106338278998,1.0265489608805467,1.0209797284230278
76,1.0302106338278998,1.0271378262176574,1.0210886785772786
77,1.0303173618514019,1.0275755653151932,1.023216005036858
78,1.0303173618514019,1.0280485456276025,1.0231756413973132
79,1.0303173618514019,1.0284431609696996,1.0249896205063977
80,1.0309051303590078,1.0286267645066032,1.024468860704896
81,1.0316598093373073,1.0288317836877534,1.0255168855722827
82,1.0316598093373073,1.0290334806709445,1.0250110981576577
83,1.0319287030475208,1.0290965180743714,1.023618961109476
84,1.0325852049681898,1.0293126594324626,1.0250578981670355
85,1.0325852049681898,1.0292628423018841,1.0204947710012136
86,1.0325852049681898,1.029101450797821,1.0221833881830729
87,1.0335730074262637,1.0297326394641686,1.0230732920066576
88,1.0335730074262637,1.0298421596903802,1.0237348982433552
89,1.0335730074262637,1.029752672498847,1.022904326512034
90,1.0342460846697166,1.0306794433147877,1.0234688981049558
91,1.0342460846697166,1.0310645390985744,1.0258037717882673
92,1.0342460846697166,1.0315790872900439,1.0276311497180708
93,1.0342460846697166,1.031948719347008,1.027351077967103
94,1.0343932827893028,1.0322390294333603,1.027302743781891
95,1.0346605948036645,1.0319185846319643,1.0211227111098067
96,1.0346605948036645,1.0312027443836143,1.022648775853118
97,1.0346605948036645,1.0307980390957108,1.0195584735444263
98,1.0346605948036645,1.0313420529071684,1.0245157181679234
99,1.0346605948036645,1.0319244628394921,1.0273519003721479
100,1.0346605948036645,1.032486746844213,1.0288785368290965
101,1.0349624732710534,1.0324867345700182,1.028901539076481
102,1.03518554778443,1.0332048563789895,1.0283812481990005
103,1.0353788705671694,1.0331730266711936,1.029538439210007
104,1.0353788705671694,1.0330851169807969,1.029253656086306
105,1.0353788705671694,1.0329568093456338,1.0227376362542528
106,1.0353788705671694,1.0326149016557573,1.028091830439847
107,1.0360270886003846,1.033313572942091,1.0262933801834846
108,1.0360270886003846,1.032987405488756,1.0286834869624824
109,1.0360270886003846,1.033392156782156,1.03032043034709
110,1.0360270886003846,1.033487168527558,1.0253259645932105
111,1.036368089069005,1.0336418932555789,1.0304722130937778
112,1.0367150602019497,1.0341044678243065,1.0278753358853183
113,1.0367150602019497,1.0339080736846258,1.0304139579391207
114,1.0367150602019497,1.0337321553983265,1.0278993514396682
115,1.0367150602019497,1.033907655366971,1.0284796730314198
116,1.0370068988391956,1.0347785849935207,1.0314852595718507
117,1.0378910949133813,1.034987621388633,1.0319617054914514
118,1.037941155565815,1.035150066569987,1.0312421627248387
119,1.037941155565815,1.0354707827414742,1.028687410525937
120,1.0387418351678521,1.035836292211595,1.0325828820808438
121,1.0387418351678521,1.0358361042133903,1.031790450260033
122,1.0387418351678521,1.0355784233502008,1.0291293737660303
123,1.039550306140381,1.03557127065744,1.0309453185582576
124,1.039550306140381,1.0353460284010036,1.0290304277977371
125,1.0396021314269714,1.03600089605875,1.0322112764247942
126,1.0396021314269714,1.0361839135464095,1.0304882301394775
127,1.0396021314269714,1.0365524723913495,1.0323265760808042
128,1.0403903188147403,1.0373138506049573,1.0314255458754755
129,1.0403903188147403,1.037374105894344,1.030594084245769
130,1.0416523979454455,1.0375918420398624,1.0292464219462323
131,1.0416523979454455,1.0379358292225824,1.0311025428165865
132,1.0428148092411855,1.0381310841275442,1.0335879069968663
133,1.0428148092411855,1.0385001443512603,1.034058973307514
134,1.0428148092411855,1.0393673415035358,1.0297560060966504
135,1.0428148092411855,1.0389058295816322,1.0161851683914078
136,1.0428148092411855,1.0390420558660636,1.0256911038816254
137,1.0428148092411855,1.0387878073553993,1.033015263902179
138,1.0433935514456687,1.0395425088586594,1.0344137002808518
139,1.0433935514456687,1.0395380451105778,1.0291013242264708
140,1.0433935514456687,1.0393838653338685,1.0256406229619057
141,1.0433935514456687,1.039561819639891,1.0296284547591088
142,1.0439394079585105,1.039400844754558,1.0299184139887128
143,1.0448395084687583,1.040193432450929,1.0314190607411624
144,1.0458699343425066,1.0406000689448056,1.0339508946879805
145,1.0458831360395768,1.0416717559693929,1.0374718728326895
146,1.046964281620335,1.042487384312742,1.0375678475320136
147,1.0472924990155623,1.042915214690179,1.0376442218806643
148,1.0484285852443715,1.0429072024598882,1.0357239864371377
149,1.0484285852443715,1.0427722797578989,1.0330818979060905
150,1.0484285852443715,1.0431077352040705,1.0379593526746698
151,1.0490695630140654,1.0422106683644774,1.0347324169061092
152,1.0490695630140654,1.043357501654575,1.0342398736417726
153,1.0490695630140654,1.0447189210742045,1.0341523728302615
154,1.0500415806899934,1.0448906881599853,1.0336612159457594
155,1.0500415806899934,1.0452641090260333,1.0378763677408496
156,1.0500415806899934,1.0448084099321713,1.0357506043665166
157,1.0500415806899934,1.0457916116880441,1.0354133247211048
158,1.0504175338241584,1.045398919783694,1.0342263469587407
159,1.0504558060550249,1.0451513135495687,1.0304180217939456
160,1.0520562518307415,1.0464861190437995,1.038908108002349
161,1.0520562518307415,1.0474142212583093,1.0411248233501502
162,1.0520562518307415,1.0473931167260913,1.0373867770894944
163,1.0520562518307415,1.046998986086112,1.0294999095696449
164,1.0520562518307415,1.0468361178988956,1.0364327760406404
165,1.0527024703458026,1.0476154592746605,1.039461782792602
166,1.0529412178324755,1.0481775776297806,1.0379500101098884
167,1.0529412178324755,1.049432005977573,1.0427152877457233
168,1.0529412178324755,1.0501684754522171,1.0421039395767902
169,1.0529412178324755,1.0511165551454738,1.045892064571282
170,1.0529412178324755,1.0511535869664,1.0487508592663148
171,1.0534481739062906,1.0513983207158253,1.0479870826325195
172,1.0534481739062906,1.0513123557634885,1.044320159418699
173,1.0534481739062906,1.0512748743658098,1.0469135443471091
174,1.0534481739062906,1.0512452929259957,1.0470213331963485
175,1.0534607964931777,1.0514475974816018,1.0476484867123073
176,1.0534607964931777,1.0516805226851875,1.0480383139913627
177,1.0536783015102553,1.0518403080501877,1.0427285748120825
178,1.0540061859097856,1.0513475673885968,1.0340100818273312
179,1.0540061859097856,1.0511404826344022,1.0433084597997988
180,1.0542314203165346,1.0517369884263568,1.0413270585962264
181,1.0542314203165346,1.0518234836587863,1.0471569635764806
182,1.0542314203165346,1.0520394229780337,1.0465752952792302
183,1.0542314203165346,1.05215863276465,1.0436148320305698
184,1.0544207441915108,1.0518569807713603,1.0473139204689035
185,1.0544207441915108,1.0519206439038968,1.042058265798988
186,1.0544207441915108,1.0516372966927319,1.0422600880846336
187,1.0544207441915108,1.0524722537492313,1.048233187806089
188,1.0544207441915108,1.0528185360384632,1.0477275838414521
189,1.0544207441915108,1.053347888650587,1.0505410998574929
190,1.0547655349987333,1.0533081804339264,1.0451655114599703
191,1.0547655349987333,1.0532810173394838,1.0496330415135569
192,1.0547655349987333,1.0535215250524208,1.0495527581873667
193,1.055301014000941,1.0534928154791745,1.0483743953480318
194,1.055301014000941,1.0532662119634926,1.0424085914413812
195,1.055301014000941,1.0531122954228964,1.045037470522724
196,1.055301014000941,1.0526680299869664,1.0418346089847028
197,1.056920351219141,1.0530601592392879,1.048849044157576
198,1.056920351219141,1.0526301180510511,1.0420532242548526
199,1.056920351219141,1.0520661618917655,1.0442640675578496
200,1.056920351219141,1.0521941477273542,1.043872404117588
201,1.056920351219141,1.0521082509873023,1.0407746178200474
202,1.056958686381875,1.0534147564773129,1.0466515321791403
203,1.0576833297492387,1.0540692621298116,1.0492264908885636
204,1.0576833297492387,1.054185167205753,1.048882043473865
205,1.0582178190836333,1.055035415079645,1.049707515102169
206,1.0582178190836333,1.055079478521134,1.050986039342218
207,1.0582178190836333,1.0548569729290893,1.0463922358867441
208,1.0582178190836333,1.0548795202663928,1.0498908409056311
209,1.0582178190836333,1.0545806765829235,1.0441538566971218
210,1.0582178190836333,1.0530727921875502,1.0337149081824037
211,1.0582178190836333,1.0521780834201158,1.0146445364945322
212,1.0582178190836333,1.0511720105450681,1.0382011609672706
213,1.0582178190836333,1.0510188810434244,1.035072150445039
214,1.0582178190836333,1.05141280140484,1.039605944406636
215,1.0582178190836333,1.0522863108144693,1.0379217266899832
216,1.0582178190836333,1.052992125465305,1.042511238148455
217,1.0582178190836333,1.0541620611715847,1.043856550661854
218,1.0585199197401045,1.0554360679843477,1.0461491847222464
219,1.0585199197401045,1.0560959457502284,1.0489192862320427
220,1.0585199197401045,1.0558380701445476,1.0487282301696044
221,1.0585199197401045,1.0561508466585596,1.0536115867956983
222,1.0585199197401045,1.0558532093502613,1.0438207617805908
223,1.0585199197401045,1.0556671892812826,1.0433693856021604
224,1.0585245536974783,1.0555403215070296,1.0459666976490931
225,1.0585245536974783,1.0545284019676664,1.0432521525012866
226,1.0585245536974783,1.0542052203154548,1.0438849012160711
227,1.0585245536974783,1.0534407979459455,1.042680282154365
228,1.0585245536974783,1.052796766226893,1.031358511196788
229,1.0585245536974783,1.0530215593767875,1.0271690522534416
230,1.0585245536974783,1.0525360860779354,1.0394350849451408
231,1.059088042512936,1.053952264641201,1.0414592845123276
232,1.059088042512936,1.0543367544261222,1.044465142498563
233,1.059088042512936,1.0548928212455062,1.0425924035016205
234,1.059088042512936,1.054673604982272,1.0320809888560007
235,1.059263704180029,1.0551087652723887,1.0449373360542515
236,1.059263704180029,1.0555144705160993,1.0453107339375154
237,1.059263704180029,1.0558878045602702,1.0491198395022332
238,1.059263704180029,1.056172707242428,1.0494103343668975
239,1.059263704180029,1.0565468151340334,1.0490102164433726
240,1.059263704180029,1.0569074713003446,1.0517461979953173
241,1.0595095268736392,1.0573049079928718,1.0524119447546392
242,1.0595095268736392,1.0568389928469042,1.0520631028443432
243,1.0595095268736392,1.0573361651088253,1.0539503376479584
244,1.0595095268736392,1.0574168710107705,1.053257319760459
245,1.0596947008982278,1.0573696710965308,1.0524778082060045
246,1.0597031393145662,1.0573618461462748,1.0486702562423884
247,1.0597031393145662,1.0573582547406566,1.0536392917848598
248,1.0597031393145662,1.0571250200289717,1.047109418117696
249,1.0598793149396004,1.0563858323523574,1.04684629903922
250,1.0598793149396004,1.0556361956685718,1.0385546488896917
251,1.0599978917039605,1.056394064169781,1.0492631860089958
252,1.0599978917039605,1.0561916224527557,1.0468129674111188
253,1.0599978917039605,1.0567965177775995,1.0428887366485036
254,1.0599978917039605,1.0579125506856168,1.051628162812813
255,1.0599978917039605,1.0578985417857993,1.051848699266185
256,1.0599978917039605,1.0584347613084992,1.0534665985841798
257,1.0599978917039605,1.0575798222280468,1.050909483238093
258,1.0599978917039605,1.0577523554291393,1.0441411357802428
259,1.0602112719874657,1.0583554477546722,1.054424205426818
260,1.0602112719874657,1.0583585135316929,1.0524671680062512
261,1.060419252477124,1.0583116352380924,1.053977251447615
262,1.0611104994241438,1.0585159114502194,1.0493125845227964
263,1.0611104994241438,1.0589936955694452,1.0546339416047368
264,1.0611104994241438,1.058681557401361,1.0520612744811473
265,1.0611800608483282,1.0584093987689323,1.0508071207496537
266,1.0611800608483282,1.058050609130555,1.0501033039623753
267,1.0615583694731465,1.0581290813234632,1.0490234203361322
268,1.0615583694731465,1.0578624506753365,1.042634227620303
269,1.0615583694731465,1.0579849562225068,1.052999494820823
270,1.0619284195606287,1.0589325816231763,1.0539842470484169
271,1.0619284195606287,1.0594483336211409,1.055723075826794
272,1.0621677913431486,1.060002801131852,1.052437169085575
273,1.0621677913431486,1.059783755380103,1.0524929239447398
274,1.0621677913431486,1.0601187881345657,1.0550929687046273
275,1.0623296041800467,1.060263606455142,1.056362882001976
276,1.0626778400500245,1.0603758063588007,1.0462043436806188
277,1.0626778400500245,1.0606580881498153,1.053319319109181
278,1.0626778400500245,1.0606637558733176,1.0557183783972162
279,1.0627567568615752,1.061012513431859,1.0576379346790072
280,1.06310631598859,1.0608601479049278,1.0572327799042043
281,1.063466847264917,1.0605452726365352,1.0561662104469347
282,1.063684701453328,1.060943454612519,1.0567607793057714
283,1.0638590587750238,1.0613146226911785,1.0576138945793898
284,1.0638590587750238,1.0611525881350308,1.0568552345359419
285,1.0638590587750238,1.0608521261733541,1.0560146282417175
286,1.0638590587750238,1.0606532257135266,1.048860866025696
287,1.0638590587750238,1.0600889833012106,1.0440133391434951
288,1.0638590587750238,1.0592780912593318,1.0439126847386475
289,1.0638590587750238,1.0589462671580032,1.0408486708120592
290,1.0638590587750238,1.0609374170378194,1.0418197746108553
291,1.0641389553384375,1.0601164139839456,1.0422726676978975
292,1.0641389553384375,1.0603057465203518,1.0492843655477668
293,1.0641389553384375,1.0593070993691036,1.0388335809906497
294,1.0641389553384375,1.0593683901400093,1.0457171530128533
295,1.0641389553384375,1.0607327587072404,1.0547099932781419
296,1.0641389553384375,1.0608504031878032,1.051280890559001
297,1.0641389553384375,1.061714921823655,1.0540330977632926
298,1.0644807420794185,1.0622887666024912,1.0567006370647023
299,1.0644807420794185,1.0623846577785567,1.0579117846932102
300,1.0644807420794185,1.0625581053976143,1.0588029773231882
301,1.064716980780933,1.0622194476549438,1.052066115321102
302,1.064716980780933,1.0620887219479482,1.053945728300214
303,1.064716980780933,1.0614757792064151,1.0524612037101924
304,1.064716980780933,1.0615540558395113,1.054947813010469
305,1.064716980780933,1.0618871165277586,1.0571949215883194
306,1.0648012786926717,1.0619441758629573,1.0557646051943468
307,1.0648297209075455,1.0617264013340502,1.0558173544707268
308,1.0648297209075455,1.062128719006899,1.0565228731707883
309,1.0648297209075455,1.0627366966636038,1.0570850981125814
310,1.0648297209075455,1.0622554229226828,1.0423985627417656
311,1.0648297209075455,1.0619106788375663,1.0516440887293055
312,1.0648297209075455,1.0618346288849816,1.052930331813566
313,1.0648297209075455,1.061717441591865,1.0451535566842636
314,1.0648297209075455,1.0614490782647783,1.040781690542192
315,1.0648297209075455,1.062160929825533,1.0562981441460955
316,1.0648297209075455,1.0617755637443813,1.049542472036848
317,1.0648297209075455,1.0621984684422712,1.0541129061020198
318,1.0648297209075455,1.0623801937155446,1.0556251765115197
319,1.0648297209075455,1.0627300110160112,1.0592131438131753
320,1.0649576880298939,1.0626426068821615,1.0519355804889656
321,1.0649576880298939,1.0628239909262285,1.0568276778632828
322,1.0649576880298939,1.06283928133998,1.0546006299920934
323,1.0649576880298939,1.0624124692213588,1.051418635531585
324,1.0650123385804995,1.0616568020293418,1.045482961763385
325,1.0650123385804995,1.0615665612571827,1.0480114947783075
326,1.0652667589569815,1.0605586439886023,1.0409451238027108
327,1.0652667589569815,1.060993460424928,1.0505886536948528
328,1.0652667589569815,1.061154986397102,1.0423231885701796
329,1.0652667589569815,1.0611919973977475,1.045138386616442
330,1.0652667589569815,1.0619135202643504,1.0566339976733519
331,1.0652667589569815,1.0621454218286062,1.0583446385891315
332,1.0654041313619895,1.0623167116954293,1.0567544796749127
333,1.0654041313619895,1.0624384346629754,1.0567068868534255
334,1.0654041313619895,1.0623136620734766,1.0570763953299964
335,1.0654041313619895,1.062279634568968,1.0568467152123917
336,1.0654041313619895,1.0624104590200136,1.0533643229678804
337,1.0654041313619895,1.0632908584920913,1.0570027746024926
338,1.065429096952401,1.0634854522120767,1.0547062442499355
339,1.065429096952401,1.063087453620569,1.057849804709859
340,1.065429096952401,1.0635678322473263,1.055172311408969
341,1.065429096952401,1.0624009274502726,1.0457873321837
342,1.0658676374122784,1.0624275408378379,1.0493235840554775
343,1.0658676374122784,1.063221828915153,1.0581302470474176
344,1.0658676374122784,1.0637656859904654,1.0592275838882192
345,1.0658676374122784,1.0638142140641373,1.0584562660165533
346,1.0658676374122784,1.0637342201293114,1.0570063915575132
347,1.0658676374122784,1.0637141459635522,1.0584276768064993
348,1.0658676374122784,1.0633775999740762,1.059037649469155
349,1.0658676374122784,1.0635157219898115,1.0535950133661602
350,1.0658676374122784,1.0638795668302294,1.0591050926609462
351,1.0658676374122784,1.0645022644166036,1.058295727213587
352,1.0658676374122784,1.0645819913312715,1.0620830890455828
353,1.066022462392256,1.0642971001689931,1.0609221639083481
354,1.066022462392256,1.0641776071295774,1.0570018239718741
355,1.066022462392256,1.0640174909989772,1.0603879171455244
356,1.066037920927152,1.0638411855960108,1.0561294807512085
357,1.066318366692589,1.063386794776561,1.0490563798211674
358,1.066318366692589,1.0634292518625648,1.0588896631248337
359,1.066318366692589,1.0642187383568846,1.055700848266992
360,1.066318366692589,1.0643241784165822,1.0606858921099418
361,1.066318366692589,1.0637367874463604,1.0492692297062587
362,1.066318366692589,1.0630850779292222,1.0455025453446192
363,1.066318366692589,1.0628639314076453,1.0429383015469433
364,1.066318366692589,1.0631702239811585,1.0506908499637393
365,1.066318366692589,1.0634035141335136,1.0502701659056437
366,1.0664923768776071,1.062879979786614,1.0529942098872542
367,1.0664923768776071,1.06293747132629,1.0545110978985002
368,1.0664923768776071,1.06367163928033,1.0580699676551082
369,1.0664923768776071,1.0635666043281287,1.0564543330013931
370,1.0670517449684864,1.0637848661025675,1.0570343765954013
371,1.0670517449684864,1.0639592700729896,1.058717367694802
372,1.0670517449684864,1.0638864383912832,1.0592471509677033
373,1.0670517449684864,1.0639655173306055,1.0572628878050288
374,1.0670517449684864,1.064447929239491,1.059375208726847
375,1.0670517449684864,1.0643789247789248,1.059312648611594
376,1.0670517449684864,1.0645382018245595,1.0597305028287405
377,1.0670517449684864,1.065329311950772,1.0614479749116772
378,1.0671532678415134,1.0647509505252208,1.0589397722195346
379,1.0671532678415134,1.0650466171710067,1.0597399489877788
380,1.0671532678415134,1.0651856556035275,1.0594355261436301
381,1.0671532678415134,1.065474724795878,1.0571958738296416
382,1.0671532678415134,1.0650864622337264,1.0596557629539927
383,1.0672292876900547,1.065184830854434,1.059610604134069
384,1.0672292876900547,1.0649429591476498,1.0537230313467132
385,1.0672292876900547,1.0646608554144832,1.058470340772036
386,1.0672292876900547,1.0651289338701568,1.0587866523802096
387,1.0672292876900547,1.064927233193778,1.060175034701501
388,1.067239970379612,1.065085838628861,1.059673610272644
389,1.0673473043834152,1.0654247490682096,1.0598649468892238
390,1.0675152539311714,1.0656261924852022,1.061858165955477
391,1.0675152539311714,1.0657820194834935,1.0612469697326266
392,1.0675152539311714,1.0655583828113888,1.0600428718748824
393,1.0675152539311714,1.0654468769415164,1.0622884979304008
394,1.0675152539311714,1.0645997626765915,1.0548009055921854
395,1.0675152539311714,1.0644222017651488,1.0568722151111916
396,1.0675152539311714,1.064867676886888,1.0573735063925453
397,1.0677574136705197,1.0646968797195546,1.0546790209546597
398,1.0677574136705197,1.065292620736957,1.0566671923701727
399,1.0677574136705197,1.0650771114846878,1.0599131893118199
400,1.0677574136705197,1.0651245106065432,1.059349296432559
401,1.0677574136705197,1.0653032727182354,1.0552431966755118
402,1.0677574136705197,1.0650605456252582,1.056947862788485
403,1.0677574136705197,1.0649028091154444,1.0508330132027894
404,1.0677574136705197,1.0632031703756555,1.0483803822216595
405,1.0677574136705197,1.0628000843351273,1.0475070919313807
406,1.0680261793953754,1.0628242649185067,1.0474469256061538
407,1.0680261793953754,1.063095689463101,1.0514295259075348
408,1.0680261793953754,1.063590821148614,1.0522656581913727
409,1.0680720569749826,1.064409075717184,1.053666903832681
410,1.0680720569749826,1.0644640665455734,1.0577097486520688
411,1.0682057805356229,1.064802022777021,1.0578117122638424
412,1.0682057805356229,1.064502339212286,1.0539665976628734
413,1.0682057805356229,1.0638480870476033,1.048241498129094
414,1.0682057805356229,1.063543655054109,1.0536534163791835
415,1.0682057805356229,1.0641464314758318,1.055304645062984
416,1.0682057805356229,1.0637074209717032,1.0494757626928937
417,1.0682057805356229,1.0629662236400446,1.0422523012595026
418,1.0682057805356229,1.0630905187966728,1.0548720754818057
419,1.0682057805356229,1.062804264304826,1.0468222145413442
420,1.0683433972540481,1.0628179602936765,1.0500782609094523
421,1.0683433972540481,1.0634537454131339,1.0462496809354505
422,1.068380846245138,1.0630777605181212,1.0524704639382236
423,1.068380846245138,1.0636471165746375,1.0484278654797219
424,1.068380846245138,1.063709414826205,1.0518098023050326
425,1.068380846245138,1.0644589282384105,1.0593877288820612
426,1.068380846245138,1.0643756248782823,1.0580758511795973
427,1.068380846245138,1.0643036956503622,1.0546019917253746
428,1.068380846245138,1.0634198454037245,1.0546274692906403
429,1.068380846245138,1.0642262311205488,1.053604746401776
430,1.068380846245138,1.0642574710937298,1.0574252390081038
431,1.068380846245138,1.0640324586390761,1.056907629950828
432,1.068380846245138,1.0645866634139984,1.0550368595952078
433,1.068380846245138,1.0656424478285522,1.0582146289755954
434,1.068380846245138,1.065748510884205,1.056400927390399
435,1.068380846245138,1.0653360462415116,1.053348254476991
436,1.068380846245138,1.0654007351661712,1.058706562907826
437,1.068380846245138,1.0658046150436065,1.051652738851533
438,1.068380846245138,1.0651130976940797,1.0557552263838497
439,1.0685786128060542,1.0656851832874943,1.0596403501330514
440,1.068736578897652,1.0659011626147517,1.0589405205575595
441,1.068736578897652,1.065538384159243,1.0546034626977077
442,1.068736578897652,1.06483823991312,1.0585148925692687
443,1.068736578897652,1.0648416147076092,1.052300484007298
444,1.068736578897652,1.0645314470733058,1.0558510925572957
445,1.068736578897652,1.0646670853119695,1.0582859562641487
446,1.068736578897652,1.065461129409373,1.0543319704049992
447,1.068736578897652,1.06542495379498,1.0604129235492954
448,1.068736578897652,1.065641613242899,1.0581009268082298
449,1.068736578897652,1.0653869866825918,1.0447688463402254
450,1.068736578897652,1.0647321498706313,1.044503234356195
451,1.0690387190388182,1.0655320134759823,1.0523349351119977
452,1.0690387190388182,1.0656138729968707,1.0505074175790785
453,1.0690387190388182,1.065735205755155,1.0585028231307496
454,1.0690387190388182,1.065802356748062,1.0576052377813911
455,1.0690387190388182,1.0653036739115849,1.059475109905716
456,1.0690812404351724,1.065690970869284,1.0565026250864369
457,1.0690812404351724,1.0648253596762411,1.0420245830434718
458,1.0690812404351724,1.063302832005237,1.034753450087694
459,1.0690812404351724,1.0639213985186773,1.0469680803592922
460,1.0690812404351724,1.0633894834729487,1.0396724632356515
461,1.0690812404351724,1.0637385381070568,1.042840354033923
462,1.0690812404351724,1.0627462863532606,1.035704041570061
463,1.0690812404351724,1.0631270907743455,1.0525585800423203
464,1.0690812404351724,1.0633735789898449,1.0411487623686368
465,1.0690812404351724,1.0622991316176535,1.0455932172357558
466,1.0690812404351724,1.0619779651627865,1.052235577907708
467,1.0690812404351724,1.062744510780633,1.049313775564038
468,1.0690812404351724,1.063989518209438,1.0544058702340329
469,1.0690812404351724,1.0646537006926469,1.0535108870709058
470,1.0690812404351724,1.0640130287477298,1.0447959903261568
471,1.0692592396240161,1.064503482482158,1.0528882424713506
472,1.0692592396240161,1.064751612769064,1.0521476506875862
473,1.0692592396240161,1.0641823081711415,1.0548674556420905
474,1.0692592396240161,1.0651693441786059,1.0529567817831267
475,1.0692592396240161,1.0651819026865916,1.0579212587423776
476,1.0692592396240161,1.065082618007311,1.0555094545369876
477,1.06937664366493,1.0654629823782116,1.0580129600547232
478,1.06937664366493,1.0653007686820606,1.0567636131827332
479,1.069410551345913,1.0661775627243604,1.0603806647190899
480,1.069410551345913,1.0656653303676153,1.0573182474001532
481,1.069410551345913,1.064762547210955,1.0432720463237024
482,1.069410551345913,1.0643452050628264,1.0527686948206947
483,1.069410551345913,1.0652133848157066,1.0573080971198388
484,1.069410551345913,1.0648257170006297,1.0596708271984534
485,1.069410551345913,1.0646915745256305,1.0529394231108173
486,1.069410551345913,1.0640524300382967,1.0526632655041266
487,1.069410551345913,1.0641759836764502,1.054010904509508
488,1.069410551345913,1.0641407188262473,1.0553349186088288
489,1.069410551345913,1.064424102448602,1.056828557872365
490,1.069410551345913,1.064631889530376,1.0589652165294547
491,1.069410551345913,1.0648720686388875,1.056643477420669
492,1.069410551345913,1.0649702415032012,1.0519410258478148
493,1.069410551345913,1.0656123761456366,1.0568503550979798
494,1.069410551345913,1.066076122847261,1.0581199784628703
495,1.069410551345913,1.065692852951294,1.0496920382017851
496,1.0694333052568976,1.0650414135774857,1.0548062666704658
497,1.0694333052568976,1.0642891113855428,1.0470612217480797
498,1.0694333052568976,1.0633047448472768,1.0480269139576421
499,1.0694333052568976,1.0633097276616905,1.0532166212780285
500,1.0694333052568976,1.062718112266064,1.055141520410947
501,1.0694333052568976,1.0638583899309733,1.0545188290505207
502,1.0694333052568976,1.0655076957417398,1.0532289854663885
503,1.0694333052568976,1.064770303791548,1.054263275955177
504,1.0694333052568976,1.0639889106788813,1.048924871011305
505,1.0694333052568976,1.0646790082332975,1.0506101719046765
506,1.0694333052568976,1.0642583248168291,1.0573508957441358
507,1.0694333052568976,1.0646502444023034,1.0549212196537479
508,1.0694333052568976,1.064230363645964,1.056855747782246
509,1.0694333052568976,1.0652843830038632,1.0510301059107823
510,1.0694333052568976,1.0657051472153936,1.0600269163272877
511,1.0694333052568976,1.0653613912156918,1.0475562744228042
512,1.0694333052568976,1.0640988302208354,1.0443238820989786
513,1.0694333052568976,1.0651031740637287,1.0544796090230721
514,1.0694333052568976,1.0640702483620672,1.0482520470580519
515,1.0694333052568976,1.0653011127833767,1.0482996544876082
516,1.0694333052568976,1.065176393889048,1.0588048547823696
517,1.0694333052568976,1.0654252915740963,1.0579709916838593
518,1.0694333052568976,1.0641332542563555,1.0528046858036006
519,1.0694333052568976,1.0640953596996474,1.0465011915166835
520,1.0694333052568976,1.064765056464896,1.0546239862815985
521,1.0694333052568976,1.06497663836679,1.0445476599659456
522,1.0694333052568976,1.064974380717922,1.052762952222702
523,1.0694333052568976,1.0656710192937018,1.0577228206409512
524,1.0694333052568976,1.0654958804980195,1.0571844556173002
525,1.0696744882473446,1.065507921489033,1.0574651904820551
526,1.0696744882473446,1.065841148009526,1.0499442074401837
527,1.0696744882473446,1.0655409738558597,1.0596388524343987
528,1.0696744882473446,1.0661057181223832,1.0552774623633643
529,1.0696744882473446,1.0662739392874916,1.0564173529299978
530,1.0696744882473446,1.066500127897482,1.0574447433075451
531,1.0696744882473446,1.0660694736683565,1.0566390268408234
532,1.0696744882473446,1.0664102799963837,1.0565429820513599
533,1.0696744882473446,1.0661537833677692,1.0579644120477407
534,1.0696744882473446,1.0666479573583123,1.0602895280388174
535,1.0696744882473446,1.0666930335368938,1.0558119617365715
536,1.0696744882473446,1.0677598137860884,1.0612100500394805
537,1.0696744882473446,1.068002727127515,1.0622134430340302
538,1.0696744882473446,1.0678204991559839,1.0587754088801238
539,1.0701669179173061,1.067731122277439,1.0588275031501833
540,1.0701669179173061,1.06793849852563,1.061103281772137
541,1.0701669179173061,1.067990252921547,1.060401760074107
542,1.0701669179173061,1.0679088858930965,1.0601200673277607
543,1.0701669179173061,1.0674262852021328,1.0583771811721503
544,1.0702664225392842,1.0678395633401323,1.0608879212498157
545,1.0702664225392842,1.0675387404338736,1.06019694187205
546,1.0702664225392842,1.0675343240442852,1.0628006670028334
547,1.0704585978995458,1.0672916856332284,1.0583206440873587
548,1.0704585978995458,1.0680820610833859,1.0624879546910195
549,1.0704585978995458,1.0683512999566356,1.0653925838507823
550,1.0704585978995458,1.0681104196324676,1.0617894985784813
551,1.0704585978995458,1.0675193703410084,1.0567355548306785
552,1.0705697769340843,1.0668173813539479,1.0553476282953458
553,1.0705697769340843,1.0667651417568367,1.0570186416702743
554,1.0705697769340843,1.066968234880203,1.0543798237582187
555,1.0705697769340843,1.0668913731529794,1.0542790007479248
556,1.0705697769340843,1.0670896038887414,1.0576731597020983
557,1.0705697769340843,1.068038363839945,1.0611870335667097
558,1.0705697769340843,1.0682320777415555,1.0615449067598526
559,1.0705697769340843,1.0686029989802872,1.063579189782045
560,1.0705697769340843,1.0685616995338334,1.05773318310903
561,1.0705697769340843,1.068259423991245,1.0592208439110904
562,1.0705697769340843,1.0677014949606087,1.0621158560616322
563,1.0705697769340843,1.0677117270704206,1.048949877946659
564,1.0705697769340843,1.0673627800883434,1.060389705893913
565,1.0705697769340843,1.0673224229143892,1.0598318967861249
566,1.0705697769340843,1.0674572374116709,1.0566000074412325
567,1.0707795115985244,1.0676036752473095,1.0581995053746596
568,1.0707795115985244,1.0676384256127809,1.0613198949802451
569,1.0707795115985244,1.0672264896701593,1.0508843099109342
570,1.0707795115985244,1.067338069246066,1.0545273449931578
571,1.0707795115985244,1.067738399390947,1.0619864431495056
572,1.0707795115985244,1.067991210835291,1.0616303760977797
573,1.0707795115985244,1.0680720182349412,1.063629081875125
574,1.0707795115985244,1.0682687687008237,1.060026281387057
575,1.0707795115985244,1.067979977358067,1.0616156149796951
576,1.0707795115985244,1.0679532288541094,1.0572808845332666
577,1.0707795115985244,1.068108649636727,1.060461858554007
578,1.0707795115985244,1.0686153920235284,1.0633804889925802
579,1.0707795115985244,1.0687870333396063,1.0625121457173652
580,1.0707795115985244,1.0682434329021773,1.0633950444420486
581,1.0707795115985244,1.0682302891961353,1.0584288597050056
582,1.0707795115985244,1.067939421984713,1.0595018068540607
583,1.0707795115985244,1.0670605813773597,1.0573906438109724
584,1.0707795115985244,1.0668837122367192,1.0504915146221663
585,1.0707795115985244,1.0670597955840855,1.0613959745885015
586,1.0707795115985244,1.0675844055543378,1.0577019992196508
587,1.0707795115985244,1.0671945028672738,1.0530981103498755
588,1.0707795115985244,1.0675785107296343,1.0603820413437384
589,1.0707795115985244,1.06764739551285,1.060388197050589
590,1.0707795115985244,1.0685626857149295,1.0595974341099332
591,1.0707795115985244,1.0675694075846958,1.0603486935572555
592,1.0708463687035747,1.0679064243126672,1.0606816113077566
593,1.0710486727051896,1.0679480067986362,1.0605659944741432
594,1.0710486727051896,1.0674190657269476,1.0595636416282006
595,1.0710486727051896,1.066447282896538,1.05454855387457
596,1.0710486727051896,1.0669405518283452,1.0516400838076732
597,1.0710486727051896,1.066967289389458,1.0578572076256902
598,1.0710486727051896,1.0677932453208405,1.0589493699515584
599,1.0710486727051896,1.0676961314441893,1.0612008732000244
600,1.0713905018663197,1.0676691778026375,1.060677906671701
601,1.0713905018663197,1.0682912686383452,1.0551741897770643
602,1.0713905018663197,1.0685920779370472,1.0605927133265636
603,1.0713905018663197,1.068877772077625,1.0584211156313414
604,1.0713905018663197,1.0689820385160902,1.0611177319694454
605,1.0713905018663197,1.06894400321057,1.062812796166644
606,1.0713905018663197,1.068304808097946,1.062155926571633
607,1.0713905018663197,1.0679990200678946,1.0590500897962931
608,1.0713905018663197,1.068040357818813,1.0537698636070418
609,1.0713905018663197,1.0690616086181386,1.0632813306839544
610,1.0713905018663197,1.0690677786103198,1.062573115428434
611,1.0713905018663197,1.0687322702640785,1.0650155350216908
612,1.0713905018663197,1.0688586681986707,1.0650988793704261
613,1.0713905018663197,1.0691863582952936,1.0645434087518142
614,1.0713905018663197,1.0689578068981482,1.0514833623967723
615,1.0713905018663197,1.0688392284716968,1.0618566370044902
616,1.0713905018663197,1.0684355174740017,1.053046128127961
617,1.0713905018663197,1.0680310713220431,1.0594129348022283
618,1.0713905018663197,1.0680893747940223,1.0568053887821431
619,1.0713905018663197,1.0687657315240195,1.0606967435761314
620,1.0713905018663197,1.0684674859064667,1.0614455284114601
621,1.0713905018663197,1.0687175671356308,1.0645293719388897
622,1.0713905018663197,1.068684125776469,1.0631836075524603
623,1.0713905018663197,1.0691249880544043,1.0613052898336695
624,1.0713905018663197,1.068971238019745,1.0654039718527561
625,1.0713905018663197,1.0682243571243262,1.058192411161099
626,1.0713905018663197,1.06807008211337,1.0631427206619035
627,1.0713905018663197,1.0683701212675953,1.0610914022126106
628,1.0713905018663197,1.0681290819173797,1.0610055706450199
629,1.0713905018663197,1.0681637944631395,1.0576141679826194
630,1.0713905018663197,1.0690678475295776,1.0611033624487172
631,1.0716196960537145,1.0697316485691128,1.0646229422064486
632,1.0716196960537145,1.069520525748564,1.0631802512158521
633,1.0716196960537145,1.0698107030084791,1.064239072818099
634,1.0716196960537145,1.0695508073941045,1.0653974836911868
635,1.0716196960537145,1.069561580388891,1.0648982921935075
636,1.0716196960537145,1.069132671235206,1.0581135853390098
637,1.0716196960537145,1.0687681796862747,1.0614826943035376
638,1.0716196960537145,1.069053310490237,1.0538705361270755
639,1.0716196960537145,1.069119577091339,1.0593649407271446
640,1.0716196960537145,1.0687481576868407,1.0611594422906696
641,1.0716196960537145,1.0688093955241877,1.0619627148871054
642,1.0716196960537145,1.0689277564249455,1.0629433351631843
643,1.0721111286717246,1.0692060897250129,1.0637860721716623
644,1.0721111286717246,1.0691829516918518,1.0560516441085697
645,1.0721111286717246,1.068738675137693,1.0555225440868166
646,1.0721111286717246,1.068617539854239,1.0539190796636904
647,1.0721111286717246,1.0686534222221689,1.0600839074030284
648,1.0721111286717246,1.0693280088906056,1.0643468419168194
649,1.0721111286717246,1.0695025395547366,1.0614174614182819
650,1.0721111286717246,1.069402795552516,1.0577410218365415
651,1.0721111286717246,1.0693399827202001,1.0611193574561448
652,1.0721111286717246,1.0695945687860966,1.0621206515104928
653,1.0722747742776164,1.069702497551532,1.0612886212470005
654,1.0722747742776164,1.0703698327306548,1.0613940053082882
655,1.0722747742776164,1.0699376244749776,1.0527137586119717
656,1.0722747742776164,1.0697172924452765,1.060027756458875
657,1.0722747742776164,1.0693236558624948,1.0612562998886417
658,1.0722747742776164,1.0690941925720474,1.0561367903436154
659,1.0722747742776164,1.0690067669809042,1.0596506092957942
660,1.072365570699283,1.0695249595265244,1.0625759788583222
661,1.072365570699283,1.0693451486801402,1.0615022171240294
662,1.072365570699283,1.06971442940224,1.0634280213296068
663,1.072365570699283,1.0698683798918587,1.0605723601742874
664,1.072365570699283,1.06992271193316,1.0632316430120448
665,1.072365570699283,1.0694305884769861,1.0619352762923668
666,1.072365570699283,1.0701061444202298,1.0644093178740262
667,1.072365570699283,1.069471882727732,1.0583183748099811
668,1.072365570699283,1.069334236446793,1.0607284647732262
669,1.072365570699283,1.0696958417640554,1.0632977489587696
670,1.072365570699283,1.0699315689461626,1.0645810215885187
671,1.072365570699283,1.070503615025538,1.0675195238124706
672,1.072365570699283,1.0707355175289093,1.0665829001303462
673,1.072365570699283,1.0708039137244305,1.0670109858090484
674,1.072365570699283,1.0708329514798582,1.0682385558082337
675,1.072365570699283,1.0707954139938263,1.0670472251871697
676,1.072365570699283,1.0707656603239217,1.0640947836677972
677,1.072365570699283,1.0704207452741465,1.061721417817648
678,1.072365570699283,1.0700857309648115,1.0639761595356263
679,1.072365570699283,1.0699765116466786,1.0633057369778398
680,1.072365570699283,1.0704307372992112,1.0627798790421847
681,1.072365570699283,1.070367427408864,1.0635097933304958
682,1.072365570699283,1.0706747747339975,1.0645135304590605
683,1.072365570699283,1.0709125311535892,1.0674650558059875
684,1.072365570699283,1.0705127123854115,1.0607359889308465
685,1.072365570699283,1.0700305040127747,1.0619001628700562
686,1.072365570699283,1.0699601592501526,1.0638148011636086
687,1.072365570699283,1.069580799724685,1.056724699644008
688,1.072365570699283,1.0699466394295962,1.0651792862066134
689,1.072365570699283,1.069488177439748,1.065830773666343
690,1.072365570699283,1.06989486361458,1.0610531096009441
691,1.072365570699283,1.0697540257947076,1.0634727166055482
692,1.072365570699283,1.0693582702658642,1.0613441946731652
693,1.072365570699283,1.0692385254813892,1.0647588873766751
694,1.072365570699283,1.0692247358714808,1.061266821801266
695,1.072365570699283,1.0695326352581798,1.0643321413516644
696,1.072365570699283,1.0692413570245243,1.0646818507484692
697,1.072365570699283,1.0692081123471544,1.0570728325490975
698,1.072365570699283,1.0685933298683485,1.0473568823278192
699,1.072365570699283,1.0685246454958646,1.0344800062834403
700,1.072365570699283,1.0691471682157119,1.0592898320350108
701,1.072365570699283,1.068583884495978,1.0511329644670209
702,1.072365570699283,1.0690063253096072,1.0630832941093316
703,1.072365570699283,1.0692032696494786,1.0466686049442584
704,1.0723744093729244,1.069021226343788,1.062914527303867
705,1.0723744093729244,1.0697796038698377,1.0640599729763665
706,1.0723744093729244,1.0701460600637045,1.0634509283800282
707,1.0723744093729244,1.0697134683542737,1.0643140997673077
708,1.0723744093729244,1.0696605617198456,1.0651809022979883
709,1.0723744093729244,1.0703280495816903,1.0658309243953135
710,1.0723744093729244,1.0700043213883483,1.0613339252484288
711,1.0723744093729244,1.0695623958494307,1.0549017033923307
712,1.0723744093729244,1.0689699558831627,1.0618670314547027
713,1.0723744093729244,1.0683206487805201,1.062568027856545
714,1.0723744093729244,1.067924754591923,1.05972349190715
715,1.072525628175127,1.0686474530578678,1.054125844506192
716,1.072525628175127,1.0681721913840379,1.0603769883264547
717,1.072525628175127,1.0681619969007388,1.0558810487428987
718,1.072525628175127,1.0691792068964387,1.0599372538104723
719,1.072525628175127,1.069502569639109,1.0633725176297002
720,1.072525628175127,1.0690722898431202,1.0623648277673858
721,1.072525628175127,1.0693291133508764,1.0625373149865887
722,1.072525628175127,1.0691663721047657,1.0624288708780036
723,1.072525628175127,1.0693658973576778,1.0641059449809074
724,1.072525628175127,1.0692657315269833,1.063423564186702
725,1.072525628175127,1.0696681162059323,1.0632509752875121
726,1.072525628175127,1.0698978105647805,1.0610257613686773
727,1.072525628175127,1.0696686473602801,1.0578485343879982
728,1.072525628175127,1.0692555000695867,1.0619675678430653
729,1.072525628175127,1.0696392294973374,1.063163931295815
730,1.072525628175127,1.0698068885027148,1.0592987820666364
731,1.072525628175127,1.0696880886017044,1.0608090034372495
732,1.072525628175127,1.069366973581758,1.0610151918695083
733,1.072525628175127,1.0693179910599098,1.0630752444007565
734,1.072525628175127,1.0686225779272809,1.0570798457670696
735,1.072525628175127,1.0687177165648656,1.0592124435338104
736,1.072525628175127,1.0686264164054575,1.0583422706955634
737,1.072525628175127,1.0680374695449186,1.0517724483436035
738,1.072525628175127,1.0687022738799545,1.0615344024786193
739,1.072525628175127,1.0690603359918063,1.0575619495895663
740,1.072525628175127,1.0691104545462224,1.0514992978281712
741,1.072525628175127,1.0702366597408537,1.0635616892097168
742,1.072525628175127,1.0703304617785623,1.0646427999982673
743,1.072820067944207,1.0704726053709608,1.0646151507435926
744,1.072820067944207,1.070014401280299,1.0572816446398816
745,1.072820067944207,1.0704327018685416,1.0654994369221178
746,1.072820067944207,1.0707934539852335,1.064022765522178
747,1.072820067944207,1.0707224705915857,1.06405009847255
748,1.072820067944207,1.0701955654925641,1.0592172315037125
749,1.072820067944207,1.069928415324958,1.0638162289138713
750,1.072820067944207,1.0697625501697694,1.0605880751859074
751,1.072820067944207,1.0699374876329804,1.066142728347062
752,1.072820067944207,1.0698725827830091,1.0592318089000226
753,1.072820067944207,1.0701853763812657,1.0573879288354586
754,1.072820067944207,1.0700348522917416,1.0636128881606302
755,1.072820067944207,1.070259260382549,1.064508108790314
756,1.072820067944207,1.0700611902298456,1.0575189842618538
757,1.072820067944207,1.0702730871884905,1.0636209299790704
758,1.072820067944207,1.0705100290949126,1.0628998207529619
759,1.072820067944207,1.0701259237718244,1.0654262512595813
760,1.072820067944207,1.0698923380210839,1.0648656764698827
761,1.072820067944207,1.07015779912473,1.062972602764574
762,1.072820067944207,1.0704976198798133,1.0615143731025436
763,1.072820067944207,1.0699587756115951,1.0575360150018547
764,1.072820067944207,1.0696411261193872,1.0605496603304108
765,1.072820067944207,1.0690564499796744,1.0561035343815495
766,1.072820067944207,1.069680938213463,1.0526016034216386
767,1.072820067944207,1.0698907885727122,1.0636984528630395
768,1.072820067944207,1.069558353850948,1.0593636121440666
769,1.072820067944207,1.0685804043431681,1.058088653018313
770,1.072820067944207,1.0688686667873377,1.0535316721319499
771,1.072820067944207,1.0686940658004307,1.0592087998351754
772,1.072820067944207,1.069803667809025,1.05636394584819
773,1.072820067944207,1.070388030713408,1.0647258596287679
774,1.072820067944207,1.0710262614920731,1.0650020579938122
775,1.072820067944207,1.0705591539690342,1.0670417233066294
776,1.072820067944207,1.0705903507820684,1.0614244418744776
777,1.072820067944207,1.069832205431664,1.0591977171006484
778,1.072820067944207,1.0705713405831319,1.0649777541850218
779,1.072820067944207,1.0707444502133996,1.064589241226533
780,1.073352525272995,1.070770268113823,1.0645010507523267
781,1.073352525272995,1.0712634754694361,1.0673573992364238
782,1.073352525272995,1.0710565076593037,1.065746004885485
783,1.073352525272995,1.0709246377175812,1.0557174862906722
784,1.073352525272995,1.070198166033854,1.055184342545468
785,1.073352525272995,1.0702831242023267,1.0645603442715976
786,1.073352525272995,1.0705455293725017,1.0611518292813977
787,1.073352525272995,1.0709583200778034,1.0661077494228453
788,1.073352525272995,1.070427905443653,1.0606087932337642
789,1.073352525272995,1.0707501845512533,1.0628461687370858
790,1.073352525272995,1.0703964090231493,1.0638117231650017
791,1.073352525272995,1.0698835064243595,1.0629744548170366
792,1.073352525272995,1.069976849965792,1.0522939969517577
793,1.073352525272995,1.0694689501665062,1.0578986834065205
794,1.073352525272995,1.069903794509739,1.059580725016718
795,1.073352525272995,1.070511030869882,1.0629478358327968
796,1.073352525272995,1.0698297802187793,1.0608868747607407
797,1.073352525272995,1.0700717760459448,1.0597979396733428
798,1.073352525272995,1.071133074616235,1.061885694059597
799,1.073352525272995,1.0715443881688012,1.0669216597641953
800,1.073352525272995,1.0710418774183548,1.0666617279300918
801,1.073352525272995,1.0701818983244047,1.0617158589029358
802,1.073352525272995,1.0704695785652996,1.0625384567805831
803,1.073352525272995,1.0708068967096633,1.0644552837888313
804,1.073352525272995,1.0708001774529718,1.0668423069356048
805,1.073352525272995,1.0707171659099146,1.0658179508453793
806,1.073352525272995,1.070309952099158,1.0647055722337506
807,1.073352525272995,1.0700797118481318,1.0597632459617699
808,1.073352525272995,1.069468045293066,1.0450803889500917
809,1.073352525272995,1.068633745110374,1.0570029493382636
810,1.073352525272995,1.068345848219785,1.0574304595038093
811,1.073352525272995,1.0690218861578633,1.060729366792843
812,1.073352525272995,1.06907757275539,1.0566415329635561
813,1.073352525272995,1.069574276377074,1.0487059256619942
814,1.073352525272995,1.0694326681610413,1.055360246275787
815,1.073352525272995,1.0698153400378232,1.0645999838202451
816,1.073352525272995,1.0697599706493817,1.0585970913937879
817,1.073352525272995,1.0691539725494343,1.0603103056193954
818,1.073352525272995,1.0697948522743956,1.0583335915317797
819,1.073352525272995,1.0702870813678091,1.0631966455466981
820,1.073352525272995,1.0695717553979653,1.0482734318956455
821,1.073352525272995,1.0686089809810897,1.0617158553735044
822,1.073352525272995,1.0682446374935028,1.059819180436623
823,1.073352525272995,1.0679579795456553,1.036289608359953
824,1.073352525272995,1.0669219854356087,1.053310220178835
825,1.073352525272995,1.066353675175124,1.054898492259581
826,1.073352525272995,1.0661324008636992,1.054144365746584
827,1.073352525272995,1.0673599418972488,1.0466128505621695
828,1.073352525272995,1.0690141908856499,1.0580574648751182
829,1.073352525272995,1.0694008873406389,1.0571856270724997
830,1.073352525272995,1.0690713567144092,1.0570757542354654
831,1.073352525272995,1.0697902177635785,1.0613731522661904
832,1.073352525272995,1.0691798338923744,1.0609113439882434
833,1.073352525272995,1.0676941100396653,1.0347348626441306
834,1.073352525272995,1.066445011793701,1.0401279077048193
835,1.073352525272995,1.06577295364447,1.0536494696965386
836,1.073352525272995,1.0663561815943756,1.055390199899843
837,1.073352525272995,1.0672262166712352,1.0593654656830982
838,1.073352525272995,1.0685292396615187,1.0566926912675891
839,1.073352525272995,1.068736139604358,1.0481746579799114
840,1.073352525272995,1.0688004380663323,1.0559058686662897
841,1.073352525272995,1.0690385770655997,1.0471947410973796
842,1.073352525272995,1.070238138125882,1.0627388757282334
843,1.073352525272995,1.0706298892949158,1.0647440828425379
844,1.073352525272995,1.0706473402483485,1.0626475759821399
845,1.073352525272995,1.0704864448533282,1.0609596749731112
846,1.073352525272995,1.0698901312179654,1.0607562664593555
847,1.073352525272995,1.070617087983559,1.063965111948032
848,1.073352525272995,1.0705535710704832,1.0644410387687375
849,1.073352525272995,1.0708186486557385,1.0656520772895042
850,1.073352525272995,1.0711871636664916,1.0655769432438973
851,1.073352525272995,1.0711982227467096,1.0643490150540496
852,1.073352525272995,1.070340930859089,1.0614036530285218
853,1.073352525272995,1.0697888901375256,1.0592161426979683
854,1.073352525272995,1.0687709259513323,1.047004522335366
855,1.073352525272995,1.068816183877291,1.0519697685141893
856,1.073352525272995,1.0685836055541487,1.0490971113341945
857,1.073352525272995,1.0676877534487716,1.0473392595782944
858,1.073352525272995,1.0672775356940525,1.050385825937271
859,1.073352525272995,1.0679747090074247,1.0545436797876269
860,1.073352525272995,1.0683326101730353,1.060148715506204
861,1.073352525272995,1.0687843479519747,1.0616333046709685
862,1.073352525272995,1.0687397722859027,1.0604761497694546
863,1.073352525272995,1.0689316766973447,1.0613078142123595
864,1.073352525272995,1.0689631465708873,1.0614978753533908
865,1.073352525272995,1.069234265353653,1.0582617857524608
866,1.073352525272995,1.0690757774611692,1.0494786722289207
867,1.073352525272995,1.0683083534596471,1.056247702030534
868,1.073352525272995,1.0684289332855443,1.0534011908064516
869,1.073352525272995,1.069061820419121,1.0599002347010462
870,1.073352525272995,1.0703400738951152,1.0618720047164554
871,1.073352525272995,1.0703238178358607,1.0641940799230796
872,1.073352525272995,1.0695176798423038,1.0607699414503036
873,1.073352525272995,1.0694839234557998,1.062908016659344
874,1.073352525272995,1.0697119039466072,1.062585305509745
875,1.073352525272995,1.0702398932647301,1.06604163336267
876,1.073352525272995,1.0700445921578683,1.0663081556689467
877,1.073352525272995,1.0703646218003264,1.0646688968291704
878,1.073352525272995,1.0701467892019516,1.0634416604550516
879,1.073352525272995,1.0702652032981754,1.0635130115860996
880,1.073352525272995,1.0703387671421838,1.065977620935905
881,1.073352525272995,1.070346044995441,1.0633419550586805
882,1.073352525272995,1.0699555547701802,1.0564679283468015
883,1.073352525272995,1.0690900594100234,1.0605879652875077
884,1.073352525272995,1.0684087002508758,1.0589103096993213
885,1.073352525272995,1.0693503406182925,1.0567294184154068
886,1.073352525272995,1.0687220140540041,1.0622432294576534
887,1.073352525272995,1.0683323789584738,1.0535756564653078
888,1.073352525272995,1.0683458839747677,1.0566980506871109
889,1.073352525272995,1.0679552175989304,1.0565757729212655
890,1.073352525272995,1.068215867855297,1.0600206463165252
891,1.073352525272995,1.0693146813541683,1.0604175269663094
892,1.073352525272995,1.0695784210728396,1.0559222234768717
893,1.073352525272995,1.0691939797481986,1.0551441246058366
894,1.073352525272995,1.0691474916721535,1.0602884718130614
895,1.073352525272995,1.0695293924202443,1.0633456163709503
896,1.073352525272995,1.069449292403235,1.0631530647666612
897,1.073352525272995,1.0697713338630628,1.0563745177293384
898,1.073352525272995,1.0687264650772859,1.037601122078639
899,1.073352525272995,1.068813812969366,1.0563418291082631
900,1.073352525272995,1.0694742245623288,1.061668127565642
901,1.073352525272995,1.0701327976459225,1.0628649341498506
902,1.073352525272995,1.0692950620969506,1.0588552520818602
903,1.073352525272995,1.068925073591256,1.0579244969653456
904,1.073352525272995,1.068861724116478,1.0563431086353654
905,1.073352525272995,1.069054294998684,1.0630324125477824
906,1.073352525272995,1.0690473104995315,1.0630536347048078
907,1.073352525272995,1.069581644317255,1.0649053124431074
908,1.073352525272995,1.0702143293126105,1.0602025329180504
909,1.073352525272995,1.0699739043565029,1.065468909307567
910,1.073352525272995,1.0699536989061442,1.0613213718832806
911,1.073352525272995,1.0697168246608673,1.0621204750530011
912,1.073352525272995,1.070012062331611,1.0662434464304245
913,1.073352525272995,1.0707229726617051,1.0631665750870296
914,1.073352525272995,1.070613281088483,1.0649149801104774
915,1.073352525272995,1.070530585808363,1.059653943748181
916,1.073352525272995,1.0701160047488611,1.0632786406745587
917,1.073352525272995,1.0701533743914118,1.063733843022311
918,1.073352525272995,1.0691327427466664,1.059352630445903
919,1.073352525272995,1.0692368837919326,1.0626987693738479
920,1.073352525272995,1.0695437798242837,1.063813930732369
921,1.073352525272995,1.0691375613644662,1.053748798171895
922,1.073352525272995,1.0685164093019925,1.0574954394124076
923,1.073352525272995,1.0693825942196862,1.0626541190957526
924,1.073352525272995,1.0702387599012575,1.059899898700336
925,1.073352525272995,1.0704522989411323,1.0624402716019876
926,1.073352525272995,1.0702371562981177,1.0609865225541641
927,1.073352525272995,1.0702106312084116,1.0525108619286172
928,1.073352525272995,1.0710002354518737,1.0642920086275525
929,1.073352525272995,1.070898624780658,1.062202950218922
930,1.073352525272995,1.0710018702306972,1.0651181007693173
931,1.073352525272995,1.070576937008812,1.0646070923625743
932,1.073352525272995,1.0706715289322941,1.06609233550367
933,1.073352525272995,1.070298077932235,1.0600302029948776
934,1.073352525272995,1.0690942640310468,1.0585480706881274
935,1.073352525272995,1.0687702207274001,1.0506963989207452
936,1.073352525272995,1.0686622958136396,1.054514309136838
937,1.073352525272995,1.0681604814027768,1.060218840991857
938,1.073352525272995,1.0697918192390774,1.0614964392440172
939,1.073352525272995,1.0698162262943467,1.0619111638349723
940,1.073352525272995,1.0700668122514854,1.0583032868547395
941,1.073352525272995,1.0693750276729816,1.0543852452534
942,1.073352525272995,1.0695961673725791,1.0550691930473008
943,1.073352525272995,1.069339437786247,1.0500616611303442
944,1.073352525272995,1.0696299039810697,1.0519501920748389
945,1.073352525272995,1.0689693506292528,1.0463138582544902
946,1.073352525272995,1.0684120104257873,1.0569234014133844
947,1.073352525272995,1.0685598469703652,1.0568473820396846
948,1.073352525272995,1.068046314761757,1.059394912986673
949,1.073352525272995,1.0683296117845953,1.0516885973757197
950,1.073352525272995,1.0684631434565497,1.0602920561854456
951,1.073352525272995,1.069101268265346,1.0607687737263758
952,1.073352525272995,1.0698560989693722,1.061006253652951
953,1.073352525272995,1.0703310492923448,1.0636888309355024
954,1.073352525272995,1.0707498886984406,1.0654567353152467
955,1.073352525272995,1.0702164912706442,1.060502752389433
956,1.073352525272995,1.0698890208985288,1.0629063267914902
957,1.073352525272995,1.0692427358705994,1.0501061307919288
958,1.073352525272995,1.0684990098880653,1.0525450040419613
959,1.073352525272995,1.06757240478272,1.056117416647992
960,1.073352525272995,1.066793066267623,1.0539466117560181
961,1.073352525272995,1.0678706309946504,1.0607465935195455
962,1.073352525272995,1.0691494654704292,1.0612699006601611
963,1.073352525272995,1.0684777013851754,1.057636603271977
964,1.073352525272995,1.068554046280388,1.060412809146521
965,1.073352525272995,1.0679404899453535,1.0448979672609489
966,1.073352525272995,1.0679213022786007,1.0555451871139239
967,1.073352525272995,1.0680302245179343,1.0565776167523844
968,1.073352525272995,1.0674905314207006,1.051979286509349
969,1.073352525272995,1.0693083237689462,1.0584678105371224
970,1.073352525272995,1.070173528017757,1.0628317103714724
971,1.073352525272995,1.0698277099085363,1.0580764596094727
972,1.073352525272995,1.0701002028073874,1.0641386607518748
973,1.073352525272995,1.0702779603389738,1.0649690329891055
974,1.073352525272995,1.0710667762394033,1.0634773182758976
975,1.073352525272995,1.0712542915683685,1.0643345877382915
976,1.073352525272995,1.0711225247963312,1.0654950407435901
977,1.073352525272995,1.0711020145674128,1.0645787757046699
978,1.073352525272995,1.0709905752137505,1.0662244614022343
979,1.073352525272995,1.071456470964055,1.0668495367450037
980,1.073352525272995,1.071367909995941,1.0635639991596513
981,1.073352525272995,1.0707810616891829,1.0617996185005123
982,1.073352525272995,1.0706349709770884,1.0666074975301982
983,1.073352525272995,1.0702366084841533,1.0600780093865452
984,1.073352525272995,1.0698985554336025,1.0561721704967222
985,1.073352525272995,1.069732598713365,1.0623078052220096
986,1.073352525272995,1.0693134096587185,1.0579774054384612
987,1.073352525272995,1.0692637945200105,1.060766209885701
988,1.073352525272995,1.0695188304973104,1.0601659550924933
989,1.073352525272995,1.06977811866087,1.0552955046766876
990,1.073352525272995,1.0696670649176199,1.0600185227882455
991,1.073352525272995,1.0699940751313108,1.0573402523016517
992,1.073352525272995,1.0695251988656302,1.0444624063124872
993,1.073352525272995,1.0698636209113253,1.0586306024854428
994,1.073352525272995,1.069745897923323,1.0524252755610983
995,1.073352525272995,1.0698805378589575,1.0596792411456586
996,1.073352525272995,1.0700253952308147,1.0613672474788647
997,1.073352525272995,1.0706000439949568,1.0648475310406493
998,1.073352525272995,1.070507042904677,1.0547996705194116
999,1.073352525272995,1.0701690366085925,1.064095943080984
1000,1.073352525272995,1.0709894352416287,1.064163343478214
1001,1.073352525272995,1.0713459561768988,1.0675595637415711
1002,1.073352525272995,1.0716683457635374,1.0669038430209046
1003,1.073352525272995,1.0716381113264295,1.0672815668500752
1004,1.073352525272995,1.0713322116883346,1.0647157863319525
1005,1.073352525272995,1.0704447581513186,1.0567577697100308
1006,1.073352525272995,1.0705793522609612,1.0590498502564245
1007,1.073352525272995,1.0699992866657957,1.062179618343623
1008,1.073352525272995,1.069590799277289,1.061790665390205
1009,1.073352525272995,1.069092924831557,1.0492827673918745
1010,1.073352525272995,1.0694044420483544,1.0576941537628537
1011,1.073352525272995,1.069616003373766,1.0574639277511033
1012,1.073352525272995,1.0695524240216001,1.0638320354651407
1013,1.073352525272995,1.0695000604998817,1.056153325160883
1014,1.073352525272995,1.069920057644626,1.0624544505636457
1015,1.073352525272995,1.0705609466286017,1.059320892086716
1016,1.073352525272995,1.070507461538295,1.0597456785398414
1017,1.073352525272995,1.0708231264721917,1.0556625763399672
1018,1.073352525272995,1.0703813307970094,1.0606216631917151
1019,1.073352525272995,1.0706936562909832,1.0620236700754806
1020,1.073352525272995,1.0701805264577502,1.0584581780962483
1021,1.073352525272995,1.0696625580103667,1.0623333088585207
1022,1.073352525272995,1.0700641866600094,1.0624886208207824
1023,1.073352525272995,1.070280788072743,1.0568388939140885
1024,1.073352525272995,1.0701343557722571,1.0610371712094382
1025,1.073352525272995,1.0704881702521483,1.0631453072226842
1026,1.073352525272995,1.0695196539627736,1.0440039855802534
1027,1.073352525272995,1.069188655655623,1.0483049961693363
1028,1.073352525272995,1.0684478069237815,1.0576574764312863
1029,1.073352525272995,1.0690785874472555,1.0608041170267997
1030,1.073352525272995,1.0702669699067644,1.061112921828718
1031,1.073352525272995,1.070647850924893,1.0636484244140612
1032,1.073352525272995,1.0714104919029384,1.067447466918594
1033,1.073352525272995,1.0716180810770017,1.0659899197445282
1034,1.073352525272995,1.071653717035026,1.06722517072283
1035,1.073352525272995,1.071717278172417,1.0665562420655286
1036,1.073352525272995,1.0714514385926415,1.067024115525325
1037,1.073352525272995,1.0715849288905985,1.0651368478695753
1038,1.073352525272995,1.0710084266087916,1.057986565282328
1039,1.073352525272995,1.0701866956410908,1.0550097448544968
1040,1.073352525272995,1.069068730183996,1.0602844139798897
1041,1.073352525272995,1.0695224231586051,1.0590363347749696
1042,1.073352525272995,1.070143294054877,1.0602705120776763
1043,1.073352525272995,1.0701073792714084,1.0649134833685665
1044,1.073352525272995,1.0704160947241759,1.0642905382173116
1045,1.073352525272995,1.0704073997987675,1.065447988015269
1046,1.073352525272995,1.070401554943543,1.0659284980995243
1047,1.073352525272995,1.0699397812109586,1.054182248348424
1048,1.073352525272995,1.0696560651867302,1.058003028799678
1049,1.073352525272995,1.06986301844863,1.0536034854166516
1050,1.073352525272995,1.0697428556440547,1.0609024535655016
1051,1.073352525272995,1.070781824032987,1.0661364060170042
1052,1.073352525272995,1.0708249844333952,1.0663822929358373
1053,1.073352525272995,1.0703771622443456,1.0635399947903925
1054,1.073352525272995,1.0701274019980083,1.0627807079561262
1055,1.073352525272995,1.0695803129248993,1.061381219466765
1056,1.073352525272995,1.0689793290021843,1.052260991577032
1057,1.073352525272995,1.0687207325083208,1.0549775207154877
1058,1.073352525272995,1.0681061092378483,1.0541822427015348
1059,1.073352525272995,1.067910350361254,1.048918815004122
1060,1.073352525272995,1.0679925190439223,1.041425149464792
1061,1.073352525272995,1.0683325547209337,1.046926821164405
1062,1.073352525272995,1.068953693002446,1.0602602759398791
1063,1.073352525272995,1.0689811552724944,1.0610913190398041
1064,1.073352525272995,1.0691040061240482,1.0570782508442935
1065,1.073352525272995,1.0693754334191725,1.0634334763259685
1066,1.073352525272995,1.0700118104840317,1.0633871817138127
1067,1.073352525272995,1.0704103379591265,1.0643818385206798
1068,1.073352525272995,1.0710155330934559,1.0653219106643297
1069,1.073352525272995,1.0712759224295534,1.066390925062555
1070,1.073352525272995,1.0709927578815583,1.0627055542469783
1071,1.073352525272995,1.0710545749304243,1.0675513999448742
1072,1.073352525272995,1.0711961455448509,1.0676335825909704
1073,1.073352525272995,1.0713436751783603,1.0607436102943477
1074,1.073352525272995,1.0699690650600855,1.0521798998532401
1075,1.073352525272995,1.0705019020576023,1.0648425376529982
1076,1.073352525272995,1.0705793511353532,1.0664426384659462
1077,1.073352525272995,1.0704448719952466,1.062441446763219
1078,1.073352525272995,1.0703634112841431,1.0640484109332926
1079,1.073352525272995,1.0701164340954592,1.0498025763710217
1080,1.073352525272995,1.0700874970572634,1.056497462202779
1081,1.073352525272995,1.0696894723047523,1.0598228201200073
1082,1.073352525272995,1.0698976663230144,1.0540480613071974
1083,1.073352525272995,1.0701013503959094,1.0630452017857306
1084,1.073352525272995,1.0706372123967756,1.06560630784332
1085,1.073352525272995,1.071295209683976,1.0639355465121514
1086,1.073352525272995,1.0705737072444137,1.0607189612895631
1087,1.073352525272995,1.0699582707897979,1.0555153080582056
1088,1.073352525272995,1.070262008144057,1.0624142658122664
1089,1.073352525272995,1.0701835888122906,1.0559491804730432
1090,1.073352525272995,1.070034407038174,1.057868923021223
1091,1.073352525272995,1.0701335447022235,1.0594981935176964
1092,1.073352525272995,1.0692308369197059,1.0602756989903233
1093,1.073352525272995,1.0695666430042048,1.061868788639412
1094,1.073352525272995,1.06959093717115,1.063826622447626
1095,1.073352525272995,1.0695160367025174,1.0628590629353871
1096,1.073352525272995,1.0691151117123407,1.0640020845293194
1097,1.073352525272995,1.0694829242639607,1.0633486951301587
1098,1.073352525272995,1.0697371952954333,1.063135875799013
1099,1.073352525272995,1.0698143162318303,1.054175123066223
1100,1.073352525272995,1.069806077952705,1.059888855006284
1101,1.073352525272995,1.0703556144781485,1.054290937213078
1102,1.073352525272995,1.070459647478436,1.062694035598387
1103,1.073352525272995,1.0703006669036144,1.0637812231602095
1104,1.073352525272995,1.0702525172398702,1.0648032799867586
1105,1.073352525272995,1.0711999742559724,1.0655417989055729
1106,1.073352525272995,1.0706567496368116,1.0545915693051036
1107,1.073352525272995,1.0701979807548618,1.0632503657134404
1108,1.073352525272995,1.0711918540873988,1.0652492843985852
1109,1.073352525272995,1.0700444279310597,1.054155606327789
1110,1.073352525272995,1.070124059751262,1.0630213757071099
1111,1.073352525272995,1.0708112549617252,1.0645335323024732
1112,1.073352525272995,1.0706198564220306,1.055929401433969
1113,1.073352525272995,1.0704905765589559,1.0615395215301313
1114,1.073352525272995,1.0705989090947186,1.064378805976741
1115,1.073352525272995,1.0707512797401924,1.0654135773090672
1116,1.073352525272995,1.07119468903249,1.0661066276824747
1117,1.073352525272995,1.0711278733569487,1.0659164161995967
1118,1.073352525272995,1.0712837328284361,1.0641563607370847
1119,1.073352525272995,1.0710985846617322,1.0668906076999045
1120,1.073352525272995,1.0707371779066346,1.0627382987906806
1121,1.073352525272995,1.0699204634503434,1.0635355572682506
1122,1.073352525272995,1.0697677418033062,1.0549586423963373
1123,1.073352525272995,1.0693562545619288,1.0583455212771131
1124,1.073352525272995,1.069223409639199,1.0629836122252465
1125,1.073352525272995,1.0697543398087475,1.0626426134389466
1126,1.073352525272995,1.0700720794023686,1.0583880221038502
1127,1.073352525272995,1.069845250929069,1.0611031581644372
1128,1.073352525272995,1.069739409962378,1.0596739424786543
1129,1.073352525272995,1.069345627977671,1.0567452299567337
1130,1.073352525272995,1.06999616929185,1.0580053973697843
1131,1.073352525272995,1.0698880579427865,1.0630078036308432
1132,1.073352525272995,1.0696994368322845,1.0567734644979405
1133,1.073352525272995,1.0700627753465186,1.0519634288642408
1134,1.073352525272995,1.0703338339583917,1.0567469644859129
1135,1.073352525272995,1.0698284882220728,1.0616367192258855
1136,1.073352525272995,1.0697005222636413,1.055162437845004
1137,1.073352525272995,1.0697723730408932,1.0499964052818958
1138,1.073352525272995,1.0697436699981229,1.0588966334842767
1139,1.073352525272995,1.0700769569030804,1.0596582148140472
1140,1.073352525272995,1.0703155581332333,1.0653477354152832
1141,1.073352525272995,1.0703876418949698,1.065699240270643
1142,1.073352525272995,1.0698755285589168,1.0567436646587023
1143,1.073352525272995,1.0704444847075179,1.0646943866907344
1144,1.073352525272995,1.0708855354294389,1.0631282296869542
1145,1.073352525272995,1.0704833310760393,1.0587722477581436
1146,1.073352525272995,1.070433311167369,1.063866007139835
1147,1.073352525272995,1.070704803258333,1.0655318172815058
1148,1.073352525272995,1.0709046038479813,1.0610566491419648
1149,1.073352525272995,1.0705300395013526,1.0597474302342302
1150,1.073352525272995,1.0696169665697712,1.0553147651011976
1151,1.073352525272995,1.0689642914950703,1.053245515521144
1152,1.073352525272995,1.0673288461768746,1.0467889304305933
1153,1.073352525272995,1.0687560889337278,1.0590282704657141
1154,1.073352525272995,1.068622723043595,1.05592600378555
1155,1.073352525272995,1.0677217931713592,1.0466177863171908
1156,1.073352525272995,1.0685472406703187,1.0605838919854316
1157,1.073352525272995,1.0689025764819369,1.0618492550399976
1158,1.073352525272995,1.0686056558124153,1.062385830366999
1159,1.073352525272995,1.0689122352294345,1.0591250134726793
1160,1.073352525272995,1.068261889846003,1.0197393541031836
1161,1.073352525272995,1.0679879841225388,1.0403268449899774
1162,1.073352525272995,1.0688035007468175,1.0404274397116997
1163,1.073352525272995,1.0685327218857281,1.0561435658863885
1164,1.073352525272995,1.068807864260782,1.0608015368893056
1165,1.073352525272995,1.0690715101230996,1.0593636267748836
1166,1.073352525272995,1.0690939681290461,1.058527114269845
1167,1.073352525272995,1.0694133345263992,1.0627328427097344
1168,1.073352525272995,1.0697155439191468,1.062602058811624
1169,1.073352525272995,1.0694967101070405,1.0598455386726413
1170,1.073352525272995,1.0695135340597022,1.0638664644463731
1171,1.073352525272995,1.0695848628413487,1.0627711891774876
1172,1.073352525272995,1.0700089303219136,1.0572457955895636
1173,1.073352525272995,1.0697516245889755,1.0607238241672992
1174,1.073352525272995,1.0690314041839293,1.0558732123399424
1175,1.073352525272995,1.0679184391071594,1.0451461451717412
1176,1.073352525272995,1.0673524813970692,1.0568012465549637
1177,1.073352525272995,1.0681035866205055,1.0578194413686757
1178,1.073352525272995,1.0690159172168388,1.0630244977408598
1179,1.073352525272995,1.0688788045487132,1.0607615401149673
1180,1.073352525272995,1.0696063278128083,1.0635626855216724
1181,1.073352525272995,1.069543402440186,1.055927175297017
1182,1.073352525272995,1.0703190534408227,1.0640908151602066
1183,1.073352525272995,1.0698823907194481,1.0615379774362224
1184,1.073352525272995,1.0700650848411524,1.0601265817514007
1185,1.073352525272995,1.0696957264728548,1.0532594550790901
1186,1.073352525272995,1.070098490420987,1.06286259407905
1187,1.073352525272995,1.0705972036768712,1.062434980025408
1188,1.073352525272995,1.0699735421236511,1.0605190905765949
1189,1.073352525272995,1.0705424581024994,1.063496860157217
1190,1.073352525272995,1.0706423689816333,1.0640570700339271
1191,1.073352525272995,1.070599620531343,1.0657970910589012
1192,1.073352525272995,1.0700144896337869,1.0517889633960384
1193,1.073352525272995,1.0682011625402412,1.044761776469029
1194,1.073352525272995,1.0678648616370476,1.0579099078874772
1195,1.073352525272995,1.0669388217930003,1.056151512753072
1196,1.073352525272995,1.0685539790680652,1.0542520666833948
1197,1.073352525272995,1.0694013076461886,1.0597996389988764
1198,1.073352525272995,1.0693581363619156,1.0520988937372127
1199,1.073352525272995,1.0694377009486384,1.0567266726354907
1200,1.073352525272995,1.069240550777772,1.0554682669717708
1201,1.073352525272995,1.0699716867727753,1.0643560964944727
1202,1.073352525272995,1.070537388028552,1.0630520593326722
1203,1.073352525272995,1.0703023471409139,1.0605578983732717
1204,1.073352525272995,1.0698737804358298,1.0463404647408059
1205,1.073352525272995,1.0697923690652171,1.0641736148292078
1206,1.073352525272995,1.0703433891091003,1.0640825981395023
1207,1.073352525272995,1.0702158536548287,1.056164223431346
1208,1.073352525272995,1.0700278757706605,1.0544617386899757
1209,1.073352525272995,1.0699778938140145,1.0641600808098768
1210,1.073352525272995,1.070375316750141,1.0649857706643173
1211,1.073352525272995,1.0704805949541898,1.0635305992435913
1212,1.073352525272995,1.0708689467390144,1.0655848390902707
1213,1.073352525272995,1.070866053409767,1.065250352300867
1214,1.073352525272995,1.0705648708875057,1.0618417454332119
1215,1.073352525272995,1.070644758623597,1.0552263997401141
1216,1.073352525272995,1.0704866868647218,1.0611462510166523
1217,1.073352525272995,1.0700075444474317,1.0612154536825202
1218,1.073352525272995,1.0693030096539482,1.059458174614418
1219,1.073352525272995,1.068693654404369,1.0567434712836348
1220,1.073352525272995,1.0684211253123679,1.059147182833021
1221,1.073352525272995,1.0686877398685377,1.0559486273988876
1222,1.073352525272995,1.0689854238848855,1.0568808558974876
1223,1.073352525272995,1.0691939983794614,1.0593956403866636
1224,1.073352525272995,1.0692787371678893,1.059221448817133
1225,1.073352525272995,1.0695486103819654,1.046443466805774
1226,1.073352525272995,1.0695825305867444,1.0641102544998964
1227,1.073352525272995,1.071217286685108,1.0653075613574043
1228,1.073352525272995,1.0711491176321635,1.0645799074806712
1229,1.073352525272995,1.071224077143028,1.0549431868993062
1230,1.073352525272995,1.0708980164474862,1.0634242588860374
1231,1.073352525272995,1.0707455600541187,1.0650824382917534
1232,1.073352525272995,1.0706870379344087,1.058040934333778
1233,1.073352525272995,1.0693361322511783,1.057364396439801
1234,1.073352525272995,1.0690467685341478,1.0561455480467596
1235,1.073352525272995,1.0692910510293714,1.0540956038525595
1236,1.073352525272995,1.069669235527514,1.0636603208119806
1237,1.073352525272995,1.070120098071329,1.060106350342914
1238,1.073352525272995,1.0700887677119082,1.0582605096478161
1239,1.073352525272995,1.0696077518062326,1.0645408640829208
1240,1.073352525272995,1.0698438920474793,1.0630283640695013
1241,1.073352525272995,1.0696759714181752,1.0614086154947304
1242,1.073352525272995,1.0699286870899842,1.0644601962194724
1243,1.073352525272995,1.0703982960578562,1.0624700192134109
1244,1.073352525272995,1.0701385078570274,1.0620427026223083
1245,1.073352525272995,1.0698660081936913,1.062859787245729
1246,1.073352525272995,1.0701062766291223,1.0612101423018605
1247,1.073352525272995,1.0701106096103756,1.0614409953080959
1248,1.073352525272995,1.0701027363953168,1.0534285928660572
1249,1.073352525272995,1.0707457554548225,1.0652854465010408
1250,1.073352525272995,1.071176549927052,1.0645619349922049
1251,1.073352525272995,1.0704390970938393,1.0625813143349179
1252,1.073352525272995,1.0698438570567448,1.0612076108348627
1253,1.073352525272995,1.0694868378309963,1.0595683834156473
1254,1.073352525272995,1.06949251221597,1.0623148436207177
1255,1.073352525272995,1.0698288380431051,1.0611391648976083
1256,1.073352525272995,1.069183762280427,1.0467827681355277
1257,1.073352525272995,1.0697434537284136,1.0618012587011367
1258,1.073352525272995,1.0699989204565252,1.0617178368267486
1259,1.073352525272995,1.0707761722256735,1.0658833205929537
1260,1.073352525272995,1.0705873281840896,1.063577636439421
1261,1.073352525272995,1.0697543019590312,1.0553897349869432
1262,1.073352525272995,1.0695754440372554,1.0627980520321267
1263,1.073352525272995,1.0699708344491352,1.0541435152116434
1264,1.073352525272995,1.0696034696408676,1.0637005560431272
1265,1.073352525272995,1.0698100354447115,1.061596978299026
1266,1.073352525272995,1.0694214674829143,1.055458978915767
1267,1.073352525272995,1.0690835340267226,1.0533767656370692
1268,1.073352525272995,1.0691041641831844,1.0605946204179166
1269,1.073352525272995,1.0686848391756119,1.052874336464805
1270,1.073352525272995,1.0693994839587138,1.055039811938303
1271,1.073352525272995,1.0694194153934966,1.0604703631636565
1272,1.073352525272995,1.069907595401078,1.064032666042794
1273,1.073352525272995,1.0700172156333254,1.0617461778035189
1274,1.073352525272995,1.0704561632683638,1.0622850690569163
1275,1.073352525272995,1.0706556514333667,1.0637210396884713
1276,1.073352525272995,1.07007316467995,1.057131861051575
1277,1.073352525272995,1.0697233736218106,1.0625612187968518
1278,1.073352525272995,1.0701653318174926,1.0608062166999555
1279,1.073352525272995,1.0690273545575557,1.0559475189795524
1280,1.073352525272995,1.0683688226982213,1.0535434668797148
1281,1.073352525272995,1.0702659266960632,1.059095949494385
1282,1.073352525272995,1.0698632622702946,1.060752596105992
1283,1.073352525272995,1.0692381724308286,1.0442397817607925
1284,1.073352525272995,1.068491734279862,1.0499049399255718
1285,1.073352525272995,1.0689757334020198,1.0559359617090904
1286,1.073352525272995,1.0690360169930553,1.0329118611316561
1287,1.073352525272995,1.0673682351642926,1.0325149649971115
1288,1.073352525272995,1.067026506688184,1.041612866464145
1289,1.073352525272995,1.0683782288155612,1.052599035947802
1290,1.073352525272995,1.0689994670446996,1.0602750060969481
1291,1.073352525272995,1.069114859643112,1.061338893795902
1292,1.073352525272995,1.0695465761926974,1.0601466702343134
1293,1.073352525272995,1.0693967397991424,1.0611006956640328
1294,1.073352525272995,1.0695859326990438,1.0632564659440908
1295,1.073352525272995,1.0701050093609477,1.061598314778823
1296,1.073352525272995,1.0700491875735059,1.0637103705769957
1297,1.073352525272995,1.0703056392161645,1.0627933374330885
1298,1.073352525272995,1.070203542824156,1.0630835051057677
1299,1.073352525272995,1.0707957783773612,1.0670375395961447
1300,1.073352525272995,1.070448629590635,1.064861858746423
1301,1.073352525272995,1.0702120652525966,1.0661903565730584
1302,1.073352525272995,1.0705153053722598,1.0662168054565573
1303,1.073352525272995,1.0711697862485403,1.0676694691266477
1304,1.073352525272995,1.071027731310923,1.0682432231155936
1305,1.073352525272995,1.0711814735924405,1.0630010131045147
1306,1.073352525272995,1.0707920290783899,1.0628358336916834
1307,1.073352525272995,1.0702682352865893,1.057686898226166
1308,1.073352525272995,1.0702633539568125,1.0614912254887088
1309,1.073352525272995,1.0697474621789207,1.0527459092730815
1310,1.073352525272995,1.0697518499642478,1.0422417527358143
1311,1.073352525272995,1.069958025490513,1.052883854540481
1312,1.073352525272995,1.0703915100615995,1.0526954253465806
1313,1.073352525272995,1.070601425117322,1.0582771998517244
1314,1.073352525272995,1.0705880800666927,1.06015632825252
1315,1.073352525272995,1.0703469335355478,1.0610627940366029
1316,1.073352525272995,1.0703871464800456,1.0648893234826087
1317,1.073352525272995,1.070548060345151,1.0659937832449362
1318,1.073352525272995,1.070658632376491,1.0643828464774154
1319,1.073352525272995,1.0705514821052784,1.0646079263536885
1320,1.073352525272995,1.0707766352282897,1.0658965714944586
1321,1.073352525272995,1.0704304659648252,1.0617262188057488
1322,1.073352525272995,1.0700957388903773,1.060526296732528
1323,1.073352525272995,1.0697265282398971,1.0584046683336232
1324,1.073352525272995,1.0694248420161216,1.0591703255552622
1325,1.073352525272995,1.0700734368126104,1.064060122846083
1326,1.073352525272995,1.0703755604508494,1.0642224886000329
1327,1.073352525272995,1.0710310254891027,1.0646559476124806
1328,1.073352525272995,1.0714760486770956,1.067189846067045
1329,1.073352525272995,1.071743893111944,1.0634569031584646
1330,1.073352525272995,1.0712219230858597,1.0649310966726846
1331,1.073352525272995,1.0714498564016797,1.0667368297830406
1332,1.073352525272995,1.0713540249210047,1.0663390817863
1333,1.073352525272995,1.0708221896270929,1.0641216275971177
1334,1.073352525272995,1.0697383150254294,1.0618652266131665
1335,1.073352525272995,1.07065904688841,1.0626352965131143
1336,1.073352525272995,1.0709555370905095,1.0634058773044057
1337,1.073352525272995,1.0707903953915308,1.0640054736771958
1338,1.073352525272995,1.0710358059836387,1.0651911312086413
1339,1.073352525272995,1.0714805622393608,1.0647432685201412
1340,1.073352525272995,1.0711730420736643,1.061437090574172
1341,1.073352525272995,1.0710358375460933,1.0672644782670415
1342,1.073352525272995,1.0705096649131454,1.0541050252505149
1343,1.073352525272995,1.0694297678707112,1.0452165043478636
1344,1.073352525272995,1.0692747303458443,1.0594956148151933
1345,1.073352525272995,1.0692832092494813,1.0587885030405295
1346,1.073352525272995,1.0677537718639682,1.0485971610334692
1347,1.073352525272995,1.066964062048639,1.0245318910832695
1348,1.073352525272995,1.0684801506242152,1.0555679899406276
1349,1.073352525272995,1.068236200431118,1.0560302479756458
1350,1.073352525272995,1.0679986411429931,1.048134955360082
1351,1.073352525272995,1.0679182708440214,1.0585398668804535
1352,1.073352525272995,1.0678470010960956,1.0565570251856164
1353,1.073352525272995,1.0684345140836287,1.045754857124236
1354,1.073352525272995,1.0688325730985917,1.0564343797346216
1355,1.073352525272995,1.068728149630023,1.0573984643248973
1356,1.073352525272995,1.069599859070396,1.056180624967055
1357,1.073352525272995,1.0692877550756315,1.0603052302075486
1358,1.073352525272995,1.0697374226566012,1.0618626005140928
1359,1.073352525272995,1.0697221192264736,1.0552713388834647
1360,1.073352525272995,1.0695037185003624,1.0620026048923599
1361,1.073352525272995,1.069320762099772,1.059325462156803
1362,1.073352525272995,1.0686207368498417,1.061793997853747
1363,1.073352525272995,1.0696125852149327,1.0617407870232032
1364,1.073352525272995,1.070420840187213,1.060671403559415
1365,1.073352525272995,1.0710237307490376,1.063979146787442
1366,1.073352525272995,1.0708266157791144,1.064554936600719
1367,1.073352525272995,1.0704619699160134,1.0605303439021134
1368,1.073352525272995,1.0710604847348,1.0601667269536956
1369,1.073352525272995,1.0703070858911479,1.0579841375779906
1370,1.073352525272995,1.070503639575597,1.0649823001881809
1371,1.073352525272995,1.0703635397800455,1.0661619421811235
1372,1.073352525272995,1.0710519317889509,1.066826283701906
1373,1.073352525272995,1.0715251216052326,1.067217499407805
1374,1.073352525272995,1.071063742636336,1.0662982552003397
1375,1.073352525272995,1.071089054717802,1.0659070278185516
1376,1.073352525272995,1.0708496217579146,1.0591495289840251
1377,1.073352525272995,1.0707841271257177,1.0608733282035976
1378,1.073352525272995,1.0706579170455455,1.0655619637525697
1379,1.073352525272995,1.0713822805723319,1.0656140761893278
1380,1.073352525272995,1.0714777528222503,1.065729650776281
1381,1.073352525272995,1.0713180231838473,1.064647956791887
1382,1.073352525272995,1.0705151082604372,1.0599399285923992
1383,1.073352525272995,1.0699384859208876,1.0532827380274816
1384,1.073352525272995,1.068830289778143,1.054886610109123
1385,1.073352525272995,1.068542018928458,1.0552654539935713
1386,1.073352525272995,1.0693993175754173,1.06391639921212
1387,1.073352525272995,1.069955107495781,1.0632346147234797
1388,1.073352525272995,1.069910708156233,1.0626821226305705
1389,1.073352525272995,1.069497022416377,1.056424416622059
1390,1.073352525272995,1.069645762748693,1.0644557338225007
1391,1.073352525272995,1.0696664011225323,1.06352028262938
1392,1.073352525272995,1.070014780436241,1.0639057750683703
1393,1.073352525272995,1.0702121709273305,1.0635555855050844
1394,1.073352525272995,1.0701564606446659,1.0513507512483566
1395,1.073352525272995,1.0704404772138643,1.0602150932860992
1396,1.073352525272995,1.0701594561436554,1.0523023691859712
1397,1.073352525272995,1.0705370118449438,1.0617408127884373
1398,1.073352525272995,1.0703634648732103,1.0547524285926848
1399,1.073352525272995,1.0701259747969092,1.0528612554013308
1400,1.073352525272995,1.069143832995123,1.0604754016823499
1401,1.073352525272995,1.0697571629429048,1.0537404189832507
1402,1.073352525272995,1.0693251215225164,1.05069878068607
1403,1.073352525272995,1.0692958396480439,1.0580063062535114
1404,1.073352525272995,1.0692522874308785,1.0592119898175127
1405,1.073352525272995,1.0690590115633558,1.0593544189156012
1406,1.073352525272995,1.0698629082658113,1.059810427451228
1407,1.073352525272995,1.070141073966549,1.0644761717005777
1408,1.073352525272995,1.0701359551200615,1.0629080955868417
1409,1.073352525272995,1.0706044933208512,1.0533753999406215
1410,1.073352525272995,1.0699395383531731,1.0616511881420756
1411,1.073352525272995,1.0707742711098664,1.066242379171633
1412,1.073352525272995,1.0710673317741388,1.0674871300780568
1413,1.073352525272995,1.0715449572716838,1.0649704351889981
1414,1.073352525272995,1.0711558289952696,1.0640816905347592
1415,1.073352525272995,1.0711321988737645,1.0656960792203742
1416,1.073352525272995,1.0703138642319023,1.064875077848456
1417,1.073352525272995,1.0695003589987517,1.059621554206072
1418,1.073352525272995,1.0699805592187783,1.0633397368851927
1419,1.073352525272995,1.0700951322236179,1.0653329028740506
1420,1.073352525272995,1.0704696380275185,1.065218197144206
1421,1.073352525272995,1.0700331212952343,1.0571913921434026
1422,1.073352525272995,1.069764700471464,1.0599975010507166
1423,1.073352525272995,1.070214610821775,1.0611949736975528
1424,1.073352525272995,1.0700661394998907,1.0652796001355154
1425,1.073352525272995,1.0697297101389243,1.0613299279289417
1426,1.073352525272995,1.069773555199416,1.0613303839258417
1427,1.073352525272995,1.069232964416819,1.0586330959622408
1428,1.073352525272995,1.0698260848754595,1.0582609692464016
1429,1.073352525272995,1.0695327662593888,1.0586099864704503
1430,1.073352525272995,1.0686055431422565,1.0520068860668572
1431,1.073352525272995,1.0688406777399708,1.042236392118383
1432,1.073352525272995,1.0684325170974032,1.0609018813741469
1433,1.073352525272995,1.0688794124532435,1.0497467938391913
1434,1.073352525272995,1.0692928061201623,1.0642490999385958
1435,1.073352525272995,1.0697209319574248,1.0632922164717094
1436,1.073352525272995,1.0702048623485334,1.0631810054836364
1437,1.073352525272995,1.0703872521394364,1.064225039123679
1438,1.073352525272995,1.0706524016192225,1.0617370294024924
1439,1.073352525272995,1.0703442485031958,1.059966034866839
1440,1.073352525272995,1.0700233196480022,1.0508899509875245
1441,1.073352525272995,1.071097032513936,1.0617280214790208
1442,1.073352525272995,1.0710409440027413,1.0649764618230764
1443,1.073352525272995,1.0709451157588454,1.064774190319101
1444,1.073352525272995,1.0709033874233622,1.064012524270399
1445,1.073352525272995,1.070920735928255,1.0669745833721007
1446,1.073352525272995,1.0710621082599951,1.0642720352730424
1447,1.073352525272995,1.0707443701380646,1.0643696862796528
1448,1.073352525272995,1.0707673751830367,1.0635344772593227
1449,1.073352525272995,1.0706358245649068,1.0627771913669593
1450,1.073352525272995,1.07104117320773,1.0669836449589811
1451,1.073352525272995,1.070978815510123,1.0652468363691696
1452,1.073352525272995,1.0707711380824034,1.0651480942861844
1453,1.073352525272995,1.0709588653389297,1.0669160080342794
1454,1.073352525272995,1.0708783642211408,1.064866145209882
1455,1.073352525272995,1.0703423747585827,1.0595086995094367
1456,1.073352525272995,1.070462733576595,1.0638521754422543
1457,1.073352525272995,1.0704724956517544,1.0592056883066234
1458,1.073352525272995,1.070623588226924,1.0652331846932348
1459,1.073352525272995,1.0702637127354098,1.058738656974096
1460,1.073352525272995,1.070680959608777,1.0653476353211349
1461,1.073352525272995,1.07081213118966,1.066006882583208
1462,1.073352525272995,1.0705556805308796,1.0570244954342698
1463,1.073352525272995,1.0704070045158747,1.062398769064146
1464,1.073352525272995,1.0705726429897524,1.063684110745346
1465,1.073352525272995,1.0708025914280455,1.064345087431298
1466,1.073352525272995,1.070726770491017,1.0644684032876839
1467,1.073352525272995,1.0703529283111652,1.0640239924229142
1468,1.073352525272995,1.0703584402024016,1.0653578591675121
1469,1.073352525272995,1.0695084629273859,1.0620476403911439
1470,1.073352525272995,1.0691738511717161,1.0581480241743122
1471,1.073352525272995,1.068577701053998,1.0521891890011263
1472,1.073352525272995,1.0686709756472097,1.055105458095353
1473,1.073352525272995,1.0675531969280245,1.0558265784743566
1474,1.073352525272995,1.0669592417004936,1.055429453662379
1475,1.073352525272995,1.0676475858046006,1.0581236705855988
1476,1.073352525272995,1.0693525734515097,1.0627391341630152
1477,1.073352525272995,1.0701076929684228,1.0600170991917182
1478,1.073352525272995,1.070752373933281,1.0635937052697226
1479,1.073352525272995,1.0711908478306542,1.064486836207108
1480,1.073352525272995,1.0715060874861642,1.0683916119423715
1481,1.073352525272995,1.0716833899861986,1.0662517219366316
1482,1.073352525272995,1.0715017867133845,1.064875571268036
1483,1.073352525272995,1.071239353365621,1.0635239190977543
1484,1.073352525272995,1.071050064844978,1.0619122472138405
1485,1.073352525272995,1.0705774128853571,1.0598094209552578
1486,1.073352525272995,1.0698156618318786,1.0524364613980346
1487,1.073352525272995,1.0694562410490394,1.0593119241073856
1488,1.073352525272995,1.0710010727641879,1.064741158162426
1489,1.073352525272995,1.0708578612932096,1.0600473838764404
1490,1.073352525272995,1.0709948996982144,1.0657335087547177
1491,1.073352525272995,1.071612638615144,1.067812750736614
1492,1.073352525272995,1.071518543650224,1.0668287868807074
1493,1.073352525272995,1.0715447471235886,1.0665529282569792
1494,1.073352525272995,1.0710627736443568,1.0435142403741156
1495,1.073352525272995,1.071008780520073,1.06485140805832
1496,1.073352525272995,1.0710612971489362,1.063087335233158
1497,1.073352525272995,1.0711033541405635,1.0586630053757735
1498,1.073352525272995,1.0707737211277013,1.061575954148684
1499,1.073352525272995,1.0711724181963558,1.0609638299740274
1500,1.073352525272995,1.070954125134813,1.059893812542435
1501,1.073352525272995,1.0702890739140143,1.0614374151810018
1502,1.073352525272995,1.0703178639366366,1.059774561976953
1503,1.073352525272995,1.0709204385853015,1.0619763312287214
1504,1.073352525272995,1.070985068350353,1.0659707296352154
1505,1.073352525272995,1.0708139803325025,1.0615965786303578
1506,1.073352525272995,1.0708391026450514,1.065273516629773
1507,1.073352525272995,1.0706788352262282,1.0637502517316781
1508,1.073352525272995,1.0711280117528097,1.0659799155895529
1509,1.073352525272995,1.0711737546378184,1.065639745150298
1510,1.073352525272995,1.0710275907748745,1.066187184874782
1511,1.073352525272995,1.0712294816189816,1.066717567322675
1512,1.073352525272995,1.071470724261878,1.06484740742409
1513,1.073352525272995,1.0716993571544602,1.0657366102401626
1514,1.073352525272995,1.0716708219923419,1.0629823204681645
1515,1.073352525272995,1.0714039078059412,1.0636160055317303
1516,1.073352525272995,1.071368904018241,1.0649312076248392
1517,1.073352525272995,1.0707308254794037,1.0634256490106848
1518,1.073352525272995,1.0707953923684246,1.066157320346431
1519,1.073352525272995,1.0710525111529356,1.0623005892008146
1520,1.073352525272995,1.07098987125931,1.064850753713722
1521,1.073352525272995,1.0703935039741908,1.0633050035847909
1522,1.073352525272995,1.070485398315803,1.0603235040230334
1523,1.073352525272995,1.07033621544203,1.0644793804754737
1524,1.073352525272995,1.0704954192444864,1.0641031774756802
1525,1.073352525272995,1.0705666538431173,1.0599483445531446
1526,1.073352525272995,1.070227074560449,1.0617834755107924
1527,1.073352525272995,1.0709421165576545,1.0583260029035086
1528,1.073352525272995,1.0702427453718009,1.051718274551343
1529,1.073352525272995,1.0699758126243248,1.0604296794738226
1530,1.073352525272995,1.0695784304284313,1.0516980575504644
1531,1.073352525272995,1.0699160111848098,1.055702618124351
1532,1.073352525272995,1.0697346166270016,1.0549189617453203
1533,1.073352525272995,1.0696043569660576,1.058033588535857
1534,1.073352525272995,1.0697435587930832,1.0626762927439473
1535,1.073352525272995,1.069760145792459,1.0573988366367684
1536,1.073352525272995,1.0686081947632435,1.0544200546888356
1537,1.073352525272995,1.0696123408865128,1.0592936917353648
1538,1.073352525272995,1.0698108343548662,1.0509509293104067
1539,1.073352525272995,1.069048858915732,1.0616244476832888
1540,1.073352525272995,1.0690921142091447,1.054104087568457
1541,1.073352525272995,1.0689281722112998,1.0605854652053137
1542,1.073352525272995,1.0688630601963123,1.0633914256617292
1543,1.073352525272995,1.0685591731562105,1.0523565283296978
1544,1.073352525272995,1.0676435391126262,1.042167249796777
1545,1.073352525272995,1.067690821121385,1.0468562855012056
1546,1.073352525272995,1.0670040450284588,1.0466768961426043
1547,1.073352525272995,1.069115378424376,1.061232812157813
1548,1.073352525272995,1.0698483043312819,1.0573205480150478
1549,1.073352525272995,1.0709946506546109,1.0626414628148821
1550,1.073352525272995,1.0706319795939816,1.0599543939840155
1551,1.073352525272995,1.0712279181941051,1.0648555874185677
1552,1.073352525272995,1.0712919686818,1.0656821110179056
1553,1.073352525272995,1.0714005781971614,1.0631733872617755
1554,1.073352525272995,1.0717849560877795,1.0654842290945186
1555,1.073352525272995,1.0709783354530922,1.0614749096073242
1556,1.073352525272995,1.07078039178584,1.0650750136100784
1557,1.073352525272995,1.0709600174328953,1.0581507784807722
1558,1.073352525272995,1.0704440129005108,1.0525629628601318
1559,1.073352525272995,1.070545377128747,1.0651545885613902
1560,1.073352525272995,1.070434069368902,1.062941378695344
1561,1.073352525272995,1.0705863570725231,1.0633577480218255
1562,1.073352525272995,1.0701589950610555,1.0632087210520083
1563,1.073352525272995,1.0706444947280336,1.063662768738825
1564,1.073352525272995,1.07089880305737,1.0618806523800237
1565,1.073352525272995,1.070451659943793,1.0622195045916492
1566,1.073352525272995,1.0701181783479112,1.0505610163833659
1567,1.073352525272995,1.0698475652954549,1.0594322837930432
1568,1.073352525272995,1.069472141621913,1.0590665570062892
1569,1.073352525272995,1.068814519541142,1.0417298286153889
1570,1.073352525272995,1.0659389648302078,1.0359485953850192
1571,1.073352525272995,1.0674100870076173,1.0413646071043758
1572,1.073352525272995,1.0676327973938904,1.049922545272385
1573,1.073352525272995,1.0675672574276998,1.0500031887346846
1574,1.073352525272995,1.067899956190136,1.058767014808427
1575,1.073352525272995,1.0680933254006195,1.0596301302480153
1576,1.073352525272995,1.0680832236568831,1.0619027729233645
1577,1.073352525272995,1.0687202594363883,1.0621243916895768
1578,1.073352525272995,1.0687742575985555,1.059324023428576
1579,1.073352525272995,1.0688918075503326,1.0635126157400423
1580,1.073352525272995,1.070534470907225,1.0621887746582859
1581,1.073352525272995,1.0703035178930593,1.0632669675753308
1582,1.073352525272995,1.0697658013849134,1.058197087434762
1583,1.073352525272995,1.0693513522486757,1.052914697774364
1584,1.073352525272995,1.0690020976627552,1.0440836701420675
1585,1.073352525272995,1.0685808765866178,1.0520910382365023
1586,1.073352525272995,1.068862612577766,1.0580060570884704
1587,1.073352525272995,1.069576197924717,1.0633384891408548
1588,1.073352525272995,1.0689903606127924,1.051615298091427
1589,1.073352525272995,1.0685483988451892,1.053337993613686
1590,1.073352525272995,1.0690644484516667,1.054970124233839
1591,1.073352525272995,1.0696525825238032,1.051822480690138
1592,1.073352525272995,1.0702710762181036,1.0649145846925845
1593,1.073352525272995,1.0701480867434676,1.06226040384004
1594,1.073352525272995,1.07065625522335,1.0629542406110835
1595,1.073352525272995,1.0701569383099323,1.0646027566774166
1596,1.073352525272995,1.0703561811375288,1.0564263601085613
1597,1.073352525272995,1.0701847785063694,1.0485437290668453
1598,1.073352525272995,1.0694923541545824,1.0546428828785321
1599,1.073352525272995,1.069002533590811,1.0567239230140792
1600,1.073352525272995,1.069929668962214,1.060833511982663
1601,1.073352525272995,1.0705046454111669,1.0606629280436706
1602,1.073352525272995,1.0701114701155694,1.0629586861965068
1603,1.073352525272995,1.0703144840815646,1.0586929766420212
1604,1.073352525272995,1.0698259107847101,1.061224279935606
1605,1.073352525272995,1.068579404013157,1.0533481171590093
1606,1.073352525272995,1.0690131057524757,1.053454782918469
1607,1.073352525272995,1.0681575800662684,1.049791845138437
1608,1.073352525272995,1.0688690435317547,1.051041180257839
1609,1.073352525272995,1.0692624315622938,1.0600161363250629
1610,1.073352525272995,1.069494971867193,1.0602187635817868
1611,1.073352525272995,1.0690501740143337,1.052615904779839
1612,1.073352525272995,1.0689693900700876,1.053108229712299
1613,1.073352525272995,1.067781987358289,1.03749156535564
1614,1.073352525272995,1.0684843365292476,1.0597786998316665
1615,1.073352525272995,1.0688836671346729,1.0622184337438962
1616,1.073352525272995,1.0687825100973252,1.0510454808044245
1617,1.073352525272995,1.0693412494143597,1.059513839648668
1618,1.073352525272995,1.0698450975910823,1.0592205113481765
1619,1.073352525272995,1.0698106622257997,1.0592568908474769
1620,1.073352525272995,1.0698935508100038,1.0603762382776485
1621,1.073352525272995,1.070081312781768,1.0632813668218937
1622,1.073352525272995,1.0698940204215552,1.0568887090532517
1623,1.073352525272995,1.0694551927812121,1.0632442341892567
1624,1.073352525272995,1.0700880798813908,1.0643574661046071
1625,1.073352525272995,1.0708286732518248,1.0648966686209325
1626,1.073352525272995,1.0708179896414276,1.0652535546119855
1627,1.073352525272995,1.0710658194640947,1.0670428764219686
1628,1.073352525272995,1.071028885875823,1.0585459746325618
1629,1.073352525272995,1.0701432996795743,1.0606380019796844
1630,1.073352525272995,1.0706278449085018,1.064982446522646
1631,1.073352525272995,1.0703707675001182,1.0633275827805035
1632,1.073352525272995,1.0705641146815748,1.0631474797904947
1633,1.073352525272995,1.0707597544918912,1.0586354331702454
1634,1.073352525272995,1.070463014026131,1.0602276272452429
1635,1.073352525272995,1.070349393494962,1.0562959416117401
1636,1.073352525272995,1.070281610292524,1.063170817861463
1637,1.073352525272995,1.0694744900325646,1.0611306547630157
1638,1.073352525272995,1.0695495614619905,1.0579256806568882
1639,1.073352525272995,1.0694994702926852,1.049453282015032
1640,1.073352525272995,1.0701328689290286,1.0538347380133137
1641,1.073352525272995,1.0701408712450127,1.0564340136028143
1642,1.073352525272995,1.0689093308142836,1.0570994639475795
1643,1.073352525272995,1.0693172246360338,1.0576666887195472
1644,1.073352525272995,1.0697408833002748,1.0574414620188657
1645,1.073352525272995,1.0701915299031841,1.052977907251486
1646,1.073352525272995,1.07033452486035,1.0608998773395228
1647,1.073352525272995,1.0702944662871325,1.0627350547504562
1648,1.073352525272995,1.069744276907445,1.0591140392860097
1649,1.073352525272995,1.0695883790562808,1.0603951818532713
1650,1.073352525272995,1.068572638131444,1.0592545703826963
1651,1.073352525272995,1.0685634745432013,1.0540202616519756
1652,1.073352525272995,1.0684425413382415,1.0543777516171435
1653,1.073352525272995,1.0688283288668097,1.0554619590269527
1654,1.073352525272995,1.0689846673197443,1.056418305989269
1655,1.073352525272995,1.0696395730412886,1.0565106316308546
1656,1.073352525272995,1.0688122652985608,1.0575798223696884
1657,1.073352525272995,1.0687100973203443,1.0434447833881273
1658,1.073352525272995,1.0694401125557746,1.059534922430383
1659,1.073352525272995,1.069580364903706,1.061424610179986
1660,1.073352525272995,1.069592800403592,1.0620596305791012
1661,1.073352525272995,1.0693454958844868,1.0567883266902593
1662,1.073352525272995,1.0696567356284117,1.0627740653431341
1663,1.073352525272995,1.0693848939714075,1.0566623766090775
1664,1.073352525272995,1.0695621733624785,1.0564622423386218
1665,1.073352525272995,1.0692505127398715,1.058701686352019
1666,1.073352525272995,1.0695580131684599,1.0444416939519208
1667,1.073352525272995,1.069600977908641,1.0613718109090717
1668,1.073352525272995,1.0701063701647997,1.0640335294319594
1669,1.073352525272995,1.0699617852664147,1.054430648748708
1670,1.073352525272995,1.0697845805965134,1.0599239998680867
1671,1.073352525272995,1.0706204745332988,1.0610936771401853
1672,1.073352525272995,1.070725826958047,1.0659366719583279
1673,1.073352525272995,1.0707200176764677,1.063826503774755
1674,1.073352525272995,1.0701327588868066,1.0548510771969501
1675,1.073352525272995,1.0698386333767564,1.0628579955819397
1676,1.073352525272995,1.0694789657496326,1.0575807376544946
1677,1.073352525272995,1.0692260572572454,1.0554403823689182
1678,1.073352525272995,1.0680416279387623,1.0510814098030852
1679,1.073352525272995,1.068582736435917,1.0621921172561049
1680,1.073352525272995,1.0691968812783121,1.0522832231116874
1681,1.073352525272995,1.06890908065109,1.0525199427428584
1682,1.073352525272995,1.0684998577784075,1.0538389773064856
1683,1.073352525272995,1.06928828315358,1.0553629700997127
1684,1.073352525272995,1.069766015365399,1.0615965494851267
1685,1.073352525272995,1.0696931462579955,1.0547856398985633
1686,1.073352525272995,1.0703777038338347,1.0621984328711835
1687,1.073352525272995,1.0702116902261092,1.0651867873013299
1688,1.073352525272995,1.0703045825121482,1.0606443350067574
1689,1.073352525272995,1.070142766097208,1.0612344674834098
1690,1.073352525272995,1.071105146222434,1.065432634705354
1691,1.073352525272995,1.0714963047388841,1.0661280654804361
1692,1.073352525272995,1.0711453319659543,1.0511044011416568
1693,1.073352525272995,1.0711196855075011,1.066673181674954
1694,1.073352525272995,1.0710692036338905,1.065340178624858
1695,1.073352525272995,1.0706921469522561,1.0619769000198653
1696,1.073352525272995,1.0706923669305062,1.0584423462367294
1697,1.073352525272995,1.0705936780236405,1.0653527281346489
1698,1.073352525272995,1.0704674199306268,1.0634452007394222
1699,1.073352525272995,1.070162210191121,1.0586331745372124
1700,1.073352525272995,1.069704500680123,1.0569834322249765
1701,1.073352525272995,1.0693305635423285,1.0560984303089365
1702,1.073352525272995,1.0699832647779426,1.0534461784132036
1703,1.073352525272995,1.0695382747705566,1.0559916009804273
1704,1.073352525272995,1.0704937015980995,1.0636863502158955
1705,1.073352525272995,1.070482446779537,1.0587265195963915
1706,1.073352525272995,1.070011232834082,1.061714381141908
1707,1.073352525272995,1.0703331852314448,1.062924084149175
1708,1.073352525272995,1.0694256434881964,1.061140970976489
1709,1.073352525272995,1.0687883275056527,1.047873506704477
1710,1.073352525272995,1.0682931404229168,1.057210425627043
1711,1.073352525272995,1.0700141670975252,1.0646387527584928
1712,1.073352525272995,1.0707642278631413,1.0611687889460761
1713,1.073352525272995,1.0701326167027276,1.059693485573209
1714,1.073352525272995,1.0699925788572222,1.0586820935672918
1715,1.073352525272995,1.0700740174272836,1.0526242201386173
1716,1.073352525272995,1.0700617345744077,1.0617172582927272
1717,1.073352525272995,1.069348921661179,1.0618422004618195
1718,1.073352525272995,1.0692223322957939,1.057981566416117
1719,1.073352525272995,1.068689659923371,1.0554242921463026
1720,1.073352525272995,1.0692036880480582,1.0612773500216335
1721,1.073352525272995,1.0690538921377115,1.0603488245634907
1722,1.073352525272995,1.0695964938042453,1.0590725509951664
1723,1.073352525272995,1.0691948038978654,1.063244247780029
1724,1.073352525272995,1.0690670537920288,1.0579396897499205
1725,1.073352525272995,1.068475529229902,1.0225878092790759
1726,1.073352525272995,1.0681082858258522,1.052913519581046
1727,1.073352525272995,1.067303031456227,1.0474325619181815
1728,1.073352525272995,1.0688087367119936,1.0594772528092842
1729,1.073352525272995,1.069280922889379,1.062013387214618
1730,1.073352525272995,1.0690925327792795,1.0566725179829723
1731,1.073352525272995,1.068836308372795,1.0519536184183305
1732,1.073352525272995,1.0698987454829159,1.063513959592472
1733,1.073352525272995,1.0697411394519214,1.0614934257222448
1734,1.073352525272995,1.0694496556686583,1.058980510076628
1735,1.073352525272995,1.069272905733268,1.0588958378953512
1736,1.073352525272995,1.0685219644760962,1.0346514914715441
1737,1.073352525272995,1.0684121338380135,1.052995647568196
1738,1.073352525272995,1.0692281846281453,1.0587947733945797
1739,1.073352525272995,1.0696510369992986,1.062306609386272
1740,1.073352525272995,1.0701361752359555,1.0598907403671944
1741,1.073352525272995,1.07020113849655,1.0624624757880632
1742,1.073352525272995,1.0708352107158188,1.0640784457344163
1743,1.073352525272995,1.0706932486854799,1.0637439888258113
1744,1.073352525272995,1.0705914120485422,1.0634127219994132
1745,1.073352525272995,1.0701296442129407,1.0639152861173733
1746,1.073352525272995,1.0704348720587653,1.062103754942013
1747,1.073352525272995,1.0702570785568153,1.0636283718744597
1748,1.073352525272995,1.0700722941655978,1.0615470703432712
1749,1.073352525272995,1.070746665782061,1.0640270189657572
1750,1.073352525272995,1.0708565487270234,1.062327516183141
1751,1.073352525272995,1.0705035023130158,1.0615687222584773
1752,1.073352525272995,1.070712568566883,1.0637654974780544
1753,1.073352525272995,1.0706699923824008,1.064404782124722
1754,1.073352525272995,1.0705634477719326,1.0598204680286203
1755,1.073352525272995,1.0698594784224515,1.0594017655977566
1756,1.073352525272995,1.0693766652826826,1.060231733443299
1757,1.073352525272995,1.0693739257749322,1.0619527768254242
1758,1.073352525272995,1.0696911414621852,1.0592794279727804
1759,1.073352525272995,1.0695426039925078,1.057875728736074
1760,1.073352525272995,1.0689533987031716,1.0530610128781897
1761,1.073352525272995,1.068267065519188,1.0502498782337466
1762,1.073352525272995,1.0683039616725385,1.0537763609704913
1763,1.073352525272995,1.0696424363039605,1.0554662321993025
1764,1.073352525272995,1.0693045610704432,1.0603227989507615
1765,1.073352525272995,1.0699244496585267,1.0576909950330626
1766,1.073352525272995,1.0688883671930143,1.0597572844071128
1767,1.073352525272995,1.0682309315474416,1.0494714864916985
1768,1.073352525272995,1.0693732507722407,1.0518002602410192
1769,1.073352525272995,1.0701311020611903,1.0600566372117228
1770,1.073352525272995,1.0700256880724086,1.0623346651532466
1771,1.073352525272995,1.0701714311446555,1.0581053039795083
1772,1.073352525272995,1.069995111408671,1.0580849539720556
1773,1.073352525272995,1.0704860266950684,1.0635923976360226
1774,1.073352525272995,1.0713264697137914,1.0665017039274556
1775,1.073352525272995,1.0713818722093795,1.064093217513475
1776,1.073352525272995,1.0718359255395844,1.0601388734439763
1777,1.073352525272995,1.0715873071236601,1.0519793817868885
1778,1.073352525272995,1.070877160487973,1.066098776132131
1779,1.073352525272995,1.0705152837721008,1.0653352040025301
1780,1.073352525272995,1.0694257334851045,1.053118847668852
1781,1.073352525272995,1.0696845244412843,1.057918090073239
1782,1.073352525272995,1.0685408880682346,1.0393576921509542
1783,1.073352525272995,1.069254407819075,1.0553881419918927
1784,1.073352525272995,1.0696738674200066,1.0606587018079372
1785,1.073352525272995,1.0689973896225948,1.0500053308378217
1786,1.073352525272995,1.0685199688601756,1.056651420243342
1787,1.073352525272995,1.0682275316686463,1.044827495990293
1788,1.073352525272995,1.0682091455498972,1.053948014321974
1789,1.073352525272995,1.0684218220006394,1.056929197560455
1790,1.073352525272995,1.0681996258431703,1.053655242967673
1791,1.073352525272995,1.068563176281168,1.061006802421229
1792,1.073352525272995,1.069247082313209,1.0602061344860543
1793,1.073352525272995,1.0699573611184605,1.0643736977618108
1794,1.073352525272995,1.0703192700386903,1.0594415044558123
1795,1.073352525272995,1.0703560682827187,1.0628895167165386
1796,1.073352525272995,1.0698420033709712,1.0643019318439686
1797,1.073352525272995,1.0701328270780242,1.0602136433239426
1798,1.073352525272995,1.070021936765221,1.0602222249912496
1799,1.073352525272995,1.0694873732925045,1.0589666372152797
1800,1.073352525272995,1.0691724058477852,1.0600087603204889
1801,1.073352525272995,1.0692000074607968,1.0450023156108885
1802,1.073352525272995,1.0693489573786765,1.0561193244711333
1803,1.073352525272995,1.069147612093215,1.055318892503082
1804,1.073352525272995,1.0692507502745063,1.0639246131488582
1805,1.073352525272995,1.07048568238111,1.06565480616105
1806,1.073352525272995,1.0708458868365875,1.0672028371878954
1807,1.073352525272995,1.071085949098138,1.0661963230036906
1808,1.073352525272995,1.0712653026004322,1.0666844450828672
1809,1.073352525272995,1.0716823006768834,1.0678398265626565
1810,1.073352525272995,1.0713386303094998,1.0668322088022077
1811,1.073352525272995,1.0711541999220353,1.0620669660923396
1812,1.073352525272995,1.0712372277674935,1.0529602375130045
1813,1.073352525272995,1.0711083864656807,1.0641900504331585
1814,1.073352525272995,1.07105615144004,1.062605526977
1815,1.073352525272995,1.0704081748299519,1.0646304909218398
1816,1.073352525272995,1.0711543974305284,1.065253818235945
1817,1.073352525272995,1.070983900022585,1.0655538540791585
1818,1.073352525272995,1.070562382148373,1.064135746656472
1819,1.073352525272995,1.070580403188764,1.0618391482658485
1820,1.073352525272995,1.0696901841720177,1.0469788346100204
1821,1.073352525272995,1.0695866833409713,1.0562289380579721
1822,1.073352525272995,1.0694636236943011,1.0592657762574795
1823,1.073352525272995,1.069389076235346,1.0619222312053531
1824,1.073352525272995,1.0703320673314813,1.0609456288470631
1825,1.073352525272995,1.0706268000960983,1.0661704045288862
1826,1.073352525272995,1.0704695693726485,1.0640357625261696
1827,1.073352525272995,1.0710680127381158,1.0612875845326344
1828,1.073352525272995,1.070922111582829,1.051737311307655
1829,1.073352525272995,1.0714444214901364,1.0655578194566648
1830,1.073352525272995,1.0716877998149177,1.067540336063993
1831,1.073352525272995,1.0707238413052644,1.0617348428218245
1832,1.073352525272995,1.0707973841681788,1.0576571221718944
1833,1.073352525272995,1.0703267616134067,1.0633405655159014
1834,1.073352525272995,1.070100677855451,1.0619310383974394
1835,1.073352525272995,1.0704019497705297,1.0573660789159094
1836,1.073352525272995,1.0691714478460577,1.0568301174289074
1837,1.073352525272995,1.0696124516725218,1.0585360576032634
1838,1.073352525272995,1.070350395151523,1.0574595220890852
1839,1.073352525272995,1.0704538725785064,1.0600401150933056
1840,1.073352525272995,1.0712208580388043,1.0636250909508498
1841,1.073352525272995,1.070987524059314,1.0666135708629716
1842,1.073352525272995,1.0710704427009343,1.0658023798304486
1843,1.073352525272995,1.0713461024174968,1.0647133514556857
1844,1.073352525272995,1.0711590632486658,1.0652715615208788
1845,1.073352525272995,1.0707391653850482,1.05449242628108
1846,1.073352525272995,1.070816674432169,1.0602900368180448
1847,1.073352525272995,1.0703183065747377,1.062749287928098
1848,1.073352525272995,1.0702951793169304,1.0581945145114975
1849,1.073352525272995,1.0702482548358163,1.0512052921547235
1850,1.073352525272995,1.0682964587761352,1.0409714556128558
1851,1.073352525272995,1.0693806502810954,1.0550414144231077
1852,1.073352525272995,1.069469396825158,1.056361870183495
1853,1.073352525272995,1.0693676231552447,1.052491915312587
1854,1.073352525272995,1.0688425905490884,1.0569230296442242
1855,1.073352525272995,1.069458685497863,1.0574014723990026
1856,1.073352525272995,1.0700213704277615,1.0563719966965044
1857,1.073352525272995,1.0703965350396536,1.0649736597094388
1858,1.073352525272995,1.0707734307999461,1.0651710347565455
1859,1.073352525272995,1.0707081489605328,1.0642460865824974
1860,1.073352525272995,1.070986283547425,1.0642552856464693
1861,1.073352525272995,1.0708062190626209,1.0644050277293318
1862,1.073352525272995,1.0707636397230567,1.067216131082683
1863,1.073352525272995,1.0707363654269535,1.0631139234255562
1864,1.073352525272995,1.0704558543587053,1.0663049619535379
1865,1.073352525272995,1.070532491821062,1.0651723557899446
1866,1.073352525272995,1.0704469547404551,1.058936514954682
1867,1.073352525272995,1.0693792522517018,1.0587949160997205
1868,1.073352525272995,1.0688675998005317,1.0557672546277441
1869,1.073352525272995,1.069316565452748,1.0600275917170063
1870,1.073352525272995,1.0698426403290329,1.062326386700009
1871,1.073352525272995,1.0700092510120056,1.0565283316789522
1872,1.073352525272995,1.0695939036257227,1.0596837135012034
1873,1.073352525272995,1.0692086069858997,1.0583127304842326
1874,1.073352525272995,1.068976315420662,1.0606542631287268
1875,1.073352525272995,1.070286295865362,1.0653672741169538
1876,1.073352525272995,1.070417637069066,1.0618293400208216
1877,1.073352525272995,1.0707014590099864,1.0619189007324712
1878,1.073352525272995,1.0703477046500636,1.0630728690014741
1879,1.073352525272995,1.0706247164817368,1.0594365239218573
1880,1.073352525272995,1.0708684568819227,1.0624272711049572
1881,1.073352525272995,1.0706688308956536,1.0617278167543305
1882,1.073352525272995,1.0704513080411644,1.0633402285005187
1883,1.073352525272995,1.0698808413886776,1.0536789025599353
1884,1.073352525272995,1.0691503925990617,1.0624178762927152
1885,1.073352525272995,1.0696809015691373,1.062937642052738
1886,1.073352525272995,1.0691336459851177,1.0601481411578992
1887,1.073352525272995,1.0691885623130326,1.0518571080226595
1888,1.073352525272995,1.0689584179596958,1.0610256428220732
1889,1.073352525272995,1.0688339696427405,1.0595687499921183
1890,1.073352525272995,1.0687813215350437,1.0605124303103857
1891,1.073352525272995,1.0687252637942917,1.0580947794060442
1892,1.073352525272995,1.06853286405872,1.0544282999073098
1893,1.073352525272995,1.0680155651454684,1.0472385889130456
1894,1.073352525272995,1.067371121023064,1.0551120776886007
1895,1.073352525272995,1.0665893260288009,1.0548237945119552
1896,1.073352525272995,1.0681588006532623,1.0575401542286467
1897,1.073352525272995,1.069073540708721,1.0592173683143
1898,1.073352525272995,1.069399336419188,1.0535755683385342
1899,1.073352525272995,1.0699253091850895,1.0565056036729368
1900,1.073352525272995,1.0701491602401827,1.0634454090039989
1901,1.073352525272995,1.069806363542323,1.0543916978545185
1902,1.073352525272995,1.0697774082762874,1.059061542579616
1903,1.073352525272995,1.0702472758505195,1.0635468645215647
1904,1.073352525272995,1.070201029838541,1.063015588087062
1905,1.073352525272995,1.0703052482310356,1.0634667731181713
1906,1.073352525272995,1.0694678823914052,1.0582944094914863
1907,1.073352525272995,1.0687061191106226,1.050645130118
1908,1.073352525272995,1.0690699680533846,1.0596239616647622
1909,1.073352525272995,1.0686325035704693,1.0606161938143777
1910,1.073352525272995,1.0691922504189473,1.061497698886173
1911,1.073352525272995,1.0707824135122188,1.0654362083360627
1912,1.073352525272995,1.070943301144806,1.0636594761423637
1913,1.073352525272995,1.07079403288436,1.0640749417732496
1914,1.073352525272995,1.071255688314738,1.0657499638551176
1915,1.073352525272995,1.070884840814318,1.0629774767879854
1916,1.073352525272995,1.071234679718187,1.0661645202102852
1917,1.073352525272995,1.0714405733726982,1.0632993224423806
1918,1.073352525272995,1.0713124078457315,1.065941089310613
1919,1.073352525272995,1.071119080948886,1.0636802104369782
1920,1.073352525272995,1.0711905842927834,1.0643612759019876
1921,1.073352525272995,1.071021588081378,1.065962071567497
1922,1.073352525272995,1.071150156337193,1.0647394624368367
1923,1.073352525272995,1.0712803445105559,1.0667493445339526
1924,1.073352525272995,1.0712455108769898,1.0666012170884769
1925,1.073352525272995,1.0704839704207239,1.0534547720183811
1926,1.073352525272995,1.069808995229092,1.0506624795938233
1927,1.073352525272995,1.0700546606839167,1.0599201556085247
1928,1.073352525272995,1.070197255967545,1.0623808472009126
1929,1.073352525272995,1.0703544100293727,1.0627245818184123
1930,1.073352525272995,1.0698946303427235,1.0605389549079487
1931,1.073352525272995,1.0699027327765105,1.0531037585847032
1932,1.073352525272995,1.0706448206495245,1.0648302701858832
1933,1.073352525272995,1.0706281713784112,1.0594065785636073
1934,1.073352525272995,1.0703102466815855,1.054113549002912
1935,1.073352525272995,1.0700754263963173,1.0593712655276661
1936,1.073352525272995,1.070305335793379,1.061637361810503
1937,1.073352525272995,1.0695458796369288,1.0608664810502102
1938,1.073352525272995,1.0698395649057115,1.033017699095897
1939,1.073352525272995,1.070402320230441,1.0626229132622236
1940,1.073352525272995,1.0706068033002756,1.0625124185726982
1941,1.073352525272995,1.0699822063713968,1.0597401114032592
1942,1.073352525272995,1.06990164820074,1.0576807052985862
1943,1.073352525272995,1.0699416207860346,1.0657239519842665
1944,1.073352525272995,1.0706227546202949,1.0648722512338338
1945,1.073352525272995,1.0712338092904727,1.0685146322958374
1946,1.073352525272995,1.0708896610550107,1.0631911821947422
1947,1.073352525272995,1.0712845840981793,1.0670678965195102
1948,1.073352525272995,1.0712568434462355,1.0658173605053947
1949,1.073352525272995,1.0710469767720565,1.0634716539007687
1950,1.073352525272995,1.0708493116806466,1.0592743781963119
1951,1.073352525272995,1.0705766052703047,1.0630761063328684
1952,1.073352525272995,1.0708108479293212,1.0675458661202373
1953,1.073352525272995,1.0707174150758487,1.0648339702346874
1954,1.073352525272995,1.0705523584532959,1.05846579281299
1955,1.073352525272995,1.069833286222908,1.0593601851152776
1956,1.073352525272995,1.0703944456286834,1.0571886845810181
1957,1.073352525272995,1.0697116282672825,1.06530721589816
1958,1.073352525272995,1.070204450677608,1.0612840264946968
1959,1.073352525272995,1.070792221621344,1.062398013487035
1960,1.073352525272995,1.0709042564429,1.065596362189488
1961,1.073352525272995,1.0709469426503135,1.066276784679288
1962,1.073352525272995,1.0706833546637382,1.0519237437187767
1963,1.073352525272995,1.0708023656505186,1.063159250237811
1964,1.073352525272995,1.0699309608025689,1.0623910653527782
1965,1.073352525272995,1.0692736613410971,1.0559054338739071
1966,1.073352525272995,1.068631728374607,1.0609148215640423
1967,1.073352525272995,1.0689869794802984,1.0486621790860484
1968,1.073352525272995,1.0693051735865438,1.056012033842365
1969,1.073352525272995,1.0697314436840333,1.0576806590129813
1970,1.073352525272995,1.0696960891678062,1.0581779118003076
1971,1.073352525272995,1.0702332179377523,1.0626045122293133
1972,1.073352525272995,1.0702065727410799,1.062517021295518
1973,1.073352525272995,1.0696700391964187,1.064886555990714
1974,1.073352525272995,1.0697834991763906,1.0556304759475759
1975,1.073352525272995,1.070132881585743,1.0630944880769457
1976,1.073352525272995,1.069776499404468,1.0621882174630144
1977,1.073352525272995,1.069907037292663,1.0611458268320726
1978,1.073352525272995,1.0699600129351021,1.0590231988052723
1979,1.073352525272995,1.0695950483683765,1.0570672559301237
1980,1.073352525272995,1.0697223555647595,1.0573598759446416
1981,1.073352525272995,1.0697792968336426,1.0614370841204201
1982,1.073352525272995,1.069768512434001,1.059956952861256
1983,1.073352525272995,1.0683550111867361,1.0486923617694175
1984,1.073352525272995,1.068801026001459,1.0519019664301377
1985,1.073352525272995,1.06798763114578,1.0558863962675853
1986,1.073352525272995,1.0682166671563564,1.0538434617865473
1987,1.073352525272995,1.068473796142602,1.0465427692214444
1988,1.073352525272995,1.0673951132683823,1.05683836036515
1989,1.073352525272995,1.0672765576221042,1.0524430404208527
1990,1.073352525272995,1.0675326881838558,1.0578459157085984
1991,1.073352525272995,1.068076865452898,1.045747796674065
1992,1.073352525272995,1.0691174826308005,1.0614450317134076
1993,1.073352525272995,1.069575614365494,1.0604765441496662
1994,1.073352525272995,1.0706474208035317,1.0640550133629865
1995,1.073352525272995,1.0704396699344765,1.0637457716598628
1996,1.073352525272995,1.0702537640176537,1.065062105776038
1997,1.073352525272995,1.0699009393452186,1.0618536799600187
1998,1.073352525272995,1.0701789582098251,1.063063628795985
1999,1.073352525272995,1.0703093770949155,1.064166904212967
2000,1.073352525272995,1.0703702703890985,1.0656801144863004
2001,1.073352525272995,1.0705542965056445,1.0612488739035366
2002,1.073352525272995,1.0704602501042377,1.0655485621927223
2003,1.073352525272995,1.0705272062455833,1.0560548216779029
2004,1.073352525272995,1.070850880925628,1.0603914779879529
2005,1.073352525272995,1.0709959590228677,1.0669353947038647
2006,1.073352525272995,1.070840012335483,1.0632311030426695
2007,1.073352525272995,1.0712664757839625,1.0678186941463088
2008,1.073352525272995,1.0710475297288522,1.065108358312071
2009,1.073352525272995,1.0708418930083028,1.0648228039056766
2010,1.073352525272995,1.0700048584031256,1.0612807711161973
2011,1.073352525272995,1.0697685034547988,1.0622639104138
2012,1.073352525272995,1.0691170728638193,1.0579142119899265
2013,1.073352525272995,1.0698593341634994,1.0577838110641056
2014,1.073352525272995,1.0699785863326712,1.0579675282964074
2015,1.073352525272995,1.069737971374913,1.0627693404734826
2016,1.073352525272995,1.0695417312419937,1.063362062431362
2017,1.073352525272995,1.0702471438255812,1.062784661016654
2018,1.073352525272995,1.0703079074370767,1.062712549165048
2019,1.073352525272995,1.0706869241638644,1.059344701198188
2020,1.073352525272995,1.0706007014717354,1.0645014558643477
2021,1.073352525272995,1.0712051211159426,1.0664749945033947
2022,1.073352525272995,1.0708959890219085,1.0516253872659795
2023,1.073352525272995,1.0712272870496722,1.063325054487899
2024,1.073352525272995,1.0714488535517932,1.0640623156122593
2025,1.073352525272995,1.0707992603769878,1.058458212021189
2026,1.073352525272995,1.071000643392933,1.065099741623603
2027,1.073352525272995,1.0709437323926465,1.0606480293350091
2028,1.073352525272995,1.0706480721443459,1.0650893877354295
2029,1.073352525272995,1.0712014371467162,1.0664464687518547
2030,1.073352525272995,1.0716682537255273,1.0617381583262246
2031,1.073352525272995,1.0717241712672683,1.0660584333144125
2032,1.073352525272995,1.0714965082493813,1.0647064654899456
2033,1.073352525272995,1.0710426188330011,1.064419339353609
2034,1.073352525272995,1.0709270241762916,1.0640716160085635
2035,1.073352525272995,1.0710169443808524,1.065683059192275
2036,1.073352525272995,1.0706785905032743,1.0653539301133677
2037,1.073352525272995,1.0706917763044312,1.0647846102651912
2038,1.073352525272995,1.0708161422796239,1.0639550706645797
2039,1.073352525272995,1.070012246116957,1.0614643764166933
2040,1.073352525272995,1.0696983623292542,1.0532908223959923
2041,1.073352525272995,1.069201455344961,1.053206171870954
2042,1.073352525272995,1.0700433338734936,1.0606421031101263
2043,1.073352525272995,1.069642588603071,1.0489380002083841
2044,1.073352525272995,1.069716972171446,1.0621413324064037
2045,1.073352525272995,1.0697494285954887,1.062473590477034
2046,1.073352525272995,1.0688394328274458,1.059101930560034
2047,1.073352525272995,1.0702410900664814,1.0600747501707772
2048,1.073352525272995,1.0696415194600442,1.0627389979600297
2049,1.073352525272995,1.069283425686092,1.0596474071678672
2050,1.073352525272995,1.0693141201816037,1.0633496802664704
2051,1.073352525272995,1.0695360634611655,1.0620259918893409
2052,1.073352525272995,1.0689807490296335,1.047569996625187
2053,1.073352525272995,1.0688480049366147,1.0512663663732893
2054,1.073352525272995,1.0689622051284164,1.0588496565474923
2055,1.073352525272995,1.0688771695849022,1.062454616355157
2056,1.073352525272995,1.070457583750905,1.0630353233410772
2057,1.073352525272995,1.0709824317165504,1.0643885502795611
2058,1.073352525272995,1.0715954714936162,1.0682784149480666
2059,1.073352525272995,1.0716732839708882,1.0647369010992305
2060,1.073352525272995,1.0711979977306936,1.060141398261809
2061,1.073352525272995,1.0712906580382775,1.0618021705960938
2062,1.073352525272995,1.0704626327854343,1.0583659715036862
2063,1.073352525272995,1.0704017975870397,1.0599218680939564
2064,1.073352525272995,1.0704826224901138,1.0635509771182465
2065,1.073352525272995,1.0707401805825034,1.063332324148137
2066,1.073352525272995,1.0709673813385223,1.0642299133355624
2067,1.073352525272995,1.0713621351891967,1.0632184485685263
2068,1.073352525272995,1.0703952783012456,1.0593281921335056
2069,1.073352525272995,1.0707938802133314,1.056401951596221
2070,1.073352525272995,1.0703324819647,1.062728079483453
2071,1.073352525272995,1.0703227069948915,1.0619575512082038
2072,1.073352525272995,1.0708622340545835,1.059167022352149
2073,1.073352525272995,1.0708943618732365,1.06353865517337
2074,1.073352525272995,1.0712150274090082,1.063292792017827
2075,1.073352525272995,1.0716899764258998,1.0617694453750197
2076,1.073352525272995,1.071521789186426,1.0655131657225902
2077,1.073352525272995,1.0716471953910562,1.0671660223785275
2078,1.073352525272995,1.0711690376997864,1.0632327396510326
2079,1.073352525272995,1.0714755908512823,1.0652876194958716
2080,1.073352525272995,1.0711239527667948,1.0597957637960391
2081,1.073352525272995,1.0709486609841072,1.0647548548665153
2082,1.073352525272995,1.0707664055815453,1.0620997704380901
2083,1.073352525272995,1.070813346376849,1.056274535408492
2084,1.073352525272995,1.0705842064485067,1.055046085193341
2085,1.073352525272995,1.0707258140142464,1.0639398747074562
2086,1.073352525272995,1.0711997570425984,1.066080485981824
2087,1.073352525272995,1.070428907553772,1.0596711651592687
2088,1.073352525272995,1.0696668912240055,1.0586040125308873
2089,1.073352525272995,1.0700587197267493,1.0574204644660952
2090,1.073352525272995,1.0699525852493097,1.0601488338887297
2091,1.073352525272995,1.0695898506607164,1.060723651849747
2092,1.073352525272995,1.0704137303862253,1.0635005190314772
2093,1.073352525272995,1.070747207805962,1.0658911709568113
2094,1.073352525272995,1.0713192389122215,1.0628284532505639
2095,1.073352525272995,1.0713841575892216,1.062999691570237
2096,1.073352525272995,1.0709572537792909,1.0651838764697596
2097,1.073352525272995,1.070487354156298,1.0591359297262142
2098,1.073352525272995,1.0703297841734745,1.0587773141464814
2099,1.073352525272995,1.0705034187563711,1.0589435197537989
2100,1.073352525272995,1.0706004473395148,1.0651776771199033
2101,1.073352525272995,1.0707522901640179,1.0629489581979559
2102,1.073352525272995,1.0709621111543255,1.0642767604322165
2103,1.073352525272995,1.071621059599188,1.0674548531927996
2104,1.073352525272995,1.0713055282472794,1.0632668917451853
2105,1.073352525272995,1.0707695933307189,1.0601561141063258
2106,1.073352525272995,1.0711447696251266,1.0589181609893594
2107,1.073352525272995,1.070494830562326,1.0606982804833693
2108,1.073352525272995,1.0710277125995074,1.0667115492704364
2109,1.073352525272995,1.0704020885619272,1.0570320882056665
2110,1.073352525272995,1.0698921068152738,1.0563975408211033
2111,1.073352525272995,1.0695025002913099,1.0502967363155886
2112,1.073352525272995,1.0692030538593313,1.0591746325904898
2113,1.073352525272995,1.068979998618086,1.0593807247357065
2114,1.073352525272995,1.0690471645820285,1.059583019219824
2115,1.073352525272995,1.0689504132067018,1.0581114340223137
2116,1.073352525272995,1.069379818698944,1.0594858763188193
2117,1.073352525272995,1.0691728095057043,1.0617865678996763
2118,1.073352525272995,1.0693459862045105,1.0627266659795707
2119,1.073352525272995,1.0695230976775592,1.0631392230371173
2120,1.073352525272995,1.0700132327578524,1.057312782559706
2121,1.073352525272995,1.0698642545636665,1.0649846602726056
2122,1.073352525272995,1.0697653262836604,1.0589047698803562
2123,1.073352525272995,1.07026214081983,1.0606891448843374
2124,1.073352525272995,1.0706695765068717,1.0582227941346016
2125,1.073352525272995,1.069790505271979,1.046871731019311
2126,1.073352525272995,1.0704359538168509,1.0634358449735402
2127,1.073352525272995,1.0699044465087808,1.0549752089461732
2128,1.073352525272995,1.0701897614759286,1.052846238860527
2129,1.073352525272995,1.0699511678694877,1.0569574181444512
2130,1.073352525272995,1.070307025936039,1.0633665402941226
2131,1.073352525272995,1.0704719035185846,1.0618136124512496
2132,1.073352525272995,1.070936611632946,1.0663542490651374
2133,1.073352525272995,1.070606945553432,1.0639024924773017
2134,1.073352525272995,1.07082938409695,1.0651261944962669
2135,1.073352525272995,1.0706451520163638,1.065304627751092
2136,1.073352525272995,1.069973824221367,1.065575237872739
2137,1.073352525272995,1.0702232094844437,1.0612542411387547
2138,1.073352525272995,1.0698842783366351,1.0613168978192273
2139,1.073352525272995,1.0698975325051918,1.061398779472008
2140,1.073352525272995,1.0692844402146902,1.0557434641980468
2141,1.073352525272995,1.0689819544694443,1.061846055421518
2142,1.073352525272995,1.069279979686395,1.0634563902588383
2143,1.073352525272995,1.0691433569898274,1.0630010638364396
2144,1.073352525272995,1.0694717269393885,1.0645926231628478
2145,1.073352525272995,1.0698252018138634,1.0648803134733367
2146,1.073352525272995,1.0699385687022582,1.0467834820674282
2147,1.073352525272995,1.0694861516962846,1.059599116204959
2148,1.073352525272995,1.0688277207039905,1.059397628518562
2149,1.073352525272995,1.069193995153438,1.0560049169080528
2150,1.073352525272995,1.0689844126876031,1.050490420291827
2151,1.073352525272995,1.0689328901619597,1.0620674431145418
2152,1.073352525272995,1.0699377109000268,1.061647572817821
2153,1.073352525272995,1.0700435370464294,1.0621901788419608
2154,1.073352525272995,1.0704455291718793,1.0603757576781505
2155,1.073352525272995,1.0706687282806735,1.0593111047588124
2156,1.073352525272995,1.070428158266918,1.0624970102428983
2157,1.073352525272995,1.069768884219169,1.0551386510722338
2158,1.073352525272995,1.0697292722594123,1.0626243366215729
2159,1.073352525272995,1.0699079658067583,1.0612040659308457
2160,1.073352525272995,1.0700366819677871,1.0617300715150293
2161,1.073352525272995,1.0704275178602978,1.0589749390120904
2162,1.073352525272995,1.070284879247704,1.060127993188127
2163,1.073352525272995,1.070586214792252,1.0575237965895425
2164,1.073352525272995,1.0703299730450337,1.063735674169614
2165,1.073352525272995,1.0705559128183082,1.0606597988128312
2166,1.073352525272995,1.070480949759256,1.0600587821553684
2167,1.073352525272995,1.0706258002667721,1.0661577363150285
2168,1.073352525272995,1.0709500825288272,1.0599294487734057
2169,1.073352525272995,1.0707030480857906,1.0599805981216412
2170,1.073352525272995,1.0709537700167442,1.0561310458038793
2171,1.073352525272995,1.0711862719007539,1.0666319776553754
2172,1.073352525272995,1.0713968049678224,1.0643767013683758
2173,1.073352525272995,1.0714201303108988,1.0645647579718653
2174,1.073352525272995,1.0705196853868042,1.04787168584357
2175,1.073352525272995,1.0691833176702823,1.0525820935422447
2176,1.073352525272995,1.0694019685676046,1.0585923587542054
2177,1.073352525272995,1.0696204241603904,1.060189427853102
2178,1.073352525272995,1.0700125106566623,1.0625229675554646
2179,1.073352525272995,1.0698811720681363,1.0636247510366181
2180,1.073352525272995,1.0699675739745524,1.0612125377715003
2181,1.073352525272995,1.0698195533479156,1.0619623662715918
2182,1.073352525272995,1.0704406565720102,1.0649878838525129
2183,1.073352525272995,1.0704829550166222,1.0660345804440934
2184,1.073352525272995,1.0701202033354391,1.0614659937663191
2185,1.073352525272995,1.0703110022651356,1.0652266892392221
2186,1.073352525272995,1.0708437748008444,1.064246999105523
2187,1.073352525272995,1.0708152255771142,1.065999364017011
2188,1.073352525272995,1.070984494701873,1.065808046349365
2189,1.073352525272995,1.070917688304031,1.0640247642683727
2190,1.073352525272995,1.0709488913349867,1.0624386410414903
2191,1.073352525272995,1.0705492321919732,1.055552698967526
2192,1.073352525272995,1.0702818378019539,1.0424868767537068
2193,1.073352525272995,1.0708103960467523,1.0651177902956548
2194,1.073352525272995,1.0708512524390756,1.0659451836091134
2195,1.073352525272995,1.071279421531144,1.0671510169373972
2196,1.073352525272995,1.0715524831277967,1.067101061183624
2197,1.073352525272995,1.0717491801542531,1.066644595501387
2198,1.073352525272995,1.071133304476877,1.0571629550201929
2199,1.073352525272995,1.070530641253363,1.0641684544490888
2200,1.073352525272995,1.0700692904249716,1.0584467097405708
2201,1.073352525272995,1.0702018185382287,1.0635280330816734
2202,1.073352525272995,1.0702841147195743,1.0661226500985856
2203,1.073352525272995,1.070352652625836,1.0625884949656372
2204,1.073352525272995,1.0707826634835833,1.064389934484989
2205,1.073352525272995,1.0704821202280896,1.063670130761744
2206,1.073352525272995,1.070007844252702,1.0606192058597528
2207,1.073352525272995,1.06955957390368,1.062021780836018
2208,1.073352525272995,1.0687915017789806,1.0500183856907093
2209,1.073352525272995,1.0683454444530285,1.0538251089824235
2210,1.073352525272995,1.067547622079096,1.0450520955114302
2211,1.073352525272995,1.0681063100254022,1.0523652733076188
2212,1.073352525272995,1.0676038187346686,1.0540463179811488
2213,1.073352525272995,1.068163931089325,1.0566183956508324
2214,1.073352525272995,1.06809409594608,1.0577721328460574
2215,1.073352525272995,1.0687598548111688,1.0585255350165348
2216,1.073352525272995,1.0690707476395827,1.0617881466153976
2217,1.073352525272995,1.0689691050785661,1.0626302369385594
2218,1.073352525272995,1.0688768031569282,1.0619099098515623
2219,1.073352525272995,1.0680856697258838,1.0556336623669875
2220,1.073352525272995,1.068132391990239,1.0562521042110733
2221,1.073352525272995,1.0686079295538247,1.0585815398195066
2222,1.073352525272995,1.0689835564910444,1.0617579345785764
2223,1.073352525272995,1.0696227583726348,1.0638134050862855
2224,1.073352525272995,1.0703485003873299,1.0643201235393769
2225,1.073352525272995,1.0709499712850599,1.0616831114041845
2226,1.073352525272995,1.071007943812771,1.0655518039162961
2227,1.073352525272995,1.0711255983207923,1.0640931142063104
2228,1.073352525272995,1.0711783382946376,1.0650132323940027
2229,1.073352525272995,1.0713610283003427,1.0659546673362952
2230,1.073352525272995,1.0712919774622498,1.066628790936441
2231,1.073352525272995,1.07076349659089,1.0565974937006968
2232,1.073352525272995,1.0710277790039668,1.063075703195385
2233,1.073352525272995,1.0707526194426549,1.0639586992663932
2234,1.073352525272995,1.0709076894703675,1.062388134349145
2235,1.073352525272995,1.0700953890257618,1.058656978591579
2236,1.073352525272995,1.0703441862233987,1.063389742935067
2237,1.073352525272995,1.0701480787193247,1.0524595933110428
2238,1.073352525272995,1.0692711403562782,1.0590156611286803
2239,1.073352525272995,1.0703931395051172,1.0617183702066753
2240,1.073352525272995,1.070930495717385,1.062960206289968
2241,1.073352525272995,1.071031926536788,1.0627145491296883
2242,1.073352525272995,1.0706481773085583,1.0637855737816557
2243,1.073352525272995,1.0707250968048418,1.0597662276497322
2244,1.073352525272995,1.070276911921755,1.0616216237739557
2245,1.073352525272995,1.0704433046906145,1.0552882950898606
2246,1.073352525272995,1.069696061585342,1.0511410885257473
2247,1.073352525272995,1.0694332091171288,1.0521478604929833
2248,1.073352525272995,1.0685091148885808,1.0528236947380765
2249,1.073352525272995,1.0677852047247964,1.0563461268578904
2250,1.073352525272995,1.0703163450636115,1.059805511403249
2251,1.073352525272995,1.0708673273890776,1.0573318336993407
2252,1.073352525272995,1.0700788424850594,1.0535094954785555
2253,1.073352525272995,1.070396118446159,1.0559296661339097
2254,1.073352525272995,1.0701341509870774,1.0610695286674587
2255,1.073352525272995,1.0696037538560246,1.0545568479752372
2256,1.073352525272995,1.0696317815080405,1.0558238320380173
2257,1.073352525272995,1.069593568845986,1.057748997426864
2258,1.073352525272995,1.0686393304302961,1.0474901719471301
2259,1.073352525272995,1.0690956220325771,1.050025155637425
2260,1.073352525272995,1.0677459755162821,1.052568360385202
2261,1.073352525272995,1.0681902092062523,1.0605385693283296
2262,1.073352525272995,1.0688423057010272,1.0538018513122072
2263,1.073352525272995,1.0697425272472603,1.0606355137594443
2264,1.073352525272995,1.070531404032029,1.0621942039790024
2265,1.073352525272995,1.0712366522531058,1.0649291417806146
2266,1.073352525272995,1.0711032388160873,1.0652895991585956
2267,1.073352525272995,1.0715723185395662,1.0659401702520068
2268,1.073352525272995,1.0716637325106497,1.067068798683718
2269,1.073352525272995,1.070744741873471,1.0531669384489772
2270,1.073352525272995,1.071125591896105,1.0665893972458533
2271,1.073352525272995,1.0710857018389324,1.06362755674269
2272,1.073352525272995,1.0703304316719497,1.0562531998365645
2273,1.073352525272995,1.07046745251268,1.0646832463527618
2274,1.073352525272995,1.0698877688920414,1.0557560832497268
2275,1.073352525272995,1.0695198789542975,1.062006417771534
2276,1.073352525272995,1.0703750453891119,1.0654135122216513
2277,1.073352525272995,1.0699892580512165,1.0617877712583392
2278,1.073352525272995,1.0695202923326317,1.0624850315582115
2279,1.073352525272995,1.069911411086813,1.0645806058993184
2280,1.073352525272995,1.0698284225275114,1.0644857081674415
2281,1.073352525272995,1.0698115852620955,1.0641463334544026
2282,1.073352525272995,1.0706525596557006,1.065432140758996
2283,1.073352525272995,1.070450477135187,1.0591218881603348
2284,1.073352525272995,1.0693359117065857,1.0531073989878996
2285,1.073352525272995,1.069193866197988,1.0574466988649958
2286,1.073352525272995,1.069205421589465,1.0562885437081704
2287,1.073352525272995,1.0690972817634874,1.061531172601033
2288,1.073352525272995,1.0694146980405805,1.0600571309063196
2289,1.073352525272995,1.0692155616536043,1.059533394158935
2290,1.073352525272995,1.070080263426019,1.0639346930309133
2291,1.073352525272995,1.070283697696096,1.0607954107724613
2292,1.073352525272995,1.0704427593045076,1.0632820521378372
2293,1.073352525272995,1.0706101020125007,1.06449941557248
2294,1.073352525272995,1.071166341735474,1.0663662593298684
2295,1.073352525272995,1.0714184491764087,1.0614387273759385
2296,1.073352525272995,1.071401670407587,1.0666800732533122
2297,1.073352525272995,1.0717246948678265,1.0663890956498965
2298,1.073352525272995,1.0712486953726335,1.0640925850634693
2299,1.073352525272995,1.0705897548352745,1.0613124711440844
2300,1.073352525272995,1.0704459371185997,1.059858013753276
2301,1.073352525272995,1.0703993025555665,1.0582110515569503
2302,1.073352525272995,1.0700057728403964,1.0634788225267846
2303,1.073352525272995,1.0704316980538662,1.0633609365093304
2304,1.073352525272995,1.0705829402600526,1.0654051929919643
2305,1.073352525272995,1.070646697604929,1.065326602620551
2306,1.073352525272995,1.0705379007804874,1.062280359266596
2307,1.073352525272995,1.070806404486357,1.057092931247181
2308,1.073352525272995,1.0708319110109485,1.065036060781944
2309,1.073352525272995,1.0705766327468205,1.0656350746347847
2310,1.073352525272995,1.0706456551563337,1.0534191581015846
2311,1.073352525272995,1.0706497013366305,1.0599113601152357
2312,1.073352525272995,1.0707952906099059,1.0650347499903874
2313,1.073352525272995,1.0692540595568436,1.0419593099859505
2314,1.073352525272995,1.068815501279227,1.0518838598651892
2315,1.073352525272995,1.0673276795830562,1.0477054235402083
2316,1.073352525272995,1.0656350303146085,1.0407526022072426
2317,1.073352525272995,1.0659393127272967,1.0394403632426368
2318,1.073352525272995,1.067136253355133,1.0507441164558404
2319,1.073352525272995,1.0687559000573246,1.0557729101390851
2320,1.073352525272995,1.0684817484098914,1.061081011802111
2321,1.073352525272995,1.0684921637845417,1.061308590532697
2322,1.073352525272995,1.068560211909369,1.0586602283361137
2323,1.073352525272995,1.0699434993953276,1.0627203456286647
2324,1.073352525272995,1.0699893008054928,1.0624299985257475
2325,1.073352525272995,1.070231704790637,1.0561763060537739
2326,1.073352525272995,1.0700532676310417,1.0654500769667363
2327,1.073352525272995,1.0703715217975265,1.0646765573966324
2328,1.073352525272995,1.070750189617537,1.0575965806029723
2329,1.073352525272995,1.0700627491406753,1.0414737508302112
2330,1.073352525272995,1.069209553539505,1.058441430032122
2331,1.073352525272995,1.069401047822355,1.0594240536383817
2332,1.073352525272995,1.0692953667005722,1.059175307300752
2333,1.073352525272995,1.0689001546875154,1.0363454826468732
2334,1.073352525272995,1.0690096227989343,1.0597696716449252
2335,1.073352525272995,1.0695406714201865,1.0604118964807991
2336,1.073352525272995,1.0695341320393865,1.0614189886236582
2337,1.073352525272995,1.0695873202938135,1.0630663552761792
2338,1.073352525272995,1.070176021014824,1.064060551267301
2339,1.073352525272995,1.070550899330953,1.0632176722468087
2340,1.073352525272995,1.0697728059876748,1.0538662551331006
2341,1.073352525272995,1.0691302679487407,1.0597596978145007
2342,1.073352525272995,1.0691519013974167,1.058647845429076
2343,1.073352525272995,1.0702957109294666,1.066907399852424
2344,1.073352525272995,1.070046486918384,1.0620615673776812
2345,1.073352525272995,1.0697917216682242,1.065278835744646
2346,1.073352525272995,1.0696728909564315,1.0605818344316078
2347,1.073352525272995,1.0700965423435738,1.0636982795625927
2348,1.073352525272995,1.0704619072697614,1.0623607824687882
2349,1.073352525272995,1.0697373911335641,1.0432249064738184
2350,1.073352525272995,1.070206039925671,1.057389555797963
2351,1.073352525272995,1.0701401044838728,1.0559774763409233
2352,1.073352525272995,1.0696310970775234,1.0590495230378412
2353,1.073352525272995,1.0696864709897196,1.0615024597181943
2354,1.073352525272995,1.068695421123494,1.0558658447296507
2355,1.073352525272995,1.0694869288504163,1.06317678949191
2356,1.073352525272995,1.0701890469406503,1.0546609683813557
2357,1.073352525272995,1.070039343571199,1.0609948059567538
2358,1.073352525272995,1.0697298039942469,1.0597773696540334
2359,1.073352525272995,1.0705135011317284,1.0647140192739577
2360,1.073352525272995,1.0703345151878603,1.0602349217326688
2361,1.073352525272995,1.0697834439420817,1.0596953786672654
2362,1.073352525272995,1.07006139835668,1.0530661831145203
2363,1.073352525272995,1.0693872209073418,1.0576966388295652
2364,1.073352525272995,1.0696271409891418,1.0593253680192667
2365,1.073352525272995,1.0706395541362064,1.058364393578795
2366,1.073352525272995,1.0711044570641333,1.0615461518400666
2367,1.073352525272995,1.0703674815903375,1.0561700414142001
2368,1.073352525272995,1.0695078276203203,1.055352835759654
2369,1.073352525272995,1.069244514404868,1.0605903478293746
2370,1.073352525272995,1.0699222005553353,1.062895544208898
2371,1.073352525272995,1.06954434993335,1.060061095773359
2372,1.073352525272995,1.0703972141483187,1.0639251521935322
2373,1.073352525272995,1.0704126786130796,1.0629584526061489
2374,1.073352525272995,1.0703534949180955,1.0653418075001833
2375,1.073352525272995,1.0707964357670492,1.0639428881594741
2376,1.073352525272995,1.0709876994328753,1.0591179315027013
2377,1.073352525272995,1.070212662543916,1.0625107924813777
2378,1.073352525272995,1.0700824069955894,1.0554683132762053
2379,1.073352525272995,1.070306641254911,1.061129321320868
2380,1.073352525272995,1.0697355117616858,1.063236040303468
2381,1.073352525272995,1.0696751012107992,1.0659156473783167
2382,1.073352525272995,1.069923444064381,1.0647912031558495
2383,1.073352525272995,1.070182054427582,1.064731505608349
2384,1.073352525272995,1.069908021927475,1.0583186843569288
2385,1.073352525272995,1.0700553640857273,1.0573562364229638
2386,1.073352525272995,1.070318733398326,1.0622828901169046
2387,1.073352525272995,1.0696630455467713,1.0599043441203009
2388,1.073352525272995,1.0690991713415634,1.0565913015656694
2389,1.073352525272995,1.0680131530086254,1.0540999202980599
2390,1.073352525272995,1.0674173814729704,1.046644572663923
2391,1.073352525272995,1.0672958607428094,1.0553417954753028
2392,1.073352525272995,1.0681297520973398,1.0577249501577208
2393,1.073352525272995,1.069063607862556,1.05125477816143
2394,1.073352525272995,1.0695215930073523,1.056354185107473
2395,1.073352525272995,1.0694157632641592,1.0617994340563401
2396,1.073352525272995,1.0696676269807919,1.0640534220518005
2397,1.073352525272995,1.070603389918924,1.0655625392612973
2398,1.073352525272995,1.0713299850964173,1.0662059417635623
2399,1.073352525272995,1.0712938207666112,1.06538277724392
2400,1.073352525272995,1.0707324751931804,1.0665281944503526
2401,1.073352525272995,1.0702636436601514,1.0628851193368116
2402,1.073352525272995,1.0697405283303676,1.0634996839190047
2403,1.073352525272995,1.069674983306346,1.0586138103264278
2404,1.073352525272995,1.0695237086222502,1.0507650003278348
2405,1.073352525272995,1.0693023872065113,1.0603137849279725
2406,1.073352525272995,1.069484315483204,1.0613253011953856
2407,1.073352525272995,1.06944553428319,1.0597342182891687
2408,1.073352525272995,1.0691684358246294,1.0563251548371482
2409,1.073352525272995,1.0699313207213055,1.056529985252027
2410,1.073352525272995,1.0697352543482237,1.056736933531948
2411,1.073352525272995,1.0693183080226893,1.0562761499532094
2412,1.073352525272995,1.0684840182408528,1.0304977562819158
2413,1.073352525272995,1.0684834168663269,1.0349876194738075
2414,1.073352525272995,1.0681916495501216,1.0291168841237943
2415,1.073352525272995,1.0673440040697095,1.0450148786013984
2416,1.073352525272995,1.0674689014460588,1.0228707189005521
2417,1.073352525272995,1.0687996487509195,1.056708181541143
2418,1.073352525272995,1.0689180471239939,1.0635627322922967
2419,1.073352525272995,1.06941656314119,1.0525020063314017
2420,1.073352525272995,1.069204478745041,1.0622432444184433
2421,1.073352525272995,1.0693477106213134,1.0614215497112776
2422,1.073352525272995,1.0696522360878526,1.0500758528628804
2423,1.073352525272995,1.0697352664595454,1.0594182209726493
2424,1.073352525272995,1.0703793547401168,1.0597665573827848
2425,1.073352525272995,1.0699122564432009,1.0636447801955855
2426,1.073352525272995,1.0701517817729946,1.0644878649928653
2427,1.073352525272995,1.0704334707877872,1.0620715590881722
2428,1.073352525272995,1.0702648763532947,1.059852548547836
2429,1.073352525272995,1.070216872123784,1.0558567971723891
2430,1.073352525272995,1.0701888645794424,1.0640650203946187
2431,1.073352525272995,1.0708224973014513,1.0613837962439412
2432,1.073352525272995,1.0704196717252026,1.0589585760381595
2433,1.073352525272995,1.0704034504914046,1.066058701755223
2434,1.073352525272995,1.0714426177706247,1.0663253422591492
2435,1.073352525272995,1.071578733858959,1.066812326381968
2436,1.073352525272995,1.0714457878104655,1.0612992170340811
2437,1.073352525272995,1.0716776287719083,1.0665132182418018
2438,1.073352525272995,1.0714254949018673,1.0661048283247339
2439,1.073352525272995,1.0715531379239194,1.063445536139526
2440,1.073352525272995,1.0712328286866886,1.0649600557491512
2441,1.073352525272995,1.0709850212399283,1.0638787867513742
2442,1.073352525272995,1.07076074928213,1.063025624462754
2443,1.073352525272995,1.0697842759541438,1.0346908096953018
2444,1.073352525272995,1.0697812406815972,1.05185629956387
2445,1.073352525272995,1.070243266375168,1.0601296755029823
2446,1.073352525272995,1.0699497749196685,1.0605479332249803
2447,1.073352525272995,1.0697077057414006,1.061757715136244
2448,1.073352525272995,1.069905762079608,1.0512381894219307
2449,1.073352525272995,1.0697386504625777,1.0582577043840096
2450,1.073352525272995,1.0696361006527761,1.0613177526182298
2451,1.073352525272995,1.0696966795541494,1.0641920878945101
2452,1.073352525272995,1.070412449324521,1.0619077926531901
2453,1.073352525272995,1.070632805730187,1.0638250124909086
2454,1.073352525272995,1.0705897647824723,1.066263836559124
2455,1.073352525272995,1.0703594014734659,1.061438489360377
2456,1.073352525272995,1.0705897474603905,1.0605058250656743
2457,1.073352525272995,1.0706634766340548,1.0603138251025293
2458,1.073352525272995,1.0702988176085682,1.065068906480809
2459,1.073352525272995,1.0706830695131742,1.064039197042408
2460,1.073352525272995,1.069783755617973,1.058185432744176
2461,1.073352525272995,1.0690534259938365,1.0450948394295156
2462,1.073352525272995,1.0687951795119612,1.0605299451570607
2463,1.073352525272995,1.0697236318834102,1.0593351329625165
2464,1.073352525272995,1.0687868683373156,1.0588423750031999
2465,1.073352525272995,1.068497575094405,1.0599202431715926
2466,1.073352525272995,1.0683941640080987,1.057758255241693
2467,1.073352525272995,1.0694673386067441,1.0564925441155957
2468,1.073352525272995,1.0698291568771996,1.0545721562127897
2469,1.073352525272995,1.0701552728008314,1.0622363697916517
2470,1.073352525272995,1.0701442631748823,1.0602867728584808
2471,1.073352525272995,1.0693959195919458,1.0588390004133585
2472,1.073352525272995,1.0693067545109758,1.0591325540417953
2473,1.073352525272995,1.0704420077762569,1.0626287999945585
2474,1.073352525272995,1.0709078001888996,1.0647507983264481
2475,1.073352525272995,1.0703683976899594,1.0505227299756639
2476,1.073352525272995,1.0697562170111907,1.0603667514528137
2477,1.073352525272995,1.0690526500464521,1.055336095770051
2478,1.073352525272995,1.069815581955733,1.0608384394758787
2479,1.073352525272995,1.069574780049119,1.0629860937593603
2480,1.073352525272995,1.0700738380185366,1.0645310273784825
2481,1.073352525272995,1.070075109309918,1.0635294024166884
2482,1.073352525272995,1.0696290299333857,1.0604602737188782
2483,1.073352525272995,1.0691159423024783,1.0600437706906578
2484,1.073352525272995,1.069931848086123,1.0630610081084513
2485,1.073352525272995,1.0697466655503756,1.0635377096777232
2486,1.073352525272995,1.0698368698625615,1.0598021495792642
2487,1.073352525272995,1.0698418909353513,1.0604711707450134
2488,1.073352525272995,1.0695577868875932,1.0536202531568621
2489,1.073352525272995,1.0695005564103035,1.0521184014826312
2490,1.073352525272995,1.0679963642426549,1.0460487924860247
2491,1.073352525272995,1.0686038611848998,1.0565255679368761
2492,1.073352525272995,1.0684185846184366,1.056344985389571
2493,1.073352525272995,1.0690482973278448,1.0599228566699064
2494,1.073352525272995,1.0692014694648067,1.0641608288564077
2495,1.073352525272995,1.0693012744344528,1.0631968780463736
2496,1.073352525272995,1.0702592365226247,1.063958666862563
2497,1.073352525272995,1.0703104752174257,1.0574215447672164
2498,1.073352525272995,1.0700004317984593,1.0632758676148049
2499,1.073352525272995,1.07002900513128,1.0622488924109343
2500,1.073352525272995,1.0693016500496908,1.0587614527039788
2501,1.073352525272995,1.0683629536449741,1.0512636660091554
2502,1.073352525272995,1.0689882228481986,1.0587682633743662
2503,1.073352525272995,1.0689756912161912,1.055930859252062
2504,1.073352525272995,1.0692622063819435,1.0633450648833325
2505,1.073352525272995,1.0693366545295044,1.0530003523063916
2506,1.073352525272995,1.069631011384754,1.0582035585853626
2507,1.073352525272995,1.0692360651610027,1.0641469382025384
2508,1.073352525272995,1.0698255714703255,1.0627593292171664
2509,1.073352525272995,1.0695727097455365,1.0561466748619288
2510,1.073352525272995,1.0688549825922582,1.0585131510188805
2511,1.073352525272995,1.0699114041081155,1.0611946814398796
2512,1.073352525272995,1.071034011033062,1.0670107150268333
2513,1.073352525272995,1.07038738892296,1.0596654894763031
2514,1.073352525272995,1.0696251069103573,1.0542865146923115
2515,1.073352525272995,1.0690921283425021,1.056243204230658
2516,1.073352525272995,1.0685307062748348,1.0539307346022122
2517,1.073352525272995,1.0692102261899838,1.054407579748296
2518,1.073352525272995,1.069660683568394,1.0594408782081661
2519,1.073352525272995,1.0696971465985983,1.0582183093668829
2520,1.073352525272995,1.069946323552562,1.063774643976385
2521,1.073352525272995,1.0707072466243837,1.0665036259022787
2522,1.073352525272995,1.0705048976346456,1.0619951284910594
2523,1.073352525272995,1.0705742434082288,1.0673256213962183
2524,1.073352525272995,1.070934558044287,1.0663813158840159
2525,1.073352525272995,1.0707716910329195,1.0641230082970872
2526,1.073352525272995,1.0703033751262094,1.05899623901607
2527,1.073352525272995,1.0695076011585511,1.0641755547167047
2528,1.073352525272995,1.0694190781047848,1.0517541788129403
2529,1.073352525272995,1.0690387687597112,1.0584460930946848
2530,1.073352525272995,1.0698355040223022,1.060241570432185
2531,1.073352525272995,1.0699120361225583,1.0621579082284613
2532,1.073352525272995,1.0704346997715555,1.064533175343215
2533,1.073352525272995,1.0702783244146787,1.0640218620605153
2534,1.073352525272995,1.0698965182099436,1.06255626993009
2535,1.073352525272995,1.068875459287666,1.0579090354252154
2536,1.073352525272995,1.0683619010216174,1.045374177103267
2537,1.073352525272995,1.0685983568119086,1.0611124401879803
2538,1.073352525272995,1.0690119828979374,1.0609036443603714
2539,1.073352525272995,1.0689358676710525,1.0583473859934078
2540,1.073352525272995,1.0687047696575265,1.0614798478239553
2541,1.073352525272995,1.069063667567616,1.0623571064476423
2542,1.073352525272995,1.0692836478592587,1.0561600050804958
2543,1.073352525272995,1.0689596185389683,1.038335529298977
2544,1.073352525272995,1.0695003031620027,1.054827858277791
2545,1.073352525272995,1.0699638021169997,1.0609152016667074
2546,1.073352525272995,1.0694703460091801,1.0549796849287394
2547,1.073352525272995,1.0700835278672334,1.064752470778133
2548,1.073352525272995,1.0702171860568912,1.059308753616492
2549,1.073352525272995,1.0702891685553708,1.0638331906404346
2550,1.073352525272995,1.070636373486067,1.0646050947890966
2551,1.073352525272995,1.0703978744569218,1.0613494429250736
2552,1.073352525272995,1.0702368901088242,1.0630193338509282
2553,1.073352525272995,1.0710720818566506,1.0617234013611165
2554,1.073352525272995,1.0712380570829105,1.0675903556878374
2555,1.073352525272995,1.0713617769724773,1.0648561620403971
2556,1.073352525272995,1.0713903687486788,1.067629624060265
2557,1.073352525272995,1.0712144085815316,1.065156184588378
2558,1.073352525272995,1.0709856111997873,1.064134994279827
2559,1.073352525272995,1.0705186385661,1.0650882654743858
2560,1.073352525272995,1.0706165742680005,1.056647502770459
2561,1.073352525272995,1.070299458546158,1.0586882917615847
2562,1.073352525272995,1.0698875713710505,1.0613023106531863
2563,1.073352525272995,1.0689612515293765,1.050480500727347
2564,1.073352525272995,1.0684556551146014,1.0534992467412485
2565,1.073352525272995,1.0691930763657067,1.0571596081037162
2566,1.073352525272995,1.0691909836899647,1.0634509173378293
2567,1.073352525272995,1.0701993659731588,1.062131759851363
2568,1.073352525272995,1.0706258534834847,1.0637263195391895
2569,1.073352525272995,1.070737401076052,1.06356420298058
2570,1.073352525272995,1.0708473465155621,1.0611203917549832
2571,1.073352525272995,1.0705719391893957,1.04858397354907
2572,1.073352525272995,1.0709859325018283,1.0650609037977103
2573,1.073352525272995,1.0710512466028315,1.0675237751979
2574,1.073352525272995,1.0708475579285133,1.061872079002271
2575,1.073352525272995,1.0705812571276656,1.05862330438132
2576,1.073352525272995,1.0705577114962401,1.0634203530765516
2577,1.073352525272995,1.0706522841471653,1.0618894992045007
2578,1.073352525272995,1.070768549914071,1.062151130651534
2579,1.073352525272995,1.070668190093823,1.06461146133965
2580,1.073352525272995,1.070239989189216,1.062000997013603
2581,1.073352525272995,1.0702286983884763,1.065224001881695
2582,1.073352525272995,1.0708154945763362,1.065146616651119
2583,1.073352525272995,1.0711040733526698,1.0670417470128126
2584,1.073352525272995,1.0709044118211029,1.06434382024301
2585,1.073352525272995,1.0703023316456413,1.0615165782434692
2586,1.073352525272995,1.069982321499725,1.058480174519583
2587,1.073352525272995,1.0695172215457938,1.056732659046247
2588,1.073352525272995,1.0689121177501406,1.0522929428829095
2589,1.073352525272995,1.0689095057917397,1.045933325797232
2590,1.073352525272995,1.0687099573707808,1.0508571280611732
2591,1.073352525272995,1.0700598927426384,1.0635099249349371
2592,1.073352525272995,1.0706565619049315,1.0650029785215995
2593,1.073352525272995,1.0706136758795701,1.0630703235552985
2594,1.073352525272995,1.070894550652691,1.0629482222603486
2595,1.073352525272995,1.0711418117720017,1.0671818414848648
2596,1.073352525272995,1.071366897972032,1.0679413574365049
2597,1.073352525272995,1.0708882761332905,1.0630130146680878
2598,1.073352525272995,1.069927765854791,1.063074749617558
2599,1.073352525272995,1.070245273703559,1.053889914050206
2600,1.073352525272995,1.0703443144276445,1.0611561195531591
2601,1.073352525272995,1.0702202729701662,1.0594221852922883
2602,1.073352525272995,1.069949131268379,1.0501966109701297
2603,1.073352525272995,1.0698343436728082,1.0479112823913168
2604,1.073352525272995,1.0696582051542276,1.0618259292927263
2605,1.073352525272995,1.069794697040974,1.0639746713604818
2606,1.073352525272995,1.069259919783816,1.0564569333190486
2607,1.073352525272995,1.0694153386623457,1.0631821003656565
2608,1.073352525272995,1.0694501598741128,1.0632201513559085
2609,1.073352525272995,1.069458549785303,1.0625244137891183
2610,1.073352525272995,1.0692286033832048,1.055683243529045
2611,1.073352525272995,1.069005413320982,1.0598191185800738
2612,1.073352525272995,1.069010417539925,1.051224199267501
2613,1.073352525272995,1.068852520225088,1.0581766961885788
2614,1.073352525272995,1.0690281413433886,1.0609043985622852
2615,1.073352525272995,1.0700256209728687,1.0596415584729384
2616,1.073352525272995,1.0696637699726572,1.0594049026878238
2617,1.073352525272995,1.070046834418375,1.0642722076935536
2618,1.073352525272995,1.069800391871896,1.0617291222261391
2619,1.073352525272995,1.0700846611191834,1.065060386163542
2620,1.073352525272995,1.0698255684434113,1.0610999592824855
2621,1.073352525272995,1.0698703968838514,1.0632511626993744
2622,1.073352525272995,1.0698307087220997,1.061468908489125
2623,1.073352525272995,1.0697756641486604,1.0630174571385924
2624,1.073352525272995,1.0697821749870573,1.058252313385319
2625,1.073352525272995,1.0693973514759747,1.060728467727872
2626,1.073352525272995,1.0698777238367467,1.0628114757591367
2627,1.073352525272995,1.0703485161964548,1.063778841942243
2628,1.073352525272995,1.0716461438458378,1.0647376597682188
2629,1.073352525272995,1.0714202506030441,1.0648793324412291
2630,1.073352525272995,1.071395760811609,1.0630386079562055
2631,1.073352525272995,1.070719378183909,1.0658449294459347
2632,1.073352525272995,1.0714118037305174,1.0679417980138761
2633,1.073352525272995,1.0711486103207237,1.062116796470485
2634,1.073352525272995,1.0711442182275788,1.0649441629357708
2635,1.073352525272995,1.0711717392678899,1.0658535162561378
2636,1.073352525272995,1.0712484786625547,1.0656013506257873
2637,1.073352525272995,1.070874051409843,1.0660748134974707
2638,1.073352525272995,1.0711103664949675,1.0645951831383313
2639,1.073352525272995,1.0708172228061577,1.0613122631514311
2640,1.073352525272995,1.0698804460094298,1.0564121066729593
2641,1.073352525272995,1.0703790303293317,1.0577817517385815
2642,1.073352525272995,1.0700565399185498,1.0600916097174409
2643,1.073352525272995,1.070389465950266,1.053642640865522
2644,1.073352525272995,1.0706735332862996,1.0601012696189613
2645,1.073352525272995,1.070438666993332,1.0590104270344538
2646,1.073352525272995,1.0715557519411167,1.0626018916506834
2647,1.073352525272995,1.0714406097644211,1.065177548134973
2648,1.073352525272995,1.071355565705759,1.063712161694907
2649,1.073352525272995,1.0708657488281255,1.0574144538677142
2650,1.073352525272995,1.0707275397573321,1.0609477998530807
2651,1.073352525272995,1.0708503494834005,1.0649798925928846
2652,1.073352525272995,1.0710806563084367,1.063011233316559
2653,1.073352525272995,1.0705309536636392,1.0459366668672079
2654,1.073352525272995,1.0708394060484945,1.0603896424397041
2655,1.073352525272995,1.0709535665833811,1.0609720379951053
2656,1.073352525272995,1.070240374295062,1.0620146598307638
2657,1.073352525272995,1.0702383045332915,1.0637942007870338
2658,1.073352525272995,1.0700192576493621,1.062475338895273
2659,1.073352525272995,1.0703340315758703,1.055334590457469
2660,1.073352525272995,1.0701591504072498,1.0627112786646737
2661,1.073352525272995,1.0703586740345163,1.0470748701253907
2662,1.073352525272995,1.0701959018723013,1.0582385956086786
2663,1.073352525272995,1.0702992451945255,1.0645491589915106
2664,1.073352525272995,1.0701451537156386,1.061915984222673
2665,1.073352525272995,1.0697772950327868,1.0598925205017864
2666,1.073352525272995,1.0700798991320075,1.064161860969501
2667,1.073352525272995,1.0709908101611112,1.0638131953959258
2668,1.073352525272995,1.0712679161367662,1.0665300532637951
2669,1.073352525272995,1.071054114388878,1.0651387665968293
2670,1.073352525272995,1.0708976481757657,1.0639762109878435
2671,1.073352525272995,1.0711040373726575,1.0610793870165773
2672,1.073352525272995,1.07108882731343,1.0643431969001043
2673,1.073352525272995,1.0705937694446386,1.0633123895223213
2674,1.073352525272995,1.0708586013770538,1.0656774573252514
2675,1.073352525272995,1.0705967759304924,1.0647068323368951
2676,1.073352525272995,1.070833784116239,1.063410251895716
2677,1.073352525272995,1.0706798262214263,1.0652031188222897
2678,1.073352525272995,1.0708035901523556,1.0630533303070135
2679,1.073352525272995,1.0711448656127036,1.0627749740111652
2680,1.073352525272995,1.071054676905856,1.0658397687488455
2681,1.073352525272995,1.0707041616124477,1.051546356641753
2682,1.073352525272995,1.0703925409137747,1.0607317551595916
2683,1.073352525272995,1.070908139948169,1.0556703628375868
2684,1.073352525272995,1.0699539201704455,1.0593657590018997
2685,1.073352525272995,1.0697442256869332,1.0605663985130591
2686,1.073352525272995,1.0703399438945074,1.0615970488209014
2687,1.073352525272995,1.0718028272229208,1.0659559689278268
2688,1.073352525272995,1.0716874662745133,1.067510833287134
2689,1.073352525272995,1.0713936173961838,1.0652967853422193
2690,1.073352525272995,1.070589702776219,1.0650550859715833
2691,1.073352525272995,1.0708094702749629,1.0640745851475266
2692,1.073352525272995,1.0703783795388373,1.0630985433797377
2693,1.073352525272995,1.070013431617391,1.0566313478976508
2694,1.073352525272995,1.0691114027107793,1.0460868972540363
2695,1.073352525272995,1.068577751885581,1.05776850634735
2696,1.073352525272995,1.0681036908436903,1.0528205441307394
2697,1.073352525272995,1.0688684591863813,1.0605916741455665
2698,1.073352525272995,1.0694358904519168,1.0629379897801636
2699,1.073352525272995,1.0699911197243261,1.0571052571880495
2700,1.073352525272995,1.070113997398806,1.0591863514544886
2701,1.073352525272995,1.0706227365288579,1.0627649222984026
2702,1.073352525272995,1.0702119610574001,1.0635426788378748
2703,1.073352525272995,1.070813557744971,1.0640408783436963
2704,1.073352525272995,1.0704024194795283,1.0653330975795428
2705,1.073352525272995,1.0702621045177267,1.0629955769968231
2706,1.073352525272995,1.0705893489152172,1.0620428801603155
2707,1.073352525272995,1.0709041031006976,1.0624907974969477
2708,1.073352525272995,1.070928080286549,1.0646676658858873
2709,1.073352525272995,1.0707413558497396,1.0612032773935791
2710,1.073352525272995,1.0704954175425132,1.0572914600400907
2711,1.073352525272995,1.0705505475432882,1.0633613599169305
2712,1.073352525272995,1.0706295295683421,1.0528489561738246
2713,1.073352525272995,1.0702394547774183,1.0621938458691518
2714,1.073352525272995,1.0696864895976141,1.0614795061183049
2715,1.073352525272995,1.0690098954838887,1.0577944390230307
2716,1.073352525272995,1.0697945631855814,1.0623888220109907
2717,1.073352525272995,1.0697939520835529,1.062636367662088
2718,1.073352525272995,1.069849812489952,1.0630191977499224
2719,1.073352525272995,1.0692741655105769,1.0605677489457146
2720,1.073352525272995,1.0688151346688408,1.0606779772265162
2721,1.073352525272995,1.0690461113917293,1.0574805594391439
2722,1.073352525272995,1.0689397632411015,1.0587505885351154
2723,1.073352525272995,1.0694760491511313,1.0449182648590578
2724,1.073352525272995,1.0701875414803224,1.0598125446050939
2725,1.073352525272995,1.0702070227618028,1.0550263604210257
2726,1.073352525272995,1.070350753457168,1.0594257183672684
2727,1.073352525272995,1.0702766988615595,1.0661516405208928
2728,1.073352525272995,1.0708100497512005,1.0646017601873652
2729,1.073352525272995,1.0708555123246284,1.0613209964379013
2730,1.073352525272995,1.0713988341609044,1.0632030512077968
2731,1.073352525272995,1.0714056543978114,1.0639363065275016
2732,1.073352525272995,1.071084317937095,1.0658323506669287
2733,1.073352525272995,1.0704962937300129,1.0626675435267345
2734,1.073352525272995,1.0697748332346881,1.0568645981805989
2735,1.073352525272995,1.0694208145893633,1.0596869679762078
2736,1.073352525272995,1.0694079142135222,1.056911093168642
2737,1.073352525272995,1.069720746638549,1.0632750475226413
2738,1.073352525272995,1.0699286132713142,1.061287762699112
2739,1.073352525272995,1.0704156128675775,1.0620900093081849
2740,1.073352525272995,1.0703618288213295,1.0650695945441788
2741,1.073352525272995,1.070065459212051,1.062845820982983
2742,1.073352525272995,1.0698741736560209,1.0648364859314827
2743,1.073352525272995,1.069652499767549,1.0593805158717617
2744,1.073352525272995,1.0698669916517272,1.0597829735692914
2745,1.073352525272995,1.0699957915469729,1.0536847428464435
2746,1.073352525272995,1.0699603609208928,1.0613381083164088
2747,1.073352525272995,1.0692166958320672,1.0513495712987861
2748,1.073352525272995,1.0690552626776715,1.0613482592164927
2749,1.073352525272995,1.0695059447483792,1.0634584767139237
2750,1.073352525272995,1.0697636313679189,1.0640042026633518
2751,1.073352525272995,1.0692297400604553,1.0556161184418382
2752,1.073352525272995,1.068989428100641,1.044099503225794
2753,1.073352525272995,1.0688258911835042,1.0587971845778321
2754,1.073352525272995,1.0688711855655086,1.0471504119857715
2755,1.073352525272995,1.0681444668068045,1.0609308557650758
2756,1.073352525272995,1.0688096030815446,1.0610910175737405
2757,1.073352525272995,1.069133938463082,1.0601856891796382
2758,1.073352525272995,1.0690422498396912,1.0597805470096053
2759,1.073352525272995,1.0698208377372564,1.0584115147100177
2760,1.073352525272995,1.0695147249560408,1.0583615758894434
2761,1.073352525272995,1.0693425599938386,1.0579844413783404
2762,1.073352525272995,1.069373470994166,1.062371366450245
2763,1.073352525272995,1.070356326580353,1.061938822651119
2764,1.073352525272995,1.0700921909372871,1.0603744288286943
2765,1.073352525272995,1.0705356606548995,1.0594936828110768
2766,1.073352525272995,1.0700454138686868,1.0629391890920077
2767,1.073352525272995,1.0694872986574924,1.06211773049543
2768,1.073352525272995,1.0690503682177612,1.0545081022155691
2769,1.073352525272995,1.0683831073340564,1.0570966981471708
2770,1.073352525272995,1.0683829028306244,1.055472932329545
2771,1.073352525272995,1.0691661814688247,1.064427254288054
2772,1.073352525272995,1.0693568778151736,1.0639596025012297
2773,1.073352525272995,1.0694352583647995,1.0620377176946754
2774,1.073352525272995,1.0697477629008427,1.0617986337959064
2775,1.073352525272995,1.0697017289534134,1.0594151338321103
2776,1.073352525272995,1.0701018037701606,1.0611200142060633
2777,1.073352525272995,1.0703084006802936,1.0588637286867977
2778,1.073352525272995,1.0695619219674943,1.051931932821867
2779,1.073352525272995,1.0682827953232479,1.051089046468915
2780,1.073352525272995,1.0683598947920503,1.042171105375408
2781,1.073352525272995,1.068470112424019,1.0487607589520391
2782,1.073352525272995,1.070053724383997,1.0599523237512019
2783,1.073352525272995,1.069857599552532,1.0612173630332142
2784,1.073352525272995,1.071201222899897,1.0642011974169936
2785,1.073352525272995,1.0708522652910142,1.0637145222396505
2786,1.073352525272995,1.0704151437932934,1.0551498070429775
2787,1.073352525272995,1.0694263184974306,1.0526795069235328
2788,1.073352525272995,1.0693382928270885,1.0594876967178726
2789,1.073352525272995,1.0694564958988295,1.0607035525681252
2790,1.073352525272995,1.069320669481425,1.0570854026540855
2791,1.073352525272995,1.0692941959707851,1.0539454392476513
2792,1.073352525272995,1.0685774042837834,1.0581452549540022
2793,1.073352525272995,1.0696002657437473,1.0630919741464582
2794,1.073352525272995,1.070132725637862,1.0543874543544922
2795,1.073352525272995,1.0702951168037407,1.0593537110017468
2796,1.073352525272995,1.0699306834017432,1.0619862343941178
2797,1.073352525272995,1.0703343173580446,1.064544240927345
2798,1.073352525272995,1.0711014723411243,1.0673472443196088
2799,1.073352525272995,1.0716412070471637,1.06850872059769
2800,1.073352525272995,1.0715803816528382,1.0657764857059897
2801,1.073352525272995,1.071460723544789,1.0660882766136237
2802,1.073352525272995,1.07139898205356,1.0659792855809107
2803,1.073352525272995,1.0710594918117846,1.065130296027328
2804,1.073352525272995,1.0709495647142884,1.0632764759415412
2805,1.073352525272995,1.070797667064441,1.0639500602819552
2806,1.073352525272995,1.0711283141405967,1.0637837120452
2807,1.073352525272995,1.0711088488405587,1.0667629330857409
2808,1.073352525272995,1.0708117622701394,1.0630036747793625
2809,1.073352525272995,1.070742925496832,1.0621470470078758
2810,1.073352525272995,1.0710018273094017,1.065215497009929
2811,1.073352525272995,1.0709247377759912,1.062897627680654
2812,1.073352525272995,1.07077574713628,1.0631561984455358
2813,1.073352525272995,1.0705060524326084,1.0612974999693914
2814,1.073352525272995,1.0717449952845846,1.0655492527759098
2815,1.073352525272995,1.071308672085232,1.0665887615846874
2816,1.073352525272995,1.0713264017299156,1.0642423968873125
2817,1.073352525272995,1.0714982109772202,1.065735598015309
2818,1.073352525272995,1.0711653778314298,1.0640007572403873
2819,1.073352525272995,1.0708616085176252,1.0675701381900964
2820,1.073352525272995,1.0705980322814923,1.0609797172330946
2821,1.073352525272995,1.0703804024402817,1.0663027828398155
2822,1.073352525272995,1.0704100706817976,1.0634139863747878
2823,1.073352525272995,1.0696841889700237,1.0625142673532921
2824,1.073352525272995,1.0693007922750302,1.0625529463985908
2825,1.073352525272995,1.0689420345197846,1.058696317182188
2826,1.073352525272995,1.0689343498299435,1.0560531011125773
2827,1.073352525272995,1.068931223346848,1.058906737195424
2828,1.073352525272995,1.0686737585839834,1.0549802929479426
2829,1.073352525272995,1.068717188509099,1.0558771314779762
2830,1.073352525272995,1.0685147106555175,1.054792059106694
2831,1.073352525272995,1.0692652690433848,1.0472302065349623
2832,1.073352525272995,1.0695613502971884,1.0617676806142708
2833,1.073352525272995,1.0695780741577048,1.0637151448955044
2834,1.073352525272995,1.0697627739514217,1.057783307306026
2835,1.073352525272995,1.0690879039178096,1.05851552180161
2836,1.073352525272995,1.0694203859067908,1.0515130487082662
2837,1.073352525272995,1.069570195585236,1.052059352904051
2838,1.073352525272995,1.0698276124294868,1.0632550214080752
2839,1.073352525272995,1.0704026619285185,1.0655534279005927
2840,1.073352525272995,1.070756058558146,1.066191555458649
2841,1.073352525272995,1.0709755180342049,1.0644363949907534
2842,1.073352525272995,1.0709611757961397,1.0643395740883415
2843,1.073352525272995,1.0711606544774461,1.0663645289915287
2844,1.073352525272995,1.0715928469127485,1.0675267351303184
2845,1.073352525272995,1.0711870344338896,1.0645324135144938
2846,1.073352525272995,1.071426925902439,1.0665190655376051
2847,1.073352525272995,1.070527198590759,1.0572479634133007
2848,1.073352525272995,1.0705865086731234,1.0622461167587698
2849,1.073352525272995,1.0710946941145572,1.0675086423317066
2850,1.073352525272995,1.0712367543617274,1.0664085470660498
2851,1.073352525272995,1.0705674899572892,1.0543505100893913
2852,1.073352525272995,1.0693185368656912,1.0583461063987514
2853,1.073352525272995,1.0692551381474427,1.0587376899879504
2854,1.073352525272995,1.0687538996939654,1.0590298881851021
2855,1.073352525272995,1.0691507385583505,1.0609842482281615
2856,1.073352525272995,1.0694226011116876,1.0565357238880235
2857,1.073352525272995,1.0700488545018652,1.0623046133645733
2858,1.073352525272995,1.0699894480608498,1.0634812531600746
2859,1.073352525272995,1.070152459827936,1.0623556417521955
2860,1.073352525272995,1.0706533828308902,1.0631322718937468
2861,1.073352525272995,1.070383246823137,1.0641343745045693
2862,1.073352525272995,1.0705192995235289,1.0652966743179075
2863,1.073352525272995,1.0705782572884741,1.064878082744325
2864,1.073352525272995,1.0705596924185092,1.0647034404404343
2865,1.073352525272995,1.069944372126866,1.0647507406106183
2866,1.073352525272995,1.0698260369710646,1.0640655182513084
2867,1.073352525272995,1.0702526112423676,1.0610293482812647
2868,1.073352525272995,1.0702465521150109,1.065355124396424
2869,1.073352525272995,1.070276316199768,1.0644712206009475
2870,1.073352525272995,1.0704979118259983,1.0653898240479576
2871,1.073352525272995,1.070015343486685,1.0635784043083893
2872,1.073352525272995,1.0696572894490077,1.0560643282996414
2873,1.073352525272995,1.0693953622400023,1.0566776056602158
2874,1.073352525272995,1.0696926477251558,1.0640130990075538
2875,1.073352525272995,1.0694451556259479,1.0620541282613014
2876,1.073352525272995,1.0688007860800164,1.0609956785599468
2877,1.073352525272995,1.0690014824305725,1.061151138608941
2878,1.073352525272995,1.0686388519254661,1.0526403379894953
2879,1.073352525272995,1.070498570625548,1.0587396754880194
2880,1.073352525272995,1.0704460575959074,1.0652733448379532
2881,1.073352525272995,1.0702485900179248,1.0633947777083335
2882,1.073352525272995,1.0702327946325012,1.0623106579942059
2883,1.073352525272995,1.0695819856039872,1.0614077580986698
2884,1.073352525272995,1.069187162047816,1.062288924672757
2885,1.073352525272995,1.0693348779111047,1.0513489161989145
2886,1.073352525272995,1.0686522012965558,1.0585387502562331
2887,1.073352525272995,1.0674740709534796,1.0368957098104534
2888,1.073352525272995,1.0670476897051784,1.0404084911785654
2889,1.073352525272995,1.065929367544369,1.0492551540660542
2890,1.073352525272995,1.0669572731056585,1.0509011309142637
2891,1.073352525272995,1.0677278688722098,1.0511541608380073
2892,1.073352525272995,1.0675815922175251,1.0553858375417664
2893,1.073352525272995,1.0672805477736933,1.0561135712852285
2894,1.073352525272995,1.0682771336895676,1.0482494128592026
2895,1.073352525272995,1.0685581043068388,1.055493664287333
2896,1.073352525272995,1.0674220139693205,1.0235876683079455
2897,1.073352525272995,1.0671464592235669,1.052635436042105
2898,1.073352525272995,1.067067798423093,1.045201110205015
2899,1.073352525272995,1.068172599604816,1.0572037984628702
2900,1.073352525272995,1.067508530678612,1.0513005353035858
2901,1.073352525272995,1.0683002717739445,1.0563396392881408
2902,1.073352525272995,1.0688005860839522,1.0464620798623676
2903,1.073352525272995,1.0691425732894637,1.0591944604830124
2904,1.073352525272995,1.0699541026674553,1.0604474099932513
2905,1.073352525272995,1.0699861942441153,1.0649439499460356
2906,1.073352525272995,1.0697097495020447,1.0580020847752816
2907,1.073352525272995,1.0699345266810854,1.0599644535326345
2908,1.073352525272995,1.0705940777231182,1.0574437257580622
2909,1.073352525272995,1.070947883478203,1.065717819699983
2910,1.073352525272995,1.0710726797491559,1.0661548014574256
2911,1.073352525272995,1.0714135300396013,1.0635437485483081
2912,1.073352525272995,1.0712320581104764,1.066094723455307
2913,1.073352525272995,1.0711138796394084,1.051256429880053
2914,1.073352525272995,1.070872961701204,1.0609276186804213
2915,1.073352525272995,1.0708816666061098,1.06557820556832
2916,1.073352525272995,1.07048543605007,1.0619160384724178
2917,1.073352525272995,1.0701908298312803,1.0572594776899051
2918,1.073352525272995,1.0698759539682126,1.049835583706347
2919,1.073352525272995,1.0703186415142425,1.0633916936417611
2920,1.073352525272995,1.0702484524169342,1.0618494230145332
2921,1.073352525272995,1.0697044414334573,1.0626869509578676
2922,1.073352525272995,1.070094028225991,1.0576530297197355
2923,1.073352525272995,1.069922995610439,1.0550976405623262
2924,1.073352525272995,1.0697354148535014,1.0539457982315885
2925,1.073352525272995,1.0697976811417442,1.0528514300374177
2926,1.073352525272995,1.0698695767237612,1.061026003023502
2927,1.073352525272995,1.0696057885655617,1.0513402262600562
2928,1.073352525272995,1.0686083517210674,1.0578697364811052
2929,1.073352525272995,1.06884070216574,1.045193673024284
2930,1.073352525272995,1.0678964201089223,1.044419879248831
2931,1.073352525272995,1.0688783696083284,1.060195001546565
2932,1.073352525272995,1.0695510529576004,1.0626616595555687
2933,1.073352525272995,1.0688797485792025,1.0567612967578734
2934,1.073352525272995,1.0684743894445832,1.0535498048111744
2935,1.073352525272995,1.0682293968212422,1.057813372434588
2936,1.073352525272995,1.069055143152014,1.0603897016321253
2937,1.073352525272995,1.0698540242066845,1.0613803142670966
2938,1.073352525272995,1.069671969349469,1.0584159077494129
2939,1.073352525272995,1.0699382306789311,1.0524577894829603
2940,1.073352525272995,1.0706603900777398,1.0625460265143793
2941,1.073352525272995,1.071010046146614,1.0608155672393904
2942,1.073352525272995,1.0708931803463364,1.0663819796425427
2943,1.073352525272995,1.0714441134702155,1.0656522818816856
2944,1.073352525272995,1.0708712513053138,1.0593159512889323
2945,1.073352525272995,1.0707083125356687,1.0658579927040666
2946,1.073352525272995,1.0706347889831866,1.0662301949000779
2947,1.073352525272995,1.070902520313603,1.064997773584225
2948,1.073352525272995,1.0710157440059025,1.0647055032625237
2949,1.073352525272995,1.070871154634215,1.0593787163657316
2950,1.073352525272995,1.0703389306693392,1.0595334790708364
2951,1.073352525272995,1.0698563602804705,1.0563117220815688
2952,1.073352525272995,1.069226258660599,1.0573306415324522
2953,1.073352525272995,1.070157453786696,1.0643506190831051
2954,1.073352525272995,1.0707091423699862,1.0611313597468537
2955,1.073352525272995,1.070361822371746,1.0616717710664534
2956,1.073352525272995,1.0703291277204636,1.0627249073916192
2957,1.073352525272995,1.0705019866994887,1.0649511009463288
2958,1.073352525272995,1.070039122665158,1.0604506803071532
2959,1.073352525272995,1.0690389467612582,1.0576235481326681
2960,1.073352525272995,1.067218092196752,1.0459378723139652
2961,1.073352525272995,1.0659747489251583,1.0479856142729687
2962,1.073352525272995,1.0670533232245802,1.0593543021438536
2963,1.073352525272995,1.0672369416746814,1.0564339423525335
2964,1.073352525272995,1.0682014265347082,1.0601119142068443
2965,1.073352525272995,1.0695627826849081,1.063513542603081
2966,1.073352525272995,1.0701462767587089,1.0638674097290026
2967,1.073352525272995,1.070578059873283,1.0653631865254654
2968,1.073352525272995,1.0704858204981813,1.0668129249633431
2969,1.073352525272995,1.0703115974295236,1.0664728230179712
2970,1.073352525272995,1.0704296784782996,1.0632274775141521
2971,1.073352525272995,1.069309489216356,1.0508879167406149
2972,1.073352525272995,1.0693964791534634,1.0568058010876404
2973,1.073352525272995,1.0703453330941952,1.0616123260378791
2974,1.073352525272995,1.070612814953953,1.0623810603159174
2975,1.073352525272995,1.0704316287450526,1.0643958435551237
2976,1.073352525272995,1.070379648238574,1.0630850350904004
2977,1.073352525272995,1.0707763959029624,1.0653576917033165
2978,1.073352525272995,1.0714830100101203,1.0634055578986494
2979,1.073352525272995,1.0711118461065947,1.0648864852411744
2980,1.073352525272995,1.0714148994441972,1.0628459997010349
2981,1.073352525272995,1.0708816493752018,1.0564506411801404
2982,1.073352525272995,1.0712956871568413,1.0648924802263464
2983,1.073352525272995,1.0711461289563229,1.0670349600172921
2984,1.073352525272995,1.07089252569122,1.059832974943007
2985,1.073352525272995,1.070350472393848,1.056231165737252
2986,1.073352525272995,1.069666602760827,1.061554048735191
2987,1.073352525272995,1.0695747318919633,1.0438882187101317
2988,1.073352525272995,1.0686855828288964,1.0450287069727806
2989,1.073352525272995,1.0685821056183056,1.056031668338526
2990,1.073352525272995,1.0695908752628032,1.0598167220731667
2991,1.073352525272995,1.0696958205328855,1.060789827752389
2992,1.073352525272995,1.069959565073955,1.0615112159156435
2993,1.073352525272995,1.0702098022766497,1.064986563299302
2994,1.073352525272995,1.070165419075781,1.0612669079651922
2995,1.073352525272995,1.070262484587015,1.06423051171194
2996,1.073352525272995,1.070431741577468,1.0597468988240437
2997,1.073352525272995,1.069208349637619,1.0480014735069698
2998,1.073352525272995,1.0689093197183483,1.0547507271895415
2999,1.073352525272995,1.0697654519484334,1.0555795451227903
3000,1.073352525272995,1.0697156022370684,1.0584299529182195
3001,1.073352525272995,1.0698941603586523,1.0572200226891315
3002,1.073352525272995,1.069928865001087,1.059046733337864
3003,1.073352525272995,1.0702428771733405,1.064250374804355
3004,1.073352525272995,1.0699007154684503,1.0639468514293184
3005,1.073352525272995,1.069707499783554,1.0626489947165267
3006,1.073352525272995,1.0698535756690497,1.0558729710933656
3007,1.073352525272995,1.0705492444878488,1.0664475670310456
3008,1.073352525272995,1.0706603851385699,1.0650906621806118
3009,1.073352525272995,1.0694854347442946,1.04109374344339
3010,1.073352525272995,1.0695852017746104,1.0605885631800036
3011,1.073352525272995,1.0697678782721045,1.0614013133475408
3012,1.073352525272995,1.0686055033420823,1.0514247370278311
3013,1.073352525272995,1.068833231784833,1.052368082308468
3014,1.073352525272995,1.0680915060273328,1.0543206827290903
3015,1.073352525272995,1.0684923774750625,1.0395099476249174
3016,1.073352525272995,1.0680770899286616,1.050459686530135
3017,1.073352525272995,1.0686234663464835,1.057738934670293
3018,1.073352525272995,1.0691827572481694,1.0599648998110132
3019,1.073352525272995,1.0699767514695848,1.0569997623089775
3020,1.073352525272995,1.0691691744894516,1.0597208201464885
3021,1.073352525272995,1.0694335498715057,1.058834424613552
3022,1.073352525272995,1.0684925634723836,1.0537853851257637
3023,1.073352525272995,1.06812303887586,1.052958212241895
3024,1.073352525272995,1.0695367942923057,1.06119351499661
3025,1.073352525272995,1.0698455595983087,1.0644594071050362
3026,1.073352525272995,1.070193255548146,1.0634865841086403
3027,1.073352525272995,1.0697548738840652,1.0630367758802528
3028,1.073352525272995,1.069548604084781,1.0616514870063334
3029,1.073352525272995,1.0695597772979288,1.0629932748855218
3030,1.073352525272995,1.0692479516841935,1.0584995495101328
3031,1.073352525272995,1.06970925761084,1.060286591054136
3032,1.073352525272995,1.0695708764308456,1.0639319382705659
3033,1.073352525272995,1.0691561150681297,1.0555372093998623
3034,1.073352525272995,1.0695141301687248,1.0609049465010059
3035,1.073352525272995,1.0697779548585749,1.0626267582919589
3036,1.073352525272995,1.0701581307125907,1.0528175536709572
3037,1.073352525272995,1.0693304082060688,1.0570352476110705
3038,1.073352525272995,1.0690489093840054,1.053474268343973
3039,1.073352525272995,1.0695209525081193,1.0568022202528016
3040,1.073352525272995,1.0693948950311012,1.0601510494046074
3041,1.073352525272995,1.0689108135214724,1.0552067969267176
3042,1.073352525272995,1.068197299573305,1.047581443867616
3043,1.073352525272995,1.067053747567784,1.0427243705619023
3044,1.073352525272995,1.0675951844763463,1.0443365830864493
3045,1.073352525272995,1.0685654669986906,1.058271983365234
3046,1.073352525272995,1.068340890050825,1.057954436264316
3047,1.073352525272995,1.0689599690004892,1.0546393842917738
3048,1.073352525272995,1.0690669140047913,1.0581289355540966
3049,1.073352525272995,1.069602903957096,1.0608487392596844
3050,1.073352525272995,1.0691662468454286,1.0613590201788121
3051,1.073352525272995,1.0692371137808871,1.0624725053039268
3052,1.073352525272995,1.0700251986337332,1.0655125952839946
3053,1.073352525272995,1.0703343837314447,1.0568083963183084
3054,1.073352525272995,1.069935532743218,1.0557351437485392
3055,1.073352525272995,1.069719097362377,1.0620564997080277
3056,1.073352525272995,1.069536066040533,1.0593314346967189
3057,1.073352525272995,1.0690137379893583,1.0486371435254802
3058,1.073352525272995,1.0690582497785606,1.0596050722182222
3059,1.073352525272995,1.0692979565075704,1.057590308848872
3060,1.073352525272995,1.068936559585226,1.05982488693546
3061,1.073352525272995,1.0688148330312925,1.0615263663978516
3062,1.073352525272995,1.0694905262515713,1.0659426661938975
3063,1.073352525272995,1.0706619066049226,1.0632277749988412
3064,1.073352525272995,1.070857729625133,1.0656412119169731
3065,1.073352525272995,1.0709871146875718,1.0666615142140954
3066,1.073352525272995,1.0708191455878593,1.0659339202754996
3067,1.073352525272995,1.0704742283023483,1.060458439860846
3068,1.073352525272995,1.0697409182187814,1.0591038964728519
3069,1.073352525272995,1.069859325321697,1.051915620223671
3070,1.073352525272995,1.0695672937683822,1.0613780041350542
3071,1.073352525272995,1.069577203183747,1.0614359364832004
3072,1.073352525272995,1.0689450505420528,1.0538138351988073
3073,1.073352525272995,1.0692130373639597,1.0595617642720472
3074,1.073352525272995,1.069049108591586,1.051510022783749
3075,1.073352525272995,1.0689357616219615,1.0598672771855875
3076,1.073352525272995,1.0685775170584242,1.059764983471081
3077,1.073352525272995,1.0691690044166642,1.0589733741706235
3078,1.073352525272995,1.0699012987635266,1.0587086714652636
3079,1.073352525272995,1.0698747079675661,1.0627816152283716
3080,1.073352525272995,1.0701568183648864,1.0633686285764141
3081,1.073352525272995,1.070235379140625,1.0634812918516148
3082,1.073352525272995,1.0700891634620018,1.062118434452568
3083,1.073352525272995,1.0701923413404613,1.058908915584407
3084,1.073352525272995,1.0699685875899752,1.0608765991806979
3085,1.073352525272995,1.0700874243826286,1.061208399811522
3086,1.073352525272995,1.0694208547952533,1.0528287037828308
3087,1.073352525272995,1.0693579048765924,1.0642249870665936
3088,1.073352525272995,1.0695598927689542,1.058329415686861
3089,1.073352525272995,1.0696935733649178,1.0599583002476007
3090,1.073352525272995,1.0696591223272391,1.063182135263257
3091,1.073352525272995,1.0698834468008784,1.0613511915447553
3092,1.073352525272995,1.0707295249167912,1.064521000299483
3093,1.073352525272995,1.0706206136564531,1.0652516117858715
3094,1.073352525272995,1.0707122829378035,1.0640231121149524
3095,1.073352525272995,1.0702458148966079,1.057207568747537
3096,1.073352525272995,1.070530614305094,1.06561850212026
3097,1.073352525272995,1.0701122313512266,1.0594224679125706
3098,1.073352525272995,1.0697116623028264,1.053485884055128
3099,1.073352525272995,1.069897617981117,1.0541316739611872
3100,1.073352525272995,1.070122801874367,1.0617983248050544
3101,1.073352525272995,1.0700085740156349,1.0587460352675429
3102,1.073352525272995,1.0698515613584643,1.0605122859673015
3103,1.073352525272995,1.0704068540741565,1.0645839890128075
3104,1.073352525272995,1.070462788502713,1.0622625779688217
3105,1.073352525272995,1.0703699733241507,1.0610115518944467
3106,1.073352525272995,1.0707603583290342,1.0638096938489883
3107,1.073352525272995,1.0707505531518358,1.0626769120750292
3108,1.073352525272995,1.0706671156878655,1.0630411494986982
3109,1.073352525272995,1.0705966680849262,1.064943499817981
3110,1.073352525272995,1.0710836728817548,1.0654017115578374
3111,1.073352525272995,1.0711801670387535,1.0639006643670448
3112,1.073352525272995,1.0712599875226085,1.0573235763107947
3113,1.073352525272995,1.0708008102759692,1.0607272234116003
3114,1.073352525272995,1.0709866333812479,1.062744411374068
3115,1.073352525272995,1.071765201406616,1.0679836031915966
3116,1.073352525272995,1.0712500344869014,1.0629883561268356
3117,1.073352525272995,1.0709016461231389,1.0638232155197846
3118,1.073352525272995,1.071226140659432,1.0673836867721744
3119,1.073352525272995,1.0714283210475977,1.0650773022216506
3120,1.073352525272995,1.0714538097994544,1.0674823647066938
3121,1.073352525272995,1.0717379568116643,1.0656871826710028
3122,1.073352525272995,1.071758617341785,1.0673480467258845
3123,1.073352525272995,1.0715796923853393,1.064790735050343
3124,1.073352525272995,1.0716906974525295,1.0632633208082325
3125,1.073352525272995,1.0714027494111322,1.0676833203448512
3126,1.073352525272995,1.0711019770201875,1.0617566025784562
3127,1.073352525272995,1.0709886915771911,1.0615568017846908
3128,1.073352525272995,1.0705881101664332,1.0461116041457288
3129,1.073352525272995,1.0712895715511452,1.058051814012049
3130,1.073352525272995,1.0708989051017526,1.0669533029072407
3131,1.073352525272995,1.0712193463590833,1.0671862685264157
3132,1.073352525272995,1.071436280938219,1.0662762148132208
3133,1.073352525272995,1.071043244134213,1.0665301047466664
3134,1.073352525272995,1.0708532664319852,1.0640981098600701
3135,1.073352525272995,1.0703075666716009,1.0638693545986317
3136,1.073352525272995,1.0697042883363843,1.0620016247254074
3137,1.073352525272995,1.0705143042036669,1.0654574738756772
3138,1.073352525272995,1.0702864818846467,1.0532454782844711
3139,1.073352525272995,1.0697707525924636,1.05868051114343
3140,1.073352525272995,1.0698462266954356,1.0557885693484743
3141,1.073352525272995,1.0702492048386447,1.0443909181172832
3142,1.073352525272995,1.0701778452060355,1.061649432293676
3143,1.073352525272995,1.0704352625010456,1.0615729471168835
3144,1.073352525272995,1.069753478916476,1.0557351626521145
3145,1.073352525272995,1.0690876737614616,1.0368733687093519
3146,1.073352525272995,1.0691242266558403,1.0502343528185438
3147,1.073352525272995,1.0686118423932824,1.0576107968440662
3148,1.073352525272995,1.0690864173748718,1.0612208225461512
3149,1.073352525272995,1.0690434569129221,1.0620796259083738
3150,1.073352525272995,1.0688740422637315,1.049339666037198
3151,1.073352525272995,1.0694425223927526,1.058674610294521
3152,1.073352525272995,1.068921447587452,1.0634082966724483
3153,1.073352525272995,1.0687041941779105,1.0595066767512935
3154,1.073352525272995,1.0689407354544735,1.0590330839477085
3155,1.073352525272995,1.068719450163063,1.0560874269248781
3156,1.073352525272995,1.0699042756024424,1.064587383186483
3157,1.073352525272995,1.0707283320239511,1.0659290217079638
3158,1.073352525272995,1.070402341612269,1.0632371382969887
3159,1.073352525272995,1.0698476371260977,1.0631040702052106
3160,1.073352525272995,1.0706149651593073,1.0617083867211714
3161,1.073352525272995,1.0709562976024005,1.064921704964584
3162,1.073352525272995,1.0707851559930892,1.067012549152859
3163,1.073352525272995,1.0713575471959254,1.0665952268545773
3164,1.073352525272995,1.0713264118737993,1.0648888468303401
3165,1.073352525272995,1.0712414472911052,1.0567550384429751
3166,1.073352525272995,1.0715175233434082,1.0657116190293947
3167,1.073352525272995,1.071584076868262,1.065212217378376
3168,1.073352525272995,1.0702916980350106,1.0593771143749307
3169,1.073352525272995,1.0704449524632702,1.061635038414222
3170,1.073352525272995,1.0700677404198091,1.059609163321456
3171,1.073352525272995,1.0705082487803397,1.0597799764306073
3172,1.073352525272995,1.070786525197949,1.0648151382823219
3173,1.073352525272995,1.0709296508782336,1.0643908591661722
3174,1.073352525272995,1.0707761124935857,1.0620406213177347
3175,1.073352525272995,1.0699832471436612,1.0429232529177666
3176,1.073352525272995,1.0698838432856197,1.0600850845863719
3177,1.073352525272995,1.070692466722444,1.0613981948202929
3178,1.073352525272995,1.0700947055814696,1.0577779566057806
3179,1.073352525272995,1.070112635526485,1.064660894285413
3180,1.073352525272995,1.0699604022052467,1.0602232259240645
3181,1.073352525272995,1.069991551297296,1.0638796299790894
3182,1.073352525272995,1.0704237936507845,1.064566212184426
3183,1.073352525272995,1.0701330468176875,1.0587832982581507
3184,1.073352525272995,1.0693328417578278,1.0621933052738477
3185,1.073352525272995,1.070941951695874,1.0645658655048447
3186,1.073352525272995,1.0710869087362744,1.0658778241117814
3187,1.073352525272995,1.0707516017032677,1.0628206550753903
3188,1.073352525272995,1.0706626525440133,1.0602884736507994
3189,1.073352525272995,1.0705370938224876,1.0619255591123118
3190,1.073352525272995,1.0706581367296253,1.064046001188975
3191,1.073352525272995,1.0712273063803237,1.0662102452865074
3192,1.073352525272995,1.0715221992562467,1.0628183924447643
3193,1.073352525272995,1.0710087175812704,1.0641165305484557
3194,1.073352525272995,1.0708959838000727,1.0597564742719123
3195,1.073352525272995,1.0702807183242833,1.0603938586810333
3196,1.073352525272995,1.0694508256758335,1.052231894625329
3197,1.073352525272995,1.0700323183293532,1.0524115737023734
3198,1.073352525272995,1.069526126493996,1.0634279637106654
3199,1.073352525272995,1.0694019400412877,1.0577798335871411
3200,1.073352525272995,1.0687377409486674,1.0588059002201262
3201,1.073352525272995,1.0688137436799836,1.0587535209541363
3202,1.073352525272995,1.0695223235362108,1.06008519835599
3203,1.073352525272995,1.0696117847159716,1.0594329166722782
3204,1.073352525272995,1.0694221715000432,1.060027305557822
3205,1.073352525272995,1.0698132773371725,1.0598314882889044
3206,1.073352525272995,1.0699704519425917,1.0627682995770376
3207,1.073352525272995,1.070056542079043,1.056592892977549
3208,1.073352525272995,1.0699086648178948,1.0616052411500516
3209,1.073352525272995,1.06997524948849,1.061007155030262
3210,1.073352525272995,1.0696135278604098,1.061335074901408
3211,1.073352525272995,1.0698616884797707,1.064771481134109
3212,1.073352525272995,1.0705844962986262,1.0639507916541406
3213,1.073352525272995,1.0702224050739222,1.064217916670175
3214,1.073352525272995,1.0695084623357323,1.0507931979714948
3215,1.073352525272995,1.0690313210053264,1.0619133565615857
3216,1.073352525272995,1.0684283103981949,1.052779127251354
3217,1.073352525272995,1.0692472510132838,1.0610898356327565
3218,1.073352525272995,1.0692257156465792,1.057304252013253
3219,1.073352525272995,1.068655147326089,1.0576107692583034
3220,1.073352525272995,1.0690904589602943,1.0578239748653635
3221,1.073352525272995,1.0693092913367048,1.055032008791829
3222,1.073352525272995,1.0690211819642026,1.06338832173815
3223,1.073352525272995,1.0694674224307985,1.0603983177326333
3224,1.073352525272995,1.0682196259933137,1.0566667904872484
3225,1.073352525272995,1.068439774605917,1.0625129277301872
3226,1.073352525272995,1.0691226619304577,1.0641461330152078
3227,1.073352525272995,1.0690324906438342,1.0610965367580452
3228,1.073352525272995,1.0695588329808912,1.0597317467387308
3229,1.073352525272995,1.0695154463647443,1.059400495856916
3230,1.073352525272995,1.0693729301045989,1.0495352589087747
3231,1.073352525272995,1.0690899723589329,1.0577141535890138
3232,1.073352525272995,1.0685929989692624,1.0488945906504041
3233,1.073352525272995,1.068234045216996,1.0554949357127608
3234,1.073352525272995,1.0676993557405228,1.0573678549164907
3235,1.073352525272995,1.068274938916582,1.0617868599578255
3236,1.073352525272995,1.06898728248733,1.061228005775075
3237,1.073352525272995,1.0697591745519142,1.0619555014649753
3238,1.073352525272995,1.0701356750697795,1.0633809941604582
3239,1.073352525272995,1.070909454264555,1.0644494529811166
3240,1.073352525272995,1.0703018978310974,1.0597056290850182
3241,1.073352525272995,1.0692429053030617,1.0597426049686196
3242,1.073352525272995,1.0694476134933988,1.0525601523129797
3243,1.073352525272995,1.0691658807853335,1.0609970601705112
3244,1.073352525272995,1.069853064583171,1.062313564889711
3245,1.073352525272995,1.0688409382009112,1.0535627310974407
3246,1.073352525272995,1.0693890431442623,1.0628755164752002
3247,1.073352525272995,1.0695843922243164,1.057914412318204
3248,1.073352525272995,1.070081022888336,1.0596611137361192
3249,1.073352525272995,1.0706574897546293,1.0630524944930233
3250,1.073352525272995,1.0704992451089215,1.053728186652047
3251,1.073352525272995,1.070927896161286,1.0619337286817703
3252,1.073352525272995,1.070826931554066,1.0629203621217675
3253,1.073352525272995,1.0706469656875655,1.065409780181222
3254,1.073352525272995,1.0705843390651646,1.0657046557296603
3255,1.073352525272995,1.0707970425083273,1.0631114777192083
3256,1.073352525272995,1.070338795937601,1.063112723993167
3257,1.073352525272995,1.0705886437455647,1.0630097755557653
3258,1.073352525272995,1.0700755969980227,1.0556816036235155
3259,1.073352525272995,1.0700385122245737,1.0615677072291705
3260,1.073352525272995,1.0703880492714226,1.0593030982257359
3261,1.073352525272995,1.0707921821356114,1.0631371591039929
3262,1.073352525272995,1.071339482875467,1.0636485159609277
3263,1.073352525272995,1.0713573619407648,1.0642967159444776
3264,1.073352525272995,1.0711627724879071,1.0612395123644767
3265,1.073352525272995,1.0701476173729036,1.0539576857777662
3266,1.073352525272995,1.0706899928960034,1.0604525926475696
3267,1.073352525272995,1.070653818277942,1.0612297694525619
3268,1.073352525272995,1.0699685442207758,1.0571892801681297
3269,1.073352525272995,1.0685888725771804,1.045907772837668
3270,1.073352525272995,1.0685067784691629,1.053594960306882
3271,1.073352525272995,1.0692700295059432,1.0525215668577108
3272,1.073352525272995,1.0694444404675805,1.0636028267929332
3273,1.073352525272995,1.069710167901605,1.0555839471823045
3274,1.073352525272995,1.0690618303950945,1.060522065550691
3275,1.073352525272995,1.0698271965301698,1.0571957692781653
3276,1.073352525272995,1.069387051934882,1.0629466822762867
3277,1.073352525272995,1.0699139718741193,1.060320094521338
3278,1.073352525272995,1.0695420935806934,1.0628098422518684
3279,1.073352525272995,1.0703157561098908,1.0637055697225177
3280,1.073352525272995,1.0701971057150734,1.0616166396189815
3281,1.073352525272995,1.070419240289909,1.0662251346704872
3282,1.073352525272995,1.0707689725108687,1.060880511475148
3283,1.073352525272995,1.0703872992149772,1.0636938435522911
3284,1.073352525272995,1.070708730560468,1.0648537584573117
3285,1.073352525272995,1.070646389194658,1.0661489136438669
3286,1.073352525272995,1.0703911616154287,1.0652538858920715
3287,1.073352525272995,1.0698104465686153,1.0562533456180137
3288,1.073352525272995,1.0704091874744914,1.0609744691881937
3289,1.073352525272995,1.0705298188975698,1.0620329971120515
3290,1.073352525272995,1.0703558265485131,1.0581670252848192
3291,1.073352525272995,1.0700530859139423,1.0615565680623158
3292,1.073352525272995,1.07068570713783,1.0665853227013757
3293,1.073352525272995,1.07107223764141,1.0668376582508339
3294,1.073352525272995,1.070559246140072,1.0620589644850567
3295,1.073352525272995,1.070378172369343,1.0614933989628397
3296,1.073352525272995,1.0703455984511547,1.060413683182479
3297,1.073352525272995,1.070401859614575,1.063793985015409
3298,1.073352525272995,1.0708611244942459,1.0619935216412224
3299,1.073352525272995,1.0713180140042118,1.0651687522477837
3300,1.073352525272995,1.0712198971748104,1.0660033665808615
3301,1.073352525272995,1.0710059885037007,1.0637253293650208
3302,1.073352525272995,1.071474594204594,1.0632574938458252
3303,1.073352525272995,1.0704297177591082,1.0636525272059245
3304,1.073352525272995,1.0696931363502966,1.062967074107528
3305,1.073352525272995,1.0692971220375034,1.049222353441242
3306,1.073352525272995,1.0695008640420616,1.0626509016362715
3307,1.073352525272995,1.0698072598817128,1.0594345099246707
3308,1.073352525272995,1.0698462899970715,1.0583649775871882
3309,1.073352525272995,1.0703851528945016,1.0629973051970691
3310,1.073352525272995,1.0698968122542771,1.061416727891149
3311,1.073352525272995,1.0701334015246746,1.0648460617726143
3312,1.073352525272995,1.0698271266634145,1.0626297718440156
3313,1.073352525272995,1.0706225238914933,1.0640861611657768
3314,1.073352525272995,1.0704492729129376,1.0638932736768503
3315,1.073352525272995,1.0705706605136813,1.0626104053438057
3316,1.073352525272995,1.0698170879936746,1.0621916762071892
3317,1.073352525272995,1.0684702722275088,1.0505113882428103
3318,1.073352525272995,1.0685696685059485,1.0567462490582331
3319,1.073352525272995,1.069332107041181,1.0554703836037689
3320,1.073352525272995,1.0695800372963438,1.0583241313550595
3321,1.073352525272995,1.0706633840066102,1.0548462731272354
3322,1.073352525272995,1.070593062302747,1.0643633918817412
3323,1.073352525272995,1.0702206015519817,1.0583009498202594
3324,1.073352525272995,1.0702329064373308,1.0575307704870358
3325,1.073352525272995,1.0702484692691128,1.062439747492184
3326,1.073352525272995,1.0700062609277752,1.0634194533374282
3327,1.073352525272995,1.0698228786110646,1.0555771540230987
3328,1.073352525272995,1.070226395313935,1.0627775067938514
3329,1.073352525272995,1.0706565043475995,1.0616004166081452
3330,1.073352525272995,1.0702933414244762,1.060412427683329
3331,1.073352525272995,1.0706312977387678,1.0621399607416875
3332,1.073352525272995,1.0700834545438427,1.0544182895331815
3333,1.073352525272995,1.0685711385976626,1.0467838356859263
3334,1.073352525272995,1.0697585643115257,1.0527556004274259
3335,1.073352525272995,1.069759239222175,1.0577408991243946
3336,1.073352525272995,1.0692252817606482,1.0612942637828109
3337,1.073352525272995,1.0694266178040908,1.0614456013945959
3338,1.073352525272995,1.0697177123392074,1.055985962394614
3339,1.073352525272995,1.0700256259609957,1.0623206826970302
3340,1.073352525272995,1.06919387486271,1.0509027424266493
3341,1.073352525272995,1.0688497779505561,1.0378402661210258
3342,1.073352525272995,1.0683255137480812,1.053011225712004
3343,1.073352525272995,1.0685105549019227,1.0503277029528273
3344,1.073352525272995,1.0680198439820854,1.056022927107701
3345,1.073352525272995,1.0669053044725967,1.050354817316515
3346,1.073352525272995,1.0661669032256769,1.0520177501117571
3347,1.073352525272995,1.0666134261069184,1.039337860315914
3348,1.073352525272995,1.0675208896235286,1.0601435426014385
3349,1.073352525272995,1.06986011661899,1.0634617266987154
3350,1.073352525272995,1.0698145902491103,1.0599813567759995
3351,1.073352525272995,1.069644621416234,1.0594562477549072
3352,1.073352525272995,1.069135532355281,1.0486157192540544
3353,1.073352525272995,1.068609042153122,1.0437010370402513
3354,1.073352525272995,1.0699038801447032,1.0591223409444976
3355,1.073352525272995,1.070252474053937,1.0656591057283649
3356,1.073352525272995,1.070545455249719,1.064174560324705
3357,1.073352525272995,1.0699417857406217,1.0627566561304023
3358,1.073352525272995,1.0682311629776333,1.0540875033600243
3359,1.073352525272995,1.0674408059733873,1.0571923400253171
3360,1.073352525272995,1.0662817404030305,1.0494548956377534
3361,1.073352525272995,1.065773177572031,1.0496842835525868
3362,1.073352525272995,1.0660718497216104,1.0415315239833793
3363,1.073352525272995,1.0675618049197133,1.0572962381895368
3364,1.073352525272995,1.0667728389216715,1.0461941651617277
3365,1.073352525272995,1.067304837630791,1.0550501084153505
3366,1.073352525272995,1.0683404420517153,1.0604348248766358
3367,1.073352525272995,1.0676891989798984,1.053490317018969
3368,1.073352525272995,1.067388700034637,1.0593235553212024
3369,1.073352525272995,1.0679772847870692,1.056771863521384
3370,1.073352525272995,1.0680798335900181,1.0577230237147235
3371,1.073352525272995,1.0681614100834274,1.0591139975370099
3372,1.073352525272995,1.0681688052299438,1.0597224602522635
3373,1.073352525272995,1.0687892109004415,1.0558041688363557
3374,1.073352525272995,1.069765047033788,1.0624990648737234
3375,1.073352525272995,1.0695936891638684,1.061656414335319
3376,1.073352525272995,1.069381791946505,1.0562489782258582
3377,1.073352525272995,1.0689594048068727,1.054917539011175
3378,1.073352525272995,1.0674940047760137,1.0509148946107496
3379,1.073352525272995,1.0691265612988965,1.061276801010243
3380,1.073352525272995,1.0696242295740361,1.0634445866566722
3381,1.073352525272995,1.0696454230335037,1.0628108330075783
3382,1.073352525272995,1.069279363957097,1.056350697357463
3383,1.073352525272995,1.0699190926112248,1.0584424273171562
3384,1.073352525272995,1.0702358707133661,1.0627884876266713
3385,1.073352525272995,1.0706372273891043,1.0590438090615732
3386,1.073352525272995,1.0696871643109507,1.0551425330361943
3387,1.073352525272995,1.069652506710979,1.063664365205838
3388,1.073352525272995,1.0695332167384406,1.05715732204559
3389,1.073352525272995,1.068939883413146,1.0601907855656352
3390,1.073352525272995,1.0701869479397612,1.058336003328153
3391,1.073352525272995,1.0700554171668168,1.055480936965902
3392,1.073352525272995,1.0704840425390107,1.0642434630673434
3393,1.073352525272995,1.0706753486137182,1.0647631612651778
3394,1.073352525272995,1.0713442804103073,1.0639138267250838
3395,1.073352525272995,1.0717629532092414,1.0675945561676625
3396,1.073352525272995,1.0714280620853294,1.0608353097030856
3397,1.073352525272995,1.0708881451839791,1.0655026010474486
3398,1.073352525272995,1.0702235088466847,1.060539124474503
3399,1.073352525272995,1.0698402125300348,1.0652761915785198
3400,1.073352525272995,1.0702143642181168,1.0608577843242841
3401,1.073352525272995,1.069574442455675,1.0605497015887164
3402,1.073352525272995,1.0699369032794466,1.0586098843744076
3403,1.073352525272995,1.0697971702564715,1.059099754808968
3404,1.073352525272995,1.0701939445868054,1.0542719654228736
3405,1.073352525272995,1.0701856994410301,1.0628865349899073
3406,1.073352525272995,1.0702537806163277,1.0619445633406654
3407,1.073352525272995,1.070205906532051,1.064139027774119
3408,1.073352525272995,1.0698207076252177,1.063208900523366
3409,1.073352525272995,1.0683081252623376,1.0570024118792418
3410,1.073352525272995,1.0691368434298605,1.0529431079478324
3411,1.073352525272995,1.069015500827965,1.0576982777423398
3412,1.073352525272995,1.068624114853647,1.0518854272227585
3413,1.073352525272995,1.068606305192398,1.041199073150346
3414,1.073352525272995,1.0681942388423358,1.059791390595778
3415,1.073352525272995,1.068850874050978,1.0612701507321258
3416,1.073352525272995,1.069188902222322,1.0628088977300956
3417,1.073352525272995,1.0683626485098139,1.060584874858307
3418,1.073352525272995,1.0690212594227546,1.054971286307374
3419,1.073352525272995,1.0692968460780825,1.0596395755535535
3420,1.073352525272995,1.0703070740299532,1.0550270434285745
3421,1.073352525272995,1.0702424274906182,1.0643263210007612
3422,1.073352525272995,1.070310205323578,1.054248343598426
3423,1.073352525272995,1.0705954443284162,1.0650555026886694
3424,1.073352525272995,1.0711908086250979,1.0660609117376414
3425,1.073352525272995,1.071113699376632,1.0660709835537225
3426,1.073352525272995,1.0710636589349398,1.0671360673772152
3427,1.073352525272995,1.070298004007958,1.053989311573394
3428,1.073352525272995,1.070516233533406,1.0593476713000352
3429,1.073352525272995,1.0702335178727542,1.0611314245299481
3430,1.073352525272995,1.070146382081847,1.063762711586056
3431,1.073352525272995,1.069747143872657,1.0632496731260752
3432,1.073352525272995,1.0693637206831808,1.055742386202878
3433,1.073352525272995,1.0694551312187301,1.0597401503537032
3434,1.073352525272995,1.0700995934876114,1.0638432582631754
3435,1.073352525272995,1.0697802950244333,1.0624574858796132
3436,1.073352525272995,1.0701631372117877,1.064651618163734
3437,1.073352525272995,1.0700054199271838,1.0537204942369576
3438,1.073352525272995,1.0700141660568792,1.0623601887904104
3439,1.073352525272995,1.0702584532056505,1.0622509175648331
3440,1.073352525272995,1.0703570803122893,1.0640396430351076
3441,1.073352525272995,1.070384922299594,1.063413263387512
3442,1.073352525272995,1.070227112764784,1.0629567236421698
3443,1.073352525272995,1.069923295882976,1.0619613571224136
3444,1.073352525272995,1.0699107518909716,1.064227464933757
3445,1.073352525272995,1.0696457292018122,1.058795065255032
3446,1.073352525272995,1.0691024096681216,1.064606130977934
3447,1.073352525272995,1.0693755400231075,1.0648711553076677
3448,1.073352525272995,1.0696790927662507,1.0604498062131107
3449,1.073352525272995,1.069564893187186,1.0558257600464582
3450,1.073352525272995,1.068488362606114,1.0477685971414565
3451,1.073352525272995,1.069739404256358,1.0575095448341714
3452,1.073352525272995,1.06898164360047,1.0472009537930784
3453,1.073352525272995,1.0694797816641228,1.0567429555696122
3454,1.073352525272995,1.0694794367847011,1.0303973249706075
3455,1.073352525272995,1.0697647090877531,1.0629387535998465
3456,1.073352525272995,1.0707993330387753,1.0608636493146524
3457,1.073352525272995,1.0706443721281147,1.0580953060613005
3458,1.073352525272995,1.0712247838792859,1.0649917217348237
3459,1.073352525272995,1.0711162147587134,1.0579731979455471
3460,1.073352525272995,1.0712697430575997,1.0666569086445015
3461,1.073352525272995,1.0713110042559415,1.0653694963217286
3462,1.073352525272995,1.0707605133876543,1.0590662976312843
3463,1.073352525272995,1.0703569915982813,1.0595219537092835
3464,1.073352525272995,1.070868227161716,1.0627424309373743
3465,1.073352525272995,1.0710501218272395,1.0592286228898686
3466,1.073352525272995,1.0710112041742545,1.06523189824215
3467,1.073352525272995,1.0705997462737336,1.065486769584053
3468,1.073352525272995,1.0709672534248613,1.061902276976082
3469,1.073352525272995,1.0705002470715455,1.0639036981938277
3470,1.073352525272995,1.070583665810442,1.0536168480620967
3471,1.073352525272995,1.0694760843784064,1.0598595831983684
3472,1.073352525272995,1.0697719663424954,1.0625447313103809
3473,1.073352525272995,1.0701873098443115,1.0648090656210871
3474,1.073352525272995,1.0708596114520723,1.0623496229050269
3475,1.073352525272995,1.070334940903136,1.0555809144560204
3476,1.073352525272995,1.0701615466984764,1.058241668535575
3477,1.073352525272995,1.0705404051153256,1.0591781675618068
3478,1.073352525272995,1.0708591473825317,1.0663036223177969
3479,1.073352525272995,1.0712577472044962,1.0658416257685568
3480,1.073352525272995,1.0711504633555486,1.0641009317071362
3481,1.073352525272995,1.0705522116980235,1.0556562890310195
3482,1.073352525272995,1.0702840815490253,1.0656229038819993
3483,1.073352525272995,1.0709686834634358,1.0622313965903984
3484,1.073352525272995,1.0702089212328503,1.0580439611517227
3485,1.073352525272995,1.0701500467240515,1.0579518237873713
3486,1.073352525272995,1.0685309522622202,1.0396837967042354
3487,1.073352525272995,1.0697207815988008,1.0261152800936084
3488,1.073352525272995,1.0705532565767368,1.0629970027828237
3489,1.073352525272995,1.0706969308788086,1.065608798342829
3490,1.073352525272995,1.0708088685035628,1.0608938102037633
3491,1.073352525272995,1.070429526573419,1.0598486749785698
3492,1.073352525272995,1.069924463632581,1.0591746763602012
3493,1.073352525272995,1.0698484396528756,1.0521441569439856
3494,1.073352525272995,1.07021035472272,1.0584781337522844
3495,1.073352525272995,1.0699477157858923,1.0594196231427264
3496,1.073352525272995,1.068517765794074,1.0554327979150822
3497,1.073352525272995,1.0689407495483199,1.0497222982428878
3498,1.073352525272995,1.0680784733943005,1.0550696998803213
3499,1.073352525272995,1.0688170935689585,1.055663615487466
3500,1.073352525272995,1.0685255923685462,1.05600690639527
3501,1.073352525272995,1.068728426788917,1.0556969318237628
3502,1.073352525272995,1.0695366188074982,1.058013627668072
3503,1.073352525272995,1.0695940718403876,1.0466795274639504
3504,1.073352525272995,1.0697816058889678,1.0633356763049462
3505,1.073352525272995,1.0706749984435011,1.0647932140877117
3506,1.073352525272995,1.0707679838282984,1.0653744593942411
3507,1.073352525272995,1.0711236617796942,1.0666987276355586
3508,1.073352525272995,1.0719792812585234,1.0689303433154742
3509,1.073352525272995,1.0718231610223934,1.0646846401119816
3510,1.073352525272995,1.0713587709584118,1.0663883809680086
3511,1.073352525272995,1.0714037329916324,1.0625363611071608
3512,1.073352525272995,1.0707176686772741,1.0588501705214575
3513,1.073352525272995,1.0703661331732635,1.0646822420190039
3514,1.073352525272995,1.0701315157616955,1.0597759185914901
3515,1.073352525272995,1.0698307135642755,1.060359203103935
3516,1.073352525272995,1.0696630526196547,1.0605877865792328
3517,1.073352525272995,1.0699933858490613,1.0618404259231813
3518,1.073352525272995,1.0703990652519157,1.0613668503661133
3519,1.073352525272995,1.0700938091067789,1.0584815580274927
3520,1.073352525272995,1.0706864827561515,1.0617248366076637
3521,1.073352525272995,1.0704757984922477,1.0551551644533543
3522,1.073352525272995,1.070347160328533,1.038131394410322
3523,1.073352525272995,1.0690271779653286,1.0515991956180963
3524,1.073352525272995,1.068492651026533,1.0464888783413548
3525,1.073352525272995,1.0685535247602318,1.0414361987719924
3526,1.073352525272995,1.0683418953252763,1.056748810807694
3527,1.073352525272995,1.0686821108952538,1.0622900320565962
3528,1.073352525272995,1.0690186836860591,1.060164796328644
3529,1.073352525272995,1.069068242563502,1.0609776947324678
3530,1.073352525272995,1.069831064758343,1.0619696785701866
3531,1.073352525272995,1.0698490856066754,1.0582201150544037
3532,1.073352525272995,1.069521238041655,1.0633954298367954
3533,1.073352525272995,1.0702300197863874,1.062456203307511
3534,1.073352525272995,1.0695539900304352,1.051218346234617
3535,1.073352525272995,1.0695040469276837,1.0596784800515366
3536,1.073352525272995,1.0692017690804343,1.058629984226649
3537,1.073352525272995,1.0689988155726362,1.0547954539416875
3538,1.073352525272995,1.0682690487179305,1.0553955088399891
3539,1.073352525272995,1.0680259658517846,1.0550386645798524
3540,1.073352525272995,1.0689706958860152,1.059480441893915
3541,1.073352525272995,1.069344552200446,1.0612269403091987
3542,1.073352525272995,1.0693045248959525,1.0628006929007952
3543,1.073352525272995,1.0699333576065333,1.0639199657555223
3544,1.073352525272995,1.0702090203678072,1.0548457941860643
3545,1.073352525272995,1.0689281267898587,1.0567902375874032
3546,1.073352525272995,1.0684758294605137,1.0557180905830137
3547,1.073352525272995,1.0691229784848932,1.059418846478929
3548,1.073352525272995,1.0689037918486504,1.0618248313600804
3549,1.073352525272995,1.0692025479227627,1.0589885210544652
3550,1.073352525272995,1.069808434877563,1.0630452944848412
3551,1.073352525272995,1.0697295876037618,1.0597848098557878
3552,1.073352525272995,1.0702103662211269,1.0611278951198564
3553,1.073352525272995,1.0702243747257527,1.0607934671108759
3554,1.073352525272995,1.0696811074016492,1.0637750746801284
3555,1.073352525272995,1.0701535320784599,1.0621661293435969
3556,1.073352525272995,1.0705960829515255,1.0654960635876871
3557,1.073352525272995,1.0709423966369211,1.0609081964294966
3558,1.073352525272995,1.070096380073321,1.0601320914585375
3559,1.073352525272995,1.0696654147351952,1.0617097345349524
3560,1.073352525272995,1.069739648266268,1.0609884949634503
3561,1.073352525272995,1.0698945880132562,1.0617353634040305
3562,1.073352525272995,1.070471980207005,1.0640367432484878
3563,1.073352525272995,1.0706941247753468,1.0639182440177688
3564,1.073352525272995,1.0706807186766916,1.064303455884004
3565,1.073352525272995,1.0705598391957887,1.0653512850432234
3566,1.073352525272995,1.0709267781436316,1.0665940179580287
3567,1.073352525272995,1.0711299398363345,1.0605660554401686
3568,1.073352525272995,1.0711917173832857,1.0673812408718575
3569,1.073352525272995,1.0714404409912106,1.0666018427688695
3570,1.073352525272995,1.0713263756111233,1.0643540279836008
3571,1.073352525272995,1.0708786423567407,1.0637790725057141
3572,1.073352525272995,1.0708949723648626,1.0585722909532065
3573,1.073352525272995,1.0700624856107062,1.0520099933499665
3574,1.073352525272995,1.069615011806292,1.0584182772352213
3575,1.073352525272995,1.0691778565191674,1.0490504109510526
3576,1.073352525272995,1.0682372224241774,1.035424531005642
3577,1.073352525272995,1.0676184812476086,1.046972360061706
3578,1.073352525272995,1.0659441119198672,1.0333475625518322
3579,1.073352525272995,1.0669231948803577,1.0508970019764816
3580,1.073352525272995,1.0674818284885197,1.058784906525214
3581,1.073352525272995,1.0691728662658742,1.0621347795927925
3582,1.073352525272995,1.0694336133202227,1.0603084203980901
3583,1.073352525272995,1.0706481114034234,1.0632189326901558
3584,1.073352525272995,1.0708834464937418,1.062914477270156
3585,1.073352525272995,1.0706927633750376,1.061107027163492
3586,1.073352525272995,1.0707674236251865,1.0644015805113871
3587,1.073352525272995,1.0712159990714958,1.0623806385247785
3588,1.073352525272995,1.071475601286327,1.0658725341649578
3589,1.073352525272995,1.071315669133338,1.0490634526687397
3590,1.073352525272995,1.0709254529568493,1.0640721067904306
3591,1.073352525272995,1.0709961159871262,1.0614138574030025
3592,1.073352525272995,1.0710374368174387,1.0621957099970165
3593,1.073352525272995,1.070086819269814,1.0567138659182078
3594,1.073352525272995,1.068935654448633,1.0505066485623384
3595,1.073352525272995,1.0688702983672749,1.0483026201541177
3596,1.073352525272995,1.0689170096828489,1.057512861950586
3597,1.073352525272995,1.0693563016573864,1.0559572888933157
3598,1.073352525272995,1.0693481300494765,1.0583599913448354
3599,1.073352525272995,1.069365272481314,1.0540228712887192
3600,1.073352525272995,1.070134019507862,1.0641961304837395
3601,1.073352525272995,1.070837993134678,1.0610835613627547
3602,1.073352525272995,1.0707786497311071,1.0655126589917023
3603,1.073352525272995,1.071354790955848,1.067293636975609
3604,1.073352525272995,1.0714553525244048,1.064119486169493
3605,1.073352525272995,1.071440194386716,1.0633393705108465
3606,1.073352525272995,1.0714028969653635,1.0665808179840275
3607,1.073352525272995,1.070507639851849,1.037396308959775
3608,1.073352525272995,1.0703913649036874,1.0626399364674404
3609,1.073352525272995,1.0704369374608367,1.062276578546522
3610,1.073352525272995,1.070439717996695,1.0589967198170136
3611,1.073352525272995,1.070387039509599,1.0621766070247145
3612,1.073352525272995,1.0698787936436844,1.0621886026966885
3613,1.073352525272995,1.069718648100605,1.0576765693324135
3614,1.073352525272995,1.0695027315189916,1.058105734265384
3615,1.073352525272995,1.0696817816411501,1.0579513349810425
3616,1.073352525272995,1.069637367037788,1.0636352939530966
3617,1.073352525272995,1.0700145502610432,1.062771853800649
3618,1.073352525272995,1.0703765692712308,1.06306131385775
3619,1.073352525272995,1.0702865532835006,1.0638022884930387
3620,1.073352525272995,1.0697608981256737,1.0572553175103026
3621,1.073352525272995,1.069724978083152,1.0566345092990541
3622,1.073352525272995,1.0691813089480449,1.0594405186324454
3623,1.073352525272995,1.06805778344828,1.0563207276670192
3624,1.073352525272995,1.0683049873753392,1.0552280149140065
3625,1.073352525272995,1.0677411691933472,1.0312370953150292
3626,1.073352525272995,1.0681483690436075,1.0530335649805025
3627,1.073352525272995,1.0689145567150997,1.056016952846285
3628,1.073352525272995,1.0700273599873422,1.0610012076802304
3629,1.073352525272995,1.0705091264343254,1.0595846075160358
3630,1.073352525272995,1.069684517514759,1.0360090852060202
3631,1.073352525272995,1.0698777697205295,1.0604932195405297
3632,1.073352525272995,1.0696070624035903,1.0608168325603973
3633,1.073352525272995,1.069055980195094,1.0628032326171652
3634,1.073352525272995,1.0681374640520866,1.0569806176817138
3635,1.073352525272995,1.0686069844359782,1.0602592254425192
3636,1.073352525272995,1.0686743721862608,1.062261599634657
3637,1.073352525272995,1.0699600559297409,1.064131524039626
3638,1.073352525272995,1.0699477036565646,1.0625556939164311
3639,1.073352525272995,1.0693931814768327,1.055883683291826
3640,1.073352525272995,1.0693105925372952,1.0466381898796102
3641,1.073352525272995,1.0707441986840984,1.0627722677970994
3642,1.073352525272995,1.0710215555839293,1.063782174261156
3643,1.073352525272995,1.0716364931116473,1.0659464256281328
3644,1.073352525272995,1.0714467717638616,1.0654455654979924
3645,1.073352525272995,1.0716038375594437,1.066601970072037
3646,1.073352525272995,1.0712516057532433,1.0643788815520692
3647,1.073352525272995,1.0711664112412884,1.0650979843142232
3648,1.073352525272995,1.0708289589445454,1.059524485602237
3649,1.073352525272995,1.069639090237853,1.0472927962701188
3650,1.073352525272995,1.0683902298792092,1.0559842543556708
3651,1.073352525272995,1.0689218909479623,1.0607257120302696
3652,1.073352525272995,1.0695913905662153,1.0594274153135639
3653,1.073352525272995,1.069101218240284,1.0552599208944096
3654,1.073352525272995,1.0692477201119244,1.0523555139317486
3655,1.073352525272995,1.068869631692487,1.030771157579079
3656,1.073352525272995,1.0696200975239054,1.0607219225112763
3657,1.073352525272995,1.07014910334768,1.060824074190093
3658,1.073352525272995,1.0701818006762007,1.0631481415186024
3659,1.073352525272995,1.0698261845468644,1.0632365021505867
3660,1.073352525272995,1.070252797906631,1.0623002760142106
3661,1.073352525272995,1.0696116379101734,1.059387691969531
3662,1.073352525272995,1.0689651699752516,1.0429597726606405
3663,1.073352525272995,1.0691255226798868,1.0595968954070218
3664,1.073352525272995,1.0686707336643102,1.0526907466159852
3665,1.073352525272995,1.0686640136379837,1.0469964084139423
3666,1.073352525272995,1.0689200709941573,1.0571136668299703
3667,1.073352525272995,1.0688627100786794,1.0633527606613677
3668,1.073352525272995,1.0692187974138458,1.0628624190617781
3669,1.073352525272995,1.0701319987740718,1.063698753618903
3670,1.073352525272995,1.0710020442714976,1.0636256006140297
3671,1.073352525272995,1.071433365824428,1.0667219812875293
3672,1.073352525272995,1.071490582373429,1.0652648665595637
3673,1.073352525272995,1.0707995445214857,1.0642039886306636
3674,1.073352525272995,1.0707443799334933,1.059854670834372
3675,1.073352525272995,1.070731190873374,1.0639548472184823
3676,1.073352525272995,1.0709232618467082,1.0592706651270105
3677,1.073352525272995,1.07029991792633,1.0632905439927551
3678,1.073352525272995,1.0699588345035909,1.0629487442734948
3679,1.073352525272995,1.0703351134233792,1.0620583106056651
3680,1.073352525272995,1.0701873053532145,1.0467237731793697
3681,1.073352525272995,1.0693338419448202,1.0517814155594571
3682,1.073352525272995,1.0697700711518827,1.0613014050869554
3683,1.073352525272995,1.07009582650887,1.0638753327880615
3684,1.073352525272995,1.0700276118419447,1.060567852822933
3685,1.073352525272995,1.0706035453786251,1.0640112183428498
3686,1.073352525272995,1.070609670942951,1.0656759139415357
3687,1.073352525272995,1.0709223606264233,1.0651577401510426
3688,1.073352525272995,1.0704507279214877,1.0572188881097877
3689,1.073352525272995,1.0709919767236402,1.050371203165497
3690,1.073352525272995,1.0713028572343914,1.065522934607549
3691,1.073352525272995,1.0715634969237686,1.0660804281739429
3692,1.073352525272995,1.0715052858211715,1.0642866112940663
3693,1.073352525272995,1.0710824165171773,1.063648172869055
3694,1.073352525272995,1.0703324221343653,1.056747275562468
3695,1.073352525272995,1.069612178034974,1.052691249943888
3696,1.073352525272995,1.0706719207985504,1.0631551649159499
3697,1.073352525272995,1.0709114170538405,1.0615142815543592
3698,1.073352525272995,1.0705719072461606,1.0649180641585543
3699,1.073352525272995,1.0703799862385044,1.0639710374514715
3700,1.073352525272995,1.0697534028613576,1.0616300587764989
3701,1.073352525272995,1.069608440250371,1.0635210507449306
3702,1.073352525272995,1.0699270015480027,1.0612818849357488
3703,1.073352525272995,1.070305730967079,1.0618577063893384
3704,1.073352525272995,1.0698947936937102,1.0613264975239312
3705,1.073352525272995,1.0696271990038735,1.052587841224319
3706,1.073352525272995,1.0689982823275777,1.0594478935532003
3707,1.073352525272995,1.0691241941780745,1.0574039248056768
3708,1.073352525272995,1.0694730189931618,1.0597785757269458
3709,1.073352525272995,1.0703120721686745,1.061930993816505
3710,1.073352525272995,1.0697239236693386,1.0579116460562026
3711,1.073352525272995,1.070015982190815,1.0621332186034353
3712,1.073352525272995,1.0688903149711642,1.0595965806819647
3713,1.073352525272995,1.0698159443627793,1.0634250912399776
3714,1.073352525272995,1.070599600866742,1.0550843455244732
3715,1.073352525272995,1.070610433680663,1.0650797071439637
3716,1.073352525272995,1.071133013337359,1.0643275678352018
3717,1.073352525272995,1.0712759591029373,1.063780975685222
3718,1.073352525272995,1.0707729377000448,1.0610999226790176
3719,1.073352525272995,1.0713875935347592,1.064459191264171
3720,1.073352525272995,1.0711012524913088,1.0616347401921555
3721,1.073352525272995,1.0708141974113068,1.066214789940349
3722,1.073352525272995,1.0709145286611446,1.0644272309086011
3723,1.073352525272995,1.0702471160817602,1.063932404346902
3724,1.073352525272995,1.07000074480527,1.0634693404771924
3725,1.073352525272995,1.069928197714014,1.0617582110383545
3726,1.073352525272995,1.0698923156277231,1.0558612836509618
3727,1.073352525272995,1.0690155652701363,1.0506922684129374
3728,1.073352525272995,1.0680957214727238,1.0451561640268632
3729,1.073352525272995,1.0701678217995751,1.0639719002547545
3730,1.073352525272995,1.0705512503949155,1.064037040717268
3731,1.073352525272995,1.0709311982349121,1.0630658684343568
3732,1.073352525272995,1.071092711486719,1.0603064269285176
3733,1.073352525272995,1.0708553184739988,1.0628611465012008
3734,1.073352525272995,1.0708661181803898,1.0625148739060744
3735,1.073352525272995,1.0707372312384296,1.0622106599902144
3736,1.073352525272995,1.0699819536715938,1.0520586299075565
3737,1.073352525272995,1.0698890812741308,1.0619277558119022
3738,1.073352525272995,1.0697407195882118,1.0559087526332984
3739,1.073352525272995,1.0696928631657647,1.0616163621943109
3740,1.073352525272995,1.070354942159761,1.0638570712823532
3741,1.073352525272995,1.0700786028004112,1.0639713532944024
3742,1.073352525272995,1.0700605793416276,1.0651077175819714
3743,1.073352525272995,1.070373901942375,1.0658763809940004
3744,1.073352525272995,1.0703783447911661,1.0619202485085149
3745,1.073352525272995,1.0699532945210415,1.0639185229390076
3746,1.073352525272995,1.0693305822298287,1.0431222460357583
3747,1.073352525272995,1.068757878521339,1.052699998453168
3748,1.073352525272995,1.0686271443119448,1.0587308758135778
3749,1.073352525272995,1.0677902100016092,1.0545523510396484
3750,1.073352525272995,1.0676914696570512,1.0400087046075934
3751,1.073352525272995,1.0668040191752923,1.0545421216035877
3752,1.073352525272995,1.066988187639934,1.0553648979284247
3753,1.073352525272995,1.0673255062308575,1.0513498296341648
3754,1.073352525272995,1.0668533834697036,1.0555696284562803
3755,1.073352525272995,1.0671404216015707,1.038744292278607
3756,1.073352525272995,1.0667338106914954,1.0481200846408756
3757,1.073352525272995,1.0683825138183325,1.061178563225333
3758,1.073352525272995,1.069217358720436,1.0638069013422022
3759,1.073352525272995,1.0696728696364988,1.0621027014823412
3760,1.073352525272995,1.070172306088422,1.0641205591494753
3761,1.073352525272995,1.0705772899074306,1.0645938136175568
3762,1.073352525272995,1.0709184923684516,1.0646489514969883
3763,1.073352525272995,1.0707664728626909,1.0571464054985937
3764,1.073352525272995,1.0702569998571605,1.0649326932337497
3765,1.073352525272995,1.0702443448719376,1.0644367921473414
3766,1.073352525272995,1.0697707936106569,1.0623633182260925
3767,1.073352525272995,1.0696614101968767,1.0572960888721306
3768,1.073352525272995,1.070996286841877,1.0620871353067973
3769,1.073352525272995,1.0710910944014058,1.0637158922601495
3770,1.073352525272995,1.0711095794570968,1.0639801066469037
3771,1.073352525272995,1.0718921717727146,1.0625067742321472
3772,1.073352525272995,1.0716199631158898,1.0648056696617267
3773,1.073352525272995,1.0710924749856832,1.0623571701988097
3774,1.073352525272995,1.0714370803842035,1.0639914493664935
3775,1.073352525272995,1.0710098147367333,1.0651887087100294
3776,1.073352525272995,1.0698555480404748,1.0552475620944604
3777,1.073352525272995,1.0683233096139357,1.037312031845266
3778,1.073352525272995,1.0681432806873046,1.051853334721171
3779,1.073352525272995,1.0678959292535515,1.052387158955026
3780,1.073352525272995,1.0692238627183144,1.055792145790425
3781,1.073352525272995,1.0694309995768347,1.0616976110789367
3782,1.073352525272995,1.069771470886878,1.0608012709935135
3783,1.073352525272995,1.0693447341368403,1.0538460222583326
3784,1.073352525272995,1.0694578324102348,1.0571525950414613
3785,1.073352525272995,1.0685968267803887,1.0445532388751326
3786,1.073352525272995,1.0681877366124788,1.0594180521483891
3787,1.073352525272995,1.068740410772798,1.0570041945649917
3788,1.073352525272995,1.0686638701929514,1.0514925143835319
3789,1.073352525272995,1.0686387988157022,1.0552454702091036
3790,1.073352525272995,1.0687012454546188,1.0585234928607798
3791,1.073352525272995,1.0701529441966564,1.0617944391076692
3792,1.073352525272995,1.069994805638027,1.0635227535212899
3793,1.073352525272995,1.070170425454737,1.063481021409411
3794,1.073352525272995,1.0701073444305624,1.06534628295254
3795,1.073352525272995,1.0703732764656844,1.0615684405313002
3796,1.073352525272995,1.0705710277336093,1.0662606473253036
3797,1.073352525272995,1.0705732014067886,1.0612871967524447
3798,1.073352525272995,1.0706084466764652,1.060604541535386
3799,1.073352525272995,1.0707754658397268,1.0639146603238725
3800,1.073352525272995,1.0706410424697188,1.0627413795524556
3801,1.073352525272995,1.0700423055560195,1.0572847484161736
3802,1.073352525272995,1.0693507793524402,1.061158765741985
3803,1.073352525272995,1.0693679708287152,1.0511037295931418
3804,1.073352525272995,1.0689054301961165,1.0614017940941274
3805,1.073352525272995,1.069372353179848,1.0600827705853217
3806,1.073352525272995,1.0695474305296562,1.0519292764971095
3807,1.073352525272995,1.0694626147770379,1.0607007901272936
3808,1.073352525272995,1.0691569042188416,1.0524938500169878
3809,1.073352525272995,1.0688257597436575,1.0440837573291306
3810,1.073352525272995,1.068752985282489,1.0494113805024785
3811,1.073352525272995,1.0691714501801313,1.0509673676361173
3812,1.073352525272995,1.06911007619478,1.0593065047783115
3813,1.073352525272995,1.0698217630121605,1.0627406524856493
3814,1.073352525272995,1.0699366025422494,1.0627617775880545
3815,1.073352525272995,1.070254656948384,1.0630449732119551
3816,1.073352525272995,1.069600063960367,1.0597190615729977
3817,1.073352525272995,1.0703719521551078,1.0650359533043927
3818,1.073352525272995,1.07021519484937,1.064558715989278
3819,1.073352525272995,1.0703014034185037,1.0587938442605394
3820,1.073352525272995,1.070005000738523,1.0635883109708237
3821,1.073352525272995,1.0696751589882783,1.0592132724507257
3822,1.073352525272995,1.0692276095974034,1.0618840386935249
3823,1.073352525272995,1.0700867348406145,1.0512817770364018
3824,1.073352525272995,1.0698162067298214,1.061759487925349
3825,1.073352525272995,1.0693563875539907,1.0596567006357849
3826,1.073352525272995,1.068400897191385,1.050806035034848
3827,1.073352525272995,1.067628550254448,1.0374836355351875
3828,1.073352525272995,1.0684613756870627,1.0523134759291843
3829,1.073352525272995,1.0694574616944115,1.0535284288228959
3830,1.073352525272995,1.068954378416828,1.0490983606498583
3831,1.073352525272995,1.0696748788194226,1.0583523796374563
3832,1.073352525272995,1.0707906781860264,1.0635392040812426
3833,1.073352525272995,1.070928303400264,1.060702489395922
3834,1.073352525272995,1.0707895003004781,1.0572997057515958
3835,1.073352525272995,1.0713592449339187,1.0633198421082544
3836,1.073352525272995,1.0714390833130485,1.0642372106563078
3837,1.073352525272995,1.0715992886880645,1.0679505065297707
3838,1.073352525272995,1.0718231072900561,1.0672585996992439
3839,1.073352525272995,1.0712625789388779,1.0612917799031854
3840,1.073352525272995,1.0709372939134787,1.0642475448833135
3841,1.073352525272995,1.0702803033528865,1.0600209498882556
3842,1.073352525272995,1.0701397389882987,1.0631354446335768
3843,1.073352525272995,1.0699089062379432,1.0562414106472056
3844,1.073352525272995,1.0705225448324152,1.0597218434118685
3845,1.073352525272995,1.0701835852951198,1.0555226497752328
3846,1.073352525272995,1.0698259580973035,1.0562631759082142
3847,1.073352525272995,1.070523230205516,1.0580236609919331
3848,1.073352525272995,1.0697991007132455,1.0519913607600437
3849,1.073352525272995,1.0682043919315287,1.0302802433575013
3850,1.073352525272995,1.0682021741795442,1.0422925226102449
3851,1.073352525272995,1.067604464725224,1.0573419695149417
3852,1.073352525272995,1.0675853789945076,1.048156951948958
3853,1.073352525272995,1.0678412788061167,1.0512835079736464
3854,1.073352525272995,1.0677812831475963,1.057856525298047
3855,1.073352525272995,1.0682736346856783,1.0614571828847765
3856,1.073352525272995,1.0693995531443652,1.0607618123344071
3857,1.073352525272995,1.069715987253219,1.0622480023138376
3858,1.073352525272995,1.0700324241416315,1.0637625281034366
3859,1.073352525272995,1.0702438815078947,1.063404277968889
3860,1.073352525272995,1.0706272982616145,1.065654196083159
3861,1.073352525272995,1.070331199594289,1.0611635272693452
3862,1.073352525272995,1.0699903394066512,1.0643287766086118
3863,1.073352525272995,1.070093058654127,1.0567663651842993
3864,1.073352525272995,1.0694478357026245,1.0548505478519377
3865,1.073352525272995,1.0695914636414663,1.0592163586501235
3866,1.073352525272995,1.0694508946499732,1.0615188498177197
3867,1.073352525272995,1.0695020693132902,1.0614080740185212
3868,1.073352525272995,1.069834709823302,1.0628443516319166
3869,1.073352525272995,1.0692658007244615,1.0577683723082103
3870,1.073352525272995,1.0694997204757752,1.0554537415574161
3871,1.073352525272995,1.0695908748121936,1.0545465775734417
3872,1.073352525272995,1.0694684090340834,1.0586547200620697
3873,1.073352525272995,1.0693199702332812,1.0611554284426505
3874,1.073352525272995,1.0696359076936661,1.0614262842743114
3875,1.073352525272995,1.0695365263612908,1.0418380818868596
3876,1.073352525272995,1.0691350485709217,1.0646808008723396
3877,1.073352525272995,1.0701836507052562,1.058810776804055
3878,1.073352525272995,1.0702631841680157,1.0597028771997425
3879,1.073352525272995,1.0700921942985424,1.0616430726345312
3880,1.073352525272995,1.0703556511955623,1.0629677801800785
3881,1.073352525272995,1.0705600672023643,1.0637015009819462
3882,1.073352525272995,1.070747606195672,1.058686482625512
3883,1.073352525272995,1.0704943593659504,1.0632898289504884
3884,1.073352525272995,1.070392571541354,1.0634099594819708
3885,1.073352525272995,1.0702767658219359,1.065041307623046
3886,1.073352525272995,1.0702619558467785,1.0575369402911305
3887,1.073352525272995,1.070033105728308,1.062930091366615
3888,1.073352525272995,1.0700209281161148,1.0601346155742892
3889,1.073352525272995,1.0701111677878044,1.065139592254673
3890,1.073352525272995,1.0695748426357192,1.0473045875794318
3891,1.073352525272995,1.068556185845618,1.0408641949164235
3892,1.073352525272995,1.0685756364421335,1.053025650899147
3893,1.073352525272995,1.0680180166767543,1.053167981169418
3894,1.073352525272995,1.0689726835197122,1.05961438765999
3895,1.073352525272995,1.0688347667441336,1.0594203528789328
3896,1.073352525272995,1.0685782263178172,1.0512548253049827
3897,1.073352525272995,1.0686273645880053,1.0513970806122284
3898,1.073352525272995,1.068353846171627,1.0550167201652112
3899,1.073352525272995,1.0683854112745967,1.061386680534207
3900,1.073352525272995,1.068757951941331,1.060994228188287
3901,1.073352525272995,1.069173396718632,1.0628979514873365
3902,1.073352525272995,1.0699511711718896,1.062210650379924
3903,1.073352525272995,1.0703289239642977,1.0615412945988985
3904,1.073352525272995,1.070219388551551,1.0592183085496236
3905,1.073352525272995,1.068991877846286,1.038808683454987
3906,1.073352525272995,1.0683935016376656,1.0615390265581914
3907,1.073352525272995,1.0681531564865143,1.0539034191260397
3908,1.073352525272995,1.0688465735298458,1.062086300572233
3909,1.073352525272995,1.0695092588835298,1.0615819515994587
3910,1.073352525272995,1.0703407259792028,1.062375203082039
3911,1.073352525272995,1.0691187921758976,1.0556278507152779
3912,1.073352525272995,1.06922966199254,1.0625604231685046
3913,1.073352525272995,1.0690416008679162,1.0516141049369034
3914,1.073352525272995,1.0704425123961903,1.0621697319066432
3915,1.073352525272995,1.0711010503980547,1.064194154404356
3916,1.073352525272995,1.0714897535324515,1.065873751726174
3917,1.073352525272995,1.0709887185665994,1.062337149253212
3918,1.073352525272995,1.0710966528002492,1.0622603446866363
3919,1.073352525272995,1.0710718992786759,1.0667638747713521
3920,1.073352525272995,1.0704378701543766,1.0652916886460801
3921,1.073352525272995,1.0707873728705417,1.064316422654208
3922,1.073352525272995,1.0701028517653854,1.055784299064611
3923,1.073352525272995,1.069885782566513,1.0643530849213945
3924,1.073352525272995,1.0701453663837897,1.0438903639416766
3925,1.073352525272995,1.069707450484281,1.0592533664689698
3926,1.073352525272995,1.0702252373918322,1.0642076241651082
3927,1.073352525272995,1.0701117319650217,1.063764660167369
3928,1.073352525272995,1.0706603200619937,1.067591712456578
3929,1.073352525272995,1.070259082094038,1.063220479567329
3930,1.073352525272995,1.0705249616596415,1.0649976938636974
3931,1.073352525272995,1.0704960672451445,1.0605203109450048
3932,1.073352525272995,1.0706542478921905,1.063021217238186
3933,1.073352525272995,1.0708334958740002,1.064095175631245
3934,1.073352525272995,1.0713065648259261,1.067808509055743
3935,1.073352525272995,1.0708686666394962,1.0647295197389584
3936,1.073352525272995,1.0706144737078578,1.0647347478510754
3937,1.073352525272995,1.0702756444214467,1.0561279442517215
3938,1.073352525272995,1.0701652857285426,1.0597397985128367
3939,1.073352525272995,1.0697101239655218,1.0499627763377632
3940,1.073352525272995,1.069633516830767,1.0601176364060447
3941,1.073352525272995,1.069108008056553,1.0581406253023717
3942,1.073352525272995,1.069720774018369,1.0555872432479867
3943,1.073352525272995,1.0702602277220996,1.059654240308587
3944,1.073352525272995,1.0702709893182578,1.0634115819362977
3945,1.073352525272995,1.0698885018764828,1.063462427441309
3946,1.073352525272995,1.0705268966244401,1.061440398744392
3947,1.073352525272995,1.0706697698746042,1.0621215599291884
3948,1.073352525272995,1.0701142118676437,1.0542216849474575
3949,1.073352525272995,1.0704269833374793,1.056117709080882
3950,1.073352525272995,1.0706672774742934,1.064281892475821
3951,1.073352525272995,1.0711018459418782,1.0580019432780703
3952,1.073352525272995,1.0709985573966718,1.0601934634212276
3953,1.073352525272995,1.0700458744782022,1.0610904878143954
3954,1.073352525272995,1.0692858111792278,1.0600570552961046
3955,1.073352525272995,1.0702042728128385,1.063990421089243
3956,1.073352525272995,1.0696236993451878,1.0440912559305071
3957,1.073352525272995,1.0695281572570925,1.0538004317334244
3958,1.073352525272995,1.069820001612933,1.0562511055259107
3959,1.073352525272995,1.0702465432610442,1.0582493849675443
3960,1.073352525272995,1.0697913989072019,1.0613077469922145
3961,1.073352525272995,1.0693188389514119,1.061376885899461
3962,1.073352525272995,1.0694281231154066,1.0517555348818892
3963,1.073352525272995,1.0692382140336032,1.0604162815873175
3964,1.073352525272995,1.0686337564488835,1.0487234028058685
3965,1.073352525272995,1.0684197773311088,1.0580738612150449
3966,1.073352525272995,1.0689656863832517,1.0603885605309857
3967,1.073352525272995,1.0693005018326727,1.0636056932136195
3968,1.073352525272995,1.069782809432006,1.0622576576104379
3969,1.073352525272995,1.0703853516801585,1.0634081076817783
3970,1.073352525272995,1.0710083792298932,1.0637240336272966
3971,1.073352525272995,1.0713303511615582,1.0658384728600507
3972,1.073352525272995,1.070870773891118,1.0656899406165372
3973,1.073352525272995,1.071379990798871,1.0591370082692217
3974,1.073352525272995,1.0712841489797778,1.0659834021712056
3975,1.073352525272995,1.0710573016931597,1.064255607127925
3976,1.073352525272995,1.0706247176193626,1.061722932300854
3977,1.073352525272995,1.0710498289522963,1.0654836692410874
3978,1.073352525272995,1.0711567259573482,1.0639369654864368
3979,1.073352525272995,1.0712666797669677,1.066707392086546
3980,1.073352525272995,1.0712288925260007,1.0682668174841488
3981,1.073352525272995,1.0708424321858987,1.0652758237389912
3982,1.073352525272995,1.0709107396608244,1.06119344710034
3983,1.073352525272995,1.0708011732064358,1.0647712573237822
3984,1.073352525272995,1.070153031700325,1.0618636774198043
3985,1.073352525272995,1.0697222806154336,1.0633849446257417
3986,1.073352525272995,1.0702581413065813,1.0636055023874964
3987,1.073352525272995,1.0705764719822335,1.0561236362369582
3988,1.073352525272995,1.0700091762041994,1.0472902178041525
3989,1.073352525272995,1.0701026034963441,1.0594647064594214
3990,1.073352525272995,1.0695590495694516,1.0574721907735531
3991,1.073352525272995,1.06911426772954,1.0636923188125742
3992,1.073352525272995,1.0693476263354447,1.0495110031427934
3993,1.073352525272995,1.069862798720718,1.0622632611218066
3994,1.073352525272995,1.0701317583375862,1.0616015438072965
3995,1.073352525272995,1.0696485538280016,1.0587578576825838
3996,1.073352525272995,1.0688923032521458,1.0584151401812367
3997,1.073352525272995,1.0687290954208664,1.0391691854728111
3998,1.073352525272995,1.0681121971363856,1.0550973952710856
3999,1.073352525272995,1.0679686224133047,1.061919518133397
4000,1.073352525272995,1.0688398112625677,1.0591386150364563
4001,1.073352525272995,1.0700657890153038,1.0637167887035357
4002,1.073352525272995,1.0695204264620621,1.0593729771838913
4003,1.073352525272995,1.0693459679899973,1.0607547801407915
4004,1.073352525272995,1.067019445379809,1.0472726946936866
4005,1.073352525272995,1.0660289901670064,1.0374305248633418
4006,1.073352525272995,1.065350401185586,1.05154153891122
4007,1.073352525272995,1.067662096839068,1.0508867822882721
4008,1.073352525272995,1.0680527624634806,1.0514290889300644
4009,1.073352525272995,1.0671614873434985,1.051747101245124
4010,1.073352525272995,1.0675718104854075,1.0494573458389922
4011,1.073352525272995,1.0683445486707277,1.0516583190054325
4012,1.073352525272995,1.0677774971096707,1.054270813837055
4013,1.073352525272995,1.0678949554875077,1.061429819401973
4014,1.073352525272995,1.0693230100863385,1.0613271163345055
4015,1.073352525272995,1.0689448190344693,1.0563945947776119
4016,1.073352525272995,1.0689297257742763,1.0604601014103674
4017,1.073352525272995,1.0690158036941269,1.0558038825547527
4018,1.073352525272995,1.0692112155675018,1.0604697408424237
4019,1.073352525272995,1.0694596329323296,1.060995826930647
4020,1.073352525272995,1.0693990006701286,1.056207094243483
4021,1.073352525272995,1.0701095969023777,1.0554892976399763
4022,1.073352525272995,1.0696786357911454,1.062918775935743
4023,1.073352525272995,1.069888295849498,1.061384309168738
4024,1.073352525272995,1.0695514124906549,1.054188486386508
4025,1.073352525272995,1.0687799408954972,1.0566472403203186
4026,1.073352525272995,1.0698491728371746,1.062359999529943
4027,1.073352525272995,1.0691283986544442,1.057732314738343
4028,1.073352525272995,1.0685287217091592,1.0374228007370698
4029,1.073352525272995,1.068037984077828,1.0399790912017859
4030,1.073352525272995,1.0676946625461208,1.061017604435283
4031,1.073352525272995,1.068092638052664,1.0567221462995697
4032,1.073352525272995,1.069146645645458,1.0581633821323433
4033,1.073352525272995,1.0683552974646586,1.0454154677053
4034,1.073352525272995,1.0679320649753263,1.0506424861685024
4035,1.073352525272995,1.067243853119994,1.0509215086103962
4036,1.073352525272995,1.0663070819470877,1.042765636002677
4037,1.073352525272995,1.0662009138895499,1.0463300841754934
4038,1.073352525272995,1.0661143208754096,1.0477433915473249
4039,1.073352525272995,1.0668918654882311,1.034922149607925
4040,1.073352525272995,1.067545213737998,1.056161809677418
4041,1.073352525272995,1.0687152590910964,1.0561667815143578
4042,1.073352525272995,1.069043319865923,1.0562425029427467
4043,1.073352525272995,1.0688311275739846,1.0575564806642301
4044,1.073352525272995,1.0680212572915284,1.0605007840505996
4045,1.073352525272995,1.0685145614268274,1.0592082779185397
4046,1.073352525272995,1.0686687856932884,1.0579567137429984
4047,1.073352525272995,1.0687463991254746,1.0616346419317608
4048,1.073352525272995,1.0699516748088351,1.0602319424400997
4049,1.073352525272995,1.0707627847773566,1.0655420598943746
4050,1.073352525272995,1.0706433922420295,1.0615582581688519
4051,1.073352525272995,1.0702172429343453,1.0586155429438078
4052,1.073352525272995,1.069504270247335,1.0546189838996436
4053,1.073352525272995,1.0694496000246465,1.0601715064118404
4054,1.073352525272995,1.06842982106555,1.0377789385446534
4055,1.073352525272995,1.0671764452853614,1.047324890091164
4056,1.073352525272995,1.0664506584669238,1.0470234086908388
4057,1.073352525272995,1.0670621587224252,1.0492649506122609
4058,1.073352525272995,1.0680793998553657,1.0508953169762243
4059,1.073352525272995,1.067804319828322,1.0589507523805768
4060,1.073352525272995,1.0676804182741253,1.0520548745758038
4061,1.073352525272995,1.0665613733093071,1.0243448693901418
4062,1.073352525272995,1.067087891943591,1.057011797733987
4063,1.073352525272995,1.0679074701867004,1.0464422174557164
4064,1.073352525272995,1.0679119384583975,1.0606283369257565
4065,1.073352525272995,1.0691028425167364,1.061051961628717
4066,1.073352525272995,1.0689592959653544,1.062575291893645
4067,1.073352525272995,1.069852824915119,1.0643123245344361
4068,1.073352525272995,1.0701979178253023,1.0642542924095295
4069,1.073352525272995,1.0699104830091957,1.064270474719412
4070,1.073352525272995,1.069886301127408,1.0654886941814956
4071,1.073352525272995,1.069800424593562,1.0577571372065417
4072,1.073352525272995,1.0696223052190275,1.0612691298224124
4073,1.073352525272995,1.070283761338723,1.0643226167759403
4074,1.073352525272995,1.0706378878059875,1.0652665615116723
4075,1.073352525272995,1.0709030063278915,1.0663516622715143
4076,1.073352525272995,1.0706113031179563,1.047679213621667
4077,1.073352525272995,1.0708399853655253,1.0586439591231407
4078,1.073352525272995,1.0693125992423393,1.059260253913384
4079,1.073352525272995,1.069746022964659,1.0565261477370105
4080,1.073352525272995,1.0693915972383314,1.0538591163477995
4081,1.073352525272995,1.0687146144682595,1.0535682989331572
4082,1.073352525272995,1.070231360773806,1.0620705781212427
4083,1.073352525272995,1.0703014371757962,1.0604410243362419
4084,1.073352525272995,1.0702891460278756,1.0646040630932243
4085,1.073352525272995,1.0705242029218447,1.065596287394663
4086,1.073352525272995,1.070309094152525,1.0627458980756275
4087,1.073352525272995,1.0708755960959402,1.0643140643724887
4088,1.073352525272995,1.0708841380810714,1.0626661235797843
4089,1.073352525272995,1.0709276544476427,1.0665501420197123
4090,1.073352525272995,1.0711104568381888,1.0654307663951006
4091,1.073352525272995,1.0714470861554284,1.065995712023615
4092,1.073352525272995,1.071423789036015,1.0624335092621915
4093,1.073352525272995,1.0713045740590923,1.067487558876612
4094,1.073352525272995,1.071074884951795,1.0653252723347824
4095,1.073352525272995,1.0708847078561694,1.065728537544041
4096,1.073352525272995,1.0711400551399965,1.065051073960609
4097,1.073352525272995,1.0705618029647503,1.0619822379869248
4098,1.073352525272995,1.070446679742473,1.062800341658635
4099,1.073352525272995,1.0704300183471525,1.0600659332782865
4100,1.073352525272995,1.069798429014261,1.0650845211251883
4101,1.073352525272995,1.0701570503943945,1.0593309217341988
4102,1.073352525272995,1.0696639053649326,1.0622641390005807
4103,1.073352525272995,1.0702063268154165,1.0626833669231233
4104,1.073352525272995,1.0705077585497615,1.0618407419539007
4105,1.073352525272995,1.070509025166229,1.0635733162591157
4106,1.073352525272995,1.0696918961216537,1.0589558660914689
4107,1.073352525272995,1.070513607440299,1.0540725623056504
4108,1.073352525272995,1.070316028083004,1.061712363417275
4109,1.073352525272995,1.0698432843768977,1.0518717955861638
4110,1.073352525272995,1.0696005329525957,1.0554051311423576
4111,1.073352525272995,1.0694517431872448,1.0542393050759018
4112,1.073352525272995,1.068855271777864,1.054201173404791
4113,1.073352525272995,1.0701041028113745,1.0611198724281845
4114,1.073352525272995,1.070427190449065,1.064868190454476
4115,1.073352525272995,1.0704876839175312,1.0625746769665967
4116,1.073352525272995,1.071275578703735,1.0651313284154502
4117,1.073352525272995,1.0710704594792753,1.0667400737141244
4118,1.073352525272995,1.0712412343548303,1.067343147534467
4119,1.073352525272995,1.0711632054584233,1.066234073357336
4120,1.073352525272995,1.0708855776135406,1.0660521146173412
4121,1.073352525272995,1.07092166956835,1.056454534014234
4122,1.073352525272995,1.07067693091558,1.0637595547721452
4123,1.073352525272995,1.0712415422432995,1.0639732309908658
4124,1.073352525272995,1.070585931212628,1.0643293816635206
4125,1.073352525272995,1.0700698373088349,1.0540555200483137
4126,1.073352525272995,1.0698125496080457,1.060592931384038
4127,1.073352525272995,1.0694272990912754,1.0610222214857614
4128,1.073352525272995,1.0693632536376714,1.0626707525170946
4129,1.073352525272995,1.0692867811678948,1.059457195109626
4130,1.073352525272995,1.0700817653606145,1.0580949499249042
4131,1.073352525272995,1.0699207472218928,1.0644437522462002
4132,1.073352525272995,1.0705341296509423,1.060274758668862
4133,1.073352525272995,1.0703062734151616,1.0631309979772372
4134,1.073352525272995,1.0701561308385201,1.055380573280917
4135,1.073352525272995,1.070025148275953,1.051864862248149
4136,1.073352525272995,1.0703465731159003,1.065059565099172
4137,1.073352525272995,1.0706669100909592,1.0600112226460097
4138,1.073352525272995,1.0702914370414673,1.0504363959552008
4139,1.073352525272995,1.0703416063098627,1.0613593757486728
4140,1.073352525272995,1.0702603003387905,1.0644107351025753
4141,1.073352525272995,1.071204960242186,1.0616561281485768
4142,1.073352525272995,1.0717518105706942,1.0649225561691888
4143,1.073352525272995,1.0722841158313217,1.0687869587812349
4144,1.073352525272995,1.0720914369131775,1.0670485258118387
4145,1.073352525272995,1.0717401690751824,1.0628199787628199
4146,1.073352525272995,1.071155571902186,1.0642335757040429
4147,1.073352525272995,1.0705653481727888,1.0654551830214487
4148,1.073352525272995,1.0706206019010664,1.062308519975618
4149,1.073352525272995,1.0708637174052558,1.064105550390264
4150,1.073352525272995,1.0707364980438825,1.0611590185126012
4151,1.073352525272995,1.070212653102944,1.0648340628258504
4152,1.073352525272995,1.0696906025110882,1.0581160023578458
4153,1.073352525272995,1.0696134025795978,1.0626460747570947
4154,1.073352525272995,1.0696212785705819,1.045476903276319
4155,1.073352525272995,1.0692966273645816,1.0546666534121956
4156,1.073352525272995,1.0684130814090274,1.0603071685716645
4157,1.073352525272995,1.0677515527844648,1.0488650204704584
4158,1.073352525272995,1.068658852331659,1.0582520819626957
4159,1.073352525272995,1.0689078353601853,1.0590768195924194
4160,1.073352525272995,1.069076591310669,1.0621778033184028
4161,1.073352525272995,1.069983146727768,1.0611980660163378
4162,1.073352525272995,1.0698861216719482,1.0581794189893623
4163,1.073352525272995,1.0703433908884,1.0638595449195516
4164,1.073352525272995,1.07122638662927,1.0647563329849639
4165,1.073352525272995,1.071464076230102,1.0659675417712133
4166,1.073352525272995,1.0714189817504178,1.0667921168913264
4167,1.073352525272995,1.0715110368820644,1.0639539642403144
4168,1.073352525272995,1.0717262860654069,1.0662947543592547
4169,1.073352525272995,1.0712987922198338,1.0548097280828057
4170,1.073352525272995,1.0712584815322435,1.0658222117087166
4171,1.073352525272995,1.071509384574433,1.0678942420323545
4172,1.073352525272995,1.0713500231510924,1.0600508207834842
4173,1.073352525272995,1.0713750443694992,1.0661627249815437
4174,1.073352525272995,1.0709603551090074,1.064435441128697
4175,1.073352525272995,1.071215234901827,1.0656719561899826
4176,1.073352525272995,1.071677015037871,1.0655341881785383
4177,1.073352525272995,1.0713697499003816,1.0630959436127534
4178,1.073352525272995,1.0716732160318547,1.0647398280629141
4179,1.073352525272995,1.071735947030299,1.0683391671524185
4180,1.073352525272995,1.0714118680499858,1.0641485398983865
4181,1.073352525272995,1.0716396231661656,1.0647355679613262
4182,1.073352525272995,1.0712892732657675,1.065091833670779
4183,1.073352525272995,1.0709619563567498,1.0626622059294732
4184,1.073352525272995,1.0707893500676087,1.0654688439282094
4185,1.073352525272995,1.0712719281337637,1.0648581947134717
4186,1.073352525272995,1.0709885136235686,1.0649064757117266
4187,1.073352525272995,1.0704585327953802,1.0663752684683554
4188,1.073352525272995,1.069903500162219,1.0620533125492089
4189,1.073352525272995,1.0694989280349336,1.056412022834938
4190,1.073352525272995,1.0694084700023478,1.0630681788258616
4191,1.073352525272995,1.0697745806386862,1.0618728737902985
4192,1.073352525272995,1.0695949911577454,1.0592141670087414
4193,1.073352525272995,1.0701210687645115,1.0637272837753893
4194,1.073352525272995,1.0703203241210915,1.059370778820226
4195,1.073352525272995,1.0701385532429284,1.0637707535168888
4196,1.073352525272995,1.0707552611845415,1.0607639938653288
4197,1.073352525272995,1.0703078984484151,1.0626450940577392
4198,1.073352525272995,1.0700848472859876,1.0629611228506213
4199,1.073352525272995,1.070091257025403,1.0642087182708861
4200,1.073352525272995,1.0704090236732753,1.0640635313741067
4201,1.073352525272995,1.0706081846355615,1.0653468383150289
4202,1.073352525272995,1.0708237531191482,1.0652273872203177
4203,1.073352525272995,1.0712489397348532,1.0668007021027432
4204,1.073352525272995,1.0712798964258514,1.0661342679807466
4205,1.073352525272995,1.071379829098404,1.063422755178022
4206,1.073352525272995,1.0713143420496378,1.0603068981218557
4207,1.073352525272995,1.0708420811132218,1.062122872009676
4208,1.073352525272995,1.070350177167778,1.0571634207862335
4209,1.073352525272995,1.069574758992698,1.0619662581768252
4210,1.073352525272995,1.0698166545450898,1.0572872264188469
4211,1.073352525272995,1.0697574083906525,1.0604569944548874
4212,1.073352525272995,1.0704859132360527,1.0644059480094232
4213,1.073352525272995,1.0706160988568796,1.0641789625943914
4214,1.073352525272995,1.0714493220261334,1.0676524086695003
4215,1.073352525272995,1.0716194615002632,1.0670342983155252
4216,1.073352525272995,1.0716999287304545,1.067266829279495
4217,1.073352525272995,1.071355959891491,1.0637363774128805
4218,1.073352525272995,1.0712249159392193,1.0662613088004167
4219,1.073352525272995,1.0705776588158946,1.0622059391175314
4220,1.073352525272995,1.0702179362661253,1.062287643257808
4221,1.073352525272995,1.0700149937818535,1.0582227708572685
4222,1.073352525272995,1.0699119872816985,1.0617665667664318
4223,1.073352525272995,1.0695010673916234,1.0483629008466713
4224,1.073352525272995,1.06970950006175,1.0519291558547903
4225,1.073352525272995,1.0695991537593112,1.0562048626145977
4226,1.073352525272995,1.0704570145589896,1.0644938596005549
4227,1.073352525272995,1.070418453129886,1.0633107816268401
4228,1.073352525272995,1.070528309281037,1.0632122430227453
4229,1.073352525272995,1.070829124499855,1.0655628055144708
4230,1.073352525272995,1.0710101879923604,1.063454253395666
4231,1.073352525272995,1.0703058989505427,1.0639445016905404
4232,1.073352525272995,1.070067128025754,1.0580433165411316
4233,1.073352525272995,1.0698857336415946,1.0604497268383484
4234,1.073352525272995,1.0699273957270297,1.060802683802133
4235,1.073352525272995,1.069913648523187,1.063785673398403
4236,1.073352525272995,1.0701545295548514,1.064466207266839
4237,1.073352525272995,1.0708083483948536,1.0652936699244897
4238,1.073352525272995,1.0709967557508018,1.0558533888419523
4239,1.073352525272995,1.0704188913649413,1.055541878311105
4240,1.073352525272995,1.069393395407268,1.0580165610985688
4241,1.073352525272995,1.0698690033292053,1.059479057156937
4242,1.073352525272995,1.0699676588787546,1.0570028926338475
4243,1.073352525272995,1.0687662668715354,1.018549402661593
4244,1.073352525272995,1.0680514834963946,1.049817839467687
4245,1.073352525272995,1.069593700904219,1.0550932622012925
4246,1.073352525272995,1.0686661586131163,1.0538265076969797
4247,1.073352525272995,1.0688611675502382,1.048740186026096
4248,1.073352525272995,1.0694367031375283,1.0613180480328333
4249,1.073352525272995,1.0690667171784163,1.0497567242076107
4250,1.073352525272995,1.0692627746216719,1.051999301530273
4251,1.073352525272995,1.0674550207157707,1.0203229312500692
4252,1.073352525272995,1.0674385532190156,1.0601949890517592
4253,1.073352525272995,1.067408657673039,1.0566335900124266
4254,1.073352525272995,1.068489178163734,1.0578344735965164
4255,1.073352525272995,1.0674153667859032,1.0564350648743948
4256,1.073352525272995,1.0678909045475378,1.055203370422921
4257,1.073352525272995,1.0678614935353776,1.0591489961739557
4258,1.073352525272995,1.0684844110250693,1.0609387290703454
4259,1.073352525272995,1.0687034743704826,1.059603235113498
4260,1.073352525272995,1.0695787350987305,1.0622092448148919
4261,1.073352525272995,1.0696589707492072,1.0639228268733913
4262,1.073352525272995,1.070259406618802,1.0617737122907847
4263,1.073352525272995,1.070455780827909,1.06455004603593
4264,1.073352525272995,1.0702365638538072,1.0584602740725324
4265,1.073352525272995,1.0703549753177481,1.061787718145394
4266,1.073352525272995,1.0706858847148468,1.0611615038972144
4267,1.073352525272995,1.0707177421998875,1.0634222685243198
4268,1.073352525272995,1.0705178905182464,1.0585593187582027
4269,1.073352525272995,1.070304679654477,1.0653431308945585
4270,1.073352525272995,1.0695331726709871,1.046970167281087
4271,1.073352525272995,1.0690659599775378,1.060514227153044
4272,1.073352525272995,1.068890473924387,1.05323178621987
4273,1.073352525272995,1.0694982723669473,1.0557495343354826
4274,1.073352525272995,1.0692490402616481,1.0616043188722684
4275,1.073352525272995,1.0708335403963247,1.058142656992855
4276,1.073352525272995,1.0709160705720158,1.0580412714941372
4277,1.073352525272995,1.0705349700844444,1.060852007709746
4278,1.073352525272995,1.0704053456745697,1.0620509168522836
4279,1.073352525272995,1.070229778899589,1.0632524364757634
4280,1.073352525272995,1.0707646110386266,1.0640255064235191
4281,1.073352525272995,1.0708378314448814,1.0645386062114583
4282,1.073352525272995,1.070835499010737,1.062112888730979
4283,1.073352525272995,1.0710172262573994,1.0672060535302907
4284,1.073352525272995,1.0707554824663696,1.057561763706019
4285,1.073352525272995,1.0701602961832006,1.0632142175037516
4286,1.073352525272995,1.0703662600583674,1.063858538670642
4287,1.073352525272995,1.0703625944971382,1.0619964124644705
4288,1.073352525272995,1.0704532735772307,1.0632483667664039
4289,1.073352525272995,1.0703115299692376,1.0643341180971806
4290,1.073352525272995,1.0696376030498127,1.0449004160859168
4291,1.073352525272995,1.0699714550077106,1.0594345171010058
4292,1.073352525272995,1.0702346498657291,1.0633894829308588
4293,1.073352525272995,1.0704847613685926,1.0628905691956487
4294,1.073352525272995,1.0704454456523143,1.0627471160889792
4295,1.073352525272995,1.0693966802520045,1.0496882908094713
4296,1.073352525272995,1.06827876019585,1.049759042829819
4297,1.073352525272995,1.0686988260894505,1.04878420577636
4298,1.073352525272995,1.0695680097751774,1.0588100511019416
4299,1.073352525272995,1.0706577046555197,1.057632150078351
4300,1.073352525272995,1.07109191071988,1.0653766216972942
4301,1.073352525272995,1.0708457199933836,1.0659245608340884
4302,1.073352525272995,1.071158679868171,1.0642434041925126
4303,1.073352525272995,1.0710447847684847,1.0656964972928362
4304,1.073352525272995,1.0706824471687466,1.059246389362308
4305,1.073352525272995,1.0701244117260733,1.063454449613145
4306,1.073352525272995,1.070009953885208,1.0633449346618506
4307,1.073352525272995,1.0702874930720632,1.0638804682538932
4308,1.073352525272995,1.070150703968431,1.0624659554806828
4309,1.073352525272995,1.0696759402585005,1.0636946638439504
4310,1.073352525272995,1.0700730011829684,1.0648017059669486
4311,1.073352525272995,1.0699107763850189,1.0638370354647475
4312,1.073352525272995,1.0702484475564875,1.0643316931789735
4313,1.073352525272995,1.0703023530904177,1.0620165127779724
4314,1.073352525272995,1.0706033289921084,1.0629098270092796
4315,1.073352525272995,1.0708035598428827,1.058548974475176
4316,1.073352525272995,1.0709166073557872,1.0651078093838187
4317,1.073352525272995,1.0710865090677475,1.0641207794966228
4318,1.073352525272995,1.0712202842257397,1.067202844612039
4319,1.073352525272995,1.0710598726965885,1.0662575941707744
4320,1.073352525272995,1.0708810844969177,1.0631776722856188
4321,1.073352525272995,1.0707266623611085,1.0642048999110036
4322,1.073352525272995,1.0704733653542724,1.063621149550406
4323,1.073352525272995,1.0703059605828404,1.0528803686975594
4324,1.073352525272995,1.0696607207953945,1.0620342126891706
4325,1.073352525272995,1.0693740979049329,1.057960159047445
4326,1.073352525272995,1.0699112830160247,1.0554512720271236
4327,1.073352525272995,1.0702431086966468,1.0507953506444134
4328,1.073352525272995,1.0698492088196503,1.061222375114745
4329,1.073352525272995,1.070121357178357,1.057947150077256
4330,1.073352525272995,1.0698028021255659,1.0608043631576844
4331,1.073352525272995,1.0699142397458858,1.05734394609853
4332,1.073352525272995,1.0699734401013494,1.0547152645614677
4333,1.073352525272995,1.069792465009377,1.0518696139872894
4334,1.073352525272995,1.0692391970876751,1.0431081376695905
4335,1.073352525272995,1.0685571302126926,1.0569575137140994
4336,1.073352525272995,1.0687365993765399,1.0537614285694126
4337,1.073352525272995,1.0686598901486826,1.0551674285309836
4338,1.073352525272995,1.0688963819649475,1.0606759518247066
4339,1.073352525272995,1.0698325376698472,1.0599005768175103
4340,1.073352525272995,1.0696983913738367,1.0609753164591367
4341,1.073352525272995,1.070167107424209,1.0630189016720946
4342,1.073352525272995,1.0701660075758164,1.0616690671236855
4343,1.073352525272995,1.0702593049189908,1.0638955230058054
4344,1.073352525272995,1.0699977561313998,1.0604979731949815
4345,1.073352525272995,1.068842364167412,1.0560893000291764
4346,1.073352525272995,1.0690108345685327,1.059786604948157
4347,1.073352525272995,1.069717143459863,1.0635467921613788
4348,1.073352525272995,1.0704020523654376,1.0601417973727063
4349,1.073352525272995,1.0701123678699807,1.0543650549589345
4350,1.073352525272995,1.069981835647618,1.061584855771112
4351,1.073352525272995,1.0691816173622002,1.049962024402877
4352,1.073352525272995,1.0685920282421866,1.0507961521689204
4353,1.073352525272995,1.0673826164663616,1.0500970508730625
4354,1.073352525272995,1.0684352695462385,1.0591584582621367
4355,1.073352525272995,1.0696986105646547,1.0640624293355767
4356,1.073352525272995,1.0698842709334349,1.063777260773736
4357,1.073352525272995,1.0696345176899626,1.0621416640737231
4358,1.073352525272995,1.069332243211859,1.0636059558829758
4359,1.073352525272995,1.070062013901838,1.0615457008074882
4360,1.073352525272995,1.0710547786504327,1.0646807618073155
4361,1.073352525272995,1.0712149684634282,1.06641662309362
4362,1.073352525272995,1.0713468919063893,1.0618105150109058
4363,1.073352525272995,1.0708879969496474,1.0670349434834263
4364,1.073352525272995,1.0712834915549692,1.0670254117915472
4365,1.073352525272995,1.0709464258558747,1.0515686720029225
4366,1.073352525272995,1.0708338912071529,1.0641854038024423
4367,1.073352525272995,1.071080234583815,1.0661162324394244
4368,1.073352525272995,1.0705931233172163,1.0590374917059073
4369,1.073352525272995,1.0701326078942912,1.0537352453144766
4370,1.073352525272995,1.068584685438082,1.0206946125302943
4371,1.073352525272995,1.067904968620586,1.0534403252377662
4372,1.073352525272995,1.066254130174351,1.0319998156732457
4373,1.073352525272995,1.0655955779609618,1.0393883792506664
4374,1.073352525272995,1.067120381630883,1.0497269245645717
4375,1.073352525272995,1.0669527424594574,1.0548091268492792
4376,1.073352525272995,1.0678612464405675,1.0598241579785648
4377,1.073352525272995,1.0683154869277491,1.0559481016488204
4378,1.073352525272995,1.0689541391976574,1.0621123997835396
4379,1.073352525272995,1.0693309129716224,1.062721304213632
4380,1.073352525272995,1.0698753964848664,1.0623357077243378
4381,1.073352525272995,1.0705626450849766,1.0555087151037448
4382,1.073352525272995,1.0697877123284707,1.0621833302858095
4383,1.073352525272995,1.0697592999559873,1.0615746041804783
4384,1.073352525272995,1.0696862599032335,1.0601994780530775
4385,1.073352525272995,1.0697053969313712,1.0572855254961175
4386,1.073352525272995,1.0697160871550129,1.0608597574929208
4387,1.073352525272995,1.0704032425622438,1.0624460722344264
4388,1.073352525272995,1.0697609786830424,1.06301328952114
4389,1.073352525272995,1.070919184063779,1.0643389093515152
4390,1.073352525272995,1.0709727714289066,1.0610826907447592
4391,1.073352525272995,1.070754713091886,1.0603882826397595
4392,1.073352525272995,1.0705201671731988,1.0590287967776595
4393,1.073352525272995,1.070050327062516,1.0604292544973415
4394,1.073352525272995,1.0703152134022669,1.0614207373332039
4395,1.073352525272995,1.0699125347997138,1.0555051626524357
4396,1.073352525272995,1.0695182394635452,1.0644999561725197
4397,1.073352525272995,1.0707644904452134,1.0647680009915632
4398,1.073352525272995,1.0705700713412882,1.0586193820555017
4399,1.073352525272995,1.0702595904781098,1.056080870459498
4400,1.073352525272995,1.0703436589595992,1.0605132608158496
4401,1.073352525272995,1.070214060042649,1.0590412251238213
4402,1.073352525272995,1.0703715455332117,1.0640926535749387
4403,1.073352525272995,1.0705270681229069,1.0653811633290462
4404,1.073352525272995,1.0711367289168916,1.0648213092112275
4405,1.073352525272995,1.070991882012112,1.0538664978816232
4406,1.073352525272995,1.0707934931851595,1.0629430988865618
4407,1.073352525272995,1.070187577540824,1.0616770930816397
4408,1.073352525272995,1.0704779276713543,1.065984285392764
4409,1.073352525272995,1.0710512149485054,1.0661723769450109
4410,1.073352525272995,1.0716696009323152,1.0687775858881092
4411,1.073352525272995,1.0709908614917387,1.058939817360764
4412,1.073352525272995,1.0706061983395228,1.05925189295192
4413,1.073352525272995,1.0696485550221044,1.0597261985355637
4414,1.073352525272995,1.0687073298527594,1.0547583779141827
4415,1.073352525272995,1.068013036560259,1.0542620448080844
4416,1.073352525272995,1.067999374883413,1.0534823597485254
4417,1.073352525272995,1.0680289700714496,1.0544628497147792
4418,1.073352525272995,1.0686140414713687,1.0524654341218134
4419,1.073352525272995,1.0681493464293994,1.0416028629712217
4420,1.073352525272995,1.0685034406442424,1.059216118266189
4421,1.073352525272995,1.0687726367113646,1.0617803119598195
4422,1.073352525272995,1.0695089756146907,1.059114895211545
4423,1.073352525272995,1.069305772139251,1.0575744191586591
4424,1.073352525272995,1.0695015970356108,1.0611989275427565
4425,1.073352525272995,1.0691931591306252,1.054478298834098
4426,1.073352525272995,1.0696388065183202,1.0622531936782127
4427,1.073352525272995,1.0704463278432597,1.0620742471764588
4428,1.073352525272995,1.0710102337779595,1.0587297249148324
4429,1.073352525272995,1.071118342177803,1.0638917206413827
4430,1.073352525272995,1.071111753055102,1.0670582391971688
4431,1.073352525272995,1.0708568411518615,1.065005114873708
4432,1.073352525272995,1.0709214458230314,1.0656630153582682
4433,1.073352525272995,1.070908206684571,1.0612251371035684
4434,1.073352525272995,1.0704492400300487,1.0637128659722668
4435,1.073352525272995,1.0714516891439816,1.0647523422607232
4436,1.073352525272995,1.0713676323555814,1.0651880130675613
4437,1.073352525272995,1.0714831527101893,1.0623306647139317
4438,1.073352525272995,1.0708222629039732,1.0631560418298793
4439,1.073352525272995,1.070567674739804,1.0620002688567869
4440,1.073352525272995,1.070361679170803,1.0597108186147182
4441,1.073352525272995,1.0697670886257447,1.0583677196981855
4442,1.073352525272995,1.0700541497560945,1.0596033541212257
4443,1.073352525272995,1.0700945223918843,1.0635107151879084
4444,1.073352525272995,1.0708123687261073,1.054426641164746
4445,1.073352525272995,1.0701695754033311,1.0588567349587261
4446,1.073352525272995,1.069758922172299,1.0596250759722117
4447,1.073352525272995,1.069685065023215,1.0565560943287737
4448,1.073352525272995,1.0699055889622928,1.0601582455136875
4449,1.073352525272995,1.0695410131934053,1.0574810030137167
4450,1.073352525272995,1.0695846442527446,1.0589953918041224
4451,1.073352525272995,1.0701255209178222,1.062778169476859
4452,1.073352525272995,1.0706802561299757,1.0635385307950984
4453,1.073352525272995,1.0712310999757522,1.0630591297091878
4454,1.073352525272995,1.0709590724644271,1.0650736583667983
4455,1.073352525272995,1.0713262150114848,1.0647167301789902
4456,1.073352525272995,1.0716812002512877,1.0668863403033173
4457,1.073352525272995,1.0714584286966644,1.065401421663506
4458,1.073352525272995,1.0710007072714476,1.0659728128512973
4459,1.073352525272995,1.0705455043720604,1.0607890632714936
4460,1.073352525272995,1.070190271019671,1.0518324124580212
4461,1.073352525272995,1.0699632090996245,1.0470782822258557
4462,1.073352525272995,1.0705207523945734,1.0617618226063508
4463,1.073352525272995,1.0702719681771904,1.0647852194073417
4464,1.073352525272995,1.0704092874168842,1.0581439680677787
4465,1.073352525272995,1.0703953739082857,1.056612315996031
4466,1.073352525272995,1.0705652863742179,1.0610986481074827
4467,1.073352525272995,1.0704687583952515,1.052051970152959
4468,1.073352525272995,1.0700556493041755,1.0550438506913873
4469,1.073352525272995,1.0696547087832982,1.0575433314000118
4470,1.073352525272995,1.0693571059930738,1.0618928757088242
4471,1.073352525272995,1.070322884951941,1.064415324751338
4472,1.073352525272995,1.0706332410542088,1.0654926222038112
4473,1.073352525272995,1.0703351771697809,1.0468632030891734
4474,1.073352525272995,1.069080226932795,1.0413450791577512
4475,1.073352525272995,1.0689660047022642,1.048699486761358
4476,1.073352525272995,1.069647204076135,1.0620591825286594
4477,1.073352525272995,1.069999995910989,1.0615251320554009
4478,1.073352525272995,1.0696794030685173,1.0610206170160255
4479,1.073352525272995,1.0692194772816517,1.061054781684913
4480,1.073352525272995,1.0689434673723983,1.05925035446362
4481,1.073352525272995,1.0695592535109975,1.0540150893667586
4482,1.073352525272995,1.0691466295222813,1.0597523938781337
4483,1.073352525272995,1.0682597589128586,1.0464539674235898
4484,1.073352525272995,1.0673904236795124,1.0518894550378521
4485,1.073352525272995,1.0685968543306892,1.0557372140490837
4486,1.073352525272995,1.0684623481231603,1.0581229593258485
4487,1.073352525272995,1.0682816366812151,1.0625639507305404
4488,1.073352525272995,1.0695967273933356,1.0579628826738818
4489,1.073352525272995,1.0691765811374245,1.062462442174596
4490,1.073352525272995,1.069658874978778,1.0606513457731466
4491,1.073352525272995,1.069677435772164,1.0644250281611163
4492,1.073352525272995,1.0697955972443014,1.0601733300021303
4493,1.073352525272995,1.069552665564299,1.0546070448579627
4494,1.073352525272995,1.0696346105923027,1.0540669413742276
4495,1.073352525272995,1.0696769642777344,1.0548425517108857
4496,1.073352525272995,1.0691526244076008,1.0610919720937573
4497,1.073352525272995,1.0691240595470888,1.0610574704509959
4498,1.073352525272995,1.0697320679726352,1.051507765907448
4499,1.073352525272995,1.0697310964142412,1.0641168344887486
4500,1.073352525272995,1.070520578096566,1.0634735386827343
4501,1.073352525272995,1.0702055353059354,1.0650096696245912
4502,1.073352525272995,1.0705173489437791,1.0629822166637763
4503,1.073352525272995,1.0700367568427547,1.0594422058883528
4504,1.073352525272995,1.070108610460273,1.0643060084184226
4505,1.073352525272995,1.069533683522879,1.0619744856060456
4506,1.073352525272995,1.0697648151062586,1.0629938597340864
4507,1.073352525272995,1.0701698333445417,1.0645260170497939
4508,1.073352525272995,1.0708659564667515,1.0642842572244282
4509,1.073352525272995,1.0708750862228726,1.0646015304374825
4510,1.073352525272995,1.070737460987089,1.065202673592558
4511,1.073352525272995,1.0709505155934982,1.0652403292064232
4512,1.073352525272995,1.0711648909612987,1.067215910138583
4513,1.073352525272995,1.070998115320921,1.063594076616017
4514,1.073352525272995,1.0710836647487834,1.066105679633756
4515,1.073352525272995,1.070872600293787,1.062045748683445
4516,1.073352525272995,1.0712470937896075,1.060486860855257
4517,1.073352525272995,1.0709706865805915,1.0651263869873717
4518,1.073352525272995,1.07129146898714,1.0662707042445674
4519,1.073352525272995,1.0709609605967814,1.0621852131206755
4520,1.073352525272995,1.0712339751201134,1.0593565787735164
4521,1.073352525272995,1.0705923826243817,1.0607387224683653
4522,1.073352525272995,1.0695794116926471,1.0308458624624328
4523,1.073352525272995,1.0697250364008046,1.0574203347174613
4524,1.073352525272995,1.070081159342836,1.0597300773156972
4525,1.073352525272995,1.070422096261653,1.0537112544818847
4526,1.073352525272995,1.070245527849035,1.0608372163031097
4527,1.073352525272995,1.0709867941433664,1.0650173284928512
4528,1.073352525272995,1.0714912539504085,1.0661312886726737
4529,1.073352525272995,1.0720465752246766,1.0660130745137288
4530,1.073352525272995,1.0718187529656016,1.0647858511084491
4531,1.073352525272995,1.070787742045249,1.0583270185658935
4532,1.073352525272995,1.0702825400453768,1.0620601280742197
4533,1.073352525272995,1.0704509098904393,1.0607361962214024
4534,1.073352525272995,1.0701716031417505,1.0492004055760695
4535,1.073352525272995,1.069786421416438,1.0627749069537615
4536,1.073352525272995,1.0703813608858836,1.0648744357172495
4537,1.073352525272995,1.0702503440034725,1.0638755073670476
4538,1.073352525272995,1.0699574689630489,1.0646804583745089
4539,1.073352525272995,1.0703055442357543,1.0598258244166634
4540,1.073352525272995,1.070355362731616,1.0525804288175942
4541,1.073352525272995,1.0704326197838905,1.061505154270737
4542,1.073352525272995,1.070395186779257,1.061109460436024
4543,1.073352525272995,1.0686441151541313,1.0559933727407587
4544,1.073352525272995,1.0688057314606738,1.0578611215521034
4545,1.073352525272995,1.0695382750849158,1.0631594249097356
4546,1.073352525272995,1.069480448487563,1.0539423707549505
4547,1.073352525272995,1.0695367013376502,1.063229986200074
4548,1.073352525272995,1.0691575248078575,1.055882033498648
4549,1.073352525272995,1.0692937174803827,1.0282674092260566
4550,1.073352525272995,1.0697752081601415,1.055712966912991
4551,1.073352525272995,1.069821793616795,1.054894225094484
4552,1.073352525272995,1.0698803631645246,1.0621441081838472
4553,1.073352525272995,1.070173033467074,1.059181601121238
4554,1.073352525272995,1.0700802338827433,1.0619721511857665
4555,1.073352525272995,1.069846092545131,1.0617947262669132
4556,1.073352525272995,1.0702881195375618,1.063452321339678
4557,1.073352525272995,1.0697689019043266,1.0566926432587087
4558,1.073352525272995,1.070055958920539,1.0585703466342442
4559,1.073352525272995,1.0702666956695135,1.0579012855904837
4560,1.073352525272995,1.0698100706334572,1.0626303765316982
4561,1.073352525272995,1.0697826368464947,1.0541116636044137
4562,1.073352525272995,1.0700928626228965,1.059189274371373
4563,1.073352525272995,1.0705930390309795,1.0653422010741855
4564,1.073352525272995,1.0701971227463758,1.0583573872478735
4565,1.073352525272995,1.0699732645302518,1.0451256199296446
4566,1.073352525272995,1.0689510970805691,1.0559160806418029
4567,1.073352525272995,1.0694146544504786,1.0603180083806627
4568,1.073352525272995,1.0685714624854157,1.0561926494478842
4569,1.073352525272995,1.0684915325617632,1.0614718809116943
4570,1.073352525272995,1.06948358596804,1.0405040880264693
4571,1.073352525272995,1.069457976962756,1.0591572228889987
4572,1.073352525272995,1.0702603290312576,1.0630887081289977
4573,1.073352525272995,1.070243831223036,1.064322376876149
4574,1.073352525272995,1.069774563817833,1.0653970790294953
4575,1.073352525272995,1.0700143977967025,1.0656086031501353
4576,1.073352525272995,1.0691537679140009,1.0566264168639448
4577,1.073352525272995,1.0688210115049714,1.0575520625837325
4578,1.073352525272995,1.0689329684699604,1.0612075415895634
4579,1.073352525272995,1.0687689514029508,1.0543071800506385
4580,1.073352525272995,1.0689744869205484,1.0595694216097338
4581,1.073352525272995,1.0692751739190631,1.0593460489741062
4582,1.073352525272995,1.069641129198263,1.0495977396115213
4583,1.073352525272995,1.0690719089151122,1.056415005537081
4584,1.073352525272995,1.0681788839115294,1.0523682615605268
4585,1.073352525272995,1.0670576796695712,1.0502621094492646
4586,1.073352525272995,1.0680099225694277,1.0475438524424248
4587,1.073352525272995,1.0670992193620912,1.0507900303369708
4588,1.073352525272995,1.0675270257645968,1.051239175168658
4589,1.073352525272995,1.0665019989413849,1.0447079342154137
4590,1.073352525272995,1.0662306170345817,1.044163666899251
4591,1.073352525272995,1.0665803249721681,1.0493420110209941
4592,1.073352525272995,1.0667958694093376,1.0531423265152422
4593,1.073352525272995,1.0673635654478482,1.0571590065442678
4594,1.073352525272995,1.068377034496911,1.0549675457523366
4595,1.073352525272995,1.0675186935228567,1.0399362580419798
4596,1.073352525272995,1.06669776158748,1.0348456714319647
4597,1.073352525272995,1.0664394981489675,1.0295187934599572
4598,1.073352525272995,1.0676267417275116,1.0525154872024873
4599,1.073352525272995,1.0687235340942989,1.0557707999516572
4600,1.073352525272995,1.068976294591281,1.0579223774007587
4601,1.073352525272995,1.0694291222529406,1.0603730019167652
4602,1.073352525272995,1.0688738148504013,1.0565906699418766
4603,1.073352525272995,1.068775826712233,1.056835194304104
4604,1.073352525272995,1.068831112551749,1.0608481066468403
4605,1.073352525272995,1.0698322275066152,1.0548698561402987
4606,1.073352525272995,1.0704038245157126,1.063807325404468
4607,1.073352525272995,1.0709008242144338,1.0647052750795558
4608,1.073352525272995,1.0710850550297113,1.064962644943564
4609,1.073352525272995,1.0718031541139879,1.0661092948300557
4610,1.073352525272995,1.0715806662725886,1.0672199455328435
4611,1.073352525272995,1.0712568517194183,1.059438223712606
4612,1.073352525272995,1.0715840523249491,1.0673581256645288
4613,1.073352525272995,1.071416876110362,1.0665872632333995
4614,1.073352525272995,1.0705717140700144,1.0551755814437112
4615,1.073352525272995,1.0706767179181427,1.0628237117643502
4616,1.073352525272995,1.0709749152727615,1.066142682277209
4617,1.073352525272995,1.0702748213958442,1.0512937899983719
4618,1.073352525272995,1.0701184111405322,1.0576242197018155
4619,1.073352525272995,1.0706075731321243,1.061405389990131
4620,1.073352525272995,1.0701325941270012,1.058842481843969
4621,1.073352525272995,1.070447796849389,1.0633131941449
4622,1.073352525272995,1.069776371950378,1.054393343034895
4623,1.073352525272995,1.0700011898827093,1.0589232717359032
4624,1.073352525272995,1.0701509786177505,1.0619185647191047
4625,1.073352525272995,1.0703296144975578,1.0603960660316432
4626,1.073352525272995,1.0704701222409398,1.0582400355237134
4627,1.073352525272995,1.0702965051718165,1.066417263627762
4628,1.073352525272995,1.0708808351544317,1.0622180083381194
4629,1.073352525272995,1.0713602742706283,1.0648711406937914
4630,1.073352525272995,1.070716932511182,1.056004701522054
4631,1.073352525272995,1.0706634080716853,1.0632868437393332
4632,1.073352525272995,1.071233662315277,1.0652809888761379
4633,1.073352525272995,1.0710393196298056,1.0615261899339477
4634,1.073352525272995,1.071460527592312,1.064498248260332
4635,1.073352525272995,1.0710033525690212,1.0584172464742827
4636,1.073352525272995,1.069865503547399,1.062001058822701
4637,1.073352525272995,1.0710423672846858,1.0589705091291228
4638,1.073352525272995,1.071090346934297,1.0626248226506512
4639,1.073352525272995,1.0714303784762156,1.0664629594596282
4640,1.073352525272995,1.071729745854763,1.0673571736799294
4641,1.073352525272995,1.0716656950374768,1.0667901865443667
4642,1.073352525272995,1.0718219128645448,1.0674662016471972
4643,1.073352525272995,1.0715349639090403,1.0590289788490774
4644,1.073352525272995,1.0710054481954907,1.0585927868198781
4645,1.073352525272995,1.0708763041961211,1.0522398349278317
4646,1.073352525272995,1.0713504122447524,1.0646358197778931
4647,1.073352525272995,1.071047907348091,1.0658516724982396
4648,1.073352525272995,1.071031235686272,1.0656473548799719
4649,1.073352525272995,1.0712100408211027,1.0650393180087905
4650,1.073352525272995,1.0717927029834946,1.0665125669756805
4651,1.073352525272995,1.0719226342908694,1.0655347796355779
4652,1.073352525272995,1.0712755436297885,1.061680926604891
4653,1.073352525272995,1.0709498697671993,1.064583258322385
4654,1.073352525272995,1.0711074412453818,1.0629011780140558
4655,1.073352525272995,1.0708674715849391,1.0621252687331793
4656,1.073352525272995,1.071464494758229,1.0642467900869317
4657,1.073352525272995,1.071343452533427,1.065011429100936
4658,1.073352525272995,1.0717361997385932,1.0680957962232451
4659,1.073352525272995,1.0709072897937475,1.0515581567208387
4660,1.073352525272995,1.0711594183737676,1.0647962833127118
4661,1.073352525272995,1.0714159799957585,1.0611369421403332
4662,1.073352525272995,1.0712229378252105,1.0652961992380274
4663,1.073352525272995,1.071172855563591,1.0658610231669687
4664,1.073352525272995,1.0709851008238491,1.0610285058819218
4665,1.073352525272995,1.0711485221738406,1.0656324981154963
4666,1.073352525272995,1.0709335089628262,1.0657855466555246
4667,1.073352525272995,1.0707475175172123,1.0610174216258699
4668,1.073352525272995,1.0700957655863532,1.0620350697272334
4669,1.073352525272995,1.0696885275359187,1.0565967752133858
4670,1.073352525272995,1.0689536975935658,1.051899916758161
4671,1.073352525272995,1.0673178854210397,1.0544915461414812
4672,1.073352525272995,1.0680111115473123,1.047968455270949
4673,1.073352525272995,1.0689755798174734,1.0544260844614353
4674,1.073352525272995,1.0697962344864793,1.060707379122304
4675,1.073352525272995,1.069986888105235,1.0660915008864957
4676,1.073352525272995,1.070503130605716,1.0594927239060188
4677,1.073352525272995,1.0696265456253764,1.0582215752959423
4678,1.073352525272995,1.0692986541043552,1.061956707243241
4679,1.073352525272995,1.070172763165487,1.0642259081409824
4680,1.073352525272995,1.0703973556572772,1.0650803625433165
4681,1.073352525272995,1.0698590933040943,1.0627319263263053
4682,1.073352525272995,1.0703079073133466,1.059289045148429
4683,1.073352525272995,1.0698520728984482,1.0582943189158196
4684,1.073352525272995,1.0696906959474417,1.0621034605960569
4685,1.073352525272995,1.069999020411292,1.0665476326365546
4686,1.073352525272995,1.0698187550280787,1.0634687177780222
4687,1.073352525272995,1.0699115750115893,1.060583243711581
4688,1.073352525272995,1.069425888044338,1.0591872731809509
4689,1.073352525272995,1.0689374407073722,1.0485711433658587
4690,1.073352525272995,1.0680011632891837,1.0160700920280652
4691,1.073352525272995,1.06711283531058,1.0410578598193183
4692,1.073352525272995,1.0673990018252337,1.0591214960001514
4693,1.073352525272995,1.0682658389374529,1.058060843594089
4694,1.073352525272995,1.0690239238248314,1.0566774367823726
4695,1.073352525272995,1.0702630422065382,1.0582233722091325
4696,1.073352525272995,1.069383340207146,1.051460108111863
4697,1.073352525272995,1.0691675743436848,1.0584480666494547
4698,1.073352525272995,1.069321938249716,1.0548390536614116
4699,1.073352525272995,1.0691592907422902,1.0606863538417022
4700,1.073352525272995,1.0698074847055152,1.0569951865284777
4701,1.073352525272995,1.0699882667115101,1.0632934016830946
4702,1.073352525272995,1.0697495324551083,1.06026996810728
4703,1.073352525272995,1.0693859655639626,1.057353477207963
4704,1.073352525272995,1.0691634075940684,1.0591893319951766
4705,1.073352525272995,1.0690613126423536,1.0636529549919544
4706,1.073352525272995,1.0703779651090621,1.0644992621181577
4707,1.073352525272995,1.070232019094149,1.0579759827453517
4708,1.073352525272995,1.0706765467907857,1.0636591491929073
4709,1.073352525272995,1.0707338706217135,1.06367480676166
4710,1.073352525272995,1.0712080390944272,1.0649393459110332
4711,1.073352525272995,1.0715622593124527,1.0642487903897806
4712,1.073352525272995,1.0702943384331993,1.0566308594449723
4713,1.073352525272995,1.0697382565890101,1.06057691940615
4714,1.073352525272995,1.0697897781520862,1.0621093246973914
4715,1.073352525272995,1.0693138058933407,1.0645934574523837
4716,1.073352525272995,1.0689740119627433,1.0615971758895217
4717,1.073352525272995,1.068731569353046,1.0589233349481557
4718,1.073352525272995,1.0693141457240678,1.0586426900280745
4719,1.073352525272995,1.0707074968314914,1.065356656569515
4720,1.073352525272995,1.0704449065417638,1.0616919128536364
4721,1.073352525272995,1.0702727866879578,1.0637456508635224
4722,1.073352525272995,1.0704124372442956,1.0654359517848166
4723,1.073352525272995,1.0709948494179542,1.064890935133652
4724,1.073352525272995,1.0707496825839455,1.0575742420897594
4725,1.073352525272995,1.0707806659338777,1.0556440896818926
4726,1.073352525272995,1.0700254025138873,1.05532970172175
4727,1.073352525272995,1.070098748680981,1.0535551772637515
4728,1.073352525272995,1.0707910167241692,1.0616376275589077
4729,1.073352525272995,1.0711048330396413,1.066568275148884
4730,1.073352525272995,1.0711473352225873,1.066077064446884
4731,1.073352525272995,1.071244059913156,1.0612547280129587
4732,1.073352525272995,1.0707256148861697,1.0619906743359382
4733,1.073352525272995,1.0700768234670293,1.062222235525752
4734,1.073352525272995,1.0699003697208496,1.0357321453906474
4735,1.073352525272995,1.0708989677228056,1.0656806997859614
4736,1.073352525272995,1.0713003659707983,1.066823876419641
4737,1.073352525272995,1.0717959643628308,1.0652360331395927
4738,1.073352525272995,1.0716593643090693,1.0633350624399656
4739,1.073352525272995,1.0714683770451896,1.0671375716748708
4740,1.073352525272995,1.0715397064325554,1.0653935462266735
4741,1.073352525272995,1.0714863894076965,1.0670819240447345
4742,1.073352525272995,1.071532690241443,1.0618471485022798
4743,1.073352525272995,1.0711039258081811,1.0623925271373067
4744,1.073352525272995,1.071236962530034,1.062476559229877
4745,1.073352525272995,1.070976101205008,1.0621397709554727
4746,1.073352525272995,1.071207986202202,1.0677293054615744
4747,1.073352525272995,1.0711162753459538,1.064888021291586
4748,1.073352525272995,1.0712020226952974,1.0624505029215696
4749,1.073352525272995,1.070758880329612,1.0608540706288534
4750,1.073352525272995,1.0704002861701012,1.0618061991574075
4751,1.073352525272995,1.0703523012528564,1.065014103618829
4752,1.073352525272995,1.0708441854412363,1.0651354883514372
4753,1.073352525272995,1.0716720600106244,1.066749582906055
4754,1.073352525272995,1.0716819129551378,1.0664801128229704
4755,1.073352525272995,1.0714551719476957,1.0655586345945964
4756,1.073352525272995,1.0706865091448456,1.0651699437659092
4757,1.073352525272995,1.0703253226740217,1.0630891333551664
4758,1.073352525272995,1.0700347381631976,1.0556588959083293
4759,1.073352525272995,1.0689097150594753,1.059292012209826
4760,1.073352525272995,1.0702587758826545,1.0598247584436624
4761,1.073352525272995,1.0702362987309524,1.0643611475394756
4762,1.073352525272995,1.070637286896946,1.060389097873862
4763,1.073352525272995,1.0699477096682284,1.0650369905484252
4764,1.073352525272995,1.0698594686600682,1.0652507613663142
4765,1.073352525272995,1.069763768594202,1.0646336864767447
4766,1.073352525272995,1.0691628136651952,1.0607458609365636
4767,1.073352525272995,1.0687204429725545,1.0578897071427797
4768,1.073352525272995,1.0696567471197873,1.06340516941307
4769,1.073352525272995,1.069851329184614,1.0552116038808546
4770,1.073352525272995,1.0698091352025054,1.0664756948106886
4771,1.073352525272995,1.0700033762669898,1.0587666248543628
4772,1.073352525272995,1.0695646765745639,1.0501417260235
4773,1.073352525272995,1.0690758618137055,1.0611092944339438
4774,1.073352525272995,1.0681488358558804,1.0558671363135677
4775,1.073352525272995,1.0681982730245214,1.048934737668568
4776,1.073352525272995,1.0686418340158237,1.0560979971525857
4777,1.073352525272995,1.0688314241179104,1.0551653092702546
4778,1.073352525272995,1.0687190738424648,1.0429160952978904
4779,1.073352525272995,1.0690510178955857,1.0482308971884922
4780,1.073352525272995,1.0694757978888965,1.0601949599340907
4781,1.073352525272995,1.0699370400684887,1.0597038581860732
4782,1.073352525272995,1.0702083878967932,1.0628233978757846
4783,1.073352525272995,1.0705976221689952,1.0639340470645453
4784,1.073352525272995,1.0707443381214243,1.0659587202089373
4785,1.073352525272995,1.0708518718413225,1.0664407972091745
4786,1.073352525272995,1.070742877136319,1.062029206326375
4787,1.073352525272995,1.0708816616885377,1.0640037632185542
4788,1.073352525272995,1.0709305263521047,1.0655988721416674
4789,1.073352525272995,1.0714458578862571,1.0673713979555175
4790,1.073352525272995,1.071348727356,1.0559472140440092
4791,1.073352525272995,1.0712465647521565,1.0653043909704027
4792,1.073352525272995,1.0714362115627538,1.066972139566382
4793,1.073352525272995,1.071095879270328,1.0665660144314604
4794,1.073352525272995,1.071424172967457,1.0636928023422003
4795,1.073352525272995,1.0719220476089462,1.068378316199698
4796,1.073352525272995,1.0716616173884776,1.0653842925739667
4797,1.073352525272995,1.0709134178798658,1.0644427222397197
4798,1.073352525272995,1.0697548221418391,1.0367388717512198
4799,1.073352525272995,1.069717340324316,1.053378818671693
4800,1.073352525272995,1.0701981468882076,1.0541901762111634
4801,1.073352525272995,1.0706156376938223,1.066606618914492
4802,1.073352525272995,1.071065853784382,1.065792822897968
4803,1.073352525272995,1.0715400525646044,1.0677146483452054
4804,1.073352525272995,1.071568690741622,1.068408751647636
4805,1.073352525272995,1.0717104527109205,1.06753633631312
4806,1.073352525272995,1.0710046911122602,1.0589849777094393
4807,1.073352525272995,1.0711711940494189,1.0629132040973803
4808,1.073352525272995,1.0710011643795787,1.0666247937287483
4809,1.073352525272995,1.0711784387352996,1.0657411862198687
4810,1.073352525272995,1.0708113468659541,1.0591664667353837
4811,1.073352525272995,1.0708643309977883,1.0663122224291905
4812,1.073352525272995,1.0701828642673763,1.0607456735566996
4813,1.073352525272995,1.0703448068268948,1.0586258639350055
4814,1.073352525272995,1.0704073796199183,1.0554938532328069
4815,1.073352525272995,1.0702729522622043,1.0634497701518442
4816,1.073352525272995,1.0702421687785855,1.0580415277088886
4817,1.073352525272995,1.0696917435991247,1.0613379982519209
4818,1.073352525272995,1.0693379431934564,1.0621231639036677
4819,1.073352525272995,1.0701058274661033,1.0622037044389077
4820,1.073352525272995,1.0707961093826586,1.0618402658438768
4821,1.073352525272995,1.0703521340312205,1.062120071724463
4822,1.073352525272995,1.0699656242914772,1.0617770214351467
4823,1.073352525272995,1.0700524403312124,1.0561477084382163
4824,1.073352525272995,1.0695489409546068,1.0536079186658311
4825,1.073352525272995,1.070031114888465,1.0618045641763652
4826,1.073352525272995,1.0707389791779287,1.0661230266824862
4827,1.073352525272995,1.07069262250443,1.0647197018120405
4828,1.073352525272995,1.0708233491904025,1.0629944162884162
4829,1.073352525272995,1.0711068544470075,1.0626705060886514
4830,1.073352525272995,1.070649040485429,1.0640452483584528
4831,1.073352525272995,1.0705868462003338,1.0637457470237437
4832,1.073352525272995,1.0706750876319884,1.061108805264979
4833,1.073352525272995,1.0705857355013932,1.0627088312363835
4834,1.073352525272995,1.0712903770655793,1.0672743920915493
4835,1.073352525272995,1.071352032768945,1.066422632576899
4836,1.073352525272995,1.0710696099697372,1.0657104068153616
4837,1.073352525272995,1.0715662937979955,1.0661455050654378
4838,1.073352525272995,1.0713325185487077,1.06457191894625
4839,1.073352525272995,1.071022602396068,1.0647889611879795
4840,1.073352525272995,1.0716678947957532,1.0614744008106256
4841,1.073352525272995,1.071576177773923,1.0645062823212836
4842,1.073352525272995,1.0713563135924193,1.0649671128171891
4843,1.073352525272995,1.0710233422795006,1.0595663997776912
4844,1.073352525272995,1.0705152460875544,1.058483168700468
4845,1.073352525272995,1.0699161988854566,1.0544342001112903
4846,1.073352525272995,1.0695840952115145,1.054838582369694
4847,1.073352525272995,1.069413785359029,1.061952533495395
4848,1.073352525272995,1.0698929137886584,1.0578292900074258
4849,1.073352525272995,1.0698397439726834,1.059978813573202
4850,1.073352525272995,1.0694622792912503,1.0587414851176535
4851,1.073352525272995,1.0695132525140578,1.0571027110245597
4852,1.073352525272995,1.068734528864149,1.0477350148571876
4853,1.073352525272995,1.0691785693472324,1.0527005905157432
4854,1.073352525272995,1.0675479705923256,1.049579293093028
4855,1.073352525272995,1.0676827730377836,1.0578878522484234
4856,1.073352525272995,1.0678632212749422,1.0594662216104336
4857,1.073352525272995,1.0682259295382073,1.0580508608250836
4858,1.073352525272995,1.0682476715704352,1.057709666133099
4859,1.073352525272995,1.068810360692273,1.0564648313673137
4860,1.073352525272995,1.0684309994311334,1.042786162385517
4861,1.073352525272995,1.0678759109277796,1.0534183569787088
4862,1.073352525272995,1.068725144668549,1.0635457484723134
4863,1.073352525272995,1.0691103080510782,1.0627377207536863
4864,1.073352525272995,1.0693384514683708,1.062650906472257
4865,1.073352525272995,1.069555056068635,1.0612884859659488
4866,1.073352525272995,1.0690308919097806,1.05458618028625
4867,1.073352525272995,1.0683047731724684,1.035347150818928
4868,1.073352525272995,1.0690741699720774,1.0616276971555956
4869,1.073352525272995,1.0694256627794179,1.0561759497321894
4870,1.073352525272995,1.069648482928368,1.0616669802601826
4871,1.073352525272995,1.0696967877410932,1.0605863333627796
4872,1.073352525272995,1.0694829036846285,1.049177572307587
4873,1.073352525272995,1.0701959665407563,1.0618696680707846
4874,1.073352525272995,1.0710197875039211,1.067507501760599
4875,1.073352525272995,1.071762783017363,1.0685406816917238
4876,1.073352525272995,1.071980461912417,1.0681939083155674
4877,1.073352525272995,1.0720037471180277,1.067443259228615
4878,1.073352525272995,1.0719604533517169,1.0673184477378708
4879,1.073352525272995,1.0715057935373091,1.060961011556214
4880,1.073352525272995,1.0713167630798481,1.0599752805047302
4881,1.073352525272995,1.0712379426591792,1.0585660071426208
4882,1.073352525272995,1.070938636685035,1.063619837079741
4883,1.073352525272995,1.0706331643144804,1.0603062056243893
4884,1.073352525272995,1.0708892460165926,1.0654193772041303
4885,1.073352525272995,1.0701243854776787,1.0608835244816017
4886,1.073352525272995,1.0704763479427326,1.0632198557957988
4887,1.073352525272995,1.0706582044049462,1.0613759103194405
4888,1.073352525272995,1.0709801748835026,1.0606643969263185
4889,1.073352525272995,1.070675447962493,1.0609663888870196
4890,1.073352525272995,1.070368199819851,1.0647499567002985
4891,1.073352525272995,1.0709894645846367,1.064714414356383
4892,1.073352525272995,1.070734748400851,1.0517297715118894
4893,1.073352525272995,1.0710369869633538,1.0656648898689571
4894,1.073352525272995,1.0705027697520972,1.0555067974603634
4895,1.073352525272995,1.0702565092422218,1.06193061395307
4896,1.073352525272995,1.0692526775539695,1.0600017545025864
4897,1.073352525272995,1.0700288451734281,1.0636003882973117
4898,1.073352525272995,1.0701136986373472,1.064008420629502
4899,1.073352525272995,1.0698970182632273,1.0616987121541541
4900,1.073352525272995,1.07015432868838,1.0612956159154876
4901,1.073352525272995,1.070463208961708,1.063900570444955
4902,1.073352525272995,1.0706826544665144,1.0646662726137741
4903,1.073352525272995,1.0710174416856524,1.0661185282186358
4904,1.073352525272995,1.0714875584065624,1.06755175342534
4905,1.073352525272995,1.0714835092376833,1.0681777600502953
4906,1.073352525272995,1.0709649325721735,1.0635227377164282
4907,1.073352525272995,1.071115501500376,1.0641406861414715
4908,1.073352525272995,1.071094110200399,1.0624731920362667
4909,1.073352525272995,1.0709766624598573,1.0652988150140117
4910,1.073352525272995,1.0707651459726852,1.0597329029670695
4911,1.073352525272995,1.070250523817594,1.0610952822726232
4912,1.073352525272995,1.0707237095540207,1.0652217482115045
4913,1.073352525272995,1.0709044614873584,1.0662962758842425
4914,1.073352525272995,1.0709703909846175,1.0669168889775489
4915,1.073352525272995,1.0711965760358773,1.0678738869811293
4916,1.073352525272995,1.0708617555061577,1.0484956754257087
4917,1.073352525272995,1.0696391258071218,1.0402260308903917
4918,1.073352525272995,1.0689686209961489,1.0534901366906064
4919,1.073352525272995,1.0689884313254074,1.0579789260754682
4920,1.073352525272995,1.068661822310985,1.0623709102821608
4921,1.073352525272995,1.0689501300140791,1.0598349113135774
4922,1.073352525272995,1.0702229013023112,1.0607544967947258
4923,1.073352525272995,1.0705364592712763,1.0608775579731464
4924,1.073352525272995,1.0703403571817345,1.0636070724832356
4925,1.073352525272995,1.0702623052894378,1.0606121551537426
4926,1.073352525272995,1.0698503267793347,1.0462732844676117
4927,1.073352525272995,1.069120526019767,1.0561960536716275
4928,1.073352525272995,1.068921365292782,1.0537588089677656
4929,1.073352525272995,1.0691057137196798,1.0584017531150476
4930,1.073352525272995,1.0702497793487762,1.0640086714722155
4931,1.073352525272995,1.0697719422426104,1.052764393478784
4932,1.073352525272995,1.0697600935575224,1.0507686346468001
4933,1.073352525272995,1.0697541391366692,1.059866679277179
4934,1.073352525272995,1.069576817001679,1.0558789088843572
4935,1.073352525272995,1.069036914507436,1.0589224757938083
4936,1.073352525272995,1.0688366721977425,1.05909710079088
4937,1.073352525272995,1.0691420538688683,1.0602379794662165
4938,1.073352525272995,1.0707341962642598,1.0650953629218018
4939,1.073352525272995,1.0710153478367015,1.0591632922760608
4940,1.073352525272995,1.0704723270407244,1.05834541316956
4941,1.073352525272995,1.069921115474684,1.0573938661507232
4942,1.073352525272995,1.0693746878715735,1.0596254391489035
4943,1.073352525272995,1.0702538844848746,1.060162752314266
4944,1.073352525272995,1.0704549787291406,1.0562231861939857
4945,1.073352525272995,1.0692207091260848,1.050120716826
4946,1.073352525272995,1.0696101443531145,1.063737669309572
4947,1.073352525272995,1.0701794632205557,1.0646536197871808
4948,1.073352525272995,1.0699896909134912,1.0570178069403644
4949,1.073352525272995,1.0697921822843623,1.0620065432776262
4950,1.073352525272995,1.0697963481076411,1.064705254309764
4951,1.073352525272995,1.0703389556881762,1.0646952749165268
4952,1.073352525272995,1.0701756251884678,1.0581506728462746
4953,1.073352525272995,1.0701989026510597,1.0633858738682576
4954,1.073352525272995,1.0702520589133766,1.0609432657436095
4955,1.073352525272995,1.0709619375023545,1.063322884426789
4956,1.073352525272995,1.0711061350381406,1.0639674068636014
4957,1.073352525272995,1.0706497002368405,1.065203969984379
4958,1.073352525272995,1.0694227437366277,1.0413340610578772
4959,1.073352525272995,1.0687564451528857,1.0560821909108893
4960,1.073352525272995,1.0685923537356035,1.0450972958994724
4961,1.073352525272995,1.0696911977786447,1.0633461701999989
4962,1.073352525272995,1.069986076814393,1.0648147775793726
4963,1.073352525272995,1.0708815693861815,1.0658519552673624
4964,1.073352525272995,1.070689364457047,1.0646184246495087
4965,1.073352525272995,1.0707009809525296,1.061122941147889
4966,1.073352525272995,1.0703424137448543,1.06175439795209
4967,1.073352525272995,1.0699051896634115,1.0624380205317894
4968,1.073352525272995,1.0704961335543564,1.0645941373628527
4969,1.073352525272995,1.0706219084660846,1.0566317660184645
4970,1.073352525272995,1.070832089577802,1.066308738318162
4971,1.073352525272995,1.0710774371235299,1.064914465195172
4972,1.073352525272995,1.0713813480279128,1.0646263272095222
4973,1.073352525272995,1.070893038502175,1.0645274834500054
4974,1.073352525272995,1.0707546089123172,1.065180958967564
4975,1.073352525272995,1.0708372951274454,1.0652784565344176
4976,1.073352525272995,1.071335492900389,1.0666396948000532
4977,1.073352525272995,1.0714154924564478,1.066884051943683
4978,1.073352525272995,1.0715868840435132,1.066101966056382
4979,1.073352525272995,1.0716314310041068,1.0652912971471227
4980,1.073352525272995,1.0714794768185016,1.0653771342935308
4981,1.073352525272995,1.0716756648410677,1.0648118312208064
4982,1.073352525272995,1.0716307924305166,1.0676842215604736
4983,1.073352525272995,1.0716563157956644,1.0663474203852623
4984,1.073352525272995,1.0715150524329249,1.0668832593058395
4985,1.073352525272995,1.0708881678876725,1.0561668283650452
4986,1.073352525272995,1.0701966537016248,1.0584613873729234
4987,1.073352525272995,1.070080692711897,1.058228318604129
4988,1.073352525272995,1.0708060752161752,1.0659931643926355
4989,1.073352525272995,1.0705783937996605,1.063472447143919
4990,1.073352525272995,1.0708221310010508,1.064299199608019
4991,1.073352525272995,1.071282995537732,1.063221828934218
4992,1.073352525272995,1.0711511041862551,1.0652583358310344
4993,1.073352525272995,1.0710717467576603,1.0613489832065819
4994,1.073352525272995,1.070556180589432,1.0527212564185344
4995,1.073352525272995,1.0706105829689492,1.0647611652630364
4996,1.073352525272995,1.0704582741593278,1.0651616734792415
4997,1.073352525272995,1.0705346507479119,1.0638328458666095
4998,1.073352525272995,1.0704652823251735,1.0643158267514412
4999,1.073352525272995,1.0702198648034171,1.0600633960530745
5000,1.073352525272995,1.0695060225781334,1.053592580297087
5001,1.073352525272995,1.0700016475788972,1.0639755756903677
5002,1.073352525272995,1.0698050243171244,1.0617364705160017
5003,1.073352525272995,1.070028508067005,1.0511509635234402
5004,1.073352525272995,1.0699418568576058,1.0555282203596121
5005,1.073352525272995,1.0702086840122893,1.0556922654224787
5006,1.073352525272995,1.069731935955233,1.0622718563064455
5007,1.073352525272995,1.069456090260471,1.0581312695123701
5008,1.073352525272995,1.0691507542522616,1.057024368127178
5009,1.073352525272995,1.0694313309797396,1.0514496076829563
5010,1.073352525272995,1.069213629161057,1.0587200062021203
5011,1.073352525272995,1.0699522373917394,1.0605478388388678
5012,1.073352525272995,1.0696998309977817,1.0637814392264908
5013,1.073352525272995,1.0698532650190395,1.0618776521109499
5014,1.073352525272995,1.0698048216094056,1.0612418883459647
5015,1.073352525272995,1.0695191902755214,1.0593114499995617
5016,1.073352525272995,1.0687651174538486,1.0433796659791112
5017,1.073352525272995,1.0690760881031962,1.063216105986064
5018,1.073352525272995,1.0692596020699079,1.061696879164508
5019,1.073352525272995,1.0689790921310913,1.0585885289703003
5020,1.073352525272995,1.0695304487562776,1.0639500439116527
5021,1.073352525272995,1.0696422915667647,1.0590855915881
5022,1.073352525272995,1.0700575049581833,1.0607485360584605
5023,1.073352525272995,1.0706334304128726,1.065156763355526
5024,1.073352525272995,1.070669291795016,1.062074863821159
5025,1.073352525272995,1.0709263404848108,1.061537417609005
5026,1.073352525272995,1.0709512713479383,1.0653590330132339
5027,1.073352525272995,1.0704419497582067,1.0622604014274672
5028,1.073352525272995,1.0704416725085428,1.06484233961019
5029,1.073352525272995,1.0702623667769122,1.0613334353856043
5030,1.073352525272995,1.0692697798908097,1.0609477635174667
5031,1.073352525272995,1.069107417394876,1.0554372699417625
5032,1.073352525272995,1.0690381447839037,1.0528625301715135
5033,1.073352525272995,1.069427445890098,1.0604508637961583
5034,1.073352525272995,1.0691251453440482,1.0607247185692075
5035,1.073352525272995,1.0698376288022131,1.0547347653143764
5036,1.073352525272995,1.070679255308534,1.0605852596825844
5037,1.073352525272995,1.0707947658552774,1.063757825662595
5038,1.073352525272995,1.0709887294585414,1.0660253594396933
5039,1.073352525272995,1.0711978777299238,1.0633880728566758
5040,1.073352525272995,1.071474350860469,1.0640666950122357
5041,1.073352525272995,1.0716849939433877,1.0648870119005327
5042,1.073352525272995,1.0720441153466291,1.0676907037031573
5043,1.073352525272995,1.0718789046266008,1.0661898466214272
5044,1.073352525272995,1.071515793676217,1.0668153862987602
5045,1.073352525272995,1.0717117432701975,1.0653848363540188
5046,1.073352525272995,1.0718596261353575,1.0656377735702929
5047,1.073352525272995,1.0716219245392942,1.0673407895355427
5048,1.073352525272995,1.0711542221440413,1.0534988790728752
5049,1.073352525272995,1.0708062960142686,1.0643197860041105
5050,1.073352525272995,1.0713281944954167,1.0658203965645936
5051,1.073352525272995,1.0712828427322894,1.0654169228773265
5052,1.073352525272995,1.0708690354744794,1.062341106935119
5053,1.073352525272995,1.0700907424066712,1.0591870812882807
5054,1.073352525272995,1.0692681036711646,1.0619515453767876
5055,1.073352525272995,1.0694094393171882,1.0587219224239262
5056,1.073352525272995,1.069137087736185,1.0616047858012774
5057,1.073352525272995,1.0703158689801788,1.0627191518406611
5058,1.073352525272995,1.0693912450014655,1.0625809049821826
5059,1.073352525272995,1.0699610177457342,1.0574927293781218
5060,1.073352525272995,1.0698506603325726,1.0603067717946764
5061,1.073352525272995,1.0695899651880452,1.0554396735556824
5062,1.073352525272995,1.0689198554245183,1.0468323057166042
5063,1.073352525272995,1.0684543073928667,1.043123960834931
5064,1.073352525272995,1.0689063645801524,1.0600943705656667
5065,1.073352525272995,1.0694805674638657,1.0596923082909648
5066,1.073352525272995,1.0705295084465378,1.063282972286456
5067,1.073352525272995,1.0712751996732255,1.0674087173270015
5068,1.073352525272995,1.0714377253949474,1.0632681595715803
5069,1.073352525272995,1.0709158598840118,1.0601114529756046
5070,1.073352525272995,1.0714860382623532,1.0644360846642156
5071,1.073352525272995,1.0715998777169304,1.0643762577810425
5072,1.073352525272995,1.0716215570704348,1.067148866593835
5073,1.073352525272995,1.0710832707310953,1.0649736751332814
5074,1.073352525272995,1.071108506357782,1.0661316879674998
5075,1.073352525272995,1.0710053351285511,1.060977887958026
5076,1.073352525272995,1.0697926237530542,1.0615170006896286
5077,1.073352525272995,1.0694077366663055,1.061603271865477
5078,1.073352525272995,1.0688400825427324,1.048848508960342
5079,1.073352525272995,1.0685971534961292,1.051985671433255
5080,1.073352525272995,1.0685211651126052,1.0585904464954363
5081,1.073352525272995,1.0687297497888952,1.0596440020996891
5082,1.073352525272995,1.0690587807300398,1.0572002237794331
5083,1.073352525272995,1.0691723609708041,1.0596620435092268
5084,1.073352525272995,1.069778655927398,1.0631894722570678
5085,1.073352525272995,1.069506921832765,1.0642796940230645
5086,1.073352525272995,1.0699899810561129,1.0629795420807948
5087,1.073352525272995,1.0705731625121517,1.0657615506801847
5088,1.073352525272995,1.0703023537487786,1.0599548189993255
5089,1.073352525272995,1.069772414003212,1.0611591747308498
5090,1.073352525272995,1.0698319473016435,1.0613152463018651
5091,1.073352525272995,1.070044016825988,1.051976842794703
5092,1.073352525272995,1.069103256480073,1.0304246177836311
5093,1.073352525272995,1.0689109465385596,1.0534192616963551
5094,1.073352525272995,1.0687550219472286,1.0448646427831747
5095,1.073352525272995,1.0701182165973064,1.064251786305941
5096,1.073352525272995,1.0705458604089881,1.0638329291587219
5097,1.073352525272995,1.0706083619634152,1.0615555576611906
5098,1.073352525272995,1.070517446336683,1.0612754825557325
5099,1.073352525272995,1.070384137981503,1.0571056024733347
5100,1.073352525272995,1.0704688714934614,1.064711568068901
5101,1.073352525272995,1.0703896385517284,1.0578368586968085
5102,1.073352525272995,1.070759860194589,1.0617290615355395
5103,1.073352525272995,1.070579312867713,1.063335191938654
5104,1.073352525272995,1.070328772723303,1.0590310600653
5105,1.073352525272995,1.0705409386947102,1.0586208339168917
5106,1.073352525272995,1.0704755142746858,1.0587015047948038
5107,1.073352525272995,1.0706258431386375,1.0643233821296632
5108,1.073352525272995,1.0704388230035573,1.0620470443416292
5109,1.073352525272995,1.0697616728277477,1.0591622950346298
5110,1.073352525272995,1.0691846271200272,1.0609025161083117
5111,1.073352525272995,1.068729409373838,1.0596682326001114
5112,1.073352525272995,1.0685250010362424,1.062262665921037
5113,1.073352525272995,1.068474151390735,1.055300226926293
5114,1.073352525272995,1.067062059023076,1.0463298160748407
5115,1.073352525272995,1.0672367950546653,1.0571429409936526
5116,1.073352525272995,1.067675572383981,1.0519447951014365
5117,1.073352525272995,1.066836444559814,1.0428357559962587
5118,1.073352525272995,1.0666758001705396,1.0435377699759696
5119,1.073352525272995,1.0670579611645703,1.0585148466095813
5120,1.073352525272995,1.0674999974017247,1.0592010356472927
5121,1.073352525272995,1.0683879238440226,1.051247436710444
5122,1.073352525272995,1.0691850051749487,1.059107248021105
5123,1.073352525272995,1.0697883451489223,1.0572540493941833
5124,1.073352525272995,1.070117079838046,1.0617415616440327
5125,1.073352525272995,1.06970040895444,1.0610536383815425
5126,1.073352525272995,1.0697863500573839,1.0620424302209117
5127,1.073352525272995,1.0700209120531066,1.0626004267985887
5128,1.073352525272995,1.0702407057365824,1.0668495023422262
5129,1.073352525272995,1.0700232233276423,1.0473361065874731
5130,1.073352525272995,1.0694289685576244,1.0604595611556131
5131,1.073352525272995,1.0696067344882159,1.0621619840461145
5132,1.073352525272995,1.0689052389316465,1.0557890996334944
5133,1.073352525272995,1.068422796765952,1.0560836959545115
5134,1.073352525272995,1.068354284763067,1.062159776603505
5135,1.073352525272995,1.0677936599162734,1.0348705823608877
5136,1.073352525272995,1.0679197800123135,1.0596852847033662
5137,1.073352525272995,1.0680057972775212,1.0572601619320139
5138,1.073352525272995,1.068278986201695,1.0574286748761792
5139,1.073352525272995,1.0692636282391643,1.059599383958734
5140,1.073352525272995,1.068847545811993,1.059827189478821
5141,1.073352525272995,1.0689356212671797,1.062469281265479
5142,1.073352525272995,1.069847094819098,1.0592110942497084
5143,1.073352525272995,1.070196378692967,1.0666777968266434
5144,1.073352525272995,1.0712064804028476,1.064031211276804
5145,1.073352525272995,1.06969181757965,1.049355093667187
5146,1.073352525272995,1.0684504816440359,1.0505243077764845
5147,1.073352525272995,1.068133879301659,1.0513602604055856
5148,1.073352525272995,1.0682097084116609,1.0514873906914972
5149,1.073352525272995,1.0689196397707277,1.0617664752641307
5150,1.073352525272995,1.0695122453556198,1.062457516460032
5151,1.073352525272995,1.0697802446350984,1.0560471334458228
5152,1.073352525272995,1.0685945697570944,1.056680700350257
5153,1.073352525272995,1.06836885749535,1.0567983436647692
5154,1.073352525272995,1.0683327776632443,1.0440266665658982
5155,1.073352525272995,1.0677482881781368,1.0608071501460428
5156,1.073352525272995,1.0686748841877067,1.051425871691411
5157,1.073352525272995,1.0691160182294817,1.0586978158781228
5158,1.073352525272995,1.070304172025313,1.0648395343647643
5159,1.073352525272995,1.0700273525918833,1.0432002562305172
5160,1.073352525272995,1.0693259169973834,1.0629219839442134
5161,1.073352525272995,1.0697393182330261,1.058159870542398
5162,1.073352525272995,1.070290255336368,1.0615456050321594
5163,1.073352525272995,1.0699957589458584,1.0635901504045713
5164,1.073352525272995,1.0698421200013504,1.0588064443484915
5165,1.073352525272995,1.0701131813617808,1.0632388535033988
5166,1.073352525272995,1.0700322448710347,1.0585940896603918
5167,1.073352525272995,1.0704618865720625,1.0644820340184977
5168,1.073352525272995,1.0704694932004528,1.0599921945365032
5169,1.073352525272995,1.0704588657363636,1.0569099676395048
5170,1.073352525272995,1.0694728891599052,1.0552955057755455
5171,1.073352525272995,1.0690227238187413,1.0605676062566425
5172,1.073352525272995,1.069285526485404,1.0510905865283915
5173,1.073352525272995,1.069832370815357,1.0589355911651703
5174,1.073352525272995,1.0696926472928225,1.0648457816039363
5175,1.073352525272995,1.0698056867820058,1.0633397084297842
5176,1.073352525272995,1.0705563838442176,1.0643822686621158
5177,1.073352525272995,1.070482451260209,1.0655784675108348
5178,1.073352525272995,1.0707279300443164,1.0607590482680922
5179,1.073352525272995,1.0701632674050305,1.0629639385138203
5180,1.073352525272995,1.0712565413480246,1.0679277147121924
5181,1.073352525272995,1.071272701391252,1.0655296454501133
5182,1.073352525272995,1.0712762492003083,1.0648294529546227
5183,1.073352525272995,1.0710735425196267,1.062918083939083
5184,1.073352525272995,1.0711163193419169,1.0668089372500067
5185,1.073352525272995,1.0710137533620676,1.0649570382253677
5186,1.073352525272995,1.0709762964150293,1.0622433802933338
5187,1.073352525272995,1.0707949558157628,1.0608124108176868
5188,1.073352525272995,1.0711496881696307,1.0639109083507163
5189,1.073352525272995,1.0710702851758611,1.0656016544352134
5190,1.073352525272995,1.07076440206753,1.0642489548682816
5191,1.073352525272995,1.0709276479840266,1.0639867391023725
5192,1.073352525272995,1.0705343110531422,1.059968251454862
5193,1.073352525272995,1.0706230938019186,1.0612129292847539
5194,1.073352525272995,1.0703538448405496,1.0643868393880445
5195,1.073352525272995,1.070716489249636,1.0650878653638576
5196,1.073352525272995,1.0705945848223466,1.0662860121083164
5197,1.073352525272995,1.0702961759107226,1.0642950443934862
5198,1.073352525272995,1.0705887084674275,1.0600798206036106
5199,1.073352525272995,1.0701070597332438,1.0596788355818874
5200,1.073352525272995,1.0697525975487863,1.0615368085549755
5201,1.073352525272995,1.069101857204693,1.0564819246147812
5202,1.073352525272995,1.0690026514168938,1.0577731106023815
5203,1.073352525272995,1.0695173435277452,1.0627526677239816
5204,1.073352525272995,1.0699863342086409,1.0619838220550957
5205,1.073352525272995,1.0707794998942077,1.0654974651302986
5206,1.073352525272995,1.070892858045012,1.066469569341388
5207,1.073352525272995,1.0708706885742136,1.0631662775035626
5208,1.073352525272995,1.0703021271349757,1.063113200409736
5209,1.073352525272995,1.0701813272001983,1.0604786696246424
5210,1.073352525272995,1.0706218484432295,1.059884293943331
5211,1.073352525272995,1.070630686378086,1.0640341498918726
5212,1.073352525272995,1.0706543913732232,1.058804665791635
5213,1.073352525272995,1.0711321958332618,1.0669687428422465
5214,1.073352525272995,1.0702075447037709,1.0570330712213383
5215,1.073352525272995,1.0702389038029105,1.0526774878948808
5216,1.073352525272995,1.0693339010178946,1.0572950389491451
5217,1.073352525272995,1.0695840199436597,1.0617150315650594
5218,1.073352525272995,1.0706241297277257,1.0637918205712151
5219,1.073352525272995,1.070867914649668,1.0620502093049153
5220,1.073352525272995,1.0709073066183448,1.063678617789697
5221,1.073352525272995,1.0695877261975406,1.0512757344506407
5222,1.073352525272995,1.0684403400597415,1.0599865713985097
5223,1.073352525272995,1.0679846293897846,1.05896401960911
5224,1.073352525272995,1.0682914656838192,1.0600372176734334
5225,1.073352525272995,1.0688709976685005,1.0544673380874034
5226,1.073352525272995,1.0684861709802922,1.0547156553683847
5227,1.073352525272995,1.0676984535779104,1.0430765680746916
5228,1.073352525272995,1.068896259421048,1.0544540848052009
5229,1.073352525272995,1.0681705778772963,1.0599393727759692
5230,1.073352525272995,1.068832944338237,1.058337767271823
5231,1.073352525272995,1.0693813100924132,1.0605256298870909
5232,1.073352525272995,1.0691998849020714,1.0578336992317776
5233,1.073352525272995,1.069237247872623,1.0500641971736986
5234,1.073352525272995,1.0692683715922073,1.0580921196517594
5235,1.073352525272995,1.0703248354003512,1.0627434198280987
5236,1.073352525272995,1.070552839035316,1.0623027405982448
5237,1.073352525272995,1.0703376225756829,1.0637729736121773
5238,1.073352525272995,1.0704601590558436,1.065282342717956
5239,1.073352525272995,1.0705458307867868,1.0592500172879338
5240,1.073352525272995,1.0705380091194112,1.0634256451602804
5241,1.073352525272995,1.0703673621932952,1.0543238943921407
5242,1.073352525272995,1.0702321824781922,1.0608262863475189
5243,1.073352525272995,1.0705170138797744,1.0579416981435936
5244,1.073352525272995,1.0707013171262676,1.0651369320815565
5245,1.073352525272995,1.0706058562855967,1.0665397144221886
5246,1.073352525272995,1.0705376589783517,1.063817744427158
5247,1.073352525272995,1.0712822173257448,1.0663265071225438
5248,1.073352525272995,1.0711206893756227,1.0642718971425886
5249,1.073352525272995,1.0712037959308782,1.065686069163136
5250,1.073352525272995,1.0709386229094093,1.0626167546013665
5251,1.073352525272995,1.0704162188153452,1.0620354804992034
5252,1.073352525272995,1.0711063207223923,1.0662339668756435
5253,1.073352525272995,1.0707060462790334,1.0659000966875878
5254,1.073352525272995,1.0700807020972287,1.0627032114091133
5255,1.073352525272995,1.0700357233213245,1.0627026089420535
5256,1.073352525272995,1.070078342941408,1.062311904987254
5257,1.073352525272995,1.0696838984921124,1.0619705107609934
5258,1.073352525272995,1.069324220626076,1.0582977167583807
5259,1.073352525272995,1.0696845675164446,1.059889184539446
5260,1.073352525272995,1.0699427472646328,1.053947731468127
5261,1.073352525272995,1.0699852207156322,1.065276623120304
5262,1.073352525272995,1.0701437215218252,1.0603816020171781
5263,1.073352525272995,1.0699860130920265,1.0584117621951865
5264,1.073352525272995,1.070304848044215,1.0637668717216728
5265,1.073352525272995,1.0704869994821318,1.0647812454434025
5266,1.073352525272995,1.0703988545779821,1.0651709113217884
5267,1.073352525272995,1.069940379844196,1.0606286317111397
5268,1.073352525272995,1.0699651279489337,1.0619013069406544
5269,1.073352525272995,1.0698453859272024,1.0627801764992255
5270,1.073352525272995,1.0700640023696262,1.0550171631971816
5271,1.073352525272995,1.0705257836048232,1.0587500764031148
5272,1.073352525272995,1.070313985537602,1.064212257935987
5273,1.073352525272995,1.0700777809365287,1.0580427449931042
5274,1.073352525272995,1.0708350416923198,1.0625412274947175
5275,1.073352525272995,1.0705079752378996,1.064062511231458
5276,1.073352525272995,1.0699981073938796,1.0633761818268666
5277,1.073352525272995,1.0697495856959072,1.0598689637062328
5278,1.073352525272995,1.0696554780660206,1.0606797157360286
5279,1.073352525272995,1.0690415087413967,1.0567026037203615
5280,1.073352525272995,1.0688616931117565,1.0581404704789428
5281,1.073352525272995,1.0689546672193264,1.0613620113533746
5282,1.073352525272995,1.0694477394002384,1.0566871783057257
5283,1.073352525272995,1.0696060333250068,1.0550189293558527
5284,1.073352525272995,1.0694020890818046,1.0593954270952106
5285,1.073352525272995,1.06968447576584,1.0523243737695762
5286,1.073352525272995,1.070258509399719,1.0604203447056402
5287,1.073352525272995,1.0703256422895837,1.0614862546747432
5288,1.073352525272995,1.0711029575703457,1.0667423141397128
5289,1.073352525272995,1.0709452940111104,1.0645147937401886
5290,1.073352525272995,1.070803379730108,1.0664363223311142
5291,1.073352525272995,1.0707770407462511,1.056729805552217
5292,1.073352525272995,1.0707351656038742,1.065229233073449
5293,1.073352525272995,1.070999733797404,1.0642098515215124
5294,1.073352525272995,1.0705932301267738,1.0619409439386542
5295,1.073352525272995,1.0709168592323572,1.0569081396527826
5296,1.073352525272995,1.0707158203715061,1.06334717675374
5297,1.073352525272995,1.070821513618648,1.0676020461452274
5298,1.073352525272995,1.071130009867027,1.0666844692912312
5299,1.073352525272995,1.0710887141482353,1.0649545258841426
5300,1.073352525272995,1.071291355028003,1.0606363098078424
5301,1.073352525272995,1.0717146453859556,1.065569738694524
5302,1.073352525272995,1.0711855243819228,1.0656192928197032
5303,1.073352525272995,1.0707346389390506,1.0653707690661476
5304,1.073352525272995,1.0702097512749065,1.044614565238925
5305,1.073352525272995,1.0695526727443159,1.059006495496436
5306,1.073352525272995,1.0698498426737908,1.0589293943594213
5307,1.073352525272995,1.0701163190710619,1.062989071606505
5308,1.073352525272995,1.0705984205562151,1.0644207641101335
5309,1.073352525272995,1.0708278308930756,1.0635235948126263
5310,1.073352525272995,1.0709603093570197,1.0632823521022818
5311,1.073352525272995,1.0712860948759102,1.0673998980507178
5312,1.073352525272995,1.0712133233981558,1.0625462809907864
5313,1.073352525272995,1.0705869515022213,1.0647641067493963
5314,1.073352525272995,1.0701201148234207,1.0630311840561184
5315,1.073352525272995,1.0705701106837477,1.0640212298096277
5316,1.073352525272995,1.0704455069148064,1.0598165563771524
5317,1.073352525272995,1.0707237218963033,1.0633477079326759
5318,1.073352525272995,1.0714569897015827,1.0664968993361459
5319,1.073352525272995,1.0715442584638168,1.0637083624297845
5320,1.073352525272995,1.0711712156162534,1.0661149589879702
5321,1.073352525272995,1.0709954069889394,1.0648707515213405
5322,1.073352525272995,1.071167214586426,1.0660023522312474
5323,1.073352525272995,1.0705142875994884,1.0595841669154296
5324,1.073352525272995,1.0706108508597743,1.0654214734503178
5325,1.073352525272995,1.0701043814180335,1.0623115078056404
5326,1.073352525272995,1.0701262227307802,1.0645506892576304
5327,1.073352525272995,1.0702580733139926,1.0642591545214586
5328,1.073352525272995,1.0704069901526783,1.0603658824257791
5329,1.073352525272995,1.0695311519139024,1.0613430774968422
5330,1.073352525272995,1.0702369049758673,1.0633889671099173
5331,1.073352525272995,1.0702140697812594,1.0638836792262296
5332,1.073352525272995,1.0698617075089614,1.0615952238637258
5333,1.073352525272995,1.0692726368962795,1.0517835547240757
5334,1.073352525272995,1.0696155332694786,1.0612513886401413
5335,1.073352525272995,1.069653088760288,1.059389592574274
5336,1.073352525272995,1.069781763681714,1.0577399598640662
5337,1.073352525272995,1.0694408206095583,1.0617497446181225
5338,1.073352525272995,1.070281527463383,1.0658284949826116
5339,1.073352525272995,1.0706976591517379,1.060923672141673
5340,1.073352525272995,1.0703343620896668,1.0601565110366675
5341,1.073352525272995,1.0702126316977791,1.0591568452493907
5342,1.073352525272995,1.0704737404104905,1.063034410293596
5343,1.073352525272995,1.070726822379134,1.06242463226876
5344,1.073352525272995,1.0708141836781528,1.0634894895173452
5345,1.073352525272995,1.0703858226223322,1.064228157436185
5346,1.073352525272995,1.0701684371901077,1.0554586908023496
5347,1.073352525272995,1.0703187218755217,1.062410491576805
5348,1.073352525272995,1.0705308156451323,1.0644428497909464
5349,1.073352525272995,1.0700966573381063,1.056976909264968
5350,1.073352525272995,1.0701499368752638,1.0619969165564875
5351,1.073352525272995,1.0703760899390853,1.0671255543695413
5352,1.073352525272995,1.070909538051456,1.0661301523515978
5353,1.073352525272995,1.0711414654311326,1.0648462699556793
5354,1.073352525272995,1.071138027621962,1.06328843819179
5355,1.073352525272995,1.071510338753811,1.0633554717612508
5356,1.073352525272995,1.071752684346293,1.0675221156273162
5357,1.073352525272995,1.07150025271542,1.0677653313504605
5358,1.073352525272995,1.0712987232439308,1.0532007273901265
5359,1.073352525272995,1.070932546927893,1.0640977333188124
5360,1.073352525272995,1.0705797304013283,1.0577727943628539
5361,1.073352525272995,1.0702234510750406,1.0622913802806893
5362,1.073352525272995,1.0710025935166256,1.063896683224841
5363,1.073352525272995,1.07041712091144,1.0628984726353223
5364,1.073352525272995,1.0708722454728532,1.0600662566074563
5365,1.073352525272995,1.0710769697839482,1.065558050644994
5366,1.073352525272995,1.0710930940774888,1.0669660742404958
5367,1.073352525272995,1.0710968883874556,1.0682452859490406
5368,1.073352525272995,1.0709217483576703,1.0617739257794794
5369,1.073352525272995,1.0708462177108375,1.0630960430956895
5370,1.073352525272995,1.0701653184681243,1.0559026855897389
5371,1.073352525272995,1.0704189512679987,1.0628016264061277
5372,1.073352525272995,1.070266945731822,1.0652384599980864
5373,1.073352525272995,1.0704511832699448,1.0634487192204054
5374,1.073352525272995,1.0703561583397805,1.0583093017501053
5375,1.073352525272995,1.0706405582982301,1.0646909709261871
5376,1.073352525272995,1.0709723368701984,1.0656390629699934
5377,1.073352525272995,1.0708976910306274,1.0658868211152035
5378,1.073352525272995,1.0708003532942716,1.0642905075526257
5379,1.073352525272995,1.0705760669654618,1.0652308425410528
5380,1.073352525272995,1.0703112813088673,1.0621522005773434
5381,1.073352525272995,1.0700970674778638,1.0584240578756356
5382,1.073352525272995,1.069716628527869,1.061536763831852
5383,1.073352525272995,1.0706883710524715,1.0642214782481
5384,1.073352525272995,1.071243660211113,1.066594339409951
5385,1.073352525272995,1.0711791025278032,1.0660154768368737
5386,1.073352525272995,1.0713962352895994,1.0668650653465979
5387,1.073352525272995,1.0713211164204495,1.0643103417661954
5388,1.073352525272995,1.0712517672801558,1.066953030269595
5389,1.073352525272995,1.0709764315672434,1.0653944243260898
5390,1.073352525272995,1.0707908331064122,1.0600302156916466
5391,1.073352525272995,1.0712476426679152,1.0649365565183984
5392,1.073352525272995,1.0711678685520583,1.0642000680421182
5393,1.073352525272995,1.0715419621392148,1.0638089386209129
5394,1.073352525272995,1.07156710066644,1.0667813995491153
5395,1.073352525272995,1.0718709063976057,1.0666905079536122
5396,1.073352525272995,1.0717194979449423,1.0636920341704013
5397,1.073352525272995,1.0717189688111608,1.0684442397458456
5398,1.073352525272995,1.0709147245479171,1.063626580918609
5399,1.073352525272995,1.0703853608248837,1.064209779979789
5400,1.073352525272995,1.0700390673384776,1.0585387263889987
5401,1.073352525272995,1.069806485980798,1.0603200469639003
5402,1.073352525272995,1.0699223046439392,1.0607729363538332
5403,1.073352525272995,1.0704489926585818,1.0647859133202844
5404,1.073352525272995,1.0706049516471279,1.0609727146631163
5405,1.073352525272995,1.0697976449939863,1.0513202828869688
5406,1.073352525272995,1.0697349516489227,1.0591621977872485
5407,1.073352525272995,1.0701536173035118,1.0614188044847381
5408,1.073352525272995,1.0699499467194555,1.061291434217304
5409,1.073352525272995,1.0693759901219153,1.0527242913268666
5410,1.073352525272995,1.0690939578477736,1.0542156471364896
5411,1.073352525272995,1.069390365115656,1.0620544552556705
5412,1.073352525272995,1.0695727228564431,1.063014210602011
5413,1.073352525272995,1.0699823275334264,1.0630124654973114
5414,1.073352525272995,1.0699442281100715,1.0632009166420127
5415,1.073352525272995,1.0698707175050828,1.061989060030906
5416,1.073352525272995,1.0696559862036923,1.057848994475186
5417,1.073352525272995,1.0703561474099752,1.064870869028392
5418,1.073352525272995,1.0705738035496983,1.064772614094109
5419,1.073352525272995,1.070708774204233,1.0633448577783484
5420,1.073352525272995,1.0703453894494652,1.0633360134445589
5421,1.073352525272995,1.0704529190150966,1.0542813702859313
5422,1.073352525272995,1.0700763769786024,1.0604136117456675
5423,1.073352525272995,1.0703073679674429,1.0648233270153051
5424,1.073352525272995,1.071046030728875,1.0647162575613371
5425,1.073352525272995,1.0705805056014839,1.0636537526737682
5426,1.073352525272995,1.0708146170383717,1.0613510725226067
5427,1.073352525272995,1.070675746974174,1.063620839215138
5428,1.073352525272995,1.0713507908599749,1.0664090535920006
5429,1.073352525272995,1.0719218839382256,1.0690745533756747
5430,1.073352525272995,1.0716099827088963,1.0676670196293432
5431,1.073352525272995,1.0713447137314598,1.0669790860029273
5432,1.073352525272995,1.0712109151440508,1.0648512763657132
5433,1.073352525272995,1.0705940036782413,1.0577690212497002
5434,1.073352525272995,1.0700538255204706,1.0559241170676805
5435,1.073352525272995,1.0703527371738302,1.0629212926186653
5436,1.073352525272995,1.0693179135162212,1.0574036291410107
5437,1.073352525272995,1.069437425446182,1.0634946788326058
5438,1.073352525272995,1.0701130332480133,1.063572571740738
5439,1.073352525272995,1.0706102955926635,1.0631411772678265
5440,1.073352525272995,1.071023462927897,1.065114025207393
5441,1.073352525272995,1.0715002698572444,1.067191865096585
5442,1.073352525272995,1.0714862778812295,1.068345201095027
5443,1.073352525272995,1.0713384791261296,1.0650764574988167
5444,1.073352525272995,1.0714408039250385,1.0664153019130924
5445,1.073352525272995,1.0713037502677272,1.0658435912848394
5446,1.073352525272995,1.0710518915412934,1.0646542171713573
5447,1.073352525272995,1.0704540259607733,1.0599182688578905
5448,1.073352525272995,1.0706613261433062,1.0570176731144056
5449,1.073352525272995,1.069687153443211,1.0585696694615052
5450,1.073352525272995,1.069520422181377,1.0542533433289942
5451,1.073352525272995,1.0693314698776681,1.0592398755128534
5452,1.073352525272995,1.069613962697144,1.0582246726694482
5453,1.073352525272995,1.0696711621350758,1.0606191953362973
5454,1.073352525272995,1.069340366962124,1.056761396798441
5455,1.073352525272995,1.0686802814771257,1.0483647803622245
5456,1.073352525272995,1.069074561135252,1.0582309054631065
5457,1.073352525272995,1.0694548953420138,1.0614265130412317
5458,1.073352525272995,1.06966617344536,1.0635612397053382
5459,1.073352525272995,1.0695520786538446,1.063667829635195
5460,1.073352525272995,1.0694863949421434,1.0623667899510745
5461,1.073352525272995,1.0692139050242198,1.0632475493328655
5462,1.073352525272995,1.0694643894394793,1.0630372029041504
5463,1.073352525272995,1.069711380560012,1.0611593893837976
5464,1.073352525272995,1.070062924612902,1.063006601071296
5465,1.073352525272995,1.0699126052240195,1.0562075165377354
5466,1.073352525272995,1.069891835856488,1.0630498369876733
5467,1.073352525272995,1.0710379519946016,1.0646885656699552
5468,1.073352525272995,1.071004360622049,1.06581065572778
5469,1.073352525272995,1.0709956996226626,1.0606328817880386
5470,1.073352525272995,1.0710514445571657,1.064602177409203
5471,1.073352525272995,1.0710679719954217,1.0654510595177888
5472,1.073352525272995,1.0713772996276365,1.065307564739787
5473,1.073352525272995,1.0713818020441503,1.0613795636501109
5474,1.073352525272995,1.0713265504595282,1.0673054271950873
5475,1.073352525272995,1.0713710416901292,1.059917543248234
5476,1.073352525272995,1.0707743928868687,1.0612650902780776
5477,1.073352525272995,1.0713743712408188,1.0643267788170223
5478,1.073352525272995,1.071352169145297,1.0636774994944427
5479,1.073352525272995,1.0705566495210412,1.0548760512628597
5480,1.073352525272995,1.0707662963371165,1.057848968905697
5481,1.073352525272995,1.0711228388484422,1.0661915938475492
5482,1.073352525272995,1.0715419713416887,1.0672115915084168
5483,1.073352525272995,1.0717656860553448,1.068132292333579
5484,1.073352525272995,1.0713656562586598,1.0673646535042711
5485,1.073352525272995,1.0708053868079586,1.062493819606927
5486,1.073352525272995,1.0707865629326008,1.0586139625341715
5487,1.073352525272995,1.0711999708231636,1.0626812525325164
5488,1.073352525272995,1.0707012945181154,1.0658566644428062
5489,1.073352525272995,1.0712765504321258,1.064703546072012
5490,1.073352525272995,1.070838406550066,1.0595024760739205
5491,1.073352525272995,1.0708450295395497,1.0663381557180205
5492,1.073352525272995,1.070959415580823,1.0660045928621478
5493,1.073352525272995,1.0712456109269828,1.0675401375158386
5494,1.073352525272995,1.0711974578465728,1.0639905475526723
5495,1.073352525272995,1.0713045847730356,1.0646633084308998
5496,1.073352525272995,1.0708611551247849,1.0652582808811957
5497,1.073352525272995,1.0709537270820138,1.064541213088332
5498,1.073352525272995,1.07062842836608,1.0628600053797082
5499,1.073352525272995,1.0708286958683384,1.0593912073114031
5500,1.073352525272995,1.0708745506734563,1.0643436034039164
5501,1.073352525272995,1.070899349864611,1.0660069317580447
5502,1.073352525272995,1.070785627509768,1.0644206137329764
5503,1.073352525272995,1.0704263057613042,1.0632841976166842
5504,1.073352525272995,1.069913323470007,1.0538663579489556
5505,1.073352525272995,1.0693878881211232,1.0616887793045453
5506,1.073352525272995,1.0694667083237277,1.05831458311809
5507,1.073352525272995,1.0699540772867755,1.0646448221881157
5508,1.073352525272995,1.0702257770883998,1.0633846234010613
5509,1.073352525272995,1.070369024064358,1.0645790313874395
5510,1.073352525272995,1.0709240988087412,1.0630614945519725
5511,1.073352525272995,1.070649274461769,1.0616989343877647
5512,1.073352525272995,1.070779343064224,1.066212000005425
5513,1.073352525272995,1.0702043536053836,1.0532762776703999
5514,1.073352525272995,1.0694507659203694,1.05627722946469
5515,1.073352525272995,1.0695974081118318,1.0568178589347599
5516,1.073352525272995,1.0698631341536455,1.0591146033147028
5517,1.073352525272995,1.0701064379722722,1.0634225559965478
5518,1.073352525272995,1.0701706501444281,1.055263571025943
5519,1.073352525272995,1.0703424139842177,1.0656348879893858
5520,1.073352525272995,1.0701803455113008,1.064578843803528
5521,1.073352525272995,1.070266783308523,1.0630728848767634
5522,1.073352525272995,1.0702976179465902,1.0570504342573463
5523,1.073352525272995,1.0699844786497141,1.0616017254562626
5524,1.073352525272995,1.0697988868885266,1.0623824476969752
5525,1.073352525272995,1.0704329933081456,1.0616174604050044
5526,1.073352525272995,1.0699648533003607,1.054787904497352
5527,1.073352525272995,1.0701401411756715,1.0539849805633095
5528,1.073352525272995,1.0698746258003484,1.0437002707455139
5529,1.073352525272995,1.0701388830253475,1.0551773202777375
5530,1.073352525272995,1.0707900196495728,1.065726246142887
5531,1.073352525272995,1.070465290931094,1.0584279246283983
5532,1.073352525272995,1.0687223701918753,1.0560256584587062
5533,1.073352525272995,1.0690982879684747,1.0606253183092578
5534,1.073352525272995,1.069847700099113,1.0611662711135539
5535,1.073352525272995,1.0709370604297888,1.0645211902691245
5536,1.073352525272995,1.0711811057565135,1.0619595733499563
5537,1.073352525272995,1.0708440750200685,1.0570814694472308
5538,1.073352525272995,1.0709475905376113,1.0660734869043913
5539,1.073352525272995,1.07131664746491,1.0644870122930843
5540,1.073352525272995,1.0711308721352781,1.0668661758650644
5541,1.073352525272995,1.071011071834365,1.0667383267370716
5542,1.073352525272995,1.0712526257460357,1.0656345870873751
5543,1.073352525272995,1.071317107178094,1.0627803257469775
5544,1.073352525272995,1.0710456113856752,1.0641400097964882
5545,1.073352525272995,1.0706079588309418,1.0623030587613986
5546,1.073352525272995,1.070363329283749,1.065980924086137
5547,1.073352525272995,1.0701851456667115,1.065705760524994
5548,1.073352525272995,1.0701921251268636,1.0627809160109438
5549,1.073352525272995,1.070084173524414,1.0632063629120272
5550,1.073352525272995,1.0703589097370478,1.0620253414420278
5551,1.073352525272995,1.070445514612653,1.0634632842224512
5552,1.073352525272995,1.0703491793570468,1.0593077339080712
5553,1.073352525272995,1.06981416656042,1.0626449700858933
5554,1.073352525272995,1.069367055560093,1.0625745185188062
5555,1.073352525272995,1.069763253505389,1.0570007186705892
5556,1.073352525272995,1.06943927859639,1.0635195978707876
5557,1.073352525272995,1.069587230613854,1.0294966222793462
5558,1.073352525272995,1.0682617672795742,1.0504058942585228
5559,1.073352525272995,1.0673582498113208,1.0448379431597803
5560,1.073352525272995,1.0667778604363922,1.0537341681322434
5561,1.073352525272995,1.067250780026957,1.0487160378112015
5562,1.073352525272995,1.0693245390268793,1.057148780761589
5563,1.073352525272995,1.0694864727393918,1.0598151672742586
5564,1.073352525272995,1.0703111522141469,1.0558042579935918
5565,1.073352525272995,1.0709735452049618,1.0593720135322566
5566,1.073352525272995,1.0707501500629442,1.066256063039153
5567,1.073352525272995,1.070897712382889,1.0624282687036775
5568,1.073352525272995,1.070012865636607,1.0576252955228997
5569,1.073352525272995,1.0691434692564021,1.0545308643731302
5570,1.073352525272995,1.0698588491585581,1.0613036021398305
5571,1.073352525272995,1.0700907714891266,1.0627518847452535
5572,1.073352525272995,1.0697414328312398,1.0536998529263717
5573,1.073352525272995,1.0703537795234448,1.0584431708877204
5574,1.073352525272995,1.0701160258863194,1.062063235753146
5575,1.073352525272995,1.0697777751993707,1.0604289954704265
5576,1.073352525272995,1.0696099149309892,1.0620324968218973
5577,1.073352525272995,1.0693167431793902,1.0582646658123347
5578,1.073352525272995,1.0686081112195882,1.0502544392830742
5579,1.073352525272995,1.0684594951858726,1.0522990266070464
5580,1.073352525272995,1.068704874289975,1.0388157029093943
5581,1.073352525272995,1.068299728138672,1.0562635232577398
5582,1.073352525272995,1.068628726896754,1.054055390380399
5583,1.073352525272995,1.0690248863239158,1.0622726121062067
5584,1.073352525272995,1.0684255642985536,1.0536961561081228
5585,1.073352525272995,1.0678689217090314,1.0601343845586786
5586,1.073352525272995,1.068896336610355,1.0535451962548503
5587,1.073352525272995,1.0690842643375666,1.057538595590302
5588,1.073352525272995,1.0697872703234805,1.0592935464921247
5589,1.073352525272995,1.0699984349709686,1.061145705004087
5590,1.073352525272995,1.070460650518183,1.0623500362453586
5591,1.073352525272995,1.0707427635997617,1.0635560395994985
5592,1.073352525272995,1.0713704218932127,1.0652741916318023
5593,1.073352525272995,1.0716400219304663,1.065845644526614
5594,1.073352525272995,1.071352572584025,1.0618331997946566
5595,1.073352525272995,1.0706715998755316,1.060122105072223
5596,1.073352525272995,1.069380322761153,1.0397082631227537
5597,1.073352525272995,1.0700071641871494,1.059565087006003
5598,1.073352525272995,1.069906275467684,1.0625149925877322
5599,1.073352525272995,1.0701012890840687,1.0592910672241649
5600,1.073352525272995,1.0698495957440475,1.0633218371370856
5601,1.073352525272995,1.0690384481569468,1.0586765718327853
5602,1.073352525272995,1.0694413852564244,1.0619686868811966
5603,1.073352525272995,1.0692366967617581,1.0625595975511728
5604,1.073352525272995,1.0691647194274416,1.0540688655851178
5605,1.073352525272995,1.0688719232142139,1.0615317276100698
5606,1.073352525272995,1.0690107683418828,1.0622551018931632
5607,1.073352525272995,1.068792985246645,1.0636415895541853
5608,1.073352525272995,1.0682001766908578,1.0562120840716642
5609,1.073352525272995,1.0681309739912566,1.0619831799349688
5610,1.073352525272995,1.0687635084705454,1.0594812913919198
5611,1.073352525272995,1.0686605214374718,1.0601435045119338
5612,1.073352525272995,1.0687548551741521,1.058261279983202
5613,1.073352525272995,1.0693841187473365,1.0611427062542957
5614,1.073352525272995,1.0693921495397687,1.0601687635870025
5615,1.073352525272995,1.0696887833169928,1.0596374025026825
5616,1.073352525272995,1.0699069382491637,1.0614642219951864
5617,1.073352525272995,1.070117363118967,1.061423119958964
5618,1.073352525272995,1.069818378459337,1.0608691147368177
5619,1.073352525272995,1.069699773040665,1.0563542174386864
5620,1.073352525272995,1.0700187096010283,1.0553830653483516
5621,1.073352525272995,1.0698101486880431,1.064315303382089
5622,1.073352525272995,1.0693959711460628,1.0456077143669793
5623,1.073352525272995,1.0690220685491094,1.0588384005889222
5624,1.073352525272995,1.0695134182896577,1.0598777234773225
5625,1.073352525272995,1.0694738826707115,1.055708116097208
5626,1.073352525272995,1.068784429388711,1.0537571744087708
5627,1.073352525272995,1.068354553157341,1.0605056184279231
5628,1.073352525272995,1.0681019211099407,1.0606707160707871
5629,1.073352525272995,1.0681687610611208,1.0579168284877054
5630,1.073352525272995,1.0683147490449239,1.0592699434733348
5631,1.073352525272995,1.06814854821093,1.0628191526095145
5632,1.073352525272995,1.0691703264937653,1.0519650116779409
5633,1.073352525272995,1.0685205442573384,1.0593655422549704
5634,1.073352525272995,1.0678207076628201,1.0501610096116325
5635,1.073352525272995,1.0660813630024484,1.0506219372657042
5636,1.073352525272995,1.066266086414834,1.0369176255942179
5637,1.073352525272995,1.065123060969696,1.045336467941612
5638,1.073352525272995,1.0650097339467788,1.0558819957587953
5639,1.073352525272995,1.0656568813270682,1.0505360881746733
5640,1.073352525272995,1.0658951657077715,1.057012689207241
5641,1.073352525272995,1.065812144213259,1.0584927922903697
5642,1.073352525272995,1.0667892186231027,1.0525576213316756
5643,1.073352525272995,1.0670677047255903,1.0512568172525283
5644,1.073352525272995,1.0674775124629494,1.0499763255790446
5645,1.073352525272995,1.0672193555641,1.0556936636169922
5646,1.073352525272995,1.0678537325483413,1.0558416916422346
5647,1.073352525272995,1.0683214494598117,1.0410503664598023
5648,1.073352525272995,1.068453913636755,1.0482481902815297
5649,1.073352525272995,1.0680246410261989,1.0575552515890159
5650,1.073352525272995,1.0690431565660061,1.0599254575735753
5651,1.073352525272995,1.0685296480238584,1.058706305109708
5652,1.073352525272995,1.068490543168892,1.046423542786548
5653,1.073352525272995,1.0686021341316092,1.058268232853008
5654,1.073352525272995,1.0685538951276445,1.0570040169218222
5655,1.073352525272995,1.0702888519369795,1.0631215537454182
5656,1.073352525272995,1.0701528609931474,1.056698909610437
5657,1.073352525272995,1.0693684748461252,1.0589486652674416
5658,1.073352525272995,1.068702788155656,1.0379204491806713
5659,1.073352525272995,1.0691836143622286,1.0546966850839348
5660,1.073352525272995,1.0691412075134803,1.0626430176675805
5661,1.073352525272995,1.0694028718880366,1.0537719205991827
5662,1.073352525272995,1.0688490161460995,1.0600809777867504
5663,1.073352525272995,1.0684431712337423,1.0605060712093028
5664,1.073352525272995,1.0689264512685108,1.052712847298222
5665,1.073352525272995,1.0678077625917515,1.0571201036954765
5666,1.073352525272995,1.068692023898777,1.054102246570121
5667,1.073352525272995,1.0691038289673502,1.0565566579964192
5668,1.073352525272995,1.0697976883261846,1.0629768964106723
5669,1.073352525272995,1.0690815409004721,1.0570412413265537
5670,1.073352525272995,1.0679207391170615,1.0411159852131964
5671,1.073352525272995,1.0679290389433747,1.053857416062505
5672,1.073352525272995,1.0699020686887055,1.0613657044901705
5673,1.073352525272995,1.0696240694289336,1.0616506405415498
5674,1.073352525272995,1.0694702716545863,1.0544289355052996
5675,1.073352525272995,1.0681646390472288,1.0469827725435705
5676,1.073352525272995,1.0680565344030788,1.051522395644394
5677,1.073352525272995,1.06903699668165,1.0560706622221305
5678,1.073352525272995,1.0685890161122438,1.0522363661247127
5679,1.073352525272995,1.068378127538589,1.059625820485947
5680,1.073352525272995,1.069090755998352,1.0551060579823262
5681,1.073352525272995,1.0693009031326461,1.060525712450322
5682,1.073352525272995,1.0701076167770358,1.0651026367198155
5683,1.073352525272995,1.0707212017811791,1.061753349545265
5684,1.073352525272995,1.0710572333225195,1.0660938552546781
5685,1.073352525272995,1.0713171567110624,1.0663957517745772
5686,1.073352525272995,1.0711944988429665,1.0619899361974787
5687,1.073352525272995,1.0707487129373852,1.0630028407428418
5688,1.073352525272995,1.0708255665758273,1.0635371743677244
5689,1.073352525272995,1.0709743127122018,1.062747950032104
5690,1.073352525272995,1.0712096882464095,1.0653324992237678
5691,1.073352525272995,1.0706932082427008,1.0638854413771839
5692,1.073352525272995,1.0706333196294182,1.0642305726401773
5693,1.073352525272995,1.0707402020517578,1.066163907277038
5694,1.073352525272995,1.071093574769061,1.0680348591592266
5695,1.073352525272995,1.0714452833308743,1.064946821067201
5696,1.073352525272995,1.0707147659685203,1.0505939342285215
5697,1.073352525272995,1.070549255849494,1.058114725953054
5698,1.073352525272995,1.0707960302222916,1.0675981459253725
5699,1.073352525272995,1.0707549738009403,1.0638564703441138
5700,1.073352525272995,1.0702226480912058,1.0641780836217312
5701,1.073352525272995,1.0705092508363308,1.0625528848414056
5702,1.073352525272995,1.0708110282623435,1.064790651975824
5703,1.073352525272995,1.0706245098232678,1.0535830754542272
5704,1.073352525272995,1.070290498428093,1.0428597266614403
5705,1.073352525272995,1.0701867310311235,1.0594036704703884
5706,1.073352525272995,1.0698300619374383,1.0601219172732768
5707,1.073352525272995,1.0700248012205213,1.0637126459459663
5708,1.073352525272995,1.0700852836960508,1.0574670931841172
5709,1.073352525272995,1.0694419021673536,1.059958531272807
5710,1.073352525272995,1.0675088871559983,1.0372876543108331
5711,1.073352525272995,1.0666543823593508,1.0265021837151815
5712,1.073352525272995,1.0670567608028774,1.0522792099125722
5713,1.073352525272995,1.0671902802063438,1.0578766245065467
5714,1.073352525272995,1.068329390783477,1.061194535605294
5715,1.073352525272995,1.0700543189155538,1.0638338060311807
5716,1.073352525272995,1.0701237026481707,1.0632970826367472
5717,1.073352525272995,1.070193103271861,1.063971794516636
5718,1.073352525272995,1.0705626944583564,1.0664458917576618
5719,1.073352525272995,1.0709290972137884,1.0648958770334462
5720,1.073352525272995,1.0709067210868357,1.0576632618049864
5721,1.073352525272995,1.0704125529471178,1.052596015694704
5722,1.073352525272995,1.0696113456798817,1.058310861699727
5723,1.073352525272995,1.0702881920064593,1.0523801343725032
5724,1.073352525272995,1.0695703296429915,1.0632617978788144
5725,1.073352525272995,1.0698072521761957,1.063468659466711
5726,1.073352525272995,1.0700338441812942,1.0622602727841388
5727,1.073352525272995,1.0701727736148956,1.0643856598530264
5728,1.073352525272995,1.0701507524635323,1.061501988339673
5729,1.073352525272995,1.0702773733605442,1.0641172619528563
5730,1.073352525272995,1.0702264433577415,1.0549594880854443
5731,1.073352525272995,1.0704736697007777,1.0601239066474153
5732,1.073352525272995,1.069832346721092,1.0632093092837986
5733,1.073352525272995,1.0700867372423326,1.0631702841817736
5734,1.073352525272995,1.069896507332476,1.0598333288535717
5735,1.073352525272995,1.0695513223385276,1.0557219557423574
5736,1.073352525272995,1.0695765966646469,1.063430144887998
5737,1.073352525272995,1.0699772088160968,1.0628205665021748
5738,1.073352525272995,1.070080138801096,1.0640060983159887
5739,1.073352525272995,1.0697094143418175,1.0572502923939253
5740,1.073352525272995,1.0690334460574975,1.0501496512795545
5741,1.073352525272995,1.0695274653244267,1.0626452005907843
5742,1.073352525272995,1.069688742146998,1.0628543633229666
5743,1.073352525272995,1.0706733078547759,1.0585129980688948
5744,1.073352525272995,1.0716541442615688,1.0651657729884771
5745,1.073352525272995,1.0715334726356278,1.064393305056889
5746,1.073352525272995,1.0715741456871606,1.066878575537379
5747,1.073352525272995,1.0713518822690862,1.0667214197510313
5748,1.073352525272995,1.0711139459784598,1.0590910807201541
5749,1.073352525272995,1.070783949815776,1.064084771701646
5750,1.073352525272995,1.0712597766782808,1.064762231265019
5751,1.073352525272995,1.0707479999151064,1.0591980110895989
5752,1.073352525272995,1.0699485664874993,1.0592505911681287
5753,1.073352525272995,1.0705867050236666,1.0642444922196537
5754,1.073352525272995,1.0706474019441725,1.0651205743227332
5755,1.073352525272995,1.0707381781933933,1.0629625930376951
5756,1.073352525272995,1.0704907792997833,1.0651946597993762
5757,1.073352525272995,1.071157500138154,1.064880478562479
5758,1.073352525272995,1.0707698152042493,1.065338308773422
5759,1.073352525272995,1.071022027950384,1.0620513414796173
5760,1.073352525272995,1.070434160668394,1.0670373578155865
5761,1.073352525272995,1.0706537502869866,1.0668564229863122
5762,1.073352525272995,1.07088761829542,1.0644717438833284
5763,1.073352525272995,1.0701504025891382,1.0639405718954864
5764,1.073352525272995,1.0700390440561252,1.0602248496009334
5765,1.073352525272995,1.0696647360455391,1.0618116270435685
5766,1.073352525272995,1.0692463290555367,1.0592725025862655
5767,1.073352525272995,1.0687030830770612,1.0615209271502184
5768,1.073352525272995,1.0693151907092955,1.0625043786680617
5769,1.073352525272995,1.069450879039366,1.0599243188465084
5770,1.073352525272995,1.0696201716880898,1.0590092072476445
5771,1.073352525272995,1.0692837447295,1.0615996539038193
5772,1.073352525272995,1.0698604485450849,1.0597572421359835
5773,1.073352525272995,1.0694302533545172,1.0595453893845095
5774,1.073352525272995,1.0695198405480397,1.0620641760227354
5775,1.073352525272995,1.0700242023899207,1.0637647208808048
5776,1.073352525272995,1.0704116580984462,1.064524474985086
5777,1.073352525272995,1.0710017235800129,1.060916210344116
5778,1.073352525272995,1.0705558764948142,1.0644605160394314
5779,1.073352525272995,1.0702491877161677,1.0624364202026153
5780,1.073352525272995,1.0700718580101851,1.0595366091882883
5781,1.073352525272995,1.0705427015895455,1.0565481637546519
5782,1.073352525272995,1.0708908716254228,1.0593693086368745
5783,1.073352525272995,1.0710062600749917,1.0663078533627366
5784,1.073352525272995,1.0713993703754845,1.0678002395337949
5785,1.073352525272995,1.0711269482382964,1.0671868274370686
5786,1.073352525272995,1.070925353627971,1.0592684499422207
5787,1.073352525272995,1.0701497649064338,1.060805669213999
5788,1.073352525272995,1.0693471871426214,1.0564179303836734
5789,1.073352525272995,1.0702952349914394,1.0601811693305294
5790,1.073352525272995,1.0708786805534094,1.0658527345915074
5791,1.073352525272995,1.0706718399795243,1.0621131695597024
5792,1.073352525272995,1.0712710309923947,1.0656853282693024
5793,1.073352525272995,1.0713383992426684,1.0614550999410342
5794,1.073352525272995,1.070934976998205,1.0610546193434758
5795,1.073352525272995,1.0712147043773823,1.0631705811290697
5796,1.073352525272995,1.070936335019522,1.0617436439821968
5797,1.073352525272995,1.0707341658174787,1.066143305323477
5798,1.073352525272995,1.0702369391734814,1.062684199843826
5799,1.073352525272995,1.071059607390524,1.0662850461999878
5800,1.073352525272995,1.0706441678864165,1.0504010371146555
5801,1.073352525272995,1.0699713272157478,1.049066732483918
5802,1.073352525272995,1.0696005715117598,1.06252540922887
5803,1.073352525272995,1.0695331697946329,1.0602207696432884
5804,1.073352525272995,1.0704871151266218,1.0647836607791614
5805,1.073352525272995,1.0706770579705034,1.0615851555895999
5806,1.073352525272995,1.070816355526741,1.0645894633506738
5807,1.073352525272995,1.0707354903289836,1.0590821020300392
5808,1.073352525272995,1.0709768011328868,1.0605977783478133
5809,1.073352525272995,1.0707419904485087,1.0625680424274067
5810,1.073352525272995,1.070303655027789,1.0635097304508312
5811,1.073352525272995,1.0702160272117018,1.0610519338697753
5812,1.073352525272995,1.0704619062439358,1.0638335392719505
5813,1.073352525272995,1.0706704646841085,1.063265423120085
5814,1.073352525272995,1.0710279714933924,1.065083385253921
5815,1.073352525272995,1.0708314581659035,1.0648063333418394
5816,1.073352525272995,1.0702789183878323,1.061195757445355
5817,1.073352525272995,1.0700379012635406,1.0545075545277385
5818,1.073352525272995,1.0706515017400406,1.0654591744463282
5819,1.073352525272995,1.0706994792781834,1.066540406603691
5820,1.073352525272995,1.070611452103876,1.062801815660841
5821,1.073352525272995,1.0701120289458852,1.0655761723680912
5822,1.073352525272995,1.0703027528178766,1.0646766395517075
5823,1.073352525272995,1.0704337038059895,1.058817173134805
5824,1.073352525272995,1.0702709187373043,1.066502131100799
5825,1.073352525272995,1.0706994451692142,1.0632444684925186
5826,1.073352525272995,1.0702229579833755,1.047387786343873
5827,1.073352525272995,1.0705163918238878,1.063496316443005
5828,1.073352525272995,1.0698904651718941,1.0579017726379987
5829,1.073352525272995,1.0700153695988255,1.0636474034025802
5830,1.073352525272995,1.0706445244304887,1.0667589288517787
5831,1.073352525272995,1.0707264051883798,1.0661313937579886
5832,1.073352525272995,1.0710168615485265,1.065212461653445
5833,1.073352525272995,1.0700418965827574,1.0607112341847618
5834,1.073352525272995,1.0703296684414088,1.061177154176626
5835,1.073352525272995,1.0702549416416047,1.0594599820391621
5836,1.073352525272995,1.0699225189698751,1.0597137552168021
5837,1.073352525272995,1.0696060003839332,1.058862633245655
5838,1.073352525272995,1.0694551585589864,1.0608876840713064
5839,1.073352525272995,1.068797066920226,1.0603560939269112
5840,1.073352525272995,1.0692263675286038,1.06036480213052
5841,1.073352525272995,1.0700327749075893,1.061629655268392
5842,1.073352525272995,1.0698521909717493,1.062719908343835
5843,1.073352525272995,1.0699943038110347,1.0617168064590459
5844,1.073352525272995,1.0700063741058896,1.0635520036730444
5845,1.073352525272995,1.0699813509130025,1.0638456586515213
5846,1.073352525272995,1.0690527707173592,1.0553585545151316
5847,1.073352525272995,1.0696414635483615,1.061981155321683
5848,1.073352525272995,1.0700783329605332,1.060396037322075
5849,1.073352525272995,1.0705910952873277,1.0649083100978185
5850,1.073352525272995,1.07031094059051,1.0654298626196668
5851,1.073352525272995,1.0704317671974581,1.0656503859360775
5852,1.073352525272995,1.0709481932475535,1.0653954434944226
5853,1.073352525272995,1.070650350262563,1.065053047638007
5854,1.073352525272995,1.0707576840344684,1.0593288349688836
5855,1.073352525272995,1.0708091417432923,1.0643276077301496
5856,1.073352525272995,1.0695514018542094,1.0567074767445752
5857,1.073352525272995,1.0693397867002223,1.0574852168280022
5858,1.073352525272995,1.0702799958383145,1.056304542524663
5859,1.073352525272995,1.0699456264475349,1.053545863603243
5860,1.073352525272995,1.0699994644231217,1.0544485859613273
5861,1.073352525272995,1.0694781099485178,1.0532020307612475
5862,1.073352525272995,1.0689184731548302,1.0524104855017686
5863,1.073352525272995,1.069083649584904,1.056296185602136
5864,1.073352525272995,1.0700897557019167,1.0608251030092437
5865,1.073352525272995,1.0700080908115017,1.0637772603723195
5866,1.073352525272995,1.0705217467129815,1.0583349302780791
5867,1.073352525272995,1.0697930000473417,1.0634194232064977
5868,1.073352525272995,1.0694225619263813,1.0559365998920807
5869,1.073352525272995,1.0689326742483785,1.0506396313919728
5870,1.073352525272995,1.0674917118059413,1.0362835679501936
5871,1.073352525272995,1.0663972538934359,1.041608676433171
5872,1.073352525272995,1.0688145079422646,1.0552567151377126
5873,1.073352525272995,1.0687817129871569,1.0466418911922684
5874,1.073352525272995,1.06938590448631,1.061793408148065
5875,1.073352525272995,1.0695072196750388,1.058884049371712
5876,1.073352525272995,1.0695283680791356,1.05812562984317
5877,1.073352525272995,1.0697191498002072,1.0617496227116807
5878,1.073352525272995,1.070068537892881,1.064537265568347
5879,1.073352525272995,1.070653490015937,1.0655596124322837
5880,1.073352525272995,1.070790826703944,1.0654240873941825
5881,1.073352525272995,1.0708217544272975,1.0631565947199328
5882,1.073352525272995,1.070019890057762,1.0635964190927116
5883,1.073352525272995,1.069943369957261,1.0635103939110604
5884,1.073352525272995,1.0705859593007139,1.0627736038799651
5885,1.073352525272995,1.070597778751147,1.0564508564492896
5886,1.073352525272995,1.0704880994943173,1.0654789800826552
5887,1.073352525272995,1.070161553721003,1.0601587739692828
5888,1.073352525272995,1.0700413050018538,1.0648326756245332
5889,1.073352525272995,1.0702486953209662,1.065057164036327
5890,1.073352525272995,1.0699807733129205,1.0632550196856203
5891,1.073352525272995,1.0696155077650098,1.0596846954232668
5892,1.073352525272995,1.0699438525663016,1.0622037405929792
5893,1.073352525272995,1.070317380601991,1.0632203615674194
5894,1.073352525272995,1.0701045162370915,1.061757484319156
5895,1.073352525272995,1.0711332015010007,1.058225214091895
5896,1.073352525272995,1.0710630998180932,1.0658011563468464
5897,1.073352525272995,1.070756149067645,1.0611702512354997
5898,1.073352525272995,1.071035741677523,1.061587641113892
5899,1.073352525272995,1.07053262160236,1.056792498445712
5900,1.073352525272995,1.0694920574361886,1.0612106294010997
5901,1.073352525272995,1.0691412538844332,1.0612752048929255
5902,1.073352525272995,1.0702169902191856,1.0639222688913519
5903,1.073352525272995,1.0700909363973226,1.0652668150545495
5904,1.073352525272995,1.069767727154321,1.0637789220538025
5905,1.073352525272995,1.070008971696048,1.0627995223151712
5906,1.073352525272995,1.0701404770015208,1.0596279188113733
5907,1.073352525272995,1.070302315047052,1.0656841220283173
5908,1.073352525272995,1.0705731821357103,1.0647491892959384
5909,1.073352525272995,1.070650005764738,1.0653842166834735
5910,1.073352525272995,1.070746293718446,1.0623584610361854
5911,1.073352525272995,1.0703873736481924,1.0549127997467966
5912,1.073352525272995,1.0700592728681422,1.0610324898123498
5913,1.073352525272995,1.0701465893201978,1.0632724669149907
5914,1.073352525272995,1.0706849595040098,1.062316699295113
5915,1.073352525272995,1.0703229170358501,1.0611877653569248
5916,1.073352525272995,1.0709153870523536,1.0599558676600846
5917,1.073352525272995,1.0705549515178787,1.0633975900892039
5918,1.073352525272995,1.0711647939745117,1.0661731365124858
5919,1.073352525272995,1.0705747924637863,1.0597652431915696
5920,1.073352525272995,1.0700599883153719,1.0588773505453215
5921,1.073352525272995,1.069325679326242,1.0565796210084946
5922,1.073352525272995,1.0688727842867223,1.0557851563232172
5923,1.073352525272995,1.0689523659320173,1.0581574901143382
5924,1.073352525272995,1.0683860497222841,1.0537712277400986
5925,1.073352525272995,1.068361466595764,1.0542461243908052
5926,1.073352525272995,1.06946254236547,1.0622173437308575
5927,1.073352525272995,1.0699495729476831,1.0575830971359241
5928,1.073352525272995,1.0696733972100556,1.0607911306056885
5929,1.073352525272995,1.069119542496779,1.0481307899704244
5930,1.073352525272995,1.0692582754000781,1.0621475747221636
5931,1.073352525272995,1.0689874168179754,1.053952756169355
5932,1.073352525272995,1.0674964589580194,1.0462692963633753
5933,1.073352525272995,1.069565798243123,1.060666556253277
5934,1.073352525272995,1.06947045475953,1.056633830442242
5935,1.073352525272995,1.0697468013893203,1.0569012522638235
5936,1.073352525272995,1.0697204601611772,1.0608933182733185
5937,1.073352525272995,1.0691444356405249,1.056235980898827
5938,1.073352525272995,1.0694063599494033,1.0637402913220089
5939,1.073352525272995,1.0697007907316871,1.060612725141588
5940,1.073352525272995,1.0698273073477602,1.0658769482931811
5941,1.073352525272995,1.069790253400545,1.0572526298316225
5942,1.073352525272995,1.0699958951337194,1.0574882774457337
5943,1.073352525272995,1.0699520490462202,1.064004154432536
5944,1.073352525272995,1.070191875975149,1.061397276894563
5945,1.073352525272995,1.0699551939229348,1.0516272875203274
5946,1.073352525272995,1.0699429757638683,1.0527630147015117
5947,1.073352525272995,1.0694868376576359,1.0632834977287096
5948,1.073352525272995,1.0698014958749527,1.06308452413769
5949,1.073352525272995,1.0701900590223763,1.059129354626829
5950,1.073352525272995,1.0702052355469633,1.0639445639509688
5951,1.073352525272995,1.0696935721508327,1.0627501307145175
5952,1.073352525272995,1.069829099971564,1.064149346917617
5953,1.073352525272995,1.0696369867019488,1.0587200486734782
5954,1.073352525272995,1.0691270876982908,1.0498668021916264
5955,1.073352525272995,1.0682271790634807,1.04753763711548
5956,1.073352525272995,1.0693094350753645,1.0595767599488901
5957,1.073352525272995,1.0685403677413006,1.0447333533445011
5958,1.073352525272995,1.0672685240715862,1.04896563242499
5959,1.073352525272995,1.0680562345870335,1.0593607026572616
5960,1.073352525272995,1.0686688413625622,1.060847264563174
5961,1.073352525272995,1.0700382704177833,1.0614725681246486
5962,1.073352525272995,1.0700453714418618,1.0630002540513717
5963,1.073352525272995,1.0693881564949328,1.0570238252114557
5964,1.073352525272995,1.0697393071571837,1.0574236845899745
5965,1.073352525272995,1.070164111205754,1.0619003435800096
5966,1.073352525272995,1.070602596721936,1.0532782484164902
5967,1.073352525272995,1.0704391482924926,1.0653046004126943
5968,1.073352525272995,1.0701656130300825,1.0641670461109984
5969,1.073352525272995,1.0699299187671374,1.0646139332221878
5970,1.073352525272995,1.070704783736079,1.0639904528161517
5971,1.073352525272995,1.0703052728518507,1.05496768032641
5972,1.073352525272995,1.0701349626379413,1.064673216870096
5973,1.073352525272995,1.0707584612987397,1.0641614049158745
5974,1.073352525272995,1.070736427583007,1.0627946161782111
5975,1.073352525272995,1.0707144205434393,1.0644001526864673
5976,1.073352525272995,1.0704319905960353,1.0659019525494737
5977,1.073352525272995,1.0705619949427077,1.0628562879834873
5978,1.073352525272995,1.0700012496530575,1.056522775348904
5979,1.073352525272995,1.069600355730377,1.0579942941478773
5980,1.073352525272995,1.0696565302669634,1.0601656355847249
5981,1.073352525272995,1.0694566672919865,1.061681342425676
5982,1.073352525272995,1.0697814362562346,1.0558185797799906
5983,1.073352525272995,1.06963024284106,1.0572820759160089
5984,1.073352525272995,1.0697958302219126,1.0645914979592668
5985,1.073352525272995,1.069117137488879,1.0642024525306035
5986,1.073352525272995,1.0697316477471859,1.0650754401203117
5987,1.073352525272995,1.0702287235296837,1.0626144078003106
5988,1.073352525272995,1.0699694819847343,1.0633356880446934
5989,1.073352525272995,1.0701847540729528,1.059545675398113
5990,1.073352525272995,1.069735650742214,1.0500583639771266
5991,1.073352525272995,1.0698083027584266,1.0570225246110982
5992,1.073352525272995,1.0694108409239211,1.0591229998779417
5993,1.073352525272995,1.0698828230879096,1.0603160426574618
5994,1.073352525272995,1.0690006970029986,1.051521039800995
5995,1.073352525272995,1.0682307469507983,1.022024948664224
5996,1.073352525272995,1.0691146895362345,1.058928650685503
5997,1.073352525272995,1.0692448961550267,1.0598358268286299
5998,1.073352525272995,1.0692708142720102,1.0642919335713232
5999,1.073352525272995,1.0702510242400005,1.0645121013079928
6000,1.073352525272995,1.069795687356415,1.0584374233885119
