generation,best_fitness,mean_fitness,worst_fitness
0,1.368279957224954,1.3662839168459397,1.3646840908495916
1,1.3685054171429292,1.3663516920287313,1.3650201931279229
2,1.3690950017091903,1.3667702354064921,1.365055426013036
3,1.3690950017091903,1.3668860040675144,1.3653954241530524
4,1.3690950017091903,1.3670764096484371,1.3658096670193258
5,1.3696210422740351,1.36729230707439,1.365159913156893
6,1.3696210422740351,1.367645266841114,1.365677441613002
7,1.3696210422740351,1.367688817211142,1.3651464730376568
8,1.3696210422740351,1.3678577667574214,1.3657122803691153
9,1.3699898668538244,1.368134316680046,1.3654271346746185
10,1.3704099295061951,1.3682602441606266,1.3659511151650603
11,1.37046249578708,1.3685671812509326,1.3666216290537876
12,1.3710393423088387,1.3688742870071793,1.3668693143807127
13,1.3711042622596943,1.3691867752979525,1.3673046475833528
14,1.3711042622596943,1.3693827784253634,1.36656722725573
15,1.3711042622596943,1.3692195555771678,1.3641060171488073
16,1.3711655068222721,1.3691062205116973,1.3670633638014806
17,1.371414924821569,1.3694955126031434,1.3654342911965496
18,1.371915207390737,1.3698239860290409,1.367009600833541
19,1.371946467401083,1.3703172644994708,1.3676781620638376
20,1.3720166322635852,1.3703556003008963,1.3681281683676776
21,1.3724609318865126,1.3704860690891667,1.3682213989875835
22,1.3724609318865126,1.3708465663382856,1.3676001701329719
23,1.3724609318865126,1.3713531128093108,1.3680464495928029
24,1.3724609318865126,1.371273764299728,1.3693144144029428
25,1.3726950486804916,1.3712441384436433,1.3698209070229466
26,1.3739791418622127,1.3714034715720904,1.36840221724816
27,1.3739791418622127,1.3718676823564389,1.3698030498897407
28,1.3739791418622127,1.372130224773118,1.3702442456597022
29,1.3742240605577567,1.37245759939705,1.3704967013213198
30,1.3746224665648106,1.372629374521169,1.3707461031495787
31,1.375211558774252,1.3728642476218664,1.370780092348335
32,1.3752135657600026,1.373366691271645,1.3708847213295756
33,1.3754562341260477,1.3737825878629235,1.3711678940077052
34,1.3754562341260477,1.3740506572274773,1.3722162685265988
35,1.3761023504900127,1.3743543229538495,1.372791024514031
36,1.3761023504900127,1.3746016449986143,1.3731097921878768
37,1.3764793563314799,1.3747030365052684,1.3729406892754277
38,1.3764793563314799,1.374883057119534,1.3736385175836705
39,1.3766308383171566,1.3752074942266308,1.3728155732064713
40,1.3766573831892897,1.3754958264587693,1.3734319811987645
41,1.3769090925028393,1.3758833419844194,1.373975463705385
42,1.3769090925028393,1.3760654163681816,1.3741554593723166
43,1.377192131991887,1.3760702433616243,1.3742336592801356
44,1.3778256043057633,1.376012700833831,1.3726319725614253
45,1.3778256043057633,1.3762351218775006,1.3704324474158855
46,1.3781413272661727,1.37659814604708,1.3742682000591273
47,1.3782340044341466,1.376875178272488,1.3753142699803327
48,1.3785197826262041,1.3770095718815036,1.3746329679088984
49,1.3791489537811652,1.3772588538328767,1.3756654159698816
50,1.3797702139793422,1.3776857987060516,1.3760213040613247
51,1.3797702139793422,1.3778278544947578,1.3742984073578675
52,1.3798309585003337,1.3778905841627664,1.3762869920571463
53,1.3798801515024224,1.3781821614396979,1.3747530838974413
54,1.3798801515024224,1.3782600830426495,1.3763116238012576
55,1.380120503372418,1.3786345588880153,1.3754210207723958
56,1.380120503372418,1.3789869778405648,1.3769496566043298
57,1.3806715618076226,1.379329887994408,1.3767373656625388
58,1.3809361542825291,1.379550586630206,1.3748904861173976
59,1.3812667703817898,1.3798042864124793,1.3776495909903308
60,1.3814952392238298,1.3800540899663125,1.378829515549641
61,1.3815335030268143,1.3803329864828464,1.3783619515025658
62,1.3815615848616307,1.3804709881864852,1.3790665984523238
63,1.3820078832988516,1.3807414239042513,1.3796483893267306
64,1.3820338201552334,1.3810270735468786,1.379717640734702
65,1.3820846031673566,1.3812663518186035,1.379734285637019
66,1.3822667082663307,1.381359407752891,1.3798965450087886
67,1.384081348468685,1.3814155240290977,1.374312551324855
68,1.384081348468685,1.3816102350362667,1.3767213221186387
69,1.384081348468685,1.3816539322362373,1.3787177270184745
70,1.384081348468685,1.3817487234324128,1.3799139228773054
71,1.384081348468685,1.3819274613380066,1.3797898491345049
72,1.384081348468685,1.381884080947415,1.37301867944229
73,1.384081348468685,1.3820317494572396,1.3771653469637437
74,1.384081348468685,1.3820701010495922,1.3753588170828999
75,1.384081348468685,1.3822635748128573,1.3786512555191877
76,1.3842601975309836,1.3822944904082703,1.3801299249697967
77,1.3842601975309836,1.3824809811128267,1.3796663255636747
78,1.3844675147010599,1.3827688489090608,1.3778851057371502
79,1.384827926867722,1.3830442671694043,1.3767352891768596
80,1.384827926867722,1.3833272187143084,1.3822188127067614
81,1.384827926867722,1.3838233045280193,1.3815469543646341
82,1.3852353318311499,1.3840388913900277,1.381507664772494
83,1.3852353318311499,1.3841532847180378,1.382769267378078
84,1.3852353318311499,1.3842343541179063,1.3827270065490214
85,1.3853304821365062,1.384374895274817,1.3820779470643196
86,1.3853304821365062,1.3843864960899495,1.3817423784866485
87,1.3856230104963017,1.3844332038822256,1.3834150213879388
88,1.3857923638295035,1.3846733917453147,1.382932735868561
89,1.3857923638295035,1.3847996276431198,1.3833813833844433
90,1.3859892872526418,1.3848374208135745,1.3825576521324041
91,1.3865519007617302,1.3849101053179447,1.382529391416211
92,1.3865519007617302,1.3850282772104996,1.383511159155778
93,1.3865519007617302,1.3853770319090892,1.383862385843801
94,1.3868670800240552,1.385214176025888,1.3825560854164007
95,1.3868670800240552,1.3853307752684791,1.383273067801698
96,1.3868670800240552,1.3854804805986356,1.383924409940939
97,1.3871132948603555,1.3857572579105903,1.381684296908177
98,1.3871132948603555,1.3858289271352822,1.3818351623093508
99,1.3871132948603555,1.3859891130322195,1.3825415384025224
100,1.3871445466547092,1.38601761901008,1.3835347890938348
101,1.3871731217488708,1.3858846705979269,1.3829414390338843
102,1.3875310519776003,1.3860820377266752,1.3832347459520598
103,1.3875310519776003,1.3860051380270428,1.3836043861708314
104,1.3875310519776003,1.3859659835507683,1.3796719520766816
105,1.3875310519776003,1.3857888780784111,1.3812287395493004
106,1.3875385739536108,1.3858180113056877,1.38110673357397
107,1.3875385739536108,1.3857694607434299,1.3813804699733525
108,1.3875385739536108,1.3857275902022688,1.3771455145480667
109,1.3875385739536108,1.3855601822454633,1.3793477232723852
110,1.3875385739536108,1.3857424370504163,1.3823114786314095
111,1.3875385739536108,1.3861014561432408,1.3834297339661001
112,1.3875385739536108,1.3860477414829444,1.3839025251051627
113,1.3879267920568108,1.3863238661472754,1.383712502702212
114,1.3879267920568108,1.3863406655906483,1.3821615583080669
115,1.3879267920568108,1.3864041240670324,1.3827114255981665
116,1.3879267920568108,1.3865804220811058,1.3848656904639385
117,1.3879267920568108,1.386665012401192,1.3845139724811424
118,1.3882343081904505,1.3867180904921066,1.3847572334989897
119,1.3882343081904505,1.3867009920693223,1.3797329655535844
120,1.3882343081904505,1.386779822048938,1.3838320476054056
121,1.3887181266158861,1.3868837960713583,1.3829032033906246
122,1.3887181266158861,1.386948836467554,1.384335245468302
123,1.3887181266158861,1.3872297734939036,1.385697971911289
124,1.3887181266158861,1.3875425664365784,1.3855346006276683
125,1.388935995074835,1.3877399445648384,1.3850729386191545
126,1.388935995074835,1.3879308316470935,1.38635947878278
127,1.388935995074835,1.3880150269240101,1.3863531286809854
128,1.389174670579877,1.388015153888413,1.386199664253158
129,1.389174670579877,1.3880499207961012,1.3860346590638994
130,1.389174670579877,1.3879812363156514,1.3825187767048204
131,1.389174670579877,1.3879946945925885,1.383903618765136
132,1.389174670579877,1.3882636593863615,1.3859532606490221
133,1.3894733947835847,1.3883221162227681,1.3865077957545724
134,1.3894733947835847,1.3883445306621738,1.3813775339934407
135,1.3894733947835847,1.3886264192854971,1.3868897539653215
136,1.389669304506257,1.3887038167978993,1.3875148211667765
137,1.389669304506257,1.388718839649623,1.3873074655107613
138,1.3898571567547284,1.3887517673688197,1.3861851505764555
139,1.3898571567547284,1.3889014830423607,1.3864203878114265
140,1.3898571567547284,1.3891848856730125,1.3877799400814201
141,1.3901705655837309,1.3891879803770917,1.386716957560513
142,1.3904753091030762,1.3893053331802934,1.3874487858453526
143,1.3904753091030762,1.3895191401040947,1.388144817368285
144,1.3907154082966213,1.38948890705868,1.3880061839654967
145,1.3907154082966213,1.3895498923019165,1.38809746078655
146,1.3907154082966213,1.3897126909816349,1.38881029699238
147,1.3907154082966213,1.389768938279899,1.388319291102976
148,1.3909905832264169,1.3898430429138373,1.3868396825357876
149,1.3912370113891026,1.3896717411144925,1.3855950274571602
150,1.3912370113891026,1.3896600112855386,1.3876636174773795
151,1.3912370113891026,1.3899604872298807,1.3871933973103068
152,1.3912370113891026,1.3898739709057226,1.3864835139395433
153,1.3916199469698634,1.3900434555900614,1.388384231665689
154,1.3916199469698634,1.3901808465310348,1.3881136817899873
155,1.3917786097036455,1.3903324135465343,1.3882544786083888
156,1.3917786097036455,1.3904053331882957,1.3879673516021707
157,1.392104192535993,1.3902402640535436,1.387609913231834
158,1.3922860772550032,1.3903620894820676,1.3885158968688152
159,1.3922860772550032,1.3904814001004306,1.3856237836467804
160,1.3922860772550032,1.3904724953542995,1.3878900358779884
161,1.392467498695757,1.3905303033579954,1.3831638029805702
162,1.392467498695757,1.3904713821314953,1.3880841746091972
163,1.392467498695757,1.3906840278228652,1.3877133440995417
164,1.3925651623062825,1.3909532630377344,1.3880643399985646
165,1.3925651623062825,1.3912568445427727,1.3887165079214248
166,1.3926637355205438,1.391646386671057,1.3892620199795258
167,1.3927145198743962,1.3918755327297134,1.390044225712336
168,1.3927145198743962,1.39196166381992,1.3905715313048537
169,1.3930011254509833,1.391827362073897,1.3883589135020307
170,1.3930011254509833,1.3914156179412263,1.3830733656258278
171,1.3930011254509833,1.3913433412948857,1.3859816610284985
172,1.3930011254509833,1.3916499149653967,1.3885803320656178
173,1.3930011254509833,1.391746605182861,1.3893643552055284
174,1.3932969875384194,1.3918963094326637,1.3883752572413368
175,1.3932969875384194,1.3917388450591903,1.3852728308070752
176,1.3932969875384194,1.391873676421694,1.3871160194454937
177,1.3932969875384194,1.391772178045374,1.3896035558237616
178,1.3932969875384194,1.3920067695850935,1.3895732429874057
179,1.3932969875384194,1.3920446862751785,1.3852329136232375
180,1.393307639227716,1.3921696701776765,1.386340735822681
181,1.3934871208286048,1.3921038256859848,1.3892986905721707
182,1.3934871208286048,1.3919343901017243,1.3889262190184943
183,1.3934871208286048,1.3919360272078802,1.3891629240574979
184,1.3936547799855792,1.3923664175160786,1.388963097400987
185,1.3936547799855792,1.3924761526377794,1.3886231984424509
186,1.3936547799855792,1.3923168927925025,1.3884462942126843
187,1.3936547799855792,1.392327594707803,1.389112247556709
188,1.3938310138118402,1.3921775380560133,1.3866559737990938
189,1.3938310138118402,1.3922771513375611,1.3884418039852142
190,1.3938310138118402,1.3922588273490797,1.3900158360070693
191,1.3938992818756746,1.3927007353569403,1.3909736069930057
192,1.394137803823759,1.3928191368186134,1.390735715240564
193,1.394137803823759,1.3929130062896262,1.3912668760781068
194,1.3941803426783885,1.3931986363345885,1.391600153531005
195,1.3941803426783885,1.3932974439056816,1.3917477731172834
196,1.3942998311256616,1.3932242687196228,1.390802932311159
197,1.3942998311256616,1.3930808424387064,1.3858444702065913
198,1.3943092891128157,1.3932269121061553,1.3914170057777493
199,1.3944422137614194,1.3934713248233677,1.386732031978437
200,1.3944422137614194,1.3935242361591593,1.391321821797414
201,1.3944422137614194,1.393661311575745,1.3920859536593044
202,1.3947359575823306,1.393705728849308,1.3914099055556002
203,1.3949595476725623,1.393853720179338,1.3910256843734912
204,1.3949595476725623,1.3939743057079428,1.392119123966494
205,1.3949595476725623,1.3941549805002722,1.391809449506808
206,1.3950395319549673,1.394230247710007,1.391772580696814
207,1.3951496314253904,1.3939699495814457,1.3874717464606559
208,1.3952850714638994,1.3940865187140188,1.3907505291331734
209,1.3952850714638994,1.3940807319637887,1.3922683552994934
210,1.395366559761146,1.3945110258205355,1.3915005767360473
211,1.395462687724829,1.39455432210995,1.3927707603420663
212,1.3955812484673065,1.3948123560061767,1.3935509811339737
213,1.3955812484673065,1.3949273819479984,1.3941093383438494
214,1.395614322968815,1.3949396793005593,1.3930285654851213
215,1.396066639694644,1.3951015778367906,1.3939866746295648
216,1.3961622025088958,1.3952055164618722,1.3944405279904413
217,1.3961622025088958,1.3953228847762218,1.3938648612564701
218,1.3962070791366679,1.395558884757735,1.3944217038400453
219,1.3962399810249257,1.3955476636928037,1.3933978449636926
220,1.396360570707786,1.3955147062351216,1.3935717811140675
221,1.3966919539178748,1.3953337404136392,1.3925512800695357
222,1.3966919539178748,1.3953988309722507,1.3929440716468824
223,1.3966919539178748,1.3954164837742642,1.3924568482375317
224,1.3967927970282341,1.395436837974961,1.3928943368667885
225,1.3970093100458423,1.3957432402687462,1.3927730256701742
226,1.3971812236985202,1.3960246414973037,1.3938784696023336
227,1.3974268609436105,1.3958818406096913,1.3920462594361798
228,1.3974268609436105,1.3958204249628279,1.3932740911011479
229,1.3974268609436105,1.3958623037804485,1.3933639662204131
230,1.3974268609436105,1.395861315941475,1.3926509057466059
231,1.3974268609436105,1.395831093400324,1.3922005857030388
232,1.3974268609436105,1.395225851352118,1.3850857279695667
233,1.3974516046831225,1.3957623793686103,1.389779331374915
234,1.3974516046831225,1.3953534448239302,1.3896336123996598
235,1.3975945281302602,1.3956101042423656,1.3922129353298356
236,1.39772965532472,1.39539692645918,1.390557547684675
237,1.3979615957477385,1.3954060375212134,1.3919708875053367
238,1.3979615957477385,1.3958785648058778,1.3909309519415838
239,1.3979615957477385,1.3958025359085096,1.3893783594465816
240,1.3985258165967016,1.3959099417405563,1.389813106015003
241,1.3985258165967016,1.3960024196145076,1.3912587370343188
242,1.3985258165967016,1.39609782326789,1.3868107697213612
243,1.3987590295986274,1.396359878351594,1.3889224408737013
244,1.399106024562676,1.3968199452981014,1.3935321560180065
245,1.399106024562676,1.3972679080574353,1.3939135290821265
246,1.3993791544809102,1.3974978001038094,1.393051174993551
247,1.399552540199992,1.3974734171181173,1.3944250962154185
248,1.399552540199992,1.3979219706485018,1.3961308334726463
249,1.399552540199992,1.3980680602644202,1.39451860354413
250,1.399552540199992,1.3980056621512384,1.3961145180068577
251,1.3996325456575325,1.398369392607414,1.396334355228448
252,1.3996325456575325,1.398497622715591,1.3941186802960779
253,1.3996325456575325,1.398551966730282,1.3962612177182627
254,1.3999634948310913,1.398849924741642,1.396608015653764
255,1.4001342816115552,1.398905099271161,1.3972172735297694
256,1.4001342816115552,1.399005200681241,1.3976716388109476
257,1.4001699081378158,1.3987646016120976,1.3964863347925536
258,1.4001699081378158,1.3987546017258805,1.395535787824778
259,1.4001699081378158,1.3987140139672918,1.3935076076832376
260,1.4001699081378158,1.39825856033805,1.3940586076728114
261,1.4001858651186376,1.398397034594434,1.3935278920894592
262,1.4001858651186376,1.3986083269741962,1.3940901101348178
263,1.4001858651186376,1.398585185598909,1.3935287422557563
264,1.4001858651186376,1.3986243241266383,1.3948407470379305
265,1.4001971432510112,1.3988157848695462,1.3960275806112767
266,1.4001971432510112,1.3987928506001794,1.3952124550807823
267,1.4001971432510112,1.3988312251154529,1.3958503354202065
268,1.4003196209268616,1.399063571730168,1.395336773676463
269,1.4003196209268616,1.3990441557674318,1.396473453639202
270,1.4003196209268616,1.3988373854556593,1.39297613989841
271,1.4004844676988895,1.3989134255660032,1.396377389784422
272,1.4004844676988895,1.3989384314467592,1.3946136192029621
273,1.4007944111242605,1.3990740135788264,1.3930939504609512
274,1.4007944111242605,1.3992053750258062,1.396497058821881
275,1.4007944111242605,1.3987030870765704,1.3919624914584774
276,1.4009223185990898,1.398835185166466,1.3936385007955587
277,1.4009223185990898,1.3986339870350946,1.387941438147823
278,1.4009223185990898,1.398348034483049,1.3938942889143033
279,1.4009223185990898,1.398683858811004,1.3935390407424035
280,1.4009223185990898,1.3984944174350842,1.3932596286039565
281,1.4009223185990898,1.398787048821479,1.391562458369302
282,1.4009223185990898,1.3990079964927415,1.3941255343279817
283,1.4009223185990898,1.3990830966210794,1.3948421891395466
284,1.4010746778879888,1.399093818577675,1.39232978616452
285,1.4010746778879888,1.3994140940415094,1.3932418955315038
286,1.4010746778879888,1.399538845721411,1.3964111199865066
287,1.4010746778879888,1.3994626676196873,1.396003709167282
288,1.4010746778879888,1.3997077623120082,1.3974906077471752
289,1.4011138214862084,1.3996536131326378,1.397129204781637
290,1.4011138214862084,1.3991967374453094,1.3950146452968128
291,1.4012462546875761,1.399449474984667,1.3955305244733816
292,1.4012462546875761,1.3992844168850822,1.3898024240213789
293,1.4013495812660217,1.3988844200478658,1.3893886014020824
294,1.4013495812660217,1.399201787383978,1.3939301181316897
295,1.4013495812660217,1.3996344628923327,1.3956813599617248
296,1.4014885590951134,1.3998216347360262,1.3977366664689435
297,1.4014885590951134,1.4000414176588576,1.3962059194451664
298,1.4014885590951134,1.3998682622493441,1.394976018496824
299,1.4014885590951134,1.400251993785043,1.3981979641018747
300,1.4015229385410823,1.4003889116731298,1.3983693214588928
301,1.4015229385410823,1.40041714020653,1.3978051358129195
302,1.4017719599532654,1.400378282617211,1.3973154210882734
303,1.4019655456706075,1.4005528610112115,1.3971886613681839
304,1.4019655456706075,1.400675649103196,1.3960585387443076
305,1.4019655456706075,1.400761947853129,1.3982463647911998
306,1.4019655456706075,1.4007677595820243,1.3984421349949379
307,1.401980321381166,1.4005741695336846,1.3946844338235782
308,1.4021336850444746,1.4006037688563189,1.3987612519448873
309,1.4022209777484087,1.4006766249081226,1.3975790315691432
310,1.4022272048911169,1.4007658152337432,1.3963110293023744
311,1.4022272048911169,1.4013219482239978,1.39980265976811
312,1.4025485321187106,1.4013037464453588,1.3978483741080023
313,1.4025485321187106,1.4013529168845726,1.398498398690817
314,1.4025485321187106,1.4012727186817981,1.3986403349007512
315,1.4025703556059967,1.4011915062876283,1.3972287613770509
316,1.4025802713224522,1.4014099274092056,1.3991879292166391
317,1.4026379214906053,1.4016149349122549,1.3989243648709206
318,1.40297599548815,1.401595132233393,1.3981818622818545
319,1.40297599548815,1.4016606996777359,1.3976565727770867
320,1.4029963233509484,1.4016478140421242,1.398307682431998
321,1.4031506710362673,1.4011459692047021,1.3941839233939275
322,1.4031506710362673,1.401418443311195,1.3959984655257929
323,1.4032403650089422,1.4014194575027261,1.395005837003357
324,1.4035778125004406,1.4014982995810588,1.3987852180384173
325,1.4039698666228406,1.4020311168422233,1.3983209153730025
326,1.4039698666228406,1.4021788321399689,1.4001858575846973
327,1.4039698666228406,1.4023954669181413,1.399368509137116
328,1.4039698666228406,1.402733548243252,1.4003651816050995
329,1.4043364531322255,1.4029354922188078,1.4012690591803503
330,1.4043364531322255,1.4029984513007339,1.4009558166629235
331,1.4046626822948332,1.4028931592347889,1.398567546919365
332,1.4046626822948332,1.4027304228098256,1.3946042626439257
333,1.4046626822948332,1.4028844988232265,1.3999248389479133
334,1.4047408945474777,1.4030578623586498,1.3989026626180971
335,1.4047744581233201,1.402955110264506,1.397584795316711
336,1.404784043712913,1.403078633494786,1.3985289090412936
337,1.404784043712913,1.4032758357638402,1.3992937941262413
338,1.404784043712913,1.4033426290908295,1.4010390938340234
339,1.404784043712913,1.4034464246610916,1.39952923251523
340,1.404784043712913,1.4038154550962003,1.4008998986771832
341,1.404784043712913,1.4038075899887852,1.4020912653391453
342,1.4050852458728917,1.4039980723963332,1.4021645835346708
343,1.4050852458728917,1.4038193629997722,1.4004276566108438
344,1.4050852458728917,1.4036735087007246,1.399077484649054
345,1.405506600171728,1.4037233437191972,1.401243721937868
346,1.405506600171728,1.4038883214239095,1.402035937230683
347,1.405506600171728,1.4042474309040276,1.4022510947893227
348,1.405506600171728,1.4041002185755311,1.4011891059780046
349,1.4055452260293364,1.404171325042799,1.401386471656922
350,1.4055452260293364,1.4042915711069006,1.4017326254918188
351,1.4055452260293364,1.4041245189816536,1.39542559728952
352,1.4055452260293364,1.4040343804979691,1.4008759254727656
353,1.405572253128182,1.4042389797973458,1.4005721136822684
354,1.4056764265831354,1.4044391990891918,1.4007033218697686
355,1.40570515597662,1.4044948644359334,1.3982617693134358
356,1.40570515597662,1.4044313824847665,1.402264244592683
357,1.4057228057557822,1.4046854411922445,1.4026149259886957
358,1.4058135503243867,1.4046249512899727,1.4012745537066575
359,1.4058135503243867,1.404505604492516,1.4010134023762104
360,1.4058135503243867,1.4042639580478715,1.4017658137879911
361,1.4060710245243695,1.4043392135626214,1.3984056760547923
362,1.4060710245243695,1.4043432452661713,1.4004590935374583
363,1.4060710245243695,1.4043298762957273,1.4020746413144316
364,1.4060710245243695,1.404535872269171,1.402460032828047
365,1.406360935442138,1.4049604283257662,1.4017521525495085
366,1.4064754818725875,1.4053546007048558,1.4003730778086194
367,1.4064754818725875,1.4053236543165226,1.403601573630917
368,1.4064754818725875,1.4053811808852674,1.4020576383552652
369,1.4064754818725875,1.405220508710474,1.4024830870347202
370,1.4065039072479883,1.4054942450958476,1.4038049212239285
371,1.406681768135551,1.405646624590928,1.4016254477125731
372,1.406681768135551,1.4056401561901748,1.4032441451466589
373,1.406681768135551,1.4057405880622134,1.4028319537025489
374,1.406681768135551,1.4057455202865012,1.4033027414004355
375,1.406681768135551,1.4055918664964993,1.4000475057552926
376,1.406681768135551,1.4054531510010377,1.4030117738525147
377,1.406726524297836,1.405513762052026,1.403134291760561
378,1.406726524297836,1.405328932687831,1.3975620620846911
379,1.406726524297836,1.4053547402514437,1.4032190262086666
380,1.406726524297836,1.4055011209789463,1.401519641455432
381,1.4068281268566414,1.4056109317656686,1.4031155725576148
382,1.4068970823836853,1.4056644438325845,1.4034354078985514
383,1.4068970823836853,1.405817384059808,1.403157548915065
384,1.40708100318354,1.4055817216310131,1.4031447143113693
385,1.4071949559527366,1.405725044729135,1.4022390317583222
386,1.4071949559527366,1.406188047172771,1.4046363307989935
387,1.4071949559527366,1.4062650383800632,1.4044718761977812
388,1.4071949559527366,1.4063344594608531,1.405010221770684
389,1.4072102012733263,1.4062116170741976,1.4027516237200424
390,1.4072102012733263,1.4062730152337906,1.4042152498305465
391,1.4072102012733263,1.4062357445175095,1.4038612560607864
392,1.4072102012733263,1.4062312933152388,1.404084699620723
393,1.4072515854678012,1.4060948847240453,1.4035613787179655
394,1.4073774018447784,1.406447626640339,1.404345912575465
395,1.4073774018447784,1.406664839625764,1.4049206488033223
396,1.4073774018447784,1.40662417005854,1.403050280498657
397,1.40758604681037,1.4065911647041347,1.4044331790700684
398,1.4075924735293979,1.4067058556001748,1.4042834863763576
399,1.407989796750709,1.4067448205093727,1.4051620727049596
400,1.407989796750709,1.4067781675297761,1.4048402620047762
401,1.407989796750709,1.406942983743071,1.4035541298926846
402,1.408173845806185,1.4068816735901404,1.404966633412606
403,1.408173845806185,1.4068735823808856,1.4047838285850724
404,1.408173845806185,1.4067370956567893,1.4032476478860976
405,1.408173845806185,1.4066771847516495,1.4012634794646281
406,1.4085834244178372,1.4062649585892049,1.4034281303014446
407,1.4085834244178372,1.4066245742241108,1.40101778821102
408,1.4085834244178372,1.4070296610330808,1.4034188438899269
409,1.4085834244178372,1.4065643721644288,1.3965072724285552
410,1.4086411360684916,1.4070167232442972,1.4033153833293177
411,1.4086411360684916,1.407212714344309,1.4017970365801744
412,1.408928510195348,1.4074095199983918,1.4059414374465051
413,1.409095648702743,1.407663152676748,1.4055812927990017
414,1.409537822333009,1.407876557802943,1.4056502506606114
415,1.409537822333009,1.4080169343327489,1.404750602905783
416,1.409537822333009,1.4081208173780295,1.405810515806075
417,1.409537822333009,1.407953662219489,1.4042457024571207
418,1.4096063325779573,1.4081985498513823,1.4053157631062823
419,1.409680170461947,1.4083909587753636,1.4038921942767169
420,1.409680170461947,1.4084209816862452,1.4048191484053807
421,1.409680170461947,1.408543675540653,1.406112945611985
422,1.4099751837547052,1.4088407787191823,1.4054508185500927
423,1.4099751837547052,1.4086199706673022,1.4067995311453598
424,1.410524501954685,1.4084584778126648,1.4039864242489777
425,1.410524501954685,1.4087685292908656,1.4065713760326681
426,1.410524501954685,1.4088820192253337,1.4048722802210578
427,1.410834755606792,1.4087046555279101,1.406303030478615
428,1.410834755606792,1.408948427012584,1.4062934513475802
429,1.410834755606792,1.4090653128323254,1.4060523966545508
430,1.410834755606792,1.409124620024609,1.4044123289657706
431,1.410834755606792,1.4095401989681735,1.4063761247484503
432,1.4109616917996626,1.4095067933454248,1.4020573925102566
433,1.4109616917996626,1.4096005701473675,1.4071289261029454
434,1.4109616917996626,1.4097821955163923,1.4075874313606114
435,1.4109616917996626,1.410057045227786,1.4080636038137673
436,1.4109686264198391,1.4101649391015583,1.4086424720103214
437,1.4109686264198391,1.4102363857276512,1.4085834505019608
438,1.4109686264198391,1.4102902087454052,1.409040483651998
439,1.4111270362439943,1.4101909120378913,1.4084680047721698
440,1.4111270362439943,1.410271708678809,1.4071412556392506
441,1.4111270362439943,1.4101717454878238,1.4079194482735846
442,1.4111270362439943,1.4102589382962347,1.4077556201323453
443,1.4111270362439943,1.4103853880073518,1.4087272653381782
444,1.4113153818202262,1.4104759789151688,1.4078843031282673
445,1.4113153818202262,1.4105633481245956,1.4080197167234223
446,1.4113161071748443,1.4106007734410584,1.4085498986665383
447,1.4113469249642545,1.4107855364011106,1.4090466615101207
448,1.4113469249642545,1.410611331967451,1.4087882621024526
449,1.4114225100313713,1.4106763521780599,1.4090839829841968
450,1.4114225100313713,1.4105145299421684,1.407142668374962
451,1.411434276777202,1.410474091342881,1.4077399866899962
452,1.411434276777202,1.4105559832545864,1.4091181735633689
453,1.411434276777202,1.4105512180316067,1.4083655776384907
454,1.411434276777202,1.4105315284084017,1.4090952877633343
455,1.411434276777202,1.4105434252196476,1.4076755749990086
456,1.411434276777202,1.4105489112722558,1.4077665205424386
457,1.411434276777202,1.4103863771263843,1.4075758861409915
458,1.411434276777202,1.4104474181438613,1.408337356141738
459,1.411434276777202,1.4105355285441752,1.4084763673391534
460,1.4115822018206772,1.4102776664256198,1.4074190345137618
461,1.4115822018206772,1.4102221876072982,1.408735930802058
462,1.412080088459866,1.4102342308589237,1.4064481004650464
463,1.412080088459866,1.410532947123726,1.4082975893440934
464,1.412080088459866,1.4106460797707252,1.4090147147480225
465,1.412607144067091,1.4106404365138132,1.4082369914148007
466,1.412607144067091,1.4106750074600596,1.4077019499433918
467,1.412607144067091,1.410593610932744,1.407282748329071
468,1.412607144067091,1.4107924122015054,1.406188738747433
469,1.4129675475884262,1.411163494347284,1.4085323246089083
470,1.4129675475884262,1.4111752688651946,1.409086957550945
471,1.4130768713819937,1.4114887914998786,1.4086792346756016
472,1.4130768713819937,1.411618951208697,1.4087633759192937
473,1.4130768713819937,1.4117174454423238,1.4070355839154118
474,1.4130768713819937,1.4118661105771688,1.4103208910422083
475,1.4130768713819937,1.4118728753896872,1.4093689743167765
476,1.4130768713819937,1.4119510992713404,1.4097603620954953
477,1.4130768713819937,1.4119672928867288,1.4095926203462443
478,1.4130768713819937,1.4118676754291721,1.4064696723143137
479,1.4133164038244146,1.4117340851720324,1.407796976027172
480,1.4133164038244146,1.4118868819619435,1.4090430134026561
481,1.4133164038244146,1.4117784370177366,1.4068837993260372
482,1.4134086152946839,1.4120106081370494,1.4068201371902032
483,1.4134086152946839,1.412071524909316,1.407613218435868
484,1.4134086152946839,1.4121905202559726,1.4098180797109108
485,1.4134229067431265,1.4123335707283797,1.4098123231323252
486,1.4135653392398255,1.4123691572128427,1.409898112041172
487,1.413667240572185,1.4125533760729545,1.41049180223318
488,1.413667240572185,1.4124696029034924,1.4099712042499424
489,1.4138788483999307,1.412553625903334,1.4106127659912262
490,1.4138788483999307,1.4123604003152408,1.406597549517739
491,1.4138788483999307,1.4122358056989677,1.4087527830915534
492,1.4138788483999307,1.41218608089563,1.4073879025236338
493,1.4138788483999307,1.4125017338617587,1.4081810829770314
494,1.4138788483999307,1.4126865902632602,1.410030597094409
495,1.4138788483999307,1.4126794889014798,1.4093716155880336
496,1.4138788483999307,1.4126604457550698,1.4054998020506297
497,1.4138788483999307,1.412779218406538,1.4098343115968759
498,1.4138788483999307,1.413050793757927,1.4119614450940383
499,1.4138788483999307,1.4132650163670875,1.4109177562748925
500,1.4138788483999307,1.413072151765836,1.4114418062363046
501,1.4138861150480335,1.4130820636951051,1.411547908257895
502,1.4138861150480335,1.4129721141762948,1.4097844944107536
503,1.4138861150480335,1.4126442587028607,1.409461162912021
504,1.4140158780865675,1.4128150777002038,1.4092220141540062
505,1.4140916039312743,1.4127591957431784,1.4090298768114027
506,1.4140916039312743,1.4125755353248959,1.408317534200955
507,1.4140916039312743,1.4123806218043924,1.4073595669857433
508,1.4140916039312743,1.4124420089277347,1.4085352939748172
509,1.4140916039312743,1.4122174622506938,1.4009744390897423
510,1.4140916039312743,1.4124083235850813,1.4066043201867728
511,1.414281696081045,1.4126714842751824,1.409060513662498
512,1.414281696081045,1.4126866060262173,1.4103890226587965
513,1.414281696081045,1.4124466901284956,1.4070277659583315
514,1.4143130981325558,1.4126047580640921,1.4096674405604317
515,1.4143130981325558,1.412935908832357,1.4106253231459367
516,1.4144906897852954,1.4130224304476235,1.410975087062924
517,1.4144906897852954,1.4132091712359147,1.410452995786829
518,1.4144906897852954,1.4132543902716472,1.4101523142522792
519,1.4148970348108847,1.41355570744527,1.4107557987096189
520,1.4148970348108847,1.4135427307631847,1.4093963878742444
521,1.4148970348108847,1.4132166092317726,1.4098305236681667
522,1.4149321214563702,1.4132958108181077,1.4084984432947745
523,1.4149321214563702,1.4132911226057387,1.4099063271218997
524,1.4149321214563702,1.4131841765363284,1.4101023521402787
525,1.4149635357102532,1.4132150828243843,1.4080613720527801
526,1.4149635357102532,1.4131977056658391,1.4083739524448835
527,1.4149635357102532,1.4135263628896417,1.4104427931084407
528,1.4150126766738502,1.413651187443401,1.412293394322788
529,1.4150126766738502,1.413862065317218,1.4113940476170306
530,1.4150126766738502,1.4139880851308653,1.4108212720036493
531,1.415259165081075,1.4140621118101508,1.4118180632243313
532,1.415259165081075,1.4139029809034647,1.4116431321176761
533,1.415259165081075,1.4139053204962508,1.4109593095723205
534,1.415259165081075,1.4140066722387095,1.4107682967636235
535,1.4152892582828316,1.4140478301830677,1.4104163409309505
536,1.4153698585882624,1.4136398909673706,1.4102142685727914
537,1.4153698585882624,1.4138541986160917,1.4100410068081222
538,1.4153698585882624,1.4137624033775997,1.4077176899947035
539,1.4153698585882624,1.4138754599340337,1.4071826100891591
540,1.4153706875775887,1.413454243606564,1.4078627134012935
541,1.4153706875775887,1.4135515333600568,1.4047178957314284
542,1.4153706875775887,1.41373588709589,1.4103850969602685
543,1.4153706875775887,1.4136503706872252,1.409896489138095
544,1.4155612409840899,1.4136127541914494,1.410380918525349
545,1.4155612409840899,1.413568206989473,1.409720980531321
546,1.4155612409840899,1.413703365150338,1.409938009580764
547,1.4155612409840899,1.4132505284696775,1.4099659001005753
548,1.4155612409840899,1.4136533531452629,1.4088167700710819
549,1.4155612409840899,1.4137382667200178,1.4083940778201787
550,1.4156019132830873,1.4139126463271074,1.4087619390674344
551,1.4156019132830873,1.414170000743487,1.4104272257512103
552,1.4156019132830873,1.4142273475308695,1.4092692831161586
553,1.4156019132830873,1.4142318770586877,1.410094435054719
554,1.4158633090948984,1.4141272230814241,1.4114061047602162
555,1.4158633090948984,1.4140683011821529,1.4053565975560207
556,1.4158633090948984,1.414090508096993,1.4093065157832345
557,1.4158633090948984,1.4141896848696365,1.4086046134492396
558,1.4158633090948984,1.4141379650905954,1.4101009577128598
559,1.4158633090948984,1.4141129519685882,1.4086336180770758
560,1.4158633090948984,1.4144320764181684,1.4089679521991143
561,1.4158633090948984,1.4142431045454353,1.411282920190228
562,1.4158633090948984,1.4145056532928277,1.4115287396341687
563,1.4158633090948984,1.4145039512762694,1.4104344729195692
564,1.415906937048369,1.414366467636128,1.4098229673213358
565,1.4159134439888912,1.414626670222759,1.4113961329473619
566,1.4159134439888912,1.4148325042141026,1.4127057215291567
567,1.415925101727138,1.4148189898058,1.4117602200438923
568,1.416174089776813,1.4146670425982504,1.410434934330665
569,1.416174089776813,1.4147717303107696,1.4107881189179627
570,1.416359681159526,1.4148574034502668,1.4114073227442392
571,1.416359681159526,1.4147789184318542,1.4106237688590575
572,1.416359681159526,1.414372061579783,1.4072180016780589
573,1.416359681159526,1.4146362972372575,1.409596362329999
574,1.416359681159526,1.4146602369892833,1.406674119988758
575,1.416359681159526,1.4141022069136988,1.407051746805656
576,1.416359681159526,1.414518414133376,1.4102565483220362
577,1.416359681159526,1.414640441330956,1.4101402461639452
578,1.416359681159526,1.4144110545598432,1.4099608309854061
579,1.416359681159526,1.4144454764549268,1.4061991127712732
580,1.416359681159526,1.4137612319967792,1.4062144374520797
581,1.416359681159526,1.4138534910254645,1.3959037372259973
582,1.4167966171680049,1.414103715852761,1.405532239972618
583,1.4167966171680049,1.4142361859659325,1.4090179752697691
584,1.4167966171680049,1.414568377193807,1.4102628524691185
585,1.4167966171680049,1.414991007879702,1.4126222039714866
586,1.4167966171680049,1.415146940009919,1.411670814892882
587,1.4167966171680049,1.4153082827875876,1.4114431627575215
588,1.4169337474803176,1.4152021989578487,1.4097664407438955
589,1.4169337474803176,1.4153467993950186,1.4128574375456402
590,1.4175018580176781,1.415385535905576,1.4134901141063407
591,1.4175018580176781,1.4156582233226882,1.4122585872916946
592,1.417612548738981,1.4157854438076896,1.4115462527748177
593,1.417612548738981,1.4153712817253128,1.4053162767365348
594,1.417612548738981,1.4155268053288728,1.4129382807619633
595,1.417651649474402,1.4157029187213996,1.410064542869339
596,1.417651649474402,1.4157885073619585,1.411157127529912
597,1.417651649474402,1.4162622862219338,1.4136159168992455
598,1.417651649474402,1.4164291001434983,1.413931052954623
599,1.417741332275501,1.4163262647765729,1.411994150969647
600,1.4180474724388854,1.416313548036402,1.4144287913503042
601,1.4181630542763044,1.4165843469392965,1.4123704255143117
602,1.4181630542763044,1.4166291970902016,1.413070528235304
603,1.4182402556123783,1.4168822040641293,1.413033194869511
604,1.4182402556123783,1.4167494031091672,1.4125897757802228
605,1.4182402556123783,1.4168694658037244,1.4142694003464704
606,1.418288542030453,1.4168289715424007,1.4136612611544257
607,1.418288542030453,1.4168405145045206,1.4131306174954774
608,1.4183650093430322,1.4168511166697249,1.4126998048809656
609,1.4183650093430322,1.416777616477964,1.4128860934157068
610,1.4183650093430322,1.4163734823207168,1.406800832857393
611,1.4183650093430322,1.4161580595370082,1.4079269568855801
612,1.4183650093430322,1.416349652621538,1.4097427775743245
613,1.4183650093430322,1.4164726566426564,1.4099586129522688
614,1.4183650093430322,1.4164592910322928,1.41208915472064
615,1.4183650093430322,1.4163375244163325,1.4097956720106888
616,1.4183650093430322,1.415714287408156,1.4014328539429783
617,1.4183650093430322,1.4160711300457836,1.4053872821636908
618,1.4186102125073132,1.4161783269523107,1.4091153765737234
619,1.4186102125073132,1.4166324951026525,1.4121624287567354
620,1.4186102125073132,1.4165271583486154,1.4114002020326017
621,1.4187626388676287,1.4164616512812498,1.4113727247047012
622,1.4187626388676287,1.416779550458622,1.4131535390646965
623,1.4187626388676287,1.4169785030163329,1.4127717030846212
624,1.4189079632446613,1.4173382892628394,1.4136014932416756
625,1.4189079632446613,1.4175802195723932,1.4149980971734974
626,1.4189079632446613,1.4178919725111052,1.4147638318211337
627,1.4190051089363203,1.4180143977547683,1.4157059464402877
628,1.4190051089363203,1.4180148338718899,1.4154545669090286
629,1.4191673061623973,1.4180916106827808,1.414007214739998
630,1.4191673061623973,1.4181353861949242,1.4165127034043759
631,1.4194545008602286,1.4180129177247993,1.4149846590460151
632,1.4194545008602286,1.4181371764573345,1.414314357973066
633,1.4194545008602286,1.4178499159526479,1.4137228507190942
634,1.4195915419514378,1.4178901375264774,1.412209199048475
635,1.4195915419514378,1.4178626026826142,1.414843744567869
636,1.4195915419514378,1.4176072576739824,1.410984571325577
637,1.4195915419514378,1.4171384757634542,1.4084726071171187
638,1.4195915419514378,1.4170370210780499,1.410716859091986
639,1.419685341096886,1.41685524833619,1.4024680193302717
640,1.419685341096886,1.4169864158676404,1.4015154989864045
641,1.419685341096886,1.416833913007143,1.4112689987733367
642,1.4197720756926273,1.4179587887136582,1.4143523936560378
643,1.4197720756926273,1.4185847915351157,1.4151979628168034
644,1.4197720756926273,1.418816256437859,1.4154226471056155
645,1.4197720756926273,1.4187940082297519,1.4146956795510959
646,1.4197720756926273,1.4189433588767095,1.4173702231711824
647,1.4197720756926273,1.4188638833735596,1.4168468069679157
648,1.4202935868001343,1.4188527869190148,1.4133677231090098
649,1.4202935868001343,1.4191508487171738,1.4165183208910832
650,1.4202935868001343,1.4191622556417667,1.4166680599233206
651,1.4202935868001343,1.4189490478250493,1.4142048743189422
652,1.420354634347225,1.4190667216761108,1.4140097700950371
653,1.420394994921991,1.4190304084786456,1.4167565846917558
654,1.420394994921991,1.4189924628914292,1.4124413256388424
655,1.420394994921991,1.419024998388308,1.414620385497194
656,1.420394994921991,1.4187857112901168,1.4146527606716022
657,1.420394994921991,1.4189143169316067,1.4139336300083776
658,1.420394994921991,1.4187889990984672,1.4133509435445197
659,1.420394994921991,1.418729843546014,1.4143801913515883
660,1.420394994921991,1.4185727461978956,1.4117451983816718
661,1.420394994921991,1.4189453373763945,1.4120336227989416
662,1.4206460495042017,1.4189493709822,1.412470977694714
663,1.4206460495042017,1.4194405423617567,1.4162969907888754
664,1.4207786787176948,1.4194185009651594,1.4138980743874212
665,1.4207786787176948,1.4194050279876083,1.4170481990211783
666,1.4207786787176948,1.419311312034935,1.4154773680977855
667,1.4207786787176948,1.419321249032933,1.4167004283901412
668,1.4207786787176948,1.4196424772424674,1.4168543291156657
669,1.4207786787176948,1.4195302763687832,1.4173929261560834
670,1.4207786787176948,1.4194404019310687,1.4140710627294646
671,1.4209872639482772,1.4194408492711204,1.416286649531572
672,1.4209872639482772,1.4199405385914907,1.4180233942877754
673,1.4209872639482772,1.419958039340851,1.41586014653607
674,1.4209872639482772,1.4199932771863066,1.4121793295791683
675,1.4209872639482772,1.419771885332513,1.4159581514857775
676,1.4211143115705576,1.4198875336102577,1.4146802270870362
677,1.4211143115705576,1.4199060192957151,1.4153188254188351
678,1.4213751778057584,1.4197598314505941,1.4159221681343381
679,1.4213751778057584,1.4196214963883313,1.4167239462914867
680,1.4213751778057584,1.419844138800926,1.4164720741428112
681,1.4213751778057584,1.4200295737132265,1.4182878638610488
682,1.4213751778057584,1.420072570010638,1.4169556177373077
683,1.4213751778057584,1.4203393966647349,1.4175056641877264
684,1.4213751778057584,1.4203351874646233,1.4172395854513522
685,1.4215037432454682,1.4203839739208042,1.4160426839980926
686,1.4215037432454682,1.420310969116609,1.4172340108092767
687,1.4215037432454682,1.4202054835269033,1.4131722368434714
688,1.4215037432454682,1.4199593683474236,1.412254580521564
689,1.4215586026929152,1.4199979254899926,1.4145431290427377
690,1.4216042190097347,1.4205580919223644,1.4186420347112674
691,1.4216042190097347,1.4204512259205477,1.416992311111379
692,1.4216042190097347,1.4201432567184937,1.4162188460639102
693,1.4216042190097347,1.4200740394436124,1.416299179050657
694,1.4216042190097347,1.4199800824049198,1.4145651294475838
695,1.4216042190097347,1.4197922025582381,1.4148830394666394
696,1.4216042190097347,1.419798152136288,1.4116399522800456
697,1.4216042190097347,1.41963227574778,1.4160370399964255
698,1.4217848776788706,1.4195980338916956,1.412720858434005
699,1.4217848776788706,1.4195491353922867,1.4143772414846791
700,1.4217848776788706,1.4195994642584466,1.4156939091382783
701,1.42194493635636,1.4196081907239035,1.4153594882320029
702,1.42194493635636,1.4203901178895928,1.4175524937411415
703,1.4220426245903148,1.4205144345897158,1.4174735612985687
704,1.4220426245903148,1.420563652625696,1.4157356176363458
705,1.4220426245903148,1.4201535208540133,1.4171362640071965
706,1.4220426245903148,1.4200982736396766,1.4164091760199462
707,1.4220426245903148,1.4200007291572183,1.416407425741999
708,1.4220426245903148,1.4202057199523521,1.4177839230005151
709,1.422212531953723,1.4205531476795448,1.415498339762157
710,1.422212531953723,1.420225757127368,1.417454566624077
711,1.422212531953723,1.420359544195353,1.4112010148351288
712,1.422212531953723,1.4204704719675387,1.4169035062532478
713,1.422212531953723,1.420613618101121,1.416538484238739
714,1.422212531953723,1.4205508163883815,1.414353979172955
715,1.422212531953723,1.4205136088696646,1.416811587891324
716,1.4224321460025462,1.4206080268029644,1.4170802235559408
717,1.4224321460025462,1.42048590274856,1.4122480707141776
718,1.4224321460025462,1.4206239195644434,1.4156764434172362
719,1.4226220269365708,1.4203798930035472,1.4168597818886817
720,1.4226220269365708,1.420591829365905,1.4155029127111882
721,1.4226220269365708,1.4202732945560976,1.4158044029487342
722,1.422783147635348,1.420817573198816,1.4180118604676
723,1.422783147635348,1.4209366888418498,1.417014368812759
724,1.422783147635348,1.4206212963500957,1.4155733530523862
725,1.4228451479657636,1.4201380350994781,1.4152422815599053
726,1.4228451479657636,1.4202528151933742,1.407977477974604
727,1.4230053044162367,1.4201546228761819,1.4153348166973179
728,1.4230053044162367,1.4205373445541059,1.413989356387621
729,1.4230053044162367,1.4205426883276606,1.416424354730505
730,1.4230053044162367,1.4211527756775941,1.4177407233306671
731,1.4231230586885557,1.4210482032868383,1.4178487146828773
732,1.4231230586885557,1.4213352123697307,1.4183198513290833
733,1.4231230586885557,1.421815238434845,1.420097638271646
734,1.4231934041857301,1.4219867239674184,1.420331797704191
735,1.4231934041857301,1.4220464087953273,1.4191354057082937
736,1.4231934041857301,1.4218622981982005,1.4141144294817984
737,1.4231934041857301,1.421956754026144,1.4191075624809744
738,1.4231934041857301,1.4220399547305769,1.4199517730015323
739,1.423391127790681,1.4220257130262082,1.4150784984640445
740,1.423612000058202,1.4221526820018053,1.4181669678705107
741,1.423612000058202,1.4221664672446783,1.4187389030730106
742,1.423612000058202,1.4222574785577387,1.4203588853952063
743,1.423612000058202,1.4222296699441876,1.4187669875910682
744,1.423612000058202,1.4222126653709648,1.4203331325789437
745,1.4238278380774354,1.4222782296019931,1.4174843704694151
746,1.4238278380774354,1.422184108216927,1.4182633424507187
747,1.4238278380774354,1.421984018694697,1.4194968720635426
748,1.4238278380774354,1.4221466751047953,1.419397237033062
749,1.4238278380774354,1.4221620909508454,1.4203931526363525
750,1.4238278380774354,1.4220454766447597,1.4165973716071483
751,1.4238278380774354,1.4218177950455217,1.4175119854450393
752,1.4238278380774354,1.4218218327896195,1.4168277170220294
753,1.4238278380774354,1.4220469646553306,1.4187469994232287
754,1.4238278380774354,1.4220156786169382,1.4200724445390185
755,1.4238278380774354,1.421868165093304,1.419076219567036
756,1.4238278380774354,1.4213062605936404,1.4134242520879092
757,1.4238278380774354,1.4206814153936316,1.413811059079024
758,1.4238278380774354,1.4202314377792151,1.4104234957055104
759,1.4238278380774354,1.4205876197994678,1.4121620780943538
760,1.4238278380774354,1.4208031913634696,1.4049733880863726
761,1.4238278380774354,1.4210265994941542,1.4174357275123655
762,1.4238278380774354,1.4216300849770003,1.4182106300613773
763,1.4240827835004273,1.4211682448481557,1.4081634125112885
764,1.4240827835004273,1.4213478972686349,1.4098123042282389
765,1.4240827835004273,1.4215032697876728,1.414066712349293
766,1.4240827835004273,1.4214511459373032,1.4153835523701273
767,1.4240827835004273,1.4217229556765727,1.4160598060684935
768,1.4242419365817922,1.4219139139361823,1.4166779717668652
769,1.4242419365817922,1.422069006372289,1.4154908297978412
770,1.4242419365817922,1.422022462628462,1.4009795338923285
771,1.4242821996467172,1.422562729919423,1.4099499799295696
772,1.4244613793845622,1.4227764079319685,1.4190150886110398
773,1.4244613793845622,1.422952396496887,1.4201103235178145
774,1.4244613793845622,1.4230687991971838,1.4206277198796715
775,1.424544506219021,1.4232236022624987,1.4201019956748344
776,1.424544506219021,1.4231356802796788,1.4196001573777626
777,1.424544506219021,1.4226686976546226,1.417965685528445
778,1.424544506219021,1.422807468119255,1.4162450287623327
779,1.4247990313755496,1.4229928997887482,1.4161363837611933
780,1.4250330829692053,1.423307511138877,1.4183832325065793
781,1.4250330829692053,1.423358287367298,1.418928244578539
782,1.4250330829692053,1.4235043889874417,1.4204179016115086
783,1.4250330829692053,1.4234851138317977,1.421250491464687
784,1.4250330829692053,1.4234069096404753,1.4199018387221445
785,1.4250330829692053,1.4234436975647131,1.4198721564083818
786,1.4250330829692053,1.4232283917775672,1.4171660222869398
787,1.4250330829692053,1.423620978112452,1.4215777175781399
788,1.4250330829692053,1.423657270428928,1.4206457646169273
789,1.4250330829692053,1.4237193070965946,1.4206983632304113
790,1.4250330829692053,1.4237534644756125,1.4202719535883586
791,1.4250729587557,1.4238140774397379,1.4205580560185722
792,1.425191999630026,1.4239443473863875,1.4211881921132345
793,1.425191999630026,1.4237702975145765,1.4203011884297827
794,1.425191999630026,1.4237137295232167,1.4208733810929668
795,1.4254469218989403,1.4236256825823768,1.4170076043300166
796,1.4254469218989403,1.4232992579828012,1.4199256916430043
797,1.4254469218989403,1.4230916598328844,1.420299214497216
798,1.4254469218989403,1.422950417452941,1.4146417559393554
799,1.4254469218989403,1.4230288020951845,1.4162371814986578
800,1.4254941054908306,1.4230147376397377,1.416364335278746
801,1.4254941054908306,1.4230131028355035,1.4151713926962495
802,1.4254941054908306,1.4230965748321673,1.417557827582897
803,1.4254941054908306,1.4232487385242942,1.4173448150553205
804,1.4254941054908306,1.4235669103228554,1.4165961828106597
805,1.4254941054908306,1.4232856793434114,1.4160843261357836
806,1.4254941054908306,1.4236385059297785,1.4139529541719378
807,1.4256192183932435,1.4237492461096386,1.4186974909115722
808,1.4256192183932435,1.423520239893015,1.4149444203334058
809,1.4256192183932435,1.4234373475060078,1.4159885401461605
810,1.4256192183932435,1.4232592150383738,1.4190027207403728
811,1.4256192183932435,1.4231070706662248,1.4174402478850339
812,1.4256192183932435,1.4234422309610328,1.4154741763980083
813,1.4256192183932435,1.4231609628142792,1.4162344584274167
814,1.4256192183932435,1.423251428881831,1.4136063691699463
815,1.4256224432735154,1.4229331382176147,1.40834268352195
816,1.4256224432735154,1.4226655137003064,1.4152175435131715
817,1.4256224432735154,1.4224232641078458,1.4174327785049348
818,1.425825279239767,1.4232974527152766,1.4190993340322424
819,1.425825279239767,1.423960021647197,1.4203908551762352
820,1.425825279239767,1.4239127240991494,1.4181578466000244
821,1.425825279239767,1.424266174448809,1.4204577635637243
822,1.425825279239767,1.4240989799992008,1.422347802788406
823,1.4259742261695143,1.4243434684144987,1.4223660539257887
824,1.4259742261695143,1.4245935104279437,1.419843683077848
825,1.4259742261695143,1.4246086340387134,1.421921868099638
826,1.4262187630297942,1.424902308118124,1.4217798382129088
827,1.426372397574706,1.4250030532277194,1.4228443951574765
828,1.426372397574706,1.4250239483904743,1.421888302854016
829,1.426372397574706,1.4249553604885294,1.42064424377276
830,1.426372397574706,1.425026996782652,1.4171291108279316
831,1.426372397574706,1.4245831352461653,1.4211848640936775
832,1.426372397574706,1.4244787694371337,1.420187967338261
833,1.426372397574706,1.424768418664491,1.4202335404820872
834,1.4265061831458907,1.4248834805965984,1.415539960438577
835,1.4265061831458907,1.4248543749076563,1.4186975142293932
836,1.4265061831458907,1.4248654119812425,1.4222499164514362
837,1.4265061831458907,1.424741299197668,1.4212251192285896
838,1.4265061831458907,1.4238092133001954,1.414570647071678
839,1.4265061831458907,1.4238364801014418,1.414567819945683
840,1.4265061831458907,1.4236922920495974,1.4092885337530476
841,1.4265061831458907,1.4237562615869235,1.410012321149739
842,1.4265061831458907,1.4242018121835438,1.4201517404504747
843,1.4265061831458907,1.4240171970469788,1.418127585278605
844,1.4265061831458907,1.4243219345550029,1.416513045702116
845,1.4265116432112395,1.4238463092153788,1.4178887850803696
846,1.4265116432112395,1.4242132051564576,1.4204733729082082
847,1.4265116432112395,1.424320042489627,1.417079993943748
848,1.4265116432112395,1.4244595274136218,1.4174433734536371
849,1.4265116432112395,1.4248971364319487,1.4214770325748787
850,1.4265116432112395,1.424905991277575,1.4173904149375502
851,1.4265116432112395,1.4248079142125614,1.4196073004276542
852,1.4266058599776306,1.4248213496236761,1.414372708264098
853,1.4266058599776306,1.4246976871336359,1.418440392590559
854,1.4268296669928346,1.424802950246579,1.420073637687295
855,1.4268296669928346,1.424924182897532,1.4170650246236214
856,1.4268296669928346,1.4248792219741733,1.4096971273831176
857,1.4268743517538751,1.4247222712905099,1.41919141739386
858,1.4268743517538751,1.42525699499273,1.422191444683595
859,1.4270972080423627,1.4256412535148348,1.4225591681647631
860,1.4272132792713894,1.4254889840755018,1.4212727987849167
861,1.4273152573745258,1.4251902822104299,1.4175553536266403
862,1.4273152573745258,1.4253645669157748,1.4215394255882043
863,1.4273152573745258,1.4256418055275915,1.4202047330038114
864,1.4273152573745258,1.4251523098528187,1.419830937311968
865,1.4273152573745258,1.4249239684074997,1.420457505407482
866,1.427327075481736,1.4250476951852316,1.42050364042954
867,1.4276176657827844,1.4254427397068372,1.4212652454537271
868,1.4276176657827844,1.425632664843335,1.4230227621905802
869,1.4276176657827844,1.4260143014017224,1.421568784812485
870,1.4276176657827844,1.4260369895037124,1.422069792913267
871,1.427727621477906,1.4262783454425731,1.4225046198737217
872,1.427727621477906,1.4262779622370874,1.4240576794016075
873,1.427727621477906,1.4266066218821893,1.4243448719063685
874,1.427727621477906,1.4269461529157628,1.425199615581082
875,1.427727621477906,1.4270884459093625,1.4255440175301677
876,1.427727621477906,1.4269372906904718,1.4253884722242267
877,1.427727621477906,1.4268047573607054,1.4238398252408409
878,1.427727621477906,1.4266234756566945,1.4232288832671156
879,1.427727621477906,1.4265290278135592,1.4201258042536045
880,1.427727621477906,1.4262619661709142,1.422904635401912
881,1.427727621477906,1.4256559137824376,1.4202002177214779
882,1.427727621477906,1.4261267366571502,1.4207021520407057
883,1.427727621477906,1.426154853156723,1.4205030709781272
884,1.4279209215202706,1.4258364335252067,1.4205521699856904
885,1.4279209215202706,1.4256163843423377,1.4145511586955675
886,1.4279209215202706,1.4256520193914284,1.4198053503891945
887,1.4279209215202706,1.4259570918055113,1.4231130083530192
888,1.4279209215202706,1.4262128532990948,1.4221523676596723
889,1.4279209215202706,1.4260781999302572,1.419986512910906
890,1.4279209215202706,1.4261942965731915,1.422143161591207
891,1.4279209215202706,1.4259853851795867,1.420481820018566
892,1.4279209215202706,1.4260282760355463,1.421595956408941
893,1.4279354452405966,1.426142551193349,1.4228121682845183
894,1.4279354452405966,1.4262163616509849,1.4239180448345772
895,1.4279354452405966,1.4264100195403935,1.4234591042079565
896,1.427976441681746,1.4266594259969818,1.4226653589050238
897,1.427976441681746,1.4266246738666144,1.4234945160285701
898,1.427976441681746,1.426451887469467,1.4226419747323982
899,1.427976441681746,1.4265396518288345,1.4219617863273586
900,1.427976441681746,1.426469587725881,1.4208627152390563
901,1.427976441681746,1.4265042666175387,1.4209375295752884
902,1.427976441681746,1.4264720548148409,1.4222668143296513
903,1.4281404299360072,1.4264786989880545,1.4208482011807804
904,1.4281415939390636,1.4259488582954405,1.414573586530741
905,1.4281885727271373,1.4260590193925762,1.4189720896818332
906,1.4281885727271373,1.426464645755252,1.4234744229925917
907,1.4281885727271373,1.4265420921708405,1.423888237804941
908,1.4283148054859407,1.426619778747738,1.4230360933156359
909,1.4283148054859407,1.4266261554085216,1.4224750823671606
910,1.4283148054859407,1.4266142163792954,1.4228148653706751
911,1.4283179214510273,1.4267776493784765,1.4215119169265298
912,1.4285292388608988,1.4265118390983085,1.4209534680469238
913,1.4285292388608988,1.4269538199734217,1.4233145054082073
914,1.4285292388608988,1.4271763349666053,1.423948768560785
915,1.4289887258226792,1.4271922592487882,1.4240959303581295
916,1.4289887258226792,1.4271910207416534,1.4229828572458034
917,1.4289887258226792,1.426858760292041,1.4226119548100877
918,1.4290881919890945,1.4270411153765117,1.4178735091737258
919,1.4290881919890945,1.4273608452182855,1.4190605053023364
920,1.4290881919890945,1.4276060469415746,1.4219718168463389
921,1.4290881919890945,1.4274567196263885,1.4247347127196515
922,1.4290881919890945,1.4275405859774637,1.423583339359415
923,1.4290881919890945,1.4270299864830773,1.4177522436717842
924,1.4291127158901111,1.4269388635154723,1.4211577116454726
925,1.4291127158901111,1.4273258521746814,1.421635115163811
926,1.4291127158901111,1.427323311129647,1.4192528974154892
927,1.4291127158901111,1.427270870451949,1.4203240939018489
928,1.4291127158901111,1.4276976463231899,1.420161861119625
929,1.4291127158901111,1.427911834256018,1.4255275184206304
930,1.4291127158901111,1.4279912351866475,1.4260831074004288
931,1.4292540918148342,1.4280738799307235,1.4247015884698768
932,1.4292540918148342,1.4280518624433958,1.425149973353582
933,1.4292540918148342,1.428275393649725,1.4242902251168439
934,1.4292540918148342,1.428150774221335,1.4246583686517946
935,1.4292540918148342,1.428088490479999,1.4250424316313737
936,1.4292540918148342,1.4278067631191542,1.417490837261457
937,1.4292540918148342,1.427556134296037,1.4220599561622969
938,1.4293324515678552,1.4276891450550337,1.4231547183199107
939,1.4293324515678552,1.4274518853642815,1.4176109581948573
940,1.4293324515678552,1.427840393361688,1.4244966200705
941,1.4293324515678552,1.427870645240265,1.4206860015195328
942,1.4293324515678552,1.4279298038860477,1.4239175196347869
943,1.4293324515678552,1.4278902188620348,1.4216134350093639
944,1.4293632595815517,1.428139109618756,1.4256381591180787
945,1.4296180109329397,1.4284898291758656,1.425542807804605
946,1.4296180109329397,1.428599864852402,1.4253458429564074
947,1.4296180109329397,1.428157926610925,1.4218019029809632
948,1.4296180109329397,1.4280827549387902,1.4201183362845575
949,1.4296180109329397,1.4283861411298409,1.4249542982250707
950,1.4296600632929484,1.4285911318446125,1.4260628262066528
951,1.4296600632929484,1.4283408976392045,1.4260553597319998
952,1.4296600632929484,1.4279367716239464,1.4215322598404412
953,1.4296600632929484,1.428070114678948,1.4250181274361973
954,1.4296928857583928,1.427787207990172,1.4194803154374374
955,1.4299412158386562,1.427344498781872,1.4223496517153518
956,1.4299412158386562,1.427334434936794,1.4212194203855297
957,1.4299412158386562,1.4273256375353507,1.4245680967273358
958,1.4299412158386562,1.4275577221901958,1.4235682602565185
959,1.4299412158386562,1.427622585063249,1.4232861258503196
960,1.4299412158386562,1.42762640848312,1.4206813442429733
961,1.429945054165374,1.4278494168200218,1.4167757201759392
962,1.429945054165374,1.4281048477744094,1.4220974722442166
963,1.430194949306874,1.4279100606565323,1.4206418684739204
964,1.430194949306874,1.428292398763099,1.424941818157938
965,1.430194949306874,1.4282972096398427,1.4242646142820121
966,1.430194949306874,1.4280413550179105,1.422560561979133
967,1.430194949306874,1.4278039757789742,1.418103717654149
968,1.4304848256933334,1.4279751136735805,1.4175144971536238
969,1.4304848256933334,1.4282522450581183,1.4251769057734067
970,1.4304848256933334,1.4286129791689401,1.426375958787901
971,1.4304892089404109,1.428764353072846,1.4229994871405027
972,1.4304892089404109,1.4291670757171426,1.4242340200619852
973,1.4304892089404109,1.4294239239211581,1.42651694275644
974,1.430637268318067,1.4295079214249609,1.4270470181160408
975,1.430637268318067,1.4292148136005076,1.4247769493248317
976,1.430637268318067,1.429335125028065,1.4268316954031914
977,1.4306659050164405,1.4293562600375938,1.4230269463987102
978,1.4306659050164405,1.4293971681722635,1.4260436686981093
979,1.4306659050164405,1.4294737323535482,1.426784957143534
980,1.4306659050164405,1.429417134655523,1.4258746952351253
981,1.4306659050164405,1.4292872515189439,1.4234146215996717
982,1.4306659050164405,1.4290612815340693,1.4238836363930696
983,1.4306659050164405,1.4288950931164797,1.4246560920548679
984,1.4306659050164405,1.429092689362995,1.4233613844181325
985,1.4306659050164405,1.42937382671848,1.4227506096508233
986,1.4306786490973058,1.4290783045701363,1.422113312949845
987,1.4306786490973058,1.429242391409197,1.4247491423879686
988,1.4306786490973058,1.4292219020693941,1.4225519299283795
989,1.4306786490973058,1.4292386360135851,1.4269644239919843
990,1.4306786490973058,1.4293110575963826,1.4255336693797456
991,1.4306786490973058,1.429104489129318,1.4251084403109788
992,1.4306786490973058,1.4291672188750437,1.4251017378889848
993,1.4306786490973058,1.4297286816075525,1.4264275348332505
994,1.430803408807887,1.4296149045637339,1.4266270885865877
995,1.4309895971307682,1.429487948848797,1.4264482599258113
996,1.4309895971307682,1.4294026417134649,1.4136478683571796
997,1.4309895971307682,1.4293866472542416,1.4256998743903533
998,1.4309895971307682,1.4293000690762503,1.425234321465233
999,1.4309895971307682,1.429614105993384,1.4266024235896881
1000,1.4309895971307682,1.4296256410865775,1.4231998771550003
1001,1.4309895971307682,1.4294027448851583,1.4242242128301803
1002,1.4309895971307682,1.4292342046497897,1.4251215214906834
1003,1.4309895971307682,1.4289421870040337,1.4233597429165834
1004,1.4309895971307682,1.4285981327776698,1.4203473914858638
1005,1.4309895971307682,1.4288215212788409,1.423743356239812
1006,1.4312092655913315,1.4290983929247765,1.4238579101317932
1007,1.4312092655913315,1.4294161135577819,1.4255324571107248
1008,1.4312092655913315,1.4295600269891917,1.4264691263817026
1009,1.4312092655913315,1.4294682884584653,1.4270960317569157
1010,1.4312092655913315,1.4295363864306365,1.425960564476467
1011,1.4312092655913315,1.4300117537854566,1.4277898070046433
1012,1.4312092655913315,1.4301968134635603,1.4264676953911735
1013,1.4312092655913315,1.4301425721908714,1.4266396405266462
1014,1.4315210330256194,1.4301357584532397,1.4265440389267456
1015,1.4315210330256194,1.4300048347738417,1.4255243611070962
1016,1.4315210330256194,1.4298046175785981,1.4258870380962712
1017,1.4317702379955128,1.4296288619603594,1.4253819564548094
1018,1.4317702379955128,1.4297039044044164,1.4259054325263838
1019,1.4318147346765964,1.429704419772064,1.426061111570866
1020,1.4318147346765964,1.4294366529350757,1.4249776557440315
1021,1.431892069057369,1.429637468335231,1.4261307534585586
1022,1.431892069057369,1.4302001573336003,1.4268848141647439
1023,1.431892069057369,1.4305961915991665,1.4261343735227492
1024,1.431892069057369,1.4305741667533607,1.4273494422359836
1025,1.431892069057369,1.4307401086161218,1.4274167825146
1026,1.431892069057369,1.4306406419454043,1.4262983214603908
1027,1.431892069057369,1.4305210930107464,1.4203509275268118
1028,1.431892069057369,1.4307621998682376,1.4268644697776345
1029,1.431892069057369,1.4308816073234982,1.4259127511229317
1030,1.431892069057369,1.4308305370224803,1.423801884031328
1031,1.431892069057369,1.4309977908609963,1.4273577094710144
1032,1.431892069057369,1.4309172927282356,1.4285106294611414
1033,1.431892069057369,1.4306039154790213,1.4262714912687797
1034,1.431991573509173,1.4305606650064626,1.425294859794165
1035,1.431991573509173,1.43050401207844,1.4237120448861535
1036,1.431991573509173,1.430854659182712,1.4243389885144144
1037,1.431991573509173,1.4305603135962004,1.426189414934045
1038,1.431991573509173,1.4307291102159154,1.4272909838472212
1039,1.431991573509173,1.430616968440435,1.427314453655191
1040,1.431991573509173,1.4306999854152382,1.426553824272526
1041,1.431991573509173,1.4308357809903,1.4271061745762537
1042,1.431991573509173,1.4307429519777868,1.4269230324607058
1043,1.431991573509173,1.4304305388748135,1.4234056374352613
1044,1.431991573509173,1.430305180342718,1.423233893552063
1045,1.431991573509173,1.4301209867744418,1.424691641286494
1046,1.431991573509173,1.4305309209239345,1.4247642759645756
1047,1.431991573509173,1.4307722842862258,1.426295718180038
1048,1.431991573509173,1.4308103351417731,1.4288867297883732
1049,1.4321736408377372,1.4311529470531854,1.4271212503110096
1050,1.4321736408377372,1.4310685085249784,1.4272737917052476
1051,1.4321736408377372,1.4310903981252645,1.428248577963188
1052,1.4321736408377372,1.4309707253321817,1.4268283497407035
1053,1.4321736408377372,1.4309638754777867,1.4254649876620704
1054,1.4321736408377372,1.4308843981415489,1.4278617266504552
1055,1.4321736408377372,1.430510968106134,1.4267309044669096
1056,1.4321736408377372,1.4306234482909537,1.4241536209490528
1057,1.4321736408377372,1.4301261610929916,1.4239210470616874
1058,1.4321736408377372,1.4300716353010678,1.4244553313922974
1059,1.4321736408377372,1.4308039650396558,1.4265862006268342
1060,1.4321736408377372,1.4308104718223924,1.4278124368353566
1061,1.4321736408377372,1.4309984251737973,1.427653927338709
1062,1.4321736408377372,1.430484412064469,1.417280172688397
1063,1.4321736408377372,1.430602844719235,1.4280442275643315
1064,1.4321736408377372,1.4307628594264887,1.4258423330944023
1065,1.4321736408377372,1.4304729591439054,1.4255373467556338
1066,1.4321736408377372,1.4304121502919829,1.4261996896536924
1067,1.4321736408377372,1.430717276628679,1.427137954814629
1068,1.4321885320141328,1.4304882903932978,1.422110252220206
1069,1.4321885320141328,1.4303194184984702,1.4234835238651067
1070,1.4321885320141328,1.430041632630359,1.4174961116036335
1071,1.4321885320141328,1.4297131829462333,1.4234130853448699
1072,1.4321984449065905,1.430258708478186,1.4229780972294646
1073,1.4321984449065905,1.4301778497335493,1.4263832276873964
1074,1.4321984449065905,1.4303799760311153,1.4241988382647484
1075,1.4321984449065905,1.4303186370613503,1.4245581071966726
1076,1.4321984449065905,1.430078987412206,1.4242697628450243
1077,1.4321984449065905,1.4301628662254322,1.424135650798645
1078,1.4321984449065905,1.4301956684340078,1.4255784007333292
1079,1.4321984449065905,1.4298609860554086,1.4251002716759753
1080,1.4321984449065905,1.4301578027344481,1.4216755396868113
1081,1.4321984449065905,1.430509649186802,1.427488747586164
1082,1.4321984449065905,1.4310803207866314,1.4273230474791019
1083,1.4321984449065905,1.43087171402167,1.4268102755320378
1084,1.4323258599959967,1.4308435911960826,1.4273749167131151
1085,1.4323258599959967,1.4311952441240547,1.4279851667091388
1086,1.4323258599959967,1.4312609869072137,1.4286507212583937
1087,1.4323258599959967,1.4314360856208108,1.4295812153449736
1088,1.4323258599959967,1.431519354982937,1.4273054140953003
1089,1.4323258599959967,1.4312939797399857,1.4274009118562518
1090,1.4323258599959967,1.431325855803537,1.4290273354215555
1091,1.4323258599959967,1.4313476962520397,1.4291742569002548
1092,1.4323258599959967,1.4311953348418995,1.4289681546728152
1093,1.4323512175335018,1.43099934358647,1.4235526311990627
1094,1.4325267215046706,1.4313570214198443,1.4246959243786206
1095,1.4325267215046706,1.4315644796957792,1.428281887084898
1096,1.4325267215046706,1.431518593212126,1.4275366071911075
1097,1.4325267215046706,1.4314401537032249,1.426924460379755
1098,1.4326508879546993,1.4317793719204235,1.4290403872573127
1099,1.4326508879546993,1.4318408377122787,1.4298496368514253
1100,1.4326873343747435,1.4318938109623118,1.4299751094109274
1101,1.4326873343747435,1.4317682973274253,1.4301287284011832
1102,1.4326873343747435,1.4316786183748584,1.4272683250125944
1103,1.4326873343747435,1.4315473502990042,1.42726230527079
1104,1.4326873343747435,1.4314579363424789,1.4288329650757214
1105,1.4326873343747435,1.43147297218606,1.4263481933984377
1106,1.4326873343747435,1.431175366514161,1.416999962130728
1107,1.4326873343747435,1.4310633175348517,1.42804275558044
1108,1.4326873343747435,1.4309615377335447,1.4271619013437835
1109,1.4326873343747435,1.4303874622819774,1.4137575052214477
1110,1.4326873343747435,1.4299566350403632,1.4222124042002693
1111,1.4326873343747435,1.429598216873096,1.420710068569285
1112,1.4326873343747435,1.4294152475960373,1.4194076563833185
1113,1.4326873343747435,1.4299409131804839,1.4222971660982031
1114,1.4326873343747435,1.430412249880822,1.4244999703683865
1115,1.4326873343747435,1.4306303046501556,1.4266766611624535
1116,1.4326873343747435,1.4302869398307823,1.4253496708796716
1117,1.4326873343747435,1.4305068496618656,1.4248837700316856
1118,1.4326873343747435,1.4301904512145174,1.4227619581302466
1119,1.4326873343747435,1.4304307810954324,1.425007741693541
1120,1.4326873343747435,1.4301848492579508,1.4233031459049397
1121,1.4326873343747435,1.4302383645432848,1.42616504230361
1122,1.432957194240507,1.430926734116642,1.4261749282312337
1123,1.432957194240507,1.4310116250184222,1.4257610346050822
1124,1.432957194240507,1.4310443732571405,1.4252708183953773
1125,1.432957194240507,1.4310320939069165,1.4278234122852649
1126,1.432957194240507,1.4310390791335104,1.4246337118743204
1127,1.4330398823560637,1.4310309695647612,1.4227987783057452
1128,1.4330398823560637,1.4311463223155814,1.4262886308977967
1129,1.4330686015094705,1.4309026538657463,1.4264156865957884
1130,1.4330686015094705,1.4308181538322584,1.4254593393783745
1131,1.4330686015094705,1.430875600485786,1.4248388077725518
1132,1.4330686015094705,1.4302243775433388,1.4213574142184309
1133,1.4330686015094705,1.429731251944185,1.4185925545501938
1134,1.4330686015094705,1.4298429982080096,1.4237214638084315
1135,1.4330686015094705,1.4302413428136622,1.4181289674314816
1136,1.4330686015094705,1.4296898010834398,1.4205935299273644
1137,1.4330686015094705,1.4296222791857636,1.4228398315499142
1138,1.4330686015094705,1.4301485082047882,1.4192139827283277
1139,1.4330686015094705,1.4298227381865374,1.4248166714944857
1140,1.4330686015094705,1.4299910029320173,1.425841016704456
1141,1.4330686015094705,1.430387621561005,1.4233952243618273
1142,1.4330686015094705,1.4307021363684165,1.4246952314611294
1143,1.4330686015094705,1.4306633110986353,1.4243355281447534
1144,1.4330686015094705,1.4305313088896545,1.4247822544352577
1145,1.4330686015094705,1.4308018056153693,1.426399540558766
1146,1.4330686015094705,1.4310675128436714,1.4269370005381266
1147,1.4330686015094705,1.4312130878625364,1.4260986552698807
1148,1.4330686015094705,1.431412514451339,1.4272714172648393
1149,1.4330686015094705,1.4315051611948968,1.4283059258450992
1150,1.4330686015094705,1.4313689957891684,1.4249950224383074
1151,1.4330686015094705,1.4309960512947704,1.4227978753211012
1152,1.4330686015094705,1.430514938527216,1.4165580797176607
1153,1.4330686015094705,1.4303631319793126,1.4227860022552783
1154,1.4330686015094705,1.43047987046692,1.4248104360098997
1155,1.4330686015094705,1.430912323842862,1.4276628796039512
1156,1.4331220473409712,1.4314388794790107,1.4283723063618958
1157,1.4331220473409712,1.4314939960015698,1.428384992710392
1158,1.4331220473409712,1.4316349404541506,1.4272604517852683
1159,1.4331220473409712,1.4316167496739112,1.429330454694335
1160,1.4331220473409712,1.4316503945232406,1.4276004466617127
1161,1.4331391671458928,1.4316107098164872,1.426542898317457
1162,1.4331391671458928,1.4315535627238554,1.4275466737702058
1163,1.4331391671458928,1.431446339412394,1.4261361218694488
1164,1.4331391671458928,1.4315212817210905,1.427192307901987
1165,1.4332610280153542,1.431514403855595,1.4286868207873844
1166,1.4332812805631665,1.4318860626902943,1.428400590835952
1167,1.4332812805631665,1.431980178305071,1.428997665057573
1168,1.4336289635578772,1.432187415998236,1.4284581222521073
1169,1.4336289635578772,1.432356039358881,1.4231871859527794
1170,1.4336289635578772,1.4320685307376322,1.4213051433511796
1171,1.4336289635578772,1.4319594498243617,1.4270810195411228
1172,1.4336289635578772,1.4322957078692595,1.4284065627004001
1173,1.4336289635578772,1.431879819079455,1.4242710482745051
1174,1.4336289635578772,1.4321616058248068,1.4298425664420986
1175,1.4336289635578772,1.4324664331804084,1.4283333157052318
1176,1.4336289635578772,1.4325009658693164,1.4286911231240427
1177,1.4336484508308693,1.432293333432556,1.4270466008243272
1178,1.4336484508308693,1.4319757655140533,1.4287216542850738
1179,1.4336484508308693,1.4318957329384736,1.42807162400725
1180,1.4336484508308693,1.4320446114665253,1.4295714938245374
1181,1.4337105420274132,1.4326564812789462,1.429696274055238
1182,1.4337105420274132,1.4326130206125363,1.429980846697159
1183,1.4337105420274132,1.4324929109106521,1.429045984132625
1184,1.4337105420274132,1.4321248114534533,1.4195665139845965
1185,1.4337105420274132,1.4322971694450373,1.4270289238813334
1186,1.4337105420274132,1.432169373052981,1.4297323876951258
1187,1.4337105420274132,1.4323713427981688,1.427370970156306
1188,1.4339080607392507,1.4320834543832204,1.42383171568542
1189,1.4339080607392507,1.432247359163145,1.4231088512141017
1190,1.4339080607392507,1.4323272116478172,1.4290496255328105
1191,1.4339080607392507,1.4324074453388114,1.4270399629656878
1192,1.4339080607392507,1.4320540302681164,1.4275900758626725
1193,1.4339080607392507,1.4318769840309473,1.4285365022333931
1194,1.4339080607392507,1.4317792693155729,1.4269607292891
1195,1.4339080607392507,1.4321490670433068,1.4264590886803699
1196,1.4339080607392507,1.4318881354206565,1.417088675779848
1197,1.4339080607392507,1.4320948436320746,1.4290760892675267
1198,1.4339080607392507,1.4323035526286967,1.4278639266524753
1199,1.4339080607392507,1.432368965699286,1.4260253554968578
1200,1.4339080607392507,1.4320992463165456,1.4263455724656655
1201,1.4339080607392507,1.4319601611220087,1.4266574949599264
1202,1.4339080607392507,1.432070485093628,1.4269428843588865
1203,1.4339080607392507,1.431860818065188,1.4286357496055198
1204,1.4339080607392507,1.4318496001927545,1.4247299446861177
1205,1.4339080607392507,1.4317575872147952,1.4270847808529825
1206,1.4339665718080616,1.4319706817152693,1.4267579678708253
1207,1.4339665718080616,1.4318130509808475,1.424552636564237
1208,1.4339665718080616,1.4321118420559658,1.4246193116372161
1209,1.4339665718080616,1.4323047949904335,1.4267400652095625
1210,1.4339674209457642,1.432075773844953,1.428250897658074
1211,1.4339674209457642,1.43212567380086,1.426259389379674
1212,1.4339674209457642,1.4321070994589489,1.4275712273240013
1213,1.4339674209457642,1.4320967604647397,1.427733660313737
1214,1.4339674209457642,1.431821255780123,1.4254289078789555
1215,1.4339674209457642,1.431640166977967,1.4254404292670022
1216,1.4339674209457642,1.4318982829419329,1.4266885276567836
1217,1.4339674209457642,1.4314945422084728,1.425513554505606
1218,1.4339674209457642,1.4307241615279442,1.4181546478250608
1219,1.4339674209457642,1.431034774051418,1.418544785079132
1220,1.4339674209457642,1.4309023302614685,1.4184930626278354
1221,1.4339674209457642,1.4317729517146103,1.4241026542681872
1222,1.4339674209457642,1.431635164849551,1.4276722382815434
1223,1.4339674209457642,1.43195831504696,1.428085904186038
1224,1.4343772929886214,1.4323863249628639,1.4286099994970802
1225,1.4343772929886214,1.4323580803736187,1.4289876549240395
1226,1.4343772929886214,1.4324534606925303,1.4274751327329034
1227,1.4343772929886214,1.4325817016343938,1.4233301004648051
1228,1.4343772929886214,1.4324969969547976,1.4264709743632789
1229,1.4343772929886214,1.432745603223113,1.4305029148643924
1230,1.4343772929886214,1.4328712301282627,1.4282332754660028
1231,1.4343772929886214,1.4328650346103604,1.427325944190796
1232,1.4343772929886214,1.4331267763539006,1.426956849143051
1233,1.4343772929886214,1.4329065301933128,1.4256155162926274
1234,1.4343772929886214,1.4329945772348887,1.4272786772286126
1235,1.4346177552126766,1.432969253481452,1.429144455666152
1236,1.4346177552126766,1.4333533922318349,1.429230185671998
1237,1.4346177552126766,1.4331481621192577,1.4284641748787743
1238,1.4346177552126766,1.4330956971265838,1.4283955333698488
1239,1.4346177552126766,1.4326559446384497,1.4269449991121677
1240,1.4346177552126766,1.4326567817854445,1.4284387431438648
1241,1.4346177552126766,1.4323673841444715,1.4263142864071803
1242,1.4346177552126766,1.4322819874316832,1.423995266181045
1243,1.4346177552126766,1.432698417140471,1.4266103351840334
1244,1.4346177552126766,1.4323886660956993,1.424475467014013
1245,1.4346177552126766,1.432261555297646,1.42880552485119
1246,1.4346177552126766,1.4322482842060074,1.4243662826486483
1247,1.4346177552126766,1.4322772373065251,1.4283933389875412
1248,1.4346177552126766,1.4321272722142395,1.4220451436132704
1249,1.4346177552126766,1.4317574239072866,1.4262237017455206
1250,1.4346177552126766,1.4319693881633668,1.4248159536661815
1251,1.4346177552126766,1.431964735784999,1.4191312321735172
1252,1.4346177552126766,1.4312150646028947,1.417849753415361
1253,1.4346177552126766,1.4305666909520083,1.4157687533872467
1254,1.4346177552126766,1.4305707463534854,1.4230790498048531
1255,1.4346177552126766,1.4310079428800564,1.4173426753687448
1256,1.4346177552126766,1.43072482105981,1.4125206406612136
1257,1.4346177552126766,1.4309273908974134,1.423163221416578
1258,1.4346177552126766,1.4317273482587871,1.423712610065548
1259,1.4346177552126766,1.4320855543881437,1.4274946290465098
1260,1.4346177552126766,1.4319483392349128,1.4276250430856707
1261,1.4346177552126766,1.4326134771748562,1.429192773251383
1262,1.4346177552126766,1.4329186203143776,1.4304717682945118
1263,1.4346177552126766,1.433287983750007,1.4279792164192266
1264,1.4346177552126766,1.4329389872880998,1.4296037654890676
1265,1.4346177552126766,1.4328607056572158,1.4280591446128628
1266,1.4346177552126766,1.4326746682227742,1.4280975395722502
1267,1.4346177552126766,1.4327907131841107,1.4286402979842012
1268,1.4346177552126766,1.4328903722980082,1.430657914524497
1269,1.4346177552126766,1.4327788957307592,1.4289562428227098
1270,1.4346177552126766,1.4325780831749964,1.4284542554646307
1271,1.4346177552126766,1.4326041347345546,1.4288563091533417
1272,1.4346177552126766,1.4330318653523495,1.429511041811433
1273,1.4346177552126766,1.43311247426399,1.429035936792266
1274,1.4346177552126766,1.432974949688811,1.4271599168751932
1275,1.4346177552126766,1.4327151869819743,1.4259945650965216
1276,1.4346177552126766,1.4327835531922435,1.4286838461566735
1277,1.4346177552126766,1.4324005573308867,1.4293856721392797
1278,1.4346177552126766,1.4328311734906771,1.429087324610416
1279,1.4346177552126766,1.4329297915876091,1.4283626882067182
1280,1.4346177552126766,1.4328160055319916,1.426194218490118
1281,1.4346177552126766,1.4326438302663604,1.4270493059397449
1282,1.4346177552126766,1.4326908302502759,1.4291455490805733
1283,1.4346177552126766,1.4327566519343031,1.4242991145273223
1284,1.4346177552126766,1.4327326169487122,1.4272003635496517
1285,1.4346177552126766,1.4327296797860083,1.4306359682649512
1286,1.4346177552126766,1.4328079521409478,1.4249748444994734
1287,1.4346177552126766,1.4327070992494477,1.429256990777891
1288,1.4346177552126766,1.4328119230945757,1.4303299464299717
1289,1.4346177552126766,1.4329396421264289,1.43045844550015
1290,1.4346177552126766,1.4330555029368326,1.4295462509921733
1291,1.4346177552126766,1.4330529184020155,1.429399142123611
1292,1.4346177552126766,1.4333127516361,1.4300519649727081
1293,1.4346177552126766,1.4332483096363637,1.429146022706187
1294,1.4346177552126766,1.4329491824594418,1.4301815183343176
1295,1.4346177552126766,1.432955227892637,1.4256109918010231
1296,1.4346177552126766,1.4328665189138154,1.4269170549593109
1297,1.4346177552126766,1.4329632513811066,1.4294520711207632
1298,1.4346177552126766,1.4328867467338882,1.4194593097554469
1299,1.4346177552126766,1.4327215171091583,1.4272745025343705
1300,1.4346177552126766,1.4325504303382397,1.4268370360139502
1301,1.4346809547632695,1.4323893353604753,1.42815298247701
1302,1.4346809547632695,1.4323319034996802,1.419278376302056
1303,1.4346809547632695,1.4321314186805327,1.4283572657593908
1304,1.4346809547632695,1.4324619311925886,1.4277606655020174
1305,1.4346809547632695,1.4326001018304988,1.4284362456931903
1306,1.4346809547632695,1.4330133805138252,1.4291186922123826
1307,1.4346809547632695,1.4333040516472406,1.4301226346572826
1308,1.4346809547632695,1.4333744849301655,1.431014096217554
1309,1.4346809547632695,1.4330334966362548,1.4294917040558341
1310,1.4346809547632695,1.4327251222417785,1.4264177947241043
1311,1.4346809547632695,1.4321499515595248,1.4234725211728951
1312,1.4346809547632695,1.4323569622010985,1.4251391814732017
1313,1.4346809547632695,1.4325662760438767,1.4261107828464865
1314,1.4346809547632695,1.4328770421943415,1.4274910669188225
1315,1.4346809547632695,1.4329816981549846,1.429348642452005
1316,1.4346809547632695,1.433005590611642,1.4212492475749732
1317,1.4346809547632695,1.4326561044201,1.4292695912413707
1318,1.4346809547632695,1.432397191989998,1.4261524325067962
1319,1.434698235110485,1.432335241287754,1.4237473926822157
1320,1.434698235110485,1.4322416137479872,1.4253384937694087
1321,1.434698235110485,1.4319875618199855,1.4207519654427367
1322,1.434756409812879,1.4324001016994203,1.4269965798562796
1323,1.434756409812879,1.4322044578168336,1.4269073739141178
1324,1.434756409812879,1.4325641576525934,1.4174218401298178
1325,1.434756409812879,1.4322890877865568,1.4258690306866741
1326,1.434756409812879,1.4326691673646983,1.4267039387960803
1327,1.434756409812879,1.4329052812467091,1.4300882487314837
1328,1.434756409812879,1.4330074972775324,1.4254253263028542
1329,1.434756409812879,1.4330828605717947,1.423529973367951
1330,1.434756409812879,1.4335530052720893,1.4295543640327746
1331,1.434756409812879,1.4335236908222067,1.4291973182407163
1332,1.434756409812879,1.4330776886219134,1.4221800472523005
1333,1.434756409812879,1.433442583862578,1.4261840018833563
1334,1.434756409812879,1.433516241874363,1.4309186382652812
1335,1.434756409812879,1.433318636506367,1.428871341860012
1336,1.434756409812879,1.4334319052833715,1.4294610159010583
1337,1.434756409812879,1.4336178092549532,1.430120452768965
1338,1.434756409812879,1.4334177861030852,1.4302200536467116
1339,1.434756409812879,1.4335509705482317,1.4310352286676653
1340,1.434756409812879,1.433358370808498,1.429037995068629
1341,1.434848791907764,1.4330805818405963,1.4288342994681944
1342,1.4348575374965273,1.4333103186855538,1.4294126310018018
1343,1.4348575374965273,1.4332258711548849,1.4271955090228587
1344,1.4348575374965273,1.4333553941904256,1.429881146547706
1345,1.4348575374965273,1.4332216518066412,1.4304196711111168
1346,1.4348575374965273,1.4332662344900362,1.4309370603997675
1347,1.4348575374965273,1.4332969715004555,1.4316954688643344
1348,1.4348687423149138,1.4333930747692214,1.4305193015247626
1349,1.4348687423149138,1.43319747786109,1.4286958762539692
1350,1.4348687423149138,1.4330826193842086,1.4286464213935948
1351,1.4348687423149138,1.4331075675091947,1.4254450667226544
1352,1.4348687423149138,1.4331407821662645,1.42364555504542
1353,1.4348687423149138,1.432741719254464,1.4243435414577554
1354,1.4348687423149138,1.432665764282957,1.4248923293859164
1355,1.4348687423149138,1.4328112214577957,1.4241719694909087
1356,1.4348687423149138,1.4332062543649255,1.4271974029017476
1357,1.4348687423149138,1.4332343748324725,1.43034969932091
1358,1.4348687423149138,1.433532776353187,1.4281928952283964
1359,1.4348687423149138,1.433694887389837,1.4313156496008146
1360,1.4348687423149138,1.4337822274366638,1.43125271529465
1361,1.4348687423149138,1.4338754203235229,1.431294331330765
1362,1.4348687423149138,1.4336940900727166,1.432017749255995
1363,1.4348687423149138,1.4336002292083305,1.4311911255321834
1364,1.4348687423149138,1.4334546494794786,1.4300590929841623
1365,1.4348687423149138,1.4335113219688786,1.4306949832417586
1366,1.4348687423149138,1.4335220427240938,1.429184803897324
1367,1.4348687423149138,1.4334954316854889,1.4307287140326161
1368,1.4348687423149138,1.4333871379754255,1.4299461559848465
1369,1.4348687423149138,1.4336599329769066,1.4288992339869597
1370,1.4348687423149138,1.433814276828812,1.4306052689341986
1371,1.4348687423149138,1.4339743543868193,1.4315490824724657
1372,1.4348723667287648,1.4340035452437443,1.4316281957066017
1373,1.4348723667287648,1.4339815287710618,1.4318769366365995
1374,1.4349345169605714,1.4340026018795806,1.4310402147847288
1375,1.4349394678633867,1.4339178821043945,1.431226041660611
1376,1.434983408113486,1.4336481477574485,1.4292474270456863
1377,1.434983408113486,1.4338470371053749,1.4305019534785592
1378,1.434983408113486,1.4337649594599433,1.4309050771153473
1379,1.434983408113486,1.4338890734734324,1.4305056684145634
1380,1.434983408113486,1.4342430108260447,1.4327912859044198
1381,1.434983408113486,1.4340330544440532,1.4315861877608749
1382,1.434983408113486,1.4340568666434828,1.431993044113764
1383,1.4352690461060122,1.433932682113009,1.4310526257716498
1384,1.4352690461060122,1.4341011177697327,1.432032112704517
1385,1.4352690461060122,1.434166657915343,1.4313489815424967
1386,1.4352690461060122,1.4340271322772051,1.4314327746592568
1387,1.4352690461060122,1.4341642424336813,1.4314977284164623
1388,1.4352690461060122,1.4335984234160417,1.4299083205661827
1389,1.4352690461060122,1.4336793856643082,1.427075526495794
1390,1.4352690461060122,1.4334289331917105,1.4298544910508915
1391,1.4353877518598497,1.4331834583609535,1.4262883805652953
1392,1.4353877518598497,1.4321748550486393,1.4224799258732286
1393,1.4353877518598497,1.4320564533670335,1.4262855988039504
1394,1.4353877518598497,1.432391668673091,1.4261725148987974
1395,1.4353877518598497,1.4324762586018962,1.426805880578697
1396,1.4353877518598497,1.4327731746019399,1.423726120056034
1397,1.4353877518598497,1.432771254679751,1.4261474984232032
1398,1.4353877518598497,1.4327420220425622,1.4270825351250367
1399,1.4353877518598497,1.4329143370548865,1.4243751682598669
1400,1.4353877518598497,1.432852960340974,1.4289255997071917
1401,1.4353877518598497,1.432867230857927,1.4283039484793432
1402,1.4353877518598497,1.4333210117341724,1.4256723580309045
1403,1.4353877518598497,1.43362542604744,1.4288616425047858
1404,1.4353877518598497,1.4338095155213477,1.430713293781224
1405,1.4353937371762882,1.4340430793238903,1.4303381792765015
1406,1.4353937371762882,1.4337838130973648,1.4293798418187604
1407,1.4353963964148018,1.434108911450151,1.430757187985929
1408,1.4353963964148018,1.4339762994034624,1.4313497115490952
1409,1.4353963964148018,1.4339117927948148,1.426904345722229
1410,1.4353963964148018,1.4333737103577027,1.427782286052981
1411,1.4353963964148018,1.4335805788081972,1.4299978903791715
1412,1.4353963964148018,1.4335788841416166,1.4316499395683813
1413,1.4353963964148018,1.4340398704395216,1.4314189280613263
1414,1.4353963964148018,1.4339088646781801,1.4315748975930689
1415,1.4353963964148018,1.4340024497050654,1.431521189208506
1416,1.4353963964148018,1.4340536125648484,1.4317587135057854
1417,1.4353963964148018,1.4340854791732545,1.426337097800392
1418,1.4353963964148018,1.4340501840041295,1.4310525906101164
1419,1.4353963964148018,1.4337654827013866,1.4235888506468888
1420,1.4354361818227523,1.4339126988204896,1.430699488039855
1421,1.4355294546796642,1.433833885044099,1.4312941084411237
1422,1.4355294546796642,1.4337268825002532,1.4306960040587953
1423,1.4355294546796642,1.4339120318266845,1.431454805136745
1424,1.4355294546796642,1.4337946546138145,1.4291031130974006
1425,1.4355294546796642,1.4333068729810055,1.4262790734997617
1426,1.4355294546796642,1.4331076869830435,1.4276512154160352
1427,1.4355294546796642,1.4336502988955786,1.4307499454589052
1428,1.435918441893012,1.4337789838183246,1.4295344282536386
1429,1.435918441893012,1.433843008862038,1.426348545706046
1430,1.435918441893012,1.4340944525853114,1.4282736993656506
1431,1.435918441893012,1.4341064488480797,1.4312280050869002
1432,1.435918441893012,1.4343411430852975,1.4320684702985924
1433,1.435918441893012,1.4339003605639622,1.4293877772924815
1434,1.435918441893012,1.4338460030982632,1.4261991117082153
1435,1.435918441893012,1.434064929831969,1.430635950900467
1436,1.435918441893012,1.4343458149586041,1.4313122383846144
1437,1.435918441893012,1.4341648116293144,1.4290197056000726
1438,1.435918441893012,1.4341090634952136,1.4295254548436314
1439,1.4359731387518597,1.4343101330181534,1.4311394087365505
1440,1.4359731387518597,1.4340860644717572,1.430142287826313
1441,1.4359731387518597,1.434154839413585,1.4286227904988118
1442,1.436021738134228,1.4340130811725647,1.4293415388078123
1443,1.436021738134228,1.434231526372927,1.4299407832021185
1444,1.436021738134228,1.4345298896853467,1.4299755980337765
1445,1.436021738134228,1.4347524236002709,1.4293090593768436
1446,1.436021738134228,1.4346013847745789,1.4305183742982621
1447,1.436021738134228,1.4346474065556336,1.4280142781381022
1448,1.436021738134228,1.4344561829119515,1.428916736184504
1449,1.436021738134228,1.4345366455976147,1.4310796156896126
1450,1.436021738134228,1.4338800899247186,1.4272308081929421
1451,1.436021738134228,1.4340295196772612,1.418654572111706
1452,1.436021738134228,1.434115390511647,1.4296627222477378
1453,1.436021738134228,1.4341950722361723,1.425375631164242
1454,1.436021738134228,1.4341786207437053,1.4303201682763893
1455,1.4361223383763382,1.434213209248817,1.4299537362487418
1456,1.4361223383763382,1.4340163158899868,1.4301572304486492
1457,1.4361223383763382,1.4336929172240227,1.422969600890197
1458,1.4361223383763382,1.4336016864458077,1.4289412594809314
1459,1.4361223383763382,1.4336234783754045,1.4279434035576792
1460,1.4361223383763382,1.434001040286505,1.4314192376395487
1461,1.4361223383763382,1.4341644918714544,1.430164794979731
1462,1.4361223383763382,1.4343239911216508,1.4300678444620252
1463,1.4361223383763382,1.434412856180633,1.4306309753944753
1464,1.4361223383763382,1.4346018371975964,1.431377158547045
1465,1.4362192668417424,1.4346632928071708,1.4323308259091183
1466,1.4362192668417424,1.4341369526430037,1.4211227970717788
1467,1.4362385900612913,1.434389751006135,1.4306836262923337
1468,1.4362385900612913,1.4341235567089043,1.4256939994296811
1469,1.4362385900612913,1.4344022172471653,1.43058540356498
1470,1.4362385900612913,1.434466334122824,1.4305415710673468
1471,1.4363073090570115,1.4345458293584261,1.4270219053302682
1472,1.4363073090570115,1.4347855006166719,1.4317577316608265
1473,1.4363073090570115,1.435151755604905,1.432446913937726
1474,1.4363233670612752,1.4351800192038229,1.432957835344205
1475,1.4363233670612752,1.4353014206361567,1.4325875956361767
1476,1.4364884277236816,1.4353084167168648,1.4312536084970267
1477,1.4364884277236816,1.4350879350097867,1.4292505265587663
1478,1.4364884277236816,1.4348637347433995,1.4330482073709525
1479,1.4364884277236816,1.435073007950578,1.4311843286266241
1480,1.4364884277236816,1.4348921833905186,1.42911843806789
1481,1.4364884277236816,1.43490811096167,1.4316842949190145
1482,1.4364884277236816,1.4352466913223498,1.432608525449441
1483,1.436494290325534,1.4350501341861348,1.4272090149823184
1484,1.436494290325534,1.4350456811929881,1.4277180712682955
1485,1.436663255825465,1.4352182256344792,1.4274213936270197
1486,1.436663255825465,1.435008307255346,1.4323322999761192
1487,1.436663255825465,1.4349010727564424,1.4320876957248967
1488,1.436663255825465,1.43483995056313,1.429987606031264
1489,1.436663255825465,1.434811846349721,1.4306553387863152
1490,1.436663255825465,1.4349026454812879,1.4326766279710585
1491,1.436663255825465,1.4348641846126458,1.429050950518431
1492,1.436663255825465,1.4348731894125593,1.431441282609694
1493,1.436663255825465,1.43486150077306,1.4315974009566421
1494,1.436663255825465,1.4346932569265198,1.4296240325715375
1495,1.4366749429847263,1.4344881679151833,1.4165431930373569
1496,1.4366749429847263,1.4342816154495077,1.4282525757867115
1497,1.4366749429847263,1.4338255695144215,1.428310735086149
1498,1.4366749429847263,1.4343353428459635,1.4294680349464182
1499,1.4366749429847263,1.4342328734776977,1.4278163184374006
1500,1.4366749429847263,1.4339673460467888,1.4263172710085004
1501,1.4366749429847263,1.4335758341020386,1.4162980408943335
1502,1.4366749429847263,1.4334873999058366,1.4159767077803735
1503,1.436764225274988,1.4343117770558786,1.4221686325097942
1504,1.436764225274988,1.434283232931732,1.4265001318776798
1505,1.436764225274988,1.4341381427703288,1.4253457834535812
1506,1.436764225274988,1.4340008321403925,1.428482957286667
1507,1.436764225274988,1.4342810815147444,1.4309232381037458
1508,1.436764225274988,1.4345206165146696,1.4309236100911646
1509,1.436764225274988,1.4347283146443204,1.4302505537769648
1510,1.436764225274988,1.4348614076865203,1.4319094502400667
1511,1.436764225274988,1.4355449191816163,1.4321781069765944
1512,1.436764225274988,1.4354451510999178,1.4326837758577395
1513,1.436764225274988,1.4353498419182769,1.4310827599727332
1514,1.436764225274988,1.4351350434171968,1.4308081180551666
1515,1.436764225274988,1.4350198737918691,1.4320612640183903
1516,1.436764225274988,1.4349438693916545,1.4317733321886437
1517,1.436764225274988,1.4349292514042755,1.430837661705525
1518,1.436764225274988,1.4350702524576697,1.4311648718465955
1519,1.436764225274988,1.4354564553565003,1.4304437833147663
1520,1.436764225274988,1.4357294557617477,1.4333195985636433
1521,1.436764225274988,1.4352937531376955,1.4316518717266034
1522,1.436764225274988,1.4353616837231686,1.4308212105661253
1523,1.436764225274988,1.4353840556931252,1.430979355962515
1524,1.4368364993189073,1.4352066300667743,1.4285991162336702
1525,1.4368364993189073,1.4347314182470512,1.4259069379929994
1526,1.4368364993189073,1.434456868444825,1.4159277932793781
1527,1.4368364993189073,1.4341582654922065,1.425898776767467
1528,1.4368364993189073,1.4338840103553068,1.4210702570232143
1529,1.4368364993189073,1.434030136539954,1.4266760773312954
1530,1.4368364993189073,1.4344571625224998,1.4307601203108387
1531,1.437257461003331,1.4349945526662822,1.4268302192942577
1532,1.437257461003331,1.434889141928953,1.4301434769032602
1533,1.437257461003331,1.4346187029742057,1.429446269165901
1534,1.437257461003331,1.4349690459670694,1.4304200643266551
1535,1.437257461003331,1.4346106736074014,1.4283753312226675
1536,1.4372837332052522,1.4346794526551532,1.4305082601118493
1537,1.4372837332052522,1.434988283488295,1.4303902171467258
1538,1.4372837332052522,1.4356046207694555,1.43287422951418
1539,1.4372837332052522,1.4354267228003943,1.4281395629595213
1540,1.4372837332052522,1.4350392841880666,1.4318039498124593
1541,1.4372837332052522,1.435308126868364,1.4299696258842598
1542,1.4372837332052522,1.4354518488897476,1.430787582307343
1543,1.4372837332052522,1.4356327320240865,1.4333330541944511
1544,1.4372837332052522,1.435832312122609,1.4316155479456447
1545,1.4372837332052522,1.4357498771116923,1.4252402415938188
1546,1.4372837332052522,1.4359383893556197,1.433735377449005
1547,1.4372837332052522,1.4358058731935708,1.4302238986716709
1548,1.4372837332052522,1.4351022915664862,1.4273930766958336
1549,1.4372837332052522,1.4353211199906888,1.4317862782689843
1550,1.4372837332052522,1.4355013187020824,1.4295492430622785
1551,1.4372837332052522,1.4356307742825316,1.4322976490882744
1552,1.4372837332052522,1.435724760378409,1.4280005614391094
1553,1.4372837332052522,1.435772365274623,1.432900776039044
1554,1.4372837332052522,1.4359038352984377,1.431994324258413
1555,1.4372837332052522,1.4359775210303658,1.4314295279752782
1556,1.4372837332052522,1.4359152315985741,1.4320474841778232
1557,1.4372837332052522,1.4358533340357786,1.4332043908756098
1558,1.4372837332052522,1.436179357003535,1.4338652800074327
1559,1.4373493643565243,1.4361166477659313,1.4312818749614573
1560,1.4373493643565243,1.4361009695214266,1.4342586394857184
1561,1.4373493643565243,1.4363241736094898,1.4329362295590085
1562,1.4373493643565243,1.4360192278618993,1.4330403590640368
1563,1.4373493643565243,1.4361819611686235,1.433289062609402
1564,1.4373493643565243,1.4363592221603352,1.4340887461342555
1565,1.4373493643565243,1.4363840515570516,1.433768490462307
1566,1.4373493643565243,1.436352310049504,1.4294143996741775
1567,1.4373493643565243,1.4363256034659084,1.4309645384086318
1568,1.4373493643565243,1.436136777448602,1.4332934825519228
1569,1.4373493643565243,1.4359656319607623,1.4296764467654675
1570,1.4373493643565243,1.4357532031839972,1.4297860075773672
1571,1.4373493643565243,1.435533619136981,1.4273070390780633
1572,1.4373493643565243,1.4350610745764332,1.4274157609282692
1573,1.4373493643565243,1.4350386286505783,1.430930730359329
1574,1.4373493643565243,1.4347049294287086,1.42811356117169
1575,1.4373493643565243,1.4346570653241424,1.420723583694979
1576,1.4373493643565243,1.4345871000238726,1.4274651741772024
1577,1.4373493643565243,1.4349769791162073,1.4290114556865374
1578,1.4373493643565243,1.435350959226519,1.430616853663497
1579,1.4373493643565243,1.4356421794709293,1.4306920949452397
1580,1.4373493643565243,1.4358267912547567,1.4328156699664807
1581,1.4373963893511825,1.436167819647219,1.4326795765127376
1582,1.4373963893511825,1.4362670687623347,1.4312459360590644
1583,1.4373963893511825,1.4357897158035495,1.431436950987029
1584,1.4373963893511825,1.4357055753703067,1.4319777615127238
1585,1.4373963893511825,1.435418616137276,1.4284370466586893
1586,1.4373963893511825,1.434950131505583,1.4239338517644213
1587,1.4373963893511825,1.435084307047174,1.4316707403462128
1588,1.4373963893511825,1.4350285731520975,1.43160153213234
1589,1.4373963893511825,1.4347387926820574,1.4300608158140926
1590,1.4373963893511825,1.4350423730705675,1.4293066235089058
1591,1.4373963893511825,1.4352518348656398,1.4306067192134426
1592,1.4373963893511825,1.4354473263701621,1.4308790395250452
1593,1.4375278955469093,1.4350591646110513,1.4310318040914782
1594,1.4375278955469093,1.4350170769199382,1.4289681807599557
1595,1.4375278955469093,1.4353735748155165,1.430680704858213
1596,1.4375278955469093,1.4355887177473494,1.4308209421745068
1597,1.4375278955469093,1.4357908437688807,1.4324588715563786
1598,1.4375278955469093,1.4354428212916717,1.4238091964825967
1599,1.4375278955469093,1.4351227339473454,1.427099884697598
1600,1.4375278955469093,1.4350296455459794,1.4302653061184798
1601,1.4375278955469093,1.4350632818421796,1.4287004284617395
1602,1.4375278955469093,1.4349418016622744,1.4310036509135613
1603,1.4375278955469093,1.4349572715655645,1.4288190582207805
1604,1.4375278955469093,1.4347276097789823,1.4278259027935722
1605,1.4375278955469093,1.4348473988057007,1.4283739205953876
1606,1.4375278955469093,1.4346759390828645,1.4298146836955004
1607,1.4375278955469093,1.4345466380887115,1.4210134166584893
1608,1.4375278955469093,1.4340487533783703,1.4272329336179355
1609,1.4375278955469093,1.4344285751180217,1.4263761702720532
1610,1.4375278955469093,1.4344335945022744,1.4273180575438562
1611,1.4375278955469093,1.4334413225797105,1.4111238252526968
1612,1.4375278955469093,1.4311378699953097,1.4109364621828355
1613,1.4375278955469093,1.4307474100144935,1.4027741346762577
1614,1.4375278955469093,1.4313535647392157,1.4187991503878685
1615,1.4375278955469093,1.431916692360565,1.4191558337957024
1616,1.4375278955469093,1.4326778959459607,1.4215628420594766
1617,1.4375278955469093,1.4335617694403575,1.4233485216795376
1618,1.4375278955469093,1.434350451980518,1.426811508243839
1619,1.4375278955469093,1.4349355752349218,1.4283296904061116
1620,1.4375278955469093,1.4349140492893886,1.4291944713793394
1621,1.4375278955469093,1.4352030304856682,1.427002586484924
1622,1.4375278955469093,1.4354830058463053,1.429839752072436
1623,1.4375278955469093,1.4352125109690175,1.4280313865285554
1624,1.4375278955469093,1.4352419037904753,1.4287197653974653
1625,1.4375278955469093,1.4353678186939407,1.429890895964277
1626,1.4375278955469093,1.435595028924868,1.4300528016642633
1627,1.4375278955469093,1.4355936339101438,1.4327663085757918
1628,1.4375278955469093,1.4354736239259183,1.4314220482854296
1629,1.4375278955469093,1.435533509410496,1.4319075171139573
1630,1.4375278955469093,1.4352354475828542,1.428937420269527
1631,1.437639499768289,1.43547586481047,1.4259874306781812
1632,1.437639499768289,1.4353490867564045,1.4287121709159023
1633,1.437639499768289,1.4354804373434098,1.4323835718666313
1634,1.437639499768289,1.4358592637853482,1.432395348754148
1635,1.437639499768289,1.4356639320611182,1.4292487264030167
1636,1.437639499768289,1.4354671594223476,1.429674392924275
1637,1.4376486414067335,1.4353324790359627,1.4272951574620367
1638,1.4376486414067335,1.4356239695024045,1.4338854762007927
1639,1.4376486414067335,1.4361810773026813,1.4333983416302902
1640,1.4376486414067335,1.4360216500789702,1.433538085582027
1641,1.4376486414067335,1.4358928293606577,1.4327571011890448
1642,1.4376486414067335,1.435932956974207,1.4307386736733678
1643,1.4376486414067335,1.4358697617892,1.4309800021336936
1644,1.4376486414067335,1.4356722958821637,1.4305222608983925
1645,1.4376486414067335,1.4362535442139304,1.4339671757197114
1646,1.4376486414067335,1.436385854185731,1.4289217807305348
1647,1.4376863529335522,1.4363803554994825,1.431890753736682
1648,1.4376863529335522,1.4361597178227783,1.4247029913913607
1649,1.4376889066539447,1.4358141681413783,1.4277224958977166
1650,1.4376889066539447,1.4358575011571844,1.431967192074279
1651,1.4376889066539447,1.43594345480871,1.4327226575384855
1652,1.4376889066539447,1.4360917602340797,1.4315790466501745
1653,1.4376889066539447,1.4361409502939966,1.4322258690413476
1654,1.4377250246110087,1.4364654291078685,1.4335712310626292
1655,1.4378425177119152,1.436747307270403,1.4345702766779054
1656,1.4378425177119152,1.436925755801885,1.4349598215588848
1657,1.4378425177119152,1.4367302512522702,1.4347210652250546
1658,1.4378425177119152,1.436363055049356,1.433110155688299
1659,1.4378425177119152,1.4364627681868976,1.4330523117874259
1660,1.4378425177119152,1.436636545021414,1.4305505099446572
1661,1.4378605766261532,1.4368010600596974,1.4341016847202601
1662,1.4378605766261532,1.4367017697880566,1.4332796485489594
1663,1.4378605766261532,1.4363143187908454,1.4297167777512578
1664,1.4378605766261532,1.4360854082627423,1.4314385142256962
1665,1.4378886250880567,1.4359586246961413,1.4309476256819926
1666,1.4378886250880567,1.436158690180894,1.4302381597498766
1667,1.4378886250880567,1.4359227482294643,1.4320007982739398
1668,1.4378886250880567,1.4361967044832782,1.4329414110860215
1669,1.4378886250880567,1.436463440373089,1.4318631880514803
1670,1.4378886250880567,1.4365698816457937,1.434919938893764
1671,1.4378886250880567,1.4365746663970866,1.4313539048907509
1672,1.4378886250880567,1.4365159801999325,1.4329226199038667
1673,1.4380473533124711,1.436662420612868,1.434386001801697
1674,1.4380473533124711,1.4364447055183405,1.4305813519181296
1675,1.4380473533124711,1.4364874388024456,1.431642016440187
1676,1.4380473533124711,1.4364520126211329,1.4329885983821566
1677,1.4380473533124711,1.4362702000284397,1.4314957085145006
1678,1.4380473533124711,1.4364991878999154,1.431574230098765
1679,1.4380473533124711,1.4366663694268862,1.4317846216967622
1680,1.4380473533124711,1.4368174588056644,1.432163329821487
1681,1.4380473533124711,1.4365424569158969,1.4347284829156324
1682,1.4380473533124711,1.4364952430269726,1.4335135234259253
1683,1.4380473533124711,1.4366618378636524,1.4340751104560354
1684,1.4380473533124711,1.4367655949646663,1.4346173647073952
1685,1.4380473533124711,1.4367228671091068,1.432648099905449
1686,1.4380473533124711,1.436750093721579,1.4335281012909018
1687,1.4380473533124711,1.4368693784153017,1.4329825287928413
1688,1.4380473533124711,1.436983441539225,1.4329041662481905
1689,1.4380473533124711,1.4369638979075785,1.433873561600284
1690,1.4380473533124711,1.4370810308354378,1.4326304332229558
1691,1.4380473533124711,1.4371466155511095,1.4342814481983697
1692,1.4380748541312225,1.4368373559292913,1.433163943713888
1693,1.4380748541312225,1.436716442940953,1.4306174969990835
1694,1.4380748541312225,1.4366407630935742,1.4329924281782453
1695,1.4380748541312225,1.4364609987739194,1.430286779355894
1696,1.4380748541312225,1.4358557935981295,1.430977723353978
1697,1.4381360505984224,1.4356983659197906,1.4289580906130486
1698,1.4381360505984224,1.4351851722678246,1.427402801926833
1699,1.4381360505984224,1.4353092710747246,1.4250895130976957
1700,1.4381360505984224,1.4353001123775784,1.4282428229167583
1701,1.4381360505984224,1.4355492674609147,1.4299087315749774
1702,1.4381360505984224,1.4347772780774444,1.4312751472680376
1703,1.4381360505984224,1.4350232635223168,1.4297769646083274
1704,1.4381360505984224,1.4350181185612447,1.4305301651538518
1705,1.4381360505984224,1.4352970506792415,1.4318417586260204
1706,1.4381360505984224,1.4355512065463742,1.4259733755365762
1707,1.4381360505984224,1.4358513702038758,1.4286075904479238
1708,1.4381360505984224,1.4355434311752853,1.4192451683164653
1709,1.4381360505984224,1.4358855857573238,1.4313706939728206
1710,1.4381360505984224,1.4365146313812966,1.4337206161269151
1711,1.4381360505984224,1.4364362507743826,1.4345452619951589
1712,1.4381360505984224,1.4365030465440571,1.4323371909152551
1713,1.4381360505984224,1.4365796557885604,1.4307115816514364
1714,1.4381360505984224,1.4365853147678482,1.4343139452221862
1715,1.4381360505984224,1.436309873749039,1.4289677657708784
1716,1.4381360505984224,1.4361974469347403,1.43066986093445
1717,1.4381360505984224,1.435888148303966,1.430820631592604
1718,1.4381360505984224,1.4358146443107882,1.4293547684774075
1719,1.4381360505984224,1.4360208177481288,1.4297270331026477
1720,1.4381360505984224,1.4364421939204124,1.4331301583864957
1721,1.4381360505984224,1.4361963510444946,1.4317087387181355
1722,1.4381360505984224,1.4361367929926063,1.424760813272793
1723,1.4381360505984224,1.4361532457076587,1.427499687547536
1724,1.4381360505984224,1.435842731989111,1.4216484773390778
1725,1.4381360505984224,1.435422354719718,1.4218772417365055
1726,1.4381360505984224,1.4353535073231123,1.4291971546009852
1727,1.4381360505984224,1.4353339849793547,1.4273351578497735
1728,1.4381360505984224,1.4350204163553824,1.4267048215754292
1729,1.4381360505984224,1.4348718911885987,1.428887697844673
1730,1.4381360505984224,1.4355433290385387,1.4297823460168513
1731,1.4381360505984224,1.4349116734602638,1.4158747240331744
1732,1.4381360505984224,1.435642930093558,1.4231226271646045
1733,1.4381360505984224,1.435716820817528,1.4285631987755751
1734,1.4381360505984224,1.4357929011914266,1.4280707894410831
1735,1.4381360505984224,1.435640142942696,1.4284585711678788
1736,1.4381360505984224,1.4356844225217662,1.427358715398322
1737,1.4381360505984224,1.4354752582775865,1.429758495465686
1738,1.4381360505984224,1.4360408532089206,1.4298552961629905
1739,1.4381360505984224,1.4363954738685831,1.4306522637449235
1740,1.4381360505984224,1.4365747492110408,1.4311306586026047
1741,1.4381360505984224,1.435924301557209,1.4305901468863833
1742,1.4381360505984224,1.4359493414962647,1.431434525452527
1743,1.4381504999005355,1.4362331318143773,1.4321755221310886
1744,1.4381504999005355,1.4362276231254623,1.427643610628378
1745,1.4382422823230123,1.4363229767408154,1.4245487541835253
1746,1.4382422823230123,1.436611667731097,1.4329264806176298
1747,1.4382422823230123,1.4368628870116829,1.434115128476808
1748,1.4382422823230123,1.4369530098153513,1.434559210500334
1749,1.4382422823230123,1.4371110353685452,1.4336626793432785
1750,1.4382422823230123,1.4370515949628726,1.429434259315505
1751,1.4382422823230123,1.436856290329137,1.433074665825323
1752,1.4382422823230123,1.4370622456402578,1.4343783329661914
1753,1.4382422823230123,1.4366591076080706,1.4327942752836391
1754,1.4382422823230123,1.4368033723820326,1.4335030520500105
1755,1.4382422823230123,1.4366735523928877,1.4307382479991115
1756,1.4382422823230123,1.4365792561391357,1.4334555243552463
1757,1.4382422823230123,1.436708890239255,1.4332104628228797
1758,1.4382422823230123,1.4368231253053108,1.4337380239672055
1759,1.4382422823230123,1.4370036674501252,1.4335351758116033
1760,1.4382422823230123,1.4364078707344146,1.429308133047045
1761,1.4382422823230123,1.4362275461509548,1.4333241368824363
1762,1.4382422823230123,1.4357159689394832,1.4292251717414248
1763,1.4382422823230123,1.4357983565010806,1.4297306182513223
1764,1.4382422823230123,1.436213262848015,1.4323442870318326
1765,1.4382422823230123,1.436248847006876,1.4325631751024688
1766,1.4382422823230123,1.436332112858657,1.4323709868944141
1767,1.4382422823230123,1.4363290695596111,1.4310525326930545
1768,1.4382422823230123,1.4358349602000045,1.4224187701779034
1769,1.4382422823230123,1.435789562116341,1.4210131201766647
1770,1.4382422823230123,1.435931791431572,1.4297289590550526
1771,1.4382422823230123,1.4361767244161854,1.4310844326951313
1772,1.4382422823230123,1.4362265089482174,1.427624690873768
1773,1.4382422823230123,1.436556708145477,1.4318209334192604
1774,1.4382422823230123,1.4365559502360619,1.4337113219058646
1775,1.4382422823230123,1.4364883621066797,1.4337654467222762
1776,1.4382422823230123,1.4367806071474416,1.4310140817945671
1777,1.4382422823230123,1.4368478036201566,1.4326816740592418
1778,1.4382422823230123,1.436765284219569,1.4323535227961486
1779,1.4382422823230123,1.4366341111826493,1.4334933197788395
1780,1.4382422823230123,1.4363614790394181,1.4333134484988224
1781,1.4382422823230123,1.4363556748836348,1.4322728555815787
1782,1.4382422823230123,1.4367006307215053,1.4342328908577155
1783,1.4382422823230123,1.4362730319169787,1.4311737448961142
1784,1.4382422823230123,1.4360007197121747,1.4277876374051304
1785,1.4382422823230123,1.4360235424052907,1.4326291596416358
1786,1.4382422823230123,1.436300195181343,1.4312964716484755
1787,1.4382450900704493,1.436169280305475,1.4317299518111537
1788,1.4382450900704493,1.4365148318871694,1.432828839834996
1789,1.438343141704137,1.436796376091411,1.4336745912867717
1790,1.438343141704137,1.4366836424294758,1.4275864502768072
1791,1.438343141704137,1.4367549843326464,1.4309871532795366
1792,1.438343141704137,1.4367121609944986,1.4330732323281392
1793,1.438343141704137,1.4366915415132027,1.4340341341983187
1794,1.438343141704137,1.4366231895211339,1.433110356089394
1795,1.438343141704137,1.4366861321517626,1.4337465349865792
1796,1.438343141704137,1.4365499007148401,1.4314187563071794
1797,1.438343141704137,1.4363761568630884,1.431150605543984
1798,1.438343141704137,1.436266150849836,1.4283368762558586
1799,1.438343141704137,1.4361505636885246,1.4302906769421422
1800,1.438343141704137,1.4365582772099237,1.4326748090761123
1801,1.4383460514437212,1.4367507191369662,1.4304077535158435
1802,1.4383460514437212,1.4366346495445492,1.4327652179860562
1803,1.4383460514437212,1.4366198132079655,1.4274888128315077
1804,1.4383460514437212,1.4362109675696504,1.4307215537050724
1805,1.4383460514437212,1.4361203509613136,1.4283406606232203
1806,1.4383460514437212,1.4362635149075533,1.4296206539558938
1807,1.4383460514437212,1.4364446249851517,1.4291692604850446
1808,1.4383460514437212,1.4366678785516824,1.4322776984080636
1809,1.4383460514437212,1.4371627512824696,1.4347628289462817
1810,1.4383460514437212,1.437179926922109,1.4347412169047529
1811,1.4383460514437212,1.4372332436757986,1.4341667215302998
1812,1.4383460514437212,1.4368727169099202,1.4289362940714203
1813,1.4383460514437212,1.437081403336534,1.433859242847792
1814,1.4383460514437212,1.4371061165828707,1.4333045748793705
1815,1.4383460514437212,1.437043676988467,1.4349965403660632
1816,1.4383460514437212,1.437187973924229,1.435074281602566
1817,1.4383460514437212,1.4372868659547404,1.4341669088352067
1818,1.4383460514437212,1.4372231879032795,1.4350286779691133
1819,1.4383460514437212,1.437202635131142,1.4343676658752773
1820,1.4383460514437212,1.4372069817599171,1.4337844508134072
1821,1.4383460514437212,1.4371180749627335,1.4332210375907033
1822,1.4383460514437212,1.4369867805007794,1.4302846185903733
1823,1.4383460514437212,1.4371811566103159,1.4329955312026739
1824,1.4383460514437212,1.4372388785358907,1.4351200786564662
1825,1.4383460514437212,1.437265354653446,1.433323661547494
1826,1.4383460514437212,1.437376418068559,1.4343260674808391
1827,1.4383460514437212,1.4371947213749277,1.435016457683622
1828,1.4383460514437212,1.4369528787905899,1.4344294703390505
1829,1.4384027067957574,1.4369577074671396,1.4297594991816127
1830,1.4384027067957574,1.4370762032909872,1.432831882889018
1831,1.4384027067957574,1.4372828558629935,1.4340738120656624
1832,1.4384099644375299,1.437407047890548,1.4344947312764946
1833,1.4384099644375299,1.4370658560023124,1.4321670154368416
1834,1.4384099644375299,1.436801842568453,1.4330503891174056
1835,1.4384099644375299,1.4367005434181153,1.4318564723236353
1836,1.4384692750061747,1.4369652042517385,1.4329332476065528
1837,1.4384692750061747,1.4371788703825856,1.4321551639947658
1838,1.4384692750061747,1.4371866335224681,1.4336906605486943
1839,1.4384692750061747,1.437393713106161,1.4352190449143485
1840,1.4384692750061747,1.4374251051448477,1.432611625684886
1841,1.4384692750061747,1.437235853855107,1.429498952402494
1842,1.4384692750061747,1.4369586003284707,1.4320447382041348
1843,1.4384847586700253,1.4371684166763574,1.4335608310659635
1844,1.4384847586700253,1.437230279393756,1.434386392200304
1845,1.4384847586700253,1.437348980959939,1.4348805862320886
1846,1.4384947703919608,1.4375799607389084,1.4345539625369632
1847,1.4384947703919608,1.4372382647670237,1.4316670467372352
1848,1.4384947703919608,1.4370528639063076,1.4305406577566624
1849,1.4384947703919608,1.437148976939722,1.4347511297403308
1850,1.4384947703919608,1.437318484174426,1.433637461052562
1851,1.4384947703919608,1.4374856031247603,1.4339427910520444
1852,1.4384947703919608,1.4375446403404726,1.43380384865128
1853,1.4384947703919608,1.4375010366358805,1.4353820224915905
1854,1.4384947703919608,1.4376371648876143,1.434071810690608
1855,1.4384947703919608,1.4378550995771286,1.4362500872590902
1856,1.438624381906436,1.4376999111628417,1.4343571440043514
1857,1.438624381906436,1.4372019356898034,1.4309897894098471
1858,1.438624381906436,1.4374387187315731,1.4340056603245184
1859,1.4386791606335732,1.437898427308043,1.4350373736217277
1860,1.4386791606335732,1.4376460212176057,1.4331340060794087
1861,1.4386791606335732,1.4374570550208785,1.4303374034341945
1862,1.4386791606335732,1.4373147303034026,1.4322574094640588
1863,1.4386791606335732,1.437356433863212,1.4325645384715706
1864,1.4386791606335732,1.4373339879381808,1.4332006245364386
1865,1.4386791606335732,1.4370935421006683,1.4293927746737622
1866,1.4386791606335732,1.4367944205203487,1.4323182006181805
1867,1.4386791606335732,1.4371998544275288,1.4324636948358742
1868,1.4386791606335732,1.437486060408622,1.4353323409019463
1869,1.4386791606335732,1.4372901103956517,1.4343798380957213
1870,1.4386832347079237,1.4375009963436889,1.434225768921988
1871,1.4386832347079237,1.4373694471762395,1.4342063643906242
1872,1.4386832347079237,1.437343324058211,1.4335854799826138
1873,1.4386832347079237,1.4375288479489947,1.4349054613682848
1874,1.4386832347079237,1.4376542638979866,1.4291029903141585
1875,1.438749583977613,1.4376706484425126,1.431187913847996
1876,1.438749583977613,1.4373591978033964,1.4337147162499329
1877,1.438749583977613,1.43723757459364,1.4332080272016325
1878,1.438749583977613,1.4374481315302208,1.4322951943617668
1879,1.438749583977613,1.4376026043919798,1.4354730507208158
1880,1.438749583977613,1.4378835735500914,1.4350934752932751
1881,1.438749583977613,1.4378905324780298,1.4359577566131543
1882,1.438749583977613,1.4377110594599551,1.431242623595797
1883,1.438749583977613,1.4375693351490775,1.431338466935483
1884,1.438749583977613,1.4376131705837676,1.4330472652265402
1885,1.438749583977613,1.437766635417803,1.4328530426953883
1886,1.438749583977613,1.4377965121160612,1.434024386302935
1887,1.438749583977613,1.4378846655370083,1.4315244082608802
1888,1.438749583977613,1.4379267579353956,1.435640368982692
1889,1.438749583977613,1.4379464069192485,1.4344953401830567
1890,1.438749583977613,1.438094663477416,1.4356624595015617
1891,1.438749583977613,1.4381219317301217,1.4356939079798736
1892,1.438749583977613,1.4376468485163232,1.4343239781462314
1893,1.438749583977613,1.437607899754753,1.4334180160696843
1894,1.438749583977613,1.4379550246917332,1.4351453937819891
1895,1.4387872440341964,1.4378696954359793,1.4357566198430705
1896,1.4388724532682422,1.437916569790502,1.4355235770530852
1897,1.4389229901940996,1.4381261493912285,1.436373671838122
1898,1.4389229901940996,1.4383027053834698,1.435978825376634
1899,1.4389229901940996,1.4382100916281257,1.436755107479694
1900,1.4389229901940996,1.4380841872976378,1.436095989248668
1901,1.4389907142516083,1.4380658438954372,1.4352008508942542
1902,1.4389907142516083,1.4382511606372246,1.436931626612185
1903,1.4389907142516083,1.438124056927963,1.4359980896222304
1904,1.4389907142516083,1.4377105509655663,1.4323493835719385
1905,1.4390024259593703,1.437735752942544,1.4342108669337785
1906,1.4390024259593703,1.4375581203139847,1.428698148056289
1907,1.4390024259593703,1.4376584914914385,1.4329180660298397
1908,1.4390363262790564,1.4378193503305534,1.4348792838366848
1909,1.4390363262790564,1.4377848430350533,1.434176660380976
1910,1.4390363262790564,1.4377138319913272,1.4337973150048169
1911,1.4390363262790564,1.4379210401074747,1.4287996152708506
1912,1.4390363262790564,1.437556798914327,1.4237672255744158
1913,1.4390363262790564,1.437614175838152,1.4208845728594337
1914,1.4390363262790564,1.4374551766462829,1.432775187392273
1915,1.4390363262790564,1.4378227475225431,1.435247134041179
1916,1.4390363262790564,1.4378509147553244,1.4350498332768582
1917,1.4390363262790564,1.4377891573788637,1.4348751632118415
1918,1.4390363262790564,1.4378858082093686,1.4364517300357698
1919,1.4390363262790564,1.4379563637826516,1.434210671756658
1920,1.4390363262790564,1.4378935461085385,1.4322555794502358
1921,1.4390363262790564,1.4375834687285791,1.4306384116866
1922,1.4390363262790564,1.4375390631538303,1.4347996759678447
1923,1.4390363262790564,1.4372913591216285,1.4330701882625632
1924,1.4390363262790564,1.437021168417361,1.4281689397694666
1925,1.4390363262790564,1.4372079361274286,1.4323897685461788
1926,1.4390363262790564,1.4372229384757034,1.4330956904113537
1927,1.4390363262790564,1.4372356746148662,1.4276465792971416
1928,1.4390363262790564,1.4375312775748685,1.4335573122091436
1929,1.4390363262790564,1.4376661244880362,1.4319320540070404
1930,1.4390363262790564,1.4375571244139556,1.434712751985643
1931,1.4390363262790564,1.4374461890514885,1.4322589370398766
1932,1.4390363262790564,1.437104259839721,1.4337397741586755
1933,1.4390363262790564,1.4371004133707237,1.4335982517669796
1934,1.4390363262790564,1.4370461977436397,1.4341722376415735
1935,1.4390363262790564,1.437235893068636,1.4331801039055714
1936,1.4390363262790564,1.436774394984351,1.4305129956295806
1937,1.4390363262790564,1.4369753826903817,1.4325267815022105
1938,1.4390363262790564,1.4371732783080315,1.4327151508284437
1939,1.4390363262790564,1.4368829076860832,1.427658434343507
1940,1.4390363262790564,1.4367753825832308,1.4325076453668608
1941,1.4390363262790564,1.4367947679036999,1.4326100609871373
1942,1.4390363262790564,1.4367491812775035,1.4328142070212575
1943,1.4390363262790564,1.4370723169480948,1.43280519727154
1944,1.4390363262790564,1.4373866401202247,1.4329741647914787
1945,1.4390363262790564,1.4375250671584388,1.4324965494923056
1946,1.4390363262790564,1.437339587386341,1.4310075670918359
1947,1.4390363262790564,1.4374645096567662,1.4343793319632363
1948,1.4390363262790564,1.4379354331718648,1.4305428197810015
1949,1.4390363262790564,1.4378857744498492,1.434713984209802
1950,1.4390363262790564,1.438190793157267,1.436340470411614
1951,1.4391668842924301,1.4378224640263173,1.4361656234723505
1952,1.4391668842924301,1.4382576800274305,1.4356295949081508
1953,1.4391668842924301,1.4384673907012244,1.436679455276995
1954,1.4391668842924301,1.4384120905143303,1.4346416106318776
1955,1.4391668842924301,1.4381401012638872,1.4345917819041585
1956,1.4391668842924301,1.4379381526288595,1.4333237073785972
1957,1.4391668842924301,1.4378276996948793,1.430479953963869
1958,1.4391668842924301,1.437464758145548,1.4348167371215954
1959,1.4391668842924301,1.4375303177114171,1.4321801984497404
1960,1.4391668842924301,1.4375223865635127,1.432287655169777
1961,1.4391668842924301,1.4373256232421259,1.4253182578101027
1962,1.4391668842924301,1.4374360857726012,1.4336676066878442
1963,1.4391668842924301,1.437316301454675,1.4343702820080533
1964,1.4391668842924301,1.4375314819760374,1.4343984441848163
1965,1.4391668842924301,1.4375950822847228,1.4351563447624764
1966,1.4391668842924301,1.4381544018658141,1.4349537645352834
1967,1.4391668842924301,1.4381504224235515,1.4308604003208438
1968,1.4391668842924301,1.437683141413737,1.434508495207944
1969,1.4391668842924301,1.437776372003921,1.4310253374015158
1970,1.4391668842924301,1.4378858909573227,1.4327497294385907
1971,1.4391668842924301,1.4377660799975935,1.433785395987481
1972,1.4391668842924301,1.43793804200626,1.4328865698075213
1973,1.4391668842924301,1.4377378016375466,1.4331813693885278
1974,1.4391668842924301,1.437848254753031,1.421519175294621
1975,1.4391668842924301,1.437921347712047,1.4353242712283378
1976,1.4391668842924301,1.4377425965955575,1.4330493919040779
1977,1.4391668842924301,1.437535510551304,1.4317962632884085
1978,1.4391668842924301,1.437684601819455,1.4315768104042692
1979,1.4391668842924301,1.4378078312827467,1.435083221567075
1980,1.4391668842924301,1.437996952501506,1.430155505717099
1981,1.4391668842924301,1.438151763566658,1.4344103469683256
1982,1.4391668842924301,1.437965065222811,1.4332814475181532
1983,1.4391668842924301,1.4378829436842133,1.4325320650670832
1984,1.4391668842924301,1.4378116807245902,1.4334383386488019
1985,1.4391668842924301,1.4378957016426344,1.4350701786722395
1986,1.4391668842924301,1.4382454170378105,1.4365934009276187
1987,1.4391668842924301,1.4382643863732298,1.4363140138075494
1988,1.4391668842924301,1.4385688823870104,1.43567883393088
1989,1.439233834271942,1.4385086848244992,1.4368156888265513
1990,1.439233834271942,1.4385369654730655,1.4370555994783862
1991,1.439233834271942,1.4385383231248006,1.4360050802989952
1992,1.4392593879714661,1.4384562410940018,1.4345757497902754
1993,1.4392593879714661,1.43852360573704,1.4367663373374893
1994,1.4392593879714661,1.438470589146325,1.436630845242419
1995,1.439275896643708,1.4384050939745683,1.4360687964938588
1996,1.439275896643708,1.4382045296383603,1.4355566893008753
1997,1.439275896643708,1.4384567364356198,1.4368313492736946
1998,1.439275896643708,1.4384086794090891,1.4347982103178052
1999,1.439275896643708,1.438323138646467,1.4348546957831627
2000,1.439275896643708,1.437944030530489,1.4345544422305372
2001,1.439275896643708,1.4377686038776205,1.4346365795670057
2002,1.439275896643708,1.4374932516810746,1.4306168806500825
2003,1.439275896643708,1.4379787268821238,1.4316492763749877
2004,1.439275896643708,1.4375988863003852,1.4340263510050273
2005,1.439275896643708,1.4371429331155037,1.4266285102389786
2006,1.439275896643708,1.4371049575308317,1.434846017288309
2007,1.439275896643708,1.4372489016901824,1.4345694463670056
2008,1.439275896643708,1.4372942809246358,1.4325059059714356
2009,1.439275896643708,1.4369073496939961,1.4316515942297277
2010,1.439275896643708,1.4371625239400256,1.4213772194603829
2011,1.439275896643708,1.4372410281318213,1.4296434794877
2012,1.439275896643708,1.4375340338094365,1.4312081629055833
2013,1.439275896643708,1.438240076335817,1.4359235614104149
2014,1.439275896643708,1.4384802736538012,1.435069550212763
2015,1.439275896643708,1.438078725072501,1.4299858106822656
2016,1.439275896643708,1.4372638254072772,1.4280583860664458
2017,1.439275896643708,1.43698289084596,1.427018701104617
2018,1.439275896643708,1.436242682866281,1.429208467837972
2019,1.439275896643708,1.4369199191514141,1.4247805253344736
2020,1.439275896643708,1.4366739705050744,1.426636618873713
2021,1.439275896643708,1.4364925584482606,1.4295989660572457
2022,1.439275896643708,1.4371787652074133,1.4322136424974556
2023,1.439275896643708,1.4373807485784658,1.4343730446226528
2024,1.439275896643708,1.4372754896260023,1.429646727837944
2025,1.439275896643708,1.4367122797673144,1.4303621992198101
2026,1.439275896643708,1.4369632318168586,1.4315553417192064
2027,1.439275896643708,1.4370327725271976,1.42760661408877
2028,1.439275896643708,1.4371410359606605,1.431639899573269
2029,1.439275896643708,1.4373007477714788,1.4327306141708003
2030,1.439275896643708,1.4371202055868944,1.4314000485665193
2031,1.439275896643708,1.4368947702047101,1.431915799057256
2032,1.439275896643708,1.4371625606231853,1.4293110612315352
2033,1.439275896643708,1.4368913584875629,1.423951064839502
2034,1.439275896643708,1.436962735693684,1.4298442294079756
2035,1.439275896643708,1.4369342289493678,1.4297521858013311
2036,1.439275896643708,1.436372547466383,1.4304489680771433
2037,1.439275896643708,1.4369629463507965,1.423606981358036
2038,1.439275896643708,1.436688491836052,1.4289027736933855
2039,1.439275896643708,1.4371185372415025,1.4280988659108158
2040,1.439275896643708,1.4371202195922306,1.4305255741152025
2041,1.439275896643708,1.4366955375950494,1.4283836997860078
2042,1.439275896643708,1.4367804438421936,1.4301014121734037
2043,1.439275896643708,1.4370254364736084,1.4321599145601758
2044,1.439275896643708,1.437012186150901,1.4322550310083435
2045,1.439275896643708,1.437240194032872,1.4338258127407397
2046,1.439275896643708,1.4372771717489048,1.4271508634810992
2047,1.439275896643708,1.4371976141769651,1.4306776533649221
2048,1.439275896643708,1.4375480501048312,1.432939650770242
2049,1.439275896643708,1.4379240468949623,1.4355919076170431
2050,1.439275896643708,1.438424763456992,1.4339617897667485
2051,1.439275896643708,1.4377429959223065,1.4320193294411003
2052,1.439275896643708,1.4373430266782992,1.4273187732704145
2053,1.439275896643708,1.4370473214607353,1.4306222345644706
2054,1.439275896643708,1.4373641747907053,1.4251397070950043
2055,1.439275896643708,1.4374263780977572,1.4341037717837462
2056,1.439275896643708,1.4373008918784123,1.4288259853873146
2057,1.439275896643708,1.4373567781680643,1.4338073847081485
2058,1.439275896643708,1.4375634040155534,1.435421108078472
2059,1.439275896643708,1.437349281780463,1.4310841944442627
2060,1.439275896643708,1.437281171369522,1.4301739533319888
2061,1.439275896643708,1.4376467355041722,1.4328256524228902
2062,1.439275896643708,1.4378706141092672,1.4350818343275458
2063,1.439275896643708,1.4379902310057526,1.4350652371639065
2064,1.439275896643708,1.437985464623918,1.434677629754822
2065,1.439275896643708,1.4383512421551687,1.4362399300185869
2066,1.439275896643708,1.438213201198041,1.4366353242649101
2067,1.439275896643708,1.4383696219554636,1.4369267683509332
2068,1.439275896643708,1.4383510163631001,1.4361429698854966
2069,1.439275896643708,1.4383416359041437,1.4356309265050093
2070,1.439275896643708,1.4384089401411466,1.4368622756847622
2071,1.439275896643708,1.4381291652623591,1.4351773733107098
2072,1.439275896643708,1.4378709533419056,1.4315532445606307
2073,1.439275896643708,1.4377812796328484,1.431205650928299
2074,1.439275896643708,1.4377862319015955,1.425536924784074
2075,1.439275896643708,1.4371727257648177,1.4308333288417807
2076,1.439275896643708,1.4367174230602509,1.4304595897908872
2077,1.439275896643708,1.4366745318191412,1.4311025917122981
2078,1.4393819079962853,1.4371641019468788,1.431332555944796
2079,1.4393819079962853,1.4373890977055135,1.4336289304336736
2080,1.4393819079962853,1.4374036528654313,1.433511814547915
2081,1.4393819079962853,1.4377752078119495,1.4350141755954697
2082,1.4393858577000236,1.4380724646387122,1.4348226586400017
2083,1.4393858577000236,1.438098187683666,1.4348299380463192
2084,1.4393858577000236,1.438010803315093,1.4351847572251972
2085,1.4393858577000236,1.4378747314363056,1.434247856278331
2086,1.4393858577000236,1.4378522577956254,1.4305616724944352
2087,1.4393858577000236,1.4374373064047634,1.4280650441555218
2088,1.4393858577000236,1.4371876140347934,1.4271787036751007
2089,1.4393858577000236,1.437145915472619,1.4222787015971026
2090,1.4393858577000236,1.4368105815057846,1.4284806801881522
2091,1.4393858577000236,1.4372258775051214,1.4314953942685635
2092,1.4393858577000236,1.4373358703243528,1.4317661805580417
2093,1.4393858577000236,1.4374752668470907,1.434187705124763
2094,1.4393858577000236,1.4378349055055708,1.4305996704890216
2095,1.4393858577000236,1.4378125932469883,1.4349440495777368
2096,1.4393858577000236,1.4378288902973975,1.4332966717103481
2097,1.4393858577000236,1.4380079850409229,1.4330120609638688
2098,1.4393858577000236,1.4379694751207626,1.4333429991223081
2099,1.4393858577000236,1.4380156835741362,1.433548259798394
2100,1.4393858577000236,1.4379827917498935,1.4334158113881854
2101,1.4393858577000236,1.4376853573274666,1.4335839174721328
2102,1.4393858577000236,1.4380196114411572,1.4337710122757323
2103,1.4393858577000236,1.4383825244869155,1.434911165354626
2104,1.4393858577000236,1.4384148121388043,1.4326283290600839
2105,1.4393858577000236,1.4383210653862648,1.4360067343351712
2106,1.4393858577000236,1.4383775917477777,1.4330384019117341
2107,1.4393947425680844,1.4384498186598662,1.4351281887574603
2108,1.4393947425680844,1.4384475815186226,1.4352972369457948
2109,1.4393947425680844,1.4383180645818952,1.43458359791021
2110,1.4393947425680844,1.4384148157133663,1.4337276320883583
2111,1.4393947425680844,1.4382328862639246,1.4345815765039653
2112,1.4393947425680844,1.4380743428607865,1.43445151792388
2113,1.4393947425680844,1.4381765771676802,1.431338749094148
2114,1.4393947425680844,1.438214458020029,1.4356066086126378
2115,1.4393947425680844,1.438005918741794,1.4356648650856607
2116,1.4393947425680844,1.437896454717099,1.434917820736328
2117,1.4393947425680844,1.4380800041367616,1.4348681649567714
2118,1.4393947425680844,1.4381927956266578,1.4353076364087047
2119,1.4393947425680844,1.4382089089036736,1.4342825508911956
2120,1.4393947425680844,1.43780695176536,1.4310521413550428
2121,1.4393947425680844,1.4380651812874838,1.434353811569112
2122,1.4393947425680844,1.4379477636538283,1.4337417588793868
2123,1.4393947425680844,1.4377574560195987,1.4320500876548092
2124,1.4393947425680844,1.43796717057165,1.4350678782043385
2125,1.4393947425680844,1.4380488431376952,1.434986694062323
2126,1.4393947425680844,1.4381779805318218,1.4360480046778805
2127,1.4393947425680844,1.4385349046605607,1.436284269406303
2128,1.4393947425680844,1.4385463213228455,1.433829816588976
2129,1.4393947425680844,1.4383707972743869,1.4348603477031128
2130,1.4393947425680844,1.4381783556515668,1.4340589452026584
2131,1.4393947425680844,1.4384602039311614,1.4340587324550476
2132,1.4393947425680844,1.4383959885800255,1.435088318821057
2133,1.4393947425680844,1.4384064798738203,1.4352021159666977
2134,1.4393947425680844,1.4381466544707076,1.4328471647015368
2135,1.4393947425680844,1.438219375583972,1.4332397596061792
2136,1.4393947425680844,1.4379194277458518,1.4321030535944463
2137,1.4393947425680844,1.4381900695829646,1.4357603664750533
2138,1.4393947425680844,1.438369695698714,1.435685077199846
2139,1.4393947425680844,1.438269231532052,1.4322108904459865
2140,1.4393947425680844,1.4383383726396601,1.4347631080548053
2141,1.4393947425680844,1.4379540308162018,1.4257667900339346
2142,1.4393947425680844,1.437946058877246,1.4347295150454424
2143,1.4393947425680844,1.4379792942982983,1.435180041342491
2144,1.4393947425680844,1.4376949280249658,1.432631925995795
2145,1.439404622347865,1.437695432826693,1.4328935953280824
2146,1.439404622347865,1.4376434389706079,1.4339080572462335
2147,1.439404622347865,1.4375143252548837,1.4254496337042162
2148,1.439404622347865,1.4373148786605647,1.4327810260226532
2149,1.439404622347865,1.4376620113392484,1.4349430230095237
2150,1.439404622347865,1.4374922037045772,1.4337168859843166
2151,1.439404622347865,1.437724991532698,1.4339256799962816
2152,1.439404622347865,1.437612820783504,1.432858975200376
2153,1.4394865182024992,1.4373531333108127,1.4313857093828455
2154,1.4394865182024992,1.436993054517351,1.4293618936417998
2155,1.4394865182024992,1.437243206811931,1.4265886275915567
2156,1.4394865182024992,1.4375879568462882,1.4334184796806742
2157,1.4394865182024992,1.4373129301021563,1.4302117115674955
2158,1.4396101377096144,1.4376970269956941,1.4294693753605445
2159,1.4396101377096144,1.4377472635754602,1.429352551115001
2160,1.4396101377096144,1.4378011586895179,1.433339455073521
2161,1.4396101377096144,1.4381696804021933,1.4349457075075776
2162,1.4396101377096144,1.4379933875376627,1.4316831500368021
2163,1.4396260439385198,1.438126070875013,1.4319434098609884
2164,1.4396260439385198,1.4383116808117737,1.4342776179936787
2165,1.4396260439385198,1.4385769786247276,1.4339747859427616
2166,1.4396260439385198,1.4380012905343356,1.4318399596379718
2167,1.4396260439385198,1.4382216243874688,1.4335244205149444
2168,1.439761890345774,1.4381639081196769,1.433998394318032
2169,1.439761890345774,1.4381895600345118,1.4341003842884965
2170,1.439761890345774,1.4380573857373875,1.4341386819195605
2171,1.439761890345774,1.43809787030774,1.4355679387011409
2172,1.439761890345774,1.4383979396883322,1.433527813355112
2173,1.439761890345774,1.438555922036405,1.4364557976320966
2174,1.439761890345774,1.438594926198281,1.434126756488567
2175,1.439761890345774,1.438828874981964,1.4364037654841826
2176,1.439791243832122,1.4390937122624934,1.4365061510536585
2177,1.439791243832122,1.4389443796196872,1.4365134368319106
2178,1.439791243832122,1.4388309636703247,1.4362768320103882
2179,1.4398591836180603,1.4389093749723032,1.4353911315201693
2180,1.4398591836180603,1.4387334336180464,1.4352785175385414
2181,1.4398591836180603,1.4386662875708163,1.4321054350901055
2182,1.4398591836180603,1.4387339577145146,1.4339970579883998
2183,1.4398591836180603,1.4383856484418576,1.4334616218542946
2184,1.4398591836180603,1.438338158521911,1.4348487808057149
2185,1.4398591836180603,1.4384167038233184,1.4345527827445186
2186,1.4398591836180603,1.4383572300029497,1.4329413539094533
2187,1.4398591836180603,1.438610284729055,1.4361444484775834
2188,1.4398591836180603,1.4386413943648808,1.4350267384846105
2189,1.4398591836180603,1.4385414385289508,1.4333951814402754
2190,1.4398591836180603,1.4385771085766321,1.4355318751319777
2191,1.4398591836180603,1.4384885652832369,1.4354501070524426
2192,1.4398591836180603,1.438375778011937,1.43433287408131
2193,1.4398591836180603,1.4382982664478647,1.4277632170002714
2194,1.4398591836180603,1.4383471005282786,1.4343305521756833
2195,1.4398591836180603,1.4381637530972704,1.432129894823979
2196,1.4398591836180603,1.4381693878092443,1.4317042136180662
2197,1.4398591836180603,1.4383109830121603,1.43478919043217
2198,1.4398591836180603,1.4383362876161134,1.434928858484516
2199,1.4398591836180603,1.4385326674006322,1.4338013414639124
2200,1.4398591836180603,1.438629688253834,1.4339169257168576
2201,1.4398591836180603,1.438462899982489,1.4349696674071661
2202,1.4398591836180603,1.4386813175406576,1.4351709379760236
2203,1.4398591836180603,1.4387127720467197,1.4334537665337699
2204,1.4398591836180603,1.4384698015106536,1.4334593073057849
2205,1.4398591836180603,1.4380898941632025,1.4334112944579305
2206,1.4398591836180603,1.437951301892515,1.4302274210729
2207,1.4398591836180603,1.43803981612347,1.4323606991244122
2208,1.4398591836180603,1.4379268781691312,1.4335841753752308
2209,1.4398591836180603,1.437917167609818,1.43429368071209
2210,1.4398591836180603,1.438379522481131,1.4336999560067205
2211,1.4398591836180603,1.4386000387584201,1.436247392912705
2212,1.4398591836180603,1.4384053719671837,1.4347465153954175
2213,1.4398591836180603,1.4378987634448859,1.4265554566497125
2214,1.4398591836180603,1.438229311725343,1.4319092352400136
2215,1.4398591836180603,1.4383778488116057,1.4341911822224793
2216,1.4398591836180603,1.4383974537611368,1.436159982119266
2217,1.4398591836180603,1.4384855197947706,1.436042474597464
2218,1.4398591836180603,1.4383931147711657,1.4343477625614398
2219,1.4398591836180603,1.4381065885987665,1.4331148201689814
2220,1.4398591836180603,1.4378323609202865,1.4328840730215784
2221,1.4398591836180603,1.4382533398040522,1.4350152205150002
2222,1.4398591836180603,1.4381127331766108,1.434103169222934
2223,1.4398591836180603,1.4378527330667707,1.431472353030839
2224,1.4398591836180603,1.4374739460700652,1.433081978869072
2225,1.4398591836180603,1.4376243103562893,1.4308130150763647
2226,1.4398591836180603,1.4374345164041713,1.4315596142441018
2227,1.4398591836180603,1.437354072784641,1.434034442568769
2228,1.4398591836180603,1.437857983563183,1.4342273674126265
2229,1.4398591836180603,1.4375951645297227,1.434087156882201
2230,1.4398591836180603,1.436952389039614,1.4260650948056723
2231,1.4398591836180603,1.4362989020143657,1.4275926533667784
2232,1.4398591836180603,1.4362622495055037,1.427596786198692
2233,1.4398591836180603,1.4364010040636408,1.4280642516541455
2234,1.4398591836180603,1.4361742545270269,1.4295918331088056
2235,1.4398591836180603,1.4365803836127045,1.4221797134888279
2236,1.4398591836180603,1.4370236896054438,1.4319407705400233
2237,1.4398591836180603,1.4368193580932982,1.4325285011655327
2238,1.4398591836180603,1.4368353377949157,1.4292041256707146
2239,1.4398591836180603,1.4370826108427854,1.4319129863181976
2240,1.4398591836180603,1.4374350502112465,1.425751100711945
2241,1.4398591836180603,1.4375490532234674,1.4311745050897189
2242,1.4398591836180603,1.4382228418903569,1.433056511037471
2243,1.439903404507551,1.4386549263710566,1.4342807211854955
2244,1.439903404507551,1.438767114393504,1.434932822907776
2245,1.439903404507551,1.4384772203413185,1.43226268449646
2246,1.439903404507551,1.4381307816263307,1.4304380431569441
2247,1.439903404507551,1.4378816151403944,1.4241477560429219
2248,1.439903404507551,1.4383792165818192,1.4347246784011984
2249,1.439903404507551,1.4384795882919303,1.4310239180376139
2250,1.4400709000514278,1.438232560150887,1.4351079517230925
2251,1.4400709000514278,1.4383375523758624,1.4352419579327405
2252,1.4400709000514278,1.4381308992649833,1.4304816861393266
2253,1.4400709000514278,1.4384023133184018,1.4350780428753935
2254,1.4400709000514278,1.4383516459202974,1.4336696504262694
2255,1.4400709000514278,1.4381441610842887,1.4331909080189555
2256,1.4400709000514278,1.4378964046987952,1.4262647418433316
2257,1.4400709000514278,1.4379339772860698,1.431961512014881
2258,1.4400709000514278,1.437672613952947,1.4296448988960446
2259,1.4400709000514278,1.437802660572264,1.4349812238077326
2260,1.4400709000514278,1.4381713693590887,1.4341425324815282
2261,1.4400709000514278,1.4385029124012987,1.4342659423099628
2262,1.4400709000514278,1.4387824090876609,1.4349224240030316
2263,1.4400709000514278,1.4385880894324479,1.4341239287218304
2264,1.4400709000514278,1.4388014632663708,1.4355217901314785
2265,1.4400709000514278,1.4387134961931431,1.4351761281786157
2266,1.4400709000514278,1.4387844454758658,1.4357237826777602
2267,1.4400709000514278,1.438967612244864,1.4361169294522755
2268,1.4400709000514278,1.4389285332443453,1.435122198970548
2269,1.4400709000514278,1.4389389861180952,1.4357156515737675
2270,1.4400709000514278,1.4387960429065194,1.4345721128872668
2271,1.4400709000514278,1.438710200046243,1.4333095791720265
2272,1.4400709000514278,1.438739882554012,1.4333307551884928
2273,1.4400709000514278,1.4385917933800374,1.4337269138608968
2274,1.4400709000514278,1.4382759024101568,1.4331971147249272
2275,1.4400709000514278,1.437325736295396,1.4236254818215628
2276,1.4400709000514278,1.436727032365803,1.425860862013741
2277,1.4400709000514278,1.4369215197069587,1.4203891466698817
2278,1.4400709000514278,1.4373154123251592,1.4277158727186041
2279,1.4400709000514278,1.4374971198540636,1.4240958774397732
2280,1.4400709000514278,1.4375898457803462,1.4228267408845527
2281,1.4400709000514278,1.4373526390677036,1.4332287314626366
2282,1.4400709000514278,1.4378464735008478,1.4320090867788824
2283,1.4400709000514278,1.4376486429187747,1.4272564833360903
2284,1.4400709000514278,1.438223810965184,1.4326433857290626
2285,1.4400709000514278,1.4381427621614302,1.4329750540811317
2286,1.4400709000514278,1.4383447241613583,1.4346646439883466
2287,1.4400709000514278,1.4381996762587206,1.4331495290707277
2288,1.4400709000514278,1.4384245606683155,1.4351575815921018
2289,1.4400709000514278,1.4386877844816452,1.4349348242302968
2290,1.4400709000514278,1.4383362899558947,1.4340718018155079
2291,1.4400709000514278,1.4382898358728622,1.4312745103473699
2292,1.4400709000514278,1.438583020467543,1.432147875290204
2293,1.4400709000514278,1.4381503122839672,1.432428140861216
2294,1.4400709000514278,1.4381802101803893,1.4337249419284581
2295,1.4400709000514278,1.43815570197156,1.4317728094354882
2296,1.4400709000514278,1.437905133712291,1.4305635326314676
2297,1.4400709000514278,1.437838026657583,1.432830263725756
2298,1.4400709000514278,1.4378121013527838,1.4323438146828473
2299,1.4400709000514278,1.438127371467572,1.4284588378065834
2300,1.4400709000514278,1.4377586717591155,1.4302543373725916
2301,1.4400709000514278,1.4376710048205732,1.4317588387337676
2302,1.4400709000514278,1.4374486535430366,1.4282519049781037
2303,1.4400709000514278,1.4369212318893652,1.4278073276845789
2304,1.4400709000514278,1.4372900496254752,1.4317692623149507
2305,1.4400709000514278,1.4377447689947176,1.432021594319531
2306,1.4400709000514278,1.4384456409634618,1.4320186390248812
2307,1.4400709000514278,1.4384071566679777,1.4308467916817162
2308,1.4400709000514278,1.437900158780905,1.4317534344858187
2309,1.4400709000514278,1.4377774638825978,1.4318194792715557
2310,1.4400709000514278,1.4371901300363776,1.4105622816873775
2311,1.4400709000514278,1.437265561822395,1.426679901056846
2312,1.4400709000514278,1.4373995642286526,1.4288634083215255
2313,1.4400709000514278,1.4375549986235208,1.4241218259166541
2314,1.4400709000514278,1.43781122767353,1.4211428309300054
2315,1.4400709000514278,1.4384518482636317,1.4295818858137006
2316,1.4400709000514278,1.4381295991222873,1.4335611347901458
2317,1.4400709000514278,1.437910438544423,1.4341854225992832
2318,1.4400709000514278,1.4374586102884561,1.4286626181308943
2319,1.4400709000514278,1.4366904967055274,1.4232045719490964
2320,1.4400709000514278,1.436905697152218,1.4230703044259303
2321,1.4401524200090028,1.4368418001113925,1.4222371649480157
2322,1.4401524200090028,1.4370271990752854,1.4294397113556578
2323,1.4401524200090028,1.4371267656373599,1.4329545606082181
2324,1.4401524200090028,1.4377884792167563,1.43235135633287
2325,1.4401524200090028,1.43801694581292,1.4330842610759769
2326,1.4401524200090028,1.4380993559169557,1.4351659606300093
2327,1.4401524200090028,1.4382110711746492,1.4332104635366236
2328,1.4401524200090028,1.4381287282337194,1.4347952150617609
2329,1.4401524200090028,1.4383382461316037,1.4344362416943346
2330,1.4401524200090028,1.4381771762744804,1.4347749482410823
2331,1.4401524200090028,1.4383002073435938,1.4284635250175395
2332,1.4401524200090028,1.4381592772587188,1.4311810100710225
2333,1.4401524200090028,1.4381878208205863,1.4340952950980659
2334,1.4401524200090028,1.4382979339563386,1.4340791055785518
2335,1.4401524200090028,1.4383123014524528,1.4351415292252752
2336,1.4401524200090028,1.438565918879016,1.434544977480095
2337,1.4401524200090028,1.438482082061738,1.4342855412867046
2338,1.4401524200090028,1.438364579956576,1.4336360846884248
2339,1.4401524200090028,1.4382552399006527,1.4320929342190563
2340,1.4401524200090028,1.4381769836924816,1.4343986688794104
2341,1.4401524200090028,1.438021213279715,1.4316992636748442
2342,1.4401524200090028,1.4380384078771713,1.435153753241585
2343,1.4401524200090028,1.438335177655556,1.4350390598203817
2344,1.440249760445248,1.4383358935054873,1.433590693499165
2345,1.440249760445248,1.4385411312314997,1.430781671364334
2346,1.440249760445248,1.4384475615390155,1.4359534109182617
2347,1.440249760445248,1.4388668967236475,1.4309233875578737
2348,1.4403157790118581,1.438730657839463,1.4350988870480594
2349,1.4403157790118581,1.4385703492816568,1.435105433574048
2350,1.4403157790118581,1.4387172230300556,1.4345828161539422
2351,1.4403157790118581,1.4388753760245823,1.4339556225263905
2352,1.4403157790118581,1.4391492616631811,1.4364946320466254
2353,1.4403157790118581,1.4393480518184725,1.436074879763433
2354,1.4403157790118581,1.4395710831524626,1.437782130379958
2355,1.4403157790118581,1.4394865435524196,1.4369300875700424
2356,1.4403157790118581,1.439069572627599,1.434918716320025
2357,1.4403157790118581,1.4387948566510502,1.4334987516660558
2358,1.4403157790118581,1.4382242536521332,1.430847036158639
2359,1.4403157790118581,1.438040368347251,1.4321430643004756
2360,1.4403157790118581,1.4380239237087111,1.4312143688815566
2361,1.4403157790118581,1.4375831371026677,1.42613686282847
2362,1.4403157790118581,1.4374681119757344,1.4274734781588332
2363,1.4403157790118581,1.43718450582186,1.4271749956138262
2364,1.4403157790118581,1.4376511942744283,1.4282026864873314
2365,1.4403157790118581,1.4375515503681657,1.4281826217610485
2366,1.4403157790118581,1.4377426773097672,1.4343389174140084
2367,1.4403157790118581,1.4381113985445149,1.4333124777661843
2368,1.4403157790118581,1.43770968009471,1.4312883128519274
2369,1.4403157790118581,1.4376698416094542,1.4333376206356339
2370,1.4403157790118581,1.4380499567131089,1.4333764537833233
2371,1.4403157790118581,1.438265719614768,1.426110312807377
2372,1.4403157790118581,1.4379179763379628,1.4341527801244027
2373,1.4403157790118581,1.4383955724597444,1.4340665017734162
2374,1.4403157790118581,1.4381195682650554,1.4321835094982998
2375,1.4403157790118581,1.4384224347929928,1.4344665845753388
2376,1.4403157790118581,1.438378952872259,1.4348951808186161
2377,1.4403157790118581,1.43855025739517,1.4345773590523399
2378,1.4403157790118581,1.43837018855976,1.4347853445444028
2379,1.4403157790118581,1.438514630820418,1.4339411265818238
2380,1.4403157790118581,1.4384480726569995,1.4338979488440051
2381,1.4403157790118581,1.4380596481861878,1.430348942940751
2382,1.4403200977552992,1.4373401217397954,1.4176407818090664
2383,1.4403200977552992,1.4372709026558996,1.4180745480434458
2384,1.4403200977552992,1.4378082016987295,1.4319956028316572
2385,1.4403200977552992,1.4386095795307348,1.432541198367571
2386,1.4403200977552992,1.4385521638360077,1.4347257128581121
2387,1.4403200977552992,1.4389791314193092,1.4343405854425704
2388,1.4403200977552992,1.43903811506778,1.4331057716846394
2389,1.4403200977552992,1.4389734033864898,1.4347311783280015
2390,1.4403200977552992,1.438814640737709,1.434671574936221
2391,1.4403200977552992,1.4391789293845532,1.4358484191917107
2392,1.4403200977552992,1.4390763979245416,1.435572057005152
2393,1.4403200977552992,1.4390323489160082,1.4336733402302366
2394,1.4403200977552992,1.4388185092424373,1.432733165198952
2395,1.4403344101431568,1.4389432960380566,1.4323234184370843
2396,1.4403344101431568,1.439051167112864,1.434373886370017
2397,1.4403344101431568,1.4384985601908133,1.425197920449626
2398,1.4403344101431568,1.438214565434718,1.4243850574339472
2399,1.4403344101431568,1.4383622875628241,1.4329226738709406
2400,1.4403344101431568,1.4384687591977054,1.431148482187126
2401,1.4403344101431568,1.4384662958618415,1.4309506791301294
2402,1.4403344101431568,1.4384071218801038,1.4341661803356782
2403,1.4403344101431568,1.4386185193543417,1.4354062640262941
2404,1.4403344101431568,1.4386990069919667,1.4327627430979142
2405,1.4403344101431568,1.438810960290625,1.432771550334802
2406,1.4403344101431568,1.4387755176962336,1.4334007333283991
2407,1.4403344101431568,1.438695498862773,1.4263400502782797
2408,1.4403344101431568,1.4387288712416129,1.433455349790395
2409,1.4403344101431568,1.439179451037448,1.436123752033764
2410,1.4403344101431568,1.4393923379884848,1.4355969239744755
2411,1.4403344101431568,1.4393501665042867,1.4371107097693554
2412,1.4403344101431568,1.439399010772864,1.4360514686303198
2413,1.4403344101431568,1.4390702533461186,1.4353852227521093
2414,1.4404668294813128,1.4392588334536247,1.4352561084163316
2415,1.4404668294813128,1.4389281477160387,1.4346848299916692
2416,1.4404668294813128,1.4393037995933806,1.4365746907928634
2417,1.4404668294813128,1.439263405047905,1.4372757795646929
2418,1.4404668294813128,1.4389927997860361,1.4344458322969942
2419,1.4404668294813128,1.439015854884063,1.434270068628692
2420,1.4404668294813128,1.4394096828434093,1.4360723463008784
2421,1.4404668294813128,1.439387371237359,1.4362765271337252
2422,1.4405387925407835,1.4393972632928052,1.43624033812129
2423,1.4405387925407835,1.4391469710740181,1.43603957551646
2424,1.4405387925407835,1.438964288221027,1.435216952610523
2425,1.4405387925407835,1.4394137189946523,1.4366234970922223
2426,1.4405387925407835,1.4391384299187933,1.4311021263457626
2427,1.4405387925407835,1.4391807202765432,1.4343146370270772
2428,1.4405387925407835,1.4389254926705117,1.434763154297787
2429,1.4405471802849257,1.438570132862931,1.4315673000408566
2430,1.4405471802849257,1.4379692163668585,1.425170335555315
2431,1.4405471802849257,1.4374069858735823,1.4278037086945956
2432,1.4405679742517234,1.4378881708123077,1.4320299739179403
2433,1.4405679742517234,1.4377452226763656,1.4276296213933672
2434,1.4405679742517234,1.4380514426017386,1.4293327086979082
2435,1.4405679742517234,1.4379925490980343,1.435020283740096
2436,1.4405679742517234,1.439099297362568,1.4364048521638324
2437,1.4405679742517234,1.4395173519257671,1.4353931386655066
2438,1.4405679742517234,1.4394863353370702,1.4375388626103005
2439,1.4405679742517234,1.4398202343178113,1.4377392434123277
2440,1.4405679742517234,1.4398299013996563,1.4376886451307145
2441,1.4405679742517234,1.4399189784783035,1.4382498737017533
2442,1.4405679742517234,1.4399081347138856,1.438168512430295
2443,1.4406243383839208,1.4397378259323566,1.4363843402142304
2444,1.4406243383839208,1.4395561684895555,1.4349952249327087
2445,1.4406243383839208,1.4397073042056485,1.4356487059144452
2446,1.4406243383839208,1.43967135544665,1.4370399836049046
2447,1.4406243383839208,1.4396531934279373,1.4354647701646088
2448,1.4406243383839208,1.4391489441598175,1.4346986967663578
2449,1.4406243383839208,1.438900773309478,1.433865059647119
2450,1.4406243383839208,1.439332990424689,1.4339936839252214
2451,1.4406243383839208,1.4390065713372764,1.4338028237110265
2452,1.4406243383839208,1.4387302716036512,1.4295554752827886
2453,1.4406243383839208,1.438925764018201,1.43287580649634
2454,1.4406243383839208,1.4385706469293424,1.4283051630618775
2455,1.4406243383839208,1.4382821447707417,1.4277155458530784
2456,1.4406243383839208,1.4379222373209268,1.4296015015398882
2457,1.4406243383839208,1.4380841338213006,1.4243539886008658
2458,1.4406243383839208,1.4384241085169325,1.432545545548507
2459,1.4406243383839208,1.4384092910426671,1.4348086366523247
2460,1.4406243383839208,1.43888133802531,1.4346343214849144
2461,1.4406243383839208,1.4386882023118324,1.4344456419322875
2462,1.4406243383839208,1.4391468272822223,1.4358170203116065
2463,1.4406243383839208,1.4393175299170582,1.4355407073283895
2464,1.4406243383839208,1.439444758178619,1.4355722682898004
2465,1.4406243383839208,1.439561044032982,1.4361790191366826
2466,1.4406243383839208,1.4397043906566591,1.4372268502047698
2467,1.4406243383839208,1.4395264759821413,1.4305825955785747
2468,1.4406243383839208,1.4391311575854362,1.434627635409588
2469,1.4406243383839208,1.4391704450965344,1.4307601400254863
2470,1.4406243383839208,1.4394494195956282,1.4342125853857586
2471,1.4406243383839208,1.4392414492506558,1.432084864429654
2472,1.4406243383839208,1.438984464302659,1.4360539518667466
2473,1.4406243383839208,1.4390522238427466,1.4340905771376504
2474,1.4406243383839208,1.4388802159279328,1.4333445013398287
2475,1.4406243383839208,1.4388492242375834,1.4351199457945694
2476,1.4406243383839208,1.4388755561149,1.4352930113224716
2477,1.4406243383839208,1.4388996907861398,1.4357520201749085
2478,1.4406243383839208,1.4391686059938136,1.4355655027081
2479,1.4406243383839208,1.4391594046750287,1.4361307251561826
2480,1.4406243383839208,1.4392094325625124,1.4360217146012635
2481,1.4406243383839208,1.4390820550269703,1.4359148698492012
2482,1.4406243383839208,1.4388880375392066,1.4335783988993969
2483,1.4406243383839208,1.4386598074867785,1.4341864782835345
2484,1.4406243383839208,1.4385179584408514,1.4319744997574788
2485,1.4406243383839208,1.438296504942542,1.432324636923564
2486,1.4406243383839208,1.4381741157054921,1.431947908191217
2487,1.4406243383839208,1.4382408806365257,1.4330628124728841
2488,1.4406243383839208,1.438305284995254,1.4346018527573765
2489,1.4406243383839208,1.4386544310237306,1.4362575005724045
2490,1.4406243383839208,1.438693428960638,1.4345754682006953
2491,1.4406243383839208,1.4389826857750632,1.4343472323379487
2492,1.4406243383839208,1.4390523046692152,1.4362650389132696
2493,1.4406243383839208,1.439267237830952,1.433033247604679
2494,1.4406243383839208,1.4394111825127498,1.4345863637957763
2495,1.4406243383839208,1.439537444086348,1.437426993108071
2496,1.4406243383839208,1.439491832646428,1.4375666597095944
2497,1.4406243383839208,1.4397593804910602,1.4356978690753572
2498,1.4406243383839208,1.4395983218645403,1.4348522061020095
2499,1.4406243383839208,1.4396781589026426,1.4357813212392108
2500,1.4406243383839208,1.4396208099941499,1.4365447402036984
2501,1.4406243383839208,1.4392728611509147,1.4352359882980041
2502,1.4406243383839208,1.4393532460544207,1.4372497053063205
2503,1.4406243383839208,1.4393769340449096,1.4370103156072398
2504,1.4406243383839208,1.4387925584206156,1.4338250375780353
2505,1.4406243383839208,1.4385068238396161,1.4338520862125212
2506,1.4406243383839208,1.4385257291432436,1.4333921071031581
2507,1.4406243383839208,1.4385228513066186,1.4355363390303666
2508,1.4406243383839208,1.4386410482456102,1.4351066106231538
2509,1.4406243383839208,1.4389264343125225,1.433777975256102
2510,1.4406243383839208,1.4384548496501974,1.4312907054318171
2511,1.4406243383839208,1.4379216256599472,1.4321824353150308
2512,1.4406243383839208,1.438326594519544,1.433424722460241
2513,1.4406243383839208,1.438468340846416,1.4345014488348
2514,1.4406243383839208,1.4387735523707104,1.4351004377204835
2515,1.4406243383839208,1.4388046567484023,1.4355885573235743
2516,1.4406243383839208,1.438878406184265,1.4363597781835666
2517,1.4406243383839208,1.4390308932245959,1.4344113687432964
2518,1.4406243383839208,1.4389156235318592,1.4353536249178933
2519,1.4406243383839208,1.4390351620940747,1.4328737495109607
2520,1.4406243383839208,1.4389559045867404,1.434982322438956
2521,1.4406243383839208,1.439259418319309,1.4350124959286508
2522,1.4406243383839208,1.4393493290712802,1.435247737664783
2523,1.4406243383839208,1.4396841972959646,1.4356404026032203
2524,1.4406243383839208,1.4395475434991707,1.434289922732344
2525,1.4406243383839208,1.4395195723853667,1.4367695914468284
2526,1.4406243383839208,1.4396800527908153,1.4381830630040475
2527,1.4406243383839208,1.4398050782369358,1.4375670918896262
2528,1.4406243383839208,1.4397019800819573,1.4356815329851635
2529,1.4406243383839208,1.4396554791948446,1.4354137234551336
2530,1.4406243383839208,1.4392563850529398,1.4359227457271935
2531,1.4406243383839208,1.439097225809389,1.436646749090072
2532,1.4406243383839208,1.4390642449165023,1.4359687582761658
2533,1.4406243383839208,1.4391841384541533,1.4350831949614773
2534,1.4406243383839208,1.4390169856355257,1.4324917788060139
2535,1.4406243383839208,1.4385880332195478,1.4272319977697578
2536,1.4406243383839208,1.4386180017790267,1.4334314232981304
2537,1.4406243383839208,1.438276921806988,1.43576516118786
2538,1.4406243383839208,1.4389578606011673,1.436262001179469
2539,1.4406243383839208,1.4391613625772328,1.4361068110056023
2540,1.4406243383839208,1.4390622933343797,1.4343463606926674
2541,1.4406243383839208,1.4391703242389269,1.4340193153766652
2542,1.4406243383839208,1.439424023823058,1.435299802963252
2543,1.4406243383839208,1.4394352457679054,1.4358048771038263
2544,1.4406243383839208,1.439312710499903,1.4350833199247397
2545,1.4406243383839208,1.4393966470000386,1.4356992168498526
2546,1.4406243383839208,1.4392162777140172,1.4290561099721983
2547,1.4406243383839208,1.4388350887693553,1.4295480148072695
2548,1.4406243383839208,1.4392259266010172,1.4360499666876376
2549,1.4406243383839208,1.4393278580247701,1.4349070573758875
2550,1.4406243383839208,1.4392342225664592,1.4361971756304743
2551,1.4406243383839208,1.4392374927723848,1.4369197633014679
2552,1.440648761349241,1.4392278235332305,1.4347845161048698
2553,1.440648761349241,1.4392445774374394,1.4341884011937096
2554,1.440648761349241,1.4391094467333674,1.4347044284926151
2555,1.440648761349241,1.439042405025315,1.4348055722807156
2556,1.440648761349241,1.4386695258424123,1.4175273711415801
2557,1.440648761349241,1.4384488734295464,1.4301777560443196
2558,1.440648761349241,1.4378606798024562,1.4269817856054345
2559,1.440648761349241,1.4376812640719894,1.4261003975949924
2560,1.440648761349241,1.4379135037670512,1.4273566169310594
2561,1.440648761349241,1.4381304037635128,1.4293937939104369
2562,1.440648761349241,1.4383135228624568,1.4288170973994485
2563,1.440648761349241,1.4381225134661262,1.4328001895006688
2564,1.440648761349241,1.4381784919338083,1.429170124286913
2565,1.440648761349241,1.4384615674512728,1.4340215423173142
2566,1.440648761349241,1.4388444011957404,1.4355766582466454
2567,1.440648761349241,1.43902632045739,1.4362823982845774
2568,1.440648761349241,1.4391734277982402,1.4334713282828546
2569,1.440648761349241,1.4393425106266902,1.4338803517011791
2570,1.440648761349241,1.4394320479775002,1.4367805337454334
2571,1.440648761349241,1.4394965481925284,1.4372917485034904
2572,1.440648761349241,1.4398235763920213,1.4369514450927467
2573,1.440648761349241,1.4400195662345174,1.4377600108699462
2574,1.440648761349241,1.4398897492314584,1.437285674643986
2575,1.440648761349241,1.4396712854901204,1.4329392400688523
2576,1.440648761349241,1.4395405850311418,1.4351550792404086
2577,1.440648761349241,1.4397047132789489,1.4338366225681645
2578,1.440648761349241,1.4395958594898821,1.4332405698328263
2579,1.440648761349241,1.4395642699410198,1.4361718650573017
2580,1.440648761349241,1.4395048364001486,1.4356449655463128
2581,1.440648761349241,1.439435750502386,1.4367518062941103
2582,1.4406836144788584,1.4398069522560304,1.437601763111842
2583,1.4406836144788584,1.4397222561348895,1.4354175541636471
2584,1.4406836144788584,1.439446248528937,1.4327994333180771
2585,1.4406836144788584,1.4392163613913047,1.4334484288813212
2586,1.4406836144788584,1.4392491376222287,1.4363422836239628
2587,1.4406836144788584,1.4390010560600666,1.4356824553033196
2588,1.4406836144788584,1.4391792571888087,1.4356803847748731
2589,1.4406836144788584,1.4391526870230322,1.4371646238819331
2590,1.4406836144788584,1.438993257595022,1.43417788619574
2591,1.4406836144788584,1.4383505865621062,1.4334211845937015
2592,1.4406836144788584,1.4378022341186933,1.4261625651433374
2593,1.4406836144788584,1.4377611571737066,1.428814977458915
2594,1.4406836144788584,1.4379823331569093,1.4355606171658106
2595,1.440860064233921,1.4381889975970463,1.4350197556983724
2596,1.440860064233921,1.4383801510346708,1.431747070697172
2597,1.440860064233921,1.438152832778063,1.4327438457052417
2598,1.440860064233921,1.438613734167173,1.4318229360598163
2599,1.440860064233921,1.4384264917114336,1.4343433675876487
2600,1.440860064233921,1.4384978019770651,1.4293557952613065
2601,1.440860064233921,1.4382606702435674,1.4336851542492353
2602,1.440860064233921,1.438571821072564,1.4346388400826842
2603,1.440860064233921,1.4387578140250863,1.4326946239701388
2604,1.440860064233921,1.4385036259332262,1.4331935693356799
2605,1.440860064233921,1.4384287211092468,1.4333664575241671
2606,1.440860064233921,1.4378338868415597,1.4135531023555636
2607,1.440860064233921,1.4382811849990407,1.4267755635166453
2608,1.440860064233921,1.438479059085049,1.4272985600824584
2609,1.440860064233921,1.4382126550152936,1.4322065732603284
2610,1.440860064233921,1.438291790260948,1.4337529455460596
2611,1.440860064233921,1.4388586762338305,1.4348409515404705
2612,1.440860064233921,1.438773873594801,1.433910077831348
2613,1.440860064233921,1.4391441064264625,1.433902399375699
2614,1.440860064233921,1.4392858700305293,1.4359804165254
2615,1.440860064233921,1.4391956748109522,1.4302377039945078
2616,1.440860064233921,1.4386340678687486,1.4336360401191008
2617,1.440860064233921,1.4390900412165468,1.4325589604175237
2618,1.440860064233921,1.43911386159129,1.4326427460868012
2619,1.440860064233921,1.4391583405845494,1.43551459295011
2620,1.440860064233921,1.4389259178590457,1.428742948680377
2621,1.440860064233921,1.4386348828730724,1.4329018245813774
2622,1.440860064233921,1.4382050256134513,1.4303759242747074
2623,1.440860064233921,1.43865189117146,1.433618322643856
2624,1.4410391915017922,1.438771373315517,1.4334739772893932
2625,1.4410391915017922,1.4389919474573512,1.4329377724973493
2626,1.4410391915017922,1.4391068509671086,1.4322085614901505
2627,1.4410391915017922,1.438894503917885,1.4343675061982075
2628,1.4410391915017922,1.4391932129125962,1.4346103632218052
2629,1.4410391915017922,1.4389344856223898,1.4301794556308183
2630,1.4410391915017922,1.4394321249611506,1.4363326172684374
2631,1.4410391915017922,1.439615947913897,1.4366032065368524
2632,1.4411642757307144,1.4394391892185103,1.4332546081447284
2633,1.4411642757307144,1.4396038106145252,1.4365067501122015
2634,1.4411642757307144,1.4398846434850725,1.4347144755565164
2635,1.4411642757307144,1.4394328720025646,1.434066982732493
2636,1.4411642757307144,1.4392783896834833,1.4325117186820426
2637,1.4411642757307144,1.4388350738610376,1.432590717113084
2638,1.4411642757307144,1.4385694709416001,1.433095149996764
2639,1.4411642757307144,1.4383883553999073,1.4310988325423477
2640,1.4411642757307144,1.4388567788428472,1.4336118890682186
2641,1.4411642757307144,1.4385077759571,1.431095733083855
2642,1.4411642757307144,1.4392199987937264,1.4343189536307364
2643,1.4411642757307144,1.4392526888838022,1.4315790178038752
2644,1.4411642757307144,1.4387454803955202,1.4298436995289387
2645,1.4411642757307144,1.4384763006042283,1.4318377875226942
2646,1.4411642757307144,1.4381429853272245,1.4317244316989652
2647,1.4411642757307144,1.4388207429907047,1.434897796577299
2648,1.4411642757307144,1.4390256465675462,1.434893523298036
2649,1.4411642757307144,1.439380675496524,1.4355227545020857
2650,1.4411642757307144,1.4400554630680202,1.4361729529993146
2651,1.4411642757307144,1.4401568543727405,1.437682833535712
2652,1.4411642757307144,1.4400738848837418,1.4369520136045977
2653,1.4411642757307144,1.4398971143812478,1.4356577606858087
2654,1.4411642757307144,1.4399235774604597,1.437008362374601
2655,1.4411642757307144,1.4401187131742978,1.4364319548318183
2656,1.4411642757307144,1.440080738719486,1.4370360830066962
2657,1.4411642757307144,1.4400455776240186,1.435283531395248
2658,1.4411642757307144,1.4395952765601254,1.435078528460906
2659,1.4411642757307144,1.439543226297084,1.4340500770865996
2660,1.4411642757307144,1.4396033992906832,1.4331546016750494
2661,1.4411642757307144,1.4396796127386147,1.434802934915407
2662,1.4411642757307144,1.4398375702041892,1.4337419198040573
2663,1.4411642757307144,1.4398876782878645,1.4344104704682807
2664,1.4411642757307144,1.4399204804928396,1.437122221439968
2665,1.4411642757307144,1.4400902660017472,1.4373932698602296
2666,1.4411642757307144,1.4400019321847117,1.4340885936028784
2667,1.4411642757307144,1.440291768355662,1.4385573735776171
2668,1.4411642757307144,1.4402201593989208,1.436877226238249
2669,1.4411642757307144,1.439976679115846,1.4372539520422312
2670,1.4411642757307144,1.4401713853371119,1.4374430690661582
2671,1.4411642757307144,1.4402193800668377,1.4371677865712424
2672,1.4413021886845698,1.4404314534073333,1.438060451340843
2673,1.4413021886845698,1.440326801108178,1.4375683978538514
2674,1.4413021886845698,1.4404009879977875,1.4383983488839787
2675,1.4413021886845698,1.440288971549901,1.4384217247757816
2676,1.4413021886845698,1.4401223635962839,1.4380610961435292
2677,1.4413021886845698,1.4399277961058394,1.4373413767355314
2678,1.4413021886845698,1.44009358840774,1.4354699632493735
2679,1.4413021886845698,1.4400479862734699,1.4366755577798545
2680,1.4413021886845698,1.4397747174375533,1.4366666118756486
2681,1.4413021886845698,1.4396933082979175,1.436130746114992
2682,1.4413021886845698,1.4398546801004761,1.4367344694136597
2683,1.4413021886845698,1.43987923599853,1.437249077995675
2684,1.4413021886845698,1.4398522446368047,1.4297745819357743
2685,1.4413021886845698,1.4394307277314566,1.4353316484185878
2686,1.4413021886845698,1.4393555348017455,1.4332071377545963
2687,1.4413021886845698,1.4390418931106874,1.4246596920066135
2688,1.4413021886845698,1.4385124997240681,1.4309758701675876
2689,1.4413021886845698,1.438702914692434,1.4333026353254346
2690,1.4413021886845698,1.4389093564278659,1.4292258813533476
2691,1.4413021886845698,1.4392234791118925,1.4325791490906012
2692,1.4413021886845698,1.439895863655697,1.4345795778243047
2693,1.4413021886845698,1.4400383937246877,1.4375291946212958
2694,1.4413021886845698,1.439955939313168,1.435198267974741
2695,1.4413021886845698,1.4400469760666297,1.437320822659486
2696,1.4413021886845698,1.4401949550100148,1.4378473680286898
2697,1.4413021886845698,1.440140046567869,1.4372672178759252
2698,1.4413021886845698,1.44012803160805,1.4379151862281523
2699,1.4413021886845698,1.4401976978512738,1.437168530646244
2700,1.4413021886845698,1.4402666682524239,1.4358131018644351
2701,1.4413021886845698,1.4402368099267278,1.4351347604046547
2702,1.4413021886845698,1.4401286624589886,1.4352083973113843
2703,1.4413021886845698,1.440203386992261,1.436925575909105
2704,1.4413021886845698,1.4401362327551512,1.4366270043071936
2705,1.4413021886845698,1.440136865404255,1.4379444855053771
2706,1.4413021886845698,1.4401152085749245,1.4362697278828822
2707,1.4413021886845698,1.4402312555794847,1.4372931998665668
2708,1.4413021886845698,1.440304619455761,1.4372378641674215
2709,1.4413021886845698,1.440341793818726,1.4373008121183304
2710,1.4413021886845698,1.440199113985658,1.4359995883056416
2711,1.4413021886845698,1.4402193535329548,1.4359071493369295
2712,1.4413021886845698,1.4403143288892664,1.4368205654714516
2713,1.4413021886845698,1.4401589105648442,1.436640780073965
2714,1.4413021886845698,1.4401013851305606,1.436072495565019
2715,1.4414861609932905,1.440147653993427,1.4372160397171827
2716,1.4414861609932905,1.4400723310312709,1.4361998241489928
2717,1.4414861609932905,1.4396919492165576,1.4351849213199568
2718,1.4414861609932905,1.438914248961315,1.4190198509485488
2719,1.4415399771757844,1.4386185385719819,1.4308525130313494
2720,1.4415399771757844,1.438970607767135,1.4302728386429278
2721,1.4415399771757844,1.4385685976410643,1.4323496293650506
2722,1.4415399771757844,1.4390400173196098,1.4340472131092545
2723,1.4415399771757844,1.4391371768536294,1.4342983134543366
2724,1.4415399771757844,1.4390936237070378,1.4331501711089158
2725,1.4415399771757844,1.4389946207856468,1.4336969259172778
2726,1.4415399771757844,1.4392164194617303,1.432048883282755
2727,1.4415399771757844,1.4391407513979173,1.4322226986327775
2728,1.4415399771757844,1.4390931763321477,1.4318721351701038
2729,1.4415399771757844,1.4388491127154834,1.4326008054504007
2730,1.4415399771757844,1.4388227506655011,1.4169758203489538
2731,1.4415399771757844,1.4388358198651412,1.4317745130578254
2732,1.4415399771757844,1.438700398874104,1.4312084265114278
2733,1.4415399771757844,1.43885538751499,1.4344692189714048
2734,1.4415399771757844,1.4388159447967406,1.4116996645524944
2735,1.4415399771757844,1.4390063221022658,1.4330923666592872
2736,1.441559975492558,1.4389061842951967,1.434844937596897
2737,1.441559975492558,1.4393832385616852,1.4325983939468137
2738,1.441559975492558,1.4395300585474475,1.4341123699919192
2739,1.441559975492558,1.4399427383904566,1.437411861689956
2740,1.441559975492558,1.4403465412157104,1.4376984538167386
2741,1.441559975492558,1.440462671210288,1.4376387729775573
2742,1.441559975492558,1.4406746237294663,1.4383072782612347
2743,1.441559975492558,1.440433409559622,1.4380802871623604
2744,1.441559975492558,1.4402584477555558,1.4361090461370685
2745,1.441559975492558,1.4398677386704093,1.436582444649324
2746,1.441559975492558,1.439824932559302,1.4362957490594797
2747,1.441559975492558,1.440309810373021,1.437577520675449
2748,1.441559975492558,1.4404859502863523,1.4382357408276656
2749,1.441559975492558,1.4405698216150546,1.437809266981552
2750,1.441559975492558,1.4402407354464974,1.4338277326910538
2751,1.441559975492558,1.4402997438530805,1.436778717257903
2752,1.441559975492558,1.4400781426372484,1.4335006008154747
2753,1.441559975492558,1.4400701717813433,1.43255691836578
2754,1.441559975492558,1.439822754663334,1.4294367284763088
2755,1.441559975492558,1.4396605498371684,1.4330449902041438
2756,1.441559975492558,1.4388053913377103,1.4268074040286116
2757,1.441559975492558,1.438879913273509,1.4330652077992099
2758,1.441559975492558,1.439722149292563,1.4351813842450332
2759,1.441559975492558,1.4399589636403898,1.4340940592677374
2760,1.441559975492558,1.4398234129150291,1.433836288607747
2761,1.441559975492558,1.4395525795040927,1.4355707827521036
2762,1.441559975492558,1.4395710462119888,1.4353346157000624
2763,1.441559975492558,1.4394305520846575,1.434824894387777
2764,1.441559975492558,1.4393501243034919,1.4343587254018388
2765,1.441559975492558,1.4393484853800529,1.4339957687804916
2766,1.441559975492558,1.4397255411362126,1.4348501580494415
2767,1.441559975492558,1.4398417671988124,1.434918785956976
2768,1.441559975492558,1.4399957732124953,1.4364068801667473
2769,1.441559975492558,1.4398361878468373,1.4314677839509689
2770,1.441559975492558,1.4400753585430315,1.4345145812225137
2771,1.441559975492558,1.4404536273954573,1.4386547512612242
2772,1.441559975492558,1.4406760244513797,1.437804939743104
2773,1.441559975492558,1.4405806483763601,1.4387130625639828
2774,1.441559975492558,1.4408674254790064,1.438647072353487
2775,1.441559975492558,1.440881491871957,1.438881003262587
2776,1.441559975492558,1.440657015714984,1.4382908665316188
2777,1.441559975492558,1.440507774610714,1.4356584924365206
2778,1.441559975492558,1.4405401161753733,1.4369921962709828
2779,1.441559975492558,1.4404659508296092,1.4371715831288827
2780,1.441559975492558,1.4404726134180694,1.4378559874243118
2781,1.441559975492558,1.4401898906053543,1.4354866929535546
2782,1.441559975492558,1.4397907422087848,1.4343157697414963
2783,1.441559975492558,1.4398742218502207,1.434413858710244
2784,1.441559975492558,1.439756145059353,1.4361101696955887
2785,1.441559975492558,1.4395954776542341,1.4339564443108102
2786,1.441559975492558,1.4397081015035433,1.431390369519149
2787,1.441559975492558,1.4399200804357526,1.4372764026493736
2788,1.441559975492558,1.4395867572657568,1.4297871542332814
2789,1.441559975492558,1.4393807894278359,1.434378486147057
2790,1.441559975492558,1.4396676983255545,1.4340192736971293
2791,1.441559975492558,1.439756431867424,1.4348973972122663
2792,1.441559975492558,1.4400779692813666,1.4366740735995027
2793,1.441559975492558,1.44030258818663,1.43740537098546
2794,1.441559975492558,1.4401491179850978,1.4305519116206442
2795,1.441559975492558,1.440041115967213,1.436400679970823
2796,1.441559975492558,1.4403309254048133,1.4370619213858238
2797,1.441559975492558,1.4404403907903716,1.4359385755956728
2798,1.441559975492558,1.4402607372097291,1.4333309847378792
2799,1.441559975492558,1.4401341442892202,1.4368340492399736
2800,1.441559975492558,1.44038805471599,1.4384244714638215
2801,1.441559975492558,1.4406308021449705,1.4386866251706223
2802,1.441559975492558,1.4408336478712422,1.4383612286464844
2803,1.441559975492558,1.4405434917033213,1.4382260666615163
2804,1.441559975492558,1.4404521872010978,1.4338657219931308
2805,1.441559975492558,1.4403162187105436,1.4372962875269748
2806,1.441559975492558,1.4404280848177058,1.432940363716009
2807,1.441559975492558,1.4403942549760234,1.4374220187911502
2808,1.441559975492558,1.4406082450527788,1.4386717945086713
2809,1.441559975492558,1.4406722046634668,1.4381350690817867
2810,1.441559975492558,1.4407898057883137,1.4354879744447069
2811,1.441559975492558,1.440845256268787,1.4375091101626052
2812,1.441559975492558,1.4407273580963993,1.439090227590936
2813,1.441559975492558,1.4407144804752292,1.4379503533256623
2814,1.441559975492558,1.4405733525312812,1.4363499760792844
2815,1.441559975492558,1.4405545986095545,1.4372306279433182
2816,1.441559975492558,1.4404880697632279,1.437419637037725
2817,1.441559975492558,1.440666932496503,1.4378836917459097
2818,1.441559975492558,1.4406980032263204,1.4388387883538085
2819,1.441559975492558,1.4406705091751337,1.437690263983896
2820,1.441559975492558,1.4407794338181672,1.4385598016516685
2821,1.441559975492558,1.4406529286644152,1.4380233494536678
2822,1.441559975492558,1.4405232394028509,1.4339968500095943
2823,1.441559975492558,1.4403970988564658,1.4330509451772877
2824,1.441559975492558,1.4401681503255106,1.4358033018687237
2825,1.441559975492558,1.4403061379945634,1.4374079775485138
2826,1.441559975492558,1.4405204305976453,1.4379672582492558
2827,1.441559975492558,1.4405469447929145,1.4339386348891596
2828,1.441559975492558,1.440763953450519,1.4372995387654082
2829,1.441559975492558,1.4406890119833244,1.4384251284944969
2830,1.441559975492558,1.4405119714585377,1.4368615342944648
2831,1.441559975492558,1.4404853017447272,1.4371828557893684
2832,1.441559975492558,1.4404284523154758,1.4358792273095484
2833,1.441559975492558,1.4405711135186765,1.4387752684360464
2834,1.441559975492558,1.4404395849099094,1.4367560515630111
2835,1.441559975492558,1.4402531562589926,1.43722936404741
2836,1.441559975492558,1.4403021538110472,1.4366632712336942
2837,1.441559975492558,1.4402525709902851,1.4359177686691218
2838,1.441559975492558,1.440353344403136,1.436235072502228
2839,1.441559975492558,1.4402993055126314,1.4368119691897003
2840,1.441559975492558,1.4400155312516367,1.437106549086303
2841,1.441559975492558,1.4399914272412473,1.4363823956864497
2842,1.441559975492558,1.4401578741396346,1.4350982219764112
2843,1.441559975492558,1.4399419094056005,1.437394681111505
2844,1.441559975492558,1.4403804865289802,1.4373931839031082
2845,1.441559975492558,1.4404778212398444,1.437540474337761
2846,1.441559975492558,1.440371021577025,1.4381575969640872
2847,1.441559975492558,1.4402431305638173,1.436509951125181
2848,1.441559975492558,1.4401513643117305,1.437032918602525
2849,1.441559975492558,1.4403938803887317,1.4369709775563928
2850,1.441559975492558,1.4405657639576974,1.437388630731692
2851,1.441559975492558,1.4404243470265083,1.4370571921861117
2852,1.441559975492558,1.4403309885821545,1.4367456057426826
2853,1.441559975492558,1.440402125518425,1.4373993167625163
2854,1.441559975492558,1.4401124873929996,1.4375192225002282
2855,1.441559975492558,1.4401943333268468,1.4365419395585801
2856,1.441559975492558,1.4398385168330434,1.4351517579695237
2857,1.441559975492558,1.4397690764804483,1.431342102058361
2858,1.441559975492558,1.4401191393530814,1.431780274053308
2859,1.4416263467080979,1.4401489436973145,1.4379050704291096
2860,1.4416263467080979,1.4401411952210728,1.4345635072639027
2861,1.4416263467080979,1.4397007853999446,1.4267246172419004
2862,1.4416263467080979,1.4395023386859414,1.430504685481616
2863,1.4416263467080979,1.4397468456751583,1.4350601464476551
2864,1.4416263467080979,1.4398586261438608,1.436108772245987
2865,1.4416263467080979,1.439934395855332,1.4363773245801947
2866,1.4416263467080979,1.4398334897517144,1.4355664539292186
2867,1.4416263467080979,1.4400937926640904,1.436023836678593
2868,1.4416263467080979,1.4401533577347998,1.434170610088495
2869,1.4416263467080979,1.440316896064245,1.4373881027575073
2870,1.4417487706977732,1.440685202862288,1.4361674818657366
2871,1.4417487706977732,1.4405839051183558,1.438848620157048
2872,1.4417487706977732,1.4404228727765525,1.437577598930538
2873,1.4417487706977732,1.4404213840390634,1.4373044208657095
2874,1.4417487706977732,1.4402766199561674,1.4368342970548538
2875,1.4417487706977732,1.4402284622761883,1.4371025838389124
2876,1.4417487706977732,1.440219632334296,1.4368569521546726
2877,1.4417487706977732,1.4402645052707035,1.4364534016585102
2878,1.4417487706977732,1.4405646891157307,1.4380584309149673
2879,1.4417487706977732,1.4403821255500748,1.436932579653101
2880,1.4417487706977732,1.4404593194858393,1.436739185625445
2881,1.4417487706977732,1.44068755972106,1.4377597611658013
2882,1.4417487706977732,1.4408944720710306,1.4368673773484835
2883,1.4417487706977732,1.4407730550758107,1.437747845767141
2884,1.4417487706977732,1.4404619086265527,1.4275056283739478
2885,1.4417487706977732,1.4401358878833772,1.4362826380380456
2886,1.441755294382476,1.4400311602494236,1.428247480614485
2887,1.441755294382476,1.4402504990271674,1.434793816238106
2888,1.441755294382476,1.4399612773821133,1.4320422097459384
2889,1.441755294382476,1.4399312331516163,1.4328964734652014
2890,1.441755294382476,1.4401871561903001,1.4363585537555308
2891,1.441779879009095,1.440262665299123,1.4359078971679855
2892,1.441779879009095,1.440058639657045,1.4345197373988627
2893,1.441779879009095,1.4398164487931107,1.4319662272730678
2894,1.441779879009095,1.4398808641306622,1.4301022901026317
2895,1.441779879009095,1.4399887103872262,1.434451041530305
2896,1.441779879009095,1.439954512021076,1.4336182463906404
2897,1.441779879009095,1.440107157701422,1.4359919305899693
2898,1.441779879009095,1.4400501241615058,1.4310863546801205
2899,1.441779879009095,1.4405098421908291,1.4369933696998258
2900,1.441779879009095,1.4405905504783616,1.4380080358690286
2901,1.4418567932841202,1.4404735684712247,1.4374711633400126
2902,1.4418567932841202,1.4403921888701612,1.4370829292628666
2903,1.4418567932841202,1.4403180175630559,1.432984425683768
2904,1.4418567932841202,1.4402575437533403,1.4361327216109159
2905,1.4418567932841202,1.4401075911228955,1.4341129188676744
2906,1.4418567932841202,1.4399380141375246,1.4337498776947324
2907,1.4418567932841202,1.4397808288948326,1.4345810316971077
2908,1.4418567932841202,1.4395039406507977,1.4311816818827667
2909,1.4418567932841202,1.439447711643458,1.432999763741557
2910,1.4418567932841202,1.4392210580040583,1.43356877978999
2911,1.4418567932841202,1.4394399582141633,1.4317649751084496
2912,1.4418567932841202,1.4393729967147522,1.429252423541857
2913,1.4418567932841202,1.4386935940504808,1.4243725932577815
2914,1.4418567932841202,1.438918968527322,1.42930090114189
2915,1.4418567932841202,1.4394082926747953,1.432770400080539
2916,1.4418567932841202,1.4391228645164882,1.4321495194705065
2917,1.4418567932841202,1.439891047300721,1.4294617262161786
2918,1.4419272594380617,1.4401429328454836,1.4364950234345464
2919,1.4419272594380617,1.4402071948000732,1.4362308713558993
2920,1.4419272594380617,1.4400310550245938,1.4363705576349393
2921,1.4419272594380617,1.440047936400106,1.4363292196610673
2922,1.4419272594380617,1.4402136753288832,1.4318123517851293
2923,1.4419272594380617,1.4399143638898488,1.4344655800953983
2924,1.4419272594380617,1.4394487313493607,1.4303753767166598
2925,1.4419272594380617,1.439712055663214,1.4338596206197376
2926,1.4419272594380617,1.4392148533937408,1.4253238222587659
2927,1.4419272594380617,1.4384783103270027,1.4303865257586412
2928,1.4419272594380617,1.438696861030089,1.4327975981228183
2929,1.4419272594380617,1.4393832136833535,1.4334180609480554
2930,1.4419272594380617,1.4397570338264807,1.434475413124646
2931,1.4419272594380617,1.4402092159301865,1.4342348156266462
2932,1.4419272594380617,1.4402002187023073,1.4320677250786635
2933,1.4419272594380617,1.43992197384109,1.435451585356708
2934,1.4419272594380617,1.4397762987164242,1.430877157020326
2935,1.4419272594380617,1.4400754800853663,1.4338225705221928
2936,1.4419272594380617,1.440423895527917,1.4381576036367298
2937,1.4419272594380617,1.4405109733081443,1.4385458590961033
2938,1.4419272594380617,1.4402307050800442,1.4351833246329484
2939,1.4419272594380617,1.4400505264543135,1.4374161569506911
2940,1.4419272594380617,1.440062020445057,1.4371630662265373
2941,1.4419272594380617,1.4402796639255357,1.4380410458159272
2942,1.4419272594380617,1.4403390822747713,1.4372818673715955
2943,1.4419272594380617,1.440602728740491,1.4380764566788207
2944,1.4419272594380617,1.4402309234257396,1.437358160443942
2945,1.4419272594380617,1.4402291458064942,1.4364268567905474
2946,1.4419272594380617,1.4402706819466689,1.4351345653997891
2947,1.4419272594380617,1.4399574380133842,1.4343776955934853
2948,1.4419272594380617,1.4401025624638328,1.4361177997462655
2949,1.4419272594380617,1.4398193749085701,1.4202311459502954
2950,1.4419272594380617,1.4392424418528291,1.4297395859457274
2951,1.4419272594380617,1.4395615982077783,1.423834513505465
2952,1.4419272594380617,1.4390599406713698,1.4261369249128348
2953,1.4419272594380617,1.43935597113976,1.4316117581019225
2954,1.4419272594380617,1.4399374192092467,1.4335050491139458
2955,1.4419272594380617,1.439447785699937,1.4230689686073523
2956,1.4419272594380617,1.4398260834992616,1.4338883680195385
2957,1.4419272594380617,1.4396321114683621,1.4341386692517621
2958,1.4419272594380617,1.4393470097726597,1.4285683219404957
2959,1.4419272594380617,1.4397289838189267,1.432965035215758
2960,1.4419272594380617,1.4395848571021381,1.430619049113182
2961,1.4419272594380617,1.43878069580697,1.4295118887945943
2962,1.4419272594380617,1.4393829274233156,1.4329198134730545
2963,1.4419272594380617,1.4395522597950987,1.435521823661412
2964,1.4419272594380617,1.4401326457498478,1.4363249327174374
2965,1.4419272594380617,1.4402886342542134,1.437090299230614
2966,1.4419272594380617,1.440205736940737,1.433957628439643
2967,1.4419607891613446,1.4405178952955475,1.437292001276312
2968,1.4419607891613446,1.4403888014406179,1.4371462827977672
2969,1.4419607891613446,1.4403633382009198,1.4381390713091822
2970,1.4419607891613446,1.4400880964292748,1.4339578589746786
2971,1.4419607891613446,1.4396591839950221,1.4333756493803518
2972,1.4419607891613446,1.4397053306389105,1.4342337015363487
2973,1.4419607891613446,1.4396251661029809,1.4343834245064166
2974,1.4419607891613446,1.4396698675068023,1.435793119192606
2975,1.4419607891613446,1.4393351641853946,1.432884321532081
2976,1.4419607891613446,1.4396614378638377,1.4336217402535056
2977,1.4419607891613446,1.4395402291620067,1.4337233789699888
2978,1.4419607891613446,1.4393865615130392,1.4294211672141366
2979,1.4419607891613446,1.4396049730951568,1.4337418985079629
2980,1.4419607891613446,1.4394721868386842,1.4281960637283433
2981,1.4419607891613446,1.4396535713311638,1.4336066486426147
2982,1.4419607891613446,1.4396919729965694,1.4342226610634292
2983,1.4419607891613446,1.4399869675699983,1.4352713392820315
2984,1.4419607891613446,1.440154184425214,1.4361458386149686
2985,1.4419607891613446,1.4400256436115628,1.434793323131686
2986,1.4419607891613446,1.440327930934013,1.4359545927541877
2987,1.4419607891613446,1.440149640261797,1.4364398493691255
2988,1.4419607891613446,1.440156888746603,1.4340495261644421
2989,1.4419607891613446,1.4399478361054483,1.4331519595534021
2990,1.4419607891613446,1.4395967590462886,1.4354205665726885
2991,1.4419607891613446,1.439419175123583,1.4352894692160838
2992,1.4419607891613446,1.4394161984138838,1.4346604237406275
2993,1.4419607891613446,1.4388051383572633,1.4260343220249663
2994,1.4419607891613446,1.4384814109800161,1.4067316227018483
2995,1.4419607891613446,1.4392568115558726,1.4325920007002633
2996,1.4419607891613446,1.4395569342435823,1.423286102909302
2997,1.4419607891613446,1.4395905614275835,1.4315479799038848
2998,1.4419607891613446,1.440028525320786,1.434744304343214
2999,1.4419607891613446,1.440167975334617,1.4372612878587354
3000,1.4419607891613446,1.4405506773706935,1.4339285109490323
3001,1.4419607891613446,1.4401879953645882,1.4357113051310728
3002,1.4419607891613446,1.4401945469139275,1.431480809247146
3003,1.4419607891613446,1.4399424975490245,1.434413240544076
3004,1.4419607891613446,1.4404748025762106,1.4377691762768794
3005,1.4419607891613446,1.4400248202994235,1.428235801260036
3006,1.4419607891613446,1.4401971421509794,1.4336732162011092
3007,1.4419607891613446,1.4401060272688886,1.4323241878289803
3008,1.4419607891613446,1.4400216577193816,1.4319743279715347
3009,1.4419607891613446,1.439467153299499,1.4347324458879975
3010,1.4419607891613446,1.4396205622306317,1.4242115129929007
3011,1.4419607891613446,1.440269668699346,1.4362606915550762
3012,1.4419607891613446,1.4404792539139992,1.4372560323413899
3013,1.4419607891613446,1.4402616217218187,1.434897874238587
3014,1.4421286853051538,1.4402698140986556,1.434340605962506
3015,1.4421286853051538,1.4402373741991406,1.4365492329013332
3016,1.4421286853051538,1.4406433472164515,1.437362716347238
3017,1.4421286853051538,1.440525866430286,1.435977029681776
3018,1.4421649964124517,1.4406185384864532,1.4347628497250917
3019,1.4421649964124517,1.4406721739679043,1.4376171953091024
3020,1.442398187763356,1.4407677389687836,1.4363140658664175
3021,1.442398187763356,1.4408885828732538,1.4372098110583944
3022,1.442398187763356,1.4407250872997275,1.4343480572160157
3023,1.442398187763356,1.4409470038026628,1.4377446327288228
3024,1.442398187763356,1.4407169777483566,1.4314503689102045
3025,1.442398187763356,1.4406152750841996,1.434218418499494
3026,1.442398187763356,1.4405423883279282,1.435501877135525
3027,1.442398187763356,1.4408468049627963,1.4360186862642494
3028,1.442398187763356,1.4407841999907487,1.4369270738999746
3029,1.442398187763356,1.4402420866316652,1.4333135193603903
3030,1.442398187763356,1.4403371013519723,1.4357798472320555
3031,1.442398187763356,1.4407445651871402,1.4338508325994437
3032,1.442398187763356,1.4410459980381853,1.437597136297508
3033,1.442398187763356,1.441082948775022,1.43787499500608
3034,1.4424198874398209,1.4409429415387869,1.4361811068286965
3035,1.4424198874398209,1.4411457048408334,1.4375262829450581
3036,1.4424198874398209,1.4410210180059397,1.4391245060127065
3037,1.4424198874398209,1.441468945783234,1.4370864535708552
3038,1.4424198874398209,1.441264809626285,1.4382446220112444
3039,1.4424198874398209,1.4410057578498618,1.4363122174946819
3040,1.4424198874398209,1.4410633870990923,1.4382188192831902
3041,1.4424198874398209,1.4413756113962277,1.4382819399907603
3042,1.4424198874398209,1.4413509784736942,1.439494904874124
3043,1.4424198874398209,1.4415154269606927,1.4384516349171768
3044,1.4424198874398209,1.441032267120104,1.4357894652699599
3045,1.4424198874398209,1.4410725615280455,1.438311988203815
3046,1.4424198874398209,1.4405618105742573,1.4291825522655461
3047,1.4424198874398209,1.440246616846631,1.4294942480822348
3048,1.4424198874398209,1.440068032765134,1.4325225261736676
3049,1.4424198874398209,1.4401166467780808,1.4320263570947773
3050,1.4424198874398209,1.4397693378462617,1.436318421076836
3051,1.4424198874398209,1.4399142894191153,1.435117263648207
3052,1.4424198874398209,1.4399530973075831,1.4361233352675384
3053,1.4424198874398209,1.4398805524611478,1.4290983765291996
3054,1.4424198874398209,1.4401509995172541,1.4361139691526945
3055,1.4424198874398209,1.4403827408286138,1.435922455706827
3056,1.4424198874398209,1.4404680173522135,1.4363451952662183
3057,1.4424198874398209,1.440559423502284,1.4361178703152064
3058,1.4424198874398209,1.440450222919566,1.4339766746172589
3059,1.4424198874398209,1.4407826265860348,1.431046241000999
3060,1.4424198874398209,1.4405627195329904,1.4336912455370805
3061,1.4424198874398209,1.4407062357579057,1.436281182773398
3062,1.4424198874398209,1.4404529700482096,1.434816453992445
3063,1.4424198874398209,1.4404589469828408,1.433287329382711
3064,1.4424198874398209,1.440379988536962,1.4347813389310302
3065,1.4424198874398209,1.440037793401375,1.4274624428232068
3066,1.4424198874398209,1.4394619530100423,1.4286243499627735
3067,1.4424198874398209,1.4395068240738598,1.4323668084451817
3068,1.4424198874398209,1.4400280832541323,1.4331040418432792
3069,1.4424198874398209,1.4401548258355896,1.434612633353573
3070,1.4424198874398209,1.440015000511484,1.4349824515100877
3071,1.4424198874398209,1.4399673601268705,1.4303021137976377
3072,1.4424198874398209,1.439980509911621,1.4337759727973944
3073,1.4424198874398209,1.4401602924908348,1.4336615809232984
3074,1.4424198874398209,1.4404206675778273,1.43554407737622
3075,1.4424198874398209,1.4399577333650513,1.4320300458013335
3076,1.4424198874398209,1.4402991381906767,1.4329056407126919
3077,1.4424198874398209,1.4398147859142072,1.4344211500446769
3078,1.4424198874398209,1.4401370505005004,1.4359419676107408
3079,1.4424198874398209,1.4403064055183685,1.436428643946952
3080,1.4424198874398209,1.440106290340508,1.4313549976443034
3081,1.4424198874398209,1.4396186809360398,1.4290168715831242
3082,1.4424198874398209,1.4387465699666648,1.4273443110519164
3083,1.4424198874398209,1.4389318790923005,1.4286563065162017
3084,1.4424198874398209,1.4392412678433333,1.4342600836624373
3085,1.4424198874398209,1.4397257199256215,1.4325974558261392
3086,1.4424198874398209,1.4397673352252491,1.4342860592573958
3087,1.4424198874398209,1.4397524748288375,1.4305996966643826
3088,1.4424198874398209,1.4397125670160045,1.4299111251638603
3089,1.4424198874398209,1.4394570512765503,1.4257328033910404
3090,1.4424198874398209,1.439873084319077,1.4309625195854758
3091,1.4424198874398209,1.4398281213729365,1.433800654913093
3092,1.4424198874398209,1.4398211772870386,1.4327909983556222
3093,1.4424198874398209,1.439827153593686,1.433490597328815
3094,1.4424198874398209,1.4401146025526947,1.4307113749720677
3095,1.4424198874398209,1.4408918896795064,1.4361477571577048
3096,1.4424198874398209,1.4412233112968371,1.4387915141798278
3097,1.4424198874398209,1.4410144978864625,1.4308759616764637
3098,1.4424198874398209,1.441132091262699,1.4376708459949223
3099,1.4424198874398209,1.4412299019488513,1.4368847263175768
3100,1.4424198874398209,1.4409038208576164,1.4373926232725085
3101,1.4424198874398209,1.4408026022473948,1.43521024008557
3102,1.4424198874398209,1.4404275515734737,1.4281121503664311
3103,1.4424198874398209,1.4401348862520948,1.4336598001218528
3104,1.4424198874398209,1.4400127149184636,1.4348427238833512
3105,1.4424198874398209,1.440228283913616,1.4350002006354954
3106,1.4424198874398209,1.4398694373840777,1.434513980322542
3107,1.4424198874398209,1.4402215719222948,1.4348692667235472
3108,1.4424198874398209,1.4401859622053397,1.4323188037263967
3109,1.4424198874398209,1.4403368013225182,1.4320800415800583
3110,1.4424198874398209,1.440105995046747,1.4360510559885753
3111,1.4425249762009509,1.4402617354873175,1.433980253207991
3112,1.4425249762009509,1.4402271657317882,1.4284211464408034
3113,1.4425249762009509,1.439886113281872,1.4321533252281917
3114,1.4425249762009509,1.4403185512845864,1.4342714351910508
3115,1.4425249762009509,1.4403221204543397,1.4310658704255728
3116,1.4425249762009509,1.4402267099865973,1.4325984210649754
3117,1.4425249762009509,1.4398855044040357,1.4278600654834013
3118,1.4425249762009509,1.4399822050254207,1.4354578580353192
3119,1.4425249762009509,1.4399267081084774,1.4331475157201485
3120,1.4425249762009509,1.4401378198833585,1.4354378048155854
3121,1.4425249762009509,1.440443215609167,1.432992921742433
3122,1.4425249762009509,1.44069587878659,1.436598819222702
3123,1.4425249762009509,1.4411318692851955,1.43797996626394
3124,1.4425249762009509,1.4411865846040994,1.43896554420157
3125,1.4425249762009509,1.4414111719519134,1.4391403056513639
3126,1.4425249762009509,1.4413981494104393,1.436138258868745
3127,1.4425249762009509,1.4411418684706867,1.437638275312322
3128,1.4425249762009509,1.441009500666021,1.4365937622155192
3129,1.4425249762009509,1.4411787865236534,1.4358949244377022
3130,1.4425249762009509,1.4408692189733747,1.431770925166934
3131,1.4425249762009509,1.4406240248673579,1.434745038307371
3132,1.4425249762009509,1.4406850419374428,1.4337142441347743
3133,1.4425249762009509,1.440651142358137,1.4372411076904448
3134,1.4425314508861944,1.4407276738027335,1.4364260940111642
3135,1.4425314508861944,1.4411894982738949,1.4356952010665451
3136,1.4425314508861944,1.4411264124891179,1.4359948956479691
3137,1.4425314508861944,1.441133244472524,1.4354474543091542
3138,1.4425314508861944,1.4409420992776227,1.4370108082254427
3139,1.4425314508861944,1.4407508114562229,1.435532003323311
3140,1.4425314508861944,1.4410460346424188,1.4369882646342107
3141,1.4425314508861944,1.4410164685369025,1.4373693879992469
3142,1.4425314508861944,1.4413745929480364,1.4370936917576556
3143,1.4425314508861944,1.4414041472564356,1.435964254757657
3144,1.4425314508861944,1.4413472974868193,1.4372872521941016
3145,1.4425314508861944,1.4414161569258166,1.4381364352712398
3146,1.4425314508861944,1.4413242471534944,1.4380133555705297
3147,1.4425314508861944,1.441567937104111,1.437980339382111
3148,1.4425314508861944,1.4414985278811756,1.4393963465877126
3149,1.4425314508861944,1.441448130210386,1.4387116730829983
3150,1.4425314508861944,1.441529393778956,1.438458392299242
3151,1.4425314508861944,1.4417608661020163,1.4357257888258546
3152,1.4425705197962508,1.4419714356975033,1.4399301236432123
3153,1.4425705197962508,1.441942427890653,1.4400934983765832
3154,1.4425705197962508,1.4417692105436373,1.4383516118077746
3155,1.4425705197962508,1.4416255447009791,1.4396100214477308
3156,1.4425705197962508,1.4415968557787704,1.4382237206014847
3157,1.4425705197962508,1.4416876067805402,1.43823939907183
3158,1.4425705197962508,1.4413305431464511,1.4379449995291904
3159,1.4425705197962508,1.4414792403044574,1.4381985926829652
3160,1.4425705197962508,1.4415610365164153,1.439521014212102
3161,1.4425705197962508,1.441232570375477,1.4340628592284228
3162,1.4425705197962508,1.4411411735919903,1.436742052835074
3163,1.4426556706810572,1.4411569347898578,1.436497925610161
3164,1.4426556706810572,1.440995411958781,1.435223687313315
3165,1.4426556706810572,1.4409675666218018,1.4381398050756378
3166,1.4426556706810572,1.4408891323622766,1.4371535296553297
3167,1.4426556706810572,1.441066701955096,1.4365635092404845
3168,1.4426556706810572,1.4413819226218312,1.4362221116229812
3169,1.4426556706810572,1.4414908265210853,1.4367948047358616
3170,1.4426556706810572,1.4417997561662625,1.437635305356409
3171,1.4426556706810572,1.4418944865197663,1.440105465886909
3172,1.4426556706810572,1.4416043611205351,1.4392787434820153
3173,1.4426556706810572,1.4414561974168942,1.4321902070683719
3174,1.4426556706810572,1.4410425786980416,1.436729057838284
3175,1.4426556706810572,1.4410856234247122,1.4343810654876048
3176,1.4426556706810572,1.4408485711369985,1.4369680983116884
3177,1.4426556706810572,1.4410756357410373,1.437463845746688
3178,1.4426556706810572,1.4416786410014848,1.4383324462074272
3179,1.4426556706810572,1.441453326404095,1.4380436459585886
3180,1.4426556706810572,1.441505583437332,1.438422419440258
3181,1.4426556706810572,1.441359003701875,1.4369859061426464
3182,1.4426556706810572,1.4411222823062824,1.4367216818915165
3183,1.4426556706810572,1.4408802152587201,1.422514198194429
3184,1.4426556706810572,1.4412416179095675,1.436874774615841
3185,1.4426556706810572,1.441320927516054,1.4380686065030819
3186,1.4426556706810572,1.4410527458044227,1.4358609331210408
3187,1.4426556706810572,1.4410362996575174,1.4364498377922092
3188,1.4426556706810572,1.4407661250252841,1.4361740574273014
3189,1.4426556706810572,1.4408903354991784,1.4377504575057736
3190,1.4426556706810572,1.4408386469076058,1.4367938812301329
3191,1.4426556706810572,1.4411169983886227,1.4379891130979012
3192,1.4426556706810572,1.4409939239747667,1.4366781218304963
3193,1.4426556706810572,1.4405758931944517,1.4328424560769646
3194,1.4426556706810572,1.4403386225252597,1.4346709636453592
3195,1.4427112558523443,1.4405395442518085,1.435706251914727
3196,1.4427112558523443,1.441025390945979,1.437775666341327
3197,1.4427112558523443,1.4413421075815895,1.4384762291522528
3198,1.4427112558523443,1.4413663944668276,1.4388610661180976
3199,1.4427112558523443,1.441423805350583,1.438664136740191
3200,1.4427112558523443,1.441187882237629,1.4376429012977985
3201,1.4427112558523443,1.4414033540902833,1.4392607383606562
3202,1.4427112558523443,1.4413929451491043,1.4385440358909445
3203,1.4427112558523443,1.4413423597450443,1.4371855061736143
3204,1.4427112558523443,1.4408445472880758,1.4338418871294458
3205,1.4427112558523443,1.4411475319258664,1.4354904394860413
3206,1.4427112558523443,1.4407407088718012,1.4333593435878849
3207,1.4427112558523443,1.4407357495606674,1.4351832557161976
3208,1.4427112558523443,1.440793124026604,1.4361906892410627
3209,1.4427112558523443,1.4412999270769873,1.4384569061548882
3210,1.4427112558523443,1.4414384414959587,1.438810864604931
3211,1.4427112558523443,1.4415616547002075,1.4373188051499872
3212,1.4427112558523443,1.4411185600374212,1.4364229669702
3213,1.4427112558523443,1.441023877042874,1.4365238578551645
3214,1.4427112558523443,1.4410639813747557,1.4373624640087748
3215,1.4427112558523443,1.4408898627816447,1.4356602223408519
3216,1.4427112558523443,1.4405494660881946,1.4340145675152476
3217,1.4427112558523443,1.4400356972070438,1.434931431063991
3218,1.4427112558523443,1.4404069049778574,1.4368488519573097
3219,1.4427112558523443,1.440986832627344,1.4378625481998673
3220,1.4427112558523443,1.441273536599128,1.4385101652185828
3221,1.4427112558523443,1.4410988840469627,1.4343056377528611
3222,1.4427112558523443,1.4411647953173181,1.438804897325461
3223,1.4427112558523443,1.4413644924861182,1.4373798510613705
3224,1.4427112558523443,1.4408575347881314,1.4381876485251366
3225,1.4427112558523443,1.4407302247926246,1.434257593059733
3226,1.4427112558523443,1.4405687728185337,1.4359816004247559
3227,1.4427112558523443,1.44031586814012,1.434289537007125
3228,1.4427112558523443,1.4403730249068039,1.4360408046821247
3229,1.4427112558523443,1.4403003887955652,1.4376707186138313
3230,1.4427112558523443,1.4402793805249758,1.4359407701754319
3231,1.4427112558523443,1.4398208180028238,1.4311887672928838
3232,1.4427112558523443,1.4400534603094512,1.4333846541373536
3233,1.4427112558523443,1.4404655295273578,1.4350028227354976
3234,1.4427112558523443,1.4407737208714209,1.4366812230790693
3235,1.4427112558523443,1.4406974330995064,1.4367060478315907
3236,1.4427112558523443,1.4410646326975143,1.4364542122579902
3237,1.4427112558523443,1.4409577400068851,1.4368245398369905
3238,1.4427112558523443,1.440659314649473,1.4379695502553846
3239,1.4427112558523443,1.4410199226568603,1.4377445384251157
3240,1.4427112558523443,1.4411462841105667,1.4355494539167766
3241,1.4427112558523443,1.4409196958564423,1.4386930654460819
3242,1.4427112558523443,1.4411925066156255,1.4373494179087407
3243,1.4427112558523443,1.4412468096425348,1.4375453393133775
3244,1.4427112558523443,1.4412875135607472,1.4376070005100172
3245,1.4427112558523443,1.4412543543400917,1.4367602357293139
3246,1.4427112558523443,1.441401423107846,1.4370958985853128
3247,1.4427112558523443,1.441419326218856,1.43724997884502
3248,1.4427112558523443,1.441329539143559,1.4367082060632985
3249,1.4427112558523443,1.4413573197512206,1.4372043927305034
3250,1.4427112558523443,1.441208913584872,1.4371139345541424
3251,1.4427112558523443,1.4411839417743055,1.4362541529607145
3252,1.4427112558523443,1.4414831511184352,1.4375766423607081
3253,1.4427112558523443,1.4416088292840763,1.4377271850521776
3254,1.4427112558523443,1.44171411392376,1.4395752698933582
3255,1.4427112558523443,1.4413303212939166,1.4336094395117096
3256,1.4427112558523443,1.441594437419169,1.4338774285153786
3257,1.4427112558523443,1.4416402610599512,1.4378676311139804
3258,1.4427112558523443,1.4413478693760964,1.4357887048170446
3259,1.4427112558523443,1.4411883377861048,1.4367672626059582
3260,1.4427112558523443,1.4410902087598427,1.4381832554904148
3261,1.4427112558523443,1.4411280142637346,1.4376770372558039
3262,1.4427112558523443,1.4410830898035007,1.4359957236920644
3263,1.4427112558523443,1.4408957682640644,1.4341956777682714
3264,1.4427112558523443,1.4406620221446813,1.434910602685598
3265,1.4427112558523443,1.440982295369695,1.4359512799686505
3266,1.4427112558523443,1.4407966721990104,1.4371877054813729
3267,1.4427112558523443,1.4402672570104356,1.4350233925460396
3268,1.4427112558523443,1.440399816132488,1.4313688544589531
3269,1.4427112558523443,1.440340384285989,1.4317128549973208
3270,1.4427112558523443,1.440492796740418,1.4331482552593204
3271,1.4427112558523443,1.4401903769026208,1.4345308804786432
3272,1.4427112558523443,1.440865103324986,1.4338404677363115
3273,1.4427112558523443,1.440794333721789,1.434924608559185
3274,1.4428193209895441,1.4408282507578627,1.43450887208251
3275,1.4428193209895441,1.4405915453993097,1.4271661759046486
3276,1.4428193209895441,1.4408483242050252,1.4365612480920316
3277,1.4428193209895441,1.4411042008557442,1.4348689550830138
3278,1.4428193209895441,1.4411913251536377,1.4380933141152998
3279,1.4428193209895441,1.4414935420733876,1.4371497439907261
3280,1.4428193209895441,1.440882701480037,1.4366674233978562
3281,1.4428193209895441,1.441227224107366,1.4368397198332
3282,1.4428193209895441,1.441200148233575,1.4374145662467286
3283,1.4428193209895441,1.4409714688613318,1.4348916447585303
3284,1.4428193209895441,1.4411160530461826,1.4373488639635659
3285,1.4428193209895441,1.4412454826075893,1.4389278015204863
3286,1.4428193209895441,1.4413882244350835,1.4373537959927243
3287,1.4429718601894763,1.4414378454481112,1.4359318684538886
3288,1.4429718601894763,1.4415215342103205,1.4377468048616913
3289,1.4429718601894763,1.441437207093237,1.4390443314979475
3290,1.4429718601894763,1.4415931646393636,1.4360804551715425
3291,1.4429718601894763,1.4413535108478406,1.4327662518425188
3292,1.4429718601894763,1.4414261611866306,1.4369440406478173
3293,1.4429718601894763,1.4416798386042589,1.43852565278367
3294,1.4429718601894763,1.4416518464739045,1.4369722965011604
3295,1.4429718601894763,1.4418377471123822,1.438568516308677
3296,1.442987715333071,1.441609215589113,1.4366784901821548
3297,1.442987715333071,1.4414814545734915,1.4320837689151498
3298,1.442987715333071,1.4413476097197475,1.4382937801634412
3299,1.442987715333071,1.4411227114106202,1.4350225163471608
3300,1.442987715333071,1.4408321469705683,1.4343675684530353
3301,1.442987715333071,1.4408497006708976,1.4282496129676383
3302,1.442987715333071,1.4409695925740984,1.4308341918261398
3303,1.442987715333071,1.4408635472749622,1.4366456611098588
3304,1.442987715333071,1.4412164353366574,1.4384990235957074
3305,1.442987715333071,1.4413603326052626,1.4393716985333898
3306,1.442987715333071,1.441267301299373,1.4347551443448363
3307,1.442987715333071,1.4412614410275526,1.4377959541260639
3308,1.442987715333071,1.4414088257914235,1.4367155349737546
3309,1.442987715333071,1.4410700168123016,1.418338888859706
3310,1.442987715333071,1.44077591592851,1.4373941291887136
3311,1.442987715333071,1.4405225470942482,1.4347428015893382
3312,1.4430008497339946,1.4408605070595133,1.435449152384873
3313,1.4430008497339946,1.4411727330565463,1.436809335271135
3314,1.4430008497339946,1.441092730429432,1.4323078427725646
3315,1.4430008497339946,1.4414147056051716,1.4373815606608984
3316,1.4430008497339946,1.4411037646950822,1.4353942197699803
3317,1.4430008497339946,1.4418327407314755,1.4392965978032306
3318,1.4430008497339946,1.4417506889266312,1.439526162101164
3319,1.4430008497339946,1.441937297820641,1.4392439384723008
3320,1.4430008497339946,1.4417623217118354,1.4300989940063744
3321,1.4430008497339946,1.4415670313990292,1.436390855042215
3322,1.4430008497339946,1.4416377237030213,1.4386824340040385
3323,1.4430008497339946,1.4416925052863838,1.4388625592296813
3324,1.4430008497339946,1.4415002014106884,1.432323065854844
3325,1.4430008497339946,1.4411825014423933,1.4389028885697455
3326,1.4430008497339946,1.4412375100685346,1.4383697342391364
3327,1.4430008497339946,1.440827232533447,1.4373765525535924
3328,1.4430008497339946,1.4414776623253704,1.4372296555278132
3329,1.4430008497339946,1.441326762511626,1.4368377328075825
3330,1.4430008497339946,1.4413897919064846,1.4372132079449091
3331,1.4430008497339946,1.4413350636743323,1.4381343723240831
3332,1.4430008497339946,1.441231758629153,1.4358286124490935
3333,1.4430008497339946,1.4410871132355307,1.434896490790533
3334,1.4430008497339946,1.4405273301360026,1.434943051321992
3335,1.4430008497339946,1.4411328807966828,1.4388598213750812
3336,1.4430008497339946,1.4416282301280583,1.4390678608345258
3337,1.4430008497339946,1.4419297660794477,1.4391711807574974
3338,1.4430008497339946,1.4419471185658623,1.4388005452334414
3339,1.4430008497339946,1.441610944554788,1.4389205712216933
3340,1.4430008497339946,1.4413931326713145,1.4364727596299816
3341,1.4430008497339946,1.441439153973262,1.433740759720673
3342,1.4430008497339946,1.4415465700713475,1.4392286898045925
3343,1.4430008497339946,1.4414998771860854,1.4371383391312806
3344,1.4430008497339946,1.4416660741365213,1.4389560659348524
3345,1.4430008497339946,1.4414481946927646,1.4348837547466815
3346,1.4430008497339946,1.441262610018761,1.4367547087063306
3347,1.4430008497339946,1.4409508516203544,1.433453191940251
3348,1.4430008497339946,1.4405903004506555,1.436831095329033
3349,1.4430008497339946,1.440858026689954,1.4371873851614425
3350,1.4430008497339946,1.4406458647037905,1.4375710380141757
3351,1.4430008497339946,1.4410044020456168,1.4384436279860933
3352,1.4430008497339946,1.4414231433524964,1.4378672382960906
3353,1.4430008497339946,1.441563100240392,1.4359692581923054
3354,1.4430008497339946,1.4414467512793703,1.437770168736795
3355,1.4430008497339946,1.4416930484463393,1.4378406722545563
3356,1.4430008497339946,1.4417657710098373,1.4400317763554518
3357,1.4430008497339946,1.4419823981932103,1.4400317524461004
3358,1.4430008497339946,1.441826569252504,1.43660159386124
3359,1.4430008497339946,1.441860952187607,1.4395082101529415
3360,1.4430008497339946,1.4416992420471966,1.4380594569155631
3361,1.4430008497339946,1.4415234626300657,1.4386575006333575
3362,1.4430008497339946,1.4412782307195389,1.437533555392059
3363,1.4430008497339946,1.441468578294215,1.4364955947837572
3364,1.4430008497339946,1.4415053253929353,1.4371230991571327
3365,1.4430008497339946,1.4414950895136436,1.4359623229923617
3366,1.4430008497339946,1.4414288216134719,1.43427821747853
3367,1.4430008497339946,1.4410815249769575,1.4367576094245138
3368,1.4430008497339946,1.440730068550865,1.4349114224513626
3369,1.4430008497339946,1.4409372219532006,1.434239477670717
3370,1.4430008497339946,1.4409738531925727,1.4348014481479572
3371,1.4430178310553758,1.4410423612686385,1.4338160343897062
3372,1.4430178310553758,1.4409614862285407,1.432969753933699
3373,1.4430178310553758,1.4409157415643405,1.4375826905719657
3374,1.4430178310553758,1.4408332973311198,1.4354243401579656
3375,1.4430178310553758,1.4409500241516033,1.4371095444532451
3376,1.4430178310553758,1.4410691499600832,1.4324362031238775
3377,1.4430178310553758,1.4406521808870534,1.4340854422781557
3378,1.4430178310553758,1.4405496624044205,1.4312539418806853
3379,1.4430178310553758,1.440715793219899,1.4220073439826004
3380,1.4430178310553758,1.4406093727913956,1.4344985311263612
3381,1.4430178310553758,1.4402772699308681,1.4325826810680153
3382,1.4430178310553758,1.4407697430186952,1.4365321652790288
3383,1.4430178310553758,1.4412099738982262,1.4368566431189285
3384,1.4430178310553758,1.441053165908667,1.4361830328043563
3385,1.4430178310553758,1.4410929000954613,1.4356047485402261
3386,1.4430178310553758,1.4409704867795172,1.4322182923817552
3387,1.4430178310553758,1.4407491823610985,1.430717602856488
3388,1.4430178310553758,1.4410910894704887,1.4361674982124883
3389,1.4430178310553758,1.4411314393910917,1.4370255130696086
3390,1.4430178310553758,1.441237877419285,1.4367297742357181
3391,1.4430178310553758,1.441273954151148,1.4382082702179093
3392,1.4430178310553758,1.4416076283511188,1.4391389078281733
3393,1.4430178310553758,1.4416421696896473,1.4394140897376628
3394,1.4430178310553758,1.4414447572032894,1.4384153493272902
3395,1.4430178310553758,1.4415006351074313,1.4372383128453723
3396,1.4430178310553758,1.441576415608874,1.4388883348557724
3397,1.4430178310553758,1.441433430416011,1.4389072564821623
3398,1.4430178310553758,1.4411648508131114,1.4365361689629779
3399,1.4430178310553758,1.441038283019577,1.436880675121454
3400,1.4430178310553758,1.4410715150253537,1.437291694354661
3401,1.4430178310553758,1.4411864856403545,1.436624837768972
3402,1.4430178310553758,1.4411592638253612,1.4360667636382816
3403,1.4430178310553758,1.4410378453356503,1.4358662151791488
3404,1.4430178310553758,1.441054616252922,1.437265486847142
3405,1.4430178310553758,1.4407864939250425,1.43784416074551
3406,1.4430178310553758,1.4407377384441356,1.4363075852904992
3407,1.4430178310553758,1.440211890799338,1.4290215134754278
3408,1.4430178310553758,1.4396095851132846,1.4288118854696377
3409,1.4430178310553758,1.439309457053772,1.423720921502205
3410,1.4430178310553758,1.4393674886776364,1.4292081440189734
3411,1.4430178310553758,1.4397335921618608,1.429501396171492
3412,1.4430178310553758,1.4395268338981757,1.427401603294515
3413,1.4430178310553758,1.4386424254062558,1.4296251211174673
3414,1.4430178310553758,1.4387735244383975,1.426690095728356
3415,1.4430178310553758,1.4383645247223564,1.4213018358126401
3416,1.4430178310553758,1.4391351096653335,1.4314611093655447
3417,1.4430178310553758,1.4396069446171393,1.4290282034073056
3418,1.4430178310553758,1.4395472505422857,1.4353332625351907
3419,1.4430178310553758,1.4402510052631337,1.4372222052470964
3420,1.4430178310553758,1.4403848593872126,1.4360509711205696
3421,1.4430178310553758,1.4398187395195794,1.4356362144748227
3422,1.4430178310553758,1.439543792731722,1.4333012100261906
3423,1.4430178310553758,1.439848166947308,1.435503804336586
3424,1.4430178310553758,1.4395783450972486,1.4331586188079553
3425,1.4430178310553758,1.4395943680710765,1.4318424549070992
3426,1.4430178310553758,1.439682668503265,1.434399102380599
3427,1.4430178310553758,1.4392896138052895,1.431177473735635
3428,1.4430178310553758,1.4385521057725383,1.4270895657172171
3429,1.4430178310553758,1.4387732721141022,1.4282400050653479
3430,1.4430178310553758,1.4401763429023668,1.4306193680456174
3431,1.4430178310553758,1.4399420022584744,1.4327257232130406
3432,1.4430178310553758,1.4394847973497662,1.4337637226221165
3433,1.4430178310553758,1.4400110888781632,1.4276693501056563
3434,1.4430178310553758,1.439779688027279,1.43316443567402
3435,1.4430178310553758,1.4395744301014108,1.427429317143257
3436,1.4430178310553758,1.438864724558514,1.4288424479606894
3437,1.4430178310553758,1.4380476759810161,1.4270678187384072
3438,1.4430178310553758,1.4383931428415757,1.4227638909805862
3439,1.4430178310553758,1.4386697184204096,1.4296408004421592
3440,1.4430178310553758,1.4381323819654412,1.4264010474425408
3441,1.4430178310553758,1.4385562463427128,1.42944440150372
3442,1.4430178310553758,1.4377260212678236,1.417052146133246
3443,1.4430178310553758,1.4381636111099374,1.4286160868540083
3444,1.4430178310553758,1.43780608274215,1.4267174280913208
3445,1.4430178310553758,1.4373497766083778,1.4288023064186506
3446,1.4430178310553758,1.4384765539294682,1.4333322855212083
3447,1.4430178310553758,1.4384637290063194,1.4314386084294144
3448,1.4430178310553758,1.4383731397077477,1.4242255120624265
3449,1.4430178310553758,1.4384248955277954,1.4302708034425338
3450,1.4430178310553758,1.439066690921206,1.4270099459764234
3451,1.4430178310553758,1.4379495773157034,1.4051436422346395
3452,1.4430178310553758,1.4380551892919697,1.4275584185872747
3453,1.4430178310553758,1.4381885447860785,1.4288443027343778
3454,1.4430178310553758,1.437689044302189,1.4263078051351374
3455,1.4430178310553758,1.4365694883936462,1.4232546887837025
3456,1.4430178310553758,1.4352501169403424,1.4231217488216847
3457,1.4430178310553758,1.4350807484567343,1.4131307102465893
3458,1.4430178310553758,1.4344040149334618,1.4176084461238563
3459,1.4430178310553758,1.4346814297496766,1.4249774218153821
3460,1.4430178310553758,1.4365522564357998,1.4225342789089692
3461,1.4430178310553758,1.4364065049068864,1.4135130986077962
3462,1.4430178310553758,1.437018971335315,1.4229083603995487
3463,1.4430178310553758,1.4395526988261285,1.432272934528445
3464,1.4430178310553758,1.4399576880294367,1.4327898017983396
3465,1.4430178310553758,1.4400948056186076,1.4317154280073463
3466,1.4430178310553758,1.440471295786621,1.434837633456153
3467,1.4430178310553758,1.4408183039801095,1.433733168191337
3468,1.4430178310553758,1.4406824135141303,1.4300328970313048
3469,1.4430178310553758,1.440505763581278,1.436073892496264
3470,1.4430178310553758,1.4404040268870384,1.4293041450719404
3471,1.4430178310553758,1.4399854880009257,1.4304370386410696
3472,1.4430178310553758,1.439804257411686,1.4368617298293722
3473,1.4430178310553758,1.4397733853157952,1.4319914617474272
3474,1.4430178310553758,1.4396269206627692,1.4353294245753914
3475,1.4430178310553758,1.439196123422617,1.4322009159395566
3476,1.4430178310553758,1.4394346740746295,1.430520707904089
3477,1.4430178310553758,1.4396846265607273,1.431909518754094
3478,1.4430178310553758,1.4397226134797776,1.4327365381805308
3479,1.4430178310553758,1.4398182648038782,1.4297452867763552
3480,1.4430178310553758,1.4391846878337438,1.4194703315211803
3481,1.4430178310553758,1.4395874067757268,1.4340035256701
3482,1.4430178310553758,1.4396551154428523,1.4336595406670982
3483,1.4430178310553758,1.4395520373704664,1.4264306897121066
3484,1.4430178310553758,1.4390668688303123,1.4292487638979814
3485,1.4430178310553758,1.439862323115585,1.433164554747195
3486,1.4430178310553758,1.4397697112724066,1.4303209649512507
3487,1.4430178310553758,1.4394257195841105,1.4311796465274746
3488,1.4430178310553758,1.439134501800198,1.4331670154096923
3489,1.4430178310553758,1.438666996859841,1.430394707444734
3490,1.4430178310553758,1.4387840412052488,1.4213229678733876
3491,1.4430178310553758,1.4395569289654913,1.430339940127765
3492,1.4430178310553758,1.4400223571140884,1.4349948661494951
3493,1.4430178310553758,1.4399089174029578,1.435807676798378
3494,1.4430178310553758,1.4397955598213006,1.4351904068786583
3495,1.4430178310553758,1.4399444096791116,1.4346995296857872
3496,1.4430178310553758,1.4397141592631724,1.4301741084262123
3497,1.4430178310553758,1.438793614966274,1.4301361100852408
3498,1.4430178310553758,1.439397765657974,1.4337630971888224
3499,1.4430178310553758,1.439623336747629,1.4327382088574425
3500,1.4430178310553758,1.4400354577847043,1.4336326786993503
3501,1.4430178310553758,1.4405163571831778,1.4359597247791538
3502,1.4430178310553758,1.4402222396861277,1.4335439262494045
3503,1.4430178310553758,1.4396781855334169,1.431392752346353
3504,1.4430178310553758,1.4392362687153888,1.4305966252739364
3505,1.4430178310553758,1.4395348802997023,1.4266856025204806
3506,1.4430178310553758,1.439395212405766,1.423226609559443
3507,1.4430178310553758,1.4393979939811887,1.4282043106339182
3508,1.4430178310553758,1.439302475722219,1.4304006004729437
3509,1.4430178310553758,1.4397354001869487,1.4333014779274107
3510,1.4430178310553758,1.4397768738637766,1.4316986353487497
3511,1.4430178310553758,1.4398005358666361,1.4269824387728154
3512,1.4430178310553758,1.439936525312571,1.4333025945115254
3513,1.4430178310553758,1.4407162617305767,1.4363833466755558
3514,1.4430178310553758,1.4404308091653593,1.4353051587780912
3515,1.4430178310553758,1.4404948982217636,1.437151052263279
3516,1.4430178310553758,1.440422612131065,1.4335788029772716
3517,1.4430178310553758,1.4405591551076045,1.4343154067916686
3518,1.4430178310553758,1.4407510891020376,1.4379168431117149
3519,1.4430178310553758,1.4407502443228395,1.4369339616858094
3520,1.4430178310553758,1.4405994413623653,1.4297081800784606
3521,1.4430178310553758,1.4401075141286301,1.4347180110196376
3522,1.4430178310553758,1.4402962948654716,1.4329085201495855
3523,1.4430178310553758,1.4401229289282662,1.4368839699269969
3524,1.4430178310553758,1.4403640027902955,1.433016411394712
3525,1.4430178310553758,1.4406725350915495,1.436126879307708
3526,1.4430178310553758,1.440696742084097,1.4342243893692788
3527,1.4430178310553758,1.4402986021280997,1.42228262765313
3528,1.4430178310553758,1.4402080759624685,1.4340462850645026
3529,1.4430178310553758,1.4403075376281054,1.4352370016940412
3530,1.4430178310553758,1.4405167111993438,1.4353957674199762
3531,1.4430178310553758,1.4403173746590736,1.4352827451249817
3532,1.4430178310553758,1.4407531519083236,1.435488936879188
3533,1.4430178310553758,1.4405217434058244,1.4360734809118572
3534,1.4430178310553758,1.4404709221949579,1.4372685480957157
3535,1.4430178310553758,1.4404470989663536,1.4366982596615419
3536,1.4430178310553758,1.4407455536147153,1.4369666826272307
3537,1.4430178310553758,1.440571783719484,1.4347895656990097
3538,1.4430178310553758,1.4406487513091926,1.4342999629860937
3539,1.4430178310553758,1.4402903702158634,1.432857742287885
3540,1.4430178310553758,1.4396127229494515,1.4198618955346283
3541,1.4430178310553758,1.4397593704391383,1.4262576573035457
3542,1.4430178310553758,1.4387234943058334,1.4205803972009983
3543,1.4430178310553758,1.437572297176561,1.4154632098874405
3544,1.4430178310553758,1.4377677421032518,1.4286775638315146
3545,1.4430178310553758,1.4383770540133844,1.4296602937508085
3546,1.4430178310553758,1.4385189129761184,1.4267741516727221
3547,1.4430178310553758,1.4390165436131437,1.433033319317124
3548,1.4430178310553758,1.4398508490021174,1.4319591177427693
3549,1.4430178310553758,1.4402019135438113,1.4328361163132843
3550,1.4430178310553758,1.4402433035162028,1.4328679329749483
3551,1.4430178310553758,1.440101840819592,1.435348623753891
3552,1.4430178310553758,1.4400477563639373,1.4310212512802094
3553,1.4430178310553758,1.4403822419431989,1.4322566906909777
3554,1.4430178310553758,1.4401937682397448,1.431623904123287
3555,1.4430178310553758,1.4403185517164845,1.4316088705125427
3556,1.4430178310553758,1.4401716142279395,1.4277727880652678
3557,1.4430178310553758,1.4397496472370026,1.4333033748485908
3558,1.4430178310553758,1.4393622104854962,1.434079779473396
3559,1.4430178310553758,1.4392067518517608,1.4347170034840915
3560,1.4430178310553758,1.4398793160680037,1.4325657869704687
3561,1.4430178310553758,1.4402155502502427,1.4321692182369217
3562,1.4430178310553758,1.4403079013874411,1.4353087908737465
3563,1.4430178310553758,1.4406199919980651,1.4360356082505725
3564,1.4430178310553758,1.4404008621401143,1.4356794166015514
3565,1.4430178310553758,1.4407778652620553,1.4358811812373693
3566,1.4430178310553758,1.4408039548081435,1.4377985765683325
3567,1.4430178310553758,1.4415213019279411,1.437073297661166
3568,1.4430178310553758,1.4409459809214864,1.4253603180076988
3569,1.4430178310553758,1.4405328890162161,1.4327926540535478
3570,1.4430178310553758,1.4400629697744498,1.4333307632600751
3571,1.4430178310553758,1.4401707819326095,1.4346625724414157
3572,1.4430178310553758,1.4395375382281248,1.4239372193612878
3573,1.4430178310553758,1.4385077468767256,1.4294254118028589
3574,1.4430178310553758,1.4381500557254037,1.4241520855029208
3575,1.4430178310553758,1.438741884600776,1.4300705754102614
3576,1.4430178310553758,1.4390769487348352,1.4316722428744157
3577,1.4430178310553758,1.4393845553680436,1.4311156775909668
3578,1.4430178310553758,1.4394086256883538,1.4323969743631746
3579,1.4430178310553758,1.43901589192224,1.4335606890980777
3580,1.4430178310553758,1.4390455474207833,1.4337712322748968
3581,1.4430178310553758,1.4385359354777094,1.4268380062711032
3582,1.4430178310553758,1.4386296365047067,1.4300014448713294
3583,1.4430178310553758,1.4383912297500918,1.4258809534582306
3584,1.4430178310553758,1.4385963885138502,1.4300880051789295
3585,1.4430178310553758,1.4386691367557405,1.4281903115127483
3586,1.4430178310553758,1.438878544075566,1.4325508573191894
3587,1.4430178310553758,1.4391803224187307,1.43461711524428
3588,1.4430178310553758,1.4397668163961042,1.4354947801811098
3589,1.4430178310553758,1.4397827681935838,1.4281636074259723
3590,1.4430178310553758,1.4396234473862284,1.4292075208488235
3591,1.4430178310553758,1.4404282426599126,1.4357023141302747
3592,1.4430178310553758,1.4405489576971282,1.4362862853097296
3593,1.4430178310553758,1.4404566345903789,1.4351674161654269
3594,1.4430178310553758,1.4400799539558056,1.4270551683461827
3595,1.4430178310553758,1.4402243004039028,1.427418238207953
3596,1.4430178310553758,1.4401747752176457,1.4328075289318696
3597,1.4430178310553758,1.44045524614928,1.4337999447875915
3598,1.4430178310553758,1.4400620984130104,1.4316418256575185
3599,1.4430178310553758,1.4399932552239307,1.433360301316067
3600,1.4430178310553758,1.440160376645432,1.4330008492206185
3601,1.4431789686614258,1.439690752752346,1.4248758585645152
3602,1.4431789686614258,1.4397853393299533,1.4162730671259478
3603,1.4431789686614258,1.439822001625157,1.4292383322987754
3604,1.4431789686614258,1.4398354875869745,1.4267759139234677
3605,1.4431789686614258,1.4396671008861515,1.4348855555495907
3606,1.4431789686614258,1.4394316984443245,1.435779023387852
3607,1.4431789686614258,1.4392724401269756,1.433735248421856
3608,1.4431789686614258,1.4389249700494944,1.4321980384956292
3609,1.4431789686614258,1.4392531609650623,1.430771575141791
3610,1.4431789686614258,1.4391545094003817,1.4288706008338248
3611,1.4431789686614258,1.4392204031909248,1.4292012803436303
3612,1.4431789686614258,1.4395010817144707,1.4293514017724145
3613,1.4431789686614258,1.4400511961771838,1.4332389268918924
3614,1.4431789686614258,1.4400513545050484,1.4345231701928174
3615,1.4431789686614258,1.4398002156527625,1.4321674052426185
3616,1.4431789686614258,1.439609609129021,1.4301675452950173
3617,1.4431789686614258,1.4388552535622972,1.417407390010266
3618,1.4431789686614258,1.4387034526065263,1.4088315729730696
3619,1.4431789686614258,1.4381126780871505,1.4247545457347295
3620,1.4431789686614258,1.4399707525769199,1.432433081029791
3621,1.4431789686614258,1.4402874510730894,1.4293841009332282
3622,1.4431789686614258,1.440686370433464,1.4344820700179202
3623,1.4431789686614258,1.4404625220503127,1.4337270811567169
3624,1.4431789686614258,1.4410210271414516,1.4356265033310085
3625,1.4431789686614258,1.4408330430862295,1.43237890649023
3626,1.4431789686614258,1.4403952784651057,1.4313048483305142
3627,1.4431789686614258,1.4401738639164514,1.432931211981028
3628,1.4431789686614258,1.4399938526348561,1.432702929914663
3629,1.4431789686614258,1.4403536865010098,1.4360344029283982
3630,1.4431789686614258,1.4397804117819875,1.431913475082825
3631,1.4431789686614258,1.439337164774009,1.426661099907851
3632,1.4431789686614258,1.4381417884357253,1.420120367564296
3633,1.4431789686614258,1.4380557212719274,1.417276037450154
3634,1.4431789686614258,1.4376870152811032,1.4267412739872853
3635,1.4431789686614258,1.4385051374550608,1.4292673392452402
3636,1.4431789686614258,1.4391870344080475,1.4299946179323135
3637,1.4431789686614258,1.4393939421471702,1.4340417655016113
3638,1.4431789686614258,1.4400240513598808,1.4314914236496132
3639,1.4431789686614258,1.4393918467725002,1.427150883452375
3640,1.4431789686614258,1.439314684035105,1.4252976119232208
3641,1.4431789686614258,1.440008005175242,1.4321863332712907
3642,1.4431789686614258,1.4400270295348117,1.431912088688536
3643,1.4431789686614258,1.4405129729071446,1.4350346645293923
3644,1.4431789686614258,1.441095552237716,1.4367205750384717
3645,1.4431789686614258,1.4404185986514904,1.432622883895285
3646,1.4431789686614258,1.4402907267038998,1.4303974150287884
3647,1.4431789686614258,1.4394195212834306,1.4267703617432559
3648,1.4431789686614258,1.4396258763871188,1.4304333112354493
3649,1.4431789686614258,1.439899798501013,1.4350291686786485
3650,1.4431789686614258,1.4398458850798588,1.429507673861816
3651,1.4431789686614258,1.4400115912043818,1.4331493092747651
3652,1.4431789686614258,1.4396551331326646,1.431785491177325
3653,1.4431789686614258,1.4401009133292078,1.4306389401597301
3654,1.4431789686614258,1.4390759008381915,1.4242544454476724
3655,1.4431789686614258,1.4382429290585341,1.4175496769352798
3656,1.4431789686614258,1.4376479221790228,1.4242280774230633
3657,1.4431789686614258,1.4377371521584705,1.4223997753166004
3658,1.4431789686614258,1.438201107793404,1.4224575401783495
3659,1.4431789686614258,1.4383721752879355,1.426838433753459
3660,1.4431789686614258,1.4389537572755222,1.4298933193716823
3661,1.4431789686614258,1.4393253197490916,1.427940578223823
3662,1.4431789686614258,1.439355189068609,1.4304109822240603
3663,1.4431789686614258,1.4387983760257392,1.4320110570276807
3664,1.4431789686614258,1.4391804446595435,1.43226409616902
3665,1.4431789686614258,1.4393899698094963,1.4256561358385453
3666,1.4431789686614258,1.4393607561355526,1.431714390924393
3667,1.4431789686614258,1.4397998495293456,1.4317892541630308
3668,1.4431789686614258,1.4403028751405953,1.434042556546687
3669,1.4431789686614258,1.440795678639055,1.4342087308592602
3670,1.4431789686614258,1.440635009290296,1.4361372871121678
3671,1.4431789686614258,1.4406608193652608,1.4297093316091147
3672,1.4431789686614258,1.4407953306673653,1.4345703925720628
3673,1.4431789686614258,1.4407258909583913,1.4360169142590773
3674,1.4431789686614258,1.440742550011186,1.4353466181281296
3675,1.4431789686614258,1.4406267520701197,1.4355221310689084
3676,1.4431789686614258,1.4413569934422756,1.4356790835440283
3677,1.4431789686614258,1.4411071152956967,1.4363422400119985
3678,1.4431789686614258,1.4410257570079659,1.4378241566732695
3679,1.4431789686614258,1.4408787840004729,1.4263735847074013
3680,1.4431789686614258,1.4409094180886572,1.425364320336931
3681,1.4431789686614258,1.4409159688812323,1.4366299219017895
3682,1.4431789686614258,1.4410801256790118,1.436754189794929
3683,1.4431789686614258,1.441214458385589,1.437858887305739
3684,1.4431789686614258,1.4410247558647453,1.435472555892359
3685,1.4431789686614258,1.441053546427155,1.4347991693566027
3686,1.4431789686614258,1.4410299425123034,1.4367609671074288
3687,1.4431789686614258,1.44101522581761,1.4374669228792645
3688,1.4431789686614258,1.4412068347300504,1.4328132218254213
3689,1.4431789686614258,1.4415311536256326,1.437213075718294
3690,1.4431789686614258,1.441499415573959,1.4313266715070214
3691,1.4431789686614258,1.4416558224384497,1.4315225662571556
3692,1.4431789686614258,1.4412463257623593,1.4299685787233283
3693,1.4431789686614258,1.441056105127688,1.4322135355225902
3694,1.4431789686614258,1.4410867549444253,1.4365301238092774
3695,1.4431789686614258,1.440868676849876,1.4327375833239129
3696,1.4431789686614258,1.4400153900478219,1.4301551857248578
3697,1.4431789686614258,1.4392815669387296,1.4242673345131884
3698,1.4431789686614258,1.4379920504328911,1.4255280745137828
3699,1.4431789686614258,1.439293494287631,1.433834701331583
3700,1.4431789686614258,1.4394012442316464,1.4324075083365382
3701,1.4431789686614258,1.4396998190317998,1.4320080936102635
3702,1.4431789686614258,1.4391437829645588,1.4278230825538836
3703,1.4431789686614258,1.439552163677096,1.4321116812736774
3704,1.4431789686614258,1.439483228891492,1.4326611627863985
3705,1.4431789686614258,1.4402224138864235,1.4350640972921962
3706,1.4431789686614258,1.440578964142248,1.4345624039681273
3707,1.4431789686614258,1.440967834050227,1.4356554010507485
3708,1.4431789686614258,1.4406829037490594,1.4354808284118863
3709,1.4431789686614258,1.4403973823474305,1.435090068691109
3710,1.4431789686614258,1.440389157207938,1.4346863310607618
3711,1.4431789686614258,1.4404609047362629,1.4367494836255392
3712,1.4431789686614258,1.440897119740707,1.4363313319379156
3713,1.4431789686614258,1.4406118405033634,1.4324256867064185
3714,1.4431789686614258,1.440615038842967,1.4291428191153281
3715,1.4431789686614258,1.4401125736155393,1.4314612846097048
3716,1.4432441106282292,1.4404581099489817,1.4326416969090667
3717,1.4432441106282292,1.4402828858278658,1.4301014920798034
3718,1.4432441106282292,1.440429653346112,1.4288650336498552
3719,1.4432441106282292,1.4406545210551227,1.4340414948574298
3720,1.4432441106282292,1.4407537454931765,1.4355451773860433
3721,1.4432441106282292,1.4405877589123945,1.4315557974096444
3722,1.4432441106282292,1.4407241345026722,1.432521043822524
3723,1.4432441106282292,1.4398781503163824,1.4208951345360714
3724,1.4432441106282292,1.4404169470298303,1.4314076972950593
3725,1.4433565079617048,1.4403354707530998,1.4350325045587589
3726,1.4433565079617048,1.4409760271862162,1.437455717649346
3727,1.4433565079617048,1.4414781608580458,1.4370843051445317
3728,1.4433565079617048,1.4415775756889182,1.437391974098307
3729,1.4433636246501553,1.4413511680169113,1.4375284701995605
3730,1.4433636246501553,1.441383259781312,1.430390750470023
3731,1.4433636246501553,1.4413335000338423,1.4345595369521642
3732,1.4433636246501553,1.4415170373480009,1.4364203749849254
3733,1.4433636246501553,1.4416316593082954,1.4395466244278747
3734,1.4433636246501553,1.4417136155436305,1.4366260437362468
3735,1.4434806145199608,1.441917099837844,1.435780799105873
3736,1.4434806145199608,1.4423856041954004,1.4392074072973442
3737,1.4434806145199608,1.442563569558156,1.4383115018761377
3738,1.4434806145199608,1.4423237054454285,1.4391594372428045
3739,1.4434806145199608,1.4420869453108138,1.4366661524344007
3740,1.4434806145199608,1.4420532508553732,1.4369065492450146
3741,1.4434806145199608,1.4422647563651791,1.4354271086798494
3742,1.4434806145199608,1.4421314659702589,1.438740613342706
3743,1.4434806145199608,1.4420938141448294,1.4392961826059614
3744,1.4434806145199608,1.4423132237464253,1.4386658460872055
3745,1.4434806145199608,1.4421935047359244,1.4384993935751067
3746,1.4434806145199608,1.4420522605412878,1.4358312212405897
3747,1.4434806145199608,1.4418546397721843,1.432179217498067
3748,1.4434806145199608,1.4417443491613477,1.436642036286702
3749,1.4434806145199608,1.4421419876622499,1.4392059143756157
3750,1.4434806145199608,1.4420368730667021,1.438920661886419
3751,1.4434806145199608,1.4424114128910046,1.440238017243808
3752,1.4434806145199608,1.4424487187524577,1.4360536762916336
3753,1.4434806145199608,1.4423395867760351,1.4389591090013643
3754,1.4434806145199608,1.442245173197855,1.439325112848172
3755,1.4434806145199608,1.4423377250202847,1.4395691819766152
3756,1.4434806145199608,1.4425878359127924,1.4408299888889327
3757,1.4434806145199608,1.442775401535879,1.4409035333229785
3758,1.4434806145199608,1.4426993863092263,1.4392846766189638
3759,1.4434806145199608,1.4424200585207485,1.4360811155464785
3760,1.4434806145199608,1.4425576651180405,1.436947764105871
3761,1.4434806145199608,1.442405546977007,1.43829768217172
3762,1.4434806145199608,1.4422869757539352,1.4381827241775231
3763,1.4434806145199608,1.4423353094959908,1.4367937681517717
3764,1.4434806145199608,1.4422933582115476,1.4393050538290293
3765,1.4434806145199608,1.442335421865853,1.4383872608692352
3766,1.4434806145199608,1.4422035445389845,1.4380402363954434
3767,1.4434806145199608,1.442021176762299,1.4345825976457516
3768,1.4434806145199608,1.4415689768039623,1.4325460137169568
3769,1.4434806145199608,1.441138314091149,1.4320064694242
3770,1.4434806145199608,1.4409711384713437,1.4279313204756228
3771,1.4434806145199608,1.4408742633588676,1.4319380182317962
3772,1.4434806145199608,1.4414411895685106,1.432785491774706
3773,1.4434806145199608,1.4411572897546867,1.4324649923787018
3774,1.4434806145199608,1.441383933350847,1.4364368520477337
3775,1.4434806145199608,1.4412458267739785,1.436762163122645
3776,1.4434806145199608,1.4417169267510834,1.4378149832946134
3777,1.4434806145199608,1.441635314730862,1.4377585742055836
3778,1.4434806145199608,1.4418688622012963,1.4391953379401006
3779,1.4434806145199608,1.4421222777192169,1.43803388805873
3780,1.4434806145199608,1.4421071862250314,1.4380798251404971
3781,1.4434806145199608,1.441807641516273,1.436831526883024
3782,1.4434806145199608,1.4416937149640088,1.438355153421728
3783,1.4434806145199608,1.4420693089028975,1.4388056464389036
3784,1.4434806145199608,1.442023774597949,1.4404852057968587
3785,1.4434806145199608,1.4418655695410107,1.4389745131992562
3786,1.4434806145199608,1.4417949392168006,1.4386287943417557
3787,1.4434806145199608,1.4415402598427607,1.436742221578743
3788,1.4434806145199608,1.4412942435322944,1.434957959658339
3789,1.4434806145199608,1.440772839822701,1.4315015728919789
3790,1.4434806145199608,1.4410265483808806,1.4354685438442643
3791,1.4434806145199608,1.4409344917638236,1.4349494439193382
3792,1.4434806145199608,1.4412365614608047,1.4342675544782617
3793,1.4434806145199608,1.4412753899873756,1.4318050428191162
3794,1.4434806145199608,1.4415094630880112,1.4320242878737897
3795,1.4434806145199608,1.441708915513006,1.4375283583813911
3796,1.4434806145199608,1.4419820702491153,1.4366682433062057
3797,1.4434806145199608,1.4418853302234107,1.4352307917230849
3798,1.4434806145199608,1.441664704447633,1.4312572178215732
3799,1.4434806145199608,1.4418706148258433,1.4372519571209212
3800,1.4434806145199608,1.4423319911974921,1.4387190905030518
3801,1.4434806145199608,1.4422813942823531,1.438728036991302
3802,1.4434806145199608,1.4420239352903785,1.4377545880730775
3803,1.4434806145199608,1.4417970948692065,1.4379411849537858
3804,1.4434806145199608,1.441751521484607,1.4313897798215052
3805,1.4434806145199608,1.441477801195308,1.4355868844494104
3806,1.4434806145199608,1.4408376539273655,1.41964413959776
3807,1.4434806145199608,1.44098658167664,1.4142795559367136
3808,1.4434806145199608,1.4410506991773864,1.4368592462497247
3809,1.4434806145199608,1.441313966907925,1.4383455633914433
3810,1.4434806145199608,1.4416511755075265,1.437719564174463
3811,1.4434806145199608,1.4418990895188983,1.4381836404406623
3812,1.4434806145199608,1.4415725085109807,1.4334911031332074
3813,1.4434806145199608,1.441326796259225,1.4299163944988973
3814,1.4434806145199608,1.4412576248269762,1.4357440611528869
3815,1.4434806145199608,1.441358567455692,1.4369946883369638
3816,1.4434806145199608,1.4422272634925637,1.4339416451135218
3817,1.4434806145199608,1.442429381731684,1.4396973396404273
3818,1.4434806145199608,1.442768502850809,1.440955404200415
3819,1.4434806145199608,1.4425623933682339,1.4401954933186119
3820,1.4434806145199608,1.4420969968067783,1.4381287586221623
3821,1.4434806145199608,1.4422430906974677,1.4396529665101228
3822,1.4434806145199608,1.4423244565783477,1.4385687340367628
3823,1.4434806145199608,1.4421893464638418,1.4393617192672177
3824,1.4434806145199608,1.442137944115793,1.4395515538276231
3825,1.4434806145199608,1.4416384936242543,1.4311726167795935
3826,1.4434806145199608,1.4410945867274492,1.4324439767873747
3827,1.4434806145199608,1.441380534039959,1.4370704995443533
3828,1.4434806145199608,1.4415657251458467,1.437260284844934
3829,1.4434806145199608,1.4415397555329679,1.438559495303899
3830,1.4434806145199608,1.4416138090950985,1.4386212536888991
3831,1.4434806145199608,1.44175840620261,1.4391136011502594
3832,1.4434806145199608,1.441935395658489,1.4389701119525085
3833,1.4434806145199608,1.441917215976271,1.4387888729703366
3834,1.4434806145199608,1.4421500504593732,1.4377318246482205
3835,1.4434806145199608,1.4420143125389076,1.4389456673372414
3836,1.4434806145199608,1.4422309673577556,1.4390636415445412
3837,1.4434806145199608,1.441947140048891,1.4334545353571748
3838,1.4434806145199608,1.4421121828413872,1.4400593447301724
3839,1.4434806145199608,1.4419730634885082,1.4374063214825916
3840,1.4434806145199608,1.4417504133885333,1.4366203532470643
3841,1.4434806145199608,1.4418415711433885,1.4337342143850473
3842,1.4434806145199608,1.4422386940710406,1.4390763989055209
3843,1.4434806145199608,1.441991147411074,1.437044522339334
3844,1.4434806145199608,1.44168346043279,1.437936900694757
3845,1.4434806145199608,1.442263507246333,1.4382029274229904
3846,1.4434806145199608,1.4422185528658187,1.4386038211968863
3847,1.4434806145199608,1.4420968240085263,1.4386162909569888
3848,1.4434806145199608,1.4420273198011788,1.4374708518753323
3849,1.4434806145199608,1.4416545576953892,1.4380143482225278
3850,1.4434806145199608,1.4420060103853165,1.4370455252481225
3851,1.4434806145199608,1.4419569917716073,1.4384469930114412
3852,1.4434806145199608,1.4419964156745928,1.4387376748443172
3853,1.4434806145199608,1.44212014143682,1.4401191216223013
3854,1.4434806145199608,1.4422568634575126,1.4402389401914821
3855,1.4434806145199608,1.4423798482940233,1.4395875819970865
3856,1.4434806145199608,1.4426123818647587,1.4405935078464374
3857,1.4435153255501678,1.4425812756185064,1.440217517807433
3858,1.4435153255501678,1.4426639994168706,1.4396603989413654
3859,1.4435153255501678,1.4426008308357399,1.4376949753523325
3860,1.4435153255501678,1.4427877225879322,1.4403821787526914
3861,1.4435153255501678,1.4424398539348824,1.4393120895635538
3862,1.4435153255501678,1.4422518265570998,1.4343289165930193
3863,1.4435153255501678,1.4422090840008395,1.4391804690290273
3864,1.4435153255501678,1.4420755422315241,1.4393259703483607
3865,1.4435153255501678,1.442225107016182,1.4393163531282123
3866,1.4435153255501678,1.4419994979991246,1.4376545368598244
3867,1.4435153255501678,1.4420159118115565,1.4397181496959923
3868,1.4435153255501678,1.4422619428862347,1.4380185844819504
3869,1.4435153255501678,1.4421429790468872,1.4389121773263132
3870,1.4435153255501678,1.442018116979891,1.436735282869517
3871,1.4435153255501678,1.4418130132037184,1.438376137765424
3872,1.4435153255501678,1.4421235791931029,1.4385196568385898
3873,1.4435153255501678,1.442150314287881,1.4379354101245971
3874,1.4435153255501678,1.4423423246816243,1.4388669430694678
3875,1.4435153255501678,1.442351751109439,1.4392221214766918
3876,1.4435153255501678,1.4425763391609792,1.4401616385646463
3877,1.4435153255501678,1.4423817122298745,1.439450783919787
3878,1.4435153255501678,1.4421542562238476,1.4381622799526046
3879,1.4435153255501678,1.4423513077910632,1.4398083614059116
3880,1.4435153255501678,1.4416286170198302,1.4330496482566608
3881,1.4435153255501678,1.4416004320194424,1.4289080973229389
3882,1.4435153255501678,1.4413445210580056,1.4379330011519058
3883,1.4435153255501678,1.4417284991328472,1.4363925794405856
3884,1.4435153255501678,1.4419505269407338,1.4332774628171778
3885,1.4435153255501678,1.4419354395423047,1.4354081385053572
3886,1.4435153255501678,1.4420082346752363,1.437507256223026
3887,1.4435153255501678,1.44176435730079,1.4374744018720467
3888,1.4435153255501678,1.4416832221769544,1.433222435536779
3889,1.4435153255501678,1.4412969001434606,1.435264624845398
3890,1.4435153255501678,1.4414257756557054,1.4348641982120358
3891,1.4435153255501678,1.4417095160791427,1.4359456670018835
3892,1.4435153255501678,1.441591454129981,1.437637272699206
3893,1.4435153255501678,1.4420047174163622,1.437826949848514
3894,1.4435153255501678,1.4415686076472773,1.4357843804614145
3895,1.4435153255501678,1.4415196793216618,1.436853042957268
3896,1.4435153255501678,1.441588834035272,1.4372571280197692
3897,1.4435153255501678,1.441880342890752,1.4390049704919579
3898,1.4435153255501678,1.4416449202940043,1.435287708106709
3899,1.4435153255501678,1.4415858882052317,1.4383168943769924
3900,1.4435153255501678,1.4419023783928981,1.436656387913632
3901,1.4435153255501678,1.4419516905074505,1.4387128154572693
3902,1.4435153255501678,1.4418026481290729,1.4357223158072487
3903,1.4435153255501678,1.4414691863217441,1.4338520763125269
3904,1.4435153255501678,1.4413655139406714,1.428076590194605
3905,1.4435153255501678,1.440974479391917,1.4326153995279232
3906,1.4435153255501678,1.441047497373258,1.433617351773896
3907,1.4435153255501678,1.441084090194043,1.4351327922920052
3908,1.4435153255501678,1.4408386661233923,1.4351250186087545
3909,1.4435153255501678,1.4409673235541955,1.4321924427517327
3910,1.4435153255501678,1.440776256398309,1.4364757288645282
3911,1.4435153255501678,1.4412525169669153,1.4351755127483588
3912,1.4435153255501678,1.441617708322389,1.4364297787224902
3913,1.4435153255501678,1.4417708415931785,1.4386488767417822
3914,1.4435153255501678,1.4417338281049674,1.4357831276380566
3915,1.4435153255501678,1.4416173775503611,1.4335757311611155
3916,1.4435153255501678,1.4413334985954986,1.4362983101396036
3917,1.4435153255501678,1.440591973948451,1.434162182419817
3918,1.4435153255501678,1.4402721165559191,1.4332962468516581
3919,1.4435153255501678,1.4402768017340475,1.4306889927195023
3920,1.4435153255501678,1.4404381664559318,1.4292481114531819
3921,1.4435153255501678,1.4399892067351112,1.4315285379725207
3922,1.4435153255501678,1.4397331249080347,1.4230075287756672
3923,1.4435153255501678,1.440623907235497,1.432342626153683
3924,1.4435153255501678,1.441035418154398,1.4333553576965126
3925,1.4435153255501678,1.4416224412219223,1.4352458786493574
3926,1.4435153255501678,1.4419699401332726,1.4381727975556289
3927,1.4435153255501678,1.442419558013659,1.4391723920550057
3928,1.4435153255501678,1.442386641882967,1.4391061819095665
3929,1.4435153255501678,1.4422249742363404,1.4371717008369553
3930,1.4435153255501678,1.4421193697441574,1.4392252358123003
3931,1.4435153255501678,1.4421748005885484,1.4374845165863572
3932,1.4435153255501678,1.4419682470375335,1.4319195020120783
3933,1.4435153255501678,1.4417907811603445,1.4366339014331893
3934,1.4435153255501678,1.4421283040307729,1.438177648225904
3935,1.4435153255501678,1.441979824155715,1.4391590151347193
3936,1.4435153255501678,1.4419701691067792,1.4389898660048133
3937,1.4435153255501678,1.4421835810472643,1.4398913066905155
3938,1.4435153255501678,1.442217357323362,1.4389910842367837
3939,1.4435153255501678,1.4421332827993263,1.4397836103520922
3940,1.4435153255501678,1.4423015954996756,1.438217195591687
3941,1.4435153255501678,1.442255454888587,1.4390170203975763
3942,1.4435153255501678,1.4424419678443072,1.4385536291110257
3943,1.4435153255501678,1.442530741989514,1.4401313458798564
3944,1.4435153255501678,1.4422086385779442,1.425406178261891
3945,1.4435153255501678,1.4415837626066434,1.4278996468553313
3946,1.4435153255501678,1.4413116586975383,1.436211415607558
3947,1.4435153255501678,1.4410158229789283,1.4337771193412225
3948,1.4435153255501678,1.4412411061025603,1.437003538767835
3949,1.4435153255501678,1.4413963521493793,1.4383269209267142
3950,1.4435153255501678,1.4416259204167425,1.4363529741970837
3951,1.4435153255501678,1.4416491234873794,1.438121968210206
3952,1.4435153255501678,1.4416789446347016,1.4391214789111528
3953,1.4435153255501678,1.4418470695009926,1.436662828765436
3954,1.4435153255501678,1.4422722507469072,1.4402293489487068
3955,1.4435153255501678,1.4422277117464912,1.4392619914262403
3956,1.4435153255501678,1.4424499601741803,1.4398129716135606
3957,1.4435153255501678,1.442472989201849,1.4398434804068085
3958,1.4435153255501678,1.4422988179407474,1.4381422390175123
3959,1.4435153255501678,1.4421182216986719,1.4386361567667634
3960,1.4435153255501678,1.4419081005816197,1.4350345065582515
3961,1.4435153255501678,1.4416692773364899,1.434036752799584
3962,1.4435153255501678,1.44196012051238,1.438378562896228
3963,1.4435153255501678,1.4419441238094608,1.4370973787749053
3964,1.4435153255501678,1.441969927999942,1.4381086531160965
3965,1.4435153255501678,1.4419442460353369,1.4336316831018003
3966,1.4435153255501678,1.4419756021396275,1.4383126293272637
3967,1.4435153255501678,1.4422559288995436,1.439977980254206
3968,1.4435153255501678,1.4424717464095194,1.4387831946290797
3969,1.4435153255501678,1.4424612212558783,1.4400471301679743
3970,1.4435153255501678,1.4425632418860104,1.4400608961351018
3971,1.4435153255501678,1.4425833519697782,1.4396778865253017
3972,1.4435153255501678,1.4426070065232983,1.440486725236974
3973,1.4435153255501678,1.4424905175605662,1.4401119142994647
3974,1.4435153255501678,1.4422257682141213,1.4340008524770227
3975,1.4435153255501678,1.4422802407505568,1.43746142204743
3976,1.4435153255501678,1.4420833994381572,1.4385723823271914
3977,1.4435153255501678,1.4420881913788235,1.4402511064139865
3978,1.4435153255501678,1.442189919779197,1.4393627400223528
3979,1.4435153255501678,1.4420524311273473,1.4362258019947893
3980,1.4435153255501678,1.4420207407131713,1.4391453532599514
3981,1.4435153255501678,1.44212463787969,1.4394612417753252
3982,1.4435153255501678,1.4424423228231147,1.439191556005309
3983,1.4435153255501678,1.4420697865186944,1.431306419841956
3984,1.4435153255501678,1.4418025025732235,1.4385470115639842
3985,1.4435153255501678,1.4417081149303437,1.4359102046817454
3986,1.4435153255501678,1.441207661359289,1.4342872649630123
3987,1.4435153255501678,1.4419234218045056,1.434697221579335
3988,1.4435153255501678,1.4418166320376247,1.4343465004725215
3989,1.4435153255501678,1.4419652516556787,1.435083400803157
3990,1.4435153255501678,1.4420625538368057,1.4365020580596324
3991,1.4435153255501678,1.4420264769767488,1.4373630055882256
3992,1.4435153255501678,1.4419534730868455,1.437906719600992
3993,1.4435153255501678,1.4413274198891222,1.4314690964740995
3994,1.4435153255501678,1.4412201590589968,1.433896848562754
3995,1.4435153255501678,1.4414440919814355,1.4367518423937469
3996,1.4435153255501678,1.4413689802820866,1.4345913204554879
3997,1.4435153255501678,1.4413005619437862,1.4354701851818978
3998,1.4435153255501678,1.441354485559327,1.431659918192151
3999,1.4435153255501678,1.4406833805809693,1.4334089619299328
4000,1.4435153255501678,1.4404173559332503,1.4311215352447006
4001,1.4435153255501678,1.4406434177448697,1.4342043279745078
4002,1.4435153255501678,1.4415957062582045,1.4311220589555984
4003,1.4435153255501678,1.4413746321987535,1.4364013896792835
4004,1.4435153255501678,1.4415890188413112,1.4374758296012486
4005,1.4435153255501678,1.4415082869944056,1.4358755079251873
4006,1.4435153255501678,1.4416838233574623,1.4370951998805945
4007,1.4435153255501678,1.4418646773604558,1.4365383380258077
4008,1.4435153255501678,1.4420227719357928,1.4367996060868746
4009,1.4435153255501678,1.4419295522764384,1.4386146170983238
4010,1.4435153255501678,1.4419823516642984,1.4382913600661154
4011,1.4435153255501678,1.4415193066717018,1.4348387664153557
4012,1.4435153255501678,1.4412865967348918,1.4354757393266508
4013,1.4435153255501678,1.4413708211364709,1.436312275753775
4014,1.4435153255501678,1.441502116729768,1.431111836006832
4015,1.4435153255501678,1.4416492990072791,1.4380191195091467
4016,1.4435153255501678,1.4417094523163378,1.4342025586015308
4017,1.4435153255501678,1.4417011328989051,1.4303609579770376
4018,1.4435153255501678,1.4420541445557726,1.4338594224357988
4019,1.4435153255501678,1.4413911489663997,1.4321789116942392
4020,1.4435153255501678,1.4416890520864611,1.4335282661758808
4021,1.4435153255501678,1.4412765721710386,1.4296352429781711
4022,1.4435153255501678,1.4421940513003504,1.4362270860370678
4023,1.4435153255501678,1.4419460201353282,1.437269175547716
4024,1.4435153255501678,1.4419254959096588,1.4395151527106784
4025,1.4435153255501678,1.4421022682556068,1.4392340300470827
4026,1.4435153255501678,1.4420213751965036,1.4379634567808512
4027,1.4435153255501678,1.4417604897370697,1.4395233868077166
4028,1.4435153255501678,1.442134148049211,1.4395126885103728
4029,1.4435153255501678,1.4423827964368072,1.439458863824418
4030,1.4435153255501678,1.4422701191914629,1.4397082046697376
4031,1.4435153255501678,1.4423700864475355,1.4367121517717236
4032,1.4435153255501678,1.4423721673524232,1.4390032130914436
4033,1.4435153255501678,1.4420987045486902,1.4371419210107312
4034,1.4435153255501678,1.4420763806821781,1.4384707112771822
4035,1.4435153255501678,1.4421628583602972,1.438778935751057
4036,1.4435153255501678,1.4424481167147787,1.4402547575553735
4037,1.4435153255501678,1.442209258258658,1.4370320370930638
4038,1.4435153255501678,1.4419013665121307,1.43913422263062
4039,1.4435153255501678,1.4419084676193636,1.4385064555607583
4040,1.4435153255501678,1.4418527089072193,1.436544855058594
4041,1.4435153255501678,1.4422301854704458,1.4388135836167515
4042,1.4435153255501678,1.441716106866156,1.4326214377828972
4043,1.4435153255501678,1.4418320295297027,1.4365816301282632
4044,1.4435153255501678,1.442474140177095,1.4404077602104681
4045,1.4435153255501678,1.4423951573361902,1.4349696129979055
4046,1.4435153255501678,1.4423027892256906,1.4381786961429097
4047,1.4435153255501678,1.4421829541175972,1.438989830022917
4048,1.4435153255501678,1.4420700225977046,1.4368801040450487
4049,1.4435153255501678,1.441662988920321,1.4329982471618599
4050,1.4435153255501678,1.441491622310245,1.433636660057463
4051,1.4435153255501678,1.4412503213583583,1.436774854008283
4052,1.4435153255501678,1.4413446412327011,1.4276022043007466
4053,1.4435153255501678,1.4412207413274456,1.4343359874072479
4054,1.4435153255501678,1.4413218760547215,1.436393777615562
4055,1.4435153255501678,1.4414515049246728,1.437290245459296
4056,1.4435153255501678,1.441404641942697,1.4378492337213322
4057,1.4435153255501678,1.4414004989656197,1.4378091271863076
4058,1.4435153255501678,1.441804643518859,1.4384281062462654
4059,1.4435153255501678,1.441798522515159,1.4280702694115102
4060,1.4435153255501678,1.4416497942793265,1.4383732845436579
4061,1.4435153255501678,1.4416679865659614,1.4390039010830298
4062,1.4435153255501678,1.4420226426676463,1.4400185325422354
4063,1.4435153255501678,1.4422536317333396,1.439165335642583
4064,1.4435153255501678,1.4424182935209435,1.4406932789980529
4065,1.4435153255501678,1.4425162227677282,1.4393873559798784
4066,1.4435153255501678,1.4423868366081773,1.4387244270169148
4067,1.4435153255501678,1.4425243754348611,1.4397962507419728
4068,1.4435153255501678,1.4425436547536117,1.4401659046298576
4069,1.4435153255501678,1.4425650212964682,1.4385800288008435
4070,1.4435153255501678,1.4426844725215688,1.4399353371275945
4071,1.4435153255501678,1.4425277726075674,1.4402625851422792
4072,1.4435153255501678,1.4423040649329397,1.4380285597308933
4073,1.4435153255501678,1.4421720702580165,1.4379488453894276
4074,1.4435153255501678,1.4420035795381947,1.4352230986770194
4075,1.4435153255501678,1.441831050535414,1.435363284374927
4076,1.4435153255501678,1.442000873040035,1.4372407517798191
4077,1.4435153255501678,1.441659810808084,1.4365245963342823
4078,1.4435153255501678,1.441646456635518,1.4361942264777114
4079,1.4435153255501678,1.441492844858526,1.4367849735959026
4080,1.4435153255501678,1.4408798887731837,1.4331783511396043
4081,1.4435153255501678,1.4402109299093147,1.4214291110977613
4082,1.4435153255501678,1.4397018823799386,1.427139188981765
4083,1.4435153255501678,1.4402762560010434,1.4360423034365406
4084,1.4435153255501678,1.440438436804161,1.4344499962924737
4085,1.4435153255501678,1.4410672939109939,1.437071432150152
4086,1.4435153255501678,1.4416449843212502,1.4345272089085446
4087,1.4435153255501678,1.4414869597720414,1.436976542484411
4088,1.4435153255501678,1.4419375619554904,1.4362908154267817
4089,1.4435153255501678,1.4413376115505645,1.432927381405761
4090,1.4435153255501678,1.4418603470924227,1.4340777740948325
4091,1.4435153255501678,1.442119873317051,1.4382766814379662
4092,1.4435153255501678,1.4420734890265428,1.4397204036695428
4093,1.4435153255501678,1.4419391235846972,1.4386271182509278
4094,1.4435153255501678,1.441899990842657,1.4382615424378495
4095,1.4435153255501678,1.441730855651331,1.4392174157106297
4096,1.4435153255501678,1.442078737323947,1.4380683919050357
4097,1.4435153255501678,1.4418890757191816,1.4306768166603192
4098,1.4435153255501678,1.4416656223403945,1.435758334220777
4099,1.4435153255501678,1.4417405257306384,1.4341894149141765
4100,1.4435153255501678,1.4419048869874362,1.4337009938884853
4101,1.4435153255501678,1.4417460066128307,1.438023839272919
4102,1.4435153255501678,1.4416705835830874,1.437599961737711
4103,1.4435153255501678,1.4416415869466004,1.438263830497188
4104,1.4435153255501678,1.4415084725236176,1.435242951780256
4105,1.4435153255501678,1.4412389395295295,1.4367678367750831
4106,1.4435153255501678,1.4412783784681127,1.4341014567361907
4107,1.4435153255501678,1.4412958858511375,1.4377399225545409
4108,1.4435153255501678,1.4414503368745568,1.4379126430438978
4109,1.4435153255501678,1.4420437085937923,1.437706645826468
4110,1.4435153255501678,1.4419348748844991,1.4362546959147675
4111,1.4435153255501678,1.4416289427770423,1.4323969153354703
4112,1.4435153255501678,1.4419467702779338,1.4331214432566235
4113,1.4435153255501678,1.4418307387058065,1.4371480844845577
4114,1.4435153255501678,1.4414197670295426,1.4358375277178133
4115,1.4435153255501678,1.44216904558677,1.4363983870515757
4116,1.4435153255501678,1.4419046033121745,1.438424597947037
4117,1.4435153255501678,1.4419106221935076,1.4390259099924325
4118,1.4435153255501678,1.4419669598280596,1.43933507114306
4119,1.4435153255501678,1.4420892005342112,1.4402648202855857
4120,1.4435153255501678,1.4420227081143038,1.4385824776164213
4121,1.4435153255501678,1.4420055911292113,1.4386934857965872
4122,1.4435153255501678,1.4420535731783561,1.4376580518487365
4123,1.4435153255501678,1.4416456070816037,1.435338890780991
4124,1.4435153255501678,1.4411961453477975,1.4367762518968525
4125,1.4435153255501678,1.4414799402180245,1.4380505949111213
4126,1.4435153255501678,1.4417561789444462,1.4388854225235506
4127,1.4435153255501678,1.441903738286447,1.4382936830164323
4128,1.4435153255501678,1.441807061480693,1.439390377208269
4129,1.4435153255501678,1.441632897575574,1.4347349073045546
4130,1.4435153255501678,1.4417107845235098,1.4383027827195487
4131,1.4435153255501678,1.4419995259924747,1.4380576118873936
4132,1.4435153255501678,1.442155070738782,1.4361092483201245
4133,1.4435153255501678,1.4421048883368133,1.4372699175113879
4134,1.4435153255501678,1.4417280309278502,1.4300881984943046
4135,1.4435153255501678,1.4414544281185107,1.4322904329593948
4136,1.4435153255501678,1.4414789496527964,1.4310578800862004
4137,1.4435153255501678,1.4420127901464923,1.4378457915667742
4138,1.4435153255501678,1.4423067164201293,1.4381125693812526
4139,1.4435153255501678,1.4423109737873723,1.4393761350252012
4140,1.4435153255501678,1.4421697905164967,1.4406368818294872
4141,1.4435153255501678,1.442433007865394,1.439371571955851
4142,1.4435153255501678,1.4425144009634951,1.4400564196602252
4143,1.4435153255501678,1.4425190681211009,1.4395390125299758
4144,1.4435153255501678,1.442397111496913,1.4378125483442212
4145,1.4435153255501678,1.4422523881878055,1.4401709168266095
4146,1.4435153255501678,1.4422590526663541,1.438089782963916
4147,1.4435153255501678,1.4423544193189217,1.4389537988812542
4148,1.4435153255501678,1.4423024071884596,1.4386384904798466
4149,1.4435153255501678,1.4423325125653428,1.437094619038077
4150,1.4435153255501678,1.4421238708569297,1.4395046542521246
4151,1.4435153255501678,1.442286276742141,1.4392647706983004
4152,1.4435153255501678,1.4419895158789782,1.4390050472968496
4153,1.4435153255501678,1.4418144764906244,1.437452214415691
4154,1.4435153255501678,1.4414642451362696,1.4366500966341886
4155,1.4435153255501678,1.4415071796275263,1.4359532902277468
4156,1.4435153255501678,1.441780436248775,1.4341445674027142
4157,1.4435153255501678,1.4414297540805432,1.4321872313585795
4158,1.4435153255501678,1.4418870582540293,1.4356734293176987
4159,1.4435153255501678,1.4421265013185132,1.4388682036146352
4160,1.4435153255501678,1.4420781793515518,1.4379178491967823
4161,1.4435153255501678,1.4419366814025218,1.4381970924195608
4162,1.4435153255501678,1.4420405380685297,1.438741013934455
4163,1.4435153255501678,1.441950611197397,1.4341693793193335
4164,1.4435153255501678,1.4419421608386076,1.4382432287084894
4165,1.4435153255501678,1.4417747404524286,1.4365761968443032
4166,1.4435153255501678,1.4417171023990627,1.4372599228082306
4167,1.4435153255501678,1.4419887970783476,1.4383207876042765
4168,1.4435153255501678,1.4421958376976476,1.4372269322999658
4169,1.4435153255501678,1.4420602511402543,1.4376037610506038
4170,1.4435153255501678,1.4419612587818256,1.4375444861511428
4171,1.4435153255501678,1.441695036876796,1.4361636469987284
4172,1.4435153255501678,1.4419456987482142,1.4383680575332018
4173,1.4435153255501678,1.441939174224362,1.437100478566678
4174,1.4435153255501678,1.4419981268854127,1.437654395869808
4175,1.4435153255501678,1.4421878077267203,1.437995215588382
4176,1.4435153255501678,1.4422455421920772,1.4360776088612415
4177,1.4435153255501678,1.4420498792258596,1.42878843042374
4178,1.4435153255501678,1.4416393985770293,1.4363366145581078
4179,1.4435153255501678,1.441522111589607,1.4329995041899286
4180,1.4435153255501678,1.4416431407512207,1.4352162696949695
4181,1.4435153255501678,1.4414687771604482,1.437208812184354
4182,1.4435153255501678,1.4419442142250856,1.4391941943901916
4183,1.4435153255501678,1.4423355788775094,1.4397642206677213
4184,1.4435153255501678,1.4424688042147613,1.4408630283194415
4185,1.4435153255501678,1.442668693716156,1.4404230873631063
4186,1.4435153255501678,1.4421143145168622,1.432930497210245
4187,1.4435153255501678,1.4423185067075124,1.4398166662685952
4188,1.4435153255501678,1.4425279851254116,1.439279156730962
4189,1.4435153255501678,1.4422767942453771,1.4348100659548675
4190,1.4435153255501678,1.442362268766914,1.439810086769108
4191,1.4435153255501678,1.4422673272115072,1.438108588112603
4192,1.4435153255501678,1.4419910568245768,1.4369194917412103
4193,1.4435153255501678,1.4416855336882384,1.435047199815223
4194,1.4435153255501678,1.4418162139114878,1.4299170695187005
4195,1.4435153255501678,1.4419167338495649,1.435066365887697
4196,1.4435153255501678,1.4419676395453067,1.4373159604532169
4197,1.4435153255501678,1.4419974792847183,1.4293160765222213
4198,1.4435153255501678,1.4418322749767338,1.4322619304196
4199,1.4435153255501678,1.4421682426694031,1.4357122984324537
4200,1.4435153255501678,1.4420667760798085,1.4380113060526154
4201,1.4435153255501678,1.4422729088742614,1.4391239262463087
4202,1.4435153255501678,1.4424186866555606,1.4360879368816302
4203,1.4435153255501678,1.44240639384828,1.4354937056260915
4204,1.4435153255501678,1.4423730100402645,1.4394042866414425
4205,1.4435153255501678,1.4424125746338587,1.4401824662773528
4206,1.4435153255501678,1.4422951033951492,1.4376308903838904
4207,1.4435153255501678,1.4421756035977709,1.4381732520131978
4208,1.4435153255501678,1.4421440492768076,1.438084364033549
4209,1.4435153255501678,1.4423664186558633,1.439646966062246
4210,1.4435153255501678,1.4423223821599507,1.4399758031434173
4211,1.4435153255501678,1.442132537395994,1.4384501311377431
4212,1.4435153255501678,1.4419093575934319,1.439615672030907
4213,1.4435153255501678,1.4419507415740003,1.4380212234050855
4214,1.4435153255501678,1.441812976233525,1.4368519864325875
4215,1.4435153255501678,1.4417983070236327,1.4360992430827932
4216,1.4435153255501678,1.4416716767270785,1.4332431102820908
4217,1.4435153255501678,1.4416729986974375,1.4325032344710007
4218,1.4435153255501678,1.441657075583251,1.43586119835211
4219,1.4435153255501678,1.44132546480461,1.4341811250183811
4220,1.4435153255501678,1.4412706956186785,1.4320791009227538
4221,1.4435153255501678,1.4410793609046342,1.4339888997079375
4222,1.4435153255501678,1.4411363875624676,1.4328713174084273
4223,1.4435153255501678,1.4408603923092624,1.433605392649797
4224,1.4435153255501678,1.4409083498772077,1.4319593683863772
4225,1.4435153255501678,1.4402185824628204,1.4313161865006907
4226,1.4435153255501678,1.4406339285852234,1.4363239834838284
4227,1.4435153255501678,1.4411129245010224,1.4363541858239208
4228,1.4435153255501678,1.4415892392429137,1.4303485069365927
4229,1.4435153255501678,1.4415187417964097,1.4337252762976926
4230,1.4435153255501678,1.4410199861108117,1.434489987500895
4231,1.4435153255501678,1.4405832536616032,1.4330274225563835
4232,1.4435153255501678,1.4407501192452452,1.43488683545467
4233,1.4435153255501678,1.4415066359809103,1.4369931441658743
4234,1.4435153255501678,1.441790350920717,1.438919983498564
4235,1.4435153255501678,1.4420027166221145,1.4380992462303441
4236,1.4435153255501678,1.4419215692398228,1.4390109076431377
4237,1.4435153255501678,1.442198069722146,1.4372639179990208
4238,1.4435153255501678,1.4420017490605763,1.4358736030116708
4239,1.4435153255501678,1.4416166528082286,1.4358975610747355
4240,1.4435153255501678,1.4412430725640482,1.4338488153489022
4241,1.4435153255501678,1.4412213696386325,1.4362542463031722
4242,1.4435153255501678,1.4411767727510647,1.4301398441644122
4243,1.4435153255501678,1.4413165365277842,1.433287153990328
4244,1.4435153255501678,1.4417433042007952,1.4360108398387363
4245,1.4435153255501678,1.441630952744547,1.427574974173908
4246,1.4435153255501678,1.4420772086211346,1.4374247685550765
4247,1.4435153255501678,1.4421637984724613,1.4344884725436184
4248,1.4435153255501678,1.4420294526894886,1.438536974294732
4249,1.4435153255501678,1.4418387807583366,1.4391316761409232
4250,1.4435153255501678,1.4418093782680608,1.4349218953781533
4251,1.4435153255501678,1.4418002360109485,1.4389155021664854
4252,1.4435153255501678,1.442146013060009,1.434737110916269
4253,1.4435153255501678,1.4420701412898018,1.4381662734701828
4254,1.4435153255501678,1.4421096785703202,1.43846478717321
4255,1.4435153255501678,1.4422452414693567,1.439705727960906
4256,1.4435153255501678,1.442255864136109,1.4390209166038053
4257,1.4435153255501678,1.4426289022375176,1.4405308911937222
4258,1.4435153255501678,1.4421677848314713,1.4384579473155505
4259,1.4435153255501678,1.4414499590318874,1.4237132361561964
4260,1.4435153255501678,1.4414224359707262,1.4366098047415654
4261,1.4435153255501678,1.4413334554921753,1.4317999045977556
4262,1.4435153255501678,1.4419044763787598,1.4368124672001912
4263,1.4435153255501678,1.4417053661541244,1.4380539803035122
4264,1.4435153255501678,1.4417387751462545,1.432875333447049
4265,1.4435153255501678,1.4417055683410178,1.4380866024675678
4266,1.4435153255501678,1.4416125576486705,1.4387999165397363
4267,1.4435153255501678,1.4417237798513356,1.438439786214618
4268,1.4435153255501678,1.4419614524136295,1.4392467709151682
4269,1.4435153255501678,1.4418574773291695,1.437265937764793
4270,1.4435153255501678,1.4415419420267528,1.4370347997908979
4271,1.4435153255501678,1.4413756687096395,1.4335648535370198
4272,1.4435153255501678,1.4419367286187952,1.4384484966137339
4273,1.4435153255501678,1.4422785000972862,1.4392127993724473
4274,1.4435153255501678,1.4422181105454104,1.4371178621339546
4275,1.4435153255501678,1.4423156106583641,1.4389059128640573
4276,1.4435153255501678,1.4422647039332614,1.4394815403201071
4277,1.4435153255501678,1.442161970424691,1.4369492896044436
4278,1.4435153255501678,1.4420614698882566,1.4379930385886537
4279,1.4435153255501678,1.4422649757426353,1.4388106683050281
4280,1.4435153255501678,1.4422725578042905,1.4364967238331023
4281,1.4435153255501678,1.4422863695499673,1.4333886413262686
4282,1.4435153255501678,1.441801452627251,1.431643299189476
4283,1.4435153255501678,1.4416774700909745,1.435852131701569
4284,1.4435153255501678,1.4417009682050794,1.4352116882776333
4285,1.4435153255501678,1.4417344317733822,1.4274296095025856
4286,1.4435153255501678,1.4419987769369969,1.436255136906355
4287,1.4435153255501678,1.4420946097823517,1.4389067612680246
4288,1.4435153255501678,1.442206032733438,1.4372544182353577
4289,1.4435153255501678,1.4420603237539342,1.4368768474941807
4290,1.4435153255501678,1.4422365025855874,1.4383433196628383
4291,1.4435153255501678,1.4424438220198228,1.4391821375562563
4292,1.4435153255501678,1.4424596025952052,1.43996137160708
4293,1.4435153255501678,1.442505948883184,1.439653397405081
4294,1.4435153255501678,1.4424818882312607,1.4373188105081418
4295,1.4435153255501678,1.442211949553863,1.4386325600428722
4296,1.4435153255501678,1.4422243345031918,1.439010987594722
4297,1.4435153255501678,1.4421062464475218,1.436765722822867
4298,1.4435153255501678,1.4419286885866465,1.4327159299766739
4299,1.4435153255501678,1.4420560872927979,1.4371599768659684
4300,1.4435153255501678,1.4420843442681186,1.4359719190732467
4301,1.4435153255501678,1.4423767731551556,1.4357253721734575
4302,1.4435153255501678,1.441997274867199,1.438177824864761
4303,1.4435153255501678,1.4424629221737382,1.4392423135585042
4304,1.4435153255501678,1.4424996843501392,1.4340551174896374
4305,1.4435153255501678,1.4427110271098877,1.4410422268147702
4306,1.4435153255501678,1.44238923588807,1.4376440852033274
4307,1.4435153255501678,1.4423966984835621,1.4383875739619074
4308,1.4435153255501678,1.4421505825999745,1.4386424260194013
4309,1.4435153255501678,1.4420078496150484,1.4363865144141412
4310,1.4435153255501678,1.441908902374216,1.438095651550836
4311,1.4435153255501678,1.4421067519154611,1.4401337909427108
4312,1.4435153255501678,1.4421690173338693,1.438297529046257
4313,1.4435153255501678,1.4425362053326947,1.4402262758970719
4314,1.4435153255501678,1.4424512290206966,1.4392879102440321
4315,1.4435153255501678,1.4424625846193155,1.438055221615275
4316,1.4435153255501678,1.4424391072021516,1.4362455264775578
4317,1.4435153255501678,1.4424345127115006,1.4402313187184885
4318,1.4435153255501678,1.4421059519743418,1.438035192569115
4319,1.4435153255501678,1.4424313997188134,1.4401604593620918
4320,1.4435153255501678,1.4423093927861081,1.4384794474016422
4321,1.4435153255501678,1.4426317922991387,1.43849460350433
4322,1.4435153255501678,1.4425113374918204,1.4393870560507844
4323,1.4435153255501678,1.442303375861561,1.4391825518468553
4324,1.4435153255501678,1.4420967825387658,1.4353966312080257
4325,1.4435153255501678,1.4421743440937453,1.4394757305368633
4326,1.4435153255501678,1.4419867003478897,1.438015787151025
4327,1.4435153255501678,1.4421342047099523,1.4355554418887315
4328,1.4435153255501678,1.4419699993490334,1.438718168918037
4329,1.4435153255501678,1.442076926423822,1.4376412589301477
4330,1.4435153255501678,1.4420982637059365,1.438283969361959
4331,1.4435153255501678,1.4419956947401735,1.4375289861173624
4332,1.4435153255501678,1.4418870942933961,1.4395773133965135
4333,1.4435153255501678,1.442016360235646,1.4375930304778322
4334,1.4435153255501678,1.442240238330013,1.4402837899336947
4335,1.4435153255501678,1.4425045787375097,1.4400899950011028
4336,1.4435153255501678,1.4423309441886092,1.4344754155983461
4337,1.4435153255501678,1.4422265863393455,1.4361133296316824
4338,1.4435153255501678,1.4416658093655395,1.4370940048702696
4339,1.4435153255501678,1.4416392962901714,1.4364033209168494
4340,1.4435153255501678,1.441460067502362,1.4294559855334497
4341,1.4435153255501678,1.4417430964499587,1.435250148654694
4342,1.4435153255501678,1.4412806087505567,1.4348608949585984
4343,1.4435153255501678,1.4411330204541881,1.43577360470126
4344,1.4435153255501678,1.4409352832086955,1.4247166967257847
4345,1.4435153255501678,1.4410788321067736,1.4330538751924986
4346,1.4435153255501678,1.4411535210668835,1.4334902077040244
4347,1.4435153255501678,1.4412142125826548,1.437419559365551
4348,1.4435153255501678,1.4414779500733024,1.4272080232821014
4349,1.4435153255501678,1.4416464381208913,1.4383530777639222
4350,1.4435153255501678,1.4418991940003563,1.4390776612673237
4351,1.4435153255501678,1.4417586643127354,1.4353120999195779
4352,1.4435153255501678,1.441959873965058,1.4379678204211694
4353,1.4435153255501678,1.4424802086441622,1.4399649690843903
4354,1.4435153255501678,1.4427009430880466,1.4384587516661003
4355,1.4435153255501678,1.4424255552438532,1.4383132312321478
4356,1.4435153255501678,1.4419374211412745,1.4387446629552976
4357,1.4435153255501678,1.4417588862746311,1.4388897593349823
4358,1.4435153255501678,1.4419158067872366,1.4389846010149763
4359,1.4435153255501678,1.4419575525202122,1.4386167020395484
4360,1.4435153255501678,1.4421009722425209,1.4366797375961833
4361,1.4435153255501678,1.4421072863193118,1.4381343805633255
4362,1.4435153255501678,1.441802826838414,1.4305094071768183
4363,1.4435153255501678,1.4410872396121934,1.429530651617942
4364,1.4435153255501678,1.4408186084835048,1.430275388386148
4365,1.4435153255501678,1.4408656949500154,1.4311593608291213
4366,1.4435153255501678,1.4411689241246115,1.4329127236050276
4367,1.4435153255501678,1.441458358141365,1.435201193111554
4368,1.4435153255501678,1.4416421039405989,1.437990051342168
4369,1.4435153255501678,1.4419128376250547,1.4381773013248416
4370,1.4435153255501678,1.442092567201647,1.4334486389106913
4371,1.4435153255501678,1.4420862696442995,1.439008145925683
4372,1.4435153255501678,1.442394216950047,1.4403769055689677
4373,1.4435153255501678,1.4425631005967068,1.4405810069923495
4374,1.4435153255501678,1.4426007595337953,1.4399427027602167
4375,1.4435153255501678,1.4421377569650595,1.4381178772920344
4376,1.4435153255501678,1.4421466377063896,1.4346348963081554
4377,1.4435153255501678,1.4418169239975407,1.431931449203788
4378,1.4435153255501678,1.4412706774063104,1.4316394382633433
4379,1.4435153255501678,1.441474191973726,1.4363246962154361
4380,1.4435153255501678,1.4417421503253893,1.4370502037694688
4381,1.4435153255501678,1.4415155845455618,1.4375278849736952
4382,1.4435153255501678,1.4418668254669051,1.4372023280141137
4383,1.4435153255501678,1.4417295832217019,1.4361240767298762
4384,1.4435153255501678,1.4415002165076751,1.431690122780531
4385,1.4435153255501678,1.4411567692189764,1.4351099111877539
4386,1.4435153255501678,1.4408423362802796,1.435830170943375
4387,1.4435153255501678,1.4413391577463601,1.4367187377660222
4388,1.4435153255501678,1.4411557547832858,1.4254324304680883
4389,1.4435153255501678,1.4410680576938113,1.4337752799602352
4390,1.4435153255501678,1.4410270218931631,1.4360664894098394
4391,1.4435153255501678,1.4409428111856022,1.438008740862006
4392,1.4435153255501678,1.441072049790977,1.4342969633608416
4393,1.4435153255501678,1.4408563125426026,1.4308650612819047
4394,1.4435153255501678,1.440916226881021,1.434545114133807
4395,1.4435153255501678,1.4411328311363696,1.4313477387345774
4396,1.4435153255501678,1.440998481219035,1.4338640108085248
4397,1.4435153255501678,1.4408766915181965,1.4254770815364524
4398,1.4435153255501678,1.441218333080943,1.430659807469435
4399,1.4435153255501678,1.4410191111113284,1.4359776750469824
4400,1.4435153255501678,1.4410823563519972,1.4366425742848534
4401,1.4435153255501678,1.4408328283073724,1.4367140935890201
4402,1.4435153255501678,1.4412093790302627,1.433250120261367
4403,1.4435153255501678,1.4410134807183181,1.4320909836131577
4404,1.4435153255501678,1.4408842897175607,1.4343438234472714
4405,1.4435153255501678,1.4411087134007226,1.4324561966537555
4406,1.4435153255501678,1.4412291721328563,1.4341901193974749
4407,1.4435153255501678,1.441409045069567,1.4367174892230736
4408,1.4435153255501678,1.4415820308705143,1.436494471271137
4409,1.4435153255501678,1.4415579960384484,1.4373071742200416
4410,1.4435153255501678,1.4414830940140828,1.4370034538761063
4411,1.4435153255501678,1.4414360853771757,1.436975245744497
4412,1.4435153255501678,1.4410414076703344,1.43547341119391
4413,1.4435153255501678,1.4413261386062723,1.437033577752748
4414,1.4435153255501678,1.4411462083556694,1.4377445193030145
4415,1.4435153255501678,1.4413978178274687,1.4372619571264487
4416,1.4435153255501678,1.44145532387105,1.437829445466696
4417,1.4435153255501678,1.4415388442545733,1.4370765161484211
4418,1.4435153255501678,1.4418987519442763,1.439427902824951
4419,1.4435153255501678,1.4416618629615277,1.4359447691481424
4420,1.4435153255501678,1.441588453751585,1.4357584210879988
4421,1.4435153255501678,1.4416732352254207,1.4360734822030148
4422,1.4435153255501678,1.4412918513203712,1.4270235258007724
4423,1.4435153255501678,1.4409748120309351,1.4342793882751765
4424,1.4435153255501678,1.4411399896035635,1.436711086454951
4425,1.4435153255501678,1.440880668638344,1.42749186364231
4426,1.4435153255501678,1.440581504016145,1.4327793209498008
4427,1.4435153255501678,1.440908150299228,1.4335035426372442
4428,1.4435153255501678,1.4410688788392252,1.4306979515923375
4429,1.4435153255501678,1.4412405302063829,1.4336555830795876
4430,1.4435153255501678,1.4413490019551087,1.4329926903517216
4431,1.4435153255501678,1.4416546340202436,1.4351388279293036
4432,1.4435153255501678,1.4415065877044517,1.4370157492729778
4433,1.4435153255501678,1.4418928481411697,1.4380101035738218
4434,1.4435153255501678,1.441845343049727,1.4381424247011845
4435,1.4435153255501678,1.442162298562396,1.439228561316567
4436,1.4435153255501678,1.4421268994284386,1.4395188676266841
4437,1.4435153255501678,1.4420345499335474,1.4382798920014133
4438,1.4435153255501678,1.4419434315685566,1.4370813751925353
4439,1.4435153255501678,1.4418680069599206,1.437230400973713
4440,1.4435153255501678,1.4421976773835485,1.438619607439715
4441,1.4435153255501678,1.4418660198388458,1.434474357521212
4442,1.4435153255501678,1.4412364868899268,1.4310937657076654
4443,1.4435153255501678,1.4412430303623713,1.4353718857148046
4444,1.4435153255501678,1.4420351463684906,1.435304616201463
4445,1.4435153255501678,1.4417104711650388,1.4349893664344664
4446,1.4435153255501678,1.4418765776277738,1.4368569683963381
4447,1.4435153255501678,1.4418880792569333,1.436850844064095
4448,1.4435153255501678,1.4421927282645866,1.4353745734097485
4449,1.4435153255501678,1.4416758155390215,1.4286990300656819
4450,1.4435153255501678,1.4421289556377674,1.4398146426542682
4451,1.4435153255501678,1.4422922320814948,1.439932175873834
4452,1.4435153255501678,1.4426395525422095,1.4396049193866811
4453,1.4435153255501678,1.4427490573117097,1.4406572705766592
4454,1.4435153255501678,1.4426062385211917,1.4389842241166533
4455,1.4435153255501678,1.4424094053720038,1.4403338784140396
4456,1.4435153255501678,1.4423138692134367,1.4371495072492801
4457,1.4435153255501678,1.4422908453266323,1.4396290314488591
4458,1.4435153255501678,1.4422070230284658,1.4379843147499942
4459,1.4435153255501678,1.442231005424297,1.4380447542371368
4460,1.4435153255501678,1.4423462545680734,1.4392247877878597
4461,1.4435153255501678,1.4420559801638917,1.4386855176835502
4462,1.4435153255501678,1.4421266946252829,1.4393888819895986
4463,1.4435153255501678,1.4419444822839735,1.4373081746531313
4464,1.4435153255501678,1.4415008442281216,1.4320425546126296
4465,1.4435153255501678,1.4415740487014759,1.4376055331707203
4466,1.4435153255501678,1.4418962114343847,1.4385226172498424
4467,1.4435153255501678,1.4417773223965735,1.4379818345963724
4468,1.4435153255501678,1.4415991882120482,1.4384801618418244
4469,1.4435153255501678,1.4416778429037465,1.4389215688336667
4470,1.4435153255501678,1.442178409597182,1.4385069701299276
4471,1.4435153255501678,1.4419005236732274,1.4361024271098766
4472,1.4435153255501678,1.441567169983505,1.4295442744343652
4473,1.4435153255501678,1.4416258191225446,1.4339736189017884
4474,1.4435153255501678,1.4415783649607687,1.4326962496709343
4475,1.4435153255501678,1.4414122171301855,1.4349635077691565
4476,1.4435153255501678,1.441396016636649,1.4354552657480761
4477,1.4435153255501678,1.4413835345901662,1.4359468606491133
4478,1.4435153255501678,1.4416389219193975,1.437000149124804
4479,1.4435153255501678,1.4414932286134683,1.4374820881555832
4480,1.4435153255501678,1.441565771973358,1.438266514813222
4481,1.4435153255501678,1.4412682193559772,1.4358309413090422
4482,1.4435153255501678,1.4413934954315872,1.4355286280450663
4483,1.4435153255501678,1.4410386819871852,1.4304515192104232
4484,1.4435153255501678,1.4413048086134657,1.4370542975558438
4485,1.4435153255501678,1.4410325185219923,1.4367120521888541
4486,1.4435153255501678,1.4417310088286535,1.4337193928920324
4487,1.4435153255501678,1.4418532845771312,1.4376341152860515
4488,1.4435153255501678,1.4421492273489982,1.4310111242529908
4489,1.4435153255501678,1.4419632052012141,1.4390671243065578
4490,1.4435153255501678,1.4425739828434592,1.4406567234174057
4491,1.4435153255501678,1.4428568877163217,1.4398537397594462
4492,1.4435153255501678,1.4427561719230086,1.4409289176638103
4493,1.4435153255501678,1.4426503174511098,1.439606593739763
4494,1.4435153255501678,1.442418458025211,1.4382414321003112
4495,1.4435153255501678,1.4424447224237757,1.4403425234662683
4496,1.4435153255501678,1.4423739521251573,1.4393076741531212
4497,1.4435153255501678,1.442453054081844,1.438440488362171
4498,1.4435153255501678,1.4426509778157341,1.4398491303910688
4499,1.4435153255501678,1.4425182000917756,1.438359333110015
4500,1.4435153255501678,1.4422371322297545,1.4394494750220062
4501,1.4435153255501678,1.44200346472011,1.4343667064028573
4502,1.4435153255501678,1.4418229791744954,1.437468698772995
4503,1.4435153255501678,1.4420852537468105,1.435511503255635
4504,1.4435153255501678,1.4419286109393525,1.438406023544484
4505,1.4435153255501678,1.4423895762288033,1.437365473467094
4506,1.4435153255501678,1.442233818587634,1.438185257368848
4507,1.4435153255501678,1.4420319668657282,1.438139573546889
4508,1.4435153255501678,1.4421225015780306,1.4388207899310113
4509,1.4435153255501678,1.4421505294192576,1.436028561167293
4510,1.4435153255501678,1.4421066177229092,1.438656933188199
4511,1.4435153255501678,1.4423465526479498,1.4379454052285512
4512,1.4435153255501678,1.442090192296685,1.4342181053683725
4513,1.4435153255501678,1.441636596448832,1.431625268030028
4514,1.4435153255501678,1.4413556395115794,1.4336096532097222
4515,1.4435153255501678,1.44140468972941,1.4288474408065386
4516,1.4435153255501678,1.4409029979129455,1.4355946950961298
4517,1.4435153255501678,1.4403542635874294,1.4334930149431566
4518,1.4435153255501678,1.440347021115866,1.4273504829217638
4519,1.4435153255501678,1.4393638264587276,1.4270519187693194
4520,1.4435153255501678,1.439971249161299,1.4310066407224264
4521,1.4435153255501678,1.4402279064518977,1.4321548750199578
4522,1.4435153255501678,1.440707021266249,1.4325008116772406
4523,1.4435153255501678,1.441130587016491,1.4353272809708715
4524,1.4435153255501678,1.441853019300387,1.4385690573582146
4525,1.4435153255501678,1.4419172191022813,1.4368023967939352
4526,1.4435153255501678,1.442036111340967,1.4373996589872775
4527,1.4435153255501678,1.4420873757132981,1.4377459902469556
4528,1.4435153255501678,1.4419630764732942,1.438004578237321
4529,1.4435153255501678,1.441964243347127,1.43871596069851
4530,1.4435153255501678,1.4421160595804978,1.4393411246316823
4531,1.4435153255501678,1.4422992804634718,1.440044803917749
4532,1.4435153255501678,1.4425100442802161,1.4350693141712336
4533,1.4435153255501678,1.4421293203311671,1.4349516534666167
4534,1.4435153255501678,1.4418978999264602,1.4359056121460079
4535,1.4435153255501678,1.4418370586454747,1.4336146508758254
4536,1.4435153255501678,1.4418689960906184,1.435837747605861
4537,1.4435153255501678,1.4417445402451505,1.4365834385529614
4538,1.4435153255501678,1.4419243938358102,1.434724089164897
4539,1.4435153255501678,1.4421310210994158,1.4313849775176335
4540,1.4435153255501678,1.442225146528672,1.4390721306306813
4541,1.4435153255501678,1.4421184598498107,1.4365523485417233
4542,1.4435153255501678,1.4420873973697648,1.4303184288291293
4543,1.4435153255501678,1.44180472706259,1.4378670644452338
4544,1.4435153255501678,1.4418225651750072,1.4349437163245287
4545,1.4435153255501678,1.441267699588124,1.4292372944692955
4546,1.4435153255501678,1.4409925800254575,1.4322917444465662
4547,1.4435153255501678,1.440785778696335,1.4316322120960425
4548,1.4435153255501678,1.441031945920648,1.437463928753802
4549,1.4435153255501678,1.4410778989119624,1.434354243482435
4550,1.4435153255501678,1.4407454475836752,1.4343019464878108
4551,1.4435153255501678,1.4416157613673246,1.4345128884896312
4552,1.4435153255501678,1.4414086362533256,1.4368769468260914
4553,1.4435153255501678,1.4412701517547248,1.4338466934659118
4554,1.4435153255501678,1.4420507218342713,1.433588395029504
4555,1.4435153255501678,1.4424619071135663,1.4386372261841442
4556,1.4435153255501678,1.442476480168542,1.4392333149785825
4557,1.4435153255501678,1.4423606183664512,1.4380339047346986
4558,1.4435153255501678,1.4422678738944938,1.4375092637222728
4559,1.4435153255501678,1.442011511241241,1.4374694213133754
4560,1.4435153255501678,1.4419389677955181,1.438973127247644
4561,1.4435153255501678,1.4420070701675678,1.4372008583701403
4562,1.4435153255501678,1.4420369549427943,1.4388010297742637
4563,1.4435153255501678,1.4423243431918567,1.4398261038289482
4564,1.4435153255501678,1.4423075557175995,1.439333605132738
4565,1.4435153255501678,1.4424099498179286,1.439879894469943
4566,1.4435153255501678,1.4427113972139498,1.4407301232058696
4567,1.4435153255501678,1.4427020355022933,1.4402760440037343
4568,1.4435153255501678,1.4424493426796052,1.4386338699657777
4569,1.4435153255501678,1.4424614139235772,1.4392441297185077
4570,1.4435153255501678,1.4423998780817668,1.4316960876887561
4571,1.4435153255501678,1.4422680900787452,1.4373129243216378
4572,1.4435153255501678,1.4421061034186757,1.438632338131581
4573,1.4435153255501678,1.441971073299931,1.4362723176210845
4574,1.4435153255501678,1.4418389321040277,1.438633315463069
4575,1.4435153255501678,1.4421475066110327,1.4393471859091678
4576,1.4435153255501678,1.4420280651813289,1.4385606742489563
4577,1.4435153255501678,1.4421539652108744,1.4401664703893662
4578,1.4435153255501678,1.4422203952558545,1.439140884338951
4579,1.4435153255501678,1.4421083444409166,1.4329075003286493
4580,1.4435153255501678,1.4421089314132616,1.4353302267024135
4581,1.4435153255501678,1.44229619560397,1.4376262963957518
4582,1.4435153255501678,1.442210353353937,1.4391706477160457
4583,1.4435153255501678,1.4423212434489017,1.4386981470432223
4584,1.4435153255501678,1.4422548284688557,1.438521655622833
4585,1.4435153255501678,1.4423012712047796,1.4388955484303694
4586,1.4435153255501678,1.4421610085270182,1.4383043550924772
4587,1.4435153255501678,1.4418364864028452,1.4392313896986313
4588,1.4435153255501678,1.442013325652075,1.4372189844549967
4589,1.4435153255501678,1.441938651786601,1.4387617794594145
4590,1.4435153255501678,1.4420659382819536,1.4353467791817929
4591,1.4435153255501678,1.4420244900734553,1.439807557163242
4592,1.4435153255501678,1.4421769817435626,1.4394517580492758
4593,1.4435153255501678,1.4424226637799635,1.4366186126098126
4594,1.4435153255501678,1.4422836556187355,1.4397011331356295
4595,1.4435153255501678,1.4422367584350309,1.438682111642728
4596,1.4435153255501678,1.442066604155917,1.4348780692035563
4597,1.4435153255501678,1.4421189155366978,1.439294332828271
4598,1.4435153255501678,1.442120650779106,1.4351075285960562
4599,1.4435153255501678,1.4418916739452032,1.437149034364985
4600,1.4435153255501678,1.4420573432953827,1.4394531011872336
4601,1.4435153255501678,1.4422133555877819,1.4390122578043814
4602,1.4435153255501678,1.4423631215272856,1.4399180779804939
4603,1.4435153255501678,1.442293730476043,1.4365609433058963
4604,1.4435153255501678,1.441884972442942,1.4314684351882947
4605,1.4435153255501678,1.4415730019281923,1.4338139209429497
4606,1.4435153255501678,1.4414112209984515,1.430001904811982
4607,1.4435153255501678,1.441902920186108,1.4379655230054835
4608,1.4435153255501678,1.441792600360804,1.4381967178175323
4609,1.4435153255501678,1.4416152263664876,1.4391522727825306
4610,1.4435153255501678,1.4416099792792476,1.4380580147147435
4611,1.4435153255501678,1.4414877509378994,1.438191926219868
4612,1.4435153255501678,1.441563825308015,1.4323020370808617
4613,1.4435153255501678,1.4407014620709984,1.4300770152997024
4614,1.4435153255501678,1.4411130514289334,1.4329683510665143
4615,1.4435153255501678,1.441023670185966,1.434107434535874
4616,1.4435153255501678,1.4412298352978548,1.4339509077092558
4617,1.4435153255501678,1.4414866620770475,1.4387204323110843
4618,1.4435153255501678,1.4417381870978125,1.438135357512497
4619,1.4435153255501678,1.4417696120832315,1.4388570646391252
4620,1.4435153255501678,1.4417717541657324,1.4351525640707508
4621,1.4435153255501678,1.4417107797805857,1.4356954777533466
4622,1.4435153255501678,1.4419793227987174,1.436561292594876
4623,1.4435153255501678,1.4421182263688193,1.4386516362065598
4624,1.4435153255501678,1.4421456054628963,1.4393721728923614
4625,1.4435153255501678,1.4420283150724598,1.4398582677038698
4626,1.4435153255501678,1.4418279266502796,1.4360477706797066
4627,1.4435153255501678,1.4416013731470252,1.4342394585195264
4628,1.4435153255501678,1.4417541711341155,1.4384627349567194
4629,1.4435153255501678,1.442138436473075,1.439150534666148
4630,1.4435153255501678,1.4421941474928013,1.4374494992646627
4631,1.4435153255501678,1.4420702832926202,1.4386100847659276
4632,1.4435153255501678,1.4419480457415268,1.434604032285037
4633,1.4435153255501678,1.4419081988466658,1.438588530140409
4634,1.4435153255501678,1.4419003271481414,1.4392010195949996
4635,1.4435153255501678,1.442374925205216,1.4391019480983467
4636,1.4435153255501678,1.4422545571763328,1.4390089900294163
4637,1.4435153255501678,1.4420620145223315,1.4382050463202243
4638,1.4435153255501678,1.4418841249270582,1.4365965955370337
4639,1.4435153255501678,1.4416703619547218,1.4366888023532651
4640,1.4435153255501678,1.4414444822933796,1.4371507430999764
4641,1.4435153255501678,1.4416529521668935,1.4377218583652496
4642,1.4435153255501678,1.4423527570382162,1.4391147675043086
4643,1.4435153255501678,1.4421110145542781,1.4394439438638216
4644,1.4435153255501678,1.4416325348525516,1.4357856319103788
4645,1.4435153255501678,1.4412291252137255,1.431176477593597
4646,1.4435153255501678,1.4407657437264267,1.4249102465882921
4647,1.4435153255501678,1.4403203519722003,1.4294090178519223
4648,1.4435153255501678,1.4405795719623442,1.4326814972126418
4649,1.4435153255501678,1.4405703412484834,1.4343127371156608
4650,1.4435153255501678,1.440408781039283,1.4330288443479424
4651,1.4435153255501678,1.440268106333539,1.4305951819466265
4652,1.4435153255501678,1.4396361323873073,1.4325352037673469
4653,1.4435153255501678,1.4408768775850838,1.4364233766830035
4654,1.4435153255501678,1.4414213347660678,1.438012973364539
4655,1.4435153255501678,1.4418685505333664,1.4390760053245648
4656,1.4435153255501678,1.4423161520602057,1.4392537340387335
4657,1.4435153255501678,1.4428621345316848,1.4376887250298485
4658,1.4435153255501678,1.4426443823400736,1.4379456696281827
4659,1.4435153255501678,1.4426364011767299,1.4398713080066612
4660,1.4435153255501678,1.4427535652057202,1.4396293412929733
4661,1.4435153255501678,1.4426583499099734,1.4405256078123614
4662,1.4435153255501678,1.4425793477258253,1.43874114995504
4663,1.4435153255501678,1.442551240677705,1.4394901016055655
4664,1.4435153255501678,1.44271367414689,1.4395656895127935
4665,1.4435153255501678,1.442819770128819,1.4394600269204467
4666,1.4435153255501678,1.4427271058246904,1.4395958932755555
4667,1.4435153255501678,1.4422816147816016,1.4351424899890513
4668,1.4435153255501678,1.4422408493330807,1.436146131051531
4669,1.4435153255501678,1.4416477456264603,1.4319999028488668
4670,1.4435153255501678,1.4419919161491885,1.4337740814690072
4671,1.4435153255501678,1.4416370603866224,1.431161340270287
4672,1.4435153255501678,1.4419435410397725,1.4376851027931075
4673,1.4435153255501678,1.4420072522218539,1.4380325959955602
4674,1.4435153255501678,1.441765340908258,1.4386572609604402
4675,1.4435153255501678,1.4422623742501228,1.438977211593462
4676,1.4435153255501678,1.442139202964182,1.4394589233416637
4677,1.4435153255501678,1.4421535642150287,1.4377363000463423
4678,1.4435153255501678,1.442288573308221,1.4390217352361312
4679,1.4435153255501678,1.4419027103554347,1.4361914767311457
4680,1.4435153255501678,1.4412912066973462,1.4191210555014742
4681,1.4435153255501678,1.4418099286015433,1.4356437564850757
4682,1.4435153255501678,1.4411676928004353,1.4291300798955253
4683,1.4435153255501678,1.4408187194284028,1.4257595491105475
4684,1.4435153255501678,1.4407033581620092,1.4311795251273665
4685,1.4435153255501678,1.4409004191424288,1.436624139002795
4686,1.4435153255501678,1.4411637764173364,1.4363590829917172
4687,1.4435153255501678,1.4411506898930997,1.4331467221595702
4688,1.4435153255501678,1.4412390033071267,1.4359411042288108
4689,1.4435153255501678,1.4415441283840806,1.4353423491786745
4690,1.4435153255501678,1.4418152646162443,1.4382185760745156
4691,1.4435153255501678,1.4420013317825717,1.4389228101339782
4692,1.4435153255501678,1.4415518573464707,1.4354210706867117
4693,1.4435153255501678,1.4406930990349383,1.4287481185101945
4694,1.4435153255501678,1.440602079814107,1.426621311584005
4695,1.4435153255501678,1.44058586787951,1.4310362618971937
4696,1.4435153255501678,1.4406115721085855,1.4283792340595696
4697,1.4435153255501678,1.4407594684284613,1.4349675492329683
4698,1.4435153255501678,1.4406331580074732,1.434287548704689
4699,1.4435153255501678,1.441132321587564,1.4376052665427506
4700,1.4435153255501678,1.4413241855427665,1.4365098182114973
4701,1.4435153255501678,1.4417278502331572,1.4371055280271572
4702,1.4435153255501678,1.4416915945149409,1.4373689407037733
4703,1.4435153255501678,1.4417208617173234,1.4367061134499874
4704,1.4435153255501678,1.4419840988581336,1.4369417001396707
4705,1.4435153255501678,1.442034958268385,1.4398942291608616
4706,1.4435153255501678,1.4421930137174899,1.44011964692218
4707,1.4435153255501678,1.4422998681770187,1.4400954498210408
4708,1.4435153255501678,1.4422762691261364,1.4400557616321945
4709,1.4435153255501678,1.4425154417165051,1.4398192927821267
4710,1.4435153255501678,1.4424924458625328,1.4393582072814852
4711,1.4435153255501678,1.4423943832984472,1.4393539200643322
4712,1.4435153255501678,1.4423575543973601,1.4405654341907295
4713,1.4435153255501678,1.4423400755051978,1.4378073553655146
4714,1.4435153255501678,1.4424059081537428,1.4394862125539936
4715,1.4435153255501678,1.442239250285608,1.4397310580650329
4716,1.4435153255501678,1.4424951999993962,1.439093100465461
4717,1.4435153255501678,1.4424869716339623,1.4375951823126276
4718,1.4435153255501678,1.4422445500622243,1.439386571944562
4719,1.4435153255501678,1.442012177819327,1.4376810271097715
4720,1.4435153255501678,1.441872483747091,1.4392994858765848
4721,1.4435153255501678,1.4420720026541722,1.439647383739222
4722,1.4435153255501678,1.4420125316643375,1.4372419190122185
4723,1.4435153255501678,1.4420592755977275,1.4375584357456743
4724,1.4435153255501678,1.442235659767999,1.439310262620302
4725,1.4435153255501678,1.4424364361728919,1.4395385310578235
4726,1.4435153255501678,1.4425837292779615,1.4400233764915662
4727,1.4435153255501678,1.4425273686343707,1.4375441502311375
4728,1.4435153255501678,1.4425524331969555,1.4380369898193148
4729,1.4435153255501678,1.4424442554703358,1.4377857529240705
4730,1.4435153255501678,1.4424309347514883,1.438345561922934
4731,1.4435153255501678,1.4424410599270217,1.439837851000543
4732,1.4435153255501678,1.442385927983627,1.4357666369471298
4733,1.4435153255501678,1.4423224269663513,1.4389852918732111
4734,1.4435153255501678,1.442035700874638,1.4384097156339295
4735,1.4435153255501678,1.441922035656594,1.4372943001439908
4736,1.4435153255501678,1.4419242250838504,1.438246226766315
4737,1.4435153255501678,1.4419770814480832,1.438104506957297
4738,1.4435153255501678,1.4420210706089849,1.4355108407376034
4739,1.4435153255501678,1.4420842368760922,1.4354049819524475
4740,1.4435153255501678,1.4421540069085197,1.439189826910719
4741,1.4435153255501678,1.4419187384809342,1.4376998348125511
4742,1.4435153255501678,1.441677339682283,1.4364483360195894
4743,1.4435153255501678,1.4415357427771718,1.4276676598771383
4744,1.4435153255501678,1.4415201198944967,1.433009800666611
4745,1.4435153255501678,1.441305665823768,1.4314594148377653
4746,1.4435153255501678,1.4410890876968219,1.4264411333608065
4747,1.4435153255501678,1.4411015521878283,1.4361875101223567
4748,1.4435153255501678,1.4416182821653882,1.4382330068922349
4749,1.4435153255501678,1.4420069340220452,1.4390808327946636
4750,1.4435153255501678,1.442180655622942,1.439306081430195
4751,1.4435153255501678,1.4423225200977734,1.439155109938325
4752,1.4435153255501678,1.4421936384175738,1.4377495070298332
4753,1.4435153255501678,1.4421621894824634,1.4380137648994635
4754,1.4435153255501678,1.4419590800457724,1.4386912297782242
4755,1.4435153255501678,1.4415370839314847,1.4306791009060287
4756,1.4435153255501678,1.4418039604401838,1.4347387508966953
4757,1.4435153255501678,1.4415853471201523,1.4317044900358442
4758,1.4435153255501678,1.4413573784442804,1.4255077191064978
4759,1.4435153255501678,1.4414427013846143,1.4328211979840535
4760,1.4435153255501678,1.4411288468248349,1.4291325503336572
4761,1.4435153255501678,1.4409890204685383,1.4314112201930989
4762,1.4435153255501678,1.4413660503659456,1.4351385273984485
4763,1.4435153255501678,1.4411238465631229,1.4331533366365572
4764,1.4435153255501678,1.441626169920398,1.4349411693642145
4765,1.4435153255501678,1.4419132843783518,1.4345023154673158
4766,1.4435153255501678,1.4420823260733782,1.4372534776166879
4767,1.4435153255501678,1.4418906476207913,1.4372698880622194
4768,1.4435153255501678,1.4420145047350224,1.4340607642982541
4769,1.4435153255501678,1.4420040116886796,1.4387854139274205
4770,1.4435153255501678,1.4416100423837666,1.4368457445183063
4771,1.4435153255501678,1.4411942314336563,1.4300128317890943
4772,1.4435153255501678,1.441357771211645,1.4347287205483965
4773,1.4435153255501678,1.4410733819473844,1.4381720501044684
4774,1.4435153255501678,1.441193532875021,1.4361151825590666
4775,1.4435153255501678,1.4409670756284458,1.4307215232068742
4776,1.4435153255501678,1.4410693718390277,1.4364166590150877
4777,1.4435153255501678,1.4414877352722457,1.437029716538625
4778,1.4435153255501678,1.4422360176529097,1.435935497242763
4779,1.4435153255501678,1.4422070353856058,1.4385032808826146
4780,1.4435153255501678,1.4420605051862274,1.437850732819245
4781,1.4435153255501678,1.4418868653870314,1.438617171223257
4782,1.4435153255501678,1.4414633251679607,1.4354136402907889
4783,1.4435153255501678,1.4413927015078738,1.4362055555696258
4784,1.4435153255501678,1.4415196616564265,1.4363284722683431
4785,1.4435153255501678,1.4417845651911936,1.434102149346399
4786,1.4435153255501678,1.4417219042814025,1.4320045559903536
4787,1.4435153255501678,1.4411425076005793,1.4338142116259067
4788,1.4435153255501678,1.4412288703395615,1.4353112460656117
4789,1.4435153255501678,1.4410130635625595,1.4309839170606482
4790,1.4435153255501678,1.4410421662538935,1.430291755618602
4791,1.4435153255501678,1.4409600823781625,1.4316660835655342
4792,1.4435153255501678,1.441399901880723,1.437730015370422
4793,1.4435153255501678,1.4419759414511162,1.438317961949069
4794,1.4435153255501678,1.4422888187847789,1.4378115701704404
4795,1.4435153255501678,1.4425152526574863,1.4387938365186297
4796,1.4435153255501678,1.4423647000271074,1.4395077548049766
4797,1.4435153255501678,1.4424345061888662,1.439346618498312
4798,1.4435153255501678,1.4424399465068196,1.439014673972976
4799,1.4435153255501678,1.4423400984651533,1.4391179754683256
4800,1.4435153255501678,1.442052882846596,1.4391191228894842
4801,1.4435153255501678,1.4418965231069993,1.4359249346645706
4802,1.4435153255501678,1.4420444467052307,1.436404705641985
4803,1.4435153255501678,1.4422087125728282,1.4387119530211727
4804,1.4435153255501678,1.4421480805744877,1.4368104487817002
4805,1.4435153255501678,1.4422083624420403,1.4375081068392397
4806,1.4435153255501678,1.4420272965601688,1.4376970529011381
4807,1.4435153255501678,1.442036084421268,1.4355448879784631
4808,1.4435153255501678,1.441854243022788,1.4372168383680979
4809,1.4435153255501678,1.4415890697263374,1.4367532381050954
4810,1.4435153255501678,1.4418431191030572,1.438125132564947
4811,1.4435153255501678,1.4420267207506,1.43970809988394
4812,1.4435153255501678,1.4421373251006264,1.437694950831842
4813,1.4435153255501678,1.4421106261117018,1.438563267385356
4814,1.4435153255501678,1.442374452512638,1.437787011264319
4815,1.4435153255501678,1.4420436696363914,1.434233481472443
4816,1.4435153255501678,1.4418478183966308,1.4338925312089283
4817,1.4435153255501678,1.4419002999371089,1.4384268096422756
4818,1.4435153255501678,1.4423427219492952,1.4393233540427286
4819,1.4435153255501678,1.4424834296275721,1.4401143769044908
4820,1.4435153255501678,1.4422677887328832,1.4361059149735793
4821,1.4435153255501678,1.4418429705040012,1.4375579998369734
4822,1.4435153255501678,1.4420400783050877,1.4396833653917667
4823,1.4435153255501678,1.4422101901582662,1.4401967818868848
4824,1.4435153255501678,1.4422964941879715,1.438532487153217
4825,1.4435153255501678,1.4423487611005141,1.4392284583515385
4826,1.4435153255501678,1.4422206277149952,1.439782236848671
4827,1.4435153255501678,1.442434357217379,1.4390828054254838
4828,1.4435153255501678,1.442299107477844,1.4390052327023704
4829,1.4435153255501678,1.4424497410781496,1.4402513601791047
4830,1.4435153255501678,1.4424715002867978,1.4403042579200236
4831,1.4435153255501678,1.4422639959023216,1.4375939285679007
4832,1.4435153255501678,1.442141583351753,1.4398958823423949
4833,1.4435153255501678,1.4421896724201277,1.4389247709790318
4834,1.4435153255501678,1.4421725205063434,1.4393209607372728
4835,1.4435153255501678,1.4421357965867754,1.4367844756793176
4836,1.4435153255501678,1.4421413070910176,1.4373723249091581
4837,1.4435153255501678,1.441905575050486,1.437496969100375
4838,1.4435153255501678,1.4421465288736885,1.4382104379358107
4839,1.4435153255501678,1.4416971598413457,1.4365118740660325
4840,1.4435153255501678,1.4414087877130444,1.4361179685639658
4841,1.4435153255501678,1.441277048312103,1.4272917848843358
4842,1.4435153255501678,1.4413452389578498,1.4359249929671827
4843,1.4435153255501678,1.4416284580019734,1.4381730276509639
4844,1.4435153255501678,1.4421304693480794,1.4393064701376033
4845,1.4435153255501678,1.4420635041592988,1.4364694474288133
4846,1.4435153255501678,1.4417874207627543,1.4370813155477011
4847,1.4435153255501678,1.4419593669928985,1.4368607677573004
4848,1.4435153255501678,1.4419015597988076,1.436259975538727
4849,1.4435153255501678,1.4418974356456302,1.4389163672482068
4850,1.4435153255501678,1.4419046050733584,1.4379982356330294
4851,1.4435153255501678,1.4417088895189394,1.4371975961071985
4852,1.4435153255501678,1.4418460018965866,1.4374739281821525
4853,1.4435153255501678,1.4421913678081701,1.4384813350525236
4854,1.4435153255501678,1.442032876759842,1.4388030008619777
4855,1.4435153255501678,1.4420822126178194,1.4391063885667605
4856,1.4435153255501678,1.4422485404725947,1.438474987962665
4857,1.4435153255501678,1.4420850848573372,1.438263562109265
4858,1.4435153255501678,1.4422779032494628,1.4391661187067168
4859,1.4435153255501678,1.4422139783661365,1.4360935059800064
4860,1.4435153255501678,1.4421405517602843,1.4386666844995932
4861,1.4435153255501678,1.4422831689978142,1.4387373772864742
4862,1.4435153255501678,1.442193691241702,1.438074652445293
4863,1.4435153255501678,1.442118154878143,1.437564779545903
4864,1.4435153255501678,1.4415679849353848,1.42935030240134
4865,1.4435153255501678,1.4416831320928913,1.4304536567948563
4866,1.4435153255501678,1.441746059649159,1.4371159134346347
4867,1.4435153255501678,1.4420173171705621,1.436557912016721
4868,1.4435153255501678,1.4421742680946696,1.4387203736134275
4869,1.4435153255501678,1.4420858554379208,1.436923694265003
4870,1.4435153255501678,1.442136987575035,1.4390868292649144
4871,1.4435153255501678,1.4421841910369557,1.4347875687594687
4872,1.4435153255501678,1.44164653236912,1.438330150566475
4873,1.4435153255501678,1.4418321650313848,1.4379165105077862
4874,1.4435153255501678,1.4417245319639493,1.4385087423664973
4875,1.4435153255501678,1.4420469519330832,1.4395440992300628
4876,1.4435153255501678,1.4421670249001317,1.4391699626580625
4877,1.4435153255501678,1.4423363288288409,1.4389598115098892
4878,1.4435153255501678,1.442416190888618,1.439203896407435
4879,1.4435153255501678,1.4420392116595795,1.4386991378368659
4880,1.4435153255501678,1.442200418774883,1.4322035024920474
4881,1.4435153255501678,1.4421901010683729,1.4266221489636213
4882,1.4435153255501678,1.4419265011437299,1.4294838981533649
4883,1.4435153255501678,1.4419664351345305,1.4369256667576793
4884,1.4435153255501678,1.441952434164579,1.4388422131720664
4885,1.4435153255501678,1.4422413283056432,1.4398966554325405
4886,1.4435153255501678,1.442132617401494,1.4386530903042158
4887,1.4435153255501678,1.4421614337011215,1.4376441155119815
4888,1.4435153255501678,1.4422924084027087,1.4382218946812682
4889,1.4435153255501678,1.4423326197322845,1.4382150877274247
4890,1.4435153255501678,1.4421440929943592,1.4387999126328777
4891,1.4435153255501678,1.4421677424666266,1.437616477454898
4892,1.4435153255501678,1.4419138171767543,1.434528338840263
4893,1.4435153255501678,1.4418370127104472,1.4358716230089976
4894,1.4435153255501678,1.4415405636822507,1.4295108272361365
4895,1.4435153255501678,1.4420221745912125,1.4378222196977424
4896,1.4435153255501678,1.4427055651103067,1.4408124633682602
4897,1.4435153255501678,1.4426175179782845,1.4392654948767947
4898,1.4435153255501678,1.442182773305378,1.4380827932821347
4899,1.4435153255501678,1.4422034987314802,1.434529938315109
4900,1.4435153255501678,1.4420332872411916,1.437197523123863
4901,1.4435153255501678,1.4420714573502724,1.4363620105387194
4902,1.4435153255501678,1.4416810923267511,1.4372805368889299
4903,1.4435153255501678,1.4418004422978776,1.4390768976201724
4904,1.4435153255501678,1.4421155261212517,1.437805538504152
4905,1.4435153255501678,1.4423135023251676,1.4379176146331885
4906,1.4435153255501678,1.4423158566058243,1.4368110960705254
4907,1.4435153255501678,1.4425019495432796,1.4397420221833075
4908,1.4435153255501678,1.4424548842098863,1.4377697519001016
4909,1.4435153255501678,1.4423433713428346,1.4399980806324144
4910,1.4435153255501678,1.4424731705000609,1.4399957990370644
4911,1.4435153255501678,1.4423463542002395,1.4394653961459827
4912,1.4435153255501678,1.4421654317342723,1.4369358982711247
4913,1.4435153255501678,1.4420340146674269,1.4385273169765116
4914,1.4435153255501678,1.442375737027423,1.4387974685699694
4915,1.4435153255501678,1.4425359246961886,1.4378204977223004
4916,1.4435153255501678,1.4419389991931946,1.4300972562820977
4917,1.4435153255501678,1.4416121201364702,1.4340549792550146
4918,1.4435153255501678,1.4413556936158491,1.43269085134588
4919,1.4435153255501678,1.4413193141621943,1.43351781940731
4920,1.4435153255501678,1.441291665454777,1.4259915450473524
4921,1.4435153255501678,1.4414512253317782,1.4354134096208255
4922,1.4435153255501678,1.4417058869372839,1.4377495957120772
4923,1.4435153255501678,1.4417852877854507,1.4348217270734382
4924,1.4435153255501678,1.441576655017455,1.4364425678304202
4925,1.4435153255501678,1.4411061667058613,1.431092899026667
4926,1.4435153255501678,1.4412097529239996,1.4322926981932966
4927,1.4435153255501678,1.441774487255576,1.4321708419636885
4928,1.4435153255501678,1.441833927783148,1.4337483080600575
4929,1.4435153255501678,1.441865511492499,1.4369052340200992
4930,1.4435153255501678,1.4421352824244063,1.4364396705842775
4931,1.4435153255501678,1.441943960217656,1.4395254996939215
4932,1.4435153255501678,1.442071150069831,1.4387029813125398
4933,1.4435153255501678,1.4425121583689675,1.4408295171215213
4934,1.4435153255501678,1.4425277893543926,1.441038945329616
4935,1.4435153255501678,1.4422546819839204,1.4379372982815608
4936,1.4435153255501678,1.4418200919199171,1.4315495964511427
4937,1.4435153255501678,1.4414064940641282,1.4358385588996867
4938,1.4435153255501678,1.4418869811739479,1.4381461683663166
4939,1.4435153255501678,1.4420887618374296,1.4368597613841467
4940,1.4435153255501678,1.4419556477398288,1.439217520926747
4941,1.4435153255501678,1.4420955995657407,1.437350862851459
4942,1.4435153255501678,1.441999814558514,1.4393113026409878
4943,1.4435153255501678,1.4417477152414528,1.433932678618475
4944,1.4435153255501678,1.441378305647278,1.4295529571462064
4945,1.4435153255501678,1.4415016147106072,1.4365191239784123
4946,1.4435153255501678,1.4413990023394638,1.4372558079971218
4947,1.4435153255501678,1.4412924859707328,1.4369033161596716
4948,1.4435153255501678,1.4418049570815072,1.4385384108147203
4949,1.4435153255501678,1.4420297614980253,1.4385043027738906
4950,1.4435153255501678,1.441773832998645,1.4373100886461236
4951,1.4435153255501678,1.4420068656643121,1.438201745974568
4952,1.4435153255501678,1.442206656232349,1.4397420550142723
4953,1.4435153255501678,1.4424756948345265,1.43905827972062
4954,1.4435153255501678,1.4424124812171115,1.438462513831048
4955,1.4435153255501678,1.4425356107216694,1.4383363744172164
4956,1.4435153255501678,1.4423403352716138,1.439306967001627
4957,1.4435153255501678,1.442294943184294,1.4406317462200346
4958,1.4435153255501678,1.4424520279304582,1.4379570417698988
4959,1.4435153255501678,1.4421571533944597,1.438792462427595
4960,1.4435153255501678,1.44163946039081,1.436230304172728
4961,1.4435153255501678,1.4413214140290735,1.4372158925817358
4962,1.4435153255501678,1.441534805956323,1.4373660714547183
4963,1.4435153255501678,1.4418392547358787,1.4370583752858566
4964,1.4435153255501678,1.44151134435932,1.433594053535929
4965,1.4435153255501678,1.4409799502147984,1.4297657589622597
4966,1.4435153255501678,1.4408841631445757,1.4317728988273684
4967,1.4435153255501678,1.4406355424762665,1.4319713129986806
4968,1.4435153255501678,1.4407468001898622,1.4358923780758561
4969,1.4435153255501678,1.441448276307541,1.431551952099781
4970,1.4435153255501678,1.441307190820061,1.4370404518904663
4971,1.4435153255501678,1.4416746853649847,1.4304788992184123
4972,1.4435153255501678,1.4416744961957548,1.4352670241553511
4973,1.4435153255501678,1.441946305419559,1.4365632557496266
4974,1.4435153255501678,1.4419078531584129,1.4379095370404493
4975,1.4435153255501678,1.4420671608912383,1.4394105344379056
4976,1.4435153255501678,1.4421180817222252,1.4391821891277314
4977,1.4435153255501678,1.4423889681261621,1.4397065574746077
4978,1.4435153255501678,1.4425395427724612,1.4395746418231017
4979,1.4435153255501678,1.4427652335886438,1.4411528874604225
4980,1.4435153255501678,1.442544677295626,1.4396919622720497
4981,1.4435153255501678,1.4421186894193434,1.4379850819022861
4982,1.4435153255501678,1.4419785781764796,1.4373558175883838
4983,1.4435153255501678,1.4421094903788623,1.4394923068835725
4984,1.4435153255501678,1.4422968434141097,1.437815970690021
4985,1.4435153255501678,1.44179820704174,1.4316166411149946
4986,1.4435153255501678,1.4412166441414298,1.431392142114523
4987,1.4435153255501678,1.4411599244898263,1.4297839050710395
4988,1.4435153255501678,1.440977126019614,1.416075847844828
4989,1.4435153255501678,1.4414977217212117,1.4302355612726854
4990,1.4435153255501678,1.441535425029148,1.4356913318248754
4991,1.4435153255501678,1.4414340419810672,1.4357836260979207
4992,1.4435153255501678,1.441726013351679,1.438121076502602
4993,1.4435153255501678,1.4421047720035403,1.4380796755465552
4994,1.4435153255501678,1.442051301923635,1.436647397316922
4995,1.4435153255501678,1.4418076635831043,1.4354777980161515
4996,1.4435153255501678,1.4417435922421635,1.4330973856179392
4997,1.4435153255501678,1.441445131313523,1.4363293241092236
4998,1.4435153255501678,1.4418210521449566,1.4389292904924529
4999,1.4435153255501678,1.4419044749039096,1.4385877790472794
5000,1.4435153255501678,1.442358225143745,1.4391344293579578
5001,1.4435153255501678,1.4424610812502423,1.439405979025802
5002,1.4435153255501678,1.4421897209863073,1.4383265454878982
5003,1.4435153255501678,1.4418972139301969,1.4366050866139894
5004,1.4435153255501678,1.4417990366794262,1.4390218061454918
5005,1.4435153255501678,1.44204732179389,1.435534854478029
5006,1.4435153255501678,1.4419304711315535,1.4368716021466255
5007,1.4435153255501678,1.442229956931241,1.4369400066649294
5008,1.4435153255501678,1.442173716815828,1.4362433871003715
5009,1.4435153255501678,1.4420381305729566,1.4383264414523016
5010,1.4435153255501678,1.4417306467880837,1.4383856915185163
5011,1.4435153255501678,1.4415425559692625,1.4345534089712186
5012,1.4435153255501678,1.4415690306805575,1.437986824554546
5013,1.4435153255501678,1.441933494536157,1.435630898652429
5014,1.4435153255501678,1.4420702780228403,1.439521385891495
5015,1.4435153255501678,1.442136588799679,1.4387466289931061
5016,1.4435153255501678,1.4423655457795945,1.4380563520612173
5017,1.4435153255501678,1.4423160598840992,1.4397560122795527
5018,1.4435153255501678,1.4421598947103975,1.4385362140586926
5019,1.4435153255501678,1.4419007608036003,1.4383467276175155
5020,1.4435153255501678,1.4413074358988225,1.425505354618271
5021,1.4435153255501678,1.4415875142713188,1.4352236392983866
5022,1.4435153255501678,1.441552634453707,1.4385120392853772
5023,1.4435153255501678,1.441857039220231,1.4385451124829651
5024,1.4435153255501678,1.442143369581142,1.439120549093156
5025,1.4435153255501678,1.4423495763389675,1.4386739746015254
5026,1.4435153255501678,1.4425693952485752,1.438274980435284
5027,1.4435153255501678,1.4426495330394136,1.4405316106406831
5028,1.4435153255501678,1.4425526411611107,1.439923371862356
5029,1.4435153255501678,1.442367953732957,1.4396552695640128
5030,1.4435153255501678,1.4422462709017745,1.4377732151761466
5031,1.4435153255501678,1.4425734070796097,1.439753909204196
5032,1.4435153255501678,1.442554238743954,1.4390772098738152
5033,1.4435153255501678,1.4422944367912018,1.4391344325523916
5034,1.4435153255501678,1.4423592665513811,1.4396723007361243
5035,1.4435153255501678,1.442388896627461,1.4392117905778035
5036,1.4435153255501678,1.4423174059742143,1.43927975066622
5037,1.4435153255501678,1.4425474640683296,1.4387351589390738
5038,1.4435153255501678,1.442393303836553,1.4365540656029916
5039,1.4435153255501678,1.4425336219222493,1.438333359180154
5040,1.4435153255501678,1.442557987865237,1.4405144155072214
5041,1.4435153255501678,1.4425517459088986,1.4396708264421654
5042,1.4435153255501678,1.4425770417700314,1.4400313077678326
5043,1.4435153255501678,1.4424797415450892,1.4398240808753202
5044,1.4435153255501678,1.4424315550852864,1.438499570105303
5045,1.4435153255501678,1.4417433274617313,1.4303787511534451
5046,1.4435153255501678,1.4417833730685268,1.4360515605702542
5047,1.4435153255501678,1.4417982512732894,1.4367182200163533
5048,1.4435153255501678,1.4415995851867138,1.4348543554306934
5049,1.4435153255501678,1.4416552902843442,1.4377023634284065
5050,1.4435153255501678,1.4413353123190304,1.4345885706430896
5051,1.4435153255501678,1.4414437682786987,1.4365962998355373
5052,1.4435153255501678,1.4415428404962563,1.4360047456297984
5053,1.4435153255501678,1.4414376553175863,1.4356699655459
5054,1.4435153255501678,1.4410881411385261,1.435763472550384
5055,1.4435153255501678,1.4409078038268421,1.4352642148019241
5056,1.4435153255501678,1.4402011325922794,1.4329713491959502
5057,1.4435153255501678,1.4409221277949182,1.4309253307992913
5058,1.4435153255501678,1.4408967876914838,1.4371060522584191
5059,1.4435153255501678,1.4416683811601825,1.4374981937591755
5060,1.4435153255501678,1.4421909145396359,1.4377788402238822
5061,1.4435153255501678,1.4423231099634106,1.4369015274438044
5062,1.4435153255501678,1.4420718679200453,1.4385744456341045
5063,1.4435153255501678,1.4422551463465343,1.4355166551331342
5064,1.4435153255501678,1.4423189299656314,1.4394037648893612
5065,1.4435153255501678,1.4424413887799559,1.4371506535844247
5066,1.4435153255501678,1.4426030026362286,1.4398571893036438
5067,1.4435153255501678,1.4424597406836164,1.4394750995757275
5068,1.4435153255501678,1.4425789921552004,1.4400780981687216
5069,1.4435153255501678,1.4421554213586316,1.4376058097173126
5070,1.4435153255501678,1.4420862644045713,1.4377204226873137
5071,1.4435153255501678,1.4419193329263431,1.4361132161267216
5072,1.4435153255501678,1.4417625822163094,1.4308036771294212
5073,1.4435153255501678,1.441725070056682,1.437416948260244
5074,1.4435153255501678,1.4418074322595311,1.437435556073503
5075,1.4435153255501678,1.4417574821408152,1.4362726075413628
5076,1.4435153255501678,1.4417637121256133,1.4349886381772217
5077,1.4435153255501678,1.4419141592985767,1.4389742423462377
5078,1.4435153255501678,1.442243965331453,1.4392289168006625
5079,1.4435153255501678,1.4421838591292544,1.439001530477877
5080,1.4435153255501678,1.4424002787278325,1.439546542363813
5081,1.4435153255501678,1.4422919893823707,1.439830237012215
5082,1.4435153255501678,1.4421958029283186,1.4394299641862134
5083,1.4435153255501678,1.4424351290588329,1.4392234377687172
5084,1.4435153255501678,1.4426418320245005,1.438725779966011
5085,1.4435153255501678,1.442428190136891,1.4385969227083437
5086,1.4435153255501678,1.4425598451178687,1.4399237853326594
5087,1.4435153255501678,1.4425577948610402,1.4389027763683935
5088,1.4435153255501678,1.4425211700533518,1.439390964846466
5089,1.4435153255501678,1.4425554610910933,1.438333198903889
5090,1.4435153255501678,1.442533594834667,1.4392572374175219
5091,1.4435153255501678,1.4427211439264895,1.4406608744866567
5092,1.4435153255501678,1.4426245607490567,1.4399273925412064
5093,1.4435153255501678,1.4425174523319908,1.439580665456365
5094,1.4435153255501678,1.44257312362488,1.4374041519426153
5095,1.4435153255501678,1.442528603336049,1.437414813177079
5096,1.4435153255501678,1.4427503761912832,1.4403588841741062
5097,1.4435153255501678,1.4426874945563588,1.4405799128956776
5098,1.4435153255501678,1.4424830757695064,1.4396397989429008
5099,1.4435153255501678,1.442185438809334,1.4379970890736447
5100,1.4435153255501678,1.4418303867922473,1.4349185088228116
5101,1.4435153255501678,1.4415446033941726,1.435780037676878
5102,1.4435153255501678,1.4414721016285403,1.4357862422646417
5103,1.4435153255501678,1.4419035202904356,1.4347041104987284
5104,1.4435153255501678,1.4421245308152515,1.438868713741281
5105,1.4435153255501678,1.4420672272400938,1.4387090024956086
5106,1.4435153255501678,1.442148043910567,1.4383561276116414
5107,1.4435153255501678,1.4422521096295062,1.439120329934606
5108,1.4435153255501678,1.4425030204683862,1.4390772470113635
5109,1.4435153255501678,1.4423693703358758,1.4397512636013008
5110,1.4435153255501678,1.4422910904885635,1.4379818399187996
5111,1.4435153255501678,1.442230701108515,1.4400659905453836
5112,1.4435153255501678,1.4424127206322748,1.4395052945969034
5113,1.4435153255501678,1.4421607912880574,1.4330977350805876
5114,1.4435153255501678,1.4420240754142486,1.4319716962615079
5115,1.4435153255501678,1.4422215422709874,1.4390900286540607
5116,1.4435153255501678,1.4422075403762786,1.4404111094671075
5117,1.4435153255501678,1.4420731815832353,1.436166445661259
5118,1.4435153255501678,1.4417449962936784,1.4379766345480118
5119,1.4435153255501678,1.4419787317412895,1.4348818227979991
5120,1.4435153255501678,1.4416839067356917,1.4360052763117772
5121,1.4435153255501678,1.441575269440564,1.4389812125663632
5122,1.4435153255501678,1.4414976352936788,1.434216343452927
5123,1.4435153255501678,1.4418081720701303,1.4360985347258275
5124,1.4435153255501678,1.4417064967625166,1.4368140205045437
5125,1.4435153255501678,1.4418885209789831,1.4371533563168326
5126,1.4435153255501678,1.4420147932154401,1.4385335682561182
5127,1.4435153255501678,1.4422565968996934,1.4372858447800403
5128,1.4435153255501678,1.4421322024323358,1.4400041526829812
5129,1.4435153255501678,1.4423853411133698,1.440136330012955
5130,1.4435153255501678,1.4424992096551754,1.4397803648380267
5131,1.4435153255501678,1.4422787729675377,1.4361543516275366
5132,1.4435153255501678,1.441930936033701,1.4311738731927108
5133,1.4435153255501678,1.4417894172062478,1.4364764471974856
5134,1.4435153255501678,1.4414920494465906,1.4371823178367589
5135,1.4435153255501678,1.4418038987476354,1.4385940949917928
5136,1.4435153255501678,1.4418970019330157,1.4372107835886427
5137,1.4435153255501678,1.4419960740637927,1.4390451320581699
5138,1.4435153255501678,1.4421437907285275,1.43878952971762
5139,1.4435153255501678,1.4421753896346823,1.4384420888890332
5140,1.4435153255501678,1.4416992487820346,1.436787426772495
5141,1.4435153255501678,1.4417177165002135,1.4374972435013913
5142,1.4435153255501678,1.441660792740932,1.43728316645584
5143,1.4435153255501678,1.441656285342836,1.4379986281153876
5144,1.4435153255501678,1.441386602650863,1.4366364951212807
5145,1.4435153255501678,1.44141063924012,1.429540503644232
5146,1.4435153255501678,1.4413127483786314,1.4363692642409829
5147,1.4435153255501678,1.4413539680788632,1.434357214490445
5148,1.4435153255501678,1.4417340692989964,1.4337808979049633
5149,1.4435153255501678,1.4417135543943862,1.43658490969503
5150,1.4435153255501678,1.4420288423762582,1.4383817898338098
5151,1.4435153255501678,1.4420446802247173,1.4375888266968089
5152,1.4435153255501678,1.4420102793719565,1.4380141415558936
5153,1.4435153255501678,1.4419951223515204,1.4383731354602545
5154,1.4435153255501678,1.4423169778816114,1.4401023964634219
5155,1.4435153255501678,1.4424998421779824,1.4400202276260394
5156,1.4435153255501678,1.4426222212142528,1.4393142191390838
5157,1.4435153255501678,1.4424643601503953,1.4406939434098223
5158,1.4435153255501678,1.442442506033292,1.440522260956807
5159,1.4435153255501678,1.442610307722953,1.4402117732393258
5160,1.4435153255501678,1.442845762689966,1.4410640948941449
5161,1.4435153255501678,1.4428399525140787,1.440889457291128
5162,1.4435153255501678,1.442474822369917,1.4382167440098201
5163,1.4435153255501678,1.4418708240416074,1.4287935240865512
5164,1.4435153255501678,1.4413047063421525,1.425058500983543
5165,1.4435153255501678,1.441021195683129,1.4196192729464698
5166,1.4435153255501678,1.4411108000034705,1.4334111130892961
5167,1.4435153255501678,1.4410494816261568,1.4346407496897888
5168,1.4435153255501678,1.4412136558002084,1.4373105831449833
5169,1.4435153255501678,1.4416092381877774,1.4375643505193307
5170,1.4435153255501678,1.4418491091258192,1.4389530546612386
5171,1.4435153255501678,1.4419046394277704,1.4376244608164195
5172,1.4435153255501678,1.4417669465617937,1.4367989172807436
5173,1.4435153255501678,1.442015606682301,1.4388394242421598
5174,1.4435153255501678,1.4417602386909245,1.4348862316680284
5175,1.4435153255501678,1.4417646310712997,1.438171556641839
5176,1.4435153255501678,1.441451686526396,1.4351561817994067
5177,1.4435153255501678,1.4418983471316833,1.4375099676877658
5178,1.4435153255501678,1.4420005690760351,1.4390291028081659
5179,1.4435153255501678,1.4421435473828768,1.4389347122019471
5180,1.4435153255501678,1.442053531242141,1.4385210463804459
5181,1.4435153255501678,1.44227512285733,1.4397080547487002
5182,1.4435153255501678,1.4424674199623204,1.4364352237044509
5183,1.4435153255501678,1.442177468674611,1.4390145020566036
5184,1.4435153255501678,1.442681165537963,1.4373374226290578
5185,1.4435153255501678,1.4423623994865296,1.4373659205522307
5186,1.4435153255501678,1.442463083637544,1.4390832584926405
5187,1.4435153255501678,1.4421099723307034,1.4388129006195993
5188,1.4435153255501678,1.442351319474439,1.440094520002201
5189,1.4435153255501678,1.4427384875895672,1.4385061947759756
5190,1.4435153255501678,1.4424914018506323,1.4388362008907842
5191,1.4435153255501678,1.4425088775772381,1.4391898895164275
5192,1.4435153255501678,1.4422193403941819,1.438712205923318
5193,1.4435153255501678,1.4422589910135917,1.4397722287064476
5194,1.4435153255501678,1.4422614502724453,1.4404339023417483
5195,1.4435153255501678,1.442278726823714,1.437307452268279
5196,1.4435153255501678,1.4422111925066818,1.438287880299316
5197,1.4435153255501678,1.4418258884959791,1.4373718865164693
5198,1.4435153255501678,1.441609020398029,1.4326602765155727
5199,1.4435153255501678,1.4415173478071361,1.4307640368573735
5200,1.4435153255501678,1.4417154620561154,1.4379610162864185
5201,1.4435153255501678,1.4424020427892026,1.4373671235722956
5202,1.4435153255501678,1.4425107238409254,1.4400302654559682
5203,1.4435153255501678,1.4424543385114972,1.4382339723204631
5204,1.4435153255501678,1.4421352023530545,1.4383413194390844
5205,1.4435153255501678,1.441953133405514,1.436840655868354
5206,1.4435153255501678,1.4421423683850163,1.4381561031276817
5207,1.4435153255501678,1.442195457987805,1.4389460898286819
5208,1.4435153255501678,1.4421581115984026,1.4399071337850713
5209,1.4435153255501678,1.442326546905128,1.4393890928225075
5210,1.4435153255501678,1.442319144010505,1.438937303994735
5211,1.4435153255501678,1.4422891600306986,1.439232268115489
5212,1.4435153255501678,1.4421330128076164,1.4368703388029196
5213,1.4435153255501678,1.4420156592122064,1.4384754369599373
5214,1.4435153255501678,1.4421282232718595,1.43866884685635
5215,1.4435153255501678,1.4419253010767725,1.4394022976624636
5216,1.4435153255501678,1.4417790339835213,1.4353831416644351
5217,1.4435153255501678,1.441764478446868,1.4390289943258527
5218,1.4435153255501678,1.4416632409619903,1.4343087773552745
5219,1.4435153255501678,1.4418093220883068,1.438287224626004
5220,1.4435153255501678,1.441840378943471,1.436177867649539
5221,1.4435153255501678,1.4415698319333439,1.4349962735954775
5222,1.4435153255501678,1.4415802064605439,1.4387583932211625
5223,1.4435153255501678,1.4420664708001814,1.4359491823480934
5224,1.4435153255501678,1.442033630924366,1.4375594158373597
5225,1.4435153255501678,1.4418374421304594,1.4369954636517523
5226,1.4435153255501678,1.4417297240284581,1.436600229839212
5227,1.4435153255501678,1.4419170063822628,1.437213428130759
5228,1.4435153255501678,1.4419670320371725,1.4395831594374304
5229,1.4435153255501678,1.4418983158143783,1.4392944339915568
5230,1.4435153255501678,1.4420951883233222,1.438382414986065
5231,1.4435153255501678,1.4421362058283898,1.4377934366812959
5232,1.4435153255501678,1.4417108459382397,1.433150543807287
5233,1.4435153255501678,1.4414050896207564,1.4352343712864633
5234,1.4435153255501678,1.4410664987760018,1.433813655856757
5235,1.4435153255501678,1.4412766475713201,1.4353427934752223
5236,1.4435153255501678,1.4407717438003778,1.4357793686051998
5237,1.4435153255501678,1.4408215095581878,1.432490397999571
5238,1.4435153255501678,1.440886215418721,1.4339182644656694
5239,1.4435153255501678,1.4415390223611655,1.4368722465273391
5240,1.4435153255501678,1.4417836830015482,1.4370926330584275
5241,1.4435153255501678,1.44192549790407,1.438136318719979
5242,1.4435153255501678,1.4419912002218342,1.436482647634982
5243,1.4435153255501678,1.4419427723179337,1.4381661994629362
5244,1.4435153255501678,1.441982180726843,1.439583507889056
5245,1.4435153255501678,1.4419505450591743,1.4392871099425404
5246,1.4435153255501678,1.4417209852503243,1.4377233486385879
5247,1.4435153255501678,1.4419489691451364,1.4393416913535384
5248,1.4435153255501678,1.442085178656707,1.4387360700058442
5249,1.4435153255501678,1.4420235711803355,1.4392705253210127
5250,1.4435153255501678,1.4418309313415654,1.4373070084257924
5251,1.4435153255501678,1.4416787422865422,1.438116666245684
5252,1.4435153255501678,1.441803176275548,1.4395769160914236
5253,1.4435153255501678,1.4420752589383838,1.4397644070428188
5254,1.4435153255501678,1.4422464613871497,1.4380236178811876
5255,1.4435153255501678,1.4420759150484803,1.439305467795109
5256,1.4435153255501678,1.4422217768937753,1.4367999065323458
5257,1.4435153255501678,1.4422076976883107,1.4380685570268992
5258,1.4435153255501678,1.4419621185051092,1.438821922797111
5259,1.4435153255501678,1.441946772009286,1.4385722256455793
5260,1.4435153255501678,1.4418785600175172,1.4365507580607677
5261,1.4435537473120368,1.4412167138653422,1.4371084838747845
5262,1.4435537473120368,1.4417327908734976,1.437922138171794
5263,1.4435537473120368,1.441939776157912,1.4365354803234207
5264,1.4435537473120368,1.4421107035857827,1.43862469103122
5265,1.4435537473120368,1.4420851898439928,1.4378274596353355
5266,1.4435537473120368,1.4419872986950235,1.438449199244684
5267,1.4435537473120368,1.4421045628551588,1.4390836661841018
5268,1.4435537473120368,1.4421440422752954,1.4384016842299325
5269,1.4435537473120368,1.4421736962148302,1.437059728484252
5270,1.4435537473120368,1.4420613417559207,1.4387398033703815
5271,1.4435537473120368,1.4420055173654283,1.4382218741633812
5272,1.4435537473120368,1.4422748001487502,1.4395384877823088
5273,1.4435537473120368,1.4421284956750842,1.4343087742126697
5274,1.4435537473120368,1.4420520390906255,1.4340901008461178
5275,1.4435537473120368,1.4419140413527254,1.4393285436067231
5276,1.4435537473120368,1.4416816752113073,1.4388254350116136
5277,1.4435537473120368,1.4415151053407331,1.4333695530581139
5278,1.4435537473120368,1.441202408435093,1.4334304507486135
5279,1.4435537473120368,1.44142917869427,1.4351555566921652
5280,1.4435537473120368,1.4409731651490612,1.4337860220553331
5281,1.4435537473120368,1.4404860693997168,1.4244591645974578
5282,1.4435537473120368,1.4397258023084842,1.42783479598821
5283,1.4435537473120368,1.4396240728122052,1.4304152748531367
5284,1.4435537473120368,1.439938932223649,1.4301683461153227
5285,1.4435537473120368,1.4407623368365987,1.4257826817756385
5286,1.4435537473120368,1.4409243203756825,1.4366528278740733
5287,1.4435537473120368,1.4419186432838538,1.4383721139833392
5288,1.4435537473120368,1.4422370771711548,1.438757747444076
5289,1.4435537473120368,1.4420984466672904,1.4371943189004412
5290,1.4435537473120368,1.4421432140274513,1.4370062368998917
5291,1.4435537473120368,1.4418132691049579,1.4373110598497085
5292,1.4435537473120368,1.4421065478903028,1.4393472916693435
5293,1.4435537473120368,1.4421656536868508,1.4394640436127497
5294,1.4435537473120368,1.4424228678442403,1.4389894552259719
5295,1.4435537473120368,1.44227892274863,1.4386294027223268
5296,1.4435537473120368,1.4424346787785078,1.4385770311583532
5297,1.4435537473120368,1.4423413034443728,1.4387467034973438
5298,1.4435537473120368,1.4427385227931269,1.44047450643612
5299,1.4435537473120368,1.4427816117155923,1.4406610948906544
5300,1.44355869681678,1.4428270712822715,1.440475377522286
5301,1.44355869681678,1.4427181375017795,1.4395502245623084
5302,1.44355869681678,1.442709864086489,1.4397172037864763
5303,1.44355869681678,1.4425526668388817,1.4405704091863105
5304,1.44355869681678,1.4422507736549255,1.435627552850226
5305,1.44355869681678,1.442017971265565,1.438153681101018
5306,1.44355869681678,1.4419454697733858,1.4366172942477646
5307,1.44355869681678,1.4420815501889077,1.437597681216796
5308,1.44355869681678,1.4420321795029094,1.4395649850939112
5309,1.44355869681678,1.4417778865228668,1.4360706239523222
5310,1.44355869681678,1.4414929546450292,1.4275159509839628
5311,1.44355869681678,1.4413496131889223,1.4364307188939798
5312,1.44355869681678,1.4414078150418037,1.4364921163407787
5313,1.44355869681678,1.4415083178351638,1.4379868543280556
5314,1.44355869681678,1.4411209032900323,1.4360842114969075
5315,1.44355869681678,1.4412059886221613,1.4364971602975292
5316,1.44355869681678,1.4414010846978567,1.433017192522465
5317,1.44355869681678,1.441602478507823,1.4340825101947605
5318,1.44355869681678,1.4413491676877717,1.4312849986506968
5319,1.44355869681678,1.441462024857894,1.4376170668076704
5320,1.44355869681678,1.4414135831415251,1.4369894708200504
5321,1.44355869681678,1.4415056822550878,1.4378518813847043
5322,1.44355869681678,1.4412884070521808,1.4350730460186563
5323,1.44355869681678,1.4411777897349711,1.4321288982301121
5324,1.44355869681678,1.4409176535533563,1.4345327578895106
5325,1.44355869681678,1.4407157872911263,1.4340374886688707
5326,1.44355869681678,1.4405993588086197,1.433067520922159
5327,1.44355869681678,1.440837079078588,1.4377330817416123
5328,1.44355869681678,1.4409217725853989,1.4320881243153112
5329,1.44355869681678,1.441010139276954,1.43530134854161
5330,1.44355869681678,1.4413716064689106,1.4373433345506035
5331,1.44355869681678,1.4419545378637355,1.4374289031380634
5332,1.44355869681678,1.441872865099228,1.4386425729135905
5333,1.44355869681678,1.4421099400731747,1.4400367526688562
5334,1.44355869681678,1.4419127827061167,1.4383916191966488
5335,1.44355869681678,1.4423081507130777,1.4396370134010847
5336,1.44355869681678,1.4422696952167129,1.4397346220518934
5337,1.44355869681678,1.4422496990517173,1.4377024378966627
5338,1.44355869681678,1.4418004947329885,1.4386376221040633
5339,1.44355869681678,1.4415035452635667,1.4380012398952449
5340,1.44355869681678,1.4412216072813178,1.43296950600245
5341,1.44355869681678,1.4416139371799845,1.4369860147817897
5342,1.44355869681678,1.4417073146160997,1.4376092066774995
5343,1.44355869681678,1.441627026491946,1.4365932410736084
5344,1.44355869681678,1.441241644999107,1.4333293668711342
5345,1.44355869681678,1.4408926337006016,1.4334183297047376
5346,1.44355869681678,1.441306480523427,1.436580560453063
5347,1.44355869681678,1.4416717827188603,1.4380196780074914
5348,1.44355869681678,1.4420439587675458,1.4380998777827063
5349,1.44355869681678,1.4420063671115455,1.4385804324824023
5350,1.44355869681678,1.4420543477291816,1.4402955462086315
5351,1.44355869681678,1.4423280001877656,1.43870865268469
5352,1.44355869681678,1.442232611814361,1.4394561532465229
5353,1.44355869681678,1.4422392999292426,1.439535143050128
5354,1.44355869681678,1.4420770870622517,1.4378508382990094
5355,1.44355869681678,1.4418100547918649,1.4367662111262312
5356,1.44355869681678,1.4417243584815638,1.4389060393077604
5357,1.44355869681678,1.4417052644187012,1.4376152699799543
5358,1.44355869681678,1.4412615245702474,1.4347577297687442
5359,1.44355869681678,1.4408934129102327,1.4347720683225744
5360,1.44355869681678,1.4413896440385785,1.4359130480410864
5361,1.44355869681678,1.4416062474437439,1.4338993711122543
5362,1.44355869681678,1.4417869269419086,1.4371586128052616
5363,1.44355869681678,1.4420750873816963,1.4366633634421642
5364,1.44355869681678,1.4418049229846222,1.4378378504285851
5365,1.44355869681678,1.4416585209911397,1.4388774542400713
5366,1.44355869681678,1.4417502190995497,1.4383117159133758
5367,1.44355869681678,1.4417142408435288,1.438984652491372
5368,1.44355869681678,1.4420715463631384,1.4377275953081223
5369,1.44355869681678,1.4420849759110055,1.4371295441001275
5370,1.44355869681678,1.441650958783207,1.4377600317141654
5371,1.44355869681678,1.441578722401653,1.436082161975554
5372,1.44355869681678,1.4417975171470732,1.4325998849516028
5373,1.44355869681678,1.441740889377659,1.4364353394594795
5374,1.44355869681678,1.4416692388761478,1.434822721575868
5375,1.44355869681678,1.4413970960440483,1.4334652228994187
5376,1.44355869681678,1.441251397798965,1.4380607267581997
5377,1.44355869681678,1.441463857684149,1.435919800270394
5378,1.44355869681678,1.4415106074211284,1.4370929913430681
5379,1.44355869681678,1.44118350924846,1.436074322111545
5380,1.44355869681678,1.441687764552603,1.4376332402442298
5381,1.44355869681678,1.4415900342744912,1.4384184556383064
5382,1.44355869681678,1.4415087281461274,1.4370356159858013
5383,1.44355869681678,1.4417506662821267,1.4296301666751612
5384,1.44355869681678,1.4416611276685665,1.4351255581736102
5385,1.44355869681678,1.4416271446692641,1.4378371298929975
5386,1.44355869681678,1.441350724853853,1.4353854798012975
5387,1.44355869681678,1.4410328426381396,1.4365340585826432
5388,1.44355869681678,1.441088478382975,1.434580238912325
5389,1.44355869681678,1.4409589735890815,1.434596092530415
5390,1.44355869681678,1.4411418974517922,1.4363990637253599
5391,1.44355869681678,1.4410550801841533,1.4363230753935932
5392,1.44355869681678,1.440890040818311,1.4360734752982744
5393,1.44355869681678,1.4408093298113809,1.437294601461915
5394,1.44355869681678,1.441344803837091,1.435517216764438
5395,1.44355869681678,1.4413382146044813,1.4314961288885086
5396,1.44355869681678,1.440670335589582,1.4346905621021304
5397,1.44355869681678,1.4411234794769987,1.4350978713289944
5398,1.44355869681678,1.4409861171384628,1.4379868128577966
5399,1.44355869681678,1.4411337975189429,1.4362684782355444
5400,1.44355869681678,1.44163517611753,1.4377989896883066
5401,1.44355869681678,1.4417257574781623,1.4388399615375338
5402,1.44355869681678,1.4412967201983673,1.4383700361202254
5403,1.44355869681678,1.4413527888481903,1.435874316243759
5404,1.44355869681678,1.4407392963238543,1.4288319327393204
5405,1.44355869681678,1.4408261992684208,1.4363985328751814
5406,1.44355869681678,1.4413362148481534,1.4370773704822337
5407,1.44355869681678,1.4415684524929988,1.4372420503545291
5408,1.44355869681678,1.4412471087565115,1.4344128266401166
5409,1.44355869681678,1.4411171437862322,1.4356749183897874
5410,1.44355869681678,1.441381461365841,1.433176645089348
5411,1.44355869681678,1.4416045600927867,1.4367160288916776
5412,1.44355869681678,1.4413865293254613,1.437379399185741
5413,1.44355869681678,1.4413234333109615,1.436191289033624
5414,1.44355869681678,1.4409969555070816,1.4346700948300184
5415,1.44355869681678,1.440476328335255,1.4256705356095478
5416,1.44355869681678,1.4399469671819642,1.4305565678828347
5417,1.44355869681678,1.4400880741623536,1.4345381320888047
5418,1.44355869681678,1.4403251774520205,1.4300921432758815
5419,1.44355869681678,1.4404000196780316,1.4313216884508388
5420,1.44355869681678,1.4410308738385873,1.434715247295765
5421,1.44355869681678,1.4405858162612586,1.4331597932311082
5422,1.44355869681678,1.440386619981986,1.4313222625601176
5423,1.44355869681678,1.4397689537727314,1.426240725011967
5424,1.44355869681678,1.439864398598442,1.4306272274160485
5425,1.44355869681678,1.4402554403382783,1.4278340948470474
5426,1.44355869681678,1.4396512276099365,1.429766520044173
5427,1.44355869681678,1.4394356253262248,1.4326452630651942
5428,1.44355869681678,1.43983597903732,1.4264134984075665
5429,1.44355869681678,1.4402527908385752,1.4372240741896563
5430,1.44355869681678,1.4407586370315624,1.4351395477573952
5431,1.44355869681678,1.4408019748158558,1.4321099339565841
5432,1.44355869681678,1.4409135493289424,1.4300474836608568
5433,1.44355869681678,1.4406451751338671,1.4302711263596817
5434,1.44355869681678,1.4405492404552678,1.435288189291475
5435,1.44355869681678,1.441411362560848,1.438574871402231
5436,1.44355869681678,1.441512075010471,1.4375312777384646
5437,1.44355869681678,1.4414121954095438,1.4342519709250563
5438,1.44355869681678,1.4415770999348276,1.4375559128093525
5439,1.44355869681678,1.4414312903123863,1.43703938099291
5440,1.44355869681678,1.4415323130106168,1.4374529293914473
5441,1.44355869681678,1.4415337322992294,1.4356819471504183
5442,1.44355869681678,1.4415894062096402,1.4352899057035933
5443,1.44355869681678,1.4415162081834427,1.4305360354502008
5444,1.44355869681678,1.4416074258813163,1.438797729950936
5445,1.44355869681678,1.4416455671764683,1.437327743092887
5446,1.44355869681678,1.4419136717383991,1.437538439129106
5447,1.44355869681678,1.4418524994246338,1.4371260464092754
5448,1.44355869681678,1.4415296731958256,1.4328838004745053
5449,1.44355869681678,1.4407657685829358,1.433382092592908
5450,1.44355869681678,1.4404466774211304,1.4283706605227833
5451,1.44355869681678,1.4399464080162563,1.4225838601610503
5452,1.44355869681678,1.4400408922781036,1.4285776580732912
5453,1.44355869681678,1.4395272772977694,1.4166182782231391
5454,1.44355869681678,1.4400402050925143,1.4286547857990224
5455,1.44355869681678,1.440485618530331,1.4268109725457012
5456,1.44355869681678,1.4405668617423608,1.4330685419683085
5457,1.44355869681678,1.4401505374070624,1.4341510791392547
5458,1.44355869681678,1.440335082000775,1.4343287590903027
5459,1.44355869681678,1.4400751059746506,1.4308471629265738
5460,1.44355869681678,1.4399631404475417,1.428603638376034
5461,1.44355869681678,1.440200996897064,1.4318970726716769
5462,1.44355869681678,1.4406576729607767,1.4347209723408787
5463,1.44355869681678,1.4407054768098981,1.434608881687442
5464,1.44355869681678,1.4408972423033912,1.4367352769323214
5465,1.44355869681678,1.441119548433511,1.4327511815550722
5466,1.44355869681678,1.4411637792230254,1.4357198387117027
5467,1.44355869681678,1.441027465255983,1.4360823334531567
5468,1.44355869681678,1.441319805532223,1.433358226352961
5469,1.44355869681678,1.4413118986750433,1.437071862067883
5470,1.44355869681678,1.4413646546721244,1.432779187432826
5471,1.44355869681678,1.4416479637932205,1.4383599487651708
5472,1.44355869681678,1.4416988666312336,1.4358424036798598
5473,1.44355869681678,1.4414566663861832,1.438257631192244
5474,1.44355869681678,1.4413037943970932,1.4368050156342531
5475,1.44355869681678,1.441297699882627,1.4367724727877478
5476,1.44355869681678,1.4412643702318086,1.431905834585383
5477,1.44355869681678,1.4413233804078116,1.4366104826635588
5478,1.44355869681678,1.4412872865094806,1.4308597296854306
5479,1.44355869681678,1.4412229589895975,1.422336830981785
5480,1.44355869681678,1.4411400347992345,1.437123870106581
5481,1.44355869681678,1.4412322561737014,1.4310372015616475
5482,1.44355869681678,1.4412019681666144,1.4362819004115583
5483,1.44355869681678,1.4410997053760628,1.4359830329610113
5484,1.44355869681678,1.4410707844632595,1.4342153987738708
5485,1.44355869681678,1.440875546467478,1.4332216582480704
5486,1.44355869681678,1.4404947311411507,1.4320988843818092
5487,1.44355869681678,1.4397802749763244,1.406977481369949
5488,1.44355869681678,1.4403380175612213,1.4315592396762686
5489,1.44355869681678,1.4401470895066686,1.4240059793322173
5490,1.44355869681678,1.4392063669104291,1.423941428719456
5491,1.44355869681678,1.4398182678348985,1.43369390728458
5492,1.44355869681678,1.440571657549863,1.4352712446693972
5493,1.44355869681678,1.4408751605988597,1.435110431712767
5494,1.44355869681678,1.4411956625134865,1.4345690304552392
5495,1.44355869681678,1.4416980845949627,1.4369103723429324
5496,1.44355869681678,1.4419379129959808,1.4381309337052217
5497,1.44355869681678,1.4421048709129587,1.4357923061625781
5498,1.44355869681678,1.4420845824113773,1.43790329551548
5499,1.44355869681678,1.4420349297760553,1.4383544839513929
5500,1.44355869681678,1.441806010686404,1.4353995053011088
5501,1.44355869681678,1.4421186060842357,1.4377372933347459
5502,1.44355869681678,1.442005854443637,1.4379372340855405
5503,1.44355869681678,1.4418887993035974,1.4363537820043781
5504,1.44355869681678,1.4414256092060052,1.4334162756198132
5505,1.44355869681678,1.4415308073135185,1.4286732009460081
5506,1.44355869681678,1.4416544033195473,1.4355132397336954
5507,1.44355869681678,1.4411907966622757,1.4334070959225578
5508,1.44355869681678,1.4413385158807572,1.4382778585349474
5509,1.44355869681678,1.441500579675674,1.438391146444691
5510,1.44355869681678,1.4414964215130934,1.436440101939602
5511,1.44355869681678,1.4412266792516135,1.4357334486387914
5512,1.44355869681678,1.4415471781972928,1.4375125860191356
5513,1.44355869681678,1.4417038119494685,1.4378869495766515
5514,1.44355869681678,1.4416097625957764,1.4367170109238576
5515,1.44355869681678,1.4416494880637651,1.4386476343942987
5516,1.44355869681678,1.4415398905150902,1.4330847744573443
5517,1.44355869681678,1.4411529442062394,1.434290624955927
5518,1.44355869681678,1.4404107937539026,1.434218589697609
5519,1.44355869681678,1.4401969593300155,1.4261228818062943
5520,1.44355869681678,1.4401387298230934,1.4270759822327415
5521,1.44355869681678,1.440637457798511,1.4311791366730156
5522,1.44355869681678,1.441056985076144,1.4337590881214741
5523,1.44355869681678,1.4411238533020256,1.431918286588807
5524,1.44355869681678,1.4415514736236228,1.4359246129570602
5525,1.44355869681678,1.4415056084257063,1.437670008183577
5526,1.44355869681678,1.4415575800549107,1.4373783290924638
5527,1.44355869681678,1.4416924140394431,1.4386724245941245
5528,1.44355869681678,1.4416054510728316,1.4346428577306745
5529,1.44355869681678,1.4410597936725988,1.4327735184346
5530,1.44355869681678,1.4413961124813497,1.435615078717951
5531,1.44355869681678,1.441884454629118,1.4385657604770603
5532,1.44355869681678,1.4424122074441226,1.4398717820060514
5533,1.44355869681678,1.4425670616783919,1.4394453179676674
5534,1.44355869681678,1.4422258530367065,1.4396492122672429
5535,1.44355869681678,1.4422937200770607,1.4383044187712668
5536,1.44355869681678,1.4423020924193783,1.4363638607068725
5537,1.44355869681678,1.4417675841896156,1.435576756189494
5538,1.44355869681678,1.4417139841336013,1.4318318093467932
5539,1.44355869681678,1.4417901039360843,1.4375681741891377
5540,1.44355869681678,1.4418576409198138,1.433912055992896
5541,1.44355869681678,1.4419418150638976,1.4381864987336908
5542,1.44355869681678,1.4418362651895256,1.4348120804303788
5543,1.44355869681678,1.4418366580935293,1.4358012305304166
5544,1.44355869681678,1.4419592448445742,1.435100619974985
5545,1.44355869681678,1.4417886368450086,1.4330584123423642
5546,1.44355869681678,1.4417900281118494,1.4341982910352367
5547,1.44355869681678,1.4416818266477913,1.4338501683213125
5548,1.44355869681678,1.441437124536494,1.4249362023319936
5549,1.44355869681678,1.4413470308562029,1.435988959930723
5550,1.44355869681678,1.4416577857606103,1.4368181249180556
5551,1.44355869681678,1.4419376161416082,1.4384273739351408
5552,1.44355869681678,1.4416394737786227,1.437131747775069
5553,1.44355869681678,1.4417933573122916,1.4389902754688804
5554,1.44355869681678,1.4420931218543518,1.4379247854944956
5555,1.44355869681678,1.4419832866047029,1.439021602976527
5556,1.44355869681678,1.4420217834149878,1.4372471320027684
5557,1.44355869681678,1.4420200177281577,1.438879151741614
5558,1.44355869681678,1.4422272085701675,1.4387806063431625
5559,1.44355869681678,1.4415648009119977,1.4362497621423322
5560,1.44355869681678,1.4409332404415667,1.4213159189676814
5561,1.44355869681678,1.4403786396538067,1.4297313428496647
5562,1.44355869681678,1.4406973921657018,1.4333347061653445
5563,1.44355869681678,1.4409656991442825,1.4367978980404612
5564,1.44355869681678,1.440732694172542,1.435836173014374
5565,1.44355869681678,1.440708270745788,1.4369645998105425
5566,1.44355869681678,1.4411367443474143,1.438567183023245
5567,1.44355869681678,1.4414394345834345,1.4390740544702574
5568,1.44355869681678,1.4410136722806286,1.437035838545117
5569,1.44355869681678,1.441255943466743,1.4380118875736614
5570,1.44355869681678,1.44103552064617,1.4313754455359904
5571,1.44355869681678,1.4416189135016761,1.4345870534248308
5572,1.44355869681678,1.441615426047799,1.4373716454041625
5573,1.44355869681678,1.441415656299244,1.4328811847925695
5574,1.44355869681678,1.4412277861521163,1.434801412770873
5575,1.44355869681678,1.4410913160861858,1.436783012312093
5576,1.44355869681678,1.4410886337801951,1.435371195177023
5577,1.44355869681678,1.441028143737718,1.4363886488938056
5578,1.44355869681678,1.4410660952983378,1.4337746466712633
5579,1.44355869681678,1.4411204012520569,1.4352638286167718
5580,1.44355869681678,1.4410882798759395,1.4347968073802666
5581,1.44355869681678,1.4410419606510814,1.4312108876198102
5582,1.44355869681678,1.4409695565115066,1.4262260056858647
5583,1.44355869681678,1.440468045742503,1.4263986611726618
5584,1.44355869681678,1.440331664936656,1.4277499155421993
5585,1.44355869681678,1.4403211098740447,1.4353362609448777
5586,1.44355869681678,1.4404068223819548,1.435705095700938
5587,1.44355869681678,1.440746762976029,1.435479759627923
5588,1.44355869681678,1.4414449102115214,1.4365056382559378
5589,1.44355869681678,1.4416031664394169,1.4359384019688648
5590,1.44355869681678,1.4412322524221808,1.4292552416435633
5591,1.44355869681678,1.4414445414035018,1.4336371734170972
5592,1.44355869681678,1.4418979349684213,1.436658122276574
5593,1.44355869681678,1.4416234929848164,1.4374771684416265
5594,1.44355869681678,1.4418919043885827,1.4383980440086246
5595,1.44355869681678,1.4415699154588142,1.4328104298556794
5596,1.44355869681678,1.4409627046605045,1.4243342450543897
5597,1.44355869681678,1.4404192329331347,1.4300515132550964
5598,1.44355869681678,1.4405110657946014,1.4274824702850453
5599,1.44355869681678,1.4405822625028606,1.4344712951678575
5600,1.44355869681678,1.440812218350862,1.4366694013914978
5601,1.44355869681678,1.441471603740085,1.438444110918749
5602,1.44355869681678,1.441585795942159,1.4389492604003717
5603,1.44355869681678,1.4420252815603956,1.4390990757946522
5604,1.44355869681678,1.4421114770908654,1.4381190285962933
5605,1.44355869681678,1.4419667665276144,1.4384985025630042
5606,1.44355869681678,1.4419372635987355,1.438738033116282
5607,1.44355869681678,1.4419994286718836,1.4389215900405374
5608,1.44355869681678,1.4419924789143688,1.4377418136194955
5609,1.44355869681678,1.4420440920145827,1.4387891416994905
5610,1.44355869681678,1.4415059282680567,1.4350064052233131
5611,1.44355869681678,1.4415054129969045,1.4369129283479354
5612,1.44355869681678,1.4412478503195225,1.4353284092527336
5613,1.44355869681678,1.4409379060597352,1.4344964367311193
5614,1.44355869681678,1.4410366317086656,1.4346440984336313
5615,1.44355869681678,1.4410622126866903,1.4348700119078701
5616,1.44355869681678,1.4414033764139589,1.4385634185651361
5617,1.44355869681678,1.4414528198491872,1.4359391400881658
5618,1.44355869681678,1.4413057103001927,1.4371325975540237
5619,1.44355869681678,1.4411062943794344,1.4369611361329606
5620,1.44355869681678,1.441249235544166,1.4368421731068841
5621,1.44355869681678,1.4411162065232057,1.4382401257750717
5622,1.44355869681678,1.4409921899929716,1.4342121590811323
5623,1.44355869681678,1.4410928019081908,1.4322180261755342
5624,1.44355869681678,1.4412020800336658,1.4370698980475372
5625,1.44355869681678,1.4410953161921152,1.428687449904649
5626,1.44355869681678,1.4415465877474278,1.4368125199203419
5627,1.44355869681678,1.4414217594650451,1.4367387579920115
5628,1.44355869681678,1.4413603426567168,1.435855710135101
5629,1.44355869681678,1.4414077367045324,1.4357327561018751
5630,1.44355869681678,1.4414654142311485,1.437703953349306
5631,1.44355869681678,1.4416971772921647,1.4391711495855721
5632,1.44355869681678,1.4415061056660403,1.4351473433968733
5633,1.44355869681678,1.4414262552248842,1.438600611794003
5634,1.44355869681678,1.4415732366316496,1.438680370149783
5635,1.44355869681678,1.4416295419141678,1.4371410108217244
5636,1.44355869681678,1.441466984936132,1.436982141037236
5637,1.44355869681678,1.4415638556922554,1.4388965919102226
5638,1.44355869681678,1.4417093477281286,1.4368561279035341
5639,1.44355869681678,1.4414089674708277,1.4315513774890365
5640,1.44355869681678,1.4409345471760786,1.4335776813884877
5641,1.44355869681678,1.4413654926792088,1.4372207925220872
5642,1.44355869681678,1.4413304361670531,1.436974601212541
5643,1.44355869681678,1.4413533422340084,1.4381082161593925
5644,1.44355869681678,1.4417225052194735,1.4370298087078222
5645,1.44355869681678,1.4416286498156223,1.4354266664121746
5646,1.44355869681678,1.4411071685165195,1.4351951564354501
5647,1.44355869681678,1.4408554818189578,1.4350545147484652
5648,1.44355869681678,1.4404949519901453,1.4346024616947475
5649,1.44355869681678,1.4403173257144695,1.4348379419946928
5650,1.44355869681678,1.4408302549776628,1.4349141632257265
5651,1.44355869681678,1.441594560116976,1.4368337991621214
5652,1.44355869681678,1.4412399375485985,1.4336848260760897
5653,1.44355869681678,1.441382499158491,1.437193589437922
5654,1.44355869681678,1.4416915019727075,1.4379919723496528
5655,1.44355869681678,1.4418857455893541,1.4388858428683071
5656,1.44355869681678,1.4420971591943013,1.4387302095793846
5657,1.44355869681678,1.442216289130631,1.439437765829346
5658,1.44355869681678,1.4421507355385867,1.437330426390762
5659,1.44355869681678,1.4422352128760485,1.438606305075628
5660,1.44355869681678,1.442314644308757,1.4393509558950093
5661,1.44355869681678,1.4421995560257077,1.438702159464544
5662,1.44355869681678,1.4417520486934219,1.4331349264937583
5663,1.44355869681678,1.4418742399068776,1.4356948541444146
5664,1.44355869681678,1.441796709694808,1.438752291066811
5665,1.44355869681678,1.4419728749189602,1.434085016110021
5666,1.44355869681678,1.4419618159150898,1.4336323422386468
5667,1.44355869681678,1.4416292077900181,1.4379208077726644
5668,1.44355869681678,1.4417758292965943,1.4376859143893856
5669,1.44355869681678,1.4417849589662162,1.43729017139989
5670,1.44355869681678,1.4418483831562323,1.4383913488140951
5671,1.44355869681678,1.4421450159866815,1.4390253981071914
5672,1.44355869681678,1.4421416318614495,1.4280538801396878
5673,1.44355869681678,1.4420152564267215,1.4362016727347866
5674,1.44355869681678,1.4418349450062755,1.435101468905011
5675,1.44355869681678,1.4417181428174666,1.4360889598546938
5676,1.44355869681678,1.441408027583341,1.4371175509983591
5677,1.44355869681678,1.441162090999705,1.4379032763684296
5678,1.44355869681678,1.4411659098722183,1.4360618311900852
5679,1.44355869681678,1.441251944194979,1.4294964821049247
5680,1.44355869681678,1.4413915668861523,1.4316616009455319
5681,1.44355869681678,1.4412344760253584,1.437030838734485
5682,1.44355869681678,1.441326082052444,1.435082735161531
5683,1.44355869681678,1.441850199210821,1.4376186124363526
5684,1.44355869681678,1.441932718309989,1.4382524003524775
5685,1.44355869681678,1.4419531921633302,1.437150552385465
5686,1.44355869681678,1.4416737759870437,1.4274131852225087
5687,1.44355869681678,1.441662760703424,1.4374385600478015
5688,1.44355869681678,1.4418526699028655,1.4377680436619182
5689,1.44355869681678,1.4416559943748701,1.438164113029929
5690,1.44355869681678,1.4415610500837486,1.4346169178262493
5691,1.44355869681678,1.4414025216796542,1.4351862205914365
5692,1.44355869681678,1.4413291374920374,1.435755336454712
5693,1.44355869681678,1.4412806250604169,1.4370775286668476
5694,1.44355869681678,1.4413148740622703,1.435663348773066
5695,1.44355869681678,1.4412038279600583,1.437494998342515
5696,1.44355869681678,1.4412610076129257,1.4326352509899325
5697,1.44355869681678,1.4409525953282256,1.4309333577256207
5698,1.44355869681678,1.44051253763364,1.4295217695718472
5699,1.44355869681678,1.4407820870911652,1.4282514280700405
5700,1.44355869681678,1.4407446057139408,1.4369813660816364
5701,1.44355869681678,1.4411443888891973,1.4355762913344667
5702,1.44355869681678,1.4410356041301065,1.4328542282598962
5703,1.44355869681678,1.4406702947638936,1.429481821819899
5704,1.44355869681678,1.441188331549382,1.4346921397880827
5705,1.44355869681678,1.4414352518466984,1.437370668054676
5706,1.44355869681678,1.441021466695359,1.4366089953678145
5707,1.44355869681678,1.4413140070768586,1.4361275877727708
5708,1.44355869681678,1.4412380081377703,1.4330794067088728
5709,1.44355869681678,1.4404234086782273,1.4333278003177377
5710,1.44355869681678,1.4410086997705682,1.4385663851789237
5711,1.44355869681678,1.441597433306334,1.43881898599092
5712,1.44355869681678,1.4419151399461514,1.4377740100102978
5713,1.44355869681678,1.4420179837526792,1.439132876684963
5714,1.44355869681678,1.4416421198224263,1.4345621136225444
5715,1.44355869681678,1.4415364918681497,1.437928179066485
5716,1.44355869681678,1.4416175451006408,1.4369967866149715
5717,1.44355869681678,1.441543372523731,1.4364757590500292
5718,1.44355869681678,1.4409398252036953,1.434517947987425
5719,1.44355869681678,1.4411460387251733,1.437771370483856
5720,1.44355869681678,1.4410535454843079,1.437165717929099
5721,1.44355869681678,1.4411125433794358,1.437006052613915
5722,1.44355869681678,1.4412424037885203,1.4354216508519642
5723,1.44355869681678,1.4415453570597827,1.4380266768599426
5724,1.44355869681678,1.4414816792622358,1.4367849015430623
5725,1.44355869681678,1.4414790468751035,1.4228574718195957
5726,1.44355869681678,1.4412114234823137,1.4373381586894411
5727,1.44355869681678,1.4416535264399306,1.4362545609462458
5728,1.44355869681678,1.4415585868692133,1.4381657515587905
5729,1.44355869681678,1.441539292151046,1.4363473206453563
5730,1.44355869681678,1.441679984704157,1.4382643752035769
5731,1.44355869681678,1.4415425980096461,1.4367877629561234
5732,1.44355869681678,1.4412861039365246,1.435482322620405
5733,1.44355869681678,1.4415925280719883,1.435580377131278
5734,1.44355869681678,1.4418696132593185,1.436267633351318
5735,1.44355869681678,1.4417838750987957,1.437904488609907
5736,1.44355869681678,1.4417557709445823,1.4359418166180484
5737,1.44355869681678,1.4416889689812435,1.4322272961882652
5738,1.44355869681678,1.4416599304055213,1.4362913051029356
5739,1.44355869681678,1.4417557021335177,1.434418358659163
5740,1.44355869681678,1.4411865833818414,1.4364152060148083
5741,1.44355869681678,1.4415254833883937,1.4352333585289547
5742,1.44355869681678,1.4409610166157625,1.4302005252596035
5743,1.44355869681678,1.440650429477383,1.43356283507483
5744,1.44355869681678,1.4411634826390372,1.4330267271618278
5745,1.44355869681678,1.441313313879674,1.431430397017484
5746,1.44355869681678,1.4413439001682127,1.4376914803135565
5747,1.44355869681678,1.4419689291241746,1.4384985667989398
5748,1.44355869681678,1.4419822913576865,1.4388200447426285
5749,1.44355869681678,1.4419503840218095,1.4389925182658418
5750,1.44355869681678,1.4421946192156452,1.440383208545819
5751,1.44355869681678,1.4421322315693694,1.433399638283269
5752,1.44355869681678,1.4417855986701233,1.4390317531193957
5753,1.44355869681678,1.4418097199763917,1.4386209109971326
5754,1.44355869681678,1.4418673387048326,1.4384017430715716
5755,1.44355869681678,1.441752522598571,1.4387994209639428
5756,1.44355869681678,1.4416140198044163,1.4335017434288162
5757,1.44355869681678,1.4415553557545027,1.4288763600060914
5758,1.44355869681678,1.4417390655075002,1.4375180354851882
5759,1.44355869681678,1.4416244372156048,1.436534101432585
5760,1.44355869681678,1.4415007317197828,1.4297865914500767
5761,1.44355869681678,1.4413650952946342,1.4354604431249707
5762,1.44355869681678,1.4409996841232116,1.4340396930316206
5763,1.44355869681678,1.441292613183427,1.4360103784284006
5764,1.44355869681678,1.441179359319319,1.4359888428609704
5765,1.44355869681678,1.4411167790771484,1.4366140688639883
5766,1.44355869681678,1.4411761405730834,1.4355397358271549
5767,1.44355869681678,1.4411078217089843,1.4370760158120799
5768,1.44355869681678,1.4414219612239598,1.4376517261820447
5769,1.44355869681678,1.441363318520125,1.4377816781744412
5770,1.44355869681678,1.4409535850386386,1.424687202252842
5771,1.44355869681678,1.4406129513157264,1.4362731639752764
5772,1.44355869681678,1.440365903855128,1.4319293376821218
5773,1.44355869681678,1.4403686844240706,1.4359480028638991
5774,1.44355869681678,1.4403531627934698,1.4351840841226053
5775,1.44355869681678,1.440596541144078,1.430425789146566
5776,1.44355869681678,1.4408691648966268,1.4350054054634516
5777,1.44355869681678,1.4412126136611214,1.437580503427928
5778,1.44355869681678,1.4412130205187006,1.4359371815590198
5779,1.44355869681678,1.4410995214686477,1.4361239106474208
5780,1.44355869681678,1.4411314253866108,1.4358370696304485
5781,1.44355869681678,1.4412415632989157,1.4378471204019256
5782,1.44355869681678,1.4411275870897717,1.4363730098764815
5783,1.44355869681678,1.441099478451121,1.4383776671320372
5784,1.44355869681678,1.441255847090423,1.436322119324906
5785,1.44355869681678,1.4414804295309644,1.4372213480065843
5786,1.44355869681678,1.441399350680006,1.436369350337359
5787,1.44355869681678,1.4420507143106664,1.4362898867178986
5788,1.44355869681678,1.4419671240307894,1.4362869642788214
5789,1.44355869681678,1.4416972302137148,1.4384052410590198
5790,1.44355869681678,1.4418924280212422,1.438413574737688
5791,1.44355869681678,1.441861674611574,1.4375362070388555
5792,1.44355869681678,1.4419305695473497,1.4381487542212268
5793,1.44355869681678,1.4422459575266067,1.4385129300419066
5794,1.44355869681678,1.4424285528260052,1.4385850191123266
5795,1.44355869681678,1.4423050194843308,1.4385727741711745
5796,1.44355869681678,1.4425244287595804,1.4401665348423363
5797,1.44355869681678,1.4424351412604717,1.436535083656423
5798,1.44355869681678,1.4424652604944683,1.439172625017843
5799,1.44355869681678,1.4422194461870919,1.4377428028984078
5800,1.44355869681678,1.4421565287224585,1.437343600699312
5801,1.44355869681678,1.4419819389320188,1.437496210236813
5802,1.44355869681678,1.4420824917415325,1.4366121546333583
5803,1.44355869681678,1.4421183756190348,1.4391117312227004
5804,1.44355869681678,1.4419994673870955,1.438110720691571
5805,1.44355869681678,1.44214786972552,1.4398140704355429
5806,1.44355869681678,1.4422602949910157,1.4400304613257426
5807,1.44355869681678,1.442120181943038,1.4381082860847902
5808,1.44355869681678,1.4415249783868092,1.4300177923564277
5809,1.44355869681678,1.4409205078859537,1.432205062922594
5810,1.44355869681678,1.4408895718247081,1.4231613900877167
5811,1.44355869681678,1.4408869542465375,1.429289363729259
5812,1.44355869681678,1.4412202350787353,1.4346664318902849
5813,1.44355869681678,1.4410803143288933,1.4352754681726803
5814,1.44355869681678,1.4412522731198232,1.436821829609646
5815,1.44355869681678,1.4412687500724946,1.4341211995200986
5816,1.44355869681678,1.4412384396755695,1.4336084614638558
5817,1.44355869681678,1.4413096970537154,1.436655185119048
5818,1.44355869681678,1.4416554543823736,1.4349671778821387
5819,1.44355869681678,1.4413745122421082,1.436707118916881
5820,1.44355869681678,1.4416313997473642,1.4363100531871404
5821,1.44355869681678,1.4418335691322042,1.4355010720609191
5822,1.44355869681678,1.4420094155956114,1.4382826009284921
5823,1.44355869681678,1.4420109974033783,1.4352735387443294
5824,1.44355869681678,1.4419195859538434,1.438460415329749
5825,1.44355869681678,1.4419268854045302,1.4380784726094098
5826,1.44355869681678,1.4416388363303798,1.4324760652149402
5827,1.44355869681678,1.4414571493324906,1.436052244587399
5828,1.44355869681678,1.4417068789923368,1.4368617768875729
5829,1.44355869681678,1.4413573417025676,1.4377048532795345
5830,1.44355869681678,1.4415323827143083,1.4336603277353424
5831,1.44355869681678,1.4415243422426014,1.429164350568815
5832,1.44355869681678,1.4415826412639654,1.4351723912397445
5833,1.44355869681678,1.4413932612769715,1.4304003859508798
5834,1.44355869681678,1.4407440228102508,1.4303427915964297
5835,1.44355869681678,1.4412802933216924,1.4338198194318599
5836,1.44355869681678,1.4414100916909087,1.4334042081806926
5837,1.44355869681678,1.4414781931877636,1.4359752736701676
5838,1.44355869681678,1.4410275267745323,1.431580055704769
5839,1.44355869681678,1.440769282753597,1.434786688811685
5840,1.44355869681678,1.4409364280314978,1.434713190206469
5841,1.44355869681678,1.4410721918376077,1.4361311804782897
5842,1.44355869681678,1.440998886414833,1.4349083464956487
5843,1.44355869681678,1.4409938006752412,1.436182482029249
5844,1.44355869681678,1.4410873822803496,1.4379118585826087
5845,1.44355869681678,1.4415756564938391,1.4372375301067926
5846,1.44355869681678,1.441324048908138,1.4367387061615133
5847,1.44355869681678,1.441249188112465,1.4369677285755618
5848,1.44355869681678,1.4411887978804614,1.428164541566882
5849,1.44355869681678,1.4409120676384,1.4351348936798178
5850,1.44355869681678,1.4412463995527964,1.434739487395741
5851,1.44355869681678,1.4411854412654899,1.43643274323347
5852,1.44355869681678,1.4407870623238688,1.435054992783591
5853,1.44355869681678,1.4408593982469702,1.4316898383843897
5854,1.44355869681678,1.4410066921414508,1.4335847239672441
5855,1.44355869681678,1.4413349042936674,1.43662819646334
5856,1.44355869681678,1.441400774349215,1.4372902653040853
5857,1.44355869681678,1.4415919048290164,1.433142650465161
5858,1.44355869681678,1.4414331162794511,1.4378186330417526
5859,1.44355869681678,1.4420146469196626,1.4389445463467316
5860,1.44355869681678,1.4418057419051538,1.4343578791771474
5861,1.44355869681678,1.4416061577276422,1.4351214455434171
5862,1.44355869681678,1.4412243892952084,1.4248439360962897
5863,1.44355869681678,1.4412137323516476,1.4371651540634731
5864,1.44355869681678,1.4408209891577466,1.4343613686890755
5865,1.44355869681678,1.4404779555983769,1.4321989519537666
5866,1.44355869681678,1.440794529242024,1.4347799855060788
5867,1.44355869681678,1.441151193800807,1.4271214389128637
5868,1.44355869681678,1.4400833738625745,1.4266442272149182
5869,1.44355869681678,1.4400859145834408,1.4306072822766198
5870,1.44355869681678,1.4395065446752426,1.4275938736841365
5871,1.44355869681678,1.4396559217981655,1.4280708049040445
5872,1.44355869681678,1.4393927243498632,1.42890046745895
5873,1.44355869681678,1.4390201085416143,1.419718114997048
5874,1.44355869681678,1.439225675343114,1.4266372406635288
5875,1.44355869681678,1.4391051668655228,1.4322888614382054
5876,1.44355869681678,1.439645690163991,1.434503701720133
5877,1.44355869681678,1.4396270372740565,1.4301343947168241
5878,1.44355869681678,1.4395794661788355,1.427009732869517
5879,1.44355869681678,1.439570879011749,1.4308083100097504
5880,1.44355869681678,1.4402236675284614,1.4334187711781925
5881,1.44355869681678,1.44087617930846,1.43487430761396
5882,1.44355869681678,1.4410146928674439,1.4339025723988965
5883,1.44355869681678,1.441510024486213,1.4366315679126112
5884,1.44355869681678,1.4415786207145374,1.435323055911306
5885,1.44355869681678,1.4416023088055891,1.4359065831852222
5886,1.44355869681678,1.4412135145712985,1.4330018358231875
5887,1.44355869681678,1.4408597006571182,1.4351741177192672
5888,1.44355869681678,1.441486579573848,1.4348642773722708
5889,1.44355869681678,1.4417249520665332,1.437932574302004
5890,1.44355869681678,1.4418658153910255,1.4357109677554423
5891,1.44355869681678,1.441135735774399,1.4327510235674954
5892,1.44355869681678,1.4407622126056427,1.4332122978684319
5893,1.44355869681678,1.4409601571591724,1.4314846078611312
5894,1.44355869681678,1.4408034668446654,1.4346440605601214
5895,1.44355869681678,1.440914783942921,1.4351131604670624
5896,1.44355869681678,1.4407861070383639,1.4358227936313925
5897,1.44355869681678,1.441087690822144,1.4351731708836573
5898,1.44355869681678,1.4411017044444945,1.437500528000917
5899,1.44355869681678,1.441230804141905,1.4347663939109394
5900,1.44355869681678,1.440917452321639,1.4223872911469708
5901,1.44355869681678,1.4413456588942166,1.4386647761965248
5902,1.44355869681678,1.4412691644829159,1.4359364014410707
5903,1.44355869681678,1.4412782855330553,1.4388261548611732
5904,1.44355869681678,1.4410961147037478,1.4367828695873348
5905,1.44355869681678,1.4405335666413495,1.430164534481276
5906,1.44355869681678,1.4410630698112135,1.4378782329742055
5907,1.44355869681678,1.441296685882639,1.4379772361116754
5908,1.44355869681678,1.4413711328620251,1.4372647975679054
5909,1.44355869681678,1.4408973866401338,1.4358752300214819
5910,1.44355869681678,1.4411233378806245,1.436560844285127
5911,1.44355869681678,1.4411171282692292,1.4371995985098032
5912,1.44355869681678,1.4410125559348441,1.4355726240759936
5913,1.44355869681678,1.4410012656267202,1.417522334297336
5914,1.44355869681678,1.4413192259842509,1.4366945767730543
5915,1.44355869681678,1.4414417266535045,1.4356222797978258
5916,1.44355869681678,1.4416043574706427,1.4382088693217259
5917,1.44355869681678,1.441516298475679,1.4361296962713195
5918,1.44355869681678,1.4411701496298093,1.4349719622481045
5919,1.44355869681678,1.4413314699945434,1.436634482961106
5920,1.44355869681678,1.4417030499974453,1.436105726424484
5921,1.44355869681678,1.4419294473991797,1.4372357727232603
5922,1.44355869681678,1.4419505755457729,1.4397301837762968
5923,1.44355869681678,1.4421670595095955,1.438970990882394
5924,1.44355869681678,1.4421575009841987,1.437353845962721
5925,1.44355869681678,1.442387781404602,1.438530464690413
5926,1.44355869681678,1.442226063317871,1.4394532759617638
5927,1.44355869681678,1.442132006929492,1.4378694279510633
5928,1.44355869681678,1.4420936642525326,1.4382755003163428
5929,1.44355869681678,1.441877693180119,1.4370864439864068
5930,1.44355869681678,1.442065583253055,1.4381610551593051
5931,1.44355869681678,1.4422105239761132,1.4395292149326562
5932,1.44355869681678,1.4415176591511338,1.4281437727340858
5933,1.44355869681678,1.441732398734066,1.4360388955251215
5934,1.44355869681678,1.4417127134936945,1.4361715299428937
5935,1.44355869681678,1.4415670748130376,1.4265382814210648
5936,1.44355869681678,1.441388133338271,1.429092398613161
5937,1.44355869681678,1.441001478655825,1.4329943699933718
5938,1.44355869681678,1.4415795171375918,1.4375042456336447
5939,1.44355869681678,1.4415230389533153,1.4363343291265047
5940,1.44355869681678,1.441295908201009,1.4344482395657456
5941,1.44355869681678,1.4414404503211307,1.4361115158871565
5942,1.44355869681678,1.4415745479079696,1.4368621411617122
5943,1.44355869681678,1.4415345201582779,1.4378838774436373
5944,1.44355869681678,1.4413607133914639,1.4336399962261621
5945,1.44355869681678,1.4411766501995313,1.4362381551164962
5946,1.44355869681678,1.4412444633777057,1.4352396631831768
5947,1.44355869681678,1.4411136923512995,1.4316556451065576
5948,1.44355869681678,1.4406546853418911,1.4270591179453722
5949,1.44355869681678,1.4402361084654944,1.432908416498039
5950,1.44355869681678,1.4406321903995072,1.4321296911195451
5951,1.44355869681678,1.4400397103296925,1.421935207736737
5952,1.44355869681678,1.4402090525987246,1.4332464672861605
5953,1.44355869681678,1.4409699306649946,1.432029094001138
5954,1.44355869681678,1.4409481309704595,1.4367144091227935
5955,1.44355869681678,1.4407498932934328,1.434963033026434
5956,1.44355869681678,1.4415688895073606,1.4388511152598893
5957,1.44355869681678,1.4417808121188318,1.4395484754365349
5958,1.44355869681678,1.4421424991122351,1.439682254103308
5959,1.44355869681678,1.4420773804902358,1.4368605117778608
5960,1.44355869681678,1.4419096070162711,1.4393403989694997
5961,1.44355869681678,1.4422716813343908,1.43969322739213
5962,1.44355869681678,1.442371626352854,1.4404013162481708
5963,1.44355869681678,1.4422983720651246,1.4382738873070577
5964,1.44355869681678,1.4421976658100826,1.4350815895573488
5965,1.44355869681678,1.4423105615835052,1.4391142387779547
5966,1.44355869681678,1.4421083481740156,1.439059680383172
5967,1.44355869681678,1.4421026680481466,1.4391232439144814
5968,1.44355869681678,1.4418123559982987,1.436565742949904
5969,1.44355869681678,1.4419527254105131,1.4391873025642354
5970,1.44355869681678,1.4420892850909128,1.438732342458829
5971,1.44355869681678,1.4421927878117498,1.4380642560611374
5972,1.44355869681678,1.442006695866674,1.434361791252151
5973,1.44355869681678,1.442020966198419,1.437594280679654
5974,1.44355869681678,1.4420795232615837,1.4391700427105185
5975,1.44355869681678,1.4421547699987423,1.4368589657513937
5976,1.44355869681678,1.442140049073615,1.4368304672205092
5977,1.44355869681678,1.4419503844552555,1.4359402688041172
5978,1.44355869681678,1.4415384197738683,1.436147385435623
5979,1.44355869681678,1.4414316385054462,1.4336957739309544
5980,1.44355869681678,1.4413117230440724,1.4377678666730882
5981,1.44355869681678,1.441610809847941,1.4370966190001906
5982,1.44355869681678,1.4414384975622423,1.4343066319178337
5983,1.44355869681678,1.4411521025919185,1.4318926704690593
5984,1.44355869681678,1.4409967875564984,1.4374279394070553
5985,1.44355869681678,1.440598593333781,1.4277014384315523
5986,1.44355869681678,1.4406802307406898,1.4339682017298403
5987,1.44355869681678,1.441291428383383,1.4360903550886193
5988,1.44355869681678,1.4413876176621832,1.4380688034328848
5989,1.44355869681678,1.4418182769240702,1.4392015214584548
5990,1.44355869681678,1.441995464307106,1.439982594380833
5991,1.44355869681678,1.4422284587401228,1.4375469392311184
5992,1.44355869681678,1.4419729301846416,1.4366969666639924
5993,1.44355869681678,1.4420534344844795,1.4363373607876602
5994,1.44355869681678,1.4417109839329116,1.435245765010817
5995,1.44355869681678,1.4414899628264126,1.4350211446708023
5996,1.44355869681678,1.4414123730433062,1.434281299089108
5997,1.44355869681678,1.4411491853505192,1.437201231846675
5998,1.44355869681678,1.4413316598515615,1.438084789746874
5999,1.44355869681678,1.4415876427868788,1.4368168681220026
6000,1.44355869681678,1.4413248296874985,1.434133720457442
